li,hi,lj,hj,cosine,wavelet,energy_profile,pearson,emd
0,0,0,0,1.0000,1.0000,1.0000,1.0000,0.0000
0,0,0,1,0.2942,0.4047,0.7805,0.1704,0.0875
0,0,0,2,0.9324,0.9455,0.9738,0.9121,0.0123
0,0,0,3,0.3508,0.4458,0.8032,0.2237,0.0698
0,0,0,4,0.6292,0.6351,0.8935,0.5270,0.0304
0,0,0,5,0.3811,0.4454,0.7840,0.2620,0.0687
0,0,0,6,0.9044,0.9344,0.9985,0.8709,0.0084
0,0,0,7,0.8142,0.8357,0.9708,0.7523,0.0136
0,0,0,8,0.7951,0.8883,0.9545,0.7321,0.0130
0,0,0,9,0.9347,0.9379,0.9787,0.9131,0.0150
0,0,0,10,0.9058,0.9068,0.9773,0.8733,0.0091
0,0,0,11,0.9328,0.9405,0.9936,0.9092,0.0110
0,0,1,0,0.8142,0.8147,0.9024,0.7607,0.0164
0,0,1,1,0.9107,0.8931,0.9209,0.8846,0.0114
0,0,1,2,0.8964,0.8900,0.9214,0.8645,0.0123
0,0,1,3,0.8995,0.8924,0.9897,0.8677,0.0213
0,0,1,4,0.9115,0.8982,0.9365,0.8892,0.0270
0,0,1,5,0.8872,0.8727,0.8924,0.8609,0.0296
0,0,1,6,0.8523,0.8720,0.9068,0.8166,0.0316
0,0,1,7,0.9307,0.9152,0.9478,0.9119,0.0216
0,0,1,8,0.8698,0.8554,0.8747,0.8409,0.0344
0,0,1,9,0.8502,0.8306,0.8437,0.8217,0.0442
0,0,1,10,0.5855,0.7738,0.9630,0.4455,0.0134
0,0,1,11,0.4924,0.4948,0.8061,0.3844,0.0579
0,0,2,0,0.8789,0.9107,0.9624,0.8405,0.0138
0,0,2,1,0.8514,0.8335,0.8713,0.8270,0.0537
0,0,2,2,0.6297,0.6956,0.8649,0.5386,0.0404
0,0,2,3,0.8155,0.8168,0.8780,0.7635,0.0192
0,0,2,4,0.8227,0.8436,0.8457,0.7804,0.0362
0,0,2,5,0.8333,0.8364,0.9374,0.7824,0.0148
0,0,2,6,0.8255,0.8051,0.8362,0.7953,0.0542
0,0,2,7,0.8819,0.8874,0.9887,0.8397,0.0110
0,0,2,8,0.7765,0.8376,0.9278,0.7159,0.0244
0,0,2,9,0.7494,0.8133,0.9723,0.6724,0.0157
0,0,2,10,0.9442,0.9279,0.9779,0.9256,0.0096
0,0,2,11,0.8525,0.8202,0.8627,0.8265,0.0506
0,0,3,0,0.7628,0.7174,0.7980,0.7382,0.0845
0,0,3,1,0.8404,0.8234,0.8411,0.8114,0.0489
0,0,3,2,0.6585,0.7154,0.8799,0.5696,0.0331
0,0,3,3,0.7780,0.8077,0.8323,0.7357,0.0552
0,0,3,4,0.7685,0.7218,0.8033,0.7443,0.0842
0,0,3,5,0.8740,0.8801,0.9317,0.8463,0.0348
0,0,3,6,0.8324,0.8730,0.9910,0.7759,0.0092
0,0,3,7,0.7836,0.7790,0.9088,0.7252,0.0239
0,0,3,8,0.7245,0.7654,0.8390,0.6577,0.0396
0,0,3,9,0.7976,0.8270,0.8469,0.7517,0.0446
0,0,3,10,0.8372,0.8073,0.8381,0.8075,0.0492
0,0,3,11,0.8317,0.8536,0.9103,0.7852,0.0265
0,0,4,0,0.7862,0.8063,0.8331,0.7385,0.0412
0,0,4,1,0.8167,0.8254,0.8532,0.7783,0.0441
0,0,4,2,0.7924,0.7540,0.8237,0.7658,0.0729
0,0,4,3,0.8258,0.8669,0.9652,0.7776,0.0291
0,0,4,4,0.8179,0.8006,0.8410,0.7914,0.0628
0,0,4,5,0.8327,0.8252,0.8414,0.8036,0.0525
0,0,4,6,0.9067,0.9055,0.9339,0.8825,0.0207
0,0,4,7,0.6651,0.6877,0.9038,0.5765,0.0373
0,0,4,8,0.8193,0.7885,0.8301,0.7932,0.0634
0,0,4,9,0.8636,0.8667,0.9064,0.8314,0.0332
0,0,4,10,0.7754,0.7381,0.8175,0.7492,0.0796
0,0,4,11,0.4370,0.5287,0.7573,0.3460,0.0885
0,0,5,0,0.7637,0.7138,0.7968,0.7392,0.0851
0,0,5,1,0.7528,0.6979,0.7905,0.7296,0.0885
0,0,5,2,0.8236,0.8567,0.8850,0.7836,0.0390
0,0,5,3,0.9077,0.9159,0.9470,0.8833,0.0211
0,0,5,4,0.8846,0.8678,0.9085,0.8563,0.0274
0,0,5,5,0.7664,0.7238,0.8005,0.7418,0.0838
0,0,5,6,0.7845,0.7508,0.8088,0.7571,0.0727
0,0,5,7,0.7947,0.8145,0.8351,0.7574,0.0521
0,0,5,8,0.8019,0.7737,0.8258,0.7761,0.0695
0,0,5,9,0.7841,0.7402,0.8140,0.7587,0.0779
0,0,5,10,0.8565,0.8627,0.9030,0.8256,0.0418
0,0,5,11,0.7956,0.7804,0.8209,0.7635,0.0627
0,0,6,0,0.8836,0.8930,0.9470,0.8545,0.0289
0,0,6,1,0.8016,0.7904,0.8405,0.7751,0.0680
0,0,6,2,0.8154,0.7804,0.8331,0.7910,0.0678
0,0,6,3,0.8550,0.8408,0.8655,0.8301,0.0472
0,0,6,4,0.8689,0.8730,0.9291,0.8376,0.0327
0,0,6,5,0.8355,0.8065,0.8473,0.8079,0.0544
0,0,6,6,0.7932,0.7585,0.8185,0.7664,0.0718
0,0,6,7,0.9198,0.9219,0.9503,0.8979,0.0188
0,0,6,8,0.8364,0.8471,0.8999,0.8000,0.0413
0,0,6,9,0.7543,0.7006,0.7924,0.7308,0.0884
0,0,6,10,0.7675,0.7183,0.7979,0.7432,0.0849
0,0,6,11,0.8513,0.8326,0.8666,0.8233,0.0455
0,0,7,0,0.7975,0.8016,0.8549,0.7608,0.0556
0,0,7,1,0.7879,0.7604,0.8173,0.7609,0.0710
0,0,7,2,0.7538,0.6997,0.7917,0.7304,0.0885
0,0,7,3,0.8915,0.8957,0.9282,0.8672,0.0341
0,0,7,4,0.8443,0.8305,0.8356,0.8200,0.0522
0,0,7,5,0.8319,0.8104,0.8499,0.8043,0.0558
0,0,7,6,0.7947,0.7657,0.8313,0.7665,0.0690
0,0,7,7,0.7762,0.7410,0.8086,0.7516,0.0811
0,0,7,8,0.8753,0.8863,0.9040,0.8505,0.0407
0,0,7,9,0.8426,0.8265,0.8677,0.8180,0.0560
0,0,7,10,0.7675,0.7251,0.7987,0.7437,0.0845
0,0,7,11,0.7658,0.7165,0.8003,0.7416,0.0854
0,0,8,0,0.7916,0.7538,0.8233,0.7646,0.0728
0,0,8,1,0.7676,0.7268,0.7982,0.7438,0.0843
0,0,8,2,0.8521,0.8352,0.8654,0.8259,0.0479
0,0,8,3,0.8086,0.7915,0.8471,0.7834,0.0678
0,0,8,4,0.8316,0.8208,0.8412,0.8045,0.0531
0,0,8,5,0.9127,0.9087,0.9337,0.8914,0.0232
0,0,8,6,0.7833,0.7573,0.8233,0.7555,0.0728
0,0,8,7,0.7501,0.7965,0.8377,0.7015,0.0530
0,0,8,8,0.8786,0.8911,0.9028,0.8511,0.0302
0,0,8,9,0.8601,0.8615,0.9010,0.8319,0.0417
0,0,8,10,0.8432,0.8330,0.8789,0.8160,0.0516
0,0,8,11,0.7994,0.7747,0.8491,0.7732,0.0703
0,0,9,0,0.8321,0.8587,0.9128,0.8045,0.0568
0,0,9,1,0.7621,0.7127,0.7955,0.7379,0.0857
0,0,9,2,0.8466,0.8665,0.9007,0.8202,0.0505
0,0,9,3,0.8489,0.8588,0.8867,0.8156,0.0394
0,0,9,4,0.7737,0.7408,0.8135,0.7481,0.0790
0,0,9,5,0.8126,0.7894,0.8546,0.7870,0.0680
0,0,9,6,0.7656,0.7187,0.8033,0.7417,0.0855
0,0,9,7,0.8338,0.8173,0.8580,0.8095,0.0592
0,0,9,8,0.8009,0.7826,0.8624,0.7735,0.0669
0,0,9,9,0.7593,0.7084,0.7965,0.7356,0.0875
0,0,9,10,0.8519,0.8337,0.8356,0.8264,0.0449
0,0,9,11,0.7583,0.7060,0.7954,0.7346,0.0880
0,0,10,0,0.8273,0.8242,0.8835,0.8011,0.0581
0,0,10,1,0.7702,0.7298,0.8044,0.7462,0.0840
0,0,10,2,0.7674,0.7185,0.8033,0.7436,0.0857
0,0,10,3,0.7891,0.7622,0.8275,0.7624,0.0735
0,0,10,4,0.7915,0.7565,0.8324,0.7647,0.0725
0,0,10,5,0.8133,0.8166,0.8243,0.7830,0.0530
0,0,10,6,0.7750,0.7340,0.8169,0.7501,0.0807
0,0,10,7,0.8142,0.8040,0.8610,0.7882,0.0649
0,0,10,8,0.7598,0.7113,0.7988,0.7353,0.0866
0,0,10,9,0.8465,0.8490,0.8698,0.8187,0.0453
0,0,10,10,0.7648,0.7160,0.8017,0.7405,0.0854
0,0,10,11,0.7897,0.7759,0.8254,0.7603,0.0664
0,0,11,0,0.9283,0.9490,0.9917,0.9026,0.0114
0,0,11,1,0.7922,0.7550,0.8219,0.7664,0.0753
0,0,11,2,0.7812,0.7433,0.8194,0.7555,0.0783
0,0,11,3,0.8582,0.8664,0.9110,0.8285,0.0397
0,0,11,4,0.8142,0.7882,0.8502,0.7867,0.0640
0,0,11,5,0.7833,0.7502,0.8253,0.7566,0.0756
0,0,11,6,0.7714,0.7241,0.8058,0.7469,0.0838
0,0,11,7,0.8053,0.7794,0.8341,0.7789,0.0678
0,0,11,8,0.5222,0.7301,0.8816,0.3896,0.0285
0,0,11,9,0.7665,0.7187,0.8014,0.7422,0.0853
0,0,11,10,0.8509,0.8637,0.8982,0.8197,0.0413
0,0,11,11,0.8733,0.8733,0.8962,0.8472,0.0369
0,1,0,0,0.2942,0.4047,0.7805,0.1704,0.0875
0,1,0,1,1.0000,1.0000,1.0000,1.0000,0.0000
0,1,0,2,0.2597,0.3610,0.8962,0.1375,0.0778
0,1,0,3,0.9717,0.9843,0.9989,0.9689,0.0190
0,1,0,4,0.7438,0.7870,0.9754,0.7125,0.0652
0,1,0,5,0.9528,0.9792,0.9997,0.9479,0.0198
0,1,0,6,0.3313,0.4676,0.7589,0.2132,0.0914
0,1,0,7,0.4706,0.5701,0.8868,0.3859,0.0917
0,1,0,8,0.4566,0.4759,0.9249,0.3724,0.0771
0,1,0,9,0.3010,0.3874,0.8824,0.1812,0.0870
0,1,0,10,0.5455,0.6468,0.8804,0.4758,0.0895
0,1,0,11,0.4210,0.5059,0.8366,0.3228,0.0912
0,1,1,0,0.2923,0.4783,0.9589,0.1810,0.0748
0,1,1,1,0.3137,0.4061,0.9447,0.2037,0.0779
0,1,1,2,0.3748,0.4564,0.9472,0.2743,0.0836
0,1,1,3,0.3714,0.4518,0.8528,0.2687,0.0741
0,1,1,4,0.2728,0.3573,0.9245,0.1615,0.0626
0,1,1,5,0.3426,0.4612,0.9635,0.2469,0.0592
0,1,1,6,0.2556,0.4016,0.9519,0.1465,0.0575
0,1,1,7,0.2430,0.3132,0.9254,0.1225,0.0693
0,1,1,8,0.2366,0.2987,0.9670,0.1270,0.0534
0,1,1,9,0.1878,0.2525,0.9742,0.0781,0.0433
0,1,1,10,0.6371,0.6724,0.8985,0.5873,0.0935
0,1,1,11,0.9220,0.9530,0.9985,0.9142,0.0344
0,1,2,0,0.2836,0.4565,0.9153,0.1637,0.0824
0,1,2,1,0.1770,0.2393,0.9580,0.0705,0.0338
0,1,2,2,0.2789,0.5612,0.9836,0.1781,0.0552
0,1,2,3,0.2505,0.4855,0.9714,0.1332,0.0723
0,1,2,4,0.2076,0.3531,0.9828,0.0928,0.0610
0,1,2,5,0.3281,0.5113,0.9180,0.2197,0.0795
0,1,2,6,0.2215,0.2606,0.9731,0.1214,0.0359
0,1,2,7,0.5560,0.6274,0.8132,0.4882,0.0964
0,1,2,8,0.2618,0.3922,0.9461,0.1497,0.0670
0,1,2,9,0.3184,0.5404,0.8980,0.2081,0.0752
0,1,2,10,0.3872,0.4862,0.8600,0.2850,0.0879
0,1,2,11,0.2064,0.2744,0.9621,0.1015,0.0369
0,1,3,0,0.1299,0.1819,0.9659,0.0384,0.0030
0,1,3,1,0.2027,0.2765,0.9725,0.0974,0.0415
0,1,3,2,0.2779,0.5672,0.9738,0.1728,0.0623
0,1,3,3,0.1797,0.3818,0.9837,0.0738,0.0428
0,1,3,4,0.1094,0.1531,0.9642,0.0148,0.0033
0,1,3,5,0.2019,0.2739,0.9196,0.0869,0.0533
0,1,3,6,0.4172,0.5418,0.8501,0.3208,0.0893
0,1,3,7,0.2811,0.5263,0.9652,0.1724,0.0683
0,1,3,8,0.3043,0.5072,0.9864,0.2064,0.0586
0,1,3,9,0.2061,0.3444,0.9915,0.0948,0.0555
0,1,3,10,0.2723,0.3392,0.9713,0.1767,0.0383
0,1,3,11,0.2843,0.5012,0.9662,0.1738,0.0707
0,1,4,0,0.2031,0.3583,0.9907,0.0927,0.0502
0,1,4,1,0.1950,0.4335,0.9807,0.0849,0.0487
0,1,4,2,0.1378,0.1842,0.9661,0.0389,0.0146
0,1,4,3,0.2608,0.4364,0.8602,0.1462,0.0697
0,1,4,4,0.1767,0.2695,0.9634,0.0767,0.0247
0,1,4,5,0.1829,0.3026,0.9669,0.0770,0.0369
0,1,4,6,0.2094,0.3194,0.9274,0.0865,0.0668
0,1,4,7,0.8016,0.8191,0.9643,0.7794,0.0613
0,1,4,8,0.1614,0.2264,0.9682,0.0595,0.0241
0,1,4,9,0.1902,0.3328,0.9570,0.0713,0.0588
0,1,4,10,0.1342,0.1895,0.9598,0.0392,0.0079
0,1,4,11,0.0942,0.5393,0.9988,0.0023,0.0010
0,1,5,0,0.1187,0.1596,0.9664,0.0260,0.0026
0,1,5,1,0.0991,0.1390,0.9654,0.0076,0.0010
0,1,5,2,0.1601,0.3593,0.9717,0.0407,0.0572
0,1,5,3,0.2452,0.3208,0.9266,0.1276,0.0698
0,1,5,4,0.2397,0.4042,0.9455,0.1256,0.0638
0,1,5,5,0.1199,0.1710,0.9643,0.0266,0.0037
0,1,5,6,0.1353,0.2118,0.9705,0.0373,0.0148
0,1,5,7,0.1875,0.3256,0.9742,0.0835,0.0367
0,1,5,8,0.1393,0.2002,0.9662,0.0393,0.0180
0,1,5,9,0.1179,0.1700,0.9649,0.0199,0.0096
0,1,5,10,0.2521,0.3816,0.9510,0.1468,0.0533
0,1,5,11,0.2551,0.3406,0.9734,0.1645,0.0274
0,1,6,0,0.1969,0.2981,0.9264,0.0750,0.0655
0,1,6,1,0.1344,0.2095,0.9600,0.0332,0.0195
0,1,6,2,0.1457,0.1977,0.9635,0.0447,0.0197
0,1,6,3,0.1588,0.2320,0.9690,0.0480,0.0403
0,1,6,4,0.2931,0.3786,0.9377,0.1897,0.0554
0,1,6,5,0.1993,0.2712,0.9659,0.0964,0.0331
0,1,6,6,0.1875,0.2559,0.9642,0.0942,0.0157
0,1,6,7,0.2619,0.4056,0.8986,0.1451,0.0703
0,1,6,8,0.1694,0.3386,0.9523,0.0516,0.0540
0,1,6,9,0.1009,0.1414,0.9651,0.0091,0.0009
0,1,6,10,0.1147,0.1593,0.9664,0.0210,0.0029
0,1,6,11,0.2146,0.3086,0.9607,0.1088,0.0420
0,1,7,0,0.1587,0.2829,0.9721,0.0508,0.0392
0,1,7,1,0.1506,0.2154,0.9664,0.0539,0.0165
0,1,7,2,0.1008,0.1418,0.9652,0.0092,0.0010
0,1,7,3,0.2253,0.3217,0.9350,0.1120,0.0550
0,1,7,4,0.1471,0.3095,0.9788,0.0387,0.0384
0,1,7,5,0.1830,0.2347,0.9651,0.0790,0.0323
0,1,7,6,0.1507,0.2063,0.9655,0.0513,0.0185
0,1,7,7,0.1227,0.1737,0.9667,0.0278,0.0064
0,1,7,8,0.1978,0.3121,0.9567,0.0858,0.0481
0,1,7,9,0.1606,0.2561,0.9520,0.0540,0.0315
0,1,7,10,0.1105,0.1678,0.9655,0.0167,0.0030
0,1,7,11,0.1099,0.1543,0.9662,0.0161,0.0026
0,1,8,0,0.1519,0.1974,0.9645,0.0546,0.0147
0,1,8,1,0.1137,0.1686,0.9669,0.0203,0.0031
0,1,8,2,0.1799,0.2369,0.9737,0.0713,0.0396
0,1,8,3,0.1434,0.2015,0.9630,0.0429,0.0197
0,1,8,4,0.1718,0.2757,0.9700,0.0670,0.0362
0,1,8,5,0.2306,0.3226,0.9272,0.1135,0.0672
0,1,8,6,0.1417,0.1927,0.9655,0.0442,0.0147
0,1,8,7,0.2087,0.3435,0.9876,0.1072,0.0395
0,1,8,8,0.2425,0.3509,0.9504,0.1325,0.0573
0,1,8,9,0.2225,0.3014,0.9401,0.1150,0.0458
0,1,8,10,0.2212,0.2920,0.9486,0.1197,0.0359
0,1,8,11,0.1271,0.1833,0.9492,0.0259,0.0172
0,1,9,0,0.1570,0.2288,0.8935,0.0495,0.0388
0,1,9,1,0.1121,0.1543,0.9663,0.0192,0.0018
0,1,9,2,0.1694,0.2962,0.9198,0.0607,0.0420
0,1,9,3,0.2128,0.3534,0.9652,0.1011,0.0537
0,1,9,4,0.1320,0.1747,0.9607,0.0375,0.0085
0,1,9,5,0.1594,0.2283,0.9473,0.0595,0.0195
0,1,9,6,0.1073,0.1526,0.9624,0.0136,0.0022
0,1,9,7,0.1441,0.2216,0.9543,0.0382,0.0283
0,1,9,8,0.1292,0.1916,0.9371,0.0266,0.0206
0,1,9,9,0.1048,0.1484,0.9642,0.0123,0.0008
0,1,9,10,0.2170,0.3180,0.9788,0.1142,0.0453
0,1,9,11,0.1022,0.1435,0.9650,0.0096,0.0010
0,1,10,0,0.1438,0.2009,0.9255,0.0375,0.0299
0,1,10,1,0.1105,0.1583,0.9665,0.0159,0.0035
0,1,10,2,0.1081,0.1519,0.9639,0.0142,0.0026
0,1,10,3,0.1468,0.1998,0.9642,0.0497,0.0140
0,1,10,4,0.1336,0.1777,0.9556,0.0344,0.0150
0,1,10,5,0.1839,0.2938,0.9835,0.0820,0.0379
0,1,10,6,0.1155,0.1602,0.9579,0.0198,0.0068
0,1,10,7,0.1574,0.2225,0.9395,0.0564,0.0226
0,1,10,8,0.1078,0.1519,0.9649,0.0147,0.0014
0,1,10,9,0.2215,0.3302,0.9658,0.1183,0.0449
0,1,10,10,0.1100,0.1519,0.9641,0.0163,0.0024
0,1,10,11,0.1537,0.2147,0.9679,0.0546,0.0211
0,1,11,0,0.4642,0.5097,0.7013,0.3738,0.0986
0,1,11,1,0.1337,0.1824,0.9650,0.0353,0.0125
0,1,11,2,0.1251,0.1703,0.9644,0.0282,0.0092
0,1,11,3,0.2032,0.2610,0.9358,0.0915,0.0498
0,1,11,4,0.1663,0.2267,0.9648,0.0648,0.0235
0,1,11,5,0.1372,0.1842,0.9600,0.0402,0.0119
0,1,11,6,0.1148,0.1594,0.9650,0.0201,0.0042
0,1,11,7,0.1522,0.2101,0.9660,0.0524,0.0197
0,1,11,8,0.6496,0.6886,0.9749,0.6026,0.0674
0,1,11,9,0.1113,0.1562,0.9660,0.0173,0.0028
0,1,11,10,0.2577,0.3150,0.9497,0.1547,0.0491
0,1,11,11,0.2125,0.3109,0.9453,0.1016,0.0512
0,2,0,0,0.9324,0.9455,0.9738,0.9121,0.0123
0,2,0,1,0.2597,0.3610,0.8962,0.1375,0.0778
0,2,0,2,1.0000,1.0000,1.0000,1.0000,0.0000
0,2,0,3,0.3105,0.3962,0.9115,0.1836,0.0598
0,2,0,4,0.5855,0.5687,0.9677,0.4788,0.0236
0,2,0,5,0.3400,0.4039,0.8975,0.2201,0.0588
0,2,0,6,0.8259,0.8537,0.9668,0.7712,0.0157
0,2,0,7,0.8336,0.8392,0.9972,0.7831,0.0215
0,2,0,8,0.8173,0.8909,0.9967,0.7652,0.0125
0,2,0,9,0.9764,0.9807,0.9989,0.9697,0.0118
0,2,0,10,0.9262,0.9204,0.9932,0.9039,0.0130
0,2,0,11,0.9601,0.9628,0.9889,0.9488,0.0139
0,2,1,0,0.8429,0.8404,0.9761,0.8002,0.0119
0,2,1,1,0.9621,0.9617,0.9845,0.9515,0.0088
0,2,1,2,0.9511,0.9514,0.9837,0.9370,0.0113
0,2,1,3,0.9373,0.9143,0.9944,0.9189,0.0181
0,2,1,4,0.9645,0.9660,0.9897,0.9559,0.0178
0,2,1,5,0.9530,0.9471,0.9709,0.9429,0.0199
0,2,1,6,0.8833,0.8882,0.9774,0.8558,0.0227
0,2,1,7,0.9772,0.9808,0.9951,0.9712,0.0117
0,2,1,8,0.9554,0.9536,0.9615,0.9470,0.0244
0,2,1,9,0.9438,0.9370,0.9431,0.9358,0.0345
0,2,1,10,0.4683,0.7243,0.9809,0.3038,0.0218
0,2,1,11,0.4736,0.4558,0.9138,0.3678,0.0474
0,2,2,0,0.9066,0.9067,0.9955,0.8792,0.0159
0,2,2,1,0.9219,0.9200,0.9571,0.9113,0.0439
0,2,2,2,0.6408,0.6831,0.9554,0.5576,0.0320
0,2,2,3,0.8791,0.8593,0.9631,0.8469,0.0131
0,2,2,4,0.8926,0.9129,0.9444,0.8684,0.0286
0,2,2,5,0.8332,0.8483,0.9891,0.7857,0.0182
0,2,2,6,0.9178,0.9115,0.9377,0.9066,0.0442
0,2,2,7,0.8677,0.8716,0.9837,0.8261,0.0199
0,2,2,8,0.7711,0.8406,0.9882,0.7123,0.0192
0,2,2,9,0.6441,0.7429,0.9993,0.5428,0.0150
0,2,2,10,0.9528,0.9528,0.9944,0.9388,0.0114
0,2,2,11,0.9296,0.9163,0.9530,0.9195,0.0409
0,2,3,0,0.8608,0.8340,0.9104,0.8521,0.0748
0,2,3,1,0.9288,0.9238,0.9413,0.9185,0.0392
0,2,3,2,0.6961,0.7035,0.9644,0.6219,0.0257
0,2,3,3,0.8758,0.8808,0.9351,0.8551,0.0458
0,2,3,4,0.8672,0.8385,0.9136,0.8591,0.0745
0,2,3,5,0.9373,0.9439,0.9842,0.9244,0.0253
0,2,3,6,0.8159,0.8610,0.9944,0.7595,0.0160
0,2,3,7,0.7414,0.7440,0.9791,0.6749,0.0213
0,2,3,8,0.7604,0.7748,0.9396,0.7051,0.0325
0,2,3,9,0.8473,0.8869,0.9431,0.8141,0.0357
0,2,3,10,0.9238,0.9118,0.9390,0.9125,0.0395
0,2,3,11,0.8885,0.8755,0.9785,0.8593,0.0244
0,2,4,0,0.8140,0.8557,0.9358,0.7737,0.0341
0,2,4,1,0.8982,0.8801,0.9479,0.8787,0.0359
0,2,4,2,0.8866,0.8651,0.9275,0.8767,0.0632
0,2,4,3,0.7744,0.8036,0.9760,0.7147,0.0241
0,2,4,4,0.9040,0.8955,0.9388,0.8936,0.0531
0,2,4,5,0.9116,0.9060,0.9403,0.8987,0.0425
0,2,4,6,0.9643,0.9737,0.9890,0.9555,0.0115
0,2,4,7,0.6752,0.6789,0.9750,0.5945,0.0315
0,2,4,8,0.9131,0.8963,0.9326,0.9046,0.0537
0,2,4,9,0.8942,0.9087,0.9777,0.8697,0.0235
0,2,4,10,0.8687,0.8460,0.9223,0.8583,0.0699
0,2,4,11,0.4217,0.5024,0.8807,0.3323,0.0788
0,2,5,0,0.8624,0.8321,0.9096,0.8540,0.0754
0,2,5,1,0.8550,0.8198,0.9052,0.8478,0.0788
0,2,5,2,0.8751,0.8858,0.9664,0.8479,0.0319
0,2,5,3,0.9454,0.9609,0.9941,0.9312,0.0159
0,2,5,4,0.9276,0.9224,0.9783,0.9102,0.0224
0,2,5,5,0.8656,0.8404,0.9119,0.8572,0.0741
0,2,5,6,0.8876,0.8635,0.9186,0.8787,0.0630
0,2,5,7,0.8675,0.8762,0.9366,0.8456,0.0424
0,2,5,8,0.8917,0.8810,0.9296,0.8818,0.0598
0,2,5,9,0.8807,0.8533,0.9209,0.8718,0.0682
0,2,5,10,0.8910,0.8880,0.9743,0.8678,0.0319
0,2,5,11,0.8898,0.8799,0.9274,0.8762,0.0527
0,2,6,0,0.8862,0.9094,0.9931,0.8579,0.0239
0,2,6,1,0.8855,0.8841,0.9371,0.8739,0.0582
0,2,6,2,0.9051,0.8881,0.9336,0.8968,0.0581
0,2,6,3,0.9252,0.9324,0.9552,0.9144,0.0375
0,2,6,4,0.9286,0.9270,0.9865,0.9124,0.0256
0,2,6,5,0.9195,0.9095,0.9438,0.9088,0.0447
0,2,6,6,0.8862,0.8692,0.9242,0.8759,0.0620
0,2,6,7,0.9242,0.9343,0.9917,0.9037,0.0106
0,2,6,8,0.8920,0.8910,0.9728,0.8690,0.0340
0,2,6,9,0.8560,0.8216,0.9064,0.8486,0.0787
0,2,6,10,0.8664,0.8366,0.9104,0.8582,0.0752
0,2,6,11,0.9346,0.9278,0.9551,0.9245,0.0358
0,2,7,0,0.8786,0.8808,0.9487,0.8590,0.0459
0,2,7,1,0.8844,0.8680,0.9236,0.8745,0.0613
0,2,7,2,0.8557,0.8210,0.9059,0.8483,0.0788
0,2,7,3,0.9352,0.9457,0.9863,0.9210,0.0249
0,2,7,4,0.9008,0.9130,0.9377,0.8867,0.0430
0,2,7,5,0.9155,0.9053,0.9451,0.9045,0.0458
0,2,7,6,0.8854,0.8696,0.9324,0.8737,0.0593
0,2,7,7,0.8698,0.8525,0.9175,0.8607,0.0714
0,2,7,8,0.9185,0.9340,0.9762,0.9027,0.0307
0,2,7,9,0.9173,0.9178,0.9536,0.9069,0.0463
0,2,7,10,0.8650,0.8410,0.9108,0.8570,0.0748
0,2,7,11,0.8637,0.8343,0.9119,0.8553,0.0757
0,2,8,0,0.8873,0.8638,0.9271,0.8774,0.0631
0,2,8,1,0.8641,0.8427,0.9107,0.8558,0.0746
0,2,8,2,0.9362,0.9296,0.9556,0.9275,0.0382
0,2,8,3,0.8922,0.8898,0.9418,0.8818,0.0581
0,2,8,4,0.9069,0.9098,0.9403,0.8945,0.0437
0,2,8,5,0.9331,0.9579,0.9890,0.9166,0.0148
0,2,8,6,0.8771,0.8647,0.9270,0.8658,0.0631
0,2,8,7,0.8208,0.8595,0.9391,0.7882,0.0438
0,2,8,8,0.9306,0.9458,0.9753,0.9155,0.0205
0,2,8,9,0.9318,0.9331,0.9717,0.9195,0.0320
0,2,8,10,0.9172,0.9193,0.9599,0.9050,0.0418
0,2,8,11,0.8831,0.8688,0.9402,0.8717,0.0606
0,2,9,0,0.8865,0.8883,0.9618,0.8691,0.0471
0,2,9,1,0.8632,0.8327,0.9087,0.8553,0.0760
0,2,9,2,0.9010,0.9115,0.9653,0.8851,0.0411
0,2,9,3,0.9223,0.9327,0.9680,0.9065,0.0289
0,2,9,4,0.8684,0.8527,0.9197,0.8585,0.0693
0,2,9,5,0.8927,0.8819,0.9438,0.8815,0.0582
0,2,9,6,0.8625,0.8352,0.9132,0.8543,0.0758
0,2,9,7,0.9098,0.9109,0.9481,0.8995,0.0495
0,2,9,8,0.8806,0.8661,0.9455,0.8674,0.0572
0,2,9,9,0.8592,0.8279,0.9090,0.8515,0.0778
0,2,9,10,0.9138,0.9114,0.9377,0.9004,0.0370
0,2,9,11,0.8591,0.8259,0.9083,0.8515,0.0783
0,2,10,0,0.8960,0.8994,0.9559,0.8825,0.0487
0,2,10,1,0.8670,0.8449,0.9146,0.8586,0.0742
0,2,10,2,0.8654,0.8360,0.9135,0.8574,0.0760
0,2,10,3,0.8811,0.8687,0.9295,0.8705,0.0638
0,2,10,4,0.8841,0.8609,0.9311,0.8736,0.0628
0,2,10,5,0.8803,0.8891,0.9299,0.8628,0.0438
0,2,10,6,0.8692,0.8456,0.9213,0.8599,0.0710
0,2,10,7,0.8914,0.8882,0.9458,0.8793,0.0552
0,2,10,8,0.8597,0.8295,0.9106,0.8513,0.0769
0,2,10,9,0.8951,0.9076,0.9569,0.8769,0.0353
0,2,10,10,0.8635,0.8337,0.9125,0.8551,0.0757
0,2,10,11,0.8874,0.8781,0.9289,0.8760,0.0567
0,2,11,0,0.9026,0.9099,0.9372,0.8727,0.0209
0,2,11,1,0.8857,0.8663,0.9261,0.8763,0.0656
0,2,11,2,0.8762,0.8542,0.9241,0.8666,0.0686
0,2,11,3,0.9166,0.9318,0.9760,0.9001,0.0293
0,2,11,4,0.9023,0.8878,0.9441,0.8915,0.0543
0,2,11,5,0.8776,0.8596,0.9273,0.8673,0.0659
0,2,11,6,0.8686,0.8409,0.9154,0.8601,0.0741
0,2,11,7,0.8956,0.8863,0.9344,0.8856,0.0581
0,2,11,8,0.4015,0.6537,0.9527,0.2471,0.0211
0,2,11,9,0.8655,0.8366,0.9126,0.8573,0.0756
0,2,11,10,0.9115,0.9319,0.9718,0.8942,0.0311
0,2,11,11,0.9301,0.9353,0.9707,0.9166,0.0269
0,3,0,0,0.3508,0.4458,0.8032,0.2237,0.0698
0,3,0,1,0.9717,0.9843,0.9989,0.9689,0.0190
0,3,0,2,0.3105,0.3962,0.9115,0.1836,0.0598
0,3,0,3,1.0000,1.0000,1.0000,1.0000,0.0000
0,3,0,4,0.8052,0.8346,0.9837,0.7774,0.0462
0,3,0,5,0.9811,0.9901,0.9988,0.9787,0.0042
0,3,0,6,0.3956,0.5178,0.7819,0.2765,0.0732
0,3,0,7,0.4995,0.6068,0.9034,0.4076,0.0735
0,3,0,8,0.4197,0.5041,0.9380,0.3155,0.0592
0,3,0,9,0.3410,0.4203,0.8990,0.2144,0.0695
0,3,0,10,0.5904,0.6771,0.8976,0.5180,0.0712
0,3,0,11,0.4624,0.5395,0.8569,0.3589,0.0735
0,3,1,0,0.3425,0.5220,0.9668,0.2271,0.0568
0,3,1,1,0.3498,0.4403,0.9539,0.2330,0.0605
0,3,1,2,0.4029,0.4851,0.9570,0.2944,0.0659
0,3,1,3,0.4139,0.4847,0.8704,0.3060,0.0554
0,3,1,4,0.3133,0.3898,0.9345,0.1960,0.0480
0,3,1,5,0.3766,0.4851,0.9691,0.2748,0.0407
0,3,1,6,0.2950,0.4357,0.9583,0.1797,0.0384
0,3,1,7,0.2840,0.3440,0.9372,0.1569,0.0531
0,3,1,8,0.2643,0.3247,0.9715,0.1466,0.0373
0,3,1,9,0.2212,0.2797,0.9763,0.1043,0.0269
0,3,1,10,0.6828,0.7075,0.9133,0.6316,0.0758
0,3,1,11,0.9467,0.9619,0.9995,0.9399,0.0159
0,3,2,0,0.3580,0.5018,0.9291,0.2384,0.0641
0,3,2,1,0.2120,0.2651,0.9617,0.0988,0.0222
0,3,2,2,0.3213,0.6019,0.9885,0.2155,0.0362
0,3,2,3,0.2966,0.5260,0.9772,0.1739,0.0535
0,3,2,4,0.2441,0.3858,0.9848,0.1222,0.0420
0,3,2,5,0.3653,0.5512,0.9304,0.2503,0.0613
0,3,2,6,0.2376,0.2851,0.9741,0.1287,0.0227
0,3,2,7,0.5915,0.6627,0.8348,0.5184,0.0784
0,3,2,8,0.3143,0.4244,0.9555,0.1983,0.0485
0,3,2,9,0.3679,0.5910,0.9122,0.2534,0.0567
0,3,2,10,0.4366,0.5263,0.8774,0.3309,0.0704
0,3,2,11,0.2422,0.3012,0.9650,0.1309,0.0296
0,3,3,0,0.1611,0.2023,0.9638,0.0635,0.0163
0,3,3,1,0.2246,0.3029,0.9745,0.1108,0.0230
0,3,3,2,0.3328,0.6141,0.9803,0.2245,0.0433
0,3,3,3,0.2329,0.4122,0.9839,0.1230,0.0237
0,3,3,4,0.1387,0.1737,0.9626,0.0376,0.0157
0,3,3,5,0.2415,0.3049,0.9288,0.1200,0.0353
0,3,3,6,0.4806,0.5864,0.8688,0.3840,0.0714
0,3,3,7,0.3305,0.5767,0.9725,0.2176,0.0496
0,3,3,8,0.3609,0.5495,0.9892,0.2605,0.0396
0,3,3,9,0.2589,0.3745,0.9939,0.1434,0.0365
0,3,3,10,0.3014,0.3650,0.9724,0.1992,0.0243
0,3,3,11,0.3505,0.5460,0.9738,0.2388,0.0517
0,3,4,0,0.2639,0.3918,0.9926,0.1505,0.0320
0,3,4,1,0.2433,0.4664,0.9824,0.1282,0.0296
0,3,4,2,0.1688,0.2059,0.9660,0.0633,0.0165
0,3,4,3,0.3065,0.4773,0.8720,0.1866,0.0506
0,3,4,4,0.2162,0.2974,0.9642,0.1106,0.0146
0,3,4,5,0.2213,0.3348,0.9681,0.1094,0.0202
0,3,4,6,0.2548,0.3541,0.9374,0.1260,0.0496
0,3,4,7,0.8024,0.8351,0.9740,0.7740,0.0422
0,3,4,8,0.1967,0.2513,0.9683,0.0884,0.0180
0,3,4,9,0.2424,0.3698,0.9634,0.1188,0.0397
0,3,4,10,0.1640,0.2115,0.9591,0.0625,0.0130
0,3,4,11,0.1620,0.5812,0.9958,0.0680,0.0201
0,3,5,0,0.1488,0.1799,0.9643,0.0498,0.0167
0,3,5,1,0.1292,0.1584,0.9630,0.0314,0.0201
0,3,5,2,0.2109,0.3942,0.9761,0.0864,0.0382
0,3,5,3,0.2916,0.3560,0.9377,0.1686,0.0510
0,3,5,4,0.2935,0.4455,0.9530,0.1754,0.0450
0,3,5,5,0.1494,0.1917,0.9624,0.0497,0.0156
0,3,5,6,0.1722,0.2338,0.9691,0.0683,0.0102
0,3,5,7,0.2287,0.3618,0.9746,0.1192,0.0201
0,3,5,8,0.1728,0.2234,0.9665,0.0663,0.0118
0,3,5,9,0.1484,0.1917,0.9640,0.0437,0.0139
0,3,5,10,0.2945,0.4167,0.9564,0.1838,0.0342
0,3,5,11,0.2748,0.3596,0.9729,0.1769,0.0139
0,3,6,0,0.2423,0.3292,0.9384,0.1145,0.0470
0,3,6,1,0.1693,0.2344,0.9607,0.0618,0.0108
0,3,6,2,0.1743,0.2206,0.9641,0.0661,0.0159
0,3,6,3,0.1947,0.2587,0.9722,0.0769,0.0244
0,3,6,4,0.3411,0.4121,0.9463,0.2334,0.0376
0,3,6,5,0.2320,0.2968,0.9675,0.1224,0.0224
0,3,6,6,0.2156,0.2767,0.9634,0.1158,0.0122
0,3,6,7,0.3145,0.4506,0.9106,0.1935,0.0521
0,3,6,8,0.2257,0.3762,0.9578,0.1038,0.0350
0,3,6,9,0.1311,0.1608,0.9627,0.0329,0.0199
0,3,6,10,0.1452,0.1800,0.9643,0.0451,0.0164
0,3,6,11,0.2588,0.3360,0.9639,0.1478,0.0285
0,3,7,0,0.2090,0.3097,0.9743,0.0965,0.0215
0,3,7,1,0.1862,0.2414,0.9655,0.0836,0.0075
0,3,7,2,0.1312,0.1613,0.9628,0.0332,0.0201
0,3,7,3,0.2707,0.3549,0.9436,0.1520,0.0359
0,3,7,4,0.1837,0.3384,0.9796,0.0686,0.0194
0,3,7,5,0.2181,0.2594,0.9673,0.1076,0.0190
0,3,7,6,0.1835,0.2300,0.9657,0.0777,0.0147
0,3,7,7,0.1532,0.1959,0.9653,0.0518,0.0129
0,3,7,8,0.2431,0.3444,0.9628,0.1257,0.0294
0,3,7,9,0.1984,0.2820,0.9550,0.0854,0.0188
0,3,7,10,0.1422,0.1888,0.9634,0.0422,0.0160
0,3,7,11,0.1408,0.1746,0.9644,0.0406,0.0172
0,3,8,0,0.1833,0.2189,0.9642,0.0795,0.0159
0,3,8,1,0.1451,0.1896,0.9648,0.0455,0.0159
0,3,8,2,0.2145,0.2631,0.9773,0.0990,0.0253
0,3,8,3,0.1755,0.2240,0.9643,0.0684,0.0122
0,3,8,4,0.2084,0.3043,0.9711,0.0973,0.0182
0,3,8,5,0.2680,0.3549,0.9377,0.1438,0.0484
0,3,8,6,0.1696,0.2155,0.9652,0.0652,0.0109
0,3,8,7,0.2640,0.3771,0.9891,0.1592,0.0210
0,3,8,8,0.2857,0.3872,0.9565,0.1700,0.0401
0,3,8,9,0.2610,0.3311,0.9459,0.1473,0.0312
0,3,8,10,0.2538,0.3165,0.9525,0.1457,0.0251
0,3,8,11,0.1613,0.2075,0.9510,0.0536,0.0144
0,3,9,0,0.1916,0.2538,0.9002,0.0773,0.0214
0,3,9,1,0.1413,0.1746,0.9640,0.0420,0.0172
0,3,9,2,0.2015,0.3233,0.9250,0.0856,0.0230
0,3,9,3,0.2655,0.3856,0.9704,0.1496,0.0346
0,3,9,4,0.1578,0.1961,0.9597,0.0564,0.0108
0,3,9,5,0.1951,0.2537,0.9492,0.0891,0.0176
0,3,9,6,0.1384,0.1728,0.9608,0.0384,0.0171
0,3,9,7,0.1798,0.2471,0.9568,0.0674,0.0164
0,3,9,8,0.1650,0.2172,0.9398,0.0561,0.0136
0,3,9,9,0.1355,0.1683,0.9621,0.0366,0.0190
0,3,9,10,0.2550,0.3502,0.9797,0.1463,0.0273
0,3,9,11,0.1326,0.1632,0.9628,0.0336,0.0195
0,3,10,0,0.1783,0.2248,0.9301,0.0652,0.0153
0,3,10,1,0.1419,0.1793,0.9648,0.0410,0.0155
0,3,10,2,0.1391,0.1718,0.9623,0.0387,0.0172
0,3,10,3,0.1766,0.2223,0.9641,0.0728,0.0123
0,3,10,4,0.1652,0.1998,0.9562,0.0593,0.0132
0,3,10,5,0.2109,0.3216,0.9830,0.1015,0.0189
0,3,10,6,0.1468,0.1809,0.9572,0.0446,0.0135
0,3,10,7,0.1910,0.2465,0.9418,0.0836,0.0148
0,3,10,8,0.1385,0.1718,0.9630,0.0392,0.0181
0,3,10,9,0.2519,0.3616,0.9684,0.1417,0.0261
0,3,10,10,0.1403,0.1718,0.9624,0.0402,0.0169
0,3,10,11,0.1892,0.2371,0.9677,0.0840,0.0102
0,3,11,0,0.4920,0.5430,0.7282,0.3931,0.0804
0,3,11,1,0.1656,0.2041,0.9647,0.0607,0.0155
0,3,11,2,0.1550,0.1916,0.9639,0.0515,0.0138
0,3,11,3,0.2397,0.2884,0.9429,0.1211,0.0308
0,3,11,4,0.2018,0.2510,0.9664,0.0941,0.0213
0,3,11,5,0.1650,0.2056,0.9598,0.0612,0.0131
0,3,11,6,0.1458,0.1798,0.9635,0.0447,0.0159
0,3,11,7,0.1828,0.2329,0.9666,0.0763,0.0135
0,3,11,8,0.6598,0.7248,0.9810,0.6061,0.0484
0,3,11,9,0.1424,0.1766,0.9642,0.0422,0.0171
0,3,11,10,0.2878,0.3421,0.9553,0.1776,0.0300
0,3,11,11,0.2497,0.3409,0.9510,0.1321,0.0332
0,4,0,0,0.6292,0.6351,0.8935,0.5270,0.0304
0,4,0,1,0.7438,0.7870,0.9754,0.7125,0.0652
0,4,0,2,0.5855,0.5687,0.9677,0.4788,0.0236
0,4,0,3,0.8052,0.8346,0.9837,0.7774,0.0462
0,4,0,4,1.0000,1.0000,1.0000,1.0000,0.0000
0,4,0,5,0.7984,0.8287,0.9765,0.7699,0.0454
0,4,0,6,0.6646,0.7063,0.8777,0.5708,0.0320
0,4,0,7,0.7237,0.7495,0.9642,0.6497,0.0317
0,4,0,8,0.6105,0.6702,0.9834,0.5108,0.0185
0,4,0,9,0.6191,0.5984,0.9614,0.5162,0.0349
0,4,0,10,0.7794,0.7872,0.9611,0.7200,0.0282
0,4,0,11,0.7003,0.6928,0.9341,0.6168,0.0352
0,4,1,0,0.6951,0.6877,0.9908,0.6202,0.0185
0,4,1,1,0.6317,0.6195,0.9862,0.5388,0.0245
0,4,1,2,0.6588,0.6432,0.9896,0.5707,0.0312
0,4,1,3,0.6172,0.6216,0.9392,0.5166,0.0254
0,4,1,4,0.5770,0.5568,0.9736,0.4766,0.0223
0,4,1,5,0.5948,0.5918,0.9869,0.5031,0.0129
0,4,1,6,0.6385,0.6331,0.9813,0.5571,0.0119
0,4,1,7,0.5694,0.5245,0.9793,0.4631,0.0256
0,4,1,8,0.5205,0.4804,0.9834,0.4152,0.0197
0,4,1,9,0.4825,0.4375,0.9776,0.3771,0.0230
0,4,1,10,0.6985,0.7500,0.9637,0.6167,0.0370
0,4,1,11,0.8047,0.8337,0.9847,0.7709,0.0321
0,4,2,0,0.6175,0.6637,0.9785,0.5171,0.0214
0,4,2,1,0.4614,0.4196,0.9724,0.3570,0.0332
0,4,2,2,0.5678,0.7368,0.9948,0.4756,0.0110
0,4,2,3,0.5812,0.6719,0.9914,0.4797,0.0150
0,4,2,4,0.5996,0.5878,0.9846,0.5111,0.0079
0,4,2,5,0.6305,0.7231,0.9750,0.5362,0.0203
0,4,2,6,0.4831,0.4255,0.9725,0.3836,0.0306
0,4,2,7,0.8085,0.8219,0.9193,0.7569,0.0367
0,4,2,8,0.5831,0.6020,0.9871,0.4852,0.0118
0,4,2,9,0.6002,0.7859,0.9662,0.4981,0.0165
0,4,2,10,0.7064,0.7007,0.9464,0.6276,0.0316
0,4,2,11,0.4898,0.4540,0.9733,0.3884,0.0312
0,4,3,0,0.3816,0.3305,0.9516,0.2876,0.0622
0,4,3,1,0.4824,0.4468,0.9755,0.3797,0.0237
0,4,3,2,0.5793,0.7430,0.9940,0.4849,0.0076
0,4,3,3,0.5142,0.5545,0.9785,0.4206,0.0266
0,4,3,4,0.3677,0.3077,0.9520,0.2704,0.0619
0,4,3,5,0.5081,0.4743,0.9644,0.4001,0.0182
0,4,3,6,0.7348,0.7674,0.9416,0.6634,0.0291
0,4,3,7,0.5811,0.7656,0.9938,0.4828,0.0134
0,4,3,8,0.5865,0.6606,0.9886,0.4972,0.0118
0,4,3,9,0.5671,0.5586,0.9909,0.4751,0.0142
0,4,3,10,0.5293,0.4995,0.9728,0.4362,0.0269
0,4,3,11,0.5970,0.6846,0.9956,0.5002,0.0113
0,4,4,0,0.5398,0.5711,0.9878,0.4432,0.0160
0,4,4,1,0.4818,0.5719,0.9839,0.3746,0.0165
0,4,4,2,0.4000,0.3441,0.9608,0.2991,0.0506
0,4,4,3,0.5141,0.6309,0.9262,0.3972,0.0066
0,4,4,4,0.4540,0.4442,0.9651,0.3559,0.0405
0,4,4,5,0.4779,0.5075,0.9696,0.3767,0.0283
0,4,4,6,0.5510,0.5300,0.9749,0.4436,0.0163
0,4,4,7,0.8481,0.8839,0.9974,0.8136,0.0092
0,4,4,8,0.4515,0.3997,0.9653,0.3529,0.0411
0,4,4,9,0.5456,0.5542,0.9851,0.4437,0.0080
0,4,4,10,0.3877,0.3444,0.9533,0.2898,0.0573
0,4,4,11,0.3702,0.7409,0.9664,0.2783,0.0662
0,4,5,0,0.3732,0.3122,0.9515,0.2778,0.0628
0,4,5,1,0.3533,0.2878,0.9485,0.2586,0.0662
0,4,5,2,0.4904,0.5606,0.9879,0.3805,0.0112
0,4,5,3,0.5697,0.5370,0.9776,0.4659,0.0117
0,4,5,4,0.5794,0.6083,0.9802,0.4822,0.0112
0,4,5,5,0.3704,0.3206,0.9511,0.2736,0.0615
0,4,5,6,0.4033,0.3690,0.9592,0.3042,0.0504
0,4,5,7,0.5408,0.5523,0.9721,0.4535,0.0285
0,4,5,8,0.4100,0.3676,0.9626,0.3092,0.0472
0,4,5,9,0.3856,0.3298,0.9563,0.2858,0.0556
0,4,5,10,0.5536,0.5982,0.9777,0.4577,0.0143
0,4,5,11,0.4555,0.4611,0.9666,0.3574,0.0386
0,4,6,0,0.5093,0.4998,0.9780,0.3952,0.0102
0,4,6,1,0.4200,0.3835,0.9612,0.3203,0.0457
0,4,6,2,0.4177,0.3621,0.9625,0.3161,0.0455
0,4,6,3,0.4631,0.4245,0.9790,0.3570,0.0270
0,4,6,4,0.5841,0.5629,0.9776,0.4900,0.0135
0,4,6,5,0.4731,0.4372,0.9705,0.3719,0.0321
0,4,6,6,0.4273,0.3944,0.9578,0.3309,0.0495
0,4,6,7,0.6158,0.6475,0.9607,0.5213,0.0138
0,4,6,8,0.5028,0.5488,0.9774,0.3958,0.0135
0,4,6,9,0.3549,0.2903,0.9488,0.2599,0.0661
0,4,6,10,0.3740,0.3129,0.9520,0.2780,0.0626
0,4,6,11,0.4991,0.4783,0.9734,0.3973,0.0232
0,4,7,0,0.4550,0.4697,0.9771,0.3506,0.0291
0,4,7,1,0.4182,0.3757,0.9589,0.3213,0.0487
0,4,7,2,0.3550,0.2904,0.9487,0.2601,0.0662
0,4,7,3,0.5320,0.5233,0.9760,0.4273,0.0152
0,4,7,4,0.4469,0.4821,0.9770,0.3420,0.0268
0,4,7,5,0.4633,0.4149,0.9708,0.3613,0.0329
0,4,7,6,0.4195,0.3680,0.9628,0.3196,0.0467
0,4,7,7,0.3843,0.3325,0.9556,0.2875,0.0588
0,4,7,8,0.5173,0.5183,0.9835,0.4151,0.0173
0,4,7,9,0.4463,0.4284,0.9656,0.3413,0.0337
0,4,7,10,0.3728,0.3220,0.9515,0.2771,0.0622
0,4,7,11,0.3687,0.3079,0.9525,0.2722,0.0631
0,4,8,0,0.4122,0.3566,0.9594,0.3132,0.0505
0,4,8,1,0.3705,0.3218,0.9524,0.2744,0.0620
0,4,8,2,0.4776,0.4208,0.9832,0.3737,0.0277
0,4,8,3,0.4139,0.3675,0.9660,0.3127,0.0455
0,4,8,4,0.4602,0.4557,0.9714,0.3584,0.0290
0,4,8,5,0.5677,0.5473,0.9758,0.4663,0.0125
0,4,8,6,0.4015,0.3532,0.9598,0.3019,0.0505
0,4,8,7,0.4687,0.5208,0.9848,0.3668,0.0260
0,4,8,8,0.5850,0.5757,0.9795,0.4926,0.0126
0,4,8,9,0.5155,0.4827,0.9689,0.4138,0.0197
0,4,8,10,0.4832,0.4587,0.9670,0.3821,0.0293
0,4,8,11,0.3937,0.3496,0.9558,0.2902,0.0480
0,4,9,0,0.4321,0.4059,0.9318,0.3239,0.0287
0,4,9,1,0.3678,0.3055,0.9509,0.2721,0.0634
0,4,9,2,0.4516,0.4800,0.9504,0.3440,0.0232
0,4,9,3,0.5222,0.5517,0.9854,0.4190,0.0142
0,4,9,4,0.3867,0.3278,0.9525,0.2896,0.0567
0,4,9,5,0.4230,0.3936,0.9563,0.3219,0.0457
0,4,9,6,0.3653,0.3052,0.9504,0.2688,0.0632
0,4,9,7,0.4360,0.3997,0.9644,0.3324,0.0369
0,4,9,8,0.3956,0.3581,0.9502,0.2905,0.0446
0,4,9,9,0.3608,0.2989,0.9496,0.2654,0.0652
0,4,9,10,0.5138,0.5174,0.9775,0.4180,0.0226
0,4,9,11,0.3583,0.2942,0.9498,0.2627,0.0657
0,4,10,0,0.4221,0.3745,0.9490,0.3154,0.0353
0,4,10,1,0.3715,0.3144,0.9539,0.2745,0.0617
0,4,10,2,0.3660,0.3046,0.9516,0.2692,0.0634
0,4,10,3,0.4035,0.3571,0.9601,0.3040,0.0512
0,4,10,4,0.4004,0.3387,0.9553,0.2996,0.0502
0,4,10,5,0.4556,0.4705,0.9751,0.3544,0.0289
0,4,10,6,0.3752,0.3152,0.9514,0.2767,0.0584
0,4,10,7,0.4261,0.3914,0.9520,0.3245,0.0426
0,4,10,8,0.3628,0.3017,0.9509,0.2666,0.0643
0,4,10,9,0.5012,0.5223,0.9772,0.4018,0.0206
0,4,10,10,0.3667,0.3045,0.9513,0.2700,0.0631
0,4,10,11,0.4167,0.3805,0.9627,0.3162,0.0441
0,4,11,0,0.7041,0.6912,0.8353,0.6196,0.0374
0,4,11,1,0.3999,0.3419,0.9592,0.3001,0.0530
0,4,11,2,0.3844,0.3277,0.9574,0.2849,0.0560
0,4,11,3,0.5018,0.4499,0.9690,0.3957,0.0161
0,4,11,4,0.4327,0.3896,0.9686,0.3304,0.0422
0,4,11,5,0.3939,0.3393,0.9560,0.2943,0.0533
0,4,11,6,0.3743,0.3133,0.9534,0.2771,0.0615
0,4,11,7,0.4191,0.3705,0.9645,0.3183,0.0455
0,4,11,8,0.6585,0.7553,0.9916,0.5788,0.0070
0,4,11,9,0.3693,0.3090,0.9527,0.2726,0.0630
0,4,11,10,0.5376,0.5027,0.9753,0.4399,0.0161
0,4,11,11,0.5170,0.5103,0.9728,0.4137,0.0153
0,5,0,0,0.3811,0.4454,0.7840,0.2620,0.0687
0,5,0,1,0.9528,0.9792,0.9997,0.9479,0.0198
0,5,0,2,0.3400,0.4039,0.8975,0.2201,0.0588
0,5,0,3,0.9811,0.9901,0.9988,0.9787,0.0042
0,5,0,4,0.7984,0.8287,0.9765,0.7699,0.0454
0,5,0,5,1.0000,1.0000,1.0000,1.0000,0.0000
0,5,0,6,0.4000,0.5090,0.7628,0.2829,0.0722
0,5,0,7,0.4745,0.6122,0.8881,0.3781,0.0724
0,5,0,8,0.4048,0.5198,0.9263,0.2985,0.0581
0,5,0,9,0.3604,0.4245,0.8843,0.2392,0.0687
0,5,0,10,0.6210,0.6782,0.8845,0.5565,0.0702
0,5,0,11,0.4807,0.5429,0.8404,0.3825,0.0724
0,5,1,0,0.3482,0.5290,0.9589,0.2347,0.0558
0,5,1,1,0.3695,0.4488,0.9449,0.2575,0.0597
0,5,1,2,0.4185,0.4925,0.9484,0.3141,0.0648
0,5,1,3,0.4491,0.4914,0.8544,0.3496,0.0559
0,5,1,4,0.3490,0.3955,0.9238,0.2390,0.0475
0,5,1,5,0.4242,0.4923,0.9631,0.3314,0.0396
0,5,1,6,0.3333,0.4421,0.9507,0.2254,0.0376
0,5,1,7,0.3189,0.3514,0.9253,0.1994,0.0523
0,5,1,8,0.3009,0.3356,0.9652,0.1901,0.0370
0,5,1,9,0.2669,0.2900,0.9717,0.1578,0.0264
0,5,1,10,0.6534,0.7103,0.9034,0.5964,0.0748
0,5,1,11,0.9685,0.9722,0.9989,0.9647,0.0167
0,5,2,0,0.3477,0.5079,0.9184,0.2270,0.0631
0,5,2,1,0.2640,0.2769,0.9549,0.1591,0.0230
0,5,2,2,0.2673,0.6138,0.9832,0.1537,0.0354
0,5,2,3,0.3058,0.5390,0.9713,0.1857,0.0525
0,5,2,4,0.2551,0.4048,0.9814,0.1359,0.0412
0,5,2,5,0.3555,0.5569,0.9178,0.2395,0.0602
0,5,2,6,0.2723,0.2991,0.9702,0.1690,0.0224
0,5,2,7,0.5999,0.6637,0.8159,0.5299,0.0774
0,5,2,8,0.2973,0.4337,0.9457,0.1791,0.0475
0,5,2,9,0.3508,0.5901,0.8991,0.2338,0.0556
0,5,2,10,0.4651,0.5253,0.8617,0.3666,0.0694
0,5,2,11,0.2920,0.3102,0.9594,0.1889,0.0299
0,5,3,0,0.2218,0.2153,0.9614,0.1319,0.0176
0,5,3,1,0.2665,0.3164,0.9698,0.1598,0.0230
0,5,3,2,0.3030,0.6204,0.9730,0.1904,0.0425
0,5,3,3,0.2298,0.4282,0.9823,0.1202,0.0240
0,5,3,4,0.1959,0.1856,0.9597,0.1021,0.0176
0,5,3,5,0.2898,0.3131,0.9175,0.1772,0.0345
0,5,3,6,0.4718,0.5909,0.8529,0.3741,0.0703
0,5,3,7,0.3254,0.5827,0.9654,0.2124,0.0485
0,5,3,8,0.3254,0.5556,0.9861,0.2200,0.0388
0,5,3,9,0.2595,0.3905,0.9912,0.1449,0.0359
0,5,3,10,0.3464,0.3766,0.9689,0.2515,0.0251
0,5,3,11,0.3391,0.5531,0.9675,0.2262,0.0509
0,5,4,0,0.2613,0.4113,0.9902,0.1483,0.0323
0,5,4,1,0.2528,0.4809,0.9799,0.1400,0.0289
0,5,4,2,0.2231,0.2186,0.9621,0.1252,0.0181
0,5,4,3,0.3296,0.4796,0.8622,0.2148,0.0498
0,5,4,4,0.2628,0.3074,0.9601,0.1642,0.0153
0,5,4,5,0.2715,0.3469,0.9641,0.1676,0.0213
0,5,4,6,0.2879,0.3624,0.9264,0.1660,0.0488
0,5,4,7,0.7993,0.8396,0.9647,0.7708,0.0420
0,5,4,8,0.2475,0.2613,0.9649,0.1468,0.0182
0,5,4,9,0.2687,0.3791,0.9562,0.1504,0.0390
0,5,4,10,0.2195,0.2233,0.9554,0.1253,0.0159
0,5,4,11,0.1160,0.5947,0.9984,0.0175,0.0209
0,5,5,0,0.2062,0.1921,0.9619,0.1144,0.0182
0,5,5,1,0.1880,0.1702,0.9608,0.0975,0.0209
0,5,5,2,0.2320,0.4093,0.9709,0.1118,0.0374
0,5,5,3,0.3185,0.3619,0.9261,0.2014,0.0500
0,5,5,4,0.3108,0.4542,0.9446,0.1966,0.0439
0,5,5,5,0.2038,0.2039,0.9598,0.1111,0.0169
0,5,5,6,0.2217,0.2506,0.9668,0.1247,0.0118
0,5,5,7,0.2452,0.3710,0.9718,0.1388,0.0206
0,5,5,8,0.2241,0.2349,0.9623,0.1250,0.0126
0,5,5,9,0.2032,0.2037,0.9606,0.1059,0.0163
0,5,5,10,0.3411,0.4246,0.9500,0.2387,0.0342
0,5,5,11,0.3150,0.3718,0.9706,0.2231,0.0147
0,5,6,0,0.2809,0.3376,0.9255,0.1608,0.0459
0,5,6,1,0.2189,0.2443,0.9563,0.1185,0.0110
0,5,6,2,0.2281,0.2326,0.9596,0.1277,0.0169
0,5,6,3,0.2393,0.2709,0.9666,0.1290,0.0241
0,5,6,4,0.3824,0.4199,0.9366,0.2825,0.0374
0,5,6,5,0.2761,0.3077,0.9631,0.1735,0.0235
0,5,6,6,0.2679,0.2879,0.9604,0.1753,0.0138
0,5,6,7,0.3447,0.4518,0.8983,0.2304,0.0510
0,5,6,8,0.2447,0.3849,0.9506,0.1267,0.0356
0,5,6,9,0.1893,0.1727,0.9604,0.0984,0.0207
0,5,6,10,0.2015,0.1921,0.9620,0.1086,0.0174
0,5,6,11,0.3022,0.3495,0.9581,0.1986,0.0293
0,5,7,0,0.2421,0.3266,0.9695,0.1351,0.0223
0,5,7,1,0.2334,0.2542,0.9627,0.1374,0.0091
0,5,7,2,0.1897,0.1731,0.9606,0.0990,0.0209
0,5,7,3,0.3031,0.3603,0.9338,0.1907,0.0365
0,5,7,4,0.2422,0.3507,0.9768,0.1362,0.0186
0,5,7,5,0.2693,0.2716,0.9617,0.1668,0.0201
0,5,7,6,0.2302,0.2424,0.9618,0.1311,0.0155
0,5,7,7,0.2064,0.2078,0.9625,0.1121,0.0139
0,5,7,8,0.2863,0.3563,0.9555,0.1766,0.0294
0,5,7,9,0.2441,0.2925,0.9488,0.1384,0.0195
0,5,7,10,0.1982,0.2007,0.9611,0.1053,0.0168
0,5,7,11,0.1979,0.1864,0.9618,0.1050,0.0188
0,5,8,0,0.2372,0.2308,0.9605,0.1409,0.0174
0,5,8,1,0.2016,0.2021,0.9626,0.1091,0.0167
0,5,8,2,0.2596,0.2711,0.9714,0.1516,0.0251
0,5,8,3,0.2274,0.2338,0.9594,0.1277,0.0127
0,5,8,4,0.2654,0.3186,0.9672,0.1631,0.0182
0,5,8,5,0.3164,0.3622,0.9259,0.2018,0.0474
0,5,8,6,0.2143,0.2284,0.9615,0.1161,0.0125
0,5,8,7,0.2741,0.3924,0.9860,0.1715,0.0218
0,5,8,8,0.3126,0.3956,0.9493,0.2024,0.0394
0,5,8,9,0.2972,0.3379,0.9377,0.1900,0.0320
0,5,8,10,0.2953,0.3255,0.9456,0.1940,0.0261
0,5,8,11,0.2121,0.2155,0.9447,0.1116,0.0157
0,5,9,0,0.2476,0.2622,0.8902,0.1420,0.0222
0,5,9,1,0.1968,0.1870,0.9618,0.1045,0.0180
0,5,9,2,0.2432,0.3290,0.9169,0.1342,0.0230
0,5,9,3,0.2868,0.3996,0.9638,0.1752,0.0338
0,5,9,4,0.2080,0.2092,0.9563,0.1132,0.0123
0,5,9,5,0.2475,0.2626,0.9433,0.1492,0.0181
0,5,9,6,0.1961,0.1846,0.9578,0.1034,0.0184
0,5,9,7,0.2283,0.2567,0.9506,0.1232,0.0172
0,5,9,8,0.2138,0.2243,0.9325,0.1119,0.0144
0,5,9,9,0.1934,0.1802,0.9596,0.1018,0.0198
0,5,9,10,0.3115,0.3638,0.9772,0.2118,0.0262
0,5,9,11,0.1907,0.1751,0.9604,0.0990,0.0203
0,5,10,0,0.2279,0.2346,0.9213,0.1224,0.0159
0,5,10,1,0.1978,0.1916,0.9622,0.1041,0.0163
0,5,10,2,0.1963,0.1835,0.9594,0.1033,0.0188
0,5,10,3,0.2229,0.2347,0.9603,0.1256,0.0139
0,5,10,4,0.2188,0.2114,0.9511,0.1204,0.0143
0,5,10,5,0.2703,0.3364,0.9817,0.1699,0.0181
0,5,10,6,0.2020,0.1925,0.9532,0.1071,0.0161
0,5,10,7,0.2447,0.2574,0.9353,0.1451,0.0156
0,5,10,8,0.1949,0.1840,0.9604,0.1027,0.0192
0,5,10,9,0.3033,0.3704,0.9643,0.2015,0.0251
0,5,10,10,0.1972,0.1839,0.9596,0.1043,0.0185
0,5,10,11,0.2280,0.2527,0.9641,0.1286,0.0108
0,5,11,0,0.5027,0.5441,0.7059,0.4075,0.0794
0,5,11,1,0.2179,0.2157,0.9609,0.1202,0.0173
0,5,11,2,0.2072,0.2035,0.9601,0.1108,0.0161
0,5,11,3,0.2770,0.2991,0.9332,0.1652,0.0300
0,5,11,4,0.2506,0.2604,0.9615,0.1502,0.0220
0,5,11,5,0.2138,0.2175,0.9558,0.1166,0.0150
0,5,11,6,0.2021,0.1913,0.9606,0.1084,0.0182
0,5,11,7,0.2307,0.2434,0.9622,0.1310,0.0140
0,5,11,8,0.6194,0.7207,0.9783,0.5590,0.0476
0,5,11,9,0.1981,0.1882,0.9616,0.1049,0.0186
0,5,11,10,0.3294,0.3531,0.9476,0.2266,0.0303
0,5,11,11,0.2915,0.3477,0.9432,0.1815,0.0327
0,6,0,0,0.9044,0.9344,0.9985,0.8709,0.0084
0,6,0,1,0.3313,0.4676,0.7589,0.2132,0.0914
0,6,0,2,0.8259,0.8537,0.9668,0.7712,0.0157
0,6,0,3,0.3956,0.5178,0.7819,0.2765,0.0732
0,6,0,4,0.6646,0.7063,0.8777,0.5708,0.0320
0,6,0,5,0.4000,0.5090,0.7628,0.2829,0.0722
0,6,0,6,1.0000,1.0000,1.0000,1.0000,0.0000
0,6,0,7,0.8082,0.8660,0.9653,0.7427,0.0108
0,6,0,8,0.7192,0.8383,0.9460,0.6306,0.0148
0,6,0,9,0.8611,0.8732,0.9733,0.8141,0.0178
0,6,0,10,0.8253,0.8631,0.9723,0.7634,0.0109
0,6,0,11,0.8581,0.8819,0.9900,0.8067,0.0136
0,6,1,0,0.7610,0.8086,0.8920,0.6903,0.0190
0,6,1,1,0.8115,0.8210,0.9125,0.7539,0.0161
0,6,1,2,0.8035,0.8218,0.9128,0.7411,0.0136
0,6,1,3,0.8069,0.8242,0.9844,0.7440,0.0262
0,6,1,4,0.8042,0.8070,0.9294,0.7501,0.0331
0,6,1,5,0.7441,0.7749,0.8819,0.6770,0.0328
0,6,1,6,0.7412,0.8089,0.8965,0.6738,0.0348
0,6,1,7,0.8232,0.8159,0.9391,0.7713,0.0269
0,6,1,8,0.7360,0.7398,0.8627,0.6700,0.0391
0,6,1,9,0.7026,0.7066,0.8302,0.6355,0.0481
0,6,1,10,0.6925,0.7740,0.9528,0.5858,0.0105
0,6,1,11,0.4924,0.5561,0.7862,0.3825,0.0610
0,6,2,0,0.8219,0.8951,0.9550,0.7641,0.0132
0,6,2,1,0.6943,0.6953,0.8587,0.6304,0.0576
0,6,2,2,0.6721,0.7520,0.8497,0.5913,0.0420
0,6,2,3,0.7414,0.7942,0.8663,0.6661,0.0210
0,6,2,4,0.7210,0.7604,0.8314,0.6500,0.0375
0,6,2,5,0.8105,0.8553,0.9308,0.7515,0.0151
0,6,2,6,0.6896,0.6762,0.8226,0.6251,0.0576
0,6,2,7,0.8745,0.8999,0.9882,0.8281,0.0079
0,6,2,8,0.7491,0.8190,0.9175,0.6797,0.0257
0,6,2,9,0.8757,0.9073,0.9652,0.8376,0.0178
0,6,2,10,0.8851,0.8969,0.9758,0.8460,0.0127
0,6,2,11,0.7179,0.7037,0.8509,0.6574,0.0546
0,6,3,0,0.6006,0.5737,0.7831,0.5405,0.0884
0,6,3,1,0.7011,0.7035,0.8276,0.6364,0.0516
0,6,3,2,0.6692,0.7636,0.8661,0.5817,0.0344
0,6,3,3,0.6964,0.7339,0.8180,0.6334,0.0576
0,6,3,4,0.6115,0.5766,0.7885,0.5526,0.0882
0,6,3,5,0.7571,0.7682,0.9223,0.6970,0.0390
0,6,3,6,0.8593,0.8849,0.9875,0.8107,0.0076
0,6,3,7,0.8535,0.8573,0.8966,0.8152,0.0252
0,6,3,8,0.6826,0.7834,0.8246,0.6034,0.0407
0,6,3,9,0.7204,0.7544,0.8301,0.6532,0.0462
0,6,3,10,0.7035,0.6963,0.8258,0.6395,0.0531
0,6,3,11,0.7683,0.8447,0.8982,0.7022,0.0275
0,6,4,0,0.6834,0.7498,0.8173,0.6075,0.0425
0,6,4,1,0.7174,0.7756,0.8400,0.6526,0.0459
0,6,4,2,0.6350,0.6099,0.8090,0.5720,0.0769
0,6,4,3,0.8299,0.8832,0.9593,0.7824,0.0307
0,6,4,4,0.6671,0.6800,0.8284,0.6043,0.0668
0,6,4,5,0.6828,0.7138,0.8291,0.6158,0.0559
0,6,4,6,0.8157,0.8156,0.9259,0.7644,0.0252
0,6,4,7,0.6597,0.7257,0.8901,0.5679,0.0383
0,6,4,8,0.6769,0.6542,0.8168,0.6166,0.0673
0,6,4,9,0.7755,0.8033,0.8955,0.7186,0.0356
0,6,4,10,0.6200,0.5997,0.8036,0.5590,0.0836
0,6,4,11,0.5190,0.5997,0.7362,0.4449,0.0925
0,6,5,0,0.6037,0.5683,0.7817,0.5442,0.0891
0,6,5,1,0.5901,0.5494,0.7752,0.5319,0.0925
0,6,5,2,0.7584,0.7998,0.8721,0.7005,0.0400
0,6,5,3,0.8087,0.8301,0.9373,0.7545,0.0235
0,6,5,4,0.7991,0.8206,0.9000,0.7460,0.0293
0,6,5,5,0.6097,0.5806,0.7859,0.5506,0.0878
0,6,5,6,0.6364,0.6163,0.7943,0.5751,0.0766
0,6,5,7,0.6915,0.7328,0.8219,0.6284,0.0550
0,6,5,8,0.6539,0.6359,0.8116,0.5937,0.0735
0,6,5,9,0.6318,0.5982,0.7994,0.5719,0.0819
0,6,5,10,0.7691,0.8133,0.8934,0.7144,0.0442
0,6,5,11,0.6513,0.6680,0.8074,0.5843,0.0661
0,6,6,0,0.7749,0.8041,0.9355,0.7141,0.0304
0,6,6,1,0.6611,0.6592,0.8273,0.6019,0.0719
0,6,6,2,0.6548,0.6368,0.8194,0.5925,0.0718
0,6,6,3,0.7101,0.7068,0.8521,0.6482,0.0512
0,6,6,4,0.7639,0.7749,0.9188,0.7027,0.0363
0,6,6,5,0.6997,0.6822,0.8350,0.6380,0.0584
0,6,6,6,0.6381,0.6251,0.8052,0.5754,0.0757
0,6,6,7,0.8706,0.8902,0.9461,0.8336,0.0222
0,6,6,8,0.7576,0.7855,0.8890,0.6997,0.0434
0,6,6,9,0.5929,0.5525,0.7772,0.5346,0.0924
0,6,6,10,0.6092,0.5730,0.7829,0.5501,0.0888
0,6,6,11,0.7174,0.7179,0.8549,0.6543,0.0495
0,6,7,0,0.6919,0.6984,0.8408,0.6286,0.0582
0,6,7,1,0.6427,0.6257,0.8035,0.5823,0.0749
0,6,7,2,0.5919,0.5516,0.7764,0.5336,0.0925
0,6,7,3,0.7989,0.8068,0.9188,0.7488,0.0375
0,6,7,4,0.6887,0.7223,0.8220,0.6258,0.0546
0,6,7,5,0.6850,0.6798,0.8363,0.6208,0.0592
0,6,7,6,0.6542,0.6294,0.8173,0.5932,0.0729
0,6,7,7,0.6192,0.5953,0.7938,0.5597,0.0850
0,6,7,8,0.7661,0.7830,0.8928,0.7121,0.0438
0,6,7,9,0.7026,0.7030,0.8563,0.6433,0.0600
0,6,7,10,0.6094,0.5811,0.7840,0.5510,0.0884
0,6,7,11,0.6061,0.5705,0.7851,0.5469,0.0893
0,6,8,0,0.6409,0.6159,0.8092,0.5791,0.0767
0,6,8,1,0.6075,0.5820,0.7834,0.5486,0.0883
0,6,8,2,0.7140,0.7061,0.8508,0.6524,0.0518
0,6,8,3,0.6622,0.6498,0.8333,0.6028,0.0718
0,6,8,4,0.6855,0.7049,0.8282,0.6223,0.0563
0,6,8,5,0.7981,0.8168,0.9251,0.7434,0.0261
0,6,8,6,0.6428,0.6169,0.8089,0.5826,0.0767
0,6,8,7,0.6522,0.7078,0.8217,0.5785,0.0554
0,6,8,8,0.7832,0.7999,0.8936,0.7290,0.0341
0,6,8,9,0.7543,0.7516,0.8911,0.6979,0.0457
0,6,8,10,0.7070,0.7038,0.8679,0.6452,0.0555
0,6,8,11,0.6595,0.6374,0.8358,0.6009,0.0742
0,6,9,0,0.7100,0.7174,0.9035,0.6520,0.0592
0,6,9,1,0.6013,0.5657,0.7804,0.5419,0.0896
0,6,9,2,0.7399,0.7554,0.8924,0.6866,0.0526
0,6,9,3,0.7524,0.7655,0.8749,0.6926,0.0425
0,6,9,4,0.6212,0.5927,0.7994,0.5614,0.0829
0,6,9,5,0.6658,0.6584,0.8427,0.6057,0.0719
0,6,9,6,0.6070,0.5720,0.7886,0.5485,0.0895
0,6,9,7,0.6922,0.6806,0.8457,0.6335,0.0631
0,6,9,8,0.6706,0.6536,0.8502,0.6127,0.0708
0,6,9,9,0.5989,0.5612,0.7814,0.5404,0.0914
0,6,9,10,0.7109,0.7311,0.8225,0.6494,0.0470
0,6,9,11,0.5970,0.5578,0.7802,0.5385,0.0920
0,6,10,0,0.6986,0.6813,0.8724,0.6411,0.0615
0,6,10,1,0.6130,0.5825,0.7895,0.5543,0.0879
0,6,10,2,0.6071,0.5713,0.7884,0.5482,0.0896
0,6,10,3,0.6378,0.6193,0.8133,0.5763,0.0774
0,6,10,4,0.6486,0.6164,0.8186,0.5888,0.0765
0,6,10,5,0.6745,0.7047,0.8096,0.6100,0.0548
0,6,10,6,0.6217,0.5866,0.8026,0.5627,0.0846
0,6,10,7,0.6714,0.6667,0.8498,0.6115,0.0689
0,6,10,8,0.6009,0.5644,0.7837,0.5418,0.0905
0,6,10,9,0.7325,0.7655,0.8585,0.6755,0.0479
0,6,10,10,0.6071,0.5691,0.7868,0.5482,0.0893
0,6,10,11,0.6499,0.6297,0.8110,0.5877,0.0703
0,6,11,0,0.8973,0.9212,0.9923,0.8585,0.0085
0,6,11,1,0.6414,0.6114,0.8075,0.5810,0.0792
0,6,11,2,0.6290,0.5976,0.8047,0.5689,0.0823
0,6,11,3,0.7703,0.7471,0.9002,0.7170,0.0429
0,6,11,4,0.6681,0.6506,0.8363,0.6054,0.0680
0,6,11,5,0.6371,0.6090,0.8114,0.5770,0.0795
0,6,11,6,0.6145,0.5785,0.7910,0.5554,0.0878
0,6,11,7,0.6590,0.6410,0.8200,0.5983,0.0718
0,6,11,8,0.6122,0.7443,0.8657,0.5030,0.0300
0,6,11,9,0.6090,0.5728,0.7864,0.5501,0.0892
0,6,11,10,0.7589,0.7463,0.8875,0.7030,0.0445
0,6,11,11,0.7847,0.7815,0.8867,0.7348,0.0403
0,7,0,0,0.8142,0.8357,0.9708,0.7523,0.0136
0,7,0,1,0.4706,0.5701,0.8868,0.3859,0.0917
0,7,0,2,0.8336,0.8392,0.9972,0.7831,0.0215
0,7,0,3,0.4995,0.6068,0.9034,0.4076,0.0735
0,7,0,4,0.7237,0.7495,0.9642,0.6497,0.0317
0,7,0,5,0.4745,0.6122,0.8881,0.3781,0.0724
0,7,0,6,0.8082,0.8660,0.9653,0.7427,0.0108
0,7,0,7,1.0000,1.0000,1.0000,1.0000,0.0000
0,7,0,8,0.8391,0.8418,0.9953,0.7906,0.0177
0,7,0,9,0.8861,0.8800,0.9987,0.8492,0.0241
0,7,0,10,0.8676,0.8749,0.9933,0.8231,0.0140
0,7,0,11,0.8788,0.8750,0.9882,0.8374,0.0210
0,7,1,0,0.9063,0.9030,0.9762,0.8804,0.0177
0,7,1,1,0.8870,0.8794,0.9846,0.8539,0.0172
0,7,1,2,0.9030,0.8922,0.9846,0.8736,0.0181
0,7,1,3,0.7713,0.7714,0.9886,0.6996,0.0310
0,7,1,4,0.7850,0.7936,0.9871,0.7266,0.0367
0,7,1,5,0.7902,0.8079,0.9671,0.7372,0.0331
0,7,1,6,0.7375,0.7764,0.9716,0.6707,0.0369
0,7,1,7,0.8114,0.8018,0.9924,0.7574,0.0314
0,7,1,8,0.7733,0.7563,0.9579,0.7185,0.0399
0,7,1,9,0.7304,0.7131,0.9389,0.6714,0.0484
0,7,1,10,0.6228,0.7259,0.9713,0.4982,0.0142
0,7,1,11,0.5907,0.6615,0.9067,0.5076,0.0610
0,7,2,0,0.8795,0.9127,0.9927,0.8419,0.0106
0,7,2,1,0.6648,0.6606,0.9502,0.5945,0.0581
0,7,2,2,0.8538,0.8825,0.9523,0.8222,0.0396
0,7,2,3,0.8981,0.8956,0.9627,0.8705,0.0199
0,7,2,4,0.8088,0.8014,0.9392,0.7628,0.0349
0,7,2,5,0.9068,0.9301,0.9927,0.8791,0.0130
0,7,2,6,0.7156,0.6885,0.9316,0.6582,0.0579
0,7,2,7,0.9038,0.9069,0.9895,0.8706,0.0123
0,7,2,8,0.8159,0.8367,0.9848,0.7671,0.0257
0,7,2,9,0.7520,0.8411,0.9941,0.6772,0.0199
0,7,2,10,0.8700,0.8898,0.9976,0.8277,0.0193
0,7,2,11,0.6938,0.6920,0.9473,0.6280,0.0551
0,7,3,0,0.5671,0.5563,0.9017,0.5001,0.0887
0,7,3,1,0.7184,0.7115,0.9372,0.6589,0.0513
0,7,3,2,0.8649,0.8866,0.9635,0.8329,0.0323
0,7,3,3,0.7326,0.7819,0.9275,0.6791,0.0560
0,7,3,4,0.5764,0.5536,0.9047,0.5103,0.0884
0,7,3,5,0.7123,0.7094,0.9766,0.6413,0.0411
0,7,3,6,0.8805,0.9280,0.9931,0.8412,0.0097
0,7,3,7,0.8011,0.8590,0.9738,0.7483,0.0244
0,7,3,8,0.7981,0.8260,0.9377,0.7511,0.0370
0,7,3,9,0.7589,0.7716,0.9351,0.7031,0.0436
0,7,3,10,0.7245,0.7263,0.9345,0.6666,0.0534
0,7,3,11,0.8633,0.9046,0.9732,0.8263,0.0241
0,7,4,0,0.7634,0.7844,0.9312,0.7099,0.0417
0,7,4,1,0.7675,0.8243,0.9409,0.7164,0.0446
0,7,4,2,0.6099,0.5870,0.9189,0.5417,0.0774
0,7,4,3,0.6721,0.7559,0.9585,0.5803,0.0304
0,7,4,4,0.6528,0.6701,0.9312,0.5872,0.0670
0,7,4,5,0.7138,0.7240,0.9348,0.6554,0.0561
0,7,4,6,0.8008,0.8035,0.9861,0.7463,0.0268
0,7,4,7,0.7877,0.8186,0.9753,0.7339,0.0365
0,7,4,8,0.6579,0.6457,0.9251,0.5936,0.0676
0,7,4,9,0.7700,0.7931,0.9716,0.7125,0.0350
0,7,4,10,0.5859,0.5733,0.9134,0.5177,0.0838
0,7,4,11,0.6504,0.7390,0.8715,0.6049,0.0927
0,7,5,0,0.5731,0.5495,0.9007,0.5073,0.0893
0,7,5,1,0.5552,0.5283,0.8961,0.4899,0.0927
0,7,5,2,0.7394,0.7891,0.9588,0.6774,0.0371
0,7,5,3,0.8035,0.8067,0.9884,0.7490,0.0230
0,7,5,4,0.8224,0.8559,0.9767,0.7766,0.0285
0,7,5,5,0.5781,0.5630,0.9031,0.5125,0.0880
0,7,5,6,0.6240,0.6180,0.9103,0.5602,0.0769
0,7,5,7,0.6989,0.7402,0.9297,0.6382,0.0550
0,7,5,8,0.6169,0.6148,0.9223,0.5487,0.0737
0,7,5,9,0.5982,0.5766,0.9122,0.5312,0.0821
0,7,5,10,0.7046,0.7698,0.9670,0.6337,0.0439
0,7,5,11,0.6703,0.6826,0.9205,0.6086,0.0664
0,7,6,0,0.7377,0.7446,0.9871,0.6679,0.0286
0,7,6,1,0.6222,0.6281,0.9279,0.5545,0.0722
0,7,6,2,0.6356,0.6168,0.9258,0.5695,0.0720
0,7,6,3,0.6946,0.6859,0.9481,0.6297,0.0514
0,7,6,4,0.7330,0.7429,0.9791,0.6647,0.0390
0,7,6,5,0.6921,0.6864,0.9376,0.6293,0.0586
0,7,6,6,0.6211,0.6205,0.9164,0.5551,0.0760
0,7,6,7,0.7897,0.8373,0.9913,0.7295,0.0235
0,7,6,8,0.7523,0.7873,0.9649,0.6938,0.0424
0,7,6,9,0.5573,0.5311,0.8973,0.4917,0.0926
0,7,6,10,0.5764,0.5525,0.9017,0.5105,0.0891
0,7,6,11,0.7281,0.7384,0.9492,0.6687,0.0497
0,7,7,0,0.6815,0.6986,0.9410,0.6165,0.0580
0,7,7,1,0.6223,0.6160,0.9155,0.5578,0.0752
0,7,7,2,0.5568,0.5307,0.8968,0.4913,0.0927
0,7,7,3,0.7431,0.7731,0.9802,0.6785,0.0378
0,7,7,4,0.6950,0.7298,0.9319,0.6342,0.0540
0,7,7,5,0.6782,0.6639,0.9386,0.6131,0.0594
0,7,7,6,0.6224,0.6063,0.9237,0.5545,0.0735
0,7,7,7,0.5867,0.5735,0.9084,0.5205,0.0853
0,7,7,8,0.7195,0.7602,0.9695,0.6540,0.0441
0,7,7,9,0.6728,0.6904,0.9460,0.6068,0.0602
0,7,7,10,0.5744,0.5625,0.9021,0.5086,0.0887
0,7,7,11,0.5714,0.5490,0.9029,0.5050,0.0896
0,7,8,0,0.6133,0.5954,0.9186,0.5458,0.0770
0,7,8,1,0.5743,0.5639,0.9020,0.5086,0.0885
0,7,8,2,0.6961,0.6835,0.9488,0.6308,0.0521
0,7,8,3,0.6215,0.6200,0.9325,0.5531,0.0720
0,7,8,4,0.6816,0.6984,0.9339,0.6181,0.0565
0,7,8,5,0.7822,0.7909,0.9873,0.7241,0.0256
0,7,8,6,0.6127,0.5988,0.9179,0.5462,0.0770
0,7,8,7,0.6871,0.7217,0.9324,0.6232,0.0540
0,7,8,8,0.7566,0.7871,0.9708,0.6961,0.0346
0,7,8,9,0.7190,0.7261,0.9646,0.6541,0.0464
0,7,8,10,0.6817,0.6863,0.9522,0.6145,0.0560
0,7,8,11,0.6051,0.5976,0.9307,0.5345,0.0745
0,7,9,0,0.6201,0.6325,0.9463,0.5410,0.0586
0,7,9,1,0.5743,0.5483,0.8997,0.5094,0.0899
0,7,9,2,0.6661,0.7013,0.9549,0.5950,0.0523
0,7,9,3,0.7442,0.7727,0.9632,0.6832,0.0428
0,7,9,4,0.5943,0.5727,0.9106,0.5289,0.0832
0,7,9,5,0.6182,0.6247,0.9347,0.5475,0.0724
0,7,9,6,0.5669,0.5467,0.9041,0.5000,0.0897
0,7,9,7,0.6497,0.6520,0.9408,0.5813,0.0634
0,7,9,8,0.6040,0.6013,0.9348,0.5312,0.0714
0,7,9,9,0.5620,0.5390,0.9000,0.4959,0.0917
0,7,9,10,0.7194,0.7337,0.9325,0.6607,0.0464
0,7,9,11,0.5618,0.5358,0.8992,0.4959,0.0922
0,7,10,0,0.6297,0.6221,0.9453,0.5563,0.0623
0,7,10,1,0.5751,0.5579,0.9054,0.5085,0.0882
0,7,10,2,0.5703,0.5477,0.9044,0.5037,0.0899
0,7,10,3,0.6108,0.5990,0.9203,0.5437,0.0777
0,7,10,4,0.6045,0.5841,0.9222,0.5352,0.0767
0,7,10,5,0.6852,0.7049,0.9217,0.6240,0.0546
0,7,10,6,0.5786,0.5572,0.9120,0.5105,0.0849
0,7,10,7,0.6168,0.6233,0.9361,0.5447,0.0691
0,7,10,8,0.5646,0.5419,0.9015,0.4980,0.0908
0,7,10,9,0.7088,0.7439,0.9493,0.6464,0.0479
0,7,10,10,0.5694,0.5453,0.9034,0.5027,0.0896
0,7,10,11,0.6306,0.6199,0.9203,0.5645,0.0706
0,7,11,0,0.8817,0.8679,0.9351,0.8402,0.0117
0,7,11,1,0.6098,0.5904,0.9175,0.5427,0.0795
0,7,11,2,0.5921,0.5718,0.9148,0.5242,0.0825
0,7,11,3,0.7132,0.7025,0.9682,0.6455,0.0434
0,7,11,4,0.6364,0.6264,0.9350,0.5670,0.0685
0,7,11,5,0.6044,0.5863,0.9180,0.5375,0.0798
0,7,11,6,0.5778,0.5553,0.9064,0.5110,0.0880
0,7,11,7,0.6311,0.6237,0.9262,0.5645,0.0720
0,7,11,8,0.5286,0.6787,0.9432,0.4003,0.0277
0,7,11,9,0.5741,0.5524,0.9035,0.5080,0.0895
0,7,11,10,0.7196,0.7212,0.9646,0.6542,0.0450
0,7,11,11,0.7248,0.7445,0.9658,0.6596,0.0408
0,8,0,0,0.7951,0.8883,0.9545,0.7321,0.0130
0,8,0,1,0.4566,0.4759,0.9249,0.3724,0.0771
0,8,0,2,0.8173,0.8909,0.9967,0.7652,0.0125
0,8,0,3,0.4197,0.5041,0.9380,0.3155,0.0592
0,8,0,4,0.6105,0.6702,0.9834,0.5108,0.0185
0,8,0,5,0.4048,0.5198,0.9263,0.2985,0.0581
0,8,0,6,0.7192,0.8383,0.9460,0.6306,0.0148
0,8,0,7,0.8391,0.8418,0.9953,0.7906,0.0177
0,8,0,8,1.0000,1.0000,1.0000,1.0000,0.0000
0,8,0,9,0.8667,0.8919,0.9949,0.8267,0.0227
0,8,0,10,0.8442,0.8835,0.9911,0.7962,0.0144
0,8,0,11,0.8506,0.9082,0.9787,0.8042,0.0198
0,8,1,0,0.7637,0.7942,0.9894,0.6998,0.0097
0,8,1,1,0.8358,0.8682,0.9940,0.7900,0.0121
0,8,1,2,0.8792,0.8840,0.9947,0.8445,0.0172
0,8,1,3,0.7913,0.8195,0.9827,0.7302,0.0222
0,8,1,4,0.7962,0.8339,0.9930,0.7434,0.0235
0,8,1,5,0.7934,0.8306,0.9841,0.7431,0.0188
0,8,1,6,0.7594,0.8204,0.9859,0.7009,0.0207
0,8,1,7,0.8068,0.8556,0.9974,0.7542,0.0192
0,8,1,8,0.8085,0.8128,0.9761,0.7640,0.0251
0,8,1,9,0.7780,0.7863,0.9615,0.7316,0.0338
0,8,1,10,0.5622,0.7507,0.9795,0.4277,0.0224
0,8,1,11,0.5138,0.5602,0.9408,0.4171,0.0470
0,8,2,0,0.7494,0.8743,0.9975,0.6761,0.0092
0,8,2,1,0.7163,0.7497,0.9685,0.6597,0.0433
0,8,2,2,0.6314,0.7372,0.9745,0.5463,0.0285
0,8,2,3,0.7889,0.8100,0.9806,0.7327,0.0096
0,8,2,4,0.7821,0.8309,0.9642,0.7307,0.0240
0,8,2,5,0.7602,0.8239,0.9943,0.6922,0.0110
0,8,2,6,0.7582,0.7540,0.9558,0.7115,0.0436
0,8,2,7,0.8411,0.8767,0.9728,0.7911,0.0193
0,8,2,8,0.6709,0.8194,0.9951,0.5862,0.0132
0,8,2,9,0.6114,0.7504,0.9954,0.5014,0.0072
0,8,2,10,0.8149,0.8851,0.9889,0.7590,0.0163
0,8,2,11,0.7214,0.7450,0.9669,0.6639,0.0403
0,8,3,0,0.6252,0.6331,0.9297,0.5709,0.0741
0,8,3,1,0.7466,0.7753,0.9596,0.6949,0.0375
0,8,3,2,0.6406,0.7314,0.9811,0.5528,0.0206
0,8,3,3,0.7028,0.7904,0.9556,0.6435,0.0438
0,8,3,4,0.6356,0.6348,0.9319,0.5823,0.0739
0,8,3,5,0.7434,0.7897,0.9840,0.6830,0.0249
0,8,3,6,0.7558,0.8696,0.9852,0.6812,0.0130
0,8,3,7,0.6542,0.7308,0.9904,0.5654,0.0125
0,8,3,8,0.6533,0.7632,0.9629,0.5723,0.0272
0,8,3,9,0.6948,0.8269,0.9635,0.6252,0.0327
0,8,3,10,0.7408,0.7569,0.9578,0.6879,0.0388
0,8,3,11,0.7289,0.8290,0.9906,0.6573,0.0174
0,8,4,0,0.6584,0.8123,0.9590,0.5814,0.0290
0,8,4,1,0.7160,0.7851,0.9664,0.6539,0.0324
0,8,4,2,0.6626,0.6687,0.9441,0.6068,0.0626
0,8,4,3,0.6659,0.7615,0.9639,0.5776,0.0177
0,8,4,4,0.6834,0.7270,0.9541,0.6260,0.0525
0,8,4,5,0.6973,0.7577,0.9573,0.6364,0.0418
0,8,4,6,0.7840,0.8369,0.9925,0.7275,0.0140
0,8,4,7,0.7346,0.7304,0.9891,0.6692,0.0245
0,8,4,8,0.6940,0.7101,0.9499,0.6388,0.0530
0,8,4,9,0.7164,0.8120,0.9870,0.6477,0.0218
0,8,4,10,0.6452,0.6514,0.9384,0.5904,0.0693
0,8,4,11,0.3754,0.5851,0.9122,0.2775,0.0782
0,8,5,0,0.6300,0.6273,0.9290,0.5766,0.0748
0,8,5,1,0.6163,0.6098,0.9250,0.5638,0.0782
0,8,5,2,0.6875,0.7850,0.9796,0.6150,0.0262
0,8,5,3,0.7633,0.8388,0.9951,0.7006,0.0115
0,8,5,4,0.7514,0.8140,0.9878,0.6890,0.0168
0,8,5,5,0.6355,0.6378,0.9306,0.5824,0.0735
0,8,5,6,0.6551,0.6787,0.9380,0.5990,0.0623
0,8,5,7,0.7204,0.7564,0.9551,0.6658,0.0407
0,8,5,8,0.6682,0.6929,0.9465,0.6123,0.0592
0,8,5,9,0.6507,0.6531,0.9383,0.5957,0.0676
0,8,5,10,0.7055,0.7760,0.9828,0.6376,0.0304
0,8,5,11,0.7102,0.7196,0.9471,0.6583,0.0521
0,8,6,0,0.7017,0.8158,0.9934,0.6259,0.0190
0,8,6,1,0.6666,0.7026,0.9511,0.6097,0.0576
0,8,6,2,0.6886,0.6989,0.9492,0.6351,0.0575
0,8,6,3,0.7197,0.7632,0.9692,0.6623,0.0369
0,8,6,4,0.7330,0.8021,0.9898,0.6676,0.0218
0,8,6,5,0.7181,0.7370,0.9596,0.6626,0.0441
0,8,6,6,0.6730,0.6827,0.9418,0.6191,0.0614
0,8,6,7,0.7632,0.8416,0.9914,0.6990,0.0100
0,8,6,8,0.7014,0.7751,0.9809,0.6325,0.0296
0,8,6,9,0.6185,0.6124,0.9259,0.5659,0.0781
0,8,6,10,0.6343,0.6321,0.9299,0.5810,0.0745
0,8,6,11,0.7168,0.7706,0.9683,0.6563,0.0352
0,8,7,0,0.6566,0.7463,0.9639,0.5879,0.0442
0,8,7,1,0.6672,0.6829,0.9415,0.6131,0.0606
0,8,7,2,0.6174,0.6115,0.9256,0.5648,0.0782
0,8,7,3,0.7388,0.8069,0.9899,0.6757,0.0235
0,8,7,4,0.6759,0.7545,0.9575,0.6124,0.0405
0,8,7,5,0.6965,0.7348,0.9598,0.6371,0.0451
0,8,7,6,0.6714,0.6824,0.9482,0.6154,0.0586
0,8,7,7,0.6424,0.6542,0.9357,0.5885,0.0707
0,8,7,8,0.7089,0.8167,0.9852,0.6432,0.0298
0,8,7,9,0.6972,0.7445,0.9643,0.6384,0.0457
0,8,7,10,0.6316,0.6380,0.9301,0.5783,0.0741
0,8,7,11,0.6299,0.6291,0.9308,0.5762,0.0750
0,8,8,0,0.6663,0.6686,0.9436,0.6111,0.0624
0,8,8,1,0.6297,0.6401,0.9303,0.5760,0.0740
0,8,8,2,0.7298,0.7602,0.9703,0.6740,0.0375
0,8,8,3,0.6718,0.7082,0.9554,0.6155,0.0575
0,8,8,4,0.6808,0.7488,0.9573,0.6188,0.0422
0,8,8,5,0.7429,0.8434,0.9927,0.6771,0.0129
0,8,8,6,0.6691,0.6766,0.9434,0.6156,0.0624
0,8,8,7,0.6388,0.7606,0.9596,0.5659,0.0416
0,8,8,8,0.7693,0.8385,0.9847,0.7142,0.0198
0,8,8,9,0.7369,0.7824,0.9778,0.6785,0.0314
0,8,8,10,0.7239,0.7542,0.9690,0.6682,0.0412
0,8,8,11,0.6577,0.6749,0.9509,0.5998,0.0600
0,8,9,0,0.6696,0.7316,0.9564,0.6043,0.0454
0,8,9,1,0.6322,0.6277,0.9282,0.5797,0.0753
0,8,9,2,0.7092,0.7674,0.9672,0.6502,0.0388
0,8,9,3,0.7187,0.8177,0.9808,0.6536,0.0285
0,8,9,4,0.6531,0.6552,0.9363,0.6006,0.0686
0,8,9,5,0.6680,0.6951,0.9542,0.6097,0.0576
0,8,9,6,0.6267,0.6282,0.9311,0.5728,0.0752
0,8,9,7,0.6929,0.7335,0.9600,0.6358,0.0488
0,8,9,8,0.6552,0.6764,0.9525,0.5952,0.0565
0,8,9,9,0.6228,0.6197,0.9280,0.5698,0.0771
0,8,9,10,0.6965,0.7689,0.9581,0.6340,0.0342
0,8,9,11,0.6219,0.6174,0.9275,0.5689,0.0777
0,8,10,0,0.6812,0.7178,0.9592,0.6211,0.0472
0,8,10,1,0.6340,0.6424,0.9331,0.5802,0.0736
0,8,10,2,0.6297,0.6302,0.9316,0.5760,0.0753
0,8,10,3,0.6705,0.6791,0.9453,0.6171,0.0631
0,8,10,4,0.6568,0.6657,0.9448,0.5999,0.0622
0,8,10,5,0.6728,0.7500,0.9507,0.6103,0.0413
0,8,10,6,0.6388,0.6419,0.9368,0.5841,0.0703
0,8,10,7,0.6715,0.7034,0.9541,0.6130,0.0546
0,8,10,8,0.6259,0.6232,0.9294,0.5725,0.0762
0,8,10,9,0.7009,0.7750,0.9706,0.6384,0.0338
0,8,10,10,0.6304,0.6274,0.9308,0.5769,0.0750
0,8,10,11,0.6747,0.7045,0.9458,0.6192,0.0560
0,8,11,0,0.8427,0.8987,0.9101,0.7928,0.0215
0,8,11,1,0.6641,0.6693,0.9428,0.6095,0.0649
0,8,11,2,0.6517,0.6570,0.9405,0.5973,0.0680
0,8,11,3,0.7269,0.7801,0.9798,0.6649,0.0289
0,8,11,4,0.6834,0.7024,0.9578,0.6259,0.0537
0,8,11,5,0.6635,0.6663,0.9425,0.6099,0.0652
0,8,11,6,0.6354,0.6365,0.9335,0.5813,0.0735
0,8,11,7,0.6793,0.7001,0.9502,0.6242,0.0575
0,8,11,8,0.5411,0.7230,0.9695,0.4235,0.0171
0,8,11,9,0.6319,0.6317,0.9314,0.5783,0.0749
0,8,11,10,0.7305,0.7874,0.9797,0.6700,0.0304
0,8,11,11,0.7306,0.7943,0.9792,0.6692,0.0260
0,9,0,0,0.9347,0.9379,0.9787,0.9131,0.0150
0,9,0,1,0.3010,0.3874,0.8824,0.1812,0.0870
0,9,0,2,0.9764,0.9807,0.9989,0.9697,0.0118
0,9,0,3,0.3410,0.4203,0.8990,0.2144,0.0695
0,9,0,4,0.6191,0.5984,0.9614,0.5162,0.0349
0,9,0,5,0.3604,0.4245,0.8843,0.2392,0.0687
0,9,0,6,0.8611,0.8732,0.9733,0.8141,0.0178
0,9,0,7,0.8861,0.8800,0.9987,0.8492,0.0241
0,9,0,8,0.8667,0.8919,0.9949,0.8267,0.0227
0,9,0,9,1.0000,1.0000,1.0000,1.0000,0.0000
0,9,0,10,0.9438,0.9281,0.9960,0.9251,0.0148
0,9,0,11,0.9718,0.9683,0.9930,0.9626,0.0081
0,9,1,0,0.8766,0.8598,0.9713,0.8420,0.0209
0,9,1,1,0.9726,0.9696,0.9809,0.9652,0.0140
0,9,1,2,0.9767,0.9696,0.9811,0.9699,0.0108
0,9,1,3,0.9218,0.8979,0.9941,0.8975,0.0249
0,9,1,4,0.9570,0.9569,0.9854,0.9473,0.0257
0,9,1,5,0.9389,0.9333,0.9637,0.9262,0.0310
0,9,1,6,0.8771,0.8791,0.9697,0.8481,0.0340
0,9,1,7,0.9751,0.9771,0.9914,0.9691,0.0180
0,9,1,8,0.9487,0.9388,0.9529,0.9403,0.0336
0,9,1,9,0.9301,0.9168,0.9326,0.9210,0.0437
0,9,1,10,0.5084,0.7269,0.9793,0.3468,0.0168
0,9,1,11,0.5035,0.4783,0.9022,0.4000,0.0581
0,9,2,0,0.9094,0.9149,0.9948,0.8813,0.0230
0,9,2,1,0.8889,0.8836,0.9463,0.8727,0.0534
0,9,2,2,0.6763,0.7092,0.9471,0.5989,0.0425
0,9,2,3,0.8963,0.8718,0.9570,0.8682,0.0228
0,9,2,4,0.8938,0.8977,0.9341,0.8704,0.0394
0,9,2,5,0.8727,0.8742,0.9879,0.8347,0.0248
0,9,2,6,0.9011,0.8882,0.9259,0.8883,0.0539
0,9,2,7,0.9068,0.8942,0.9903,0.8749,0.0197
0,9,2,8,0.7922,0.8476,0.9829,0.7368,0.0302
0,9,2,9,0.6937,0.7579,0.9971,0.6015,0.0247
0,9,2,10,0.9646,0.9646,0.9974,0.9531,0.0093
0,9,2,11,0.9017,0.8927,0.9427,0.8871,0.0504
0,9,3,0,0.8130,0.7941,0.8956,0.7978,0.0840
0,9,3,1,0.9044,0.8987,0.9306,0.8906,0.0500
0,9,3,2,0.7199,0.7285,0.9575,0.6490,0.0367
0,9,3,3,0.8451,0.8616,0.9233,0.8187,0.0565
0,9,3,4,0.8231,0.7994,0.8988,0.8092,0.0837
0,9,3,5,0.9178,0.9144,0.9767,0.9012,0.0366
0,9,3,6,0.8571,0.8815,0.9971,0.8103,0.0194
0,9,3,7,0.7858,0.7707,0.9722,0.7288,0.0317
0,9,3,8,0.7704,0.7852,0.9311,0.7163,0.0430
0,9,3,9,0.8308,0.8689,0.9321,0.7936,0.0464
0,9,3,10,0.9028,0.8924,0.9284,0.8886,0.0487
0,9,3,11,0.8897,0.8878,0.9724,0.8602,0.0323
0,9,4,0,0.8017,0.8457,0.9257,0.7580,0.0446
0,9,4,1,0.8678,0.8642,0.9376,0.8421,0.0464
0,9,4,2,0.8470,0.8252,0.9137,0.8315,0.0727
0,9,4,3,0.7782,0.7896,0.9703,0.7170,0.0346
0,9,4,4,0.8620,0.8637,0.9266,0.8448,0.0623
0,9,4,5,0.8814,0.8810,0.9292,0.8635,0.0522
0,9,4,6,0.9659,0.9662,0.9841,0.9584,0.0210
0,9,4,7,0.7163,0.7081,0.9704,0.6432,0.0430
0,9,4,8,0.8820,0.8655,0.9200,0.8694,0.0628
0,9,4,9,0.8905,0.8941,0.9699,0.8654,0.0342
0,9,4,10,0.8250,0.8047,0.9081,0.8085,0.0791
0,9,4,11,0.4639,0.5326,0.8663,0.3798,0.0880
0,9,5,0,0.8171,0.7924,0.8946,0.8027,0.0846
0,9,5,1,0.8070,0.7785,0.8898,0.7937,0.0880
0,9,5,2,0.8781,0.8764,0.9569,0.8522,0.0424
0,9,5,3,0.9384,0.9459,0.9888,0.9227,0.0251
0,9,5,4,0.9304,0.9228,0.9728,0.9144,0.0329
0,9,5,5,0.8229,0.8014,0.8971,0.8091,0.0833
0,9,5,6,0.8443,0.8279,0.9046,0.8291,0.0722
0,9,5,7,0.8562,0.8588,0.9248,0.8333,0.0531
0,9,5,8,0.8531,0.8466,0.9164,0.8378,0.0690
0,9,5,9,0.8410,0.8170,0.9066,0.8268,0.0774
0,9,5,10,0.8822,0.8787,0.9660,0.8576,0.0434
0,9,5,11,0.8683,0.8568,0.9149,0.8524,0.0627
0,9,6,0,0.8748,0.8864,0.9873,0.8431,0.0338
0,9,6,1,0.8550,0.8517,0.9240,0.8396,0.0674
0,9,6,2,0.8677,0.8518,0.9206,0.8542,0.0673
0,9,6,3,0.9096,0.9035,0.9443,0.8973,0.0467
0,9,6,4,0.9039,0.9022,0.9792,0.8818,0.0361
0,9,6,5,0.8986,0.8856,0.9325,0.8854,0.0539
0,9,6,6,0.8473,0.8334,0.9109,0.8316,0.0712
0,9,6,7,0.9335,0.9288,0.9899,0.9154,0.0211
0,9,6,8,0.8739,0.8765,0.9636,0.8471,0.0442
0,9,6,9,0.8084,0.7805,0.8911,0.7949,0.0879
0,9,6,10,0.8229,0.7966,0.8956,0.8092,0.0843
0,9,6,11,0.8993,0.9006,0.9449,0.8826,0.0450
0,9,7,0,0.8364,0.8484,0.9370,0.8086,0.0567
0,9,7,1,0.8515,0.8368,0.9100,0.8375,0.0704
0,9,7,2,0.8079,0.7799,0.8906,0.7945,0.0880
0,9,7,3,0.9160,0.9301,0.9795,0.8978,0.0344
0,9,7,4,0.8744,0.8898,0.9266,0.8564,0.0538
0,9,7,5,0.8824,0.8739,0.9334,0.8660,0.0555
0,9,7,6,0.8551,0.8364,0.9190,0.8396,0.0687
0,9,7,7,0.8305,0.8134,0.9030,0.8165,0.0805
0,9,7,8,0.8976,0.9128,0.9678,0.8779,0.0407
0,9,7,9,0.8824,0.8863,0.9425,0.8663,0.0558
0,9,7,10,0.8219,0.8027,0.8960,0.8084,0.0840
0,9,7,11,0.8188,0.7945,0.8969,0.8046,0.0849
0,9,8,0,0.8484,0.8276,0.9134,0.8330,0.0723
0,9,8,1,0.8220,0.8043,0.8959,0.8085,0.0838
0,9,8,2,0.9124,0.9074,0.9447,0.9003,0.0474
0,9,8,3,0.8607,0.8559,0.9288,0.8462,0.0673
0,9,8,4,0.8649,0.8755,0.9287,0.8450,0.0539
0,9,8,5,0.9183,0.9432,0.9844,0.8983,0.0256
0,9,8,6,0.8457,0.8299,0.9130,0.8306,0.0723
0,9,8,7,0.7841,0.8336,0.9276,0.7436,0.0546
0,9,8,8,0.9224,0.9282,0.9681,0.9062,0.0302
0,9,8,9,0.9113,0.9086,0.9627,0.8957,0.0417
0,9,8,10,0.8901,0.8893,0.9493,0.8737,0.0513
0,9,8,11,0.8445,0.8316,0.9269,0.8274,0.0698
0,9,9,0,0.8532,0.8452,0.9505,0.8298,0.0584
0,9,9,1,0.8191,0.7925,0.8936,0.8057,0.0851
0,9,9,2,0.8856,0.8829,0.9553,0.8679,0.0521
0,9,9,3,0.8863,0.9068,0.9596,0.8624,0.0401
0,9,9,4,0.8336,0.8132,0.9053,0.8197,0.0784
0,9,9,5,0.8515,0.8454,0.9313,0.8339,0.0677
0,9,9,6,0.8175,0.7943,0.8983,0.8034,0.0850
0,9,9,7,0.8847,0.8797,0.9364,0.8713,0.0586
0,9,9,8,0.8405,0.8268,0.9325,0.8211,0.0666
0,9,9,9,0.8130,0.7870,0.8939,0.7993,0.0870
0,9,9,10,0.8785,0.8847,0.9270,0.8587,0.0472
0,9,9,11,0.8121,0.7848,0.8931,0.7986,0.0875
0,9,10,0,0.8709,0.8593,0.9441,0.8540,0.0592
0,9,10,1,0.8252,0.8039,0.8998,0.8116,0.0834
0,9,10,2,0.8193,0.7955,0.8986,0.8053,0.0851
0,9,10,3,0.8467,0.8321,0.9157,0.8318,0.0729
0,9,10,4,0.8438,0.8223,0.9174,0.8276,0.0720
0,9,10,5,0.8534,0.8649,0.9173,0.8318,0.0546
0,9,10,6,0.8269,0.8041,0.9068,0.8121,0.0802
0,9,10,7,0.8562,0.8500,0.9334,0.8389,0.0644
0,9,10,8,0.8139,0.7884,0.8956,0.7996,0.0861
0,9,10,9,0.8768,0.8907,0.9467,0.8558,0.0463
0,9,10,10,0.8191,0.7931,0.8975,0.8051,0.0849
0,9,10,11,0.8493,0.8380,0.9153,0.8324,0.0661
0,9,11,0,0.9262,0.9185,0.9455,0.9010,0.0190
0,9,11,1,0.8505,0.8300,0.9123,0.8365,0.0748
0,9,11,2,0.8364,0.8158,0.9098,0.8216,0.0778
0,9,11,3,0.9102,0.9050,0.9670,0.8934,0.0403
0,9,11,4,0.8653,0.8534,0.9314,0.8487,0.0638
0,9,11,5,0.8416,0.8226,0.9132,0.8266,0.0750
0,9,11,6,0.8256,0.8016,0.9007,0.8115,0.0833
0,9,11,7,0.8631,0.8531,0.9213,0.8488,0.0673
0,9,11,8,0.4455,0.6558,0.9453,0.2946,0.0314
0,9,11,9,0.8215,0.7975,0.8977,0.8076,0.0847
0,9,11,10,0.8981,0.9064,0.9626,0.8787,0.0424
0,9,11,11,0.9174,0.9182,0.9626,0.9022,0.0374
0,10,0,0,0.9058,0.9068,0.9773,0.8733,0.0091
0,10,0,1,0.5455,0.6468,0.8804,0.4758,0.0895
0,10,0,2,0.9262,0.9204,0.9932,0.9039,0.0130
0,10,0,3,0.5904,0.6771,0.8976,0.5180,0.0712
0,10,0,4,0.7794,0.7872,0.9611,0.7200,0.0282
0,10,0,5,0.6210,0.6782,0.8845,0.5565,0.0702
0,10,0,6,0.8253,0.8631,0.9723,0.7634,0.0109
0,10,0,7,0.8676,0.8749,0.9933,0.8231,0.0140
0,10,0,8,0.8442,0.8835,0.9911,0.7962,0.0144
0,10,0,9,0.9438,0.9281,0.9960,0.9251,0.0148
0,10,0,10,1.0000,1.0000,1.0000,1.0000,0.0000
0,10,0,11,0.9663,0.9687,0.9948,0.9543,0.0109
0,10,1,0,0.8336,0.8450,0.9642,0.7856,0.0157
0,10,1,1,0.9305,0.9187,0.9735,0.9106,0.0123
0,10,1,2,0.9520,0.9340,0.9776,0.9376,0.0148
0,10,1,3,0.9169,0.9031,0.9874,0.8905,0.0224
0,10,1,4,0.9208,0.9049,0.9731,0.9014,0.0269
0,10,1,5,0.9327,0.9178,0.9545,0.9194,0.0306
0,10,1,6,0.8530,0.8584,0.9568,0.8176,0.0328
0,10,1,7,0.9212,0.8972,0.9816,0.8995,0.0218
0,10,1,8,0.9023,0.8656,0.9398,0.8825,0.0361
0,10,1,9,0.8790,0.8354,0.9179,0.8584,0.0462
0,10,1,10,0.6047,0.8310,0.9881,0.4696,0.0177
0,10,1,11,0.7241,0.7212,0.9021,0.6725,0.0585
0,10,2,0,0.8646,0.8855,0.9963,0.8212,0.0134
0,10,2,1,0.8452,0.8115,0.9278,0.8197,0.0556
0,10,2,2,0.6131,0.7411,0.9411,0.5169,0.0382
0,10,2,3,0.8362,0.8537,0.9504,0.7902,0.0180
0,10,2,4,0.8342,0.8456,0.9239,0.7951,0.0337
0,10,2,5,0.8155,0.8629,0.9779,0.7587,0.0171
0,10,2,6,0.8566,0.8142,0.9098,0.8345,0.0556
0,10,2,7,0.9402,0.9527,0.9875,0.9187,0.0125
0,10,2,8,0.7345,0.8102,0.9734,0.6614,0.0240
0,10,2,9,0.6467,0.8080,0.9904,0.5366,0.0164
0,10,2,10,0.9542,0.9538,0.9914,0.9389,0.0108
0,10,2,11,0.8600,0.8275,0.9258,0.8363,0.0526
0,10,3,0,0.7708,0.7194,0.8742,0.7485,0.0864
0,10,3,1,0.8536,0.8297,0.9149,0.8284,0.0491
0,10,3,2,0.6673,0.7613,0.9497,0.5801,0.0303
0,10,3,3,0.7723,0.8211,0.9129,0.7287,0.0540
0,10,3,4,0.7690,0.7122,0.8768,0.7453,0.0862
0,10,3,5,0.8764,0.8477,0.9590,0.8496,0.0362
0,10,3,6,0.8413,0.8945,0.9953,0.7873,0.0091
0,10,3,7,0.7300,0.7966,0.9660,0.6557,0.0243
0,10,3,8,0.7290,0.7965,0.9259,0.6631,0.0369
0,10,3,9,0.7696,0.8240,0.9269,0.7161,0.0424
0,10,3,10,0.8775,0.8476,0.9138,0.8586,0.0512
0,10,3,11,0.8467,0.8771,0.9699,0.8044,0.0245
0,10,4,0,0.7415,0.8067,0.9198,0.6818,0.0395
0,10,4,1,0.8022,0.8310,0.9288,0.7601,0.0426
0,10,4,2,0.7973,0.7454,0.8931,0.7722,0.0749
0,10,4,3,0.7412,0.7937,0.9640,0.6675,0.0269
0,10,4,4,0.8178,0.8009,0.9080,0.7916,0.0648
0,10,4,5,0.8341,0.8235,0.9124,0.8057,0.0539
0,10,4,6,0.8980,0.8900,0.9708,0.8713,0.0227
0,10,4,7,0.8496,0.8666,0.9666,0.8126,0.0345
0,10,4,8,0.8336,0.7890,0.9019,0.8114,0.0653
0,10,4,9,0.8330,0.8410,0.9587,0.7925,0.0328
0,10,4,10,0.7795,0.7316,0.8858,0.7548,0.0816
0,10,4,11,0.3748,0.6049,0.8642,0.2696,0.0905
0,10,5,0,0.7681,0.7097,0.8732,0.7452,0.0871
0,10,5,1,0.7542,0.6918,0.8678,0.7318,0.0905
0,10,5,2,0.8044,0.8215,0.9471,0.7593,0.0359
0,10,5,3,0.8846,0.8744,0.9776,0.8533,0.0207
0,10,5,4,0.8756,0.8788,0.9608,0.8447,0.0273
0,10,5,5,0.7701,0.7184,0.8754,0.7469,0.0858
0,10,5,6,0.7885,0.7520,0.8856,0.7625,0.0746
0,10,5,7,0.8003,0.8052,0.9101,0.7647,0.0527
0,10,5,8,0.7998,0.7645,0.8962,0.7740,0.0715
0,10,5,9,0.7841,0.7313,0.8853,0.7591,0.0799
0,10,5,10,0.8565,0.8467,0.9534,0.8258,0.0409
0,10,5,11,0.8343,0.8105,0.8988,0.8119,0.0641
0,10,6,0,0.8141,0.8259,0.9753,0.7650,0.0272
0,10,6,1,0.8003,0.7698,0.9036,0.7740,0.0699
0,10,6,2,0.8173,0.7689,0.9002,0.7939,0.0698
0,10,6,3,0.8564,0.8207,0.9290,0.8322,0.0492
0,10,6,4,0.8881,0.8816,0.9658,0.8623,0.0341
0,10,6,5,0.8521,0.8170,0.9155,0.8290,0.0564
0,10,6,6,0.8095,0.7736,0.8909,0.7870,0.0737
0,10,6,7,0.8978,0.8986,0.9775,0.8693,0.0192
0,10,6,8,0.8037,0.8176,0.9490,0.7585,0.0404
0,10,6,9,0.7555,0.6941,0.8690,0.7328,0.0904
0,10,6,10,0.7725,0.7138,0.8743,0.7499,0.0868
0,10,6,11,0.8516,0.8388,0.9280,0.8239,0.0475
0,10,7,0,0.7706,0.7900,0.9213,0.7273,0.0558
0,10,7,1,0.8058,0.7633,0.8904,0.7834,0.0729
0,10,7,2,0.7553,0.6939,0.8686,0.7328,0.0905
0,10,7,3,0.8641,0.8637,0.9656,0.8324,0.0356
0,10,7,4,0.8222,0.8312,0.9139,0.7928,0.0518
0,10,7,5,0.8380,0.7997,0.9147,0.8123,0.0572
0,10,7,6,0.8073,0.7608,0.8991,0.7825,0.0710
0,10,7,7,0.7793,0.7304,0.8822,0.7561,0.0830
0,10,7,8,0.8424,0.8497,0.9554,0.8091,0.0418
0,10,7,9,0.8259,0.8130,0.9228,0.7975,0.0580
0,10,7,10,0.7684,0.7187,0.8747,0.7453,0.0864
0,10,7,11,0.7668,0.7096,0.8754,0.7434,0.0874
0,10,8,0,0.8009,0.7494,0.8927,0.7766,0.0748
0,10,8,1,0.7695,0.7199,0.8750,0.7467,0.0863
0,10,8,2,0.8631,0.8263,0.9304,0.8401,0.0498
0,10,8,3,0.8097,0.7732,0.9092,0.7853,0.0698
0,10,8,4,0.8159,0.8112,0.9123,0.7853,0.0543
0,10,8,5,0.8652,0.8808,0.9706,0.8302,0.0231
0,10,8,6,0.7940,0.7486,0.8925,0.7691,0.0748
0,10,8,7,0.7332,0.7956,0.9175,0.6803,0.0521
0,10,8,8,0.8757,0.8784,0.9554,0.8476,0.0321
0,10,8,9,0.8640,0.8458,0.9447,0.8371,0.0437
0,10,8,10,0.8510,0.8304,0.9301,0.8262,0.0535
0,10,8,11,0.7892,0.7480,0.9034,0.7610,0.0723
0,10,9,0,0.8012,0.7781,0.9269,0.7662,0.0561
0,10,9,1,0.7675,0.7078,0.8722,0.7450,0.0876
0,10,9,2,0.8275,0.8231,0.9340,0.7966,0.0498
0,10,9,3,0.8226,0.8606,0.9474,0.7823,0.0400
0,10,9,4,0.7837,0.7311,0.8830,0.7608,0.0809
0,10,9,5,0.8053,0.7752,0.9087,0.7785,0.0699
0,10,9,6,0.7654,0.7092,0.8758,0.7421,0.0875
0,10,9,7,0.8280,0.7995,0.9157,0.8027,0.0611
0,10,9,8,0.7839,0.7469,0.9077,0.7529,0.0689
0,10,9,9,0.7612,0.7019,0.8717,0.7385,0.0895
0,10,9,10,0.8454,0.8346,0.9154,0.8185,0.0442
0,10,9,11,0.7590,0.6983,0.8711,0.7361,0.0900
0,10,10,0,0.8151,0.7788,0.9194,0.7862,0.0596
0,10,10,1,0.7729,0.7188,0.8787,0.7500,0.0859
0,10,10,2,0.7665,0.7098,0.8765,0.7430,0.0876
0,10,10,3,0.7973,0.7547,0.8951,0.7730,0.0754
0,10,10,4,0.7890,0.7388,0.8943,0.7621,0.0745
0,10,10,5,0.8102,0.8080,0.9056,0.7794,0.0523
0,10,10,6,0.7745,0.7203,0.8835,0.7500,0.0826
0,10,10,7,0.8110,0.7772,0.9098,0.7847,0.0669
0,10,10,8,0.7616,0.7040,0.8736,0.7380,0.0885
0,10,10,9,0.8390,0.8403,0.9335,0.8096,0.0451
0,10,10,10,0.7667,0.7079,0.8755,0.7433,0.0874
0,10,10,11,0.7915,0.7616,0.8957,0.7630,0.0683
0,10,11,0,0.9233,0.9223,0.9475,0.8952,0.0105
0,10,11,1,0.7977,0.7458,0.8915,0.7737,0.0773
0,10,11,2,0.7829,0.7317,0.8884,0.7581,0.0803
0,10,11,3,0.8518,0.8294,0.9484,0.8205,0.0407
0,10,11,4,0.8194,0.7824,0.9127,0.7935,0.0660
0,10,11,5,0.7894,0.7410,0.8913,0.7646,0.0775
0,10,11,6,0.7739,0.7174,0.8790,0.7505,0.0858
0,10,11,7,0.8118,0.7722,0.9016,0.7875,0.0698
0,10,11,8,0.5407,0.7815,0.9531,0.4121,0.0262
0,10,11,9,0.7689,0.7122,0.8763,0.7456,0.0872
0,10,11,10,0.8626,0.8514,0.9466,0.8348,0.0420
0,10,11,11,0.8618,0.8544,0.9461,0.8328,0.0383
0,11,0,0,0.9328,0.9405,0.9936,0.9092,0.0110
0,11,0,1,0.4210,0.5059,0.8366,0.3228,0.0912
0,11,0,2,0.9601,0.9628,0.9889,0.9488,0.0139
0,11,0,3,0.4624,0.5395,0.8569,0.3589,0.0735
0,11,0,4,0.7003,0.6928,0.9341,0.6168,0.0352
0,11,0,5,0.4807,0.5429,0.8404,0.3825,0.0724
0,11,0,6,0.8581,0.8819,0.9900,0.8067,0.0136
0,11,0,7,0.8788,0.8750,0.9882,0.8374,0.0210
0,11,0,8,0.8506,0.9082,0.9787,0.8042,0.0198
0,11,0,9,0.9718,0.9683,0.9930,0.9626,0.0081
0,11,0,10,0.9663,0.9687,0.9948,0.9543,0.0109
0,11,0,11,1.0000,1.0000,1.0000,1.0000,0.0000
0,11,1,0,0.8669,0.8436,0.9392,0.8289,0.0201
0,11,1,1,0.9632,0.9477,0.9528,0.9539,0.0151
0,11,1,2,0.9614,0.9539,0.9555,0.9504,0.0094
0,11,1,3,0.9423,0.9322,0.9932,0.9242,0.0244
0,11,1,4,0.9505,0.9391,0.9595,0.9404,0.0286
0,11,1,5,0.9329,0.9209,0.9284,0.9204,0.0331
0,11,1,6,0.8790,0.8801,0.9363,0.8513,0.0350
0,11,1,7,0.9618,0.9461,0.9699,0.9531,0.0219
0,11,1,8,0.9288,0.9104,0.9122,0.9173,0.0378
0,11,1,9,0.9037,0.8827,0.8857,0.8905,0.0479
0,11,1,10,0.6036,0.8233,0.9813,0.4654,0.0139
0,11,1,11,0.5924,0.5862,0.8605,0.5074,0.0613
0,11,2,0,0.9183,0.9185,0.9852,0.8923,0.0214
0,11,2,1,0.8819,0.8594,0.9038,0.8668,0.0573
0,11,2,2,0.6660,0.7167,0.9091,0.5833,0.0446
0,11,2,3,0.8659,0.8601,0.9202,0.8287,0.0239
0,11,2,4,0.8787,0.8766,0.8900,0.8524,0.0409
0,11,2,5,0.8638,0.8625,0.9635,0.8218,0.0230
0,11,2,6,0.8869,0.8570,0.8775,0.8736,0.0579
0,11,2,7,0.9389,0.9314,0.9941,0.9161,0.0136
0,11,2,8,0.8120,0.8363,0.9559,0.7611,0.0307
0,11,2,9,0.6937,0.7917,0.9862,0.5967,0.0215
0,11,2,10,0.9734,0.9639,0.9901,0.9647,0.0075
0,11,2,11,0.8901,0.8644,0.8985,0.8752,0.0543
0,11,3,0,0.7995,0.7600,0.8397,0.7849,0.0882
0,11,3,1,0.8952,0.8707,0.8829,0.8818,0.0523
0,11,3,2,0.7105,0.7372,0.9210,0.6346,0.0380
0,11,3,3,0.8359,0.8436,0.8772,0.8090,0.0586
0,11,3,4,0.8041,0.7597,0.8437,0.7897,0.0879
0,11,3,5,0.9062,0.8942,0.9493,0.8883,0.0382
0,11,3,6,0.8625,0.8960,0.9985,0.8148,0.0160
0,11,3,7,0.7642,0.7784,0.9428,0.6993,0.0310
0,11,3,8,0.7901,0.7923,0.8885,0.7408,0.0449
0,11,3,9,0.8465,0.8563,0.8924,0.8143,0.0485
0,11,3,10,0.8986,0.8684,0.8805,0.8861,0.0529
0,11,3,11,0.8979,0.8859,0.9457,0.8711,0.0325
0,11,4,0,0.8184,0.8316,0.8822,0.7795,0.0462
0,11,4,1,0.8637,0.8472,0.8957,0.8385,0.0485
0,11,4,2,0.8326,0.7934,0.8623,0.8171,0.0766
0,11,4,3,0.7641,0.8125,0.9671,0.6964,0.0336
0,11,4,4,0.8515,0.8341,0.8783,0.8346,0.0665
0,11,4,5,0.8734,0.8550,0.8811,0.8560,0.0561
0,11,4,6,0.9384,0.9304,0.9571,0.9242,0.0244
0,11,4,7,0.7687,0.7696,0.9421,0.7083,0.0428
0,11,4,8,0.8644,0.8297,0.8700,0.8508,0.0670
0,11,4,9,0.8856,0.8798,0.9372,0.8603,0.0366
0,11,4,10,0.8113,0.7759,0.8552,0.7950,0.0833
0,11,4,11,0.4363,0.5493,0.8165,0.3435,0.0922
0,11,5,0,0.8003,0.7541,0.8386,0.7858,0.0888
0,11,5,1,0.7881,0.7391,0.8328,0.7745,0.0922
0,11,5,2,0.8448,0.8501,0.9208,0.8111,0.0442
0,11,5,3,0.9310,0.9209,0.9672,0.9141,0.0256
0,11,5,4,0.9193,0.8974,0.9396,0.9015,0.0335
0,11,5,5,0.8038,0.7632,0.8416,0.7894,0.0875
0,11,5,6,0.8255,0.7929,0.8511,0.8094,0.0763
0,11,5,7,0.8439,0.8303,0.8768,0.8200,0.0555
0,11,5,8,0.8375,0.8108,0.8651,0.8218,0.0732
0,11,5,9,0.8193,0.7781,0.8534,0.8036,0.0816
0,11,5,10,0.8638,0.8603,0.9323,0.8355,0.0453
0,11,5,11,0.8538,0.8299,0.8640,0.8374,0.0664
0,11,6,0,0.8591,0.8674,0.9664,0.8232,0.0338
0,11,6,1,0.8369,0.8162,0.8756,0.8205,0.0716
0,11,6,2,0.8497,0.8158,0.8706,0.8352,0.0715
0,11,6,3,0.8939,0.8692,0.9017,0.8804,0.0509
0,11,6,4,0.9133,0.9096,0.9519,0.8953,0.0358
0,11,6,5,0.8837,0.8531,0.8856,0.8697,0.0581
0,11,6,6,0.8356,0.8047,0.8584,0.8204,0.0754
0,11,6,7,0.9277,0.9180,0.9685,0.9085,0.0224
0,11,6,8,0.8549,0.8511,0.9286,0.8241,0.0460
0,11,6,9,0.7897,0.7414,0.8343,0.7759,0.0921
0,11,6,10,0.8062,0.7595,0.8398,0.7925,0.0885
0,11,6,11,0.8891,0.8734,0.9015,0.8722,0.0492
0,11,7,0,0.8230,0.8255,0.8925,0.7936,0.0590
0,11,7,1,0.8373,0.8049,0.8576,0.8236,0.0746
0,11,7,2,0.7892,0.7409,0.8337,0.7755,0.0922
0,11,7,3,0.9060,0.9020,0.9513,0.8866,0.0378
0,11,7,4,0.8651,0.8580,0.8794,0.8475,0.0559
0,11,7,5,0.8742,0.8435,0.8866,0.8587,0.0594
0,11,7,6,0.8412,0.8064,0.8690,0.8257,0.0727
0,11,7,7,0.8130,0.7761,0.8491,0.7987,0.0847
0,11,7,8,0.8792,0.8873,0.9343,0.8564,0.0441
0,11,7,9,0.8715,0.8558,0.8990,0.8555,0.0597
0,11,7,10,0.8025,0.7637,0.8403,0.7884,0.0882
0,11,7,11,0.8009,0.7564,0.8415,0.7864,0.0891
0,11,8,0,0.8298,0.7923,0.8618,0.8134,0.0765
0,11,8,1,0.8029,0.7652,0.8403,0.7889,0.0880
0,11,8,2,0.8969,0.8740,0.9028,0.8837,0.0516
0,11,8,3,0.8433,0.8204,0.8819,0.8280,0.0715
0,11,8,4,0.8635,0.8472,0.8810,0.8459,0.0568
0,11,8,5,0.9108,0.9168,0.9572,0.8896,0.0266
0,11,8,6,0.8312,0.7947,0.8616,0.8162,0.0765
0,11,8,7,0.7899,0.8189,0.8828,0.7517,0.0567
0,11,8,8,0.9089,0.9056,0.9336,0.8907,0.0338
0,11,8,9,0.8954,0.8823,0.9267,0.8777,0.0454
0,11,8,10,0.8832,0.8632,0.9083,0.8677,0.0552
0,11,8,11,0.8266,0.7971,0.8797,0.8085,0.0740
0,11,9,0,0.8265,0.8211,0.9220,0.7986,0.0602
0,11,9,1,0.8020,0.7545,0.8375,0.7885,0.0893
0,11,9,2,0.8591,0.8563,0.9201,0.8371,0.0539
0,11,9,3,0.8827,0.8905,0.9220,0.8593,0.0428
0,11,9,4,0.8174,0.7769,0.8518,0.8035,0.0826
0,11,9,5,0.8365,0.8153,0.8850,0.8183,0.0716
0,11,9,6,0.8001,0.7565,0.8431,0.7858,0.0892
0,11,9,7,0.8661,0.8443,0.8907,0.8513,0.0628
0,11,9,8,0.8214,0.7964,0.8881,0.8003,0.0706
0,11,9,9,0.7952,0.7487,0.8377,0.7814,0.0912
0,11,9,10,0.8770,0.8584,0.8802,0.8592,0.0491
0,11,9,11,0.7934,0.7459,0.8369,0.7794,0.0917
0,11,10,0,0.8489,0.8283,0.9044,0.8294,0.0618
0,11,10,1,0.8076,0.7666,0.8452,0.7938,0.0876
0,11,10,2,0.8016,0.7573,0.8435,0.7873,0.0893
0,11,10,3,0.8335,0.7996,0.8650,0.8189,0.0771
0,11,10,4,0.8229,0.7862,0.8669,0.8051,0.0762
0,11,10,5,0.8549,0.8373,0.8694,0.8363,0.0567
0,11,10,6,0.8097,0.7682,0.8537,0.7946,0.0843
0,11,10,7,0.8421,0.8198,0.8885,0.8243,0.0686
0,11,10,8,0.7966,0.7512,0.8398,0.7821,0.0903
0,11,10,9,0.8740,0.8643,0.9058,0.8545,0.0487
0,11,10,10,0.8011,0.7552,0.8422,0.7867,0.0891
0,11,10,11,0.8342,0.8063,0.8645,0.8169,0.0701
0,11,11,0,0.9441,0.9461,0.9745,0.9230,0.0130
0,11,11,1,0.8312,0.7930,0.8604,0.8162,0.0790
0,11,11,2,0.8191,0.7799,0.8576,0.8038,0.0820
0,11,11,3,0.8921,0.8764,0.9337,0.8725,0.0432
0,11,11,4,0.8535,0.8262,0.8853,0.8371,0.0677
0,11,11,5,0.8257,0.7880,0.8619,0.8105,0.0792
0,11,11,6,0.8082,0.7644,0.8461,0.7939,0.0875
0,11,11,7,0.8481,0.8189,0.8718,0.8336,0.0715
0,11,11,8,0.5333,0.7608,0.9235,0.4002,0.0332
0,11,11,9,0.8039,0.7595,0.8425,0.7898,0.0889
0,11,11,10,0.8968,0.8862,0.9266,0.8790,0.0447
0,11,11,11,0.8979,0.8893,0.9253,0.8795,0.0403
1,0,0,0,0.8142,0.8147,0.9024,0.7607,0.0164
1,0,0,1,0.2923,0.4783,0.9589,0.1810,0.0748
1,0,0,2,0.8429,0.8404,0.9761,0.8002,0.0119
1,0,0,3,0.3425,0.5220,0.9668,0.2271,0.0568
1,0,0,4,0.6951,0.6877,0.9908,0.6202,0.0185
1,0,0,5,0.3482,0.5290,0.9589,0.2347,0.0558
1,0,0,6,0.7610,0.8086,0.8920,0.6903,0.0190
1,0,0,7,0.9063,0.9030,0.9762,0.8804,0.0177
1,0,0,8,0.7637,0.7942,0.9894,0.6998,0.0097
1,0,0,9,0.8766,0.8598,0.9713,0.8420,0.0209
1,0,0,10,0.8336,0.8450,0.9642,0.7856,0.0157
1,0,0,11,0.8669,0.8436,0.9392,0.8289,0.0201
1,0,1,0,1.0000,1.0000,1.0000,1.0000,0.0000
1,0,1,1,0.9023,0.8989,0.9986,0.8763,0.0081
1,0,1,2,0.8944,0.8889,0.9981,0.8657,0.0130
1,0,1,3,0.7582,0.7272,0.9487,0.6910,0.0237
1,0,1,4,0.8021,0.8084,0.9914,0.7526,0.0219
1,0,1,5,0.7972,0.8313,0.9978,0.7492,0.0167
1,0,1,6,0.7975,0.8188,0.9944,0.7499,0.0205
1,0,1,7,0.8396,0.8263,0.9907,0.7978,0.0176
1,0,1,8,0.7914,0.7831,0.9953,0.7440,0.0243
1,0,1,9,0.7628,0.7531,0.9890,0.7138,0.0315
1,0,1,10,0.5055,0.6738,0.9502,0.3608,0.0211
1,0,1,11,0.4637,0.5774,0.9698,0.3600,0.0449
1,0,2,0,0.8694,0.8783,0.9807,0.8334,0.0118
1,0,2,1,0.7106,0.7029,0.9871,0.6540,0.0417
1,0,2,2,0.8221,0.8701,0.9942,0.7834,0.0253
1,0,2,3,0.9417,0.9614,0.9984,0.9269,0.0072
1,0,2,4,0.8523,0.8432,0.9903,0.8187,0.0216
1,0,2,5,0.9220,0.9495,0.9923,0.9011,0.0134
1,0,2,6,0.7275,0.7161,0.9847,0.6749,0.0412
1,0,2,7,0.8754,0.8718,0.9361,0.8401,0.0219
1,0,2,8,0.8410,0.8348,0.9964,0.8019,0.0117
1,0,2,9,0.6787,0.8095,0.9752,0.5918,0.0093
1,0,2,10,0.8741,0.8843,0.9652,0.8388,0.0160
1,0,2,11,0.7240,0.7220,0.9889,0.6684,0.0387
1,0,3,0,0.6097,0.5985,0.9666,0.5532,0.0718
1,0,3,1,0.7597,0.7725,0.9878,0.7118,0.0349
1,0,3,2,0.8499,0.8842,0.9976,0.8151,0.0193
1,0,3,3,0.7668,0.8200,0.9845,0.7222,0.0407
1,0,3,4,0.6170,0.5969,0.9672,0.5608,0.0715
1,0,3,5,0.7450,0.7380,0.9811,0.6868,0.0247
1,0,3,6,0.8427,0.8820,0.9511,0.7980,0.0151
1,0,3,7,0.7343,0.8140,0.9971,0.6687,0.0138
1,0,3,8,0.8408,0.8719,0.9901,0.8057,0.0256
1,0,3,9,0.8054,0.7934,0.9858,0.7630,0.0298
1,0,3,10,0.7481,0.7604,0.9870,0.6977,0.0365
1,0,3,11,0.8325,0.8793,0.9956,0.7901,0.0180
1,0,4,0,0.8115,0.8119,0.9869,0.7714,0.0264
1,0,4,1,0.7924,0.8628,0.9899,0.7490,0.0293
1,0,4,2,0.6470,0.6267,0.9747,0.5890,0.0607
1,0,4,3,0.6263,0.7079,0.9330,0.5316,0.0195
1,0,4,4,0.6844,0.6981,0.9813,0.6282,0.0501
1,0,4,5,0.7417,0.7555,0.9853,0.6916,0.0397
1,0,4,6,0.8347,0.8280,0.9917,0.7930,0.0127
1,0,4,7,0.6930,0.7659,0.9960,0.6199,0.0258
1,0,4,8,0.6994,0.6887,0.9799,0.6462,0.0506
1,0,4,9,0.8029,0.7949,0.9954,0.7569,0.0192
1,0,4,10,0.6174,0.6062,0.9703,0.5580,0.0669
1,0,4,11,0.6438,0.7473,0.9522,0.5966,0.0758
1,0,5,0,0.6129,0.5925,0.9660,0.5569,0.0724
1,0,5,1,0.5990,0.5746,0.9632,0.5438,0.0758
1,0,5,2,0.7343,0.7797,0.9937,0.6750,0.0241
1,0,5,3,0.8113,0.7986,0.9875,0.7634,0.0100
1,0,5,4,0.8676,0.8993,0.9971,0.8357,0.0152
1,0,5,5,0.6153,0.6072,0.9668,0.5590,0.0711
1,0,5,6,0.6629,0.6575,0.9728,0.6090,0.0600
1,0,5,7,0.7259,0.7573,0.9842,0.6735,0.0380
1,0,5,8,0.6532,0.6541,0.9773,0.5951,0.0568
1,0,5,9,0.6383,0.6189,0.9712,0.5816,0.0652
1,0,5,10,0.7245,0.7873,0.9919,0.6631,0.0283
1,0,5,11,0.6764,0.7123,0.9798,0.6183,0.0497
1,0,6,0,0.7737,0.7531,0.9844,0.7185,0.0180
1,0,6,1,0.6583,0.6637,0.9772,0.6006,0.0552
1,0,6,2,0.6783,0.6677,0.9779,0.6234,0.0551
1,0,6,3,0.7343,0.7360,0.9896,0.6813,0.0345
1,0,6,4,0.7391,0.7420,0.9891,0.6773,0.0236
1,0,6,5,0.7202,0.7202,0.9857,0.6662,0.0420
1,0,6,6,0.6512,0.6596,0.9745,0.5937,0.0593
1,0,6,7,0.8110,0.8577,0.9836,0.7618,0.0108
1,0,6,8,0.7393,0.7438,0.9906,0.6813,0.0278
1,0,6,9,0.5999,0.5764,0.9637,0.5444,0.0757
1,0,6,10,0.6177,0.5983,0.9667,0.5620,0.0722
1,0,6,11,0.7485,0.7548,0.9891,0.6965,0.0331
1,0,7,0,0.7130,0.7052,0.9870,0.6578,0.0416
1,0,7,1,0.6504,0.6567,0.9743,0.5937,0.0582
1,0,7,2,0.5998,0.5763,0.9636,0.5444,0.0758
1,0,7,3,0.7472,0.7721,0.9903,0.6882,0.0227
1,0,7,4,0.7666,0.8167,0.9866,0.7233,0.0376
1,0,7,5,0.7086,0.6959,0.9846,0.6530,0.0430
1,0,7,6,0.6505,0.6391,0.9770,0.5912,0.0568
1,0,7,7,0.6251,0.6167,0.9699,0.5685,0.0683
1,0,7,8,0.7568,0.7783,0.9941,0.7038,0.0287
1,0,7,9,0.7104,0.7314,0.9837,0.6555,0.0433
1,0,7,10,0.6169,0.6085,0.9668,0.5614,0.0718
1,0,7,11,0.6125,0.5915,0.9669,0.5561,0.0727
1,0,8,0,0.6475,0.6326,0.9745,0.5895,0.0601
1,0,8,1,0.6175,0.6115,0.9671,0.5622,0.0716
1,0,8,2,0.7229,0.7144,0.9904,0.6669,0.0354
1,0,8,3,0.6560,0.6590,0.9796,0.5975,0.0551
1,0,8,4,0.7377,0.7574,0.9850,0.6888,0.0401
1,0,8,5,0.8452,0.8400,0.9920,0.8072,0.0108
1,0,8,6,0.6372,0.6335,0.9740,0.5782,0.0601
1,0,8,7,0.6891,0.7078,0.9866,0.6287,0.0387
1,0,8,8,0.7861,0.8262,0.9952,0.7366,0.0180
1,0,8,9,0.7327,0.7381,0.9871,0.6749,0.0298
1,0,8,10,0.7000,0.7128,0.9850,0.6403,0.0394
1,0,8,11,0.6291,0.6238,0.9735,0.5666,0.0579
1,0,9,0,0.6595,0.6726,0.9515,0.5937,0.0430
1,0,9,1,0.6136,0.5928,0.9655,0.5582,0.0729
1,0,9,2,0.6873,0.7423,0.9734,0.6248,0.0362
1,0,9,3,0.7698,0.7915,0.9960,0.7184,0.0266
1,0,9,4,0.6280,0.6156,0.9691,0.5714,0.0662
1,0,9,5,0.6467,0.6532,0.9760,0.5852,0.0558
1,0,9,6,0.6096,0.5921,0.9663,0.5532,0.0728
1,0,9,7,0.6895,0.7006,0.9820,0.6327,0.0467
1,0,9,8,0.6221,0.6179,0.9701,0.5566,0.0547
1,0,9,9,0.6050,0.5847,0.9649,0.5492,0.0748
1,0,9,10,0.7729,0.8049,0.9874,0.7282,0.0300
1,0,9,11,0.6043,0.5810,0.9646,0.5487,0.0753
1,0,10,0,0.6643,0.6637,0.9700,0.6020,0.0457
1,0,10,1,0.6178,0.6052,0.9682,0.5617,0.0712
1,0,10,2,0.6120,0.5921,0.9669,0.5557,0.0729
1,0,10,3,0.6382,0.6360,0.9747,0.5792,0.0607
1,0,10,4,0.6398,0.6189,0.9725,0.5805,0.0601
1,0,10,5,0.7356,0.7745,0.9815,0.6873,0.0382
1,0,10,6,0.6173,0.5992,0.9684,0.5593,0.0680
1,0,10,7,0.6557,0.6631,0.9733,0.5952,0.0525
1,0,10,8,0.6053,0.5843,0.9658,0.5487,0.0739
1,0,10,9,0.7319,0.7996,0.9900,0.6777,0.0317
1,0,10,10,0.6108,0.5903,0.9665,0.5542,0.0727
1,0,10,11,0.6615,0.6574,0.9761,0.6043,0.0537
1,0,11,0,0.8176,0.7853,0.8413,0.7635,0.0241
1,0,11,1,0.6454,0.6288,0.9739,0.5880,0.0626
1,0,11,2,0.6267,0.6106,0.9717,0.5682,0.0656
1,0,11,3,0.7420,0.7286,0.9848,0.6852,0.0270
1,0,11,4,0.6632,0.6541,0.9814,0.6027,0.0518
1,0,11,5,0.6326,0.6206,0.9722,0.5738,0.0631
1,0,11,6,0.6183,0.5991,0.9683,0.5616,0.0711
1,0,11,7,0.6609,0.6585,0.9785,0.6031,0.0551
1,0,11,8,0.4209,0.6537,0.9738,0.2785,0.0150
1,0,11,9,0.6138,0.5949,0.9672,0.5574,0.0725
1,0,11,10,0.7475,0.7530,0.9902,0.6925,0.0289
1,0,11,11,0.7589,0.7790,0.9914,0.7057,0.0241
1,1,0,0,0.9107,0.8931,0.9209,0.8846,0.0114
1,1,0,1,0.3137,0.4061,0.9447,0.2037,0.0779
1,1,0,2,0.9621,0.9617,0.9845,0.9515,0.0088
1,1,0,3,0.3498,0.4403,0.9539,0.2330,0.0605
1,1,0,4,0.6317,0.6195,0.9862,0.5388,0.0245
1,1,0,5,0.3695,0.4488,0.9449,0.2575,0.0597
1,1,0,6,0.8115,0.8210,0.9125,0.7539,0.0161
1,1,0,7,0.8870,0.8794,0.9846,0.8539,0.0172
1,1,0,8,0.8358,0.8682,0.9940,0.7900,0.0121
1,1,0,9,0.9726,0.9696,0.9809,0.9652,0.0140
1,1,0,10,0.9305,0.9187,0.9735,0.9106,0.0123
1,1,0,11,0.9632,0.9477,0.9528,0.9539,0.0151
1,1,1,0,0.9023,0.8989,0.9986,0.8763,0.0081
1,1,1,1,1.0000,1.0000,1.0000,1.0000,0.0000
1,1,1,2,0.9802,0.9833,0.9989,0.9746,0.0104
1,1,1,3,0.9160,0.8755,0.9618,0.8921,0.0219
1,1,1,4,0.9643,0.9632,0.9960,0.9555,0.0214
1,1,1,5,0.9541,0.9549,0.9962,0.9439,0.0214
1,1,1,6,0.8831,0.8887,0.9950,0.8556,0.0252
1,1,1,7,0.9748,0.9702,0.9954,0.9682,0.0152
1,1,1,8,0.9569,0.9532,0.9920,0.9485,0.0245
1,1,1,9,0.9373,0.9340,0.9829,0.9272,0.0346
1,1,1,10,0.4559,0.7065,0.9571,0.2914,0.0198
1,1,1,11,0.5040,0.5018,0.9575,0.4065,0.0491
1,1,2,0,0.9056,0.8969,0.9868,0.8786,0.0147
1,1,2,1,0.9049,0.8947,0.9847,0.8899,0.0443
1,1,2,2,0.7103,0.7346,0.9877,0.6448,0.0308
1,1,2,3,0.9198,0.9123,0.9943,0.8988,0.0114
1,1,2,4,0.9137,0.9238,0.9835,0.8946,0.0272
1,1,2,5,0.9030,0.9004,0.9965,0.8759,0.0157
1,1,2,6,0.9230,0.9095,0.9785,0.9123,0.0449
1,1,2,7,0.9116,0.8982,0.9510,0.8860,0.0190
1,1,2,8,0.8166,0.8367,0.9981,0.7703,0.0174
1,1,2,9,0.6697,0.7607,0.9839,0.5777,0.0143
1,1,2,10,0.9723,0.9676,0.9768,0.9648,0.0110
1,1,2,11,0.9186,0.9080,0.9857,0.9054,0.0413
1,1,3,0,0.8359,0.8145,0.9586,0.8214,0.0749
1,1,3,1,0.9365,0.9289,0.9817,0.9273,0.0396
1,1,3,2,0.7406,0.7512,0.9929,0.6784,0.0256
1,1,3,3,0.8753,0.8942,0.9772,0.8540,0.0459
1,1,3,4,0.8423,0.8155,0.9597,0.8283,0.0746
1,1,3,5,0.9123,0.9083,0.9859,0.8932,0.0281
1,1,3,6,0.8431,0.8844,0.9641,0.7966,0.0143
1,1,3,7,0.7803,0.7858,0.9959,0.7248,0.0188
1,1,3,8,0.8080,0.8092,0.9819,0.7648,0.0321
1,1,3,9,0.8686,0.8812,0.9779,0.8406,0.0358
1,1,3,10,0.9301,0.9252,0.9812,0.9196,0.0396
1,1,3,11,0.9081,0.8980,0.9943,0.8844,0.0230
1,1,4,0,0.8459,0.8647,0.9780,0.8133,0.0324
1,1,4,1,0.9041,0.8983,0.9844,0.8857,0.0350
1,1,4,2,0.8627,0.8394,0.9684,0.8470,0.0636
1,1,4,3,0.7264,0.7534,0.9457,0.6551,0.0251
1,1,4,4,0.8832,0.8834,0.9767,0.8677,0.0533
1,1,4,5,0.9072,0.9094,0.9803,0.8927,0.0432
1,1,4,6,0.9577,0.9644,0.9958,0.9470,0.0119
1,1,4,7,0.7409,0.7420,0.9931,0.6779,0.0321
1,1,4,8,0.8962,0.8854,0.9740,0.8833,0.0538
1,1,4,9,0.8911,0.9033,0.9954,0.8659,0.0252
1,1,4,10,0.8435,0.8227,0.9643,0.8272,0.0701
1,1,4,11,0.4796,0.5738,0.9367,0.4021,0.0790
1,1,5,0,0.8383,0.8112,0.9579,0.8242,0.0756
1,1,5,1,0.8278,0.7975,0.9547,0.8144,0.0790
1,1,5,2,0.8596,0.8736,0.9910,0.8288,0.0302
1,1,5,3,0.9356,0.9314,0.9922,0.9190,0.0160
1,1,5,4,0.9569,0.9561,0.9981,0.9469,0.0215
1,1,5,5,0.8421,0.8216,0.9592,0.8282,0.0742
1,1,5,6,0.8688,0.8534,0.9651,0.8551,0.0631
1,1,5,7,0.8629,0.8807,0.9781,0.8395,0.0428
1,1,5,8,0.8740,0.8634,0.9710,0.8596,0.0600
1,1,5,9,0.8567,0.8319,0.9644,0.8420,0.0683
1,1,5,10,0.8786,0.8870,0.9928,0.8524,0.0338
1,1,5,11,0.8860,0.8832,0.9728,0.8708,0.0537
1,1,6,0,0.8658,0.8606,0.9885,0.8325,0.0245
1,1,6,1,0.8695,0.8636,0.9729,0.8539,0.0584
1,1,6,2,0.8850,0.8672,0.9725,0.8716,0.0582
1,1,6,3,0.9180,0.9177,0.9858,0.9049,0.0376
1,1,6,4,0.9073,0.9028,0.9922,0.8856,0.0281
1,1,6,5,0.9157,0.9052,0.9812,0.9035,0.0449
1,1,6,6,0.8686,0.8568,0.9683,0.8539,0.0622
1,1,6,7,0.9347,0.9411,0.9913,0.9173,0.0134
1,1,6,8,0.8786,0.8669,0.9909,0.8523,0.0336
1,1,6,9,0.8289,0.7991,0.9554,0.8152,0.0788
1,1,6,10,0.8433,0.8169,0.9587,0.8297,0.0753
1,1,6,11,0.9213,0.9190,0.9863,0.9076,0.0359
1,1,7,0,0.8560,0.8568,0.9821,0.8310,0.0463
1,1,7,1,0.8702,0.8586,0.9678,0.8565,0.0614
1,1,7,2,0.8285,0.7988,0.9552,0.8150,0.0790
1,1,7,3,0.9248,0.9258,0.9936,0.9079,0.0272
1,1,7,4,0.9180,0.9269,0.9799,0.9071,0.0426
1,1,7,5,0.9004,0.8861,0.9800,0.8855,0.0464
1,1,7,6,0.8689,0.8497,0.9714,0.8530,0.0597
1,1,7,7,0.8501,0.8318,0.9627,0.8362,0.0715
1,1,7,8,0.9037,0.9166,0.9940,0.8841,0.0335
1,1,7,9,0.9052,0.9049,0.9819,0.8914,0.0467
1,1,7,10,0.8420,0.8231,0.9589,0.8284,0.0749
1,1,7,11,0.8386,0.8117,0.9590,0.8244,0.0758
1,1,8,0,0.8618,0.8412,0.9684,0.8459,0.0632
1,1,8,1,0.8424,0.8249,0.9591,0.8290,0.0748
1,1,8,2,0.9211,0.9115,0.9857,0.9083,0.0383
1,1,8,3,0.8752,0.8650,0.9753,0.8604,0.0582
1,1,8,4,0.9009,0.9034,0.9796,0.8864,0.0438
1,1,8,5,0.9358,0.9468,0.9957,0.9201,0.0155
1,1,8,6,0.8637,0.8454,0.9679,0.8489,0.0632
1,1,8,7,0.8111,0.8336,0.9786,0.7763,0.0437
1,1,8,8,0.9236,0.9453,0.9957,0.9065,0.0209
1,1,8,9,0.9156,0.9132,0.9886,0.8991,0.0327
1,1,8,10,0.9047,0.8986,0.9843,0.8891,0.0422
1,1,8,11,0.8540,0.8354,0.9706,0.8358,0.0607
1,1,9,0,0.8445,0.8297,0.9582,0.8175,0.0480
1,1,9,1,0.8406,0.8127,0.9573,0.8274,0.0761
1,1,9,2,0.8853,0.8870,0.9773,0.8654,0.0412
1,1,9,3,0.9126,0.9252,0.9938,0.8942,0.0316
1,1,9,4,0.8542,0.8312,0.9628,0.8406,0.0694
1,1,9,5,0.8658,0.8545,0.9739,0.8482,0.0586
1,1,9,6,0.8375,0.8115,0.9591,0.8235,0.0760
1,1,9,7,0.8974,0.8917,0.9792,0.8837,0.0496
1,1,9,8,0.8449,0.8256,0.9693,0.8236,0.0576
1,1,9,9,0.8334,0.8057,0.9569,0.8197,0.0779
1,1,9,10,0.9265,0.9286,0.9807,0.9154,0.0353
1,1,9,11,0.8320,0.8029,0.9565,0.8183,0.0784
1,1,10,0,0.8716,0.8585,0.9716,0.8522,0.0493
1,1,10,1,0.8436,0.8224,0.9607,0.8298,0.0744
1,1,10,2,0.8392,0.8123,0.9594,0.8252,0.0761
1,1,10,3,0.8618,0.8458,0.9690,0.8464,0.0639
1,1,10,4,0.8562,0.8320,0.9678,0.8392,0.0630
1,1,10,5,0.8970,0.8978,0.9737,0.8825,0.0434
1,1,10,6,0.8436,0.8183,0.9625,0.8284,0.0711
1,1,10,7,0.8707,0.8584,0.9724,0.8535,0.0554
1,1,10,8,0.8337,0.8061,0.9579,0.8194,0.0770
1,1,10,9,0.9117,0.9180,0.9873,0.8968,0.0365
1,1,10,10,0.8378,0.8102,0.9589,0.8235,0.0758
1,1,10,11,0.8675,0.8564,0.9699,0.8512,0.0571
1,1,11,0,0.9041,0.8641,0.8644,0.8763,0.0207
1,1,11,1,0.8641,0.8432,0.9676,0.8493,0.0657
1,1,11,2,0.8523,0.8284,0.9654,0.8370,0.0687
1,1,11,3,0.9050,0.9005,0.9869,0.8855,0.0317
1,1,11,4,0.8778,0.8613,0.9771,0.8611,0.0547
1,1,11,5,0.8587,0.8365,0.9668,0.8436,0.0660
1,1,11,6,0.8446,0.8183,0.9609,0.8304,0.0742
1,1,11,7,0.8805,0.8672,0.9729,0.8666,0.0582
1,1,11,8,0.4003,0.6463,0.9691,0.2488,0.0210
1,1,11,9,0.8410,0.8149,0.9594,0.8271,0.0757
1,1,11,10,0.9147,0.9138,0.9905,0.8977,0.0331
1,1,11,11,0.9240,0.9273,0.9920,0.9086,0.0286
1,2,0,0,0.8964,0.8900,0.9214,0.8645,0.0123
1,2,0,1,0.3748,0.4564,0.9472,0.2743,0.0836
1,2,0,2,0.9511,0.9514,0.9837,0.9370,0.0113
1,2,0,3,0.4029,0.4851,0.9570,0.2944,0.0659
1,2,0,4,0.6588,0.6432,0.9896,0.5707,0.0312
1,2,0,5,0.4185,0.4925,0.9484,0.3141,0.0648
1,2,0,6,0.8035,0.8218,0.9128,0.7411,0.0136
1,2,0,7,0.9030,0.8922,0.9846,0.8736,0.0181
1,2,0,8,0.8792,0.8840,0.9947,0.8445,0.0172
1,2,0,9,0.9767,0.9696,0.9811,0.9699,0.0108
1,2,0,10,0.9520,0.9340,0.9776,0.9376,0.0148
1,2,0,11,0.9614,0.9539,0.9555,0.9504,0.0094
1,2,1,0,0.8944,0.8889,0.9981,0.8657,0.0130
1,2,1,1,0.9802,0.9833,0.9989,0.9746,0.0104
1,2,1,2,1.0000,1.0000,1.0000,1.0000,0.0000
1,2,1,3,0.8883,0.8530,0.9598,0.8553,0.0270
1,2,1,4,0.9432,0.9441,0.9918,0.9290,0.0275
1,2,1,5,0.9390,0.9427,0.9939,0.9254,0.0268
1,2,1,6,0.8595,0.8642,0.9906,0.8259,0.0300
1,2,1,7,0.9543,0.9532,0.9928,0.9420,0.0201
1,2,1,8,0.9422,0.9329,0.9882,0.9307,0.0323
1,2,1,9,0.9206,0.9104,0.9784,0.9073,0.0403
1,2,1,10,0.4770,0.7201,0.9631,0.3143,0.0126
1,2,1,11,0.5580,0.5462,0.9610,0.4703,0.0547
1,2,2,0,0.8822,0.8985,0.9897,0.8474,0.0185
1,2,2,1,0.8656,0.8577,0.9777,0.8426,0.0505
1,2,2,2,0.6818,0.7294,0.9881,0.6083,0.0378
1,2,2,3,0.9173,0.9062,0.9942,0.8954,0.0163
1,2,2,4,0.8863,0.8952,0.9813,0.8606,0.0344
1,2,2,5,0.8760,0.8811,0.9944,0.8405,0.0193
1,2,2,6,0.8913,0.8772,0.9730,0.8744,0.0505
1,2,2,7,0.9296,0.9124,0.9519,0.9083,0.0155
1,2,2,8,0.7769,0.8190,0.9958,0.7193,0.0244
1,2,2,9,0.6460,0.7528,0.9822,0.5447,0.0194
1,2,2,10,0.9631,0.9657,0.9758,0.9522,0.0064
1,2,2,11,0.8798,0.8732,0.9795,0.8584,0.0475
1,2,3,0,0.7846,0.7677,0.9502,0.7613,0.0805
1,2,3,1,0.8941,0.8909,0.9767,0.8761,0.0458
1,2,3,2,0.7265,0.7474,0.9925,0.6596,0.0320
1,2,3,3,0.8184,0.8541,0.9744,0.7849,0.0518
1,2,3,4,0.7908,0.7683,0.9510,0.7679,0.0803
1,2,3,5,0.8833,0.8747,0.9787,0.8572,0.0337
1,2,3,6,0.8353,0.8809,0.9649,0.7846,0.0139
1,2,3,7,0.7543,0.7743,0.9953,0.6909,0.0241
1,2,3,8,0.7690,0.7939,0.9826,0.7157,0.0383
1,2,3,9,0.8109,0.8524,0.9782,0.7689,0.0420
1,2,3,10,0.8980,0.8963,0.9764,0.8810,0.0455
1,2,3,11,0.8709,0.8828,0.9956,0.8369,0.0283
1,2,4,0,0.7896,0.8446,0.9782,0.7435,0.0391
1,2,4,1,0.8451,0.8615,0.9823,0.8132,0.0415
1,2,4,2,0.8163,0.7936,0.9604,0.7921,0.0698
1,2,4,3,0.6975,0.7309,0.9420,0.6167,0.0310
1,2,4,4,0.8357,0.8435,0.9695,0.8108,0.0592
1,2,4,5,0.8643,0.8715,0.9742,0.8409,0.0491
1,2,4,6,0.9366,0.9397,0.9912,0.9204,0.0186
1,2,4,7,0.7719,0.7732,0.9949,0.7155,0.0386
1,2,4,8,0.8592,0.8480,0.9672,0.8394,0.0594
1,2,4,9,0.8667,0.8737,0.9919,0.8353,0.0303
1,2,4,10,0.7942,0.7748,0.9553,0.7692,0.0760
1,2,4,11,0.4506,0.5684,0.9390,0.3664,0.0846
1,2,5,0,0.7866,0.7637,0.9495,0.7637,0.0812
1,2,5,1,0.7751,0.7486,0.9460,0.7530,0.0846
1,2,5,2,0.8312,0.8414,0.9883,0.7933,0.0371
1,2,5,3,0.9001,0.9021,0.9886,0.8738,0.0214
1,2,5,4,0.9176,0.9275,0.9944,0.8977,0.0269
1,2,5,5,0.7922,0.7742,0.9506,0.7697,0.0799
1,2,5,6,0.8148,0.8058,0.9579,0.7912,0.0687
1,2,5,7,0.8299,0.8429,0.9730,0.7997,0.0484
1,2,5,8,0.8238,0.8193,0.9634,0.8001,0.0659
1,2,5,9,0.8073,0.7857,0.9560,0.7838,0.0742
1,2,5,10,0.8514,0.8555,0.9881,0.8186,0.0392
1,2,5,11,0.8508,0.8495,0.9670,0.8291,0.0590
1,2,6,0,0.8271,0.8325,0.9849,0.7833,0.0302
1,2,6,1,0.8211,0.8219,0.9647,0.7964,0.0643
1,2,6,2,0.8424,0.8264,0.9645,0.8212,0.0641
1,2,6,3,0.8889,0.8831,0.9805,0.8700,0.0436
1,2,6,4,0.8712,0.8703,0.9874,0.8404,0.0329
1,2,6,5,0.8795,0.8711,0.9749,0.8600,0.0510
1,2,6,6,0.8246,0.8169,0.9604,0.8019,0.0683
1,2,6,7,0.9207,0.9219,0.9869,0.8992,0.0190
1,2,6,8,0.8249,0.8298,0.9854,0.7856,0.0405
1,2,6,9,0.7763,0.7502,0.9466,0.7539,0.0845
1,2,6,10,0.7942,0.7697,0.9503,0.7722,0.0809
1,2,6,11,0.8731,0.8801,0.9800,0.8489,0.0421
1,2,7,0,0.7935,0.8092,0.9767,0.7550,0.0522
1,2,7,1,0.8291,0.8188,0.9601,0.8081,0.0673
1,2,7,2,0.7760,0.7500,0.9465,0.7537,0.0846
1,2,7,3,0.8796,0.8912,0.9885,0.8515,0.0320
1,2,7,4,0.8588,0.8864,0.9761,0.8356,0.0488
1,2,7,5,0.8565,0.8443,0.9731,0.8325,0.0523
1,2,7,6,0.8260,0.8065,0.9637,0.8022,0.0659
1,2,7,7,0.8011,0.7860,0.9545,0.7787,0.0771
1,2,7,8,0.8631,0.8852,0.9899,0.8341,0.0383
1,2,7,9,0.8526,0.8619,0.9740,0.8281,0.0523
1,2,7,10,0.7913,0.7762,0.9505,0.7691,0.0805
1,2,7,11,0.7869,0.7640,0.9505,0.7638,0.0815
1,2,8,0,0.8171,0.7974,0.9603,0.7930,0.0691
1,2,8,1,0.7921,0.7786,0.9509,0.7701,0.0804
1,2,8,2,0.8898,0.8823,0.9813,0.8706,0.0439
1,2,8,3,0.8304,0.8270,0.9676,0.8072,0.0641
1,2,8,4,0.8409,0.8575,0.9737,0.8141,0.0497
1,2,8,5,0.8917,0.9179,0.9913,0.8644,0.0206
1,2,8,6,0.8173,0.8003,0.9598,0.7940,0.0691
1,2,8,7,0.7527,0.8021,0.9765,0.7049,0.0501
1,2,8,8,0.9071,0.9232,0.9914,0.8861,0.0270
1,2,8,9,0.8794,0.8790,0.9813,0.8548,0.0388
1,2,8,10,0.8655,0.8658,0.9766,0.8418,0.0484
1,2,8,11,0.8047,0.7898,0.9607,0.7771,0.0669
1,2,9,0,0.8044,0.8001,0.9468,0.7688,0.0542
1,2,9,1,0.7899,0.7651,0.9489,0.7680,0.0817
1,2,9,2,0.8509,0.8561,0.9676,0.8238,0.0476
1,2,9,3,0.8551,0.8858,0.9902,0.8229,0.0365
1,2,9,4,0.8070,0.7861,0.9537,0.7852,0.0750
1,2,9,5,0.8172,0.8124,0.9644,0.7902,0.0648
1,2,9,6,0.7857,0.7637,0.9500,0.7628,0.0816
1,2,9,7,0.8569,0.8546,0.9710,0.8352,0.0558
1,2,9,8,0.7944,0.7793,0.9585,0.7634,0.0638
1,2,9,9,0.7819,0.7574,0.9481,0.7595,0.0836
1,2,9,10,0.8744,0.8899,0.9774,0.8522,0.0425
1,2,9,11,0.7800,0.7544,0.9478,0.7574,0.0841
1,2,10,0,0.8305,0.8187,0.9606,0.8028,0.0552
1,2,10,1,0.7952,0.7759,0.9524,0.7731,0.0800
1,2,10,2,0.7872,0.7646,0.9506,0.7643,0.0817
1,2,10,3,0.8186,0.8042,0.9608,0.7955,0.0698
1,2,10,4,0.8057,0.7853,0.9584,0.7793,0.0691
1,2,10,5,0.8380,0.8576,0.9702,0.8114,0.0498
1,2,10,6,0.7934,0.7713,0.9530,0.7694,0.0770
1,2,10,7,0.8241,0.8170,0.9621,0.7979,0.0615
1,2,10,8,0.7816,0.7575,0.9492,0.7584,0.0826
1,2,10,9,0.8598,0.8821,0.9826,0.8336,0.0424
1,2,10,10,0.7872,0.7624,0.9501,0.7643,0.0815
1,2,10,11,0.8189,0.8116,0.9623,0.7935,0.0627
1,2,11,0,0.8891,0.8622,0.8663,0.8542,0.0172
1,2,11,1,0.8192,0.7998,0.9594,0.7963,0.0714
1,2,11,2,0.8032,0.7827,0.9569,0.7792,0.0746
1,2,11,3,0.8674,0.8623,0.9795,0.8391,0.0369
1,2,11,4,0.8328,0.8207,0.9699,0.8073,0.0609
1,2,11,5,0.8107,0.7916,0.9578,0.7870,0.0722
1,2,11,6,0.7943,0.7714,0.9524,0.7715,0.0802
1,2,11,7,0.8346,0.8251,0.9654,0.8120,0.0641
1,2,11,8,0.4125,0.6522,0.9755,0.2600,0.0269
1,2,11,9,0.7903,0.7678,0.9510,0.7677,0.0813
1,2,11,10,0.8723,0.8793,0.9844,0.8456,0.0387
1,2,11,11,0.8873,0.8946,0.9857,0.8636,0.0337
1,3,0,0,0.8995,0.8924,0.9897,0.8677,0.0213
1,3,0,1,0.3714,0.4518,0.8528,0.2687,0.0741
1,3,0,2,0.9373,0.9143,0.9944,0.9189,0.0181
1,3,0,3,0.4139,0.4847,0.8704,0.3060,0.0554
1,3,0,4,0.6172,0.6216,0.9392,0.5166,0.0254
1,3,0,5,0.4491,0.4914,0.8544,0.3496,0.0559
1,3,0,6,0.8069,0.8242,0.9844,0.7440,0.0262
1,3,0,7,0.7713,0.7714,0.9886,0.6996,0.0310
1,3,0,8,0.7913,0.8195,0.9827,0.7302,0.0222
1,3,0,9,0.9218,0.8979,0.9941,0.8975,0.0249
1,3,0,10,0.9169,0.9031,0.9874,0.8905,0.0224
1,3,0,11,0.9423,0.9322,0.9932,0.9242,0.0244
1,3,1,0,0.7582,0.7272,0.9487,0.6910,0.0237
1,3,1,1,0.9160,0.8755,0.9618,0.8921,0.0219
1,3,1,2,0.8883,0.8530,0.9598,0.8553,0.0270
1,3,1,3,1.0000,1.0000,1.0000,1.0000,0.0000
1,3,1,4,0.9574,0.9352,0.9747,0.9472,0.0192
1,3,1,5,0.9381,0.9001,0.9442,0.9246,0.0205
1,3,1,6,0.8755,0.8467,0.9564,0.8460,0.0222
1,3,1,7,0.9418,0.9082,0.9817,0.9259,0.0185
1,3,1,8,0.9405,0.9041,0.9323,0.9290,0.0234
1,3,1,9,0.9268,0.8834,0.9091,0.9157,0.0321
1,3,1,10,0.5692,0.8171,0.9770,0.4323,0.0341
1,3,1,11,0.5448,0.5308,0.8722,0.4530,0.0421
1,3,2,0,0.8599,0.8404,0.9845,0.8177,0.0232
1,3,2,1,0.9406,0.9077,0.9318,0.9353,0.0403
1,3,2,2,0.5865,0.6336,0.9216,0.4884,0.0304
1,3,2,3,0.7884,0.7494,0.9308,0.7307,0.0226
1,3,2,4,0.8767,0.8524,0.9096,0.8485,0.0307
1,3,2,5,0.7807,0.7771,0.9708,0.7167,0.0264
1,3,2,6,0.9287,0.8922,0.9043,0.9211,0.0395
1,3,2,7,0.8619,0.8649,0.9866,0.8165,0.0294
1,3,2,8,0.7252,0.7703,0.9692,0.6528,0.0260
1,3,2,9,0.6521,0.7489,0.9949,0.5506,0.0202
1,3,2,10,0.9245,0.9008,0.9904,0.9009,0.0253
1,3,2,11,0.9506,0.9166,0.9247,0.9463,0.0373
1,3,3,0,0.9053,0.8607,0.8753,0.9070,0.0711
1,3,3,1,0.9233,0.8812,0.9073,0.9126,0.0369
1,3,3,2,0.6260,0.6432,0.9329,0.5322,0.0315
1,3,3,3,0.8761,0.8599,0.8999,0.8561,0.0405
1,3,3,4,0.9053,0.8563,0.8797,0.9063,0.0708
1,3,3,5,0.9417,0.9281,0.9736,0.9305,0.0245
1,3,3,6,0.7859,0.8185,0.9967,0.7182,0.0273
1,3,3,7,0.7580,0.7517,0.9556,0.6946,0.0281
1,3,3,8,0.7110,0.7076,0.9007,0.6427,0.0344
1,3,3,9,0.8218,0.8083,0.9090,0.7823,0.0323
1,3,3,10,0.9401,0.8984,0.9046,0.9336,0.0361
1,3,3,11,0.8623,0.8390,0.9546,0.8256,0.0239
1,3,4,0,0.7892,0.7739,0.8975,0.7426,0.0328
1,3,4,1,0.8860,0.8444,0.9155,0.8641,0.0349
1,3,4,2,0.9226,0.8805,0.8958,0.9215,0.0596
1,3,4,3,0.8209,0.8416,0.9847,0.7727,0.0247
1,3,4,4,0.9290,0.8997,0.9086,0.9252,0.0495
1,3,4,5,0.9213,0.8886,0.9081,0.9115,0.0373
1,3,4,6,0.9343,0.9136,0.9735,0.9175,0.0184
1,3,4,7,0.7010,0.6976,0.9472,0.6254,0.0291
1,3,4,8,0.9261,0.8851,0.9001,0.9217,0.0500
1,3,4,9,0.8655,0.8497,0.9559,0.8337,0.0232
1,3,4,10,0.9147,0.8781,0.8909,0.9151,0.0662
1,3,4,11,0.3760,0.4749,0.8339,0.2760,0.0752
1,3,5,0,0.9047,0.8547,0.8743,0.9062,0.0718
1,3,5,1,0.8963,0.8435,0.8694,0.8988,0.0752
1,3,5,2,0.8886,0.8762,0.9404,0.8649,0.0335
1,3,5,3,0.9289,0.9081,0.9826,0.9103,0.0216
1,3,5,4,0.9190,0.8793,0.9554,0.8996,0.0256
1,3,5,5,0.9051,0.8581,0.8773,0.9061,0.0704
1,3,5,6,0.9182,0.8744,0.8836,0.9170,0.0593
1,3,5,7,0.8887,0.8642,0.9032,0.8723,0.0392
1,3,5,8,0.9200,0.8815,0.8971,0.9174,0.0561
1,3,5,9,0.9150,0.8688,0.8881,0.9145,0.0645
1,3,5,10,0.9116,0.8873,0.9537,0.8938,0.0266
1,3,5,11,0.9254,0.8872,0.8922,0.9207,0.0467
1,3,6,0,0.8644,0.8429,0.9823,0.8301,0.0281
1,3,6,1,0.9174,0.8836,0.9088,0.9139,0.0546
1,3,6,2,0.9229,0.8796,0.9030,0.9197,0.0544
1,3,6,3,0.9212,0.8847,0.9271,0.9103,0.0367
1,3,6,4,0.9638,0.9584,0.9721,0.9571,0.0219
1,3,6,5,0.9393,0.9024,0.9130,0.9342,0.0411
1,3,6,6,0.9229,0.8836,0.8911,0.9217,0.0584
1,3,6,7,0.9138,0.8912,0.9809,0.8901,0.0180
1,3,6,8,0.9274,0.9176,0.9524,0.9135,0.0290
1,3,6,9,0.8975,0.8454,0.8709,0.8999,0.0750
1,3,6,10,0.9047,0.8552,0.8752,0.9058,0.0715
1,3,6,11,0.9452,0.9167,0.9277,0.9385,0.0324
1,3,7,0,0.9128,0.9051,0.9192,0.9018,0.0401
1,3,7,1,0.9120,0.8739,0.8903,0.9092,0.0576
1,3,7,2,0.8972,0.8451,0.8703,0.8996,0.0752
1,3,7,3,0.9511,0.9293,0.9712,0.9415,0.0197
1,3,7,4,0.9000,0.8584,0.9027,0.8867,0.0422
1,3,7,5,0.9357,0.9021,0.9155,0.9303,0.0418
1,3,7,6,0.9236,0.8880,0.9017,0.9213,0.0556
1,3,7,7,0.9077,0.8633,0.8838,0.9078,0.0677
1,3,7,8,0.9093,0.8834,0.9547,0.8918,0.0268
1,3,7,9,0.9317,0.8981,0.9292,0.9256,0.0426
1,3,7,10,0.9032,0.8561,0.8758,0.9043,0.0711
1,3,7,11,0.9047,0.8558,0.8772,0.9061,0.0720
1,3,8,0,0.9228,0.8804,0.8954,0.9217,0.0594
1,3,8,1,0.9027,0.8559,0.8753,0.9038,0.0710
1,3,8,2,0.9313,0.8975,0.9267,0.9224,0.0356
1,3,8,3,0.9182,0.8797,0.9141,0.9146,0.0544
1,3,8,4,0.9183,0.8848,0.9083,0.9094,0.0408
1,3,8,5,0.8986,0.8753,0.9729,0.8731,0.0243
1,3,8,6,0.9150,0.8761,0.8955,0.9130,0.0594
1,3,8,7,0.8547,0.8638,0.9038,0.8302,0.0394
1,3,8,8,0.9106,0.8791,0.9528,0.8908,0.0234
1,3,8,9,0.9464,0.9242,0.9530,0.9384,0.0283
1,3,8,10,0.9429,0.9121,0.9374,0.9376,0.0382
1,3,8,11,0.9219,0.8872,0.9156,0.9199,0.0569
1,3,9,0,0.8911,0.8527,0.9587,0.8755,0.0411
1,3,9,1,0.9023,0.8517,0.8733,0.9038,0.0723
1,3,9,2,0.9105,0.8784,0.9521,0.8976,0.0387
1,3,9,3,0.9268,0.9127,0.9415,0.9126,0.0254
1,3,9,4,0.9062,0.8615,0.8878,0.9055,0.0656
1,3,9,5,0.9301,0.8992,0.9195,0.9282,0.0546
1,3,9,6,0.9032,0.8547,0.8797,0.9046,0.0722
1,3,9,7,0.9227,0.8855,0.9219,0.9164,0.0458
1,3,9,8,0.9243,0.8955,0.9253,0.9217,0.0535
1,3,9,9,0.8999,0.8496,0.8742,0.9018,0.0741
1,3,9,10,0.9043,0.8575,0.9022,0.8896,0.0407
1,3,9,11,0.8996,0.8481,0.8733,0.9016,0.0746
1,3,10,0,0.9205,0.8842,0.9404,0.9134,0.0447
1,3,10,1,0.9046,0.8571,0.8806,0.9053,0.0706
1,3,10,2,0.9039,0.8546,0.8797,0.9051,0.0723
1,3,10,3,0.9179,0.8793,0.8988,0.9163,0.0601
1,3,10,4,0.9215,0.8792,0.9027,0.9203,0.0592
1,3,10,5,0.8737,0.8321,0.8942,0.8556,0.0462
1,3,10,6,0.9089,0.8629,0.8906,0.9092,0.0673
1,3,10,7,0.9278,0.8942,0.9242,0.9248,0.0516
1,3,10,8,0.9027,0.8538,0.8761,0.9044,0.0732
1,3,10,9,0.9013,0.8673,0.9297,0.8852,0.0358
1,3,10,10,0.9040,0.8540,0.8784,0.9054,0.0720
1,3,10,11,0.9204,0.8791,0.8970,0.9174,0.0530
1,3,11,0,0.9079,0.9081,0.9637,0.8781,0.0293
1,3,11,1,0.9181,0.8734,0.8943,0.9167,0.0619
1,3,11,2,0.9144,0.8698,0.8926,0.9142,0.0649
1,3,11,3,0.9366,0.9112,0.9603,0.9256,0.0272
1,3,11,4,0.9357,0.9018,0.9164,0.9333,0.0506
1,3,11,5,0.9160,0.8748,0.8972,0.9150,0.0622
1,3,11,6,0.9072,0.8589,0.8817,0.9080,0.0704
1,3,11,7,0.9221,0.8850,0.9038,0.9191,0.0544
1,3,11,8,0.4948,0.7422,0.9258,0.3615,0.0245
1,3,11,9,0.9047,0.8560,0.8781,0.9059,0.0719
1,3,11,10,0.9402,0.9169,0.9512,0.9304,0.0274
1,3,11,11,0.9379,0.9112,0.9488,0.9270,0.0245
1,4,0,0,0.9115,0.8982,0.9365,0.8892,0.0270
1,4,0,1,0.2728,0.3573,0.9245,0.1615,0.0626
1,4,0,2,0.9645,0.9660,0.9897,0.9559,0.0178
1,4,0,3,0.3133,0.3898,0.9345,0.1960,0.0480
1,4,0,4,0.5770,0.5568,0.9736,0.4766,0.0223
1,4,0,5,0.3490,0.3955,0.9238,0.2390,0.0475
1,4,0,6,0.8042,0.8070,0.9294,0.7501,0.0331
1,4,0,7,0.7850,0.7936,0.9871,0.7266,0.0367
1,4,0,8,0.7962,0.8339,0.9930,0.7434,0.0235
1,4,0,9,0.9570,0.9569,0.9854,0.9473,0.0257
1,4,0,10,0.9208,0.9049,0.9731,0.9014,0.0269
1,4,0,11,0.9505,0.9391,0.9595,0.9404,0.0286
1,4,1,0,0.8021,0.8084,0.9914,0.7526,0.0219
1,4,1,1,0.9643,0.9632,0.9960,0.9555,0.0214
1,4,1,2,0.9432,0.9441,0.9918,0.9290,0.0275
1,4,1,3,0.9574,0.9352,0.9747,0.9472,0.0192
1,4,1,4,1.0000,1.0000,1.0000,1.0000,0.0000
1,4,1,5,0.9746,0.9704,0.9914,0.9689,0.0157
1,4,1,6,0.9044,0.8952,0.9958,0.8827,0.0172
1,4,1,7,0.9858,0.9827,0.9983,0.9824,0.0088
1,4,1,8,0.9878,0.9868,0.9875,0.9856,0.0134
1,4,1,9,0.9801,0.9764,0.9763,0.9777,0.0235
1,4,1,10,0.4072,0.7055,0.9557,0.2399,0.0391
1,4,1,11,0.4815,0.4503,0.9373,0.3843,0.0405
1,4,2,0,0.8612,0.8487,0.9851,0.8249,0.0287
1,4,2,1,0.9690,0.9641,0.9858,0.9657,0.0290
1,4,2,2,0.5727,0.6274,0.9757,0.4801,0.0265
1,4,2,3,0.8261,0.8268,0.9838,0.7832,0.0228
1,4,2,4,0.8932,0.9138,0.9740,0.8695,0.0262
1,4,2,5,0.8049,0.8167,0.9959,0.7545,0.0311
1,4,2,6,0.9724,0.9672,0.9734,0.9701,0.0311
1,4,2,7,0.8648,0.8655,0.9588,0.8290,0.0378
1,4,2,8,0.7252,0.7806,0.9975,0.6596,0.0234
1,4,2,9,0.6180,0.7186,0.9909,0.5186,0.0228
1,4,2,10,0.9609,0.9544,0.9831,0.9523,0.0264
1,4,2,11,0.9784,0.9744,0.9842,0.9764,0.0257
1,4,3,0,0.9255,0.9121,0.9557,0.9241,0.0596
1,4,3,1,0.9691,0.9639,0.9756,0.9652,0.0316
1,4,3,2,0.6076,0.6446,0.9829,0.5182,0.0254
1,4,3,3,0.8921,0.9036,0.9682,0.8735,0.0384
1,4,3,4,0.9295,0.9128,0.9578,0.9284,0.0593
1,4,3,5,0.9711,0.9679,0.9957,0.9651,0.0167
1,4,3,6,0.7883,0.8291,0.9720,0.7306,0.0333
1,4,3,7,0.7650,0.7483,0.9910,0.7089,0.0265
1,4,3,8,0.7195,0.7289,0.9665,0.6582,0.0310
1,4,3,9,0.8313,0.8533,0.9659,0.7955,0.0302
1,4,3,10,0.9765,0.9722,0.9749,0.9742,0.0308
1,4,3,11,0.8774,0.8594,0.9872,0.8474,0.0296
1,4,4,0,0.7795,0.8137,0.9636,0.7332,0.0302
1,4,4,1,0.9045,0.8901,0.9762,0.8857,0.0302
1,4,4,2,0.9443,0.9301,0.9669,0.9418,0.0480
1,4,4,3,0.7805,0.7812,0.9628,0.7268,0.0268
1,4,4,4,0.9516,0.9537,0.9755,0.9476,0.0397
1,4,4,5,0.9461,0.9518,0.9765,0.9383,0.0304
1,4,4,6,0.9782,0.9811,0.9998,0.9729,0.0121
1,4,4,7,0.6876,0.6890,0.9825,0.6156,0.0294
1,4,4,8,0.9683,0.9589,0.9710,0.9675,0.0384
1,4,4,9,0.9056,0.8973,0.9948,0.8844,0.0193
1,4,4,10,0.9347,0.9210,0.9643,0.9326,0.0547
1,4,4,11,0.3556,0.4653,0.9149,0.2601,0.0636
1,4,5,0,0.9259,0.9089,0.9549,0.9246,0.0602
1,4,5,1,0.9199,0.8996,0.9517,0.9196,0.0636
1,4,5,2,0.8935,0.8873,0.9871,0.8708,0.0287
1,4,5,3,0.9500,0.9495,0.9973,0.9378,0.0203
1,4,5,4,0.9561,0.9427,0.9969,0.9458,0.0253
1,4,5,5,0.9310,0.9166,0.9569,0.9302,0.0589
1,4,5,6,0.9377,0.9293,0.9610,0.9344,0.0488
1,4,5,7,0.9165,0.9205,0.9726,0.9033,0.0361
1,4,5,8,0.9497,0.9439,0.9688,0.9474,0.0459
1,4,5,9,0.9404,0.9241,0.9628,0.9386,0.0530
1,4,5,10,0.9338,0.9211,0.9943,0.9200,0.0240
1,4,5,11,0.9492,0.9446,0.9670,0.9446,0.0430
1,4,6,0,0.8675,0.8628,0.9938,0.8362,0.0252
1,4,6,1,0.9480,0.9455,0.9739,0.9451,0.0438
1,4,6,2,0.9580,0.9469,0.9716,0.9564,0.0429
1,4,6,3,0.9739,0.9678,0.9835,0.9711,0.0244
1,4,6,4,0.9645,0.9623,0.9972,0.9565,0.0203
1,4,6,5,0.9770,0.9699,0.9785,0.9756,0.0295
1,4,6,6,0.9478,0.9407,0.9661,0.9457,0.0474
1,4,6,7,0.9649,0.9530,0.9978,0.9563,0.0156
1,4,6,8,0.9138,0.9094,0.9933,0.8957,0.0298
1,4,6,9,0.9209,0.9009,0.9526,0.9204,0.0635
1,4,6,10,0.9328,0.9142,0.9556,0.9324,0.0600
1,4,6,11,0.9598,0.9658,0.9855,0.9532,0.0272
1,4,7,0,0.8909,0.9094,0.9792,0.8725,0.0386
1,4,7,1,0.9522,0.9423,0.9652,0.9513,0.0474
1,4,7,2,0.9207,0.9007,0.9523,0.9202,0.0636
1,4,7,3,0.9664,0.9681,0.9984,0.9590,0.0192
1,4,7,4,0.9332,0.9427,0.9720,0.9236,0.0357
1,4,7,5,0.9613,0.9548,0.9785,0.9572,0.0329
1,4,7,6,0.9532,0.9392,0.9704,0.9513,0.0441
1,4,7,7,0.9369,0.9246,0.9603,0.9360,0.0561
1,4,7,8,0.9387,0.9421,0.9943,0.9265,0.0226
1,4,7,9,0.9635,0.9638,0.9847,0.9599,0.0340
1,4,7,10,0.9306,0.9178,0.9561,0.9299,0.0596
1,4,7,11,0.9275,0.9100,0.9563,0.9264,0.0605
1,4,8,0,0.9440,0.9317,0.9672,0.9413,0.0479
1,4,8,1,0.9303,0.9186,0.9558,0.9296,0.0594
1,4,8,2,0.9799,0.9717,0.9820,0.9781,0.0232
1,4,8,3,0.9543,0.9473,0.9759,0.9524,0.0437
1,4,8,4,0.9355,0.9469,0.9757,0.9265,0.0350
1,4,8,5,0.9269,0.9423,0.9992,0.9095,0.0195
1,4,8,6,0.9470,0.9342,0.9667,0.9453,0.0484
1,4,8,7,0.8103,0.8558,0.9686,0.7756,0.0373
1,4,8,8,0.9628,0.9642,0.9957,0.9548,0.0165
1,4,8,9,0.9770,0.9735,0.9939,0.9733,0.0197
1,4,8,10,0.9713,0.9685,0.9881,0.9683,0.0272
1,4,8,11,0.9437,0.9308,0.9752,0.9404,0.0454
1,4,9,0,0.9186,0.9021,0.9770,0.9059,0.0397
1,4,9,1,0.9291,0.9102,0.9543,0.9286,0.0607
1,4,9,2,0.9574,0.9477,0.9886,0.9515,0.0348
1,4,9,3,0.9305,0.9478,0.9905,0.9160,0.0215
1,4,9,4,0.9410,0.9250,0.9624,0.9404,0.0546
1,4,9,5,0.9490,0.9444,0.9785,0.9455,0.0430
1,4,9,6,0.9286,0.9113,0.9577,0.9279,0.0606
1,4,9,7,0.9707,0.9633,0.9813,0.9696,0.0345
1,4,9,8,0.9382,0.9245,0.9777,0.9331,0.0443
1,4,9,9,0.9254,0.9064,0.9546,0.9250,0.0626
1,4,9,10,0.9377,0.9430,0.9719,0.9276,0.0338
1,4,9,11,0.9233,0.9038,0.9540,0.9226,0.0631
1,4,10,0,0.9564,0.9419,0.9827,0.9523,0.0392
1,4,10,1,0.9342,0.9184,0.9583,0.9337,0.0590
1,4,10,2,0.9286,0.9111,0.9577,0.9277,0.0607
1,4,10,3,0.9475,0.9356,0.9684,0.9458,0.0485
1,4,10,4,0.9401,0.9251,0.9699,0.9368,0.0476
1,4,10,5,0.9106,0.9156,0.9652,0.8972,0.0386
1,4,10,6,0.9348,0.9174,0.9634,0.9334,0.0558
1,4,10,7,0.9537,0.9460,0.9794,0.9507,0.0416
1,4,10,8,0.9250,0.9065,0.9556,0.9239,0.0617
1,4,10,9,0.9356,0.9424,0.9851,0.9246,0.0282
1,4,10,10,0.9287,0.9098,0.9570,0.9278,0.0605
1,4,10,11,0.9384,0.9321,0.9679,0.9336,0.0451
1,4,11,0,0.8794,0.8585,0.8839,0.8486,0.0374
1,4,11,1,0.9480,0.9331,0.9663,0.9465,0.0504
1,4,11,2,0.9391,0.9235,0.9646,0.9373,0.0534
1,4,11,3,0.9619,0.9582,0.9940,0.9546,0.0195
1,4,11,4,0.9546,0.9458,0.9772,0.9511,0.0391
1,4,11,5,0.9441,0.9300,0.9673,0.9424,0.0506
1,4,11,6,0.9336,0.9160,0.9590,0.9327,0.0589
1,4,11,7,0.9571,0.9483,0.9717,0.9555,0.0429
1,4,11,8,0.3549,0.6321,0.9544,0.2018,0.0243
1,4,11,9,0.9305,0.9129,0.9569,0.9297,0.0603
1,4,11,10,0.9601,0.9668,0.9935,0.9526,0.0235
1,4,11,11,0.9739,0.9749,0.9944,0.9691,0.0193
1,5,0,0,0.8872,0.8727,0.8924,0.8609,0.0296
1,5,0,1,0.3426,0.4612,0.9635,0.2469,0.0592
1,5,0,2,0.9530,0.9471,0.9709,0.9429,0.0199
1,5,0,3,0.3766,0.4851,0.9691,0.2748,0.0407
1,5,0,4,0.5948,0.5918,0.9869,0.5031,0.0129
1,5,0,5,0.4242,0.4923,0.9631,0.3314,0.0396
1,5,0,6,0.7441,0.7749,0.8819,0.6770,0.0328
1,5,0,7,0.7902,0.8079,0.9671,0.7372,0.0331
1,5,0,8,0.7934,0.8306,0.9841,0.7431,0.0188
1,5,0,9,0.9389,0.9333,0.9637,0.9262,0.0310
1,5,0,10,0.9327,0.9178,0.9545,0.9194,0.0306
1,5,0,11,0.9329,0.9209,0.9284,0.9204,0.0331
1,5,1,0,0.7972,0.8313,0.9978,0.7492,0.0167
1,5,1,1,0.9541,0.9549,0.9962,0.9439,0.0214
1,5,1,2,0.9390,0.9427,0.9939,0.9254,0.0268
1,5,1,3,0.9381,0.9001,0.9442,0.9246,0.0205
1,5,1,4,0.9746,0.9704,0.9914,0.9689,0.0157
1,5,1,5,1.0000,1.0000,1.0000,1.0000,0.0000
1,5,1,6,0.8944,0.8888,0.9979,0.8712,0.0072
1,5,1,7,0.9661,0.9574,0.9884,0.9586,0.0180
1,5,1,8,0.9752,0.9660,0.9984,0.9699,0.0113
1,5,1,9,0.9681,0.9541,0.9939,0.9626,0.0159
1,5,1,10,0.3741,0.6823,0.9450,0.2060,0.0373
1,5,1,11,0.5564,0.5508,0.9720,0.4768,0.0290
1,5,2,0,0.8420,0.8444,0.9751,0.8035,0.0235
1,5,2,1,0.9586,0.9429,0.9935,0.9523,0.0258
1,5,2,2,0.5535,0.6566,0.9940,0.4608,0.0147
1,5,2,3,0.8265,0.8537,0.9974,0.7860,0.0144
1,5,2,4,0.8835,0.9143,0.9947,0.8584,0.0157
1,5,2,5,0.7851,0.8302,0.9866,0.7327,0.0224
1,5,2,6,0.9566,0.9484,0.9918,0.9502,0.0251
1,5,2,7,0.8425,0.8536,0.9226,0.8041,0.0378
1,5,2,8,0.7013,0.7764,0.9955,0.6333,0.0129
1,5,2,9,0.5556,0.7040,0.9724,0.4456,0.0171
1,5,2,10,0.9383,0.9364,0.9567,0.9256,0.0303
1,5,2,11,0.9647,0.9502,0.9952,0.9590,0.0228
1,5,3,0,0.9201,0.8909,0.9780,0.9158,0.0561
1,5,3,1,0.9516,0.9463,0.9930,0.9434,0.0193
1,5,3,2,0.6002,0.6797,0.9958,0.5131,0.0150
1,5,3,3,0.8579,0.9038,0.9917,0.8325,0.0261
1,5,3,4,0.9207,0.8875,0.9785,0.9160,0.0559
1,5,3,5,0.9517,0.9420,0.9848,0.9414,0.0104
1,5,3,6,0.7708,0.8230,0.9427,0.7123,0.0307
1,5,3,7,0.7047,0.7411,0.9976,0.6376,0.0152
1,5,3,8,0.6990,0.7515,0.9909,0.6358,0.0205
1,5,3,9,0.8149,0.8468,0.9897,0.7768,0.0181
1,5,3,10,0.9725,0.9656,0.9933,0.9684,0.0222
1,5,3,11,0.8579,0.8693,0.9952,0.8251,0.0176
1,5,4,0,0.7772,0.8166,0.9897,0.7319,0.0189
1,5,4,1,0.8938,0.9035,0.9957,0.8729,0.0181
1,5,4,2,0.9322,0.9051,0.9845,0.9257,0.0446
1,5,4,3,0.7335,0.7593,0.9392,0.6715,0.0173
1,5,4,4,0.9471,0.9420,0.9903,0.9409,0.0345
1,5,4,5,0.9457,0.9479,0.9926,0.9369,0.0234
1,5,4,6,0.9481,0.9573,0.9918,0.9363,0.0121
1,5,4,7,0.7224,0.7411,0.9904,0.6612,0.0186
1,5,4,8,0.9510,0.9382,0.9889,0.9455,0.0350
1,5,4,9,0.8700,0.8750,0.9985,0.8417,0.0083
1,5,4,10,0.9230,0.8946,0.9814,0.9171,0.0513
1,5,4,11,0.3112,0.5062,0.9583,0.2122,0.0602
1,5,5,0,0.9179,0.8846,0.9775,0.9131,0.0568
1,5,5,1,0.9101,0.8733,0.9751,0.9059,0.0602
1,5,5,2,0.8494,0.8855,0.9983,0.8180,0.0161
1,5,5,3,0.9264,0.9292,0.9872,0.9095,0.0119
1,5,5,4,0.9258,0.9373,0.9979,0.9092,0.0130
1,5,5,5,0.9186,0.8938,0.9783,0.9136,0.0555
1,5,5,6,0.9281,0.9109,0.9831,0.9214,0.0443
1,5,5,7,0.8800,0.9051,0.9921,0.8592,0.0235
1,5,5,8,0.9324,0.9163,0.9861,0.9255,0.0412
1,5,5,9,0.9253,0.8976,0.9818,0.9191,0.0496
1,5,5,10,0.9121,0.9057,0.9973,0.8939,0.0138
1,5,5,11,0.9478,0.9467,0.9885,0.9417,0.0336
1,5,6,0,0.8481,0.8530,0.9831,0.8139,0.0144
1,5,6,1,0.9274,0.9208,0.9874,0.9193,0.0396
1,5,6,2,0.9479,0.9266,0.9870,0.9430,0.0395
1,5,6,3,0.9502,0.9482,0.9956,0.9418,0.0194
1,5,6,4,0.9434,0.9461,0.9919,0.9310,0.0114
1,5,6,5,0.9590,0.9506,0.9931,0.9530,0.0261
1,5,6,6,0.9422,0.9283,0.9848,0.9374,0.0434
1,5,6,7,0.9134,0.9243,0.9818,0.8933,0.0127
1,5,6,8,0.8882,0.8826,0.9962,0.8650,0.0185
1,5,6,9,0.9106,0.8744,0.9755,0.9062,0.0601
1,5,6,10,0.9205,0.8884,0.9780,0.9159,0.0565
1,5,6,11,0.9571,0.9562,0.9954,0.9494,0.0180
1,5,7,0,0.8784,0.8970,0.9939,0.8572,0.0262
1,5,7,1,0.9315,0.9168,0.9846,0.9252,0.0426
1,5,7,2,0.9106,0.8745,0.9754,0.9063,0.0602
1,5,7,3,0.9394,0.9418,0.9927,0.9262,0.0108
1,5,7,4,0.9363,0.9459,0.9931,0.9264,0.0234
1,5,7,5,0.9498,0.9340,0.9916,0.9424,0.0269
1,5,7,6,0.9308,0.9105,0.9868,0.9233,0.0407
1,5,7,7,0.9220,0.9012,0.9810,0.9165,0.0527
1,5,7,8,0.9105,0.9325,0.9979,0.8923,0.0136
1,5,7,9,0.9502,0.9452,0.9917,0.9429,0.0277
1,5,7,10,0.9168,0.8939,0.9782,0.9118,0.0561
1,5,7,11,0.9169,0.8838,0.9782,0.9119,0.0571
1,5,8,0,0.9322,0.9075,0.9846,0.9258,0.0445
1,5,8,1,0.9174,0.8962,0.9785,0.9125,0.0560
1,5,8,2,0.9552,0.9410,0.9952,0.9476,0.0201
1,5,8,3,0.9345,0.9224,0.9889,0.9274,0.0395
1,5,8,4,0.9429,0.9457,0.9925,0.9344,0.0240
1,5,8,5,0.9136,0.9296,0.9909,0.8940,0.0104
1,5,8,6,0.9259,0.9064,0.9844,0.9188,0.0445
1,5,8,7,0.8154,0.8554,0.9915,0.7821,0.0247
1,5,8,8,0.9227,0.9520,0.9985,0.9060,0.0060
1,5,8,9,0.9451,0.9548,0.9929,0.9342,0.0136
1,5,8,10,0.9555,0.9493,0.9925,0.9484,0.0232
1,5,8,11,0.9224,0.8995,0.9836,0.9138,0.0420
1,5,9,0,0.8878,0.8843,0.9627,0.8686,0.0274
1,5,9,1,0.9185,0.8852,0.9771,0.9142,0.0573
1,5,9,2,0.9136,0.9347,0.9828,0.8984,0.0219
1,5,9,3,0.9079,0.9330,0.9992,0.8887,0.0108
1,5,9,4,0.9236,0.8999,0.9804,0.9181,0.0506
1,5,9,5,0.9359,0.9191,0.9860,0.9286,0.0396
1,5,9,6,0.9159,0.8840,0.9779,0.9109,0.0572
1,5,9,7,0.9421,0.9375,0.9901,0.9343,0.0308
1,5,9,8,0.9138,0.8930,0.9808,0.9030,0.0386
1,5,9,9,0.9140,0.8798,0.9766,0.9096,0.0592
1,5,9,10,0.9502,0.9479,0.9934,0.9419,0.0215
1,5,9,11,0.9125,0.8775,0.9764,0.9080,0.0597
1,5,10,0,0.9230,0.9159,0.9796,0.9116,0.0298
1,5,10,1,0.9192,0.8927,0.9795,0.9142,0.0556
1,5,10,2,0.9177,0.8847,0.9783,0.9129,0.0573
1,5,10,3,0.9301,0.9096,0.9850,0.9236,0.0451
1,5,10,4,0.9237,0.8983,0.9829,0.9158,0.0442
1,5,10,5,0.9291,0.9306,0.9896,0.9185,0.0270
1,5,10,6,0.9192,0.8892,0.9798,0.9132,0.0523
1,5,10,7,0.9325,0.9213,0.9838,0.9242,0.0366
1,5,10,8,0.9132,0.8798,0.9773,0.9081,0.0582
1,5,10,9,0.9403,0.9400,0.9971,0.9297,0.0167
1,5,10,10,0.9161,0.8828,0.9780,0.9110,0.0571
1,5,10,11,0.9166,0.9142,0.9859,0.9065,0.0380
1,5,11,0,0.8685,0.8396,0.8274,0.8384,0.0397
1,5,11,1,0.9313,0.9084,0.9840,0.9252,0.0470
1,5,11,2,0.9231,0.8969,0.9824,0.9168,0.0500
1,5,11,3,0.9263,0.9407,0.9898,0.9113,0.0104
1,5,11,4,0.9410,0.9218,0.9902,0.9336,0.0357
1,5,11,5,0.9275,0.9017,0.9830,0.9212,0.0472
1,5,11,6,0.9205,0.8890,0.9795,0.9154,0.0555
1,5,11,7,0.9390,0.9237,0.9876,0.9326,0.0395
1,5,11,8,0.3365,0.6298,0.9734,0.1862,0.0140
1,5,11,9,0.9179,0.8862,0.9786,0.9129,0.0569
1,5,11,10,0.9373,0.9547,0.9956,0.9247,0.0127
1,5,11,11,0.9348,0.9584,0.9959,0.9215,0.0085
1,6,0,0,0.8523,0.8720,0.9068,0.8166,0.0316
1,6,0,1,0.2556,0.4016,0.9519,0.1465,0.0575
1,6,0,2,0.8833,0.8882,0.9774,0.8558,0.0227
1,6,0,3,0.2950,0.4357,0.9583,0.1797,0.0384
1,6,0,4,0.6385,0.6331,0.9813,0.5571,0.0119
1,6,0,5,0.3333,0.4421,0.9507,0.2254,0.0376
1,6,0,6,0.7412,0.8089,0.8965,0.6738,0.0348
1,6,0,7,0.7375,0.7764,0.9716,0.6707,0.0369
1,6,0,8,0.7594,0.8204,0.9859,0.7009,0.0207
1,6,0,9,0.8771,0.8791,0.9697,0.8481,0.0340
1,6,0,10,0.8530,0.8584,0.9568,0.8176,0.0328
1,6,0,11,0.8790,0.8801,0.9363,0.8513,0.0350
1,6,1,0,0.7975,0.8188,0.9944,0.7499,0.0205
1,6,1,1,0.8831,0.8887,0.9950,0.8556,0.0252
1,6,1,2,0.8595,0.8642,0.9906,0.8259,0.0300
1,6,1,3,0.8755,0.8467,0.9564,0.8460,0.0222
1,6,1,4,0.9044,0.8952,0.9958,0.8827,0.0172
1,6,1,5,0.8944,0.8888,0.9979,0.8712,0.0072
1,6,1,6,1.0000,1.0000,1.0000,1.0000,0.0000
1,6,1,7,0.9040,0.8931,0.9928,0.8818,0.0223
1,6,1,8,0.8868,0.8724,0.9967,0.8628,0.0112
1,6,1,9,0.8838,0.8629,0.9906,0.8614,0.0147
1,6,1,10,0.4184,0.7039,0.9476,0.2634,0.0403
1,6,1,11,0.4455,0.4775,0.9603,0.3458,0.0265
1,6,2,0,0.7783,0.8125,0.9763,0.7236,0.0265
1,6,2,1,0.8829,0.8577,0.9959,0.8621,0.0247
1,6,2,2,0.5368,0.6563,0.9878,0.4410,0.0132
1,6,2,3,0.7511,0.7996,0.9916,0.6931,0.0174
1,6,2,4,0.9027,0.9322,0.9894,0.8819,0.0159
1,6,2,5,0.7148,0.8103,0.9881,0.6453,0.0257
1,6,2,6,0.8615,0.8386,0.9893,0.8369,0.0228
1,6,2,7,0.7979,0.8304,0.9308,0.7467,0.0400
1,6,2,8,0.6600,0.7752,0.9973,0.5830,0.0156
1,6,2,9,0.5618,0.7680,0.9800,0.4541,0.0185
1,6,2,10,0.8876,0.8943,0.9632,0.8614,0.0325
1,6,2,11,0.8756,0.8473,0.9953,0.8525,0.0222
1,6,3,0,0.8215,0.7718,0.9767,0.8010,0.0544
1,6,3,1,0.8738,0.8658,0.9900,0.8504,0.0178
1,6,3,2,0.5672,0.6831,0.9911,0.4733,0.0143
1,6,3,3,0.8362,0.8488,0.9863,0.8066,0.0252
1,6,3,4,0.8231,0.7700,0.9781,0.8024,0.0542
1,6,3,5,0.8835,0.8783,0.9938,0.8588,0.0089
1,6,3,6,0.7859,0.8262,0.9511,0.7320,0.0329
1,6,3,7,0.6692,0.7827,0.9963,0.5943,0.0182
1,6,3,8,0.6325,0.7145,0.9817,0.5557,0.0182
1,6,3,9,0.8053,0.8589,0.9833,0.7654,0.0174
1,6,3,10,0.8669,0.8506,0.9895,0.8421,0.0192
1,6,3,11,0.7772,0.8270,0.9923,0.7258,0.0203
1,6,4,0,0.7323,0.7984,0.9812,0.6780,0.0164
1,6,4,1,0.8048,0.8266,0.9910,0.7660,0.0156
1,6,4,2,0.8394,0.7987,0.9847,0.8169,0.0429
1,6,4,3,0.7331,0.8068,0.9532,0.6713,0.0164
1,6,4,4,0.8603,0.8387,0.9902,0.8383,0.0328
1,6,4,5,0.8647,0.8859,0.9907,0.8404,0.0211
1,6,4,6,0.8827,0.8874,0.9964,0.8559,0.0138
1,6,4,7,0.6221,0.6862,0.9860,0.5392,0.0167
1,6,4,8,0.8648,0.8315,0.9876,0.8436,0.0333
1,6,4,9,0.8272,0.8681,0.9997,0.7898,0.0079
1,6,4,10,0.8287,0.7842,0.9823,0.8069,0.0496
1,6,4,11,0.2864,0.5357,0.9449,0.1838,0.0585
1,6,5,0,0.8207,0.7652,0.9762,0.8001,0.0551
1,6,5,1,0.8149,0.7524,0.9738,0.7955,0.0585
1,6,5,2,0.8151,0.8589,0.9972,0.7766,0.0152
1,6,5,3,0.8712,0.8908,0.9934,0.8416,0.0144
1,6,5,4,0.8705,0.8747,0.9983,0.8416,0.0157
1,6,5,5,0.8276,0.7760,0.9775,0.8077,0.0538
1,6,5,6,0.8255,0.7956,0.9810,0.8012,0.0426
1,6,5,7,0.9072,0.9127,0.9890,0.8915,0.0220
1,6,5,8,0.8546,0.8201,0.9857,0.8340,0.0395
1,6,5,9,0.8323,0.7827,0.9817,0.8103,0.0479
1,6,5,10,0.8447,0.8742,0.9995,0.8125,0.0129
1,6,5,11,0.8473,0.8199,0.9851,0.8228,0.0314
1,6,6,0,0.8126,0.8500,0.9901,0.7705,0.0143
1,6,6,1,0.8719,0.8403,0.9890,0.8540,0.0379
1,6,6,2,0.8539,0.8167,0.9876,0.8322,0.0378
1,6,6,3,0.8727,0.8696,0.9956,0.8493,0.0182
1,6,6,4,0.8753,0.8728,0.9976,0.8480,0.0073
1,6,6,5,0.8632,0.8424,0.9921,0.8390,0.0244
1,6,6,6,0.8465,0.8090,0.9838,0.8251,0.0417
1,6,6,7,0.8758,0.9088,0.9877,0.8468,0.0147
1,6,6,8,0.8462,0.8357,0.9994,0.8143,0.0171
1,6,6,9,0.8157,0.7538,0.9744,0.7961,0.0584
1,6,6,10,0.8246,0.7710,0.9767,0.8042,0.0548
1,6,6,11,0.8709,0.8627,0.9960,0.8460,0.0163
1,6,7,0,0.7897,0.8106,0.9933,0.7518,0.0245
1,6,7,1,0.8396,0.8094,0.9835,0.8175,0.0409
1,6,7,2,0.8158,0.7536,0.9742,0.7963,0.0585
1,6,7,3,0.8722,0.8779,0.9981,0.8445,0.0098
1,6,7,4,0.8490,0.8677,0.9885,0.8227,0.0227
1,6,7,5,0.8516,0.8493,0.9920,0.8256,0.0252
1,6,7,6,0.8406,0.8026,0.9872,0.8172,0.0390
1,6,7,7,0.8360,0.7912,0.9803,0.8162,0.0510
1,6,7,8,0.8709,0.8994,0.9998,0.8447,0.0109
1,6,7,9,0.8670,0.8504,0.9948,0.8441,0.0260
1,6,7,10,0.8349,0.7837,0.9770,0.8164,0.0544
1,6,7,11,0.8237,0.7662,0.9773,0.8035,0.0554
1,6,8,0,0.8387,0.7940,0.9848,0.8160,0.0428
1,6,8,1,0.8336,0.7866,0.9770,0.8150,0.0543
1,6,8,2,0.8722,0.8498,0.9946,0.8484,0.0189
1,6,8,3,0.8596,0.8249,0.9907,0.8394,0.0378
1,6,8,4,0.8463,0.8722,0.9907,0.8197,0.0220
1,6,8,5,0.8672,0.8996,0.9954,0.8373,0.0123
1,6,8,6,0.8327,0.7989,0.9846,0.8096,0.0428
1,6,8,7,0.7159,0.7785,0.9863,0.6638,0.0230
1,6,8,8,0.9264,0.9275,0.9996,0.9105,0.0091
1,6,8,9,0.8791,0.8695,0.9981,0.8548,0.0119
1,6,8,10,0.8661,0.8508,0.9963,0.8417,0.0215
1,6,8,11,0.8342,0.7969,0.9883,0.8102,0.0403
1,6,9,0,0.8315,0.8268,0.9778,0.8017,0.0257
1,6,9,1,0.8218,0.7659,0.9758,0.8018,0.0556
1,6,9,2,0.8628,0.8886,0.9917,0.8377,0.0199
1,6,9,3,0.8317,0.8611,0.9985,0.7966,0.0106
1,6,9,4,0.8325,0.7873,0.9811,0.8118,0.0489
1,6,9,5,0.8488,0.8146,0.9903,0.8259,0.0379
1,6,9,6,0.8240,0.7682,0.9779,0.8041,0.0555
1,6,9,7,0.8754,0.8533,0.9928,0.8553,0.0291
1,6,9,8,0.8265,0.7914,0.9881,0.8002,0.0369
1,6,9,9,0.8193,0.7611,0.9758,0.7996,0.0575
1,6,9,10,0.8481,0.8875,0.9881,0.8200,0.0195
1,6,9,11,0.8183,0.7580,0.9755,0.7985,0.0580
1,6,10,0,0.8538,0.8311,0.9890,0.8296,0.0278
1,6,10,1,0.8296,0.7805,0.9788,0.8098,0.0539
1,6,10,2,0.8237,0.7671,0.9780,0.8035,0.0556
1,6,10,3,0.8363,0.7968,0.9857,0.8136,0.0434
1,6,10,4,0.8332,0.7871,0.9855,0.8096,0.0425
1,6,10,5,0.8210,0.8818,0.9845,0.7903,0.0256
1,6,10,6,0.8276,0.7763,0.9814,0.8064,0.0506
1,6,10,7,0.8528,0.8269,0.9897,0.8302,0.0349
1,6,10,8,0.8201,0.7620,0.9766,0.7999,0.0565
1,6,10,9,0.8484,0.8923,0.9963,0.8198,0.0152
1,6,10,10,0.8218,0.7653,0.9775,0.8013,0.0554
1,6,10,11,0.8352,0.8131,0.9856,0.8108,0.0363
1,6,11,0,0.8183,0.8250,0.8452,0.7733,0.0420
1,6,11,1,0.8419,0.7966,0.9842,0.8203,0.0453
1,6,11,2,0.8316,0.7832,0.9830,0.8098,0.0483
1,6,11,3,0.8553,0.8662,0.9968,0.8257,0.0087
1,6,11,4,0.8483,0.8107,0.9917,0.8241,0.0340
1,6,11,5,0.8344,0.7894,0.9845,0.8122,0.0455
1,6,11,6,0.8274,0.7725,0.9790,0.8069,0.0538
1,6,11,7,0.8545,0.8181,0.9880,0.8331,0.0378
1,6,11,8,0.3833,0.6897,0.9657,0.2443,0.0157
1,6,11,9,0.8241,0.7683,0.9777,0.8037,0.0552
1,6,11,10,0.8611,0.8768,0.9992,0.8329,0.0113
1,6,11,11,0.8694,0.8925,0.9988,0.8425,0.0079
1,7,0,0,0.9307,0.9152,0.9478,0.9119,0.0216
1,7,0,1,0.2430,0.3132,0.9254,0.1225,0.0693
1,7,0,2,0.9772,0.9808,0.9951,0.9712,0.0117
1,7,0,3,0.2840,0.3440,0.9372,0.1569,0.0531
1,7,0,4,0.5694,0.5245,0.9793,0.4631,0.0256
1,7,0,5,0.3189,0.3514,0.9253,0.1994,0.0523
1,7,0,6,0.8232,0.8159,0.9391,0.7713,0.0269
1,7,0,7,0.8114,0.8018,0.9924,0.7574,0.0314
1,7,0,8,0.8068,0.8556,0.9974,0.7542,0.0192
1,7,0,9,0.9751,0.9771,0.9914,0.9691,0.0180
1,7,0,10,0.9212,0.8972,0.9816,0.8995,0.0218
1,7,0,11,0.9618,0.9461,0.9699,0.9531,0.0219
1,7,1,0,0.8396,0.8263,0.9907,0.7978,0.0176
1,7,1,1,0.9748,0.9702,0.9954,0.9682,0.0152
1,7,1,2,0.9543,0.9532,0.9928,0.9420,0.0201
1,7,1,3,0.9418,0.9082,0.9817,0.9259,0.0185
1,7,1,4,0.9858,0.9827,0.9983,0.9824,0.0088
1,7,1,5,0.9661,0.9574,0.9884,0.9586,0.0180
1,7,1,6,0.9040,0.8931,0.9928,0.8818,0.0223
1,7,1,7,1.0000,1.0000,1.0000,1.0000,0.0000
1,7,1,8,0.9745,0.9760,0.9834,0.9698,0.0180
1,7,1,9,0.9643,0.9653,0.9706,0.9595,0.0275
1,7,1,10,0.4223,0.6882,0.9679,0.2520,0.0316
1,7,1,11,0.4569,0.4044,0.9392,0.3514,0.0446
1,7,2,0,0.8826,0.8646,0.9913,0.8501,0.0241
1,7,2,1,0.9515,0.9482,0.9804,0.9458,0.0354
1,7,2,2,0.5998,0.6346,0.9759,0.5101,0.0300
1,7,2,3,0.8563,0.8427,0.9822,0.8194,0.0177
1,7,2,4,0.8999,0.9199,0.9701,0.8775,0.0279
1,7,2,5,0.8395,0.8300,0.9961,0.7960,0.0260
1,7,2,6,0.9472,0.9425,0.9666,0.9409,0.0367
1,7,2,7,0.8711,0.8504,0.9665,0.8341,0.0316
1,7,2,8,0.7738,0.8161,0.9981,0.7177,0.0224
1,7,2,9,0.6348,0.7055,0.9953,0.5355,0.0206
1,7,2,10,0.9658,0.9491,0.9867,0.9571,0.0197
1,7,2,11,0.9558,0.9472,0.9778,0.9501,0.0324
1,7,3,0,0.8914,0.8756,0.9458,0.8860,0.0662
1,7,3,1,0.9545,0.9478,0.9695,0.9485,0.0359
1,7,3,2,0.6435,0.6536,0.9831,0.5593,0.0277
1,7,3,3,0.8694,0.8868,0.9627,0.8465,0.0428
1,7,3,4,0.8981,0.8809,0.9482,0.8934,0.0660
1,7,3,5,0.9635,0.9605,0.9939,0.9563,0.0223
1,7,3,6,0.8145,0.8286,0.9798,0.7611,0.0277
1,7,3,7,0.7505,0.7219,0.9918,0.6888,0.0237
1,7,3,8,0.7514,0.7454,0.9644,0.6956,0.0340
1,7,3,9,0.8552,0.8762,0.9657,0.8241,0.0342
1,7,3,10,0.9531,0.9419,0.9675,0.9470,0.0344
1,7,3,11,0.8842,0.8554,0.9892,0.8548,0.0285
1,7,4,0,0.8154,0.8405,0.9616,0.7760,0.0342
1,7,4,1,0.8970,0.8736,0.9718,0.8768,0.0342
1,7,4,2,0.9164,0.9007,0.9589,0.9103,0.0547
1,7,4,3,0.7739,0.7707,0.9663,0.7163,0.0269
1,7,4,4,0.9258,0.9236,0.9673,0.9181,0.0449
1,7,4,5,0.9342,0.9303,0.9687,0.9249,0.0353
1,7,4,6,0.9827,0.9856,0.9984,0.9784,0.0109
1,7,4,7,0.6783,0.6522,0.9867,0.6013,0.0335
1,7,4,8,0.9405,0.9305,0.9628,0.9358,0.0451
1,7,4,9,0.9022,0.9003,0.9927,0.8798,0.0231
1,7,4,10,0.8984,0.8834,0.9548,0.8916,0.0614
1,7,4,11,0.3733,0.4627,0.9136,0.2779,0.0703
1,7,5,0,0.8933,0.8746,0.9451,0.8882,0.0669
1,7,5,1,0.8858,0.8642,0.9416,0.8818,0.0703
1,7,5,2,0.8902,0.8830,0.9849,0.8666,0.0317
1,7,5,3,0.9566,0.9565,0.9991,0.9456,0.0199
1,7,5,4,0.9493,0.9289,0.9934,0.9373,0.0262
1,7,5,5,0.8969,0.8814,0.9469,0.8920,0.0656
1,7,5,6,0.9109,0.8984,0.9520,0.9044,0.0544
1,7,5,7,0.8864,0.8907,0.9654,0.8676,0.0396
1,7,5,8,0.9202,0.9155,0.9607,0.9140,0.0516
1,7,5,9,0.9114,0.8944,0.9539,0.9063,0.0597
1,7,5,10,0.9179,0.8996,0.9902,0.9007,0.0294
1,7,5,11,0.9202,0.9086,0.9587,0.9113,0.0476
1,7,6,0,0.8879,0.8921,0.9975,0.8606,0.0287
1,7,6,1,0.9160,0.9166,0.9657,0.9087,0.0497
1,7,6,2,0.9348,0.9237,0.9636,0.9304,0.0496
1,7,6,3,0.9595,0.9599,0.9788,0.9549,0.0298
1,7,6,4,0.9400,0.9388,0.9965,0.9264,0.0254
1,7,6,5,0.9517,0.9411,0.9711,0.9464,0.0362
1,7,6,6,0.9146,0.9034,0.9565,0.9080,0.0535
1,7,6,7,0.9481,0.9336,0.9960,0.9345,0.0147
1,7,6,8,0.8965,0.8875,0.9897,0.8744,0.0338
1,7,6,9,0.8869,0.8657,0.9425,0.8826,0.0702
1,7,6,10,0.8990,0.8789,0.9458,0.8946,0.0666
1,7,6,11,0.9474,0.9455,0.9792,0.9390,0.0304
1,7,7,0,0.8787,0.8923,0.9742,0.8583,0.0429
1,7,7,1,0.9159,0.9061,0.9560,0.9101,0.0530
1,7,7,2,0.8865,0.8652,0.9422,0.8822,0.0703
1,7,7,3,0.9507,0.9554,0.9969,0.9399,0.0230
1,7,7,4,0.9292,0.9338,0.9659,0.9199,0.0400
1,7,7,5,0.9450,0.9351,0.9722,0.9388,0.0383
1,7,7,6,0.9193,0.9054,0.9624,0.9125,0.0508
1,7,7,7,0.9022,0.8914,0.9511,0.8969,0.0628
1,7,7,8,0.9227,0.9388,0.9919,0.9072,0.0272
1,7,7,9,0.9447,0.9443,0.9776,0.9386,0.0388
1,7,7,10,0.8959,0.8827,0.9461,0.8912,0.0662
1,7,7,11,0.8949,0.8764,0.9468,0.8900,0.0672
1,7,8,0,0.9152,0.9010,0.9586,0.9087,0.0546
1,7,8,1,0.8955,0.8840,0.9460,0.8907,0.0661
1,7,8,2,0.9624,0.9578,0.9788,0.9581,0.0296
1,7,8,3,0.9228,0.9221,0.9691,0.9166,0.0496
1,7,8,4,0.9291,0.9314,0.9685,0.9199,0.0396
1,7,8,5,0.9450,0.9600,0.9984,0.9316,0.0186
1,7,8,6,0.9126,0.9018,0.9583,0.9063,0.0546
1,7,8,7,0.8082,0.8538,0.9656,0.7728,0.0413
1,7,8,8,0.9457,0.9549,0.9916,0.9338,0.0188
1,7,8,9,0.9517,0.9528,0.9889,0.9431,0.0245
1,7,8,10,0.9438,0.9428,0.9817,0.9361,0.0333
1,7,8,11,0.9104,0.9017,0.9674,0.9025,0.0521
1,7,9,0,0.8978,0.8979,0.9725,0.8817,0.0441
1,7,9,1,0.8955,0.8754,0.9444,0.8912,0.0674
1,7,9,2,0.9266,0.9279,0.9816,0.9152,0.0386
1,7,9,3,0.9208,0.9375,0.9873,0.9042,0.0261
1,7,9,4,0.9055,0.8911,0.9528,0.9005,0.0607
1,7,9,5,0.9180,0.9119,0.9701,0.9101,0.0497
1,7,9,6,0.8948,0.8772,0.9479,0.8901,0.0673
1,7,9,7,0.9440,0.9413,0.9740,0.9390,0.0409
1,7,9,8,0.9054,0.8950,0.9699,0.8955,0.0492
1,7,9,9,0.8912,0.8712,0.9446,0.8869,0.0693
1,7,9,10,0.9355,0.9312,0.9657,0.9257,0.0369
1,7,9,11,0.8897,0.8694,0.9441,0.8853,0.0698
1,7,10,0,0.9281,0.9255,0.9760,0.9198,0.0441
1,7,10,1,0.9001,0.8853,0.9489,0.8957,0.0657
1,7,10,2,0.8965,0.8782,0.9481,0.8919,0.0674
1,7,10,3,0.9137,0.9042,0.9601,0.9075,0.0552
1,7,10,4,0.9126,0.8981,0.9613,0.9058,0.0543
1,7,10,5,0.9160,0.9168,0.9591,0.9047,0.0411
1,7,10,6,0.9013,0.8850,0.9539,0.8958,0.0624
1,7,10,7,0.9222,0.9188,0.9708,0.9146,0.0467
1,7,10,8,0.8909,0.8718,0.9458,0.8860,0.0683
1,7,10,9,0.9247,0.9303,0.9793,0.9121,0.0320
1,7,10,10,0.8953,0.8760,0.9473,0.8906,0.0672
1,7,10,11,0.9087,0.9103,0.9599,0.8998,0.0500
1,7,11,0,0.8992,0.8740,0.8996,0.8716,0.0307
1,7,11,1,0.9168,0.9037,0.9578,0.9113,0.0571
1,7,11,2,0.9069,0.8931,0.9561,0.9011,0.0601
1,7,11,3,0.9437,0.9522,0.9909,0.9328,0.0247
1,7,11,4,0.9263,0.9188,0.9707,0.9187,0.0458
1,7,11,5,0.9108,0.8973,0.9584,0.9048,0.0573
1,7,11,6,0.9007,0.8825,0.9496,0.8959,0.0656
1,7,11,7,0.9276,0.9206,0.9641,0.9221,0.0496
1,7,11,8,0.3686,0.6136,0.9611,0.2127,0.0226
1,7,11,9,0.8970,0.8789,0.9473,0.8923,0.0670
1,7,11,10,0.9374,0.9553,0.9894,0.9254,0.0278
1,7,11,11,0.9527,0.9592,0.9891,0.9437,0.0236
1,8,0,0,0.8698,0.8554,0.8747,0.8409,0.0344
1,8,0,1,0.2366,0.2987,0.9670,0.1270,0.0534
1,8,0,2,0.9554,0.9536,0.9615,0.9470,0.0244
1,8,0,3,0.2643,0.3247,0.9715,0.1466,0.0373
1,8,0,4,0.5205,0.4804,0.9834,0.4152,0.0197
1,8,0,5,0.3009,0.3356,0.9652,0.1901,0.0370
1,8,0,6,0.7360,0.7398,0.8627,0.6700,0.0391
1,8,0,7,0.7733,0.7563,0.9579,0.7185,0.0399
1,8,0,8,0.8085,0.8128,0.9761,0.7640,0.0251
1,8,0,9,0.9487,0.9388,0.9529,0.9403,0.0336
1,8,0,10,0.9023,0.8656,0.9398,0.8825,0.0361
1,8,0,11,0.9288,0.9104,0.9122,0.9173,0.0378
1,8,1,0,0.7914,0.7831,0.9953,0.7440,0.0243
1,8,1,1,0.9569,0.9532,0.9920,0.9485,0.0245
1,8,1,2,0.9422,0.9329,0.9882,0.9307,0.0323
1,8,1,3,0.9405,0.9041,0.9323,0.9290,0.0234
1,8,1,4,0.9878,0.9868,0.9875,0.9856,0.0134
1,8,1,5,0.9752,0.9660,0.9984,0.9699,0.0113
1,8,1,6,0.8868,0.8724,0.9967,0.8628,0.0112
1,8,1,7,0.9745,0.9760,0.9834,0.9698,0.0180
1,8,1,8,1.0000,1.0000,1.0000,1.0000,0.0000
1,8,1,9,0.9945,0.9949,0.9981,0.9939,0.0106
1,8,1,10,0.3353,0.6391,0.9292,0.1623,0.0441
1,8,1,11,0.4428,0.3913,0.9733,0.3448,0.0274
1,8,2,0,0.8410,0.8286,0.9635,0.8043,0.0311
1,8,2,1,0.9720,0.9732,0.9971,0.9679,0.0201
1,8,2,2,0.5555,0.5927,0.9944,0.4658,0.0171
1,8,2,3,0.8329,0.8170,0.9965,0.7955,0.0239
1,8,2,4,0.9072,0.9163,0.9970,0.8879,0.0199
1,8,2,5,0.7779,0.7824,0.9823,0.7261,0.0319
1,8,2,6,0.9840,0.9843,0.9966,0.9822,0.0211
1,8,2,7,0.8238,0.8079,0.9082,0.7828,0.0433
1,8,2,8,0.7063,0.7619,0.9922,0.6416,0.0218
1,8,2,9,0.5374,0.6449,0.9632,0.4268,0.0257
1,8,2,10,0.9253,0.9152,0.9456,0.9108,0.0345
1,8,2,11,0.9774,0.9808,0.9984,0.9737,0.0176
1,8,3,0,0.9362,0.9358,0.9866,0.9333,0.0504
1,8,3,1,0.9745,0.9778,0.9977,0.9703,0.0185
1,8,3,2,0.6019,0.6144,0.9960,0.5178,0.0215
1,8,3,3,0.8898,0.9053,0.9943,0.8705,0.0261
1,8,3,4,0.9418,0.9379,0.9871,0.9394,0.0501
1,8,3,5,0.9656,0.9649,0.9833,0.9585,0.0075
1,8,3,6,0.7392,0.7738,0.9286,0.6750,0.0378
1,8,3,7,0.7081,0.6911,0.9944,0.6439,0.0247
1,8,3,8,0.7050,0.7111,0.9920,0.6448,0.0241
1,8,3,9,0.8240,0.8559,0.9903,0.7886,0.0207
1,8,3,10,0.9779,0.9795,0.9971,0.9745,0.0174
1,8,3,11,0.8657,0.8435,0.9901,0.8360,0.0262
1,8,4,0,0.7751,0.8134,0.9914,0.7305,0.0192
1,8,4,1,0.9033,0.8849,0.9964,0.8846,0.0194
1,8,4,2,0.9549,0.9517,0.9917,0.9514,0.0391
1,8,4,3,0.7287,0.7250,0.9263,0.6677,0.0247
1,8,4,4,0.9540,0.9628,0.9952,0.9483,0.0290
1,8,4,5,0.9493,0.9553,0.9969,0.9409,0.0202
1,8,4,6,0.9684,0.9749,0.9887,0.9620,0.0139
1,8,4,7,0.6569,0.6336,0.9877,0.5835,0.0220
1,8,4,8,0.9741,0.9748,0.9944,0.9720,0.0293
1,8,4,9,0.8935,0.8841,0.9969,0.8710,0.0148
1,8,4,10,0.9442,0.9406,0.9891,0.9407,0.0455
1,8,4,11,0.3235,0.4254,0.9626,0.2288,0.0544
1,8,5,0,0.9383,0.9344,0.9862,0.9356,0.0510
1,8,5,1,0.9328,0.9272,0.9844,0.9309,0.0544
1,8,5,2,0.8850,0.8804,0.9976,0.8616,0.0206
1,8,5,3,0.9388,0.9421,0.9827,0.9257,0.0201
1,8,5,4,0.9427,0.9288,0.9961,0.9304,0.0216
1,8,5,5,0.9424,0.9406,0.9868,0.9401,0.0497
1,8,5,6,0.9464,0.9511,0.9902,0.9419,0.0386
1,8,5,7,0.9157,0.9147,0.9960,0.9015,0.0227
1,8,5,8,0.9555,0.9625,0.9931,0.9517,0.0359
1,8,5,9,0.9494,0.9469,0.9896,0.9462,0.0438
1,8,5,10,0.9102,0.8979,0.9955,0.8920,0.0146
1,8,5,11,0.9592,0.9555,0.9938,0.9544,0.0310
1,8,6,0,0.8486,0.8479,0.9795,0.8156,0.0218
1,8,6,1,0.9530,0.9585,0.9929,0.9486,0.0338
1,8,6,2,0.9669,0.9661,0.9935,0.9644,0.0337
1,8,6,3,0.9764,0.9808,0.9986,0.9727,0.0139
1,8,6,4,0.9530,0.9534,0.9894,0.9430,0.0114
1,8,6,5,0.9797,0.9816,0.9973,0.9772,0.0203
1,8,6,6,0.9555,0.9573,0.9914,0.9521,0.0376
1,8,6,7,0.9317,0.9181,0.9759,0.9170,0.0182
1,8,6,8,0.9080,0.8983,0.9959,0.8893,0.0193
1,8,6,9,0.9335,0.9281,0.9847,0.9315,0.0543
1,8,6,10,0.9442,0.9395,0.9866,0.9423,0.0508
1,8,6,11,0.9613,0.9747,0.9984,0.9542,0.0151
1,8,7,0,0.8906,0.9169,0.9976,0.8717,0.0254
1,8,7,1,0.9591,0.9593,0.9913,0.9566,0.0374
1,8,7,2,0.9332,0.9279,0.9846,0.9313,0.0544
1,8,7,3,0.9532,0.9611,0.9903,0.9433,0.0092
1,8,7,4,0.9359,0.9496,0.9965,0.9256,0.0241
1,8,7,5,0.9652,0.9681,0.9968,0.9602,0.0235
1,8,7,6,0.9606,0.9578,0.9930,0.9574,0.0352
1,8,7,7,0.9471,0.9468,0.9888,0.9447,0.0470
1,8,7,8,0.9238,0.9344,0.9969,0.9087,0.0118
1,8,7,9,0.9633,0.9734,0.9953,0.9580,0.0230
1,8,7,10,0.9408,0.9413,0.9867,0.9385,0.0504
1,8,7,11,0.9392,0.9355,0.9868,0.9367,0.0513
1,8,8,0,0.9527,0.9508,0.9916,0.9488,0.0387
1,8,8,1,0.9409,0.9420,0.9869,0.9386,0.0502
1,8,8,2,0.9802,0.9838,0.9983,0.9771,0.0140
1,8,8,3,0.9588,0.9632,0.9941,0.9552,0.0337
1,8,8,4,0.9374,0.9553,0.9969,0.9275,0.0224
1,8,8,5,0.9054,0.9328,0.9884,0.8848,0.0195
1,8,8,6,0.9569,0.9548,0.9913,0.9541,0.0387
1,8,8,7,0.8173,0.8621,0.9947,0.7848,0.0239
1,8,8,8,0.9446,0.9495,0.9972,0.9329,0.0108
1,8,8,9,0.9690,0.9721,0.9936,0.9630,0.0105
1,8,8,10,0.9718,0.9740,0.9952,0.9674,0.0185
1,8,8,11,0.9483,0.9470,0.9899,0.9433,0.0362
1,8,9,0,0.9065,0.8975,0.9625,0.8907,0.0274
1,8,9,1,0.9419,0.9368,0.9858,0.9401,0.0516
1,8,9,2,0.9458,0.9401,0.9833,0.9365,0.0216
1,8,9,3,0.9178,0.9464,0.9995,0.9011,0.0142
1,8,9,4,0.9523,0.9479,0.9883,0.9505,0.0449
1,8,9,5,0.9508,0.9555,0.9913,0.9454,0.0346
1,8,9,6,0.9393,0.9360,0.9866,0.9370,0.0514
1,8,9,7,0.9699,0.9744,0.9950,0.9666,0.0251
1,8,9,8,0.9398,0.9370,0.9863,0.9328,0.0333
1,8,9,9,0.9372,0.9326,0.9855,0.9352,0.0534
1,8,9,10,0.9336,0.9445,0.9963,0.9219,0.0220
1,8,9,11,0.9356,0.9306,0.9854,0.9335,0.0539
1,8,10,0,0.9542,0.9511,0.9835,0.9480,0.0277
1,8,10,1,0.9445,0.9433,0.9877,0.9424,0.0498
1,8,10,2,0.9396,0.9364,0.9869,0.9371,0.0516
1,8,10,3,0.9567,0.9562,0.9917,0.9538,0.0394
1,8,10,4,0.9464,0.9443,0.9902,0.9416,0.0384
1,8,10,5,0.9117,0.9210,0.9932,0.8976,0.0278
1,8,10,6,0.9444,0.9404,0.9879,0.9416,0.0466
1,8,10,7,0.9550,0.9553,0.9887,0.9500,0.0314
1,8,10,8,0.9370,0.9324,0.9861,0.9346,0.0525
1,8,10,9,0.9284,0.9361,0.9979,0.9154,0.0174
1,8,10,10,0.9400,0.9353,0.9866,0.9376,0.0513
1,8,10,11,0.9469,0.9513,0.9925,0.9414,0.0338
1,8,11,0,0.8454,0.8097,0.8057,0.8113,0.0453
1,8,11,1,0.9572,0.9546,0.9912,0.9545,0.0412
1,8,11,2,0.9490,0.9464,0.9899,0.9459,0.0442
1,8,11,3,0.9555,0.9614,0.9904,0.9466,0.0117
1,8,11,4,0.9611,0.9617,0.9950,0.9567,0.0307
1,8,11,5,0.9542,0.9511,0.9902,0.9514,0.0415
1,8,11,6,0.9440,0.9406,0.9878,0.9416,0.0497
1,8,11,7,0.9644,0.9666,0.9938,0.9616,0.0337
1,8,11,8,0.2895,0.5759,0.9655,0.1334,0.0224
1,8,11,9,0.9418,0.9383,0.9870,0.9395,0.0512
1,8,11,10,0.9554,0.9649,0.9960,0.9465,0.0127
1,8,11,11,0.9586,0.9692,0.9965,0.9503,0.0101
1,9,0,0,0.8502,0.8306,0.8437,0.8217,0.0442
1,9,0,1,0.1878,0.2525,0.9742,0.0781,0.0433
1,9,0,2,0.9438,0.9370,0.9431,0.9358,0.0345
1,9,0,3,0.2212,0.2797,0.9763,0.1043,0.0269
1,9,0,4,0.4825,0.4375,0.9776,0.3771,0.0230
1,9,0,5,0.2669,0.2900,0.9717,0.1578,0.0264
1,9,0,6,0.7026,0.7066,0.8302,0.6355,0.0481
1,9,0,7,0.7304,0.7131,0.9389,0.6714,0.0484
1,9,0,8,0.7780,0.7863,0.9615,0.7316,0.0338
1,9,0,9,0.9301,0.9168,0.9326,0.9210,0.0437
1,9,0,10,0.8790,0.8354,0.9179,0.8584,0.0462
1,9,0,11,0.9037,0.8827,0.8857,0.8905,0.0479
1,9,1,0,0.7628,0.7531,0.9890,0.7138,0.0315
1,9,1,1,0.9373,0.9340,0.9829,0.9272,0.0346
1,9,1,2,0.9206,0.9104,0.9784,0.9073,0.0403
1,9,1,3,0.9268,0.8834,0.9091,0.9157,0.0321
1,9,1,4,0.9801,0.9764,0.9763,0.9777,0.0235
1,9,1,5,0.9681,0.9541,0.9939,0.9626,0.0159
1,9,1,6,0.8838,0.8629,0.9906,0.8614,0.0147
1,9,1,7,0.9643,0.9653,0.9706,0.9595,0.0275
1,9,1,8,0.9945,0.9949,0.9981,0.9939,0.0106
1,9,1,9,1.0000,1.0000,1.0000,1.0000,0.0000
1,9,1,10,0.2832,0.6014,0.9092,0.1100,0.0513
1,9,1,11,0.4118,0.3457,0.9776,0.3147,0.0186
1,9,2,0,0.8137,0.7999,0.9463,0.7754,0.0391
1,9,2,1,0.9744,0.9751,0.9959,0.9702,0.0126
1,9,2,2,0.5074,0.5505,0.9932,0.4148,0.0169
1,9,2,3,0.8087,0.7888,0.9933,0.7700,0.0295
1,9,2,4,0.8867,0.9102,0.9985,0.8651,0.0209
1,9,2,5,0.7403,0.7469,0.9699,0.6852,0.0378
1,9,2,6,0.9787,0.9830,0.9995,0.9753,0.0126
1,9,2,7,0.7878,0.7720,0.8811,0.7438,0.0531
1,9,2,8,0.6696,0.7337,0.9828,0.6025,0.0256
1,9,2,9,0.4966,0.6114,0.9453,0.3854,0.0324
1,9,2,10,0.9053,0.8919,0.9241,0.8902,0.0446
1,9,2,11,0.9789,0.9812,0.9981,0.9753,0.0143
1,9,3,0,0.9481,0.9470,0.9935,0.9447,0.0403
1,9,3,1,0.9720,0.9772,0.9999,0.9671,0.0118
1,9,3,2,0.5605,0.5750,0.9930,0.4742,0.0230
1,9,3,3,0.8824,0.8948,0.9972,0.8624,0.0178
1,9,3,4,0.9523,0.9497,0.9935,0.9492,0.0400
1,9,3,5,0.9633,0.9596,0.9732,0.9566,0.0105
1,9,3,6,0.7058,0.7412,0.9041,0.6404,0.0460
1,9,3,7,0.6838,0.6647,0.9877,0.6197,0.0285
1,9,3,8,0.6711,0.6789,0.9934,0.6087,0.0219
1,9,3,9,0.8050,0.8466,0.9913,0.7686,0.0188
1,9,3,10,0.9767,0.9776,0.9994,0.9726,0.0110
1,9,3,11,0.8442,0.8169,0.9827,0.8132,0.0293
1,9,4,0,0.7492,0.8011,0.9939,0.7028,0.0159
1,9,4,1,0.8929,0.8672,0.9968,0.8734,0.0148
1,9,4,2,0.9621,0.9596,0.9960,0.9583,0.0298
1,9,4,3,0.7154,0.7021,0.9063,0.6568,0.0274
1,9,4,4,0.9599,0.9655,0.9973,0.9542,0.0194
1,9,4,5,0.9517,0.9561,0.9990,0.9436,0.0112
1,9,4,6,0.9610,0.9648,0.9782,0.9548,0.0235
1,9,4,7,0.6145,0.5936,0.9808,0.5382,0.0232
1,9,4,8,0.9795,0.9802,0.9979,0.9771,0.0194
1,9,4,9,0.8807,0.8700,0.9909,0.8577,0.0171
1,9,4,10,0.9537,0.9491,0.9939,0.9498,0.0357
1,9,4,11,0.2886,0.3923,0.9720,0.1946,0.0443
1,9,5,0,0.9490,0.9463,0.9933,0.9457,0.0409
1,9,5,1,0.9460,0.9404,0.9921,0.9436,0.0443
1,9,5,2,0.8733,0.8682,0.9945,0.8495,0.0194
1,9,5,3,0.9234,0.9297,0.9704,0.9093,0.0268
1,9,5,4,0.9280,0.9122,0.9892,0.9145,0.0239
1,9,5,5,0.9532,0.9515,0.9934,0.9503,0.0396
1,9,5,6,0.9550,0.9580,0.9960,0.9503,0.0285
1,9,5,7,0.9146,0.9143,0.9989,0.9003,0.0150
1,9,5,8,0.9641,0.9700,0.9971,0.9602,0.0261
1,9,5,9,0.9593,0.9566,0.9949,0.9559,0.0340
1,9,5,10,0.9069,0.8896,0.9898,0.8895,0.0131
1,9,5,11,0.9595,0.9553,0.9981,0.9537,0.0214
1,9,6,0,0.8337,0.8378,0.9672,0.8009,0.0256
1,9,6,1,0.9600,0.9670,0.9952,0.9553,0.0240
1,9,6,2,0.9730,0.9724,0.9967,0.9701,0.0239
1,9,6,3,0.9747,0.9814,0.9982,0.9703,0.0083
1,9,6,4,0.9483,0.9461,0.9801,0.9388,0.0134
1,9,6,5,0.9806,0.9823,0.9987,0.9775,0.0121
1,9,6,6,0.9619,0.9629,0.9961,0.9579,0.0283
1,9,6,7,0.9175,0.9022,0.9614,0.9024,0.0270
1,9,6,8,0.8989,0.8885,0.9909,0.8800,0.0173
1,9,6,9,0.9465,0.9411,0.9922,0.9440,0.0442
1,9,6,10,0.9550,0.9506,0.9936,0.9524,0.0407
1,9,6,11,0.9604,0.9713,0.9976,0.9532,0.0100
1,9,7,0,0.8872,0.9137,0.9985,0.8682,0.0164
1,9,7,1,0.9684,0.9680,0.9962,0.9656,0.0273
1,9,7,2,0.9464,0.9410,0.9922,0.9439,0.0443
1,9,7,3,0.9463,0.9526,0.9810,0.9363,0.0127
1,9,7,4,0.9336,0.9491,0.9992,0.9227,0.0161
1,9,7,5,0.9684,0.9717,0.9982,0.9634,0.0144
1,9,7,6,0.9664,0.9633,0.9965,0.9627,0.0258
1,9,7,7,0.9562,0.9574,0.9946,0.9531,0.0369
1,9,7,8,0.9211,0.9277,0.9913,0.9065,0.0098
1,9,7,9,0.9657,0.9737,0.9943,0.9602,0.0136
1,9,7,10,0.9530,0.9529,0.9935,0.9503,0.0403
1,9,7,11,0.9509,0.9473,0.9935,0.9479,0.0412
1,9,8,0,0.9613,0.9589,0.9959,0.9573,0.0294
1,9,8,1,0.9524,0.9538,0.9938,0.9497,0.0401
1,9,8,2,0.9832,0.9874,0.9980,0.9803,0.0068
1,9,8,3,0.9659,0.9714,0.9959,0.9620,0.0239
1,9,8,4,0.9379,0.9559,0.9991,0.9278,0.0144
1,9,8,5,0.8959,0.9210,0.9779,0.8758,0.0249
1,9,8,6,0.9614,0.9618,0.9956,0.9577,0.0289
1,9,8,7,0.7986,0.8573,0.9972,0.7644,0.0153
1,9,8,8,0.9400,0.9445,0.9913,0.9288,0.0148
1,9,8,9,0.9676,0.9702,0.9882,0.9617,0.0077
1,9,8,10,0.9702,0.9736,0.9927,0.9652,0.0113
1,9,8,11,0.9558,0.9542,0.9911,0.9506,0.0272
1,9,9,0,0.9118,0.8981,0.9534,0.8971,0.0189
1,9,9,1,0.9529,0.9483,0.9931,0.9504,0.0415
1,9,9,2,0.9464,0.9393,0.9770,0.9372,0.0147
1,9,9,3,0.9115,0.9370,0.9962,0.8949,0.0140
1,9,9,4,0.9591,0.9567,0.9936,0.9562,0.0348
1,9,9,5,0.9586,0.9604,0.9917,0.9533,0.0258
1,9,9,6,0.9512,0.9481,0.9929,0.9484,0.0413
1,9,9,7,0.9755,0.9799,0.9952,0.9721,0.0155
1,9,9,8,0.9470,0.9426,0.9855,0.9401,0.0240
1,9,9,9,0.9497,0.9449,0.9926,0.9471,0.0433
1,9,9,10,0.9307,0.9417,0.9988,0.9186,0.0164
1,9,9,11,0.9482,0.9432,0.9926,0.9455,0.0438
1,9,10,0,0.9586,0.9557,0.9798,0.9523,0.0184
1,9,10,1,0.9556,0.9548,0.9940,0.9530,0.0397
1,9,10,2,0.9515,0.9482,0.9933,0.9486,0.0415
1,9,10,3,0.9633,0.9628,0.9956,0.9598,0.0295
1,9,10,4,0.9551,0.9530,0.9933,0.9501,0.0294
1,9,10,5,0.9091,0.9214,0.9971,0.8944,0.0198
1,9,10,6,0.9545,0.9508,0.9928,0.9511,0.0367
1,9,10,7,0.9610,0.9612,0.9881,0.9559,0.0223
1,9,10,8,0.9489,0.9444,0.9930,0.9459,0.0424
1,9,10,9,0.9214,0.9347,0.9965,0.9075,0.0131
1,9,10,10,0.9516,0.9470,0.9932,0.9487,0.0412
1,9,10,11,0.9504,0.9582,0.9966,0.9441,0.0237
1,9,11,0,0.8096,0.7724,0.7684,0.7724,0.0554
1,9,11,1,0.9656,0.9630,0.9957,0.9625,0.0314
1,9,11,2,0.9577,0.9559,0.9947,0.9541,0.0346
1,9,11,3,0.9469,0.9579,0.9837,0.9371,0.0102
1,9,11,4,0.9664,0.9663,0.9964,0.9617,0.0219
1,9,11,5,0.9607,0.9588,0.9942,0.9571,0.0319
1,9,11,6,0.9550,0.9517,0.9939,0.9521,0.0399
1,9,11,7,0.9701,0.9727,0.9970,0.9668,0.0244
1,9,11,8,0.2340,0.5424,0.9594,0.0773,0.0257
1,9,11,9,0.9532,0.9498,0.9936,0.9504,0.0411
1,9,11,10,0.9440,0.9620,0.9912,0.9336,0.0097
1,9,11,11,0.9552,0.9665,0.9916,0.9469,0.0102
1,10,0,0,0.5855,0.7738,0.9630,0.4455,0.0134
1,10,0,1,0.6371,0.6724,0.8985,0.5873,0.0935
1,10,0,2,0.4683,0.7243,0.9809,0.3038,0.0218
1,10,0,3,0.6828,0.7075,0.9133,0.6316,0.0758
1,10,0,4,0.6985,0.7500,0.9637,0.6167,0.0370
1,10,0,5,0.6534,0.7103,0.9034,0.5964,0.0748
1,10,0,6,0.6925,0.7740,0.9528,0.5858,0.0105
1,10,0,7,0.6228,0.7259,0.9713,0.4982,0.0142
1,10,0,8,0.5622,0.7507,0.9795,0.4277,0.0224
1,10,0,9,0.5084,0.7269,0.9793,0.3468,0.0168
1,10,0,10,0.6047,0.8310,0.9881,0.4696,0.0177
1,10,0,11,0.6036,0.8233,0.9813,0.4654,0.0139
1,10,1,0,0.5055,0.6738,0.9502,0.3608,0.0211
1,10,1,1,0.4559,0.7065,0.9571,0.2914,0.0198
1,10,1,2,0.4770,0.7201,0.9631,0.3143,0.0126
1,10,1,3,0.5692,0.8171,0.9770,0.4323,0.0341
1,10,1,4,0.4072,0.7055,0.9557,0.2399,0.0391
1,10,1,5,0.3741,0.6823,0.9450,0.2060,0.0373
1,10,1,6,0.4184,0.7039,0.9476,0.2634,0.0403
1,10,1,7,0.4223,0.6882,0.9679,0.2520,0.0316
1,10,1,8,0.3353,0.6391,0.9292,0.1623,0.0441
1,10,1,9,0.2832,0.6014,0.9092,0.1100,0.0513
1,10,1,10,1.0000,1.0000,1.0000,1.0000,0.0000
1,10,1,11,0.6033,0.6664,0.9157,0.5226,0.0644
1,10,2,0,0.5608,0.7345,0.9895,0.4215,0.0198
1,10,2,1,0.2836,0.6085,0.9192,0.1189,0.0620
1,10,2,2,0.5679,0.6414,0.9385,0.4611,0.0451
1,10,2,3,0.4731,0.6691,0.9395,0.3211,0.0244
1,10,2,4,0.3885,0.6455,0.9206,0.2287,0.0415
1,10,2,5,0.5697,0.7085,0.9525,0.4379,0.0188
1,10,2,6,0.2748,0.5853,0.9031,0.1090,0.0610
1,10,2,7,0.6948,0.8438,0.9576,0.5861,0.0089
1,10,2,8,0.5406,0.6692,0.9628,0.4132,0.0299
1,10,2,9,0.7391,0.7679,0.9809,0.6595,0.0241
1,10,2,10,0.5516,0.7812,0.9645,0.4035,0.0148
1,10,2,11,0.2977,0.6115,0.9156,0.1323,0.0590
1,10,3,0,0.1748,0.5024,0.8694,0.0230,0.0905
1,10,3,1,0.2927,0.6032,0.9054,0.1263,0.0547
1,10,3,2,0.5577,0.6424,0.9409,0.4416,0.0386
1,10,3,3,0.3321,0.6211,0.9131,0.1799,0.0605
1,10,3,4,0.1727,0.4913,0.8719,0.0187,0.0903
1,10,3,5,0.3626,0.6576,0.9480,0.1970,0.0453
1,10,3,6,0.6536,0.7728,0.9797,0.5380,0.0136
1,10,3,7,0.5743,0.6884,0.9628,0.4567,0.0291
1,10,3,8,0.4886,0.6532,0.9216,0.3593,0.0438
1,10,3,9,0.4093,0.6253,0.9342,0.2612,0.0496
1,10,3,10,0.2958,0.6135,0.9040,0.1304,0.0555
1,10,3,11,0.4815,0.6928,0.9692,0.3336,0.0312
1,10,4,0,0.4211,0.6243,0.9205,0.2783,0.0454
1,10,4,1,0.3588,0.6345,0.9278,0.2022,0.0488
1,10,4,2,0.2145,0.5319,0.8882,0.0564,0.0798
1,10,4,3,0.5858,0.7365,0.9721,0.4680,0.0365
1,10,4,4,0.2524,0.5779,0.9003,0.0922,0.0691
1,10,4,5,0.2906,0.6059,0.9027,0.1275,0.0590
1,10,4,6,0.4055,0.6777,0.9542,0.2362,0.0304
1,10,4,7,0.5907,0.7346,0.9587,0.4821,0.0441
1,10,4,8,0.2348,0.5596,0.8954,0.0705,0.0694
1,10,4,9,0.4077,0.6522,0.9517,0.2508,0.0384
1,10,4,10,0.2012,0.5239,0.8793,0.0477,0.0859
1,10,4,11,0.4706,0.5297,0.8813,0.3872,0.0946
1,10,5,0,0.1712,0.4893,0.8689,0.0185,0.0912
1,10,5,1,0.1530,0.4722,0.8637,0.0023,0.0946
1,10,5,2,0.3922,0.6386,0.9457,0.2377,0.0434
1,10,5,3,0.4297,0.6707,0.9685,0.2660,0.0274
1,10,5,4,0.4126,0.6813,0.9439,0.2517,0.0327
1,10,5,5,0.1729,0.4969,0.8701,0.0193,0.0899
1,10,5,6,0.2118,0.5297,0.8813,0.0549,0.0787
1,10,5,7,0.3060,0.6022,0.9049,0.1490,0.0573
1,10,5,8,0.2193,0.5431,0.8891,0.0599,0.0758
1,10,5,9,0.1954,0.5116,0.8801,0.0385,0.0842
1,10,5,10,0.3829,0.6668,0.9458,0.2263,0.0481
1,10,5,11,0.2546,0.5847,0.8932,0.0945,0.0690
1,10,6,0,0.4428,0.6521,0.9683,0.2892,0.0349
1,10,6,1,0.2239,0.5540,0.8978,0.0644,0.0742
1,10,6,2,0.2204,0.5445,0.8931,0.0579,0.0741
1,10,6,3,0.2776,0.5948,0.9236,0.1082,0.0548
1,10,6,4,0.4133,0.7049,0.9586,0.2563,0.0418
1,10,6,5,0.2759,0.5934,0.9066,0.1106,0.0610
1,10,6,6,0.2190,0.5495,0.8836,0.0615,0.0783
1,10,6,7,0.4663,0.7319,0.9536,0.3096,0.0285
1,10,6,8,0.3918,0.6443,0.9423,0.2375,0.0466
1,10,6,9,0.1560,0.4746,0.8647,0.0050,0.0945
1,10,6,10,0.1716,0.4937,0.8697,0.0178,0.0909
1,10,6,11,0.3166,0.6173,0.9180,0.1522,0.0521
1,10,7,0,0.3303,0.5982,0.9176,0.1790,0.0611
1,10,7,1,0.2094,0.5448,0.8844,0.0513,0.0773
1,10,7,2,0.1552,0.4744,0.8643,0.0044,0.0946
1,10,7,3,0.3844,0.6563,0.9549,0.2213,0.0417
1,10,7,4,0.2748,0.6039,0.9090,0.1117,0.0572
1,10,7,5,0.2757,0.5809,0.9066,0.1122,0.0623
1,10,7,6,0.2284,0.5496,0.8941,0.0697,0.0758
1,10,7,7,0.1816,0.5094,0.8781,0.0264,0.0871
1,10,7,8,0.3521,0.6423,0.9489,0.1899,0.0470
1,10,7,9,0.2685,0.5867,0.9131,0.1039,0.0623
1,10,7,10,0.1694,0.4969,0.8697,0.0159,0.0905
1,10,7,11,0.1712,0.4900,0.8713,0.0181,0.0914
1,10,8,0,0.2154,0.5302,0.8869,0.0573,0.0791
1,10,8,1,0.1694,0.4989,0.8705,0.0159,0.0904
1,10,8,2,0.2831,0.5984,0.9269,0.1139,0.0555
1,10,8,3,0.2201,0.5512,0.9047,0.0590,0.0741
1,10,8,4,0.2823,0.5915,0.9051,0.1218,0.0594
1,10,8,5,0.4196,0.6744,0.9527,0.2581,0.0295
1,10,8,6,0.2098,0.5303,0.8880,0.0521,0.0791
1,10,8,7,0.3682,0.6138,0.9186,0.2258,0.0585
1,10,8,8,0.3739,0.6678,0.9432,0.2088,0.0383
1,10,8,9,0.3365,0.6337,0.9332,0.1718,0.0488
1,10,8,10,0.2908,0.6091,0.9202,0.1262,0.0584
1,10,8,11,0.2238,0.5357,0.8961,0.0657,0.0769
1,10,9,0,0.2892,0.5965,0.9239,0.1289,0.0628
1,10,9,1,0.1657,0.4868,0.8680,0.0127,0.0917
1,10,9,2,0.2959,0.6177,0.9235,0.1324,0.0560
1,10,9,3,0.3836,0.6572,0.9390,0.2263,0.0462
1,10,9,4,0.1839,0.5114,0.8772,0.0281,0.0850
1,10,9,5,0.2405,0.5630,0.8997,0.0819,0.0748
1,10,9,6,0.1685,0.4917,0.8706,0.0155,0.0916
1,10,9,7,0.2446,0.5759,0.9059,0.0794,0.0657
1,10,9,8,0.2417,0.5451,0.8998,0.0849,0.0737
1,10,9,9,0.1611,0.4831,0.8671,0.0092,0.0935
1,10,9,10,0.3068,0.6166,0.9098,0.1449,0.0498
1,10,9,11,0.1600,0.4788,0.8669,0.0082,0.0941
1,10,10,0,0.2544,0.5702,0.9101,0.0909,0.0649
1,10,10,1,0.1721,0.4988,0.8748,0.0179,0.0900
1,10,10,2,0.1696,0.4897,0.8718,0.0162,0.0917
1,10,10,3,0.2094,0.5364,0.8903,0.0513,0.0798
1,10,10,4,0.2175,0.5246,0.8871,0.0601,0.0791
1,10,10,5,0.2786,0.5867,0.9063,0.1195,0.0580
1,10,10,6,0.1836,0.5034,0.8774,0.0287,0.0870
1,10,10,7,0.2422,0.5761,0.9004,0.0824,0.0715
1,10,10,8,0.1679,0.4874,0.8693,0.0159,0.0926
1,10,10,9,0.3209,0.6346,0.9280,0.1606,0.0516
1,10,10,10,0.1698,0.4890,0.8707,0.0166,0.0914
1,10,10,11,0.2324,0.5445,0.8913,0.0745,0.0727
1,10,11,0,0.6950,0.8255,0.9328,0.5839,0.0117
1,10,11,1,0.2032,0.5231,0.8862,0.0442,0.0813
1,10,11,2,0.1949,0.5138,0.8842,0.0385,0.0846
1,10,11,3,0.3461,0.6215,0.9389,0.1814,0.0466
1,10,11,4,0.2501,0.5682,0.9086,0.0892,0.0714
1,10,11,5,0.2038,0.5234,0.8856,0.0468,0.0821
1,10,11,6,0.1767,0.4978,0.8744,0.0224,0.0901
1,10,11,7,0.2233,0.5486,0.8961,0.0622,0.0741
1,10,11,8,0.8725,0.8992,0.9707,0.8400,0.0329
1,10,11,9,0.1714,0.4922,0.8721,0.0179,0.0913
1,10,11,10,0.3497,0.6448,0.9378,0.1872,0.0484
1,10,11,11,0.3497,0.6468,0.9320,0.1850,0.0437
1,11,0,0,0.4924,0.4948,0.8061,0.3844,0.0579
1,11,0,1,0.9220,0.9530,0.9985,0.9142,0.0344
1,11,0,2,0.4736,0.4558,0.9138,0.3678,0.0474
1,11,0,3,0.9467,0.9619,0.9995,0.9399,0.0159
1,11,0,4,0.8047,0.8337,0.9847,0.7709,0.0321
1,11,0,5,0.9685,0.9722,0.9989,0.9647,0.0167
1,11,0,6,0.4924,0.5561,0.7862,0.3825,0.0610
1,11,0,7,0.5907,0.6615,0.9067,0.5076,0.0610
1,11,0,8,0.5138,0.5602,0.9408,0.4171,0.0470
1,11,0,9,0.5035,0.4783,0.9022,0.4000,0.0581
1,11,0,10,0.7241,0.7212,0.9021,0.6725,0.0585
1,11,0,11,0.5924,0.5862,0.8605,0.5074,0.0613
1,11,1,0,0.4637,0.5774,0.9698,0.3600,0.0449
1,11,1,1,0.5040,0.5018,0.9575,0.4065,0.0491
1,11,1,2,0.5580,0.5462,0.9610,0.4703,0.0547
1,11,1,3,0.5448,0.5308,0.8722,0.4530,0.0421
1,11,1,4,0.4815,0.4503,0.9373,0.3843,0.0405
1,11,1,5,0.5564,0.5508,0.9720,0.4768,0.0290
1,11,1,6,0.4455,0.4775,0.9603,0.3458,0.0265
1,11,1,7,0.4569,0.4044,0.9392,0.3514,0.0446
1,11,1,8,0.4428,0.3913,0.9733,0.3448,0.0274
1,11,1,9,0.4118,0.3457,0.9776,0.3147,0.0186
1,11,1,10,0.6033,0.6664,0.9157,0.5226,0.0644
1,11,1,11,1.0000,1.0000,1.0000,1.0000,0.0000
1,11,2,0,0.4690,0.5623,0.9328,0.3603,0.0514
1,11,2,1,0.3924,0.3270,0.9622,0.2964,0.0176
1,11,2,2,0.3438,0.6535,0.9899,0.2308,0.0224
1,11,2,3,0.4287,0.5885,0.9802,0.3191,0.0416
1,11,2,4,0.3780,0.4522,0.9865,0.2677,0.0287
1,11,2,5,0.4653,0.6073,0.9338,0.3584,0.0488
1,11,2,6,0.4058,0.3564,0.9752,0.3125,0.0173
1,11,2,7,0.6928,0.7084,0.8394,0.6332,0.0660
1,11,2,8,0.3923,0.4793,0.9575,0.2787,0.0361
1,11,2,9,0.4005,0.6320,0.9144,0.2796,0.0447
1,11,2,10,0.5851,0.5769,0.8819,0.5007,0.0585
1,11,2,11,0.4264,0.3661,0.9665,0.3338,0.0245
1,11,3,0,0.3492,0.2677,0.9639,0.2667,0.0314
1,11,3,1,0.4022,0.3730,0.9757,0.3058,0.0115
1,11,3,2,0.3888,0.6578,0.9819,0.2791,0.0300
1,11,3,3,0.3620,0.4841,0.9858,0.2615,0.0100
1,11,3,4,0.3275,0.2395,0.9625,0.2412,0.0311
1,11,3,5,0.4101,0.3663,0.9294,0.3063,0.0252
1,11,3,6,0.5578,0.6383,0.8724,0.4663,0.0589
1,11,3,7,0.4266,0.6358,0.9744,0.3198,0.0366
1,11,3,8,0.4305,0.6061,0.9916,0.3316,0.0258
1,11,3,9,0.3735,0.4383,0.9947,0.2660,0.0214
1,11,3,10,0.4832,0.4335,0.9746,0.3999,0.0147
1,11,3,11,0.4571,0.6070,0.9763,0.3541,0.0382
1,11,4,0,0.3703,0.4590,0.9943,0.2635,0.0201
1,11,4,1,0.3861,0.5424,0.9847,0.2834,0.0182
1,11,4,2,0.3539,0.2722,0.9660,0.2640,0.0227
1,11,4,3,0.4112,0.5219,0.8740,0.2990,0.0363
1,11,4,4,0.3945,0.3638,0.9653,0.3049,0.0134
1,11,4,5,0.4019,0.4039,0.9698,0.3073,0.0127
1,11,4,6,0.4291,0.4184,0.9396,0.3209,0.0379
1,11,4,7,0.8716,0.8775,0.9755,0.8504,0.0282
1,11,4,8,0.3847,0.3182,0.9694,0.2937,0.0176
1,11,4,9,0.3961,0.4292,0.9653,0.2878,0.0265
1,11,4,10,0.3453,0.2774,0.9592,0.2583,0.0265
1,11,4,11,0.1707,0.6260,0.9961,0.0689,0.0354
1,11,5,0,0.3373,0.2461,0.9643,0.2532,0.0320
1,11,5,1,0.3196,0.2236,0.9628,0.2364,0.0354
1,11,5,2,0.3646,0.4680,0.9777,0.2543,0.0247
1,11,5,3,0.4554,0.4162,0.9389,0.3517,0.0380
1,11,5,4,0.4513,0.5126,0.9561,0.3505,0.0325
1,11,5,5,0.3390,0.2598,0.9625,0.2545,0.0307
1,11,5,6,0.3554,0.3071,0.9697,0.2667,0.0195
1,11,5,7,0.3842,0.4237,0.9762,0.2880,0.0102
1,11,5,8,0.3599,0.2909,0.9667,0.2697,0.0174
1,11,5,9,0.3367,0.2586,0.9640,0.2474,0.0248
1,11,5,10,0.4580,0.4812,0.9588,0.3644,0.0202
1,11,5,11,0.4605,0.4382,0.9744,0.3805,0.0091
1,11,6,0,0.4012,0.3838,0.9383,0.2903,0.0340
1,11,6,1,0.3550,0.3004,0.9612,0.2635,0.0159
1,11,6,2,0.3620,0.2881,0.9644,0.2703,0.0194
1,11,6,3,0.3745,0.3267,0.9730,0.2739,0.0190
1,11,6,4,0.4985,0.4693,0.9474,0.4083,0.0254
1,11,6,5,0.4126,0.3661,0.9690,0.3204,0.0173
1,11,6,6,0.4023,0.3442,0.9643,0.3190,0.0186
1,11,6,7,0.4672,0.5082,0.9144,0.3641,0.0396
1,11,6,8,0.3743,0.4410,0.9592,0.2660,0.0202
1,11,6,9,0.3209,0.2260,0.9625,0.2374,0.0353
1,11,6,10,0.3325,0.2460,0.9644,0.2472,0.0317
1,11,6,11,0.4401,0.4084,0.9653,0.3479,0.0186
1,11,7,0,0.3663,0.3832,0.9749,0.2672,0.0075
1,11,7,1,0.3648,0.3084,0.9663,0.2771,0.0184
1,11,7,2,0.3213,0.2265,0.9627,0.2380,0.0354
1,11,7,3,0.4399,0.4183,0.9452,0.3397,0.0245
1,11,7,4,0.3736,0.4103,0.9814,0.2766,0.0101
1,11,7,5,0.3992,0.3278,0.9677,0.3059,0.0144
1,11,7,6,0.3592,0.2970,0.9660,0.2682,0.0198
1,11,7,7,0.3398,0.2628,0.9654,0.2535,0.0279
1,11,7,8,0.4271,0.4115,0.9644,0.3294,0.0195
1,11,7,9,0.3801,0.3489,0.9560,0.2841,0.0147
1,11,7,10,0.3335,0.2559,0.9636,0.2487,0.0314
1,11,7,11,0.3296,0.2400,0.9643,0.2443,0.0323
1,11,8,0,0.3721,0.2864,0.9645,0.2846,0.0218
1,11,8,1,0.3375,0.2572,0.9650,0.2533,0.0312
1,11,8,2,0.3958,0.3258,0.9776,0.2981,0.0207
1,11,8,3,0.3638,0.2893,0.9644,0.2732,0.0171
1,11,8,4,0.3920,0.3761,0.9724,0.2982,0.0084
1,11,8,5,0.4490,0.4163,0.9396,0.3466,0.0354
1,11,8,6,0.3435,0.2836,0.9653,0.2530,0.0197
1,11,8,7,0.3840,0.4443,0.9899,0.2875,0.0080
1,11,8,8,0.4542,0.4492,0.9592,0.3571,0.0285
1,11,8,9,0.4335,0.3956,0.9473,0.3375,0.0214
1,11,8,10,0.4283,0.3804,0.9535,0.3372,0.0194
1,11,8,11,0.3445,0.2697,0.9505,0.2522,0.0174
1,11,9,0,0.3751,0.3100,0.8995,0.2780,0.0071
1,11,9,1,0.3280,0.2410,0.9640,0.2432,0.0325
1,11,9,2,0.3793,0.3849,0.9263,0.2803,0.0094
1,11,9,3,0.4162,0.4544,0.9722,0.3148,0.0209
1,11,9,4,0.3381,0.2639,0.9597,0.2510,0.0258
1,11,9,5,0.3788,0.3180,0.9496,0.2892,0.0185
1,11,9,6,0.3274,0.2378,0.9606,0.2422,0.0324
1,11,9,7,0.3650,0.3124,0.9574,0.2694,0.0131
1,11,9,8,0.3435,0.2785,0.9392,0.2495,0.0140
1,11,9,9,0.3244,0.2333,0.9620,0.2402,0.0344
1,11,9,10,0.4353,0.4207,0.9819,0.3446,0.0156
1,11,9,11,0.3226,0.2286,0.9627,0.2384,0.0349
1,11,10,0,0.3623,0.2879,0.9296,0.2659,0.0081
1,11,10,1,0.3309,0.2456,0.9648,0.2450,0.0308
1,11,10,2,0.3282,0.2370,0.9621,0.2428,0.0325
1,11,10,3,0.3554,0.2893,0.9643,0.2665,0.0206
1,11,10,4,0.3509,0.2659,0.9559,0.2607,0.0194
1,11,10,5,0.3842,0.3888,0.9845,0.2904,0.0119
1,11,10,6,0.3331,0.2458,0.9570,0.2458,0.0275
1,11,10,7,0.3729,0.3087,0.9421,0.2815,0.0131
1,11,10,8,0.3258,0.2369,0.9629,0.2410,0.0335
1,11,10,9,0.4195,0.4289,0.9706,0.3255,0.0147
1,11,10,10,0.3291,0.2374,0.9623,0.2439,0.0323
1,11,10,11,0.3654,0.3070,0.9680,0.2752,0.0132
1,11,11,0,0.5922,0.5873,0.7309,0.5054,0.0677
1,11,11,1,0.3538,0.2707,0.9647,0.2648,0.0240
1,11,11,2,0.3399,0.2573,0.9637,0.2515,0.0252
1,11,11,3,0.4124,0.3545,0.9433,0.3117,0.0210
1,11,11,4,0.3829,0.3144,0.9666,0.2915,0.0211
1,11,11,5,0.3443,0.2721,0.9598,0.2550,0.0224
1,11,11,6,0.3342,0.2450,0.9635,0.2481,0.0307
1,11,11,7,0.3659,0.2994,0.9668,0.2751,0.0168
1,11,11,8,0.5738,0.6865,0.9831,0.4956,0.0352
1,11,11,9,0.3306,0.2422,0.9642,0.2452,0.0321
1,11,11,10,0.4570,0.4088,0.9565,0.3646,0.0176
1,11,11,11,0.4322,0.4064,0.9530,0.3345,0.0218
2,0,0,0,0.8789,0.9107,0.9624,0.8405,0.0138
2,0,0,1,0.2836,0.4565,0.9153,0.1637,0.0824
2,0,0,2,0.9066,0.9067,0.9955,0.8792,0.0159
2,0,0,3,0.3580,0.5018,0.9291,0.2384,0.0641
2,0,0,4,0.6175,0.6637,0.9785,0.5171,0.0214
2,0,0,5,0.3477,0.5079,0.9184,0.2270,0.0631
2,0,0,6,0.8219,0.8951,0.9550,0.7641,0.0132
2,0,0,7,0.8795,0.9127,0.9927,0.8419,0.0106
2,0,0,8,0.7494,0.8743,0.9975,0.6761,0.0092
2,0,0,9,0.9094,0.9149,0.9948,0.8813,0.0230
2,0,0,10,0.8646,0.8855,0.9963,0.8212,0.0134
2,0,0,11,0.9183,0.9185,0.9852,0.8923,0.0214
2,0,1,0,0.8694,0.8783,0.9807,0.8334,0.0118
2,0,1,1,0.9056,0.8969,0.9868,0.8786,0.0147
2,0,1,2,0.8822,0.8985,0.9897,0.8474,0.0185
2,0,1,3,0.8599,0.8404,0.9845,0.8177,0.0232
2,0,1,4,0.8612,0.8487,0.9851,0.8249,0.0287
2,0,1,5,0.8420,0.8444,0.9751,0.8035,0.0235
2,0,1,6,0.7783,0.8125,0.9763,0.7236,0.0265
2,0,1,7,0.8826,0.8646,0.9913,0.8501,0.0241
2,0,1,8,0.8410,0.8286,0.9635,0.8043,0.0311
2,0,1,9,0.8137,0.7999,0.9463,0.7754,0.0391
2,0,1,10,0.5608,0.7345,0.9895,0.4215,0.0198
2,0,1,11,0.4690,0.5623,0.9328,0.3603,0.0514
2,0,2,0,1.0000,1.0000,1.0000,1.0000,0.0000
2,0,2,1,0.7874,0.7597,0.9537,0.7466,0.0485
2,0,2,2,0.7795,0.8338,0.9647,0.7293,0.0303
2,0,2,3,0.8587,0.9010,0.9710,0.8205,0.0112
2,0,2,4,0.8556,0.8508,0.9521,0.8221,0.0256
2,0,2,5,0.8710,0.8980,0.9858,0.8335,0.0076
2,0,2,6,0.7995,0.7657,0.9402,0.7620,0.0485
2,0,2,7,0.8415,0.8785,0.9750,0.7893,0.0172
2,0,2,8,0.8648,0.8875,0.9877,0.8301,0.0164
2,0,2,9,0.6949,0.8172,0.9944,0.6060,0.0106
2,0,2,10,0.8857,0.8943,0.9877,0.8500,0.0186
2,0,2,11,0.8074,0.7716,0.9523,0.7694,0.0455
2,0,3,0,0.7181,0.6625,0.9104,0.6821,0.0794
2,0,3,1,0.8135,0.7972,0.9437,0.7771,0.0420
2,0,3,2,0.7932,0.8501,0.9704,0.7427,0.0224
2,0,3,3,0.8639,0.8503,0.9438,0.8410,0.0467
2,0,3,4,0.7275,0.6657,0.9124,0.6926,0.0791
2,0,3,5,0.8090,0.8086,0.9741,0.7641,0.0304
2,0,3,6,0.8407,0.9125,0.9890,0.7905,0.0106
2,0,3,7,0.7600,0.8079,0.9841,0.6972,0.0159
2,0,3,8,0.8642,0.8755,0.9523,0.8343,0.0285
2,0,3,9,0.8746,0.8588,0.9549,0.8482,0.0342
2,0,3,10,0.8099,0.7838,0.9430,0.7727,0.0441
2,0,3,11,0.9333,0.9408,0.9869,0.9160,0.0151
2,0,4,0,0.8724,0.8698,0.9484,0.8462,0.0324
2,0,4,1,0.8878,0.8822,0.9565,0.8664,0.0353
2,0,4,2,0.7506,0.6953,0.9262,0.7131,0.0678
2,0,4,3,0.7137,0.8318,0.9696,0.6362,0.0201
2,0,4,4,0.7817,0.7591,0.9383,0.7454,0.0577
2,0,4,5,0.7915,0.7866,0.9418,0.7516,0.0468
2,0,4,6,0.8693,0.8672,0.9837,0.8348,0.0190
2,0,4,7,0.6554,0.7264,0.9816,0.5681,0.0269
2,0,4,8,0.7834,0.7388,0.9336,0.7475,0.0582
2,0,4,9,0.8386,0.8453,0.9783,0.7999,0.0257
2,0,4,10,0.7299,0.6801,0.9196,0.6922,0.0745
2,0,4,11,0.5627,0.6520,0.9017,0.4996,0.0834
2,0,5,0,0.7257,0.6600,0.9096,0.6912,0.0800
2,0,5,1,0.7119,0.6412,0.9050,0.6781,0.0834
2,0,5,2,0.8364,0.8693,0.9707,0.7997,0.0278
2,0,5,3,0.8792,0.8719,0.9889,0.8469,0.0136
2,0,5,4,0.9098,0.9007,0.9778,0.8879,0.0192
2,0,5,5,0.7266,0.6715,0.9113,0.6916,0.0787
2,0,5,6,0.7733,0.7205,0.9204,0.7416,0.0676
2,0,5,7,0.7974,0.7895,0.9408,0.7600,0.0457
2,0,5,8,0.7619,0.7202,0.9285,0.7255,0.0644
2,0,5,9,0.7432,0.6847,0.9196,0.7071,0.0728
2,0,5,10,0.7761,0.8293,0.9740,0.7245,0.0338
2,0,5,11,0.7713,0.7597,0.9314,0.7325,0.0571
2,0,6,0,0.8066,0.8356,0.9864,0.7570,0.0190
2,0,6,1,0.7639,0.7323,0.9346,0.7274,0.0628
2,0,6,2,0.7619,0.7210,0.9317,0.7238,0.0627
2,0,6,3,0.8027,0.7785,0.9557,0.7640,0.0421
2,0,6,4,0.8438,0.8274,0.9818,0.8058,0.0286
2,0,6,5,0.8022,0.7645,0.9444,0.7655,0.0493
2,0,6,6,0.7513,0.7126,0.9242,0.7136,0.0666
2,0,6,7,0.8497,0.8744,0.9847,0.8080,0.0150
2,0,6,8,0.8599,0.8488,0.9705,0.8292,0.0331
2,0,6,9,0.7135,0.6440,0.9060,0.6794,0.0833
2,0,6,10,0.7255,0.6616,0.9105,0.6904,0.0798
2,0,6,11,0.8375,0.8069,0.9540,0.8050,0.0404
2,0,7,0,0.8250,0.7954,0.9498,0.7938,0.0487
2,0,7,1,0.7557,0.7140,0.9240,0.7199,0.0659
2,0,7,2,0.7131,0.6433,0.9056,0.6792,0.0834
2,0,7,3,0.8565,0.8527,0.9812,0.8224,0.0285
2,0,7,4,0.8227,0.8159,0.9439,0.7917,0.0447
2,0,7,5,0.7885,0.7572,0.9435,0.7495,0.0501
2,0,7,6,0.7588,0.7117,0.9313,0.7211,0.0639
2,0,7,7,0.7343,0.6815,0.9173,0.6989,0.0760
2,0,7,8,0.8302,0.8307,0.9758,0.7932,0.0348
2,0,7,9,0.8029,0.7820,0.9493,0.7674,0.0509
2,0,7,10,0.7261,0.6701,0.9108,0.6915,0.0794
2,0,7,11,0.7258,0.6614,0.9115,0.6912,0.0803
2,0,8,0,0.7500,0.6991,0.9257,0.7122,0.0677
2,0,8,1,0.7268,0.6724,0.9112,0.6924,0.0792
2,0,8,2,0.8075,0.7836,0.9569,0.7694,0.0428
2,0,8,3,0.7642,0.7270,0.9394,0.7274,0.0627
2,0,8,4,0.8023,0.7863,0.9421,0.7671,0.0472
2,0,8,5,0.8496,0.8576,0.9830,0.8109,0.0165
2,0,8,6,0.7511,0.7032,0.9258,0.7145,0.0677
2,0,8,7,0.8198,0.8227,0.9473,0.7872,0.0447
2,0,8,8,0.8259,0.8401,0.9749,0.7843,0.0251
2,0,8,9,0.8195,0.8077,0.9656,0.7804,0.0366
2,0,8,10,0.8003,0.7729,0.9549,0.7617,0.0464
2,0,8,11,0.7539,0.7088,0.9331,0.7161,0.0652
2,0,9,0,0.7415,0.7443,0.9460,0.6918,0.0488
2,0,9,1,0.7243,0.6580,0.9088,0.6901,0.0805
2,0,9,2,0.7708,0.7888,0.9552,0.7253,0.0428
2,0,9,3,0.8648,0.8527,0.9698,0.8350,0.0329
2,0,9,4,0.7315,0.6784,0.9174,0.6950,0.0739
2,0,9,5,0.7596,0.7264,0.9375,0.7206,0.0628
2,0,9,6,0.7213,0.6590,0.9115,0.6862,0.0804
2,0,9,7,0.7750,0.7515,0.9436,0.7356,0.0540
2,0,9,8,0.7510,0.7150,0.9355,0.7110,0.0618
2,0,9,9,0.7168,0.6508,0.9082,0.6822,0.0824
2,0,9,10,0.8106,0.7979,0.9450,0.7739,0.0376
2,0,9,11,0.7173,0.6485,0.9078,0.6830,0.0829
2,0,10,0,0.7596,0.7380,0.9436,0.7165,0.0525
2,0,10,1,0.7278,0.6707,0.9144,0.6927,0.0788
2,0,10,2,0.7243,0.6601,0.9122,0.6894,0.0805
2,0,10,3,0.7513,0.7054,0.9278,0.7146,0.0683
2,0,10,4,0.7443,0.6946,0.9262,0.7055,0.0674
2,0,10,5,0.7731,0.7762,0.9379,0.7323,0.0453
2,0,10,6,0.7297,0.6701,0.9176,0.6933,0.0756
2,0,10,7,0.7558,0.7287,0.9376,0.7152,0.0598
2,0,10,8,0.7203,0.6548,0.9099,0.6855,0.0815
2,0,10,9,0.7990,0.8124,0.9595,0.7588,0.0380
2,0,10,10,0.7226,0.6576,0.9113,0.6874,0.0803
2,0,10,11,0.7753,0.7265,0.9286,0.7411,0.0613
2,0,11,0,0.8774,0.8931,0.9228,0.8371,0.0176
2,0,11,1,0.7511,0.6970,0.9248,0.7146,0.0702
2,0,11,2,0.7420,0.6836,0.9223,0.7059,0.0732
2,0,11,3,0.8184,0.7999,0.9678,0.7780,0.0336
2,0,11,4,0.7810,0.7332,0.9424,0.7445,0.0589
2,0,11,5,0.7446,0.6930,0.9243,0.7078,0.0704
2,0,11,6,0.7292,0.6661,0.9144,0.6939,0.0787
2,0,11,7,0.7643,0.7253,0.9332,0.7271,0.0627
2,0,11,8,0.4562,0.7260,0.9720,0.3128,0.0184
2,0,11,9,0.7272,0.6632,0.9122,0.6926,0.0802
2,0,11,10,0.8188,0.8008,0.9682,0.7791,0.0349
2,0,11,11,0.8236,0.8205,0.9669,0.7842,0.0312
2,1,0,0,0.8514,0.8335,0.8713,0.8270,0.0537
2,1,0,1,0.1770,0.2393,0.9580,0.0705,0.0338
2,1,0,2,0.9219,0.9200,0.9571,0.9113,0.0439
2,1,0,3,0.2120,0.2651,0.9617,0.0988,0.0222
2,1,0,4,0.4614,0.4196,0.9724,0.3570,0.0332
2,1,0,5,0.2640,0.2769,0.9549,0.1591,0.0230
2,1,0,6,0.6943,0.6953,0.8587,0.6304,0.0576
2,1,0,7,0.6648,0.6606,0.9502,0.5945,0.0581
2,1,0,8,0.7163,0.7497,0.9685,0.6597,0.0433
2,1,0,9,0.8889,0.8836,0.9463,0.8727,0.0534
2,1,0,10,0.8452,0.8115,0.9278,0.8197,0.0556
2,1,0,11,0.8819,0.8594,0.9038,0.8668,0.0573
2,1,1,0,0.7106,0.7029,0.9871,0.6540,0.0417
2,1,1,1,0.9049,0.8947,0.9847,0.8899,0.0443
2,1,1,2,0.8656,0.8577,0.9777,0.8426,0.0505
2,1,1,3,0.9406,0.9077,0.9318,0.9353,0.0403
2,1,1,4,0.9690,0.9641,0.9858,0.9657,0.0290
2,1,1,5,0.9586,0.9429,0.9935,0.9523,0.0258
2,1,1,6,0.8829,0.8577,0.9959,0.8621,0.0247
2,1,1,7,0.9515,0.9482,0.9804,0.9458,0.0354
2,1,1,8,0.9720,0.9732,0.9971,0.9679,0.0201
2,1,1,9,0.9744,0.9751,0.9959,0.9702,0.0126
2,1,1,10,0.2836,0.6085,0.9192,0.1189,0.0620
2,1,1,11,0.3924,0.3270,0.9622,0.2964,0.0176
2,1,2,0,0.7874,0.7597,0.9537,0.7466,0.0485
2,1,2,1,1.0000,1.0000,1.0000,1.0000,0.0000
2,1,2,2,0.4692,0.5115,0.9861,0.3740,0.0285
2,1,2,3,0.7472,0.7362,0.9874,0.6986,0.0403
2,1,2,4,0.8771,0.8912,0.9922,0.8553,0.0324
2,1,2,5,0.7047,0.7090,0.9756,0.6456,0.0480
2,1,2,6,0.9756,0.9807,0.9964,0.9716,0.0071
2,1,2,7,0.7535,0.7408,0.8994,0.7051,0.0626
2,1,2,8,0.6603,0.7148,0.9884,0.5951,0.0361
2,1,2,9,0.4880,0.6001,0.9607,0.3807,0.0424
2,1,2,10,0.8856,0.8618,0.9389,0.8689,0.0540
2,1,2,11,0.9907,0.9875,0.9992,0.9892,0.0080
2,1,3,0,0.9782,0.9714,0.9909,0.9779,0.0308
2,1,3,1,0.9666,0.9649,0.9961,0.9611,0.0144
2,1,3,2,0.5158,0.5322,0.9881,0.4253,0.0337
2,1,3,3,0.8815,0.8870,0.9908,0.8621,0.0213
2,1,3,4,0.9795,0.9727,0.9921,0.9792,0.0306
2,1,3,5,0.9705,0.9738,0.9882,0.9661,0.0194
2,1,3,6,0.6752,0.7043,0.9223,0.6072,0.0555
2,1,3,7,0.6658,0.6407,0.9887,0.6017,0.0392
2,1,3,8,0.6515,0.6475,0.9819,0.5886,0.0329
2,1,3,9,0.8071,0.8219,0.9839,0.7729,0.0295
2,1,3,10,0.9796,0.9734,0.9950,0.9762,0.0142
2,1,3,11,0.8219,0.7865,0.9820,0.7889,0.0395
2,1,4,0,0.7758,0.7803,0.9832,0.7364,0.0258
2,1,4,1,0.8910,0.8567,0.9919,0.8722,0.0240
2,1,4,2,0.9879,0.9828,0.9958,0.9871,0.0193
2,1,4,3,0.7397,0.7316,0.9318,0.6897,0.0379
2,1,4,4,0.9865,0.9836,0.9977,0.9847,0.0118
2,1,4,5,0.9721,0.9673,0.9970,0.9676,0.0091
2,1,4,6,0.9420,0.9485,0.9877,0.9335,0.0329
2,1,4,7,0.5910,0.5638,0.9772,0.5140,0.0337
2,1,4,8,0.9868,0.9867,0.9963,0.9850,0.0102
2,1,4,9,0.8849,0.8680,0.9950,0.8645,0.0281
2,1,4,10,0.9814,0.9754,0.9946,0.9806,0.0260
2,1,4,11,0.2520,0.3549,0.9531,0.1569,0.0349
2,1,5,0,0.9779,0.9698,0.9906,0.9775,0.0315
2,1,5,1,0.9749,0.9653,0.9892,0.9751,0.0349
2,1,5,2,0.8802,0.8729,0.9951,0.8591,0.0302
2,1,5,3,0.9348,0.9337,0.9823,0.9250,0.0370
2,1,5,4,0.9202,0.8891,0.9925,0.9067,0.0346
2,1,5,5,0.9792,0.9730,0.9914,0.9788,0.0302
2,1,5,6,0.9720,0.9728,0.9927,0.9692,0.0203
2,1,5,7,0.9240,0.9174,0.9953,0.9116,0.0165
2,1,5,8,0.9809,0.9814,0.9962,0.9789,0.0169
2,1,5,9,0.9808,0.9767,0.9942,0.9796,0.0243
2,1,5,10,0.9208,0.8954,0.9954,0.9071,0.0228
2,1,5,11,0.9720,0.9607,0.9937,0.9680,0.0156
2,1,6,0,0.8615,0.8531,0.9799,0.8365,0.0363
2,1,6,1,0.9807,0.9797,0.9977,0.9785,0.0148
2,1,6,2,0.9919,0.9897,0.9973,0.9913,0.0142
2,1,6,3,0.9824,0.9855,0.9990,0.9794,0.0093
2,1,6,4,0.9549,0.9604,0.9907,0.9479,0.0226
2,1,6,5,0.9855,0.9832,0.9981,0.9831,0.0042
2,1,6,6,0.9859,0.9800,0.9946,0.9849,0.0184
2,1,6,7,0.9063,0.8877,0.9738,0.8909,0.0365
2,1,6,8,0.9218,0.9031,0.9974,0.9083,0.0260
2,1,6,9,0.9752,0.9659,0.9896,0.9753,0.0348
2,1,6,10,0.9809,0.9729,0.9909,0.9808,0.0312
2,1,6,11,0.9758,0.9773,0.9994,0.9718,0.0144
2,1,7,0,0.9166,0.9380,0.9984,0.9030,0.0188
2,1,7,1,0.9733,0.9745,0.9945,0.9705,0.0184
2,1,7,2,0.9751,0.9657,0.9894,0.9752,0.0349
2,1,7,3,0.9577,0.9575,0.9912,0.9511,0.0219
2,1,7,4,0.9481,0.9420,0.9936,0.9397,0.0214
2,1,7,5,0.9862,0.9861,0.9990,0.9840,0.0073
2,1,7,6,0.9814,0.9795,0.9969,0.9794,0.0153
2,1,7,7,0.9830,0.9791,0.9930,0.9827,0.0274
2,1,7,8,0.9320,0.9337,0.9962,0.9204,0.0172
2,1,7,9,0.9856,0.9845,0.9995,0.9833,0.0079
2,1,7,10,0.9789,0.9735,0.9910,0.9787,0.0308
2,1,7,11,0.9784,0.9706,0.9914,0.9781,0.0317
2,1,8,0,0.9838,0.9805,0.9958,0.9825,0.0192
2,1,8,1,0.9797,0.9744,0.9908,0.9795,0.0307
2,1,8,2,0.9769,0.9818,0.9979,0.9730,0.0076
2,1,8,3,0.9832,0.9819,0.9985,0.9814,0.0147
2,1,8,4,0.9665,0.9698,0.9972,0.9612,0.0160
2,1,8,5,0.8994,0.9136,0.9871,0.8820,0.0349
2,1,8,6,0.9794,0.9776,0.9957,0.9776,0.0194
2,1,8,7,0.8373,0.8660,0.9906,0.8108,0.0201
2,1,8,8,0.9335,0.9348,0.9954,0.9223,0.0243
2,1,8,9,0.9692,0.9790,0.9972,0.9641,0.0143
2,1,8,10,0.9883,0.9869,0.9993,0.9864,0.0089
2,1,8,11,0.9796,0.9792,0.9975,0.9774,0.0167
2,1,9,0,0.9194,0.9300,0.9763,0.9064,0.0197
2,1,9,1,0.9791,0.9708,0.9903,0.9791,0.0320
2,1,9,2,0.9484,0.9501,0.9914,0.9398,0.0202
2,1,9,3,0.9224,0.9395,0.9970,0.9090,0.0240
2,1,9,4,0.9810,0.9771,0.9939,0.9803,0.0256
2,1,9,5,0.9852,0.9841,0.9980,0.9835,0.0146
2,1,9,6,0.9790,0.9719,0.9920,0.9788,0.0319
2,1,9,7,0.9852,0.9860,0.9994,0.9830,0.0076
2,1,9,8,0.9730,0.9743,0.9959,0.9696,0.0156
2,1,9,9,0.9774,0.9690,0.9906,0.9775,0.0338
2,1,9,10,0.9418,0.9394,0.9924,0.9321,0.0227
2,1,9,11,0.9765,0.9680,0.9903,0.9765,0.0344
2,1,10,0,0.9722,0.9802,0.9937,0.9679,0.0131
2,1,10,1,0.9821,0.9768,0.9922,0.9821,0.0303
2,1,10,2,0.9792,0.9719,0.9920,0.9790,0.0320
2,1,10,3,0.9842,0.9818,0.9963,0.9831,0.0198
2,1,10,4,0.9792,0.9782,0.9966,0.9772,0.0189
2,1,10,5,0.9222,0.9238,0.9908,0.9100,0.0251
2,1,10,6,0.9807,0.9755,0.9943,0.9801,0.0270
2,1,10,7,0.9835,0.9865,0.9968,0.9815,0.0152
2,1,10,8,0.9772,0.9692,0.9911,0.9770,0.0329
2,1,10,9,0.9320,0.9297,0.9973,0.9205,0.0210
2,1,10,10,0.9787,0.9711,0.9917,0.9784,0.0317
2,1,10,11,0.9741,0.9804,0.9960,0.9710,0.0164
2,1,11,0,0.7971,0.7732,0.8019,0.7612,0.0648
2,1,11,1,0.9850,0.9821,0.9955,0.9840,0.0216
2,1,11,2,0.9817,0.9780,0.9950,0.9808,0.0247
2,1,11,3,0.9561,0.9750,0.9952,0.9487,0.0186
2,1,11,4,0.9870,0.9856,0.9988,0.9852,0.0106
2,1,11,5,0.9820,0.9779,0.9958,0.9807,0.0219
2,1,11,6,0.9806,0.9735,0.9926,0.9803,0.0302
2,1,11,7,0.9866,0.9851,0.9973,0.9853,0.0142
2,1,11,8,0.2534,0.5493,0.9526,0.1078,0.0365
2,1,11,9,0.9792,0.9717,0.9916,0.9789,0.0316
2,1,11,10,0.9579,0.9753,0.9981,0.9509,0.0186
2,1,11,11,0.9533,0.9676,0.9976,0.9455,0.0186
2,2,0,0,0.6297,0.6956,0.8649,0.5386,0.0404
2,2,0,1,0.2789,0.5612,0.9836,0.1781,0.0552
2,2,0,2,0.6408,0.6831,0.9554,0.5576,0.0320
2,2,0,3,0.3213,0.6019,0.9885,0.2155,0.0362
2,2,0,4,0.5678,0.7368,0.9948,0.4756,0.0110
2,2,0,5,0.2673,0.6138,0.9832,0.1537,0.0354
2,2,0,6,0.6721,0.7520,0.8497,0.5913,0.0420
2,2,0,7,0.8538,0.8825,0.9523,0.8222,0.0396
2,2,0,8,0.6314,0.7372,0.9745,0.5463,0.0285
2,2,0,9,0.6763,0.7092,0.9471,0.5989,0.0425
2,2,0,10,0.6131,0.7411,0.9411,0.5169,0.0382
2,2,0,11,0.6660,0.7167,0.9091,0.5833,0.0446
2,2,1,0,0.8221,0.8701,0.9942,0.7834,0.0253
2,2,1,1,0.7103,0.7346,0.9877,0.6448,0.0308
2,2,1,2,0.6818,0.7294,0.9881,0.6083,0.0378
2,2,1,3,0.5865,0.6336,0.9216,0.4884,0.0304
2,2,1,4,0.5727,0.6274,0.9757,0.4801,0.0265
2,2,1,5,0.5535,0.6566,0.9940,0.4608,0.0147
2,2,1,6,0.5368,0.6563,0.9878,0.4410,0.0132
2,2,1,7,0.5998,0.6346,0.9759,0.5101,0.0300
2,2,1,8,0.5555,0.5927,0.9944,0.4658,0.0171
2,2,1,9,0.5074,0.5505,0.9932,0.4148,0.0169
2,2,1,10,0.5679,0.6414,0.9385,0.4611,0.0451
2,2,1,11,0.3438,0.6535,0.9899,0.2308,0.0224
2,2,2,0,0.7795,0.8338,0.9647,0.7293,0.0303
2,2,2,1,0.4692,0.5115,0.9861,0.3740,0.0285
2,2,2,2,1.0000,1.0000,1.0000,1.0000,0.0000
2,2,2,3,0.8172,0.8605,0.9978,0.7776,0.0215
2,2,2,4,0.6774,0.6905,0.9969,0.6119,0.0076
2,2,2,5,0.8565,0.8999,0.9744,0.8254,0.0282
2,2,2,6,0.5158,0.5312,0.9899,0.4295,0.0243
2,2,2,7,0.7257,0.7893,0.8990,0.6591,0.0467
2,2,2,8,0.8038,0.8124,0.9872,0.7621,0.0171
2,2,2,9,0.7176,0.8100,0.9553,0.6532,0.0265
2,2,2,10,0.6704,0.7351,0.9348,0.5912,0.0411
2,2,2,11,0.4963,0.5373,0.9885,0.4038,0.0275
2,2,3,0,0.3800,0.4162,0.9760,0.2921,0.0522
2,2,3,1,0.5404,0.5901,0.9920,0.4561,0.0153
2,2,3,2,0.9202,0.9422,0.9988,0.9039,0.0092
2,2,3,3,0.6879,0.7490,0.9931,0.6324,0.0174
2,2,3,4,0.3922,0.4097,0.9758,0.3052,0.0519
2,2,3,5,0.4975,0.5542,0.9678,0.3961,0.0177
2,2,3,6,0.7310,0.8391,0.9218,0.6673,0.0388
2,2,3,7,0.7428,0.8335,0.9944,0.6880,0.0171
2,2,3,8,0.8481,0.8740,0.9981,0.8179,0.0081
2,2,3,9,0.7083,0.7157,0.9972,0.6512,0.0073
2,2,3,10,0.5130,0.5800,0.9905,0.4237,0.0169
2,2,3,11,0.7587,0.8427,0.9935,0.7064,0.0168
2,2,4,0,0.7434,0.7519,0.9977,0.6937,0.0113
2,2,4,1,0.6878,0.7843,0.9953,0.6282,0.0092
2,2,4,2,0.4209,0.4416,0.9813,0.3304,0.0412
2,2,4,3,0.5643,0.6866,0.9127,0.4688,0.0147
2,2,4,4,0.4829,0.5336,0.9840,0.3966,0.0306
2,2,4,5,0.5299,0.5858,0.9879,0.4456,0.0202
2,2,4,6,0.5995,0.6505,0.9772,0.5121,0.0220
2,2,4,7,0.5897,0.7423,0.9944,0.5043,0.0092
2,2,4,8,0.4575,0.4931,0.9850,0.3669,0.0335
2,2,4,9,0.6429,0.7099,0.9903,0.5695,0.0091
2,2,4,10,0.4012,0.4343,0.9761,0.3121,0.0474
2,2,4,11,0.8292,0.8944,0.9786,0.8111,0.0563
2,2,5,0,0.3888,0.4075,0.9758,0.3022,0.0529
2,2,5,1,0.3733,0.3865,0.9738,0.2879,0.0563
2,2,5,2,0.6002,0.7160,0.9947,0.5210,0.0062
2,2,5,3,0.6376,0.6641,0.9743,0.5581,0.0195
2,2,5,4,0.6927,0.7809,0.9871,0.6279,0.0135
2,2,5,5,0.3910,0.4230,0.9755,0.3040,0.0516
2,2,5,6,0.4586,0.4897,0.9814,0.3753,0.0404
2,2,5,7,0.5507,0.6283,0.9896,0.4713,0.0185
2,2,5,8,0.4278,0.4710,0.9830,0.3370,0.0373
2,2,5,9,0.4109,0.4321,0.9786,0.3220,0.0457
2,2,5,10,0.5305,0.6499,0.9855,0.4376,0.0109
2,2,5,11,0.4604,0.5532,0.9866,0.3701,0.0281
2,2,6,0,0.6068,0.6414,0.9729,0.5232,0.0134
2,2,6,1,0.4319,0.4801,0.9803,0.3412,0.0357
2,2,6,2,0.4424,0.4701,0.9823,0.3522,0.0374
2,2,6,3,0.4833,0.5309,0.9916,0.3889,0.0226
2,2,6,4,0.5469,0.6119,0.9793,0.4529,0.0153
2,2,6,5,0.4878,0.5313,0.9878,0.3966,0.0264
2,2,6,6,0.4254,0.4777,0.9801,0.3354,0.0397
2,2,6,7,0.6124,0.7112,0.9608,0.5257,0.0227
2,2,6,8,0.6586,0.7086,0.9856,0.5909,0.0101
2,2,6,9,0.3749,0.3895,0.9739,0.2892,0.0561
2,2,6,10,0.3894,0.4089,0.9762,0.3022,0.0526
2,2,6,11,0.5567,0.6006,0.9880,0.4734,0.0164
2,2,7,0,0.6095,0.6203,0.9911,0.5405,0.0192
2,2,7,1,0.4179,0.4702,0.9808,0.3276,0.0387
2,2,7,2,0.3745,0.3890,0.9739,0.2889,0.0563
2,2,7,3,0.5670,0.6397,0.9790,0.4781,0.0160
2,2,7,4,0.5451,0.6327,0.9930,0.4654,0.0171
2,2,7,5,0.4937,0.5256,0.9873,0.4046,0.0253
2,2,7,6,0.4274,0.4607,0.9824,0.3358,0.0383
2,2,7,7,0.4020,0.4290,0.9784,0.3146,0.0488
2,2,7,8,0.5647,0.6444,0.9895,0.4798,0.0150
2,2,7,9,0.4959,0.5589,0.9814,0.4075,0.0248
2,2,7,10,0.3910,0.4216,0.9759,0.3046,0.0522
2,2,7,11,0.3869,0.4068,0.9764,0.2998,0.0531
2,2,8,0,0.4236,0.4499,0.9805,0.3335,0.0405
2,2,8,1,0.3899,0.4217,0.9766,0.3033,0.0521
2,2,8,2,0.4855,0.5227,0.9941,0.3909,0.0224
2,2,8,3,0.4246,0.4659,0.9831,0.3323,0.0356
2,2,8,4,0.5340,0.5892,0.9888,0.4527,0.0198
2,2,8,5,0.6446,0.6760,0.9777,0.5686,0.0182
2,2,8,6,0.4248,0.4539,0.9805,0.3358,0.0405
2,2,8,7,0.6512,0.6564,0.9965,0.5895,0.0160
2,2,8,8,0.5508,0.6562,0.9876,0.4589,0.0152
2,2,8,9,0.5262,0.5771,0.9790,0.4345,0.0171
2,2,8,10,0.4875,0.5357,0.9809,0.3947,0.0227
2,2,8,11,0.4217,0.4550,0.9744,0.3301,0.0383
2,2,9,0,0.4264,0.4879,0.9389,0.3253,0.0203
2,2,9,1,0.3884,0.4047,0.9754,0.3023,0.0534
2,2,9,2,0.4754,0.5622,0.9624,0.3803,0.0146
2,2,9,3,0.6537,0.6868,0.9940,0.5848,0.0113
2,2,9,4,0.4030,0.4264,0.9757,0.3151,0.0467
2,2,9,5,0.4317,0.4779,0.9749,0.3392,0.0367
2,2,9,6,0.3817,0.4042,0.9746,0.2942,0.0533
2,2,9,7,0.4480,0.5016,0.9815,0.3540,0.0279
2,2,9,8,0.4236,0.4603,0.9676,0.3307,0.0352
2,2,9,9,0.3774,0.3969,0.9744,0.2908,0.0552
2,2,9,10,0.5544,0.6222,0.9933,0.4731,0.0147
2,2,9,11,0.3789,0.3935,0.9745,0.2928,0.0558
2,2,10,0,0.4292,0.4721,0.9632,0.3316,0.0261
2,2,10,1,0.3869,0.4138,0.9772,0.2990,0.0517
2,2,10,2,0.3859,0.4042,0.9755,0.2987,0.0534
2,2,10,3,0.4170,0.4550,0.9805,0.3266,0.0412
2,2,10,4,0.4174,0.4391,0.9761,0.3264,0.0405
2,2,10,5,0.5064,0.5849,0.9912,0.4214,0.0205
2,2,10,6,0.3907,0.4127,0.9743,0.3015,0.0484
2,2,10,7,0.4230,0.4775,0.9702,0.3281,0.0332
2,2,10,8,0.3812,0.4006,0.9752,0.2942,0.0543
2,2,10,9,0.5124,0.6192,0.9899,0.4225,0.0135
2,2,10,10,0.3839,0.4024,0.9754,0.2965,0.0531
2,2,10,11,0.4731,0.4920,0.9827,0.3890,0.0341
2,2,11,0,0.7047,0.7265,0.7965,0.6316,0.0471
2,2,11,1,0.4177,0.4413,0.9803,0.3277,0.0430
2,2,11,2,0.4063,0.4262,0.9788,0.3172,0.0460
2,2,11,3,0.5366,0.5552,0.9763,0.4457,0.0135
2,2,11,4,0.4485,0.4799,0.9849,0.3563,0.0362
2,2,11,5,0.4128,0.4402,0.9774,0.3231,0.0436
2,2,11,6,0.3913,0.4108,0.9768,0.3034,0.0516
2,2,11,7,0.4356,0.4757,0.9836,0.3447,0.0356
2,2,11,8,0.4850,0.6671,0.9823,0.3750,0.0135
2,2,11,9,0.3889,0.4087,0.9765,0.3018,0.0530
2,2,11,10,0.5449,0.5791,0.9845,0.4562,0.0117
2,2,11,11,0.5525,0.6031,0.9836,0.4644,0.0130
2,3,0,0,0.8155,0.8168,0.8780,0.7635,0.0192
2,3,0,1,0.2505,0.4855,0.9714,0.1332,0.0723
2,3,0,2,0.8791,0.8593,0.9631,0.8469,0.0131
2,3,0,3,0.2966,0.5260,0.9772,0.1739,0.0535
2,3,0,4,0.5812,0.6719,0.9914,0.4797,0.0150
2,3,0,5,0.3058,0.5390,0.9713,0.1857,0.0525
2,3,0,6,0.7414,0.7942,0.8663,0.6661,0.0210
2,3,0,7,0.8981,0.8956,0.9627,0.8705,0.0199
2,3,0,8,0.7889,0.8100,0.9806,0.7327,0.0096
2,3,0,9,0.8963,0.8718,0.9570,0.8682,0.0228
2,3,0,10,0.8362,0.8537,0.9504,0.7902,0.0180
2,3,0,11,0.8659,0.8601,0.9202,0.8287,0.0239
2,3,1,0,0.9417,0.9614,0.9984,0.9269,0.0072
2,3,1,1,0.9198,0.9123,0.9943,0.8988,0.0114
2,3,1,2,0.9173,0.9062,0.9942,0.8954,0.0163
2,3,1,3,0.7884,0.7494,0.9308,0.7307,0.0226
2,3,1,4,0.8261,0.8268,0.9838,0.7832,0.0228
2,3,1,5,0.8265,0.8537,0.9974,0.7860,0.0144
2,3,1,6,0.7511,0.7996,0.9916,0.6931,0.0174
2,3,1,7,0.8563,0.8427,0.9822,0.8194,0.0177
2,3,1,8,0.8329,0.8170,0.9965,0.7955,0.0239
2,3,1,9,0.8087,0.7888,0.9933,0.7700,0.0295
2,3,1,10,0.4731,0.6691,0.9395,0.3211,0.0244
2,3,1,11,0.4287,0.5885,0.9802,0.3191,0.0416
2,3,2,0,0.8587,0.9010,0.9710,0.8205,0.0112
2,3,2,1,0.7472,0.7362,0.9874,0.6986,0.0403
2,3,2,2,0.8172,0.8605,0.9978,0.7776,0.0215
2,3,2,3,1.0000,1.0000,1.0000,1.0000,0.0000
2,3,2,4,0.8284,0.8527,0.9955,0.7896,0.0181
2,3,2,5,0.9116,0.9290,0.9841,0.8883,0.0093
2,3,2,6,0.7640,0.7518,0.9895,0.7193,0.0382
2,3,2,7,0.8581,0.8627,0.9153,0.8184,0.0257
2,3,2,8,0.7871,0.8163,0.9913,0.7352,0.0102
2,3,2,9,0.6525,0.7690,0.9626,0.5600,0.0092
2,3,2,10,0.8699,0.8799,0.9491,0.8342,0.0198
2,3,2,11,0.7629,0.7518,0.9905,0.7159,0.0373
2,3,3,0,0.6608,0.6429,0.9738,0.6136,0.0693
2,3,3,1,0.7955,0.8006,0.9921,0.7555,0.0319
2,3,3,2,0.8831,0.9037,0.9989,0.8563,0.0157
2,3,3,3,0.7740,0.8388,0.9910,0.7311,0.0369
2,3,3,4,0.6695,0.6395,0.9738,0.6230,0.0690
2,3,3,5,0.7663,0.7604,0.9730,0.7136,0.0243
2,3,3,6,0.8065,0.8626,0.9333,0.7521,0.0181
2,3,3,7,0.7203,0.7912,0.9955,0.6522,0.0097
2,3,3,8,0.8171,0.8756,0.9964,0.7769,0.0220
2,3,3,9,0.7663,0.8001,0.9918,0.7156,0.0260
2,3,3,10,0.7814,0.7912,0.9917,0.7384,0.0342
2,3,3,11,0.8576,0.9163,0.9943,0.8221,0.0134
2,3,4,0,0.8007,0.8320,0.9940,0.7583,0.0234
2,3,4,1,0.8404,0.9035,0.9945,0.8077,0.0252
2,3,4,2,0.6958,0.6683,0.9797,0.6473,0.0585
2,3,4,3,0.6300,0.7052,0.9184,0.5374,0.0147
2,3,4,4,0.7287,0.7332,0.9848,0.6815,0.0479
2,3,4,5,0.7881,0.7930,0.9892,0.7480,0.0367
2,3,4,6,0.8472,0.8428,0.9844,0.8092,0.0126
2,3,4,7,0.6746,0.7672,0.9946,0.5980,0.0223
2,3,4,8,0.7342,0.7236,0.9848,0.6882,0.0481
2,3,4,9,0.7929,0.8102,0.9932,0.7451,0.0159
2,3,4,10,0.6681,0.6492,0.9753,0.6184,0.0647
2,3,4,11,0.6405,0.7257,0.9668,0.5929,0.0733
2,3,5,0,0.6645,0.6361,0.9734,0.6178,0.0699
2,3,5,1,0.6526,0.6183,0.9710,0.6071,0.0733
2,3,5,2,0.7360,0.8204,0.9946,0.6776,0.0209
2,3,5,3,0.8184,0.8209,0.9790,0.7728,0.0075
2,3,5,4,0.8619,0.9136,0.9937,0.8289,0.0122
2,3,5,5,0.6650,0.6517,0.9737,0.6178,0.0686
2,3,5,6,0.7137,0.7010,0.9796,0.6695,0.0575
2,3,5,7,0.7075,0.7766,0.9894,0.6517,0.0356
2,3,5,8,0.6983,0.6932,0.9821,0.6491,0.0546
2,3,5,9,0.6861,0.6595,0.9770,0.6385,0.0630
2,3,5,10,0.7381,0.7967,0.9895,0.6803,0.0245
2,3,5,11,0.7131,0.7543,0.9861,0.6626,0.0467
2,3,6,0,0.7798,0.7632,0.9756,0.7266,0.0150
2,3,6,1,0.6890,0.7029,0.9804,0.6375,0.0530
2,3,6,2,0.7253,0.7050,0.9818,0.6798,0.0529
2,3,6,3,0.7606,0.7705,0.9916,0.7135,0.0331
2,3,6,4,0.7540,0.7720,0.9830,0.6965,0.0214
2,3,6,5,0.7526,0.7508,0.9890,0.7057,0.0397
2,3,6,6,0.6960,0.6998,0.9800,0.6474,0.0571
2,3,6,7,0.8121,0.8618,0.9727,0.7640,0.0104
2,3,6,8,0.7654,0.7712,0.9883,0.7138,0.0248
2,3,6,9,0.6536,0.6201,0.9713,0.6077,0.0732
2,3,6,10,0.6684,0.6411,0.9740,0.6219,0.0697
2,3,6,11,0.7873,0.7845,0.9902,0.7441,0.0308
2,3,7,0,0.7443,0.7312,0.9901,0.6959,0.0383
2,3,7,1,0.6942,0.6984,0.9801,0.6460,0.0560
2,3,7,2,0.6533,0.6200,0.9713,0.6075,0.0733
2,3,7,3,0.7756,0.7980,0.9841,0.7238,0.0213
2,3,7,4,0.8064,0.8467,0.9923,0.7714,0.0341
2,3,7,5,0.7474,0.7288,0.9873,0.7002,0.0405
2,3,7,6,0.6925,0.6812,0.9814,0.6416,0.0546
2,3,7,7,0.6713,0.6607,0.9764,0.6234,0.0659
2,3,7,8,0.7675,0.8022,0.9919,0.7173,0.0257
2,3,7,9,0.7549,0.7657,0.9839,0.7094,0.0411
2,3,7,10,0.6651,0.6520,0.9739,0.6184,0.0693
2,3,7,11,0.6635,0.6348,0.9739,0.6165,0.0702
2,3,8,0,0.6939,0.6729,0.9795,0.6450,0.0579
2,3,8,1,0.6644,0.6560,0.9745,0.6175,0.0691
2,3,8,2,0.7594,0.7500,0.9926,0.7116,0.0337
2,3,8,3,0.6937,0.6970,0.9824,0.6428,0.0529
2,3,8,4,0.7816,0.7915,0.9891,0.7419,0.0371
2,3,8,5,0.8405,0.8409,0.9846,0.8018,0.0070
2,3,8,6,0.6824,0.6746,0.9791,0.6322,0.0579
2,3,8,7,0.7369,0.7466,0.9927,0.6869,0.0349
2,3,8,8,0.7793,0.8436,0.9927,0.7286,0.0165
2,3,8,9,0.7534,0.7666,0.9835,0.7007,0.0275
2,3,8,10,0.7370,0.7457,0.9840,0.6855,0.0371
2,3,8,11,0.6791,0.6625,0.9747,0.6265,0.0556
2,3,9,0,0.6942,0.6928,0.9428,0.6360,0.0395
2,3,9,1,0.6651,0.6363,0.9730,0.6190,0.0704
2,3,9,2,0.7195,0.7623,0.9682,0.6643,0.0329
2,3,9,3,0.8058,0.8203,0.9960,0.7630,0.0234
2,3,9,4,0.6723,0.6575,0.9745,0.6241,0.0638
2,3,9,5,0.6947,0.6903,0.9768,0.6428,0.0535
2,3,9,6,0.6609,0.6344,0.9727,0.6139,0.0703
2,3,9,7,0.7223,0.7303,0.9831,0.6724,0.0445
2,3,9,8,0.6729,0.6563,0.9691,0.6176,0.0525
2,3,9,9,0.6574,0.6279,0.9721,0.6111,0.0723
2,3,9,10,0.8141,0.8307,0.9931,0.7783,0.0286
2,3,9,11,0.6574,0.6246,0.9720,0.6113,0.0728
2,3,10,0,0.6999,0.6956,0.9661,0.6452,0.0434
2,3,10,1,0.6662,0.6487,0.9750,0.6190,0.0687
2,3,10,2,0.6644,0.6348,0.9734,0.6177,0.0704
2,3,10,3,0.6847,0.6784,0.9793,0.6348,0.0585
2,3,10,4,0.6859,0.6589,0.9757,0.6356,0.0579
2,3,10,5,0.7781,0.8017,0.9886,0.7386,0.0349
2,3,10,6,0.6673,0.6411,0.9732,0.6186,0.0657
2,3,10,7,0.6970,0.6967,0.9727,0.6449,0.0502
2,3,10,8,0.6576,0.6282,0.9728,0.6105,0.0714
2,3,10,9,0.7669,0.8146,0.9917,0.7205,0.0285
2,3,10,10,0.6625,0.6331,0.9732,0.6155,0.0702
2,3,10,11,0.7040,0.6987,0.9812,0.6553,0.0514
2,3,11,0,0.8177,0.7913,0.8114,0.7650,0.0269
2,3,11,1,0.6911,0.6716,0.9789,0.6426,0.0601
2,3,11,2,0.6764,0.6532,0.9769,0.6274,0.0634
2,3,11,3,0.7507,0.7518,0.9797,0.6965,0.0240
2,3,11,4,0.7103,0.6946,0.9841,0.6594,0.0496
2,3,11,5,0.6802,0.6619,0.9765,0.6306,0.0609
2,3,11,6,0.6688,0.6415,0.9747,0.6215,0.0689
2,3,11,7,0.7026,0.6970,0.9826,0.6531,0.0529
2,3,11,8,0.3782,0.6406,0.9764,0.2274,0.0109
2,3,11,9,0.6654,0.6382,0.9741,0.6185,0.0701
2,3,11,10,0.7574,0.7746,0.9877,0.7051,0.0256
2,3,11,11,0.7766,0.7962,0.9888,0.7278,0.0219
2,4,0,0,0.8227,0.8436,0.8457,0.7804,0.0362
2,4,0,1,0.2076,0.3531,0.9828,0.0928,0.0610
2,4,0,2,0.8926,0.9129,0.9444,0.8684,0.0286
2,4,0,3,0.2441,0.3858,0.9848,0.1222,0.0420
2,4,0,4,0.5996,0.5878,0.9846,0.5111,0.0079
2,4,0,5,0.2551,0.4048,0.9814,0.1359,0.0412
2,4,0,6,0.7210,0.7604,0.8314,0.6500,0.0375
2,4,0,7,0.8088,0.8014,0.9392,0.7628,0.0349
2,4,0,8,0.7821,0.8309,0.9642,0.7307,0.0240
2,4,0,9,0.8938,0.8977,0.9341,0.8704,0.0394
2,4,0,10,0.8342,0.8456,0.9239,0.7951,0.0337
2,4,0,11,0.8787,0.8766,0.8900,0.8524,0.0409
2,4,1,0,0.8523,0.8432,0.9903,0.8187,0.0216
2,4,1,1,0.9137,0.9238,0.9835,0.8946,0.0272
2,4,1,2,0.8863,0.8952,0.9813,0.8606,0.0344
2,4,1,3,0.8767,0.8524,0.9096,0.8485,0.0307
2,4,1,4,0.8932,0.9138,0.9740,0.8695,0.0262
2,4,1,5,0.8835,0.9143,0.9947,0.8584,0.0157
2,4,1,6,0.9027,0.9322,0.9894,0.8819,0.0159
2,4,1,7,0.8999,0.9199,0.9701,0.8775,0.0279
2,4,1,8,0.9072,0.9163,0.9970,0.8879,0.0199
2,4,1,9,0.8867,0.9102,0.9985,0.8651,0.0209
2,4,1,10,0.3885,0.6455,0.9206,0.2287,0.0415
2,4,1,11,0.3780,0.4522,0.9865,0.2677,0.0287
2,4,2,0,0.8556,0.8508,0.9521,0.8221,0.0256
2,4,2,1,0.8771,0.8912,0.9922,0.8553,0.0324
2,4,2,2,0.6774,0.6905,0.9969,0.6119,0.0076
2,4,2,3,0.8284,0.8527,0.9955,0.7896,0.0181
2,4,2,4,1.0000,1.0000,1.0000,1.0000,0.0000
2,4,2,5,0.7861,0.8276,0.9679,0.7357,0.0240
2,4,2,6,0.8887,0.8935,0.9975,0.8693,0.0295
2,4,2,7,0.7985,0.8170,0.8809,0.7494,0.0422
2,4,2,8,0.7835,0.8051,0.9831,0.7355,0.0126
2,4,2,9,0.5666,0.7177,0.9464,0.4623,0.0220
2,4,2,10,0.8644,0.8852,0.9231,0.8333,0.0371
2,4,2,11,0.8788,0.8949,0.9951,0.8564,0.0317
2,4,3,0,0.8253,0.8353,0.9891,0.8052,0.0580
2,4,3,1,0.8714,0.9002,0.9978,0.8477,0.0201
2,4,3,2,0.6989,0.7185,0.9949,0.6348,0.0076
2,4,3,3,0.8987,0.9184,0.9990,0.8810,0.0240
2,4,3,4,0.8333,0.8360,0.9888,0.8139,0.0577
2,4,3,5,0.8647,0.9012,0.9690,0.8364,0.0214
2,4,3,6,0.7746,0.8333,0.9065,0.7193,0.0344
2,4,3,7,0.6648,0.7597,0.9908,0.5904,0.0142
2,4,3,8,0.7396,0.7592,0.9973,0.6861,0.0094
2,4,3,9,0.8976,0.9121,0.9966,0.8769,0.0118
2,4,3,10,0.8726,0.9058,0.9978,0.8491,0.0230
2,4,3,11,0.8288,0.8670,0.9879,0.7903,0.0129
2,4,4,0,0.8664,0.8808,0.9981,0.8399,0.0142
2,4,4,1,0.8465,0.8871,0.9992,0.8165,0.0142
2,4,4,2,0.8508,0.8556,0.9920,0.8300,0.0464
2,4,4,3,0.6670,0.7752,0.9091,0.5915,0.0110
2,4,4,4,0.8608,0.8917,0.9938,0.8388,0.0366
2,4,4,5,0.8732,0.9277,0.9962,0.8506,0.0257
2,4,4,6,0.8909,0.9232,0.9756,0.8667,0.0197
2,4,4,7,0.6110,0.6893,0.9847,0.5272,0.0081
2,4,4,8,0.8692,0.8820,0.9949,0.8488,0.0382
2,4,4,9,0.8495,0.8687,0.9909,0.8175,0.0112
2,4,4,10,0.8309,0.8415,0.9887,0.8092,0.0531
2,4,4,11,0.4095,0.5545,0.9804,0.3275,0.0620
2,4,5,0,0.8333,0.8333,0.9890,0.8144,0.0586
2,4,5,1,0.8214,0.8187,0.9875,0.8026,0.0620
2,4,5,2,0.8602,0.9054,0.9961,0.8316,0.0088
2,4,5,3,0.9000,0.9090,0.9697,0.8777,0.0159
2,4,5,4,0.9053,0.9125,0.9875,0.8847,0.0119
2,4,5,5,0.8327,0.8386,0.9888,0.8132,0.0573
2,4,5,6,0.8507,0.8728,0.9929,0.8305,0.0462
2,4,5,7,0.9103,0.9355,0.9977,0.8951,0.0245
2,4,5,8,0.8492,0.8679,0.9931,0.8275,0.0430
2,4,5,9,0.8401,0.8470,0.9905,0.8192,0.0514
2,4,5,10,0.8143,0.9076,0.9889,0.7764,0.0148
2,4,5,11,0.8545,0.8754,0.9963,0.8313,0.0349
2,4,6,0,0.8249,0.8488,0.9665,0.7864,0.0108
2,4,6,1,0.8637,0.8802,0.9910,0.8442,0.0415
2,4,6,2,0.8548,0.8715,0.9924,0.8332,0.0421
2,4,6,3,0.8741,0.9048,0.9966,0.8510,0.0260
2,4,6,4,0.8837,0.9021,0.9787,0.8588,0.0180
2,4,6,5,0.8743,0.8933,0.9959,0.8522,0.0306
2,4,6,6,0.8480,0.8642,0.9920,0.8267,0.0453
2,4,6,7,0.8636,0.8969,0.9581,0.8327,0.0198
2,4,6,8,0.9022,0.8948,0.9891,0.8823,0.0130
2,4,6,9,0.8223,0.8202,0.9876,0.8034,0.0619
2,4,6,10,0.8317,0.8337,0.9893,0.8121,0.0584
2,4,6,11,0.9022,0.9193,0.9945,0.8836,0.0203
2,4,7,0,0.8798,0.8933,0.9970,0.8589,0.0257
2,4,7,1,0.8355,0.8603,0.9925,0.8125,0.0445
2,4,7,2,0.8221,0.8198,0.9876,0.8033,0.0620
2,4,7,3,0.8873,0.9111,0.9789,0.8634,0.0178
2,4,7,4,0.8596,0.9113,0.9992,0.8354,0.0226
2,4,7,5,0.8629,0.8941,0.9946,0.8391,0.0303
2,4,7,6,0.8477,0.8570,0.9927,0.8253,0.0425
2,4,7,7,0.8399,0.8484,0.9907,0.8205,0.0546
2,4,7,8,0.8626,0.8967,0.9908,0.8350,0.0192
2,4,7,9,0.8675,0.8973,0.9898,0.8448,0.0300
2,4,7,10,0.8347,0.8420,0.9891,0.8158,0.0580
2,4,7,11,0.8315,0.8319,0.9892,0.8122,0.0589
2,4,8,0,0.8470,0.8572,0.9917,0.8256,0.0466
2,4,8,1,0.8346,0.8437,0.9897,0.8158,0.0579
2,4,8,2,0.8602,0.8932,0.9972,0.8343,0.0269
2,4,8,3,0.8494,0.8653,0.9922,0.8272,0.0413
2,4,8,4,0.8643,0.9157,0.9968,0.8411,0.0251
2,4,8,5,0.8717,0.9072,0.9750,0.8435,0.0167
2,4,8,6,0.8477,0.8587,0.9917,0.8269,0.0463
2,4,8,7,0.8620,0.8893,0.9994,0.8377,0.0220
2,4,8,8,0.8969,0.9338,0.9899,0.8751,0.0147
2,4,8,9,0.8805,0.9040,0.9841,0.8568,0.0210
2,4,8,10,0.8755,0.8948,0.9883,0.8530,0.0269
2,4,8,11,0.8399,0.8476,0.9851,0.8167,0.0441
2,4,9,0,0.8073,0.8350,0.9469,0.7732,0.0264
2,4,9,1,0.8314,0.8315,0.9888,0.8125,0.0592
2,4,9,2,0.8409,0.8932,0.9711,0.8119,0.0198
2,4,9,3,0.8844,0.9271,0.9957,0.8606,0.0155
2,4,9,4,0.8399,0.8427,0.9886,0.8201,0.0525
2,4,9,5,0.8452,0.8642,0.9858,0.8217,0.0425
2,4,9,6,0.8282,0.8297,0.9879,0.8086,0.0590
2,4,9,7,0.8576,0.8847,0.9903,0.8343,0.0327
2,4,9,8,0.8329,0.8439,0.9786,0.8077,0.0407
2,4,9,9,0.8245,0.8247,0.9879,0.8052,0.0610
2,4,9,10,0.8606,0.9270,0.9992,0.8350,0.0186
2,4,9,11,0.8254,0.8234,0.9880,0.8064,0.0615
2,4,10,0,0.8462,0.8641,0.9725,0.8206,0.0316
2,4,10,1,0.8320,0.8393,0.9899,0.8123,0.0575
2,4,10,2,0.8285,0.8307,0.9885,0.8088,0.0592
2,4,10,3,0.8435,0.8552,0.9915,0.8219,0.0470
2,4,10,4,0.8435,0.8513,0.9876,0.8216,0.0463
2,4,10,5,0.8148,0.9114,0.9983,0.7832,0.0244
2,4,10,6,0.8339,0.8349,0.9872,0.8134,0.0542
2,4,10,7,0.8510,0.8691,0.9815,0.8280,0.0392
2,4,10,8,0.8281,0.8274,0.9884,0.8088,0.0601
2,4,10,9,0.8501,0.9217,0.9959,0.8221,0.0182
2,4,10,10,0.8289,0.8293,0.9885,0.8092,0.0589
2,4,10,11,0.8738,0.8812,0.9931,0.8560,0.0399
2,4,11,0,0.8140,0.8041,0.7712,0.7697,0.0424
2,4,11,1,0.8485,0.8542,0.9915,0.8278,0.0488
2,4,11,2,0.8412,0.8445,0.9904,0.8207,0.0518
2,4,11,3,0.8918,0.9006,0.9795,0.8700,0.0177
2,4,11,4,0.8619,0.8668,0.9933,0.8400,0.0409
2,4,11,5,0.8438,0.8485,0.9893,0.8230,0.0491
2,4,11,6,0.8323,0.8340,0.9894,0.8123,0.0573
2,4,11,7,0.8529,0.8674,0.9933,0.8312,0.0416
2,4,11,8,0.3490,0.6237,0.9721,0.2050,0.0106
2,4,11,9,0.8304,0.8320,0.9893,0.8107,0.0588
2,4,11,10,0.9015,0.9176,0.9885,0.8818,0.0159
2,4,11,11,0.8774,0.9169,0.9880,0.8525,0.0172
2,5,0,0,0.8333,0.8364,0.9374,0.7824,0.0148
2,5,0,1,0.3281,0.5113,0.9180,0.2197,0.0795
2,5,0,2,0.8332,0.8483,0.9891,0.7857,0.0182
2,5,0,3,0.3653,0.5512,0.9304,0.2503,0.0613
2,5,0,4,0.6305,0.7231,0.9750,0.5362,0.0203
2,5,0,5,0.3555,0.5569,0.9178,0.2395,0.0602
2,5,0,6,0.8105,0.8553,0.9308,0.7515,0.0151
2,5,0,7,0.9068,0.9301,0.9927,0.8791,0.0130
2,5,0,8,0.7602,0.8239,0.9943,0.6922,0.0110
2,5,0,9,0.8727,0.8742,0.9879,0.8347,0.0248
2,5,0,10,0.8155,0.8629,0.9779,0.7587,0.0171
2,5,0,11,0.8638,0.8625,0.9635,0.8218,0.0230
2,5,1,0,0.9220,0.9495,0.9923,0.9011,0.0134
2,5,1,1,0.9030,0.9004,0.9965,0.8759,0.0157
2,5,1,2,0.8760,0.8811,0.9944,0.8405,0.0193
2,5,1,3,0.7807,0.7771,0.9708,0.7167,0.0264
2,5,1,4,0.8049,0.8167,0.9959,0.7545,0.0311
2,5,1,5,0.7851,0.8302,0.9866,0.7327,0.0224
2,5,1,6,0.7148,0.8103,0.9881,0.6453,0.0257
2,5,1,7,0.8395,0.8300,0.9961,0.7960,0.0260
2,5,1,8,0.7779,0.7824,0.9823,0.7261,0.0319
2,5,1,9,0.7403,0.7469,0.9699,0.6852,0.0378
2,5,1,10,0.5697,0.7085,0.9525,0.4379,0.0188
2,5,1,11,0.4653,0.6073,0.9338,0.3584,0.0488
2,5,2,0,0.8710,0.8980,0.9858,0.8335,0.0076
2,5,2,1,0.7047,0.7090,0.9756,0.6456,0.0480
2,5,2,2,0.8565,0.8999,0.9744,0.8254,0.0282
2,5,2,3,0.9116,0.9290,0.9841,0.8883,0.0093
2,5,2,4,0.7861,0.8276,0.9679,0.7357,0.0240
2,5,2,5,1.0000,1.0000,1.0000,1.0000,0.0000
2,5,2,6,0.7367,0.7244,0.9642,0.6853,0.0467
2,5,2,7,0.8895,0.9006,0.9681,0.8558,0.0190
2,5,2,8,0.8657,0.8874,0.9945,0.8317,0.0146
2,5,2,9,0.8134,0.8576,0.9870,0.7606,0.0106
2,5,2,10,0.8887,0.9015,0.9876,0.8555,0.0207
2,5,2,11,0.7314,0.7345,0.9752,0.6762,0.0450
2,5,3,0,0.6113,0.6105,0.9418,0.5543,0.0765
2,5,3,1,0.7608,0.7744,0.9690,0.7123,0.0391
2,5,3,2,0.8151,0.8799,0.9836,0.7710,0.0211
2,5,3,3,0.7503,0.8256,0.9587,0.7017,0.0441
2,5,3,4,0.6205,0.6078,0.9437,0.5644,0.0762
2,5,3,5,0.7332,0.7518,0.9855,0.6704,0.0320
2,5,3,6,0.8369,0.9090,0.9739,0.7875,0.0125
2,5,3,7,0.8366,0.8622,0.9867,0.7951,0.0125
2,5,3,8,0.8710,0.9030,0.9656,0.8427,0.0269
2,5,3,9,0.7881,0.8234,0.9592,0.7409,0.0324
2,5,3,10,0.7458,0.7650,0.9673,0.6941,0.0412
2,5,3,11,0.8377,0.8971,0.9838,0.7952,0.0138
2,5,4,0,0.8057,0.8330,0.9598,0.7635,0.0295
2,5,4,1,0.7993,0.8652,0.9678,0.7567,0.0324
2,5,4,2,0.6509,0.6392,0.9540,0.5928,0.0652
2,5,4,3,0.6766,0.7585,0.9441,0.5914,0.0198
2,5,4,4,0.6841,0.7109,0.9635,0.6268,0.0548
2,5,4,5,0.7331,0.7571,0.9672,0.6803,0.0439
2,5,4,6,0.8381,0.8435,0.9956,0.7960,0.0206
2,5,4,7,0.7091,0.7911,0.9868,0.6374,0.0266
2,5,4,8,0.6893,0.6920,0.9594,0.6332,0.0554
2,5,4,9,0.8034,0.8404,0.9875,0.7564,0.0228
2,5,4,10,0.6250,0.6227,0.9501,0.5662,0.0716
2,5,4,11,0.6728,0.7642,0.9077,0.6310,0.0805
2,5,5,0,0.6165,0.6038,0.9409,0.5605,0.0771
2,5,5,1,0.6018,0.5845,0.9374,0.5466,0.0805
2,5,5,2,0.7455,0.8157,0.9786,0.6871,0.0262
2,5,5,3,0.8245,0.8370,0.9918,0.7783,0.0129
2,5,5,4,0.8634,0.9072,0.9936,0.8296,0.0163
2,5,5,5,0.6204,0.6181,0.9429,0.5643,0.0758
2,5,5,6,0.6686,0.6692,0.9483,0.6152,0.0647
2,5,5,7,0.6773,0.7650,0.9624,0.6134,0.0428
2,5,5,8,0.6550,0.6695,0.9573,0.5964,0.0615
2,5,5,9,0.6469,0.6321,0.9493,0.5912,0.0699
2,5,5,10,0.7399,0.7993,0.9843,0.6805,0.0317
2,5,5,11,0.6848,0.7260,0.9562,0.6275,0.0542
2,5,6,0,0.7818,0.8010,0.9890,0.7267,0.0180
2,5,6,1,0.6505,0.6740,0.9599,0.5903,0.0600
2,5,6,2,0.6800,0.6723,0.9594,0.6247,0.0598
2,5,6,3,0.7293,0.7370,0.9741,0.6741,0.0411
2,5,6,4,0.7420,0.7744,0.9885,0.6790,0.0278
2,5,6,5,0.7260,0.7276,0.9686,0.6723,0.0470
2,5,6,6,0.6542,0.6675,0.9533,0.5965,0.0638
2,5,6,7,0.8180,0.8619,0.9956,0.7688,0.0171
2,5,6,8,0.7555,0.7963,0.9829,0.6997,0.0302
2,5,6,9,0.6035,0.5869,0.9383,0.5480,0.0804
2,5,6,10,0.6201,0.6071,0.9418,0.5641,0.0769
2,5,6,11,0.7509,0.7731,0.9761,0.6983,0.0375
2,5,7,0,0.7293,0.7461,0.9690,0.6766,0.0458
2,5,7,1,0.6483,0.6625,0.9522,0.5904,0.0630
2,5,7,2,0.6029,0.5865,0.9380,0.5475,0.0805
2,5,7,3,0.7683,0.8093,0.9908,0.7126,0.0285
2,5,7,4,0.7570,0.8066,0.9639,0.7112,0.0418
2,5,7,5,0.7192,0.7182,0.9687,0.6649,0.0472
2,5,7,6,0.6552,0.6537,0.9573,0.5959,0.0613
2,5,7,7,0.6275,0.6269,0.9464,0.5707,0.0731
2,5,7,8,0.7501,0.8106,0.9861,0.6942,0.0319
2,5,7,9,0.7214,0.7433,0.9727,0.6679,0.0480
2,5,7,10,0.6177,0.6167,0.9422,0.5617,0.0765
2,5,7,11,0.6163,0.6032,0.9423,0.5600,0.0774
2,5,8,0,0.6502,0.6470,0.9541,0.5919,0.0648
2,5,8,1,0.6182,0.6197,0.9420,0.5623,0.0763
2,5,8,2,0.7259,0.7235,0.9738,0.6694,0.0420
2,5,8,3,0.6546,0.6682,0.9627,0.5949,0.0598
2,5,8,4,0.7402,0.7672,0.9658,0.6911,0.0443
2,5,8,5,0.8500,0.8525,0.9967,0.8120,0.0144
2,5,8,6,0.6475,0.6473,0.9531,0.5896,0.0648
2,5,8,7,0.6996,0.7497,0.9615,0.6403,0.0418
2,5,8,8,0.7602,0.8265,0.9889,0.7029,0.0243
2,5,8,9,0.7409,0.7606,0.9833,0.6836,0.0345
2,5,8,10,0.7055,0.7246,0.9763,0.6457,0.0438
2,5,8,11,0.6436,0.6461,0.9606,0.5829,0.0623
2,5,9,0,0.6583,0.6746,0.9559,0.5906,0.0464
2,5,9,1,0.6167,0.6022,0.9402,0.5613,0.0777
2,5,9,2,0.7010,0.7420,0.9726,0.6401,0.0401
2,5,9,3,0.7887,0.8182,0.9844,0.7406,0.0306
2,5,9,4,0.6324,0.6247,0.9479,0.5760,0.0710
2,5,9,5,0.6555,0.6687,0.9641,0.5947,0.0602
2,5,9,6,0.6124,0.6023,0.9433,0.5558,0.0775
2,5,9,7,0.6885,0.7030,0.9696,0.6304,0.0512
2,5,9,8,0.6431,0.6466,0.9615,0.5805,0.0592
2,5,9,9,0.6075,0.5945,0.9403,0.5516,0.0795
2,5,9,10,0.7640,0.8017,0.9644,0.7168,0.0348
2,5,9,11,0.6076,0.5913,0.9397,0.5520,0.0800
2,5,10,0,0.6676,0.6734,0.9667,0.6047,0.0501
2,5,10,1,0.6179,0.6133,0.9441,0.5611,0.0760
2,5,10,2,0.6163,0.6027,0.9434,0.5601,0.0777
2,5,10,3,0.6428,0.6476,0.9547,0.5839,0.0655
2,5,10,4,0.6527,0.6370,0.9558,0.5950,0.0645
2,5,10,5,0.7395,0.7693,0.9547,0.6915,0.0424
2,5,10,6,0.6218,0.6111,0.9486,0.5639,0.0727
2,5,10,7,0.6573,0.6724,0.9638,0.5959,0.0569
2,5,10,8,0.6094,0.5965,0.9413,0.5529,0.0786
2,5,10,9,0.7309,0.7928,0.9745,0.6753,0.0357
2,5,10,10,0.6140,0.6005,0.9428,0.5574,0.0774
2,5,10,11,0.6625,0.6702,0.9550,0.6046,0.0584
2,5,11,0,0.8655,0.8494,0.8875,0.8236,0.0210
2,5,11,1,0.6482,0.6399,0.9531,0.5905,0.0673
2,5,11,2,0.6337,0.6234,0.9505,0.5757,0.0703
2,5,11,3,0.7494,0.7508,0.9833,0.6929,0.0312
2,5,11,4,0.6686,0.6708,0.9644,0.6081,0.0573
2,5,11,5,0.6408,0.6351,0.9530,0.5828,0.0676
2,5,11,6,0.6221,0.6095,0.9450,0.5654,0.0758
2,5,11,7,0.6671,0.6719,0.9593,0.6096,0.0598
2,5,11,8,0.4738,0.6971,0.9501,0.3392,0.0163
2,5,11,9,0.6176,0.6057,0.9428,0.5613,0.0773
2,5,11,10,0.7510,0.7733,0.9835,0.6954,0.0328
2,5,11,11,0.7774,0.7941,0.9863,0.7272,0.0294
2,6,0,0,0.8255,0.8051,0.8362,0.7953,0.0542
2,6,0,1,0.2215,0.2606,0.9731,0.1214,0.0359
2,6,0,2,0.9178,0.9115,0.9377,0.9066,0.0442
2,6,0,3,0.2376,0.2851,0.9741,0.1287,0.0227
2,6,0,4,0.4831,0.4255,0.9725,0.3836,0.0306
2,6,0,5,0.2723,0.2991,0.9702,0.1690,0.0224
2,6,0,6,0.6896,0.6762,0.8226,0.6251,0.0576
2,6,0,7,0.7156,0.6885,0.9316,0.6582,0.0579
2,6,0,8,0.7582,0.7540,0.9558,0.7115,0.0436
2,6,0,9,0.9011,0.8882,0.9259,0.8883,0.0539
2,6,0,10,0.8566,0.8142,0.9098,0.8345,0.0556
2,6,0,11,0.8869,0.8570,0.8775,0.8736,0.0579
2,6,1,0,0.7275,0.7161,0.9847,0.6749,0.0412
2,6,1,1,0.9230,0.9095,0.9785,0.9123,0.0449
2,6,1,2,0.8913,0.8772,0.9730,0.8744,0.0505
2,6,1,3,0.9287,0.8922,0.9043,0.9211,0.0395
2,6,1,4,0.9724,0.9672,0.9734,0.9701,0.0311
2,6,1,5,0.9566,0.9484,0.9918,0.9502,0.0251
2,6,1,6,0.8615,0.8386,0.9893,0.8369,0.0228
2,6,1,7,0.9472,0.9425,0.9666,0.9409,0.0367
2,6,1,8,0.9840,0.9843,0.9966,0.9822,0.0211
2,6,1,9,0.9787,0.9830,0.9995,0.9753,0.0126
2,6,1,10,0.2748,0.5853,0.9031,0.1090,0.0610
2,6,1,11,0.4058,0.3564,0.9752,0.3125,0.0173
2,6,2,0,0.7995,0.7657,0.9402,0.7620,0.0485
2,6,2,1,0.9756,0.9807,0.9964,0.9716,0.0071
2,6,2,2,0.5158,0.5312,0.9899,0.4295,0.0243
2,6,2,3,0.7640,0.7518,0.9895,0.7193,0.0382
2,6,2,4,0.8887,0.8935,0.9975,0.8693,0.0295
2,6,2,5,0.7367,0.7244,0.9642,0.6853,0.0467
2,6,2,6,1.0000,1.0000,1.0000,1.0000,0.0000
2,6,2,7,0.7696,0.7441,0.8718,0.7262,0.0628
2,6,2,8,0.6758,0.7092,0.9795,0.6142,0.0342
2,6,2,9,0.4974,0.5856,0.9410,0.3930,0.0411
2,6,2,10,0.8874,0.8630,0.9171,0.8715,0.0548
2,6,2,11,0.9833,0.9886,0.9983,0.9805,0.0096
2,6,3,0,0.9610,0.9698,0.9964,0.9583,0.0329
2,6,3,1,0.9763,0.9757,0.9996,0.9724,0.0123
2,6,3,2,0.5381,0.5471,0.9891,0.4524,0.0314
2,6,3,3,0.8947,0.8977,0.9975,0.8776,0.0189
2,6,3,4,0.9659,0.9711,0.9964,0.9636,0.0327
2,6,3,5,0.9622,0.9634,0.9725,0.9563,0.0197
2,6,3,6,0.6835,0.7167,0.8971,0.6181,0.0558
2,6,3,7,0.6860,0.6496,0.9848,0.6265,0.0371
2,6,3,8,0.6811,0.6605,0.9904,0.6240,0.0295
2,6,3,9,0.8119,0.8237,0.9899,0.7789,0.0261
2,6,3,10,0.9805,0.9840,0.9994,0.9773,0.0152
2,6,3,11,0.8409,0.8022,0.9791,0.8120,0.0371
2,6,4,0,0.7503,0.7704,0.9919,0.7067,0.0243
2,6,4,1,0.8879,0.8652,0.9963,0.8687,0.0211
2,6,4,2,0.9750,0.9791,0.9982,0.9723,0.0219
2,6,4,3,0.7191,0.6994,0.9063,0.6654,0.0348
2,6,4,4,0.9660,0.9794,0.9989,0.9610,0.0139
2,6,4,5,0.9478,0.9581,0.9996,0.9392,0.0085
2,6,4,6,0.9487,0.9522,0.9754,0.9418,0.0340
2,6,4,7,0.6308,0.5892,0.9750,0.5619,0.0308
2,6,4,8,0.9861,0.9912,0.9995,0.9842,0.0118
2,6,4,9,0.8775,0.8550,0.9893,0.8560,0.0244
2,6,4,10,0.9695,0.9732,0.9967,0.9669,0.0281
2,6,4,11,0.2742,0.3762,0.9715,0.1825,0.0370
2,6,5,0,0.9639,0.9688,0.9962,0.9615,0.0336
2,6,5,1,0.9597,0.9638,0.9952,0.9577,0.0370
2,6,5,2,0.8825,0.8690,0.9936,0.8621,0.0268
2,6,5,3,0.9279,0.9187,0.9675,0.9169,0.0354
2,6,5,4,0.9247,0.8992,0.9865,0.9123,0.0323
2,6,5,5,0.9671,0.9728,0.9964,0.9650,0.0323
2,6,5,6,0.9651,0.9780,0.9983,0.9611,0.0230
2,6,5,7,0.9164,0.9126,0.9997,0.9029,0.0165
2,6,5,8,0.9704,0.9828,0.9988,0.9668,0.0180
2,6,5,9,0.9722,0.9768,0.9975,0.9697,0.0264
2,6,5,10,0.9124,0.8908,0.9893,0.8974,0.0199
2,6,5,11,0.9727,0.9700,0.9994,0.9687,0.0146
2,6,6,0,0.8308,0.8166,0.9641,0.8001,0.0345
2,6,6,1,0.9681,0.9759,0.9975,0.9640,0.0169
2,6,6,2,0.9823,0.9869,0.9985,0.9802,0.0163
2,6,6,3,0.9782,0.9813,0.9982,0.9747,0.0096
2,6,6,4,0.9614,0.9561,0.9787,0.9558,0.0220
2,6,6,5,0.9895,0.9935,0.9994,0.9877,0.0060
2,6,6,6,0.9746,0.9812,0.9983,0.9718,0.0213
2,6,6,7,0.9097,0.8818,0.9577,0.8954,0.0365
2,6,6,8,0.9087,0.8964,0.9907,0.8929,0.0239
2,6,6,9,0.9602,0.9644,0.9954,0.9582,0.0369
2,6,6,10,0.9693,0.9728,0.9964,0.9675,0.0333
2,6,6,11,0.9626,0.9795,0.9978,0.9564,0.0163
2,6,7,0,0.9040,0.9315,0.9990,0.8885,0.0167
2,6,7,1,0.9779,0.9835,0.9984,0.9757,0.0202
2,6,7,2,0.9600,0.9643,0.9953,0.9580,0.0370
2,6,7,3,0.9505,0.9543,0.9794,0.9427,0.0211
2,6,7,4,0.9263,0.9432,0.9992,0.9145,0.0195
2,6,7,5,0.9771,0.9829,0.9989,0.9735,0.0084
2,6,7,6,0.9827,0.9848,0.9985,0.9807,0.0180
2,6,7,7,0.9708,0.9769,0.9973,0.9688,0.0295
2,6,7,8,0.9189,0.9214,0.9902,0.9050,0.0164
2,6,7,9,0.9687,0.9809,0.9955,0.9637,0.0079
2,6,7,10,0.9643,0.9725,0.9964,0.9619,0.0329
2,6,7,11,0.9642,0.9691,0.9964,0.9619,0.0338
2,6,8,0,0.9725,0.9780,0.9981,0.9694,0.0213
2,6,8,1,0.9641,0.9725,0.9966,0.9617,0.0328
2,6,8,2,0.9848,0.9865,0.9975,0.9823,0.0092
2,6,8,3,0.9735,0.9790,0.9977,0.9702,0.0163
2,6,8,4,0.9378,0.9618,0.9999,0.9279,0.0142
2,6,8,5,0.8882,0.9010,0.9746,0.8688,0.0333
2,6,8,6,0.9811,0.9843,0.9980,0.9794,0.0213
2,6,8,7,0.8171,0.8626,0.9965,0.7875,0.0185
2,6,8,8,0.9294,0.9257,0.9899,0.9176,0.0248
2,6,8,9,0.9779,0.9783,0.9883,0.9745,0.0159
2,6,8,10,0.9810,0.9835,0.9937,0.9778,0.0108
2,6,8,11,0.9693,0.9742,0.9936,0.9656,0.0198
2,6,9,0,0.9128,0.9030,0.9567,0.8988,0.0184
2,6,9,1,0.9681,0.9715,0.9960,0.9665,0.0341
2,6,9,2,0.9537,0.9404,0.9790,0.9461,0.0178
2,6,9,3,0.9141,0.9380,0.9947,0.8994,0.0209
2,6,9,4,0.9789,0.9802,0.9965,0.9777,0.0274
2,6,9,5,0.9677,0.9782,0.9940,0.9633,0.0174
2,6,9,6,0.9642,0.9694,0.9960,0.9619,0.0340
2,6,9,7,0.9794,0.9836,0.9965,0.9763,0.0115
2,6,9,8,0.9625,0.9655,0.9884,0.9575,0.0188
2,6,9,9,0.9631,0.9676,0.9957,0.9611,0.0359
2,6,9,10,0.9242,0.9374,0.9985,0.9117,0.0219
2,6,9,11,0.9618,0.9660,0.9957,0.9597,0.0365
2,6,10,0,0.9682,0.9671,0.9822,0.9633,0.0150
2,6,10,1,0.9680,0.9739,0.9969,0.9659,0.0324
2,6,10,2,0.9641,0.9694,0.9963,0.9618,0.0341
2,6,10,3,0.9782,0.9830,0.9979,0.9761,0.0219
2,6,10,4,0.9695,0.9738,0.9959,0.9660,0.0213
2,6,10,5,0.9058,0.9203,0.9979,0.8910,0.0232
2,6,10,6,0.9685,0.9725,0.9958,0.9661,0.0291
2,6,10,7,0.9720,0.9755,0.9907,0.9681,0.0178
2,6,10,8,0.9628,0.9673,0.9960,0.9605,0.0350
2,6,10,9,0.9248,0.9299,0.9968,0.9122,0.0186
2,6,10,10,0.9650,0.9692,0.9962,0.9628,0.0338
2,6,10,11,0.9655,0.9725,0.9987,0.9610,0.0180
2,6,11,0,0.8141,0.7631,0.7593,0.7837,0.0648
2,6,11,1,0.9774,0.9814,0.9980,0.9752,0.0237
2,6,11,2,0.9726,0.9766,0.9973,0.9703,0.0268
2,6,11,3,0.9649,0.9672,0.9837,0.9593,0.0160
2,6,11,4,0.9773,0.9824,0.9980,0.9741,0.0135
2,6,11,5,0.9781,0.9812,0.9969,0.9763,0.0243
2,6,11,6,0.9683,0.9727,0.9968,0.9662,0.0323
2,6,11,7,0.9829,0.9877,0.9988,0.9809,0.0165
2,6,11,8,0.2615,0.5374,0.9554,0.1183,0.0336
2,6,11,9,0.9665,0.9713,0.9965,0.9643,0.0337
2,6,11,10,0.9652,0.9702,0.9910,0.9595,0.0171
2,6,11,11,0.9630,0.9650,0.9910,0.9571,0.0178
2,7,0,0,0.8819,0.8874,0.9887,0.8397,0.0110
2,7,0,1,0.5560,0.6274,0.8132,0.4882,0.0964
2,7,0,2,0.8677,0.8716,0.9837,0.8261,0.0199
2,7,0,3,0.5915,0.6627,0.8348,0.5184,0.0784
2,7,0,4,0.8085,0.8219,0.9193,0.7569,0.0367
2,7,0,5,0.5999,0.6637,0.8159,0.5299,0.0774
2,7,0,6,0.8745,0.8999,0.9882,0.8281,0.0079
2,7,0,7,0.9038,0.9069,0.9895,0.8706,0.0123
2,7,0,8,0.8411,0.8767,0.9728,0.7911,0.0193
2,7,0,9,0.9068,0.8942,0.9903,0.8749,0.0197
2,7,0,10,0.9402,0.9527,0.9875,0.9187,0.0125
2,7,0,11,0.9389,0.9314,0.9941,0.9161,0.0136
2,7,1,0,0.8754,0.8718,0.9361,0.8401,0.0219
2,7,1,1,0.9116,0.8982,0.9510,0.8860,0.0190
2,7,1,2,0.9296,0.9124,0.9519,0.9083,0.0155
2,7,1,3,0.8619,0.8649,0.9866,0.8165,0.0294
2,7,1,4,0.8648,0.8655,0.9588,0.8290,0.0378
2,7,1,5,0.8425,0.8536,0.9226,0.8041,0.0378
2,7,1,6,0.7979,0.8304,0.9308,0.7467,0.0400
2,7,1,7,0.8711,0.8504,0.9665,0.8341,0.0316
2,7,1,8,0.8238,0.8079,0.9082,0.7828,0.0433
2,7,1,9,0.7878,0.7720,0.8811,0.7438,0.0531
2,7,1,10,0.6948,0.8438,0.9576,0.5861,0.0089
2,7,1,11,0.6928,0.7084,0.8394,0.6332,0.0660
2,7,2,0,0.8415,0.8785,0.9750,0.7893,0.0172
2,7,2,1,0.7535,0.7408,0.8994,0.7051,0.0626
2,7,2,2,0.7257,0.7893,0.8990,0.6591,0.0467
2,7,2,3,0.8581,0.8627,0.9153,0.8184,0.0257
2,7,2,4,0.7985,0.8170,0.8809,0.7494,0.0422
2,7,2,5,0.8895,0.9006,0.9681,0.8558,0.0190
2,7,2,6,0.7696,0.7441,0.8718,0.7262,0.0628
2,7,2,7,1.0000,1.0000,1.0000,1.0000,0.0000
2,7,2,8,0.7876,0.8180,0.9506,0.7291,0.0302
2,7,2,9,0.7922,0.8842,0.9792,0.7263,0.0218
2,7,2,10,0.9554,0.9581,0.9944,0.9404,0.0148
2,7,2,11,0.7780,0.7684,0.8949,0.7337,0.0596
2,7,3,0,0.6552,0.6353,0.8341,0.6080,0.0934
2,7,3,1,0.7842,0.7698,0.8790,0.7418,0.0563
2,7,3,2,0.7456,0.8000,0.9151,0.6794,0.0388
2,7,3,3,0.7362,0.7855,0.8659,0.6836,0.0623
2,7,3,4,0.6553,0.6272,0.8382,0.6069,0.0931
2,7,3,5,0.7912,0.7843,0.9455,0.7406,0.0432
2,7,3,6,0.8757,0.9214,0.9945,0.8319,0.0097
2,7,3,7,0.8157,0.8515,0.9323,0.7659,0.0296
2,7,3,8,0.7688,0.8053,0.8795,0.7134,0.0454
2,7,3,9,0.7645,0.7912,0.8756,0.7094,0.0509
2,7,3,10,0.8002,0.7910,0.8764,0.7622,0.0581
2,7,3,11,0.8176,0.8642,0.9328,0.7660,0.0320
2,7,4,0,0.7514,0.7908,0.8700,0.6940,0.0472
2,7,4,1,0.7579,0.8080,0.8846,0.7040,0.0506
2,7,4,2,0.6886,0.6622,0.8563,0.6388,0.0819
2,7,4,3,0.7312,0.7893,0.9478,0.6525,0.0354
2,7,4,4,0.7235,0.7338,0.8734,0.6751,0.0718
2,7,4,5,0.7602,0.7744,0.8774,0.7136,0.0611
2,7,4,6,0.8536,0.8463,0.9563,0.8137,0.0299
2,7,4,7,0.8645,0.8914,0.9348,0.8324,0.0428
2,7,4,8,0.7349,0.7154,0.8644,0.6894,0.0723
2,7,4,9,0.8145,0.8151,0.9300,0.7688,0.0403
2,7,4,10,0.6680,0.6510,0.8505,0.6185,0.0885
2,7,4,11,0.5284,0.6569,0.7940,0.4560,0.0975
2,7,5,0,0.6536,0.6255,0.8327,0.6059,0.0941
2,7,5,1,0.6374,0.6052,0.8269,0.5903,0.0975
2,7,5,2,0.7582,0.7919,0.9098,0.7001,0.0445
2,7,5,3,0.8363,0.8329,0.9609,0.7903,0.0282
2,7,5,4,0.8523,0.8722,0.9390,0.8151,0.0340
2,7,5,5,0.6572,0.6356,0.8363,0.6095,0.0927
2,7,5,6,0.6882,0.6770,0.8446,0.6395,0.0816
2,7,5,7,0.7443,0.7781,0.8698,0.6950,0.0597
2,7,5,8,0.6981,0.6885,0.8606,0.6489,0.0784
2,7,5,9,0.6770,0.6500,0.8479,0.6281,0.0868
2,7,5,10,0.8024,0.8307,0.9255,0.7571,0.0489
2,7,5,11,0.7342,0.7445,0.8577,0.6882,0.0714
2,7,6,0,0.7834,0.7768,0.9592,0.7245,0.0352
2,7,6,1,0.6937,0.6954,0.8699,0.6427,0.0769
2,7,6,2,0.7131,0.6885,0.8658,0.6655,0.0767
2,7,6,3,0.7690,0.7519,0.8947,0.7229,0.0561
2,7,6,4,0.8087,0.8169,0.9449,0.7603,0.0411
2,7,6,5,0.7661,0.7518,0.8812,0.7220,0.0634
2,7,6,6,0.7037,0.6956,0.8538,0.6573,0.0807
2,7,6,7,0.8933,0.9124,0.9720,0.8635,0.0264
2,7,6,8,0.7567,0.7901,0.9217,0.6983,0.0481
2,7,6,9,0.6392,0.6076,0.8286,0.5918,0.0973
2,7,6,10,0.6601,0.6307,0.8341,0.6132,0.0938
2,7,6,11,0.7736,0.7779,0.8977,0.7258,0.0544
2,7,7,0,0.7199,0.7353,0.8846,0.6639,0.0632
2,7,7,1,0.6969,0.6855,0.8521,0.6499,0.0799
2,7,7,2,0.6387,0.6073,0.8279,0.5915,0.0975
2,7,7,3,0.8043,0.8165,0.9467,0.7556,0.0428
2,7,7,4,0.7467,0.7757,0.8718,0.6989,0.0593
2,7,7,5,0.7502,0.7292,0.8822,0.7030,0.0644
2,7,7,6,0.7014,0.6810,0.8629,0.6521,0.0779
2,7,7,7,0.6675,0.6483,0.8428,0.6197,0.0900
2,7,7,8,0.7863,0.8016,0.9269,0.7380,0.0491
2,7,7,9,0.7377,0.7426,0.8954,0.6876,0.0649
2,7,7,10,0.6561,0.6361,0.8348,0.6088,0.0934
2,7,7,11,0.6519,0.6241,0.8355,0.6036,0.0943
2,7,8,0,0.6946,0.6715,0.8564,0.6460,0.0817
2,7,8,1,0.6564,0.6375,0.8344,0.6092,0.0933
2,7,8,2,0.7720,0.7483,0.8945,0.7259,0.0568
2,7,8,3,0.6999,0.6913,0.8752,0.6500,0.0767
2,7,8,4,0.7432,0.7536,0.8756,0.6950,0.0615
2,7,8,5,0.8480,0.8436,0.9575,0.8081,0.0308
2,7,8,6,0.6870,0.6680,0.8554,0.6378,0.0817
2,7,8,7,0.6936,0.7392,0.8711,0.6304,0.0601
2,7,8,8,0.8349,0.8442,0.9300,0.7957,0.0391
2,7,8,9,0.7901,0.7832,0.9236,0.7436,0.0506
2,7,8,10,0.7609,0.7595,0.9046,0.7136,0.0605
2,7,8,11,0.6838,0.6665,0.8755,0.6312,0.0792
2,7,9,0,0.7073,0.7014,0.9139,0.6487,0.0639
2,7,9,1,0.6525,0.6229,0.8315,0.6053,0.0946
2,7,9,2,0.7483,0.7607,0.9167,0.6975,0.0573
2,7,9,3,0.7951,0.8200,0.9161,0.7473,0.0475
2,7,9,4,0.6718,0.6467,0.8467,0.6243,0.0879
2,7,9,5,0.7021,0.7006,0.8816,0.6511,0.0769
2,7,9,6,0.6511,0.6241,0.8379,0.6031,0.0945
2,7,9,7,0.7346,0.7244,0.8876,0.6870,0.0681
2,7,9,8,0.6811,0.6690,0.8842,0.6258,0.0758
2,7,9,9,0.6456,0.6162,0.8321,0.5983,0.0964
2,7,9,10,0.7861,0.7995,0.8729,0.7448,0.0514
2,7,9,11,0.6432,0.6121,0.8311,0.5955,0.0969
2,7,10,0,0.7167,0.6971,0.9013,0.6640,0.0665
2,7,10,1,0.6596,0.6352,0.8389,0.6121,0.0929
2,7,10,2,0.6521,0.6237,0.8379,0.6039,0.0946
2,7,10,3,0.6888,0.6718,0.8588,0.6399,0.0824
2,7,10,4,0.6853,0.6571,0.8628,0.6347,0.0815
2,7,10,5,0.7349,0.7491,0.8581,0.6860,0.0596
2,7,10,6,0.6618,0.6345,0.8490,0.6125,0.0896
2,7,10,7,0.7083,0.7032,0.8854,0.6578,0.0739
2,7,10,8,0.6463,0.6180,0.8340,0.5980,0.0955
2,7,10,9,0.7685,0.7986,0.8981,0.7212,0.0526
2,7,10,10,0.6532,0.6229,0.8367,0.6053,0.0943
2,7,10,11,0.7018,0.6843,0.8580,0.6526,0.0753
2,7,11,0,0.9071,0.8997,0.9697,0.8709,0.0067
2,7,11,1,0.6885,0.6615,0.8548,0.6397,0.0842
2,7,11,2,0.6717,0.6462,0.8514,0.6220,0.0872
2,7,11,3,0.7865,0.7620,0.9294,0.7377,0.0479
2,7,11,4,0.7123,0.6994,0.8781,0.6608,0.0729
2,7,11,5,0.6789,0.6577,0.8566,0.6291,0.0845
2,7,11,6,0.6607,0.6322,0.8404,0.6127,0.0927
2,7,11,7,0.7058,0.6911,0.8660,0.6569,0.0767
2,7,11,8,0.6114,0.7761,0.8971,0.4998,0.0348
2,7,11,9,0.6550,0.6269,0.8364,0.6070,0.0942
2,7,11,10,0.7973,0.7907,0.9214,0.7523,0.0495
2,7,11,11,0.8158,0.8130,0.9237,0.7748,0.0453
2,8,0,0,0.7765,0.8376,0.9278,0.7159,0.0244
2,8,0,1,0.2618,0.3922,0.9461,0.1497,0.0670
2,8,0,2,0.7711,0.8406,0.9882,0.7123,0.0192
2,8,0,3,0.3143,0.4244,0.9555,0.1983,0.0485
2,8,0,4,0.5831,0.6020,0.9871,0.4852,0.0118
2,8,0,5,0.2973,0.4337,0.9457,0.1791,0.0475
2,8,0,6,0.7491,0.8190,0.9175,0.6797,0.0257
2,8,0,7,0.8159,0.8367,0.9848,0.7671,0.0257
2,8,0,8,0.6709,0.8194,0.9951,0.5862,0.0132
2,8,0,9,0.7922,0.8476,0.9829,0.7368,0.0302
2,8,0,10,0.7345,0.8102,0.9734,0.6614,0.0240
2,8,0,11,0.8120,0.8363,0.9559,0.7611,0.0307
2,8,1,0,0.8410,0.8348,0.9964,0.8019,0.0117
2,8,1,1,0.8166,0.8367,0.9981,0.7703,0.0174
2,8,1,2,0.7769,0.8190,0.9958,0.7193,0.0244
2,8,1,3,0.7252,0.7703,0.9692,0.6528,0.0260
2,8,1,4,0.7252,0.7806,0.9975,0.6596,0.0234
2,8,1,5,0.7013,0.7764,0.9955,0.6333,0.0129
2,8,1,6,0.6600,0.7752,0.9973,0.5830,0.0156
2,8,1,7,0.7738,0.8161,0.9981,0.7177,0.0224
2,8,1,8,0.7063,0.7619,0.9922,0.6416,0.0218
2,8,1,9,0.6696,0.7337,0.9828,0.6025,0.0256
2,8,1,10,0.5406,0.6692,0.9628,0.4132,0.0299
2,8,1,11,0.3923,0.4793,0.9575,0.2787,0.0361
2,8,2,0,0.8648,0.8875,0.9877,0.8301,0.0164
2,8,2,1,0.6603,0.7148,0.9884,0.5951,0.0361
2,8,2,2,0.8038,0.8124,0.9872,0.7621,0.0171
2,8,2,3,0.7871,0.8163,0.9913,0.7352,0.0102
2,8,2,4,0.7835,0.8051,0.9831,0.7355,0.0126
2,8,2,5,0.8657,0.8874,0.9945,0.8317,0.0146
2,8,2,6,0.6758,0.7092,0.9795,0.6142,0.0342
2,8,2,7,0.7876,0.8180,0.9506,0.7291,0.0302
2,8,2,8,1.0000,1.0000,1.0000,1.0000,0.0000
2,8,2,9,0.6804,0.7759,0.9887,0.5983,0.0108
2,8,2,10,0.7945,0.8283,0.9762,0.7397,0.0261
2,8,2,11,0.6644,0.7134,0.9872,0.5981,0.0344
2,8,3,0,0.5640,0.6117,0.9613,0.5006,0.0640
2,8,3,1,0.7098,0.7653,0.9818,0.6528,0.0264
2,8,3,2,0.7766,0.7985,0.9919,0.7262,0.0121
2,8,3,3,0.7536,0.7989,0.9773,0.7072,0.0324
2,8,3,4,0.5748,0.6177,0.9630,0.5123,0.0638
2,8,3,5,0.6776,0.7580,0.9927,0.6066,0.0214
2,8,3,6,0.7250,0.8522,0.9672,0.6502,0.0228
2,8,3,7,0.6822,0.7393,0.9975,0.6072,0.0081
2,8,3,8,0.9256,0.9037,0.9786,0.9099,0.0178
2,8,3,9,0.8853,0.9063,0.9795,0.8614,0.0223
2,8,3,10,0.6688,0.7219,0.9802,0.6035,0.0287
2,8,3,11,0.8111,0.8603,0.9950,0.7655,0.0113
2,8,4,0,0.9143,0.9189,0.9766,0.8970,0.0184
2,8,4,1,0.7475,0.7932,0.9843,0.6956,0.0218
2,8,4,2,0.6058,0.6485,0.9720,0.5415,0.0525
2,8,4,3,0.6176,0.7681,0.9574,0.5250,0.0136
2,8,4,4,0.6391,0.7050,0.9788,0.5755,0.0424
2,8,4,5,0.6635,0.7310,0.9806,0.5989,0.0315
2,8,4,6,0.7605,0.8194,0.9979,0.7028,0.0152
2,8,4,7,0.5940,0.6527,0.9924,0.5012,0.0163
2,8,4,8,0.6361,0.6800,0.9757,0.5720,0.0432
2,8,4,9,0.8396,0.8778,0.9977,0.8035,0.0122
2,8,4,10,0.5761,0.6278,0.9679,0.5107,0.0592
2,8,4,11,0.5470,0.6069,0.9364,0.4842,0.0681
2,8,5,0,0.5721,0.6114,0.9607,0.5100,0.0647
2,8,5,1,0.5572,0.5939,0.9577,0.4959,0.0681
2,8,5,2,0.7215,0.8138,0.9933,0.6615,0.0153
2,8,5,3,0.8235,0.8686,0.9973,0.7807,0.0109
2,8,5,4,0.8121,0.8489,0.9973,0.7684,0.0085
2,8,5,5,0.5719,0.6187,0.9620,0.5091,0.0634
2,8,5,6,0.6202,0.6657,0.9671,0.5595,0.0522
2,8,5,7,0.6701,0.7335,0.9786,0.6079,0.0303
2,8,5,8,0.6138,0.6792,0.9737,0.5498,0.0491
2,8,5,9,0.5886,0.6372,0.9678,0.5242,0.0575
2,8,5,10,0.6477,0.7644,0.9952,0.5717,0.0201
2,8,5,11,0.6184,0.6888,0.9731,0.5507,0.0415
2,8,6,0,0.8049,0.8791,0.9953,0.7593,0.0097
2,8,6,1,0.6032,0.6732,0.9768,0.5367,0.0475
2,8,6,2,0.6217,0.6716,0.9756,0.5574,0.0474
2,8,6,3,0.6752,0.7314,0.9885,0.6115,0.0294
2,8,6,4,0.7230,0.7782,0.9974,0.6600,0.0185
2,8,6,5,0.6549,0.7075,0.9824,0.5892,0.0348
2,8,6,6,0.5998,0.6549,0.9701,0.5342,0.0513
2,8,6,7,0.7350,0.7983,0.9916,0.6694,0.0146
2,8,6,8,0.7271,0.7971,0.9948,0.6684,0.0203
2,8,6,9,0.5588,0.5966,0.9585,0.4973,0.0680
2,8,6,10,0.5722,0.6117,0.9614,0.5096,0.0644
2,8,6,11,0.7220,0.7706,0.9881,0.6658,0.0253
2,8,7,0,0.7404,0.7761,0.9851,0.6920,0.0333
2,8,7,1,0.5937,0.6511,0.9699,0.5279,0.0505
2,8,7,2,0.5582,0.5956,0.9582,0.4967,0.0681
2,8,7,3,0.7423,0.8146,0.9977,0.6844,0.0199
2,8,7,4,0.7061,0.7726,0.9796,0.6516,0.0294
2,8,7,5,0.6796,0.7333,0.9828,0.6197,0.0350
2,8,7,6,0.6031,0.6555,0.9749,0.5364,0.0485
2,8,7,7,0.5807,0.6298,0.9658,0.5175,0.0606
2,8,7,8,0.7570,0.8255,0.9970,0.7057,0.0218
2,8,7,9,0.6668,0.7330,0.9855,0.6047,0.0356
2,8,7,10,0.5695,0.6175,0.9616,0.5069,0.0640
2,8,7,11,0.5713,0.6129,0.9621,0.5089,0.0649
2,8,8,0,0.6023,0.6499,0.9716,0.5373,0.0523
2,8,8,1,0.5705,0.6188,0.9616,0.5080,0.0639
2,8,8,2,0.6640,0.7254,0.9888,0.5975,0.0306
2,8,8,3,0.6026,0.6717,0.9798,0.5356,0.0474
2,8,8,4,0.7050,0.7613,0.9807,0.6507,0.0316
2,8,8,5,0.8198,0.8605,0.9979,0.7773,0.0117
2,8,8,6,0.5985,0.6506,0.9715,0.5337,0.0523
2,8,8,7,0.7533,0.8080,0.9797,0.7073,0.0302
2,8,8,8,0.7093,0.7919,0.9965,0.6443,0.0136
2,8,8,9,0.6886,0.7572,0.9927,0.6232,0.0220
2,8,8,10,0.6583,0.7202,0.9882,0.5919,0.0314
2,8,8,11,0.5965,0.6654,0.9765,0.5294,0.0498
2,8,9,0,0.6010,0.6939,0.9706,0.5255,0.0340
2,8,9,1,0.5703,0.6086,0.9602,0.5085,0.0652
2,8,9,2,0.6250,0.7221,0.9836,0.5518,0.0274
2,8,9,3,0.7647,0.8156,0.9949,0.7139,0.0189
2,8,9,4,0.5807,0.6266,0.9664,0.5169,0.0585
2,8,9,5,0.6050,0.6712,0.9787,0.5372,0.0475
2,8,9,6,0.5661,0.6110,0.9625,0.5032,0.0651
2,8,9,7,0.6269,0.7001,0.9829,0.5593,0.0387
2,8,9,8,0.5945,0.6679,0.9766,0.5255,0.0464
2,8,9,9,0.5616,0.6027,0.9601,0.4995,0.0670
2,8,9,10,0.7190,0.7663,0.9795,0.6644,0.0220
2,8,9,11,0.5625,0.6008,0.9597,0.5007,0.0676
2,8,10,0,0.6090,0.6932,0.9796,0.5377,0.0371
2,8,10,1,0.5700,0.6190,0.9639,0.5067,0.0635
2,8,10,2,0.5708,0.6128,0.9628,0.5084,0.0652
2,8,10,3,0.5945,0.6519,0.9728,0.5289,0.0530
2,8,10,4,0.5989,0.6498,0.9725,0.5334,0.0521
2,8,10,5,0.6743,0.7519,0.9743,0.6150,0.0304
2,8,10,6,0.5757,0.6229,0.9668,0.5115,0.0602
2,8,10,7,0.6038,0.6740,0.9780,0.5350,0.0445
2,8,10,8,0.5653,0.6066,0.9612,0.5029,0.0661
2,8,10,9,0.6769,0.7571,0.9887,0.6129,0.0227
2,8,10,10,0.5675,0.6100,0.9623,0.5045,0.0649
2,8,10,11,0.6458,0.6874,0.9731,0.5869,0.0459
2,8,11,0,0.8022,0.8425,0.8729,0.7479,0.0319
2,8,11,1,0.5980,0.6453,0.9710,0.5332,0.0548
2,8,11,2,0.5874,0.6339,0.9694,0.5231,0.0579
2,8,11,3,0.7159,0.7652,0.9930,0.6554,0.0190
2,8,11,4,0.6297,0.6820,0.9814,0.5643,0.0449
2,8,11,5,0.5920,0.6430,0.9708,0.5271,0.0551
2,8,11,6,0.5748,0.6171,0.9642,0.5116,0.0634
2,8,11,7,0.6217,0.6791,0.9763,0.5579,0.0474
2,8,11,8,0.5128,0.6750,0.9707,0.3985,0.0114
2,8,11,9,0.5718,0.6136,0.9626,0.5092,0.0648
2,8,11,10,0.7167,0.7628,0.9943,0.6568,0.0201
2,8,11,11,0.7063,0.7682,0.9939,0.6434,0.0182
2,9,0,0,0.7494,0.8133,0.9723,0.6724,0.0157
2,9,0,1,0.3184,0.5404,0.8980,0.2081,0.0752
2,9,0,2,0.6441,0.7429,0.9993,0.5428,0.0150
2,9,0,3,0.3679,0.5910,0.9122,0.2534,0.0567
2,9,0,4,0.6002,0.7859,0.9662,0.4981,0.0165
2,9,0,5,0.3508,0.5901,0.8991,0.2338,0.0556
2,9,0,6,0.8757,0.9073,0.9652,0.8376,0.0178
2,9,0,7,0.7520,0.8411,0.9941,0.6772,0.0199
2,9,0,8,0.6114,0.7504,0.9954,0.5014,0.0072
2,9,0,9,0.6937,0.7579,0.9971,0.6015,0.0247
2,9,0,10,0.6467,0.8080,0.9904,0.5366,0.0164
2,9,0,11,0.6937,0.7917,0.9862,0.5967,0.0215
2,9,1,0,0.6787,0.8095,0.9752,0.5918,0.0093
2,9,1,1,0.6697,0.7607,0.9839,0.5777,0.0143
2,9,1,2,0.6460,0.7528,0.9822,0.5447,0.0194
2,9,1,3,0.6521,0.7489,0.9949,0.5506,0.0202
2,9,1,4,0.6180,0.7186,0.9909,0.5186,0.0228
2,9,1,5,0.5556,0.7040,0.9724,0.4456,0.0171
2,9,1,6,0.5618,0.7680,0.9800,0.4541,0.0185
2,9,1,7,0.6348,0.7055,0.9953,0.5355,0.0206
2,9,1,8,0.5374,0.6449,0.9632,0.4268,0.0257
2,9,1,9,0.4966,0.6114,0.9453,0.3854,0.0324
2,9,1,10,0.7391,0.7679,0.9809,0.6595,0.0241
2,9,1,11,0.4005,0.6320,0.9144,0.2796,0.0447
2,9,2,0,0.6949,0.8172,0.9944,0.6060,0.0106
2,9,2,1,0.4880,0.6001,0.9607,0.3807,0.0424
2,9,2,2,0.7176,0.8100,0.9553,0.6532,0.0265
2,9,2,3,0.6525,0.7690,0.9626,0.5600,0.0092
2,9,2,4,0.5666,0.7177,0.9464,0.4623,0.0220
2,9,2,5,0.8134,0.8576,0.9870,0.7606,0.0106
2,9,2,6,0.4974,0.5856,0.9410,0.3930,0.0411
2,9,2,7,0.7922,0.8842,0.9792,0.7263,0.0218
2,9,2,8,0.6804,0.7759,0.9887,0.5983,0.0108
2,9,2,9,1.0000,1.0000,1.0000,1.0000,0.0000
2,9,2,10,0.7486,0.8361,0.9920,0.6727,0.0185
2,9,2,11,0.5265,0.6189,0.9563,0.4250,0.0394
2,9,3,0,0.3953,0.4900,0.9157,0.2969,0.0722
2,9,3,1,0.5103,0.6256,0.9436,0.4053,0.0356
2,9,3,2,0.6542,0.7869,0.9635,0.5701,0.0189
2,9,3,3,0.5341,0.6989,0.9385,0.4375,0.0418
2,9,3,4,0.4052,0.4829,0.9189,0.3075,0.0719
2,9,3,5,0.5596,0.6681,0.9876,0.4544,0.0243
2,9,3,6,0.7939,0.8579,0.9927,0.7313,0.0155
2,9,3,7,0.8846,0.9382,0.9801,0.8555,0.0126
2,9,3,8,0.5972,0.7810,0.9396,0.5028,0.0252
2,9,3,9,0.5725,0.7179,0.9451,0.4739,0.0307
2,9,3,10,0.5108,0.6287,0.9418,0.4060,0.0369
2,9,3,11,0.6321,0.7954,0.9791,0.5351,0.0157
2,9,4,0,0.5721,0.7252,0.9369,0.4748,0.0270
2,9,4,1,0.5663,0.7240,0.9509,0.4695,0.0304
2,9,4,2,0.4320,0.5169,0.9323,0.3295,0.0606
2,9,4,3,0.7439,0.8480,0.9824,0.6765,0.0171
2,9,4,4,0.4762,0.5995,0.9433,0.3751,0.0505
2,9,4,5,0.5241,0.6529,0.9438,0.4248,0.0394
2,9,4,6,0.6526,0.7242,0.9901,0.5614,0.0150
2,9,4,7,0.5814,0.7735,0.9725,0.4776,0.0228
2,9,4,8,0.4688,0.5664,0.9369,0.3661,0.0510
2,9,4,9,0.6363,0.7508,0.9800,0.5478,0.0198
2,9,4,10,0.4222,0.5161,0.9277,0.3235,0.0673
2,9,4,11,0.6589,0.7304,0.8829,0.6145,0.0762
2,9,5,0,0.3994,0.4791,0.9149,0.3018,0.0728
2,9,5,1,0.3842,0.4587,0.9106,0.2882,0.0762
2,9,5,2,0.6162,0.7304,0.9692,0.5267,0.0245
2,9,5,3,0.6410,0.7296,0.9954,0.5460,0.0091
2,9,5,4,0.6551,0.7787,0.9793,0.5682,0.0143
2,9,5,5,0.4044,0.4916,0.9172,0.3067,0.0715
2,9,5,6,0.4407,0.5340,0.9234,0.3415,0.0603
2,9,5,7,0.5079,0.6871,0.9404,0.4067,0.0392
2,9,5,8,0.4457,0.5439,0.9338,0.3443,0.0572
2,9,5,9,0.4339,0.5058,0.9260,0.3359,0.0656
2,9,5,10,0.6241,0.7650,0.9778,0.5368,0.0285
2,9,5,11,0.4521,0.5985,0.9315,0.3456,0.0496
2,9,6,0,0.6330,0.7058,0.9940,0.5397,0.0155
2,9,6,1,0.4527,0.5631,0.9423,0.3519,0.0556
2,9,6,2,0.4504,0.5413,0.9381,0.3475,0.0555
2,9,6,3,0.5089,0.6092,0.9584,0.4041,0.0357
2,9,6,4,0.5703,0.6882,0.9892,0.4643,0.0201
2,9,6,5,0.5070,0.5988,0.9474,0.4050,0.0421
2,9,6,6,0.4372,0.5443,0.9291,0.3355,0.0594
2,9,6,7,0.7130,0.8412,0.9922,0.6352,0.0114
2,9,6,8,0.6198,0.7231,0.9764,0.5314,0.0277
2,9,6,9,0.3870,0.4614,0.9118,0.2907,0.0761
2,9,6,10,0.4024,0.4837,0.9157,0.3045,0.0725
2,9,6,11,0.5363,0.6448,0.9585,0.4344,0.0332
2,9,7,0,0.5455,0.6371,0.9523,0.4524,0.0422
2,9,7,1,0.4293,0.5344,0.9285,0.3273,0.0586
2,9,7,2,0.3861,0.4610,0.9113,0.2899,0.0762
2,9,7,3,0.6104,0.7031,0.9887,0.5155,0.0220
2,9,7,4,0.5017,0.6539,0.9407,0.4001,0.0386
2,9,7,5,0.4941,0.5932,0.9486,0.3905,0.0429
2,9,7,6,0.4448,0.5333,0.9372,0.3422,0.0567
2,9,7,7,0.4117,0.5020,0.9227,0.3128,0.0687
2,9,7,8,0.5835,0.7009,0.9789,0.4881,0.0275
2,9,7,9,0.5062,0.6115,0.9581,0.4057,0.0437
2,9,7,10,0.4039,0.4912,0.9162,0.3068,0.0722
2,9,7,11,0.4004,0.4784,0.9172,0.3027,0.0731
2,9,8,0,0.4389,0.5250,0.9320,0.3377,0.0605
2,9,8,1,0.4016,0.4912,0.9160,0.3041,0.0720
2,9,8,2,0.5065,0.5986,0.9582,0.4003,0.0366
2,9,8,3,0.4445,0.5458,0.9466,0.3415,0.0555
2,9,8,4,0.5096,0.6379,0.9440,0.4103,0.0397
2,9,8,5,0.6600,0.7428,0.9894,0.5729,0.0114
2,9,8,6,0.4346,0.5214,0.9320,0.3338,0.0605
2,9,8,7,0.5019,0.6491,0.9414,0.3989,0.0396
2,9,8,8,0.6017,0.7287,0.9776,0.5052,0.0186
2,9,8,9,0.5640,0.6557,0.9754,0.4649,0.0294
2,9,8,10,0.4989,0.6100,0.9641,0.3929,0.0392
2,9,8,11,0.4548,0.5346,0.9456,0.3555,0.0580
2,9,9,0,0.4929,0.5989,0.9695,0.3890,0.0434
2,9,9,1,0.3958,0.4758,0.9141,0.2982,0.0733
2,9,9,2,0.5398,0.6649,0.9712,0.4428,0.0369
2,9,9,3,0.6012,0.7063,0.9700,0.5078,0.0262
2,9,9,4,0.4108,0.4985,0.9252,0.3109,0.0666
2,9,9,5,0.4629,0.5631,0.9491,0.3620,0.0556
2,9,9,6,0.3977,0.4799,0.9187,0.3001,0.0732
2,9,9,7,0.4806,0.5830,0.9524,0.3781,0.0468
2,9,9,8,0.4719,0.5491,0.9514,0.3740,0.0546
2,9,9,9,0.3909,0.4704,0.9144,0.2939,0.0752
2,9,9,10,0.5350,0.6812,0.9405,0.4363,0.0320
2,9,9,11,0.3912,0.4660,0.9138,0.2945,0.0757
2,9,10,0,0.4803,0.5665,0.9617,0.3772,0.0453
2,9,10,1,0.4018,0.4888,0.9200,0.3033,0.0716
2,9,10,2,0.4000,0.4774,0.9189,0.3022,0.0733
2,9,10,3,0.4257,0.5220,0.9346,0.3229,0.0611
2,9,10,4,0.4530,0.5197,0.9364,0.3548,0.0602
2,9,10,5,0.4970,0.6381,0.9337,0.3966,0.0394
2,9,10,6,0.4118,0.4907,0.9268,0.3128,0.0683
2,9,10,7,0.4576,0.5734,0.9516,0.3545,0.0526
2,9,10,8,0.3950,0.4732,0.9160,0.2975,0.0742
2,9,10,9,0.5461,0.6994,0.9608,0.4486,0.0319
2,9,10,10,0.3989,0.4760,0.9178,0.3010,0.0731
2,9,10,11,0.4467,0.5445,0.9337,0.3444,0.0540
2,9,11,0,0.7746,0.8123,0.9344,0.7017,0.0240
2,9,11,1,0.4322,0.5129,0.9311,0.3310,0.0630
2,9,11,2,0.4204,0.4991,0.9293,0.3202,0.0660
2,9,11,3,0.5761,0.6379,0.9796,0.4784,0.0266
2,9,11,4,0.4578,0.5521,0.9488,0.3527,0.0517
2,9,11,5,0.4291,0.5120,0.9326,0.3288,0.0632
2,9,11,6,0.4061,0.4847,0.9207,0.3076,0.0715
2,9,11,7,0.4491,0.5439,0.9390,0.3465,0.0555
2,9,11,8,0.6106,0.7502,0.9534,0.5112,0.0156
2,9,11,9,0.4012,0.4793,0.9179,0.3032,0.0729
2,9,11,10,0.5562,0.6590,0.9752,0.4545,0.0282
2,9,11,11,0.6107,0.6980,0.9735,0.5206,0.0243
2,10,0,0,0.9442,0.9279,0.9779,0.9256,0.0096
2,10,0,1,0.3872,0.4862,0.8600,0.2850,0.0879
2,10,0,2,0.9528,0.9528,0.9944,0.9388,0.0114
2,10,0,3,0.4366,0.5263,0.8774,0.3309,0.0704
2,10,0,4,0.7064,0.7007,0.9464,0.6276,0.0316
2,10,0,5,0.4651,0.5253,0.8617,0.3666,0.0694
2,10,0,6,0.8851,0.8969,0.9758,0.8460,0.0127
2,10,0,7,0.8700,0.8898,0.9976,0.8277,0.0193
2,10,0,8,0.8149,0.8851,0.9889,0.7590,0.0163
2,10,0,9,0.9646,0.9646,0.9974,0.9531,0.0093
2,10,0,10,0.9542,0.9538,0.9914,0.9389,0.0108
2,10,0,11,0.9734,0.9639,0.9901,0.9647,0.0075
2,10,1,0,0.8741,0.8843,0.9652,0.8388,0.0160
2,10,1,1,0.9723,0.9676,0.9768,0.9648,0.0110
2,10,1,2,0.9631,0.9657,0.9758,0.9522,0.0064
2,10,1,3,0.9245,0.9008,0.9904,0.9009,0.0253
2,10,1,4,0.9609,0.9544,0.9831,0.9523,0.0264
2,10,1,5,0.9383,0.9364,0.9567,0.9256,0.0303
2,10,1,6,0.8876,0.8943,0.9632,0.8614,0.0325
2,10,1,7,0.9658,0.9491,0.9867,0.9571,0.0197
2,10,1,8,0.9253,0.9152,0.9456,0.9108,0.0345
2,10,1,9,0.9053,0.8919,0.9241,0.8902,0.0446
2,10,1,10,0.5516,0.7812,0.9645,0.4035,0.0148
2,10,1,11,0.5851,0.5769,0.8819,0.5007,0.0585
2,10,2,0,0.8857,0.8943,0.9877,0.8500,0.0186
2,10,2,1,0.8856,0.8618,0.9389,0.8689,0.0540
2,10,2,2,0.6704,0.7351,0.9348,0.5912,0.0411
2,10,2,3,0.8699,0.8799,0.9491,0.8342,0.0198
2,10,2,4,0.8644,0.8852,0.9231,0.8333,0.0371
2,10,2,5,0.8887,0.9015,0.9876,0.8555,0.0207
2,10,2,6,0.8874,0.8630,0.9171,0.8715,0.0548
2,10,2,7,0.9554,0.9581,0.9944,0.9404,0.0148
2,10,2,8,0.7945,0.8283,0.9762,0.7397,0.0261
2,10,2,9,0.7486,0.8361,0.9920,0.6727,0.0185
2,10,2,10,1.0000,1.0000,1.0000,1.0000,0.0000
2,10,2,11,0.9017,0.8793,0.9360,0.8872,0.0510
2,10,3,0,0.8068,0.7663,0.8862,0.7906,0.0849
2,10,3,1,0.9006,0.8846,0.9225,0.8860,0.0493
2,10,3,2,0.6926,0.7494,0.9479,0.6141,0.0342
2,10,3,3,0.8306,0.8527,0.9116,0.8008,0.0556
2,10,3,4,0.8091,0.7644,0.8895,0.7925,0.0846
2,10,3,5,0.9074,0.8906,0.9719,0.8882,0.0357
2,10,3,6,0.8697,0.9117,0.9952,0.8268,0.0132
2,10,3,7,0.8259,0.8307,0.9620,0.7800,0.0261
2,10,3,8,0.7707,0.7945,0.9196,0.7166,0.0408
2,10,3,9,0.8300,0.8482,0.9160,0.7926,0.0453
2,10,3,10,0.9082,0.8892,0.9211,0.8955,0.0496
2,10,3,11,0.8731,0.8838,0.9611,0.8389,0.0295
2,10,4,0,0.7977,0.8252,0.9121,0.7530,0.0424
2,10,4,1,0.8535,0.8659,0.9266,0.8242,0.0450
2,10,4,2,0.8338,0.7930,0.9043,0.8155,0.0733
2,10,4,3,0.7859,0.7991,0.9615,0.7267,0.0306
2,10,4,4,0.8597,0.8471,0.9191,0.8420,0.0632
2,10,4,5,0.8815,0.8749,0.9221,0.8637,0.0531
2,10,4,6,0.9500,0.9427,0.9811,0.9379,0.0211
2,10,4,7,0.7796,0.7988,0.9600,0.7236,0.0390
2,10,4,8,0.8720,0.8419,0.9116,0.8572,0.0638
2,10,4,9,0.8953,0.8921,0.9622,0.8716,0.0336
2,10,4,10,0.8167,0.7792,0.8999,0.7986,0.0800
2,10,4,11,0.4616,0.5818,0.8447,0.3769,0.0889
2,10,5,0,0.8056,0.7600,0.8849,0.7890,0.0855
2,10,5,1,0.7948,0.7446,0.8800,0.7792,0.0889
2,10,5,2,0.8513,0.8521,0.9463,0.8186,0.0401
2,10,5,3,0.9286,0.9203,0.9823,0.9101,0.0228
2,10,5,4,0.9345,0.9312,0.9694,0.9198,0.0291
2,10,5,5,0.8108,0.7705,0.8881,0.7946,0.0842
2,10,5,6,0.8302,0.7978,0.8950,0.8121,0.0731
2,10,5,7,0.8443,0.8579,0.9157,0.8186,0.0525
2,10,5,8,0.8446,0.8181,0.9079,0.8275,0.0699
2,10,5,9,0.8268,0.7834,0.8975,0.8097,0.0783
2,10,5,10,0.8993,0.8925,0.9596,0.8793,0.0422
2,10,5,11,0.8555,0.8439,0.9060,0.8367,0.0634
2,10,6,0,0.8683,0.8536,0.9792,0.8349,0.0303
2,10,6,1,0.8425,0.8225,0.9158,0.8245,0.0683
2,10,6,2,0.8569,0.8214,0.9123,0.8410,0.0682
2,10,6,3,0.8986,0.8772,0.9351,0.8838,0.0476
2,10,6,4,0.9066,0.8950,0.9722,0.8854,0.0341
2,10,6,5,0.8916,0.8666,0.9252,0.8769,0.0548
2,10,6,6,0.8427,0.8150,0.9030,0.8262,0.0722
2,10,6,7,0.9631,0.9645,0.9912,0.9537,0.0194
2,10,6,8,0.8561,0.8548,0.9563,0.8247,0.0422
2,10,6,9,0.7961,0.7464,0.8814,0.7803,0.0888
2,10,6,10,0.8126,0.7666,0.8861,0.7969,0.0853
2,10,6,11,0.8927,0.8815,0.9382,0.8744,0.0459
2,10,7,0,0.8241,0.8206,0.9270,0.7934,0.0560
2,10,7,1,0.8407,0.8122,0.9015,0.8246,0.0714
2,10,7,2,0.7958,0.7462,0.8809,0.7801,0.0889
2,10,7,3,0.9142,0.9096,0.9741,0.8956,0.0348
2,10,7,4,0.8730,0.8823,0.9169,0.8549,0.0529
2,10,7,5,0.8783,0.8482,0.9253,0.8612,0.0564
2,10,7,6,0.8423,0.8058,0.9100,0.8241,0.0694
2,10,7,7,0.8198,0.7831,0.8934,0.8038,0.0815
2,10,7,8,0.8992,0.8975,0.9599,0.8800,0.0413
2,10,7,9,0.8782,0.8632,0.9363,0.8612,0.0567
2,10,7,10,0.8113,0.7722,0.8868,0.7958,0.0849
2,10,7,11,0.8065,0.7605,0.8872,0.7899,0.0858
2,10,8,0,0.8363,0.7980,0.9046,0.8184,0.0732
2,10,8,1,0.8117,0.7735,0.8865,0.7962,0.0847
2,10,8,2,0.9018,0.8734,0.9340,0.8873,0.0483
2,10,8,3,0.8496,0.8236,0.9197,0.8328,0.0682
2,10,8,4,0.8689,0.8632,0.9205,0.8501,0.0535
2,10,8,5,0.9338,0.9327,0.9814,0.9182,0.0239
2,10,8,6,0.8314,0.7976,0.9037,0.8134,0.0732
2,10,8,7,0.7620,0.7943,0.9143,0.7162,0.0534
2,10,8,8,0.9307,0.9310,0.9631,0.9168,0.0306
2,10,8,9,0.9067,0.8899,0.9578,0.8900,0.0421
2,10,8,10,0.8851,0.8684,0.9435,0.8676,0.0519
2,10,8,11,0.8318,0.7958,0.9195,0.8121,0.0707
2,10,9,0,0.8419,0.8108,0.9444,0.8160,0.0572
2,10,9,1,0.8067,0.7601,0.8840,0.7908,0.0861
2,10,9,2,0.8804,0.8668,0.9516,0.8616,0.0509
2,10,9,3,0.8886,0.8949,0.9517,0.8654,0.0400
2,10,9,4,0.8219,0.7813,0.8967,0.8057,0.0794
2,10,9,5,0.8457,0.8208,0.9251,0.8269,0.0683
2,10,9,6,0.8068,0.7613,0.8893,0.7907,0.0859
2,10,9,7,0.8782,0.8533,0.9299,0.8635,0.0596
2,10,9,8,0.8272,0.7925,0.9260,0.8050,0.0673
2,10,9,9,0.8017,0.7541,0.8845,0.7860,0.0879
2,10,9,10,0.8953,0.8921,0.9177,0.8797,0.0455
2,10,9,11,0.7996,0.7507,0.8835,0.7836,0.0884
2,10,10,0,0.8587,0.8229,0.9387,0.8391,0.0585
2,10,10,1,0.8141,0.7724,0.8901,0.7984,0.0843
2,10,10,2,0.8077,0.7614,0.8892,0.7914,0.0861
2,10,10,3,0.8329,0.7999,0.9066,0.8151,0.0739
2,10,10,4,0.8313,0.7874,0.9095,0.8125,0.0729
2,10,10,5,0.8580,0.8546,0.9054,0.8377,0.0537
2,10,10,6,0.8149,0.7700,0.8984,0.7977,0.0811
2,10,10,7,0.8508,0.8243,0.9278,0.8325,0.0653
2,10,10,8,0.8014,0.7548,0.8860,0.7847,0.0870
2,10,10,9,0.8838,0.8906,0.9387,0.8646,0.0457
2,10,10,10,0.8069,0.7593,0.8882,0.7905,0.0858
2,10,10,11,0.8343,0.8050,0.9059,0.8142,0.0670
2,10,11,0,0.9241,0.9066,0.9459,0.8980,0.0142
2,10,11,1,0.8360,0.7955,0.9032,0.8191,0.0757
2,10,11,2,0.8218,0.7801,0.9003,0.8040,0.0787
2,10,11,3,0.8970,0.8724,0.9609,0.8769,0.0404
2,10,11,4,0.8513,0.8214,0.9221,0.8317,0.0644
2,10,11,5,0.8269,0.7891,0.9048,0.8089,0.0760
2,10,11,6,0.8142,0.7685,0.8913,0.7979,0.0842
2,10,11,7,0.8517,0.8221,0.9124,0.8350,0.0682
2,10,11,8,0.4784,0.7062,0.9255,0.3361,0.0294
2,10,11,9,0.8093,0.7639,0.8880,0.7930,0.0857
2,10,11,10,0.9012,0.8898,0.9561,0.8827,0.0420
2,10,11,11,0.9227,0.9112,0.9584,0.9090,0.0375
2,11,0,0,0.8525,0.8202,0.8627,0.8265,0.0506
2,11,0,1,0.2064,0.2744,0.9621,0.1015,0.0369
2,11,0,2,0.9296,0.9163,0.9530,0.9195,0.0409
2,11,0,3,0.2422,0.3012,0.9650,0.1309,0.0296
2,11,0,4,0.4898,0.4540,0.9733,0.3884,0.0312
2,11,0,5,0.2920,0.3102,0.9594,0.1889,0.0299
2,11,0,6,0.7179,0.7037,0.8509,0.6574,0.0546
2,11,0,7,0.6938,0.6920,0.9473,0.6280,0.0551
2,11,0,8,0.7214,0.7450,0.9669,0.6639,0.0403
2,11,0,9,0.9017,0.8927,0.9427,0.8871,0.0504
2,11,0,10,0.8600,0.8275,0.9258,0.8363,0.0526
2,11,0,11,0.8901,0.8644,0.8985,0.8752,0.0543
2,11,1,0,0.7240,0.7220,0.9889,0.6684,0.0387
2,11,1,1,0.9186,0.9080,0.9857,0.9054,0.0413
2,11,1,2,0.8798,0.8732,0.9795,0.8584,0.0475
2,11,1,3,0.9506,0.9166,0.9247,0.9463,0.0373
2,11,1,4,0.9784,0.9744,0.9842,0.9764,0.0257
2,11,1,5,0.9647,0.9502,0.9952,0.9590,0.0228
2,11,1,6,0.8756,0.8473,0.9953,0.8525,0.0222
2,11,1,7,0.9558,0.9472,0.9778,0.9501,0.0324
2,11,1,8,0.9774,0.9808,0.9984,0.9737,0.0176
2,11,1,9,0.9789,0.9812,0.9981,0.9753,0.0143
2,11,1,10,0.2977,0.6115,0.9156,0.1323,0.0590
2,11,1,11,0.4264,0.3661,0.9665,0.3338,0.0245
2,11,2,0,0.8074,0.7716,0.9523,0.7694,0.0455
2,11,2,1,0.9907,0.9875,0.9992,0.9892,0.0080
2,11,2,2,0.4963,0.5373,0.9885,0.4038,0.0275
2,11,2,3,0.7629,0.7518,0.9905,0.7159,0.0373
2,11,2,4,0.8788,0.8949,0.9951,0.8564,0.0317
2,11,2,5,0.7314,0.7345,0.9752,0.6762,0.0450
2,11,2,6,0.9833,0.9886,0.9983,0.9805,0.0096
2,11,2,7,0.7780,0.7684,0.8949,0.7337,0.0596
2,11,2,8,0.6644,0.7134,0.9872,0.5981,0.0344
2,11,2,9,0.5265,0.6189,0.9563,0.4250,0.0394
2,11,2,10,0.9017,0.8793,0.9360,0.8872,0.0510
2,11,2,11,1.0000,1.0000,1.0000,1.0000,0.0000
2,11,3,0,0.9820,0.9787,0.9925,0.9828,0.0338
2,11,3,1,0.9731,0.9676,0.9982,0.9685,0.0188
2,11,3,2,0.5377,0.5570,0.9899,0.4491,0.0323
2,11,3,3,0.8994,0.9015,0.9940,0.8826,0.0251
2,11,3,4,0.9831,0.9783,0.9932,0.9839,0.0336
2,11,3,5,0.9677,0.9673,0.9838,0.9622,0.0167
2,11,3,6,0.7026,0.7275,0.9174,0.6388,0.0525
2,11,3,7,0.7060,0.6731,0.9889,0.6483,0.0373
2,11,3,8,0.6668,0.6616,0.9865,0.6051,0.0331
2,11,3,9,0.8144,0.8195,0.9862,0.7806,0.0289
2,11,3,10,0.9919,0.9901,0.9980,0.9905,0.0143
2,11,3,11,0.8399,0.8082,0.9829,0.8092,0.0378
2,11,4,0,0.7692,0.7743,0.9871,0.7275,0.0249
2,11,4,1,0.9055,0.8692,0.9948,0.8887,0.0231
2,11,4,2,0.9887,0.9853,0.9964,0.9884,0.0223
2,11,4,3,0.7501,0.7272,0.9244,0.7006,0.0359
2,11,4,4,0.9877,0.9894,0.9988,0.9863,0.0169
2,11,4,5,0.9684,0.9668,0.9990,0.9631,0.0136
2,11,4,6,0.9520,0.9541,0.9858,0.9447,0.0299
2,11,4,7,0.6243,0.6074,0.9780,0.5517,0.0325
2,11,4,8,0.9930,0.9935,0.9979,0.9925,0.0140
2,11,4,9,0.8746,0.8543,0.9946,0.8513,0.0261
2,11,4,10,0.9840,0.9810,0.9952,0.9840,0.0290
2,11,4,11,0.2890,0.3822,0.9587,0.1969,0.0379
2,11,5,0,0.9821,0.9772,0.9922,0.9829,0.0345
2,11,5,1,0.9785,0.9721,0.9908,0.9799,0.0379
2,11,5,2,0.8915,0.8778,0.9956,0.8717,0.0298
2,11,5,3,0.9330,0.9249,0.9787,0.9218,0.0340
2,11,5,4,0.9334,0.9079,0.9931,0.9218,0.0327
2,11,5,5,0.9829,0.9798,0.9929,0.9837,0.0332
2,11,5,6,0.9849,0.9829,0.9947,0.9843,0.0247
2,11,5,7,0.9235,0.9243,0.9978,0.9109,0.0198
2,11,5,8,0.9869,0.9865,0.9972,0.9861,0.0205
2,11,5,9,0.9875,0.9836,0.9951,0.9877,0.0273
2,11,5,10,0.9335,0.9100,0.9951,0.9216,0.0211
2,11,5,11,0.9802,0.9760,0.9964,0.9775,0.0210
2,11,6,0,0.8503,0.8261,0.9751,0.8219,0.0344
2,11,6,1,0.9819,0.9820,0.9978,0.9803,0.0207
2,11,6,2,0.9918,0.9896,0.9978,0.9914,0.0174
2,11,6,3,0.9765,0.9776,0.9993,0.9725,0.0118
2,11,6,4,0.9714,0.9665,0.9877,0.9670,0.0201
2,11,6,5,0.9949,0.9954,0.9995,0.9941,0.0077
2,11,6,6,0.9899,0.9892,0.9963,0.9898,0.0224
2,11,6,7,0.9187,0.8970,0.9719,0.9049,0.0335
2,11,6,8,0.9330,0.9174,0.9962,0.9210,0.0261
2,11,6,9,0.9790,0.9727,0.9911,0.9802,0.0378
2,11,6,10,0.9839,0.9791,0.9925,0.9848,0.0342
2,11,6,11,0.9837,0.9861,1.0000,0.9808,0.0135
2,11,7,0,0.9335,0.9455,0.9989,0.9225,0.0223
2,11,7,1,0.9835,0.9830,0.9961,0.9826,0.0232
2,11,7,2,0.9788,0.9727,0.9910,0.9801,0.0379
2,11,7,3,0.9716,0.9646,0.9887,0.9670,0.0189
2,11,7,4,0.9509,0.9415,0.9966,0.9430,0.0265
2,11,7,5,0.9885,0.9871,0.9992,0.9867,0.0112
2,11,7,6,0.9877,0.9863,0.9974,0.9870,0.0194
2,11,7,7,0.9840,0.9819,0.9943,0.9844,0.0304
2,11,7,8,0.9368,0.9218,0.9954,0.9255,0.0155
2,11,7,9,0.9882,0.9870,0.9988,0.9864,0.0114
2,11,7,10,0.9824,0.9798,0.9927,0.9833,0.0338
2,11,7,11,0.9823,0.9774,0.9927,0.9831,0.0348
2,11,8,0,0.9892,0.9873,0.9965,0.9890,0.0222
2,11,8,1,0.9817,0.9791,0.9926,0.9824,0.0337
2,11,8,2,0.9858,0.9845,0.9980,0.9833,0.0088
2,11,8,3,0.9856,0.9824,0.9982,0.9844,0.0195
2,11,8,4,0.9675,0.9651,0.9990,0.9623,0.0209
2,11,8,5,0.9086,0.9047,0.9849,0.8921,0.0319
2,11,8,6,0.9841,0.9839,0.9963,0.9833,0.0237
2,11,8,7,0.8479,0.8738,0.9929,0.8226,0.0236
2,11,8,8,0.9378,0.9297,0.9957,0.9267,0.0223
2,11,8,9,0.9830,0.9822,0.9953,0.9802,0.0131
2,11,8,10,0.9920,0.9916,0.9982,0.9907,0.0077
2,11,8,11,0.9859,0.9821,0.9958,0.9850,0.0205
2,11,9,0,0.9326,0.9073,0.9692,0.9216,0.0245
2,11,9,1,0.9823,0.9771,0.9919,0.9833,0.0350
2,11,9,2,0.9586,0.9443,0.9882,0.9516,0.0243
2,11,9,3,0.9426,0.9488,0.9977,0.9323,0.0220
2,11,9,4,0.9827,0.9798,0.9946,0.9827,0.0291
2,11,9,5,0.9904,0.9899,0.9969,0.9898,0.0173
2,11,9,6,0.9822,0.9773,0.9930,0.9831,0.0349
2,11,9,7,0.9875,0.9858,0.9988,0.9858,0.0140
2,11,9,8,0.9814,0.9765,0.9929,0.9795,0.0202
2,11,9,9,0.9807,0.9752,0.9919,0.9819,0.0369
2,11,9,10,0.9502,0.9371,0.9959,0.9417,0.0270
2,11,9,11,0.9801,0.9742,0.9917,0.9813,0.0374
2,11,10,0,0.9780,0.9703,0.9896,0.9747,0.0190
2,11,10,1,0.9835,0.9799,0.9934,0.9842,0.0333
2,11,10,2,0.9826,0.9775,0.9931,0.9834,0.0350
2,11,10,3,0.9871,0.9861,0.9967,0.9867,0.0228
2,11,10,4,0.9868,0.9824,0.9961,0.9862,0.0222
2,11,10,5,0.9240,0.9115,0.9939,0.9119,0.0302
2,11,10,6,0.9840,0.9791,0.9944,0.9843,0.0300
2,11,10,7,0.9881,0.9851,0.9949,0.9869,0.0190
2,11,10,8,0.9806,0.9754,0.9923,0.9815,0.0359
2,11,10,9,0.9413,0.9306,0.9986,0.9312,0.0224
2,11,10,10,0.9824,0.9769,0.9928,0.9833,0.0348
2,11,10,11,0.9792,0.9791,0.9968,0.9771,0.0207
2,11,11,0,0.8154,0.7722,0.7909,0.7821,0.0618
2,11,11,1,0.9893,0.9861,0.9962,0.9893,0.0247
2,11,11,2,0.9862,0.9824,0.9954,0.9863,0.0277
2,11,11,3,0.9673,0.9684,0.9918,0.9616,0.0169
2,11,11,4,0.9921,0.9909,0.9985,0.9914,0.0134
2,11,11,5,0.9861,0.9838,0.9960,0.9858,0.0252
2,11,11,6,0.9845,0.9797,0.9936,0.9852,0.0332
2,11,11,7,0.9892,0.9893,0.9978,0.9885,0.0174
2,11,11,8,0.2586,0.5477,0.9546,0.1104,0.0345
2,11,11,9,0.9831,0.9784,0.9929,0.9839,0.0346
2,11,11,10,0.9703,0.9747,0.9967,0.9651,0.0174
2,11,11,11,0.9741,0.9735,0.9971,0.9697,0.0182
3,0,0,0,0.7628,0.7174,0.7980,0.7382,0.0845
3,0,0,1,0.1299,0.1819,0.9659,0.0384,0.0030
3,0,0,2,0.8608,0.8340,0.9104,0.8521,0.0748
3,0,0,3,0.1611,0.2023,0.9638,0.0635,0.0163
3,0,0,4,0.3816,0.3305,0.9516,0.2876,0.0622
3,0,0,5,0.2218,0.2153,0.9614,0.1319,0.0176
3,0,0,6,0.6006,0.5737,0.7831,0.5405,0.0884
3,0,0,7,0.5671,0.5563,0.9017,0.5001,0.0887
3,0,0,8,0.6252,0.6331,0.9297,0.5709,0.0741
3,0,0,9,0.8130,0.7941,0.8956,0.7978,0.0840
3,0,0,10,0.7708,0.7194,0.8742,0.7485,0.0864
3,0,0,11,0.7995,0.7600,0.8397,0.7849,0.0882
3,0,1,0,0.6097,0.5985,0.9666,0.5532,0.0718
3,0,1,1,0.8359,0.8145,0.9586,0.8214,0.0749
3,0,1,2,0.7846,0.7677,0.9502,0.7613,0.0805
3,0,1,3,0.9053,0.8607,0.8753,0.9070,0.0711
3,0,1,4,0.9255,0.9121,0.9557,0.9241,0.0596
3,0,1,5,0.9201,0.8909,0.9780,0.9158,0.0561
3,0,1,6,0.8215,0.7718,0.9767,0.8010,0.0544
3,0,1,7,0.8914,0.8756,0.9458,0.8860,0.0662
3,0,1,8,0.9362,0.9358,0.9866,0.9333,0.0504
3,0,1,9,0.9481,0.9470,0.9935,0.9447,0.0403
3,0,1,10,0.1748,0.5024,0.8694,0.0230,0.0905
3,0,1,11,0.3492,0.2677,0.9639,0.2667,0.0314
3,0,2,0,0.7181,0.6625,0.9104,0.6821,0.0794
3,0,2,1,0.9782,0.9714,0.9909,0.9779,0.0308
3,0,2,2,0.3800,0.4162,0.9760,0.2921,0.0522
3,0,2,3,0.6608,0.6429,0.9738,0.6136,0.0693
3,0,2,4,0.8253,0.8353,0.9891,0.8052,0.0580
3,0,2,5,0.6113,0.6105,0.9418,0.5543,0.0765
3,0,2,6,0.9610,0.9698,0.9964,0.9583,0.0329
3,0,2,7,0.6552,0.6353,0.8341,0.6080,0.0934
3,0,2,8,0.5640,0.6117,0.9613,0.5006,0.0640
3,0,2,9,0.3953,0.4900,0.9157,0.2969,0.0722
3,0,2,10,0.8068,0.7663,0.8862,0.7906,0.0849
3,0,2,11,0.9820,0.9787,0.9925,0.9828,0.0338
3,0,3,0,1.0000,1.0000,1.0000,1.0000,0.0000
3,0,3,1,0.9439,0.9331,0.9943,0.9394,0.0384
3,0,3,2,0.4283,0.4385,0.9737,0.3447,0.0593
3,0,3,3,0.8689,0.8586,0.9916,0.8537,0.0397
3,0,3,4,0.9988,0.9986,0.9999,0.9986,0.0016
3,0,3,5,0.9353,0.9324,0.9599,0.9322,0.0502
3,0,3,6,0.5860,0.5987,0.8631,0.5228,0.0863
3,0,3,7,0.6077,0.5655,0.9677,0.5518,0.0653
3,0,3,8,0.5751,0.5582,0.9782,0.5162,0.0556
3,0,3,9,0.7568,0.7489,0.9792,0.7259,0.0525
3,0,3,10,0.9685,0.9622,0.9943,0.9674,0.0353
3,0,3,11,0.7705,0.7205,0.9596,0.7426,0.0677
3,0,4,0,0.7096,0.6974,0.9817,0.6717,0.0472
3,0,4,1,0.8694,0.8110,0.9874,0.8550,0.0457
3,0,4,2,0.9956,0.9962,0.9990,0.9955,0.0118
3,0,4,3,0.6892,0.6526,0.8847,0.6470,0.0666
3,0,4,4,0.9856,0.9813,0.9969,0.9850,0.0216
3,0,4,5,0.9498,0.9415,0.9957,0.9457,0.0338
3,0,4,6,0.8904,0.8898,0.9585,0.8833,0.0638
3,0,4,7,0.5264,0.4923,0.9537,0.4580,0.0582
3,0,4,8,0.9840,0.9862,0.9981,0.9832,0.0211
3,0,4,9,0.8134,0.7791,0.9760,0.7916,0.0558
3,0,4,10,0.9975,0.9975,0.9992,0.9973,0.0049
3,0,4,11,0.1854,0.2767,0.9665,0.1009,0.0041
3,0,5,0,0.9992,0.9992,1.0000,0.9991,0.0012
3,0,5,1,0.9990,0.9984,0.9999,0.9990,0.0041
3,0,5,2,0.8492,0.8292,0.9822,0.8323,0.0542
3,0,5,3,0.8775,0.8615,0.9487,0.8686,0.0668
3,0,5,4,0.8725,0.8321,0.9716,0.8611,0.0607
3,0,5,5,0.9976,0.9983,1.0000,0.9973,0.0012
3,0,5,6,0.9906,0.9900,0.9995,0.9899,0.0118
3,0,5,7,0.9001,0.8895,0.9959,0.8891,0.0337
3,0,5,8,0.9889,0.9874,0.9987,0.9881,0.0150
3,0,5,9,0.9961,0.9979,0.9996,0.9958,0.0068
3,0,5,10,0.8941,0.8566,0.9777,0.8840,0.0502
3,0,5,11,0.9734,0.9638,0.9976,0.9713,0.0244
3,0,6,0,0.7927,0.7582,0.9452,0.7681,0.0624
3,0,6,1,0.9827,0.9802,0.9970,0.9813,0.0165
3,0,6,2,0.9898,0.9902,0.9981,0.9893,0.0167
3,0,6,3,0.9496,0.9502,0.9917,0.9458,0.0373
3,0,6,4,0.9408,0.9312,0.9642,0.9398,0.0523
3,0,6,5,0.9773,0.9781,0.9954,0.9768,0.0300
3,0,6,6,0.9945,0.9931,0.9991,0.9942,0.0127
3,0,6,7,0.8425,0.8064,0.9369,0.8281,0.0673
3,0,6,8,0.9074,0.8798,0.9806,0.8994,0.0510
3,0,6,9,0.9990,0.9985,0.9999,0.9989,0.0039
3,0,6,10,0.9984,0.9987,1.0000,0.9982,0.0020
3,0,6,11,0.9637,0.9607,0.9917,0.9625,0.0390
3,0,7,0,0.9220,0.9321,0.9939,0.9139,0.0362
3,0,7,1,0.9840,0.9844,0.9993,0.9825,0.0135
3,0,7,2,0.9990,0.9985,0.9999,0.9990,0.0041
3,0,7,3,0.9368,0.9191,0.9649,0.9347,0.0519
3,0,7,4,0.9283,0.9024,0.9936,0.9210,0.0354
3,0,7,5,0.9771,0.9772,0.9954,0.9763,0.0293
3,0,7,6,0.9891,0.9919,0.9983,0.9885,0.0155
3,0,7,7,0.9957,0.9963,0.9998,0.9952,0.0047
3,0,7,8,0.8977,0.8697,0.9780,0.8879,0.0451
3,0,7,9,0.9766,0.9693,0.9914,0.9757,0.0285
3,0,7,10,0.9970,0.9977,1.0000,0.9967,0.0016
3,0,7,11,0.9990,0.9989,1.0000,0.9989,0.0017
3,0,8,0,0.9953,0.9971,0.9991,0.9951,0.0117
3,0,8,1,0.9960,0.9962,1.0000,0.9956,0.0025
3,0,8,2,0.9608,0.9599,0.9901,0.9587,0.0366
3,0,8,3,0.9850,0.9799,0.9961,0.9839,0.0167
3,0,8,4,0.9548,0.9435,0.9962,0.9509,0.0332
3,0,8,5,0.8434,0.8292,0.9574,0.8275,0.0641
3,0,8,6,0.9888,0.9922,0.9990,0.9878,0.0117
3,0,8,7,0.8314,0.8484,0.9893,0.8112,0.0365
3,0,8,8,0.8831,0.8658,0.9772,0.8723,0.0543
3,0,8,9,0.9542,0.9536,0.9795,0.9526,0.0428
3,0,8,10,0.9783,0.9738,0.9882,0.9782,0.0329
3,0,8,11,0.9923,0.9909,0.9938,0.9919,0.0142
3,0,9,0,0.9135,0.8863,0.9513,0.9043,0.0358
3,0,9,1,0.9986,0.9988,1.0000,0.9984,0.0017
3,0,9,2,0.9308,0.9129,0.9730,0.9243,0.0390
3,0,9,3,0.9073,0.9040,0.9834,0.8995,0.0506
3,0,9,4,0.9919,0.9938,0.9994,0.9911,0.0055
3,0,9,5,0.9941,0.9917,0.9931,0.9942,0.0165
3,0,9,6,0.9988,0.9986,0.9998,0.9987,0.0010
3,0,9,7,0.9743,0.9716,0.9937,0.9725,0.0253
3,0,9,8,0.9876,0.9856,0.9882,0.9868,0.0176
3,0,9,9,0.9990,0.9988,1.0000,0.9989,0.0030
3,0,9,10,0.9202,0.8926,0.9923,0.9123,0.0422
3,0,9,11,0.9990,0.9986,1.0000,0.9989,0.0035
3,0,10,0,0.9683,0.9642,0.9797,0.9659,0.0269
3,0,10,1,0.9973,0.9975,0.9999,0.9970,0.0024
3,0,10,2,0.9990,0.9987,0.9999,0.9989,0.0020
3,0,10,3,0.9929,0.9942,0.9986,0.9924,0.0110
3,0,10,4,0.9935,0.9952,0.9973,0.9931,0.0119
3,0,10,5,0.9002,0.8759,0.9937,0.8890,0.0349
3,0,10,6,0.9974,0.9974,0.9989,0.9971,0.0041
3,0,10,7,0.9877,0.9842,0.9900,0.9871,0.0195
3,0,10,8,0.9988,0.9988,1.0000,0.9987,0.0021
3,0,10,9,0.9114,0.8839,0.9892,0.9025,0.0418
3,0,10,10,0.9988,0.9987,0.9999,0.9987,0.0014
3,0,10,11,0.9804,0.9836,0.9988,0.9787,0.0181
3,0,11,0,0.7174,0.6609,0.7147,0.6862,0.0956
3,0,11,1,0.9947,0.9960,0.9991,0.9943,0.0102
3,0,11,2,0.9968,0.9974,0.9992,0.9965,0.0070
3,0,11,3,0.9349,0.9409,0.9741,0.9308,0.0468
3,0,11,4,0.9924,0.9916,0.9956,0.9927,0.0205
3,0,11,5,0.9940,0.9954,0.9986,0.9936,0.0089
3,0,11,6,0.9985,0.9986,0.9999,0.9984,0.0025
3,0,11,7,0.9883,0.9891,0.9980,0.9876,0.0167
3,0,11,8,0.1507,0.4502,0.9329,0.0178,0.0644
3,0,11,9,0.9986,0.9987,1.0000,0.9985,0.0018
3,0,11,10,0.9403,0.9436,0.9816,0.9368,0.0460
3,0,11,11,0.9334,0.9322,0.9812,0.9292,0.0481
3,1,0,0,0.8404,0.8234,0.8411,0.8114,0.0489
3,1,0,1,0.2027,0.2765,0.9725,0.0974,0.0415
3,1,0,2,0.9288,0.9238,0.9413,0.9185,0.0392
3,1,0,3,0.2246,0.3029,0.9745,0.1108,0.0230
3,1,0,4,0.4824,0.4468,0.9755,0.3797,0.0237
3,1,0,5,0.2665,0.3164,0.9698,0.1598,0.0230
3,1,0,6,0.7011,0.7035,0.8276,0.6364,0.0516
3,1,0,7,0.7184,0.7115,0.9372,0.6589,0.0513
3,1,0,8,0.7466,0.7753,0.9596,0.6949,0.0375
3,1,0,9,0.9044,0.8987,0.9306,0.8906,0.0500
3,1,0,10,0.8536,0.8297,0.9149,0.8284,0.0491
3,1,0,11,0.8952,0.8707,0.8829,0.8818,0.0523
3,1,1,0,0.7597,0.7725,0.9878,0.7118,0.0349
3,1,1,1,0.9365,0.9289,0.9817,0.9273,0.0396
3,1,1,2,0.8941,0.8909,0.9767,0.8761,0.0458
3,1,1,3,0.9233,0.8812,0.9073,0.9126,0.0369
3,1,1,4,0.9691,0.9639,0.9756,0.9652,0.0316
3,1,1,5,0.9516,0.9463,0.9930,0.9434,0.0193
3,1,1,6,0.8738,0.8658,0.9900,0.8504,0.0178
3,1,1,7,0.9545,0.9478,0.9695,0.9485,0.0359
3,1,1,8,0.9745,0.9778,0.9977,0.9703,0.0185
3,1,1,9,0.9720,0.9772,0.9999,0.9671,0.0118
3,1,1,10,0.2927,0.6032,0.9054,0.1263,0.0547
3,1,1,11,0.4022,0.3730,0.9757,0.3058,0.0115
3,1,2,0,0.8135,0.7972,0.9437,0.7771,0.0420
3,1,2,1,0.9666,0.9649,0.9961,0.9611,0.0144
3,1,2,2,0.5404,0.5901,0.9920,0.4561,0.0153
3,1,2,3,0.7955,0.8006,0.9921,0.7555,0.0319
3,1,2,4,0.8714,0.9002,0.9978,0.8477,0.0201
3,1,2,5,0.7608,0.7744,0.9690,0.7123,0.0391
3,1,2,6,0.9763,0.9757,0.9996,0.9724,0.0123
3,1,2,7,0.7842,0.7698,0.8790,0.7418,0.0563
3,1,2,8,0.7098,0.7653,0.9818,0.6528,0.0264
3,1,2,9,0.5103,0.6256,0.9436,0.4053,0.0356
3,1,2,10,0.9006,0.8846,0.9225,0.8860,0.0493
3,1,2,11,0.9731,0.9676,0.9982,0.9685,0.0188
3,1,3,0,0.9439,0.9331,0.9943,0.9394,0.0384
3,1,3,1,1.0000,1.0000,1.0000,1.0000,0.0000
3,1,3,2,0.5726,0.6091,0.9920,0.4909,0.0214
3,1,3,3,0.8962,0.9092,0.9966,0.8788,0.0115
3,1,3,4,0.9485,0.9350,0.9944,0.9444,0.0382
3,1,3,5,0.9528,0.9540,0.9730,0.9445,0.0165
3,1,3,6,0.6939,0.7452,0.9018,0.6281,0.0492
3,1,3,7,0.6928,0.6782,0.9863,0.6325,0.0277
3,1,3,8,0.7194,0.7290,0.9922,0.6677,0.0201
3,1,3,9,0.8488,0.8699,0.9899,0.8214,0.0174
3,1,3,10,0.9727,0.9686,0.9994,0.9680,0.0105
3,1,3,11,0.8568,0.8340,0.9808,0.8298,0.0293
3,1,4,0,0.7707,0.8133,0.9927,0.7294,0.0148
3,1,4,1,0.9167,0.8954,0.9959,0.9019,0.0125
3,1,4,2,0.9550,0.9476,0.9966,0.9497,0.0272
3,1,4,3,0.7144,0.7053,0.9043,0.6575,0.0287
3,1,4,4,0.9548,0.9543,0.9977,0.9481,0.0168
3,1,4,5,0.9375,0.9464,0.9992,0.9270,0.0088
3,1,4,6,0.9495,0.9599,0.9776,0.9417,0.0295
3,1,4,7,0.6269,0.6007,0.9792,0.5550,0.0211
3,1,4,8,0.9691,0.9658,0.9983,0.9647,0.0189
3,1,4,9,0.8874,0.8986,0.9901,0.8666,0.0181
3,1,4,10,0.9495,0.9380,0.9948,0.9445,0.0336
3,1,4,11,0.2984,0.4257,0.9705,0.2076,0.0425
3,1,5,0,0.9446,0.9313,0.9941,0.9402,0.0391
3,1,5,1,0.9416,0.9255,0.9930,0.9379,0.0425
3,1,5,2,0.8649,0.8836,0.9936,0.8402,0.0168
3,1,5,3,0.9257,0.9349,0.9694,0.9131,0.0289
3,1,5,4,0.9361,0.9286,0.9886,0.9251,0.0236
3,1,5,5,0.9481,0.9397,0.9943,0.9440,0.0378
3,1,5,6,0.9549,0.9514,0.9966,0.9498,0.0266
3,1,5,7,0.9042,0.9137,0.9988,0.8884,0.0089
3,1,5,8,0.9714,0.9665,0.9978,0.9683,0.0235
3,1,5,9,0.9533,0.9431,0.9957,0.9486,0.0319
3,1,5,10,0.8972,0.8827,0.9891,0.8786,0.0139
3,1,5,11,0.9547,0.9516,0.9983,0.9480,0.0151
3,1,6,0,0.8462,0.8553,0.9663,0.8171,0.0251
3,1,6,1,0.9564,0.9571,0.9958,0.9508,0.0219
3,1,6,2,0.9666,0.9601,0.9973,0.9623,0.0228
3,1,6,3,0.9611,0.9739,0.9980,0.9545,0.0125
3,1,6,4,0.9470,0.9465,0.9794,0.9379,0.0176
3,1,6,5,0.9739,0.9720,0.9989,0.9696,0.0129
3,1,6,6,0.9564,0.9522,0.9967,0.9512,0.0257
3,1,6,7,0.9062,0.9017,0.9607,0.8897,0.0307
3,1,6,8,0.8989,0.8882,0.9905,0.8806,0.0144
3,1,6,9,0.9421,0.9263,0.9932,0.9383,0.0424
3,1,6,10,0.9494,0.9370,0.9944,0.9455,0.0388
3,1,6,11,0.9605,0.9672,0.9977,0.9535,0.0113
3,1,7,0,0.8906,0.9149,0.9984,0.8724,0.0091
3,1,7,1,0.9630,0.9608,0.9968,0.9591,0.0249
3,1,7,2,0.9419,0.9262,0.9931,0.9382,0.0425
3,1,7,3,0.9554,0.9540,0.9804,0.9478,0.0174
3,1,7,4,0.9590,0.9644,0.9989,0.9523,0.0101
3,1,7,5,0.9674,0.9673,0.9985,0.9621,0.0113
3,1,7,6,0.9606,0.9535,0.9970,0.9557,0.0235
3,1,7,7,0.9518,0.9461,0.9954,0.9476,0.0350
3,1,7,8,0.9350,0.9453,0.9906,0.9234,0.0130
3,1,7,9,0.9687,0.9686,0.9947,0.9637,0.0105
3,1,7,10,0.9485,0.9406,0.9944,0.9445,0.0384
3,1,7,11,0.9465,0.9326,0.9944,0.9422,0.0394
3,1,8,0,0.9532,0.9450,0.9966,0.9476,0.0268
3,1,8,1,0.9472,0.9423,0.9946,0.9430,0.0383
3,1,8,2,0.9789,0.9747,0.9977,0.9753,0.0147
3,1,8,3,0.9614,0.9594,0.9963,0.9565,0.0218
3,1,8,4,0.9521,0.9640,0.9992,0.9444,0.0071
3,1,8,5,0.9152,0.9295,0.9774,0.9001,0.0265
3,1,8,6,0.9587,0.9524,0.9963,0.9542,0.0268
3,1,8,7,0.8074,0.8481,0.9965,0.7754,0.0096
3,1,8,8,0.9248,0.9430,0.9908,0.9113,0.0214
3,1,8,9,0.9638,0.9657,0.9882,0.9574,0.0146
3,1,8,10,0.9661,0.9621,0.9930,0.9604,0.0142
3,1,8,11,0.9508,0.9444,0.9920,0.9445,0.0243
3,1,9,0,0.9025,0.8841,0.9538,0.8865,0.0108
3,1,9,1,0.9480,0.9342,0.9939,0.9443,0.0396
3,1,9,2,0.9365,0.9311,0.9774,0.9258,0.0073
3,1,9,3,0.9229,0.9405,0.9956,0.9090,0.0156
3,1,9,4,0.9549,0.9466,0.9945,0.9509,0.0329
3,1,9,5,0.9541,0.9475,0.9924,0.9478,0.0227
3,1,9,6,0.9465,0.9340,0.9939,0.9424,0.0395
3,1,9,7,0.9719,0.9714,0.9958,0.9677,0.0131
3,1,9,8,0.9411,0.9317,0.9865,0.9331,0.0211
3,1,9,9,0.9447,0.9307,0.9936,0.9408,0.0415
3,1,9,10,0.9496,0.9498,0.9984,0.9410,0.0117
3,1,9,11,0.9434,0.9284,0.9935,0.9394,0.0420
3,1,10,0,0.9456,0.9454,0.9806,0.9371,0.0121
3,1,10,1,0.9489,0.9415,0.9948,0.9448,0.0379
3,1,10,2,0.9475,0.9334,0.9942,0.9435,0.0396
3,1,10,3,0.9567,0.9507,0.9962,0.9518,0.0274
3,1,10,4,0.9498,0.9400,0.9943,0.9438,0.0265
3,1,10,5,0.9363,0.9357,0.9967,0.9262,0.0130
3,1,10,6,0.9485,0.9374,0.9938,0.9438,0.0346
3,1,10,7,0.9543,0.9473,0.9889,0.9479,0.0192
3,1,10,8,0.9441,0.9303,0.9939,0.9399,0.0405
3,1,10,9,0.9359,0.9371,0.9961,0.9248,0.0100
3,1,10,10,0.9460,0.9327,0.9941,0.9417,0.0394
3,1,10,11,0.9464,0.9491,0.9971,0.9393,0.0203
3,1,11,0,0.8225,0.7767,0.7653,0.7915,0.0582
3,1,11,1,0.9570,0.9498,0.9964,0.9522,0.0293
3,1,11,2,0.9529,0.9420,0.9954,0.9482,0.0323
3,1,11,3,0.9373,0.9561,0.9838,0.9262,0.0126
3,1,11,4,0.9600,0.9525,0.9967,0.9542,0.0214
3,1,11,5,0.9576,0.9471,0.9950,0.9531,0.0295
3,1,11,6,0.9501,0.9375,0.9948,0.9460,0.0378
3,1,11,7,0.9716,0.9662,0.9975,0.9682,0.0218
3,1,11,8,0.2666,0.5750,0.9562,0.1203,0.0270
3,1,11,9,0.9487,0.9354,0.9945,0.9447,0.0392
3,1,11,10,0.9452,0.9565,0.9910,0.9355,0.0115
3,1,11,11,0.9516,0.9596,0.9916,0.9430,0.0142
3,2,0,0,0.6585,0.7154,0.8799,0.5696,0.0331
3,2,0,1,0.2779,0.5672,0.9738,0.1728,0.0623
3,2,0,2,0.6961,0.7035,0.9644,0.6219,0.0257
3,2,0,3,0.3328,0.6141,0.9803,0.2245,0.0433
3,2,0,4,0.5793,0.7430,0.9940,0.4849,0.0076
3,2,0,5,0.3030,0.6204,0.9730,0.1904,0.0425
3,2,0,6,0.6692,0.7636,0.8661,0.5817,0.0344
3,2,0,7,0.8649,0.8866,0.9635,0.8329,0.0323
3,2,0,8,0.6406,0.7314,0.9811,0.5528,0.0206
3,2,0,9,0.7199,0.7285,0.9575,0.6490,0.0367
3,2,0,10,0.6673,0.7613,0.9497,0.5801,0.0303
3,2,0,11,0.7105,0.7372,0.9210,0.6346,0.0380
3,2,1,0,0.8499,0.8842,0.9976,0.8151,0.0193
3,2,1,1,0.7406,0.7512,0.9929,0.6784,0.0256
3,2,1,2,0.7265,0.7474,0.9925,0.6596,0.0320
3,2,1,3,0.6260,0.6432,0.9329,0.5322,0.0315
3,2,1,4,0.6076,0.6446,0.9829,0.5182,0.0254
3,2,1,5,0.6002,0.6797,0.9958,0.5131,0.0150
3,2,1,6,0.5672,0.6831,0.9911,0.4733,0.0143
3,2,1,7,0.6435,0.6536,0.9831,0.5593,0.0277
3,2,1,8,0.6019,0.6144,0.9960,0.5178,0.0215
3,2,1,9,0.5605,0.5750,0.9930,0.4742,0.0230
3,2,1,10,0.5577,0.6424,0.9409,0.4416,0.0386
3,2,1,11,0.3888,0.6578,0.9819,0.2791,0.0300
3,2,2,0,0.7932,0.8501,0.9704,0.7427,0.0224
3,2,2,1,0.5158,0.5322,0.9881,0.4253,0.0337
3,2,2,2,0.9202,0.9422,0.9988,0.9039,0.0092
3,2,2,3,0.8831,0.9037,0.9989,0.8563,0.0157
3,2,2,4,0.6989,0.7185,0.9949,0.6348,0.0076
3,2,2,5,0.8151,0.8799,0.9836,0.7710,0.0211
3,2,2,6,0.5381,0.5471,0.9891,0.4524,0.0314
3,2,2,7,0.7456,0.8000,0.9151,0.6794,0.0388
3,2,2,8,0.7766,0.7985,0.9919,0.7262,0.0121
3,2,2,9,0.6542,0.7869,0.9635,0.5701,0.0189
3,2,2,10,0.6926,0.7494,0.9479,0.6141,0.0342
3,2,2,11,0.5377,0.5570,0.9899,0.4491,0.0323
3,2,3,0,0.4283,0.4385,0.9737,0.3447,0.0593
3,2,3,1,0.5726,0.6091,0.9920,0.4909,0.0214
3,2,3,2,1.0000,1.0000,1.0000,1.0000,0.0000
3,2,3,3,0.6721,0.7405,0.9896,0.6116,0.0248
3,2,3,4,0.4376,0.4307,0.9740,0.3545,0.0590
3,2,3,5,0.5491,0.5767,0.9746,0.4538,0.0198
3,2,3,6,0.7607,0.8371,0.9336,0.7003,0.0310
3,2,3,7,0.6834,0.7994,0.9957,0.6121,0.0108
3,2,3,8,0.8051,0.8701,0.9955,0.7646,0.0087
3,2,3,9,0.6716,0.7193,0.9927,0.6043,0.0134
3,2,3,10,0.5611,0.6009,0.9900,0.4773,0.0243
3,2,3,11,0.8140,0.8886,0.9939,0.7714,0.0131
3,2,4,0,0.7649,0.7711,0.9938,0.7174,0.0142
3,2,4,1,0.7208,0.8088,0.9928,0.6653,0.0142
3,2,4,2,0.4676,0.4644,0.9803,0.3814,0.0478
3,2,4,3,0.5557,0.6828,0.9181,0.4532,0.0121
3,2,4,4,0.5245,0.5547,0.9839,0.4422,0.0376
3,2,4,5,0.6052,0.6311,0.9879,0.5316,0.0260
3,2,4,6,0.6405,0.6647,0.9843,0.5581,0.0181
3,2,4,7,0.6169,0.7596,0.9969,0.5332,0.0105
3,2,4,8,0.5009,0.5135,0.9840,0.4145,0.0400
3,2,4,9,0.6625,0.7079,0.9929,0.5898,0.0109
3,2,4,10,0.4406,0.4527,0.9754,0.3545,0.0544
3,2,4,11,0.7920,0.8261,0.9677,0.7690,0.0634
3,2,5,0,0.4358,0.4296,0.9734,0.3534,0.0600
3,2,5,1,0.4198,0.4079,0.9712,0.3385,0.0634
3,2,5,2,0.6409,0.7299,0.9944,0.5664,0.0083
3,2,5,3,0.6716,0.6880,0.9807,0.5958,0.0132
3,2,5,4,0.7166,0.7933,0.9921,0.6536,0.0114
3,2,5,5,0.4341,0.4439,0.9736,0.3507,0.0586
3,2,5,6,0.5005,0.5079,0.9791,0.4211,0.0475
3,2,5,7,0.5662,0.6475,0.9880,0.4864,0.0256
3,2,5,8,0.4719,0.4921,0.9825,0.3852,0.0443
3,2,5,9,0.4549,0.4517,0.9773,0.3699,0.0527
3,2,5,10,0.5547,0.6784,0.9880,0.4625,0.0156
3,2,5,11,0.4974,0.5708,0.9846,0.4100,0.0362
3,2,6,0,0.6641,0.6589,0.9794,0.5891,0.0094
3,2,6,1,0.4696,0.5021,0.9803,0.3817,0.0428
3,2,6,2,0.4868,0.4905,0.9822,0.4007,0.0439
3,2,6,3,0.5333,0.5562,0.9920,0.4444,0.0273
3,2,6,4,0.5766,0.6306,0.9841,0.4844,0.0180
3,2,6,5,0.5245,0.5511,0.9881,0.4363,0.0321
3,2,6,6,0.4686,0.5008,0.9790,0.3823,0.0466
3,2,6,7,0.6233,0.7350,0.9708,0.5345,0.0169
3,2,6,8,0.6706,0.7015,0.9882,0.6024,0.0143
3,2,6,9,0.4213,0.4107,0.9715,0.3397,0.0632
3,2,6,10,0.4344,0.4309,0.9740,0.3511,0.0597
3,2,6,11,0.6027,0.6218,0.9896,0.5249,0.0209
3,2,7,0,0.6217,0.6166,0.9906,0.5522,0.0273
3,2,7,1,0.4559,0.4915,0.9794,0.3685,0.0458
3,2,7,2,0.4209,0.4102,0.9714,0.3393,0.0634
3,2,7,3,0.6030,0.6545,0.9845,0.5174,0.0199
3,2,7,4,0.6027,0.6662,0.9910,0.5305,0.0239
3,2,7,5,0.5316,0.5445,0.9880,0.4458,0.0308
3,2,7,6,0.4652,0.4797,0.9816,0.3765,0.0443
3,2,7,7,0.4436,0.4507,0.9764,0.3596,0.0559
3,2,7,8,0.6067,0.6612,0.9920,0.5265,0.0186
3,2,7,9,0.5369,0.5773,0.9836,0.4525,0.0311
3,2,7,10,0.4341,0.4431,0.9737,0.3512,0.0593
3,2,7,11,0.4324,0.4278,0.9742,0.3492,0.0602
3,2,8,0,0.4690,0.4705,0.9796,0.3829,0.0476
3,2,8,1,0.4331,0.4439,0.9742,0.3500,0.0592
3,2,8,2,0.5251,0.5417,0.9941,0.4340,0.0282
3,2,8,3,0.4624,0.4843,0.9831,0.3729,0.0426
3,2,8,4,0.5787,0.6173,0.9883,0.5024,0.0264
3,2,8,5,0.6641,0.6874,0.9853,0.5885,0.0119
3,2,8,6,0.4578,0.4710,0.9794,0.3709,0.0476
3,2,8,7,0.6801,0.6677,0.9934,0.6214,0.0236
3,2,8,8,0.5838,0.6766,0.9911,0.4945,0.0150
3,2,8,9,0.5486,0.5933,0.9834,0.4573,0.0205
3,2,8,10,0.5243,0.5565,0.9838,0.4345,0.0274
3,2,8,11,0.4580,0.4724,0.9760,0.3690,0.0451
3,2,9,0,0.4654,0.5044,0.9446,0.3672,0.0269
3,2,9,1,0.4328,0.4266,0.9730,0.3505,0.0605
3,2,9,2,0.4923,0.5811,0.9674,0.3963,0.0214
3,2,9,3,0.6683,0.6916,0.9957,0.5993,0.0139
3,2,9,4,0.4388,0.4449,0.9746,0.3534,0.0538
3,2,9,5,0.4731,0.5009,0.9769,0.3842,0.0428
3,2,9,6,0.4272,0.4245,0.9730,0.3437,0.0603
3,2,9,7,0.4836,0.5211,0.9834,0.3921,0.0342
3,2,9,8,0.4588,0.4764,0.9705,0.3683,0.0417
3,2,9,9,0.4233,0.4180,0.9722,0.3407,0.0623
3,2,9,10,0.6060,0.6440,0.9913,0.5313,0.0189
3,2,9,11,0.4251,0.4147,0.9722,0.3430,0.0628
3,2,10,0,0.4671,0.4910,0.9677,0.3722,0.0324
3,2,10,1,0.4315,0.4351,0.9751,0.3473,0.0588
3,2,10,2,0.4312,0.4253,0.9737,0.3479,0.0605
3,2,10,3,0.4559,0.4745,0.9796,0.3685,0.0483
3,2,10,4,0.4589,0.4586,0.9766,0.3713,0.0474
3,2,10,5,0.5565,0.6238,0.9874,0.4773,0.0249
3,2,10,6,0.4348,0.4329,0.9738,0.3492,0.0555
3,2,10,7,0.4644,0.4961,0.9729,0.3730,0.0397
3,2,10,8,0.4267,0.4207,0.9730,0.3436,0.0614
3,2,10,9,0.5646,0.6392,0.9899,0.4809,0.0180
3,2,10,10,0.4299,0.4238,0.9735,0.3464,0.0602
3,2,10,11,0.5081,0.5096,0.9815,0.4267,0.0412
3,2,11,0,0.7084,0.7275,0.8145,0.6303,0.0392
3,2,11,1,0.4596,0.4630,0.9793,0.3731,0.0501
3,2,11,2,0.4473,0.4464,0.9776,0.3615,0.0531
3,2,11,3,0.5558,0.5728,0.9813,0.4647,0.0167
3,2,11,4,0.4913,0.5004,0.9848,0.4029,0.0417
3,2,11,5,0.4508,0.4577,0.9769,0.3640,0.0504
3,2,11,6,0.4356,0.4316,0.9750,0.3515,0.0586
3,2,11,7,0.4734,0.4930,0.9830,0.3854,0.0426
3,2,11,8,0.4625,0.6575,0.9768,0.3419,0.0101
3,2,11,9,0.4338,0.4293,0.9743,0.3505,0.0601
3,2,11,10,0.5638,0.5915,0.9878,0.4750,0.0161
3,2,11,11,0.5674,0.6198,0.9879,0.4782,0.0164
3,3,0,0,0.7780,0.8077,0.8323,0.7357,0.0552
3,3,0,1,0.1797,0.3818,0.9837,0.0738,0.0428
3,3,0,2,0.8758,0.8808,0.9351,0.8551,0.0458
3,3,0,3,0.2329,0.4122,0.9839,0.1230,0.0237
3,3,0,4,0.5142,0.5545,0.9785,0.4206,0.0266
3,3,0,5,0.2298,0.4282,0.9823,0.1202,0.0240
3,3,0,6,0.6964,0.7339,0.8180,0.6334,0.0576
3,3,0,7,0.7326,0.7819,0.9275,0.6791,0.0560
3,3,0,8,0.7028,0.7904,0.9556,0.6435,0.0438
3,3,0,9,0.8451,0.8616,0.9233,0.8187,0.0565
3,3,0,10,0.7723,0.8211,0.9129,0.7287,0.0540
3,3,0,11,0.8359,0.8436,0.8772,0.8090,0.0586
3,3,1,0,0.7668,0.8200,0.9845,0.7222,0.0407
3,3,1,1,0.8753,0.8942,0.9772,0.8540,0.0459
3,3,1,2,0.8184,0.8541,0.9744,0.7849,0.0518
3,3,1,3,0.8761,0.8599,0.8999,0.8561,0.0405
3,3,1,4,0.8921,0.9036,0.9682,0.8735,0.0384
3,3,1,5,0.8579,0.9038,0.9917,0.8325,0.0261
3,3,1,6,0.8362,0.8488,0.9863,0.8066,0.0252
3,3,1,7,0.8694,0.8868,0.9627,0.8465,0.0428
3,3,1,8,0.8898,0.9053,0.9943,0.8705,0.0261
3,3,1,9,0.8824,0.8948,0.9972,0.8624,0.0178
3,3,1,10,0.3321,0.6211,0.9131,0.1799,0.0605
3,3,1,11,0.3620,0.4841,0.9858,0.2615,0.0100
3,3,2,0,0.8639,0.8503,0.9438,0.8410,0.0467
3,3,2,1,0.8815,0.8870,0.9908,0.8621,0.0213
3,3,2,2,0.6879,0.7490,0.9931,0.6324,0.0174
3,3,2,3,0.7740,0.8388,0.9910,0.7311,0.0369
3,3,2,4,0.8987,0.9184,0.9990,0.8810,0.0240
3,3,2,5,0.7503,0.8256,0.9587,0.7017,0.0441
3,3,2,6,0.8947,0.8977,0.9975,0.8776,0.0189
3,3,2,7,0.7362,0.7855,0.8659,0.6836,0.0623
3,3,2,8,0.7536,0.7989,0.9773,0.7072,0.0324
3,3,2,9,0.5341,0.6989,0.9385,0.4375,0.0418
3,3,2,10,0.8306,0.8527,0.9116,0.8008,0.0556
3,3,2,11,0.8994,0.9015,0.9940,0.8826,0.0251
3,3,3,0,0.8689,0.8586,0.9916,0.8537,0.0397
3,3,3,1,0.8962,0.9092,0.9966,0.8788,0.0115
3,3,3,2,0.6721,0.7405,0.9896,0.6116,0.0248
3,3,3,3,1.0000,1.0000,1.0000,1.0000,0.0000
3,3,3,4,0.8743,0.8562,0.9910,0.8596,0.0395
3,3,3,5,0.8491,0.8848,0.9646,0.8223,0.0234
3,3,3,6,0.7195,0.8109,0.8950,0.6626,0.0547
3,3,3,7,0.6991,0.7687,0.9867,0.6419,0.0327
3,3,3,8,0.8061,0.8089,0.9949,0.7716,0.0195
3,3,3,9,0.8952,0.8763,0.9958,0.8770,0.0140
3,3,3,10,0.8954,0.9163,0.9975,0.8780,0.0157
3,3,3,11,0.8755,0.9014,0.9837,0.8536,0.0324
3,3,4,0,0.8458,0.8518,0.9968,0.8189,0.0172
3,3,4,1,0.9379,0.9486,0.9991,0.9273,0.0143
3,3,4,2,0.8803,0.8695,0.9932,0.8638,0.0306
3,3,4,3,0.7000,0.7632,0.9067,0.6421,0.0303
3,3,4,4,0.9058,0.9116,0.9946,0.8916,0.0184
3,3,4,5,0.8636,0.9048,0.9962,0.8412,0.0148
3,3,4,6,0.8690,0.9011,0.9697,0.8457,0.0361
3,3,4,7,0.5864,0.6703,0.9769,0.5088,0.0232
3,3,4,8,0.8950,0.8905,0.9959,0.8791,0.0239
3,3,4,9,0.8366,0.8578,0.9878,0.8071,0.0223
3,3,4,10,0.8746,0.8683,0.9906,0.8588,0.0349
3,3,4,11,0.4507,0.5819,0.9827,0.3819,0.0438
3,3,5,0,0.8748,0.8543,0.9915,0.8605,0.0404
3,3,5,1,0.8702,0.8442,0.9903,0.8565,0.0438
3,3,5,2,0.8495,0.9122,0.9945,0.8230,0.0192
3,3,5,3,0.8878,0.8830,0.9634,0.8685,0.0341
3,3,5,4,0.9236,0.9377,0.9829,0.9109,0.0283
3,3,5,5,0.8793,0.8655,0.9913,0.8653,0.0391
3,3,5,6,0.9089,0.8998,0.9950,0.8969,0.0279
3,3,5,7,0.9315,0.9283,0.9985,0.9204,0.0121
3,3,5,8,0.8943,0.8876,0.9937,0.8794,0.0248
3,3,5,9,0.8802,0.8664,0.9923,0.8647,0.0332
3,3,5,10,0.8192,0.8733,0.9871,0.7872,0.0144
3,3,5,11,0.8885,0.9089,0.9977,0.8715,0.0153
3,3,6,0,0.7952,0.7970,0.9593,0.7573,0.0290
3,3,6,1,0.8947,0.8900,0.9922,0.8798,0.0232
3,3,6,2,0.8795,0.8799,0.9931,0.8620,0.0268
3,3,6,3,0.8580,0.8872,0.9955,0.8343,0.0206
3,3,6,4,0.9134,0.9164,0.9746,0.8986,0.0239
3,3,6,5,0.8931,0.9032,0.9958,0.8757,0.0202
3,3,6,6,0.8877,0.8854,0.9938,0.8722,0.0273
3,3,6,7,0.8436,0.8811,0.9507,0.8152,0.0370
3,3,6,8,0.9354,0.9313,0.9872,0.9244,0.0144
3,3,6,9,0.8714,0.8462,0.9903,0.8577,0.0437
3,3,6,10,0.8735,0.8558,0.9918,0.8588,0.0401
3,3,6,11,0.9255,0.9269,0.9934,0.9128,0.0189
3,3,7,0,0.9380,0.9379,0.9965,0.9279,0.0054
3,3,7,1,0.8838,0.8810,0.9943,0.8681,0.0262
3,3,7,2,0.8711,0.8458,0.9904,0.8574,0.0438
3,3,7,3,0.9212,0.9276,0.9745,0.9077,0.0230
3,3,7,4,0.8651,0.9139,0.9993,0.8434,0.0109
3,3,7,5,0.8839,0.9012,0.9938,0.8652,0.0171
3,3,7,6,0.8846,0.8809,0.9939,0.8682,0.0277
3,3,7,7,0.8811,0.8675,0.9929,0.8666,0.0363
3,3,7,8,0.8997,0.8969,0.9880,0.8823,0.0185
3,3,7,9,0.9074,0.9208,0.9893,0.8925,0.0171
3,3,7,10,0.8816,0.8660,0.9917,0.8681,0.0397
3,3,7,11,0.8755,0.8553,0.9916,0.8612,0.0407
3,3,8,0,0.8868,0.8739,0.9930,0.8713,0.0291
3,3,8,1,0.8789,0.8650,0.9923,0.8651,0.0396
3,3,8,2,0.8842,0.8878,0.9955,0.8648,0.0205
3,3,8,3,0.8874,0.8778,0.9928,0.8713,0.0241
3,3,8,4,0.8846,0.9190,0.9970,0.8661,0.0118
3,3,8,5,0.8551,0.8698,0.9682,0.8290,0.0320
3,3,8,6,0.8861,0.8805,0.9932,0.8708,0.0281
3,3,8,7,0.8960,0.9133,0.9988,0.8791,0.0072
3,3,8,8,0.8962,0.9089,0.9869,0.8781,0.0274
3,3,8,9,0.9154,0.9178,0.9817,0.9009,0.0216
3,3,8,10,0.9059,0.9036,0.9873,0.8903,0.0205
3,3,8,11,0.8894,0.8764,0.9855,0.8739,0.0258
3,3,9,0,0.8412,0.8255,0.9465,0.8156,0.0066
3,3,9,1,0.8743,0.8542,0.9914,0.8601,0.0409
3,3,9,2,0.8745,0.8912,0.9705,0.8537,0.0097
3,3,9,3,0.9592,0.9624,0.9929,0.9526,0.0177
3,3,9,4,0.8756,0.8636,0.9906,0.8601,0.0342
3,3,9,5,0.8923,0.8841,0.9863,0.8766,0.0243
3,3,9,6,0.8741,0.8538,0.9903,0.8598,0.0408
3,3,9,7,0.8859,0.8910,0.9898,0.8682,0.0199
3,3,9,8,0.8874,0.8761,0.9789,0.8712,0.0227
3,3,9,9,0.8716,0.8496,0.9905,0.8575,0.0428
3,3,9,10,0.8590,0.9032,0.9993,0.8356,0.0140
3,3,9,11,0.8726,0.8480,0.9906,0.8587,0.0433
3,3,10,0,0.8773,0.8719,0.9718,0.8582,0.0142
3,3,10,1,0.8752,0.8596,0.9923,0.8605,0.0392
3,3,10,2,0.8751,0.8540,0.9909,0.8607,0.0409
3,3,10,3,0.8861,0.8796,0.9929,0.8707,0.0287
3,3,10,4,0.8840,0.8707,0.9886,0.8681,0.0281
3,3,10,5,0.8024,0.8811,0.9998,0.7713,0.0132
3,3,10,6,0.8776,0.8583,0.9890,0.8626,0.0359
3,3,10,7,0.8844,0.8807,0.9821,0.8673,0.0205
3,3,10,8,0.8752,0.8531,0.9909,0.8612,0.0418
3,3,10,9,0.8362,0.8942,0.9957,0.8086,0.0144
3,3,10,10,0.8745,0.8528,0.9908,0.8601,0.0407
3,3,10,11,0.9265,0.9086,0.9944,0.9163,0.0216
3,3,11,0,0.7679,0.7728,0.7550,0.7244,0.0632
3,3,11,1,0.8869,0.8724,0.9929,0.8717,0.0314
3,3,11,2,0.8852,0.8664,0.9920,0.8706,0.0336
3,3,11,3,0.9006,0.9024,0.9763,0.8833,0.0192
3,3,11,4,0.9003,0.8863,0.9937,0.8852,0.0261
3,3,11,5,0.8841,0.8724,0.9909,0.8688,0.0311
3,3,11,6,0.8770,0.8570,0.9916,0.8624,0.0391
3,3,11,7,0.8902,0.8886,0.9940,0.8744,0.0241
3,3,11,8,0.3045,0.6352,0.9695,0.1694,0.0286
3,3,11,9,0.8775,0.8570,0.9918,0.8633,0.0405
3,3,11,10,0.9072,0.9132,0.9863,0.8912,0.0160
3,3,11,11,0.9067,0.9214,0.9853,0.8906,0.0202
3,4,0,0,0.7685,0.7218,0.8033,0.7443,0.0842
3,4,0,1,0.1094,0.1531,0.9642,0.0148,0.0033
3,4,0,2,0.8672,0.8385,0.9136,0.8591,0.0745
3,4,0,3,0.1387,0.1737,0.9626,0.0376,0.0157
3,4,0,4,0.3677,0.3077,0.9520,0.2704,0.0619
3,4,0,5,0.1959,0.1856,0.9597,0.1021,0.0176
3,4,0,6,0.6115,0.5766,0.7885,0.5526,0.0882
3,4,0,7,0.5764,0.5536,0.9047,0.5103,0.0884
3,4,0,8,0.6356,0.6348,0.9319,0.5823,0.0739
3,4,0,9,0.8231,0.7994,0.8988,0.8092,0.0837
3,4,0,10,0.7690,0.7122,0.8768,0.7453,0.0862
3,4,0,11,0.8041,0.7597,0.8437,0.7897,0.0879
3,4,1,0,0.6170,0.5969,0.9672,0.5608,0.0715
3,4,1,1,0.8423,0.8155,0.9597,0.8283,0.0746
3,4,1,2,0.7908,0.7683,0.9510,0.7679,0.0803
3,4,1,3,0.9053,0.8563,0.8797,0.9063,0.0708
3,4,1,4,0.9295,0.9128,0.9578,0.9284,0.0593
3,4,1,5,0.9207,0.8875,0.9785,0.9160,0.0559
3,4,1,6,0.8231,0.7700,0.9781,0.8024,0.0542
3,4,1,7,0.8981,0.8809,0.9482,0.8934,0.0660
3,4,1,8,0.9418,0.9379,0.9871,0.9394,0.0501
3,4,1,9,0.9523,0.9497,0.9935,0.9492,0.0400
3,4,1,10,0.1727,0.4913,0.8719,0.0187,0.0903
3,4,1,11,0.3275,0.2395,0.9625,0.2412,0.0311
3,4,2,0,0.7275,0.6657,0.9124,0.6926,0.0791
3,4,2,1,0.9795,0.9727,0.9921,0.9792,0.0306
3,4,2,2,0.3922,0.4097,0.9758,0.3052,0.0519
3,4,2,3,0.6695,0.6395,0.9738,0.6230,0.0690
3,4,2,4,0.8333,0.8360,0.9888,0.8139,0.0577
3,4,2,5,0.6205,0.6078,0.9437,0.5644,0.0762
3,4,2,6,0.9659,0.9711,0.9964,0.9636,0.0327
3,4,2,7,0.6553,0.6272,0.8382,0.6069,0.0931
3,4,2,8,0.5748,0.6177,0.9630,0.5123,0.0638
3,4,2,9,0.4052,0.4829,0.9189,0.3075,0.0719
3,4,2,10,0.8091,0.7644,0.8895,0.7925,0.0846
3,4,2,11,0.9831,0.9783,0.9932,0.9839,0.0336
3,4,3,0,0.9988,0.9986,0.9999,0.9986,0.0016
3,4,3,1,0.9485,0.9350,0.9944,0.9444,0.0382
3,4,3,2,0.4376,0.4307,0.9740,0.3545,0.0590
3,4,3,3,0.8743,0.8562,0.9910,0.8596,0.0395
3,4,3,4,1.0000,1.0000,1.0000,1.0000,0.0000
3,4,3,5,0.9397,0.9370,0.9628,0.9369,0.0500
3,4,3,6,0.5905,0.5982,0.8670,0.5272,0.0861
3,4,3,7,0.6147,0.5561,0.9687,0.5592,0.0651
3,4,3,8,0.5831,0.5571,0.9772,0.5247,0.0554
3,4,3,9,0.7652,0.7543,0.9788,0.7350,0.0522
3,4,3,10,0.9684,0.9592,0.9941,0.9670,0.0350
3,4,3,11,0.7779,0.7167,0.9602,0.7505,0.0674
3,4,4,0,0.7144,0.7010,0.9808,0.6767,0.0470
3,4,4,1,0.8757,0.8083,0.9871,0.8618,0.0454
3,4,4,2,0.9966,0.9971,0.9993,0.9965,0.0113
3,4,4,3,0.6921,0.6555,0.8888,0.6497,0.0664
3,4,4,4,0.9849,0.9798,0.9973,0.9841,0.0214
3,4,4,5,0.9494,0.9380,0.9959,0.9449,0.0336
3,4,4,6,0.8982,0.8939,0.9608,0.8919,0.0635
3,4,4,7,0.5163,0.4718,0.9544,0.4454,0.0580
3,4,4,8,0.9863,0.9871,0.9982,0.9856,0.0209
3,4,4,9,0.8194,0.7821,0.9772,0.7979,0.0555
3,4,4,10,0.9977,0.9968,0.9996,0.9975,0.0046
3,4,4,11,0.1965,0.2628,0.9643,0.1124,0.0043
3,4,5,0,0.9993,0.9994,0.9999,0.9992,0.0012
3,4,5,1,0.9990,0.9989,0.9998,0.9990,0.0043
3,4,5,2,0.8546,0.8305,0.9829,0.8381,0.0539
3,4,5,3,0.8834,0.8656,0.9513,0.8748,0.0665
3,4,5,4,0.8776,0.8310,0.9727,0.8665,0.0605
3,4,5,5,0.9980,0.9985,0.9999,0.9978,0.0012
3,4,5,6,0.9918,0.9902,0.9994,0.9911,0.0115
3,4,5,7,0.9028,0.8862,0.9957,0.8919,0.0335
3,4,5,8,0.9904,0.9887,0.9990,0.9897,0.0147
3,4,5,9,0.9974,0.9988,0.9998,0.9972,0.0063
3,4,5,10,0.8922,0.8567,0.9790,0.8815,0.0500
3,4,5,11,0.9736,0.9602,0.9972,0.9714,0.0241
3,4,6,0,0.7956,0.7665,0.9482,0.7708,0.0622
3,4,6,1,0.9848,0.9819,0.9977,0.9835,0.0163
3,4,6,2,0.9915,0.9920,0.9986,0.9912,0.0164
3,4,6,3,0.9542,0.9539,0.9924,0.9508,0.0370
3,4,6,4,0.9415,0.9290,0.9665,0.9401,0.0521
3,4,6,5,0.9799,0.9782,0.9957,0.9794,0.0298
3,4,6,6,0.9937,0.9911,0.9992,0.9933,0.0125
3,4,6,7,0.8474,0.8053,0.9395,0.8333,0.0670
3,4,6,8,0.9119,0.8791,0.9821,0.9042,0.0508
3,4,6,9,0.9991,0.9990,0.9998,0.9990,0.0042
3,4,6,10,0.9990,0.9991,0.9999,0.9989,0.0014
3,4,6,11,0.9651,0.9598,0.9925,0.9639,0.0387
3,4,7,0,0.9237,0.9311,0.9944,0.9156,0.0359
3,4,7,1,0.9864,0.9849,0.9994,0.9850,0.0132
3,4,7,2,0.9990,0.9990,0.9998,0.9990,0.0043
3,4,7,3,0.9407,0.9216,0.9671,0.9388,0.0517
3,4,7,4,0.9317,0.9034,0.9933,0.9246,0.0352
3,4,7,5,0.9786,0.9780,0.9961,0.9778,0.0290
3,4,7,6,0.9916,0.9927,0.9988,0.9911,0.0152
3,4,7,7,0.9963,0.9969,0.9999,0.9959,0.0042
3,4,7,8,0.8997,0.8714,0.9793,0.8898,0.0449
3,4,7,9,0.9791,0.9706,0.9926,0.9783,0.0282
3,4,7,10,0.9972,0.9977,0.9999,0.9969,0.0024
3,4,7,11,0.9993,0.9995,1.0000,0.9993,0.0017
3,4,8,0,0.9955,0.9974,0.9994,0.9953,0.0114
3,4,8,1,0.9960,0.9964,0.9998,0.9956,0.0033
3,4,8,2,0.9649,0.9643,0.9908,0.9631,0.0363
3,4,8,3,0.9868,0.9822,0.9969,0.9858,0.0164
3,4,8,4,0.9563,0.9438,0.9963,0.9523,0.0329
3,4,8,5,0.8470,0.8338,0.9597,0.8311,0.0639
3,4,8,6,0.9919,0.9936,0.9994,0.9912,0.0114
3,4,8,7,0.8345,0.8479,0.9889,0.8143,0.0362
3,4,8,8,0.8856,0.8667,0.9784,0.8747,0.0540
3,4,8,9,0.9573,0.9555,0.9814,0.9557,0.0425
3,4,8,10,0.9799,0.9737,0.9896,0.9798,0.0327
3,4,8,11,0.9943,0.9929,0.9952,0.9941,0.0139
3,4,9,0,0.9154,0.8926,0.9550,0.9061,0.0356
3,4,9,1,0.9993,0.9994,0.9999,0.9992,0.0017
3,4,9,2,0.9350,0.9155,0.9754,0.9287,0.0387
3,4,9,3,0.9103,0.9036,0.9842,0.9025,0.0504
3,4,9,4,0.9938,0.9950,0.9998,0.9931,0.0060
3,4,9,5,0.9941,0.9916,0.9944,0.9940,0.0163
3,4,9,6,0.9992,0.9994,1.0000,0.9991,0.0013
3,4,9,7,0.9773,0.9744,0.9948,0.9758,0.0251
3,4,9,8,0.9895,0.9877,0.9901,0.9888,0.0173
3,4,9,9,0.9992,0.9992,0.9999,0.9992,0.0033
3,4,9,10,0.9218,0.8924,0.9917,0.9139,0.0420
3,4,9,11,0.9992,0.9993,0.9999,0.9991,0.0038
3,4,10,0,0.9713,0.9691,0.9822,0.9690,0.0266
3,4,10,1,0.9979,0.9984,0.9999,0.9977,0.0018
3,4,10,2,0.9994,0.9995,1.0000,0.9993,0.0017
3,4,10,3,0.9948,0.9950,0.9991,0.9945,0.0108
3,4,10,4,0.9945,0.9967,0.9982,0.9942,0.0117
3,4,10,5,0.9051,0.8787,0.9931,0.8943,0.0346
3,4,10,6,0.9984,0.9986,0.9994,0.9983,0.0035
3,4,10,7,0.9882,0.9853,0.9916,0.9875,0.0193
3,4,10,8,0.9991,0.9993,1.0000,0.9990,0.0024
3,4,10,9,0.9169,0.8870,0.9896,0.9084,0.0416
3,4,10,10,0.9992,0.9995,1.0000,0.9992,0.0014
3,4,10,11,0.9820,0.9840,0.9991,0.9804,0.0178
3,4,11,0,0.7251,0.6635,0.7212,0.6946,0.0954
3,4,11,1,0.9962,0.9975,0.9995,0.9960,0.0092
3,4,11,2,0.9982,0.9987,0.9996,0.9981,0.0059
3,4,11,3,0.9415,0.9453,0.9765,0.9380,0.0466
3,4,11,4,0.9939,0.9923,0.9964,0.9942,0.0202
3,4,11,5,0.9965,0.9969,0.9991,0.9962,0.0087
3,4,11,6,0.9992,0.9994,1.0000,0.9991,0.0017
3,4,11,7,0.9907,0.9907,0.9985,0.9902,0.0164
3,4,11,8,0.1533,0.4402,0.9327,0.0196,0.0641
3,4,11,9,0.9992,0.9994,1.0000,0.9992,0.0013
3,4,11,10,0.9432,0.9444,0.9832,0.9398,0.0458
3,4,11,11,0.9374,0.9329,0.9826,0.9334,0.0479
3,5,0,0,0.8740,0.8801,0.9317,0.8463,0.0348
3,5,0,1,0.2019,0.2739,0.9196,0.0869,0.0533
3,5,0,2,0.9373,0.9439,0.9842,0.9244,0.0253
3,5,0,3,0.2415,0.3049,0.9288,0.1200,0.0353
3,5,0,4,0.5081,0.4743,0.9644,0.4001,0.0182
3,5,0,5,0.2898,0.3131,0.9175,0.1772,0.0345
3,5,0,6,0.7571,0.7682,0.9223,0.6970,0.0390
3,5,0,7,0.7123,0.7094,0.9766,0.6413,0.0411
3,5,0,8,0.7434,0.7897,0.9840,0.6830,0.0249
3,5,0,9,0.9178,0.9144,0.9767,0.9012,0.0366
3,5,0,10,0.8764,0.8477,0.9590,0.8496,0.0362
3,5,0,11,0.9062,0.8942,0.9493,0.8883,0.0382
3,5,1,0,0.7450,0.7380,0.9811,0.6868,0.0247
3,5,1,1,0.9123,0.9083,0.9859,0.8932,0.0281
3,5,1,2,0.8833,0.8747,0.9787,0.8572,0.0337
3,5,1,3,0.9417,0.9281,0.9736,0.9305,0.0245
3,5,1,4,0.9711,0.9679,0.9957,0.9651,0.0167
3,5,1,5,0.9517,0.9420,0.9848,0.9414,0.0104
3,5,1,6,0.8835,0.8783,0.9938,0.8588,0.0089
3,5,1,7,0.9635,0.9605,0.9939,0.9563,0.0223
3,5,1,8,0.9656,0.9649,0.9833,0.9585,0.0075
3,5,1,9,0.9633,0.9596,0.9732,0.9566,0.0105
3,5,1,10,0.3626,0.6576,0.9480,0.1970,0.0453
3,5,1,11,0.4101,0.3663,0.9294,0.3063,0.0252
3,5,2,0,0.8090,0.8086,0.9741,0.7641,0.0304
3,5,2,1,0.9705,0.9738,0.9882,0.9661,0.0194
3,5,2,2,0.4975,0.5542,0.9678,0.3961,0.0177
3,5,2,3,0.7663,0.7604,0.9730,0.7136,0.0243
3,5,2,4,0.8647,0.9012,0.9690,0.8364,0.0214
3,5,2,5,0.7332,0.7518,0.9855,0.6704,0.0320
3,5,2,6,0.9622,0.9634,0.9725,0.9563,0.0197
3,5,2,7,0.7912,0.7843,0.9455,0.7406,0.0432
3,5,2,8,0.6776,0.7580,0.9927,0.6066,0.0214
3,5,2,9,0.5596,0.6681,0.9876,0.4544,0.0243
3,5,2,10,0.9074,0.8906,0.9719,0.8882,0.0357
3,5,2,11,0.9677,0.9673,0.9838,0.9622,0.0167
3,5,3,0,0.9353,0.9324,0.9599,0.9322,0.0502
3,5,3,1,0.9528,0.9540,0.9730,0.9445,0.0165
3,5,3,2,0.5491,0.5767,0.9746,0.4538,0.0198
3,5,3,3,0.8491,0.8848,0.9646,0.8223,0.0234
3,5,3,4,0.9397,0.9370,0.9628,0.9369,0.0500
3,5,3,5,1.0000,1.0000,1.0000,1.0000,0.0000
3,5,3,6,0.7519,0.7729,0.9636,0.6912,0.0369
3,5,3,7,0.7089,0.6896,0.9853,0.6449,0.0251
3,5,3,8,0.6591,0.6785,0.9558,0.5895,0.0235
3,5,3,9,0.7883,0.8510,0.9614,0.7458,0.0206
3,5,3,10,0.9567,0.9506,0.9711,0.9492,0.0176
3,5,3,11,0.8442,0.8152,0.9791,0.8096,0.0258
3,5,4,0,0.7346,0.7961,0.9558,0.6819,0.0188
3,5,4,1,0.8694,0.8630,0.9713,0.8440,0.0177
3,5,4,2,0.9549,0.9517,0.9712,0.9515,0.0387
3,5,4,3,0.8127,0.8089,0.9693,0.7709,0.0230
3,5,4,4,0.9534,0.9596,0.9771,0.9476,0.0286
3,5,4,5,0.9483,0.9497,0.9751,0.9397,0.0180
3,5,4,6,0.9646,0.9710,0.9966,0.9573,0.0167
3,5,4,7,0.6187,0.5966,0.9721,0.5371,0.0211
3,5,4,8,0.9676,0.9636,0.9721,0.9643,0.0291
3,5,4,9,0.8890,0.8742,0.9921,0.8656,0.0147
3,5,4,10,0.9461,0.9429,0.9696,0.9429,0.0454
3,5,4,11,0.2872,0.3909,0.9088,0.1870,0.0543
3,5,5,0,0.9356,0.9312,0.9593,0.9325,0.0509
3,5,5,1,0.9317,0.9228,0.9567,0.9296,0.0543
3,5,5,2,0.9047,0.8998,0.9846,0.8854,0.0205
3,5,5,3,0.9411,0.9421,0.9966,0.9284,0.0205
3,5,5,4,0.9162,0.8973,0.9904,0.8982,0.0213
3,5,5,5,0.9385,0.9345,0.9613,0.9356,0.0496
3,5,5,6,0.9366,0.9427,0.9633,0.9306,0.0384
3,5,5,7,0.8959,0.9029,0.9711,0.8780,0.0207
3,5,5,8,0.9459,0.9571,0.9716,0.9404,0.0353
3,5,5,9,0.9503,0.9458,0.9674,0.9473,0.0437
3,5,5,10,0.9494,0.9259,0.9928,0.9392,0.0131
3,5,5,11,0.9422,0.9362,0.9660,0.9344,0.0287
3,5,6,0,0.8800,0.8820,0.9950,0.8539,0.0206
3,5,6,1,0.9451,0.9565,0.9784,0.9393,0.0337
3,5,6,2,0.9665,0.9627,0.9751,0.9640,0.0336
3,5,6,3,0.9801,0.9767,0.9838,0.9771,0.0130
3,5,6,4,0.9525,0.9625,0.9982,0.9425,0.0089
3,5,6,5,0.9701,0.9675,0.9781,0.9657,0.0202
3,5,6,6,0.9482,0.9464,0.9684,0.9435,0.0375
3,5,6,7,0.9231,0.9098,0.9916,0.9063,0.0186
3,5,6,8,0.9025,0.9074,0.9942,0.8828,0.0194
3,5,6,9,0.9323,0.9240,0.9576,0.9301,0.0542
3,5,6,10,0.9433,0.9346,0.9598,0.9412,0.0506
3,5,6,11,0.9463,0.9627,0.9853,0.9363,0.0150
3,5,7,0,0.8813,0.9293,0.9802,0.8607,0.0235
3,5,7,1,0.9468,0.9451,0.9677,0.9422,0.0367
3,5,7,2,0.9321,0.9236,0.9572,0.9299,0.0543
3,5,7,3,0.9406,0.9615,0.9983,0.9281,0.0101
3,5,7,4,0.9102,0.9430,0.9685,0.8952,0.0227
3,5,7,5,0.9688,0.9678,0.9804,0.9644,0.0213
3,5,7,6,0.9589,0.9554,0.9741,0.9554,0.0348
3,5,7,7,0.9427,0.9421,0.9646,0.9396,0.0468
3,5,7,8,0.9117,0.9336,0.9930,0.8942,0.0093
3,5,7,9,0.9541,0.9653,0.9878,0.9471,0.0218
3,5,7,10,0.9353,0.9336,0.9602,0.9321,0.0502
3,5,7,11,0.9375,0.9319,0.9611,0.9347,0.0512
3,5,8,0,0.9538,0.9504,0.9712,0.9502,0.0386
3,5,8,1,0.9350,0.9340,0.9597,0.9318,0.0501
3,5,8,2,0.9744,0.9707,0.9821,0.9702,0.0136
3,5,8,3,0.9480,0.9572,0.9805,0.9426,0.0336
3,5,8,4,0.9239,0.9617,0.9752,0.9116,0.0205
3,5,8,5,0.8996,0.9358,0.9958,0.8777,0.0189
3,5,8,6,0.9528,0.9525,0.9711,0.9494,0.0386
3,5,8,7,0.7807,0.8748,0.9654,0.7415,0.0219
3,5,8,8,0.9259,0.9336,0.9919,0.9104,0.0122
3,5,8,9,0.9685,0.9785,0.9962,0.9624,0.0096
3,5,8,10,0.9623,0.9687,0.9911,0.9561,0.0173
3,5,8,11,0.9480,0.9531,0.9828,0.9430,0.0361
3,5,9,0,0.9144,0.9365,0.9915,0.9001,0.0249
3,5,9,1,0.9397,0.9317,0.9588,0.9375,0.0514
3,5,9,2,0.9432,0.9520,0.9953,0.9335,0.0202
3,5,9,3,0.8918,0.9410,0.9871,0.8697,0.0112
3,5,9,4,0.9499,0.9451,0.9678,0.9477,0.0447
3,5,9,5,0.9504,0.9585,0.9845,0.9450,0.0337
3,5,9,6,0.9379,0.9332,0.9631,0.9353,0.0513
3,5,9,7,0.9673,0.9681,0.9849,0.9634,0.0249
3,5,9,8,0.9488,0.9551,0.9872,0.9434,0.0327
3,5,9,9,0.9364,0.9287,0.9597,0.9342,0.0533
3,5,9,10,0.9118,0.9382,0.9670,0.8959,0.0193
3,5,9,11,0.9345,0.9268,0.9591,0.9322,0.0538
3,5,10,0,0.9615,0.9708,0.9927,0.9566,0.0249
3,5,10,1,0.9426,0.9383,0.9629,0.9402,0.0497
3,5,10,2,0.9388,0.9327,0.9629,0.9361,0.0514
3,5,10,3,0.9509,0.9515,0.9730,0.9470,0.0392
3,5,10,4,0.9519,0.9521,0.9763,0.9480,0.0383
3,5,10,5,0.8998,0.9359,0.9629,0.8836,0.0256
3,5,10,6,0.9446,0.9415,0.9697,0.9417,0.0464
3,5,10,7,0.9562,0.9636,0.9867,0.9514,0.0307
3,5,10,8,0.9356,0.9297,0.9607,0.9329,0.0523
3,5,10,9,0.9108,0.9467,0.9834,0.8945,0.0152
3,5,10,10,0.9393,0.9325,0.9621,0.9368,0.0512
3,5,10,11,0.9323,0.9481,0.9714,0.9242,0.0321
3,5,11,0,0.8441,0.8373,0.8789,0.8096,0.0454
3,5,11,1,0.9534,0.9511,0.9706,0.9501,0.0411
3,5,11,2,0.9460,0.9447,0.9699,0.9424,0.0441
3,5,11,3,0.9532,0.9810,0.9984,0.9438,0.0071
3,5,11,4,0.9553,0.9595,0.9812,0.9498,0.0298
3,5,11,5,0.9511,0.9499,0.9729,0.9477,0.0413
3,5,11,6,0.9426,0.9363,0.9638,0.9399,0.0496
3,5,11,7,0.9594,0.9591,0.9751,0.9557,0.0336
3,5,11,8,0.3275,0.5968,0.9444,0.1798,0.0231
3,5,11,9,0.9393,0.9331,0.9616,0.9366,0.0510
3,5,11,10,0.9365,0.9736,0.9947,0.9239,0.0102
3,5,11,11,0.9483,0.9670,0.9934,0.9379,0.0079
3,6,0,0,0.8324,0.8730,0.9910,0.7759,0.0092
3,6,0,1,0.4172,0.5418,0.8501,0.3208,0.0893
3,6,0,2,0.8159,0.8610,0.9944,0.7595,0.0160
3,6,0,3,0.4806,0.5864,0.8688,0.3840,0.0714
3,6,0,4,0.7348,0.7674,0.9416,0.6634,0.0291
3,6,0,5,0.4718,0.5909,0.8529,0.3741,0.0703
3,6,0,6,0.8593,0.8849,0.9875,0.8107,0.0076
3,6,0,7,0.8805,0.9280,0.9931,0.8412,0.0097
3,6,0,8,0.7558,0.8696,0.9852,0.6812,0.0130
3,6,0,9,0.8571,0.8815,0.9971,0.8103,0.0194
3,6,0,10,0.8413,0.8945,0.9953,0.7873,0.0091
3,6,0,11,0.8625,0.8960,0.9985,0.8148,0.0160
3,6,1,0,0.8427,0.8820,0.9511,0.7980,0.0151
3,6,1,1,0.8431,0.8844,0.9641,0.7966,0.0143
3,6,1,2,0.8353,0.8809,0.9649,0.7846,0.0139
3,6,1,3,0.7859,0.8185,0.9967,0.7182,0.0273
3,6,1,4,0.7883,0.8291,0.9720,0.7306,0.0333
3,6,1,5,0.7708,0.8230,0.9427,0.7123,0.0307
3,6,1,6,0.7859,0.8262,0.9511,0.7320,0.0329
3,6,1,7,0.8145,0.8286,0.9798,0.7611,0.0277
3,6,1,8,0.7392,0.7738,0.9286,0.6750,0.0378
3,6,1,9,0.7058,0.7412,0.9041,0.6404,0.0460
3,6,1,10,0.6536,0.7728,0.9797,0.5380,0.0136
3,6,1,11,0.5578,0.6383,0.8724,0.4663,0.0589
3,6,2,0,0.8407,0.9125,0.9890,0.7905,0.0106
3,6,2,1,0.6752,0.7043,0.9223,0.6072,0.0555
3,6,2,2,0.7310,0.8391,0.9218,0.6673,0.0388
3,6,2,3,0.8065,0.8626,0.9333,0.7521,0.0181
3,6,2,4,0.7746,0.8333,0.9065,0.7193,0.0344
3,6,2,5,0.8369,0.9090,0.9739,0.7875,0.0125
3,6,2,6,0.6835,0.7167,0.8971,0.6181,0.0558
3,6,2,7,0.8757,0.9214,0.9945,0.8319,0.0097
3,6,2,8,0.7250,0.8522,0.9672,0.6502,0.0228
3,6,2,9,0.7939,0.8579,0.9927,0.7313,0.0155
3,6,2,10,0.8697,0.9117,0.9952,0.8268,0.0132
3,6,2,11,0.7026,0.7275,0.9174,0.6388,0.0525
3,6,3,0,0.5860,0.5987,0.8631,0.5228,0.0863
3,6,3,1,0.6939,0.7452,0.9018,0.6281,0.0492
3,6,3,2,0.7607,0.8371,0.9336,0.7003,0.0310
3,6,3,3,0.7195,0.8109,0.8950,0.6626,0.0547
3,6,3,4,0.5905,0.5982,0.8670,0.5272,0.0861
3,6,3,5,0.7519,0.7729,0.9636,0.6912,0.0369
3,6,3,6,1.0000,1.0000,1.0000,1.0000,0.0000
3,6,3,7,0.7861,0.8473,0.9541,0.7288,0.0226
3,6,3,8,0.6981,0.8192,0.9027,0.6245,0.0375
3,6,3,9,0.7248,0.8231,0.9059,0.6598,0.0430
3,6,3,10,0.7176,0.7543,0.8999,0.6578,0.0510
3,6,3,11,0.8185,0.8899,0.9553,0.7684,0.0239
3,6,4,0,0.7164,0.8253,0.8969,0.6505,0.0396
3,6,4,1,0.7403,0.8351,0.9119,0.6822,0.0430
3,6,4,2,0.6201,0.6309,0.8840,0.5540,0.0748
3,6,4,3,0.7904,0.8375,0.9736,0.7320,0.0275
3,6,4,4,0.6712,0.7149,0.8991,0.6097,0.0647
3,6,4,5,0.7092,0.7598,0.9012,0.6495,0.0540
3,6,4,6,0.7954,0.8340,0.9699,0.7391,0.0241
3,6,4,7,0.7281,0.8071,0.9507,0.6576,0.0349
3,6,4,8,0.6625,0.6880,0.8910,0.5991,0.0652
3,6,4,9,0.7101,0.8222,0.9513,0.6361,0.0332
3,6,4,10,0.5983,0.6211,0.8781,0.5327,0.0815
3,6,4,11,0.5662,0.6906,0.8317,0.5031,0.0904
3,6,5,0,0.5874,0.5932,0.8620,0.5245,0.0870
3,6,5,1,0.5713,0.5710,0.8566,0.5092,0.0904
3,6,5,2,0.7582,0.8210,0.9354,0.7008,0.0366
3,6,5,3,0.7807,0.8243,0.9775,0.7194,0.0211
3,6,5,4,0.8010,0.8745,0.9540,0.7491,0.0266
3,6,5,5,0.5908,0.6042,0.8650,0.5278,0.0857
3,6,5,6,0.6375,0.6605,0.8732,0.5767,0.0745
3,6,5,7,0.7002,0.7739,0.8964,0.6397,0.0526
3,6,5,8,0.6340,0.6622,0.8866,0.5694,0.0714
3,6,5,9,0.6156,0.6200,0.8759,0.5523,0.0798
3,6,5,10,0.7827,0.8346,0.9477,0.7321,0.0413
3,6,5,11,0.6605,0.7092,0.8848,0.5963,0.0643
3,6,6,0,0.7724,0.8022,0.9759,0.7119,0.0273
3,6,6,1,0.6426,0.6764,0.8969,0.5794,0.0698
3,6,6,2,0.6405,0.6586,0.8919,0.5753,0.0697
3,6,6,3,0.6984,0.7275,0.9194,0.6342,0.0491
3,6,6,4,0.7449,0.7961,0.9648,0.6794,0.0342
3,6,6,5,0.6978,0.7226,0.9054,0.6362,0.0563
3,6,6,6,0.6308,0.6591,0.8807,0.5668,0.0736
3,6,6,7,0.8092,0.8743,0.9800,0.7544,0.0201
3,6,6,8,0.7562,0.8108,0.9445,0.6985,0.0408
3,6,6,9,0.5737,0.5740,0.8581,0.5114,0.0903
3,6,6,10,0.5903,0.5958,0.8631,0.5273,0.0867
3,6,6,11,0.7198,0.7674,0.9202,0.6581,0.0474
3,6,7,0,0.6811,0.7377,0.9108,0.6158,0.0561
3,6,7,1,0.6291,0.6603,0.8798,0.5659,0.0728
3,6,7,2,0.5730,0.5734,0.8575,0.5108,0.0904
3,6,7,3,0.7518,0.8105,0.9648,0.6892,0.0357
3,6,7,4,0.6882,0.7782,0.8979,0.6257,0.0522
3,6,7,5,0.6687,0.7061,0.9063,0.6011,0.0573
3,6,7,6,0.6341,0.6509,0.8903,0.5688,0.0708
3,6,7,7,0.5998,0.6170,0.8718,0.5363,0.0829
3,6,7,8,0.7207,0.8012,0.9489,0.6553,0.0420
3,6,7,9,0.6873,0.7339,0.9187,0.6245,0.0579
3,6,7,10,0.5908,0.6049,0.8638,0.5284,0.0863
3,6,7,11,0.5874,0.5926,0.8647,0.5243,0.0872
3,6,8,0,0.6252,0.6388,0.8837,0.5601,0.0746
3,6,8,1,0.5889,0.6048,0.8635,0.5262,0.0862
3,6,8,2,0.6980,0.7233,0.9195,0.6329,0.0497
3,6,8,3,0.6384,0.6660,0.9023,0.5737,0.0697
3,6,8,4,0.6736,0.7482,0.9008,0.6081,0.0544
3,6,8,5,0.7754,0.8365,0.9697,0.7151,0.0235
3,6,8,6,0.6255,0.6464,0.8835,0.5617,0.0746
3,6,8,7,0.6668,0.7617,0.8992,0.5977,0.0525
3,6,8,8,0.7734,0.8377,0.9489,0.7171,0.0320
3,6,8,9,0.7353,0.7745,0.9439,0.6744,0.0436
3,6,8,10,0.6965,0.7325,0.9272,0.6327,0.0534
3,6,8,11,0.6257,0.6424,0.9012,0.5595,0.0722
3,6,9,0,0.6765,0.6987,0.9393,0.6108,0.0565
3,6,9,1,0.5861,0.5910,0.8610,0.5236,0.0875
3,6,9,2,0.7053,0.7565,0.9388,0.6435,0.0502
3,6,9,3,0.7502,0.8169,0.9373,0.6905,0.0404
3,6,9,4,0.6057,0.6182,0.8749,0.5427,0.0808
3,6,9,5,0.6433,0.6712,0.9064,0.5782,0.0698
3,6,9,6,0.5861,0.5913,0.8666,0.5231,0.0874
3,6,9,7,0.6754,0.7031,0.9110,0.6129,0.0610
3,6,9,8,0.6347,0.6500,0.9094,0.5686,0.0687
3,6,9,9,0.5796,0.5826,0.8614,0.5171,0.0893
3,6,9,10,0.7018,0.7811,0.8985,0.6386,0.0441
3,6,9,11,0.5779,0.5787,0.8605,0.5153,0.0899
3,6,10,0,0.6741,0.6831,0.9244,0.6110,0.0594
3,6,10,1,0.5921,0.6019,0.8682,0.5289,0.0858
3,6,10,2,0.5881,0.5917,0.8668,0.5252,0.0875
3,6,10,3,0.6205,0.6413,0.8867,0.5554,0.0753
3,6,10,4,0.6267,0.6311,0.8892,0.5621,0.0744
3,6,10,5,0.6802,0.7587,0.8881,0.6177,0.0525
3,6,10,6,0.5993,0.6046,0.8768,0.5355,0.0825
3,6,10,7,0.6528,0.6756,0.9099,0.5889,0.0668
3,6,10,8,0.5818,0.5862,0.8633,0.5186,0.0884
3,6,10,9,0.7161,0.8065,0.9233,0.6553,0.0455
3,6,10,10,0.5883,0.5896,0.8656,0.5254,0.0872
3,6,10,11,0.6367,0.6637,0.8859,0.5719,0.0682
3,6,11,0,0.8694,0.8891,0.9666,0.8227,0.0119
3,6,11,1,0.6236,0.6331,0.8825,0.5594,0.0771
3,6,11,2,0.6087,0.6164,0.8799,0.5444,0.0802
3,6,11,3,0.7240,0.7508,0.9497,0.6588,0.0408
3,6,11,4,0.6465,0.6690,0.9052,0.5792,0.0659
3,6,11,5,0.6168,0.6327,0.8842,0.5524,0.0774
3,6,11,6,0.5946,0.5988,0.8691,0.5313,0.0857
3,6,11,7,0.6381,0.6647,0.8928,0.5729,0.0697
3,6,11,8,0.5491,0.7324,0.9287,0.4254,0.0269
3,6,11,9,0.5894,0.5952,0.8657,0.5264,0.0871
3,6,11,10,0.7243,0.7677,0.9430,0.6599,0.0424
3,6,11,11,0.7424,0.7837,0.9424,0.6815,0.0382
3,7,0,0,0.7836,0.7790,0.9088,0.7252,0.0239
3,7,0,1,0.2811,0.5263,0.9652,0.1724,0.0683
3,7,0,2,0.7414,0.7440,0.9791,0.6749,0.0213
3,7,0,3,0.3305,0.5767,0.9725,0.2176,0.0496
3,7,0,4,0.5811,0.7656,0.9938,0.4828,0.0134
3,7,0,5,0.3254,0.5827,0.9654,0.2124,0.0485
3,7,0,6,0.8535,0.8573,0.8966,0.8152,0.0252
3,7,0,7,0.8011,0.8590,0.9738,0.7483,0.0244
3,7,0,8,0.6542,0.7308,0.9904,0.5654,0.0125
3,7,0,9,0.7858,0.7707,0.9722,0.7288,0.0317
3,7,0,10,0.7300,0.7966,0.9660,0.6557,0.0243
3,7,0,11,0.7642,0.7784,0.9428,0.6993,0.0310
3,7,1,0,0.7343,0.8140,0.9971,0.6687,0.0138
3,7,1,1,0.7803,0.7858,0.9959,0.7248,0.0188
3,7,1,2,0.7543,0.7743,0.9953,0.6909,0.0241
3,7,1,3,0.7580,0.7517,0.9556,0.6946,0.0281
3,7,1,4,0.7650,0.7483,0.9910,0.7089,0.0265
3,7,1,5,0.7047,0.7411,0.9976,0.6376,0.0152
3,7,1,6,0.6692,0.7827,0.9963,0.5943,0.0182
3,7,1,7,0.7505,0.7219,0.9918,0.6888,0.0237
3,7,1,8,0.7081,0.6911,0.9944,0.6439,0.0247
3,7,1,9,0.6838,0.6647,0.9877,0.6197,0.0285
3,7,1,10,0.5743,0.6884,0.9628,0.4567,0.0291
3,7,1,11,0.4266,0.6358,0.9744,0.3198,0.0366
3,7,2,0,0.7600,0.8079,0.9841,0.6972,0.0159
3,7,2,1,0.6658,0.6407,0.9887,0.6017,0.0392
3,7,2,2,0.7428,0.8335,0.9944,0.6880,0.0171
3,7,2,3,0.7203,0.7912,0.9955,0.6522,0.0097
3,7,2,4,0.6648,0.7597,0.9908,0.5904,0.0142
3,7,2,5,0.8366,0.8622,0.9867,0.7951,0.0125
3,7,2,6,0.6860,0.6496,0.9848,0.6265,0.0371
3,7,2,7,0.8157,0.8515,0.9323,0.7659,0.0296
3,7,2,8,0.6822,0.7393,0.9975,0.6072,0.0081
3,7,2,9,0.8846,0.9382,0.9801,0.8555,0.0126
3,7,2,10,0.8259,0.8307,0.9620,0.7800,0.0261
3,7,2,11,0.7060,0.6731,0.9889,0.6483,0.0373
3,7,3,0,0.6077,0.5655,0.9677,0.5518,0.0653
3,7,3,1,0.6928,0.6782,0.9863,0.6325,0.0277
3,7,3,2,0.6834,0.7994,0.9957,0.6121,0.0108
3,7,3,3,0.6991,0.7687,0.9867,0.6419,0.0327
3,7,3,4,0.6147,0.5561,0.9687,0.5592,0.0651
3,7,3,5,0.7089,0.6896,0.9853,0.6449,0.0251
3,7,3,6,0.7861,0.8473,0.9541,0.7288,0.0226
3,7,3,7,1.0000,1.0000,1.0000,1.0000,0.0000
3,7,3,8,0.6527,0.7658,0.9882,0.5775,0.0173
3,7,3,9,0.6455,0.7258,0.9906,0.5699,0.0218
3,7,3,10,0.7054,0.6939,0.9854,0.6477,0.0300
3,7,3,11,0.7700,0.8327,0.9991,0.7145,0.0115
3,7,4,0,0.6201,0.7192,0.9876,0.5401,0.0194
3,7,4,1,0.7256,0.7832,0.9921,0.6692,0.0213
3,7,4,2,0.6335,0.5810,0.9766,0.5743,0.0538
3,7,4,3,0.8056,0.8251,0.9497,0.7587,0.0139
3,7,4,4,0.6721,0.6618,0.9823,0.6148,0.0437
3,7,4,5,0.7060,0.7119,0.9845,0.6500,0.0323
3,7,4,6,0.7775,0.7538,0.9916,0.7241,0.0165
3,7,4,7,0.6384,0.7766,0.9948,0.5559,0.0176
3,7,4,8,0.6695,0.6303,0.9807,0.6117,0.0460
3,7,4,9,0.7668,0.7816,0.9979,0.7144,0.0140
3,7,4,10,0.6341,0.5874,0.9719,0.5789,0.0605
3,7,4,11,0.7076,0.7753,0.9573,0.6714,0.0694
3,7,5,0,0.6108,0.5536,0.9674,0.5553,0.0660
3,7,5,1,0.6012,0.5350,0.9646,0.5473,0.0694
3,7,5,2,0.7798,0.7970,0.9975,0.7325,0.0153
3,7,5,3,0.7552,0.7452,0.9914,0.6959,0.0119
3,7,5,4,0.8096,0.8256,0.9948,0.7654,0.0085
3,7,5,5,0.6206,0.5695,0.9680,0.5662,0.0647
3,7,5,6,0.6449,0.6094,0.9739,0.5887,0.0535
3,7,5,7,0.7011,0.7620,0.9849,0.6450,0.0316
3,7,5,8,0.6528,0.6139,0.9779,0.5960,0.0504
3,7,5,9,0.6392,0.5768,0.9728,0.5837,0.0588
3,7,5,10,0.7757,0.7994,0.9948,0.7276,0.0219
3,7,5,11,0.6616,0.6750,0.9800,0.6022,0.0425
3,7,6,0,0.7017,0.6871,0.9892,0.6320,0.0123
3,7,6,1,0.6612,0.6341,0.9797,0.6053,0.0488
3,7,6,2,0.6474,0.5997,0.9791,0.5879,0.0500
3,7,6,3,0.6904,0.6510,0.9917,0.6299,0.0328
3,7,6,4,0.7211,0.7238,0.9936,0.6578,0.0219
3,7,6,5,0.7037,0.6638,0.9858,0.6478,0.0376
3,7,6,6,0.6434,0.6136,0.9750,0.5858,0.0526
3,7,6,7,0.8242,0.8481,0.9812,0.7808,0.0151
3,7,6,8,0.7880,0.7957,0.9941,0.7426,0.0209
3,7,6,9,0.6034,0.5377,0.9651,0.5494,0.0693
3,7,6,10,0.6171,0.5565,0.9679,0.5622,0.0657
3,7,6,11,0.7008,0.6988,0.9895,0.6404,0.0269
3,7,7,0,0.6915,0.6894,0.9894,0.6334,0.0338
3,7,7,1,0.6525,0.6118,0.9753,0.5973,0.0518
3,7,7,2,0.6029,0.5374,0.9649,0.5489,0.0694
3,7,7,3,0.7619,0.7521,0.9931,0.7084,0.0234
3,7,7,4,0.6686,0.7005,0.9868,0.6068,0.0302
3,7,7,5,0.6839,0.6493,0.9853,0.6248,0.0369
3,7,7,6,0.6563,0.6032,0.9791,0.5994,0.0504
3,7,7,7,0.6290,0.5763,0.9717,0.5742,0.0619
3,7,7,8,0.7310,0.7391,0.9970,0.6742,0.0239
3,7,7,9,0.6883,0.6701,0.9854,0.6304,0.0371
3,7,7,10,0.6224,0.5708,0.9679,0.5687,0.0653
3,7,7,11,0.6135,0.5530,0.9684,0.5583,0.0662
3,7,8,0,0.6434,0.5924,0.9760,0.5859,0.0537
3,7,8,1,0.6201,0.5702,0.9683,0.5661,0.0652
3,7,8,2,0.6920,0.6503,0.9927,0.6313,0.0337
3,7,8,3,0.6550,0.6097,0.9827,0.5977,0.0487
3,7,8,4,0.6657,0.6843,0.9853,0.6037,0.0327
3,7,8,5,0.7370,0.7345,0.9910,0.6750,0.0106
3,7,8,6,0.6480,0.5973,0.9762,0.5922,0.0537
3,7,8,7,0.6102,0.6920,0.9888,0.5359,0.0304
3,7,8,8,0.7373,0.7631,0.9953,0.6787,0.0165
3,7,8,9,0.7350,0.7056,0.9893,0.6796,0.0252
3,7,8,10,0.6869,0.6624,0.9870,0.6264,0.0335
3,7,8,11,0.6532,0.5998,0.9765,0.5966,0.0512
3,7,9,0,0.6349,0.6148,0.9623,0.5662,0.0345
3,7,9,1,0.6119,0.5507,0.9669,0.5571,0.0665
3,7,9,2,0.7164,0.7123,0.9781,0.6617,0.0279
3,7,9,3,0.7291,0.7448,0.9967,0.6705,0.0194
3,7,9,4,0.6279,0.5717,0.9708,0.5724,0.0598
3,7,9,5,0.6603,0.6228,0.9784,0.6028,0.0488
3,7,9,6,0.6119,0.5533,0.9678,0.5568,0.0664
3,7,9,7,0.6805,0.6405,0.9832,0.6234,0.0403
3,7,9,8,0.6643,0.6103,0.9743,0.6083,0.0478
3,7,9,9,0.6069,0.5452,0.9663,0.5524,0.0683
3,7,9,10,0.6749,0.7193,0.9869,0.6114,0.0252
3,7,9,11,0.6061,0.5411,0.9661,0.5516,0.0689
3,7,10,0,0.6613,0.6113,0.9747,0.6002,0.0387
3,7,10,1,0.6189,0.5611,0.9700,0.5640,0.0648
3,7,10,2,0.6125,0.5501,0.9685,0.5572,0.0665
3,7,10,3,0.6403,0.5916,0.9770,0.5829,0.0543
3,7,10,4,0.6464,0.5856,0.9746,0.5896,0.0534
3,7,10,5,0.6376,0.6765,0.9839,0.5713,0.0312
3,7,10,6,0.6205,0.5603,0.9704,0.5641,0.0615
3,7,10,7,0.6510,0.6281,0.9763,0.5911,0.0458
3,7,10,8,0.6092,0.5488,0.9673,0.5543,0.0674
3,7,10,9,0.6798,0.7325,0.9922,0.6164,0.0237
3,7,10,10,0.6120,0.5490,0.9680,0.5566,0.0662
3,7,10,11,0.6435,0.6128,0.9781,0.5843,0.0472
3,7,11,0,0.7918,0.7737,0.8492,0.7344,0.0311
3,7,11,1,0.6409,0.5833,0.9756,0.5838,0.0561
3,7,11,2,0.6278,0.5696,0.9741,0.5707,0.0592
3,7,11,3,0.7163,0.6729,0.9884,0.6560,0.0216
3,7,11,4,0.6531,0.6116,0.9845,0.5922,0.0478
3,7,11,5,0.6392,0.5837,0.9744,0.5829,0.0564
3,7,11,6,0.6188,0.5571,0.9699,0.5633,0.0647
3,7,11,7,0.6578,0.6132,0.9803,0.6007,0.0487
3,7,11,8,0.4246,0.6918,0.9834,0.2897,0.0119
3,7,11,9,0.6170,0.5548,0.9688,0.5622,0.0661
3,7,11,10,0.7093,0.7012,0.9928,0.6480,0.0224
3,7,11,11,0.7574,0.7393,0.9913,0.7056,0.0209
3,8,0,0,0.7245,0.7654,0.8390,0.6577,0.0396
3,8,0,1,0.3043,0.5072,0.9864,0.2064,0.0586
3,8,0,2,0.7604,0.7748,0.9396,0.7051,0.0325
3,8,0,3,0.3609,0.5495,0.9892,0.2605,0.0396
3,8,0,4,0.5865,0.6606,0.9886,0.4972,0.0118
3,8,0,5,0.3254,0.5556,0.9861,0.2200,0.0388
3,8,0,6,0.6826,0.7834,0.8246,0.6034,0.0407
3,8,0,7,0.7981,0.8260,0.9377,0.7511,0.0370
3,8,0,8,0.6533,0.7632,0.9629,0.5723,0.0272
3,8,0,9,0.7704,0.7852,0.9311,0.7163,0.0430
3,8,0,10,0.7290,0.7965,0.9259,0.6631,0.0369
3,8,0,11,0.7901,0.7923,0.8885,0.7408,0.0449
3,8,1,0,0.8408,0.8719,0.9901,0.8057,0.0256
3,8,1,1,0.8080,0.8092,0.9819,0.7648,0.0321
3,8,1,2,0.7690,0.7939,0.9826,0.7157,0.0383
3,8,1,3,0.7110,0.7076,0.9007,0.6427,0.0344
3,8,1,4,0.7195,0.7289,0.9665,0.6582,0.0310
3,8,1,5,0.6990,0.7515,0.9909,0.6358,0.0205
3,8,1,6,0.6325,0.7145,0.9817,0.5557,0.0182
3,8,1,7,0.7514,0.7454,0.9644,0.6956,0.0340
3,8,1,8,0.7050,0.7111,0.9920,0.6448,0.0241
3,8,1,9,0.6711,0.6789,0.9934,0.6087,0.0219
3,8,1,10,0.4886,0.6532,0.9216,0.3593,0.0438
3,8,1,11,0.4305,0.6061,0.9916,0.3316,0.0258
3,8,2,0,0.8642,0.8755,0.9523,0.8343,0.0285
3,8,2,1,0.6515,0.6475,0.9819,0.5886,0.0329
3,8,2,2,0.8481,0.8740,0.9981,0.8179,0.0081
3,8,2,3,0.8171,0.8756,0.9964,0.7769,0.0220
3,8,2,4,0.7396,0.7592,0.9973,0.6861,0.0094
3,8,2,5,0.8710,0.9030,0.9656,0.8427,0.0269
3,8,2,6,0.6811,0.6605,0.9904,0.6240,0.0295
3,8,2,7,0.7688,0.8053,0.8795,0.7134,0.0454
3,8,2,8,0.9256,0.9037,0.9786,0.9099,0.0178
3,8,2,9,0.5972,0.7810,0.9396,0.5028,0.0252
3,8,2,10,0.7707,0.7945,0.9196,0.7166,0.0408
3,8,2,11,0.6668,0.6616,0.9865,0.6051,0.0331
3,8,3,0,0.5751,0.5582,0.9782,0.5162,0.0556
3,8,3,1,0.7194,0.7290,0.9922,0.6677,0.0201
3,8,3,2,0.8051,0.8701,0.9955,0.7646,0.0087
3,8,3,3,0.8061,0.8089,0.9949,0.7716,0.0195
3,8,3,4,0.5831,0.5571,0.9772,0.5247,0.0554
3,8,3,5,0.6591,0.6785,0.9558,0.5895,0.0235
3,8,3,6,0.6981,0.8192,0.9027,0.6245,0.0375
3,8,3,7,0.6527,0.7658,0.9882,0.5775,0.0173
3,8,3,8,1.0000,1.0000,1.0000,1.0000,0.0000
3,8,3,9,0.8457,0.8311,0.9962,0.8151,0.0102
3,8,3,10,0.6848,0.6937,0.9920,0.6266,0.0206
3,8,3,11,0.8501,0.8857,0.9876,0.8176,0.0163
3,8,4,0,0.8694,0.8757,0.9992,0.8438,0.0115
3,8,4,1,0.8104,0.8511,0.9956,0.7740,0.0118
3,8,4,2,0.6114,0.5876,0.9811,0.5513,0.0449
3,8,4,3,0.5818,0.7118,0.8937,0.4890,0.0144
3,8,4,4,0.6560,0.6575,0.9836,0.5987,0.0342
3,8,4,5,0.6531,0.6836,0.9884,0.5904,0.0244
3,8,4,6,0.7375,0.7590,0.9678,0.6798,0.0244
3,8,4,7,0.6475,0.7237,0.9879,0.5733,0.0089
3,8,4,8,0.6415,0.6260,0.9857,0.5818,0.0369
3,8,4,9,0.7868,0.8173,0.9843,0.7425,0.0125
3,8,4,10,0.5850,0.5711,0.9763,0.5242,0.0510
3,8,4,11,0.5829,0.6769,0.9843,0.5282,0.0597
3,8,5,0,0.5814,0.5539,0.9780,0.5235,0.0563
3,8,5,1,0.5701,0.5359,0.9763,0.5134,0.0597
3,8,5,2,0.6825,0.7812,0.9907,0.6189,0.0062
3,8,5,3,0.7917,0.7890,0.9617,0.7459,0.0195
3,8,5,4,0.8157,0.8495,0.9822,0.7764,0.0148
3,8,5,5,0.5842,0.5686,0.9775,0.5261,0.0550
3,8,5,6,0.6409,0.6251,0.9835,0.5864,0.0438
3,8,5,7,0.6741,0.7042,0.9908,0.6162,0.0219
3,8,5,8,0.6171,0.6195,0.9830,0.5569,0.0409
3,8,5,9,0.5990,0.5770,0.9792,0.5394,0.0493
3,8,5,10,0.6407,0.7215,0.9801,0.5688,0.0156
3,8,5,11,0.6440,0.6836,0.9889,0.5845,0.0317
3,8,6,0,0.7440,0.7709,0.9585,0.6891,0.0144
3,8,6,1,0.6006,0.6166,0.9789,0.5371,0.0394
3,8,6,2,0.6326,0.6137,0.9815,0.5735,0.0411
3,8,6,3,0.6592,0.6725,0.9887,0.5965,0.0286
3,8,6,4,0.7162,0.7285,0.9690,0.6567,0.0201
3,8,6,5,0.6587,0.6566,0.9874,0.5976,0.0311
3,8,6,6,0.6130,0.6127,0.9815,0.5529,0.0434
3,8,6,7,0.7003,0.7756,0.9502,0.6328,0.0232
3,8,6,8,0.7198,0.7496,0.9793,0.6637,0.0109
3,8,6,9,0.5715,0.5386,0.9762,0.5146,0.0596
3,8,6,10,0.5833,0.5566,0.9784,0.5252,0.0560
3,8,6,11,0.7138,0.7140,0.9856,0.6596,0.0198
3,8,7,0,0.7383,0.7143,0.9889,0.6919,0.0220
3,8,7,1,0.6068,0.6106,0.9822,0.5464,0.0424
3,8,7,2,0.5710,0.5379,0.9763,0.5141,0.0597
3,8,7,3,0.7262,0.7565,0.9695,0.6693,0.0210
3,8,7,4,0.7019,0.7568,0.9945,0.6496,0.0202
3,8,7,5,0.6799,0.6666,0.9853,0.6234,0.0293
3,8,7,6,0.6143,0.6043,0.9818,0.5530,0.0420
3,8,7,7,0.5908,0.5768,0.9797,0.5321,0.0522
3,8,7,8,0.7279,0.7573,0.9832,0.6743,0.0197
3,8,7,9,0.6756,0.6861,0.9779,0.6186,0.0295
3,8,7,10,0.5810,0.5662,0.9781,0.5229,0.0556
3,8,7,11,0.5814,0.5538,0.9781,0.5233,0.0565
3,8,8,0,0.6142,0.5910,0.9806,0.5544,0.0442
3,8,8,1,0.5805,0.5679,0.9790,0.5224,0.0555
3,8,8,2,0.6728,0.6679,0.9907,0.6122,0.0277
3,8,8,3,0.6057,0.6087,0.9807,0.5428,0.0392
3,8,8,4,0.7010,0.7204,0.9889,0.6488,0.0235
3,8,8,5,0.7875,0.7890,0.9678,0.7416,0.0193
3,8,8,6,0.6077,0.5953,0.9804,0.5477,0.0442
3,8,8,7,0.7540,0.7715,0.9966,0.7104,0.0197
3,8,8,8,0.6934,0.7515,0.9828,0.6301,0.0199
3,8,8,9,0.6896,0.6957,0.9722,0.6289,0.0231
3,8,8,10,0.6628,0.6651,0.9763,0.6014,0.0279
3,8,8,11,0.6039,0.5989,0.9705,0.5416,0.0420
3,8,9,0,0.5964,0.6089,0.9251,0.5248,0.0224
3,8,9,1,0.5821,0.5521,0.9777,0.5248,0.0568
3,8,9,2,0.6213,0.6697,0.9543,0.5521,0.0177
3,8,9,3,0.7883,0.7844,0.9902,0.7457,0.0163
3,8,9,4,0.5911,0.5712,0.9762,0.5319,0.0501
3,8,9,5,0.6133,0.6119,0.9716,0.5506,0.0399
3,8,9,6,0.5765,0.5521,0.9759,0.5180,0.0567
3,8,9,7,0.6279,0.6409,0.9784,0.5644,0.0327
3,8,9,8,0.6018,0.5996,0.9618,0.5379,0.0388
3,8,9,9,0.5738,0.5449,0.9763,0.5162,0.0586
3,8,9,10,0.7105,0.7378,0.9953,0.6574,0.0173
3,8,9,11,0.5745,0.5422,0.9765,0.5172,0.0592
3,8,10,0,0.6107,0.6169,0.9548,0.5440,0.0298
3,8,10,1,0.5806,0.5627,0.9787,0.5217,0.0551
3,8,10,2,0.5823,0.5530,0.9768,0.5245,0.0568
3,8,10,3,0.6093,0.6006,0.9800,0.5495,0.0449
3,8,10,4,0.6060,0.5839,0.9743,0.5450,0.0442
3,8,10,5,0.6626,0.7064,0.9933,0.6044,0.0223
3,8,10,6,0.5844,0.5608,0.9740,0.5247,0.0521
3,8,10,7,0.6057,0.6103,0.9657,0.5410,0.0366
3,8,10,8,0.5768,0.5483,0.9769,0.5190,0.0577
3,8,10,9,0.6460,0.7180,0.9881,0.5802,0.0190
3,8,10,10,0.5793,0.5511,0.9768,0.5210,0.0565
3,8,10,11,0.6550,0.6309,0.9827,0.6004,0.0378
3,8,11,0,0.7672,0.7727,0.7652,0.7113,0.0453
3,8,11,1,0.6083,0.5874,0.9803,0.5484,0.0464
3,8,11,2,0.5989,0.5741,0.9786,0.5396,0.0497
3,8,11,3,0.6984,0.6896,0.9669,0.6386,0.0195
3,8,11,4,0.6383,0.6244,0.9824,0.5779,0.0394
3,8,11,5,0.6007,0.5835,0.9767,0.5405,0.0472
3,8,11,6,0.5864,0.5589,0.9780,0.5279,0.0552
3,8,11,7,0.6288,0.6199,0.9827,0.5694,0.0392
3,8,11,8,0.4939,0.7117,0.9772,0.3846,0.0125
3,8,11,9,0.5840,0.5560,0.9782,0.5261,0.0564
3,8,11,10,0.6964,0.7008,0.9783,0.6367,0.0167
3,8,11,11,0.7033,0.7161,0.9785,0.6442,0.0188
3,9,0,0,0.7976,0.8270,0.8469,0.7517,0.0446
3,9,0,1,0.2061,0.3444,0.9915,0.0948,0.0555
3,9,0,2,0.8473,0.8869,0.9431,0.8141,0.0357
3,9,0,3,0.2589,0.3745,0.9939,0.1434,0.0365
3,9,0,4,0.5671,0.5586,0.9909,0.4751,0.0142
3,9,0,5,0.2595,0.3905,0.9912,0.1449,0.0359
3,9,0,6,0.7204,0.7544,0.8301,0.6532,0.0462
3,9,0,7,0.7589,0.7716,0.9351,0.7031,0.0436
3,9,0,8,0.6948,0.8269,0.9635,0.6252,0.0327
3,9,0,9,0.8308,0.8689,0.9321,0.7936,0.0464
3,9,0,10,0.7696,0.8240,0.9269,0.7161,0.0424
3,9,0,11,0.8465,0.8563,0.8924,0.8143,0.0485
3,9,1,0,0.8054,0.7934,0.9858,0.7630,0.0298
3,9,1,1,0.8686,0.8812,0.9779,0.8406,0.0358
3,9,1,2,0.8109,0.8524,0.9782,0.7689,0.0420
3,9,1,3,0.8218,0.8083,0.9090,0.7823,0.0323
3,9,1,4,0.8313,0.8533,0.9659,0.7955,0.0302
3,9,1,5,0.8149,0.8468,0.9897,0.7768,0.0181
3,9,1,6,0.8053,0.8589,0.9833,0.7654,0.0174
3,9,1,7,0.8552,0.8762,0.9657,0.8241,0.0342
3,9,1,8,0.8240,0.8559,0.9903,0.7886,0.0207
3,9,1,9,0.8050,0.8466,0.9913,0.7686,0.0188
3,9,1,10,0.4093,0.6253,0.9342,0.2612,0.0496
3,9,1,11,0.3735,0.4383,0.9947,0.2660,0.0214
3,9,2,0,0.8746,0.8588,0.9549,0.8482,0.0342
3,9,2,1,0.8071,0.8219,0.9839,0.7729,0.0295
3,9,2,2,0.7083,0.7157,0.9972,0.6512,0.0073
3,9,2,3,0.7663,0.8001,0.9918,0.7156,0.0260
3,9,2,4,0.8976,0.9121,0.9966,0.8769,0.0118
3,9,2,5,0.7881,0.8234,0.9592,0.7409,0.0324
3,9,2,6,0.8119,0.8237,0.9899,0.7789,0.0261
3,9,2,7,0.7645,0.7912,0.8756,0.7094,0.0509
3,9,2,8,0.8853,0.9063,0.9795,0.8614,0.0223
3,9,2,9,0.5725,0.7179,0.9451,0.4739,0.0307
3,9,2,10,0.8300,0.8482,0.9160,0.7926,0.0453
3,9,2,11,0.8144,0.8195,0.9862,0.7806,0.0289
3,9,3,0,0.7568,0.7489,0.9792,0.7259,0.0525
3,9,3,1,0.8488,0.8699,0.9899,0.8214,0.0174
3,9,3,2,0.6716,0.7193,0.9927,0.6043,0.0134
3,9,3,3,0.8952,0.8763,0.9958,0.8770,0.0140
3,9,3,4,0.7652,0.7543,0.9788,0.7350,0.0522
3,9,3,5,0.7883,0.8510,0.9614,0.7458,0.0206
3,9,3,6,0.7248,0.8231,0.9059,0.6598,0.0430
3,9,3,7,0.6455,0.7258,0.9906,0.5699,0.0218
3,9,3,8,0.8457,0.8311,0.9962,0.8151,0.0102
3,9,3,9,1.0000,1.0000,1.0000,1.0000,0.0000
3,9,3,10,0.8090,0.8261,0.9892,0.7743,0.0182
3,9,3,11,0.8272,0.8568,0.9901,0.7902,0.0197
3,9,4,0,0.9130,0.9390,0.9984,0.8962,0.0118
3,9,4,1,0.8525,0.8378,0.9965,0.8245,0.0100
3,9,4,2,0.7776,0.7790,0.9831,0.7448,0.0420
3,9,4,3,0.6319,0.7588,0.9121,0.5517,0.0163
3,9,4,4,0.8053,0.8169,0.9844,0.7739,0.0308
3,9,4,5,0.7870,0.8346,0.9869,0.7492,0.0207
3,9,4,6,0.8314,0.8842,0.9677,0.7954,0.0262
3,9,4,7,0.5779,0.6446,0.9859,0.4903,0.0105
3,9,4,8,0.7958,0.8041,0.9860,0.7628,0.0345
3,9,4,9,0.8234,0.9095,0.9865,0.7874,0.0127
3,9,4,10,0.7593,0.7610,0.9781,0.7262,0.0476
3,9,4,11,0.4254,0.5362,0.9876,0.3479,0.0565
3,9,5,0,0.7635,0.7494,0.9793,0.7336,0.0531
3,9,5,1,0.7524,0.7345,0.9776,0.7230,0.0565
3,9,5,2,0.7729,0.8746,0.9940,0.7280,0.0085
3,9,5,3,0.8661,0.9060,0.9664,0.8377,0.0235
3,9,5,4,0.8637,0.8726,0.9790,0.8353,0.0172
3,9,5,5,0.7603,0.7551,0.9786,0.7294,0.0518
3,9,5,6,0.8012,0.7935,0.9842,0.7728,0.0407
3,9,5,7,0.8273,0.8435,0.9907,0.7974,0.0193
3,9,5,8,0.8024,0.8103,0.9836,0.7729,0.0375
3,9,5,9,0.7673,0.7676,0.9809,0.7346,0.0459
3,9,5,10,0.7408,0.8346,0.9826,0.6897,0.0101
3,9,5,11,0.7791,0.7988,0.9883,0.7432,0.0281
3,9,6,0,0.7882,0.8941,0.9648,0.7436,0.0171
3,9,6,1,0.7864,0.7972,0.9816,0.7540,0.0359
3,9,6,2,0.7814,0.7932,0.9829,0.7476,0.0384
3,9,6,3,0.7829,0.8455,0.9906,0.7435,0.0257
3,9,6,4,0.8490,0.8542,0.9742,0.8179,0.0180
3,9,6,5,0.8034,0.8185,0.9869,0.7689,0.0277
3,9,6,6,0.7771,0.7809,0.9817,0.7441,0.0397
3,9,6,7,0.8038,0.8422,0.9476,0.7610,0.0266
3,9,6,8,0.8506,0.8541,0.9830,0.8211,0.0093
3,9,6,9,0.7536,0.7368,0.9776,0.7240,0.0564
3,9,6,10,0.7596,0.7506,0.9795,0.7287,0.0529
3,9,6,11,0.8650,0.8659,0.9857,0.8398,0.0177
3,9,7,0,0.8719,0.8627,0.9913,0.8498,0.0173
3,9,7,1,0.7744,0.7768,0.9829,0.7415,0.0390
3,9,7,2,0.7532,0.7359,0.9776,0.7236,0.0565
3,9,7,3,0.8580,0.8820,0.9727,0.8291,0.0168
3,9,7,4,0.8314,0.8582,0.9935,0.8025,0.0189
3,9,7,5,0.8174,0.8421,0.9861,0.7859,0.0258
3,9,7,6,0.7749,0.7809,0.9840,0.7405,0.0391
3,9,7,7,0.7637,0.7656,0.9814,0.7321,0.0491
3,9,7,8,0.8291,0.8906,0.9861,0.7958,0.0165
3,9,7,9,0.8220,0.8361,0.9798,0.7914,0.0264
3,9,7,10,0.7627,0.7552,0.9791,0.7326,0.0525
3,9,7,11,0.7624,0.7504,0.9797,0.7322,0.0534
3,9,8,0,0.7765,0.7789,0.9822,0.7435,0.0408
3,9,8,1,0.7597,0.7563,0.9800,0.7291,0.0523
3,9,8,2,0.8062,0.8395,0.9931,0.7708,0.0243
3,9,8,3,0.7793,0.7906,0.9842,0.7455,0.0358
3,9,8,4,0.8507,0.8648,0.9887,0.8253,0.0206
3,9,8,5,0.8838,0.9118,0.9670,0.8596,0.0219
3,9,8,6,0.7760,0.7831,0.9827,0.7435,0.0408
3,9,8,7,0.8746,0.8815,0.9980,0.8529,0.0160
3,9,8,8,0.8132,0.8746,0.9823,0.7752,0.0197
3,9,8,9,0.8218,0.8491,0.9748,0.7875,0.0199
3,9,8,10,0.8159,0.8261,0.9786,0.7829,0.0237
3,9,8,11,0.7765,0.7832,0.9745,0.7430,0.0383
3,9,9,0,0.7494,0.7688,0.9384,0.7058,0.0172
3,9,9,1,0.7598,0.7479,0.9790,0.7297,0.0537
3,9,9,2,0.7648,0.8111,0.9599,0.7225,0.0156
3,9,9,3,0.8990,0.9071,0.9903,0.8790,0.0115
3,9,9,4,0.7604,0.7614,0.9781,0.7279,0.0470
3,9,9,5,0.7838,0.7872,0.9745,0.7501,0.0362
3,9,9,6,0.7586,0.7478,0.9776,0.7280,0.0535
3,9,9,7,0.7904,0.8159,0.9799,0.7556,0.0293
3,9,9,8,0.7700,0.7796,0.9673,0.7345,0.0352
3,9,9,9,0.7548,0.7417,0.9778,0.7246,0.0555
3,9,9,10,0.8546,0.8710,0.9935,0.8284,0.0171
3,9,9,11,0.7558,0.7400,0.9780,0.7259,0.0560
3,9,10,0,0.7679,0.8006,0.9612,0.7291,0.0261
3,9,10,1,0.7582,0.7558,0.9805,0.7268,0.0519
3,9,10,2,0.7625,0.7495,0.9786,0.7323,0.0537
3,9,10,3,0.7741,0.7778,0.9825,0.7412,0.0415
3,9,10,4,0.7750,0.7764,0.9770,0.7418,0.0405
3,9,10,5,0.8113,0.8581,0.9946,0.7796,0.0218
3,9,10,6,0.7632,0.7569,0.9764,0.7315,0.0487
3,9,10,7,0.7781,0.7867,0.9696,0.7430,0.0329
3,9,10,8,0.7583,0.7456,0.9786,0.7281,0.0546
3,9,10,9,0.8119,0.8474,0.9896,0.7775,0.0167
3,9,10,10,0.7587,0.7475,0.9785,0.7280,0.0534
3,9,10,11,0.8194,0.8145,0.9847,0.7923,0.0344
3,9,11,0,0.8079,0.8055,0.7752,0.7656,0.0510
3,9,11,1,0.7754,0.7765,0.9822,0.7428,0.0433
3,9,11,2,0.7728,0.7658,0.9812,0.7413,0.0463
3,9,11,3,0.8290,0.8540,0.9717,0.7955,0.0169
3,9,11,4,0.8016,0.7984,0.9858,0.7695,0.0365
3,9,11,5,0.7731,0.7721,0.9793,0.7407,0.0436
3,9,11,6,0.7635,0.7529,0.9797,0.7325,0.0518
3,9,11,7,0.7916,0.8026,0.9846,0.7597,0.0358
3,9,11,8,0.3843,0.6396,0.9854,0.2531,0.0167
3,9,11,9,0.7622,0.7502,0.9798,0.7317,0.0533
3,9,11,10,0.8482,0.8551,0.9811,0.8187,0.0138
3,9,11,11,0.8264,0.8521,0.9783,0.7923,0.0169
3,10,0,0,0.8372,0.8073,0.8381,0.8075,0.0492
3,10,0,1,0.2723,0.3392,0.9713,0.1767,0.0383
3,10,0,2,0.9238,0.9118,0.9390,0.9125,0.0395
3,10,0,3,0.3014,0.3650,0.9724,0.1992,0.0243
3,10,0,4,0.5293,0.4995,0.9728,0.4362,0.0269
3,10,0,5,0.3464,0.3766,0.9689,0.2515,0.0251
3,10,0,6,0.7035,0.6963,0.8258,0.6395,0.0531
3,10,0,7,0.7245,0.7263,0.9345,0.6666,0.0534
3,10,0,8,0.7408,0.7569,0.9578,0.6879,0.0388
3,10,0,9,0.9028,0.8924,0.9284,0.8886,0.0487
3,10,0,10,0.8775,0.8476,0.9138,0.8586,0.0512
3,10,0,11,0.8986,0.8684,0.8805,0.8861,0.0529
3,10,1,0,0.7481,0.7604,0.9870,0.6977,0.0365
3,10,1,1,0.9301,0.9252,0.9812,0.9196,0.0396
3,10,1,2,0.8980,0.8963,0.9764,0.8810,0.0455
3,10,1,3,0.9401,0.8984,0.9046,0.9336,0.0361
3,10,1,4,0.9765,0.9722,0.9749,0.9742,0.0308
3,10,1,5,0.9725,0.9656,0.9933,0.9684,0.0222
3,10,1,6,0.8669,0.8506,0.9895,0.8421,0.0192
3,10,1,7,0.9531,0.9419,0.9675,0.9470,0.0344
3,10,1,8,0.9779,0.9795,0.9971,0.9745,0.0174
3,10,1,9,0.9767,0.9776,0.9994,0.9726,0.0110
3,10,1,10,0.2958,0.6135,0.9040,0.1304,0.0555
3,10,1,11,0.4832,0.4335,0.9746,0.3999,0.0147
3,10,2,0,0.8099,0.7838,0.9430,0.7727,0.0441
3,10,2,1,0.9796,0.9734,0.9950,0.9762,0.0142
3,10,2,2,0.5130,0.5800,0.9905,0.4237,0.0169
3,10,2,3,0.7814,0.7912,0.9917,0.7384,0.0342
3,10,2,4,0.8726,0.9058,0.9978,0.8491,0.0230
3,10,2,5,0.7458,0.7650,0.9673,0.6941,0.0412
3,10,2,6,0.9805,0.9840,0.9994,0.9773,0.0152
3,10,2,7,0.8002,0.7910,0.8764,0.7622,0.0581
3,10,2,8,0.6688,0.7219,0.9802,0.6035,0.0287
3,10,2,9,0.5108,0.6287,0.9418,0.4060,0.0369
3,10,2,10,0.9082,0.8892,0.9211,0.8955,0.0496
3,10,2,11,0.9919,0.9901,0.9980,0.9905,0.0143
3,10,3,0,0.9685,0.9622,0.9943,0.9674,0.0353
3,10,3,1,0.9727,0.9686,0.9994,0.9680,0.0105
3,10,3,2,0.5611,0.6009,0.9900,0.4773,0.0243
3,10,3,3,0.8954,0.9163,0.9975,0.8780,0.0157
3,10,3,4,0.9684,0.9592,0.9941,0.9670,0.0350
3,10,3,5,0.9567,0.9506,0.9711,0.9492,0.0176
3,10,3,6,0.7176,0.7543,0.8999,0.6578,0.0510
3,10,3,7,0.7054,0.6939,0.9854,0.6477,0.0300
3,10,3,8,0.6848,0.6937,0.9920,0.6266,0.0206
3,10,3,9,0.8090,0.8261,0.9892,0.7743,0.0182
3,10,3,10,1.0000,1.0000,1.0000,1.0000,0.0000
3,10,3,11,0.8561,0.8353,0.9804,0.8289,0.0324
3,10,4,0,0.7695,0.7896,0.9924,0.7280,0.0138
3,10,4,1,0.9139,0.8915,0.9969,0.8986,0.0114
3,10,4,2,0.9740,0.9663,0.9960,0.9715,0.0243
3,10,4,3,0.7215,0.7126,0.9049,0.6662,0.0314
3,10,4,4,0.9779,0.9826,0.9980,0.9749,0.0136
3,10,4,5,0.9638,0.9683,0.9995,0.9577,0.0096
3,10,4,6,0.9452,0.9508,0.9763,0.9365,0.0287
3,10,4,7,0.6835,0.6700,0.9762,0.6228,0.0230
3,10,4,8,0.9833,0.9835,0.9985,0.9812,0.0168
3,10,4,9,0.8643,0.8539,0.9896,0.8392,0.0205
3,10,4,10,0.9688,0.9622,0.9945,0.9666,0.0304
3,10,4,11,0.3016,0.4325,0.9703,0.2114,0.0394
3,10,5,0,0.9675,0.9587,0.9940,0.9663,0.0359
3,10,5,1,0.9626,0.9519,0.9929,0.9617,0.0394
3,10,5,2,0.8735,0.8804,0.9934,0.8504,0.0194
3,10,5,3,0.9224,0.9148,0.9672,0.9092,0.0315
3,10,5,4,0.9378,0.9257,0.9884,0.9271,0.0254
3,10,5,5,0.9681,0.9632,0.9943,0.9667,0.0346
3,10,5,6,0.9753,0.9749,0.9968,0.9732,0.0235
3,10,5,7,0.9141,0.9275,0.9994,0.9000,0.0076
3,10,5,8,0.9741,0.9715,0.9971,0.9713,0.0203
3,10,5,9,0.9722,0.9656,0.9953,0.9702,0.0287
3,10,5,10,0.9229,0.9095,0.9897,0.9091,0.0168
3,10,5,11,0.9790,0.9792,0.9990,0.9762,0.0146
3,10,6,0,0.8311,0.8160,0.9626,0.7990,0.0272
3,10,6,1,0.9667,0.9683,0.9956,0.9627,0.0198
3,10,6,2,0.9803,0.9751,0.9967,0.9781,0.0205
3,10,6,3,0.9673,0.9685,0.9972,0.9617,0.0148
3,10,6,4,0.9610,0.9586,0.9779,0.9546,0.0171
3,10,6,5,0.9897,0.9898,0.9991,0.9881,0.0123
3,10,6,6,0.9806,0.9808,0.9971,0.9791,0.0228
3,10,6,7,0.9104,0.9003,0.9603,0.8949,0.0320
3,10,6,8,0.9163,0.9086,0.9901,0.9012,0.0157
3,10,6,9,0.9631,0.9525,0.9930,0.9621,0.0392
3,10,6,10,0.9696,0.9609,0.9943,0.9685,0.0357
3,10,6,11,0.9761,0.9820,0.9974,0.9719,0.0055
3,10,7,0,0.9154,0.9353,0.9977,0.9014,0.0122
3,10,7,1,0.9763,0.9749,0.9970,0.9743,0.0218
3,10,7,2,0.9630,0.9526,0.9930,0.9620,0.0394
3,10,7,3,0.9606,0.9543,0.9793,0.9541,0.0174
3,10,7,4,0.9493,0.9497,0.9994,0.9411,0.0164
3,10,7,5,0.9796,0.9744,0.9975,0.9764,0.0108
3,10,7,6,0.9758,0.9704,0.9967,0.9731,0.0214
3,10,7,7,0.9693,0.9656,0.9953,0.9676,0.0319
3,10,7,8,0.9234,0.9209,0.9900,0.9097,0.0114
3,10,7,9,0.9794,0.9795,0.9944,0.9762,0.0097
3,10,7,10,0.9667,0.9635,0.9944,0.9653,0.0353
3,10,7,11,0.9667,0.9578,0.9941,0.9653,0.0362
3,10,8,0,0.9761,0.9706,0.9962,0.9739,0.0236
3,10,8,1,0.9659,0.9633,0.9947,0.9644,0.0352
3,10,8,2,0.9777,0.9730,0.9962,0.9738,0.0136
3,10,8,3,0.9727,0.9677,0.9956,0.9695,0.0189
3,10,8,4,0.9618,0.9640,0.9994,0.9556,0.0113
3,10,8,5,0.8972,0.8992,0.9754,0.8785,0.0291
3,10,8,6,0.9728,0.9685,0.9959,0.9704,0.0236
3,10,8,7,0.8381,0.8728,0.9958,0.8112,0.0122
3,10,8,8,0.9315,0.9386,0.9910,0.9192,0.0209
3,10,8,9,0.9725,0.9745,0.9876,0.9677,0.0125
3,10,8,10,0.9855,0.9835,0.9926,0.9830,0.0094
3,10,8,11,0.9680,0.9605,0.9908,0.9644,0.0214
3,10,9,0,0.9113,0.8914,0.9527,0.8967,0.0157
3,10,9,1,0.9682,0.9590,0.9938,0.9672,0.0365
3,10,9,2,0.9418,0.9391,0.9776,0.9319,0.0129
3,10,9,3,0.9351,0.9497,0.9950,0.9236,0.0167
3,10,9,4,0.9704,0.9641,0.9943,0.9686,0.0298
3,10,9,5,0.9757,0.9729,0.9920,0.9727,0.0201
3,10,9,6,0.9666,0.9577,0.9936,0.9653,0.0363
3,10,9,7,0.9751,0.9747,0.9951,0.9714,0.0134
3,10,9,8,0.9613,0.9526,0.9853,0.9564,0.0182
3,10,9,9,0.9654,0.9557,0.9934,0.9643,0.0383
3,10,9,10,0.9514,0.9476,0.9992,0.9431,0.0143
3,10,9,11,0.9641,0.9540,0.9933,0.9630,0.0388
3,10,10,0,0.9603,0.9526,0.9792,0.9542,0.0121
3,10,10,1,0.9685,0.9619,0.9946,0.9671,0.0348
3,10,10,2,0.9671,0.9578,0.9939,0.9658,0.0365
3,10,10,3,0.9760,0.9706,0.9958,0.9740,0.0243
3,10,10,4,0.9703,0.9624,0.9934,0.9672,0.0236
3,10,10,5,0.9295,0.9229,0.9975,0.9183,0.0188
3,10,10,6,0.9684,0.9592,0.9932,0.9664,0.0315
3,10,10,7,0.9736,0.9693,0.9885,0.9702,0.0165
3,10,10,8,0.9649,0.9554,0.9936,0.9635,0.0374
3,10,10,9,0.9421,0.9382,0.9970,0.9321,0.0152
3,10,10,10,0.9672,0.9574,0.9938,0.9658,0.0362
3,10,10,11,0.9660,0.9681,0.9968,0.9618,0.0177
3,10,11,0,0.8157,0.7642,0.7612,0.7828,0.0603
3,10,11,1,0.9752,0.9694,0.9959,0.9731,0.0261
3,10,11,2,0.9710,0.9633,0.9949,0.9689,0.0291
3,10,11,3,0.9526,0.9555,0.9820,0.9443,0.0152
3,10,11,4,0.9786,0.9737,0.9960,0.9757,0.0195
3,10,11,5,0.9736,0.9664,0.9946,0.9715,0.0266
3,10,11,6,0.9696,0.9606,0.9945,0.9682,0.0346
3,10,11,7,0.9775,0.9749,0.9969,0.9750,0.0186
3,10,11,8,0.2595,0.5588,0.9561,0.1120,0.0294
3,10,11,9,0.9683,0.9594,0.9943,0.9670,0.0361
3,10,11,10,0.9635,0.9693,0.9903,0.9571,0.0126
3,10,11,11,0.9606,0.9682,0.9913,0.9538,0.0157
3,11,0,0,0.8317,0.8536,0.9103,0.7852,0.0265
3,11,0,1,0.2843,0.5012,0.9662,0.1738,0.0707
3,11,0,2,0.8885,0.8755,0.9785,0.8593,0.0244
3,11,0,3,0.3505,0.5460,0.9738,0.2388,0.0517
3,11,0,4,0.5970,0.6846,0.9956,0.5002,0.0113
3,11,0,5,0.3391,0.5531,0.9675,0.2262,0.0509
3,11,0,6,0.7683,0.8447,0.8982,0.7022,0.0275
3,11,0,7,0.8633,0.9046,0.9732,0.8263,0.0241
3,11,0,8,0.7289,0.8290,0.9906,0.6573,0.0174
3,11,0,9,0.8897,0.8878,0.9724,0.8602,0.0323
3,11,0,10,0.8467,0.8771,0.9699,0.8044,0.0245
3,11,0,11,0.8979,0.8859,0.9457,0.8711,0.0325
3,11,1,0,0.8325,0.8793,0.9956,0.7901,0.0180
3,11,1,1,0.9081,0.8980,0.9943,0.8844,0.0230
3,11,1,2,0.8709,0.8828,0.9956,0.8369,0.0283
3,11,1,3,0.8623,0.8390,0.9546,0.8256,0.0239
3,11,1,4,0.8774,0.8594,0.9872,0.8474,0.0296
3,11,1,5,0.8579,0.8693,0.9952,0.8251,0.0176
3,11,1,6,0.7772,0.8270,0.9923,0.7258,0.0203
3,11,1,7,0.8842,0.8554,0.9892,0.8548,0.0285
3,11,1,8,0.8657,0.8435,0.9901,0.8360,0.0262
3,11,1,9,0.8442,0.8169,0.9827,0.8132,0.0293
3,11,1,10,0.4815,0.6928,0.9692,0.3336,0.0312
3,11,1,11,0.4571,0.6070,0.9763,0.3541,0.0382
3,11,2,0,0.9333,0.9408,0.9869,0.9160,0.0151
3,11,2,1,0.8219,0.7865,0.9820,0.7889,0.0395
3,11,2,2,0.7587,0.8427,0.9935,0.7064,0.0168
3,11,2,3,0.8576,0.9163,0.9943,0.8221,0.0134
3,11,2,4,0.8288,0.8670,0.9879,0.7903,0.0129
3,11,2,5,0.8377,0.8971,0.9838,0.7952,0.0138
3,11,2,6,0.8409,0.8022,0.9791,0.8120,0.0371
3,11,2,7,0.8176,0.8642,0.9328,0.7660,0.0320
3,11,2,8,0.8111,0.8603,0.9950,0.7655,0.0113
3,11,2,9,0.6321,0.7954,0.9791,0.5351,0.0157
3,11,2,10,0.8731,0.8838,0.9611,0.8389,0.0295
3,11,2,11,0.8399,0.8082,0.9829,0.8092,0.0378
3,11,3,0,0.7705,0.7205,0.9596,0.7426,0.0677
3,11,3,1,0.8568,0.8340,0.9808,0.8298,0.0293
3,11,3,2,0.8140,0.8886,0.9939,0.7714,0.0131
3,11,3,3,0.8755,0.9014,0.9837,0.8536,0.0324
3,11,3,4,0.7779,0.7167,0.9602,0.7505,0.0674
3,11,3,5,0.8442,0.8152,0.9791,0.8096,0.0258
3,11,3,6,0.8185,0.8899,0.9553,0.7684,0.0239
3,11,3,7,0.7700,0.8327,0.9991,0.7145,0.0115
3,11,3,8,0.8501,0.8857,0.9876,0.8176,0.0163
3,11,3,9,0.8272,0.8568,0.9901,0.7902,0.0197
3,11,3,10,0.8561,0.8353,0.9804,0.8289,0.0324
3,11,3,11,1.0000,1.0000,1.0000,1.0000,0.0000
3,11,4,0,0.8406,0.8652,0.9867,0.8073,0.0205
3,11,4,1,0.9318,0.9333,0.9900,0.9189,0.0226
3,11,4,2,0.7967,0.7407,0.9688,0.7672,0.0564
3,11,4,3,0.7137,0.7924,0.9492,0.6427,0.0105
3,11,4,4,0.8342,0.8094,0.9755,0.8077,0.0460
3,11,4,5,0.8546,0.8435,0.9786,0.8283,0.0341
3,11,4,6,0.8692,0.8651,0.9873,0.8370,0.0213
3,11,4,7,0.6842,0.7709,0.9950,0.6105,0.0134
3,11,4,8,0.8220,0.7776,0.9741,0.7931,0.0468
3,11,4,9,0.8510,0.8585,0.9947,0.8170,0.0151
3,11,4,10,0.7844,0.7338,0.9633,0.7557,0.0628
3,11,4,11,0.5535,0.6701,0.9582,0.4910,0.0718
3,11,5,0,0.7747,0.7139,0.9592,0.7474,0.0683
3,11,5,1,0.7647,0.6969,0.9561,0.7384,0.0718
3,11,5,2,0.8604,0.8988,0.9950,0.8303,0.0153
3,11,5,3,0.8888,0.8785,0.9882,0.8611,0.0130
3,11,5,4,0.9192,0.9280,0.9911,0.9001,0.0093
3,11,5,5,0.7771,0.7260,0.9597,0.7498,0.0670
3,11,5,6,0.8155,0.7735,0.9669,0.7902,0.0559
3,11,5,7,0.8316,0.8484,0.9799,0.8012,0.0340
3,11,5,8,0.8073,0.7667,0.9703,0.7787,0.0527
3,11,5,9,0.7907,0.7335,0.9647,0.7623,0.0611
3,11,5,10,0.8098,0.8532,0.9910,0.7684,0.0214
3,11,5,11,0.8200,0.8121,0.9743,0.7906,0.0443
3,11,6,0,0.8001,0.8099,0.9857,0.7523,0.0110
3,11,6,1,0.8036,0.7735,0.9721,0.7740,0.0512
3,11,6,2,0.8095,0.7580,0.9714,0.7802,0.0510
3,11,6,3,0.8412,0.8033,0.9865,0.8111,0.0331
3,11,6,4,0.8556,0.8610,0.9894,0.8222,0.0211
3,11,6,5,0.8404,0.8052,0.9797,0.8116,0.0384
3,11,6,6,0.7973,0.7668,0.9675,0.7676,0.0550
3,11,6,7,0.8409,0.8816,0.9774,0.8006,0.0185
3,11,6,8,0.8861,0.8856,0.9893,0.8617,0.0193
3,11,6,9,0.7662,0.6995,0.9566,0.7397,0.0716
3,11,6,10,0.7790,0.7161,0.9598,0.7521,0.0681
3,11,6,11,0.8602,0.8444,0.9835,0.8326,0.0287
3,11,7,0,0.8217,0.8286,0.9840,0.7893,0.0352
3,11,7,1,0.8061,0.7671,0.9680,0.7788,0.0542
3,11,7,2,0.7658,0.6990,0.9565,0.7393,0.0718
3,11,7,3,0.8734,0.8772,0.9886,0.8445,0.0210
3,11,7,4,0.8507,0.8526,0.9828,0.8248,0.0328
3,11,7,5,0.8390,0.7985,0.9785,0.8105,0.0384
3,11,7,6,0.8117,0.7609,0.9717,0.7835,0.0525
3,11,7,7,0.7862,0.7343,0.9639,0.7590,0.0643
3,11,7,8,0.8341,0.8552,0.9933,0.7990,0.0228
3,11,7,9,0.8447,0.8211,0.9781,0.8175,0.0392
3,11,7,10,0.7750,0.7255,0.9597,0.7477,0.0677
3,11,7,11,0.7758,0.7141,0.9602,0.7486,0.0686
3,11,8,0,0.7964,0.7462,0.9683,0.7668,0.0560
3,11,8,1,0.7737,0.7261,0.9604,0.7462,0.0676
3,11,8,2,0.8489,0.8050,0.9880,0.8201,0.0337
3,11,8,3,0.8021,0.7597,0.9755,0.7719,0.0510
3,11,8,4,0.8351,0.8308,0.9795,0.8062,0.0345
3,11,8,5,0.8207,0.8405,0.9865,0.7775,0.0167
3,11,8,6,0.8074,0.7532,0.9685,0.7804,0.0560
3,11,8,7,0.8126,0.8457,0.9860,0.7782,0.0317
3,11,8,8,0.8275,0.8573,0.9914,0.7884,0.0192
3,11,8,9,0.8454,0.8371,0.9828,0.8131,0.0268
3,11,8,10,0.8387,0.8091,0.9800,0.8085,0.0350
3,11,8,11,0.7972,0.7539,0.9675,0.7669,0.0535
3,11,9,0,0.7385,0.7400,0.9534,0.6896,0.0350
3,11,9,1,0.7786,0.7127,0.9587,0.7525,0.0689
3,11,9,2,0.7861,0.8086,0.9702,0.7451,0.0295
3,11,9,3,0.8744,0.8829,0.9929,0.8472,0.0202
3,11,9,4,0.7883,0.7294,0.9623,0.7609,0.0622
3,11,9,5,0.8024,0.7704,0.9698,0.7714,0.0514
3,11,9,6,0.7723,0.7113,0.9592,0.7448,0.0687
3,11,9,7,0.8157,0.7827,0.9754,0.7844,0.0424
3,11,9,8,0.7940,0.7565,0.9647,0.7619,0.0504
3,11,9,9,0.7697,0.7057,0.9577,0.7429,0.0707
3,11,9,10,0.8394,0.8359,0.9834,0.8090,0.0289
3,11,9,11,0.7686,0.7028,0.9577,0.7418,0.0712
3,11,10,0,0.7890,0.7606,0.9651,0.7523,0.0413
3,11,10,1,0.7775,0.7206,0.9620,0.7500,0.0672
3,11,10,2,0.7752,0.7119,0.9600,0.7479,0.0689
3,11,10,3,0.8031,0.7534,0.9693,0.7752,0.0567
3,11,10,4,0.7872,0.7390,0.9657,0.7559,0.0558
3,11,10,5,0.8266,0.8243,0.9803,0.7969,0.0357
3,11,10,6,0.7788,0.7194,0.9614,0.7502,0.0639
3,11,10,7,0.7915,0.7640,0.9672,0.7577,0.0481
3,11,10,8,0.7719,0.7085,0.9589,0.7448,0.0698
3,11,10,9,0.8371,0.8424,0.9880,0.8056,0.0277
3,11,10,10,0.7737,0.7106,0.9596,0.7463,0.0686
3,11,10,11,0.8062,0.7729,0.9708,0.7769,0.0496
3,11,11,0,0.8467,0.8474,0.8522,0.8043,0.0316
3,11,11,1,0.7963,0.7446,0.9678,0.7674,0.0585
3,11,11,2,0.7889,0.7317,0.9660,0.7605,0.0615
3,11,11,3,0.8200,0.8186,0.9818,0.7814,0.0227
3,11,11,4,0.8188,0.7733,0.9777,0.7893,0.0488
3,11,11,5,0.7972,0.7412,0.9660,0.7692,0.0588
3,11,11,6,0.7800,0.7179,0.9617,0.7525,0.0670
3,11,11,7,0.8157,0.7701,0.9730,0.7879,0.0510
3,11,11,8,0.4132,0.7038,0.9892,0.2723,0.0096
3,11,11,9,0.7792,0.7164,0.9606,0.7524,0.0685
3,11,11,10,0.8207,0.8250,0.9873,0.7826,0.0230
3,11,11,11,0.8236,0.8462,0.9856,0.7856,0.0219
4,0,0,0,0.7862,0.8063,0.8331,0.7385,0.0412
4,0,0,1,0.2031,0.3583,0.9907,0.0927,0.0502
4,0,0,2,0.8140,0.8557,0.9358,0.7737,0.0341
4,0,0,3,0.2639,0.3918,0.9926,0.1505,0.0320
4,0,0,4,0.5398,0.5711,0.9878,0.4432,0.0160
4,0,0,5,0.2613,0.4113,0.9902,0.1483,0.0323
4,0,0,6,0.6834,0.7498,0.8173,0.6075,0.0425
4,0,0,7,0.7634,0.7844,0.9312,0.7099,0.0417
4,0,0,8,0.6584,0.8123,0.9590,0.5814,0.0290
4,0,0,9,0.8017,0.8457,0.9257,0.7580,0.0446
4,0,0,10,0.7415,0.8067,0.9198,0.6818,0.0395
4,0,0,11,0.8184,0.8316,0.8822,0.7795,0.0462
4,0,1,0,0.8115,0.8119,0.9869,0.7714,0.0264
4,0,1,1,0.8459,0.8647,0.9780,0.8133,0.0324
4,0,1,2,0.7896,0.8446,0.9782,0.7435,0.0391
4,0,1,3,0.7892,0.7739,0.8975,0.7426,0.0328
4,0,1,4,0.7795,0.8137,0.9636,0.7332,0.0302
4,0,1,5,0.7772,0.8166,0.9897,0.7319,0.0189
4,0,1,6,0.7323,0.7984,0.9812,0.6780,0.0164
4,0,1,7,0.8154,0.8405,0.9616,0.7760,0.0342
4,0,1,8,0.7751,0.8134,0.9914,0.7305,0.0192
4,0,1,9,0.7492,0.8011,0.9939,0.7028,0.0159
4,0,1,10,0.4211,0.6243,0.9205,0.2783,0.0454
4,0,1,11,0.3703,0.4590,0.9943,0.2635,0.0201
4,0,2,0,0.8724,0.8698,0.9484,0.8462,0.0324
4,0,2,1,0.7758,0.7803,0.9832,0.7364,0.0258
4,0,2,2,0.7434,0.7519,0.9977,0.6937,0.0113
4,0,2,3,0.8007,0.8320,0.9940,0.7583,0.0234
4,0,2,4,0.8664,0.8808,0.9981,0.8399,0.0142
4,0,2,5,0.8057,0.8330,0.9598,0.7635,0.0295
4,0,2,6,0.7503,0.7704,0.9919,0.7067,0.0243
4,0,2,7,0.7514,0.7908,0.8700,0.6940,0.0472
4,0,2,8,0.9143,0.9189,0.9766,0.8970,0.0184
4,0,2,9,0.5721,0.7252,0.9369,0.4748,0.0270
4,0,2,10,0.7977,0.8252,0.9121,0.7530,0.0424
4,0,2,11,0.7692,0.7743,0.9871,0.7275,0.0249
4,0,3,0,0.7096,0.6974,0.9817,0.6717,0.0472
4,0,3,1,0.7707,0.8133,0.9927,0.7294,0.0148
4,0,3,2,0.7649,0.7711,0.9938,0.7174,0.0142
4,0,3,3,0.8458,0.8518,0.9968,0.8189,0.0172
4,0,3,4,0.7144,0.7010,0.9808,0.6767,0.0470
4,0,3,5,0.7346,0.7961,0.9558,0.6819,0.0188
4,0,3,6,0.7164,0.8253,0.8969,0.6505,0.0396
4,0,3,7,0.6201,0.7192,0.9876,0.5401,0.0194
4,0,3,8,0.8694,0.8757,0.9992,0.8438,0.0115
4,0,3,9,0.9130,0.9390,0.9984,0.8962,0.0118
4,0,3,10,0.7695,0.7896,0.9924,0.7280,0.0138
4,0,3,11,0.8406,0.8652,0.9867,0.8073,0.0205
4,0,4,0,1.0000,1.0000,1.0000,1.0000,0.0000
4,0,4,1,0.8362,0.8337,0.9967,0.8054,0.0068
4,0,4,2,0.7348,0.7267,0.9841,0.6954,0.0380
4,0,4,3,0.5948,0.7493,0.8957,0.5075,0.0205
4,0,4,4,0.7731,0.7822,0.9855,0.7365,0.0258
4,0,4,5,0.7888,0.8159,0.9893,0.7516,0.0181
4,0,4,6,0.7788,0.8457,0.9652,0.7320,0.0247
4,0,4,7,0.5864,0.6600,0.9852,0.5017,0.0113
4,0,4,8,0.7373,0.7502,0.9878,0.6948,0.0300
4,0,4,9,0.8278,0.8885,0.9840,0.7932,0.0148
4,0,4,10,0.7069,0.7053,0.9795,0.6658,0.0426
4,0,4,11,0.4996,0.5579,0.9887,0.4336,0.0513
4,0,5,0,0.7171,0.6977,0.9816,0.6803,0.0479
4,0,5,1,0.7023,0.6800,0.9801,0.6655,0.0513
4,0,5,2,0.7738,0.8512,0.9917,0.7297,0.0098
4,0,5,3,0.8644,0.8815,0.9604,0.8362,0.0222
4,0,5,4,0.8552,0.8703,0.9795,0.8256,0.0146
4,0,5,5,0.7101,0.7029,0.9809,0.6718,0.0466
4,0,5,6,0.7516,0.7497,0.9865,0.7155,0.0354
4,0,5,7,0.7796,0.8031,0.9924,0.7415,0.0135
4,0,5,8,0.7351,0.7500,0.9854,0.6949,0.0325
4,0,5,9,0.7155,0.7145,0.9825,0.6750,0.0409
4,0,5,10,0.7085,0.8126,0.9802,0.6517,0.0130
4,0,5,11,0.7345,0.7640,0.9908,0.6913,0.0249
4,0,6,0,0.8388,0.8899,0.9578,0.8056,0.0163
4,0,6,1,0.7313,0.7456,0.9817,0.6902,0.0310
4,0,6,2,0.7363,0.7446,0.9840,0.6952,0.0342
4,0,6,3,0.7554,0.7923,0.9901,0.7115,0.0223
4,0,6,4,0.7841,0.8083,0.9690,0.7403,0.0138
4,0,6,5,0.7483,0.7690,0.9885,0.7043,0.0240
4,0,6,6,0.7333,0.7343,0.9840,0.6935,0.0350
4,0,6,7,0.7557,0.8133,0.9455,0.7029,0.0248
4,0,6,8,0.8367,0.8347,0.9801,0.8049,0.0093
4,0,6,9,0.7032,0.6823,0.9801,0.6663,0.0512
4,0,6,10,0.7087,0.6958,0.9820,0.6702,0.0476
4,0,6,11,0.8324,0.8284,0.9863,0.8014,0.0125
4,0,7,0,0.8552,0.8371,0.9909,0.8302,0.0168
4,0,7,1,0.7001,0.7226,0.9849,0.6556,0.0340
4,0,7,2,0.7028,0.6814,0.9801,0.6660,0.0513
4,0,7,3,0.8216,0.8409,0.9687,0.7857,0.0157
4,0,7,4,0.8171,0.8347,0.9956,0.7859,0.0178
4,0,7,5,0.7724,0.7924,0.9869,0.7332,0.0222
4,0,7,6,0.7124,0.7258,0.9847,0.6682,0.0352
4,0,7,7,0.7181,0.7128,0.9831,0.6797,0.0438
4,0,7,8,0.8174,0.8518,0.9834,0.7823,0.0134
4,0,7,9,0.7813,0.7912,0.9793,0.7439,0.0224
4,0,7,10,0.7117,0.7030,0.9816,0.6740,0.0472
4,0,7,11,0.7128,0.6966,0.9817,0.6752,0.0481
4,0,8,0,0.7290,0.7280,0.9835,0.6886,0.0366
4,0,8,1,0.7137,0.7062,0.9825,0.6763,0.0471
4,0,8,2,0.7359,0.7845,0.9922,0.6882,0.0209
4,0,8,3,0.7234,0.7348,0.9835,0.6807,0.0316
4,0,8,4,0.8240,0.8360,0.9904,0.7942,0.0169
4,0,8,5,0.8424,0.8767,0.9650,0.8098,0.0219
4,0,8,6,0.7160,0.7240,0.9836,0.6742,0.0358
4,0,8,7,0.9060,0.8983,0.9985,0.8899,0.0139
4,0,8,8,0.7744,0.8386,0.9816,0.7291,0.0192
4,0,8,9,0.7562,0.7972,0.9725,0.7097,0.0157
4,0,8,10,0.7734,0.7776,0.9774,0.7331,0.0201
4,0,8,11,0.7208,0.7246,0.9735,0.6784,0.0336
4,0,9,0,0.6858,0.7160,0.9288,0.6315,0.0180
4,0,9,1,0.7094,0.6932,0.9814,0.6718,0.0484
4,0,9,2,0.6991,0.7585,0.9557,0.6455,0.0148
4,0,9,3,0.8635,0.8738,0.9899,0.8369,0.0150
4,0,9,4,0.7044,0.7012,0.9796,0.6635,0.0417
4,0,9,5,0.7370,0.7369,0.9740,0.6958,0.0315
4,0,9,6,0.7073,0.6924,0.9795,0.6692,0.0483
4,0,9,7,0.7257,0.7599,0.9801,0.6802,0.0256
4,0,9,8,0.7133,0.7230,0.9649,0.6688,0.0304
4,0,9,9,0.7035,0.6861,0.9801,0.6658,0.0502
4,0,9,10,0.8160,0.8370,0.9960,0.7831,0.0131
4,0,9,11,0.7059,0.6856,0.9803,0.6687,0.0508
4,0,10,0,0.7083,0.7411,0.9574,0.6596,0.0214
4,0,10,1,0.7082,0.7013,0.9823,0.6694,0.0467
4,0,10,2,0.7113,0.6947,0.9804,0.6736,0.0484
4,0,10,3,0.7206,0.7244,0.9831,0.6794,0.0365
4,0,10,4,0.7209,0.7238,0.9774,0.6793,0.0358
4,0,10,5,0.7596,0.8106,0.9957,0.7192,0.0205
4,0,10,6,0.7102,0.6991,0.9775,0.6706,0.0437
4,0,10,7,0.7275,0.7358,0.9682,0.6842,0.0282
4,0,10,8,0.7081,0.6910,0.9807,0.6705,0.0493
4,0,10,9,0.7719,0.8140,0.9891,0.7305,0.0161
4,0,10,10,0.7080,0.6925,0.9805,0.6698,0.0481
4,0,10,11,0.7804,0.7707,0.9857,0.7471,0.0294
4,0,11,0,0.7646,0.7801,0.7580,0.7110,0.0487
4,0,11,1,0.7226,0.7219,0.9834,0.6818,0.0386
4,0,11,2,0.7196,0.7107,0.9821,0.6800,0.0413
4,0,11,3,0.7739,0.7981,0.9677,0.7303,0.0156
4,0,11,4,0.7537,0.7490,0.9851,0.7138,0.0325
4,0,11,5,0.7144,0.7151,0.9800,0.6730,0.0388
4,0,11,6,0.7110,0.6972,0.9816,0.6722,0.0468
4,0,11,7,0.7305,0.7447,0.9854,0.6888,0.0316
4,0,11,8,0.3930,0.6391,0.9786,0.2653,0.0185
4,0,11,9,0.7104,0.6953,0.9818,0.6723,0.0480
4,0,11,10,0.7964,0.8060,0.9788,0.7574,0.0130
4,0,11,11,0.7620,0.8046,0.9778,0.7159,0.0156
4,1,0,0,0.8167,0.8254,0.8532,0.7783,0.0441
4,1,0,1,0.1950,0.4335,0.9807,0.0849,0.0487
4,1,0,2,0.8982,0.8801,0.9479,0.8787,0.0359
4,1,0,3,0.2433,0.4664,0.9824,0.1282,0.0296
4,1,0,4,0.4818,0.5719,0.9839,0.3746,0.0165
4,1,0,5,0.2528,0.4809,0.9799,0.1400,0.0289
4,1,0,6,0.7174,0.7756,0.8400,0.6526,0.0459
4,1,0,7,0.7675,0.8243,0.9409,0.7164,0.0446
4,1,0,8,0.7160,0.7851,0.9664,0.6539,0.0324
4,1,0,9,0.8678,0.8642,0.9376,0.8421,0.0464
4,1,0,10,0.8022,0.8310,0.9288,0.7601,0.0426
4,1,0,11,0.8637,0.8472,0.8957,0.8385,0.0485
4,1,1,0,0.7924,0.8628,0.9899,0.7490,0.0293
4,1,1,1,0.9041,0.8983,0.9844,0.8857,0.0350
4,1,1,2,0.8451,0.8615,0.9823,0.8132,0.0415
4,1,1,3,0.8860,0.8444,0.9155,0.8641,0.0349
4,1,1,4,0.9045,0.8901,0.9762,0.8857,0.0302
4,1,1,5,0.8938,0.9035,0.9957,0.8729,0.0181
4,1,1,6,0.8048,0.8266,0.9910,0.7660,0.0156
4,1,1,7,0.8970,0.8736,0.9718,0.8768,0.0342
4,1,1,8,0.9033,0.8849,0.9964,0.8846,0.0194
4,1,1,9,0.8929,0.8672,0.9968,0.8734,0.0148
4,1,1,10,0.3588,0.6345,0.9278,0.2022,0.0488
4,1,1,11,0.3861,0.5424,0.9847,0.2834,0.0182
4,1,2,0,0.8878,0.8822,0.9565,0.8664,0.0353
4,1,2,1,0.8910,0.8567,0.9919,0.8722,0.0240
4,1,2,2,0.6878,0.7843,0.9953,0.6282,0.0092
4,1,2,3,0.8404,0.9035,0.9945,0.8077,0.0252
4,1,2,4,0.8465,0.8871,0.9992,0.8165,0.0142
4,1,2,5,0.7993,0.8652,0.9678,0.7567,0.0324
4,1,2,6,0.8879,0.8652,0.9963,0.8687,0.0211
4,1,2,7,0.7579,0.8080,0.8846,0.7040,0.0506
4,1,2,8,0.7475,0.7932,0.9843,0.6956,0.0218
4,1,2,9,0.5663,0.7240,0.9509,0.4695,0.0304
4,1,2,10,0.8535,0.8659,0.9266,0.8242,0.0450
4,1,2,11,0.9055,0.8692,0.9948,0.8887,0.0231
4,1,3,0,0.8694,0.8110,0.9874,0.8550,0.0457
4,1,3,1,0.9167,0.8954,0.9959,0.9019,0.0125
4,1,3,2,0.7208,0.8088,0.9928,0.6653,0.0142
4,1,3,3,0.9379,0.9486,0.9991,0.9273,0.0143
4,1,3,4,0.8757,0.8083,0.9871,0.8618,0.0454
4,1,3,5,0.8694,0.8630,0.9713,0.8440,0.0177
4,1,3,6,0.7403,0.8351,0.9119,0.6822,0.0430
4,1,3,7,0.7256,0.7832,0.9921,0.6692,0.0213
4,1,3,8,0.8104,0.8511,0.9956,0.7740,0.0118
4,1,3,9,0.8525,0.8378,0.9965,0.8245,0.0100
4,1,3,10,0.9139,0.8915,0.9969,0.8986,0.0114
4,1,3,11,0.9318,0.9333,0.9900,0.9189,0.0226
4,1,4,0,0.8362,0.8337,0.9967,0.8054,0.0068
4,1,4,1,1.0000,1.0000,1.0000,1.0000,0.0000
4,1,4,2,0.8789,0.8260,0.9906,0.8622,0.0357
4,1,4,3,0.7023,0.7840,0.9200,0.6398,0.0213
4,1,4,4,0.9113,0.8760,0.9936,0.8978,0.0243
4,1,4,5,0.8932,0.8902,0.9955,0.8748,0.0160
4,1,4,6,0.8787,0.8926,0.9772,0.8543,0.0260
4,1,4,7,0.6184,0.7053,0.9829,0.5415,0.0139
4,1,4,8,0.8881,0.8537,0.9942,0.8708,0.0277
4,1,4,9,0.8315,0.8647,0.9925,0.7983,0.0135
4,1,4,10,0.8741,0.8225,0.9876,0.8585,0.0411
4,1,4,11,0.4710,0.6139,0.9783,0.4017,0.0497
4,1,5,0,0.8722,0.8060,0.9872,0.8582,0.0463
4,1,5,1,0.8660,0.7927,0.9856,0.8527,0.0497
4,1,5,2,0.8243,0.9162,0.9975,0.7905,0.0104
4,1,5,3,0.8888,0.8826,0.9721,0.8666,0.0235
4,1,5,4,0.9384,0.9527,0.9883,0.9266,0.0169
4,1,5,5,0.8726,0.8211,0.9873,0.8583,0.0450
4,1,5,6,0.9076,0.8580,0.9917,0.8959,0.0338
4,1,5,7,0.8685,0.8934,0.9974,0.8461,0.0122
4,1,5,8,0.8948,0.8454,0.9914,0.8802,0.0310
4,1,5,9,0.8766,0.8194,0.9891,0.8609,0.0394
4,1,5,10,0.8205,0.8818,0.9916,0.7861,0.0119
4,1,5,11,0.8887,0.8925,0.9955,0.8714,0.0228
4,1,6,0,0.7948,0.8049,0.9678,0.7531,0.0178
4,1,6,1,0.8816,0.8519,0.9909,0.8647,0.0294
4,1,6,2,0.8869,0.8428,0.9913,0.8704,0.0319
4,1,6,3,0.8660,0.8665,0.9964,0.8424,0.0202
4,1,6,4,0.8869,0.8870,0.9811,0.8646,0.0146
4,1,6,5,0.8947,0.8710,0.9954,0.8767,0.0222
4,1,6,6,0.8851,0.8521,0.9911,0.8694,0.0335
4,1,6,7,0.8367,0.8946,0.9609,0.8031,0.0266
4,1,6,8,0.9225,0.9080,0.9910,0.9077,0.0098
4,1,6,9,0.8674,0.7948,0.9857,0.8540,0.0496
4,1,6,10,0.8705,0.8087,0.9876,0.8559,0.0460
4,1,6,11,0.9278,0.8996,0.9945,0.9146,0.0122
4,1,7,0,0.8997,0.8758,0.9966,0.8827,0.0152
4,1,7,1,0.8796,0.8468,0.9915,0.8634,0.0324
4,1,7,2,0.8668,0.7945,0.9857,0.8535,0.0497
4,1,7,3,0.9276,0.9075,0.9811,0.9136,0.0163
4,1,7,4,0.9268,0.9243,0.9985,0.9147,0.0147
4,1,7,5,0.8963,0.8614,0.9933,0.8789,0.0203
4,1,7,6,0.8778,0.8379,0.9920,0.8603,0.0328
4,1,7,7,0.8727,0.8245,0.9894,0.8576,0.0422
4,1,7,8,0.8724,0.8808,0.9923,0.8483,0.0121
4,1,7,9,0.9315,0.8940,0.9902,0.9202,0.0206
4,1,7,10,0.8718,0.8192,0.9875,0.8576,0.0457
4,1,7,11,0.8727,0.8051,0.9875,0.8586,0.0466
4,1,8,0,0.8804,0.8311,0.9905,0.8639,0.0342
4,1,8,1,0.8685,0.8207,0.9881,0.8538,0.0455
4,1,8,2,0.8894,0.8567,0.9964,0.8697,0.0180
4,1,8,3,0.8808,0.8383,0.9920,0.8636,0.0293
4,1,8,4,0.9279,0.9052,0.9962,0.9161,0.0148
4,1,8,5,0.8579,0.8627,0.9756,0.8292,0.0224
4,1,8,6,0.8819,0.8367,0.9907,0.8661,0.0342
4,1,8,7,0.8755,0.8565,0.9982,0.8543,0.0123
4,1,8,8,0.8546,0.9000,0.9915,0.8261,0.0199
4,1,8,9,0.8919,0.8898,0.9856,0.8716,0.0173
4,1,8,10,0.9056,0.8740,0.9892,0.8892,0.0182
4,1,8,11,0.8850,0.8310,0.9846,0.8689,0.0320
4,1,9,0,0.8175,0.8046,0.9519,0.7866,0.0167
4,1,9,1,0.8718,0.8057,0.9870,0.8579,0.0468
4,1,9,2,0.8468,0.8725,0.9745,0.8200,0.0127
4,1,9,3,0.9434,0.9227,0.9960,0.9326,0.0131
4,1,9,4,0.8683,0.8208,0.9874,0.8522,0.0401
4,1,9,5,0.8923,0.8470,0.9861,0.8765,0.0299
4,1,9,6,0.8703,0.8046,0.9863,0.8561,0.0467
4,1,9,7,0.8789,0.8566,0.9899,0.8595,0.0237
4,1,9,8,0.8817,0.8325,0.9791,0.8645,0.0289
4,1,9,9,0.8681,0.8000,0.9861,0.8543,0.0487
4,1,9,10,0.9146,0.9018,0.9987,0.8995,0.0113
4,1,9,11,0.8681,0.7974,0.9862,0.8544,0.0492
4,1,10,0,0.8593,0.8374,0.9738,0.8364,0.0198
4,1,10,1,0.8693,0.8144,0.9884,0.8544,0.0451
4,1,10,2,0.8737,0.8044,0.9869,0.8598,0.0468
4,1,10,3,0.8824,0.8364,0.9907,0.8666,0.0349
4,1,10,4,0.8764,0.8231,0.9866,0.8594,0.0342
4,1,10,5,0.8924,0.8793,0.9982,0.8749,0.0171
4,1,10,6,0.8728,0.8105,0.9859,0.8577,0.0421
4,1,10,7,0.8750,0.8441,0.9824,0.8560,0.0266
4,1,10,8,0.8710,0.8028,0.9867,0.8571,0.0478
4,1,10,9,0.8896,0.8970,0.9974,0.8698,0.0135
4,1,10,10,0.8701,0.8036,0.9868,0.8557,0.0466
4,1,10,11,0.8923,0.8540,0.9921,0.8770,0.0278
4,1,11,0,0.8133,0.7938,0.7799,0.7756,0.0518
4,1,11,1,0.8782,0.8288,0.9903,0.8618,0.0365
4,1,11,2,0.8783,0.8182,0.9892,0.8630,0.0397
4,1,11,3,0.8660,0.8711,0.9808,0.8405,0.0138
4,1,11,4,0.8965,0.8438,0.9931,0.8806,0.0302
4,1,11,5,0.8826,0.8270,0.9885,0.8673,0.0373
4,1,11,6,0.8733,0.8084,0.9879,0.8587,0.0453
4,1,11,7,0.8889,0.8464,0.9923,0.8729,0.0293
4,1,11,8,0.2969,0.6391,0.9755,0.1511,0.0188
4,1,11,9,0.8742,0.8078,0.9877,0.8603,0.0464
4,1,11,10,0.8796,0.8796,0.9899,0.8569,0.0125
4,1,11,11,0.8756,0.8922,0.9890,0.8519,0.0159
4,2,0,0,0.7924,0.7540,0.8237,0.7658,0.0729
4,2,0,1,0.1378,0.1842,0.9661,0.0389,0.0146
4,2,0,2,0.8866,0.8651,0.9275,0.8767,0.0632
4,2,0,3,0.1688,0.2059,0.9660,0.0633,0.0165
4,2,0,4,0.4000,0.3441,0.9608,0.2991,0.0506
4,2,0,5,0.2231,0.2186,0.9621,0.1252,0.0181
4,2,0,6,0.6350,0.6099,0.8090,0.5720,0.0769
4,2,0,7,0.6099,0.5870,0.9189,0.5417,0.0774
4,2,0,8,0.6626,0.6687,0.9441,0.6068,0.0626
4,2,0,9,0.8470,0.8252,0.9137,0.8315,0.0727
4,2,0,10,0.7973,0.7454,0.8931,0.7722,0.0749
4,2,0,11,0.8326,0.7934,0.8623,0.8171,0.0766
4,2,1,0,0.6470,0.6267,0.9747,0.5890,0.0607
4,2,1,1,0.8627,0.8394,0.9684,0.8470,0.0636
4,2,1,2,0.8163,0.7936,0.9604,0.7921,0.0698
4,2,1,3,0.9226,0.8805,0.8958,0.9215,0.0596
4,2,1,4,0.9443,0.9301,0.9669,0.9418,0.0480
4,2,1,5,0.9322,0.9051,0.9845,0.9257,0.0446
4,2,1,6,0.8394,0.7987,0.9847,0.8169,0.0429
4,2,1,7,0.9164,0.9007,0.9589,0.9103,0.0547
4,2,1,8,0.9549,0.9517,0.9917,0.9514,0.0391
4,2,1,9,0.9621,0.9596,0.9960,0.9583,0.0298
4,2,1,10,0.2145,0.5319,0.8882,0.0564,0.0798
4,2,1,11,0.3539,0.2722,0.9660,0.2640,0.0227
4,2,2,0,0.7506,0.6953,0.9262,0.7131,0.0678
4,2,2,1,0.9879,0.9828,0.9958,0.9871,0.0193
4,2,2,2,0.4209,0.4416,0.9813,0.3304,0.0412
4,2,2,3,0.6958,0.6683,0.9797,0.6473,0.0585
4,2,2,4,0.8508,0.8556,0.9920,0.8300,0.0464
4,2,2,5,0.6509,0.6392,0.9540,0.5928,0.0652
4,2,2,6,0.9750,0.9791,0.9982,0.9723,0.0219
4,2,2,7,0.6886,0.6622,0.8563,0.6388,0.0819
4,2,2,8,0.6058,0.6485,0.9720,0.5415,0.0525
4,2,2,9,0.4320,0.5169,0.9323,0.3295,0.0606
4,2,2,10,0.8338,0.7930,0.9043,0.8155,0.0733
4,2,2,11,0.9887,0.9853,0.9964,0.9884,0.0223
4,2,3,0,0.9956,0.9962,0.9990,0.9955,0.0118
4,2,3,1,0.9550,0.9476,0.9966,0.9497,0.0272
4,2,3,2,0.4676,0.4644,0.9803,0.3814,0.0478
4,2,3,3,0.8803,0.8695,0.9932,0.8638,0.0306
4,2,3,4,0.9966,0.9971,0.9993,0.9965,0.0113
4,2,3,5,0.9549,0.9517,0.9712,0.9515,0.0387
4,2,3,6,0.6201,0.6309,0.8840,0.5540,0.0748
4,2,3,7,0.6335,0.5810,0.9766,0.5743,0.0538
4,2,3,8,0.6114,0.5876,0.9811,0.5513,0.0449
4,2,3,9,0.7776,0.7790,0.9831,0.7448,0.0420
4,2,3,10,0.9740,0.9663,0.9960,0.9715,0.0243
4,2,3,11,0.7967,0.7407,0.9688,0.7672,0.0564
4,2,4,0,0.7348,0.7267,0.9841,0.6954,0.0380
4,2,4,1,0.8789,0.8260,0.9906,0.8622,0.0357
4,2,4,2,1.0000,1.0000,1.0000,1.0000,0.0000
4,2,4,3,0.7175,0.6791,0.9024,0.6732,0.0551
4,2,4,4,0.9892,0.9843,0.9989,0.9880,0.0125
4,2,4,5,0.9622,0.9494,0.9977,0.9577,0.0226
4,2,4,6,0.9171,0.9120,0.9696,0.9098,0.0522
4,2,4,7,0.5446,0.5012,0.9635,0.4710,0.0467
4,2,4,8,0.9917,0.9912,0.9993,0.9908,0.0106
4,2,4,9,0.8472,0.8113,0.9840,0.8259,0.0447
4,2,4,10,0.9973,0.9968,0.9996,0.9970,0.0080
4,2,4,11,0.2195,0.2897,0.9647,0.1314,0.0156
4,2,5,0,0.9966,0.9964,0.9989,0.9966,0.0122
4,2,5,1,0.9955,0.9947,0.9984,0.9957,0.0156
4,2,5,2,0.8739,0.8477,0.9884,0.8567,0.0432
4,2,5,3,0.9093,0.8908,0.9617,0.9009,0.0555
4,2,5,4,0.8937,0.8493,0.9797,0.8811,0.0495
4,2,5,5,0.9966,0.9964,0.9991,0.9966,0.0109
4,2,5,6,0.9887,0.9911,0.9992,0.9873,0.0079
4,2,5,7,0.9147,0.8997,0.9974,0.9032,0.0258
4,2,5,8,0.9890,0.9920,0.9998,0.9876,0.0063
4,2,5,9,0.9972,0.9977,0.9998,0.9969,0.0052
4,2,5,10,0.9090,0.8693,0.9851,0.8976,0.0387
4,2,5,11,0.9784,0.9651,0.9980,0.9757,0.0165
4,2,6,0,0.8253,0.7939,0.9591,0.8007,0.0509
4,2,6,1,0.9860,0.9851,0.9992,0.9842,0.0084
4,2,6,2,0.9962,0.9953,0.9998,0.9958,0.0064
4,2,6,3,0.9684,0.9671,0.9961,0.9650,0.0262
4,2,6,4,0.9544,0.9445,0.9749,0.9518,0.0408
4,2,6,5,0.9864,0.9844,0.9979,0.9853,0.0188
4,2,6,6,0.9958,0.9930,0.9994,0.9953,0.0056
4,2,6,7,0.8681,0.8287,0.9500,0.8526,0.0558
4,2,6,8,0.9211,0.8923,0.9880,0.9116,0.0397
4,2,6,9,0.9957,0.9950,0.9986,0.9958,0.0155
4,2,6,10,0.9977,0.9972,0.9990,0.9977,0.0119
4,2,6,11,0.9730,0.9711,0.9959,0.9708,0.0277
4,2,7,0,0.9280,0.9412,0.9974,0.9185,0.0278
4,2,7,1,0.9857,0.9867,0.9996,0.9839,0.0096
4,2,7,2,0.9956,0.9949,0.9985,0.9958,0.0156
4,2,7,3,0.9475,0.9359,0.9753,0.9434,0.0407
4,2,7,4,0.9310,0.9171,0.9953,0.9218,0.0252
4,2,7,5,0.9877,0.9865,0.9985,0.9866,0.0180
4,2,7,6,0.9940,0.9954,0.9998,0.9932,0.0045
4,2,7,7,0.9964,0.9969,0.9996,0.9961,0.0087
4,2,7,8,0.9124,0.8921,0.9858,0.9013,0.0338
4,2,7,9,0.9828,0.9780,0.9958,0.9810,0.0174
4,2,7,10,0.9953,0.9958,0.9990,0.9951,0.0115
4,2,7,11,0.9968,0.9967,0.9992,0.9968,0.0125
4,2,8,0,0.9978,0.9981,0.9999,0.9975,0.0017
4,2,8,1,0.9949,0.9950,0.9989,0.9946,0.0122
4,2,8,2,0.9734,0.9729,0.9949,0.9709,0.0258
4,2,8,3,0.9879,0.9856,0.9990,0.9864,0.0077
4,2,8,4,0.9585,0.9562,0.9982,0.9532,0.0235
4,2,8,5,0.8673,0.8599,0.9687,0.8503,0.0526
4,2,8,6,0.9924,0.9949,0.9999,0.9915,0.0059
4,2,8,7,0.8388,0.8612,0.9919,0.8163,0.0281
4,2,8,8,0.9053,0.8849,0.9846,0.8939,0.0428
4,2,8,9,0.9687,0.9647,0.9871,0.9664,0.0312
4,2,8,10,0.9864,0.9814,0.9936,0.9856,0.0214
4,2,8,11,0.9945,0.9943,0.9972,0.9938,0.0058
4,2,9,0,0.9236,0.9006,0.9619,0.9134,0.0264
4,2,9,1,0.9973,0.9967,0.9988,0.9974,0.0127
4,2,9,2,0.9459,0.9237,0.9807,0.9391,0.0274
4,2,9,3,0.9161,0.9207,0.9896,0.9059,0.0391
4,2,9,4,0.9947,0.9953,0.9996,0.9942,0.0105
4,2,9,5,0.9948,0.9942,0.9966,0.9942,0.0068
4,2,9,6,0.9966,0.9966,0.9993,0.9966,0.0126
4,2,9,7,0.9834,0.9804,0.9974,0.9814,0.0143
4,2,9,8,0.9909,0.9891,0.9929,0.9898,0.0087
4,2,9,9,0.9964,0.9960,0.9989,0.9965,0.0146
4,2,9,10,0.9231,0.9083,0.9939,0.9130,0.0325
4,2,9,11,0.9963,0.9957,0.9988,0.9965,0.0151
4,2,10,0,0.9791,0.9738,0.9864,0.9766,0.0174
4,2,10,1,0.9971,0.9973,0.9994,0.9971,0.0110
4,2,10,2,0.9969,0.9968,0.9993,0.9969,0.0127
4,2,10,3,0.9962,0.9968,0.9999,0.9958,0.0045
4,2,10,4,0.9958,0.9964,0.9991,0.9953,0.0041
4,2,10,5,0.9026,0.8925,0.9946,0.8895,0.0278
4,2,10,6,0.9974,0.9974,0.9994,0.9973,0.0077
4,2,10,7,0.9914,0.9879,0.9941,0.9904,0.0117
4,2,10,8,0.9965,0.9963,0.9991,0.9965,0.0136
4,2,10,9,0.9129,0.8988,0.9935,0.9013,0.0306
4,2,10,10,0.9971,0.9968,0.9992,0.9971,0.0125
4,2,10,11,0.9857,0.9870,0.9999,0.9838,0.0105
4,2,11,0,0.7515,0.7017,0.7450,0.7183,0.0841
4,2,11,1,0.9982,0.9983,1.0000,0.9979,0.0031
4,2,11,2,0.9979,0.9982,0.9999,0.9977,0.0054
4,2,11,3,0.9541,0.9574,0.9831,0.9498,0.0353
4,2,11,4,0.9967,0.9960,0.9987,0.9965,0.0089
4,2,11,5,0.9962,0.9972,0.9997,0.9957,0.0052
4,2,11,6,0.9976,0.9974,0.9995,0.9975,0.0109
4,2,11,7,0.9937,0.9942,0.9998,0.9929,0.0064
4,2,11,8,0.1877,0.4775,0.9419,0.0487,0.0537
4,2,11,9,0.9970,0.9969,0.9992,0.9970,0.0123
4,2,11,10,0.9521,0.9556,0.9888,0.9474,0.0345
4,2,11,11,0.9486,0.9433,0.9881,0.9436,0.0366
4,3,0,0,0.8258,0.8669,0.9652,0.7776,0.0291
4,3,0,1,0.2608,0.4364,0.8602,0.1462,0.0697
4,3,0,2,0.7744,0.8036,0.9760,0.7147,0.0241
4,3,0,3,0.3065,0.4773,0.8720,0.1866,0.0506
4,3,0,4,0.5141,0.6309,0.9262,0.3972,0.0066
4,3,0,5,0.3296,0.4796,0.8622,0.2148,0.0498
4,3,0,6,0.8299,0.8832,0.9593,0.7824,0.0307
4,3,0,7,0.6721,0.7559,0.9585,0.5803,0.0304
4,3,0,8,0.6659,0.7615,0.9639,0.5776,0.0177
4,3,0,9,0.7782,0.7896,0.9703,0.7170,0.0346
4,3,0,10,0.7412,0.7937,0.9640,0.6675,0.0269
4,3,0,11,0.7641,0.8125,0.9671,0.6964,0.0336
4,3,1,0,0.6263,0.7079,0.9330,0.5316,0.0195
4,3,1,1,0.7264,0.7534,0.9457,0.6551,0.0251
4,3,1,2,0.6975,0.7309,0.9420,0.6167,0.0310
4,3,1,3,0.8209,0.8416,0.9847,0.7727,0.0247
4,3,1,4,0.7805,0.7812,0.9628,0.7268,0.0268
4,3,1,5,0.7335,0.7593,0.9392,0.6715,0.0173
4,3,1,6,0.7331,0.8068,0.9532,0.6713,0.0164
4,3,1,7,0.7739,0.7707,0.9663,0.7163,0.0269
4,3,1,8,0.7287,0.7250,0.9263,0.6677,0.0247
4,3,1,9,0.7154,0.7021,0.9063,0.6568,0.0274
4,3,1,10,0.5858,0.7365,0.9721,0.4680,0.0365
4,3,1,11,0.4112,0.5219,0.8740,0.2990,0.0363
4,3,2,0,0.7137,0.8318,0.9696,0.6362,0.0201
4,3,2,1,0.7397,0.7316,0.9318,0.6897,0.0379
4,3,2,2,0.5643,0.6866,0.9127,0.4688,0.0147
4,3,2,3,0.6300,0.7052,0.9184,0.5374,0.0147
4,3,2,4,0.6670,0.7752,0.9091,0.5915,0.0110
4,3,2,5,0.6766,0.7585,0.9441,0.5914,0.0198
4,3,2,6,0.7191,0.6994,0.9063,0.6654,0.0348
4,3,2,7,0.7312,0.7893,0.9478,0.6525,0.0354
4,3,2,8,0.6176,0.7681,0.9574,0.5250,0.0136
4,3,2,9,0.7439,0.8480,0.9824,0.6765,0.0171
4,3,2,10,0.7859,0.7991,0.9615,0.7267,0.0306
4,3,2,11,0.7501,0.7272,0.9244,0.7006,0.0359
4,3,3,0,0.6892,0.6526,0.8847,0.6470,0.0666
4,3,3,1,0.7144,0.7053,0.9043,0.6575,0.0287
4,3,3,2,0.5557,0.6828,0.9181,0.4532,0.0121
4,3,3,3,0.7000,0.7632,0.9067,0.6421,0.0303
4,3,3,4,0.6921,0.6555,0.8888,0.6497,0.0664
4,3,3,5,0.8127,0.8089,0.9693,0.7709,0.0230
4,3,3,6,0.7904,0.8375,0.9736,0.7320,0.0275
4,3,3,7,0.8056,0.8251,0.9497,0.7587,0.0139
4,3,3,8,0.5818,0.7118,0.8937,0.4890,0.0144
4,3,3,9,0.6319,0.7588,0.9121,0.5517,0.0163
4,3,3,10,0.7215,0.7126,0.9049,0.6662,0.0314
4,3,3,11,0.7137,0.7924,0.9492,0.6427,0.0105
4,3,4,0,0.5948,0.7493,0.8957,0.5075,0.0205
4,3,4,1,0.7023,0.7840,0.9200,0.6398,0.0213
4,3,4,2,0.7175,0.6791,0.9024,0.6732,0.0551
4,3,4,3,1.0000,1.0000,1.0000,1.0000,0.0000
4,3,4,4,0.7478,0.7363,0.9143,0.7045,0.0450
4,3,4,5,0.7456,0.7521,0.9099,0.6968,0.0328
4,3,4,6,0.7897,0.7924,0.9612,0.7378,0.0181
4,3,4,7,0.5724,0.6555,0.9260,0.4724,0.0115
4,3,4,8,0.7270,0.6968,0.9060,0.6796,0.0455
4,3,4,9,0.7590,0.7808,0.9529,0.7037,0.0112
4,3,4,10,0.7139,0.6813,0.8994,0.6725,0.0618
4,3,4,11,0.4391,0.5485,0.8441,0.3570,0.0707
4,3,5,0,0.6896,0.6476,0.8841,0.6475,0.0673
4,3,5,1,0.6847,0.6296,0.8796,0.6447,0.0707
4,3,5,2,0.8135,0.8433,0.9421,0.7728,0.0151
4,3,5,3,0.8050,0.8080,0.9726,0.7565,0.0132
4,3,5,4,0.7659,0.7975,0.9444,0.7102,0.0132
4,3,5,5,0.6986,0.6573,0.8868,0.6574,0.0660
4,3,5,6,0.7010,0.6814,0.8920,0.6545,0.0548
4,3,5,7,0.7299,0.7638,0.9084,0.6789,0.0329
4,3,5,8,0.7118,0.6903,0.9011,0.6653,0.0517
4,3,5,9,0.7133,0.6667,0.8960,0.6708,0.0601
4,3,5,10,0.8813,0.8748,0.9556,0.8559,0.0185
4,3,5,11,0.7184,0.7196,0.8983,0.6691,0.0428
4,3,6,0,0.8309,0.8241,0.9696,0.7905,0.0115
4,3,6,1,0.7179,0.7188,0.9168,0.6721,0.0501
4,3,6,2,0.7286,0.6923,0.9079,0.6838,0.0500
4,3,6,3,0.7395,0.7219,0.9281,0.6882,0.0325
4,3,6,4,0.7913,0.8004,0.9684,0.7428,0.0164
4,3,6,5,0.7390,0.7158,0.9153,0.6894,0.0366
4,3,6,6,0.7179,0.6905,0.8986,0.6735,0.0539
4,3,6,7,0.8071,0.8341,0.9641,0.7581,0.0156
4,3,6,8,0.7985,0.8277,0.9537,0.7546,0.0180
4,3,6,9,0.6866,0.6326,0.8810,0.6464,0.0706
4,3,6,10,0.6940,0.6451,0.8846,0.6521,0.0670
4,3,6,11,0.7469,0.7555,0.9278,0.6951,0.0277
4,3,7,0,0.7409,0.7581,0.9222,0.6920,0.0333
4,3,7,1,0.6989,0.6737,0.8983,0.6518,0.0531
4,3,7,2,0.6860,0.6317,0.8805,0.6459,0.0707
4,3,7,3,0.7834,0.8090,0.9655,0.7338,0.0189
4,3,7,4,0.6705,0.7403,0.9053,0.6081,0.0312
4,3,7,5,0.7419,0.7275,0.9160,0.6937,0.0374
4,3,7,6,0.7205,0.6865,0.9088,0.6751,0.0512
4,3,7,7,0.7001,0.6628,0.8932,0.6575,0.0632
4,3,7,8,0.7760,0.7808,0.9529,0.7280,0.0220
4,3,7,9,0.7362,0.7437,0.9323,0.6871,0.0382
4,3,7,10,0.6967,0.6550,0.8855,0.6557,0.0666
4,3,7,11,0.6932,0.6472,0.8867,0.6515,0.0676
4,3,8,0,0.7283,0.6848,0.9024,0.6859,0.0550
4,3,8,1,0.6946,0.6556,0.8851,0.6531,0.0665
4,3,8,2,0.7373,0.7190,0.9257,0.6850,0.0324
4,3,8,3,0.7130,0.6962,0.9206,0.6659,0.0500
4,3,8,4,0.7051,0.7590,0.9114,0.6500,0.0340
4,3,8,5,0.7835,0.7917,0.9569,0.7312,0.0148
4,3,8,6,0.7062,0.6813,0.9036,0.6605,0.0550
4,3,8,7,0.6313,0.7758,0.9053,0.5599,0.0302
4,3,8,8,0.7650,0.7852,0.9486,0.7114,0.0173
4,3,8,9,0.8002,0.7875,0.9523,0.7580,0.0241
4,3,8,10,0.7460,0.7434,0.9397,0.6966,0.0337
4,3,8,11,0.7313,0.7013,0.9217,0.6886,0.0525
4,3,9,0,0.7888,0.7790,0.9718,0.7500,0.0324
4,3,9,1,0.6891,0.6416,0.8833,0.6473,0.0678
4,3,9,2,0.8024,0.8074,0.9592,0.7646,0.0279
4,3,9,3,0.7430,0.7860,0.9371,0.6863,0.0186
4,3,9,4,0.6986,0.6606,0.8970,0.6552,0.0611
4,3,9,5,0.7428,0.7208,0.9258,0.7004,0.0501
4,3,9,6,0.6929,0.6483,0.8891,0.6515,0.0677
4,3,9,7,0.7396,0.7199,0.9241,0.6933,0.0413
4,3,9,8,0.7602,0.7290,0.9327,0.7218,0.0491
4,3,9,9,0.6890,0.6387,0.8840,0.6483,0.0697
4,3,9,10,0.6826,0.7457,0.9043,0.6195,0.0278
4,3,9,11,0.6896,0.6365,0.8833,0.6491,0.0702
4,3,10,0,0.7690,0.7451,0.9458,0.7282,0.0397
4,3,10,1,0.6963,0.6525,0.8904,0.6545,0.0661
4,3,10,2,0.6957,0.6468,0.8891,0.6544,0.0678
4,3,10,3,0.7077,0.6782,0.9068,0.6622,0.0556
4,3,10,4,0.7330,0.6912,0.9092,0.6917,0.0547
4,3,10,5,0.6461,0.7460,0.9024,0.5803,0.0336
4,3,10,6,0.7041,0.6625,0.8992,0.6621,0.0628
4,3,10,7,0.7464,0.7319,0.9316,0.7040,0.0471
4,3,10,8,0.6911,0.6451,0.8859,0.6500,0.0687
4,3,10,9,0.6739,0.7980,0.9346,0.6081,0.0258
4,3,10,10,0.6953,0.6450,0.8878,0.6541,0.0676
4,3,10,11,0.7109,0.6997,0.9042,0.6636,0.0485
4,3,11,0,0.8241,0.8569,0.9330,0.7743,0.0356
4,3,11,1,0.7170,0.6751,0.9016,0.6734,0.0575
4,3,11,2,0.7081,0.6665,0.9011,0.6650,0.0605
4,3,11,3,0.7773,0.7792,0.9581,0.7293,0.0201
4,3,11,4,0.7302,0.7063,0.9224,0.6834,0.0467
4,3,11,5,0.7090,0.6789,0.9056,0.6648,0.0577
4,3,11,6,0.6979,0.6498,0.8907,0.6558,0.0660
4,3,11,7,0.7209,0.6921,0.9093,0.6750,0.0500
4,3,11,8,0.5229,0.7324,0.9293,0.4082,0.0077
4,3,11,9,0.6938,0.6463,0.8877,0.6520,0.0674
4,3,11,10,0.7517,0.7778,0.9508,0.6984,0.0206
4,3,11,11,0.7957,0.7878,0.9449,0.7514,0.0193
4,4,0,0,0.8179,0.8006,0.8410,0.7914,0.0628
4,4,0,1,0.1767,0.2695,0.9634,0.0767,0.0247
4,4,0,2,0.9040,0.8955,0.9388,0.8936,0.0531
4,4,0,3,0.2162,0.2974,0.9642,0.1106,0.0146
4,4,0,4,0.4540,0.4442,0.9651,0.3559,0.0405
4,4,0,5,0.2628,0.3074,0.9601,0.1642,0.0153
4,4,0,6,0.6671,0.6800,0.8284,0.6043,0.0668
4,4,0,7,0.6528,0.6701,0.9312,0.5872,0.0670
4,4,0,8,0.6834,0.7270,0.9541,0.6260,0.0525
4,4,0,9,0.8620,0.8637,0.9266,0.8448,0.0623
4,4,0,10,0.8178,0.8009,0.9080,0.7916,0.0648
4,4,0,11,0.8515,0.8341,0.8783,0.8346,0.0665
4,4,1,0,0.6844,0.6981,0.9813,0.6282,0.0501
4,4,1,1,0.8832,0.8834,0.9767,0.8677,0.0533
4,4,1,2,0.8357,0.8435,0.9695,0.8108,0.0592
4,4,1,3,0.9290,0.8997,0.9086,0.9252,0.0495
4,4,1,4,0.9516,0.9537,0.9755,0.9476,0.0397
4,4,1,5,0.9471,0.9420,0.9903,0.9409,0.0345
4,4,1,6,0.8603,0.8387,0.9902,0.8383,0.0328
4,4,1,7,0.9258,0.9236,0.9673,0.9181,0.0449
4,4,1,8,0.9540,0.9628,0.9952,0.9483,0.0290
4,4,1,9,0.9599,0.9655,0.9973,0.9542,0.0194
4,4,1,10,0.2524,0.5779,0.9003,0.0922,0.0691
4,4,1,11,0.3945,0.3638,0.9653,0.3049,0.0134
4,4,2,0,0.7817,0.7591,0.9383,0.7454,0.0577
4,4,2,1,0.9865,0.9836,0.9977,0.9847,0.0118
4,4,2,2,0.4829,0.5336,0.9840,0.3966,0.0306
4,4,2,3,0.7287,0.7332,0.9848,0.6815,0.0479
4,4,2,4,0.8608,0.8917,0.9938,0.8388,0.0366
4,4,2,5,0.6841,0.7109,0.9635,0.6268,0.0548
4,4,2,6,0.9660,0.9794,0.9989,0.9610,0.0139
4,4,2,7,0.7235,0.7338,0.8734,0.6751,0.0718
4,4,2,8,0.6391,0.7050,0.9788,0.5755,0.0424
4,4,2,9,0.4762,0.5995,0.9433,0.3751,0.0505
4,4,2,10,0.8597,0.8471,0.9191,0.8420,0.0632
4,4,2,11,0.9877,0.9894,0.9988,0.9863,0.0169
4,4,3,0,0.9856,0.9813,0.9969,0.9850,0.0216
4,4,3,1,0.9548,0.9543,0.9977,0.9481,0.0168
4,4,3,2,0.5245,0.5547,0.9839,0.4422,0.0376
4,4,3,3,0.9058,0.9116,0.9946,0.8916,0.0184
4,4,3,4,0.9849,0.9798,0.9973,0.9841,0.0214
4,4,3,5,0.9534,0.9596,0.9771,0.9476,0.0286
4,4,3,6,0.6712,0.7149,0.8991,0.6097,0.0647
4,4,3,7,0.6721,0.6618,0.9823,0.6148,0.0437
4,4,3,8,0.6560,0.6575,0.9836,0.5987,0.0342
4,4,3,9,0.8053,0.8169,0.9844,0.7739,0.0308
4,4,3,10,0.9779,0.9826,0.9980,0.9749,0.0136
4,4,3,11,0.8342,0.8094,0.9755,0.8077,0.0460
4,4,4,0,0.7731,0.7822,0.9855,0.7365,0.0258
4,4,4,1,0.9113,0.8760,0.9936,0.8978,0.0243
4,4,4,2,0.9892,0.9843,0.9989,0.9880,0.0125
4,4,4,3,0.7478,0.7363,0.9143,0.7045,0.0450
4,4,4,4,1.0000,1.0000,1.0000,1.0000,0.0000
4,4,4,5,0.9749,0.9766,0.9994,0.9713,0.0125
4,4,4,6,0.9185,0.9350,0.9773,0.9083,0.0421
4,4,4,7,0.5883,0.5933,0.9686,0.5168,0.0366
4,4,4,8,0.9843,0.9889,0.9997,0.9820,0.0084
4,4,4,9,0.8637,0.8494,0.9894,0.8423,0.0341
4,4,4,10,0.9875,0.9835,0.9985,0.9865,0.0168
4,4,4,11,0.2748,0.3768,0.9617,0.1881,0.0257
4,4,5,0,0.9849,0.9789,0.9966,0.9842,0.0223
4,4,5,1,0.9830,0.9735,0.9957,0.9827,0.0257
4,4,5,2,0.8767,0.8879,0.9923,0.8575,0.0325
4,4,5,3,0.9227,0.9167,0.9692,0.9135,0.0451
4,4,5,4,0.9131,0.8985,0.9866,0.9010,0.0391
4,4,5,5,0.9854,0.9816,0.9972,0.9846,0.0210
4,4,5,6,0.9835,0.9838,0.9981,0.9816,0.0098
4,4,5,7,0.9312,0.9354,0.9987,0.9209,0.0136
4,4,5,8,0.9834,0.9842,0.9991,0.9813,0.0075
4,4,5,9,0.9850,0.9822,0.9984,0.9836,0.0151
4,4,5,10,0.9257,0.9112,0.9910,0.9149,0.0286
4,4,5,11,0.9771,0.9774,0.9984,0.9738,0.0062
4,4,6,0,0.8449,0.8273,0.9652,0.8202,0.0408
4,4,6,1,0.9790,0.9831,0.9995,0.9762,0.0062
4,4,6,2,0.9890,0.9870,0.9995,0.9875,0.0097
4,4,6,3,0.9604,0.9683,0.9979,0.9546,0.0177
4,4,6,4,0.9549,0.9621,0.9810,0.9501,0.0307
4,4,6,5,0.9805,0.9872,0.9996,0.9777,0.0108
4,4,6,6,0.9919,0.9908,0.9992,0.9910,0.0092
4,4,6,7,0.8813,0.8781,0.9610,0.8645,0.0457
4,4,6,8,0.9409,0.9274,0.9925,0.9326,0.0294
4,4,6,9,0.9832,0.9741,0.9960,0.9829,0.0256
4,4,6,10,0.9855,0.9792,0.9969,0.9848,0.0220
4,4,6,11,0.9820,0.9845,0.9986,0.9799,0.0173
4,4,7,0,0.9395,0.9565,0.9985,0.9305,0.0153
4,4,7,1,0.9738,0.9793,0.9991,0.9705,0.0108
4,4,7,2,0.9832,0.9740,0.9959,0.9829,0.0257
4,4,7,3,0.9577,0.9582,0.9819,0.9532,0.0303
4,4,7,4,0.9368,0.9373,0.9968,0.9273,0.0180
4,4,7,5,0.9851,0.9862,0.9992,0.9830,0.0084
4,4,7,6,0.9810,0.9835,0.9995,0.9784,0.0096
4,4,7,7,0.9860,0.9836,0.9980,0.9850,0.0182
4,4,7,8,0.9253,0.9212,0.9907,0.9142,0.0235
4,4,7,9,0.9875,0.9858,0.9982,0.9857,0.0079
4,4,7,10,0.9850,0.9819,0.9970,0.9842,0.0216
4,4,7,11,0.9850,0.9783,0.9970,0.9843,0.0226
4,4,8,0,0.9898,0.9869,0.9991,0.9886,0.0110
4,4,8,1,0.9840,0.9812,0.9970,0.9831,0.0215
4,4,8,2,0.9679,0.9719,0.9961,0.9634,0.0176
4,4,8,3,0.9797,0.9783,0.9992,0.9769,0.0073
4,4,8,4,0.9697,0.9742,0.9995,0.9653,0.0136
4,4,8,5,0.8863,0.8896,0.9760,0.8695,0.0425
4,4,8,6,0.9799,0.9827,0.9990,0.9775,0.0100
4,4,8,7,0.8623,0.8943,0.9923,0.8414,0.0174
4,4,8,8,0.9189,0.9228,0.9908,0.9073,0.0332
4,4,8,9,0.9694,0.9802,0.9917,0.9657,0.0219
4,4,8,10,0.9879,0.9878,0.9966,0.9863,0.0131
4,4,8,11,0.9855,0.9827,0.9971,0.9836,0.0077
4,4,9,0,0.9170,0.9064,0.9663,0.9046,0.0163
4,4,9,1,0.9850,0.9781,0.9965,0.9845,0.0228
4,4,9,2,0.9407,0.9436,0.9858,0.9318,0.0189
4,4,9,3,0.9413,0.9491,0.9937,0.9332,0.0290
4,4,9,4,0.9808,0.9787,0.9982,0.9790,0.0161
4,4,9,5,0.9928,0.9904,0.9977,0.9918,0.0067
4,4,9,6,0.9844,0.9776,0.9972,0.9837,0.0227
4,4,9,7,0.9764,0.9788,0.9988,0.9730,0.0087
4,4,9,8,0.9827,0.9798,0.9936,0.9803,0.0056
4,4,9,9,0.9841,0.9760,0.9965,0.9836,0.0247
4,4,9,10,0.9400,0.9380,0.9959,0.9310,0.0214
4,4,9,11,0.9839,0.9753,0.9963,0.9834,0.0252
4,4,10,0,0.9676,0.9681,0.9884,0.9629,0.0081
4,4,10,1,0.9852,0.9799,0.9975,0.9844,0.0211
4,4,10,2,0.9859,0.9781,0.9972,0.9853,0.0228
4,4,10,3,0.9863,0.9847,0.9992,0.9847,0.0106
4,4,10,4,0.9849,0.9829,0.9983,0.9831,0.0100
4,4,10,5,0.9107,0.9177,0.9953,0.8975,0.0198
4,4,10,6,0.9849,0.9790,0.9979,0.9837,0.0178
4,4,10,7,0.9827,0.9833,0.9956,0.9802,0.0052
4,4,10,8,0.9842,0.9768,0.9968,0.9835,0.0237
4,4,10,9,0.9204,0.9296,0.9972,0.9083,0.0226
4,4,10,10,0.9849,0.9773,0.9971,0.9842,0.0226
4,4,10,11,0.9810,0.9847,0.9992,0.9784,0.0075
4,4,11,0,0.7743,0.7472,0.7648,0.7399,0.0740
4,4,11,1,0.9870,0.9850,0.9989,0.9856,0.0132
4,4,11,2,0.9862,0.9819,0.9985,0.9849,0.0155
4,4,11,3,0.9446,0.9648,0.9872,0.9369,0.0252
4,4,11,4,0.9905,0.9885,0.9992,0.9891,0.0096
4,4,11,5,0.9841,0.9828,0.9988,0.9824,0.0130
4,4,11,6,0.9857,0.9790,0.9976,0.9848,0.0210
4,4,11,7,0.9854,0.9862,0.9995,0.9834,0.0071
4,4,11,8,0.2240,0.5326,0.9476,0.0827,0.0430
4,4,11,9,0.9854,0.9786,0.9971,0.9846,0.0224
4,4,11,10,0.9468,0.9690,0.9931,0.9394,0.0244
4,4,11,11,0.9471,0.9657,0.9931,0.9399,0.0265
4,5,0,0,0.8327,0.8252,0.8414,0.8036,0.0525
4,5,0,1,0.1829,0.3026,0.9669,0.0770,0.0369
4,5,0,2,0.9116,0.9060,0.9403,0.8987,0.0425
4,5,0,3,0.2213,0.3348,0.9681,0.1094,0.0202
4,5,0,4,0.4779,0.5075,0.9696,0.3767,0.0283
4,5,0,5,0.2715,0.3469,0.9641,0.1676,0.0213
4,5,0,6,0.6828,0.7138,0.8291,0.6158,0.0559
4,5,0,7,0.7138,0.7240,0.9348,0.6554,0.0561
4,5,0,8,0.6973,0.7577,0.9573,0.6364,0.0418
4,5,0,9,0.8814,0.8810,0.9292,0.8635,0.0522
4,5,0,10,0.8341,0.8235,0.9124,0.8057,0.0539
4,5,0,11,0.8734,0.8550,0.8811,0.8560,0.0561
4,5,1,0,0.7417,0.7555,0.9853,0.6916,0.0397
4,5,1,1,0.9072,0.9094,0.9803,0.8927,0.0432
4,5,1,2,0.8643,0.8715,0.9742,0.8409,0.0491
4,5,1,3,0.9213,0.8886,0.9081,0.9115,0.0373
4,5,1,4,0.9461,0.9518,0.9765,0.9383,0.0304
4,5,1,5,0.9457,0.9479,0.9926,0.9369,0.0234
4,5,1,6,0.8647,0.8859,0.9907,0.8404,0.0211
4,5,1,7,0.9342,0.9303,0.9687,0.9249,0.0353
4,5,1,8,0.9493,0.9553,0.9969,0.9409,0.0202
4,5,1,9,0.9517,0.9561,0.9990,0.9436,0.0112
4,5,1,10,0.2906,0.6059,0.9027,0.1275,0.0590
4,5,1,11,0.4019,0.4039,0.9698,0.3073,0.0127
4,5,2,0,0.7915,0.7866,0.9418,0.7516,0.0468
4,5,2,1,0.9721,0.9673,0.9970,0.9676,0.0091
4,5,2,2,0.5299,0.5858,0.9879,0.4456,0.0202
4,5,2,3,0.7881,0.7930,0.9892,0.7480,0.0367
4,5,2,4,0.8732,0.9277,0.9962,0.8506,0.0257
4,5,2,5,0.7331,0.7571,0.9672,0.6803,0.0439
4,5,2,6,0.9478,0.9581,0.9996,0.9392,0.0085
4,5,2,7,0.7602,0.7744,0.8774,0.7136,0.0611
4,5,2,8,0.6635,0.7310,0.9806,0.5989,0.0315
4,5,2,9,0.5241,0.6529,0.9438,0.4248,0.0394
4,5,2,10,0.8815,0.8749,0.9221,0.8637,0.0531
4,5,2,11,0.9684,0.9668,0.9990,0.9631,0.0136
4,5,3,0,0.9498,0.9415,0.9957,0.9457,0.0338
4,5,3,1,0.9375,0.9464,0.9992,0.9270,0.0088
4,5,3,2,0.6052,0.6311,0.9879,0.5316,0.0260
4,5,3,3,0.8636,0.9048,0.9962,0.8412,0.0148
4,5,3,4,0.9494,0.9380,0.9959,0.9449,0.0336
4,5,3,5,0.9483,0.9497,0.9751,0.9397,0.0180
4,5,3,6,0.7092,0.7598,0.9012,0.6495,0.0540
4,5,3,7,0.7060,0.7119,0.9845,0.6500,0.0323
4,5,3,8,0.6531,0.6836,0.9884,0.5904,0.0244
4,5,3,9,0.7870,0.8346,0.9869,0.7492,0.0207
4,5,3,10,0.9638,0.9683,0.9995,0.9577,0.0096
4,5,3,11,0.8546,0.8435,0.9786,0.8283,0.0341
4,5,4,0,0.7888,0.8159,0.9893,0.7516,0.0181
4,5,4,1,0.8932,0.8902,0.9955,0.8748,0.0160
4,5,4,2,0.9622,0.9494,0.9977,0.9577,0.0226
4,5,4,3,0.7456,0.7521,0.9099,0.6968,0.0328
4,5,4,4,0.9749,0.9766,0.9994,0.9713,0.0125
4,5,4,5,1.0000,1.0000,1.0000,1.0000,0.0000
4,5,4,6,0.9291,0.9402,0.9781,0.9179,0.0323
4,5,4,7,0.6128,0.6386,0.9735,0.5399,0.0252
4,5,4,8,0.9590,0.9621,0.9994,0.9530,0.0146
4,5,4,9,0.8804,0.8701,0.9902,0.8592,0.0222
4,5,4,10,0.9531,0.9438,0.9968,0.9482,0.0290
4,5,4,11,0.3513,0.4478,0.9655,0.2693,0.0379
4,5,5,0,0.9496,0.9372,0.9955,0.9454,0.0345
4,5,5,1,0.9456,0.9280,0.9944,0.9420,0.0379
4,5,5,2,0.8872,0.9025,0.9932,0.8674,0.0214
4,5,5,3,0.9330,0.9292,0.9693,0.9228,0.0337
4,5,5,4,0.9172,0.9132,0.9887,0.9031,0.0277
4,5,5,5,0.9502,0.9417,0.9959,0.9459,0.0332
4,5,5,6,0.9466,0.9518,0.9976,0.9400,0.0220
4,5,5,7,0.9087,0.9488,0.9994,0.8939,0.0112
4,5,5,8,0.9493,0.9521,0.9985,0.9427,0.0189
4,5,5,9,0.9535,0.9434,0.9971,0.9485,0.0273
4,5,5,10,0.9237,0.9264,0.9910,0.9105,0.0164
4,5,5,11,0.9504,0.9543,0.9990,0.9430,0.0129
4,5,6,0,0.8654,0.8482,0.9650,0.8412,0.0296
4,5,6,1,0.9516,0.9594,0.9979,0.9451,0.0173
4,5,6,2,0.9656,0.9571,0.9985,0.9610,0.0185
4,5,6,3,0.9596,0.9606,0.9981,0.9529,0.0102
4,5,6,4,0.9284,0.9493,0.9803,0.9164,0.0203
4,5,6,5,0.9614,0.9646,0.9999,0.9551,0.0080
4,5,6,6,0.9614,0.9585,0.9985,0.9568,0.0211
4,5,6,7,0.8879,0.9045,0.9623,0.8687,0.0348
4,5,6,8,0.9297,0.9232,0.9919,0.9176,0.0180
4,5,6,9,0.9458,0.9287,0.9946,0.9420,0.0378
4,5,6,10,0.9514,0.9379,0.9958,0.9472,0.0342
4,5,6,11,0.9696,0.9729,0.9987,0.9646,0.0101
4,5,7,0,0.9086,0.9330,0.9985,0.8937,0.0123
4,5,7,1,0.9382,0.9497,0.9983,0.9304,0.0203
4,5,7,2,0.9458,0.9287,0.9945,0.9421,0.0379
4,5,7,3,0.9349,0.9447,0.9815,0.9240,0.0184
4,5,7,4,0.9320,0.9465,0.9985,0.9211,0.0155
4,5,7,5,0.9702,0.9655,0.9989,0.9654,0.0059
4,5,7,6,0.9491,0.9472,0.9984,0.9422,0.0192
4,5,7,7,0.9536,0.9477,0.9968,0.9492,0.0304
4,5,7,8,0.9112,0.9283,0.9910,0.8958,0.0121
4,5,7,9,0.9655,0.9644,0.9968,0.9599,0.0072
4,5,7,10,0.9502,0.9441,0.9959,0.9461,0.0338
4,5,7,11,0.9492,0.9351,0.9957,0.9450,0.0348
4,5,8,0,0.9590,0.9504,0.9980,0.9540,0.0222
4,5,8,1,0.9509,0.9451,0.9960,0.9468,0.0337
4,5,8,2,0.9473,0.9503,0.9967,0.9385,0.0101
4,5,8,3,0.9491,0.9473,0.9977,0.9422,0.0172
4,5,8,4,0.9599,0.9742,0.9998,0.9535,0.0088
4,5,8,5,0.8991,0.9089,0.9771,0.8816,0.0311
4,5,8,6,0.9458,0.9461,0.9977,0.9390,0.0222
4,5,8,7,0.8364,0.8854,0.9943,0.8097,0.0129
4,5,8,8,0.9128,0.9419,0.9917,0.8976,0.0234
4,5,8,9,0.9445,0.9620,0.9904,0.9351,0.0121
4,5,8,10,0.9611,0.9632,0.9952,0.9547,0.0075
4,5,8,11,0.9476,0.9420,0.9944,0.9407,0.0197
4,5,9,0,0.8866,0.8912,0.9599,0.8682,0.0140
4,5,9,1,0.9506,0.9359,0.9953,0.9467,0.0350
4,5,9,2,0.9173,0.9375,0.9823,0.9036,0.0138
4,5,9,3,0.9149,0.9393,0.9951,0.9001,0.0168
4,5,9,4,0.9480,0.9408,0.9965,0.9427,0.0283
4,5,9,5,0.9588,0.9562,0.9954,0.9531,0.0176
4,5,9,6,0.9482,0.9344,0.9956,0.9439,0.0349
4,5,9,7,0.9528,0.9561,0.9975,0.9455,0.0093
4,5,9,8,0.9438,0.9381,0.9899,0.9360,0.0168
4,5,9,9,0.9472,0.9320,0.9951,0.9432,0.0369
4,5,9,10,0.9359,0.9536,0.9980,0.9252,0.0163
4,5,9,11,0.9473,0.9309,0.9949,0.9435,0.0374
4,5,10,0,0.9375,0.9394,0.9844,0.9278,0.0112
4,5,10,1,0.9513,0.9405,0.9962,0.9471,0.0333
4,5,10,2,0.9498,0.9346,0.9957,0.9456,0.0350
4,5,10,3,0.9520,0.9470,0.9978,0.9462,0.0228
4,5,10,4,0.9526,0.9440,0.9962,0.9468,0.0219
4,5,10,5,0.9154,0.9414,0.9965,0.9021,0.0184
4,5,10,6,0.9488,0.9367,0.9958,0.9437,0.0300
4,5,10,7,0.9519,0.9538,0.9926,0.9450,0.0146
4,5,10,8,0.9472,0.9325,0.9953,0.9430,0.0359
4,5,10,9,0.9161,0.9424,0.9975,0.9020,0.0138
4,5,10,10,0.9485,0.9337,0.9956,0.9441,0.0348
4,5,10,11,0.9452,0.9556,0.9982,0.9377,0.0165
4,5,11,0,0.7891,0.7687,0.7651,0.7511,0.0631
4,5,11,1,0.9554,0.9485,0.9977,0.9501,0.0247
4,5,11,2,0.9504,0.9409,0.9969,0.9450,0.0277
4,5,11,3,0.9243,0.9496,0.9854,0.9112,0.0132
4,5,11,4,0.9586,0.9527,0.9980,0.9525,0.0165
4,5,11,5,0.9493,0.9427,0.9970,0.9433,0.0249
4,5,11,6,0.9503,0.9365,0.9962,0.9458,0.0332
4,5,11,7,0.9562,0.9529,0.9985,0.9503,0.0172
4,5,11,8,0.2371,0.5510,0.9518,0.0882,0.0311
4,5,11,9,0.9493,0.9356,0.9959,0.9449,0.0346
4,5,11,10,0.9282,0.9591,0.9924,0.9158,0.0127
4,5,11,11,0.9282,0.9600,0.9931,0.9158,0.0159
4,6,0,0,0.9067,0.9055,0.9339,0.8825,0.0207
4,6,0,1,0.2094,0.3194,0.9274,0.0865,0.0668
4,6,0,2,0.9643,0.9737,0.9890,0.9555,0.0115
4,6,0,3,0.2548,0.3541,0.9374,0.1260,0.0496
4,6,0,4,0.5510,0.5300,0.9749,0.4436,0.0163
4,6,0,5,0.2879,0.3624,0.9264,0.1660,0.0488
4,6,0,6,0.8157,0.8156,0.9259,0.7644,0.0252
4,6,0,7,0.8008,0.8035,0.9861,0.7463,0.0268
4,6,0,8,0.7840,0.8369,0.9925,0.7275,0.0140
4,6,0,9,0.9659,0.9662,0.9841,0.9584,0.0210
4,6,0,10,0.8980,0.8900,0.9708,0.8713,0.0227
4,6,0,11,0.9384,0.9304,0.9571,0.9242,0.0244
4,6,1,0,0.8347,0.8280,0.9917,0.7930,0.0127
4,6,1,1,0.9577,0.9644,0.9958,0.9470,0.0119
4,6,1,2,0.9366,0.9397,0.9912,0.9204,0.0186
4,6,1,3,0.9343,0.9136,0.9735,0.9175,0.0184
4,6,1,4,0.9782,0.9811,0.9998,0.9729,0.0121
4,6,1,5,0.9481,0.9573,0.9918,0.9363,0.0121
4,6,1,6,0.8827,0.8874,0.9964,0.8559,0.0138
4,6,1,7,0.9827,0.9856,0.9984,0.9784,0.0109
4,6,1,8,0.9684,0.9749,0.9887,0.9620,0.0139
4,6,1,9,0.9610,0.9648,0.9782,0.9548,0.0235
4,6,1,10,0.4055,0.6777,0.9542,0.2362,0.0304
4,6,1,11,0.4291,0.4184,0.9396,0.3209,0.0379
4,6,2,0,0.8693,0.8672,0.9837,0.8348,0.0190
4,6,2,1,0.9420,0.9485,0.9877,0.9335,0.0329
4,6,2,2,0.5995,0.6505,0.9772,0.5121,0.0220
4,6,2,3,0.8472,0.8428,0.9844,0.8092,0.0126
4,6,2,4,0.8909,0.9232,0.9756,0.8667,0.0197
4,6,2,5,0.8381,0.8435,0.9956,0.7960,0.0206
4,6,2,6,0.9487,0.9522,0.9754,0.9418,0.0340
4,6,2,7,0.8536,0.8463,0.9563,0.8137,0.0299
4,6,2,8,0.7605,0.8194,0.9979,0.7028,0.0152
4,6,2,9,0.6526,0.7242,0.9901,0.5614,0.0150
4,6,2,10,0.9500,0.9427,0.9811,0.9379,0.0211
4,6,2,11,0.9520,0.9541,0.9858,0.9447,0.0299
4,6,3,0,0.8904,0.8898,0.9585,0.8833,0.0638
4,6,3,1,0.9495,0.9599,0.9776,0.9417,0.0295
4,6,3,2,0.6405,0.6647,0.9843,0.5581,0.0181
4,6,3,3,0.8690,0.9011,0.9697,0.8457,0.0361
4,6,3,4,0.8982,0.8939,0.9608,0.8919,0.0635
4,6,3,5,0.9646,0.9710,0.9966,0.9573,0.0167
4,6,3,6,0.7954,0.8340,0.9699,0.7391,0.0241
4,6,3,7,0.7775,0.7538,0.9916,0.7241,0.0165
4,6,3,8,0.7375,0.7590,0.9678,0.6798,0.0244
4,6,3,9,0.8314,0.8842,0.9677,0.7954,0.0262
4,6,3,10,0.9452,0.9508,0.9763,0.9365,0.0287
4,6,3,11,0.8692,0.8651,0.9873,0.8370,0.0213
4,6,4,0,0.7788,0.8457,0.9652,0.7320,0.0247
4,6,4,1,0.8787,0.8926,0.9772,0.8543,0.0260
4,6,4,2,0.9171,0.9120,0.9696,0.9098,0.0522
4,6,4,3,0.7897,0.7924,0.9612,0.7378,0.0181
4,6,4,4,0.9185,0.9350,0.9773,0.9083,0.0421
4,6,4,5,0.9291,0.9402,0.9781,0.9179,0.0323
4,6,4,6,1.0000,1.0000,1.0000,1.0000,0.0000
4,6,4,7,0.6524,0.6637,0.9837,0.5715,0.0244
4,6,4,8,0.9445,0.9411,0.9730,0.9393,0.0426
4,6,4,9,0.9157,0.9126,0.9954,0.8967,0.0146
4,6,4,10,0.9010,0.8982,0.9670,0.8932,0.0589
4,6,4,11,0.3987,0.4842,0.9176,0.3099,0.0678
4,6,5,0,0.8939,0.8886,0.9578,0.8874,0.0644
4,6,5,1,0.8879,0.8773,0.9548,0.8825,0.0678
4,6,5,2,0.9104,0.9061,0.9881,0.8914,0.0222
4,6,5,3,0.9548,0.9603,0.9977,0.9436,0.0122
4,6,5,4,0.9516,0.9446,0.9970,0.9403,0.0188
4,6,5,5,0.9002,0.8952,0.9597,0.8943,0.0631
4,6,5,6,0.9099,0.9134,0.9635,0.9019,0.0519
4,6,5,7,0.8899,0.9045,0.9742,0.8714,0.0327
4,6,5,8,0.9185,0.9286,0.9713,0.9108,0.0488
4,6,5,9,0.9169,0.9086,0.9656,0.9112,0.0572
4,6,5,10,0.9243,0.9168,0.9946,0.9085,0.0227
4,6,5,11,0.9189,0.9230,0.9688,0.9086,0.0428
4,6,6,0,0.8885,0.8975,0.9950,0.8619,0.0192
4,6,6,1,0.9170,0.9275,0.9761,0.9086,0.0472
4,6,6,2,0.9332,0.9323,0.9741,0.9273,0.0471
4,6,6,3,0.9606,0.9637,0.9853,0.9552,0.0265
4,6,6,4,0.9416,0.9464,0.9979,0.9283,0.0172
4,6,6,5,0.9549,0.9529,0.9802,0.9493,0.0337
4,6,6,6,0.9136,0.9160,0.9683,0.9055,0.0510
4,6,6,7,0.9506,0.9374,0.9968,0.9382,0.0075
4,6,6,8,0.8982,0.9116,0.9943,0.8766,0.0253
4,6,6,9,0.8890,0.8788,0.9557,0.8834,0.0677
4,6,6,10,0.9009,0.8919,0.9585,0.8952,0.0641
4,6,6,11,0.9411,0.9569,0.9870,0.9307,0.0248
4,6,7,0,0.8799,0.9105,0.9813,0.8593,0.0362
4,6,7,1,0.9174,0.9185,0.9675,0.9105,0.0502
4,6,7,2,0.8886,0.8784,0.9553,0.8831,0.0678
4,6,7,3,0.9438,0.9668,0.9990,0.9313,0.0165
4,6,7,4,0.9050,0.9518,0.9736,0.8899,0.0333
4,6,7,5,0.9410,0.9456,0.9808,0.9330,0.0356
4,6,7,6,0.9241,0.9195,0.9728,0.9170,0.0483
4,6,7,7,0.9042,0.9037,0.9631,0.8978,0.0603
4,6,7,8,0.9303,0.9445,0.9951,0.9163,0.0220
4,6,7,9,0.9354,0.9520,0.9864,0.9264,0.0358
4,6,7,10,0.8981,0.8953,0.9589,0.8923,0.0638
4,6,7,11,0.8961,0.8892,0.9593,0.8899,0.0647
4,6,8,0,0.9184,0.9140,0.9697,0.9112,0.0521
4,6,8,1,0.8982,0.8966,0.9586,0.8923,0.0636
4,6,8,2,0.9584,0.9613,0.9841,0.9524,0.0272
4,6,8,3,0.9208,0.9288,0.9783,0.9130,0.0471
4,6,8,4,0.9083,0.9472,0.9775,0.8940,0.0335
4,6,8,5,0.9364,0.9615,0.9997,0.9211,0.0101
4,6,8,6,0.9136,0.9158,0.9693,0.9062,0.0521
4,6,8,7,0.7803,0.8755,0.9707,0.7394,0.0341
4,6,8,8,0.9469,0.9534,0.9960,0.9352,0.0108
4,6,8,9,0.9594,0.9636,0.9950,0.9520,0.0213
4,6,8,10,0.9364,0.9499,0.9896,0.9264,0.0308
4,6,8,11,0.9131,0.9146,0.9778,0.9044,0.0496
4,6,9,0,0.9011,0.8982,0.9783,0.8851,0.0376
4,6,9,1,0.8969,0.8887,0.9572,0.8913,0.0649
4,6,9,2,0.9352,0.9319,0.9894,0.9248,0.0314
4,6,9,3,0.9086,0.9467,0.9916,0.8891,0.0199
4,6,9,4,0.9089,0.9047,0.9652,0.9031,0.0582
4,6,9,5,0.9158,0.9236,0.9806,0.9063,0.0472
4,6,9,6,0.8960,0.8899,0.9607,0.8900,0.0648
4,6,9,7,0.9456,0.9474,0.9833,0.9398,0.0384
4,6,9,8,0.9117,0.9106,0.9801,0.9020,0.0462
4,6,9,9,0.8929,0.8842,0.9576,0.8873,0.0668
4,6,9,10,0.9052,0.9454,0.9733,0.8884,0.0278
4,6,9,11,0.8919,0.8820,0.9570,0.8863,0.0673
4,6,10,0,0.9355,0.9318,0.9848,0.9276,0.0387
4,6,10,1,0.9021,0.8970,0.9611,0.8964,0.0632
4,6,10,2,0.8968,0.8899,0.9606,0.8907,0.0649
4,6,10,3,0.9135,0.9161,0.9710,0.9059,0.0527
4,6,10,4,0.9194,0.9118,0.9726,0.9125,0.0518
4,6,10,5,0.8833,0.9287,0.9669,0.8647,0.0346
4,6,10,6,0.9040,0.8975,0.9662,0.8975,0.0600
4,6,10,7,0.9223,0.9275,0.9813,0.9136,0.0442
4,6,10,8,0.8927,0.8852,0.9586,0.8865,0.0659
4,6,10,9,0.8966,0.9430,0.9860,0.8775,0.0258
4,6,10,10,0.8972,0.8885,0.9600,0.8912,0.0647
4,6,10,11,0.9103,0.9185,0.9704,0.9006,0.0462
4,6,11,0,0.8755,0.8683,0.8807,0.8428,0.0319
4,6,11,1,0.9203,0.9147,0.9690,0.9141,0.0546
4,6,11,2,0.9085,0.9040,0.9674,0.9016,0.0576
4,6,11,3,0.9573,0.9603,0.9954,0.9490,0.0201
4,6,11,4,0.9238,0.9276,0.9794,0.9146,0.0433
4,6,11,5,0.9125,0.9106,0.9699,0.9055,0.0548
4,6,11,6,0.9021,0.8944,0.9618,0.8960,0.0631
4,6,11,7,0.9288,0.9311,0.9741,0.9222,0.0471
4,6,11,8,0.3433,0.6192,0.9545,0.1863,0.0153
4,6,11,9,0.8984,0.8912,0.9598,0.8924,0.0645
4,6,11,10,0.9366,0.9614,0.9946,0.9240,0.0222
4,6,11,11,0.9632,0.9649,0.9952,0.9561,0.0172
4,7,0,0,0.6651,0.6877,0.9038,0.5765,0.0373
4,7,0,1,0.8016,0.8191,0.9643,0.7794,0.0613
4,7,0,2,0.6752,0.6789,0.9750,0.5945,0.0315
4,7,0,3,0.8024,0.8351,0.9740,0.7740,0.0422
4,7,0,4,0.8481,0.8839,0.9974,0.8136,0.0092
4,7,0,5,0.7993,0.8396,0.9647,0.7708,0.0420
4,7,0,6,0.6597,0.7257,0.8901,0.5679,0.0383
4,7,0,7,0.7877,0.8186,0.9753,0.7339,0.0365
4,7,0,8,0.7346,0.7304,0.9891,0.6692,0.0245
4,7,0,9,0.7163,0.7081,0.9704,0.6432,0.0430
4,7,0,10,0.8496,0.8666,0.9666,0.8126,0.0345
4,7,0,11,0.7687,0.7696,0.9421,0.7083,0.0428
4,7,1,0,0.6930,0.7659,0.9960,0.6199,0.0258
4,7,1,1,0.7409,0.7420,0.9931,0.6779,0.0321
4,7,1,2,0.7719,0.7732,0.9949,0.7155,0.0386
4,7,1,3,0.7010,0.6976,0.9472,0.6254,0.0291
4,7,1,4,0.6876,0.6890,0.9825,0.6156,0.0294
4,7,1,5,0.7224,0.7411,0.9904,0.6612,0.0186
4,7,1,6,0.6221,0.6862,0.9860,0.5392,0.0167
4,7,1,7,0.6783,0.6522,0.9867,0.6013,0.0335
4,7,1,8,0.6569,0.6336,0.9877,0.5835,0.0220
4,7,1,9,0.6145,0.5936,0.9808,0.5382,0.0232
4,7,1,10,0.5907,0.7346,0.9587,0.4821,0.0441
4,7,1,11,0.8716,0.8775,0.9755,0.8504,0.0282
4,7,2,0,0.6554,0.7264,0.9816,0.5681,0.0269
4,7,2,1,0.5910,0.5638,0.9772,0.5140,0.0337
4,7,2,2,0.5897,0.7423,0.9944,0.5043,0.0092
4,7,2,3,0.6746,0.7672,0.9946,0.5980,0.0223
4,7,2,4,0.6110,0.6893,0.9847,0.5272,0.0081
4,7,2,5,0.7091,0.7911,0.9868,0.6374,0.0266
4,7,2,6,0.6308,0.5892,0.9750,0.5619,0.0308
4,7,2,7,0.8645,0.8914,0.9348,0.8324,0.0428
4,7,2,8,0.5940,0.6527,0.9924,0.5012,0.0163
4,7,2,9,0.5814,0.7735,0.9725,0.4776,0.0228
4,7,2,10,0.7796,0.7988,0.9600,0.7236,0.0390
4,7,2,11,0.6243,0.6074,0.9780,0.5517,0.0325
4,7,3,0,0.5264,0.4923,0.9537,0.4580,0.0582
4,7,3,1,0.6269,0.6007,0.9792,0.5550,0.0211
4,7,3,2,0.6169,0.7596,0.9969,0.5332,0.0105
4,7,3,3,0.5864,0.6703,0.9769,0.5088,0.0232
4,7,3,4,0.5163,0.4718,0.9544,0.4454,0.0580
4,7,3,5,0.6187,0.5966,0.9721,0.5371,0.0211
4,7,3,6,0.7281,0.8071,0.9507,0.6576,0.0349
4,7,3,7,0.6384,0.7766,0.9948,0.5559,0.0176
4,7,3,8,0.6475,0.7237,0.9879,0.5733,0.0089
4,7,3,9,0.5779,0.6446,0.9859,0.4903,0.0105
4,7,3,10,0.6835,0.6700,0.9762,0.6228,0.0230
4,7,3,11,0.6842,0.7709,0.9950,0.6105,0.0134
4,7,4,0,0.5864,0.6600,0.9852,0.5017,0.0113
4,7,4,1,0.6184,0.7053,0.9829,0.5415,0.0139
4,7,4,2,0.5446,0.5012,0.9635,0.4710,0.0467
4,7,4,3,0.5724,0.6555,0.9260,0.4724,0.0115
4,7,4,4,0.5883,0.5933,0.9686,0.5168,0.0366
4,7,4,5,0.6128,0.6386,0.9735,0.5399,0.0252
4,7,4,6,0.6524,0.6637,0.9837,0.5715,0.0244
4,7,4,7,1.0000,1.0000,1.0000,1.0000,0.0000
4,7,4,8,0.5806,0.5554,0.9680,0.5077,0.0392
4,7,4,9,0.5964,0.6360,0.9886,0.5083,0.0130
4,7,4,10,0.5297,0.4984,0.9568,0.4577,0.0534
4,7,4,11,0.3703,0.6777,0.9552,0.2804,0.0623
4,7,5,0,0.5222,0.4767,0.9534,0.4531,0.0589
4,7,5,1,0.5025,0.4529,0.9504,0.4335,0.0623
4,7,5,2,0.5880,0.6590,0.9882,0.5015,0.0075
4,7,5,3,0.6662,0.6467,0.9835,0.5880,0.0195
4,7,5,4,0.6841,0.7297,0.9879,0.6131,0.0127
4,7,5,5,0.5235,0.4860,0.9536,0.4538,0.0576
4,7,5,6,0.5483,0.5337,0.9608,0.4764,0.0464
4,7,5,7,0.5905,0.6466,0.9736,0.5145,0.0245
4,7,5,8,0.5478,0.5228,0.9661,0.4735,0.0433
4,7,5,9,0.5318,0.4925,0.9590,0.4590,0.0517
4,7,5,10,0.6721,0.7132,0.9816,0.6035,0.0143
4,7,5,11,0.6360,0.6346,0.9683,0.5730,0.0346
4,7,6,0,0.5918,0.5911,0.9836,0.4993,0.0113
4,7,6,1,0.5440,0.5316,0.9645,0.4684,0.0417
4,7,6,2,0.5679,0.5252,0.9661,0.4953,0.0432
4,7,6,3,0.5941,0.5711,0.9816,0.5162,0.0289
4,7,6,4,0.6559,0.6631,0.9826,0.5801,0.0153
4,7,6,5,0.6130,0.5974,0.9743,0.5409,0.0321
4,7,6,6,0.5832,0.5638,0.9610,0.5160,0.0455
4,7,6,7,0.6792,0.7404,0.9729,0.6026,0.0224
4,7,6,8,0.5834,0.6434,0.9814,0.4961,0.0109
4,7,6,9,0.5042,0.4551,0.9508,0.4350,0.0622
4,7,6,10,0.5211,0.4770,0.9540,0.4512,0.0586
4,7,6,11,0.6272,0.6295,0.9782,0.5534,0.0206
4,7,7,0,0.5582,0.5935,0.9789,0.4759,0.0254
4,7,7,1,0.5508,0.5297,0.9615,0.4790,0.0447
4,7,7,2,0.5038,0.4552,0.9507,0.4348,0.0623
4,7,7,3,0.6349,0.6454,0.9824,0.5553,0.0168
4,7,7,4,0.5799,0.6333,0.9780,0.5027,0.0244
4,7,7,5,0.5985,0.5617,0.9749,0.5245,0.0303
4,7,7,6,0.5537,0.5205,0.9654,0.4797,0.0436
4,7,7,7,0.5302,0.4941,0.9576,0.4598,0.0548
4,7,7,8,0.6127,0.6326,0.9870,0.5328,0.0184
4,7,7,9,0.5833,0.5821,0.9710,0.5068,0.0308
4,7,7,10,0.5187,0.4848,0.9537,0.4489,0.0582
4,7,7,11,0.5145,0.4702,0.9545,0.4440,0.0592
4,7,8,0,0.5636,0.5204,0.9623,0.4932,0.0466
4,7,8,1,0.5198,0.4859,0.9543,0.4501,0.0581
4,7,8,2,0.6054,0.5690,0.9849,0.5291,0.0282
4,7,8,3,0.5508,0.5209,0.9688,0.4760,0.0416
4,7,8,4,0.5898,0.6041,0.9742,0.5149,0.0256
4,7,8,5,0.6560,0.6513,0.9853,0.5775,0.0209
4,7,8,6,0.5462,0.5105,0.9622,0.4737,0.0466
4,7,8,7,0.5575,0.6312,0.9830,0.4749,0.0220
4,7,8,8,0.6587,0.6830,0.9852,0.5847,0.0194
4,7,8,9,0.6323,0.6196,0.9756,0.5572,0.0218
4,7,8,10,0.6236,0.6111,0.9727,0.5521,0.0274
4,7,8,11,0.5310,0.4972,0.9608,0.4539,0.0441
4,7,9,0,0.5492,0.5252,0.9376,0.4658,0.0251
4,7,9,1,0.5170,0.4706,0.9527,0.4476,0.0594
4,7,9,2,0.5852,0.6038,0.9577,0.5062,0.0198
4,7,9,3,0.6269,0.6711,0.9890,0.5483,0.0157
4,7,9,4,0.5351,0.4910,0.9556,0.4648,0.0527
4,7,9,5,0.5618,0.5450,0.9618,0.4878,0.0417
4,7,9,6,0.5116,0.4679,0.9532,0.4410,0.0593
4,7,9,7,0.5667,0.5492,0.9698,0.4896,0.0337
4,7,9,8,0.5296,0.5008,0.9562,0.4506,0.0407
4,7,9,9,0.5083,0.4625,0.9518,0.4386,0.0613
4,7,9,10,0.6342,0.6595,0.9785,0.5642,0.0210
4,7,9,11,0.5068,0.4583,0.9518,0.4371,0.0618
4,7,10,0,0.5543,0.5187,0.9562,0.4746,0.0314
4,7,10,1,0.5181,0.4769,0.9558,0.4473,0.0577
4,7,10,2,0.5137,0.4678,0.9541,0.4431,0.0594
4,7,10,3,0.5489,0.5151,0.9628,0.4767,0.0472
4,7,10,4,0.5444,0.4976,0.9597,0.4708,0.0463
4,7,10,5,0.5863,0.6135,0.9734,0.5119,0.0281
4,7,10,6,0.5199,0.4751,0.9550,0.4476,0.0544
4,7,10,7,0.5624,0.5416,0.9581,0.4876,0.0387
4,7,10,8,0.5100,0.4644,0.9530,0.4397,0.0603
4,7,10,9,0.6139,0.6575,0.9794,0.5390,0.0209
4,7,10,10,0.5150,0.4680,0.9537,0.4446,0.0592
4,7,10,11,0.5630,0.5335,0.9649,0.4906,0.0401
4,7,11,0,0.7632,0.7357,0.8466,0.7005,0.0426
4,7,11,1,0.5448,0.5026,0.9619,0.4721,0.0491
4,7,11,2,0.5308,0.4868,0.9599,0.4582,0.0521
4,7,11,3,0.6154,0.5839,0.9756,0.5356,0.0188
4,7,11,4,0.5692,0.5397,0.9711,0.4942,0.0409
4,7,11,5,0.5397,0.4988,0.9593,0.4672,0.0493
4,7,11,6,0.5210,0.4756,0.9558,0.4501,0.0576
4,7,11,7,0.5613,0.5277,0.9674,0.4880,0.0416
4,7,11,8,0.5914,0.7194,0.9813,0.4986,0.0132
4,7,11,9,0.5165,0.4717,0.9547,0.4460,0.0590
4,7,11,10,0.6531,0.6416,0.9804,0.5817,0.0161
4,7,11,11,0.6362,0.6434,0.9799,0.5604,0.0180
4,8,0,0,0.8193,0.7885,0.8301,0.7932,0.0634
4,8,0,1,0.1614,0.2264,0.9682,0.0595,0.0241
4,8,0,2,0.9131,0.8963,0.9326,0.9046,0.0537
4,8,0,3,0.1967,0.2513,0.9683,0.0884,0.0180
4,8,0,4,0.4515,0.3997,0.9653,0.3529,0.0411
4,8,0,5,0.2475,0.2613,0.9649,0.1468,0.0182
4,8,0,6,0.6769,0.6542,0.8168,0.6166,0.0673
4,8,0,7,0.6579,0.6457,0.9251,0.5936,0.0676
4,8,0,8,0.6940,0.7101,0.9499,0.6388,0.0530
4,8,0,9,0.8820,0.8655,0.9200,0.8694,0.0628
4,8,0,10,0.8336,0.7890,0.9019,0.8114,0.0653
4,8,0,11,0.8644,0.8297,0.8700,0.8508,0.0670
4,8,1,0,0.6994,0.6887,0.9799,0.6462,0.0506
4,8,1,1,0.8962,0.8854,0.9740,0.8833,0.0538
4,8,1,2,0.8592,0.8480,0.9672,0.8394,0.0594
4,8,1,3,0.9261,0.8851,0.9001,0.9217,0.0500
4,8,1,4,0.9683,0.9589,0.9710,0.9675,0.0384
4,8,1,5,0.9510,0.9382,0.9889,0.9455,0.0350
4,8,1,6,0.8648,0.8315,0.9876,0.8436,0.0333
4,8,1,7,0.9405,0.9305,0.9628,0.9358,0.0451
4,8,1,8,0.9741,0.9748,0.9944,0.9720,0.0293
4,8,1,9,0.9795,0.9802,0.9979,0.9771,0.0194
4,8,1,10,0.2348,0.5596,0.8954,0.0705,0.0694
4,8,1,11,0.3847,0.3182,0.9694,0.2937,0.0176
4,8,2,0,0.7834,0.7388,0.9336,0.7475,0.0582
4,8,2,1,0.9868,0.9867,0.9963,0.9850,0.0102
4,8,2,2,0.4575,0.4931,0.9850,0.3669,0.0335
4,8,2,3,0.7342,0.7236,0.9848,0.6882,0.0481
4,8,2,4,0.8692,0.8820,0.9949,0.8488,0.0382
4,8,2,5,0.6893,0.6920,0.9594,0.6332,0.0554
4,8,2,6,0.9861,0.9912,0.9995,0.9842,0.0118
4,8,2,7,0.7349,0.7154,0.8644,0.6894,0.0723
4,8,2,8,0.6361,0.6800,0.9757,0.5720,0.0432
4,8,2,9,0.4688,0.5664,0.9369,0.3661,0.0510
4,8,2,10,0.8720,0.8419,0.9116,0.8572,0.0638
4,8,2,11,0.9930,0.9935,0.9979,0.9925,0.0140
4,8,3,0,0.9840,0.9862,0.9981,0.9832,0.0211
4,8,3,1,0.9691,0.9658,0.9983,0.9647,0.0189
4,8,3,2,0.5009,0.5135,0.9840,0.4145,0.0400
4,8,3,3,0.8950,0.8905,0.9959,0.8791,0.0239
4,8,3,4,0.9863,0.9871,0.9982,0.9856,0.0209
4,8,3,5,0.9676,0.9636,0.9721,0.9643,0.0291
4,8,3,6,0.6625,0.6880,0.8910,0.5991,0.0652
4,8,3,7,0.6695,0.6303,0.9807,0.6117,0.0460
4,8,3,8,0.6415,0.6260,0.9857,0.5818,0.0369
4,8,3,9,0.7958,0.8041,0.9860,0.7628,0.0345
4,8,3,10,0.9833,0.9835,0.9985,0.9812,0.0168
4,8,3,11,0.8220,0.7776,0.9741,0.7931,0.0468
4,8,4,0,0.7373,0.7502,0.9878,0.6948,0.0300
4,8,4,1,0.8881,0.8537,0.9942,0.8708,0.0277
4,8,4,2,0.9917,0.9912,0.9993,0.9908,0.0106
4,8,4,3,0.7270,0.6968,0.9060,0.6796,0.0455
4,8,4,4,0.9843,0.9889,0.9997,0.9820,0.0084
4,8,4,5,0.9590,0.9621,0.9994,0.9530,0.0146
4,8,4,6,0.9445,0.9411,0.9730,0.9393,0.0426
4,8,4,7,0.5806,0.5554,0.9680,0.5077,0.0392
4,8,4,8,1.0000,1.0000,1.0000,1.0000,0.0000
4,8,4,9,0.8724,0.8369,0.9872,0.8526,0.0346
4,8,4,10,0.9880,0.9874,0.9986,0.9871,0.0168
4,8,4,11,0.2502,0.3442,0.9672,0.1605,0.0252
4,8,5,0,0.9851,0.9856,0.9979,0.9844,0.0218
4,8,5,1,0.9835,0.9821,0.9971,0.9832,0.0252
4,8,5,2,0.8852,0.8611,0.9913,0.8674,0.0352
4,8,5,3,0.9225,0.9068,0.9645,0.9134,0.0457
4,8,5,4,0.9199,0.8866,0.9840,0.9091,0.0415
4,8,5,5,0.9875,0.9880,0.9982,0.9870,0.0205
4,8,5,6,0.9836,0.9873,0.9992,0.9817,0.0130
4,8,5,7,0.9280,0.9172,0.9993,0.9172,0.0181
4,8,5,8,0.9870,0.9920,0.9995,0.9853,0.0091
4,8,5,9,0.9908,0.9904,0.9990,0.9901,0.0151
4,8,5,10,0.9206,0.8903,0.9883,0.9089,0.0291
4,8,5,11,0.9780,0.9737,0.9994,0.9748,0.0114
4,8,6,0,0.8308,0.8051,0.9606,0.8035,0.0432
4,8,6,1,0.9850,0.9865,0.9989,0.9830,0.0080
4,8,6,2,0.9941,0.9953,0.9995,0.9934,0.0058
4,8,6,3,0.9803,0.9797,0.9973,0.9777,0.0161
4,8,6,4,0.9663,0.9532,0.9770,0.9635,0.0312
4,8,6,5,0.9948,0.9954,0.9994,0.9943,0.0089
4,8,6,6,0.9908,0.9925,0.9996,0.9897,0.0121
4,8,6,7,0.9061,0.8719,0.9551,0.8944,0.0462
4,8,6,8,0.9179,0.8973,0.9900,0.9058,0.0315
4,8,6,9,0.9837,0.9824,0.9973,0.9834,0.0251
4,8,6,10,0.9894,0.9883,0.9981,0.9891,0.0215
4,8,6,11,0.9742,0.9792,0.9975,0.9708,0.0192
4,8,7,0,0.9191,0.9360,0.9983,0.9070,0.0209
4,8,7,1,0.9904,0.9904,0.9996,0.9893,0.0121
4,8,7,2,0.9837,0.9824,0.9973,0.9834,0.0252
4,8,7,3,0.9558,0.9507,0.9778,0.9508,0.0308
4,8,7,4,0.9342,0.9404,0.9978,0.9244,0.0193
4,8,7,5,0.9871,0.9875,0.9988,0.9854,0.0100
4,8,7,6,0.9936,0.9926,0.9996,0.9928,0.0075
4,8,7,7,0.9889,0.9900,0.9989,0.9882,0.0177
4,8,7,8,0.9282,0.9121,0.9884,0.9177,0.0245
4,8,7,9,0.9822,0.9861,0.9964,0.9796,0.0094
4,8,7,10,0.9867,0.9882,0.9982,0.9862,0.0211
4,8,7,11,0.9860,0.9858,0.9981,0.9853,0.0220
4,8,8,0,0.9913,0.9916,0.9994,0.9903,0.0105
4,8,8,1,0.9861,0.9877,0.9982,0.9855,0.0210
4,8,8,2,0.9877,0.9855,0.9959,0.9863,0.0155
4,8,8,3,0.9882,0.9880,0.9986,0.9866,0.0066
4,8,8,4,0.9525,0.9652,0.9996,0.9454,0.0165
4,8,8,5,0.8861,0.8882,0.9718,0.8693,0.0430
4,8,8,6,0.9899,0.9920,0.9993,0.9888,0.0108
4,8,8,7,0.8208,0.8599,0.9939,0.7936,0.0214
4,8,8,8,0.9336,0.9199,0.9882,0.9247,0.0332
4,8,8,9,0.9824,0.9789,0.9884,0.9809,0.0216
4,8,8,10,0.9885,0.9889,0.9943,0.9871,0.0131
4,8,8,11,0.9878,0.9871,0.9956,0.9863,0.0104
4,8,9,0,0.9304,0.9113,0.9601,0.9200,0.0213
4,8,9,1,0.9876,0.9869,0.9978,0.9874,0.0223
4,8,9,2,0.9603,0.9446,0.9812,0.9545,0.0205
4,8,9,3,0.9212,0.9334,0.9925,0.9096,0.0314
4,8,9,4,0.9903,0.9903,0.9985,0.9898,0.0172
4,8,9,5,0.9880,0.9910,0.9960,0.9863,0.0091
4,8,9,6,0.9865,0.9864,0.9980,0.9860,0.0222
4,8,9,7,0.9910,0.9895,0.9974,0.9897,0.0076
4,8,9,8,0.9827,0.9797,0.9910,0.9804,0.0104
4,8,9,9,0.9859,0.9850,0.9977,0.9856,0.0241
4,8,9,10,0.9313,0.9342,0.9969,0.9210,0.0251
4,8,9,11,0.9849,0.9837,0.9976,0.9845,0.0247
4,8,10,0,0.9825,0.9764,0.9847,0.9799,0.0113
4,8,10,1,0.9892,0.9892,0.9985,0.9888,0.0206
4,8,10,2,0.9863,0.9862,0.9981,0.9858,0.0223
4,8,10,3,0.9914,0.9924,0.9993,0.9905,0.0104
4,8,10,4,0.9881,0.9874,0.9978,0.9866,0.0108
4,8,10,5,0.9055,0.9146,0.9968,0.8916,0.0227
4,8,10,6,0.9889,0.9880,0.9980,0.9882,0.0176
4,8,10,7,0.9885,0.9880,0.9932,0.9869,0.0113
4,8,10,8,0.9851,0.9844,0.9979,0.9845,0.0232
4,8,10,9,0.9232,0.9270,0.9962,0.9116,0.0241
4,8,10,10,0.9869,0.9860,0.9980,0.9864,0.0220
4,8,10,11,0.9800,0.9824,0.9996,0.9773,0.0109
4,8,11,0,0.7758,0.7291,0.7519,0.7419,0.0745
4,8,11,1,0.9939,0.9932,0.9993,0.9933,0.0122
4,8,11,2,0.9900,0.9897,0.9988,0.9892,0.0152
4,8,11,3,0.9655,0.9658,0.9835,0.9613,0.0257
4,8,11,4,0.9922,0.9922,0.9986,0.9911,0.0064
4,8,11,5,0.9910,0.9916,0.9987,0.9902,0.0132
4,8,11,6,0.9889,0.9882,0.9984,0.9884,0.0207
4,8,11,7,0.9933,0.9943,0.9995,0.9925,0.0076
4,8,11,8,0.2047,0.5052,0.9482,0.0598,0.0433
4,8,11,9,0.9877,0.9872,0.9982,0.9872,0.0219
4,8,11,10,0.9606,0.9681,0.9905,0.9555,0.0249
4,8,11,11,0.9676,0.9652,0.9904,0.9639,0.0270
4,9,0,0,0.8636,0.8667,0.9064,0.8314,0.0332
4,9,0,1,0.1902,0.3328,0.9570,0.0713,0.0588
4,9,0,2,0.8942,0.9087,0.9777,0.8697,0.0235
4,9,0,3,0.2424,0.3698,0.9634,0.1188,0.0397
4,9,0,4,0.5456,0.5542,0.9851,0.4437,0.0080
4,9,0,5,0.2687,0.3791,0.9562,0.1504,0.0390
4,9,0,6,0.7755,0.8033,0.8955,0.7186,0.0356
4,9,0,7,0.7700,0.7931,0.9716,0.7125,0.0350
4,9,0,8,0.7164,0.8120,0.9870,0.6477,0.0218
4,9,0,9,0.8905,0.8941,0.9699,0.8654,0.0342
4,9,0,10,0.8330,0.8410,0.9587,0.7925,0.0328
4,9,0,11,0.8856,0.8798,0.9372,0.8603,0.0366
4,9,1,0,0.8029,0.7949,0.9954,0.7569,0.0192
4,9,1,1,0.8911,0.9033,0.9954,0.8659,0.0252
4,9,1,2,0.8667,0.8737,0.9919,0.8353,0.0303
4,9,1,3,0.8655,0.8497,0.9559,0.8337,0.0232
4,9,1,4,0.9056,0.8973,0.9948,0.8844,0.0193
4,9,1,5,0.8700,0.8750,0.9985,0.8417,0.0083
4,9,1,6,0.8272,0.8681,0.9997,0.7898,0.0079
4,9,1,7,0.9022,0.9003,0.9927,0.8798,0.0231
4,9,1,8,0.8935,0.8841,0.9969,0.8710,0.0148
4,9,1,9,0.8807,0.8700,0.9909,0.8577,0.0171
4,9,1,10,0.4077,0.6522,0.9517,0.2508,0.0384
4,9,1,11,0.3961,0.4292,0.9653,0.2878,0.0265
4,9,2,0,0.8386,0.8453,0.9783,0.7999,0.0257
4,9,2,1,0.8849,0.8680,0.9950,0.8645,0.0281
4,9,2,2,0.6429,0.7099,0.9903,0.5695,0.0091
4,9,2,3,0.7929,0.8102,0.9932,0.7451,0.0159
4,9,2,4,0.8495,0.8687,0.9909,0.8175,0.0112
4,9,2,5,0.8034,0.8404,0.9875,0.7564,0.0228
4,9,2,6,0.8775,0.8550,0.9893,0.8560,0.0244
4,9,2,7,0.8145,0.8151,0.9300,0.7688,0.0403
4,9,2,8,0.8396,0.8778,0.9977,0.8035,0.0122
4,9,2,9,0.6363,0.7508,0.9800,0.5478,0.0198
4,9,2,10,0.8953,0.8921,0.9622,0.8716,0.0336
4,9,2,11,0.8746,0.8543,0.9946,0.8513,0.0261
4,9,3,0,0.8134,0.7791,0.9760,0.7916,0.0558
4,9,3,1,0.8874,0.8986,0.9901,0.8666,0.0181
4,9,3,2,0.6625,0.7079,0.9929,0.5898,0.0109
4,9,3,3,0.8366,0.8578,0.9878,0.8071,0.0223
4,9,3,4,0.8194,0.7821,0.9772,0.7979,0.0555
4,9,3,5,0.8890,0.8742,0.9921,0.8656,0.0147
4,9,3,6,0.7101,0.8222,0.9513,0.6361,0.0332
4,9,3,7,0.7668,0.7816,0.9979,0.7144,0.0140
4,9,3,8,0.7868,0.8173,0.9843,0.7425,0.0125
4,9,3,9,0.8234,0.9095,0.9865,0.7874,0.0127
4,9,3,10,0.8643,0.8539,0.9896,0.8392,0.0205
4,9,3,11,0.8510,0.8585,0.9947,0.8170,0.0151
4,9,4,0,0.8278,0.8885,0.9840,0.7932,0.0148
4,9,4,1,0.8315,0.8647,0.9925,0.7983,0.0135
4,9,4,2,0.8472,0.8113,0.9840,0.8259,0.0447
4,9,4,3,0.7590,0.7808,0.9529,0.7037,0.0112
4,9,4,4,0.8637,0.8494,0.9894,0.8423,0.0341
4,9,4,5,0.8804,0.8701,0.9902,0.8592,0.0222
4,9,4,6,0.9157,0.9126,0.9954,0.8967,0.0146
4,9,4,7,0.5964,0.6360,0.9886,0.5083,0.0130
4,9,4,8,0.8724,0.8369,0.9872,0.8526,0.0346
4,9,4,9,1.0000,1.0000,1.0000,1.0000,0.0000
4,9,4,10,0.8325,0.7993,0.9810,0.8112,0.0509
4,9,4,11,0.4214,0.5279,0.9499,0.3404,0.0598
4,9,5,0,0.8166,0.7765,0.9755,0.7952,0.0564
4,9,5,1,0.8108,0.7651,0.9730,0.7907,0.0598
4,9,5,2,0.8747,0.8771,0.9983,0.8488,0.0108
4,9,5,3,0.9553,0.9523,0.9932,0.9454,0.0121
4,9,5,4,0.9167,0.9094,0.9978,0.8982,0.0097
4,9,5,5,0.8241,0.7877,0.9766,0.8035,0.0551
4,9,5,6,0.8192,0.8107,0.9807,0.7939,0.0439
4,9,5,7,0.8813,0.8707,0.9893,0.8608,0.0220
4,9,5,8,0.8449,0.8395,0.9850,0.8225,0.0408
4,9,5,9,0.8302,0.7946,0.9809,0.8079,0.0492
4,9,5,10,0.8545,0.8488,0.9991,0.8245,0.0097
4,9,5,11,0.8373,0.8217,0.9851,0.8110,0.0319
4,9,6,0,0.9154,0.9248,0.9902,0.8966,0.0122
4,9,6,1,0.8501,0.8325,0.9880,0.8283,0.0392
4,9,6,2,0.8595,0.8262,0.9867,0.8388,0.0391
4,9,6,3,0.9059,0.8806,0.9957,0.8889,0.0222
4,9,6,4,0.8878,0.8792,0.9971,0.8634,0.0110
4,9,6,5,0.8715,0.8484,0.9916,0.8488,0.0265
4,9,6,6,0.8419,0.8134,0.9830,0.8197,0.0433
4,9,6,7,0.9091,0.8978,0.9859,0.8884,0.0150
4,9,6,8,0.8775,0.8862,0.9989,0.8522,0.0123
4,9,6,9,0.8115,0.7674,0.9736,0.7912,0.0597
4,9,6,10,0.8258,0.7832,0.9760,0.8056,0.0561
4,9,6,11,0.8833,0.8861,0.9953,0.8609,0.0171
4,9,7,0,0.8322,0.8471,0.9935,0.8023,0.0230
4,9,7,1,0.8341,0.8164,0.9828,0.8110,0.0422
4,9,7,2,0.8115,0.7666,0.9734,0.7913,0.0598
4,9,7,3,0.8963,0.9205,0.9973,0.8740,0.0112
4,9,7,4,0.8480,0.8812,0.9893,0.8216,0.0211
4,9,7,5,0.8864,0.8702,0.9914,0.8670,0.0268
4,9,7,6,0.8461,0.8147,0.9864,0.8236,0.0408
4,9,7,7,0.8370,0.8026,0.9796,0.8173,0.0523
4,9,7,8,0.9321,0.9446,0.9999,0.9185,0.0119
4,9,7,9,0.8678,0.8733,0.9934,0.8451,0.0273
4,9,7,10,0.8245,0.7893,0.9762,0.8043,0.0558
4,9,7,11,0.8188,0.7792,0.9766,0.7977,0.0567
4,9,8,0,0.8408,0.8054,0.9839,0.8184,0.0441
4,9,8,1,0.8268,0.7916,0.9763,0.8070,0.0556
4,9,8,2,0.8785,0.8664,0.9952,0.8559,0.0220
4,9,8,3,0.8479,0.8276,0.9899,0.8256,0.0391
4,9,8,4,0.8593,0.8903,0.9905,0.8351,0.0234
4,9,8,5,0.8957,0.9288,0.9944,0.8724,0.0110
4,9,8,6,0.8373,0.8116,0.9839,0.8149,0.0441
4,9,8,7,0.7623,0.8270,0.9882,0.7192,0.0211
4,9,8,8,0.9089,0.9116,0.9992,0.8894,0.0098
4,9,8,9,0.8921,0.8800,0.9966,0.8705,0.0140
4,9,8,10,0.8724,0.8563,0.9949,0.8492,0.0234
4,9,8,11,0.8402,0.8208,0.9865,0.8172,0.0418
4,9,9,0,0.8037,0.7903,0.9748,0.7688,0.0244
4,9,9,1,0.8209,0.7781,0.9751,0.8006,0.0569
4,9,9,2,0.8545,0.8375,0.9891,0.8279,0.0189
4,9,9,3,0.8468,0.8993,0.9988,0.8151,0.0091
4,9,9,4,0.8340,0.7965,0.9799,0.8135,0.0502
4,9,9,5,0.8424,0.8225,0.9884,0.8184,0.0397
4,9,9,6,0.8181,0.7797,0.9768,0.7971,0.0568
4,9,9,7,0.8688,0.8496,0.9914,0.8475,0.0307
4,9,9,8,0.8356,0.8149,0.9857,0.8109,0.0387
4,9,9,9,0.8155,0.7734,0.9749,0.7951,0.0588
4,9,9,10,0.8422,0.8901,0.9890,0.8130,0.0198
4,9,9,11,0.8147,0.7708,0.9746,0.7943,0.0593
4,9,10,0,0.8476,0.8271,0.9863,0.8222,0.0296
4,9,10,1,0.8278,0.7914,0.9781,0.8076,0.0552
4,9,10,2,0.8192,0.7799,0.9771,0.7981,0.0569
4,9,10,3,0.8402,0.8122,0.9849,0.8182,0.0447
4,9,10,4,0.8323,0.8017,0.9840,0.8085,0.0441
4,9,10,5,0.8034,0.8654,0.9858,0.7696,0.0240
4,9,10,6,0.8258,0.7889,0.9800,0.8042,0.0519
4,9,10,7,0.8397,0.8195,0.9874,0.8148,0.0365
4,9,10,8,0.8155,0.7764,0.9758,0.7945,0.0579
4,9,10,9,0.8203,0.8568,0.9964,0.7863,0.0157
4,9,10,10,0.8184,0.7774,0.9766,0.7973,0.0567
4,9,10,11,0.8469,0.8267,0.9851,0.8244,0.0376
4,9,11,0,0.8144,0.8400,0.8448,0.7689,0.0420
4,9,11,1,0.8434,0.8085,0.9834,0.8220,0.0466
4,9,11,2,0.8300,0.7956,0.9822,0.8078,0.0496
4,9,11,3,0.8849,0.8711,0.9953,0.8615,0.0097
4,9,11,4,0.8525,0.8274,0.9911,0.8291,0.0369
4,9,11,5,0.8343,0.8048,0.9833,0.8120,0.0471
4,9,11,6,0.8241,0.7839,0.9782,0.8029,0.0551
4,9,11,7,0.8612,0.8373,0.9873,0.8409,0.0391
4,9,11,8,0.3604,0.6428,0.9713,0.2170,0.0092
4,9,11,9,0.8220,0.7817,0.9770,0.8012,0.0565
4,9,11,10,0.8682,0.8647,0.9984,0.8416,0.0110
4,9,11,11,0.8839,0.8716,0.9976,0.8601,0.0097
4,10,0,0,0.7754,0.7381,0.8175,0.7492,0.0796
4,10,0,1,0.1342,0.1895,0.9598,0.0392,0.0079
4,10,0,2,0.8687,0.8460,0.9223,0.8583,0.0699
4,10,0,3,0.1640,0.2115,0.9591,0.0625,0.0130
4,10,0,4,0.3877,0.3444,0.9533,0.2898,0.0573
4,10,0,5,0.2195,0.2233,0.9554,0.1253,0.0159
4,10,0,6,0.6200,0.5997,0.8036,0.5590,0.0836
4,10,0,7,0.5859,0.5733,0.9134,0.5177,0.0838
4,10,0,8,0.6452,0.6514,0.9384,0.5904,0.0693
4,10,0,9,0.8250,0.8047,0.9081,0.8085,0.0791
4,10,0,10,0.7795,0.7316,0.8858,0.7548,0.0816
4,10,0,11,0.8113,0.7759,0.8552,0.7950,0.0833
4,10,1,0,0.6174,0.6062,0.9703,0.5580,0.0669
4,10,1,1,0.8435,0.8227,0.9643,0.8272,0.0701
4,10,1,2,0.7942,0.7748,0.9553,0.7692,0.0760
4,10,1,3,0.9147,0.8781,0.8909,0.9151,0.0662
4,10,1,4,0.9347,0.9210,0.9643,0.9326,0.0547
4,10,1,5,0.9230,0.8946,0.9814,0.9171,0.0513
4,10,1,6,0.8287,0.7842,0.9823,0.8069,0.0496
4,10,1,7,0.8984,0.8834,0.9548,0.8916,0.0614
4,10,1,8,0.9442,0.9406,0.9891,0.9407,0.0455
4,10,1,9,0.9537,0.9491,0.9939,0.9498,0.0357
4,10,1,10,0.2012,0.5239,0.8793,0.0477,0.0859
4,10,1,11,0.3453,0.2774,0.9592,0.2583,0.0265
4,10,2,0,0.7299,0.6801,0.9196,0.6922,0.0745
4,10,2,1,0.9814,0.9754,0.9946,0.9806,0.0260
4,10,2,2,0.4012,0.4343,0.9761,0.3121,0.0474
4,10,2,3,0.6681,0.6492,0.9753,0.6184,0.0647
4,10,2,4,0.8309,0.8415,0.9887,0.8092,0.0531
4,10,2,5,0.6250,0.6227,0.9501,0.5662,0.0716
4,10,2,6,0.9695,0.9732,0.9967,0.9669,0.0281
4,10,2,7,0.6680,0.6510,0.8505,0.6185,0.0885
4,10,2,8,0.5761,0.6278,0.9679,0.5107,0.0592
4,10,2,9,0.4222,0.5161,0.9277,0.3235,0.0673
4,10,2,10,0.8167,0.7792,0.8999,0.7986,0.0800
4,10,2,11,0.9840,0.9810,0.9952,0.9840,0.0290
4,10,3,0,0.9975,0.9975,0.9992,0.9973,0.0049
4,10,3,1,0.9495,0.9380,0.9948,0.9445,0.0336
4,10,3,2,0.4406,0.4527,0.9754,0.3545,0.0544
4,10,3,3,0.8746,0.8683,0.9906,0.8588,0.0349
4,10,3,4,0.9977,0.9968,0.9996,0.9975,0.0046
4,10,3,5,0.9461,0.9429,0.9696,0.9429,0.0454
4,10,3,6,0.5983,0.6211,0.8781,0.5327,0.0815
4,10,3,7,0.6341,0.5874,0.9719,0.5789,0.0605
4,10,3,8,0.5850,0.5711,0.9763,0.5242,0.0510
4,10,3,9,0.7593,0.7610,0.9781,0.7262,0.0476
4,10,3,10,0.9688,0.9622,0.9945,0.9666,0.0304
4,10,3,11,0.7844,0.7338,0.9633,0.7557,0.0628
4,10,4,0,0.7069,0.7053,0.9795,0.6658,0.0426
4,10,4,1,0.8741,0.8225,0.9876,0.8585,0.0411
4,10,4,2,0.9973,0.9968,0.9996,0.9970,0.0080
4,10,4,3,0.7139,0.6813,0.8994,0.6725,0.0618
4,10,4,4,0.9875,0.9835,0.9985,0.9865,0.0168
4,10,4,5,0.9531,0.9438,0.9968,0.9482,0.0290
4,10,4,6,0.9010,0.8982,0.9670,0.8932,0.0589
4,10,4,7,0.5297,0.4984,0.9568,0.4577,0.0534
4,10,4,8,0.9880,0.9874,0.9986,0.9871,0.0168
4,10,4,9,0.8325,0.7993,0.9810,0.8112,0.0509
4,10,4,10,1.0000,1.0000,1.0000,1.0000,0.0000
4,10,4,11,0.2043,0.2892,0.9590,0.1182,0.0089
4,10,5,0,0.9975,0.9969,0.9991,0.9973,0.0055
4,10,5,1,0.9973,0.9957,0.9987,0.9973,0.0089
4,10,5,2,0.8624,0.8407,0.9851,0.8454,0.0493
4,10,5,3,0.8893,0.8735,0.9580,0.8798,0.0619
4,10,5,4,0.8815,0.8421,0.9771,0.8691,0.0559
4,10,5,5,0.9974,0.9970,0.9994,0.9972,0.0042
4,10,5,6,0.9881,0.9898,0.9988,0.9867,0.0077
4,10,5,7,0.9107,0.8966,0.9960,0.8998,0.0291
4,10,5,8,0.9895,0.9897,0.9993,0.9884,0.0101
4,10,5,9,0.9966,0.9967,0.9998,0.9962,0.0030
4,10,5,10,0.9034,0.8668,0.9832,0.8928,0.0454
4,10,5,11,0.9751,0.9636,0.9970,0.9725,0.0195
4,10,6,0,0.8013,0.7710,0.9547,0.7753,0.0576
4,10,6,1,0.9857,0.9830,0.9991,0.9841,0.0117
4,10,6,2,0.9925,0.9904,0.9994,0.9919,0.0118
4,10,6,3,0.9583,0.9547,0.9941,0.9545,0.0324
4,10,6,4,0.9480,0.9413,0.9721,0.9462,0.0475
4,10,6,5,0.9820,0.9803,0.9970,0.9811,0.0252
4,10,6,6,0.9949,0.9926,0.9994,0.9944,0.0079
4,10,6,7,0.8581,0.8225,0.9477,0.8436,0.0624
4,10,6,8,0.9170,0.8937,0.9861,0.9086,0.0462
4,10,6,9,0.9974,0.9961,0.9989,0.9974,0.0088
4,10,6,10,0.9986,0.9973,0.9991,0.9985,0.0052
4,10,6,11,0.9641,0.9654,0.9947,0.9616,0.0341
4,10,7,0,0.9203,0.9376,0.9955,0.9107,0.0314
4,10,7,1,0.9873,0.9856,0.9994,0.9858,0.0089
4,10,7,2,0.9974,0.9960,0.9988,0.9974,0.0089
4,10,7,3,0.9414,0.9309,0.9729,0.9381,0.0471
4,10,7,4,0.9240,0.9046,0.9932,0.9149,0.0308
4,10,7,5,0.9814,0.9803,0.9974,0.9802,0.0244
4,10,7,6,0.9939,0.9941,0.9994,0.9934,0.0106
4,10,7,7,0.9969,0.9957,0.9995,0.9965,0.0051
4,10,7,8,0.9034,0.8803,0.9831,0.8926,0.0403
4,10,7,9,0.9785,0.9750,0.9955,0.9768,0.0236
4,10,7,10,0.9964,0.9960,0.9992,0.9960,0.0051
4,10,7,11,0.9979,0.9971,0.9993,0.9977,0.0058
4,10,8,0,0.9959,0.9964,0.9998,0.9955,0.0071
4,10,8,1,0.9954,0.9942,0.9990,0.9950,0.0060
4,10,8,2,0.9676,0.9635,0.9921,0.9653,0.0320
4,10,8,3,0.9874,0.9818,0.9983,0.9861,0.0118
4,10,8,4,0.9514,0.9468,0.9971,0.9460,0.0283
4,10,8,5,0.8466,0.8388,0.9658,0.8285,0.0593
4,10,8,6,0.9932,0.9944,0.9997,0.9924,0.0071
4,10,8,7,0.8252,0.8535,0.9882,0.8025,0.0316
4,10,8,8,0.8931,0.8748,0.9825,0.8817,0.0495
4,10,8,9,0.9631,0.9613,0.9861,0.9613,0.0379
4,10,8,10,0.9821,0.9776,0.9930,0.9816,0.0281
4,10,8,11,0.9953,0.9944,0.9975,0.9949,0.0093
4,10,9,0,0.9155,0.8927,0.9626,0.9053,0.0310
4,10,9,1,0.9984,0.9971,0.9990,0.9983,0.0060
4,10,9,2,0.9403,0.9205,0.9813,0.9338,0.0341
4,10,9,3,0.9070,0.9135,0.9868,0.8971,0.0458
4,10,9,4,0.9952,0.9943,1.0000,0.9947,0.0049
4,10,9,5,0.9950,0.9944,0.9971,0.9947,0.0117
4,10,9,6,0.9979,0.9971,0.9997,0.9977,0.0059
4,10,9,7,0.9797,0.9747,0.9971,0.9778,0.0205
4,10,9,8,0.9917,0.9909,0.9936,0.9909,0.0127
4,10,9,9,0.9980,0.9968,0.9992,0.9980,0.0079
4,10,9,10,0.9156,0.8962,0.9916,0.9056,0.0374
4,10,9,11,0.9976,0.9964,0.9991,0.9976,0.0084
4,10,10,0,0.9737,0.9687,0.9870,0.9711,0.0220
4,10,10,1,0.9977,0.9965,0.9994,0.9975,0.0049
4,10,10,2,0.9979,0.9970,0.9996,0.9978,0.0060
4,10,10,3,0.9959,0.9955,0.9997,0.9955,0.0064
4,10,10,4,0.9942,0.9960,0.9994,0.9936,0.0071
4,10,10,5,0.8966,0.8786,0.9924,0.8838,0.0303
4,10,10,6,0.9979,0.9974,0.9999,0.9976,0.0021
4,10,10,7,0.9890,0.9864,0.9949,0.9881,0.0147
4,10,10,8,0.9979,0.9974,0.9993,0.9978,0.0070
4,10,10,9,0.9097,0.8896,0.9918,0.8991,0.0370
4,10,10,10,0.9980,0.9969,0.9995,0.9979,0.0058
4,10,10,11,0.9808,0.9846,0.9994,0.9786,0.0132
4,10,11,0,0.7340,0.6862,0.7378,0.7016,0.0908
4,10,11,1,0.9965,0.9960,0.9998,0.9962,0.0070
4,10,11,2,0.9977,0.9973,0.9998,0.9974,0.0037
4,10,11,3,0.9425,0.9477,0.9817,0.9379,0.0420
4,10,11,4,0.9941,0.9936,0.9978,0.9940,0.0156
4,10,11,5,0.9969,0.9973,0.9999,0.9965,0.0046
4,10,11,6,0.9983,0.9972,0.9996,0.9981,0.0042
4,10,11,7,0.9924,0.9914,0.9992,0.9917,0.0118
4,10,11,8,0.1725,0.4722,0.9336,0.0373,0.0598
4,10,11,9,0.9982,0.9973,0.9993,0.9980,0.0056
4,10,11,10,0.9425,0.9475,0.9872,0.9377,0.0412
4,10,11,11,0.9396,0.9367,0.9868,0.9346,0.0433
4,11,0,0,0.4370,0.5287,0.7573,0.3460,0.0885
4,11,0,1,0.0942,0.5393,0.9988,0.0023,0.0010
4,11,0,2,0.4217,0.5024,0.8807,0.3323,0.0788
4,11,0,3,0.1620,0.5812,0.9958,0.0680,0.0201
4,11,0,4,0.3702,0.7409,0.9664,0.2783,0.0662
4,11,0,5,0.1160,0.5947,0.9984,0.0175,0.0209
4,11,0,6,0.5190,0.5997,0.7362,0.4449,0.0925
4,11,0,7,0.6504,0.7390,0.8715,0.6049,0.0927
4,11,0,8,0.3754,0.5851,0.9122,0.2775,0.0782
4,11,0,9,0.4639,0.5326,0.8663,0.3798,0.0880
4,11,0,10,0.3748,0.6049,0.8642,0.2696,0.0905
4,11,0,11,0.4363,0.5493,0.8165,0.3435,0.0922
4,11,1,0,0.6438,0.7473,0.9522,0.5966,0.0758
4,11,1,1,0.4796,0.5738,0.9367,0.4021,0.0790
4,11,1,2,0.4506,0.5684,0.9390,0.3664,0.0846
4,11,1,3,0.3760,0.4749,0.8339,0.2760,0.0752
4,11,1,4,0.3556,0.4653,0.9149,0.2601,0.0636
4,11,1,5,0.3112,0.5062,0.9583,0.2122,0.0602
4,11,1,6,0.2864,0.5357,0.9449,0.1838,0.0585
4,11,1,7,0.3733,0.4627,0.9136,0.2779,0.0703
4,11,1,8,0.3235,0.4254,0.9626,0.2288,0.0544
4,11,1,9,0.2886,0.3923,0.9720,0.1946,0.0443
4,11,1,10,0.4706,0.5297,0.8813,0.3872,0.0946
4,11,1,11,0.1707,0.6260,0.9961,0.0689,0.0354
4,11,2,0,0.5627,0.6520,0.9017,0.4996,0.0834
4,11,2,1,0.2520,0.3549,0.9531,0.1569,0.0349
4,11,2,2,0.8292,0.8944,0.9786,0.8111,0.0563
4,11,2,3,0.6405,0.7257,0.9668,0.5929,0.0733
4,11,2,4,0.4095,0.5545,0.9804,0.3275,0.0620
4,11,2,5,0.6728,0.7642,0.9077,0.6310,0.0805
4,11,2,6,0.2742,0.3762,0.9715,0.1825,0.0370
4,11,2,7,0.5284,0.6569,0.7940,0.4560,0.0975
4,11,2,8,0.5470,0.6069,0.9364,0.4842,0.0681
4,11,2,9,0.6589,0.7304,0.8829,0.6145,0.0762
4,11,2,10,0.4616,0.5818,0.8447,0.3769,0.0889
4,11,2,11,0.2890,0.3822,0.9587,0.1969,0.0379
4,11,3,0,0.1854,0.2767,0.9665,0.1009,0.0041
4,11,3,1,0.2984,0.4257,0.9705,0.2076,0.0425
4,11,3,2,0.7920,0.8261,0.9677,0.7690,0.0634
4,11,3,3,0.4507,0.5819,0.9827,0.3819,0.0438
4,11,3,4,0.1965,0.2628,0.9643,0.1124,0.0043
4,11,3,5,0.2872,0.3909,0.9088,0.1870,0.0543
4,11,3,6,0.5662,0.6906,0.8317,0.5031,0.0904
4,11,3,7,0.7076,0.7753,0.9573,0.6714,0.0694
4,11,3,8,0.5829,0.6769,0.9843,0.5282,0.0597
4,11,3,9,0.4254,0.5362,0.9876,0.3479,0.0565
4,11,3,10,0.3016,0.4325,0.9703,0.2114,0.0394
4,11,3,11,0.5535,0.6701,0.9582,0.4910,0.0718
4,11,4,0,0.4996,0.5579,0.9887,0.4336,0.0513
4,11,4,1,0.4710,0.6139,0.9783,0.4017,0.0497
4,11,4,2,0.2195,0.2897,0.9647,0.1314,0.0156
4,11,4,3,0.4391,0.5485,0.8441,0.3570,0.0707
4,11,4,4,0.2748,0.3768,0.9617,0.1881,0.0257
4,11,4,5,0.3513,0.4478,0.9655,0.2693,0.0379
4,11,4,6,0.3987,0.4842,0.9176,0.3099,0.0678
4,11,4,7,0.3703,0.6777,0.9552,0.2804,0.0623
4,11,4,8,0.2502,0.3442,0.9672,0.1605,0.0252
4,11,4,9,0.4214,0.5279,0.9499,0.3404,0.0598
4,11,4,10,0.2043,0.2892,0.9590,0.1182,0.0089
4,11,4,11,1.0000,1.0000,1.0000,1.0000,0.0000
4,11,5,0,0.1924,0.2640,0.9670,0.1086,0.0034
4,11,5,1,0.1819,0.2434,0.9664,0.1000,0.0000
4,11,5,2,0.4151,0.5544,0.9662,0.3355,0.0582
4,11,5,3,0.4016,0.4802,0.9143,0.3129,0.0708
4,11,5,4,0.4866,0.6163,0.9390,0.4144,0.0648
4,11,5,5,0.1938,0.2773,0.9648,0.1096,0.0047
4,11,5,6,0.2641,0.3372,0.9708,0.1820,0.0159
4,11,5,7,0.3199,0.4955,0.9731,0.2347,0.0378
4,11,5,8,0.2229,0.3116,0.9648,0.1340,0.0190
4,11,5,9,0.2182,0.2856,0.9642,0.1325,0.0106
4,11,5,10,0.3546,0.5153,0.9448,0.2661,0.0543
4,11,5,11,0.2382,0.4073,0.9734,0.1468,0.0285
4,11,6,0,0.4102,0.4460,0.9128,0.3252,0.0665
4,11,6,1,0.2268,0.3252,0.9578,0.1378,0.0206
4,11,6,2,0.2320,0.3176,0.9616,0.1426,0.0207
4,11,6,3,0.2731,0.3695,0.9648,0.1793,0.0413
4,11,6,4,0.3241,0.4536,0.9276,0.2272,0.0564
4,11,6,5,0.2870,0.3774,0.9639,0.1970,0.0341
4,11,6,6,0.2171,0.3302,0.9640,0.1285,0.0168
4,11,6,7,0.4217,0.5628,0.8878,0.3351,0.0714
4,11,6,8,0.4685,0.5439,0.9456,0.3969,0.0551
4,11,6,9,0.1830,0.2458,0.9659,0.1007,0.0001
4,11,6,10,0.1944,0.2637,0.9670,0.1104,0.0037
4,11,6,11,0.3362,0.4337,0.9570,0.2489,0.0430
4,11,7,0,0.4250,0.4581,0.9685,0.3533,0.0403
4,11,7,1,0.2285,0.3197,0.9662,0.1420,0.0176
4,11,7,2,0.1828,0.2456,0.9661,0.1006,0.0000
4,11,7,3,0.3501,0.4577,0.9254,0.2581,0.0560
4,11,7,4,0.3354,0.4766,0.9776,0.2527,0.0395
4,11,7,5,0.2801,0.3619,0.9619,0.1901,0.0333
4,11,7,6,0.2285,0.3059,0.9638,0.1396,0.0195
4,11,7,7,0.2021,0.2804,0.9666,0.1170,0.0075
4,11,7,8,0.3552,0.4684,0.9496,0.2678,0.0492
4,11,7,9,0.2814,0.3914,0.9480,0.1919,0.0325
4,11,7,10,0.1967,0.2751,0.9661,0.1132,0.0041
4,11,7,11,0.1908,0.2611,0.9665,0.1067,0.0031
4,11,8,0,0.2242,0.3021,0.9634,0.1365,0.0157
4,11,8,1,0.1955,0.2752,0.9676,0.1119,0.0042
4,11,8,2,0.2718,0.3591,0.9689,0.1772,0.0407
4,11,8,3,0.2204,0.3103,0.9599,0.1304,0.0207
4,11,8,4,0.3204,0.4224,0.9682,0.2362,0.0373
4,11,8,5,0.4317,0.5098,0.9169,0.3498,0.0682
4,11,8,6,0.2160,0.3039,0.9643,0.1282,0.0157
4,11,8,7,0.4579,0.4767,0.9850,0.3904,0.0405
4,11,8,8,0.3286,0.5047,0.9444,0.2336,0.0584
4,11,8,9,0.3148,0.4114,0.9333,0.2222,0.0468
4,11,8,10,0.2683,0.3778,0.9436,0.1745,0.0370
4,11,8,11,0.2249,0.2974,0.9454,0.1364,0.0182
4,11,9,0,0.2383,0.3388,0.8828,0.1429,0.0399
4,11,9,1,0.1920,0.2600,0.9670,0.1086,0.0029
4,11,9,2,0.2816,0.4143,0.9129,0.1895,0.0430
4,11,9,3,0.4550,0.5167,0.9598,0.3811,0.0547
4,11,9,4,0.1975,0.2805,0.9602,0.1114,0.0096
4,11,9,5,0.2314,0.3247,0.9439,0.1415,0.0206
4,11,9,6,0.1883,0.2590,0.9625,0.1043,0.0030
4,11,9,7,0.2472,0.3434,0.9507,0.1556,0.0294
4,11,9,8,0.2327,0.3008,0.9320,0.1438,0.0216
4,11,9,9,0.1848,0.2530,0.9648,0.1017,0.0010
4,11,9,10,0.3381,0.4706,0.9780,0.2532,0.0463
4,11,9,11,0.1862,0.2491,0.9656,0.1034,0.0005
4,11,10,0,0.2336,0.3122,0.9186,0.1401,0.0310
4,11,10,1,0.1936,0.2664,0.9666,0.1091,0.0046
4,11,10,2,0.1906,0.2577,0.9640,0.1065,0.0029
4,11,10,3,0.2176,0.3008,0.9627,0.1299,0.0151
4,11,10,4,0.2228,0.2878,0.9533,0.1351,0.0160
4,11,10,5,0.2903,0.4360,0.9829,0.2032,0.0390
4,11,10,6,0.1950,0.2645,0.9569,0.1091,0.0079
4,11,10,7,0.2216,0.3302,0.9354,0.1297,0.0236
4,11,10,8,0.1870,0.2553,0.9653,0.1034,0.0020
4,11,10,9,0.2974,0.4738,0.9625,0.2062,0.0459
4,11,10,10,0.1904,0.2569,0.9643,0.1063,0.0031
4,11,10,11,0.2671,0.3380,0.9665,0.1827,0.0222
4,11,11,0,0.4671,0.5598,0.6735,0.3795,0.0997
4,11,11,1,0.2179,0.2891,0.9638,0.1304,0.0132
4,11,11,2,0.2050,0.2761,0.9632,0.1183,0.0102
4,11,11,3,0.3350,0.3897,0.9270,0.2442,0.0509
4,11,11,4,0.2386,0.3211,0.9615,0.1475,0.0245
4,11,11,5,0.2080,0.2877,0.9586,0.1203,0.0130
4,11,11,6,0.1955,0.2641,0.9649,0.1106,0.0047
4,11,11,7,0.2217,0.3188,0.9640,0.1314,0.0207
4,11,11,8,0.3119,0.5678,0.9668,0.2105,0.0685
4,11,11,9,0.1944,0.2619,0.9663,0.1104,0.0033
4,11,11,10,0.3235,0.4332,0.9431,0.2316,0.0501
4,11,11,11,0.3592,0.4496,0.9394,0.2716,0.0522
5,0,0,0,0.7637,0.7138,0.7968,0.7392,0.0851
5,0,0,1,0.1187,0.1596,0.9664,0.0260,0.0026
5,0,0,2,0.8624,0.8321,0.9096,0.8540,0.0754
5,0,0,3,0.1488,0.1799,0.9643,0.0498,0.0167
5,0,0,4,0.3732,0.3122,0.9515,0.2778,0.0628
5,0,0,5,0.2062,0.1921,0.9619,0.1144,0.0182
5,0,0,6,0.6037,0.5683,0.7817,0.5442,0.0891
5,0,0,7,0.5731,0.5495,0.9007,0.5073,0.0893
5,0,0,8,0.6300,0.6273,0.9290,0.5766,0.0748
5,0,0,9,0.8171,0.7924,0.8946,0.8027,0.0846
5,0,0,10,0.7681,0.7097,0.8732,0.7452,0.0871
5,0,0,11,0.8003,0.7541,0.8386,0.7858,0.0888
5,0,1,0,0.6129,0.5925,0.9660,0.5569,0.0724
5,0,1,1,0.8383,0.8112,0.9579,0.8242,0.0756
5,0,1,2,0.7866,0.7637,0.9495,0.7637,0.0812
5,0,1,3,0.9047,0.8547,0.8743,0.9062,0.0718
5,0,1,4,0.9259,0.9089,0.9549,0.9246,0.0602
5,0,1,5,0.9179,0.8846,0.9775,0.9131,0.0568
5,0,1,6,0.8207,0.7652,0.9762,0.8001,0.0551
5,0,1,7,0.8933,0.8746,0.9451,0.8882,0.0669
5,0,1,8,0.9383,0.9344,0.9862,0.9356,0.0510
5,0,1,9,0.9490,0.9463,0.9933,0.9457,0.0409
5,0,1,10,0.1712,0.4893,0.8689,0.0185,0.0912
5,0,1,11,0.3373,0.2461,0.9643,0.2532,0.0320
5,0,2,0,0.7257,0.6600,0.9096,0.6912,0.0800
5,0,2,1,0.9779,0.9698,0.9906,0.9775,0.0315
5,0,2,2,0.3888,0.4075,0.9758,0.3022,0.0529
5,0,2,3,0.6645,0.6361,0.9734,0.6178,0.0699
5,0,2,4,0.8333,0.8333,0.9890,0.8144,0.0586
5,0,2,5,0.6165,0.6038,0.9409,0.5605,0.0771
5,0,2,6,0.9639,0.9688,0.9962,0.9615,0.0336
5,0,2,7,0.6536,0.6255,0.8327,0.6059,0.0941
5,0,2,8,0.5721,0.6114,0.9607,0.5100,0.0647
5,0,2,9,0.3994,0.4791,0.9149,0.3018,0.0728
5,0,2,10,0.8056,0.7600,0.8849,0.7890,0.0855
5,0,2,11,0.9821,0.9772,0.9922,0.9829,0.0345
5,0,3,0,0.9992,0.9992,1.0000,0.9991,0.0012
5,0,3,1,0.9446,0.9313,0.9941,0.9402,0.0391
5,0,3,2,0.4358,0.4296,0.9734,0.3534,0.0600
5,0,3,3,0.8748,0.8543,0.9915,0.8605,0.0404
5,0,3,4,0.9993,0.9994,0.9999,0.9992,0.0012
5,0,3,5,0.9356,0.9312,0.9593,0.9325,0.0509
5,0,3,6,0.5874,0.5932,0.8620,0.5245,0.0870
5,0,3,7,0.6108,0.5536,0.9674,0.5553,0.0660
5,0,3,8,0.5814,0.5539,0.9780,0.5235,0.0563
5,0,3,9,0.7635,0.7494,0.9793,0.7336,0.0531
5,0,3,10,0.9675,0.9587,0.9940,0.9663,0.0359
5,0,3,11,0.7747,0.7139,0.9592,0.7474,0.0683
5,0,4,0,0.7171,0.6977,0.9816,0.6803,0.0479
5,0,4,1,0.8722,0.8060,0.9872,0.8582,0.0463
5,0,4,2,0.9966,0.9964,0.9989,0.9966,0.0122
5,0,4,3,0.6896,0.6476,0.8841,0.6475,0.0673
5,0,4,4,0.9849,0.9789,0.9966,0.9842,0.0223
5,0,4,5,0.9496,0.9372,0.9955,0.9454,0.0345
5,0,4,6,0.8939,0.8886,0.9578,0.8874,0.0644
5,0,4,7,0.5222,0.4767,0.9534,0.4531,0.0589
5,0,4,8,0.9851,0.9856,0.9979,0.9844,0.0218
5,0,4,9,0.8166,0.7765,0.9755,0.7952,0.0564
5,0,4,10,0.9975,0.9969,0.9991,0.9973,0.0055
5,0,4,11,0.1924,0.2640,0.9670,0.1086,0.0034
5,0,5,0,1.0000,1.0000,1.0000,1.0000,0.0000
5,0,5,1,0.9994,0.9993,0.9999,0.9993,0.0034
5,0,5,2,0.8564,0.8267,0.9820,0.8407,0.0548
5,0,5,3,0.8829,0.8602,0.9481,0.8748,0.0674
5,0,5,4,0.8769,0.8281,0.9709,0.8662,0.0614
5,0,5,5,0.9985,0.9984,0.9999,0.9984,0.0016
5,0,5,6,0.9917,0.9900,0.9995,0.9910,0.0125
5,0,5,7,0.9043,0.8851,0.9957,0.8939,0.0344
5,0,5,8,0.9895,0.9873,0.9986,0.9887,0.0156
5,0,5,9,0.9972,0.9983,0.9995,0.9970,0.0072
5,0,5,10,0.8924,0.8530,0.9772,0.8820,0.0509
5,0,5,11,0.9743,0.9603,0.9974,0.9723,0.0251
5,0,6,0,0.7958,0.7578,0.9448,0.7716,0.0631
5,0,6,1,0.9844,0.9793,0.9968,0.9831,0.0172
5,0,6,2,0.9902,0.9900,0.9979,0.9898,0.0173
5,0,6,3,0.9517,0.9496,0.9915,0.9482,0.0379
5,0,6,4,0.9422,0.9264,0.9637,0.9414,0.0530
5,0,6,5,0.9784,0.9766,0.9951,0.9780,0.0307
5,0,6,6,0.9946,0.9914,0.9990,0.9944,0.0134
5,0,6,7,0.8442,0.8006,0.9359,0.8301,0.0680
5,0,6,8,0.9129,0.8780,0.9802,0.9057,0.0517
5,0,6,9,0.9994,0.9994,1.0000,0.9994,0.0033
5,0,6,10,0.9989,0.9992,1.0000,0.9988,0.0010
5,0,6,11,0.9660,0.9590,0.9914,0.9652,0.0396
5,0,7,0,0.9263,0.9310,0.9938,0.9188,0.0369
5,0,7,1,0.9844,0.9831,0.9992,0.9830,0.0142
5,0,7,2,0.9994,0.9994,1.0000,0.9994,0.0034
5,0,7,3,0.9396,0.9184,0.9643,0.9379,0.0526
5,0,7,4,0.9278,0.9000,0.9935,0.9204,0.0361
5,0,7,5,0.9775,0.9759,0.9952,0.9767,0.0299
5,0,7,6,0.9904,0.9915,0.9982,0.9898,0.0161
5,0,7,7,0.9965,0.9961,0.9998,0.9962,0.0043
5,0,7,8,0.8994,0.8654,0.9776,0.8898,0.0458
5,0,7,9,0.9773,0.9681,0.9911,0.9764,0.0291
5,0,7,10,0.9978,0.9977,1.0000,0.9976,0.0020
5,0,7,11,0.9996,0.9997,1.0000,0.9996,0.0008
5,0,8,0,0.9961,0.9971,0.9990,0.9960,0.0123
5,0,8,1,0.9968,0.9960,1.0000,0.9965,0.0029
5,0,8,2,0.9615,0.9599,0.9900,0.9595,0.0373
5,0,8,3,0.9856,0.9791,0.9960,0.9845,0.0173
5,0,8,4,0.9537,0.9405,0.9959,0.9496,0.0338
5,0,8,5,0.8453,0.8276,0.9567,0.8296,0.0648
5,0,8,6,0.9905,0.9924,0.9990,0.9898,0.0123
5,0,8,7,0.8374,0.8482,0.9893,0.8180,0.0371
5,0,8,8,0.8856,0.8611,0.9766,0.8752,0.0550
5,0,8,9,0.9566,0.9512,0.9790,0.9553,0.0434
5,0,8,10,0.9794,0.9720,0.9878,0.9795,0.0336
5,0,8,11,0.9937,0.9912,0.9937,0.9934,0.0148
5,0,9,0,0.9147,0.8845,0.9509,0.9056,0.0365
5,0,9,1,0.9992,0.9995,1.0000,0.9991,0.0013
5,0,9,2,0.9336,0.9091,0.9724,0.9274,0.0396
5,0,9,3,0.9094,0.9016,0.9831,0.9018,0.0513
5,0,9,4,0.9930,0.9937,0.9993,0.9922,0.0062
5,0,9,5,0.9941,0.9909,0.9929,0.9942,0.0172
5,0,9,6,0.9992,0.9992,0.9998,0.9991,0.0007
5,0,9,7,0.9751,0.9706,0.9934,0.9735,0.0260
5,0,9,8,0.9893,0.9859,0.9880,0.9887,0.0182
5,0,9,9,0.9993,0.9994,1.0000,0.9993,0.0024
5,0,9,10,0.9175,0.8886,0.9920,0.9092,0.0429
5,0,9,11,0.9995,0.9995,1.0000,0.9995,0.0029
5,0,10,0,0.9704,0.9638,0.9793,0.9682,0.0275
5,0,10,1,0.9979,0.9978,0.9999,0.9977,0.0022
5,0,10,2,0.9994,0.9994,0.9999,0.9993,0.0008
5,0,10,3,0.9940,0.9940,0.9986,0.9936,0.0117
5,0,10,4,0.9948,0.9957,0.9972,0.9946,0.0126
5,0,10,5,0.8963,0.8713,0.9937,0.8846,0.0356
5,0,10,6,0.9982,0.9980,0.9988,0.9981,0.0045
5,0,10,7,0.9882,0.9829,0.9896,0.9877,0.0202
5,0,10,8,0.9994,0.9995,1.0000,0.9994,0.0014
5,0,10,9,0.9094,0.8809,0.9888,0.9001,0.0425
5,0,10,10,0.9994,0.9995,0.9999,0.9993,0.0003
5,0,10,11,0.9839,0.9828,0.9988,0.9826,0.0188
5,0,11,0,0.7194,0.6556,0.7134,0.6885,0.0963
5,0,11,1,0.9960,0.9962,0.9991,0.9959,0.0098
5,0,11,2,0.9980,0.9979,0.9991,0.9979,0.0068
5,0,11,3,0.9396,0.9394,0.9737,0.9362,0.0475
5,0,11,4,0.9937,0.9914,0.9955,0.9942,0.0211
5,0,11,5,0.9953,0.9958,0.9985,0.9950,0.0096
5,0,11,6,0.9991,0.9992,0.9999,0.9990,0.0018
5,0,11,7,0.9894,0.9887,0.9979,0.9888,0.0173
5,0,11,8,0.1478,0.4374,0.9329,0.0143,0.0651
5,0,11,9,0.9992,0.9994,1.0000,0.9991,0.0014
5,0,11,10,0.9430,0.9404,0.9811,0.9399,0.0467
5,0,11,11,0.9364,0.9283,0.9807,0.9326,0.0488
5,1,0,0,0.7528,0.6979,0.7905,0.7296,0.0885
5,1,0,1,0.0991,0.1390,0.9654,0.0076,0.0010
5,1,0,2,0.8550,0.8198,0.9052,0.8478,0.0788
5,1,0,3,0.1292,0.1584,0.9630,0.0314,0.0201
5,1,0,4,0.3533,0.2878,0.9485,0.2586,0.0662
5,1,0,5,0.1880,0.1702,0.9608,0.0975,0.0209
5,1,0,6,0.5901,0.5494,0.7752,0.5319,0.0925
5,1,0,7,0.5552,0.5283,0.8961,0.4899,0.0927
5,1,0,8,0.6163,0.6098,0.9250,0.5638,0.0782
5,1,0,9,0.8070,0.7785,0.8898,0.7937,0.0880
5,1,0,10,0.7542,0.6918,0.8678,0.7318,0.0905
5,1,0,11,0.7881,0.7391,0.8328,0.7745,0.0922
5,1,1,0,0.5990,0.5746,0.9632,0.5438,0.0758
5,1,1,1,0.8278,0.7975,0.9547,0.8144,0.0790
5,1,1,2,0.7751,0.7486,0.9460,0.7530,0.0846
5,1,1,3,0.8963,0.8435,0.8694,0.8988,0.0752
5,1,1,4,0.9199,0.8996,0.9517,0.9196,0.0636
5,1,1,5,0.9101,0.8733,0.9751,0.9059,0.0602
5,1,1,6,0.8149,0.7524,0.9738,0.7955,0.0585
5,1,1,7,0.8858,0.8642,0.9416,0.8818,0.0703
5,1,1,8,0.9328,0.9272,0.9844,0.9309,0.0544
5,1,1,9,0.9460,0.9404,0.9921,0.9436,0.0443
5,1,1,10,0.1530,0.4722,0.8637,0.0023,0.0946
5,1,1,11,0.3196,0.2236,0.9628,0.2364,0.0354
5,1,2,0,0.7119,0.6412,0.9050,0.6781,0.0834
5,1,2,1,0.9749,0.9653,0.9892,0.9751,0.0349
5,1,2,2,0.3733,0.3865,0.9738,0.2879,0.0563
5,1,2,3,0.6526,0.6183,0.9710,0.6071,0.0733
5,1,2,4,0.8214,0.8187,0.9875,0.8026,0.0620
5,1,2,5,0.6018,0.5845,0.9374,0.5466,0.0805
5,1,2,6,0.9597,0.9638,0.9952,0.9577,0.0370
5,1,2,7,0.6374,0.6052,0.8269,0.5903,0.0975
5,1,2,8,0.5572,0.5939,0.9577,0.4959,0.0681
5,1,2,9,0.3842,0.4587,0.9106,0.2882,0.0762
5,1,2,10,0.7948,0.7446,0.8800,0.7792,0.0889
5,1,2,11,0.9785,0.9721,0.9908,0.9799,0.0379
5,1,3,0,0.9990,0.9984,0.9999,0.9990,0.0041
5,1,3,1,0.9416,0.9255,0.9930,0.9379,0.0425
5,1,3,2,0.4198,0.4079,0.9712,0.3385,0.0634
5,1,3,3,0.8702,0.8442,0.9903,0.8565,0.0438
5,1,3,4,0.9990,0.9989,0.9998,0.9990,0.0043
5,1,3,5,0.9317,0.9228,0.9567,0.9296,0.0543
5,1,3,6,0.5713,0.5710,0.8566,0.5092,0.0904
5,1,3,7,0.6012,0.5350,0.9646,0.5473,0.0694
5,1,3,8,0.5701,0.5359,0.9763,0.5134,0.0597
5,1,3,9,0.7524,0.7345,0.9776,0.7230,0.0565
5,1,3,10,0.9626,0.9519,0.9929,0.9617,0.0394
5,1,3,11,0.7647,0.6969,0.9561,0.7384,0.0718
5,1,4,0,0.7023,0.6800,0.9801,0.6655,0.0513
5,1,4,1,0.8660,0.7927,0.9856,0.8527,0.0497
5,1,4,2,0.9955,0.9947,0.9984,0.9957,0.0156
5,1,4,3,0.6847,0.6296,0.8796,0.6447,0.0707
5,1,4,4,0.9830,0.9735,0.9957,0.9827,0.0257
5,1,4,5,0.9456,0.9280,0.9944,0.9420,0.0379
5,1,4,6,0.8879,0.8773,0.9548,0.8825,0.0678
5,1,4,7,0.5025,0.4529,0.9504,0.4335,0.0623
5,1,4,8,0.9835,0.9821,0.9971,0.9832,0.0252
5,1,4,9,0.8108,0.7651,0.9730,0.7907,0.0598
5,1,4,10,0.9973,0.9957,0.9987,0.9973,0.0089
5,1,4,11,0.1819,0.2434,0.9664,0.1000,0.0000
5,1,5,0,0.9994,0.9993,0.9999,0.9993,0.0034
5,1,5,1,1.0000,1.0000,1.0000,1.0000,0.0000
5,1,5,2,0.8496,0.8118,0.9799,0.8347,0.0582
5,1,5,3,0.8745,0.8491,0.9447,0.8672,0.0708
5,1,5,4,0.8684,0.8150,0.9683,0.8583,0.0648
5,1,5,5,0.9986,0.9978,0.9998,0.9985,0.0047
5,1,5,6,0.9903,0.9869,0.9991,0.9899,0.0159
5,1,5,7,0.9009,0.8757,0.9946,0.8912,0.0378
5,1,5,8,0.9886,0.9848,0.9980,0.9882,0.0190
5,1,5,9,0.9968,0.9969,0.9992,0.9969,0.0106
5,1,5,10,0.8876,0.8383,0.9749,0.8782,0.0543
5,1,5,11,0.9714,0.9541,0.9967,0.9697,0.0285
5,1,6,0,0.7883,0.7440,0.9415,0.7653,0.0665
5,1,6,1,0.9831,0.9760,0.9960,0.9821,0.0206
5,1,6,2,0.9890,0.9873,0.9973,0.9890,0.0207
5,1,6,3,0.9483,0.9437,0.9900,0.9454,0.0413
5,1,6,4,0.9364,0.9176,0.9609,0.9364,0.0564
5,1,6,5,0.9753,0.9715,0.9940,0.9754,0.0341
5,1,6,6,0.9929,0.9883,0.9985,0.9928,0.0168
5,1,6,7,0.8361,0.7873,0.9323,0.8231,0.0714
5,1,6,8,0.9058,0.8665,0.9781,0.8992,0.0551
5,1,6,9,1.0000,1.0000,1.0000,1.0000,0.0001
5,1,6,10,0.9989,0.9990,0.9999,0.9988,0.0037
5,1,6,11,0.9605,0.9517,0.9899,0.9601,0.0430
5,1,7,0,0.9205,0.9228,0.9925,0.9133,0.0403
5,1,7,1,0.9841,0.9810,0.9987,0.9830,0.0176
5,1,7,2,1.0000,1.0000,1.0000,1.0000,0.0000
5,1,7,3,0.9333,0.9090,0.9615,0.9323,0.0560
5,1,7,4,0.9224,0.8900,0.9923,0.9154,0.0395
5,1,7,5,0.9749,0.9712,0.9942,0.9747,0.0333
5,1,7,6,0.9894,0.9893,0.9976,0.9892,0.0195
5,1,7,7,0.9962,0.9950,0.9995,0.9960,0.0075
5,1,7,8,0.8957,0.8563,0.9752,0.8871,0.0492
5,1,7,9,0.9745,0.9632,0.9898,0.9741,0.0325
5,1,7,10,0.9981,0.9971,0.9999,0.9980,0.0041
5,1,7,11,0.9996,0.9995,0.9999,0.9996,0.0031
5,1,8,0,0.9951,0.9947,0.9984,0.9954,0.0157
5,1,8,1,0.9970,0.9953,0.9998,0.9968,0.0042
5,1,8,2,0.9597,0.9548,0.9885,0.9586,0.0407
5,1,8,3,0.9847,0.9768,0.9950,0.9840,0.0207
5,1,8,4,0.9490,0.9326,0.9949,0.9453,0.0373
5,1,8,5,0.8380,0.8155,0.9537,0.8234,0.0682
5,1,8,6,0.9892,0.9902,0.9984,0.9886,0.0157
5,1,8,7,0.8259,0.8339,0.9880,0.8064,0.0405
5,1,8,8,0.8810,0.8505,0.9742,0.8716,0.0584
5,1,8,9,0.9534,0.9439,0.9770,0.9529,0.0468
5,1,8,10,0.9751,0.9663,0.9862,0.9756,0.0370
5,1,8,11,0.9929,0.9896,0.9929,0.9930,0.0182
5,1,9,0,0.9133,0.8783,0.9487,0.9051,0.0399
5,1,9,1,0.9993,0.9994,1.0000,0.9992,0.0029
5,1,9,2,0.9319,0.9018,0.9705,0.9266,0.0430
5,1,9,3,0.9037,0.8913,0.9810,0.8969,0.0547
5,1,9,4,0.9925,0.9928,0.9991,0.9919,0.0096
5,1,9,5,0.9928,0.9877,0.9919,0.9932,0.0206
5,1,9,6,0.9995,0.9993,0.9997,0.9995,0.0030
5,1,9,7,0.9743,0.9670,0.9923,0.9733,0.0294
5,1,9,8,0.9885,0.9835,0.9870,0.9884,0.0216
5,1,9,9,0.9998,0.9998,0.9999,0.9998,0.0010
5,1,9,10,0.9115,0.8779,0.9908,0.9036,0.0463
5,1,9,11,0.9999,0.9999,1.0000,0.9999,0.0005
5,1,10,0,0.9691,0.9602,0.9779,0.9675,0.0310
5,1,10,1,0.9981,0.9976,0.9997,0.9980,0.0046
5,1,10,2,0.9996,0.9994,0.9997,0.9996,0.0029
5,1,10,3,0.9930,0.9922,0.9980,0.9929,0.0151
5,1,10,4,0.9940,0.9937,0.9966,0.9941,0.0160
5,1,10,5,0.8912,0.8609,0.9927,0.8800,0.0390
5,1,10,6,0.9980,0.9976,0.9985,0.9980,0.0079
5,1,10,7,0.9865,0.9795,0.9886,0.9864,0.0236
5,1,10,8,0.9997,0.9996,0.9999,0.9997,0.0020
5,1,10,9,0.9024,0.8692,0.9871,0.8936,0.0459
5,1,10,10,0.9995,0.9995,0.9998,0.9995,0.0031
5,1,10,11,0.9814,0.9794,0.9982,0.9803,0.0222
5,1,11,0,0.7044,0.6377,0.7062,0.6742,0.0997
5,1,11,1,0.9953,0.9947,0.9986,0.9954,0.0132
5,1,11,2,0.9975,0.9970,0.9987,0.9976,0.0102
5,1,11,3,0.9342,0.9323,0.9715,0.9314,0.0509
5,1,11,4,0.9916,0.9884,0.9944,0.9923,0.0245
5,1,11,5,0.9944,0.9944,0.9980,0.9943,0.0130
5,1,11,6,0.9991,0.9990,0.9997,0.9992,0.0047
5,1,11,7,0.9885,0.9864,0.9972,0.9883,0.0207
5,1,11,8,0.1319,0.4198,0.9296,0.0007,0.0685
5,1,11,9,0.9994,0.9993,0.9998,0.9994,0.0033
5,1,11,10,0.9354,0.9319,0.9791,0.9326,0.0501
5,1,11,11,0.9324,0.9202,0.9786,0.9295,0.0522
5,2,0,0,0.8236,0.8567,0.8850,0.7836,0.0390
5,2,0,1,0.1601,0.3593,0.9717,0.0407,0.0572
5,2,0,2,0.8751,0.8858,0.9664,0.8479,0.0319
5,2,0,3,0.2109,0.3942,0.9761,0.0864,0.0382
5,2,0,4,0.4904,0.5606,0.9879,0.3805,0.0112
5,2,0,5,0.2320,0.4093,0.9709,0.1118,0.0374
5,2,0,6,0.7584,0.7998,0.8721,0.7005,0.0400
5,2,0,7,0.7394,0.7891,0.9588,0.6774,0.0371
5,2,0,8,0.6875,0.7850,0.9796,0.6150,0.0262
5,2,0,9,0.8781,0.8764,0.9569,0.8522,0.0424
5,2,0,10,0.8044,0.8215,0.9471,0.7593,0.0359
5,2,0,11,0.8448,0.8501,0.9208,0.8111,0.0442
5,2,1,0,0.7343,0.7797,0.9937,0.6750,0.0241
5,2,1,1,0.8596,0.8736,0.9910,0.8288,0.0302
5,2,1,2,0.8312,0.8414,0.9883,0.7933,0.0371
5,2,1,3,0.8886,0.8762,0.9404,0.8649,0.0335
5,2,1,4,0.8935,0.8873,0.9871,0.8708,0.0287
5,2,1,5,0.8494,0.8855,0.9983,0.8180,0.0161
5,2,1,6,0.8151,0.8589,0.9972,0.7766,0.0152
5,2,1,7,0.8902,0.8830,0.9849,0.8666,0.0317
5,2,1,8,0.8850,0.8804,0.9976,0.8616,0.0206
5,2,1,9,0.8733,0.8682,0.9945,0.8495,0.0194
5,2,1,10,0.3922,0.6386,0.9457,0.2377,0.0434
5,2,1,11,0.3646,0.4680,0.9777,0.2543,0.0247
5,2,2,0,0.8364,0.8693,0.9707,0.7997,0.0278
5,2,2,1,0.8802,0.8729,0.9951,0.8591,0.0302
5,2,2,2,0.6002,0.7160,0.9947,0.5210,0.0062
5,2,2,3,0.7360,0.8204,0.9946,0.6776,0.0209
5,2,2,4,0.8602,0.9054,0.9961,0.8316,0.0088
5,2,2,5,0.7455,0.8157,0.9786,0.6871,0.0262
5,2,2,6,0.8825,0.8690,0.9936,0.8621,0.0268
5,2,2,7,0.7582,0.7919,0.9098,0.7001,0.0445
5,2,2,8,0.7215,0.8138,0.9933,0.6615,0.0153
5,2,2,9,0.6162,0.7304,0.9692,0.5267,0.0245
5,2,2,10,0.8513,0.8521,0.9463,0.8186,0.0401
5,2,2,11,0.8915,0.8778,0.9956,0.8717,0.0298
5,2,3,0,0.8492,0.8292,0.9822,0.8323,0.0542
5,2,3,1,0.8649,0.8836,0.9936,0.8402,0.0168
5,2,3,2,0.6409,0.7299,0.9944,0.5664,0.0083
5,2,3,3,0.8495,0.9122,0.9945,0.8230,0.0192
5,2,3,4,0.8546,0.8305,0.9829,0.8381,0.0539
5,2,3,5,0.9047,0.8998,0.9846,0.8854,0.0205
5,2,3,6,0.7582,0.8210,0.9354,0.7008,0.0366
5,2,3,7,0.7798,0.7970,0.9975,0.7325,0.0153
5,2,3,8,0.6825,0.7812,0.9907,0.6189,0.0062
5,2,3,9,0.7729,0.8746,0.9940,0.7280,0.0085
5,2,3,10,0.8735,0.8804,0.9934,0.8504,0.0194
5,2,3,11,0.8604,0.8988,0.9950,0.8303,0.0153
5,2,4,0,0.7738,0.8512,0.9917,0.7297,0.0098
5,2,4,1,0.8243,0.9162,0.9975,0.7905,0.0104
5,2,4,2,0.8739,0.8477,0.9884,0.8567,0.0432
5,2,4,3,0.8135,0.8433,0.9421,0.7728,0.0151
5,2,4,4,0.8767,0.8879,0.9923,0.8575,0.0325
5,2,4,5,0.8872,0.9025,0.9932,0.8674,0.0214
5,2,4,6,0.9104,0.9061,0.9881,0.8914,0.0222
5,2,4,7,0.5880,0.6590,0.9882,0.5015,0.0075
5,2,4,8,0.8852,0.8611,0.9913,0.8674,0.0352
5,2,4,9,0.8747,0.8771,0.9983,0.8488,0.0108
5,2,4,10,0.8624,0.8407,0.9851,0.8454,0.0493
5,2,4,11,0.4151,0.5544,0.9662,0.3355,0.0582
5,2,5,0,0.8564,0.8267,0.9820,0.8407,0.0548
5,2,5,1,0.8496,0.8118,0.9799,0.8347,0.0582
5,2,5,2,1.0000,1.0000,1.0000,1.0000,0.0000
5,2,5,3,0.9128,0.9117,0.9859,0.8944,0.0189
5,2,5,4,0.9187,0.9237,0.9938,0.9017,0.0134
5,2,5,5,0.8650,0.8377,0.9824,0.8502,0.0535
5,2,5,6,0.8635,0.8676,0.9868,0.8452,0.0424
5,2,5,7,0.8967,0.9251,0.9940,0.8790,0.0205
5,2,5,8,0.8735,0.8674,0.9891,0.8557,0.0392
5,2,5,9,0.8741,0.8415,0.9858,0.8585,0.0476
5,2,5,10,0.9160,0.9129,0.9970,0.8993,0.0142
5,2,5,11,0.8842,0.8894,0.9907,0.8661,0.0303
5,2,6,0,0.8687,0.8701,0.9830,0.8409,0.0122
5,2,6,1,0.8909,0.8828,0.9906,0.8757,0.0376
5,2,6,2,0.8732,0.8531,0.9900,0.8546,0.0391
5,2,6,3,0.9117,0.8893,0.9976,0.8958,0.0253
5,2,6,4,0.8857,0.9002,0.9920,0.8620,0.0184
5,2,6,5,0.8982,0.8808,0.9942,0.8806,0.0283
5,2,6,6,0.8696,0.8560,0.9874,0.8516,0.0417
5,2,6,7,0.8840,0.8880,0.9746,0.8590,0.0226
5,2,6,8,0.9279,0.9482,0.9970,0.9136,0.0102
5,2,6,9,0.8507,0.8138,0.9803,0.8356,0.0581
5,2,6,10,0.8590,0.8252,0.9824,0.8433,0.0546
5,2,6,11,0.8873,0.9026,0.9959,0.8661,0.0168
5,2,7,0,0.8654,0.9012,0.9967,0.8421,0.0214
5,2,7,1,0.8563,0.8516,0.9878,0.8367,0.0407
5,2,7,2,0.8505,0.8134,0.9801,0.8355,0.0582
5,2,7,3,0.9014,0.9302,0.9916,0.8811,0.0190
5,2,7,4,0.8359,0.9012,0.9945,0.8077,0.0188
5,2,7,5,0.8809,0.8851,0.9936,0.8606,0.0265
5,2,7,6,0.8809,0.8579,0.9903,0.8640,0.0400
5,2,7,7,0.8728,0.8467,0.9853,0.8582,0.0508
5,2,7,8,0.8949,0.9126,0.9982,0.8742,0.0182
5,2,7,9,0.8711,0.8870,0.9931,0.8491,0.0268
5,2,7,10,0.8648,0.8392,0.9824,0.8502,0.0542
5,2,7,11,0.8589,0.8266,0.9828,0.8434,0.0551
5,2,8,0,0.8784,0.8522,0.9881,0.8620,0.0425
5,2,8,1,0.8680,0.8417,0.9827,0.8539,0.0540
5,2,8,2,0.8867,0.8752,0.9978,0.8661,0.0252
5,2,8,3,0.8784,0.8606,0.9925,0.8610,0.0375
5,2,8,4,0.8248,0.9113,0.9941,0.7947,0.0213
5,2,8,5,0.8303,0.8780,0.9869,0.7940,0.0178
5,2,8,6,0.8782,0.8575,0.9884,0.8622,0.0425
5,2,8,7,0.7826,0.8948,0.9949,0.7442,0.0180
5,2,8,8,0.8893,0.8982,0.9965,0.8665,0.0164
5,2,8,9,0.9098,0.9086,0.9928,0.8922,0.0203
5,2,8,10,0.8883,0.8856,0.9935,0.8684,0.0252
5,2,8,11,0.8729,0.8570,0.9872,0.8551,0.0403
5,2,9,0,0.8314,0.8342,0.9672,0.8021,0.0220
5,2,9,1,0.8566,0.8229,0.9816,0.8411,0.0554
5,2,9,2,0.8883,0.8885,0.9837,0.8684,0.0163
5,2,9,3,0.8466,0.9259,0.9989,0.8158,0.0146
5,2,9,4,0.8690,0.8395,0.9845,0.8535,0.0487
5,2,9,5,0.8741,0.8644,0.9885,0.8554,0.0382
5,2,9,6,0.8556,0.8239,0.9823,0.8398,0.0552
5,2,9,7,0.8904,0.8731,0.9918,0.8729,0.0299
5,2,9,8,0.8767,0.8615,0.9843,0.8588,0.0371
5,2,9,9,0.8523,0.8179,0.9811,0.8369,0.0572
5,2,9,10,0.7964,0.9090,0.9943,0.7593,0.0146
5,2,9,11,0.8536,0.8170,0.9811,0.8384,0.0577
5,2,10,0,0.8830,0.8668,0.9823,0.8640,0.0281
5,2,10,1,0.8630,0.8328,0.9840,0.8477,0.0537
5,2,10,2,0.8547,0.8231,0.9828,0.8386,0.0554
5,2,10,3,0.8678,0.8511,0.9889,0.8500,0.0432
5,2,10,4,0.8746,0.8498,0.9865,0.8576,0.0425
5,2,10,5,0.7632,0.8977,0.9930,0.7229,0.0209
5,2,10,6,0.8611,0.8312,0.9839,0.8446,0.0504
5,2,10,7,0.8778,0.8641,0.9863,0.8594,0.0349
5,2,10,8,0.8556,0.8232,0.9820,0.8401,0.0563
5,2,10,9,0.8072,0.9095,0.9980,0.7716,0.0157
5,2,10,10,0.8572,0.8232,0.9824,0.8415,0.0551
5,2,10,11,0.8818,0.8739,0.9897,0.8650,0.0361
5,2,11,0,0.7887,0.8295,0.8187,0.7395,0.0446
5,2,11,1,0.8766,0.8505,0.9878,0.8603,0.0450
5,2,11,2,0.8679,0.8406,0.9868,0.8514,0.0480
5,2,11,3,0.8979,0.9068,0.9906,0.8778,0.0168
5,2,11,4,0.8797,0.8632,0.9937,0.8609,0.0374
5,2,11,5,0.8684,0.8455,0.9869,0.8513,0.0455
5,2,11,6,0.8599,0.8270,0.9838,0.8439,0.0535
5,2,11,7,0.8820,0.8643,0.9909,0.8650,0.0375
5,2,11,8,0.3045,0.6399,0.9776,0.1545,0.0139
5,2,11,9,0.8586,0.8261,0.9831,0.8430,0.0550
5,2,11,10,0.8847,0.9019,0.9960,0.8621,0.0142
5,2,11,11,0.8960,0.9057,0.9944,0.8754,0.0168
5,3,0,0,0.9077,0.9159,0.9470,0.8833,0.0211
5,3,0,1,0.2452,0.3208,0.9266,0.1276,0.0698
5,3,0,2,0.9454,0.9609,0.9941,0.9312,0.0159
5,3,0,3,0.2916,0.3560,0.9377,0.1686,0.0510
5,3,0,4,0.5697,0.5370,0.9776,0.4659,0.0117
5,3,0,5,0.3185,0.3619,0.9261,0.2014,0.0500
5,3,0,6,0.8087,0.8301,0.9373,0.7545,0.0235
5,3,0,7,0.8035,0.8067,0.9884,0.7490,0.0230
5,3,0,8,0.7633,0.8388,0.9951,0.7006,0.0115
5,3,0,9,0.9384,0.9459,0.9888,0.9227,0.0251
5,3,0,10,0.8846,0.8744,0.9776,0.8533,0.0207
5,3,0,11,0.9310,0.9209,0.9672,0.9141,0.0256
5,3,1,0,0.8113,0.7986,0.9875,0.7634,0.0100
5,3,1,1,0.9356,0.9314,0.9922,0.9190,0.0160
5,3,1,2,0.9001,0.9021,0.9886,0.8738,0.0214
5,3,1,3,0.9289,0.9081,0.9826,0.9103,0.0216
5,3,1,4,0.9500,0.9495,0.9973,0.9378,0.0203
5,3,1,5,0.9264,0.9292,0.9872,0.9095,0.0119
5,3,1,6,0.8712,0.8908,0.9934,0.8416,0.0144
5,3,1,7,0.9566,0.9565,0.9991,0.9456,0.0199
5,3,1,8,0.9388,0.9421,0.9827,0.9257,0.0201
5,3,1,9,0.9234,0.9297,0.9704,0.9093,0.0268
5,3,1,10,0.4297,0.6707,0.9685,0.2660,0.0274
5,3,1,11,0.4554,0.4162,0.9389,0.3517,0.0380
5,3,2,0,0.8792,0.8719,0.9889,0.8469,0.0136
5,3,2,1,0.9348,0.9337,0.9823,0.9250,0.0370
5,3,2,2,0.6376,0.6641,0.9743,0.5581,0.0195
5,3,2,3,0.8184,0.8209,0.9790,0.7728,0.0075
5,3,2,4,0.9000,0.9090,0.9697,0.8777,0.0159
5,3,2,5,0.8245,0.8370,0.9918,0.7783,0.0129
5,3,2,6,0.9279,0.9187,0.9675,0.9169,0.0354
5,3,2,7,0.8363,0.8329,0.9609,0.7903,0.0282
5,3,2,8,0.8235,0.8686,0.9973,0.7807,0.0109
5,3,2,9,0.6410,0.7296,0.9954,0.5460,0.0091
5,3,2,10,0.9286,0.9203,0.9823,0.9101,0.0228
5,3,2,11,0.9330,0.9249,0.9787,0.9218,0.0340
5,3,3,0,0.8775,0.8615,0.9487,0.8686,0.0668
5,3,3,1,0.9257,0.9349,0.9694,0.9131,0.0289
5,3,3,2,0.6716,0.6880,0.9807,0.5958,0.0132
5,3,3,3,0.8878,0.8830,0.9634,0.8685,0.0341
5,3,3,4,0.8834,0.8656,0.9513,0.8748,0.0665
5,3,3,5,0.9411,0.9421,0.9966,0.9284,0.0205
5,3,3,6,0.7807,0.8243,0.9775,0.7194,0.0211
5,3,3,7,0.7552,0.7452,0.9914,0.6959,0.0119
5,3,3,8,0.7917,0.7890,0.9617,0.7459,0.0195
5,3,3,9,0.8661,0.9060,0.9664,0.8377,0.0235
5,3,3,10,0.9224,0.9148,0.9672,0.9092,0.0315
5,3,3,11,0.8888,0.8785,0.9882,0.8611,0.0130
5,3,4,0,0.8644,0.8815,0.9604,0.8362,0.0222
5,3,4,1,0.8888,0.8826,0.9721,0.8666,0.0235
5,3,4,2,0.9093,0.8908,0.9617,0.9009,0.0555
5,3,4,3,0.8050,0.8080,0.9726,0.7565,0.0132
5,3,4,4,0.9227,0.9167,0.9692,0.9135,0.0451
5,3,4,5,0.9330,0.9292,0.9693,0.9228,0.0337
5,3,4,6,0.9548,0.9603,0.9977,0.9436,0.0122
5,3,4,7,0.6662,0.6467,0.9835,0.5880,0.0195
5,3,4,8,0.9225,0.9068,0.9645,0.9134,0.0457
5,3,4,9,0.9553,0.9523,0.9932,0.9454,0.0121
5,3,4,10,0.8893,0.8735,0.9580,0.8798,0.0619
5,3,4,11,0.4016,0.4802,0.9143,0.3129,0.0708
5,3,5,0,0.8829,0.8602,0.9481,0.8748,0.0674
5,3,5,1,0.8745,0.8491,0.9447,0.8672,0.0708
5,3,5,2,0.9128,0.9117,0.9859,0.8944,0.0189
5,3,5,3,1.0000,1.0000,1.0000,1.0000,0.0000
5,3,5,4,0.9454,0.9210,0.9916,0.9325,0.0113
5,3,5,5,0.8876,0.8676,0.9498,0.8799,0.0661
5,3,5,6,0.8909,0.8849,0.9543,0.8796,0.0550
5,3,5,7,0.9113,0.9073,0.9663,0.8973,0.0331
5,3,5,8,0.9022,0.9034,0.9628,0.8916,0.0518
5,3,5,9,0.8956,0.8776,0.9568,0.8865,0.0602
5,3,5,10,0.9050,0.9018,0.9913,0.8849,0.0215
5,3,5,11,0.9084,0.8944,0.9597,0.8964,0.0439
5,3,6,0,0.9454,0.9447,0.9990,0.9324,0.0114
5,3,6,1,0.9071,0.9038,0.9688,0.8971,0.0502
5,3,6,2,0.9180,0.9036,0.9661,0.9094,0.0501
5,3,6,3,0.9429,0.9401,0.9803,0.9341,0.0300
5,3,6,4,0.9448,0.9418,0.9983,0.9322,0.0171
5,3,6,5,0.9256,0.9167,0.9721,0.9143,0.0367
5,3,6,6,0.9057,0.8892,0.9586,0.8965,0.0540
5,3,6,7,0.9225,0.9197,0.9939,0.9027,0.0076
5,3,6,8,0.9307,0.9251,0.9915,0.9164,0.0210
5,3,6,9,0.8758,0.8509,0.9457,0.8684,0.0707
5,3,6,10,0.8857,0.8634,0.9487,0.8778,0.0672
5,3,6,11,0.9514,0.9474,0.9802,0.9434,0.0278
5,3,7,0,0.9024,0.9109,0.9760,0.8865,0.0350
5,3,7,1,0.8862,0.8844,0.9583,0.8739,0.0533
5,3,7,2,0.8754,0.8503,0.9453,0.8680,0.0708
5,3,7,3,0.9546,0.9653,0.9980,0.9446,0.0161
5,3,7,4,0.8965,0.9194,0.9660,0.8798,0.0319
5,3,7,5,0.9401,0.9337,0.9739,0.9322,0.0375
5,3,7,6,0.9022,0.8901,0.9652,0.8912,0.0516
5,3,7,7,0.8946,0.8799,0.9541,0.8870,0.0634
5,3,7,8,0.9498,0.9587,0.9929,0.9401,0.0216
5,3,7,9,0.9326,0.9320,0.9799,0.9233,0.0383
5,3,7,10,0.8858,0.8675,0.9490,0.8781,0.0668
5,3,7,11,0.8835,0.8618,0.9499,0.8754,0.0677
5,3,8,0,0.9071,0.8886,0.9613,0.8981,0.0551
5,3,8,1,0.8869,0.8696,0.9487,0.8795,0.0666
5,3,8,2,0.9295,0.9331,0.9802,0.9176,0.0310
5,3,8,3,0.9043,0.9022,0.9722,0.8936,0.0501
5,3,8,4,0.9177,0.9374,0.9696,0.9055,0.0341
5,3,8,5,0.9427,0.9624,0.9974,0.9289,0.0063
5,3,8,6,0.8973,0.8872,0.9614,0.8871,0.0551
5,3,8,7,0.8465,0.8823,0.9662,0.8191,0.0321
5,3,8,8,0.9421,0.9381,0.9913,0.9293,0.0135
5,3,8,9,0.9491,0.9430,0.9909,0.9396,0.0245
5,3,8,10,0.9360,0.9292,0.9840,0.9260,0.0341
5,3,8,11,0.9043,0.8985,0.9714,0.8943,0.0526
5,3,9,0,0.8890,0.8847,0.9800,0.8707,0.0362
5,3,9,1,0.8832,0.8598,0.9474,0.8755,0.0680
5,3,9,2,0.9167,0.9089,0.9856,0.9027,0.0296
5,3,9,3,0.9178,0.9418,0.9873,0.9004,0.0198
5,3,9,4,0.8926,0.8757,0.9561,0.8842,0.0613
5,3,9,5,0.9091,0.9034,0.9735,0.8987,0.0505
5,3,9,6,0.8818,0.8620,0.9511,0.8736,0.0678
5,3,9,7,0.9211,0.9180,0.9763,0.9108,0.0415
5,3,9,8,0.9062,0.8975,0.9747,0.8956,0.0495
5,3,9,9,0.8783,0.8558,0.9478,0.8705,0.0698
5,3,9,10,0.8979,0.9233,0.9653,0.8797,0.0272
5,3,9,11,0.8790,0.8547,0.9473,0.8715,0.0703
5,3,10,0,0.9186,0.9112,0.9809,0.9076,0.0404
5,3,10,1,0.8873,0.8705,0.9520,0.8794,0.0662
5,3,10,2,0.8840,0.8628,0.9513,0.8760,0.0680
5,3,10,3,0.9003,0.8891,0.9632,0.8906,0.0558
5,3,10,4,0.9045,0.8860,0.9648,0.8951,0.0548
5,3,10,5,0.8606,0.9059,0.9603,0.8377,0.0327
5,3,10,6,0.8905,0.8714,0.9575,0.8821,0.0630
5,3,10,7,0.9095,0.9022,0.9747,0.8986,0.0472
5,3,10,8,0.8803,0.8581,0.9491,0.8724,0.0689
5,3,10,9,0.8771,0.9089,0.9804,0.8540,0.0254
5,3,10,10,0.8830,0.8609,0.9505,0.8748,0.0677
5,3,10,11,0.9146,0.9002,0.9626,0.9060,0.0487
5,3,11,0,0.8872,0.8889,0.8986,0.8575,0.0299
5,3,11,1,0.9055,0.8886,0.9607,0.8968,0.0576
5,3,11,2,0.8959,0.8783,0.9594,0.8871,0.0606
5,3,11,3,0.9462,0.9463,0.9936,0.9356,0.0210
5,3,11,4,0.9192,0.9071,0.9737,0.9093,0.0466
5,3,11,5,0.8972,0.8824,0.9618,0.8877,0.0579
5,3,11,6,0.8873,0.8663,0.9527,0.8789,0.0661
5,3,11,7,0.9166,0.9073,0.9667,0.9081,0.0501
5,3,11,8,0.4004,0.6290,0.9611,0.2558,0.0102
5,3,11,9,0.8846,0.8632,0.9504,0.8765,0.0676
5,3,11,10,0.9353,0.9409,0.9911,0.9225,0.0220
5,3,11,11,0.9388,0.9394,0.9896,0.9264,0.0189
5,4,0,0,0.8846,0.8678,0.9085,0.8563,0.0274
5,4,0,1,0.2397,0.4042,0.9455,0.1256,0.0638
5,4,0,2,0.9276,0.9224,0.9783,0.9102,0.0224
5,4,0,3,0.2935,0.4455,0.9530,0.1754,0.0450
5,4,0,4,0.5794,0.6083,0.9802,0.4822,0.0112
5,4,0,5,0.3108,0.4542,0.9446,0.1966,0.0439
5,4,0,6,0.7991,0.8206,0.9000,0.7460,0.0293
5,4,0,7,0.8224,0.8559,0.9767,0.7766,0.0285
5,4,0,8,0.7514,0.8140,0.9878,0.6890,0.0168
5,4,0,9,0.9304,0.9228,0.9728,0.9144,0.0329
5,4,0,10,0.8756,0.8788,0.9608,0.8447,0.0273
5,4,0,11,0.9193,0.8974,0.9396,0.9015,0.0335
5,4,1,0,0.8676,0.8993,0.9971,0.8357,0.0152
5,4,1,1,0.9569,0.9561,0.9981,0.9469,0.0215
5,4,1,2,0.9176,0.9275,0.9944,0.8977,0.0269
5,4,1,3,0.9190,0.8793,0.9554,0.8996,0.0256
5,4,1,4,0.9561,0.9427,0.9969,0.9458,0.0253
5,4,1,5,0.9258,0.9373,0.9979,0.9092,0.0130
5,4,1,6,0.8705,0.8747,0.9983,0.8416,0.0157
5,4,1,7,0.9493,0.9289,0.9934,0.9373,0.0262
5,4,1,8,0.9427,0.9288,0.9961,0.9304,0.0216
5,4,1,9,0.9280,0.9122,0.9892,0.9145,0.0239
5,4,1,10,0.4126,0.6813,0.9439,0.2517,0.0327
5,4,1,11,0.4513,0.5126,0.9561,0.3505,0.0325
5,4,2,0,0.9098,0.9007,0.9778,0.8879,0.0192
5,4,2,1,0.9202,0.8891,0.9925,0.9067,0.0346
5,4,2,2,0.6927,0.7809,0.9871,0.6279,0.0135
5,4,2,3,0.8619,0.9136,0.9937,0.8289,0.0122
5,4,2,4,0.9053,0.9125,0.9875,0.8847,0.0119
5,4,2,5,0.8634,0.9072,0.9936,0.8296,0.0163
5,4,2,6,0.9247,0.8992,0.9865,0.9123,0.0323
5,4,2,7,0.8523,0.8722,0.9390,0.8151,0.0340
5,4,2,8,0.8121,0.8489,0.9973,0.7684,0.0085
5,4,2,9,0.6551,0.7787,0.9793,0.5682,0.0143
5,4,2,10,0.9345,0.9312,0.9694,0.9198,0.0291
5,4,2,11,0.9334,0.9079,0.9931,0.9218,0.0327
5,4,3,0,0.8725,0.8321,0.9716,0.8611,0.0607
5,4,3,1,0.9361,0.9286,0.9886,0.9251,0.0236
5,4,3,2,0.7166,0.7933,0.9921,0.6536,0.0114
5,4,3,3,0.9236,0.9377,0.9829,0.9109,0.0283
5,4,3,4,0.8776,0.8310,0.9727,0.8665,0.0605
5,4,3,5,0.9162,0.8973,0.9904,0.8982,0.0213
5,4,3,6,0.8010,0.8745,0.9540,0.7491,0.0266
5,4,3,7,0.8096,0.8256,0.9948,0.7654,0.0085
5,4,3,8,0.8157,0.8495,0.9822,0.7764,0.0148
5,4,3,9,0.8637,0.8726,0.9790,0.8353,0.0172
5,4,3,10,0.9378,0.9257,0.9884,0.9271,0.0254
5,4,3,11,0.9192,0.9280,0.9911,0.9001,0.0093
5,4,4,0,0.8552,0.8703,0.9795,0.8256,0.0146
5,4,4,1,0.9384,0.9527,0.9883,0.9266,0.0169
5,4,4,2,0.8937,0.8493,0.9797,0.8811,0.0495
5,4,4,3,0.7659,0.7975,0.9444,0.7102,0.0132
5,4,4,4,0.9131,0.8985,0.9866,0.9010,0.0391
5,4,4,5,0.9172,0.9132,0.9887,0.9031,0.0277
5,4,4,6,0.9516,0.9446,0.9970,0.9403,0.0188
5,4,4,7,0.6841,0.7297,0.9879,0.6131,0.0127
5,4,4,8,0.9199,0.8866,0.9840,0.9091,0.0415
5,4,4,9,0.9167,0.9094,0.9978,0.8982,0.0097
5,4,4,10,0.8815,0.8421,0.9771,0.8691,0.0559
5,4,4,11,0.4866,0.6163,0.9390,0.4144,0.0648
5,4,5,0,0.8769,0.8281,0.9709,0.8662,0.0614
5,4,5,1,0.8684,0.8150,0.9683,0.8583,0.0648
5,4,5,2,0.9187,0.9237,0.9938,0.9017,0.0134
5,4,5,3,0.9454,0.9210,0.9916,0.9325,0.0113
5,4,5,4,1.0000,1.0000,1.0000,1.0000,0.0000
5,4,5,5,0.8837,0.8422,0.9723,0.8736,0.0601
5,4,5,6,0.9016,0.8702,0.9764,0.8909,0.0489
5,4,5,7,0.9152,0.9124,0.9860,0.9013,0.0270
5,4,5,8,0.9062,0.8762,0.9817,0.8951,0.0458
5,4,5,9,0.8904,0.8446,0.9766,0.8789,0.0542
5,4,5,10,0.8990,0.9043,0.9970,0.8778,0.0178
5,4,5,11,0.9138,0.9059,0.9820,0.9017,0.0379
5,4,6,0,0.8738,0.8490,0.9874,0.8447,0.0091
5,4,6,1,0.9113,0.8827,0.9840,0.9008,0.0442
5,4,6,2,0.9051,0.8701,0.9832,0.8929,0.0454
5,4,6,3,0.9291,0.9002,0.9922,0.9168,0.0290
5,4,6,4,0.9220,0.9084,0.9945,0.9045,0.0165
5,4,6,5,0.9334,0.9071,0.9896,0.9229,0.0331
5,4,6,6,0.9012,0.8732,0.9799,0.8898,0.0480
5,4,6,7,0.9378,0.9422,0.9910,0.9230,0.0160
5,4,6,8,0.9306,0.9143,0.9960,0.9162,0.0152
5,4,6,9,0.8697,0.8167,0.9689,0.8595,0.0647
5,4,6,10,0.8800,0.8312,0.9715,0.8694,0.0611
5,4,6,11,0.9389,0.9244,0.9937,0.9277,0.0223
5,4,7,0,0.8954,0.8844,0.9893,0.8776,0.0295
5,4,7,1,0.8968,0.8720,0.9792,0.8850,0.0472
5,4,7,2,0.8695,0.8166,0.9687,0.8593,0.0648
5,4,7,3,0.9511,0.9385,0.9962,0.9403,0.0169
5,4,7,4,0.9297,0.9366,0.9862,0.9189,0.0258
5,4,7,5,0.9145,0.8923,0.9887,0.9006,0.0323
5,4,7,6,0.9005,0.8611,0.9823,0.8881,0.0460
5,4,7,7,0.8905,0.8480,0.9750,0.8805,0.0573
5,4,7,8,0.9386,0.9255,0.9972,0.9262,0.0180
5,4,7,9,0.9322,0.9147,0.9912,0.9218,0.0325
5,4,7,10,0.8848,0.8433,0.9719,0.8752,0.0607
5,4,7,11,0.8782,0.8282,0.9718,0.8676,0.0617
5,4,8,0,0.8962,0.8542,0.9800,0.8839,0.0491
5,4,8,1,0.8863,0.8457,0.9719,0.8770,0.0606
5,4,8,2,0.9213,0.8945,0.9910,0.9072,0.0289
5,4,8,3,0.9073,0.8721,0.9854,0.8960,0.0441
5,4,8,4,0.9099,0.9217,0.9879,0.8955,0.0286
5,4,8,5,0.9146,0.9170,0.9965,0.8948,0.0136
5,4,8,6,0.8972,0.8574,0.9794,0.8857,0.0491
5,4,8,7,0.8321,0.8565,0.9828,0.8019,0.0261
5,4,8,8,0.9395,0.9429,0.9992,0.9263,0.0146
5,4,8,9,0.9394,0.9199,0.9953,0.9275,0.0209
5,4,8,10,0.9271,0.9012,0.9928,0.9146,0.0291
5,4,8,11,0.8928,0.8527,0.9825,0.8794,0.0466
5,4,9,0,0.8591,0.8226,0.9685,0.8345,0.0307
5,4,9,1,0.8776,0.8275,0.9704,0.8673,0.0619
5,4,9,2,0.9123,0.8981,0.9868,0.8969,0.0241
5,4,9,3,0.9240,0.9328,0.9971,0.9080,0.0146
5,4,9,4,0.8884,0.8435,0.9757,0.8776,0.0552
5,4,9,5,0.9011,0.8700,0.9855,0.8880,0.0445
5,4,9,6,0.8769,0.8279,0.9724,0.8663,0.0618
5,4,9,7,0.9202,0.8941,0.9891,0.9087,0.0357
5,4,9,8,0.8878,0.8479,0.9817,0.8728,0.0434
5,4,9,9,0.8729,0.8222,0.9703,0.8625,0.0638
5,4,9,10,0.9078,0.9304,0.9865,0.8913,0.0230
5,4,9,11,0.8722,0.8197,0.9699,0.8618,0.0643
5,4,10,0,0.9004,0.8623,0.9829,0.8850,0.0344
5,4,10,1,0.8831,0.8375,0.9733,0.8728,0.0602
5,4,10,2,0.8769,0.8274,0.9725,0.8661,0.0619
5,4,10,3,0.8941,0.8566,0.9805,0.8819,0.0497
5,4,10,4,0.8907,0.8453,0.9802,0.8776,0.0488
5,4,10,5,0.8671,0.8972,0.9805,0.8450,0.0285
5,4,10,6,0.8820,0.8326,0.9758,0.8704,0.0569
5,4,10,7,0.9026,0.8694,0.9845,0.8894,0.0412
5,4,10,8,0.8750,0.8241,0.9711,0.8644,0.0628
5,4,10,9,0.8922,0.9179,0.9934,0.8722,0.0210
5,4,10,10,0.8764,0.8258,0.9721,0.8655,0.0617
5,4,10,11,0.9076,0.8711,0.9807,0.8964,0.0426
5,4,11,0,0.8501,0.8307,0.8475,0.8125,0.0354
5,4,11,1,0.8975,0.8533,0.9792,0.8861,0.0516
5,4,11,2,0.8880,0.8411,0.9774,0.8763,0.0546
5,4,11,3,0.9279,0.8998,0.9929,0.9131,0.0173
5,4,11,4,0.9073,0.8686,0.9865,0.8942,0.0434
5,4,11,5,0.8928,0.8494,0.9791,0.8811,0.0518
5,4,11,6,0.8815,0.8322,0.9737,0.8705,0.0601
5,4,11,7,0.9100,0.8754,0.9833,0.8990,0.0441
5,4,11,8,0.3382,0.6619,0.9612,0.1853,0.0100
5,4,11,9,0.8800,0.8306,0.9723,0.8695,0.0615
5,4,11,10,0.9310,0.9118,0.9962,0.9170,0.0186
5,4,11,11,0.9402,0.9314,0.9977,0.9280,0.0171
5,5,0,0,0.7664,0.7238,0.8005,0.7418,0.0838
5,5,0,1,0.1199,0.1710,0.9643,0.0266,0.0037
5,5,0,2,0.8656,0.8404,0.9119,0.8572,0.0741
5,5,0,3,0.1494,0.1917,0.9624,0.0497,0.0156
5,5,0,4,0.3704,0.3206,0.9511,0.2736,0.0615
5,5,0,5,0.2038,0.2039,0.9598,0.1111,0.0169
5,5,0,6,0.6097,0.5806,0.7859,0.5506,0.0878
5,5,0,7,0.5781,0.5630,0.9031,0.5125,0.0880
5,5,0,8,0.6355,0.6378,0.9306,0.5824,0.0735
5,5,0,9,0.8229,0.8014,0.8971,0.8091,0.0833
5,5,0,10,0.7701,0.7184,0.8754,0.7469,0.0858
5,5,0,11,0.8038,0.7632,0.8416,0.7894,0.0875
5,5,1,0,0.6153,0.6072,0.9668,0.5590,0.0711
5,5,1,1,0.8421,0.8216,0.9592,0.8282,0.0742
5,5,1,2,0.7922,0.7742,0.9506,0.7697,0.0799
5,5,1,3,0.9051,0.8581,0.8773,0.9061,0.0704
5,5,1,4,0.9310,0.9166,0.9569,0.9302,0.0589
5,5,1,5,0.9186,0.8938,0.9783,0.9136,0.0555
5,5,1,6,0.8276,0.7760,0.9775,0.8077,0.0538
5,5,1,7,0.8969,0.8814,0.9469,0.8920,0.0656
5,5,1,8,0.9424,0.9406,0.9868,0.9401,0.0497
5,5,1,9,0.9532,0.9515,0.9934,0.9503,0.0396
5,5,1,10,0.1729,0.4969,0.8701,0.0193,0.0899
5,5,1,11,0.3390,0.2598,0.9625,0.2545,0.0307
5,5,2,0,0.7266,0.6715,0.9113,0.6916,0.0787
5,5,2,1,0.9792,0.9730,0.9914,0.9788,0.0302
5,5,2,2,0.3910,0.4230,0.9755,0.3040,0.0516
5,5,2,3,0.6650,0.6517,0.9737,0.6178,0.0686
5,5,2,4,0.8327,0.8386,0.9888,0.8132,0.0573
5,5,2,5,0.6204,0.6181,0.9429,0.5643,0.0758
5,5,2,6,0.9671,0.9728,0.9964,0.9650,0.0323
5,5,2,7,0.6572,0.6356,0.8363,0.6095,0.0927
5,5,2,8,0.5719,0.6187,0.9620,0.5091,0.0634
5,5,2,9,0.4044,0.4916,0.9172,0.3067,0.0715
5,5,2,10,0.8108,0.7705,0.8881,0.7946,0.0842
5,5,2,11,0.9829,0.9798,0.9929,0.9837,0.0332
5,5,3,0,0.9976,0.9983,1.0000,0.9973,0.0012
5,5,3,1,0.9481,0.9397,0.9943,0.9440,0.0378
5,5,3,2,0.4341,0.4439,0.9736,0.3507,0.0586
5,5,3,3,0.8793,0.8655,0.9913,0.8653,0.0391
5,5,3,4,0.9980,0.9985,0.9999,0.9978,0.0012
5,5,3,5,0.9385,0.9345,0.9613,0.9356,0.0496
5,5,3,6,0.5908,0.6042,0.8650,0.5278,0.0857
5,5,3,7,0.6206,0.5695,0.9680,0.5662,0.0647
5,5,3,8,0.5842,0.5686,0.9775,0.5261,0.0550
5,5,3,9,0.7603,0.7551,0.9786,0.7294,0.0518
5,5,3,10,0.9681,0.9632,0.9943,0.9667,0.0346
5,5,3,11,0.7771,0.7260,0.9597,0.7498,0.0670
5,5,4,0,0.7101,0.7029,0.9809,0.6718,0.0466
5,5,4,1,0.8726,0.8211,0.9873,0.8583,0.0450
5,5,4,2,0.9966,0.9964,0.9991,0.9966,0.0109
5,5,4,3,0.6986,0.6573,0.8868,0.6574,0.0660
5,5,4,4,0.9854,0.9816,0.9972,0.9846,0.0210
5,5,4,5,0.9502,0.9417,0.9959,0.9459,0.0332
5,5,4,6,0.9002,0.8952,0.9597,0.8943,0.0631
5,5,4,7,0.5235,0.4860,0.9536,0.4538,0.0576
5,5,4,8,0.9875,0.9880,0.9982,0.9870,0.0205
5,5,4,9,0.8241,0.7877,0.9766,0.8035,0.0551
5,5,4,10,0.9974,0.9970,0.9994,0.9972,0.0042
5,5,4,11,0.1938,0.2773,0.9648,0.1096,0.0047
5,5,5,0,0.9985,0.9984,0.9999,0.9984,0.0016
5,5,5,1,0.9986,0.9978,0.9998,0.9985,0.0047
5,5,5,2,0.8650,0.8377,0.9824,0.8502,0.0535
5,5,5,3,0.8876,0.8676,0.9498,0.8799,0.0661
5,5,5,4,0.8837,0.8422,0.9723,0.8736,0.0601
5,5,5,5,1.0000,1.0000,1.0000,1.0000,0.0000
5,5,5,6,0.9895,0.9913,0.9995,0.9885,0.0112
5,5,5,7,0.9132,0.8953,0.9959,0.9037,0.0331
5,5,5,8,0.9917,0.9906,0.9988,0.9912,0.0143
5,5,5,9,0.9975,0.9976,0.9997,0.9973,0.0059
5,5,5,10,0.8965,0.8579,0.9785,0.8865,0.0496
5,5,5,11,0.9803,0.9694,0.9975,0.9789,0.0237
5,5,6,0,0.7998,0.7640,0.9463,0.7759,0.0618
5,5,6,1,0.9889,0.9854,0.9974,0.9881,0.0159
5,5,6,2,0.9911,0.9914,0.9983,0.9907,0.0160
5,5,6,3,0.9568,0.9551,0.9919,0.9538,0.0366
5,5,6,4,0.9418,0.9300,0.9652,0.9406,0.0517
5,5,6,5,0.9815,0.9806,0.9957,0.9813,0.0294
5,5,6,6,0.9962,0.9942,0.9993,0.9961,0.0121
5,5,6,7,0.8513,0.8134,0.9386,0.8379,0.0666
5,5,6,8,0.9137,0.8833,0.9814,0.9063,0.0504
5,5,6,9,0.9987,0.9979,0.9999,0.9987,0.0046
5,5,6,10,0.9987,0.9985,1.0000,0.9985,0.0013
5,5,6,11,0.9653,0.9627,0.9922,0.9642,0.0383
5,5,7,0,0.9208,0.9309,0.9940,0.9123,0.0356
5,5,7,1,0.9863,0.9871,0.9994,0.9849,0.0129
5,5,7,2,0.9987,0.9980,0.9999,0.9986,0.0047
5,5,7,3,0.9422,0.9252,0.9660,0.9405,0.0513
5,5,7,4,0.9244,0.9081,0.9935,0.9163,0.0348
5,5,7,5,0.9770,0.9782,0.9957,0.9759,0.0286
5,5,7,6,0.9923,0.9929,0.9985,0.9919,0.0148
5,5,7,7,0.9985,0.9982,0.9999,0.9983,0.0038
5,5,7,8,0.9066,0.8776,0.9786,0.8977,0.0445
5,5,7,9,0.9788,0.9735,0.9921,0.9780,0.0278
5,5,7,10,0.9992,0.9993,1.0000,0.9992,0.0017
5,5,7,11,0.9991,0.9986,0.9999,0.9989,0.0018
5,5,8,0,0.9967,0.9969,0.9992,0.9966,0.0110
5,5,8,1,0.9990,0.9987,0.9999,0.9988,0.0029
5,5,8,2,0.9653,0.9636,0.9902,0.9636,0.0359
5,5,8,3,0.9896,0.9841,0.9965,0.9890,0.0160
5,5,8,4,0.9480,0.9467,0.9963,0.9430,0.0325
5,5,8,5,0.8456,0.8346,0.9585,0.8296,0.0635
5,5,8,6,0.9924,0.9941,0.9992,0.9917,0.0110
5,5,8,7,0.8259,0.8469,0.9888,0.8047,0.0358
5,5,8,8,0.8963,0.8742,0.9780,0.8872,0.0537
5,5,8,9,0.9625,0.9570,0.9806,0.9618,0.0421
5,5,8,10,0.9812,0.9758,0.9890,0.9814,0.0323
5,5,8,11,0.9945,0.9920,0.9945,0.9943,0.0135
5,5,9,0,0.9180,0.8896,0.9532,0.9091,0.0352
5,5,9,1,0.9988,0.9986,0.9999,0.9987,0.0018
5,5,9,2,0.9428,0.9203,0.9745,0.9377,0.0383
5,5,9,3,0.9079,0.9079,0.9838,0.8997,0.0500
5,5,9,4,0.9952,0.9958,0.9996,0.9947,0.0049
5,5,9,5,0.9948,0.9922,0.9939,0.9949,0.0159
5,5,9,6,0.9991,0.9986,0.9999,0.9990,0.0017
5,5,9,7,0.9808,0.9767,0.9943,0.9797,0.0247
5,5,9,8,0.9901,0.9858,0.9892,0.9896,0.0169
5,5,9,9,0.9989,0.9983,1.0000,0.9988,0.0037
5,5,9,10,0.9116,0.8983,0.9920,0.9022,0.0416
5,5,9,11,0.9989,0.9982,0.9999,0.9988,0.0042
5,5,10,0,0.9751,0.9680,0.9810,0.9733,0.0262
5,5,10,1,0.9989,0.9985,0.9999,0.9988,0.0017
5,5,10,2,0.9988,0.9985,0.9999,0.9987,0.0021
5,5,10,3,0.9952,0.9951,0.9989,0.9949,0.0104
5,5,10,4,0.9951,0.9949,0.9977,0.9948,0.0113
5,5,10,5,0.8896,0.8807,0.9934,0.8767,0.0342
5,5,10,6,0.9984,0.9977,0.9992,0.9983,0.0031
5,5,10,7,0.9899,0.9852,0.9909,0.9895,0.0189
5,5,10,8,0.9991,0.9986,1.0000,0.9990,0.0028
5,5,10,9,0.9053,0.8893,0.9895,0.8953,0.0412
5,5,10,10,0.9990,0.9984,1.0000,0.9989,0.0018
5,5,10,11,0.9855,0.9861,0.9990,0.9843,0.0174
5,5,11,0,0.7201,0.6654,0.7177,0.6886,0.0950
5,5,11,1,0.9976,0.9974,0.9993,0.9976,0.0093
5,5,11,2,0.9985,0.9980,0.9993,0.9985,0.0060
5,5,11,3,0.9434,0.9451,0.9752,0.9403,0.0462
5,5,11,4,0.9939,0.9919,0.9959,0.9942,0.0198
5,5,11,5,0.9965,0.9966,0.9989,0.9962,0.0083
5,5,11,6,0.9990,0.9986,0.9999,0.9989,0.0021
5,5,11,7,0.9930,0.9922,0.9982,0.9928,0.0160
5,5,11,8,0.1504,0.4487,0.9322,0.0164,0.0638
5,5,11,9,0.9992,0.9988,1.0000,0.9991,0.0017
5,5,11,10,0.9445,0.9461,0.9824,0.9414,0.0454
5,5,11,11,0.9418,0.9362,0.9821,0.9386,0.0475
5,6,0,0,0.7845,0.7508,0.8088,0.7571,0.0727
5,6,0,1,0.1353,0.2118,0.9705,0.0373,0.0148
5,6,0,2,0.8876,0.8635,0.9186,0.8787,0.0630
5,6,0,3,0.1722,0.2338,0.9691,0.0683,0.0102
5,6,0,4,0.4033,0.3690,0.9592,0.3042,0.0504
5,6,0,5,0.2217,0.2506,0.9668,0.1247,0.0118
5,6,0,6,0.6364,0.6163,0.7943,0.5751,0.0766
5,6,0,7,0.6240,0.6180,0.9103,0.5602,0.0769
5,6,0,8,0.6551,0.6787,0.9380,0.5990,0.0623
5,6,0,9,0.8443,0.8279,0.9046,0.8291,0.0722
5,6,0,10,0.7885,0.7520,0.8856,0.7625,0.0746
5,6,0,11,0.8255,0.7929,0.8511,0.8094,0.0763
5,6,1,0,0.6629,0.6575,0.9728,0.6090,0.0600
5,6,1,1,0.8688,0.8534,0.9651,0.8551,0.0631
5,6,1,2,0.8148,0.8058,0.9579,0.7912,0.0687
5,6,1,3,0.9182,0.8744,0.8836,0.9170,0.0593
5,6,1,4,0.9377,0.9293,0.9610,0.9344,0.0488
5,6,1,5,0.9281,0.9109,0.9831,0.9214,0.0443
5,6,1,6,0.8255,0.7956,0.9810,0.8012,0.0426
5,6,1,7,0.9109,0.8984,0.9520,0.9044,0.0544
5,6,1,8,0.9464,0.9511,0.9902,0.9419,0.0386
5,6,1,9,0.9550,0.9580,0.9960,0.9503,0.0285
5,6,1,10,0.2118,0.5297,0.8813,0.0549,0.0787
5,6,1,11,0.3554,0.3071,0.9697,0.2667,0.0195
5,6,2,0,0.7733,0.7205,0.9204,0.7416,0.0676
5,6,2,1,0.9720,0.9728,0.9927,0.9692,0.0203
5,6,2,2,0.4586,0.4897,0.9814,0.3753,0.0404
5,6,2,3,0.7137,0.7010,0.9796,0.6695,0.0575
5,6,2,4,0.8507,0.8728,0.9929,0.8305,0.0462
5,6,2,5,0.6686,0.6692,0.9483,0.6152,0.0647
5,6,2,6,0.9651,0.9780,0.9983,0.9611,0.0230
5,6,2,7,0.6882,0.6770,0.8446,0.6395,0.0816
5,6,2,8,0.6202,0.6657,0.9671,0.5595,0.0522
5,6,2,9,0.4407,0.5340,0.9234,0.3415,0.0603
5,6,2,10,0.8302,0.7978,0.8950,0.8121,0.0731
5,6,2,11,0.9849,0.9829,0.9947,0.9843,0.0247
5,6,3,0,0.9906,0.9900,0.9995,0.9899,0.0118
5,6,3,1,0.9549,0.9514,0.9966,0.9498,0.0266
5,6,3,2,0.5005,0.5079,0.9791,0.4211,0.0475
5,6,3,3,0.9089,0.8998,0.9950,0.8969,0.0279
5,6,3,4,0.9918,0.9902,0.9994,0.9911,0.0115
5,6,3,5,0.9366,0.9427,0.9633,0.9306,0.0384
5,6,3,6,0.6375,0.6605,0.8732,0.5767,0.0745
5,6,3,7,0.6449,0.6094,0.9739,0.5887,0.0535
5,6,3,8,0.6409,0.6251,0.9835,0.5864,0.0438
5,6,3,9,0.8012,0.7935,0.9842,0.7728,0.0407
5,6,3,10,0.9753,0.9749,0.9968,0.9732,0.0235
5,6,3,11,0.8155,0.7735,0.9669,0.7902,0.0559
5,6,4,0,0.7516,0.7497,0.9865,0.7155,0.0354
5,6,4,1,0.9076,0.8580,0.9917,0.8959,0.0338
5,6,4,2,0.9887,0.9911,0.9992,0.9873,0.0079
5,6,4,3,0.7010,0.6814,0.8920,0.6545,0.0548
5,6,4,4,0.9835,0.9838,0.9981,0.9816,0.0098
5,6,4,5,0.9466,0.9518,0.9976,0.9400,0.0220
5,6,4,6,0.9099,0.9134,0.9635,0.9019,0.0519
5,6,4,7,0.5483,0.5337,0.9608,0.4764,0.0464
5,6,4,8,0.9836,0.9873,0.9992,0.9817,0.0130
5,6,4,9,0.8192,0.8107,0.9807,0.7939,0.0439
5,6,4,10,0.9881,0.9898,0.9988,0.9867,0.0077
5,6,4,11,0.2641,0.3372,0.9708,0.1820,0.0159
5,6,5,0,0.9917,0.9900,0.9995,0.9910,0.0125
5,6,5,1,0.9903,0.9869,0.9991,0.9899,0.0159
5,6,5,2,0.8635,0.8676,0.9868,0.8452,0.0424
5,6,5,3,0.8909,0.8849,0.9543,0.8796,0.0550
5,6,5,4,0.9016,0.8702,0.9764,0.8909,0.0489
5,6,5,5,0.9895,0.9913,0.9995,0.9885,0.0112
5,6,5,6,1.0000,1.0000,1.0000,1.0000,0.0000
5,6,5,7,0.9042,0.9099,0.9981,0.8915,0.0219
5,6,5,8,0.9873,0.9866,0.9992,0.9857,0.0060
5,6,5,9,0.9926,0.9920,0.9995,0.9917,0.0073
5,6,5,10,0.8931,0.8783,0.9820,0.8796,0.0384
5,6,5,11,0.9722,0.9735,0.9992,0.9687,0.0126
5,6,6,0,0.8051,0.7863,0.9506,0.7776,0.0506
5,6,6,1,0.9766,0.9808,0.9976,0.9736,0.0063
5,6,6,2,0.9850,0.9873,0.9986,0.9832,0.0088
5,6,6,3,0.9457,0.9605,0.9943,0.9392,0.0257
5,6,6,4,0.9540,0.9462,0.9687,0.9518,0.0405
5,6,6,5,0.9811,0.9842,0.9973,0.9795,0.0198
5,6,6,6,0.9875,0.9903,0.9995,0.9860,0.0035
5,6,6,7,0.8543,0.8352,0.9429,0.8368,0.0555
5,6,6,8,0.9264,0.9065,0.9841,0.9182,0.0392
5,6,6,9,0.9906,0.9874,0.9992,0.9901,0.0157
5,6,6,10,0.9901,0.9901,0.9996,0.9891,0.0122
5,6,6,11,0.9767,0.9746,0.9940,0.9753,0.0272
5,6,7,0,0.9490,0.9534,0.9961,0.9427,0.0244
5,6,7,1,0.9845,0.9869,0.9998,0.9825,0.0080
5,6,7,2,0.9905,0.9873,0.9992,0.9900,0.0159
5,6,7,3,0.9529,0.9399,0.9693,0.9501,0.0401
5,6,7,4,0.9406,0.9270,0.9965,0.9330,0.0236
5,6,7,5,0.9777,0.9806,0.9968,0.9754,0.0174
5,6,7,6,0.9856,0.9908,0.9989,0.9838,0.0092
5,6,7,7,0.9861,0.9903,0.9997,0.9846,0.0084
5,6,7,8,0.9088,0.8922,0.9822,0.8975,0.0333
5,6,7,9,0.9810,0.9793,0.9929,0.9791,0.0167
5,6,7,10,0.9890,0.9903,0.9996,0.9879,0.0118
5,6,7,11,0.9915,0.9897,0.9995,0.9908,0.0127
5,6,8,0,0.9910,0.9923,0.9993,0.9899,0.0072
5,6,8,1,0.9865,0.9892,0.9997,0.9852,0.0117
5,6,8,2,0.9666,0.9684,0.9930,0.9633,0.0258
5,6,8,3,0.9797,0.9780,0.9970,0.9772,0.0088
5,6,8,4,0.9607,0.9573,0.9981,0.9560,0.0214
5,6,8,5,0.8671,0.8556,0.9623,0.8506,0.0523
5,6,8,6,0.9848,0.9913,0.9993,0.9829,0.0051
5,6,8,7,0.8655,0.8796,0.9928,0.8473,0.0247
5,6,8,8,0.8929,0.8911,0.9816,0.8798,0.0425
5,6,8,9,0.9640,0.9647,0.9822,0.9613,0.0312
5,6,8,10,0.9786,0.9785,0.9900,0.9769,0.0216
5,6,8,11,0.9882,0.9869,0.9937,0.9868,0.0052
5,6,9,0,0.9191,0.8941,0.9524,0.9085,0.0240
5,6,9,1,0.9907,0.9898,0.9995,0.9899,0.0130
5,6,9,2,0.9339,0.9243,0.9747,0.9256,0.0272
5,6,9,3,0.9418,0.9375,0.9875,0.9362,0.0388
5,6,9,4,0.9832,0.9890,0.9990,0.9813,0.0073
5,6,9,5,0.9900,0.9880,0.9935,0.9888,0.0087
5,6,9,6,0.9907,0.9890,0.9991,0.9899,0.0129
5,6,9,7,0.9725,0.9750,0.9947,0.9693,0.0148
5,6,9,8,0.9852,0.9821,0.9880,0.9833,0.0066
5,6,9,9,0.9905,0.9883,0.9992,0.9899,0.0148
5,6,9,10,0.9336,0.9168,0.9955,0.9253,0.0304
5,6,9,11,0.9907,0.9880,0.9993,0.9902,0.0153
5,6,10,0,0.9664,0.9664,0.9799,0.9622,0.0151
5,6,10,1,0.9882,0.9898,0.9996,0.9871,0.0113
5,6,10,2,0.9916,0.9892,0.9993,0.9910,0.0130
5,6,10,3,0.9876,0.9914,0.9989,0.9860,0.0052
5,6,10,4,0.9911,0.9907,0.9970,0.9900,0.0051
5,6,10,5,0.9081,0.9002,0.9965,0.8960,0.0234
5,6,10,6,0.9900,0.9896,0.9982,0.9889,0.0085
5,6,10,7,0.9832,0.9823,0.9901,0.9811,0.0077
5,6,10,8,0.9909,0.9891,0.9993,0.9902,0.0139
5,6,10,9,0.9201,0.9105,0.9925,0.9100,0.0300
5,6,10,10,0.9912,0.9894,0.9993,0.9904,0.0127
5,6,10,11,0.9851,0.9882,0.9994,0.9832,0.0066
5,6,11,0,0.7505,0.7009,0.7270,0.7183,0.0838
5,6,11,1,0.9896,0.9917,0.9993,0.9883,0.0079
5,6,11,2,0.9914,0.9913,0.9991,0.9904,0.0077
5,6,11,3,0.9449,0.9554,0.9767,0.9395,0.0350
5,6,11,4,0.9913,0.9898,0.9968,0.9905,0.0129
5,6,11,5,0.9891,0.9916,0.9984,0.9878,0.0066
5,6,11,6,0.9914,0.9900,0.9995,0.9906,0.0117
5,6,11,7,0.9840,0.9880,0.9987,0.9820,0.0075
5,6,11,8,0.1797,0.4851,0.9425,0.0409,0.0526
5,6,11,9,0.9915,0.9899,0.9995,0.9908,0.0126
5,6,11,10,0.9478,0.9565,0.9847,0.9428,0.0342
5,6,11,11,0.9484,0.9461,0.9843,0.9437,0.0363
5,7,0,0,0.7947,0.8145,0.8351,0.7574,0.0521
5,7,0,1,0.1875,0.3256,0.9742,0.0835,0.0367
5,7,0,2,0.8675,0.8762,0.9366,0.8456,0.0424
5,7,0,3,0.2287,0.3618,0.9746,0.1192,0.0201
5,7,0,4,0.5408,0.5523,0.9721,0.4535,0.0285
5,7,0,5,0.2452,0.3710,0.9718,0.1388,0.0206
5,7,0,6,0.6915,0.7328,0.8219,0.6284,0.0550
5,7,0,7,0.6989,0.7402,0.9297,0.6382,0.0550
5,7,0,8,0.7204,0.7564,0.9551,0.6658,0.0407
5,7,0,9,0.8562,0.8588,0.9248,0.8333,0.0531
5,7,0,10,0.8003,0.8052,0.9101,0.7647,0.0527
5,7,0,11,0.8439,0.8303,0.8768,0.8200,0.0555
5,7,1,0,0.7259,0.7573,0.9842,0.6735,0.0380
5,7,1,1,0.8629,0.8807,0.9781,0.8395,0.0428
5,7,1,2,0.8299,0.8429,0.9730,0.7997,0.0484
5,7,1,3,0.8887,0.8642,0.9032,0.8723,0.0392
5,7,1,4,0.9165,0.9205,0.9726,0.9033,0.0361
5,7,1,5,0.8800,0.9051,0.9921,0.8592,0.0235
5,7,1,6,0.9072,0.9127,0.9890,0.8915,0.0220
5,7,1,7,0.8864,0.8907,0.9654,0.8676,0.0396
5,7,1,8,0.9157,0.9147,0.9960,0.9015,0.0227
5,7,1,9,0.9146,0.9143,0.9989,0.9003,0.0150
5,7,1,10,0.3060,0.6022,0.9049,0.1490,0.0573
5,7,1,11,0.3842,0.4237,0.9762,0.2880,0.0102
5,7,2,0,0.7974,0.7895,0.9408,0.7600,0.0457
5,7,2,1,0.9240,0.9174,0.9953,0.9116,0.0165
5,7,2,2,0.5507,0.6283,0.9896,0.4713,0.0185
5,7,2,3,0.7075,0.7766,0.9894,0.6517,0.0356
5,7,2,4,0.9103,0.9355,0.9977,0.8951,0.0245
5,7,2,5,0.6773,0.7650,0.9624,0.6134,0.0428
5,7,2,6,0.9164,0.9126,0.9997,0.9029,0.0165
5,7,2,7,0.7443,0.7781,0.8698,0.6950,0.0597
5,7,2,8,0.6701,0.7335,0.9786,0.6079,0.0303
5,7,2,9,0.5079,0.6871,0.9404,0.4067,0.0392
5,7,2,10,0.8443,0.8579,0.9157,0.8186,0.0525
5,7,2,11,0.9235,0.9243,0.9978,0.9109,0.0198
5,7,3,0,0.9001,0.8895,0.9959,0.8891,0.0337
5,7,3,1,0.9042,0.9137,0.9988,0.8884,0.0089
5,7,3,2,0.5662,0.6475,0.9880,0.4864,0.0256
5,7,3,3,0.9315,0.9283,0.9985,0.9204,0.0121
5,7,3,4,0.9028,0.8862,0.9957,0.8919,0.0335
5,7,3,5,0.8959,0.9029,0.9711,0.8780,0.0207
5,7,3,6,0.7002,0.7739,0.8964,0.6397,0.0526
5,7,3,7,0.7011,0.7620,0.9849,0.6450,0.0316
5,7,3,8,0.6741,0.7042,0.9908,0.6162,0.0219
5,7,3,9,0.8273,0.8435,0.9907,0.7974,0.0193
5,7,3,10,0.9141,0.9275,0.9994,0.9000,0.0076
5,7,3,11,0.8316,0.8484,0.9799,0.8012,0.0340
5,7,4,0,0.7796,0.8031,0.9924,0.7415,0.0135
5,7,4,1,0.8685,0.8934,0.9974,0.8461,0.0122
5,7,4,2,0.9147,0.8997,0.9974,0.9032,0.0258
5,7,4,3,0.7299,0.7638,0.9084,0.6789,0.0329
5,7,4,4,0.9312,0.9354,0.9987,0.9209,0.0136
5,7,4,5,0.9087,0.9488,0.9994,0.8939,0.0112
5,7,4,6,0.8899,0.9045,0.9742,0.8714,0.0327
5,7,4,7,0.5905,0.6466,0.9736,0.5145,0.0245
5,7,4,8,0.9280,0.9172,0.9993,0.9172,0.0181
5,7,4,9,0.8813,0.8707,0.9893,0.8608,0.0220
5,7,4,10,0.9107,0.8966,0.9960,0.8998,0.0291
5,7,4,11,0.3199,0.4955,0.9731,0.2347,0.0378
5,7,5,0,0.9043,0.8851,0.9957,0.8939,0.0344
5,7,5,1,0.9009,0.8757,0.9946,0.8912,0.0378
5,7,5,2,0.8967,0.9251,0.9940,0.8790,0.0205
5,7,5,3,0.9113,0.9073,0.9663,0.8973,0.0331
5,7,5,4,0.9152,0.9124,0.9860,0.9013,0.0270
5,7,5,5,0.9132,0.8953,0.9959,0.9037,0.0331
5,7,5,6,0.9042,0.9099,0.9981,0.8915,0.0219
5,7,5,7,1.0000,1.0000,1.0000,1.0000,0.0000
5,7,5,8,0.9226,0.9154,0.9979,0.9120,0.0201
5,7,5,9,0.9088,0.8927,0.9968,0.8973,0.0274
5,7,5,10,0.8689,0.8991,0.9897,0.8462,0.0189
5,7,5,11,0.9248,0.9207,0.9996,0.9135,0.0119
5,7,6,0,0.8136,0.8135,0.9621,0.7798,0.0287
5,7,6,1,0.9423,0.9338,0.9970,0.9344,0.0185
5,7,6,2,0.9112,0.9027,0.9977,0.8985,0.0220
5,7,6,3,0.9148,0.9180,0.9977,0.9008,0.0169
5,7,6,4,0.9171,0.9183,0.9779,0.9033,0.0202
5,7,6,5,0.9227,0.9236,0.9992,0.9102,0.0142
5,7,6,6,0.9211,0.9119,0.9981,0.9105,0.0215
5,7,6,7,0.8852,0.9057,0.9567,0.8662,0.0344
5,7,6,8,0.9416,0.9351,0.9905,0.9320,0.0173
5,7,6,9,0.9018,0.8769,0.9948,0.8920,0.0376
5,7,6,10,0.9076,0.8869,0.9959,0.8974,0.0341
5,7,6,11,0.9255,0.9327,0.9973,0.9131,0.0113
5,7,7,0,0.8829,0.9059,0.9986,0.8641,0.0077
5,7,7,1,0.9095,0.9112,0.9982,0.8975,0.0210
5,7,7,2,0.9018,0.8768,0.9948,0.8921,0.0378
5,7,7,3,0.9250,0.9340,0.9786,0.9126,0.0211
5,7,7,4,0.8599,0.9048,0.9995,0.8377,0.0130
5,7,7,5,0.9118,0.9247,0.9978,0.8977,0.0129
5,7,7,6,0.9191,0.9055,0.9980,0.9078,0.0230
5,7,7,7,0.9212,0.9051,0.9969,0.9122,0.0303
5,7,7,8,0.9160,0.9169,0.9899,0.9018,0.0153
5,7,7,9,0.9198,0.9233,0.9948,0.9070,0.0121
5,7,7,10,0.9178,0.9011,0.9960,0.9091,0.0337
5,7,7,11,0.9068,0.8852,0.9958,0.8966,0.0346
5,7,8,0,0.9182,0.9022,0.9975,0.9073,0.0244
5,7,8,1,0.9176,0.9027,0.9962,0.9089,0.0336
5,7,8,2,0.9116,0.9111,0.9967,0.8970,0.0165
5,7,8,3,0.9259,0.9124,0.9971,0.9156,0.0194
5,7,8,4,0.8785,0.9336,0.9997,0.8593,0.0089
5,7,8,5,0.8371,0.8709,0.9729,0.8079,0.0307
5,7,8,6,0.9180,0.9061,0.9974,0.9072,0.0223
5,7,8,7,0.8161,0.8683,0.9966,0.7865,0.0075
5,7,8,8,0.9490,0.9420,0.9898,0.9410,0.0237
5,7,8,9,0.9380,0.9308,0.9875,0.9276,0.0167
5,7,8,10,0.9335,0.9285,0.9929,0.9226,0.0136
5,7,8,11,0.9176,0.9027,0.9923,0.9063,0.0203
5,7,9,0,0.8503,0.8440,0.9558,0.8263,0.0110
5,7,9,1,0.9063,0.8842,0.9955,0.8963,0.0349
5,7,9,2,0.9064,0.9180,0.9786,0.8911,0.0108
5,7,9,3,0.8947,0.9323,0.9944,0.8766,0.0195
5,7,9,4,0.9138,0.8961,0.9959,0.9037,0.0282
5,7,9,5,0.9207,0.9132,0.9931,0.9092,0.0198
5,7,9,6,0.9060,0.8848,0.9953,0.8959,0.0348
5,7,9,7,0.9277,0.9212,0.9955,0.9166,0.0150
5,7,9,8,0.9123,0.8968,0.9870,0.8998,0.0172
5,7,9,9,0.9035,0.8805,0.9951,0.8935,0.0367
5,7,9,10,0.8456,0.9299,0.9991,0.8201,0.0112
5,7,9,11,0.9034,0.8791,0.9951,0.8935,0.0373
5,7,10,0,0.9106,0.8968,0.9807,0.8968,0.0089
5,7,10,1,0.9132,0.8938,0.9964,0.9036,0.0332
5,7,10,2,0.9050,0.8834,0.9956,0.8946,0.0349
5,7,10,3,0.9200,0.9038,0.9973,0.9094,0.0232
5,7,10,4,0.9091,0.8929,0.9948,0.8969,0.0223
5,7,10,5,0.7988,0.8995,0.9988,0.7673,0.0140
5,7,10,6,0.9092,0.8877,0.9949,0.8985,0.0302
5,7,10,7,0.9151,0.9095,0.9898,0.9027,0.0152
5,7,10,8,0.9063,0.8830,0.9954,0.8964,0.0358
5,7,10,9,0.8403,0.9156,0.9975,0.8138,0.0144
5,7,10,10,0.9062,0.8832,0.9955,0.8959,0.0346
5,7,10,11,0.9339,0.9212,0.9981,0.9247,0.0159
5,7,11,0,0.7492,0.7584,0.7576,0.7016,0.0619
5,7,11,1,0.9203,0.9021,0.9973,0.9099,0.0264
5,7,11,2,0.9143,0.8940,0.9966,0.9036,0.0278
5,7,11,3,0.9115,0.9127,0.9822,0.8964,0.0178
5,7,11,4,0.9237,0.9066,0.9974,0.9123,0.0214
5,7,11,5,0.9150,0.8972,0.9962,0.9041,0.0253
5,7,11,6,0.9084,0.8867,0.9961,0.8980,0.0333
5,7,11,7,0.9265,0.9136,0.9981,0.9162,0.0194
5,7,11,8,0.2699,0.5952,0.9580,0.1294,0.0307
5,7,11,9,0.9087,0.8864,0.9960,0.8986,0.0345
5,7,11,10,0.9076,0.9234,0.9904,0.8919,0.0150
5,7,11,11,0.9118,0.9329,0.9903,0.8968,0.0168
5,8,0,0,0.8019,0.7737,0.8258,0.7761,0.0695
5,8,0,1,0.1393,0.2002,0.9662,0.0393,0.0180
5,8,0,2,0.8917,0.8810,0.9296,0.8818,0.0598
5,8,0,3,0.1728,0.2234,0.9665,0.0663,0.0118
5,8,0,4,0.4100,0.3676,0.9626,0.3092,0.0472
5,8,0,5,0.2241,0.2349,0.9623,0.1250,0.0126
5,8,0,6,0.6539,0.6359,0.8116,0.5937,0.0735
5,8,0,7,0.6169,0.6148,0.9223,0.5487,0.0737
5,8,0,8,0.6682,0.6929,0.9465,0.6123,0.0592
5,8,0,9,0.8531,0.8466,0.9164,0.8378,0.0690
5,8,0,10,0.7998,0.7645,0.8962,0.7740,0.0715
5,8,0,11,0.8375,0.8108,0.8651,0.8218,0.0732
5,8,1,0,0.6532,0.6541,0.9773,0.5951,0.0568
5,8,1,1,0.8740,0.8634,0.9710,0.8596,0.0600
5,8,1,2,0.8238,0.8193,0.9634,0.8001,0.0659
5,8,1,3,0.9200,0.8815,0.8971,0.9174,0.0561
5,8,1,4,0.9497,0.9439,0.9688,0.9474,0.0459
5,8,1,5,0.9324,0.9163,0.9861,0.9255,0.0412
5,8,1,6,0.8546,0.8201,0.9857,0.8340,0.0395
5,8,1,7,0.9202,0.9155,0.9607,0.9140,0.0516
5,8,1,8,0.9555,0.9625,0.9931,0.9517,0.0359
5,8,1,9,0.9641,0.9700,0.9971,0.9602,0.0261
5,8,1,10,0.2193,0.5431,0.8891,0.0599,0.0758
5,8,1,11,0.3599,0.2909,0.9667,0.2697,0.0174
5,8,2,0,0.7619,0.7202,0.9285,0.7255,0.0644
5,8,2,1,0.9809,0.9814,0.9962,0.9789,0.0169
5,8,2,2,0.4278,0.4710,0.9830,0.3370,0.0373
5,8,2,3,0.6983,0.6932,0.9821,0.6491,0.0546
5,8,2,4,0.8492,0.8679,0.9931,0.8275,0.0430
5,8,2,5,0.6550,0.6695,0.9573,0.5964,0.0615
5,8,2,6,0.9704,0.9828,0.9988,0.9668,0.0180
5,8,2,7,0.6981,0.6885,0.8606,0.6489,0.0784
5,8,2,8,0.6138,0.6792,0.9737,0.5498,0.0491
5,8,2,9,0.4457,0.5439,0.9338,0.3443,0.0572
5,8,2,10,0.8446,0.8181,0.9079,0.8275,0.0699
5,8,2,11,0.9869,0.9865,0.9972,0.9861,0.0205
5,8,3,0,0.9889,0.9874,0.9987,0.9881,0.0150
5,8,3,1,0.9714,0.9665,0.9978,0.9683,0.0235
5,8,3,2,0.4719,0.4921,0.9825,0.3852,0.0443
5,8,3,3,0.8943,0.8876,0.9937,0.8794,0.0248
5,8,3,4,0.9904,0.9887,0.9990,0.9897,0.0147
5,8,3,5,0.9459,0.9571,0.9716,0.9404,0.0353
5,8,3,6,0.6340,0.6622,0.8866,0.5694,0.0714
5,8,3,7,0.6528,0.6139,0.9779,0.5960,0.0504
5,8,3,8,0.6171,0.6195,0.9830,0.5569,0.0409
5,8,3,9,0.8024,0.8103,0.9836,0.7729,0.0375
5,8,3,10,0.9741,0.9715,0.9971,0.9713,0.0203
5,8,3,11,0.8073,0.7667,0.9703,0.7787,0.0527
5,8,4,0,0.7351,0.7500,0.9854,0.6949,0.0325
5,8,4,1,0.8948,0.8454,0.9914,0.8802,0.0310
5,8,4,2,0.9890,0.9920,0.9998,0.9876,0.0063
5,8,4,3,0.7118,0.6903,0.9011,0.6653,0.0517
5,8,4,4,0.9834,0.9842,0.9991,0.9813,0.0075
5,8,4,5,0.9493,0.9521,0.9985,0.9427,0.0189
5,8,4,6,0.9185,0.9286,0.9713,0.9108,0.0488
5,8,4,7,0.5478,0.5228,0.9661,0.4735,0.0433
5,8,4,8,0.9870,0.9920,0.9995,0.9853,0.0091
5,8,4,9,0.8449,0.8395,0.9850,0.8225,0.0408
5,8,4,10,0.9895,0.9897,0.9993,0.9884,0.0101
5,8,4,11,0.2229,0.3116,0.9648,0.1340,0.0190
5,8,5,0,0.9895,0.9873,0.9986,0.9887,0.0156
5,8,5,1,0.9886,0.9848,0.9980,0.9882,0.0190
5,8,5,2,0.8735,0.8674,0.9891,0.8557,0.0392
5,8,5,3,0.9022,0.9034,0.9628,0.8916,0.0518
5,8,5,4,0.9062,0.8762,0.9817,0.8951,0.0458
5,8,5,5,0.9917,0.9906,0.9988,0.9912,0.0143
5,8,5,6,0.9873,0.9866,0.9992,0.9857,0.0060
5,8,5,7,0.9226,0.9154,0.9979,0.9120,0.0201
5,8,5,8,1.0000,1.0000,1.0000,1.0000,0.0000
5,8,5,9,0.9903,0.9910,0.9996,0.9891,0.0084
5,8,5,10,0.9007,0.8781,0.9858,0.8874,0.0353
5,8,5,11,0.9779,0.9701,0.9984,0.9750,0.0108
5,8,6,0,0.8190,0.8099,0.9600,0.7924,0.0475
5,8,6,1,0.9917,0.9914,0.9990,0.9906,0.0039
5,8,6,2,0.9863,0.9910,0.9998,0.9845,0.0054
5,8,6,3,0.9605,0.9730,0.9966,0.9557,0.0223
5,8,6,4,0.9515,0.9482,0.9755,0.9478,0.0374
5,8,6,5,0.9851,0.9887,0.9986,0.9836,0.0164
5,8,6,6,0.9906,0.9892,0.9995,0.9893,0.0051
5,8,6,7,0.8769,0.8548,0.9524,0.8622,0.0523
5,8,6,8,0.9226,0.9009,0.9884,0.9129,0.0361
5,8,6,9,0.9890,0.9853,0.9982,0.9886,0.0189
5,8,6,10,0.9901,0.9891,0.9987,0.9894,0.0153
5,8,6,11,0.9722,0.9748,0.9967,0.9695,0.0243
5,8,7,0,0.9189,0.9387,0.9977,0.9077,0.0220
5,8,7,1,0.9884,0.9887,0.9996,0.9869,0.0046
5,8,7,2,0.9889,0.9852,0.9981,0.9885,0.0190
5,8,7,3,0.9627,0.9531,0.9763,0.9607,0.0370
5,8,7,4,0.9465,0.9318,0.9962,0.9393,0.0207
5,8,7,5,0.9763,0.9885,0.9990,0.9735,0.0143
5,8,7,6,0.9895,0.9930,0.9997,0.9881,0.0052
5,8,7,7,0.9922,0.9931,0.9993,0.9916,0.0115
5,8,7,8,0.9293,0.9192,0.9866,0.9205,0.0302
5,8,7,9,0.9856,0.9837,0.9961,0.9840,0.0135
5,8,7,10,0.9928,0.9913,0.9987,0.9924,0.0150
5,8,7,11,0.9910,0.9883,0.9988,0.9904,0.0159
5,8,8,0,0.9889,0.9913,0.9998,0.9875,0.0054
5,8,8,1,0.9917,0.9909,0.9987,0.9913,0.0148
5,8,8,2,0.9759,0.9804,0.9954,0.9735,0.0230
5,8,8,3,0.9925,0.9917,0.9988,0.9916,0.0038
5,8,8,4,0.9555,0.9627,0.9988,0.9495,0.0182
5,8,8,5,0.8696,0.8769,0.9707,0.8523,0.0492
5,8,8,6,0.9899,0.9941,0.9997,0.9886,0.0043
5,8,8,7,0.8321,0.8650,0.9925,0.8082,0.0226
5,8,8,8,0.9145,0.9100,0.9860,0.9040,0.0394
5,8,8,9,0.9703,0.9751,0.9876,0.9680,0.0286
5,8,8,10,0.9855,0.9850,0.9939,0.9843,0.0190
5,8,8,11,0.9909,0.9911,0.9967,0.9897,0.0058
5,8,9,0,0.9217,0.9020,0.9602,0.9109,0.0211
5,8,9,1,0.9899,0.9881,0.9985,0.9893,0.0161
5,8,9,2,0.9500,0.9374,0.9804,0.9436,0.0240
5,8,9,3,0.9234,0.9308,0.9908,0.9139,0.0357
5,8,9,4,0.9888,0.9914,0.9992,0.9877,0.0094
5,8,9,5,0.9925,0.9907,0.9964,0.9916,0.0068
5,8,9,6,0.9911,0.9889,0.9989,0.9906,0.0160
5,8,9,7,0.9877,0.9888,0.9977,0.9862,0.0117
5,8,9,8,0.9844,0.9833,0.9922,0.9824,0.0063
5,8,9,9,0.9898,0.9872,0.9985,0.9893,0.0180
5,8,9,10,0.9312,0.9228,0.9949,0.9220,0.0273
5,8,9,11,0.9893,0.9862,0.9984,0.9888,0.0185
5,8,10,0,0.9735,0.9759,0.9857,0.9701,0.0122
5,8,10,1,0.9911,0.9912,0.9990,0.9905,0.0144
5,8,10,2,0.9910,0.9884,0.9989,0.9904,0.0161
5,8,10,3,0.9906,0.9924,0.9996,0.9894,0.0045
5,8,10,4,0.9876,0.9898,0.9988,0.9860,0.0043
5,8,10,5,0.9104,0.9060,0.9950,0.8981,0.0218
5,8,10,6,0.9910,0.9903,0.9990,0.9901,0.0112
5,8,10,7,0.9876,0.9857,0.9937,0.9860,0.0077
5,8,10,8,0.9902,0.9876,0.9987,0.9897,0.0171
5,8,10,9,0.9277,0.9125,0.9940,0.9180,0.0269
5,8,10,10,0.9902,0.9881,0.9989,0.9896,0.0159
5,8,10,11,0.9819,0.9867,0.9998,0.9795,0.0050
5,8,11,0,0.7576,0.7168,0.7474,0.7244,0.0807
5,8,11,1,0.9920,0.9939,0.9998,0.9910,0.0068
5,8,11,2,0.9923,0.9919,0.9995,0.9915,0.0088
5,8,11,3,0.9452,0.9632,0.9834,0.9390,0.0319
5,8,11,4,0.9918,0.9917,0.9986,0.9908,0.0100
5,8,11,5,0.9922,0.9932,0.9993,0.9913,0.0063
5,8,11,6,0.9916,0.9899,0.9992,0.9909,0.0143
5,8,11,7,0.9951,0.9970,0.9998,0.9945,0.0035
5,8,11,8,0.1871,0.4986,0.9426,0.0460,0.0497
5,8,11,9,0.9917,0.9894,0.9989,0.9912,0.0157
5,8,11,10,0.9513,0.9617,0.9894,0.9460,0.0311
5,8,11,11,0.9508,0.9561,0.9892,0.9456,0.0332
5,9,0,0,0.7841,0.7402,0.8140,0.7587,0.0779
5,9,0,1,0.1179,0.1700,0.9649,0.0199,0.0096
5,9,0,2,0.8807,0.8533,0.9209,0.8718,0.0682
5,9,0,3,0.1484,0.1917,0.9640,0.0437,0.0139
5,9,0,4,0.3856,0.3298,0.9563,0.2858,0.0556
5,9,0,5,0.2032,0.2037,0.9606,0.1059,0.0163
5,9,0,6,0.6318,0.5982,0.7994,0.5719,0.0819
5,9,0,7,0.5982,0.5766,0.9122,0.5312,0.0821
5,9,0,8,0.6507,0.6531,0.9383,0.5957,0.0676
5,9,0,9,0.8410,0.8170,0.9066,0.8268,0.0774
5,9,0,10,0.7841,0.7313,0.8853,0.7591,0.0799
5,9,0,11,0.8193,0.7781,0.8534,0.8036,0.0816
5,9,1,0,0.6383,0.6189,0.9712,0.5816,0.0652
5,9,1,1,0.8567,0.8319,0.9644,0.8420,0.0683
5,9,1,2,0.8073,0.7857,0.9560,0.7838,0.0742
5,9,1,3,0.9150,0.8688,0.8881,0.9145,0.0645
5,9,1,4,0.9404,0.9241,0.9628,0.9386,0.0530
5,9,1,5,0.9253,0.8976,0.9818,0.9191,0.0496
5,9,1,6,0.8323,0.7827,0.9817,0.8103,0.0479
5,9,1,7,0.9114,0.8944,0.9539,0.9063,0.0597
5,9,1,8,0.9494,0.9469,0.9896,0.9462,0.0438
5,9,1,9,0.9593,0.9566,0.9949,0.9559,0.0340
5,9,1,10,0.1954,0.5116,0.8801,0.0385,0.0842
5,9,1,11,0.3367,0.2586,0.9640,0.2474,0.0248
5,9,2,0,0.7432,0.6847,0.9196,0.7071,0.0728
5,9,2,1,0.9808,0.9767,0.9942,0.9796,0.0243
5,9,2,2,0.4109,0.4321,0.9786,0.3220,0.0457
5,9,2,3,0.6861,0.6595,0.9770,0.6385,0.0630
5,9,2,4,0.8401,0.8470,0.9905,0.8192,0.0514
5,9,2,5,0.6469,0.6321,0.9493,0.5912,0.0699
5,9,2,6,0.9722,0.9768,0.9975,0.9697,0.0264
5,9,2,7,0.6770,0.6500,0.8479,0.6281,0.0868
5,9,2,8,0.5886,0.6372,0.9678,0.5242,0.0575
5,9,2,9,0.4339,0.5058,0.9260,0.3359,0.0656
5,9,2,10,0.8268,0.7834,0.8975,0.8097,0.0783
5,9,2,11,0.9875,0.9836,0.9951,0.9877,0.0273
5,9,3,0,0.9961,0.9979,0.9996,0.9958,0.0068
5,9,3,1,0.9533,0.9431,0.9957,0.9486,0.0319
5,9,3,2,0.4549,0.4517,0.9773,0.3699,0.0527
5,9,3,3,0.8802,0.8664,0.9923,0.8647,0.0332
5,9,3,4,0.9974,0.9988,0.9998,0.9972,0.0063
5,9,3,5,0.9503,0.9458,0.9674,0.9473,0.0437
5,9,3,6,0.6156,0.6200,0.8759,0.5523,0.0798
5,9,3,7,0.6392,0.5768,0.9728,0.5837,0.0588
5,9,3,8,0.5990,0.5770,0.9792,0.5394,0.0493
5,9,3,9,0.7673,0.7676,0.9809,0.7346,0.0459
5,9,3,10,0.9722,0.9656,0.9953,0.9702,0.0287
5,9,3,11,0.7907,0.7335,0.9647,0.7623,0.0611
5,9,4,0,0.7155,0.7145,0.9825,0.6750,0.0409
5,9,4,1,0.8766,0.8194,0.9891,0.8609,0.0394
5,9,4,2,0.9972,0.9977,0.9998,0.9969,0.0052
5,9,4,3,0.7133,0.6667,0.8960,0.6708,0.0601
5,9,4,4,0.9850,0.9822,0.9984,0.9836,0.0151
5,9,4,5,0.9535,0.9434,0.9971,0.9485,0.0273
5,9,4,6,0.9169,0.9086,0.9656,0.9112,0.0572
5,9,4,7,0.5318,0.4925,0.9590,0.4590,0.0517
5,9,4,8,0.9908,0.9904,0.9990,0.9901,0.0151
5,9,4,9,0.8302,0.7946,0.9809,0.8079,0.0492
5,9,4,10,0.9966,0.9967,0.9998,0.9962,0.0030
5,9,4,11,0.2182,0.2856,0.9642,0.1325,0.0106
5,9,5,0,0.9972,0.9983,0.9995,0.9970,0.0072
5,9,5,1,0.9968,0.9969,0.9992,0.9969,0.0106
5,9,5,2,0.8741,0.8415,0.9858,0.8585,0.0476
5,9,5,3,0.8956,0.8776,0.9568,0.8865,0.0602
5,9,5,4,0.8904,0.8446,0.9766,0.8789,0.0542
5,9,5,5,0.9975,0.9976,0.9997,0.9973,0.0059
5,9,5,6,0.9926,0.9920,0.9995,0.9917,0.0073
5,9,5,7,0.9088,0.8927,0.9968,0.8973,0.0274
5,9,5,8,0.9903,0.9910,0.9996,0.9891,0.0084
5,9,5,9,1.0000,1.0000,1.0000,1.0000,0.0000
5,9,5,10,0.9079,0.8649,0.9824,0.8976,0.0437
5,9,5,11,0.9773,0.9644,0.9978,0.9748,0.0178
5,9,6,0,0.8111,0.7780,0.9538,0.7859,0.0559
5,9,6,1,0.9857,0.9835,0.9987,0.9840,0.0102
5,9,6,2,0.9941,0.9941,0.9994,0.9936,0.0101
5,9,6,3,0.9631,0.9605,0.9944,0.9596,0.0307
5,9,6,4,0.9500,0.9378,0.9710,0.9480,0.0458
5,9,6,5,0.9865,0.9838,0.9971,0.9860,0.0235
5,9,6,6,0.9939,0.9920,0.9995,0.9932,0.0064
5,9,6,7,0.8631,0.8196,0.9453,0.8487,0.0607
5,9,6,8,0.9162,0.8879,0.9854,0.9072,0.0445
5,9,6,9,0.9970,0.9972,0.9993,0.9970,0.0105
5,9,6,10,0.9979,0.9982,0.9996,0.9978,0.0070
5,9,6,11,0.9678,0.9662,0.9945,0.9656,0.0324
5,9,7,0,0.9267,0.9378,0.9961,0.9177,0.0296
5,9,7,1,0.9875,0.9868,0.9997,0.9860,0.0088
5,9,7,2,0.9969,0.9971,0.9993,0.9970,0.0106
5,9,7,3,0.9457,0.9317,0.9715,0.9426,0.0454
5,9,7,4,0.9278,0.9128,0.9945,0.9189,0.0291
5,9,7,5,0.9824,0.9827,0.9975,0.9812,0.0227
5,9,7,6,0.9943,0.9950,0.9995,0.9938,0.0089
5,9,7,7,0.9959,0.9965,0.9999,0.9954,0.0047
5,9,7,8,0.9086,0.8812,0.9828,0.8981,0.0386
5,9,7,9,0.9799,0.9754,0.9945,0.9782,0.0219
5,9,7,10,0.9963,0.9968,0.9996,0.9960,0.0066
5,9,7,11,0.9978,0.9984,0.9997,0.9977,0.0075
5,9,8,0,0.9976,0.9986,0.9999,0.9973,0.0051
5,9,8,1,0.9952,0.9954,0.9995,0.9948,0.0077
5,9,8,2,0.9737,0.9704,0.9929,0.9719,0.0303
5,9,8,3,0.9881,0.9843,0.9981,0.9868,0.0101
5,9,8,4,0.9506,0.9490,0.9975,0.9449,0.0266
5,9,8,5,0.8606,0.8482,0.9646,0.8442,0.0576
5,9,8,6,0.9926,0.9953,0.9998,0.9917,0.0059
5,9,8,7,0.8263,0.8566,0.9904,0.8032,0.0299
5,9,8,8,0.9002,0.8769,0.9819,0.8894,0.0478
5,9,8,9,0.9685,0.9625,0.9846,0.9671,0.0362
5,9,8,10,0.9818,0.9785,0.9919,0.9809,0.0264
5,9,8,11,0.9950,0.9943,0.9964,0.9944,0.0076
5,9,9,0,0.9254,0.8977,0.9588,0.9162,0.0293
5,9,9,1,0.9977,0.9982,0.9995,0.9977,0.0077
5,9,9,2,0.9462,0.9210,0.9785,0.9403,0.0324
5,9,9,3,0.9153,0.9139,0.9872,0.9063,0.0441
5,9,9,4,0.9944,0.9954,0.9999,0.9938,0.0060
5,9,9,5,0.9944,0.9934,0.9958,0.9939,0.0100
5,9,9,6,0.9976,0.9983,0.9998,0.9974,0.0076
5,9,9,7,0.9832,0.9783,0.9964,0.9816,0.0188
5,9,9,8,0.9919,0.9892,0.9918,0.9911,0.0110
5,9,9,9,0.9974,0.9978,0.9996,0.9974,0.0096
5,9,9,10,0.9174,0.9008,0.9930,0.9074,0.0357
5,9,9,11,0.9974,0.9976,0.9995,0.9974,0.0101
5,9,10,0,0.9791,0.9721,0.9846,0.9770,0.0203
5,9,10,1,0.9972,0.9976,0.9998,0.9970,0.0060
5,9,10,2,0.9977,0.9983,0.9998,0.9976,0.0077
5,9,10,3,0.9948,0.9964,0.9997,0.9942,0.0047
5,9,10,4,0.9979,0.9979,0.9989,0.9977,0.0054
5,9,10,5,0.8979,0.8858,0.9940,0.8849,0.0291
5,9,10,6,0.9978,0.9983,0.9996,0.9976,0.0028
5,9,10,7,0.9907,0.9877,0.9931,0.9899,0.0130
5,9,10,8,0.9973,0.9979,0.9997,0.9972,0.0087
5,9,10,9,0.9111,0.8953,0.9919,0.9002,0.0353
5,9,10,10,0.9981,0.9984,0.9998,0.9980,0.0075
5,9,10,11,0.9833,0.9859,0.9997,0.9813,0.0115
5,9,11,0,0.7410,0.6845,0.7335,0.7089,0.0891
5,9,11,1,0.9979,0.9981,0.9999,0.9977,0.0042
5,9,11,2,0.9983,0.9987,0.9999,0.9981,0.0020
5,9,11,3,0.9515,0.9527,0.9801,0.9478,0.0403
5,9,11,4,0.9946,0.9946,0.9977,0.9944,0.0139
5,9,11,5,0.9963,0.9977,0.9996,0.9959,0.0034
5,9,11,6,0.9984,0.9987,0.9999,0.9982,0.0059
5,9,11,7,0.9926,0.9929,0.9993,0.9919,0.0101
5,9,11,8,0.1681,0.4588,0.9372,0.0303,0.0581
5,9,11,9,0.9979,0.9985,0.9998,0.9978,0.0073
5,9,11,10,0.9475,0.9532,0.9863,0.9431,0.0395
5,9,11,11,0.9511,0.9417,0.9857,0.9475,0.0416
5,10,0,0,0.8565,0.8627,0.9030,0.8256,0.0418
5,10,0,1,0.2521,0.3816,0.9510,0.1468,0.0533
5,10,0,2,0.8910,0.8880,0.9743,0.8678,0.0319
5,10,0,3,0.2945,0.4167,0.9564,0.1838,0.0342
5,10,0,4,0.5536,0.5982,0.9777,0.4577,0.0143
5,10,0,5,0.3411,0.4246,0.9500,0.2387,0.0342
5,10,0,6,0.7691,0.8133,0.8934,0.7144,0.0442
5,10,0,7,0.7046,0.7698,0.9670,0.6337,0.0439
5,10,0,8,0.7055,0.7760,0.9828,0.6376,0.0304
5,10,0,9,0.8822,0.8787,0.9660,0.8576,0.0434
5,10,0,10,0.8565,0.8467,0.9534,0.8258,0.0409
5,10,0,11,0.8638,0.8603,0.9323,0.8355,0.0453
5,10,1,0,0.7245,0.7873,0.9919,0.6631,0.0283
5,10,1,1,0.8786,0.8870,0.9928,0.8524,0.0338
5,10,1,2,0.8514,0.8555,0.9881,0.8186,0.0392
5,10,1,3,0.9116,0.8873,0.9537,0.8938,0.0266
5,10,1,4,0.9338,0.9211,0.9943,0.9200,0.0240
5,10,1,5,0.9121,0.9057,0.9973,0.8939,0.0138
5,10,1,6,0.8447,0.8742,0.9995,0.8125,0.0129
5,10,1,7,0.9179,0.8996,0.9902,0.9007,0.0294
5,10,1,8,0.9102,0.8979,0.9955,0.8920,0.0146
5,10,1,9,0.9069,0.8896,0.9898,0.8895,0.0131
5,10,1,10,0.3829,0.6668,0.9458,0.2263,0.0481
5,10,1,11,0.4580,0.4812,0.9588,0.3644,0.0202
5,10,2,0,0.7761,0.8293,0.9740,0.7245,0.0338
5,10,2,1,0.9208,0.8954,0.9954,0.9071,0.0228
5,10,2,2,0.5305,0.6499,0.9855,0.4376,0.0109
5,10,2,3,0.7381,0.7967,0.9895,0.6803,0.0245
5,10,2,4,0.8143,0.9076,0.9889,0.7764,0.0148
5,10,2,5,0.7399,0.7993,0.9843,0.6805,0.0317
5,10,2,6,0.9124,0.8908,0.9893,0.8974,0.0199
5,10,2,7,0.8024,0.8307,0.9255,0.7571,0.0489
5,10,2,8,0.6477,0.7644,0.9952,0.5717,0.0201
5,10,2,9,0.6241,0.7650,0.9778,0.5368,0.0285
5,10,2,10,0.8993,0.8925,0.9596,0.8793,0.0422
5,10,2,11,0.9335,0.9100,0.9951,0.9216,0.0211
5,10,3,0,0.8941,0.8566,0.9777,0.8840,0.0502
5,10,3,1,0.8972,0.8827,0.9891,0.8786,0.0139
5,10,3,2,0.5547,0.6784,0.9880,0.4625,0.0156
5,10,3,3,0.8192,0.8733,0.9871,0.7872,0.0144
5,10,3,4,0.8922,0.8567,0.9790,0.8815,0.0500
5,10,3,5,0.9494,0.9259,0.9928,0.9392,0.0131
5,10,3,6,0.7827,0.8346,0.9477,0.7321,0.0413
5,10,3,7,0.7757,0.7994,0.9948,0.7276,0.0219
5,10,3,8,0.6407,0.7215,0.9801,0.5688,0.0156
5,10,3,9,0.7408,0.8346,0.9826,0.6897,0.0101
5,10,3,10,0.9229,0.9095,0.9897,0.9091,0.0168
5,10,3,11,0.8098,0.8532,0.9910,0.7684,0.0214
5,10,4,0,0.7085,0.8126,0.9802,0.6517,0.0130
5,10,4,1,0.8205,0.8818,0.9916,0.7861,0.0119
5,10,4,2,0.9090,0.8693,0.9851,0.8976,0.0387
5,10,4,3,0.8813,0.8748,0.9556,0.8559,0.0185
5,10,4,4,0.9257,0.9112,0.9910,0.9149,0.0286
5,10,4,5,0.9237,0.9264,0.9910,0.9105,0.0164
5,10,4,6,0.9243,0.9168,0.9946,0.9085,0.0227
5,10,4,7,0.6721,0.7132,0.9816,0.6035,0.0143
5,10,4,8,0.9206,0.8903,0.9883,0.9089,0.0291
5,10,4,9,0.8545,0.8488,0.9991,0.8245,0.0097
5,10,4,10,0.9034,0.8668,0.9832,0.8928,0.0454
5,10,4,11,0.3546,0.5153,0.9448,0.2661,0.0543
5,10,5,0,0.8924,0.8530,0.9772,0.8820,0.0509
5,10,5,1,0.8876,0.8383,0.9749,0.8782,0.0543
5,10,5,2,0.9160,0.9129,0.9970,0.8993,0.0142
5,10,5,3,0.9050,0.9018,0.9913,0.8849,0.0215
5,10,5,4,0.8990,0.9043,0.9970,0.8778,0.0178
5,10,5,5,0.8965,0.8579,0.9785,0.8865,0.0496
5,10,5,6,0.8931,0.8783,0.9820,0.8796,0.0384
5,10,5,7,0.8689,0.8991,0.9897,0.8462,0.0189
5,10,5,8,0.9007,0.8781,0.9858,0.8874,0.0353
5,10,5,9,0.9079,0.8649,0.9824,0.8976,0.0437
5,10,5,10,1.0000,1.0000,1.0000,1.0000,0.0000
5,10,5,11,0.9087,0.8987,0.9860,0.8949,0.0258
5,10,6,0,0.8774,0.8545,0.9870,0.8515,0.0185
5,10,6,1,0.9033,0.8904,0.9900,0.8901,0.0337
5,10,6,2,0.9209,0.8821,0.9879,0.9102,0.0336
5,10,6,3,0.9297,0.9008,0.9952,0.9172,0.0185
5,10,6,4,0.9178,0.9144,0.9966,0.9008,0.0121
5,10,6,5,0.9308,0.9045,0.9924,0.9191,0.0213
5,10,6,6,0.9133,0.8854,0.9849,0.9024,0.0375
5,10,6,7,0.9228,0.9264,0.9860,0.9068,0.0234
5,10,6,8,0.8910,0.9101,0.9994,0.8693,0.0084
5,10,6,9,0.8880,0.8398,0.9755,0.8784,0.0542
5,10,6,10,0.8977,0.8527,0.9777,0.8879,0.0506
5,10,6,11,0.9067,0.9138,0.9959,0.8892,0.0144
5,10,7,0,0.8663,0.8836,0.9932,0.8431,0.0156
5,10,7,1,0.8957,0.8731,0.9845,0.8824,0.0367
5,10,7,2,0.8880,0.8394,0.9753,0.8785,0.0543
5,10,7,3,0.9056,0.9236,0.9970,0.8862,0.0109
5,10,7,4,0.8604,0.9096,0.9887,0.8365,0.0188
5,10,7,5,0.9216,0.8951,0.9915,0.9085,0.0210
5,10,7,6,0.9114,0.8753,0.9878,0.8996,0.0348
5,10,7,7,0.9015,0.8641,0.9812,0.8913,0.0468
5,10,7,8,0.8964,0.8892,0.9992,0.8761,0.0101
5,10,7,9,0.9062,0.9041,0.9952,0.8905,0.0218
5,10,7,10,0.8961,0.8576,0.9781,0.8863,0.0502
5,10,7,11,0.8933,0.8502,0.9782,0.8830,0.0512
5,10,8,0,0.9166,0.8781,0.9854,0.9064,0.0386
5,10,8,1,0.8963,0.8576,0.9781,0.8865,0.0501
5,10,8,2,0.9238,0.8941,0.9935,0.9100,0.0178
5,10,8,3,0.9053,0.8751,0.9911,0.8924,0.0336
5,10,8,4,0.8791,0.9145,0.9910,0.8587,0.0186
5,10,8,5,0.8910,0.8943,0.9928,0.8680,0.0197
5,10,8,6,0.9024,0.8755,0.9854,0.8902,0.0386
5,10,8,7,0.7518,0.8577,0.9856,0.7079,0.0161
5,10,8,8,0.9039,0.9075,0.9993,0.8842,0.0164
5,10,8,9,0.9423,0.9235,0.9979,0.9312,0.0127
5,10,8,10,0.9249,0.9108,0.9966,0.9117,0.0173
5,10,8,11,0.9053,0.8722,0.9886,0.8929,0.0361
5,10,9,0,0.9069,0.8761,0.9794,0.8911,0.0165
5,10,9,1,0.8931,0.8492,0.9768,0.8832,0.0514
5,10,9,2,0.9344,0.9191,0.9931,0.9229,0.0150
5,10,9,3,0.8699,0.9083,0.9975,0.8439,0.0067
5,10,9,4,0.9013,0.8601,0.9821,0.8909,0.0447
5,10,9,5,0.9180,0.8940,0.9911,0.9067,0.0337
5,10,9,6,0.8929,0.8497,0.9788,0.8828,0.0513
5,10,9,7,0.9247,0.8942,0.9929,0.9131,0.0249
5,10,9,8,0.9123,0.8792,0.9887,0.9004,0.0327
5,10,9,9,0.8912,0.8447,0.9768,0.8816,0.0533
5,10,9,10,0.8663,0.9130,0.9884,0.8421,0.0193
5,10,9,11,0.8905,0.8426,0.9765,0.8808,0.0538
5,10,10,0,0.9276,0.8903,0.9894,0.9163,0.0234
5,10,10,1,0.8981,0.8553,0.9798,0.8882,0.0497
5,10,10,2,0.8940,0.8490,0.9789,0.8839,0.0514
5,10,10,3,0.9025,0.8707,0.9865,0.8904,0.0392
5,10,10,4,0.9130,0.8726,0.9860,0.9022,0.0383
5,10,10,5,0.8352,0.9025,0.9855,0.8076,0.0232
5,10,10,6,0.8978,0.8555,0.9822,0.8870,0.0464
5,10,10,7,0.9244,0.8996,0.9908,0.9138,0.0307
5,10,10,8,0.8900,0.8467,0.9776,0.8797,0.0523
5,10,10,9,0.8531,0.9436,0.9973,0.8261,0.0134
5,10,10,10,0.8951,0.8488,0.9785,0.8852,0.0512
5,10,10,11,0.8928,0.8760,0.9862,0.8778,0.0321
5,10,11,0,0.8257,0.8184,0.8403,0.7877,0.0501
5,10,11,1,0.9103,0.8696,0.9848,0.8994,0.0411
5,10,11,2,0.9014,0.8608,0.9838,0.8902,0.0441
5,10,11,3,0.9184,0.9114,0.9959,0.9023,0.0097
5,10,11,4,0.9113,0.8828,0.9920,0.8980,0.0308
5,10,11,5,0.9000,0.8682,0.9853,0.8880,0.0413
5,10,11,6,0.8975,0.8524,0.9799,0.8873,0.0496
5,10,11,7,0.9104,0.8781,0.9883,0.8981,0.0336
5,10,11,8,0.3294,0.6358,0.9650,0.1851,0.0176
5,10,11,9,0.8937,0.8500,0.9787,0.8834,0.0510
5,10,11,10,0.9116,0.9226,0.9990,0.8943,0.0066
5,10,11,11,0.9371,0.9266,0.9984,0.9246,0.0110
5,11,0,0,0.7956,0.7804,0.8209,0.7635,0.0627
5,11,0,1,0.2551,0.3406,0.9734,0.1645,0.0274
5,11,0,2,0.8898,0.8799,0.9274,0.8762,0.0527
5,11,0,3,0.2748,0.3596,0.9729,0.1769,0.0139
5,11,0,4,0.4555,0.4611,0.9666,0.3574,0.0386
5,11,0,5,0.3150,0.3718,0.9706,0.2231,0.0147
5,11,0,6,0.6513,0.6680,0.8074,0.5843,0.0661
5,11,0,7,0.6703,0.6826,0.9205,0.6086,0.0664
5,11,0,8,0.7102,0.7196,0.9471,0.6583,0.0521
5,11,0,9,0.8683,0.8568,0.9149,0.8524,0.0627
5,11,0,10,0.8343,0.8105,0.8988,0.8119,0.0641
5,11,0,11,0.8538,0.8299,0.8640,0.8374,0.0664
5,11,1,0,0.6764,0.7123,0.9798,0.6183,0.0497
5,11,1,1,0.8860,0.8832,0.9728,0.8708,0.0537
5,11,1,2,0.8508,0.8495,0.9670,0.8291,0.0590
5,11,1,3,0.9254,0.8872,0.8922,0.9207,0.0467
5,11,1,4,0.9492,0.9446,0.9670,0.9446,0.0430
5,11,1,5,0.9478,0.9467,0.9885,0.9417,0.0336
5,11,1,6,0.8473,0.8199,0.9851,0.8228,0.0314
5,11,1,7,0.9202,0.9086,0.9587,0.9113,0.0476
5,11,1,8,0.9592,0.9555,0.9938,0.9544,0.0310
5,11,1,9,0.9595,0.9553,0.9981,0.9537,0.0214
5,11,1,10,0.2546,0.5847,0.8932,0.0945,0.0690
5,11,1,11,0.4605,0.4382,0.9744,0.3805,0.0091
5,11,2,0,0.7713,0.7597,0.9314,0.7325,0.0571
5,11,2,1,0.9720,0.9607,0.9937,0.9680,0.0156
5,11,2,2,0.4604,0.5532,0.9866,0.3701,0.0281
5,11,2,3,0.7131,0.7543,0.9861,0.6626,0.0467
5,11,2,4,0.8545,0.8754,0.9963,0.8313,0.0349
5,11,2,5,0.6848,0.7260,0.9562,0.6275,0.0542
5,11,2,6,0.9727,0.9700,0.9994,0.9687,0.0146
5,11,2,7,0.7342,0.7445,0.8577,0.6882,0.0714
5,11,2,8,0.6184,0.6888,0.9731,0.5507,0.0415
5,11,2,9,0.4521,0.5985,0.9315,0.3456,0.0496
5,11,2,10,0.8555,0.8439,0.9060,0.8367,0.0634
5,11,2,11,0.9802,0.9760,0.9964,0.9775,0.0210
5,11,3,0,0.9734,0.9638,0.9976,0.9713,0.0244
5,11,3,1,0.9547,0.9516,0.9983,0.9480,0.0151
5,11,3,2,0.4974,0.5708,0.9846,0.4100,0.0362
5,11,3,3,0.8885,0.9089,0.9977,0.8715,0.0153
5,11,3,4,0.9736,0.9602,0.9972,0.9714,0.0241
5,11,3,5,0.9422,0.9362,0.9660,0.9344,0.0287
5,11,3,6,0.6605,0.7092,0.8848,0.5963,0.0643
5,11,3,7,0.6616,0.6750,0.9800,0.6022,0.0425
5,11,3,8,0.6440,0.6836,0.9889,0.5845,0.0317
5,11,3,9,0.7791,0.7988,0.9883,0.7432,0.0281
5,11,3,10,0.9790,0.9792,0.9990,0.9762,0.0146
5,11,3,11,0.8200,0.8121,0.9743,0.7906,0.0443
5,11,4,0,0.7345,0.7640,0.9908,0.6913,0.0249
5,11,4,1,0.8887,0.8925,0.9955,0.8714,0.0228
5,11,4,2,0.9784,0.9651,0.9980,0.9757,0.0165
5,11,4,3,0.7184,0.7196,0.8983,0.6691,0.0428
5,11,4,4,0.9771,0.9774,0.9984,0.9738,0.0062
5,11,4,5,0.9504,0.9543,0.9990,0.9430,0.0129
5,11,4,6,0.9189,0.9230,0.9688,0.9086,0.0428
5,11,4,7,0.6360,0.6346,0.9683,0.5730,0.0346
5,11,4,8,0.9780,0.9737,0.9994,0.9748,0.0114
5,11,4,9,0.8373,0.8217,0.9851,0.8110,0.0319
5,11,4,10,0.9751,0.9636,0.9970,0.9725,0.0195
5,11,4,11,0.2382,0.4073,0.9734,0.1468,0.0285
5,11,5,0,0.9743,0.9603,0.9974,0.9723,0.0251
5,11,5,1,0.9714,0.9541,0.9967,0.9697,0.0285
5,11,5,2,0.8842,0.8894,0.9907,0.8661,0.0303
5,11,5,3,0.9084,0.8944,0.9597,0.8964,0.0439
5,11,5,4,0.9138,0.9059,0.9820,0.9017,0.0379
5,11,5,5,0.9803,0.9694,0.9975,0.9789,0.0237
5,11,5,6,0.9722,0.9735,0.9992,0.9687,0.0126
5,11,5,7,0.9248,0.9207,0.9996,0.9135,0.0119
5,11,5,8,0.9779,0.9701,0.9984,0.9750,0.0108
5,11,5,9,0.9773,0.9644,0.9978,0.9748,0.0178
5,11,5,10,0.9087,0.8987,0.9860,0.8949,0.0258
5,11,5,11,1.0000,1.0000,1.0000,1.0000,0.0000
5,11,6,0,0.8181,0.7944,0.9553,0.7883,0.0399
5,11,6,1,0.9779,0.9717,0.9969,0.9750,0.0102
5,11,6,2,0.9776,0.9684,0.9979,0.9745,0.0130
5,11,6,3,0.9584,0.9530,0.9960,0.9522,0.0210
5,11,6,4,0.9426,0.9440,0.9727,0.9354,0.0306
5,11,6,5,0.9835,0.9799,0.9985,0.9812,0.0146
5,11,6,6,0.9879,0.9824,0.9989,0.9865,0.0119
5,11,6,7,0.8697,0.8712,0.9501,0.8505,0.0450
5,11,6,8,0.9174,0.9079,0.9870,0.9050,0.0266
5,11,6,9,0.9719,0.9547,0.9967,0.9701,0.0283
5,11,6,10,0.9751,0.9606,0.9976,0.9731,0.0248
5,11,6,11,0.9664,0.9707,0.9958,0.9618,0.0188
5,11,7,0,0.9099,0.9337,0.9973,0.8963,0.0118
5,11,7,1,0.9702,0.9689,0.9990,0.9665,0.0135
5,11,7,2,0.9718,0.9548,0.9968,0.9702,0.0285
5,11,7,3,0.9484,0.9431,0.9735,0.9421,0.0286
5,11,7,4,0.9223,0.9371,0.9989,0.9106,0.0157
5,11,7,5,0.9685,0.9656,0.9972,0.9638,0.0106
5,11,7,6,0.9782,0.9685,0.9982,0.9753,0.0136
5,11,7,7,0.9801,0.9685,0.9981,0.9784,0.0210
5,11,7,8,0.9142,0.9050,0.9861,0.9012,0.0231
5,11,7,9,0.9708,0.9688,0.9935,0.9665,0.0098
5,11,7,10,0.9772,0.9676,0.9977,0.9755,0.0244
5,11,7,11,0.9746,0.9592,0.9974,0.9726,0.0253
5,11,8,0,0.9820,0.9703,0.9981,0.9798,0.0151
5,11,8,1,0.9794,0.9693,0.9979,0.9780,0.0243
5,11,8,2,0.9639,0.9566,0.9948,0.9587,0.0214
5,11,8,3,0.9788,0.9658,0.9965,0.9760,0.0106
5,11,8,4,0.9365,0.9566,0.9992,0.9271,0.0114
5,11,8,5,0.8601,0.8679,0.9675,0.8382,0.0413
5,11,8,6,0.9779,0.9686,0.9980,0.9753,0.0130
5,11,8,7,0.8282,0.8736,0.9954,0.8021,0.0136
5,11,8,8,0.9152,0.9140,0.9861,0.9029,0.0333
5,11,8,9,0.9683,0.9654,0.9843,0.9644,0.0241
5,11,8,10,0.9812,0.9748,0.9910,0.9786,0.0164
5,11,8,11,0.9739,0.9601,0.9920,0.9704,0.0113
5,11,9,0,0.9044,0.8840,0.9515,0.8900,0.0127
5,11,9,1,0.9752,0.9596,0.9974,0.9734,0.0256
5,11,9,2,0.9402,0.9388,0.9755,0.9312,0.0164
5,11,9,3,0.9127,0.9350,0.9914,0.8996,0.0265
5,11,9,4,0.9788,0.9656,0.9970,0.9768,0.0189
5,11,9,5,0.9794,0.9713,0.9925,0.9766,0.0113
5,11,9,6,0.9739,0.9590,0.9969,0.9719,0.0254
5,11,9,7,0.9732,0.9673,0.9947,0.9692,0.0130
5,11,9,8,0.9683,0.9542,0.9861,0.9639,0.0081
5,11,9,9,0.9729,0.9570,0.9969,0.9710,0.0274
5,11,9,10,0.9132,0.9309,0.9984,0.9000,0.0205
5,11,9,11,0.9726,0.9559,0.9969,0.9707,0.0279
5,11,10,0,0.9636,0.9495,0.9786,0.9583,0.0070
5,11,10,1,0.9766,0.9627,0.9978,0.9747,0.0239
5,11,10,2,0.9739,0.9585,0.9971,0.9719,0.0256
5,11,10,3,0.9798,0.9678,0.9978,0.9773,0.0139
5,11,10,4,0.9759,0.9623,0.9952,0.9728,0.0127
5,11,10,5,0.8883,0.9064,0.9984,0.8717,0.0178
5,11,10,6,0.9749,0.9596,0.9959,0.9725,0.0206
5,11,10,7,0.9745,0.9663,0.9889,0.9708,0.0072
5,11,10,8,0.9740,0.9579,0.9971,0.9721,0.0265
5,11,10,9,0.9101,0.9252,0.9954,0.8964,0.0209
5,11,10,10,0.9746,0.9584,0.9971,0.9726,0.0253
5,11,10,11,0.9743,0.9694,0.9986,0.9708,0.0079
5,11,11,0,0.7751,0.7400,0.7409,0.7407,0.0733
5,11,11,1,0.9811,0.9686,0.9980,0.9789,0.0173
5,11,11,2,0.9784,0.9637,0.9974,0.9761,0.0182
5,11,11,3,0.9476,0.9484,0.9785,0.9403,0.0243
5,11,11,4,0.9807,0.9702,0.9967,0.9779,0.0136
5,11,11,5,0.9791,0.9658,0.9968,0.9768,0.0160
5,11,11,6,0.9759,0.9608,0.9975,0.9738,0.0237
5,11,11,7,0.9832,0.9730,0.9981,0.9809,0.0109
5,11,11,8,0.2424,0.5486,0.9515,0.1042,0.0411
5,11,11,9,0.9756,0.9603,0.9975,0.9736,0.0252
5,11,11,10,0.9506,0.9604,0.9872,0.9437,0.0230
5,11,11,11,0.9472,0.9577,0.9874,0.9399,0.0261
6,0,0,0,0.8836,0.8930,0.9470,0.8545,0.0289
6,0,0,1,0.1969,0.2981,0.9264,0.0750,0.0655
6,0,0,2,0.8862,0.9094,0.9931,0.8579,0.0239
6,0,0,3,0.2423,0.3292,0.9384,0.1145,0.0470
6,0,0,4,0.5093,0.4998,0.9780,0.3952,0.0102
6,0,0,5,0.2809,0.3376,0.9255,0.1608,0.0459
6,0,0,6,0.7749,0.8041,0.9355,0.7141,0.0304
6,0,0,7,0.7377,0.7446,0.9871,0.6679,0.0286
6,0,0,8,0.7017,0.8158,0.9934,0.6259,0.0190
6,0,0,9,0.8748,0.8864,0.9873,0.8431,0.0338
6,0,0,10,0.8141,0.8259,0.9753,0.7650,0.0272
6,0,0,11,0.8591,0.8674,0.9664,0.8232,0.0338
6,0,1,0,0.7737,0.7531,0.9844,0.7185,0.0180
6,0,1,1,0.8658,0.8606,0.9885,0.8325,0.0245
6,0,1,2,0.8271,0.8325,0.9849,0.7833,0.0302
6,0,1,3,0.8644,0.8429,0.9823,0.8301,0.0281
6,0,1,4,0.8675,0.8628,0.9938,0.8362,0.0252
6,0,1,5,0.8481,0.8530,0.9831,0.8139,0.0144
6,0,1,6,0.8126,0.8500,0.9901,0.7705,0.0143
6,0,1,7,0.8879,0.8921,0.9975,0.8606,0.0287
6,0,1,8,0.8486,0.8479,0.9795,0.8156,0.0218
6,0,1,9,0.8337,0.8378,0.9672,0.8009,0.0256
6,0,1,10,0.4428,0.6521,0.9683,0.2892,0.0349
6,0,1,11,0.4012,0.3838,0.9383,0.2903,0.0340
6,0,2,0,0.8066,0.8356,0.9864,0.7570,0.0190
6,0,2,1,0.8615,0.8531,0.9799,0.8365,0.0363
6,0,2,2,0.6068,0.6414,0.9729,0.5232,0.0134
6,0,2,3,0.7798,0.7632,0.9756,0.7266,0.0150
6,0,2,4,0.8249,0.8488,0.9665,0.7864,0.0108
6,0,2,5,0.7818,0.8010,0.9890,0.7267,0.0180
6,0,2,6,0.8308,0.8166,0.9641,0.8001,0.0345
6,0,2,7,0.7834,0.7768,0.9592,0.7245,0.0352
6,0,2,8,0.8049,0.8791,0.9953,0.7593,0.0097
6,0,2,9,0.6330,0.7058,0.9940,0.5397,0.0155
6,0,2,10,0.8683,0.8536,0.9792,0.8349,0.0303
6,0,2,11,0.8503,0.8261,0.9751,0.8219,0.0344
6,0,3,0,0.7927,0.7582,0.9452,0.7681,0.0624
6,0,3,1,0.8462,0.8553,0.9663,0.8171,0.0251
6,0,3,2,0.6641,0.6589,0.9794,0.5891,0.0094
6,0,3,3,0.7952,0.7970,0.9593,0.7573,0.0290
6,0,3,4,0.7956,0.7665,0.9482,0.7708,0.0622
6,0,3,5,0.8800,0.8820,0.9950,0.8539,0.0206
6,0,3,6,0.7724,0.8022,0.9759,0.7119,0.0273
6,0,3,7,0.7017,0.6871,0.9892,0.6320,0.0123
6,0,3,8,0.7440,0.7709,0.9585,0.6891,0.0144
6,0,3,9,0.7882,0.8941,0.9648,0.7436,0.0171
6,0,3,10,0.8311,0.8160,0.9626,0.7990,0.0272
6,0,3,11,0.8001,0.8099,0.9857,0.7523,0.0110
6,0,4,0,0.8388,0.8899,0.9578,0.8056,0.0163
6,0,4,1,0.7948,0.8049,0.9678,0.7531,0.0178
6,0,4,2,0.8253,0.7939,0.9591,0.8007,0.0509
6,0,4,3,0.8309,0.8241,0.9696,0.7905,0.0115
6,0,4,4,0.8449,0.8273,0.9652,0.8202,0.0408
6,0,4,5,0.8654,0.8482,0.9650,0.8412,0.0296
6,0,4,6,0.8885,0.8975,0.9950,0.8619,0.0192
6,0,4,7,0.5918,0.5911,0.9836,0.4993,0.0113
6,0,4,8,0.8308,0.8051,0.9606,0.8035,0.0432
6,0,4,9,0.9154,0.9248,0.9902,0.8966,0.0122
6,0,4,10,0.8013,0.7710,0.9547,0.7753,0.0576
6,0,4,11,0.4102,0.4460,0.9128,0.3252,0.0665
6,0,5,0,0.7958,0.7578,0.9448,0.7716,0.0631
6,0,5,1,0.7883,0.7440,0.9415,0.7653,0.0665
6,0,5,2,0.8687,0.8701,0.9830,0.8409,0.0122
6,0,5,3,0.9454,0.9447,0.9990,0.9324,0.0114
6,0,5,4,0.8738,0.8490,0.9874,0.8447,0.0091
6,0,5,5,0.7998,0.7640,0.9463,0.7759,0.0618
6,0,5,6,0.8051,0.7863,0.9506,0.7776,0.0506
6,0,5,7,0.8136,0.8135,0.9621,0.7798,0.0287
6,0,5,8,0.8190,0.8099,0.9600,0.7924,0.0475
6,0,5,9,0.8111,0.7780,0.9538,0.7859,0.0559
6,0,5,10,0.8774,0.8545,0.9870,0.8515,0.0185
6,0,5,11,0.8181,0.7944,0.9553,0.7883,0.0399
6,0,6,0,1.0000,1.0000,1.0000,1.0000,0.0000
6,0,6,1,0.8177,0.8125,0.9654,0.7904,0.0459
6,0,6,2,0.8375,0.8118,0.9631,0.8132,0.0471
6,0,6,3,0.8703,0.8631,0.9778,0.8463,0.0296
6,0,6,4,0.8642,0.8630,0.9965,0.8337,0.0159
6,0,6,5,0.8380,0.8185,0.9682,0.8088,0.0348
6,0,6,6,0.8201,0.7882,0.9544,0.7943,0.0497
6,0,6,7,0.8547,0.8428,0.9895,0.8193,0.0161
6,0,6,8,0.8571,0.8506,0.9885,0.8268,0.0161
6,0,6,9,0.7891,0.7461,0.9425,0.7659,0.0664
6,0,6,10,0.7966,0.7574,0.9453,0.7722,0.0628
6,0,6,11,0.8731,0.8607,0.9766,0.8484,0.0240
6,0,7,0,0.8459,0.8364,0.9735,0.8184,0.0312
6,0,7,1,0.7846,0.7806,0.9544,0.7532,0.0489
6,0,7,2,0.7889,0.7452,0.9421,0.7657,0.0665
6,0,7,3,0.8854,0.8915,0.9956,0.8599,0.0178
6,0,7,4,0.8367,0.8623,0.9620,0.8079,0.0275
6,0,7,5,0.8526,0.8495,0.9714,0.8267,0.0340
6,0,7,6,0.8072,0.7863,0.9621,0.7780,0.0475
6,0,7,7,0.8086,0.7791,0.9508,0.7848,0.0590
6,0,7,8,0.9302,0.9285,0.9902,0.9161,0.0197
6,0,7,9,0.8465,0.8452,0.9765,0.8197,0.0342
6,0,7,10,0.7990,0.7640,0.9454,0.7752,0.0624
6,0,7,11,0.7965,0.7589,0.9468,0.7723,0.0634
6,0,8,0,0.8232,0.7898,0.9582,0.7981,0.0508
6,0,8,1,0.8026,0.7689,0.9452,0.7795,0.0623
6,0,8,2,0.8404,0.8458,0.9787,0.8099,0.0308
6,0,8,3,0.8182,0.8103,0.9696,0.7908,0.0458
6,0,8,4,0.8388,0.8759,0.9658,0.8107,0.0300
6,0,8,5,0.9171,0.9336,0.9955,0.8977,0.0135
6,0,8,6,0.7988,0.7837,0.9583,0.7699,0.0508
6,0,8,7,0.7876,0.8414,0.9640,0.7485,0.0273
6,0,8,8,0.8780,0.8800,0.9871,0.8510,0.0160
6,0,8,9,0.8735,0.8648,0.9877,0.8477,0.0220
6,0,8,10,0.8504,0.8398,0.9806,0.8227,0.0306
6,0,8,11,0.8166,0.8040,0.9692,0.7896,0.0483
6,0,9,0,0.8534,0.8448,0.9782,0.8276,0.0311
6,0,9,1,0.7932,0.7544,0.9440,0.7690,0.0636
6,0,9,2,0.8530,0.8422,0.9815,0.8259,0.0253
6,0,9,3,0.8458,0.8696,0.9843,0.8129,0.0160
6,0,9,4,0.8008,0.7723,0.9528,0.7752,0.0569
6,0,9,5,0.8300,0.8084,0.9702,0.8040,0.0459
6,0,9,6,0.7951,0.7595,0.9480,0.7709,0.0635
6,0,9,7,0.8406,0.8333,0.9733,0.8141,0.0374
6,0,9,8,0.8243,0.8054,0.9725,0.7978,0.0449
6,0,9,9,0.7912,0.7511,0.9445,0.7674,0.0655
6,0,9,10,0.8224,0.8591,0.9608,0.7888,0.0207
6,0,9,11,0.7928,0.7503,0.9441,0.7695,0.0660
6,0,10,0,0.8498,0.8399,0.9789,0.8249,0.0356
6,0,10,1,0.7996,0.7679,0.9488,0.7754,0.0619
6,0,10,2,0.7978,0.7606,0.9482,0.7739,0.0636
6,0,10,3,0.8058,0.7868,0.9602,0.7781,0.0514
6,0,10,4,0.8236,0.7934,0.9622,0.7987,0.0505
6,0,10,5,0.7751,0.8702,0.9563,0.7355,0.0296
6,0,10,6,0.8030,0.7712,0.9546,0.7782,0.0586
6,0,10,7,0.8361,0.8153,0.9714,0.8107,0.0429
6,0,10,8,0.7924,0.7546,0.9459,0.7683,0.0645
6,0,10,9,0.7962,0.8581,0.9758,0.7567,0.0209
6,0,10,10,0.7966,0.7576,0.9474,0.7725,0.0634
6,0,10,11,0.8322,0.8119,0.9596,0.8074,0.0443
6,0,11,0,0.8399,0.8680,0.9002,0.7985,0.0353
6,0,11,1,0.8178,0.7888,0.9577,0.7924,0.0533
6,0,11,2,0.8076,0.7774,0.9567,0.7821,0.0563
6,0,11,3,0.8697,0.8774,0.9920,0.8425,0.0185
6,0,11,4,0.8308,0.8104,0.9711,0.8034,0.0449
6,0,11,5,0.8026,0.7811,0.9588,0.7752,0.0535
6,0,11,6,0.7994,0.7623,0.9496,0.7747,0.0618
6,0,11,7,0.8269,0.8088,0.9638,0.8009,0.0458
6,0,11,8,0.4241,0.6253,0.9596,0.2901,0.0119
6,0,11,9,0.7958,0.7584,0.9472,0.7713,0.0632
6,0,11,10,0.8570,0.8643,0.9881,0.8274,0.0195
6,0,11,11,0.8703,0.8569,0.9857,0.8431,0.0182
6,1,0,0,0.8016,0.7904,0.8405,0.7751,0.0680
6,1,0,1,0.1344,0.2095,0.9600,0.0332,0.0195
6,1,0,2,0.8855,0.8841,0.9371,0.8739,0.0582
6,1,0,3,0.1693,0.2344,0.9607,0.0618,0.0108
6,1,0,4,0.4200,0.3835,0.9612,0.3203,0.0457
6,1,0,5,0.2189,0.2443,0.9563,0.1185,0.0110
6,1,0,6,0.6611,0.6592,0.8273,0.6019,0.0719
6,1,0,7,0.6222,0.6281,0.9279,0.5545,0.0722
6,1,0,8,0.6666,0.7026,0.9511,0.6097,0.0576
6,1,0,9,0.8550,0.8517,0.9240,0.8396,0.0674
6,1,0,10,0.8003,0.7698,0.9036,0.7740,0.0699
6,1,0,11,0.8369,0.8162,0.8756,0.8205,0.0716
6,1,1,0,0.6583,0.6637,0.9772,0.6006,0.0552
6,1,1,1,0.8695,0.8636,0.9729,0.8539,0.0584
6,1,1,2,0.8211,0.8219,0.9647,0.7964,0.0643
6,1,1,3,0.9174,0.8836,0.9088,0.9139,0.0546
6,1,1,4,0.9480,0.9455,0.9739,0.9451,0.0438
6,1,1,5,0.9274,0.9208,0.9874,0.9193,0.0396
6,1,1,6,0.8719,0.8403,0.9890,0.8540,0.0379
6,1,1,7,0.9160,0.9166,0.9657,0.9087,0.0497
6,1,1,8,0.9530,0.9585,0.9929,0.9486,0.0338
6,1,1,9,0.9600,0.9670,0.9952,0.9553,0.0240
6,1,1,10,0.2239,0.5540,0.8978,0.0644,0.0742
6,1,1,11,0.3550,0.3004,0.9612,0.2635,0.0159
6,1,2,0,0.7639,0.7323,0.9346,0.7274,0.0628
6,1,2,1,0.9807,0.9797,0.9977,0.9785,0.0148
6,1,2,2,0.4319,0.4801,0.9803,0.3412,0.0357
6,1,2,3,0.6890,0.7029,0.9804,0.6375,0.0530
6,1,2,4,0.8637,0.8802,0.9910,0.8442,0.0415
6,1,2,5,0.6505,0.6740,0.9599,0.5903,0.0600
6,1,2,6,0.9681,0.9759,0.9975,0.9640,0.0169
6,1,2,7,0.6937,0.6954,0.8699,0.6427,0.0769
6,1,2,8,0.6032,0.6732,0.9768,0.5367,0.0475
6,1,2,9,0.4527,0.5631,0.9423,0.3519,0.0556
6,1,2,10,0.8425,0.8225,0.9158,0.8245,0.0683
6,1,2,11,0.9819,0.9820,0.9978,0.9803,0.0207
6,1,3,0,0.9827,0.9802,0.9970,0.9813,0.0165
6,1,3,1,0.9564,0.9571,0.9958,0.9508,0.0219
6,1,3,2,0.4696,0.5021,0.9803,0.3817,0.0428
6,1,3,3,0.8947,0.8900,0.9922,0.8798,0.0232
6,1,3,4,0.9848,0.9819,0.9977,0.9835,0.0163
6,1,3,5,0.9451,0.9565,0.9784,0.9393,0.0337
6,1,3,6,0.6426,0.6764,0.8969,0.5794,0.0698
6,1,3,7,0.6612,0.6341,0.9797,0.6053,0.0488
6,1,3,8,0.6006,0.6166,0.9789,0.5371,0.0394
6,1,3,9,0.7864,0.7972,0.9816,0.7540,0.0359
6,1,3,10,0.9667,0.9683,0.9956,0.9627,0.0198
6,1,3,11,0.8036,0.7735,0.9721,0.7740,0.0512
6,1,4,0,0.7313,0.7456,0.9817,0.6902,0.0310
6,1,4,1,0.8816,0.8519,0.9909,0.8647,0.0294
6,1,4,2,0.9860,0.9851,0.9992,0.9842,0.0084
6,1,4,3,0.7179,0.7188,0.9168,0.6721,0.0501
6,1,4,4,0.9790,0.9831,0.9995,0.9762,0.0062
6,1,4,5,0.9516,0.9594,0.9979,0.9451,0.0173
6,1,4,6,0.9170,0.9275,0.9761,0.9086,0.0472
6,1,4,7,0.5440,0.5316,0.9645,0.4684,0.0417
6,1,4,8,0.9850,0.9865,0.9989,0.9830,0.0080
6,1,4,9,0.8501,0.8325,0.9880,0.8283,0.0392
6,1,4,10,0.9857,0.9830,0.9991,0.9841,0.0117
6,1,4,11,0.2268,0.3252,0.9578,0.1378,0.0206
6,1,5,0,0.9844,0.9793,0.9968,0.9831,0.0172
6,1,5,1,0.9831,0.9760,0.9960,0.9821,0.0206
6,1,5,2,0.8909,0.8828,0.9906,0.8757,0.0376
6,1,5,3,0.9071,0.9038,0.9688,0.8971,0.0502
6,1,5,4,0.9113,0.8827,0.9840,0.9008,0.0442
6,1,5,5,0.9889,0.9854,0.9974,0.9881,0.0159
6,1,5,6,0.9766,0.9808,0.9976,0.9736,0.0063
6,1,5,7,0.9423,0.9338,0.9970,0.9344,0.0185
6,1,5,8,0.9917,0.9914,0.9990,0.9906,0.0039
6,1,5,9,0.9857,0.9835,0.9987,0.9840,0.0102
6,1,5,10,0.9033,0.8904,0.9900,0.8901,0.0337
6,1,5,11,0.9779,0.9717,0.9969,0.9750,0.0102
6,1,6,0,0.8177,0.8125,0.9654,0.7904,0.0459
6,1,6,1,1.0000,1.0000,1.0000,1.0000,0.0000
6,1,6,2,0.9816,0.9861,0.9996,0.9791,0.0075
6,1,6,3,0.9665,0.9701,0.9971,0.9624,0.0207
6,1,6,4,0.9459,0.9477,0.9810,0.9410,0.0358
6,1,6,5,0.9821,0.9842,0.9985,0.9801,0.0143
6,1,6,6,0.9878,0.9851,0.9988,0.9863,0.0067
6,1,6,7,0.8839,0.8655,0.9590,0.8702,0.0508
6,1,6,8,0.9307,0.9079,0.9922,0.9220,0.0345
6,1,6,9,0.9835,0.9766,0.9963,0.9825,0.0205
6,1,6,10,0.9857,0.9805,0.9969,0.9845,0.0169
6,1,6,11,0.9653,0.9693,0.9977,0.9614,0.0232
6,1,7,0,0.9086,0.9298,0.9978,0.8957,0.0205
6,1,7,1,0.9821,0.9872,0.9987,0.9799,0.0062
6,1,7,2,0.9835,0.9766,0.9962,0.9826,0.0206
6,1,7,3,0.9569,0.9520,0.9815,0.9536,0.0354
6,1,7,4,0.9370,0.9308,0.9945,0.9283,0.0192
6,1,7,5,0.9684,0.9826,0.9988,0.9643,0.0140
6,1,7,6,0.9872,0.9869,0.9997,0.9854,0.0060
6,1,7,7,0.9928,0.9902,0.9982,0.9923,0.0131
6,1,7,8,0.9310,0.9223,0.9897,0.9222,0.0286
6,1,7,9,0.9801,0.9810,0.9984,0.9777,0.0132
6,1,7,10,0.9910,0.9878,0.9971,0.9905,0.0165
6,1,7,11,0.9863,0.9805,0.9973,0.9852,0.0174
6,1,8,0,0.9848,0.9851,0.9993,0.9829,0.0077
6,1,8,1,0.9920,0.9892,0.9969,0.9916,0.0164
6,1,8,2,0.9687,0.9778,0.9952,0.9650,0.0209
6,1,8,3,0.9966,0.9956,0.9997,0.9961,0.0033
6,1,8,4,0.9423,0.9624,0.9982,0.9344,0.0167
6,1,8,5,0.8574,0.8724,0.9747,0.8374,0.0476
6,1,8,6,0.9885,0.9880,0.9993,0.9871,0.0049
6,1,8,7,0.8199,0.8607,0.9900,0.7940,0.0210
6,1,8,8,0.9267,0.9255,0.9889,0.9181,0.0378
6,1,8,9,0.9697,0.9768,0.9919,0.9671,0.0265
6,1,8,10,0.9840,0.9837,0.9969,0.9824,0.0182
6,1,8,11,0.9875,0.9853,0.9987,0.9859,0.0066
6,1,9,0,0.9180,0.9139,0.9709,0.9065,0.0195
6,1,9,1,0.9855,0.9797,0.9967,0.9844,0.0177
6,1,9,2,0.9569,0.9550,0.9876,0.9513,0.0224
6,1,9,3,0.9079,0.9250,0.9918,0.8955,0.0341
6,1,9,4,0.9888,0.9867,0.9988,0.9877,0.0110
6,1,9,5,0.9880,0.9875,0.9989,0.9864,0.0071
6,1,9,6,0.9868,0.9817,0.9977,0.9858,0.0176
6,1,9,7,0.9884,0.9909,0.9991,0.9870,0.0098
6,1,9,8,0.9798,0.9781,0.9960,0.9771,0.0066
6,1,9,9,0.9847,0.9787,0.9969,0.9837,0.0195
6,1,9,10,0.9115,0.9274,0.9931,0.8991,0.0257
6,1,9,11,0.9843,0.9779,0.9967,0.9833,0.0201
6,1,10,0,0.9754,0.9788,0.9913,0.9721,0.0112
6,1,10,1,0.9897,0.9861,0.9978,0.9890,0.0160
6,1,10,2,0.9853,0.9805,0.9977,0.9841,0.0177
6,1,10,3,0.9878,0.9862,0.9996,0.9863,0.0058
6,1,10,4,0.9823,0.9833,0.9994,0.9800,0.0062
6,1,10,5,0.8924,0.9143,0.9933,0.8774,0.0194
6,1,10,6,0.9873,0.9831,0.9989,0.9861,0.0127
6,1,10,7,0.9867,0.9869,0.9973,0.9849,0.0083
6,1,10,8,0.9857,0.9796,0.9972,0.9847,0.0186
6,1,10,9,0.9207,0.9260,0.9958,0.9098,0.0253
6,1,10,10,0.9854,0.9799,0.9975,0.9842,0.0174
6,1,10,11,0.9800,0.9846,0.9992,0.9773,0.0058
6,1,11,0,0.7518,0.7294,0.7647,0.7163,0.0791
6,1,11,1,0.9903,0.9890,0.9992,0.9891,0.0089
6,1,11,2,0.9890,0.9856,0.9991,0.9878,0.0109
6,1,11,3,0.9512,0.9650,0.9883,0.9458,0.0303
6,1,11,4,0.9882,0.9857,0.9995,0.9867,0.0110
6,1,11,5,0.9892,0.9866,0.9995,0.9880,0.0081
6,1,11,6,0.9871,0.9822,0.9979,0.9860,0.0159
6,1,11,7,0.9928,0.9919,0.9996,0.9919,0.0046
6,1,11,8,0.1923,0.5130,0.9433,0.0513,0.0481
6,1,11,9,0.9871,0.9816,0.9974,0.9860,0.0173
6,1,11,10,0.9549,0.9664,0.9929,0.9499,0.0295
6,1,11,11,0.9493,0.9613,0.9922,0.9437,0.0316
6,2,0,0,0.8154,0.7804,0.8331,0.7910,0.0678
6,2,0,1,0.1457,0.1977,0.9635,0.0447,0.0197
6,2,0,2,0.9051,0.8881,0.9336,0.8968,0.0581
6,2,0,3,0.1743,0.2206,0.9641,0.0661,0.0159
6,2,0,4,0.4177,0.3621,0.9625,0.3161,0.0455
6,2,0,5,0.2281,0.2326,0.9596,0.1277,0.0169
6,2,0,6,0.6548,0.6368,0.8194,0.5925,0.0718
6,2,0,7,0.6356,0.6168,0.9258,0.5695,0.0720
6,2,0,8,0.6886,0.6989,0.9492,0.6351,0.0575
6,2,0,9,0.8677,0.8518,0.9206,0.8542,0.0673
6,2,0,10,0.8173,0.7689,0.9002,0.7939,0.0698
6,2,0,11,0.8497,0.8158,0.8706,0.8352,0.0715
6,2,1,0,0.6783,0.6677,0.9779,0.6234,0.0551
6,2,1,1,0.8850,0.8672,0.9725,0.8716,0.0582
6,2,1,2,0.8424,0.8264,0.9645,0.8212,0.0641
6,2,1,3,0.9229,0.8796,0.9030,0.9197,0.0544
6,2,1,4,0.9580,0.9469,0.9716,0.9564,0.0429
6,2,1,5,0.9479,0.9266,0.9870,0.9430,0.0395
6,2,1,6,0.8539,0.8167,0.9876,0.8322,0.0378
6,2,1,7,0.9348,0.9237,0.9636,0.9304,0.0496
6,2,1,8,0.9669,0.9661,0.9935,0.9644,0.0337
6,2,1,9,0.9730,0.9724,0.9967,0.9701,0.0239
6,2,1,10,0.2204,0.5445,0.8931,0.0579,0.0741
6,2,1,11,0.3620,0.2881,0.9644,0.2703,0.0194
6,2,2,0,0.7619,0.7210,0.9317,0.7238,0.0627
6,2,2,1,0.9919,0.9897,0.9973,0.9913,0.0142
6,2,2,2,0.4424,0.4701,0.9823,0.3522,0.0374
6,2,2,3,0.7253,0.7050,0.9818,0.6798,0.0529
6,2,2,4,0.8548,0.8715,0.9924,0.8332,0.0421
6,2,2,5,0.6800,0.6723,0.9594,0.6247,0.0598
6,2,2,6,0.9823,0.9869,0.9985,0.9802,0.0163
6,2,2,7,0.7131,0.6885,0.8658,0.6655,0.0767
6,2,2,8,0.6217,0.6716,0.9756,0.5574,0.0474
6,2,2,9,0.4504,0.5413,0.9381,0.3475,0.0555
6,2,2,10,0.8569,0.8214,0.9123,0.8410,0.0682
6,2,2,11,0.9918,0.9896,0.9978,0.9914,0.0174
6,2,3,0,0.9898,0.9902,0.9981,0.9893,0.0167
6,2,3,1,0.9666,0.9601,0.9973,0.9623,0.0228
6,2,3,2,0.4868,0.4905,0.9822,0.4007,0.0439
6,2,3,3,0.8795,0.8799,0.9931,0.8620,0.0268
6,2,3,4,0.9915,0.9920,0.9986,0.9912,0.0164
6,2,3,5,0.9665,0.9627,0.9751,0.9640,0.0336
6,2,3,6,0.6405,0.6586,0.8919,0.5753,0.0697
6,2,3,7,0.6474,0.5997,0.9791,0.5879,0.0500
6,2,3,8,0.6326,0.6137,0.9815,0.5735,0.0411
6,2,3,9,0.7814,0.7932,0.9829,0.7476,0.0384
6,2,3,10,0.9803,0.9751,0.9967,0.9781,0.0205
6,2,3,11,0.8095,0.7580,0.9714,0.7802,0.0510
6,2,4,0,0.7363,0.7446,0.9840,0.6952,0.0342
6,2,4,1,0.8869,0.8428,0.9913,0.8704,0.0319
6,2,4,2,0.9962,0.9953,0.9998,0.9958,0.0064
6,2,4,3,0.7286,0.6923,0.9079,0.6838,0.0500
6,2,4,4,0.9890,0.9870,0.9995,0.9875,0.0097
6,2,4,5,0.9656,0.9571,0.9985,0.9610,0.0185
6,2,4,6,0.9332,0.9323,0.9741,0.9273,0.0471
6,2,4,7,0.5679,0.5252,0.9661,0.4953,0.0432
6,2,4,8,0.9941,0.9953,0.9995,0.9934,0.0058
6,2,4,9,0.8595,0.8262,0.9867,0.8388,0.0391
6,2,4,10,0.9925,0.9904,0.9994,0.9919,0.0118
6,2,4,11,0.2320,0.3176,0.9616,0.1426,0.0207
6,2,5,0,0.9902,0.9900,0.9979,0.9898,0.0173
6,2,5,1,0.9890,0.9873,0.9973,0.9890,0.0207
6,2,5,2,0.8732,0.8531,0.9900,0.8546,0.0391
6,2,5,3,0.9180,0.9036,0.9661,0.9094,0.0501
6,2,5,4,0.9051,0.8701,0.9832,0.8929,0.0454
6,2,5,5,0.9911,0.9914,0.9983,0.9907,0.0160
6,2,5,6,0.9850,0.9873,0.9986,0.9832,0.0088
6,2,5,7,0.9112,0.9027,0.9977,0.8985,0.0220
6,2,5,8,0.9863,0.9910,0.9998,0.9845,0.0054
6,2,5,9,0.9941,0.9941,0.9994,0.9936,0.0101
6,2,5,10,0.9209,0.8821,0.9879,0.9102,0.0336
6,2,5,11,0.9776,0.9684,0.9979,0.9745,0.0130
6,2,6,0,0.8375,0.8118,0.9631,0.8132,0.0471
6,2,6,1,0.9816,0.9861,0.9996,0.9791,0.0075
6,2,6,2,1.0000,1.0000,1.0000,1.0000,0.0000
6,2,6,3,0.9775,0.9786,0.9971,0.9749,0.0206
6,2,6,4,0.9546,0.9475,0.9784,0.9508,0.0357
6,2,6,5,0.9898,0.9896,0.9988,0.9887,0.0134
6,2,6,6,0.9931,0.9918,0.9993,0.9922,0.0079
6,2,6,7,0.8849,0.8520,0.9560,0.8706,0.0506
6,2,6,8,0.9126,0.8889,0.9904,0.9005,0.0354
6,2,6,9,0.9892,0.9876,0.9975,0.9891,0.0206
6,2,6,10,0.9932,0.9917,0.9981,0.9930,0.0171
6,2,6,11,0.9726,0.9754,0.9974,0.9696,0.0231
6,2,7,0,0.9188,0.9367,0.9980,0.9072,0.0240
6,2,7,1,0.9850,0.9867,0.9993,0.9831,0.0084
6,2,7,2,0.9891,0.9875,0.9974,0.9890,0.0207
6,2,7,3,0.9489,0.9442,0.9791,0.9438,0.0353
6,2,7,4,0.9382,0.9360,0.9956,0.9294,0.0222
6,2,7,5,0.9903,0.9887,0.9993,0.9893,0.0131
6,2,7,6,0.9918,0.9926,0.9999,0.9907,0.0056
6,2,7,7,0.9916,0.9933,0.9989,0.9910,0.0132
6,2,7,8,0.9185,0.9075,0.9883,0.9072,0.0285
6,2,7,9,0.9851,0.9852,0.9974,0.9833,0.0129
6,2,7,10,0.9896,0.9910,0.9981,0.9890,0.0167
6,2,7,11,0.9907,0.9902,0.9983,0.9904,0.0176
6,2,8,0,0.9947,0.9948,0.9998,0.9940,0.0060
6,2,8,1,0.9889,0.9907,0.9980,0.9883,0.0165
6,2,8,2,0.9826,0.9817,0.9957,0.9809,0.0202
6,2,8,3,0.9861,0.9891,0.9994,0.9843,0.0066
6,2,8,4,0.9609,0.9652,0.9988,0.9555,0.0202
6,2,8,5,0.8855,0.8840,0.9732,0.8700,0.0475
6,2,8,6,0.9893,0.9925,0.9997,0.9880,0.0076
6,2,8,7,0.8230,0.8610,0.9917,0.7972,0.0245
6,2,8,8,0.9170,0.9082,0.9876,0.9062,0.0376
6,2,8,9,0.9734,0.9741,0.9899,0.9711,0.0261
6,2,8,10,0.9871,0.9870,0.9955,0.9859,0.0165
6,2,8,11,0.9897,0.9904,0.9979,0.9883,0.0067
6,2,9,0,0.9309,0.9178,0.9651,0.9211,0.0236
6,2,9,1,0.9922,0.9909,0.9978,0.9920,0.0178
6,2,9,2,0.9531,0.9416,0.9838,0.9467,0.0241
6,2,9,3,0.9173,0.9264,0.9917,0.9061,0.0353
6,2,9,4,0.9920,0.9929,0.9992,0.9914,0.0130
6,2,9,5,0.9916,0.9927,0.9977,0.9905,0.0075
6,2,9,6,0.9910,0.9910,0.9986,0.9906,0.0177
6,2,9,7,0.9873,0.9887,0.9986,0.9856,0.0100
6,2,9,8,0.9856,0.9842,0.9942,0.9836,0.0083
6,2,9,9,0.9907,0.9894,0.9979,0.9905,0.0197
6,2,9,10,0.9340,0.9255,0.9943,0.9247,0.0290
6,2,9,11,0.9901,0.9888,0.9978,0.9899,0.0202
6,2,10,0,0.9806,0.9811,0.9885,0.9779,0.0144
6,2,10,1,0.9923,0.9930,0.9986,0.9920,0.0161
6,2,10,2,0.9917,0.9910,0.9986,0.9914,0.0178
6,2,10,3,0.9931,0.9948,0.9998,0.9923,0.0064
6,2,10,4,0.9922,0.9929,0.9994,0.9912,0.0066
6,2,10,5,0.9152,0.9118,0.9942,0.9031,0.0251
6,2,10,6,0.9923,0.9924,0.9991,0.9918,0.0129
6,2,10,7,0.9901,0.9912,0.9955,0.9887,0.0094
6,2,10,8,0.9899,0.9891,0.9982,0.9895,0.0188
6,2,10,9,0.9209,0.9188,0.9949,0.9096,0.0278
6,2,10,10,0.9915,0.9905,0.9984,0.9912,0.0176
6,2,10,11,0.9786,0.9859,0.9997,0.9758,0.0085
6,2,11,0,0.7713,0.7207,0.7560,0.7394,0.0790
6,2,11,1,0.9951,0.9960,0.9998,0.9945,0.0080
6,2,11,2,0.9930,0.9938,0.9995,0.9924,0.0108
6,2,11,3,0.9559,0.9666,0.9860,0.9509,0.0302
6,2,11,4,0.9933,0.9941,0.9992,0.9924,0.0059
6,2,11,5,0.9927,0.9937,0.9996,0.9919,0.0083
6,2,11,6,0.9928,0.9921,0.9988,0.9924,0.0160
6,2,11,7,0.9931,0.9947,0.9999,0.9922,0.0050
6,2,11,8,0.2007,0.4918,0.9429,0.0593,0.0480
6,2,11,9,0.9915,0.9910,0.9984,0.9912,0.0174
6,2,11,10,0.9527,0.9678,0.9913,0.9471,0.0294
6,2,11,11,0.9560,0.9582,0.9909,0.9511,0.0315
6,3,0,0,0.8550,0.8408,0.8655,0.8301,0.0472
6,3,0,1,0.1588,0.2320,0.9690,0.0480,0.0403
6,3,0,2,0.9252,0.9324,0.9552,0.9144,0.0375
6,3,0,3,0.1947,0.2587,0.9722,0.0769,0.0244
6,3,0,4,0.4631,0.4245,0.9790,0.3570,0.0270
6,3,0,5,0.2393,0.2709,0.9666,0.1290,0.0241
6,3,0,6,0.7101,0.7068,0.8521,0.6482,0.0512
6,3,0,7,0.6946,0.6859,0.9481,0.6297,0.0514
6,3,0,8,0.7197,0.7632,0.9692,0.6623,0.0369
6,3,0,9,0.9096,0.9035,0.9443,0.8973,0.0467
6,3,0,10,0.8564,0.8207,0.9290,0.8322,0.0492
6,3,0,11,0.8939,0.8692,0.9017,0.8804,0.0509
6,3,1,0,0.7343,0.7360,0.9896,0.6813,0.0345
6,3,1,1,0.9180,0.9177,0.9858,0.9049,0.0376
6,3,1,2,0.8889,0.8831,0.9805,0.8700,0.0436
6,3,1,3,0.9212,0.8847,0.9271,0.9103,0.0367
6,3,1,4,0.9739,0.9678,0.9835,0.9711,0.0244
6,3,1,5,0.9502,0.9482,0.9956,0.9418,0.0194
6,3,1,6,0.8727,0.8696,0.9956,0.8493,0.0182
6,3,1,7,0.9595,0.9599,0.9788,0.9549,0.0298
6,3,1,8,0.9764,0.9808,0.9986,0.9727,0.0139
6,3,1,9,0.9747,0.9814,0.9982,0.9703,0.0083
6,3,1,10,0.2776,0.5948,0.9236,0.1082,0.0548
6,3,1,11,0.3745,0.3267,0.9730,0.2739,0.0190
6,3,2,0,0.8027,0.7785,0.9557,0.7640,0.0421
6,3,2,1,0.9824,0.9855,0.9990,0.9794,0.0093
6,3,2,2,0.4833,0.5309,0.9916,0.3889,0.0226
6,3,2,3,0.7606,0.7705,0.9916,0.7135,0.0331
6,3,2,4,0.8741,0.9048,0.9966,0.8510,0.0260
6,3,2,5,0.7293,0.7370,0.9741,0.6741,0.0411
6,3,2,6,0.9782,0.9813,0.9982,0.9747,0.0096
6,3,2,7,0.7690,0.7519,0.8947,0.7229,0.0561
6,3,2,8,0.6752,0.7314,0.9885,0.6115,0.0294
6,3,2,9,0.5089,0.6092,0.9584,0.4041,0.0357
6,3,2,10,0.8986,0.8772,0.9351,0.8838,0.0476
6,3,2,11,0.9765,0.9776,0.9993,0.9725,0.0118
6,3,3,0,0.9496,0.9502,0.9917,0.9458,0.0373
6,3,3,1,0.9611,0.9739,0.9980,0.9545,0.0125
6,3,3,2,0.5333,0.5562,0.9920,0.4444,0.0273
6,3,3,3,0.8580,0.8872,0.9955,0.8343,0.0206
6,3,3,4,0.9542,0.9539,0.9924,0.9508,0.0370
6,3,3,5,0.9801,0.9767,0.9838,0.9771,0.0130
6,3,3,6,0.6984,0.7275,0.9194,0.6342,0.0491
6,3,3,7,0.6904,0.6510,0.9917,0.6299,0.0328
6,3,3,8,0.6592,0.6725,0.9887,0.5965,0.0286
6,3,3,9,0.7829,0.8455,0.9906,0.7435,0.0257
6,3,3,10,0.9673,0.9685,0.9972,0.9617,0.0148
6,3,3,11,0.8412,0.8033,0.9865,0.8111,0.0331
6,3,4,0,0.7554,0.7923,0.9901,0.7115,0.0223
6,3,4,1,0.8660,0.8665,0.9964,0.8424,0.0202
6,3,4,2,0.9684,0.9671,0.9961,0.9650,0.0262
6,3,4,3,0.7395,0.7219,0.9281,0.6882,0.0325
6,3,4,4,0.9604,0.9683,0.9979,0.9546,0.0177
6,3,4,5,0.9596,0.9606,0.9981,0.9529,0.0102
6,3,4,6,0.9606,0.9637,0.9853,0.9552,0.0265
6,3,4,7,0.5941,0.5711,0.9816,0.5162,0.0289
6,3,4,8,0.9803,0.9797,0.9973,0.9777,0.0161
6,3,4,9,0.9059,0.8806,0.9957,0.8889,0.0222
6,3,4,10,0.9583,0.9547,0.9941,0.9545,0.0324
6,3,4,11,0.2731,0.3695,0.9648,0.1793,0.0413
6,3,5,0,0.9517,0.9496,0.9915,0.9482,0.0379
6,3,5,1,0.9483,0.9437,0.9900,0.9454,0.0413
6,3,5,2,0.9117,0.8893,0.9976,0.8958,0.0253
6,3,5,3,0.9429,0.9401,0.9803,0.9341,0.0300
6,3,5,4,0.9291,0.9002,0.9922,0.9168,0.0290
6,3,5,5,0.9568,0.9551,0.9919,0.9538,0.0366
6,3,5,6,0.9457,0.9605,0.9943,0.9392,0.0257
6,3,5,7,0.9148,0.9180,0.9977,0.9008,0.0169
6,3,5,8,0.9605,0.9730,0.9966,0.9557,0.0223
6,3,5,9,0.9631,0.9605,0.9944,0.9596,0.0307
6,3,5,10,0.9297,0.9008,0.9952,0.9172,0.0185
6,3,5,11,0.9584,0.9530,0.9960,0.9522,0.0210
6,3,6,0,0.8703,0.8631,0.9778,0.8463,0.0296
6,3,6,1,0.9665,0.9701,0.9971,0.9624,0.0207
6,3,6,2,0.9775,0.9786,0.9971,0.9749,0.0206
6,3,6,3,1.0000,1.0000,1.0000,1.0000,0.0000
6,3,6,4,0.9434,0.9472,0.9889,0.9337,0.0177
6,3,6,5,0.9830,0.9802,0.9988,0.9802,0.0101
6,3,6,6,0.9634,0.9635,0.9951,0.9592,0.0251
6,3,6,7,0.9269,0.8997,0.9699,0.9151,0.0306
6,3,6,8,0.9033,0.8896,0.9967,0.8859,0.0237
6,3,6,9,0.9487,0.9444,0.9903,0.9456,0.0412
6,3,6,10,0.9598,0.9552,0.9917,0.9573,0.0376
6,3,6,11,0.9507,0.9686,0.9993,0.9422,0.0159
6,3,7,0,0.8781,0.9186,0.9998,0.8580,0.0184
6,3,7,1,0.9622,0.9656,0.9953,0.9581,0.0237
6,3,7,2,0.9486,0.9442,0.9902,0.9456,0.0413
6,3,7,3,0.9437,0.9568,0.9891,0.9340,0.0176
6,3,7,4,0.9275,0.9602,0.9971,0.9157,0.0176
6,3,7,5,0.9730,0.9770,0.9990,0.9686,0.0130
6,3,7,6,0.9727,0.9686,0.9971,0.9695,0.0226
6,3,7,7,0.9649,0.9647,0.9937,0.9624,0.0338
6,3,7,8,0.9286,0.9431,0.9964,0.9160,0.0129
6,3,7,9,0.9634,0.9773,0.9978,0.9575,0.0119
6,3,7,10,0.9554,0.9559,0.9918,0.9524,0.0373
6,3,7,11,0.9536,0.9506,0.9921,0.9502,0.0382
6,3,8,0,0.9634,0.9636,0.9959,0.9592,0.0258
6,3,8,1,0.9578,0.9576,0.9918,0.9550,0.0371
6,3,8,2,0.9819,0.9842,0.9995,0.9789,0.0059
6,3,8,3,0.9702,0.9731,0.9982,0.9666,0.0206
6,3,8,4,0.9265,0.9692,0.9986,0.9146,0.0135
6,3,8,5,0.8886,0.9326,0.9846,0.8683,0.0282
6,3,8,6,0.9696,0.9677,0.9959,0.9665,0.0256
6,3,8,7,0.7862,0.8544,0.9955,0.7508,0.0176
6,3,8,8,0.9406,0.9437,0.9952,0.9302,0.0176
6,3,8,9,0.9688,0.9734,0.9945,0.9635,0.0123
6,3,8,10,0.9746,0.9780,0.9972,0.9703,0.0106
6,3,8,11,0.9593,0.9617,0.9950,0.9543,0.0239
6,3,9,0,0.9091,0.9215,0.9690,0.8942,0.0216
6,3,9,1,0.9569,0.9524,0.9912,0.9543,0.0384
6,3,9,2,0.9537,0.9481,0.9865,0.9459,0.0172
6,3,9,3,0.8881,0.9417,0.9983,0.8679,0.0192
6,3,9,4,0.9695,0.9655,0.9936,0.9675,0.0317
6,3,9,5,0.9595,0.9657,0.9954,0.9540,0.0234
6,3,9,6,0.9546,0.9521,0.9920,0.9515,0.0383
6,3,9,7,0.9834,0.9834,0.9978,0.9811,0.0122
6,3,9,8,0.9517,0.9526,0.9918,0.9452,0.0218
6,3,9,9,0.9527,0.9487,0.9911,0.9498,0.0403
6,3,9,10,0.9104,0.9566,0.9963,0.8951,0.0168
6,3,9,11,0.9509,0.9470,0.9909,0.9478,0.0408
6,3,10,0,0.9688,0.9711,0.9884,0.9640,0.0174
6,3,10,1,0.9617,0.9602,0.9929,0.9593,0.0367
6,3,10,2,0.9538,0.9519,0.9923,0.9505,0.0384
6,3,10,3,0.9681,0.9690,0.9963,0.9648,0.0262
6,3,10,4,0.9582,0.9598,0.9951,0.9534,0.0258
6,3,10,5,0.8963,0.9457,0.9952,0.8798,0.0202
6,3,10,6,0.9592,0.9573,0.9934,0.9559,0.0335
6,3,10,7,0.9672,0.9694,0.9933,0.9627,0.0209
6,3,10,8,0.9517,0.9484,0.9916,0.9484,0.0394
6,3,10,9,0.9160,0.9469,0.9987,0.9016,0.0140
6,3,10,10,0.9548,0.9515,0.9920,0.9516,0.0382
6,3,10,11,0.9511,0.9638,0.9966,0.9447,0.0213
6,3,11,0,0.8009,0.7820,0.7946,0.7642,0.0584
6,3,11,1,0.9693,0.9689,0.9957,0.9662,0.0281
6,3,11,2,0.9614,0.9610,0.9950,0.9578,0.0311
6,3,11,3,0.9576,0.9755,0.9919,0.9502,0.0132
6,3,11,4,0.9667,0.9692,0.9987,0.9620,0.0194
6,3,11,5,0.9653,0.9634,0.9952,0.9619,0.0286
6,3,11,6,0.9584,0.9552,0.9930,0.9553,0.0366
6,3,11,7,0.9755,0.9755,0.9975,0.9727,0.0209
6,3,11,8,0.2469,0.5419,0.9627,0.0972,0.0306
6,3,11,9,0.9559,0.9527,0.9923,0.9528,0.0380
6,3,11,10,0.9477,0.9708,0.9967,0.9384,0.0146
6,3,11,11,0.9532,0.9662,0.9959,0.9450,0.0135
6,4,0,0,0.8689,0.8730,0.9291,0.8376,0.0327
6,4,0,1,0.2931,0.3786,0.9377,0.1897,0.0554
6,4,0,2,0.9286,0.9270,0.9865,0.9124,0.0256
6,4,0,3,0.3411,0.4121,0.9463,0.2334,0.0376
6,4,0,4,0.5841,0.5629,0.9776,0.4900,0.0135
6,4,0,5,0.3824,0.4199,0.9366,0.2825,0.0374
6,4,0,6,0.7639,0.7749,0.9188,0.7027,0.0363
6,4,0,7,0.7330,0.7429,0.9791,0.6647,0.0390
6,4,0,8,0.7330,0.8021,0.9898,0.6676,0.0218
6,4,0,9,0.9039,0.9022,0.9792,0.8818,0.0361
6,4,0,10,0.8881,0.8816,0.9658,0.8623,0.0341
6,4,0,11,0.9133,0.9096,0.9519,0.8953,0.0358
6,4,1,0,0.7391,0.7420,0.9891,0.6773,0.0236
6,4,1,1,0.9073,0.9028,0.9922,0.8856,0.0281
6,4,1,2,0.8712,0.8703,0.9874,0.8404,0.0329
6,4,1,3,0.9638,0.9584,0.9721,0.9571,0.0219
6,4,1,4,0.9645,0.9623,0.9972,0.9565,0.0203
6,4,1,5,0.9434,0.9461,0.9919,0.9310,0.0114
6,4,1,6,0.8753,0.8728,0.9976,0.8480,0.0073
6,4,1,7,0.9400,0.9388,0.9965,0.9264,0.0254
6,4,1,8,0.9530,0.9534,0.9894,0.9430,0.0114
6,4,1,9,0.9483,0.9461,0.9801,0.9388,0.0134
6,4,1,10,0.4133,0.7049,0.9586,0.2563,0.0418
6,4,1,11,0.4985,0.4693,0.9474,0.4083,0.0254
6,4,2,0,0.8438,0.8274,0.9818,0.8058,0.0286
6,4,2,1,0.9549,0.9604,0.9907,0.9479,0.0226
6,4,2,2,0.5469,0.6119,0.9793,0.4529,0.0153
6,4,2,3,0.7540,0.7720,0.9830,0.6965,0.0214
6,4,2,4,0.8837,0.9021,0.9787,0.8588,0.0180
6,4,2,5,0.7420,0.7744,0.9885,0.6790,0.0278
6,4,2,6,0.9614,0.9561,0.9787,0.9558,0.0220
6,4,2,7,0.8087,0.8169,0.9449,0.7603,0.0411
6,4,2,8,0.7230,0.7782,0.9974,0.6600,0.0185
6,4,2,9,0.5703,0.6882,0.9892,0.4643,0.0201
6,4,2,10,0.9066,0.8950,0.9722,0.8854,0.0341
6,4,2,11,0.9714,0.9665,0.9877,0.9670,0.0201
6,4,3,0,0.9408,0.9312,0.9642,0.9398,0.0523
6,4,3,1,0.9470,0.9465,0.9794,0.9379,0.0176
6,4,3,2,0.5766,0.6306,0.9841,0.4844,0.0180
6,4,3,3,0.9134,0.9164,0.9746,0.8986,0.0239
6,4,3,4,0.9415,0.9290,0.9665,0.9401,0.0521
6,4,3,5,0.9525,0.9625,0.9982,0.9425,0.0089
6,4,3,6,0.7449,0.7961,0.9648,0.6794,0.0342
6,4,3,7,0.7211,0.7238,0.9936,0.6578,0.0219
6,4,3,8,0.7162,0.7285,0.9690,0.6567,0.0201
6,4,3,9,0.8490,0.8542,0.9742,0.8179,0.0180
6,4,3,10,0.9610,0.9586,0.9779,0.9546,0.0171
6,4,3,11,0.8556,0.8610,0.9894,0.8222,0.0211
6,4,4,0,0.7841,0.8083,0.9690,0.7403,0.0138
6,4,4,1,0.8869,0.8870,0.9811,0.8646,0.0146
6,4,4,2,0.9544,0.9445,0.9749,0.9518,0.0408
6,4,4,3,0.7913,0.8004,0.9684,0.7428,0.0164
6,4,4,4,0.9549,0.9621,0.9810,0.9501,0.0307
6,4,4,5,0.9284,0.9493,0.9803,0.9164,0.0203
6,4,4,6,0.9416,0.9464,0.9979,0.9283,0.0172
6,4,4,7,0.6559,0.6631,0.9826,0.5801,0.0153
6,4,4,8,0.9663,0.9532,0.9770,0.9635,0.0312
6,4,4,9,0.8878,0.8792,0.9971,0.8634,0.0110
6,4,4,10,0.9480,0.9413,0.9721,0.9462,0.0475
6,4,4,11,0.3241,0.4536,0.9276,0.2272,0.0564
6,4,5,0,0.9422,0.9264,0.9637,0.9414,0.0530
6,4,5,1,0.9364,0.9176,0.9609,0.9364,0.0564
6,4,5,2,0.8857,0.9002,0.9920,0.8620,0.0184
6,4,5,3,0.9448,0.9418,0.9983,0.9322,0.0171
6,4,5,4,0.9220,0.9084,0.9945,0.9045,0.0165
6,4,5,5,0.9418,0.9300,0.9652,0.9406,0.0517
6,4,5,6,0.9540,0.9462,0.9687,0.9518,0.0405
6,4,5,7,0.9171,0.9183,0.9779,0.9033,0.0202
6,4,5,8,0.9515,0.9482,0.9755,0.9478,0.0374
6,4,5,9,0.9500,0.9378,0.9710,0.9480,0.0458
6,4,5,10,0.9178,0.9144,0.9966,0.9008,0.0121
6,4,5,11,0.9426,0.9440,0.9727,0.9354,0.0306
6,4,6,0,0.8642,0.8630,0.9965,0.8337,0.0159
6,4,6,1,0.9459,0.9477,0.9810,0.9410,0.0358
6,4,6,2,0.9546,0.9475,0.9784,0.9508,0.0357
6,4,6,3,0.9434,0.9472,0.9889,0.9337,0.0177
6,4,6,4,1.0000,1.0000,1.0000,1.0000,0.0000
6,4,6,5,0.9657,0.9601,0.9828,0.9610,0.0223
6,4,6,6,0.9534,0.9480,0.9724,0.9505,0.0396
6,4,6,7,0.9188,0.9016,0.9912,0.9000,0.0165
6,4,6,8,0.9313,0.9353,0.9972,0.9171,0.0136
6,4,6,9,0.9373,0.9192,0.9617,0.9372,0.0563
6,4,6,10,0.9439,0.9277,0.9641,0.9430,0.0527
6,4,6,11,0.9692,0.9684,0.9890,0.9639,0.0144
6,4,7,0,0.9384,0.9508,0.9857,0.9286,0.0235
6,4,7,1,0.9559,0.9490,0.9722,0.9539,0.0388
6,4,7,2,0.9371,0.9188,0.9614,0.9370,0.0564
6,4,7,3,0.9659,0.9675,0.9997,0.9585,0.0075
6,4,7,4,0.9058,0.9276,0.9768,0.8902,0.0235
6,4,7,5,0.9665,0.9657,0.9841,0.9622,0.0236
6,4,7,6,0.9596,0.9521,0.9778,0.9571,0.0369
6,4,7,7,0.9431,0.9354,0.9688,0.9411,0.0489
6,4,7,8,0.9361,0.9309,0.9974,0.9232,0.0088
6,4,7,9,0.9549,0.9632,0.9893,0.9486,0.0239
6,4,7,10,0.9411,0.9292,0.9645,0.9399,0.0523
6,4,7,11,0.9421,0.9272,0.9652,0.9411,0.0533
6,4,8,0,0.9558,0.9447,0.9747,0.9534,0.0407
6,4,8,1,0.9383,0.9287,0.9642,0.9367,0.0522
6,4,8,2,0.9647,0.9598,0.9881,0.9589,0.0171
6,4,8,3,0.9484,0.9454,0.9835,0.9438,0.0357
6,4,8,4,0.9335,0.9510,0.9807,0.9233,0.0218
6,4,8,5,0.9162,0.9129,0.9970,0.8973,0.0171
6,4,8,6,0.9507,0.9460,0.9748,0.9478,0.0407
6,4,8,7,0.8600,0.9046,0.9757,0.8352,0.0211
6,4,8,8,0.9325,0.9286,0.9958,0.9179,0.0117
6,4,8,9,0.9795,0.9766,0.9966,0.9757,0.0114
6,4,8,10,0.9683,0.9670,0.9922,0.9637,0.0194
6,4,8,11,0.9571,0.9514,0.9828,0.9545,0.0382
6,4,9,0,0.9292,0.9095,0.9852,0.9179,0.0252
6,4,9,1,0.9415,0.9257,0.9631,0.9408,0.0535
6,4,9,2,0.9439,0.9364,0.9924,0.9345,0.0197
6,4,9,3,0.9427,0.9567,0.9929,0.9308,0.0114
6,4,9,4,0.9448,0.9341,0.9706,0.9428,0.0468
6,4,9,5,0.9580,0.9565,0.9846,0.9546,0.0358
6,4,9,6,0.9414,0.9266,0.9664,0.9405,0.0534
6,4,9,7,0.9553,0.9511,0.9864,0.9499,0.0270
6,4,9,8,0.9588,0.9539,0.9852,0.9559,0.0348
6,4,9,9,0.9395,0.9229,0.9635,0.9391,0.0554
6,4,9,10,0.9154,0.9209,0.9759,0.9003,0.0198
6,4,9,11,0.9391,0.9214,0.9631,0.9387,0.0559
6,4,10,0,0.9580,0.9486,0.9892,0.9530,0.0260
6,4,10,1,0.9419,0.9299,0.9670,0.9405,0.0518
6,4,10,2,0.9421,0.9273,0.9665,0.9412,0.0535
6,4,10,3,0.9535,0.9475,0.9764,0.9511,0.0413
6,4,10,4,0.9557,0.9444,0.9776,0.9533,0.0404
6,4,10,5,0.8770,0.9134,0.9724,0.8568,0.0266
6,4,10,6,0.9473,0.9333,0.9717,0.9460,0.0485
6,4,10,7,0.9586,0.9538,0.9855,0.9550,0.0328
6,4,10,8,0.9402,0.9252,0.9646,0.9394,0.0544
6,4,10,9,0.9038,0.9233,0.9891,0.8860,0.0173
6,4,10,10,0.9425,0.9261,0.9658,0.9417,0.0533
6,4,10,11,0.9563,0.9495,0.9756,0.9531,0.0342
6,4,11,0,0.8624,0.8576,0.8745,0.8307,0.0433
6,4,11,1,0.9555,0.9431,0.9742,0.9535,0.0432
6,4,11,2,0.9510,0.9392,0.9732,0.9493,0.0462
6,4,11,3,0.9679,0.9678,0.9979,0.9615,0.0094
6,4,11,4,0.9668,0.9612,0.9846,0.9641,0.0319
6,4,11,5,0.9515,0.9433,0.9753,0.9492,0.0434
6,4,11,6,0.9456,0.9303,0.9676,0.9445,0.0517
6,4,11,7,0.9566,0.9528,0.9789,0.9533,0.0357
6,4,11,8,0.3707,0.6617,0.9620,0.2283,0.0171
6,4,11,9,0.9434,0.9284,0.9657,0.9425,0.0531
6,4,11,10,0.9666,0.9711,0.9969,0.9601,0.0113
6,4,11,11,0.9702,0.9660,0.9952,0.9643,0.0084
6,5,0,0,0.8355,0.8065,0.8473,0.8079,0.0544
6,5,0,1,0.1993,0.2712,0.9659,0.0964,0.0331
6,5,0,2,0.9195,0.9095,0.9438,0.9088,0.0447
6,5,0,3,0.2320,0.2968,0.9675,0.1224,0.0224
6,5,0,4,0.4731,0.4372,0.9705,0.3719,0.0321
6,5,0,5,0.2761,0.3077,0.9631,0.1735,0.0235
6,5,0,6,0.6997,0.6822,0.8350,0.6380,0.0584
6,5,0,7,0.6921,0.6864,0.9376,0.6293,0.0586
6,5,0,8,0.7181,0.7370,0.9596,0.6626,0.0441
6,5,0,9,0.8986,0.8856,0.9325,0.8854,0.0539
6,5,0,10,0.8521,0.8170,0.9155,0.8290,0.0564
6,5,0,11,0.8837,0.8531,0.8856,0.8697,0.0581
6,5,1,0,0.7202,0.7202,0.9857,0.6662,0.0420
6,5,1,1,0.9157,0.9052,0.9812,0.9035,0.0449
6,5,1,2,0.8795,0.8711,0.9749,0.8600,0.0510
6,5,1,3,0.9393,0.9024,0.9130,0.9342,0.0411
6,5,1,4,0.9770,0.9699,0.9785,0.9756,0.0295
6,5,1,5,0.9590,0.9506,0.9931,0.9530,0.0261
6,5,1,6,0.8632,0.8424,0.9921,0.8390,0.0244
6,5,1,7,0.9517,0.9411,0.9711,0.9464,0.0362
6,5,1,8,0.9797,0.9816,0.9973,0.9772,0.0203
6,5,1,9,0.9806,0.9823,0.9987,0.9775,0.0121
6,5,1,10,0.2759,0.5934,0.9066,0.1106,0.0610
6,5,1,11,0.4126,0.3661,0.9690,0.3204,0.0173
6,5,2,0,0.8022,0.7645,0.9444,0.7655,0.0493
6,5,2,1,0.9855,0.9832,0.9981,0.9831,0.0042
6,5,2,2,0.4878,0.5313,0.9878,0.3966,0.0264
6,5,2,3,0.7526,0.7508,0.9890,0.7057,0.0397
6,5,2,4,0.8743,0.8933,0.9959,0.8522,0.0306
6,5,2,5,0.7260,0.7276,0.9686,0.6723,0.0470
6,5,2,6,0.9895,0.9935,0.9994,0.9877,0.0060
6,5,2,7,0.7661,0.7518,0.8812,0.7220,0.0634
6,5,2,8,0.6549,0.7075,0.9824,0.5892,0.0348
6,5,2,9,0.5070,0.5988,0.9474,0.4050,0.0421
6,5,2,10,0.8916,0.8666,0.9252,0.8769,0.0548
6,5,2,11,0.9949,0.9954,0.9995,0.9941,0.0077
6,5,3,0,0.9773,0.9781,0.9954,0.9768,0.0300
6,5,3,1,0.9739,0.9720,0.9989,0.9696,0.0129
6,5,3,2,0.5245,0.5511,0.9881,0.4363,0.0321
6,5,3,3,0.8931,0.9032,0.9958,0.8757,0.0202
6,5,3,4,0.9799,0.9782,0.9957,0.9794,0.0298
6,5,3,5,0.9701,0.9675,0.9781,0.9657,0.0202
6,5,3,6,0.6978,0.7226,0.9054,0.6362,0.0563
6,5,3,7,0.7037,0.6638,0.9858,0.6478,0.0376
6,5,3,8,0.6587,0.6566,0.9874,0.5976,0.0311
6,5,3,9,0.8034,0.8185,0.9869,0.7689,0.0277
6,5,3,10,0.9897,0.9898,0.9991,0.9881,0.0123
6,5,3,11,0.8404,0.8052,0.9797,0.8116,0.0384
6,5,4,0,0.7483,0.7690,0.9885,0.7043,0.0240
6,5,4,1,0.8947,0.8710,0.9954,0.8767,0.0222
6,5,4,2,0.9864,0.9844,0.9979,0.9853,0.0188
6,5,4,3,0.7390,0.7158,0.9153,0.6894,0.0366
6,5,4,4,0.9805,0.9872,0.9996,0.9777,0.0108
6,5,4,5,0.9614,0.9646,0.9999,0.9551,0.0080
6,5,4,6,0.9549,0.9529,0.9802,0.9493,0.0337
6,5,4,7,0.6130,0.5974,0.9743,0.5409,0.0321
6,5,4,8,0.9948,0.9954,0.9994,0.9943,0.0089
6,5,4,9,0.8715,0.8484,0.9916,0.8488,0.0265
6,5,4,10,0.9820,0.9803,0.9970,0.9811,0.0252
6,5,4,11,0.2870,0.3774,0.9639,0.1970,0.0341
6,5,5,0,0.9784,0.9766,0.9951,0.9780,0.0307
6,5,5,1,0.9753,0.9715,0.9940,0.9754,0.0341
6,5,5,2,0.8982,0.8808,0.9942,0.8806,0.0283
6,5,5,3,0.9256,0.9167,0.9721,0.9143,0.0367
6,5,5,4,0.9334,0.9071,0.9896,0.9229,0.0331
6,5,5,5,0.9815,0.9806,0.9957,0.9813,0.0294
6,5,5,6,0.9811,0.9842,0.9973,0.9795,0.0198
6,5,5,7,0.9227,0.9236,0.9992,0.9102,0.0142
6,5,5,8,0.9851,0.9887,0.9986,0.9836,0.0164
6,5,5,9,0.9865,0.9838,0.9971,0.9860,0.0235
6,5,5,10,0.9308,0.9045,0.9924,0.9191,0.0213
6,5,5,11,0.9835,0.9799,0.9985,0.9812,0.0146
6,5,6,0,0.8380,0.8185,0.9682,0.8088,0.0348
6,5,6,1,0.9821,0.9842,0.9985,0.9801,0.0143
6,5,6,2,0.9898,0.9896,0.9988,0.9887,0.0134
6,5,6,3,0.9830,0.9802,0.9988,0.9802,0.0101
6,5,6,4,0.9657,0.9601,0.9828,0.9610,0.0223
6,5,6,5,1.0000,1.0000,1.0000,1.0000,0.0000
6,5,6,6,0.9872,0.9895,0.9983,0.9862,0.0181
6,5,6,7,0.9175,0.8885,0.9646,0.9049,0.0373
6,5,6,8,0.9240,0.9092,0.9936,0.9111,0.0241
6,5,6,9,0.9757,0.9720,0.9943,0.9757,0.0340
6,5,6,10,0.9827,0.9793,0.9954,0.9827,0.0304
6,5,6,11,0.9737,0.9844,0.9992,0.9694,0.0129
6,5,7,0,0.9183,0.9403,0.9990,0.9050,0.0169
6,5,7,1,0.9881,0.9876,0.9982,0.9874,0.0189
6,5,7,2,0.9756,0.9720,0.9942,0.9756,0.0341
6,5,7,3,0.9614,0.9598,0.9838,0.9557,0.0219
6,5,7,4,0.9406,0.9473,0.9980,0.9310,0.0201
6,5,7,5,0.9852,0.9862,0.9993,0.9828,0.0066
6,5,7,6,0.9920,0.9893,0.9987,0.9914,0.0148
6,5,7,7,0.9837,0.9831,0.9967,0.9833,0.0266
6,5,7,8,0.9274,0.9218,0.9925,0.9151,0.0161
6,5,7,9,0.9812,0.9850,0.9979,0.9782,0.0066
6,5,7,10,0.9798,0.9805,0.9956,0.9795,0.0300
6,5,7,11,0.9793,0.9766,0.9955,0.9789,0.0310
6,5,8,0,0.9859,0.9860,0.9981,0.9847,0.0184
6,5,8,1,0.9799,0.9806,0.9956,0.9796,0.0299
6,5,8,2,0.9887,0.9852,0.9974,0.9869,0.0089
6,5,8,3,0.9863,0.9849,0.9985,0.9849,0.0142
6,5,8,4,0.9500,0.9665,0.9998,0.9420,0.0147
6,5,8,5,0.8910,0.8992,0.9791,0.8722,0.0341
6,5,8,6,0.9886,0.9879,0.9979,0.9880,0.0189
6,5,8,7,0.8258,0.8699,0.9941,0.7976,0.0188
6,5,8,8,0.9342,0.9283,0.9928,0.9233,0.0251
6,5,8,9,0.9845,0.9838,0.9922,0.9823,0.0130
6,5,8,10,0.9901,0.9905,0.9965,0.9885,0.0071
6,5,8,11,0.9829,0.9808,0.9956,0.9812,0.0159
6,5,9,0,0.9253,0.9079,0.9640,0.9133,0.0192
6,5,9,1,0.9810,0.9777,0.9950,0.9811,0.0312
6,5,9,2,0.9609,0.9474,0.9848,0.9544,0.0192
6,5,9,3,0.9257,0.9443,0.9959,0.9132,0.0230
6,5,9,4,0.9868,0.9840,0.9966,0.9868,0.0251
6,5,9,5,0.9843,0.9872,0.9965,0.9824,0.0143
6,5,9,6,0.9796,0.9770,0.9955,0.9794,0.0311
6,5,9,7,0.9912,0.9888,0.9983,0.9899,0.0076
6,5,9,8,0.9777,0.9735,0.9917,0.9749,0.0156
6,5,9,9,0.9784,0.9750,0.9948,0.9784,0.0331
6,5,9,10,0.9335,0.9404,0.9974,0.9225,0.0211
6,5,9,11,0.9770,0.9735,0.9947,0.9769,0.0336
6,5,10,0,0.9800,0.9726,0.9868,0.9770,0.0126
6,5,10,1,0.9827,0.9806,0.9961,0.9826,0.0295
6,5,10,2,0.9793,0.9766,0.9956,0.9789,0.0312
6,5,10,3,0.9884,0.9875,0.9981,0.9878,0.0190
6,5,10,4,0.9835,0.9812,0.9969,0.9820,0.0181
6,5,10,5,0.9135,0.9200,0.9960,0.8999,0.0237
6,5,10,6,0.9824,0.9793,0.9961,0.9819,0.0262
6,5,10,7,0.9859,0.9838,0.9940,0.9842,0.0139
6,5,10,8,0.9779,0.9749,0.9952,0.9776,0.0321
6,5,10,9,0.9321,0.9357,0.9981,0.9208,0.0199
6,5,10,10,0.9801,0.9766,0.9955,0.9799,0.0310
6,5,10,11,0.9758,0.9796,0.9984,0.9728,0.0161
6,5,11,0,0.8022,0.7582,0.7722,0.7686,0.0656
6,5,11,1,0.9891,0.9870,0.9979,0.9886,0.0209
6,5,11,2,0.9849,0.9824,0.9972,0.9842,0.0239
6,5,11,3,0.9682,0.9697,0.9878,0.9632,0.0173
6,5,11,4,0.9884,0.9881,0.9987,0.9868,0.0109
6,5,11,5,0.9874,0.9858,0.9974,0.9869,0.0211
6,5,11,6,0.9825,0.9795,0.9961,0.9823,0.0294
6,5,11,7,0.9911,0.9913,0.9989,0.9904,0.0134
6,5,11,8,0.2358,0.5368,0.9527,0.0878,0.0354
6,5,11,9,0.9811,0.9784,0.9957,0.9809,0.0308
6,5,11,10,0.9660,0.9741,0.9940,0.9606,0.0171
6,5,11,11,0.9715,0.9716,0.9943,0.9671,0.0181
6,6,0,0,0.7932,0.7585,0.8185,0.7664,0.0718
6,6,0,1,0.1875,0.2559,0.9642,0.0942,0.0157
6,6,0,2,0.8862,0.8692,0.9242,0.8759,0.0620
6,6,0,3,0.2156,0.2767,0.9634,0.1158,0.0122
6,6,0,4,0.4273,0.3944,0.9578,0.3309,0.0495
6,6,0,5,0.2679,0.2879,0.9604,0.1753,0.0138
6,6,0,6,0.6381,0.6251,0.8052,0.5754,0.0757
6,6,0,7,0.6211,0.6205,0.9164,0.5551,0.0760
6,6,0,8,0.6730,0.6827,0.9418,0.6191,0.0614
6,6,0,9,0.8473,0.8334,0.9109,0.8316,0.0712
6,6,0,10,0.8095,0.7736,0.8909,0.7870,0.0737
6,6,0,11,0.8356,0.8047,0.8584,0.8204,0.0754
6,6,1,0,0.6512,0.6596,0.9745,0.5937,0.0593
6,6,1,1,0.8686,0.8568,0.9683,0.8539,0.0622
6,6,1,2,0.8246,0.8169,0.9604,0.8019,0.0683
6,6,1,3,0.9229,0.8836,0.8911,0.9217,0.0584
6,6,1,4,0.9478,0.9407,0.9661,0.9457,0.0474
6,6,1,5,0.9422,0.9283,0.9848,0.9374,0.0434
6,6,1,6,0.8465,0.8090,0.9838,0.8251,0.0417
6,6,1,7,0.9146,0.9034,0.9565,0.9080,0.0535
6,6,1,8,0.9555,0.9573,0.9914,0.9521,0.0376
6,6,1,9,0.9619,0.9629,0.9961,0.9579,0.0283
6,6,1,10,0.2190,0.5495,0.8836,0.0615,0.0783
6,6,1,11,0.4023,0.3442,0.9643,0.3190,0.0186
6,6,2,0,0.7513,0.7126,0.9242,0.7136,0.0666
6,6,2,1,0.9859,0.9800,0.9946,0.9849,0.0184
6,6,2,2,0.4254,0.4777,0.9801,0.3354,0.0397
6,6,2,3,0.6960,0.6998,0.9800,0.6474,0.0571
6,6,2,4,0.8480,0.8642,0.9920,0.8267,0.0453
6,6,2,5,0.6542,0.6675,0.9533,0.5965,0.0638
6,6,2,6,0.9746,0.9812,0.9983,0.9718,0.0213
6,6,2,7,0.7037,0.6956,0.8538,0.6573,0.0807
6,6,2,8,0.5998,0.6549,0.9701,0.5342,0.0513
6,6,2,9,0.4372,0.5443,0.9291,0.3355,0.0594
6,6,2,10,0.8427,0.8150,0.9030,0.8262,0.0722
6,6,2,11,0.9899,0.9892,0.9963,0.9898,0.0224
6,6,3,0,0.9945,0.9931,0.9991,0.9942,0.0127
6,6,3,1,0.9564,0.9522,0.9967,0.9512,0.0257
6,6,3,2,0.4686,0.5008,0.9790,0.3823,0.0466
6,6,3,3,0.8877,0.8854,0.9938,0.8722,0.0273
6,6,3,4,0.9937,0.9911,0.9992,0.9933,0.0125
6,6,3,5,0.9482,0.9464,0.9684,0.9435,0.0375
6,6,3,6,0.6308,0.6591,0.8807,0.5668,0.0736
6,6,3,7,0.6434,0.6136,0.9750,0.5858,0.0526
6,6,3,8,0.6130,0.6127,0.9815,0.5529,0.0434
6,6,3,9,0.7771,0.7809,0.9817,0.7441,0.0397
6,6,3,10,0.9806,0.9808,0.9971,0.9791,0.0228
6,6,3,11,0.7973,0.7668,0.9675,0.7676,0.0550
6,6,4,0,0.7333,0.7343,0.9840,0.6935,0.0350
6,6,4,1,0.8851,0.8521,0.9911,0.8694,0.0335
6,6,4,2,0.9958,0.9930,0.9994,0.9953,0.0056
6,6,4,3,0.7179,0.6905,0.8986,0.6735,0.0539
6,6,4,4,0.9919,0.9908,0.9992,0.9910,0.0092
6,6,4,5,0.9614,0.9585,0.9985,0.9568,0.0211
6,6,4,6,0.9136,0.9160,0.9683,0.9055,0.0510
6,6,4,7,0.5832,0.5638,0.9610,0.5160,0.0455
6,6,4,8,0.9908,0.9925,0.9996,0.9897,0.0121
6,6,4,9,0.8419,0.8134,0.9830,0.8197,0.0433
6,6,4,10,0.9949,0.9926,0.9994,0.9944,0.0079
6,6,4,11,0.2171,0.3302,0.9640,0.1285,0.0168
6,6,5,0,0.9946,0.9914,0.9990,0.9944,0.0134
6,6,5,1,0.9929,0.9883,0.9985,0.9928,0.0168
6,6,5,2,0.8696,0.8560,0.9874,0.8516,0.0417
6,6,5,3,0.9057,0.8892,0.9586,0.8965,0.0540
6,6,5,4,0.9012,0.8732,0.9799,0.8898,0.0480
6,6,5,5,0.9962,0.9942,0.9993,0.9961,0.0121
6,6,5,6,0.9875,0.9903,0.9995,0.9860,0.0035
6,6,5,7,0.9211,0.9119,0.9981,0.9105,0.0215
6,6,5,8,0.9906,0.9892,0.9995,0.9893,0.0051
6,6,5,9,0.9939,0.9920,0.9995,0.9932,0.0064
6,6,5,10,0.9133,0.8854,0.9849,0.9024,0.0375
6,6,5,11,0.9879,0.9824,0.9989,0.9865,0.0119
6,6,6,0,0.8201,0.7882,0.9544,0.7943,0.0497
6,6,6,1,0.9878,0.9851,0.9988,0.9863,0.0067
6,6,6,2,0.9931,0.9918,0.9993,0.9922,0.0079
6,6,6,3,0.9634,0.9635,0.9951,0.9592,0.0251
6,6,6,4,0.9534,0.9480,0.9724,0.9505,0.0396
6,6,6,5,0.9872,0.9895,0.9983,0.9862,0.0181
6,6,6,6,1.0000,1.0000,1.0000,1.0000,0.0000
6,6,6,7,0.8729,0.8468,0.9497,0.8581,0.0546
6,6,6,8,0.9197,0.8976,0.9868,0.9099,0.0383
6,6,6,9,0.9931,0.9886,0.9986,0.9930,0.0167
6,6,6,10,0.9949,0.9919,0.9991,0.9946,0.0131
6,6,6,11,0.9754,0.9765,0.9958,0.9735,0.0262
6,6,7,0,0.9255,0.9379,0.9965,0.9156,0.0237
6,6,7,1,0.9847,0.9877,0.9999,0.9828,0.0079
6,6,7,2,0.9931,0.9887,0.9986,0.9930,0.0168
6,6,7,3,0.9512,0.9392,0.9735,0.9476,0.0392
6,6,7,4,0.9320,0.9268,0.9960,0.9230,0.0237
6,6,7,5,0.9820,0.9817,0.9977,0.9801,0.0165
6,6,7,6,0.9905,0.9908,0.9994,0.9892,0.0064
6,6,7,7,0.9956,0.9933,0.9995,0.9953,0.0093
6,6,7,8,0.9190,0.8958,0.9845,0.9089,0.0324
6,6,7,9,0.9836,0.9807,0.9953,0.9819,0.0160
6,6,7,10,0.9951,0.9934,0.9992,0.9949,0.0127
6,6,7,11,0.9943,0.9907,0.9991,0.9940,0.0136
6,6,8,0,0.9963,0.9949,0.9997,0.9959,0.0047
6,6,8,1,0.9953,0.9934,0.9992,0.9951,0.0126
6,6,8,2,0.9699,0.9695,0.9932,0.9668,0.0247
6,6,8,3,0.9894,0.9832,0.9980,0.9881,0.0081
6,6,8,4,0.9576,0.9593,0.9985,0.9522,0.0205
6,6,8,5,0.8676,0.8606,0.9669,0.8505,0.0514
6,6,8,6,0.9898,0.9904,0.9995,0.9886,0.0050
6,6,8,7,0.8373,0.8608,0.9910,0.8145,0.0240
6,6,8,8,0.9135,0.8995,0.9847,0.9033,0.0416
6,6,8,9,0.9707,0.9688,0.9860,0.9686,0.0300
6,6,8,10,0.9897,0.9863,0.9929,0.9893,0.0205
6,6,8,11,0.9917,0.9872,0.9957,0.9907,0.0030
6,6,9,0,0.9238,0.8976,0.9583,0.9136,0.0231
6,6,9,1,0.9945,0.9912,0.9989,0.9943,0.0139
6,6,9,2,0.9492,0.9338,0.9798,0.9429,0.0262
6,6,9,3,0.9200,0.9264,0.9890,0.9103,0.0379
6,6,9,4,0.9926,0.9910,0.9994,0.9919,0.0085
6,6,9,5,0.9960,0.9940,0.9959,0.9956,0.0062
6,6,9,6,0.9943,0.9907,0.9991,0.9940,0.0138
6,6,9,7,0.9827,0.9803,0.9967,0.9807,0.0136
6,6,9,8,0.9871,0.9813,0.9911,0.9854,0.0049
6,6,9,9,0.9938,0.9900,0.9989,0.9937,0.0157
6,6,9,10,0.9271,0.9202,0.9949,0.9175,0.0295
6,6,9,11,0.9936,0.9893,0.9988,0.9935,0.0163
6,6,10,0,0.9765,0.9685,0.9841,0.9736,0.0144
6,6,10,1,0.9950,0.9920,0.9993,0.9948,0.0122
6,6,10,2,0.9944,0.9907,0.9991,0.9941,0.0139
6,6,10,3,0.9941,0.9926,0.9994,0.9933,0.0043
6,6,10,4,0.9924,0.9896,0.9982,0.9915,0.0029
6,6,10,5,0.9002,0.8990,0.9951,0.8866,0.0253
6,6,10,6,0.9945,0.9908,0.9989,0.9941,0.0089
6,6,10,7,0.9913,0.9866,0.9932,0.9902,0.0068
6,6,10,8,0.9939,0.9901,0.9990,0.9937,0.0148
6,6,10,9,0.9176,0.9118,0.9939,0.9066,0.0291
6,6,10,10,0.9944,0.9905,0.9991,0.9942,0.0136
6,6,10,11,0.9864,0.9853,0.9995,0.9847,0.0072
6,6,11,0,0.7535,0.7075,0.7382,0.7205,0.0829
6,6,11,1,0.9959,0.9936,0.9996,0.9954,0.0070
6,6,11,2,0.9953,0.9919,0.9993,0.9948,0.0068
6,6,11,3,0.9507,0.9537,0.9806,0.9458,0.0341
6,6,11,4,0.9951,0.9925,0.9977,0.9946,0.0101
6,6,11,5,0.9938,0.9922,0.9992,0.9931,0.0059
6,6,11,6,0.9950,0.9916,0.9993,0.9947,0.0121
6,6,11,7,0.9929,0.9916,0.9992,0.9920,0.0060
6,6,11,8,0.1974,0.4993,0.9396,0.0598,0.0522
6,6,11,9,0.9947,0.9912,0.9992,0.9944,0.0135
6,6,11,10,0.9556,0.9597,0.9877,0.9513,0.0333
6,6,11,11,0.9517,0.9519,0.9878,0.9470,0.0354
6,7,0,0,0.9198,0.9219,0.9503,0.8979,0.0188
6,7,0,1,0.2619,0.4056,0.8986,0.1451,0.0703
6,7,0,2,0.9242,0.9343,0.9917,0.9037,0.0106
6,7,0,3,0.3145,0.4506,0.9106,0.1935,0.0521
6,7,0,4,0.6158,0.6475,0.9607,0.5213,0.0138
6,7,0,5,0.3447,0.4518,0.8983,0.2304,0.0510
6,7,0,6,0.8706,0.8902,0.9461,0.8336,0.0222
6,7,0,7,0.7897,0.8373,0.9913,0.7295,0.0235
6,7,0,8,0.7632,0.8416,0.9914,0.6990,0.0100
6,7,0,9,0.9335,0.9288,0.9899,0.9154,0.0211
6,7,0,10,0.8978,0.8986,0.9775,0.8693,0.0192
6,7,0,11,0.9277,0.9180,0.9685,0.9085,0.0224
6,7,1,0,0.8110,0.8577,0.9836,0.7618,0.0108
6,7,1,1,0.9347,0.9411,0.9913,0.9173,0.0134
6,7,1,2,0.9207,0.9219,0.9869,0.8992,0.0190
6,7,1,3,0.9138,0.8912,0.9809,0.8901,0.0180
6,7,1,4,0.9649,0.9530,0.9978,0.9563,0.0156
6,7,1,5,0.9134,0.9243,0.9818,0.8933,0.0127
6,7,1,6,0.8758,0.9088,0.9877,0.8468,0.0147
6,7,1,7,0.9481,0.9336,0.9960,0.9345,0.0147
6,7,1,8,0.9317,0.9181,0.9759,0.9170,0.0182
6,7,1,9,0.9175,0.9022,0.9614,0.9024,0.0270
6,7,1,10,0.4663,0.7319,0.9536,0.3096,0.0285
6,7,1,11,0.4672,0.5082,0.9144,0.3641,0.0396
6,7,2,0,0.8497,0.8744,0.9847,0.8080,0.0150
6,7,2,1,0.9063,0.8877,0.9738,0.8909,0.0365
6,7,2,2,0.6124,0.7112,0.9608,0.5257,0.0227
6,7,2,3,0.8121,0.8618,0.9727,0.7640,0.0104
6,7,2,4,0.8636,0.8969,0.9581,0.8327,0.0198
6,7,2,5,0.8180,0.8619,0.9956,0.7688,0.0171
6,7,2,6,0.9097,0.8818,0.9577,0.8954,0.0365
6,7,2,7,0.8933,0.9124,0.9720,0.8635,0.0264
6,7,2,8,0.7350,0.7983,0.9916,0.6694,0.0146
6,7,2,9,0.7130,0.8412,0.9922,0.6352,0.0114
6,7,2,10,0.9631,0.9645,0.9912,0.9537,0.0194
6,7,2,11,0.9187,0.8970,0.9719,0.9049,0.0335
6,7,3,0,0.8425,0.8064,0.9369,0.8281,0.0673
6,7,3,1,0.9062,0.9017,0.9607,0.8897,0.0307
6,7,3,2,0.6233,0.7350,0.9708,0.5345,0.0169
6,7,3,3,0.8436,0.8811,0.9507,0.8152,0.0370
6,7,3,4,0.8474,0.8053,0.9395,0.8333,0.0670
6,7,3,5,0.9231,0.9098,0.9916,0.9063,0.0186
6,7,3,6,0.8092,0.8743,0.9800,0.7544,0.0201
6,7,3,7,0.8242,0.8481,0.9812,0.7808,0.0151
6,7,3,8,0.7003,0.7756,0.9502,0.6328,0.0232
6,7,3,9,0.8038,0.8422,0.9476,0.7610,0.0266
6,7,3,10,0.9104,0.9003,0.9603,0.8949,0.0320
6,7,3,11,0.8409,0.8816,0.9774,0.8006,0.0185
6,7,4,0,0.7557,0.8133,0.9455,0.7029,0.0248
6,7,4,1,0.8367,0.8946,0.9609,0.8031,0.0266
6,7,4,2,0.8681,0.8287,0.9500,0.8526,0.0558
6,7,4,3,0.8071,0.8341,0.9641,0.7581,0.0156
6,7,4,4,0.8813,0.8781,0.9610,0.8645,0.0457
6,7,4,5,0.8879,0.9045,0.9623,0.8687,0.0348
6,7,4,6,0.9506,0.9374,0.9968,0.9382,0.0075
6,7,4,7,0.6792,0.7404,0.9729,0.6026,0.0224
6,7,4,8,0.9061,0.8719,0.9551,0.8944,0.0462
6,7,4,9,0.9091,0.8978,0.9859,0.8884,0.0150
6,7,4,10,0.8581,0.8225,0.9477,0.8436,0.0624
6,7,4,11,0.4217,0.5628,0.8878,0.3351,0.0714
6,7,5,0,0.8442,0.8006,0.9359,0.8301,0.0680
6,7,5,1,0.8361,0.7873,0.9323,0.8231,0.0714
6,7,5,2,0.8840,0.8880,0.9746,0.8590,0.0226
6,7,5,3,0.9225,0.9197,0.9939,0.9027,0.0076
6,7,5,4,0.9378,0.9422,0.9910,0.9230,0.0160
6,7,5,5,0.8513,0.8134,0.9386,0.8379,0.0666
6,7,5,6,0.8543,0.8352,0.9429,0.8368,0.0555
6,7,5,7,0.8852,0.9057,0.9567,0.8662,0.0344
6,7,5,8,0.8769,0.8548,0.9524,0.8622,0.0523
6,7,5,9,0.8631,0.8196,0.9453,0.8487,0.0607
6,7,5,10,0.9228,0.9264,0.9860,0.9068,0.0234
6,7,5,11,0.8697,0.8712,0.9501,0.8505,0.0450
6,7,6,0,0.8547,0.8428,0.9895,0.8193,0.0161
6,7,6,1,0.8839,0.8655,0.9590,0.8702,0.0508
6,7,6,2,0.8849,0.8520,0.9560,0.8706,0.0506
6,7,6,3,0.9269,0.8997,0.9699,0.9151,0.0306
6,7,6,4,0.9188,0.9016,0.9912,0.9000,0.0165
6,7,6,5,0.9175,0.8885,0.9646,0.9049,0.0373
6,7,6,6,0.8729,0.8468,0.9497,0.8581,0.0546
6,7,6,7,1.0000,1.0000,1.0000,1.0000,0.0000
6,7,6,8,0.8799,0.8862,0.9841,0.8541,0.0244
6,7,6,9,0.8372,0.7891,0.9333,0.8239,0.0712
6,7,6,10,0.8548,0.8091,0.9368,0.8422,0.0677
6,7,6,11,0.8951,0.8976,0.9735,0.8752,0.0283
6,7,7,0,0.8328,0.8432,0.9643,0.8027,0.0376
6,7,7,1,0.8791,0.8496,0.9483,0.8661,0.0538
6,7,7,2,0.8370,0.7888,0.9329,0.8238,0.0714
6,7,7,3,0.9206,0.9291,0.9933,0.9026,0.0172
6,7,7,4,0.8700,0.8996,0.9559,0.8483,0.0342
6,7,7,5,0.8932,0.8738,0.9643,0.8761,0.0380
6,7,7,6,0.8841,0.8431,0.9542,0.8703,0.0518
6,7,7,7,0.8625,0.8252,0.9422,0.8498,0.0639
6,7,7,8,0.9133,0.9164,0.9850,0.8956,0.0227
6,7,7,9,0.8938,0.8924,0.9733,0.8769,0.0388
6,7,7,10,0.8535,0.8164,0.9375,0.8409,0.0673
6,7,7,11,0.8460,0.8011,0.9376,0.8321,0.0682
6,7,8,0,0.8676,0.8316,0.9506,0.8519,0.0556
6,7,8,1,0.8540,0.8164,0.9371,0.8416,0.0672
6,7,8,2,0.9186,0.8885,0.9675,0.9048,0.0307
6,7,8,3,0.8863,0.8574,0.9610,0.8728,0.0506
6,7,8,4,0.8640,0.8947,0.9607,0.8412,0.0357
6,7,8,5,0.9051,0.9216,0.9962,0.8818,0.0081
6,7,8,6,0.8742,0.8379,0.9498,0.8604,0.0556
6,7,8,7,0.7478,0.8044,0.9507,0.6997,0.0348
6,7,8,8,0.9503,0.9506,0.9881,0.9395,0.0130
6,7,8,9,0.9344,0.9132,0.9863,0.9218,0.0245
6,7,8,10,0.9109,0.8925,0.9778,0.8961,0.0344
6,7,8,11,0.8738,0.8373,0.9616,0.8586,0.0531
6,7,9,0,0.8788,0.8533,0.9719,0.8586,0.0386
6,7,9,1,0.8472,0.8019,0.9352,0.8341,0.0685
6,7,9,2,0.9293,0.9151,0.9824,0.9184,0.0323
6,7,9,3,0.8755,0.9084,0.9797,0.8484,0.0211
6,7,9,4,0.8664,0.8241,0.9453,0.8540,0.0618
6,7,9,5,0.8781,0.8575,0.9661,0.8622,0.0508
6,7,9,6,0.8485,0.8041,0.9396,0.8354,0.0683
6,7,9,7,0.9142,0.8858,0.9688,0.9031,0.0420
6,7,9,8,0.8707,0.8360,0.9661,0.8540,0.0497
6,7,9,9,0.8438,0.7972,0.9358,0.8309,0.0703
6,7,9,10,0.8743,0.9224,0.9561,0.8513,0.0298
6,7,9,11,0.8408,0.7931,0.9350,0.8275,0.0708
6,7,10,0,0.9037,0.8647,0.9738,0.8902,0.0409
6,7,10,1,0.8579,0.8160,0.9398,0.8455,0.0668
6,7,10,2,0.8466,0.8023,0.9394,0.8328,0.0685
6,7,10,3,0.8717,0.8365,0.9520,0.8574,0.0563
6,7,10,4,0.8644,0.8241,0.9546,0.8482,0.0554
6,7,10,5,0.8334,0.8812,0.9469,0.8051,0.0350
6,7,10,6,0.8573,0.8127,0.9467,0.8436,0.0635
6,7,10,7,0.8915,0.8665,0.9681,0.8777,0.0478
6,7,10,8,0.8424,0.7973,0.9368,0.8286,0.0694
6,7,10,9,0.8750,0.9242,0.9728,0.8516,0.0268
6,7,10,10,0.8483,0.8017,0.9386,0.8349,0.0682
6,7,10,11,0.8678,0.8420,0.9510,0.8508,0.0492
6,7,11,0,0.8655,0.8615,0.9034,0.8269,0.0283
6,7,11,1,0.8745,0.8320,0.9495,0.8608,0.0581
6,7,11,2,0.8613,0.8189,0.9473,0.8468,0.0611
6,7,11,3,0.9253,0.8939,0.9867,0.9102,0.0215
6,7,11,4,0.8817,0.8497,0.9623,0.8650,0.0468
6,7,11,5,0.8665,0.8282,0.9511,0.8520,0.0584
6,7,11,6,0.8544,0.8088,0.9408,0.8409,0.0666
6,7,11,7,0.8850,0.8546,0.9557,0.8711,0.0506
6,7,11,8,0.3811,0.6889,0.9392,0.2287,0.0136
6,7,11,9,0.8498,0.8048,0.9383,0.8364,0.0681
6,7,11,10,0.9201,0.9046,0.9845,0.9041,0.0231
6,7,11,11,0.9492,0.9358,0.9867,0.9394,0.0192
6,8,0,0,0.8364,0.8471,0.8999,0.8000,0.0413
6,8,0,1,0.1694,0.3386,0.9523,0.0516,0.0540
6,8,0,2,0.8920,0.8910,0.9728,0.8690,0.0340
6,8,0,3,0.2257,0.3762,0.9578,0.1038,0.0350
6,8,0,4,0.5028,0.5488,0.9774,0.3958,0.0135
6,8,0,5,0.2447,0.3849,0.9506,0.1267,0.0356
6,8,0,6,0.7576,0.7855,0.8890,0.6997,0.0434
6,8,0,7,0.7523,0.7873,0.9649,0.6938,0.0424
6,8,0,8,0.7014,0.7751,0.9809,0.6325,0.0296
6,8,0,9,0.8739,0.8765,0.9636,0.8471,0.0442
6,8,0,10,0.8037,0.8176,0.9490,0.7585,0.0404
6,8,0,11,0.8549,0.8511,0.9286,0.8241,0.0460
6,8,1,0,0.7393,0.7438,0.9906,0.6813,0.0278
6,8,1,1,0.8786,0.8669,0.9909,0.8523,0.0336
6,8,1,2,0.8249,0.8298,0.9854,0.7856,0.0405
6,8,1,3,0.9274,0.9176,0.9524,0.9135,0.0290
6,8,1,4,0.9138,0.9094,0.9933,0.8957,0.0298
6,8,1,5,0.8882,0.8826,0.9962,0.8650,0.0185
6,8,1,6,0.8462,0.8357,0.9994,0.8143,0.0171
6,8,1,7,0.8965,0.8875,0.9897,0.8744,0.0338
6,8,1,8,0.9080,0.8983,0.9959,0.8893,0.0193
6,8,1,9,0.8989,0.8885,0.9909,0.8800,0.0173
6,8,1,10,0.3918,0.6443,0.9423,0.2375,0.0466
6,8,1,11,0.3743,0.4410,0.9592,0.2660,0.0202
6,8,2,0,0.8599,0.8488,0.9705,0.8292,0.0331
6,8,2,1,0.9218,0.9031,0.9974,0.9083,0.0260
6,8,2,2,0.6586,0.7086,0.9856,0.5909,0.0101
6,8,2,3,0.7654,0.7712,0.9883,0.7138,0.0248
6,8,2,4,0.9022,0.8948,0.9891,0.8823,0.0130
6,8,2,5,0.7555,0.7963,0.9829,0.6997,0.0302
6,8,2,6,0.9087,0.8964,0.9907,0.8929,0.0239
6,8,2,7,0.7567,0.7901,0.9217,0.6983,0.0481
6,8,2,8,0.7271,0.7971,0.9948,0.6684,0.0203
6,8,2,9,0.6198,0.7231,0.9764,0.5314,0.0277
6,8,2,10,0.8561,0.8548,0.9563,0.8247,0.0422
6,8,2,11,0.9330,0.9174,0.9962,0.9210,0.0261
6,8,3,0,0.9074,0.8798,0.9806,0.8994,0.0510
6,8,3,1,0.8989,0.8882,0.9905,0.8806,0.0144
6,8,3,2,0.6706,0.7015,0.9882,0.6024,0.0143
6,8,3,3,0.9354,0.9313,0.9872,0.9244,0.0144
6,8,3,4,0.9119,0.8791,0.9821,0.9042,0.0508
6,8,3,5,0.9025,0.9074,0.9942,0.8828,0.0194
6,8,3,6,0.7562,0.8108,0.9445,0.6985,0.0408
6,8,3,7,0.7880,0.7957,0.9941,0.7426,0.0209
6,8,3,8,0.7198,0.7496,0.9793,0.6637,0.0109
6,8,3,9,0.8506,0.8541,0.9830,0.8211,0.0093
6,8,3,10,0.9163,0.9086,0.9901,0.9012,0.0157
6,8,3,11,0.8861,0.8856,0.9893,0.8617,0.0193
6,8,4,0,0.8367,0.8347,0.9801,0.8049,0.0093
6,8,4,1,0.9225,0.9080,0.9910,0.9077,0.0098
6,8,4,2,0.9211,0.8923,0.9880,0.9116,0.0397
6,8,4,3,0.7985,0.8277,0.9537,0.7546,0.0180
6,8,4,4,0.9409,0.9274,0.9925,0.9326,0.0294
6,8,4,5,0.9297,0.9232,0.9919,0.9176,0.0180
6,8,4,6,0.8982,0.9116,0.9943,0.8766,0.0253
6,8,4,7,0.5834,0.6434,0.9814,0.4961,0.0109
6,8,4,8,0.9179,0.8973,0.9900,0.9058,0.0315
6,8,4,9,0.8775,0.8862,0.9989,0.8522,0.0123
6,8,4,10,0.9170,0.8937,0.9861,0.9086,0.0462
6,8,4,11,0.4685,0.5439,0.9456,0.3969,0.0551
6,8,5,0,0.9129,0.8780,0.9802,0.9057,0.0517
6,8,5,1,0.9058,0.8665,0.9781,0.8992,0.0551
6,8,5,2,0.9279,0.9482,0.9970,0.9136,0.0102
6,8,5,3,0.9307,0.9251,0.9915,0.9164,0.0210
6,8,5,4,0.9306,0.9143,0.9960,0.9162,0.0152
6,8,5,5,0.9137,0.8833,0.9814,0.9063,0.0504
6,8,5,6,0.9264,0.9065,0.9841,0.9182,0.0392
6,8,5,7,0.9416,0.9351,0.9905,0.9320,0.0173
6,8,5,8,0.9226,0.9009,0.9884,0.9129,0.0361
6,8,5,9,0.9162,0.8879,0.9854,0.9072,0.0445
6,8,5,10,0.8910,0.9101,0.9994,0.8693,0.0084
6,8,5,11,0.9174,0.9079,0.9870,0.9050,0.0266
6,8,6,0,0.8571,0.8506,0.9885,0.8268,0.0161
6,8,6,1,0.9307,0.9079,0.9922,0.9220,0.0345
6,8,6,2,0.9126,0.8889,0.9904,0.9005,0.0354
6,8,6,3,0.9033,0.8896,0.9967,0.8859,0.0237
6,8,6,4,0.9313,0.9353,0.9972,0.9171,0.0136
6,8,6,5,0.9240,0.9092,0.9936,0.9111,0.0241
6,8,6,6,0.9197,0.8976,0.9868,0.9099,0.0383
6,8,6,7,0.8799,0.8862,0.9841,0.8541,0.0244
6,8,6,8,1.0000,1.0000,1.0000,1.0000,0.0000
6,8,6,9,0.9070,0.8687,0.9787,0.9003,0.0550
6,8,6,10,0.9094,0.8750,0.9806,0.9014,0.0514
6,8,6,11,0.9529,0.9392,0.9969,0.9442,0.0142
6,8,7,0,0.9500,0.9520,0.9949,0.9419,0.0159
6,8,7,1,0.9026,0.8885,0.9866,0.8904,0.0375
6,8,7,2,0.9067,0.8681,0.9784,0.9001,0.0551
6,8,7,3,0.9537,0.9546,0.9973,0.9443,0.0132
6,8,7,4,0.8969,0.8799,0.9891,0.8796,0.0182
6,8,7,5,0.9264,0.9185,0.9938,0.9142,0.0223
6,8,7,6,0.9175,0.8975,0.9902,0.9067,0.0361
6,8,7,7,0.9175,0.8871,0.9840,0.9099,0.0476
6,8,7,8,0.9121,0.9056,0.9995,0.8949,0.0130
6,8,7,9,0.9358,0.9208,0.9969,0.9253,0.0228
6,8,7,10,0.9148,0.8833,0.9809,0.9079,0.0510
6,8,7,11,0.9129,0.8783,0.9813,0.9056,0.0519
6,8,8,0,0.9224,0.8979,0.9880,0.9131,0.0394
6,8,8,1,0.9136,0.8815,0.9808,0.9065,0.0509
6,8,8,2,0.9044,0.8986,0.9953,0.8870,0.0228
6,8,8,3,0.9179,0.8900,0.9936,0.9070,0.0344
6,8,8,4,0.9182,0.9148,0.9922,0.9048,0.0197
6,8,8,5,0.8641,0.8679,0.9930,0.8352,0.0218
6,8,8,6,0.9188,0.8964,0.9881,0.9094,0.0394
6,8,8,7,0.9102,0.9255,0.9866,0.8948,0.0148
6,8,8,8,0.8971,0.8930,0.9986,0.8760,0.0198
6,8,8,9,0.9345,0.9310,0.9990,0.9218,0.0182
6,8,8,10,0.9365,0.9191,0.9981,0.9255,0.0215
6,8,8,11,0.9296,0.9078,0.9920,0.9211,0.0369
6,8,9,0,0.8554,0.8394,0.9822,0.8305,0.0168
6,8,9,1,0.9096,0.8735,0.9798,0.9022,0.0522
6,8,9,2,0.8945,0.8860,0.9943,0.8757,0.0139
6,8,9,3,0.9413,0.9478,0.9977,0.9295,0.0104
6,8,9,4,0.9083,0.8786,0.9851,0.8989,0.0455
6,8,9,5,0.9314,0.9123,0.9936,0.9223,0.0348
6,8,9,6,0.9096,0.8752,0.9820,0.9020,0.0521
6,8,9,7,0.9130,0.8939,0.9951,0.8994,0.0257
6,8,9,8,0.9323,0.9155,0.9921,0.9237,0.0337
6,8,9,9,0.9070,0.8709,0.9800,0.8997,0.0540
6,8,9,10,0.8807,0.8828,0.9883,0.8592,0.0159
6,8,9,11,0.9085,0.8706,0.9797,0.9016,0.0546
6,8,10,0,0.9072,0.8867,0.9926,0.8925,0.0247
6,8,10,1,0.9107,0.8777,0.9827,0.9027,0.0505
6,8,10,2,0.9107,0.8754,0.9821,0.9032,0.0522
6,8,10,3,0.9181,0.8953,0.9891,0.9084,0.0400
6,8,10,4,0.9209,0.8968,0.9893,0.9114,0.0391
6,8,10,5,0.8417,0.8544,0.9860,0.8152,0.0222
6,8,10,6,0.9132,0.8804,0.9855,0.9049,0.0472
6,8,10,7,0.9168,0.9009,0.9933,0.9050,0.0315
6,8,10,8,0.9110,0.8762,0.9808,0.9040,0.0531
6,8,10,9,0.8729,0.8820,0.9971,0.8497,0.0165
6,8,10,10,0.9103,0.8745,0.9816,0.9027,0.0519
6,8,10,11,0.9370,0.9115,0.9887,0.9293,0.0329
6,8,11,0,0.8180,0.8271,0.8368,0.7777,0.0496
6,8,11,1,0.9197,0.8911,0.9876,0.9104,0.0418
6,8,11,2,0.9183,0.8871,0.9868,0.9097,0.0449
6,8,11,3,0.9201,0.9129,0.9978,0.9044,0.0160
6,8,11,4,0.9326,0.9095,0.9944,0.9229,0.0335
6,8,11,5,0.9177,0.8920,0.9882,0.9085,0.0421
6,8,11,6,0.9117,0.8772,0.9830,0.9036,0.0504
6,8,11,7,0.9208,0.9009,0.9908,0.9102,0.0344
6,8,11,8,0.3062,0.6172,0.9625,0.1568,0.0160
6,8,11,9,0.9123,0.8776,0.9817,0.9048,0.0518
6,8,11,10,0.9212,0.9142,0.9998,0.9057,0.0110
6,8,11,11,0.9150,0.9148,0.9988,0.8981,0.0160
6,9,0,0,0.7543,0.7006,0.7924,0.7308,0.0884
6,9,0,1,0.1009,0.1414,0.9651,0.0091,0.0009
6,9,0,2,0.8560,0.8216,0.9064,0.8486,0.0787
6,9,0,3,0.1311,0.1608,0.9627,0.0329,0.0199
6,9,0,4,0.3549,0.2903,0.9488,0.2599,0.0661
6,9,0,5,0.1893,0.1727,0.9604,0.0984,0.0207
6,9,0,6,0.5929,0.5525,0.7772,0.5346,0.0924
6,9,0,7,0.5573,0.5311,0.8973,0.4917,0.0926
6,9,0,8,0.6185,0.6124,0.9259,0.5659,0.0781
6,9,0,9,0.8084,0.7805,0.8911,0.7949,0.0879
6,9,0,10,0.7555,0.6941,0.8690,0.7328,0.0904
6,9,0,11,0.7897,0.7414,0.8343,0.7759,0.0921
6,9,1,0,0.5999,0.5764,0.9637,0.5444,0.0757
6,9,1,1,0.8289,0.7991,0.9554,0.8152,0.0788
6,9,1,2,0.7763,0.7502,0.9466,0.7539,0.0845
6,9,1,3,0.8975,0.8454,0.8709,0.8999,0.0750
6,9,1,4,0.9209,0.9009,0.9526,0.9204,0.0635
6,9,1,5,0.9106,0.8744,0.9755,0.9062,0.0601
6,9,1,6,0.8157,0.7538,0.9744,0.7961,0.0584
6,9,1,7,0.8869,0.8657,0.9425,0.8826,0.0702
6,9,1,8,0.9335,0.9281,0.9847,0.9315,0.0543
6,9,1,9,0.9465,0.9411,0.9922,0.9440,0.0442
6,9,1,10,0.1560,0.4746,0.8647,0.0050,0.0945
6,9,1,11,0.3209,0.2260,0.9625,0.2374,0.0353
6,9,2,0,0.7135,0.6440,0.9060,0.6794,0.0833
6,9,2,1,0.9752,0.9659,0.9896,0.9753,0.0348
6,9,2,2,0.3749,0.3895,0.9739,0.2892,0.0561
6,9,2,3,0.6536,0.6201,0.9713,0.6077,0.0732
6,9,2,4,0.8223,0.8202,0.9876,0.8034,0.0619
6,9,2,5,0.6035,0.5869,0.9383,0.5480,0.0804
6,9,2,6,0.9602,0.9644,0.9954,0.9582,0.0369
6,9,2,7,0.6392,0.6076,0.8286,0.5918,0.0973
6,9,2,8,0.5588,0.5966,0.9585,0.4973,0.0680
6,9,2,9,0.3870,0.4614,0.9118,0.2907,0.0761
6,9,2,10,0.7961,0.7464,0.8814,0.7803,0.0888
6,9,2,11,0.9790,0.9727,0.9911,0.9802,0.0378
6,9,3,0,0.9990,0.9985,0.9999,0.9989,0.0039
6,9,3,1,0.9421,0.9263,0.9932,0.9383,0.0424
6,9,3,2,0.4213,0.4107,0.9715,0.3397,0.0632
6,9,3,3,0.8714,0.8462,0.9903,0.8577,0.0437
6,9,3,4,0.9991,0.9990,0.9998,0.9990,0.0042
6,9,3,5,0.9323,0.9240,0.9576,0.9301,0.0542
6,9,3,6,0.5737,0.5740,0.8581,0.5114,0.0903
6,9,3,7,0.6034,0.5377,0.9651,0.5494,0.0693
6,9,3,8,0.5715,0.5386,0.9762,0.5146,0.0596
6,9,3,9,0.7536,0.7368,0.9776,0.7240,0.0564
6,9,3,10,0.9631,0.9525,0.9930,0.9621,0.0392
6,9,3,11,0.7662,0.6995,0.9566,0.7397,0.0716
6,9,4,0,0.7032,0.6823,0.9801,0.6663,0.0512
6,9,4,1,0.8674,0.7948,0.9857,0.8540,0.0496
6,9,4,2,0.9957,0.9950,0.9986,0.9958,0.0155
6,9,4,3,0.6866,0.6326,0.8810,0.6464,0.0706
6,9,4,4,0.9832,0.9741,0.9960,0.9829,0.0256
6,9,4,5,0.9458,0.9287,0.9946,0.9420,0.0378
6,9,4,6,0.8890,0.8788,0.9557,0.8834,0.0677
6,9,4,7,0.5042,0.4551,0.9508,0.4350,0.0622
6,9,4,8,0.9837,0.9824,0.9973,0.9834,0.0251
6,9,4,9,0.8115,0.7674,0.9736,0.7912,0.0597
6,9,4,10,0.9974,0.9961,0.9989,0.9974,0.0088
6,9,4,11,0.1830,0.2458,0.9659,0.1007,0.0001
6,9,5,0,0.9994,0.9994,1.0000,0.9994,0.0033
6,9,5,1,1.0000,1.0000,1.0000,1.0000,0.0001
6,9,5,2,0.8507,0.8138,0.9803,0.8356,0.0581
6,9,5,3,0.8758,0.8509,0.9457,0.8684,0.0707
6,9,5,4,0.8697,0.8167,0.9689,0.8595,0.0647
6,9,5,5,0.9987,0.9979,0.9999,0.9987,0.0046
6,9,5,6,0.9906,0.9874,0.9992,0.9901,0.0157
6,9,5,7,0.9018,0.8769,0.9948,0.8920,0.0376
6,9,5,8,0.9890,0.9853,0.9982,0.9886,0.0189
6,9,5,9,0.9970,0.9972,0.9993,0.9970,0.0105
6,9,5,10,0.8880,0.8398,0.9755,0.8784,0.0542
6,9,5,11,0.9719,0.9547,0.9967,0.9701,0.0283
6,9,6,0,0.7891,0.7461,0.9425,0.7659,0.0664
6,9,6,1,0.9835,0.9766,0.9963,0.9825,0.0205
6,9,6,2,0.9892,0.9876,0.9975,0.9891,0.0206
6,9,6,3,0.9487,0.9444,0.9903,0.9456,0.0412
6,9,6,4,0.9373,0.9192,0.9617,0.9372,0.0563
6,9,6,5,0.9757,0.9720,0.9943,0.9757,0.0340
6,9,6,6,0.9931,0.9886,0.9986,0.9930,0.0167
6,9,6,7,0.8372,0.7891,0.9333,0.8239,0.0712
6,9,6,8,0.9070,0.8687,0.9787,0.9003,0.0550
6,9,6,9,1.0000,1.0000,1.0000,1.0000,0.0000
6,9,6,10,0.9989,0.9990,0.9999,0.9989,0.0035
6,9,6,11,0.9613,0.9527,0.9903,0.9608,0.0429
6,9,7,0,0.9212,0.9242,0.9928,0.9139,0.0401
6,9,7,1,0.9844,0.9814,0.9988,0.9833,0.0174
6,9,7,2,1.0000,1.0000,1.0000,1.0000,0.0001
6,9,7,3,0.9348,0.9109,0.9623,0.9338,0.0559
6,9,7,4,0.9225,0.8908,0.9924,0.9152,0.0394
6,9,7,5,0.9753,0.9719,0.9945,0.9749,0.0332
6,9,7,6,0.9897,0.9897,0.9978,0.9895,0.0194
6,9,7,7,0.9964,0.9952,0.9996,0.9961,0.0073
6,9,7,8,0.8963,0.8579,0.9758,0.8876,0.0491
6,9,7,9,0.9753,0.9644,0.9902,0.9749,0.0324
6,9,7,10,0.9982,0.9973,0.9999,0.9981,0.0039
6,9,7,11,0.9997,0.9996,0.9999,0.9997,0.0030
6,9,8,0,0.9954,0.9951,0.9986,0.9956,0.0156
6,9,8,1,0.9970,0.9954,0.9999,0.9968,0.0041
6,9,8,2,0.9602,0.9556,0.9888,0.9590,0.0405
6,9,8,3,0.9850,0.9773,0.9953,0.9843,0.0206
6,9,8,4,0.9492,0.9333,0.9951,0.9453,0.0371
6,9,8,5,0.8385,0.8169,0.9546,0.8237,0.0681
6,9,8,6,0.9896,0.9907,0.9986,0.9890,0.0156
6,9,8,7,0.8269,0.8360,0.9880,0.8073,0.0404
6,9,8,8,0.8822,0.8520,0.9748,0.8727,0.0582
6,9,8,9,0.9543,0.9451,0.9777,0.9538,0.0467
6,9,8,10,0.9758,0.9672,0.9868,0.9762,0.0369
6,9,8,11,0.9933,0.9902,0.9933,0.9934,0.0181
6,9,9,0,0.9138,0.8794,0.9498,0.9055,0.0397
6,9,9,1,0.9993,0.9994,1.0000,0.9992,0.0028
6,9,9,2,0.9328,0.9030,0.9713,0.9275,0.0429
6,9,9,3,0.9048,0.8932,0.9814,0.8979,0.0546
6,9,9,4,0.9927,0.9930,0.9992,0.9921,0.0094
6,9,9,5,0.9932,0.9883,0.9923,0.9936,0.0205
6,9,9,6,0.9995,0.9994,0.9998,0.9995,0.0029
6,9,9,7,0.9747,0.9677,0.9927,0.9736,0.0293
6,9,9,8,0.9892,0.9843,0.9876,0.9890,0.0215
6,9,9,9,0.9998,0.9998,1.0000,0.9998,0.0009
6,9,9,10,0.9116,0.8786,0.9909,0.9035,0.0462
6,9,9,11,1.0000,0.9999,1.0000,1.0000,0.0004
6,9,10,0,0.9698,0.9610,0.9787,0.9681,0.0308
6,9,10,1,0.9982,0.9977,0.9998,0.9981,0.0045
6,9,10,2,0.9997,0.9996,0.9998,0.9997,0.0028
6,9,10,3,0.9934,0.9927,0.9982,0.9932,0.0150
6,9,10,4,0.9944,0.9942,0.9969,0.9945,0.0159
6,9,10,5,0.8912,0.8617,0.9927,0.8797,0.0388
6,9,10,6,0.9982,0.9979,0.9987,0.9982,0.0077
6,9,10,7,0.9869,0.9801,0.9891,0.9867,0.0235
6,9,10,8,0.9998,0.9997,0.9999,0.9998,0.0018
6,9,10,9,0.9027,0.8702,0.9875,0.8936,0.0458
6,9,10,10,0.9996,0.9996,0.9999,0.9996,0.0030
6,9,10,11,0.9820,0.9802,0.9983,0.9809,0.0220
6,9,11,0,0.7066,0.6408,0.7084,0.6762,0.0996
6,9,11,1,0.9956,0.9950,0.9988,0.9956,0.0131
6,9,11,2,0.9977,0.9973,0.9989,0.9978,0.0101
6,9,11,3,0.9351,0.9335,0.9723,0.9322,0.0508
6,9,11,4,0.9920,0.9890,0.9947,0.9927,0.0244
6,9,11,5,0.9948,0.9949,0.9982,0.9947,0.0129
6,9,11,6,0.9992,0.9991,0.9997,0.9992,0.0046
6,9,11,7,0.9889,0.9870,0.9974,0.9887,0.0206
6,9,11,8,0.1342,0.4226,0.9298,0.0027,0.0683
6,9,11,9,0.9995,0.9994,0.9999,0.9995,0.0031
6,9,11,10,0.9363,0.9331,0.9797,0.9334,0.0500
6,9,11,11,0.9332,0.9212,0.9792,0.9302,0.0521
6,10,0,0,0.7675,0.7183,0.7979,0.7432,0.0849
6,10,0,1,0.1147,0.1593,0.9664,0.0210,0.0029
6,10,0,2,0.8664,0.8366,0.9104,0.8582,0.0752
6,10,0,3,0.1452,0.1800,0.9643,0.0451,0.0164
6,10,0,4,0.3740,0.3129,0.9520,0.2780,0.0626
6,10,0,5,0.2015,0.1921,0.9620,0.1086,0.0174
6,10,0,6,0.6092,0.5730,0.7829,0.5501,0.0888
6,10,0,7,0.5764,0.5525,0.9017,0.5105,0.0891
6,10,0,8,0.6343,0.6321,0.9299,0.5810,0.0745
6,10,0,9,0.8229,0.7966,0.8956,0.8092,0.0843
6,10,0,10,0.7725,0.7138,0.8743,0.7499,0.0868
6,10,0,11,0.8062,0.7595,0.8398,0.7925,0.0885
6,10,1,0,0.6177,0.5983,0.9667,0.5620,0.0722
6,10,1,1,0.8433,0.8169,0.9587,0.8297,0.0753
6,10,1,2,0.7942,0.7697,0.9503,0.7722,0.0809
6,10,1,3,0.9047,0.8552,0.8752,0.9058,0.0715
6,10,1,4,0.9328,0.9142,0.9556,0.9324,0.0600
6,10,1,5,0.9205,0.8884,0.9780,0.9159,0.0565
6,10,1,6,0.8246,0.7710,0.9767,0.8042,0.0548
6,10,1,7,0.8990,0.8789,0.9458,0.8946,0.0666
6,10,1,8,0.9442,0.9395,0.9866,0.9423,0.0508
6,10,1,9,0.9550,0.9506,0.9936,0.9524,0.0407
6,10,1,10,0.1716,0.4937,0.8697,0.0178,0.0909
6,10,1,11,0.3325,0.2460,0.9644,0.2472,0.0317
6,10,2,0,0.7255,0.6616,0.9105,0.6904,0.0798
6,10,2,1,0.9809,0.9729,0.9909,0.9808,0.0312
6,10,2,2,0.3894,0.4089,0.9762,0.3022,0.0526
6,10,2,3,0.6684,0.6411,0.9740,0.6219,0.0697
6,10,2,4,0.8317,0.8337,0.9893,0.8121,0.0584
6,10,2,5,0.6201,0.6071,0.9418,0.5641,0.0769
6,10,2,6,0.9693,0.9728,0.9964,0.9675,0.0333
6,10,2,7,0.6601,0.6307,0.8341,0.6132,0.0938
6,10,2,8,0.5722,0.6117,0.9614,0.5096,0.0644
6,10,2,9,0.4024,0.4837,0.9157,0.3045,0.0725
6,10,2,10,0.8126,0.7666,0.8861,0.7969,0.0853
6,10,2,11,0.9839,0.9791,0.9925,0.9848,0.0342
6,10,3,0,0.9984,0.9987,1.0000,0.9982,0.0020
6,10,3,1,0.9494,0.9370,0.9944,0.9455,0.0388
6,10,3,2,0.4344,0.4309,0.9740,0.3511,0.0597
6,10,3,3,0.8735,0.8558,0.9918,0.8588,0.0401
6,10,3,4,0.9990,0.9991,0.9999,0.9989,0.0014
6,10,3,5,0.9433,0.9346,0.9598,0.9412,0.0506
6,10,3,6,0.5903,0.5958,0.8631,0.5273,0.0867
6,10,3,7,0.6171,0.5565,0.9679,0.5622,0.0657
6,10,3,8,0.5833,0.5566,0.9784,0.5252,0.0560
6,10,3,9,0.7596,0.7506,0.9795,0.7287,0.0529
6,10,3,10,0.9696,0.9609,0.9943,0.9685,0.0357
6,10,3,11,0.7790,0.7161,0.9598,0.7521,0.0681
6,10,4,0,0.7087,0.6958,0.9820,0.6702,0.0476
6,10,4,1,0.8705,0.8087,0.9876,0.8559,0.0460
6,10,4,2,0.9977,0.9972,0.9990,0.9977,0.0119
6,10,4,3,0.6940,0.6451,0.8846,0.6521,0.0670
6,10,4,4,0.9855,0.9792,0.9969,0.9848,0.0220
6,10,4,5,0.9514,0.9379,0.9958,0.9472,0.0342
6,10,4,6,0.9009,0.8919,0.9585,0.8952,0.0641
6,10,4,7,0.5211,0.4770,0.9540,0.4512,0.0586
6,10,4,8,0.9894,0.9883,0.9981,0.9891,0.0215
6,10,4,9,0.8258,0.7832,0.9760,0.8056,0.0561
6,10,4,10,0.9986,0.9973,0.9991,0.9985,0.0052
6,10,4,11,0.1944,0.2637,0.9670,0.1104,0.0037
6,10,5,0,0.9989,0.9992,1.0000,0.9988,0.0010
6,10,5,1,0.9989,0.9990,0.9999,0.9988,0.0037
6,10,5,2,0.8590,0.8252,0.9824,0.8433,0.0546
6,10,5,3,0.8857,0.8634,0.9487,0.8778,0.0672
6,10,5,4,0.8800,0.8312,0.9715,0.8694,0.0611
6,10,5,5,0.9987,0.9985,1.0000,0.9985,0.0013
6,10,5,6,0.9901,0.9901,0.9996,0.9891,0.0122
6,10,5,7,0.9076,0.8869,0.9959,0.8974,0.0341
6,10,5,8,0.9901,0.9891,0.9987,0.9894,0.0153
6,10,5,9,0.9979,0.9982,0.9996,0.9978,0.0070
6,10,5,10,0.8977,0.8527,0.9777,0.8879,0.0506
6,10,5,11,0.9751,0.9606,0.9976,0.9731,0.0248
6,10,6,0,0.7966,0.7574,0.9453,0.7722,0.0628
6,10,6,1,0.9857,0.9805,0.9969,0.9845,0.0169
6,10,6,2,0.9932,0.9917,0.9981,0.9930,0.0171
6,10,6,3,0.9598,0.9552,0.9917,0.9573,0.0376
6,10,6,4,0.9439,0.9277,0.9641,0.9430,0.0527
6,10,6,5,0.9827,0.9793,0.9954,0.9827,0.0304
6,10,6,6,0.9949,0.9919,0.9991,0.9946,0.0131
6,10,6,7,0.8548,0.8091,0.9368,0.8422,0.0677
6,10,6,8,0.9094,0.8750,0.9806,0.9014,0.0514
6,10,6,9,0.9989,0.9990,0.9999,0.9989,0.0035
6,10,6,10,1.0000,1.0000,1.0000,1.0000,0.0000
6,10,6,11,0.9634,0.9597,0.9917,0.9620,0.0394
6,10,7,0,0.9188,0.9277,0.9940,0.9101,0.0366
6,10,7,1,0.9885,0.9860,0.9993,0.9874,0.0139
6,10,7,2,0.9989,0.9990,0.9999,0.9989,0.0037
6,10,7,3,0.9385,0.9200,0.9648,0.9364,0.0523
6,10,7,4,0.9260,0.9034,0.9938,0.9181,0.0358
6,10,7,5,0.9805,0.9772,0.9954,0.9800,0.0296
6,10,7,6,0.9942,0.9937,0.9983,0.9940,0.0159
6,10,7,7,0.9977,0.9971,0.9998,0.9975,0.0038
6,10,7,8,0.9009,0.8698,0.9780,0.8912,0.0455
6,10,7,9,0.9779,0.9704,0.9913,0.9770,0.0289
6,10,7,10,0.9978,0.9979,1.0000,0.9976,0.0014
6,10,7,11,0.9992,0.9993,1.0000,0.9991,0.0016
6,10,8,0,0.9964,0.9968,0.9990,0.9964,0.0121
6,10,8,1,0.9970,0.9963,1.0000,0.9966,0.0024
6,10,8,2,0.9685,0.9636,0.9902,0.9673,0.0370
6,10,8,3,0.9879,0.9813,0.9961,0.9870,0.0171
6,10,8,4,0.9506,0.9424,0.9962,0.9460,0.0336
6,10,8,5,0.8458,0.8325,0.9573,0.8299,0.0645
6,10,8,6,0.9936,0.9942,0.9990,0.9931,0.0121
6,10,8,7,0.8247,0.8406,0.9895,0.8034,0.0369
6,10,8,8,0.8924,0.8665,0.9772,0.8827,0.0547
6,10,8,9,0.9612,0.9533,0.9794,0.9603,0.0432
6,10,8,10,0.9812,0.9738,0.9881,0.9814,0.0333
6,10,8,11,0.9945,0.9918,0.9937,0.9943,0.0146
6,10,9,0,0.9159,0.8870,0.9510,0.9067,0.0362
6,10,9,1,0.9998,0.9998,1.0000,0.9997,0.0010
6,10,9,2,0.9395,0.9126,0.9728,0.9340,0.0394
6,10,9,3,0.9061,0.9031,0.9835,0.8977,0.0510
6,10,9,4,0.9960,0.9959,0.9994,0.9956,0.0059
6,10,9,5,0.9938,0.9911,0.9930,0.9938,0.0169
6,10,9,6,0.9993,0.9994,0.9998,0.9993,0.0012
6,10,9,7,0.9808,0.9743,0.9937,0.9798,0.0257
6,10,9,8,0.9897,0.9855,0.9881,0.9890,0.0180
6,10,9,9,0.9995,0.9995,0.9999,0.9995,0.0026
6,10,9,10,0.9163,0.8937,0.9924,0.9076,0.0426
6,10,9,11,0.9991,0.9993,0.9999,0.9991,0.0031
6,10,10,0,0.9744,0.9663,0.9795,0.9726,0.0273
6,10,10,1,0.9992,0.9989,0.9999,0.9991,0.0014
6,10,10,2,0.9992,0.9994,0.9999,0.9992,0.0013
6,10,10,3,0.9964,0.9957,0.9986,0.9963,0.0114
6,10,10,4,0.9947,0.9950,0.9972,0.9944,0.0123
6,10,10,5,0.8971,0.8753,0.9939,0.8853,0.0353
6,10,10,6,0.9989,0.9986,0.9988,0.9988,0.0042
6,10,10,7,0.9895,0.9840,0.9898,0.9890,0.0199
6,10,10,8,0.9991,0.9992,0.9999,0.9990,0.0017
6,10,10,9,0.9096,0.8849,0.9892,0.9001,0.0422
6,10,10,10,0.9995,0.9996,0.9999,0.9995,0.0010
6,10,10,11,0.9826,0.9825,0.9989,0.9811,0.0185
6,10,11,0,0.7205,0.6585,0.7146,0.6891,0.0960
6,10,11,1,0.9977,0.9973,0.9991,0.9977,0.0096
6,10,11,2,0.9986,0.9983,0.9992,0.9986,0.0066
6,10,11,3,0.9429,0.9422,0.9740,0.9398,0.0472
6,10,11,4,0.9941,0.9918,0.9956,0.9945,0.0209
6,10,11,5,0.9971,0.9970,0.9985,0.9970,0.0093
6,10,11,6,0.9997,0.9996,0.9999,0.9996,0.0018
6,10,11,7,0.9926,0.9908,0.9980,0.9923,0.0171
6,10,11,8,0.1489,0.4421,0.9334,0.0148,0.0648
6,10,11,9,0.9996,0.9996,1.0000,0.9995,0.0014
6,10,11,10,0.9428,0.9416,0.9815,0.9395,0.0464
6,10,11,11,0.9404,0.9314,0.9811,0.9371,0.0485
6,11,0,0,0.8513,0.8326,0.8666,0.8233,0.0455
6,11,0,1,0.2146,0.3086,0.9607,0.1088,0.0420
6,11,0,2,0.9346,0.9278,0.9551,0.9245,0.0358
6,11,0,3,0.2588,0.3360,0.9639,0.1478,0.0285
6,11,0,4,0.4991,0.4783,0.9734,0.3973,0.0232
6,11,0,5,0.3022,0.3495,0.9581,0.1986,0.0293
6,11,0,6,0.7174,0.7179,0.8549,0.6543,0.0495
6,11,0,7,0.7281,0.7384,0.9492,0.6687,0.0497
6,11,0,8,0.7168,0.7706,0.9683,0.6563,0.0352
6,11,0,9,0.8993,0.9006,0.9449,0.8826,0.0450
6,11,0,10,0.8516,0.8388,0.9280,0.8239,0.0475
6,11,0,11,0.8891,0.8734,0.9015,0.8722,0.0492
6,11,1,0,0.7485,0.7548,0.9891,0.6965,0.0331
6,11,1,1,0.9213,0.9190,0.9863,0.9076,0.0359
6,11,1,2,0.8731,0.8801,0.9800,0.8489,0.0421
6,11,1,3,0.9452,0.9167,0.9277,0.9385,0.0324
6,11,1,4,0.9598,0.9658,0.9855,0.9532,0.0272
6,11,1,5,0.9571,0.9562,0.9954,0.9494,0.0180
6,11,1,6,0.8709,0.8627,0.9960,0.8460,0.0163
6,11,1,7,0.9474,0.9455,0.9792,0.9390,0.0304
6,11,1,8,0.9613,0.9747,0.9984,0.9542,0.0151
6,11,1,9,0.9604,0.9713,0.9976,0.9532,0.0100
6,11,1,10,0.3166,0.6173,0.9180,0.1522,0.0521
6,11,1,11,0.4401,0.4084,0.9653,0.3479,0.0186
6,11,2,0,0.8375,0.8069,0.9540,0.8050,0.0404
6,11,2,1,0.9758,0.9773,0.9994,0.9718,0.0144
6,11,2,2,0.5567,0.6006,0.9880,0.4734,0.0164
6,11,2,3,0.7873,0.7845,0.9902,0.7441,0.0308
6,11,2,4,0.9022,0.9193,0.9945,0.8836,0.0203
6,11,2,5,0.7509,0.7731,0.9761,0.6983,0.0375
6,11,2,6,0.9626,0.9795,0.9978,0.9564,0.0163
6,11,2,7,0.7736,0.7779,0.8977,0.7258,0.0544
6,11,2,8,0.7220,0.7706,0.9881,0.6658,0.0253
6,11,2,9,0.5363,0.6448,0.9585,0.4344,0.0332
6,11,2,10,0.8927,0.8815,0.9382,0.8744,0.0459
6,11,2,11,0.9837,0.9861,1.0000,0.9808,0.0135
6,11,3,0,0.9637,0.9607,0.9917,0.9625,0.0390
6,11,3,1,0.9605,0.9672,0.9977,0.9535,0.0113
6,11,3,2,0.6027,0.6218,0.9896,0.5249,0.0209
6,11,3,3,0.9255,0.9269,0.9934,0.9128,0.0189
6,11,3,4,0.9651,0.9598,0.9925,0.9639,0.0387
6,11,3,5,0.9463,0.9627,0.9853,0.9363,0.0150
6,11,3,6,0.7198,0.7674,0.9202,0.6581,0.0474
6,11,3,7,0.7008,0.6988,0.9895,0.6404,0.0269
6,11,3,8,0.7138,0.7140,0.9856,0.6596,0.0198
6,11,3,9,0.8650,0.8659,0.9857,0.8398,0.0177
6,11,3,10,0.9761,0.9820,0.9974,0.9719,0.0055
6,11,3,11,0.8602,0.8444,0.9835,0.8326,0.0287
6,11,4,0,0.8324,0.8284,0.9863,0.8014,0.0125
6,11,4,1,0.9278,0.8996,0.9945,0.9146,0.0122
6,11,4,2,0.9730,0.9711,0.9959,0.9708,0.0277
6,11,4,3,0.7469,0.7555,0.9278,0.6951,0.0277
6,11,4,4,0.9820,0.9845,0.9986,0.9799,0.0173
6,11,4,5,0.9696,0.9729,0.9987,0.9646,0.0101
6,11,4,6,0.9411,0.9569,0.9870,0.9307,0.0248
6,11,4,7,0.6272,0.6295,0.9782,0.5534,0.0206
6,11,4,8,0.9742,0.9792,0.9975,0.9708,0.0192
6,11,4,9,0.8833,0.8861,0.9953,0.8609,0.0171
6,11,4,10,0.9641,0.9654,0.9947,0.9616,0.0341
6,11,4,11,0.3362,0.4337,0.9570,0.2489,0.0430
6,11,5,0,0.9660,0.9590,0.9914,0.9652,0.0396
6,11,5,1,0.9605,0.9517,0.9899,0.9601,0.0430
6,11,5,2,0.8873,0.9026,0.9959,0.8661,0.0168
6,11,5,3,0.9514,0.9474,0.9802,0.9434,0.0278
6,11,5,4,0.9389,0.9244,0.9937,0.9277,0.0223
6,11,5,5,0.9653,0.9627,0.9922,0.9642,0.0383
6,11,5,6,0.9767,0.9746,0.9940,0.9753,0.0272
6,11,5,7,0.9255,0.9327,0.9973,0.9131,0.0113
6,11,5,8,0.9722,0.9748,0.9967,0.9695,0.0243
6,11,5,9,0.9678,0.9662,0.9945,0.9656,0.0324
6,11,5,10,0.9067,0.9138,0.9959,0.8892,0.0144
6,11,5,11,0.9664,0.9707,0.9958,0.9618,0.0188
6,11,6,0,0.8731,0.8607,0.9766,0.8484,0.0240
6,11,6,1,0.9653,0.9693,0.9977,0.9614,0.0232
6,11,6,2,0.9726,0.9754,0.9974,0.9696,0.0231
6,11,6,3,0.9507,0.9686,0.9993,0.9422,0.0159
6,11,6,4,0.9692,0.9684,0.9890,0.9639,0.0144
6,11,6,5,0.9737,0.9844,0.9992,0.9694,0.0129
6,11,6,6,0.9754,0.9765,0.9958,0.9735,0.0262
6,11,6,7,0.8951,0.8976,0.9735,0.8752,0.0283
6,11,6,8,0.9529,0.9392,0.9969,0.9442,0.0142
6,11,6,9,0.9613,0.9527,0.9903,0.9608,0.0429
6,11,6,10,0.9634,0.9597,0.9917,0.9620,0.0394
6,11,6,11,1.0000,1.0000,1.0000,1.0000,0.0000
6,11,7,0,0.9607,0.9632,0.9987,0.9543,0.0161
6,11,7,1,0.9587,0.9647,0.9955,0.9544,0.0257
6,11,7,2,0.9611,0.9525,0.9901,0.9606,0.0430
6,11,7,3,0.9744,0.9726,0.9899,0.9700,0.0153
6,11,7,4,0.9484,0.9473,0.9960,0.9400,0.0201
6,11,7,5,0.9804,0.9854,0.9990,0.9773,0.0113
6,11,7,6,0.9622,0.9695,0.9971,0.9578,0.0237
6,11,7,7,0.9638,0.9643,0.9936,0.9618,0.0356
6,11,7,8,0.9419,0.9385,0.9961,0.9311,0.0101
6,11,7,9,0.9838,0.9860,0.9991,0.9814,0.0115
6,11,7,10,0.9650,0.9619,0.9919,0.9639,0.0390
6,11,7,11,0.9649,0.9586,0.9919,0.9638,0.0399
6,11,8,0,0.9741,0.9721,0.9961,0.9720,0.0273
6,11,8,1,0.9636,0.9611,0.9918,0.9623,0.0388
6,11,8,2,0.9608,0.9702,0.9979,0.9539,0.0134
6,11,8,3,0.9638,0.9659,0.9981,0.9596,0.0223
6,11,8,4,0.9771,0.9761,0.9986,0.9736,0.0147
6,11,8,5,0.9264,0.9251,0.9860,0.9128,0.0252
6,11,8,6,0.9604,0.9691,0.9959,0.9565,0.0273
6,11,8,7,0.8988,0.9092,0.9923,0.8817,0.0159
6,11,8,8,0.9309,0.9363,0.9963,0.9179,0.0169
6,11,8,9,0.9719,0.9811,0.9961,0.9668,0.0091
6,11,8,10,0.9799,0.9837,0.9986,0.9766,0.0089
6,11,8,11,0.9689,0.9687,0.9960,0.9658,0.0248
6,11,9,0,0.9208,0.9014,0.9712,0.9076,0.0181
6,11,9,1,0.9633,0.9584,0.9911,0.9623,0.0401
6,11,9,2,0.9370,0.9400,0.9895,0.9261,0.0165
6,11,9,3,0.9641,0.9667,0.9979,0.9575,0.0140
6,11,9,4,0.9579,0.9618,0.9941,0.9548,0.0335
6,11,9,5,0.9769,0.9773,0.9971,0.9744,0.0227
6,11,9,6,0.9632,0.9578,0.9923,0.9620,0.0400
6,11,9,7,0.9635,0.9723,0.9989,0.9580,0.0147
6,11,9,8,0.9671,0.9659,0.9935,0.9633,0.0216
6,11,9,9,0.9616,0.9553,0.9911,0.9607,0.0420
6,11,9,10,0.9560,0.9446,0.9953,0.9484,0.0169
6,11,9,11,0.9625,0.9544,0.9909,0.9618,0.0425
6,11,10,0,0.9559,0.9589,0.9905,0.9492,0.0155
6,11,10,1,0.9626,0.9606,0.9928,0.9609,0.0384
6,11,10,2,0.9653,0.9585,0.9924,0.9643,0.0401
6,11,10,3,0.9655,0.9699,0.9963,0.9623,0.0279
6,11,10,4,0.9721,0.9686,0.9959,0.9698,0.0270
6,11,10,5,0.9179,0.9207,0.9932,0.9047,0.0230
6,11,10,6,0.9651,0.9611,0.9940,0.9632,0.0352
6,11,10,7,0.9689,0.9702,0.9954,0.9650,0.0194
6,11,10,8,0.9631,0.9567,0.9916,0.9621,0.0411
6,11,10,9,0.9290,0.9313,0.9987,0.9165,0.0160
6,11,10,10,0.9635,0.9575,0.9921,0.9622,0.0399
6,11,10,11,0.9777,0.9745,0.9964,0.9757,0.0219
6,11,11,0,0.8250,0.7946,0.7956,0.7923,0.0567
6,11,11,1,0.9702,0.9698,0.9958,0.9677,0.0298
6,11,11,2,0.9678,0.9650,0.9949,0.9657,0.0328
6,11,11,3,0.9565,0.9681,0.9929,0.9485,0.0126
6,11,11,4,0.9800,0.9786,0.9985,0.9776,0.0211
6,11,11,5,0.9658,0.9680,0.9957,0.9630,0.0300
6,11,11,6,0.9652,0.9603,0.9930,0.9637,0.0383
6,11,11,7,0.9708,0.9765,0.9975,0.9675,0.0223
6,11,11,8,0.2719,0.5635,0.9549,0.1232,0.0260
6,11,11,9,0.9646,0.9594,0.9922,0.9634,0.0397
6,11,11,10,0.9627,0.9730,0.9974,0.9559,0.0108
6,11,11,11,0.9600,0.9684,0.9976,0.9526,0.0134
7,0,0,0,0.7975,0.8016,0.8549,0.7608,0.0556
7,0,0,1,0.1587,0.2829,0.9721,0.0508,0.0392
7,0,0,2,0.8786,0.8808,0.9487,0.8590,0.0459
7,0,0,3,0.2090,0.3097,0.9743,0.0965,0.0215
7,0,0,4,0.4550,0.4697,0.9771,0.3506,0.0291
7,0,0,5,0.2421,0.3266,0.9695,0.1351,0.0223
7,0,0,6,0.6919,0.6984,0.8408,0.6286,0.0582
7,0,0,7,0.6815,0.6986,0.9410,0.6165,0.0580
7,0,0,8,0.6566,0.7463,0.9639,0.5879,0.0442
7,0,0,9,0.8364,0.8484,0.9370,0.8086,0.0567
7,0,0,10,0.7706,0.7900,0.9213,0.7273,0.0558
7,0,0,11,0.8230,0.8255,0.8925,0.7936,0.0590
7,0,1,0,0.7130,0.7052,0.9870,0.6578,0.0416
7,0,1,1,0.8560,0.8568,0.9821,0.8310,0.0463
7,0,1,2,0.7935,0.8092,0.9767,0.7550,0.0522
7,0,1,3,0.9128,0.9051,0.9192,0.9018,0.0401
7,0,1,4,0.8909,0.9094,0.9792,0.8725,0.0386
7,0,1,5,0.8784,0.8970,0.9939,0.8572,0.0262
7,0,1,6,0.7897,0.8106,0.9933,0.7518,0.0245
7,0,1,7,0.8787,0.8923,0.9742,0.8583,0.0429
7,0,1,8,0.8906,0.9169,0.9976,0.8717,0.0254
7,0,1,9,0.8872,0.9137,0.9985,0.8682,0.0164
7,0,1,10,0.3303,0.5982,0.9176,0.1790,0.0611
7,0,1,11,0.3663,0.3832,0.9749,0.2672,0.0075
7,0,2,0,0.8250,0.7954,0.9498,0.7938,0.0487
7,0,2,1,0.9166,0.9380,0.9984,0.9030,0.0188
7,0,2,2,0.6095,0.6203,0.9911,0.5405,0.0192
7,0,2,3,0.7443,0.7312,0.9901,0.6959,0.0383
7,0,2,4,0.8798,0.8933,0.9970,0.8589,0.0257
7,0,2,5,0.7293,0.7461,0.9690,0.6766,0.0458
7,0,2,6,0.9040,0.9315,0.9990,0.8885,0.0167
7,0,2,7,0.7199,0.7353,0.8846,0.6639,0.0632
7,0,2,8,0.7404,0.7761,0.9851,0.6920,0.0333
7,0,2,9,0.5455,0.6371,0.9523,0.4524,0.0422
7,0,2,10,0.8241,0.8206,0.9270,0.7934,0.0560
7,0,2,11,0.9335,0.9455,0.9989,0.9225,0.0223
7,0,3,0,0.9220,0.9321,0.9939,0.9139,0.0362
7,0,3,1,0.8906,0.9149,0.9984,0.8724,0.0091
7,0,3,2,0.6217,0.6166,0.9906,0.5522,0.0273
7,0,3,3,0.9380,0.9379,0.9965,0.9279,0.0054
7,0,3,4,0.9237,0.9311,0.9944,0.9156,0.0359
7,0,3,5,0.8813,0.9293,0.9802,0.8607,0.0235
7,0,3,6,0.6811,0.7377,0.9108,0.6158,0.0561
7,0,3,7,0.6915,0.6894,0.9894,0.6334,0.0338
7,0,3,8,0.7383,0.7143,0.9889,0.6919,0.0220
7,0,3,9,0.8719,0.8627,0.9913,0.8498,0.0173
7,0,3,10,0.9154,0.9353,0.9977,0.9014,0.0122
7,0,3,11,0.8217,0.8286,0.9840,0.7893,0.0352
7,0,4,0,0.8552,0.8371,0.9909,0.8302,0.0168
7,0,4,1,0.8997,0.8758,0.9966,0.8827,0.0152
7,0,4,2,0.9280,0.9412,0.9974,0.9185,0.0278
7,0,4,3,0.7409,0.7581,0.9222,0.6920,0.0333
7,0,4,4,0.9395,0.9565,0.9985,0.9305,0.0153
7,0,4,5,0.9086,0.9330,0.9985,0.8937,0.0123
7,0,4,6,0.8799,0.9105,0.9813,0.8593,0.0362
7,0,4,7,0.5582,0.5935,0.9789,0.4759,0.0254
7,0,4,8,0.9191,0.9360,0.9983,0.9070,0.0209
7,0,4,9,0.8322,0.8471,0.9935,0.8023,0.0230
7,0,4,10,0.9203,0.9376,0.9955,0.9107,0.0314
7,0,4,11,0.4250,0.4581,0.9685,0.3533,0.0403
7,0,5,0,0.9263,0.9310,0.9938,0.9188,0.0369
7,0,5,1,0.9205,0.9228,0.9925,0.9133,0.0403
7,0,5,2,0.8654,0.9012,0.9967,0.8421,0.0214
7,0,5,3,0.9024,0.9109,0.9760,0.8865,0.0350
7,0,5,4,0.8954,0.8844,0.9893,0.8776,0.0295
7,0,5,5,0.9208,0.9309,0.9940,0.9123,0.0356
7,0,5,6,0.9490,0.9534,0.9961,0.9427,0.0244
7,0,5,7,0.8829,0.9059,0.9986,0.8641,0.0077
7,0,5,8,0.9189,0.9387,0.9977,0.9077,0.0220
7,0,5,9,0.9267,0.9378,0.9961,0.9177,0.0296
7,0,5,10,0.8663,0.8836,0.9932,0.8431,0.0156
7,0,5,11,0.9099,0.9337,0.9973,0.8963,0.0118
7,0,6,0,0.8459,0.8364,0.9735,0.8184,0.0312
7,0,6,1,0.9086,0.9298,0.9978,0.8957,0.0205
7,0,6,2,0.9188,0.9367,0.9980,0.9072,0.0240
7,0,6,3,0.8781,0.9186,0.9998,0.8580,0.0184
7,0,6,4,0.9384,0.9508,0.9857,0.9286,0.0235
7,0,6,5,0.9183,0.9403,0.9990,0.9050,0.0169
7,0,6,6,0.9255,0.9379,0.9965,0.9156,0.0237
7,0,6,7,0.8328,0.8432,0.9643,0.8027,0.0376
7,0,6,8,0.9500,0.9520,0.9949,0.9419,0.0159
7,0,6,9,0.9212,0.9242,0.9928,0.9139,0.0401
7,0,6,10,0.9188,0.9277,0.9940,0.9101,0.0366
7,0,6,11,0.9607,0.9632,0.9987,0.9543,0.0161
7,0,7,0,1.0000,1.0000,1.0000,1.0000,0.0000
7,0,7,1,0.9023,0.9230,0.9968,0.8892,0.0230
7,0,7,2,0.9209,0.9237,0.9927,0.9136,0.0403
7,0,7,3,0.9353,0.9451,0.9857,0.9248,0.0226
7,0,7,4,0.8889,0.9049,0.9979,0.8712,0.0115
7,0,7,5,0.9306,0.9568,0.9992,0.9195,0.0153
7,0,7,6,0.9134,0.9385,0.9982,0.9013,0.0249
7,0,7,7,0.9162,0.9304,0.9956,0.9065,0.0328
7,0,7,8,0.9009,0.9015,0.9944,0.8840,0.0178
7,0,7,9,0.9283,0.9469,0.9972,0.9169,0.0143
7,0,7,10,0.9195,0.9281,0.9940,0.9110,0.0362
7,0,7,11,0.9234,0.9305,0.9943,0.9155,0.0371
7,0,8,0,0.9334,0.9443,0.9972,0.9246,0.0264
7,0,8,1,0.9173,0.9263,0.9941,0.9086,0.0361
7,0,8,2,0.8961,0.9255,0.9994,0.8789,0.0195
7,0,8,3,0.9068,0.9240,0.9987,0.8937,0.0214
7,0,8,4,0.9346,0.9475,0.9991,0.9242,0.0093
7,0,8,5,0.8938,0.8824,0.9804,0.8758,0.0329
7,0,8,6,0.9115,0.9366,0.9973,0.8998,0.0245
7,0,8,7,0.9510,0.9537,0.9964,0.9431,0.0066
7,0,8,8,0.8602,0.8764,0.9929,0.8357,0.0278
7,0,8,9,0.9253,0.9471,0.9924,0.9128,0.0192
7,0,8,10,0.9279,0.9428,0.9962,0.9161,0.0177
7,0,8,11,0.9288,0.9444,0.9952,0.9191,0.0223
7,0,9,0,0.8791,0.8677,0.9663,0.8597,0.0064
7,0,9,1,0.9195,0.9274,0.9935,0.9112,0.0374
7,0,9,2,0.8785,0.8913,0.9843,0.8585,0.0093
7,0,9,3,0.9726,0.9678,0.9970,0.9686,0.0178
7,0,9,4,0.9065,0.9249,0.9952,0.8953,0.0307
7,0,9,5,0.9340,0.9452,0.9954,0.9245,0.0220
7,0,9,6,0.9202,0.9271,0.9941,0.9119,0.0373
7,0,9,7,0.8983,0.9229,0.9976,0.8826,0.0172
7,0,9,8,0.9332,0.9497,0.9914,0.9238,0.0192
7,0,9,9,0.9194,0.9251,0.9933,0.9115,0.0392
7,0,9,10,0.9009,0.8987,0.9969,0.8845,0.0144
7,0,9,11,0.9220,0.9255,0.9933,0.9145,0.0397
7,0,10,0,0.9069,0.9229,0.9870,0.8924,0.0109
7,0,10,1,0.9159,0.9271,0.9950,0.9067,0.0357
7,0,10,2,0.9229,0.9288,0.9944,0.9149,0.0374
7,0,10,3,0.9172,0.9376,0.9975,0.9062,0.0252
7,0,10,4,0.9353,0.9458,0.9960,0.9268,0.0245
7,0,10,5,0.8411,0.8804,0.9966,0.8163,0.0134
7,0,10,6,0.9216,0.9306,0.9949,0.9126,0.0324
7,0,10,7,0.9215,0.9361,0.9929,0.9100,0.0174
7,0,10,8,0.9222,0.9288,0.9938,0.9144,0.0383
7,0,10,9,0.8625,0.8855,0.9982,0.8396,0.0153
7,0,10,10,0.9222,0.9283,0.9942,0.9141,0.0371
7,0,10,11,0.9550,0.9579,0.9979,0.9489,0.0181
7,0,11,0,0.7808,0.7768,0.7819,0.7418,0.0649
7,0,11,1,0.9238,0.9362,0.9971,0.9139,0.0286
7,0,11,2,0.9256,0.9358,0.9966,0.9166,0.0300
7,0,11,3,0.9304,0.9474,0.9894,0.9187,0.0190
7,0,11,4,0.9379,0.9491,0.9992,0.9286,0.0239
7,0,11,5,0.9174,0.9360,0.9964,0.9069,0.0275
7,0,11,6,0.9216,0.9290,0.9949,0.9130,0.0356
7,0,11,7,0.9123,0.9390,0.9985,0.8999,0.0214
7,0,11,8,0.2877,0.5650,0.9614,0.1505,0.0314
7,0,11,9,0.9214,0.9289,0.9944,0.9131,0.0370
7,0,11,10,0.9334,0.9472,0.9949,0.9222,0.0159
7,0,11,11,0.9263,0.9361,0.9938,0.9139,0.0201
7,1,0,0,0.7879,0.7604,0.8173,0.7609,0.0710
7,1,0,1,0.1506,0.2154,0.9664,0.0539,0.0165
7,1,0,2,0.8844,0.8680,0.9236,0.8745,0.0613
7,1,0,3,0.1862,0.2414,0.9655,0.0836,0.0075
7,1,0,4,0.4182,0.3757,0.9589,0.3213,0.0487
7,1,0,5,0.2334,0.2542,0.9627,0.1374,0.0091
7,1,0,6,0.6427,0.6257,0.8035,0.5823,0.0749
7,1,0,7,0.6223,0.6160,0.9155,0.5578,0.0752
7,1,0,8,0.6672,0.6829,0.9415,0.6131,0.0606
7,1,0,9,0.8515,0.8368,0.9100,0.8375,0.0704
7,1,0,10,0.8058,0.7633,0.8904,0.7834,0.0729
7,1,0,11,0.8373,0.8049,0.8576,0.8236,0.0746
7,1,1,0,0.6504,0.6567,0.9743,0.5937,0.0582
7,1,1,1,0.8702,0.8586,0.9678,0.8565,0.0614
7,1,1,2,0.8291,0.8188,0.9601,0.8081,0.0673
7,1,1,3,0.9120,0.8739,0.8903,0.9092,0.0576
7,1,1,4,0.9522,0.9423,0.9652,0.9513,0.0474
7,1,1,5,0.9315,0.9168,0.9846,0.9252,0.0426
7,1,1,6,0.8396,0.8094,0.9835,0.8175,0.0409
7,1,1,7,0.9159,0.9061,0.9560,0.9101,0.0530
7,1,1,8,0.9591,0.9593,0.9913,0.9566,0.0374
7,1,1,9,0.9684,0.9680,0.9962,0.9656,0.0273
7,1,1,10,0.2094,0.5448,0.8844,0.0513,0.0773
7,1,1,11,0.3648,0.3084,0.9663,0.2771,0.0184
7,1,2,0,0.7557,0.7140,0.9240,0.7199,0.0659
7,1,2,1,0.9733,0.9745,0.9945,0.9705,0.0184
7,1,2,2,0.4179,0.4702,0.9808,0.3276,0.0387
7,1,2,3,0.6942,0.6984,0.9801,0.6460,0.0560
7,1,2,4,0.8355,0.8603,0.9925,0.8125,0.0445
7,1,2,5,0.6483,0.6625,0.9522,0.5904,0.0630
7,1,2,6,0.9779,0.9835,0.9984,0.9757,0.0202
7,1,2,7,0.6969,0.6855,0.8521,0.6499,0.0799
7,1,2,8,0.5937,0.6511,0.9699,0.5279,0.0505
7,1,2,9,0.4293,0.5344,0.9285,0.3273,0.0586
7,1,2,10,0.8407,0.8122,0.9015,0.8246,0.0714
7,1,2,11,0.9835,0.9830,0.9961,0.9826,0.0232
7,1,3,0,0.9840,0.9844,0.9993,0.9825,0.0135
7,1,3,1,0.9630,0.9608,0.9968,0.9591,0.0249
7,1,3,2,0.4559,0.4915,0.9794,0.3685,0.0458
7,1,3,3,0.8838,0.8810,0.9943,0.8681,0.0262
7,1,3,4,0.9864,0.9849,0.9994,0.9850,0.0132
7,1,3,5,0.9468,0.9451,0.9677,0.9422,0.0367
7,1,3,6,0.6291,0.6603,0.8798,0.5659,0.0728
7,1,3,7,0.6525,0.6118,0.9753,0.5973,0.0518
7,1,3,8,0.6068,0.6106,0.9822,0.5464,0.0424
7,1,3,9,0.7744,0.7768,0.9829,0.7415,0.0390
7,1,3,10,0.9763,0.9749,0.9970,0.9743,0.0218
7,1,3,11,0.8061,0.7671,0.9680,0.7788,0.0542
7,1,4,0,0.7001,0.7226,0.9849,0.6556,0.0340
7,1,4,1,0.8796,0.8468,0.9915,0.8634,0.0324
7,1,4,2,0.9857,0.9867,0.9996,0.9839,0.0096
7,1,4,3,0.6989,0.6737,0.8983,0.6518,0.0531
7,1,4,4,0.9738,0.9793,0.9991,0.9705,0.0108
7,1,4,5,0.9382,0.9497,0.9983,0.9304,0.0203
7,1,4,6,0.9174,0.9185,0.9675,0.9105,0.0502
7,1,4,7,0.5508,0.5297,0.9615,0.4790,0.0447
7,1,4,8,0.9904,0.9904,0.9996,0.9893,0.0121
7,1,4,9,0.8341,0.8164,0.9828,0.8110,0.0422
7,1,4,10,0.9873,0.9856,0.9994,0.9858,0.0089
7,1,4,11,0.2285,0.3197,0.9662,0.1420,0.0176
7,1,5,0,0.9844,0.9831,0.9992,0.9830,0.0142
7,1,5,1,0.9841,0.9810,0.9987,0.9830,0.0176
7,1,5,2,0.8563,0.8516,0.9878,0.8367,0.0407
7,1,5,3,0.8862,0.8844,0.9583,0.8739,0.0533
7,1,5,4,0.8968,0.8720,0.9792,0.8850,0.0472
7,1,5,5,0.9863,0.9871,0.9994,0.9849,0.0129
7,1,5,6,0.9845,0.9869,0.9998,0.9825,0.0080
7,1,5,7,0.9095,0.9112,0.9982,0.8975,0.0210
7,1,5,8,0.9884,0.9887,0.9996,0.9869,0.0046
7,1,5,9,0.9875,0.9868,0.9997,0.9860,0.0088
7,1,5,10,0.8957,0.8731,0.9845,0.8824,0.0367
7,1,5,11,0.9702,0.9689,0.9990,0.9665,0.0135
7,1,6,0,0.7846,0.7806,0.9544,0.7532,0.0489
7,1,6,1,0.9821,0.9872,0.9987,0.9799,0.0062
7,1,6,2,0.9850,0.9867,0.9993,0.9831,0.0084
7,1,6,3,0.9622,0.9656,0.9953,0.9581,0.0237
7,1,6,4,0.9559,0.9490,0.9722,0.9539,0.0388
7,1,6,5,0.9881,0.9876,0.9982,0.9874,0.0189
7,1,6,6,0.9847,0.9877,0.9999,0.9828,0.0079
7,1,6,7,0.8791,0.8496,0.9483,0.8661,0.0538
7,1,6,8,0.9026,0.8885,0.9866,0.8904,0.0375
7,1,6,9,0.9844,0.9814,0.9988,0.9833,0.0174
7,1,6,10,0.9885,0.9860,0.9993,0.9874,0.0139
7,1,6,11,0.9587,0.9647,0.9955,0.9544,0.0257
7,1,7,0,0.9023,0.9230,0.9968,0.8892,0.0230
7,1,7,1,1.0000,1.0000,1.0000,1.0000,0.0000
7,1,7,2,0.9844,0.9814,0.9988,0.9832,0.0176
7,1,7,3,0.9453,0.9357,0.9730,0.9410,0.0384
7,1,7,4,0.9284,0.9260,0.9963,0.9190,0.0222
7,1,7,5,0.9761,0.9780,0.9977,0.9735,0.0157
7,1,7,6,0.9944,0.9924,0.9995,0.9938,0.0080
7,1,7,7,0.9865,0.9897,0.9997,0.9851,0.0101
7,1,7,8,0.9056,0.8996,0.9844,0.8937,0.0316
7,1,7,9,0.9744,0.9759,0.9950,0.9715,0.0155
7,1,7,10,0.9863,0.9882,0.9994,0.9850,0.0135
7,1,7,11,0.9858,0.9838,0.9993,0.9845,0.0144
7,1,8,0,0.9847,0.9858,0.9997,0.9828,0.0089
7,1,8,1,0.9841,0.9884,0.9994,0.9826,0.0134
7,1,8,2,0.9812,0.9796,0.9936,0.9800,0.0244
7,1,8,3,0.9873,0.9874,0.9981,0.9857,0.0060
7,1,8,4,0.9401,0.9509,0.9986,0.9324,0.0197
7,1,8,5,0.8493,0.8539,0.9662,0.8295,0.0506
7,1,8,6,0.9915,0.9916,0.9997,0.9904,0.0050
7,1,8,7,0.8063,0.8424,0.9918,0.7795,0.0235
7,1,8,8,0.9074,0.9062,0.9841,0.8967,0.0408
7,1,8,9,0.9706,0.9692,0.9854,0.9688,0.0300
7,1,8,10,0.9808,0.9791,0.9924,0.9793,0.0207
7,1,8,11,0.9868,0.9848,0.9955,0.9851,0.0088
7,1,9,0,0.9197,0.9012,0.9577,0.9091,0.0223
7,1,9,1,0.9878,0.9852,0.9992,0.9867,0.0147
7,1,9,2,0.9512,0.9376,0.9789,0.9454,0.0254
7,1,9,3,0.9073,0.9159,0.9890,0.8959,0.0371
7,1,9,4,0.9899,0.9903,0.9995,0.9887,0.0083
7,1,9,5,0.9845,0.9851,0.9956,0.9825,0.0109
7,1,9,6,0.9870,0.9850,0.9993,0.9858,0.0146
7,1,9,7,0.9860,0.9849,0.9965,0.9846,0.0129
7,1,9,8,0.9802,0.9758,0.9907,0.9776,0.0096
7,1,9,9,0.9864,0.9837,0.9991,0.9853,0.0165
7,1,9,10,0.9195,0.9148,0.9952,0.9091,0.0287
7,1,9,11,0.9849,0.9822,0.9990,0.9836,0.0171
7,1,10,0,0.9738,0.9701,0.9836,0.9706,0.0136
7,1,10,1,0.9880,0.9882,0.9995,0.9868,0.0130
7,1,10,2,0.9864,0.9842,0.9993,0.9851,0.0147
7,1,10,3,0.9924,0.9910,0.9995,0.9914,0.0056
7,1,10,4,0.9826,0.9829,0.9982,0.9803,0.0068
7,1,10,5,0.9038,0.9019,0.9957,0.8910,0.0216
7,1,10,6,0.9881,0.9860,0.9989,0.9868,0.0100
7,1,10,7,0.9843,0.9827,0.9928,0.9824,0.0113
7,1,10,8,0.9855,0.9832,0.9992,0.9842,0.0156
7,1,10,9,0.9217,0.9129,0.9938,0.9116,0.0283
7,1,10,10,0.9866,0.9841,0.9993,0.9854,0.0144
7,1,10,11,0.9732,0.9787,0.9997,0.9698,0.0072
7,1,11,0,0.7522,0.7070,0.7369,0.7201,0.0821
7,1,11,1,0.9903,0.9899,0.9997,0.9891,0.0088
7,1,11,2,0.9891,0.9877,0.9995,0.9878,0.0087
7,1,11,3,0.9465,0.9535,0.9802,0.9412,0.0333
7,1,11,4,0.9879,0.9860,0.9978,0.9865,0.0140
7,1,11,5,0.9920,0.9904,0.9992,0.9911,0.0067
7,1,11,6,0.9887,0.9864,0.9995,0.9876,0.0129
7,1,11,7,0.9909,0.9910,0.9993,0.9898,0.0068
7,1,11,8,0.1781,0.4976,0.9413,0.0384,0.0512
7,1,11,9,0.9883,0.9859,0.9994,0.9872,0.0143
7,1,11,10,0.9463,0.9552,0.9873,0.9409,0.0325
7,1,11,11,0.9501,0.9509,0.9872,0.9455,0.0346
7,2,0,0,0.7538,0.6997,0.7917,0.7304,0.0885
7,2,0,1,0.1008,0.1418,0.9652,0.0092,0.0010
7,2,0,2,0.8557,0.8210,0.9059,0.8483,0.0788
7,2,0,3,0.1312,0.1613,0.9628,0.0332,0.0201
7,2,0,4,0.3550,0.2904,0.9487,0.2601,0.0662
7,2,0,5,0.1897,0.1731,0.9606,0.0990,0.0209
7,2,0,6,0.5919,0.5516,0.7764,0.5336,0.0925
7,2,0,7,0.5568,0.5307,0.8968,0.4913,0.0927
7,2,0,8,0.6174,0.6115,0.9256,0.5648,0.0782
7,2,0,9,0.8079,0.7799,0.8906,0.7945,0.0880
7,2,0,10,0.7553,0.6939,0.8686,0.7328,0.0905
7,2,0,11,0.7892,0.7409,0.8337,0.7755,0.0922
7,2,1,0,0.5998,0.5763,0.9636,0.5444,0.0758
7,2,1,1,0.8285,0.7988,0.9552,0.8150,0.0790
7,2,1,2,0.7760,0.7500,0.9465,0.7537,0.0846
7,2,1,3,0.8972,0.8451,0.8703,0.8996,0.0752
7,2,1,4,0.9207,0.9007,0.9523,0.9202,0.0636
7,2,1,5,0.9106,0.8745,0.9754,0.9063,0.0602
7,2,1,6,0.8158,0.7536,0.9742,0.7963,0.0585
7,2,1,7,0.8865,0.8652,0.9422,0.8822,0.0703
7,2,1,8,0.9332,0.9279,0.9846,0.9313,0.0544
7,2,1,9,0.9464,0.9410,0.9922,0.9439,0.0443
7,2,1,10,0.1552,0.4744,0.8643,0.0044,0.0946
7,2,1,11,0.3213,0.2265,0.9627,0.2380,0.0354
7,2,2,0,0.7131,0.6433,0.9056,0.6792,0.0834
7,2,2,1,0.9751,0.9657,0.9894,0.9752,0.0349
7,2,2,2,0.3745,0.3890,0.9739,0.2889,0.0563
7,2,2,3,0.6533,0.6200,0.9713,0.6075,0.0733
7,2,2,4,0.8221,0.8198,0.9876,0.8033,0.0620
7,2,2,5,0.6029,0.5865,0.9380,0.5475,0.0805
7,2,2,6,0.9600,0.9643,0.9953,0.9580,0.0370
7,2,2,7,0.6387,0.6073,0.8279,0.5915,0.0975
7,2,2,8,0.5582,0.5956,0.9582,0.4967,0.0681
7,2,2,9,0.3861,0.4610,0.9113,0.2899,0.0762
7,2,2,10,0.7958,0.7462,0.8809,0.7801,0.0889
7,2,2,11,0.9788,0.9727,0.9910,0.9801,0.0379
7,2,3,0,0.9990,0.9985,0.9999,0.9990,0.0041
7,2,3,1,0.9419,0.9262,0.9931,0.9382,0.0425
7,2,3,2,0.4209,0.4102,0.9714,0.3393,0.0634
7,2,3,3,0.8711,0.8458,0.9904,0.8574,0.0438
7,2,3,4,0.9990,0.9990,0.9998,0.9990,0.0043
7,2,3,5,0.9321,0.9236,0.9572,0.9299,0.0543
7,2,3,6,0.5730,0.5734,0.8575,0.5108,0.0904
7,2,3,7,0.6029,0.5374,0.9649,0.5489,0.0694
7,2,3,8,0.5710,0.5379,0.9763,0.5141,0.0597
7,2,3,9,0.7532,0.7359,0.9776,0.7236,0.0565
7,2,3,10,0.9630,0.9526,0.9930,0.9620,0.0394
7,2,3,11,0.7658,0.6990,0.9565,0.7393,0.0718
7,2,4,0,0.7028,0.6814,0.9801,0.6660,0.0513
7,2,4,1,0.8668,0.7945,0.9857,0.8535,0.0497
7,2,4,2,0.9956,0.9949,0.9985,0.9958,0.0156
7,2,4,3,0.6860,0.6317,0.8805,0.6459,0.0707
7,2,4,4,0.9832,0.9740,0.9959,0.9829,0.0257
7,2,4,5,0.9458,0.9287,0.9945,0.9421,0.0379
7,2,4,6,0.8886,0.8784,0.9553,0.8831,0.0678
7,2,4,7,0.5038,0.4552,0.9507,0.4348,0.0623
7,2,4,8,0.9837,0.9824,0.9973,0.9834,0.0252
7,2,4,9,0.8115,0.7666,0.9734,0.7913,0.0598
7,2,4,10,0.9974,0.9960,0.9988,0.9974,0.0089
7,2,4,11,0.1828,0.2456,0.9661,0.1006,0.0000
7,2,5,0,0.9994,0.9994,1.0000,0.9994,0.0034
7,2,5,1,1.0000,1.0000,1.0000,1.0000,0.0000
7,2,5,2,0.8505,0.8134,0.9801,0.8355,0.0582
7,2,5,3,0.8754,0.8503,0.9453,0.8680,0.0708
7,2,5,4,0.8695,0.8166,0.9687,0.8593,0.0648
7,2,5,5,0.9987,0.9980,0.9999,0.9986,0.0047
7,2,5,6,0.9905,0.9873,0.9992,0.9900,0.0159
7,2,5,7,0.9018,0.8768,0.9948,0.8921,0.0378
7,2,5,8,0.9889,0.9852,0.9981,0.9885,0.0190
7,2,5,9,0.9969,0.9971,0.9993,0.9970,0.0106
7,2,5,10,0.8880,0.8394,0.9753,0.8785,0.0543
7,2,5,11,0.9718,0.9548,0.9968,0.9702,0.0285
7,2,6,0,0.7889,0.7452,0.9421,0.7657,0.0665
7,2,6,1,0.9835,0.9766,0.9962,0.9826,0.0206
7,2,6,2,0.9891,0.9875,0.9974,0.9890,0.0207
7,2,6,3,0.9486,0.9442,0.9902,0.9456,0.0413
7,2,6,4,0.9371,0.9188,0.9614,0.9370,0.0564
7,2,6,5,0.9756,0.9720,0.9942,0.9756,0.0341
7,2,6,6,0.9931,0.9887,0.9986,0.9930,0.0168
7,2,6,7,0.8370,0.7888,0.9329,0.8238,0.0714
7,2,6,8,0.9067,0.8681,0.9784,0.9001,0.0551
7,2,6,9,1.0000,1.0000,1.0000,1.0000,0.0001
7,2,6,10,0.9989,0.9990,0.9999,0.9989,0.0037
7,2,6,11,0.9611,0.9525,0.9901,0.9606,0.0430
7,2,7,0,0.9209,0.9237,0.9927,0.9136,0.0403
7,2,7,1,0.9844,0.9814,0.9988,0.9832,0.0176
7,2,7,2,1.0000,1.0000,1.0000,1.0000,0.0000
7,2,7,3,0.9343,0.9103,0.9620,0.9332,0.0560
7,2,7,4,0.9226,0.8908,0.9924,0.9154,0.0395
7,2,7,5,0.9751,0.9717,0.9943,0.9748,0.0333
7,2,7,6,0.9896,0.9896,0.9977,0.9894,0.0195
7,2,7,7,0.9964,0.9952,0.9996,0.9962,0.0075
7,2,7,8,0.8964,0.8574,0.9756,0.8877,0.0492
7,2,7,9,0.9750,0.9640,0.9900,0.9746,0.0325
7,2,7,10,0.9983,0.9973,0.9999,0.9981,0.0041
7,2,7,11,0.9997,0.9996,0.9999,0.9997,0.0031
7,2,8,0,0.9953,0.9950,0.9986,0.9955,0.0157
7,2,8,1,0.9971,0.9955,0.9999,0.9969,0.0042
7,2,8,2,0.9600,0.9554,0.9887,0.9588,0.0407
7,2,8,3,0.9850,0.9772,0.9952,0.9843,0.0207
7,2,8,4,0.9491,0.9332,0.9950,0.9453,0.0373
7,2,8,5,0.8384,0.8164,0.9542,0.8236,0.0682
7,2,8,6,0.9894,0.9905,0.9985,0.9888,0.0157
7,2,8,7,0.8264,0.8352,0.9880,0.8068,0.0405
7,2,8,8,0.8820,0.8517,0.9746,0.8726,0.0584
7,2,8,9,0.9541,0.9449,0.9774,0.9536,0.0468
7,2,8,10,0.9755,0.9670,0.9865,0.9760,0.0370
7,2,8,11,0.9931,0.9900,0.9931,0.9932,0.0182
7,2,9,0,0.9136,0.8789,0.9494,0.9053,0.0399
7,2,9,1,0.9993,0.9994,1.0000,0.9992,0.0029
7,2,9,2,0.9325,0.9028,0.9710,0.9272,0.0430
7,2,9,3,0.9043,0.8925,0.9813,0.8974,0.0547
7,2,9,4,0.9926,0.9930,0.9991,0.9920,0.0096
7,2,9,5,0.9930,0.9882,0.9921,0.9935,0.0206
7,2,9,6,0.9995,0.9994,0.9997,0.9995,0.0030
7,2,9,7,0.9746,0.9675,0.9926,0.9736,0.0294
7,2,9,8,0.9889,0.9840,0.9873,0.9887,0.0216
7,2,9,9,0.9998,0.9998,1.0000,0.9998,0.0010
7,2,9,10,0.9116,0.8787,0.9909,0.9036,0.0463
7,2,9,11,0.9999,0.9999,1.0000,0.9999,0.0005
7,2,10,0,0.9695,0.9606,0.9783,0.9678,0.0310
7,2,10,1,0.9982,0.9977,0.9998,0.9981,0.0046
7,2,10,2,0.9996,0.9995,0.9998,0.9997,0.0029
7,2,10,3,0.9932,0.9925,0.9981,0.9931,0.0151
7,2,10,4,0.9942,0.9940,0.9968,0.9943,0.0160
7,2,10,5,0.8911,0.8616,0.9927,0.8797,0.0390
7,2,10,6,0.9981,0.9977,0.9986,0.9981,0.0079
7,2,10,7,0.9867,0.9799,0.9889,0.9866,0.0236
7,2,10,8,0.9997,0.9997,0.9999,0.9997,0.0020
7,2,10,9,0.9026,0.8701,0.9874,0.8936,0.0459
7,2,10,10,0.9996,0.9995,0.9998,0.9996,0.0031
7,2,10,11,0.9818,0.9799,0.9983,0.9807,0.0222
7,2,11,0,0.7057,0.6399,0.7075,0.6753,0.0997
7,2,11,1,0.9955,0.9949,0.9987,0.9956,0.0132
7,2,11,2,0.9976,0.9972,0.9988,0.9977,0.0102
7,2,11,3,0.9347,0.9330,0.9719,0.9319,0.0509
7,2,11,4,0.9919,0.9888,0.9946,0.9926,0.0245
7,2,11,5,0.9946,0.9947,0.9981,0.9945,0.0130
7,2,11,6,0.9992,0.9991,0.9997,0.9992,0.0047
7,2,11,7,0.9888,0.9868,0.9973,0.9886,0.0207
7,2,11,8,0.1335,0.4223,0.9298,0.0021,0.0685
7,2,11,9,0.9995,0.9994,0.9999,0.9995,0.0033
7,2,11,10,0.9360,0.9328,0.9795,0.9331,0.0501
7,2,11,11,0.9330,0.9211,0.9790,0.9300,0.0522
7,3,0,0,0.8915,0.8957,0.9282,0.8672,0.0341
7,3,0,1,0.2253,0.3217,0.9350,0.1120,0.0550
7,3,0,2,0.9352,0.9457,0.9863,0.9210,0.0249
7,3,0,3,0.2707,0.3549,0.9436,0.1520,0.0359
7,3,0,4,0.5320,0.5233,0.9760,0.4273,0.0152
7,3,0,5,0.3031,0.3603,0.9338,0.1907,0.0365
7,3,0,6,0.7989,0.8068,0.9188,0.7488,0.0375
7,3,0,7,0.7431,0.7731,0.9802,0.6785,0.0378
7,3,0,8,0.7388,0.8069,0.9899,0.6757,0.0235
7,3,0,9,0.9160,0.9301,0.9795,0.8978,0.0344
7,3,0,10,0.8641,0.8637,0.9656,0.8324,0.0356
7,3,0,11,0.9060,0.9020,0.9513,0.8866,0.0378
7,3,1,0,0.7472,0.7721,0.9903,0.6882,0.0227
7,3,1,1,0.9248,0.9258,0.9936,0.9079,0.0272
7,3,1,2,0.8796,0.8912,0.9885,0.8515,0.0320
7,3,1,3,0.9511,0.9293,0.9712,0.9415,0.0197
7,3,1,4,0.9664,0.9681,0.9984,0.9590,0.0192
7,3,1,5,0.9394,0.9418,0.9927,0.9262,0.0108
7,3,1,6,0.8722,0.8779,0.9981,0.8445,0.0098
7,3,1,7,0.9507,0.9554,0.9969,0.9399,0.0230
7,3,1,8,0.9532,0.9611,0.9903,0.9433,0.0092
7,3,1,9,0.9463,0.9526,0.9810,0.9363,0.0127
7,3,1,10,0.3844,0.6563,0.9549,0.2213,0.0417
7,3,1,11,0.4399,0.4183,0.9452,0.3397,0.0245
7,3,2,0,0.8565,0.8527,0.9812,0.8224,0.0285
7,3,2,1,0.9577,0.9575,0.9912,0.9511,0.0219
7,3,2,2,0.5670,0.6397,0.9790,0.4781,0.0160
7,3,2,3,0.7756,0.7980,0.9841,0.7238,0.0213
7,3,2,4,0.8873,0.9111,0.9789,0.8634,0.0178
7,3,2,5,0.7683,0.8093,0.9908,0.7126,0.0285
7,3,2,6,0.9505,0.9543,0.9794,0.9427,0.0211
7,3,2,7,0.8043,0.8165,0.9467,0.7556,0.0428
7,3,2,8,0.7423,0.8146,0.9977,0.6844,0.0199
7,3,2,9,0.6104,0.7031,0.9887,0.5155,0.0220
7,3,2,10,0.9142,0.9096,0.9741,0.8956,0.0348
7,3,2,11,0.9716,0.9646,0.9887,0.9670,0.0189
7,3,3,0,0.9368,0.9191,0.9649,0.9347,0.0519
7,3,3,1,0.9554,0.9540,0.9804,0.9478,0.0174
7,3,3,2,0.6030,0.6545,0.9845,0.5174,0.0199
7,3,3,3,0.9212,0.9276,0.9745,0.9077,0.0230
7,3,3,4,0.9407,0.9216,0.9671,0.9388,0.0517
7,3,3,5,0.9406,0.9615,0.9983,0.9281,0.0101
7,3,3,6,0.7518,0.8105,0.9648,0.6892,0.0357
7,3,3,7,0.7619,0.7521,0.9931,0.7084,0.0234
7,3,3,8,0.7262,0.7565,0.9695,0.6693,0.0210
7,3,3,9,0.8580,0.8820,0.9727,0.8291,0.0168
7,3,3,10,0.9606,0.9543,0.9793,0.9541,0.0174
7,3,3,11,0.8734,0.8772,0.9886,0.8445,0.0210
7,3,4,0,0.8216,0.8409,0.9687,0.7857,0.0157
7,3,4,1,0.9276,0.9075,0.9811,0.9136,0.0163
7,3,4,2,0.9475,0.9359,0.9753,0.9434,0.0407
7,3,4,3,0.7834,0.8090,0.9655,0.7338,0.0189
7,3,4,4,0.9577,0.9582,0.9819,0.9532,0.0303
7,3,4,5,0.9349,0.9447,0.9815,0.9240,0.0184
7,3,4,6,0.9438,0.9668,0.9990,0.9313,0.0165
7,3,4,7,0.6349,0.6454,0.9824,0.5553,0.0168
7,3,4,8,0.9558,0.9507,0.9778,0.9508,0.0308
7,3,4,9,0.8963,0.9205,0.9973,0.8740,0.0112
7,3,4,10,0.9414,0.9309,0.9729,0.9381,0.0471
7,3,4,11,0.3501,0.4577,0.9254,0.2581,0.0560
7,3,5,0,0.9396,0.9184,0.9643,0.9379,0.0526
7,3,5,1,0.9333,0.9090,0.9615,0.9323,0.0560
7,3,5,2,0.9014,0.9302,0.9916,0.8811,0.0190
7,3,5,3,0.9546,0.9653,0.9980,0.9446,0.0161
7,3,5,4,0.9511,0.9385,0.9962,0.9403,0.0169
7,3,5,5,0.9422,0.9252,0.9660,0.9405,0.0513
7,3,5,6,0.9529,0.9399,0.9693,0.9501,0.0401
7,3,5,7,0.9250,0.9340,0.9786,0.9126,0.0211
7,3,5,8,0.9627,0.9531,0.9763,0.9607,0.0370
7,3,5,9,0.9457,0.9317,0.9715,0.9426,0.0454
7,3,5,10,0.9056,0.9236,0.9970,0.8862,0.0109
7,3,5,11,0.9484,0.9431,0.9735,0.9421,0.0286
7,3,6,0,0.8854,0.8915,0.9956,0.8599,0.0178
7,3,6,1,0.9569,0.9520,0.9815,0.9536,0.0354
7,3,6,2,0.9489,0.9442,0.9791,0.9438,0.0353
7,3,6,3,0.9437,0.9568,0.9891,0.9340,0.0176
7,3,6,4,0.9659,0.9675,0.9997,0.9585,0.0075
7,3,6,5,0.9614,0.9598,0.9838,0.9557,0.0219
7,3,6,6,0.9512,0.9392,0.9735,0.9476,0.0392
7,3,6,7,0.9206,0.9291,0.9933,0.9026,0.0172
7,3,6,8,0.9537,0.9546,0.9973,0.9443,0.0132
7,3,6,9,0.9348,0.9109,0.9623,0.9338,0.0559
7,3,6,10,0.9385,0.9200,0.9648,0.9364,0.0523
7,3,6,11,0.9744,0.9726,0.9899,0.9700,0.0153
7,3,7,0,0.9353,0.9451,0.9857,0.9248,0.0226
7,3,7,1,0.9453,0.9357,0.9730,0.9410,0.0384
7,3,7,2,0.9343,0.9103,0.9620,0.9332,0.0560
7,3,7,3,1.0000,1.0000,1.0000,1.0000,0.0000
7,3,7,4,0.9411,0.9397,0.9775,0.9320,0.0234
7,3,7,5,0.9553,0.9639,0.9847,0.9488,0.0227
7,3,7,6,0.9496,0.9438,0.9783,0.9451,0.0367
7,3,7,7,0.9452,0.9322,0.9693,0.9431,0.0485
7,3,7,8,0.9598,0.9608,0.9975,0.9519,0.0081
7,3,7,9,0.9745,0.9726,0.9901,0.9716,0.0235
7,3,7,10,0.9426,0.9255,0.9652,0.9413,0.0519
7,3,7,11,0.9409,0.9201,0.9658,0.9393,0.0529
7,3,8,0,0.9499,0.9385,0.9753,0.9461,0.0403
7,3,8,1,0.9410,0.9248,0.9649,0.9395,0.0518
7,3,8,2,0.9568,0.9610,0.9879,0.9494,0.0167
7,3,8,3,0.9563,0.9481,0.9837,0.9528,0.0353
7,3,8,4,0.9457,0.9545,0.9815,0.9375,0.0214
7,3,8,5,0.9145,0.9332,0.9982,0.8954,0.0180
7,3,8,6,0.9495,0.9424,0.9752,0.9460,0.0403
7,3,8,7,0.8771,0.9080,0.9753,0.8556,0.0207
7,3,8,8,0.9415,0.9506,0.9969,0.9290,0.0123
7,3,8,9,0.9713,0.9788,0.9973,0.9658,0.0118
7,3,8,10,0.9715,0.9686,0.9930,0.9673,0.0193
7,3,8,11,0.9570,0.9492,0.9832,0.9541,0.0378
7,3,9,0,0.9149,0.9046,0.9842,0.9008,0.0240
7,3,9,1,0.9373,0.9174,0.9637,0.9355,0.0531
7,3,9,2,0.9433,0.9438,0.9931,0.9337,0.0201
7,3,9,3,0.9552,0.9669,0.9935,0.9460,0.0110
7,3,9,4,0.9402,0.9290,0.9713,0.9370,0.0464
7,3,9,5,0.9620,0.9532,0.9854,0.9590,0.0357
7,3,9,6,0.9397,0.9200,0.9670,0.9382,0.0530
7,3,9,7,0.9577,0.9572,0.9873,0.9526,0.0266
7,3,9,8,0.9570,0.9490,0.9855,0.9535,0.0346
7,3,9,9,0.9361,0.9147,0.9641,0.9346,0.0550
7,3,9,10,0.9346,0.9359,0.9767,0.9232,0.0228
7,3,9,11,0.9362,0.9133,0.9637,0.9349,0.0555
7,3,10,0,0.9501,0.9487,0.9894,0.9435,0.0261
7,3,10,1,0.9402,0.9249,0.9675,0.9381,0.0514
7,3,10,2,0.9406,0.9200,0.9671,0.9390,0.0531
7,3,10,3,0.9497,0.9417,0.9768,0.9463,0.0409
7,3,10,4,0.9514,0.9391,0.9782,0.9480,0.0400
7,3,10,5,0.8937,0.9099,0.9723,0.8765,0.0270
7,3,10,6,0.9441,0.9268,0.9723,0.9419,0.0481
7,3,10,7,0.9558,0.9491,0.9862,0.9514,0.0324
7,3,10,8,0.9387,0.9176,0.9651,0.9373,0.0540
7,3,10,9,0.9317,0.9339,0.9896,0.9194,0.0172
7,3,10,10,0.9391,0.9186,0.9664,0.9373,0.0529
7,3,10,11,0.9577,0.9476,0.9760,0.9545,0.0338
7,3,11,0,0.8616,0.8547,0.8730,0.8306,0.0447
7,3,11,1,0.9507,0.9388,0.9747,0.9475,0.0428
7,3,11,2,0.9483,0.9326,0.9736,0.9458,0.0458
7,3,11,3,0.9550,0.9670,0.9980,0.9460,0.0104
7,3,11,4,0.9635,0.9537,0.9847,0.9599,0.0317
7,3,11,5,0.9504,0.9379,0.9759,0.9476,0.0430
7,3,11,6,0.9421,0.9231,0.9681,0.9401,0.0513
7,3,11,7,0.9597,0.9532,0.9793,0.9567,0.0353
7,3,11,8,0.3448,0.6330,0.9587,0.1982,0.0172
7,3,11,9,0.9417,0.9215,0.9663,0.9401,0.0527
7,3,11,10,0.9629,0.9666,0.9973,0.9556,0.0112
7,3,11,11,0.9615,0.9675,0.9965,0.9538,0.0096
7,4,0,0,0.8443,0.8305,0.8356,0.8200,0.0522
7,4,0,1,0.1471,0.3095,0.9788,0.0387,0.0384
7,4,0,2,0.9008,0.9130,0.9377,0.8867,0.0430
7,4,0,3,0.1837,0.3384,0.9796,0.0686,0.0194
7,4,0,4,0.4469,0.4821,0.9770,0.3420,0.0268
7,4,0,5,0.2422,0.3507,0.9768,0.1362,0.0186
7,4,0,6,0.6887,0.7223,0.8220,0.6258,0.0546
7,4,0,7,0.6950,0.7298,0.9319,0.6342,0.0540
7,4,0,8,0.6759,0.7545,0.9575,0.6124,0.0405
7,4,0,9,0.8744,0.8898,0.9266,0.8564,0.0538
7,4,0,10,0.8222,0.8312,0.9139,0.7928,0.0518
7,4,0,11,0.8651,0.8580,0.8794,0.8475,0.0559
7,4,1,0,0.7666,0.8167,0.9866,0.7233,0.0376
7,4,1,1,0.9180,0.9269,0.9799,0.9071,0.0426
7,4,1,2,0.8588,0.8864,0.9761,0.8356,0.0488
7,4,1,3,0.9000,0.8584,0.9027,0.8867,0.0422
7,4,1,4,0.9332,0.9427,0.9720,0.9236,0.0357
7,4,1,5,0.9363,0.9459,0.9931,0.9264,0.0234
7,4,1,6,0.8490,0.8677,0.9885,0.8227,0.0227
7,4,1,7,0.9292,0.9338,0.9659,0.9199,0.0400
7,4,1,8,0.9359,0.9496,0.9965,0.9256,0.0241
7,4,1,9,0.9336,0.9491,0.9992,0.9227,0.0161
7,4,1,10,0.2748,0.6039,0.9090,0.1117,0.0572
7,4,1,11,0.3736,0.4103,0.9814,0.2766,0.0101
7,4,2,0,0.8227,0.8159,0.9439,0.7917,0.0447
7,4,2,1,0.9481,0.9420,0.9936,0.9397,0.0214
7,4,2,2,0.5451,0.6327,0.9930,0.4654,0.0171
7,4,2,3,0.8064,0.8467,0.9923,0.7714,0.0341
7,4,2,4,0.8596,0.9113,0.9992,0.8354,0.0226
7,4,2,5,0.7570,0.8066,0.9639,0.7112,0.0418
7,4,2,6,0.9263,0.9432,0.9992,0.9145,0.0195
7,4,2,7,0.7467,0.7757,0.8718,0.6989,0.0593
7,4,2,8,0.7061,0.7726,0.9796,0.6516,0.0294
7,4,2,9,0.5017,0.6539,0.9407,0.4001,0.0386
7,4,2,10,0.8730,0.8823,0.9169,0.8549,0.0529
7,4,2,11,0.9509,0.9415,0.9966,0.9430,0.0265
7,4,3,0,0.9283,0.9024,0.9936,0.9210,0.0354
7,4,3,1,0.9590,0.9644,0.9989,0.9523,0.0101
7,4,3,2,0.6027,0.6662,0.9910,0.5305,0.0239
7,4,3,3,0.8651,0.9139,0.9993,0.8434,0.0109
7,4,3,4,0.9317,0.9034,0.9933,0.9246,0.0352
7,4,3,5,0.9102,0.9430,0.9685,0.8952,0.0227
7,4,3,6,0.6882,0.7782,0.8979,0.6257,0.0522
7,4,3,7,0.6686,0.7005,0.9868,0.6068,0.0302
7,4,3,8,0.7019,0.7568,0.9945,0.6496,0.0202
7,4,3,9,0.8314,0.8582,0.9935,0.8025,0.0189
7,4,3,10,0.9493,0.9497,0.9994,0.9411,0.0164
7,4,3,11,0.8507,0.8526,0.9828,0.8248,0.0328
7,4,4,0,0.8171,0.8347,0.9956,0.7859,0.0178
7,4,4,1,0.9268,0.9243,0.9985,0.9147,0.0147
7,4,4,2,0.9310,0.9171,0.9953,0.9218,0.0252
7,4,4,3,0.6705,0.7403,0.9053,0.6081,0.0312
7,4,4,4,0.9368,0.9373,0.9968,0.9273,0.0180
7,4,4,5,0.9320,0.9465,0.9985,0.9211,0.0155
7,4,4,6,0.9050,0.9518,0.9736,0.8899,0.0333
7,4,4,7,0.5799,0.6333,0.9780,0.5027,0.0244
7,4,4,8,0.9342,0.9404,0.9978,0.9244,0.0193
7,4,4,9,0.8480,0.8812,0.9893,0.8216,0.0211
7,4,4,10,0.9240,0.9046,0.9932,0.9149,0.0308
7,4,4,11,0.3354,0.4766,0.9776,0.2527,0.0395
7,4,5,0,0.9278,0.9000,0.9935,0.9204,0.0361
7,4,5,1,0.9224,0.8900,0.9923,0.9154,0.0395
7,4,5,2,0.8359,0.9012,0.9945,0.8077,0.0188
7,4,5,3,0.8965,0.9194,0.9660,0.8798,0.0319
7,4,5,4,0.9297,0.9366,0.9862,0.9189,0.0258
7,4,5,5,0.9244,0.9081,0.9935,0.9163,0.0348
7,4,5,6,0.9406,0.9270,0.9965,0.9330,0.0236
7,4,5,7,0.8599,0.9048,0.9995,0.8377,0.0130
7,4,5,8,0.9465,0.9318,0.9962,0.9393,0.0207
7,4,5,9,0.9278,0.9128,0.9945,0.9189,0.0291
7,4,5,10,0.8604,0.9096,0.9887,0.8365,0.0188
7,4,5,11,0.9223,0.9371,0.9989,0.9106,0.0157
7,4,6,0,0.8367,0.8623,0.9620,0.8079,0.0275
7,4,6,1,0.9370,0.9308,0.9945,0.9283,0.0192
7,4,6,2,0.9382,0.9360,0.9956,0.9294,0.0222
7,4,6,3,0.9275,0.9602,0.9971,0.9157,0.0176
7,4,6,4,0.9058,0.9276,0.9768,0.8902,0.0235
7,4,6,5,0.9406,0.9473,0.9980,0.9310,0.0201
7,4,6,6,0.9320,0.9268,0.9960,0.9230,0.0237
7,4,6,7,0.8700,0.8996,0.9559,0.8483,0.0342
7,4,6,8,0.8969,0.8799,0.9891,0.8796,0.0182
7,4,6,9,0.9225,0.8908,0.9924,0.9152,0.0394
7,4,6,10,0.9260,0.9034,0.9938,0.9181,0.0358
7,4,6,11,0.9484,0.9473,0.9960,0.9400,0.0201
7,4,7,0,0.8889,0.9049,0.9979,0.8712,0.0115
7,4,7,1,0.9284,0.9260,0.9963,0.9190,0.0222
7,4,7,2,0.9226,0.8908,0.9924,0.9154,0.0395
7,4,7,3,0.9411,0.9397,0.9775,0.9320,0.0234
7,4,7,4,1.0000,1.0000,1.0000,1.0000,0.0000
7,4,7,5,0.9372,0.9413,0.9965,0.9273,0.0174
7,4,7,6,0.9248,0.9211,0.9959,0.9143,0.0226
7,4,7,7,0.9290,0.9156,0.9947,0.9210,0.0320
7,4,7,8,0.9154,0.9310,0.9896,0.9013,0.0199
7,4,7,9,0.9585,0.9520,0.9924,0.9520,0.0167
7,4,7,10,0.9276,0.9081,0.9937,0.9201,0.0354
7,4,7,11,0.9278,0.8988,0.9936,0.9204,0.0363
7,4,8,0,0.9246,0.9185,0.9953,0.9145,0.0243
7,4,8,1,0.9280,0.9113,0.9941,0.9205,0.0353
7,4,8,2,0.9316,0.9449,0.9968,0.9204,0.0201
7,4,8,3,0.9401,0.9292,0.9949,0.9317,0.0190
7,4,8,4,0.9697,0.9671,0.9988,0.9649,0.0083
7,4,8,5,0.9006,0.9328,0.9726,0.8843,0.0298
7,4,8,6,0.9261,0.9204,0.9952,0.9165,0.0240
7,4,8,7,0.8437,0.8664,0.9982,0.8187,0.0094
7,4,8,8,0.8747,0.9379,0.9894,0.8532,0.0241
7,4,8,9,0.9116,0.9495,0.9851,0.8969,0.0218
7,4,8,10,0.9403,0.9427,0.9905,0.9307,0.0216
7,4,8,11,0.9253,0.9113,0.9888,0.9151,0.0228
7,4,9,0,0.8716,0.8887,0.9497,0.8512,0.0104
7,4,9,1,0.9260,0.9008,0.9933,0.9185,0.0366
7,4,9,2,0.8918,0.9288,0.9741,0.8743,0.0072
7,4,9,3,0.9109,0.9358,0.9947,0.8960,0.0194
7,4,9,4,0.9237,0.9145,0.9931,0.9148,0.0299
7,4,9,5,0.9350,0.9221,0.9897,0.9257,0.0234
7,4,9,6,0.9272,0.8999,0.9926,0.9197,0.0365
7,4,9,7,0.9362,0.9445,0.9931,0.9265,0.0156
7,4,9,8,0.9110,0.9032,0.9826,0.8983,0.0194
7,4,9,9,0.9242,0.8960,0.9926,0.9168,0.0384
7,4,9,10,0.9709,0.9649,0.9999,0.9662,0.0110
7,4,9,11,0.9236,0.8934,0.9927,0.9162,0.0390
7,4,10,0,0.9083,0.9278,0.9760,0.8942,0.0117
7,4,10,1,0.9263,0.9090,0.9941,0.9184,0.0349
7,4,10,2,0.9278,0.8991,0.9931,0.9204,0.0366
7,4,10,3,0.9266,0.9207,0.9950,0.9170,0.0247
7,4,10,4,0.9203,0.9118,0.9917,0.9096,0.0243
7,4,10,5,0.9636,0.9581,0.9992,0.9580,0.0060
7,4,10,6,0.9252,0.9036,0.9918,0.9166,0.0319
7,4,10,7,0.9314,0.9273,0.9857,0.9214,0.0190
7,4,10,8,0.9238,0.8956,0.9930,0.9161,0.0375
7,4,10,9,0.9640,0.9631,0.9967,0.9582,0.0085
7,4,10,10,0.9246,0.8987,0.9930,0.9167,0.0363
7,4,10,11,0.9184,0.9251,0.9963,0.9070,0.0176
7,4,11,0,0.7996,0.7698,0.7585,0.7668,0.0610
7,4,11,1,0.9285,0.9195,0.9951,0.9192,0.0262
7,4,11,2,0.9279,0.9086,0.9942,0.9191,0.0295
7,4,11,3,0.8993,0.9445,0.9798,0.8824,0.0182
7,4,11,4,0.9371,0.9231,0.9955,0.9277,0.0252
7,4,11,5,0.9287,0.9132,0.9934,0.9196,0.0270
7,4,11,6,0.9281,0.9029,0.9937,0.9202,0.0350
7,4,11,7,0.9376,0.9309,0.9962,0.9289,0.0193
7,4,11,8,0.2348,0.5822,0.9635,0.0886,0.0290
7,4,11,9,0.9272,0.9008,0.9937,0.9196,0.0362
7,4,11,10,0.9233,0.9487,0.9888,0.9106,0.0161
7,4,11,11,0.9097,0.9517,0.9888,0.8946,0.0190
7,5,0,0,0.8319,0.8104,0.8499,0.8043,0.0558
7,5,0,1,0.1830,0.2347,0.9651,0.0790,0.0323
7,5,0,2,0.9155,0.9053,0.9451,0.9045,0.0458
7,5,0,3,0.2181,0.2594,0.9673,0.1076,0.0190
7,5,0,4,0.4633,0.4149,0.9708,0.3613,0.0329
7,5,0,5,0.2693,0.2716,0.9617,0.1668,0.0201
7,5,0,6,0.6850,0.6798,0.8363,0.6208,0.0592
7,5,0,7,0.6782,0.6639,0.9386,0.6131,0.0594
7,5,0,8,0.6965,0.7348,0.9598,0.6371,0.0451
7,5,0,9,0.8824,0.8739,0.9334,0.8660,0.0555
7,5,0,10,0.8380,0.7997,0.9147,0.8123,0.0572
7,5,0,11,0.8742,0.8435,0.8866,0.8587,0.0594
7,5,1,0,0.7086,0.6959,0.9846,0.6530,0.0430
7,5,1,1,0.9004,0.8861,0.9800,0.8855,0.0464
7,5,1,2,0.8565,0.8443,0.9731,0.8325,0.0523
7,5,1,3,0.9357,0.9021,0.9155,0.9303,0.0418
7,5,1,4,0.9613,0.9548,0.9785,0.9572,0.0329
7,5,1,5,0.9498,0.9340,0.9916,0.9424,0.0269
7,5,1,6,0.8516,0.8493,0.9920,0.8256,0.0252
7,5,1,7,0.9450,0.9351,0.9722,0.9388,0.0383
7,5,1,8,0.9652,0.9681,0.9968,0.9602,0.0235
7,5,1,9,0.9684,0.9717,0.9982,0.9634,0.0144
7,5,1,10,0.2757,0.5809,0.9066,0.1122,0.0623
7,5,1,11,0.3992,0.3278,0.9677,0.3059,0.0144
7,5,2,0,0.7885,0.7572,0.9435,0.7495,0.0501
7,5,2,1,0.9862,0.9861,0.9990,0.9840,0.0073
7,5,2,2,0.4937,0.5256,0.9873,0.4046,0.0253
7,5,2,3,0.7474,0.7288,0.9873,0.7002,0.0405
7,5,2,4,0.8629,0.8941,0.9946,0.8391,0.0303
7,5,2,5,0.7192,0.7182,0.9687,0.6649,0.0472
7,5,2,6,0.9771,0.9829,0.9989,0.9735,0.0084
7,5,2,7,0.7502,0.7292,0.8822,0.7030,0.0644
7,5,2,8,0.6796,0.7333,0.9828,0.6197,0.0350
7,5,2,9,0.4941,0.5932,0.9486,0.3905,0.0429
7,5,2,10,0.8783,0.8482,0.9253,0.8612,0.0564
7,5,2,11,0.9885,0.9871,0.9992,0.9867,0.0112
7,5,3,0,0.9771,0.9772,0.9954,0.9763,0.0293
7,5,3,1,0.9674,0.9673,0.9985,0.9621,0.0113
7,5,3,2,0.5316,0.5445,0.9880,0.4458,0.0308
7,5,3,3,0.8839,0.9012,0.9938,0.8652,0.0171
7,5,3,4,0.9786,0.9780,0.9961,0.9778,0.0290
7,5,3,5,0.9688,0.9678,0.9804,0.9644,0.0213
7,5,3,6,0.6687,0.7061,0.9063,0.6011,0.0573
7,5,3,7,0.6839,0.6493,0.9853,0.6248,0.0369
7,5,3,8,0.6799,0.6666,0.9853,0.6234,0.0293
7,5,3,9,0.8174,0.8421,0.9861,0.7859,0.0258
7,5,3,10,0.9796,0.9744,0.9975,0.9764,0.0108
7,5,3,11,0.8390,0.7985,0.9785,0.8105,0.0384
7,5,4,0,0.7724,0.7924,0.9869,0.7332,0.0222
7,5,4,1,0.8963,0.8614,0.9933,0.8789,0.0203
7,5,4,2,0.9877,0.9865,0.9985,0.9866,0.0180
7,5,4,3,0.7419,0.7275,0.9160,0.6937,0.0374
7,5,4,4,0.9851,0.9862,0.9992,0.9830,0.0084
7,5,4,5,0.9702,0.9655,0.9989,0.9654,0.0059
7,5,4,6,0.9410,0.9456,0.9808,0.9330,0.0356
7,5,4,7,0.5985,0.5617,0.9749,0.5245,0.0303
7,5,4,8,0.9871,0.9875,0.9988,0.9854,0.0100
7,5,4,9,0.8864,0.8702,0.9914,0.8670,0.0268
7,5,4,10,0.9814,0.9803,0.9974,0.9802,0.0244
7,5,4,11,0.2801,0.3619,0.9619,0.1901,0.0333
7,5,5,0,0.9775,0.9759,0.9952,0.9767,0.0299
7,5,5,1,0.9749,0.9712,0.9942,0.9747,0.0333
7,5,5,2,0.8809,0.8851,0.9936,0.8606,0.0265
7,5,5,3,0.9401,0.9337,0.9739,0.9322,0.0375
7,5,5,4,0.9145,0.8923,0.9887,0.9006,0.0323
7,5,5,5,0.9770,0.9782,0.9957,0.9759,0.0286
7,5,5,6,0.9777,0.9806,0.9968,0.9754,0.0174
7,5,5,7,0.9118,0.9247,0.9978,0.8977,0.0129
7,5,5,8,0.9763,0.9885,0.9990,0.9735,0.0143
7,5,5,9,0.9824,0.9827,0.9975,0.9812,0.0227
7,5,5,10,0.9216,0.8951,0.9915,0.9085,0.0210
7,5,5,11,0.9685,0.9656,0.9972,0.9638,0.0106
7,5,6,0,0.8526,0.8495,0.9714,0.8267,0.0340
7,5,6,1,0.9684,0.9826,0.9988,0.9643,0.0140
7,5,6,2,0.9903,0.9887,0.9993,0.9893,0.0131
7,5,6,3,0.9730,0.9770,0.9990,0.9686,0.0130
7,5,6,4,0.9665,0.9657,0.9841,0.9622,0.0236
7,5,6,5,0.9852,0.9862,0.9993,0.9828,0.0066
7,5,6,6,0.9820,0.9817,0.9977,0.9801,0.0165
7,5,6,7,0.8932,0.8738,0.9643,0.8761,0.0380
7,5,6,8,0.9264,0.9185,0.9938,0.9142,0.0223
7,5,6,9,0.9753,0.9719,0.9945,0.9749,0.0332
7,5,6,10,0.9805,0.9772,0.9954,0.9800,0.0296
7,5,6,11,0.9804,0.9854,0.9990,0.9773,0.0113
7,5,7,0,0.9306,0.9568,0.9992,0.9195,0.0153
7,5,7,1,0.9761,0.9780,0.9977,0.9735,0.0157
7,5,7,2,0.9751,0.9717,0.9943,0.9748,0.0333
7,5,7,3,0.9553,0.9639,0.9847,0.9488,0.0227
7,5,7,4,0.9372,0.9413,0.9965,0.9273,0.0174
7,5,7,5,1.0000,1.0000,1.0000,1.0000,0.0000
7,5,7,6,0.9826,0.9846,0.9990,0.9806,0.0143
7,5,7,7,0.9772,0.9819,0.9968,0.9758,0.0258
7,5,7,8,0.9175,0.9358,0.9927,0.9037,0.0159
7,5,7,9,0.9824,0.9860,0.9983,0.9796,0.0037
7,5,7,10,0.9748,0.9784,0.9955,0.9736,0.0293
7,5,7,11,0.9778,0.9764,0.9957,0.9770,0.0302
7,5,8,0,0.9857,0.9855,0.9984,0.9844,0.0176
7,5,8,1,0.9730,0.9782,0.9954,0.9716,0.0291
7,5,8,2,0.9811,0.9816,0.9981,0.9781,0.0121
7,5,8,3,0.9723,0.9827,0.9993,0.9687,0.0131
7,5,8,4,0.9700,0.9797,0.9991,0.9653,0.0123
7,5,8,5,0.9061,0.9109,0.9803,0.8907,0.0349
7,5,8,6,0.9789,0.9837,0.9983,0.9768,0.0176
7,5,8,7,0.8447,0.8944,0.9935,0.8199,0.0164
7,5,8,8,0.9144,0.9250,0.9919,0.9002,0.0266
7,5,8,9,0.9735,0.9822,0.9929,0.9695,0.0153
7,5,8,10,0.9838,0.9856,0.9971,0.9813,0.0066
7,5,8,11,0.9799,0.9852,0.9973,0.9776,0.0151
7,5,9,0,0.9176,0.9114,0.9672,0.9045,0.0152
7,5,9,1,0.9792,0.9761,0.9950,0.9788,0.0304
7,5,9,2,0.9397,0.9409,0.9856,0.9299,0.0165
7,5,9,3,0.9308,0.9488,0.9955,0.9194,0.0222
7,5,9,4,0.9784,0.9799,0.9970,0.9770,0.0237
7,5,9,5,0.9824,0.9853,0.9973,0.9802,0.0130
7,5,9,6,0.9771,0.9766,0.9959,0.9764,0.0303
7,5,9,7,0.9779,0.9843,0.9991,0.9746,0.0068
7,5,9,8,0.9774,0.9798,0.9938,0.9745,0.0130
7,5,9,9,0.9768,0.9742,0.9951,0.9764,0.0323
7,5,9,10,0.9453,0.9396,0.9953,0.9363,0.0201
7,5,9,11,0.9763,0.9734,0.9949,0.9758,0.0328
7,5,10,0,0.9686,0.9746,0.9894,0.9637,0.0092
7,5,10,1,0.9780,0.9793,0.9962,0.9770,0.0287
7,5,10,2,0.9789,0.9768,0.9960,0.9783,0.0304
7,5,10,3,0.9827,0.9844,0.9985,0.9811,0.0182
7,5,10,4,0.9830,0.9840,0.9981,0.9813,0.0173
7,5,10,5,0.9258,0.9283,0.9943,0.9142,0.0211
7,5,10,6,0.9795,0.9794,0.9970,0.9784,0.0254
7,5,10,7,0.9774,0.9822,0.9951,0.9743,0.0108
7,5,10,8,0.9763,0.9751,0.9954,0.9755,0.0314
7,5,10,9,0.9225,0.9241,0.9967,0.9098,0.0173
7,5,10,10,0.9781,0.9760,0.9958,0.9774,0.0302
7,5,10,11,0.9719,0.9843,0.9986,0.9683,0.0127
7,5,11,0,0.8045,0.7640,0.7760,0.7727,0.0664
7,5,11,1,0.9837,0.9856,0.9983,0.9822,0.0201
7,5,11,2,0.9808,0.9820,0.9978,0.9794,0.0231
7,5,11,3,0.9573,0.9767,0.9898,0.9505,0.0176
7,5,11,4,0.9865,0.9885,0.9994,0.9846,0.0114
7,5,11,5,0.9813,0.9830,0.9980,0.9797,0.0203
7,5,11,6,0.9801,0.9782,0.9964,0.9793,0.0286
7,5,11,7,0.9845,0.9895,0.9993,0.9827,0.0126
7,5,11,8,0.2431,0.5355,0.9506,0.0981,0.0357
7,5,11,9,0.9786,0.9771,0.9958,0.9779,0.0300
7,5,11,10,0.9521,0.9758,0.9945,0.9444,0.0168
7,5,11,11,0.9551,0.9678,0.9943,0.9480,0.0192
7,6,0,0,0.7947,0.7657,0.8313,0.7665,0.0690
7,6,0,1,0.1507,0.2063,0.9655,0.0513,0.0185
7,6,0,2,0.8854,0.8696,0.9324,0.8737,0.0593
7,6,0,3,0.1835,0.2300,0.9657,0.0777,0.0147
7,6,0,4,0.4195,0.3680,0.9628,0.3196,0.0467
7,6,0,5,0.2302,0.2424,0.9618,0.1311,0.0155
7,6,0,6,0.6542,0.6294,0.8173,0.5932,0.0729
7,6,0,7,0.6224,0.6063,0.9237,0.5545,0.0735
7,6,0,8,0.6714,0.6824,0.9482,0.6154,0.0586
7,6,0,9,0.8551,0.8364,0.9190,0.8396,0.0687
7,6,0,10,0.8073,0.7608,0.8991,0.7825,0.0710
7,6,0,11,0.8412,0.8064,0.8690,0.8257,0.0727
7,6,1,0,0.6505,0.6391,0.9770,0.5912,0.0568
7,6,1,1,0.8689,0.8497,0.9714,0.8530,0.0597
7,6,1,2,0.8260,0.8065,0.9637,0.8022,0.0659
7,6,1,3,0.9236,0.8880,0.9017,0.9213,0.0556
7,6,1,4,0.9532,0.9392,0.9704,0.9513,0.0441
7,6,1,5,0.9308,0.9105,0.9868,0.9233,0.0407
7,6,1,6,0.8406,0.8026,0.9872,0.8172,0.0390
7,6,1,7,0.9193,0.9054,0.9624,0.9125,0.0508
7,6,1,8,0.9606,0.9578,0.9930,0.9574,0.0352
7,6,1,9,0.9664,0.9633,0.9965,0.9627,0.0258
7,6,1,10,0.2284,0.5496,0.8941,0.0697,0.0758
7,6,1,11,0.3592,0.2970,0.9660,0.2682,0.0198
7,6,2,0,0.7588,0.7117,0.9313,0.7211,0.0639
7,6,2,1,0.9814,0.9795,0.9969,0.9794,0.0153
7,6,2,2,0.4274,0.4607,0.9824,0.3358,0.0383
7,6,2,3,0.6925,0.6812,0.9814,0.6416,0.0546
7,6,2,4,0.8477,0.8570,0.9927,0.8253,0.0425
7,6,2,5,0.6552,0.6537,0.9573,0.5959,0.0613
7,6,2,6,0.9827,0.9848,0.9985,0.9807,0.0180
7,6,2,7,0.7014,0.6810,0.8629,0.6521,0.0779
7,6,2,8,0.6031,0.6555,0.9749,0.5364,0.0485
7,6,2,9,0.4448,0.5333,0.9372,0.3422,0.0567
7,6,2,10,0.8423,0.8058,0.9100,0.8241,0.0694
7,6,2,11,0.9877,0.9863,0.9974,0.9870,0.0194
7,6,3,0,0.9891,0.9919,0.9983,0.9885,0.0155
7,6,3,1,0.9606,0.9535,0.9970,0.9557,0.0235
7,6,3,2,0.4652,0.4797,0.9816,0.3765,0.0443
7,6,3,3,0.8846,0.8809,0.9939,0.8682,0.0277
7,6,3,4,0.9916,0.9927,0.9988,0.9911,0.0152
7,6,3,5,0.9589,0.9554,0.9741,0.9554,0.0348
7,6,3,6,0.6341,0.6509,0.8903,0.5688,0.0708
7,6,3,7,0.6563,0.6032,0.9791,0.5994,0.0504
7,6,3,8,0.6143,0.6043,0.9818,0.5530,0.0420
7,6,3,9,0.7749,0.7809,0.9840,0.7405,0.0391
7,6,3,10,0.9758,0.9704,0.9967,0.9731,0.0214
7,6,3,11,0.8117,0.7609,0.9717,0.7835,0.0525
7,6,4,0,0.7124,0.7258,0.9847,0.6682,0.0352
7,6,4,1,0.8778,0.8379,0.9920,0.8603,0.0328
7,6,4,2,0.9940,0.9954,0.9998,0.9932,0.0045
7,6,4,3,0.7205,0.6865,0.9088,0.6751,0.0512
7,6,4,4,0.9810,0.9835,0.9995,0.9784,0.0096
7,6,4,5,0.9491,0.9472,0.9984,0.9422,0.0192
7,6,4,6,0.9241,0.9195,0.9728,0.9170,0.0483
7,6,4,7,0.5537,0.5205,0.9654,0.4797,0.0436
7,6,4,8,0.9936,0.9926,0.9996,0.9928,0.0075
7,6,4,9,0.8461,0.8147,0.9864,0.8236,0.0408
7,6,4,10,0.9939,0.9941,0.9994,0.9934,0.0106
7,6,4,11,0.2285,0.3059,0.9638,0.1396,0.0195
7,6,5,0,0.9904,0.9915,0.9982,0.9898,0.0161
7,6,5,1,0.9894,0.9893,0.9976,0.9892,0.0195
7,6,5,2,0.8809,0.8579,0.9903,0.8640,0.0400
7,6,5,3,0.9022,0.8901,0.9652,0.8912,0.0516
7,6,5,4,0.9005,0.8611,0.9823,0.8881,0.0460
7,6,5,5,0.9923,0.9929,0.9985,0.9919,0.0148
7,6,5,6,0.9856,0.9908,0.9989,0.9838,0.0092
7,6,5,7,0.9191,0.9055,0.9980,0.9078,0.0230
7,6,5,8,0.9895,0.9930,0.9997,0.9881,0.0052
7,6,5,9,0.9943,0.9950,0.9995,0.9938,0.0089
7,6,5,10,0.9114,0.8753,0.9878,0.8996,0.0348
7,6,5,11,0.9782,0.9685,0.9982,0.9753,0.0136
7,6,6,0,0.8072,0.7863,0.9621,0.7780,0.0475
7,6,6,1,0.9872,0.9869,0.9997,0.9854,0.0060
7,6,6,2,0.9918,0.9926,0.9999,0.9907,0.0056
7,6,6,3,0.9727,0.9686,0.9971,0.9695,0.0226
7,6,6,4,0.9596,0.9521,0.9778,0.9571,0.0369
7,6,6,5,0.9920,0.9893,0.9987,0.9914,0.0148
7,6,6,6,0.9905,0.9908,0.9994,0.9892,0.0064
7,6,6,7,0.8841,0.8431,0.9542,0.8703,0.0518
7,6,6,8,0.9175,0.8975,0.9902,0.9067,0.0361
7,6,6,9,0.9897,0.9897,0.9978,0.9895,0.0194
7,6,6,10,0.9942,0.9937,0.9983,0.9940,0.0159
7,6,6,11,0.9622,0.9695,0.9971,0.9578,0.0237
7,6,7,0,0.9134,0.9385,0.9982,0.9013,0.0249
7,6,7,1,0.9944,0.9924,0.9995,0.9938,0.0080
7,6,7,2,0.9896,0.9896,0.9977,0.9894,0.0195
7,6,7,3,0.9496,0.9438,0.9783,0.9451,0.0367
7,6,7,4,0.9248,0.9211,0.9959,0.9143,0.0226
7,6,7,5,0.9826,0.9846,0.9990,0.9806,0.0143
7,6,7,6,1.0000,1.0000,1.0000,1.0000,0.0000
7,6,7,7,0.9938,0.9945,0.9992,0.9934,0.0121
7,6,7,8,0.9098,0.8964,0.9881,0.8975,0.0299
7,6,7,9,0.9775,0.9788,0.9970,0.9747,0.0140
7,6,7,10,0.9909,0.9927,0.9984,0.9903,0.0155
7,6,7,11,0.9916,0.9922,0.9985,0.9912,0.0164
7,6,8,0,0.9924,0.9943,0.9999,0.9915,0.0049
7,6,8,1,0.9900,0.9917,0.9983,0.9894,0.0153
7,6,8,2,0.9822,0.9787,0.9957,0.9806,0.0219
7,6,8,3,0.9901,0.9875,0.9995,0.9888,0.0054
7,6,8,4,0.9412,0.9533,0.9988,0.9331,0.0206
7,6,8,5,0.8538,0.8586,0.9716,0.8332,0.0487
7,6,8,6,0.9977,0.9981,0.9999,0.9974,0.0049
7,6,8,7,0.8189,0.8617,0.9922,0.7928,0.0254
7,6,8,8,0.9097,0.8920,0.9871,0.8981,0.0388
7,6,8,9,0.9755,0.9716,0.9892,0.9738,0.0273
7,6,8,10,0.9865,0.9833,0.9951,0.9853,0.0177
7,6,8,11,0.9932,0.9937,0.9976,0.9924,0.0068
7,6,9,0,0.9205,0.9036,0.9649,0.9094,0.0235
7,6,9,1,0.9933,0.9929,0.9981,0.9931,0.0167
7,6,9,2,0.9534,0.9320,0.9833,0.9473,0.0245
7,6,9,3,0.9097,0.9243,0.9914,0.8976,0.0357
7,6,9,4,0.9967,0.9956,0.9993,0.9966,0.0110
7,6,9,5,0.9900,0.9927,0.9974,0.9886,0.0073
7,6,9,6,0.9921,0.9926,0.9987,0.9918,0.0165
7,6,9,7,0.9889,0.9838,0.9982,0.9876,0.0109
7,6,9,8,0.9887,0.9881,0.9937,0.9872,0.0087
7,6,9,9,0.9916,0.9916,0.9982,0.9914,0.0185
7,6,9,10,0.9129,0.9106,0.9946,0.9007,0.0296
7,6,9,11,0.9904,0.9905,0.9981,0.9901,0.0190
7,6,10,0,0.9817,0.9760,0.9879,0.9794,0.0146
7,6,10,1,0.9939,0.9940,0.9989,0.9936,0.0150
7,6,10,2,0.9914,0.9921,0.9988,0.9910,0.0167
7,6,10,3,0.9974,0.9977,0.9999,0.9971,0.0050
7,6,10,4,0.9909,0.9930,0.9992,0.9898,0.0054
7,6,10,5,0.8974,0.8946,0.9951,0.8830,0.0254
7,6,10,6,0.9941,0.9943,0.9991,0.9937,0.0117
7,6,10,7,0.9900,0.9877,0.9951,0.9886,0.0112
7,6,10,8,0.9913,0.9918,0.9984,0.9910,0.0176
7,6,10,9,0.9165,0.9076,0.9952,0.9049,0.0277
7,6,10,10,0.9925,0.9925,0.9986,0.9922,0.0164
7,6,10,11,0.9802,0.9841,0.9999,0.9776,0.0094
7,6,11,0,0.7603,0.7161,0.7538,0.7269,0.0802
7,6,11,1,0.9966,0.9967,0.9998,0.9962,0.0066
7,6,11,2,0.9954,0.9959,0.9997,0.9950,0.0093
7,6,11,3,0.9587,0.9615,0.9853,0.9545,0.0314
7,6,11,4,0.9940,0.9950,0.9993,0.9933,0.0081
7,6,11,5,0.9973,0.9976,0.9997,0.9970,0.0068
7,6,11,6,0.9940,0.9941,0.9990,0.9937,0.0148
7,6,11,7,0.9958,0.9953,1.0000,0.9953,0.0054
7,6,11,8,0.2027,0.5025,0.9449,0.0633,0.0497
7,6,11,9,0.9932,0.9935,0.9987,0.9930,0.0163
7,6,11,10,0.9547,0.9590,0.9909,0.9497,0.0306
7,6,11,11,0.9545,0.9506,0.9902,0.9497,0.0327
7,7,0,0,0.7762,0.7410,0.8086,0.7516,0.0811
7,7,0,1,0.1227,0.1737,0.9667,0.0278,0.0064
7,7,0,2,0.8698,0.8525,0.9175,0.8607,0.0714
7,7,0,3,0.1532,0.1959,0.9653,0.0518,0.0129
7,7,0,4,0.3843,0.3325,0.9556,0.2875,0.0588
7,7,0,5,0.2064,0.2078,0.9625,0.1121,0.0139
7,7,0,6,0.6192,0.5953,0.7938,0.5597,0.0850
7,7,0,7,0.5867,0.5735,0.9084,0.5205,0.0853
7,7,0,8,0.6424,0.6542,0.9357,0.5885,0.0707
7,7,0,9,0.8305,0.8134,0.9030,0.8165,0.0805
7,7,0,10,0.7793,0.7304,0.8822,0.7561,0.0830
7,7,0,11,0.8130,0.7761,0.8491,0.7987,0.0847
7,7,1,0,0.6251,0.6167,0.9699,0.5685,0.0683
7,7,1,1,0.8501,0.8318,0.9627,0.8362,0.0715
7,7,1,2,0.8011,0.7860,0.9545,0.7787,0.0771
7,7,1,3,0.9077,0.8633,0.8838,0.9078,0.0677
7,7,1,4,0.9369,0.9246,0.9603,0.9360,0.0561
7,7,1,5,0.9220,0.9012,0.9810,0.9165,0.0527
7,7,1,6,0.8360,0.7912,0.9803,0.8162,0.0510
7,7,1,7,0.9022,0.8914,0.9511,0.8969,0.0628
7,7,1,8,0.9471,0.9468,0.9888,0.9447,0.0470
7,7,1,9,0.9562,0.9574,0.9946,0.9531,0.0369
7,7,1,10,0.1816,0.5094,0.8781,0.0264,0.0871
7,7,1,11,0.3398,0.2628,0.9654,0.2535,0.0279
7,7,2,0,0.7343,0.6815,0.9173,0.6989,0.0760
7,7,2,1,0.9830,0.9791,0.9930,0.9827,0.0274
7,7,2,2,0.4020,0.4290,0.9784,0.3146,0.0488
7,7,2,3,0.6713,0.6607,0.9764,0.6234,0.0659
7,7,2,4,0.8399,0.8484,0.9907,0.8205,0.0546
7,7,2,5,0.6275,0.6269,0.9464,0.5707,0.0731
7,7,2,6,0.9708,0.9769,0.9973,0.9688,0.0295
7,7,2,7,0.6675,0.6483,0.8428,0.6197,0.0900
7,7,2,8,0.5807,0.6298,0.9658,0.5175,0.0606
7,7,2,9,0.4117,0.5020,0.9227,0.3128,0.0687
7,7,2,10,0.8198,0.7831,0.8934,0.8038,0.0815
7,7,2,11,0.9840,0.9819,0.9943,0.9844,0.0304
7,7,3,0,0.9957,0.9963,0.9998,0.9952,0.0047
7,7,3,1,0.9518,0.9461,0.9954,0.9476,0.0350
7,7,3,2,0.4436,0.4507,0.9764,0.3596,0.0559
7,7,3,3,0.8811,0.8675,0.9929,0.8666,0.0363
7,7,3,4,0.9963,0.9969,0.9999,0.9959,0.0042
7,7,3,5,0.9427,0.9421,0.9646,0.9396,0.0468
7,7,3,6,0.5998,0.6170,0.8718,0.5363,0.0829
7,7,3,7,0.6290,0.5763,0.9717,0.5742,0.0619
7,7,3,8,0.5908,0.5768,0.9797,0.5321,0.0522
7,7,3,9,0.7637,0.7656,0.9814,0.7321,0.0491
7,7,3,10,0.9693,0.9656,0.9953,0.9676,0.0319
7,7,3,11,0.7862,0.7343,0.9639,0.7590,0.0643
7,7,4,0,0.7181,0.7128,0.9831,0.6797,0.0438
7,7,4,1,0.8727,0.8245,0.9894,0.8576,0.0422
7,7,4,2,0.9964,0.9969,0.9996,0.9961,0.0087
7,7,4,3,0.7001,0.6628,0.8932,0.6575,0.0632
7,7,4,4,0.9860,0.9836,0.9980,0.9850,0.0182
7,7,4,5,0.9536,0.9477,0.9968,0.9492,0.0304
7,7,4,6,0.9042,0.9037,0.9631,0.8978,0.0603
7,7,4,7,0.5302,0.4941,0.9576,0.4598,0.0548
7,7,4,8,0.9889,0.9900,0.9989,0.9882,0.0177
7,7,4,9,0.8370,0.8026,0.9796,0.8173,0.0523
7,7,4,10,0.9969,0.9957,0.9995,0.9965,0.0051
7,7,4,11,0.2021,0.2804,0.9666,0.1170,0.0075
7,7,5,0,0.9965,0.9961,0.9998,0.9962,0.0043
7,7,5,1,0.9962,0.9950,0.9995,0.9960,0.0075
7,7,5,2,0.8728,0.8467,0.9853,0.8582,0.0508
7,7,5,3,0.8946,0.8799,0.9541,0.8870,0.0634
7,7,5,4,0.8905,0.8480,0.9750,0.8805,0.0573
7,7,5,5,0.9985,0.9982,0.9999,0.9983,0.0038
7,7,5,6,0.9861,0.9903,0.9997,0.9846,0.0084
7,7,5,7,0.9212,0.9051,0.9969,0.9122,0.0303
7,7,5,8,0.9922,0.9931,0.9993,0.9916,0.0115
7,7,5,9,0.9959,0.9965,0.9999,0.9954,0.0047
7,7,5,10,0.9015,0.8641,0.9812,0.8913,0.0468
7,7,5,11,0.9801,0.9685,0.9981,0.9784,0.0210
7,7,6,0,0.8086,0.7791,0.9508,0.7848,0.0590
7,7,6,1,0.9928,0.9902,0.9982,0.9923,0.0131
7,7,6,2,0.9916,0.9933,0.9989,0.9910,0.0132
7,7,6,3,0.9649,0.9647,0.9937,0.9624,0.0338
7,7,6,4,0.9431,0.9354,0.9688,0.9411,0.0489
7,7,6,5,0.9837,0.9831,0.9967,0.9833,0.0266
7,7,6,6,0.9956,0.9933,0.9995,0.9953,0.0093
7,7,6,7,0.8625,0.8252,0.9422,0.8498,0.0639
7,7,6,8,0.9175,0.8871,0.9840,0.9099,0.0476
7,7,6,9,0.9964,0.9952,0.9996,0.9961,0.0073
7,7,6,10,0.9977,0.9971,0.9998,0.9975,0.0038
7,7,6,11,0.9638,0.9643,0.9936,0.9618,0.0356
7,7,7,0,0.9162,0.9304,0.9956,0.9065,0.0328
7,7,7,1,0.9865,0.9897,0.9997,0.9851,0.0101
7,7,7,2,0.9964,0.9952,0.9996,0.9962,0.0075
7,7,7,3,0.9452,0.9322,0.9693,0.9431,0.0485
7,7,7,4,0.9290,0.9156,0.9947,0.9210,0.0320
7,7,7,5,0.9772,0.9819,0.9968,0.9758,0.0258
7,7,7,6,0.9938,0.9945,0.9992,0.9934,0.0121
7,7,7,7,1.0000,1.0000,1.0000,1.0000,0.0000
7,7,7,8,0.9150,0.8928,0.9815,0.9066,0.0417
7,7,7,9,0.9796,0.9760,0.9934,0.9784,0.0251
7,7,7,10,0.9984,0.9984,0.9998,0.9983,0.0039
7,7,7,11,0.9973,0.9966,0.9999,0.9971,0.0049
7,7,8,0,0.9950,0.9964,0.9996,0.9946,0.0088
7,7,8,1,0.9989,0.9985,0.9998,0.9988,0.0041
7,7,8,2,0.9688,0.9707,0.9922,0.9671,0.0332
7,7,8,3,0.9936,0.9897,0.9975,0.9932,0.0132
7,7,8,4,0.9466,0.9524,0.9973,0.9409,0.0298
7,7,8,5,0.8474,0.8462,0.9618,0.8304,0.0607
7,7,8,6,0.9944,0.9956,0.9997,0.9939,0.0083
7,7,8,7,0.8246,0.8490,0.9907,0.8024,0.0331
7,7,8,8,0.9046,0.8876,0.9805,0.8958,0.0509
7,7,8,9,0.9644,0.9623,0.9828,0.9633,0.0394
7,7,8,10,0.9845,0.9801,0.9906,0.9846,0.0295
7,7,8,11,0.9941,0.9928,0.9953,0.9936,0.0110
7,7,9,0,0.9160,0.8977,0.9561,0.9062,0.0324
7,7,9,1,0.9976,0.9968,0.9998,0.9974,0.0046
7,7,9,2,0.9468,0.9269,0.9765,0.9416,0.0356
7,7,9,3,0.9060,0.9124,0.9862,0.8967,0.0472
7,7,9,4,0.9970,0.9974,0.9997,0.9967,0.0034
7,7,9,5,0.9941,0.9928,0.9947,0.9939,0.0136
7,7,9,6,0.9976,0.9970,0.9998,0.9974,0.0047
7,7,9,7,0.9852,0.9825,0.9953,0.9843,0.0219
7,7,9,8,0.9880,0.9855,0.9902,0.9869,0.0142
7,7,9,9,0.9971,0.9962,0.9997,0.9969,0.0064
7,7,9,10,0.9116,0.9084,0.9933,0.9015,0.0388
7,7,9,11,0.9968,0.9958,0.9997,0.9965,0.0070
7,7,10,0,0.9767,0.9732,0.9825,0.9748,0.0235
7,7,10,1,0.9990,0.9988,1.0000,0.9989,0.0029
7,7,10,2,0.9969,0.9966,0.9999,0.9966,0.0049
7,7,10,3,0.9963,0.9964,0.9994,0.9960,0.0076
7,7,10,4,0.9924,0.9940,0.9982,0.9916,0.0085
7,7,10,5,0.8909,0.8926,0.9947,0.8777,0.0315
7,7,10,6,0.9974,0.9969,0.9993,0.9971,0.0035
7,7,10,7,0.9907,0.9877,0.9918,0.9901,0.0161
7,7,10,8,0.9972,0.9964,0.9998,0.9970,0.0055
7,7,10,9,0.9104,0.8987,0.9914,0.9003,0.0384
7,7,10,10,0.9973,0.9966,0.9999,0.9970,0.0046
7,7,10,11,0.9853,0.9879,0.9995,0.9838,0.0147
7,7,11,0,0.7258,0.6808,0.7271,0.6932,0.0922
7,7,11,1,0.9978,0.9984,0.9997,0.9976,0.0060
7,7,11,2,0.9980,0.9979,0.9997,0.9978,0.0043
7,7,11,3,0.9464,0.9525,0.9778,0.9430,0.0434
7,7,11,4,0.9940,0.9927,0.9972,0.9940,0.0171
7,7,11,5,0.9966,0.9966,0.9992,0.9963,0.0060
7,7,11,6,0.9979,0.9973,0.9999,0.9977,0.0046
7,7,11,7,0.9952,0.9949,0.9990,0.9950,0.0132
7,7,11,8,0.1607,0.4621,0.9377,0.0255,0.0610
7,7,11,9,0.9979,0.9971,0.9999,0.9977,0.0050
7,7,11,10,0.9482,0.9528,0.9848,0.9448,0.0426
7,7,11,11,0.9431,0.9415,0.9841,0.9392,0.0447
7,8,0,0,0.8753,0.8863,0.9040,0.8505,0.0407
7,8,0,1,0.1978,0.3121,0.9567,0.0858,0.0481
7,8,0,2,0.9185,0.9340,0.9762,0.9027,0.0307
7,8,0,3,0.2431,0.3444,0.9628,0.1257,0.0294
7,8,0,4,0.5173,0.5183,0.9835,0.4151,0.0173
7,8,0,5,0.2863,0.3563,0.9555,0.1766,0.0294
7,8,0,6,0.7661,0.7830,0.8928,0.7121,0.0438
7,8,0,7,0.7195,0.7602,0.9695,0.6540,0.0441
7,8,0,8,0.7089,0.8167,0.9852,0.6432,0.0298
7,8,0,9,0.8976,0.9128,0.9678,0.8779,0.0407
7,8,0,10,0.8424,0.8497,0.9554,0.8091,0.0418
7,8,0,11,0.8792,0.8873,0.9343,0.8564,0.0441
7,8,1,0,0.7568,0.7783,0.9941,0.7038,0.0287
7,8,1,1,0.9037,0.9166,0.9940,0.8841,0.0335
7,8,1,2,0.8631,0.8852,0.9899,0.8341,0.0383
7,8,1,3,0.9093,0.8834,0.9547,0.8918,0.0268
7,8,1,4,0.9387,0.9421,0.9943,0.9265,0.0226
7,8,1,5,0.9105,0.9325,0.9979,0.8923,0.0136
7,8,1,6,0.8709,0.8994,0.9998,0.8447,0.0109
7,8,1,7,0.9227,0.9388,0.9919,0.9072,0.0272
7,8,1,8,0.9238,0.9344,0.9969,0.9087,0.0118
7,8,1,9,0.9211,0.9277,0.9913,0.9065,0.0098
7,8,1,10,0.3521,0.6423,0.9489,0.1899,0.0470
7,8,1,11,0.4271,0.4115,0.9644,0.3294,0.0195
7,8,2,0,0.8302,0.8307,0.9758,0.7932,0.0348
7,8,2,1,0.9320,0.9337,0.9962,0.9204,0.0172
7,8,2,2,0.5647,0.6444,0.9895,0.4798,0.0150
7,8,2,3,0.7675,0.8022,0.9919,0.7173,0.0257
7,8,2,4,0.8626,0.8967,0.9908,0.8350,0.0192
7,8,2,5,0.7501,0.8106,0.9861,0.6942,0.0319
7,8,2,6,0.9189,0.9214,0.9902,0.9050,0.0164
7,8,2,7,0.7863,0.8016,0.9269,0.7380,0.0491
7,8,2,8,0.7570,0.8255,0.9970,0.7057,0.0218
7,8,2,9,0.5835,0.7009,0.9789,0.4881,0.0275
7,8,2,10,0.8992,0.8975,0.9599,0.8800,0.0413
7,8,2,11,0.9368,0.9218,0.9954,0.9255,0.0155
7,8,3,0,0.8977,0.8697,0.9780,0.8879,0.0451
7,8,3,1,0.9350,0.9453,0.9906,0.9234,0.0130
7,8,3,2,0.6067,0.6612,0.9920,0.5265,0.0186
7,8,3,3,0.8997,0.8969,0.9880,0.8823,0.0185
7,8,3,4,0.8997,0.8714,0.9793,0.8898,0.0449
7,8,3,5,0.9117,0.9336,0.9930,0.8942,0.0093
7,8,3,6,0.7207,0.8012,0.9489,0.6553,0.0420
7,8,3,7,0.7310,0.7391,0.9970,0.6742,0.0239
7,8,3,8,0.7279,0.7573,0.9832,0.6743,0.0197
7,8,3,9,0.8291,0.8906,0.9861,0.7958,0.0165
7,8,3,10,0.9234,0.9209,0.9900,0.9097,0.0114
7,8,3,11,0.8341,0.8552,0.9933,0.7990,0.0228
7,8,4,0,0.8174,0.8518,0.9834,0.7823,0.0134
7,8,4,1,0.8724,0.8808,0.9923,0.8483,0.0121
7,8,4,2,0.9124,0.8921,0.9858,0.9013,0.0338
7,8,4,3,0.7760,0.7808,0.9529,0.7280,0.0220
7,8,4,4,0.9253,0.9212,0.9907,0.9142,0.0235
7,8,4,5,0.9112,0.9283,0.9910,0.8958,0.0121
7,8,4,6,0.9303,0.9445,0.9951,0.9163,0.0220
7,8,4,7,0.6127,0.6326,0.9870,0.5328,0.0184
7,8,4,8,0.9282,0.9121,0.9884,0.9177,0.0245
7,8,4,9,0.9321,0.9446,0.9999,0.9185,0.0119
7,8,4,10,0.9034,0.8803,0.9831,0.8926,0.0403
7,8,4,11,0.3552,0.4684,0.9496,0.2678,0.0492
7,8,5,0,0.8994,0.8654,0.9776,0.8898,0.0458
7,8,5,1,0.8957,0.8563,0.9752,0.8871,0.0492
7,8,5,2,0.8949,0.9126,0.9982,0.8742,0.0182
7,8,5,3,0.9498,0.9587,0.9929,0.9401,0.0216
7,8,5,4,0.9386,0.9255,0.9972,0.9262,0.0180
7,8,5,5,0.9066,0.8776,0.9786,0.8977,0.0445
7,8,5,6,0.9088,0.8922,0.9822,0.8975,0.0333
7,8,5,7,0.9160,0.9169,0.9899,0.9018,0.0153
7,8,5,8,0.9293,0.9192,0.9866,0.9205,0.0302
7,8,5,9,0.9086,0.8812,0.9828,0.8981,0.0386
7,8,5,10,0.8964,0.8892,0.9992,0.8761,0.0101
7,8,5,11,0.9142,0.9050,0.9861,0.9012,0.0231
7,8,6,0,0.9302,0.9285,0.9902,0.9161,0.0197
7,8,6,1,0.9310,0.9223,0.9897,0.9222,0.0286
7,8,6,2,0.9185,0.9075,0.9883,0.9072,0.0285
7,8,6,3,0.9286,0.9431,0.9964,0.9160,0.0129
7,8,6,4,0.9361,0.9309,0.9974,0.9232,0.0088
7,8,6,5,0.9274,0.9218,0.9925,0.9151,0.0161
7,8,6,6,0.9190,0.8958,0.9845,0.9089,0.0324
7,8,6,7,0.9133,0.9164,0.9850,0.8956,0.0227
7,8,6,8,0.9121,0.9056,0.9995,0.8949,0.0130
7,8,6,9,0.8963,0.8579,0.9758,0.8876,0.0491
7,8,6,10,0.9009,0.8698,0.9780,0.8912,0.0455
7,8,6,11,0.9419,0.9385,0.9961,0.9311,0.0101
7,8,7,0,0.9009,0.9015,0.9944,0.8840,0.0178
7,8,7,1,0.9056,0.8996,0.9844,0.8937,0.0316
7,8,7,2,0.8964,0.8574,0.9756,0.8877,0.0492
7,8,7,3,0.9598,0.9608,0.9975,0.9519,0.0081
7,8,7,4,0.9154,0.9310,0.9896,0.9013,0.0199
7,8,7,5,0.9175,0.9358,0.9927,0.9037,0.0159
7,8,7,6,0.9098,0.8964,0.9881,0.8975,0.0299
7,8,7,7,0.9150,0.8928,0.9815,0.9066,0.0417
7,8,7,8,1.0000,1.0000,1.0000,1.0000,0.0000
7,8,7,9,0.9318,0.9380,0.9948,0.9206,0.0167
7,8,7,10,0.9106,0.8805,0.9782,0.9026,0.0451
7,8,7,11,0.9016,0.8679,0.9786,0.8922,0.0460
7,8,8,0,0.9157,0.8890,0.9857,0.9051,0.0335
7,8,8,1,0.9128,0.8845,0.9782,0.9052,0.0450
7,8,8,2,0.9267,0.9301,0.9958,0.9135,0.0125
7,8,8,3,0.9315,0.9209,0.9916,0.9227,0.0285
7,8,8,4,0.9051,0.9509,0.9914,0.8893,0.0169
7,8,8,5,0.9243,0.9432,0.9941,0.9090,0.0203
7,8,8,6,0.9041,0.8952,0.9857,0.8920,0.0335
7,8,8,7,0.8176,0.8606,0.9883,0.7858,0.0168
7,8,8,8,0.9549,0.9618,0.9990,0.9460,0.0155
7,8,8,9,0.9506,0.9483,0.9975,0.9411,0.0081
7,8,8,10,0.9350,0.9304,0.9962,0.9237,0.0125
7,8,8,11,0.9165,0.9011,0.9887,0.9056,0.0310
7,8,9,0,0.9085,0.8882,0.9773,0.8930,0.0206
7,8,9,1,0.8984,0.8665,0.9771,0.8889,0.0463
7,8,9,2,0.9346,0.9276,0.9907,0.9232,0.0169
7,8,9,3,0.9150,0.9347,0.9988,0.8983,0.0089
7,8,9,4,0.9050,0.8874,0.9820,0.8947,0.0396
7,8,9,5,0.9245,0.9048,0.9904,0.9141,0.0289
7,8,9,6,0.9019,0.8699,0.9790,0.8928,0.0462
7,8,9,7,0.9359,0.9341,0.9929,0.9261,0.0198
7,8,9,8,0.9118,0.8920,0.9882,0.8996,0.0278
7,8,9,9,0.8981,0.8632,0.9771,0.8891,0.0481
7,8,9,10,0.8921,0.9367,0.9890,0.8728,0.0178
7,8,9,11,0.8986,0.8611,0.9768,0.8897,0.0487
7,8,10,0,0.9263,0.9184,0.9887,0.9148,0.0206
7,8,10,1,0.9066,0.8805,0.9801,0.8977,0.0446
7,8,10,2,0.9015,0.8693,0.9792,0.8921,0.0463
7,8,10,3,0.9087,0.8943,0.9867,0.8972,0.0341
7,8,10,4,0.9126,0.8875,0.9862,0.9015,0.0332
7,8,10,5,0.8400,0.9342,0.9863,0.8133,0.0226
7,8,10,6,0.9055,0.8774,0.9823,0.8956,0.0413
7,8,10,7,0.9250,0.9096,0.9896,0.9144,0.0256
7,8,10,8,0.8988,0.8648,0.9779,0.8894,0.0472
7,8,10,9,0.8846,0.9168,0.9967,0.8637,0.0135
7,8,10,10,0.9008,0.8671,0.9788,0.8914,0.0460
7,8,10,11,0.9290,0.9123,0.9868,0.9198,0.0270
7,8,11,0,0.8138,0.8405,0.8420,0.7738,0.0510
7,8,11,1,0.9172,0.8952,0.9853,0.9072,0.0359
7,8,11,2,0.9099,0.8841,0.9842,0.8998,0.0390
7,8,11,3,0.9356,0.9459,0.9965,0.9231,0.0064
7,8,11,4,0.9242,0.9041,0.9926,0.9130,0.0265
7,8,11,5,0.9069,0.8884,0.9854,0.8957,0.0362
7,8,11,6,0.9044,0.8726,0.9803,0.8948,0.0445
7,8,11,7,0.9275,0.9165,0.9889,0.9178,0.0285
7,8,11,8,0.3298,0.6205,0.9691,0.1876,0.0198
7,8,11,9,0.9029,0.8702,0.9790,0.8936,0.0459
7,8,11,10,0.9343,0.9427,0.9991,0.9216,0.0077
7,8,11,11,0.9485,0.9440,0.9980,0.9384,0.0085
7,9,0,0,0.8426,0.8265,0.8677,0.8180,0.0560
7,9,0,1,0.1606,0.2561,0.9520,0.0540,0.0315
7,9,0,2,0.9173,0.9178,0.9536,0.9069,0.0463
7,9,0,3,0.1984,0.2820,0.9550,0.0854,0.0188
7,9,0,4,0.4463,0.4284,0.9656,0.3413,0.0337
7,9,0,5,0.2441,0.2925,0.9488,0.1384,0.0195
7,9,0,6,0.7026,0.7030,0.8563,0.6433,0.0600
7,9,0,7,0.6728,0.6904,0.9460,0.6068,0.0602
7,9,0,8,0.6972,0.7445,0.9643,0.6384,0.0457
7,9,0,9,0.8824,0.8863,0.9425,0.8663,0.0558
7,9,0,10,0.8259,0.8130,0.9228,0.7975,0.0580
7,9,0,11,0.8715,0.8558,0.8990,0.8555,0.0597
7,9,1,0,0.7104,0.7314,0.9837,0.6555,0.0433
7,9,1,1,0.9052,0.9049,0.9819,0.8914,0.0467
7,9,1,2,0.8526,0.8619,0.9740,0.8281,0.0523
7,9,1,3,0.9317,0.8981,0.9292,0.9256,0.0426
7,9,1,4,0.9635,0.9638,0.9847,0.9599,0.0340
7,9,1,5,0.9502,0.9452,0.9917,0.9429,0.0277
7,9,1,6,0.8670,0.8504,0.9948,0.8441,0.0260
7,9,1,7,0.9447,0.9443,0.9776,0.9386,0.0388
7,9,1,8,0.9633,0.9734,0.9953,0.9580,0.0230
7,9,1,9,0.9657,0.9737,0.9943,0.9602,0.0136
7,9,1,10,0.2685,0.5867,0.9131,0.1039,0.0623
7,9,1,11,0.3801,0.3489,0.9560,0.2841,0.0147
7,9,2,0,0.8029,0.7820,0.9493,0.7674,0.0509
7,9,2,1,0.9856,0.9845,0.9995,0.9833,0.0079
7,9,2,2,0.4959,0.5589,0.9814,0.4075,0.0248
7,9,2,3,0.7549,0.7657,0.9839,0.7094,0.0411
7,9,2,4,0.8675,0.8973,0.9898,0.8448,0.0300
7,9,2,5,0.7214,0.7433,0.9727,0.6679,0.0480
7,9,2,6,0.9687,0.9809,0.9955,0.9637,0.0079
7,9,2,7,0.7377,0.7426,0.8954,0.6876,0.0649
7,9,2,8,0.6668,0.7330,0.9855,0.6047,0.0356
7,9,2,9,0.5062,0.6115,0.9581,0.4057,0.0437
7,9,2,10,0.8782,0.8632,0.9363,0.8612,0.0567
7,9,2,11,0.9882,0.9870,0.9988,0.9864,0.0114
7,9,3,0,0.9766,0.9693,0.9914,0.9757,0.0285
7,9,3,1,0.9687,0.9686,0.9947,0.9637,0.0105
7,9,3,2,0.5369,0.5773,0.9836,0.4525,0.0311
7,9,3,3,0.9074,0.9208,0.9893,0.8925,0.0171
7,9,3,4,0.9791,0.9706,0.9926,0.9783,0.0282
7,9,3,5,0.9541,0.9653,0.9878,0.9471,0.0218
7,9,3,6,0.6873,0.7339,0.9187,0.6245,0.0579
7,9,3,7,0.6883,0.6701,0.9854,0.6304,0.0371
7,9,3,8,0.6756,0.6861,0.9779,0.6186,0.0295
7,9,3,9,0.8220,0.8361,0.9798,0.7914,0.0264
7,9,3,10,0.9794,0.9795,0.9944,0.9762,0.0097
7,9,3,11,0.8447,0.8211,0.9781,0.8175,0.0392
7,9,4,0,0.7813,0.7912,0.9793,0.7439,0.0224
7,9,4,1,0.9315,0.8940,0.9902,0.9202,0.0206
7,9,4,2,0.9828,0.9780,0.9958,0.9810,0.0174
7,9,4,3,0.7362,0.7437,0.9323,0.6871,0.0382
7,9,4,4,0.9875,0.9858,0.9982,0.9857,0.0079
7,9,4,5,0.9655,0.9644,0.9968,0.9599,0.0072
7,9,4,6,0.9354,0.9520,0.9864,0.9264,0.0358
7,9,4,7,0.5833,0.5821,0.9710,0.5068,0.0308
7,9,4,8,0.9822,0.9861,0.9964,0.9796,0.0094
7,9,4,9,0.8678,0.8733,0.9934,0.8451,0.0273
7,9,4,10,0.9785,0.9750,0.9955,0.9768,0.0236
7,9,4,11,0.2814,0.3914,0.9480,0.1919,0.0325
7,9,5,0,0.9773,0.9681,0.9911,0.9764,0.0291
7,9,5,1,0.9745,0.9632,0.9898,0.9741,0.0325
7,9,5,2,0.8711,0.8870,0.9931,0.8491,0.0268
7,9,5,3,0.9326,0.9320,0.9799,0.9233,0.0383
7,9,5,4,0.9322,0.9147,0.9912,0.9218,0.0325
7,9,5,5,0.9788,0.9735,0.9921,0.9780,0.0278
7,9,5,6,0.9810,0.9793,0.9929,0.9791,0.0167
7,9,5,7,0.9198,0.9233,0.9948,0.9070,0.0121
7,9,5,8,0.9856,0.9837,0.9961,0.9840,0.0135
7,9,5,9,0.9799,0.9754,0.9945,0.9782,0.0219
7,9,5,10,0.9062,0.9041,0.9952,0.8905,0.0218
7,9,5,11,0.9708,0.9688,0.9935,0.9665,0.0098
7,9,6,0,0.8465,0.8452,0.9765,0.8197,0.0342
7,9,6,1,0.9801,0.9810,0.9984,0.9777,0.0132
7,9,6,2,0.9851,0.9852,0.9974,0.9833,0.0129
7,9,6,3,0.9634,0.9773,0.9978,0.9575,0.0119
7,9,6,4,0.9549,0.9632,0.9893,0.9486,0.0239
7,9,6,5,0.9812,0.9850,0.9979,0.9782,0.0066
7,9,6,6,0.9836,0.9807,0.9953,0.9819,0.0160
7,9,6,7,0.8938,0.8924,0.9733,0.8769,0.0388
7,9,6,8,0.9358,0.9208,0.9969,0.9253,0.0228
7,9,6,9,0.9753,0.9644,0.9902,0.9749,0.0324
7,9,6,10,0.9779,0.9704,0.9913,0.9770,0.0289
7,9,6,11,0.9838,0.9860,0.9991,0.9814,0.0115
7,9,7,0,0.9283,0.9469,0.9972,0.9169,0.0143
7,9,7,1,0.9744,0.9759,0.9950,0.9715,0.0155
7,9,7,2,0.9750,0.9640,0.9900,0.9746,0.0325
7,9,7,3,0.9745,0.9726,0.9901,0.9716,0.0235
7,9,7,4,0.9585,0.9520,0.9924,0.9520,0.0167
7,9,7,5,0.9824,0.9860,0.9983,0.9796,0.0037
7,9,7,6,0.9775,0.9788,0.9970,0.9747,0.0140
7,9,7,7,0.9796,0.9760,0.9934,0.9784,0.0251
7,9,7,8,0.9318,0.9380,0.9948,0.9206,0.0167
7,9,7,9,1.0000,1.0000,1.0000,1.0000,0.0000
7,9,7,10,0.9788,0.9732,0.9916,0.9781,0.0285
7,9,7,11,0.9785,0.9693,0.9918,0.9777,0.0294
7,9,8,0,0.9810,0.9786,0.9961,0.9789,0.0168
7,9,8,1,0.9772,0.9723,0.9914,0.9762,0.0283
7,9,8,2,0.9727,0.9795,0.9957,0.9683,0.0121
7,9,8,3,0.9818,0.9812,0.9986,0.9796,0.0123
7,9,8,4,0.9759,0.9729,0.9968,0.9721,0.0123
7,9,8,5,0.8988,0.9117,0.9851,0.8822,0.0357
7,9,8,6,0.9794,0.9799,0.9959,0.9773,0.0168
7,9,8,7,0.8549,0.8831,0.9876,0.8318,0.0156
7,9,8,8,0.9265,0.9396,0.9947,0.9146,0.0261
7,9,8,9,0.9703,0.9837,0.9974,0.9658,0.0159
7,9,8,10,0.9887,0.9892,0.9997,0.9869,0.0071
7,9,8,11,0.9838,0.9808,0.9983,0.9820,0.0146
7,9,9,0,0.9233,0.9211,0.9787,0.9112,0.0155
7,9,9,1,0.9776,0.9691,0.9908,0.9769,0.0296
7,9,9,2,0.9509,0.9559,0.9936,0.9430,0.0155
7,9,9,3,0.9443,0.9564,0.9952,0.9354,0.0224
7,9,9,4,0.9774,0.9751,0.9948,0.9758,0.0230
7,9,9,5,0.9878,0.9849,0.9992,0.9864,0.0132
7,9,9,6,0.9787,0.9703,0.9927,0.9781,0.0295
7,9,9,7,0.9815,0.9860,0.9997,0.9787,0.0068
7,9,9,8,0.9798,0.9764,0.9973,0.9773,0.0117
7,9,9,9,0.9767,0.9672,0.9912,0.9762,0.0315
7,9,9,10,0.9503,0.9401,0.9912,0.9423,0.0190
7,9,9,11,0.9762,0.9659,0.9909,0.9756,0.0320
7,9,10,0,0.9717,0.9768,0.9951,0.9674,0.0087
7,9,10,1,0.9787,0.9735,0.9926,0.9777,0.0279
7,9,10,2,0.9797,0.9705,0.9926,0.9791,0.0296
7,9,10,3,0.9821,0.9811,0.9966,0.9803,0.0174
7,9,10,4,0.9808,0.9783,0.9973,0.9788,0.0168
7,9,10,5,0.9314,0.9238,0.9895,0.9207,0.0203
7,9,10,6,0.9810,0.9743,0.9952,0.9800,0.0247
7,9,10,7,0.9819,0.9825,0.9985,0.9795,0.0110
7,9,10,8,0.9775,0.9681,0.9916,0.9768,0.0306
7,9,10,9,0.9380,0.9334,0.9971,0.9279,0.0171
7,9,10,10,0.9778,0.9690,0.9923,0.9769,0.0294
7,9,10,11,0.9758,0.9814,0.9960,0.9727,0.0112
7,9,11,0,0.8012,0.7714,0.7974,0.7689,0.0672
7,9,11,1,0.9826,0.9802,0.9958,0.9809,0.0193
7,9,11,2,0.9817,0.9761,0.9953,0.9804,0.0223
7,9,11,3,0.9528,0.9730,0.9947,0.9453,0.0184
7,9,11,4,0.9871,0.9847,0.9986,0.9853,0.0119
7,9,11,5,0.9831,0.9795,0.9966,0.9817,0.0198
7,9,11,6,0.9798,0.9718,0.9930,0.9789,0.0278
7,9,11,7,0.9863,0.9860,0.9973,0.9847,0.0118
7,9,11,8,0.2280,0.5418,0.9463,0.0806,0.0362
7,9,11,9,0.9793,0.9707,0.9921,0.9786,0.0293
7,9,11,10,0.9576,0.9745,0.9976,0.9509,0.0176
7,9,11,11,0.9539,0.9707,0.9975,0.9466,0.0197
7,10,0,0,0.7675,0.7251,0.7987,0.7437,0.0845
7,10,0,1,0.1105,0.1678,0.9655,0.0167,0.0030
7,10,0,2,0.8650,0.8410,0.9108,0.8570,0.0748
7,10,0,3,0.1422,0.1888,0.9634,0.0422,0.0160
7,10,0,4,0.3728,0.3220,0.9515,0.2771,0.0622
7,10,0,5,0.1982,0.2007,0.9611,0.1053,0.0168
7,10,0,6,0.6094,0.5811,0.7840,0.5510,0.0884
7,10,0,7,0.5744,0.5625,0.9021,0.5086,0.0887
7,10,0,8,0.6316,0.6380,0.9301,0.5783,0.0741
7,10,0,9,0.8219,0.8027,0.8960,0.8084,0.0840
7,10,0,10,0.7684,0.7187,0.8747,0.7453,0.0864
7,10,0,11,0.8025,0.7637,0.8403,0.7884,0.0882
7,10,1,0,0.6169,0.6085,0.9668,0.5614,0.0718
7,10,1,1,0.8420,0.8231,0.9589,0.8284,0.0749
7,10,1,2,0.7913,0.7762,0.9505,0.7691,0.0805
7,10,1,3,0.9032,0.8561,0.8758,0.9043,0.0711
7,10,1,4,0.9306,0.9178,0.9561,0.9299,0.0596
7,10,1,5,0.9168,0.8939,0.9782,0.9118,0.0561
7,10,1,6,0.8349,0.7837,0.9770,0.8164,0.0544
7,10,1,7,0.8959,0.8827,0.9461,0.8912,0.0662
7,10,1,8,0.9408,0.9413,0.9867,0.9385,0.0504
7,10,1,9,0.9530,0.9529,0.9935,0.9503,0.0403
7,10,1,10,0.1694,0.4969,0.8697,0.0159,0.0905
7,10,1,11,0.3335,0.2559,0.9636,0.2487,0.0314
7,10,2,0,0.7261,0.6701,0.9108,0.6915,0.0794
7,10,2,1,0.9789,0.9735,0.9910,0.9787,0.0308
7,10,2,2,0.3910,0.4216,0.9759,0.3046,0.0522
7,10,2,3,0.6651,0.6520,0.9739,0.6184,0.0693
7,10,2,4,0.8347,0.8420,0.9891,0.8158,0.0580
7,10,2,5,0.6177,0.6167,0.9422,0.5617,0.0765
7,10,2,6,0.9643,0.9725,0.9964,0.9619,0.0329
7,10,2,7,0.6561,0.6361,0.8348,0.6088,0.0934
7,10,2,8,0.5695,0.6175,0.9616,0.5069,0.0640
7,10,2,9,0.4039,0.4912,0.9162,0.3068,0.0722
7,10,2,10,0.8113,0.7722,0.8868,0.7958,0.0849
7,10,2,11,0.9824,0.9798,0.9927,0.9833,0.0338
7,10,3,0,0.9970,0.9977,1.0000,0.9967,0.0016
7,10,3,1,0.9485,0.9406,0.9944,0.9445,0.0384
7,10,3,2,0.4341,0.4431,0.9737,0.3512,0.0593
7,10,3,3,0.8816,0.8660,0.9917,0.8681,0.0397
7,10,3,4,0.9972,0.9977,0.9999,0.9969,0.0024
7,10,3,5,0.9353,0.9336,0.9602,0.9321,0.0502
7,10,3,6,0.5908,0.6049,0.8638,0.5284,0.0863
7,10,3,7,0.6224,0.5708,0.9679,0.5687,0.0653
7,10,3,8,0.5810,0.5662,0.9781,0.5229,0.0556
7,10,3,9,0.7627,0.7552,0.9791,0.7326,0.0525
7,10,3,10,0.9667,0.9635,0.9944,0.9653,0.0353
7,10,3,11,0.7750,0.7255,0.9597,0.7477,0.0677
7,10,4,0,0.7117,0.7030,0.9816,0.6740,0.0472
7,10,4,1,0.8718,0.8192,0.9875,0.8576,0.0457
7,10,4,2,0.9953,0.9958,0.9990,0.9951,0.0115
7,10,4,3,0.6967,0.6550,0.8855,0.6557,0.0666
7,10,4,4,0.9850,0.9819,0.9970,0.9842,0.0216
7,10,4,5,0.9502,0.9441,0.9959,0.9461,0.0338
7,10,4,6,0.8981,0.8953,0.9589,0.8923,0.0638
7,10,4,7,0.5187,0.4848,0.9537,0.4489,0.0582
7,10,4,8,0.9867,0.9882,0.9982,0.9862,0.0211
7,10,4,9,0.8245,0.7893,0.9762,0.8043,0.0558
7,10,4,10,0.9964,0.9960,0.9992,0.9960,0.0051
7,10,4,11,0.1967,0.2751,0.9661,0.1132,0.0041
7,10,5,0,0.9978,0.9977,1.0000,0.9976,0.0020
7,10,5,1,0.9981,0.9971,0.9999,0.9980,0.0041
7,10,5,2,0.8648,0.8392,0.9824,0.8502,0.0542
7,10,5,3,0.8858,0.8675,0.9490,0.8781,0.0668
7,10,5,4,0.8848,0.8433,0.9719,0.8752,0.0607
7,10,5,5,0.9992,0.9993,1.0000,0.9992,0.0017
7,10,5,6,0.9890,0.9903,0.9996,0.9879,0.0118
7,10,5,7,0.9178,0.9011,0.9960,0.9091,0.0337
7,10,5,8,0.9928,0.9913,0.9987,0.9924,0.0150
7,10,5,9,0.9963,0.9968,0.9996,0.9960,0.0066
7,10,5,10,0.8961,0.8576,0.9781,0.8863,0.0502
7,10,5,11,0.9772,0.9676,0.9977,0.9755,0.0244
7,10,6,0,0.7990,0.7640,0.9454,0.7752,0.0624
7,10,6,1,0.9910,0.9878,0.9971,0.9905,0.0165
7,10,6,2,0.9896,0.9910,0.9981,0.9890,0.0167
7,10,6,3,0.9554,0.9559,0.9918,0.9524,0.0373
7,10,6,4,0.9411,0.9292,0.9645,0.9399,0.0523
7,10,6,5,0.9798,0.9805,0.9956,0.9795,0.0300
7,10,6,6,0.9951,0.9934,0.9992,0.9949,0.0127
7,10,6,7,0.8535,0.8164,0.9375,0.8409,0.0673
7,10,6,8,0.9148,0.8833,0.9809,0.9079,0.0510
7,10,6,9,0.9982,0.9973,0.9999,0.9981,0.0039
7,10,6,10,0.9978,0.9979,1.0000,0.9976,0.0014
7,10,6,11,0.9650,0.9619,0.9919,0.9639,0.0390
7,10,7,0,0.9195,0.9281,0.9940,0.9110,0.0362
7,10,7,1,0.9863,0.9882,0.9994,0.9850,0.0135
7,10,7,2,0.9983,0.9973,0.9999,0.9981,0.0041
7,10,7,3,0.9426,0.9255,0.9652,0.9413,0.0519
7,10,7,4,0.9276,0.9081,0.9937,0.9201,0.0354
7,10,7,5,0.9748,0.9784,0.9955,0.9736,0.0293
7,10,7,6,0.9909,0.9927,0.9984,0.9903,0.0155
7,10,7,7,0.9984,0.9984,0.9998,0.9983,0.0039
7,10,7,8,0.9106,0.8805,0.9782,0.9026,0.0451
7,10,7,9,0.9788,0.9732,0.9916,0.9781,0.0285
7,10,7,10,1.0000,1.0000,1.0000,1.0000,0.0000
7,10,7,11,0.9986,0.9980,0.9999,0.9985,0.0025
7,10,8,0,0.9954,0.9959,0.9991,0.9952,0.0117
7,10,8,1,0.9995,0.9993,1.0000,0.9994,0.0012
7,10,8,2,0.9645,0.9646,0.9901,0.9629,0.0366
7,10,8,3,0.9907,0.9856,0.9962,0.9902,0.0167
7,10,8,4,0.9483,0.9471,0.9963,0.9435,0.0332
7,10,8,5,0.8471,0.8352,0.9577,0.8317,0.0641
7,10,8,6,0.9909,0.9937,0.9991,0.9902,0.0117
7,10,8,7,0.8245,0.8443,0.9892,0.8033,0.0365
7,10,8,8,0.9003,0.8792,0.9776,0.8920,0.0543
7,10,8,9,0.9615,0.9572,0.9798,0.9609,0.0428
7,10,8,10,0.9802,0.9757,0.9884,0.9804,0.0329
7,10,8,11,0.9937,0.9912,0.9939,0.9934,0.0142
7,10,9,0,0.9188,0.8896,0.9518,0.9101,0.0358
7,10,9,1,0.9980,0.9979,1.0000,0.9977,0.0012
7,10,9,2,0.9446,0.9227,0.9734,0.9399,0.0390
7,10,9,3,0.9080,0.9064,0.9836,0.9001,0.0506
7,10,9,4,0.9937,0.9954,0.9995,0.9931,0.0055
7,10,9,5,0.9945,0.9915,0.9933,0.9947,0.0165
7,10,9,6,0.9987,0.9982,0.9998,0.9986,0.0021
7,10,9,7,0.9817,0.9786,0.9939,0.9808,0.0253
7,10,9,8,0.9884,0.9840,0.9884,0.9877,0.0176
7,10,9,9,0.9983,0.9977,0.9999,0.9981,0.0030
7,10,9,10,0.9123,0.9004,0.9924,0.9033,0.0422
7,10,9,11,0.9984,0.9976,0.9999,0.9983,0.0035
7,10,10,0,0.9737,0.9678,0.9799,0.9719,0.0269
7,10,10,1,0.9987,0.9985,0.9999,0.9985,0.0018
7,10,10,2,0.9983,0.9979,0.9999,0.9982,0.0025
7,10,10,3,0.9940,0.9946,0.9987,0.9937,0.0110
7,10,10,4,0.9934,0.9936,0.9974,0.9930,0.0119
7,10,10,5,0.8893,0.8821,0.9938,0.8766,0.0349
7,10,10,6,0.9975,0.9970,0.9989,0.9972,0.0041
7,10,10,7,0.9897,0.9852,0.9902,0.9893,0.0195
7,10,10,8,0.9985,0.9979,0.9999,0.9984,0.0024
7,10,10,9,0.9057,0.8910,0.9894,0.8959,0.0418
7,10,10,10,0.9982,0.9977,0.9999,0.9981,0.0022
7,10,10,11,0.9850,0.9859,0.9989,0.9838,0.0181
7,10,11,0,0.7158,0.6633,0.7155,0.6838,0.0956
7,10,11,1,0.9968,0.9972,0.9992,0.9968,0.0100
7,10,11,2,0.9977,0.9974,0.9992,0.9976,0.0067
7,10,11,3,0.9405,0.9442,0.9743,0.9372,0.0468
7,10,11,4,0.9931,0.9912,0.9957,0.9934,0.0205
7,10,11,5,0.9951,0.9960,0.9986,0.9947,0.0089
7,10,11,6,0.9985,0.9981,0.9999,0.9983,0.0033
7,10,11,7,0.9925,0.9925,0.9981,0.9922,0.0167
7,10,11,8,0.1442,0.4494,0.9329,0.0098,0.0644
7,10,11,9,0.9987,0.9983,1.0000,0.9986,0.0026
7,10,11,10,0.9433,0.9459,0.9818,0.9401,0.0460
7,10,11,11,0.9420,0.9373,0.9815,0.9390,0.0481
7,11,0,0,0.7658,0.7165,0.8003,0.7416,0.0854
7,11,0,1,0.1099,0.1543,0.9662,0.0161,0.0026
7,11,0,2,0.8637,0.8343,0.9119,0.8553,0.0757
7,11,0,3,0.1408,0.1746,0.9644,0.0406,0.0172
7,11,0,4,0.3687,0.3079,0.9525,0.2722,0.0631
7,11,0,5,0.1979,0.1864,0.9618,0.1050,0.0188
7,11,0,6,0.6061,0.5705,0.7851,0.5469,0.0893
7,11,0,7,0.5714,0.5490,0.9029,0.5050,0.0896
7,11,0,8,0.6299,0.6291,0.9308,0.5762,0.0750
7,11,0,9,0.8188,0.7945,0.8969,0.8046,0.0849
7,11,0,10,0.7668,0.7096,0.8754,0.7434,0.0874
7,11,0,11,0.8009,0.7564,0.8415,0.7864,0.0891
7,11,1,0,0.6125,0.5915,0.9669,0.5561,0.0727
7,11,1,1,0.8386,0.8117,0.9590,0.8244,0.0758
7,11,1,2,0.7869,0.7640,0.9505,0.7638,0.0815
7,11,1,3,0.9047,0.8558,0.8772,0.9061,0.0720
7,11,1,4,0.9275,0.9100,0.9563,0.9264,0.0605
7,11,1,5,0.9169,0.8838,0.9782,0.9119,0.0571
7,11,1,6,0.8237,0.7662,0.9773,0.8035,0.0554
7,11,1,7,0.8949,0.8764,0.9468,0.8900,0.0672
7,11,1,8,0.9392,0.9355,0.9868,0.9367,0.0513
7,11,1,9,0.9509,0.9473,0.9935,0.9479,0.0412
7,11,1,10,0.1712,0.4900,0.8713,0.0181,0.0914
7,11,1,11,0.3296,0.2400,0.9643,0.2443,0.0323
7,11,2,0,0.7258,0.6614,0.9115,0.6912,0.0803
7,11,2,1,0.9784,0.9706,0.9914,0.9781,0.0317
7,11,2,2,0.3869,0.4068,0.9764,0.2998,0.0531
7,11,2,3,0.6635,0.6348,0.9739,0.6165,0.0702
7,11,2,4,0.8315,0.8319,0.9892,0.8122,0.0589
7,11,2,5,0.6163,0.6032,0.9423,0.5600,0.0774
7,11,2,6,0.9642,0.9691,0.9964,0.9619,0.0338
7,11,2,7,0.6519,0.6241,0.8355,0.6036,0.0943
7,11,2,8,0.5713,0.6129,0.9621,0.5089,0.0649
7,11,2,9,0.4004,0.4784,0.9172,0.3027,0.0731
7,11,2,10,0.8065,0.7605,0.8872,0.7899,0.0858
7,11,2,11,0.9823,0.9774,0.9927,0.9831,0.0348
7,11,3,0,0.9990,0.9989,1.0000,0.9989,0.0017
7,11,3,1,0.9465,0.9326,0.9944,0.9422,0.0394
7,11,3,2,0.4324,0.4278,0.9742,0.3492,0.0602
7,11,3,3,0.8755,0.8553,0.9916,0.8612,0.0407
7,11,3,4,0.9993,0.9995,1.0000,0.9993,0.0017
7,11,3,5,0.9375,0.9319,0.9611,0.9347,0.0512
7,11,3,6,0.5874,0.5926,0.8647,0.5243,0.0872
7,11,3,7,0.6135,0.5530,0.9684,0.5583,0.0662
7,11,3,8,0.5814,0.5538,0.9781,0.5233,0.0565
7,11,3,9,0.7624,0.7504,0.9797,0.7322,0.0534
7,11,3,10,0.9667,0.9578,0.9941,0.9653,0.0362
7,11,3,11,0.7758,0.7141,0.9602,0.7486,0.0686
7,11,4,0,0.7128,0.6966,0.9817,0.6752,0.0481
7,11,4,1,0.8727,0.8051,0.9875,0.8586,0.0466
7,11,4,2,0.9968,0.9967,0.9992,0.9968,0.0125
7,11,4,3,0.6932,0.6472,0.8867,0.6515,0.0676
7,11,4,4,0.9850,0.9783,0.9970,0.9843,0.0226
7,11,4,5,0.9492,0.9351,0.9957,0.9450,0.0348
7,11,4,6,0.8961,0.8892,0.9593,0.8899,0.0647
7,11,4,7,0.5145,0.4702,0.9545,0.4440,0.0592
7,11,4,8,0.9860,0.9858,0.9981,0.9853,0.0220
7,11,4,9,0.8188,0.7792,0.9766,0.7977,0.0567
7,11,4,10,0.9979,0.9971,0.9993,0.9977,0.0058
7,11,4,11,0.1908,0.2611,0.9665,0.1067,0.0031
7,11,5,0,0.9996,0.9997,1.0000,0.9996,0.0008
7,11,5,1,0.9996,0.9995,0.9999,0.9996,0.0031
7,11,5,2,0.8589,0.8266,0.9828,0.8434,0.0551
7,11,5,3,0.8835,0.8618,0.9499,0.8754,0.0677
7,11,5,4,0.8782,0.8282,0.9718,0.8676,0.0617
7,11,5,5,0.9991,0.9986,0.9999,0.9989,0.0018
7,11,5,6,0.9915,0.9897,0.9995,0.9908,0.0127
7,11,5,7,0.9068,0.8852,0.9958,0.8966,0.0346
7,11,5,8,0.9910,0.9883,0.9988,0.9904,0.0159
7,11,5,9,0.9978,0.9984,0.9997,0.9977,0.0075
7,11,5,10,0.8933,0.8502,0.9782,0.8830,0.0512
7,11,5,11,0.9746,0.9592,0.9974,0.9726,0.0253
7,11,6,0,0.7965,0.7589,0.9468,0.7723,0.0634
7,11,6,1,0.9863,0.9805,0.9973,0.9852,0.0174
7,11,6,2,0.9907,0.9902,0.9983,0.9904,0.0176
7,11,6,3,0.9536,0.9506,0.9921,0.9502,0.0382
7,11,6,4,0.9421,0.9272,0.9652,0.9411,0.0533
7,11,6,5,0.9793,0.9766,0.9955,0.9789,0.0310
7,11,6,6,0.9943,0.9907,0.9991,0.9940,0.0136
7,11,6,7,0.8460,0.8011,0.9376,0.8321,0.0682
7,11,6,8,0.9129,0.8783,0.9813,0.9056,0.0519
7,11,6,9,0.9997,0.9996,0.9999,0.9997,0.0030
7,11,6,10,0.9992,0.9993,1.0000,0.9991,0.0016
7,11,6,11,0.9649,0.9586,0.9919,0.9638,0.0399
7,11,7,0,0.9234,0.9305,0.9943,0.9155,0.0371
7,11,7,1,0.9858,0.9838,0.9993,0.9845,0.0144
7,11,7,2,0.9997,0.9996,0.9999,0.9997,0.0031
7,11,7,3,0.9409,0.9201,0.9658,0.9393,0.0529
7,11,7,4,0.9278,0.8988,0.9936,0.9204,0.0363
7,11,7,5,0.9778,0.9764,0.9957,0.9770,0.0302
7,11,7,6,0.9916,0.9922,0.9985,0.9912,0.0164
7,11,7,7,0.9973,0.9966,0.9999,0.9971,0.0049
7,11,7,8,0.9016,0.8679,0.9786,0.8922,0.0460
7,11,7,9,0.9785,0.9693,0.9918,0.9777,0.0294
7,11,7,10,0.9986,0.9980,0.9999,0.9985,0.0025
7,11,7,11,1.0000,1.0000,1.0000,1.0000,0.0000
7,11,8,0,0.9963,0.9969,0.9992,0.9962,0.0126
7,11,8,1,0.9976,0.9963,0.9999,0.9973,0.0034
7,11,8,2,0.9641,0.9615,0.9907,0.9624,0.0375
7,11,8,3,0.9875,0.9808,0.9965,0.9866,0.0176
7,11,8,4,0.9519,0.9395,0.9962,0.9476,0.0341
7,11,8,5,0.8451,0.8284,0.9582,0.8293,0.0651
7,11,8,6,0.9916,0.9930,0.9992,0.9910,0.0126
7,11,8,7,0.8313,0.8458,0.9895,0.8110,0.0374
7,11,8,8,0.8885,0.8623,0.9776,0.8783,0.0552
7,11,8,9,0.9584,0.9520,0.9802,0.9573,0.0437
7,11,8,10,0.9793,0.9724,0.9886,0.9794,0.0338
7,11,8,11,0.9946,0.9924,0.9944,0.9945,0.0151
7,11,9,0,0.9160,0.8856,0.9528,0.9070,0.0367
7,11,9,1,0.9995,0.9996,1.0000,0.9994,0.0018
7,11,9,2,0.9366,0.9102,0.9737,0.9308,0.0399
7,11,9,3,0.9085,0.9021,0.9838,0.9007,0.0516
7,11,9,4,0.9939,0.9943,0.9995,0.9932,0.0064
7,11,9,5,0.9946,0.9911,0.9935,0.9947,0.0174
7,11,9,6,0.9997,0.9996,0.9999,0.9997,0.0012
7,11,9,7,0.9778,0.9722,0.9941,0.9765,0.0262
7,11,9,8,0.9903,0.9868,0.9889,0.9898,0.0185
7,11,9,9,0.9997,0.9997,1.0000,0.9997,0.0021
7,11,9,10,0.9157,0.8870,0.9921,0.9071,0.0432
7,11,9,11,0.9998,0.9998,1.0000,0.9998,0.0026
7,11,10,0,0.9722,0.9653,0.9806,0.9701,0.0278
7,11,10,1,0.9986,0.9984,1.0000,0.9985,0.0028
7,11,10,2,0.9998,0.9998,0.9999,0.9998,0.0005
7,11,10,3,0.9947,0.9947,0.9989,0.9944,0.0119
7,11,10,4,0.9953,0.9960,0.9976,0.9951,0.0129
7,11,10,5,0.8957,0.8702,0.9937,0.8838,0.0358
7,11,10,6,0.9987,0.9986,0.9991,0.9986,0.0047
7,11,10,7,0.9888,0.9834,0.9904,0.9884,0.0205
7,11,10,8,0.9998,0.9998,1.0000,0.9998,0.0012
7,11,10,9,0.9084,0.8794,0.9894,0.8989,0.0428
7,11,10,10,0.9997,0.9997,1.0000,0.9997,0.0010
7,11,10,11,0.9833,0.9834,0.9990,0.9819,0.0190
7,11,11,0,0.7192,0.6581,0.7176,0.6881,0.0965
7,11,11,1,0.9968,0.9968,0.9993,0.9967,0.0101
7,11,11,2,0.9986,0.9986,0.9994,0.9986,0.0071
7,11,11,3,0.9398,0.9408,0.9751,0.9363,0.0478
7,11,11,4,0.9941,0.9921,0.9960,0.9945,0.0214
7,11,11,5,0.9962,0.9965,0.9988,0.9959,0.0098
7,11,11,6,0.9996,0.9996,0.9999,0.9995,0.0021
7,11,11,7,0.9912,0.9900,0.9983,0.9908,0.0176
7,11,11,8,0.1469,0.4390,0.9338,0.0130,0.0653
7,11,11,9,0.9998,0.9998,1.0000,0.9997,0.0012
7,11,11,10,0.9416,0.9406,0.9822,0.9382,0.0470
7,11,11,11,0.9375,0.9288,0.9816,0.9338,0.0491
8,0,0,0,0.7916,0.7538,0.8233,0.7646,0.0728
8,0,0,1,0.1519,0.1974,0.9645,0.0546,0.0147
8,0,0,2,0.8873,0.8638,0.9271,0.8774,0.0631
8,0,0,3,0.1833,0.2189,0.9642,0.0795,0.0159
8,0,0,4,0.4122,0.3566,0.9594,0.3132,0.0505
8,0,0,5,0.2372,0.2308,0.9605,0.1409,0.0174
8,0,0,6,0.6409,0.6159,0.8092,0.5791,0.0767
8,0,0,7,0.6133,0.5954,0.9186,0.5458,0.0770
8,0,0,8,0.6663,0.6686,0.9436,0.6111,0.0624
8,0,0,9,0.8484,0.8276,0.9134,0.8330,0.0723
8,0,0,10,0.8009,0.7494,0.8927,0.7766,0.0748
8,0,0,11,0.8298,0.7923,0.8618,0.8134,0.0765
8,0,1,0,0.6475,0.6326,0.9745,0.5895,0.0601
8,0,1,1,0.8618,0.8412,0.9684,0.8459,0.0632
8,0,1,2,0.8171,0.7974,0.9603,0.7930,0.0691
8,0,1,3,0.9228,0.8804,0.8954,0.9217,0.0594
8,0,1,4,0.9440,0.9317,0.9672,0.9413,0.0479
8,0,1,5,0.9322,0.9075,0.9846,0.9258,0.0445
8,0,1,6,0.8387,0.7940,0.9848,0.8160,0.0428
8,0,1,7,0.9152,0.9010,0.9586,0.9087,0.0546
8,0,1,8,0.9527,0.9508,0.9916,0.9488,0.0387
8,0,1,9,0.9613,0.9589,0.9959,0.9573,0.0294
8,0,1,10,0.2154,0.5302,0.8869,0.0573,0.0791
8,0,1,11,0.3721,0.2864,0.9645,0.2846,0.0218
8,0,2,0,0.7500,0.6991,0.9257,0.7122,0.0677
8,0,2,1,0.9838,0.9805,0.9958,0.9825,0.0192
8,0,2,2,0.4236,0.4499,0.9805,0.3335,0.0405
8,0,2,3,0.6939,0.6729,0.9795,0.6450,0.0579
8,0,2,4,0.8470,0.8572,0.9917,0.8256,0.0466
8,0,2,5,0.6502,0.6470,0.9541,0.5919,0.0648
8,0,2,6,0.9725,0.9780,0.9981,0.9694,0.0213
8,0,2,7,0.6946,0.6715,0.8564,0.6460,0.0817
8,0,2,8,0.6023,0.6499,0.9716,0.5373,0.0523
8,0,2,9,0.4389,0.5250,0.9320,0.3377,0.0605
8,0,2,10,0.8363,0.7980,0.9046,0.8184,0.0732
8,0,2,11,0.9892,0.9873,0.9965,0.9890,0.0222
8,0,3,0,0.9953,0.9971,0.9991,0.9951,0.0117
8,0,3,1,0.9532,0.9450,0.9966,0.9476,0.0268
8,0,3,2,0.4690,0.4705,0.9796,0.3829,0.0476
8,0,3,3,0.8868,0.8739,0.9930,0.8713,0.0291
8,0,3,4,0.9955,0.9974,0.9994,0.9953,0.0114
8,0,3,5,0.9538,0.9504,0.9712,0.9502,0.0386
8,0,3,6,0.6252,0.6388,0.8837,0.5601,0.0746
8,0,3,7,0.6434,0.5924,0.9760,0.5859,0.0537
8,0,3,8,0.6142,0.5910,0.9806,0.5544,0.0442
8,0,3,9,0.7765,0.7789,0.9822,0.7435,0.0408
8,0,3,10,0.9761,0.9706,0.9962,0.9739,0.0236
8,0,3,11,0.7964,0.7462,0.9683,0.7668,0.0560
8,0,4,0,0.7290,0.7280,0.9835,0.6886,0.0366
8,0,4,1,0.8804,0.8311,0.9905,0.8639,0.0342
8,0,4,2,0.9978,0.9981,0.9999,0.9975,0.0017
8,0,4,3,0.7283,0.6848,0.9024,0.6859,0.0550
8,0,4,4,0.9898,0.9869,0.9991,0.9886,0.0110
8,0,4,5,0.9590,0.9504,0.9980,0.9540,0.0222
8,0,4,6,0.9184,0.9140,0.9697,0.9112,0.0521
8,0,4,7,0.5636,0.5204,0.9623,0.4932,0.0466
8,0,4,8,0.9913,0.9916,0.9994,0.9903,0.0105
8,0,4,9,0.8408,0.8054,0.9839,0.8184,0.0441
8,0,4,10,0.9959,0.9964,0.9998,0.9955,0.0071
8,0,4,11,0.2242,0.3021,0.9634,0.1365,0.0157
8,0,5,0,0.9961,0.9971,0.9990,0.9960,0.0123
8,0,5,1,0.9951,0.9947,0.9984,0.9954,0.0157
8,0,5,2,0.8784,0.8522,0.9881,0.8620,0.0425
8,0,5,3,0.9071,0.8886,0.9613,0.8981,0.0551
8,0,5,4,0.8962,0.8542,0.9800,0.8839,0.0491
8,0,5,5,0.9967,0.9969,0.9992,0.9966,0.0110
8,0,5,6,0.9910,0.9923,0.9993,0.9899,0.0072
8,0,5,7,0.9182,0.9022,0.9975,0.9073,0.0244
8,0,5,8,0.9889,0.9913,0.9998,0.9875,0.0054
8,0,5,9,0.9976,0.9986,0.9999,0.9973,0.0051
8,0,5,10,0.9166,0.8781,0.9854,0.9064,0.0386
8,0,5,11,0.9820,0.9703,0.9981,0.9798,0.0151
8,0,6,0,0.8232,0.7898,0.9582,0.7981,0.0508
8,0,6,1,0.9848,0.9851,0.9993,0.9829,0.0077
8,0,6,2,0.9947,0.9948,0.9998,0.9940,0.0060
8,0,6,3,0.9634,0.9636,0.9959,0.9592,0.0258
8,0,6,4,0.9558,0.9447,0.9747,0.9534,0.0407
8,0,6,5,0.9859,0.9860,0.9981,0.9847,0.0184
8,0,6,6,0.9963,0.9949,0.9997,0.9959,0.0047
8,0,6,7,0.8676,0.8316,0.9506,0.8519,0.0556
8,0,6,8,0.9224,0.8979,0.9880,0.9131,0.0394
8,0,6,9,0.9954,0.9951,0.9986,0.9956,0.0156
8,0,6,10,0.9964,0.9968,0.9990,0.9964,0.0121
8,0,6,11,0.9741,0.9721,0.9961,0.9720,0.0273
8,0,7,0,0.9334,0.9443,0.9972,0.9246,0.0264
8,0,7,1,0.9847,0.9858,0.9997,0.9828,0.0089
8,0,7,2,0.9953,0.9950,0.9986,0.9955,0.0157
8,0,7,3,0.9499,0.9385,0.9753,0.9461,0.0403
8,0,7,4,0.9246,0.9185,0.9953,0.9145,0.0243
8,0,7,5,0.9857,0.9855,0.9984,0.9844,0.0176
8,0,7,6,0.9924,0.9943,0.9999,0.9915,0.0049
8,0,7,7,0.9950,0.9964,0.9996,0.9946,0.0088
8,0,7,8,0.9157,0.8890,0.9857,0.9051,0.0335
8,0,7,9,0.9810,0.9786,0.9961,0.9789,0.0168
8,0,7,10,0.9954,0.9959,0.9991,0.9952,0.0117
8,0,7,11,0.9963,0.9969,0.9992,0.9962,0.0126
8,0,8,0,1.0000,1.0000,1.0000,1.0000,0.0000
8,0,8,1,0.9945,0.9949,0.9990,0.9943,0.0121
8,0,8,2,0.9729,0.9721,0.9943,0.9703,0.0252
8,0,8,3,0.9866,0.9850,0.9989,0.9848,0.0071
8,0,8,4,0.9540,0.9554,0.9983,0.9481,0.0223
8,0,8,5,0.8693,0.8579,0.9687,0.8525,0.0525
8,0,8,6,0.9903,0.9945,1.0000,0.9891,0.0050
8,0,8,7,0.8373,0.8667,0.9912,0.8146,0.0272
8,0,8,8,0.9091,0.8868,0.9849,0.8983,0.0426
8,0,8,9,0.9728,0.9676,0.9873,0.9711,0.0311
8,0,8,10,0.9855,0.9836,0.9938,0.9845,0.0213
8,0,8,11,0.9941,0.9941,0.9972,0.9933,0.0043
8,0,9,0,0.9281,0.9014,0.9621,0.9185,0.0254
8,0,9,1,0.9961,0.9965,0.9989,0.9961,0.0129
8,0,9,2,0.9483,0.9261,0.9814,0.9418,0.0273
8,0,9,3,0.9219,0.9236,0.9895,0.9126,0.0390
8,0,9,4,0.9922,0.9942,0.9997,0.9915,0.0101
8,0,9,5,0.9959,0.9957,0.9969,0.9954,0.0059
8,0,9,6,0.9958,0.9966,0.9993,0.9958,0.0127
8,0,9,7,0.9819,0.9795,0.9976,0.9798,0.0142
8,0,9,8,0.9919,0.9900,0.9930,0.9909,0.0077
8,0,9,9,0.9957,0.9959,0.9989,0.9958,0.0147
8,0,9,10,0.9208,0.9092,0.9939,0.9103,0.0316
8,0,9,11,0.9959,0.9957,0.9989,0.9960,0.0152
8,0,10,0,0.9792,0.9735,0.9866,0.9767,0.0165
8,0,10,1,0.9959,0.9965,0.9994,0.9958,0.0112
8,0,10,2,0.9964,0.9968,0.9994,0.9963,0.0129
8,0,10,3,0.9944,0.9962,0.9999,0.9937,0.0038
8,0,10,4,0.9978,0.9977,0.9992,0.9975,0.0034
8,0,10,5,0.8938,0.8919,0.9945,0.8793,0.0272
8,0,10,6,0.9964,0.9969,0.9995,0.9961,0.0079
8,0,10,7,0.9913,0.9894,0.9945,0.9902,0.0105
8,0,10,8,0.9959,0.9963,0.9991,0.9959,0.0138
8,0,10,9,0.9073,0.9030,0.9937,0.8948,0.0302
8,0,10,10,0.9966,0.9967,0.9993,0.9966,0.0126
8,0,10,11,0.9875,0.9880,0.9999,0.9859,0.0098
8,0,11,0,0.7513,0.7009,0.7443,0.7179,0.0840
8,0,11,1,0.9977,0.9980,1.0000,0.9974,0.0035
8,0,11,2,0.9971,0.9977,0.9999,0.9969,0.0055
8,0,11,3,0.9553,0.9575,0.9830,0.9511,0.0352
8,0,11,4,0.9961,0.9960,0.9986,0.9958,0.0088
8,0,11,5,0.9946,0.9967,0.9998,0.9940,0.0049
8,0,11,6,0.9969,0.9971,0.9995,0.9968,0.0110
8,0,11,7,0.9922,0.9933,0.9998,0.9912,0.0052
8,0,11,8,0.1929,0.4759,0.9405,0.0546,0.0530
8,0,11,9,0.9964,0.9968,0.9993,0.9963,0.0125
8,0,11,10,0.9521,0.9597,0.9889,0.9473,0.0344
8,0,11,11,0.9537,0.9476,0.9884,0.9494,0.0365
8,1,0,0,0.7676,0.7268,0.7982,0.7438,0.0843
8,1,0,1,0.1137,0.1686,0.9669,0.0203,0.0031
8,1,0,2,0.8641,0.8427,0.9107,0.8558,0.0746
8,1,0,3,0.1451,0.1896,0.9648,0.0455,0.0159
8,1,0,4,0.3705,0.3218,0.9524,0.2744,0.0620
8,1,0,5,0.2016,0.2021,0.9626,0.1091,0.0167
8,1,0,6,0.6075,0.5820,0.7834,0.5486,0.0883
8,1,0,7,0.5743,0.5639,0.9020,0.5086,0.0885
8,1,0,8,0.6297,0.6401,0.9303,0.5760,0.0740
8,1,0,9,0.8220,0.8043,0.8959,0.8085,0.0838
8,1,0,10,0.7695,0.7199,0.8750,0.7467,0.0863
8,1,0,11,0.8029,0.7652,0.8403,0.7889,0.0880
8,1,1,0,0.6175,0.6115,0.9671,0.5622,0.0716
8,1,1,1,0.8424,0.8249,0.9591,0.8290,0.0748
8,1,1,2,0.7921,0.7786,0.9509,0.7701,0.0804
8,1,1,3,0.9027,0.8559,0.8753,0.9038,0.0710
8,1,1,4,0.9303,0.9186,0.9558,0.9296,0.0594
8,1,1,5,0.9174,0.8962,0.9785,0.9125,0.0560
8,1,1,6,0.8336,0.7866,0.9770,0.8150,0.0543
8,1,1,7,0.8955,0.8840,0.9460,0.8907,0.0661
8,1,1,8,0.9409,0.9420,0.9869,0.9386,0.0502
8,1,1,9,0.9524,0.9538,0.9938,0.9497,0.0401
8,1,1,10,0.1694,0.4989,0.8705,0.0159,0.0904
8,1,1,11,0.3375,0.2572,0.9650,0.2533,0.0312
8,1,2,0,0.7268,0.6724,0.9112,0.6924,0.0792
8,1,2,1,0.9797,0.9744,0.9908,0.9795,0.0307
8,1,2,2,0.3899,0.4217,0.9766,0.3033,0.0521
8,1,2,3,0.6644,0.6560,0.9745,0.6175,0.0691
8,1,2,4,0.8346,0.8437,0.9897,0.8158,0.0579
8,1,2,5,0.6182,0.6197,0.9420,0.5623,0.0763
8,1,2,6,0.9641,0.9725,0.9966,0.9617,0.0328
8,1,2,7,0.6564,0.6375,0.8344,0.6092,0.0933
8,1,2,8,0.5705,0.6188,0.9616,0.5080,0.0639
8,1,2,9,0.4016,0.4912,0.9160,0.3041,0.0720
8,1,2,10,0.8117,0.7735,0.8865,0.7962,0.0847
8,1,2,11,0.9817,0.9791,0.9926,0.9824,0.0337
8,1,3,0,0.9960,0.9962,1.0000,0.9956,0.0025
8,1,3,1,0.9472,0.9423,0.9946,0.9430,0.0383
8,1,3,2,0.4331,0.4439,0.9742,0.3500,0.0592
8,1,3,3,0.8789,0.8650,0.9923,0.8651,0.0396
8,1,3,4,0.9960,0.9964,0.9998,0.9956,0.0033
8,1,3,5,0.9350,0.9340,0.9597,0.9318,0.0501
8,1,3,6,0.5889,0.6048,0.8635,0.5262,0.0862
8,1,3,7,0.6201,0.5702,0.9683,0.5661,0.0652
8,1,3,8,0.5805,0.5679,0.9790,0.5224,0.0555
8,1,3,9,0.7597,0.7563,0.9800,0.7291,0.0523
8,1,3,10,0.9659,0.9633,0.9947,0.9644,0.0352
8,1,3,11,0.7737,0.7261,0.9604,0.7462,0.0676
8,1,4,0,0.7137,0.7062,0.9825,0.6763,0.0471
8,1,4,1,0.8685,0.8207,0.9881,0.8538,0.0455
8,1,4,2,0.9949,0.9950,0.9989,0.9946,0.0122
8,1,4,3,0.6946,0.6556,0.8851,0.6531,0.0665
8,1,4,4,0.9840,0.9812,0.9970,0.9831,0.0215
8,1,4,5,0.9509,0.9451,0.9960,0.9468,0.0337
8,1,4,6,0.8982,0.8966,0.9586,0.8923,0.0636
8,1,4,7,0.5198,0.4859,0.9543,0.4501,0.0581
8,1,4,8,0.9861,0.9877,0.9982,0.9855,0.0210
8,1,4,9,0.8268,0.7916,0.9763,0.8070,0.0556
8,1,4,10,0.9954,0.9942,0.9990,0.9950,0.0060
8,1,4,11,0.1955,0.2752,0.9676,0.1119,0.0042
8,1,5,0,0.9968,0.9960,1.0000,0.9965,0.0029
8,1,5,1,0.9970,0.9953,0.9998,0.9968,0.0042
8,1,5,2,0.8680,0.8417,0.9827,0.8539,0.0540
8,1,5,3,0.8869,0.8696,0.9487,0.8795,0.0666
8,1,5,4,0.8863,0.8457,0.9719,0.8770,0.0606
8,1,5,5,0.9990,0.9987,0.9999,0.9988,0.0029
8,1,5,6,0.9865,0.9892,0.9997,0.9852,0.0117
8,1,5,7,0.9176,0.9027,0.9962,0.9089,0.0336
8,1,5,8,0.9917,0.9909,0.9987,0.9913,0.0148
8,1,5,9,0.9952,0.9954,0.9995,0.9948,0.0077
8,1,5,10,0.8963,0.8576,0.9781,0.8865,0.0501
8,1,5,11,0.9794,0.9693,0.9979,0.9780,0.0243
8,1,6,0,0.8026,0.7689,0.9452,0.7795,0.0623
8,1,6,1,0.9920,0.9892,0.9969,0.9916,0.0164
8,1,6,2,0.9889,0.9907,0.9980,0.9883,0.0165
8,1,6,3,0.9578,0.9576,0.9918,0.9550,0.0371
8,1,6,4,0.9383,0.9287,0.9642,0.9367,0.0522
8,1,6,5,0.9799,0.9806,0.9956,0.9796,0.0299
8,1,6,6,0.9953,0.9934,0.9992,0.9951,0.0126
8,1,6,7,0.8540,0.8164,0.9371,0.8416,0.0672
8,1,6,8,0.9136,0.8815,0.9808,0.9065,0.0509
8,1,6,9,0.9970,0.9954,0.9999,0.9968,0.0041
8,1,6,10,0.9970,0.9963,1.0000,0.9966,0.0024
8,1,6,11,0.9636,0.9611,0.9918,0.9623,0.0388
8,1,7,0,0.9173,0.9263,0.9941,0.9086,0.0361
8,1,7,1,0.9841,0.9884,0.9994,0.9826,0.0134
8,1,7,2,0.9971,0.9955,0.9999,0.9969,0.0042
8,1,7,3,0.9410,0.9248,0.9649,0.9395,0.0518
8,1,7,4,0.9280,0.9113,0.9941,0.9205,0.0353
8,1,7,5,0.9730,0.9782,0.9954,0.9716,0.0291
8,1,7,6,0.9900,0.9917,0.9983,0.9894,0.0153
8,1,7,7,0.9989,0.9985,0.9998,0.9988,0.0041
8,1,7,8,0.9128,0.8845,0.9782,0.9052,0.0450
8,1,7,9,0.9772,0.9723,0.9914,0.9762,0.0283
8,1,7,10,0.9995,0.9993,1.0000,0.9994,0.0012
8,1,7,11,0.9976,0.9963,0.9999,0.9973,0.0034
8,1,8,0,0.9945,0.9949,0.9990,0.9943,0.0121
8,1,8,1,1.0000,1.0000,1.0000,1.0000,0.0000
8,1,8,2,0.9630,0.9651,0.9903,0.9611,0.0365
8,1,8,3,0.9917,0.9868,0.9960,0.9913,0.0165
8,1,8,4,0.9461,0.9496,0.9964,0.9410,0.0331
8,1,8,5,0.8460,0.8371,0.9574,0.8303,0.0640
8,1,8,6,0.9902,0.9925,0.9990,0.9894,0.0115
8,1,8,7,0.8228,0.8433,0.9898,0.8014,0.0363
8,1,8,8,0.9006,0.8823,0.9775,0.8924,0.0542
8,1,8,9,0.9604,0.9572,0.9795,0.9596,0.0426
8,1,8,10,0.9799,0.9751,0.9881,0.9800,0.0328
8,1,8,11,0.9922,0.9893,0.9935,0.9918,0.0143
8,1,9,0,0.9165,0.8901,0.9508,0.9076,0.0357
8,1,9,1,0.9970,0.9963,1.0000,0.9967,0.0018
8,1,9,2,0.9442,0.9237,0.9728,0.9395,0.0388
8,1,9,3,0.9046,0.9057,0.9838,0.8961,0.0505
8,1,9,4,0.9939,0.9950,0.9993,0.9932,0.0054
8,1,9,5,0.9934,0.9901,0.9929,0.9934,0.0169
8,1,9,6,0.9978,0.9966,0.9997,0.9975,0.0030
8,1,9,7,0.9818,0.9792,0.9936,0.9809,0.0252
8,1,9,8,0.9861,0.9814,0.9878,0.9851,0.0174
8,1,9,9,0.9972,0.9959,0.9999,0.9970,0.0031
8,1,9,10,0.9099,0.9042,0.9928,0.9005,0.0421
8,1,9,11,0.9973,0.9959,0.9999,0.9971,0.0037
8,1,10,0,0.9736,0.9681,0.9791,0.9717,0.0268
8,1,10,1,0.9985,0.9978,0.9999,0.9983,0.0028
8,1,10,2,0.9971,0.9962,0.9998,0.9968,0.0034
8,1,10,3,0.9932,0.9934,0.9986,0.9927,0.0109
8,1,10,4,0.9918,0.9919,0.9971,0.9912,0.0118
8,1,10,5,0.8867,0.8874,0.9943,0.8737,0.0348
8,1,10,6,0.9965,0.9954,0.9987,0.9962,0.0052
8,1,10,7,0.9893,0.9845,0.9897,0.9889,0.0194
8,1,10,8,0.9975,0.9962,0.9999,0.9973,0.0030
8,1,10,9,0.9053,0.8937,0.9896,0.8954,0.0417
8,1,10,10,0.9972,0.9960,0.9998,0.9969,0.0031
8,1,10,11,0.9848,0.9860,0.9989,0.9836,0.0180
8,1,11,0,0.7134,0.6654,0.7148,0.6809,0.0955
8,1,11,1,0.9964,0.9966,0.9991,0.9963,0.0101
8,1,11,2,0.9969,0.9961,0.9991,0.9966,0.0079
8,1,11,3,0.9413,0.9457,0.9739,0.9381,0.0467
8,1,11,4,0.9921,0.9897,0.9956,0.9923,0.0203
8,1,11,5,0.9940,0.9944,0.9984,0.9935,0.0088
8,1,11,6,0.9975,0.9966,0.9998,0.9972,0.0042
8,1,11,7,0.9923,0.9921,0.9980,0.9920,0.0165
8,1,11,8,0.1455,0.4518,0.9344,0.0114,0.0643
8,1,11,9,0.9977,0.9967,0.9999,0.9974,0.0035
8,1,11,10,0.9444,0.9476,0.9816,0.9414,0.0459
8,1,11,11,0.9413,0.9385,0.9813,0.9382,0.0480
8,2,0,0,0.8521,0.8352,0.8654,0.8259,0.0479
8,2,0,1,0.1799,0.2369,0.9737,0.0713,0.0396
8,2,0,2,0.9362,0.9296,0.9556,0.9275,0.0382
8,2,0,3,0.2145,0.2631,0.9773,0.0990,0.0253
8,2,0,4,0.4776,0.4208,0.9832,0.3737,0.0277
8,2,0,5,0.2596,0.2711,0.9714,0.1516,0.0251
8,2,0,6,0.7140,0.7061,0.8508,0.6524,0.0518
8,2,0,7,0.6961,0.6835,0.9488,0.6308,0.0521
8,2,0,8,0.7298,0.7602,0.9703,0.6740,0.0375
8,2,0,9,0.9124,0.9074,0.9447,0.9003,0.0474
8,2,0,10,0.8631,0.8263,0.9304,0.8401,0.0498
8,2,0,11,0.8969,0.8740,0.9028,0.8837,0.0516
8,2,1,0,0.7229,0.7144,0.9904,0.6669,0.0354
8,2,1,1,0.9211,0.9115,0.9857,0.9083,0.0383
8,2,1,2,0.8898,0.8823,0.9813,0.8706,0.0439
8,2,1,3,0.9313,0.8975,0.9267,0.9224,0.0356
8,2,1,4,0.9799,0.9717,0.9820,0.9781,0.0232
8,2,1,5,0.9552,0.9410,0.9952,0.9476,0.0201
8,2,1,6,0.8722,0.8498,0.9946,0.8484,0.0189
8,2,1,7,0.9624,0.9578,0.9788,0.9581,0.0296
8,2,1,8,0.9802,0.9838,0.9983,0.9771,0.0140
8,2,1,9,0.9832,0.9874,0.9980,0.9803,0.0068
8,2,1,10,0.2831,0.5984,0.9269,0.1139,0.0555
8,2,1,11,0.3958,0.3258,0.9776,0.2981,0.0207
8,2,2,0,0.8075,0.7836,0.9569,0.7694,0.0428
8,2,2,1,0.9769,0.9818,0.9979,0.9730,0.0076
8,2,2,2,0.4855,0.5227,0.9941,0.3909,0.0224
8,2,2,3,0.7594,0.7500,0.9926,0.7116,0.0337
8,2,2,4,0.8602,0.8932,0.9972,0.8343,0.0269
8,2,2,5,0.7259,0.7235,0.9738,0.6694,0.0420
8,2,2,6,0.9848,0.9865,0.9975,0.9823,0.0092
8,2,2,7,0.7720,0.7483,0.8945,0.7259,0.0568
8,2,2,8,0.6640,0.7254,0.9888,0.5975,0.0306
8,2,2,9,0.5065,0.5986,0.9582,0.4003,0.0366
8,2,2,10,0.9018,0.8734,0.9340,0.8873,0.0483
8,2,2,11,0.9858,0.9845,0.9980,0.9833,0.0088
8,2,3,0,0.9608,0.9599,0.9901,0.9587,0.0366
8,2,3,1,0.9789,0.9747,0.9977,0.9753,0.0147
8,2,3,2,0.5251,0.5417,0.9941,0.4340,0.0282
8,2,3,3,0.8842,0.8878,0.9955,0.8648,0.0205
8,2,3,4,0.9649,0.9643,0.9908,0.9631,0.0363
8,2,3,5,0.9744,0.9707,0.9821,0.9702,0.0136
8,2,3,6,0.6980,0.7233,0.9195,0.6329,0.0497
8,2,3,7,0.6920,0.6503,0.9927,0.6313,0.0337
8,2,3,8,0.6728,0.6679,0.9907,0.6122,0.0277
8,2,3,9,0.8062,0.8395,0.9931,0.7708,0.0243
8,2,3,10,0.9777,0.9730,0.9962,0.9738,0.0136
8,2,3,11,0.8489,0.8050,0.9880,0.8201,0.0337
8,2,4,0,0.7359,0.7845,0.9922,0.6882,0.0209
8,2,4,1,0.8894,0.8567,0.9964,0.8697,0.0180
8,2,4,2,0.9734,0.9729,0.9949,0.9709,0.0258
8,2,4,3,0.7373,0.7190,0.9257,0.6850,0.0324
8,2,4,4,0.9679,0.9719,0.9961,0.9634,0.0176
8,2,4,5,0.9473,0.9503,0.9967,0.9385,0.0101
8,2,4,6,0.9584,0.9613,0.9841,0.9524,0.0272
8,2,4,7,0.6054,0.5690,0.9849,0.5291,0.0282
8,2,4,8,0.9877,0.9855,0.9959,0.9863,0.0155
8,2,4,9,0.8785,0.8664,0.9952,0.8559,0.0220
8,2,4,10,0.9676,0.9635,0.9921,0.9653,0.0320
8,2,4,11,0.2718,0.3591,0.9689,0.1772,0.0407
8,2,5,0,0.9615,0.9599,0.9900,0.9595,0.0373
8,2,5,1,0.9597,0.9548,0.9885,0.9586,0.0407
8,2,5,2,0.8867,0.8752,0.9978,0.8661,0.0252
8,2,5,3,0.9295,0.9331,0.9802,0.9176,0.0310
8,2,5,4,0.9213,0.8945,0.9910,0.9072,0.0289
8,2,5,5,0.9653,0.9636,0.9902,0.9636,0.0359
8,2,5,6,0.9666,0.9684,0.9930,0.9633,0.0258
8,2,5,7,0.9116,0.9111,0.9967,0.8970,0.0165
8,2,5,8,0.9759,0.9804,0.9954,0.9735,0.0230
8,2,5,9,0.9737,0.9704,0.9929,0.9719,0.0303
8,2,5,10,0.9238,0.8941,0.9935,0.9100,0.0178
8,2,5,11,0.9639,0.9566,0.9948,0.9587,0.0214
8,2,6,0,0.8404,0.8458,0.9787,0.8099,0.0308
8,2,6,1,0.9687,0.9778,0.9952,0.9650,0.0209
8,2,6,2,0.9826,0.9817,0.9957,0.9809,0.0202
8,2,6,3,0.9819,0.9842,0.9995,0.9789,0.0059
8,2,6,4,0.9647,0.9598,0.9881,0.9589,0.0171
8,2,6,5,0.9887,0.9852,0.9974,0.9869,0.0089
8,2,6,6,0.9699,0.9695,0.9932,0.9668,0.0247
8,2,6,7,0.9186,0.8885,0.9675,0.9048,0.0307
8,2,6,8,0.9044,0.8986,0.9953,0.8870,0.0228
8,2,6,9,0.9602,0.9556,0.9888,0.9590,0.0405
8,2,6,10,0.9685,0.9636,0.9902,0.9673,0.0370
8,2,6,11,0.9608,0.9702,0.9979,0.9539,0.0134
8,2,7,0,0.8961,0.9255,0.9994,0.8789,0.0195
8,2,7,1,0.9812,0.9796,0.9936,0.9800,0.0244
8,2,7,2,0.9600,0.9554,0.9887,0.9588,0.0407
8,2,7,3,0.9568,0.9610,0.9879,0.9494,0.0167
8,2,7,4,0.9316,0.9449,0.9968,0.9204,0.0201
8,2,7,5,0.9811,0.9816,0.9981,0.9781,0.0121
8,2,7,6,0.9822,0.9787,0.9957,0.9806,0.0219
8,2,7,7,0.9688,0.9707,0.9922,0.9671,0.0332
8,2,7,8,0.9267,0.9301,0.9958,0.9135,0.0125
8,2,7,9,0.9727,0.9795,0.9957,0.9683,0.0121
8,2,7,10,0.9645,0.9646,0.9901,0.9629,0.0366
8,2,7,11,0.9641,0.9615,0.9907,0.9624,0.0375
8,2,8,0,0.9729,0.9721,0.9943,0.9703,0.0252
8,2,8,1,0.9630,0.9651,0.9903,0.9611,0.0365
8,2,8,2,1.0000,1.0000,1.0000,1.0000,0.0000
8,2,8,3,0.9765,0.9832,0.9968,0.9740,0.0207
8,2,8,4,0.9381,0.9572,0.9975,0.9281,0.0155
8,2,8,5,0.8997,0.9138,0.9838,0.8813,0.0291
8,2,8,6,0.9773,0.9772,0.9945,0.9756,0.0254
8,2,8,7,0.7983,0.8670,0.9969,0.7647,0.0190
8,2,8,8,0.9370,0.9351,0.9938,0.9257,0.0182
8,2,8,9,0.9817,0.9809,0.9924,0.9786,0.0109
8,2,8,10,0.9787,0.9825,0.9951,0.9750,0.0076
8,2,8,11,0.9725,0.9737,0.9929,0.9696,0.0230
8,2,9,0,0.9259,0.9183,0.9653,0.9137,0.0218
8,2,9,1,0.9662,0.9617,0.9897,0.9650,0.0378
8,2,9,2,0.9573,0.9474,0.9827,0.9500,0.0184
8,2,9,3,0.9194,0.9375,0.9981,0.9048,0.0185
8,2,9,4,0.9734,0.9715,0.9916,0.9722,0.0314
8,2,9,5,0.9708,0.9737,0.9929,0.9671,0.0211
8,2,9,6,0.9646,0.9626,0.9903,0.9631,0.0376
8,2,9,7,0.9877,0.9881,0.9959,0.9860,0.0118
8,2,9,8,0.9660,0.9648,0.9891,0.9617,0.0222
8,2,9,9,0.9633,0.9592,0.9894,0.9621,0.0396
8,2,9,10,0.9295,0.9324,0.9959,0.9174,0.0201
8,2,9,11,0.9617,0.9576,0.9894,0.9604,0.0401
8,2,10,0,0.9728,0.9737,0.9854,0.9687,0.0181
8,2,10,1,0.9682,0.9675,0.9914,0.9668,0.0361
8,2,10,2,0.9652,0.9624,0.9907,0.9637,0.0378
8,2,10,3,0.9766,0.9770,0.9947,0.9747,0.0258
8,2,10,4,0.9704,0.9698,0.9932,0.9674,0.0252
8,2,10,5,0.9117,0.9211,0.9951,0.8975,0.0232
8,2,10,6,0.9683,0.9665,0.9914,0.9664,0.0331
8,2,10,7,0.9722,0.9751,0.9902,0.9686,0.0199
8,2,10,8,0.9622,0.9591,0.9901,0.9605,0.0387
8,2,10,9,0.9246,0.9339,0.9973,0.9115,0.0165
8,2,10,10,0.9651,0.9615,0.9905,0.9636,0.0375
8,2,10,11,0.9581,0.9684,0.9954,0.9528,0.0224
8,2,11,0,0.8172,0.7829,0.7951,0.7844,0.0590
8,2,11,1,0.9773,0.9765,0.9943,0.9755,0.0274
8,2,11,2,0.9718,0.9708,0.9936,0.9699,0.0307
8,2,11,3,0.9583,0.9725,0.9904,0.9509,0.0131
8,2,11,4,0.9775,0.9798,0.9976,0.9745,0.0172
8,2,11,5,0.9749,0.9739,0.9933,0.9731,0.0282
8,2,11,6,0.9690,0.9657,0.9915,0.9675,0.0362
8,2,11,7,0.9836,0.9842,0.9963,0.9821,0.0202
8,2,11,8,0.2508,0.5497,0.9669,0.1009,0.0302
8,2,11,9,0.9668,0.9636,0.9908,0.9654,0.0374
8,2,11,10,0.9491,0.9718,0.9953,0.9400,0.0142
8,2,11,11,0.9666,0.9675,0.9939,0.9607,0.0136
8,3,0,0,0.8086,0.7915,0.8471,0.7834,0.0678
8,3,0,1,0.1434,0.2015,0.9630,0.0429,0.0197
8,3,0,2,0.8922,0.8898,0.9418,0.8818,0.0581
8,3,0,3,0.1755,0.2240,0.9643,0.0684,0.0122
8,3,0,4,0.4139,0.3675,0.9660,0.3127,0.0455
8,3,0,5,0.2274,0.2338,0.9594,0.1277,0.0127
8,3,0,6,0.6622,0.6498,0.8333,0.6028,0.0718
8,3,0,7,0.6215,0.6200,0.9325,0.5531,0.0720
8,3,0,8,0.6718,0.7082,0.9554,0.6155,0.0575
8,3,0,9,0.8607,0.8559,0.9288,0.8462,0.0673
8,3,0,10,0.8097,0.7732,0.9092,0.7853,0.0698
8,3,0,11,0.8433,0.8204,0.8819,0.8280,0.0715
8,3,1,0,0.6560,0.6590,0.9796,0.5975,0.0551
8,3,1,1,0.8752,0.8650,0.9753,0.8604,0.0582
8,3,1,2,0.8304,0.8270,0.9676,0.8072,0.0641
8,3,1,3,0.9182,0.8797,0.9141,0.9146,0.0544
8,3,1,4,0.9543,0.9473,0.9759,0.9524,0.0437
8,3,1,5,0.9345,0.9224,0.9889,0.9274,0.0395
8,3,1,6,0.8596,0.8249,0.9907,0.8394,0.0378
8,3,1,7,0.9228,0.9221,0.9691,0.9166,0.0496
8,3,1,8,0.9588,0.9632,0.9941,0.9552,0.0337
8,3,1,9,0.9659,0.9714,0.9959,0.9620,0.0239
8,3,1,10,0.2201,0.5512,0.9047,0.0590,0.0741
8,3,1,11,0.3638,0.2893,0.9644,0.2732,0.0171
8,3,2,0,0.7642,0.7270,0.9394,0.7274,0.0627
8,3,2,1,0.9832,0.9819,0.9985,0.9814,0.0147
8,3,2,2,0.4246,0.4659,0.9831,0.3323,0.0356
8,3,2,3,0.6937,0.6970,0.9824,0.6428,0.0529
8,3,2,4,0.8494,0.8653,0.9922,0.8272,0.0413
8,3,2,5,0.6546,0.6682,0.9627,0.5949,0.0598
8,3,2,6,0.9735,0.9790,0.9977,0.9702,0.0163
8,3,2,7,0.6999,0.6913,0.8752,0.6500,0.0767
8,3,2,8,0.6026,0.6717,0.9798,0.5356,0.0474
8,3,2,9,0.4445,0.5458,0.9466,0.3415,0.0555
8,3,2,10,0.8496,0.8236,0.9197,0.8328,0.0682
8,3,2,11,0.9856,0.9824,0.9982,0.9844,0.0195
8,3,3,0,0.9850,0.9799,0.9961,0.9839,0.0167
8,3,3,1,0.9614,0.9594,0.9963,0.9565,0.0218
8,3,3,2,0.4624,0.4843,0.9831,0.3729,0.0426
8,3,3,3,0.8874,0.8778,0.9928,0.8713,0.0241
8,3,3,4,0.9868,0.9822,0.9969,0.9858,0.0164
8,3,3,5,0.9480,0.9572,0.9805,0.9426,0.0336
8,3,3,6,0.6384,0.6660,0.9023,0.5737,0.0697
8,3,3,7,0.6550,0.6097,0.9827,0.5977,0.0487
8,3,3,8,0.6057,0.6087,0.9807,0.5428,0.0392
8,3,3,9,0.7793,0.7906,0.9842,0.7455,0.0358
8,3,3,10,0.9727,0.9677,0.9956,0.9695,0.0189
8,3,3,11,0.8021,0.7597,0.9755,0.7719,0.0510
8,3,4,0,0.7234,0.7348,0.9835,0.6807,0.0316
8,3,4,1,0.8808,0.8383,0.9920,0.8636,0.0293
8,3,4,2,0.9879,0.9856,0.9990,0.9864,0.0077
8,3,4,3,0.7130,0.6962,0.9206,0.6659,0.0500
8,3,4,4,0.9797,0.9783,0.9992,0.9769,0.0073
8,3,4,5,0.9491,0.9473,0.9977,0.9422,0.0172
8,3,4,6,0.9208,0.9288,0.9783,0.9130,0.0471
8,3,4,7,0.5508,0.5209,0.9688,0.4760,0.0416
8,3,4,8,0.9882,0.9880,0.9986,0.9866,0.0066
8,3,4,9,0.8479,0.8276,0.9899,0.8256,0.0391
8,3,4,10,0.9874,0.9818,0.9983,0.9861,0.0118
8,3,4,11,0.2204,0.3103,0.9599,0.1304,0.0207
8,3,5,0,0.9856,0.9791,0.9960,0.9845,0.0173
8,3,5,1,0.9847,0.9768,0.9950,0.9840,0.0207
8,3,5,2,0.8784,0.8606,0.9925,0.8610,0.0375
8,3,5,3,0.9043,0.9022,0.9722,0.8936,0.0501
8,3,5,4,0.9073,0.8721,0.9854,0.8960,0.0441
8,3,5,5,0.9896,0.9841,0.9965,0.9890,0.0160
8,3,5,6,0.9797,0.9780,0.9970,0.9772,0.0088
8,3,5,7,0.9259,0.9124,0.9971,0.9156,0.0194
8,3,5,8,0.9925,0.9917,0.9988,0.9916,0.0038
8,3,5,9,0.9881,0.9843,0.9981,0.9868,0.0101
8,3,5,10,0.9053,0.8751,0.9911,0.8924,0.0336
8,3,5,11,0.9788,0.9658,0.9965,0.9760,0.0106
8,3,6,0,0.8182,0.8103,0.9696,0.7908,0.0458
8,3,6,1,0.9966,0.9956,0.9997,0.9961,0.0033
8,3,6,2,0.9861,0.9891,0.9994,0.9843,0.0066
8,3,6,3,0.9702,0.9731,0.9982,0.9666,0.0206
8,3,6,4,0.9484,0.9454,0.9835,0.9438,0.0357
8,3,6,5,0.9863,0.9849,0.9985,0.9849,0.0142
8,3,6,6,0.9894,0.9832,0.9980,0.9881,0.0081
8,3,6,7,0.8863,0.8574,0.9610,0.8728,0.0506
8,3,6,8,0.9179,0.8900,0.9936,0.9070,0.0344
8,3,6,9,0.9850,0.9773,0.9953,0.9843,0.0206
8,3,6,10,0.9879,0.9813,0.9961,0.9870,0.0171
8,3,6,11,0.9638,0.9659,0.9981,0.9596,0.0223
8,3,7,0,0.9068,0.9240,0.9987,0.8937,0.0214
8,3,7,1,0.9873,0.9874,0.9981,0.9857,0.0060
8,3,7,2,0.9850,0.9772,0.9952,0.9843,0.0207
8,3,7,3,0.9563,0.9481,0.9837,0.9528,0.0353
8,3,7,4,0.9401,0.9292,0.9949,0.9317,0.0190
8,3,7,5,0.9723,0.9827,0.9993,0.9687,0.0131
8,3,7,6,0.9901,0.9875,0.9995,0.9888,0.0054
8,3,7,7,0.9936,0.9897,0.9975,0.9932,0.0132
8,3,7,8,0.9315,0.9209,0.9916,0.9227,0.0285
8,3,7,9,0.9818,0.9812,0.9986,0.9796,0.0123
8,3,7,10,0.9907,0.9856,0.9962,0.9902,0.0167
8,3,7,11,0.9875,0.9808,0.9965,0.9866,0.0176
8,3,8,0,0.9866,0.9850,0.9989,0.9848,0.0071
8,3,8,1,0.9917,0.9868,0.9960,0.9913,0.0165
8,3,8,2,0.9765,0.9832,0.9968,0.9740,0.0207
8,3,8,3,1.0000,1.0000,1.0000,1.0000,0.0000
8,3,8,4,0.9443,0.9560,0.9983,0.9366,0.0173
8,3,8,5,0.8627,0.8761,0.9771,0.8435,0.0475
8,3,8,6,0.9904,0.9885,0.9990,0.9893,0.0052
8,3,8,7,0.8151,0.8491,0.9916,0.7884,0.0219
8,3,8,8,0.9235,0.9198,0.9901,0.9142,0.0376
8,3,8,9,0.9717,0.9758,0.9928,0.9693,0.0264
8,3,8,10,0.9867,0.9853,0.9973,0.9855,0.0173
8,3,8,11,0.9898,0.9864,0.9987,0.9884,0.0088
8,3,9,0,0.9266,0.9193,0.9721,0.9163,0.0207
8,3,9,1,0.9874,0.9804,0.9958,0.9866,0.0178
8,3,9,2,0.9607,0.9508,0.9878,0.9556,0.0223
8,3,9,3,0.9105,0.9198,0.9934,0.8985,0.0340
8,3,9,4,0.9915,0.9886,0.9980,0.9908,0.0114
8,3,9,5,0.9899,0.9870,0.9986,0.9885,0.0085
8,3,9,6,0.9887,0.9827,0.9969,0.9880,0.0177
8,3,9,7,0.9917,0.9935,0.9992,0.9907,0.0092
8,3,9,8,0.9814,0.9774,0.9960,0.9789,0.0083
8,3,9,9,0.9868,0.9797,0.9960,0.9861,0.0197
8,3,9,10,0.9179,0.9183,0.9934,0.9063,0.0264
8,3,9,11,0.9858,0.9786,0.9958,0.9851,0.0202
8,3,10,0,0.9808,0.9825,0.9917,0.9783,0.0115
8,3,10,1,0.9917,0.9873,0.9971,0.9912,0.0161
8,3,10,2,0.9873,0.9816,0.9969,0.9864,0.0178
8,3,10,3,0.9911,0.9882,0.9993,0.9900,0.0064
8,3,10,4,0.9841,0.9837,0.9991,0.9821,0.0066
8,3,10,5,0.8999,0.9072,0.9937,0.8858,0.0206
8,3,10,6,0.9897,0.9847,0.9982,0.9887,0.0129
8,3,10,7,0.9898,0.9877,0.9969,0.9884,0.0094
8,3,10,8,0.9868,0.9799,0.9963,0.9860,0.0188
8,3,10,9,0.9257,0.9164,0.9963,0.9154,0.0252
8,3,10,10,0.9875,0.9810,0.9967,0.9866,0.0176
8,3,10,11,0.9794,0.9828,0.9990,0.9767,0.0062
8,3,11,0,0.7589,0.7300,0.7728,0.7248,0.0790
8,3,11,1,0.9926,0.9901,0.9989,0.9917,0.0080
8,3,11,2,0.9913,0.9870,0.9987,0.9904,0.0108
8,3,11,3,0.9548,0.9663,0.9900,0.9499,0.0302
8,3,11,4,0.9903,0.9870,0.9999,0.9890,0.0104
8,3,11,5,0.9914,0.9876,0.9991,0.9904,0.0080
8,3,11,6,0.9895,0.9836,0.9972,0.9886,0.0160
8,3,11,7,0.9947,0.9936,0.9996,0.9940,0.0042
8,3,11,8,0.1916,0.5036,0.9483,0.0499,0.0480
8,3,11,9,0.9888,0.9824,0.9966,0.9881,0.0174
8,3,11,10,0.9576,0.9664,0.9942,0.9530,0.0294
8,3,11,11,0.9538,0.9587,0.9930,0.9488,0.0315
8,4,0,0,0.8316,0.8208,0.8412,0.8045,0.0531
8,4,0,1,0.1718,0.2757,0.9700,0.0670,0.0362
8,4,0,2,0.9069,0.9098,0.9403,0.8945,0.0437
8,4,0,3,0.2084,0.3043,0.9711,0.0973,0.0182
8,4,0,4,0.4602,0.4557,0.9714,0.3584,0.0290
8,4,0,5,0.2654,0.3186,0.9672,0.1631,0.0182
8,4,0,6,0.6855,0.7049,0.8282,0.6223,0.0563
8,4,0,7,0.6816,0.6984,0.9339,0.6181,0.0565
8,4,0,8,0.6808,0.7488,0.9573,0.6188,0.0422
8,4,0,9,0.8649,0.8755,0.9287,0.8450,0.0539
8,4,0,10,0.8159,0.8112,0.9123,0.7853,0.0543
8,4,0,11,0.8635,0.8472,0.8810,0.8459,0.0568
8,4,1,0,0.7377,0.7574,0.9850,0.6888,0.0401
8,4,1,1,0.9009,0.9034,0.9796,0.8864,0.0438
8,4,1,2,0.8409,0.8575,0.9737,0.8141,0.0497
8,4,1,3,0.9183,0.8848,0.9083,0.9094,0.0408
8,4,1,4,0.9355,0.9469,0.9757,0.9265,0.0350
8,4,1,5,0.9429,0.9457,0.9925,0.9344,0.0240
8,4,1,6,0.8463,0.8722,0.9907,0.8197,0.0220
8,4,1,7,0.9291,0.9314,0.9685,0.9199,0.0396
8,4,1,8,0.9374,0.9553,0.9969,0.9275,0.0224
8,4,1,9,0.9379,0.9559,0.9991,0.9278,0.0144
8,4,1,10,0.2823,0.5915,0.9051,0.1218,0.0594
8,4,1,11,0.3920,0.3761,0.9724,0.2982,0.0084
8,4,2,0,0.8023,0.7863,0.9421,0.7671,0.0472
8,4,2,1,0.9665,0.9698,0.9972,0.9612,0.0160
8,4,2,2,0.5340,0.5892,0.9888,0.4527,0.0198
8,4,2,3,0.7816,0.7915,0.9891,0.7419,0.0371
8,4,2,4,0.8643,0.9157,0.9968,0.8411,0.0251
8,4,2,5,0.7402,0.7672,0.9658,0.6911,0.0443
8,4,2,6,0.9378,0.9618,0.9999,0.9279,0.0142
8,4,2,7,0.7432,0.7536,0.8756,0.6950,0.0615
8,4,2,8,0.7050,0.7613,0.9807,0.6507,0.0316
8,4,2,9,0.5096,0.6379,0.9440,0.4103,0.0397
8,4,2,10,0.8689,0.8632,0.9205,0.8501,0.0535
8,4,2,11,0.9675,0.9651,0.9990,0.9623,0.0209
8,4,3,0,0.9548,0.9435,0.9962,0.9509,0.0332
8,4,3,1,0.9521,0.9640,0.9992,0.9444,0.0071
8,4,3,2,0.5787,0.6173,0.9883,0.5024,0.0264
8,4,3,3,0.8846,0.9190,0.9970,0.8661,0.0118
8,4,3,4,0.9563,0.9438,0.9963,0.9523,0.0329
8,4,3,5,0.9239,0.9617,0.9752,0.9116,0.0205
8,4,3,6,0.6736,0.7482,0.9008,0.6081,0.0544
8,4,3,7,0.6657,0.6843,0.9853,0.6037,0.0327
8,4,3,8,0.7010,0.7204,0.9889,0.6488,0.0235
8,4,3,9,0.8507,0.8648,0.9887,0.8253,0.0206
8,4,3,10,0.9618,0.9640,0.9994,0.9556,0.0113
8,4,3,11,0.8351,0.8308,0.9795,0.8062,0.0345
8,4,4,0,0.8240,0.8360,0.9904,0.7942,0.0169
8,4,4,1,0.9279,0.9052,0.9962,0.9161,0.0148
8,4,4,2,0.9585,0.9562,0.9982,0.9532,0.0235
8,4,4,3,0.7051,0.7590,0.9114,0.6500,0.0340
8,4,4,4,0.9697,0.9742,0.9995,0.9653,0.0136
8,4,4,5,0.9599,0.9742,0.9998,0.9535,0.0088
8,4,4,6,0.9083,0.9472,0.9775,0.8940,0.0335
8,4,4,7,0.5898,0.6041,0.9742,0.5149,0.0256
8,4,4,8,0.9525,0.9652,0.9996,0.9454,0.0165
8,4,4,9,0.8593,0.8903,0.9905,0.8351,0.0234
8,4,4,10,0.9514,0.9468,0.9971,0.9460,0.0283
8,4,4,11,0.3204,0.4224,0.9682,0.2362,0.0373
8,4,5,0,0.9537,0.9405,0.9959,0.9496,0.0338
8,4,5,1,0.9490,0.9326,0.9949,0.9453,0.0373
8,4,5,2,0.8248,0.9113,0.9941,0.7947,0.0213
8,4,5,3,0.9177,0.9374,0.9696,0.9055,0.0341
8,4,5,4,0.9099,0.9217,0.9879,0.8955,0.0286
8,4,5,5,0.9480,0.9467,0.9963,0.9430,0.0325
8,4,5,6,0.9607,0.9573,0.9981,0.9560,0.0214
8,4,5,7,0.8785,0.9336,0.9997,0.8593,0.0089
8,4,5,8,0.9555,0.9627,0.9988,0.9495,0.0182
8,4,5,9,0.9506,0.9490,0.9975,0.9449,0.0266
8,4,5,10,0.8791,0.9145,0.9910,0.8587,0.0186
8,4,5,11,0.9365,0.9566,0.9992,0.9271,0.0114
8,4,6,0,0.8388,0.8759,0.9658,0.8107,0.0300
8,4,6,1,0.9423,0.9624,0.9982,0.9344,0.0167
8,4,6,2,0.9609,0.9652,0.9988,0.9555,0.0202
8,4,6,3,0.9265,0.9692,0.9986,0.9146,0.0135
8,4,6,4,0.9335,0.9510,0.9807,0.9233,0.0218
8,4,6,5,0.9500,0.9665,0.9998,0.9420,0.0147
8,4,6,6,0.9576,0.9593,0.9985,0.9522,0.0205
8,4,6,7,0.8640,0.8947,0.9607,0.8412,0.0357
8,4,6,8,0.9182,0.9148,0.9922,0.9048,0.0197
8,4,6,9,0.9492,0.9333,0.9951,0.9453,0.0371
8,4,6,10,0.9506,0.9424,0.9962,0.9460,0.0336
8,4,6,11,0.9771,0.9761,0.9986,0.9736,0.0147
8,4,7,0,0.9346,0.9475,0.9991,0.9242,0.0093
8,4,7,1,0.9401,0.9509,0.9986,0.9324,0.0197
8,4,7,2,0.9491,0.9332,0.9950,0.9453,0.0373
8,4,7,3,0.9457,0.9545,0.9815,0.9375,0.0214
8,4,7,4,0.9697,0.9671,0.9988,0.9649,0.0083
8,4,7,5,0.9700,0.9797,0.9991,0.9653,0.0123
8,4,7,6,0.9412,0.9533,0.9988,0.9331,0.0206
8,4,7,7,0.9466,0.9524,0.9973,0.9409,0.0298
8,4,7,8,0.9051,0.9509,0.9914,0.8893,0.0169
8,4,7,9,0.9759,0.9729,0.9968,0.9721,0.0123
8,4,7,10,0.9483,0.9471,0.9963,0.9435,0.0332
8,4,7,11,0.9519,0.9395,0.9962,0.9476,0.0341
8,4,8,0,0.9540,0.9554,0.9983,0.9481,0.0223
8,4,8,1,0.9461,0.9496,0.9964,0.9410,0.0331
8,4,8,2,0.9381,0.9572,0.9975,0.9281,0.0155
8,4,8,3,0.9443,0.9560,0.9983,0.9366,0.0173
8,4,8,4,1.0000,1.0000,1.0000,1.0000,0.0000
8,4,8,5,0.9194,0.9318,0.9765,0.9069,0.0317
8,4,8,6,0.9407,0.9521,0.9982,0.9331,0.0215
8,4,8,7,0.8836,0.8997,0.9955,0.8651,0.0088
8,4,8,8,0.8793,0.9426,0.9913,0.8589,0.0243
8,4,8,9,0.9300,0.9708,0.9902,0.9186,0.0180
8,4,8,10,0.9586,0.9645,0.9952,0.9519,0.0152
8,4,8,11,0.9499,0.9497,0.9947,0.9432,0.0190
8,4,9,0,0.8902,0.9017,0.9606,0.8728,0.0100
8,4,9,1,0.9508,0.9403,0.9958,0.9464,0.0344
8,4,9,2,0.8967,0.9396,0.9820,0.8800,0.0087
8,4,9,3,0.9455,0.9549,0.9953,0.9369,0.0195
8,4,9,4,0.9401,0.9472,0.9968,0.9334,0.0277
8,4,9,5,0.9604,0.9568,0.9954,0.9548,0.0188
8,4,9,6,0.9507,0.9396,0.9960,0.9463,0.0342
8,4,9,7,0.9397,0.9640,0.9975,0.9305,0.0121
8,4,9,8,0.9436,0.9456,0.9902,0.9357,0.0159
8,4,9,9,0.9496,0.9367,0.9955,0.9454,0.0362
8,4,9,10,0.9809,0.9740,0.9982,0.9779,0.0106
8,4,9,11,0.9499,0.9355,0.9954,0.9459,0.0367
8,4,10,0,0.9248,0.9526,0.9846,0.9132,0.0073
8,4,10,1,0.9477,0.9463,0.9967,0.9426,0.0327
8,4,10,2,0.9536,0.9398,0.9962,0.9495,0.0344
8,4,10,3,0.9482,0.9514,0.9982,0.9416,0.0222
8,4,10,4,0.9510,0.9506,0.9965,0.9447,0.0213
8,4,10,5,0.9650,0.9658,0.9973,0.9596,0.0096
8,4,10,6,0.9499,0.9429,0.9962,0.9446,0.0294
8,4,10,7,0.9485,0.9565,0.9925,0.9411,0.0147
8,4,10,8,0.9495,0.9377,0.9958,0.9451,0.0353
8,4,10,9,0.9499,0.9511,0.9977,0.9418,0.0102
8,4,10,10,0.9500,0.9391,0.9961,0.9454,0.0341
8,4,10,11,0.9462,0.9618,0.9988,0.9388,0.0151
8,4,11,0,0.8047,0.7722,0.7650,0.7738,0.0635
8,4,11,1,0.9502,0.9547,0.9982,0.9439,0.0245
8,4,11,2,0.9509,0.9467,0.9975,0.9453,0.0270
8,4,11,3,0.9218,0.9678,0.9857,0.9090,0.0168
8,4,11,4,0.9610,0.9571,0.9986,0.9552,0.0209
8,4,11,5,0.9490,0.9486,0.9974,0.9428,0.0243
8,4,11,6,0.9517,0.9415,0.9967,0.9469,0.0325
8,4,11,7,0.9510,0.9608,0.9990,0.9442,0.0173
8,4,11,8,0.2500,0.5587,0.9545,0.1074,0.0323
8,4,11,9,0.9510,0.9402,0.9964,0.9464,0.0340
8,4,11,10,0.9382,0.9682,0.9926,0.9282,0.0160
8,4,11,11,0.9242,0.9652,0.9926,0.9118,0.0181
8,5,0,0,0.9127,0.9087,0.9337,0.8914,0.0232
8,5,0,1,0.2306,0.3226,0.9272,0.1135,0.0672
8,5,0,2,0.9331,0.9579,0.9890,0.9166,0.0148
8,5,0,3,0.2680,0.3549,0.9377,0.1438,0.0484
8,5,0,4,0.5677,0.5473,0.9758,0.4663,0.0125
8,5,0,5,0.3164,0.3622,0.9259,0.2018,0.0474
8,5,0,6,0.7981,0.8168,0.9251,0.7434,0.0261
8,5,0,7,0.7822,0.7909,0.9873,0.7241,0.0256
8,5,0,8,0.7429,0.8434,0.9927,0.6771,0.0129
8,5,0,9,0.9183,0.9432,0.9844,0.8983,0.0256
8,5,0,10,0.8652,0.8808,0.9706,0.8302,0.0231
8,5,0,11,0.9108,0.9168,0.9572,0.8896,0.0266
8,5,1,0,0.8452,0.8400,0.9920,0.8072,0.0108
8,5,1,1,0.9358,0.9468,0.9957,0.9201,0.0155
8,5,1,2,0.8917,0.9179,0.9913,0.8644,0.0206
8,5,1,3,0.8986,0.8753,0.9729,0.8731,0.0243
8,5,1,4,0.9269,0.9423,0.9992,0.9095,0.0195
8,5,1,5,0.9136,0.9296,0.9909,0.8940,0.0104
8,5,1,6,0.8672,0.8996,0.9954,0.8373,0.0123
8,5,1,7,0.9450,0.9600,0.9984,0.9316,0.0186
8,5,1,8,0.9054,0.9328,0.9884,0.8848,0.0195
8,5,1,9,0.8959,0.9210,0.9779,0.8758,0.0249
8,5,1,10,0.4196,0.6744,0.9527,0.2581,0.0295
8,5,1,11,0.4490,0.4163,0.9396,0.3466,0.0354
8,5,2,0,0.8496,0.8576,0.9830,0.8109,0.0165
8,5,2,1,0.8994,0.9136,0.9871,0.8820,0.0349
8,5,2,2,0.6446,0.6760,0.9777,0.5686,0.0182
8,5,2,3,0.8405,0.8409,0.9846,0.8018,0.0070
8,5,2,4,0.8717,0.9072,0.9750,0.8435,0.0167
8,5,2,5,0.8500,0.8525,0.9967,0.8120,0.0144
8,5,2,6,0.8882,0.9010,0.9746,0.8688,0.0333
8,5,2,7,0.8480,0.8436,0.9575,0.8081,0.0308
8,5,2,8,0.8198,0.8605,0.9979,0.7773,0.0117
8,5,2,9,0.6600,0.7428,0.9894,0.5729,0.0114
8,5,2,10,0.9338,0.9327,0.9814,0.9182,0.0239
8,5,2,11,0.9086,0.9047,0.9849,0.8921,0.0319
8,5,3,0,0.8434,0.8292,0.9574,0.8275,0.0641
8,5,3,1,0.9152,0.9295,0.9774,0.9001,0.0265
8,5,3,2,0.6641,0.6874,0.9853,0.5885,0.0119
8,5,3,3,0.8551,0.8698,0.9682,0.8290,0.0320
8,5,3,4,0.8470,0.8338,0.9597,0.8311,0.0639
8,5,3,5,0.8996,0.9358,0.9958,0.8777,0.0189
8,5,3,6,0.7754,0.8365,0.9697,0.7151,0.0235
8,5,3,7,0.7370,0.7345,0.9910,0.6750,0.0106
8,5,3,8,0.7875,0.7890,0.9678,0.7416,0.0193
8,5,3,9,0.8838,0.9118,0.9670,0.8596,0.0219
8,5,3,10,0.8972,0.8992,0.9754,0.8785,0.0291
8,5,3,11,0.8207,0.8405,0.9865,0.7775,0.0167
8,5,4,0,0.8424,0.8767,0.9650,0.8098,0.0219
8,5,4,1,0.8579,0.8627,0.9756,0.8292,0.0224
8,5,4,2,0.8673,0.8599,0.9687,0.8503,0.0526
8,5,4,3,0.7835,0.7917,0.9569,0.7312,0.0148
8,5,4,4,0.8863,0.8896,0.9760,0.8695,0.0425
8,5,4,5,0.8991,0.9089,0.9771,0.8816,0.0311
8,5,4,6,0.9364,0.9615,0.9997,0.9211,0.0101
8,5,4,7,0.6560,0.6513,0.9853,0.5775,0.0209
8,5,4,8,0.8861,0.8882,0.9718,0.8693,0.0430
8,5,4,9,0.8957,0.9288,0.9944,0.8724,0.0110
8,5,4,10,0.8466,0.8388,0.9658,0.8285,0.0593
8,5,4,11,0.4317,0.5098,0.9169,0.3498,0.0682
8,5,5,0,0.8453,0.8276,0.9567,0.8296,0.0648
8,5,5,1,0.8380,0.8155,0.9537,0.8234,0.0682
8,5,5,2,0.8303,0.8780,0.9869,0.7940,0.0178
8,5,5,3,0.9427,0.9624,0.9974,0.9289,0.0063
8,5,5,4,0.9146,0.9170,0.9965,0.8948,0.0136
8,5,5,5,0.8456,0.8346,0.9585,0.8296,0.0635
8,5,5,6,0.8671,0.8556,0.9623,0.8506,0.0523
8,5,5,7,0.8371,0.8709,0.9729,0.8079,0.0307
8,5,5,8,0.8696,0.8769,0.9707,0.8523,0.0492
8,5,5,9,0.8606,0.8482,0.9646,0.8442,0.0576
8,5,5,10,0.8910,0.8943,0.9928,0.8680,0.0197
8,5,5,11,0.8601,0.8679,0.9675,0.8382,0.0413
8,5,6,0,0.9171,0.9336,0.9955,0.8977,0.0135
8,5,6,1,0.8574,0.8724,0.9747,0.8374,0.0476
8,5,6,2,0.8855,0.8840,0.9732,0.8700,0.0475
8,5,6,3,0.8886,0.9326,0.9846,0.8683,0.0282
8,5,6,4,0.9162,0.9129,0.9970,0.8973,0.0171
8,5,6,5,0.8910,0.8992,0.9791,0.8722,0.0341
8,5,6,6,0.8676,0.8606,0.9669,0.8505,0.0514
8,5,6,7,0.9051,0.9216,0.9962,0.8818,0.0081
8,5,6,8,0.8641,0.8679,0.9930,0.8352,0.0218
8,5,6,9,0.8385,0.8169,0.9546,0.8237,0.0681
8,5,6,10,0.8458,0.8325,0.9573,0.8299,0.0645
8,5,6,11,0.9264,0.9251,0.9860,0.9128,0.0252
8,5,7,0,0.8938,0.8824,0.9804,0.8758,0.0329
8,5,7,1,0.8493,0.8539,0.9662,0.8295,0.0506
8,5,7,2,0.8384,0.8164,0.9542,0.8236,0.0682
8,5,7,3,0.9145,0.9332,0.9982,0.8954,0.0180
8,5,7,4,0.9006,0.9328,0.9726,0.8843,0.0298
8,5,7,5,0.9061,0.9109,0.9803,0.8907,0.0349
8,5,7,6,0.8538,0.8586,0.9716,0.8332,0.0487
8,5,7,7,0.8474,0.8462,0.9618,0.8304,0.0607
8,5,7,8,0.9243,0.9432,0.9941,0.9090,0.0203
8,5,7,9,0.8988,0.9117,0.9851,0.8822,0.0357
8,5,7,10,0.8471,0.8352,0.9577,0.8317,0.0641
8,5,7,11,0.8451,0.8284,0.9582,0.8293,0.0651
8,5,8,0,0.8693,0.8579,0.9687,0.8525,0.0525
8,5,8,1,0.8460,0.8371,0.9574,0.8303,0.0640
8,5,8,2,0.8997,0.9138,0.9838,0.8813,0.0291
8,5,8,3,0.8627,0.8761,0.9771,0.8435,0.0475
8,5,8,4,0.9194,0.9318,0.9765,0.9069,0.0317
8,5,8,5,1.0000,1.0000,1.0000,1.0000,0.0000
8,5,8,6,0.8423,0.8554,0.9681,0.8213,0.0525
8,5,8,7,0.8163,0.8514,0.9702,0.7828,0.0300
8,5,8,8,0.9044,0.9369,0.9949,0.8832,0.0119
8,5,8,9,0.9123,0.9224,0.9938,0.8946,0.0216
8,5,8,10,0.8905,0.9055,0.9883,0.8709,0.0312
8,5,8,11,0.8594,0.8595,0.9768,0.8403,0.0500
8,5,9,0,0.8934,0.8780,0.9757,0.8756,0.0338
8,5,9,1,0.8425,0.8279,0.9560,0.8268,0.0653
8,5,9,2,0.8882,0.8969,0.9871,0.8680,0.0275
8,5,9,3,0.9234,0.9341,0.9910,0.9072,0.0172
8,5,9,4,0.8425,0.8455,0.9639,0.8243,0.0586
8,5,9,5,0.8735,0.8711,0.9792,0.8555,0.0476
8,5,9,6,0.8440,0.8296,0.9595,0.8282,0.0652
8,5,9,7,0.8862,0.9034,0.9825,0.8684,0.0388
8,5,9,8,0.8584,0.8552,0.9788,0.8382,0.0466
8,5,9,9,0.8404,0.8231,0.9565,0.8251,0.0672
8,5,9,10,0.9260,0.9346,0.9722,0.9133,0.0248
8,5,9,11,0.8416,0.8211,0.9559,0.8266,0.0677
8,5,10,0,0.8808,0.8912,0.9835,0.8619,0.0378
8,5,10,1,0.8452,0.8391,0.9599,0.8289,0.0636
8,5,10,2,0.8477,0.8303,0.9595,0.8324,0.0653
8,5,10,3,0.8513,0.8575,0.9698,0.8318,0.0531
8,5,10,4,0.8701,0.8550,0.9717,0.8537,0.0522
8,5,10,5,0.8799,0.9188,0.9654,0.8604,0.0308
8,5,10,6,0.8484,0.8388,0.9651,0.8315,0.0603
8,5,10,7,0.8759,0.8775,0.9797,0.8579,0.0446
8,5,10,8,0.8397,0.8238,0.9575,0.8237,0.0662
8,5,10,9,0.8760,0.9177,0.9842,0.8526,0.0228
8,5,10,10,0.8445,0.8283,0.9589,0.8286,0.0651
8,5,10,11,0.8721,0.8709,0.9693,0.8548,0.0460
8,5,11,0,0.8810,0.8667,0.8809,0.8519,0.0323
8,5,11,1,0.8640,0.8585,0.9679,0.8469,0.0550
8,5,11,2,0.8543,0.8453,0.9663,0.8371,0.0580
8,5,11,3,0.9159,0.9334,0.9947,0.8985,0.0181
8,5,11,4,0.8771,0.8748,0.9783,0.8585,0.0442
8,5,11,5,0.8488,0.8498,0.9687,0.8297,0.0552
8,5,11,6,0.8491,0.8344,0.9607,0.8330,0.0635
8,5,11,7,0.8701,0.8776,0.9732,0.8521,0.0475
8,5,11,8,0.3941,0.6284,0.9530,0.2521,0.0115
8,5,11,9,0.8446,0.8299,0.9587,0.8285,0.0649
8,5,11,10,0.9134,0.9288,0.9935,0.8957,0.0194
8,5,11,11,0.9374,0.9339,0.9943,0.9245,0.0163
8,6,0,0,0.7833,0.7573,0.8233,0.7555,0.0728
8,6,0,1,0.1417,0.1927,0.9655,0.0442,0.0147
8,6,0,2,0.8771,0.8647,0.9270,0.8658,0.0631
8,6,0,3,0.1696,0.2155,0.9652,0.0652,0.0109
8,6,0,4,0.4015,0.3532,0.9598,0.3019,0.0505
8,6,0,5,0.2143,0.2284,0.9615,0.1161,0.0125
8,6,0,6,0.6428,0.6169,0.8089,0.5826,0.0767
8,6,0,7,0.6127,0.5988,0.9179,0.5462,0.0770
8,6,0,8,0.6691,0.6766,0.9434,0.6156,0.0624
8,6,0,9,0.8457,0.8299,0.9130,0.8306,0.0723
8,6,0,10,0.7940,0.7486,0.8925,0.7691,0.0748
8,6,0,11,0.8312,0.7947,0.8616,0.8162,0.0765
8,6,1,0,0.6372,0.6335,0.9740,0.5782,0.0601
8,6,1,1,0.8637,0.8454,0.9679,0.8489,0.0632
8,6,1,2,0.8173,0.8003,0.9598,0.7940,0.0691
8,6,1,3,0.9150,0.8761,0.8955,0.9130,0.0594
8,6,1,4,0.9470,0.9342,0.9667,0.9453,0.0484
8,6,1,5,0.9259,0.9064,0.9844,0.9188,0.0445
8,6,1,6,0.8327,0.7989,0.9846,0.8096,0.0428
8,6,1,7,0.9126,0.9018,0.9583,0.9063,0.0546
8,6,1,8,0.9569,0.9548,0.9913,0.9541,0.0387
8,6,1,9,0.9614,0.9618,0.9956,0.9577,0.0289
8,6,1,10,0.2098,0.5303,0.8880,0.0521,0.0791
8,6,1,11,0.3435,0.2836,0.9653,0.2530,0.0197
8,6,2,0,0.7511,0.7032,0.9258,0.7145,0.0677
8,6,2,1,0.9794,0.9776,0.9957,0.9776,0.0194
8,6,2,2,0.4248,0.4539,0.9805,0.3358,0.0405
8,6,2,3,0.6824,0.6746,0.9791,0.6322,0.0579
8,6,2,4,0.8477,0.8587,0.9917,0.8269,0.0463
8,6,2,5,0.6475,0.6473,0.9531,0.5896,0.0648
8,6,2,6,0.9811,0.9843,0.9980,0.9794,0.0213
8,6,2,7,0.6870,0.6680,0.8554,0.6378,0.0817
8,6,2,8,0.5985,0.6506,0.9715,0.5337,0.0523
8,6,2,9,0.4346,0.5214,0.9320,0.3338,0.0605
8,6,2,10,0.8314,0.7976,0.9037,0.8134,0.0732
8,6,2,11,0.9841,0.9839,0.9963,0.9833,0.0237
8,6,3,0,0.9888,0.9922,0.9990,0.9878,0.0117
8,6,3,1,0.9587,0.9524,0.9963,0.9542,0.0268
8,6,3,2,0.4578,0.4710,0.9794,0.3709,0.0476
8,6,3,3,0.8861,0.8805,0.9932,0.8708,0.0281
8,6,3,4,0.9919,0.9936,0.9994,0.9912,0.0114
8,6,3,5,0.9528,0.9525,0.9711,0.9494,0.0386
8,6,3,6,0.6255,0.6464,0.8835,0.5617,0.0746
8,6,3,7,0.6480,0.5973,0.9762,0.5922,0.0537
8,6,3,8,0.6077,0.5953,0.9804,0.5477,0.0442
8,6,3,9,0.7760,0.7831,0.9827,0.7435,0.0408
8,6,3,10,0.9728,0.9685,0.9959,0.9704,0.0236
8,6,3,11,0.8074,0.7532,0.9685,0.7804,0.0560
8,6,4,0,0.7160,0.7240,0.9836,0.6742,0.0358
8,6,4,1,0.8819,0.8367,0.9907,0.8661,0.0342
8,6,4,2,0.9924,0.9949,0.9999,0.9915,0.0059
8,6,4,3,0.7062,0.6813,0.9036,0.6605,0.0550
8,6,4,4,0.9799,0.9827,0.9990,0.9775,0.0100
8,6,4,5,0.9458,0.9461,0.9977,0.9390,0.0222
8,6,4,6,0.9136,0.9158,0.9693,0.9062,0.0521
8,6,4,7,0.5462,0.5105,0.9622,0.4737,0.0466
8,6,4,8,0.9899,0.9920,0.9993,0.9888,0.0108
8,6,4,9,0.8373,0.8116,0.9839,0.8149,0.0441
8,6,4,10,0.9932,0.9944,0.9997,0.9924,0.0071
8,6,4,11,0.2160,0.3039,0.9643,0.1282,0.0157
8,6,5,0,0.9905,0.9924,0.9990,0.9898,0.0123
8,6,5,1,0.9892,0.9902,0.9984,0.9886,0.0157
8,6,5,2,0.8782,0.8575,0.9884,0.8622,0.0425
8,6,5,3,0.8973,0.8872,0.9614,0.8871,0.0551
8,6,5,4,0.8972,0.8574,0.9794,0.8857,0.0491
8,6,5,5,0.9924,0.9941,0.9992,0.9917,0.0110
8,6,5,6,0.9848,0.9913,0.9993,0.9829,0.0051
8,6,5,7,0.9180,0.9061,0.9974,0.9072,0.0223
8,6,5,8,0.9899,0.9941,0.9997,0.9886,0.0043
8,6,5,9,0.9926,0.9953,0.9998,0.9917,0.0059
8,6,5,10,0.9024,0.8755,0.9854,0.8902,0.0386
8,6,5,11,0.9779,0.9686,0.9980,0.9753,0.0130
8,6,6,0,0.7988,0.7837,0.9583,0.7699,0.0508
8,6,6,1,0.9885,0.9880,0.9993,0.9871,0.0049
8,6,6,2,0.9893,0.9925,0.9997,0.9880,0.0076
8,6,6,3,0.9696,0.9677,0.9959,0.9665,0.0256
8,6,6,4,0.9507,0.9460,0.9748,0.9478,0.0407
8,6,6,5,0.9886,0.9879,0.9979,0.9880,0.0189
8,6,6,6,0.9898,0.9904,0.9995,0.9886,0.0050
8,6,6,7,0.8742,0.8379,0.9498,0.8604,0.0556
8,6,6,8,0.9188,0.8964,0.9881,0.9094,0.0394
8,6,6,9,0.9896,0.9907,0.9986,0.9890,0.0156
8,6,6,10,0.9936,0.9942,0.9990,0.9931,0.0121
8,6,6,11,0.9604,0.9691,0.9959,0.9565,0.0273
8,6,7,0,0.9115,0.9366,0.9973,0.8998,0.0245
8,6,7,1,0.9915,0.9916,0.9997,0.9904,0.0050
8,6,7,2,0.9894,0.9905,0.9985,0.9888,0.0157
8,6,7,3,0.9495,0.9424,0.9752,0.9460,0.0403
8,6,7,4,0.9261,0.9204,0.9952,0.9165,0.0240
8,6,7,5,0.9789,0.9837,0.9983,0.9768,0.0176
8,6,7,6,0.9977,0.9981,0.9999,0.9974,0.0049
8,6,7,7,0.9944,0.9956,0.9997,0.9939,0.0083
8,6,7,8,0.9041,0.8952,0.9857,0.8920,0.0335
8,6,7,9,0.9794,0.9799,0.9959,0.9773,0.0168
8,6,7,10,0.9909,0.9937,0.9991,0.9902,0.0117
8,6,7,11,0.9916,0.9930,0.9992,0.9910,0.0126
8,6,8,0,0.9903,0.9945,1.0000,0.9891,0.0050
8,6,8,1,0.9902,0.9925,0.9990,0.9894,0.0115
8,6,8,2,0.9773,0.9772,0.9945,0.9756,0.0254
8,6,8,3,0.9904,0.9885,0.9990,0.9893,0.0052
8,6,8,4,0.9407,0.9521,0.9982,0.9331,0.0215
8,6,8,5,0.8423,0.8554,0.9681,0.8213,0.0525
8,6,8,6,1.0000,1.0000,1.0000,1.0000,0.0000
8,6,8,7,0.8245,0.8601,0.9915,0.8003,0.0248
8,6,8,8,0.9031,0.8920,0.9846,0.8918,0.0426
8,6,8,9,0.9701,0.9699,0.9871,0.9683,0.0311
8,6,8,10,0.9873,0.9834,0.9937,0.9868,0.0215
8,6,8,11,0.9929,0.9937,0.9972,0.9920,0.0059
8,6,9,0,0.9122,0.9031,0.9626,0.9006,0.0241
8,6,9,1,0.9932,0.9937,0.9989,0.9928,0.0129
8,6,9,2,0.9499,0.9331,0.9813,0.9439,0.0273
8,6,9,3,0.9077,0.9225,0.9894,0.8965,0.0390
8,6,9,4,0.9975,0.9971,0.9997,0.9973,0.0070
8,6,9,5,0.9891,0.9925,0.9968,0.9878,0.0088
8,6,9,6,0.9921,0.9935,0.9993,0.9915,0.0127
8,6,9,7,0.9869,0.9847,0.9974,0.9856,0.0139
8,6,9,8,0.9874,0.9878,0.9931,0.9858,0.0085
8,6,9,9,0.9913,0.9924,0.9989,0.9908,0.0147
8,6,9,10,0.9103,0.9097,0.9938,0.8985,0.0306
8,6,9,11,0.9902,0.9914,0.9989,0.9895,0.0152
8,6,10,0,0.9780,0.9767,0.9866,0.9754,0.0152
8,6,10,1,0.9934,0.9948,0.9995,0.9929,0.0112
8,6,10,2,0.9913,0.9929,0.9994,0.9905,0.0129
8,6,10,3,0.9969,0.9973,1.0000,0.9965,0.0025
8,6,10,4,0.9890,0.9937,0.9991,0.9877,0.0039
8,6,10,5,0.8977,0.8945,0.9947,0.8841,0.0232
8,6,10,6,0.9940,0.9951,0.9995,0.9934,0.0079
8,6,10,7,0.9884,0.9880,0.9944,0.9871,0.0105
8,6,10,8,0.9916,0.9927,0.9991,0.9910,0.0138
8,6,10,9,0.9181,0.9072,0.9937,0.9076,0.0302
8,6,10,10,0.9921,0.9932,0.9993,0.9915,0.0126
8,6,10,11,0.9813,0.9861,0.9999,0.9790,0.0075
8,6,11,0,0.7511,0.7043,0.7444,0.7188,0.0840
8,6,11,1,0.9952,0.9968,1.0000,0.9946,0.0064
8,6,11,2,0.9953,0.9964,0.9999,0.9947,0.0063
8,6,11,3,0.9535,0.9596,0.9830,0.9493,0.0352
8,6,11,4,0.9927,0.9936,0.9987,0.9920,0.0122
8,6,11,5,0.9983,0.9984,0.9998,0.9981,0.0035
8,6,11,6,0.9935,0.9946,0.9995,0.9929,0.0110
8,6,11,7,0.9958,0.9959,0.9998,0.9953,0.0068
8,6,11,8,0.1869,0.4856,0.9417,0.0490,0.0530
8,6,11,9,0.9931,0.9942,0.9993,0.9926,0.0125
8,6,11,10,0.9539,0.9585,0.9888,0.9497,0.0344
8,6,11,11,0.9462,0.9478,0.9880,0.9411,0.0365
8,7,0,0,0.7501,0.7965,0.8377,0.7015,0.0530
8,7,0,1,0.2087,0.3435,0.9876,0.1072,0.0395
8,7,0,2,0.8208,0.8595,0.9391,0.7882,0.0438
8,7,0,3,0.2640,0.3771,0.9891,0.1592,0.0210
8,7,0,4,0.4687,0.5208,0.9848,0.3668,0.0260
8,7,0,5,0.2741,0.3924,0.9860,0.1715,0.0218
8,7,0,6,0.6522,0.7078,0.8217,0.5785,0.0554
8,7,0,7,0.6871,0.7217,0.9324,0.6232,0.0540
8,7,0,8,0.6388,0.7606,0.9596,0.5659,0.0416
8,7,0,9,0.7841,0.8336,0.9276,0.7436,0.0546
8,7,0,10,0.7332,0.7956,0.9175,0.6803,0.0521
8,7,0,11,0.7899,0.8189,0.8828,0.7517,0.0567
8,7,1,0,0.6891,0.7078,0.9866,0.6287,0.0387
8,7,1,1,0.8111,0.8336,0.9786,0.7763,0.0437
8,7,1,2,0.7527,0.8021,0.9765,0.7049,0.0501
8,7,1,3,0.8547,0.8638,0.9038,0.8302,0.0394
8,7,1,4,0.8103,0.8558,0.9686,0.7756,0.0373
8,7,1,5,0.8154,0.8554,0.9915,0.7821,0.0247
8,7,1,6,0.7159,0.7785,0.9863,0.6638,0.0230
8,7,1,7,0.8082,0.8538,0.9656,0.7728,0.0413
8,7,1,8,0.8173,0.8621,0.9947,0.7848,0.0239
8,7,1,9,0.7986,0.8573,0.9972,0.7644,0.0153
8,7,1,10,0.3682,0.6138,0.9186,0.2258,0.0585
8,7,1,11,0.3840,0.4443,0.9899,0.2875,0.0080
8,7,2,0,0.8198,0.8227,0.9473,0.7872,0.0447
8,7,2,1,0.8373,0.8660,0.9906,0.8108,0.0201
8,7,2,2,0.6512,0.6564,0.9965,0.5895,0.0160
8,7,2,3,0.7369,0.7466,0.9927,0.6869,0.0349
8,7,2,4,0.8620,0.8893,0.9994,0.8377,0.0220
8,7,2,5,0.6996,0.7497,0.9615,0.6403,0.0418
8,7,2,6,0.8171,0.8626,0.9965,0.7875,0.0185
8,7,2,7,0.6936,0.7392,0.8711,0.6304,0.0601
8,7,2,8,0.7533,0.8080,0.9797,0.7073,0.0302
8,7,2,9,0.5019,0.6491,0.9414,0.3989,0.0396
8,7,2,10,0.7620,0.7943,0.9143,0.7162,0.0534
8,7,2,11,0.8479,0.8738,0.9929,0.8226,0.0236
8,7,3,0,0.8314,0.8484,0.9893,0.8112,0.0365
8,7,3,1,0.8074,0.8481,0.9965,0.7754,0.0096
8,7,3,2,0.6801,0.6677,0.9934,0.6214,0.0236
8,7,3,3,0.8960,0.9133,0.9988,0.8791,0.0072
8,7,3,4,0.8345,0.8479,0.9889,0.8143,0.0362
8,7,3,5,0.7807,0.8748,0.9654,0.7415,0.0219
8,7,3,6,0.6668,0.7617,0.8992,0.5977,0.0525
8,7,3,7,0.6102,0.6920,0.9888,0.5359,0.0304
8,7,3,8,0.7540,0.7715,0.9966,0.7104,0.0197
8,7,3,9,0.8746,0.8815,0.9980,0.8529,0.0160
8,7,3,10,0.8381,0.8728,0.9958,0.8112,0.0122
8,7,3,11,0.8126,0.8457,0.9860,0.7782,0.0317
8,7,4,0,0.9060,0.8983,0.9985,0.8899,0.0139
8,7,4,1,0.8755,0.8565,0.9982,0.8543,0.0123
8,7,4,2,0.8388,0.8612,0.9919,0.8163,0.0281
8,7,4,3,0.6313,0.7758,0.9053,0.5599,0.0302
8,7,4,4,0.8623,0.8943,0.9923,0.8414,0.0174
8,7,4,5,0.8364,0.8854,0.9943,0.8097,0.0129
8,7,4,6,0.7803,0.8755,0.9707,0.7394,0.0341
8,7,4,7,0.5575,0.6312,0.9830,0.4749,0.0220
8,7,4,8,0.8208,0.8599,0.9939,0.7936,0.0214
8,7,4,9,0.7623,0.8270,0.9882,0.7192,0.0211
8,7,4,10,0.8252,0.8535,0.9882,0.8025,0.0316
8,7,4,11,0.4579,0.4767,0.9850,0.3904,0.0405
8,7,5,0,0.8374,0.8482,0.9893,0.8180,0.0371
8,7,5,1,0.8259,0.8339,0.9880,0.8064,0.0405
8,7,5,2,0.7826,0.8948,0.9949,0.7442,0.0180
8,7,5,3,0.8465,0.8823,0.9662,0.8191,0.0321
8,7,5,4,0.8321,0.8565,0.9828,0.8019,0.0261
8,7,5,5,0.8259,0.8469,0.9888,0.8047,0.0358
8,7,5,6,0.8655,0.8796,0.9928,0.8473,0.0247
8,7,5,7,0.8161,0.8683,0.9966,0.7865,0.0075
8,7,5,8,0.8321,0.8650,0.9925,0.8082,0.0226
8,7,5,9,0.8263,0.8566,0.9904,0.8032,0.0299
8,7,5,10,0.7518,0.8577,0.9856,0.7079,0.0161
8,7,5,11,0.8282,0.8736,0.9954,0.8021,0.0136
8,7,6,0,0.7876,0.8414,0.9640,0.7485,0.0273
8,7,6,1,0.8199,0.8607,0.9900,0.7940,0.0210
8,7,6,2,0.8230,0.8610,0.9917,0.7972,0.0245
8,7,6,3,0.7862,0.8544,0.9955,0.7508,0.0176
8,7,6,4,0.8600,0.9046,0.9757,0.8352,0.0211
8,7,6,5,0.8258,0.8699,0.9941,0.7976,0.0188
8,7,6,6,0.8373,0.8608,0.9910,0.8145,0.0240
8,7,6,7,0.7478,0.8044,0.9507,0.6997,0.0348
8,7,6,8,0.9102,0.9255,0.9866,0.8948,0.0148
8,7,6,9,0.8269,0.8360,0.9880,0.8073,0.0404
8,7,6,10,0.8247,0.8406,0.9895,0.8034,0.0369
8,7,6,11,0.8988,0.9092,0.9923,0.8817,0.0159
8,7,7,0,0.9510,0.9537,0.9964,0.9431,0.0066
8,7,7,1,0.8063,0.8424,0.9918,0.7795,0.0235
8,7,7,2,0.8264,0.8352,0.9880,0.8068,0.0405
8,7,7,3,0.8771,0.9080,0.9753,0.8556,0.0207
8,7,7,4,0.8437,0.8664,0.9982,0.8187,0.0094
8,7,7,5,0.8447,0.8944,0.9935,0.8199,0.0164
8,7,7,6,0.8189,0.8617,0.9922,0.7928,0.0254
8,7,7,7,0.8246,0.8490,0.9907,0.8024,0.0331
8,7,7,8,0.8176,0.8606,0.9883,0.7858,0.0168
8,7,7,9,0.8549,0.8831,0.9876,0.8318,0.0156
8,7,7,10,0.8245,0.8443,0.9892,0.8033,0.0365
8,7,7,11,0.8313,0.8458,0.9895,0.8110,0.0374
8,7,8,0,0.8373,0.8667,0.9912,0.8146,0.0272
8,7,8,1,0.8228,0.8433,0.9898,0.8014,0.0363
8,7,8,2,0.7983,0.8670,0.9969,0.7647,0.0190
8,7,8,3,0.8151,0.8491,0.9916,0.7884,0.0219
8,7,8,4,0.8836,0.8997,0.9955,0.8651,0.0088
8,7,8,5,0.8163,0.8514,0.9702,0.7828,0.0300
8,7,8,6,0.8245,0.8601,0.9915,0.8003,0.0248
8,7,8,7,1.0000,1.0000,1.0000,1.0000,0.0000
8,7,8,8,0.7701,0.8419,0.9860,0.7286,0.0249
8,7,8,9,0.8248,0.8904,0.9807,0.7945,0.0186
8,7,8,10,0.8576,0.8823,0.9858,0.8341,0.0182
8,7,8,11,0.8388,0.8663,0.9841,0.8159,0.0231
8,7,9,0,0.7687,0.8089,0.9444,0.7316,0.0085
8,7,9,1,0.8270,0.8410,0.9891,0.8064,0.0376
8,7,9,2,0.7662,0.8355,0.9673,0.7277,0.0070
8,7,9,3,0.9324,0.9368,0.9934,0.9210,0.0186
8,7,9,4,0.8118,0.8396,0.9883,0.7876,0.0310
8,7,9,5,0.8462,0.8704,0.9840,0.8236,0.0236
8,7,9,6,0.8266,0.8405,0.9880,0.8059,0.0375
8,7,9,7,0.7983,0.8514,0.9885,0.7670,0.0172
8,7,9,8,0.8381,0.8756,0.9771,0.8147,0.0199
8,7,9,9,0.8249,0.8368,0.9882,0.8045,0.0395
8,7,9,10,0.8560,0.8586,0.9980,0.8321,0.0105
8,7,9,11,0.8277,0.8376,0.9884,0.8078,0.0400
8,7,10,0,0.8021,0.8527,0.9703,0.7713,0.0117
8,7,10,1,0.8209,0.8409,0.9901,0.7989,0.0359
8,7,10,2,0.8300,0.8426,0.9887,0.8095,0.0376
8,7,10,3,0.8312,0.8608,0.9912,0.8079,0.0257
8,7,10,4,0.8347,0.8692,0.9870,0.8116,0.0248
8,7,10,5,0.7963,0.8404,0.9984,0.7644,0.0105
8,7,10,6,0.8283,0.8454,0.9869,0.8065,0.0327
8,7,10,7,0.8273,0.8607,0.9794,0.8016,0.0185
8,7,10,8,0.8299,0.8432,0.9887,0.8098,0.0386
8,7,10,9,0.8213,0.8485,0.9937,0.7914,0.0119
8,7,10,10,0.8286,0.8416,0.9887,0.8079,0.0374
8,7,10,11,0.8823,0.8944,0.9929,0.8656,0.0184
8,7,11,0,0.7556,0.7779,0.7625,0.7093,0.0613
8,7,11,1,0.8292,0.8564,0.9912,0.8057,0.0291
8,7,11,2,0.8348,0.8544,0.9904,0.8131,0.0303
8,7,11,3,0.8435,0.8857,0.9768,0.8162,0.0177
8,7,11,4,0.8575,0.8799,0.9927,0.8360,0.0254
8,7,11,5,0.8274,0.8556,0.9888,0.8041,0.0275
8,7,11,6,0.8277,0.8429,0.9896,0.8063,0.0358
8,7,11,7,0.8207,0.8624,0.9928,0.7947,0.0222
8,7,11,8,0.3382,0.6099,0.9734,0.2107,0.0287
8,7,11,9,0.8288,0.8433,0.9896,0.8081,0.0373
8,7,11,10,0.8668,0.8936,0.9858,0.8438,0.0146
8,7,11,11,0.8212,0.8764,0.9843,0.7899,0.0182
8,8,0,0,0.8786,0.8911,0.9028,0.8511,0.0302
8,8,0,1,0.2425,0.3509,0.9504,0.1325,0.0573
8,8,0,2,0.9306,0.9458,0.9753,0.9155,0.0205
8,8,0,3,0.2857,0.3872,0.9565,0.1700,0.0401
8,8,0,4,0.5850,0.5757,0.9795,0.4926,0.0126
8,8,0,5,0.3126,0.3956,0.9493,0.2024,0.0394
8,8,0,6,0.7832,0.7999,0.8936,0.7290,0.0341
8,8,0,7,0.7566,0.7871,0.9708,0.6961,0.0346
8,8,0,8,0.7693,0.8385,0.9847,0.7142,0.0198
8,8,0,9,0.9224,0.9282,0.9681,0.9062,0.0302
8,8,0,10,0.8757,0.8784,0.9554,0.8476,0.0321
8,8,0,11,0.9089,0.9056,0.9336,0.8907,0.0338
8,8,1,0,0.7861,0.8262,0.9952,0.7366,0.0180
8,8,1,1,0.9236,0.9453,0.9957,0.9065,0.0209
8,8,1,2,0.9071,0.9232,0.9914,0.8861,0.0270
8,8,1,3,0.9106,0.8791,0.9528,0.8908,0.0234
8,8,1,4,0.9628,0.9642,0.9957,0.9548,0.0165
8,8,1,5,0.9227,0.9520,0.9985,0.9060,0.0060
8,8,1,6,0.9264,0.9275,0.9996,0.9105,0.0091
8,8,1,7,0.9457,0.9549,0.9916,0.9338,0.0188
8,8,1,8,0.9446,0.9495,0.9972,0.9329,0.0108
8,8,1,9,0.9400,0.9445,0.9913,0.9288,0.0148
8,8,1,10,0.3739,0.6678,0.9432,0.2088,0.0383
8,8,1,11,0.4542,0.4492,0.9592,0.3571,0.0285
8,8,2,0,0.8259,0.8401,0.9749,0.7843,0.0251
8,8,2,1,0.9335,0.9348,0.9954,0.9223,0.0243
8,8,2,2,0.5508,0.6562,0.9876,0.4589,0.0152
8,8,2,3,0.7793,0.8436,0.9927,0.7286,0.0165
8,8,2,4,0.8969,0.9338,0.9899,0.8751,0.0147
8,8,2,5,0.7602,0.8265,0.9889,0.7029,0.0243
8,8,2,6,0.9294,0.9257,0.9899,0.9176,0.0248
8,8,2,7,0.8349,0.8442,0.9300,0.7957,0.0391
8,8,2,8,0.7093,0.7919,0.9965,0.6443,0.0136
8,8,2,9,0.6017,0.7287,0.9776,0.5052,0.0186
8,8,2,10,0.9307,0.9310,0.9631,0.9168,0.0306
8,8,2,11,0.9378,0.9297,0.9957,0.9267,0.0223
8,8,3,0,0.8831,0.8658,0.9772,0.8723,0.0543
8,8,3,1,0.9248,0.9430,0.9908,0.9113,0.0214
8,8,3,2,0.5838,0.6766,0.9911,0.4945,0.0150
8,8,3,3,0.8962,0.9089,0.9869,0.8781,0.0274
8,8,3,4,0.8856,0.8667,0.9784,0.8747,0.0540
8,8,3,5,0.9259,0.9336,0.9919,0.9104,0.0122
8,8,3,6,0.7734,0.8377,0.9489,0.7171,0.0320
8,8,3,7,0.7373,0.7631,0.9953,0.6787,0.0165
8,8,3,8,0.6934,0.7515,0.9828,0.6301,0.0199
8,8,3,9,0.8132,0.8746,0.9823,0.7752,0.0197
8,8,3,10,0.9315,0.9386,0.9910,0.9192,0.0209
8,8,3,11,0.8275,0.8573,0.9914,0.7884,0.0192
8,8,4,0,0.7744,0.8386,0.9816,0.7291,0.0192
8,8,4,1,0.8546,0.9000,0.9915,0.8261,0.0199
8,8,4,2,0.9053,0.8849,0.9846,0.8939,0.0428
8,8,4,3,0.7650,0.7852,0.9486,0.7114,0.0173
8,8,4,4,0.9189,0.9228,0.9908,0.9073,0.0332
8,8,4,5,0.9128,0.9419,0.9917,0.8976,0.0234
8,8,4,6,0.9469,0.9534,0.9960,0.9352,0.0108
8,8,4,7,0.6587,0.6830,0.9852,0.5847,0.0194
8,8,4,8,0.9336,0.9199,0.9882,0.9247,0.0332
8,8,4,9,0.9089,0.9116,0.9992,0.8894,0.0098
8,8,4,10,0.8931,0.8748,0.9825,0.8817,0.0495
8,8,4,11,0.3286,0.5047,0.9444,0.2336,0.0584
8,8,5,0,0.8856,0.8611,0.9766,0.8752,0.0550
8,8,5,1,0.8810,0.8505,0.9742,0.8716,0.0584
8,8,5,2,0.8893,0.8982,0.9965,0.8665,0.0164
8,8,5,3,0.9421,0.9381,0.9913,0.9293,0.0135
8,8,5,4,0.9395,0.9429,0.9992,0.9263,0.0146
8,8,5,5,0.8963,0.8742,0.9780,0.8872,0.0537
8,8,5,6,0.8929,0.8911,0.9816,0.8798,0.0425
8,8,5,7,0.9490,0.9420,0.9898,0.9410,0.0237
8,8,5,8,0.9145,0.9100,0.9860,0.9040,0.0394
8,8,5,9,0.9002,0.8769,0.9819,0.8894,0.0478
8,8,5,10,0.9039,0.9075,0.9993,0.8842,0.0164
8,8,5,11,0.9152,0.9140,0.9861,0.9029,0.0333
8,8,6,0,0.8780,0.8800,0.9871,0.8510,0.0160
8,8,6,1,0.9267,0.9255,0.9889,0.9181,0.0378
8,8,6,2,0.9170,0.9082,0.9876,0.9062,0.0376
8,8,6,3,0.9406,0.9437,0.9952,0.9302,0.0176
8,8,6,4,0.9325,0.9286,0.9958,0.9179,0.0117
8,8,6,5,0.9342,0.9283,0.9928,0.9233,0.0251
8,8,6,6,0.9135,0.8995,0.9847,0.9033,0.0416
8,8,6,7,0.9503,0.9506,0.9881,0.9395,0.0130
8,8,6,8,0.8971,0.8930,0.9986,0.8760,0.0198
8,8,6,9,0.8822,0.8520,0.9748,0.8727,0.0582
8,8,6,10,0.8924,0.8665,0.9772,0.8827,0.0547
8,8,6,11,0.9309,0.9363,0.9963,0.9179,0.0169
8,8,7,0,0.8602,0.8764,0.9929,0.8357,0.0278
8,8,7,1,0.9074,0.9062,0.9841,0.8967,0.0408
8,8,7,2,0.8820,0.8517,0.9746,0.8726,0.0584
8,8,7,3,0.9415,0.9506,0.9969,0.9290,0.0123
8,8,7,4,0.8747,0.9379,0.9894,0.8532,0.0241
8,8,7,5,0.9144,0.9250,0.9919,0.9002,0.0266
8,8,7,6,0.9097,0.8920,0.9871,0.8981,0.0388
8,8,7,7,0.9046,0.8876,0.9805,0.8958,0.0509
8,8,7,8,0.9549,0.9618,0.9990,0.9460,0.0155
8,8,7,9,0.9265,0.9396,0.9947,0.9146,0.0261
8,8,7,10,0.9003,0.8792,0.9776,0.8920,0.0543
8,8,7,11,0.8885,0.8623,0.9776,0.8783,0.0552
8,8,8,0,0.9091,0.8868,0.9849,0.8983,0.0426
8,8,8,1,0.9006,0.8823,0.9775,0.8924,0.0542
8,8,8,2,0.9370,0.9351,0.9938,0.9257,0.0182
8,8,8,3,0.9235,0.9198,0.9901,0.9142,0.0376
8,8,8,4,0.8793,0.9426,0.9913,0.8589,0.0243
8,8,8,5,0.9044,0.9369,0.9949,0.8832,0.0119
8,8,8,6,0.9031,0.8920,0.9846,0.8918,0.0426
8,8,8,7,0.7701,0.8419,0.9860,0.7286,0.0249
8,8,8,8,1.0000,1.0000,1.0000,1.0000,0.0000
8,8,8,9,0.9611,0.9523,0.9975,0.9535,0.0131
8,8,8,10,0.9380,0.9372,0.9960,0.9273,0.0219
8,8,8,11,0.9076,0.8888,0.9874,0.8961,0.0401
8,8,9,0,0.9094,0.8966,0.9743,0.8942,0.0287
8,8,9,1,0.8882,0.8625,0.9762,0.8784,0.0555
8,8,9,2,0.9503,0.9522,0.9908,0.9419,0.0222
8,8,9,3,0.8972,0.9333,0.9984,0.8760,0.0134
8,8,9,4,0.9016,0.8842,0.9813,0.8920,0.0488
8,8,9,5,0.9149,0.9035,0.9901,0.9035,0.0380
8,8,9,6,0.8901,0.8653,0.9781,0.8805,0.0554
8,8,9,7,0.9425,0.9406,0.9927,0.9344,0.0290
8,8,9,8,0.9038,0.8800,0.9868,0.8909,0.0367
8,8,9,9,0.8860,0.8583,0.9762,0.8765,0.0573
8,8,9,10,0.8705,0.9537,0.9893,0.8468,0.0207
8,8,9,11,0.8850,0.8555,0.9758,0.8755,0.0579
8,8,10,0,0.9327,0.9181,0.9874,0.9227,0.0295
8,8,10,1,0.8988,0.8771,0.9790,0.8899,0.0538
8,8,10,2,0.8891,0.8642,0.9782,0.8791,0.0555
8,8,10,3,0.9079,0.8917,0.9856,0.8972,0.0433
8,8,10,4,0.9051,0.8811,0.9852,0.8937,0.0424
8,8,10,5,0.8179,0.9332,0.9850,0.7867,0.0268
8,8,10,6,0.8967,0.8719,0.9813,0.8866,0.0505
8,8,10,7,0.9230,0.9142,0.9892,0.9127,0.0348
8,8,10,8,0.8866,0.8590,0.9769,0.8768,0.0564
8,8,10,9,0.8608,0.9474,0.9967,0.8348,0.0172
8,8,10,10,0.8898,0.8621,0.9778,0.8800,0.0552
8,8,10,11,0.9192,0.9083,0.9856,0.9093,0.0367
8,8,11,0,0.8209,0.8312,0.8400,0.7779,0.0413
8,8,11,1,0.9124,0.8912,0.9843,0.9026,0.0451
8,8,11,2,0.9010,0.8781,0.9829,0.8905,0.0481
8,8,11,3,0.9362,0.9354,0.9952,0.9233,0.0125
8,8,11,4,0.9162,0.8996,0.9911,0.9041,0.0341
8,8,11,5,0.9023,0.8842,0.9844,0.8913,0.0454
8,8,11,6,0.8942,0.8683,0.9793,0.8843,0.0537
8,8,11,7,0.9215,0.9098,0.9879,0.9116,0.0376
8,8,11,8,0.3239,0.6362,0.9634,0.1732,0.0151
8,8,11,9,0.8916,0.8654,0.9780,0.8818,0.0551
8,8,11,10,0.9281,0.9487,0.9985,0.9137,0.0143
8,8,11,11,0.9552,0.9573,0.9990,0.9461,0.0096
8,9,0,0,0.8601,0.8615,0.9010,0.8319,0.0417
8,9,0,1,0.2225,0.3014,0.9401,0.1150,0.0458
8,9,0,2,0.9318,0.9331,0.9717,0.9195,0.0320
8,9,0,3,0.2610,0.3311,0.9459,0.1473,0.0312
8,9,0,4,0.5155,0.4827,0.9689,0.4138,0.0197
8,9,0,5,0.2972,0.3379,0.9377,0.1900,0.0320
8,9,0,6,0.7543,0.7516,0.8911,0.6979,0.0457
8,9,0,7,0.7190,0.7261,0.9646,0.6541,0.0464
8,9,0,8,0.7369,0.7824,0.9778,0.6785,0.0314
8,9,0,9,0.9113,0.9086,0.9627,0.8957,0.0417
8,9,0,10,0.8640,0.8458,0.9447,0.8371,0.0437
8,9,0,11,0.8954,0.8823,0.9267,0.8777,0.0454
8,9,1,0,0.7327,0.7381,0.9871,0.6749,0.0298
8,9,1,1,0.9156,0.9132,0.9886,0.8991,0.0327
8,9,1,2,0.8794,0.8790,0.9813,0.8548,0.0388
8,9,1,3,0.9464,0.9242,0.9530,0.9384,0.0283
8,9,1,4,0.9770,0.9735,0.9939,0.9733,0.0197
8,9,1,5,0.9451,0.9548,0.9929,0.9342,0.0136
8,9,1,6,0.8791,0.8695,0.9981,0.8548,0.0119
8,9,1,7,0.9517,0.9528,0.9889,0.9431,0.0245
8,9,1,8,0.9690,0.9721,0.9936,0.9630,0.0105
8,9,1,9,0.9676,0.9702,0.9882,0.9617,0.0077
8,9,1,10,0.3365,0.6337,0.9332,0.1718,0.0488
8,9,1,11,0.4335,0.3956,0.9473,0.3375,0.0214
8,9,2,0,0.8195,0.8077,0.9656,0.7804,0.0366
8,9,2,1,0.9692,0.9790,0.9972,0.9641,0.0143
8,9,2,2,0.5262,0.5771,0.9790,0.4345,0.0171
8,9,2,3,0.7534,0.7666,0.9835,0.7007,0.0275
8,9,2,4,0.8805,0.9040,0.9841,0.8568,0.0210
8,9,2,5,0.7409,0.7606,0.9833,0.6836,0.0345
8,9,2,6,0.9779,0.9783,0.9883,0.9745,0.0159
8,9,2,7,0.7901,0.7832,0.9236,0.7436,0.0506
8,9,2,8,0.6886,0.7572,0.9927,0.6232,0.0220
8,9,2,9,0.5640,0.6557,0.9754,0.4649,0.0294
8,9,2,10,0.9067,0.8899,0.9578,0.8900,0.0421
8,9,2,11,0.9830,0.9822,0.9953,0.9802,0.0131
8,9,3,0,0.9542,0.9536,0.9795,0.9526,0.0428
8,9,3,1,0.9638,0.9657,0.9882,0.9574,0.0146
8,9,3,2,0.5486,0.5933,0.9834,0.4573,0.0205
8,9,3,3,0.9154,0.9178,0.9817,0.9009,0.0216
8,9,3,4,0.9573,0.9555,0.9814,0.9557,0.0425
8,9,3,5,0.9685,0.9785,0.9962,0.9624,0.0096
8,9,3,6,0.7353,0.7745,0.9439,0.6744,0.0436
8,9,3,7,0.7350,0.7056,0.9893,0.6796,0.0252
8,9,3,8,0.6896,0.6957,0.9722,0.6289,0.0231
8,9,3,9,0.8218,0.8491,0.9748,0.7875,0.0199
8,9,3,10,0.9725,0.9745,0.9876,0.9677,0.0125
8,9,3,11,0.8454,0.8371,0.9828,0.8131,0.0268
8,9,4,0,0.7562,0.7972,0.9725,0.7097,0.0157
8,9,4,1,0.8919,0.8898,0.9856,0.8716,0.0173
8,9,4,2,0.9687,0.9647,0.9871,0.9664,0.0312
8,9,4,3,0.8002,0.7875,0.9523,0.7580,0.0241
8,9,4,4,0.9694,0.9802,0.9917,0.9657,0.0219
8,9,4,5,0.9445,0.9620,0.9904,0.9351,0.0121
8,9,4,6,0.9594,0.9636,0.9950,0.9520,0.0213
8,9,4,7,0.6323,0.6196,0.9756,0.5572,0.0218
8,9,4,8,0.9824,0.9789,0.9884,0.9809,0.0216
8,9,4,9,0.8921,0.8800,0.9966,0.8705,0.0140
8,9,4,10,0.9631,0.9613,0.9861,0.9613,0.0379
8,9,4,11,0.3148,0.4114,0.9333,0.2222,0.0468
8,9,5,0,0.9566,0.9512,0.9790,0.9553,0.0434
8,9,5,1,0.9534,0.9439,0.9770,0.9529,0.0468
8,9,5,2,0.9098,0.9086,0.9928,0.8922,0.0203
8,9,5,3,0.9491,0.9430,0.9909,0.9396,0.0245
8,9,5,4,0.9394,0.9199,0.9953,0.9275,0.0209
8,9,5,5,0.9625,0.9570,0.9806,0.9618,0.0421
8,9,5,6,0.9640,0.9647,0.9822,0.9613,0.0312
8,9,5,7,0.9380,0.9308,0.9875,0.9276,0.0167
8,9,5,8,0.9703,0.9751,0.9876,0.9680,0.0286
8,9,5,9,0.9685,0.9625,0.9846,0.9671,0.0362
8,9,5,10,0.9423,0.9235,0.9979,0.9312,0.0127
8,9,5,11,0.9683,0.9654,0.9843,0.9644,0.0241
8,9,6,0,0.8735,0.8648,0.9877,0.8477,0.0220
8,9,6,1,0.9697,0.9768,0.9919,0.9671,0.0265
8,9,6,2,0.9734,0.9741,0.9899,0.9711,0.0261
8,9,6,3,0.9688,0.9734,0.9945,0.9635,0.0123
8,9,6,4,0.9795,0.9766,0.9966,0.9757,0.0114
8,9,6,5,0.9845,0.9838,0.9922,0.9823,0.0130
8,9,6,6,0.9707,0.9688,0.9860,0.9686,0.0300
8,9,6,7,0.9344,0.9132,0.9863,0.9218,0.0245
8,9,6,8,0.9345,0.9310,0.9990,0.9218,0.0182
8,9,6,9,0.9543,0.9451,0.9777,0.9538,0.0467
8,9,6,10,0.9612,0.9533,0.9794,0.9603,0.0432
8,9,6,11,0.9719,0.9811,0.9961,0.9668,0.0091
8,9,7,0,0.9253,0.9471,0.9924,0.9128,0.0192
8,9,7,1,0.9706,0.9692,0.9854,0.9688,0.0300
8,9,7,2,0.9541,0.9449,0.9774,0.9536,0.0468
8,9,7,3,0.9713,0.9788,0.9973,0.9658,0.0118
8,9,7,4,0.9116,0.9495,0.9851,0.8969,0.0218
8,9,7,5,0.9735,0.9822,0.9929,0.9695,0.0153
8,9,7,6,0.9755,0.9716,0.9892,0.9738,0.0273
8,9,7,7,0.9644,0.9623,0.9828,0.9633,0.0394
8,9,7,8,0.9506,0.9483,0.9975,0.9411,0.0081
8,9,7,9,0.9703,0.9837,0.9974,0.9658,0.0159
8,9,7,10,0.9615,0.9572,0.9798,0.9609,0.0428
8,9,7,11,0.9584,0.9520,0.9802,0.9573,0.0437
8,9,8,0,0.9728,0.9676,0.9873,0.9711,0.0311
8,9,8,1,0.9604,0.9572,0.9795,0.9596,0.0426
8,9,8,2,0.9817,0.9809,0.9924,0.9786,0.0109
8,9,8,3,0.9717,0.9758,0.9928,0.9693,0.0264
8,9,8,4,0.9300,0.9708,0.9902,0.9186,0.0180
8,9,8,5,0.9123,0.9224,0.9938,0.8946,0.0216
8,9,8,6,0.9701,0.9699,0.9871,0.9683,0.0311
8,9,8,7,0.8248,0.8904,0.9807,0.7945,0.0186
8,9,8,8,0.9611,0.9523,0.9975,0.9535,0.0131
8,9,8,9,1.0000,1.0000,1.0000,1.0000,0.0000
8,9,8,10,0.9821,0.9852,0.9988,0.9793,0.0101
8,9,8,11,0.9730,0.9720,0.9934,0.9711,0.0286
8,9,9,0,0.9510,0.9381,0.9861,0.9430,0.0201
8,9,9,1,0.9588,0.9516,0.9786,0.9580,0.0439
8,9,9,2,0.9778,0.9693,0.9972,0.9741,0.0182
8,9,9,3,0.9366,0.9561,0.9952,0.9243,0.0113
8,9,9,4,0.9664,0.9620,0.9849,0.9654,0.0373
8,9,9,5,0.9738,0.9761,0.9950,0.9714,0.0262
8,9,9,6,0.9588,0.9529,0.9815,0.9579,0.0438
8,9,9,7,0.9819,0.9812,0.9957,0.9799,0.0174
8,9,9,8,0.9745,0.9716,0.9947,0.9724,0.0260
8,9,9,9,0.9568,0.9489,0.9792,0.9561,0.0458
8,9,9,10,0.9117,0.9443,0.9841,0.8960,0.0205
8,9,9,11,0.9561,0.9473,0.9787,0.9555,0.0463
8,9,10,0,0.9822,0.9779,0.9960,0.9801,0.0203
8,9,10,1,0.9622,0.9573,0.9815,0.9614,0.0422
8,9,10,2,0.9591,0.9527,0.9814,0.9581,0.0439
8,9,10,3,0.9701,0.9687,0.9884,0.9683,0.0317
8,9,10,4,0.9733,0.9676,0.9899,0.9718,0.0308
8,9,10,5,0.8753,0.9355,0.9809,0.8548,0.0257
8,9,10,6,0.9645,0.9585,0.9858,0.9633,0.0390
8,9,10,7,0.9779,0.9784,0.9955,0.9759,0.0237
8,9,10,8,0.9573,0.9501,0.9798,0.9564,0.0449
8,9,10,9,0.9033,0.9499,0.9946,0.8859,0.0151
8,9,10,10,0.9598,0.9517,0.9809,0.9590,0.0437
8,9,10,11,0.9700,0.9693,0.9874,0.9673,0.0268
8,9,11,0,0.8362,0.8189,0.8384,0.8036,0.0529
8,9,11,1,0.9738,0.9687,0.9868,0.9726,0.0336
8,9,11,2,0.9681,0.9625,0.9861,0.9668,0.0366
8,9,11,3,0.9784,0.9845,0.9991,0.9743,0.0064
8,9,11,4,0.9769,0.9761,0.9932,0.9744,0.0231
8,9,11,5,0.9697,0.9672,0.9881,0.9682,0.0338
8,9,11,6,0.9626,0.9554,0.9821,0.9617,0.0421
8,9,11,7,0.9777,0.9774,0.9898,0.9761,0.0261
8,9,11,8,0.3009,0.5922,0.9496,0.1538,0.0230
8,9,11,9,0.9606,0.9538,0.9806,0.9597,0.0436
8,9,11,10,0.9689,0.9855,0.9995,0.9630,0.0083
8,9,11,11,0.9865,0.9856,0.9992,0.9839,0.0075
8,10,0,0,0.8432,0.8330,0.8789,0.8160,0.0516
8,10,0,1,0.2212,0.2920,0.9486,0.1197,0.0359
8,10,0,2,0.9172,0.9193,0.9599,0.9050,0.0418
8,10,0,3,0.2538,0.3165,0.9525,0.1457,0.0251
8,10,0,4,0.4832,0.4587,0.9670,0.3821,0.0293
8,10,0,5,0.2953,0.3255,0.9456,0.1940,0.0261
8,10,0,6,0.7070,0.7038,0.8679,0.6452,0.0555
8,10,0,7,0.6817,0.6863,0.9522,0.6145,0.0560
8,10,0,8,0.7239,0.7542,0.9690,0.6682,0.0412
8,10,0,9,0.8901,0.8893,0.9493,0.8737,0.0513
8,10,0,10,0.8510,0.8304,0.9301,0.8262,0.0535
8,10,0,11,0.8832,0.8632,0.9083,0.8677,0.0552
8,10,1,0,0.7000,0.7128,0.9850,0.6403,0.0394
8,10,1,1,0.9047,0.8986,0.9843,0.8891,0.0422
8,10,1,2,0.8655,0.8658,0.9766,0.8418,0.0484
8,10,1,3,0.9429,0.9121,0.9374,0.9376,0.0382
8,10,1,4,0.9713,0.9685,0.9881,0.9683,0.0272
8,10,1,5,0.9555,0.9493,0.9925,0.9484,0.0232
8,10,1,6,0.8661,0.8508,0.9963,0.8417,0.0215
8,10,1,7,0.9438,0.9428,0.9817,0.9361,0.0333
8,10,1,8,0.9718,0.9740,0.9952,0.9674,0.0185
8,10,1,9,0.9702,0.9736,0.9927,0.9652,0.0113
8,10,1,10,0.2908,0.6091,0.9202,0.1262,0.0584
8,10,1,11,0.4283,0.3804,0.9535,0.3372,0.0194
8,10,2,0,0.8003,0.7729,0.9549,0.7617,0.0464
8,10,2,1,0.9883,0.9869,0.9993,0.9864,0.0089
8,10,2,2,0.4875,0.5357,0.9809,0.3947,0.0227
8,10,2,3,0.7370,0.7457,0.9840,0.6855,0.0371
8,10,2,4,0.8755,0.8948,0.9883,0.8530,0.0269
8,10,2,5,0.7055,0.7246,0.9763,0.6457,0.0438
8,10,2,6,0.9810,0.9835,0.9937,0.9778,0.0108
8,10,2,7,0.7609,0.7595,0.9046,0.7136,0.0605
8,10,2,8,0.6583,0.7202,0.9882,0.5919,0.0314
8,10,2,9,0.4989,0.6100,0.9641,0.3929,0.0392
8,10,2,10,0.8851,0.8684,0.9435,0.8676,0.0519
8,10,2,11,0.9920,0.9916,0.9982,0.9907,0.0077
8,10,3,0,0.9783,0.9738,0.9882,0.9782,0.0329
8,10,3,1,0.9661,0.9621,0.9930,0.9604,0.0142
8,10,3,2,0.5243,0.5565,0.9838,0.4345,0.0274
8,10,3,3,0.9059,0.9036,0.9873,0.8903,0.0205
8,10,3,4,0.9799,0.9737,0.9896,0.9798,0.0327
8,10,3,5,0.9623,0.9687,0.9911,0.9561,0.0173
8,10,3,6,0.6965,0.7325,0.9272,0.6327,0.0534
8,10,3,7,0.6869,0.6624,0.9870,0.6264,0.0335
8,10,3,8,0.6628,0.6651,0.9763,0.6014,0.0279
8,10,3,9,0.8159,0.8261,0.9786,0.7829,0.0237
8,10,3,10,0.9855,0.9835,0.9926,0.9830,0.0094
8,10,3,11,0.8387,0.8091,0.9800,0.8085,0.0350
8,10,4,0,0.7734,0.7776,0.9774,0.7331,0.0201
8,10,4,1,0.9056,0.8740,0.9892,0.8892,0.0182
8,10,4,2,0.9864,0.9814,0.9936,0.9856,0.0214
8,10,4,3,0.7460,0.7434,0.9397,0.6966,0.0337
8,10,4,4,0.9879,0.9878,0.9966,0.9863,0.0131
8,10,4,5,0.9611,0.9632,0.9952,0.9547,0.0075
8,10,4,6,0.9364,0.9499,0.9896,0.9264,0.0308
8,10,4,7,0.6236,0.6111,0.9727,0.5521,0.0274
8,10,4,8,0.9885,0.9889,0.9943,0.9871,0.0131
8,10,4,9,0.8724,0.8563,0.9949,0.8492,0.0234
8,10,4,10,0.9821,0.9776,0.9930,0.9816,0.0281
8,10,4,11,0.2683,0.3778,0.9436,0.1745,0.0370
8,10,5,0,0.9794,0.9720,0.9878,0.9795,0.0336
8,10,5,1,0.9751,0.9663,0.9862,0.9756,0.0370
8,10,5,2,0.8883,0.8856,0.9935,0.8684,0.0252
8,10,5,3,0.9360,0.9292,0.9840,0.9260,0.0341
8,10,5,4,0.9271,0.9012,0.9928,0.9146,0.0291
8,10,5,5,0.9812,0.9758,0.9890,0.9814,0.0323
8,10,5,6,0.9786,0.9785,0.9900,0.9769,0.0216
8,10,5,7,0.9335,0.9285,0.9929,0.9226,0.0136
8,10,5,8,0.9855,0.9850,0.9939,0.9843,0.0190
8,10,5,9,0.9818,0.9785,0.9919,0.9809,0.0264
8,10,5,10,0.9249,0.9108,0.9966,0.9117,0.0173
8,10,5,11,0.9812,0.9748,0.9910,0.9786,0.0164
8,10,6,0,0.8504,0.8398,0.9806,0.8227,0.0306
8,10,6,1,0.9840,0.9837,0.9969,0.9824,0.0182
8,10,6,2,0.9871,0.9870,0.9955,0.9859,0.0165
8,10,6,3,0.9746,0.9780,0.9972,0.9703,0.0106
8,10,6,4,0.9683,0.9670,0.9922,0.9637,0.0194
8,10,6,5,0.9901,0.9905,0.9965,0.9885,0.0071
8,10,6,6,0.9897,0.9863,0.9929,0.9893,0.0205
8,10,6,7,0.9109,0.8925,0.9778,0.8961,0.0344
8,10,6,8,0.9365,0.9191,0.9981,0.9255,0.0215
8,10,6,9,0.9758,0.9672,0.9868,0.9762,0.0369
8,10,6,10,0.9812,0.9738,0.9881,0.9814,0.0333
8,10,6,11,0.9799,0.9837,0.9986,0.9766,0.0089
8,10,7,0,0.9279,0.9428,0.9962,0.9161,0.0177
8,10,7,1,0.9808,0.9791,0.9924,0.9793,0.0207
8,10,7,2,0.9755,0.9670,0.9865,0.9760,0.0370
8,10,7,3,0.9715,0.9686,0.9930,0.9673,0.0193
8,10,7,4,0.9403,0.9427,0.9905,0.9307,0.0216
8,10,7,5,0.9838,0.9856,0.9971,0.9813,0.0066
8,10,7,6,0.9865,0.9833,0.9951,0.9853,0.0177
8,10,7,7,0.9845,0.9801,0.9906,0.9846,0.0295
8,10,7,8,0.9350,0.9304,0.9962,0.9237,0.0125
8,10,7,9,0.9887,0.9892,0.9997,0.9869,0.0071
8,10,7,10,0.9802,0.9757,0.9884,0.9804,0.0329
8,10,7,11,0.9793,0.9724,0.9886,0.9794,0.0338
8,10,8,0,0.9855,0.9836,0.9938,0.9845,0.0213
8,10,8,1,0.9799,0.9751,0.9881,0.9800,0.0328
8,10,8,2,0.9787,0.9825,0.9951,0.9750,0.0076
8,10,8,3,0.9867,0.9853,0.9973,0.9855,0.0173
8,10,8,4,0.9586,0.9645,0.9952,0.9519,0.0152
8,10,8,5,0.8905,0.9055,0.9883,0.8709,0.0312
8,10,8,6,0.9873,0.9834,0.9937,0.9868,0.0215
8,10,8,7,0.8576,0.8823,0.9858,0.8341,0.0182
8,10,8,8,0.9380,0.9372,0.9960,0.9273,0.0219
8,10,8,9,0.9821,0.9852,0.9988,0.9793,0.0101
8,10,8,10,1.0000,1.0000,1.0000,1.0000,0.0000
8,10,8,11,0.9870,0.9837,0.9974,0.9861,0.0188
8,10,9,0,0.9347,0.9299,0.9820,0.9241,0.0197
8,10,9,1,0.9799,0.9722,0.9875,0.9803,0.0341
8,10,9,2,0.9638,0.9591,0.9955,0.9577,0.0192
8,10,9,3,0.9374,0.9508,0.9956,0.9266,0.0188
8,10,9,4,0.9852,0.9806,0.9922,0.9852,0.0277
8,10,9,5,0.9904,0.9914,0.9985,0.9896,0.0164
8,10,9,6,0.9801,0.9736,0.9897,0.9803,0.0340
8,10,9,7,0.9882,0.9897,0.9990,0.9866,0.0102
8,10,9,8,0.9824,0.9787,0.9972,0.9805,0.0172
8,10,9,9,0.9781,0.9704,0.9879,0.9785,0.0359
8,10,9,10,0.9341,0.9363,0.9893,0.9229,0.0206
8,10,9,11,0.9770,0.9689,0.9875,0.9773,0.0365
8,10,10,0,0.9825,0.9822,0.9961,0.9799,0.0139
8,10,10,1,0.9820,0.9768,0.9896,0.9822,0.0324
8,10,10,2,0.9799,0.9732,0.9896,0.9800,0.0341
8,10,10,3,0.9896,0.9861,0.9946,0.9894,0.0219
8,10,10,4,0.9823,0.9806,0.9955,0.9808,0.0210
8,10,10,5,0.9091,0.9151,0.9872,0.8947,0.0245
8,10,10,6,0.9838,0.9778,0.9928,0.9838,0.0291
8,10,10,7,0.9903,0.9900,0.9982,0.9894,0.0147
8,10,10,8,0.9784,0.9708,0.9884,0.9786,0.0350
8,10,10,9,0.9325,0.9330,0.9968,0.9210,0.0173
8,10,10,10,0.9801,0.9727,0.9892,0.9803,0.0338
8,10,10,11,0.9849,0.9841,0.9938,0.9835,0.0180
8,10,11,0,0.8100,0.7805,0.8110,0.7768,0.0627
8,10,11,1,0.9880,0.9840,0.9935,0.9875,0.0237
8,10,11,2,0.9857,0.9799,0.9929,0.9854,0.0268
8,10,11,3,0.9673,0.9747,0.9967,0.9618,0.0139
8,10,11,4,0.9920,0.9892,0.9974,0.9912,0.0143
8,10,11,5,0.9871,0.9821,0.9944,0.9868,0.0240
8,10,11,6,0.9819,0.9752,0.9901,0.9820,0.0323
8,10,11,7,0.9898,0.9879,0.9954,0.9890,0.0163
8,10,11,8,0.2620,0.5569,0.9478,0.1167,0.0323
8,10,11,9,0.9808,0.9736,0.9889,0.9809,0.0337
8,10,11,10,0.9729,0.9792,0.9988,0.9683,0.0139
8,10,11,11,0.9641,0.9705,0.9985,0.9580,0.0157
8,11,0,0,0.7994,0.7747,0.8491,0.7732,0.0703
8,11,0,1,0.1271,0.1833,0.9492,0.0259,0.0172
8,11,0,2,0.8831,0.8688,0.9402,0.8717,0.0606
8,11,0,3,0.1613,0.2075,0.9510,0.0536,0.0144
8,11,0,4,0.3937,0.3496,0.9558,0.2902,0.0480
8,11,0,5,0.2121,0.2155,0.9447,0.1116,0.0157
8,11,0,6,0.6595,0.6374,0.8358,0.6009,0.0742
8,11,0,7,0.6051,0.5976,0.9307,0.5345,0.0745
8,11,0,8,0.6577,0.6749,0.9509,0.5998,0.0600
8,11,0,9,0.8445,0.8316,0.9269,0.8274,0.0698
8,11,0,10,0.7892,0.7480,0.9034,0.7610,0.0723
8,11,0,11,0.8266,0.7971,0.8797,0.8085,0.0740
8,11,1,0,0.6291,0.6238,0.9735,0.5666,0.0579
8,11,1,1,0.8540,0.8354,0.9706,0.8358,0.0607
8,11,1,2,0.8047,0.7898,0.9607,0.7771,0.0669
8,11,1,3,0.9219,0.8872,0.9156,0.9199,0.0569
8,11,1,4,0.9437,0.9308,0.9752,0.9404,0.0454
8,11,1,5,0.9224,0.8995,0.9836,0.9138,0.0420
8,11,1,6,0.8342,0.7969,0.9883,0.8102,0.0403
8,11,1,7,0.9104,0.9017,0.9674,0.9025,0.0521
8,11,1,8,0.9483,0.9470,0.9899,0.9433,0.0362
8,11,1,9,0.9558,0.9542,0.9911,0.9506,0.0272
8,11,1,10,0.2238,0.5357,0.8961,0.0657,0.0769
8,11,1,11,0.3445,0.2697,0.9505,0.2522,0.0174
8,11,2,0,0.7539,0.7088,0.9331,0.7161,0.0652
8,11,2,1,0.9796,0.9792,0.9975,0.9774,0.0167
8,11,2,2,0.4217,0.4550,0.9744,0.3301,0.0383
8,11,2,3,0.6791,0.6625,0.9747,0.6265,0.0556
8,11,2,4,0.8399,0.8476,0.9851,0.8167,0.0441
8,11,2,5,0.6436,0.6461,0.9606,0.5829,0.0623
8,11,2,6,0.9693,0.9742,0.9936,0.9656,0.0198
8,11,2,7,0.6838,0.6665,0.8755,0.6312,0.0792
8,11,2,8,0.5965,0.6654,0.9765,0.5294,0.0498
8,11,2,9,0.4548,0.5346,0.9456,0.3555,0.0580
8,11,2,10,0.8318,0.7958,0.9195,0.8121,0.0707
8,11,2,11,0.9859,0.9821,0.9958,0.9850,0.0205
8,11,3,0,0.9923,0.9909,0.9938,0.9919,0.0142
8,11,3,1,0.9508,0.9444,0.9920,0.9445,0.0243
8,11,3,2,0.4580,0.4724,0.9760,0.3690,0.0451
8,11,3,3,0.8894,0.8764,0.9855,0.8739,0.0258
8,11,3,4,0.9943,0.9929,0.9952,0.9941,0.0139
8,11,3,5,0.9480,0.9531,0.9828,0.9430,0.0361
8,11,3,6,0.6257,0.6424,0.9012,0.5595,0.0722
8,11,3,7,0.6532,0.5998,0.9765,0.5966,0.0512
8,11,3,8,0.6039,0.5989,0.9705,0.5416,0.0420
8,11,3,9,0.7765,0.7832,0.9745,0.7430,0.0383
8,11,3,10,0.9680,0.9605,0.9908,0.9644,0.0214
8,11,3,11,0.7972,0.7539,0.9675,0.7669,0.0535
8,11,4,0,0.7208,0.7246,0.9735,0.6784,0.0336
8,11,4,1,0.8850,0.8310,0.9846,0.8689,0.0320
8,11,4,2,0.9945,0.9943,0.9972,0.9938,0.0058
8,11,4,3,0.7313,0.7013,0.9217,0.6886,0.0525
8,11,4,4,0.9855,0.9827,0.9971,0.9836,0.0077
8,11,4,5,0.9476,0.9420,0.9944,0.9407,0.0197
8,11,4,6,0.9131,0.9146,0.9778,0.9044,0.0496
8,11,4,7,0.5310,0.4972,0.9608,0.4539,0.0441
8,11,4,8,0.9878,0.9871,0.9956,0.9863,0.0104
8,11,4,9,0.8402,0.8208,0.9865,0.8172,0.0418
8,11,4,10,0.9953,0.9944,0.9975,0.9949,0.0093
8,11,4,11,0.2249,0.2974,0.9454,0.1364,0.0182
8,11,5,0,0.9937,0.9912,0.9937,0.9934,0.0148
8,11,5,1,0.9929,0.9896,0.9929,0.9930,0.0182
8,11,5,2,0.8729,0.8570,0.9872,0.8551,0.0403
8,11,5,3,0.9043,0.8985,0.9714,0.8943,0.0526
8,11,5,4,0.8928,0.8527,0.9825,0.8794,0.0466
8,11,5,5,0.9945,0.9920,0.9945,0.9943,0.0135
8,11,5,6,0.9882,0.9869,0.9937,0.9868,0.0052
8,11,5,7,0.9176,0.9027,0.9923,0.9063,0.0203
8,11,5,8,0.9909,0.9911,0.9967,0.9897,0.0058
8,11,5,9,0.9950,0.9943,0.9964,0.9944,0.0076
8,11,5,10,0.9053,0.8722,0.9886,0.8929,0.0361
8,11,5,11,0.9739,0.9601,0.9920,0.9704,0.0113
8,11,6,0,0.8166,0.8040,0.9692,0.7896,0.0483
8,11,6,1,0.9875,0.9853,0.9987,0.9859,0.0066
8,11,6,2,0.9897,0.9904,0.9979,0.9883,0.0067
8,11,6,3,0.9593,0.9617,0.9950,0.9543,0.0239
8,11,6,4,0.9571,0.9514,0.9828,0.9545,0.0382
8,11,6,5,0.9829,0.9808,0.9956,0.9812,0.0159
8,11,6,6,0.9917,0.9872,0.9957,0.9907,0.0030
8,11,6,7,0.8738,0.8373,0.9616,0.8586,0.0531
8,11,6,8,0.9296,0.9078,0.9920,0.9211,0.0369
8,11,6,9,0.9933,0.9902,0.9933,0.9934,0.0181
8,11,6,10,0.9945,0.9918,0.9937,0.9943,0.0146
8,11,6,11,0.9689,0.9687,0.9960,0.9658,0.0248
8,11,7,0,0.9288,0.9444,0.9952,0.9191,0.0223
8,11,7,1,0.9868,0.9848,0.9955,0.9851,0.0088
8,11,7,2,0.9931,0.9900,0.9931,0.9932,0.0182
8,11,7,3,0.9570,0.9492,0.9832,0.9541,0.0378
8,11,7,4,0.9253,0.9113,0.9888,0.9151,0.0228
8,11,7,5,0.9799,0.9852,0.9973,0.9776,0.0151
8,11,7,6,0.9932,0.9937,0.9976,0.9924,0.0068
8,11,7,7,0.9941,0.9928,0.9953,0.9936,0.0110
8,11,7,8,0.9165,0.9011,0.9887,0.9056,0.0310
8,11,7,9,0.9838,0.9808,0.9983,0.9820,0.0146
8,11,7,10,0.9937,0.9912,0.9939,0.9934,0.0142
8,11,7,11,0.9946,0.9924,0.9944,0.9945,0.0151
8,11,8,0,0.9941,0.9941,0.9972,0.9933,0.0043
8,11,8,1,0.9922,0.9893,0.9935,0.9918,0.0143
8,11,8,2,0.9725,0.9737,0.9929,0.9696,0.0230
8,11,8,3,0.9898,0.9864,0.9987,0.9884,0.0088
8,11,8,4,0.9499,0.9497,0.9947,0.9432,0.0190
8,11,8,5,0.8594,0.8595,0.9768,0.8403,0.0500
8,11,8,6,0.9929,0.9937,0.9972,0.9920,0.0059
8,11,8,7,0.8388,0.8663,0.9841,0.8159,0.0231
8,11,8,8,0.9076,0.8888,0.9874,0.8961,0.0401
8,11,8,9,0.9730,0.9720,0.9934,0.9711,0.0286
8,11,8,10,0.9870,0.9837,0.9974,0.9861,0.0188
8,11,8,11,1.0000,1.0000,1.0000,1.0000,0.0000
8,11,9,0,0.9328,0.9168,0.9784,0.9237,0.0219
8,11,9,1,0.9941,0.9915,0.9935,0.9939,0.0153
8,11,9,2,0.9546,0.9351,0.9910,0.9488,0.0248
8,11,9,3,0.9222,0.9244,0.9893,0.9125,0.0365
8,11,9,4,0.9929,0.9924,0.9970,0.9922,0.0110
8,11,9,5,0.9963,0.9957,0.9996,0.9958,0.0045
8,11,9,6,0.9951,0.9931,0.9955,0.9950,0.0152
8,11,9,7,0.9840,0.9809,0.9990,0.9820,0.0119
8,11,9,8,0.9971,0.9969,0.9990,0.9967,0.0045
8,11,9,9,0.9942,0.9915,0.9941,0.9942,0.0172
8,11,9,10,0.9139,0.8992,0.9868,0.9020,0.0283
8,11,9,11,0.9939,0.9910,0.9938,0.9939,0.0177
8,11,10,0,0.9839,0.9812,0.9958,0.9819,0.0127
8,11,10,1,0.9946,0.9927,0.9949,0.9944,0.0136
8,11,10,2,0.9949,0.9929,0.9953,0.9948,0.0153
8,11,10,3,0.9952,0.9953,0.9978,0.9946,0.0045
8,11,10,4,0.9948,0.9959,0.9993,0.9942,0.0033
8,11,10,5,0.8921,0.8864,0.9868,0.8772,0.0247
8,11,10,6,0.9971,0.9956,0.9978,0.9970,0.0104
8,11,10,7,0.9919,0.9905,0.9991,0.9909,0.0062
8,11,10,8,0.9945,0.9921,0.9944,0.9944,0.0163
8,11,10,9,0.9117,0.8966,0.9923,0.8995,0.0279
8,11,10,10,0.9952,0.9926,0.9950,0.9951,0.0151
8,11,10,11,0.9846,0.9864,0.9967,0.9826,0.0073
8,11,11,0,0.7570,0.7206,0.7762,0.7238,0.0815
8,11,11,1,0.9963,0.9952,0.9972,0.9959,0.0073
8,11,11,2,0.9971,0.9957,0.9973,0.9969,0.0080
8,11,11,3,0.9572,0.9633,0.9913,0.9530,0.0327
8,11,11,4,0.9957,0.9954,0.9982,0.9953,0.0087
8,11,11,5,0.9961,0.9958,0.9983,0.9956,0.0063
8,11,11,6,0.9957,0.9934,0.9954,0.9955,0.0135
8,11,11,7,0.9925,0.9932,0.9976,0.9915,0.0051
8,11,11,8,0.1904,0.4901,0.9342,0.0501,0.0508
8,11,11,9,0.9953,0.9929,0.9945,0.9951,0.0150
8,11,11,10,0.9529,0.9580,0.9932,0.9479,0.0319
8,11,11,11,0.9530,0.9485,0.9922,0.9482,0.0340
9,0,0,0,0.8321,0.8587,0.9128,0.8045,0.0568
9,0,0,1,0.1570,0.2288,0.8935,0.0495,0.0388
9,0,0,2,0.8865,0.8883,0.9618,0.8691,0.0471
9,0,0,3,0.1916,0.2538,0.9002,0.0773,0.0214
9,0,0,4,0.4321,0.4059,0.9318,0.3239,0.0287
9,0,0,5,0.2476,0.2622,0.8902,0.1420,0.0222
9,0,0,6,0.7100,0.7174,0.9035,0.6520,0.0592
9,0,0,7,0.6201,0.6325,0.9463,0.5410,0.0586
9,0,0,8,0.6696,0.7316,0.9564,0.6043,0.0454
9,0,0,9,0.8532,0.8452,0.9505,0.8298,0.0584
9,0,0,10,0.8012,0.7781,0.9269,0.7662,0.0561
9,0,0,11,0.8265,0.8211,0.9220,0.7986,0.0602
9,0,1,0,0.6595,0.6726,0.9515,0.5937,0.0430
9,0,1,1,0.8445,0.8297,0.9582,0.8175,0.0480
9,0,1,2,0.8044,0.8001,0.9468,0.7688,0.0542
9,0,1,3,0.8911,0.8527,0.9587,0.8755,0.0411
9,0,1,4,0.9186,0.9021,0.9770,0.9059,0.0397
9,0,1,5,0.8878,0.8843,0.9627,0.8686,0.0274
9,0,1,6,0.8315,0.8268,0.9778,0.8017,0.0257
9,0,1,7,0.8978,0.8979,0.9725,0.8817,0.0441
9,0,1,8,0.9065,0.8975,0.9625,0.8907,0.0274
9,0,1,9,0.9118,0.8981,0.9534,0.8971,0.0189
9,0,1,10,0.2892,0.5965,0.9239,0.1289,0.0628
9,0,1,11,0.3751,0.3100,0.8995,0.2780,0.0071
9,0,2,0,0.7415,0.7443,0.9460,0.6918,0.0488
9,0,2,1,0.9194,0.9300,0.9763,0.9064,0.0197
9,0,2,2,0.4264,0.4879,0.9389,0.3253,0.0203
9,0,2,3,0.6942,0.6928,0.9428,0.6360,0.0395
9,0,2,4,0.8073,0.8350,0.9469,0.7732,0.0264
9,0,2,5,0.6583,0.6746,0.9559,0.5906,0.0464
9,0,2,6,0.9128,0.9030,0.9567,0.8988,0.0184
9,0,2,7,0.7073,0.7014,0.9139,0.6487,0.0639
9,0,2,8,0.6010,0.6939,0.9706,0.5255,0.0340
9,0,2,9,0.4929,0.5989,0.9695,0.3890,0.0434
9,0,2,10,0.8419,0.8108,0.9444,0.8160,0.0572
9,0,2,11,0.9326,0.9073,0.9692,0.9216,0.0245
9,0,3,0,0.9135,0.8863,0.9513,0.9043,0.0358
9,0,3,1,0.9025,0.8841,0.9538,0.8865,0.0108
9,0,3,2,0.4654,0.5044,0.9446,0.3672,0.0269
9,0,3,3,0.8412,0.8255,0.9465,0.8156,0.0066
9,0,3,4,0.9154,0.8926,0.9550,0.9061,0.0356
9,0,3,5,0.9144,0.9365,0.9915,0.9001,0.0249
9,0,3,6,0.6765,0.6987,0.9393,0.6108,0.0565
9,0,3,7,0.6349,0.6148,0.9623,0.5662,0.0345
9,0,3,8,0.5964,0.6089,0.9251,0.5248,0.0224
9,0,3,9,0.7494,0.7688,0.9384,0.7058,0.0172
9,0,3,10,0.9113,0.8914,0.9527,0.8967,0.0157
9,0,3,11,0.7385,0.7400,0.9534,0.6896,0.0350
9,0,4,0,0.6858,0.7160,0.9288,0.6315,0.0180
9,0,4,1,0.8175,0.8046,0.9519,0.7866,0.0167
9,0,4,2,0.9236,0.9006,0.9619,0.9134,0.0264
9,0,4,3,0.7888,0.7790,0.9718,0.7500,0.0324
9,0,4,4,0.9170,0.9064,0.9663,0.9046,0.0163
9,0,4,5,0.8866,0.8912,0.9599,0.8682,0.0140
9,0,4,6,0.9011,0.8982,0.9783,0.8851,0.0376
9,0,4,7,0.5492,0.5252,0.9376,0.4658,0.0251
9,0,4,8,0.9304,0.9113,0.9601,0.9200,0.0213
9,0,4,9,0.8037,0.7903,0.9748,0.7688,0.0244
9,0,4,10,0.9155,0.8927,0.9626,0.9053,0.0310
9,0,4,11,0.2383,0.3388,0.8828,0.1429,0.0399
9,0,5,0,0.9147,0.8845,0.9509,0.9056,0.0365
9,0,5,1,0.9133,0.8783,0.9487,0.9051,0.0399
9,0,5,2,0.8314,0.8342,0.9672,0.8021,0.0220
9,0,5,3,0.8890,0.8847,0.9800,0.8707,0.0362
9,0,5,4,0.8591,0.8226,0.9685,0.8345,0.0307
9,0,5,5,0.9180,0.8896,0.9532,0.9091,0.0352
9,0,5,6,0.9191,0.8941,0.9524,0.9085,0.0240
9,0,5,7,0.8503,0.8440,0.9558,0.8263,0.0110
9,0,5,8,0.9217,0.9020,0.9602,0.9109,0.0211
9,0,5,9,0.9254,0.8977,0.9588,0.9162,0.0293
9,0,5,10,0.9069,0.8761,0.9794,0.8911,0.0165
9,0,5,11,0.9044,0.8840,0.9515,0.8900,0.0127
9,0,6,0,0.8534,0.8448,0.9782,0.8276,0.0311
9,0,6,1,0.9180,0.9139,0.9709,0.9065,0.0195
9,0,6,2,0.9309,0.9178,0.9651,0.9211,0.0236
9,0,6,3,0.9091,0.9215,0.9690,0.8942,0.0216
9,0,6,4,0.9292,0.9095,0.9852,0.9179,0.0252
9,0,6,5,0.9253,0.9079,0.9640,0.9133,0.0192
9,0,6,6,0.9238,0.8976,0.9583,0.9136,0.0231
9,0,6,7,0.8788,0.8533,0.9719,0.8586,0.0386
9,0,6,8,0.8554,0.8394,0.9822,0.8305,0.0168
9,0,6,9,0.9138,0.8794,0.9498,0.9055,0.0397
9,0,6,10,0.9159,0.8870,0.9510,0.9067,0.0362
9,0,6,11,0.9208,0.9014,0.9712,0.9076,0.0181
9,0,7,0,0.8791,0.8677,0.9663,0.8597,0.0064
9,0,7,1,0.9197,0.9012,0.9577,0.9091,0.0223
9,0,7,2,0.9136,0.8789,0.9494,0.9053,0.0399
9,0,7,3,0.9149,0.9046,0.9842,0.9008,0.0240
9,0,7,4,0.8716,0.8887,0.9497,0.8512,0.0104
9,0,7,5,0.9176,0.9114,0.9672,0.9045,0.0152
9,0,7,6,0.9205,0.9036,0.9649,0.9094,0.0235
9,0,7,7,0.9160,0.8977,0.9561,0.9062,0.0324
9,0,7,8,0.9085,0.8882,0.9773,0.8930,0.0206
9,0,7,9,0.9233,0.9211,0.9787,0.9112,0.0155
9,0,7,10,0.9188,0.8896,0.9518,0.9101,0.0358
9,0,7,11,0.9160,0.8856,0.9528,0.9070,0.0367
9,0,8,0,0.9281,0.9014,0.9621,0.9185,0.0254
9,0,8,1,0.9165,0.8901,0.9508,0.9076,0.0357
9,0,8,2,0.9259,0.9183,0.9653,0.9137,0.0218
9,0,8,3,0.9266,0.9193,0.9721,0.9163,0.0207
9,0,8,4,0.8902,0.9017,0.9606,0.8728,0.0100
9,0,8,5,0.8934,0.8780,0.9757,0.8756,0.0338
9,0,8,6,0.9122,0.9031,0.9626,0.9006,0.0241
9,0,8,7,0.7687,0.8089,0.9444,0.7316,0.0085
9,0,8,8,0.9094,0.8966,0.9743,0.8942,0.0287
9,0,8,9,0.9510,0.9381,0.9861,0.9430,0.0201
9,0,8,10,0.9347,0.9299,0.9820,0.9241,0.0197
9,0,8,11,0.9328,0.9168,0.9784,0.9237,0.0219
9,0,9,0,1.0000,1.0000,1.0000,1.0000,0.0000
9,0,9,1,0.9138,0.8855,0.9504,0.9047,0.0370
9,0,9,2,0.9715,0.9660,0.9941,0.9669,0.0087
9,0,9,3,0.8861,0.8767,0.9677,0.8666,0.0190
9,0,9,4,0.9169,0.9065,0.9610,0.9071,0.0303
9,0,9,5,0.9368,0.9188,0.9793,0.9278,0.0203
9,0,9,6,0.9190,0.8913,0.9560,0.9105,0.0369
9,0,9,7,0.9377,0.9323,0.9754,0.9281,0.0171
9,0,9,8,0.9391,0.9218,0.9862,0.9305,0.0182
9,0,9,9,0.9157,0.8848,0.9520,0.9073,0.0388
9,0,9,10,0.8718,0.8791,0.9469,0.8507,0.0164
9,0,9,11,0.9161,0.8829,0.9513,0.9078,0.0394
9,0,10,0,0.9650,0.9683,0.9924,0.9596,0.0100
9,0,10,1,0.9178,0.8953,0.9547,0.9088,0.0353
9,0,10,2,0.9192,0.8894,0.9554,0.9106,0.0370
9,0,10,3,0.9196,0.9073,0.9649,0.9090,0.0248
9,0,10,4,0.9346,0.9099,0.9700,0.9260,0.0239
9,0,10,5,0.8345,0.8917,0.9463,0.8087,0.0135
9,0,10,6,0.9247,0.9027,0.9639,0.9161,0.0320
9,0,10,7,0.9558,0.9461,0.9840,0.9494,0.0165
9,0,10,8,0.9147,0.8842,0.9529,0.9058,0.0379
9,0,10,9,0.8595,0.9052,0.9694,0.8363,0.0136
9,0,10,10,0.9191,0.8893,0.9545,0.9105,0.0367
9,0,10,11,0.9223,0.9116,0.9615,0.9114,0.0177
9,0,11,0,0.8000,0.7835,0.8598,0.7669,0.0653
9,0,11,1,0.9291,0.9066,0.9617,0.9199,0.0277
9,0,11,2,0.9253,0.9015,0.9623,0.9162,0.0296
9,0,11,3,0.9361,0.9488,0.9894,0.9255,0.0207
9,0,11,4,0.9325,0.9121,0.9718,0.9224,0.0232
9,0,11,5,0.9197,0.9032,0.9662,0.9094,0.0269
9,0,11,6,0.9203,0.8913,0.9558,0.9115,0.0352
9,0,11,7,0.9227,0.9079,0.9650,0.9117,0.0205
9,0,11,8,0.2735,0.5470,0.9157,0.1344,0.0315
9,0,11,9,0.9165,0.8874,0.9534,0.9075,0.0366
9,0,11,10,0.9330,0.9431,0.9827,0.9219,0.0168
9,0,11,11,0.9523,0.9345,0.9791,0.9447,0.0213
9,1,0,0,0.7621,0.7127,0.7955,0.7379,0.0857
9,1,0,1,0.1121,0.1543,0.9663,0.0192,0.0018
9,1,0,2,0.8632,0.8327,0.9087,0.8553,0.0760
9,1,0,3,0.1413,0.1746,0.9640,0.0420,0.0172
9,1,0,4,0.3678,0.3055,0.9509,0.2721,0.0634
9,1,0,5,0.1968,0.1870,0.9618,0.1045,0.0180
9,1,0,6,0.6013,0.5657,0.7804,0.5419,0.0896
9,1,0,7,0.5743,0.5483,0.8997,0.5094,0.0899
9,1,0,8,0.6322,0.6277,0.9282,0.5797,0.0753
9,1,0,9,0.8191,0.7925,0.8936,0.8057,0.0851
9,1,0,10,0.7675,0.7078,0.8722,0.7450,0.0876
9,1,0,11,0.8020,0.7545,0.8375,0.7885,0.0893
9,1,1,0,0.6136,0.5928,0.9655,0.5582,0.0729
9,1,1,1,0.8406,0.8127,0.9573,0.8274,0.0761
9,1,1,2,0.7899,0.7651,0.9489,0.7680,0.0817
9,1,1,3,0.9023,0.8517,0.8733,0.9038,0.0723
9,1,1,4,0.9291,0.9102,0.9543,0.9286,0.0607
9,1,1,5,0.9185,0.8852,0.9771,0.9142,0.0573
9,1,1,6,0.8218,0.7659,0.9758,0.8018,0.0556
9,1,1,7,0.8955,0.8754,0.9444,0.8912,0.0674
9,1,1,8,0.9419,0.9368,0.9858,0.9401,0.0516
9,1,1,9,0.9529,0.9483,0.9931,0.9504,0.0415
9,1,1,10,0.1657,0.4868,0.8680,0.0127,0.0917
9,1,1,11,0.3280,0.2410,0.9640,0.2432,0.0325
9,1,2,0,0.7243,0.6580,0.9088,0.6901,0.0805
9,1,2,1,0.9791,0.9708,0.9903,0.9791,0.0320
9,1,2,2,0.3884,0.4047,0.9754,0.3023,0.0534
9,1,2,3,0.6651,0.6363,0.9730,0.6190,0.0704
9,1,2,4,0.8314,0.8315,0.9888,0.8125,0.0592
9,1,2,5,0.6167,0.6022,0.9402,0.5613,0.0777
9,1,2,6,0.9681,0.9715,0.9960,0.9665,0.0341
9,1,2,7,0.6525,0.6229,0.8315,0.6053,0.0946
9,1,2,8,0.5703,0.6086,0.9602,0.5085,0.0652
9,1,2,9,0.3958,0.4758,0.9141,0.2982,0.0733
9,1,2,10,0.8067,0.7601,0.8840,0.7908,0.0861
9,1,2,11,0.9823,0.9771,0.9919,0.9833,0.0350
9,1,3,0,0.9986,0.9988,1.0000,0.9984,0.0017
9,1,3,1,0.9480,0.9342,0.9939,0.9443,0.0396
9,1,3,2,0.4328,0.4266,0.9730,0.3505,0.0605
9,1,3,3,0.8743,0.8542,0.9914,0.8601,0.0409
9,1,3,4,0.9993,0.9994,0.9999,0.9992,0.0017
9,1,3,5,0.9397,0.9317,0.9588,0.9375,0.0514
9,1,3,6,0.5861,0.5910,0.8610,0.5236,0.0875
9,1,3,7,0.6119,0.5507,0.9669,0.5571,0.0665
9,1,3,8,0.5821,0.5521,0.9777,0.5248,0.0568
9,1,3,9,0.7598,0.7479,0.9790,0.7297,0.0537
9,1,3,10,0.9682,0.9590,0.9938,0.9672,0.0365
9,1,3,11,0.7786,0.7127,0.9587,0.7525,0.0689
9,1,4,0,0.7094,0.6932,0.9814,0.6718,0.0484
9,1,4,1,0.8718,0.8057,0.9870,0.8579,0.0468
9,1,4,2,0.9973,0.9967,0.9988,0.9974,0.0127
9,1,4,3,0.6891,0.6416,0.8833,0.6473,0.0678
9,1,4,4,0.9850,0.9781,0.9965,0.9845,0.0228
9,1,4,5,0.9506,0.9359,0.9953,0.9467,0.0350
9,1,4,6,0.8969,0.8887,0.9572,0.8913,0.0649
9,1,4,7,0.5170,0.4706,0.9527,0.4476,0.0594
9,1,4,8,0.9876,0.9869,0.9978,0.9874,0.0223
9,1,4,9,0.8209,0.7781,0.9751,0.8006,0.0569
9,1,4,10,0.9984,0.9971,0.9990,0.9983,0.0060
9,1,4,11,0.1920,0.2600,0.9670,0.1086,0.0029
9,1,5,0,0.9992,0.9995,1.0000,0.9991,0.0013
9,1,5,1,0.9993,0.9994,1.0000,0.9992,0.0029
9,1,5,2,0.8566,0.8229,0.9816,0.8411,0.0554
9,1,5,3,0.8832,0.8598,0.9474,0.8755,0.0680
9,1,5,4,0.8776,0.8275,0.9704,0.8673,0.0619
9,1,5,5,0.9988,0.9986,0.9999,0.9987,0.0018
9,1,5,6,0.9907,0.9898,0.9995,0.9899,0.0130
9,1,5,7,0.9063,0.8842,0.9955,0.8963,0.0349
9,1,5,8,0.9899,0.9881,0.9985,0.9893,0.0161
9,1,5,9,0.9977,0.9982,0.9995,0.9977,0.0077
9,1,5,10,0.8931,0.8492,0.9768,0.8832,0.0514
9,1,5,11,0.9752,0.9596,0.9974,0.9734,0.0256
9,1,6,0,0.7932,0.7544,0.9440,0.7690,0.0636
9,1,6,1,0.9855,0.9797,0.9967,0.9844,0.0177
9,1,6,2,0.9922,0.9909,0.9978,0.9920,0.0178
9,1,6,3,0.9569,0.9524,0.9912,0.9543,0.0384
9,1,6,4,0.9415,0.9257,0.9631,0.9408,0.0535
9,1,6,5,0.9810,0.9777,0.9950,0.9811,0.0312
9,1,6,6,0.9945,0.9912,0.9989,0.9943,0.0139
9,1,6,7,0.8472,0.8019,0.9352,0.8341,0.0685
9,1,6,8,0.9096,0.8735,0.9798,0.9022,0.0522
9,1,6,9,0.9993,0.9994,1.0000,0.9992,0.0028
9,1,6,10,0.9998,0.9998,1.0000,0.9997,0.0010
9,1,6,11,0.9633,0.9584,0.9911,0.9623,0.0401
9,1,7,0,0.9195,0.9274,0.9935,0.9112,0.0374
9,1,7,1,0.9878,0.9852,0.9992,0.9867,0.0147
9,1,7,2,0.9993,0.9994,1.0000,0.9992,0.0029
9,1,7,3,0.9373,0.9174,0.9637,0.9355,0.0531
9,1,7,4,0.9260,0.9008,0.9933,0.9185,0.0366
9,1,7,5,0.9792,0.9761,0.9950,0.9788,0.0304
9,1,7,6,0.9933,0.9929,0.9981,0.9931,0.0167
9,1,7,7,0.9976,0.9968,0.9998,0.9974,0.0046
9,1,7,8,0.8984,0.8665,0.9771,0.8889,0.0463
9,1,7,9,0.9776,0.9691,0.9908,0.9769,0.0296
9,1,7,10,0.9980,0.9979,1.0000,0.9977,0.0012
9,1,7,11,0.9995,0.9996,1.0000,0.9994,0.0018
9,1,8,0,0.9961,0.9965,0.9989,0.9961,0.0129
9,1,8,1,0.9970,0.9963,1.0000,0.9967,0.0018
9,1,8,2,0.9662,0.9617,0.9897,0.9650,0.0378
9,1,8,3,0.9874,0.9804,0.9958,0.9866,0.0178
9,1,8,4,0.9508,0.9403,0.9958,0.9464,0.0344
9,1,8,5,0.8425,0.8279,0.9560,0.8268,0.0653
9,1,8,6,0.9932,0.9937,0.9989,0.9928,0.0129
9,1,8,7,0.8270,0.8410,0.9891,0.8064,0.0376
9,1,8,8,0.8882,0.8625,0.9762,0.8784,0.0555
9,1,8,9,0.9588,0.9516,0.9786,0.9580,0.0439
9,1,8,10,0.9799,0.9722,0.9875,0.9803,0.0341
9,1,8,11,0.9941,0.9915,0.9935,0.9939,0.0153
9,1,9,0,0.9138,0.8855,0.9504,0.9047,0.0370
9,1,9,1,1.0000,1.0000,1.0000,1.0000,0.0000
9,1,9,2,0.9367,0.9105,0.9721,0.9312,0.0401
9,1,9,3,0.9058,0.9006,0.9827,0.8979,0.0518
9,1,9,4,0.9957,0.9956,0.9993,0.9953,0.0067
9,1,9,5,0.9934,0.9904,0.9927,0.9935,0.0177
9,1,9,6,0.9994,0.9995,0.9998,0.9994,0.0012
9,1,9,7,0.9789,0.9726,0.9932,0.9778,0.0265
9,1,9,8,0.9892,0.9853,0.9877,0.9886,0.0188
9,1,9,9,0.9996,0.9997,1.0000,0.9996,0.0018
9,1,9,10,0.9155,0.8898,0.9919,0.9072,0.0434
9,1,9,11,0.9994,0.9996,1.0000,0.9994,0.0024
9,1,10,0,0.9724,0.9652,0.9790,0.9706,0.0281
9,1,10,1,0.9989,0.9987,0.9999,0.9988,0.0017
9,1,10,2,0.9995,0.9996,0.9998,0.9994,0.0016
9,1,10,3,0.9960,0.9952,0.9984,0.9960,0.0122
9,1,10,4,0.9944,0.9950,0.9970,0.9942,0.0131
9,1,10,5,0.8975,0.8729,0.9936,0.8861,0.0361
9,1,10,6,0.9988,0.9985,0.9987,0.9987,0.0050
9,1,10,7,0.9884,0.9831,0.9894,0.9881,0.0207
9,1,10,8,0.9995,0.9995,1.0000,0.9994,0.0012
9,1,10,9,0.9094,0.8816,0.9886,0.9004,0.0430
9,1,10,10,0.9996,0.9997,0.9999,0.9995,0.0013
9,1,10,11,0.9826,0.9825,0.9987,0.9812,0.0193
9,1,11,0,0.7177,0.6537,0.7119,0.6871,0.0968
9,1,11,1,0.9972,0.9969,0.9990,0.9972,0.0106
9,1,11,2,0.9986,0.9983,0.9990,0.9986,0.0073
9,1,11,3,0.9402,0.9405,0.9732,0.9371,0.0480
9,1,11,4,0.9937,0.9913,0.9953,0.9943,0.0216
9,1,11,5,0.9971,0.9968,0.9984,0.9970,0.0101
9,1,11,6,0.9996,0.9996,0.9998,0.9996,0.0024
9,1,11,7,0.9920,0.9901,0.9978,0.9918,0.0178
9,1,11,8,0.1452,0.4356,0.9324,0.0121,0.0656
9,1,11,9,0.9997,0.9997,0.9999,0.9997,0.0017
9,1,11,10,0.9410,0.9400,0.9808,0.9378,0.0472
9,1,11,11,0.9368,0.9287,0.9803,0.9334,0.0493
9,2,0,0,0.8466,0.8665,0.9007,0.8202,0.0505
9,2,0,1,0.1694,0.2962,0.9198,0.0607,0.0420
9,2,0,2,0.9010,0.9115,0.9653,0.8851,0.0411
9,2,0,3,0.2015,0.3233,0.9250,0.0856,0.0230
9,2,0,4,0.4516,0.4800,0.9504,0.3440,0.0232
9,2,0,5,0.2432,0.3290,0.9169,0.1342,0.0230
9,2,0,6,0.7399,0.7554,0.8924,0.6866,0.0526
9,2,0,7,0.6661,0.7013,0.9549,0.5950,0.0523
9,2,0,8,0.7092,0.7674,0.9672,0.6502,0.0388
9,2,0,9,0.8856,0.8829,0.9553,0.8679,0.0521
9,2,0,10,0.8275,0.8231,0.9340,0.7966,0.0498
9,2,0,11,0.8591,0.8563,0.9201,0.8371,0.0539
9,2,1,0,0.6873,0.7423,0.9734,0.6248,0.0362
9,2,1,1,0.8853,0.8870,0.9773,0.8654,0.0412
9,2,1,2,0.8509,0.8561,0.9676,0.8238,0.0476
9,2,1,3,0.9105,0.8784,0.9521,0.8976,0.0387
9,2,1,4,0.9574,0.9477,0.9886,0.9515,0.0348
9,2,1,5,0.9136,0.9347,0.9828,0.8984,0.0219
9,2,1,6,0.8628,0.8886,0.9917,0.8377,0.0199
9,2,1,7,0.9266,0.9279,0.9816,0.9152,0.0386
9,2,1,8,0.9458,0.9401,0.9833,0.9365,0.0216
9,2,1,9,0.9464,0.9393,0.9770,0.9372,0.0147
9,2,1,10,0.2959,0.6177,0.9235,0.1324,0.0560
9,2,1,11,0.3793,0.3849,0.9263,0.2803,0.0094
9,2,2,0,0.7708,0.7888,0.9552,0.7253,0.0428
9,2,2,1,0.9484,0.9501,0.9914,0.9398,0.0202
9,2,2,2,0.4754,0.5622,0.9624,0.3803,0.0146
9,2,2,3,0.7195,0.7623,0.9682,0.6643,0.0329
9,2,2,4,0.8409,0.8932,0.9711,0.8119,0.0198
9,2,2,5,0.7010,0.7420,0.9726,0.6401,0.0401
9,2,2,6,0.9537,0.9404,0.9790,0.9461,0.0178
9,2,2,7,0.7483,0.7607,0.9167,0.6975,0.0573
9,2,2,8,0.6250,0.7221,0.9836,0.5518,0.0274
9,2,2,9,0.5398,0.6649,0.9712,0.4428,0.0369
9,2,2,10,0.8804,0.8668,0.9516,0.8616,0.0509
9,2,2,11,0.9586,0.9443,0.9882,0.9516,0.0243
9,2,3,0,0.9308,0.9129,0.9730,0.9243,0.0390
9,2,3,1,0.9365,0.9311,0.9774,0.9258,0.0073
9,2,3,2,0.4923,0.5811,0.9674,0.3963,0.0214
9,2,3,3,0.8745,0.8912,0.9705,0.8537,0.0097
9,2,3,4,0.9350,0.9155,0.9754,0.9287,0.0387
9,2,3,5,0.9432,0.9520,0.9953,0.9335,0.0202
9,2,3,6,0.7053,0.7565,0.9388,0.6435,0.0502
9,2,3,7,0.7164,0.7123,0.9781,0.6617,0.0279
9,2,3,8,0.6213,0.6697,0.9543,0.5521,0.0177
9,2,3,9,0.7648,0.8111,0.9599,0.7225,0.0156
9,2,3,10,0.9418,0.9391,0.9776,0.9319,0.0129
9,2,3,11,0.7861,0.8086,0.9702,0.7451,0.0295
9,2,4,0,0.6991,0.7585,0.9557,0.6455,0.0148
9,2,4,1,0.8468,0.8725,0.9745,0.8200,0.0127
9,2,4,2,0.9459,0.9237,0.9807,0.9391,0.0274
9,2,4,3,0.8024,0.8074,0.9592,0.7646,0.0279
9,2,4,4,0.9407,0.9436,0.9858,0.9318,0.0189
9,2,4,5,0.9173,0.9375,0.9823,0.9036,0.0138
9,2,4,6,0.9352,0.9319,0.9894,0.9248,0.0314
9,2,4,7,0.5852,0.6038,0.9577,0.5062,0.0198
9,2,4,8,0.9603,0.9446,0.9812,0.9545,0.0205
9,2,4,9,0.8545,0.8375,0.9891,0.8279,0.0189
9,2,4,10,0.9403,0.9205,0.9813,0.9338,0.0341
9,2,4,11,0.2816,0.4143,0.9129,0.1895,0.0430
9,2,5,0,0.9336,0.9091,0.9724,0.9274,0.0396
9,2,5,1,0.9319,0.9018,0.9705,0.9266,0.0430
9,2,5,2,0.8883,0.8885,0.9837,0.8684,0.0163
9,2,5,3,0.9167,0.9089,0.9856,0.9027,0.0296
9,2,5,4,0.9123,0.8981,0.9868,0.8969,0.0241
9,2,5,5,0.9428,0.9203,0.9745,0.9377,0.0383
9,2,5,6,0.9339,0.9243,0.9747,0.9256,0.0272
9,2,5,7,0.9064,0.9180,0.9786,0.8911,0.0108
9,2,5,8,0.9500,0.9374,0.9804,0.9436,0.0240
9,2,5,9,0.9462,0.9210,0.9785,0.9403,0.0324
9,2,5,10,0.9344,0.9191,0.9931,0.9229,0.0150
9,2,5,11,0.9402,0.9388,0.9755,0.9312,0.0164
9,2,6,0,0.8530,0.8422,0.9815,0.8259,0.0253
9,2,6,1,0.9569,0.9550,0.9876,0.9513,0.0224
9,2,6,2,0.9531,0.9416,0.9838,0.9467,0.0241
9,2,6,3,0.9537,0.9481,0.9865,0.9459,0.0172
9,2,6,4,0.9439,0.9364,0.9924,0.9345,0.0197
9,2,6,5,0.9609,0.9474,0.9848,0.9544,0.0192
9,2,6,6,0.9492,0.9338,0.9798,0.9429,0.0262
9,2,6,7,0.9293,0.9151,0.9824,0.9184,0.0323
9,2,6,8,0.8945,0.8860,0.9943,0.8757,0.0139
9,2,6,9,0.9328,0.9030,0.9713,0.9275,0.0429
9,2,6,10,0.9395,0.9126,0.9728,0.9340,0.0394
9,2,6,11,0.9370,0.9400,0.9895,0.9261,0.0165
9,2,7,0,0.8785,0.8913,0.9843,0.8585,0.0093
9,2,7,1,0.9512,0.9376,0.9789,0.9454,0.0254
9,2,7,2,0.9325,0.9028,0.9710,0.9272,0.0430
9,2,7,3,0.9433,0.9438,0.9931,0.9337,0.0201
9,2,7,4,0.8918,0.9288,0.9741,0.8743,0.0072
9,2,7,5,0.9397,0.9409,0.9856,0.9299,0.0165
9,2,7,6,0.9534,0.9320,0.9833,0.9473,0.0245
9,2,7,7,0.9468,0.9269,0.9765,0.9416,0.0356
9,2,7,8,0.9346,0.9276,0.9907,0.9232,0.0169
9,2,7,9,0.9509,0.9559,0.9936,0.9430,0.0155
9,2,7,10,0.9446,0.9227,0.9734,0.9399,0.0390
9,2,7,11,0.9366,0.9102,0.9737,0.9308,0.0399
9,2,8,0,0.9483,0.9261,0.9814,0.9418,0.0273
9,2,8,1,0.9442,0.9237,0.9728,0.9395,0.0388
9,2,8,2,0.9573,0.9474,0.9827,0.9500,0.0184
9,2,8,3,0.9607,0.9508,0.9878,0.9556,0.0223
9,2,8,4,0.8967,0.9396,0.9820,0.8800,0.0087
9,2,8,5,0.8882,0.8969,0.9871,0.8680,0.0275
9,2,8,6,0.9499,0.9331,0.9813,0.9439,0.0273
9,2,8,7,0.7662,0.8355,0.9673,0.7277,0.0070
9,2,8,8,0.9503,0.9522,0.9908,0.9419,0.0222
9,2,8,9,0.9778,0.9693,0.9972,0.9741,0.0182
9,2,8,10,0.9638,0.9591,0.9955,0.9577,0.0192
9,2,8,11,0.9546,0.9351,0.9910,0.9488,0.0248
9,2,9,0,0.9715,0.9660,0.9941,0.9669,0.0087
9,2,9,1,0.9367,0.9105,0.9721,0.9312,0.0401
9,2,9,2,1.0000,1.0000,1.0000,1.0000,0.0000
9,2,9,3,0.8938,0.9117,0.9858,0.8749,0.0161
9,2,9,4,0.9506,0.9299,0.9800,0.9458,0.0335
9,2,9,5,0.9549,0.9433,0.9930,0.9487,0.0240
9,2,9,6,0.9400,0.9145,0.9760,0.9348,0.0400
9,2,9,7,0.9745,0.9646,0.9912,0.9707,0.0168
9,2,9,8,0.9556,0.9344,0.9950,0.9497,0.0214
9,2,9,9,0.9361,0.9084,0.9731,0.9309,0.0420
9,2,9,10,0.8778,0.9267,0.9725,0.8572,0.0114
9,2,9,11,0.9351,0.9060,0.9724,0.9298,0.0425
9,2,10,0,0.9830,0.9701,0.9978,0.9804,0.0123
9,2,10,1,0.9443,0.9207,0.9753,0.9393,0.0384
9,2,10,2,0.9382,0.9126,0.9756,0.9327,0.0401
9,2,10,3,0.9495,0.9315,0.9829,0.9435,0.0279
9,2,10,4,0.9502,0.9277,0.9860,0.9440,0.0270
9,2,10,5,0.8445,0.9229,0.9701,0.8197,0.0109
9,2,10,6,0.9466,0.9221,0.9815,0.9414,0.0352
9,2,10,7,0.9723,0.9618,0.9953,0.9686,0.0202
9,2,10,8,0.9358,0.9083,0.9737,0.9302,0.0411
9,2,10,9,0.8809,0.9463,0.9878,0.8606,0.0087
9,2,10,10,0.9392,0.9115,0.9749,0.9338,0.0399
9,2,10,11,0.9469,0.9364,0.9808,0.9398,0.0209
9,2,11,0,0.8048,0.7949,0.8397,0.7700,0.0590
9,2,11,1,0.9551,0.9317,0.9808,0.9499,0.0298
9,2,11,2,0.9485,0.9240,0.9805,0.9430,0.0328
9,2,11,3,0.9608,0.9596,0.9967,0.9542,0.0163
9,2,11,4,0.9537,0.9356,0.9877,0.9469,0.0240
9,2,11,5,0.9495,0.9290,0.9836,0.9438,0.0300
9,2,11,6,0.9423,0.9156,0.9760,0.9369,0.0383
9,2,11,7,0.9575,0.9409,0.9835,0.9519,0.0223
9,2,11,8,0.2640,0.5879,0.9325,0.1190,0.0265
9,2,11,9,0.9393,0.9128,0.9742,0.9338,0.0397
9,2,11,10,0.9556,0.9657,0.9950,0.9479,0.0126
9,2,11,11,0.9747,0.9729,0.9942,0.9706,0.0160
9,3,0,0,0.8489,0.8588,0.8867,0.8156,0.0394
9,3,0,1,0.2128,0.3534,0.9652,0.1011,0.0537
9,3,0,2,0.9223,0.9327,0.9680,0.9065,0.0289
9,3,0,3,0.2655,0.3856,0.9704,0.1496,0.0346
9,3,0,4,0.5222,0.5517,0.9854,0.4190,0.0142
9,3,0,5,0.2868,0.3996,0.9638,0.1752,0.0338
9,3,0,6,0.7524,0.7655,0.8749,0.6926,0.0425
9,3,0,7,0.7442,0.7727,0.9632,0.6832,0.0428
9,3,0,8,0.7187,0.8177,0.9808,0.6536,0.0285
9,3,0,9,0.8863,0.9068,0.9596,0.8624,0.0401
9,3,0,10,0.8226,0.8606,0.9474,0.7823,0.0400
9,3,0,11,0.8827,0.8905,0.9220,0.8593,0.0428
9,3,1,0,0.7698,0.7915,0.9960,0.7184,0.0266
9,3,1,1,0.9126,0.9252,0.9938,0.8942,0.0316
9,3,1,2,0.8551,0.8858,0.9902,0.8229,0.0365
9,3,1,3,0.9268,0.9127,0.9415,0.9126,0.0254
9,3,1,4,0.9305,0.9478,0.9905,0.9160,0.0215
9,3,1,5,0.9079,0.9330,0.9992,0.8887,0.0108
9,3,1,6,0.8317,0.8611,0.9985,0.7966,0.0106
9,3,1,7,0.9208,0.9375,0.9873,0.9042,0.0261
9,3,1,8,0.9178,0.9464,0.9995,0.9011,0.0142
9,3,1,9,0.9115,0.9370,0.9962,0.8949,0.0140
9,3,1,10,0.3836,0.6572,0.9390,0.2263,0.0462
9,3,1,11,0.4162,0.4544,0.9722,0.3148,0.0209
9,3,2,0,0.8648,0.8527,0.9698,0.8350,0.0329
9,3,2,1,0.9224,0.9395,0.9970,0.9090,0.0240
9,3,2,2,0.6537,0.6868,0.9940,0.5848,0.0113
9,3,2,3,0.8058,0.8203,0.9960,0.7630,0.0234
9,3,2,4,0.8844,0.9271,0.9957,0.8606,0.0155
9,3,2,5,0.7887,0.8182,0.9844,0.7406,0.0306
9,3,2,6,0.9141,0.9380,0.9947,0.8994,0.0209
9,3,2,7,0.7951,0.8200,0.9161,0.7473,0.0475
9,3,2,8,0.7647,0.8156,0.9949,0.7139,0.0189
9,3,2,9,0.6012,0.7063,0.9700,0.5078,0.0262
9,3,2,10,0.8886,0.8949,0.9517,0.8654,0.0400
9,3,2,11,0.9426,0.9488,0.9977,0.9323,0.0220
9,3,3,0,0.9073,0.9040,0.9834,0.8995,0.0506
9,3,3,1,0.9229,0.9405,0.9956,0.9090,0.0156
9,3,3,2,0.6683,0.6916,0.9957,0.5993,0.0139
9,3,3,3,0.9592,0.9624,0.9929,0.9526,0.0177
9,3,3,4,0.9103,0.9036,0.9842,0.9025,0.0504
9,3,3,5,0.8918,0.9410,0.9871,0.8697,0.0112
9,3,3,6,0.7502,0.8169,0.9373,0.6905,0.0404
9,3,3,7,0.7291,0.7448,0.9967,0.6705,0.0194
9,3,3,8,0.7883,0.7844,0.9902,0.7457,0.0163
9,3,3,9,0.8990,0.9071,0.9903,0.8790,0.0115
9,3,3,10,0.9351,0.9497,0.9950,0.9236,0.0167
9,3,3,11,0.8744,0.8829,0.9929,0.8472,0.0202
9,3,4,0,0.8635,0.8738,0.9899,0.8369,0.0150
9,3,4,1,0.9434,0.9227,0.9960,0.9326,0.0131
9,3,4,2,0.9161,0.9207,0.9896,0.9059,0.0391
9,3,4,3,0.7430,0.7860,0.9371,0.6863,0.0186
9,3,4,4,0.9413,0.9491,0.9937,0.9332,0.0290
9,3,4,5,0.9149,0.9393,0.9951,0.9001,0.0168
9,3,4,6,0.9086,0.9467,0.9916,0.8891,0.0199
9,3,4,7,0.6269,0.6711,0.9890,0.5483,0.0157
9,3,4,8,0.9212,0.9334,0.9925,0.9096,0.0314
9,3,4,9,0.8468,0.8993,0.9988,0.8151,0.0091
9,3,4,10,0.9070,0.9135,0.9868,0.8971,0.0458
9,3,4,11,0.4550,0.5167,0.9598,0.3811,0.0547
9,3,5,0,0.9094,0.9016,0.9831,0.9018,0.0513
9,3,5,1,0.9037,0.8913,0.9810,0.8969,0.0547
9,3,5,2,0.8466,0.9259,0.9989,0.8158,0.0146
9,3,5,3,0.9178,0.9418,0.9873,0.9004,0.0198
9,3,5,4,0.9240,0.9328,0.9971,0.9080,0.0146
9,3,5,5,0.9079,0.9079,0.9838,0.8997,0.0500
9,3,5,6,0.9418,0.9375,0.9875,0.9362,0.0388
9,3,5,7,0.8947,0.9323,0.9944,0.8766,0.0195
9,3,5,8,0.9234,0.9308,0.9908,0.9139,0.0357
9,3,5,9,0.9153,0.9139,0.9872,0.9063,0.0441
9,3,5,10,0.8699,0.9083,0.9975,0.8439,0.0067
9,3,5,11,0.9127,0.9350,0.9914,0.8996,0.0265
9,3,6,0,0.8458,0.8696,0.9843,0.8129,0.0160
9,3,6,1,0.9079,0.9250,0.9918,0.8955,0.0341
9,3,6,2,0.9173,0.9264,0.9917,0.9061,0.0353
9,3,6,3,0.8881,0.9417,0.9983,0.8679,0.0192
9,3,6,4,0.9427,0.9567,0.9929,0.9308,0.0114
9,3,6,5,0.9257,0.9443,0.9959,0.9132,0.0230
9,3,6,6,0.9200,0.9264,0.9890,0.9103,0.0379
9,3,6,7,0.8755,0.9084,0.9797,0.8484,0.0211
9,3,6,8,0.9413,0.9478,0.9977,0.9295,0.0104
9,3,6,9,0.9048,0.8932,0.9814,0.8979,0.0546
9,3,6,10,0.9061,0.9031,0.9835,0.8977,0.0510
9,3,6,11,0.9641,0.9667,0.9979,0.9575,0.0140
9,3,7,0,0.9726,0.9678,0.9970,0.9686,0.0178
9,3,7,1,0.9073,0.9159,0.9890,0.8959,0.0371
9,3,7,2,0.9043,0.8925,0.9813,0.8974,0.0547
9,3,7,3,0.9552,0.9669,0.9935,0.9460,0.0110
9,3,7,4,0.9109,0.9358,0.9947,0.8960,0.0194
9,3,7,5,0.9308,0.9488,0.9955,0.9194,0.0222
9,3,7,6,0.9097,0.9243,0.9914,0.8976,0.0357
9,3,7,7,0.9060,0.9124,0.9862,0.8967,0.0472
9,3,7,8,0.9150,0.9347,0.9988,0.8983,0.0089
9,3,7,9,0.9443,0.9564,0.9952,0.9354,0.0224
9,3,7,10,0.9080,0.9064,0.9836,0.9001,0.0506
9,3,7,11,0.9085,0.9021,0.9838,0.9007,0.0516
9,3,8,0,0.9219,0.9236,0.9895,0.9126,0.0390
9,3,8,1,0.9046,0.9057,0.9838,0.8961,0.0505
9,3,8,2,0.9194,0.9375,0.9981,0.9048,0.0185
9,3,8,3,0.9105,0.9198,0.9934,0.8985,0.0340
9,3,8,4,0.9455,0.9549,0.9953,0.9369,0.0195
9,3,8,5,0.9234,0.9341,0.9910,0.9072,0.0172
9,3,8,6,0.9077,0.9225,0.9894,0.8965,0.0390
9,3,8,7,0.9324,0.9368,0.9934,0.9210,0.0186
9,3,8,8,0.8972,0.9333,0.9984,0.8760,0.0134
9,3,8,9,0.9366,0.9561,0.9952,0.9243,0.0113
9,3,8,10,0.9374,0.9508,0.9956,0.9266,0.0188
9,3,8,11,0.9222,0.9244,0.9893,0.9125,0.0365
9,3,9,0,0.8861,0.8767,0.9677,0.8666,0.0190
9,3,9,1,0.9058,0.9006,0.9827,0.8979,0.0518
9,3,9,2,0.8938,0.9117,0.9858,0.8749,0.0161
9,3,9,3,1.0000,1.0000,1.0000,1.0000,0.0000
9,3,9,4,0.8986,0.9092,0.9860,0.8878,0.0451
9,3,9,5,0.9301,0.9321,0.9908,0.9209,0.0341
9,3,9,6,0.9072,0.9006,0.9837,0.8994,0.0517
9,3,9,7,0.9126,0.9323,0.9943,0.8989,0.0256
9,3,9,8,0.9222,0.9248,0.9866,0.9120,0.0331
9,3,9,9,0.9049,0.8966,0.9824,0.8974,0.0537
9,3,9,10,0.9322,0.9412,0.9945,0.9202,0.0197
9,3,9,11,0.9059,0.8955,0.9822,0.8987,0.0542
9,3,10,0,0.9086,0.9225,0.9850,0.8941,0.0248
9,3,10,1,0.9045,0.9059,0.9850,0.8957,0.0501
9,3,10,2,0.9101,0.9016,0.9841,0.9025,0.0518
9,3,10,3,0.9137,0.9237,0.9900,0.9034,0.0396
9,3,10,4,0.9225,0.9213,0.9886,0.9134,0.0387
9,3,10,5,0.8797,0.9120,0.9915,0.8599,0.0239
9,3,10,6,0.9100,0.9074,0.9857,0.9013,0.0468
9,3,10,7,0.9180,0.9259,0.9887,0.9065,0.0311
9,3,10,8,0.9070,0.8999,0.9831,0.8994,0.0527
9,3,10,9,0.8985,0.9220,0.9981,0.8799,0.0132
9,3,10,10,0.9082,0.9010,0.9837,0.9004,0.0516
9,3,10,11,0.9451,0.9458,0.9906,0.9389,0.0325
9,3,11,0,0.8313,0.8289,0.8204,0.7945,0.0492
9,3,11,1,0.9163,0.9200,0.9891,0.9065,0.0415
9,3,11,2,0.9158,0.9137,0.9879,0.9070,0.0445
9,3,11,3,0.9313,0.9538,0.9928,0.9177,0.0072
9,3,11,4,0.9330,0.9352,0.9944,0.9235,0.0331
9,3,11,5,0.9111,0.9175,0.9884,0.9009,0.0417
9,3,11,6,0.9100,0.9042,0.9850,0.9018,0.0500
9,3,11,7,0.9151,0.9306,0.9922,0.9037,0.0340
9,3,11,8,0.3486,0.6267,0.9695,0.2078,0.0164
9,3,11,9,0.9091,0.9027,0.9841,0.9012,0.0514
9,3,11,10,0.9372,0.9552,0.9975,0.9248,0.0085
9,3,11,11,0.9414,0.9522,0.9973,0.9298,0.0098
9,4,0,0,0.7737,0.7408,0.8135,0.7481,0.0790
9,4,0,1,0.1320,0.1747,0.9607,0.0375,0.0085
9,4,0,2,0.8684,0.8527,0.9197,0.8585,0.0693
9,4,0,3,0.1578,0.1961,0.9597,0.0564,0.0108
9,4,0,4,0.3867,0.3278,0.9525,0.2896,0.0567
9,4,0,5,0.2080,0.2092,0.9563,0.1132,0.0123
9,4,0,6,0.6212,0.5927,0.7994,0.5614,0.0829
9,4,0,7,0.5943,0.5727,0.9106,0.5289,0.0832
9,4,0,8,0.6531,0.6552,0.9363,0.6006,0.0686
9,4,0,9,0.8336,0.8132,0.9053,0.8197,0.0784
9,4,0,10,0.7837,0.7311,0.8830,0.7608,0.0809
9,4,0,11,0.8174,0.7769,0.8518,0.8035,0.0826
9,4,1,0,0.6280,0.6156,0.9691,0.5714,0.0662
9,4,1,1,0.8542,0.8312,0.9628,0.8406,0.0694
9,4,1,2,0.8070,0.7861,0.9537,0.7852,0.0750
9,4,1,3,0.9062,0.8615,0.8878,0.9055,0.0656
9,4,1,4,0.9410,0.9250,0.9624,0.9404,0.0546
9,4,1,5,0.9236,0.8999,0.9804,0.9181,0.0506
9,4,1,6,0.8325,0.7873,0.9811,0.8118,0.0489
9,4,1,7,0.9055,0.8911,0.9528,0.9005,0.0607
9,4,1,8,0.9523,0.9479,0.9883,0.9505,0.0449
9,4,1,9,0.9591,0.9567,0.9936,0.9562,0.0348
9,4,1,10,0.1839,0.5114,0.8772,0.0281,0.0850
9,4,1,11,0.3381,0.2639,0.9597,0.2510,0.0258
9,4,2,0,0.7315,0.6784,0.9174,0.6950,0.0739
9,4,2,1,0.9810,0.9771,0.9939,0.9803,0.0256
9,4,2,2,0.4030,0.4264,0.9757,0.3151,0.0467
9,4,2,3,0.6723,0.6575,0.9745,0.6241,0.0638
9,4,2,4,0.8399,0.8427,0.9886,0.8201,0.0525
9,4,2,5,0.6324,0.6247,0.9479,0.5760,0.0710
9,4,2,6,0.9789,0.9802,0.9965,0.9777,0.0274
9,4,2,7,0.6718,0.6467,0.8467,0.6243,0.0879
9,4,2,8,0.5807,0.6266,0.9664,0.5169,0.0585
9,4,2,9,0.4108,0.4985,0.9252,0.3109,0.0666
9,4,2,10,0.8219,0.7813,0.8967,0.8057,0.0794
9,4,2,11,0.9827,0.9798,0.9946,0.9827,0.0291
9,4,3,0,0.9919,0.9938,0.9994,0.9911,0.0055
9,4,3,1,0.9549,0.9466,0.9945,0.9509,0.0329
9,4,3,2,0.4388,0.4449,0.9746,0.3534,0.0538
9,4,3,3,0.8756,0.8636,0.9906,0.8601,0.0342
9,4,3,4,0.9938,0.9950,0.9998,0.9931,0.0060
9,4,3,5,0.9499,0.9451,0.9678,0.9477,0.0447
9,4,3,6,0.6057,0.6182,0.8749,0.5427,0.0808
9,4,3,7,0.6279,0.5717,0.9708,0.5724,0.0598
9,4,3,8,0.5911,0.5712,0.9762,0.5319,0.0501
9,4,3,9,0.7604,0.7614,0.9781,0.7279,0.0470
9,4,3,10,0.9704,0.9641,0.9943,0.9686,0.0298
9,4,3,11,0.7883,0.7294,0.9623,0.7609,0.0622
9,4,4,0,0.7044,0.7012,0.9796,0.6635,0.0417
9,4,4,1,0.8683,0.8208,0.9874,0.8522,0.0401
9,4,4,2,0.9947,0.9953,0.9996,0.9942,0.0105
9,4,4,3,0.6986,0.6606,0.8970,0.6552,0.0611
9,4,4,4,0.9808,0.9787,0.9982,0.9790,0.0161
9,4,4,5,0.9480,0.9408,0.9965,0.9427,0.0283
9,4,4,6,0.9089,0.9047,0.9652,0.9031,0.0582
9,4,4,7,0.5351,0.4910,0.9556,0.4648,0.0527
9,4,4,8,0.9903,0.9903,0.9985,0.9898,0.0172
9,4,4,9,0.8340,0.7965,0.9799,0.8135,0.0502
9,4,4,10,0.9952,0.9943,1.0000,0.9947,0.0049
9,4,4,11,0.1975,0.2805,0.9602,0.1114,0.0096
9,4,5,0,0.9930,0.9937,0.9993,0.9922,0.0062
9,4,5,1,0.9925,0.9928,0.9991,0.9919,0.0096
9,4,5,2,0.8690,0.8395,0.9845,0.8535,0.0487
9,4,5,3,0.8926,0.8757,0.9561,0.8842,0.0613
9,4,5,4,0.8884,0.8435,0.9757,0.8776,0.0552
9,4,5,5,0.9952,0.9958,0.9996,0.9947,0.0049
9,4,5,6,0.9832,0.9890,0.9990,0.9813,0.0073
9,4,5,7,0.9138,0.8961,0.9959,0.9037,0.0282
9,4,5,8,0.9888,0.9914,0.9992,0.9877,0.0094
9,4,5,9,0.9944,0.9954,0.9999,0.9938,0.0060
9,4,5,10,0.9013,0.8601,0.9821,0.8909,0.0447
9,4,5,11,0.9788,0.9656,0.9970,0.9768,0.0189
9,4,6,0,0.8008,0.7723,0.9528,0.7752,0.0569
9,4,6,1,0.9888,0.9867,0.9988,0.9877,0.0110
9,4,6,2,0.9920,0.9929,0.9992,0.9914,0.0130
9,4,6,3,0.9695,0.9655,0.9936,0.9675,0.0317
9,4,6,4,0.9448,0.9341,0.9706,0.9428,0.0468
9,4,6,5,0.9868,0.9840,0.9966,0.9868,0.0251
9,4,6,6,0.9926,0.9910,0.9994,0.9919,0.0085
9,4,6,7,0.8664,0.8241,0.9453,0.8540,0.0618
9,4,6,8,0.9083,0.8786,0.9851,0.8989,0.0455
9,4,6,9,0.9927,0.9930,0.9992,0.9921,0.0094
9,4,6,10,0.9960,0.9959,0.9994,0.9956,0.0059
9,4,6,11,0.9579,0.9618,0.9941,0.9548,0.0335
9,4,7,0,0.9065,0.9249,0.9952,0.8953,0.0307
9,4,7,1,0.9899,0.9903,0.9995,0.9887,0.0083
9,4,7,2,0.9926,0.9930,0.9991,0.9920,0.0096
9,4,7,3,0.9402,0.9290,0.9713,0.9370,0.0464
9,4,7,4,0.9237,0.9145,0.9931,0.9148,0.0299
9,4,7,5,0.9784,0.9799,0.9970,0.9770,0.0237
9,4,7,6,0.9967,0.9956,0.9993,0.9966,0.0110
9,4,7,7,0.9970,0.9974,0.9997,0.9967,0.0034
9,4,7,8,0.9050,0.8874,0.9820,0.8947,0.0396
9,4,7,9,0.9774,0.9751,0.9948,0.9758,0.0230
9,4,7,10,0.9937,0.9954,0.9995,0.9931,0.0055
9,4,7,11,0.9939,0.9943,0.9995,0.9932,0.0064
9,4,8,0,0.9922,0.9942,0.9997,0.9915,0.0101
9,4,8,1,0.9939,0.9950,0.9993,0.9932,0.0054
9,4,8,2,0.9734,0.9715,0.9916,0.9722,0.0314
9,4,8,3,0.9915,0.9886,0.9980,0.9908,0.0114
9,4,8,4,0.9401,0.9472,0.9968,0.9334,0.0277
9,4,8,5,0.8425,0.8455,0.9639,0.8243,0.0586
9,4,8,6,0.9975,0.9971,0.9997,0.9973,0.0070
9,4,8,7,0.8118,0.8396,0.9883,0.7876,0.0310
9,4,8,8,0.9016,0.8842,0.9813,0.8920,0.0488
9,4,8,9,0.9664,0.9620,0.9849,0.9654,0.0373
9,4,8,10,0.9852,0.9806,0.9922,0.9852,0.0277
9,4,8,11,0.9929,0.9924,0.9970,0.9922,0.0110
9,4,9,0,0.9169,0.9065,0.9610,0.9071,0.0303
9,4,9,1,0.9957,0.9956,0.9993,0.9953,0.0067
9,4,9,2,0.9506,0.9299,0.9800,0.9458,0.0335
9,4,9,3,0.8986,0.9092,0.9860,0.8878,0.0451
9,4,9,4,1.0000,1.0000,1.0000,1.0000,0.0000
9,4,9,5,0.9901,0.9915,0.9965,0.9892,0.0139
9,4,9,6,0.9949,0.9957,0.9998,0.9945,0.0066
9,4,9,7,0.9874,0.9842,0.9965,0.9868,0.0201
9,4,9,8,0.9867,0.9849,0.9929,0.9854,0.0134
9,4,9,9,0.9944,0.9947,0.9995,0.9939,0.0085
9,4,9,10,0.9081,0.9051,0.9915,0.8973,0.0367
9,4,9,11,0.9933,0.9938,0.9994,0.9927,0.0091
9,4,10,0,0.9813,0.9783,0.9859,0.9798,0.0214
9,4,10,1,0.9964,0.9972,0.9996,0.9960,0.0050
9,4,10,2,0.9938,0.9947,0.9998,0.9932,0.0067
9,4,10,3,0.9971,0.9969,0.9996,0.9969,0.0076
9,4,10,4,0.9906,0.9930,0.9992,0.9896,0.0088
9,4,10,5,0.8939,0.8911,0.9926,0.8809,0.0294
9,4,10,6,0.9965,0.9971,0.9999,0.9961,0.0051
9,4,10,7,0.9907,0.9887,0.9942,0.9901,0.0148
9,4,10,8,0.9939,0.9943,0.9996,0.9933,0.0076
9,4,10,9,0.9129,0.8995,0.9912,0.9029,0.0363
9,4,10,10,0.9948,0.9953,0.9997,0.9943,0.0064
9,4,10,11,0.9814,0.9854,0.9994,0.9794,0.0126
9,4,11,0,0.7334,0.6826,0.7331,0.7020,0.0901
9,4,11,1,0.9968,0.9974,0.9997,0.9965,0.0087
9,4,11,2,0.9965,0.9969,0.9998,0.9961,0.0072
9,4,11,3,0.9515,0.9552,0.9803,0.9486,0.0413
9,4,11,4,0.9917,0.9909,0.9975,0.9913,0.0176
9,4,11,5,0.9979,0.9975,0.9998,0.9977,0.0060
9,4,11,6,0.9958,0.9961,0.9998,0.9953,0.0062
9,4,11,7,0.9954,0.9941,0.9990,0.9952,0.0117
9,4,11,8,0.1673,0.4624,0.9331,0.0323,0.0589
9,4,11,9,0.9951,0.9955,0.9996,0.9946,0.0066
9,4,11,10,0.9506,0.9532,0.9861,0.9474,0.0405
9,4,11,11,0.9439,0.9407,0.9856,0.9399,0.0426
9,5,0,0,0.8126,0.7894,0.8546,0.7870,0.0680
9,5,0,1,0.1594,0.2283,0.9473,0.0595,0.0195
9,5,0,2,0.8927,0.8819,0.9438,0.8815,0.0582
9,5,0,3,0.1951,0.2537,0.9492,0.0891,0.0176
9,5,0,4,0.4230,0.3936,0.9563,0.3219,0.0457
9,5,0,5,0.2475,0.2626,0.9433,0.1492,0.0181
9,5,0,6,0.6658,0.6584,0.8427,0.6057,0.0719
9,5,0,7,0.6182,0.6247,0.9347,0.5475,0.0724
9,5,0,8,0.6680,0.6951,0.9542,0.6097,0.0576
9,5,0,9,0.8515,0.8454,0.9313,0.8339,0.0677
9,5,0,10,0.8053,0.7752,0.9087,0.7785,0.0699
9,5,0,11,0.8365,0.8153,0.8850,0.8183,0.0716
9,5,1,0,0.6467,0.6532,0.9760,0.5852,0.0558
9,5,1,1,0.8658,0.8545,0.9739,0.8482,0.0586
9,5,1,2,0.8172,0.8124,0.9644,0.7902,0.0648
9,5,1,3,0.9301,0.8992,0.9195,0.9282,0.0546
9,5,1,4,0.9490,0.9444,0.9785,0.9455,0.0430
9,5,1,5,0.9359,0.9191,0.9860,0.9286,0.0396
9,5,1,6,0.8488,0.8146,0.9903,0.8259,0.0379
9,5,1,7,0.9180,0.9119,0.9701,0.9101,0.0497
9,5,1,8,0.9508,0.9555,0.9913,0.9454,0.0346
9,5,1,9,0.9586,0.9604,0.9917,0.9533,0.0258
9,5,1,10,0.2405,0.5630,0.8997,0.0819,0.0748
9,5,1,11,0.3788,0.3180,0.9496,0.2892,0.0185
9,5,2,0,0.7596,0.7264,0.9375,0.7206,0.0628
9,5,2,1,0.9852,0.9841,0.9980,0.9835,0.0146
9,5,2,2,0.4317,0.4779,0.9749,0.3392,0.0367
9,5,2,3,0.6947,0.6903,0.9768,0.6428,0.0535
9,5,2,4,0.8452,0.8642,0.9858,0.8217,0.0425
9,5,2,5,0.6555,0.6687,0.9641,0.5947,0.0602
9,5,2,6,0.9677,0.9782,0.9940,0.9633,0.0174
9,5,2,7,0.7021,0.7006,0.8816,0.6511,0.0769
9,5,2,8,0.6050,0.6712,0.9787,0.5372,0.0475
9,5,2,9,0.4629,0.5631,0.9491,0.3620,0.0556
9,5,2,10,0.8457,0.8208,0.9251,0.8269,0.0683
9,5,2,11,0.9904,0.9899,0.9969,0.9898,0.0173
9,5,3,0,0.9941,0.9917,0.9931,0.9942,0.0165
9,5,3,1,0.9541,0.9475,0.9924,0.9478,0.0227
9,5,3,2,0.4731,0.5009,0.9769,0.3842,0.0428
9,5,3,3,0.8923,0.8841,0.9863,0.8766,0.0243
9,5,3,4,0.9941,0.9916,0.9944,0.9940,0.0163
9,5,3,5,0.9504,0.9585,0.9845,0.9450,0.0337
9,5,3,6,0.6433,0.6712,0.9064,0.5782,0.0698
9,5,3,7,0.6603,0.6228,0.9784,0.6028,0.0488
9,5,3,8,0.6133,0.6119,0.9716,0.5506,0.0399
9,5,3,9,0.7838,0.7872,0.9745,0.7501,0.0362
9,5,3,10,0.9757,0.9729,0.9920,0.9727,0.0201
9,5,3,11,0.8024,0.7704,0.9698,0.7714,0.0514
9,5,4,0,0.7370,0.7369,0.9740,0.6958,0.0315
9,5,4,1,0.8923,0.8470,0.9861,0.8765,0.0299
9,5,4,2,0.9948,0.9942,0.9966,0.9942,0.0068
9,5,4,3,0.7428,0.7208,0.9258,0.7004,0.0501
9,5,4,4,0.9928,0.9904,0.9977,0.9918,0.0067
9,5,4,5,0.9588,0.9562,0.9954,0.9531,0.0176
9,5,4,6,0.9158,0.9236,0.9806,0.9063,0.0472
9,5,4,7,0.5618,0.5450,0.9618,0.4878,0.0417
9,5,4,8,0.9880,0.9910,0.9960,0.9863,0.0091
9,5,4,9,0.8424,0.8225,0.9884,0.8184,0.0397
9,5,4,10,0.9950,0.9944,0.9971,0.9947,0.0117
9,5,4,11,0.2314,0.3247,0.9439,0.1415,0.0206
9,5,5,0,0.9941,0.9909,0.9929,0.9942,0.0172
9,5,5,1,0.9928,0.9877,0.9919,0.9932,0.0206
9,5,5,2,0.8741,0.8644,0.9885,0.8554,0.0382
9,5,5,3,0.9091,0.9034,0.9735,0.8987,0.0505
9,5,5,4,0.9011,0.8700,0.9855,0.8880,0.0445
9,5,5,5,0.9948,0.9922,0.9939,0.9949,0.0159
9,5,5,6,0.9900,0.9880,0.9935,0.9888,0.0087
9,5,5,7,0.9207,0.9132,0.9931,0.9092,0.0198
9,5,5,8,0.9925,0.9907,0.9964,0.9916,0.0068
9,5,5,9,0.9944,0.9934,0.9958,0.9939,0.0100
9,5,5,10,0.9180,0.8940,0.9911,0.9067,0.0337
9,5,5,11,0.9794,0.9713,0.9925,0.9766,0.0113
9,5,6,0,0.8300,0.8084,0.9702,0.8040,0.0459
9,5,6,1,0.9880,0.9875,0.9989,0.9864,0.0071
9,5,6,2,0.9916,0.9927,0.9977,0.9905,0.0075
9,5,6,3,0.9595,0.9657,0.9954,0.9540,0.0234
9,5,6,4,0.9580,0.9565,0.9846,0.9546,0.0358
9,5,6,5,0.9843,0.9872,0.9965,0.9824,0.0143
9,5,6,6,0.9960,0.9940,0.9959,0.9956,0.0062
9,5,6,7,0.8781,0.8575,0.9661,0.8622,0.0508
9,5,6,8,0.9314,0.9123,0.9936,0.9223,0.0348
9,5,6,9,0.9932,0.9883,0.9923,0.9936,0.0205
9,5,6,10,0.9938,0.9911,0.9930,0.9938,0.0169
9,5,6,11,0.9769,0.9773,0.9971,0.9744,0.0227
9,5,7,0,0.9340,0.9452,0.9954,0.9245,0.0220
9,5,7,1,0.9845,0.9851,0.9956,0.9825,0.0109
9,5,7,2,0.9930,0.9882,0.9921,0.9935,0.0206
9,5,7,3,0.9620,0.9532,0.9854,0.9590,0.0357
9,5,7,4,0.9350,0.9221,0.9897,0.9257,0.0234
9,5,7,5,0.9824,0.9853,0.9973,0.9802,0.0130
9,5,7,6,0.9900,0.9927,0.9974,0.9886,0.0073
9,5,7,7,0.9941,0.9928,0.9947,0.9939,0.0136
9,5,7,8,0.9245,0.9048,0.9904,0.9141,0.0289
9,5,7,9,0.9878,0.9849,0.9992,0.9864,0.0132
9,5,7,10,0.9945,0.9915,0.9933,0.9947,0.0165
9,5,7,11,0.9946,0.9911,0.9935,0.9947,0.0174
9,5,8,0,0.9959,0.9957,0.9969,0.9954,0.0059
9,5,8,1,0.9934,0.9901,0.9929,0.9934,0.0169
9,5,8,2,0.9708,0.9737,0.9929,0.9671,0.0211
9,5,8,3,0.9899,0.9870,0.9986,0.9885,0.0085
9,5,8,4,0.9604,0.9568,0.9954,0.9548,0.0188
9,5,8,5,0.8735,0.8711,0.9792,0.8555,0.0476
9,5,8,6,0.9891,0.9925,0.9968,0.9878,0.0088
9,5,8,7,0.8462,0.8704,0.9840,0.8236,0.0236
9,5,8,8,0.9149,0.9035,0.9901,0.9035,0.0380
9,5,8,9,0.9738,0.9761,0.9950,0.9714,0.0262
9,5,8,10,0.9904,0.9914,0.9985,0.9896,0.0164
9,5,8,11,0.9963,0.9957,0.9996,0.9958,0.0045
9,5,9,0,0.9368,0.9188,0.9793,0.9278,0.0203
9,5,9,1,0.9934,0.9904,0.9927,0.9935,0.0177
9,5,9,2,0.9549,0.9433,0.9930,0.9487,0.0240
9,5,9,3,0.9301,0.9321,0.9908,0.9209,0.0341
9,5,9,4,0.9901,0.9915,0.9965,0.9892,0.0139
9,5,9,5,1.0000,1.0000,1.0000,1.0000,0.0000
9,5,9,6,0.9947,0.9916,0.9947,0.9949,0.0176
9,5,9,7,0.9841,0.9844,0.9994,0.9819,0.0117
9,5,9,8,0.9943,0.9932,0.9989,0.9935,0.0058
9,5,9,9,0.9937,0.9899,0.9932,0.9940,0.0195
9,5,9,10,0.9290,0.9127,0.9880,0.9188,0.0273
9,5,9,11,0.9937,0.9892,0.9929,0.9940,0.0201
9,5,10,0,0.9812,0.9808,0.9961,0.9786,0.0130
9,5,10,1,0.9941,0.9920,0.9942,0.9941,0.0160
9,5,10,2,0.9951,0.9914,0.9945,0.9953,0.0177
9,5,10,3,0.9937,0.9950,0.9974,0.9930,0.0071
9,5,10,4,0.9950,0.9948,0.9987,0.9944,0.0054
9,5,10,5,0.9022,0.8935,0.9873,0.8882,0.0252
9,5,10,6,0.9954,0.9936,0.9972,0.9953,0.0127
9,5,10,7,0.9944,0.9941,0.9996,0.9936,0.0067
9,5,10,8,0.9941,0.9904,0.9935,0.9943,0.0186
9,5,10,9,0.9206,0.9111,0.9942,0.9091,0.0269
9,5,10,10,0.9946,0.9911,0.9942,0.9947,0.0174
9,5,10,11,0.9865,0.9877,0.9964,0.9847,0.0094
9,5,11,0,0.7681,0.7334,0.7821,0.7348,0.0791
9,5,11,1,0.9953,0.9948,0.9967,0.9949,0.0087
9,5,11,2,0.9959,0.9942,0.9966,0.9956,0.0104
9,5,11,3,0.9527,0.9641,0.9923,0.9471,0.0303
9,5,11,4,0.9967,0.9964,0.9982,0.9962,0.0050
9,5,11,5,0.9938,0.9946,0.9979,0.9931,0.0092
9,5,11,6,0.9951,0.9922,0.9947,0.9951,0.0159
9,5,11,7,0.9920,0.9929,0.9974,0.9910,0.0062
9,5,11,8,0.2100,0.5092,0.9358,0.0696,0.0487
9,5,11,9,0.9947,0.9915,0.9938,0.9948,0.0173
9,5,11,10,0.9557,0.9653,0.9947,0.9504,0.0295
9,5,11,11,0.9547,0.9569,0.9943,0.9495,0.0316
9,6,0,0,0.7656,0.7187,0.8033,0.7417,0.0855
9,6,0,1,0.1073,0.1526,0.9624,0.0136,0.0022
9,6,0,2,0.8625,0.8352,0.9132,0.8543,0.0758
9,6,0,3,0.1384,0.1728,0.9608,0.0384,0.0171
9,6,0,4,0.3653,0.3052,0.9504,0.2688,0.0632
9,6,0,5,0.1961,0.1846,0.9578,0.1034,0.0184
9,6,0,6,0.6070,0.5720,0.7886,0.5485,0.0895
9,6,0,7,0.5669,0.5467,0.9041,0.5000,0.0897
9,6,0,8,0.6267,0.6282,0.9311,0.5728,0.0752
9,6,0,9,0.8175,0.7943,0.8983,0.8034,0.0850
9,6,0,10,0.7654,0.7092,0.8758,0.7421,0.0875
9,6,0,11,0.8001,0.7565,0.8431,0.7858,0.0892
9,6,1,0,0.6096,0.5921,0.9663,0.5532,0.0728
9,6,1,1,0.8375,0.8115,0.9591,0.8235,0.0760
9,6,1,2,0.7857,0.7637,0.9500,0.7628,0.0816
9,6,1,3,0.9032,0.8547,0.8797,0.9046,0.0722
9,6,1,4,0.9286,0.9113,0.9577,0.9279,0.0606
9,6,1,5,0.9159,0.8840,0.9779,0.9109,0.0572
9,6,1,6,0.8240,0.7682,0.9779,0.8041,0.0555
9,6,1,7,0.8948,0.8772,0.9479,0.8901,0.0673
9,6,1,8,0.9393,0.9360,0.9866,0.9370,0.0514
9,6,1,9,0.9512,0.9481,0.9929,0.9484,0.0413
9,6,1,10,0.1685,0.4917,0.8706,0.0155,0.0916
9,6,1,11,0.3274,0.2378,0.9606,0.2422,0.0324
9,6,2,0,0.7213,0.6590,0.9115,0.6862,0.0804
9,6,2,1,0.9790,0.9719,0.9920,0.9788,0.0319
9,6,2,2,0.3817,0.4042,0.9746,0.2942,0.0533
9,6,2,3,0.6609,0.6344,0.9727,0.6139,0.0703
9,6,2,4,0.8282,0.8297,0.9879,0.8086,0.0590
9,6,2,5,0.6124,0.6023,0.9433,0.5558,0.0775
9,6,2,6,0.9642,0.9694,0.9960,0.9619,0.0340
9,6,2,7,0.6511,0.6241,0.8379,0.6031,0.0945
9,6,2,8,0.5661,0.6110,0.9625,0.5032,0.0651
9,6,2,9,0.3977,0.4799,0.9187,0.3001,0.0732
9,6,2,10,0.8068,0.7613,0.8893,0.7907,0.0859
9,6,2,11,0.9822,0.9773,0.9930,0.9831,0.0349
9,6,3,0,0.9988,0.9986,0.9998,0.9987,0.0010
9,6,3,1,0.9465,0.9340,0.9939,0.9424,0.0395
9,6,3,2,0.4272,0.4245,0.9730,0.3437,0.0603
9,6,3,3,0.8741,0.8538,0.9903,0.8598,0.0408
9,6,3,4,0.9992,0.9994,1.0000,0.9991,0.0013
9,6,3,5,0.9379,0.9332,0.9631,0.9353,0.0513
9,6,3,6,0.5861,0.5913,0.8666,0.5231,0.0874
9,6,3,7,0.6119,0.5533,0.9678,0.5568,0.0664
9,6,3,8,0.5765,0.5521,0.9759,0.5180,0.0567
9,6,3,9,0.7586,0.7478,0.9776,0.7280,0.0535
9,6,3,10,0.9666,0.9577,0.9936,0.9653,0.0363
9,6,3,11,0.7723,0.7113,0.9592,0.7448,0.0687
9,6,4,0,0.7073,0.6924,0.9795,0.6692,0.0483
9,6,4,1,0.8703,0.8046,0.9863,0.8561,0.0467
9,6,4,2,0.9966,0.9966,0.9993,0.9966,0.0126
9,6,4,3,0.6929,0.6483,0.8891,0.6515,0.0677
9,6,4,4,0.9844,0.9776,0.9972,0.9837,0.0227
9,6,4,5,0.9482,0.9344,0.9956,0.9439,0.0349
9,6,4,6,0.8960,0.8899,0.9607,0.8900,0.0648
9,6,4,7,0.5116,0.4679,0.9532,0.4410,0.0593
9,6,4,8,0.9865,0.9864,0.9980,0.9860,0.0222
9,6,4,9,0.8181,0.7797,0.9768,0.7971,0.0568
9,6,4,10,0.9979,0.9971,0.9997,0.9977,0.0059
9,6,4,11,0.1883,0.2590,0.9625,0.1043,0.0030
9,6,5,0,0.9992,0.9992,0.9998,0.9991,0.0007
9,6,5,1,0.9995,0.9993,0.9997,0.9995,0.0030
9,6,5,2,0.8556,0.8239,0.9823,0.8398,0.0552
9,6,5,3,0.8818,0.8620,0.9511,0.8736,0.0678
9,6,5,4,0.8769,0.8279,0.9724,0.8663,0.0618
9,6,5,5,0.9991,0.9986,0.9999,0.9990,0.0017
9,6,5,6,0.9907,0.9890,0.9991,0.9899,0.0129
9,6,5,7,0.9060,0.8848,0.9953,0.8959,0.0348
9,6,5,8,0.9911,0.9889,0.9989,0.9906,0.0160
9,6,5,9,0.9976,0.9983,0.9998,0.9974,0.0076
9,6,5,10,0.8929,0.8497,0.9788,0.8828,0.0513
9,6,5,11,0.9739,0.9590,0.9969,0.9719,0.0254
9,6,6,0,0.7951,0.7595,0.9480,0.7709,0.0635
9,6,6,1,0.9868,0.9817,0.9977,0.9858,0.0176
9,6,6,2,0.9910,0.9910,0.9986,0.9906,0.0177
9,6,6,3,0.9546,0.9521,0.9920,0.9515,0.0383
9,6,6,4,0.9414,0.9266,0.9664,0.9405,0.0534
9,6,6,5,0.9796,0.9770,0.9955,0.9794,0.0311
9,6,6,6,0.9943,0.9907,0.9991,0.9940,0.0138
9,6,6,7,0.8485,0.8041,0.9396,0.8354,0.0683
9,6,6,8,0.9096,0.8752,0.9820,0.9020,0.0521
9,6,6,9,0.9995,0.9994,0.9998,0.9995,0.0029
9,6,6,10,0.9993,0.9994,0.9998,0.9993,0.0012
9,6,6,11,0.9632,0.9578,0.9923,0.9620,0.0400
9,6,7,0,0.9202,0.9271,0.9941,0.9119,0.0373
9,6,7,1,0.9870,0.9850,0.9993,0.9858,0.0146
9,6,7,2,0.9995,0.9994,0.9997,0.9995,0.0030
9,6,7,3,0.9397,0.9200,0.9670,0.9382,0.0530
9,6,7,4,0.9272,0.8999,0.9926,0.9197,0.0365
9,6,7,5,0.9771,0.9766,0.9959,0.9764,0.0303
9,6,7,6,0.9921,0.9926,0.9987,0.9918,0.0165
9,6,7,7,0.9976,0.9970,0.9998,0.9974,0.0047
9,6,7,8,0.9019,0.8699,0.9790,0.8928,0.0462
9,6,7,9,0.9787,0.9703,0.9927,0.9781,0.0295
9,6,7,10,0.9987,0.9982,0.9998,0.9986,0.0021
9,6,7,11,0.9997,0.9996,0.9999,0.9997,0.0012
9,6,8,0,0.9958,0.9966,0.9993,0.9958,0.0127
9,6,8,1,0.9978,0.9966,0.9997,0.9975,0.0030
9,6,8,2,0.9646,0.9626,0.9903,0.9631,0.0376
9,6,8,3,0.9887,0.9827,0.9969,0.9880,0.0177
9,6,8,4,0.9507,0.9396,0.9960,0.9463,0.0342
9,6,8,5,0.8440,0.8296,0.9595,0.8282,0.0652
9,6,8,6,0.9921,0.9935,0.9993,0.9915,0.0127
9,6,8,7,0.8266,0.8405,0.9880,0.8059,0.0375
9,6,8,8,0.8901,0.8653,0.9781,0.8805,0.0554
9,6,8,9,0.9588,0.9529,0.9815,0.9579,0.0438
9,6,8,10,0.9801,0.9736,0.9897,0.9803,0.0340
9,6,8,11,0.9951,0.9931,0.9955,0.9950,0.0152
9,6,9,0,0.9190,0.8913,0.9560,0.9105,0.0369
9,6,9,1,0.9994,0.9995,0.9998,0.9994,0.0012
9,6,9,2,0.9400,0.9145,0.9760,0.9348,0.0400
9,6,9,3,0.9072,0.9006,0.9837,0.8994,0.0517
9,6,9,4,0.9949,0.9957,0.9998,0.9945,0.0066
9,6,9,5,0.9947,0.9916,0.9947,0.9949,0.0176
9,6,9,6,1.0000,1.0000,1.0000,1.0000,0.0000
9,6,9,7,0.9799,0.9749,0.9949,0.9788,0.0264
9,6,9,8,0.9904,0.9870,0.9907,0.9900,0.0186
9,6,9,9,0.9998,0.9998,0.9999,0.9998,0.0020
9,6,9,10,0.9149,0.8881,0.9910,0.9063,0.0433
9,6,9,11,0.9997,0.9996,0.9999,0.9996,0.0025
9,6,10,0,0.9749,0.9688,0.9828,0.9733,0.0279
9,6,10,1,0.9991,0.9989,0.9999,0.9991,0.0021
9,6,10,2,0.9998,0.9998,1.0000,0.9997,0.0009
9,6,10,3,0.9953,0.9952,0.9991,0.9951,0.0121
9,6,10,4,0.9949,0.9959,0.9984,0.9947,0.0130
9,6,10,5,0.8954,0.8716,0.9924,0.8837,0.0359
9,6,10,6,0.9993,0.9992,0.9996,0.9993,0.0049
9,6,10,7,0.9903,0.9855,0.9920,0.9900,0.0206
9,6,10,8,0.9997,0.9996,0.9999,0.9997,0.0010
9,6,10,9,0.9091,0.8814,0.9893,0.8999,0.0429
9,6,10,10,0.9998,0.9998,1.0000,0.9998,0.0007
9,6,10,11,0.9835,0.9836,0.9990,0.9821,0.0192
9,6,11,0,0.7167,0.6576,0.7211,0.6855,0.0967
9,6,11,1,0.9971,0.9972,0.9994,0.9971,0.0102
9,6,11,2,0.9987,0.9987,0.9996,0.9987,0.0072
9,6,11,3,0.9411,0.9421,0.9767,0.9380,0.0479
9,6,11,4,0.9937,0.9918,0.9963,0.9941,0.0215
9,6,11,5,0.9965,0.9969,0.9992,0.9963,0.0100
9,6,11,6,0.9998,0.9998,0.9999,0.9998,0.0020
9,6,11,7,0.9915,0.9907,0.9984,0.9912,0.0177
9,6,11,8,0.1449,0.4401,0.9309,0.0113,0.0655
9,6,11,9,0.9998,0.9997,0.9999,0.9998,0.0013
9,6,11,10,0.9426,0.9418,0.9831,0.9395,0.0471
9,6,11,11,0.9386,0.9304,0.9826,0.9353,0.0492
9,7,0,0,0.8338,0.8173,0.8580,0.8095,0.0592
9,7,0,1,0.1441,0.2216,0.9543,0.0382,0.0283
9,7,0,2,0.9098,0.9109,0.9481,0.8995,0.0495
9,7,0,3,0.1798,0.2471,0.9568,0.0674,0.0164
9,7,0,4,0.4360,0.3997,0.9644,0.3324,0.0369
9,7,0,5,0.2283,0.2567,0.9506,0.1232,0.0172
9,7,0,6,0.6922,0.6806,0.8457,0.6335,0.0631
9,7,0,7,0.6497,0.6520,0.9408,0.5813,0.0634
9,7,0,8,0.6929,0.7335,0.9600,0.6358,0.0488
9,7,0,9,0.8847,0.8797,0.9364,0.8713,0.0586
9,7,0,10,0.8280,0.7995,0.9157,0.8027,0.0611
9,7,0,11,0.8661,0.8443,0.8907,0.8513,0.0628
9,7,1,0,0.6895,0.7006,0.9820,0.6327,0.0467
9,7,1,1,0.8974,0.8917,0.9792,0.8837,0.0496
9,7,1,2,0.8569,0.8546,0.9710,0.8352,0.0558
9,7,1,3,0.9227,0.8855,0.9219,0.9164,0.0458
9,7,1,4,0.9707,0.9633,0.9813,0.9696,0.0345
9,7,1,5,0.9421,0.9375,0.9901,0.9343,0.0308
9,7,1,6,0.8754,0.8533,0.9928,0.8553,0.0291
9,7,1,7,0.9440,0.9413,0.9740,0.9390,0.0409
9,7,1,8,0.9699,0.9744,0.9950,0.9666,0.0251
9,7,1,9,0.9755,0.9799,0.9952,0.9721,0.0155
9,7,1,10,0.2446,0.5759,0.9059,0.0794,0.0657
9,7,1,11,0.3650,0.3124,0.9574,0.2694,0.0131
9,7,2,0,0.7750,0.7515,0.9436,0.7356,0.0540
9,7,2,1,0.9852,0.9860,0.9994,0.9830,0.0076
9,7,2,2,0.4480,0.5016,0.9815,0.3540,0.0279
9,7,2,3,0.7223,0.7303,0.9831,0.6724,0.0445
9,7,2,4,0.8576,0.8847,0.9903,0.8343,0.0327
9,7,2,5,0.6885,0.7030,0.9696,0.6304,0.0512
9,7,2,6,0.9794,0.9836,0.9965,0.9763,0.0115
9,7,2,7,0.7346,0.7244,0.8876,0.6870,0.0681
9,7,2,8,0.6269,0.7001,0.9829,0.5593,0.0387
9,7,2,9,0.4806,0.5830,0.9524,0.3781,0.0468
9,7,2,10,0.8782,0.8533,0.9299,0.8635,0.0596
9,7,2,11,0.9875,0.9858,0.9988,0.9858,0.0140
9,7,3,0,0.9743,0.9716,0.9937,0.9725,0.0253
9,7,3,1,0.9719,0.9714,0.9958,0.9677,0.0131
9,7,3,2,0.4836,0.5211,0.9834,0.3921,0.0342
9,7,3,3,0.8859,0.8910,0.9898,0.8682,0.0199
9,7,3,4,0.9773,0.9744,0.9948,0.9758,0.0251
9,7,3,5,0.9673,0.9681,0.9849,0.9634,0.0249
9,7,3,6,0.6754,0.7031,0.9110,0.6129,0.0610
9,7,3,7,0.6805,0.6405,0.9832,0.6234,0.0403
9,7,3,8,0.6279,0.6409,0.9784,0.5644,0.0327
9,7,3,9,0.7904,0.8159,0.9799,0.7556,0.0293
9,7,3,10,0.9751,0.9747,0.9951,0.9714,0.0134
9,7,3,11,0.8157,0.7827,0.9754,0.7844,0.0424
9,7,4,0,0.7257,0.7599,0.9801,0.6802,0.0256
9,7,4,1,0.8789,0.8566,0.9899,0.8595,0.0237
9,7,4,2,0.9834,0.9804,0.9974,0.9814,0.0143
9,7,4,3,0.7396,0.7199,0.9241,0.6933,0.0413
9,7,4,4,0.9764,0.9788,0.9988,0.9730,0.0087
9,7,4,5,0.9528,0.9561,0.9975,0.9455,0.0093
9,7,4,6,0.9456,0.9474,0.9833,0.9398,0.0384
9,7,4,7,0.5667,0.5492,0.9698,0.4896,0.0337
9,7,4,8,0.9910,0.9895,0.9974,0.9897,0.0076
9,7,4,9,0.8688,0.8496,0.9914,0.8475,0.0307
9,7,4,10,0.9797,0.9747,0.9971,0.9778,0.0205
9,7,4,11,0.2472,0.3434,0.9507,0.1556,0.0294
9,7,5,0,0.9751,0.9706,0.9934,0.9735,0.0260
9,7,5,1,0.9743,0.9670,0.9923,0.9733,0.0294
9,7,5,2,0.8904,0.8731,0.9918,0.8729,0.0299
9,7,5,3,0.9211,0.9180,0.9763,0.9108,0.0415
9,7,5,4,0.9202,0.8941,0.9891,0.9087,0.0357
9,7,5,5,0.9808,0.9767,0.9943,0.9797,0.0247
9,7,5,6,0.9725,0.9750,0.9947,0.9693,0.0148
9,7,5,7,0.9277,0.9212,0.9955,0.9166,0.0150
9,7,5,8,0.9877,0.9888,0.9977,0.9862,0.0117
9,7,5,9,0.9832,0.9783,0.9964,0.9816,0.0188
9,7,5,10,0.9247,0.8942,0.9929,0.9131,0.0249
9,7,5,11,0.9732,0.9673,0.9947,0.9692,0.0130
9,7,6,0,0.8406,0.8333,0.9733,0.8141,0.0374
9,7,6,1,0.9884,0.9909,0.9991,0.9870,0.0098
9,7,6,2,0.9873,0.9887,0.9986,0.9856,0.0100
9,7,6,3,0.9834,0.9834,0.9978,0.9811,0.0122
9,7,6,4,0.9553,0.9511,0.9864,0.9499,0.0270
9,7,6,5,0.9912,0.9888,0.9983,0.9899,0.0076
9,7,6,6,0.9827,0.9803,0.9967,0.9807,0.0136
9,7,6,7,0.9142,0.8858,0.9688,0.9031,0.0420
9,7,6,8,0.9130,0.8939,0.9951,0.8994,0.0257
9,7,6,9,0.9747,0.9677,0.9927,0.9736,0.0293
9,7,6,10,0.9808,0.9743,0.9937,0.9798,0.0257
9,7,6,11,0.9635,0.9723,0.9989,0.9580,0.0147
9,7,7,0,0.8983,0.9229,0.9976,0.8826,0.0172
9,7,7,1,0.9860,0.9849,0.9965,0.9846,0.0129
9,7,7,2,0.9746,0.9675,0.9926,0.9736,0.0294
9,7,7,3,0.9577,0.9572,0.9873,0.9526,0.0266
9,7,7,4,0.9362,0.9445,0.9931,0.9265,0.0156
9,7,7,5,0.9779,0.9843,0.9991,0.9746,0.0068
9,7,7,6,0.9889,0.9838,0.9982,0.9876,0.0109
9,7,7,7,0.9852,0.9825,0.9953,0.9843,0.0219
9,7,7,8,0.9359,0.9341,0.9929,0.9261,0.0198
9,7,7,9,0.9815,0.9860,0.9997,0.9787,0.0068
9,7,7,10,0.9817,0.9786,0.9939,0.9808,0.0253
9,7,7,11,0.9778,0.9722,0.9941,0.9765,0.0262
9,7,8,0,0.9819,0.9795,0.9976,0.9798,0.0142
9,7,8,1,0.9818,0.9792,0.9936,0.9809,0.0252
9,7,8,2,0.9877,0.9881,0.9959,0.9860,0.0118
9,7,8,3,0.9917,0.9935,0.9992,0.9907,0.0092
9,7,8,4,0.9397,0.9640,0.9975,0.9305,0.0121
9,7,8,5,0.8862,0.9034,0.9825,0.8684,0.0388
9,7,8,6,0.9869,0.9847,0.9974,0.9856,0.0139
9,7,8,7,0.7983,0.8514,0.9885,0.7670,0.0172
9,7,8,8,0.9425,0.9406,0.9927,0.9344,0.0290
9,7,8,9,0.9819,0.9812,0.9957,0.9799,0.0174
9,7,8,10,0.9882,0.9897,0.9990,0.9866,0.0102
9,7,8,11,0.9840,0.9809,0.9990,0.9820,0.0119
9,7,9,0,0.9377,0.9323,0.9754,0.9281,0.0171
9,7,9,1,0.9789,0.9726,0.9932,0.9778,0.0265
9,7,9,2,0.9745,0.9646,0.9912,0.9707,0.0168
9,7,9,3,0.9126,0.9323,0.9943,0.8989,0.0256
9,7,9,4,0.9874,0.9842,0.9965,0.9868,0.0201
9,7,9,5,0.9841,0.9844,0.9994,0.9819,0.0117
9,7,9,6,0.9799,0.9749,0.9949,0.9788,0.0264
9,7,9,7,1.0000,1.0000,1.0000,1.0000,0.0000
9,7,9,8,0.9772,0.9714,0.9973,0.9741,0.0117
9,7,9,9,0.9776,0.9711,0.9936,0.9767,0.0283
9,7,9,10,0.9196,0.9359,0.9917,0.9071,0.0206
9,7,9,11,0.9761,0.9694,0.9933,0.9749,0.0289
9,7,10,0,0.9879,0.9866,0.9942,0.9861,0.0089
9,7,10,1,0.9837,0.9797,0.9947,0.9829,0.0248
9,7,10,2,0.9786,0.9735,0.9948,0.9774,0.0265
9,7,10,3,0.9871,0.9844,0.9979,0.9857,0.0143
9,7,10,4,0.9804,0.9780,0.9986,0.9780,0.0139
9,7,10,5,0.9019,0.9242,0.9904,0.8871,0.0190
9,7,10,6,0.9828,0.9783,0.9970,0.9816,0.0215
9,7,10,7,0.9892,0.9884,0.9983,0.9877,0.0108
9,7,10,8,0.9768,0.9708,0.9939,0.9756,0.0274
9,7,10,9,0.9227,0.9359,0.9961,0.9106,0.0178
9,7,10,10,0.9790,0.9729,0.9945,0.9779,0.0262
9,7,10,11,0.9743,0.9807,0.9974,0.9709,0.0112
9,7,11,0,0.7804,0.7513,0.7858,0.7456,0.0703
9,7,11,1,0.9886,0.9851,0.9974,0.9875,0.0164
9,7,11,2,0.9842,0.9801,0.9970,0.9829,0.0194
9,7,11,3,0.9633,0.9742,0.9929,0.9583,0.0215
9,7,11,4,0.9850,0.9833,0.9991,0.9828,0.0114
9,7,11,5,0.9858,0.9824,0.9979,0.9845,0.0164
9,7,11,6,0.9818,0.9762,0.9951,0.9807,0.0247
9,7,11,7,0.9928,0.9911,0.9984,0.9920,0.0092
9,7,11,8,0.2119,0.5287,0.9434,0.0656,0.0396
9,7,11,9,0.9801,0.9743,0.9943,0.9790,0.0261
9,7,11,10,0.9585,0.9744,0.9961,0.9526,0.0207
9,7,11,11,0.9668,0.9705,0.9960,0.9624,0.0228
9,8,0,0,0.8009,0.7826,0.8624,0.7735,0.0669
9,8,0,1,0.1292,0.1916,0.9371,0.0266,0.0206
9,8,0,2,0.8806,0.8661,0.9455,0.8674,0.0572
9,8,0,3,0.1650,0.2172,0.9398,0.0561,0.0136
9,8,0,4,0.3956,0.3581,0.9502,0.2905,0.0446
9,8,0,5,0.2138,0.2243,0.9325,0.1119,0.0144
9,8,0,6,0.6706,0.6536,0.8502,0.6127,0.0708
9,8,0,7,0.6040,0.6013,0.9348,0.5312,0.0714
9,8,0,8,0.6552,0.6764,0.9525,0.5952,0.0565
9,8,0,9,0.8405,0.8268,0.9325,0.8211,0.0666
9,8,0,10,0.7839,0.7469,0.9077,0.7529,0.0689
9,8,0,11,0.8214,0.7964,0.8881,0.8003,0.0706
9,8,1,0,0.6221,0.6179,0.9701,0.5566,0.0547
9,8,1,1,0.8449,0.8256,0.9693,0.8236,0.0576
9,8,1,2,0.7944,0.7793,0.9585,0.7634,0.0638
9,8,1,3,0.9243,0.8955,0.9253,0.9217,0.0535
9,8,1,4,0.9382,0.9245,0.9777,0.9331,0.0443
9,8,1,5,0.9138,0.8930,0.9808,0.9030,0.0386
9,8,1,6,0.8265,0.7914,0.9881,0.8002,0.0369
9,8,1,7,0.9054,0.8950,0.9699,0.8955,0.0492
9,8,1,8,0.9398,0.9370,0.9863,0.9328,0.0333
9,8,1,9,0.9470,0.9426,0.9855,0.9401,0.0240
9,8,1,10,0.2417,0.5451,0.8998,0.0849,0.0737
9,8,1,11,0.3435,0.2785,0.9392,0.2495,0.0140
9,8,2,0,0.7510,0.7150,0.9355,0.7110,0.0618
9,8,2,1,0.9730,0.9743,0.9959,0.9696,0.0156
9,8,2,2,0.4236,0.4603,0.9676,0.3307,0.0352
9,8,2,3,0.6729,0.6563,0.9691,0.6176,0.0525
9,8,2,4,0.8329,0.8439,0.9786,0.8077,0.0407
9,8,2,5,0.6431,0.6466,0.9615,0.5805,0.0592
9,8,2,6,0.9625,0.9655,0.9884,0.9575,0.0188
9,8,2,7,0.6811,0.6690,0.8842,0.6258,0.0758
9,8,2,8,0.5945,0.6679,0.9766,0.5255,0.0464
9,8,2,9,0.4719,0.5491,0.9514,0.3740,0.0546
9,8,2,10,0.8272,0.7925,0.9260,0.8050,0.0673
9,8,2,11,0.9814,0.9765,0.9929,0.9795,0.0202
9,8,3,0,0.9876,0.9856,0.9882,0.9868,0.0176
9,8,3,1,0.9411,0.9317,0.9865,0.9331,0.0211
9,8,3,2,0.4588,0.4764,0.9705,0.3683,0.0417
9,8,3,3,0.8874,0.8761,0.9789,0.8712,0.0227
9,8,3,4,0.9895,0.9877,0.9901,0.9888,0.0173
9,8,3,5,0.9488,0.9551,0.9872,0.9434,0.0327
9,8,3,6,0.6347,0.6500,0.9094,0.5686,0.0687
9,8,3,7,0.6643,0.6103,0.9743,0.6083,0.0478
9,8,3,8,0.6018,0.5996,0.9618,0.5379,0.0388
9,8,3,9,0.7700,0.7796,0.9673,0.7345,0.0352
9,8,3,10,0.9613,0.9526,0.9853,0.9564,0.0182
9,8,3,11,0.7940,0.7565,0.9647,0.7619,0.0504
9,8,4,0,0.7133,0.7230,0.9649,0.6688,0.0304
9,8,4,1,0.8817,0.8325,0.9791,0.8645,0.0289
9,8,4,2,0.9909,0.9891,0.9929,0.9898,0.0087
9,8,4,3,0.7602,0.7290,0.9327,0.7218,0.0491
9,8,4,4,0.9827,0.9798,0.9936,0.9803,0.0056
9,8,4,5,0.9438,0.9381,0.9899,0.9360,0.0168
9,8,4,6,0.9117,0.9106,0.9801,0.9020,0.0462
9,8,4,7,0.5296,0.5008,0.9562,0.4506,0.0407
9,8,4,8,0.9827,0.9797,0.9910,0.9804,0.0104
9,8,4,9,0.8356,0.8149,0.9857,0.8109,0.0387
9,8,4,10,0.9917,0.9909,0.9936,0.9909,0.0127
9,8,4,11,0.2327,0.3008,0.9320,0.1438,0.0216
9,8,5,0,0.9893,0.9859,0.9880,0.9887,0.0182
9,8,5,1,0.9885,0.9835,0.9870,0.9884,0.0216
9,8,5,2,0.8767,0.8615,0.9843,0.8588,0.0371
9,8,5,3,0.9062,0.8975,0.9747,0.8956,0.0495
9,8,5,4,0.8878,0.8479,0.9817,0.8728,0.0434
9,8,5,5,0.9901,0.9858,0.9892,0.9896,0.0169
9,8,5,6,0.9852,0.9821,0.9880,0.9833,0.0066
9,8,5,7,0.9123,0.8968,0.9870,0.8998,0.0172
9,8,5,8,0.9844,0.9833,0.9922,0.9824,0.0063
9,8,5,9,0.9919,0.9892,0.9918,0.9911,0.0110
9,8,5,10,0.9123,0.8792,0.9887,0.9004,0.0327
9,8,5,11,0.9683,0.9542,0.9861,0.9639,0.0081
9,8,6,0,0.8243,0.8054,0.9725,0.7978,0.0449
9,8,6,1,0.9798,0.9781,0.9960,0.9771,0.0066
9,8,6,2,0.9856,0.9842,0.9942,0.9836,0.0083
9,8,6,3,0.9517,0.9526,0.9918,0.9452,0.0218
9,8,6,4,0.9588,0.9539,0.9852,0.9559,0.0348
9,8,6,5,0.9777,0.9735,0.9917,0.9749,0.0156
9,8,6,6,0.9871,0.9813,0.9911,0.9854,0.0049
9,8,6,7,0.8707,0.8360,0.9661,0.8540,0.0497
9,8,6,8,0.9323,0.9155,0.9921,0.9237,0.0337
9,8,6,9,0.9892,0.9843,0.9876,0.9890,0.0215
9,8,6,10,0.9897,0.9855,0.9881,0.9890,0.0180
9,8,6,11,0.9671,0.9659,0.9935,0.9633,0.0216
9,8,7,0,0.9332,0.9497,0.9914,0.9238,0.0192
9,8,7,1,0.9802,0.9758,0.9907,0.9776,0.0096
9,8,7,2,0.9889,0.9840,0.9873,0.9887,0.0216
9,8,7,3,0.9570,0.9490,0.9855,0.9535,0.0346
9,8,7,4,0.9110,0.9032,0.9826,0.8983,0.0194
9,8,7,5,0.9774,0.9798,0.9938,0.9745,0.0130
9,8,7,6,0.9887,0.9881,0.9937,0.9872,0.0087
9,8,7,7,0.9880,0.9855,0.9902,0.9869,0.0142
9,8,7,8,0.9118,0.8920,0.9882,0.8996,0.0278
9,8,7,9,0.9798,0.9764,0.9973,0.9773,0.0117
9,8,7,10,0.9884,0.9840,0.9884,0.9877,0.0176
9,8,7,11,0.9903,0.9868,0.9889,0.9898,0.0185
9,8,8,0,0.9919,0.9900,0.9930,0.9909,0.0077
9,8,8,1,0.9861,0.9814,0.9878,0.9851,0.0174
9,8,8,2,0.9660,0.9648,0.9891,0.9617,0.0222
9,8,8,3,0.9814,0.9774,0.9960,0.9789,0.0083
9,8,8,4,0.9436,0.9456,0.9902,0.9357,0.0159
9,8,8,5,0.8584,0.8552,0.9788,0.8382,0.0466
9,8,8,6,0.9874,0.9878,0.9931,0.9858,0.0085
9,8,8,7,0.8381,0.8756,0.9771,0.8147,0.0199
9,8,8,8,0.9038,0.8800,0.9868,0.8909,0.0367
9,8,8,9,0.9745,0.9716,0.9947,0.9724,0.0260
9,8,8,10,0.9824,0.9787,0.9972,0.9805,0.0172
9,8,8,11,0.9971,0.9969,0.9990,0.9967,0.0045
9,8,9,0,0.9391,0.9218,0.9862,0.9305,0.0182
9,8,9,1,0.9892,0.9853,0.9877,0.9886,0.0188
9,8,9,2,0.9556,0.9344,0.9950,0.9497,0.0214
9,8,9,3,0.9222,0.9248,0.9866,0.9120,0.0331
9,8,9,4,0.9867,0.9849,0.9929,0.9854,0.0134
9,8,9,5,0.9943,0.9932,0.9989,0.9935,0.0058
9,8,9,6,0.9904,0.9870,0.9907,0.9900,0.0186
9,8,9,7,0.9772,0.9714,0.9973,0.9741,0.0117
9,8,9,8,1.0000,1.0000,1.0000,1.0000,0.0000
9,8,9,9,0.9897,0.9854,0.9887,0.9894,0.0206
9,8,9,10,0.9041,0.8908,0.9804,0.8904,0.0252
9,8,9,11,0.9898,0.9851,0.9883,0.9895,0.0211
9,8,10,0,0.9840,0.9793,0.9987,0.9819,0.0096
9,8,10,1,0.9892,0.9857,0.9897,0.9885,0.0171
9,8,10,2,0.9908,0.9871,0.9903,0.9904,0.0188
9,8,10,3,0.9901,0.9895,0.9940,0.9889,0.0076
9,8,10,4,0.9950,0.9939,0.9966,0.9944,0.0056
9,8,10,5,0.8789,0.8793,0.9801,0.8617,0.0213
9,8,10,6,0.9933,0.9905,0.9943,0.9928,0.0138
9,8,10,7,0.9902,0.9880,0.9996,0.9888,0.0043
9,8,10,8,0.9905,0.9867,0.9891,0.9901,0.0197
9,8,10,9,0.8977,0.8932,0.9896,0.8829,0.0243
9,8,10,10,0.9911,0.9869,0.9899,0.9907,0.0185
9,8,10,11,0.9814,0.9812,0.9923,0.9789,0.0052
9,8,11,0,0.7647,0.7319,0.7929,0.7316,0.0781
9,8,11,1,0.9920,0.9889,0.9929,0.9910,0.0100
9,8,11,2,0.9931,0.9904,0.9932,0.9925,0.0114
9,8,11,3,0.9566,0.9625,0.9936,0.9518,0.0293
9,8,11,4,0.9926,0.9919,0.9954,0.9917,0.0089
9,8,11,5,0.9918,0.9909,0.9949,0.9909,0.0094
9,8,11,6,0.9911,0.9872,0.9904,0.9905,0.0169
9,8,11,7,0.9868,0.9856,0.9938,0.9850,0.0064
9,8,11,8,0.2062,0.4996,0.9284,0.0665,0.0476
9,8,11,9,0.9907,0.9869,0.9892,0.9902,0.0184
9,8,11,10,0.9498,0.9566,0.9935,0.9438,0.0285
9,8,11,11,0.9533,0.9464,0.9922,0.9481,0.0306
9,9,0,0,0.7593,0.7084,0.7965,0.7356,0.0875
9,9,0,1,0.1048,0.1484,0.9642,0.0123,0.0008
9,9,0,2,0.8592,0.8279,0.9090,0.8515,0.0778
9,9,0,3,0.1355,0.1683,0.9621,0.0366,0.0190
9,9,0,4,0.3608,0.2989,0.9496,0.2654,0.0652
9,9,0,5,0.1934,0.1802,0.9596,0.1018,0.0198
9,9,0,6,0.5989,0.5612,0.7814,0.5404,0.0914
9,9,0,7,0.5620,0.5390,0.9000,0.4959,0.0917
9,9,0,8,0.6228,0.6197,0.9280,0.5698,0.0771
9,9,0,9,0.8130,0.7870,0.8939,0.7993,0.0870
9,9,0,10,0.7612,0.7019,0.8717,0.7385,0.0895
9,9,0,11,0.7952,0.7487,0.8377,0.7814,0.0912
9,9,1,0,0.6050,0.5847,0.9649,0.5492,0.0748
9,9,1,1,0.8334,0.8057,0.9569,0.8197,0.0779
9,9,1,2,0.7819,0.7574,0.9481,0.7595,0.0836
9,9,1,3,0.8999,0.8496,0.8742,0.9018,0.0741
9,9,1,4,0.9254,0.9064,0.9546,0.9250,0.0626
9,9,1,5,0.9140,0.8798,0.9766,0.9096,0.0592
9,9,1,6,0.8193,0.7611,0.9758,0.7996,0.0575
9,9,1,7,0.8912,0.8712,0.9446,0.8869,0.0693
9,9,1,8,0.9372,0.9326,0.9855,0.9352,0.0534
9,9,1,9,0.9497,0.9449,0.9926,0.9471,0.0433
9,9,1,10,0.1611,0.4831,0.8671,0.0092,0.0935
9,9,1,11,0.3244,0.2333,0.9620,0.2402,0.0344
9,9,2,0,0.7168,0.6508,0.9082,0.6822,0.0824
9,9,2,1,0.9774,0.9690,0.9906,0.9775,0.0338
9,9,2,2,0.3774,0.3969,0.9744,0.2908,0.0552
9,9,2,3,0.6574,0.6279,0.9721,0.6111,0.0723
9,9,2,4,0.8245,0.8247,0.9879,0.8052,0.0610
9,9,2,5,0.6075,0.5945,0.9403,0.5516,0.0795
9,9,2,6,0.9631,0.9676,0.9957,0.9611,0.0359
9,9,2,7,0.6456,0.6162,0.8321,0.5983,0.0964
9,9,2,8,0.5616,0.6027,0.9601,0.4995,0.0670
9,9,2,9,0.3909,0.4704,0.9144,0.2939,0.0752
9,9,2,10,0.8017,0.7541,0.8845,0.7860,0.0879
9,9,2,11,0.9807,0.9752,0.9919,0.9819,0.0369
9,9,3,0,0.9990,0.9988,1.0000,0.9989,0.0030
9,9,3,1,0.9447,0.9307,0.9936,0.9408,0.0415
9,9,3,2,0.4233,0.4180,0.9722,0.3407,0.0623
9,9,3,3,0.8716,0.8496,0.9905,0.8575,0.0428
9,9,3,4,0.9992,0.9992,0.9999,0.9992,0.0033
9,9,3,5,0.9364,0.9287,0.9597,0.9342,0.0533
9,9,3,6,0.5796,0.5826,0.8614,0.5171,0.0893
9,9,3,7,0.6069,0.5452,0.9663,0.5524,0.0683
9,9,3,8,0.5738,0.5449,0.9763,0.5162,0.0586
9,9,3,9,0.7548,0.7417,0.9778,0.7246,0.0555
9,9,3,10,0.9654,0.9557,0.9934,0.9643,0.0383
9,9,3,11,0.7697,0.7057,0.9577,0.7429,0.0707
9,9,4,0,0.7035,0.6861,0.9801,0.6658,0.0502
9,9,4,1,0.8681,0.8000,0.9861,0.8543,0.0487
9,9,4,2,0.9964,0.9960,0.9989,0.9965,0.0146
9,9,4,3,0.6890,0.6387,0.8840,0.6483,0.0697
9,9,4,4,0.9841,0.9760,0.9965,0.9836,0.0247
9,9,4,5,0.9472,0.9320,0.9951,0.9432,0.0369
9,9,4,6,0.8929,0.8842,0.9576,0.8873,0.0668
9,9,4,7,0.5083,0.4625,0.9518,0.4386,0.0613
9,9,4,8,0.9859,0.9850,0.9977,0.9856,0.0241
9,9,4,9,0.8155,0.7734,0.9749,0.7951,0.0588
9,9,4,10,0.9980,0.9968,0.9992,0.9980,0.0079
9,9,4,11,0.1848,0.2530,0.9648,0.1017,0.0010
9,9,5,0,0.9993,0.9994,1.0000,0.9993,0.0024
9,9,5,1,0.9998,0.9998,0.9999,0.9998,0.0010
9,9,5,2,0.8523,0.8179,0.9811,0.8369,0.0572
9,9,5,3,0.8783,0.8558,0.9478,0.8705,0.0698
9,9,5,4,0.8729,0.8222,0.9703,0.8625,0.0638
9,9,5,5,0.9989,0.9983,1.0000,0.9988,0.0037
9,9,5,6,0.9905,0.9883,0.9992,0.9899,0.0148
9,9,5,7,0.9035,0.8805,0.9951,0.8935,0.0367
9,9,5,8,0.9898,0.9872,0.9985,0.9893,0.0180
9,9,5,9,0.9974,0.9978,0.9996,0.9974,0.0096
9,9,5,10,0.8912,0.8447,0.9768,0.8816,0.0533
9,9,5,11,0.9729,0.9570,0.9969,0.9710,0.0274
9,9,6,0,0.7912,0.7511,0.9445,0.7674,0.0655
9,9,6,1,0.9847,0.9787,0.9969,0.9837,0.0195
9,9,6,2,0.9907,0.9894,0.9979,0.9905,0.0197
9,9,6,3,0.9527,0.9487,0.9911,0.9498,0.0403
9,9,6,4,0.9395,0.9229,0.9635,0.9391,0.0554
9,9,6,5,0.9784,0.9750,0.9948,0.9784,0.0331
9,9,6,6,0.9938,0.9900,0.9989,0.9937,0.0157
9,9,6,7,0.8438,0.7972,0.9358,0.8309,0.0703
9,9,6,8,0.9070,0.8709,0.9800,0.8997,0.0540
9,9,6,9,0.9998,0.9998,1.0000,0.9998,0.0009
9,9,6,10,0.9995,0.9995,0.9999,0.9995,0.0026
9,9,6,11,0.9616,0.9553,0.9911,0.9607,0.0420
9,9,7,0,0.9194,0.9251,0.9933,0.9115,0.0392
9,9,7,1,0.9864,0.9837,0.9991,0.9853,0.0165
9,9,7,2,0.9998,0.9998,1.0000,0.9998,0.0010
9,9,7,3,0.9361,0.9147,0.9641,0.9346,0.0550
9,9,7,4,0.9242,0.8960,0.9926,0.9168,0.0384
9,9,7,5,0.9768,0.9742,0.9951,0.9764,0.0323
9,9,7,6,0.9916,0.9916,0.9982,0.9914,0.0185
9,9,7,7,0.9971,0.9962,0.9997,0.9969,0.0064
9,9,7,8,0.8981,0.8632,0.9771,0.8891,0.0481
9,9,7,9,0.9767,0.9672,0.9912,0.9762,0.0315
9,9,7,10,0.9983,0.9977,0.9999,0.9981,0.0030
9,9,7,11,0.9997,0.9997,1.0000,0.9997,0.0021
9,9,8,0,0.9957,0.9959,0.9989,0.9958,0.0147
9,9,8,1,0.9972,0.9959,0.9999,0.9970,0.0031
9,9,8,2,0.9633,0.9592,0.9894,0.9621,0.0396
9,9,8,3,0.9868,0.9797,0.9960,0.9861,0.0197
9,9,8,4,0.9496,0.9367,0.9955,0.9454,0.0362
9,9,8,5,0.8404,0.8231,0.9565,0.8251,0.0672
9,9,8,6,0.9913,0.9924,0.9989,0.9908,0.0147
9,9,8,7,0.8249,0.8368,0.9882,0.8045,0.0395
9,9,8,8,0.8860,0.8583,0.9762,0.8765,0.0573
9,9,8,9,0.9568,0.9489,0.9792,0.9561,0.0458
9,9,8,10,0.9781,0.9704,0.9879,0.9785,0.0359
9,9,8,11,0.9942,0.9915,0.9941,0.9942,0.0172
9,9,9,0,0.9157,0.8848,0.9520,0.9073,0.0388
9,9,9,1,0.9996,0.9997,1.0000,0.9996,0.0018
9,9,9,2,0.9361,0.9084,0.9731,0.9309,0.0420
9,9,9,3,0.9049,0.8966,0.9824,0.8974,0.0537
9,9,9,4,0.9944,0.9947,0.9995,0.9939,0.0085
9,9,9,5,0.9937,0.9899,0.9932,0.9940,0.0195
9,9,9,6,0.9998,0.9998,0.9999,0.9998,0.0020
9,9,9,7,0.9776,0.9711,0.9936,0.9767,0.0283
9,9,9,8,0.9897,0.9854,0.9887,0.9894,0.0206
9,9,9,9,1.0000,1.0000,1.0000,1.0000,0.0000
9,9,9,10,0.9133,0.8841,0.9911,0.9050,0.0453
9,9,9,11,0.9999,0.9999,1.0000,0.9998,0.0005
9,9,10,0,0.9725,0.9646,0.9801,0.9709,0.0299
9,9,10,1,0.9989,0.9985,0.9999,0.9988,0.0035
9,9,10,2,0.9998,0.9997,0.9999,0.9998,0.0018
9,9,10,3,0.9948,0.9942,0.9986,0.9947,0.0140
9,9,10,4,0.9945,0.9948,0.9975,0.9945,0.0150
9,9,10,5,0.8938,0.8672,0.9928,0.8823,0.0379
9,9,10,6,0.9989,0.9986,0.9990,0.9989,0.0068
9,9,10,7,0.9885,0.9826,0.9902,0.9883,0.0226
9,9,10,8,0.9997,0.9997,1.0000,0.9997,0.0009
9,9,10,9,0.9059,0.8763,0.9883,0.8968,0.0449
9,9,10,10,0.9998,0.9998,1.0000,0.9998,0.0021
9,9,10,11,0.9821,0.9813,0.9987,0.9808,0.0211
9,9,11,0,0.7109,0.6482,0.7131,0.6801,0.0986
9,9,11,1,0.9965,0.9962,0.9991,0.9966,0.0122
9,9,11,2,0.9983,0.9980,0.9992,0.9984,0.0092
9,9,11,3,0.9381,0.9376,0.9739,0.9351,0.0498
9,9,11,4,0.9928,0.9903,0.9954,0.9934,0.0235
9,9,11,5,0.9960,0.9961,0.9986,0.9958,0.0119
9,9,11,6,0.9997,0.9996,0.9999,0.9997,0.0037
9,9,11,7,0.9905,0.9889,0.9978,0.9902,0.0197
9,9,11,8,0.1387,0.4311,0.9305,0.0062,0.0674
9,9,11,9,0.9998,0.9997,0.9999,0.9998,0.0022
9,9,11,10,0.9387,0.9369,0.9810,0.9356,0.0491
9,9,11,11,0.9357,0.9258,0.9806,0.9326,0.0512
9,10,0,0,0.8519,0.8337,0.8356,0.8264,0.0449
9,10,0,1,0.2170,0.3180,0.9788,0.1142,0.0453
9,10,0,2,0.9138,0.9114,0.9377,0.9004,0.0370
9,10,0,3,0.2550,0.3502,0.9797,0.1463,0.0273
9,10,0,4,0.5138,0.5174,0.9775,0.4180,0.0226
9,10,0,5,0.3115,0.3638,0.9772,0.2118,0.0262
9,10,0,6,0.7109,0.7311,0.8225,0.6494,0.0470
9,10,0,7,0.7194,0.7337,0.9325,0.6607,0.0464
9,10,0,8,0.6965,0.7689,0.9581,0.6340,0.0342
9,10,0,9,0.8785,0.8847,0.9270,0.8587,0.0472
9,10,0,10,0.8454,0.8346,0.9154,0.8185,0.0442
9,10,0,11,0.8770,0.8584,0.8802,0.8592,0.0491
9,10,1,0,0.7729,0.8049,0.9874,0.7282,0.0300
9,10,1,1,0.9265,0.9286,0.9807,0.9154,0.0353
9,10,1,2,0.8744,0.8899,0.9774,0.8522,0.0425
9,10,1,3,0.9043,0.8575,0.9022,0.8896,0.0407
9,10,1,4,0.9377,0.9430,0.9719,0.9276,0.0338
9,10,1,5,0.9502,0.9479,0.9934,0.9419,0.0215
9,10,1,6,0.8481,0.8875,0.9881,0.8200,0.0195
9,10,1,7,0.9355,0.9312,0.9657,0.9257,0.0369
9,10,1,8,0.9336,0.9445,0.9963,0.9219,0.0220
9,10,1,9,0.9307,0.9417,0.9988,0.9186,0.0164
9,10,1,10,0.3068,0.6166,0.9098,0.1449,0.0498
9,10,1,11,0.4353,0.4207,0.9819,0.3446,0.0156
9,10,2,0,0.8106,0.7979,0.9450,0.7739,0.0376
9,10,2,1,0.9418,0.9394,0.9924,0.9321,0.0227
9,10,2,2,0.5544,0.6222,0.9933,0.4731,0.0147
9,10,2,3,0.8141,0.8307,0.9931,0.7783,0.0286
9,10,2,4,0.8606,0.9270,0.9992,0.8350,0.0186
9,10,2,5,0.7640,0.8017,0.9644,0.7168,0.0348
9,10,2,6,0.9242,0.9374,0.9985,0.9117,0.0219
9,10,2,7,0.7861,0.7995,0.8729,0.7448,0.0514
9,10,2,8,0.7190,0.7663,0.9795,0.6644,0.0220
9,10,2,9,0.5350,0.6812,0.9405,0.4363,0.0320
9,10,2,10,0.8953,0.8921,0.9177,0.8797,0.0455
9,10,2,11,0.9502,0.9371,0.9959,0.9417,0.0270
9,10,3,0,0.9202,0.8926,0.9923,0.9123,0.0422
9,10,3,1,0.9496,0.9498,0.9984,0.9410,0.0117
9,10,3,2,0.6060,0.6440,0.9913,0.5313,0.0189
9,10,3,3,0.8590,0.9032,0.9993,0.8356,0.0140
9,10,3,4,0.9218,0.8924,0.9917,0.9139,0.0420
9,10,3,5,0.9118,0.9382,0.9670,0.8959,0.0193
9,10,3,6,0.7018,0.7811,0.8985,0.6386,0.0441
9,10,3,7,0.6749,0.7193,0.9869,0.6114,0.0252
9,10,3,8,0.7105,0.7378,0.9953,0.6574,0.0173
9,10,3,9,0.8546,0.8710,0.9935,0.8284,0.0171
9,10,3,10,0.9514,0.9476,0.9992,0.9431,0.0143
9,10,3,11,0.8394,0.8359,0.9834,0.8090,0.0289
9,10,4,0,0.8160,0.8370,0.9960,0.7831,0.0131
9,10,4,1,0.9146,0.9018,0.9987,0.8995,0.0113
9,10,4,2,0.9231,0.9083,0.9939,0.9130,0.0325
9,10,4,3,0.6826,0.7457,0.9043,0.6195,0.0278
9,10,4,4,0.9400,0.9380,0.9959,0.9310,0.0214
9,10,4,5,0.9359,0.9536,0.9980,0.9252,0.0163
9,10,4,6,0.9052,0.9454,0.9733,0.8884,0.0278
9,10,4,7,0.6342,0.6595,0.9785,0.5642,0.0210
9,10,4,8,0.9313,0.9342,0.9969,0.9210,0.0251
9,10,4,9,0.8422,0.8901,0.9890,0.8130,0.0198
9,10,4,10,0.9156,0.8962,0.9916,0.9056,0.0374
9,10,4,11,0.3381,0.4706,0.9780,0.2532,0.0463
9,10,5,0,0.9175,0.8886,0.9920,0.9092,0.0429
9,10,5,1,0.9115,0.8779,0.9908,0.9036,0.0463
9,10,5,2,0.7964,0.9090,0.9943,0.7593,0.0146
9,10,5,3,0.8979,0.9233,0.9653,0.8797,0.0272
9,10,5,4,0.9078,0.9304,0.9865,0.8913,0.0230
9,10,5,5,0.9116,0.8983,0.9920,0.9022,0.0416
9,10,5,6,0.9336,0.9168,0.9955,0.9253,0.0304
9,10,5,7,0.8456,0.9299,0.9991,0.8201,0.0112
9,10,5,8,0.9312,0.9228,0.9949,0.9220,0.0273
9,10,5,9,0.9174,0.9008,0.9930,0.9074,0.0357
9,10,5,10,0.8663,0.9130,0.9884,0.8421,0.0193
9,10,5,11,0.9132,0.9309,0.9984,0.9000,0.0205
9,10,6,0,0.8224,0.8591,0.9608,0.7888,0.0207
9,10,6,1,0.9115,0.9274,0.9931,0.8991,0.0257
9,10,6,2,0.9340,0.9255,0.9943,0.9247,0.0290
9,10,6,3,0.9104,0.9566,0.9963,0.8951,0.0168
9,10,6,4,0.9154,0.9209,0.9759,0.9003,0.0198
9,10,6,5,0.9335,0.9404,0.9974,0.9225,0.0211
9,10,6,6,0.9271,0.9202,0.9949,0.9175,0.0295
9,10,6,7,0.8743,0.9224,0.9561,0.8513,0.0298
9,10,6,8,0.8807,0.8828,0.9883,0.8592,0.0159
9,10,6,9,0.9116,0.8786,0.9909,0.9035,0.0462
9,10,6,10,0.9163,0.8937,0.9924,0.9076,0.0426
9,10,6,11,0.9560,0.9446,0.9953,0.9484,0.0169
9,10,7,0,0.9009,0.8987,0.9969,0.8845,0.0144
9,10,7,1,0.9195,0.9148,0.9952,0.9091,0.0287
9,10,7,2,0.9116,0.8787,0.9909,0.9036,0.0463
9,10,7,3,0.9346,0.9359,0.9767,0.9232,0.0228
9,10,7,4,0.9709,0.9649,0.9999,0.9662,0.0110
9,10,7,5,0.9453,0.9396,0.9953,0.9363,0.0201
9,10,7,6,0.9129,0.9106,0.9946,0.9007,0.0296
9,10,7,7,0.9116,0.9084,0.9933,0.9015,0.0388
9,10,7,8,0.8921,0.9367,0.9890,0.8728,0.0178
9,10,7,9,0.9503,0.9401,0.9912,0.9423,0.0190
9,10,7,10,0.9123,0.9004,0.9924,0.9033,0.0422
9,10,7,11,0.9157,0.8870,0.9921,0.9071,0.0432
9,10,8,0,0.9208,0.9092,0.9939,0.9103,0.0316
9,10,8,1,0.9099,0.9042,0.9928,0.9005,0.0421
9,10,8,2,0.9295,0.9324,0.9959,0.9174,0.0201
9,10,8,3,0.9179,0.9183,0.9934,0.9063,0.0264
9,10,8,4,0.9809,0.9740,0.9982,0.9779,0.0106
9,10,8,5,0.9260,0.9346,0.9722,0.9133,0.0248
9,10,8,6,0.9103,0.9097,0.9938,0.8985,0.0306
9,10,8,7,0.8560,0.8586,0.9980,0.8321,0.0105
9,10,8,8,0.8705,0.9537,0.9893,0.8468,0.0207
9,10,8,9,0.9117,0.9443,0.9841,0.8960,0.0205
9,10,8,10,0.9341,0.9363,0.9893,0.9229,0.0206
9,10,8,11,0.9139,0.8992,0.9868,0.9020,0.0283
9,10,9,0,0.8718,0.8791,0.9469,0.8507,0.0164
9,10,9,1,0.9155,0.8898,0.9919,0.9072,0.0434
9,10,9,2,0.8778,0.9267,0.9725,0.8572,0.0114
9,10,9,3,0.9322,0.9412,0.9945,0.9202,0.0197
9,10,9,4,0.9081,0.9051,0.9915,0.8973,0.0367
9,10,9,5,0.9290,0.9127,0.9880,0.9188,0.0273
9,10,9,6,0.9149,0.8881,0.9910,0.9063,0.0433
9,10,9,7,0.9196,0.9359,0.9917,0.9071,0.0206
9,10,9,8,0.9041,0.8908,0.9804,0.8904,0.0252
9,10,9,9,0.9133,0.8841,0.9911,0.9050,0.0453
9,10,9,10,1.0000,1.0000,1.0000,1.0000,0.0000
9,10,9,11,0.9125,0.8817,0.9911,0.9043,0.0458
9,10,10,0,0.8960,0.9183,0.9736,0.8796,0.0164
9,10,10,1,0.9123,0.8995,0.9927,0.9030,0.0417
9,10,10,2,0.9179,0.8874,0.9915,0.9097,0.0434
9,10,10,3,0.9155,0.9072,0.9936,0.9044,0.0312
9,10,10,4,0.9157,0.8998,0.9899,0.9045,0.0306
9,10,10,5,0.9731,0.9707,0.9990,0.9689,0.0108
9,10,10,6,0.9137,0.8924,0.9900,0.9039,0.0384
9,10,10,7,0.9201,0.9190,0.9839,0.9083,0.0235
9,10,10,8,0.9119,0.8843,0.9915,0.9032,0.0443
9,10,10,9,0.9698,0.9724,0.9965,0.9646,0.0112
9,10,10,10,0.9137,0.8873,0.9915,0.9048,0.0432
9,10,10,11,0.9104,0.9205,0.9950,0.8978,0.0241
9,10,11,0,0.8238,0.7788,0.7585,0.7937,0.0534
9,10,11,1,0.9172,0.9102,0.9937,0.9065,0.0336
9,10,11,2,0.9159,0.8976,0.9926,0.9058,0.0361
9,10,11,3,0.8978,0.9426,0.9783,0.8795,0.0177
9,10,11,4,0.9303,0.9126,0.9942,0.9198,0.0283
9,10,11,5,0.9168,0.9011,0.9918,0.9063,0.0333
9,10,11,6,0.9172,0.8912,0.9922,0.9083,0.0416
9,10,11,7,0.9240,0.9205,0.9949,0.9133,0.0266
9,10,11,8,0.2951,0.5934,0.9646,0.1554,0.0261
9,10,11,9,0.9155,0.8887,0.9922,0.9068,0.0430
9,10,11,10,0.9194,0.9494,0.9879,0.9051,0.0161
9,10,11,11,0.9142,0.9533,0.9882,0.8989,0.0174
9,11,0,0,0.7583,0.7060,0.7954,0.7346,0.0880
9,11,0,1,0.1022,0.1435,0.9650,0.0096,0.0010
9,11,0,2,0.8591,0.8259,0.9083,0.8515,0.0783
9,11,0,3,0.1326,0.1632,0.9628,0.0336,0.0195
9,11,0,4,0.3583,0.2942,0.9498,0.2627,0.0657
9,11,0,5,0.1907,0.1751,0.9604,0.0990,0.0203
9,11,0,6,0.5970,0.5578,0.7802,0.5385,0.0920
9,11,0,7,0.5618,0.5358,0.8992,0.4959,0.0922
9,11,0,8,0.6219,0.6174,0.9275,0.5689,0.0777
9,11,0,9,0.8121,0.7848,0.8931,0.7986,0.0875
9,11,0,10,0.7590,0.6983,0.8711,0.7361,0.0900
9,11,0,11,0.7934,0.7459,0.8369,0.7794,0.0917
9,11,1,0,0.6043,0.5810,0.9646,0.5487,0.0753
9,11,1,1,0.8320,0.8029,0.9565,0.8183,0.0784
9,11,1,2,0.7800,0.7544,0.9478,0.7574,0.0841
9,11,1,3,0.8996,0.8481,0.8733,0.9016,0.0746
9,11,1,4,0.9233,0.9038,0.9540,0.9226,0.0631
9,11,1,5,0.9125,0.8775,0.9764,0.9080,0.0597
9,11,1,6,0.8183,0.7580,0.9755,0.7985,0.0580
9,11,1,7,0.8897,0.8694,0.9441,0.8853,0.0698
9,11,1,8,0.9356,0.9306,0.9854,0.9335,0.0539
9,11,1,9,0.9482,0.9432,0.9926,0.9455,0.0438
9,11,1,10,0.1600,0.4788,0.8669,0.0082,0.0941
9,11,1,11,0.3226,0.2286,0.9627,0.2384,0.0349
9,11,2,0,0.7173,0.6485,0.9078,0.6830,0.0829
9,11,2,1,0.9765,0.9680,0.9903,0.9765,0.0344
9,11,2,2,0.3789,0.3935,0.9745,0.2928,0.0558
9,11,2,3,0.6574,0.6246,0.9720,0.6113,0.0728
9,11,2,4,0.8254,0.8234,0.9880,0.8064,0.0615
9,11,2,5,0.6076,0.5913,0.9397,0.5520,0.0800
9,11,2,6,0.9618,0.9660,0.9957,0.9597,0.0365
9,11,2,7,0.6432,0.6121,0.8311,0.5955,0.0969
9,11,2,8,0.5625,0.6008,0.9597,0.5007,0.0676
9,11,2,9,0.3912,0.4660,0.9138,0.2945,0.0757
9,11,2,10,0.7996,0.7507,0.8835,0.7836,0.0884
9,11,2,11,0.9801,0.9742,0.9917,0.9813,0.0374
9,11,3,0,0.9990,0.9986,1.0000,0.9989,0.0035
9,11,3,1,0.9434,0.9284,0.9935,0.9394,0.0420
9,11,3,2,0.4251,0.4147,0.9722,0.3430,0.0628
9,11,3,3,0.8726,0.8480,0.9906,0.8587,0.0433
9,11,3,4,0.9992,0.9993,0.9999,0.9991,0.0038
9,11,3,5,0.9345,0.9268,0.9591,0.9322,0.0538
9,11,3,6,0.5779,0.5787,0.8605,0.5153,0.0899
9,11,3,7,0.6061,0.5411,0.9661,0.5516,0.0689
9,11,3,8,0.5745,0.5422,0.9765,0.5172,0.0592
9,11,3,9,0.7558,0.7400,0.9780,0.7259,0.0560
9,11,3,10,0.9641,0.9540,0.9933,0.9630,0.0388
9,11,3,11,0.7686,0.7028,0.9577,0.7418,0.0712
9,11,4,0,0.7059,0.6856,0.9803,0.6687,0.0508
9,11,4,1,0.8681,0.7974,0.9862,0.8544,0.0492
9,11,4,2,0.9963,0.9957,0.9988,0.9965,0.0151
9,11,4,3,0.6896,0.6365,0.8833,0.6491,0.0702
9,11,4,4,0.9839,0.9753,0.9963,0.9834,0.0252
9,11,4,5,0.9473,0.9309,0.9949,0.9435,0.0374
9,11,4,6,0.8919,0.8820,0.9570,0.8863,0.0673
9,11,4,7,0.5068,0.4583,0.9518,0.4371,0.0618
9,11,4,8,0.9849,0.9837,0.9976,0.9845,0.0247
9,11,4,9,0.8147,0.7708,0.9746,0.7943,0.0593
9,11,4,10,0.9976,0.9964,0.9991,0.9976,0.0084
9,11,4,11,0.1862,0.2491,0.9656,0.1034,0.0005
9,11,5,0,0.9995,0.9995,1.0000,0.9995,0.0029
9,11,5,1,0.9999,0.9999,1.0000,0.9999,0.0005
9,11,5,2,0.8536,0.8170,0.9811,0.8384,0.0577
9,11,5,3,0.8790,0.8547,0.9473,0.8715,0.0703
9,11,5,4,0.8722,0.8197,0.9699,0.8618,0.0643
9,11,5,5,0.9989,0.9982,0.9999,0.9988,0.0042
9,11,5,6,0.9907,0.9880,0.9993,0.9902,0.0153
9,11,5,7,0.9034,0.8791,0.9951,0.8935,0.0373
9,11,5,8,0.9893,0.9862,0.9984,0.9888,0.0185
9,11,5,9,0.9974,0.9976,0.9995,0.9974,0.0101
9,11,5,10,0.8905,0.8426,0.9765,0.8808,0.0538
9,11,5,11,0.9726,0.9559,0.9969,0.9707,0.0279
9,11,6,0,0.7928,0.7503,0.9441,0.7695,0.0660
9,11,6,1,0.9843,0.9779,0.9967,0.9833,0.0201
9,11,6,2,0.9901,0.9888,0.9978,0.9899,0.0202
9,11,6,3,0.9509,0.9470,0.9909,0.9478,0.0408
9,11,6,4,0.9391,0.9214,0.9631,0.9387,0.0559
9,11,6,5,0.9770,0.9735,0.9947,0.9769,0.0336
9,11,6,6,0.9936,0.9893,0.9988,0.9935,0.0163
9,11,6,7,0.8408,0.7931,0.9350,0.8275,0.0708
9,11,6,8,0.9085,0.8706,0.9797,0.9016,0.0546
9,11,6,9,1.0000,0.9999,1.0000,1.0000,0.0004
9,11,6,10,0.9991,0.9993,0.9999,0.9991,0.0031
9,11,6,11,0.9625,0.9544,0.9909,0.9618,0.0425
9,11,7,0,0.9220,0.9255,0.9933,0.9145,0.0397
9,11,7,1,0.9849,0.9822,0.9990,0.9836,0.0171
9,11,7,2,0.9999,0.9999,1.0000,0.9999,0.0005
9,11,7,3,0.9362,0.9133,0.9637,0.9349,0.0555
9,11,7,4,0.9236,0.8934,0.9927,0.9162,0.0390
9,11,7,5,0.9763,0.9734,0.9949,0.9758,0.0328
9,11,7,6,0.9904,0.9905,0.9981,0.9901,0.0190
9,11,7,7,0.9968,0.9958,0.9997,0.9965,0.0070
9,11,7,8,0.8986,0.8611,0.9768,0.8897,0.0487
9,11,7,9,0.9762,0.9659,0.9909,0.9756,0.0320
9,11,7,10,0.9984,0.9976,0.9999,0.9983,0.0035
9,11,7,11,0.9998,0.9998,1.0000,0.9998,0.0026
9,11,8,0,0.9959,0.9957,0.9989,0.9960,0.0152
9,11,8,1,0.9973,0.9959,0.9999,0.9971,0.0037
9,11,8,2,0.9617,0.9576,0.9894,0.9604,0.0401
9,11,8,3,0.9858,0.9786,0.9958,0.9851,0.0202
9,11,8,4,0.9499,0.9355,0.9954,0.9459,0.0367
9,11,8,5,0.8416,0.8211,0.9559,0.8266,0.0677
9,11,8,6,0.9902,0.9914,0.9989,0.9895,0.0152
9,11,8,7,0.8277,0.8376,0.9884,0.8078,0.0400
9,11,8,8,0.8850,0.8555,0.9758,0.8755,0.0579
9,11,8,9,0.9561,0.9473,0.9787,0.9555,0.0463
9,11,8,10,0.9770,0.9689,0.9875,0.9773,0.0365
9,11,8,11,0.9939,0.9910,0.9938,0.9939,0.0177
9,11,9,0,0.9161,0.8829,0.9513,0.9078,0.0394
9,11,9,1,0.9994,0.9996,1.0000,0.9994,0.0024
9,11,9,2,0.9351,0.9060,0.9724,0.9298,0.0425
9,11,9,3,0.9059,0.8955,0.9822,0.8987,0.0542
9,11,9,4,0.9933,0.9938,0.9994,0.9927,0.0091
9,11,9,5,0.9937,0.9892,0.9929,0.9940,0.0201
9,11,9,6,0.9997,0.9996,0.9999,0.9996,0.0025
9,11,9,7,0.9761,0.9694,0.9933,0.9749,0.0289
9,11,9,8,0.9898,0.9851,0.9883,0.9895,0.0211
9,11,9,9,0.9999,0.9999,1.0000,0.9998,0.0005
9,11,9,10,0.9125,0.8817,0.9911,0.9043,0.0458
9,11,9,11,1.0000,1.0000,1.0000,1.0000,0.0000
9,11,10,0,0.9714,0.9631,0.9796,0.9698,0.0304
9,11,10,1,0.9985,0.9981,0.9999,0.9984,0.0041
9,11,10,2,0.9998,0.9997,0.9999,0.9998,0.0024
9,11,10,3,0.9939,0.9934,0.9985,0.9937,0.0146
9,11,10,4,0.9949,0.9948,0.9973,0.9949,0.0155
9,11,10,5,0.8920,0.8649,0.9929,0.8803,0.0384
9,11,10,6,0.9986,0.9983,0.9989,0.9985,0.0073
9,11,10,7,0.9879,0.9815,0.9898,0.9877,0.0231
9,11,10,8,0.9998,0.9998,1.0000,0.9998,0.0014
9,11,10,9,0.9038,0.8733,0.9881,0.8945,0.0454
9,11,10,10,0.9997,0.9997,0.9999,0.9997,0.0026
9,11,10,11,0.9827,0.9812,0.9986,0.9815,0.0216
9,11,11,0,0.7105,0.6461,0.7119,0.6798,0.0992
9,11,11,1,0.9962,0.9958,0.9990,0.9962,0.0127
9,11,11,2,0.9981,0.9978,0.9991,0.9982,0.0097
9,11,11,3,0.9375,0.9362,0.9734,0.9345,0.0504
9,11,11,4,0.9928,0.9900,0.9952,0.9934,0.0240
9,11,11,5,0.9952,0.9954,0.9985,0.9951,0.0125
9,11,11,6,0.9994,0.9994,0.9998,0.9994,0.0042
9,11,11,7,0.9896,0.9880,0.9977,0.9894,0.0202
9,11,11,8,0.1378,0.4264,0.9308,0.0055,0.0680
9,11,11,9,0.9996,0.9996,0.9999,0.9996,0.0028
9,11,11,10,0.9384,0.9357,0.9807,0.9354,0.0496
9,11,11,11,0.9354,0.9239,0.9801,0.9324,0.0517
10,0,0,0,0.8273,0.8242,0.8835,0.8011,0.0581
10,0,0,1,0.1438,0.2009,0.9255,0.0375,0.0299
10,0,0,2,0.8960,0.8994,0.9559,0.8825,0.0487
10,0,0,3,0.1783,0.2248,0.9301,0.0652,0.0153
10,0,0,4,0.4221,0.3745,0.9490,0.3154,0.0353
10,0,0,5,0.2279,0.2346,0.9213,0.1224,0.0159
10,0,0,6,0.6986,0.6813,0.8724,0.6411,0.0615
10,0,0,7,0.6297,0.6221,0.9453,0.5563,0.0623
10,0,0,8,0.6812,0.7178,0.9592,0.6211,0.0472
10,0,0,9,0.8709,0.8593,0.9441,0.8540,0.0592
10,0,0,10,0.8151,0.7788,0.9194,0.7862,0.0596
10,0,0,11,0.8489,0.8283,0.9044,0.8294,0.0618
10,0,1,0,0.6643,0.6637,0.9700,0.6020,0.0457
10,0,1,1,0.8716,0.8585,0.9716,0.8522,0.0493
10,0,1,2,0.8305,0.8187,0.9606,0.8028,0.0552
10,0,1,3,0.9205,0.8842,0.9404,0.9134,0.0447
10,0,1,4,0.9564,0.9419,0.9827,0.9523,0.0392
10,0,1,5,0.9230,0.9159,0.9796,0.9116,0.0298
10,0,1,6,0.8538,0.8311,0.9890,0.8296,0.0278
10,0,1,7,0.9281,0.9255,0.9760,0.9198,0.0441
10,0,1,8,0.9542,0.9511,0.9835,0.9480,0.0277
10,0,1,9,0.9586,0.9557,0.9798,0.9523,0.0184
10,0,1,10,0.2544,0.5702,0.9101,0.0909,0.0649
10,0,1,11,0.3623,0.2879,0.9296,0.2659,0.0081
10,0,2,0,0.7596,0.7380,0.9436,0.7165,0.0525
10,0,2,1,0.9722,0.9802,0.9937,0.9679,0.0131
10,0,2,2,0.4292,0.4721,0.9632,0.3316,0.0261
10,0,2,3,0.6999,0.6956,0.9661,0.6452,0.0434
10,0,2,4,0.8462,0.8641,0.9725,0.8206,0.0316
10,0,2,5,0.6676,0.6734,0.9667,0.6047,0.0501
10,0,2,6,0.9682,0.9671,0.9822,0.9633,0.0150
10,0,2,7,0.7167,0.6971,0.9013,0.6640,0.0665
10,0,2,8,0.6090,0.6932,0.9796,0.5377,0.0371
10,0,2,9,0.4803,0.5665,0.9617,0.3772,0.0453
10,0,2,10,0.8587,0.8229,0.9387,0.8391,0.0585
10,0,2,11,0.9780,0.9703,0.9896,0.9747,0.0190
10,0,3,0,0.9683,0.9642,0.9797,0.9659,0.0269
10,0,3,1,0.9456,0.9454,0.9806,0.9371,0.0121
10,0,3,2,0.4671,0.4910,0.9677,0.3722,0.0324
10,0,3,3,0.8773,0.8719,0.9718,0.8582,0.0142
10,0,3,4,0.9713,0.9691,0.9822,0.9690,0.0266
10,0,3,5,0.9615,0.9708,0.9927,0.9566,0.0249
10,0,3,6,0.6741,0.6831,0.9244,0.6110,0.0594
10,0,3,7,0.6613,0.6113,0.9747,0.6002,0.0387
10,0,3,8,0.6107,0.6169,0.9548,0.5440,0.0298
10,0,3,9,0.7679,0.8006,0.9612,0.7291,0.0261
10,0,3,10,0.9603,0.9526,0.9792,0.9542,0.0121
10,0,3,11,0.7890,0.7606,0.9651,0.7523,0.0413
10,0,4,0,0.7083,0.7411,0.9574,0.6596,0.0214
10,0,4,1,0.8593,0.8374,0.9738,0.8364,0.0198
10,0,4,2,0.9791,0.9738,0.9864,0.9766,0.0174
10,0,4,3,0.7690,0.7451,0.9458,0.7282,0.0397
10,0,4,4,0.9676,0.9681,0.9884,0.9629,0.0081
10,0,4,5,0.9375,0.9394,0.9844,0.9278,0.0112
10,0,4,6,0.9355,0.9318,0.9848,0.9276,0.0387
10,0,4,7,0.5543,0.5187,0.9562,0.4746,0.0314
10,0,4,8,0.9825,0.9764,0.9847,0.9799,0.0113
10,0,4,9,0.8476,0.8271,0.9863,0.8222,0.0296
10,0,4,10,0.9737,0.9687,0.9870,0.9711,0.0220
10,0,4,11,0.2336,0.3122,0.9186,0.1401,0.0310
10,0,5,0,0.9704,0.9638,0.9793,0.9682,0.0275
10,0,5,1,0.9691,0.9602,0.9779,0.9675,0.0310
10,0,5,2,0.8830,0.8668,0.9823,0.8640,0.0281
10,0,5,3,0.9186,0.9112,0.9809,0.9076,0.0404
10,0,5,4,0.9004,0.8623,0.9829,0.8850,0.0344
10,0,5,5,0.9751,0.9680,0.9810,0.9733,0.0262
10,0,5,6,0.9664,0.9664,0.9799,0.9622,0.0151
10,0,5,7,0.9106,0.8968,0.9807,0.8968,0.0089
10,0,5,8,0.9735,0.9759,0.9857,0.9701,0.0122
10,0,5,9,0.9791,0.9721,0.9846,0.9770,0.0203
10,0,5,10,0.9276,0.8903,0.9894,0.9163,0.0234
10,0,5,11,0.9636,0.9495,0.9786,0.9583,0.0070
10,0,6,0,0.8498,0.8399,0.9789,0.8249,0.0356
10,0,6,1,0.9754,0.9788,0.9913,0.9721,0.0112
10,0,6,2,0.9806,0.9811,0.9885,0.9779,0.0144
10,0,6,3,0.9688,0.9711,0.9884,0.9640,0.0174
10,0,6,4,0.9580,0.9486,0.9892,0.9530,0.0260
10,0,6,5,0.9800,0.9726,0.9868,0.9770,0.0126
10,0,6,6,0.9765,0.9685,0.9841,0.9736,0.0144
10,0,6,7,0.9037,0.8647,0.9738,0.8902,0.0409
10,0,6,8,0.9072,0.8867,0.9926,0.8925,0.0247
10,0,6,9,0.9698,0.9610,0.9787,0.9681,0.0308
10,0,6,10,0.9744,0.9663,0.9795,0.9726,0.0273
10,0,6,11,0.9559,0.9589,0.9905,0.9492,0.0155
10,0,7,0,0.9069,0.9229,0.9870,0.8924,0.0109
10,0,7,1,0.9738,0.9701,0.9836,0.9706,0.0136
10,0,7,2,0.9695,0.9606,0.9783,0.9678,0.0310
10,0,7,3,0.9501,0.9487,0.9894,0.9435,0.0261
10,0,7,4,0.9083,0.9278,0.9760,0.8942,0.0117
10,0,7,5,0.9686,0.9746,0.9894,0.9637,0.0092
10,0,7,6,0.9817,0.9760,0.9879,0.9794,0.0146
10,0,7,7,0.9767,0.9732,0.9825,0.9748,0.0235
10,0,7,8,0.9263,0.9184,0.9887,0.9148,0.0206
10,0,7,9,0.9717,0.9768,0.9951,0.9674,0.0087
10,0,7,10,0.9737,0.9678,0.9799,0.9719,0.0269
10,0,7,11,0.9722,0.9653,0.9806,0.9701,0.0278
10,0,8,0,0.9792,0.9735,0.9866,0.9767,0.0165
10,0,8,1,0.9736,0.9681,0.9791,0.9717,0.0268
10,0,8,2,0.9728,0.9737,0.9854,0.9687,0.0181
10,0,8,3,0.9808,0.9825,0.9917,0.9783,0.0115
10,0,8,4,0.9248,0.9526,0.9846,0.9132,0.0073
10,0,8,5,0.8808,0.8912,0.9835,0.8619,0.0378
10,0,8,6,0.9780,0.9767,0.9866,0.9754,0.0152
10,0,8,7,0.8021,0.8527,0.9703,0.7713,0.0117
10,0,8,8,0.9327,0.9181,0.9874,0.9227,0.0295
10,0,8,9,0.9822,0.9779,0.9960,0.9801,0.0203
10,0,8,10,0.9825,0.9822,0.9961,0.9799,0.0139
10,0,8,11,0.9839,0.9812,0.9958,0.9819,0.0127
10,0,9,0,0.9650,0.9683,0.9924,0.9596,0.0100
10,0,9,1,0.9724,0.9652,0.9790,0.9706,0.0281
10,0,9,2,0.9830,0.9701,0.9978,0.9804,0.0123
10,0,9,3,0.9086,0.9225,0.9850,0.8941,0.0248
10,0,9,4,0.9813,0.9783,0.9859,0.9798,0.0214
10,0,9,5,0.9812,0.9808,0.9961,0.9786,0.0130
10,0,9,6,0.9749,0.9688,0.9828,0.9733,0.0279
10,0,9,7,0.9879,0.9866,0.9942,0.9861,0.0089
10,0,9,8,0.9840,0.9793,0.9987,0.9819,0.0096
10,0,9,9,0.9725,0.9646,0.9801,0.9709,0.0299
10,0,9,10,0.8960,0.9183,0.9736,0.8796,0.0164
10,0,9,11,0.9714,0.9631,0.9796,0.9698,0.0304
10,0,10,0,1.0000,1.0000,1.0000,1.0000,0.0000
10,0,10,1,0.9769,0.9718,0.9816,0.9753,0.0264
10,0,10,2,0.9734,0.9674,0.9824,0.9716,0.0281
10,0,10,3,0.9800,0.9777,0.9879,0.9778,0.0159
10,0,10,4,0.9819,0.9776,0.9916,0.9798,0.0150
10,0,10,5,0.8709,0.9183,0.9724,0.8513,0.0135
10,0,10,6,0.9807,0.9755,0.9878,0.9792,0.0231
10,0,10,7,0.9920,0.9913,0.9979,0.9909,0.0094
10,0,10,8,0.9718,0.9645,0.9807,0.9699,0.0290
10,0,10,9,0.8978,0.9274,0.9866,0.8816,0.0152
10,0,10,10,0.9751,0.9674,0.9818,0.9735,0.0278
10,0,10,11,0.9733,0.9759,0.9858,0.9697,0.0088
10,0,11,0,0.7837,0.7587,0.8194,0.7493,0.0687
10,0,11,1,0.9842,0.9783,0.9863,0.9825,0.0188
10,0,11,2,0.9805,0.9751,0.9865,0.9786,0.0207
10,0,11,3,0.9747,0.9812,0.9963,0.9715,0.0218
10,0,11,4,0.9810,0.9781,0.9912,0.9782,0.0156
10,0,11,5,0.9797,0.9766,0.9890,0.9775,0.0180
10,0,11,6,0.9765,0.9692,0.9826,0.9747,0.0262
10,0,11,7,0.9809,0.9794,0.9881,0.9784,0.0115
10,0,11,8,0.2286,0.5229,0.9267,0.0849,0.0386
10,0,11,9,0.9738,0.9668,0.9809,0.9720,0.0277
10,0,11,10,0.9633,0.9748,0.9939,0.9581,0.0199
10,0,11,11,0.9706,0.9644,0.9926,0.9669,0.0220
10,1,0,0,0.7702,0.7298,0.8044,0.7462,0.0840
10,1,0,1,0.1105,0.1583,0.9665,0.0159,0.0035
10,1,0,2,0.8670,0.8449,0.9146,0.8586,0.0742
10,1,0,3,0.1419,0.1793,0.9648,0.0410,0.0155
10,1,0,4,0.3715,0.3144,0.9539,0.2745,0.0617
10,1,0,5,0.1978,0.1916,0.9622,0.1041,0.0163
10,1,0,6,0.6130,0.5825,0.7895,0.5543,0.0879
10,1,0,7,0.5751,0.5579,0.9054,0.5085,0.0882
10,1,0,8,0.6340,0.6424,0.9331,0.5802,0.0736
10,1,0,9,0.8252,0.8039,0.8998,0.8116,0.0834
10,1,0,10,0.7729,0.7188,0.8787,0.7500,0.0859
10,1,0,11,0.8076,0.7666,0.8452,0.7938,0.0876
10,1,1,0,0.6178,0.6052,0.9682,0.5617,0.0712
10,1,1,1,0.8436,0.8224,0.9607,0.8298,0.0744
10,1,1,2,0.7952,0.7759,0.9524,0.7731,0.0800
10,1,1,3,0.9046,0.8571,0.8806,0.9053,0.0706
10,1,1,4,0.9342,0.9184,0.9583,0.9337,0.0590
10,1,1,5,0.9192,0.8927,0.9795,0.9142,0.0556
10,1,1,6,0.8296,0.7805,0.9788,0.8098,0.0539
10,1,1,7,0.9001,0.8853,0.9489,0.8957,0.0657
10,1,1,8,0.9445,0.9433,0.9877,0.9424,0.0498
10,1,1,9,0.9556,0.9548,0.9940,0.9530,0.0397
10,1,1,10,0.1721,0.4988,0.8748,0.0179,0.0900
10,1,1,11,0.3309,0.2456,0.9648,0.2450,0.0308
10,1,2,0,0.7278,0.6707,0.9144,0.6927,0.0788
10,1,2,1,0.9821,0.9768,0.9922,0.9821,0.0303
10,1,2,2,0.3869,0.4138,0.9772,0.2990,0.0517
10,1,2,3,0.6662,0.6487,0.9750,0.6190,0.0687
10,1,2,4,0.8320,0.8393,0.9899,0.8123,0.0575
10,1,2,5,0.6179,0.6133,0.9441,0.5611,0.0760
10,1,2,6,0.9680,0.9739,0.9969,0.9659,0.0324
10,1,2,7,0.6596,0.6352,0.8389,0.6121,0.0929
10,1,2,8,0.5700,0.6190,0.9639,0.5067,0.0635
10,1,2,9,0.4018,0.4888,0.9200,0.3033,0.0716
10,1,2,10,0.8141,0.7724,0.8901,0.7984,0.0843
10,1,2,11,0.9835,0.9799,0.9934,0.9842,0.0333
10,1,3,0,0.9973,0.9975,0.9999,0.9970,0.0024
10,1,3,1,0.9489,0.9415,0.9948,0.9448,0.0379
10,1,3,2,0.4315,0.4351,0.9751,0.3473,0.0588
10,1,3,3,0.8752,0.8596,0.9923,0.8605,0.0392
10,1,3,4,0.9979,0.9984,0.9999,0.9977,0.0018
10,1,3,5,0.9426,0.9383,0.9629,0.9402,0.0497
10,1,3,6,0.5921,0.6019,0.8682,0.5289,0.0858
10,1,3,7,0.6189,0.5611,0.9700,0.5640,0.0648
10,1,3,8,0.5806,0.5627,0.9787,0.5217,0.0551
10,1,3,9,0.7582,0.7558,0.9805,0.7268,0.0519
10,1,3,10,0.9685,0.9619,0.9946,0.9671,0.0348
10,1,3,11,0.7775,0.7206,0.9620,0.7500,0.0672
10,1,4,0,0.7082,0.7013,0.9823,0.6694,0.0467
10,1,4,1,0.8693,0.8144,0.9884,0.8544,0.0451
10,1,4,2,0.9971,0.9973,0.9994,0.9971,0.0110
10,1,4,3,0.6963,0.6525,0.8904,0.6545,0.0661
10,1,4,4,0.9852,0.9799,0.9975,0.9844,0.0211
10,1,4,5,0.9513,0.9405,0.9962,0.9471,0.0333
10,1,4,6,0.9021,0.8970,0.9611,0.8964,0.0632
10,1,4,7,0.5181,0.4769,0.9558,0.4473,0.0577
10,1,4,8,0.9892,0.9892,0.9985,0.9888,0.0206
10,1,4,9,0.8278,0.7914,0.9781,0.8076,0.0552
10,1,4,10,0.9977,0.9965,0.9994,0.9975,0.0049
10,1,4,11,0.1936,0.2664,0.9666,0.1091,0.0046
10,1,5,0,0.9979,0.9978,0.9999,0.9977,0.0022
10,1,5,1,0.9981,0.9976,0.9997,0.9980,0.0046
10,1,5,2,0.8630,0.8328,0.9840,0.8477,0.0537
10,1,5,3,0.8873,0.8705,0.9520,0.8794,0.0662
10,1,5,4,0.8831,0.8375,0.9733,0.8728,0.0602
10,1,5,5,0.9989,0.9985,0.9999,0.9988,0.0017
10,1,5,6,0.9882,0.9898,0.9996,0.9871,0.0113
10,1,5,7,0.9132,0.8938,0.9964,0.9036,0.0332
10,1,5,8,0.9911,0.9912,0.9990,0.9905,0.0144
10,1,5,9,0.9972,0.9976,0.9998,0.9970,0.0060
10,1,5,10,0.8981,0.8553,0.9798,0.8882,0.0497
10,1,5,11,0.9766,0.9627,0.9978,0.9747,0.0239
10,1,6,0,0.7996,0.7679,0.9488,0.7754,0.0619
10,1,6,1,0.9897,0.9861,0.9978,0.9890,0.0160
10,1,6,2,0.9923,0.9930,0.9986,0.9920,0.0161
10,1,6,3,0.9617,0.9602,0.9929,0.9593,0.0367
10,1,6,4,0.9419,0.9299,0.9670,0.9405,0.0518
10,1,6,5,0.9827,0.9806,0.9961,0.9826,0.0295
10,1,6,6,0.9950,0.9920,0.9993,0.9948,0.0122
10,1,6,7,0.8579,0.8160,0.9398,0.8455,0.0668
10,1,6,8,0.9107,0.8777,0.9827,0.9027,0.0505
10,1,6,9,0.9982,0.9977,0.9998,0.9981,0.0045
10,1,6,10,0.9992,0.9989,0.9999,0.9991,0.0014
10,1,6,11,0.9626,0.9606,0.9928,0.9609,0.0384
10,1,7,0,0.9159,0.9271,0.9950,0.9067,0.0357
10,1,7,1,0.9880,0.9882,0.9995,0.9868,0.0130
10,1,7,2,0.9982,0.9977,0.9998,0.9981,0.0046
10,1,7,3,0.9402,0.9249,0.9675,0.9381,0.0514
10,1,7,4,0.9263,0.9090,0.9941,0.9184,0.0349
10,1,7,5,0.9780,0.9793,0.9962,0.9770,0.0287
10,1,7,6,0.9939,0.9940,0.9989,0.9936,0.0150
10,1,7,7,0.9990,0.9988,1.0000,0.9989,0.0029
10,1,7,8,0.9066,0.8805,0.9801,0.8977,0.0446
10,1,7,9,0.9787,0.9735,0.9926,0.9777,0.0279
10,1,7,10,0.9987,0.9985,0.9999,0.9985,0.0018
10,1,7,11,0.9986,0.9984,1.0000,0.9985,0.0028
10,1,8,0,0.9959,0.9965,0.9994,0.9958,0.0112
10,1,8,1,0.9985,0.9978,0.9999,0.9983,0.0028
10,1,8,2,0.9682,0.9675,0.9914,0.9668,0.0361
10,1,8,3,0.9917,0.9873,0.9971,0.9912,0.0161
10,1,8,4,0.9477,0.9463,0.9967,0.9426,0.0327
10,1,8,5,0.8452,0.8391,0.9599,0.8289,0.0636
10,1,8,6,0.9934,0.9948,0.9995,0.9929,0.0112
10,1,8,7,0.8209,0.8409,0.9901,0.7989,0.0359
10,1,8,8,0.8988,0.8771,0.9790,0.8899,0.0538
10,1,8,9,0.9622,0.9573,0.9815,0.9614,0.0422
10,1,8,10,0.9820,0.9768,0.9896,0.9822,0.0324
10,1,8,11,0.9946,0.9927,0.9949,0.9944,0.0136
10,1,9,0,0.9178,0.8953,0.9547,0.9088,0.0353
10,1,9,1,0.9989,0.9987,0.9999,0.9988,0.0017
10,1,9,2,0.9443,0.9207,0.9753,0.9393,0.0384
10,1,9,3,0.9045,0.9059,0.9850,0.8957,0.0501
10,1,9,4,0.9964,0.9972,0.9996,0.9960,0.0050
10,1,9,5,0.9941,0.9920,0.9942,0.9941,0.0160
10,1,9,6,0.9991,0.9989,0.9999,0.9991,0.0021
10,1,9,7,0.9837,0.9797,0.9947,0.9829,0.0248
10,1,9,8,0.9892,0.9857,0.9897,0.9885,0.0171
10,1,9,9,0.9989,0.9985,0.9999,0.9988,0.0035
10,1,9,10,0.9123,0.8995,0.9927,0.9030,0.0417
10,1,9,11,0.9985,0.9981,0.9999,0.9984,0.0041
10,1,10,0,0.9769,0.9718,0.9816,0.9753,0.0264
10,1,10,1,1.0000,1.0000,1.0000,1.0000,0.0000
10,1,10,2,0.9986,0.9986,0.9999,0.9985,0.0028
10,1,10,3,0.9966,0.9964,0.9992,0.9964,0.0105
10,1,10,4,0.9938,0.9948,0.9979,0.9934,0.0114
10,1,10,5,0.8924,0.8826,0.9942,0.8799,0.0344
10,1,10,6,0.9988,0.9986,0.9992,0.9986,0.0043
10,1,10,7,0.9908,0.9868,0.9912,0.9904,0.0190
10,1,10,8,0.9987,0.9983,0.9999,0.9986,0.0029
10,1,10,9,0.9076,0.8912,0.9905,0.8977,0.0413
10,1,10,10,0.9990,0.9987,0.9999,0.9989,0.0025
10,1,10,11,0.9839,0.9856,0.9993,0.9824,0.0176
10,1,11,0,0.7188,0.6670,0.7223,0.6865,0.0951
10,1,11,1,0.9981,0.9983,0.9995,0.9981,0.0089
10,1,11,2,0.9987,0.9986,0.9996,0.9986,0.0059
10,1,11,3,0.9444,0.9478,0.9765,0.9413,0.0463
10,1,11,4,0.9940,0.9923,0.9966,0.9943,0.0199
10,1,11,5,0.9968,0.9971,0.9991,0.9966,0.0087
10,1,11,6,0.9993,0.9991,1.0000,0.9992,0.0028
10,1,11,7,0.9937,0.9931,0.9986,0.9935,0.0161
10,1,11,8,0.1475,0.4503,0.9359,0.0125,0.0639
10,1,11,9,0.9992,0.9989,1.0000,0.9991,0.0026
10,1,11,10,0.9442,0.9467,0.9835,0.9408,0.0455
10,1,11,11,0.9417,0.9363,0.9829,0.9383,0.0476
10,2,0,0,0.7674,0.7185,0.8033,0.7436,0.0857
10,2,0,1,0.1081,0.1519,0.9639,0.0142,0.0026
10,2,0,2,0.8654,0.8360,0.9135,0.8574,0.0760
10,2,0,3,0.1391,0.1718,0.9623,0.0387,0.0172
10,2,0,4,0.3660,0.3046,0.9516,0.2692,0.0634
10,2,0,5,0.1963,0.1835,0.9594,0.1033,0.0188
10,2,0,6,0.6071,0.5713,0.7884,0.5482,0.0896
10,2,0,7,0.5703,0.5477,0.9044,0.5037,0.0899
10,2,0,8,0.6297,0.6302,0.9316,0.5760,0.0753
10,2,0,9,0.8193,0.7955,0.8986,0.8053,0.0851
10,2,0,10,0.7665,0.7098,0.8765,0.7430,0.0876
10,2,0,11,0.8016,0.7573,0.8435,0.7873,0.0893
10,2,1,0,0.6120,0.5921,0.9669,0.5557,0.0729
10,2,1,1,0.8392,0.8123,0.9594,0.8252,0.0761
10,2,1,2,0.7872,0.7646,0.9506,0.7643,0.0817
10,2,1,3,0.9039,0.8546,0.8797,0.9051,0.0723
10,2,1,4,0.9286,0.9111,0.9577,0.9277,0.0607
10,2,1,5,0.9177,0.8847,0.9783,0.9129,0.0573
10,2,1,6,0.8237,0.7671,0.9780,0.8035,0.0556
10,2,1,7,0.8965,0.8782,0.9481,0.8919,0.0674
10,2,1,8,0.9396,0.9364,0.9869,0.9371,0.0516
10,2,1,9,0.9515,0.9482,0.9933,0.9486,0.0415
10,2,1,10,0.1696,0.4897,0.8718,0.0162,0.0917
10,2,1,11,0.3282,0.2370,0.9621,0.2428,0.0325
10,2,2,0,0.7243,0.6601,0.9122,0.6894,0.0805
10,2,2,1,0.9792,0.9719,0.9920,0.9790,0.0320
10,2,2,2,0.3859,0.4042,0.9755,0.2987,0.0534
10,2,2,3,0.6644,0.6348,0.9734,0.6177,0.0704
10,2,2,4,0.8285,0.8307,0.9885,0.8088,0.0592
10,2,2,5,0.6163,0.6027,0.9434,0.5601,0.0777
10,2,2,6,0.9641,0.9694,0.9963,0.9618,0.0341
10,2,2,7,0.6521,0.6237,0.8379,0.6039,0.0946
10,2,2,8,0.5708,0.6128,0.9628,0.5084,0.0652
10,2,2,9,0.4000,0.4774,0.9189,0.3022,0.0733
10,2,2,10,0.8077,0.7614,0.8892,0.7914,0.0861
10,2,2,11,0.9826,0.9775,0.9931,0.9834,0.0350
10,2,3,0,0.9990,0.9987,0.9999,0.9989,0.0020
10,2,3,1,0.9475,0.9334,0.9942,0.9435,0.0396
10,2,3,2,0.4312,0.4253,0.9737,0.3479,0.0605
10,2,3,3,0.8751,0.8540,0.9909,0.8607,0.0409
10,2,3,4,0.9994,0.9995,1.0000,0.9993,0.0017
10,2,3,5,0.9388,0.9327,0.9629,0.9361,0.0514
10,2,3,6,0.5881,0.5917,0.8668,0.5252,0.0875
10,2,3,7,0.6125,0.5501,0.9685,0.5572,0.0665
10,2,3,8,0.5823,0.5530,0.9768,0.5245,0.0568
10,2,3,9,0.7625,0.7495,0.9786,0.7323,0.0537
10,2,3,10,0.9671,0.9578,0.9939,0.9658,0.0365
10,2,3,11,0.7752,0.7119,0.9600,0.7479,0.0689
10,2,4,0,0.7113,0.6947,0.9804,0.6736,0.0484
10,2,4,1,0.8737,0.8044,0.9869,0.8598,0.0468
10,2,4,2,0.9969,0.9968,0.9993,0.9969,0.0127
10,2,4,3,0.6957,0.6468,0.8891,0.6544,0.0678
10,2,4,4,0.9859,0.9781,0.9972,0.9853,0.0228
10,2,4,5,0.9498,0.9346,0.9957,0.9456,0.0350
10,2,4,6,0.8968,0.8899,0.9606,0.8907,0.0649
10,2,4,7,0.5137,0.4678,0.9541,0.4431,0.0594
10,2,4,8,0.9863,0.9862,0.9981,0.9858,0.0223
10,2,4,9,0.8192,0.7799,0.9771,0.7981,0.0569
10,2,4,10,0.9979,0.9970,0.9996,0.9978,0.0060
10,2,4,11,0.1906,0.2577,0.9640,0.1065,0.0029
10,2,5,0,0.9994,0.9994,0.9999,0.9993,0.0008
10,2,5,1,0.9996,0.9994,0.9997,0.9996,0.0029
10,2,5,2,0.8547,0.8231,0.9828,0.8386,0.0554
10,2,5,3,0.8840,0.8628,0.9513,0.8760,0.0680
10,2,5,4,0.8769,0.8274,0.9725,0.8661,0.0619
10,2,5,5,0.9988,0.9985,0.9999,0.9987,0.0021
10,2,5,6,0.9916,0.9892,0.9993,0.9910,0.0130
10,2,5,7,0.9050,0.8834,0.9956,0.8946,0.0349
10,2,5,8,0.9910,0.9884,0.9989,0.9904,0.0161
10,2,5,9,0.9977,0.9983,0.9998,0.9976,0.0077
10,2,5,10,0.8940,0.8490,0.9789,0.8839,0.0514
10,2,5,11,0.9739,0.9585,0.9971,0.9719,0.0256
10,2,6,0,0.7978,0.7606,0.9482,0.7739,0.0636
10,2,6,1,0.9853,0.9805,0.9977,0.9841,0.0177
10,2,6,2,0.9917,0.9910,0.9986,0.9914,0.0178
10,2,6,3,0.9538,0.9519,0.9923,0.9505,0.0384
10,2,6,4,0.9421,0.9273,0.9665,0.9412,0.0535
10,2,6,5,0.9793,0.9766,0.9956,0.9789,0.0312
10,2,6,6,0.9944,0.9907,0.9991,0.9941,0.0139
10,2,6,7,0.8466,0.8023,0.9394,0.8328,0.0685
10,2,6,8,0.9107,0.8754,0.9821,0.9032,0.0522
10,2,6,9,0.9997,0.9996,0.9998,0.9997,0.0028
10,2,6,10,0.9992,0.9994,0.9999,0.9992,0.0013
10,2,6,11,0.9653,0.9585,0.9924,0.9643,0.0401
10,2,7,0,0.9229,0.9288,0.9944,0.9149,0.0374
10,2,7,1,0.9864,0.9842,0.9993,0.9851,0.0147
10,2,7,2,0.9996,0.9995,0.9998,0.9997,0.0029
10,2,7,3,0.9406,0.9200,0.9671,0.9390,0.0531
10,2,7,4,0.9278,0.8991,0.9931,0.9204,0.0366
10,2,7,5,0.9789,0.9768,0.9960,0.9783,0.0304
10,2,7,6,0.9914,0.9921,0.9988,0.9910,0.0167
10,2,7,7,0.9969,0.9966,0.9999,0.9966,0.0049
10,2,7,8,0.9015,0.8693,0.9792,0.8921,0.0463
10,2,7,9,0.9797,0.9705,0.9926,0.9791,0.0296
10,2,7,10,0.9983,0.9979,0.9999,0.9982,0.0025
10,2,7,11,0.9998,0.9998,0.9999,0.9998,0.0005
10,2,8,0,0.9964,0.9968,0.9994,0.9963,0.0129
10,2,8,1,0.9971,0.9962,0.9998,0.9968,0.0034
10,2,8,2,0.9652,0.9624,0.9907,0.9637,0.0378
10,2,8,3,0.9873,0.9816,0.9969,0.9864,0.0178
10,2,8,4,0.9536,0.9398,0.9962,0.9495,0.0344
10,2,8,5,0.8477,0.8303,0.9595,0.8324,0.0653
10,2,8,6,0.9913,0.9929,0.9994,0.9905,0.0129
10,2,8,7,0.8300,0.8426,0.9887,0.8095,0.0376
10,2,8,8,0.8891,0.8642,0.9782,0.8791,0.0555
10,2,8,9,0.9591,0.9527,0.9814,0.9581,0.0439
10,2,8,10,0.9799,0.9732,0.9896,0.9800,0.0341
10,2,8,11,0.9949,0.9929,0.9953,0.9948,0.0153
10,2,9,0,0.9192,0.8894,0.9554,0.9106,0.0370
10,2,9,1,0.9995,0.9996,0.9998,0.9994,0.0016
10,2,9,2,0.9382,0.9126,0.9756,0.9327,0.0401
10,2,9,3,0.9101,0.9016,0.9841,0.9025,0.0518
10,2,9,4,0.9938,0.9947,0.9998,0.9932,0.0067
10,2,9,5,0.9951,0.9914,0.9945,0.9953,0.0177
10,2,9,6,0.9998,0.9998,1.0000,0.9997,0.0009
10,2,9,7,0.9786,0.9735,0.9948,0.9774,0.0265
10,2,9,8,0.9908,0.9871,0.9903,0.9904,0.0188
10,2,9,9,0.9998,0.9997,0.9999,0.9998,0.0018
10,2,9,10,0.9179,0.8874,0.9915,0.9097,0.0434
10,2,9,11,0.9998,0.9997,0.9999,0.9998,0.0024
10,2,10,0,0.9734,0.9674,0.9824,0.9716,0.0281
10,2,10,1,0.9986,0.9986,0.9999,0.9985,0.0028
10,2,10,2,1.0000,1.0000,1.0000,1.0000,0.0000
10,2,10,3,0.9950,0.9949,0.9991,0.9947,0.0122
10,2,10,4,0.9955,0.9961,0.9982,0.9953,0.0131
10,2,10,5,0.8982,0.8713,0.9930,0.8867,0.0361
10,2,10,6,0.9989,0.9990,0.9995,0.9988,0.0050
10,2,10,7,0.9894,0.9845,0.9917,0.9891,0.0207
10,2,10,8,0.9997,0.9997,1.0000,0.9997,0.0012
10,2,10,9,0.9091,0.8797,0.9895,0.8997,0.0430
10,2,10,10,0.9998,0.9998,1.0000,0.9997,0.0008
10,2,10,11,0.9831,0.9835,0.9991,0.9817,0.0193
10,2,11,0,0.7204,0.6590,0.7212,0.6897,0.0968
10,2,11,1,0.9968,0.9971,0.9995,0.9968,0.0104
10,2,11,2,0.9986,0.9987,0.9996,0.9986,0.0073
10,2,11,3,0.9399,0.9420,0.9765,0.9364,0.0480
10,2,11,4,0.9941,0.9922,0.9964,0.9946,0.0216
10,2,11,5,0.9962,0.9967,0.9992,0.9960,0.0101
10,2,11,6,0.9997,0.9997,1.0000,0.9997,0.0018
10,2,11,7,0.9913,0.9904,0.9985,0.9909,0.0178
10,2,11,8,0.1473,0.4372,0.9324,0.0135,0.0656
10,2,11,9,0.9998,0.9998,1.0000,0.9997,0.0012
10,2,11,10,0.9410,0.9415,0.9831,0.9375,0.0472
10,2,11,11,0.9383,0.9300,0.9826,0.9348,0.0493
10,3,0,0,0.7891,0.7622,0.8275,0.7624,0.0735
10,3,0,1,0.1468,0.1998,0.9642,0.0497,0.0140
10,3,0,2,0.8811,0.8687,0.9295,0.8705,0.0638
10,3,0,3,0.1766,0.2223,0.9641,0.0728,0.0123
10,3,0,4,0.4035,0.3571,0.9601,0.3040,0.0512
10,3,0,5,0.2229,0.2347,0.9603,0.1256,0.0139
10,3,0,6,0.6378,0.6193,0.8133,0.5763,0.0774
10,3,0,7,0.6108,0.5990,0.9203,0.5437,0.0777
10,3,0,8,0.6705,0.6791,0.9453,0.6171,0.0631
10,3,0,9,0.8467,0.8321,0.9157,0.8318,0.0729
10,3,0,10,0.7973,0.7547,0.8951,0.7730,0.0754
10,3,0,11,0.8335,0.7996,0.8650,0.8189,0.0771
10,3,1,0,0.6382,0.6360,0.9747,0.5792,0.0607
10,3,1,1,0.8618,0.8458,0.9690,0.8464,0.0639
10,3,1,2,0.8186,0.8042,0.9608,0.7955,0.0698
10,3,1,3,0.9179,0.8793,0.8988,0.9163,0.0601
10,3,1,4,0.9475,0.9356,0.9684,0.9458,0.0485
10,3,1,5,0.9301,0.9096,0.9850,0.9236,0.0451
10,3,1,6,0.8363,0.7968,0.9857,0.8136,0.0434
10,3,1,7,0.9137,0.9042,0.9601,0.9075,0.0552
10,3,1,8,0.9567,0.9562,0.9917,0.9538,0.0394
10,3,1,9,0.9633,0.9628,0.9956,0.9598,0.0295
10,3,1,10,0.2094,0.5364,0.8903,0.0513,0.0798
10,3,1,11,0.3554,0.2893,0.9643,0.2665,0.0206
10,3,2,0,0.7513,0.7054,0.9278,0.7146,0.0683
10,3,2,1,0.9842,0.9818,0.9963,0.9831,0.0198
10,3,2,2,0.4170,0.4550,0.9805,0.3266,0.0412
10,3,2,3,0.6847,0.6784,0.9793,0.6348,0.0585
10,3,2,4,0.8435,0.8552,0.9915,0.8219,0.0470
10,3,2,5,0.6428,0.6476,0.9547,0.5839,0.0655
10,3,2,6,0.9782,0.9830,0.9979,0.9761,0.0219
10,3,2,7,0.6888,0.6718,0.8588,0.6399,0.0824
10,3,2,8,0.5945,0.6519,0.9728,0.5289,0.0530
10,3,2,9,0.4257,0.5220,0.9346,0.3229,0.0611
10,3,2,10,0.8329,0.7999,0.9066,0.8151,0.0739
10,3,2,11,0.9871,0.9861,0.9967,0.9867,0.0228
10,3,3,0,0.9929,0.9942,0.9986,0.9924,0.0110
10,3,3,1,0.9567,0.9507,0.9962,0.9518,0.0274
10,3,3,2,0.4559,0.4745,0.9796,0.3685,0.0483
10,3,3,3,0.8861,0.8796,0.9929,0.8707,0.0287
10,3,3,4,0.9948,0.9950,0.9991,0.9945,0.0108
10,3,3,5,0.9509,0.9515,0.9730,0.9470,0.0392
10,3,3,6,0.6205,0.6413,0.8867,0.5554,0.0753
10,3,3,7,0.6403,0.5916,0.9770,0.5829,0.0543
10,3,3,8,0.6093,0.6006,0.9800,0.5495,0.0449
10,3,3,9,0.7741,0.7778,0.9825,0.7412,0.0415
10,3,3,10,0.9760,0.9706,0.9958,0.9740,0.0243
10,3,3,11,0.8031,0.7534,0.9693,0.7752,0.0567
10,3,4,0,0.7206,0.7244,0.9831,0.6794,0.0365
10,3,4,1,0.8824,0.8364,0.9907,0.8666,0.0349
10,3,4,2,0.9962,0.9968,0.9999,0.9958,0.0045
10,3,4,3,0.7077,0.6782,0.9068,0.6622,0.0556
10,3,4,4,0.9863,0.9847,0.9992,0.9847,0.0106
10,3,4,5,0.9520,0.9470,0.9978,0.9462,0.0228
10,3,4,6,0.9135,0.9161,0.9710,0.9059,0.0527
10,3,4,7,0.5489,0.5151,0.9628,0.4767,0.0472
10,3,4,8,0.9914,0.9924,0.9993,0.9905,0.0104
10,3,4,9,0.8402,0.8122,0.9849,0.8182,0.0447
10,3,4,10,0.9959,0.9955,0.9997,0.9955,0.0064
10,3,4,11,0.2176,0.3008,0.9627,0.1299,0.0151
10,3,5,0,0.9940,0.9940,0.9986,0.9936,0.0117
10,3,5,1,0.9930,0.9922,0.9980,0.9929,0.0151
10,3,5,2,0.8678,0.8511,0.9889,0.8500,0.0432
10,3,5,3,0.9003,0.8891,0.9632,0.8906,0.0558
10,3,5,4,0.8941,0.8566,0.9805,0.8819,0.0497
10,3,5,5,0.9952,0.9951,0.9989,0.9949,0.0104
10,3,5,6,0.9876,0.9914,0.9989,0.9860,0.0052
10,3,5,7,0.9200,0.9038,0.9973,0.9094,0.0232
10,3,5,8,0.9906,0.9924,0.9996,0.9894,0.0045
10,3,5,9,0.9948,0.9964,0.9997,0.9942,0.0047
10,3,5,10,0.9025,0.8707,0.9865,0.8904,0.0392
10,3,5,11,0.9798,0.9678,0.9978,0.9773,0.0139
10,3,6,0,0.8058,0.7868,0.9602,0.7781,0.0514
10,3,6,1,0.9878,0.9862,0.9996,0.9863,0.0058
10,3,6,2,0.9931,0.9948,0.9998,0.9923,0.0064
10,3,6,3,0.9681,0.9690,0.9963,0.9648,0.0262
10,3,6,4,0.9535,0.9475,0.9764,0.9511,0.0413
10,3,6,5,0.9884,0.9875,0.9981,0.9878,0.0190
10,3,6,6,0.9941,0.9926,0.9994,0.9933,0.0043
10,3,6,7,0.8717,0.8365,0.9520,0.8574,0.0563
10,3,6,8,0.9181,0.8953,0.9891,0.9084,0.0400
10,3,6,9,0.9934,0.9927,0.9982,0.9932,0.0150
10,3,6,10,0.9964,0.9957,0.9986,0.9963,0.0114
10,3,6,11,0.9655,0.9699,0.9963,0.9623,0.0279
10,3,7,0,0.9172,0.9376,0.9975,0.9062,0.0252
10,3,7,1,0.9924,0.9910,0.9995,0.9914,0.0056
10,3,7,2,0.9932,0.9925,0.9981,0.9931,0.0151
10,3,7,3,0.9497,0.9417,0.9768,0.9463,0.0409
10,3,7,4,0.9266,0.9207,0.9950,0.9170,0.0247
10,3,7,5,0.9827,0.9844,0.9985,0.9811,0.0182
10,3,7,6,0.9974,0.9977,0.9999,0.9971,0.0050
10,3,7,7,0.9963,0.9964,0.9994,0.9960,0.0076
10,3,7,8,0.9087,0.8943,0.9867,0.8972,0.0341
10,3,7,9,0.9821,0.9811,0.9966,0.9803,0.0174
10,3,7,10,0.9940,0.9946,0.9987,0.9937,0.0110
10,3,7,11,0.9947,0.9947,0.9989,0.9944,0.0119
10,3,8,0,0.9944,0.9962,0.9999,0.9937,0.0038
10,3,8,1,0.9932,0.9934,0.9986,0.9927,0.0109
10,3,8,2,0.9766,0.9770,0.9947,0.9747,0.0258
10,3,8,3,0.9911,0.9882,0.9993,0.9900,0.0064
10,3,8,4,0.9482,0.9514,0.9982,0.9416,0.0222
10,3,8,5,0.8513,0.8575,0.9698,0.8318,0.0531
10,3,8,6,0.9969,0.9973,1.0000,0.9965,0.0025
10,3,8,7,0.8312,0.8608,0.9912,0.8079,0.0257
10,3,8,8,0.9079,0.8917,0.9856,0.8972,0.0433
10,3,8,9,0.9701,0.9687,0.9884,0.9683,0.0317
10,3,8,10,0.9896,0.9861,0.9946,0.9894,0.0219
10,3,8,11,0.9952,0.9953,0.9978,0.9946,0.0045
10,3,9,0,0.9196,0.9073,0.9649,0.9090,0.0248
10,3,9,1,0.9960,0.9952,0.9984,0.9960,0.0122
10,3,9,2,0.9495,0.9315,0.9829,0.9435,0.0279
10,3,9,3,0.9137,0.9237,0.9900,0.9034,0.0396
10,3,9,4,0.9971,0.9969,0.9996,0.9969,0.0076
10,3,9,5,0.9937,0.9950,0.9974,0.9930,0.0071
10,3,9,6,0.9953,0.9952,0.9991,0.9951,0.0121
10,3,9,7,0.9871,0.9844,0.9979,0.9857,0.0143
10,3,9,8,0.9901,0.9895,0.9940,0.9889,0.0076
10,3,9,9,0.9948,0.9942,0.9986,0.9947,0.0140
10,3,9,10,0.9155,0.9072,0.9936,0.9044,0.0312
10,3,9,11,0.9939,0.9934,0.9985,0.9937,0.0146
10,3,10,0,0.9800,0.9777,0.9879,0.9778,0.0159
10,3,10,1,0.9966,0.9964,0.9992,0.9964,0.0105
10,3,10,2,0.9950,0.9949,0.9991,0.9947,0.0122
10,3,10,3,1.0000,1.0000,1.0000,1.0000,0.0000
10,3,10,4,0.9920,0.9951,0.9994,0.9910,0.0030
10,3,10,5,0.8981,0.8905,0.9944,0.8845,0.0249
10,3,10,6,0.9967,0.9967,0.9995,0.9964,0.0072
10,3,10,7,0.9910,0.9901,0.9952,0.9900,0.0098
10,3,10,8,0.9947,0.9943,0.9988,0.9945,0.0131
10,3,10,9,0.9150,0.9018,0.9942,0.9039,0.0308
10,3,10,10,0.9955,0.9951,0.9990,0.9953,0.0119
10,3,10,11,0.9853,0.9883,0.9999,0.9834,0.0073
10,3,11,0,0.7499,0.7064,0.7494,0.7172,0.0846
10,3,11,1,0.9978,0.9981,0.9999,0.9975,0.0045
10,3,11,2,0.9977,0.9977,0.9999,0.9974,0.0051
10,3,11,3,0.9531,0.9592,0.9844,0.9489,0.0358
10,3,11,4,0.9960,0.9964,0.9991,0.9958,0.0108
10,3,11,5,0.9983,0.9983,0.9999,0.9981,0.0029
10,3,11,6,0.9964,0.9962,0.9993,0.9962,0.0104
10,3,11,7,0.9957,0.9956,0.9998,0.9952,0.0056
10,3,11,8,0.1881,0.4888,0.9419,0.0502,0.0537
10,3,11,9,0.9961,0.9957,0.9990,0.9960,0.0118
10,3,11,10,0.9520,0.9581,0.9899,0.9475,0.0350
10,3,11,11,0.9474,0.9468,0.9891,0.9424,0.0371
10,4,0,0,0.7915,0.7565,0.8324,0.7647,0.0725
10,4,0,1,0.1336,0.1777,0.9556,0.0344,0.0150
10,4,0,2,0.8841,0.8609,0.9311,0.8736,0.0628
10,4,0,3,0.1652,0.1998,0.9562,0.0593,0.0132
10,4,0,4,0.4004,0.3387,0.9553,0.2996,0.0502
10,4,0,5,0.2188,0.2114,0.9511,0.1204,0.0143
10,4,0,6,0.6486,0.6164,0.8186,0.5888,0.0765
10,4,0,7,0.6045,0.5841,0.9222,0.5352,0.0767
10,4,0,8,0.6568,0.6657,0.9448,0.5999,0.0622
10,4,0,9,0.8438,0.8223,0.9174,0.8276,0.0720
10,4,0,10,0.7890,0.7388,0.8943,0.7621,0.0745
10,4,0,11,0.8229,0.7862,0.8669,0.8051,0.0762
10,4,1,0,0.6398,0.6189,0.9725,0.5805,0.0601
10,4,1,1,0.8562,0.8320,0.9678,0.8392,0.0630
10,4,1,2,0.8057,0.7853,0.9584,0.7793,0.0691
10,4,1,3,0.9215,0.8792,0.9027,0.9203,0.0592
10,4,1,4,0.9401,0.9251,0.9699,0.9368,0.0476
10,4,1,5,0.9237,0.8983,0.9829,0.9158,0.0442
10,4,1,6,0.8332,0.7871,0.9855,0.8096,0.0425
10,4,1,7,0.9126,0.8981,0.9613,0.9058,0.0543
10,4,1,8,0.9464,0.9443,0.9902,0.9416,0.0384
10,4,1,9,0.9551,0.9530,0.9933,0.9501,0.0294
10,4,1,10,0.2175,0.5246,0.8871,0.0601,0.0791
10,4,1,11,0.3509,0.2659,0.9559,0.2607,0.0194
10,4,2,0,0.7443,0.6946,0.9262,0.7055,0.0674
10,4,2,1,0.9792,0.9782,0.9966,0.9772,0.0189
10,4,2,2,0.4174,0.4391,0.9761,0.3264,0.0405
10,4,2,3,0.6859,0.6589,0.9757,0.6356,0.0579
10,4,2,4,0.8435,0.8513,0.9876,0.8216,0.0463
10,4,2,5,0.6527,0.6370,0.9558,0.5950,0.0645
10,4,2,6,0.9695,0.9738,0.9959,0.9660,0.0213
10,4,2,7,0.6853,0.6571,0.8628,0.6347,0.0815
10,4,2,8,0.5989,0.6498,0.9725,0.5334,0.0521
10,4,2,9,0.4530,0.5197,0.9364,0.3548,0.0602
10,4,2,10,0.8313,0.7874,0.9095,0.8125,0.0729
10,4,2,11,0.9868,0.9824,0.9961,0.9862,0.0222
10,4,3,0,0.9935,0.9952,0.9973,0.9931,0.0119
10,4,3,1,0.9498,0.9400,0.9943,0.9438,0.0265
10,4,3,2,0.4589,0.4586,0.9766,0.3713,0.0474
10,4,3,3,0.8840,0.8707,0.9886,0.8681,0.0281
10,4,3,4,0.9945,0.9967,0.9982,0.9942,0.0117
10,4,3,5,0.9519,0.9521,0.9763,0.9480,0.0383
10,4,3,6,0.6267,0.6311,0.8892,0.5621,0.0744
10,4,3,7,0.6464,0.5856,0.9746,0.5896,0.0534
10,4,3,8,0.6060,0.5839,0.9743,0.5450,0.0442
10,4,3,9,0.7750,0.7764,0.9770,0.7418,0.0405
10,4,3,10,0.9703,0.9624,0.9934,0.9672,0.0236
10,4,3,11,0.7872,0.7390,0.9657,0.7559,0.0558
10,4,4,0,0.7209,0.7238,0.9774,0.6793,0.0358
10,4,4,1,0.8764,0.8231,0.9866,0.8594,0.0342
10,4,4,2,0.9958,0.9964,0.9991,0.9953,0.0041
10,4,4,3,0.7330,0.6912,0.9092,0.6917,0.0547
10,4,4,4,0.9849,0.9829,0.9983,0.9831,0.0100
10,4,4,5,0.9526,0.9440,0.9962,0.9468,0.0219
10,4,4,6,0.9194,0.9118,0.9726,0.9125,0.0518
10,4,4,7,0.5444,0.4976,0.9597,0.4708,0.0463
10,4,4,8,0.9881,0.9874,0.9978,0.9866,0.0108
10,4,4,9,0.8323,0.8017,0.9840,0.8085,0.0441
10,4,4,10,0.9942,0.9960,0.9994,0.9936,0.0071
10,4,4,11,0.2228,0.2878,0.9533,0.1351,0.0160
10,4,5,0,0.9948,0.9957,0.9972,0.9946,0.0126
10,4,5,1,0.9940,0.9937,0.9966,0.9941,0.0160
10,4,5,2,0.8746,0.8498,0.9865,0.8576,0.0425
10,4,5,3,0.9045,0.8860,0.9648,0.8951,0.0548
10,4,5,4,0.8907,0.8453,0.9802,0.8776,0.0488
10,4,5,5,0.9951,0.9949,0.9977,0.9948,0.0113
10,4,5,6,0.9911,0.9907,0.9970,0.9900,0.0051
10,4,5,7,0.9091,0.8929,0.9948,0.8969,0.0223
10,4,5,8,0.9876,0.9898,0.9988,0.9860,0.0043
10,4,5,9,0.9979,0.9979,0.9989,0.9977,0.0054
10,4,5,10,0.9130,0.8726,0.9860,0.9022,0.0383
10,4,5,11,0.9759,0.9623,0.9952,0.9728,0.0127
10,4,6,0,0.8236,0.7934,0.9622,0.7987,0.0505
10,4,6,1,0.9823,0.9833,0.9994,0.9800,0.0062
10,4,6,2,0.9922,0.9929,0.9994,0.9912,0.0066
10,4,6,3,0.9582,0.9598,0.9951,0.9534,0.0258
10,4,6,4,0.9557,0.9444,0.9776,0.9533,0.0404
10,4,6,5,0.9835,0.9812,0.9969,0.9820,0.0181
10,4,6,6,0.9924,0.9896,0.9982,0.9915,0.0029
10,4,6,7,0.8644,0.8241,0.9546,0.8482,0.0554
10,4,6,8,0.9209,0.8968,0.9893,0.9114,0.0391
10,4,6,9,0.9944,0.9942,0.9969,0.9945,0.0159
10,4,6,10,0.9947,0.9950,0.9972,0.9944,0.0123
10,4,6,11,0.9721,0.9686,0.9959,0.9698,0.0270
10,4,7,0,0.9353,0.9458,0.9960,0.9268,0.0245
10,4,7,1,0.9826,0.9829,0.9982,0.9803,0.0068
10,4,7,2,0.9942,0.9940,0.9968,0.9943,0.0160
10,4,7,3,0.9514,0.9391,0.9782,0.9480,0.0400
10,4,7,4,0.9203,0.9118,0.9917,0.9096,0.0243
10,4,7,5,0.9830,0.9840,0.9981,0.9813,0.0173
10,4,7,6,0.9909,0.9930,0.9992,0.9898,0.0054
10,4,7,7,0.9924,0.9940,0.9982,0.9916,0.0085
10,4,7,8,0.9126,0.8875,0.9862,0.9015,0.0332
10,4,7,9,0.9808,0.9783,0.9973,0.9788,0.0168
10,4,7,10,0.9934,0.9936,0.9974,0.9930,0.0119
10,4,7,11,0.9953,0.9960,0.9976,0.9951,0.0129
10,4,8,0,0.9978,0.9977,0.9992,0.9975,0.0034
10,4,8,1,0.9918,0.9919,0.9971,0.9912,0.0118
10,4,8,2,0.9704,0.9698,0.9932,0.9674,0.0252
10,4,8,3,0.9841,0.9837,0.9991,0.9821,0.0066
10,4,8,4,0.9510,0.9506,0.9965,0.9447,0.0213
10,4,8,5,0.8701,0.8550,0.9717,0.8537,0.0522
10,4,8,6,0.9890,0.9937,0.9991,0.9877,0.0039
10,4,8,7,0.8347,0.8692,0.9870,0.8116,0.0248
10,4,8,8,0.9051,0.8811,0.9852,0.8937,0.0424
10,4,8,9,0.9733,0.9676,0.9899,0.9718,0.0308
10,4,8,10,0.9823,0.9806,0.9955,0.9808,0.0210
10,4,8,11,0.9948,0.9959,0.9993,0.9942,0.0033
10,4,9,0,0.9346,0.9099,0.9700,0.9260,0.0239
10,4,9,1,0.9944,0.9950,0.9970,0.9942,0.0131
10,4,9,2,0.9502,0.9277,0.9860,0.9440,0.0270
10,4,9,3,0.9225,0.9213,0.9886,0.9134,0.0387
10,4,9,4,0.9906,0.9930,0.9992,0.9896,0.0088
10,4,9,5,0.9950,0.9948,0.9987,0.9944,0.0054
10,4,9,6,0.9949,0.9959,0.9984,0.9947,0.0130
10,4,9,7,0.9804,0.9780,0.9986,0.9780,0.0139
10,4,9,8,0.9950,0.9939,0.9966,0.9944,0.0056
10,4,9,9,0.9945,0.9948,0.9975,0.9945,0.0150
10,4,9,10,0.9157,0.8998,0.9899,0.9045,0.0306
10,4,9,11,0.9949,0.9948,0.9973,0.9949,0.0155
10,4,10,0,0.9819,0.9776,0.9916,0.9798,0.0150
10,4,10,1,0.9938,0.9948,0.9979,0.9934,0.0114
10,4,10,2,0.9955,0.9961,0.9982,0.9953,0.0131
10,4,10,3,0.9920,0.9951,0.9994,0.9910,0.0030
10,4,10,4,1.0000,1.0000,1.0000,1.0000,0.0000
10,4,10,5,0.8914,0.8877,0.9902,0.8767,0.0253
10,4,10,6,0.9961,0.9971,0.9996,0.9958,0.0081
10,4,10,7,0.9915,0.9900,0.9973,0.9905,0.0079
10,4,10,8,0.9950,0.9956,0.9977,0.9949,0.0140
10,4,10,9,0.9043,0.8978,0.9924,0.8915,0.0299
10,4,10,10,0.9957,0.9958,0.9980,0.9955,0.0129
10,4,10,11,0.9856,0.9883,0.9988,0.9837,0.0072
10,4,11,0,0.7546,0.7033,0.7558,0.7223,0.0837
10,4,11,1,0.9961,0.9965,0.9992,0.9956,0.0049
10,4,11,2,0.9964,0.9974,0.9993,0.9961,0.0058
10,4,11,3,0.9580,0.9602,0.9867,0.9544,0.0349
10,4,11,4,0.9943,0.9951,0.9986,0.9938,0.0088
10,4,11,5,0.9941,0.9967,0.9997,0.9934,0.0041
10,4,11,6,0.9957,0.9960,0.9983,0.9954,0.0113
10,4,11,7,0.9902,0.9917,0.9991,0.9890,0.0050
10,4,11,8,0.1907,0.4726,0.9340,0.0523,0.0530
10,4,11,9,0.9951,0.9957,0.9977,0.9948,0.0127
10,4,11,10,0.9530,0.9591,0.9905,0.9484,0.0341
10,4,11,11,0.9560,0.9458,0.9899,0.9521,0.0362
10,5,0,0,0.8133,0.8166,0.8243,0.7830,0.0530
10,5,0,1,0.1839,0.2938,0.9835,0.0820,0.0379
10,5,0,2,0.8803,0.8891,0.9299,0.8628,0.0438
10,5,0,3,0.2109,0.3216,0.9830,0.1015,0.0189
10,5,0,4,0.4556,0.4705,0.9751,0.3544,0.0289
10,5,0,5,0.2703,0.3364,0.9817,0.1699,0.0181
10,5,0,6,0.6745,0.7047,0.8096,0.6100,0.0548
10,5,0,7,0.6852,0.7049,0.9217,0.6240,0.0546
10,5,0,8,0.6728,0.7500,0.9507,0.6103,0.0413
10,5,0,9,0.8534,0.8649,0.9173,0.8318,0.0546
10,5,0,10,0.8102,0.8080,0.9056,0.7794,0.0523
10,5,0,11,0.8549,0.8373,0.8694,0.8363,0.0567
10,5,1,0,0.7356,0.7745,0.9815,0.6873,0.0382
10,5,1,1,0.8970,0.8978,0.9737,0.8825,0.0434
10,5,1,2,0.8380,0.8576,0.9702,0.8114,0.0498
10,5,1,3,0.8737,0.8321,0.8942,0.8556,0.0462
10,5,1,4,0.9106,0.9156,0.9652,0.8972,0.0386
10,5,1,5,0.9291,0.9306,0.9896,0.9185,0.0270
10,5,1,6,0.8210,0.8818,0.9845,0.7903,0.0256
10,5,1,7,0.9160,0.9168,0.9591,0.9047,0.0411
10,5,1,8,0.9117,0.9210,0.9932,0.8976,0.0278
10,5,1,9,0.9091,0.9214,0.9971,0.8944,0.0198
10,5,1,10,0.2786,0.5867,0.9063,0.1195,0.0580
10,5,1,11,0.3842,0.3888,0.9845,0.2904,0.0119
10,5,2,0,0.7731,0.7762,0.9379,0.7323,0.0453
10,5,2,1,0.9222,0.9238,0.9908,0.9100,0.0251
10,5,2,2,0.5064,0.5849,0.9912,0.4214,0.0205
10,5,2,3,0.7781,0.8017,0.9886,0.7386,0.0349
10,5,2,4,0.8148,0.9114,0.9983,0.7832,0.0244
10,5,2,5,0.7395,0.7693,0.9547,0.6915,0.0424
10,5,2,6,0.9058,0.9203,0.9979,0.8910,0.0232
10,5,2,7,0.7349,0.7491,0.8581,0.6860,0.0596
10,5,2,8,0.6743,0.7519,0.9743,0.6150,0.0304
10,5,2,9,0.4970,0.6381,0.9337,0.3966,0.0394
10,5,2,10,0.8580,0.8546,0.9054,0.8377,0.0537
10,5,2,11,0.9240,0.9115,0.9939,0.9119,0.0302
10,5,3,0,0.9002,0.8759,0.9937,0.8890,0.0349
10,5,3,1,0.9363,0.9357,0.9967,0.9262,0.0130
10,5,3,2,0.5565,0.6238,0.9874,0.4773,0.0249
10,5,3,3,0.8024,0.8811,0.9998,0.7713,0.0132
10,5,3,4,0.9051,0.8787,0.9931,0.8943,0.0346
10,5,3,5,0.8998,0.9359,0.9629,0.8836,0.0256
10,5,3,6,0.6802,0.7587,0.8881,0.6177,0.0525
10,5,3,7,0.6376,0.6765,0.9839,0.5713,0.0312
10,5,3,8,0.6626,0.7064,0.9933,0.6044,0.0223
10,5,3,9,0.8113,0.8581,0.9946,0.7796,0.0218
10,5,3,10,0.9295,0.9229,0.9975,0.9183,0.0188
10,5,3,11,0.8266,0.8243,0.9803,0.7969,0.0357
10,5,4,0,0.7596,0.8106,0.9957,0.7192,0.0205
10,5,4,1,0.8924,0.8793,0.9982,0.8749,0.0171
10,5,4,2,0.9026,0.8925,0.9946,0.8895,0.0278
10,5,4,3,0.6461,0.7460,0.9024,0.5803,0.0336
10,5,4,4,0.9107,0.9177,0.9953,0.8975,0.0198
10,5,4,5,0.9154,0.9414,0.9965,0.9021,0.0184
10,5,4,6,0.8833,0.9287,0.9669,0.8647,0.0346
10,5,4,7,0.5863,0.6135,0.9734,0.5119,0.0281
10,5,4,8,0.9055,0.9146,0.9968,0.8916,0.0227
10,5,4,9,0.8034,0.8654,0.9858,0.7696,0.0240
10,5,4,10,0.8966,0.8786,0.9924,0.8838,0.0303
10,5,4,11,0.2903,0.4360,0.9829,0.2032,0.0390
10,5,5,0,0.8963,0.8713,0.9937,0.8846,0.0356
10,5,5,1,0.8912,0.8609,0.9927,0.8800,0.0390
10,5,5,2,0.7632,0.8977,0.9930,0.7229,0.0209
10,5,5,3,0.8606,0.9059,0.9603,0.8377,0.0327
10,5,5,4,0.8671,0.8972,0.9805,0.8450,0.0285
10,5,5,5,0.8896,0.8807,0.9934,0.8767,0.0342
10,5,5,6,0.9081,0.9002,0.9965,0.8960,0.0234
10,5,5,7,0.7988,0.8995,0.9988,0.7673,0.0140
10,5,5,8,0.9104,0.9060,0.9950,0.8981,0.0218
10,5,5,9,0.8979,0.8858,0.9940,0.8849,0.0291
10,5,5,10,0.8352,0.9025,0.9855,0.8076,0.0232
10,5,5,11,0.8883,0.9064,0.9984,0.8717,0.0178
10,5,6,0,0.7751,0.8702,0.9563,0.7355,0.0296
10,5,6,1,0.8924,0.9143,0.9933,0.8774,0.0194
10,5,6,2,0.9152,0.9118,0.9942,0.9031,0.0251
10,5,6,3,0.8963,0.9457,0.9952,0.8798,0.0202
10,5,6,4,0.8770,0.9134,0.9724,0.8568,0.0266
10,5,6,5,0.9135,0.9200,0.9960,0.8999,0.0237
10,5,6,6,0.9002,0.8990,0.9951,0.8866,0.0253
10,5,6,7,0.8334,0.8812,0.9469,0.8051,0.0350
10,5,6,8,0.8417,0.8544,0.9860,0.8152,0.0222
10,5,6,9,0.8912,0.8617,0.9927,0.8797,0.0388
10,5,6,10,0.8971,0.8753,0.9939,0.8853,0.0353
10,5,6,11,0.9179,0.9207,0.9932,0.9047,0.0230
10,5,7,0,0.8411,0.8804,0.9966,0.8163,0.0134
10,5,7,1,0.9038,0.9019,0.9957,0.8910,0.0216
10,5,7,2,0.8911,0.8616,0.9927,0.8797,0.0390
10,5,7,3,0.8937,0.9099,0.9723,0.8765,0.0270
10,5,7,4,0.9636,0.9581,0.9992,0.9580,0.0060
10,5,7,5,0.9258,0.9283,0.9943,0.9142,0.0211
10,5,7,6,0.8974,0.8946,0.9951,0.8830,0.0254
10,5,7,7,0.8909,0.8926,0.9947,0.8777,0.0315
10,5,7,8,0.8400,0.9342,0.9863,0.8133,0.0226
10,5,7,9,0.9314,0.9238,0.9895,0.9207,0.0203
10,5,7,10,0.8893,0.8821,0.9938,0.8766,0.0349
10,5,7,11,0.8957,0.8702,0.9937,0.8838,0.0358
10,5,8,0,0.8938,0.8919,0.9945,0.8793,0.0272
10,5,8,1,0.8867,0.8874,0.9943,0.8737,0.0348
10,5,8,2,0.9117,0.9211,0.9951,0.8975,0.0232
10,5,8,3,0.8999,0.9072,0.9937,0.8858,0.0206
10,5,8,4,0.9650,0.9658,0.9973,0.9596,0.0096
10,5,8,5,0.8799,0.9188,0.9654,0.8604,0.0308
10,5,8,6,0.8977,0.8945,0.9947,0.8841,0.0232
10,5,8,7,0.7963,0.8404,0.9984,0.7644,0.0105
10,5,8,8,0.8179,0.9332,0.9850,0.7867,0.0268
10,5,8,9,0.8753,0.9355,0.9809,0.8548,0.0257
10,5,8,10,0.9091,0.9151,0.9872,0.8947,0.0245
10,5,8,11,0.8921,0.8864,0.9868,0.8772,0.0247
10,5,9,0,0.8345,0.8917,0.9463,0.8087,0.0135
10,5,9,1,0.8975,0.8729,0.9936,0.8861,0.0361
10,5,9,2,0.8445,0.9229,0.9701,0.8197,0.0109
10,5,9,3,0.8797,0.9120,0.9915,0.8599,0.0239
10,5,9,4,0.8939,0.8911,0.9926,0.8809,0.0294
10,5,9,5,0.9022,0.8935,0.9873,0.8882,0.0252
10,5,9,6,0.8954,0.8716,0.9924,0.8837,0.0359
10,5,9,7,0.9019,0.9242,0.9904,0.8871,0.0190
10,5,9,8,0.8789,0.8793,0.9801,0.8617,0.0213
10,5,9,9,0.8938,0.8672,0.9928,0.8823,0.0379
10,5,9,10,0.9731,0.9707,0.9990,0.9689,0.0108
10,5,9,11,0.8920,0.8649,0.9929,0.8803,0.0384
10,5,10,0,0.8709,0.9183,0.9724,0.8513,0.0135
10,5,10,1,0.8924,0.8826,0.9942,0.8799,0.0344
10,5,10,2,0.8982,0.8713,0.9930,0.8867,0.0361
10,5,10,3,0.8981,0.8905,0.9944,0.8845,0.0249
10,5,10,4,0.8914,0.8877,0.9902,0.8767,0.0253
10,5,10,5,1.0000,1.0000,1.0000,1.0000,0.0000
10,5,10,6,0.8943,0.8775,0.9910,0.8815,0.0311
10,5,10,7,0.8953,0.9068,0.9830,0.8802,0.0209
10,5,10,8,0.8917,0.8672,0.9931,0.8796,0.0370
10,5,10,9,0.9706,0.9625,0.9950,0.9661,0.0117
10,5,10,10,0.8936,0.8706,0.9930,0.8815,0.0358
10,5,10,11,0.8696,0.9073,0.9957,0.8512,0.0181
10,5,11,0,0.8090,0.7721,0.7455,0.7807,0.0615
10,5,11,1,0.8958,0.8959,0.9944,0.8819,0.0283
10,5,11,2,0.8960,0.8827,0.9938,0.8828,0.0295
10,5,11,3,0.8669,0.9462,0.9753,0.8449,0.0219
10,5,11,4,0.9054,0.8942,0.9944,0.8914,0.0286
10,5,11,5,0.9017,0.8862,0.9925,0.8889,0.0268
10,5,11,6,0.8978,0.8743,0.9936,0.8858,0.0342
10,5,11,7,0.9074,0.9062,0.9951,0.8944,0.0219
10,5,11,8,0.2660,0.5662,0.9654,0.1284,0.0311
10,5,11,9,0.8959,0.8717,0.9938,0.8840,0.0357
10,5,11,10,0.8883,0.9436,0.9853,0.8700,0.0203
10,5,11,11,0.8698,0.9412,0.9842,0.8482,0.0230
10,6,0,0,0.7750,0.7340,0.8169,0.7501,0.0807
10,6,0,1,0.1155,0.1602,0.9579,0.0198,0.0068
10,6,0,2,0.8692,0.8456,0.9213,0.8599,0.0710
10,6,0,3,0.1468,0.1809,0.9572,0.0446,0.0135
10,6,0,4,0.3752,0.3152,0.9514,0.2767,0.0584
10,6,0,5,0.2020,0.1925,0.9532,0.1071,0.0161
10,6,0,6,0.6217,0.5866,0.8026,0.5627,0.0846
10,6,0,7,0.5786,0.5572,0.9120,0.5105,0.0849
10,6,0,8,0.6388,0.6419,0.9368,0.5841,0.0703
10,6,0,9,0.8269,0.8041,0.9068,0.8121,0.0802
10,6,0,10,0.7745,0.7203,0.8835,0.7500,0.0826
10,6,0,11,0.8097,0.7682,0.8537,0.7946,0.0843
10,6,1,0,0.6173,0.5992,0.9684,0.5593,0.0680
10,6,1,1,0.8436,0.8183,0.9625,0.8284,0.0711
10,6,1,2,0.7934,0.7713,0.9530,0.7694,0.0770
10,6,1,3,0.9089,0.8629,0.8906,0.9092,0.0673
10,6,1,4,0.9348,0.9174,0.9634,0.9334,0.0558
10,6,1,5,0.9192,0.8892,0.9798,0.9132,0.0523
10,6,1,6,0.8276,0.7763,0.9814,0.8064,0.0506
10,6,1,7,0.9013,0.8850,0.9539,0.8958,0.0624
10,6,1,8,0.9444,0.9404,0.9879,0.9416,0.0466
10,6,1,9,0.9545,0.9508,0.9928,0.9511,0.0367
10,6,1,10,0.1836,0.5034,0.8774,0.0287,0.0870
10,6,1,11,0.3331,0.2458,0.9570,0.2458,0.0275
10,6,2,0,0.7297,0.6701,0.9176,0.6933,0.0756
10,6,2,1,0.9807,0.9755,0.9943,0.9801,0.0270
10,6,2,2,0.3907,0.4127,0.9743,0.3015,0.0484
10,6,2,3,0.6673,0.6411,0.9732,0.6186,0.0657
10,6,2,4,0.8339,0.8349,0.9872,0.8134,0.0542
10,6,2,5,0.6218,0.6111,0.9486,0.5639,0.0727
10,6,2,6,0.9685,0.9725,0.9958,0.9661,0.0291
10,6,2,7,0.6618,0.6345,0.8490,0.6125,0.0896
10,6,2,8,0.5757,0.6229,0.9668,0.5115,0.0602
10,6,2,9,0.4118,0.4907,0.9268,0.3128,0.0683
10,6,2,10,0.8149,0.7700,0.8984,0.7977,0.0811
10,6,2,11,0.9840,0.9791,0.9944,0.9843,0.0300
10,6,3,0,0.9974,0.9974,0.9989,0.9971,0.0041
10,6,3,1,0.9485,0.9374,0.9938,0.9438,0.0346
10,6,3,2,0.4348,0.4329,0.9738,0.3492,0.0555
10,6,3,3,0.8776,0.8583,0.9890,0.8626,0.0359
10,6,3,4,0.9984,0.9986,0.9994,0.9983,0.0035
10,6,3,5,0.9446,0.9415,0.9697,0.9417,0.0464
10,6,3,6,0.5993,0.6046,0.8768,0.5355,0.0825
10,6,3,7,0.6205,0.5603,0.9704,0.5641,0.0615
10,6,3,8,0.5844,0.5608,0.9740,0.5247,0.0521
10,6,3,9,0.7632,0.7569,0.9764,0.7315,0.0487
10,6,3,10,0.9684,0.9592,0.9932,0.9664,0.0315
10,6,3,11,0.7788,0.7194,0.9614,0.7502,0.0639
10,6,4,0,0.7102,0.6991,0.9775,0.6706,0.0437
10,6,4,1,0.8728,0.8105,0.9859,0.8577,0.0421
10,6,4,2,0.9974,0.9974,0.9994,0.9973,0.0077
10,6,4,3,0.7041,0.6625,0.8992,0.6621,0.0628
10,6,4,4,0.9849,0.9790,0.9979,0.9837,0.0178
10,6,4,5,0.9488,0.9367,0.9958,0.9437,0.0300
10,6,4,6,0.9040,0.8975,0.9662,0.8975,0.0600
10,6,4,7,0.5199,0.4751,0.9550,0.4476,0.0544
10,6,4,8,0.9889,0.9880,0.9980,0.9882,0.0176
10,6,4,9,0.8258,0.7889,0.9800,0.8042,0.0519
10,6,4,10,0.9979,0.9974,0.9999,0.9976,0.0021
10,6,4,11,0.1950,0.2645,0.9569,0.1091,0.0079
10,6,5,0,0.9982,0.9980,0.9988,0.9981,0.0045
10,6,5,1,0.9980,0.9976,0.9985,0.9980,0.0079
10,6,5,2,0.8611,0.8312,0.9839,0.8446,0.0504
10,6,5,3,0.8905,0.8714,0.9575,0.8821,0.0630
10,6,5,4,0.8820,0.8326,0.9758,0.8704,0.0569
10,6,5,5,0.9984,0.9977,0.9992,0.9983,0.0031
10,6,5,6,0.9900,0.9896,0.9982,0.9889,0.0085
10,6,5,7,0.9092,0.8877,0.9949,0.8985,0.0302
10,6,5,8,0.9910,0.9903,0.9990,0.9901,0.0112
10,6,5,9,0.9978,0.9983,0.9996,0.9976,0.0028
10,6,5,10,0.8978,0.8555,0.9822,0.8870,0.0464
10,6,5,11,0.9749,0.9596,0.9959,0.9725,0.0206
10,6,6,0,0.8030,0.7712,0.9546,0.7782,0.0586
10,6,6,1,0.9873,0.9831,0.9989,0.9861,0.0127
10,6,6,2,0.9923,0.9924,0.9991,0.9918,0.0129
10,6,6,3,0.9592,0.9573,0.9934,0.9559,0.0335
10,6,6,4,0.9473,0.9333,0.9717,0.9460,0.0485
10,6,6,5,0.9824,0.9793,0.9961,0.9819,0.0262
10,6,6,6,0.9945,0.9908,0.9989,0.9941,0.0089
10,6,6,7,0.8573,0.8127,0.9467,0.8436,0.0635
10,6,6,8,0.9132,0.8804,0.9855,0.9049,0.0472
10,6,6,9,0.9982,0.9979,0.9987,0.9982,0.0077
10,6,6,10,0.9989,0.9986,0.9988,0.9988,0.0042
10,6,6,11,0.9651,0.9611,0.9940,0.9632,0.0352
10,6,7,0,0.9216,0.9306,0.9949,0.9126,0.0324
10,6,7,1,0.9881,0.9860,0.9989,0.9868,0.0100
10,6,7,2,0.9981,0.9977,0.9986,0.9981,0.0079
10,6,7,3,0.9441,0.9268,0.9723,0.9419,0.0481
10,6,7,4,0.9252,0.9036,0.9918,0.9166,0.0319
10,6,7,5,0.9795,0.9794,0.9970,0.9784,0.0254
10,6,7,6,0.9941,0.9943,0.9991,0.9937,0.0117
10,6,7,7,0.9974,0.9969,0.9993,0.9971,0.0035
10,6,7,8,0.9055,0.8774,0.9823,0.8956,0.0413
10,6,7,9,0.9810,0.9743,0.9952,0.9800,0.0247
10,6,7,10,0.9975,0.9970,0.9989,0.9972,0.0041
10,6,7,11,0.9987,0.9986,0.9991,0.9986,0.0047
10,6,8,0,0.9964,0.9969,0.9995,0.9961,0.0079
10,6,8,1,0.9965,0.9954,0.9987,0.9962,0.0052
10,6,8,2,0.9683,0.9665,0.9914,0.9664,0.0331
10,6,8,3,0.9897,0.9847,0.9982,0.9887,0.0129
10,6,8,4,0.9499,0.9429,0.9962,0.9446,0.0294
10,6,8,5,0.8484,0.8388,0.9651,0.8315,0.0603
10,6,8,6,0.9940,0.9951,0.9995,0.9934,0.0079
10,6,8,7,0.8283,0.8454,0.9869,0.8065,0.0327
10,6,8,8,0.8967,0.8719,0.9813,0.8866,0.0505
10,6,8,9,0.9645,0.9585,0.9858,0.9633,0.0390
10,6,8,10,0.9838,0.9778,0.9928,0.9838,0.0291
10,6,8,11,0.9971,0.9956,0.9978,0.9970,0.0104
10,6,9,0,0.9247,0.9027,0.9639,0.9161,0.0320
10,6,9,1,0.9988,0.9985,0.9987,0.9987,0.0050
10,6,9,2,0.9466,0.9221,0.9815,0.9414,0.0352
10,6,9,3,0.9100,0.9074,0.9857,0.9013,0.0468
10,6,9,4,0.9965,0.9971,0.9999,0.9961,0.0051
10,6,9,5,0.9954,0.9936,0.9972,0.9953,0.0127
10,6,9,6,0.9993,0.9992,0.9996,0.9993,0.0049
10,6,9,7,0.9828,0.9783,0.9970,0.9816,0.0215
10,6,9,8,0.9933,0.9905,0.9943,0.9928,0.0138
10,6,9,9,0.9989,0.9986,0.9990,0.9989,0.0068
10,6,9,10,0.9137,0.8924,0.9900,0.9039,0.0384
10,6,9,11,0.9986,0.9983,0.9989,0.9985,0.0073
10,6,10,0,0.9807,0.9755,0.9878,0.9792,0.0231
10,6,10,1,0.9988,0.9986,0.9992,0.9986,0.0043
10,6,10,2,0.9989,0.9990,0.9995,0.9988,0.0050
10,6,10,3,0.9967,0.9967,0.9995,0.9964,0.0072
10,6,10,4,0.9961,0.9971,0.9996,0.9958,0.0081
10,6,10,5,0.8943,0.8775,0.9910,0.8815,0.0311
10,6,10,6,1.0000,1.0000,1.0000,1.0000,0.0000
10,6,10,7,0.9925,0.9884,0.9952,0.9921,0.0157
10,6,10,8,0.9988,0.9986,0.9991,0.9987,0.0059
10,6,10,9,0.9097,0.8867,0.9907,0.8995,0.0380
10,6,10,10,0.9993,0.9991,0.9994,0.9993,0.0047
10,6,10,11,0.9851,0.9855,0.9991,0.9836,0.0143
10,6,11,0,0.7292,0.6749,0.7373,0.6973,0.0918
10,6,11,1,0.9982,0.9980,0.9996,0.9981,0.0067
10,6,11,2,0.9993,0.9991,0.9997,0.9993,0.0031
10,6,11,3,0.9494,0.9503,0.9818,0.9463,0.0430
10,6,11,4,0.9951,0.9936,0.9976,0.9953,0.0167
10,6,11,5,0.9979,0.9982,0.9998,0.9977,0.0051
10,6,11,6,0.9994,0.9992,0.9994,0.9994,0.0031
10,6,11,7,0.9930,0.9923,0.9989,0.9926,0.0129
10,6,11,8,0.1598,0.4510,0.9309,0.0243,0.0609
10,6,11,9,0.9991,0.9989,0.9991,0.9990,0.0046
10,6,11,10,0.9481,0.9477,0.9867,0.9446,0.0422
10,6,11,11,0.9440,0.9356,0.9861,0.9403,0.0443
10,7,0,0,0.8142,0.8040,0.8610,0.7882,0.0649
10,7,0,1,0.1574,0.2225,0.9395,0.0564,0.0226
10,7,0,2,0.8914,0.8882,0.9458,0.8793,0.0552
10,7,0,3,0.1910,0.2465,0.9418,0.0836,0.0148
10,7,0,4,0.4261,0.3914,0.9520,0.3245,0.0426
10,7,0,5,0.2447,0.2574,0.9353,0.1451,0.0156
10,7,0,6,0.6714,0.6667,0.8498,0.6115,0.0689
10,7,0,7,0.6168,0.6233,0.9361,0.5447,0.0691
10,7,0,8,0.6715,0.7034,0.9541,0.6130,0.0546
10,7,0,9,0.8562,0.8500,0.9334,0.8389,0.0644
10,7,0,10,0.8110,0.7772,0.9098,0.7847,0.0669
10,7,0,11,0.8421,0.8198,0.8885,0.8243,0.0686
10,7,1,0,0.6557,0.6631,0.9733,0.5952,0.0525
10,7,1,1,0.8707,0.8584,0.9724,0.8535,0.0554
10,7,1,2,0.8241,0.8170,0.9621,0.7979,0.0615
10,7,1,3,0.9278,0.8942,0.9242,0.9248,0.0516
10,7,1,4,0.9537,0.9460,0.9794,0.9507,0.0416
10,7,1,5,0.9325,0.9213,0.9838,0.9242,0.0366
10,7,1,6,0.8528,0.8269,0.9897,0.8302,0.0349
10,7,1,7,0.9222,0.9188,0.9708,0.9146,0.0467
10,7,1,8,0.9550,0.9553,0.9887,0.9500,0.0314
10,7,1,9,0.9610,0.9612,0.9881,0.9559,0.0223
10,7,1,10,0.2422,0.5761,0.9004,0.0824,0.0715
10,7,1,11,0.3729,0.3087,0.9421,0.2815,0.0131
10,7,2,0,0.7558,0.7287,0.9376,0.7152,0.0598
10,7,2,1,0.9835,0.9865,0.9968,0.9815,0.0152
10,7,2,2,0.4230,0.4775,0.9702,0.3281,0.0332
10,7,2,3,0.6970,0.6967,0.9727,0.6449,0.0502
10,7,2,4,0.8510,0.8691,0.9815,0.8280,0.0392
10,7,2,5,0.6573,0.6724,0.9638,0.5959,0.0569
10,7,2,6,0.9720,0.9755,0.9907,0.9681,0.0178
10,7,2,7,0.7083,0.7032,0.8854,0.6578,0.0739
10,7,2,8,0.6038,0.6740,0.9780,0.5350,0.0445
10,7,2,9,0.4576,0.5734,0.9516,0.3545,0.0526
10,7,2,10,0.8508,0.8243,0.9278,0.8325,0.0653
10,7,2,11,0.9881,0.9851,0.9949,0.9869,0.0190
10,7,3,0,0.9877,0.9842,0.9900,0.9871,0.0195
10,7,3,1,0.9543,0.9473,0.9889,0.9479,0.0192
10,7,3,2,0.4644,0.4961,0.9729,0.3730,0.0397
10,7,3,3,0.8844,0.8807,0.9821,0.8673,0.0205
10,7,3,4,0.9882,0.9853,0.9916,0.9875,0.0193
10,7,3,5,0.9562,0.9636,0.9867,0.9514,0.0307
10,7,3,6,0.6528,0.6756,0.9099,0.5889,0.0668
10,7,3,7,0.6510,0.6281,0.9763,0.5911,0.0458
10,7,3,8,0.6057,0.6103,0.9657,0.5410,0.0366
10,7,3,9,0.7781,0.7867,0.9696,0.7430,0.0329
10,7,3,10,0.9736,0.9693,0.9885,0.9702,0.0165
10,7,3,11,0.7915,0.7640,0.9672,0.7577,0.0481
10,7,4,0,0.7275,0.7358,0.9682,0.6842,0.0282
10,7,4,1,0.8750,0.8441,0.9824,0.8560,0.0266
10,7,4,2,0.9914,0.9879,0.9941,0.9904,0.0117
10,7,4,3,0.7464,0.7319,0.9316,0.7040,0.0471
10,7,4,4,0.9827,0.9833,0.9956,0.9802,0.0052
10,7,4,5,0.9519,0.9538,0.9926,0.9450,0.0146
10,7,4,6,0.9223,0.9275,0.9813,0.9136,0.0442
10,7,4,7,0.5624,0.5416,0.9581,0.4876,0.0387
10,7,4,8,0.9885,0.9880,0.9932,0.9869,0.0113
10,7,4,9,0.8397,0.8195,0.9874,0.8148,0.0365
10,7,4,10,0.9890,0.9864,0.9949,0.9881,0.0147
10,7,4,11,0.2216,0.3302,0.9354,0.1297,0.0236
10,7,5,0,0.9882,0.9829,0.9896,0.9877,0.0202
10,7,5,1,0.9865,0.9795,0.9886,0.9864,0.0236
10,7,5,2,0.8778,0.8641,0.9863,0.8594,0.0349
10,7,5,3,0.9095,0.9022,0.9747,0.8986,0.0472
10,7,5,4,0.9026,0.8694,0.9845,0.8894,0.0412
10,7,5,5,0.9899,0.9852,0.9909,0.9895,0.0189
10,7,5,6,0.9832,0.9823,0.9901,0.9811,0.0077
10,7,5,7,0.9151,0.9095,0.9898,0.9027,0.0152
10,7,5,8,0.9876,0.9857,0.9937,0.9860,0.0077
10,7,5,9,0.9907,0.9877,0.9931,0.9899,0.0130
10,7,5,10,0.9244,0.8996,0.9908,0.9138,0.0307
10,7,5,11,0.9745,0.9663,0.9889,0.9708,0.0072
10,7,6,0,0.8361,0.8153,0.9714,0.8107,0.0429
10,7,6,1,0.9867,0.9869,0.9973,0.9849,0.0083
10,7,6,2,0.9901,0.9912,0.9955,0.9887,0.0094
10,7,6,3,0.9672,0.9694,0.9933,0.9627,0.0209
10,7,6,4,0.9586,0.9538,0.9855,0.9550,0.0328
10,7,6,5,0.9859,0.9838,0.9940,0.9842,0.0139
10,7,6,6,0.9913,0.9866,0.9932,0.9902,0.0068
10,7,6,7,0.8915,0.8665,0.9681,0.8777,0.0478
10,7,6,8,0.9168,0.9009,0.9933,0.9050,0.0315
10,7,6,9,0.9869,0.9801,0.9891,0.9867,0.0235
10,7,6,10,0.9895,0.9840,0.9898,0.9890,0.0199
10,7,6,11,0.9689,0.9702,0.9954,0.9650,0.0194
10,7,7,0,0.9215,0.9361,0.9929,0.9100,0.0174
10,7,7,1,0.9843,0.9827,0.9928,0.9824,0.0113
10,7,7,2,0.9867,0.9799,0.9889,0.9866,0.0236
10,7,7,3,0.9558,0.9491,0.9862,0.9514,0.0324
10,7,7,4,0.9314,0.9273,0.9857,0.9214,0.0190
10,7,7,5,0.9774,0.9822,0.9951,0.9743,0.0108
10,7,7,6,0.9900,0.9877,0.9951,0.9886,0.0112
10,7,7,7,0.9907,0.9877,0.9918,0.9901,0.0161
10,7,7,8,0.9250,0.9096,0.9896,0.9144,0.0256
10,7,7,9,0.9819,0.9825,0.9985,0.9795,0.0110
10,7,7,10,0.9897,0.9852,0.9902,0.9893,0.0195
10,7,7,11,0.9888,0.9834,0.9904,0.9884,0.0205
10,7,8,0,0.9913,0.9894,0.9945,0.9902,0.0105
10,7,8,1,0.9893,0.9845,0.9897,0.9889,0.0194
10,7,8,2,0.9722,0.9751,0.9902,0.9686,0.0199
10,7,8,3,0.9898,0.9877,0.9969,0.9884,0.0094
10,7,8,4,0.9485,0.9565,0.9925,0.9411,0.0147
10,7,8,5,0.8759,0.8775,0.9797,0.8579,0.0446
10,7,8,6,0.9884,0.9880,0.9944,0.9871,0.0105
10,7,8,7,0.8273,0.8607,0.9794,0.8016,0.0185
10,7,8,8,0.9230,0.9142,0.9892,0.9127,0.0348
10,7,8,9,0.9779,0.9784,0.9955,0.9759,0.0237
10,7,8,10,0.9903,0.9900,0.9982,0.9894,0.0147
10,7,8,11,0.9919,0.9905,0.9991,0.9909,0.0062
10,7,9,0,0.9558,0.9461,0.9840,0.9494,0.0165
10,7,9,1,0.9884,0.9831,0.9894,0.9881,0.0207
10,7,9,2,0.9723,0.9618,0.9953,0.9686,0.0202
10,7,9,3,0.9180,0.9259,0.9887,0.9065,0.0311
10,7,9,4,0.9907,0.9887,0.9942,0.9901,0.0148
10,7,9,5,0.9944,0.9941,0.9996,0.9936,0.0067
10,7,9,6,0.9903,0.9855,0.9920,0.9900,0.0206
10,7,9,7,0.9892,0.9884,0.9983,0.9877,0.0108
10,7,9,8,0.9902,0.9880,0.9996,0.9888,0.0043
10,7,9,9,0.9885,0.9826,0.9902,0.9883,0.0226
10,7,9,10,0.9201,0.9190,0.9839,0.9083,0.0235
10,7,9,11,0.9879,0.9815,0.9898,0.9877,0.0231
10,7,10,0,0.9920,0.9913,0.9979,0.9909,0.0094
10,7,10,1,0.9908,0.9868,0.9912,0.9904,0.0190
10,7,10,2,0.9894,0.9845,0.9917,0.9891,0.0207
10,7,10,3,0.9910,0.9901,0.9952,0.9900,0.0098
10,7,10,4,0.9915,0.9900,0.9973,0.9905,0.0079
10,7,10,5,0.8953,0.9068,0.9830,0.8802,0.0209
10,7,10,6,0.9925,0.9884,0.9952,0.9921,0.0157
10,7,10,7,1.0000,1.0000,1.0000,1.0000,0.0000
10,7,10,8,0.9884,0.9826,0.9905,0.9880,0.0216
10,7,10,9,0.9182,0.9234,0.9922,0.9062,0.0234
10,7,10,10,0.9900,0.9843,0.9913,0.9897,0.0205
10,7,10,11,0.9839,0.9859,0.9938,0.9818,0.0070
10,7,11,0,0.7721,0.7389,0.7904,0.7389,0.0761
10,7,11,1,0.9936,0.9903,0.9942,0.9929,0.0127
10,7,11,2,0.9927,0.9888,0.9942,0.9921,0.0134
10,7,11,3,0.9623,0.9710,0.9934,0.9580,0.0273
10,7,11,4,0.9930,0.9907,0.9965,0.9921,0.0098
10,7,11,5,0.9913,0.9889,0.9960,0.9904,0.0114
10,7,11,6,0.9908,0.9856,0.9918,0.9904,0.0189
10,7,11,7,0.9901,0.9888,0.9951,0.9888,0.0071
10,7,11,8,0.2155,0.5232,0.9312,0.0749,0.0454
10,7,11,9,0.9894,0.9841,0.9907,0.9889,0.0203
10,7,11,10,0.9666,0.9739,0.9945,0.9629,0.0265
10,7,11,11,0.9633,0.9646,0.9940,0.9593,0.0286
10,8,0,0,0.7598,0.7113,0.7988,0.7353,0.0866
10,8,0,1,0.1078,0.1519,0.9649,0.0147,0.0014
10,8,0,2,0.8597,0.8295,0.9106,0.8513,0.0769
10,8,0,3,0.1385,0.1718,0.9630,0.0392,0.0181
10,8,0,4,0.3628,0.3017,0.9509,0.2666,0.0643
10,8,0,5,0.1949,0.1840,0.9604,0.1027,0.0192
10,8,0,6,0.6009,0.5644,0.7837,0.5418,0.0905
10,8,0,7,0.5646,0.5419,0.9015,0.4980,0.0908
10,8,0,8,0.6259,0.6232,0.9294,0.5725,0.0762
10,8,0,9,0.8139,0.7884,0.8956,0.7996,0.0861
10,8,0,10,0.7616,0.7040,0.8736,0.7380,0.0885
10,8,0,11,0.7966,0.7512,0.8398,0.7821,0.0903
10,8,1,0,0.6053,0.5843,0.9658,0.5487,0.0739
10,8,1,1,0.8337,0.8061,0.9579,0.8194,0.0770
10,8,1,2,0.7816,0.7575,0.9492,0.7584,0.0826
10,8,1,3,0.9027,0.8538,0.8761,0.9044,0.0732
10,8,1,4,0.9250,0.9065,0.9556,0.9239,0.0617
10,8,1,5,0.9132,0.8798,0.9773,0.9081,0.0582
10,8,1,6,0.8201,0.7620,0.9766,0.7999,0.0565
10,8,1,7,0.8909,0.8718,0.9458,0.8860,0.0683
10,8,1,8,0.9370,0.9324,0.9861,0.9346,0.0525
10,8,1,9,0.9489,0.9444,0.9930,0.9459,0.0424
10,8,1,10,0.1679,0.4874,0.8693,0.0159,0.0926
10,8,1,11,0.3258,0.2369,0.9629,0.2410,0.0335
10,8,2,0,0.7203,0.6548,0.9099,0.6855,0.0815
10,8,2,1,0.9772,0.9692,0.9911,0.9770,0.0329
10,8,2,2,0.3812,0.4006,0.9752,0.2942,0.0543
10,8,2,3,0.6576,0.6282,0.9728,0.6105,0.0714
10,8,2,4,0.8281,0.8274,0.9884,0.8088,0.0601
10,8,2,5,0.6094,0.5965,0.9413,0.5529,0.0786
10,8,2,6,0.9628,0.9673,0.9960,0.9605,0.0350
10,8,2,7,0.6463,0.6180,0.8340,0.5980,0.0955
10,8,2,8,0.5653,0.6066,0.9612,0.5029,0.0661
10,8,2,9,0.3950,0.4732,0.9160,0.2975,0.0742
10,8,2,10,0.8014,0.7548,0.8860,0.7847,0.0870
10,8,2,11,0.9806,0.9754,0.9923,0.9815,0.0359
10,8,3,0,0.9988,0.9988,1.0000,0.9987,0.0021
10,8,3,1,0.9441,0.9303,0.9939,0.9399,0.0405
10,8,3,2,0.4267,0.4207,0.9730,0.3436,0.0614
10,8,3,3,0.8752,0.8531,0.9909,0.8612,0.0418
10,8,3,4,0.9991,0.9993,1.0000,0.9990,0.0024
10,8,3,5,0.9356,0.9297,0.9607,0.9329,0.0523
10,8,3,6,0.5818,0.5862,0.8633,0.5186,0.0884
10,8,3,7,0.6092,0.5488,0.9673,0.5543,0.0674
10,8,3,8,0.5768,0.5483,0.9769,0.5190,0.0577
10,8,3,9,0.7583,0.7456,0.9786,0.7281,0.0546
10,8,3,10,0.9649,0.9554,0.9936,0.9635,0.0374
10,8,3,11,0.7719,0.7085,0.9589,0.7448,0.0698
10,8,4,0,0.7081,0.6910,0.9807,0.6705,0.0493
10,8,4,1,0.8710,0.8028,0.9867,0.8571,0.0478
10,8,4,2,0.9965,0.9963,0.9991,0.9965,0.0136
10,8,4,3,0.6911,0.6451,0.8859,0.6500,0.0687
10,8,4,4,0.9842,0.9768,0.9968,0.9835,0.0237
10,8,4,5,0.9472,0.9325,0.9953,0.9430,0.0359
10,8,4,6,0.8927,0.8852,0.9586,0.8865,0.0659
10,8,4,7,0.5100,0.4644,0.9530,0.4397,0.0603
10,8,4,8,0.9851,0.9844,0.9979,0.9845,0.0232
10,8,4,9,0.8155,0.7764,0.9758,0.7945,0.0579
10,8,4,10,0.9979,0.9974,0.9993,0.9978,0.0070
10,8,4,11,0.1870,0.2553,0.9653,0.1034,0.0020
10,8,5,0,0.9994,0.9995,1.0000,0.9994,0.0014
10,8,5,1,0.9997,0.9996,0.9999,0.9997,0.0020
10,8,5,2,0.8556,0.8232,0.9820,0.8401,0.0563
10,8,5,3,0.8803,0.8581,0.9491,0.8724,0.0689
10,8,5,4,0.8750,0.8241,0.9711,0.8644,0.0628
10,8,5,5,0.9991,0.9986,1.0000,0.9990,0.0028
10,8,5,6,0.9909,0.9891,0.9993,0.9902,0.0139
10,8,5,7,0.9063,0.8830,0.9954,0.8964,0.0358
10,8,5,8,0.9902,0.9876,0.9987,0.9897,0.0171
10,8,5,9,0.9973,0.9979,0.9997,0.9972,0.0087
10,8,5,10,0.8900,0.8467,0.9776,0.8797,0.0523
10,8,5,11,0.9740,0.9579,0.9971,0.9721,0.0265
10,8,6,0,0.7924,0.7546,0.9459,0.7683,0.0645
10,8,6,1,0.9857,0.9796,0.9972,0.9847,0.0186
10,8,6,2,0.9899,0.9891,0.9982,0.9895,0.0188
10,8,6,3,0.9517,0.9484,0.9916,0.9484,0.0394
10,8,6,4,0.9402,0.9252,0.9646,0.9394,0.0544
10,8,6,5,0.9779,0.9749,0.9952,0.9776,0.0321
10,8,6,6,0.9939,0.9901,0.9990,0.9937,0.0148
10,8,6,7,0.8424,0.7973,0.9368,0.8286,0.0694
10,8,6,8,0.9110,0.8762,0.9808,0.9040,0.0531
10,8,6,9,0.9998,0.9997,0.9999,0.9998,0.0018
10,8,6,10,0.9991,0.9992,0.9999,0.9990,0.0017
10,8,6,11,0.9631,0.9567,0.9916,0.9621,0.0411
10,8,7,0,0.9222,0.9288,0.9938,0.9144,0.0383
10,8,7,1,0.9855,0.9832,0.9992,0.9842,0.0156
10,8,7,2,0.9997,0.9997,0.9999,0.9997,0.0020
10,8,7,3,0.9387,0.9176,0.9651,0.9373,0.0540
10,8,7,4,0.9238,0.8956,0.9930,0.9161,0.0375
10,8,7,5,0.9763,0.9751,0.9954,0.9755,0.0314
10,8,7,6,0.9913,0.9918,0.9984,0.9910,0.0176
10,8,7,7,0.9972,0.9964,0.9998,0.9970,0.0055
10,8,7,8,0.8988,0.8648,0.9779,0.8894,0.0472
10,8,7,9,0.9775,0.9681,0.9916,0.9768,0.0306
10,8,7,10,0.9985,0.9979,0.9999,0.9984,0.0024
10,8,7,11,0.9998,0.9998,1.0000,0.9998,0.0012
10,8,8,0,0.9959,0.9963,0.9991,0.9959,0.0138
10,8,8,1,0.9975,0.9962,0.9999,0.9973,0.0030
10,8,8,2,0.9622,0.9591,0.9901,0.9605,0.0387
10,8,8,3,0.9868,0.9799,0.9963,0.9860,0.0188
10,8,8,4,0.9495,0.9377,0.9958,0.9451,0.0353
10,8,8,5,0.8397,0.8238,0.9575,0.8237,0.0662
10,8,8,6,0.9916,0.9927,0.9991,0.9910,0.0138
10,8,8,7,0.8299,0.8432,0.9887,0.8098,0.0386
10,8,8,8,0.8866,0.8590,0.9769,0.8768,0.0564
10,8,8,9,0.9573,0.9501,0.9798,0.9564,0.0449
10,8,8,10,0.9784,0.9708,0.9884,0.9786,0.0350
10,8,8,11,0.9945,0.9921,0.9944,0.9944,0.0163
10,8,9,0,0.9147,0.8842,0.9529,0.9058,0.0379
10,8,9,1,0.9995,0.9995,1.0000,0.9994,0.0012
10,8,9,2,0.9358,0.9083,0.9737,0.9302,0.0411
10,8,9,3,0.9070,0.8999,0.9831,0.8994,0.0527
10,8,9,4,0.9939,0.9943,0.9996,0.9933,0.0076
10,8,9,5,0.9941,0.9904,0.9935,0.9943,0.0186
10,8,9,6,0.9997,0.9996,0.9999,0.9997,0.0010
10,8,9,7,0.9768,0.9708,0.9939,0.9756,0.0274
10,8,9,8,0.9905,0.9867,0.9891,0.9901,0.0197
10,8,9,9,0.9997,0.9997,1.0000,0.9997,0.0009
10,8,9,10,0.9119,0.8843,0.9915,0.9032,0.0443
10,8,9,11,0.9998,0.9998,1.0000,0.9998,0.0014
10,8,10,0,0.9718,0.9645,0.9807,0.9699,0.0290
10,8,10,1,0.9987,0.9983,0.9999,0.9986,0.0029
10,8,10,2,0.9997,0.9997,1.0000,0.9997,0.0012
10,8,10,3,0.9947,0.9943,0.9988,0.9945,0.0131
10,8,10,4,0.9950,0.9956,0.9977,0.9949,0.0140
10,8,10,5,0.8917,0.8672,0.9931,0.8796,0.0370
10,8,10,6,0.9988,0.9986,0.9991,0.9987,0.0059
10,8,10,7,0.9884,0.9826,0.9905,0.9880,0.0216
10,8,10,8,1.0000,1.0000,1.0000,1.0000,0.0000
10,8,10,9,0.9047,0.8762,0.9888,0.8951,0.0439
10,8,10,10,0.9997,0.9997,1.0000,0.9997,0.0014
10,8,10,11,0.9836,0.9829,0.9989,0.9824,0.0202
10,8,11,0,0.7137,0.6532,0.7159,0.6825,0.0977
10,8,11,1,0.9965,0.9963,0.9992,0.9965,0.0113
10,8,11,2,0.9985,0.9983,0.9993,0.9985,0.0083
10,8,11,3,0.9386,0.9388,0.9747,0.9354,0.0489
10,8,11,4,0.9935,0.9912,0.9958,0.9940,0.0226
10,8,11,5,0.9962,0.9964,0.9988,0.9961,0.0110
10,8,11,6,0.9995,0.9995,0.9999,0.9994,0.0030
10,8,11,7,0.9907,0.9892,0.9981,0.9904,0.0188
10,8,11,8,0.1447,0.4365,0.9320,0.0119,0.0665
10,8,11,9,0.9997,0.9997,1.0000,0.9997,0.0016
10,8,11,10,0.9400,0.9383,0.9818,0.9368,0.0481
10,8,11,11,0.9355,0.9260,0.9812,0.9320,0.0502
10,9,0,0,0.8465,0.8490,0.8698,0.8187,0.0453
10,9,0,1,0.2215,0.3302,0.9658,0.1183,0.0449
10,9,0,2,0.8951,0.9076,0.9569,0.8769,0.0353
10,9,0,3,0.2519,0.3616,0.9684,0.1417,0.0261
10,9,0,4,0.5012,0.5223,0.9772,0.4018,0.0206
10,9,0,5,0.3033,0.3704,0.9643,0.2015,0.0251
10,9,0,6,0.7325,0.7655,0.8585,0.6755,0.0479
10,9,0,7,0.7088,0.7439,0.9493,0.6464,0.0479
10,9,0,8,0.7009,0.7750,0.9706,0.6384,0.0338
10,9,0,9,0.8768,0.8907,0.9467,0.8558,0.0463
10,9,0,10,0.8390,0.8403,0.9335,0.8096,0.0451
10,9,0,11,0.8740,0.8643,0.9058,0.8545,0.0487
10,9,1,0,0.7319,0.7996,0.9900,0.6777,0.0317
10,9,1,1,0.9117,0.9180,0.9873,0.8968,0.0365
10,9,1,2,0.8598,0.8821,0.9826,0.8336,0.0424
10,9,1,3,0.9013,0.8673,0.9297,0.8852,0.0358
10,9,1,4,0.9356,0.9424,0.9851,0.9246,0.0282
10,9,1,5,0.9403,0.9400,0.9971,0.9297,0.0167
10,9,1,6,0.8484,0.8923,0.9963,0.8198,0.0152
10,9,1,7,0.9247,0.9303,0.9793,0.9121,0.0320
10,9,1,8,0.9284,0.9361,0.9979,0.9154,0.0174
10,9,1,9,0.9214,0.9347,0.9965,0.9075,0.0131
10,9,1,10,0.3209,0.6346,0.9280,0.1606,0.0516
10,9,1,11,0.4195,0.4289,0.9706,0.3255,0.0147
10,9,2,0,0.7990,0.8124,0.9595,0.7588,0.0380
10,9,2,1,0.9320,0.9297,0.9973,0.9205,0.0210
10,9,2,2,0.5124,0.6192,0.9899,0.4225,0.0135
10,9,2,3,0.7669,0.8146,0.9917,0.7205,0.0285
10,9,2,4,0.8501,0.9217,0.9959,0.8221,0.0182
10,9,2,5,0.7309,0.7928,0.9745,0.6753,0.0357
10,9,2,6,0.9248,0.9299,0.9968,0.9122,0.0186
10,9,2,7,0.7685,0.7986,0.8981,0.7212,0.0526
10,9,2,8,0.6769,0.7571,0.9887,0.6129,0.0227
10,9,2,9,0.5461,0.6994,0.9608,0.4486,0.0319
10,9,2,10,0.8838,0.8906,0.9387,0.8646,0.0457
10,9,2,11,0.9413,0.9306,0.9986,0.9312,0.0224
10,9,3,0,0.9114,0.8839,0.9892,0.9025,0.0418
10,9,3,1,0.9359,0.9371,0.9961,0.9248,0.0100
10,9,3,2,0.5646,0.6392,0.9899,0.4809,0.0180
10,9,3,3,0.8362,0.8942,0.9957,0.8086,0.0144
10,9,3,4,0.9169,0.8870,0.9896,0.9084,0.0416
10,9,3,5,0.9108,0.9467,0.9834,0.8945,0.0152
10,9,3,6,0.7161,0.8065,0.9233,0.6553,0.0455
10,9,3,7,0.6798,0.7325,0.9922,0.6164,0.0237
10,9,3,8,0.6460,0.7180,0.9881,0.5802,0.0190
10,9,3,9,0.8119,0.8474,0.9896,0.7775,0.0167
10,9,3,10,0.9421,0.9382,0.9970,0.9321,0.0152
10,9,3,11,0.8371,0.8424,0.9880,0.8056,0.0277
10,9,4,0,0.7719,0.8140,0.9891,0.7305,0.0161
10,9,4,1,0.8896,0.8970,0.9974,0.8698,0.0135
10,9,4,2,0.9129,0.8988,0.9935,0.9013,0.0306
10,9,4,3,0.6739,0.7980,0.9346,0.6081,0.0258
10,9,4,4,0.9204,0.9296,0.9972,0.9083,0.0226
10,9,4,5,0.9161,0.9424,0.9975,0.9020,0.0138
10,9,4,6,0.8966,0.9430,0.9860,0.8775,0.0258
10,9,4,7,0.6139,0.6575,0.9794,0.5390,0.0209
10,9,4,8,0.9232,0.9270,0.9962,0.9116,0.0241
10,9,4,9,0.8203,0.8568,0.9964,0.7863,0.0157
10,9,4,10,0.9097,0.8896,0.9918,0.8991,0.0370
10,9,4,11,0.2974,0.4738,0.9625,0.2062,0.0459
10,9,5,0,0.9094,0.8809,0.9888,0.9001,0.0425
10,9,5,1,0.9024,0.8692,0.9871,0.8936,0.0459
10,9,5,2,0.8072,0.9095,0.9980,0.7716,0.0157
10,9,5,3,0.8771,0.9089,0.9804,0.8540,0.0254
10,9,5,4,0.8922,0.9179,0.9934,0.8722,0.0210
10,9,5,5,0.9053,0.8893,0.9895,0.8953,0.0412
10,9,5,6,0.9201,0.9105,0.9925,0.9100,0.0300
10,9,5,7,0.8403,0.9156,0.9975,0.8138,0.0144
10,9,5,8,0.9277,0.9125,0.9940,0.9180,0.0269
10,9,5,9,0.9111,0.8953,0.9919,0.9002,0.0353
10,9,5,10,0.8531,0.9436,0.9973,0.8261,0.0134
10,9,5,11,0.9101,0.9252,0.9954,0.8964,0.0209
10,9,6,0,0.7962,0.8581,0.9758,0.7567,0.0209
10,9,6,1,0.9207,0.9260,0.9958,0.9098,0.0253
10,9,6,2,0.9209,0.9188,0.9949,0.9096,0.0278
10,9,6,3,0.9160,0.9469,0.9987,0.9016,0.0140
10,9,6,4,0.9038,0.9233,0.9891,0.8860,0.0173
10,9,6,5,0.9321,0.9357,0.9981,0.9208,0.0199
10,9,6,6,0.9176,0.9118,0.9939,0.9066,0.0291
10,9,6,7,0.8750,0.9242,0.9728,0.8516,0.0268
10,9,6,8,0.8729,0.8820,0.9971,0.8497,0.0165
10,9,6,9,0.9027,0.8702,0.9875,0.8936,0.0458
10,9,6,10,0.9096,0.8849,0.9892,0.9001,0.0422
10,9,6,11,0.9290,0.9313,0.9987,0.9165,0.0160
10,9,7,0,0.8625,0.8855,0.9982,0.8396,0.0153
10,9,7,1,0.9217,0.9129,0.9938,0.9116,0.0283
10,9,7,2,0.9026,0.8701,0.9874,0.8936,0.0459
10,9,7,3,0.9317,0.9339,0.9896,0.9194,0.0172
10,9,7,4,0.9640,0.9631,0.9967,0.9582,0.0085
10,9,7,5,0.9225,0.9241,0.9967,0.9098,0.0173
10,9,7,6,0.9165,0.9076,0.9952,0.9049,0.0277
10,9,7,7,0.9104,0.8987,0.9914,0.9003,0.0384
10,9,7,8,0.8846,0.9168,0.9967,0.8637,0.0135
10,9,7,9,0.9380,0.9334,0.9971,0.9279,0.0171
10,9,7,10,0.9057,0.8910,0.9894,0.8959,0.0418
10,9,7,11,0.9084,0.8794,0.9894,0.8989,0.0428
10,9,8,0,0.9073,0.9030,0.9937,0.8948,0.0302
10,9,8,1,0.9053,0.8937,0.9896,0.8954,0.0417
10,9,8,2,0.9246,0.9339,0.9973,0.9115,0.0165
10,9,8,3,0.9257,0.9164,0.9963,0.9154,0.0252
10,9,8,4,0.9499,0.9511,0.9977,0.9418,0.0102
10,9,8,5,0.8760,0.9177,0.9842,0.8526,0.0228
10,9,8,6,0.9181,0.9072,0.9937,0.9076,0.0302
10,9,8,7,0.8213,0.8485,0.9937,0.7914,0.0119
10,9,8,8,0.8608,0.9474,0.9967,0.8348,0.0172
10,9,8,9,0.9033,0.9499,0.9946,0.8859,0.0151
10,9,8,10,0.9325,0.9330,0.9968,0.9210,0.0173
10,9,8,11,0.9117,0.8966,0.9923,0.8995,0.0279
10,9,9,0,0.8595,0.9052,0.9694,0.8363,0.0136
10,9,9,1,0.9094,0.8816,0.9886,0.9004,0.0430
10,9,9,2,0.8809,0.9463,0.9878,0.8606,0.0087
10,9,9,3,0.8985,0.9220,0.9981,0.8799,0.0132
10,9,9,4,0.9129,0.8995,0.9912,0.9029,0.0363
10,9,9,5,0.9206,0.9111,0.9942,0.9091,0.0269
10,9,9,6,0.9091,0.8814,0.9893,0.8999,0.0429
10,9,9,7,0.9227,0.9359,0.9961,0.9106,0.0178
10,9,9,8,0.8977,0.8932,0.9896,0.8829,0.0243
10,9,9,9,0.9059,0.8763,0.9883,0.8968,0.0449
10,9,9,10,0.9698,0.9724,0.9965,0.9646,0.0112
10,9,9,11,0.9038,0.8733,0.9881,0.8945,0.0454
10,9,10,0,0.8978,0.9274,0.9866,0.8816,0.0152
10,9,10,1,0.9076,0.8912,0.9905,0.8977,0.0413
10,9,10,2,0.9091,0.8797,0.9895,0.8997,0.0430
10,9,10,3,0.9150,0.9018,0.9942,0.9039,0.0308
10,9,10,4,0.9043,0.8978,0.9924,0.8915,0.0299
10,9,10,5,0.9706,0.9625,0.9950,0.9661,0.0117
10,9,10,6,0.9097,0.8867,0.9907,0.8995,0.0380
10,9,10,7,0.9182,0.9234,0.9922,0.9062,0.0234
10,9,10,8,0.9047,0.8762,0.9888,0.8951,0.0439
10,9,10,9,1.0000,1.0000,1.0000,1.0000,0.0000
10,9,10,10,0.9066,0.8799,0.9893,0.8970,0.0428
10,9,10,11,0.8976,0.9079,0.9945,0.8830,0.0237
10,9,11,0,0.8269,0.7963,0.7992,0.7965,0.0543
10,9,11,1,0.9126,0.9035,0.9933,0.9012,0.0327
10,9,11,2,0.9121,0.8917,0.9924,0.9015,0.0357
10,9,11,3,0.9006,0.9426,0.9907,0.8826,0.0121
10,9,11,4,0.9228,0.9071,0.9970,0.9111,0.0277
10,9,11,5,0.9185,0.8982,0.9930,0.9084,0.0329
10,9,11,6,0.9110,0.8843,0.9903,0.9014,0.0412
10,9,11,7,0.9232,0.9137,0.9954,0.9124,0.0252
10,9,11,8,0.3334,0.6275,0.9649,0.2000,0.0247
10,9,11,9,0.9091,0.8814,0.9897,0.8997,0.0426
10,9,11,10,0.9231,0.9492,0.9967,0.9092,0.0100
10,9,11,11,0.9024,0.9558,0.9963,0.8846,0.0126
10,10,0,0,0.7648,0.7160,0.8017,0.7405,0.0854
10,10,0,1,0.1100,0.1519,0.9641,0.0163,0.0024
10,10,0,2,0.8635,0.8337,0.9125,0.8551,0.0757
10,10,0,3,0.1403,0.1718,0.9624,0.0402,0.0169
10,10,0,4,0.3667,0.3045,0.9513,0.2700,0.0631
10,10,0,5,0.1972,0.1839,0.9596,0.1043,0.0185
10,10,0,6,0.6071,0.5691,0.7868,0.5482,0.0893
10,10,0,7,0.5694,0.5453,0.9034,0.5027,0.0896
10,10,0,8,0.6304,0.6274,0.9308,0.5769,0.0750
10,10,0,9,0.8191,0.7931,0.8975,0.8051,0.0849
10,10,0,10,0.7667,0.7079,0.8755,0.7433,0.0874
10,10,0,11,0.8011,0.7552,0.8422,0.7867,0.0891
10,10,1,0,0.6108,0.5903,0.9665,0.5542,0.0727
10,10,1,1,0.8378,0.8102,0.9589,0.8235,0.0758
10,10,1,2,0.7872,0.7624,0.9501,0.7643,0.0815
10,10,1,3,0.9040,0.8540,0.8784,0.9054,0.0720
10,10,1,4,0.9287,0.9098,0.9570,0.9278,0.0605
10,10,1,5,0.9161,0.8828,0.9780,0.9110,0.0571
10,10,1,6,0.8218,0.7653,0.9775,0.8013,0.0554
10,10,1,7,0.8953,0.8760,0.9473,0.8906,0.0672
10,10,1,8,0.9400,0.9353,0.9866,0.9376,0.0513
10,10,1,9,0.9516,0.9470,0.9932,0.9487,0.0412
10,10,1,10,0.1698,0.4890,0.8707,0.0166,0.0914
10,10,1,11,0.3291,0.2374,0.9623,0.2439,0.0323
10,10,2,0,0.7226,0.6576,0.9113,0.6874,0.0803
10,10,2,1,0.9787,0.9711,0.9917,0.9784,0.0317
10,10,2,2,0.3839,0.4024,0.9754,0.2965,0.0531
10,10,2,3,0.6625,0.6331,0.9732,0.6155,0.0702
10,10,2,4,0.8289,0.8293,0.9885,0.8092,0.0589
10,10,2,5,0.6140,0.6005,0.9428,0.5574,0.0774
10,10,2,6,0.9650,0.9692,0.9962,0.9628,0.0338
10,10,2,7,0.6532,0.6229,0.8367,0.6053,0.0943
10,10,2,8,0.5675,0.6100,0.9623,0.5045,0.0649
10,10,2,9,0.3989,0.4760,0.9178,0.3010,0.0731
10,10,2,10,0.8069,0.7593,0.8882,0.7905,0.0858
10,10,2,11,0.9824,0.9769,0.9928,0.9833,0.0348
10,10,3,0,0.9988,0.9987,0.9999,0.9987,0.0014
10,10,3,1,0.9460,0.9327,0.9941,0.9417,0.0394
10,10,3,2,0.4299,0.4238,0.9735,0.3464,0.0602
10,10,3,3,0.8745,0.8528,0.9908,0.8601,0.0407
10,10,3,4,0.9992,0.9995,1.0000,0.9992,0.0014
10,10,3,5,0.9393,0.9325,0.9621,0.9368,0.0512
10,10,3,6,0.5883,0.5896,0.8656,0.5254,0.0872
10,10,3,7,0.6120,0.5490,0.9680,0.5566,0.0662
10,10,3,8,0.5793,0.5511,0.9768,0.5210,0.0565
10,10,3,9,0.7587,0.7475,0.9785,0.7280,0.0534
10,10,3,10,0.9672,0.9574,0.9938,0.9658,0.0362
10,10,3,11,0.7737,0.7106,0.9596,0.7463,0.0686
10,10,4,0,0.7080,0.6925,0.9805,0.6698,0.0481
10,10,4,1,0.8701,0.8036,0.9868,0.8557,0.0466
10,10,4,2,0.9971,0.9968,0.9992,0.9971,0.0125
10,10,4,3,0.6953,0.6450,0.8878,0.6541,0.0676
10,10,4,4,0.9849,0.9773,0.9971,0.9842,0.0226
10,10,4,5,0.9485,0.9337,0.9956,0.9441,0.0348
10,10,4,6,0.8972,0.8885,0.9600,0.8912,0.0647
10,10,4,7,0.5150,0.4680,0.9537,0.4446,0.0592
10,10,4,8,0.9869,0.9860,0.9980,0.9864,0.0220
10,10,4,9,0.8184,0.7774,0.9766,0.7973,0.0567
10,10,4,10,0.9980,0.9969,0.9995,0.9979,0.0058
10,10,4,11,0.1904,0.2569,0.9643,0.1063,0.0031
10,10,5,0,0.9994,0.9995,0.9999,0.9993,0.0003
10,10,5,1,0.9995,0.9995,0.9998,0.9995,0.0031
10,10,5,2,0.8572,0.8232,0.9824,0.8415,0.0551
10,10,5,3,0.8830,0.8609,0.9505,0.8748,0.0677
10,10,5,4,0.8764,0.8258,0.9721,0.8655,0.0617
10,10,5,5,0.9990,0.9984,1.0000,0.9989,0.0018
10,10,5,6,0.9912,0.9894,0.9993,0.9904,0.0127
10,10,5,7,0.9062,0.8832,0.9955,0.8959,0.0346
10,10,5,8,0.9902,0.9881,0.9989,0.9896,0.0159
10,10,5,9,0.9981,0.9984,0.9998,0.9980,0.0075
10,10,5,10,0.8951,0.8488,0.9785,0.8852,0.0512
10,10,5,11,0.9746,0.9584,0.9971,0.9726,0.0253
10,10,6,0,0.7966,0.7576,0.9474,0.7725,0.0634
10,10,6,1,0.9854,0.9799,0.9975,0.9842,0.0174
10,10,6,2,0.9915,0.9905,0.9984,0.9912,0.0176
10,10,6,3,0.9548,0.9515,0.9920,0.9516,0.0382
10,10,6,4,0.9425,0.9261,0.9658,0.9417,0.0533
10,10,6,5,0.9801,0.9766,0.9955,0.9799,0.0310
10,10,6,6,0.9944,0.9905,0.9991,0.9942,0.0136
10,10,6,7,0.8483,0.8017,0.9386,0.8349,0.0682
10,10,6,8,0.9103,0.8745,0.9816,0.9027,0.0519
10,10,6,9,0.9996,0.9996,0.9999,0.9996,0.0030
10,10,6,10,0.9995,0.9996,0.9999,0.9995,0.0010
10,10,6,11,0.9635,0.9575,0.9921,0.9622,0.0399
10,10,7,0,0.9222,0.9283,0.9942,0.9141,0.0371
10,10,7,1,0.9866,0.9841,0.9993,0.9854,0.0144
10,10,7,2,0.9996,0.9995,0.9998,0.9996,0.0031
10,10,7,3,0.9391,0.9186,0.9664,0.9373,0.0529
10,10,7,4,0.9246,0.8987,0.9930,0.9167,0.0363
10,10,7,5,0.9781,0.9760,0.9958,0.9774,0.0302
10,10,7,6,0.9925,0.9925,0.9986,0.9922,0.0164
10,10,7,7,0.9973,0.9966,0.9999,0.9970,0.0046
10,10,7,8,0.9008,0.8671,0.9788,0.8914,0.0460
10,10,7,9,0.9778,0.9690,0.9923,0.9769,0.0294
10,10,7,10,0.9982,0.9977,0.9999,0.9981,0.0022
10,10,7,11,0.9997,0.9997,1.0000,0.9997,0.0010
10,10,8,0,0.9966,0.9967,0.9993,0.9966,0.0126
10,10,8,1,0.9972,0.9960,0.9998,0.9969,0.0031
10,10,8,2,0.9651,0.9615,0.9905,0.9636,0.0375
10,10,8,3,0.9875,0.9810,0.9967,0.9866,0.0176
10,10,8,4,0.9500,0.9391,0.9961,0.9454,0.0341
10,10,8,5,0.8445,0.8283,0.9589,0.8286,0.0651
10,10,8,6,0.9921,0.9932,0.9993,0.9915,0.0126
10,10,8,7,0.8286,0.8416,0.9887,0.8079,0.0374
10,10,8,8,0.8898,0.8621,0.9778,0.8800,0.0552
10,10,8,9,0.9598,0.9517,0.9809,0.9590,0.0437
10,10,8,10,0.9801,0.9727,0.9892,0.9803,0.0338
10,10,8,11,0.9952,0.9926,0.9950,0.9951,0.0151
10,10,9,0,0.9191,0.8893,0.9545,0.9105,0.0367
10,10,9,1,0.9996,0.9997,0.9999,0.9995,0.0013
10,10,9,2,0.9392,0.9115,0.9749,0.9338,0.0399
10,10,9,3,0.9082,0.9010,0.9837,0.9004,0.0516
10,10,9,4,0.9948,0.9953,0.9997,0.9943,0.0064
10,10,9,5,0.9946,0.9911,0.9942,0.9947,0.0174
10,10,9,6,0.9998,0.9998,1.0000,0.9998,0.0007
10,10,9,7,0.9790,0.9729,0.9945,0.9779,0.0262
10,10,9,8,0.9911,0.9869,0.9899,0.9907,0.0185
10,10,9,9,0.9998,0.9998,1.0000,0.9998,0.0021
10,10,9,10,0.9137,0.8873,0.9915,0.9048,0.0432
10,10,9,11,0.9997,0.9997,0.9999,0.9997,0.0026
10,10,10,0,0.9751,0.9674,0.9818,0.9735,0.0278
10,10,10,1,0.9990,0.9987,0.9999,0.9989,0.0025
10,10,10,2,0.9998,0.9998,1.0000,0.9997,0.0008
10,10,10,3,0.9955,0.9951,0.9990,0.9953,0.0119
10,10,10,4,0.9957,0.9958,0.9980,0.9955,0.0129
10,10,10,5,0.8936,0.8706,0.9930,0.8815,0.0358
10,10,10,6,0.9993,0.9991,0.9994,0.9993,0.0047
10,10,10,7,0.9900,0.9843,0.9913,0.9897,0.0205
10,10,10,8,0.9997,0.9997,1.0000,0.9997,0.0014
10,10,10,9,0.9066,0.8799,0.9893,0.8970,0.0428
10,10,10,10,1.0000,1.0000,1.0000,1.0000,0.0000
10,10,10,11,0.9839,0.9830,0.9990,0.9826,0.0190
10,10,11,0,0.7180,0.6564,0.7193,0.6866,0.0965
10,10,11,1,0.9974,0.9970,0.9994,0.9974,0.0101
10,10,11,2,0.9989,0.9987,0.9995,0.9989,0.0071
10,10,11,3,0.9423,0.9417,0.9759,0.9392,0.0478
10,10,11,4,0.9940,0.9917,0.9962,0.9945,0.0214
10,10,11,5,0.9965,0.9967,0.9990,0.9963,0.0098
10,10,11,6,0.9998,0.9998,1.0000,0.9998,0.0018
10,10,11,7,0.9912,0.9899,0.9983,0.9908,0.0176
10,10,11,8,0.1472,0.4372,0.9321,0.0135,0.0653
10,10,11,9,0.9998,0.9998,1.0000,0.9997,0.0014
10,10,11,10,0.9423,0.9407,0.9826,0.9390,0.0470
10,10,11,11,0.9395,0.9290,0.9821,0.9361,0.0491
10,11,0,0,0.7897,0.7759,0.8254,0.7603,0.0664
10,11,0,1,0.1537,0.2147,0.9679,0.0546,0.0211
10,11,0,2,0.8874,0.8781,0.9289,0.8760,0.0567
10,11,0,3,0.1892,0.2371,0.9677,0.0840,0.0102
10,11,0,4,0.4167,0.3805,0.9627,0.3162,0.0441
10,11,0,5,0.2280,0.2527,0.9641,0.1286,0.0108
10,11,0,6,0.6499,0.6297,0.8110,0.5877,0.0703
10,11,0,7,0.6306,0.6199,0.9203,0.5645,0.0706
10,11,0,8,0.6747,0.7045,0.9458,0.6192,0.0560
10,11,0,9,0.8493,0.8380,0.9153,0.8324,0.0661
10,11,0,10,0.7915,0.7616,0.8957,0.7630,0.0683
10,11,0,11,0.8342,0.8063,0.8645,0.8169,0.0701
10,11,1,0,0.6615,0.6574,0.9761,0.6043,0.0537
10,11,1,1,0.8675,0.8564,0.9699,0.8512,0.0571
10,11,1,2,0.8189,0.8116,0.9623,0.7935,0.0627
10,11,1,3,0.9204,0.8791,0.8970,0.9174,0.0530
10,11,1,4,0.9384,0.9321,0.9679,0.9336,0.0451
10,11,1,5,0.9166,0.9142,0.9859,0.9065,0.0380
10,11,1,6,0.8352,0.8131,0.9856,0.8108,0.0363
10,11,1,7,0.9087,0.9103,0.9599,0.8998,0.0500
10,11,1,8,0.9469,0.9513,0.9925,0.9414,0.0338
10,11,1,9,0.9504,0.9582,0.9966,0.9441,0.0237
10,11,1,10,0.2324,0.5445,0.8913,0.0745,0.0727
10,11,1,11,0.3654,0.3070,0.9680,0.2752,0.0132
10,11,2,0,0.7753,0.7265,0.9286,0.7411,0.0613
10,11,2,1,0.9741,0.9804,0.9960,0.9710,0.0164
10,11,2,2,0.4731,0.4920,0.9827,0.3890,0.0341
10,11,2,3,0.7040,0.6987,0.9812,0.6553,0.0514
10,11,2,4,0.8738,0.8812,0.9931,0.8560,0.0399
10,11,2,5,0.6625,0.6702,0.9550,0.6046,0.0584
10,11,2,6,0.9655,0.9725,0.9987,0.9610,0.0180
10,11,2,7,0.7018,0.6843,0.8580,0.6526,0.0753
10,11,2,8,0.6458,0.6874,0.9731,0.5869,0.0459
10,11,2,9,0.4467,0.5445,0.9337,0.3444,0.0540
10,11,2,10,0.8343,0.8050,0.9059,0.8142,0.0670
10,11,2,11,0.9792,0.9791,0.9968,0.9771,0.0207
10,11,3,0,0.9804,0.9836,0.9988,0.9787,0.0181
10,11,3,1,0.9464,0.9491,0.9971,0.9393,0.0203
10,11,3,2,0.5081,0.5096,0.9815,0.4267,0.0412
10,11,3,3,0.9265,0.9086,0.9944,0.9163,0.0216
10,11,3,4,0.9820,0.9840,0.9991,0.9804,0.0178
10,11,3,5,0.9323,0.9481,0.9714,0.9242,0.0321
10,11,3,6,0.6367,0.6637,0.8859,0.5719,0.0682
10,11,3,7,0.6435,0.6128,0.9781,0.5843,0.0472
10,11,3,8,0.6550,0.6309,0.9827,0.6004,0.0378
10,11,3,9,0.8194,0.8145,0.9847,0.7923,0.0344
10,11,3,10,0.9660,0.9681,0.9968,0.9618,0.0177
10,11,3,11,0.8062,0.7729,0.9708,0.7769,0.0496
10,11,4,0,0.7804,0.7707,0.9857,0.7471,0.0294
10,11,4,1,0.8923,0.8540,0.9921,0.8770,0.0278
10,11,4,2,0.9857,0.9870,0.9999,0.9838,0.0105
10,11,4,3,0.7109,0.6997,0.9042,0.6636,0.0485
10,11,4,4,0.9810,0.9847,0.9992,0.9784,0.0075
10,11,4,5,0.9452,0.9556,0.9982,0.9377,0.0165
10,11,4,6,0.9103,0.9185,0.9704,0.9006,0.0462
10,11,4,7,0.5630,0.5335,0.9649,0.4906,0.0401
10,11,4,8,0.9800,0.9824,0.9996,0.9773,0.0109
10,11,4,9,0.8469,0.8267,0.9851,0.8244,0.0376
10,11,4,10,0.9808,0.9846,0.9994,0.9786,0.0132
10,11,4,11,0.2671,0.3380,0.9665,0.1827,0.0222
10,11,5,0,0.9839,0.9828,0.9988,0.9826,0.0188
10,11,5,1,0.9814,0.9794,0.9982,0.9803,0.0222
10,11,5,2,0.8818,0.8739,0.9897,0.8650,0.0361
10,11,5,3,0.9146,0.9002,0.9626,0.9060,0.0487
10,11,5,4,0.9076,0.8711,0.9807,0.8964,0.0426
10,11,5,5,0.9855,0.9861,0.9990,0.9843,0.0174
10,11,5,6,0.9851,0.9882,0.9994,0.9832,0.0066
10,11,5,7,0.9339,0.9212,0.9981,0.9247,0.0159
10,11,5,8,0.9819,0.9867,0.9998,0.9795,0.0050
10,11,5,9,0.9833,0.9859,0.9997,0.9813,0.0115
10,11,5,10,0.8928,0.8760,0.9862,0.8778,0.0321
10,11,5,11,0.9743,0.9694,0.9986,0.9708,0.0079
10,11,6,0,0.8322,0.8119,0.9596,0.8074,0.0443
10,11,6,1,0.9800,0.9846,0.9992,0.9773,0.0058
10,11,6,2,0.9786,0.9859,0.9997,0.9758,0.0085
10,11,6,3,0.9511,0.9638,0.9966,0.9447,0.0213
10,11,6,4,0.9563,0.9495,0.9756,0.9531,0.0342
10,11,6,5,0.9758,0.9796,0.9984,0.9728,0.0161
10,11,6,6,0.9864,0.9853,0.9995,0.9847,0.0072
10,11,6,7,0.8678,0.8420,0.9510,0.8508,0.0492
10,11,6,8,0.9370,0.9115,0.9887,0.9293,0.0329
10,11,6,9,0.9820,0.9802,0.9983,0.9809,0.0220
10,11,6,10,0.9826,0.9825,0.9989,0.9811,0.0185
10,11,6,11,0.9777,0.9745,0.9964,0.9757,0.0219
10,11,7,0,0.9550,0.9579,0.9979,0.9489,0.0181
10,11,7,1,0.9732,0.9787,0.9997,0.9698,0.0072
10,11,7,2,0.9818,0.9799,0.9983,0.9807,0.0222
10,11,7,3,0.9577,0.9476,0.9760,0.9545,0.0338
10,11,7,4,0.9184,0.9251,0.9963,0.9070,0.0176
10,11,7,5,0.9719,0.9843,0.9986,0.9683,0.0127
10,11,7,6,0.9802,0.9841,0.9999,0.9776,0.0094
10,11,7,7,0.9853,0.9879,0.9995,0.9838,0.0147
10,11,7,8,0.9290,0.9123,0.9868,0.9198,0.0270
10,11,7,9,0.9758,0.9814,0.9960,0.9727,0.0112
10,11,7,10,0.9850,0.9859,0.9989,0.9838,0.0181
10,11,7,11,0.9833,0.9834,0.9990,0.9819,0.0190
10,11,8,0,0.9875,0.9880,0.9999,0.9859,0.0098
10,11,8,1,0.9848,0.9860,0.9989,0.9836,0.0180
10,11,8,2,0.9581,0.9684,0.9954,0.9528,0.0224
10,11,8,3,0.9794,0.9828,0.9990,0.9767,0.0062
10,11,8,4,0.9462,0.9618,0.9988,0.9388,0.0151
10,11,8,5,0.8721,0.8709,0.9693,0.8548,0.0460
10,11,8,6,0.9813,0.9861,0.9999,0.9790,0.0075
10,11,8,7,0.8823,0.8944,0.9929,0.8656,0.0184
10,11,8,8,0.9192,0.9083,0.9856,0.9093,0.0367
10,11,8,9,0.9700,0.9693,0.9874,0.9673,0.0268
10,11,8,10,0.9849,0.9841,0.9938,0.9835,0.0180
10,11,8,11,0.9846,0.9864,0.9967,0.9826,0.0073
10,11,9,0,0.9223,0.9116,0.9615,0.9114,0.0177
10,11,9,1,0.9826,0.9825,0.9987,0.9812,0.0193
10,11,9,2,0.9469,0.9364,0.9808,0.9398,0.0209
10,11,9,3,0.9451,0.9458,0.9906,0.9389,0.0325
10,11,9,4,0.9814,0.9854,0.9994,0.9794,0.0126
10,11,9,5,0.9865,0.9877,0.9964,0.9847,0.0094
10,11,9,6,0.9835,0.9836,0.9990,0.9821,0.0192
10,11,9,7,0.9743,0.9807,0.9974,0.9709,0.0112
10,11,9,8,0.9814,0.9812,0.9923,0.9789,0.0052
10,11,9,9,0.9821,0.9813,0.9987,0.9808,0.0211
10,11,9,10,0.9104,0.9205,0.9950,0.8978,0.0241
10,11,9,11,0.9827,0.9812,0.9986,0.9815,0.0216
10,11,10,0,0.9733,0.9759,0.9858,0.9697,0.0088
10,11,10,1,0.9839,0.9856,0.9993,0.9824,0.0176
10,11,10,2,0.9831,0.9835,0.9991,0.9817,0.0193
10,11,10,3,0.9853,0.9883,0.9999,0.9834,0.0073
10,11,10,4,0.9856,0.9883,0.9988,0.9837,0.0072
10,11,10,5,0.8696,0.9073,0.9957,0.8512,0.0181
10,11,10,6,0.9851,0.9855,0.9991,0.9836,0.0143
10,11,10,7,0.9839,0.9859,0.9938,0.9818,0.0070
10,11,10,8,0.9836,0.9829,0.9989,0.9824,0.0202
10,11,10,9,0.8976,0.9079,0.9945,0.8830,0.0237
10,11,10,10,0.9839,0.9830,0.9990,0.9826,0.0190
10,11,10,11,1.0000,1.0000,1.0000,1.0000,0.0000
10,11,11,0,0.7500,0.7178,0.7468,0.7138,0.0775
10,11,11,1,0.9873,0.9885,0.9999,0.9857,0.0110
10,11,11,2,0.9872,0.9875,0.9998,0.9857,0.0122
10,11,11,3,0.9618,0.9660,0.9832,0.9580,0.0287
10,11,11,4,0.9890,0.9883,0.9989,0.9876,0.0131
10,11,11,5,0.9838,0.9862,0.9995,0.9818,0.0094
10,11,11,6,0.9841,0.9838,0.9993,0.9826,0.0174
10,11,11,7,0.9823,0.9882,0.9999,0.9799,0.0051
10,11,11,8,0.2118,0.5043,0.9450,0.0739,0.0466
10,11,11,9,0.9840,0.9835,0.9991,0.9826,0.0189
10,11,11,10,0.9640,0.9687,0.9894,0.9605,0.0279
10,11,11,11,0.9552,0.9537,0.9886,0.9505,0.0300
11,0,0,0,0.9283,0.9490,0.9917,0.9026,0.0114
11,0,0,1,0.4642,0.5097,0.7013,0.3738,0.0986
11,0,0,2,0.9026,0.9099,0.9372,0.8727,0.0209
11,0,0,3,0.4920,0.5430,0.7282,0.3931,0.0804
11,0,0,4,0.7041,0.6912,0.8353,0.6196,0.0374
11,0,0,5,0.5027,0.5441,0.7059,0.4075,0.0794
11,0,0,6,0.8973,0.9212,0.9923,0.8585,0.0085
11,0,0,7,0.8817,0.8679,0.9351,0.8402,0.0117
11,0,0,8,0.8427,0.8987,0.9101,0.7928,0.0215
11,0,0,9,0.9262,0.9185,0.9455,0.9010,0.0190
11,0,0,10,0.9233,0.9223,0.9475,0.8952,0.0105
11,0,0,11,0.9441,0.9461,0.9745,0.9230,0.0130
11,0,1,0,0.8176,0.7853,0.8413,0.7635,0.0241
11,0,1,1,0.9041,0.8641,0.8644,0.8763,0.0207
11,0,1,2,0.8891,0.8622,0.8663,0.8542,0.0172
11,0,1,3,0.9079,0.9081,0.9637,0.8781,0.0293
11,0,1,4,0.8794,0.8585,0.8839,0.8486,0.0374
11,0,1,5,0.8685,0.8396,0.8274,0.8384,0.0397
11,0,1,6,0.8183,0.8250,0.8452,0.7733,0.0420
11,0,1,7,0.8992,0.8740,0.8996,0.8716,0.0307
11,0,1,8,0.8454,0.8097,0.8057,0.8113,0.0453
11,0,1,9,0.8096,0.7724,0.7684,0.7724,0.0554
11,0,1,10,0.6950,0.8255,0.9328,0.5839,0.0117
11,0,1,11,0.5922,0.5873,0.7309,0.5054,0.0677
11,0,2,0,0.8774,0.8931,0.9228,0.8371,0.0176
11,0,2,1,0.7971,0.7732,0.8019,0.7612,0.0648
11,0,2,2,0.7047,0.7265,0.7965,0.6316,0.0471
11,0,2,3,0.8177,0.7913,0.8114,0.7650,0.0269
11,0,2,4,0.8140,0.8041,0.7712,0.7697,0.0424
11,0,2,5,0.8655,0.8494,0.8875,0.8236,0.0210
11,0,2,6,0.8141,0.7631,0.7593,0.7837,0.0648
11,0,2,7,0.9071,0.8997,0.9697,0.8709,0.0067
11,0,2,8,0.8022,0.8425,0.8729,0.7479,0.0319
11,0,2,9,0.7746,0.8123,0.9344,0.7017,0.0240
11,0,2,10,0.9241,0.9066,0.9459,0.8980,0.0142
11,0,2,11,0.8154,0.7722,0.7909,0.7821,0.0618
11,0,3,0,0.7174,0.6609,0.7147,0.6862,0.0956
11,0,3,1,0.8225,0.7767,0.7653,0.7915,0.0582
11,0,3,2,0.7084,0.7275,0.8145,0.6303,0.0392
11,0,3,3,0.7679,0.7728,0.7550,0.7244,0.0632
11,0,3,4,0.7251,0.6635,0.7212,0.6946,0.0954
11,0,3,5,0.8441,0.8373,0.8789,0.8096,0.0454
11,0,3,6,0.8694,0.8891,0.9666,0.8227,0.0119
11,0,3,7,0.7918,0.7737,0.8492,0.7344,0.0311
11,0,3,8,0.7672,0.7727,0.7652,0.7113,0.0453
11,0,3,9,0.8079,0.8055,0.7752,0.7656,0.0510
11,0,3,10,0.8157,0.7642,0.7612,0.7828,0.0603
11,0,3,11,0.8467,0.8474,0.8522,0.8043,0.0316
11,0,4,0,0.7646,0.7801,0.7580,0.7110,0.0487
11,0,4,1,0.8133,0.7938,0.7799,0.7756,0.0518
11,0,4,2,0.7515,0.7017,0.7450,0.7183,0.0841
11,0,4,3,0.8241,0.8569,0.9330,0.7743,0.0356
11,0,4,4,0.7743,0.7472,0.7648,0.7399,0.0740
11,0,4,5,0.7891,0.7687,0.7651,0.7511,0.0631
11,0,4,6,0.8755,0.8683,0.8807,0.8428,0.0319
11,0,4,7,0.7632,0.7357,0.8466,0.7005,0.0426
11,0,4,8,0.7758,0.7291,0.7519,0.7419,0.0745
11,0,4,9,0.8144,0.8400,0.8448,0.7689,0.0420
11,0,4,10,0.7340,0.6862,0.7378,0.7016,0.0908
11,0,4,11,0.4671,0.5598,0.6735,0.3795,0.0997
11,0,5,0,0.7194,0.6556,0.7134,0.6885,0.0963
11,0,5,1,0.7044,0.6377,0.7062,0.6742,0.0997
11,0,5,2,0.7887,0.8295,0.8187,0.7395,0.0446
11,0,5,3,0.8872,0.8889,0.8986,0.8575,0.0299
11,0,5,4,0.8501,0.8307,0.8475,0.8125,0.0354
11,0,5,5,0.7201,0.6654,0.7177,0.6886,0.0950
11,0,5,6,0.7505,0.7009,0.7270,0.7183,0.0838
11,0,5,7,0.7492,0.7584,0.7576,0.7016,0.0619
11,0,5,8,0.7576,0.7168,0.7474,0.7244,0.0807
11,0,5,9,0.7410,0.6845,0.7335,0.7089,0.0891
11,0,5,10,0.8257,0.8184,0.8403,0.7877,0.0501
11,0,5,11,0.7751,0.7400,0.7409,0.7407,0.0733
11,0,6,0,0.8399,0.8680,0.9002,0.7985,0.0353
11,0,6,1,0.7518,0.7294,0.7647,0.7163,0.0791
11,0,6,2,0.7713,0.7207,0.7560,0.7394,0.0790
11,0,6,3,0.8009,0.7820,0.7946,0.7642,0.0584
11,0,6,4,0.8624,0.8576,0.8745,0.8307,0.0433
11,0,6,5,0.8022,0.7582,0.7722,0.7686,0.0656
11,0,6,6,0.7535,0.7075,0.7382,0.7205,0.0829
11,0,6,7,0.8655,0.8615,0.9034,0.8269,0.0283
11,0,6,8,0.8180,0.8271,0.8368,0.7777,0.0496
11,0,6,9,0.7066,0.6408,0.7084,0.6762,0.0996
11,0,6,10,0.7205,0.6585,0.7146,0.6891,0.0960
11,0,6,11,0.8250,0.7946,0.7956,0.7923,0.0567
11,0,7,0,0.7808,0.7768,0.7819,0.7418,0.0649
11,0,7,1,0.7522,0.7070,0.7369,0.7201,0.0821
11,0,7,2,0.7057,0.6399,0.7075,0.6753,0.0997
11,0,7,3,0.8616,0.8547,0.8730,0.8306,0.0447
11,0,7,4,0.7996,0.7698,0.7585,0.7668,0.0610
11,0,7,5,0.8045,0.7640,0.7760,0.7727,0.0664
11,0,7,6,0.7603,0.7161,0.7538,0.7269,0.0802
11,0,7,7,0.7258,0.6808,0.7271,0.6932,0.0922
11,0,7,8,0.8138,0.8405,0.8420,0.7738,0.0510
11,0,7,9,0.8012,0.7714,0.7974,0.7689,0.0672
11,0,7,10,0.7158,0.6633,0.7155,0.6838,0.0956
11,0,7,11,0.7192,0.6581,0.7176,0.6881,0.0965
11,0,8,0,0.7513,0.7009,0.7443,0.7179,0.0840
11,0,8,1,0.7134,0.6654,0.7148,0.6809,0.0955
11,0,8,2,0.8172,0.7829,0.7951,0.7844,0.0590
11,0,8,3,0.7589,0.7300,0.7728,0.7248,0.0790
11,0,8,4,0.8047,0.7722,0.7650,0.7738,0.0635
11,0,8,5,0.8810,0.8667,0.8809,0.8519,0.0323
11,0,8,6,0.7511,0.7043,0.7444,0.7188,0.0840
11,0,8,7,0.7556,0.7779,0.7625,0.7093,0.0613
11,0,8,8,0.8209,0.8312,0.8400,0.7779,0.0413
11,0,8,9,0.8362,0.8189,0.8384,0.8036,0.0529
11,0,8,10,0.8100,0.7805,0.8110,0.7768,0.0627
11,0,8,11,0.7570,0.7206,0.7762,0.7238,0.0815
11,0,9,0,0.8000,0.7835,0.8598,0.7669,0.0653
11,0,9,1,0.7177,0.6537,0.7119,0.6871,0.0968
11,0,9,2,0.8048,0.7949,0.8397,0.7700,0.0590
11,0,9,3,0.8313,0.8289,0.8204,0.7945,0.0492
11,0,9,4,0.7334,0.6826,0.7331,0.7020,0.0901
11,0,9,5,0.7681,0.7334,0.7821,0.7348,0.0791
11,0,9,6,0.7167,0.6576,0.7211,0.6855,0.0967
11,0,9,7,0.7804,0.7513,0.7858,0.7456,0.0703
11,0,9,8,0.7647,0.7319,0.7929,0.7316,0.0781
11,0,9,9,0.7109,0.6482,0.7131,0.6801,0.0986
11,0,9,10,0.8238,0.7788,0.7585,0.7937,0.0534
11,0,9,11,0.7105,0.6461,0.7119,0.6798,0.0992
11,0,10,0,0.7837,0.7587,0.8194,0.7493,0.0687
11,0,10,1,0.7188,0.6670,0.7223,0.6865,0.0951
11,0,10,2,0.7204,0.6590,0.7212,0.6897,0.0968
11,0,10,3,0.7499,0.7064,0.7494,0.7172,0.0846
11,0,10,4,0.7546,0.7033,0.7558,0.7223,0.0837
11,0,10,5,0.8090,0.7721,0.7455,0.7807,0.0615
11,0,10,6,0.7292,0.6749,0.7373,0.6973,0.0918
11,0,10,7,0.7721,0.7389,0.7904,0.7389,0.0761
11,0,10,8,0.7137,0.6532,0.7159,0.6825,0.0977
11,0,10,9,0.8269,0.7963,0.7992,0.7965,0.0543
11,0,10,10,0.7180,0.6564,0.7193,0.6866,0.0965
11,0,10,11,0.7500,0.7178,0.7468,0.7138,0.0775
11,0,11,0,1.0000,1.0000,1.0000,1.0000,0.0000
11,0,11,1,0.7482,0.6991,0.7428,0.7153,0.0864
11,0,11,2,0.7398,0.6873,0.7401,0.7079,0.0895
11,0,11,3,0.8376,0.8265,0.8519,0.8040,0.0498
11,0,11,4,0.7790,0.7392,0.7764,0.7458,0.0752
11,0,11,5,0.7490,0.6975,0.7470,0.7176,0.0867
11,0,11,6,0.7254,0.6655,0.7240,0.6940,0.0950
11,0,11,7,0.7675,0.7264,0.7571,0.7352,0.0790
11,0,11,8,0.6480,0.7707,0.8243,0.5459,0.0352
11,0,11,9,0.7201,0.6600,0.7188,0.6888,0.0964
11,0,11,10,0.8437,0.8236,0.8347,0.8127,0.0512
11,0,11,11,0.8407,0.8200,0.8320,0.8076,0.0475
11,1,0,0,0.7922,0.7550,0.8219,0.7664,0.0753
11,1,0,1,0.1337,0.1824,0.9650,0.0353,0.0125
11,1,0,2,0.8857,0.8663,0.9261,0.8763,0.0656
11,1,0,3,0.1656,0.2041,0.9647,0.0607,0.0155
11,1,0,4,0.3999,0.3419,0.9592,0.3001,0.0530
11,1,0,5,0.2179,0.2157,0.9609,0.1202,0.0173
11,1,0,6,0.6414,0.6114,0.8075,0.5810,0.0792
11,1,0,7,0.6098,0.5904,0.9175,0.5427,0.0795
11,1,0,8,0.6641,0.6693,0.9428,0.6095,0.0649
11,1,0,9,0.8505,0.8300,0.9123,0.8365,0.0748
11,1,0,10,0.7977,0.7458,0.8915,0.7737,0.0773
11,1,0,11,0.8312,0.7930,0.8604,0.8162,0.0790
11,1,1,0,0.6454,0.6288,0.9739,0.5880,0.0626
11,1,1,1,0.8641,0.8432,0.9676,0.8493,0.0657
11,1,1,2,0.8192,0.7998,0.9594,0.7963,0.0714
11,1,1,3,0.9181,0.8734,0.8943,0.9167,0.0619
11,1,1,4,0.9480,0.9331,0.9663,0.9465,0.0504
11,1,1,5,0.9313,0.9084,0.9840,0.9252,0.0470
11,1,1,6,0.8419,0.7966,0.9842,0.8203,0.0453
11,1,1,7,0.9168,0.9037,0.9578,0.9113,0.0571
11,1,1,8,0.9572,0.9546,0.9912,0.9545,0.0412
11,1,1,9,0.9656,0.9630,0.9957,0.9625,0.0314
11,1,1,10,0.2032,0.5231,0.8862,0.0442,0.0813
11,1,1,11,0.3538,0.2707,0.9647,0.2648,0.0240
11,1,2,0,0.7511,0.6970,0.9248,0.7146,0.0702
11,1,2,1,0.9850,0.9821,0.9955,0.9840,0.0216
11,1,2,2,0.4177,0.4413,0.9803,0.3277,0.0430
11,1,2,3,0.6911,0.6716,0.9789,0.6426,0.0601
11,1,2,4,0.8485,0.8542,0.9915,0.8278,0.0488
11,1,2,5,0.6482,0.6399,0.9531,0.5905,0.0673
11,1,2,6,0.9774,0.9814,0.9980,0.9752,0.0237
11,1,2,7,0.6885,0.6615,0.8548,0.6397,0.0842
11,1,2,8,0.5980,0.6453,0.9710,0.5332,0.0548
11,1,2,9,0.4322,0.5129,0.9311,0.3310,0.0630
11,1,2,10,0.8360,0.7955,0.9032,0.8191,0.0757
11,1,2,11,0.9893,0.9861,0.9962,0.9893,0.0247
11,1,3,0,0.9947,0.9960,0.9991,0.9943,0.0102
11,1,3,1,0.9570,0.9498,0.9964,0.9522,0.0293
11,1,3,2,0.4596,0.4630,0.9793,0.3731,0.0501
11,1,3,3,0.8869,0.8724,0.9929,0.8717,0.0314
11,1,3,4,0.9962,0.9975,0.9995,0.9960,0.0092
11,1,3,5,0.9534,0.9511,0.9706,0.9501,0.0411
11,1,3,6,0.6236,0.6331,0.8825,0.5594,0.0771
11,1,3,7,0.6409,0.5833,0.9756,0.5838,0.0561
11,1,3,8,0.6083,0.5874,0.9803,0.5484,0.0464
11,1,3,9,0.7754,0.7765,0.9822,0.7428,0.0433
11,1,3,10,0.9752,0.9694,0.9959,0.9731,0.0261
11,1,3,11,0.7963,0.7446,0.9678,0.7674,0.0585
11,1,4,0,0.7226,0.7219,0.9834,0.6818,0.0386
11,1,4,1,0.8782,0.8288,0.9903,0.8618,0.0365
11,1,4,2,0.9982,0.9983,1.0000,0.9979,0.0031
11,1,4,3,0.7170,0.6751,0.9016,0.6734,0.0575
11,1,4,4,0.9870,0.9850,0.9989,0.9856,0.0132
11,1,4,5,0.9554,0.9485,0.9977,0.9501,0.0247
11,1,4,6,0.9203,0.9147,0.9690,0.9141,0.0546
11,1,4,7,0.5448,0.5026,0.9619,0.4721,0.0491
11,1,4,8,0.9939,0.9932,0.9993,0.9933,0.0122
11,1,4,9,0.8434,0.8085,0.9834,0.8220,0.0466
11,1,4,10,0.9965,0.9960,0.9998,0.9962,0.0070
11,1,4,11,0.2179,0.2891,0.9638,0.1304,0.0132
11,1,5,0,0.9960,0.9962,0.9991,0.9959,0.0098
11,1,5,1,0.9953,0.9947,0.9986,0.9954,0.0132
11,1,5,2,0.8766,0.8505,0.9878,0.8603,0.0450
11,1,5,3,0.9055,0.8886,0.9607,0.8968,0.0576
11,1,5,4,0.8975,0.8533,0.9792,0.8861,0.0516
11,1,5,5,0.9976,0.9974,0.9993,0.9976,0.0093
11,1,5,6,0.9896,0.9917,0.9993,0.9883,0.0079
11,1,5,7,0.9203,0.9021,0.9973,0.9099,0.0264
11,1,5,8,0.9920,0.9939,0.9998,0.9910,0.0068
11,1,5,9,0.9979,0.9981,0.9999,0.9977,0.0042
11,1,5,10,0.9103,0.8696,0.9848,0.8994,0.0411
11,1,5,11,0.9811,0.9686,0.9980,0.9789,0.0173
11,1,6,0,0.8178,0.7888,0.9577,0.7924,0.0533
11,1,6,1,0.9903,0.9890,0.9992,0.9891,0.0089
11,1,6,2,0.9951,0.9960,0.9998,0.9945,0.0080
11,1,6,3,0.9693,0.9689,0.9957,0.9662,0.0281
11,1,6,4,0.9555,0.9431,0.9742,0.9535,0.0432
11,1,6,5,0.9891,0.9870,0.9979,0.9886,0.0209
11,1,6,6,0.9959,0.9936,0.9996,0.9954,0.0070
11,1,6,7,0.8745,0.8320,0.9495,0.8608,0.0581
11,1,6,8,0.9197,0.8911,0.9876,0.9104,0.0418
11,1,6,9,0.9956,0.9950,0.9988,0.9956,0.0131
11,1,6,10,0.9977,0.9973,0.9991,0.9977,0.0096
11,1,6,11,0.9702,0.9698,0.9958,0.9677,0.0298
11,1,7,0,0.9238,0.9362,0.9971,0.9139,0.0286
11,1,7,1,0.9903,0.9899,0.9997,0.9891,0.0088
11,1,7,2,0.9955,0.9949,0.9987,0.9956,0.0132
11,1,7,3,0.9507,0.9388,0.9747,0.9475,0.0428
11,1,7,4,0.9285,0.9195,0.9951,0.9192,0.0262
11,1,7,5,0.9837,0.9856,0.9983,0.9822,0.0201
11,1,7,6,0.9966,0.9967,0.9998,0.9962,0.0066
11,1,7,7,0.9978,0.9984,0.9997,0.9976,0.0060
11,1,7,8,0.9172,0.8952,0.9853,0.9072,0.0359
11,1,7,9,0.9826,0.9802,0.9958,0.9809,0.0193
11,1,7,10,0.9968,0.9972,0.9992,0.9968,0.0100
11,1,7,11,0.9968,0.9968,0.9993,0.9967,0.0101
11,1,8,0,0.9977,0.9980,1.0000,0.9974,0.0035
11,1,8,1,0.9964,0.9966,0.9991,0.9963,0.0101
11,1,8,2,0.9773,0.9765,0.9943,0.9755,0.0274
11,1,8,3,0.9926,0.9901,0.9989,0.9917,0.0080
11,1,8,4,0.9502,0.9547,0.9982,0.9439,0.0245
11,1,8,5,0.8640,0.8585,0.9679,0.8469,0.0550
11,1,8,6,0.9952,0.9968,1.0000,0.9946,0.0064
11,1,8,7,0.8292,0.8564,0.9912,0.8057,0.0291
11,1,8,8,0.9124,0.8912,0.9843,0.9026,0.0451
11,1,8,9,0.9738,0.9687,0.9868,0.9726,0.0336
11,1,8,10,0.9880,0.9840,0.9935,0.9875,0.0237
11,1,8,11,0.9963,0.9952,0.9972,0.9959,0.0073
11,1,9,0,0.9291,0.9066,0.9617,0.9199,0.0277
11,1,9,1,0.9972,0.9969,0.9990,0.9972,0.0106
11,1,9,2,0.9551,0.9317,0.9808,0.9499,0.0298
11,1,9,3,0.9163,0.9200,0.9891,0.9065,0.0415
11,1,9,4,0.9968,0.9974,0.9997,0.9965,0.0087
11,1,9,5,0.9953,0.9948,0.9967,0.9949,0.0087
11,1,9,6,0.9971,0.9972,0.9994,0.9971,0.0102
11,1,9,7,0.9886,0.9851,0.9974,0.9875,0.0164
11,1,9,8,0.9920,0.9889,0.9929,0.9910,0.0100
11,1,9,9,0.9965,0.9962,0.9991,0.9966,0.0122
11,1,9,10,0.9172,0.9102,0.9937,0.9065,0.0336
11,1,9,11,0.9962,0.9958,0.9990,0.9962,0.0127
11,1,10,0,0.9842,0.9783,0.9863,0.9825,0.0188
11,1,10,1,0.9981,0.9983,0.9995,0.9981,0.0089
11,1,10,2,0.9968,0.9971,0.9995,0.9968,0.0104
11,1,10,3,0.9978,0.9981,0.9999,0.9975,0.0045
11,1,10,4,0.9961,0.9965,0.9992,0.9956,0.0049
11,1,10,5,0.8958,0.8959,0.9944,0.8819,0.0283
11,1,10,6,0.9982,0.9980,0.9996,0.9981,0.0067
11,1,10,7,0.9936,0.9903,0.9942,0.9929,0.0127
11,1,10,8,0.9965,0.9963,0.9992,0.9965,0.0113
11,1,10,9,0.9126,0.9035,0.9933,0.9012,0.0327
11,1,10,10,0.9974,0.9970,0.9994,0.9974,0.0101
11,1,10,11,0.9873,0.9885,0.9999,0.9857,0.0110
11,1,11,0,0.7482,0.6991,0.7428,0.7153,0.0864
11,1,11,1,1.0000,1.0000,1.0000,1.0000,0.0000
11,1,11,2,0.9990,0.9990,0.9999,0.9990,0.0041
11,1,11,3,0.9587,0.9606,0.9826,0.9555,0.0376
11,1,11,4,0.9970,0.9963,0.9986,0.9969,0.0113
11,1,11,5,0.9978,0.9983,0.9998,0.9975,0.0039
11,1,11,6,0.9981,0.9979,0.9996,0.9981,0.0088
11,1,11,7,0.9962,0.9965,0.9997,0.9958,0.0075
11,1,11,8,0.1798,0.4721,0.9403,0.0408,0.0552
11,1,11,9,0.9976,0.9974,0.9994,0.9975,0.0100
11,1,11,10,0.9556,0.9590,0.9885,0.9517,0.0369
11,1,11,11,0.9554,0.9484,0.9878,0.9518,0.0390
11,2,0,0,0.7812,0.7433,0.8194,0.7555,0.0783
11,2,0,1,0.1251,0.1703,0.9644,0.0282,0.0092
11,2,0,2,0.8762,0.8542,0.9241,0.8666,0.0686
11,2,0,3,0.1550,0.1916,0.9639,0.0515,0.0138
11,2,0,4,0.3844,0.3277,0.9574,0.2849,0.0560
11,2,0,5,0.2072,0.2035,0.9601,0.1108,0.0161
11,2,0,6,0.6290,0.5976,0.8047,0.5689,0.0823
11,2,0,7,0.5921,0.5718,0.9148,0.5242,0.0825
11,2,0,8,0.6517,0.6570,0.9405,0.5973,0.0680
11,2,0,9,0.8364,0.8158,0.9098,0.8216,0.0778
11,2,0,10,0.7829,0.7317,0.8884,0.7581,0.0803
11,2,0,11,0.8191,0.7799,0.8576,0.8038,0.0820
11,2,1,0,0.6267,0.6106,0.9717,0.5682,0.0656
11,2,1,1,0.8523,0.8284,0.9654,0.8370,0.0687
11,2,1,2,0.8032,0.7827,0.9569,0.7792,0.0746
11,2,1,3,0.9144,0.8698,0.8926,0.9142,0.0649
11,2,1,4,0.9391,0.9235,0.9646,0.9373,0.0534
11,2,1,5,0.9231,0.8969,0.9824,0.9168,0.0500
11,2,1,6,0.8316,0.7832,0.9830,0.8098,0.0483
11,2,1,7,0.9069,0.8931,0.9561,0.9011,0.0601
11,2,1,8,0.9490,0.9464,0.9899,0.9459,0.0442
11,2,1,9,0.9577,0.9559,0.9947,0.9541,0.0346
11,2,1,10,0.1949,0.5138,0.8842,0.0385,0.0846
11,2,1,11,0.3399,0.2573,0.9637,0.2515,0.0252
11,2,2,0,0.7420,0.6836,0.9223,0.7059,0.0732
11,2,2,1,0.9817,0.9780,0.9950,0.9808,0.0247
11,2,2,2,0.4063,0.4262,0.9788,0.3172,0.0460
11,2,2,3,0.6764,0.6532,0.9769,0.6274,0.0634
11,2,2,4,0.8412,0.8445,0.9904,0.8207,0.0518
11,2,2,5,0.6337,0.6234,0.9505,0.5757,0.0703
11,2,2,6,0.9726,0.9766,0.9973,0.9703,0.0268
11,2,2,7,0.6717,0.6462,0.8514,0.6220,0.0872
11,2,2,8,0.5874,0.6339,0.9694,0.5231,0.0579
11,2,2,9,0.4204,0.4991,0.9293,0.3202,0.0660
11,2,2,10,0.8218,0.7801,0.9003,0.8040,0.0787
11,2,2,11,0.9862,0.9824,0.9954,0.9863,0.0277
11,2,3,0,0.9968,0.9974,0.9992,0.9965,0.0070
11,2,3,1,0.9529,0.9420,0.9954,0.9482,0.0323
11,2,3,2,0.4473,0.4464,0.9776,0.3615,0.0531
11,2,3,3,0.8852,0.8664,0.9920,0.8706,0.0336
11,2,3,4,0.9982,0.9987,0.9996,0.9981,0.0059
11,2,3,5,0.9460,0.9447,0.9699,0.9424,0.0441
11,2,3,6,0.6087,0.6164,0.8799,0.5444,0.0802
11,2,3,7,0.6278,0.5696,0.9741,0.5707,0.0592
11,2,3,8,0.5989,0.5741,0.9786,0.5396,0.0497
11,2,3,9,0.7728,0.7658,0.9812,0.7413,0.0463
11,2,3,10,0.9710,0.9633,0.9949,0.9689,0.0291
11,2,3,11,0.7889,0.7317,0.9660,0.7605,0.0615
11,2,4,0,0.7196,0.7107,0.9821,0.6800,0.0413
11,2,4,1,0.8783,0.8182,0.9892,0.8630,0.0397
11,2,4,2,0.9979,0.9982,0.9999,0.9977,0.0054
11,2,4,3,0.7081,0.6665,0.9011,0.6650,0.0605
11,2,4,4,0.9862,0.9819,0.9985,0.9849,0.0155
11,2,4,5,0.9504,0.9409,0.9969,0.9450,0.0277
11,2,4,6,0.9085,0.9040,0.9674,0.9016,0.0576
11,2,4,7,0.5308,0.4868,0.9599,0.4582,0.0521
11,2,4,8,0.9900,0.9897,0.9988,0.9892,0.0152
11,2,4,9,0.8300,0.7956,0.9822,0.8078,0.0496
11,2,4,10,0.9977,0.9973,0.9998,0.9974,0.0037
11,2,4,11,0.2050,0.2761,0.9632,0.1183,0.0102
11,2,5,0,0.9980,0.9979,0.9991,0.9979,0.0068
11,2,5,1,0.9975,0.9970,0.9987,0.9976,0.0102
11,2,5,2,0.8679,0.8406,0.9868,0.8514,0.0480
11,2,5,3,0.8959,0.8783,0.9594,0.8871,0.0606
11,2,5,4,0.8880,0.8411,0.9774,0.8763,0.0546
11,2,5,5,0.9985,0.9980,0.9993,0.9985,0.0060
11,2,5,6,0.9914,0.9913,0.9991,0.9904,0.0077
11,2,5,7,0.9143,0.8940,0.9966,0.9036,0.0278
11,2,5,8,0.9923,0.9919,0.9995,0.9915,0.0088
11,2,5,9,0.9983,0.9987,0.9999,0.9981,0.0020
11,2,5,10,0.9014,0.8608,0.9838,0.8902,0.0441
11,2,5,11,0.9784,0.9637,0.9974,0.9761,0.0182
11,2,6,0,0.8076,0.7774,0.9567,0.7821,0.0563
11,2,6,1,0.9890,0.9856,0.9991,0.9878,0.0109
11,2,6,2,0.9930,0.9938,0.9995,0.9924,0.0108
11,2,6,3,0.9614,0.9610,0.9950,0.9578,0.0311
11,2,6,4,0.9510,0.9392,0.9732,0.9493,0.0462
11,2,6,5,0.9849,0.9824,0.9972,0.9842,0.0239
11,2,6,6,0.9953,0.9919,0.9993,0.9948,0.0068
11,2,6,7,0.8613,0.8189,0.9473,0.8468,0.0611
11,2,6,8,0.9183,0.8871,0.9868,0.9097,0.0449
11,2,6,9,0.9977,0.9973,0.9989,0.9978,0.0101
11,2,6,10,0.9986,0.9983,0.9992,0.9986,0.0066
11,2,6,11,0.9678,0.9650,0.9949,0.9657,0.0328
11,2,7,0,0.9256,0.9358,0.9966,0.9166,0.0300
11,2,7,1,0.9891,0.9877,0.9995,0.9878,0.0087
11,2,7,2,0.9976,0.9972,0.9988,0.9977,0.0102
11,2,7,3,0.9483,0.9326,0.9736,0.9458,0.0458
11,2,7,4,0.9279,0.9086,0.9942,0.9191,0.0295
11,2,7,5,0.9808,0.9820,0.9978,0.9794,0.0231
11,2,7,6,0.9954,0.9959,0.9997,0.9950,0.0093
11,2,7,7,0.9980,0.9979,0.9997,0.9978,0.0043
11,2,7,8,0.9099,0.8841,0.9842,0.8998,0.0390
11,2,7,9,0.9817,0.9761,0.9953,0.9804,0.0223
11,2,7,10,0.9977,0.9974,0.9992,0.9976,0.0067
11,2,7,11,0.9986,0.9986,0.9994,0.9986,0.0071
11,2,8,0,0.9971,0.9977,0.9999,0.9969,0.0055
11,2,8,1,0.9969,0.9961,0.9991,0.9966,0.0079
11,2,8,2,0.9718,0.9708,0.9936,0.9699,0.0307
11,2,8,3,0.9913,0.9870,0.9987,0.9904,0.0108
11,2,8,4,0.9509,0.9467,0.9975,0.9453,0.0270
11,2,8,5,0.8543,0.8453,0.9663,0.8371,0.0580
11,2,8,6,0.9953,0.9964,0.9999,0.9947,0.0063
11,2,8,7,0.8348,0.8544,0.9904,0.8131,0.0303
11,2,8,8,0.9010,0.8781,0.9829,0.8905,0.0481
11,2,8,9,0.9681,0.9625,0.9861,0.9668,0.0366
11,2,8,10,0.9857,0.9799,0.9929,0.9854,0.0268
11,2,8,11,0.9971,0.9957,0.9973,0.9969,0.0080
11,2,9,0,0.9253,0.9015,0.9623,0.9162,0.0296
11,2,9,1,0.9986,0.9983,0.9990,0.9986,0.0073
11,2,9,2,0.9485,0.9240,0.9805,0.9430,0.0328
11,2,9,3,0.9158,0.9137,0.9879,0.9070,0.0445
11,2,9,4,0.9965,0.9969,0.9998,0.9961,0.0072
11,2,9,5,0.9959,0.9942,0.9966,0.9956,0.0104
11,2,9,6,0.9987,0.9987,0.9996,0.9987,0.0072
11,2,9,7,0.9842,0.9801,0.9970,0.9829,0.0194
11,2,9,8,0.9931,0.9904,0.9932,0.9925,0.0114
11,2,9,9,0.9983,0.9980,0.9992,0.9984,0.0092
11,2,9,10,0.9159,0.8976,0.9926,0.9058,0.0361
11,2,9,11,0.9981,0.9978,0.9991,0.9982,0.0097
11,2,10,0,0.9805,0.9751,0.9865,0.9786,0.0207
11,2,10,1,0.9987,0.9986,0.9996,0.9986,0.0059
11,2,10,2,0.9986,0.9987,0.9996,0.9986,0.0073
11,2,10,3,0.9977,0.9977,0.9999,0.9974,0.0051
11,2,10,4,0.9964,0.9974,0.9993,0.9961,0.0058
11,2,10,5,0.8960,0.8827,0.9938,0.8828,0.0295
11,2,10,6,0.9993,0.9991,0.9997,0.9993,0.0031
11,2,10,7,0.9927,0.9888,0.9942,0.9921,0.0134
11,2,10,8,0.9985,0.9983,0.9993,0.9985,0.0083
11,2,10,9,0.9121,0.8917,0.9924,0.9015,0.0357
11,2,10,10,0.9989,0.9987,0.9995,0.9989,0.0071
11,2,10,11,0.9872,0.9875,0.9998,0.9857,0.0122
11,2,11,0,0.7398,0.6873,0.7401,0.7079,0.0895
11,2,11,1,0.9990,0.9990,0.9999,0.9990,0.0041
11,2,11,2,1.0000,1.0000,1.0000,1.0000,0.0000
11,2,11,3,0.9523,0.9542,0.9821,0.9489,0.0407
11,2,11,4,0.9969,0.9958,0.9984,0.9971,0.0143
11,2,11,5,0.9984,0.9987,0.9998,0.9983,0.0035
11,2,11,6,0.9993,0.9992,0.9997,0.9993,0.0055
11,2,11,7,0.9948,0.9945,0.9995,0.9943,0.0105
11,2,11,8,0.1741,0.4640,0.9387,0.0378,0.0585
11,2,11,9,0.9990,0.9989,0.9994,0.9990,0.0070
11,2,11,10,0.9516,0.9527,0.9877,0.9479,0.0399
11,2,11,11,0.9482,0.9406,0.9868,0.9443,0.0420
11,3,0,0,0.8582,0.8664,0.9110,0.8285,0.0397
11,3,0,1,0.2032,0.2610,0.9358,0.0915,0.0498
11,3,0,2,0.9166,0.9318,0.9760,0.9001,0.0293
11,3,0,3,0.2397,0.2884,0.9429,0.1211,0.0308
11,3,0,4,0.5018,0.4499,0.9690,0.3957,0.0161
11,3,0,5,0.2770,0.2991,0.9332,0.1652,0.0300
11,3,0,6,0.7703,0.7471,0.9002,0.7170,0.0429
11,3,0,7,0.7132,0.7025,0.9682,0.6455,0.0434
11,3,0,8,0.7269,0.7801,0.9798,0.6649,0.0289
11,3,0,9,0.9102,0.9050,0.9670,0.8934,0.0403
11,3,0,10,0.8518,0.8294,0.9484,0.8205,0.0407
11,3,0,11,0.8921,0.8764,0.9337,0.8725,0.0432
11,3,1,0,0.7420,0.7286,0.9848,0.6852,0.0270
11,3,1,1,0.9050,0.9005,0.9869,0.8855,0.0317
11,3,1,2,0.8674,0.8623,0.9795,0.8391,0.0369
11,3,1,3,0.9366,0.9112,0.9603,0.9256,0.0272
11,3,1,4,0.9619,0.9582,0.9940,0.9546,0.0195
11,3,1,5,0.9263,0.9407,0.9898,0.9113,0.0104
11,3,1,6,0.8553,0.8662,0.9968,0.8257,0.0087
11,3,1,7,0.9437,0.9522,0.9909,0.9328,0.0247
11,3,1,8,0.9555,0.9614,0.9904,0.9466,0.0117
11,3,1,9,0.9469,0.9579,0.9837,0.9371,0.0102
11,3,1,10,0.3461,0.6215,0.9389,0.1814,0.0466
11,3,1,11,0.4124,0.3545,0.9433,0.3117,0.0210
11,3,2,0,0.8184,0.7999,0.9678,0.7780,0.0336
11,3,2,1,0.9561,0.9750,0.9952,0.9487,0.0186
11,3,2,2,0.5366,0.5552,0.9763,0.4457,0.0135
11,3,2,3,0.7507,0.7518,0.9797,0.6965,0.0240
11,3,2,4,0.8918,0.9006,0.9795,0.8700,0.0177
11,3,2,5,0.7494,0.7508,0.9833,0.6929,0.0312
11,3,2,6,0.9649,0.9672,0.9837,0.9593,0.0160
11,3,2,7,0.7865,0.7620,0.9294,0.7377,0.0479
11,3,2,8,0.7159,0.7652,0.9930,0.6554,0.0190
11,3,2,9,0.5761,0.6379,0.9796,0.4784,0.0266
11,3,2,10,0.8970,0.8724,0.9609,0.8769,0.0404
11,3,2,11,0.9673,0.9684,0.9918,0.9616,0.0169
11,3,3,0,0.9349,0.9409,0.9741,0.9308,0.0468
11,3,3,1,0.9373,0.9561,0.9838,0.9262,0.0126
11,3,3,2,0.5558,0.5728,0.9813,0.4647,0.0167
11,3,3,3,0.9006,0.9024,0.9763,0.8833,0.0192
11,3,3,4,0.9415,0.9453,0.9765,0.9380,0.0466
11,3,3,5,0.9532,0.9810,0.9984,0.9438,0.0071
11,3,3,6,0.7240,0.7508,0.9497,0.6588,0.0408
11,3,3,7,0.7163,0.6729,0.9884,0.6560,0.0216
11,3,3,8,0.6984,0.6896,0.9669,0.6386,0.0195
11,3,3,9,0.8290,0.8540,0.9717,0.7955,0.0169
11,3,3,10,0.9526,0.9555,0.9820,0.9443,0.0152
11,3,3,11,0.8200,0.8186,0.9818,0.7814,0.0227
11,3,4,0,0.7739,0.7981,0.9677,0.7303,0.0156
11,3,4,1,0.8660,0.8711,0.9808,0.8405,0.0138
11,3,4,2,0.9541,0.9574,0.9831,0.9498,0.0353
11,3,4,3,0.7773,0.7792,0.9581,0.7293,0.0201
11,3,4,4,0.9446,0.9648,0.9872,0.9369,0.0252
11,3,4,5,0.9243,0.9496,0.9854,0.9112,0.0132
11,3,4,6,0.9573,0.9603,0.9954,0.9490,0.0201
11,3,4,7,0.6154,0.5839,0.9756,0.5356,0.0188
11,3,4,8,0.9655,0.9658,0.9835,0.9613,0.0257
11,3,4,9,0.8849,0.8711,0.9953,0.8615,0.0097
11,3,4,10,0.9425,0.9477,0.9817,0.9379,0.0420
11,3,4,11,0.3350,0.3897,0.9270,0.2442,0.0509
11,3,5,0,0.9396,0.9394,0.9737,0.9362,0.0475
11,3,5,1,0.9342,0.9323,0.9715,0.9314,0.0509
11,3,5,2,0.8979,0.9068,0.9906,0.8778,0.0168
11,3,5,3,0.9462,0.9463,0.9936,0.9356,0.0210
11,3,5,4,0.9279,0.8998,0.9929,0.9131,0.0173
11,3,5,5,0.9434,0.9451,0.9752,0.9403,0.0462
11,3,5,6,0.9449,0.9554,0.9767,0.9395,0.0350
11,3,5,7,0.9115,0.9127,0.9822,0.8964,0.0178
11,3,5,8,0.9452,0.9632,0.9834,0.9390,0.0319
11,3,5,9,0.9515,0.9527,0.9801,0.9478,0.0403
11,3,5,10,0.9184,0.9114,0.9959,0.9023,0.0097
11,3,5,11,0.9476,0.9484,0.9785,0.9403,0.0243
11,3,6,0,0.8697,0.8774,0.9920,0.8425,0.0185
11,3,6,1,0.9512,0.9650,0.9883,0.9458,0.0303
11,3,6,2,0.9559,0.9666,0.9860,0.9509,0.0302
11,3,6,3,0.9576,0.9755,0.9919,0.9502,0.0132
11,3,6,4,0.9679,0.9678,0.9979,0.9615,0.0094
11,3,6,5,0.9682,0.9697,0.9878,0.9632,0.0173
11,3,6,6,0.9507,0.9537,0.9806,0.9458,0.0341
11,3,6,7,0.9253,0.8939,0.9867,0.9102,0.0215
11,3,6,8,0.9201,0.9129,0.9978,0.9044,0.0160
11,3,6,9,0.9351,0.9335,0.9723,0.9322,0.0508
11,3,6,10,0.9429,0.9422,0.9740,0.9398,0.0472
11,3,6,11,0.9565,0.9681,0.9929,0.9485,0.0126
11,3,7,0,0.9304,0.9474,0.9894,0.9187,0.0190
11,3,7,1,0.9465,0.9535,0.9802,0.9412,0.0333
11,3,7,2,0.9347,0.9330,0.9719,0.9319,0.0509
11,3,7,3,0.9550,0.9670,0.9980,0.9460,0.0104
11,3,7,4,0.8993,0.9445,0.9798,0.8824,0.0182
11,3,7,5,0.9573,0.9767,0.9898,0.9505,0.0176
11,3,7,6,0.9587,0.9615,0.9853,0.9545,0.0314
11,3,7,7,0.9464,0.9525,0.9778,0.9430,0.0434
11,3,7,8,0.9356,0.9459,0.9965,0.9231,0.0064
11,3,7,9,0.9528,0.9730,0.9947,0.9453,0.0184
11,3,7,10,0.9405,0.9442,0.9743,0.9372,0.0468
11,3,7,11,0.9398,0.9408,0.9751,0.9363,0.0478
11,3,8,0,0.9553,0.9575,0.9830,0.9511,0.0352
11,3,8,1,0.9413,0.9457,0.9739,0.9381,0.0467
11,3,8,2,0.9583,0.9725,0.9904,0.9509,0.0131
11,3,8,3,0.9548,0.9663,0.9900,0.9499,0.0302
11,3,8,4,0.9218,0.9678,0.9857,0.9090,0.0168
11,3,8,5,0.9159,0.9334,0.9947,0.8985,0.0181
11,3,8,6,0.9535,0.9596,0.9830,0.9493,0.0352
11,3,8,7,0.8435,0.8857,0.9768,0.8162,0.0177
11,3,8,8,0.9362,0.9354,0.9952,0.9233,0.0125
11,3,8,9,0.9784,0.9845,0.9991,0.9743,0.0064
11,3,8,10,0.9673,0.9747,0.9967,0.9618,0.0139
11,3,8,11,0.9572,0.9633,0.9913,0.9530,0.0327
11,3,9,0,0.9361,0.9488,0.9894,0.9255,0.0207
11,3,9,1,0.9402,0.9405,0.9732,0.9371,0.0480
11,3,9,2,0.9608,0.9596,0.9967,0.9542,0.0163
11,3,9,3,0.9313,0.9538,0.9928,0.9177,0.0072
11,3,9,4,0.9515,0.9552,0.9803,0.9486,0.0413
11,3,9,5,0.9527,0.9641,0.9923,0.9471,0.0303
11,3,9,6,0.9411,0.9421,0.9767,0.9380,0.0479
11,3,9,7,0.9633,0.9742,0.9929,0.9583,0.0215
11,3,9,8,0.9566,0.9625,0.9936,0.9518,0.0293
11,3,9,9,0.9381,0.9376,0.9739,0.9351,0.0498
11,3,9,10,0.8978,0.9426,0.9783,0.8795,0.0177
11,3,9,11,0.9375,0.9362,0.9734,0.9345,0.0504
11,3,10,0,0.9747,0.9812,0.9963,0.9715,0.0218
11,3,10,1,0.9444,0.9478,0.9765,0.9413,0.0463
11,3,10,2,0.9399,0.9420,0.9765,0.9364,0.0480
11,3,10,3,0.9531,0.9592,0.9844,0.9489,0.0358
11,3,10,4,0.9580,0.9602,0.9867,0.9544,0.0349
11,3,10,5,0.8669,0.9462,0.9753,0.8449,0.0219
11,3,10,6,0.9494,0.9503,0.9818,0.9463,0.0430
11,3,10,7,0.9623,0.9710,0.9934,0.9580,0.0273
11,3,10,8,0.9386,0.9388,0.9747,0.9354,0.0489
11,3,10,9,0.9006,0.9426,0.9907,0.8826,0.0121
11,3,10,10,0.9423,0.9417,0.9759,0.9392,0.0478
11,3,10,11,0.9618,0.9660,0.9832,0.9580,0.0287
11,3,11,0,0.8376,0.8265,0.8519,0.8040,0.0498
11,3,11,1,0.9587,0.9606,0.9826,0.9555,0.0376
11,3,11,2,0.9523,0.9542,0.9821,0.9489,0.0407
11,3,11,3,1.0000,1.0000,1.0000,1.0000,0.0000
11,3,11,4,0.9611,0.9658,0.9904,0.9561,0.0274
11,3,11,5,0.9529,0.9565,0.9842,0.9491,0.0379
11,3,11,6,0.9449,0.9449,0.9773,0.9417,0.0462
11,3,11,7,0.9569,0.9674,0.9860,0.9522,0.0302
11,3,11,8,0.3314,0.5805,0.9489,0.1889,0.0186
11,3,11,9,0.9415,0.9420,0.9755,0.9382,0.0476
11,3,11,10,0.9824,0.9883,0.9984,0.9790,0.0071
11,3,11,11,0.9819,0.9805,0.9972,0.9783,0.0058
11,4,0,0,0.8142,0.7882,0.8502,0.7867,0.0640
11,4,0,1,0.1663,0.2267,0.9648,0.0648,0.0235
11,4,0,2,0.9023,0.8878,0.9441,0.8915,0.0543
11,4,0,3,0.2018,0.2510,0.9664,0.0941,0.0213
11,4,0,4,0.4327,0.3896,0.9686,0.3304,0.0422
11,4,0,5,0.2506,0.2604,0.9615,0.1502,0.0220
11,4,0,6,0.6681,0.6506,0.8363,0.6054,0.0680
11,4,0,7,0.6364,0.6264,0.9350,0.5670,0.0685
11,4,0,8,0.6834,0.7024,0.9578,0.6259,0.0537
11,4,0,9,0.8653,0.8534,0.9314,0.8487,0.0638
11,4,0,10,0.8194,0.7824,0.9127,0.7935,0.0660
11,4,0,11,0.8535,0.8262,0.8853,0.8371,0.0677
11,4,1,0,0.6632,0.6541,0.9814,0.6027,0.0518
11,4,1,1,0.8778,0.8613,0.9771,0.8611,0.0547
11,4,1,2,0.8328,0.8207,0.9699,0.8073,0.0609
11,4,1,3,0.9357,0.9018,0.9164,0.9333,0.0506
11,4,1,4,0.9546,0.9458,0.9772,0.9511,0.0391
11,4,1,5,0.9410,0.9218,0.9902,0.9336,0.0357
11,4,1,6,0.8483,0.8107,0.9917,0.8241,0.0340
11,4,1,7,0.9263,0.9188,0.9707,0.9187,0.0458
11,4,1,8,0.9611,0.9617,0.9950,0.9567,0.0307
11,4,1,9,0.9664,0.9663,0.9964,0.9617,0.0219
11,4,1,10,0.2501,0.5682,0.9086,0.0892,0.0714
11,4,1,11,0.3829,0.3144,0.9666,0.2915,0.0211
11,4,2,0,0.7810,0.7332,0.9424,0.7445,0.0589
11,4,2,1,0.9870,0.9856,0.9988,0.9852,0.0106
11,4,2,2,0.4485,0.4799,0.9849,0.3563,0.0362
11,4,2,3,0.7103,0.6946,0.9841,0.6594,0.0496
11,4,2,4,0.8619,0.8668,0.9933,0.8400,0.0409
11,4,2,5,0.6686,0.6708,0.9644,0.6081,0.0573
11,4,2,6,0.9773,0.9824,0.9980,0.9741,0.0135
11,4,2,7,0.7123,0.6994,0.8781,0.6608,0.0729
11,4,2,8,0.6297,0.6820,0.9814,0.5643,0.0449
11,4,2,9,0.4578,0.5521,0.9488,0.3527,0.0517
11,4,2,10,0.8513,0.8214,0.9221,0.8317,0.0644
11,4,2,11,0.9921,0.9909,0.9985,0.9914,0.0134
11,4,3,0,0.9924,0.9916,0.9956,0.9927,0.0205
11,4,3,1,0.9600,0.9525,0.9967,0.9542,0.0214
11,4,3,2,0.4913,0.5004,0.9848,0.4029,0.0417
11,4,3,3,0.9003,0.8863,0.9937,0.8852,0.0261
11,4,3,4,0.9939,0.9923,0.9964,0.9942,0.0202
11,4,3,5,0.9553,0.9595,0.9812,0.9498,0.0298
11,4,3,6,0.6465,0.6690,0.9052,0.5792,0.0659
11,4,3,7,0.6531,0.6116,0.9845,0.5922,0.0478
11,4,3,8,0.6383,0.6244,0.9824,0.5779,0.0394
11,4,3,9,0.8016,0.7984,0.9858,0.7695,0.0365
11,4,3,10,0.9786,0.9737,0.9960,0.9757,0.0195
11,4,3,11,0.8188,0.7733,0.9777,0.7893,0.0488
11,4,4,0,0.7537,0.7490,0.9851,0.7138,0.0325
11,4,4,1,0.8965,0.8438,0.9931,0.8806,0.0302
11,4,4,2,0.9967,0.9960,0.9987,0.9965,0.0089
11,4,4,3,0.7302,0.7063,0.9224,0.6834,0.0467
11,4,4,4,0.9905,0.9885,0.9992,0.9891,0.0096
11,4,4,5,0.9586,0.9527,0.9980,0.9525,0.0165
11,4,4,6,0.9238,0.9276,0.9794,0.9146,0.0433
11,4,4,7,0.5692,0.5397,0.9711,0.4942,0.0409
11,4,4,8,0.9922,0.9922,0.9986,0.9911,0.0064
11,4,4,9,0.8525,0.8274,0.9911,0.8291,0.0369
11,4,4,10,0.9941,0.9936,0.9978,0.9940,0.0156
11,4,4,11,0.2386,0.3211,0.9615,0.1475,0.0245
11,4,5,0,0.9937,0.9914,0.9955,0.9942,0.0211
11,4,5,1,0.9916,0.9884,0.9944,0.9923,0.0245
11,4,5,2,0.8797,0.8632,0.9937,0.8609,0.0374
11,4,5,3,0.9192,0.9071,0.9737,0.9093,0.0466
11,4,5,4,0.9073,0.8686,0.9865,0.8942,0.0434
11,4,5,5,0.9939,0.9919,0.9959,0.9942,0.0198
11,4,5,6,0.9913,0.9898,0.9968,0.9905,0.0129
11,4,5,7,0.9237,0.9066,0.9974,0.9123,0.0214
11,4,5,8,0.9918,0.9917,0.9986,0.9908,0.0100
11,4,5,9,0.9946,0.9946,0.9977,0.9944,0.0139
11,4,5,10,0.9113,0.8828,0.9920,0.8980,0.0308
11,4,5,11,0.9807,0.9702,0.9967,0.9779,0.0136
11,4,6,0,0.8308,0.8104,0.9711,0.8034,0.0449
11,4,6,1,0.9882,0.9857,0.9995,0.9867,0.0110
11,4,6,2,0.9933,0.9941,0.9992,0.9924,0.0059
11,4,6,3,0.9667,0.9692,0.9987,0.9620,0.0194
11,4,6,4,0.9668,0.9612,0.9846,0.9641,0.0319
11,4,6,5,0.9884,0.9881,0.9987,0.9868,0.0109
11,4,6,6,0.9951,0.9925,0.9977,0.9946,0.0101
11,4,6,7,0.8817,0.8497,0.9623,0.8650,0.0468
11,4,6,8,0.9326,0.9095,0.9944,0.9229,0.0335
11,4,6,9,0.9920,0.9890,0.9947,0.9927,0.0244
11,4,6,10,0.9941,0.9918,0.9956,0.9945,0.0209
11,4,6,11,0.9800,0.9786,0.9985,0.9776,0.0211
11,4,7,0,0.9379,0.9491,0.9992,0.9286,0.0239
11,4,7,1,0.9879,0.9860,0.9978,0.9865,0.0140
11,4,7,2,0.9919,0.9888,0.9946,0.9926,0.0245
11,4,7,3,0.9635,0.9537,0.9847,0.9599,0.0317
11,4,7,4,0.9371,0.9231,0.9955,0.9277,0.0252
11,4,7,5,0.9865,0.9885,0.9994,0.9846,0.0114
11,4,7,6,0.9940,0.9950,0.9993,0.9933,0.0081
11,4,7,7,0.9940,0.9927,0.9972,0.9940,0.0171
11,4,7,8,0.9242,0.9041,0.9926,0.9130,0.0265
11,4,7,9,0.9871,0.9847,0.9986,0.9853,0.0119
11,4,7,10,0.9931,0.9912,0.9957,0.9934,0.0205
11,4,7,11,0.9941,0.9921,0.9960,0.9945,0.0214
11,4,8,0,0.9961,0.9960,0.9986,0.9958,0.0088
11,4,8,1,0.9921,0.9897,0.9956,0.9923,0.0203
11,4,8,2,0.9775,0.9798,0.9976,0.9745,0.0172
11,4,8,3,0.9903,0.9870,0.9999,0.9890,0.0104
11,4,8,4,0.9610,0.9571,0.9986,0.9552,0.0209
11,4,8,5,0.8771,0.8748,0.9783,0.8585,0.0442
11,4,8,6,0.9927,0.9936,0.9987,0.9920,0.0122
11,4,8,7,0.8575,0.8799,0.9927,0.8360,0.0254
11,4,8,8,0.9162,0.8996,0.9911,0.9041,0.0341
11,4,8,9,0.9769,0.9761,0.9932,0.9744,0.0231
11,4,8,10,0.9920,0.9892,0.9974,0.9912,0.0143
11,4,8,11,0.9957,0.9954,0.9982,0.9953,0.0087
11,4,9,0,0.9325,0.9121,0.9718,0.9224,0.0232
11,4,9,1,0.9937,0.9913,0.9953,0.9943,0.0216
11,4,9,2,0.9537,0.9356,0.9877,0.9469,0.0240
11,4,9,3,0.9330,0.9352,0.9944,0.9235,0.0331
11,4,9,4,0.9917,0.9909,0.9975,0.9913,0.0176
11,4,9,5,0.9967,0.9964,0.9982,0.9962,0.0050
11,4,9,6,0.9937,0.9918,0.9963,0.9941,0.0215
11,4,9,7,0.9850,0.9833,0.9991,0.9828,0.0114
11,4,9,8,0.9926,0.9919,0.9954,0.9917,0.0089
11,4,9,9,0.9928,0.9903,0.9954,0.9934,0.0235
11,4,9,10,0.9303,0.9126,0.9942,0.9198,0.0283
11,4,9,11,0.9928,0.9900,0.9952,0.9934,0.0240
11,4,10,0,0.9810,0.9781,0.9912,0.9782,0.0156
11,4,10,1,0.9940,0.9923,0.9966,0.9943,0.0199
11,4,10,2,0.9941,0.9922,0.9964,0.9946,0.0216
11,4,10,3,0.9960,0.9964,0.9991,0.9958,0.0108
11,4,10,4,0.9943,0.9951,0.9986,0.9938,0.0088
11,4,10,5,0.9054,0.8942,0.9944,0.8914,0.0286
11,4,10,6,0.9951,0.9936,0.9976,0.9953,0.0167
11,4,10,7,0.9930,0.9907,0.9965,0.9921,0.0098
11,4,10,8,0.9935,0.9912,0.9958,0.9940,0.0226
11,4,10,9,0.9228,0.9071,0.9970,0.9111,0.0277
11,4,10,10,0.9940,0.9917,0.9962,0.9945,0.0214
11,4,10,11,0.9890,0.9883,0.9989,0.9876,0.0131
11,4,11,0,0.7790,0.7392,0.7764,0.7458,0.0752
11,4,11,1,0.9970,0.9963,0.9986,0.9969,0.0113
11,4,11,2,0.9969,0.9958,0.9984,0.9971,0.0143
11,4,11,3,0.9611,0.9658,0.9904,0.9561,0.0274
11,4,11,4,1.0000,1.0000,1.0000,1.0000,0.0000
11,4,11,5,0.9956,0.9954,0.9986,0.9954,0.0126
11,4,11,6,0.9950,0.9932,0.9968,0.9953,0.0198
11,4,11,7,0.9946,0.9950,0.9994,0.9939,0.0085
11,4,11,8,0.2248,0.5173,0.9515,0.0836,0.0458
11,4,11,9,0.9945,0.9925,0.9962,0.9950,0.0213
11,4,11,10,0.9627,0.9663,0.9948,0.9579,0.0266
11,4,11,11,0.9582,0.9556,0.9935,0.9528,0.0279
11,5,0,0,0.7833,0.7502,0.8253,0.7566,0.0756
11,5,0,1,0.1372,0.1842,0.9600,0.0402,0.0119
11,5,0,2,0.8776,0.8596,0.9273,0.8673,0.0659
11,5,0,3,0.1650,0.2056,0.9598,0.0612,0.0131
11,5,0,4,0.3939,0.3393,0.9560,0.2943,0.0533
11,5,0,5,0.2138,0.2175,0.9558,0.1166,0.0150
11,5,0,6,0.6371,0.6090,0.8114,0.5770,0.0795
11,5,0,7,0.6044,0.5863,0.9180,0.5375,0.0798
11,5,0,8,0.6635,0.6663,0.9425,0.6099,0.0652
11,5,0,9,0.8416,0.8226,0.9132,0.8266,0.0750
11,5,0,10,0.7894,0.7410,0.8913,0.7646,0.0775
11,5,0,11,0.8257,0.7880,0.8619,0.8105,0.0792
11,5,1,0,0.6326,0.6206,0.9722,0.5738,0.0631
11,5,1,1,0.8587,0.8365,0.9668,0.8436,0.0660
11,5,1,2,0.8107,0.7916,0.9578,0.7870,0.0722
11,5,1,3,0.9160,0.8748,0.8972,0.9150,0.0622
11,5,1,4,0.9441,0.9300,0.9673,0.9424,0.0506
11,5,1,5,0.9275,0.9017,0.9830,0.9212,0.0472
11,5,1,6,0.8344,0.7894,0.9845,0.8122,0.0455
11,5,1,7,0.9108,0.8973,0.9584,0.9048,0.0573
11,5,1,8,0.9542,0.9511,0.9902,0.9514,0.0415
11,5,1,9,0.9607,0.9588,0.9942,0.9571,0.0319
11,5,1,10,0.2038,0.5234,0.8856,0.0468,0.0821
11,5,1,11,0.3443,0.2721,0.9598,0.2550,0.0224
11,5,2,0,0.7446,0.6930,0.9243,0.7078,0.0704
11,5,2,1,0.9820,0.9779,0.9958,0.9807,0.0219
11,5,2,2,0.4128,0.4402,0.9774,0.3231,0.0436
11,5,2,3,0.6802,0.6619,0.9765,0.6306,0.0609
11,5,2,4,0.8438,0.8485,0.9893,0.8230,0.0491
11,5,2,5,0.6408,0.6351,0.9530,0.5828,0.0676
11,5,2,6,0.9781,0.9812,0.9969,0.9763,0.0243
11,5,2,7,0.6789,0.6577,0.8566,0.6291,0.0845
11,5,2,8,0.5920,0.6430,0.9708,0.5271,0.0551
11,5,2,9,0.4291,0.5120,0.9326,0.3288,0.0632
11,5,2,10,0.8269,0.7891,0.9048,0.8089,0.0760
11,5,2,11,0.9861,0.9838,0.9960,0.9858,0.0252
11,5,3,0,0.9940,0.9954,0.9986,0.9936,0.0089
11,5,3,1,0.9576,0.9471,0.9950,0.9531,0.0295
11,5,3,2,0.4508,0.4577,0.9769,0.3640,0.0504
11,5,3,3,0.8841,0.8724,0.9909,0.8688,0.0311
11,5,3,4,0.9965,0.9969,0.9991,0.9962,0.0087
11,5,3,5,0.9511,0.9499,0.9729,0.9477,0.0413
11,5,3,6,0.6168,0.6327,0.8842,0.5524,0.0774
11,5,3,7,0.6392,0.5837,0.9744,0.5829,0.0564
11,5,3,8,0.6007,0.5835,0.9767,0.5405,0.0472
11,5,3,9,0.7731,0.7721,0.9793,0.7407,0.0436
11,5,3,10,0.9736,0.9664,0.9946,0.9715,0.0266
11,5,3,11,0.7972,0.7412,0.9660,0.7692,0.0588
11,5,4,0,0.7144,0.7151,0.9800,0.6730,0.0388
11,5,4,1,0.8826,0.8270,0.9885,0.8673,0.0373
11,5,4,2,0.9962,0.9972,0.9997,0.9957,0.0052
11,5,4,3,0.7090,0.6789,0.9056,0.6648,0.0577
11,5,4,4,0.9841,0.9828,0.9988,0.9824,0.0130
11,5,4,5,0.9493,0.9427,0.9970,0.9433,0.0249
11,5,4,6,0.9125,0.9106,0.9699,0.9055,0.0548
11,5,4,7,0.5397,0.4988,0.9593,0.4672,0.0493
11,5,4,8,0.9910,0.9916,0.9987,0.9902,0.0132
11,5,4,9,0.8343,0.8048,0.9833,0.8120,0.0471
11,5,4,10,0.9969,0.9973,0.9999,0.9965,0.0046
11,5,4,11,0.2080,0.2877,0.9586,0.1203,0.0130
11,5,5,0,0.9953,0.9958,0.9985,0.9950,0.0096
11,5,5,1,0.9944,0.9944,0.9980,0.9943,0.0130
11,5,5,2,0.8684,0.8455,0.9869,0.8513,0.0455
11,5,5,3,0.8972,0.8824,0.9618,0.8877,0.0579
11,5,5,4,0.8928,0.8494,0.9791,0.8811,0.0518
11,5,5,5,0.9965,0.9966,0.9989,0.9962,0.0083
11,5,5,6,0.9891,0.9916,0.9984,0.9878,0.0066
11,5,5,7,0.9150,0.8972,0.9962,0.9041,0.0253
11,5,5,8,0.9922,0.9932,0.9993,0.9913,0.0063
11,5,5,9,0.9963,0.9977,0.9996,0.9959,0.0034
11,5,5,10,0.9000,0.8682,0.9853,0.8880,0.0413
11,5,5,11,0.9791,0.9658,0.9968,0.9768,0.0160
11,5,6,0,0.8026,0.7811,0.9588,0.7752,0.0535
11,5,6,1,0.9892,0.9866,0.9995,0.9880,0.0081
11,5,6,2,0.9927,0.9937,0.9996,0.9919,0.0083
11,5,6,3,0.9653,0.9634,0.9952,0.9619,0.0286
11,5,6,4,0.9515,0.9433,0.9753,0.9492,0.0434
11,5,6,5,0.9874,0.9858,0.9974,0.9869,0.0211
11,5,6,6,0.9938,0.9922,0.9992,0.9931,0.0059
11,5,6,7,0.8665,0.8282,0.9511,0.8520,0.0584
11,5,6,8,0.9177,0.8920,0.9882,0.9085,0.0421
11,5,6,9,0.9948,0.9949,0.9982,0.9947,0.0129
11,5,6,10,0.9971,0.9970,0.9985,0.9970,0.0093
11,5,6,11,0.9658,0.9680,0.9957,0.9630,0.0300
11,5,7,0,0.9174,0.9360,0.9964,0.9069,0.0275
11,5,7,1,0.9920,0.9904,0.9992,0.9911,0.0067
11,5,7,2,0.9946,0.9947,0.9981,0.9945,0.0130
11,5,7,3,0.9504,0.9379,0.9759,0.9476,0.0430
11,5,7,4,0.9287,0.9132,0.9934,0.9196,0.0270
11,5,7,5,0.9813,0.9830,0.9980,0.9797,0.0203
11,5,7,6,0.9973,0.9976,0.9997,0.9970,0.0068
11,5,7,7,0.9966,0.9966,0.9992,0.9963,0.0060
11,5,7,8,0.9069,0.8884,0.9854,0.8957,0.0362
11,5,7,9,0.9831,0.9795,0.9966,0.9817,0.0198
11,5,7,10,0.9951,0.9960,0.9986,0.9947,0.0089
11,5,7,11,0.9962,0.9965,0.9988,0.9959,0.0098
11,5,8,0,0.9946,0.9967,0.9998,0.9940,0.0049
11,5,8,1,0.9940,0.9944,0.9984,0.9935,0.0088
11,5,8,2,0.9749,0.9739,0.9933,0.9731,0.0282
11,5,8,3,0.9914,0.9876,0.9991,0.9904,0.0080
11,5,8,4,0.9490,0.9486,0.9974,0.9428,0.0243
11,5,8,5,0.8488,0.8498,0.9687,0.8297,0.0552
11,5,8,6,0.9983,0.9984,0.9998,0.9981,0.0035
11,5,8,7,0.8274,0.8556,0.9888,0.8041,0.0275
11,5,8,8,0.9023,0.8842,0.9844,0.8913,0.0454
11,5,8,9,0.9697,0.9672,0.9881,0.9682,0.0338
11,5,8,10,0.9871,0.9821,0.9944,0.9868,0.0240
11,5,8,11,0.9961,0.9958,0.9983,0.9956,0.0063
11,5,9,0,0.9197,0.9032,0.9662,0.9094,0.0269
11,5,9,1,0.9971,0.9968,0.9984,0.9970,0.0101
11,5,9,2,0.9495,0.9290,0.9836,0.9438,0.0300
11,5,9,3,0.9111,0.9175,0.9884,0.9009,0.0417
11,5,9,4,0.9979,0.9975,0.9998,0.9977,0.0060
11,5,9,5,0.9938,0.9946,0.9979,0.9931,0.0092
11,5,9,6,0.9965,0.9969,0.9992,0.9963,0.0100
11,5,9,7,0.9858,0.9824,0.9979,0.9845,0.0164
11,5,9,8,0.9918,0.9909,0.9949,0.9909,0.0094
11,5,9,9,0.9960,0.9961,0.9986,0.9958,0.0119
11,5,9,10,0.9168,0.9011,0.9918,0.9063,0.0333
11,5,9,11,0.9952,0.9954,0.9985,0.9951,0.0125
11,5,10,0,0.9797,0.9766,0.9890,0.9775,0.0180
11,5,10,1,0.9968,0.9971,0.9991,0.9966,0.0087
11,5,10,2,0.9962,0.9967,0.9992,0.9960,0.0101
11,5,10,3,0.9983,0.9983,0.9999,0.9981,0.0029
11,5,10,4,0.9941,0.9967,0.9997,0.9934,0.0041
11,5,10,5,0.9017,0.8862,0.9925,0.8889,0.0268
11,5,10,6,0.9979,0.9982,0.9998,0.9977,0.0051
11,5,10,7,0.9913,0.9889,0.9960,0.9904,0.0114
11,5,10,8,0.9962,0.9964,0.9988,0.9961,0.0110
11,5,10,9,0.9185,0.8982,0.9930,0.9084,0.0329
11,5,10,10,0.9965,0.9967,0.9990,0.9963,0.0098
11,5,10,11,0.9838,0.9862,0.9995,0.9818,0.0094
11,5,11,0,0.7490,0.6975,0.7470,0.7176,0.0867
11,5,11,1,0.9978,0.9983,0.9998,0.9975,0.0039
11,5,11,2,0.9984,0.9987,0.9998,0.9983,0.0035
11,5,11,3,0.9529,0.9565,0.9842,0.9491,0.0379
11,5,11,4,0.9956,0.9954,0.9986,0.9954,0.0126
11,5,11,5,1.0000,1.0000,1.0000,1.0000,0.0000
11,5,11,6,0.9974,0.9977,0.9992,0.9972,0.0083
11,5,11,7,0.9965,0.9957,0.9995,0.9962,0.0080
11,5,11,8,0.1830,0.4738,0.9367,0.0461,0.0560
11,5,11,9,0.9972,0.9973,0.9989,0.9970,0.0097
11,5,11,10,0.9527,0.9546,0.9892,0.9486,0.0371
11,5,11,11,0.9467,0.9436,0.9885,0.9420,0.0392
11,6,0,0,0.7714,0.7241,0.8058,0.7469,0.0838
11,6,0,1,0.1148,0.1594,0.9650,0.0201,0.0042
11,6,0,2,0.8686,0.8409,0.9154,0.8601,0.0741
11,6,0,3,0.1458,0.1798,0.9635,0.0447,0.0159
11,6,0,4,0.3743,0.3133,0.9534,0.2771,0.0615
11,6,0,5,0.2021,0.1913,0.9606,0.1084,0.0182
11,6,0,6,0.6145,0.5785,0.7910,0.5554,0.0878
11,6,0,7,0.5778,0.5553,0.9064,0.5110,0.0880
11,6,0,8,0.6354,0.6365,0.9335,0.5813,0.0735
11,6,0,9,0.8256,0.8016,0.9007,0.8115,0.0833
11,6,0,10,0.7739,0.7174,0.8790,0.7505,0.0858
11,6,0,11,0.8082,0.7644,0.8461,0.7939,0.0875
11,6,1,0,0.6183,0.5991,0.9683,0.5616,0.0711
11,6,1,1,0.8446,0.8183,0.9609,0.8304,0.0742
11,6,1,2,0.7943,0.7714,0.9524,0.7715,0.0802
11,6,1,3,0.9072,0.8589,0.8817,0.9080,0.0704
11,6,1,4,0.9336,0.9160,0.9590,0.9327,0.0589
11,6,1,5,0.9205,0.8890,0.9795,0.9154,0.0555
11,6,1,6,0.8274,0.7725,0.9790,0.8069,0.0538
11,6,1,7,0.9007,0.8825,0.9496,0.8959,0.0656
11,6,1,8,0.9440,0.9406,0.9878,0.9416,0.0497
11,6,1,9,0.9550,0.9517,0.9939,0.9521,0.0399
11,6,1,10,0.1767,0.4978,0.8744,0.0224,0.0901
11,6,1,11,0.3342,0.2450,0.9635,0.2481,0.0307
11,6,2,0,0.7292,0.6661,0.9144,0.6939,0.0787
11,6,2,1,0.9806,0.9735,0.9926,0.9803,0.0302
11,6,2,2,0.3913,0.4108,0.9768,0.3034,0.0516
11,6,2,3,0.6688,0.6415,0.9747,0.6215,0.0689
11,6,2,4,0.8323,0.8340,0.9894,0.8123,0.0573
11,6,2,5,0.6221,0.6095,0.9450,0.5654,0.0758
11,6,2,6,0.9683,0.9727,0.9968,0.9662,0.0323
11,6,2,7,0.6607,0.6322,0.8404,0.6127,0.0927
11,6,2,8,0.5748,0.6171,0.9642,0.5116,0.0634
11,6,2,9,0.4061,0.4847,0.9207,0.3076,0.0715
11,6,2,10,0.8142,0.7685,0.8913,0.7979,0.0842
11,6,2,11,0.9845,0.9797,0.9936,0.9852,0.0332
11,6,3,0,0.9985,0.9986,0.9999,0.9984,0.0025
11,6,3,1,0.9501,0.9375,0.9948,0.9460,0.0378
11,6,3,2,0.4356,0.4316,0.9750,0.3515,0.0586
11,6,3,3,0.8770,0.8570,0.9916,0.8624,0.0391
11,6,3,4,0.9992,0.9994,1.0000,0.9991,0.0017
11,6,3,5,0.9426,0.9363,0.9638,0.9399,0.0496
11,6,3,6,0.5946,0.5988,0.8691,0.5313,0.0857
11,6,3,7,0.6188,0.5571,0.9699,0.5633,0.0647
11,6,3,8,0.5864,0.5589,0.9780,0.5279,0.0552
11,6,3,9,0.7635,0.7529,0.9797,0.7325,0.0518
11,6,3,10,0.9696,0.9606,0.9945,0.9682,0.0346
11,6,3,11,0.7800,0.7179,0.9617,0.7525,0.0670
11,6,4,0,0.7110,0.6972,0.9816,0.6722,0.0468
11,6,4,1,0.8733,0.8084,0.9879,0.8587,0.0453
11,6,4,2,0.9976,0.9974,0.9995,0.9975,0.0109
11,6,4,3,0.6979,0.6498,0.8907,0.6558,0.0660
11,6,4,4,0.9857,0.9790,0.9976,0.9848,0.0210
11,6,4,5,0.9503,0.9365,0.9962,0.9458,0.0332
11,6,4,6,0.9021,0.8944,0.9618,0.8960,0.0631
11,6,4,7,0.5210,0.4756,0.9558,0.4501,0.0576
11,6,4,8,0.9889,0.9882,0.9984,0.9884,0.0207
11,6,4,9,0.8241,0.7839,0.9782,0.8029,0.0551
11,6,4,10,0.9983,0.9972,0.9996,0.9981,0.0042
11,6,4,11,0.1955,0.2641,0.9649,0.1106,0.0047
11,6,5,0,0.9991,0.9992,0.9999,0.9990,0.0018
11,6,5,1,0.9991,0.9990,0.9997,0.9992,0.0047
11,6,5,2,0.8599,0.8270,0.9838,0.8439,0.0535
11,6,5,3,0.8873,0.8663,0.9527,0.8789,0.0661
11,6,5,4,0.8815,0.8322,0.9737,0.8705,0.0601
11,6,5,5,0.9990,0.9986,0.9999,0.9989,0.0021
11,6,5,6,0.9914,0.9900,0.9995,0.9906,0.0117
11,6,5,7,0.9084,0.8867,0.9961,0.8980,0.0333
11,6,5,8,0.9916,0.9899,0.9992,0.9909,0.0143
11,6,5,9,0.9984,0.9987,0.9999,0.9982,0.0059
11,6,5,10,0.8975,0.8524,0.9799,0.8873,0.0496
11,6,5,11,0.9759,0.9608,0.9975,0.9738,0.0237
11,6,6,0,0.7994,0.7623,0.9496,0.7747,0.0618
11,6,6,1,0.9871,0.9822,0.9979,0.9860,0.0159
11,6,6,2,0.9928,0.9921,0.9988,0.9924,0.0160
11,6,6,3,0.9584,0.9552,0.9930,0.9553,0.0366
11,6,6,4,0.9456,0.9303,0.9676,0.9445,0.0517
11,6,6,5,0.9825,0.9795,0.9961,0.9823,0.0294
11,6,6,6,0.9950,0.9916,0.9993,0.9947,0.0121
11,6,6,7,0.8544,0.8088,0.9408,0.8409,0.0666
11,6,6,8,0.9117,0.8772,0.9830,0.9036,0.0504
11,6,6,9,0.9992,0.9991,0.9997,0.9992,0.0046
11,6,6,10,0.9997,0.9996,0.9999,0.9996,0.0018
11,6,6,11,0.9652,0.9603,0.9930,0.9637,0.0383
11,6,7,0,0.9216,0.9290,0.9949,0.9130,0.0356
11,6,7,1,0.9887,0.9864,0.9995,0.9876,0.0129
11,6,7,2,0.9992,0.9991,0.9997,0.9992,0.0047
11,6,7,3,0.9421,0.9231,0.9681,0.9401,0.0513
11,6,7,4,0.9281,0.9029,0.9937,0.9202,0.0350
11,6,7,5,0.9801,0.9782,0.9964,0.9793,0.0286
11,6,7,6,0.9940,0.9941,0.9990,0.9937,0.0148
11,6,7,7,0.9979,0.9973,0.9999,0.9977,0.0046
11,6,7,8,0.9044,0.8726,0.9803,0.8948,0.0445
11,6,7,9,0.9798,0.9718,0.9930,0.9789,0.0278
11,6,7,10,0.9985,0.9981,0.9999,0.9983,0.0033
11,6,7,11,0.9996,0.9996,0.9999,0.9995,0.0021
11,6,8,0,0.9969,0.9971,0.9995,0.9968,0.0110
11,6,8,1,0.9975,0.9966,0.9998,0.9972,0.0042
11,6,8,2,0.9690,0.9657,0.9915,0.9675,0.0362
11,6,8,3,0.9895,0.9836,0.9972,0.9886,0.0160
11,6,8,4,0.9517,0.9415,0.9967,0.9469,0.0325
11,6,8,5,0.8491,0.8344,0.9607,0.8330,0.0635
11,6,8,6,0.9935,0.9946,0.9995,0.9929,0.0110
11,6,8,7,0.8277,0.8429,0.9896,0.8063,0.0358
11,6,8,8,0.8942,0.8683,0.9793,0.8843,0.0537
11,6,8,9,0.9626,0.9554,0.9821,0.9617,0.0421
11,6,8,10,0.9819,0.9752,0.9901,0.9820,0.0323
11,6,8,11,0.9957,0.9934,0.9954,0.9955,0.0135
11,6,9,0,0.9203,0.8913,0.9558,0.9115,0.0352
11,6,9,1,0.9996,0.9996,0.9998,0.9996,0.0024
11,6,9,2,0.9423,0.9156,0.9760,0.9369,0.0383
11,6,9,3,0.9100,0.9042,0.9850,0.9018,0.0500
11,6,9,4,0.9958,0.9961,0.9998,0.9953,0.0062
11,6,9,5,0.9951,0.9922,0.9947,0.9951,0.0159
11,6,9,6,0.9998,0.9998,0.9999,0.9998,0.0020
11,6,9,7,0.9818,0.9762,0.9951,0.9807,0.0247
11,6,9,8,0.9911,0.9872,0.9904,0.9905,0.0169
11,6,9,9,0.9997,0.9996,0.9999,0.9997,0.0037
11,6,9,10,0.9172,0.8912,0.9922,0.9083,0.0416
11,6,9,11,0.9994,0.9994,0.9998,0.9994,0.0042
11,6,10,0,0.9765,0.9692,0.9826,0.9747,0.0262
11,6,10,1,0.9993,0.9991,1.0000,0.9992,0.0028
11,6,10,2,0.9997,0.9997,1.0000,0.9997,0.0018
11,6,10,3,0.9964,0.9962,0.9993,0.9962,0.0104
11,6,10,4,0.9957,0.9960,0.9983,0.9954,0.0113
11,6,10,5,0.8978,0.8743,0.9936,0.8858,0.0342
11,6,10,6,0.9994,0.9992,0.9994,0.9994,0.0031
11,6,10,7,0.9908,0.9856,0.9918,0.9904,0.0189
11,6,10,8,0.9995,0.9995,0.9999,0.9994,0.0030
11,6,10,9,0.9110,0.8843,0.9903,0.9014,0.0412
11,6,10,10,0.9998,0.9998,1.0000,0.9998,0.0018
11,6,10,11,0.9841,0.9838,0.9993,0.9826,0.0174
11,6,11,0,0.7254,0.6655,0.7240,0.6940,0.0950
11,6,11,1,0.9981,0.9979,0.9996,0.9981,0.0088
11,6,11,2,0.9993,0.9992,0.9997,0.9993,0.0055
11,6,11,3,0.9449,0.9449,0.9773,0.9417,0.0462
11,6,11,4,0.9950,0.9932,0.9968,0.9953,0.0198
11,6,11,5,0.9974,0.9977,0.9992,0.9972,0.0083
11,6,11,6,1.0000,1.0000,1.0000,1.0000,0.0000
11,6,11,7,0.9931,0.9920,0.9987,0.9928,0.0160
11,6,11,8,0.1542,0.4457,0.9345,0.0195,0.0640
11,6,11,9,0.9999,0.9999,1.0000,0.9998,0.0014
11,6,11,10,0.9449,0.9441,0.9839,0.9414,0.0454
11,6,11,11,0.9426,0.9333,0.9833,0.9392,0.0475
11,7,0,0,0.8053,0.7794,0.8341,0.7789,0.0678
11,7,0,1,0.1522,0.2101,0.9660,0.0524,0.0197
11,7,0,2,0.8956,0.8863,0.9344,0.8856,0.0581
11,7,0,3,0.1828,0.2329,0.9666,0.0763,0.0135
11,7,0,4,0.4191,0.3705,0.9645,0.3183,0.0455
11,7,0,5,0.2307,0.2434,0.9622,0.1310,0.0140
11,7,0,6,0.6590,0.6410,0.8200,0.5983,0.0718
11,7,0,7,0.6311,0.6237,0.9262,0.5645,0.0720
11,7,0,8,0.6793,0.7001,0.9502,0.6242,0.0575
11,7,0,9,0.8631,0.8531,0.9213,0.8488,0.0673
11,7,0,10,0.8118,0.7722,0.9016,0.7875,0.0698
11,7,0,11,0.8481,0.8189,0.8718,0.8336,0.0715
11,7,1,0,0.6609,0.6585,0.9785,0.6031,0.0551
11,7,1,1,0.8805,0.8672,0.9729,0.8666,0.0582
11,7,1,2,0.8346,0.8251,0.9654,0.8120,0.0641
11,7,1,3,0.9221,0.8850,0.9038,0.9191,0.0544
11,7,1,4,0.9571,0.9483,0.9717,0.9555,0.0429
11,7,1,5,0.9390,0.9237,0.9876,0.9326,0.0395
11,7,1,6,0.8545,0.8181,0.9880,0.8331,0.0378
11,7,1,7,0.9276,0.9206,0.9641,0.9221,0.0496
11,7,1,8,0.9644,0.9666,0.9938,0.9616,0.0337
11,7,1,9,0.9701,0.9727,0.9970,0.9668,0.0244
11,7,1,10,0.2233,0.5486,0.8961,0.0622,0.0741
11,7,1,11,0.3659,0.2994,0.9668,0.2751,0.0168
11,7,2,0,0.7643,0.7253,0.9332,0.7271,0.0627
11,7,2,1,0.9866,0.9851,0.9973,0.9853,0.0142
11,7,2,2,0.4356,0.4757,0.9836,0.3447,0.0356
11,7,2,3,0.7026,0.6970,0.9826,0.6531,0.0529
11,7,2,4,0.8529,0.8674,0.9933,0.8312,0.0416
11,7,2,5,0.6671,0.6719,0.9593,0.6096,0.0598
11,7,2,6,0.9829,0.9877,0.9988,0.9809,0.0165
11,7,2,7,0.7058,0.6911,0.8660,0.6569,0.0767
11,7,2,8,0.6217,0.6791,0.9763,0.5579,0.0474
11,7,2,9,0.4491,0.5439,0.9390,0.3465,0.0555
11,7,2,10,0.8517,0.8221,0.9124,0.8350,0.0682
11,7,2,11,0.9892,0.9893,0.9978,0.9885,0.0174
11,7,3,0,0.9883,0.9891,0.9980,0.9876,0.0167
11,7,3,1,0.9716,0.9662,0.9975,0.9682,0.0218
11,7,3,2,0.4734,0.4930,0.9830,0.3854,0.0426
11,7,3,3,0.8902,0.8886,0.9940,0.8744,0.0241
11,7,3,4,0.9907,0.9907,0.9985,0.9902,0.0164
11,7,3,5,0.9594,0.9591,0.9751,0.9557,0.0336
11,7,3,6,0.6381,0.6647,0.8928,0.5729,0.0697
11,7,3,7,0.6578,0.6132,0.9803,0.6007,0.0487
11,7,3,8,0.6288,0.6199,0.9827,0.5694,0.0392
11,7,3,9,0.7916,0.8026,0.9846,0.7597,0.0358
11,7,3,10,0.9775,0.9749,0.9969,0.9750,0.0186
11,7,3,11,0.8157,0.7701,0.9730,0.7879,0.0510
11,7,4,0,0.7305,0.7447,0.9854,0.6888,0.0316
11,7,4,1,0.8889,0.8464,0.9923,0.8729,0.0293
11,7,4,2,0.9937,0.9942,0.9998,0.9929,0.0064
11,7,4,3,0.7209,0.6921,0.9093,0.6750,0.0500
11,7,4,4,0.9854,0.9862,0.9995,0.9834,0.0071
11,7,4,5,0.9562,0.9529,0.9985,0.9503,0.0172
11,7,4,6,0.9288,0.9311,0.9741,0.9222,0.0471
11,7,4,7,0.5613,0.5277,0.9674,0.4880,0.0416
11,7,4,8,0.9933,0.9943,0.9995,0.9925,0.0076
11,7,4,9,0.8612,0.8373,0.9873,0.8409,0.0391
11,7,4,10,0.9924,0.9914,0.9992,0.9917,0.0118
11,7,4,11,0.2217,0.3188,0.9640,0.1314,0.0207
11,7,5,0,0.9894,0.9887,0.9979,0.9888,0.0173
11,7,5,1,0.9885,0.9864,0.9972,0.9883,0.0207
11,7,5,2,0.8820,0.8643,0.9909,0.8650,0.0375
11,7,5,3,0.9166,0.9073,0.9667,0.9081,0.0501
11,7,5,4,0.9100,0.8754,0.9833,0.8990,0.0441
11,7,5,5,0.9930,0.9922,0.9982,0.9928,0.0160
11,7,5,6,0.9840,0.9880,0.9987,0.9820,0.0075
11,7,5,7,0.9265,0.9136,0.9981,0.9162,0.0194
11,7,5,8,0.9951,0.9970,0.9998,0.9945,0.0035
11,7,5,9,0.9926,0.9929,0.9993,0.9919,0.0101
11,7,5,10,0.9104,0.8781,0.9883,0.8981,0.0336
11,7,5,11,0.9832,0.9730,0.9981,0.9809,0.0109
11,7,6,0,0.8269,0.8088,0.9638,0.8009,0.0458
11,7,6,1,0.9928,0.9919,0.9996,0.9919,0.0046
11,7,6,2,0.9931,0.9947,0.9999,0.9922,0.0050
11,7,6,3,0.9755,0.9755,0.9975,0.9727,0.0209
11,7,6,4,0.9566,0.9528,0.9789,0.9533,0.0357
11,7,6,5,0.9911,0.9913,0.9989,0.9904,0.0134
11,7,6,6,0.9929,0.9916,0.9992,0.9920,0.0060
11,7,6,7,0.8850,0.8546,0.9557,0.8711,0.0506
11,7,6,8,0.9208,0.9009,0.9908,0.9102,0.0344
11,7,6,9,0.9889,0.9870,0.9974,0.9887,0.0206
11,7,6,10,0.9926,0.9908,0.9980,0.9923,0.0171
11,7,6,11,0.9708,0.9765,0.9975,0.9675,0.0223
11,7,7,0,0.9123,0.9390,0.9985,0.8999,0.0214
11,7,7,1,0.9909,0.9910,0.9993,0.9898,0.0068
11,7,7,2,0.9888,0.9868,0.9973,0.9886,0.0207
11,7,7,3,0.9597,0.9532,0.9793,0.9567,0.0353
11,7,7,4,0.9376,0.9309,0.9962,0.9289,0.0193
11,7,7,5,0.9845,0.9895,0.9993,0.9827,0.0126
11,7,7,6,0.9958,0.9953,1.0000,0.9953,0.0054
11,7,7,7,0.9952,0.9949,0.9990,0.9950,0.0132
11,7,7,8,0.9275,0.9165,0.9889,0.9178,0.0285
11,7,7,9,0.9863,0.9860,0.9973,0.9847,0.0118
11,7,7,10,0.9925,0.9925,0.9981,0.9922,0.0167
11,7,7,11,0.9912,0.9900,0.9983,0.9908,0.0176
11,7,8,0,0.9922,0.9933,0.9998,0.9912,0.0052
11,7,8,1,0.9923,0.9921,0.9980,0.9920,0.0165
11,7,8,2,0.9836,0.9842,0.9963,0.9821,0.0202
11,7,8,3,0.9947,0.9936,0.9996,0.9940,0.0042
11,7,8,4,0.9510,0.9608,0.9990,0.9442,0.0173
11,7,8,5,0.8701,0.8776,0.9732,0.8521,0.0475
11,7,8,6,0.9958,0.9959,0.9998,0.9953,0.0068
11,7,8,7,0.8207,0.8624,0.9928,0.7947,0.0222
11,7,8,8,0.9215,0.9098,0.9879,0.9116,0.0376
11,7,8,9,0.9777,0.9774,0.9898,0.9761,0.0261
11,7,8,10,0.9898,0.9879,0.9954,0.9890,0.0163
11,7,8,11,0.9925,0.9932,0.9976,0.9915,0.0051
11,7,9,0,0.9227,0.9079,0.9650,0.9117,0.0205
11,7,9,1,0.9920,0.9901,0.9978,0.9918,0.0178
11,7,9,2,0.9575,0.9409,0.9835,0.9519,0.0223
11,7,9,3,0.9151,0.9306,0.9922,0.9037,0.0340
11,7,9,4,0.9954,0.9941,0.9990,0.9952,0.0117
11,7,9,5,0.9920,0.9929,0.9974,0.9910,0.0062
11,7,9,6,0.9915,0.9907,0.9984,0.9912,0.0177
11,7,9,7,0.9928,0.9911,0.9984,0.9920,0.0092
11,7,9,8,0.9868,0.9856,0.9938,0.9850,0.0064
11,7,9,9,0.9905,0.9889,0.9978,0.9902,0.0197
11,7,9,10,0.9240,0.9205,0.9949,0.9133,0.0266
11,7,9,11,0.9896,0.9880,0.9977,0.9894,0.0202
11,7,10,0,0.9809,0.9794,0.9881,0.9784,0.0115
11,7,10,1,0.9937,0.9931,0.9986,0.9935,0.0161
11,7,10,2,0.9913,0.9904,0.9985,0.9909,0.0178
11,7,10,3,0.9957,0.9956,0.9998,0.9952,0.0056
11,7,10,4,0.9902,0.9917,0.9991,0.9890,0.0050
11,7,10,5,0.9074,0.9062,0.9951,0.8944,0.0219
11,7,10,6,0.9930,0.9923,0.9989,0.9926,0.0129
11,7,10,7,0.9901,0.9888,0.9951,0.9888,0.0071
11,7,10,8,0.9907,0.9892,0.9981,0.9904,0.0188
11,7,10,9,0.9232,0.9137,0.9954,0.9124,0.0252
11,7,10,10,0.9912,0.9899,0.9983,0.9908,0.0176
11,7,10,11,0.9823,0.9882,0.9999,0.9799,0.0051
11,7,11,0,0.7675,0.7264,0.7571,0.7352,0.0790
11,7,11,1,0.9962,0.9965,0.9997,0.9958,0.0075
11,7,11,2,0.9948,0.9945,0.9995,0.9943,0.0105
11,7,11,3,0.9569,0.9674,0.9860,0.9522,0.0302
11,7,11,4,0.9946,0.9950,0.9994,0.9939,0.0085
11,7,11,5,0.9965,0.9957,0.9995,0.9962,0.0080
11,7,11,6,0.9931,0.9920,0.9987,0.9928,0.0160
11,7,11,7,1.0000,1.0000,1.0000,1.0000,0.0000
11,7,11,8,0.2030,0.5036,0.9460,0.0627,0.0480
11,7,11,9,0.9926,0.9914,0.9984,0.9924,0.0174
11,7,11,10,0.9566,0.9668,0.9915,0.9517,0.0294
11,7,11,11,0.9554,0.9587,0.9908,0.9506,0.0315
11,8,0,0,0.5222,0.7301,0.8816,0.3896,0.0285
11,8,0,1,0.6496,0.6886,0.9749,0.6026,0.0674
11,8,0,2,0.4015,0.6537,0.9527,0.2471,0.0211
11,8,0,3,0.6598,0.7248,0.9810,0.6061,0.0484
11,8,0,4,0.6585,0.7553,0.9916,0.5788,0.0070
11,8,0,5,0.6194,0.7207,0.9783,0.5590,0.0476
11,8,0,6,0.6122,0.7443,0.8657,0.5030,0.0300
11,8,0,7,0.5286,0.6787,0.9432,0.4003,0.0277
11,8,0,8,0.5411,0.7230,0.9695,0.4235,0.0171
11,8,0,9,0.4455,0.6558,0.9453,0.2946,0.0314
11,8,0,10,0.5407,0.7815,0.9531,0.4121,0.0262
11,8,0,11,0.5333,0.7608,0.9235,0.4002,0.0332
11,8,1,0,0.4209,0.6537,0.9738,0.2785,0.0150
11,8,1,1,0.4003,0.6463,0.9691,0.2488,0.0210
11,8,1,2,0.4125,0.6522,0.9755,0.2600,0.0269
11,8,1,3,0.4948,0.7422,0.9258,0.3615,0.0245
11,8,1,4,0.3549,0.6321,0.9544,0.2018,0.0243
11,8,1,5,0.3365,0.6298,0.9734,0.1862,0.0140
11,8,1,6,0.3833,0.6897,0.9657,0.2443,0.0157
11,8,1,7,0.3686,0.6136,0.9611,0.2127,0.0226
11,8,1,8,0.2895,0.5759,0.9655,0.1334,0.0224
11,8,1,9,0.2340,0.5424,0.9594,0.0773,0.0257
11,8,1,10,0.8725,0.8992,0.9707,0.8400,0.0329
11,8,1,11,0.5738,0.6865,0.9831,0.4956,0.0352
11,8,2,0,0.4562,0.7260,0.9720,0.3128,0.0184
11,8,2,1,0.2534,0.5493,0.9526,0.1078,0.0365
11,8,2,2,0.4850,0.6671,0.9823,0.3750,0.0135
11,8,2,3,0.3782,0.6406,0.9764,0.2274,0.0109
11,8,2,4,0.3490,0.6237,0.9721,0.2050,0.0106
11,8,2,5,0.4738,0.6971,0.9501,0.3392,0.0163
11,8,2,6,0.2615,0.5374,0.9554,0.1183,0.0336
11,8,2,7,0.6114,0.7761,0.8971,0.4998,0.0348
11,8,2,8,0.5128,0.6750,0.9707,0.3985,0.0114
11,8,2,9,0.6106,0.7502,0.9534,0.5112,0.0156
11,8,2,10,0.4784,0.7062,0.9255,0.3361,0.0294
11,8,2,11,0.2586,0.5477,0.9546,0.1104,0.0345
11,8,3,0,0.1507,0.4502,0.9329,0.0178,0.0644
11,8,3,1,0.2666,0.5750,0.9562,0.1203,0.0270
11,8,3,2,0.4625,0.6575,0.9768,0.3419,0.0101
11,8,3,3,0.3045,0.6352,0.9695,0.1694,0.0286
11,8,3,4,0.1533,0.4402,0.9327,0.0196,0.0641
11,8,3,5,0.3275,0.5968,0.9444,0.1798,0.0231
11,8,3,6,0.5491,0.7324,0.9287,0.4254,0.0269
11,8,3,7,0.4246,0.6918,0.9834,0.2897,0.0119
11,8,3,8,0.4939,0.7117,0.9772,0.3846,0.0125
11,8,3,9,0.3843,0.6396,0.9854,0.2531,0.0167
11,8,3,10,0.2595,0.5588,0.9561,0.1120,0.0294
11,8,3,11,0.4132,0.7038,0.9892,0.2723,0.0096
11,8,4,0,0.3930,0.6391,0.9786,0.2653,0.0185
11,8,4,1,0.2969,0.6391,0.9755,0.1511,0.0188
11,8,4,2,0.1877,0.4775,0.9419,0.0487,0.0537
11,8,4,3,0.5229,0.7324,0.9293,0.4082,0.0077
11,8,4,4,0.2240,0.5326,0.9476,0.0827,0.0430
11,8,4,5,0.2371,0.5510,0.9518,0.0882,0.0311
11,8,4,6,0.3433,0.6192,0.9545,0.1863,0.0153
11,8,4,7,0.5914,0.7194,0.9813,0.4986,0.0132
11,8,4,8,0.2047,0.5052,0.9482,0.0598,0.0433
11,8,4,9,0.3604,0.6428,0.9713,0.2170,0.0092
11,8,4,10,0.1725,0.4722,0.9336,0.0373,0.0598
11,8,4,11,0.3119,0.5678,0.9668,0.2105,0.0685
11,8,5,0,0.1478,0.4374,0.9329,0.0143,0.0651
11,8,5,1,0.1319,0.4198,0.9296,0.0007,0.0685
11,8,5,2,0.3045,0.6399,0.9776,0.1545,0.0139
11,8,5,3,0.4004,0.6290,0.9611,0.2558,0.0102
11,8,5,4,0.3382,0.6619,0.9612,0.1853,0.0100
11,8,5,5,0.1504,0.4487,0.9322,0.0164,0.0638
11,8,5,6,0.1797,0.4851,0.9425,0.0409,0.0526
11,8,5,7,0.2699,0.5952,0.9580,0.1294,0.0307
11,8,5,8,0.1871,0.4986,0.9426,0.0460,0.0497
11,8,5,9,0.1681,0.4588,0.9372,0.0303,0.0581
11,8,5,10,0.3294,0.6358,0.9650,0.1851,0.0176
11,8,5,11,0.2424,0.5486,0.9515,0.1042,0.0411
11,8,6,0,0.4241,0.6253,0.9596,0.2901,0.0119
11,8,6,1,0.1923,0.5130,0.9433,0.0513,0.0481
11,8,6,2,0.2007,0.4918,0.9429,0.0593,0.0480
11,8,6,3,0.2469,0.5419,0.9627,0.0972,0.0306
11,8,6,4,0.3707,0.6617,0.9620,0.2283,0.0171
11,8,6,5,0.2358,0.5368,0.9527,0.0878,0.0354
11,8,6,6,0.1974,0.4993,0.9396,0.0598,0.0522
11,8,6,7,0.3811,0.6889,0.9392,0.2287,0.0136
11,8,6,8,0.3062,0.6172,0.9625,0.1568,0.0160
11,8,6,9,0.1342,0.4226,0.9298,0.0027,0.0683
11,8,6,10,0.1489,0.4421,0.9334,0.0148,0.0648
11,8,6,11,0.2719,0.5635,0.9549,0.1232,0.0260
11,8,7,0,0.2877,0.5650,0.9614,0.1505,0.0314
11,8,7,1,0.1781,0.4976,0.9413,0.0384,0.0512
11,8,7,2,0.1335,0.4223,0.9298,0.0021,0.0685
11,8,7,3,0.3448,0.6330,0.9587,0.1982,0.0172
11,8,7,4,0.2348,0.5822,0.9635,0.0886,0.0290
11,8,7,5,0.2431,0.5355,0.9506,0.0981,0.0357
11,8,7,6,0.2027,0.5025,0.9449,0.0633,0.0497
11,8,7,7,0.1607,0.4621,0.9377,0.0255,0.0610
11,8,7,8,0.3298,0.6205,0.9691,0.1876,0.0198
11,8,7,9,0.2280,0.5418,0.9463,0.0806,0.0362
11,8,7,10,0.1442,0.4494,0.9329,0.0098,0.0644
11,8,7,11,0.1469,0.4390,0.9338,0.0130,0.0653
11,8,8,0,0.1929,0.4759,0.9405,0.0546,0.0530
11,8,8,1,0.1455,0.4518,0.9344,0.0114,0.0643
11,8,8,2,0.2508,0.5497,0.9669,0.1009,0.0302
11,8,8,3,0.1916,0.5036,0.9483,0.0499,0.0480
11,8,8,4,0.2500,0.5587,0.9545,0.1074,0.0323
11,8,8,5,0.3941,0.6284,0.9530,0.2521,0.0115
11,8,8,6,0.1869,0.4856,0.9417,0.0490,0.0530
11,8,8,7,0.3382,0.6099,0.9734,0.2107,0.0287
11,8,8,8,0.3239,0.6362,0.9634,0.1732,0.0151
11,8,8,9,0.3009,0.5922,0.9496,0.1538,0.0230
11,8,8,10,0.2620,0.5569,0.9478,0.1167,0.0323
11,8,8,11,0.1904,0.4901,0.9342,0.0501,0.0508
11,8,9,0,0.2735,0.5470,0.9157,0.1344,0.0315
11,8,9,1,0.1452,0.4356,0.9324,0.0121,0.0656
11,8,9,2,0.2640,0.5879,0.9325,0.1190,0.0265
11,8,9,3,0.3486,0.6267,0.9695,0.2078,0.0164
11,8,9,4,0.1673,0.4624,0.9331,0.0323,0.0589
11,8,9,5,0.2100,0.5092,0.9358,0.0696,0.0487
11,8,9,6,0.1449,0.4401,0.9309,0.0113,0.0655
11,8,9,7,0.2119,0.5287,0.9434,0.0656,0.0396
11,8,9,8,0.2062,0.4996,0.9284,0.0665,0.0476
11,8,9,9,0.1387,0.4311,0.9305,0.0062,0.0674
11,8,9,10,0.2951,0.5934,0.9646,0.1554,0.0261
11,8,9,11,0.1378,0.4264,0.9308,0.0055,0.0680
11,8,10,0,0.2286,0.5229,0.9267,0.0849,0.0386
11,8,10,1,0.1475,0.4503,0.9359,0.0125,0.0639
11,8,10,2,0.1473,0.4372,0.9324,0.0135,0.0656
11,8,10,3,0.1881,0.4888,0.9419,0.0502,0.0537
11,8,10,4,0.1907,0.4726,0.9340,0.0523,0.0530
11,8,10,5,0.2660,0.5662,0.9654,0.1284,0.0311
11,8,10,6,0.1598,0.4510,0.9309,0.0243,0.0609
11,8,10,7,0.2155,0.5232,0.9312,0.0749,0.0454
11,8,10,8,0.1447,0.4365,0.9320,0.0119,0.0665
11,8,10,9,0.3334,0.6275,0.9649,0.2000,0.0247
11,8,10,10,0.1472,0.4372,0.9321,0.0135,0.0653
11,8,10,11,0.2118,0.5043,0.9450,0.0739,0.0466
11,8,11,0,0.6480,0.7707,0.8243,0.5459,0.0352
11,8,11,1,0.1798,0.4721,0.9403,0.0408,0.0552
11,8,11,2,0.1741,0.4640,0.9387,0.0378,0.0585
11,8,11,3,0.3314,0.5805,0.9489,0.1889,0.0186
11,8,11,4,0.2248,0.5173,0.9515,0.0836,0.0458
11,8,11,5,0.1830,0.4738,0.9367,0.0461,0.0560
11,8,11,6,0.1542,0.4457,0.9345,0.0195,0.0640
11,8,11,7,0.2030,0.5036,0.9460,0.0627,0.0480
11,8,11,8,1.0000,1.0000,1.0000,1.0000,0.0000
11,8,11,9,0.1480,0.4409,0.9342,0.0139,0.0652
11,8,11,10,0.3273,0.6042,0.9581,0.1848,0.0197
11,8,11,11,0.3167,0.6070,0.9530,0.1702,0.0178
11,9,0,0,0.7665,0.7187,0.8014,0.7422,0.0853
11,9,0,1,0.1113,0.1562,0.9660,0.0173,0.0028
11,9,0,2,0.8655,0.8366,0.9126,0.8573,0.0756
11,9,0,3,0.1424,0.1766,0.9642,0.0422,0.0171
11,9,0,4,0.3693,0.3090,0.9527,0.2726,0.0630
11,9,0,5,0.1981,0.1882,0.9616,0.1049,0.0186
11,9,0,6,0.6090,0.5728,0.7864,0.5501,0.0892
11,9,0,7,0.5741,0.5524,0.9035,0.5080,0.0895
11,9,0,8,0.6319,0.6317,0.9314,0.5783,0.0749
11,9,0,9,0.8215,0.7975,0.8977,0.8076,0.0847
11,9,0,10,0.7689,0.7122,0.8763,0.7456,0.0872
11,9,0,11,0.8039,0.7595,0.8425,0.7898,0.0889
11,9,1,0,0.6138,0.5949,0.9672,0.5574,0.0725
11,9,1,1,0.8410,0.8149,0.9594,0.8271,0.0757
11,9,1,2,0.7903,0.7678,0.9510,0.7677,0.0813
11,9,1,3,0.9047,0.8560,0.8781,0.9059,0.0719
11,9,1,4,0.9305,0.9129,0.9569,0.9297,0.0603
11,9,1,5,0.9179,0.8862,0.9786,0.9129,0.0569
11,9,1,6,0.8241,0.7683,0.9777,0.8037,0.0552
11,9,1,7,0.8970,0.8789,0.9473,0.8923,0.0670
11,9,1,8,0.9418,0.9383,0.9870,0.9395,0.0512
11,9,1,9,0.9532,0.9498,0.9936,0.9504,0.0411
11,9,1,10,0.1714,0.4922,0.8721,0.0179,0.0913
11,9,1,11,0.3306,0.2422,0.9642,0.2452,0.0321
11,9,2,0,0.7272,0.6632,0.9122,0.6926,0.0802
11,9,2,1,0.9792,0.9717,0.9916,0.9789,0.0316
11,9,2,2,0.3889,0.4087,0.9765,0.3018,0.0530
11,9,2,3,0.6654,0.6382,0.9741,0.6185,0.0701
11,9,2,4,0.8304,0.8320,0.9893,0.8107,0.0588
11,9,2,5,0.6176,0.6057,0.9428,0.5613,0.0773
11,9,2,6,0.9665,0.9713,0.9965,0.9643,0.0337
11,9,2,7,0.6550,0.6269,0.8364,0.6070,0.0942
11,9,2,8,0.5718,0.6136,0.9626,0.5092,0.0648
11,9,2,9,0.4012,0.4793,0.9179,0.3032,0.0729
11,9,2,10,0.8093,0.7639,0.8880,0.7930,0.0857
11,9,2,11,0.9831,0.9784,0.9929,0.9839,0.0346
11,9,3,0,0.9986,0.9987,1.0000,0.9985,0.0018
11,9,3,1,0.9487,0.9354,0.9945,0.9447,0.0392
11,9,3,2,0.4338,0.4293,0.9743,0.3505,0.0601
11,9,3,3,0.8775,0.8570,0.9918,0.8633,0.0405
11,9,3,4,0.9992,0.9994,1.0000,0.9992,0.0013
11,9,3,5,0.9393,0.9331,0.9616,0.9366,0.0510
11,9,3,6,0.5894,0.5952,0.8657,0.5264,0.0871
11,9,3,7,0.6170,0.5548,0.9688,0.5622,0.0661
11,9,3,8,0.5840,0.5560,0.9782,0.5261,0.0564
11,9,3,9,0.7622,0.7502,0.9798,0.7317,0.0533
11,9,3,10,0.9683,0.9594,0.9943,0.9670,0.0361
11,9,3,11,0.7792,0.7164,0.9606,0.7524,0.0685
11,9,4,0,0.7104,0.6953,0.9818,0.6723,0.0480
11,9,4,1,0.8742,0.8078,0.9877,0.8603,0.0464
11,9,4,2,0.9970,0.9969,0.9992,0.9970,0.0123
11,9,4,3,0.6938,0.6463,0.8877,0.6520,0.0674
11,9,4,4,0.9854,0.9786,0.9971,0.9846,0.0224
11,9,4,5,0.9493,0.9356,0.9959,0.9449,0.0346
11,9,4,6,0.8984,0.8912,0.9598,0.8924,0.0645
11,9,4,7,0.5165,0.4717,0.9547,0.4460,0.0590
11,9,4,8,0.9877,0.9872,0.9982,0.9872,0.0219
11,9,4,9,0.8220,0.7817,0.9770,0.8012,0.0565
11,9,4,10,0.9982,0.9973,0.9993,0.9980,0.0056
11,9,4,11,0.1944,0.2619,0.9663,0.1104,0.0033
11,9,5,0,0.9992,0.9994,1.0000,0.9991,0.0014
11,9,5,1,0.9994,0.9993,0.9998,0.9994,0.0033
11,9,5,2,0.8586,0.8261,0.9831,0.8430,0.0550
11,9,5,3,0.8846,0.8632,0.9504,0.8765,0.0676
11,9,5,4,0.8800,0.8306,0.9723,0.8695,0.0615
11,9,5,5,0.9992,0.9988,1.0000,0.9991,0.0017
11,9,5,6,0.9915,0.9899,0.9995,0.9908,0.0126
11,9,5,7,0.9087,0.8864,0.9960,0.8986,0.0345
11,9,5,8,0.9917,0.9894,0.9989,0.9912,0.0157
11,9,5,9,0.9979,0.9985,0.9998,0.9978,0.0073
11,9,5,10,0.8937,0.8500,0.9787,0.8834,0.0510
11,9,5,11,0.9756,0.9603,0.9975,0.9736,0.0252
11,9,6,0,0.7958,0.7584,0.9472,0.7713,0.0632
11,9,6,1,0.9871,0.9816,0.9974,0.9860,0.0173
11,9,6,2,0.9915,0.9910,0.9984,0.9912,0.0174
11,9,6,3,0.9559,0.9527,0.9923,0.9528,0.0380
11,9,6,4,0.9434,0.9284,0.9657,0.9425,0.0531
11,9,6,5,0.9811,0.9784,0.9957,0.9809,0.0308
11,9,6,6,0.9947,0.9912,0.9992,0.9944,0.0135
11,9,6,7,0.8498,0.8048,0.9383,0.8364,0.0681
11,9,6,8,0.9123,0.8776,0.9817,0.9048,0.0518
11,9,6,9,0.9995,0.9994,0.9999,0.9995,0.0031
11,9,6,10,0.9996,0.9996,1.0000,0.9995,0.0014
11,9,6,11,0.9646,0.9594,0.9922,0.9634,0.0397
11,9,7,0,0.9214,0.9289,0.9944,0.9131,0.0370
11,9,7,1,0.9883,0.9859,0.9994,0.9872,0.0143
11,9,7,2,0.9995,0.9994,0.9999,0.9995,0.0033
11,9,7,3,0.9417,0.9215,0.9663,0.9401,0.0527
11,9,7,4,0.9272,0.9008,0.9937,0.9196,0.0362
11,9,7,5,0.9786,0.9771,0.9958,0.9779,0.0300
11,9,7,6,0.9932,0.9935,0.9987,0.9930,0.0163
11,9,7,7,0.9979,0.9971,0.9999,0.9977,0.0050
11,9,7,8,0.9029,0.8702,0.9790,0.8936,0.0459
11,9,7,9,0.9793,0.9707,0.9921,0.9786,0.0293
11,9,7,10,0.9987,0.9983,1.0000,0.9986,0.0026
11,9,7,11,0.9998,0.9998,1.0000,0.9997,0.0012
11,9,8,0,0.9964,0.9968,0.9993,0.9963,0.0125
11,9,8,1,0.9977,0.9967,0.9999,0.9974,0.0035
11,9,8,2,0.9668,0.9636,0.9908,0.9654,0.0374
11,9,8,3,0.9888,0.9824,0.9966,0.9881,0.0174
11,9,8,4,0.9510,0.9402,0.9964,0.9464,0.0340
11,9,8,5,0.8446,0.8299,0.9587,0.8285,0.0649
11,9,8,6,0.9931,0.9942,0.9993,0.9926,0.0125
11,9,8,7,0.8288,0.8433,0.9896,0.8081,0.0373
11,9,8,8,0.8916,0.8654,0.9780,0.8818,0.0551
11,9,8,9,0.9606,0.9538,0.9806,0.9597,0.0436
11,9,8,10,0.9808,0.9736,0.9889,0.9809,0.0337
11,9,8,11,0.9953,0.9929,0.9945,0.9951,0.0150
11,9,9,0,0.9165,0.8874,0.9534,0.9075,0.0366
11,9,9,1,0.9997,0.9997,0.9999,0.9997,0.0017
11,9,9,2,0.9393,0.9128,0.9742,0.9338,0.0397
11,9,9,3,0.9091,0.9027,0.9841,0.9012,0.0514
11,9,9,4,0.9951,0.9955,0.9996,0.9946,0.0066
11,9,9,5,0.9947,0.9915,0.9938,0.9948,0.0173
11,9,9,6,0.9998,0.9997,0.9999,0.9998,0.0013
11,9,9,7,0.9801,0.9743,0.9943,0.9790,0.0261
11,9,9,8,0.9907,0.9869,0.9892,0.9902,0.0184
11,9,9,9,0.9998,0.9997,0.9999,0.9998,0.0022
11,9,9,10,0.9155,0.8887,0.9922,0.9068,0.0430
11,9,9,11,0.9996,0.9996,0.9999,0.9996,0.0028
11,9,10,0,0.9738,0.9668,0.9809,0.9720,0.0277
11,9,10,1,0.9992,0.9989,1.0000,0.9991,0.0026
11,9,10,2,0.9998,0.9998,1.0000,0.9997,0.0012
11,9,10,3,0.9961,0.9957,0.9990,0.9960,0.0118
11,9,10,4,0.9951,0.9957,0.9977,0.9948,0.0127
11,9,10,5,0.8959,0.8717,0.9938,0.8840,0.0357
11,9,10,6,0.9991,0.9989,0.9991,0.9990,0.0046
11,9,10,7,0.9894,0.9841,0.9907,0.9889,0.0203
11,9,10,8,0.9997,0.9997,1.0000,0.9997,0.0016
11,9,10,9,0.9091,0.8814,0.9897,0.8997,0.0426
11,9,10,10,0.9998,0.9998,1.0000,0.9997,0.0014
11,9,10,11,0.9840,0.9835,0.9991,0.9826,0.0189
11,9,11,0,0.7201,0.6600,0.7188,0.6888,0.0964
11,9,11,1,0.9976,0.9974,0.9994,0.9975,0.0100
11,9,11,2,0.9990,0.9989,0.9994,0.9990,0.0070
11,9,11,3,0.9415,0.9420,0.9755,0.9382,0.0476
11,9,11,4,0.9945,0.9925,0.9962,0.9950,0.0213
11,9,11,5,0.9972,0.9973,0.9989,0.9970,0.0097
11,9,11,6,0.9999,0.9999,1.0000,0.9998,0.0014
11,9,11,7,0.9926,0.9914,0.9984,0.9924,0.0174
11,9,11,8,0.1480,0.4409,0.9342,0.0139,0.0652
11,9,11,9,1.0000,1.0000,1.0000,1.0000,0.0000
11,9,11,10,0.9423,0.9417,0.9826,0.9389,0.0468
11,9,11,11,0.9394,0.9309,0.9820,0.9360,0.0489
11,10,0,0,0.8509,0.8637,0.8982,0.8197,0.0413
11,10,0,1,0.2577,0.3150,0.9497,0.1547,0.0491
11,10,0,2,0.9115,0.9319,0.9718,0.8942,0.0311
11,10,0,3,0.2878,0.3421,0.9553,0.1776,0.0300
11,10,0,4,0.5376,0.5027,0.9753,0.4399,0.0161
11,10,0,5,0.3294,0.3531,0.9476,0.2266,0.0303
11,10,0,6,0.7589,0.7463,0.8875,0.7030,0.0445
11,10,0,7,0.7196,0.7212,0.9646,0.6542,0.0450
11,10,0,8,0.7305,0.7874,0.9797,0.6700,0.0304
11,10,0,9,0.8981,0.9064,0.9626,0.8787,0.0424
11,10,0,10,0.8626,0.8514,0.9466,0.8348,0.0420
11,10,0,11,0.8968,0.8862,0.9266,0.8790,0.0447
11,10,1,0,0.7475,0.7530,0.9902,0.6925,0.0289
11,10,1,1,0.9147,0.9138,0.9905,0.8977,0.0331
11,10,1,2,0.8723,0.8793,0.9844,0.8456,0.0387
11,10,1,3,0.9402,0.9169,0.9512,0.9304,0.0274
11,10,1,4,0.9601,0.9668,0.9935,0.9526,0.0235
11,10,1,5,0.9373,0.9547,0.9956,0.9247,0.0127
11,10,1,6,0.8611,0.8768,0.9992,0.8329,0.0113
11,10,1,7,0.9374,0.9553,0.9894,0.9254,0.0278
11,10,1,8,0.9554,0.9649,0.9960,0.9465,0.0127
11,10,1,9,0.9440,0.9620,0.9912,0.9336,0.0097
11,10,1,10,0.3497,0.6448,0.9378,0.1872,0.0484
11,10,1,11,0.4570,0.4088,0.9565,0.3646,0.0176
11,10,2,0,0.8188,0.8008,0.9682,0.7791,0.0349
11,10,2,1,0.9579,0.9753,0.9981,0.9509,0.0186
11,10,2,2,0.5449,0.5791,0.9845,0.4562,0.0117
11,10,2,3,0.7574,0.7746,0.9877,0.7051,0.0256
11,10,2,4,0.9015,0.9176,0.9885,0.8818,0.0159
11,10,2,5,0.7510,0.7733,0.9835,0.6954,0.0328
11,10,2,6,0.9652,0.9702,0.9910,0.9595,0.0171
11,10,2,7,0.7973,0.7907,0.9214,0.7523,0.0495
11,10,2,8,0.7167,0.7628,0.9943,0.6568,0.0201
11,10,2,9,0.5562,0.6590,0.9752,0.4545,0.0282
11,10,2,10,0.9012,0.8898,0.9561,0.8827,0.0420
11,10,2,11,0.9703,0.9747,0.9967,0.9651,0.0174
11,10,3,0,0.9403,0.9436,0.9816,0.9368,0.0460
11,10,3,1,0.9452,0.9565,0.9910,0.9355,0.0115
11,10,3,2,0.5638,0.5915,0.9878,0.4750,0.0161
11,10,3,3,0.9072,0.9132,0.9863,0.8912,0.0160
11,10,3,4,0.9432,0.9444,0.9832,0.9398,0.0458
11,10,3,5,0.9365,0.9736,0.9947,0.9239,0.0102
11,10,3,6,0.7243,0.7677,0.9430,0.6599,0.0424
11,10,3,7,0.7093,0.7012,0.9928,0.6480,0.0224
11,10,3,8,0.6964,0.7008,0.9783,0.6367,0.0167
11,10,3,9,0.8482,0.8551,0.9811,0.8187,0.0138
11,10,3,10,0.9635,0.9693,0.9903,0.9571,0.0126
11,10,3,11,0.8207,0.8250,0.9873,0.7826,0.0230
11,10,4,0,0.7964,0.8060,0.9788,0.7574,0.0130
11,10,4,1,0.8796,0.8796,0.9899,0.8569,0.0125
11,10,4,2,0.9521,0.9556,0.9888,0.9474,0.0345
11,10,4,3,0.7517,0.7778,0.9508,0.6984,0.0206
11,10,4,4,0.9468,0.9690,0.9931,0.9394,0.0244
11,10,4,5,0.9282,0.9591,0.9924,0.9158,0.0127
11,10,4,6,0.9366,0.9614,0.9946,0.9240,0.0222
11,10,4,7,0.6531,0.6416,0.9804,0.5817,0.0161
11,10,4,8,0.9606,0.9681,0.9905,0.9555,0.0249
11,10,4,9,0.8682,0.8647,0.9984,0.8416,0.0110
11,10,4,10,0.9425,0.9475,0.9872,0.9377,0.0412
11,10,4,11,0.3235,0.4332,0.9431,0.2316,0.0501
11,10,5,0,0.9430,0.9404,0.9811,0.9399,0.0467
11,10,5,1,0.9354,0.9319,0.9791,0.9326,0.0501
11,10,5,2,0.8847,0.9019,0.9960,0.8621,0.0142
11,10,5,3,0.9353,0.9409,0.9911,0.9225,0.0220
11,10,5,4,0.9310,0.9118,0.9962,0.9170,0.0186
11,10,5,5,0.9445,0.9461,0.9824,0.9414,0.0454
11,10,5,6,0.9478,0.9565,0.9847,0.9428,0.0342
11,10,5,7,0.9076,0.9234,0.9904,0.8919,0.0150
11,10,5,8,0.9513,0.9617,0.9894,0.9460,0.0311
11,10,5,9,0.9475,0.9532,0.9863,0.9431,0.0395
11,10,5,10,0.9116,0.9226,0.9990,0.8943,0.0066
11,10,5,11,0.9506,0.9604,0.9872,0.9437,0.0230
11,10,6,0,0.8570,0.8643,0.9881,0.8274,0.0195
11,10,6,1,0.9549,0.9664,0.9929,0.9499,0.0295
11,10,6,2,0.9527,0.9678,0.9913,0.9471,0.0294
11,10,6,3,0.9477,0.9708,0.9967,0.9384,0.0146
11,10,6,4,0.9666,0.9711,0.9969,0.9601,0.0113
11,10,6,5,0.9660,0.9741,0.9940,0.9606,0.0171
11,10,6,6,0.9556,0.9597,0.9877,0.9513,0.0333
11,10,6,7,0.9201,0.9046,0.9845,0.9041,0.0231
11,10,6,8,0.9212,0.9142,0.9998,0.9057,0.0110
11,10,6,9,0.9363,0.9331,0.9797,0.9334,0.0500
11,10,6,10,0.9428,0.9416,0.9815,0.9395,0.0464
11,10,6,11,0.9627,0.9730,0.9974,0.9559,0.0108
11,10,7,0,0.9334,0.9472,0.9949,0.9222,0.0159
11,10,7,1,0.9463,0.9552,0.9873,0.9409,0.0325
11,10,7,2,0.9360,0.9328,0.9795,0.9331,0.0501
11,10,7,3,0.9629,0.9666,0.9973,0.9556,0.0112
11,10,7,4,0.9233,0.9487,0.9888,0.9106,0.0161
11,10,7,5,0.9521,0.9758,0.9945,0.9444,0.0168
11,10,7,6,0.9547,0.9590,0.9909,0.9497,0.0306
11,10,7,7,0.9482,0.9528,0.9848,0.9448,0.0426
11,10,7,8,0.9343,0.9427,0.9991,0.9216,0.0077
11,10,7,9,0.9576,0.9745,0.9976,0.9509,0.0176
11,10,7,10,0.9433,0.9459,0.9818,0.9401,0.0460
11,10,7,11,0.9416,0.9406,0.9822,0.9382,0.0470
11,10,8,0,0.9521,0.9597,0.9889,0.9473,0.0344
11,10,8,1,0.9444,0.9476,0.9816,0.9414,0.0459
11,10,8,2,0.9491,0.9718,0.9953,0.9400,0.0142
11,10,8,3,0.9576,0.9664,0.9942,0.9530,0.0294
11,10,8,4,0.9382,0.9682,0.9926,0.9282,0.0160
11,10,8,5,0.9134,0.9288,0.9935,0.8957,0.0194
11,10,8,6,0.9539,0.9585,0.9888,0.9497,0.0344
11,10,8,7,0.8668,0.8936,0.9858,0.8438,0.0146
11,10,8,8,0.9281,0.9487,0.9985,0.9137,0.0143
11,10,8,9,0.9689,0.9855,0.9995,0.9630,0.0083
11,10,8,10,0.9729,0.9792,0.9988,0.9683,0.0139
11,10,8,11,0.9529,0.9580,0.9932,0.9479,0.0319
11,10,9,0,0.9330,0.9431,0.9827,0.9219,0.0168
11,10,9,1,0.9410,0.9400,0.9808,0.9378,0.0472
11,10,9,2,0.9556,0.9657,0.9950,0.9479,0.0126
11,10,9,3,0.9372,0.9552,0.9975,0.9248,0.0085
11,10,9,4,0.9506,0.9532,0.9861,0.9474,0.0405
11,10,9,5,0.9557,0.9653,0.9947,0.9504,0.0295
11,10,9,6,0.9426,0.9418,0.9831,0.9395,0.0471
11,10,9,7,0.9585,0.9744,0.9961,0.9526,0.0207
11,10,9,8,0.9498,0.9566,0.9935,0.9438,0.0285
11,10,9,9,0.9387,0.9369,0.9810,0.9356,0.0491
11,10,9,10,0.9194,0.9494,0.9879,0.9051,0.0161
11,10,9,11,0.9384,0.9357,0.9807,0.9354,0.0496
11,10,10,0,0.9633,0.9748,0.9939,0.9581,0.0199
11,10,10,1,0.9442,0.9467,0.9835,0.9408,0.0455
11,10,10,2,0.9410,0.9415,0.9831,0.9375,0.0472
11,10,10,3,0.9520,0.9581,0.9899,0.9475,0.0350
11,10,10,4,0.9530,0.9591,0.9905,0.9484,0.0341
11,10,10,5,0.8883,0.9436,0.9853,0.8700,0.0203
11,10,10,6,0.9481,0.9477,0.9867,0.9446,0.0422
11,10,10,7,0.9666,0.9739,0.9945,0.9629,0.0265
11,10,10,8,0.9400,0.9383,0.9818,0.9368,0.0481
11,10,10,9,0.9231,0.9492,0.9967,0.9092,0.0100
11,10,10,10,0.9423,0.9407,0.9826,0.9390,0.0470
11,10,10,11,0.9640,0.9687,0.9894,0.9605,0.0279
11,10,11,0,0.8437,0.8236,0.8347,0.8127,0.0512
11,10,11,1,0.9556,0.9590,0.9885,0.9517,0.0369
11,10,11,2,0.9516,0.9527,0.9877,0.9479,0.0399
11,10,11,3,0.9824,0.9883,0.9984,0.9790,0.0071
11,10,11,4,0.9627,0.9663,0.9948,0.9579,0.0266
11,10,11,5,0.9527,0.9546,0.9892,0.9486,0.0371
11,10,11,6,0.9449,0.9441,0.9839,0.9414,0.0454
11,10,11,7,0.9566,0.9668,0.9915,0.9517,0.0294
11,10,11,8,0.3273,0.6042,0.9581,0.1848,0.0197
11,10,11,9,0.9423,0.9417,0.9826,0.9389,0.0468
11,10,11,10,1.0000,1.0000,1.0000,1.0000,0.0000
11,10,11,11,0.9738,0.9860,0.9993,0.9688,0.0066
11,11,0,0,0.8733,0.8733,0.8962,0.8472,0.0369
11,11,0,1,0.2125,0.3109,0.9453,0.1016,0.0512
11,11,0,2,0.9301,0.9353,0.9707,0.9166,0.0269
11,11,0,3,0.2497,0.3409,0.9510,0.1321,0.0332
11,11,0,4,0.5170,0.5103,0.9728,0.4137,0.0153
11,11,0,5,0.2915,0.3477,0.9432,0.1815,0.0327
11,11,0,6,0.7847,0.7815,0.8867,0.7348,0.0403
11,11,0,7,0.7248,0.7445,0.9658,0.6596,0.0408
11,11,0,8,0.7306,0.7943,0.9792,0.6692,0.0260
11,11,0,9,0.9174,0.9182,0.9626,0.9022,0.0374
11,11,0,10,0.8618,0.8544,0.9461,0.8328,0.0383
11,11,0,11,0.8979,0.8893,0.9253,0.8795,0.0403
11,11,1,0,0.7589,0.7790,0.9914,0.7057,0.0241
11,11,1,1,0.9240,0.9273,0.9920,0.9086,0.0286
11,11,1,2,0.8873,0.8946,0.9857,0.8636,0.0337
11,11,1,3,0.9379,0.9112,0.9488,0.9270,0.0245
11,11,1,4,0.9739,0.9749,0.9944,0.9691,0.0193
11,11,1,5,0.9348,0.9584,0.9959,0.9215,0.0085
11,11,1,6,0.8694,0.8925,0.9988,0.8425,0.0079
11,11,1,7,0.9527,0.9592,0.9891,0.9437,0.0236
11,11,1,8,0.9586,0.9692,0.9965,0.9503,0.0101
11,11,1,9,0.9552,0.9665,0.9916,0.9469,0.0102
11,11,1,10,0.3497,0.6468,0.9320,0.1850,0.0437
11,11,1,11,0.4322,0.4064,0.9530,0.3345,0.0218
11,11,2,0,0.8236,0.8205,0.9669,0.7842,0.0312
11,11,2,1,0.9533,0.9676,0.9976,0.9455,0.0186
11,11,2,2,0.5525,0.6031,0.9836,0.4644,0.0130
11,11,2,3,0.7766,0.7962,0.9888,0.7278,0.0219
11,11,2,4,0.8774,0.9169,0.9880,0.8525,0.0172
11,11,2,5,0.7774,0.7941,0.9863,0.7272,0.0294
11,11,2,6,0.9630,0.9650,0.9910,0.9571,0.0178
11,11,2,7,0.8158,0.8130,0.9237,0.7748,0.0453
11,11,2,8,0.7063,0.7682,0.9939,0.6434,0.0182
11,11,2,9,0.6107,0.6980,0.9735,0.5206,0.0243
11,11,2,10,0.9227,0.9112,0.9584,0.9090,0.0375
11,11,2,11,0.9741,0.9735,0.9971,0.9697,0.0182
11,11,3,0,0.9334,0.9322,0.9812,0.9292,0.0481
11,11,3,1,0.9516,0.9596,0.9916,0.9430,0.0142
11,11,3,2,0.5674,0.6198,0.9879,0.4782,0.0164
11,11,3,3,0.9067,0.9214,0.9853,0.8906,0.0202
11,11,3,4,0.9374,0.9329,0.9826,0.9334,0.0479
11,11,3,5,0.9483,0.9670,0.9934,0.9379,0.0079
11,11,3,6,0.7424,0.7837,0.9424,0.6815,0.0382
11,11,3,7,0.7574,0.7393,0.9913,0.7056,0.0209
11,11,3,8,0.7033,0.7161,0.9785,0.6442,0.0188
11,11,3,9,0.8264,0.8521,0.9783,0.7923,0.0169
11,11,3,10,0.9606,0.9682,0.9913,0.9538,0.0157
11,11,3,11,0.8236,0.8462,0.9856,0.7856,0.0219
11,11,4,0,0.7620,0.8046,0.9778,0.7159,0.0156
11,11,4,1,0.8756,0.8922,0.9890,0.8519,0.0159
11,11,4,2,0.9486,0.9433,0.9881,0.9436,0.0366
11,11,4,3,0.7957,0.7878,0.9449,0.7514,0.0193
11,11,4,4,0.9471,0.9657,0.9931,0.9399,0.0265
11,11,4,5,0.9282,0.9600,0.9931,0.9158,0.0159
11,11,4,6,0.9632,0.9649,0.9952,0.9561,0.0172
11,11,4,7,0.6362,0.6434,0.9799,0.5604,0.0180
11,11,4,8,0.9676,0.9652,0.9904,0.9639,0.0270
11,11,4,9,0.8839,0.8716,0.9976,0.8601,0.0097
11,11,4,10,0.9396,0.9367,0.9868,0.9346,0.0433
11,11,4,11,0.3592,0.4496,0.9394,0.2716,0.0522
11,11,5,0,0.9364,0.9283,0.9807,0.9326,0.0488
11,11,5,1,0.9324,0.9202,0.9786,0.9295,0.0522
11,11,5,2,0.8960,0.9057,0.9944,0.8754,0.0168
11,11,5,3,0.9388,0.9394,0.9896,0.9264,0.0189
11,11,5,4,0.9402,0.9314,0.9977,0.9280,0.0171
11,11,5,5,0.9418,0.9362,0.9821,0.9386,0.0475
11,11,5,6,0.9484,0.9461,0.9843,0.9437,0.0363
11,11,5,7,0.9118,0.9329,0.9903,0.8968,0.0168
11,11,5,8,0.9508,0.9561,0.9892,0.9456,0.0332
11,11,5,9,0.9511,0.9417,0.9857,0.9475,0.0416
11,11,5,10,0.9371,0.9266,0.9984,0.9246,0.0110
11,11,5,11,0.9472,0.9577,0.9874,0.9399,0.0261
11,11,6,0,0.8703,0.8569,0.9857,0.8431,0.0182
11,11,6,1,0.9493,0.9613,0.9922,0.9437,0.0316
11,11,6,2,0.9560,0.9582,0.9909,0.9511,0.0315
11,11,6,3,0.9532,0.9662,0.9959,0.9450,0.0135
11,11,6,4,0.9702,0.9660,0.9952,0.9643,0.0084
11,11,6,5,0.9715,0.9716,0.9943,0.9671,0.0181
11,11,6,6,0.9517,0.9519,0.9878,0.9470,0.0354
11,11,6,7,0.9492,0.9358,0.9867,0.9394,0.0192
11,11,6,8,0.9150,0.9148,0.9988,0.8981,0.0160
11,11,6,9,0.9332,0.9212,0.9792,0.9302,0.0521
11,11,6,10,0.9404,0.9314,0.9811,0.9371,0.0485
11,11,6,11,0.9600,0.9684,0.9976,0.9526,0.0134
11,11,7,0,0.9263,0.9361,0.9938,0.9139,0.0201
11,11,7,1,0.9501,0.9509,0.9872,0.9455,0.0346
11,11,7,2,0.9330,0.9211,0.9790,0.9300,0.0522
11,11,7,3,0.9615,0.9675,0.9965,0.9538,0.0096
11,11,7,4,0.9097,0.9517,0.9888,0.8946,0.0190
11,11,7,5,0.9551,0.9678,0.9943,0.9480,0.0192
11,11,7,6,0.9545,0.9506,0.9902,0.9497,0.0327
11,11,7,7,0.9431,0.9415,0.9841,0.9392,0.0447
11,11,7,8,0.9485,0.9440,0.9980,0.9384,0.0085
11,11,7,9,0.9539,0.9707,0.9975,0.9466,0.0197
11,11,7,10,0.9420,0.9373,0.9815,0.9390,0.0481
11,11,7,11,0.9375,0.9288,0.9816,0.9338,0.0491
11,11,8,0,0.9537,0.9476,0.9884,0.9494,0.0365
11,11,8,1,0.9413,0.9385,0.9813,0.9382,0.0480
11,11,8,2,0.9666,0.9675,0.9939,0.9607,0.0136
11,11,8,3,0.9538,0.9587,0.9930,0.9488,0.0315
11,11,8,4,0.9242,0.9652,0.9926,0.9118,0.0181
11,11,8,5,0.9374,0.9339,0.9943,0.9245,0.0163
11,11,8,6,0.9462,0.9478,0.9880,0.9411,0.0365
11,11,8,7,0.8212,0.8764,0.9843,0.7899,0.0182
11,11,8,8,0.9552,0.9573,0.9990,0.9461,0.0096
11,11,8,9,0.9865,0.9856,0.9992,0.9839,0.0075
11,11,8,10,0.9641,0.9705,0.9985,0.9580,0.0157
11,11,8,11,0.9530,0.9485,0.9922,0.9482,0.0340
11,11,9,0,0.9523,0.9345,0.9791,0.9447,0.0213
11,11,9,1,0.9368,0.9287,0.9803,0.9334,0.0493
11,11,9,2,0.9747,0.9729,0.9942,0.9706,0.0160
11,11,9,3,0.9414,0.9522,0.9973,0.9298,0.0098
11,11,9,4,0.9439,0.9407,0.9856,0.9399,0.0426
11,11,9,5,0.9547,0.9569,0.9943,0.9495,0.0316
11,11,9,6,0.9386,0.9304,0.9826,0.9353,0.0492
11,11,9,7,0.9668,0.9705,0.9960,0.9624,0.0228
11,11,9,8,0.9533,0.9464,0.9922,0.9481,0.0306
11,11,9,9,0.9357,0.9258,0.9806,0.9326,0.0512
11,11,9,10,0.9142,0.9533,0.9882,0.8989,0.0174
11,11,9,11,0.9354,0.9239,0.9801,0.9324,0.0517
11,11,10,0,0.9706,0.9644,0.9926,0.9669,0.0220
11,11,10,1,0.9417,0.9363,0.9829,0.9383,0.0476
11,11,10,2,0.9383,0.9300,0.9826,0.9348,0.0493
11,11,10,3,0.9474,0.9468,0.9891,0.9424,0.0371
11,11,10,4,0.9560,0.9458,0.9899,0.9521,0.0362
11,11,10,5,0.8698,0.9412,0.9842,0.8482,0.0230
11,11,10,6,0.9440,0.9356,0.9861,0.9403,0.0443
11,11,10,7,0.9633,0.9646,0.9940,0.9593,0.0286
11,11,10,8,0.9355,0.9260,0.9812,0.9320,0.0502
11,11,10,9,0.9024,0.9558,0.9963,0.8846,0.0126
11,11,10,10,0.9395,0.9290,0.9821,0.9361,0.0491
11,11,10,11,0.9552,0.9537,0.9886,0.9505,0.0300
11,11,11,0,0.8407,0.8200,0.8320,0.8076,0.0475
11,11,11,1,0.9554,0.9484,0.9878,0.9518,0.0390
11,11,11,2,0.9482,0.9406,0.9868,0.9443,0.0420
11,11,11,3,0.9819,0.9805,0.9972,0.9783,0.0058
11,11,11,4,0.9582,0.9556,0.9935,0.9528,0.0279
11,11,11,5,0.9467,0.9436,0.9885,0.9420,0.0392
11,11,11,6,0.9426,0.9333,0.9833,0.9392,0.0475
11,11,11,7,0.9554,0.9587,0.9908,0.9506,0.0315
11,11,11,8,0.3167,0.6070,0.9530,0.1702,0.0178
11,11,11,9,0.9394,0.9309,0.9820,0.9360,0.0489
11,11,11,10,0.9738,0.9860,0.9993,0.9688,0.0066
11,11,11,11,1.0000,1.0000,1.0000,1.0000,0.0000
