li,hi,lj,hj,cosine,wavelet,energy_profile,pearson,emd
0,0,0,0,1.0000,1.0000,1.0000,1.0000,0.0000
0,0,0,1,0.2998,0.3664,0.7623,0.1655,0.0946
0,0,0,2,0.8993,0.9098,0.9834,0.8661,0.0119
0,0,0,3,0.4254,0.4393,0.7445,0.2975,0.0702
0,0,0,4,0.7146,0.6849,0.9037,0.6272,0.0267
0,0,0,5,0.4428,0.4489,0.6977,0.3144,0.0624
0,0,0,6,0.9491,0.9372,0.9981,0.9309,0.0073
0,0,0,7,0.8425,0.8504,0.9937,0.7863,0.0083
0,0,0,8,0.7905,0.8603,0.9763,0.7203,0.0119
0,0,0,9,0.9657,0.9691,0.9997,0.9531,0.0110
0,0,0,10,0.9292,0.9189,0.9939,0.9024,0.0094
0,0,0,11,0.9617,0.9612,0.9999,0.9475,0.0125
0,0,1,0,0.8725,0.8523,0.9674,0.8310,0.0102
0,0,1,1,0.9267,0.9232,0.9855,0.9028,0.0121
0,0,1,2,0.8999,0.8857,0.9658,0.8678,0.0111
0,0,1,3,0.9301,0.9086,0.9976,0.9061,0.0278
0,0,1,4,0.9459,0.9297,0.9891,0.9328,0.0352
0,0,1,5,0.8728,0.8446,0.9673,0.8352,0.0232
0,0,1,6,0.8763,0.8482,0.9130,0.8508,0.0492
0,0,1,7,0.9409,0.9222,0.9821,0.9285,0.0376
0,0,1,8,0.9324,0.9146,0.9769,0.9160,0.0324
0,0,1,9,0.9031,0.8711,0.9571,0.8872,0.0522
0,0,1,10,0.5646,0.7080,0.9646,0.4097,0.0114
0,0,1,11,0.5359,0.4890,0.7387,0.4212,0.0548
0,0,2,0,0.8926,0.8636,0.9879,0.8582,0.0140
0,0,2,1,0.8667,0.8505,0.9650,0.8506,0.0721
0,0,2,2,0.6753,0.7054,0.9020,0.5882,0.0408
0,0,2,3,0.9028,0.8860,0.9742,0.8692,0.0065
0,0,2,4,0.8487,0.8755,0.9680,0.8075,0.0321
0,0,2,5,0.7844,0.8049,0.9689,0.7199,0.0259
0,0,2,6,0.8859,0.8766,0.9591,0.8654,0.0525
0,0,2,7,0.8792,0.8416,0.9936,0.8327,0.0116
0,0,2,8,0.7619,0.8401,0.9502,0.6932,0.0298
0,0,2,9,0.8127,0.7968,0.9390,0.7569,0.0244
0,0,2,10,0.9633,0.9426,0.9937,0.9502,0.0075
0,0,2,11,0.9047,0.8779,0.9690,0.8882,0.0530
0,0,3,0,0.8173,0.8134,0.9502,0.8012,0.0913
0,0,3,1,0.9025,0.8783,0.9544,0.8844,0.0462
0,0,3,2,0.7941,0.7906,0.9608,0.7273,0.0160
0,0,3,3,0.8305,0.8711,0.9451,0.7906,0.0470
0,0,3,4,0.8278,0.8192,0.9576,0.8121,0.0897
0,0,3,5,0.9142,0.9039,0.9842,0.8986,0.0465
0,0,3,6,0.9022,0.8763,0.9461,0.8706,0.0125
0,0,3,7,0.8149,0.7814,0.8697,0.7647,0.0286
0,0,3,8,0.8359,0.8632,0.9796,0.7891,0.0356
0,0,3,9,0.8396,0.8613,0.9559,0.7971,0.0405
0,0,3,10,0.8898,0.8674,0.9451,0.8704,0.0525
0,0,3,11,0.8345,0.8911,0.9563,0.7871,0.0295
0,0,4,0,0.6907,0.8290,0.8275,0.6265,0.0662
0,0,4,1,0.8685,0.8632,0.9692,0.8399,0.0440
0,0,4,2,0.8500,0.8310,0.9686,0.8334,0.0792
0,0,4,3,0.9102,0.8936,0.9578,0.8911,0.0406
0,0,4,4,0.8665,0.8494,0.9711,0.8499,0.0714
0,0,4,5,0.9001,0.8995,0.9688,0.8786,0.0430
0,0,4,6,0.9387,0.9190,0.9897,0.9254,0.0337
0,0,4,7,0.7260,0.6999,0.8770,0.6497,0.0362
0,0,4,8,0.8738,0.8635,0.9674,0.8558,0.0641
0,0,4,9,0.9132,0.9287,0.9963,0.8864,0.0173
0,0,4,10,0.8352,0.8258,0.9544,0.8178,0.0835
0,0,4,11,0.4879,0.6024,0.6479,0.3996,0.0963
0,0,5,0,0.8310,0.8148,0.9502,0.8133,0.0832
0,0,5,1,0.8077,0.8065,0.9536,0.7929,0.0963
0,0,5,2,0.9246,0.9328,0.9995,0.9063,0.0343
0,0,5,3,0.9317,0.9287,0.9995,0.9166,0.0370
0,0,5,4,0.9260,0.9139,0.9850,0.9061,0.0279
0,0,5,5,0.8262,0.8251,0.9614,0.8094,0.0870
0,0,5,6,0.8748,0.8833,0.9783,0.8547,0.0584
0,0,5,7,0.8773,0.8748,0.9878,0.8566,0.0590
0,0,5,8,0.8569,0.8501,0.9719,0.8350,0.0663
0,0,5,9,0.8369,0.8196,0.9563,0.8214,0.0868
0,0,5,10,0.8934,0.8721,0.9306,0.8692,0.0402
0,0,5,11,0.8776,0.8688,0.9774,0.8573,0.0584
0,0,6,0,0.9323,0.9449,0.9972,0.9121,0.0271
0,0,6,1,0.8634,0.8604,0.9829,0.8445,0.0651
0,0,6,2,0.8676,0.8452,0.9615,0.8509,0.0711
0,0,6,3,0.8930,0.8868,0.9599,0.8658,0.0329
0,0,6,4,0.9013,0.8907,0.9798,0.8824,0.0478
0,0,6,5,0.8976,0.8750,0.9722,0.8810,0.0567
0,0,6,6,0.8682,0.8476,0.9681,0.8470,0.0624
0,0,6,7,0.9046,0.8734,0.9284,0.8854,0.0449
0,0,6,8,0.9018,0.8979,0.9625,0.8819,0.0451
0,0,6,9,0.8094,0.8081,0.9536,0.7943,0.0960
0,0,6,10,0.8322,0.8214,0.9577,0.8156,0.0870
0,0,6,11,0.8916,0.8845,0.9834,0.8721,0.0525
0,0,7,0,0.8546,0.8670,0.9681,0.8311,0.0629
0,0,7,1,0.8304,0.8212,0.9520,0.8144,0.0875
0,0,7,2,0.8090,0.8074,0.9536,0.7942,0.0963
0,0,7,3,0.9095,0.8899,0.9703,0.8935,0.0470
0,0,7,4,0.8636,0.8601,0.9755,0.8471,0.0703
0,0,7,5,0.8890,0.8728,0.9773,0.8726,0.0610
0,0,7,6,0.8588,0.8417,0.9591,0.8429,0.0760
0,0,7,7,0.8192,0.8150,0.9563,0.8038,0.0938
0,0,7,8,0.8810,0.8520,0.9503,0.8607,0.0551
0,0,7,9,0.8707,0.8625,0.9748,0.8534,0.0678
0,0,7,10,0.8096,0.8072,0.9538,0.7945,0.0963
0,0,7,11,0.8144,0.8106,0.9552,0.7992,0.0951
0,0,8,0,0.8475,0.8379,0.9741,0.8271,0.0733
0,0,8,1,0.8129,0.8081,0.9542,0.7976,0.0952
0,0,8,2,0.9065,0.8848,0.9692,0.8897,0.0468
0,0,8,3,0.8395,0.8216,0.9355,0.8187,0.0771
0,0,8,4,0.8850,0.8859,0.9798,0.8614,0.0487
0,0,8,5,0.9300,0.9303,0.9977,0.9097,0.0225
0,0,8,6,0.8388,0.8259,0.9588,0.8199,0.0770
0,0,8,7,0.8578,0.8699,0.9770,0.8353,0.0638
0,0,8,8,0.8264,0.8282,0.9329,0.7846,0.0432
0,0,8,9,0.8685,0.8466,0.9555,0.8524,0.0706
0,0,8,10,0.9053,0.8818,0.9659,0.8877,0.0490
0,0,8,11,0.8722,0.8486,0.9548,0.8555,0.0673
0,0,9,0,0.8511,0.8315,0.9451,0.8304,0.0687
0,0,9,1,0.8148,0.8124,0.9540,0.7994,0.0943
0,0,9,2,0.8199,0.8120,0.9545,0.8044,0.0930
0,0,9,3,0.8725,0.8644,0.9762,0.8452,0.0463
0,0,9,4,0.8197,0.8145,0.9555,0.8039,0.0917
0,0,9,5,0.8531,0.8337,0.9542,0.8356,0.0757
0,0,9,6,0.8109,0.8096,0.9539,0.7960,0.0959
0,0,9,7,0.8696,0.8468,0.9464,0.8523,0.0667
0,0,9,8,0.8328,0.8242,0.9543,0.8163,0.0857
0,0,9,9,0.8097,0.8078,0.9537,0.7947,0.0962
0,0,9,10,0.8791,0.8897,0.9638,0.8529,0.0433
0,0,9,11,0.8140,0.8106,0.9539,0.7989,0.0952
0,0,10,0,0.8360,0.8172,0.9557,0.8190,0.0838
0,0,10,1,0.8153,0.8122,0.9564,0.8002,0.0949
0,0,10,2,0.8204,0.8179,0.9556,0.8050,0.0930
0,0,10,3,0.8398,0.8294,0.9524,0.8239,0.0844
0,0,10,4,0.8628,0.8470,0.9661,0.8458,0.0722
0,0,10,5,0.8612,0.8697,0.9581,0.8397,0.0568
0,0,10,6,0.8155,0.8101,0.9565,0.7999,0.0943
0,0,10,7,0.8421,0.8258,0.9581,0.8249,0.0819
0,0,10,8,0.8181,0.8134,0.9569,0.8026,0.0935
0,0,10,9,0.8331,0.8024,0.9029,0.8053,0.0668
0,0,10,10,0.8118,0.8082,0.9547,0.7966,0.0957
0,0,10,11,0.8115,0.8175,0.9773,0.7867,0.0806
0,0,11,0,0.8694,0.8788,0.9903,0.8208,0.0092
0,0,11,1,0.8572,0.8402,0.9631,0.8412,0.0763
0,0,11,2,0.8242,0.8142,0.9617,0.8078,0.0903
0,0,11,3,0.8888,0.8807,0.9741,0.8616,0.0367
0,0,11,4,0.8756,0.8491,0.9703,0.8586,0.0662
0,0,11,5,0.8314,0.8205,0.9562,0.8148,0.0867
0,0,11,6,0.8165,0.8114,0.9579,0.8011,0.0946
0,0,11,7,0.8443,0.8339,0.9715,0.8255,0.0771
0,0,11,8,0.4985,0.6947,0.9214,0.3377,0.0197
0,0,11,9,0.8177,0.8143,0.9572,0.8024,0.0938
0,0,11,10,0.9080,0.9069,0.9809,0.8890,0.0429
0,0,11,11,0.8948,0.8927,0.9733,0.8742,0.0476
0,1,0,0,0.2998,0.3664,0.7623,0.1655,0.0946
0,1,0,1,1.0000,1.0000,1.0000,1.0000,0.0000
0,1,0,2,0.3835,0.4224,0.8670,0.2744,0.0884
0,1,0,3,0.9602,0.9691,0.9996,0.9560,0.0292
0,1,0,4,0.7330,0.7973,0.9660,0.6961,0.0721
0,1,0,5,0.9440,0.9677,0.9955,0.9381,0.0341
0,1,0,6,0.3811,0.4808,0.8006,0.2662,0.0956
0,1,0,7,0.4745,0.5547,0.8301,0.3813,0.0965
0,1,0,8,0.5280,0.5665,0.8844,0.4491,0.0843
0,1,0,9,0.3427,0.3835,0.7783,0.2155,0.0998
0,1,0,10,0.5561,0.6400,0.8289,0.4801,0.1017
0,1,0,11,0.4151,0.4686,0.7722,0.3047,0.0983
0,1,1,0,0.3051,0.5030,0.9014,0.1808,0.0851
0,1,1,1,0.3282,0.4076,0.8612,0.2079,0.0870
0,1,1,2,0.3896,0.4326,0.9040,0.2832,0.0879
0,1,1,3,0.3915,0.4548,0.8056,0.2817,0.0814
0,1,1,4,0.2742,0.3207,0.8492,0.1530,0.0644
0,1,1,5,0.4467,0.5352,0.9015,0.3552,0.0740
0,1,1,6,0.2150,0.2817,0.9600,0.0966,0.0454
0,1,1,7,0.2271,0.2739,0.8705,0.1017,0.0602
0,1,1,8,0.2629,0.2942,0.8831,0.1414,0.0644
0,1,1,9,0.1911,0.2268,0.9172,0.0719,0.0424
0,1,1,10,0.6542,0.6789,0.9060,0.6020,0.0990
0,1,1,11,0.9053,0.9544,0.9994,0.8949,0.0462
0,1,2,0,0.3017,0.4123,0.8535,0.1775,0.0829
0,1,2,1,0.1656,0.2115,0.9053,0.0549,0.0225
0,1,2,2,0.3036,0.6362,0.9670,0.1948,0.0576
0,1,2,3,0.3265,0.4801,0.8887,0.2022,0.0919
0,1,2,4,0.2801,0.3992,0.9004,0.1623,0.0683
0,1,2,5,0.3352,0.4335,0.8988,0.2236,0.0751
0,1,2,6,0.2506,0.2857,0.9143,0.1408,0.0440
0,1,2,7,0.5845,0.6689,0.8306,0.5157,0.1059
0,1,2,8,0.2492,0.4647,0.9261,0.1245,0.0679
0,1,2,9,0.2702,0.4933,0.9384,0.1461,0.0737
0,1,2,10,0.4170,0.5018,0.8299,0.3105,0.0948
0,1,2,11,0.2262,0.2728,0.8986,0.1109,0.0425
0,1,3,0,0.1319,0.1823,0.9261,0.0301,0.0033
0,1,3,1,0.2245,0.2645,0.9208,0.1076,0.0484
0,1,3,2,0.3107,0.5416,0.9118,0.1885,0.0808
0,1,3,3,0.2113,0.4502,0.9320,0.0903,0.0543
0,1,3,4,0.1219,0.1630,0.9165,0.0169,0.0049
0,1,3,5,0.1860,0.2329,0.8648,0.0620,0.0487
0,1,3,6,0.2931,0.4662,0.9308,0.1662,0.0856
0,1,3,7,0.2969,0.4801,0.9824,0.1835,0.0686
0,1,3,8,0.3024,0.4484,0.8769,0.1866,0.0752
0,1,3,9,0.2069,0.4052,0.9188,0.0782,0.0649
0,1,3,10,0.2910,0.3729,0.9319,0.1873,0.0421
0,1,3,11,0.2635,0.4391,0.9183,0.1402,0.0692
0,1,4,0,0.1701,0.3839,0.9942,0.0569,0.0348
0,1,4,1,0.1950,0.2802,0.8983,0.0721,0.0551
0,1,4,2,0.1432,0.1763,0.8994,0.0338,0.0154
0,1,4,3,0.1922,0.3213,0.9161,0.0652,0.0565
0,1,4,4,0.1674,0.2071,0.8947,0.0564,0.0232
0,1,4,5,0.1877,0.3594,0.8990,0.0608,0.0583
0,1,4,6,0.2109,0.2684,0.8469,0.0825,0.0613
0,1,4,7,0.7160,0.7710,0.9795,0.6758,0.0641
0,1,4,8,0.1762,0.2358,0.9014,0.0626,0.0305
0,1,4,9,0.2191,0.3424,0.8148,0.0802,0.0808
0,1,4,10,0.1460,0.1898,0.9208,0.0402,0.0111
0,1,4,11,0.1028,0.6778,0.9869,0.0014,0.0017
0,1,5,0,0.1332,0.1804,0.9261,0.0265,0.0114
0,1,5,1,0.1054,0.1504,0.9219,0.0041,0.0017
0,1,5,2,0.1824,0.2649,0.7816,0.0473,0.0641
0,1,5,3,0.1977,0.2482,0.7818,0.0673,0.0621
0,1,5,4,0.2556,0.3470,0.8626,0.1299,0.0714
0,1,5,5,0.1269,0.1741,0.9110,0.0217,0.0076
0,1,5,6,0.1582,0.2972,0.8799,0.0389,0.0394
0,1,5,7,0.1713,0.2855,0.8538,0.0522,0.0397
0,1,5,8,0.1584,0.2312,0.8933,0.0429,0.0308
0,1,5,9,0.1225,0.1669,0.9183,0.0154,0.0078
0,1,5,10,0.2327,0.3024,0.9463,0.1120,0.0586
0,1,5,11,0.2344,0.2648,0.8818,0.1250,0.0362
0,1,6,0,0.2019,0.3310,0.8087,0.0604,0.0821
0,1,6,1,0.1486,0.1922,0.8683,0.0333,0.0314
0,1,6,2,0.1548,0.1906,0.9108,0.0417,0.0235
0,1,6,3,0.2214,0.2847,0.9132,0.0943,0.0697
0,1,6,4,0.2132,0.2665,0.8764,0.0939,0.0484
0,1,6,5,0.2035,0.2428,0.8927,0.0874,0.0383
0,1,6,6,0.2534,0.3012,0.9001,0.1486,0.0335
0,1,6,7,0.2075,0.2972,0.9482,0.0854,0.0560
0,1,6,8,0.1713,0.3247,0.9093,0.0435,0.0559
0,1,6,9,0.1086,0.1546,0.9218,0.0071,0.0014
0,1,6,10,0.1376,0.1785,0.9163,0.0323,0.0076
0,1,6,11,0.1887,0.2757,0.8671,0.0684,0.0443
0,1,7,0,0.1536,0.3139,0.9001,0.0360,0.0362
0,1,7,1,0.1427,0.1957,0.9238,0.0392,0.0071
0,1,7,2,0.1066,0.1512,0.9219,0.0051,0.0017
0,1,7,3,0.1954,0.2529,0.8962,0.0741,0.0479
0,1,7,4,0.1416,0.2017,0.8861,0.0282,0.0243
0,1,7,5,0.1647,0.2123,0.8822,0.0464,0.0337
0,1,7,6,0.1491,0.2021,0.9143,0.0388,0.0186
0,1,7,7,0.1153,0.1603,0.9182,0.0119,0.0014
0,1,7,8,0.1653,0.3025,0.9259,0.0445,0.0395
0,1,7,9,0.1587,0.2069,0.8874,0.0445,0.0268
0,1,7,10,0.1098,0.1533,0.9216,0.0082,0.0017
0,1,7,11,0.1105,0.1556,0.9198,0.0079,0.0011
0,1,8,0,0.1774,0.2101,0.8889,0.0690,0.0213
0,1,8,1,0.1114,0.1549,0.9211,0.0091,0.0006
0,1,8,2,0.2213,0.2674,0.8982,0.1042,0.0478
0,1,8,3,0.1558,0.2162,0.9418,0.0464,0.0213
0,1,8,4,0.2221,0.3379,0.8762,0.1040,0.0516
0,1,8,5,0.2406,0.3323,0.8042,0.1084,0.0762
0,1,8,6,0.1433,0.1862,0.9148,0.0344,0.0176
0,1,8,7,0.1657,0.2903,0.8827,0.0501,0.0337
0,1,8,8,0.2121,0.3027,0.9442,0.0903,0.0556
0,1,8,9,0.1698,0.2248,0.9193,0.0592,0.0240
0,1,8,10,0.2204,0.2703,0.9038,0.1023,0.0456
0,1,8,11,0.1443,0.2038,0.9202,0.0283,0.0273
0,1,9,0,0.1675,0.2305,0.9320,0.0564,0.0259
0,1,9,1,0.1165,0.1603,0.9213,0.0143,0.0006
0,1,9,2,0.1150,0.1637,0.9206,0.0113,0.0016
0,1,9,3,0.2210,0.3140,0.8846,0.1025,0.0524
0,1,9,4,0.1191,0.1642,0.9193,0.0156,0.0029
0,1,9,5,0.1536,0.2079,0.9210,0.0438,0.0189
0,1,9,6,0.1089,0.1548,0.9213,0.0073,0.0013
0,1,9,7,0.1430,0.2109,0.9304,0.0270,0.0279
0,1,9,8,0.1372,0.1787,0.9209,0.0319,0.0089
0,1,9,9,0.1081,0.1528,0.9216,0.0066,0.0016
0,1,9,10,0.2446,0.3528,0.9072,0.1289,0.0557
0,1,9,11,0.1097,0.1559,0.9214,0.0072,0.0010
0,1,10,0,0.1336,0.1751,0.9191,0.0265,0.0108
0,1,10,1,0.1138,0.1584,0.9181,0.0114,0.0006
0,1,10,2,0.1188,0.1636,0.9192,0.0155,0.0019
0,1,10,3,0.1430,0.1872,0.9233,0.0372,0.0102
0,1,10,4,0.1604,0.2045,0.9035,0.0492,0.0224
0,1,10,5,0.1652,0.2392,0.9157,0.0497,0.0390
0,1,10,6,0.1131,0.1550,0.9180,0.0101,0.0013
0,1,10,7,0.1482,0.1904,0.9158,0.0410,0.0127
0,1,10,8,0.1176,0.1614,0.9174,0.0147,0.0017
0,1,10,9,0.1853,0.3313,0.9665,0.0739,0.0278
0,1,10,10,0.1100,0.1521,0.9204,0.0079,0.0011
0,1,10,11,0.1483,0.2111,0.8821,0.0410,0.0187
0,1,11,0,0.5037,0.5713,0.8450,0.4155,0.1010
0,1,11,1,0.1527,0.1948,0.9084,0.0433,0.0183
0,1,11,2,0.1287,0.1610,0.9105,0.0246,0.0043
0,1,11,3,0.2587,0.3234,0.8890,0.1400,0.0627
0,1,11,4,0.1684,0.1951,0.8962,0.0544,0.0284
0,1,11,5,0.1399,0.1788,0.9183,0.0351,0.0079
0,1,11,6,0.1146,0.1566,0.9160,0.0117,0.0010
0,1,11,7,0.1644,0.2056,0.8940,0.0570,0.0175
0,1,11,8,0.6955,0.6797,0.9539,0.6514,0.0822
0,1,11,9,0.1176,0.1615,0.9171,0.0149,0.0014
0,1,11,10,0.2650,0.2963,0.8735,0.1510,0.0524
0,1,11,11,0.2068,0.2820,0.8905,0.0867,0.0502
0,2,0,0,0.8993,0.9098,0.9834,0.8661,0.0119
0,2,0,1,0.3835,0.4224,0.8670,0.2744,0.0884
0,2,0,2,1.0000,1.0000,1.0000,1.0000,0.0000
0,2,0,3,0.4908,0.4933,0.8532,0.3849,0.0637
0,2,0,4,0.6784,0.6811,0.9664,0.5853,0.0227
0,2,0,5,0.4857,0.4970,0.8161,0.3743,0.0559
0,2,0,6,0.9040,0.9281,0.9927,0.8724,0.0129
0,2,0,7,0.8768,0.8968,0.9976,0.8363,0.0122
0,2,0,8,0.8909,0.9231,0.9994,0.8567,0.0108
0,2,0,9,0.9368,0.9478,0.9877,0.9162,0.0159
0,2,0,10,0.8947,0.9023,0.9974,0.8591,0.0149
0,2,0,11,0.9318,0.9394,0.9861,0.9094,0.0152
0,2,1,0,0.8474,0.8903,0.9973,0.8004,0.0097
0,2,1,1,0.9116,0.9461,0.9999,0.8841,0.0068
0,2,1,2,0.9349,0.9454,0.9968,0.9149,0.0081
0,2,1,3,0.8539,0.8437,0.9937,0.8069,0.0267
0,2,1,4,0.8831,0.8913,0.9994,0.8510,0.0284
0,2,1,5,0.9201,0.9106,0.9973,0.8974,0.0186
0,2,1,6,0.8583,0.8728,0.9718,0.8269,0.0430
0,2,1,7,0.8910,0.8958,1.0000,0.8632,0.0286
0,2,1,8,0.8948,0.9033,0.9994,0.8668,0.0243
0,2,1,9,0.8473,0.8418,0.9938,0.8149,0.0460
0,2,1,10,0.5227,0.7120,0.9964,0.3649,0.0198
0,2,1,11,0.5667,0.5369,0.8487,0.4656,0.0492
0,2,2,0,0.8940,0.9216,0.9996,0.8616,0.0116
0,2,2,1,0.7975,0.7988,0.9966,0.7623,0.0659
0,2,2,2,0.6706,0.7848,0.9653,0.5862,0.0343
0,2,2,3,0.8569,0.8723,0.9990,0.8107,0.0102
0,2,2,4,0.8336,0.9043,0.9974,0.7890,0.0249
0,2,2,5,0.8315,0.8909,0.9977,0.7836,0.0190
0,2,2,6,0.8378,0.8502,0.9945,0.8033,0.0460
0,2,2,7,0.8606,0.8529,0.9976,0.8125,0.0187
0,2,2,8,0.7071,0.8472,0.9909,0.6261,0.0233
0,2,2,9,0.8039,0.8209,0.9858,0.7478,0.0186
0,2,2,10,0.9170,0.9310,0.9975,0.8898,0.0092
0,2,2,11,0.8296,0.8290,0.9977,0.7918,0.0462
0,2,3,0,0.7345,0.7450,0.9909,0.6971,0.0851
0,2,3,1,0.8483,0.8614,0.9927,0.8144,0.0400
0,2,3,2,0.7585,0.8046,0.9952,0.6847,0.0156
0,2,3,3,0.7644,0.8592,0.9887,0.7073,0.0398
0,2,3,4,0.7468,0.7485,0.9940,0.7100,0.0835
0,2,3,5,0.8450,0.8586,1.0000,0.8095,0.0397
0,2,3,6,0.8656,0.8925,0.9892,0.8242,0.0108
0,2,3,7,0.7800,0.7942,0.9448,0.7216,0.0221
0,2,3,8,0.8562,0.9038,0.9998,0.8167,0.0303
0,2,3,9,0.7711,0.8103,0.9933,0.7105,0.0337
0,2,3,10,0.8333,0.8418,0.9887,0.7977,0.0463
0,2,3,11,0.7445,0.8505,0.9934,0.6730,0.0224
0,2,4,0,0.5875,0.7930,0.9156,0.5003,0.0597
0,2,4,1,0.8435,0.8835,0.9978,0.8074,0.0368
0,2,4,2,0.7647,0.7611,0.9976,0.7256,0.0730
0,2,4,3,0.8338,0.8607,0.9941,0.7930,0.0341
0,2,4,4,0.7867,0.7891,0.9983,0.7485,0.0652
0,2,4,5,0.8307,0.8872,0.9977,0.7896,0.0365
0,2,4,6,0.8808,0.8827,0.9992,0.8501,0.0271
0,2,4,7,0.7984,0.7866,0.9496,0.7453,0.0290
0,2,4,8,0.8025,0.8165,0.9973,0.7649,0.0579
0,2,4,9,0.8483,0.8922,0.9953,0.8028,0.0114
0,2,4,10,0.7639,0.7704,0.9927,0.7274,0.0773
0,2,4,11,0.4557,0.6855,0.7753,0.3639,0.0902
0,2,5,0,0.7625,0.7610,0.9909,0.7263,0.0770
0,2,5,1,0.7230,0.7285,0.9924,0.6866,0.0902
0,2,5,2,0.8066,0.8264,0.9885,0.7545,0.0287
0,2,5,3,0.8428,0.8591,0.9885,0.8019,0.0311
0,2,5,4,0.8584,0.8721,1.0000,0.8187,0.0211
0,2,5,5,0.7453,0.7528,0.9953,0.7075,0.0808
0,2,5,6,0.7857,0.8224,0.9997,0.7416,0.0519
0,2,5,7,0.7740,0.7960,0.9997,0.7256,0.0529
0,2,5,8,0.7812,0.7868,0.9985,0.7390,0.0598
0,2,5,9,0.7565,0.7539,0.9935,0.7198,0.0806
0,2,5,10,0.8575,0.8820,0.9816,0.8227,0.0343
0,2,5,11,0.8214,0.8273,0.9995,0.7850,0.0522
0,2,6,0,0.8199,0.8634,0.9943,0.7663,0.0260
0,2,6,1,0.7838,0.7877,1.0000,0.7434,0.0586
0,2,6,2,0.7966,0.7927,0.9954,0.7604,0.0649
0,2,6,3,0.8968,0.9034,0.9948,0.8703,0.0254
0,2,6,4,0.8356,0.8541,0.9998,0.7979,0.0413
0,2,6,5,0.8357,0.8342,0.9985,0.8013,0.0502
0,2,6,6,0.8065,0.8171,0.9975,0.7681,0.0565
0,2,6,7,0.8536,0.8648,0.9804,0.8194,0.0384
0,2,6,8,0.8445,0.8856,0.9957,0.8081,0.0386
0,2,6,9,0.7256,0.7318,0.9924,0.6892,0.0898
0,2,6,10,0.7547,0.7559,0.9940,0.7177,0.0808
0,2,6,11,0.8256,0.8651,1.0000,0.7874,0.0460
0,2,7,0,0.7737,0.8115,0.9975,0.7286,0.0563
0,2,7,1,0.7450,0.7508,0.9917,0.7069,0.0813
0,2,7,2,0.7239,0.7293,0.9924,0.6874,0.0902
0,2,7,3,0.8513,0.8502,0.9981,0.8183,0.0405
0,2,7,4,0.7734,0.7893,0.9992,0.7330,0.0641
0,2,7,5,0.8064,0.8081,0.9995,0.7674,0.0548
0,2,7,6,0.7846,0.7883,0.9945,0.7485,0.0698
0,2,7,7,0.7354,0.7404,0.9935,0.6985,0.0876
0,2,7,8,0.8136,0.8111,0.9910,0.7745,0.0489
0,2,7,9,0.8067,0.8135,0.9991,0.7716,0.0616
0,2,7,10,0.7250,0.7303,0.9925,0.6883,0.0902
0,2,7,11,0.7309,0.7352,0.9930,0.6943,0.0889
0,2,8,0,0.7704,0.7773,0.9990,0.7296,0.0678
0,2,8,1,0.7293,0.7332,0.9926,0.6926,0.0890
0,2,8,2,0.8543,0.8621,0.9978,0.8220,0.0406
0,2,8,3,0.7855,0.7916,0.9841,0.7496,0.0706
0,2,8,4,0.8153,0.8331,0.9998,0.7723,0.0422
0,2,8,5,0.8797,0.9094,0.9934,0.8446,0.0157
0,2,8,6,0.7710,0.7672,0.9944,0.7337,0.0708
0,2,8,7,0.7723,0.8007,0.9995,0.7271,0.0573
0,2,8,8,0.8446,0.8667,0.9828,0.8078,0.0367
0,2,8,9,0.7900,0.7879,0.9932,0.7525,0.0644
0,2,8,10,0.8513,0.8490,0.9968,0.8178,0.0432
0,2,8,11,0.7982,0.8031,0.9929,0.7611,0.0611
0,2,9,0,0.7902,0.7986,0.9887,0.7526,0.0625
0,2,9,1,0.7328,0.7376,0.9925,0.6963,0.0881
0,2,9,2,0.7363,0.7408,0.9927,0.6993,0.0868
0,2,9,3,0.8322,0.8594,0.9993,0.7933,0.0398
0,2,9,4,0.7348,0.7412,0.9931,0.6973,0.0856
0,2,9,5,0.7834,0.7842,0.9927,0.7470,0.0695
0,2,9,6,0.7257,0.7313,0.9925,0.6891,0.0897
0,2,9,7,0.8057,0.8073,0.9893,0.7705,0.0605
0,2,9,8,0.7635,0.7634,0.9927,0.7283,0.0795
0,2,9,9,0.7245,0.7302,0.9924,0.6879,0.0900
0,2,9,10,0.8474,0.8960,0.9962,0.8119,0.0368
0,2,9,11,0.7305,0.7352,0.9925,0.6941,0.0890
0,2,10,0,0.7566,0.7577,0.9932,0.7188,0.0776
0,2,10,1,0.7298,0.7345,0.9935,0.6928,0.0887
0,2,10,2,0.7390,0.7446,0.9932,0.7026,0.0868
0,2,10,3,0.7630,0.7662,0.9919,0.7267,0.0783
0,2,10,4,0.7979,0.7958,0.9969,0.7628,0.0660
0,2,10,5,0.7981,0.8456,0.9942,0.7591,0.0503
0,2,10,6,0.7307,0.7351,0.9935,0.6934,0.0881
0,2,10,7,0.7682,0.7653,0.9942,0.7312,0.0757
0,2,10,8,0.7336,0.7381,0.9937,0.6965,0.0873
0,2,10,9,0.7796,0.7756,0.9659,0.7373,0.0606
0,2,10,10,0.7276,0.7314,0.9928,0.6908,0.0895
0,2,10,11,0.7108,0.7241,0.9995,0.6610,0.0741
0,2,11,0,0.8735,0.8875,0.9991,0.8308,0.0144
0,2,11,1,0.7761,0.7761,0.9959,0.7385,0.0702
0,2,11,2,0.7376,0.7382,0.9955,0.6991,0.0841
0,2,11,3,0.8528,0.8741,0.9989,0.8152,0.0295
0,2,11,4,0.7953,0.7831,0.9981,0.7566,0.0600
0,2,11,5,0.7520,0.7537,0.9934,0.7146,0.0805
0,2,11,6,0.7308,0.7347,0.9941,0.6935,0.0884
0,2,11,7,0.7586,0.7626,0.9984,0.7174,0.0710
0,2,11,8,0.5373,0.7488,0.9766,0.3988,0.0176
0,2,11,9,0.7338,0.7384,0.9938,0.6969,0.0876
0,2,11,10,0.8594,0.8664,0.9999,0.8259,0.0363
0,2,11,11,0.8316,0.8548,0.9988,0.7931,0.0411
0,3,0,0,0.4254,0.4393,0.7445,0.2975,0.0702
0,3,0,1,0.9602,0.9691,0.9996,0.9560,0.0292
0,3,0,2,0.4908,0.4933,0.8532,0.3849,0.0637
0,3,0,3,1.0000,1.0000,1.0000,1.0000,0.0000
0,3,0,4,0.8504,0.8805,0.9586,0.8257,0.0463
0,3,0,5,0.9869,0.9936,0.9977,0.9848,0.0087
0,3,0,6,0.5055,0.5579,0.7840,0.3984,0.0705
0,3,0,7,0.5468,0.6065,0.8147,0.4503,0.0714
0,3,0,8,0.5696,0.6220,0.8714,0.4816,0.0595
0,3,0,9,0.4465,0.4493,0.7610,0.3214,0.0757
0,3,0,10,0.6624,0.6968,0.8135,0.5938,0.0773
0,3,0,11,0.5089,0.5274,0.7546,0.3994,0.0738
0,3,1,0,0.4300,0.5772,0.8893,0.3112,0.0603
0,3,1,1,0.4327,0.4780,0.8470,0.3139,0.0622
0,3,1,2,0.4897,0.4947,0.8920,0.3849,0.0632
0,3,1,3,0.4829,0.5118,0.7892,0.3728,0.0525
0,3,1,4,0.3850,0.3911,0.8345,0.2653,0.0441
0,3,1,5,0.5433,0.5981,0.8894,0.4539,0.0489
0,3,1,6,0.3262,0.3471,0.9521,0.2082,0.0238
0,3,1,7,0.3474,0.3487,0.8568,0.2243,0.0392
0,3,1,8,0.3735,0.3652,0.8700,0.2531,0.0416
0,3,1,9,0.3018,0.2916,0.9060,0.1824,0.0237
0,3,1,10,0.6687,0.6811,0.8941,0.6027,0.0746
0,3,1,11,0.9615,0.9842,1.0000,0.9557,0.0176
0,3,2,0,0.4099,0.4840,0.8390,0.2874,0.0578
0,3,2,1,0.2716,0.2725,0.8935,0.1598,0.0162
0,3,2,2,0.3689,0.6950,0.9597,0.2537,0.0310
0,3,2,3,0.4411,0.5499,0.8759,0.3207,0.0678
0,3,2,4,0.3840,0.4704,0.8883,0.2665,0.0419
0,3,2,5,0.4302,0.5034,0.8866,0.3180,0.0490
0,3,2,6,0.3450,0.3534,0.9030,0.2333,0.0189
0,3,2,7,0.6619,0.6993,0.8152,0.5932,0.0808
0,3,2,8,0.3495,0.5337,0.9155,0.2236,0.0419
0,3,2,9,0.3934,0.5785,0.9287,0.2732,0.0479
0,3,2,10,0.5435,0.5790,0.8145,0.4460,0.0703
0,3,2,11,0.3321,0.3372,0.8863,0.2164,0.0270
0,3,3,0,0.2298,0.2401,0.9155,0.1257,0.0259
0,3,3,1,0.3293,0.3323,0.9098,0.2119,0.0246
0,3,3,2,0.3844,0.5991,0.9003,0.2564,0.0557
0,3,3,3,0.2838,0.5120,0.9218,0.1560,0.0273
0,3,3,4,0.2196,0.2189,0.9053,0.1120,0.0243
0,3,3,5,0.3051,0.3032,0.8509,0.1822,0.0252
0,3,3,6,0.4159,0.5408,0.9205,0.2939,0.0602
0,3,3,7,0.3858,0.5489,0.9770,0.2700,0.0438
0,3,3,8,0.3783,0.5266,0.8635,0.2575,0.0486
0,3,3,9,0.3085,0.4788,0.9077,0.1781,0.0376
0,3,3,10,0.3968,0.4403,0.9218,0.2940,0.0205
0,3,3,11,0.3794,0.5188,0.9072,0.2585,0.0425
0,3,4,0,0.2385,0.4342,0.9909,0.1182,0.0090
0,3,4,1,0.3116,0.3571,0.8860,0.1896,0.0297
0,3,4,2,0.2433,0.2358,0.8872,0.1317,0.0205
0,3,4,3,0.3115,0.3976,0.9049,0.1859,0.0314
0,3,4,4,0.2711,0.2692,0.8822,0.1587,0.0178
0,3,4,5,0.3058,0.4388,0.8868,0.1801,0.0303
0,3,4,6,0.3350,0.3484,0.8322,0.2093,0.0368
0,3,4,7,0.8029,0.8283,0.9737,0.7684,0.0381
0,3,4,8,0.2871,0.3050,0.8893,0.1732,0.0143
0,3,4,9,0.3455,0.4205,0.7987,0.2105,0.0554
0,3,4,10,0.2428,0.2483,0.9098,0.1345,0.0184
0,3,4,11,0.1770,0.7270,0.9909,0.0697,0.0310
0,3,5,0,0.2330,0.2375,0.9155,0.1240,0.0181
0,3,5,1,0.2020,0.2037,0.9110,0.0979,0.0310
0,3,5,2,0.3034,0.3415,0.7644,0.1700,0.0384
0,3,5,3,0.3170,0.3236,0.7646,0.1882,0.0348
0,3,5,4,0.3773,0.4258,0.8486,0.2550,0.0454
0,3,5,5,0.2208,0.2326,0.8995,0.1125,0.0216
0,3,5,6,0.2662,0.3711,0.8667,0.1457,0.0124
0,3,5,7,0.2693,0.3542,0.8394,0.1475,0.0117
0,3,5,8,0.2484,0.2958,0.8807,0.1289,0.0108
0,3,5,9,0.2226,0.2234,0.9072,0.1131,0.0217
0,3,5,10,0.3561,0.3794,0.9371,0.2383,0.0316
0,3,5,11,0.3291,0.3289,0.8687,0.2177,0.0162
0,3,6,0,0.3190,0.4014,0.7925,0.1790,0.0560
0,3,6,1,0.2544,0.2566,0.8545,0.1374,0.0092
0,3,6,2,0.2599,0.2533,0.8992,0.1453,0.0187
0,3,6,3,0.3446,0.3632,0.9018,0.2204,0.0437
0,3,6,4,0.3252,0.3390,0.8630,0.2063,0.0237
0,3,6,5,0.3144,0.3091,0.8801,0.1984,0.0233
0,3,6,6,0.3455,0.3630,0.8880,0.2389,0.0122
0,3,6,7,0.3349,0.3754,0.9392,0.2159,0.0284
0,3,6,8,0.2998,0.4059,0.8977,0.1746,0.0283
0,3,6,9,0.2051,0.2082,0.9109,0.1008,0.0306
0,3,6,10,0.2379,0.2366,0.9051,0.1305,0.0219
0,3,6,11,0.2995,0.3498,0.8533,0.1790,0.0176
0,3,7,0,0.2400,0.3769,0.8879,0.1177,0.0102
0,3,7,1,0.2424,0.2569,0.9130,0.1369,0.0224
0,3,7,2,0.2031,0.2049,0.9110,0.0988,0.0310
0,3,7,3,0.3190,0.3262,0.8839,0.1999,0.0257
0,3,7,4,0.2536,0.2688,0.8731,0.1395,0.0084
0,3,7,5,0.2763,0.2830,0.8690,0.1575,0.0200
0,3,7,6,0.2576,0.2642,0.9030,0.1463,0.0167
0,3,7,7,0.2136,0.2158,0.9072,0.1077,0.0284
0,3,7,8,0.2821,0.3825,0.9153,0.1617,0.0176
0,3,7,9,0.2647,0.2718,0.8745,0.1491,0.0154
0,3,7,10,0.2056,0.2070,0.9107,0.1012,0.0310
0,3,7,11,0.2080,0.2097,0.9088,0.1027,0.0297
0,3,8,0,0.2678,0.2716,0.8761,0.1562,0.0146
0,3,8,1,0.2086,0.2090,0.9102,0.1036,0.0298
0,3,8,2,0.3379,0.3370,0.8859,0.2221,0.0256
0,3,8,3,0.2589,0.2788,0.9323,0.1479,0.0111
0,3,8,4,0.3209,0.4087,0.8628,0.2010,0.0237
0,3,8,5,0.3592,0.4142,0.7878,0.2295,0.0514
0,3,8,6,0.2471,0.2446,0.9035,0.1366,0.0122
0,3,8,7,0.2556,0.3553,0.8696,0.1362,0.0114
0,3,8,8,0.3157,0.3817,0.9349,0.1927,0.0286
0,3,8,9,0.2786,0.2926,0.9083,0.1673,0.0119
0,3,8,10,0.3280,0.3370,0.8919,0.2098,0.0240
0,3,8,11,0.2532,0.2673,0.9092,0.1360,0.0111
0,3,9,0,0.2635,0.2932,0.9218,0.1496,0.0113
0,3,9,1,0.2131,0.2146,0.9104,0.1082,0.0289
0,3,9,2,0.2138,0.2196,0.9097,0.1075,0.0276
0,3,9,3,0.3248,0.3836,0.8716,0.2054,0.0254
0,3,9,4,0.2166,0.2199,0.9083,0.1105,0.0263
0,3,9,5,0.2593,0.2703,0.9100,0.1482,0.0148
0,3,9,6,0.2058,0.2091,0.9105,0.1015,0.0305
0,3,9,7,0.2562,0.2735,0.9202,0.1397,0.0086
0,3,9,8,0.2378,0.2359,0.9099,0.1303,0.0203
0,3,9,9,0.2047,0.2066,0.9108,0.1004,0.0308
0,3,9,10,0.3631,0.4308,0.8955,0.2496,0.0281
0,3,9,11,0.2074,0.2101,0.9105,0.1023,0.0298
0,3,10,0,0.2317,0.2336,0.9081,0.1220,0.0197
0,3,10,1,0.2112,0.2135,0.9070,0.1061,0.0295
0,3,10,2,0.2164,0.2188,0.9082,0.1105,0.0276
0,3,10,3,0.2408,0.2452,0.9125,0.1325,0.0194
0,3,10,4,0.2649,0.2664,0.8916,0.1521,0.0132
0,3,10,5,0.2791,0.3128,0.9045,0.1635,0.0146
0,3,10,6,0.2097,0.2103,0.9069,0.1039,0.0289
0,3,10,7,0.2478,0.2488,0.9045,0.1384,0.0194
0,3,10,8,0.2157,0.2169,0.9062,0.1102,0.0281
0,3,10,9,0.2930,0.4090,0.9592,0.1809,0.0138
0,3,10,10,0.2062,0.2062,0.9094,0.1013,0.0303
0,3,10,11,0.2220,0.2650,0.8690,0.1088,0.0117
0,3,11,0,0.5892,0.6341,0.8302,0.5016,0.0759
0,3,11,1,0.2569,0.2559,0.8967,0.1461,0.0173
0,3,11,2,0.2224,0.2172,0.8989,0.1154,0.0256
0,3,11,3,0.3527,0.3974,0.8762,0.2319,0.0373
0,3,11,4,0.2699,0.2568,0.8838,0.1540,0.0217
0,3,11,5,0.2348,0.2358,0.9072,0.1273,0.0216
0,3,11,6,0.2119,0.2117,0.9048,0.1063,0.0292
0,3,11,7,0.2656,0.2689,0.8815,0.1565,0.0171
0,3,11,8,0.6788,0.6836,0.9454,0.6172,0.0562
0,3,11,9,0.2152,0.2170,0.9059,0.1098,0.0284
0,3,11,10,0.3681,0.3668,0.8600,0.2539,0.0283
0,3,11,11,0.3106,0.3512,0.8778,0.1893,0.0238
0,4,0,0,0.7146,0.6849,0.9037,0.6272,0.0267
0,4,0,1,0.7330,0.7973,0.9660,0.6961,0.0721
0,4,0,2,0.6784,0.6811,0.9664,0.5853,0.0227
0,4,0,3,0.8504,0.8805,0.9586,0.8257,0.0463
0,4,0,4,1.0000,1.0000,1.0000,1.0000,0.0000
0,4,0,5,0.8421,0.8741,0.9372,0.8136,0.0386
0,4,0,6,0.7450,0.7415,0.9283,0.6674,0.0260
0,4,0,7,0.7523,0.7770,0.9460,0.6773,0.0279
0,4,0,8,0.6648,0.7912,0.9750,0.5674,0.0157
0,4,0,9,0.6895,0.6655,0.9142,0.5919,0.0341
0,4,0,10,0.8271,0.8210,0.9454,0.7739,0.0341
0,4,0,11,0.7315,0.7148,0.9102,0.6471,0.0325
0,4,1,0,0.7247,0.7749,0.9827,0.6459,0.0197
0,4,1,1,0.6859,0.7013,0.9633,0.5954,0.0206
0,4,1,2,0.6947,0.6780,0.9838,0.6078,0.0257
0,4,1,3,0.6729,0.6694,0.9314,0.5757,0.0230
0,4,1,4,0.6343,0.6039,0.9568,0.5382,0.0267
0,4,1,5,0.6640,0.7190,0.9827,0.5731,0.0092
0,4,1,6,0.5672,0.5426,0.9998,0.4673,0.0267
0,4,1,7,0.6066,0.5728,0.9681,0.5073,0.0259
0,4,1,8,0.6140,0.5804,0.9744,0.5143,0.0222
0,4,1,9,0.5454,0.4967,0.9890,0.4435,0.0300
0,4,1,10,0.6911,0.7098,0.9846,0.5973,0.0352
0,4,1,11,0.8534,0.8833,0.9562,0.8230,0.0290
0,4,2,0,0.6571,0.6771,0.9592,0.5597,0.0156
0,4,2,1,0.5065,0.4731,0.9844,0.4094,0.0495
0,4,2,2,0.6377,0.8285,1.0000,0.5498,0.0154
0,4,2,3,0.7119,0.7575,0.9770,0.6262,0.0265
0,4,2,4,0.6603,0.7058,0.9823,0.5732,0.0130
0,4,2,5,0.6350,0.7164,0.9816,0.5373,0.0141
0,4,2,6,0.5744,0.5621,0.9879,0.4795,0.0287
0,4,2,7,0.8295,0.8100,0.9464,0.7771,0.0363
0,4,2,8,0.6602,0.7406,0.9921,0.5718,0.0124
0,4,2,9,0.6950,0.7865,0.9958,0.6132,0.0108
0,4,2,10,0.7873,0.7777,0.9459,0.7231,0.0275
0,4,2,11,0.5672,0.5354,0.9815,0.4687,0.0317
0,4,3,0,0.4445,0.4267,0.9921,0.3503,0.0687
0,4,3,1,0.5694,0.5421,0.9903,0.4701,0.0243
0,4,3,2,0.6425,0.7645,0.9870,0.5411,0.0138
0,4,3,3,0.5891,0.7037,0.9940,0.4922,0.0216
0,4,3,4,0.4446,0.4128,0.9887,0.3479,0.0671
0,4,3,5,0.5583,0.5212,0.9652,0.4552,0.0262
0,4,3,6,0.7038,0.7457,0.9937,0.6189,0.0183
0,4,3,7,0.6430,0.7294,0.9973,0.5528,0.0156
0,4,3,8,0.6000,0.7340,0.9714,0.4952,0.0190
0,4,3,9,0.6113,0.7043,0.9896,0.5134,0.0160
0,4,3,10,0.6063,0.6131,0.9940,0.5186,0.0300
0,4,3,11,0.6924,0.7570,0.9894,0.6115,0.0092
0,4,4,0,0.5038,0.6080,0.9882,0.4025,0.0405
0,4,4,1,0.5811,0.5850,0.9813,0.4831,0.0205
0,4,4,2,0.4703,0.4336,0.9818,0.3705,0.0567
0,4,4,3,0.5928,0.6165,0.9886,0.4941,0.0178
0,4,4,4,0.5051,0.4702,0.9798,0.4070,0.0489
0,4,4,5,0.5787,0.6457,0.9817,0.4775,0.0183
0,4,4,6,0.6104,0.5844,0.9556,0.5120,0.0194
0,4,4,7,0.8771,0.8830,0.9983,0.8464,0.0114
0,4,4,8,0.5191,0.5102,0.9827,0.4197,0.0416
0,4,4,9,0.6346,0.6523,0.9370,0.5324,0.0119
0,4,4,10,0.4630,0.4414,0.9903,0.3655,0.0610
0,4,4,11,0.4380,0.8189,0.9116,0.3470,0.0738
0,4,5,0,0.4548,0.4282,0.9921,0.3565,0.0606
0,4,5,1,0.4207,0.3927,0.9907,0.3263,0.0738
0,4,5,2,0.5930,0.5924,0.9163,0.4886,0.0086
0,4,5,3,0.5843,0.5633,0.9164,0.4795,0.0125
0,4,5,4,0.6429,0.6478,0.9641,0.5481,0.0102
0,4,5,5,0.4437,0.4274,0.9866,0.3459,0.0644
0,4,5,6,0.5375,0.5941,0.9728,0.4387,0.0343
0,4,5,7,0.5224,0.5598,0.9594,0.4185,0.0352
0,4,5,8,0.4863,0.5019,0.9791,0.3805,0.0425
0,4,5,9,0.4522,0.4178,0.9894,0.3545,0.0643
0,4,5,10,0.6084,0.5857,0.9977,0.5132,0.0170
0,4,5,11,0.5438,0.5242,0.9737,0.4451,0.0359
0,4,6,0,0.6052,0.6177,0.9333,0.4955,0.0192
0,4,6,1,0.5121,0.4714,0.9670,0.4135,0.0413
0,4,6,2,0.4923,0.4562,0.9865,0.3912,0.0486
0,4,6,3,0.6016,0.5913,0.9875,0.5005,0.0170
0,4,6,4,0.5605,0.5525,0.9711,0.4583,0.0246
0,4,6,5,0.5579,0.5177,0.9788,0.4602,0.0344
0,4,6,6,0.5455,0.5333,0.9821,0.4496,0.0386
0,4,6,7,0.6000,0.5958,0.9981,0.5053,0.0208
0,4,6,8,0.5974,0.6377,0.9860,0.5022,0.0210
0,4,6,9,0.4231,0.3969,0.9907,0.3285,0.0735
0,4,6,10,0.4601,0.4286,0.9887,0.3639,0.0644
0,4,6,11,0.5483,0.5599,0.9664,0.4463,0.0287
0,4,7,0,0.4853,0.5648,0.9821,0.3777,0.0381
0,4,7,1,0.4650,0.4496,0.9914,0.3711,0.0649
0,4,7,2,0.4224,0.3945,0.9907,0.3278,0.0738
0,4,7,3,0.5783,0.5496,0.9804,0.4813,0.0251
0,4,7,4,0.4952,0.4794,0.9758,0.3963,0.0478
0,4,7,5,0.5255,0.5035,0.9739,0.4242,0.0384
0,4,7,6,0.4937,0.4639,0.9879,0.3968,0.0535
0,4,7,7,0.4359,0.4080,0.9894,0.3405,0.0713
0,4,7,8,0.5454,0.6021,0.9921,0.4459,0.0325
0,4,7,9,0.5035,0.4835,0.9764,0.4028,0.0452
0,4,7,10,0.4237,0.3956,0.9906,0.3290,0.0738
0,4,7,11,0.4288,0.3996,0.9900,0.3336,0.0725
0,4,8,0,0.4866,0.4630,0.9771,0.3861,0.0508
0,4,8,1,0.4280,0.3976,0.9904,0.3329,0.0727
0,4,8,2,0.5972,0.5527,0.9813,0.5046,0.0243
0,4,8,3,0.4815,0.4717,0.9967,0.3821,0.0533
0,4,8,4,0.5694,0.6121,0.9710,0.4692,0.0240
0,4,8,5,0.6346,0.6511,0.9305,0.5344,0.0111
0,4,8,6,0.4795,0.4375,0.9881,0.3823,0.0544
0,4,8,7,0.4854,0.5481,0.9742,0.3781,0.0390
0,4,8,8,0.5662,0.5935,0.9973,0.4631,0.0181
0,4,8,9,0.5134,0.4958,0.9898,0.4172,0.0481
0,4,8,10,0.5727,0.5450,0.9837,0.4736,0.0265
0,4,8,11,0.5014,0.4695,0.9901,0.4005,0.0448
0,4,9,0,0.4873,0.4798,0.9940,0.3852,0.0462
0,4,9,1,0.4324,0.4050,0.9905,0.3376,0.0717
0,4,9,2,0.4362,0.4105,0.9903,0.3404,0.0705
0,4,9,3,0.5824,0.5917,0.9751,0.4850,0.0216
0,4,9,4,0.4378,0.4114,0.9898,0.3421,0.0692
0,4,9,5,0.4878,0.4651,0.9904,0.3895,0.0532
0,4,9,6,0.4259,0.3997,0.9905,0.3316,0.0733
0,4,9,7,0.5002,0.4760,0.9935,0.3993,0.0441
0,4,9,8,0.4608,0.4292,0.9903,0.3647,0.0632
0,4,9,9,0.4238,0.3960,0.9906,0.3292,0.0737
0,4,9,10,0.5805,0.6422,0.9851,0.4817,0.0217
0,4,9,11,0.4284,0.4002,0.9906,0.3334,0.0727
0,4,10,0,0.4603,0.4266,0.9897,0.3625,0.0613
0,4,10,1,0.4318,0.4046,0.9893,0.3369,0.0724
0,4,10,2,0.4379,0.4112,0.9898,0.3425,0.0705
0,4,10,3,0.4660,0.4415,0.9912,0.3696,0.0619
0,4,10,4,0.5032,0.4662,0.9836,0.4055,0.0497
0,4,10,5,0.5075,0.5380,0.9885,0.4052,0.0356
0,4,10,6,0.4307,0.4011,0.9893,0.3351,0.0717
0,4,10,7,0.4707,0.4407,0.9885,0.3728,0.0594
0,4,10,8,0.4370,0.4084,0.9891,0.3420,0.0710
0,4,10,9,0.5120,0.5979,1.0000,0.4121,0.0443
0,4,10,10,0.4254,0.3958,0.9902,0.3303,0.0732
0,4,10,11,0.4363,0.4503,0.9739,0.3314,0.0568
0,4,11,0,0.7583,0.7917,0.9545,0.6832,0.0308
0,4,11,1,0.4888,0.4567,0.9856,0.3915,0.0538
0,4,11,2,0.4434,0.4097,0.9864,0.3467,0.0678
0,4,11,3,0.6118,0.6089,0.9772,0.5150,0.0154
0,4,11,4,0.4991,0.4584,0.9804,0.3962,0.0437
0,4,11,5,0.4582,0.4290,0.9894,0.3620,0.0641
0,4,11,6,0.4321,0.4021,0.9886,0.3366,0.0721
0,4,11,7,0.4821,0.4628,0.9795,0.3839,0.0546
0,4,11,8,0.6591,0.7177,0.9991,0.5641,0.0159
0,4,11,9,0.4359,0.4083,0.9890,0.3408,0.0713
0,4,11,10,0.6047,0.5913,0.9697,0.5100,0.0197
0,4,11,11,0.5497,0.5714,0.9778,0.4452,0.0232
0,5,0,0,0.4428,0.4489,0.6977,0.3144,0.0624
0,5,0,1,0.9440,0.9677,0.9955,0.9381,0.0341
0,5,0,2,0.4857,0.4970,0.8161,0.3743,0.0559
0,5,0,3,0.9869,0.9936,0.9977,0.9848,0.0087
0,5,0,4,0.8421,0.8741,0.9372,0.8136,0.0386
0,5,0,5,1.0000,1.0000,1.0000,1.0000,0.0000
0,5,0,6,0.5199,0.5645,0.7403,0.4119,0.0627
0,5,0,7,0.5213,0.6050,0.7737,0.4139,0.0637
0,5,0,8,0.5437,0.6265,0.8363,0.4457,0.0517
0,5,0,9,0.4607,0.4576,0.7155,0.3342,0.0679
0,5,0,10,0.6853,0.7056,0.7724,0.6189,0.0695
0,5,0,11,0.5224,0.5343,0.7087,0.4117,0.0660
0,5,1,0,0.4210,0.5776,0.8564,0.2957,0.0525
0,5,1,1,0.4383,0.4795,0.8092,0.3162,0.0544
0,5,1,2,0.4907,0.4952,0.8595,0.3820,0.0554
0,5,1,3,0.5143,0.5222,0.7460,0.4074,0.0479
0,5,1,4,0.4064,0.3963,0.7955,0.2869,0.0367
0,5,1,5,0.5563,0.6005,0.8566,0.4661,0.0411
0,5,1,6,0.3518,0.3556,0.9293,0.2345,0.0173
0,5,1,7,0.3662,0.3542,0.8201,0.2427,0.0317
0,5,1,8,0.3917,0.3707,0.8348,0.2709,0.0338
0,5,1,9,0.3271,0.2991,0.8754,0.2084,0.0184
0,5,1,10,0.6807,0.6949,0.8619,0.6140,0.0668
0,5,1,11,0.9814,0.9899,0.9983,0.9785,0.0130
0,5,2,0,0.4159,0.4877,0.8004,0.2902,0.0500
0,5,2,1,0.2978,0.2814,0.8611,0.1867,0.0189
0,5,2,2,0.3383,0.6945,0.9386,0.2133,0.0241
0,5,2,3,0.4449,0.5526,0.8414,0.3207,0.0600
0,5,2,4,0.3767,0.4733,0.8553,0.2536,0.0341
0,5,2,5,0.4169,0.5044,0.8533,0.2978,0.0413
0,5,2,6,0.3556,0.3602,0.8720,0.2422,0.0114
0,5,2,7,0.6690,0.7024,0.7743,0.5979,0.0730
0,5,2,8,0.3274,0.5398,0.8863,0.1926,0.0341
0,5,2,9,0.3745,0.5763,0.9016,0.2460,0.0402
0,5,2,10,0.5564,0.5790,0.7735,0.4579,0.0625
0,5,2,11,0.3600,0.3440,0.8531,0.2457,0.0233
0,5,3,0,0.2647,0.2516,0.8863,0.1625,0.0308
0,5,3,1,0.3530,0.3395,0.8798,0.2360,0.0178
0,5,3,2,0.3842,0.6069,0.8689,0.2515,0.0479
0,5,3,3,0.2855,0.5224,0.8935,0.1539,0.0208
0,5,3,4,0.2507,0.2304,0.8745,0.1442,0.0292
0,5,3,5,0.3330,0.3143,0.8135,0.2113,0.0187
0,5,3,6,0.4252,0.5460,0.8921,0.3008,0.0524
0,5,3,7,0.3775,0.5501,0.9604,0.2561,0.0360
0,5,3,8,0.3683,0.5315,0.8275,0.2412,0.0411
0,5,3,9,0.3070,0.4889,0.8774,0.1719,0.0314
0,5,3,10,0.4209,0.4442,0.8935,0.3191,0.0152
0,5,3,11,0.3636,0.5231,0.8768,0.2351,0.0351
0,5,4,0,0.2259,0.4466,0.9796,0.0998,0.0111
0,5,4,1,0.3303,0.3643,0.8527,0.2077,0.0219
0,5,4,2,0.2741,0.2458,0.8540,0.1638,0.0238
0,5,4,3,0.3249,0.4043,0.8741,0.1976,0.0237
0,5,4,4,0.3008,0.2787,0.8485,0.1896,0.0208
0,5,4,5,0.3249,0.4455,0.8536,0.1986,0.0241
0,5,4,6,0.3507,0.3533,0.7929,0.2239,0.0290
0,5,4,7,0.7775,0.8145,0.9561,0.7361,0.0303
0,5,4,8,0.3119,0.3158,0.8564,0.1986,0.0141
0,5,4,9,0.3538,0.4287,0.7563,0.2159,0.0476
0,5,4,10,0.2719,0.2597,0.8798,0.1646,0.0233
0,5,4,11,0.1418,0.7365,0.9977,0.0266,0.0359
0,5,5,0,0.2649,0.2478,0.8863,0.1573,0.0230
0,5,5,1,0.2357,0.2152,0.8811,0.1331,0.0359
0,5,5,2,0.3205,0.3563,0.7192,0.1860,0.0306
0,5,5,3,0.3420,0.3329,0.7194,0.2138,0.0279
0,5,5,4,0.3887,0.4284,0.8109,0.2644,0.0376
0,5,5,5,0.2523,0.2439,0.8680,0.1453,0.0265
0,5,5,6,0.2880,0.3794,0.8310,0.1674,0.0144
0,5,5,7,0.2922,0.3633,0.8008,0.1705,0.0122
0,5,5,8,0.2782,0.3070,0.8468,0.1599,0.0141
0,5,5,9,0.2540,0.2338,0.8767,0.1458,0.0263
0,5,5,10,0.3718,0.3852,0.9115,0.2531,0.0244
0,5,5,11,0.3477,0.3370,0.8333,0.2360,0.0148
0,5,6,0,0.3409,0.4160,0.7495,0.2010,0.0483
0,5,6,1,0.2722,0.2688,0.8175,0.1546,0.0100
0,5,6,2,0.2902,0.2627,0.8677,0.1769,0.0217
0,5,6,3,0.3580,0.3705,0.8706,0.2322,0.0359
0,5,6,4,0.3544,0.3491,0.8270,0.2370,0.0171
0,5,6,5,0.3388,0.3164,0.8461,0.2234,0.0206
0,5,6,6,0.3720,0.3716,0.8549,0.2665,0.0146
0,5,6,7,0.3526,0.3799,0.9139,0.2331,0.0219
0,5,6,8,0.3148,0.4114,0.8659,0.1883,0.0217
0,5,6,9,0.2385,0.2196,0.8810,0.1357,0.0356
0,5,6,10,0.2688,0.2464,0.8744,0.1627,0.0268
0,5,6,11,0.3249,0.3590,0.8161,0.2051,0.0124
0,5,7,0,0.2715,0.3910,0.8549,0.1506,0.0103
0,5,7,1,0.2747,0.2664,0.8834,0.1706,0.0273
0,5,7,2,0.2366,0.2162,0.8811,0.1338,0.0359
0,5,7,3,0.3389,0.3324,0.8503,0.2196,0.0179
0,5,7,4,0.2815,0.2786,0.8383,0.1683,0.0111
0,5,7,5,0.3056,0.2905,0.8337,0.1880,0.0179
0,5,7,6,0.2876,0.2730,0.8720,0.1776,0.0200
0,5,7,7,0.2463,0.2268,0.8767,0.1418,0.0333
0,5,7,8,0.2998,0.3875,0.8861,0.1786,0.0130
0,5,7,9,0.2933,0.2820,0.8398,0.1788,0.0168
0,5,7,10,0.2391,0.2184,0.8808,0.1362,0.0359
0,5,7,11,0.2410,0.2209,0.8786,0.1372,0.0346
0,5,8,0,0.2998,0.2812,0.8416,0.1898,0.0176
0,5,8,1,0.2416,0.2201,0.8801,0.1381,0.0348
0,5,8,2,0.3564,0.3426,0.8526,0.2402,0.0178
0,5,8,3,0.2890,0.2896,0.9058,0.1792,0.0170
0,5,8,4,0.3420,0.4178,0.8268,0.2221,0.0181
0,5,8,5,0.3779,0.4217,0.7444,0.2477,0.0437
0,5,8,6,0.2719,0.2560,0.8725,0.1618,0.0168
0,5,8,7,0.2885,0.3669,0.8343,0.1707,0.0106
0,5,8,8,0.3240,0.3897,0.9088,0.1986,0.0214
0,5,8,9,0.3043,0.2984,0.8780,0.1937,0.0149
0,5,8,10,0.3536,0.3449,0.8593,0.2361,0.0175
0,5,8,11,0.2816,0.2781,0.8791,0.1654,0.0122
0,5,9,0,0.2958,0.3037,0.8935,0.1836,0.0143
0,5,9,1,0.2450,0.2256,0.8804,0.1413,0.0338
0,5,9,2,0.2457,0.2309,0.8796,0.1408,0.0325
0,5,9,3,0.3459,0.3908,0.8365,0.2264,0.0186
0,5,9,4,0.2478,0.2317,0.8780,0.1429,0.0313
0,5,9,5,0.2901,0.2799,0.8800,0.1803,0.0181
0,5,9,6,0.2392,0.2202,0.8805,0.1364,0.0354
0,5,9,7,0.2830,0.2849,0.8916,0.1671,0.0103
0,5,9,8,0.2643,0.2466,0.8799,0.1575,0.0252
0,5,9,9,0.2380,0.2180,0.8808,0.1351,0.0357
0,5,9,10,0.3783,0.4355,0.8634,0.2639,0.0216
0,5,9,11,0.2407,0.2212,0.8806,0.1371,0.0348
0,5,10,0,0.2628,0.2437,0.8777,0.1543,0.0243
0,5,10,1,0.2438,0.2244,0.8765,0.1402,0.0344
0,5,10,2,0.2485,0.2297,0.8779,0.1439,0.0325
0,5,10,3,0.2711,0.2547,0.8828,0.1640,0.0243
0,5,10,4,0.2909,0.2757,0.8590,0.1788,0.0162
0,5,10,5,0.3083,0.3210,0.8737,0.1940,0.0116
0,5,10,6,0.2429,0.2214,0.8764,0.1386,0.0338
0,5,10,7,0.2791,0.2591,0.8737,0.1711,0.0233
0,5,10,8,0.2492,0.2280,0.8757,0.1453,0.0330
0,5,10,9,0.3189,0.4186,0.9379,0.2076,0.0168
0,5,10,10,0.2397,0.2174,0.8793,0.1363,0.0352
0,5,10,11,0.2571,0.2781,0.8337,0.1457,0.0192
0,5,11,0,0.5891,0.6416,0.7907,0.4971,0.0681
0,5,11,1,0.2873,0.2643,0.8648,0.1777,0.0203
0,5,11,2,0.2536,0.2284,0.8673,0.1477,0.0305
0,5,11,3,0.3634,0.4054,0.8417,0.2406,0.0295
0,5,11,4,0.3010,0.2659,0.8503,0.1865,0.0235
0,5,11,5,0.2625,0.2467,0.8768,0.1558,0.0265
0,5,11,6,0.2450,0.2228,0.8740,0.1409,0.0341
0,5,11,7,0.2980,0.2783,0.8477,0.1905,0.0205
0,5,11,8,0.6635,0.6945,0.9212,0.5954,0.0484
0,5,11,9,0.2469,0.2278,0.8753,0.1429,0.0333
0,5,11,10,0.3798,0.3726,0.8236,0.2641,0.0214
0,5,11,11,0.3335,0.3603,0.8435,0.2125,0.0170
0,6,0,0,0.9491,0.9372,0.9981,0.9309,0.0073
0,6,0,1,0.3811,0.4808,0.8006,0.2662,0.0956
0,6,0,2,0.9040,0.9281,0.9927,0.8724,0.0129
0,6,0,3,0.5055,0.5579,0.7840,0.3984,0.0705
0,6,0,4,0.7450,0.7415,0.9283,0.6674,0.0260
0,6,0,5,0.5199,0.5645,0.7403,0.4119,0.0627
0,6,0,6,1.0000,1.0000,1.0000,1.0000,0.0000
0,6,0,7,0.8362,0.8657,0.9987,0.7780,0.0070
0,6,0,8,0.7871,0.8923,0.9877,0.7162,0.0113
0,6,0,9,0.9301,0.9361,0.9993,0.9044,0.0160
0,6,0,10,0.9267,0.9301,0.9988,0.8992,0.0129
0,6,0,11,0.9326,0.9383,0.9989,0.9076,0.0163
0,6,1,0,0.8388,0.8578,0.9811,0.7862,0.0114
0,6,1,1,0.8897,0.9026,0.9940,0.8536,0.0121
0,6,1,2,0.8774,0.8808,0.9799,0.8380,0.0105
0,6,1,3,0.8822,0.8724,1.0000,0.8418,0.0294
0,6,1,4,0.8984,0.8854,0.9963,0.8707,0.0381
0,6,1,5,0.9010,0.9090,0.9811,0.8722,0.0229
0,6,1,6,0.8792,0.8672,0.9363,0.8544,0.0502
0,6,1,7,0.8963,0.8786,0.9918,0.8704,0.0398
0,6,1,8,0.8841,0.8706,0.9881,0.8531,0.0346
0,6,1,9,0.8402,0.8123,0.9730,0.8070,0.0535
0,6,1,10,0.5908,0.7053,0.9790,0.4461,0.0137
0,6,1,11,0.6094,0.6027,0.7787,0.5150,0.0544
0,6,2,0,0.8784,0.8868,0.9955,0.8394,0.0137
0,6,2,1,0.8045,0.7872,0.9793,0.7725,0.0730
0,6,2,2,0.6454,0.7544,0.9268,0.5500,0.0405
0,6,2,3,0.8446,0.8542,0.9862,0.7910,0.0090
0,6,2,4,0.8066,0.8528,0.9815,0.7529,0.0311
0,6,2,5,0.7576,0.8022,0.9822,0.6851,0.0252
0,6,2,6,0.8293,0.8270,0.9747,0.7933,0.0529
0,6,2,7,0.8673,0.8462,0.9986,0.8165,0.0119
0,6,2,8,0.7567,0.8195,0.9675,0.6867,0.0298
0,6,2,9,0.8251,0.8166,0.9583,0.7733,0.0241
0,6,2,10,0.9474,0.9346,0.9987,0.9287,0.0119
0,6,2,11,0.8440,0.8237,0.9823,0.8106,0.0543
0,6,3,0,0.7476,0.7462,0.9675,0.7149,0.0922
0,6,3,1,0.8459,0.8274,0.9709,0.8119,0.0471
0,6,3,2,0.7470,0.7898,0.9760,0.6651,0.0151
0,6,3,3,0.7923,0.8541,0.9634,0.7416,0.0451
0,6,3,4,0.7539,0.7436,0.9735,0.7205,0.0906
0,6,3,5,0.8716,0.8609,0.9932,0.8440,0.0478
0,6,3,6,0.8558,0.8532,0.9642,0.8088,0.0122
0,6,3,7,0.7968,0.7843,0.8984,0.7414,0.0273
0,6,3,8,0.8097,0.8785,0.9901,0.7551,0.0321
0,6,3,9,0.8132,0.8241,0.9721,0.7629,0.0392
0,6,3,10,0.8476,0.8432,0.9634,0.8165,0.0535
0,6,3,11,0.8147,0.8561,0.9724,0.7613,0.0283
0,6,4,0,0.6548,0.7654,0.8603,0.5816,0.0659
0,6,4,1,0.8386,0.8393,0.9825,0.8015,0.0427
0,6,4,2,0.7762,0.7565,0.9820,0.7412,0.0802
0,6,4,3,0.8449,0.8363,0.9736,0.8069,0.0403
0,6,4,4,0.8016,0.7889,0.9839,0.7683,0.0724
0,6,4,5,0.8399,0.8785,0.9821,0.8012,0.0427
0,6,4,6,0.8859,0.8663,0.9966,0.8569,0.0349
0,6,4,7,0.7496,0.7706,0.9048,0.6804,0.0349
0,6,4,8,0.8145,0.8136,0.9811,0.7809,0.0651
0,6,4,9,0.8840,0.8985,0.9997,0.8478,0.0160
0,6,4,10,0.7704,0.7677,0.9709,0.7371,0.0844
0,6,4,11,0.4678,0.6553,0.6934,0.3752,0.0973
0,6,5,0,0.7611,0.7462,0.9675,0.7263,0.0841
0,6,5,1,0.7331,0.7282,0.9702,0.7008,0.0973
0,6,5,2,0.8737,0.8679,0.9995,0.8400,0.0337
0,6,5,3,0.8837,0.8816,0.9995,0.8543,0.0370
0,6,5,4,0.8640,0.8594,0.9937,0.8250,0.0270
0,6,5,5,0.7532,0.7532,0.9764,0.7189,0.0879
0,6,5,6,0.8153,0.8446,0.9892,0.7793,0.0584
0,6,5,7,0.8099,0.8259,0.9955,0.7710,0.0594
0,6,5,8,0.7898,0.7890,0.9845,0.7504,0.0667
0,6,5,9,0.7646,0.7462,0.9724,0.7316,0.0878
0,6,5,10,0.8628,0.8587,0.9513,0.8296,0.0398
0,6,5,11,0.8255,0.8303,0.9886,0.7911,0.0594
0,6,6,0,0.8934,0.8934,0.9999,0.8607,0.0230
0,6,6,1,0.7993,0.7944,0.9924,0.7637,0.0654
0,6,6,2,0.8010,0.7794,0.9766,0.7671,0.0721
0,6,6,3,0.8602,0.8535,0.9753,0.8232,0.0316
0,6,6,4,0.8551,0.8543,0.9902,0.8231,0.0484
0,6,6,5,0.8402,0.8242,0.9847,0.8079,0.0579
0,6,6,6,0.8263,0.8240,0.9817,0.7939,0.0627
0,6,6,7,0.8607,0.8428,0.9495,0.8289,0.0446
0,6,6,8,0.8491,0.8700,0.9773,0.8141,0.0448
0,6,6,9,0.7360,0.7320,0.9703,0.7038,0.0970
0,6,6,10,0.7604,0.7507,0.9735,0.7263,0.0879
0,6,6,11,0.8453,0.8667,0.9927,0.8129,0.0529
0,6,7,0,0.7906,0.8256,0.9817,0.7502,0.0629
0,6,7,1,0.7591,0.7519,0.9690,0.7259,0.0884
0,6,7,2,0.7342,0.7289,0.9702,0.7018,0.0973
0,6,7,3,0.8487,0.8282,0.9833,0.8157,0.0483
0,6,7,4,0.7908,0.7877,0.9871,0.7558,0.0713
0,6,7,5,0.8205,0.8041,0.9884,0.7859,0.0619
0,6,7,6,0.7945,0.7795,0.9747,0.7623,0.0770
0,6,7,7,0.7453,0.7386,0.9724,0.7124,0.0948
0,6,7,8,0.8294,0.8030,0.9676,0.7951,0.0560
0,6,7,9,0.8148,0.8061,0.9867,0.7830,0.0687
0,6,7,10,0.7356,0.7304,0.9704,0.7031,0.0973
0,6,7,11,0.7408,0.7344,0.9715,0.7083,0.0960
0,6,8,0,0.7855,0.7841,0.9862,0.7493,0.0743
0,6,8,1,0.7386,0.7317,0.9707,0.7058,0.0962
0,6,8,2,0.8562,0.8361,0.9825,0.8253,0.0478
0,6,8,3,0.7978,0.7920,0.9554,0.7664,0.0775
0,6,8,4,0.8365,0.8515,0.9902,0.7992,0.0487
0,6,8,5,0.8925,0.9118,1.0000,0.8603,0.0213
0,6,8,6,0.7697,0.7581,0.9744,0.7335,0.0779
0,6,8,7,0.7907,0.8181,0.9883,0.7505,0.0638
0,6,8,8,0.8053,0.8205,0.9533,0.7576,0.0429
0,6,8,9,0.8000,0.7816,0.9718,0.7663,0.0716
0,6,8,10,0.8570,0.8385,0.9800,0.8256,0.0500
0,6,8,11,0.8085,0.7909,0.9713,0.7752,0.0683
0,6,9,0,0.7964,0.7916,0.9634,0.7616,0.0697
0,6,9,1,0.7409,0.7359,0.9706,0.7081,0.0952
0,6,9,2,0.7467,0.7396,0.9710,0.7138,0.0940
0,6,9,3,0.8289,0.8399,0.9876,0.7892,0.0460
0,6,9,4,0.7451,0.7391,0.9718,0.7116,0.0927
0,6,9,5,0.7901,0.7772,0.9708,0.7568,0.0767
0,6,9,6,0.7363,0.7312,0.9706,0.7039,0.0968
0,6,9,7,0.8107,0.7948,0.9645,0.7781,0.0676
0,6,9,8,0.7602,0.7518,0.9709,0.7261,0.0867
0,6,9,9,0.7350,0.7298,0.9704,0.7025,0.0971
0,6,9,10,0.8294,0.8771,0.9784,0.7891,0.0430
0,6,9,11,0.7402,0.7336,0.9705,0.7078,0.0962
0,6,10,0,0.7661,0.7535,0.9719,0.7320,0.0848
0,6,10,1,0.7413,0.7351,0.9725,0.7087,0.0959
0,6,10,2,0.7476,0.7416,0.9719,0.7149,0.0940
0,6,10,3,0.7697,0.7570,0.9693,0.7366,0.0854
0,6,10,4,0.8019,0.7870,0.9801,0.7693,0.0732
0,6,10,5,0.8039,0.8218,0.9739,0.7673,0.0568
0,6,10,6,0.7418,0.7346,0.9726,0.7089,0.0952
0,6,10,7,0.7746,0.7598,0.9739,0.7407,0.0829
0,6,10,8,0.7451,0.7379,0.9729,0.7124,0.0944
0,6,10,9,0.7952,0.7695,0.9275,0.7575,0.0678
0,6,10,10,0.7373,0.7303,0.9711,0.7046,0.0967
0,6,10,11,0.7377,0.7497,0.9885,0.6947,0.0810
0,6,11,0,0.8637,0.8794,0.9969,0.8134,0.0079
0,6,11,1,0.7882,0.7706,0.9778,0.7549,0.0773
0,6,11,2,0.7497,0.7390,0.9767,0.7155,0.0913
0,6,11,3,0.8470,0.8548,0.9861,0.8075,0.0348
0,6,11,4,0.8028,0.7782,0.9833,0.7669,0.0671
0,6,11,5,0.7590,0.7503,0.9724,0.7249,0.0876
0,6,11,6,0.7424,0.7347,0.9737,0.7095,0.0956
0,6,11,7,0.7744,0.7660,0.9842,0.7382,0.0781
0,6,11,8,0.5324,0.7038,0.9435,0.3833,0.0168
0,6,11,9,0.7440,0.7383,0.9731,0.7112,0.0948
0,6,11,10,0.8550,0.8569,0.9910,0.8207,0.0432
0,6,11,11,0.8395,0.8497,0.9856,0.8034,0.0476
0,7,0,0,0.8425,0.8504,0.9937,0.7863,0.0083
0,7,0,1,0.4745,0.5547,0.8301,0.3813,0.0965
0,7,0,2,0.8768,0.8968,0.9976,0.8363,0.0122
0,7,0,3,0.5468,0.6065,0.8147,0.4503,0.0714
0,7,0,4,0.7523,0.7770,0.9460,0.6773,0.0279
0,7,0,5,0.5213,0.6050,0.7737,0.4139,0.0637
0,7,0,6,0.8362,0.8657,0.9987,0.7780,0.0070
0,7,0,7,1.0000,1.0000,1.0000,1.0000,0.0000
0,7,0,8,0.9271,0.9366,0.9944,0.9032,0.0148
0,7,0,9,0.9032,0.8992,0.9962,0.8678,0.0160
0,7,0,10,0.8708,0.8822,1.0000,0.8223,0.0129
0,7,0,11,0.8906,0.8950,0.9953,0.8501,0.0163
0,7,1,0,0.9360,0.9413,0.9897,0.9156,0.0121
0,7,1,1,0.9192,0.9188,0.9983,0.8930,0.0114
0,7,1,2,0.9175,0.9020,0.9888,0.8914,0.0108
0,7,1,3,0.7660,0.7866,0.9991,0.6860,0.0294
0,7,1,4,0.7830,0.7789,0.9994,0.7202,0.0378
0,7,1,5,0.8281,0.8323,0.9897,0.7767,0.0251
0,7,1,6,0.7172,0.7190,0.9530,0.6477,0.0511
0,7,1,7,0.7724,0.7702,0.9970,0.7102,0.0392
0,7,1,8,0.8021,0.7885,0.9947,0.7465,0.0346
0,7,1,9,0.7140,0.6923,0.9835,0.6466,0.0541
0,7,1,10,0.6378,0.7963,0.9881,0.5104,0.0114
0,7,1,11,0.5826,0.6223,0.8097,0.4813,0.0560
0,7,2,0,0.9085,0.9152,0.9991,0.8795,0.0140
0,7,2,1,0.6446,0.6396,0.9883,0.5725,0.0740
0,7,2,2,0.8963,0.8981,0.9448,0.8728,0.0408
0,7,2,3,0.9226,0.9241,0.9934,0.8961,0.0087
0,7,2,4,0.8727,0.8675,0.9900,0.8388,0.0311
0,7,2,5,0.9253,0.9215,0.9905,0.9047,0.0252
0,7,2,6,0.7463,0.7224,0.9848,0.6878,0.0538
0,7,2,7,0.9212,0.9263,1.0000,0.8918,0.0106
0,7,2,8,0.8325,0.8761,0.9792,0.7855,0.0308
0,7,2,9,0.8534,0.8715,0.9716,0.8104,0.0244
0,7,2,10,0.8847,0.9055,1.0000,0.8439,0.0122
0,7,2,11,0.6989,0.6925,0.9906,0.6259,0.0552
0,7,3,0,0.5601,0.5692,0.9792,0.4839,0.0932
0,7,3,1,0.7484,0.7422,0.9819,0.6875,0.0481
0,7,3,2,0.8783,0.8929,0.9859,0.8395,0.0173
0,7,3,3,0.7604,0.8072,0.9758,0.7009,0.0454
0,7,3,4,0.5775,0.5743,0.9839,0.5027,0.0916
0,7,3,5,0.7051,0.7035,0.9979,0.6312,0.0481
0,7,3,6,0.9004,0.9100,0.9765,0.8683,0.0119
0,7,3,7,0.8157,0.8167,0.9196,0.7659,0.0286
0,7,3,8,0.8970,0.8881,0.9959,0.8689,0.0333
0,7,3,9,0.7726,0.8133,0.9828,0.7105,0.0392
0,7,3,10,0.7152,0.7167,0.9758,0.6485,0.0544
0,7,3,11,0.7989,0.8459,0.9830,0.7409,0.0289
0,7,4,0,0.6297,0.7394,0.8852,0.5502,0.0662
0,7,4,1,0.7680,0.7875,0.9907,0.7112,0.0427
0,7,4,2,0.6052,0.5930,0.9904,0.5284,0.0811
0,7,4,3,0.7466,0.7488,0.9840,0.6807,0.0406
0,7,4,4,0.6337,0.6254,0.9918,0.5582,0.0733
0,7,4,5,0.7676,0.8139,0.9905,0.7084,0.0427
0,7,4,6,0.7802,0.7713,0.9995,0.7200,0.0352
0,7,4,7,0.8585,0.8381,0.9254,0.8216,0.0352
0,7,4,8,0.6670,0.6659,0.9897,0.5956,0.0660
0,7,4,9,0.8218,0.8476,0.9996,0.7658,0.0167
0,7,4,10,0.5992,0.5975,0.9819,0.5250,0.0854
0,7,4,11,0.6706,0.7724,0.7293,0.6241,0.0983
0,7,5,0,0.5921,0.5838,0.9792,0.5170,0.0851
0,7,5,1,0.5453,0.5521,0.9813,0.4703,0.0983
0,7,5,2,0.7291,0.7348,0.9966,0.6525,0.0349
0,7,5,3,0.7414,0.7511,0.9967,0.6701,0.0386
0,7,5,4,0.8039,0.8048,0.9981,0.7466,0.0276
0,7,5,5,0.5773,0.5802,0.9862,0.5015,0.0889
0,7,5,6,0.6847,0.7147,0.9954,0.6143,0.0594
0,7,5,7,0.6652,0.6861,0.9990,0.5880,0.0610
0,7,5,8,0.6384,0.6363,0.9922,0.5603,0.0676
0,7,5,9,0.5860,0.5805,0.9831,0.5105,0.0887
0,7,5,10,0.7237,0.7290,0.9658,0.6508,0.0411
0,7,5,11,0.6874,0.6721,0.9950,0.6165,0.0606
0,7,6,0,0.7830,0.8030,0.9993,0.7151,0.0259
0,7,6,1,0.6330,0.6240,0.9974,0.5553,0.0663
0,7,6,2,0.6399,0.6290,0.9863,0.5655,0.0730
0,7,6,3,0.7769,0.7779,0.9853,0.7153,0.0313
0,7,6,4,0.7007,0.7109,0.9960,0.6259,0.0497
0,7,6,5,0.6977,0.6873,0.9923,0.6272,0.0583
0,7,6,6,0.6637,0.6634,0.9901,0.5889,0.0646
0,7,6,7,0.7257,0.7444,0.9643,0.6560,0.0449
0,7,6,8,0.7627,0.7765,0.9869,0.7035,0.0451
0,7,6,9,0.5486,0.5556,0.9814,0.4736,0.0979
0,7,6,10,0.5855,0.5826,0.9839,0.5099,0.0889
0,7,6,11,0.7166,0.7505,0.9975,0.6493,0.0538
0,7,7,0,0.6595,0.7012,0.9901,0.5853,0.0635
0,7,7,1,0.5764,0.5815,0.9804,0.5001,0.0894
0,7,7,2,0.5469,0.5532,0.9813,0.4719,0.0983
0,7,7,3,0.7179,0.7087,0.9913,0.6489,0.0486
0,7,7,4,0.6278,0.6299,0.9940,0.5520,0.0722
0,7,7,5,0.6686,0.6590,0.9949,0.5941,0.0632
0,7,7,6,0.6194,0.6246,0.9848,0.5441,0.0779
0,7,7,7,0.5613,0.5661,0.9831,0.4859,0.0957
0,7,7,8,0.7012,0.7099,0.9792,0.6327,0.0570
0,7,7,9,0.6474,0.6534,0.9937,0.5730,0.0697
0,7,7,10,0.5484,0.5537,0.9815,0.4731,0.0983
0,7,7,11,0.5550,0.5597,0.9824,0.4798,0.0970
0,7,8,0,0.6135,0.6123,0.9933,0.5346,0.0762
0,7,8,1,0.5533,0.5559,0.9817,0.4780,0.0971
0,7,8,2,0.7329,0.7203,0.9907,0.6680,0.0487
0,7,8,3,0.6088,0.6178,0.9693,0.5309,0.0784
0,7,8,4,0.7187,0.7484,0.9961,0.6488,0.0497
0,7,8,5,0.8257,0.8459,0.9990,0.7724,0.0232
0,7,8,6,0.6036,0.5921,0.9846,0.5271,0.0789
0,7,8,7,0.6527,0.6883,0.9948,0.5770,0.0648
0,7,8,8,0.7344,0.7553,0.9675,0.6668,0.0435
0,7,8,9,0.6378,0.6344,0.9826,0.5634,0.0725
0,7,8,10,0.7048,0.7012,0.9889,0.6314,0.0516
0,7,8,11,0.6400,0.6360,0.9822,0.5640,0.0692
0,7,9,0,0.6198,0.6353,0.9758,0.5405,0.0706
0,7,9,1,0.5594,0.5633,0.9816,0.4848,0.0962
0,7,9,2,0.5621,0.5661,0.9819,0.4864,0.0949
0,7,9,3,0.7523,0.7524,0.9944,0.6914,0.0467
0,7,9,4,0.5647,0.5669,0.9826,0.4894,0.0937
0,7,9,5,0.6167,0.6183,0.9818,0.5406,0.0776
0,7,9,6,0.5492,0.5564,0.9816,0.4741,0.0978
0,7,9,7,0.6389,0.6392,0.9767,0.5628,0.0686
0,7,9,8,0.5930,0.5883,0.9818,0.5192,0.0876
0,7,9,9,0.5483,0.5541,0.9814,0.4733,0.0981
0,7,9,10,0.7716,0.8071,0.9876,0.7152,0.0433
0,7,9,11,0.5542,0.5602,0.9815,0.4791,0.0971
0,7,10,0,0.5864,0.5823,0.9827,0.5093,0.0857
0,7,10,1,0.5549,0.5596,0.9831,0.4794,0.0968
0,7,10,2,0.5653,0.5714,0.9826,0.4904,0.0949
0,7,10,3,0.5978,0.5999,0.9806,0.5236,0.0863
0,7,10,4,0.6372,0.6298,0.9890,0.5634,0.0741
0,7,10,5,0.6733,0.7153,0.9842,0.6031,0.0578
0,7,10,6,0.5548,0.5584,0.9832,0.4787,0.0962
0,7,10,7,0.5987,0.5939,0.9842,0.5222,0.0838
0,7,10,8,0.5588,0.5636,0.9835,0.4831,0.0954
0,7,10,9,0.6558,0.6809,0.9454,0.5824,0.0687
0,7,10,10,0.5507,0.5549,0.9821,0.4753,0.0976
0,7,10,11,0.5633,0.5809,0.9949,0.4782,0.0819
0,7,11,0,0.8994,0.9055,0.9996,0.8626,0.0098
0,7,11,1,0.6182,0.6147,0.9872,0.5432,0.0783
0,7,11,2,0.5713,0.5627,0.9864,0.4953,0.0922
0,7,11,3,0.7771,0.7687,0.9933,0.7172,0.0354
0,7,11,4,0.6418,0.6205,0.9913,0.5647,0.0684
0,7,11,5,0.5901,0.5812,0.9830,0.5159,0.0886
0,7,11,6,0.5567,0.5592,0.9841,0.4809,0.0965
0,7,11,7,0.5978,0.6010,0.9920,0.5183,0.0790
0,7,11,8,0.6547,0.7999,0.9592,0.5456,0.0175
0,7,11,9,0.5605,0.5639,0.9836,0.4854,0.0957
0,7,11,10,0.7564,0.7475,0.9965,0.6942,0.0441
0,7,11,11,0.7200,0.7317,0.9929,0.6509,0.0486
0,8,0,0,0.7905,0.8603,0.9763,0.7203,0.0119
0,8,0,1,0.5280,0.5665,0.8844,0.4491,0.0843
0,8,0,2,0.8909,0.9231,0.9994,0.8567,0.0108
0,8,0,3,0.5696,0.6220,0.8714,0.4816,0.0595
0,8,0,4,0.6648,0.7912,0.9750,0.5674,0.0157
0,8,0,5,0.5437,0.6265,0.8363,0.4457,0.0517
0,8,0,6,0.7871,0.8923,0.9877,0.7162,0.0113
0,8,0,7,0.9271,0.9366,0.9944,0.9032,0.0148
0,8,0,8,1.0000,1.0000,1.0000,1.0000,0.0000
0,8,0,9,0.8964,0.9102,0.9814,0.8615,0.0206
0,8,0,10,0.8647,0.8974,0.9942,0.8180,0.0194
0,8,0,11,0.8857,0.9024,0.9795,0.8468,0.0206
0,8,1,0,0.8071,0.9094,0.9993,0.7473,0.0068
0,8,1,1,0.8801,0.9103,0.9989,0.8427,0.0087
0,8,1,2,0.9152,0.9138,0.9990,0.8891,0.0116
0,8,1,3,0.7678,0.8005,0.9890,0.6928,0.0254
0,8,1,4,0.7749,0.8026,0.9975,0.7120,0.0297
0,8,1,5,0.8744,0.8941,0.9993,0.8383,0.0122
0,8,1,6,0.7031,0.7680,0.9797,0.6319,0.0389
0,8,1,7,0.7698,0.7997,0.9996,0.7087,0.0308
0,8,1,8,0.8084,0.8160,1.0000,0.7562,0.0256
0,8,1,9,0.7284,0.7329,0.9971,0.6662,0.0422
0,8,1,10,0.5998,0.7706,0.9988,0.4671,0.0205
0,8,1,11,0.5925,0.6595,0.8672,0.4975,0.0435
0,8,2,0,0.8615,0.8992,0.9980,0.8190,0.0068
0,8,2,1,0.6599,0.6850,0.9989,0.5928,0.0617
0,8,2,2,0.7245,0.8497,0.9741,0.6542,0.0295
0,8,2,3,0.8286,0.8854,1.0000,0.7731,0.0124
0,8,2,4,0.8061,0.8999,0.9994,0.7538,0.0208
0,8,2,5,0.8756,0.8949,0.9995,0.8404,0.0156
0,8,2,6,0.7638,0.7638,0.9976,0.7107,0.0419
0,8,2,7,0.8506,0.9021,0.9945,0.7985,0.0216
0,8,2,8,0.6914,0.8605,0.9951,0.6057,0.0189
0,8,2,9,0.7087,0.8378,0.9912,0.6249,0.0132
0,8,2,10,0.8212,0.9002,0.9944,0.7618,0.0149
0,8,2,11,0.6938,0.7286,0.9995,0.6215,0.0430
0,8,3,0,0.5756,0.6279,0.9951,0.5044,0.0810
0,8,3,1,0.7457,0.7712,0.9964,0.6853,0.0359
0,8,3,2,0.7486,0.8383,0.9981,0.6716,0.0067
0,8,3,3,0.6844,0.8380,0.9935,0.6063,0.0357
0,8,3,4,0.5996,0.6299,0.9973,0.5311,0.0794
0,8,3,5,0.6983,0.7493,0.9992,0.6249,0.0365
0,8,3,6,0.8013,0.8915,0.9938,0.7398,0.0102
0,8,3,7,0.7111,0.7803,0.9560,0.6336,0.0179
0,8,3,8,0.8620,0.8973,0.9999,0.8240,0.0246
0,8,3,9,0.6778,0.8074,0.9968,0.5916,0.0292
0,8,3,10,0.7135,0.7628,0.9935,0.6479,0.0422
0,8,3,11,0.6860,0.8495,0.9969,0.5976,0.0183
0,8,4,0,0.5407,0.7491,0.9295,0.4423,0.0549
0,8,4,1,0.7399,0.8206,0.9995,0.6770,0.0327
0,8,4,2,0.6220,0.6409,0.9995,0.5508,0.0689
0,8,4,3,0.7067,0.7667,0.9973,0.6320,0.0294
0,8,4,4,0.6396,0.6756,0.9997,0.5672,0.0611
0,8,4,5,0.7095,0.8250,0.9995,0.6363,0.0317
0,8,4,6,0.7621,0.7813,0.9972,0.6987,0.0246
0,8,4,7,0.8111,0.8381,0.9603,0.7614,0.0249
0,8,4,8,0.6796,0.7143,0.9993,0.6127,0.0538
0,8,4,9,0.7631,0.8254,0.9912,0.6916,0.0079
0,8,4,10,0.6203,0.6547,0.9964,0.5522,0.0732
0,8,4,11,0.4504,0.7606,0.7975,0.3574,0.0860
0,8,5,0,0.6117,0.6478,0.9951,0.5425,0.0729
0,8,5,1,0.5666,0.6077,0.9962,0.4977,0.0860
0,8,5,2,0.6977,0.7517,0.9824,0.6152,0.0230
0,8,5,3,0.7138,0.7641,0.9824,0.6374,0.0260
0,8,5,4,0.7491,0.7930,0.9990,0.6779,0.0167
0,8,5,5,0.5925,0.6331,0.9982,0.5216,0.0767
0,8,5,6,0.6490,0.7617,1.0000,0.5716,0.0475
0,8,5,7,0.6395,0.7070,0.9981,0.5581,0.0484
0,8,5,8,0.6376,0.6774,0.9998,0.5613,0.0557
0,8,5,9,0.6042,0.6335,0.9969,0.5343,0.0765
0,8,5,10,0.7003,0.7768,0.9878,0.6235,0.0289
0,8,5,11,0.7120,0.7252,1.0000,0.6488,0.0481
0,8,6,0,0.7174,0.8115,0.9898,0.6329,0.0184
0,8,6,1,0.6428,0.6729,0.9994,0.5693,0.0544
0,8,6,2,0.6510,0.6781,0.9982,0.5809,0.0608
0,8,6,3,0.7858,0.8326,0.9978,0.7287,0.0235
0,8,6,4,0.6916,0.7610,0.9999,0.6168,0.0375
0,8,6,5,0.6980,0.7306,0.9998,0.6293,0.0467
0,8,6,6,0.6927,0.7299,0.9994,0.6269,0.0517
0,8,6,7,0.6918,0.7805,0.9869,0.6153,0.0337
0,8,6,8,0.7130,0.8170,0.9984,0.6422,0.0338
0,8,6,9,0.5705,0.6120,0.9962,0.5017,0.0857
0,8,6,10,0.6050,0.6389,0.9973,0.5353,0.0767
0,8,6,11,0.6954,0.7802,0.9994,0.6243,0.0419
0,8,7,0,0.6286,0.7247,0.9994,0.5488,0.0519
0,8,7,1,0.5888,0.6361,0.9957,0.5169,0.0771
0,8,7,2,0.5679,0.6084,0.9962,0.4987,0.0860
0,8,7,3,0.7237,0.7465,0.9997,0.6579,0.0370
0,8,7,4,0.6272,0.6721,1.0000,0.5530,0.0600
0,8,7,5,0.6660,0.6994,1.0000,0.5928,0.0506
0,8,7,6,0.6282,0.6745,0.9976,0.5566,0.0657
0,8,7,7,0.5811,0.6207,0.9969,0.5114,0.0835
0,8,7,8,0.6662,0.7168,0.9952,0.5906,0.0448
0,8,7,9,0.6554,0.7015,1.0000,0.5847,0.0575
0,8,7,10,0.5695,0.6096,0.9962,0.5003,0.0860
0,8,7,11,0.5763,0.6153,0.9966,0.5071,0.0848
0,8,8,0,0.6342,0.6686,1.0000,0.5620,0.0630
0,8,8,1,0.5743,0.6123,0.9963,0.5050,0.0849
0,8,8,2,0.7380,0.7644,0.9995,0.6760,0.0365
0,8,8,3,0.6196,0.6770,0.9898,0.5460,0.0665
0,8,8,4,0.6882,0.7645,0.9999,0.6124,0.0378
0,8,8,5,0.7789,0.8552,0.9886,0.7138,0.0122
0,8,8,6,0.6228,0.6519,0.9976,0.5524,0.0667
0,8,8,7,0.6298,0.7126,1.0000,0.5505,0.0529
0,8,8,8,0.7337,0.8144,0.9888,0.6678,0.0319
0,8,8,9,0.6421,0.6772,0.9967,0.5704,0.0603
0,8,8,10,0.7058,0.7466,0.9991,0.6348,0.0387
0,8,8,11,0.6533,0.6937,0.9965,0.5823,0.0570
0,8,9,0,0.6259,0.6969,0.9934,0.5501,0.0584
0,8,9,1,0.5810,0.6186,0.9963,0.5125,0.0840
0,8,9,2,0.5829,0.6239,0.9964,0.5132,0.0827
0,8,9,3,0.7336,0.7884,1.0000,0.6692,0.0351
0,8,9,4,0.5870,0.6226,0.9967,0.5181,0.0814
0,8,9,5,0.6283,0.6756,0.9964,0.5566,0.0654
0,8,9,6,0.5697,0.6112,0.9963,0.5005,0.0856
0,8,9,7,0.6479,0.6969,0.9939,0.5757,0.0563
0,8,9,8,0.6169,0.6457,0.9964,0.5498,0.0754
0,8,9,9,0.5693,0.6095,0.9962,0.5002,0.0859
0,8,9,10,0.7420,0.8203,0.9987,0.6790,0.0321
0,8,9,11,0.5747,0.6153,0.9963,0.5055,0.0849
0,8,10,0,0.6025,0.6413,0.9968,0.5307,0.0735
0,8,10,1,0.5755,0.6142,0.9970,0.5059,0.0846
0,8,10,2,0.5853,0.6250,0.9967,0.5162,0.0827
0,8,10,3,0.6122,0.6490,0.9958,0.5427,0.0741
0,8,10,4,0.6511,0.6829,0.9991,0.5822,0.0619
0,8,10,5,0.6499,0.7428,0.9974,0.5756,0.0459
0,8,10,6,0.5749,0.6143,0.9970,0.5047,0.0840
0,8,10,7,0.6152,0.6481,0.9974,0.5442,0.0716
0,8,10,8,0.5786,0.6193,0.9971,0.5086,0.0832
0,8,10,9,0.6295,0.6865,0.9746,0.5516,0.0565
0,8,10,10,0.5719,0.6101,0.9965,0.5025,0.0854
0,8,10,11,0.5657,0.6171,1.0000,0.4835,0.0700
0,8,11,0,0.8629,0.9077,0.9969,0.8163,0.0170
0,8,11,1,0.6314,0.6603,0.9985,0.5611,0.0660
0,8,11,2,0.5916,0.6186,0.9983,0.5217,0.0800
0,8,11,3,0.7684,0.8133,1.0000,0.7078,0.0254
0,8,11,4,0.6577,0.6683,0.9997,0.5863,0.0559
0,8,11,5,0.6121,0.6389,0.9969,0.5443,0.0763
0,8,11,6,0.5766,0.6139,0.9974,0.5067,0.0843
0,8,11,7,0.6152,0.6487,0.9998,0.5416,0.0668
0,8,11,8,0.6604,0.8064,0.9837,0.5584,0.0113
0,8,11,9,0.5815,0.6185,0.9972,0.5123,0.0835
0,8,11,10,0.7534,0.7798,0.9997,0.6919,0.0322
0,8,11,11,0.7060,0.7612,0.9999,0.6351,0.0367
0,9,0,0,0.9657,0.9691,0.9997,0.9531,0.0110
0,9,0,1,0.3427,0.3835,0.7783,0.2155,0.0998
0,9,0,2,0.9368,0.9478,0.9877,0.9162,0.0159
0,9,0,3,0.4465,0.4493,0.7610,0.3214,0.0757
0,9,0,4,0.6895,0.6655,0.9142,0.5919,0.0341
0,9,0,5,0.4607,0.4576,0.7155,0.3342,0.0679
0,9,0,6,0.9301,0.9361,0.9993,0.9044,0.0160
0,9,0,7,0.9032,0.8992,0.9962,0.8678,0.0160
0,9,0,8,0.8964,0.9102,0.9814,0.8615,0.0206
0,9,0,9,1.0000,1.0000,1.0000,1.0000,0.0000
0,9,0,10,0.9474,0.9290,0.9964,0.9266,0.0086
0,9,0,11,0.9842,0.9799,1.0000,0.9781,0.0060
0,9,1,0,0.8890,0.8761,0.9735,0.8526,0.0183
0,9,1,1,0.9678,0.9580,0.9894,0.9582,0.0176
0,9,1,2,0.9620,0.9418,0.9720,0.9509,0.0170
0,9,1,3,0.9237,0.9141,0.9990,0.8971,0.0308
0,9,1,4,0.9403,0.9321,0.9925,0.9262,0.0363
0,9,1,5,0.9216,0.8884,0.9734,0.8997,0.0306
0,9,1,6,0.8738,0.8585,0.9229,0.8486,0.0544
0,9,1,7,0.9366,0.9291,0.9865,0.9239,0.0397
0,9,1,8,0.9492,0.9337,0.9819,0.9389,0.0357
0,9,1,9,0.9028,0.8796,0.9640,0.8883,0.0575
0,9,1,10,0.5870,0.7509,0.9709,0.4355,0.0141
0,9,1,11,0.5488,0.4970,0.7554,0.4353,0.0616
0,9,2,0,0.9417,0.9114,0.9915,0.9238,0.0230
0,9,2,1,0.8491,0.8439,0.9713,0.8301,0.0773
0,9,2,2,0.7211,0.7402,0.9126,0.6462,0.0479
0,9,2,3,0.9208,0.8984,0.9796,0.8931,0.0130
0,9,2,4,0.8762,0.9006,0.9740,0.8435,0.0405
0,9,2,5,0.8661,0.8556,0.9748,0.8271,0.0333
0,9,2,6,0.8962,0.8811,0.9659,0.8799,0.0581
0,9,2,7,0.9027,0.8797,0.9961,0.8637,0.0140
0,9,2,8,0.7525,0.8637,0.9577,0.6798,0.0367
0,9,2,9,0.8019,0.8034,0.9473,0.7418,0.0313
0,9,2,10,0.9557,0.9512,0.9962,0.9395,0.0089
0,9,2,11,0.8831,0.8726,0.9749,0.8618,0.0573
0,9,3,0,0.7846,0.7978,0.9577,0.7624,0.0965
0,9,3,1,0.9055,0.8937,0.9616,0.8895,0.0514
0,9,3,2,0.8155,0.8154,0.9675,0.7547,0.0257
0,9,3,3,0.8152,0.8731,0.9530,0.7711,0.0548
0,9,3,4,0.8014,0.8048,0.9645,0.7813,0.0949
0,9,3,5,0.8946,0.8903,0.9883,0.8747,0.0511
0,9,3,6,0.9125,0.8979,0.9540,0.8841,0.0206
0,9,3,7,0.8032,0.7749,0.8818,0.7491,0.0376
0,9,3,8,0.8981,0.8891,0.9843,0.8708,0.0446
0,9,3,9,0.8046,0.8426,0.9630,0.7513,0.0479
0,9,3,10,0.8736,0.8622,0.9530,0.8509,0.0584
0,9,3,11,0.7925,0.8753,0.9633,0.7314,0.0379
0,9,4,0,0.6400,0.8222,0.8413,0.5619,0.0727
0,9,4,1,0.8836,0.8917,0.9750,0.8603,0.0514
0,9,4,2,0.8234,0.8163,0.9745,0.8018,0.0844
0,9,4,3,0.8785,0.8721,0.9647,0.8509,0.0478
0,9,4,4,0.8384,0.8346,0.9768,0.8161,0.0767
0,9,4,5,0.8836,0.9037,0.9747,0.8583,0.0502
0,9,4,6,0.9289,0.9111,0.9930,0.9137,0.0389
0,9,4,7,0.7561,0.7240,0.8888,0.6878,0.0443
0,9,4,8,0.8607,0.8551,0.9734,0.8407,0.0694
0,9,4,9,0.9118,0.9250,0.9982,0.8847,0.0257
0,9,4,10,0.8137,0.8150,0.9616,0.7928,0.0887
0,9,4,11,0.4949,0.6155,0.6668,0.4070,0.1016
0,9,5,0,0.8107,0.8065,0.9577,0.7897,0.0884
0,9,5,1,0.7762,0.7908,0.9608,0.7559,0.1016
0,9,5,2,0.8805,0.8856,1.0000,0.8492,0.0417
0,9,5,3,0.9034,0.9026,1.0000,0.8805,0.0432
0,9,5,4,0.9059,0.8963,0.9890,0.8802,0.0354
0,9,5,5,0.7973,0.8098,0.9680,0.7753,0.0922
0,9,5,6,0.8441,0.8675,0.9832,0.8169,0.0652
0,9,5,7,0.8435,0.8523,0.9914,0.8147,0.0649
0,9,5,8,0.8361,0.8344,0.9775,0.8101,0.0729
0,9,5,9,0.8097,0.8067,0.9633,0.7894,0.0921
0,9,5,10,0.8715,0.8729,0.9395,0.8416,0.0470
0,9,5,11,0.8672,0.8579,0.9824,0.8454,0.0637
0,9,6,0,0.8904,0.9209,0.9987,0.8565,0.0365
0,9,6,1,0.8309,0.8294,0.9873,0.8049,0.0706
0,9,6,2,0.8472,0.8386,0.9681,0.8269,0.0763
0,9,6,3,0.9130,0.9088,0.9666,0.8925,0.0403
0,9,6,4,0.8835,0.8859,0.9845,0.8607,0.0527
0,9,6,5,0.8812,0.8716,0.9778,0.8614,0.0616
0,9,6,6,0.8578,0.8488,0.9741,0.8352,0.0679
0,9,6,7,0.8782,0.8731,0.9375,0.8523,0.0514
0,9,6,8,0.8859,0.8938,0.9690,0.8625,0.0516
0,9,6,9,0.7787,0.7929,0.9609,0.7583,0.1013
0,9,6,10,0.8056,0.8083,0.9646,0.7842,0.0922
0,9,6,11,0.8794,0.8925,0.9876,0.8577,0.0581
0,9,7,0,0.8282,0.8569,0.9741,0.7989,0.0694
0,9,7,1,0.7958,0.8021,0.9594,0.7732,0.0927
0,9,7,2,0.7774,0.7913,0.9608,0.7570,0.1016
0,9,7,3,0.8992,0.8819,0.9761,0.8816,0.0519
0,9,7,4,0.8286,0.8338,0.9807,0.8047,0.0759
0,9,7,5,0.8652,0.8558,0.9823,0.8439,0.0662
0,9,7,6,0.8317,0.8329,0.9659,0.8106,0.0813
0,9,7,7,0.7890,0.7996,0.9633,0.7683,0.0990
0,9,7,8,0.8545,0.8263,0.9578,0.8281,0.0603
0,9,7,9,0.8490,0.8533,0.9801,0.8276,0.0730
0,9,7,10,0.7782,0.7914,0.9610,0.7575,0.1016
0,9,7,11,0.7840,0.7957,0.9623,0.7636,0.1003
0,9,8,0,0.8255,0.8278,0.9795,0.8009,0.0786
0,9,8,1,0.7820,0.7926,0.9614,0.7612,0.1005
0,9,8,2,0.9047,0.8895,0.9751,0.8887,0.0521
0,9,8,3,0.8202,0.8160,0.9441,0.7961,0.0827
0,9,8,4,0.8605,0.8699,0.9845,0.8308,0.0549
0,9,8,5,0.9310,0.9367,0.9991,0.9114,0.0300
0,9,8,6,0.8128,0.8100,0.9656,0.7889,0.0825
0,9,8,7,0.8286,0.8517,0.9821,0.7995,0.0700
0,9,8,8,0.8454,0.8533,0.9417,0.8096,0.0500
0,9,8,9,0.8389,0.8294,0.9626,0.8167,0.0759
0,9,8,10,0.8892,0.8780,0.9721,0.8681,0.0543
0,9,8,11,0.8532,0.8419,0.9620,0.8330,0.0725
0,9,9,0,0.8258,0.8317,0.9530,0.7998,0.0743
0,9,9,1,0.7857,0.7974,0.9612,0.7653,0.0995
0,9,9,2,0.7899,0.7978,0.9617,0.7690,0.0983
0,9,9,3,0.8788,0.8801,0.9813,0.8542,0.0529
0,9,9,4,0.7917,0.7989,0.9626,0.7711,0.0970
0,9,9,5,0.8301,0.8278,0.9615,0.8085,0.0810
0,9,9,6,0.7791,0.7930,0.9612,0.7587,0.1011
0,9,9,7,0.8492,0.8398,0.9543,0.8281,0.0719
0,9,9,8,0.8092,0.8121,0.9615,0.7887,0.0910
0,9,9,9,0.7782,0.7918,0.9610,0.7578,0.1014
0,9,9,10,0.8758,0.8926,0.9702,0.8496,0.0502
0,9,9,11,0.7834,0.7958,0.9611,0.7630,0.1005
0,9,10,0,0.8067,0.8050,0.9627,0.7841,0.0890
0,9,10,1,0.7838,0.7950,0.9634,0.7630,0.1002
0,9,10,2,0.7908,0.8033,0.9627,0.7702,0.0983
0,9,10,3,0.8125,0.8165,0.9598,0.7916,0.0897
0,9,10,4,0.8412,0.8371,0.9723,0.8203,0.0775
0,9,10,5,0.8392,0.8641,0.9650,0.8131,0.0640
0,9,10,6,0.7842,0.7946,0.9635,0.7630,0.0995
0,9,10,7,0.8152,0.8131,0.9650,0.7929,0.0871
0,9,10,8,0.7873,0.7979,0.9639,0.7664,0.0987
0,9,10,9,0.8107,0.7828,0.9134,0.7781,0.0721
0,9,10,10,0.7806,0.7923,0.9619,0.7600,0.1010
0,9,10,11,0.7747,0.7946,0.9823,0.7420,0.0862
0,9,11,0,0.9058,0.9118,0.9934,0.8695,0.0144
0,9,11,1,0.8327,0.8281,0.9695,0.8122,0.0816
0,9,11,2,0.7944,0.7962,0.9683,0.7726,0.0956
0,9,11,3,0.8964,0.8917,0.9794,0.8722,0.0448
0,9,11,4,0.8521,0.8345,0.9761,0.8305,0.0714
0,9,11,5,0.8064,0.8060,0.9633,0.7855,0.0919
0,9,11,6,0.7852,0.7952,0.9648,0.7641,0.0998
0,9,11,7,0.8184,0.8193,0.9771,0.7947,0.0824
0,9,11,8,0.5537,0.7452,0.9309,0.4068,0.0287
0,9,11,9,0.7873,0.7979,0.9641,0.7665,0.0990
0,9,11,10,0.8943,0.8907,0.9855,0.8722,0.0490
0,9,11,11,0.8734,0.8773,0.9788,0.8477,0.0538
0,10,0,0,0.9292,0.9189,0.9939,0.9024,0.0094
0,10,0,1,0.5561,0.6400,0.8289,0.4801,0.1017
0,10,0,2,0.8947,0.9023,0.9974,0.8591,0.0149
0,10,0,3,0.6624,0.6968,0.8135,0.5938,0.0773
0,10,0,4,0.8271,0.8210,0.9454,0.7739,0.0341
0,10,0,5,0.6853,0.7056,0.7724,0.6189,0.0695
0,10,0,6,0.9267,0.9301,0.9988,0.8992,0.0129
0,10,0,7,0.8708,0.8822,1.0000,0.8223,0.0129
0,10,0,8,0.8647,0.8974,0.9942,0.8180,0.0194
0,10,0,9,0.9474,0.9290,0.9964,0.9266,0.0086
0,10,0,10,1.0000,1.0000,1.0000,1.0000,0.0000
0,10,0,11,0.9583,0.9561,0.9955,0.9415,0.0079
0,10,1,0,0.8443,0.8698,0.9894,0.7916,0.0170
0,10,1,1,0.9149,0.9021,0.9982,0.8870,0.0173
0,10,1,2,0.9256,0.8960,0.9885,0.9023,0.0157
0,10,1,3,0.9143,0.9080,0.9992,0.8840,0.0283
0,10,1,4,0.8974,0.8709,0.9993,0.8704,0.0379
0,10,1,5,0.9190,0.9007,0.9894,0.8971,0.0303
0,10,1,6,0.8443,0.8057,0.9523,0.8116,0.0563
0,10,1,7,0.8833,0.8499,0.9969,0.8550,0.0416
0,10,1,8,0.8985,0.8590,0.9945,0.8732,0.0373
0,10,1,9,0.8438,0.7947,0.9832,0.8137,0.0594
0,10,1,10,0.6718,0.8477,0.9878,0.5476,0.0144
0,10,1,11,0.7561,0.7385,0.8085,0.7013,0.0622
0,10,2,0,0.8878,0.8629,0.9990,0.8513,0.0214
0,10,2,1,0.7964,0.7647,0.9880,0.7650,0.0792
0,10,2,2,0.6592,0.7919,0.9441,0.5638,0.0483
0,10,2,3,0.8708,0.8786,0.9931,0.8242,0.0117
0,10,2,4,0.8284,0.8481,0.9897,0.7809,0.0392
0,10,2,5,0.8222,0.8208,0.9902,0.7684,0.0333
0,10,2,6,0.8462,0.8132,0.9844,0.8171,0.0597
0,10,2,7,0.9305,0.9274,1.0000,0.9013,0.0092
0,10,2,8,0.7053,0.8428,0.9787,0.6158,0.0373
0,10,2,9,0.7616,0.8010,0.9711,0.6870,0.0319
0,10,2,10,0.9543,0.9466,1.0000,0.9376,0.0089
0,10,2,11,0.8398,0.8076,0.9903,0.8070,0.0592
0,10,3,0,0.7363,0.7203,0.9787,0.7040,0.0984
0,10,3,1,0.8534,0.8160,0.9815,0.8235,0.0533
0,10,3,2,0.7530,0.8208,0.9855,0.6688,0.0238
0,10,3,3,0.7283,0.8509,0.9753,0.6580,0.0541
0,10,3,4,0.7431,0.7175,0.9835,0.7100,0.0968
0,10,3,5,0.8518,0.8177,0.9977,0.8204,0.0530
0,10,3,6,0.8629,0.8749,0.9760,0.8168,0.0190
0,10,3,7,0.7521,0.7770,0.9188,0.6813,0.0357
0,10,3,8,0.8296,0.8583,0.9958,0.7803,0.0427
0,10,3,9,0.7418,0.8227,0.9824,0.6682,0.0476
0,10,3,10,0.8502,0.8332,0.9753,0.8222,0.0597
0,10,3,11,0.7514,0.8575,0.9827,0.6759,0.0367
0,10,4,0,0.5780,0.8058,0.8843,0.4816,0.0737
0,10,4,1,0.8253,0.8236,0.9904,0.7856,0.0511
0,10,4,2,0.7675,0.7328,0.9901,0.7328,0.0863
0,10,4,3,0.8164,0.8299,0.9836,0.7706,0.0481
0,10,4,4,0.7898,0.7574,0.9915,0.7559,0.0786
0,10,4,5,0.8215,0.8560,0.9902,0.7781,0.0505
0,10,4,6,0.8719,0.8386,0.9995,0.8399,0.0405
0,10,4,7,0.8533,0.8426,0.9246,0.8154,0.0433
0,10,4,8,0.8087,0.7817,0.9894,0.7760,0.0713
0,10,4,9,0.8591,0.8764,0.9997,0.8138,0.0244
0,10,4,10,0.7601,0.7351,0.9815,0.7271,0.0906
0,10,4,11,0.3995,0.7159,0.7278,0.2863,0.1035
0,10,5,0,0.7534,0.7234,0.9787,0.7195,0.0903
0,10,5,1,0.7180,0.7018,0.9809,0.6852,0.1035
0,10,5,2,0.8367,0.8289,0.9968,0.7919,0.0417
0,10,5,3,0.8565,0.8331,0.9968,0.8197,0.0444
0,10,5,4,0.8565,0.8409,0.9980,0.8150,0.0351
0,10,5,5,0.7370,0.7251,0.9858,0.7014,0.0941
0,10,5,6,0.7791,0.8052,0.9952,0.7346,0.0659
0,10,5,7,0.7789,0.7862,0.9989,0.7327,0.0662
0,10,5,8,0.7674,0.7595,0.9919,0.7237,0.0738
0,10,5,9,0.7501,0.7197,0.9827,0.7164,0.0940
0,10,5,10,0.8363,0.8216,0.9653,0.7963,0.0476
0,10,5,11,0.8218,0.7936,0.9948,0.7885,0.0656
0,10,6,0,0.8453,0.8710,0.9994,0.7958,0.0346
0,10,6,1,0.7656,0.7533,0.9972,0.7230,0.0722
0,10,6,2,0.7921,0.7532,0.9859,0.7585,0.0783
0,10,6,3,0.8584,0.8360,0.9849,0.8215,0.0397
0,10,6,4,0.8443,0.8204,0.9958,0.8109,0.0543
0,10,6,5,0.8311,0.7969,0.9921,0.7983,0.0635
0,10,6,6,0.8182,0.7964,0.9898,0.7861,0.0695
0,10,6,7,0.8321,0.8110,0.9637,0.7933,0.0524
0,10,6,8,0.8195,0.8412,0.9865,0.7770,0.0525
0,10,6,9,0.7204,0.7046,0.9810,0.6876,0.1032
0,10,6,10,0.7508,0.7257,0.9836,0.7173,0.0941
0,10,6,11,0.8206,0.8186,0.9974,0.7830,0.0597
0,10,7,0,0.7548,0.7964,0.9898,0.7060,0.0703
0,10,7,1,0.7472,0.7276,0.9799,0.7140,0.0946
0,10,7,2,0.7192,0.7026,0.9809,0.6864,0.1035
0,10,7,3,0.8471,0.8153,0.9910,0.8154,0.0538
0,10,7,4,0.7742,0.7592,0.9938,0.7372,0.0775
0,10,7,5,0.8086,0.7756,0.9947,0.7727,0.0681
0,10,7,6,0.7792,0.7535,0.9844,0.7458,0.0832
0,10,7,7,0.7314,0.7125,0.9827,0.6982,0.1010
0,10,7,8,0.7939,0.7798,0.9788,0.7513,0.0622
0,10,7,9,0.7938,0.7726,0.9935,0.7589,0.0749
0,10,7,10,0.7205,0.7036,0.9811,0.6875,0.1035
0,10,7,11,0.7257,0.7074,0.9820,0.6926,0.1022
0,10,8,0,0.7714,0.7490,0.9931,0.7338,0.0805
0,10,8,1,0.7241,0.7048,0.9813,0.6908,0.1024
0,10,8,2,0.8562,0.8186,0.9904,0.8274,0.0540
0,10,8,3,0.7742,0.7470,0.9687,0.7396,0.0843
0,10,8,4,0.8010,0.8127,0.9959,0.7543,0.0562
0,10,8,5,0.8758,0.8757,0.9991,0.8380,0.0290
0,10,8,6,0.7541,0.7326,0.9843,0.7164,0.0841
0,10,8,7,0.7658,0.7862,0.9946,0.7204,0.0713
0,10,8,8,0.7822,0.7876,0.9669,0.7276,0.0506
0,10,8,9,0.7895,0.7584,0.9822,0.7556,0.0778
0,10,8,10,0.8455,0.8147,0.9886,0.8128,0.0562
0,10,8,11,0.7940,0.7589,0.9817,0.7593,0.0744
0,10,9,0,0.7729,0.7557,0.9753,0.7341,0.0759
0,10,9,1,0.7280,0.7103,0.9812,0.6952,0.1014
0,10,9,2,0.7317,0.7114,0.9815,0.6982,0.1002
0,10,9,3,0.8220,0.8184,0.9941,0.7814,0.0538
0,10,9,4,0.7347,0.7134,0.9822,0.7017,0.0989
0,10,9,5,0.7780,0.7498,0.9814,0.7442,0.0829
0,10,9,6,0.7214,0.7051,0.9812,0.6885,0.1030
0,10,9,7,0.7912,0.7604,0.9762,0.7560,0.0738
0,10,9,8,0.7510,0.7275,0.9814,0.7174,0.0929
0,10,9,9,0.7205,0.7036,0.9810,0.6877,0.1033
0,10,9,10,0.8331,0.8417,0.9873,0.7951,0.0508
0,10,9,11,0.7252,0.7075,0.9811,0.6922,0.1024
0,10,10,0,0.7491,0.7192,0.9823,0.7135,0.0910
0,10,10,1,0.7265,0.7086,0.9827,0.6934,0.1021
0,10,10,2,0.7336,0.7165,0.9822,0.7006,0.1002
0,10,10,3,0.7580,0.7343,0.9802,0.7249,0.0916
0,10,10,4,0.7839,0.7570,0.9887,0.7491,0.0794
0,10,10,5,0.7937,0.7901,0.9838,0.7565,0.0643
0,10,10,6,0.7261,0.7062,0.9828,0.6924,0.1014
0,10,10,7,0.7624,0.7352,0.9838,0.7281,0.0890
0,10,10,8,0.7307,0.7115,0.9831,0.6976,0.1006
0,10,10,9,0.7705,0.7566,0.9447,0.7280,0.0740
0,10,10,10,0.7225,0.7039,0.9817,0.6893,0.1029
0,10,10,11,0.7098,0.7139,0.9947,0.6614,0.0878
0,10,11,0,0.9273,0.9416,0.9996,0.8984,0.0106
0,10,11,1,0.7798,0.7478,0.9869,0.7472,0.0835
0,10,11,2,0.7385,0.7111,0.9861,0.7044,0.0975
0,10,11,3,0.8373,0.8244,0.9931,0.7953,0.0438
0,10,11,4,0.7979,0.7528,0.9910,0.7630,0.0733
0,10,11,5,0.7499,0.7225,0.9826,0.7164,0.0938
0,10,11,6,0.7285,0.7083,0.9837,0.6953,0.1017
0,10,11,7,0.7725,0.7493,0.9917,0.7383,0.0843
0,10,11,8,0.6290,0.8381,0.9586,0.5037,0.0271
0,10,11,9,0.7300,0.7115,0.9832,0.6968,0.1010
0,10,11,10,0.8536,0.8274,0.9964,0.8203,0.0500
0,10,11,11,0.8228,0.8070,0.9927,0.7832,0.0551
0,11,0,0,0.9617,0.9612,0.9999,0.9475,0.0125
0,11,0,1,0.4151,0.4686,0.7722,0.3047,0.0983
0,11,0,2,0.9318,0.9394,0.9861,0.9094,0.0152
0,11,0,3,0.5089,0.5274,0.7546,0.3994,0.0738
0,11,0,4,0.7315,0.7148,0.9102,0.6471,0.0325
0,11,0,5,0.5224,0.5343,0.7087,0.4117,0.0660
0,11,0,6,0.9326,0.9383,0.9989,0.9076,0.0163
0,11,0,7,0.8906,0.8950,0.9953,0.8501,0.0163
0,11,0,8,0.8857,0.9024,0.9795,0.8468,0.0206
0,11,0,9,0.9842,0.9799,1.0000,0.9781,0.0060
0,11,0,10,0.9583,0.9561,0.9955,0.9415,0.0079
0,11,0,11,1.0000,1.0000,1.0000,1.0000,0.0000
0,11,1,0,0.8711,0.8754,0.9712,0.8283,0.0183
0,11,1,1,0.9623,0.9578,0.9880,0.9509,0.0167
0,11,1,2,0.9587,0.9420,0.9697,0.9466,0.0163
0,11,1,3,0.9448,0.9425,0.9985,0.9257,0.0270
0,11,1,4,0.9519,0.9423,0.9913,0.9420,0.0338
0,11,1,5,0.9332,0.9082,0.9711,0.9154,0.0290
0,11,1,6,0.8744,0.8582,0.9191,0.8499,0.0529
0,11,1,7,0.9409,0.9295,0.9849,0.9300,0.0381
0,11,1,8,0.9514,0.9353,0.9800,0.9423,0.0338
0,11,1,9,0.9070,0.8835,0.9614,0.8943,0.0559
0,11,1,10,0.6138,0.7778,0.9686,0.4706,0.0163
0,11,1,11,0.6037,0.5758,0.7490,0.5050,0.0594
0,11,2,0,0.9357,0.9132,0.9902,0.9158,0.0224
0,11,2,1,0.8613,0.8522,0.9689,0.8462,0.0757
0,11,2,2,0.7004,0.7470,0.9085,0.6188,0.0460
0,11,2,3,0.8900,0.8841,0.9776,0.8509,0.0133
0,11,2,4,0.8694,0.8989,0.9717,0.8348,0.0392
0,11,2,5,0.8534,0.8519,0.9726,0.8101,0.0311
0,11,2,6,0.9090,0.8930,0.9633,0.8971,0.0562
0,11,2,7,0.9123,0.8969,0.9952,0.8766,0.0143
0,11,2,8,0.7487,0.8629,0.9549,0.6744,0.0341
0,11,2,9,0.8017,0.7979,0.9441,0.7412,0.0297
0,11,2,10,0.9660,0.9626,0.9953,0.9536,0.0089
0,11,2,11,0.8980,0.8845,0.9727,0.8814,0.0557
0,11,3,0,0.8014,0.8034,0.9549,0.7842,0.0949
0,11,3,1,0.9126,0.8985,0.9589,0.8993,0.0498
0,11,3,2,0.7969,0.8083,0.9650,0.7292,0.0257
0,11,3,3,0.8345,0.8940,0.9500,0.7963,0.0535
0,11,3,4,0.8168,0.8090,0.9619,0.8012,0.0933
0,11,3,5,0.8990,0.8950,0.9868,0.8809,0.0495
0,11,3,6,0.8980,0.8886,0.9510,0.8645,0.0203
0,11,3,7,0.8266,0.7937,0.8772,0.7797,0.0363
0,11,3,8,0.8980,0.8994,0.9825,0.8709,0.0437
0,11,3,9,0.8180,0.8516,0.9603,0.7688,0.0460
0,11,3,10,0.8933,0.8814,0.9500,0.8768,0.0562
0,11,3,11,0.8050,0.8857,0.9606,0.7476,0.0367
0,11,4,0,0.6560,0.8336,0.8360,0.5820,0.0702
0,11,4,1,0.8926,0.8994,0.9728,0.8723,0.0495
0,11,4,2,0.8371,0.8239,0.9723,0.8197,0.0829
0,11,4,3,0.8958,0.8846,0.9621,0.8738,0.0452
0,11,4,4,0.8528,0.8434,0.9747,0.8350,0.0751
0,11,4,5,0.8863,0.9077,0.9725,0.8622,0.0483
0,11,4,6,0.9351,0.9193,0.9918,0.9223,0.0370
0,11,4,7,0.7849,0.7631,0.8843,0.7252,0.0430
0,11,4,8,0.8717,0.8630,0.9712,0.8555,0.0678
0,11,4,9,0.8934,0.9162,0.9975,0.8600,0.0248
0,11,4,10,0.8285,0.8214,0.9589,0.8121,0.0871
0,11,4,11,0.4719,0.6386,0.6595,0.3781,0.1000
0,11,5,0,0.8199,0.8124,0.9549,0.8020,0.0868
0,11,5,1,0.7922,0.7927,0.9581,0.7765,0.1000
0,11,5,2,0.8742,0.8873,0.9999,0.8412,0.0402
0,11,5,3,0.9078,0.9104,0.9999,0.8867,0.0413
0,11,5,4,0.9133,0.9071,0.9875,0.8902,0.0341
0,11,5,5,0.8141,0.8154,0.9655,0.7971,0.0906
0,11,5,6,0.8573,0.8768,0.9814,0.8342,0.0630
0,11,5,7,0.8584,0.8670,0.9901,0.8342,0.0627
0,11,5,8,0.8457,0.8461,0.9754,0.8228,0.0703
0,11,5,9,0.8233,0.8124,0.9607,0.8072,0.0905
0,11,5,10,0.8897,0.8776,0.9362,0.8656,0.0448
0,11,5,11,0.8839,0.8701,0.9806,0.8673,0.0621
0,11,6,0,0.8753,0.9156,0.9982,0.8363,0.0365
0,11,6,1,0.8475,0.8354,0.9857,0.8265,0.0687
0,11,6,2,0.8582,0.8455,0.9656,0.8415,0.0748
0,11,6,3,0.9181,0.9053,0.9641,0.8997,0.0387
0,11,6,4,0.8869,0.8936,0.9827,0.8655,0.0508
0,11,6,5,0.8944,0.8807,0.9757,0.8790,0.0600
0,11,6,6,0.8746,0.8627,0.9719,0.8572,0.0660
0,11,6,7,0.8887,0.8759,0.9341,0.8664,0.0495
0,11,6,8,0.8960,0.9027,0.9665,0.8760,0.0490
0,11,6,9,0.7945,0.7949,0.9581,0.7788,0.0997
0,11,6,10,0.8217,0.8142,0.9620,0.8051,0.0906
0,11,6,11,0.8879,0.8975,0.9861,0.8691,0.0562
0,11,7,0,0.8422,0.8697,0.9719,0.8172,0.0668
0,11,7,1,0.8146,0.8099,0.9566,0.7974,0.0911
0,11,7,2,0.7936,0.7934,0.9581,0.7779,0.1000
0,11,7,3,0.9123,0.8926,0.9739,0.8990,0.0503
0,11,7,4,0.8401,0.8421,0.9788,0.8198,0.0740
0,11,7,5,0.8748,0.8634,0.9804,0.8568,0.0646
0,11,7,6,0.8478,0.8412,0.9633,0.8316,0.0797
0,11,7,7,0.8053,0.8030,0.9607,0.7894,0.0975
0,11,7,8,0.8718,0.8439,0.9550,0.8508,0.0587
0,11,7,9,0.8653,0.8615,0.9782,0.8490,0.0714
0,11,7,10,0.7946,0.7937,0.9583,0.7787,0.1000
0,11,7,11,0.8000,0.7984,0.9596,0.7842,0.0987
0,11,8,0,0.8441,0.8372,0.9775,0.8252,0.0770
0,11,8,1,0.7981,0.7954,0.9587,0.7820,0.0989
0,11,8,2,0.9181,0.9010,0.9729,0.9067,0.0505
0,11,8,3,0.8324,0.8261,0.9408,0.8121,0.0808
0,11,8,4,0.8714,0.8814,0.9828,0.8453,0.0527
0,11,8,5,0.9342,0.9430,0.9986,0.9159,0.0287
0,11,8,6,0.8301,0.8158,0.9631,0.8114,0.0806
0,11,8,7,0.8403,0.8641,0.9802,0.8149,0.0678
0,11,8,8,0.8534,0.8443,0.9384,0.8202,0.0475
0,11,8,9,0.8557,0.8408,0.9599,0.8387,0.0743
0,11,8,10,0.9011,0.8860,0.9698,0.8840,0.0527
0,11,8,11,0.8618,0.8427,0.9593,0.8447,0.0710
0,11,9,0,0.8441,0.8344,0.9500,0.8236,0.0724
0,11,9,1,0.8019,0.8004,0.9585,0.7862,0.0979
0,11,9,2,0.8060,0.8013,0.9590,0.7899,0.0967
0,11,9,3,0.8870,0.8894,0.9794,0.8653,0.0503
0,11,9,4,0.8077,0.8030,0.9599,0.7918,0.0954
0,11,9,5,0.8432,0.8353,0.9587,0.8257,0.0794
0,11,9,6,0.7955,0.7955,0.9584,0.7798,0.0995
0,11,9,7,0.8578,0.8453,0.9513,0.8398,0.0703
0,11,9,8,0.8264,0.8173,0.9588,0.8111,0.0894
0,11,9,9,0.7944,0.7941,0.9582,0.7786,0.0998
0,11,9,10,0.8803,0.8989,0.9678,0.8559,0.0479
0,11,9,11,0.7994,0.7985,0.9584,0.7837,0.0989
0,11,10,0,0.8237,0.8103,0.9601,0.8062,0.0875
0,11,10,1,0.8004,0.7985,0.9608,0.7844,0.0986
0,11,10,2,0.8079,0.8073,0.9600,0.7923,0.0967
0,11,10,3,0.8300,0.8242,0.9570,0.8144,0.0881
0,11,10,4,0.8567,0.8455,0.9700,0.8406,0.0759
0,11,10,5,0.8499,0.8751,0.9624,0.8273,0.0614
0,11,10,6,0.8007,0.7974,0.9608,0.7844,0.0979
0,11,10,7,0.8326,0.8216,0.9624,0.8155,0.0856
0,11,10,8,0.8031,0.8015,0.9613,0.7868,0.0971
0,11,10,9,0.8265,0.8011,0.9094,0.7987,0.0705
0,11,10,10,0.7969,0.7949,0.9592,0.7810,0.0994
0,11,10,11,0.7948,0.8051,0.9804,0.7678,0.0843
0,11,11,0,0.9077,0.9146,0.9923,0.8718,0.0157
0,11,11,1,0.8467,0.8374,0.9671,0.8307,0.0800
0,11,11,2,0.8112,0.8012,0.9658,0.7944,0.0940
0,11,11,3,0.9074,0.8988,0.9774,0.8869,0.0435
0,11,11,4,0.8621,0.8433,0.9739,0.8438,0.0698
0,11,11,5,0.8227,0.8114,0.9606,0.8066,0.0903
0,11,11,6,0.8014,0.7988,0.9622,0.7851,0.0983
0,11,11,7,0.8361,0.8337,0.9750,0.8176,0.0808
0,11,11,8,0.5891,0.7779,0.9273,0.4526,0.0275
0,11,11,9,0.8038,0.8013,0.9615,0.7878,0.0975
0,11,11,10,0.9092,0.9003,0.9838,0.8921,0.0471
0,11,11,11,0.8818,0.8826,0.9767,0.8591,0.0516
1,0,0,0,0.8725,0.8523,0.9674,0.8310,0.0102
1,0,0,1,0.3051,0.5030,0.9014,0.1808,0.0851
1,0,0,2,0.8474,0.8903,0.9973,0.8004,0.0097
1,0,0,3,0.4300,0.5772,0.8893,0.3112,0.0603
1,0,0,4,0.7247,0.7749,0.9827,0.6459,0.0197
1,0,0,5,0.4210,0.5776,0.8564,0.2957,0.0525
1,0,0,6,0.8388,0.8578,0.9811,0.7862,0.0114
1,0,0,7,0.9360,0.9413,0.9897,0.9156,0.0121
1,0,0,8,0.8071,0.9094,0.9993,0.7473,0.0068
1,0,0,9,0.8890,0.8761,0.9735,0.8526,0.0183
1,0,0,10,0.8443,0.8698,0.9894,0.7916,0.0170
1,0,0,11,0.8711,0.8754,0.9712,0.8283,0.0183
1,0,1,0,1.0000,1.0000,1.0000,1.0000,0.0000
1,0,1,1,0.9164,0.9182,0.9964,0.8908,0.0070
1,0,1,2,0.8944,0.8953,1.0000,0.8625,0.0073
1,0,1,3,0.7824,0.7743,0.9827,0.7133,0.0262
1,0,1,4,0.8148,0.7940,0.9941,0.7638,0.0305
1,0,1,5,0.8058,0.8491,1.0000,0.7503,0.0162
1,0,1,6,0.7538,0.7579,0.9865,0.6960,0.0400
1,0,1,7,0.8045,0.7837,0.9978,0.7534,0.0310
1,0,1,8,0.8281,0.8064,0.9992,0.7819,0.0263
1,0,1,9,0.7586,0.7179,0.9993,0.7044,0.0427
1,0,1,10,0.5515,0.7422,0.9999,0.4053,0.0168
1,0,1,11,0.5018,0.6093,0.8853,0.3856,0.0471
1,0,2,0,0.9275,0.9268,0.9950,0.9056,0.0063
1,0,2,1,0.6987,0.6663,1.0000,0.6410,0.0625
1,0,2,2,0.8920,0.9168,0.9819,0.8664,0.0313
1,0,2,3,0.9495,0.9353,0.9996,0.9336,0.0084
1,0,2,4,0.9126,0.9068,1.0000,0.8900,0.0225
1,0,2,5,0.8836,0.9362,1.0000,0.8510,0.0176
1,0,2,6,0.7637,0.7398,0.9995,0.7108,0.0427
1,0,2,7,0.8858,0.8862,0.9898,0.8479,0.0208
1,0,2,8,0.8722,0.9223,0.9981,0.8378,0.0213
1,0,2,9,0.8521,0.8566,0.9955,0.8104,0.0152
1,0,2,10,0.8985,0.9057,0.9897,0.8658,0.0122
1,0,2,11,0.7476,0.7182,1.0000,0.6894,0.0444
1,0,3,0,0.6277,0.6041,0.9981,0.5678,0.0817
1,0,3,1,0.7971,0.7770,0.9989,0.7502,0.0367
1,0,3,2,0.8834,0.8967,0.9997,0.8482,0.0106
1,0,3,3,0.7890,0.8369,0.9970,0.7385,0.0378
1,0,3,4,0.6401,0.6039,0.9993,0.5806,0.0802
1,0,3,5,0.7599,0.7396,0.9970,0.7029,0.0376
1,0,3,6,0.9471,0.9405,0.9973,0.9310,0.0075
1,0,3,7,0.7985,0.7968,0.9664,0.7456,0.0206
1,0,3,8,0.8696,0.9120,0.9986,0.8341,0.0270
1,0,3,9,0.8341,0.8551,0.9991,0.7910,0.0316
1,0,3,10,0.7473,0.7405,0.9970,0.6905,0.0430
1,0,3,11,0.8495,0.8835,0.9992,0.8082,0.0206
1,0,4,0,0.6559,0.7791,0.9427,0.5852,0.0570
1,0,4,1,0.8298,0.8221,1.0000,0.7902,0.0348
1,0,4,2,0.6675,0.6248,1.0000,0.6068,0.0703
1,0,4,3,0.7922,0.7808,0.9994,0.7407,0.0321
1,0,4,4,0.6926,0.6612,0.9999,0.6329,0.0622
1,0,4,5,0.8584,0.8797,1.0000,0.8246,0.0338
1,0,4,6,0.8100,0.7879,0.9937,0.7603,0.0254
1,0,4,7,0.7922,0.8324,0.9701,0.7377,0.0276
1,0,4,8,0.7178,0.7004,1.0000,0.6603,0.0546
1,0,4,9,0.8553,0.8779,0.9855,0.8124,0.0087
1,0,4,10,0.6552,0.6303,0.9989,0.5950,0.0740
1,0,4,11,0.7184,0.8182,0.8197,0.6810,0.0868
1,0,5,0,0.6425,0.6136,0.9981,0.5803,0.0740
1,0,5,1,0.6140,0.5819,0.9988,0.5551,0.0868
1,0,5,2,0.7649,0.7587,0.9747,0.7019,0.0267
1,0,5,3,0.8072,0.7914,0.9747,0.7568,0.0290
1,0,5,4,0.8305,0.8106,0.9966,0.7833,0.0197
1,0,5,5,0.6371,0.6091,0.9997,0.5762,0.0775
1,0,5,6,0.7671,0.7605,0.9989,0.7185,0.0492
1,0,5,7,0.7233,0.7061,0.9950,0.6629,0.0505
1,0,5,8,0.6703,0.6602,0.9998,0.6023,0.0571
1,0,5,9,0.6460,0.6113,0.9992,0.5855,0.0773
1,0,5,10,0.7409,0.7487,0.9930,0.6756,0.0322
1,0,5,11,0.7158,0.6974,0.9991,0.6539,0.0498
1,0,6,0,0.8587,0.8529,0.9837,0.8170,0.0211
1,0,6,1,0.6721,0.6569,0.9975,0.6059,0.0559
1,0,6,2,0.6975,0.6602,0.9998,0.6385,0.0619
1,0,6,3,0.7663,0.7902,0.9996,0.7044,0.0243
1,0,6,4,0.7484,0.7362,0.9985,0.6886,0.0392
1,0,6,5,0.7465,0.7152,0.9998,0.6903,0.0475
1,0,6,6,0.6918,0.6937,1.0000,0.6262,0.0541
1,0,6,7,0.7531,0.7494,0.9923,0.6931,0.0357
1,0,6,8,0.8227,0.8174,0.9998,0.7807,0.0356
1,0,6,9,0.6160,0.5855,0.9988,0.5569,0.0865
1,0,6,10,0.6457,0.6113,0.9994,0.5851,0.0778
1,0,6,11,0.7890,0.7890,0.9973,0.7417,0.0433
1,0,7,0,0.7252,0.7276,1.0000,0.6687,0.0537
1,0,7,1,0.6412,0.6126,0.9985,0.5809,0.0779
1,0,7,2,0.6155,0.5829,0.9988,0.5565,0.0868
1,0,7,3,0.7577,0.7366,0.9999,0.7011,0.0375
1,0,7,4,0.7000,0.6717,0.9994,0.6430,0.0608
1,0,7,5,0.7228,0.6888,0.9991,0.6638,0.0524
1,0,7,6,0.6818,0.6548,0.9995,0.6226,0.0668
1,0,7,7,0.6274,0.5956,0.9992,0.5678,0.0843
1,0,7,8,0.7520,0.7371,0.9982,0.6980,0.0462
1,0,7,9,0.7022,0.6831,0.9995,0.6428,0.0589
1,0,7,10,0.6161,0.5838,0.9988,0.5568,0.0868
1,0,7,11,0.6221,0.5891,0.9990,0.5628,0.0856
1,0,8,0,0.6613,0.6416,0.9996,0.5957,0.0654
1,0,8,1,0.6200,0.5858,0.9989,0.5605,0.0857
1,0,8,2,0.7758,0.7500,1.0000,0.7237,0.0379
1,0,8,3,0.6618,0.6576,0.9945,0.5982,0.0679
1,0,8,4,0.7653,0.7622,0.9985,0.7098,0.0402
1,0,8,5,0.8741,0.8691,0.9823,0.8377,0.0152
1,0,8,6,0.6494,0.6196,0.9995,0.5853,0.0678
1,0,8,7,0.7152,0.7129,0.9991,0.6567,0.0552
1,0,8,8,0.6939,0.7630,0.9937,0.6184,0.0346
1,0,8,9,0.6952,0.6658,0.9991,0.6361,0.0611
1,0,8,10,0.7336,0.7202,1.0000,0.6703,0.0408
1,0,8,11,0.6845,0.6669,0.9990,0.6211,0.0581
1,0,9,0,0.6634,0.6647,0.9970,0.5968,0.0598
1,0,9,1,0.6246,0.5921,0.9988,0.5655,0.0848
1,0,9,2,0.6273,0.5967,0.9989,0.5673,0.0835
1,0,9,3,0.7891,0.7678,0.9993,0.7394,0.0375
1,0,9,4,0.6290,0.5974,0.9991,0.5691,0.0822
1,0,9,5,0.6725,0.6484,0.9989,0.6112,0.0668
1,0,9,6,0.6176,0.5860,0.9988,0.5586,0.0863
1,0,9,7,0.6882,0.6684,0.9974,0.6258,0.0571
1,0,9,8,0.6489,0.6158,0.9989,0.5890,0.0762
1,0,9,9,0.6165,0.5840,0.9988,0.5575,0.0867
1,0,9,10,0.8371,0.8516,0.9999,0.7990,0.0341
1,0,9,11,0.6218,0.5897,0.9988,0.5627,0.0857
1,0,10,0,0.6417,0.6116,0.9991,0.5788,0.0746
1,0,10,1,0.6222,0.5897,0.9992,0.5628,0.0854
1,0,10,2,0.6309,0.6003,0.9991,0.5717,0.0835
1,0,10,3,0.6569,0.6284,0.9986,0.5975,0.0749
1,0,10,4,0.6848,0.6567,1.0000,0.6239,0.0627
1,0,10,5,0.7571,0.7726,0.9994,0.7085,0.0473
1,0,10,6,0.6210,0.5888,0.9992,0.5608,0.0848
1,0,10,7,0.6561,0.6246,0.9994,0.5945,0.0727
1,0,10,8,0.6261,0.5936,0.9993,0.5664,0.0840
1,0,10,9,0.7196,0.7162,0.9823,0.6633,0.0576
1,0,10,10,0.6182,0.5851,0.9989,0.5588,0.0862
1,0,10,11,0.6151,0.5977,0.9991,0.5444,0.0714
1,0,11,0,0.8288,0.8610,0.9932,0.7715,0.0159
1,0,11,1,0.6803,0.6456,0.9999,0.6213,0.0671
1,0,11,2,0.6322,0.5929,0.9998,0.5713,0.0811
1,0,11,3,0.7686,0.7684,0.9996,0.7086,0.0281
1,0,11,4,0.6956,0.6516,0.9999,0.6335,0.0576
1,0,11,5,0.6439,0.6085,0.9992,0.5832,0.0771
1,0,11,6,0.6240,0.5897,0.9994,0.5643,0.0851
1,0,11,7,0.6605,0.6321,0.9999,0.5975,0.0683
1,0,11,8,0.5273,0.7528,0.9898,0.3874,0.0117
1,0,11,9,0.6264,0.5931,0.9993,0.5669,0.0843
1,0,11,10,0.7873,0.7697,0.9982,0.7352,0.0337
1,0,11,11,0.7558,0.7490,0.9997,0.6981,0.0390
1,1,0,0,0.9267,0.9232,0.9855,0.9028,0.0121
1,1,0,1,0.3282,0.4076,0.8612,0.2079,0.0870
1,1,0,2,0.9116,0.9461,0.9999,0.8841,0.0068
1,1,0,3,0.4327,0.4780,0.8470,0.3139,0.0622
1,1,0,4,0.6859,0.7013,0.9633,0.5954,0.0206
1,1,0,5,0.4383,0.4795,0.8092,0.3162,0.0544
1,1,0,6,0.8897,0.9026,0.9940,0.8536,0.0121
1,1,0,7,0.9192,0.9188,0.9983,0.8930,0.0114
1,1,0,8,0.8801,0.9103,0.9989,0.8427,0.0087
1,1,0,9,0.9678,0.9580,0.9894,0.9582,0.0176
1,1,0,10,0.9149,0.9021,0.9982,0.8870,0.0173
1,1,0,11,0.9623,0.9578,0.9880,0.9509,0.0167
1,1,1,0,0.9164,0.9182,0.9964,0.8908,0.0070
1,1,1,1,1.0000,1.0000,1.0000,1.0000,0.0000
1,1,1,2,0.9818,0.9788,0.9958,0.9762,0.0070
1,1,1,3,0.8910,0.8778,0.9949,0.8562,0.0275
1,1,1,4,0.9387,0.9398,0.9997,0.9224,0.0302
1,1,1,5,0.9209,0.9104,0.9963,0.8985,0.0178
1,1,1,6,0.8748,0.8744,0.9690,0.8476,0.0416
1,1,1,7,0.9328,0.9350,0.9998,0.9164,0.0303
1,1,1,8,0.9554,0.9510,0.9990,0.9444,0.0257
1,1,1,9,0.9066,0.8940,0.9924,0.8890,0.0446
1,1,1,10,0.4913,0.7083,0.9954,0.3240,0.0184
1,1,1,11,0.5383,0.5244,0.8425,0.4305,0.0475
1,1,2,0,0.9650,0.9504,0.9999,0.9543,0.0086
1,1,2,1,0.8585,0.8524,0.9955,0.8371,0.0644
1,1,2,2,0.7743,0.7880,0.9622,0.7176,0.0322
1,1,2,3,0.9200,0.9064,0.9984,0.8945,0.0097
1,1,2,4,0.9173,0.9422,0.9965,0.8960,0.0235
1,1,2,5,0.9226,0.9201,0.9968,0.9010,0.0163
1,1,2,6,0.9178,0.9114,0.9932,0.9032,0.0446
1,1,2,7,0.8764,0.8676,0.9984,0.8346,0.0202
1,1,2,8,0.7626,0.9087,0.9893,0.6974,0.0222
1,1,2,9,0.7982,0.8202,0.9837,0.7408,0.0162
1,1,2,10,0.9502,0.9604,0.9983,0.9342,0.0110
1,1,2,11,0.8851,0.8841,0.9969,0.8613,0.0454
1,1,3,0,0.7930,0.7942,0.9893,0.7678,0.0837
1,1,3,1,0.9258,0.9262,0.9912,0.9116,0.0386
1,1,3,2,0.8160,0.8255,0.9939,0.7601,0.0141
1,1,3,3,0.8283,0.8893,0.9869,0.7878,0.0381
1,1,3,4,0.8080,0.8004,0.9926,0.7843,0.0821
1,1,3,5,0.8848,0.8893,1.0000,0.8596,0.0386
1,1,3,6,0.9201,0.9264,0.9874,0.8955,0.0084
1,1,3,7,0.8093,0.7981,0.9409,0.7591,0.0213
1,1,3,8,0.9470,0.9329,0.9995,0.9332,0.0283
1,1,3,9,0.8077,0.8648,0.9919,0.7574,0.0319
1,1,3,10,0.8895,0.8882,0.9869,0.8678,0.0449
1,1,3,11,0.7889,0.9102,0.9920,0.7302,0.0219
1,1,4,0,0.6168,0.8459,0.9108,0.5367,0.0573
1,1,4,1,0.9245,0.9394,0.9969,0.9093,0.0348
1,1,4,2,0.8269,0.8169,0.9967,0.8016,0.0719
1,1,4,3,0.8710,0.8806,0.9927,0.8400,0.0321
1,1,4,4,0.8420,0.8387,0.9975,0.8165,0.0638
1,1,4,5,0.8966,0.9239,0.9968,0.8728,0.0338
1,1,4,6,0.9280,0.9242,0.9996,0.9102,0.0260
1,1,4,7,0.7897,0.7851,0.9459,0.7344,0.0283
1,1,4,8,0.8658,0.8674,0.9964,0.8431,0.0565
1,1,4,9,0.8820,0.9171,0.9964,0.8468,0.0103
1,1,4,10,0.8201,0.8184,0.9912,0.7959,0.0759
1,1,4,11,0.5394,0.6761,0.7679,0.4652,0.0887
1,1,5,0,0.8152,0.8054,0.9893,0.7904,0.0756
1,1,5,1,0.7838,0.7796,0.9909,0.7599,0.0887
1,1,5,2,0.8376,0.8617,0.9902,0.7943,0.0263
1,1,5,3,0.8946,0.9006,0.9902,0.8679,0.0300
1,1,5,4,0.9022,0.8992,1.0000,0.8751,0.0197
1,1,5,5,0.8049,0.8024,0.9942,0.7798,0.0794
1,1,5,6,0.8572,0.8787,0.9993,0.8304,0.0502
1,1,5,7,0.8447,0.8499,0.9999,0.8136,0.0521
1,1,5,8,0.8323,0.8263,0.9978,0.8022,0.0584
1,1,5,9,0.8145,0.8060,0.9921,0.7903,0.0792
1,1,5,10,0.8503,0.8678,0.9793,0.8136,0.0325
1,1,5,11,0.8661,0.8668,0.9991,0.8406,0.0514
1,1,6,0,0.8570,0.8873,0.9954,0.8147,0.0233
1,1,6,1,0.8171,0.8148,0.9999,0.7844,0.0575
1,1,6,2,0.8531,0.8458,0.9942,0.8298,0.0635
1,1,6,3,0.9030,0.9156,0.9936,0.8782,0.0243
1,1,6,4,0.8802,0.8878,0.9995,0.8539,0.0405
1,1,6,5,0.8846,0.8823,0.9978,0.8623,0.0490
1,1,6,6,0.8550,0.8539,0.9966,0.8282,0.0557
1,1,6,7,0.8705,0.8863,0.9780,0.8407,0.0360
1,1,6,8,0.8956,0.9119,0.9946,0.8724,0.0362
1,1,6,9,0.7859,0.7822,0.9909,0.7618,0.0884
1,1,6,10,0.8125,0.8049,0.9927,0.7878,0.0794
1,1,6,11,0.8955,0.9106,0.9999,0.8747,0.0449
1,1,7,0,0.8436,0.8581,0.9966,0.8151,0.0546
1,1,7,1,0.8052,0.8043,0.9902,0.7800,0.0798
1,1,7,2,0.7851,0.7808,0.9909,0.7612,0.0887
1,1,7,3,0.9011,0.9008,0.9973,0.8806,0.0390
1,1,7,4,0.8306,0.8364,0.9987,0.8032,0.0627
1,1,7,5,0.8714,0.8633,0.9991,0.8480,0.0540
1,1,7,6,0.8393,0.8399,0.9932,0.8155,0.0684
1,1,7,7,0.7963,0.7920,0.9921,0.7721,0.0862
1,1,7,8,0.8728,0.8589,0.9894,0.8482,0.0478
1,1,7,9,0.8602,0.8638,0.9985,0.8375,0.0605
1,1,7,10,0.7855,0.7810,0.9910,0.7613,0.0887
1,1,7,11,0.7911,0.7863,0.9916,0.7669,0.0875
1,1,8,0,0.8268,0.8213,0.9984,0.7987,0.0670
1,1,8,1,0.7882,0.7828,0.9911,0.7637,0.0876
1,1,8,2,0.9150,0.9136,0.9969,0.8981,0.0395
1,1,8,3,0.8232,0.8287,0.9819,0.7958,0.0695
1,1,8,4,0.8650,0.8672,0.9995,0.8347,0.0411
1,1,8,5,0.9467,0.9522,0.9947,0.9313,0.0152
1,1,8,6,0.8082,0.8022,0.9931,0.7791,0.0694
1,1,8,7,0.8403,0.8497,0.9990,0.8112,0.0562
1,1,8,8,0.8262,0.8540,0.9805,0.7846,0.0349
1,1,8,9,0.8458,0.8449,0.9917,0.8211,0.0630
1,1,8,10,0.8849,0.8885,0.9959,0.8599,0.0424
1,1,8,11,0.8466,0.8453,0.9914,0.8207,0.0597
1,1,9,0,0.8228,0.8364,0.9869,0.7926,0.0614
1,1,9,1,0.7939,0.7892,0.9910,0.7701,0.0867
1,1,9,2,0.7956,0.7919,0.9913,0.7710,0.0854
1,1,9,3,0.9026,0.8979,0.9988,0.8818,0.0381
1,1,9,4,0.7977,0.7934,0.9917,0.7734,0.0841
1,1,9,5,0.8345,0.8345,0.9912,0.8096,0.0684
1,1,9,6,0.7873,0.7835,0.9910,0.7634,0.0883
1,1,9,7,0.8419,0.8461,0.9875,0.8152,0.0590
1,1,9,8,0.8155,0.8095,0.9912,0.7915,0.0781
1,1,9,9,0.7859,0.7816,0.9909,0.7619,0.0886
1,1,9,10,0.8974,0.9250,0.9951,0.8748,0.0344
1,1,9,11,0.7911,0.7870,0.9910,0.7672,0.0876
1,1,10,0,0.8081,0.8028,0.9918,0.7814,0.0762
1,1,10,1,0.7912,0.7864,0.9921,0.7669,0.0873
1,1,10,2,0.8001,0.7971,0.9918,0.7764,0.0854
1,1,10,3,0.8247,0.8228,0.9904,0.8018,0.0768
1,1,10,4,0.8466,0.8418,0.9959,0.8226,0.0646
1,1,10,5,0.8617,0.8995,0.9928,0.8377,0.0486
1,1,10,6,0.7901,0.7854,0.9921,0.7652,0.0867
1,1,10,7,0.8209,0.8154,0.9928,0.7955,0.0743
1,1,10,8,0.7945,0.7901,0.9923,0.7702,0.0859
1,1,10,9,0.8308,0.8204,0.9628,0.8005,0.0592
1,1,10,10,0.7877,0.7825,0.9914,0.7634,0.0881
1,1,10,11,0.7733,0.7707,0.9991,0.7373,0.0730
1,1,11,0,0.8860,0.8870,0.9995,0.8480,0.0152
1,1,11,1,0.8416,0.8353,0.9948,0.8187,0.0687
1,1,11,2,0.7998,0.7896,0.9943,0.7744,0.0827
1,1,11,3,0.8985,0.8975,0.9983,0.8734,0.0287
1,1,11,4,0.8513,0.8364,0.9973,0.8256,0.0592
1,1,11,5,0.8123,0.8042,0.9920,0.7879,0.0790
1,1,11,6,0.7920,0.7863,0.9927,0.7674,0.0870
1,1,11,7,0.8248,0.8207,0.9976,0.7985,0.0698
1,1,11,8,0.4853,0.7387,0.9740,0.3319,0.0146
1,1,11,9,0.7946,0.7895,0.9924,0.7703,0.0862
1,1,11,10,0.8973,0.9023,0.9997,0.8738,0.0352
1,1,11,11,0.8708,0.8793,0.9981,0.8423,0.0400
1,2,0,0,0.8999,0.8857,0.9658,0.8678,0.0111
1,2,0,1,0.3896,0.4326,0.9040,0.2832,0.0879
1,2,0,2,0.9349,0.9454,0.9968,0.9149,0.0081
1,2,0,3,0.4897,0.4947,0.8920,0.3849,0.0632
1,2,0,4,0.6947,0.6780,0.9838,0.6078,0.0257
1,2,0,5,0.4907,0.4952,0.8595,0.3820,0.0554
1,2,0,6,0.8774,0.8808,0.9799,0.8380,0.0105
1,2,0,7,0.9175,0.9020,0.9888,0.8914,0.0108
1,2,0,8,0.9152,0.9138,0.9990,0.8891,0.0116
1,2,0,9,0.9620,0.9418,0.9720,0.9509,0.0170
1,2,0,10,0.9256,0.8960,0.9885,0.9023,0.0157
1,2,0,11,0.9587,0.9420,0.9697,0.9466,0.0163
1,2,1,0,0.8944,0.8953,1.0000,0.8625,0.0073
1,2,1,1,0.9818,0.9788,0.9958,0.9762,0.0070
1,2,1,2,1.0000,1.0000,1.0000,1.0000,0.0000
1,2,1,3,0.8654,0.8401,0.9816,0.8230,0.0313
1,2,1,4,0.9218,0.9227,0.9934,0.9008,0.0321
1,2,1,5,0.9448,0.9294,1.0000,0.9294,0.0200
1,2,1,6,0.8594,0.8546,0.9875,0.8282,0.0429
1,2,1,7,0.9191,0.9231,0.9974,0.8989,0.0322
1,2,1,8,0.9478,0.9460,0.9989,0.9346,0.0276
1,2,1,9,0.8926,0.8855,0.9995,0.8712,0.0456
1,2,1,10,0.4825,0.7227,1.0000,0.3147,0.0156
1,2,1,11,0.5828,0.5421,0.8882,0.4869,0.0500
1,2,2,0,0.9590,0.9479,0.9944,0.9466,0.0108
1,2,2,1,0.8342,0.8336,1.0000,0.8071,0.0654
1,2,2,2,0.7290,0.7552,0.9831,0.6610,0.0341
1,2,2,3,0.8949,0.8801,0.9994,0.8618,0.0078
1,2,2,4,0.8992,0.9200,1.0000,0.8729,0.0254
1,2,2,5,0.9148,0.9126,0.9999,0.8912,0.0205
1,2,2,6,0.9046,0.8988,0.9997,0.8864,0.0456
1,2,2,7,0.8906,0.8721,0.9890,0.8549,0.0186
1,2,2,8,0.7154,0.8810,0.9985,0.6378,0.0251
1,2,2,9,0.7840,0.8004,0.9960,0.7232,0.0200
1,2,2,10,0.9434,0.9497,0.9888,0.9257,0.0119
1,2,2,11,0.8602,0.8661,0.9999,0.8300,0.0470
1,2,3,0,0.7604,0.7722,0.9985,0.7281,0.0846
1,2,3,1,0.9095,0.9184,0.9992,0.8908,0.0395
1,2,3,2,0.7751,0.7881,0.9998,0.7077,0.0163
1,2,3,3,0.7715,0.8544,0.9975,0.7167,0.0406
1,2,3,4,0.7785,0.7776,0.9995,0.7481,0.0830
1,2,3,5,0.8642,0.8669,0.9965,0.8336,0.0398
1,2,3,6,0.9038,0.9127,0.9977,0.8746,0.0094
1,2,3,7,0.7883,0.7807,0.9679,0.7329,0.0213
1,2,3,8,0.9211,0.9057,0.9982,0.9000,0.0311
1,2,3,9,0.7585,0.8169,0.9994,0.6953,0.0351
1,2,3,10,0.8697,0.8796,0.9975,0.8430,0.0459
1,2,3,11,0.7438,0.8640,0.9994,0.6732,0.0244
1,2,4,0,0.5450,0.8283,0.9447,0.4490,0.0598
1,2,4,1,0.9005,0.9274,0.9999,0.8789,0.0373
1,2,4,2,0.7954,0.7912,0.9999,0.7629,0.0732
1,2,4,3,0.8472,0.8643,0.9996,0.8101,0.0349
1,2,4,4,0.8125,0.8143,0.9998,0.7800,0.0651
1,2,4,5,0.8607,0.8956,0.9999,0.8275,0.0367
1,2,4,6,0.9071,0.9017,0.9930,0.8836,0.0276
1,2,4,7,0.8298,0.8101,0.9716,0.7857,0.0311
1,2,4,8,0.8437,0.8453,1.0000,0.8155,0.0575
1,2,4,9,0.8637,0.8912,0.9844,0.8235,0.0138
1,2,4,10,0.7933,0.7964,0.9992,0.7629,0.0768
1,2,4,11,0.4742,0.6587,0.8232,0.3872,0.0897
1,2,5,0,0.7860,0.7840,0.9985,0.7546,0.0768
1,2,5,1,0.7506,0.7563,0.9990,0.7195,0.0897
1,2,5,2,0.8040,0.8100,0.9733,0.7519,0.0311
1,2,5,3,0.8597,0.8596,0.9733,0.8236,0.0319
1,2,5,4,0.8697,0.8600,0.9961,0.8336,0.0229
1,2,5,5,0.7708,0.7742,0.9999,0.7381,0.0803
1,2,5,6,0.8143,0.8403,0.9986,0.7770,0.0521
1,2,5,7,0.7965,0.7927,0.9944,0.7538,0.0533
1,2,5,8,0.7918,0.7787,0.9997,0.7520,0.0600
1,2,5,9,0.7840,0.7838,0.9994,0.7529,0.0802
1,2,5,10,0.8439,0.8613,0.9937,0.8057,0.0351
1,2,5,11,0.8465,0.8422,0.9988,0.8160,0.0527
1,2,6,0,0.8156,0.8405,0.9826,0.7615,0.0256
1,2,6,1,0.7854,0.7796,0.9970,0.7454,0.0587
1,2,6,2,0.8256,0.8259,0.9999,0.7958,0.0648
1,2,6,3,0.9014,0.9110,0.9998,0.8762,0.0262
1,2,6,4,0.8534,0.8624,0.9982,0.8202,0.0417
1,2,6,5,0.8636,0.8660,0.9997,0.8359,0.0503
1,2,6,6,0.8386,0.8425,1.0000,0.8078,0.0570
1,2,6,7,0.8538,0.8744,0.9930,0.8197,0.0386
1,2,6,8,0.8704,0.8992,0.9999,0.8406,0.0384
1,2,6,9,0.7532,0.7594,0.9991,0.7220,0.0894
1,2,6,10,0.7822,0.7826,0.9996,0.7507,0.0806
1,2,6,11,0.8622,0.8864,0.9968,0.8331,0.0462
1,2,7,0,0.7891,0.8080,1.0000,0.7477,0.0565
1,2,7,1,0.7715,0.7798,0.9988,0.7387,0.0808
1,2,7,2,0.7519,0.7574,0.9990,0.7207,0.0897
1,2,7,3,0.8856,0.8806,0.9998,0.8611,0.0403
1,2,7,4,0.7940,0.8041,0.9992,0.7581,0.0637
1,2,7,5,0.8343,0.8319,0.9988,0.8018,0.0552
1,2,7,6,0.8113,0.8196,0.9997,0.7809,0.0697
1,2,7,7,0.7641,0.7681,0.9994,0.7328,0.0871
1,2,7,8,0.8372,0.8273,0.9985,0.8038,0.0490
1,2,7,9,0.8283,0.8378,0.9993,0.7978,0.0617
1,2,7,10,0.7524,0.7580,0.9991,0.7210,0.0897
1,2,7,11,0.7587,0.7634,0.9993,0.7275,0.0884
1,2,8,0,0.7945,0.7951,0.9994,0.7589,0.0683
1,2,8,1,0.7559,0.7601,0.9991,0.7243,0.0886
1,2,8,2,0.9037,0.9004,0.9999,0.8837,0.0408
1,2,8,3,0.7971,0.8033,0.9951,0.7636,0.0708
1,2,8,4,0.8176,0.8163,0.9981,0.7754,0.0430
1,2,8,5,0.9091,0.9145,0.9811,0.8830,0.0178
1,2,8,6,0.7816,0.7798,0.9997,0.7464,0.0706
1,2,8,7,0.7868,0.8014,0.9989,0.7450,0.0581
1,2,8,8,0.8221,0.8459,0.9944,0.7796,0.0375
1,2,8,9,0.8172,0.8212,0.9993,0.7858,0.0640
1,2,8,10,0.8617,0.8663,1.0000,0.8308,0.0437
1,2,8,11,0.8232,0.8234,0.9992,0.7917,0.0610
1,2,9,0,0.7932,0.8137,0.9975,0.7562,0.0627
1,2,9,1,0.7621,0.7663,0.9991,0.7313,0.0876
1,2,9,2,0.7637,0.7685,0.9992,0.7321,0.0863
1,2,9,3,0.8686,0.8748,0.9991,0.8391,0.0406
1,2,9,4,0.7675,0.7685,0.9993,0.7365,0.0851
1,2,9,5,0.8079,0.8143,0.9991,0.7767,0.0697
1,2,9,6,0.7539,0.7597,0.9991,0.7227,0.0892
1,2,9,7,0.8215,0.8257,0.9978,0.7898,0.0600
1,2,9,8,0.7894,0.7885,0.9991,0.7595,0.0790
1,2,9,9,0.7528,0.7581,0.9991,0.7216,0.0895
1,2,9,10,0.8720,0.8914,1.0000,0.8427,0.0370
1,2,9,11,0.7586,0.7642,0.9991,0.7276,0.0886
1,2,10,0,0.7774,0.7796,0.9993,0.7437,0.0775
1,2,10,1,0.7581,0.7624,0.9994,0.7266,0.0883
1,2,10,2,0.7680,0.7739,0.9993,0.7373,0.0863
1,2,10,3,0.7939,0.8003,0.9989,0.7640,0.0778
1,2,10,4,0.8189,0.8210,1.0000,0.7884,0.0656
1,2,10,5,0.8347,0.8692,0.9996,0.8041,0.0502
1,2,10,6,0.7569,0.7612,0.9994,0.7248,0.0876
1,2,10,7,0.7910,0.7943,0.9996,0.7587,0.0756
1,2,10,8,0.7616,0.7664,0.9995,0.7299,0.0868
1,2,10,9,0.7966,0.7909,0.9834,0.7582,0.0605
1,2,10,10,0.7547,0.7593,0.9992,0.7232,0.0890
1,2,10,11,0.7179,0.7135,0.9988,0.6696,0.0743
1,2,11,0,0.8898,0.8790,0.9925,0.8540,0.0143
1,2,11,1,0.8130,0.8126,0.9999,0.7834,0.0700
1,2,11,2,0.7672,0.7648,0.9999,0.7346,0.0840
1,2,11,3,0.8751,0.8719,0.9994,0.8437,0.0303
1,2,11,4,0.8206,0.8112,0.9998,0.7875,0.0605
1,2,11,5,0.7835,0.7809,0.9994,0.7526,0.0800
1,2,11,6,0.7589,0.7625,0.9996,0.7271,0.0879
1,2,11,7,0.7938,0.7931,0.9997,0.7603,0.0711
1,2,11,8,0.4866,0.7648,0.9906,0.3355,0.0168
1,2,11,9,0.7622,0.7656,0.9995,0.7308,0.0871
1,2,11,10,0.8747,0.8743,0.9978,0.8453,0.0365
1,2,11,11,0.8369,0.8424,0.9995,0.7998,0.0419
1,3,0,0,0.9301,0.9086,0.9976,0.9061,0.0278
1,3,0,1,0.3915,0.4548,0.8056,0.2817,0.0814
1,3,0,2,0.8539,0.8437,0.9937,0.8069,0.0267
1,3,0,3,0.4829,0.5118,0.7892,0.3728,0.0525
1,3,0,4,0.6729,0.6694,0.9314,0.5757,0.0230
1,3,0,5,0.5143,0.5222,0.7460,0.4074,0.0479
1,3,0,6,0.8822,0.8724,1.0000,0.8418,0.0294
1,3,0,7,0.7660,0.7866,0.9991,0.6860,0.0294
1,3,0,8,0.7678,0.8005,0.9890,0.6928,0.0254
1,3,0,9,0.9237,0.9141,0.9990,0.8971,0.0308
1,3,0,10,0.9143,0.9080,0.9992,0.8840,0.0283
1,3,0,11,0.9448,0.9425,0.9985,0.9257,0.0270
1,3,1,0,0.7824,0.7743,0.9827,0.7133,0.0262
1,3,1,1,0.8910,0.8778,0.9949,0.8562,0.0275
1,3,1,2,0.8654,0.8401,0.9816,0.8230,0.0313
1,3,1,3,1.0000,1.0000,1.0000,1.0000,0.0000
1,3,1,4,0.9540,0.9263,0.9970,0.9424,0.0221
1,3,1,5,0.8930,0.8433,0.9827,0.8619,0.0259
1,3,1,6,0.8920,0.8198,0.9392,0.8698,0.0360
1,3,1,7,0.9386,0.9055,0.9929,0.9243,0.0241
1,3,1,8,0.9368,0.9014,0.9894,0.9209,0.0233
1,3,1,9,0.9304,0.8883,0.9750,0.9200,0.0390
1,3,1,10,0.5920,0.7396,0.9807,0.4528,0.0373
1,3,1,11,0.5996,0.5628,0.7840,0.5047,0.0397
1,3,2,0,0.8542,0.8179,0.9963,0.8085,0.0265
1,3,2,1,0.9192,0.8856,0.9810,0.9137,0.0589
1,3,2,2,0.5975,0.6621,0.9299,0.4912,0.0289
1,3,2,3,0.8260,0.8106,0.9876,0.7681,0.0302
1,3,2,4,0.8122,0.8292,0.9831,0.7608,0.0316
1,3,2,5,0.7353,0.7350,0.9838,0.6579,0.0289
1,3,2,6,0.9184,0.8880,0.9765,0.9051,0.0390
1,3,2,7,0.8417,0.8339,0.9991,0.7840,0.0327
1,3,2,8,0.6602,0.7939,0.9696,0.5637,0.0256
1,3,2,9,0.7092,0.7108,0.9607,0.6237,0.0262
1,3,2,10,0.9212,0.8991,0.9991,0.8942,0.0263
1,3,2,11,0.9488,0.9130,0.9839,0.9424,0.0389
1,3,3,0,0.8969,0.8652,0.9696,0.8961,0.0781
1,3,3,1,0.9298,0.8858,0.9729,0.9176,0.0330
1,3,3,2,0.7356,0.7523,0.9778,0.6526,0.0267
1,3,3,3,0.8397,0.8863,0.9656,0.8021,0.0363
1,3,3,4,0.8993,0.8668,0.9754,0.8973,0.0765
1,3,3,5,0.9283,0.8908,0.9942,0.9152,0.0352
1,3,3,6,0.8352,0.8050,0.9664,0.7830,0.0257
1,3,3,7,0.7702,0.7443,0.9020,0.7080,0.0335
1,3,3,8,0.8349,0.8342,0.9912,0.7886,0.0367
1,3,3,9,0.7871,0.8129,0.9741,0.7301,0.0279
1,3,3,10,0.9357,0.8928,0.9656,0.9268,0.0394
1,3,3,11,0.7490,0.8277,0.9743,0.6772,0.0246
1,3,4,0,0.6569,0.8236,0.8646,0.5852,0.0508
1,3,4,1,0.8738,0.8358,0.9840,0.8459,0.0381
1,3,4,2,0.9166,0.8792,0.9836,0.9134,0.0660
1,3,4,3,0.8949,0.8660,0.9755,0.8706,0.0322
1,3,4,4,0.9230,0.8858,0.9854,0.9180,0.0583
1,3,4,5,0.9152,0.8930,0.9837,0.8969,0.0317
1,3,4,6,0.9341,0.9036,0.9973,0.9185,0.0237
1,3,4,7,0.6986,0.6654,0.9084,0.6164,0.0319
1,3,4,8,0.9191,0.8868,0.9827,0.9106,0.0510
1,3,4,9,0.8329,0.8482,0.9999,0.7816,0.0260
1,3,4,10,0.9067,0.8725,0.9729,0.9035,0.0703
1,3,4,11,0.3890,0.5611,0.6995,0.2811,0.0832
1,3,5,0,0.9040,0.8699,0.9696,0.9008,0.0700
1,3,5,1,0.8886,0.8605,0.9723,0.8889,0.0832
1,3,5,2,0.8755,0.8879,0.9992,0.8424,0.0300
1,3,5,3,0.9289,0.8932,0.9992,0.9120,0.0263
1,3,5,4,0.9229,0.9095,0.9946,0.9018,0.0271
1,3,5,5,0.9018,0.8782,0.9782,0.8998,0.0738
1,3,5,6,0.9146,0.9043,0.9904,0.9030,0.0449
1,3,5,7,0.9230,0.9245,0.9963,0.9124,0.0417
1,3,5,8,0.9185,0.9078,0.9859,0.9102,0.0516
1,3,5,9,0.9042,0.8687,0.9743,0.9017,0.0737
1,3,5,10,0.8967,0.8606,0.9539,0.8727,0.0305
1,3,5,11,0.9345,0.9004,0.9898,0.9271,0.0452
1,3,6,0,0.8487,0.8855,1.0000,0.8027,0.0365
1,3,6,1,0.9071,0.8793,0.9934,0.8970,0.0516
1,3,6,2,0.9243,0.8838,0.9784,0.9193,0.0579
1,3,6,3,0.8899,0.8698,0.9771,0.8615,0.0333
1,3,6,4,0.9403,0.9099,0.9913,0.9305,0.0330
1,3,6,5,0.9387,0.9005,0.9862,0.9312,0.0432
1,3,6,6,0.9318,0.8974,0.9832,0.9251,0.0479
1,3,6,7,0.9021,0.8669,0.9521,0.8811,0.0321
1,3,6,8,0.9066,0.8814,0.9791,0.8869,0.0329
1,3,6,9,0.8899,0.8618,0.9723,0.8900,0.0829
1,3,6,10,0.9064,0.8734,0.9754,0.9044,0.0738
1,3,6,11,0.9287,0.9004,0.9937,0.9175,0.0381
1,3,7,0,0.9157,0.9230,0.9833,0.9059,0.0471
1,3,7,1,0.9030,0.8689,0.9711,0.9011,0.0743
1,3,7,2,0.8893,0.8608,0.9723,0.8895,0.0832
1,3,7,3,0.9240,0.8923,0.9848,0.9104,0.0360
1,3,7,4,0.9122,0.8786,0.9885,0.9053,0.0571
1,3,7,5,0.9357,0.8993,0.9897,0.9294,0.0478
1,3,7,6,0.9173,0.8843,0.9765,0.9131,0.0629
1,3,7,7,0.8958,0.8670,0.9744,0.8950,0.0806
1,3,7,8,0.8926,0.8454,0.9697,0.8739,0.0419
1,3,7,9,0.9253,0.8910,0.9880,0.9196,0.0546
1,3,7,10,0.8904,0.8610,0.9724,0.8904,0.0832
1,3,7,11,0.8927,0.8635,0.9735,0.8924,0.0819
1,3,8,0,0.9238,0.8933,0.9875,0.9199,0.0602
1,3,8,1,0.8925,0.8619,0.9727,0.8922,0.0821
1,3,8,2,0.9279,0.8942,0.9840,0.9154,0.0349
1,3,8,3,0.9084,0.8669,0.9579,0.9021,0.0602
1,3,8,4,0.9266,0.9214,0.9914,0.9131,0.0333
1,3,8,5,0.9285,0.9025,1.0000,0.9077,0.0252
1,3,8,6,0.9046,0.8705,0.9763,0.8990,0.0638
1,3,8,7,0.9236,0.9228,0.9895,0.9158,0.0490
1,3,8,8,0.8243,0.8140,0.9558,0.7820,0.0316
1,3,8,9,0.9192,0.8799,0.9738,0.9132,0.0575
1,3,8,10,0.9436,0.9061,0.9816,0.9348,0.0359
1,3,8,11,0.9168,0.8818,0.9732,0.9091,0.0541
1,3,9,0,0.9198,0.8831,0.9656,0.9139,0.0556
1,3,9,1,0.8935,0.8643,0.9726,0.8930,0.0811
1,3,9,2,0.8963,0.8655,0.9730,0.8953,0.0798
1,3,9,3,0.9106,0.8918,0.9889,0.8927,0.0338
1,3,9,4,0.8955,0.8672,0.9737,0.8942,0.0786
1,3,9,5,0.9171,0.8816,0.9728,0.9128,0.0625
1,3,9,6,0.8903,0.8620,0.9726,0.8903,0.0827
1,3,9,7,0.9154,0.8799,0.9667,0.9075,0.0535
1,3,9,8,0.9036,0.8713,0.9728,0.9009,0.0725
1,3,9,9,0.8899,0.8614,0.9724,0.8900,0.0830
1,3,9,10,0.9046,0.8662,0.9801,0.8845,0.0337
1,3,9,11,0.8923,0.8633,0.9725,0.8919,0.0821
1,3,10,0,0.9080,0.8703,0.9739,0.9053,0.0706
1,3,10,1,0.8933,0.8641,0.9745,0.8929,0.0817
1,3,10,2,0.8966,0.8679,0.9738,0.8957,0.0798
1,3,10,3,0.9068,0.8729,0.9714,0.9040,0.0713
1,3,10,4,0.9196,0.8827,0.9818,0.9143,0.0590
1,3,10,5,0.8898,0.8547,0.9758,0.8738,0.0506
1,3,10,6,0.8947,0.8644,0.9745,0.8942,0.0811
1,3,10,7,0.9134,0.8760,0.9757,0.9106,0.0687
1,3,10,8,0.8960,0.8663,0.9749,0.8954,0.0803
1,3,10,9,0.8752,0.8128,0.9307,0.8565,0.0537
1,3,10,10,0.8917,0.8618,0.9731,0.8916,0.0825
1,3,10,11,0.9029,0.8976,0.9897,0.8975,0.0630
1,3,11,0,0.8457,0.8444,0.9976,0.7911,0.0306
1,3,11,1,0.9155,0.8813,0.9795,0.9112,0.0632
1,3,11,2,0.9012,0.8657,0.9785,0.8998,0.0771
1,3,11,3,0.9096,0.8929,0.9875,0.8877,0.0349
1,3,11,4,0.9318,0.8896,0.9848,0.9269,0.0530
1,3,11,5,0.9037,0.8697,0.9743,0.9013,0.0735
1,3,11,6,0.8950,0.8647,0.9756,0.8945,0.0814
1,3,11,7,0.9211,0.8948,0.9857,0.9185,0.0640
1,3,11,8,0.5531,0.7259,0.9463,0.4153,0.0265
1,3,11,9,0.8951,0.8657,0.9750,0.8944,0.0806
1,3,11,10,0.9425,0.9076,0.9921,0.9318,0.0300
1,3,11,11,0.9305,0.8972,0.9870,0.9183,0.0332
1,4,0,0,0.9459,0.9297,0.9891,0.9328,0.0352
1,4,0,1,0.2742,0.3207,0.8492,0.1530,0.0644
1,4,0,2,0.8831,0.8913,0.9994,0.8510,0.0284
1,4,0,3,0.3850,0.3911,0.8345,0.2653,0.0441
1,4,0,4,0.6343,0.6039,0.9568,0.5382,0.0267
1,4,0,5,0.4064,0.3963,0.7955,0.2869,0.0367
1,4,0,6,0.8984,0.8854,0.9963,0.8707,0.0381
1,4,0,7,0.7830,0.7789,0.9994,0.7202,0.0378
1,4,0,8,0.7749,0.8026,0.9975,0.7120,0.0297
1,4,0,9,0.9403,0.9321,0.9925,0.9262,0.0363
1,4,0,10,0.8974,0.8709,0.9993,0.8704,0.0379
1,4,0,11,0.9519,0.9423,0.9913,0.9420,0.0338
1,4,1,0,0.8148,0.7940,0.9941,0.7638,0.0305
1,4,1,1,0.9387,0.9398,0.9997,0.9224,0.0302
1,4,1,2,0.9218,0.9227,0.9934,0.9008,0.0321
1,4,1,3,0.9540,0.9263,0.9970,0.9424,0.0221
1,4,1,4,1.0000,1.0000,1.0000,1.0000,0.0000
1,4,1,5,0.9241,0.8953,0.9941,0.9042,0.0270
1,4,1,6,0.9387,0.9004,0.9630,0.9260,0.0210
1,4,1,7,0.9937,0.9934,0.9991,0.9923,0.0068
1,4,1,8,0.9918,0.9911,0.9977,0.9898,0.0105
1,4,1,9,0.9870,0.9825,0.9893,0.9861,0.0221
1,4,1,10,0.4039,0.6107,0.9929,0.2267,0.0448
1,4,1,11,0.5138,0.4525,0.8298,0.4086,0.0360
1,4,2,0,0.8990,0.8764,1.0000,0.8716,0.0305
1,4,2,1,0.9690,0.9675,0.9931,0.9681,0.0419
1,4,2,2,0.5971,0.6185,0.9557,0.5018,0.0284
1,4,2,3,0.8417,0.8187,0.9968,0.7972,0.0344
1,4,2,4,0.8497,0.8781,0.9944,0.8122,0.0276
1,4,2,5,0.7649,0.7776,0.9947,0.7038,0.0281
1,4,2,6,0.9814,0.9832,0.9903,0.9792,0.0265
1,4,2,7,0.8125,0.7742,0.9994,0.7573,0.0443
1,4,2,8,0.6731,0.8188,0.9857,0.5904,0.0219
1,4,2,9,0.7378,0.7199,0.9793,0.6694,0.0254
1,4,2,10,0.9490,0.9363,0.9994,0.9366,0.0316
1,4,2,11,0.9839,0.9832,0.9948,0.9819,0.0219
1,4,3,0,0.9342,0.9358,0.9857,0.9328,0.0611
1,4,3,1,0.9850,0.9821,0.9879,0.9829,0.0243
1,4,3,2,0.7240,0.7123,0.9911,0.6483,0.0310
1,4,3,3,0.8523,0.8904,0.9829,0.8189,0.0340
1,4,3,4,0.9442,0.9397,0.9896,0.9435,0.0595
1,4,3,5,0.9782,0.9750,0.9995,0.9743,0.0205
1,4,3,6,0.8667,0.8455,0.9835,0.8302,0.0297
1,4,3,7,0.7953,0.7583,0.9328,0.7449,0.0311
1,4,3,8,0.8703,0.8669,0.9985,0.8373,0.0390
1,4,3,9,0.8143,0.8328,0.9887,0.7689,0.0319
1,4,3,10,0.9758,0.9727,0.9829,0.9724,0.0316
1,4,3,11,0.7699,0.8533,0.9889,0.7110,0.0260
1,4,4,0,0.6454,0.8620,0.9010,0.5759,0.0433
1,4,4,1,0.9246,0.9292,0.9949,0.9082,0.0287
1,4,4,2,0.9550,0.9508,0.9946,0.9531,0.0490
1,4,4,3,0.9365,0.9358,0.9897,0.9220,0.0229
1,4,4,4,0.9631,0.9611,0.9957,0.9608,0.0413
1,4,4,5,0.9482,0.9438,0.9947,0.9366,0.0306
1,4,4,6,0.9833,0.9837,1.0000,0.9793,0.0121
1,4,4,7,0.7173,0.6940,0.9381,0.6479,0.0286
1,4,4,8,0.9728,0.9706,0.9941,0.9711,0.0343
1,4,4,9,0.8771,0.9060,0.9981,0.8440,0.0281
1,4,4,10,0.9511,0.9475,0.9879,0.9499,0.0533
1,4,4,11,0.3762,0.5240,0.7529,0.2758,0.0662
1,4,5,0,0.9375,0.9373,0.9857,0.9341,0.0533
1,4,5,1,0.9285,0.9274,0.9875,0.9280,0.0662
1,4,5,2,0.9005,0.9318,0.9931,0.8757,0.0289
1,4,5,3,0.9624,0.9610,0.9932,0.9533,0.0233
1,4,5,4,0.9432,0.9372,0.9997,0.9286,0.0248
1,4,5,5,0.9404,0.9400,0.9914,0.9386,0.0568
1,4,5,6,0.9488,0.9530,0.9981,0.9408,0.0410
1,4,5,7,0.9526,0.9459,1.0000,0.9449,0.0359
1,4,5,8,0.9409,0.9382,0.9959,0.9326,0.0429
1,4,5,9,0.9469,0.9427,0.9889,0.9457,0.0567
1,4,5,10,0.9300,0.9186,0.9743,0.9138,0.0256
1,4,5,11,0.9724,0.9712,0.9979,0.9692,0.0330
1,4,6,0,0.8724,0.9039,0.9974,0.8382,0.0408
1,4,6,1,0.9376,0.9358,0.9993,0.9293,0.0410
1,4,6,2,0.9655,0.9630,0.9915,0.9635,0.0410
1,4,6,3,0.9280,0.9323,0.9907,0.9102,0.0290
1,4,6,4,0.9672,0.9706,0.9985,0.9608,0.0205
1,4,6,5,0.9805,0.9795,0.9961,0.9784,0.0262
1,4,6,6,0.9645,0.9607,0.9944,0.9603,0.0363
1,4,6,7,0.9418,0.9384,0.9730,0.9291,0.0287
1,4,6,8,0.9453,0.9531,0.9919,0.9335,0.0270
1,4,6,9,0.9298,0.9290,0.9875,0.9293,0.0659
1,4,6,10,0.9443,0.9418,0.9896,0.9426,0.0568
1,4,6,11,0.9674,0.9714,0.9994,0.9619,0.0297
1,4,7,0,0.9356,0.9418,0.9944,0.9257,0.0410
1,4,7,1,0.9418,0.9419,0.9867,0.9402,0.0573
1,4,7,2,0.9295,0.9282,0.9875,0.9290,0.0662
1,4,7,3,0.9813,0.9794,0.9953,0.9783,0.0203
1,4,7,4,0.9491,0.9548,0.9972,0.9443,0.0443
1,4,7,5,0.9677,0.9706,0.9978,0.9639,0.0308
1,4,7,6,0.9609,0.9601,0.9903,0.9594,0.0459
1,4,7,7,0.9370,0.9352,0.9889,0.9363,0.0637
1,4,7,8,0.9461,0.9252,0.9858,0.9367,0.0316
1,4,7,9,0.9649,0.9695,0.9970,0.9622,0.0376
1,4,7,10,0.9297,0.9286,0.9876,0.9291,0.0662
1,4,7,11,0.9332,0.9316,0.9883,0.9326,0.0649
1,4,8,0,0.9493,0.9492,0.9968,0.9447,0.0435
1,4,8,1,0.9314,0.9296,0.9878,0.9306,0.0651
1,4,8,2,0.9882,0.9858,0.9949,0.9869,0.0192
1,4,8,3,0.9466,0.9328,0.9773,0.9422,0.0492
1,4,8,4,0.9391,0.9319,0.9986,0.9263,0.0300
1,4,8,5,0.9492,0.9494,0.9968,0.9358,0.0238
1,4,8,6,0.9363,0.9341,0.9902,0.9310,0.0494
1,4,8,7,0.9391,0.9473,0.9977,0.9301,0.0410
1,4,8,8,0.8456,0.8502,0.9757,0.8103,0.0276
1,4,8,9,0.9652,0.9616,0.9885,0.9633,0.0411
1,4,8,10,0.9759,0.9734,0.9935,0.9716,0.0237
1,4,8,11,0.9644,0.9567,0.9881,0.9615,0.0390
1,4,9,0,0.9475,0.9451,0.9829,0.9418,0.0437
1,4,9,1,0.9346,0.9331,0.9877,0.9340,0.0641
1,4,9,2,0.9368,0.9342,0.9880,0.9359,0.0629
1,4,9,3,0.9370,0.9386,0.9975,0.9235,0.0279
1,4,9,4,0.9397,0.9357,0.9885,0.9393,0.0616
1,4,9,5,0.9571,0.9545,0.9878,0.9547,0.0459
1,4,9,6,0.9308,0.9300,0.9877,0.9303,0.0657
1,4,9,7,0.9616,0.9549,0.9836,0.9583,0.0400
1,4,9,8,0.9468,0.9430,0.9879,0.9456,0.0556
1,4,9,9,0.9301,0.9287,0.9876,0.9296,0.0660
1,4,9,10,0.9367,0.9354,0.9925,0.9229,0.0284
1,4,9,11,0.9330,0.9318,0.9877,0.9325,0.0651
1,4,10,0,0.9435,0.9386,0.9886,0.9409,0.0537
1,4,10,1,0.9337,0.9322,0.9890,0.9331,0.0648
1,4,10,2,0.9381,0.9378,0.9885,0.9374,0.0629
1,4,10,3,0.9511,0.9513,0.9869,0.9500,0.0543
1,4,10,4,0.9593,0.9590,0.9936,0.9565,0.0421
1,4,10,5,0.9390,0.9489,0.9898,0.9300,0.0400
1,4,10,6,0.9332,0.9311,0.9890,0.9322,0.0641
1,4,10,7,0.9500,0.9486,0.9898,0.9478,0.0517
1,4,10,8,0.9346,0.9340,0.9892,0.9336,0.0633
1,4,10,9,0.9114,0.8778,0.9563,0.8971,0.0386
1,4,10,10,0.9310,0.9295,0.9881,0.9303,0.0656
1,4,10,11,0.9087,0.9043,0.9978,0.8984,0.0530
1,4,11,0,0.8181,0.8027,1.0000,0.7652,0.0400
1,4,11,1,0.9628,0.9599,0.9922,0.9619,0.0462
1,4,11,2,0.9393,0.9349,0.9916,0.9379,0.0602
1,4,11,3,0.9328,0.9340,0.9967,0.9167,0.0271
1,4,11,4,0.9645,0.9614,0.9953,0.9613,0.0360
1,4,11,5,0.9467,0.9415,0.9889,0.9455,0.0568
1,4,11,6,0.9342,0.9323,0.9897,0.9333,0.0644
1,4,11,7,0.9533,0.9515,0.9958,0.9507,0.0473
1,4,11,8,0.3792,0.6299,0.9686,0.2111,0.0330
1,4,11,9,0.9358,0.9341,0.9893,0.9351,0.0637
1,4,11,10,0.9722,0.9738,0.9988,0.9663,0.0232
1,4,11,11,0.9494,0.9514,0.9965,0.9390,0.0260
1,5,0,0,0.8728,0.8446,0.9673,0.8352,0.0232
1,5,0,1,0.4467,0.5352,0.9015,0.3552,0.0740
1,5,0,2,0.9201,0.9106,0.9973,0.8974,0.0186
1,5,0,3,0.5433,0.5981,0.8894,0.4539,0.0489
1,5,0,4,0.6640,0.7190,0.9827,0.5731,0.0092
1,5,0,5,0.5563,0.6005,0.8566,0.4661,0.0411
1,5,0,6,0.9010,0.9090,0.9811,0.8722,0.0229
1,5,0,7,0.8281,0.8323,0.9897,0.7767,0.0251
1,5,0,8,0.8744,0.8941,0.9993,0.8383,0.0122
1,5,0,9,0.9216,0.8884,0.9734,0.8997,0.0306
1,5,0,10,0.9190,0.9007,0.9894,0.8971,0.0303
1,5,0,11,0.9332,0.9082,0.9711,0.9154,0.0290
1,5,1,0,0.8058,0.8491,1.0000,0.7503,0.0162
1,5,1,1,0.9209,0.9104,0.9963,0.8985,0.0178
1,5,1,2,0.9448,0.9294,1.0000,0.9294,0.0200
1,5,1,3,0.8930,0.8433,0.9827,0.8619,0.0259
1,5,1,4,0.9241,0.8953,0.9941,0.9042,0.0270
1,5,1,5,1.0000,1.0000,1.0000,1.0000,0.0000
1,5,1,6,0.8907,0.8556,0.9866,0.8670,0.0289
1,5,1,7,0.9210,0.8878,0.9978,0.9014,0.0259
1,5,1,8,0.9379,0.9054,0.9992,0.9220,0.0200
1,5,1,9,0.9008,0.8576,0.9993,0.8807,0.0329
1,5,1,10,0.4616,0.6877,0.9999,0.2967,0.0308
1,5,1,11,0.6506,0.6519,0.8855,0.5739,0.0319
1,5,2,0,0.9073,0.9026,0.9949,0.8811,0.0117
1,5,2,1,0.8665,0.8210,1.0000,0.8452,0.0514
1,5,2,2,0.5946,0.7364,0.9820,0.4961,0.0189
1,5,2,3,0.8116,0.8055,0.9996,0.7560,0.0224
1,5,2,4,0.8394,0.8812,1.0000,0.7984,0.0133
1,5,2,5,0.8072,0.8199,1.0000,0.7556,0.0119
1,5,2,6,0.9032,0.8715,0.9995,0.8838,0.0319
1,5,2,7,0.8299,0.8284,0.9898,0.7775,0.0329
1,5,2,8,0.6401,0.8288,0.9982,0.5464,0.0117
1,5,2,9,0.7094,0.7510,0.9955,0.6314,0.0098
1,5,2,10,0.9175,0.9157,0.9896,0.8939,0.0240
1,5,2,11,0.8869,0.8508,1.0000,0.8629,0.0356
1,5,3,0,0.8170,0.7726,0.9982,0.7946,0.0706
1,5,3,1,0.9125,0.8794,0.9989,0.8940,0.0256
1,5,3,2,0.6857,0.7415,0.9997,0.5965,0.0094
1,5,3,3,0.7644,0.8712,0.9971,0.7095,0.0267
1,5,3,4,0.8239,0.7697,0.9994,0.8014,0.0690
1,5,3,5,0.8881,0.8585,0.9969,0.8634,0.0287
1,5,3,6,0.8315,0.8611,0.9973,0.7833,0.0148
1,5,3,7,0.7480,0.7544,0.9664,0.6843,0.0124
1,5,3,8,0.8633,0.8798,0.9986,0.8275,0.0206
1,5,3,9,0.7399,0.8026,0.9991,0.6745,0.0186
1,5,3,10,0.9092,0.8887,0.9971,0.8913,0.0319
1,5,3,11,0.7092,0.8302,0.9992,0.6327,0.0114
1,5,4,0,0.5443,0.7946,0.9428,0.4518,0.0433
1,5,4,1,0.8887,0.8834,1.0000,0.8640,0.0211
1,5,4,2,0.8393,0.7842,1.0000,0.8150,0.0586
1,5,4,3,0.8403,0.8378,0.9994,0.8022,0.0187
1,5,4,4,0.8537,0.8137,0.9999,0.8294,0.0508
1,5,4,5,0.8680,0.8899,1.0000,0.8372,0.0205
1,5,4,6,0.8975,0.8642,0.9936,0.8719,0.0184
1,5,4,7,0.8055,0.8316,0.9702,0.7567,0.0168
1,5,4,8,0.8766,0.8442,1.0000,0.8549,0.0435
1,5,4,9,0.8117,0.8434,0.9854,0.7590,0.0103
1,5,4,10,0.8406,0.7952,0.9989,0.8187,0.0629
1,5,4,11,0.3499,0.6727,0.8199,0.2423,0.0757
1,5,5,0,0.8266,0.7820,0.9982,0.8024,0.0625
1,5,5,1,0.8053,0.7503,0.9988,0.7833,0.0757
1,5,5,2,0.7984,0.8066,0.9746,0.7468,0.0152
1,5,5,3,0.8756,0.8507,0.9746,0.8445,0.0157
1,5,5,4,0.8519,0.8222,0.9966,0.8125,0.0105
1,5,5,5,0.8191,0.7708,0.9997,0.7950,0.0663
1,5,5,6,0.8447,0.8552,0.9989,0.8143,0.0368
1,5,5,7,0.8215,0.7979,0.9950,0.7850,0.0378
1,5,5,8,0.8232,0.7864,0.9998,0.7904,0.0451
1,5,5,9,0.8274,0.7743,0.9992,0.8039,0.0662
1,5,5,10,0.8528,0.8367,0.9930,0.8176,0.0176
1,5,5,11,0.8883,0.8513,0.9991,0.8670,0.0378
1,5,6,0,0.8097,0.8256,0.9836,0.7569,0.0192
1,5,6,1,0.8178,0.7828,0.9975,0.7847,0.0438
1,5,6,2,0.8621,0.8114,0.9998,0.8393,0.0505
1,5,6,3,0.8764,0.8686,0.9996,0.8453,0.0163
1,5,6,4,0.8829,0.8645,0.9985,0.8571,0.0278
1,5,6,5,0.8883,0.8546,0.9998,0.8660,0.0376
1,5,6,6,0.8885,0.8720,1.0000,0.8684,0.0411
1,5,6,7,0.8506,0.8388,0.9923,0.8163,0.0224
1,5,6,8,0.8672,0.8878,0.9998,0.8369,0.0222
1,5,6,9,0.8083,0.7551,0.9988,0.7865,0.0754
1,5,6,10,0.8288,0.7776,0.9994,0.8057,0.0663
1,5,6,11,0.8900,0.8889,0.9973,0.8671,0.0319
1,5,7,0,0.8249,0.8216,1.0000,0.7915,0.0410
1,5,7,1,0.8222,0.7755,0.9985,0.7986,0.0668
1,5,7,2,0.8059,0.7509,0.9988,0.7838,0.0757
1,5,7,3,0.8874,0.8529,0.9999,0.8631,0.0276
1,5,7,4,0.8350,0.7955,0.9994,0.8074,0.0497
1,5,7,5,0.8619,0.8162,0.9991,0.8354,0.0403
1,5,7,6,0.8506,0.8081,0.9995,0.8276,0.0554
1,5,7,7,0.8141,0.7614,0.9992,0.7913,0.0732
1,5,7,8,0.8401,0.8068,0.9982,0.8073,0.0344
1,5,7,9,0.8689,0.8283,0.9995,0.8466,0.0471
1,5,7,10,0.8073,0.7531,0.9988,0.7851,0.0757
1,5,7,11,0.8117,0.7580,0.9990,0.7896,0.0744
1,5,8,0,0.8448,0.8040,0.9996,0.8193,0.0527
1,5,8,1,0.8096,0.7553,0.9989,0.7872,0.0746
1,5,8,2,0.9059,0.8785,1.0000,0.8860,0.0271
1,5,8,3,0.8450,0.8079,0.9945,0.8208,0.0559
1,5,8,4,0.8489,0.8301,0.9985,0.8149,0.0268
1,5,8,5,0.8994,0.8904,0.9822,0.8718,0.0105
1,5,8,6,0.8219,0.7774,0.9995,0.7944,0.0563
1,5,8,7,0.8307,0.8099,0.9991,0.7988,0.0419
1,5,8,8,0.7950,0.8140,0.9937,0.7469,0.0203
1,5,8,9,0.8517,0.8065,0.9991,0.8270,0.0500
1,5,8,10,0.8832,0.8520,1.0000,0.8575,0.0290
1,5,8,11,0.8505,0.8126,0.9990,0.8244,0.0467
1,5,9,0,0.8431,0.8172,0.9971,0.8164,0.0481
1,5,9,1,0.8139,0.7598,0.9988,0.7919,0.0737
1,5,9,2,0.8153,0.7648,0.9989,0.7926,0.0724
1,5,9,3,0.8759,0.8623,0.9993,0.8482,0.0257
1,5,9,4,0.8154,0.7630,0.9991,0.7926,0.0711
1,5,9,5,0.8486,0.8100,0.9989,0.8251,0.0551
1,5,9,6,0.8074,0.7529,0.9988,0.7852,0.0752
1,5,9,7,0.8518,0.8138,0.9974,0.8261,0.0460
1,5,9,8,0.8328,0.7797,0.9989,0.8105,0.0651
1,5,9,9,0.8067,0.7520,0.9988,0.7846,0.0756
1,5,9,10,0.8967,0.8853,0.9999,0.8736,0.0208
1,5,9,11,0.8114,0.7573,0.9988,0.7893,0.0746
1,5,10,0,0.8240,0.7776,0.9991,0.7989,0.0632
1,5,10,1,0.8109,0.7569,0.9992,0.7884,0.0743
1,5,10,2,0.8189,0.7657,0.9991,0.7969,0.0724
1,5,10,3,0.8370,0.7867,0.9986,0.8146,0.0638
1,5,10,4,0.8568,0.8141,1.0000,0.8335,0.0516
1,5,10,5,0.8603,0.8478,0.9994,0.8350,0.0362
1,5,10,6,0.8098,0.7563,0.9992,0.7867,0.0737
1,5,10,7,0.8392,0.7905,0.9994,0.8159,0.0613
1,5,10,8,0.8142,0.7617,0.9993,0.7917,0.0729
1,5,10,9,0.8318,0.7879,0.9824,0.8010,0.0462
1,5,10,10,0.8084,0.7531,0.9989,0.7860,0.0751
1,5,10,11,0.7741,0.7278,0.9991,0.7376,0.0594
1,5,11,0,0.8473,0.8343,0.9932,0.8012,0.0276
1,5,11,1,0.8508,0.8001,0.9999,0.8282,0.0557
1,5,11,2,0.8165,0.7608,0.9998,0.7927,0.0697
1,5,11,3,0.8622,0.8548,0.9996,0.8282,0.0173
1,5,11,4,0.8594,0.8023,0.9999,0.8344,0.0462
1,5,11,5,0.8270,0.7753,0.9992,0.8038,0.0660
1,5,11,6,0.8118,0.7573,0.9994,0.7890,0.0740
1,5,11,7,0.8402,0.7912,0.9999,0.8156,0.0565
1,5,11,8,0.4727,0.7232,0.9898,0.3256,0.0137
1,5,11,9,0.8140,0.7602,0.9993,0.7915,0.0732
1,5,11,10,0.9008,0.8669,0.9982,0.8779,0.0216
1,5,11,11,0.8688,0.8406,0.9997,0.8398,0.0257
1,6,0,0,0.8763,0.8482,0.9130,0.8508,0.0492
1,6,0,1,0.2150,0.2817,0.9600,0.0966,0.0454
1,6,0,2,0.8583,0.8728,0.9718,0.8269,0.0430
1,6,0,3,0.3262,0.3471,0.9521,0.2082,0.0238
1,6,0,4,0.5672,0.5426,0.9998,0.4673,0.0267
1,6,0,5,0.3518,0.3556,0.9293,0.2345,0.0173
1,6,0,6,0.8792,0.8672,0.9363,0.8544,0.0502
1,6,0,7,0.7172,0.7190,0.9530,0.6477,0.0511
1,6,0,8,0.7031,0.7680,0.9797,0.6319,0.0389
1,6,0,9,0.8738,0.8585,0.9229,0.8486,0.0544
1,6,0,10,0.8443,0.8057,0.9523,0.8116,0.0563
1,6,0,11,0.8744,0.8582,0.9191,0.8499,0.0529
1,6,1,0,0.7538,0.7579,0.9865,0.6960,0.0400
1,6,1,1,0.8748,0.8744,0.9690,0.8476,0.0416
1,6,1,2,0.8594,0.8546,0.9875,0.8282,0.0429
1,6,1,3,0.8920,0.8198,0.9392,0.8698,0.0360
1,6,1,4,0.9387,0.9004,0.9630,0.9260,0.0210
1,6,1,5,0.8907,0.8556,0.9866,0.8670,0.0289
1,6,1,6,1.0000,1.0000,1.0000,1.0000,0.0000
1,6,1,7,0.9396,0.9110,0.9734,0.9270,0.0160
1,6,1,8,0.9369,0.9058,0.9791,0.9237,0.0190
1,6,1,9,0.9341,0.8902,0.9920,0.9212,0.0059
1,6,1,10,0.3340,0.5543,0.9882,0.1597,0.0552
1,6,1,11,0.4684,0.4092,0.9495,0.3652,0.0198
1,6,2,0,0.8402,0.8236,0.9652,0.8041,0.0375
1,6,2,1,0.9269,0.8784,0.9880,0.9153,0.0229
1,6,2,2,0.5299,0.6213,0.9997,0.4308,0.0186
1,6,2,3,0.7672,0.7540,0.9815,0.7118,0.0465
1,6,2,4,0.8138,0.8269,0.9862,0.7732,0.0267
1,6,2,5,0.7097,0.7455,0.9856,0.6439,0.0313
1,6,2,6,0.9179,0.8928,0.9911,0.9018,0.0087
1,6,2,7,0.7375,0.6920,0.9533,0.6723,0.0605
1,6,2,8,0.6013,0.7521,0.9947,0.5123,0.0238
1,6,2,9,0.6997,0.6866,0.9976,0.6314,0.0283
1,6,2,10,0.8875,0.8442,0.9529,0.8650,0.0494
1,6,2,11,0.9330,0.8837,0.9855,0.9197,0.0098
1,6,3,0,0.9013,0.8565,0.9947,0.8901,0.0421
1,6,3,1,0.9341,0.8966,0.9931,0.9208,0.0097
1,6,3,2,0.6334,0.6588,0.9903,0.5458,0.0363
1,6,3,3,0.7842,0.8271,0.9962,0.7399,0.0210
1,6,3,4,0.8985,0.8494,0.9918,0.8860,0.0405
1,6,3,5,0.9562,0.9289,0.9708,0.9473,0.0084
1,6,3,6,0.7957,0.7830,0.9959,0.7484,0.0402
1,6,3,7,0.7019,0.6841,0.9954,0.6372,0.0270
1,6,3,8,0.8097,0.8270,0.9764,0.7676,0.0365
1,6,3,9,0.7392,0.7432,0.9925,0.6828,0.0252
1,6,3,10,0.9241,0.8892,0.9962,0.9092,0.0132
1,6,3,11,0.7053,0.7649,0.9924,0.6393,0.0251
1,6,4,0,0.5495,0.7903,0.9846,0.4685,0.0252
1,6,4,1,0.8959,0.8727,0.9854,0.8747,0.0170
1,6,4,2,0.9080,0.8556,0.9858,0.8945,0.0303
1,6,4,3,0.8510,0.8406,0.9917,0.8198,0.0130
1,6,4,4,0.9266,0.8838,0.9839,0.9148,0.0225
1,6,4,5,0.8931,0.8826,0.9856,0.8709,0.0224
1,6,4,6,0.9138,0.8877,0.9619,0.8955,0.0159
1,6,4,7,0.6574,0.6449,0.9967,0.5830,0.0229
1,6,4,8,0.9318,0.8921,0.9865,0.9200,0.0149
1,6,4,9,0.8063,0.8410,0.9445,0.7621,0.0354
1,6,4,10,0.9199,0.8808,0.9931,0.9095,0.0343
1,6,4,11,0.3041,0.5353,0.9023,0.2017,0.0471
1,6,5,0,0.9000,0.8524,0.9947,0.8866,0.0340
1,6,5,1,0.8883,0.8372,0.9935,0.8767,0.0471
1,6,5,2,0.8251,0.8312,0.9249,0.7869,0.0241
1,6,5,3,0.9142,0.8791,0.9251,0.8960,0.0192
1,6,5,4,0.8563,0.8251,0.9697,0.8246,0.0267
1,6,5,5,0.8988,0.8569,0.9900,0.8861,0.0378
1,6,5,6,0.9086,0.8789,0.9777,0.8917,0.0222
1,6,5,7,0.8878,0.8488,0.9654,0.8665,0.0168
1,6,5,8,0.8940,0.8541,0.9834,0.8754,0.0222
1,6,5,9,0.9033,0.8530,0.9924,0.8908,0.0376
1,6,5,10,0.9105,0.9053,0.9990,0.8918,0.0170
1,6,5,11,0.9264,0.8930,0.9785,0.9126,0.0133
1,6,6,0,0.8212,0.8288,0.9410,0.7807,0.0417
1,6,6,1,0.8798,0.8494,0.9724,0.8591,0.0229
1,6,6,2,0.9298,0.8799,0.9899,0.9185,0.0219
1,6,6,3,0.8841,0.8965,0.9908,0.8592,0.0256
1,6,6,4,0.9439,0.9117,0.9762,0.9325,0.0062
1,6,6,5,0.9332,0.8918,0.9831,0.9203,0.0097
1,6,6,6,0.9095,0.8870,0.9861,0.8930,0.0170
1,6,6,7,0.8814,0.8919,0.9992,0.8570,0.0179
1,6,6,8,0.9005,0.8871,0.9894,0.8800,0.0171
1,6,6,9,0.8893,0.8395,0.9934,0.8776,0.0468
1,6,6,10,0.8989,0.8548,0.9918,0.8857,0.0378
1,6,6,11,0.9319,0.9086,0.9719,0.9185,0.0132
1,6,7,0,0.8869,0.8561,0.9861,0.8667,0.0200
1,6,7,1,0.8989,0.8547,0.9940,0.8860,0.0383
1,6,7,2,0.8888,0.8378,0.9935,0.8771,0.0471
1,6,7,3,0.9164,0.8894,0.9846,0.8996,0.0070
1,6,7,4,0.8989,0.8577,0.9804,0.8825,0.0233
1,6,7,5,0.9217,0.8728,0.9787,0.9073,0.0133
1,6,7,6,0.9150,0.8782,0.9911,0.9021,0.0268
1,6,7,7,0.8933,0.8448,0.9924,0.8810,0.0446
1,6,7,8,0.8631,0.8418,0.9946,0.8369,0.0129
1,6,7,9,0.9332,0.8952,0.9809,0.9221,0.0189
1,6,7,10,0.8890,0.8389,0.9934,0.8771,0.0471
1,6,7,11,0.8917,0.8418,0.9928,0.8798,0.0459
1,6,8,0,0.9010,0.8644,0.9816,0.8851,0.0254
1,6,8,1,0.8902,0.8394,0.9932,0.8781,0.0460
1,6,8,2,0.9362,0.9019,0.9853,0.9234,0.0056
1,6,8,3,0.9569,0.9408,0.9982,0.9513,0.0295
1,6,8,4,0.8722,0.8563,0.9761,0.8463,0.0157
1,6,8,5,0.9120,0.8916,0.9384,0.8935,0.0308
1,6,8,6,0.8843,0.8447,0.9913,0.8670,0.0294
1,6,8,7,0.8915,0.8526,0.9789,0.8721,0.0206
1,6,8,8,0.8167,0.8379,0.9986,0.7789,0.0181
1,6,8,9,0.9092,0.8727,0.9927,0.8944,0.0214
1,6,8,10,0.9394,0.9096,0.9875,0.9272,0.0065
1,6,8,11,0.9245,0.8872,0.9930,0.9119,0.0184
1,6,9,0,0.9264,0.8949,0.9962,0.9145,0.0230
1,6,9,1,0.8934,0.8431,0.9933,0.8816,0.0451
1,6,9,2,0.8951,0.8482,0.9931,0.8829,0.0438
1,6,9,3,0.8992,0.8731,0.9798,0.8787,0.0171
1,6,9,4,0.8960,0.8475,0.9927,0.8840,0.0425
1,6,9,5,0.9250,0.8825,0.9932,0.9138,0.0268
1,6,9,6,0.8896,0.8395,0.9933,0.8779,0.0467
1,6,9,7,0.9372,0.9076,0.9958,0.9268,0.0190
1,6,9,8,0.9013,0.8542,0.9932,0.8884,0.0365
1,6,9,9,0.8895,0.8385,0.9934,0.8777,0.0470
1,6,9,10,0.9035,0.8886,0.9887,0.8838,0.0183
1,6,9,11,0.8926,0.8417,0.9933,0.8809,0.0460
1,6,10,0,0.8979,0.8620,0.9926,0.8839,0.0346
1,6,10,1,0.8912,0.8419,0.9923,0.8791,0.0457
1,6,10,2,0.8958,0.8482,0.9927,0.8837,0.0438
1,6,10,3,0.9073,0.8610,0.9939,0.8949,0.0352
1,6,10,4,0.9160,0.8743,0.9873,0.9025,0.0230
1,6,10,5,0.9124,0.8902,0.9916,0.8969,0.0244
1,6,10,6,0.8915,0.8420,0.9923,0.8792,0.0451
1,6,10,7,0.9099,0.8621,0.9916,0.8972,0.0327
1,6,10,8,0.8938,0.8432,0.9921,0.8816,0.0443
1,6,10,9,0.8672,0.8078,0.9997,0.8438,0.0186
1,6,10,10,0.8900,0.8388,0.9930,0.8780,0.0465
1,6,10,11,0.8554,0.8049,0.9787,0.8334,0.0337
1,6,11,0,0.7861,0.7636,0.9609,0.7355,0.0556
1,6,11,1,0.9195,0.8704,0.9891,0.9076,0.0271
1,6,11,2,0.8945,0.8436,0.9898,0.8814,0.0411
1,6,11,3,0.8705,0.8817,0.9816,0.8429,0.0202
1,6,11,4,0.9210,0.8687,0.9846,0.9074,0.0186
1,6,11,5,0.8999,0.8538,0.9924,0.8869,0.0375
1,6,11,6,0.8928,0.8414,0.9917,0.8807,0.0454
1,6,11,7,0.9126,0.8647,0.9837,0.8996,0.0283
1,6,11,8,0.3233,0.5925,0.9998,0.1614,0.0390
1,6,11,9,0.8926,0.8434,0.9920,0.8804,0.0446
1,6,11,10,0.9157,0.8927,0.9749,0.8983,0.0098
1,6,11,11,0.8933,0.8913,0.9822,0.8717,0.0117
1,7,0,0,0.9409,0.9222,0.9821,0.9285,0.0376
1,7,0,1,0.2271,0.2739,0.8705,0.1017,0.0602
1,7,0,2,0.8910,0.8958,1.0000,0.8632,0.0286
1,7,0,3,0.3474,0.3487,0.8568,0.2243,0.0392
1,7,0,4,0.6066,0.5728,0.9681,0.5073,0.0259
1,7,0,5,0.3662,0.3542,0.8201,0.2427,0.0317
1,7,0,6,0.8963,0.8786,0.9918,0.8704,0.0398
1,7,0,7,0.7724,0.7702,0.9970,0.7102,0.0392
1,7,0,8,0.7698,0.7997,0.9996,0.7087,0.0308
1,7,0,9,0.9366,0.9291,0.9865,0.9239,0.0397
1,7,0,10,0.8833,0.8499,0.9969,0.8550,0.0416
1,7,0,11,0.9409,0.9295,0.9849,0.9300,0.0381
1,7,1,0,0.8045,0.7837,0.9978,0.7534,0.0310
1,7,1,1,0.9328,0.9350,0.9998,0.9164,0.0303
1,7,1,2,0.9191,0.9231,0.9974,0.8989,0.0322
1,7,1,3,0.9386,0.9055,0.9929,0.9243,0.0241
1,7,1,4,0.9937,0.9934,0.9991,0.9923,0.0068
1,7,1,5,0.9210,0.8878,0.9978,0.9014,0.0259
1,7,1,6,0.9396,0.9110,0.9734,0.9270,0.0160
1,7,1,7,1.0000,1.0000,1.0000,1.0000,0.0000
1,7,1,8,0.9907,0.9917,0.9997,0.9885,0.0084
1,7,1,9,0.9882,0.9849,0.9945,0.9866,0.0178
1,7,1,10,0.3637,0.5915,0.9970,0.1821,0.0462
1,7,1,11,0.4776,0.4103,0.8524,0.3682,0.0327
1,7,2,0,0.8952,0.8723,0.9994,0.8686,0.0300
1,7,2,1,0.9708,0.9703,0.9971,0.9689,0.0376
1,7,2,2,0.5814,0.6037,0.9671,0.4858,0.0251
1,7,2,3,0.8288,0.8077,0.9993,0.7833,0.0352
1,7,2,4,0.8410,0.8727,0.9979,0.8028,0.0275
1,7,2,5,0.7668,0.7798,0.9982,0.7086,0.0276
1,7,2,6,0.9794,0.9833,0.9952,0.9760,0.0216
1,7,2,7,0.7891,0.7516,0.9971,0.7304,0.0470
1,7,2,8,0.6520,0.7995,0.9919,0.5673,0.0221
1,7,2,9,0.7472,0.7179,0.9869,0.6840,0.0246
1,7,2,10,0.9387,0.9231,0.9970,0.9253,0.0346
1,7,2,11,0.9803,0.9798,0.9982,0.9768,0.0202
1,7,3,0,0.9333,0.9393,0.9919,0.9300,0.0568
1,7,3,1,0.9800,0.9809,0.9935,0.9762,0.0200
1,7,3,2,0.6951,0.6907,0.9958,0.6151,0.0317
1,7,3,3,0.8320,0.8768,0.9897,0.7949,0.0325
1,7,3,4,0.9449,0.9437,0.9947,0.9426,0.0552
1,7,3,5,0.9784,0.9820,0.9999,0.9740,0.0156
1,7,3,6,0.8570,0.8372,0.9902,0.8201,0.0298
1,7,3,7,0.7902,0.7487,0.9471,0.7404,0.0271
1,7,3,8,0.8617,0.8615,0.9999,0.8279,0.0379
1,7,3,9,0.7893,0.8105,0.9941,0.7396,0.0298
1,7,3,10,0.9724,0.9685,0.9897,0.9675,0.0283
1,7,3,11,0.7492,0.8378,0.9942,0.6875,0.0249
1,7,4,0,0.6221,0.8506,0.9183,0.5498,0.0384
1,7,4,1,0.9187,0.9301,0.9982,0.9011,0.0254
1,7,4,2,0.9541,0.9523,0.9981,0.9506,0.0451
1,7,4,3,0.9379,0.9355,0.9948,0.9238,0.0205
1,7,4,4,0.9603,0.9630,0.9987,0.9562,0.0370
1,7,4,5,0.9404,0.9362,0.9981,0.9271,0.0270
1,7,4,6,0.9895,0.9872,0.9989,0.9870,0.0097
1,7,4,7,0.6985,0.6728,0.9518,0.6272,0.0281
1,7,4,8,0.9701,0.9719,0.9978,0.9666,0.0297
1,7,4,9,0.8756,0.9021,0.9946,0.8440,0.0283
1,7,4,10,0.9498,0.9520,0.9935,0.9468,0.0490
1,7,4,11,0.3620,0.5063,0.7797,0.2621,0.0619
1,7,5,0,0.9434,0.9426,0.9919,0.9395,0.0490
1,7,5,1,0.9292,0.9315,0.9932,0.9270,0.0619
1,7,5,2,0.9033,0.9233,0.9874,0.8801,0.0290
1,7,5,3,0.9558,0.9569,0.9874,0.9454,0.0219
1,7,5,4,0.9415,0.9295,0.9999,0.9271,0.0249
1,7,5,5,0.9377,0.9427,0.9960,0.9338,0.0525
1,7,5,6,0.9373,0.9450,0.9998,0.9262,0.0363
1,7,5,7,0.9414,0.9335,0.9995,0.9307,0.0325
1,7,5,8,0.9369,0.9329,0.9988,0.9270,0.0379
1,7,5,9,0.9496,0.9470,0.9942,0.9472,0.0524
1,7,5,10,0.9376,0.9343,0.9829,0.9234,0.0219
1,7,5,11,0.9694,0.9698,0.9997,0.9647,0.0290
1,7,6,0,0.8626,0.8926,0.9935,0.8276,0.0413
1,7,6,1,0.9399,0.9409,1.0000,0.9311,0.0363
1,7,6,2,0.9664,0.9678,0.9960,0.9633,0.0367
1,7,6,3,0.9482,0.9512,0.9955,0.9359,0.0260
1,7,6,4,0.9699,0.9739,0.9999,0.9637,0.0175
1,7,6,5,0.9803,0.9827,0.9989,0.9774,0.0222
1,7,6,6,0.9618,0.9590,0.9980,0.9560,0.0327
1,7,6,7,0.9617,0.9542,0.9818,0.9535,0.0238
1,7,6,8,0.9468,0.9597,0.9964,0.9353,0.0237
1,7,6,9,0.9307,0.9332,0.9932,0.9284,0.0616
1,7,6,10,0.9460,0.9463,0.9947,0.9429,0.0525
1,7,6,11,0.9608,0.9690,1.0000,0.9533,0.0270
1,7,7,0,0.9232,0.9256,0.9980,0.9101,0.0360
1,7,7,1,0.9420,0.9446,0.9926,0.9388,0.0530
1,7,7,2,0.9301,0.9323,0.9932,0.9278,0.0619
1,7,7,3,0.9842,0.9843,0.9985,0.9813,0.0170
1,7,7,4,0.9488,0.9551,0.9995,0.9428,0.0394
1,7,7,5,0.9689,0.9706,0.9997,0.9644,0.0278
1,7,7,6,0.9643,0.9654,0.9952,0.9620,0.0416
1,7,7,7,0.9378,0.9390,0.9942,0.9354,0.0594
1,7,7,8,0.9481,0.9203,0.9919,0.9386,0.0276
1,7,7,9,0.9664,0.9729,0.9994,0.9628,0.0337
1,7,7,10,0.9302,0.9326,0.9933,0.9277,0.0619
1,7,7,11,0.9341,0.9358,0.9938,0.9317,0.0606
1,7,8,0,0.9458,0.9475,0.9993,0.9393,0.0402
1,7,8,1,0.9322,0.9338,0.9934,0.9296,0.0608
1,7,8,2,0.9880,0.9878,0.9982,0.9860,0.0149
1,7,8,3,0.9452,0.9418,0.9853,0.9393,0.0443
1,7,8,4,0.9334,0.9211,0.9999,0.9192,0.0270
1,7,8,5,0.9402,0.9441,0.9926,0.9255,0.0240
1,7,8,6,0.9408,0.9415,0.9951,0.9349,0.0444
1,7,8,7,0.9306,0.9332,0.9997,0.9191,0.0367
1,7,8,8,0.8692,0.8692,0.9840,0.8401,0.0240
1,7,8,9,0.9666,0.9646,0.9940,0.9637,0.0368
1,7,8,10,0.9816,0.9782,0.9974,0.9781,0.0206
1,7,8,11,0.9703,0.9634,0.9937,0.9675,0.0344
1,7,9,0,0.9477,0.9501,0.9897,0.9410,0.0390
1,7,9,1,0.9351,0.9371,0.9934,0.9327,0.0598
1,7,9,2,0.9378,0.9387,0.9936,0.9353,0.0586
1,7,9,3,0.9327,0.9340,0.9996,0.9183,0.0271
1,7,9,4,0.9394,0.9390,0.9939,0.9371,0.0573
1,7,9,5,0.9590,0.9607,0.9935,0.9556,0.0416
1,7,9,6,0.9314,0.9339,0.9934,0.9292,0.0614
1,7,9,7,0.9659,0.9651,0.9903,0.9623,0.0351
1,7,9,8,0.9486,0.9480,0.9935,0.9460,0.0513
1,7,9,9,0.9307,0.9327,0.9933,0.9284,0.0617
1,7,9,10,0.9304,0.9306,0.9968,0.9153,0.0244
1,7,9,11,0.9340,0.9360,0.9933,0.9317,0.0608
1,7,10,0,0.9470,0.9451,0.9940,0.9435,0.0494
1,7,10,1,0.9342,0.9359,0.9943,0.9317,0.0605
1,7,10,2,0.9391,0.9419,0.9940,0.9368,0.0586
1,7,10,3,0.9525,0.9548,0.9928,0.9501,0.0500
1,7,10,4,0.9630,0.9639,0.9974,0.9596,0.0378
1,7,10,5,0.9320,0.9488,0.9949,0.9207,0.0354
1,7,10,6,0.9338,0.9352,0.9943,0.9311,0.0598
1,7,10,7,0.9507,0.9521,0.9949,0.9471,0.0475
1,7,10,8,0.9352,0.9375,0.9945,0.9324,0.0590
1,7,10,9,0.9103,0.8656,0.9676,0.8952,0.0340
1,7,10,10,0.9315,0.9334,0.9936,0.9289,0.0613
1,7,10,11,0.8965,0.8908,0.9997,0.8828,0.0484
1,7,11,0,0.8196,0.7963,0.9988,0.7708,0.0427
1,7,11,1,0.9615,0.9619,0.9965,0.9589,0.0419
1,7,11,2,0.9389,0.9381,0.9961,0.9356,0.0559
1,7,11,3,0.9394,0.9377,0.9992,0.9252,0.0260
1,7,11,4,0.9637,0.9611,0.9985,0.9591,0.0327
1,7,11,5,0.9479,0.9457,0.9942,0.9453,0.0522
1,7,11,6,0.9345,0.9360,0.9948,0.9318,0.0602
1,7,11,7,0.9495,0.9518,0.9987,0.9447,0.0430
1,7,11,8,0.3401,0.6138,0.9781,0.1683,0.0325
1,7,11,9,0.9362,0.9378,0.9946,0.9337,0.0594
1,7,11,10,0.9725,0.9721,1.0000,0.9665,0.0195
1,7,11,11,0.9576,0.9512,0.9991,0.9488,0.0227
1,8,0,0,0.9324,0.9146,0.9769,0.9160,0.0324
1,8,0,1,0.2629,0.2942,0.8831,0.1414,0.0644
1,8,0,2,0.8948,0.9033,0.9994,0.8668,0.0243
1,8,0,3,0.3735,0.3652,0.8700,0.2531,0.0416
1,8,0,4,0.6140,0.5804,0.9744,0.5143,0.0222
1,8,0,5,0.3917,0.3707,0.8348,0.2709,0.0338
1,8,0,6,0.8841,0.8706,0.9881,0.8531,0.0346
1,8,0,7,0.8021,0.7885,0.9947,0.7465,0.0346
1,8,0,8,0.8084,0.8160,1.0000,0.7562,0.0256
1,8,0,9,0.9492,0.9337,0.9819,0.9389,0.0357
1,8,0,10,0.8985,0.8590,0.9945,0.8732,0.0373
1,8,0,11,0.9514,0.9353,0.9800,0.9423,0.0338
1,8,1,0,0.8281,0.8064,0.9992,0.7819,0.0263
1,8,1,1,0.9554,0.9510,0.9990,0.9444,0.0257
1,8,1,2,0.9478,0.9460,0.9989,0.9346,0.0276
1,8,1,3,0.9368,0.9014,0.9894,0.9209,0.0233
1,8,1,4,0.9918,0.9911,0.9977,0.9898,0.0105
1,8,1,5,0.9379,0.9054,0.9992,0.9220,0.0200
1,8,1,6,0.9369,0.9058,0.9791,0.9237,0.0190
1,8,1,7,0.9907,0.9917,0.9997,0.9885,0.0084
1,8,1,8,1.0000,1.0000,1.0000,1.0000,0.0000
1,8,1,9,0.9862,0.9831,0.9969,0.9847,0.0221
1,8,1,10,0.3812,0.6129,0.9987,0.2003,0.0416
1,8,1,11,0.5007,0.4274,0.8658,0.3940,0.0313
1,8,2,0,0.9183,0.8940,0.9982,0.8969,0.0244
1,8,2,1,0.9603,0.9583,0.9988,0.9570,0.0419
1,8,2,2,0.6089,0.6231,0.9735,0.5177,0.0227
1,8,2,3,0.8460,0.8161,0.9999,0.8038,0.0300
1,8,2,4,0.8668,0.8921,0.9993,0.8341,0.0206
1,8,2,5,0.8056,0.8065,0.9994,0.7559,0.0221
1,8,2,6,0.9827,0.9831,0.9974,0.9805,0.0237
1,8,2,7,0.8078,0.7693,0.9948,0.7527,0.0427
1,8,2,8,0.6586,0.8258,0.9949,0.5736,0.0156
1,8,2,9,0.7250,0.7112,0.9908,0.6545,0.0187
1,8,2,10,0.9400,0.9283,0.9947,0.9258,0.0303
1,8,2,11,0.9694,0.9703,0.9994,0.9639,0.0235
1,8,3,0,0.9165,0.9197,0.9949,0.9111,0.0611
1,8,3,1,0.9868,0.9896,0.9962,0.9848,0.0183
1,8,3,2,0.7116,0.7035,0.9979,0.6339,0.0259
1,8,3,3,0.8214,0.8773,0.9931,0.7813,0.0302
1,8,3,4,0.9290,0.9255,0.9971,0.9248,0.0595
1,8,3,5,0.9709,0.9675,0.9993,0.9651,0.0163
1,8,3,6,0.8721,0.8549,0.9935,0.8380,0.0249
1,8,3,7,0.7696,0.7417,0.9552,0.7137,0.0229
1,8,3,8,0.8909,0.8747,0.9999,0.8636,0.0317
1,8,3,9,0.7851,0.8224,0.9966,0.7332,0.0262
1,8,3,10,0.9624,0.9602,0.9931,0.9557,0.0271
1,8,3,11,0.7463,0.8473,0.9967,0.6825,0.0216
1,8,4,0,0.5916,0.8613,0.9284,0.5119,0.0398
1,8,4,1,0.9329,0.9449,0.9994,0.9185,0.0214
1,8,4,2,0.9403,0.9369,0.9994,0.9349,0.0490
1,8,4,3,0.9191,0.9255,0.9971,0.9006,0.0168
1,8,4,4,0.9476,0.9476,0.9997,0.9416,0.0413
1,8,4,5,0.9389,0.9393,0.9994,0.9252,0.0233
1,8,4,6,0.9762,0.9762,0.9974,0.9705,0.0067
1,8,4,7,0.7233,0.6916,0.9595,0.6565,0.0235
1,8,4,8,0.9620,0.9598,0.9992,0.9574,0.0340
1,8,4,9,0.8765,0.9010,0.9916,0.8440,0.0221
1,8,4,10,0.9370,0.9350,0.9962,0.9324,0.0533
1,8,4,11,0.3691,0.5261,0.7958,0.2686,0.0662
1,8,5,0,0.9251,0.9240,0.9949,0.9186,0.0530
1,8,5,1,0.9111,0.9113,0.9959,0.9068,0.0662
1,8,5,2,0.8841,0.9064,0.9829,0.8556,0.0251
1,8,5,3,0.9533,0.9492,0.9830,0.9421,0.0183
1,8,5,4,0.9256,0.9178,0.9991,0.9067,0.0181
1,8,5,5,0.9231,0.9235,0.9980,0.9174,0.0568
1,8,5,6,0.9284,0.9362,1.0000,0.9158,0.0352
1,8,5,7,0.9261,0.9156,0.9983,0.9124,0.0324
1,8,5,8,0.9216,0.9146,0.9998,0.9090,0.0400
1,8,5,9,0.9317,0.9289,0.9967,0.9270,0.0567
1,8,5,10,0.9171,0.9160,0.9874,0.8979,0.0183
1,8,5,11,0.9604,0.9585,1.0000,0.9541,0.0292
1,8,6,0,0.8645,0.8892,0.9902,0.8290,0.0344
1,8,6,1,0.9152,0.9150,0.9995,0.9019,0.0371
1,8,6,2,0.9558,0.9544,0.9980,0.9513,0.0410
1,8,6,3,0.9312,0.9401,0.9976,0.9145,0.0192
1,8,6,4,0.9585,0.9581,0.9999,0.9500,0.0192
1,8,6,5,0.9705,0.9714,0.9998,0.9659,0.0262
1,8,6,6,0.9503,0.9501,0.9993,0.9426,0.0344
1,8,6,7,0.9276,0.9305,0.9864,0.9116,0.0224
1,8,6,8,0.9378,0.9487,0.9982,0.9242,0.0216
1,8,6,9,0.9126,0.9131,0.9959,0.9081,0.0659
1,8,6,10,0.9285,0.9271,0.9971,0.9231,0.0568
1,8,6,11,0.9608,0.9675,0.9995,0.9535,0.0262
1,8,7,0,0.9118,0.9162,0.9993,0.8967,0.0365
1,8,7,1,0.9234,0.9248,0.9955,0.9177,0.0573
1,8,7,2,0.9120,0.9120,0.9959,0.9076,0.0662
1,8,7,3,0.9754,0.9742,0.9996,0.9709,0.0168
1,8,7,4,0.9336,0.9386,1.0000,0.9252,0.0414
1,8,7,5,0.9559,0.9573,1.0000,0.9491,0.0308
1,8,7,6,0.9464,0.9485,0.9974,0.9414,0.0459
1,8,7,7,0.9199,0.9194,0.9967,0.9154,0.0637
1,8,7,8,0.9255,0.9092,0.9949,0.9115,0.0265
1,8,7,9,0.9528,0.9593,1.0000,0.9470,0.0376
1,8,7,10,0.9120,0.9124,0.9960,0.9074,0.0662
1,8,7,11,0.9163,0.9160,0.9964,0.9117,0.0649
1,8,8,0,0.9301,0.9314,0.9999,0.9211,0.0438
1,8,8,1,0.9141,0.9136,0.9961,0.9093,0.0651
1,8,8,2,0.9861,0.9852,0.9994,0.9840,0.0167
1,8,8,3,0.9337,0.9247,0.9894,0.9262,0.0483
1,8,8,4,0.9129,0.9074,0.9999,0.8941,0.0246
1,8,8,5,0.9476,0.9450,0.9891,0.9342,0.0171
1,8,8,6,0.9190,0.9184,0.9974,0.9097,0.0481
1,8,8,7,0.9164,0.9209,1.0000,0.9023,0.0368
1,8,8,8,0.8416,0.8511,0.9884,0.8057,0.0203
1,8,8,9,0.9484,0.9469,0.9965,0.9426,0.0405
1,8,8,10,0.9636,0.9632,0.9989,0.9562,0.0208
1,8,8,11,0.9512,0.9462,0.9963,0.9452,0.0371
1,8,9,0,0.9266,0.9301,0.9931,0.9162,0.0402
1,8,9,1,0.9184,0.9177,0.9960,0.9141,0.0641
1,8,9,2,0.9194,0.9186,0.9962,0.9145,0.0629
1,8,9,3,0.9293,0.9317,1.0000,0.9141,0.0241
1,8,9,4,0.9237,0.9202,0.9965,0.9195,0.0616
1,8,9,5,0.9439,0.9428,0.9961,0.9384,0.0456
1,8,9,6,0.9134,0.9138,0.9960,0.9090,0.0657
1,8,9,7,0.9499,0.9463,0.9936,0.9437,0.0375
1,8,9,8,0.9327,0.9296,0.9961,0.9281,0.0556
1,8,9,9,0.9128,0.9125,0.9960,0.9084,0.0660
1,8,9,10,0.9380,0.9322,0.9985,0.9245,0.0202
1,8,9,11,0.9162,0.9163,0.9960,0.9118,0.0651
1,8,10,0,0.9251,0.9231,0.9965,0.9183,0.0537
1,8,10,1,0.9162,0.9159,0.9967,0.9116,0.0648
1,8,10,2,0.9220,0.9231,0.9965,0.9177,0.0629
1,8,10,3,0.9370,0.9387,0.9956,0.9326,0.0543
1,8,10,4,0.9459,0.9476,0.9990,0.9398,0.0421
1,8,10,5,0.9380,0.9502,0.9972,0.9285,0.0343
1,8,10,6,0.9152,0.9147,0.9968,0.9101,0.0641
1,8,10,7,0.9339,0.9346,0.9972,0.9280,0.0517
1,8,10,8,0.9177,0.9183,0.9969,0.9128,0.0633
1,8,10,9,0.8962,0.8667,0.9739,0.8786,0.0367
1,8,10,10,0.9136,0.9135,0.9963,0.9089,0.0656
1,8,10,11,0.8766,0.8687,1.0000,0.8597,0.0517
1,8,11,0,0.8306,0.8032,0.9971,0.7831,0.0381
1,8,11,1,0.9508,0.9481,0.9984,0.9469,0.0462
1,8,11,2,0.9220,0.9184,0.9981,0.9166,0.0602
1,8,11,3,0.9218,0.9234,0.9999,0.9032,0.0214
1,8,11,4,0.9518,0.9481,0.9996,0.9455,0.0360
1,8,11,5,0.9313,0.9266,0.9967,0.9265,0.0565
1,8,11,6,0.9170,0.9161,0.9971,0.9122,0.0644
1,8,11,7,0.9398,0.9366,0.9997,0.9339,0.0470
1,8,11,8,0.3680,0.6465,0.9832,0.1996,0.0279
1,8,11,9,0.9187,0.9179,0.9969,0.9141,0.0637
1,8,11,10,0.9601,0.9624,0.9998,0.9513,0.0187
1,8,11,11,0.9327,0.9336,0.9999,0.9184,0.0210
1,9,0,0,0.9031,0.8711,0.9571,0.8872,0.0522
1,9,0,1,0.1911,0.2268,0.9172,0.0719,0.0424
1,9,0,2,0.8473,0.8418,0.9938,0.8149,0.0460
1,9,0,3,0.3018,0.2916,0.9060,0.1824,0.0237
1,9,0,4,0.5454,0.4967,0.9890,0.4435,0.0300
1,9,0,5,0.3271,0.2991,0.8754,0.2084,0.0184
1,9,0,6,0.8402,0.8123,0.9730,0.8070,0.0535
1,9,0,7,0.7140,0.6923,0.9835,0.6466,0.0541
1,9,0,8,0.7284,0.7329,0.9971,0.6662,0.0422
1,9,0,9,0.9028,0.8796,0.9640,0.8883,0.0575
1,9,0,10,0.8438,0.7947,0.9832,0.8137,0.0594
1,9,0,11,0.9070,0.8835,0.9614,0.8943,0.0559
1,9,1,0,0.7586,0.7179,0.9993,0.7044,0.0427
1,9,1,1,0.9066,0.8940,0.9924,0.8890,0.0446
1,9,1,2,0.8926,0.8855,0.9995,0.8712,0.0456
1,9,1,3,0.9304,0.8883,0.9750,0.9200,0.0390
1,9,1,4,0.9870,0.9825,0.9893,0.9861,0.0221
1,9,1,5,0.9008,0.8576,0.9993,0.8807,0.0329
1,9,1,6,0.9341,0.8902,0.9920,0.9212,0.0059
1,9,1,7,0.9882,0.9849,0.9945,0.9866,0.0178
1,9,1,8,0.9862,0.9831,0.9969,0.9847,0.0221
1,9,1,9,1.0000,1.0000,1.0000,1.0000,0.0000
1,9,1,10,0.2910,0.5351,0.9996,0.1102,0.0586
1,9,1,11,0.4433,0.3606,0.9024,0.3379,0.0229
1,9,2,0,0.8661,0.8240,0.9904,0.8382,0.0405
1,9,2,1,0.9902,0.9901,0.9996,0.9894,0.0198
1,9,2,2,0.5270,0.5258,0.9884,0.4300,0.0229
1,9,2,3,0.7874,0.7471,0.9978,0.7398,0.0495
1,9,2,4,0.8240,0.8353,0.9992,0.7870,0.0310
1,9,2,5,0.7260,0.7168,0.9990,0.6661,0.0352
1,9,2,6,0.9867,0.9904,1.0000,0.9841,0.0092
1,9,2,7,0.7377,0.6921,0.9837,0.6760,0.0635
1,9,2,8,0.5926,0.7529,0.9997,0.5044,0.0275
1,9,2,9,0.6628,0.6272,0.9984,0.5883,0.0319
1,9,2,10,0.8979,0.8716,0.9835,0.8802,0.0524
1,9,2,11,0.9899,0.9893,0.9990,0.9880,0.0081
1,9,3,0,0.9649,0.9683,0.9997,0.9631,0.0390
1,9,3,1,0.9888,0.9874,1.0000,0.9866,0.0140
1,9,3,2,0.6479,0.6278,0.9999,0.5668,0.0400
1,9,3,3,0.8189,0.8513,0.9992,0.7828,0.0252
1,9,3,4,0.9743,0.9732,1.0000,0.9734,0.0375
1,9,3,5,0.9811,0.9750,0.9933,0.9775,0.0108
1,9,3,6,0.8177,0.7894,0.9994,0.7780,0.0432
1,9,3,7,0.7312,0.6905,0.9755,0.6746,0.0310
1,9,3,8,0.8420,0.8103,0.9958,0.8086,0.0411
1,9,3,9,0.7534,0.7704,1.0000,0.7017,0.0298
1,9,3,10,0.9787,0.9721,0.9992,0.9746,0.0168
1,9,3,11,0.7013,0.7890,1.0000,0.6365,0.0297
1,9,4,0,0.5809,0.8437,0.9547,0.5073,0.0260
1,9,4,1,0.9149,0.9153,0.9990,0.8981,0.0213
1,9,4,2,0.9791,0.9790,0.9991,0.9772,0.0276
1,9,4,3,0.9157,0.9154,1.0000,0.8988,0.0170
1,9,4,4,0.9819,0.9824,0.9986,0.9796,0.0208
1,9,4,5,0.9361,0.9177,0.9991,0.9234,0.0267
1,9,4,6,0.9756,0.9718,0.9887,0.9714,0.0189
1,9,4,7,0.6521,0.6150,0.9786,0.5788,0.0275
1,9,4,8,0.9861,0.9853,0.9993,0.9840,0.0122
1,9,4,9,0.8378,0.8514,0.9783,0.8030,0.0387
1,9,4,10,0.9772,0.9772,1.0000,0.9758,0.0313
1,9,4,11,0.3074,0.4408,0.8409,0.2079,0.0441
1,9,5,0,0.9705,0.9715,0.9997,0.9681,0.0319
1,9,5,1,0.9627,0.9637,0.9999,0.9617,0.0441
1,9,5,2,0.8833,0.9016,0.9654,0.8592,0.0287
1,9,5,3,0.9521,0.9373,0.9655,0.9428,0.0238
1,9,5,4,0.9204,0.9046,0.9927,0.9047,0.0303
1,9,5,5,0.9682,0.9687,0.9999,0.9661,0.0348
1,9,5,6,0.9506,0.9428,0.9964,0.9417,0.0249
1,9,5,7,0.9528,0.9332,0.9905,0.9441,0.0192
1,9,5,8,0.9571,0.9456,0.9984,0.9499,0.0224
1,9,5,9,0.9760,0.9756,1.0000,0.9748,0.0346
1,9,5,10,0.9172,0.9077,0.9968,0.9006,0.0216
1,9,5,11,0.9820,0.9817,0.9967,0.9787,0.0154
1,9,6,0,0.8307,0.8566,0.9761,0.7943,0.0463
1,9,6,1,0.9520,0.9511,0.9940,0.9442,0.0224
1,9,6,2,0.9868,0.9883,0.9999,0.9853,0.0195
1,9,6,3,0.9222,0.9262,1.0000,0.9066,0.0289
1,9,6,4,0.9741,0.9700,0.9957,0.9691,0.0070
1,9,6,5,0.9911,0.9912,0.9983,0.9895,0.0073
1,9,6,6,0.9779,0.9733,0.9992,0.9741,0.0178
1,9,6,7,0.9346,0.9296,0.9963,0.9216,0.0216
1,9,6,8,0.9411,0.9402,0.9998,0.9295,0.0205
1,9,6,9,0.9636,0.9649,0.9999,0.9626,0.0438
1,9,6,10,0.9734,0.9733,1.0000,0.9717,0.0351
1,9,6,11,0.9707,0.9647,0.9938,0.9650,0.0165
1,9,7,0,0.9386,0.9318,0.9992,0.9278,0.0208
1,9,7,1,0.9687,0.9706,0.9999,0.9665,0.0352
1,9,7,2,0.9633,0.9642,0.9999,0.9623,0.0441
1,9,7,3,0.9852,0.9860,0.9988,0.9824,0.0090
1,9,7,4,0.9658,0.9706,0.9974,0.9609,0.0229
1,9,7,5,0.9832,0.9849,0.9968,0.9803,0.0132
1,9,7,6,0.9825,0.9842,1.0000,0.9808,0.0241
1,9,7,7,0.9685,0.9689,1.0000,0.9674,0.0416
1,9,7,8,0.9353,0.9082,0.9997,0.9232,0.0137
1,9,7,9,0.9810,0.9873,0.9976,0.9782,0.0165
1,9,7,10,0.9632,0.9644,0.9999,0.9621,0.0441
1,9,7,11,0.9660,0.9669,1.0000,0.9650,0.0429
1,9,8,0,0.9701,0.9688,0.9978,0.9660,0.0237
1,9,8,1,0.9646,0.9655,1.0000,0.9634,0.0430
1,9,8,2,0.9930,0.9927,0.9990,0.9917,0.0070
1,9,8,3,0.9666,0.9551,0.9978,0.9623,0.0278
1,9,8,4,0.9309,0.9099,0.9957,0.9173,0.0200
1,9,8,5,0.9274,0.9112,0.9744,0.9136,0.0338
1,9,8,6,0.9615,0.9641,1.0000,0.9568,0.0279
1,9,8,7,0.9456,0.9419,0.9968,0.9362,0.0214
1,9,8,8,0.8342,0.8339,0.9973,0.8010,0.0221
1,9,8,9,0.9807,0.9798,1.0000,0.9782,0.0197
1,9,8,10,0.9822,0.9797,0.9995,0.9787,0.0092
1,9,8,11,0.9834,0.9812,1.0000,0.9810,0.0179
1,9,9,0,0.9634,0.9632,0.9992,0.9578,0.0238
1,9,9,1,0.9671,0.9679,0.9999,0.9661,0.0421
1,9,9,2,0.9679,0.9686,1.0000,0.9666,0.0408
1,9,9,3,0.9366,0.9294,0.9972,0.9241,0.0221
1,9,9,4,0.9706,0.9697,1.0000,0.9697,0.0395
1,9,9,5,0.9804,0.9804,1.0000,0.9784,0.0244
1,9,9,6,0.9641,0.9653,0.9999,0.9631,0.0437
1,9,9,7,0.9805,0.9787,0.9994,0.9777,0.0186
1,9,9,8,0.9757,0.9754,1.0000,0.9744,0.0335
1,9,9,9,0.9637,0.9646,0.9999,0.9627,0.0440
1,9,9,10,0.9291,0.9076,0.9997,0.9150,0.0216
1,9,9,11,0.9659,0.9671,0.9999,0.9649,0.0430
1,9,10,0,0.9702,0.9697,1.0000,0.9676,0.0319
1,9,10,1,0.9659,0.9666,1.0000,0.9647,0.0427
1,9,10,2,0.9690,0.9711,1.0000,0.9679,0.0408
1,9,10,3,0.9764,0.9798,0.9999,0.9749,0.0322
1,9,10,4,0.9801,0.9830,0.9995,0.9776,0.0200
1,9,10,5,0.9428,0.9451,1.0000,0.9329,0.0252
1,9,10,6,0.9652,0.9658,1.0000,0.9638,0.0421
1,9,10,7,0.9751,0.9778,1.0000,0.9729,0.0300
1,9,10,8,0.9667,0.9683,1.0000,0.9654,0.0413
1,9,10,9,0.9027,0.8606,0.9887,0.8859,0.0184
1,9,10,10,0.9642,0.9652,1.0000,0.9630,0.0435
1,9,10,11,0.9241,0.9117,0.9968,0.9135,0.0319
1,9,11,0,0.7603,0.7262,0.9881,0.7051,0.0586
1,9,11,1,0.9846,0.9845,0.9998,0.9834,0.0244
1,9,11,2,0.9689,0.9680,0.9999,0.9672,0.0384
1,9,11,3,0.9249,0.9198,0.9978,0.9098,0.0248
1,9,11,4,0.9840,0.9841,0.9988,0.9816,0.0175
1,9,11,5,0.9747,0.9732,1.0000,0.9734,0.0348
1,9,11,6,0.9662,0.9668,1.0000,0.9649,0.0424
1,9,11,7,0.9765,0.9744,0.9985,0.9741,0.0259
1,9,11,8,0.2739,0.5665,0.9945,0.1047,0.0424
1,9,11,9,0.9674,0.9679,1.0000,0.9662,0.0416
1,9,11,10,0.9685,0.9663,0.9951,0.9624,0.0148
1,9,11,11,0.9491,0.9410,0.9980,0.9392,0.0148
1,10,0,0,0.5646,0.7080,0.9646,0.4097,0.0114
1,10,0,1,0.6542,0.6789,0.9060,0.6020,0.0990
1,10,0,2,0.5227,0.7120,0.9964,0.3649,0.0198
1,10,0,3,0.6687,0.6811,0.8941,0.6027,0.0746
1,10,0,4,0.6911,0.7098,0.9846,0.5973,0.0352
1,10,0,5,0.6807,0.6949,0.8619,0.6140,0.0668
1,10,0,6,0.5908,0.7053,0.9790,0.4461,0.0137
1,10,0,7,0.6378,0.7963,0.9881,0.5104,0.0114
1,10,0,8,0.5998,0.7706,0.9988,0.4671,0.0205
1,10,0,9,0.5870,0.7509,0.9709,0.4355,0.0141
1,10,0,10,0.6718,0.8477,0.9878,0.5476,0.0144
1,10,0,11,0.6138,0.7778,0.9686,0.4706,0.0163
1,10,1,0,0.5515,0.7422,0.9999,0.4053,0.0168
1,10,1,1,0.4913,0.7083,0.9954,0.3240,0.0184
1,10,1,2,0.4825,0.7227,1.0000,0.3147,0.0156
1,10,1,3,0.5920,0.7396,0.9807,0.4528,0.0373
1,10,1,4,0.4039,0.6107,0.9929,0.2267,0.0448
1,10,1,5,0.4616,0.6877,0.9999,0.2967,0.0308
1,10,1,6,0.3340,0.5543,0.9882,0.1597,0.0552
1,10,1,7,0.3637,0.5915,0.9970,0.1821,0.0462
1,10,1,8,0.3812,0.6129,0.9987,0.2003,0.0416
1,10,1,9,0.2910,0.5351,0.9996,0.1102,0.0586
1,10,1,10,1.0000,1.0000,1.0000,1.0000,0.0000
1,10,1,11,0.6498,0.7002,0.8903,0.5666,0.0608
1,10,2,0,0.4969,0.6849,0.9938,0.3342,0.0210
1,10,2,1,0.2351,0.4975,1.0000,0.0616,0.0765
1,10,2,2,0.5722,0.7267,0.9839,0.4566,0.0449
1,10,2,3,0.5801,0.7804,0.9992,0.4365,0.0125
1,10,2,4,0.4496,0.6475,0.9999,0.2903,0.0365
1,10,2,5,0.5154,0.7070,0.9999,0.3690,0.0306
1,10,2,6,0.3019,0.5465,0.9998,0.1245,0.0586
1,10,2,7,0.7426,0.9083,0.9883,0.6443,0.0103
1,10,2,8,0.5798,0.7081,0.9987,0.4572,0.0352
1,10,2,9,0.5607,0.6981,0.9964,0.4277,0.0302
1,10,2,10,0.5683,0.7564,0.9881,0.4161,0.0148
1,10,2,11,0.3224,0.5420,0.9999,0.1474,0.0606
1,10,3,0,0.1821,0.4480,0.9987,0.0193,0.0957
1,10,3,1,0.3168,0.5656,0.9993,0.1379,0.0506
1,10,3,2,0.6359,0.7606,0.9999,0.5187,0.0221
1,10,3,3,0.4392,0.6586,0.9978,0.2905,0.0517
1,10,3,4,0.1858,0.4502,0.9997,0.0202,0.0941
1,10,3,5,0.3217,0.5408,0.9961,0.1423,0.0538
1,10,3,6,0.5298,0.7487,0.9980,0.3764,0.0202
1,10,3,7,0.5089,0.6678,0.9691,0.3694,0.0330
1,10,3,8,0.4658,0.6442,0.9979,0.3077,0.0394
1,10,3,9,0.4884,0.6260,0.9995,0.3435,0.0456
1,10,3,10,0.3122,0.5625,0.9978,0.1376,0.0570
1,10,3,11,0.5342,0.6806,0.9995,0.3962,0.0346
1,10,4,0,0.4703,0.6942,0.9462,0.3507,0.0706
1,10,4,1,0.3492,0.5865,0.9998,0.1768,0.0487
1,10,4,2,0.2245,0.4581,0.9999,0.0558,0.0843
1,10,4,3,0.3812,0.6081,0.9997,0.2119,0.0473
1,10,4,4,0.2469,0.4744,0.9997,0.0753,0.0762
1,10,4,5,0.3703,0.6161,0.9999,0.1994,0.0478
1,10,4,6,0.3754,0.5791,0.9924,0.1968,0.0416
1,10,4,7,0.5431,0.7097,0.9726,0.4141,0.0416
1,10,4,8,0.2601,0.5049,0.9999,0.0850,0.0686
1,10,4,9,0.4945,0.6677,0.9836,0.3339,0.0243
1,10,4,10,0.2057,0.4606,0.9993,0.0382,0.0879
1,10,4,11,0.4705,0.6979,0.8258,0.3790,0.1008
1,10,5,0,0.2070,0.4595,0.9987,0.0410,0.0879
1,10,5,1,0.1635,0.4391,0.9992,0.0027,0.1008
1,10,5,2,0.4301,0.5444,0.9722,0.2651,0.0406
1,10,5,3,0.3863,0.5446,0.9723,0.2115,0.0440
1,10,5,4,0.4510,0.6128,0.9957,0.2862,0.0343
1,10,5,5,0.1975,0.4505,0.9999,0.0332,0.0914
1,10,5,6,0.3067,0.5259,0.9983,0.1382,0.0632
1,10,5,7,0.3256,0.4979,0.9939,0.1591,0.0648
1,10,5,8,0.2881,0.4778,0.9996,0.1211,0.0711
1,10,5,9,0.1965,0.4519,0.9995,0.0296,0.0913
1,10,5,10,0.3888,0.6038,0.9942,0.2209,0.0468
1,10,5,11,0.2973,0.5055,0.9985,0.1241,0.0638
1,10,6,0,0.4955,0.6361,0.9817,0.3365,0.0316
1,10,6,1,0.2737,0.4748,0.9967,0.1057,0.0702
1,10,6,2,0.2441,0.4821,0.9999,0.0711,0.0762
1,10,6,3,0.3995,0.6299,0.9998,0.2273,0.0402
1,10,6,4,0.3404,0.5474,0.9979,0.1667,0.0557
1,10,6,5,0.2997,0.5295,0.9995,0.1233,0.0637
1,10,6,6,0.2939,0.5223,0.9999,0.1235,0.0684
1,10,6,7,0.3592,0.5921,0.9935,0.1876,0.0497
1,10,6,8,0.3520,0.6003,1.0000,0.1786,0.0492
1,10,6,9,0.1661,0.4413,0.9992,0.0049,0.1005
1,10,6,10,0.2016,0.4575,0.9997,0.0359,0.0917
1,10,6,11,0.3205,0.5444,0.9965,0.1464,0.0576
1,10,7,0,0.3076,0.5325,0.9999,0.1433,0.0676
1,10,7,1,0.1968,0.4528,0.9990,0.0320,0.0919
1,10,7,2,0.1650,0.4393,0.9992,0.0039,0.1008
1,10,7,3,0.3129,0.5557,0.9997,0.1332,0.0537
1,10,7,4,0.2431,0.4783,0.9990,0.0723,0.0748
1,10,7,5,0.2842,0.4960,0.9986,0.1099,0.0670
1,10,7,6,0.2289,0.4873,0.9998,0.0583,0.0808
1,10,7,7,0.1785,0.4477,0.9996,0.0154,0.0983
1,10,7,8,0.3182,0.5281,0.9988,0.1486,0.0602
1,10,7,9,0.2564,0.4928,0.9991,0.0837,0.0729
1,10,7,10,0.1675,0.4389,0.9993,0.0064,0.1008
1,10,7,11,0.1716,0.4435,0.9994,0.0093,0.0995
1,10,8,0,0.2588,0.4651,0.9992,0.0924,0.0794
1,10,8,1,0.1718,0.4400,0.9993,0.0099,0.0997
1,10,8,2,0.3124,0.5578,0.9998,0.1328,0.0535
1,10,8,3,0.2419,0.4795,0.9956,0.0745,0.0822
1,10,8,4,0.3750,0.5519,0.9978,0.2106,0.0541
1,10,8,5,0.4610,0.6219,0.9802,0.2935,0.0314
1,10,8,6,0.2294,0.4707,0.9998,0.0628,0.0817
1,10,8,7,0.3034,0.5126,0.9986,0.1384,0.0692
1,10,8,8,0.4098,0.5991,0.9949,0.2516,0.0483
1,10,8,9,0.2458,0.4850,0.9995,0.0739,0.0751
1,10,8,10,0.3335,0.5501,1.0000,0.1582,0.0563
1,10,8,11,0.2512,0.4932,0.9994,0.0774,0.0721
1,10,9,0,0.2639,0.4841,0.9978,0.0961,0.0738
1,10,9,1,0.1728,0.4460,0.9993,0.0102,0.0987
1,10,9,2,0.1799,0.4454,0.9993,0.0166,0.0975
1,10,9,3,0.3595,0.5713,0.9988,0.1903,0.0511
1,10,9,4,0.1799,0.4486,0.9995,0.0162,0.0962
1,10,9,5,0.2327,0.4824,0.9993,0.0629,0.0808
1,10,9,6,0.1667,0.4412,0.9993,0.0053,0.1003
1,10,9,7,0.2518,0.5014,0.9981,0.0784,0.0711
1,10,9,8,0.1970,0.4628,0.9993,0.0302,0.0902
1,10,9,9,0.1662,0.4399,0.9993,0.0049,0.1006
1,10,9,10,0.3560,0.5882,1.0000,0.1842,0.0478
1,10,9,11,0.1701,0.4442,0.9993,0.0079,0.0997
1,10,10,0,0.2124,0.4482,0.9995,0.0468,0.0886
1,10,10,1,0.1734,0.4429,0.9996,0.0111,0.0994
1,10,10,2,0.1788,0.4516,0.9995,0.0152,0.0975
1,10,10,3,0.2032,0.4648,0.9991,0.0358,0.0889
1,10,10,4,0.2428,0.4838,1.0000,0.0713,0.0767
1,10,10,5,0.2762,0.5296,0.9997,0.1045,0.0616
1,10,10,6,0.1775,0.4390,0.9996,0.0155,0.0987
1,10,10,7,0.2182,0.4636,0.9997,0.0507,0.0867
1,10,10,8,0.1787,0.4451,0.9996,0.0160,0.0979
1,10,10,9,0.3100,0.5303,0.9843,0.1491,0.0716
1,10,10,10,0.1701,0.4392,0.9994,0.0085,0.1002
1,10,10,11,0.2719,0.4320,0.9986,0.1172,0.0857
1,10,11,0,0.6818,0.8484,0.9919,0.5652,0.0156
1,10,11,1,0.2245,0.4770,1.0000,0.0538,0.0811
1,10,11,2,0.1924,0.4367,0.9999,0.0286,0.0951
1,10,11,3,0.4090,0.5839,0.9993,0.2426,0.0430
1,10,11,4,0.2649,0.4735,0.9997,0.0922,0.0732
1,10,11,5,0.1989,0.4522,0.9995,0.0331,0.0911
1,10,11,6,0.1768,0.4417,0.9997,0.0144,0.0990
1,10,11,7,0.2404,0.4815,0.9996,0.0743,0.0822
1,10,11,8,0.9330,0.9546,0.9913,0.9128,0.0225
1,10,11,9,0.1769,0.4447,0.9996,0.0141,0.0983
1,10,11,10,0.3602,0.5569,0.9975,0.1865,0.0483
1,10,11,11,0.3496,0.5448,0.9994,0.1789,0.0530
1,11,0,0,0.5359,0.4890,0.7387,0.4212,0.0548
1,11,0,1,0.9053,0.9544,0.9994,0.8949,0.0462
1,11,0,2,0.5667,0.5369,0.8487,0.4656,0.0492
1,11,0,3,0.9615,0.9842,1.0000,0.9557,0.0176
1,11,0,4,0.8534,0.8833,0.9562,0.8230,0.0290
1,11,0,5,0.9814,0.9899,0.9983,0.9785,0.0130
1,11,0,6,0.6094,0.6027,0.7787,0.5150,0.0544
1,11,0,7,0.5826,0.6223,0.8097,0.4813,0.0560
1,11,0,8,0.5925,0.6595,0.8672,0.4975,0.0435
1,11,0,9,0.5488,0.4970,0.7554,0.4353,0.0616
1,11,0,10,0.7561,0.7385,0.8085,0.7013,0.0622
1,11,0,11,0.6037,0.5758,0.7490,0.5050,0.0594
1,11,1,0,0.5018,0.6093,0.8853,0.3856,0.0471
1,11,1,1,0.5383,0.5244,0.8425,0.4305,0.0475
1,11,1,2,0.5828,0.5421,0.8882,0.4869,0.0500
1,11,1,3,0.5996,0.5628,0.7840,0.5047,0.0397
1,11,1,4,0.5138,0.4525,0.8298,0.4086,0.0360
1,11,1,5,0.6506,0.6519,0.8855,0.5739,0.0319
1,11,1,6,0.4684,0.4092,0.9495,0.3652,0.0198
1,11,1,7,0.4776,0.4103,0.8524,0.3682,0.0327
1,11,1,8,0.5007,0.4274,0.8658,0.3940,0.0313
1,11,1,9,0.4433,0.3606,0.9024,0.3379,0.0229
1,11,1,10,0.6498,0.7002,0.8903,0.5666,0.0608
1,11,1,11,1.0000,1.0000,1.0000,1.0000,0.0000
1,11,2,0,0.5159,0.5326,0.8344,0.4040,0.0430
1,11,2,1,0.4164,0.3425,0.8896,0.3178,0.0265
1,11,2,2,0.3839,0.7001,0.9573,0.2590,0.0165
1,11,2,3,0.5233,0.5837,0.8718,0.4085,0.0537
1,11,2,4,0.4693,0.5192,0.8843,0.3565,0.0262
1,11,2,5,0.4949,0.5393,0.8826,0.3838,0.0330
1,11,2,6,0.4626,0.4202,0.8993,0.3611,0.0149
1,11,2,7,0.7263,0.7300,0.8103,0.6626,0.0648
1,11,2,8,0.3812,0.5756,0.9120,0.2479,0.0268
1,11,2,9,0.4371,0.5920,0.9255,0.3126,0.0322
1,11,2,10,0.6462,0.6222,0.8095,0.5618,0.0549
1,11,2,11,0.4757,0.4037,0.8823,0.3752,0.0259
1,11,3,0,0.3862,0.3131,0.9120,0.2957,0.0429
1,11,3,1,0.4696,0.4013,0.9063,0.3667,0.0156
1,11,3,2,0.4340,0.6240,0.8966,0.3024,0.0394
1,11,3,3,0.3768,0.5613,0.9184,0.2535,0.0125
1,11,3,4,0.3690,0.2917,0.9016,0.2738,0.0413
1,11,3,5,0.4475,0.3729,0.8464,0.3392,0.0203
1,11,3,6,0.5018,0.5832,0.9172,0.3855,0.0444
1,11,3,7,0.4405,0.5782,0.9751,0.3231,0.0290
1,11,3,8,0.4565,0.5697,0.8592,0.3389,0.0325
1,11,3,9,0.3789,0.5245,0.9041,0.2488,0.0219
1,11,3,10,0.5348,0.5038,0.9184,0.4470,0.0146
1,11,3,11,0.4307,0.5606,0.9036,0.3070,0.0275
1,11,4,0,0.2776,0.4917,0.9897,0.1517,0.0133
1,11,4,1,0.4435,0.4254,0.8821,0.3342,0.0146
1,11,4,2,0.3909,0.3064,0.8832,0.2922,0.0321
1,11,4,3,0.4120,0.4546,0.9013,0.2929,0.0160
1,11,4,4,0.4189,0.3389,0.8782,0.3201,0.0259
1,11,4,5,0.4323,0.4997,0.8828,0.3183,0.0146
1,11,4,6,0.4566,0.4066,0.8274,0.3426,0.0275
1,11,4,7,0.8205,0.8367,0.9717,0.7837,0.0221
1,11,4,8,0.4268,0.3794,0.8854,0.3257,0.0217
1,11,4,9,0.4397,0.4699,0.7936,0.3111,0.0394
1,11,4,10,0.3902,0.3220,0.9063,0.2945,0.0351
1,11,4,11,0.1832,0.7455,0.9920,0.0661,0.0479
1,11,5,0,0.3862,0.3100,0.9120,0.2905,0.0348
1,11,5,1,0.3560,0.2760,0.9074,0.2644,0.0479
1,11,5,2,0.4179,0.4045,0.7589,0.2942,0.0221
1,11,5,3,0.4513,0.3858,0.7591,0.3365,0.0190
1,11,5,4,0.4871,0.4692,0.8440,0.3750,0.0284
1,11,5,5,0.3727,0.3023,0.8957,0.2772,0.0386
1,11,5,6,0.4058,0.4362,0.8624,0.2979,0.0106
1,11,5,7,0.4101,0.4120,0.8347,0.3014,0.0100
1,11,5,8,0.3987,0.3564,0.8767,0.2933,0.0167
1,11,5,9,0.3738,0.2952,0.9036,0.2772,0.0384
1,11,5,10,0.4609,0.4330,0.9341,0.3515,0.0149
1,11,5,11,0.4544,0.3960,0.8644,0.3542,0.0170
1,11,6,0,0.4366,0.4600,0.7872,0.3081,0.0387
1,11,6,1,0.3723,0.3251,0.8501,0.2637,0.0157
1,11,6,2,0.4095,0.3240,0.8955,0.3088,0.0281
1,11,6,3,0.4478,0.4208,0.8981,0.3315,0.0279
1,11,6,4,0.4748,0.4096,0.8587,0.3722,0.0178
1,11,6,5,0.4520,0.3762,0.8760,0.3494,0.0235
1,11,6,6,0.4840,0.4322,0.8840,0.3911,0.0175
1,11,6,7,0.4573,0.4318,0.9362,0.3496,0.0137
1,11,6,8,0.4168,0.4666,0.8939,0.3012,0.0141
1,11,6,9,0.3587,0.2805,0.9073,0.2670,0.0476
1,11,6,10,0.3873,0.3075,0.9015,0.2927,0.0386
1,11,6,11,0.4451,0.4205,0.8488,0.3395,0.0124
1,11,7,0,0.3947,0.4420,0.8840,0.2872,0.0100
1,11,7,1,0.3942,0.3275,0.9095,0.3018,0.0390
1,11,7,2,0.3569,0.2770,0.9075,0.2652,0.0479
1,11,7,3,0.4421,0.3910,0.8799,0.3340,0.0192
1,11,7,4,0.3934,0.3381,0.8690,0.2913,0.0219
1,11,7,5,0.4238,0.3498,0.8648,0.3193,0.0221
1,11,7,6,0.4068,0.3348,0.8993,0.3091,0.0292
1,11,7,7,0.3656,0.2879,0.9035,0.2722,0.0454
1,11,7,8,0.4109,0.4393,0.9119,0.3016,0.0130
1,11,7,9,0.4122,0.3440,0.8704,0.3103,0.0235
1,11,7,10,0.3594,0.2792,0.9072,0.2676,0.0479
1,11,7,11,0.3607,0.2820,0.9052,0.2679,0.0467
1,11,8,0,0.4176,0.3419,0.8720,0.3199,0.0249
1,11,8,1,0.3610,0.2811,0.9066,0.2686,0.0468
1,11,8,2,0.4654,0.4022,0.8820,0.3619,0.0206
1,11,8,3,0.4068,0.3498,0.9292,0.3091,0.0249
1,11,8,4,0.4574,0.4646,0.8585,0.3513,0.0098
1,11,8,5,0.4859,0.4735,0.7825,0.3703,0.0354
1,11,8,6,0.3767,0.3146,0.8998,0.2761,0.0286
1,11,8,7,0.4132,0.4192,0.8654,0.3092,0.0125
1,11,8,8,0.4042,0.4348,0.9318,0.2855,0.0129
1,11,8,9,0.4202,0.3594,0.9047,0.3217,0.0232
1,11,8,10,0.4639,0.4014,0.8880,0.3594,0.0184
1,11,8,11,0.3944,0.3394,0.9056,0.2896,0.0202
1,11,9,0,0.4119,0.3646,0.9184,0.3117,0.0203
1,11,9,1,0.3643,0.2865,0.9069,0.2718,0.0459
1,11,9,2,0.3645,0.2926,0.9061,0.2706,0.0446
1,11,9,3,0.4594,0.4451,0.8674,0.3534,0.0119
1,11,9,4,0.3650,0.2930,0.9047,0.2710,0.0433
1,11,9,5,0.4087,0.3420,0.9065,0.3111,0.0273
1,11,9,6,0.3595,0.2811,0.9069,0.2677,0.0475
1,11,9,7,0.3951,0.3449,0.9168,0.2906,0.0195
1,11,9,8,0.3799,0.3078,0.9064,0.2841,0.0373
1,11,9,9,0.3581,0.2789,0.9072,0.2663,0.0478
1,11,9,10,0.4876,0.4913,0.8917,0.3863,0.0140
1,11,9,11,0.3609,0.2822,0.9070,0.2684,0.0468
1,11,10,0,0.3795,0.3048,0.9045,0.2823,0.0354
1,11,10,1,0.3635,0.2854,0.9034,0.2710,0.0465
1,11,10,2,0.3683,0.2907,0.9046,0.2750,0.0446
1,11,10,3,0.3912,0.3161,0.9090,0.2960,0.0360
1,11,10,4,0.4062,0.3368,0.8877,0.3059,0.0238
1,11,10,5,0.4274,0.3839,0.9008,0.3261,0.0151
1,11,10,6,0.3625,0.2824,0.9033,0.2693,0.0459
1,11,10,7,0.3966,0.3205,0.9009,0.3004,0.0335
1,11,10,8,0.3695,0.2891,0.9026,0.2769,0.0451
1,11,10,9,0.4272,0.4687,0.9567,0.3270,0.0219
1,11,10,10,0.3598,0.2783,0.9058,0.2675,0.0473
1,11,10,11,0.3747,0.3300,0.8648,0.2748,0.0281
1,11,11,0,0.6428,0.6635,0.8254,0.5558,0.0595
1,11,11,1,0.4062,0.3252,0.8929,0.3088,0.0308
1,11,11,2,0.3716,0.2892,0.8951,0.2769,0.0419
1,11,11,3,0.4631,0.4568,0.8721,0.3517,0.0213
1,11,11,4,0.4190,0.3261,0.8798,0.3172,0.0279
1,11,11,5,0.3783,0.3078,0.9036,0.2826,0.0383
1,11,11,6,0.3647,0.2836,0.9011,0.2718,0.0462
1,11,11,7,0.4132,0.3375,0.8775,0.3174,0.0303
1,11,11,8,0.6282,0.7065,0.9426,0.5446,0.0405
1,11,11,9,0.3660,0.2887,0.9022,0.2731,0.0454
1,11,11,10,0.4834,0.4269,0.8556,0.3798,0.0176
1,11,11,11,0.4464,0.4127,0.8737,0.3385,0.0119
2,0,0,0,0.8926,0.8636,0.9879,0.8582,0.0140
2,0,0,1,0.3017,0.4123,0.8535,0.1775,0.0829
2,0,0,2,0.8940,0.9216,0.9996,0.8616,0.0116
2,0,0,3,0.4099,0.4840,0.8390,0.2874,0.0578
2,0,0,4,0.6571,0.6771,0.9592,0.5597,0.0156
2,0,0,5,0.4159,0.4877,0.8004,0.2902,0.0500
2,0,0,6,0.8784,0.8868,0.9955,0.8394,0.0137
2,0,0,7,0.9085,0.9152,0.9991,0.8795,0.0140
2,0,0,8,0.8615,0.8992,0.9980,0.8190,0.0068
2,0,0,9,0.9417,0.9114,0.9915,0.9238,0.0230
2,0,0,10,0.8878,0.8629,0.9990,0.8513,0.0214
2,0,0,11,0.9357,0.9132,0.9902,0.9158,0.0224
2,0,1,0,0.9275,0.9268,0.9950,0.9056,0.0063
2,0,1,1,0.9650,0.9504,0.9999,0.9543,0.0086
2,0,1,2,0.9590,0.9479,0.9944,0.9466,0.0108
2,0,1,3,0.8542,0.8179,0.9963,0.8085,0.0265
2,0,1,4,0.8990,0.8764,1.0000,0.8716,0.0305
2,0,1,5,0.9073,0.9026,0.9949,0.8811,0.0117
2,0,1,6,0.8402,0.8236,0.9652,0.8041,0.0375
2,0,1,7,0.8952,0.8723,0.9994,0.8686,0.0300
2,0,1,8,0.9183,0.8940,0.9982,0.8969,0.0244
2,0,1,9,0.8661,0.8240,0.9904,0.8382,0.0405
2,0,1,10,0.4969,0.6849,0.9938,0.3342,0.0210
2,0,1,11,0.5159,0.5326,0.8344,0.4040,0.0430
2,0,2,0,1.0000,1.0000,1.0000,1.0000,0.0000
2,0,2,1,0.8119,0.7719,0.9940,0.7796,0.0603
2,0,2,2,0.7840,0.8148,0.9581,0.7303,0.0275
2,0,2,3,0.8857,0.8727,0.9974,0.8498,0.0119
2,0,2,4,0.9140,0.9080,0.9952,0.8917,0.0184
2,0,2,5,0.9178,0.9231,0.9956,0.8950,0.0129
2,0,2,6,0.8657,0.8374,0.9914,0.8379,0.0402
2,0,2,7,0.8589,0.8436,0.9991,0.8119,0.0233
2,0,2,8,0.8009,0.9019,0.9870,0.7470,0.0178
2,0,2,9,0.7965,0.8288,0.9810,0.7393,0.0111
2,0,2,10,0.9191,0.9284,0.9990,0.8935,0.0167
2,0,2,11,0.8412,0.8104,0.9956,0.8064,0.0422
2,0,3,0,0.7445,0.7070,0.9870,0.7088,0.0795
2,0,3,1,0.8854,0.8675,0.9892,0.8607,0.0344
2,0,3,2,0.8047,0.8441,0.9922,0.7463,0.0078
2,0,3,3,0.8179,0.8671,0.9844,0.7749,0.0330
2,0,3,4,0.7592,0.7112,0.9907,0.7247,0.0779
2,0,3,5,0.8496,0.8251,0.9998,0.8154,0.0351
2,0,3,6,0.8896,0.9002,0.9849,0.8562,0.0075
2,0,3,7,0.7798,0.8115,0.9358,0.7222,0.0168
2,0,3,8,0.9495,0.9590,0.9989,0.9363,0.0219
2,0,3,9,0.8002,0.8642,0.9899,0.7482,0.0271
2,0,3,10,0.8410,0.8190,0.9844,0.8072,0.0408
2,0,3,11,0.8073,0.8636,0.9901,0.7545,0.0165
2,0,4,0,0.6261,0.8135,0.9045,0.5489,0.0529
2,0,4,1,0.8958,0.8933,0.9957,0.8730,0.0303
2,0,4,2,0.7778,0.7289,0.9954,0.7413,0.0678
2,0,4,3,0.8223,0.8373,0.9908,0.7787,0.0279
2,0,4,4,0.7961,0.7610,0.9964,0.7599,0.0597
2,0,4,5,0.8869,0.9104,0.9955,0.8605,0.0297
2,0,4,6,0.8926,0.8737,0.9999,0.8652,0.0232
2,0,4,7,0.7575,0.7894,0.9409,0.6941,0.0229
2,0,4,8,0.8260,0.8027,0.9950,0.7936,0.0524
2,0,4,9,0.8857,0.9121,0.9975,0.8521,0.0065
2,0,4,10,0.7729,0.7368,0.9892,0.7381,0.0717
2,0,4,11,0.5611,0.6994,0.7582,0.4917,0.0846
2,0,5,0,0.7687,0.7191,0.9870,0.7336,0.0714
2,0,5,1,0.7359,0.6894,0.9887,0.7017,0.0846
2,0,5,2,0.8164,0.8130,0.9922,0.7676,0.0225
2,0,5,3,0.8776,0.8674,0.9922,0.8464,0.0256
2,0,5,4,0.8614,0.8568,0.9998,0.8232,0.0152
2,0,5,5,0.7546,0.7134,0.9924,0.7184,0.0752
2,0,5,6,0.8359,0.8275,0.9986,0.8037,0.0457
2,0,5,7,0.8095,0.7835,1.0000,0.7699,0.0476
2,0,5,8,0.7822,0.7455,0.9966,0.7402,0.0540
2,0,5,9,0.7652,0.7190,0.9901,0.7301,0.0751
2,0,5,10,0.8072,0.8175,0.9761,0.7594,0.0281
2,0,5,11,0.8208,0.7964,0.9984,0.7842,0.0473
2,0,6,0,0.8443,0.8536,0.9967,0.7988,0.0167
2,0,6,1,0.7814,0.7439,0.9996,0.7404,0.0530
2,0,6,2,0.8051,0.7630,0.9925,0.7706,0.0594
2,0,6,3,0.8704,0.8570,0.9918,0.8368,0.0211
2,0,6,4,0.8409,0.8190,0.9990,0.8046,0.0367
2,0,6,5,0.8472,0.8128,0.9968,0.8155,0.0452
2,0,6,6,0.8142,0.7960,0.9953,0.7775,0.0513
2,0,6,7,0.8271,0.8237,0.9748,0.7862,0.0316
2,0,6,8,0.8840,0.8736,0.9929,0.8576,0.0317
2,0,6,9,0.7384,0.6931,0.9888,0.7042,0.0843
2,0,6,10,0.7650,0.7177,0.9907,0.7299,0.0752
2,0,6,11,0.8826,0.8894,0.9996,0.8585,0.0405
2,0,7,0,0.8031,0.8061,0.9953,0.7650,0.0502
2,0,7,1,0.7537,0.7133,0.9880,0.7172,0.0757
2,0,7,2,0.7370,0.6902,0.9887,0.7028,0.0846
2,0,7,3,0.8558,0.8200,0.9961,0.8237,0.0352
2,0,7,4,0.7874,0.7548,0.9978,0.7501,0.0586
2,0,7,5,0.8250,0.7798,0.9983,0.7903,0.0498
2,0,7,6,0.7924,0.7590,0.9914,0.7578,0.0643
2,0,7,7,0.7478,0.7027,0.9901,0.7131,0.0821
2,0,7,8,0.8229,0.8196,0.9871,0.7860,0.0437
2,0,7,9,0.8146,0.7873,0.9976,0.7811,0.0563
2,0,7,10,0.7378,0.6914,0.9888,0.7033,0.0846
2,0,7,11,0.7435,0.6973,0.9895,0.7091,0.0833
2,0,8,0,0.7842,0.7460,0.9974,0.7462,0.0629
2,0,8,1,0.7409,0.6935,0.9890,0.7062,0.0835
2,0,8,2,0.8730,0.8413,0.9957,0.8453,0.0354
2,0,8,3,0.7769,0.7560,0.9790,0.7389,0.0651
2,0,8,4,0.8273,0.8291,0.9990,0.7875,0.0367
2,0,8,5,0.9308,0.9215,0.9961,0.9110,0.0117
2,0,8,6,0.7676,0.7198,0.9913,0.7293,0.0652
2,0,8,7,0.7940,0.7907,0.9983,0.7539,0.0517
2,0,8,8,0.8017,0.8103,0.9775,0.7540,0.0305
2,0,8,9,0.7949,0.7602,0.9897,0.7584,0.0589
2,0,8,10,0.8373,0.8097,0.9944,0.8002,0.0383
2,0,8,11,0.8004,0.7665,0.9894,0.7637,0.0556
2,0,9,0,0.7800,0.7659,0.9844,0.7399,0.0573
2,0,9,1,0.7455,0.6991,0.9889,0.7112,0.0825
2,0,9,2,0.7484,0.7042,0.9892,0.7134,0.0813
2,0,9,3,0.8717,0.8458,0.9980,0.8429,0.0337
2,0,9,4,0.7481,0.7032,0.9897,0.7130,0.0800
2,0,9,5,0.7895,0.7539,0.9891,0.7542,0.0643
2,0,9,6,0.7388,0.6927,0.9889,0.7045,0.0841
2,0,9,7,0.7994,0.7675,0.9851,0.7626,0.0549
2,0,9,8,0.7681,0.7215,0.9891,0.7335,0.0740
2,0,9,9,0.7377,0.6911,0.9888,0.7033,0.0844
2,0,9,10,0.8902,0.8964,0.9935,0.8656,0.0300
2,0,9,11,0.7432,0.6974,0.9889,0.7090,0.0835
2,0,10,0,0.7612,0.7189,0.9898,0.7240,0.0721
2,0,10,1,0.7429,0.6963,0.9901,0.7082,0.0832
2,0,10,2,0.7508,0.7070,0.9897,0.7164,0.0813
2,0,10,3,0.7727,0.7334,0.9882,0.7381,0.0727
2,0,10,4,0.8012,0.7626,0.9945,0.7666,0.0605
2,0,10,5,0.8299,0.8470,0.9909,0.7982,0.0441
2,0,10,6,0.7424,0.6964,0.9902,0.7072,0.0825
2,0,10,7,0.7740,0.7318,0.9909,0.7380,0.0702
2,0,10,8,0.7466,0.7009,0.9904,0.7118,0.0817
2,0,10,9,0.7744,0.7933,0.9586,0.7309,0.0551
2,0,10,10,0.7400,0.6928,0.9893,0.7055,0.0840
2,0,10,11,0.7209,0.6908,0.9983,0.6733,0.0686
2,0,11,0,0.8389,0.8347,0.9999,0.7859,0.0181
2,0,11,1,0.7913,0.7484,0.9932,0.7568,0.0646
2,0,11,2,0.7504,0.7004,0.9926,0.7142,0.0786
2,0,11,3,0.8627,0.8424,0.9974,0.8280,0.0240
2,0,11,4,0.8026,0.7514,0.9961,0.7654,0.0551
2,0,11,5,0.7617,0.7151,0.9901,0.7260,0.0749
2,0,11,6,0.7439,0.6969,0.9908,0.7089,0.0829
2,0,11,7,0.7753,0.7342,0.9965,0.7377,0.0657
2,0,11,8,0.4799,0.7190,0.9706,0.3272,0.0095
2,0,11,9,0.7465,0.6998,0.9905,0.7118,0.0821
2,0,11,10,0.8517,0.8414,0.9992,0.8163,0.0308
2,0,11,11,0.8306,0.8276,0.9971,0.7920,0.0356
2,1,0,0,0.8667,0.8505,0.9650,0.8506,0.0721
2,1,0,1,0.1656,0.2115,0.9053,0.0549,0.0225
2,1,0,2,0.7975,0.7988,0.9966,0.7623,0.0659
2,1,0,3,0.2716,0.2725,0.8935,0.1598,0.0162
2,1,0,4,0.5065,0.4731,0.9844,0.4094,0.0495
2,1,0,5,0.2978,0.2814,0.8611,0.1867,0.0189
2,1,0,6,0.8045,0.7872,0.9793,0.7725,0.0730
2,1,0,7,0.6446,0.6396,0.9883,0.5725,0.0740
2,1,0,8,0.6599,0.6850,0.9989,0.5928,0.0617
2,1,0,9,0.8491,0.8439,0.9713,0.8301,0.0773
2,1,0,10,0.7964,0.7647,0.9880,0.7650,0.0792
2,1,0,11,0.8613,0.8522,0.9689,0.8462,0.0757
2,1,1,0,0.6987,0.6663,1.0000,0.6410,0.0625
2,1,1,1,0.8585,0.8524,0.9955,0.8371,0.0644
2,1,1,2,0.8342,0.8336,1.0000,0.8071,0.0654
2,1,1,3,0.9192,0.8856,0.9810,0.9137,0.0589
2,1,1,4,0.9690,0.9675,0.9931,0.9681,0.0419
2,1,1,5,0.8665,0.8210,1.0000,0.8452,0.0514
2,1,1,6,0.9269,0.8784,0.9880,0.9153,0.0229
2,1,1,7,0.9708,0.9703,0.9971,0.9689,0.0376
2,1,1,8,0.9603,0.9583,0.9988,0.9570,0.0419
2,1,1,9,0.9902,0.9901,0.9996,0.9894,0.0198
2,1,1,10,0.2351,0.4975,1.0000,0.0616,0.0765
2,1,1,11,0.4164,0.3425,0.8896,0.3178,0.0265
2,1,2,0,0.8119,0.7719,0.9940,0.7796,0.0603
2,1,2,1,1.0000,1.0000,1.0000,1.0000,0.0000
2,1,2,2,0.4681,0.4807,0.9837,0.3714,0.0357
2,1,2,3,0.7292,0.7078,0.9993,0.6781,0.0694
2,1,2,4,0.7830,0.7995,0.9999,0.7445,0.0460
2,1,2,5,0.6607,0.6601,0.9999,0.5964,0.0525
2,1,2,6,0.9775,0.9819,0.9998,0.9745,0.0214
2,1,2,7,0.6741,0.6491,0.9885,0.6088,0.0833
2,1,2,8,0.5434,0.7080,0.9987,0.4566,0.0454
2,1,2,9,0.6136,0.5894,0.9963,0.5394,0.0511
2,1,2,10,0.8576,0.8374,0.9883,0.8388,0.0722
2,1,2,11,0.9923,0.9913,0.9999,0.9921,0.0200
2,1,3,0,0.9892,0.9898,0.9987,0.9886,0.0192
2,1,3,1,0.9776,0.9707,0.9993,0.9750,0.0259
2,1,3,2,0.5917,0.5881,0.9999,0.5101,0.0583
2,1,3,3,0.8133,0.8392,0.9977,0.7814,0.0337
2,1,3,4,0.9938,0.9927,0.9996,0.9936,0.0179
2,1,3,5,0.9753,0.9724,0.9962,0.9725,0.0262
2,1,3,6,0.7651,0.7455,0.9979,0.7224,0.0630
2,1,3,7,0.6984,0.6640,0.9687,0.6435,0.0460
2,1,3,8,0.8034,0.7723,0.9980,0.7688,0.0537
2,1,3,9,0.7277,0.7447,0.9995,0.6786,0.0424
2,1,3,10,0.9817,0.9715,0.9977,0.9794,0.0198
2,1,3,11,0.6696,0.7598,0.9995,0.6078,0.0467
2,1,4,0,0.5727,0.8257,0.9457,0.5053,0.0208
2,1,4,1,0.8947,0.8816,0.9999,0.8775,0.0325
2,1,4,2,0.9954,0.9953,0.9999,0.9948,0.0090
2,1,4,3,0.9018,0.9031,0.9997,0.8860,0.0340
2,1,4,4,0.9952,0.9953,0.9997,0.9944,0.0054
2,1,4,5,0.9259,0.8986,0.9999,0.9145,0.0363
2,1,4,6,0.9601,0.9604,0.9926,0.9562,0.0387
2,1,4,7,0.6063,0.5751,0.9723,0.5336,0.0416
2,1,4,8,0.9885,0.9888,1.0000,0.9867,0.0105
2,1,4,9,0.7909,0.8167,0.9839,0.7538,0.0583
2,1,4,10,0.9944,0.9939,0.9993,0.9939,0.0124
2,1,4,11,0.2579,0.4038,0.8250,0.1614,0.0243
2,1,5,0,0.9888,0.9896,0.9987,0.9876,0.0152
2,1,5,1,0.9881,0.9873,0.9992,0.9880,0.0243
2,1,5,2,0.8692,0.8994,0.9725,0.8477,0.0416
2,1,5,3,0.9433,0.9275,0.9726,0.9360,0.0395
2,1,5,4,0.9046,0.8949,0.9958,0.8908,0.0489
2,1,5,5,0.9897,0.9892,0.9999,0.9888,0.0159
2,1,5,6,0.9576,0.9464,0.9984,0.9509,0.0222
2,1,5,7,0.9616,0.9453,0.9941,0.9557,0.0190
2,1,5,8,0.9692,0.9603,0.9996,0.9644,0.0133
2,1,5,9,0.9947,0.9941,0.9995,0.9944,0.0151
2,1,5,10,0.9041,0.8991,0.9940,0.8888,0.0360
2,1,5,11,0.9882,0.9883,0.9986,0.9866,0.0140
2,1,6,0,0.8010,0.8389,0.9820,0.7660,0.0595
2,1,6,1,0.9653,0.9683,0.9968,0.9599,0.0140
2,1,6,2,0.9973,0.9972,0.9999,0.9968,0.0044
2,1,6,3,0.8964,0.9066,0.9998,0.8802,0.0471
2,1,6,4,0.9758,0.9713,0.9980,0.9730,0.0259
2,1,6,5,0.9933,0.9935,0.9996,0.9929,0.0160
2,1,6,6,0.9862,0.9799,0.9999,0.9842,0.0116
2,1,6,7,0.9265,0.9240,0.9934,0.9150,0.0335
2,1,6,8,0.9306,0.9287,1.0000,0.9198,0.0333
2,1,6,9,0.9886,0.9880,0.9992,0.9885,0.0240
2,1,6,10,0.9936,0.9930,0.9996,0.9931,0.0156
2,1,6,11,0.9696,0.9539,0.9966,0.9653,0.0217
2,1,7,0,0.9524,0.9381,0.9999,0.9449,0.0190
2,1,7,1,0.9910,0.9910,0.9990,0.9903,0.0163
2,1,7,2,0.9885,0.9876,0.9992,0.9883,0.0243
2,1,7,3,0.9737,0.9800,0.9998,0.9704,0.0254
2,1,7,4,0.9795,0.9819,0.9991,0.9763,0.0106
2,1,7,5,0.9915,0.9922,0.9987,0.9905,0.0111
2,1,7,6,0.9967,0.9971,0.9998,0.9962,0.0049
2,1,7,7,0.9912,0.9905,0.9995,0.9910,0.0217
2,1,7,8,0.9316,0.9032,0.9987,0.9207,0.0170
2,1,7,9,0.9932,0.9947,0.9992,0.9921,0.0068
2,1,7,10,0.9883,0.9877,0.9992,0.9881,0.0243
2,1,7,11,0.9899,0.9893,0.9994,0.9897,0.0230
2,1,8,0,0.9876,0.9853,0.9993,0.9857,0.0089
2,1,8,1,0.9890,0.9884,0.9993,0.9887,0.0232
2,1,8,2,0.9824,0.9835,0.9999,0.9806,0.0252
2,1,8,3,0.9813,0.9675,0.9954,0.9786,0.0137
2,1,8,4,0.9376,0.9136,0.9979,0.9280,0.0300
2,1,8,5,0.9063,0.8872,0.9805,0.8938,0.0537
2,1,8,6,0.9785,0.9830,0.9997,0.9755,0.0148
2,1,8,7,0.9616,0.9523,0.9987,0.9556,0.0149
2,1,8,8,0.8137,0.8182,0.9947,0.7817,0.0330
2,1,8,9,0.9917,0.9910,0.9994,0.9904,0.0075
2,1,8,10,0.9837,0.9816,1.0000,0.9822,0.0230
2,1,8,11,0.9900,0.9891,0.9993,0.9884,0.0073
2,1,9,0,0.9800,0.9758,0.9977,0.9769,0.0122
2,1,9,1,0.9907,0.9899,0.9992,0.9905,0.0222
2,1,9,2,0.9908,0.9905,0.9993,0.9904,0.0210
2,1,9,3,0.9305,0.9215,0.9989,0.9197,0.0308
2,1,9,4,0.9915,0.9906,0.9994,0.9912,0.0197
2,1,9,5,0.9947,0.9938,0.9993,0.9939,0.0065
2,1,9,6,0.9890,0.9884,0.9992,0.9889,0.0238
2,1,9,7,0.9869,0.9867,0.9980,0.9848,0.0095
2,1,9,8,0.9938,0.9935,0.9993,0.9934,0.0137
2,1,9,9,0.9887,0.9879,0.9992,0.9886,0.0241
2,1,9,10,0.9192,0.8870,1.0000,0.9064,0.0341
2,1,9,11,0.9899,0.9894,0.9992,0.9898,0.0232
2,1,10,0,0.9908,0.9900,0.9994,0.9898,0.0143
2,1,10,1,0.9900,0.9894,0.9995,0.9898,0.0229
2,1,10,2,0.9918,0.9917,0.9994,0.9916,0.0210
2,1,10,3,0.9946,0.9951,0.9990,0.9942,0.0130
2,1,10,4,0.9935,0.9949,1.0000,0.9925,0.0046
2,1,10,5,0.9419,0.9302,0.9997,0.9327,0.0225
2,1,10,6,0.9895,0.9887,0.9995,0.9891,0.0222
2,1,10,7,0.9938,0.9950,0.9997,0.9930,0.0111
2,1,10,8,0.9904,0.9903,0.9996,0.9901,0.0217
2,1,10,9,0.9058,0.8524,0.9840,0.8909,0.0075
2,1,10,10,0.9889,0.9882,0.9993,0.9886,0.0237
2,1,10,11,0.9518,0.9389,0.9987,0.9449,0.0190
2,1,11,0,0.7077,0.6865,0.9921,0.6514,0.0784
2,1,11,1,0.9972,0.9973,1.0000,0.9969,0.0062
2,1,11,2,0.9915,0.9901,0.9999,0.9910,0.0192
2,1,11,3,0.9143,0.9131,0.9993,0.9012,0.0402
2,1,11,4,0.9945,0.9934,0.9998,0.9937,0.0078
2,1,11,5,0.9941,0.9928,0.9995,0.9938,0.0156
2,1,11,6,0.9902,0.9895,0.9997,0.9899,0.0225
2,1,11,7,0.9935,0.9920,0.9997,0.9926,0.0067
2,1,11,8,0.2245,0.5256,0.9911,0.0636,0.0597
2,1,11,9,0.9908,0.9901,0.9996,0.9906,0.0217
2,1,11,10,0.9683,0.9654,0.9976,0.9647,0.0298
2,1,11,11,0.9538,0.9426,0.9994,0.9470,0.0276
2,2,0,0,0.6753,0.7054,0.9020,0.5882,0.0408
2,2,0,1,0.3036,0.6362,0.9670,0.1948,0.0576
2,2,0,2,0.6706,0.7848,0.9653,0.5862,0.0343
2,2,0,3,0.3689,0.6950,0.9597,0.2537,0.0310
2,2,0,4,0.6377,0.8285,1.0000,0.5498,0.0154
2,2,0,5,0.3383,0.6945,0.9386,0.2133,0.0241
2,2,0,6,0.6454,0.7544,0.9268,0.5500,0.0405
2,2,0,7,0.8963,0.8981,0.9448,0.8728,0.0408
2,2,0,8,0.7245,0.8497,0.9741,0.6542,0.0295
2,2,0,9,0.7211,0.7402,0.9126,0.6462,0.0479
2,2,0,10,0.6592,0.7919,0.9441,0.5638,0.0483
2,2,0,11,0.7004,0.7470,0.9085,0.6188,0.0460
2,2,1,0,0.8920,0.9168,0.9819,0.8664,0.0313
2,2,1,1,0.7743,0.7880,0.9622,0.7176,0.0322
2,2,1,2,0.7290,0.7552,0.9831,0.6610,0.0341
2,2,1,3,0.5975,0.6621,0.9299,0.4912,0.0289
2,2,1,4,0.5971,0.6185,0.9557,0.5018,0.0284
2,2,1,5,0.5946,0.7364,0.9820,0.4961,0.0189
2,2,1,6,0.5299,0.6213,0.9997,0.4308,0.0186
2,2,1,7,0.5814,0.6037,0.9671,0.4858,0.0251
2,2,1,8,0.6089,0.6231,0.9735,0.5177,0.0227
2,2,1,9,0.5270,0.5258,0.9884,0.4300,0.0229
2,2,1,10,0.5722,0.7267,0.9839,0.4566,0.0449
2,2,1,11,0.3839,0.7001,0.9573,0.2590,0.0165
2,2,2,0,0.7840,0.8148,0.9581,0.7303,0.0275
2,2,2,1,0.4681,0.4807,0.9837,0.3714,0.0357
2,2,2,2,1.0000,1.0000,1.0000,1.0000,0.0000
2,2,2,3,0.8244,0.8427,0.9762,0.7805,0.0387
2,2,2,4,0.7867,0.7825,0.9815,0.7373,0.0116
2,2,2,5,0.8360,0.8668,0.9808,0.7971,0.0187
2,2,2,6,0.5625,0.5608,0.9873,0.4731,0.0187
2,2,2,7,0.7769,0.8462,0.9451,0.7184,0.0508
2,2,2,8,0.8178,0.8491,0.9916,0.7752,0.0144
2,2,2,9,0.8048,0.8471,0.9955,0.7581,0.0173
2,2,2,10,0.7130,0.7899,0.9447,0.6371,0.0413
2,2,2,11,0.5251,0.5414,0.9807,0.4264,0.0252
2,2,3,0,0.3959,0.4238,0.9916,0.3004,0.0543
2,2,3,1,0.5689,0.5905,0.9898,0.4781,0.0117
2,2,3,2,0.8779,0.9074,0.9863,0.8486,0.0254
2,2,3,3,0.7350,0.7614,0.9936,0.6780,0.0103
2,2,3,4,0.4104,0.4160,0.9881,0.3152,0.0527
2,2,3,5,0.5197,0.5486,0.9642,0.4176,0.0210
2,2,3,6,0.8157,0.8484,0.9932,0.7701,0.0292
2,2,3,7,0.7556,0.7847,0.9976,0.6997,0.0176
2,2,3,8,0.8076,0.8387,0.9704,0.7624,0.0186
2,2,3,9,0.6911,0.7686,0.9890,0.6207,0.0089
2,2,3,10,0.5325,0.5885,0.9936,0.4369,0.0159
2,2,3,11,0.7215,0.7784,0.9888,0.6557,0.0122
2,2,4,0,0.5985,0.6663,0.9888,0.5236,0.0263
2,2,4,1,0.6287,0.6561,0.9806,0.5496,0.0130
2,2,4,2,0.4361,0.4359,0.9811,0.3380,0.0429
2,2,4,3,0.6126,0.6460,0.9880,0.5273,0.0141
2,2,4,4,0.4646,0.4792,0.9790,0.3666,0.0354
2,2,4,5,0.6705,0.7492,0.9809,0.5985,0.0089
2,2,4,6,0.6134,0.6200,0.9544,0.5250,0.0192
2,2,4,7,0.7060,0.8412,0.9985,0.6389,0.0106
2,2,4,8,0.4879,0.5210,0.9819,0.3905,0.0287
2,2,4,9,0.6763,0.7524,0.9356,0.5957,0.0248
2,2,4,10,0.4277,0.4489,0.9898,0.3314,0.0465
2,2,4,11,0.8738,0.9193,0.9133,0.8610,0.0594
2,2,5,0,0.4280,0.4377,0.9916,0.3326,0.0465
2,2,5,1,0.3845,0.3965,0.9902,0.2911,0.0594
2,2,5,2,0.5750,0.6048,0.9147,0.4765,0.0119
2,2,5,3,0.5729,0.6064,0.9148,0.4754,0.0083
2,2,5,4,0.6801,0.6927,0.9630,0.6039,0.0144
2,2,5,5,0.4145,0.4309,0.9860,0.3191,0.0500
2,2,5,6,0.5748,0.6159,0.9719,0.4915,0.0198
2,2,5,7,0.5373,0.5673,0.9583,0.4451,0.0211
2,2,5,8,0.4839,0.5185,0.9783,0.3863,0.0275
2,2,5,9,0.4189,0.4245,0.9888,0.3228,0.0498
2,2,5,10,0.5579,0.6260,0.9974,0.4602,0.0095
2,2,5,11,0.4985,0.5259,0.9728,0.3990,0.0227
2,2,6,0,0.6480,0.6889,0.9319,0.5608,0.0257
2,2,6,1,0.4739,0.4819,0.9660,0.3760,0.0284
2,2,6,2,0.4669,0.4702,0.9859,0.3690,0.0363
2,2,6,3,0.5998,0.6452,0.9869,0.5079,0.0181
2,2,6,4,0.5288,0.5698,0.9702,0.4289,0.0187
2,2,6,5,0.5272,0.5336,0.9780,0.4314,0.0263
2,2,6,6,0.4731,0.5309,0.9814,0.3706,0.0273
2,2,6,7,0.5631,0.6169,0.9978,0.4689,0.0105
2,2,6,8,0.6585,0.6855,0.9853,0.5849,0.0106
2,2,6,9,0.3867,0.4008,0.9901,0.2930,0.0590
2,2,6,10,0.4207,0.4299,0.9881,0.3249,0.0503
2,2,6,11,0.5754,0.6271,0.9654,0.4879,0.0165
2,2,7,0,0.5555,0.6104,0.9814,0.4706,0.0233
2,2,7,1,0.4117,0.4324,0.9908,0.3156,0.0505
2,2,7,2,0.3860,0.3975,0.9902,0.2925,0.0594
2,2,7,3,0.5285,0.5542,0.9797,0.4293,0.0192
2,2,7,4,0.4618,0.4805,0.9749,0.3644,0.0333
2,2,7,5,0.5055,0.5069,0.9730,0.4086,0.0271
2,2,7,6,0.4503,0.4708,0.9873,0.3530,0.0394
2,2,7,7,0.3983,0.4108,0.9888,0.3036,0.0568
2,2,7,8,0.5649,0.6142,0.9916,0.4777,0.0194
2,2,7,9,0.4779,0.4986,0.9755,0.3805,0.0314
2,2,7,10,0.3871,0.3987,0.9901,0.2932,0.0594
2,2,7,11,0.3926,0.4035,0.9894,0.2984,0.0581
2,2,8,0,0.4499,0.4677,0.9762,0.3506,0.0379
2,2,8,1,0.3916,0.4011,0.9899,0.2974,0.0583
2,2,8,2,0.5500,0.5670,0.9805,0.4555,0.0194
2,2,8,3,0.4339,0.4972,0.9964,0.3336,0.0386
2,2,8,4,0.6025,0.6499,0.9701,0.5181,0.0102
2,2,8,5,0.7003,0.7263,0.9291,0.6270,0.0214
2,2,8,6,0.4381,0.4422,0.9875,0.3409,0.0403
2,2,8,7,0.5300,0.5745,0.9733,0.4403,0.0252
2,2,8,8,0.5877,0.6576,0.9970,0.4985,0.0075
2,2,8,9,0.4668,0.4854,0.9892,0.3693,0.0337
2,2,8,10,0.5228,0.5560,0.9830,0.4218,0.0175
2,2,8,11,0.4641,0.4859,0.9896,0.3642,0.0306
2,2,9,0,0.4527,0.5052,0.9936,0.3524,0.0324
2,2,9,1,0.3961,0.4075,0.9900,0.3021,0.0573
2,2,9,2,0.3984,0.4130,0.9897,0.3033,0.0560
2,2,9,3,0.6382,0.6369,0.9742,0.5613,0.0100
2,2,9,4,0.3986,0.4123,0.9892,0.3034,0.0548
2,2,9,5,0.4447,0.4721,0.9898,0.3462,0.0394
2,2,9,6,0.3879,0.4008,0.9900,0.2941,0.0589
2,2,9,7,0.4619,0.4945,0.9931,0.3618,0.0297
2,2,9,8,0.4243,0.4337,0.9898,0.3291,0.0487
2,2,9,9,0.3871,0.3987,0.9901,0.2934,0.0592
2,2,9,10,0.6367,0.7141,0.9845,0.5587,0.0102
2,2,9,11,0.3920,0.4041,0.9900,0.2979,0.0583
2,2,10,0,0.4234,0.4337,0.9891,0.3266,0.0471
2,2,10,1,0.3923,0.4042,0.9888,0.2979,0.0579
2,2,10,2,0.4008,0.4147,0.9892,0.3062,0.0560
2,2,10,3,0.4277,0.4441,0.9907,0.3318,0.0475
2,2,10,4,0.4662,0.4751,0.9829,0.3693,0.0352
2,2,10,5,0.5070,0.5933,0.9879,0.4130,0.0259
2,2,10,6,0.3935,0.4041,0.9887,0.2987,0.0573
2,2,10,7,0.4298,0.4420,0.9879,0.3321,0.0452
2,2,10,8,0.3967,0.4089,0.9885,0.3019,0.0565
2,2,10,9,0.5168,0.6109,1.0000,0.4258,0.0311
2,2,10,10,0.3893,0.3992,0.9896,0.2951,0.0587
2,2,10,11,0.4349,0.4581,0.9730,0.3381,0.0421
2,2,11,0,0.7240,0.8075,0.9534,0.6499,0.0456
2,2,11,1,0.4454,0.4577,0.9849,0.3477,0.0410
2,2,11,2,0.4073,0.4066,0.9858,0.3117,0.0537
2,2,11,3,0.6406,0.6470,0.9763,0.5594,0.0121
2,2,11,4,0.4686,0.4630,0.9797,0.3682,0.0333
2,2,11,5,0.4222,0.4255,0.9889,0.3269,0.0497
2,2,11,6,0.3944,0.4037,0.9880,0.2997,0.0576
2,2,11,7,0.4278,0.4531,0.9787,0.3272,0.0408
2,2,11,8,0.5853,0.7333,0.9989,0.4819,0.0252
2,2,11,9,0.3972,0.4082,0.9884,0.3027,0.0568
2,2,11,10,0.5917,0.6111,0.9687,0.5026,0.0103
2,2,11,11,0.5686,0.6104,0.9770,0.4773,0.0106
2,3,0,0,0.9028,0.8860,0.9742,0.8692,0.0065
2,3,0,1,0.3265,0.4801,0.8887,0.2022,0.0919
2,3,0,2,0.8569,0.8723,0.9990,0.8107,0.0102
2,3,0,3,0.4411,0.5499,0.8759,0.3207,0.0678
2,3,0,4,0.7119,0.7575,0.9770,0.6262,0.0265
2,3,0,5,0.4449,0.5526,0.8414,0.3207,0.0600
2,3,0,6,0.8446,0.8542,0.9862,0.7910,0.0090
2,3,0,7,0.9226,0.9241,0.9934,0.8961,0.0087
2,3,0,8,0.8286,0.8854,1.0000,0.7731,0.0124
2,3,0,9,0.9208,0.8984,0.9796,0.8931,0.0130
2,3,0,10,0.8708,0.8786,0.9931,0.8242,0.0117
2,3,0,11,0.8900,0.8841,0.9776,0.8509,0.0133
2,3,1,0,0.9495,0.9353,0.9996,0.9336,0.0084
2,3,1,1,0.9200,0.9064,0.9984,0.8945,0.0097
2,3,1,2,0.8949,0.8801,0.9994,0.8618,0.0078
2,3,1,3,0.8260,0.8106,0.9876,0.7681,0.0302
2,3,1,4,0.8417,0.8187,0.9968,0.7972,0.0344
2,3,1,5,0.8116,0.8055,0.9996,0.7560,0.0224
2,3,1,6,0.7672,0.7540,0.9815,0.7118,0.0465
2,3,1,7,0.8288,0.8077,0.9993,0.7833,0.0352
2,3,1,8,0.8460,0.8161,0.9999,0.8038,0.0300
2,3,1,9,0.7874,0.7471,0.9978,0.7398,0.0495
2,3,1,10,0.5801,0.7804,0.9992,0.4365,0.0125
2,3,1,11,0.5233,0.5837,0.8718,0.4085,0.0537
2,3,2,0,0.8857,0.8727,0.9974,0.8498,0.0119
2,3,2,1,0.7292,0.7078,0.9993,0.6781,0.0694
2,3,2,2,0.8244,0.8427,0.9762,0.7805,0.0387
2,3,2,3,1.0000,1.0000,1.0000,1.0000,0.0000
2,3,2,4,0.8675,0.8712,0.9997,0.8321,0.0297
2,3,2,5,0.8510,0.8893,0.9997,0.8080,0.0238
2,3,2,6,0.7855,0.7642,0.9982,0.7376,0.0502
2,3,2,7,0.9080,0.9153,0.9935,0.8751,0.0143
2,3,2,8,0.8214,0.9009,0.9960,0.7716,0.0278
2,3,2,9,0.8318,0.8886,0.9924,0.7828,0.0224
2,3,2,10,0.9149,0.9257,0.9933,0.8857,0.0102
2,3,2,11,0.7828,0.7546,0.9998,0.7328,0.0497
2,3,3,0,0.6677,0.6583,0.9960,0.6161,0.0886
2,3,3,1,0.8190,0.7848,0.9971,0.7775,0.0435
2,3,3,2,0.9172,0.9253,0.9986,0.8915,0.0152
2,3,3,3,0.7695,0.8224,0.9945,0.7130,0.0446
2,3,3,4,0.6788,0.6569,0.9979,0.6275,0.0870
2,3,3,5,0.7806,0.7623,0.9988,0.7280,0.0432
2,3,3,6,0.9664,0.9662,0.9948,0.9559,0.0114
2,3,3,7,0.8219,0.8646,0.9587,0.7743,0.0268
2,3,3,8,0.8334,0.8400,0.9997,0.7866,0.0332
2,3,3,9,0.8386,0.8576,0.9975,0.7961,0.0381
2,3,3,10,0.7827,0.7734,0.9945,0.7341,0.0502
2,3,3,11,0.8104,0.8825,0.9976,0.7566,0.0271
2,3,4,0,0.6683,0.8245,0.9328,0.5993,0.0641
2,3,4,1,0.8201,0.8000,0.9998,0.7778,0.0416
2,3,4,2,0.7095,0.6711,0.9997,0.6580,0.0765
2,3,4,3,0.8333,0.8392,0.9980,0.7920,0.0386
2,3,4,4,0.7267,0.6972,0.9999,0.6745,0.0687
2,3,4,5,0.8556,0.8524,0.9997,0.8211,0.0410
2,3,4,6,0.8394,0.8201,0.9964,0.7968,0.0310
2,3,4,7,0.7743,0.8143,0.9628,0.7135,0.0338
2,3,4,8,0.7473,0.7307,0.9996,0.6965,0.0614
2,3,4,9,0.8707,0.8762,0.9899,0.8310,0.0149
2,3,4,10,0.6910,0.6742,0.9971,0.6385,0.0808
2,3,4,11,0.6377,0.7756,0.8031,0.5837,0.0937
2,3,5,0,0.6841,0.6606,0.9960,0.6308,0.0805
2,3,5,1,0.6551,0.6400,0.9969,0.6047,0.0937
2,3,5,2,0.8004,0.7948,0.9806,0.7457,0.0332
2,3,5,3,0.8192,0.7900,0.9807,0.7712,0.0356
2,3,5,4,0.8691,0.8638,0.9985,0.8320,0.0259
2,3,5,5,0.6768,0.6612,0.9987,0.6242,0.0843
2,3,5,6,0.7712,0.7632,0.9998,0.7235,0.0563
2,3,5,7,0.7472,0.7296,0.9975,0.6919,0.0570
2,3,5,8,0.7200,0.7010,0.9999,0.6629,0.0643
2,3,5,9,0.6874,0.6622,0.9976,0.6357,0.0841
2,3,5,10,0.7628,0.7901,0.9892,0.7018,0.0387
2,3,5,11,0.7532,0.7244,0.9999,0.6998,0.0557
2,3,6,0,0.8653,0.8653,0.9884,0.8244,0.0254
2,3,6,1,0.7113,0.6957,0.9991,0.6536,0.0627
2,3,6,2,0.7319,0.7000,0.9987,0.6806,0.0684
2,3,6,3,0.7873,0.8123,0.9984,0.7296,0.0302
2,3,6,4,0.7713,0.7677,0.9997,0.7165,0.0454
2,3,6,5,0.7715,0.7426,1.0000,0.7208,0.0537
2,3,6,6,0.7316,0.7106,0.9997,0.6747,0.0606
2,3,6,7,0.7817,0.8100,0.9883,0.7282,0.0429
2,3,6,8,0.8142,0.8198,0.9989,0.7695,0.0430
2,3,6,9,0.6571,0.6422,0.9970,0.6065,0.0933
2,3,6,10,0.6847,0.6617,0.9979,0.6325,0.0843
2,3,6,11,0.7848,0.7797,0.9990,0.7360,0.0502
2,3,7,0,0.7537,0.7520,0.9997,0.7037,0.0608
2,3,7,1,0.6822,0.6725,0.9965,0.6306,0.0848
2,3,7,2,0.6566,0.6412,0.9969,0.6061,0.0937
2,3,7,3,0.7901,0.7724,0.9999,0.7410,0.0440
2,3,7,4,0.7413,0.7172,1.0000,0.6936,0.0679
2,3,7,5,0.7615,0.7311,0.9999,0.7114,0.0583
2,3,7,6,0.7162,0.6998,0.9982,0.6646,0.0733
2,3,7,7,0.6678,0.6520,0.9976,0.6166,0.0911
2,3,7,8,0.7967,0.7912,0.9960,0.7534,0.0524
2,3,7,9,0.7339,0.7167,1.0000,0.6815,0.0651
2,3,7,10,0.6573,0.6411,0.9970,0.6066,0.0937
2,3,7,11,0.6625,0.6451,0.9973,0.6117,0.0924
2,3,8,0,0.7001,0.6786,1.0000,0.6428,0.0713
2,3,8,1,0.6612,0.6420,0.9971,0.6103,0.0925
2,3,8,2,0.7914,0.7709,0.9998,0.7427,0.0441
2,3,8,3,0.6937,0.6866,0.9911,0.6368,0.0748
2,3,8,4,0.8003,0.7897,0.9996,0.7531,0.0467
2,3,8,5,0.8701,0.8514,0.9872,0.8313,0.0205
2,3,8,6,0.6907,0.6690,0.9982,0.6354,0.0746
2,3,8,7,0.7551,0.7536,0.9999,0.7057,0.0617
2,3,8,8,0.7071,0.7900,0.9901,0.6329,0.0411
2,3,8,9,0.7369,0.7184,0.9974,0.6871,0.0679
2,3,8,10,0.7737,0.7612,0.9994,0.7197,0.0467
2,3,8,11,0.7254,0.7116,0.9973,0.6711,0.0646
2,3,9,0,0.7028,0.7076,0.9945,0.6445,0.0663
2,3,9,1,0.6645,0.6484,0.9970,0.6138,0.0916
2,3,9,2,0.6679,0.6509,0.9972,0.6164,0.0903
2,3,9,3,0.7947,0.7780,1.0000,0.7457,0.0443
2,3,9,4,0.6686,0.6531,0.9974,0.6171,0.0890
2,3,9,5,0.7069,0.6902,0.9971,0.6530,0.0730
2,3,9,6,0.6587,0.6445,0.9970,0.6083,0.0932
2,3,9,7,0.7240,0.7107,0.9949,0.6694,0.0640
2,3,9,8,0.6857,0.6670,0.9971,0.6336,0.0830
2,3,9,9,0.6574,0.6422,0.9970,0.6069,0.0935
2,3,9,10,0.8320,0.8259,0.9991,0.7923,0.0413
2,3,9,11,0.6622,0.6461,0.9970,0.6115,0.0925
2,3,10,0,0.6812,0.6618,0.9975,0.6267,0.0811
2,3,10,1,0.6633,0.6468,0.9976,0.6124,0.0922
2,3,10,2,0.6705,0.6554,0.9974,0.6197,0.0903
2,3,10,3,0.6957,0.6787,0.9966,0.6446,0.0817
2,3,10,4,0.7201,0.6965,0.9994,0.6670,0.0695
2,3,10,5,0.7657,0.7717,0.9980,0.7190,0.0548
2,3,10,6,0.6618,0.6446,0.9977,0.6101,0.0916
2,3,10,7,0.6963,0.6724,0.9980,0.6432,0.0792
2,3,10,8,0.6668,0.6481,0.9978,0.6156,0.0908
2,3,10,9,0.7716,0.7698,0.9766,0.7275,0.0641
2,3,10,10,0.6595,0.6420,0.9972,0.6087,0.0930
2,3,10,11,0.6639,0.6516,0.9999,0.6033,0.0783
2,3,11,0,0.8568,0.9014,0.9961,0.8060,0.0132
2,3,11,1,0.7163,0.6898,0.9990,0.6652,0.0737
2,3,11,2,0.6733,0.6464,0.9988,0.6209,0.0876
2,3,11,3,0.7859,0.7947,1.0000,0.7292,0.0343
2,3,11,4,0.7385,0.6930,0.9999,0.6861,0.0635
2,3,11,5,0.6828,0.6609,0.9976,0.6304,0.0840
2,3,11,6,0.6646,0.6454,0.9980,0.6134,0.0919
2,3,11,7,0.6976,0.6749,0.9999,0.6425,0.0744
2,3,11,8,0.5381,0.7742,0.9854,0.3953,0.0179
2,3,11,9,0.6667,0.6494,0.9978,0.6156,0.0911
2,3,11,10,0.8174,0.8041,0.9995,0.7725,0.0405
2,3,11,11,0.7967,0.7948,1.0000,0.7489,0.0456
2,4,0,0,0.8487,0.8755,0.9680,0.8075,0.0321
2,4,0,1,0.2801,0.3992,0.9004,0.1623,0.0683
2,4,0,2,0.8336,0.9043,0.9974,0.7890,0.0249
2,4,0,3,0.3840,0.4704,0.8883,0.2665,0.0419
2,4,0,4,0.6603,0.7058,0.9823,0.5732,0.0130
2,4,0,5,0.3767,0.4733,0.8553,0.2536,0.0341
2,4,0,6,0.8066,0.8528,0.9815,0.7529,0.0311
2,4,0,7,0.8727,0.8675,0.9900,0.8388,0.0311
2,4,0,8,0.8061,0.8999,0.9994,0.7538,0.0208
2,4,0,9,0.8762,0.9006,0.9740,0.8435,0.0405
2,4,0,10,0.8284,0.8481,0.9897,0.7809,0.0392
2,4,0,11,0.8694,0.8989,0.9717,0.8348,0.0392
2,4,1,0,0.9126,0.9068,1.0000,0.8900,0.0225
2,4,1,1,0.9173,0.9422,0.9965,0.8960,0.0235
2,4,1,2,0.8992,0.9200,1.0000,0.8729,0.0254
2,4,1,3,0.8122,0.8292,0.9831,0.7608,0.0316
2,4,1,4,0.8497,0.8781,0.9944,0.8122,0.0276
2,4,1,5,0.8394,0.8812,1.0000,0.7984,0.0133
2,4,1,6,0.8138,0.8269,0.9862,0.7732,0.0267
2,4,1,7,0.8410,0.8727,0.9979,0.8028,0.0275
2,4,1,8,0.8668,0.8921,0.9993,0.8341,0.0206
2,4,1,9,0.8240,0.8353,0.9992,0.7870,0.0310
2,4,1,10,0.4496,0.6475,0.9999,0.2903,0.0365
2,4,1,11,0.4693,0.5192,0.8843,0.3565,0.0262
2,4,2,0,0.9140,0.9080,0.9952,0.8917,0.0184
2,4,2,1,0.7830,0.7995,0.9999,0.7445,0.0460
2,4,2,2,0.7867,0.7825,0.9815,0.7373,0.0116
2,4,2,3,0.8675,0.8712,0.9997,0.8321,0.0297
2,4,2,4,1.0000,1.0000,1.0000,1.0000,0.0000
2,4,2,5,0.8638,0.9185,1.0000,0.8294,0.0113
2,4,2,6,0.8365,0.8538,0.9994,0.8024,0.0271
2,4,2,7,0.8101,0.8141,0.9902,0.7566,0.0414
2,4,2,8,0.8083,0.9054,0.9980,0.7609,0.0102
2,4,2,9,0.7586,0.8048,0.9953,0.6972,0.0102
2,4,2,10,0.8676,0.9054,0.9900,0.8321,0.0335
2,4,2,11,0.8054,0.8309,1.0000,0.7637,0.0340
2,4,3,0,0.7221,0.7451,0.9980,0.6814,0.0649
2,4,3,1,0.8572,0.8729,0.9988,0.8262,0.0202
2,4,3,2,0.7669,0.8003,0.9996,0.7049,0.0170
2,4,3,3,0.8347,0.9156,0.9969,0.7978,0.0165
2,4,3,4,0.7352,0.7492,0.9993,0.6953,0.0633
2,4,3,5,0.8049,0.8319,0.9971,0.7618,0.0271
2,4,3,6,0.8683,0.8932,0.9971,0.8335,0.0205
2,4,3,7,0.7062,0.7600,0.9658,0.6354,0.0137
2,4,3,8,0.8783,0.9191,0.9987,0.8480,0.0127
2,4,3,9,0.8037,0.8736,0.9990,0.7566,0.0132
2,4,3,10,0.8068,0.8384,0.9969,0.7662,0.0262
2,4,3,11,0.8204,0.8999,0.9991,0.7756,0.0089
2,4,4,0,0.6009,0.8091,0.9420,0.5234,0.0357
2,4,4,1,0.8950,0.9227,1.0000,0.8720,0.0144
2,4,4,2,0.7498,0.7655,1.0000,0.7076,0.0535
2,4,4,3,0.7503,0.8207,0.9993,0.6927,0.0165
2,4,4,4,0.7725,0.7952,0.9999,0.7315,0.0457
2,4,4,5,0.8344,0.8852,1.0000,0.7967,0.0129
2,4,4,6,0.8332,0.8636,0.9939,0.7931,0.0190
2,4,4,7,0.7499,0.7604,0.9696,0.6899,0.0079
2,4,4,8,0.8011,0.8299,1.0000,0.7635,0.0387
2,4,4,9,0.7597,0.8285,0.9859,0.6964,0.0151
2,4,4,10,0.7503,0.7699,0.9988,0.7104,0.0571
2,4,4,11,0.5539,0.6859,0.8184,0.4866,0.0700
2,4,5,0,0.7490,0.7647,0.9980,0.7094,0.0571
2,4,5,1,0.7132,0.7299,0.9986,0.6737,0.0700
2,4,5,2,0.7733,0.8189,0.9751,0.7179,0.0105
2,4,5,3,0.8242,0.8507,0.9752,0.7820,0.0116
2,4,5,4,0.7983,0.8455,0.9968,0.7476,0.0076
2,4,5,5,0.7336,0.7581,0.9997,0.6928,0.0606
2,4,5,6,0.8414,0.8824,0.9990,0.8104,0.0302
2,4,5,7,0.7638,0.8040,0.9953,0.7155,0.0321
2,4,5,8,0.7519,0.7970,0.9999,0.7046,0.0384
2,4,5,9,0.7380,0.7554,0.9991,0.6971,0.0605
2,4,5,10,0.7348,0.8032,0.9927,0.6733,0.0144
2,4,5,11,0.7870,0.8198,0.9992,0.7439,0.0330
2,4,6,0,0.8264,0.8467,0.9841,0.7811,0.0167
2,4,6,1,0.7410,0.7826,0.9976,0.6924,0.0375
2,4,6,2,0.7791,0.7966,0.9997,0.7391,0.0467
2,4,6,3,0.8127,0.8845,0.9995,0.7674,0.0122
2,4,6,4,0.8311,0.8547,0.9986,0.7940,0.0268
2,4,6,5,0.8148,0.8369,0.9998,0.7765,0.0360
2,4,6,6,0.7807,0.8174,1.0000,0.7376,0.0376
2,4,6,7,0.7694,0.8249,0.9920,0.7175,0.0176
2,4,6,8,0.8597,0.8963,0.9998,0.8284,0.0159
2,4,6,9,0.7152,0.7331,0.9987,0.6756,0.0697
2,4,6,10,0.7405,0.7576,0.9993,0.7000,0.0610
2,4,6,11,0.8380,0.8725,0.9975,0.8038,0.0262
2,4,7,0,0.7710,0.8237,1.0000,0.7268,0.0340
2,4,7,1,0.7258,0.7509,0.9984,0.6834,0.0611
2,4,7,2,0.7139,0.7306,0.9986,0.6742,0.0700
2,4,7,3,0.7977,0.8349,1.0000,0.7536,0.0257
2,4,7,4,0.7435,0.7798,0.9995,0.6974,0.0440
2,4,7,5,0.7902,0.8175,0.9992,0.7486,0.0375
2,4,7,6,0.7601,0.7876,0.9994,0.7187,0.0500
2,4,7,7,0.7226,0.7413,0.9991,0.6823,0.0675
2,4,7,8,0.7509,0.8004,0.9980,0.6995,0.0297
2,4,7,9,0.7823,0.8160,0.9996,0.7420,0.0421
2,4,7,10,0.7146,0.7315,0.9987,0.6747,0.0700
2,4,7,11,0.7195,0.7367,0.9989,0.6796,0.0687
2,4,8,0,0.7617,0.7881,0.9997,0.7194,0.0486
2,4,8,1,0.7168,0.7339,0.9987,0.6766,0.0689
2,4,8,2,0.8393,0.8638,1.0000,0.8045,0.0262
2,4,8,3,0.7505,0.7808,0.9943,0.7073,0.0495
2,4,8,4,0.8057,0.8557,0.9986,0.7628,0.0202
2,4,8,5,0.9122,0.9322,0.9827,0.8897,0.0137
2,4,8,6,0.7263,0.7562,0.9994,0.6800,0.0510
2,4,8,7,0.7653,0.8142,0.9992,0.7201,0.0356
2,4,8,8,0.7549,0.8528,0.9935,0.6995,0.0149
2,4,8,9,0.7526,0.7834,0.9990,0.7077,0.0443
2,4,8,10,0.7953,0.8314,1.0000,0.7503,0.0271
2,4,8,11,0.7674,0.7983,0.9989,0.7241,0.0413
2,4,9,0,0.7480,0.7986,0.9969,0.7019,0.0430
2,4,9,1,0.7221,0.7389,0.9987,0.6824,0.0679
2,4,9,2,0.7242,0.7443,0.9988,0.6839,0.0667
2,4,9,3,0.8902,0.9042,0.9994,0.8662,0.0171
2,4,9,4,0.7229,0.7405,0.9990,0.6822,0.0654
2,4,9,5,0.7655,0.7884,0.9988,0.7251,0.0500
2,4,9,6,0.7149,0.7328,0.9987,0.6752,0.0695
2,4,9,7,0.7588,0.7921,0.9972,0.7140,0.0403
2,4,9,8,0.7409,0.7608,0.9988,0.7005,0.0594
2,4,9,9,0.7148,0.7314,0.9987,0.6751,0.0698
2,4,9,10,0.8434,0.8808,0.9999,0.8084,0.0144
2,4,9,11,0.7193,0.7367,0.9987,0.6796,0.0689
2,4,10,0,0.7344,0.7592,0.9990,0.6917,0.0578
2,4,10,1,0.7184,0.7359,0.9991,0.6782,0.0686
2,4,10,2,0.7244,0.7443,0.9990,0.6842,0.0667
2,4,10,3,0.7406,0.7640,0.9984,0.6992,0.0581
2,4,10,4,0.7727,0.7993,1.0000,0.7321,0.0459
2,4,10,5,0.7871,0.8386,0.9993,0.7464,0.0311
2,4,10,6,0.7182,0.7369,0.9991,0.6776,0.0679
2,4,10,7,0.7420,0.7658,0.9993,0.6993,0.0559
2,4,10,8,0.7237,0.7419,0.9992,0.6837,0.0671
2,4,10,9,0.7188,0.7639,0.9819,0.6650,0.0414
2,4,10,10,0.7159,0.7329,0.9988,0.6759,0.0694
2,4,10,11,0.6974,0.7360,0.9992,0.6462,0.0530
2,4,11,0,0.8040,0.8200,0.9935,0.7488,0.0359
2,4,11,1,0.7599,0.7785,0.9998,0.7188,0.0513
2,4,11,2,0.7273,0.7408,0.9997,0.6860,0.0643
2,4,11,3,0.8551,0.8871,0.9997,0.8207,0.0125
2,4,11,4,0.7738,0.7891,1.0000,0.7310,0.0437
2,4,11,5,0.7392,0.7544,0.9991,0.6987,0.0603
2,4,11,6,0.7201,0.7363,0.9993,0.6798,0.0683
2,4,11,7,0.7476,0.7670,0.9999,0.7044,0.0514
2,4,11,8,0.4909,0.7002,0.9895,0.3564,0.0149
2,4,11,9,0.7218,0.7392,0.9992,0.6816,0.0675
2,4,11,10,0.8389,0.8764,0.9983,0.8023,0.0184
2,4,11,11,0.8072,0.8492,0.9998,0.7649,0.0194
2,5,0,0,0.7844,0.8049,0.9689,0.7199,0.0259
2,5,0,1,0.3352,0.4335,0.8988,0.2236,0.0751
2,5,0,2,0.8315,0.8909,0.9977,0.7836,0.0190
2,5,0,3,0.4302,0.5034,0.8866,0.3180,0.0490
2,5,0,4,0.6350,0.7164,0.9816,0.5373,0.0141
2,5,0,5,0.4169,0.5044,0.8533,0.2978,0.0413
2,5,0,6,0.7576,0.8022,0.9822,0.6851,0.0252
2,5,0,7,0.9253,0.9215,0.9905,0.9047,0.0252
2,5,0,8,0.8756,0.8949,0.9995,0.8404,0.0156
2,5,0,9,0.8661,0.8556,0.9748,0.8271,0.0333
2,5,0,10,0.8222,0.8208,0.9902,0.7684,0.0333
2,5,0,11,0.8534,0.8519,0.9726,0.8101,0.0311
2,5,1,0,0.8836,0.9362,1.0000,0.8510,0.0176
2,5,1,1,0.9226,0.9201,0.9968,0.9010,0.0163
2,5,1,2,0.9148,0.9126,0.9999,0.8912,0.0205
2,5,1,3,0.7353,0.7350,0.9838,0.6579,0.0289
2,5,1,4,0.7649,0.7776,0.9947,0.7038,0.0281
2,5,1,5,0.8072,0.8199,1.0000,0.7556,0.0119
2,5,1,6,0.7097,0.7455,0.9856,0.6439,0.0313
2,5,1,7,0.7668,0.7798,0.9982,0.7086,0.0276
2,5,1,8,0.8056,0.8065,0.9994,0.7559,0.0221
2,5,1,9,0.7260,0.7168,0.9990,0.6661,0.0352
2,5,1,10,0.5154,0.7070,0.9999,0.3690,0.0306
2,5,1,11,0.4949,0.5393,0.8826,0.3838,0.0330
2,5,2,0,0.9178,0.9231,0.9956,0.8950,0.0129
2,5,2,1,0.6607,0.6601,0.9999,0.5964,0.0525
2,5,2,2,0.8360,0.8668,0.9808,0.7971,0.0187
2,5,2,3,0.8510,0.8893,0.9997,0.8080,0.0238
2,5,2,4,0.8638,0.9185,1.0000,0.8294,0.0113
2,5,2,5,1.0000,1.0000,1.0000,1.0000,0.0000
2,5,2,6,0.7509,0.7416,0.9993,0.6969,0.0333
2,5,2,7,0.8260,0.8551,0.9907,0.7735,0.0356
2,5,2,8,0.7248,0.8987,0.9978,0.6539,0.0094
2,5,2,9,0.7760,0.8613,0.9949,0.7165,0.0081
2,5,2,10,0.8268,0.8845,0.9905,0.7758,0.0263
2,5,2,11,0.6926,0.7059,1.0000,0.6240,0.0383
2,5,3,0,0.5776,0.5867,0.9978,0.5094,0.0717
2,5,3,1,0.7589,0.7745,0.9986,0.7046,0.0267
2,5,3,2,0.7784,0.8582,0.9995,0.7164,0.0127
2,5,3,3,0.6915,0.8049,0.9966,0.6198,0.0246
2,5,3,4,0.5952,0.5924,0.9991,0.5283,0.0702
2,5,3,5,0.6992,0.7151,0.9974,0.6301,0.0314
2,5,3,6,0.8483,0.9178,0.9968,0.8056,0.0149
2,5,3,7,0.7399,0.8015,0.9648,0.6748,0.0170
2,5,3,8,0.9210,0.9130,0.9989,0.9005,0.0179
2,5,3,9,0.6696,0.8245,0.9988,0.5872,0.0178
2,5,3,10,0.7081,0.7224,0.9966,0.6444,0.0330
2,5,3,11,0.7020,0.8491,0.9989,0.6245,0.0125
2,5,4,0,0.4934,0.7547,0.9407,0.3908,0.0425
2,5,4,1,0.8024,0.8452,1.0000,0.7574,0.0216
2,5,4,2,0.6165,0.6103,1.0000,0.5471,0.0600
2,5,4,3,0.7161,0.7696,0.9991,0.6482,0.0208
2,5,4,4,0.6350,0.6444,1.0000,0.5649,0.0519
2,5,4,5,0.7415,0.8185,1.0000,0.6804,0.0194
2,5,4,6,0.7768,0.7849,0.9943,0.7211,0.0205
2,5,4,7,0.7628,0.8005,0.9686,0.7038,0.0163
2,5,4,8,0.6743,0.6893,1.0000,0.6091,0.0446
2,5,4,9,0.7640,0.8130,0.9865,0.6988,0.0121
2,5,4,10,0.6110,0.6189,0.9986,0.5435,0.0640
2,5,4,11,0.6207,0.7563,0.8163,0.5643,0.0768
2,5,5,0,0.6182,0.6095,0.9978,0.5528,0.0637
2,5,5,1,0.5667,0.5674,0.9984,0.5000,0.0768
2,5,5,2,0.6837,0.7072,0.9760,0.6034,0.0154
2,5,5,3,0.7204,0.7460,0.9760,0.6507,0.0171
2,5,5,4,0.7727,0.7882,0.9971,0.7130,0.0081
2,5,5,5,0.5907,0.5943,0.9996,0.5222,0.0675
2,5,5,6,0.6698,0.7281,0.9991,0.6009,0.0373
2,5,5,7,0.6447,0.6617,0.9956,0.5689,0.0389
2,5,5,8,0.6332,0.6360,0.9999,0.5598,0.0452
2,5,5,9,0.6032,0.6015,0.9989,0.5357,0.0673
2,5,5,10,0.7070,0.7575,0.9923,0.6366,0.0203
2,5,5,11,0.6711,0.6786,0.9993,0.6015,0.0395
2,5,6,0,0.7175,0.7709,0.9847,0.6399,0.0159
2,5,6,1,0.6233,0.6283,0.9979,0.5491,0.0443
2,5,6,2,0.6553,0.6526,0.9996,0.5891,0.0522
2,5,6,3,0.8119,0.8259,0.9994,0.7647,0.0137
2,5,6,4,0.7035,0.7240,0.9988,0.6358,0.0311
2,5,6,5,0.6993,0.7071,0.9999,0.6343,0.0403
2,5,6,6,0.6537,0.6651,1.0000,0.5822,0.0432
2,5,6,7,0.7232,0.7669,0.9915,0.6588,0.0232
2,5,6,8,0.7670,0.8079,0.9997,0.7130,0.0221
2,5,6,9,0.5690,0.5706,0.9985,0.5023,0.0765
2,5,6,10,0.6057,0.6019,0.9991,0.5388,0.0675
2,5,6,11,0.7209,0.7633,0.9977,0.6594,0.0321
2,5,7,0,0.6479,0.6909,1.0000,0.5764,0.0408
2,5,7,1,0.5916,0.5979,0.9982,0.5230,0.0679
2,5,7,2,0.5680,0.5685,0.9984,0.5012,0.0768
2,5,7,3,0.7289,0.7338,1.0000,0.6677,0.0300
2,5,7,4,0.6278,0.6393,0.9996,0.5572,0.0508
2,5,7,5,0.6852,0.6771,0.9993,0.6198,0.0430
2,5,7,6,0.6352,0.6478,0.9993,0.5679,0.0565
2,5,7,7,0.5813,0.5829,0.9989,0.5142,0.0743
2,5,7,8,0.6978,0.7340,0.9978,0.6333,0.0359
2,5,7,9,0.6648,0.6779,0.9997,0.5991,0.0486
2,5,7,10,0.5684,0.5691,0.9985,0.5014,0.0768
2,5,7,11,0.5751,0.5754,0.9987,0.5081,0.0756
2,5,8,0,0.6219,0.6219,0.9998,0.5502,0.0551
2,5,8,1,0.5731,0.5722,0.9986,0.5059,0.0757
2,5,8,2,0.7372,0.7485,1.0000,0.6780,0.0298
2,5,8,3,0.6205,0.6503,0.9939,0.5503,0.0563
2,5,8,4,0.6872,0.7289,0.9988,0.6155,0.0270
2,5,8,5,0.8293,0.8539,0.9834,0.7831,0.0148
2,5,8,6,0.6147,0.6094,0.9993,0.5454,0.0575
2,5,8,7,0.6425,0.6773,0.9994,0.5700,0.0424
2,5,8,8,0.7613,0.8012,0.9930,0.7056,0.0214
2,5,8,9,0.6436,0.6521,0.9988,0.5752,0.0511
2,5,8,10,0.7027,0.7189,0.9999,0.6348,0.0324
2,5,8,11,0.6493,0.6606,0.9987,0.5805,0.0478
2,5,9,0,0.6220,0.6596,0.9966,0.5490,0.0495
2,5,9,1,0.5790,0.5788,0.9985,0.5125,0.0748
2,5,9,2,0.5816,0.5845,0.9986,0.5142,0.0735
2,5,9,3,0.7747,0.7768,0.9995,0.7233,0.0240
2,5,9,4,0.5820,0.5834,0.9988,0.5144,0.0722
2,5,9,5,0.6328,0.6432,0.9986,0.5650,0.0565
2,5,9,6,0.5700,0.5715,0.9985,0.5032,0.0763
2,5,9,7,0.6477,0.6652,0.9969,0.5787,0.0471
2,5,9,8,0.6122,0.6095,0.9986,0.5464,0.0662
2,5,9,9,0.5690,0.5695,0.9985,0.5023,0.0767
2,5,9,10,0.7663,0.8034,0.9998,0.7123,0.0210
2,5,9,11,0.5752,0.5764,0.9985,0.5085,0.0757
2,5,10,0,0.6005,0.6038,0.9988,0.5311,0.0643
2,5,10,1,0.5744,0.5748,0.9989,0.5072,0.0754
2,5,10,2,0.5853,0.5877,0.9988,0.5186,0.0735
2,5,10,3,0.6135,0.6196,0.9982,0.5469,0.0649
2,5,10,4,0.6491,0.6509,0.9999,0.5825,0.0527
2,5,10,5,0.6849,0.7469,0.9992,0.6216,0.0373
2,5,10,6,0.5738,0.5750,0.9989,0.5059,0.0748
2,5,10,7,0.6139,0.6160,0.9992,0.5454,0.0624
2,5,10,8,0.5783,0.5796,0.9990,0.5108,0.0740
2,5,10,9,0.6430,0.7102,0.9812,0.5719,0.0473
2,5,10,10,0.5711,0.5709,0.9986,0.5040,0.0762
2,5,10,11,0.5515,0.5610,0.9993,0.4704,0.0598
2,5,11,0,0.8501,0.8496,0.9939,0.8058,0.0300
2,5,11,1,0.6312,0.6333,0.9997,0.5636,0.0568
2,5,11,2,0.5850,0.5785,0.9996,0.5163,0.0708
2,5,11,3,0.7797,0.7793,0.9998,0.7255,0.0190
2,5,11,4,0.6501,0.6362,1.0000,0.5803,0.0492
2,5,11,5,0.6024,0.5983,0.9989,0.5351,0.0671
2,5,11,6,0.5760,0.5749,0.9992,0.5084,0.0751
2,5,11,7,0.6143,0.6146,0.9999,0.5437,0.0579
2,5,11,8,0.5258,0.7569,0.9889,0.3951,0.0122
2,5,11,9,0.5793,0.5788,0.9990,0.5121,0.0743
2,5,11,10,0.7282,0.7563,0.9985,0.6640,0.0237
2,5,11,11,0.7051,0.7352,0.9998,0.6378,0.0259
2,6,0,0,0.8859,0.8766,0.9591,0.8654,0.0525
2,6,0,1,0.2506,0.2857,0.9143,0.1408,0.0440
2,6,0,2,0.8378,0.8502,0.9945,0.8033,0.0460
2,6,0,3,0.3450,0.3534,0.9030,0.2333,0.0189
2,6,0,4,0.5744,0.5621,0.9879,0.4795,0.0287
2,6,0,5,0.3556,0.3602,0.8720,0.2422,0.0114
2,6,0,6,0.8293,0.8270,0.9747,0.7933,0.0529
2,6,0,7,0.7463,0.7224,0.9848,0.6878,0.0538
2,6,0,8,0.7638,0.7638,0.9976,0.7107,0.0419
2,6,0,9,0.8962,0.8811,0.9659,0.8799,0.0581
2,6,0,10,0.8462,0.8132,0.9844,0.8171,0.0597
2,6,0,11,0.9090,0.8930,0.9633,0.8971,0.0562
2,6,1,0,0.7637,0.7398,0.9995,0.7108,0.0427
2,6,1,1,0.9178,0.9114,0.9932,0.9032,0.0446
2,6,1,2,0.9046,0.8988,0.9997,0.8864,0.0456
2,6,1,3,0.9184,0.8880,0.9765,0.9051,0.0390
2,6,1,4,0.9814,0.9832,0.9903,0.9792,0.0265
2,6,1,5,0.9032,0.8715,0.9995,0.8838,0.0319
2,6,1,6,0.9179,0.8928,0.9911,0.9018,0.0087
2,6,1,7,0.9794,0.9833,0.9952,0.9760,0.0216
2,6,1,8,0.9827,0.9831,0.9974,0.9805,0.0237
2,6,1,9,0.9867,0.9904,1.0000,0.9841,0.0092
2,6,1,10,0.3019,0.5465,0.9998,0.1245,0.0586
2,6,1,11,0.4626,0.4202,0.8993,0.3611,0.0149
2,6,2,0,0.8657,0.8374,0.9914,0.8379,0.0402
2,6,2,1,0.9775,0.9819,0.9998,0.9745,0.0214
2,6,2,2,0.5625,0.5608,0.9873,0.4731,0.0187
2,6,2,3,0.7855,0.7642,0.9982,0.7376,0.0502
2,6,2,4,0.8365,0.8538,0.9994,0.8024,0.0271
2,6,2,5,0.7509,0.7416,0.9993,0.6969,0.0333
2,6,2,6,1.0000,1.0000,1.0000,1.0000,0.0000
2,6,2,7,0.7450,0.7117,0.9850,0.6858,0.0632
2,6,2,8,0.6067,0.7739,0.9996,0.5218,0.0259
2,6,2,9,0.6713,0.6560,0.9979,0.5990,0.0306
2,6,2,10,0.8969,0.8882,0.9847,0.8791,0.0527
2,6,2,11,0.9752,0.9830,0.9993,0.9704,0.0144
2,6,3,0,0.9426,0.9558,0.9996,0.9374,0.0406
2,6,3,1,0.9840,0.9863,0.9999,0.9809,0.0130
2,6,3,2,0.6560,0.6467,1.0000,0.5772,0.0394
2,6,3,3,0.8208,0.8631,0.9989,0.7851,0.0189
2,6,3,4,0.9571,0.9603,1.0000,0.9534,0.0390
2,6,3,5,0.9632,0.9711,0.9941,0.9560,0.0098
2,6,3,6,0.8147,0.8056,0.9991,0.7744,0.0425
2,6,3,7,0.7465,0.7133,0.9739,0.6933,0.0284
2,6,3,8,0.8658,0.8371,0.9964,0.8379,0.0354
2,6,3,9,0.7529,0.7884,0.9999,0.7013,0.0251
2,6,3,10,0.9723,0.9792,0.9989,0.9670,0.0127
2,6,3,11,0.7054,0.8131,1.0000,0.6418,0.0268
2,6,4,0,0.5884,0.8478,0.9526,0.5162,0.0206
2,6,4,1,0.9042,0.9248,0.9993,0.8853,0.0162
2,6,4,2,0.9615,0.9671,0.9994,0.9567,0.0292
2,6,4,3,0.9088,0.9183,1.0000,0.8906,0.0141
2,6,4,4,0.9639,0.9729,0.9989,0.9584,0.0224
2,6,4,5,0.9203,0.9202,0.9993,0.9044,0.0203
2,6,4,6,0.9692,0.9722,0.9897,0.9637,0.0192
2,6,4,7,0.6937,0.6632,0.9771,0.6295,0.0227
2,6,4,8,0.9742,0.9812,0.9995,0.9699,0.0135
2,6,4,9,0.8227,0.8557,0.9798,0.7844,0.0378
2,6,4,10,0.9618,0.9678,0.9999,0.9578,0.0329
2,6,4,11,0.3179,0.4841,0.8370,0.2202,0.0457
2,6,5,0,0.9480,0.9561,0.9996,0.9419,0.0329
2,6,5,1,0.9408,0.9468,0.9998,0.9365,0.0457
2,6,5,2,0.8675,0.9040,0.9673,0.8402,0.0237
2,6,5,3,0.9313,0.9376,0.9673,0.9176,0.0187
2,6,5,4,0.9158,0.9118,0.9936,0.8990,0.0287
2,6,5,5,0.9482,0.9564,1.0000,0.9428,0.0363
2,6,5,6,0.9318,0.9439,0.9969,0.9194,0.0183
2,6,5,7,0.9414,0.9372,0.9915,0.9305,0.0132
2,6,5,8,0.9335,0.9383,0.9988,0.9221,0.0183
2,6,5,9,0.9564,0.9617,1.0000,0.9519,0.0362
2,6,5,10,0.9033,0.9073,0.9962,0.8839,0.0152
2,6,5,11,0.9779,0.9803,0.9972,0.9739,0.0119
2,6,6,0,0.8097,0.8575,0.9776,0.7685,0.0416
2,6,6,1,0.9331,0.9404,0.9948,0.9219,0.0154
2,6,6,2,0.9680,0.9777,1.0000,0.9632,0.0217
2,6,6,3,0.9156,0.9268,1.0000,0.8986,0.0267
2,6,6,4,0.9549,0.9651,0.9963,0.9461,0.0086
2,6,6,5,0.9758,0.9848,0.9987,0.9712,0.0108
2,6,6,6,0.9679,0.9700,0.9994,0.9623,0.0140
2,6,6,7,0.9225,0.9327,0.9956,0.9071,0.0159
2,6,6,8,0.9209,0.9412,0.9999,0.9053,0.0144
2,6,6,9,0.9420,0.9483,0.9998,0.9377,0.0454
2,6,6,10,0.9546,0.9606,1.0000,0.9499,0.0367
2,6,6,11,0.9514,0.9634,0.9945,0.9421,0.0086
2,6,7,0,0.9178,0.9320,0.9994,0.9034,0.0148
2,6,7,1,0.9500,0.9625,0.9997,0.9449,0.0368
2,6,7,2,0.9417,0.9477,0.9998,0.9374,0.0457
2,6,7,3,0.9766,0.9849,0.9991,0.9720,0.0090
2,6,7,4,0.9454,0.9643,0.9979,0.9370,0.0200
2,6,7,5,0.9630,0.9781,0.9973,0.9564,0.0141
2,6,7,6,0.9648,0.9754,1.0000,0.9602,0.0257
2,6,7,7,0.9487,0.9542,1.0000,0.9445,0.0432
2,6,7,8,0.9311,0.9216,0.9996,0.9183,0.0098
2,6,7,9,0.9631,0.9814,0.9981,0.9571,0.0178
2,6,7,10,0.9416,0.9479,0.9998,0.9371,0.0457
2,6,7,11,0.9449,0.9509,0.9999,0.9405,0.0444
2,6,8,0,0.9516,0.9583,0.9983,0.9443,0.0243
2,6,8,1,0.9428,0.9491,0.9999,0.9382,0.0446
2,6,8,2,0.9893,0.9926,0.9993,0.9872,0.0089
2,6,8,3,0.9475,0.9497,0.9973,0.9399,0.0252
2,6,8,4,0.9186,0.9159,0.9963,0.9026,0.0143
2,6,8,5,0.9112,0.9194,0.9760,0.8938,0.0338
2,6,8,6,0.9411,0.9506,1.0000,0.9330,0.0267
2,6,8,7,0.9258,0.9415,0.9974,0.9128,0.0154
2,6,8,8,0.8251,0.8364,0.9967,0.7902,0.0151
2,6,8,9,0.9677,0.9762,0.9999,0.9629,0.0200
2,6,8,10,0.9686,0.9756,0.9997,0.9625,0.0083
2,6,8,11,0.9667,0.9705,0.9999,0.9615,0.0170
2,6,9,0,0.9392,0.9525,0.9989,0.9295,0.0203
2,6,9,1,0.9474,0.9528,0.9998,0.9433,0.0437
2,6,9,2,0.9474,0.9541,0.9999,0.9429,0.0424
2,6,9,3,0.9268,0.9287,0.9977,0.9124,0.0148
2,6,9,4,0.9537,0.9570,0.9999,0.9500,0.0411
2,6,9,5,0.9601,0.9706,0.9999,0.9547,0.0257
2,6,9,6,0.9428,0.9496,0.9998,0.9385,0.0452
2,6,9,7,0.9600,0.9713,0.9991,0.9536,0.0160
2,6,9,8,0.9588,0.9632,0.9999,0.9548,0.0351
2,6,9,9,0.9426,0.9483,0.9998,0.9383,0.0456
2,6,9,10,0.9137,0.9218,0.9999,0.8966,0.0168
2,6,9,11,0.9445,0.9510,0.9998,0.9401,0.0446
2,6,10,0,0.9507,0.9567,0.9999,0.9449,0.0335
2,6,10,1,0.9454,0.9515,1.0000,0.9410,0.0443
2,6,10,2,0.9498,0.9572,0.9999,0.9456,0.0424
2,6,10,3,0.9607,0.9713,0.9997,0.9566,0.0338
2,6,10,4,0.9626,0.9732,0.9997,0.9570,0.0216
2,6,10,5,0.9230,0.9547,1.0000,0.9096,0.0179
2,6,10,6,0.9440,0.9501,1.0000,0.9393,0.0437
2,6,10,7,0.9551,0.9663,1.0000,0.9495,0.0316
2,6,10,8,0.9451,0.9534,1.0000,0.9403,0.0429
2,6,10,9,0.8958,0.8780,0.9876,0.8777,0.0178
2,6,10,10,0.9424,0.9488,0.9999,0.9379,0.0451
2,6,10,11,0.9049,0.9029,0.9973,0.8911,0.0287
2,6,11,0,0.7773,0.7517,0.9892,0.7274,0.0583
2,6,11,1,0.9687,0.9758,0.9999,0.9648,0.0260
2,6,11,2,0.9516,0.9549,1.0000,0.9471,0.0400
2,6,11,3,0.9270,0.9271,0.9983,0.9124,0.0203
2,6,11,4,0.9633,0.9718,0.9991,0.9572,0.0190
2,6,11,5,0.9617,0.9633,1.0000,0.9582,0.0360
2,6,11,6,0.9454,0.9512,1.0000,0.9409,0.0440
2,6,11,7,0.9597,0.9669,0.9989,0.9544,0.0271
2,6,11,8,0.3124,0.5879,0.9937,0.1528,0.0408
2,6,11,9,0.9478,0.9533,1.0000,0.9436,0.0432
2,6,11,10,0.9679,0.9703,0.9958,0.9617,0.0138
2,6,11,11,0.9369,0.9434,0.9985,0.9245,0.0106
2,7,0,0,0.8792,0.8416,0.9936,0.8327,0.0116
2,7,0,1,0.5845,0.6689,0.8306,0.5157,0.1059
2,7,0,2,0.8606,0.8529,0.9976,0.8125,0.0187
2,7,0,3,0.6619,0.6993,0.8152,0.5932,0.0808
2,7,0,4,0.8295,0.8100,0.9464,0.7771,0.0363
2,7,0,5,0.6690,0.7024,0.7743,0.5979,0.0730
2,7,0,6,0.8673,0.8462,0.9986,0.8165,0.0119
2,7,0,7,0.9212,0.9263,1.0000,0.8918,0.0106
2,7,0,8,0.8506,0.9021,0.9945,0.7985,0.0216
2,7,0,9,0.9027,0.8797,0.9961,0.8637,0.0140
2,7,0,10,0.9305,0.9274,1.0000,0.9013,0.0092
2,7,0,11,0.9123,0.8969,0.9952,0.8766,0.0143
2,7,1,0,0.8858,0.8862,0.9898,0.8479,0.0208
2,7,1,1,0.8764,0.8676,0.9984,0.8346,0.0202
2,7,1,2,0.8906,0.8721,0.9890,0.8549,0.0186
2,7,1,3,0.8417,0.8339,0.9991,0.7840,0.0327
2,7,1,4,0.8125,0.7742,0.9994,0.7573,0.0443
2,7,1,5,0.8299,0.8284,0.9898,0.7775,0.0329
2,7,1,6,0.7375,0.6920,0.9533,0.6723,0.0605
2,7,1,7,0.7891,0.7516,0.9971,0.7304,0.0470
2,7,1,8,0.8078,0.7693,0.9948,0.7527,0.0427
2,7,1,9,0.7377,0.6921,0.9837,0.6760,0.0635
2,7,1,10,0.7426,0.9083,0.9883,0.6443,0.0103
2,7,1,11,0.7263,0.7300,0.8103,0.6626,0.0648
2,7,2,0,0.8589,0.8436,0.9991,0.8119,0.0233
2,7,2,1,0.6741,0.6491,0.9885,0.6088,0.0833
2,7,2,2,0.7769,0.8462,0.9451,0.7184,0.0508
2,7,2,3,0.9080,0.9153,0.9935,0.8751,0.0143
2,7,2,4,0.8101,0.8141,0.9902,0.7566,0.0414
2,7,2,5,0.8260,0.8551,0.9907,0.7735,0.0356
2,7,2,6,0.7450,0.7117,0.9850,0.6858,0.0632
2,7,2,7,1.0000,1.0000,1.0000,1.0000,0.0000
2,7,2,8,0.7459,0.8528,0.9793,0.6694,0.0402
2,7,2,9,0.8442,0.8375,0.9719,0.7976,0.0344
2,7,2,10,0.9280,0.9114,1.0000,0.9012,0.0140
2,7,2,11,0.7454,0.7070,0.9907,0.6843,0.0633
2,7,3,0,0.6086,0.5965,0.9793,0.5433,0.1025
2,7,3,1,0.7675,0.7301,0.9820,0.7116,0.0575
2,7,3,2,0.8467,0.8858,0.9860,0.7956,0.0254
2,7,3,3,0.7269,0.7958,0.9760,0.6560,0.0560
2,7,3,4,0.6165,0.5961,0.9840,0.5504,0.1010
2,7,3,5,0.7351,0.6898,0.9979,0.6680,0.0571
2,7,3,6,0.9034,0.8963,0.9767,0.8718,0.0216
2,7,3,7,0.8222,0.8184,0.9200,0.7742,0.0373
2,7,3,8,0.7893,0.8115,0.9960,0.7264,0.0433
2,7,3,9,0.7459,0.7828,0.9830,0.6733,0.0498
2,7,3,10,0.7531,0.7349,0.9760,0.6964,0.0638
2,7,3,11,0.7667,0.8293,0.9832,0.6959,0.0389
2,7,4,0,0.5788,0.7758,0.8857,0.4821,0.0762
2,7,4,1,0.7594,0.7481,0.9908,0.6995,0.0533
2,7,4,2,0.6444,0.6075,0.9905,0.5765,0.0905
2,7,4,3,0.7739,0.7583,0.9842,0.7147,0.0506
2,7,4,4,0.6719,0.6338,0.9919,0.6053,0.0827
2,7,4,5,0.7724,0.7873,0.9906,0.7137,0.0530
2,7,4,6,0.7853,0.7438,0.9996,0.7251,0.0446
2,7,4,7,0.8644,0.8518,0.9257,0.8304,0.0452
2,7,4,8,0.6947,0.6664,0.9898,0.6297,0.0754
2,7,4,9,0.8031,0.8095,0.9996,0.7378,0.0263
2,7,4,10,0.6360,0.6139,0.9820,0.5700,0.0948
2,7,4,11,0.5812,0.7746,0.7299,0.5139,0.1076
2,7,5,0,0.6289,0.6056,0.9793,0.5620,0.0944
2,7,5,1,0.5891,0.5808,0.9815,0.5237,0.1076
2,7,5,2,0.7334,0.7032,0.9966,0.6545,0.0440
2,7,5,3,0.7488,0.7057,0.9966,0.6771,0.0473
2,7,5,4,0.8143,0.7858,0.9982,0.7585,0.0373
2,7,5,5,0.6167,0.6000,0.9863,0.5496,0.0983
2,7,5,6,0.7086,0.7064,0.9955,0.6438,0.0687
2,7,5,7,0.6921,0.6748,0.9991,0.6204,0.0697
2,7,5,8,0.6654,0.6391,0.9923,0.5927,0.0770
2,7,5,9,0.6255,0.5999,0.9832,0.5590,0.0981
2,7,5,10,0.7710,0.7385,0.9661,0.7105,0.0502
2,7,5,11,0.7080,0.6686,0.9951,0.6414,0.0697
2,7,6,0,0.7733,0.7790,0.9993,0.6982,0.0343
2,7,6,1,0.6580,0.6193,0.9974,0.5851,0.0757
2,7,6,2,0.6743,0.6358,0.9864,0.6079,0.0824
2,7,6,3,0.7829,0.7640,0.9854,0.7214,0.0416
2,7,6,4,0.7395,0.7071,0.9961,0.6741,0.0578
2,7,6,5,0.7301,0.6890,0.9925,0.6676,0.0676
2,7,6,6,0.7075,0.6764,0.9902,0.6434,0.0730
2,7,6,7,0.7724,0.7470,0.9645,0.7152,0.0549
2,7,6,8,0.7719,0.7678,0.9870,0.7148,0.0551
2,7,6,9,0.5920,0.5839,0.9816,0.5266,0.1073
2,7,6,10,0.6263,0.6046,0.9841,0.5599,0.0983
2,7,6,11,0.7282,0.7207,0.9976,0.6628,0.0632
2,7,7,0,0.6814,0.7023,0.9903,0.6115,0.0732
2,7,7,1,0.6229,0.6064,0.9805,0.5572,0.0987
2,7,7,2,0.5908,0.5816,0.9815,0.5254,0.1076
2,7,7,3,0.7403,0.7071,0.9914,0.6763,0.0579
2,7,7,4,0.6564,0.6313,0.9941,0.5868,0.0816
2,7,7,5,0.6952,0.6610,0.9950,0.6265,0.0722
2,7,7,6,0.6606,0.6391,0.9850,0.5949,0.0873
2,7,7,7,0.6044,0.5918,0.9832,0.5385,0.1051
2,7,7,8,0.7201,0.6989,0.9794,0.6558,0.0663
2,7,7,9,0.6732,0.6507,0.9938,0.6043,0.0790
2,7,7,10,0.5927,0.5820,0.9816,0.5272,0.1076
2,7,7,11,0.5976,0.5863,0.9825,0.5318,0.1063
2,7,8,0,0.6568,0.6257,0.9934,0.5876,0.0846
2,7,8,1,0.5970,0.5834,0.9819,0.5314,0.1065
2,7,8,2,0.7540,0.7150,0.9908,0.6942,0.0581
2,7,8,3,0.6519,0.6255,0.9695,0.5839,0.0878
2,7,8,4,0.7336,0.7289,0.9962,0.6662,0.0590
2,7,8,5,0.8149,0.7949,0.9989,0.7560,0.0310
2,7,8,6,0.6390,0.6092,0.9848,0.5703,0.0883
2,7,8,7,0.6762,0.6879,0.9949,0.6052,0.0741
2,7,8,8,0.7422,0.7372,0.9677,0.6752,0.0532
2,7,8,9,0.6784,0.6472,0.9828,0.6137,0.0819
2,7,8,10,0.7404,0.7026,0.9890,0.6755,0.0603
2,7,8,11,0.6780,0.6439,0.9823,0.6107,0.0786
2,7,9,0,0.6696,0.6449,0.9760,0.6020,0.0800
2,7,9,1,0.6003,0.5896,0.9818,0.5348,0.1056
2,7,9,2,0.6056,0.5908,0.9821,0.5395,0.1043
2,7,9,3,0.7529,0.7377,0.9945,0.6912,0.0563
2,7,9,4,0.6067,0.5924,0.9827,0.5407,0.1030
2,7,9,5,0.6601,0.6335,0.9820,0.5941,0.0870
2,7,9,6,0.5928,0.5842,0.9818,0.5273,0.1071
2,7,9,7,0.6805,0.6479,0.9769,0.6142,0.0779
2,7,9,8,0.6290,0.6092,0.9820,0.5633,0.0970
2,7,9,9,0.5919,0.5824,0.9816,0.5265,0.1075
2,7,9,10,0.7580,0.7534,0.9878,0.6968,0.0533
2,7,9,11,0.5971,0.5871,0.9817,0.5315,0.1065
2,7,10,0,0.6312,0.5997,0.9828,0.5643,0.0951
2,7,10,1,0.5984,0.5865,0.9833,0.5325,0.1062
2,7,10,2,0.6059,0.5959,0.9828,0.5400,0.1043
2,7,10,3,0.6347,0.6172,0.9808,0.5690,0.0957
2,7,10,4,0.6670,0.6361,0.9891,0.5998,0.0835
2,7,10,5,0.6959,0.6900,0.9844,0.6308,0.0671
2,7,10,6,0.5996,0.5842,0.9833,0.5333,0.1056
2,7,10,7,0.6404,0.6137,0.9844,0.5734,0.0932
2,7,10,8,0.6027,0.5895,0.9836,0.5366,0.1048
2,7,10,9,0.6830,0.6774,0.9457,0.6158,0.0781
2,7,10,10,0.5947,0.5823,0.9822,0.5289,0.1070
2,7,10,11,0.6055,0.5972,0.9950,0.5289,0.0913
2,7,11,0,0.9080,0.9231,0.9997,0.8711,0.0094
2,7,11,1,0.6561,0.6290,0.9874,0.5898,0.0876
2,7,11,2,0.6124,0.5849,0.9866,0.5456,0.1016
2,7,11,3,0.7816,0.7468,0.9934,0.7217,0.0454
2,7,11,4,0.6788,0.6303,0.9914,0.6101,0.0775
2,7,11,5,0.6267,0.6011,0.9832,0.5608,0.0979
2,7,11,6,0.6003,0.5853,0.9842,0.5341,0.1059
2,7,11,7,0.6437,0.6219,0.9921,0.5746,0.0884
2,7,11,8,0.6867,0.8853,0.9595,0.5807,0.0268
2,7,11,9,0.6024,0.5895,0.9838,0.5364,0.1051
2,7,11,10,0.7653,0.7272,0.9966,0.7045,0.0535
2,7,11,11,0.7351,0.7086,0.9930,0.6687,0.0579
2,8,0,0,0.7619,0.8401,0.9502,0.6932,0.0298
2,8,0,1,0.2492,0.4647,0.9261,0.1245,0.0679
2,8,0,2,0.7071,0.8472,0.9909,0.6261,0.0233
2,8,0,3,0.3495,0.5337,0.9155,0.2236,0.0419
2,8,0,4,0.6602,0.7406,0.9921,0.5718,0.0124
2,8,0,5,0.3274,0.5398,0.8863,0.1926,0.0341
2,8,0,6,0.7567,0.8195,0.9675,0.6867,0.0298
2,8,0,7,0.8325,0.8761,0.9792,0.7855,0.0308
2,8,0,8,0.6914,0.8605,0.9951,0.6057,0.0189
2,8,0,9,0.7525,0.8637,0.9577,0.6798,0.0367
2,8,0,10,0.7053,0.8428,0.9787,0.6158,0.0373
2,8,0,11,0.7487,0.8629,0.9549,0.6744,0.0341
2,8,1,0,0.8722,0.9223,0.9981,0.8378,0.0213
2,8,1,1,0.7626,0.9087,0.9893,0.6974,0.0222
2,8,1,2,0.7154,0.8810,0.9985,0.6378,0.0251
2,8,1,3,0.6602,0.7939,0.9696,0.5637,0.0256
2,8,1,4,0.6731,0.8188,0.9857,0.5904,0.0219
2,8,1,5,0.6401,0.8288,0.9982,0.5464,0.0117
2,8,1,6,0.6013,0.7521,0.9947,0.5123,0.0238
2,8,1,7,0.6520,0.7995,0.9919,0.5673,0.0221
2,8,1,8,0.6586,0.8258,0.9949,0.5736,0.0156
2,8,1,9,0.5926,0.7529,0.9997,0.5044,0.0275
2,8,1,10,0.5798,0.7081,0.9987,0.4572,0.0352
2,8,1,11,0.3812,0.5756,0.9120,0.2479,0.0268
2,8,2,0,0.8009,0.9019,0.9870,0.7470,0.0178
2,8,2,1,0.5434,0.7080,0.9987,0.4566,0.0454
2,8,2,2,0.8178,0.8491,0.9916,0.7752,0.0144
2,8,2,3,0.8214,0.9009,0.9960,0.7716,0.0278
2,8,2,4,0.8083,0.9054,0.9980,0.7609,0.0102
2,8,2,5,0.7248,0.8987,0.9978,0.6539,0.0094
2,8,2,6,0.6067,0.7739,0.9996,0.5218,0.0259
2,8,2,7,0.7459,0.8528,0.9793,0.6694,0.0402
2,8,2,8,1.0000,1.0000,1.0000,1.0000,0.0000
2,8,2,9,0.7933,0.8500,0.9994,0.7400,0.0079
2,8,2,10,0.7709,0.9017,0.9791,0.7053,0.0300
2,8,2,11,0.5979,0.7511,0.9977,0.5095,0.0295
2,8,3,0,0.4812,0.6449,1.0000,0.3963,0.0646
2,8,3,1,0.6312,0.8067,0.9999,0.5491,0.0195
2,8,3,2,0.8478,0.9039,0.9993,0.8069,0.0151
2,8,3,3,0.7798,0.8821,0.9999,0.7300,0.0206
2,8,3,4,0.4954,0.6475,0.9997,0.4110,0.0630
2,8,3,5,0.6181,0.7509,0.9903,0.5320,0.0230
2,8,3,6,0.7990,0.9172,0.9999,0.7442,0.0202
2,8,3,7,0.7280,0.8174,0.9802,0.6616,0.0168
2,8,3,8,0.7815,0.9007,0.9935,0.7263,0.0197
2,8,3,9,0.9199,0.9382,0.9998,0.9005,0.0179
2,8,3,10,0.5921,0.7585,0.9999,0.5040,0.0259
2,8,3,11,0.9148,0.9368,0.9998,0.8932,0.0095
2,8,4,0,0.8455,0.8770,0.9613,0.8176,0.0363
2,8,4,1,0.6913,0.8441,0.9977,0.6217,0.0176
2,8,4,2,0.5226,0.6695,0.9979,0.4360,0.0525
2,8,4,3,0.6561,0.8028,0.9997,0.5757,0.0146
2,8,4,4,0.5548,0.6965,0.9971,0.4697,0.0448
2,8,4,5,0.7194,0.8683,0.9978,0.6544,0.0173
2,8,4,6,0.6843,0.8064,0.9850,0.6074,0.0143
2,8,4,7,0.6609,0.7684,0.9831,0.5785,0.0124
2,8,4,8,0.5741,0.7377,0.9981,0.4892,0.0375
2,8,4,9,0.7863,0.8678,0.9733,0.7291,0.0141
2,8,4,10,0.5087,0.6698,0.9999,0.4227,0.0568
2,8,4,11,0.6634,0.7776,0.8531,0.6152,0.0697
2,8,5,0,0.4936,0.6555,1.0000,0.4055,0.0565
2,8,5,1,0.4714,0.6278,0.9999,0.3886,0.0697
2,8,5,2,0.7076,0.7902,0.9592,0.6353,0.0133
2,8,5,3,0.7260,0.7987,0.9593,0.6594,0.0110
2,8,5,4,0.7286,0.8265,0.9897,0.6593,0.0063
2,8,5,5,0.5033,0.6566,0.9993,0.4194,0.0603
2,8,5,6,0.6623,0.8052,0.9941,0.5932,0.0308
2,8,5,7,0.6261,0.7453,0.9871,0.5478,0.0311
2,8,5,8,0.5654,0.7093,0.9969,0.4792,0.0381
2,8,5,9,0.5005,0.6554,0.9998,0.4147,0.0602
2,8,5,10,0.5912,0.7505,0.9983,0.4951,0.0135
2,8,5,11,0.5924,0.7264,0.9946,0.5072,0.0317
2,8,6,0,0.7797,0.8283,0.9709,0.7211,0.0208
2,8,6,1,0.5828,0.6776,0.9913,0.5016,0.0368
2,8,6,2,0.5436,0.6957,0.9992,0.4558,0.0448
2,8,6,3,0.6153,0.7839,0.9995,0.5211,0.0151
2,8,6,4,0.5987,0.7531,0.9933,0.5085,0.0227
2,8,6,5,0.6014,0.7419,0.9968,0.5161,0.0319
2,8,6,6,0.5528,0.7219,0.9980,0.4613,0.0351
2,8,6,7,0.5913,0.7609,0.9980,0.4978,0.0173
2,8,6,8,0.6859,0.8185,0.9991,0.6143,0.0162
2,8,6,9,0.4735,0.6308,0.9999,0.3905,0.0694
2,8,6,10,0.4999,0.6532,0.9997,0.4140,0.0603
2,8,6,11,0.6524,0.8149,0.9910,0.5768,0.0243
2,8,7,0,0.6171,0.7827,0.9980,0.5404,0.0337
2,8,7,1,0.4942,0.6553,1.0000,0.4084,0.0608
2,8,7,2,0.4727,0.6290,0.9999,0.3899,0.0697
2,8,7,3,0.6121,0.7621,0.9974,0.5258,0.0222
2,8,7,4,0.5752,0.7026,0.9955,0.4952,0.0437
2,8,7,5,0.5820,0.7225,0.9947,0.4958,0.0349
2,8,7,6,0.5324,0.6946,0.9996,0.4460,0.0494
2,8,7,7,0.4844,0.6416,0.9998,0.4005,0.0671
2,8,7,8,0.6464,0.7987,1.0000,0.5718,0.0284
2,8,7,9,0.5627,0.7208,0.9958,0.4772,0.0411
2,8,7,10,0.4740,0.6290,0.9999,0.3909,0.0697
2,8,7,11,0.4796,0.6343,0.9999,0.3962,0.0684
2,8,8,0,0.5327,0.6788,0.9960,0.4444,0.0473
2,8,8,1,0.4775,0.6303,0.9999,0.3940,0.0686
2,8,8,2,0.6198,0.7825,0.9977,0.5353,0.0221
2,8,8,3,0.5129,0.6934,0.9990,0.4226,0.0489
2,8,8,4,0.6820,0.7987,0.9933,0.6107,0.0192
2,8,8,5,0.7788,0.8654,0.9690,0.7207,0.0130
2,8,8,6,0.5293,0.6459,0.9996,0.4444,0.0503
2,8,8,7,0.6038,0.7601,0.9948,0.5246,0.0346
2,8,8,8,0.5658,0.7406,0.9987,0.4660,0.0149
2,8,8,9,0.5466,0.7036,0.9998,0.4599,0.0440
2,8,8,10,0.5928,0.7393,0.9985,0.5015,0.0243
2,8,8,11,0.5371,0.6991,0.9999,0.4465,0.0406
2,8,9,0,0.5244,0.6984,0.9999,0.4329,0.0421
2,8,9,1,0.4809,0.6371,0.9999,0.3974,0.0676
2,8,9,2,0.4838,0.6419,0.9999,0.3994,0.0663
2,8,9,3,0.6610,0.7957,0.9952,0.5846,0.0168
2,8,9,4,0.4851,0.6436,0.9998,0.4007,0.0651
2,8,9,5,0.5214,0.6883,0.9999,0.4327,0.0490
2,8,9,6,0.4746,0.6323,0.9999,0.3915,0.0692
2,8,9,7,0.5367,0.6978,0.9999,0.4463,0.0400
2,8,9,8,0.5024,0.6547,0.9999,0.4170,0.0590
2,8,9,9,0.4737,0.6298,0.9999,0.3907,0.0695
2,8,9,10,0.7051,0.8389,0.9989,0.6382,0.0157
2,8,9,11,0.4779,0.6352,0.9999,0.3944,0.0686
2,8,10,0,0.5000,0.6503,0.9998,0.4126,0.0571
2,8,10,1,0.4796,0.6355,0.9998,0.3961,0.0683
2,8,10,2,0.4863,0.6453,0.9998,0.4024,0.0663
2,8,10,3,0.5077,0.6726,1.0000,0.4220,0.0578
2,8,10,4,0.5485,0.6909,0.9984,0.4628,0.0456
2,8,10,5,0.6145,0.8002,0.9996,0.5376,0.0314
2,8,10,6,0.4799,0.6338,0.9998,0.3958,0.0676
2,8,10,7,0.5137,0.6657,0.9996,0.4269,0.0552
2,8,10,8,0.4829,0.6398,0.9997,0.3989,0.0668
2,8,10,9,0.6017,0.7959,0.9919,0.5233,0.0402
2,8,10,10,0.4760,0.6305,0.9999,0.3926,0.0690
2,8,10,11,0.5224,0.6633,0.9946,0.4372,0.0524
2,8,11,0,0.6851,0.8176,0.9843,0.5910,0.0352
2,8,11,1,0.5303,0.6914,0.9990,0.4439,0.0497
2,8,11,2,0.4937,0.6365,0.9992,0.4091,0.0637
2,8,11,3,0.6487,0.7784,0.9961,0.5642,0.0148
2,8,11,4,0.5506,0.6875,0.9974,0.4615,0.0411
2,8,11,5,0.5007,0.6501,0.9998,0.4152,0.0600
2,8,11,6,0.4816,0.6347,0.9997,0.3978,0.0679
2,8,11,7,0.5139,0.6819,0.9970,0.4247,0.0505
2,8,11,8,0.5998,0.7417,0.9966,0.4927,0.0165
2,8,11,9,0.4843,0.6381,0.9997,0.4007,0.0671
2,8,11,10,0.6686,0.7878,0.9926,0.5919,0.0175
2,8,11,11,0.6434,0.7729,0.9964,0.5635,0.0181
2,9,0,0,0.8127,0.7968,0.9390,0.7569,0.0244
2,9,0,1,0.2702,0.4933,0.9384,0.1461,0.0737
2,9,0,2,0.8039,0.8209,0.9858,0.7478,0.0186
2,9,0,3,0.3934,0.5785,0.9287,0.2732,0.0479
2,9,0,4,0.6950,0.7865,0.9958,0.6132,0.0108
2,9,0,5,0.3745,0.5763,0.9016,0.2460,0.0402
2,9,0,6,0.8251,0.8166,0.9583,0.7733,0.0241
2,9,0,7,0.8534,0.8715,0.9716,0.8104,0.0244
2,9,0,8,0.7087,0.8378,0.9912,0.6249,0.0132
2,9,0,9,0.8019,0.8034,0.9473,0.7418,0.0313
2,9,0,10,0.7616,0.8010,0.9711,0.6870,0.0319
2,9,0,11,0.8017,0.7979,0.9441,0.7412,0.0297
2,9,1,0,0.8521,0.8566,0.9955,0.8104,0.0152
2,9,1,1,0.7982,0.8202,0.9837,0.7408,0.0162
2,9,1,2,0.7840,0.8004,0.9960,0.7232,0.0200
2,9,1,3,0.7092,0.7108,0.9607,0.6237,0.0262
2,9,1,4,0.7378,0.7199,0.9793,0.6694,0.0254
2,9,1,5,0.7094,0.7510,0.9955,0.6314,0.0098
2,9,1,6,0.6997,0.6866,0.9976,0.6314,0.0283
2,9,1,7,0.7472,0.7179,0.9869,0.6840,0.0246
2,9,1,8,0.7250,0.7112,0.9908,0.6545,0.0187
2,9,1,9,0.6628,0.6272,0.9984,0.5883,0.0319
2,9,1,10,0.5607,0.6981,0.9964,0.4277,0.0302
2,9,1,11,0.4371,0.5920,0.9255,0.3126,0.0322
2,9,2,0,0.7965,0.8288,0.9810,0.7393,0.0111
2,9,2,1,0.6136,0.5894,0.9963,0.5394,0.0511
2,9,2,2,0.8048,0.8471,0.9955,0.7581,0.0173
2,9,2,3,0.8318,0.8886,0.9924,0.7828,0.0224
2,9,2,4,0.7586,0.8048,0.9953,0.6972,0.0102
2,9,2,5,0.7760,0.8613,0.9949,0.7165,0.0081
2,9,2,6,0.6713,0.6560,0.9979,0.5990,0.0306
2,9,2,7,0.8442,0.8375,0.9719,0.7976,0.0344
2,9,2,8,0.7933,0.8500,0.9994,0.7400,0.0079
2,9,2,9,1.0000,1.0000,1.0000,1.0000,0.0000
2,9,2,10,0.8585,0.8755,0.9716,0.8171,0.0249
2,9,2,11,0.6729,0.6480,0.9948,0.5995,0.0340
2,9,3,0,0.5433,0.5313,0.9994,0.4685,0.0703
2,9,3,1,0.6813,0.6674,0.9988,0.6087,0.0252
2,9,3,2,0.8090,0.8875,0.9975,0.7554,0.0119
2,9,3,3,0.7454,0.7986,0.9998,0.6863,0.0244
2,9,3,4,0.5575,0.5279,0.9983,0.4832,0.0687
2,9,3,5,0.6826,0.6548,0.9850,0.6095,0.0271
2,9,3,6,0.8666,0.8760,0.9998,0.8290,0.0148
2,9,3,7,0.9225,0.9268,0.9864,0.9033,0.0152
2,9,3,8,0.7415,0.8295,0.9890,0.6743,0.0175
2,9,3,9,0.7780,0.8260,0.9986,0.7227,0.0195
2,9,3,10,0.6731,0.6768,0.9998,0.6013,0.0316
2,9,3,11,0.7982,0.8320,0.9985,0.7456,0.0114
2,9,4,0,0.6323,0.7253,0.9701,0.5591,0.0417
2,9,4,1,0.7075,0.7118,0.9948,0.6400,0.0211
2,9,4,2,0.5798,0.5433,0.9950,0.5028,0.0586
2,9,4,3,0.7837,0.7803,0.9982,0.7320,0.0187
2,9,4,4,0.6077,0.5825,0.9939,0.5318,0.0505
2,9,4,5,0.7378,0.7609,0.9949,0.6756,0.0198
2,9,4,6,0.7698,0.7454,0.9785,0.7121,0.0171
2,9,4,7,0.7307,0.8015,0.9888,0.6635,0.0156
2,9,4,8,0.6396,0.6276,0.9955,0.5668,0.0432
2,9,4,9,0.7679,0.8024,0.9649,0.7036,0.0087
2,9,4,10,0.5736,0.5537,0.9988,0.4986,0.0625
2,9,4,11,0.7052,0.8098,0.8704,0.6645,0.0754
2,9,5,0,0.5722,0.5408,0.9994,0.4976,0.0622
2,9,5,1,0.5315,0.5085,0.9990,0.4582,0.0754
2,9,5,2,0.7044,0.7015,0.9490,0.6292,0.0149
2,9,5,3,0.6891,0.6918,0.9491,0.6114,0.0157
2,9,5,4,0.8044,0.8050,0.9843,0.7528,0.0063
2,9,5,5,0.5561,0.5413,0.9974,0.4808,0.0660
2,9,5,6,0.6798,0.6930,0.9899,0.6130,0.0359
2,9,5,7,0.6476,0.6453,0.9811,0.5722,0.0378
2,9,5,8,0.6098,0.6067,0.9936,0.5312,0.0441
2,9,5,9,0.5715,0.5370,0.9985,0.4977,0.0659
2,9,5,10,0.7766,0.7543,0.9997,0.7230,0.0176
2,9,5,11,0.6390,0.6183,0.9904,0.5622,0.0381
2,9,6,0,0.7173,0.7307,0.9621,0.6394,0.0170
2,9,6,1,0.6259,0.5928,0.9862,0.5521,0.0432
2,9,6,2,0.6131,0.5792,0.9973,0.5379,0.0502
2,9,6,3,0.7847,0.7732,0.9978,0.7306,0.0141
2,9,6,4,0.6853,0.6755,0.9888,0.6131,0.0278
2,9,6,5,0.6734,0.6406,0.9934,0.6024,0.0367
2,9,6,6,0.6139,0.6085,0.9952,0.5335,0.0414
2,9,6,7,0.8011,0.7849,0.9996,0.7550,0.0211
2,9,6,8,0.7861,0.7794,0.9971,0.7365,0.0210
2,9,6,9,0.5342,0.5118,0.9990,0.4608,0.0751
2,9,6,10,0.5671,0.5415,0.9982,0.4924,0.0660
2,9,6,11,0.6654,0.6979,0.9858,0.5910,0.0306
2,9,7,0,0.6377,0.6764,0.9952,0.5638,0.0397
2,9,7,1,0.5637,0.5516,0.9992,0.4896,0.0665
2,9,7,2,0.5332,0.5102,0.9990,0.4599,0.0754
2,9,7,3,0.6924,0.6680,0.9943,0.6225,0.0267
2,9,7,4,0.6024,0.5867,0.9916,0.5263,0.0494
2,9,7,5,0.6378,0.6180,0.9905,0.5618,0.0406
2,9,7,6,0.6133,0.5889,0.9979,0.5415,0.0551
2,9,7,7,0.5479,0.5253,0.9985,0.4742,0.0729
2,9,7,8,0.7442,0.7629,0.9994,0.6900,0.0344
2,9,7,9,0.6267,0.6102,0.9920,0.5528,0.0471
2,9,7,10,0.5339,0.5108,0.9989,0.4603,0.0754
2,9,7,11,0.5406,0.5156,0.9987,0.4670,0.0741
2,9,8,0,0.5818,0.5652,0.9924,0.5017,0.0537
2,9,8,1,0.5393,0.5130,0.9989,0.4657,0.0743
2,9,8,2,0.6927,0.6692,0.9948,0.6230,0.0265
2,9,8,3,0.6027,0.5927,1.0000,0.5288,0.0552
2,9,8,4,0.7021,0.7293,0.9888,0.6337,0.0262
2,9,8,5,0.7673,0.7756,0.9600,0.7040,0.0108
2,9,8,6,0.5944,0.5571,0.9980,0.5209,0.0560
2,9,8,7,0.6280,0.6588,0.9907,0.5522,0.0413
2,9,8,8,0.7876,0.7986,0.9999,0.7381,0.0200
2,9,8,9,0.6330,0.6087,0.9987,0.5624,0.0497
2,9,8,10,0.6937,0.6712,0.9960,0.6236,0.0294
2,9,8,11,0.6381,0.6020,0.9988,0.5668,0.0463
2,9,9,0,0.6259,0.6228,0.9998,0.5536,0.0481
2,9,9,1,0.5417,0.5187,0.9989,0.4680,0.0733
2,9,9,2,0.5509,0.5256,0.9988,0.4775,0.0721
2,9,9,3,0.7058,0.7063,0.9912,0.6381,0.0232
2,9,9,4,0.5479,0.5240,0.9987,0.4738,0.0708
2,9,9,5,0.6080,0.5848,0.9989,0.5349,0.0551
2,9,9,6,0.5352,0.5141,0.9989,0.4619,0.0749
2,9,9,7,0.6453,0.6088,0.9997,0.5756,0.0457
2,9,9,8,0.5744,0.5453,0.9989,0.5011,0.0648
2,9,9,9,0.5341,0.5110,0.9990,0.4607,0.0752
2,9,9,10,0.7143,0.7445,0.9967,0.6479,0.0198
2,9,9,11,0.5403,0.5165,0.9989,0.4670,0.0743
2,9,10,0,0.5859,0.5546,0.9986,0.5136,0.0629
2,9,10,1,0.5404,0.5176,0.9985,0.4666,0.0740
2,9,10,2,0.5492,0.5270,0.9986,0.4755,0.0721
2,9,10,3,0.5791,0.5568,0.9991,0.5056,0.0635
2,9,10,4,0.6199,0.5880,0.9959,0.5471,0.0513
2,9,10,5,0.6381,0.6650,0.9982,0.5646,0.0362
2,9,10,6,0.5429,0.5182,0.9985,0.4690,0.0733
2,9,10,7,0.5830,0.5570,0.9982,0.5082,0.0610
2,9,10,8,0.5426,0.5197,0.9984,0.4682,0.0725
2,9,10,9,0.6971,0.7424,0.9957,0.6374,0.0459
2,9,10,10,0.5360,0.5117,0.9988,0.4623,0.0748
2,9,10,11,0.5359,0.5468,0.9905,0.4516,0.0587
2,9,11,0,0.8211,0.8510,0.9777,0.7672,0.0292
2,9,11,1,0.5938,0.5673,0.9969,0.5185,0.0554
2,9,11,2,0.5507,0.5207,0.9973,0.4753,0.0694
2,9,11,3,0.7596,0.7457,0.9925,0.7002,0.0170
2,9,11,4,0.6065,0.5669,0.9943,0.5273,0.0462
2,9,11,5,0.5705,0.5394,0.9985,0.4967,0.0657
2,9,11,6,0.5416,0.5164,0.9982,0.4674,0.0737
2,9,11,7,0.5713,0.5557,0.9938,0.4917,0.0565
2,9,11,8,0.5247,0.6992,0.9989,0.3932,0.0117
2,9,11,9,0.5443,0.5210,0.9983,0.4704,0.0729
2,9,11,10,0.7238,0.7187,0.9879,0.6583,0.0216
2,9,11,11,0.7254,0.7325,0.9928,0.6628,0.0251
2,10,0,0,0.9633,0.9426,0.9937,0.9502,0.0075
2,10,0,1,0.4170,0.5018,0.8299,0.3105,0.0948
2,10,0,2,0.9170,0.9310,0.9975,0.8898,0.0092
2,10,0,3,0.5435,0.5790,0.8145,0.4460,0.0703
2,10,0,4,0.7873,0.7777,0.9459,0.7231,0.0275
2,10,0,5,0.5564,0.5790,0.7735,0.4579,0.0625
2,10,0,6,0.9474,0.9346,0.9987,0.9287,0.0119
2,10,0,7,0.8847,0.9055,1.0000,0.8439,0.0122
2,10,0,8,0.8212,0.9002,0.9944,0.7618,0.0149
2,10,0,9,0.9557,0.9512,0.9962,0.9395,0.0089
2,10,0,10,0.9543,0.9466,1.0000,0.9376,0.0089
2,10,0,11,0.9660,0.9626,0.9953,0.9536,0.0089
2,10,1,0,0.8985,0.9057,0.9897,0.8658,0.0122
2,10,1,1,0.9502,0.9604,0.9983,0.9342,0.0110
2,10,1,2,0.9434,0.9497,0.9888,0.9257,0.0119
2,10,1,3,0.9212,0.8991,0.9991,0.8942,0.0263
2,10,1,4,0.9490,0.9363,0.9994,0.9366,0.0316
2,10,1,5,0.9175,0.9157,0.9896,0.8939,0.0240
2,10,1,6,0.8875,0.8442,0.9529,0.8650,0.0494
2,10,1,7,0.9387,0.9231,0.9970,0.9253,0.0346
2,10,1,8,0.9400,0.9283,0.9947,0.9258,0.0303
2,10,1,9,0.8979,0.8716,0.9835,0.8802,0.0524
2,10,1,10,0.5683,0.7564,0.9881,0.4161,0.0148
2,10,1,11,0.6462,0.6222,0.8095,0.5618,0.0549
2,10,2,0,0.9191,0.9284,0.9990,0.8935,0.0167
2,10,2,1,0.8576,0.8374,0.9883,0.8388,0.0722
2,10,2,2,0.7130,0.7899,0.9447,0.6371,0.0413
2,10,2,3,0.9149,0.9257,0.9933,0.8857,0.0102
2,10,2,4,0.8676,0.9054,0.9900,0.8321,0.0335
2,10,2,5,0.8268,0.8845,0.9905,0.7758,0.0263
2,10,2,6,0.8969,0.8882,0.9847,0.8791,0.0527
2,10,2,7,0.9280,0.9114,1.0000,0.9012,0.0140
2,10,2,8,0.7709,0.9017,0.9791,0.7053,0.0300
2,10,2,9,0.8585,0.8755,0.9716,0.8171,0.0249
2,10,2,10,1.0000,1.0000,1.0000,1.0000,0.0000
2,10,2,11,0.9010,0.8804,0.9906,0.8831,0.0522
2,10,3,0,0.8013,0.7836,0.9791,0.7810,0.0914
2,10,3,1,0.9143,0.8956,0.9818,0.8991,0.0463
2,10,3,2,0.8149,0.8582,0.9858,0.7553,0.0200
2,10,3,3,0.8206,0.8854,0.9757,0.7779,0.0481
2,10,3,4,0.8091,0.7857,0.9838,0.7886,0.0898
2,10,3,5,0.9030,0.8773,0.9978,0.8840,0.0460
2,10,3,6,0.9304,0.9343,0.9764,0.9081,0.0143
2,10,3,7,0.8590,0.8725,0.9195,0.8219,0.0306
2,10,3,8,0.8655,0.9115,0.9959,0.8279,0.0383
2,10,3,9,0.8424,0.8883,0.9828,0.8008,0.0413
2,10,3,10,0.9037,0.8955,0.9757,0.8877,0.0527
2,10,3,11,0.8237,0.9074,0.9830,0.7731,0.0310
2,10,4,0,0.6512,0.8588,0.8851,0.5771,0.0663
2,10,4,1,0.8929,0.8920,0.9906,0.8710,0.0448
2,10,4,2,0.8305,0.8012,0.9903,0.8087,0.0794
2,10,4,3,0.9037,0.9136,0.9840,0.8825,0.0411
2,10,4,4,0.8525,0.8270,0.9917,0.8319,0.0716
2,10,4,5,0.9020,0.9205,0.9904,0.8809,0.0435
2,10,4,6,0.9353,0.9244,0.9995,0.9208,0.0335
2,10,4,7,0.8422,0.8439,0.9253,0.8004,0.0376
2,10,4,8,0.8699,0.8569,0.9897,0.8506,0.0643
2,10,4,9,0.9003,0.9302,0.9996,0.8694,0.0190
2,10,4,10,0.8229,0.8027,0.9818,0.8021,0.0837
2,10,4,11,0.4986,0.7003,0.7291,0.4132,0.0965
2,10,5,0,0.8133,0.7880,0.9791,0.7909,0.0833
2,10,5,1,0.7871,0.7677,0.9813,0.7670,0.0965
2,10,5,2,0.8663,0.8752,0.9967,0.8304,0.0348
2,10,5,3,0.9089,0.8948,0.9967,0.8867,0.0371
2,10,5,4,0.9246,0.9216,0.9981,0.9042,0.0287
2,10,5,5,0.8079,0.7887,0.9861,0.7863,0.0871
2,10,5,6,0.8653,0.8728,0.9953,0.8423,0.0586
2,10,5,7,0.8542,0.8472,0.9990,0.8270,0.0592
2,10,5,8,0.8337,0.8149,0.9921,0.8055,0.0665
2,10,5,9,0.8178,0.7906,0.9830,0.7973,0.0870
2,10,5,10,0.9003,0.8806,0.9657,0.8778,0.0403
2,10,5,11,0.8713,0.8553,0.9949,0.8490,0.0586
2,10,6,0,0.8783,0.8937,0.9993,0.8408,0.0311
2,10,6,1,0.8293,0.8067,0.9974,0.8013,0.0652
2,10,6,2,0.8548,0.8255,0.9862,0.8345,0.0713
2,10,6,3,0.8941,0.8929,0.9852,0.8672,0.0337
2,10,6,4,0.8940,0.8765,0.9960,0.8728,0.0473
2,10,6,5,0.8938,0.8699,0.9923,0.8758,0.0565
2,10,6,6,0.8645,0.8465,0.9901,0.8420,0.0625
2,10,6,7,0.9084,0.8965,0.9642,0.8900,0.0451
2,10,6,8,0.9038,0.9149,0.9868,0.8842,0.0452
2,10,6,9,0.7892,0.7705,0.9813,0.7690,0.0962
2,10,6,10,0.8148,0.7923,0.9839,0.7935,0.0871
2,10,6,11,0.8890,0.8965,0.9975,0.8684,0.0527
2,10,7,0,0.8414,0.8572,0.9901,0.8141,0.0630
2,10,7,1,0.8133,0.7966,0.9803,0.7928,0.0876
2,10,7,2,0.7884,0.7689,0.9813,0.7683,0.0965
2,10,7,3,0.9019,0.8876,0.9913,0.8834,0.0468
2,10,7,4,0.8394,0.8258,0.9940,0.8164,0.0705
2,10,7,5,0.8676,0.8513,0.9949,0.8452,0.0611
2,10,7,6,0.8480,0.8272,0.9847,0.8290,0.0762
2,10,7,7,0.8001,0.7805,0.9830,0.7798,0.0940
2,10,7,8,0.8902,0.8891,0.9792,0.8720,0.0552
2,10,7,9,0.8590,0.8439,0.9937,0.8384,0.0679
2,10,7,10,0.7891,0.7694,0.9814,0.7688,0.0965
2,10,7,11,0.7942,0.7738,0.9823,0.7739,0.0952
2,10,8,0,0.8279,0.8077,0.9933,0.8023,0.0735
2,10,8,1,0.7923,0.7710,0.9817,0.7718,0.0954
2,10,8,2,0.9116,0.8932,0.9907,0.8958,0.0470
2,10,8,3,0.8354,0.8063,0.9692,0.8133,0.0773
2,10,8,4,0.8729,0.8763,0.9960,0.8457,0.0489
2,10,8,5,0.9316,0.9320,0.9990,0.9117,0.0233
2,10,8,6,0.8163,0.7921,0.9846,0.7915,0.0771
2,10,8,7,0.8416,0.8537,0.9947,0.8146,0.0640
2,10,8,8,0.8251,0.8356,0.9674,0.7830,0.0433
2,10,8,9,0.8582,0.8378,0.9825,0.8390,0.0708
2,10,8,10,0.8967,0.8748,0.9888,0.8763,0.0492
2,10,8,11,0.8548,0.8271,0.9821,0.8332,0.0675
2,10,9,0,0.8401,0.8219,0.9757,0.8162,0.0689
2,10,9,1,0.7960,0.7769,0.9815,0.7758,0.0944
2,10,9,2,0.7998,0.7786,0.9819,0.7791,0.0932
2,10,9,3,0.8757,0.8713,0.9943,0.8491,0.0465
2,10,9,4,0.8016,0.7810,0.9825,0.7811,0.0919
2,10,9,5,0.8435,0.8191,0.9817,0.8232,0.0759
2,10,9,6,0.7905,0.7721,0.9815,0.7705,0.0960
2,10,9,7,0.8569,0.8293,0.9766,0.8360,0.0668
2,10,9,8,0.8165,0.7950,0.9818,0.7957,0.0859
2,10,9,9,0.7893,0.7697,0.9814,0.7691,0.0963
2,10,9,10,0.8953,0.9018,0.9876,0.8735,0.0435
2,10,9,11,0.7942,0.7744,0.9815,0.7741,0.0954
2,10,10,0,0.8167,0.7890,0.9826,0.7946,0.0840
2,10,10,1,0.7948,0.7753,0.9831,0.7744,0.0951
2,10,10,2,0.8024,0.7842,0.9826,0.7823,0.0932
2,10,10,3,0.8271,0.8084,0.9806,0.8077,0.0846
2,10,10,4,0.8485,0.8247,0.9889,0.8274,0.0724
2,10,10,5,0.8715,0.8723,0.9841,0.8523,0.0573
2,10,10,6,0.7947,0.7732,0.9831,0.7738,0.0944
2,10,10,7,0.8272,0.8043,0.9841,0.8059,0.0821
2,10,10,8,0.7981,0.7777,0.9834,0.7775,0.0937
2,10,10,9,0.8584,0.8550,0.9453,0.8368,0.0670
2,10,10,10,0.7911,0.7704,0.9820,0.7706,0.0959
2,10,10,11,0.7784,0.7652,0.9949,0.7452,0.0808
2,10,11,0,0.9017,0.9075,0.9996,0.8655,0.0106
2,10,11,1,0.8460,0.8217,0.9872,0.8268,0.0765
2,10,11,2,0.8035,0.7778,0.9864,0.7818,0.0905
2,10,11,3,0.8848,0.8763,0.9933,0.8563,0.0381
2,10,11,4,0.8534,0.8206,0.9913,0.8304,0.0663
2,10,11,5,0.8148,0.7907,0.9830,0.7938,0.0868
2,10,11,6,0.7962,0.7746,0.9840,0.7756,0.0948
2,10,11,7,0.8322,0.8103,0.9919,0.8100,0.0773
2,10,11,8,0.5253,0.7609,0.9591,0.3743,0.0233
2,10,11,9,0.7978,0.7785,0.9836,0.7773,0.0940
2,10,11,10,0.9079,0.8994,0.9965,0.8885,0.0430
2,10,11,11,0.8838,0.8791,0.9929,0.8599,0.0478
2,11,0,0,0.9047,0.8779,0.9690,0.8882,0.0530
2,11,0,1,0.2262,0.2728,0.8986,0.1109,0.0425
2,11,0,2,0.8296,0.8290,0.9977,0.7918,0.0462
2,11,0,3,0.3321,0.3372,0.8863,0.2164,0.0270
2,11,0,4,0.5672,0.5354,0.9815,0.4687,0.0317
2,11,0,5,0.3600,0.3440,0.8531,0.2457,0.0233
2,11,0,6,0.8440,0.8237,0.9823,0.8106,0.0543
2,11,0,7,0.6989,0.6925,0.9906,0.6259,0.0552
2,11,0,8,0.6938,0.7286,0.9995,0.6215,0.0430
2,11,0,9,0.8831,0.8726,0.9749,0.8618,0.0573
2,11,0,10,0.8398,0.8076,0.9903,0.8070,0.0592
2,11,0,11,0.8980,0.8845,0.9727,0.8814,0.0557
2,11,1,0,0.7476,0.7182,1.0000,0.6894,0.0444
2,11,1,1,0.8851,0.8841,0.9969,0.8613,0.0454
2,11,1,2,0.8602,0.8661,0.9999,0.8300,0.0470
2,11,1,3,0.9488,0.9130,0.9839,0.9424,0.0389
2,11,1,4,0.9839,0.9832,0.9948,0.9819,0.0219
2,11,1,5,0.8869,0.8508,1.0000,0.8629,0.0356
2,11,1,6,0.9330,0.8837,0.9855,0.9197,0.0098
2,11,1,7,0.9803,0.9798,0.9982,0.9768,0.0202
2,11,1,8,0.9694,0.9703,0.9994,0.9639,0.0235
2,11,1,9,0.9899,0.9893,0.9990,0.9880,0.0081
2,11,1,10,0.3224,0.5420,0.9999,0.1474,0.0606
2,11,1,11,0.4757,0.4037,0.8823,0.3752,0.0259
2,11,2,0,0.8412,0.8104,0.9956,0.8064,0.0422
2,11,2,1,0.9923,0.9913,0.9999,0.9921,0.0200
2,11,2,2,0.5251,0.5414,0.9807,0.4264,0.0252
2,11,2,3,0.7828,0.7546,0.9998,0.7328,0.0497
2,11,2,4,0.8054,0.8309,1.0000,0.7637,0.0340
2,11,2,5,0.6926,0.7059,1.0000,0.6240,0.0383
2,11,2,6,0.9752,0.9830,0.9993,0.9704,0.0144
2,11,2,7,0.7454,0.7070,0.9907,0.6843,0.0633
2,11,2,8,0.5979,0.7511,0.9977,0.5095,0.0295
2,11,2,9,0.6729,0.6480,0.9948,0.5995,0.0340
2,11,2,10,0.9010,0.8804,0.9906,0.8831,0.0522
2,11,2,11,1.0000,1.0000,1.0000,1.0000,0.0000
2,11,3,0,0.9800,0.9781,0.9977,0.9810,0.0392
2,11,3,1,0.9826,0.9790,0.9986,0.9791,0.0186
2,11,3,2,0.6602,0.6426,0.9995,0.5807,0.0421
2,11,3,3,0.8429,0.8671,0.9965,0.8112,0.0273
2,11,3,4,0.9827,0.9789,0.9991,0.9835,0.0376
2,11,3,5,0.9795,0.9737,0.9974,0.9755,0.0106
2,11,3,6,0.8138,0.7864,0.9968,0.7721,0.0440
2,11,3,7,0.7542,0.7118,0.9647,0.7017,0.0359
2,11,3,8,0.8230,0.8116,0.9989,0.7847,0.0435
2,11,3,9,0.7712,0.7792,0.9988,0.7225,0.0316
2,11,3,10,0.9906,0.9844,0.9965,0.9887,0.0154
2,11,3,11,0.7159,0.7968,0.9989,0.6533,0.0321
2,11,4,0,0.6210,0.8420,0.9405,0.5536,0.0300
2,11,4,1,0.9051,0.8933,1.0000,0.8860,0.0252
2,11,4,2,0.9886,0.9851,1.0000,0.9885,0.0271
2,11,4,3,0.9258,0.9215,0.9991,0.9106,0.0197
2,11,4,4,0.9927,0.9902,1.0000,0.9925,0.0194
2,11,4,5,0.9475,0.9238,1.0000,0.9368,0.0310
2,11,4,6,0.9715,0.9718,0.9944,0.9661,0.0213
2,11,4,7,0.6581,0.6312,0.9685,0.5850,0.0289
2,11,4,8,0.9874,0.9862,1.0000,0.9856,0.0152
2,11,4,9,0.8221,0.8481,0.9866,0.7827,0.0402
2,11,4,10,0.9857,0.9831,0.9986,0.9859,0.0314
2,11,4,11,0.3203,0.4597,0.8160,0.2215,0.0443
2,11,5,0,0.9790,0.9776,0.9977,0.9783,0.0317
2,11,5,1,0.9758,0.9724,0.9984,0.9773,0.0443
2,11,5,2,0.8841,0.9116,0.9761,0.8597,0.0305
2,11,5,3,0.9556,0.9394,0.9761,0.9468,0.0256
2,11,5,4,0.9339,0.9207,0.9971,0.9207,0.0321
2,11,5,5,0.9816,0.9783,0.9996,0.9820,0.0349
2,11,5,6,0.9671,0.9596,0.9992,0.9612,0.0267
2,11,5,7,0.9703,0.9571,0.9957,0.9649,0.0184
2,11,5,8,0.9720,0.9621,0.9999,0.9676,0.0216
2,11,5,9,0.9851,0.9815,0.9989,0.9856,0.0348
2,11,5,10,0.9236,0.9125,0.9922,0.9079,0.0246
2,11,5,11,0.9884,0.9884,0.9993,0.9864,0.0133
2,11,6,0,0.8313,0.8627,0.9848,0.7941,0.0481
2,11,6,1,0.9648,0.9624,0.9979,0.9593,0.0241
2,11,6,2,0.9931,0.9905,0.9996,0.9928,0.0190
2,11,6,3,0.9077,0.9184,0.9994,0.8885,0.0338
2,11,6,4,0.9818,0.9782,0.9988,0.9782,0.0103
2,11,6,5,0.9959,0.9950,0.9999,0.9952,0.0059
2,11,6,6,0.9857,0.9818,1.0000,0.9834,0.0163
2,11,6,7,0.9433,0.9394,0.9914,0.9318,0.0259
2,11,6,8,0.9466,0.9458,0.9997,0.9359,0.0251
2,11,6,9,0.9765,0.9735,0.9984,0.9779,0.0440
2,11,6,10,0.9844,0.9815,0.9991,0.9848,0.0349
2,11,6,11,0.9763,0.9658,0.9977,0.9717,0.0173
2,11,7,0,0.9633,0.9514,1.0000,0.9571,0.0229
2,11,7,1,0.9832,0.9811,0.9981,0.9838,0.0354
2,11,7,2,0.9763,0.9729,0.9984,0.9778,0.0443
2,11,7,3,0.9768,0.9814,1.0000,0.9723,0.0133
2,11,7,4,0.9787,0.9768,0.9996,0.9762,0.0227
2,11,7,5,0.9919,0.9917,0.9994,0.9906,0.0098
2,11,7,6,0.9913,0.9898,0.9993,0.9914,0.0240
2,11,7,7,0.9801,0.9770,0.9989,0.9812,0.0417
2,11,7,8,0.9439,0.9170,0.9978,0.9333,0.0144
2,11,7,9,0.9897,0.9888,0.9997,0.9886,0.0157
2,11,7,10,0.9766,0.9734,0.9985,0.9780,0.0443
2,11,7,11,0.9782,0.9750,0.9987,0.9795,0.0430
2,11,8,0,0.9843,0.9819,0.9998,0.9828,0.0219
2,11,8,1,0.9777,0.9741,0.9985,0.9789,0.0432
2,11,8,2,0.9827,0.9841,1.0000,0.9793,0.0138
2,11,8,3,0.9752,0.9601,0.9938,0.9725,0.0295
2,11,8,4,0.9549,0.9326,0.9988,0.9459,0.0230
2,11,8,5,0.9293,0.9113,0.9835,0.9154,0.0340
2,11,8,6,0.9735,0.9732,0.9993,0.9711,0.0303
2,11,8,7,0.9708,0.9627,0.9994,0.9660,0.0213
2,11,8,8,0.8313,0.8390,0.9930,0.7969,0.0248
2,11,8,9,0.9904,0.9886,0.9988,0.9898,0.0195
2,11,8,10,0.9887,0.9870,0.9999,0.9865,0.0103
2,11,8,11,0.9857,0.9833,0.9986,0.9840,0.0181
2,11,9,0,0.9822,0.9778,0.9965,0.9801,0.0230
2,11,9,1,0.9789,0.9758,0.9985,0.9802,0.0422
2,11,9,2,0.9800,0.9771,0.9986,0.9810,0.0410
2,11,9,3,0.9417,0.9361,0.9995,0.9300,0.0219
2,11,9,4,0.9799,0.9765,0.9988,0.9808,0.0397
2,11,9,5,0.9894,0.9869,0.9985,0.9891,0.0240
2,11,9,6,0.9770,0.9740,0.9985,0.9784,0.0438
2,11,9,7,0.9841,0.9808,0.9969,0.9820,0.0194
2,11,9,8,0.9841,0.9810,0.9986,0.9845,0.0337
2,11,9,9,0.9766,0.9733,0.9984,0.9781,0.0441
2,11,9,10,0.9360,0.9071,0.9998,0.9231,0.0278
2,11,9,11,0.9782,0.9752,0.9985,0.9795,0.0432
2,11,10,0,0.9838,0.9800,0.9988,0.9838,0.0317
2,11,10,1,0.9785,0.9754,0.9989,0.9797,0.0429
2,11,10,2,0.9807,0.9782,0.9988,0.9818,0.0410
2,11,10,3,0.9865,0.9848,0.9982,0.9870,0.0324
2,11,10,4,0.9888,0.9874,0.9999,0.9880,0.0202
2,11,10,5,0.9468,0.9339,0.9992,0.9376,0.0286
2,11,10,6,0.9785,0.9751,0.9989,0.9796,0.0422
2,11,10,7,0.9876,0.9858,0.9992,0.9878,0.0298
2,11,10,8,0.9793,0.9764,0.9990,0.9803,0.0414
2,11,10,9,0.9162,0.8652,0.9811,0.9018,0.0170
2,11,10,10,0.9772,0.9738,0.9986,0.9785,0.0437
2,11,10,11,0.9531,0.9389,0.9993,0.9475,0.0343
2,11,11,0,0.7562,0.7306,0.9940,0.6985,0.0590
2,11,11,1,0.9905,0.9881,0.9997,0.9906,0.0243
2,11,11,2,0.9814,0.9770,0.9996,0.9820,0.0383
2,11,11,3,0.9281,0.9285,0.9998,0.9133,0.0262
2,11,11,4,0.9928,0.9898,1.0000,0.9921,0.0141
2,11,11,5,0.9840,0.9805,0.9989,0.9844,0.0349
2,11,11,6,0.9790,0.9755,0.9991,0.9801,0.0425
2,11,11,7,0.9862,0.9831,0.9999,0.9856,0.0254
2,11,11,8,0.2972,0.5634,0.9889,0.1312,0.0457
2,11,11,9,0.9795,0.9764,0.9990,0.9806,0.0417
2,11,11,10,0.9792,0.9760,0.9985,0.9751,0.0165
2,11,11,11,0.9660,0.9533,0.9998,0.9593,0.0184
3,0,0,0,0.8173,0.8134,0.9502,0.8012,0.0913
3,0,0,1,0.1319,0.1823,0.9261,0.0301,0.0033
3,0,0,2,0.7345,0.7450,0.9909,0.6971,0.0851
3,0,0,3,0.2298,0.2401,0.9155,0.1257,0.0259
3,0,0,4,0.4445,0.4267,0.9921,0.3503,0.0687
3,0,0,5,0.2647,0.2516,0.8863,0.1625,0.0308
3,0,0,6,0.7476,0.7462,0.9675,0.7149,0.0922
3,0,0,7,0.5601,0.5692,0.9792,0.4839,0.0932
3,0,0,8,0.5756,0.6279,0.9951,0.5044,0.0810
3,0,0,9,0.7846,0.7978,0.9577,0.7624,0.0965
3,0,0,10,0.7363,0.7203,0.9787,0.7040,0.0984
3,0,0,11,0.8014,0.8034,0.9549,0.7842,0.0949
3,0,1,0,0.6277,0.6041,0.9981,0.5678,0.0817
3,0,1,1,0.7930,0.7942,0.9893,0.7678,0.0837
3,0,1,2,0.7604,0.7722,0.9985,0.7281,0.0846
3,0,1,3,0.8969,0.8652,0.9696,0.8961,0.0781
3,0,1,4,0.9342,0.9358,0.9857,0.9328,0.0611
3,0,1,5,0.8170,0.7726,0.9982,0.7946,0.0706
3,0,1,6,0.9013,0.8565,0.9947,0.8901,0.0421
3,0,1,7,0.9333,0.9393,0.9919,0.9300,0.0568
3,0,1,8,0.9165,0.9197,0.9949,0.9111,0.0611
3,0,1,9,0.9649,0.9683,0.9997,0.9631,0.0390
3,0,1,10,0.1821,0.4480,0.9987,0.0193,0.0957
3,0,1,11,0.3862,0.3131,0.9120,0.2957,0.0429
3,0,2,0,0.7445,0.7070,0.9870,0.7088,0.0795
3,0,2,1,0.9892,0.9898,0.9987,0.9886,0.0192
3,0,2,2,0.3959,0.4238,0.9916,0.3004,0.0543
3,0,2,3,0.6677,0.6583,0.9960,0.6161,0.0886
3,0,2,4,0.7221,0.7451,0.9980,0.6814,0.0649
3,0,2,5,0.5776,0.5867,0.9978,0.5094,0.0717
3,0,2,6,0.9426,0.9558,0.9996,0.9374,0.0406
3,0,2,7,0.6086,0.5965,0.9793,0.5433,0.1025
3,0,2,8,0.4812,0.6449,1.0000,0.3963,0.0646
3,0,2,9,0.5433,0.5313,0.9994,0.4685,0.0703
3,0,2,10,0.8013,0.7836,0.9791,0.7810,0.0914
3,0,2,11,0.9800,0.9781,0.9977,0.9810,0.0392
3,0,3,0,1.0000,1.0000,1.0000,1.0000,0.0000
3,0,3,1,0.9483,0.9412,0.9999,0.9446,0.0451
3,0,3,2,0.5409,0.5364,0.9993,0.4632,0.0775
3,0,3,3,0.7930,0.8085,0.9999,0.7646,0.0510
3,0,3,4,0.9971,0.9978,0.9997,0.9968,0.0035
3,0,3,5,0.9533,0.9541,0.9903,0.9507,0.0454
3,0,3,6,0.7051,0.6899,0.9999,0.6613,0.0822
3,0,3,7,0.6512,0.6162,0.9802,0.5980,0.0652
3,0,3,8,0.7433,0.7189,0.9935,0.7064,0.0719
3,0,3,9,0.6923,0.6915,0.9998,0.6464,0.0616
3,0,3,10,0.9687,0.9578,0.9999,0.9674,0.0387
3,0,3,11,0.6210,0.7051,0.9998,0.5614,0.0659
3,0,4,0,0.5645,0.7897,0.9613,0.5046,0.0314
3,0,4,1,0.8547,0.8328,0.9977,0.8362,0.0517
3,0,4,2,0.9958,0.9955,0.9979,0.9957,0.0124
3,0,4,3,0.8715,0.8735,0.9997,0.8563,0.0532
3,0,4,4,0.9935,0.9930,0.9971,0.9937,0.0198
3,0,4,5,0.9067,0.8709,0.9978,0.8972,0.0549
3,0,4,6,0.9224,0.9274,0.9850,0.9172,0.0579
3,0,4,7,0.5435,0.5208,0.9831,0.4714,0.0608
3,0,4,8,0.9763,0.9766,0.9981,0.9746,0.0271
3,0,4,9,0.7315,0.7731,0.9733,0.6929,0.0775
3,0,4,10,0.9960,0.9969,0.9999,0.9957,0.0078
3,0,4,11,0.2071,0.3613,0.8531,0.1157,0.0051
3,0,5,0,0.9908,0.9934,1.0000,0.9897,0.0081
3,0,5,1,0.9987,0.9976,0.9999,0.9987,0.0051
3,0,5,2,0.8324,0.8756,0.9592,0.8116,0.0608
3,0,5,3,0.9180,0.8974,0.9593,0.9119,0.0587
3,0,5,4,0.8752,0.8667,0.9897,0.8632,0.0681
3,0,5,5,0.9973,0.9967,0.9993,0.9970,0.0043
3,0,5,6,0.9514,0.9335,0.9941,0.9467,0.0360
3,0,5,7,0.9579,0.9400,0.9871,0.9544,0.0363
3,0,5,8,0.9716,0.9619,0.9969,0.9691,0.0275
3,0,5,9,0.9969,0.9973,0.9998,0.9966,0.0057
3,0,5,10,0.8758,0.8802,0.9983,0.8614,0.0552
3,0,5,11,0.9760,0.9780,0.9946,0.9752,0.0329
3,0,6,0,0.7574,0.8135,0.9709,0.7239,0.0787
3,0,6,1,0.9608,0.9689,0.9913,0.9567,0.0281
3,0,6,2,0.9921,0.9915,0.9993,0.9921,0.0205
3,0,6,3,0.8482,0.8767,0.9995,0.8300,0.0663
3,0,6,4,0.9604,0.9583,0.9933,0.9589,0.0451
3,0,6,5,0.9776,0.9784,0.9968,0.9774,0.0349
3,0,6,6,0.9752,0.9738,0.9980,0.9738,0.0302
3,0,6,7,0.8955,0.9026,0.9980,0.8839,0.0527
3,0,6,8,0.9033,0.9009,0.9991,0.8929,0.0525
3,0,6,9,0.9987,0.9979,0.9999,0.9986,0.0048
3,0,6,10,0.9974,0.9982,0.9997,0.9972,0.0049
3,0,6,11,0.9539,0.9296,0.9910,0.9506,0.0410
3,0,7,0,0.9570,0.9317,0.9980,0.9527,0.0329
3,0,7,1,0.9980,0.9979,1.0000,0.9978,0.0044
3,0,7,2,0.9988,0.9978,0.9999,0.9987,0.0051
3,0,7,3,0.9451,0.9563,0.9974,0.9409,0.0446
3,0,7,4,0.9795,0.9779,0.9955,0.9776,0.0210
3,0,7,5,0.9841,0.9829,0.9947,0.9841,0.0303
3,0,7,6,0.9928,0.9932,0.9996,0.9925,0.0156
3,0,7,7,0.9984,0.9981,0.9998,0.9982,0.0025
3,0,7,8,0.9076,0.8751,1.0000,0.8966,0.0362
3,0,7,9,0.9867,0.9842,0.9958,0.9862,0.0235
3,0,7,10,0.9989,0.9981,0.9999,0.9988,0.0051
3,0,7,11,0.9987,0.9980,0.9999,0.9985,0.0038
3,0,8,0,0.9900,0.9899,0.9960,0.9895,0.0179
3,0,8,1,0.9988,0.9980,0.9999,0.9987,0.0040
3,0,8,2,0.9494,0.9545,0.9977,0.9459,0.0444
3,0,8,3,0.9794,0.9665,0.9990,0.9773,0.0179
3,0,8,4,0.9302,0.9005,0.9933,0.9238,0.0483
3,0,8,5,0.8699,0.8444,0.9690,0.8582,0.0729
3,0,8,6,0.9799,0.9876,0.9996,0.9777,0.0143
3,0,8,7,0.9683,0.9483,0.9948,0.9655,0.0303
3,0,8,8,0.7704,0.7982,0.9987,0.7383,0.0522
3,0,8,9,0.9863,0.9868,0.9998,0.9854,0.0206
3,0,8,10,0.9663,0.9697,0.9985,0.9656,0.0422
3,0,8,11,0.9792,0.9848,0.9999,0.9776,0.0240
3,0,9,0,0.9840,0.9791,0.9999,0.9828,0.0225
3,0,9,1,0.9988,0.9982,0.9999,0.9987,0.0030
3,0,9,2,0.9982,0.9985,0.9999,0.9980,0.0021
3,0,9,3,0.9093,0.8997,0.9952,0.8997,0.0490
3,0,9,4,0.9969,0.9975,0.9998,0.9965,0.0027
3,0,9,5,0.9925,0.9924,0.9999,0.9921,0.0156
3,0,9,6,0.9988,0.9980,0.9999,0.9987,0.0046
3,0,9,7,0.9777,0.9816,0.9999,0.9758,0.0246
3,0,9,8,0.9953,0.9969,0.9999,0.9948,0.0056
3,0,9,9,0.9989,0.9980,0.9999,0.9988,0.0049
3,0,9,10,0.8983,0.8556,0.9989,0.8871,0.0524
3,0,9,11,0.9988,0.9980,0.9999,0.9987,0.0040
3,0,10,0,0.9948,0.9962,0.9998,0.9943,0.0075
3,0,10,1,0.9987,0.9982,0.9998,0.9986,0.0037
3,0,10,2,0.9985,0.9981,0.9998,0.9983,0.0024
3,0,10,3,0.9955,0.9952,1.0000,0.9951,0.0068
3,0,10,4,0.9881,0.9903,0.9984,0.9874,0.0190
3,0,10,5,0.9263,0.9025,0.9996,0.9176,0.0357
3,0,10,6,0.9987,0.9982,0.9998,0.9985,0.0033
3,0,10,7,0.9972,0.9973,0.9997,0.9971,0.0100
3,0,10,8,0.9988,0.9982,0.9997,0.9987,0.0029
3,0,10,9,0.8901,0.8224,0.9919,0.8761,0.0244
3,0,10,10,0.9988,0.9980,0.9999,0.9987,0.0044
3,0,10,11,0.9696,0.9532,0.9947,0.9660,0.0154
3,0,11,0,0.6395,0.6420,0.9843,0.5818,0.0976
3,0,11,1,0.9929,0.9923,0.9990,0.9925,0.0152
3,0,11,2,0.9981,0.9982,0.9992,0.9979,0.0035
3,0,11,3,0.8791,0.8938,0.9961,0.8659,0.0594
3,0,11,4,0.9917,0.9903,0.9974,0.9921,0.0251
3,0,11,5,0.9956,0.9978,0.9998,0.9952,0.0052
3,0,11,6,0.9990,0.9982,0.9997,0.9989,0.0037
3,0,11,7,0.9936,0.9915,0.9970,0.9933,0.0141
3,0,11,8,0.1666,0.4670,0.9966,0.0147,0.0789
3,0,11,9,0.9986,0.9983,0.9997,0.9985,0.0029
3,0,11,10,0.9476,0.9456,0.9926,0.9450,0.0490
3,0,11,11,0.9402,0.9289,0.9964,0.9353,0.0468
3,1,0,0,0.9025,0.8783,0.9544,0.8844,0.0462
3,1,0,1,0.2245,0.2645,0.9208,0.1076,0.0484
3,1,0,2,0.8483,0.8614,0.9927,0.8144,0.0400
3,1,0,3,0.3293,0.3323,0.9098,0.2119,0.0246
3,1,0,4,0.5694,0.5421,0.9903,0.4701,0.0243
3,1,0,5,0.3530,0.3395,0.8798,0.2360,0.0178
3,1,0,6,0.8459,0.8274,0.9709,0.8119,0.0471
3,1,0,7,0.7484,0.7422,0.9819,0.6875,0.0481
3,1,0,8,0.7457,0.7712,0.9964,0.6853,0.0359
3,1,0,9,0.9055,0.8937,0.9616,0.8895,0.0514
3,1,0,10,0.8534,0.8160,0.9815,0.8235,0.0533
3,1,0,11,0.9126,0.8985,0.9589,0.8993,0.0498
3,1,1,0,0.7971,0.7770,0.9989,0.7502,0.0367
3,1,1,1,0.9258,0.9262,0.9912,0.9116,0.0386
3,1,1,2,0.9095,0.9184,0.9992,0.8908,0.0395
3,1,1,3,0.9298,0.8858,0.9729,0.9176,0.0330
3,1,1,4,0.9850,0.9821,0.9879,0.9829,0.0243
3,1,1,5,0.9125,0.8794,0.9989,0.8940,0.0256
3,1,1,6,0.9341,0.8966,0.9931,0.9208,0.0097
3,1,1,7,0.9800,0.9809,0.9935,0.9762,0.0200
3,1,1,8,0.9868,0.9896,0.9962,0.9848,0.0183
3,1,1,9,0.9888,0.9874,1.0000,0.9866,0.0140
3,1,1,10,0.3168,0.5656,0.9993,0.1379,0.0506
3,1,1,11,0.4696,0.4013,0.9063,0.3667,0.0156
3,1,2,0,0.8854,0.8675,0.9892,0.8607,0.0344
3,1,2,1,0.9776,0.9707,0.9993,0.9750,0.0259
3,1,2,2,0.5689,0.5905,0.9898,0.4781,0.0117
3,1,2,3,0.8190,0.7848,0.9971,0.7775,0.0435
3,1,2,4,0.8572,0.8729,0.9988,0.8262,0.0202
3,1,2,5,0.7589,0.7745,0.9986,0.7046,0.0267
3,1,2,6,0.9840,0.9863,0.9999,0.9809,0.0130
3,1,2,7,0.7675,0.7301,0.9820,0.7116,0.0575
3,1,2,8,0.6312,0.8067,0.9999,0.5491,0.0195
3,1,2,9,0.6813,0.6674,0.9988,0.6087,0.0252
3,1,2,10,0.9143,0.8956,0.9818,0.8991,0.0463
3,1,2,11,0.9826,0.9790,0.9986,0.9791,0.0186
3,1,3,0,0.9483,0.9412,0.9999,0.9446,0.0451
3,1,3,1,1.0000,1.0000,1.0000,1.0000,0.0000
3,1,3,2,0.6897,0.6751,0.9997,0.6162,0.0324
3,1,3,3,0.8328,0.8709,0.9996,0.7985,0.0176
3,1,3,4,0.9557,0.9450,0.9999,0.9524,0.0435
3,1,3,5,0.9674,0.9635,0.9922,0.9608,0.0130
3,1,3,6,0.8505,0.8308,0.9996,0.8171,0.0371
3,1,3,7,0.7491,0.7122,0.9774,0.6947,0.0208
3,1,3,8,0.8626,0.8527,0.9949,0.8326,0.0290
3,1,3,9,0.7873,0.8039,1.0000,0.7413,0.0181
3,1,3,10,0.9766,0.9681,0.9996,0.9721,0.0114
3,1,3,11,0.7304,0.8199,1.0000,0.6701,0.0208
3,1,4,0,0.5896,0.8564,0.9574,0.5159,0.0229
3,1,4,1,0.9410,0.9385,0.9985,0.9290,0.0111
3,1,4,2,0.9642,0.9546,0.9987,0.9603,0.0337
3,1,4,3,0.9126,0.9116,0.9999,0.8943,0.0132
3,1,4,4,0.9683,0.9619,0.9981,0.9639,0.0256
3,1,4,5,0.9494,0.9404,0.9986,0.9390,0.0152
3,1,4,6,0.9651,0.9654,0.9873,0.9580,0.0148
3,1,4,7,0.6844,0.6581,0.9805,0.6159,0.0186
3,1,4,8,0.9735,0.9704,0.9989,0.9694,0.0189
3,1,4,9,0.8301,0.8725,0.9764,0.7917,0.0324
3,1,4,10,0.9610,0.9535,1.0000,0.9575,0.0373
3,1,4,11,0.3358,0.5060,0.8458,0.2383,0.0502
3,1,5,0,0.9481,0.9429,0.9999,0.9427,0.0373
3,1,5,1,0.9440,0.9331,1.0000,0.9410,0.0502
3,1,5,2,0.8616,0.8928,0.9630,0.8317,0.0189
3,1,5,3,0.9513,0.9369,0.9631,0.9413,0.0143
3,1,5,4,0.9139,0.9029,0.9916,0.8955,0.0230
3,1,5,5,0.9525,0.9418,0.9997,0.9485,0.0408
3,1,5,6,0.9538,0.9458,0.9955,0.9454,0.0179
3,1,5,7,0.9412,0.9222,0.9893,0.9302,0.0160
3,1,5,8,0.9386,0.9251,0.9979,0.9281,0.0224
3,1,5,9,0.9568,0.9483,1.0000,0.9531,0.0406
3,1,5,10,0.8982,0.8985,0.9974,0.8769,0.0127
3,1,5,11,0.9701,0.9648,0.9959,0.9646,0.0141
3,1,6,0,0.8464,0.8669,0.9741,0.8120,0.0343
3,1,6,1,0.9264,0.9228,0.9930,0.9141,0.0224
3,1,6,2,0.9746,0.9688,0.9997,0.9713,0.0265
3,1,6,3,0.9018,0.9221,0.9998,0.8808,0.0222
3,1,6,4,0.9658,0.9610,0.9948,0.9589,0.0121
3,1,6,5,0.9808,0.9780,0.9978,0.9771,0.0184
3,1,6,6,0.9673,0.9602,0.9988,0.9617,0.0194
3,1,6,7,0.9183,0.9213,0.9970,0.9015,0.0133
3,1,6,8,0.9390,0.9443,0.9996,0.9264,0.0132
3,1,6,9,0.9451,0.9346,1.0000,0.9420,0.0498
3,1,6,10,0.9550,0.9457,0.9999,0.9510,0.0411
3,1,6,11,0.9760,0.9719,0.9927,0.9713,0.0117
3,1,7,0,0.9411,0.9291,0.9987,0.9308,0.0189
3,1,7,1,0.9519,0.9441,1.0000,0.9477,0.0413
3,1,7,2,0.9446,0.9338,1.0000,0.9416,0.0502
3,1,7,3,0.9682,0.9727,0.9983,0.9618,0.0110
3,1,7,4,0.9528,0.9496,0.9967,0.9460,0.0248
3,1,7,5,0.9703,0.9667,0.9960,0.9650,0.0179
3,1,7,6,0.9679,0.9632,0.9999,0.9642,0.0302
3,1,7,7,0.9498,0.9396,1.0000,0.9465,0.0476
3,1,7,8,0.9301,0.9070,0.9999,0.9168,0.0108
3,1,7,9,0.9719,0.9697,0.9969,0.9677,0.0222
3,1,7,10,0.9447,0.9341,1.0000,0.9416,0.0502
3,1,7,11,0.9474,0.9370,1.0000,0.9443,0.0489
3,1,8,0,0.9561,0.9480,0.9972,0.9499,0.0287
3,1,8,1,0.9456,0.9351,1.0000,0.9422,0.0490
3,1,8,2,0.9853,0.9857,0.9985,0.9823,0.0124
3,1,8,3,0.9514,0.9377,0.9983,0.9448,0.0322
3,1,8,4,0.9327,0.9089,0.9948,0.9190,0.0111
3,1,8,5,0.9438,0.9293,0.9723,0.9328,0.0278
3,1,8,6,0.9358,0.9324,0.9999,0.9272,0.0317
3,1,8,7,0.9442,0.9332,0.9961,0.9345,0.0202
3,1,8,8,0.8107,0.8341,0.9979,0.7716,0.0106
3,1,8,9,0.9651,0.9603,1.0000,0.9602,0.0244
3,1,8,10,0.9657,0.9644,0.9991,0.9587,0.0111
3,1,8,11,0.9603,0.9573,1.0000,0.9541,0.0214
3,1,9,0,0.9473,0.9455,0.9996,0.9392,0.0238
3,1,9,1,0.9489,0.9383,1.0000,0.9458,0.0481
3,1,9,2,0.9491,0.9399,1.0000,0.9455,0.0468
3,1,9,3,0.9416,0.9356,0.9964,0.9297,0.0113
3,1,9,4,0.9510,0.9404,1.0000,0.9477,0.0456
3,1,9,5,0.9640,0.9586,1.0000,0.9596,0.0302
3,1,9,6,0.9456,0.9352,1.0000,0.9425,0.0497
3,1,9,7,0.9577,0.9560,0.9997,0.9511,0.0208
3,1,9,8,0.9557,0.9471,1.0000,0.9518,0.0395
3,1,9,9,0.9451,0.9342,1.0000,0.9421,0.0500
3,1,9,10,0.9410,0.9256,0.9994,0.9290,0.0117
3,1,9,11,0.9476,0.9375,1.0000,0.9445,0.0490
3,1,10,0,0.9504,0.9423,1.0000,0.9452,0.0379
3,1,10,1,0.9474,0.9368,1.0000,0.9441,0.0487
3,1,10,2,0.9521,0.9426,1.0000,0.9490,0.0468
3,1,10,3,0.9626,0.9558,1.0000,0.9594,0.0383
3,1,10,4,0.9643,0.9607,0.9991,0.9593,0.0260
3,1,10,5,0.9556,0.9519,0.9999,0.9481,0.0217
3,1,10,6,0.9463,0.9360,1.0000,0.9426,0.0481
3,1,10,7,0.9586,0.9525,0.9999,0.9542,0.0360
3,1,10,8,0.9489,0.9391,1.0000,0.9455,0.0473
3,1,10,9,0.9089,0.8668,0.9900,0.8931,0.0216
3,1,10,10,0.9456,0.9350,1.0000,0.9423,0.0495
3,1,10,11,0.9110,0.8871,0.9960,0.8985,0.0357
3,1,11,0,0.7741,0.7521,0.9867,0.7200,0.0525
3,1,11,1,0.9713,0.9630,0.9995,0.9684,0.0311
3,1,11,2,0.9509,0.9388,0.9997,0.9470,0.0444
3,1,11,3,0.9164,0.9177,0.9972,0.8987,0.0165
3,1,11,4,0.9695,0.9613,0.9983,0.9648,0.0238
3,1,11,5,0.9561,0.9454,1.0000,0.9524,0.0405
3,1,11,6,0.9480,0.9371,0.9999,0.9446,0.0484
3,1,11,7,0.9627,0.9521,0.9980,0.9583,0.0316
3,1,11,8,0.3041,0.6051,0.9954,0.1376,0.0338
3,1,11,9,0.9489,0.9381,1.0000,0.9456,0.0476
3,1,11,10,0.9665,0.9613,0.9942,0.9597,0.0100
3,1,11,11,0.9427,0.9315,0.9974,0.9311,0.0065
3,2,0,0,0.7941,0.7906,0.9608,0.7273,0.0160
3,2,0,1,0.3107,0.5416,0.9118,0.1885,0.0808
3,2,0,2,0.7585,0.8046,0.9952,0.6847,0.0156
3,2,0,3,0.3844,0.5991,0.9003,0.2564,0.0557
3,2,0,4,0.6425,0.7645,0.9870,0.5411,0.0138
3,2,0,5,0.3842,0.6069,0.8689,0.2515,0.0479
3,2,0,6,0.7470,0.7898,0.9760,0.6651,0.0151
3,2,0,7,0.8783,0.8929,0.9859,0.8395,0.0173
3,2,0,8,0.7486,0.8383,0.9981,0.6716,0.0067
3,2,0,9,0.8155,0.8154,0.9675,0.7547,0.0257
3,2,0,10,0.7530,0.8208,0.9855,0.6688,0.0238
3,2,0,11,0.7969,0.8083,0.9650,0.7292,0.0257
3,2,1,0,0.8834,0.8967,0.9997,0.8482,0.0106
3,2,1,1,0.8160,0.8255,0.9939,0.7601,0.0141
3,2,1,2,0.7751,0.7881,0.9998,0.7077,0.0163
3,2,1,3,0.7356,0.7523,0.9778,0.6526,0.0267
3,2,1,4,0.7240,0.7123,0.9911,0.6483,0.0310
3,2,1,5,0.6857,0.7415,0.9997,0.5965,0.0094
3,2,1,6,0.6334,0.6588,0.9903,0.5458,0.0363
3,2,1,7,0.6951,0.6907,0.9958,0.6151,0.0317
3,2,1,8,0.7116,0.7035,0.9979,0.6339,0.0259
3,2,1,9,0.6479,0.6278,0.9999,0.5668,0.0400
3,2,1,10,0.6359,0.7606,0.9999,0.5187,0.0221
3,2,1,11,0.4340,0.6240,0.8966,0.3024,0.0394
3,2,2,0,0.8047,0.8441,0.9922,0.7463,0.0078
3,2,2,1,0.5917,0.5881,0.9999,0.5101,0.0583
3,2,2,2,0.8779,0.9074,0.9863,0.8486,0.0254
3,2,2,3,0.9172,0.9253,0.9986,0.8915,0.0152
3,2,2,4,0.7669,0.8003,0.9996,0.7049,0.0170
3,2,2,5,0.7784,0.8582,0.9995,0.7164,0.0127
3,2,2,6,0.6560,0.6467,1.0000,0.5772,0.0394
3,2,2,7,0.8467,0.8858,0.9860,0.7956,0.0254
3,2,2,8,0.8478,0.9039,0.9993,0.8069,0.0151
3,2,2,9,0.8090,0.8875,0.9975,0.7554,0.0119
3,2,2,10,0.8149,0.8582,0.9858,0.7553,0.0200
3,2,2,11,0.6602,0.6426,0.9995,0.5807,0.0421
3,2,3,0,0.5409,0.5364,0.9993,0.4632,0.0775
3,2,3,1,0.6897,0.6751,0.9997,0.6162,0.0324
3,2,3,2,1.0000,1.0000,1.0000,1.0000,0.0000
3,2,3,3,0.7944,0.8049,0.9986,0.7455,0.0316
3,2,3,4,0.5493,0.5336,0.9999,0.4710,0.0759
3,2,3,5,0.6483,0.6406,0.9947,0.5635,0.0359
3,2,3,6,0.9003,0.9173,0.9988,0.8702,0.0130
3,2,3,7,0.8251,0.8831,0.9724,0.7797,0.0160
3,2,3,8,0.8089,0.8400,0.9969,0.7568,0.0195
3,2,3,9,0.8482,0.8626,0.9998,0.8092,0.0251
3,2,3,10,0.6579,0.6622,0.9986,0.5796,0.0387
3,2,3,11,0.7860,0.8333,0.9999,0.7273,0.0144
3,2,4,0,0.7372,0.7814,0.9506,0.6854,0.0508
3,2,4,1,0.7015,0.7011,0.9995,0.6297,0.0286
3,2,4,2,0.5813,0.5507,0.9996,0.5020,0.0654
3,2,4,3,0.7467,0.7683,0.9999,0.6836,0.0262
3,2,4,4,0.6021,0.5819,0.9992,0.5223,0.0576
3,2,4,5,0.7870,0.8092,0.9995,0.7349,0.0276
3,2,4,6,0.7215,0.7209,0.9906,0.6483,0.0249
3,2,4,7,0.7046,0.7898,0.9758,0.6271,0.0208
3,2,4,8,0.6166,0.6228,0.9997,0.5360,0.0503
3,2,4,9,0.7934,0.8373,0.9810,0.7327,0.0092
3,2,4,10,0.5653,0.5561,0.9997,0.4861,0.0697
3,2,4,11,0.7303,0.8406,0.8336,0.6951,0.0825
3,2,5,0,0.5475,0.5467,0.9993,0.4653,0.0694
3,2,5,1,0.5284,0.5179,0.9997,0.4524,0.0825
3,2,5,2,0.6931,0.7112,0.9688,0.6110,0.0189
3,2,5,3,0.7081,0.6997,0.9689,0.6316,0.0225
3,2,5,4,0.7885,0.8001,0.9943,0.7299,0.0132
3,2,5,5,0.5621,0.5462,1.0000,0.4856,0.0732
3,2,5,6,0.6901,0.6881,0.9974,0.6235,0.0437
3,2,5,7,0.6752,0.6626,0.9923,0.6035,0.0446
3,2,5,8,0.6308,0.6256,0.9991,0.5540,0.0519
3,2,5,9,0.5572,0.5417,0.9999,0.4781,0.0730
3,2,5,10,0.6658,0.7000,0.9956,0.5814,0.0254
3,2,5,11,0.6336,0.6175,0.9977,0.5525,0.0446
3,2,6,0,0.7652,0.7861,0.9789,0.6967,0.0140
3,2,6,1,0.6126,0.5846,0.9954,0.5332,0.0506
3,2,6,2,0.6004,0.5750,1.0000,0.5198,0.0573
3,2,6,3,0.6619,0.7012,1.0000,0.5724,0.0222
3,2,6,4,0.6393,0.6536,0.9969,0.5526,0.0349
3,2,6,5,0.6494,0.6254,0.9990,0.5699,0.0448
3,2,6,6,0.6035,0.6083,0.9996,0.5174,0.0479
3,2,6,7,0.6539,0.7054,0.9950,0.5691,0.0295
3,2,6,8,0.7238,0.7369,1.0000,0.6568,0.0297
3,2,6,9,0.5304,0.5207,0.9997,0.4541,0.0822
3,2,6,10,0.5549,0.5408,0.9999,0.4753,0.0732
3,2,6,11,0.6877,0.7081,0.9952,0.6158,0.0381
3,2,7,0,0.6967,0.7160,0.9996,0.6338,0.0478
3,2,7,1,0.5556,0.5471,0.9995,0.4775,0.0737
3,2,7,2,0.5299,0.5189,0.9997,0.4538,0.0825
3,2,7,3,0.6600,0.6513,0.9993,0.5793,0.0348
3,2,7,4,0.6157,0.5963,0.9983,0.5400,0.0565
3,2,7,5,0.6332,0.6130,0.9977,0.5533,0.0475
3,2,7,6,0.5844,0.5791,1.0000,0.5040,0.0622
3,2,7,7,0.5405,0.5312,0.9999,0.4631,0.0800
3,2,7,8,0.7074,0.7395,0.9994,0.6429,0.0413
3,2,7,9,0.6110,0.6006,0.9984,0.5310,0.0540
3,2,7,10,0.5315,0.5189,0.9997,0.4553,0.0825
3,2,7,11,0.5357,0.5231,0.9998,0.4589,0.0813
3,2,8,0,0.5865,0.5680,0.9986,0.5045,0.0595
3,2,8,1,0.5353,0.5199,0.9997,0.4587,0.0814
3,2,8,2,0.6532,0.6535,0.9995,0.5708,0.0343
3,2,8,3,0.5678,0.5827,0.9968,0.4837,0.0627
3,2,8,4,0.7294,0.7448,0.9968,0.6651,0.0337
3,2,8,5,0.7840,0.7772,0.9773,0.7219,0.0138
3,2,8,6,0.5768,0.5499,1.0000,0.4972,0.0632
3,2,8,7,0.6732,0.6876,0.9978,0.6051,0.0487
3,2,8,8,0.6148,0.6949,0.9962,0.5195,0.0278
3,2,8,9,0.6115,0.5940,0.9998,0.5338,0.0568
3,2,8,10,0.6498,0.6448,0.9998,0.5658,0.0365
3,2,8,11,0.5944,0.5902,0.9998,0.5108,0.0535
3,2,9,0,0.5948,0.6025,0.9986,0.5131,0.0549
3,2,9,1,0.5375,0.5262,0.9997,0.4608,0.0805
3,2,9,2,0.5411,0.5301,0.9998,0.4635,0.0792
3,2,9,3,0.7019,0.6905,0.9981,0.6305,0.0310
3,2,9,4,0.5415,0.5328,0.9998,0.4638,0.0779
3,2,9,5,0.5759,0.5732,0.9997,0.4935,0.0619
3,2,9,6,0.5316,0.5221,0.9997,0.4553,0.0821
3,2,9,7,0.5954,0.5938,0.9988,0.5123,0.0529
3,2,9,8,0.5582,0.5449,0.9997,0.4794,0.0719
3,2,9,9,0.5308,0.5198,0.9997,0.4545,0.0824
3,2,9,10,0.7319,0.7603,0.9999,0.6672,0.0279
3,2,9,11,0.5346,0.5239,0.9997,0.4579,0.0814
3,2,10,0,0.5587,0.5423,0.9998,0.4784,0.0700
3,2,10,1,0.5361,0.5243,0.9999,0.4592,0.0811
3,2,10,2,0.5433,0.5335,0.9998,0.4662,0.0792
3,2,10,3,0.5672,0.5584,0.9996,0.4888,0.0706
3,2,10,4,0.5944,0.5763,0.9998,0.5135,0.0584
3,2,10,5,0.6466,0.6833,1.0000,0.5725,0.0424
3,2,10,6,0.5369,0.5235,0.9999,0.4596,0.0805
3,2,10,7,0.5725,0.5527,1.0000,0.4930,0.0681
3,2,10,8,0.5387,0.5271,0.9999,0.4613,0.0797
3,2,10,9,0.6749,0.7424,0.9866,0.6086,0.0530
3,2,10,10,0.5336,0.5198,0.9998,0.4571,0.0819
3,2,10,11,0.5957,0.5871,0.9977,0.5211,0.0662
3,2,11,0,0.7770,0.8381,0.9901,0.7030,0.0211
3,2,11,1,0.5840,0.5693,1.0000,0.5040,0.0625
3,2,11,2,0.5492,0.5239,1.0000,0.4711,0.0765
3,2,11,3,0.6860,0.7050,0.9986,0.6046,0.0232
3,2,11,4,0.6099,0.5704,0.9993,0.5284,0.0537
3,2,11,5,0.5559,0.5384,0.9999,0.4769,0.0729
3,2,11,6,0.5380,0.5233,0.9999,0.4608,0.0808
3,2,11,7,0.5693,0.5623,0.9991,0.4866,0.0633
3,2,11,8,0.5956,0.7477,0.9930,0.4772,0.0087
3,2,11,9,0.5399,0.5275,0.9999,0.4629,0.0800
3,2,11,10,0.7048,0.7018,0.9964,0.6317,0.0284
3,2,11,11,0.6793,0.7165,0.9988,0.6029,0.0325
3,3,0,0,0.8305,0.8711,0.9451,0.7906,0.0470
3,3,0,1,0.2113,0.4502,0.9320,0.0903,0.0543
3,3,0,2,0.7644,0.8592,0.9887,0.7073,0.0398
3,3,0,3,0.2838,0.5120,0.9218,0.1560,0.0273
3,3,0,4,0.5891,0.7037,0.9940,0.4922,0.0216
3,3,0,5,0.2855,0.5224,0.8935,0.1539,0.0208
3,3,0,6,0.7923,0.8541,0.9634,0.7416,0.0451
3,3,0,7,0.7604,0.8072,0.9758,0.7009,0.0454
3,3,0,8,0.6844,0.8380,0.9935,0.6063,0.0357
3,3,0,9,0.8152,0.8731,0.9530,0.7711,0.0548
3,3,0,10,0.7283,0.8509,0.9753,0.6580,0.0541
3,3,0,11,0.8345,0.8940,0.9500,0.7963,0.0535
3,3,1,0,0.7890,0.8369,0.9970,0.7385,0.0378
3,3,1,1,0.8283,0.8893,0.9869,0.7878,0.0381
3,3,1,2,0.7715,0.8544,0.9975,0.7167,0.0406
3,3,1,3,0.8397,0.8863,0.9656,0.8021,0.0363
3,3,1,4,0.8523,0.8904,0.9829,0.8189,0.0340
3,3,1,5,0.7644,0.8712,0.9971,0.7095,0.0267
3,3,1,6,0.7842,0.8271,0.9962,0.7399,0.0210
3,3,1,7,0.8320,0.8768,0.9897,0.7949,0.0325
3,3,1,8,0.8214,0.8773,0.9931,0.7813,0.0302
3,3,1,9,0.8189,0.8513,0.9992,0.7828,0.0252
3,3,1,10,0.4392,0.6586,0.9978,0.2905,0.0517
3,3,1,11,0.3768,0.5613,0.9184,0.2535,0.0125
3,3,2,0,0.8179,0.8671,0.9844,0.7749,0.0330
3,3,2,1,0.8133,0.8392,0.9977,0.7814,0.0337
3,3,2,2,0.7350,0.7614,0.9936,0.6780,0.0103
3,3,2,3,0.7695,0.8224,0.9945,0.7130,0.0446
3,3,2,4,0.8347,0.9156,0.9969,0.7978,0.0165
3,3,2,5,0.6915,0.8049,0.9966,0.6198,0.0246
3,3,2,6,0.8208,0.8631,0.9989,0.7851,0.0189
3,3,2,7,0.7269,0.7958,0.9760,0.6560,0.0560
3,3,2,8,0.7798,0.8821,0.9999,0.7300,0.0206
3,3,2,9,0.7454,0.7986,0.9998,0.6863,0.0244
3,3,2,10,0.8206,0.8854,0.9757,0.7779,0.0481
3,3,2,11,0.8429,0.8671,0.9965,0.8112,0.0273
3,3,3,0,0.7930,0.8085,0.9999,0.7646,0.0510
3,3,3,1,0.8328,0.8709,0.9996,0.7985,0.0176
3,3,3,2,0.7944,0.8049,0.9986,0.7455,0.0316
3,3,3,3,1.0000,1.0000,1.0000,1.0000,0.0000
3,3,3,4,0.7982,0.8054,0.9992,0.7695,0.0494
3,3,3,5,0.8015,0.8536,0.9880,0.7604,0.0224
3,3,3,6,0.7901,0.8441,1.0000,0.7399,0.0360
3,3,3,7,0.8092,0.8071,0.9833,0.7670,0.0241
3,3,3,8,0.8375,0.8943,0.9915,0.8008,0.0213
3,3,3,9,0.8606,0.8899,0.9994,0.8300,0.0138
3,3,3,10,0.8369,0.8746,1.0000,0.8045,0.0138
3,3,3,11,0.8225,0.8997,0.9994,0.7822,0.0175
3,3,4,0,0.7878,0.8729,0.9655,0.7496,0.0230
3,3,4,1,0.8448,0.8737,0.9965,0.8126,0.0132
3,3,4,2,0.8069,0.8184,0.9967,0.7759,0.0402
3,3,4,3,0.8169,0.8588,0.9991,0.7777,0.0152
3,3,4,4,0.8250,0.8437,0.9958,0.7949,0.0330
3,3,4,5,0.8758,0.9105,0.9966,0.8493,0.0122
3,3,4,6,0.8397,0.8772,0.9821,0.8043,0.0267
3,3,4,7,0.6248,0.7303,0.9859,0.5416,0.0114
3,3,4,8,0.8240,0.8696,0.9971,0.7920,0.0279
3,3,4,9,0.7395,0.8375,0.9695,0.6773,0.0297
3,3,4,10,0.8069,0.8234,0.9996,0.7775,0.0432
3,3,4,11,0.5997,0.7074,0.8612,0.5426,0.0560
3,3,5,0,0.7987,0.8236,0.9999,0.7684,0.0429
3,3,5,1,0.7913,0.7939,0.9996,0.7647,0.0560
3,3,5,2,0.7861,0.8595,0.9546,0.7382,0.0140
3,3,5,3,0.8272,0.8689,0.9547,0.7890,0.0154
3,3,5,4,0.8460,0.8814,0.9873,0.8110,0.0197
3,3,5,5,0.8149,0.8214,0.9985,0.7884,0.0467
3,3,5,6,0.9101,0.9308,0.9923,0.8934,0.0159
3,3,5,7,0.8751,0.8777,0.9845,0.8511,0.0178
3,3,5,8,0.8582,0.8749,0.9955,0.8329,0.0238
3,3,5,9,0.8027,0.8116,0.9994,0.7735,0.0465
3,3,5,10,0.7762,0.8361,0.9991,0.7281,0.0141
3,3,5,11,0.8298,0.8622,0.9928,0.7971,0.0206
3,3,6,0,0.7901,0.8507,0.9670,0.7407,0.0287
3,3,6,1,0.8450,0.8527,0.9891,0.8178,0.0244
3,3,6,2,0.8141,0.8345,0.9985,0.7818,0.0343
3,3,6,3,0.7811,0.8782,0.9988,0.7324,0.0230
3,3,6,4,0.8295,0.8902,0.9914,0.7943,0.0214
3,3,6,5,0.8439,0.8694,0.9953,0.8133,0.0262
3,3,6,6,0.8338,0.8762,0.9968,0.8028,0.0249
3,3,6,7,0.7946,0.8556,0.9989,0.7515,0.0132
3,3,6,8,0.8873,0.9235,0.9983,0.8636,0.0127
3,3,6,9,0.7931,0.7972,0.9996,0.7664,0.0557
3,3,6,10,0.8051,0.8158,0.9992,0.7762,0.0467
3,3,6,11,0.8733,0.9045,0.9887,0.8479,0.0151
3,3,7,0,0.9020,0.9100,0.9968,0.8844,0.0190
3,3,7,1,0.7983,0.8102,0.9998,0.7690,0.0471
3,3,7,2,0.7918,0.7942,0.9996,0.7650,0.0560
3,3,7,3,0.8011,0.8488,0.9961,0.7603,0.0225
3,3,7,4,0.7964,0.8290,0.9938,0.7616,0.0300
3,3,7,5,0.8331,0.8529,0.9929,0.8015,0.0254
3,3,7,6,0.8134,0.8343,0.9989,0.7827,0.0370
3,3,7,7,0.7953,0.8025,0.9993,0.7674,0.0535
3,3,7,8,0.8219,0.8429,0.9999,0.7873,0.0183
3,3,7,9,0.8350,0.8530,0.9942,0.8058,0.0300
3,3,7,10,0.7936,0.7956,0.9996,0.7668,0.0560
3,3,7,11,0.7953,0.7991,0.9995,0.7682,0.0548
3,3,8,0,0.8466,0.8521,0.9945,0.8210,0.0343
3,3,8,1,0.7947,0.7976,0.9996,0.7676,0.0549
3,3,8,2,0.8309,0.8739,0.9965,0.7963,0.0224
3,3,8,3,0.7907,0.8273,0.9996,0.7560,0.0346
3,3,8,4,0.9175,0.9230,0.9913,0.9004,0.0097
3,3,8,5,0.8937,0.9135,0.9650,0.8698,0.0254
3,3,8,6,0.8053,0.8182,0.9990,0.7743,0.0367
3,3,8,7,0.8706,0.8854,0.9930,0.8472,0.0213
3,3,8,8,0.7794,0.8688,0.9994,0.7329,0.0121
3,3,8,9,0.8086,0.8290,0.9994,0.7756,0.0310
3,3,8,10,0.8268,0.8655,0.9975,0.7911,0.0192
3,3,8,11,0.8119,0.8431,0.9995,0.7785,0.0279
3,3,9,0,0.8352,0.8575,1.0000,0.8068,0.0287
3,3,9,1,0.7950,0.7999,0.9996,0.7677,0.0540
3,3,9,2,0.7992,0.8069,0.9995,0.7717,0.0527
3,3,9,3,0.9107,0.9318,0.9935,0.8922,0.0102
3,3,9,4,0.7896,0.8008,0.9994,0.7605,0.0514
3,3,9,5,0.8104,0.8404,0.9996,0.7791,0.0357
3,3,9,6,0.7924,0.7957,0.9996,0.7655,0.0556
3,3,9,7,0.7976,0.8367,1.0000,0.7617,0.0273
3,3,9,8,0.8039,0.8146,0.9996,0.7749,0.0454
3,3,9,9,0.7917,0.7950,0.9996,0.7648,0.0559
3,3,9,10,0.8228,0.8971,0.9980,0.7857,0.0135
3,3,9,11,0.7944,0.7986,0.9996,0.7672,0.0549
3,3,10,0,0.8150,0.8224,0.9994,0.7871,0.0435
3,3,10,1,0.7946,0.7988,0.9993,0.7673,0.0546
3,3,10,2,0.7966,0.8024,0.9994,0.7688,0.0527
3,3,10,3,0.8023,0.8136,0.9997,0.7723,0.0441
3,3,10,4,0.8327,0.8480,0.9974,0.8043,0.0319
3,3,10,5,0.7690,0.8490,0.9991,0.7266,0.0225
3,3,10,6,0.7979,0.8006,0.9993,0.7708,0.0540
3,3,10,7,0.8108,0.8223,0.9991,0.7812,0.0416
3,3,10,8,0.7984,0.8039,0.9993,0.7711,0.0532
3,3,10,9,0.7646,0.8104,0.9938,0.7219,0.0287
3,3,10,10,0.7942,0.7961,0.9995,0.7672,0.0554
3,3,10,11,0.8557,0.8395,0.9929,0.8339,0.0381
3,3,11,0,0.6799,0.7909,0.9814,0.5960,0.0498
3,3,11,1,0.8057,0.8229,0.9982,0.7739,0.0386
3,3,11,2,0.8016,0.8023,0.9985,0.7735,0.0500
3,3,11,3,0.8877,0.9245,0.9945,0.8632,0.0129
3,3,11,4,0.8226,0.8342,0.9961,0.7906,0.0319
3,3,11,5,0.8038,0.8120,0.9994,0.7749,0.0463
3,3,11,6,0.7949,0.7991,0.9991,0.7672,0.0543
3,3,11,7,0.7963,0.8257,0.9956,0.7630,0.0384
3,3,11,8,0.4539,0.6812,0.9978,0.3211,0.0305
3,3,11,9,0.7964,0.8007,0.9992,0.7688,0.0535
3,3,11,10,0.8662,0.9028,0.9906,0.8378,0.0156
3,3,11,11,0.8513,0.9023,0.9949,0.8207,0.0146
3,4,0,0,0.8278,0.8192,0.9576,0.8121,0.0897
3,4,0,1,0.1219,0.1630,0.9165,0.0169,0.0049
3,4,0,2,0.7468,0.7485,0.9940,0.7100,0.0835
3,4,0,3,0.2196,0.2189,0.9053,0.1120,0.0243
3,4,0,4,0.4446,0.4128,0.9887,0.3479,0.0671
3,4,0,5,0.2507,0.2304,0.8745,0.1442,0.0292
3,4,0,6,0.7539,0.7436,0.9735,0.7205,0.0906
3,4,0,7,0.5775,0.5743,0.9839,0.5027,0.0916
3,4,0,8,0.5996,0.6299,0.9973,0.5311,0.0794
3,4,0,9,0.8014,0.8048,0.9645,0.7813,0.0949
3,4,0,10,0.7431,0.7175,0.9835,0.7100,0.0968
3,4,0,11,0.8168,0.8090,0.9619,0.8012,0.0933
3,4,1,0,0.6401,0.6039,0.9993,0.5806,0.0802
3,4,1,1,0.8080,0.8004,0.9926,0.7843,0.0821
3,4,1,2,0.7785,0.7776,0.9995,0.7481,0.0830
3,4,1,3,0.8993,0.8668,0.9754,0.8973,0.0765
3,4,1,4,0.9442,0.9397,0.9896,0.9435,0.0595
3,4,1,5,0.8239,0.7697,0.9994,0.8014,0.0690
3,4,1,6,0.8985,0.8494,0.9918,0.8860,0.0405
3,4,1,7,0.9449,0.9437,0.9947,0.9426,0.0552
3,4,1,8,0.9290,0.9255,0.9971,0.9248,0.0595
3,4,1,9,0.9743,0.9732,1.0000,0.9734,0.0375
3,4,1,10,0.1858,0.4502,0.9997,0.0202,0.0941
3,4,1,11,0.3690,0.2917,0.9016,0.2738,0.0413
3,4,2,0,0.7592,0.7112,0.9907,0.7247,0.0779
3,4,2,1,0.9938,0.9927,0.9996,0.9936,0.0179
3,4,2,2,0.4104,0.4160,0.9881,0.3152,0.0527
3,4,2,3,0.6788,0.6569,0.9979,0.6275,0.0870
3,4,2,4,0.7352,0.7492,0.9993,0.6953,0.0633
3,4,2,5,0.5952,0.5924,0.9991,0.5283,0.0702
3,4,2,6,0.9571,0.9603,1.0000,0.9534,0.0390
3,4,2,7,0.6165,0.5961,0.9840,0.5504,0.1010
3,4,2,8,0.4954,0.6475,0.9997,0.4110,0.0630
3,4,2,9,0.5575,0.5279,0.9983,0.4832,0.0687
3,4,2,10,0.8091,0.7857,0.9838,0.7886,0.0898
3,4,2,11,0.9827,0.9789,0.9991,0.9835,0.0376
3,4,3,0,0.9971,0.9978,0.9997,0.9968,0.0035
3,4,3,1,0.9557,0.9450,0.9999,0.9524,0.0435
3,4,3,2,0.5493,0.5336,0.9999,0.4710,0.0759
3,4,3,3,0.7982,0.8054,0.9992,0.7695,0.0494
3,4,3,4,1.0000,1.0000,1.0000,1.0000,0.0000
3,4,3,5,0.9586,0.9557,0.9935,0.9561,0.0438
3,4,3,6,0.7172,0.6904,0.9993,0.6740,0.0806
3,4,3,7,0.6642,0.6129,0.9750,0.6116,0.0637
3,4,3,8,0.7579,0.7197,0.9960,0.7222,0.0703
3,4,3,9,0.7006,0.6967,1.0000,0.6546,0.0600
3,4,3,10,0.9689,0.9531,0.9992,0.9671,0.0371
3,4,3,11,0.6297,0.7089,1.0000,0.5698,0.0643
3,4,4,0,0.5720,0.7913,0.9542,0.5118,0.0298
3,4,4,1,0.8595,0.8415,0.9991,0.8408,0.0502
3,4,4,2,0.9980,0.9977,0.9992,0.9980,0.0105
3,4,4,3,0.8837,0.8745,1.0000,0.8696,0.0516
3,4,4,4,0.9943,0.9932,0.9987,0.9943,0.0183
3,4,4,5,0.9078,0.8688,0.9991,0.8976,0.0533
3,4,4,6,0.9361,0.9326,0.9889,0.9323,0.0563
3,4,4,7,0.5454,0.5069,0.9783,0.4717,0.0592
3,4,4,8,0.9823,0.9785,0.9993,0.9810,0.0256
3,4,4,9,0.7466,0.7757,0.9787,0.7093,0.0759
3,4,4,10,0.9975,0.9966,0.9999,0.9972,0.0062
3,4,4,11,0.2177,0.3451,0.8399,0.1258,0.0067
3,4,5,0,0.9920,0.9942,0.9997,0.9910,0.0065
3,4,5,1,0.9981,0.9985,0.9999,0.9981,0.0067
3,4,5,2,0.8473,0.8814,0.9659,0.8279,0.0592
3,4,5,3,0.9219,0.9029,0.9660,0.9155,0.0571
3,4,5,4,0.8853,0.8689,0.9930,0.8740,0.0665
3,4,5,5,0.9968,0.9965,0.9999,0.9964,0.0033
3,4,5,6,0.9506,0.9306,0.9965,0.9451,0.0344
3,4,5,7,0.9611,0.9403,0.9908,0.9575,0.0348
3,4,5,8,0.9709,0.9607,0.9985,0.9679,0.0259
3,4,5,9,0.9990,0.9991,1.0000,0.9989,0.0035
3,4,5,10,0.8816,0.8756,0.9966,0.8672,0.0537
3,4,5,11,0.9820,0.9789,0.9968,0.9816,0.0313
3,4,6,0,0.7656,0.8161,0.9765,0.7320,0.0771
3,4,6,1,0.9666,0.9697,0.9942,0.9628,0.0265
3,4,6,2,0.9937,0.9934,0.9999,0.9936,0.0186
3,4,6,3,0.8660,0.8800,1.0000,0.8498,0.0648
3,4,6,4,0.9611,0.9568,0.9959,0.9590,0.0435
3,4,6,5,0.9822,0.9804,0.9984,0.9822,0.0333
3,4,6,6,0.9798,0.9706,0.9992,0.9785,0.0286
3,4,6,7,0.9055,0.9012,0.9961,0.8946,0.0511
3,4,6,8,0.9086,0.8999,0.9998,0.8982,0.0510
3,4,6,9,0.9983,0.9986,0.9999,0.9982,0.0063
3,4,6,10,0.9988,0.9989,1.0000,0.9987,0.0037
3,4,6,11,0.9533,0.9299,0.9940,0.9492,0.0394
3,4,7,0,0.9523,0.9301,0.9992,0.9468,0.0313
3,4,7,1,0.9969,0.9964,0.9998,0.9965,0.0029
3,4,7,2,0.9983,0.9987,0.9999,0.9982,0.0067
3,4,7,3,0.9576,0.9611,0.9989,0.9547,0.0430
3,4,7,4,0.9803,0.9792,0.9975,0.9782,0.0197
3,4,7,5,0.9857,0.9858,0.9969,0.9854,0.0287
3,4,7,6,0.9954,0.9946,1.0000,0.9952,0.0137
3,4,7,7,0.9993,0.9994,1.0000,0.9993,0.0041
3,4,7,8,0.9177,0.8762,0.9997,0.9075,0.0346
3,4,7,9,0.9873,0.9873,0.9977,0.9865,0.0219
3,4,7,10,0.9982,0.9986,0.9999,0.9981,0.0067
3,4,7,11,0.9988,0.9991,1.0000,0.9987,0.0054
3,4,8,0,0.9907,0.9879,0.9979,0.9900,0.0163
3,4,8,1,0.9984,0.9988,0.9999,0.9983,0.0056
3,4,8,2,0.9613,0.9594,0.9991,0.9590,0.0429
3,4,8,3,0.9775,0.9620,0.9976,0.9749,0.0163
3,4,8,4,0.9310,0.8984,0.9959,0.9240,0.0467
3,4,8,5,0.8726,0.8494,0.9748,0.8601,0.0713
3,4,8,6,0.9835,0.9890,1.0000,0.9815,0.0127
3,4,8,7,0.9636,0.9473,0.9970,0.9597,0.0287
3,4,8,8,0.7860,0.7948,0.9971,0.7551,0.0506
3,4,8,9,0.9899,0.9862,1.0000,0.9892,0.0190
3,4,8,10,0.9709,0.9692,0.9995,0.9703,0.0406
3,4,8,11,0.9864,0.9862,1.0000,0.9854,0.0224
3,4,9,0,0.9811,0.9746,0.9992,0.9792,0.0210
3,4,9,1,0.9990,0.9993,0.9999,0.9989,0.0046
3,4,9,2,0.9988,0.9990,0.9999,0.9987,0.0033
3,4,9,3,0.9128,0.8972,0.9973,0.9029,0.0475
3,4,9,4,0.9992,0.9994,1.0000,0.9992,0.0024
3,4,9,5,0.9936,0.9922,0.9999,0.9931,0.0140
3,4,9,6,0.9984,0.9989,0.9999,0.9983,0.0062
3,4,9,7,0.9822,0.9822,0.9993,0.9807,0.0230
3,4,9,8,0.9984,0.9989,0.9999,0.9982,0.0043
3,4,9,9,0.9985,0.9988,0.9999,0.9984,0.0065
3,4,9,10,0.8961,0.8535,0.9997,0.8835,0.0508
3,4,9,11,0.9986,0.9991,0.9999,0.9985,0.0056
3,4,10,0,0.9964,0.9956,1.0000,0.9960,0.0062
3,4,10,1,0.9988,0.9991,1.0000,0.9987,0.0052
3,4,10,2,0.9988,0.9996,1.0000,0.9987,0.0033
3,4,10,3,0.9965,0.9973,0.9998,0.9961,0.0052
3,4,10,4,0.9910,0.9919,0.9995,0.9904,0.0175
3,4,10,5,0.9236,0.9068,1.0000,0.9139,0.0344
3,4,10,6,0.9986,0.9989,1.0000,0.9985,0.0046
3,4,10,7,0.9971,0.9979,1.0000,0.9969,0.0081
3,4,10,8,0.9983,0.9992,1.0000,0.9982,0.0038
3,4,10,9,0.8919,0.8226,0.9885,0.8775,0.0229
3,4,10,10,0.9984,0.9988,1.0000,0.9982,0.0060
3,4,10,11,0.9657,0.9513,0.9969,0.9614,0.0138
3,4,11,0,0.6473,0.6405,0.9884,0.5889,0.0960
3,4,11,1,0.9955,0.9947,0.9998,0.9953,0.0133
3,4,11,2,0.9993,0.9992,0.9999,0.9992,0.0019
3,4,11,3,0.8927,0.8919,0.9980,0.8808,0.0578
3,4,11,4,0.9927,0.9920,0.9988,0.9929,0.0235
3,4,11,5,0.9992,0.9992,1.0000,0.9991,0.0030
3,4,11,6,0.9988,0.9991,1.0000,0.9987,0.0049
3,4,11,7,0.9944,0.9924,0.9986,0.9940,0.0125
3,4,11,8,0.1751,0.4707,0.9943,0.0215,0.0773
3,4,11,9,0.9991,0.9993,1.0000,0.9991,0.0041
3,4,11,10,0.9540,0.9459,0.9953,0.9516,0.0475
3,4,11,11,0.9442,0.9273,0.9982,0.9393,0.0452
3,5,0,0,0.9142,0.9039,0.9842,0.8986,0.0465
3,5,0,1,0.1860,0.2329,0.8648,0.0620,0.0487
3,5,0,2,0.8450,0.8586,1.0000,0.8095,0.0397
3,5,0,3,0.3051,0.3032,0.8509,0.1822,0.0252
3,5,0,4,0.5583,0.5212,0.9652,0.4552,0.0262
3,5,0,5,0.3330,0.3143,0.8135,0.2113,0.0187
3,5,0,6,0.8716,0.8609,0.9932,0.8440,0.0478
3,5,0,7,0.7051,0.7035,0.9979,0.6312,0.0481
3,5,0,8,0.6983,0.7493,0.9992,0.6249,0.0365
3,5,0,9,0.8946,0.8903,0.9883,0.8747,0.0511
3,5,0,10,0.8518,0.8177,0.9977,0.8204,0.0530
3,5,0,11,0.8990,0.8950,0.9868,0.8809,0.0495
3,5,1,0,0.7599,0.7396,0.9970,0.7029,0.0376
3,5,1,1,0.8848,0.8893,1.0000,0.8596,0.0386
3,5,1,2,0.8642,0.8669,0.9965,0.8336,0.0398
3,5,1,3,0.9283,0.8908,0.9942,0.9152,0.0352
3,5,1,4,0.9782,0.9750,0.9995,0.9743,0.0205
3,5,1,5,0.8881,0.8585,0.9969,0.8634,0.0287
3,5,1,6,0.9562,0.9289,0.9708,0.9473,0.0084
3,5,1,7,0.9784,0.9820,0.9999,0.9740,0.0156
3,5,1,8,0.9709,0.9675,0.9993,0.9651,0.0163
3,5,1,9,0.9811,0.9750,0.9933,0.9775,0.0108
3,5,1,10,0.3217,0.5408,0.9961,0.1423,0.0538
3,5,1,11,0.4475,0.3729,0.8464,0.3392,0.0203
3,5,2,0,0.8496,0.8251,0.9998,0.8154,0.0351
3,5,2,1,0.9753,0.9724,0.9962,0.9725,0.0262
3,5,2,2,0.5197,0.5486,0.9642,0.4176,0.0210
3,5,2,3,0.7806,0.7623,0.9988,0.7280,0.0432
3,5,2,4,0.8049,0.8319,0.9971,0.7618,0.0271
3,5,2,5,0.6992,0.7151,0.9974,0.6301,0.0314
3,5,2,6,0.9632,0.9711,0.9941,0.9560,0.0098
3,5,2,7,0.7351,0.6898,0.9979,0.6680,0.0571
3,5,2,8,0.6181,0.7509,0.9903,0.5320,0.0230
3,5,2,9,0.6826,0.6548,0.9850,0.6095,0.0271
3,5,2,10,0.9030,0.8773,0.9978,0.8840,0.0460
3,5,2,11,0.9795,0.9737,0.9974,0.9755,0.0106
3,5,3,0,0.9533,0.9541,0.9903,0.9507,0.0454
3,5,3,1,0.9674,0.9635,0.9922,0.9608,0.0130
3,5,3,2,0.6483,0.6406,0.9947,0.5635,0.0359
3,5,3,3,0.8015,0.8536,0.9880,0.7604,0.0224
3,5,3,4,0.9586,0.9557,0.9935,0.9561,0.0438
3,5,3,5,1.0000,1.0000,1.0000,1.0000,0.0000
3,5,3,6,0.8177,0.7922,0.9885,0.7753,0.0368
3,5,3,7,0.7243,0.7000,0.9433,0.6638,0.0278
3,5,3,8,0.8262,0.8255,0.9997,0.7874,0.0360
3,5,3,9,0.7700,0.7837,0.9928,0.7197,0.0267
3,5,3,10,0.9616,0.9608,0.9880,0.9541,0.0143
3,5,3,11,0.7276,0.8011,0.9929,0.6660,0.0256
3,5,4,0,0.6055,0.8389,0.9138,0.5341,0.0257
3,5,4,1,0.8871,0.9026,0.9975,0.8639,0.0162
3,5,4,2,0.9654,0.9623,0.9973,0.9619,0.0333
3,5,4,3,0.9124,0.9240,0.9936,0.8939,0.0113
3,5,4,4,0.9762,0.9740,0.9980,0.9734,0.0259
3,5,4,5,0.9309,0.9237,0.9974,0.9164,0.0229
3,5,4,6,0.9684,0.9724,0.9994,0.9619,0.0135
3,5,4,7,0.6490,0.6182,0.9482,0.5720,0.0217
3,5,4,8,0.9791,0.9747,0.9969,0.9760,0.0186
3,5,4,9,0.8659,0.8808,0.9957,0.8357,0.0337
3,5,4,10,0.9673,0.9659,0.9922,0.9651,0.0376
3,5,4,11,0.3091,0.4606,0.7725,0.2066,0.0505
3,5,5,0,0.9525,0.9511,0.9903,0.9480,0.0373
3,5,5,1,0.9465,0.9445,0.9918,0.9442,0.0505
3,5,5,2,0.9087,0.9275,0.9891,0.8889,0.0246
3,5,5,3,0.9698,0.9667,0.9892,0.9635,0.0190
3,5,5,4,0.9228,0.9096,1.0000,0.9062,0.0259
3,5,5,5,0.9553,0.9555,0.9949,0.9521,0.0411
3,5,5,6,0.9419,0.9398,0.9995,0.9313,0.0217
3,5,5,7,0.9510,0.9364,0.9998,0.9418,0.0173
3,5,5,8,0.9470,0.9415,0.9982,0.9381,0.0237
3,5,5,9,0.9602,0.9569,0.9929,0.9573,0.0410
3,5,5,10,0.9356,0.9263,0.9807,0.9220,0.0159
3,5,5,11,0.9746,0.9753,0.9994,0.9701,0.0144
3,5,6,0,0.8620,0.9000,0.9947,0.8309,0.0413
3,5,6,1,0.9445,0.9573,1.0000,0.9356,0.0211
3,5,6,2,0.9769,0.9746,0.9950,0.9741,0.0252
3,5,6,3,0.9090,0.9305,0.9944,0.8894,0.0254
3,5,6,4,0.9764,0.9773,0.9997,0.9716,0.0083
3,5,6,5,0.9813,0.9801,0.9983,0.9778,0.0114
3,5,6,6,0.9554,0.9642,0.9972,0.9476,0.0187
3,5,6,7,0.9250,0.9398,0.9795,0.9095,0.0175
3,5,6,8,0.9337,0.9403,0.9953,0.9199,0.0154
3,5,6,9,0.9472,0.9459,0.9918,0.9448,0.0502
3,5,6,10,0.9558,0.9566,0.9935,0.9522,0.0411
3,5,6,11,0.9614,0.9641,1.0000,0.9537,0.0133
3,5,7,0,0.9250,0.9262,0.9972,0.9118,0.0208
3,5,7,1,0.9543,0.9561,0.9912,0.9508,0.0416
3,5,7,2,0.9472,0.9452,0.9918,0.9448,0.0505
3,5,7,3,0.9748,0.9787,0.9978,0.9697,0.0087
3,5,7,4,0.9630,0.9682,0.9990,0.9581,0.0251
3,5,7,5,0.9712,0.9718,0.9994,0.9661,0.0160
3,5,7,6,0.9665,0.9721,0.9941,0.9627,0.0302
3,5,7,7,0.9528,0.9509,0.9929,0.9502,0.0479
3,5,7,8,0.9188,0.9134,0.9904,0.9033,0.0127
3,5,7,9,0.9673,0.9794,0.9989,0.9624,0.0219
3,5,7,10,0.9470,0.9457,0.9919,0.9445,0.0505
3,5,7,11,0.9499,0.9483,0.9925,0.9474,0.0492
3,5,8,0,0.9491,0.9571,0.9987,0.9418,0.0284
3,5,8,1,0.9489,0.9464,0.9921,0.9464,0.0494
3,5,8,2,0.9758,0.9778,0.9975,0.9709,0.0095
3,5,8,3,0.9740,0.9673,0.9833,0.9715,0.0319
3,5,8,4,0.9097,0.9219,0.9997,0.8912,0.0175
3,5,8,5,0.9236,0.9262,0.9939,0.9074,0.0275
3,5,8,6,0.9519,0.9536,0.9939,0.9463,0.0317
3,5,8,7,0.9351,0.9374,0.9993,0.9237,0.0217
3,5,8,8,0.8244,0.8457,0.9819,0.7877,0.0173
3,5,8,9,0.9676,0.9699,0.9926,0.9632,0.0248
3,5,8,10,0.9756,0.9781,0.9965,0.9706,0.0098
3,5,8,11,0.9747,0.9726,0.9923,0.9712,0.0214
3,5,9,0,0.9574,0.9595,0.9880,0.9512,0.0238
3,5,9,1,0.9513,0.9490,0.9920,0.9489,0.0484
3,5,9,2,0.9518,0.9516,0.9922,0.9490,0.0471
3,5,9,3,0.9103,0.9146,0.9992,0.8918,0.0170
3,5,9,4,0.9579,0.9529,0.9926,0.9559,0.0459
3,5,9,5,0.9712,0.9691,0.9921,0.9682,0.0298
3,5,9,6,0.9477,0.9466,0.9920,0.9454,0.0500
3,5,9,7,0.9827,0.9790,0.9886,0.9807,0.0211
3,5,9,8,0.9601,0.9569,0.9921,0.9572,0.0398
3,5,9,9,0.9479,0.9457,0.9919,0.9456,0.0503
3,5,9,10,0.9310,0.9238,0.9958,0.9167,0.0184
3,5,9,11,0.9498,0.9479,0.9920,0.9474,0.0494
3,5,10,0,0.9541,0.9579,0.9927,0.9497,0.0379
3,5,10,1,0.9497,0.9489,0.9930,0.9471,0.0490
3,5,10,2,0.9523,0.9534,0.9927,0.9495,0.0471
3,5,10,3,0.9595,0.9624,0.9913,0.9560,0.0386
3,5,10,4,0.9637,0.9689,0.9965,0.9588,0.0263
3,5,10,5,0.9463,0.9539,0.9937,0.9372,0.0205
3,5,10,6,0.9497,0.9482,0.9930,0.9469,0.0484
3,5,10,7,0.9616,0.9617,0.9937,0.9579,0.0360
3,5,10,8,0.9499,0.9495,0.9932,0.9470,0.0476
3,5,10,9,0.8959,0.8605,0.9647,0.8777,0.0216
3,5,10,10,0.9481,0.9463,0.9923,0.9455,0.0498
3,5,10,11,0.9119,0.9049,0.9994,0.8996,0.0354
3,5,11,0,0.7682,0.7480,0.9993,0.7114,0.0525
3,5,11,1,0.9726,0.9682,0.9955,0.9700,0.0305
3,5,11,2,0.9546,0.9516,0.9950,0.9515,0.0444
3,5,11,3,0.8964,0.9247,0.9987,0.8741,0.0190
3,5,11,4,0.9718,0.9694,0.9978,0.9675,0.0213
3,5,11,5,0.9593,0.9571,0.9929,0.9563,0.0408
3,5,11,6,0.9513,0.9488,0.9936,0.9488,0.0487
3,5,11,7,0.9675,0.9635,0.9981,0.9641,0.0313
3,5,11,8,0.2911,0.5621,0.9757,0.1197,0.0389
3,5,11,9,0.9516,0.9500,0.9933,0.9490,0.0479
3,5,11,10,0.9558,0.9703,0.9998,0.9466,0.0141
3,5,11,11,0.9328,0.9579,0.9986,0.9191,0.0135
3,6,0,0,0.9022,0.8763,0.9461,0.8706,0.0125
3,6,0,1,0.2931,0.4662,0.9308,0.1662,0.0856
3,6,0,2,0.8656,0.8925,0.9892,0.8242,0.0108
3,6,0,3,0.4159,0.5408,0.9205,0.2939,0.0602
3,6,0,4,0.7038,0.7457,0.9937,0.6189,0.0183
3,6,0,5,0.4252,0.5460,0.8921,0.3008,0.0524
3,6,0,6,0.8558,0.8532,0.9642,0.8088,0.0122
3,6,0,7,0.9004,0.9100,0.9765,0.8683,0.0119
3,6,0,8,0.8013,0.8915,0.9938,0.7398,0.0102
3,6,0,9,0.9125,0.8979,0.9540,0.8841,0.0206
3,6,0,10,0.8629,0.8749,0.9760,0.8168,0.0190
3,6,0,11,0.8980,0.8886,0.9510,0.8645,0.0203
3,6,1,0,0.9471,0.9405,0.9973,0.9310,0.0075
3,6,1,1,0.9201,0.9264,0.9874,0.8955,0.0084
3,6,1,2,0.9038,0.9127,0.9977,0.8746,0.0094
3,6,1,3,0.8352,0.8050,0.9664,0.7830,0.0257
3,6,1,4,0.8667,0.8455,0.9835,0.8302,0.0297
3,6,1,5,0.8315,0.8611,0.9973,0.7833,0.0148
3,6,1,6,0.7957,0.7830,0.9959,0.7484,0.0402
3,6,1,7,0.8570,0.8372,0.9902,0.8201,0.0298
3,6,1,8,0.8721,0.8549,0.9935,0.8380,0.0249
3,6,1,9,0.8177,0.7894,0.9994,0.7780,0.0432
3,6,1,10,0.5298,0.7487,0.9980,0.3764,0.0202
3,6,1,11,0.5018,0.5832,0.9172,0.3855,0.0444
3,6,2,0,0.8896,0.9002,0.9849,0.8562,0.0075
3,6,2,1,0.7651,0.7455,0.9979,0.7224,0.0630
3,6,2,2,0.8157,0.8484,0.9932,0.7701,0.0292
3,6,2,3,0.9664,0.9662,0.9948,0.9559,0.0114
3,6,2,4,0.8683,0.8932,0.9971,0.8335,0.0205
3,6,2,5,0.8483,0.9178,0.9968,0.8056,0.0149
3,6,2,6,0.8147,0.8056,0.9991,0.7744,0.0425
3,6,2,7,0.9034,0.8963,0.9767,0.8718,0.0216
3,6,2,8,0.7990,0.9172,0.9999,0.7442,0.0202
3,6,2,9,0.8666,0.8760,0.9998,0.8290,0.0148
3,6,2,10,0.9304,0.9343,0.9764,0.9081,0.0143
3,6,2,11,0.8138,0.7864,0.9968,0.7721,0.0440
3,6,3,0,0.7051,0.6899,0.9999,0.6613,0.0822
3,6,3,1,0.8505,0.8308,0.9996,0.8171,0.0371
3,6,3,2,0.9003,0.9173,0.9988,0.8702,0.0130
3,6,3,3,0.7901,0.8441,1.0000,0.7399,0.0360
3,6,3,4,0.7172,0.6904,0.9993,0.6740,0.0806
3,6,3,5,0.8177,0.7922,0.9885,0.7753,0.0368
3,6,3,6,1.0000,1.0000,1.0000,1.0000,0.0000
3,6,3,7,0.8664,0.8722,0.9827,0.8318,0.0214
3,6,3,8,0.8428,0.8684,0.9919,0.7998,0.0271
3,6,3,9,0.8511,0.8788,0.9995,0.8127,0.0289
3,6,3,10,0.8130,0.8101,1.0000,0.7723,0.0435
3,6,3,11,0.8156,0.8881,0.9995,0.7648,0.0195
3,6,4,0,0.6310,0.8463,0.9647,0.5545,0.0546
3,6,4,1,0.8521,0.8464,0.9967,0.8183,0.0324
3,6,4,2,0.7434,0.7059,0.9969,0.6994,0.0702
3,6,4,3,0.8839,0.8750,0.9993,0.8563,0.0300
3,6,4,4,0.7614,0.7325,0.9961,0.7174,0.0624
3,6,4,5,0.8868,0.8903,0.9969,0.8604,0.0314
3,6,4,6,0.8667,0.8494,0.9827,0.8323,0.0243
3,6,4,7,0.7809,0.8317,0.9853,0.7235,0.0262
3,6,4,8,0.7812,0.7705,0.9973,0.7386,0.0551
3,6,4,9,0.8611,0.8854,0.9703,0.8199,0.0086
3,6,4,10,0.7283,0.7101,0.9996,0.6840,0.0744
3,6,4,11,0.6341,0.7840,0.8596,0.5794,0.0873
3,6,5,0,0.7141,0.7006,0.9999,0.6673,0.0741
3,6,5,1,0.6938,0.6705,0.9997,0.6511,0.0873
3,6,5,2,0.8040,0.8035,0.9555,0.7516,0.0256
3,6,5,3,0.8408,0.8127,0.9556,0.7996,0.0273
3,6,5,4,0.8878,0.8728,0.9878,0.8568,0.0173
3,6,5,5,0.7151,0.6898,0.9987,0.6707,0.0779
3,6,5,6,0.8060,0.7937,0.9927,0.7668,0.0481
3,6,5,7,0.7666,0.7383,0.9850,0.7167,0.0497
3,6,5,8,0.7388,0.7249,0.9958,0.6867,0.0563
3,6,5,9,0.7237,0.6968,0.9995,0.6799,0.0778
3,6,5,10,0.8255,0.8129,0.9990,0.7823,0.0298
3,6,5,11,0.7842,0.7628,0.9932,0.7388,0.0497
3,6,6,0,0.8640,0.8626,0.9678,0.8239,0.0216
3,6,6,1,0.7444,0.7200,0.9895,0.6949,0.0551
3,6,6,2,0.7699,0.7357,0.9987,0.7275,0.0621
3,6,6,3,0.8274,0.8429,0.9990,0.7820,0.0216
3,6,6,4,0.7995,0.7927,0.9918,0.7527,0.0381
3,6,6,5,0.8117,0.7794,0.9956,0.7713,0.0473
3,6,6,6,0.7618,0.7533,0.9971,0.7128,0.0533
3,6,6,7,0.8237,0.8279,0.9987,0.7819,0.0337
3,6,6,8,0.8720,0.8607,0.9985,0.8426,0.0335
3,6,6,9,0.6957,0.6733,0.9997,0.6529,0.0870
3,6,6,10,0.7210,0.6951,0.9993,0.6766,0.0779
3,6,6,11,0.8164,0.8178,0.9892,0.7760,0.0425
3,6,7,0,0.7796,0.7775,0.9971,0.7359,0.0522
3,6,7,1,0.7187,0.7010,0.9998,0.6749,0.0784
3,6,7,2,0.6951,0.6716,0.9997,0.6524,0.0873
3,6,7,3,0.8261,0.8079,0.9964,0.7867,0.0376
3,6,7,4,0.7727,0.7485,0.9942,0.7321,0.0613
3,6,7,5,0.7877,0.7634,0.9933,0.7442,0.0522
3,6,7,6,0.7551,0.7325,0.9991,0.7123,0.0670
3,6,7,7,0.7063,0.6833,0.9995,0.6631,0.0848
3,6,7,8,0.8253,0.8243,0.9999,0.7890,0.0460
3,6,7,9,0.7681,0.7522,0.9945,0.7239,0.0587
3,6,7,10,0.6957,0.6719,0.9997,0.6527,0.0873
3,6,7,11,0.7013,0.6765,0.9996,0.6584,0.0860
3,6,8,0,0.7302,0.7105,0.9948,0.6802,0.0652
3,6,8,1,0.7001,0.6734,0.9997,0.6571,0.0862
3,6,8,2,0.8289,0.8125,0.9967,0.7902,0.0378
3,6,8,3,0.7330,0.7210,0.9995,0.6852,0.0671
3,6,8,4,0.8103,0.8045,0.9917,0.7662,0.0384
3,6,8,5,0.8907,0.8753,0.9658,0.8591,0.0154
3,6,8,6,0.7332,0.7029,0.9991,0.6874,0.0679
3,6,8,7,0.7730,0.7733,0.9934,0.7280,0.0535
3,6,8,8,0.7527,0.8040,0.9993,0.6923,0.0319
3,6,8,9,0.7708,0.7464,0.9995,0.7289,0.0616
3,6,8,10,0.8025,0.7895,0.9977,0.7566,0.0406
3,6,8,11,0.7630,0.7444,0.9996,0.7177,0.0583
3,6,9,0,0.7402,0.7363,1.0000,0.6911,0.0597
3,6,9,1,0.7031,0.6798,0.9997,0.6603,0.0852
3,6,9,2,0.7062,0.6835,0.9996,0.6627,0.0840
3,6,9,3,0.8198,0.8063,0.9938,0.7778,0.0354
3,6,9,4,0.7088,0.6853,0.9995,0.6657,0.0827
3,6,9,5,0.7462,0.7257,0.9997,0.7013,0.0667
3,6,9,6,0.6970,0.6747,0.9997,0.6543,0.0868
3,6,9,7,0.7688,0.7450,1.0000,0.7250,0.0576
3,6,9,8,0.7270,0.7014,0.9997,0.6838,0.0767
3,6,9,9,0.6960,0.6725,0.9997,0.6532,0.0871
3,6,9,10,0.8622,0.8574,0.9982,0.8304,0.0321
3,6,9,11,0.7010,0.6773,0.9997,0.6583,0.0862
3,6,10,0,0.7210,0.6936,0.9995,0.6753,0.0748
3,6,10,1,0.7010,0.6773,0.9994,0.6579,0.0859
3,6,10,2,0.7089,0.6870,0.9995,0.6659,0.0840
3,6,10,3,0.7317,0.7131,0.9998,0.6884,0.0754
3,6,10,4,0.7562,0.7326,0.9976,0.7115,0.0632
3,6,10,5,0.8087,0.8100,0.9992,0.7722,0.0471
3,6,10,6,0.7003,0.6753,0.9994,0.6565,0.0852
3,6,10,7,0.7334,0.7076,0.9992,0.6887,0.0729
3,6,10,8,0.7039,0.6801,0.9994,0.6604,0.0844
3,6,10,9,0.8032,0.8126,0.9934,0.7664,0.0578
3,6,10,10,0.6978,0.6730,0.9996,0.6547,0.0867
3,6,10,11,0.6803,0.6602,0.9933,0.6239,0.0706
3,6,11,0,0.8472,0.8801,0.9820,0.7963,0.0167
3,6,11,1,0.7534,0.7246,0.9984,0.7106,0.0673
3,6,11,2,0.7098,0.6781,0.9986,0.6652,0.0813
3,6,11,3,0.8081,0.8160,0.9949,0.7587,0.0263
3,6,11,4,0.7663,0.7260,0.9964,0.7206,0.0575
3,6,11,5,0.7210,0.6938,0.9995,0.6768,0.0776
3,6,11,6,0.7027,0.6763,0.9993,0.6594,0.0856
3,6,11,7,0.7346,0.7070,0.9959,0.6881,0.0681
3,6,11,8,0.4877,0.7659,0.9976,0.3360,0.0122
3,6,11,9,0.7045,0.6803,0.9994,0.6613,0.0848
3,6,11,10,0.8424,0.8320,0.9910,0.8046,0.0332
3,6,11,11,0.8142,0.8171,0.9952,0.7713,0.0373
3,7,0,0,0.8149,0.7814,0.8697,0.7647,0.0286
3,7,0,1,0.2969,0.4801,0.9824,0.1835,0.0686
3,7,0,2,0.7800,0.7942,0.9448,0.7216,0.0221
3,7,0,3,0.3858,0.5489,0.9770,0.2700,0.0438
3,7,0,4,0.6430,0.7294,0.9973,0.5528,0.0156
3,7,0,5,0.3775,0.5501,0.9604,0.2561,0.0360
3,7,0,6,0.7968,0.7843,0.8984,0.7414,0.0273
3,7,0,7,0.8157,0.8167,0.9196,0.7659,0.0286
3,7,0,8,0.7111,0.7803,0.9560,0.6336,0.0179
3,7,0,9,0.8032,0.7749,0.8818,0.7491,0.0376
3,7,0,10,0.7521,0.7770,0.9188,0.6813,0.0357
3,7,0,11,0.8266,0.7937,0.8772,0.7797,0.0363
3,7,1,0,0.7985,0.7968,0.9664,0.7456,0.0206
3,7,1,1,0.8093,0.7981,0.9409,0.7591,0.0213
3,7,1,2,0.7883,0.7807,0.9679,0.7329,0.0213
3,7,1,3,0.7702,0.7443,0.9020,0.7080,0.0335
3,7,1,4,0.7953,0.7583,0.9328,0.7449,0.0311
3,7,1,5,0.7480,0.7544,0.9664,0.6843,0.0124
3,7,1,6,0.7019,0.6841,0.9954,0.6372,0.0270
3,7,1,7,0.7902,0.7487,0.9471,0.7404,0.0271
3,7,1,8,0.7696,0.7417,0.9552,0.7137,0.0229
3,7,1,9,0.7312,0.6905,0.9755,0.6746,0.0310
3,7,1,10,0.5089,0.6678,0.9691,0.3694,0.0330
3,7,1,11,0.4405,0.5782,0.9751,0.3231,0.0290
3,7,2,0,0.7798,0.8115,0.9358,0.7222,0.0168
3,7,2,1,0.6984,0.6640,0.9687,0.6435,0.0460
3,7,2,2,0.7556,0.7847,0.9976,0.6997,0.0176
3,7,2,3,0.8219,0.8646,0.9587,0.7743,0.0268
3,7,2,4,0.7062,0.7600,0.9658,0.6354,0.0137
3,7,2,5,0.7399,0.8015,0.9648,0.6748,0.0170
3,7,2,6,0.7465,0.7133,0.9739,0.6933,0.0284
3,7,2,7,0.8222,0.8184,0.9200,0.7742,0.0373
3,7,2,8,0.7280,0.8174,0.9802,0.6616,0.0168
3,7,2,9,0.9225,0.9268,0.9864,0.9033,0.0152
3,7,2,10,0.8590,0.8725,0.9195,0.8219,0.0306
3,7,2,11,0.7542,0.7118,0.9647,0.7017,0.0359
3,7,3,0,0.6512,0.6162,0.9802,0.5980,0.0652
3,7,3,1,0.7491,0.7122,0.9774,0.6947,0.0208
3,7,3,2,0.8251,0.8831,0.9724,0.7797,0.0160
3,7,3,3,0.8092,0.8071,0.9833,0.7670,0.0241
3,7,3,4,0.6642,0.6129,0.9750,0.6116,0.0637
3,7,3,5,0.7243,0.7000,0.9433,0.6638,0.0278
3,7,3,6,0.8664,0.8722,0.9827,0.8318,0.0214
3,7,3,7,1.0000,1.0000,1.0000,1.0000,0.0000
3,7,3,8,0.7669,0.8019,0.9512,0.7097,0.0197
3,7,3,9,0.8021,0.8393,0.9763,0.7552,0.0195
3,7,3,10,0.7653,0.7431,0.9832,0.7162,0.0290
3,7,3,11,0.7441,0.8032,0.9761,0.6811,0.0121
3,7,4,0,0.6865,0.7965,0.9968,0.6269,0.0392
3,7,4,1,0.7308,0.7071,0.9645,0.6715,0.0183
3,7,4,2,0.6837,0.6257,0.9652,0.6292,0.0532
3,7,4,3,0.8918,0.8691,0.9749,0.8672,0.0200
3,7,4,4,0.6982,0.6580,0.9623,0.6429,0.0454
3,7,4,5,0.8047,0.7950,0.9650,0.7606,0.0167
3,7,4,6,0.8244,0.7937,0.9313,0.7827,0.0203
3,7,4,7,0.7198,0.7952,0.9999,0.6534,0.0159
3,7,4,8,0.7138,0.6950,0.9664,0.6587,0.0384
3,7,4,9,0.7690,0.8093,0.9087,0.7091,0.0157
3,7,4,10,0.6720,0.6328,0.9774,0.6177,0.0575
3,7,4,11,0.6590,0.7736,0.9394,0.6103,0.0703
3,7,5,0,0.6613,0.6248,0.9802,0.6057,0.0571
3,7,5,1,0.6454,0.5957,0.9780,0.5942,0.0703
3,7,5,2,0.7212,0.7352,0.8843,0.6541,0.0156
3,7,5,3,0.7306,0.7281,0.8845,0.6668,0.0163
3,7,5,4,0.8727,0.8652,0.9419,0.8411,0.0146
3,7,5,5,0.6642,0.6227,0.9720,0.6110,0.0610
3,7,5,6,0.7415,0.7311,0.9531,0.6900,0.0317
3,7,5,7,0.7338,0.7028,0.9360,0.6797,0.0337
3,7,5,8,0.7022,0.6818,0.9615,0.6453,0.0400
3,7,5,9,0.6746,0.6223,0.9760,0.6222,0.0608
3,7,5,10,0.8333,0.7972,0.9900,0.7952,0.0176
3,7,5,11,0.7337,0.6880,0.9543,0.6798,0.0330
3,7,6,0,0.7137,0.7425,0.9043,0.6398,0.0183
3,7,6,1,0.7231,0.6545,0.9456,0.6714,0.0387
3,7,6,2,0.6987,0.6509,0.9718,0.6431,0.0457
3,7,6,3,0.7930,0.7574,0.9732,0.7437,0.0154
3,7,6,4,0.7118,0.7212,0.9509,0.6487,0.0271
3,7,6,5,0.7457,0.7003,0.9611,0.6930,0.0354
3,7,6,6,0.7145,0.6760,0.9656,0.6581,0.0373
3,7,6,7,0.8301,0.8190,0.9908,0.7924,0.0202
3,7,6,8,0.8304,0.8098,0.9710,0.7927,0.0216
3,7,6,9,0.6478,0.5989,0.9779,0.5965,0.0700
3,7,6,10,0.6722,0.6230,0.9750,0.6193,0.0610
3,7,6,11,0.7260,0.7488,0.9448,0.6679,0.0281
3,7,7,0,0.7451,0.7463,0.9656,0.6959,0.0362
3,7,7,1,0.6727,0.6366,0.9790,0.6209,0.0614
3,7,7,2,0.6470,0.5973,0.9780,0.5958,0.0703
3,7,7,3,0.7614,0.7208,0.9633,0.7098,0.0254
3,7,7,4,0.7018,0.6647,0.9570,0.6479,0.0443
3,7,7,5,0.7207,0.6850,0.9546,0.6650,0.0371
3,7,7,6,0.7070,0.6631,0.9739,0.6557,0.0500
3,7,7,7,0.6587,0.6115,0.9760,0.6071,0.0678
3,7,7,8,0.8445,0.8537,0.9802,0.8132,0.0294
3,7,7,9,0.7158,0.6706,0.9578,0.6625,0.0417
3,7,7,10,0.6482,0.5980,0.9778,0.5969,0.0703
3,7,7,11,0.6529,0.6019,0.9769,0.6014,0.0690
3,7,8,0,0.6882,0.6387,0.9588,0.6318,0.0483
3,7,8,1,0.6526,0.6002,0.9776,0.6013,0.0692
3,7,8,2,0.7513,0.7181,0.9645,0.6975,0.0256
3,7,8,3,0.6695,0.6518,0.9880,0.6110,0.0508
3,7,8,4,0.7928,0.7934,0.9508,0.7475,0.0233
3,7,8,5,0.7794,0.7734,0.9010,0.7231,0.0137
3,7,8,6,0.6983,0.6340,0.9741,0.6469,0.0510
3,7,8,7,0.7337,0.7371,0.9549,0.6824,0.0375
3,7,8,8,0.7754,0.7500,0.9891,0.7252,0.0178
3,7,8,9,0.7318,0.6877,0.9766,0.6830,0.0446
3,7,8,10,0.7548,0.7156,0.9678,0.7013,0.0271
3,7,8,11,0.7120,0.6584,0.9771,0.6580,0.0413
3,7,9,0,0.7107,0.6753,0.9833,0.6576,0.0427
3,7,9,1,0.6534,0.6050,0.9777,0.6017,0.0683
3,7,9,2,0.6598,0.6089,0.9773,0.6081,0.0670
3,7,9,3,0.7502,0.7219,0.9561,0.6954,0.0232
3,7,9,4,0.6572,0.6116,0.9766,0.6049,0.0657
3,7,9,5,0.6862,0.6552,0.9775,0.6308,0.0497
3,7,9,6,0.6489,0.6012,0.9777,0.5977,0.0698
3,7,9,7,0.7132,0.6748,0.9825,0.6595,0.0406
3,7,9,8,0.6792,0.6277,0.9775,0.6276,0.0597
3,7,9,9,0.6475,0.5980,0.9779,0.5962,0.0702
3,7,9,10,0.7583,0.7701,0.9698,0.7047,0.0183
3,7,9,11,0.6521,0.6019,0.9778,0.6007,0.0692
3,7,10,0,0.6881,0.6309,0.9765,0.6370,0.0578
3,7,10,1,0.6533,0.6044,0.9759,0.6017,0.0689
3,7,10,2,0.6617,0.6128,0.9766,0.6103,0.0670
3,7,10,3,0.6865,0.6420,0.9788,0.6353,0.0584
3,7,10,4,0.7114,0.6568,0.9676,0.6591,0.0462
3,7,10,5,0.6946,0.7258,0.9746,0.6354,0.0302
3,7,10,6,0.6545,0.6029,0.9759,0.6027,0.0683
3,7,10,7,0.6887,0.6379,0.9747,0.6362,0.0559
3,7,10,8,0.6535,0.6052,0.9756,0.6011,0.0675
3,7,10,9,0.7997,0.8386,0.9974,0.7624,0.0408
3,7,10,10,0.6498,0.5986,0.9772,0.5983,0.0697
3,7,10,11,0.6614,0.6288,0.9545,0.6038,0.0543
3,7,11,0,0.7753,0.7897,0.9300,0.7126,0.0324
3,7,11,1,0.6905,0.6472,0.9705,0.6364,0.0503
3,7,11,2,0.6623,0.6063,0.9717,0.6095,0.0643
3,7,11,3,0.7938,0.7600,0.9589,0.7455,0.0141
3,7,11,4,0.7004,0.6435,0.9633,0.6432,0.0430
3,7,11,5,0.6757,0.6223,0.9761,0.6237,0.0606
3,7,11,6,0.6532,0.6024,0.9748,0.6012,0.0686
3,7,11,7,0.6701,0.6391,0.9619,0.6124,0.0511
3,7,11,8,0.4765,0.6795,0.9931,0.3401,0.0165
3,7,11,9,0.6562,0.6075,0.9754,0.6044,0.0678
3,7,11,10,0.7995,0.7760,0.9491,0.7542,0.0203
3,7,11,11,0.7963,0.7927,0.9598,0.7520,0.0219
3,8,0,0,0.8359,0.8632,0.9796,0.7891,0.0356
3,8,0,1,0.3024,0.4484,0.8769,0.1866,0.0752
3,8,0,2,0.8562,0.9038,0.9998,0.8167,0.0303
3,8,0,3,0.3783,0.5266,0.8635,0.2575,0.0486
3,8,0,4,0.6000,0.7340,0.9714,0.4952,0.0190
3,8,0,5,0.3683,0.5315,0.8275,0.2412,0.0411
3,8,0,6,0.8097,0.8785,0.9901,0.7551,0.0321
3,8,0,7,0.8970,0.8881,0.9959,0.8689,0.0333
3,8,0,8,0.8620,0.8973,0.9999,0.8240,0.0246
3,8,0,9,0.8981,0.8891,0.9843,0.8708,0.0446
3,8,0,10,0.8296,0.8583,0.9958,0.7803,0.0427
3,8,0,11,0.8980,0.8994,0.9825,0.8709,0.0437
3,8,1,0,0.8696,0.9120,0.9986,0.8341,0.0270
3,8,1,1,0.9470,0.9329,0.9995,0.9332,0.0283
3,8,1,2,0.9211,0.9057,0.9982,0.9000,0.0311
3,8,1,3,0.8349,0.8342,0.9912,0.7886,0.0367
3,8,1,4,0.8703,0.8669,0.9985,0.8373,0.0390
3,8,1,5,0.8633,0.8798,0.9986,0.8275,0.0206
3,8,1,6,0.8097,0.8270,0.9764,0.7676,0.0365
3,8,1,7,0.8617,0.8615,0.9999,0.8279,0.0379
3,8,1,8,0.8909,0.8747,0.9999,0.8636,0.0317
3,8,1,9,0.8420,0.8103,0.9958,0.8086,0.0411
3,8,1,10,0.4658,0.6442,0.9979,0.3077,0.0394
3,8,1,11,0.4565,0.5697,0.8592,0.3389,0.0325
3,8,2,0,0.9495,0.9590,0.9989,0.9363,0.0219
3,8,2,1,0.8034,0.7723,0.9980,0.7688,0.0537
3,8,2,2,0.8076,0.8387,0.9704,0.7624,0.0186
3,8,2,3,0.8334,0.8400,0.9997,0.7866,0.0332
3,8,2,4,0.8783,0.9191,0.9987,0.8480,0.0127
3,8,2,5,0.9210,0.9130,0.9989,0.9005,0.0179
3,8,2,6,0.8658,0.8371,0.9964,0.8379,0.0354
3,8,2,7,0.7893,0.8115,0.9960,0.7264,0.0433
3,8,2,8,0.7815,0.9007,0.9935,0.7263,0.0197
3,8,2,9,0.7415,0.8295,0.9890,0.6743,0.0175
3,8,2,10,0.8655,0.9115,0.9959,0.8279,0.0383
3,8,2,11,0.8230,0.8116,0.9989,0.7847,0.0435
3,8,3,0,0.7433,0.7189,0.9935,0.7064,0.0719
3,8,3,1,0.8626,0.8527,0.9949,0.8326,0.0290
3,8,3,2,0.8089,0.8400,0.9969,0.7568,0.0195
3,8,3,3,0.8375,0.8943,0.9915,0.8008,0.0213
3,8,3,4,0.7579,0.7197,0.9960,0.7222,0.0703
3,8,3,5,0.8262,0.8255,0.9997,0.7874,0.0360
3,8,3,6,0.8428,0.8684,0.9919,0.7998,0.0271
3,8,3,7,0.7669,0.8019,0.9512,0.7097,0.0197
3,8,3,8,1.0000,1.0000,1.0000,1.0000,0.0000
3,8,3,9,0.7902,0.8768,0.9954,0.7389,0.0138
3,8,3,10,0.8262,0.8248,0.9915,0.7896,0.0338
3,8,3,11,0.7647,0.8777,0.9956,0.7046,0.0156
3,8,4,0,0.6459,0.7945,0.9235,0.5766,0.0414
3,8,4,1,0.8662,0.8705,0.9989,0.8364,0.0224
3,8,4,2,0.7739,0.7387,0.9988,0.7362,0.0602
3,8,4,3,0.8049,0.8325,0.9960,0.7592,0.0260
3,8,4,4,0.7904,0.7725,0.9993,0.7527,0.0530
3,8,4,5,0.8623,0.9137,0.9988,0.8305,0.0186
3,8,4,6,0.8740,0.8691,0.9982,0.8432,0.0298
3,8,4,7,0.7452,0.7843,0.9557,0.6829,0.0156
3,8,4,8,0.8096,0.8039,0.9986,0.7735,0.0470
3,8,4,9,0.8498,0.8965,0.9932,0.8095,0.0195
3,8,4,10,0.7727,0.7466,0.9949,0.7371,0.0641
3,8,4,11,0.5620,0.7251,0.7879,0.4953,0.0770
3,8,5,0,0.7685,0.7318,0.9935,0.7325,0.0638
3,8,5,1,0.7370,0.6989,0.9947,0.7018,0.0770
3,8,5,2,0.7881,0.8279,0.9852,0.7353,0.0178
3,8,5,3,0.8588,0.8724,0.9853,0.8243,0.0198
3,8,5,4,0.8560,0.8670,0.9996,0.8190,0.0168
3,8,5,5,0.7619,0.7315,0.9971,0.7264,0.0676
3,8,5,6,0.8173,0.8563,1.0000,0.7810,0.0365
3,8,5,7,0.8111,0.8265,0.9989,0.7726,0.0384
3,8,5,8,0.7981,0.7846,0.9994,0.7600,0.0448
3,8,5,9,0.7626,0.7270,0.9956,0.7262,0.0675
3,8,5,10,0.7931,0.8227,0.9852,0.7444,0.0217
3,8,5,11,0.8225,0.8081,0.9999,0.7866,0.0403
3,8,6,0,0.7934,0.8588,0.9919,0.7379,0.0116
3,8,6,1,0.7902,0.7645,0.9998,0.7514,0.0441
3,8,6,2,0.7989,0.7676,0.9971,0.7627,0.0540
3,8,6,3,0.8472,0.8567,0.9967,0.8096,0.0189
3,8,6,4,0.8189,0.8249,1.0000,0.7785,0.0367
3,8,6,5,0.8343,0.8147,0.9994,0.7999,0.0443
3,8,6,6,0.8008,0.8008,0.9987,0.7615,0.0449
3,8,6,7,0.7885,0.8251,0.9842,0.7402,0.0230
3,8,6,8,0.8610,0.8786,0.9974,0.8296,0.0232
3,8,6,9,0.7389,0.7025,0.9947,0.7036,0.0767
3,8,6,10,0.7634,0.7297,0.9960,0.7271,0.0676
3,8,6,11,0.8646,0.8890,0.9998,0.8360,0.0335
3,8,7,0,0.8161,0.8391,0.9987,0.7810,0.0403
3,8,7,1,0.7510,0.7269,0.9941,0.7132,0.0681
3,8,7,2,0.7379,0.7000,0.9947,0.7026,0.0770
3,8,7,3,0.8362,0.8233,0.9991,0.8003,0.0352
3,8,7,4,0.7813,0.7667,0.9998,0.7425,0.0510
3,8,7,5,0.8182,0.7903,0.9999,0.7822,0.0448
3,8,7,6,0.7812,0.7660,0.9964,0.7438,0.0570
3,8,7,7,0.7475,0.7129,0.9956,0.7117,0.0744
3,8,7,8,0.8131,0.8370,0.9935,0.7746,0.0373
3,8,7,9,0.8107,0.7939,0.9998,0.7759,0.0487
3,8,7,10,0.7385,0.7011,0.9947,0.7031,0.0770
3,8,7,11,0.7435,0.7063,0.9952,0.7080,0.0757
3,8,8,0,0.7812,0.7601,0.9997,0.7426,0.0552
3,8,8,1,0.7417,0.7036,0.9949,0.7060,0.0759
3,8,8,2,0.8479,0.8349,0.9989,0.8147,0.0357
3,8,8,3,0.7737,0.7745,0.9875,0.7349,0.0559
3,8,8,4,0.8239,0.8637,1.0000,0.7847,0.0256
3,8,8,5,0.9149,0.9256,0.9909,0.8924,0.0197
3,8,8,6,0.7760,0.7357,0.9963,0.7391,0.0576
3,8,8,7,0.8026,0.8180,0.9999,0.7648,0.0422
3,8,8,8,0.7900,0.8151,0.9863,0.7418,0.0219
3,8,8,9,0.7840,0.7708,0.9953,0.7451,0.0513
3,8,8,10,0.8261,0.8173,0.9982,0.7875,0.0354
3,8,8,11,0.7877,0.7705,0.9951,0.7483,0.0479
3,8,9,0,0.7756,0.7792,0.9915,0.7348,0.0497
3,8,9,1,0.7472,0.7086,0.9948,0.7122,0.0749
3,8,9,2,0.7466,0.7142,0.9950,0.7103,0.0737
3,8,9,3,0.8634,0.8482,0.9999,0.8330,0.0235
3,8,9,4,0.7491,0.7142,0.9953,0.7132,0.0724
3,8,9,5,0.7817,0.7635,0.9949,0.7443,0.0567
3,8,9,6,0.7393,0.7028,0.9948,0.7039,0.0765
3,8,9,7,0.7881,0.7781,0.9920,0.7489,0.0473
3,8,9,8,0.7696,0.7308,0.9949,0.7345,0.0663
3,8,9,9,0.7387,0.7008,0.9947,0.7034,0.0768
3,8,9,10,0.8752,0.9096,0.9977,0.8472,0.0205
3,8,9,11,0.7430,0.7062,0.9948,0.7076,0.0759
3,8,10,0,0.7593,0.7321,0.9954,0.7212,0.0644
3,8,10,1,0.7426,0.7066,0.9956,0.7068,0.0756
3,8,10,2,0.7510,0.7166,0.9953,0.7157,0.0737
3,8,10,3,0.7712,0.7425,0.9943,0.7356,0.0651
3,8,10,4,0.7984,0.7685,0.9983,0.7628,0.0529
3,8,10,5,0.8134,0.8531,0.9961,0.7779,0.0387
3,8,10,6,0.7428,0.7074,0.9956,0.7067,0.0749
3,8,10,7,0.7733,0.7419,0.9961,0.7366,0.0625
3,8,10,8,0.7455,0.7111,0.9958,0.7095,0.0741
3,8,10,9,0.7649,0.8033,0.9709,0.7200,0.0487
3,8,10,10,0.7408,0.7024,0.9950,0.7053,0.0763
3,8,10,11,0.7444,0.7339,0.9999,0.7020,0.0594
3,8,11,0,0.8203,0.8271,0.9980,0.7683,0.0365
3,8,11,1,0.7852,0.7560,0.9975,0.7490,0.0586
3,8,11,2,0.7537,0.7134,0.9972,0.7174,0.0710
3,8,11,3,0.8544,0.8543,0.9997,0.8192,0.0208
3,8,11,4,0.7966,0.7604,0.9991,0.7583,0.0510
3,8,11,5,0.7646,0.7274,0.9955,0.7288,0.0673
3,8,11,6,0.7444,0.7071,0.9961,0.7084,0.0752
3,8,11,7,0.7751,0.7516,0.9993,0.7371,0.0584
3,8,11,8,0.4987,0.6835,0.9808,0.3634,0.0168
3,8,11,9,0.7469,0.7104,0.9958,0.7113,0.0744
3,8,11,10,0.8464,0.8538,1.0000,0.8110,0.0276
3,8,11,11,0.8151,0.8438,0.9996,0.7740,0.0279
3,9,0,0,0.8396,0.8613,0.9559,0.7971,0.0405
3,9,0,1,0.2069,0.4052,0.9188,0.0782,0.0649
3,9,0,2,0.7711,0.8103,0.9933,0.7105,0.0337
3,9,0,3,0.3085,0.4788,0.9077,0.1781,0.0376
3,9,0,4,0.6113,0.7043,0.9896,0.5134,0.0160
3,9,0,5,0.3070,0.4889,0.8774,0.1719,0.0314
3,9,0,6,0.8132,0.8241,0.9721,0.7629,0.0392
3,9,0,7,0.7726,0.8133,0.9828,0.7105,0.0392
3,9,0,8,0.6778,0.8074,0.9968,0.5916,0.0292
3,9,0,9,0.8046,0.8426,0.9630,0.7513,0.0479
3,9,0,10,0.7418,0.8227,0.9824,0.6682,0.0476
3,9,0,11,0.8180,0.8516,0.9603,0.7688,0.0460
3,9,1,0,0.8341,0.8551,0.9991,0.7910,0.0316
3,9,1,1,0.8077,0.8648,0.9919,0.7574,0.0319
3,9,1,2,0.7585,0.8169,0.9994,0.6953,0.0351
3,9,1,3,0.7871,0.8129,0.9741,0.7301,0.0279
3,9,1,4,0.8143,0.8328,0.9887,0.7689,0.0319
3,9,1,5,0.7399,0.8026,0.9991,0.6745,0.0186
3,9,1,6,0.7392,0.7432,0.9925,0.6828,0.0252
3,9,1,7,0.7893,0.8105,0.9941,0.7396,0.0298
3,9,1,8,0.7851,0.8224,0.9966,0.7332,0.0262
3,9,1,9,0.7534,0.7704,1.0000,0.7017,0.0298
3,9,1,10,0.4884,0.6260,0.9995,0.3435,0.0456
3,9,1,11,0.3789,0.5245,0.9041,0.2488,0.0219
3,9,2,0,0.8002,0.8642,0.9899,0.7482,0.0271
3,9,2,1,0.7277,0.7447,0.9995,0.6786,0.0424
3,9,2,2,0.6911,0.7686,0.9890,0.6207,0.0089
3,9,2,3,0.8386,0.8576,0.9975,0.7961,0.0381
3,9,2,4,0.8037,0.8736,0.9990,0.7566,0.0132
3,9,2,5,0.6696,0.8245,0.9988,0.5872,0.0178
3,9,2,6,0.7529,0.7884,0.9999,0.7013,0.0251
3,9,2,7,0.7459,0.7828,0.9830,0.6733,0.0498
3,9,2,8,0.9199,0.9382,0.9998,0.9005,0.0179
3,9,2,9,0.7780,0.8260,0.9986,0.7227,0.0195
3,9,2,10,0.8424,0.8883,0.9828,0.8008,0.0413
3,9,2,11,0.7712,0.7792,0.9988,0.7225,0.0316
3,9,3,0,0.6923,0.6915,0.9998,0.6464,0.0616
3,9,3,1,0.7873,0.8039,1.0000,0.7413,0.0181
3,9,3,2,0.8482,0.8626,0.9998,0.8092,0.0251
3,9,3,3,0.8606,0.8899,0.9994,0.8300,0.0138
3,9,3,4,0.7006,0.6967,1.0000,0.6546,0.0600
3,9,3,5,0.7700,0.7837,0.9928,0.7197,0.0267
3,9,3,6,0.8511,0.8788,0.9995,0.8127,0.0289
3,9,3,7,0.8021,0.8393,0.9763,0.7552,0.0195
3,9,3,8,0.7902,0.8768,0.9954,0.7389,0.0138
3,9,3,9,1.0000,1.0000,1.0000,1.0000,0.0000
3,9,3,10,0.7634,0.7797,0.9994,0.7140,0.0229
3,9,3,11,0.9204,0.9317,1.0000,0.9010,0.0129
3,9,4,0,0.8690,0.8862,0.9559,0.8458,0.0308
3,9,4,1,0.8084,0.8374,0.9988,0.7664,0.0162
3,9,4,2,0.7246,0.7179,0.9989,0.6778,0.0495
3,9,4,3,0.8129,0.8420,1.0000,0.7704,0.0179
3,9,4,4,0.7430,0.7446,0.9984,0.6965,0.0417
3,9,4,5,0.8509,0.8727,0.9989,0.8174,0.0105
3,9,4,6,0.8081,0.8397,0.9880,0.7627,0.0227
3,9,4,7,0.6443,0.7163,0.9794,0.5603,0.0122
3,9,4,8,0.7481,0.7788,0.9991,0.7001,0.0351
3,9,4,9,0.8174,0.8564,0.9775,0.7706,0.0238
3,9,4,10,0.7085,0.7122,1.0000,0.6611,0.0538
3,9,4,11,0.5327,0.7009,0.8431,0.4623,0.0667
3,9,5,0,0.6797,0.7001,0.9998,0.6275,0.0535
3,9,5,1,0.6853,0.6780,1.0000,0.6411,0.0667
3,9,5,2,0.7805,0.8608,0.9644,0.7279,0.0144
3,9,5,3,0.8529,0.8567,0.9645,0.8181,0.0121
3,9,5,4,0.8326,0.8741,0.9922,0.7913,0.0157
3,9,5,5,0.7130,0.7077,0.9998,0.6686,0.0573
3,9,5,6,0.8210,0.8399,0.9960,0.7860,0.0256
3,9,5,7,0.7888,0.7995,0.9900,0.7463,0.0271
3,9,5,8,0.7452,0.7716,0.9982,0.6970,0.0341
3,9,5,9,0.7028,0.7024,1.0000,0.6556,0.0571
3,9,5,10,0.7349,0.7554,0.9971,0.6745,0.0130
3,9,5,11,0.7675,0.7769,0.9964,0.7208,0.0290
3,9,6,0,0.8502,0.8691,0.9752,0.8122,0.0206
3,9,6,1,0.7547,0.7461,0.9936,0.7093,0.0351
3,9,6,2,0.7342,0.7323,0.9998,0.6857,0.0427
3,9,6,3,0.7090,0.7749,0.9999,0.6399,0.0159
3,9,6,4,0.7478,0.7817,0.9953,0.6929,0.0251
3,9,6,5,0.7683,0.7706,0.9981,0.7205,0.0321
3,9,6,6,0.7305,0.7512,0.9990,0.6775,0.0333
3,9,6,7,0.7263,0.7676,0.9966,0.6655,0.0121
3,9,6,8,0.8049,0.8262,0.9997,0.7617,0.0135
3,9,6,9,0.6868,0.6806,1.0000,0.6424,0.0663
3,9,6,10,0.7007,0.7000,1.0000,0.6531,0.0573
3,9,6,11,0.8008,0.8382,0.9933,0.7590,0.0225
3,9,7,0,0.8017,0.8304,0.9990,0.7640,0.0294
3,9,7,1,0.7040,0.7037,0.9999,0.6578,0.0578
3,9,7,2,0.6865,0.6792,1.0000,0.6421,0.0667
3,9,7,3,0.7713,0.7920,0.9986,0.7220,0.0256
3,9,7,4,0.7668,0.7626,0.9971,0.7256,0.0406
3,9,7,5,0.7557,0.7721,0.9964,0.7073,0.0332
3,9,7,6,0.7279,0.7328,0.9999,0.6805,0.0463
3,9,7,7,0.6942,0.6914,1.0000,0.6489,0.0641
3,9,7,8,0.8139,0.8554,0.9998,0.7762,0.0254
3,9,7,9,0.7531,0.7631,0.9973,0.7073,0.0381
3,9,7,10,0.6877,0.6795,1.0000,0.6433,0.0667
3,9,7,11,0.6914,0.6842,1.0000,0.6467,0.0654
3,9,8,0,0.7251,0.7250,0.9975,0.6760,0.0446
3,9,8,1,0.6897,0.6811,1.0000,0.6448,0.0656
3,9,8,2,0.7691,0.8001,0.9988,0.7193,0.0254
3,9,8,3,0.7038,0.7178,0.9980,0.6519,0.0446
3,9,8,4,0.8319,0.8593,0.9953,0.7954,0.0143
3,9,8,5,0.8693,0.8805,0.9735,0.8364,0.0211
3,9,8,6,0.7173,0.7045,0.9999,0.6696,0.0473
3,9,8,7,0.7891,0.8232,0.9965,0.7490,0.0316
3,9,8,8,0.6370,0.7227,0.9975,0.5559,0.0122
3,9,8,9,0.7422,0.7431,1.0000,0.6955,0.0410
3,9,8,10,0.7546,0.7661,0.9993,0.7013,0.0232
3,9,8,11,0.7168,0.7332,1.0000,0.6639,0.0376
3,9,9,0,0.7212,0.7315,0.9994,0.6702,0.0390
3,9,9,1,0.6916,0.6867,1.0000,0.6467,0.0646
3,9,9,2,0.6941,0.6902,1.0000,0.6485,0.0633
3,9,9,3,0.7764,0.8012,0.9969,0.7275,0.0154
3,9,9,4,0.6940,0.6933,1.0000,0.6483,0.0621
3,9,9,5,0.7127,0.7229,1.0000,0.6624,0.0460
3,9,9,6,0.6881,0.6824,1.0000,0.6437,0.0662
3,9,9,7,0.7189,0.7296,0.9995,0.6665,0.0370
3,9,9,8,0.7037,0.7023,1.0000,0.6565,0.0560
3,9,9,9,0.6870,0.6800,1.0000,0.6426,0.0665
3,9,9,10,0.8290,0.8392,0.9996,0.7913,0.0149
3,9,9,11,0.6901,0.6839,1.0000,0.6453,0.0656
3,9,10,0,0.7019,0.6967,1.0000,0.6534,0.0541
3,9,10,1,0.6918,0.6860,1.0000,0.6470,0.0652
3,9,10,2,0.6976,0.6939,1.0000,0.6526,0.0633
3,9,10,3,0.7131,0.7164,0.9999,0.6669,0.0548
3,9,10,4,0.7345,0.7360,0.9993,0.6868,0.0425
3,9,10,5,0.7912,0.8220,1.0000,0.7517,0.0325
3,9,10,6,0.6912,0.6841,1.0000,0.6460,0.0646
3,9,10,7,0.7167,0.7142,1.0000,0.6696,0.0522
3,9,10,8,0.6931,0.6896,1.0000,0.6478,0.0638
3,9,10,9,0.7926,0.8538,0.9893,0.7541,0.0375
3,9,10,10,0.6890,0.6810,1.0000,0.6443,0.0660
3,9,10,11,0.7264,0.7320,0.9964,0.6811,0.0481
3,9,11,0,0.6936,0.7704,0.9875,0.6062,0.0440
3,9,11,1,0.7278,0.7314,0.9997,0.6808,0.0473
3,9,11,2,0.7004,0.6908,0.9998,0.6545,0.0606
3,9,11,3,0.7424,0.7882,0.9976,0.6822,0.0152
3,9,11,4,0.7402,0.7349,0.9986,0.6910,0.0394
3,9,11,5,0.7017,0.6986,1.0000,0.6544,0.0570
3,9,11,6,0.6928,0.6857,1.0000,0.6477,0.0649
3,9,11,7,0.7143,0.7261,0.9983,0.6651,0.0475
3,9,11,8,0.4985,0.6532,0.9949,0.3685,0.0240
3,9,11,9,0.6947,0.6890,1.0000,0.6497,0.0641
3,9,11,10,0.8180,0.8367,0.9947,0.7771,0.0160
3,9,11,11,0.7932,0.8268,0.9978,0.7483,0.0157
3,10,0,0,0.8898,0.8674,0.9451,0.8704,0.0525
3,10,0,1,0.2910,0.3729,0.9319,0.1873,0.0421
3,10,0,2,0.8333,0.8418,0.9887,0.7977,0.0463
3,10,0,3,0.3968,0.4403,0.9218,0.2940,0.0205
3,10,0,4,0.6063,0.6131,0.9940,0.5186,0.0300
3,10,0,5,0.4209,0.4442,0.8935,0.3191,0.0152
3,10,0,6,0.8476,0.8432,0.9634,0.8165,0.0535
3,10,0,7,0.7152,0.7167,0.9758,0.6485,0.0544
3,10,0,8,0.7135,0.7628,0.9935,0.6479,0.0422
3,10,0,9,0.8736,0.8622,0.9530,0.8509,0.0584
3,10,0,10,0.8502,0.8332,0.9753,0.8222,0.0597
3,10,0,11,0.8933,0.8814,0.9500,0.8768,0.0562
3,10,1,0,0.7473,0.7405,0.9970,0.6905,0.0430
3,10,1,1,0.8895,0.8882,0.9869,0.8678,0.0449
3,10,1,2,0.8697,0.8796,0.9975,0.8430,0.0459
3,10,1,3,0.9357,0.8928,0.9656,0.9268,0.0394
3,10,1,4,0.9758,0.9727,0.9829,0.9724,0.0316
3,10,1,5,0.9092,0.8887,0.9971,0.8913,0.0319
3,10,1,6,0.9241,0.8892,0.9962,0.9092,0.0132
3,10,1,7,0.9724,0.9685,0.9897,0.9675,0.0283
3,10,1,8,0.9624,0.9602,0.9931,0.9557,0.0271
3,10,1,9,0.9787,0.9721,0.9992,0.9746,0.0168
3,10,1,10,0.3122,0.5625,0.9978,0.1376,0.0570
3,10,1,11,0.5348,0.5038,0.9184,0.4470,0.0146
3,10,2,0,0.8410,0.8190,0.9844,0.8072,0.0408
3,10,2,1,0.9817,0.9715,0.9977,0.9794,0.0198
3,10,2,2,0.5325,0.5885,0.9936,0.4369,0.0159
3,10,2,3,0.7827,0.7734,0.9945,0.7341,0.0502
3,10,2,4,0.8068,0.8384,0.9969,0.7662,0.0262
3,10,2,5,0.7081,0.7224,0.9966,0.6444,0.0330
3,10,2,6,0.9723,0.9792,0.9989,0.9670,0.0127
3,10,2,7,0.7531,0.7349,0.9760,0.6964,0.0638
3,10,2,8,0.5921,0.7585,0.9999,0.5040,0.0259
3,10,2,9,0.6731,0.6768,0.9998,0.6013,0.0316
3,10,2,10,0.9037,0.8955,0.9757,0.8877,0.0527
3,10,2,11,0.9906,0.9844,0.9965,0.9887,0.0154
3,10,3,0,0.9687,0.9578,0.9999,0.9674,0.0387
3,10,3,1,0.9766,0.9681,0.9996,0.9721,0.0114
3,10,3,2,0.6579,0.6622,0.9986,0.5796,0.0387
3,10,3,3,0.8369,0.8746,1.0000,0.8045,0.0138
3,10,3,4,0.9689,0.9531,0.9992,0.9671,0.0371
3,10,3,5,0.9616,0.9608,0.9880,0.9541,0.0143
3,10,3,6,0.8130,0.8101,1.0000,0.7723,0.0435
3,10,3,7,0.7653,0.7431,0.9832,0.7162,0.0290
3,10,3,8,0.8262,0.8248,0.9915,0.7896,0.0338
3,10,3,9,0.7634,0.7797,0.9994,0.7140,0.0229
3,10,3,10,1.0000,1.0000,1.0000,1.0000,0.0000
3,10,3,11,0.7094,0.8031,0.9994,0.6467,0.0271
3,10,4,0,0.6134,0.8444,0.9655,0.5456,0.0219
3,10,4,1,0.9056,0.8925,0.9965,0.8871,0.0162
3,10,4,2,0.9751,0.9588,0.9967,0.9725,0.0273
3,10,4,3,0.9195,0.9231,0.9991,0.9034,0.0154
3,10,4,4,0.9796,0.9709,0.9958,0.9768,0.0195
3,10,4,5,0.9391,0.9247,0.9966,0.9271,0.0187
3,10,4,6,0.9623,0.9583,0.9821,0.9553,0.0227
3,10,4,7,0.7092,0.7208,0.9859,0.6482,0.0221
3,10,4,8,0.9754,0.9750,0.9971,0.9713,0.0157
3,10,4,9,0.8011,0.8432,0.9696,0.7577,0.0387
3,10,4,10,0.9727,0.9639,0.9996,0.9705,0.0310
3,10,4,11,0.3148,0.5276,0.8612,0.2165,0.0438
3,10,5,0,0.9656,0.9550,0.9999,0.9624,0.0310
3,10,5,1,0.9621,0.9438,0.9996,0.9610,0.0438
3,10,5,2,0.8599,0.8936,0.9546,0.8309,0.0221
3,10,5,3,0.9373,0.9202,0.9547,0.9250,0.0200
3,10,5,4,0.9270,0.9130,0.9873,0.9128,0.0294
3,10,5,5,0.9668,0.9527,0.9985,0.9644,0.0344
3,10,5,6,0.9528,0.9515,0.9923,0.9443,0.0148
3,10,5,7,0.9510,0.9355,0.9845,0.9419,0.0100
3,10,5,8,0.9551,0.9393,0.9955,0.9476,0.0151
3,10,5,9,0.9712,0.9556,0.9994,0.9691,0.0343
3,10,5,10,0.9143,0.9131,0.9991,0.8971,0.0184
3,10,5,11,0.9824,0.9774,0.9928,0.9792,0.0071
3,10,6,0,0.8113,0.8499,0.9670,0.7705,0.0400
3,10,6,1,0.9513,0.9410,0.9891,0.9434,0.0167
3,10,6,2,0.9801,0.9684,0.9985,0.9774,0.0208
3,10,6,3,0.9028,0.9144,0.9988,0.8831,0.0308
3,10,6,4,0.9678,0.9701,0.9914,0.9616,0.0159
3,10,6,5,0.9850,0.9801,0.9953,0.9822,0.0140
3,10,6,6,0.9836,0.9789,0.9968,0.9808,0.0127
3,10,6,7,0.9373,0.9408,0.9989,0.9250,0.0168
3,10,6,8,0.9370,0.9504,0.9983,0.9246,0.0160
3,10,6,9,0.9633,0.9458,0.9996,0.9622,0.0435
3,10,6,10,0.9729,0.9579,0.9992,0.9711,0.0348
3,10,6,11,0.9651,0.9573,0.9887,0.9585,0.0102
3,10,7,0,0.9506,0.9364,0.9968,0.9420,0.0132
3,10,7,1,0.9741,0.9632,0.9998,0.9728,0.0349
3,10,7,2,0.9626,0.9445,0.9996,0.9615,0.0438
3,10,7,3,0.9689,0.9695,0.9961,0.9629,0.0157
3,10,7,4,0.9679,0.9581,0.9938,0.9633,0.0178
3,10,7,5,0.9815,0.9712,0.9929,0.9782,0.0119
3,10,7,6,0.9811,0.9696,0.9989,0.9792,0.0238
3,10,7,7,0.9664,0.9498,0.9993,0.9649,0.0413
3,10,7,8,0.9403,0.9180,0.9999,0.9292,0.0076
3,10,7,9,0.9811,0.9692,0.9942,0.9783,0.0171
3,10,7,10,0.9633,0.9456,0.9996,0.9622,0.0438
3,10,7,11,0.9649,0.9472,0.9995,0.9635,0.0425
3,10,8,0,0.9743,0.9621,0.9945,0.9709,0.0224
3,10,8,1,0.9643,0.9466,0.9996,0.9630,0.0427
3,10,8,2,0.9752,0.9741,0.9965,0.9704,0.0175
3,10,8,3,0.9576,0.9466,0.9996,0.9518,0.0262
3,10,8,4,0.9542,0.9261,0.9913,0.9453,0.0121
3,10,8,5,0.9208,0.9065,0.9650,0.9057,0.0341
3,10,8,6,0.9617,0.9517,0.9990,0.9570,0.0260
3,10,8,7,0.9601,0.9459,0.9930,0.9532,0.0135
3,10,8,8,0.8226,0.8450,0.9994,0.7871,0.0157
3,10,8,9,0.9829,0.9749,0.9994,0.9807,0.0181
3,10,8,10,0.9807,0.9756,0.9975,0.9770,0.0095
3,10,8,11,0.9704,0.9644,0.9995,0.9658,0.0151
3,10,9,0,0.9692,0.9630,1.0000,0.9646,0.0168
3,10,9,1,0.9658,0.9490,0.9996,0.9645,0.0417
3,10,9,2,0.9667,0.9514,0.9995,0.9651,0.0405
3,10,9,3,0.9423,0.9338,0.9935,0.9310,0.0125
3,10,9,4,0.9649,0.9505,0.9994,0.9630,0.0392
3,10,9,5,0.9747,0.9689,0.9996,0.9717,0.0238
3,10,9,6,0.9637,0.9462,0.9996,0.9625,0.0433
3,10,9,7,0.9657,0.9646,1.0000,0.9602,0.0141
3,10,9,8,0.9717,0.9577,0.9996,0.9697,0.0332
3,10,9,9,0.9631,0.9452,0.9996,0.9619,0.0437
3,10,9,10,0.9332,0.9171,0.9980,0.9200,0.0181
3,10,9,11,0.9648,0.9473,0.9996,0.9635,0.0427
3,10,10,0,0.9710,0.9571,0.9994,0.9685,0.0316
3,10,10,1,0.9653,0.9482,0.9993,0.9640,0.0424
3,10,10,2,0.9683,0.9515,0.9994,0.9670,0.0405
3,10,10,3,0.9762,0.9628,0.9997,0.9746,0.0319
3,10,10,4,0.9794,0.9686,0.9974,0.9767,0.0197
3,10,10,5,0.9331,0.9263,0.9991,0.9214,0.0183
3,10,10,6,0.9645,0.9472,0.9993,0.9629,0.0417
3,10,10,7,0.9766,0.9640,0.9991,0.9746,0.0297
3,10,10,8,0.9664,0.9496,0.9993,0.9649,0.0410
3,10,10,9,0.9147,0.8705,0.9938,0.9000,0.0152
3,10,10,10,0.9635,0.9455,0.9995,0.9622,0.0432
3,10,10,11,0.9352,0.9059,0.9929,0.9264,0.0303
3,10,11,0,0.7686,0.7564,0.9814,0.7162,0.0589
3,10,11,1,0.9775,0.9651,0.9982,0.9750,0.0251
3,10,11,2,0.9677,0.9506,0.9985,0.9657,0.0381
3,10,11,3,0.9261,0.9314,0.9945,0.9114,0.0210
3,10,11,4,0.9806,0.9659,0.9961,0.9775,0.0184
3,10,11,5,0.9714,0.9580,0.9994,0.9694,0.0341
3,10,11,6,0.9653,0.9477,0.9991,0.9637,0.0421
3,10,11,7,0.9705,0.9590,0.9956,0.9669,0.0252
3,10,11,8,0.2973,0.5911,0.9978,0.1341,0.0402
3,10,11,9,0.9665,0.9497,0.9992,0.9651,0.0413
3,10,11,10,0.9805,0.9714,0.9906,0.9768,0.0119
3,10,11,11,0.9643,0.9481,0.9949,0.9574,0.0125
3,11,0,0,0.8345,0.8911,0.9563,0.7871,0.0295
3,11,0,1,0.2635,0.4391,0.9183,0.1402,0.0692
3,11,0,2,0.7445,0.8505,0.9934,0.6730,0.0224
3,11,0,3,0.3794,0.5188,0.9072,0.2585,0.0425
3,11,0,4,0.6924,0.7570,0.9894,0.6115,0.0092
3,11,0,5,0.3636,0.5231,0.8768,0.2351,0.0351
3,11,0,6,0.8147,0.8561,0.9724,0.7613,0.0283
3,11,0,7,0.7989,0.8459,0.9830,0.7409,0.0289
3,11,0,8,0.6860,0.8495,0.9969,0.5976,0.0183
3,11,0,9,0.7925,0.8753,0.9633,0.7314,0.0379
3,11,0,10,0.7514,0.8575,0.9827,0.6759,0.0367
3,11,0,11,0.8050,0.8857,0.9606,0.7476,0.0367
3,11,1,0,0.8495,0.8835,0.9992,0.8082,0.0206
3,11,1,1,0.7889,0.9102,0.9920,0.7302,0.0219
3,11,1,2,0.7438,0.8640,0.9994,0.6732,0.0244
3,11,1,3,0.7490,0.8277,0.9743,0.6772,0.0246
3,11,1,4,0.7699,0.8533,0.9889,0.7110,0.0260
3,11,1,5,0.7092,0.8302,0.9992,0.6327,0.0114
3,11,1,6,0.7053,0.7649,0.9924,0.6393,0.0251
3,11,1,7,0.7492,0.8378,0.9942,0.6875,0.0249
3,11,1,8,0.7463,0.8473,0.9967,0.6825,0.0216
3,11,1,9,0.7013,0.7890,1.0000,0.6365,0.0297
3,11,1,10,0.5342,0.6806,0.9995,0.3962,0.0346
3,11,1,11,0.4307,0.5606,0.9036,0.3070,0.0275
3,11,2,0,0.8073,0.8636,0.9901,0.7545,0.0165
3,11,2,1,0.6696,0.7598,0.9995,0.6078,0.0467
3,11,2,2,0.7215,0.7784,0.9888,0.6557,0.0122
3,11,2,3,0.8104,0.8825,0.9976,0.7566,0.0271
3,11,2,4,0.8204,0.8999,0.9991,0.7756,0.0089
3,11,2,5,0.7020,0.8491,0.9989,0.6245,0.0125
3,11,2,6,0.7054,0.8131,1.0000,0.6418,0.0268
3,11,2,7,0.7667,0.8293,0.9832,0.6959,0.0389
3,11,2,8,0.9148,0.9368,0.9998,0.8932,0.0095
3,11,2,9,0.7982,0.8320,0.9985,0.7456,0.0114
3,11,2,10,0.8237,0.9074,0.9830,0.7731,0.0310
3,11,2,11,0.7159,0.7968,0.9989,0.6533,0.0321
3,11,3,0,0.6210,0.7051,0.9998,0.5614,0.0659
3,11,3,1,0.7304,0.8199,1.0000,0.6701,0.0208
3,11,3,2,0.7860,0.8333,0.9999,0.7273,0.0144
3,11,3,3,0.8225,0.8997,0.9994,0.7822,0.0175
3,11,3,4,0.6297,0.7089,1.0000,0.5698,0.0643
3,11,3,5,0.7276,0.8011,0.9929,0.6660,0.0256
3,11,3,6,0.8156,0.8881,0.9995,0.7648,0.0195
3,11,3,7,0.7441,0.8032,0.9761,0.6811,0.0121
3,11,3,8,0.7647,0.8777,0.9956,0.7046,0.0156
3,11,3,9,0.9204,0.9317,1.0000,0.9010,0.0129
3,11,3,10,0.7094,0.8031,0.9994,0.6467,0.0271
3,11,3,11,1.0000,1.0000,1.0000,1.0000,0.0000
3,11,4,0,0.8221,0.8771,0.9555,0.7895,0.0376
3,11,4,1,0.7657,0.8537,0.9989,0.7127,0.0173
3,11,4,2,0.6557,0.7297,0.9990,0.5947,0.0538
3,11,4,3,0.7400,0.8423,1.0000,0.6787,0.0162
3,11,4,4,0.6793,0.7536,0.9984,0.6189,0.0460
3,11,4,5,0.7949,0.8625,0.9989,0.7472,0.0151
3,11,4,6,0.7570,0.8472,0.9882,0.6973,0.0175
3,11,4,7,0.6577,0.7435,0.9792,0.5737,0.0098
3,11,4,8,0.6979,0.7817,0.9992,0.6383,0.0387
3,11,4,9,0.7760,0.8601,0.9777,0.7154,0.0132
3,11,4,10,0.6414,0.7240,1.0000,0.5804,0.0581
3,11,4,11,0.5675,0.7168,0.8424,0.5017,0.0710
3,11,5,0,0.6121,0.7172,0.9998,0.5461,0.0578
3,11,5,1,0.6099,0.6893,1.0000,0.5517,0.0710
3,11,5,2,0.7562,0.8526,0.9647,0.6953,0.0102
3,11,5,3,0.8134,0.8528,0.9648,0.7677,0.0110
3,11,5,4,0.7876,0.8683,0.9924,0.7327,0.0089
3,11,5,5,0.6414,0.7208,0.9998,0.5831,0.0616
3,11,5,6,0.7777,0.8398,0.9961,0.7329,0.0305
3,11,5,7,0.7489,0.8042,0.9902,0.6968,0.0321
3,11,5,8,0.6782,0.7781,0.9982,0.6149,0.0387
3,11,5,9,0.6312,0.7159,1.0000,0.5697,0.0614
3,11,5,10,0.7049,0.7928,0.9970,0.6350,0.0138
3,11,5,11,0.7079,0.7872,0.9965,0.6472,0.0333
3,11,6,0,0.8191,0.8598,0.9755,0.7704,0.0173
3,11,6,1,0.6947,0.7657,0.9937,0.6360,0.0378
3,11,6,2,0.6717,0.7498,0.9998,0.6095,0.0460
3,11,6,3,0.6907,0.8261,0.9999,0.6143,0.0148
3,11,6,4,0.7117,0.8041,0.9955,0.6467,0.0249
3,11,6,5,0.7148,0.7927,0.9982,0.6540,0.0341
3,11,6,6,0.6647,0.7692,0.9990,0.5963,0.0367
3,11,6,7,0.6980,0.8135,0.9965,0.6285,0.0167
3,11,6,8,0.7823,0.8533,0.9998,0.7325,0.0165
3,11,6,9,0.6117,0.6920,1.0000,0.5532,0.0706
3,11,6,10,0.6321,0.7148,1.0000,0.5708,0.0616
3,11,6,11,0.7559,0.8284,0.9935,0.7029,0.0249
3,11,7,0,0.7171,0.8075,0.9990,0.6610,0.0346
3,11,7,1,0.6381,0.7214,0.9999,0.5790,0.0621
3,11,7,2,0.6115,0.6908,1.0000,0.5533,0.0710
3,11,7,3,0.7256,0.8214,0.9986,0.6644,0.0248
3,11,7,4,0.7068,0.7784,0.9972,0.6529,0.0449
3,11,7,5,0.7055,0.7888,0.9965,0.6452,0.0365
3,11,7,6,0.6590,0.7486,1.0000,0.5972,0.0506
3,11,7,7,0.6205,0.7025,1.0000,0.5612,0.0684
3,11,7,8,0.7067,0.8127,0.9998,0.6448,0.0297
3,11,7,9,0.6826,0.7739,0.9974,0.6213,0.0424
3,11,7,10,0.6124,0.6909,1.0000,0.5540,0.0710
3,11,7,11,0.6167,0.6960,1.0000,0.5580,0.0697
3,11,8,0,0.6581,0.7402,0.9976,0.5945,0.0489
3,11,8,1,0.6160,0.6927,1.0000,0.5573,0.0698
3,11,8,2,0.7271,0.8242,0.9988,0.6663,0.0243
3,11,8,3,0.6438,0.7345,0.9979,0.5789,0.0495
3,11,8,4,0.7530,0.8293,0.9954,0.6973,0.0208
3,11,8,5,0.8385,0.8820,0.9738,0.7956,0.0117
3,11,8,6,0.6521,0.7241,1.0000,0.5909,0.0516
3,11,8,7,0.7066,0.7943,0.9966,0.6485,0.0362
3,11,8,8,0.6423,0.7882,0.9975,0.5594,0.0149
3,11,8,9,0.6793,0.7637,1.0000,0.6189,0.0452
3,11,8,10,0.6987,0.7980,0.9994,0.6308,0.0259
3,11,8,11,0.6608,0.7535,1.0000,0.5952,0.0419
3,11,9,0,0.6563,0.7459,0.9994,0.5911,0.0433
3,11,9,1,0.6186,0.6986,1.0000,0.5599,0.0689
3,11,9,2,0.6230,0.7028,1.0000,0.5639,0.0676
3,11,9,3,0.7312,0.8245,0.9969,0.6703,0.0178
3,11,9,4,0.6231,0.7038,1.0000,0.5639,0.0663
3,11,9,5,0.6531,0.7419,1.0000,0.5899,0.0503
3,11,9,6,0.6137,0.6943,1.0000,0.5554,0.0705
3,11,9,7,0.6695,0.7513,0.9995,0.6058,0.0413
3,11,9,8,0.6391,0.7178,1.0000,0.5791,0.0603
3,11,9,9,0.6125,0.6916,1.0000,0.5543,0.0708
3,11,9,10,0.8030,0.8621,0.9996,0.7582,0.0163
3,11,9,11,0.6158,0.6962,1.0000,0.5570,0.0698
3,11,10,0,0.6343,0.7137,1.0000,0.5721,0.0584
3,11,10,1,0.6185,0.6984,1.0000,0.5599,0.0695
3,11,10,2,0.6225,0.7061,1.0000,0.5632,0.0676
3,11,10,3,0.6393,0.7299,0.9999,0.5782,0.0590
3,11,10,4,0.6671,0.7549,0.9994,0.6048,0.0468
3,11,10,5,0.7459,0.8340,1.0000,0.6962,0.0337
3,11,10,6,0.6177,0.6963,1.0000,0.5585,0.0689
3,11,10,7,0.6435,0.7260,1.0000,0.5814,0.0565
3,11,10,8,0.6189,0.7018,1.0000,0.5595,0.0681
3,11,10,9,0.6559,0.7787,0.9891,0.5882,0.0414
3,11,10,10,0.6137,0.6925,1.0000,0.5549,0.0703
3,11,10,11,0.6487,0.7281,0.9965,0.5876,0.0530
3,11,11,0,0.7085,0.8236,0.9877,0.6205,0.0337
3,11,11,1,0.6593,0.7455,0.9997,0.5980,0.0510
3,11,11,2,0.6283,0.7014,0.9998,0.5684,0.0649
3,11,11,3,0.7196,0.8270,0.9977,0.6515,0.0138
3,11,11,4,0.6766,0.7479,0.9986,0.6131,0.0427
3,11,11,5,0.6343,0.7131,1.0000,0.5737,0.0613
3,11,11,6,0.6192,0.6969,1.0000,0.5602,0.0692
3,11,11,7,0.6476,0.7389,0.9983,0.5843,0.0517
3,11,11,8,0.5274,0.6995,0.9948,0.3994,0.0152
3,11,11,9,0.6227,0.7007,1.0000,0.5641,0.0684
3,11,11,10,0.7565,0.8389,0.9949,0.6998,0.0171
3,11,11,11,0.7281,0.8191,0.9979,0.6671,0.0200
4,0,0,0,0.6907,0.8290,0.8275,0.6265,0.0662
4,0,0,1,0.1701,0.3839,0.9942,0.0569,0.0348
4,0,0,2,0.5875,0.7930,0.9156,0.5003,0.0597
4,0,0,3,0.2385,0.4342,0.9909,0.1182,0.0090
4,0,0,4,0.5038,0.6080,0.9882,0.4025,0.0405
4,0,0,5,0.2259,0.4466,0.9796,0.0998,0.0111
4,0,0,6,0.6548,0.7654,0.8603,0.5816,0.0659
4,0,0,7,0.6297,0.7394,0.8852,0.5502,0.0662
4,0,0,8,0.5407,0.7491,0.9295,0.4423,0.0549
4,0,0,9,0.6400,0.8222,0.8413,0.5619,0.0727
4,0,0,10,0.5780,0.8058,0.8843,0.4816,0.0737
4,0,0,11,0.6560,0.8336,0.8360,0.5820,0.0702
4,0,1,0,0.6559,0.7791,0.9427,0.5852,0.0570
4,0,1,1,0.6168,0.8459,0.9108,0.5367,0.0573
4,0,1,2,0.5450,0.8283,0.9447,0.4490,0.0598
4,0,1,3,0.6569,0.8236,0.8646,0.5852,0.0508
4,0,1,4,0.6454,0.8620,0.9010,0.5759,0.0433
4,0,1,5,0.5443,0.7946,0.9428,0.4518,0.0433
4,0,1,6,0.5495,0.7903,0.9846,0.4685,0.0252
4,0,1,7,0.6221,0.8506,0.9183,0.5498,0.0384
4,0,1,8,0.5916,0.8613,0.9284,0.5119,0.0398
4,0,1,9,0.5809,0.8437,0.9547,0.5073,0.0260
4,0,1,10,0.4703,0.6942,0.9462,0.3507,0.0706
4,0,1,11,0.2776,0.4917,0.9897,0.1517,0.0133
4,0,2,0,0.6261,0.8135,0.9045,0.5489,0.0529
4,0,2,1,0.5727,0.8257,0.9457,0.5053,0.0208
4,0,2,2,0.5985,0.6663,0.9888,0.5236,0.0263
4,0,2,3,0.6683,0.8245,0.9328,0.5993,0.0641
4,0,2,4,0.6009,0.8091,0.9420,0.5234,0.0357
4,0,2,5,0.4934,0.7547,0.9407,0.3908,0.0425
4,0,2,6,0.5884,0.8478,0.9526,0.5162,0.0206
4,0,2,7,0.5788,0.7758,0.8857,0.4821,0.0762
4,0,2,8,0.8455,0.8770,0.9613,0.8176,0.0363
4,0,2,9,0.6323,0.7253,0.9701,0.5591,0.0417
4,0,2,10,0.6512,0.8588,0.8851,0.5771,0.0663
4,0,2,11,0.6210,0.8420,0.9405,0.5536,0.0300
4,0,3,0,0.5645,0.7897,0.9613,0.5046,0.0314
4,0,3,1,0.5896,0.8564,0.9574,0.5159,0.0229
4,0,3,2,0.7372,0.7814,0.9506,0.6854,0.0508
4,0,3,3,0.7878,0.8729,0.9655,0.7496,0.0230
4,0,3,4,0.5720,0.7913,0.9542,0.5118,0.0298
4,0,3,5,0.6055,0.8389,0.9138,0.5341,0.0257
4,0,3,6,0.6310,0.8463,0.9647,0.5545,0.0546
4,0,3,7,0.6865,0.7965,0.9968,0.6269,0.0392
4,0,3,8,0.6459,0.7945,0.9235,0.5766,0.0414
4,0,3,9,0.8690,0.8862,0.9559,0.8458,0.0308
4,0,3,10,0.6134,0.8444,0.9655,0.5456,0.0219
4,0,3,11,0.8221,0.8771,0.9555,0.7895,0.0376
4,0,4,0,1.0000,1.0000,1.0000,1.0000,0.0000
4,0,4,1,0.5757,0.8255,0.9403,0.4986,0.0238
4,0,4,2,0.5901,0.8022,0.9411,0.5280,0.0235
4,0,4,3,0.6749,0.8848,0.9539,0.6146,0.0262
4,0,4,4,0.6070,0.8172,0.9375,0.5446,0.0214
4,0,4,5,0.7085,0.8676,0.9409,0.6550,0.0244
4,0,4,6,0.6566,0.8608,0.8992,0.5911,0.0351
4,0,4,7,0.4873,0.6817,0.9955,0.3883,0.0325
4,0,4,8,0.6060,0.8410,0.9427,0.5412,0.0167
4,0,4,9,0.6759,0.8334,0.8724,0.6106,0.0498
4,0,4,10,0.5762,0.8026,0.9574,0.5140,0.0237
4,0,4,11,0.4756,0.6340,0.9638,0.4061,0.0365
4,0,5,0,0.5488,0.7952,0.9613,0.4832,0.0233
4,0,5,1,0.5615,0.7787,0.9582,0.5037,0.0365
4,0,5,2,0.6754,0.8334,0.8441,0.6131,0.0338
4,0,5,3,0.6945,0.8423,0.8443,0.6367,0.0295
4,0,5,4,0.7361,0.8623,0.9120,0.6853,0.0392
4,0,5,5,0.5846,0.7925,0.9501,0.5256,0.0271
4,0,5,6,0.6703,0.8420,0.9259,0.6146,0.0119
4,0,5,7,0.7075,0.8006,0.9048,0.6574,0.0151
4,0,5,8,0.6395,0.8072,0.9364,0.5806,0.0116
4,0,5,9,0.5710,0.7958,0.9555,0.5092,0.0270
4,0,5,10,0.5854,0.8147,0.9755,0.5079,0.0260
4,0,5,11,0.6442,0.8306,0.9274,0.5834,0.0198
4,0,6,0,0.6857,0.8163,0.8673,0.6228,0.0492
4,0,6,1,0.6588,0.8057,0.9166,0.6038,0.0113
4,0,6,2,0.5804,0.8149,0.9499,0.5135,0.0221
4,0,6,3,0.5603,0.8172,0.9517,0.4753,0.0368
4,0,6,4,0.5863,0.8300,0.9231,0.5115,0.0248
4,0,6,5,0.6067,0.8354,0.9359,0.5383,0.0267
4,0,6,6,0.5940,0.8271,0.9417,0.5259,0.0162
4,0,6,7,0.5865,0.8362,0.9768,0.5108,0.0219
4,0,6,8,0.6236,0.8503,0.9488,0.5548,0.0217
4,0,6,9,0.5628,0.7808,0.9581,0.5047,0.0362
4,0,6,10,0.5743,0.7938,0.9541,0.5130,0.0271
4,0,6,11,0.6355,0.8551,0.9156,0.5712,0.0175
4,0,7,0,0.6789,0.8343,0.9417,0.6258,0.0094
4,0,7,1,0.5778,0.7969,0.9596,0.5177,0.0276
4,0,7,2,0.5628,0.7795,0.9582,0.5049,0.0365
4,0,7,3,0.6164,0.8497,0.9387,0.5476,0.0252
4,0,7,4,0.6444,0.8325,0.9307,0.5885,0.0130
4,0,7,5,0.6186,0.8271,0.9277,0.5542,0.0243
4,0,7,6,0.5849,0.8173,0.9526,0.5210,0.0200
4,0,7,7,0.5695,0.7877,0.9555,0.5106,0.0340
4,0,7,8,0.6685,0.8643,0.9612,0.6114,0.0197
4,0,7,9,0.6012,0.8225,0.9318,0.5368,0.0194
4,0,7,10,0.5646,0.7796,0.9580,0.5067,0.0365
4,0,7,11,0.5663,0.7832,0.9566,0.5078,0.0352
4,0,8,0,0.6069,0.7959,0.9330,0.5452,0.0179
4,0,8,1,0.5667,0.7802,0.9576,0.5084,0.0354
4,0,8,2,0.5919,0.8544,0.9402,0.5187,0.0263
4,0,8,3,0.5511,0.8070,0.9725,0.4819,0.0154
4,0,8,4,0.7418,0.8464,0.9230,0.6955,0.0197
4,0,8,5,0.6804,0.8352,0.8634,0.6168,0.0468
4,0,8,6,0.6067,0.7923,0.9529,0.5475,0.0171
4,0,8,7,0.6797,0.8312,0.9281,0.6267,0.0103
4,0,8,8,0.5270,0.7445,0.9741,0.4398,0.0230
4,0,8,9,0.6090,0.8244,0.9563,0.5469,0.0152
4,0,8,10,0.6115,0.8272,0.9446,0.5415,0.0257
4,0,8,11,0.5825,0.8162,0.9569,0.5150,0.0141
4,0,9,0,0.5911,0.8064,0.9655,0.5261,0.0149
4,0,9,1,0.5655,0.7851,0.9578,0.5067,0.0344
4,0,9,2,0.5694,0.7881,0.9573,0.5102,0.0332
4,0,9,3,0.6255,0.8251,0.9296,0.5577,0.0205
4,0,9,4,0.5689,0.7904,0.9563,0.5095,0.0319
4,0,9,5,0.5635,0.8133,0.9575,0.4962,0.0178
4,0,9,6,0.5637,0.7821,0.9578,0.5056,0.0360
4,0,9,7,0.5726,0.8213,0.9644,0.5037,0.0119
4,0,9,8,0.5752,0.7951,0.9574,0.5140,0.0259
4,0,9,9,0.5633,0.7801,0.9580,0.5053,0.0363
4,0,9,10,0.6577,0.8494,0.9472,0.5954,0.0229
4,0,9,11,0.5636,0.7831,0.9579,0.5049,0.0354
4,0,10,0,0.5802,0.7886,0.9561,0.5188,0.0240
4,0,10,1,0.5674,0.7848,0.9554,0.5090,0.0351
4,0,10,2,0.5688,0.7897,0.9562,0.5095,0.0332
4,0,10,3,0.5747,0.8043,0.9592,0.5126,0.0246
4,0,10,4,0.5976,0.8125,0.9443,0.5341,0.0171
4,0,10,5,0.5742,0.8562,0.9536,0.5039,0.0144
4,0,10,6,0.5688,0.7805,0.9553,0.5103,0.0344
4,0,10,7,0.5837,0.8013,0.9536,0.5217,0.0227
4,0,10,8,0.5661,0.7858,0.9549,0.5068,0.0337
4,0,10,9,0.6085,0.8520,0.9885,0.5446,0.0171
4,0,10,10,0.5649,0.7803,0.9571,0.5066,0.0359
4,0,10,11,0.6561,0.7627,0.9276,0.6049,0.0179
4,0,11,0,0.5285,0.7439,0.8976,0.4204,0.0710
4,0,11,1,0.5778,0.8142,0.9481,0.5131,0.0206
4,0,11,2,0.5796,0.7818,0.9496,0.5206,0.0305
4,0,11,3,0.6291,0.8239,0.9331,0.5588,0.0317
4,0,11,4,0.6036,0.8092,0.9387,0.5388,0.0257
4,0,11,5,0.5774,0.7915,0.9555,0.5167,0.0268
4,0,11,6,0.5679,0.7823,0.9538,0.5091,0.0348
4,0,11,7,0.5671,0.8119,0.9370,0.5010,0.0208
4,0,11,8,0.4814,0.7166,0.9806,0.3728,0.0500
4,0,11,9,0.5709,0.7855,0.9546,0.5123,0.0340
4,0,11,10,0.6880,0.8648,0.9208,0.6306,0.0271
4,0,11,11,0.6806,0.8583,0.9342,0.6232,0.0195
4,1,0,0,0.8685,0.8632,0.9692,0.8399,0.0440
4,1,0,1,0.1950,0.2802,0.8983,0.0721,0.0551
4,1,0,2,0.8435,0.8835,0.9978,0.8074,0.0368
4,1,0,3,0.3116,0.3571,0.8860,0.1896,0.0297
4,1,0,4,0.5811,0.5850,0.9813,0.4831,0.0205
4,1,0,5,0.3303,0.3643,0.8527,0.2077,0.0219
4,1,0,6,0.8386,0.8393,0.9825,0.8015,0.0427
4,1,0,7,0.7680,0.7875,0.9907,0.7112,0.0427
4,1,0,8,0.7399,0.8206,0.9995,0.6770,0.0327
4,1,0,9,0.8836,0.8917,0.9750,0.8603,0.0514
4,1,0,10,0.8253,0.8236,0.9904,0.7856,0.0511
4,1,0,11,0.8926,0.8994,0.9728,0.8723,0.0495
4,1,1,0,0.8298,0.8221,1.0000,0.7902,0.0348
4,1,1,1,0.9245,0.9394,0.9969,0.9093,0.0348
4,1,1,2,0.9005,0.9274,0.9999,0.8789,0.0373
4,1,1,3,0.8738,0.8358,0.9840,0.8459,0.0381
4,1,1,4,0.9246,0.9292,0.9949,0.9082,0.0287
4,1,1,5,0.8887,0.8834,1.0000,0.8640,0.0211
4,1,1,6,0.8959,0.8727,0.9854,0.8747,0.0170
4,1,1,7,0.9187,0.9301,0.9982,0.9011,0.0254
4,1,1,8,0.9329,0.9449,0.9994,0.9185,0.0214
4,1,1,9,0.9149,0.9153,0.9990,0.8981,0.0213
4,1,1,10,0.3492,0.5865,0.9998,0.1768,0.0487
4,1,1,11,0.4435,0.4254,0.8821,0.3342,0.0146
4,1,2,0,0.8958,0.8933,0.9957,0.8730,0.0303
4,1,2,1,0.8947,0.8816,0.9999,0.8775,0.0325
4,1,2,2,0.6287,0.6561,0.9806,0.5496,0.0130
4,1,2,3,0.8201,0.8000,0.9998,0.7778,0.0416
4,1,2,4,0.8950,0.9227,1.0000,0.8720,0.0144
4,1,2,5,0.8024,0.8452,1.0000,0.7574,0.0216
4,1,2,6,0.9042,0.9248,0.9993,0.8853,0.0162
4,1,2,7,0.7594,0.7481,0.9908,0.6995,0.0533
4,1,2,8,0.6913,0.8441,0.9977,0.6217,0.0176
4,1,2,9,0.7075,0.7118,0.9948,0.6400,0.0211
4,1,2,10,0.8929,0.8920,0.9906,0.8710,0.0448
4,1,2,11,0.9051,0.8933,1.0000,0.8860,0.0252
4,1,3,0,0.8547,0.8328,0.9977,0.8362,0.0517
4,1,3,1,0.9410,0.9385,0.9985,0.9290,0.0111
4,1,3,2,0.7015,0.7011,0.9995,0.6297,0.0286
4,1,3,3,0.8448,0.8737,0.9965,0.8126,0.0132
4,1,3,4,0.8595,0.8415,0.9991,0.8408,0.0502
4,1,3,5,0.8871,0.9026,0.9975,0.8639,0.0162
4,1,3,6,0.8521,0.8464,0.9967,0.8183,0.0324
4,1,3,7,0.7308,0.7071,0.9645,0.6715,0.0183
4,1,3,8,0.8662,0.8705,0.9989,0.8364,0.0224
4,1,3,9,0.8084,0.8374,0.9988,0.7664,0.0162
4,1,3,10,0.9056,0.8925,0.9965,0.8871,0.0162
4,1,3,11,0.7657,0.8537,0.9989,0.7127,0.0173
4,1,4,0,0.5757,0.8255,0.9403,0.4986,0.0238
4,1,4,1,1.0000,1.0000,1.0000,1.0000,0.0000
4,1,4,2,0.8724,0.8511,1.0000,0.8528,0.0400
4,1,4,3,0.8495,0.8476,0.9991,0.8176,0.0087
4,1,4,4,0.8807,0.8707,1.0000,0.8607,0.0319
4,1,4,5,0.9096,0.9008,1.0000,0.8906,0.0130
4,1,4,6,0.9016,0.9108,0.9944,0.8802,0.0195
4,1,4,7,0.6693,0.6821,0.9684,0.5966,0.0129
4,1,4,8,0.8905,0.9080,1.0000,0.8710,0.0259
4,1,4,9,0.7899,0.8378,0.9867,0.7408,0.0270
4,1,4,10,0.8662,0.8582,0.9985,0.8469,0.0440
4,1,4,11,0.4097,0.5571,0.8156,0.3229,0.0568
4,1,5,0,0.8633,0.8439,0.9977,0.8438,0.0437
4,1,5,1,0.8490,0.8202,0.9984,0.8314,0.0568
4,1,5,2,0.7906,0.8534,0.9762,0.7441,0.0144
4,1,5,3,0.9016,0.8939,0.9763,0.8802,0.0146
4,1,5,4,0.8407,0.8481,0.9972,0.8048,0.0176
4,1,5,5,0.8623,0.8390,0.9996,0.8437,0.0475
4,1,5,6,0.9123,0.8987,0.9992,0.8960,0.0179
4,1,5,7,0.8500,0.8433,0.9957,0.8213,0.0202
4,1,5,8,0.8629,0.8442,0.9999,0.8385,0.0259
4,1,5,9,0.8647,0.8431,0.9989,0.8458,0.0473
4,1,5,10,0.8254,0.8396,0.9921,0.7882,0.0089
4,1,5,11,0.8776,0.8848,0.9993,0.8544,0.0198
4,1,6,0,0.8313,0.8443,0.9849,0.7925,0.0273
4,1,6,1,0.8469,0.8414,0.9979,0.8201,0.0249
4,1,6,2,0.8934,0.8786,0.9996,0.8756,0.0329
4,1,6,3,0.8655,0.9141,0.9994,0.8360,0.0159
4,1,6,4,0.9026,0.9060,0.9989,0.8826,0.0178
4,1,6,5,0.9092,0.9019,0.9999,0.8915,0.0248
4,1,6,6,0.8844,0.8787,1.0000,0.8631,0.0241
4,1,6,7,0.8576,0.8626,0.9914,0.8279,0.0114
4,1,6,8,0.9200,0.9159,0.9997,0.9034,0.0094
4,1,6,9,0.8504,0.8228,0.9984,0.8327,0.0565
4,1,6,10,0.8645,0.8420,0.9991,0.8456,0.0475
4,1,6,11,0.9323,0.9255,0.9978,0.9189,0.0152
4,1,7,0,0.8907,0.8639,1.0000,0.8711,0.0214
4,1,7,1,0.8586,0.8364,0.9981,0.8393,0.0479
4,1,7,2,0.8494,0.8209,0.9984,0.8317,0.0568
4,1,7,3,0.8931,0.9095,1.0000,0.8713,0.0160
4,1,7,4,0.8651,0.8545,0.9996,0.8428,0.0308
4,1,7,5,0.9012,0.8871,0.9994,0.8829,0.0240
4,1,7,6,0.8857,0.8701,0.9993,0.8677,0.0365
4,1,7,7,0.8541,0.8308,0.9989,0.8356,0.0543
4,1,7,8,0.8680,0.8420,0.9977,0.8425,0.0171
4,1,7,9,0.9103,0.9016,0.9997,0.8951,0.0286
4,1,7,10,0.8498,0.8215,0.9984,0.8320,0.0568
4,1,7,11,0.8534,0.8267,0.9987,0.8355,0.0556
4,1,8,0,0.8792,0.8583,0.9998,0.8594,0.0351
4,1,8,1,0.8506,0.8237,0.9985,0.8324,0.0557
4,1,8,2,0.9233,0.9329,1.0000,0.9077,0.0190
4,1,8,3,0.8660,0.8561,0.9937,0.8446,0.0370
4,1,8,4,0.8862,0.8601,0.9989,0.8629,0.0124
4,1,8,5,0.9624,0.9494,0.9836,0.9554,0.0230
4,1,8,6,0.8453,0.8329,0.9992,0.8212,0.0375
4,1,8,7,0.8773,0.8580,0.9994,0.8552,0.0230
4,1,8,8,0.7932,0.8504,0.9929,0.7499,0.0094
4,1,8,9,0.8719,0.8605,0.9987,0.8504,0.0311
4,1,8,10,0.8927,0.8907,0.9999,0.8707,0.0175
4,1,8,11,0.8699,0.8784,0.9986,0.8473,0.0278
4,1,9,0,0.8718,0.8621,0.9965,0.8501,0.0295
4,1,9,1,0.8538,0.8285,0.9985,0.8359,0.0548
4,1,9,2,0.8556,0.8334,0.9986,0.8373,0.0535
4,1,9,3,0.9371,0.9269,0.9995,0.9241,0.0100
4,1,9,4,0.8483,0.8336,0.9987,0.8288,0.0522
4,1,9,5,0.8803,0.8692,0.9985,0.8614,0.0365
4,1,9,6,0.8508,0.8225,0.9985,0.8331,0.0563
4,1,9,7,0.8654,0.8720,0.9968,0.8421,0.0271
4,1,9,8,0.8621,0.8470,0.9985,0.8429,0.0462
4,1,9,9,0.8494,0.8218,0.9984,0.8315,0.0567
4,1,9,10,0.9066,0.8937,0.9998,0.8872,0.0089
4,1,9,11,0.8541,0.8269,0.9984,0.8365,0.0557
4,1,10,0,0.8599,0.8412,0.9988,0.8396,0.0443
4,1,10,1,0.8523,0.8254,0.9989,0.8341,0.0554
4,1,10,2,0.8594,0.8354,0.9987,0.8417,0.0535
4,1,10,3,0.8726,0.8564,0.9982,0.8545,0.0449
4,1,10,4,0.8910,0.8786,0.9999,0.8731,0.0327
4,1,10,5,0.9095,0.9184,0.9991,0.8934,0.0179
4,1,10,6,0.8516,0.8257,0.9989,0.8331,0.0548
4,1,10,7,0.8723,0.8522,0.9991,0.8533,0.0424
4,1,10,8,0.8572,0.8308,0.9990,0.8394,0.0540
4,1,10,9,0.8497,0.8124,0.9810,0.8230,0.0279
4,1,10,10,0.8512,0.8228,0.9986,0.8333,0.0562
4,1,10,11,0.8211,0.7865,0.9994,0.7932,0.0405
4,1,11,0,0.7704,0.7874,0.9940,0.7139,0.0475
4,1,11,1,0.8831,0.8642,0.9997,0.8648,0.0375
4,1,11,2,0.8529,0.8302,0.9996,0.8332,0.0508
4,1,11,3,0.8873,0.9036,0.9998,0.8630,0.0102
4,1,11,4,0.8881,0.8672,1.0000,0.8684,0.0302
4,1,11,5,0.8565,0.8431,0.9989,0.8365,0.0471
4,1,11,6,0.8529,0.8263,0.9991,0.8346,0.0551
4,1,11,7,0.8713,0.8506,1.0000,0.8512,0.0379
4,1,11,8,0.3496,0.6353,0.9888,0.1920,0.0284
4,1,11,9,0.8533,0.8281,0.9990,0.8350,0.0543
4,1,11,10,0.9056,0.9006,0.9986,0.8858,0.0148
4,1,11,11,0.8874,0.8750,0.9998,0.8644,0.0113
4,2,0,0,0.8500,0.8310,0.9686,0.8334,0.0792
4,2,0,1,0.1432,0.1763,0.8994,0.0338,0.0154
4,2,0,2,0.7647,0.7611,0.9976,0.7256,0.0730
4,2,0,3,0.2433,0.2358,0.8872,0.1317,0.0205
4,2,0,4,0.4703,0.4336,0.9818,0.3705,0.0567
4,2,0,5,0.2741,0.2458,0.8540,0.1638,0.0238
4,2,0,6,0.7762,0.7565,0.9820,0.7412,0.0802
4,2,0,7,0.6052,0.5930,0.9904,0.5284,0.0811
4,2,0,8,0.6220,0.6409,0.9995,0.5508,0.0689
4,2,0,9,0.8234,0.8163,0.9745,0.8018,0.0844
4,2,0,10,0.7675,0.7328,0.9901,0.7328,0.0863
4,2,0,11,0.8371,0.8239,0.9723,0.8197,0.0829
4,2,1,0,0.6675,0.6248,1.0000,0.6068,0.0703
4,2,1,1,0.8269,0.8169,0.9967,0.8016,0.0719
4,2,1,2,0.7954,0.7912,0.9999,0.7629,0.0732
4,2,1,3,0.9166,0.8792,0.9836,0.9134,0.0660
4,2,1,4,0.9550,0.9508,0.9946,0.9531,0.0490
4,2,1,5,0.8393,0.7842,1.0000,0.8150,0.0586
4,2,1,6,0.9080,0.8556,0.9858,0.8945,0.0303
4,2,1,7,0.9541,0.9523,0.9981,0.9506,0.0451
4,2,1,8,0.9403,0.9369,0.9994,0.9349,0.0490
4,2,1,9,0.9791,0.9790,0.9991,0.9772,0.0276
4,2,1,10,0.2245,0.4581,0.9999,0.0558,0.0843
4,2,1,11,0.3909,0.3064,0.8832,0.2922,0.0321
4,2,2,0,0.7778,0.7289,0.9954,0.7413,0.0678
4,2,2,1,0.9954,0.9953,0.9999,0.9948,0.0090
4,2,2,2,0.4361,0.4359,0.9811,0.3380,0.0429
4,2,2,3,0.7095,0.6711,0.9997,0.6580,0.0765
4,2,2,4,0.7498,0.7655,1.0000,0.7076,0.0535
4,2,2,5,0.6165,0.6103,1.0000,0.5471,0.0600
4,2,2,6,0.9615,0.9671,0.9994,0.9567,0.0292
4,2,2,7,0.6444,0.6075,0.9905,0.5765,0.0905
4,2,2,8,0.5226,0.6695,0.9979,0.4360,0.0525
4,2,2,9,0.5798,0.5433,0.9950,0.5028,0.0586
4,2,2,10,0.8305,0.8012,0.9903,0.8087,0.0794
4,2,2,11,0.9886,0.9851,1.0000,0.9885,0.0271
4,2,3,0,0.9958,0.9955,0.9979,0.9957,0.0124
4,2,3,1,0.9642,0.9546,0.9987,0.9603,0.0337
4,2,3,2,0.5813,0.5507,0.9996,0.5020,0.0654
4,2,3,3,0.8069,0.8184,0.9967,0.7759,0.0402
4,2,3,4,0.9980,0.9977,0.9992,0.9980,0.0105
4,2,3,5,0.9654,0.9623,0.9973,0.9619,0.0333
4,2,3,6,0.7434,0.7059,0.9969,0.6994,0.0702
4,2,3,7,0.6837,0.6257,0.9652,0.6292,0.0532
4,2,3,8,0.7739,0.7387,0.9988,0.7362,0.0602
4,2,3,9,0.7246,0.7179,0.9989,0.6778,0.0495
4,2,3,10,0.9751,0.9588,0.9967,0.9725,0.0273
4,2,3,11,0.6557,0.7297,0.9990,0.5947,0.0538
4,2,4,0,0.5901,0.8022,0.9411,0.5280,0.0235
4,2,4,1,0.8724,0.8511,1.0000,0.8528,0.0400
4,2,4,2,1.0000,1.0000,1.0000,1.0000,0.0000
4,2,4,3,0.8983,0.8850,0.9992,0.8836,0.0411
4,2,4,4,0.9962,0.9956,0.9999,0.9957,0.0081
4,2,4,5,0.9241,0.8822,1.0000,0.9139,0.0432
4,2,4,6,0.9452,0.9435,0.9942,0.9400,0.0459
4,2,4,7,0.5657,0.5230,0.9690,0.4890,0.0487
4,2,4,8,0.9838,0.9815,1.0000,0.9817,0.0157
4,2,4,9,0.7684,0.7921,0.9863,0.7298,0.0654
4,2,4,10,0.9962,0.9954,0.9987,0.9958,0.0062
4,2,4,11,0.2380,0.3610,0.8170,0.1425,0.0171
4,2,5,0,0.9892,0.9926,0.9979,0.9878,0.0103
4,2,5,1,0.9956,0.9951,0.9985,0.9959,0.0171
4,2,5,2,0.8573,0.8934,0.9757,0.8357,0.0487
4,2,5,3,0.9373,0.9172,0.9757,0.9305,0.0467
4,2,5,4,0.8987,0.8825,0.9970,0.8860,0.0560
4,2,5,5,0.9957,0.9959,0.9996,0.9953,0.0094
4,2,5,6,0.9565,0.9395,0.9991,0.9504,0.0271
4,2,5,7,0.9659,0.9496,0.9955,0.9615,0.0246
4,2,5,8,0.9725,0.9667,0.9999,0.9687,0.0163
4,2,5,9,0.9978,0.9981,0.9990,0.9976,0.0076
4,2,5,10,0.8911,0.8796,0.9924,0.8752,0.0432
4,2,5,11,0.9863,0.9845,0.9993,0.9851,0.0208
4,2,6,0,0.7899,0.8291,0.9845,0.7558,0.0667
4,2,6,1,0.9672,0.9718,0.9978,0.9625,0.0176
4,2,6,2,0.9965,0.9960,0.9996,0.9961,0.0087
4,2,6,3,0.8706,0.8824,0.9995,0.8514,0.0543
4,2,6,4,0.9662,0.9624,0.9988,0.9627,0.0330
4,2,6,5,0.9862,0.9854,0.9999,0.9853,0.0229
4,2,6,6,0.9812,0.9745,1.0000,0.9789,0.0181
4,2,6,7,0.9114,0.9043,0.9917,0.8987,0.0410
4,2,6,8,0.9170,0.9068,0.9997,0.9053,0.0411
4,2,6,9,0.9958,0.9953,0.9985,0.9960,0.0168
4,2,6,10,0.9974,0.9974,0.9992,0.9972,0.0078
4,2,6,11,0.9626,0.9396,0.9976,0.9580,0.0289
4,2,7,0,0.9595,0.9379,1.0000,0.9537,0.0240
4,2,7,1,0.9970,0.9955,0.9982,0.9968,0.0098
4,2,7,2,0.9959,0.9954,0.9985,0.9961,0.0171
4,2,7,3,0.9639,0.9680,1.0000,0.9599,0.0332
4,2,7,4,0.9876,0.9852,0.9996,0.9858,0.0162
4,2,7,5,0.9913,0.9906,0.9993,0.9907,0.0183
4,2,7,6,0.9965,0.9955,0.9994,0.9961,0.0041
4,2,7,7,0.9972,0.9969,0.9990,0.9973,0.0146
4,2,7,8,0.9270,0.8877,0.9979,0.9163,0.0241
4,2,7,9,0.9913,0.9899,0.9996,0.9903,0.0114
4,2,7,10,0.9959,0.9954,0.9985,0.9960,0.0171
4,2,7,11,0.9966,0.9962,0.9988,0.9967,0.0159
4,2,8,0,0.9905,0.9895,0.9997,0.9891,0.0078
4,2,8,1,0.9962,0.9958,0.9986,0.9963,0.0160
4,2,8,2,0.9661,0.9670,1.0000,0.9625,0.0324
4,2,8,3,0.9783,0.9635,0.9940,0.9752,0.0100
4,2,8,4,0.9396,0.9088,0.9987,0.9317,0.0362
4,2,8,5,0.8896,0.8629,0.9831,0.8760,0.0608
4,2,8,6,0.9827,0.9872,0.9993,0.9803,0.0108
4,2,8,7,0.9712,0.9546,0.9993,0.9672,0.0195
4,2,8,8,0.7856,0.7939,0.9932,0.7508,0.0402
4,2,8,9,0.9932,0.9898,0.9989,0.9923,0.0095
4,2,8,10,0.9759,0.9736,0.9999,0.9742,0.0302
4,2,8,11,0.9862,0.9862,0.9987,0.9844,0.0132
4,2,9,0,0.9819,0.9746,0.9967,0.9794,0.0146
4,2,9,1,0.9969,0.9964,0.9986,0.9971,0.0151
4,2,9,2,0.9968,0.9964,0.9987,0.9968,0.0138
4,2,9,3,0.9161,0.9046,0.9995,0.9040,0.0370
4,2,9,4,0.9971,0.9968,0.9988,0.9971,0.0125
4,2,9,5,0.9934,0.9924,0.9986,0.9925,0.0057
4,2,9,6,0.9962,0.9958,0.9986,0.9965,0.0167
4,2,9,7,0.9834,0.9826,0.9970,0.9812,0.0138
4,2,9,8,0.9967,0.9966,0.9986,0.9963,0.0071
4,2,9,9,0.9961,0.9955,0.9985,0.9963,0.0170
4,2,9,10,0.9137,0.8694,0.9998,0.9014,0.0406
4,2,9,11,0.9965,0.9961,0.9986,0.9967,0.0160
4,2,10,0,0.9947,0.9941,0.9989,0.9940,0.0075
4,2,10,1,0.9968,0.9965,0.9990,0.9970,0.0157
4,2,10,2,0.9976,0.9974,0.9989,0.9977,0.0138
4,2,10,3,0.9975,0.9972,0.9983,0.9972,0.0068
4,2,10,4,0.9918,0.9931,1.0000,0.9907,0.0095
4,2,10,5,0.9380,0.9177,0.9992,0.9289,0.0294
4,2,10,6,0.9964,0.9962,0.9990,0.9964,0.0151
4,2,10,7,0.9976,0.9977,0.9992,0.9973,0.0033
4,2,10,8,0.9967,0.9968,0.9991,0.9967,0.0143
4,2,10,9,0.9066,0.8360,0.9814,0.8927,0.0127
4,2,10,10,0.9961,0.9959,0.9987,0.9963,0.0165
4,2,10,11,0.9667,0.9547,0.9993,0.9620,0.0138
4,2,11,0,0.6762,0.6506,0.9938,0.6167,0.0856
4,2,11,1,0.9976,0.9973,0.9998,0.9972,0.0054
4,2,11,2,0.9977,0.9973,0.9997,0.9977,0.0111
4,2,11,3,0.8945,0.8963,0.9997,0.8795,0.0473
4,2,11,4,0.9967,0.9958,1.0000,0.9965,0.0130
4,2,11,5,0.9973,0.9972,0.9990,0.9970,0.0087
4,2,11,6,0.9970,0.9967,0.9992,0.9971,0.0154
4,2,11,7,0.9965,0.9956,0.9999,0.9960,0.0040
4,2,11,8,0.2096,0.4798,0.9891,0.0521,0.0675
4,2,11,9,0.9973,0.9968,0.9991,0.9974,0.0146
4,2,11,10,0.9632,0.9552,0.9984,0.9600,0.0370
4,2,11,11,0.9532,0.9349,0.9998,0.9474,0.0348
4,3,0,0,0.9102,0.8936,0.9578,0.8911,0.0406
4,3,0,1,0.1922,0.3213,0.9161,0.0652,0.0565
4,3,0,2,0.8338,0.8607,0.9941,0.7930,0.0341
4,3,0,3,0.3115,0.3976,0.9049,0.1859,0.0314
4,3,0,4,0.5928,0.6165,0.9886,0.4941,0.0178
4,3,0,5,0.3249,0.4043,0.8741,0.1976,0.0237
4,3,0,6,0.8449,0.8363,0.9736,0.8069,0.0403
4,3,0,7,0.7466,0.7488,0.9840,0.6807,0.0406
4,3,0,8,0.7067,0.7667,0.9973,0.6320,0.0294
4,3,0,9,0.8785,0.8721,0.9647,0.8509,0.0478
4,3,0,10,0.8164,0.8299,0.9836,0.7706,0.0481
4,3,0,11,0.8958,0.8846,0.9621,0.8738,0.0452
4,3,1,0,0.7922,0.7808,0.9994,0.7407,0.0321
4,3,1,1,0.8710,0.8806,0.9927,0.8400,0.0321
4,3,1,2,0.8472,0.8643,0.9996,0.8101,0.0349
4,3,1,3,0.8949,0.8660,0.9755,0.8706,0.0322
4,3,1,4,0.9365,0.9358,0.9897,0.9220,0.0229
4,3,1,5,0.8403,0.8378,0.9994,0.8022,0.0187
4,3,1,6,0.8510,0.8406,0.9917,0.8198,0.0130
4,3,1,7,0.9379,0.9355,0.9948,0.9238,0.0205
4,3,1,8,0.9191,0.9255,0.9971,0.9006,0.0168
4,3,1,9,0.9157,0.9154,1.0000,0.8988,0.0170
4,3,1,10,0.3812,0.6081,0.9997,0.2119,0.0473
4,3,1,11,0.4120,0.4546,0.9013,0.2929,0.0160
4,3,2,0,0.8223,0.8373,0.9908,0.7787,0.0279
4,3,2,1,0.9018,0.9031,0.9997,0.8860,0.0340
4,3,2,2,0.6126,0.6460,0.9880,0.5273,0.0141
4,3,2,3,0.8333,0.8392,0.9980,0.7920,0.0386
4,3,2,4,0.7503,0.8207,0.9993,0.6927,0.0165
4,3,2,5,0.7161,0.7696,0.9991,0.6482,0.0208
4,3,2,6,0.9088,0.9183,1.0000,0.8906,0.0141
4,3,2,7,0.7739,0.7583,0.9842,0.7147,0.0506
4,3,2,8,0.6561,0.8028,0.9997,0.5757,0.0146
4,3,2,9,0.7837,0.7803,0.9982,0.7320,0.0187
4,3,2,10,0.9037,0.9136,0.9840,0.8825,0.0411
4,3,2,11,0.9258,0.9215,0.9991,0.9106,0.0197
4,3,3,0,0.8715,0.8735,0.9997,0.8563,0.0532
4,3,3,1,0.9126,0.9116,0.9999,0.8943,0.0132
4,3,3,2,0.7467,0.7683,0.9999,0.6836,0.0262
4,3,3,3,0.8169,0.8588,0.9991,0.7777,0.0152
4,3,3,4,0.8837,0.8745,1.0000,0.8696,0.0516
4,3,3,5,0.9124,0.9240,0.9936,0.8939,0.0113
4,3,3,6,0.8839,0.8750,0.9993,0.8563,0.0300
4,3,3,7,0.8918,0.8691,0.9749,0.8672,0.0200
4,3,3,8,0.8049,0.8325,0.9960,0.7592,0.0260
4,3,3,9,0.8129,0.8420,1.0000,0.7704,0.0179
4,3,3,10,0.9195,0.9231,0.9991,0.9034,0.0154
4,3,3,11,0.7400,0.8423,1.0000,0.6787,0.0162
4,3,4,0,0.6749,0.8848,0.9539,0.6146,0.0262
4,3,4,1,0.8495,0.8476,0.9991,0.8176,0.0087
4,3,4,2,0.8983,0.8850,0.9992,0.8836,0.0411
4,3,4,3,1.0000,1.0000,1.0000,1.0000,0.0000
4,3,4,4,0.9007,0.8996,0.9987,0.8845,0.0333
4,3,4,5,0.9303,0.9190,0.9992,0.9151,0.0144
4,3,4,6,0.9568,0.9596,0.9890,0.9471,0.0143
4,3,4,7,0.6689,0.7128,0.9781,0.5935,0.0137
4,3,4,8,0.8975,0.9089,0.9994,0.8793,0.0260
4,3,4,9,0.8611,0.9052,0.9789,0.8277,0.0249
4,3,4,10,0.8830,0.8821,0.9999,0.8670,0.0454
4,3,4,11,0.4501,0.6015,0.8395,0.3677,0.0583
4,3,5,0,0.8688,0.8766,0.9997,0.8506,0.0451
4,3,5,1,0.8698,0.8607,0.9999,0.8563,0.0583
4,3,5,2,0.8677,0.9035,0.9661,0.8373,0.0168
4,3,5,3,0.9073,0.9205,0.9662,0.8863,0.0125
4,3,5,4,0.9587,0.9581,0.9931,0.9495,0.0159
4,3,5,5,0.8766,0.8752,0.9999,0.8609,0.0489
4,3,5,6,0.8786,0.8850,0.9966,0.8556,0.0210
4,3,5,7,0.8929,0.8799,0.9909,0.8721,0.0210
4,3,5,8,0.8745,0.8869,0.9986,0.8521,0.0276
4,3,5,9,0.8890,0.8798,1.0000,0.8747,0.0487
4,3,5,10,0.9476,0.9368,0.9965,0.9360,0.0081
4,3,5,11,0.9176,0.9114,0.9969,0.9019,0.0203
4,3,6,0,0.8342,0.8789,0.9767,0.7941,0.0310
4,3,6,1,0.9078,0.8917,0.9943,0.8923,0.0263
4,3,6,2,0.9030,0.8972,0.9999,0.8871,0.0330
4,3,6,3,0.8945,0.9003,1.0000,0.8704,0.0167
4,3,6,4,0.8749,0.9123,0.9960,0.8486,0.0129
4,3,6,5,0.9218,0.9174,0.9985,0.9064,0.0198
4,3,6,6,0.8919,0.8916,0.9993,0.8718,0.0243
4,3,6,7,0.9300,0.9443,0.9960,0.9150,0.0119
4,3,6,8,0.9289,0.9364,0.9999,0.9137,0.0083
4,3,6,9,0.8708,0.8621,0.9999,0.8571,0.0579
4,3,6,10,0.8854,0.8777,1.0000,0.8705,0.0489
4,3,6,11,0.8892,0.9091,0.9941,0.8667,0.0151
4,3,7,0,0.8865,0.8900,0.9993,0.8659,0.0235
4,3,7,1,0.8874,0.8860,0.9998,0.8734,0.0494
4,3,7,2,0.8710,0.8619,0.9999,0.8575,0.0583
4,3,7,3,0.9411,0.9379,0.9989,0.9289,0.0124
4,3,7,4,0.9179,0.9146,0.9976,0.9053,0.0322
4,3,7,5,0.9141,0.9144,0.9970,0.8981,0.0229
4,3,7,6,0.9075,0.9012,1.0000,0.8937,0.0379
4,3,7,7,0.8792,0.8712,1.0000,0.8655,0.0557
4,3,7,8,0.9514,0.9526,0.9997,0.9423,0.0173
4,3,7,9,0.9078,0.9026,0.9978,0.8922,0.0297
4,3,7,10,0.8711,0.8622,0.9999,0.8574,0.0583
4,3,7,11,0.8751,0.8648,1.0000,0.8614,0.0570
4,3,8,0,0.8793,0.8750,0.9980,0.8596,0.0359
4,3,8,1,0.8748,0.8637,0.9999,0.8612,0.0571
4,3,8,2,0.9224,0.9247,0.9991,0.9063,0.0138
4,3,8,3,0.8698,0.8745,0.9976,0.8492,0.0384
4,3,8,4,0.8998,0.8976,0.9959,0.8786,0.0125
4,3,8,5,0.8780,0.8824,0.9750,0.8491,0.0210
4,3,8,6,0.9033,0.8851,1.0000,0.8896,0.0389
4,3,8,7,0.8902,0.8977,0.9971,0.8704,0.0244
4,3,8,8,0.8145,0.8288,0.9971,0.7745,0.0102
4,3,8,9,0.9233,0.9154,1.0000,0.9113,0.0325
4,3,8,10,0.9217,0.9244,0.9996,0.9053,0.0132
4,3,8,11,0.9053,0.8949,0.9999,0.8892,0.0292
4,3,9,0,0.8856,0.8853,0.9991,0.8665,0.0306
4,3,9,1,0.8753,0.8671,0.9999,0.8615,0.0562
4,3,9,2,0.8778,0.8682,0.9999,0.8637,0.0549
4,3,9,3,0.8518,0.8545,0.9974,0.8203,0.0121
4,3,9,4,0.8803,0.8723,1.0000,0.8666,0.0537
4,3,9,5,0.8859,0.8914,0.9999,0.8682,0.0376
4,3,9,6,0.8726,0.8646,0.9999,0.8591,0.0578
4,3,9,7,0.9089,0.9047,0.9993,0.8936,0.0286
4,3,9,8,0.8926,0.8815,0.9999,0.8789,0.0476
4,3,9,9,0.8714,0.8625,0.9999,0.8578,0.0581
4,3,9,10,0.8912,0.9015,0.9998,0.8679,0.0113
4,3,9,11,0.8745,0.8649,0.9999,0.8608,0.0571
4,3,10,0,0.8895,0.8770,1.0000,0.8747,0.0457
4,3,10,1,0.8756,0.8672,1.0000,0.8619,0.0568
4,3,10,2,0.8819,0.8734,1.0000,0.8685,0.0549
4,3,10,3,0.8963,0.8921,0.9998,0.8827,0.0463
4,3,10,4,0.9039,0.8948,0.9995,0.8886,0.0341
4,3,10,5,0.8824,0.9160,1.0000,0.8611,0.0206
4,3,10,6,0.8747,0.8650,1.0000,0.8606,0.0562
4,3,10,7,0.8959,0.8870,1.0000,0.8814,0.0438
4,3,10,8,0.8746,0.8669,1.0000,0.8603,0.0554
4,3,10,9,0.9149,0.9118,0.9883,0.9003,0.0287
4,3,10,10,0.8728,0.8632,0.9999,0.8591,0.0576
4,3,10,11,0.8451,0.8360,0.9970,0.8215,0.0419
4,3,11,0,0.7729,0.7865,0.9885,0.7138,0.0451
4,3,11,1,0.9011,0.8955,0.9998,0.8864,0.0383
4,3,11,2,0.8807,0.8694,0.9999,0.8662,0.0522
4,3,11,3,0.8699,0.8821,0.9980,0.8406,0.0097
4,3,11,4,0.9044,0.8929,0.9989,0.8878,0.0284
4,3,11,5,0.8874,0.8773,1.0000,0.8730,0.0486
4,3,11,6,0.8757,0.8662,1.0000,0.8617,0.0565
4,3,11,7,0.8870,0.8881,0.9986,0.8699,0.0390
4,3,11,8,0.3347,0.6265,0.9942,0.1681,0.0292
4,3,11,9,0.8777,0.8690,1.0000,0.8639,0.0557
4,3,11,10,0.9378,0.9438,0.9954,0.9242,0.0111
4,3,11,11,0.9212,0.9387,0.9982,0.9047,0.0108
4,4,0,0,0.8665,0.8494,0.9711,0.8499,0.0714
4,4,0,1,0.1674,0.2071,0.8947,0.0564,0.0232
4,4,0,2,0.7867,0.7891,0.9983,0.7485,0.0652
4,4,0,3,0.2711,0.2692,0.8822,0.1587,0.0178
4,4,0,4,0.5051,0.4702,0.9798,0.4070,0.0489
4,4,0,5,0.3008,0.2787,0.8485,0.1896,0.0208
4,4,0,6,0.8016,0.7889,0.9839,0.7683,0.0724
4,4,0,7,0.6337,0.6254,0.9918,0.5582,0.0733
4,4,0,8,0.6396,0.6756,0.9997,0.5672,0.0611
4,4,0,9,0.8384,0.8346,0.9768,0.8161,0.0767
4,4,0,10,0.7898,0.7574,0.9915,0.7559,0.0786
4,4,0,11,0.8528,0.8434,0.9747,0.8350,0.0751
4,4,1,0,0.6926,0.6612,0.9999,0.6329,0.0622
4,4,1,1,0.8420,0.8387,0.9975,0.8165,0.0638
4,4,1,2,0.8125,0.8143,0.9998,0.7800,0.0651
4,4,1,3,0.9230,0.8858,0.9854,0.9180,0.0583
4,4,1,4,0.9631,0.9611,0.9957,0.9608,0.0413
4,4,1,5,0.8537,0.8137,0.9999,0.8294,0.0508
4,4,1,6,0.9266,0.8838,0.9839,0.9148,0.0225
4,4,1,7,0.9603,0.9630,0.9987,0.9562,0.0370
4,4,1,8,0.9476,0.9476,0.9997,0.9416,0.0413
4,4,1,9,0.9819,0.9824,0.9986,0.9796,0.0208
4,4,1,10,0.2469,0.4744,0.9997,0.0753,0.0762
4,4,1,11,0.4189,0.3389,0.8782,0.3201,0.0259
4,4,2,0,0.7961,0.7610,0.9964,0.7599,0.0597
4,4,2,1,0.9952,0.9953,0.9997,0.9944,0.0054
4,4,2,2,0.4646,0.4792,0.9790,0.3666,0.0354
4,4,2,3,0.7267,0.6972,0.9999,0.6745,0.0687
4,4,2,4,0.7725,0.7952,0.9999,0.7315,0.0457
4,4,2,5,0.6350,0.6444,1.0000,0.5649,0.0519
4,4,2,6,0.9639,0.9729,0.9989,0.9584,0.0224
4,4,2,7,0.6719,0.6338,0.9919,0.6053,0.0827
4,4,2,8,0.5548,0.6965,0.9971,0.4697,0.0448
4,4,2,9,0.6077,0.5825,0.9939,0.5318,0.0505
4,4,2,10,0.8525,0.8270,0.9917,0.8319,0.0716
4,4,2,11,0.9927,0.9902,1.0000,0.9925,0.0194
4,4,3,0,0.9935,0.9930,0.9971,0.9937,0.0198
4,4,3,1,0.9683,0.9619,0.9981,0.9639,0.0256
4,4,3,2,0.6021,0.5819,0.9992,0.5223,0.0576
4,4,3,3,0.8250,0.8437,0.9958,0.7949,0.0330
4,4,3,4,0.9943,0.9932,0.9987,0.9943,0.0183
4,4,3,5,0.9762,0.9740,0.9980,0.9734,0.0259
4,4,3,6,0.7614,0.7325,0.9961,0.7174,0.0624
4,4,3,7,0.6982,0.6580,0.9623,0.6429,0.0454
4,4,3,8,0.7904,0.7725,0.9993,0.7527,0.0530
4,4,3,9,0.7430,0.7446,0.9984,0.6965,0.0417
4,4,3,10,0.9796,0.9709,0.9958,0.9768,0.0195
4,4,3,11,0.6793,0.7536,0.9984,0.6189,0.0460
4,4,4,0,0.6070,0.8172,0.9375,0.5446,0.0214
4,4,4,1,0.8807,0.8707,1.0000,0.8607,0.0319
4,4,4,2,0.9962,0.9956,0.9999,0.9957,0.0081
4,4,4,3,0.9007,0.8996,0.9987,0.8845,0.0333
4,4,4,4,1.0000,1.0000,1.0000,1.0000,0.0000
4,4,4,5,0.9296,0.9014,1.0000,0.9187,0.0357
4,4,4,6,0.9521,0.9548,0.9952,0.9464,0.0381
4,4,4,7,0.6019,0.5652,0.9663,0.5278,0.0410
4,4,4,8,0.9888,0.9885,0.9999,0.9871,0.0102
4,4,4,9,0.7876,0.8132,0.9880,0.7493,0.0576
4,4,4,10,0.9965,0.9960,0.9981,0.9964,0.0130
4,4,4,11,0.2633,0.4016,0.8109,0.1670,0.0249
4,4,5,0,0.9884,0.9899,0.9971,0.9872,0.0159
4,4,5,1,0.9910,0.9890,0.9979,0.9913,0.0249
4,4,5,2,0.8727,0.9042,0.9779,0.8516,0.0410
4,4,5,3,0.9475,0.9335,0.9780,0.9408,0.0389
4,4,5,4,0.9094,0.8963,0.9977,0.8964,0.0483
4,4,5,5,0.9940,0.9931,0.9993,0.9939,0.0162
4,4,5,6,0.9649,0.9549,0.9995,0.9593,0.0213
4,4,5,7,0.9692,0.9548,0.9964,0.9645,0.0178
4,4,5,8,0.9773,0.9701,1.0000,0.9738,0.0121
4,4,5,9,0.9949,0.9942,0.9984,0.9947,0.0154
4,4,5,10,0.9052,0.8973,0.9911,0.8898,0.0354
4,4,5,11,0.9896,0.9908,0.9996,0.9882,0.0133
4,4,6,0,0.8066,0.8469,0.9863,0.7725,0.0589
4,4,6,1,0.9713,0.9754,0.9984,0.9668,0.0140
4,4,6,2,0.9973,0.9965,0.9993,0.9969,0.0041
4,4,6,3,0.8812,0.9003,0.9991,0.8616,0.0475
4,4,6,4,0.9756,0.9739,0.9992,0.9726,0.0252
4,4,6,5,0.9921,0.9918,1.0000,0.9913,0.0154
4,4,6,6,0.9834,0.9836,0.9999,0.9809,0.0106
4,4,6,7,0.9157,0.9196,0.9903,0.9021,0.0335
4,4,6,8,0.9303,0.9282,0.9994,0.9194,0.0337
4,4,6,9,0.9913,0.9898,0.9979,0.9916,0.0246
4,4,6,10,0.9941,0.9943,0.9987,0.9938,0.0156
4,4,6,11,0.9695,0.9562,0.9983,0.9651,0.0211
4,4,7,0,0.9617,0.9467,0.9999,0.9556,0.0203
4,4,7,1,0.9925,0.9925,0.9975,0.9921,0.0170
4,4,7,2,0.9912,0.9893,0.9979,0.9916,0.0249
4,4,7,3,0.9657,0.9728,1.0000,0.9609,0.0260
4,4,7,4,0.9843,0.9843,0.9998,0.9818,0.0135
4,4,7,5,0.9918,0.9932,0.9996,0.9907,0.0105
4,4,7,6,0.9943,0.9959,0.9989,0.9935,0.0049
4,4,7,7,0.9930,0.9918,0.9984,0.9931,0.0224
4,4,7,8,0.9237,0.9018,0.9971,0.9113,0.0167
4,4,7,9,0.9919,0.9934,0.9999,0.9907,0.0068
4,4,7,10,0.9913,0.9898,0.9979,0.9916,0.0249
4,4,7,11,0.9923,0.9908,0.9982,0.9925,0.0237
4,4,8,0,0.9901,0.9919,0.9999,0.9886,0.0073
4,4,8,1,0.9921,0.9903,0.9980,0.9923,0.0238
4,4,8,2,0.9718,0.9747,1.0000,0.9680,0.0268
4,4,8,3,0.9850,0.9735,0.9928,0.9828,0.0137
4,4,8,4,0.9431,0.9264,0.9992,0.9344,0.0294
4,4,8,5,0.9057,0.8885,0.9850,0.8928,0.0530
4,4,8,6,0.9827,0.9858,0.9989,0.9803,0.0144
4,4,8,7,0.9710,0.9608,0.9997,0.9665,0.0152
4,4,8,8,0.8032,0.8183,0.9919,0.7690,0.0324
4,4,8,9,0.9897,0.9903,0.9983,0.9881,0.0068
4,4,8,10,0.9809,0.9812,0.9998,0.9788,0.0224
4,4,8,11,0.9876,0.9888,0.9982,0.9857,0.0095
4,4,9,0,0.9862,0.9821,0.9958,0.9840,0.0119
4,4,9,1,0.9929,0.9912,0.9980,0.9931,0.0229
4,4,9,2,0.9927,0.9921,0.9981,0.9927,0.0216
4,4,9,3,0.9283,0.9220,0.9998,0.9169,0.0302
4,4,9,4,0.9933,0.9917,0.9983,0.9934,0.0203
4,4,9,5,0.9953,0.9947,0.9980,0.9946,0.0068
4,4,9,6,0.9914,0.9900,0.9980,0.9917,0.0244
4,4,9,7,0.9879,0.9877,0.9961,0.9860,0.0114
4,4,9,8,0.9944,0.9934,0.9980,0.9941,0.0146
4,4,9,9,0.9915,0.9896,0.9979,0.9918,0.0248
4,4,9,10,0.9219,0.8898,0.9996,0.9094,0.0344
4,4,9,11,0.9922,0.9906,0.9980,0.9925,0.0238
4,4,10,0,0.9920,0.9930,0.9983,0.9912,0.0143
4,4,10,1,0.9922,0.9910,0.9985,0.9923,0.0235
4,4,10,2,0.9931,0.9924,0.9983,0.9931,0.0216
4,4,10,3,0.9937,0.9940,0.9976,0.9932,0.0130
4,4,10,4,0.9932,0.9950,0.9998,0.9921,0.0052
4,4,10,5,0.9399,0.9290,0.9988,0.9303,0.0254
4,4,10,6,0.9922,0.9909,0.9985,0.9923,0.0229
4,4,10,7,0.9959,0.9960,0.9988,0.9956,0.0105
4,4,10,8,0.9926,0.9917,0.9986,0.9927,0.0221
4,4,10,9,0.9008,0.8477,0.9794,0.8850,0.0056
4,4,10,10,0.9917,0.9900,0.9981,0.9920,0.0243
4,4,10,11,0.9645,0.9516,0.9996,0.9595,0.0187
4,4,11,0,0.6961,0.6741,0.9949,0.6361,0.0778
4,4,11,1,0.9962,0.9953,0.9995,0.9958,0.0071
4,4,11,2,0.9941,0.9925,0.9993,0.9941,0.0189
4,4,11,3,0.9054,0.9161,0.9999,0.8904,0.0395
4,4,11,4,0.9966,0.9959,1.0000,0.9961,0.0059
4,4,11,5,0.9942,0.9937,0.9984,0.9939,0.0162
4,4,11,6,0.9929,0.9912,0.9987,0.9930,0.0232
4,4,11,7,0.9945,0.9930,1.0000,0.9938,0.0070
4,4,11,8,0.2328,0.4981,0.9875,0.0727,0.0594
4,4,11,9,0.9929,0.9916,0.9986,0.9930,0.0224
4,4,11,10,0.9683,0.9689,0.9990,0.9646,0.0292
4,4,11,11,0.9533,0.9509,1.0000,0.9464,0.0270
4,5,0,0,0.9001,0.8995,0.9688,0.8786,0.0430
4,5,0,1,0.1877,0.3594,0.8990,0.0608,0.0583
4,5,0,2,0.8307,0.8872,0.9977,0.7896,0.0365
4,5,0,3,0.3058,0.4388,0.8868,0.1801,0.0303
4,5,0,4,0.5787,0.6457,0.9817,0.4775,0.0183
4,5,0,5,0.3249,0.4455,0.8536,0.1986,0.0241
4,5,0,6,0.8399,0.8785,0.9821,0.8012,0.0427
4,5,0,7,0.7676,0.8139,0.9905,0.7084,0.0427
4,5,0,8,0.7095,0.8250,0.9995,0.6363,0.0317
4,5,0,9,0.8836,0.9037,0.9747,0.8583,0.0502
4,5,0,10,0.8215,0.8560,0.9902,0.7781,0.0505
4,5,0,11,0.8863,0.9077,0.9725,0.8622,0.0483
4,5,1,0,0.8584,0.8797,1.0000,0.8246,0.0338
4,5,1,1,0.8966,0.9239,0.9968,0.8728,0.0338
4,5,1,2,0.8607,0.8956,0.9999,0.8275,0.0367
4,5,1,3,0.9152,0.8930,0.9837,0.8969,0.0317
4,5,1,4,0.9482,0.9438,0.9947,0.9366,0.0306
4,5,1,5,0.8680,0.8899,1.0000,0.8372,0.0205
4,5,1,6,0.8931,0.8826,0.9856,0.8709,0.0224
4,5,1,7,0.9404,0.9362,0.9981,0.9271,0.0270
4,5,1,8,0.9389,0.9393,0.9994,0.9252,0.0233
4,5,1,9,0.9361,0.9177,0.9991,0.9234,0.0267
4,5,1,10,0.3703,0.6161,0.9999,0.1994,0.0478
4,5,1,11,0.4323,0.4997,0.8828,0.3183,0.0146
4,5,2,0,0.8869,0.9104,0.9955,0.8605,0.0297
4,5,2,1,0.9259,0.8986,0.9999,0.9145,0.0363
4,5,2,2,0.6705,0.7492,0.9809,0.5985,0.0089
4,5,2,3,0.8556,0.8524,0.9997,0.8211,0.0410
4,5,2,4,0.8344,0.8852,1.0000,0.7967,0.0129
4,5,2,5,0.7415,0.8185,1.0000,0.6804,0.0194
4,5,2,6,0.9203,0.9202,0.9993,0.9044,0.0203
4,5,2,7,0.7724,0.7873,0.9906,0.7137,0.0530
4,5,2,8,0.7194,0.8683,0.9978,0.6544,0.0173
4,5,2,9,0.7378,0.7609,0.9949,0.6756,0.0198
4,5,2,10,0.9020,0.9205,0.9904,0.8809,0.0435
4,5,2,11,0.9475,0.9238,1.0000,0.9368,0.0310
4,5,3,0,0.9067,0.8709,0.9978,0.8972,0.0549
4,5,3,1,0.9494,0.9404,0.9986,0.9390,0.0152
4,5,3,2,0.7870,0.8092,0.9995,0.7349,0.0276
4,5,3,3,0.8758,0.9105,0.9966,0.8493,0.0122
4,5,3,4,0.9078,0.8688,0.9991,0.8976,0.0533
4,5,3,5,0.9309,0.9237,0.9974,0.9164,0.0229
4,5,3,6,0.8868,0.8903,0.9969,0.8604,0.0314
4,5,3,7,0.8047,0.7950,0.9650,0.7606,0.0167
4,5,3,8,0.8623,0.9137,0.9988,0.8305,0.0186
4,5,3,9,0.8509,0.8727,0.9989,0.8174,0.0105
4,5,3,10,0.9391,0.9247,0.9966,0.9271,0.0187
4,5,3,11,0.7949,0.8625,0.9989,0.7472,0.0151
4,5,4,0,0.7085,0.8676,0.9409,0.6550,0.0244
4,5,4,1,0.9096,0.9008,1.0000,0.8906,0.0130
4,5,4,2,0.9241,0.8822,1.0000,0.9139,0.0432
4,5,4,3,0.9303,0.9190,0.9992,0.9151,0.0144
4,5,4,4,0.9296,0.9014,1.0000,0.9187,0.0357
4,5,4,5,1.0000,1.0000,1.0000,1.0000,0.0000
4,5,4,6,0.9366,0.9374,0.9942,0.9224,0.0192
4,5,4,7,0.6749,0.7289,0.9688,0.6015,0.0135
4,5,4,8,0.9290,0.9208,1.0000,0.9167,0.0300
4,5,4,9,0.8587,0.9308,0.9864,0.8251,0.0267
4,5,4,10,0.9141,0.8853,0.9986,0.9034,0.0471
4,5,4,11,0.4794,0.6510,0.8166,0.4023,0.0600
4,5,5,0,0.8933,0.8737,0.9978,0.8792,0.0468
4,5,5,1,0.9004,0.8566,0.9985,0.8916,0.0600
4,5,5,2,0.8499,0.9074,0.9758,0.8157,0.0135
4,5,5,3,0.9470,0.9371,0.9759,0.9351,0.0108
4,5,5,4,0.9278,0.9244,0.9970,0.9114,0.0170
4,5,5,5,0.9094,0.8733,0.9996,0.8991,0.0506
4,5,5,6,0.9536,0.9380,0.9991,0.9454,0.0189
4,5,5,7,0.9363,0.9161,0.9956,0.9243,0.0205
4,5,5,8,0.9046,0.8949,0.9999,0.8879,0.0275
4,5,5,9,0.9097,0.8737,0.9989,0.8989,0.0505
4,5,5,10,0.8840,0.8879,0.9923,0.8586,0.0095
4,5,5,11,0.9319,0.9174,0.9993,0.9191,0.0230
4,5,6,0,0.8755,0.9215,0.9846,0.8463,0.0257
4,5,6,1,0.9035,0.8867,0.9978,0.8871,0.0281
4,5,6,2,0.9309,0.8963,0.9996,0.9201,0.0367
4,5,6,3,0.8494,0.8891,0.9994,0.8154,0.0159
4,5,6,4,0.9225,0.9243,0.9988,0.9062,0.0225
4,5,6,5,0.9425,0.9191,0.9999,0.9313,0.0279
4,5,6,6,0.9130,0.9132,1.0000,0.8971,0.0276
4,5,6,7,0.8903,0.8943,0.9916,0.8668,0.0086
4,5,6,8,0.9444,0.9432,0.9997,0.9326,0.0103
4,5,6,9,0.9012,0.8592,0.9985,0.8923,0.0597
4,5,6,10,0.9098,0.8729,0.9991,0.8990,0.0506
4,5,6,11,0.9685,0.9634,0.9977,0.9623,0.0181
4,5,7,0,0.9488,0.9347,1.0000,0.9403,0.0221
4,5,7,1,0.9131,0.8732,0.9982,0.9034,0.0511
4,5,7,2,0.9010,0.8573,0.9985,0.8922,0.0600
4,5,7,3,0.9265,0.9163,1.0000,0.9112,0.0217
4,5,7,4,0.9401,0.9049,0.9996,0.9315,0.0340
4,5,7,5,0.9378,0.9102,0.9993,0.9265,0.0281
4,5,7,6,0.9259,0.8945,0.9993,0.9154,0.0397
4,5,7,7,0.9050,0.8652,0.9989,0.8954,0.0575
4,5,7,8,0.9208,0.9016,0.9978,0.9055,0.0206
4,5,7,9,0.9345,0.9082,0.9997,0.9239,0.0321
4,5,7,10,0.9016,0.8582,0.9985,0.8927,0.0600
4,5,7,11,0.9039,0.8609,0.9988,0.8947,0.0587
4,5,8,0,0.9134,0.8909,0.9997,0.8999,0.0383
4,5,8,1,0.9032,0.8594,0.9986,0.8941,0.0589
4,5,8,2,0.9309,0.9229,1.0000,0.9166,0.0222
4,5,8,3,0.9018,0.8854,0.9939,0.8870,0.0376
4,5,8,4,0.9423,0.9279,0.9988,0.9302,0.0095
4,5,8,5,0.9427,0.9427,0.9833,0.9302,0.0233
4,5,8,6,0.9022,0.8707,0.9993,0.8882,0.0406
4,5,8,7,0.9456,0.9278,0.9994,0.9365,0.0252
4,5,8,8,0.7637,0.8320,0.9931,0.7131,0.0078
4,5,8,9,0.9325,0.8975,0.9988,0.9222,0.0343
4,5,8,10,0.9236,0.9138,0.9999,0.9076,0.0206
4,5,8,11,0.9103,0.8958,0.9987,0.8952,0.0310
4,5,9,0,0.9136,0.8977,0.9966,0.8997,0.0327
4,5,9,1,0.9044,0.8625,0.9985,0.8953,0.0579
4,5,9,2,0.9059,0.8658,0.9986,0.8963,0.0567
4,5,9,3,0.9118,0.9023,0.9995,0.8933,0.0135
4,5,9,4,0.9041,0.8668,0.9988,0.8941,0.0554
4,5,9,5,0.9148,0.8908,0.9986,0.9022,0.0397
4,5,9,6,0.9021,0.8590,0.9985,0.8932,0.0595
4,5,9,7,0.9134,0.8959,0.9970,0.8990,0.0303
4,5,9,8,0.9102,0.8735,0.9986,0.8995,0.0494
4,5,9,9,0.9015,0.8580,0.9985,0.8926,0.0598
4,5,9,10,0.9685,0.9598,0.9998,0.9619,0.0089
4,5,9,11,0.9036,0.8608,0.9985,0.8946,0.0589
4,5,10,0,0.9082,0.8730,0.9988,0.8965,0.0475
4,5,10,1,0.9039,0.8615,0.9990,0.8947,0.0586
4,5,10,2,0.9082,0.8671,0.9988,0.8990,0.0567
4,5,10,3,0.9174,0.8828,0.9983,0.9074,0.0481
4,5,10,4,0.9204,0.8928,0.9999,0.9081,0.0359
4,5,10,5,0.9380,0.9338,0.9992,0.9274,0.0243
4,5,10,6,0.9030,0.8616,0.9990,0.8935,0.0579
4,5,10,7,0.9182,0.8811,0.9992,0.9075,0.0456
4,5,10,8,0.9050,0.8638,0.9990,0.8955,0.0571
4,5,10,9,0.9077,0.8742,0.9813,0.8917,0.0314
4,5,10,10,0.9023,0.8588,0.9987,0.8932,0.0594
4,5,10,11,0.8919,0.8594,0.9993,0.8765,0.0411
4,5,11,0,0.7585,0.7958,0.9939,0.6959,0.0475
4,5,11,1,0.9247,0.8897,0.9998,0.9141,0.0413
4,5,11,2,0.9070,0.8644,0.9996,0.8967,0.0540
4,5,11,3,0.8702,0.8997,0.9998,0.8413,0.0149
4,5,11,4,0.9318,0.8936,1.0000,0.9203,0.0343
4,5,11,5,0.9078,0.8717,0.9989,0.8968,0.0503
4,5,11,6,0.9048,0.8618,0.9992,0.8955,0.0583
4,5,11,7,0.9162,0.8846,0.9999,0.9043,0.0411
4,5,11,8,0.3369,0.6260,0.9890,0.1722,0.0271
4,5,11,9,0.9055,0.8637,0.9991,0.8962,0.0575
4,5,11,10,0.9514,0.9350,0.9985,0.9408,0.0154
4,5,11,11,0.9343,0.9254,0.9998,0.9206,0.0132
4,6,0,0,0.9387,0.9190,0.9897,0.9254,0.0337
4,6,0,1,0.2109,0.2684,0.8469,0.0825,0.0613
4,6,0,2,0.8808,0.8827,0.9992,0.8501,0.0271
4,6,0,3,0.3350,0.3484,0.8322,0.2093,0.0368
4,6,0,4,0.6104,0.5844,0.9556,0.5120,0.0194
4,6,0,5,0.3507,0.3533,0.7929,0.2239,0.0290
4,6,0,6,0.8859,0.8663,0.9966,0.8569,0.0349
4,6,0,7,0.7802,0.7713,0.9995,0.7200,0.0352
4,6,0,8,0.7621,0.7813,0.9972,0.6987,0.0246
4,6,0,9,0.9289,0.9111,0.9930,0.9137,0.0389
4,6,0,10,0.8719,0.8386,0.9995,0.8399,0.0405
4,6,0,11,0.9351,0.9193,0.9918,0.9223,0.0370
4,6,1,0,0.8100,0.7879,0.9937,0.7603,0.0254
4,6,1,1,0.9280,0.9242,0.9996,0.9102,0.0260
4,6,1,2,0.9071,0.9017,0.9930,0.8836,0.0276
4,6,1,3,0.9341,0.9036,0.9973,0.9185,0.0237
4,6,1,4,0.9833,0.9837,1.0000,0.9793,0.0121
4,6,1,5,0.8975,0.8642,0.9936,0.8719,0.0184
4,6,1,6,0.9138,0.8877,0.9619,0.8955,0.0159
4,6,1,7,0.9895,0.9872,0.9989,0.9870,0.0097
4,6,1,8,0.9762,0.9762,0.9974,0.9705,0.0067
4,6,1,9,0.9756,0.9718,0.9887,0.9714,0.0189
4,6,1,10,0.3754,0.5791,0.9924,0.1968,0.0416
4,6,1,11,0.4566,0.4066,0.8274,0.3426,0.0275
4,6,2,0,0.8926,0.8737,0.9999,0.8652,0.0232
4,6,2,1,0.9601,0.9604,0.9926,0.9562,0.0387
4,6,2,2,0.6134,0.6200,0.9544,0.5250,0.0192
4,6,2,3,0.8394,0.8201,0.9964,0.7968,0.0310
4,6,2,4,0.8332,0.8636,0.9939,0.7931,0.0190
4,6,2,5,0.7768,0.7849,0.9943,0.7211,0.0205
4,6,2,6,0.9692,0.9722,0.9897,0.9637,0.0192
4,6,2,7,0.7853,0.7438,0.9996,0.7251,0.0446
4,6,2,8,0.6843,0.8064,0.9850,0.6074,0.0143
4,6,2,9,0.7698,0.7454,0.9785,0.7121,0.0171
4,6,2,10,0.9353,0.9244,0.9995,0.9208,0.0335
4,6,2,11,0.9715,0.9718,0.9944,0.9661,0.0213
4,6,3,0,0.9224,0.9274,0.9850,0.9172,0.0579
4,6,3,1,0.9651,0.9654,0.9873,0.9580,0.0148
4,6,3,2,0.7215,0.7209,0.9906,0.6483,0.0249
4,6,3,3,0.8397,0.8772,0.9821,0.8043,0.0267
4,6,3,4,0.9361,0.9326,0.9889,0.9323,0.0563
4,6,3,5,0.9684,0.9724,0.9994,0.9619,0.0135
4,6,3,6,0.8667,0.8494,0.9827,0.8323,0.0243
4,6,3,7,0.8244,0.7937,0.9313,0.7827,0.0203
4,6,3,8,0.8740,0.8691,0.9982,0.8432,0.0298
4,6,3,9,0.8081,0.8397,0.9880,0.7627,0.0227
4,6,3,10,0.9623,0.9583,0.9821,0.9553,0.0227
4,6,3,11,0.7570,0.8472,0.9882,0.6973,0.0175
4,6,4,0,0.6566,0.8608,0.8992,0.5911,0.0351
4,6,4,1,0.9016,0.9108,0.9944,0.8802,0.0195
4,6,4,2,0.9452,0.9435,0.9942,0.9400,0.0459
4,6,4,3,0.9568,0.9596,0.9890,0.9471,0.0143
4,6,4,4,0.9521,0.9548,0.9952,0.9464,0.0381
4,6,4,5,0.9366,0.9374,0.9942,0.9224,0.0192
4,6,4,6,1.0000,1.0000,1.0000,1.0000,0.0000
4,6,4,7,0.6982,0.6779,0.9366,0.6267,0.0213
4,6,4,8,0.9563,0.9627,0.9936,0.9501,0.0308
4,6,4,9,0.8954,0.9112,0.9983,0.8689,0.0214
4,6,4,10,0.9376,0.9401,0.9872,0.9324,0.0502
4,6,4,11,0.4065,0.5282,0.7501,0.3142,0.0630
4,6,5,0,0.9383,0.9319,0.9850,0.9335,0.0498
4,6,5,1,0.9201,0.9194,0.9868,0.9164,0.0630
4,6,5,2,0.9278,0.9400,0.9936,0.9104,0.0216
4,6,5,3,0.9570,0.9659,0.9937,0.9468,0.0148
4,6,5,4,0.9688,0.9616,0.9995,0.9612,0.0168
4,6,5,5,0.9282,0.9319,0.9908,0.9226,0.0537
4,6,5,6,0.9257,0.9366,0.9979,0.9123,0.0314
4,6,5,7,0.9383,0.9345,0.9999,0.9270,0.0283
4,6,5,8,0.9355,0.9325,0.9956,0.9253,0.0352
4,6,5,9,0.9418,0.9371,0.9882,0.9381,0.0535
4,6,5,10,0.9433,0.9333,0.9734,0.9305,0.0157
4,6,5,11,0.9633,0.9645,0.9976,0.9573,0.0254
4,6,6,0,0.8601,0.8981,0.9977,0.8244,0.0332
4,6,6,1,0.9471,0.9450,0.9991,0.9398,0.0327
4,6,6,2,0.9552,0.9563,0.9909,0.9500,0.0378
4,6,6,3,0.9519,0.9427,0.9901,0.9404,0.0179
4,6,6,4,0.9529,0.9599,0.9983,0.9430,0.0154
4,6,6,5,0.9743,0.9742,0.9957,0.9700,0.0230
4,6,6,6,0.9506,0.9440,0.9940,0.9425,0.0300
4,6,6,7,0.9627,0.9549,0.9720,0.9547,0.0189
4,6,6,8,0.9528,0.9598,0.9914,0.9426,0.0178
4,6,6,9,0.9213,0.9207,0.9868,0.9175,0.0627
4,6,6,10,0.9385,0.9357,0.9890,0.9341,0.0537
4,6,6,11,0.9444,0.9611,0.9992,0.9334,0.0217
4,6,7,0,0.9181,0.9272,0.9940,0.9039,0.0321
4,6,7,1,0.9325,0.9358,0.9860,0.9276,0.0541
4,6,7,2,0.9210,0.9203,0.9868,0.9173,0.0630
4,6,7,3,0.9821,0.9825,0.9949,0.9788,0.0143
4,6,7,4,0.9470,0.9565,0.9969,0.9407,0.0370
4,6,7,5,0.9647,0.9684,0.9975,0.9593,0.0279
4,6,7,6,0.9561,0.9562,0.9897,0.9523,0.0427
4,6,7,7,0.9295,0.9284,0.9883,0.9258,0.0605
4,6,7,8,0.9639,0.9502,0.9850,0.9577,0.0230
4,6,7,9,0.9567,0.9641,0.9967,0.9512,0.0344
4,6,7,10,0.9210,0.9204,0.9869,0.9170,0.0630
4,6,7,11,0.9251,0.9238,0.9877,0.9213,0.0617
4,6,8,0,0.9358,0.9352,0.9964,0.9274,0.0410
4,6,8,1,0.9239,0.9219,0.9871,0.9199,0.0619
4,6,8,2,0.9775,0.9775,0.9944,0.9732,0.0135
4,6,8,3,0.9299,0.9292,0.9764,0.9212,0.0438
4,6,8,4,0.9355,0.9328,0.9983,0.9217,0.0211
4,6,8,5,0.9358,0.9417,0.9971,0.9199,0.0162
4,6,8,6,0.9447,0.9388,0.9895,0.9397,0.0437
4,6,8,7,0.9268,0.9386,0.9975,0.9145,0.0327
4,6,8,8,0.8725,0.8602,0.9748,0.8441,0.0178
4,6,8,9,0.9609,0.9609,0.9879,0.9569,0.0373
4,6,8,10,0.9767,0.9719,0.9930,0.9721,0.0167
4,6,8,11,0.9613,0.9528,0.9875,0.9568,0.0340
4,6,9,0,0.9352,0.9364,0.9821,0.9261,0.0354
4,6,9,1,0.9259,0.9253,0.9870,0.9221,0.0610
4,6,9,2,0.9281,0.9268,0.9873,0.9239,0.0597
4,6,9,3,0.9226,0.9190,0.9972,0.9059,0.0210
4,6,9,4,0.9303,0.9287,0.9878,0.9264,0.0584
4,6,9,5,0.9473,0.9478,0.9872,0.9418,0.0424
4,6,9,6,0.9223,0.9224,0.9870,0.9185,0.0625
4,6,9,7,0.9582,0.9559,0.9829,0.9531,0.0333
4,6,9,8,0.9418,0.9381,0.9872,0.9381,0.0524
4,6,9,9,0.9215,0.9208,0.9869,0.9177,0.0629
4,6,9,10,0.9251,0.9302,0.9920,0.9087,0.0176
4,6,9,11,0.9247,0.9239,0.9870,0.9208,0.0619
4,6,10,0,0.9394,0.9341,0.9879,0.9345,0.0505
4,6,10,1,0.9252,0.9248,0.9883,0.9213,0.0616
4,6,10,2,0.9301,0.9306,0.9879,0.9263,0.0597
4,6,10,3,0.9431,0.9451,0.9862,0.9391,0.0511
4,6,10,4,0.9568,0.9548,0.9931,0.9523,0.0389
4,6,10,5,0.9187,0.9453,0.9892,0.9048,0.0317
4,6,10,6,0.9250,0.9237,0.9883,0.9208,0.0610
4,6,10,7,0.9433,0.9432,0.9892,0.9384,0.0486
4,6,10,8,0.9258,0.9258,0.9886,0.9215,0.0602
4,6,10,9,0.9175,0.8968,0.9550,0.9038,0.0335
4,6,10,10,0.9226,0.9218,0.9874,0.9187,0.0624
4,6,10,11,0.8906,0.8896,0.9975,0.8758,0.0473
4,6,11,0,0.8127,0.7853,1.0000,0.7615,0.0397
4,6,11,1,0.9510,0.9524,0.9917,0.9465,0.0430
4,6,11,2,0.9310,0.9278,0.9910,0.9264,0.0570
4,6,11,3,0.9391,0.9299,0.9964,0.9248,0.0202
4,6,11,4,0.9540,0.9523,0.9949,0.9476,0.0332
4,6,11,5,0.9396,0.9347,0.9882,0.9356,0.0533
4,6,11,6,0.9257,0.9247,0.9891,0.9215,0.0613
4,6,11,7,0.9398,0.9432,0.9954,0.9333,0.0438
4,6,11,8,0.3530,0.6017,0.9675,0.1843,0.0267
4,6,11,9,0.9275,0.9268,0.9887,0.9236,0.0605
4,6,11,10,0.9725,0.9789,0.9986,0.9665,0.0143
4,6,11,11,0.9611,0.9615,0.9961,0.9530,0.0168
4,7,0,0,0.7260,0.6999,0.8770,0.6497,0.0362
4,7,0,1,0.7160,0.7710,0.9795,0.6758,0.0641
4,7,0,2,0.7984,0.7866,0.9496,0.7453,0.0290
4,7,0,3,0.8029,0.8283,0.9737,0.7684,0.0381
4,7,0,4,0.8771,0.8830,0.9983,0.8464,0.0114
4,7,0,5,0.7775,0.8145,0.9561,0.7361,0.0303
4,7,0,6,0.7496,0.7706,0.9048,0.6804,0.0349
4,7,0,7,0.8585,0.8381,0.9254,0.8216,0.0352
4,7,0,8,0.8111,0.8381,0.9603,0.7614,0.0249
4,7,0,9,0.7561,0.7240,0.8888,0.6878,0.0443
4,7,0,10,0.8533,0.8426,0.9246,0.8154,0.0433
4,7,0,11,0.7849,0.7631,0.8843,0.7252,0.0430
4,7,1,0,0.7922,0.8324,0.9701,0.7377,0.0276
4,7,1,1,0.7897,0.7851,0.9459,0.7344,0.0283
4,7,1,2,0.8298,0.8101,0.9716,0.7857,0.0311
4,7,1,3,0.6986,0.6654,0.9084,0.6164,0.0319
4,7,1,4,0.7173,0.6940,0.9381,0.6479,0.0286
4,7,1,5,0.8055,0.8316,0.9702,0.7567,0.0168
4,7,1,6,0.6574,0.6449,0.9967,0.5830,0.0229
4,7,1,7,0.6985,0.6728,0.9518,0.6272,0.0281
4,7,1,8,0.7233,0.6916,0.9595,0.6565,0.0235
4,7,1,9,0.6521,0.6150,0.9786,0.5788,0.0275
4,7,1,10,0.5431,0.7097,0.9726,0.4141,0.0416
4,7,1,11,0.8205,0.8367,0.9717,0.7837,0.0221
4,7,2,0,0.7575,0.7894,0.9409,0.6941,0.0229
4,7,2,1,0.6063,0.5751,0.9723,0.5336,0.0416
4,7,2,2,0.7060,0.8412,0.9985,0.6389,0.0106
4,7,2,3,0.7743,0.8143,0.9628,0.7135,0.0338
4,7,2,4,0.7499,0.7604,0.9696,0.6899,0.0079
4,7,2,5,0.7628,0.8005,0.9686,0.7038,0.0163
4,7,2,6,0.6937,0.6632,0.9771,0.6295,0.0227
4,7,2,7,0.8644,0.8518,0.9257,0.8304,0.0452
4,7,2,8,0.6609,0.7684,0.9831,0.5785,0.0124
4,7,2,9,0.7307,0.8015,0.9888,0.6635,0.0156
4,7,2,10,0.8422,0.8439,0.9253,0.8004,0.0376
4,7,2,11,0.6581,0.6312,0.9685,0.5850,0.0289
4,7,3,0,0.5435,0.5208,0.9831,0.4714,0.0608
4,7,3,1,0.6844,0.6581,0.9805,0.6159,0.0186
4,7,3,2,0.7046,0.7898,0.9758,0.6271,0.0208
4,7,3,3,0.6248,0.7303,0.9859,0.5416,0.0114
4,7,3,4,0.5454,0.5069,0.9783,0.4717,0.0592
4,7,3,5,0.6490,0.6182,0.9482,0.5720,0.0217
4,7,3,6,0.7809,0.8317,0.9853,0.7235,0.0262
4,7,3,7,0.7198,0.7952,0.9999,0.6534,0.0159
4,7,3,8,0.7452,0.7843,0.9557,0.6829,0.0156
4,7,3,9,0.6443,0.7163,0.9794,0.5603,0.0122
4,7,3,10,0.7092,0.7208,0.9859,0.6482,0.0221
4,7,3,11,0.6577,0.7435,0.9792,0.5737,0.0098
4,7,4,0,0.4873,0.6817,0.9955,0.3883,0.0325
4,7,4,1,0.6693,0.6821,0.9684,0.5966,0.0129
4,7,4,2,0.5657,0.5230,0.9690,0.4890,0.0487
4,7,4,3,0.6689,0.7128,0.9781,0.5935,0.0137
4,7,4,4,0.6019,0.5652,0.9663,0.5278,0.0410
4,7,4,5,0.6749,0.7289,0.9688,0.6015,0.0135
4,7,4,6,0.6982,0.6779,0.9366,0.6267,0.0213
4,7,4,7,1.0000,1.0000,1.0000,1.0000,0.0000
4,7,4,8,0.6231,0.6060,0.9701,0.5500,0.0340
4,7,4,9,0.6828,0.7146,0.9148,0.6005,0.0189
4,7,4,10,0.5691,0.5380,0.9805,0.4961,0.0530
4,7,4,11,0.4524,0.8207,0.9342,0.3682,0.0659
4,7,5,0,0.5566,0.5241,0.9831,0.4819,0.0527
4,7,5,1,0.5193,0.4847,0.9810,0.4464,0.0659
4,7,5,2,0.6143,0.6087,0.8912,0.5217,0.0067
4,7,5,3,0.6516,0.6319,0.8913,0.5694,0.0094
4,7,5,4,0.7245,0.7130,0.9468,0.6563,0.0117
4,7,5,5,0.5439,0.5100,0.9754,0.4690,0.0565
4,7,5,6,0.6096,0.6371,0.9575,0.5311,0.0260
4,7,5,7,0.5873,0.5825,0.9411,0.5028,0.0273
4,7,5,8,0.5730,0.5490,0.9655,0.4903,0.0343
4,7,5,9,0.5504,0.5148,0.9792,0.4755,0.0563
4,7,5,10,0.6864,0.6767,0.9920,0.6148,0.0125
4,7,5,11,0.6504,0.6162,0.9587,0.5794,0.0279
4,7,6,0,0.6345,0.6668,0.9106,0.5402,0.0195
4,7,6,1,0.5738,0.5434,0.9504,0.4926,0.0330
4,7,6,2,0.5970,0.5571,0.9752,0.5216,0.0416
4,7,6,3,0.6824,0.6818,0.9765,0.6069,0.0154
4,7,6,4,0.6491,0.6327,0.9554,0.5724,0.0224
4,7,6,5,0.6546,0.6194,0.9651,0.5827,0.0306
4,7,6,6,0.6377,0.6317,0.9694,0.5657,0.0319
4,7,6,7,0.6710,0.6853,0.9927,0.5978,0.0163
4,7,6,8,0.6751,0.7196,0.9745,0.6028,0.0133
4,7,6,9,0.5220,0.4895,0.9810,0.4491,0.0656
4,7,6,10,0.5564,0.5211,0.9782,0.4826,0.0565
4,7,6,11,0.6386,0.6579,0.9496,0.5619,0.0211
4,7,7,0,0.5773,0.6118,0.9694,0.4943,0.0298
4,7,7,1,0.5552,0.5373,0.9820,0.4822,0.0570
4,7,7,2,0.5205,0.4861,0.9810,0.4475,0.0659
4,7,7,3,0.6596,0.6407,0.9672,0.5858,0.0216
4,7,7,4,0.5799,0.5645,0.9612,0.5025,0.0398
4,7,7,5,0.6048,0.5814,0.9589,0.5254,0.0317
4,7,7,6,0.5870,0.5618,0.9771,0.5128,0.0456
4,7,7,7,0.5330,0.4995,0.9792,0.4594,0.0633
4,7,7,8,0.6378,0.6835,0.9830,0.5632,0.0246
4,7,7,9,0.5978,0.5758,0.9620,0.5212,0.0373
4,7,7,10,0.5221,0.4883,0.9809,0.4491,0.0659
4,7,7,11,0.5269,0.4927,0.9799,0.4535,0.0646
4,7,8,0,0.5697,0.5466,0.9629,0.4905,0.0435
4,7,8,1,0.5264,0.4910,0.9806,0.4531,0.0648
4,7,8,2,0.6828,0.6562,0.9683,0.6142,0.0217
4,7,8,3,0.5748,0.5575,0.9902,0.4983,0.0451
4,7,8,4,0.6430,0.6558,0.9553,0.5648,0.0154
4,7,8,5,0.7057,0.7091,0.9074,0.6308,0.0152
4,7,8,6,0.5677,0.5323,0.9774,0.4919,0.0465
4,7,8,7,0.5825,0.6029,0.9592,0.5008,0.0308
4,7,8,8,0.6254,0.6722,0.9912,0.5416,0.0124
4,7,8,9,0.6064,0.5893,0.9797,0.5332,0.0402
4,7,8,10,0.6544,0.6351,0.9715,0.5790,0.0214
4,7,8,11,0.5882,0.5673,0.9802,0.5098,0.0368
4,7,9,0,0.5805,0.5787,0.9859,0.5021,0.0383
4,7,9,1,0.5327,0.4978,0.9807,0.4600,0.0638
4,7,9,2,0.5320,0.5020,0.9804,0.4578,0.0625
4,7,9,3,0.6669,0.6690,0.9604,0.5938,0.0137
4,7,9,4,0.5372,0.5013,0.9797,0.4638,0.0613
4,7,9,5,0.5843,0.5602,0.9805,0.5095,0.0452
4,7,9,6,0.5229,0.4903,0.9807,0.4499,0.0654
4,7,9,7,0.5929,0.5724,0.9852,0.5156,0.0362
4,7,9,8,0.5642,0.5255,0.9805,0.4918,0.0552
4,7,9,9,0.5222,0.4878,0.9809,0.4493,0.0657
4,7,9,10,0.7094,0.7287,0.9733,0.6451,0.0138
4,7,9,11,0.5267,0.4930,0.9808,0.4534,0.0648
4,7,10,0,0.5517,0.5217,0.9796,0.4756,0.0533
4,7,10,1,0.5275,0.4945,0.9791,0.4540,0.0644
4,7,10,2,0.5376,0.5045,0.9797,0.4644,0.0625
4,7,10,3,0.5682,0.5392,0.9817,0.4953,0.0540
4,7,10,4,0.5959,0.5663,0.9713,0.5212,0.0417
4,7,10,5,0.6247,0.6363,0.9779,0.5515,0.0273
4,7,10,6,0.5261,0.4917,0.9790,0.4519,0.0638
4,7,10,7,0.5691,0.5385,0.9779,0.4945,0.0514
4,7,10,8,0.5317,0.4980,0.9787,0.4580,0.0630
4,7,10,9,0.6217,0.6758,0.9984,0.5490,0.0363
4,7,10,10,0.5234,0.4882,0.9803,0.4500,0.0652
4,7,10,11,0.5042,0.4820,0.9589,0.4175,0.0486
4,7,11,0,0.8270,0.8136,0.9354,0.7806,0.0397
4,7,11,1,0.5861,0.5501,0.9740,0.5123,0.0462
4,7,11,2,0.5409,0.4989,0.9751,0.4665,0.0598
4,7,11,3,0.6802,0.6820,0.9630,0.6054,0.0084
4,7,11,4,0.5949,0.5496,0.9672,0.5166,0.0379
4,7,11,5,0.5592,0.5205,0.9792,0.4861,0.0562
4,7,11,6,0.5294,0.4933,0.9780,0.4557,0.0641
4,7,11,7,0.5707,0.5363,0.9659,0.4942,0.0467
4,7,11,8,0.5849,0.7437,0.9948,0.4774,0.0203
4,7,11,9,0.5328,0.4988,0.9786,0.4595,0.0633
4,7,11,10,0.7134,0.6827,0.9537,0.6488,0.0146
4,7,11,11,0.6510,0.6570,0.9639,0.5748,0.0162
4,8,0,0,0.8738,0.8635,0.9674,0.8558,0.0641
4,8,0,1,0.1762,0.2358,0.9014,0.0626,0.0305
4,8,0,2,0.8025,0.8165,0.9973,0.7649,0.0579
4,8,0,3,0.2871,0.3050,0.8893,0.1732,0.0143
4,8,0,4,0.5191,0.5102,0.9827,0.4197,0.0416
4,8,0,5,0.3119,0.3158,0.8564,0.1986,0.0141
4,8,0,6,0.8145,0.8136,0.9811,0.7809,0.0651
4,8,0,7,0.6670,0.6659,0.9897,0.5956,0.0660
4,8,0,8,0.6796,0.7143,0.9993,0.6127,0.0538
4,8,0,9,0.8607,0.8551,0.9734,0.8407,0.0694
4,8,0,10,0.8087,0.7817,0.9894,0.7760,0.0713
4,8,0,11,0.8717,0.8630,0.9712,0.8555,0.0678
4,8,1,0,0.7178,0.7004,1.0000,0.6603,0.0546
4,8,1,1,0.8658,0.8674,0.9964,0.8431,0.0565
4,8,1,2,0.8437,0.8453,1.0000,0.8155,0.0575
4,8,1,3,0.9191,0.8868,0.9827,0.9106,0.0510
4,8,1,4,0.9728,0.9706,0.9941,0.9711,0.0343
4,8,1,5,0.8766,0.8442,1.0000,0.8549,0.0435
4,8,1,6,0.9318,0.8921,0.9865,0.9200,0.0149
4,8,1,7,0.9701,0.9719,0.9978,0.9666,0.0297
4,8,1,8,0.9620,0.9598,0.9992,0.9574,0.0340
4,8,1,9,0.9861,0.9853,0.9993,0.9840,0.0122
4,8,1,10,0.2601,0.5049,0.9999,0.0850,0.0686
4,8,1,11,0.4268,0.3794,0.8854,0.3257,0.0217
4,8,2,0,0.8260,0.8027,0.9950,0.7936,0.0524
4,8,2,1,0.9885,0.9888,1.0000,0.9867,0.0105
4,8,2,2,0.4879,0.5210,0.9819,0.3905,0.0287
4,8,2,3,0.7473,0.7307,0.9996,0.6965,0.0614
4,8,2,4,0.8011,0.8299,1.0000,0.7635,0.0387
4,8,2,5,0.6743,0.6893,1.0000,0.6091,0.0446
4,8,2,6,0.9742,0.9812,0.9995,0.9699,0.0135
4,8,2,7,0.6947,0.6664,0.9898,0.6297,0.0754
4,8,2,8,0.5741,0.7377,0.9981,0.4892,0.0375
4,8,2,9,0.6396,0.6276,0.9955,0.5668,0.0432
4,8,2,10,0.8699,0.8569,0.9897,0.8506,0.0643
4,8,2,11,0.9874,0.9862,1.0000,0.9856,0.0152
4,8,3,0,0.9763,0.9766,0.9981,0.9746,0.0271
4,8,3,1,0.9735,0.9704,0.9989,0.9694,0.0189
4,8,3,2,0.6166,0.6228,0.9997,0.5360,0.0503
4,8,3,3,0.8240,0.8696,0.9971,0.7920,0.0279
4,8,3,4,0.9823,0.9785,0.9993,0.9810,0.0256
4,8,3,5,0.9791,0.9747,0.9969,0.9760,0.0186
4,8,3,6,0.7812,0.7705,0.9973,0.7386,0.0551
4,8,3,7,0.7138,0.6950,0.9664,0.6587,0.0384
4,8,3,8,0.8096,0.8039,0.9986,0.7735,0.0470
4,8,3,9,0.7481,0.7788,0.9991,0.7001,0.0351
4,8,3,10,0.9754,0.9750,0.9971,0.9713,0.0157
4,8,3,11,0.6979,0.7817,0.9992,0.6383,0.0387
4,8,4,0,0.6060,0.8410,0.9427,0.5412,0.0167
4,8,4,1,0.8905,0.9080,1.0000,0.8710,0.0259
4,8,4,2,0.9838,0.9815,1.0000,0.9817,0.0157
4,8,4,3,0.8975,0.9089,0.9994,0.8793,0.0260
4,8,4,4,0.9888,0.9885,0.9999,0.9871,0.0102
4,8,4,5,0.9290,0.9208,1.0000,0.9167,0.0300
4,8,4,6,0.9563,0.9627,0.9936,0.9501,0.0308
4,8,4,7,0.6231,0.6060,0.9701,0.5500,0.0340
4,8,4,8,1.0000,1.0000,1.0000,1.0000,0.0000
4,8,4,9,0.7972,0.8339,0.9855,0.7582,0.0503
4,8,4,10,0.9885,0.9854,0.9989,0.9876,0.0194
4,8,4,11,0.2809,0.4438,0.8197,0.1838,0.0322
4,8,5,0,0.9733,0.9771,0.9981,0.9702,0.0200
4,8,5,1,0.9739,0.9702,0.9988,0.9727,0.0322
4,8,5,2,0.8700,0.9143,0.9746,0.8465,0.0346
4,8,5,3,0.9399,0.9376,0.9747,0.9303,0.0316
4,8,5,4,0.9057,0.9001,0.9966,0.8900,0.0410
4,8,5,5,0.9786,0.9766,0.9997,0.9766,0.0229
4,8,5,6,0.9656,0.9633,0.9989,0.9598,0.0200
4,8,5,7,0.9625,0.9487,0.9950,0.9562,0.0156
4,8,5,8,0.9596,0.9582,0.9998,0.9529,0.0130
4,8,5,9,0.9809,0.9793,0.9992,0.9791,0.0227
4,8,5,10,0.9028,0.8963,0.9930,0.8856,0.0281
4,8,5,11,0.9857,0.9853,0.9991,0.9833,0.0114
4,8,6,0,0.8131,0.8548,0.9837,0.7777,0.0529
4,8,6,1,0.9576,0.9670,0.9975,0.9507,0.0130
4,8,6,2,0.9880,0.9877,0.9998,0.9861,0.0098
4,8,6,3,0.8984,0.9161,0.9996,0.8806,0.0392
4,8,6,4,0.9774,0.9790,0.9985,0.9740,0.0179
4,8,6,5,0.9879,0.9899,0.9998,0.9860,0.0119
4,8,6,6,0.9781,0.9813,1.0000,0.9744,0.0106
4,8,6,7,0.9188,0.9266,0.9923,0.9046,0.0259
4,8,6,8,0.9355,0.9460,0.9998,0.9245,0.0254
4,8,6,9,0.9747,0.9716,0.9988,0.9735,0.0319
4,8,6,10,0.9803,0.9796,0.9994,0.9783,0.0232
4,8,6,11,0.9682,0.9711,0.9973,0.9629,0.0141
4,8,7,0,0.9432,0.9521,1.0000,0.9337,0.0156
4,8,7,1,0.9755,0.9775,0.9985,0.9731,0.0233
4,8,7,2,0.9743,0.9706,0.9988,0.9731,0.0322
4,8,7,3,0.9704,0.9744,0.9999,0.9656,0.0178
4,8,7,4,0.9673,0.9722,0.9994,0.9622,0.0135
4,8,7,5,0.9796,0.9872,0.9991,0.9762,0.0111
4,8,7,6,0.9828,0.9867,0.9995,0.9804,0.0129
4,8,7,7,0.9781,0.9750,0.9992,0.9768,0.0297
4,8,7,8,0.9187,0.9152,0.9982,0.9047,0.0113
4,8,7,9,0.9800,0.9925,0.9995,0.9768,0.0068
4,8,7,10,0.9744,0.9711,0.9988,0.9730,0.0322
4,8,7,11,0.9763,0.9731,0.9990,0.9750,0.0310
4,8,8,0,0.9775,0.9807,0.9996,0.9741,0.0117
4,8,8,1,0.9754,0.9719,0.9989,0.9740,0.0311
4,8,8,2,0.9780,0.9820,1.0000,0.9746,0.0176
4,8,8,3,0.9787,0.9647,0.9945,0.9756,0.0159
4,8,8,4,0.9306,0.9358,0.9985,0.9186,0.0237
4,8,8,5,0.9128,0.9178,0.9823,0.8994,0.0457
4,8,8,6,0.9661,0.9706,0.9995,0.9614,0.0163
4,8,8,7,0.9522,0.9606,0.9991,0.9442,0.0133
4,8,8,8,0.8253,0.8412,0.9937,0.7935,0.0263
4,8,8,9,0.9808,0.9804,0.9991,0.9778,0.0081
4,8,8,10,0.9729,0.9762,1.0000,0.9687,0.0157
4,8,8,11,0.9875,0.9873,0.9990,0.9854,0.0095
4,8,9,0,0.9759,0.9761,0.9971,0.9720,0.0151
4,8,9,1,0.9774,0.9738,0.9988,0.9762,0.0302
4,8,9,2,0.9793,0.9768,0.9989,0.9780,0.0289
4,8,9,3,0.9390,0.9401,0.9993,0.9285,0.0241
4,8,9,4,0.9816,0.9767,0.9991,0.9806,0.0276
4,8,9,5,0.9881,0.9879,0.9989,0.9865,0.0129
4,8,9,6,0.9745,0.9716,0.9988,0.9732,0.0317
4,8,9,7,0.9854,0.9827,0.9974,0.9830,0.0089
4,8,9,8,0.9829,0.9800,0.9989,0.9814,0.0216
4,8,9,9,0.9749,0.9711,0.9988,0.9737,0.0321
4,8,9,10,0.9249,0.9130,0.9999,0.9118,0.0275
4,8,9,11,0.9761,0.9729,0.9988,0.9748,0.0311
4,8,10,0,0.9785,0.9791,0.9991,0.9761,0.0203
4,8,10,1,0.9761,0.9732,0.9992,0.9747,0.0308
4,8,10,2,0.9766,0.9757,0.9991,0.9749,0.0289
4,8,10,3,0.9777,0.9817,0.9986,0.9753,0.0203
4,8,10,4,0.9815,0.9880,1.0000,0.9786,0.0097
4,8,10,5,0.9296,0.9421,0.9994,0.9178,0.0184
4,8,10,6,0.9761,0.9732,0.9992,0.9746,0.0302
4,8,10,7,0.9806,0.9827,0.9994,0.9783,0.0181
4,8,10,8,0.9759,0.9751,0.9993,0.9743,0.0294
4,8,10,9,0.8896,0.8710,0.9823,0.8713,0.0081
4,8,10,10,0.9747,0.9714,0.9989,0.9733,0.0316
4,8,10,11,0.9402,0.9336,0.9991,0.9316,0.0206
4,8,11,0,0.7152,0.7027,0.9932,0.6558,0.0705
4,8,11,1,0.9863,0.9837,0.9999,0.9845,0.0125
4,8,11,2,0.9788,0.9753,0.9998,0.9771,0.0265
4,8,11,3,0.9170,0.9353,0.9996,0.9028,0.0322
4,8,11,4,0.9846,0.9850,0.9999,0.9821,0.0116
4,8,11,5,0.9833,0.9805,0.9992,0.9818,0.0225
4,8,11,6,0.9767,0.9732,0.9994,0.9752,0.0305
4,8,11,7,0.9828,0.9789,0.9999,0.9804,0.0137
4,8,11,8,0.2479,0.5314,0.9898,0.0851,0.0521
4,8,11,9,0.9775,0.9744,0.9993,0.9761,0.0297
4,8,11,10,0.9637,0.9718,0.9982,0.9581,0.0219
4,8,11,11,0.9444,0.9591,0.9997,0.9349,0.0203
4,9,0,0,0.9132,0.9287,0.9963,0.8864,0.0173
4,9,0,1,0.2191,0.3424,0.8148,0.0802,0.0808
4,9,0,2,0.8483,0.8922,0.9953,0.8028,0.0114
4,9,0,3,0.3455,0.4205,0.7987,0.2105,0.0554
4,9,0,4,0.6346,0.6523,0.9370,0.5324,0.0119
4,9,0,5,0.3538,0.4287,0.7563,0.2159,0.0476
4,9,0,6,0.8840,0.8985,0.9997,0.8478,0.0160
4,9,0,7,0.8218,0.8476,0.9996,0.7658,0.0167
4,9,0,8,0.7631,0.8254,0.9912,0.6916,0.0079
4,9,0,9,0.9118,0.9250,0.9982,0.8847,0.0257
4,9,0,10,0.8591,0.8764,0.9997,0.8138,0.0244
4,9,0,11,0.8934,0.9162,0.9975,0.8600,0.0248
4,9,1,0,0.8553,0.8779,0.9855,0.8124,0.0087
4,9,1,1,0.8820,0.9171,0.9964,0.8468,0.0103
4,9,1,2,0.8637,0.8912,0.9844,0.8235,0.0138
4,9,1,3,0.8329,0.8482,0.9999,0.7816,0.0260
4,9,1,4,0.8771,0.9060,0.9981,0.8440,0.0281
4,9,1,5,0.8117,0.8434,0.9854,0.7590,0.0103
4,9,1,6,0.8063,0.8410,0.9445,0.7621,0.0354
4,9,1,7,0.8756,0.9021,0.9946,0.8440,0.0283
4,9,1,8,0.8765,0.9010,0.9916,0.8440,0.0221
4,9,1,9,0.8378,0.8514,0.9783,0.8030,0.0387
4,9,1,10,0.4945,0.6677,0.9836,0.3339,0.0243
4,9,1,11,0.4397,0.4699,0.7936,0.3111,0.0394
4,9,2,0,0.8857,0.9121,0.9975,0.8521,0.0065
4,9,2,1,0.7909,0.8167,0.9839,0.7538,0.0583
4,9,2,2,0.6763,0.7524,0.9356,0.5957,0.0248
4,9,2,3,0.8707,0.8762,0.9899,0.8310,0.0149
4,9,2,4,0.7597,0.8285,0.9859,0.6964,0.0151
4,9,2,5,0.7640,0.8130,0.9865,0.6988,0.0121
4,9,2,6,0.8227,0.8557,0.9798,0.7844,0.0378
4,9,2,7,0.8031,0.8095,0.9996,0.7378,0.0263
4,9,2,8,0.7863,0.8678,0.9733,0.7291,0.0141
4,9,2,9,0.7679,0.8024,0.9649,0.7036,0.0087
4,9,2,10,0.9003,0.9302,0.9996,0.8694,0.0190
4,9,2,11,0.8221,0.8481,0.9866,0.7827,0.0402
4,9,3,0,0.7315,0.7731,0.9733,0.6929,0.0775
4,9,3,1,0.8301,0.8725,0.9764,0.7917,0.0324
4,9,3,2,0.7934,0.8373,0.9810,0.7327,0.0092
4,9,3,3,0.7395,0.8375,0.9695,0.6773,0.0297
4,9,3,4,0.7466,0.7757,0.9787,0.7093,0.0759
4,9,3,5,0.8659,0.8808,0.9957,0.8357,0.0337
4,9,3,6,0.8611,0.8854,0.9703,0.8199,0.0086
4,9,3,7,0.7690,0.8093,0.9087,0.7091,0.0157
4,9,3,8,0.8498,0.8965,0.9932,0.8095,0.0195
4,9,3,9,0.8174,0.8564,0.9775,0.7706,0.0238
4,9,3,10,0.8011,0.8432,0.9696,0.7577,0.0387
4,9,3,11,0.7760,0.8601,0.9777,0.7154,0.0132
4,9,4,0,0.6759,0.8334,0.8724,0.6106,0.0498
4,9,4,1,0.7899,0.8378,0.9867,0.7408,0.0270
4,9,4,2,0.7684,0.7921,0.9863,0.7298,0.0654
4,9,4,3,0.8611,0.9052,0.9789,0.8277,0.0249
4,9,4,4,0.7876,0.8132,0.9880,0.7493,0.0576
4,9,4,5,0.8587,0.9308,0.9864,0.8251,0.0267
4,9,4,6,0.8954,0.9112,0.9983,0.8689,0.0214
4,9,4,7,0.6828,0.7146,0.9148,0.6005,0.0189
4,9,4,8,0.7972,0.8339,0.9855,0.7582,0.0503
4,9,4,9,1.0000,1.0000,1.0000,1.0000,0.0000
4,9,4,10,0.7564,0.7898,0.9764,0.7179,0.0697
4,9,4,11,0.4906,0.6559,0.7106,0.4079,0.0825
4,9,5,0,0.7492,0.7699,0.9733,0.7098,0.0694
4,9,5,1,0.7235,0.7599,0.9758,0.6866,0.0825
4,9,5,2,0.9039,0.9007,0.9985,0.8791,0.0186
4,9,5,3,0.9041,0.9183,0.9985,0.8801,0.0219
4,9,5,4,0.8833,0.8993,0.9961,0.8515,0.0122
4,9,5,5,0.7421,0.7800,0.9814,0.7032,0.0732
4,9,5,6,0.7807,0.8402,0.9924,0.7356,0.0433
4,9,5,7,0.8058,0.8429,0.9975,0.7654,0.0446
4,9,5,8,0.7844,0.8076,0.9884,0.7429,0.0516
4,9,5,9,0.7566,0.7801,0.9777,0.7195,0.0730
4,9,5,10,0.8408,0.8659,0.9585,0.8020,0.0244
4,9,5,11,0.8087,0.8342,0.9919,0.7693,0.0446
4,9,6,0,0.8847,0.9162,0.9999,0.8516,0.0165
4,9,6,1,0.8063,0.8121,0.9951,0.7708,0.0503
4,9,6,2,0.7864,0.8099,0.9815,0.7475,0.0573
4,9,6,3,0.8249,0.8487,0.9803,0.7796,0.0165
4,9,6,4,0.8073,0.8500,0.9933,0.7628,0.0340
4,9,6,5,0.8266,0.8445,0.9886,0.7900,0.0432
4,9,6,6,0.7796,0.8181,0.9860,0.7350,0.0483
4,9,6,7,0.8185,0.8609,0.9568,0.7757,0.0286
4,9,6,8,0.8353,0.8828,0.9821,0.7968,0.0287
4,9,6,9,0.7251,0.7619,0.9758,0.6879,0.0822
4,9,6,10,0.7465,0.7767,0.9788,0.7072,0.0732
4,9,6,11,0.8301,0.8893,0.9953,0.7931,0.0378
4,9,7,0,0.7730,0.8441,0.9860,0.7279,0.0471
4,9,7,1,0.7433,0.7799,0.9747,0.7045,0.0737
4,9,7,2,0.7249,0.7612,0.9758,0.6879,0.0825
4,9,7,3,0.8566,0.8682,0.9874,0.8248,0.0335
4,9,7,4,0.8038,0.8304,0.9907,0.7699,0.0565
4,9,7,5,0.8093,0.8291,0.9918,0.7710,0.0471
4,9,7,6,0.7762,0.8093,0.9798,0.7378,0.0622
4,9,7,7,0.7364,0.7709,0.9778,0.6991,0.0800
4,9,7,8,0.8390,0.8761,0.9734,0.8060,0.0413
4,9,7,9,0.7892,0.8263,0.9903,0.7497,0.0540
4,9,7,10,0.7250,0.7613,0.9759,0.6877,0.0825
4,9,7,11,0.7310,0.7648,0.9769,0.6938,0.0813
4,9,8,0,0.7486,0.7877,0.9899,0.7028,0.0602
4,9,8,1,0.7295,0.7613,0.9762,0.6922,0.0814
4,9,8,2,0.8396,0.8607,0.9867,0.8037,0.0330
4,9,8,3,0.7666,0.8008,0.9623,0.7262,0.0624
4,9,8,4,0.7873,0.8474,0.9933,0.7378,0.0330
4,9,8,5,0.8639,0.9026,0.9998,0.8253,0.0100
4,9,8,6,0.7778,0.7817,0.9796,0.7416,0.0632
4,9,8,7,0.7705,0.8319,0.9917,0.7250,0.0481
4,9,8,8,0.7372,0.7732,0.9603,0.6738,0.0271
4,9,8,9,0.7932,0.8207,0.9772,0.7562,0.0568
4,9,8,10,0.8321,0.8512,0.9845,0.7938,0.0356
4,9,8,11,0.7947,0.8087,0.9767,0.7566,0.0535
4,9,9,0,0.7580,0.7971,0.9695,0.7130,0.0549
4,9,9,1,0.7324,0.7670,0.9761,0.6952,0.0805
4,9,9,2,0.7340,0.7667,0.9765,0.6959,0.0792
4,9,9,3,0.7615,0.8039,0.9911,0.7055,0.0303
4,9,9,4,0.7412,0.7725,0.9772,0.7044,0.0779
4,9,9,5,0.7696,0.7981,0.9763,0.7297,0.0619
4,9,9,6,0.7267,0.7639,0.9761,0.6897,0.0821
4,9,9,7,0.8028,0.8171,0.9706,0.7667,0.0529
4,9,9,8,0.7528,0.7786,0.9763,0.7148,0.0719
4,9,9,9,0.7257,0.7616,0.9759,0.6887,0.0824
4,9,9,10,0.8365,0.9116,0.9831,0.7985,0.0273
4,9,9,11,0.7299,0.7651,0.9760,0.6927,0.0814
4,9,10,0,0.7467,0.7725,0.9773,0.7063,0.0700
4,9,10,1,0.7312,0.7668,0.9778,0.6939,0.0811
4,9,10,2,0.7376,0.7750,0.9773,0.7003,0.0792
4,9,10,3,0.7589,0.7960,0.9750,0.7212,0.0706
4,9,10,4,0.7825,0.8029,0.9846,0.7436,0.0584
4,9,10,5,0.8115,0.8887,0.9791,0.7755,0.0421
4,9,10,6,0.7305,0.7643,0.9779,0.6926,0.0805
4,9,10,7,0.7622,0.7870,0.9790,0.7235,0.0681
4,9,10,8,0.7323,0.7674,0.9782,0.6943,0.0797
4,9,10,9,0.7896,0.8368,0.9363,0.7496,0.0530
4,9,10,10,0.7279,0.7624,0.9766,0.6906,0.0819
4,9,10,11,0.7122,0.7633,0.9918,0.6629,0.0659
4,9,11,0,0.8064,0.8352,0.9985,0.7438,0.0211
4,9,11,1,0.7804,0.8084,0.9826,0.7434,0.0625
4,9,11,2,0.7419,0.7685,0.9816,0.7037,0.0765
4,9,11,3,0.7780,0.8226,0.9898,0.7215,0.0197
4,9,11,4,0.7900,0.8050,0.9874,0.7498,0.0524
4,9,11,5,0.7497,0.7760,0.9777,0.7114,0.0729
4,9,11,6,0.7330,0.7662,0.9789,0.6956,0.0808
4,9,11,7,0.7663,0.8001,0.9882,0.7265,0.0633
4,9,11,8,0.4213,0.6513,0.9513,0.2542,0.0078
4,9,11,9,0.7347,0.7689,0.9784,0.6974,0.0800
4,9,11,10,0.8246,0.8683,0.9939,0.7826,0.0284
4,9,11,11,0.7983,0.8647,0.9894,0.7518,0.0319
4,10,0,0,0.8352,0.8258,0.9544,0.8178,0.0835
4,10,0,1,0.1460,0.1898,0.9208,0.0402,0.0111
4,10,0,2,0.7639,0.7704,0.9927,0.7274,0.0773
4,10,0,3,0.2428,0.2483,0.9098,0.1345,0.0184
4,10,0,4,0.4630,0.4414,0.9903,0.3655,0.0610
4,10,0,5,0.2719,0.2597,0.8798,0.1646,0.0233
4,10,0,6,0.7704,0.7677,0.9709,0.7371,0.0844
4,10,0,7,0.5992,0.5975,0.9819,0.5250,0.0854
4,10,0,8,0.6203,0.6547,0.9964,0.5522,0.0732
4,10,0,9,0.8137,0.8150,0.9616,0.7928,0.0887
4,10,0,10,0.7601,0.7351,0.9815,0.7271,0.0906
4,10,0,11,0.8285,0.8214,0.9589,0.8121,0.0871
4,10,1,0,0.6552,0.6303,0.9989,0.5950,0.0740
4,10,1,1,0.8201,0.8184,0.9912,0.7959,0.0759
4,10,1,2,0.7933,0.7964,0.9992,0.7629,0.0768
4,10,1,3,0.9067,0.8725,0.9729,0.9035,0.0703
4,10,1,4,0.9511,0.9475,0.9879,0.9499,0.0533
4,10,1,5,0.8406,0.7952,0.9989,0.8187,0.0629
4,10,1,6,0.9199,0.8808,0.9931,0.9095,0.0343
4,10,1,7,0.9498,0.9520,0.9935,0.9468,0.0490
4,10,1,8,0.9370,0.9350,0.9962,0.9324,0.0533
4,10,1,9,0.9772,0.9772,1.0000,0.9758,0.0313
4,10,1,10,0.2057,0.4606,0.9993,0.0382,0.0879
4,10,1,11,0.3902,0.3220,0.9063,0.2945,0.0351
4,10,2,0,0.7729,0.7368,0.9892,0.7381,0.0717
4,10,2,1,0.9944,0.9939,0.9993,0.9939,0.0124
4,10,2,2,0.4277,0.4489,0.9898,0.3314,0.0465
4,10,2,3,0.6910,0.6742,0.9971,0.6385,0.0808
4,10,2,4,0.7503,0.7699,0.9988,0.7104,0.0571
4,10,2,5,0.6110,0.6189,0.9986,0.5435,0.0640
4,10,2,6,0.9618,0.9678,0.9999,0.9578,0.0329
4,10,2,7,0.6360,0.6139,0.9820,0.5700,0.0948
4,10,2,8,0.5087,0.6698,0.9999,0.4227,0.0568
4,10,2,9,0.5736,0.5537,0.9988,0.4986,0.0625
4,10,2,10,0.8229,0.8027,0.9818,0.8021,0.0837
4,10,2,11,0.9857,0.9831,0.9986,0.9859,0.0314
4,10,3,0,0.9960,0.9969,0.9999,0.9957,0.0078
4,10,3,1,0.9610,0.9535,1.0000,0.9575,0.0373
4,10,3,2,0.5653,0.5561,0.9997,0.4861,0.0697
4,10,3,3,0.8069,0.8234,0.9996,0.7775,0.0432
4,10,3,4,0.9975,0.9966,0.9999,0.9972,0.0062
4,10,3,5,0.9673,0.9659,0.9922,0.9651,0.0376
4,10,3,6,0.7283,0.7101,0.9996,0.6840,0.0744
4,10,3,7,0.6720,0.6328,0.9774,0.6177,0.0575
4,10,3,8,0.7727,0.7466,0.9949,0.7371,0.0641
4,10,3,9,0.7085,0.7122,1.0000,0.6611,0.0538
4,10,3,10,0.9727,0.9639,0.9996,0.9705,0.0310
4,10,3,11,0.6414,0.7240,1.0000,0.5804,0.0581
4,10,4,0,0.5762,0.8026,0.9574,0.5140,0.0237
4,10,4,1,0.8662,0.8582,0.9985,0.8469,0.0440
4,10,4,2,0.9962,0.9954,0.9987,0.9958,0.0062
4,10,4,3,0.8830,0.8821,0.9999,0.8670,0.0454
4,10,4,4,0.9965,0.9960,0.9981,0.9964,0.0130
4,10,4,5,0.9141,0.8853,0.9986,0.9034,0.0471
4,10,4,6,0.9376,0.9401,0.9872,0.9324,0.0502
4,10,4,7,0.5691,0.5380,0.9805,0.4961,0.0530
4,10,4,8,0.9885,0.9854,0.9989,0.9876,0.0194
4,10,4,9,0.7564,0.7898,0.9764,0.7179,0.0697
4,10,4,10,1.0000,1.0000,1.0000,1.0000,0.0000
4,10,4,11,0.2275,0.3767,0.8458,0.1335,0.0129
4,10,5,0,0.9895,0.9929,0.9999,0.9882,0.0054
4,10,5,1,0.9949,0.9936,1.0000,0.9947,0.0129
4,10,5,2,0.8471,0.8864,0.9630,0.8255,0.0530
4,10,5,3,0.9262,0.9113,0.9631,0.9187,0.0510
4,10,5,4,0.8865,0.8755,0.9916,0.8731,0.0603
4,10,5,5,0.9959,0.9950,0.9997,0.9955,0.0038
4,10,5,6,0.9572,0.9426,0.9955,0.9518,0.0283
4,10,5,7,0.9636,0.9450,0.9892,0.9594,0.0286
4,10,5,8,0.9719,0.9636,0.9979,0.9684,0.0197
4,10,5,9,0.9965,0.9964,1.0000,0.9960,0.0040
4,10,5,10,0.8921,0.8914,0.9974,0.8777,0.0475
4,10,5,11,0.9865,0.9851,0.9959,0.9859,0.0251
4,10,6,0,0.7733,0.8225,0.9741,0.7383,0.0710
4,10,6,1,0.9656,0.9701,0.9930,0.9611,0.0203
4,10,6,2,0.9953,0.9949,0.9997,0.9950,0.0140
4,10,6,3,0.8711,0.8930,0.9998,0.8537,0.0586
4,10,6,4,0.9686,0.9671,0.9948,0.9665,0.0373
4,10,6,5,0.9854,0.9854,0.9978,0.9850,0.0275
4,10,6,6,0.9814,0.9789,0.9988,0.9797,0.0224
4,10,6,7,0.9043,0.9140,0.9970,0.8917,0.0449
4,10,6,8,0.9150,0.9143,0.9996,0.9041,0.0448
4,10,6,9,0.9952,0.9942,1.0000,0.9950,0.0125
4,10,6,10,0.9962,0.9970,0.9999,0.9957,0.0044
4,10,6,11,0.9608,0.9450,0.9927,0.9567,0.0332
4,10,7,0,0.9541,0.9382,0.9987,0.9481,0.0251
4,10,7,1,0.9943,0.9953,1.0000,0.9935,0.0040
4,10,7,2,0.9951,0.9939,1.0000,0.9949,0.0129
4,10,7,3,0.9587,0.9656,0.9983,0.9547,0.0368
4,10,7,4,0.9777,0.9780,0.9967,0.9747,0.0144
4,10,7,5,0.9850,0.9869,0.9960,0.9839,0.0225
4,10,7,6,0.9934,0.9962,0.9999,0.9926,0.0090
4,10,7,7,0.9963,0.9955,1.0000,0.9960,0.0103
4,10,7,8,0.9130,0.8866,0.9999,0.9009,0.0284
4,10,7,9,0.9886,0.9918,0.9969,0.9874,0.0160
4,10,7,10,0.9951,0.9942,1.0000,0.9949,0.0129
4,10,7,11,0.9958,0.9948,1.0000,0.9955,0.0116
4,10,8,0,0.9901,0.9900,0.9972,0.9889,0.0102
4,10,8,1,0.9955,0.9944,1.0000,0.9952,0.0117
4,10,8,2,0.9656,0.9665,0.9985,0.9627,0.0367
4,10,8,3,0.9875,0.9777,0.9983,0.9859,0.0102
4,10,8,4,0.9306,0.9107,0.9948,0.9221,0.0405
4,10,8,5,0.8831,0.8674,0.9723,0.8702,0.0651
4,10,8,6,0.9808,0.9860,0.9999,0.9782,0.0071
4,10,8,7,0.9637,0.9526,0.9961,0.9591,0.0225
4,10,8,8,0.7952,0.8120,0.9979,0.7638,0.0444
4,10,8,9,0.9883,0.9882,1.0000,0.9869,0.0129
4,10,8,10,0.9741,0.9770,0.9991,0.9728,0.0344
4,10,8,11,0.9881,0.9902,1.0000,0.9868,0.0162
4,10,9,0,0.9858,0.9824,0.9996,0.9841,0.0151
4,10,9,1,0.9965,0.9952,1.0000,0.9963,0.0108
4,10,9,2,0.9964,0.9964,1.0000,0.9961,0.0095
4,10,9,3,0.9209,0.9116,0.9964,0.9108,0.0413
4,10,9,4,0.9974,0.9961,1.0000,0.9973,0.0083
4,10,9,5,0.9956,0.9956,1.0000,0.9951,0.0078
4,10,9,6,0.9951,0.9943,1.0000,0.9949,0.0124
4,10,9,7,0.9871,0.9896,0.9997,0.9858,0.0171
4,10,9,8,0.9968,0.9963,1.0000,0.9964,0.0029
4,10,9,9,0.9954,0.9941,1.0000,0.9952,0.0127
4,10,9,10,0.9056,0.8728,0.9994,0.8931,0.0446
4,10,9,11,0.9957,0.9948,1.0000,0.9955,0.0117
4,10,10,0,0.9940,0.9957,1.0000,0.9932,0.0035
4,10,10,1,0.9957,0.9949,1.0000,0.9954,0.0114
4,10,10,2,0.9958,0.9959,1.0000,0.9954,0.0095
4,10,10,3,0.9942,0.9959,1.0000,0.9935,0.0025
4,10,10,4,0.9905,0.9929,0.9991,0.9894,0.0116
4,10,10,5,0.9279,0.9180,0.9999,0.9178,0.0292
4,10,10,6,0.9957,0.9950,1.0000,0.9954,0.0108
4,10,10,7,0.9961,0.9974,0.9999,0.9956,0.0054
4,10,10,8,0.9954,0.9955,1.0000,0.9951,0.0100
4,10,10,9,0.8911,0.8358,0.9900,0.8756,0.0167
4,10,10,10,0.9953,0.9942,1.0000,0.9950,0.0122
4,10,10,11,0.9640,0.9494,0.9960,0.9591,0.0105
4,10,11,0,0.6674,0.6583,0.9867,0.6094,0.0898
4,10,11,1,0.9955,0.9947,0.9995,0.9950,0.0084
4,10,11,2,0.9969,0.9957,0.9997,0.9966,0.0071
4,10,11,3,0.8966,0.9069,0.9972,0.8835,0.0516
4,10,11,4,0.9931,0.9924,0.9983,0.9927,0.0179
4,10,11,5,0.9976,0.9973,1.0000,0.9973,0.0038
4,10,11,6,0.9960,0.9949,0.9999,0.9958,0.0111
4,10,11,7,0.9948,0.9926,0.9980,0.9941,0.0067
4,10,11,8,0.1978,0.4864,0.9954,0.0430,0.0711
4,10,11,9,0.9963,0.9953,1.0000,0.9960,0.0103
4,10,11,10,0.9567,0.9548,0.9942,0.9534,0.0413
4,10,11,11,0.9415,0.9387,0.9974,0.9347,0.0390
4,11,0,0,0.4879,0.6024,0.6479,0.3996,0.0963
4,11,0,1,0.1028,0.6778,0.9869,0.0014,0.0017
4,11,0,2,0.4557,0.6855,0.7753,0.3639,0.0902
4,11,0,3,0.1770,0.7270,0.9909,0.0697,0.0310
4,11,0,4,0.4380,0.8189,0.9116,0.3470,0.0738
4,11,0,5,0.1418,0.7365,0.9977,0.0266,0.0359
4,11,0,6,0.4678,0.6553,0.6934,0.3752,0.0973
4,11,0,7,0.6706,0.7724,0.7293,0.6241,0.0983
4,11,0,8,0.4504,0.7606,0.7975,0.3574,0.0860
4,11,0,9,0.4949,0.6155,0.6668,0.4070,0.1016
4,11,0,10,0.3995,0.7159,0.7278,0.2863,0.1035
4,11,0,11,0.4719,0.6386,0.6595,0.3781,0.1000
4,11,1,0,0.7184,0.8182,0.8197,0.6810,0.0868
4,11,1,1,0.5394,0.6761,0.7679,0.4652,0.0887
4,11,1,2,0.4742,0.6587,0.8232,0.3872,0.0897
4,11,1,3,0.3890,0.5611,0.6995,0.2811,0.0832
4,11,1,4,0.3762,0.5240,0.7529,0.2758,0.0662
4,11,1,5,0.3499,0.6727,0.8199,0.2423,0.0757
4,11,1,6,0.3041,0.5353,0.9023,0.2017,0.0471
4,11,1,7,0.3620,0.5063,0.7797,0.2621,0.0619
4,11,1,8,0.3691,0.5261,0.7958,0.2686,0.0662
4,11,1,9,0.3074,0.4408,0.8409,0.2079,0.0441
4,11,1,10,0.4705,0.6979,0.8258,0.3790,0.1008
4,11,1,11,0.1832,0.7455,0.9920,0.0661,0.0479
4,11,2,0,0.5611,0.6994,0.7582,0.4917,0.0846
4,11,2,1,0.2579,0.4038,0.8250,0.1614,0.0243
4,11,2,2,0.8738,0.9193,0.9133,0.8610,0.0594
4,11,2,3,0.6377,0.7756,0.8031,0.5837,0.0937
4,11,2,4,0.5539,0.6859,0.8184,0.4866,0.0700
4,11,2,5,0.6207,0.7563,0.8163,0.5643,0.0768
4,11,2,6,0.3179,0.4841,0.8370,0.2202,0.0457
4,11,2,7,0.5812,0.7746,0.7299,0.5139,0.1076
4,11,2,8,0.6634,0.7776,0.8531,0.6152,0.0697
4,11,2,9,0.7052,0.8098,0.8704,0.6645,0.0754
4,11,2,10,0.4986,0.7003,0.7291,0.4132,0.0965
4,11,2,11,0.3203,0.4597,0.8160,0.2215,0.0443
4,11,3,0,0.2071,0.3613,0.8531,0.1157,0.0051
4,11,3,1,0.3358,0.5060,0.8458,0.2383,0.0502
4,11,3,2,0.7303,0.8406,0.8336,0.6951,0.0825
4,11,3,3,0.5997,0.7074,0.8612,0.5426,0.0560
4,11,3,4,0.2177,0.3451,0.8399,0.1258,0.0067
4,11,3,5,0.3091,0.4606,0.7725,0.2066,0.0505
4,11,3,6,0.6341,0.7840,0.8596,0.5794,0.0873
4,11,3,7,0.6590,0.7736,0.9394,0.6103,0.0703
4,11,3,8,0.5620,0.7251,0.7879,0.4953,0.0770
4,11,3,9,0.5327,0.7009,0.8431,0.4623,0.0667
4,11,3,10,0.3148,0.5276,0.8612,0.2165,0.0438
4,11,3,11,0.5675,0.7168,0.8424,0.5017,0.0710
4,11,4,0,0.4756,0.6340,0.9638,0.4061,0.0365
4,11,4,1,0.4097,0.5571,0.8156,0.3229,0.0568
4,11,4,2,0.2380,0.3610,0.8170,0.1425,0.0171
4,11,4,3,0.4501,0.6015,0.8395,0.3677,0.0583
4,11,4,4,0.2633,0.4016,0.8109,0.1670,0.0249
4,11,4,5,0.4794,0.6510,0.8166,0.4023,0.0600
4,11,4,6,0.4065,0.5282,0.7501,0.3142,0.0630
4,11,4,7,0.4524,0.8207,0.9342,0.3682,0.0659
4,11,4,8,0.2809,0.4438,0.8197,0.1838,0.0322
4,11,4,9,0.4906,0.6559,0.7106,0.4079,0.0825
4,11,4,10,0.2275,0.3767,0.8458,0.1335,0.0129
4,11,4,11,1.0000,1.0000,1.0000,1.0000,0.0000
4,11,5,0,0.2337,0.3657,0.8531,0.1410,0.0132
4,11,5,1,0.2005,0.3268,0.8473,0.1115,0.0000
4,11,5,2,0.4049,0.5083,0.6708,0.3113,0.0659
4,11,5,3,0.3526,0.5020,0.6710,0.2513,0.0638
4,11,5,4,0.5183,0.6199,0.7697,0.4432,0.0732
4,11,5,5,0.2278,0.3591,0.8325,0.1364,0.0094
4,11,5,6,0.4102,0.5312,0.7917,0.3290,0.0411
4,11,5,7,0.3797,0.4705,0.7587,0.2931,0.0414
4,11,5,8,0.3060,0.4375,0.8090,0.2128,0.0325
4,11,5,9,0.2277,0.3532,0.8424,0.1351,0.0095
4,11,5,10,0.3862,0.5669,0.8817,0.2930,0.0603
4,11,5,11,0.2735,0.4477,0.7941,0.1717,0.0379
4,11,6,0,0.4690,0.5996,0.7032,0.3824,0.0838
4,11,6,1,0.2910,0.4108,0.7769,0.1970,0.0332
4,11,6,2,0.2611,0.3923,0.8322,0.1642,0.0252
4,11,6,3,0.3881,0.5600,0.8355,0.2923,0.0714
4,11,6,4,0.3179,0.4859,0.7873,0.2171,0.0502
4,11,6,5,0.3177,0.4500,0.8083,0.2207,0.0400
4,11,6,6,0.2589,0.4627,0.8181,0.1568,0.0352
4,11,6,7,0.3882,0.5540,0.8845,0.2972,0.0578
4,11,6,8,0.4850,0.6116,0.8303,0.4096,0.0576
4,11,6,9,0.2020,0.3312,0.8471,0.1127,0.0003
4,11,6,10,0.2293,0.3575,0.8397,0.1369,0.0094
4,11,6,11,0.3718,0.5287,0.7754,0.2815,0.0460
4,11,7,0,0.3996,0.5375,0.8180,0.3185,0.0379
4,11,7,1,0.2238,0.3716,0.8499,0.1317,0.0089
4,11,7,2,0.2020,0.3280,0.8473,0.1128,0.0000
4,11,7,3,0.3174,0.4750,0.8129,0.2172,0.0497
4,11,7,4,0.2626,0.4165,0.7997,0.1671,0.0260
4,11,7,5,0.3067,0.4217,0.7946,0.2107,0.0354
4,11,7,6,0.2561,0.3978,0.8370,0.1615,0.0203
4,11,7,7,0.2113,0.3409,0.8423,0.1207,0.0025
4,11,7,8,0.4159,0.5780,0.8529,0.3341,0.0413
4,11,7,9,0.2735,0.4161,0.8014,0.1768,0.0286
4,11,7,10,0.2028,0.3292,0.8469,0.1134,0.0000
4,11,7,11,0.2065,0.3332,0.8444,0.1166,0.0013
4,11,8,0,0.2592,0.3895,0.8033,0.1634,0.0230
4,11,8,1,0.2067,0.3316,0.8462,0.1169,0.0011
4,11,8,2,0.3268,0.4887,0.8155,0.2281,0.0495
4,11,8,3,0.2381,0.4223,0.8752,0.1412,0.0230
4,11,8,4,0.4384,0.5638,0.7870,0.3564,0.0533
4,11,8,5,0.4885,0.5966,0.6978,0.4063,0.0779
4,11,8,6,0.2471,0.3735,0.8376,0.1532,0.0194
4,11,8,7,0.3611,0.4959,0.7953,0.2748,0.0354
4,11,8,8,0.4089,0.5948,0.8787,0.3210,0.0573
4,11,8,9,0.2785,0.4221,0.8437,0.1842,0.0257
4,11,8,10,0.3068,0.4777,0.8230,0.2044,0.0473
4,11,8,11,0.2632,0.4099,0.8450,0.1653,0.0290
4,11,9,0,0.2673,0.4361,0.8613,0.1713,0.0276
4,11,9,1,0.2074,0.3373,0.8465,0.1173,0.0021
4,11,9,2,0.2131,0.3433,0.8456,0.1224,0.0033
4,11,9,3,0.4445,0.5502,0.7978,0.3633,0.0541
4,11,9,4,0.2086,0.3434,0.8438,0.1173,0.0046
4,11,9,5,0.2468,0.3998,0.8460,0.1508,0.0206
4,11,9,6,0.2032,0.3317,0.8466,0.1139,0.0005
4,11,9,7,0.2687,0.4200,0.8591,0.1717,0.0297
4,11,9,8,0.2330,0.3637,0.8459,0.1410,0.0106
4,11,9,9,0.2023,0.3294,0.8470,0.1130,0.0002
4,11,9,10,0.4145,0.6412,0.8275,0.3279,0.0575
4,11,9,11,0.2062,0.3339,0.8467,0.1164,0.0011
4,11,10,0,0.2364,0.3645,0.8435,0.1436,0.0125
4,11,10,1,0.2075,0.3349,0.8421,0.1175,0.0014
4,11,10,2,0.2115,0.3441,0.8436,0.1206,0.0033
4,11,10,3,0.2295,0.3741,0.8492,0.1360,0.0119
4,11,10,4,0.2643,0.4034,0.8225,0.1687,0.0241
4,11,10,5,0.2919,0.5304,0.8389,0.1960,0.0408
4,11,10,6,0.2095,0.3340,0.8420,0.1193,0.0021
4,11,10,7,0.2355,0.3728,0.8390,0.1410,0.0144
4,11,10,8,0.2096,0.3388,0.8412,0.1190,0.0029
4,11,10,9,0.3531,0.6053,0.9124,0.2666,0.0295
4,11,10,10,0.2046,0.3294,0.8452,0.1149,0.0006
4,11,10,11,0.2832,0.3820,0.7946,0.1946,0.0205
4,11,11,0,0.4673,0.7336,0.7477,0.3728,0.1027
4,11,11,1,0.2439,0.3825,0.8290,0.1481,0.0200
4,11,11,2,0.2154,0.3361,0.8318,0.1233,0.0060
4,11,11,3,0.4386,0.5597,0.8035,0.3527,0.0644
4,11,11,4,0.2646,0.3812,0.8129,0.1658,0.0302
4,11,11,5,0.2241,0.3559,0.8424,0.1313,0.0097
4,11,11,6,0.2080,0.3335,0.8393,0.1175,0.0017
4,11,11,7,0.2280,0.3787,0.8100,0.1305,0.0192
4,11,11,8,0.4360,0.7229,0.8929,0.3427,0.0840
4,11,11,9,0.2105,0.3376,0.8407,0.1201,0.0025
4,11,11,10,0.3657,0.5399,0.7836,0.2702,0.0541
4,11,11,11,0.3645,0.5478,0.8054,0.2712,0.0519
5,0,0,0,0.8310,0.8148,0.9502,0.8133,0.0832
5,0,0,1,0.1332,0.1804,0.9261,0.0265,0.0114
5,0,0,2,0.7625,0.7610,0.9909,0.7263,0.0770
5,0,0,3,0.2330,0.2375,0.9155,0.1240,0.0181
5,0,0,4,0.4548,0.4282,0.9921,0.3565,0.0606
5,0,0,5,0.2649,0.2478,0.8863,0.1573,0.0230
5,0,0,6,0.7611,0.7462,0.9675,0.7263,0.0841
5,0,0,7,0.5921,0.5838,0.9792,0.5170,0.0851
5,0,0,8,0.6117,0.6478,0.9951,0.5425,0.0729
5,0,0,9,0.8107,0.8065,0.9577,0.7897,0.0884
5,0,0,10,0.7534,0.7234,0.9787,0.7195,0.0903
5,0,0,11,0.8199,0.8124,0.9549,0.8020,0.0868
5,0,1,0,0.6425,0.6136,0.9981,0.5803,0.0740
5,0,1,1,0.8152,0.8054,0.9893,0.7904,0.0756
5,0,1,2,0.7860,0.7840,0.9985,0.7546,0.0768
5,0,1,3,0.9040,0.8699,0.9696,0.9008,0.0700
5,0,1,4,0.9375,0.9373,0.9857,0.9341,0.0533
5,0,1,5,0.8266,0.7820,0.9982,0.8024,0.0625
5,0,1,6,0.9000,0.8524,0.9947,0.8866,0.0340
5,0,1,7,0.9434,0.9426,0.9919,0.9395,0.0490
5,0,1,8,0.9251,0.9240,0.9949,0.9186,0.0530
5,0,1,9,0.9705,0.9715,0.9997,0.9681,0.0319
5,0,1,10,0.2070,0.4595,0.9987,0.0410,0.0879
5,0,1,11,0.3862,0.3100,0.9120,0.2905,0.0348
5,0,2,0,0.7687,0.7191,0.9870,0.7336,0.0714
5,0,2,1,0.9888,0.9896,0.9987,0.9876,0.0152
5,0,2,2,0.4280,0.4377,0.9916,0.3326,0.0465
5,0,2,3,0.6841,0.6606,0.9960,0.6308,0.0805
5,0,2,4,0.7490,0.7647,0.9980,0.7094,0.0571
5,0,2,5,0.6182,0.6095,0.9978,0.5528,0.0637
5,0,2,6,0.9480,0.9561,0.9996,0.9419,0.0329
5,0,2,7,0.6289,0.6056,0.9793,0.5620,0.0944
5,0,2,8,0.4936,0.6555,1.0000,0.4055,0.0565
5,0,2,9,0.5722,0.5408,0.9994,0.4976,0.0622
5,0,2,10,0.8133,0.7880,0.9791,0.7909,0.0833
5,0,2,11,0.9790,0.9776,0.9977,0.9783,0.0317
5,0,3,0,0.9908,0.9934,1.0000,0.9897,0.0081
5,0,3,1,0.9481,0.9429,0.9999,0.9427,0.0373
5,0,3,2,0.5475,0.5467,0.9993,0.4653,0.0694
5,0,3,3,0.7987,0.8236,0.9999,0.7684,0.0429
5,0,3,4,0.9920,0.9942,0.9997,0.9910,0.0065
5,0,3,5,0.9525,0.9511,0.9903,0.9480,0.0373
5,0,3,6,0.7141,0.7006,0.9999,0.6673,0.0741
5,0,3,7,0.6613,0.6248,0.9802,0.6057,0.0571
5,0,3,8,0.7685,0.7318,0.9935,0.7325,0.0638
5,0,3,9,0.6797,0.7001,0.9998,0.6275,0.0535
5,0,3,10,0.9656,0.9550,0.9999,0.9624,0.0310
5,0,3,11,0.6121,0.7172,0.9998,0.5461,0.0578
5,0,4,0,0.5488,0.7952,0.9613,0.4832,0.0233
5,0,4,1,0.8633,0.8439,0.9977,0.8438,0.0437
5,0,4,2,0.9892,0.9926,0.9979,0.9878,0.0103
5,0,4,3,0.8688,0.8766,0.9997,0.8506,0.0451
5,0,4,4,0.9884,0.9899,0.9971,0.9872,0.0159
5,0,4,5,0.8933,0.8737,0.9978,0.8792,0.0468
5,0,4,6,0.9383,0.9319,0.9850,0.9335,0.0498
5,0,4,7,0.5566,0.5241,0.9831,0.4819,0.0527
5,0,4,8,0.9733,0.9771,0.9981,0.9702,0.0200
5,0,4,9,0.7492,0.7699,0.9733,0.7098,0.0694
5,0,4,10,0.9895,0.9929,0.9999,0.9882,0.0054
5,0,4,11,0.2337,0.3657,0.8531,0.1410,0.0132
5,0,5,0,1.0000,1.0000,1.0000,1.0000,0.0000
5,0,5,1,0.9913,0.9932,0.9999,0.9907,0.0132
5,0,5,2,0.8536,0.8771,0.9592,0.8335,0.0527
5,0,5,3,0.9154,0.8960,0.9593,0.9063,0.0506
5,0,5,4,0.8846,0.8690,0.9897,0.8713,0.0600
5,0,5,5,0.9897,0.9921,0.9993,0.9884,0.0044
5,0,5,6,0.9434,0.9372,0.9941,0.9361,0.0279
5,0,5,7,0.9473,0.9340,0.9871,0.9407,0.0283
5,0,5,8,0.9763,0.9650,0.9969,0.9736,0.0194
5,0,5,9,0.9949,0.9960,0.9998,0.9943,0.0065
5,0,5,10,0.8801,0.8815,0.9983,0.8640,0.0471
5,0,5,11,0.9720,0.9780,0.9946,0.9693,0.0248
5,0,6,0,0.7583,0.8084,0.9709,0.7206,0.0706
5,0,6,1,0.9669,0.9730,0.9913,0.9626,0.0200
5,0,6,2,0.9894,0.9905,0.9992,0.9883,0.0165
5,0,6,3,0.8852,0.8930,0.9995,0.8707,0.0583
5,0,6,4,0.9696,0.9641,0.9933,0.9678,0.0370
5,0,6,5,0.9816,0.9809,0.9968,0.9808,0.0278
5,0,6,6,0.9794,0.9739,0.9980,0.9775,0.0221
5,0,6,7,0.9175,0.9094,0.9980,0.9074,0.0446
5,0,6,8,0.9154,0.9131,0.9991,0.9049,0.0448
5,0,6,9,0.9917,0.9936,0.9999,0.9910,0.0129
5,0,6,10,0.9949,0.9964,0.9997,0.9942,0.0054
5,0,6,11,0.9483,0.9312,0.9910,0.9424,0.0329
5,0,7,0,0.9465,0.9288,0.9980,0.9394,0.0248
5,0,7,1,0.9885,0.9910,1.0000,0.9871,0.0046
5,0,7,2,0.9913,0.9932,0.9999,0.9905,0.0132
5,0,7,3,0.9479,0.9591,0.9974,0.9423,0.0365
5,0,7,4,0.9666,0.9746,0.9955,0.9622,0.0141
5,0,7,5,0.9854,0.9838,0.9947,0.9845,0.0229
5,0,7,6,0.9907,0.9916,0.9996,0.9896,0.0119
5,0,7,7,0.9922,0.9942,0.9998,0.9914,0.0106
5,0,7,8,0.9088,0.8700,1.0000,0.8963,0.0281
5,0,7,9,0.9849,0.9847,0.9958,0.9833,0.0170
5,0,7,10,0.9913,0.9934,0.9999,0.9906,0.0132
5,0,7,11,0.9920,0.9941,0.9999,0.9912,0.0119
5,0,8,0,0.9895,0.9883,0.9960,0.9883,0.0114
5,0,8,1,0.9920,0.9942,0.9999,0.9912,0.0121
5,0,8,2,0.9548,0.9587,0.9977,0.9504,0.0363
5,0,8,3,0.9741,0.9616,0.9990,0.9706,0.0111
5,0,8,4,0.9315,0.9018,0.9933,0.9234,0.0402
5,0,8,5,0.8816,0.8548,0.9690,0.8689,0.0648
5,0,8,6,0.9828,0.9913,0.9996,0.9805,0.0065
5,0,8,7,0.9581,0.9426,0.9948,0.9527,0.0222
5,0,8,8,0.8202,0.8172,0.9987,0.7934,0.0441
5,0,8,9,0.9791,0.9819,0.9998,0.9766,0.0129
5,0,8,10,0.9761,0.9724,0.9985,0.9754,0.0341
5,0,8,11,0.9850,0.9864,0.9999,0.9835,0.0159
5,0,9,0,0.9829,0.9807,0.9999,0.9809,0.0154
5,0,9,1,0.9918,0.9941,0.9999,0.9910,0.0111
5,0,9,2,0.9920,0.9956,0.9999,0.9911,0.0098
5,0,9,3,0.9267,0.9121,0.9952,0.9179,0.0410
5,0,9,4,0.9891,0.9926,0.9998,0.9878,0.0086
5,0,9,5,0.9933,0.9934,0.9999,0.9925,0.0097
5,0,9,6,0.9912,0.9932,0.9999,0.9904,0.0127
5,0,9,7,0.9790,0.9820,0.9999,0.9765,0.0168
5,0,9,8,0.9919,0.9960,0.9999,0.9908,0.0054
5,0,9,9,0.9912,0.9933,0.9999,0.9905,0.0130
5,0,9,10,0.8879,0.8584,0.9989,0.8726,0.0443
5,0,9,11,0.9920,0.9940,0.9999,0.9912,0.0121
5,0,10,0,0.9942,0.9954,0.9998,0.9935,0.0044
5,0,10,1,0.9913,0.9935,0.9998,0.9904,0.0117
5,0,10,2,0.9913,0.9936,0.9998,0.9903,0.0098
5,0,10,3,0.9893,0.9908,1.0000,0.9879,0.0038
5,0,10,4,0.9919,0.9929,0.9984,0.9911,0.0141
5,0,10,5,0.9083,0.8958,0.9996,0.8955,0.0286
5,0,10,6,0.9922,0.9942,0.9998,0.9915,0.0111
5,0,10,7,0.9929,0.9951,0.9997,0.9920,0.0089
5,0,10,8,0.9927,0.9945,0.9997,0.9919,0.0103
5,0,10,9,0.8787,0.8116,0.9919,0.8616,0.0163
5,0,10,10,0.9917,0.9936,0.9999,0.9910,0.0125
5,0,10,11,0.9584,0.9469,0.9946,0.9528,0.0083
5,0,11,0,0.6703,0.6473,0.9843,0.6140,0.0895
5,0,11,1,0.9868,0.9885,0.9990,0.9851,0.0122
5,0,11,2,0.9917,0.9936,0.9992,0.9907,0.0075
5,0,11,3,0.9139,0.9084,0.9961,0.9043,0.0513
5,0,11,4,0.9892,0.9891,0.9974,0.9884,0.0211
5,0,11,5,0.9920,0.9946,0.9998,0.9909,0.0038
5,0,11,6,0.9917,0.9937,0.9997,0.9909,0.0114
5,0,11,7,0.9866,0.9868,0.9970,0.9849,0.0095
5,0,11,8,0.1946,0.4843,0.9966,0.0402,0.0711
5,0,11,9,0.9914,0.9939,0.9997,0.9905,0.0106
5,0,11,10,0.9504,0.9483,0.9926,0.9462,0.0410
5,0,11,11,0.9505,0.9313,0.9964,0.9455,0.0387
5,1,0,0,0.8077,0.8065,0.9536,0.7929,0.0963
5,1,0,1,0.1054,0.1504,0.9219,0.0041,0.0017
5,1,0,2,0.7230,0.7285,0.9924,0.6866,0.0902
5,1,0,3,0.2020,0.2037,0.9110,0.0979,0.0310
5,1,0,4,0.4207,0.3927,0.9907,0.3263,0.0738
5,1,0,5,0.2357,0.2152,0.8811,0.1331,0.0359
5,1,0,6,0.7331,0.7282,0.9702,0.7008,0.0973
5,1,0,7,0.5453,0.5521,0.9813,0.4703,0.0983
5,1,0,8,0.5666,0.6077,0.9962,0.4977,0.0860
5,1,0,9,0.7762,0.7908,0.9608,0.7559,0.1016
5,1,0,10,0.7180,0.7018,0.9809,0.6852,0.1035
5,1,0,11,0.7922,0.7927,0.9581,0.7765,0.1000
5,1,1,0,0.6140,0.5819,0.9988,0.5551,0.0868
5,1,1,1,0.7838,0.7796,0.9909,0.7599,0.0887
5,1,1,2,0.7506,0.7563,0.9990,0.7195,0.0897
5,1,1,3,0.8886,0.8605,0.9723,0.8889,0.0832
5,1,1,4,0.9285,0.9274,0.9875,0.9280,0.0662
5,1,1,5,0.8053,0.7503,0.9988,0.7833,0.0757
5,1,1,6,0.8883,0.8372,0.9935,0.8767,0.0471
5,1,1,7,0.9292,0.9315,0.9932,0.9270,0.0619
5,1,1,8,0.9111,0.9113,0.9959,0.9068,0.0662
5,1,1,9,0.9627,0.9637,0.9999,0.9617,0.0441
5,1,1,10,0.1635,0.4391,0.9992,0.0027,0.1008
5,1,1,11,0.3560,0.2760,0.9074,0.2644,0.0479
5,1,2,0,0.7359,0.6894,0.9887,0.7017,0.0846
5,1,2,1,0.9881,0.9873,0.9992,0.9880,0.0243
5,1,2,2,0.3845,0.3965,0.9902,0.2911,0.0594
5,1,2,3,0.6551,0.6400,0.9969,0.6047,0.0937
5,1,2,4,0.7132,0.7299,0.9986,0.6737,0.0700
5,1,2,5,0.5667,0.5674,0.9984,0.5000,0.0768
5,1,2,6,0.9408,0.9468,0.9998,0.9365,0.0457
5,1,2,7,0.5891,0.5808,0.9815,0.5237,0.1076
5,1,2,8,0.4714,0.6278,0.9999,0.3886,0.0697
5,1,2,9,0.5315,0.5085,0.9990,0.4582,0.0754
5,1,2,10,0.7871,0.7677,0.9813,0.7670,0.0965
5,1,2,11,0.9758,0.9724,0.9984,0.9773,0.0443
5,1,3,0,0.9987,0.9976,0.9999,0.9987,0.0051
5,1,3,1,0.9440,0.9331,1.0000,0.9410,0.0502
5,1,3,2,0.5284,0.5179,0.9997,0.4524,0.0825
5,1,3,3,0.7913,0.7939,0.9996,0.7647,0.0560
5,1,3,4,0.9981,0.9985,0.9999,0.9981,0.0067
5,1,3,5,0.9465,0.9445,0.9918,0.9442,0.0505
5,1,3,6,0.6938,0.6705,0.9997,0.6511,0.0873
5,1,3,7,0.6454,0.5957,0.9780,0.5942,0.0703
5,1,3,8,0.7370,0.6989,0.9947,0.7018,0.0770
5,1,3,9,0.6853,0.6780,1.0000,0.6411,0.0667
5,1,3,10,0.9621,0.9438,0.9996,0.9610,0.0438
5,1,3,11,0.6099,0.6893,1.0000,0.5517,0.0710
5,1,4,0,0.5615,0.7787,0.9582,0.5037,0.0365
5,1,4,1,0.8490,0.8202,0.9984,0.8314,0.0568
5,1,4,2,0.9956,0.9951,0.9985,0.9959,0.0171
5,1,4,3,0.8698,0.8607,0.9999,0.8563,0.0583
5,1,4,4,0.9910,0.9890,0.9979,0.9913,0.0249
5,1,4,5,0.9004,0.8566,0.9985,0.8916,0.0600
5,1,4,6,0.9201,0.9194,0.9868,0.9164,0.0630
5,1,4,7,0.5193,0.4847,0.9810,0.4464,0.0659
5,1,4,8,0.9739,0.9702,0.9988,0.9727,0.0322
5,1,4,9,0.7235,0.7599,0.9758,0.6866,0.0825
5,1,4,10,0.9949,0.9936,1.0000,0.9947,0.0129
5,1,4,11,0.2005,0.3268,0.8473,0.1115,0.0000
5,1,5,0,0.9913,0.9932,0.9999,0.9907,0.0132
5,1,5,1,1.0000,1.0000,1.0000,1.0000,0.0000
5,1,5,2,0.8302,0.8697,0.9623,0.8112,0.0659
5,1,5,3,0.9116,0.8891,0.9623,0.9063,0.0638
5,1,5,4,0.8698,0.8566,0.9912,0.8591,0.0732
5,1,5,5,0.9971,0.9959,0.9996,0.9970,0.0094
5,1,5,6,0.9481,0.9247,0.9953,0.9439,0.0411
5,1,5,7,0.9552,0.9344,0.9888,0.9524,0.0414
5,1,5,8,0.9696,0.9575,0.9977,0.9677,0.0325
5,1,5,9,0.9977,0.9976,1.0000,0.9977,0.0095
5,1,5,10,0.8675,0.8651,0.9976,0.8536,0.0603
5,1,5,11,0.9736,0.9712,0.9957,0.9733,0.0379
5,1,6,0,0.7483,0.8032,0.9735,0.7161,0.0838
5,1,6,1,0.9631,0.9663,0.9927,0.9600,0.0332
5,1,6,2,0.9899,0.9884,0.9996,0.9902,0.0252
5,1,6,3,0.8462,0.8653,0.9998,0.8298,0.0714
5,1,6,4,0.9539,0.9488,0.9946,0.9527,0.0502
5,1,6,5,0.9749,0.9730,0.9976,0.9754,0.0400
5,1,6,6,0.9746,0.9650,0.9986,0.9739,0.0352
5,1,6,7,0.8923,0.8898,0.9972,0.8818,0.0578
5,1,6,8,0.9002,0.8883,0.9995,0.8910,0.0576
5,1,6,9,1.0000,0.9999,1.0000,1.0000,0.0003
5,1,6,10,0.9981,0.9979,0.9999,0.9981,0.0094
5,1,6,11,0.9491,0.9192,0.9924,0.9463,0.0460
5,1,7,0,0.9539,0.9242,0.9986,0.9500,0.0379
5,1,7,1,0.9969,0.9947,1.0000,0.9968,0.0089
5,1,7,2,1.0000,1.0000,1.0000,1.0000,0.0000
5,1,7,3,0.9427,0.9488,0.9981,0.9395,0.0497
5,1,7,4,0.9775,0.9733,0.9965,0.9760,0.0260
5,1,7,5,0.9819,0.9796,0.9957,0.9825,0.0354
5,1,7,6,0.9923,0.9901,0.9998,0.9923,0.0203
5,1,7,7,0.9995,0.9995,1.0000,0.9995,0.0025
5,1,7,8,0.9069,0.8620,0.9999,0.8971,0.0413
5,1,7,9,0.9848,0.9797,0.9967,0.9847,0.0286
5,1,7,10,1.0000,0.9999,1.0000,1.0000,0.0000
5,1,7,11,0.9999,0.9999,1.0000,0.9999,0.0013
5,1,8,0,0.9903,0.9865,0.9970,0.9903,0.0230
5,1,8,1,0.9999,0.9999,1.0000,0.9999,0.0011
5,1,8,2,0.9469,0.9467,0.9984,0.9443,0.0495
5,1,8,3,0.9745,0.9566,0.9985,0.9722,0.0230
5,1,8,4,0.9279,0.8906,0.9945,0.9226,0.0533
5,1,8,5,0.8620,0.8323,0.9717,0.8513,0.0779
5,1,8,6,0.9814,0.9870,0.9998,0.9798,0.0194
5,1,8,7,0.9646,0.9420,0.9958,0.9622,0.0354
5,1,8,8,0.7697,0.7826,0.9981,0.7396,0.0573
5,1,8,9,0.9844,0.9805,1.0000,0.9839,0.0257
5,1,8,10,0.9622,0.9612,0.9990,0.9622,0.0473
5,1,8,11,0.9791,0.9806,1.0000,0.9782,0.0290
5,1,9,0,0.9810,0.9716,0.9996,0.9801,0.0276
5,1,9,1,0.9997,0.9998,1.0000,0.9997,0.0021
5,1,9,2,0.9993,0.9991,1.0000,0.9993,0.0033
5,1,9,3,0.9055,0.8890,0.9962,0.8969,0.0541
5,1,9,4,0.9978,0.9983,1.0000,0.9976,0.0046
5,1,9,5,0.9909,0.9884,1.0000,0.9908,0.0206
5,1,9,6,0.9999,0.9999,1.0000,0.9999,0.0005
5,1,9,7,0.9755,0.9756,0.9997,0.9741,0.0297
5,1,9,8,0.9962,0.9969,1.0000,0.9960,0.0106
5,1,9,9,1.0000,1.0000,1.0000,1.0000,0.0002
5,1,9,10,0.8888,0.8376,0.9993,0.8777,0.0575
5,1,9,11,0.9999,0.9999,1.0000,0.9999,0.0011
5,1,10,0,0.9958,0.9945,1.0000,0.9957,0.0125
5,1,10,1,0.9998,0.9998,1.0000,0.9998,0.0014
5,1,10,2,0.9993,0.9991,1.0000,0.9993,0.0033
5,1,10,3,0.9950,0.9936,1.0000,0.9948,0.0119
5,1,10,4,0.9882,0.9875,0.9990,0.9881,0.0241
5,1,10,5,0.9181,0.8895,0.9999,0.9092,0.0408
5,1,10,6,0.9998,0.9997,1.0000,0.9998,0.0021
5,1,10,7,0.9965,0.9955,0.9999,0.9967,0.0144
5,1,10,8,0.9997,0.9996,0.9999,0.9997,0.0029
5,1,10,9,0.8856,0.8071,0.9904,0.8721,0.0295
5,1,10,10,1.0000,0.9999,1.0000,1.0000,0.0006
5,1,10,11,0.9694,0.9532,0.9957,0.9662,0.0205
5,1,11,0,0.6204,0.6224,0.9862,0.5625,0.1027
5,1,11,1,0.9917,0.9905,0.9994,0.9916,0.0200
5,1,11,2,0.9989,0.9989,0.9996,0.9989,0.0060
5,1,11,3,0.8789,0.8808,0.9970,0.8676,0.0644
5,1,11,4,0.9896,0.9880,0.9981,0.9905,0.0302
5,1,11,5,0.9965,0.9972,1.0000,0.9964,0.0097
5,1,11,6,0.9998,0.9998,0.9999,0.9998,0.0017
5,1,11,7,0.9923,0.9893,0.9978,0.9922,0.0192
5,1,11,8,0.1504,0.4550,0.9957,0.0009,0.0840
5,1,11,9,0.9996,0.9996,0.9999,0.9997,0.0025
5,1,11,10,0.9436,0.9355,0.9939,0.9418,0.0541
5,1,11,11,0.9378,0.9176,0.9972,0.9340,0.0519
5,2,0,0,0.9246,0.9328,0.9995,0.9063,0.0343
5,2,0,1,0.1824,0.2649,0.7816,0.0473,0.0641
5,2,0,2,0.8066,0.8264,0.9885,0.7545,0.0287
5,2,0,3,0.3034,0.3415,0.7644,0.1700,0.0384
5,2,0,4,0.5930,0.5924,0.9163,0.4886,0.0086
5,2,0,5,0.3205,0.3563,0.7192,0.1860,0.0306
5,2,0,6,0.8737,0.8679,0.9995,0.8400,0.0337
5,2,0,7,0.7291,0.7348,0.9966,0.6525,0.0349
5,2,0,8,0.6977,0.7517,0.9824,0.6152,0.0230
5,2,0,9,0.8805,0.8856,1.0000,0.8492,0.0417
5,2,0,10,0.8367,0.8289,0.9968,0.7919,0.0417
5,2,0,11,0.8742,0.8873,0.9999,0.8412,0.0402
5,2,1,0,0.7649,0.7587,0.9747,0.7019,0.0267
5,2,1,1,0.8376,0.8617,0.9902,0.7943,0.0263
5,2,1,2,0.8040,0.8100,0.9733,0.7519,0.0311
5,2,1,3,0.8755,0.8879,0.9992,0.8424,0.0300
5,2,1,4,0.9005,0.9318,0.9931,0.8757,0.0289
5,2,1,5,0.7984,0.8066,0.9746,0.7468,0.0152
5,2,1,6,0.8251,0.8312,0.9249,0.7869,0.0241
5,2,1,7,0.9033,0.9233,0.9874,0.8801,0.0290
5,2,1,8,0.8841,0.9064,0.9829,0.8556,0.0251
5,2,1,9,0.8833,0.9016,0.9654,0.8592,0.0287
5,2,1,10,0.4301,0.5444,0.9722,0.2651,0.0406
5,2,1,11,0.4179,0.4045,0.7589,0.2942,0.0221
5,2,2,0,0.8164,0.8130,0.9922,0.7676,0.0225
5,2,2,1,0.8692,0.8994,0.9725,0.8477,0.0416
5,2,2,2,0.5750,0.6048,0.9147,0.4765,0.0119
5,2,2,3,0.8004,0.7948,0.9806,0.7457,0.0332
5,2,2,4,0.7733,0.8189,0.9751,0.7179,0.0105
5,2,2,5,0.6837,0.7072,0.9760,0.6034,0.0154
5,2,2,6,0.8675,0.9040,0.9673,0.8402,0.0237
5,2,2,7,0.7334,0.7032,0.9966,0.6545,0.0440
5,2,2,8,0.7076,0.7902,0.9592,0.6353,0.0133
5,2,2,9,0.7044,0.7015,0.9490,0.6292,0.0149
5,2,2,10,0.8663,0.8752,0.9967,0.8304,0.0348
5,2,2,11,0.8841,0.9116,0.9761,0.8597,0.0305
5,2,3,0,0.8324,0.8756,0.9592,0.8116,0.0608
5,2,3,1,0.8616,0.8928,0.9630,0.8317,0.0189
5,2,3,2,0.6931,0.7112,0.9688,0.6110,0.0189
5,2,3,3,0.7861,0.8595,0.9546,0.7382,0.0140
5,2,3,4,0.8473,0.8814,0.9659,0.8279,0.0592
5,2,3,5,0.9087,0.9275,0.9891,0.8889,0.0246
5,2,3,6,0.8040,0.8035,0.9555,0.7516,0.0256
5,2,3,7,0.7212,0.7352,0.8843,0.6541,0.0156
5,2,3,8,0.7881,0.8279,0.9852,0.7353,0.0178
5,2,3,9,0.7805,0.8608,0.9644,0.7279,0.0144
5,2,3,10,0.8599,0.8936,0.9546,0.8309,0.0221
5,2,3,11,0.7562,0.8526,0.9647,0.6953,0.0102
5,2,4,0,0.6754,0.8334,0.8441,0.6131,0.0338
5,2,4,1,0.7906,0.8534,0.9762,0.7441,0.0144
5,2,4,2,0.8573,0.8934,0.9757,0.8357,0.0487
5,2,4,3,0.8677,0.9035,0.9661,0.8373,0.0168
5,2,4,4,0.8727,0.9042,0.9779,0.8516,0.0410
5,2,4,5,0.8499,0.9074,0.9758,0.8157,0.0135
5,2,4,6,0.9278,0.9400,0.9936,0.9104,0.0216
5,2,4,7,0.6143,0.6087,0.8912,0.5217,0.0067
5,2,4,8,0.8700,0.9143,0.9746,0.8465,0.0346
5,2,4,9,0.9039,0.9007,0.9985,0.8791,0.0186
5,2,4,10,0.8471,0.8864,0.9630,0.8255,0.0530
5,2,4,11,0.4049,0.5083,0.6708,0.3113,0.0659
5,2,5,0,0.8536,0.8771,0.9592,0.8335,0.0527
5,2,5,1,0.8302,0.8697,0.9623,0.8112,0.0659
5,2,5,2,1.0000,1.0000,1.0000,1.0000,0.0000
5,2,5,3,0.9233,0.9580,1.0000,0.9049,0.0100
5,2,5,4,0.9119,0.9224,0.9898,0.8898,0.0130
5,2,5,5,0.8407,0.8845,0.9693,0.8195,0.0565
5,2,5,6,0.8523,0.9167,0.9841,0.8236,0.0263
5,2,5,7,0.8775,0.9213,0.9921,0.8534,0.0273
5,2,5,8,0.8686,0.9077,0.9786,0.8451,0.0346
5,2,5,9,0.8535,0.8818,0.9647,0.8339,0.0563
5,2,5,10,0.8433,0.8570,0.9413,0.8071,0.0141
5,2,5,11,0.8794,0.9204,0.9834,0.8559,0.0279
5,2,6,0,0.9068,0.9164,0.9990,0.8828,0.0189
5,2,6,1,0.8872,0.9292,0.9881,0.8681,0.0333
5,2,6,2,0.8634,0.8949,0.9694,0.8403,0.0419
5,2,6,3,0.8552,0.8654,0.9680,0.8203,0.0186
5,2,6,4,0.8830,0.9213,0.9854,0.8575,0.0230
5,2,6,5,0.8899,0.9116,0.9789,0.8677,0.0316
5,2,6,6,0.8691,0.8926,0.9753,0.8444,0.0316
5,2,6,7,0.8635,0.8769,0.9393,0.8330,0.0176
5,2,6,8,0.8645,0.9069,0.9703,0.8342,0.0165
5,2,6,9,0.8313,0.8708,0.9623,0.8122,0.0656
5,2,6,10,0.8481,0.8805,0.9660,0.8275,0.0565
5,2,6,11,0.8576,0.9170,0.9885,0.8277,0.0217
5,2,7,0,0.8335,0.9095,0.9753,0.8021,0.0302
5,2,7,1,0.8398,0.8813,0.9609,0.8183,0.0570
5,2,7,2,0.8310,0.8705,0.9623,0.8120,0.0659
5,2,7,3,0.8906,0.9207,0.9772,0.8672,0.0238
5,2,7,4,0.8665,0.9227,0.9817,0.8446,0.0398
5,2,7,5,0.8839,0.9213,0.9833,0.8619,0.0321
5,2,7,6,0.8601,0.8924,0.9673,0.8382,0.0456
5,2,7,7,0.8393,0.8769,0.9647,0.8199,0.0633
5,2,7,8,0.8639,0.8835,0.9593,0.8366,0.0246
5,2,7,9,0.8596,0.9150,0.9812,0.8348,0.0373
5,2,7,10,0.8312,0.8706,0.9625,0.8120,0.0659
5,2,7,11,0.8351,0.8730,0.9637,0.8158,0.0646
5,2,8,0,0.8541,0.8932,0.9805,0.8299,0.0429
5,2,8,1,0.8344,0.8714,0.9628,0.8152,0.0648
5,2,8,2,0.8814,0.9071,0.9762,0.8559,0.0233
5,2,8,3,0.8386,0.8665,0.9458,0.8124,0.0454
5,2,8,4,0.8648,0.9127,0.9855,0.8352,0.0170
5,2,8,5,0.8686,0.9218,0.9993,0.8348,0.0159
5,2,8,6,0.8626,0.8906,0.9670,0.8423,0.0465
5,2,8,7,0.8462,0.9184,0.9831,0.8176,0.0311
5,2,8,8,0.7831,0.8007,0.9435,0.7341,0.0130
5,2,8,9,0.8660,0.8965,0.9640,0.8435,0.0402
5,2,8,10,0.8915,0.9122,0.9733,0.8680,0.0224
5,2,8,11,0.8790,0.8995,0.9634,0.8582,0.0368
5,2,9,0,0.8404,0.8809,0.9546,0.8128,0.0383
5,2,9,1,0.8350,0.8743,0.9626,0.8156,0.0638
5,2,9,2,0.8378,0.8760,0.9631,0.8179,0.0625
5,2,9,3,0.8344,0.8694,0.9823,0.7978,0.0146
5,2,9,4,0.8411,0.8793,0.9640,0.8217,0.0613
5,2,9,5,0.8568,0.8864,0.9629,0.8342,0.0452
5,2,9,6,0.8317,0.8723,0.9626,0.8126,0.0654
5,2,9,7,0.8711,0.8937,0.9558,0.8489,0.0362
5,2,9,8,0.8497,0.8823,0.9630,0.8294,0.0552
5,2,9,9,0.8316,0.8710,0.9624,0.8126,0.0657
5,2,9,10,0.8332,0.8966,0.9715,0.7959,0.0157
5,2,9,11,0.8335,0.8725,0.9626,0.8141,0.0648
5,2,10,0,0.8494,0.8779,0.9642,0.8282,0.0533
5,2,10,1,0.8358,0.8751,0.9648,0.8165,0.0644
5,2,10,2,0.8364,0.8779,0.9641,0.8163,0.0625
5,2,10,3,0.8436,0.8859,0.9613,0.8214,0.0540
5,2,10,4,0.8669,0.8985,0.9735,0.8450,0.0417
5,2,10,5,0.8184,0.8933,0.9664,0.7841,0.0283
5,2,10,6,0.8361,0.8737,0.9649,0.8166,0.0638
5,2,10,7,0.8504,0.8865,0.9664,0.8283,0.0514
5,2,10,8,0.8365,0.8761,0.9653,0.8167,0.0630
5,2,10,9,0.8053,0.8377,0.9155,0.7690,0.0367
5,2,10,10,0.8331,0.8714,0.9633,0.8138,0.0652
5,2,10,11,0.8234,0.8839,0.9833,0.7961,0.0489
5,2,11,0,0.7453,0.7578,0.9940,0.6718,0.0384
5,2,11,1,0.8579,0.8933,0.9708,0.8358,0.0465
5,2,11,2,0.8458,0.8800,0.9696,0.8263,0.0598
5,2,11,3,0.8579,0.8846,0.9805,0.8242,0.0135
5,2,11,4,0.8712,0.9040,0.9772,0.8482,0.0383
5,2,11,5,0.8502,0.8827,0.9647,0.8302,0.0562
5,2,11,6,0.8373,0.8750,0.9662,0.8179,0.0641
5,2,11,7,0.8517,0.8907,0.9782,0.8286,0.0467
5,2,11,8,0.3807,0.5437,0.9328,0.2169,0.0206
5,2,11,9,0.8383,0.8768,0.9655,0.8190,0.0633
5,2,11,10,0.8883,0.9347,0.9864,0.8630,0.0162
5,2,11,11,0.8795,0.9248,0.9798,0.8534,0.0187
5,3,0,0,0.9317,0.9287,0.9995,0.9166,0.0370
5,3,0,1,0.1977,0.2482,0.7818,0.0673,0.0621
5,3,0,2,0.8428,0.8591,0.9885,0.8019,0.0311
5,3,0,3,0.3170,0.3236,0.7646,0.1882,0.0348
5,3,0,4,0.5843,0.5633,0.9164,0.4795,0.0125
5,3,0,5,0.3420,0.3329,0.7194,0.2138,0.0279
5,3,0,6,0.8837,0.8816,0.9995,0.8543,0.0370
5,3,0,7,0.7414,0.7511,0.9967,0.6701,0.0386
5,3,0,8,0.7138,0.7641,0.9824,0.6374,0.0260
5,3,0,9,0.9034,0.9026,1.0000,0.8805,0.0432
5,3,0,10,0.8565,0.8331,0.9968,0.8197,0.0444
5,3,0,11,0.9078,0.9104,0.9999,0.8867,0.0413
5,3,1,0,0.8072,0.7914,0.9747,0.7568,0.0290
5,3,1,1,0.8946,0.9006,0.9902,0.8679,0.0300
5,3,1,2,0.8597,0.8596,0.9733,0.8236,0.0319
5,3,1,3,0.9289,0.8932,0.9992,0.9120,0.0263
5,3,1,4,0.9624,0.9610,0.9932,0.9533,0.0233
5,3,1,5,0.8756,0.8507,0.9746,0.8445,0.0157
5,3,1,6,0.9142,0.8791,0.9251,0.8960,0.0192
5,3,1,7,0.9558,0.9569,0.9874,0.9454,0.0219
5,3,1,8,0.9533,0.9492,0.9830,0.9421,0.0183
5,3,1,9,0.9521,0.9373,0.9655,0.9428,0.0238
5,3,1,10,0.3863,0.5446,0.9723,0.2115,0.0440
5,3,1,11,0.4513,0.3858,0.7591,0.3365,0.0190
5,3,2,0,0.8776,0.8674,0.9922,0.8464,0.0256
5,3,2,1,0.9433,0.9275,0.9726,0.9360,0.0395
5,3,2,2,0.5729,0.6064,0.9148,0.4754,0.0083
5,3,2,3,0.8192,0.7900,0.9807,0.7712,0.0356
5,3,2,4,0.8242,0.8507,0.9752,0.7820,0.0116
5,3,2,5,0.7204,0.7460,0.9760,0.6507,0.0171
5,3,2,6,0.9313,0.9376,0.9673,0.9176,0.0187
5,3,2,7,0.7488,0.7057,0.9966,0.6771,0.0473
5,3,2,8,0.7260,0.7987,0.9593,0.6594,0.0110
5,3,2,9,0.6891,0.6918,0.9491,0.6114,0.0157
5,3,2,10,0.9089,0.8948,0.9967,0.8867,0.0371
5,3,2,11,0.9556,0.9394,0.9761,0.9468,0.0256
5,3,3,0,0.9180,0.8974,0.9593,0.9119,0.0587
5,3,3,1,0.9513,0.9369,0.9631,0.9413,0.0143
5,3,3,2,0.7081,0.6997,0.9689,0.6316,0.0225
5,3,3,3,0.8272,0.8689,0.9547,0.7890,0.0154
5,3,3,4,0.9219,0.9029,0.9660,0.9155,0.0571
5,3,3,5,0.9698,0.9667,0.9892,0.9635,0.0190
5,3,3,6,0.8408,0.8127,0.9556,0.7996,0.0273
5,3,3,7,0.7306,0.7281,0.8845,0.6668,0.0163
5,3,3,8,0.8588,0.8724,0.9853,0.8243,0.0198
5,3,3,9,0.8529,0.8567,0.9645,0.8181,0.0121
5,3,3,10,0.9373,0.9202,0.9547,0.9250,0.0200
5,3,3,11,0.8134,0.8528,0.9648,0.7677,0.0110
5,3,4,0,0.6945,0.8423,0.8443,0.6367,0.0295
5,3,4,1,0.9016,0.8939,0.9763,0.8802,0.0146
5,3,4,2,0.9373,0.9172,0.9757,0.9305,0.0467
5,3,4,3,0.9073,0.9205,0.9662,0.8863,0.0125
5,3,4,4,0.9475,0.9335,0.9780,0.9408,0.0389
5,3,4,5,0.9470,0.9371,0.9759,0.9351,0.0108
5,3,4,6,0.9570,0.9659,0.9937,0.9468,0.0148
5,3,4,7,0.6516,0.6319,0.8913,0.5694,0.0094
5,3,4,8,0.9399,0.9376,0.9747,0.9303,0.0316
5,3,4,9,0.9041,0.9183,0.9985,0.8801,0.0219
5,3,4,10,0.9262,0.9113,0.9631,0.9187,0.0510
5,3,4,11,0.3526,0.5020,0.6710,0.2513,0.0638
5,3,5,0,0.9154,0.8960,0.9593,0.9063,0.0506
5,3,5,1,0.9116,0.8891,0.9623,0.9063,0.0638
5,3,5,2,0.9233,0.9580,1.0000,0.9049,0.0100
5,3,5,3,1.0000,1.0000,1.0000,1.0000,0.0000
5,3,5,4,0.9263,0.9303,0.9898,0.9083,0.0122
5,3,5,5,0.9243,0.9068,0.9694,0.9179,0.0544
5,3,5,6,0.9350,0.9303,0.9842,0.9235,0.0237
5,3,5,7,0.9382,0.9332,0.9921,0.9269,0.0237
5,3,5,8,0.9279,0.9208,0.9787,0.9161,0.0316
5,3,5,9,0.9252,0.9052,0.9648,0.9184,0.0543
5,3,5,10,0.8935,0.8834,0.9414,0.8692,0.0073
5,3,5,11,0.9491,0.9475,0.9835,0.9401,0.0259
5,3,6,0,0.9133,0.9437,0.9990,0.8917,0.0238
5,3,6,1,0.9300,0.9359,0.9881,0.9192,0.0306
5,3,6,2,0.9469,0.9268,0.9695,0.9400,0.0386
5,3,6,3,0.8707,0.8923,0.9680,0.8399,0.0149
5,3,6,4,0.9453,0.9405,0.9854,0.9338,0.0181
5,3,6,5,0.9579,0.9438,0.9789,0.9502,0.0273
5,3,6,6,0.9274,0.9254,0.9753,0.9146,0.0286
5,3,6,7,0.8888,0.8941,0.9394,0.8643,0.0114
5,3,6,8,0.9276,0.9230,0.9704,0.9117,0.0106
5,3,6,9,0.9123,0.8906,0.9624,0.9067,0.0635
5,3,6,10,0.9220,0.9030,0.9661,0.9145,0.0544
5,3,6,11,0.9624,0.9583,0.9885,0.9552,0.0178
5,3,7,0,0.9262,0.9219,0.9754,0.9137,0.0268
5,3,7,1,0.9218,0.9016,0.9610,0.9148,0.0549
5,3,7,2,0.9123,0.8898,0.9623,0.9069,0.0638
5,3,7,3,0.9492,0.9479,0.9773,0.9386,0.0186
5,3,7,4,0.9573,0.9447,0.9818,0.9528,0.0378
5,3,7,5,0.9562,0.9425,0.9833,0.9490,0.0284
5,3,7,6,0.9355,0.9222,0.9673,0.9277,0.0435
5,3,7,7,0.9174,0.8973,0.9648,0.9114,0.0613
5,3,7,8,0.9102,0.9104,0.9594,0.8927,0.0225
5,3,7,9,0.9468,0.9408,0.9812,0.9393,0.0352
5,3,7,10,0.9124,0.8903,0.9625,0.9068,0.0638
5,3,7,11,0.9154,0.8937,0.9638,0.9097,0.0625
5,3,8,0,0.9228,0.9171,0.9806,0.9119,0.0408
5,3,8,1,0.9145,0.8913,0.9629,0.9088,0.0627
5,3,8,2,0.9466,0.9447,0.9763,0.9356,0.0184
5,3,8,3,0.9239,0.9051,0.9459,0.9139,0.0417
5,3,8,4,0.9165,0.9293,0.9855,0.8986,0.0117
5,3,8,5,0.9533,0.9487,0.9993,0.9419,0.0179
5,3,8,6,0.9258,0.9072,0.9671,0.9171,0.0444
5,3,8,7,0.9332,0.9286,0.9831,0.9222,0.0284
5,3,8,8,0.7755,0.8104,0.9436,0.7254,0.0087
5,3,8,9,0.9366,0.9235,0.9641,0.9278,0.0381
5,3,8,10,0.9458,0.9380,0.9734,0.9345,0.0178
5,3,8,11,0.9286,0.9215,0.9635,0.9175,0.0348
5,3,9,0,0.9199,0.9066,0.9547,0.9077,0.0362
5,3,9,1,0.9162,0.8944,0.9627,0.9106,0.0617
5,3,9,2,0.9157,0.8960,0.9632,0.9093,0.0605
5,3,9,3,0.8906,0.8932,0.9824,0.8669,0.0116
5,3,9,4,0.9183,0.8988,0.9641,0.9122,0.0592
5,3,9,5,0.9328,0.9146,0.9630,0.9244,0.0432
5,3,9,6,0.9133,0.8917,0.9627,0.9079,0.0633
5,3,9,7,0.9361,0.9218,0.9559,0.9266,0.0341
5,3,9,8,0.9232,0.9034,0.9630,0.9160,0.0532
5,3,9,9,0.9127,0.8904,0.9625,0.9073,0.0637
5,3,9,10,0.9543,0.9434,0.9715,0.9445,0.0111
5,3,9,11,0.9150,0.8929,0.9626,0.9094,0.0627
5,3,10,0,0.9178,0.9018,0.9642,0.9090,0.0513
5,3,10,1,0.9154,0.8948,0.9649,0.9096,0.0624
5,3,10,2,0.9193,0.9001,0.9642,0.9135,0.0605
5,3,10,3,0.9288,0.9119,0.9613,0.9221,0.0519
5,3,10,4,0.9368,0.9254,0.9736,0.9282,0.0397
5,3,10,5,0.9585,0.9521,0.9664,0.9526,0.0275
5,3,10,6,0.9146,0.8939,0.9650,0.9085,0.0617
5,3,10,7,0.9311,0.9109,0.9664,0.9238,0.0494
5,3,10,8,0.9168,0.8962,0.9654,0.9108,0.0610
5,3,10,9,0.8881,0.8619,0.9156,0.8685,0.0343
5,3,10,10,0.9139,0.8915,0.9634,0.9083,0.0632
5,3,10,11,0.8959,0.8875,0.9833,0.8820,0.0452
5,3,11,0,0.7676,0.7519,0.9941,0.7028,0.0424
5,3,11,1,0.9412,0.9219,0.9709,0.9347,0.0438
5,3,11,2,0.9209,0.8998,0.9697,0.9143,0.0578
5,3,11,3,0.8686,0.9001,0.9805,0.8379,0.0111
5,3,11,4,0.9481,0.9291,0.9773,0.9405,0.0343
5,3,11,5,0.9207,0.9032,0.9648,0.9132,0.0541
5,3,11,6,0.9173,0.8951,0.9663,0.9115,0.0621
5,3,11,7,0.9372,0.9182,0.9783,0.9300,0.0446
5,3,11,8,0.3554,0.5544,0.9329,0.1878,0.0249
5,3,11,9,0.9173,0.8966,0.9656,0.9115,0.0613
5,3,11,10,0.9468,0.9602,0.9864,0.9349,0.0113
5,3,11,11,0.9292,0.9493,0.9799,0.9141,0.0129
5,4,0,0,0.9260,0.9139,0.9850,0.9061,0.0279
5,4,0,1,0.2556,0.3470,0.8626,0.1299,0.0714
5,4,0,2,0.8584,0.8721,1.0000,0.8187,0.0211
5,4,0,3,0.3773,0.4258,0.8486,0.2550,0.0454
5,4,0,4,0.6429,0.6478,0.9641,0.5481,0.0102
5,4,0,5,0.3887,0.4284,0.8109,0.2644,0.0376
5,4,0,6,0.8640,0.8594,0.9937,0.8250,0.0270
5,4,0,7,0.8039,0.8048,0.9981,0.7466,0.0276
5,4,0,8,0.7491,0.7930,0.9990,0.6779,0.0167
5,4,0,9,0.9059,0.8963,0.9890,0.8802,0.0354
5,4,0,10,0.8565,0.8409,0.9980,0.8150,0.0351
5,4,0,11,0.9133,0.9071,0.9875,0.8902,0.0341
5,4,1,0,0.8305,0.8106,0.9966,0.7833,0.0197
5,4,1,1,0.9022,0.8992,1.0000,0.8751,0.0197
5,4,1,2,0.8697,0.8600,0.9961,0.8336,0.0229
5,4,1,3,0.9229,0.9095,0.9946,0.9018,0.0271
5,4,1,4,0.9432,0.9372,0.9997,0.9286,0.0248
5,4,1,5,0.8519,0.8222,0.9966,0.8125,0.0105
5,4,1,6,0.8563,0.8251,0.9697,0.8246,0.0267
5,4,1,7,0.9415,0.9295,0.9999,0.9271,0.0249
5,4,1,8,0.9256,0.9178,0.9991,0.9067,0.0181
5,4,1,9,0.9204,0.9046,0.9927,0.9047,0.0303
5,4,1,10,0.4510,0.6128,0.9957,0.2862,0.0343
5,4,1,11,0.4871,0.4692,0.8440,0.3750,0.0284
5,4,2,0,0.8614,0.8568,0.9998,0.8232,0.0152
5,4,2,1,0.9046,0.8949,0.9958,0.8908,0.0489
5,4,2,2,0.6801,0.6927,0.9630,0.6039,0.0144
5,4,2,3,0.8691,0.8638,0.9985,0.8320,0.0259
5,4,2,4,0.7983,0.8455,0.9968,0.7476,0.0076
5,4,2,5,0.7727,0.7882,0.9971,0.7130,0.0081
5,4,2,6,0.9158,0.9118,0.9936,0.8990,0.0287
5,4,2,7,0.8143,0.7858,0.9982,0.7585,0.0373
5,4,2,8,0.7286,0.8265,0.9897,0.6593,0.0063
5,4,2,9,0.8044,0.8050,0.9843,0.7528,0.0063
5,4,2,10,0.9246,0.9216,0.9981,0.9042,0.0287
5,4,2,11,0.9339,0.9207,0.9971,0.9207,0.0321
5,4,3,0,0.8752,0.8667,0.9897,0.8632,0.0681
5,4,3,1,0.9139,0.9029,0.9916,0.8955,0.0230
5,4,3,2,0.7885,0.8001,0.9943,0.7299,0.0132
5,4,3,3,0.8460,0.8814,0.9873,0.8110,0.0197
5,4,3,4,0.8853,0.8689,0.9930,0.8740,0.0665
5,4,3,5,0.9228,0.9096,1.0000,0.9062,0.0259
5,4,3,6,0.8878,0.8728,0.9878,0.8568,0.0173
5,4,3,7,0.8727,0.8652,0.9419,0.8411,0.0146
5,4,3,8,0.8560,0.8670,0.9996,0.8190,0.0168
5,4,3,9,0.8326,0.8741,0.9922,0.7913,0.0157
5,4,3,10,0.9270,0.9130,0.9873,0.9128,0.0294
5,4,3,11,0.7876,0.8683,0.9924,0.7327,0.0089
5,4,4,0,0.7361,0.8623,0.9120,0.6853,0.0392
5,4,4,1,0.8407,0.8481,0.9972,0.8048,0.0176
5,4,4,2,0.8987,0.8825,0.9970,0.8860,0.0560
5,4,4,3,0.9587,0.9581,0.9931,0.9495,0.0159
5,4,4,4,0.9094,0.8963,0.9977,0.8964,0.0483
5,4,4,5,0.9278,0.9244,0.9970,0.9114,0.0170
5,4,4,6,0.9688,0.9616,0.9995,0.9612,0.0168
5,4,4,7,0.7245,0.7130,0.9468,0.6563,0.0117
5,4,4,8,0.9057,0.9001,0.9966,0.8900,0.0410
5,4,4,9,0.8833,0.8993,0.9961,0.8515,0.0122
5,4,4,10,0.8865,0.8755,0.9916,0.8731,0.0603
5,4,4,11,0.5183,0.6199,0.7697,0.4432,0.0732
5,4,5,0,0.8846,0.8690,0.9897,0.8713,0.0600
5,4,5,1,0.8698,0.8566,0.9912,0.8591,0.0732
5,4,5,2,0.9119,0.9224,0.9898,0.8898,0.0130
5,4,5,3,0.9263,0.9303,0.9898,0.9083,0.0122
5,4,5,4,1.0000,1.0000,1.0000,1.0000,0.0000
5,4,5,5,0.8832,0.8766,0.9945,0.8709,0.0638
5,4,5,6,0.8919,0.9042,0.9994,0.8718,0.0333
5,4,5,7,0.9288,0.9255,0.9999,0.9160,0.0343
5,4,5,8,0.9084,0.9114,0.9979,0.8935,0.0416
5,4,5,9,0.8906,0.8740,0.9924,0.8790,0.0637
5,4,5,10,0.9292,0.9107,0.9798,0.9128,0.0144
5,4,5,11,0.9262,0.9165,0.9992,0.9130,0.0352
5,4,6,0,0.8441,0.9021,0.9952,0.8018,0.0173
5,4,6,1,0.9085,0.9014,0.9999,0.8944,0.0403
5,4,6,2,0.9064,0.8912,0.9945,0.8926,0.0479
5,4,6,3,0.9058,0.8910,0.9939,0.8824,0.0116
5,4,6,4,0.9034,0.9051,0.9996,0.8824,0.0252
5,4,6,5,0.9279,0.9128,0.9980,0.9142,0.0348
5,4,6,6,0.8982,0.8871,0.9968,0.8798,0.0383
5,4,6,7,0.9316,0.9211,0.9786,0.9166,0.0183
5,4,6,8,0.9209,0.9196,0.9949,0.9034,0.0181
5,4,6,9,0.8707,0.8578,0.9913,0.8598,0.0729
5,4,6,10,0.8899,0.8740,0.9930,0.8781,0.0638
5,4,6,11,0.8972,0.9150,1.0000,0.8759,0.0278
5,4,7,0,0.9034,0.9243,0.9968,0.8868,0.0371
5,4,7,1,0.8882,0.8806,0.9906,0.8768,0.0643
5,4,7,2,0.8710,0.8578,0.9912,0.8603,0.0732
5,4,7,3,0.9399,0.9261,0.9975,0.9276,0.0254
5,4,7,4,0.9186,0.9171,0.9988,0.9080,0.0471
5,4,7,5,0.9261,0.9209,0.9992,0.9134,0.0378
5,4,7,6,0.9068,0.8941,0.9936,0.8948,0.0529
5,4,7,7,0.8802,0.8669,0.9924,0.8694,0.0706
5,4,7,8,0.9500,0.9472,0.9898,0.9417,0.0319
5,4,7,9,0.9044,0.9004,0.9987,0.8893,0.0446
5,4,7,10,0.8712,0.8577,0.9913,0.8603,0.0732
5,4,7,11,0.8746,0.8606,0.9919,0.8636,0.0719
5,4,8,0,0.8891,0.8843,0.9985,0.8725,0.0505
5,4,8,1,0.8751,0.8596,0.9915,0.8643,0.0721
5,4,8,2,0.9227,0.9142,0.9972,0.9065,0.0246
5,4,8,3,0.8767,0.8648,0.9825,0.8586,0.0524
5,4,8,4,0.9323,0.9440,0.9996,0.9180,0.0227
5,4,8,5,0.9041,0.9114,0.9944,0.8784,0.0105
5,4,8,6,0.9045,0.8832,0.9935,0.8932,0.0538
5,4,8,7,0.9161,0.9373,0.9992,0.9024,0.0381
5,4,8,8,0.8288,0.8346,0.9811,0.7894,0.0168
5,4,8,9,0.9239,0.9110,0.9921,0.9139,0.0475
5,4,8,10,0.9320,0.9191,0.9961,0.9177,0.0268
5,4,8,11,0.9067,0.8900,0.9918,0.8921,0.0441
5,4,9,0,0.8889,0.8843,0.9873,0.8715,0.0456
5,4,9,1,0.8758,0.8627,0.9914,0.8648,0.0711
5,4,9,2,0.8770,0.8640,0.9917,0.8653,0.0698
5,4,9,3,0.8787,0.8815,0.9990,0.8518,0.0200
5,4,9,4,0.8812,0.8677,0.9921,0.8703,0.0686
5,4,9,5,0.8930,0.8822,0.9915,0.8782,0.0525
5,4,9,6,0.8722,0.8604,0.9914,0.8615,0.0727
5,4,9,7,0.9100,0.8927,0.9880,0.8963,0.0435
5,4,9,8,0.8945,0.8771,0.9916,0.8836,0.0625
5,4,9,9,0.8716,0.8584,0.9913,0.8609,0.0730
5,4,9,10,0.9116,0.9145,0.9954,0.8920,0.0173
5,4,9,11,0.8739,0.8605,0.9914,0.8629,0.0721
5,4,10,0,0.8905,0.8739,0.9921,0.8780,0.0606
5,4,10,1,0.8754,0.8629,0.9925,0.8645,0.0717
5,4,10,2,0.8802,0.8682,0.9921,0.8692,0.0698
5,4,10,3,0.8940,0.8837,0.9907,0.8823,0.0613
5,4,10,4,0.9050,0.8929,0.9962,0.8914,0.0490
5,4,10,5,0.8810,0.9039,0.9932,0.8599,0.0343
5,4,10,6,0.8756,0.8620,0.9925,0.8644,0.0711
5,4,10,7,0.8959,0.8818,0.9932,0.8834,0.0587
5,4,10,8,0.8752,0.8632,0.9927,0.8636,0.0703
5,4,10,9,0.9014,0.9051,0.9635,0.8852,0.0437
5,4,10,10,0.8728,0.8592,0.9917,0.8619,0.0725
5,4,10,11,0.8738,0.8810,0.9992,0.8569,0.0559
5,4,11,0,0.8056,0.8044,0.9994,0.7477,0.0317
5,4,11,1,0.9008,0.8890,0.9951,0.8878,0.0532
5,4,11,2,0.8836,0.8665,0.9946,0.8720,0.0671
5,4,11,3,0.8988,0.9018,0.9985,0.8742,0.0135
5,4,11,4,0.9103,0.8936,0.9975,0.8959,0.0440
5,4,11,5,0.8899,0.8730,0.9924,0.8783,0.0635
5,4,11,6,0.8765,0.8623,0.9931,0.8653,0.0714
5,4,11,7,0.8907,0.8847,0.9978,0.8759,0.0540
5,4,11,8,0.4224,0.6249,0.9747,0.2644,0.0146
5,4,11,9,0.8785,0.8653,0.9928,0.8675,0.0706
5,4,11,10,0.9494,0.9536,0.9998,0.9382,0.0190
5,4,11,11,0.9405,0.9482,0.9983,0.9282,0.0216
5,5,0,0,0.8262,0.8251,0.9614,0.8094,0.0870
5,5,0,1,0.1269,0.1741,0.9110,0.0217,0.0076
5,5,0,2,0.7453,0.7528,0.9953,0.7075,0.0808
5,5,0,3,0.2208,0.2326,0.8995,0.1125,0.0216
5,5,0,4,0.4437,0.4274,0.9866,0.3459,0.0644
5,5,0,5,0.2523,0.2439,0.8680,0.1453,0.0265
5,5,0,6,0.7532,0.7532,0.9764,0.7189,0.0879
5,5,0,7,0.5773,0.5802,0.9862,0.5015,0.0889
5,5,0,8,0.5925,0.6331,0.9982,0.5216,0.0767
5,5,0,9,0.7973,0.8098,0.9680,0.7753,0.0922
5,5,0,10,0.7370,0.7251,0.9858,0.7014,0.0941
5,5,0,11,0.8141,0.8154,0.9655,0.7971,0.0906
5,5,1,0,0.6371,0.6091,0.9997,0.5762,0.0775
5,5,1,1,0.8049,0.8024,0.9942,0.7798,0.0794
5,5,1,2,0.7708,0.7742,0.9999,0.7381,0.0803
5,5,1,3,0.9018,0.8782,0.9782,0.8998,0.0738
5,5,1,4,0.9404,0.9400,0.9914,0.9386,0.0568
5,5,1,5,0.8191,0.7708,0.9997,0.7950,0.0663
5,5,1,6,0.8988,0.8569,0.9900,0.8861,0.0378
5,5,1,7,0.9377,0.9427,0.9960,0.9338,0.0525
5,5,1,8,0.9231,0.9235,0.9980,0.9174,0.0568
5,5,1,9,0.9682,0.9687,0.9999,0.9661,0.0348
5,5,1,10,0.1975,0.4505,0.9999,0.0332,0.0914
5,5,1,11,0.3727,0.3023,0.8957,0.2772,0.0386
5,5,2,0,0.7546,0.7134,0.9924,0.7184,0.0752
5,5,2,1,0.9897,0.9892,0.9999,0.9888,0.0159
5,5,2,2,0.4145,0.4309,0.9860,0.3191,0.0500
5,5,2,3,0.6768,0.6612,0.9987,0.6242,0.0843
5,5,2,4,0.7336,0.7581,0.9997,0.6928,0.0606
5,5,2,5,0.5907,0.5943,0.9996,0.5222,0.0675
5,5,2,6,0.9482,0.9564,1.0000,0.9428,0.0363
5,5,2,7,0.6167,0.6000,0.9863,0.5496,0.0983
5,5,2,8,0.5033,0.6566,0.9993,0.4194,0.0603
5,5,2,9,0.5561,0.5413,0.9974,0.4808,0.0660
5,5,2,10,0.8079,0.7887,0.9861,0.7863,0.0871
5,5,2,11,0.9816,0.9783,0.9996,0.9820,0.0349
5,5,3,0,0.9973,0.9967,0.9993,0.9970,0.0043
5,5,3,1,0.9525,0.9418,0.9997,0.9485,0.0408
5,5,3,2,0.5621,0.5462,1.0000,0.4856,0.0732
5,5,3,3,0.8149,0.8214,0.9985,0.7884,0.0467
5,5,3,4,0.9968,0.9965,0.9999,0.9964,0.0033
5,5,3,5,0.9553,0.9555,0.9949,0.9521,0.0411
5,5,3,6,0.7151,0.6898,0.9987,0.6707,0.0779
5,5,3,7,0.6642,0.6227,0.9720,0.6110,0.0610
5,5,3,8,0.7619,0.7315,0.9971,0.7264,0.0676
5,5,3,9,0.7130,0.7077,0.9998,0.6686,0.0573
5,5,3,10,0.9668,0.9527,0.9985,0.9644,0.0344
5,5,3,11,0.6414,0.7208,0.9998,0.5831,0.0616
5,5,4,0,0.5846,0.7925,0.9501,0.5256,0.0271
5,5,4,1,0.8623,0.8390,0.9996,0.8437,0.0475
5,5,4,2,0.9957,0.9959,0.9996,0.9953,0.0094
5,5,4,3,0.8766,0.8752,0.9999,0.8609,0.0489
5,5,4,4,0.9940,0.9931,0.9993,0.9939,0.0162
5,5,4,5,0.9094,0.8733,0.9996,0.8991,0.0506
5,5,4,6,0.9282,0.9319,0.9908,0.9226,0.0537
5,5,4,7,0.5439,0.5100,0.9754,0.4690,0.0565
5,5,4,8,0.9786,0.9766,0.9997,0.9766,0.0229
5,5,4,9,0.7421,0.7800,0.9814,0.7032,0.0732
5,5,4,10,0.9959,0.9950,0.9997,0.9955,0.0038
5,5,4,11,0.2278,0.3591,0.8325,0.1364,0.0094
5,5,5,0,0.9897,0.9921,0.9993,0.9884,0.0044
5,5,5,1,0.9971,0.9959,0.9996,0.9970,0.0094
5,5,5,2,0.8407,0.8845,0.9693,0.8195,0.0565
5,5,5,3,0.9243,0.9068,0.9694,0.9179,0.0544
5,5,5,4,0.8832,0.8766,0.9945,0.8709,0.0638
5,5,5,5,1.0000,1.0000,1.0000,1.0000,0.0000
5,5,5,6,0.9578,0.9407,0.9975,0.9533,0.0317
5,5,5,7,0.9671,0.9524,0.9925,0.9642,0.0321
5,5,5,8,0.9814,0.9759,0.9992,0.9798,0.0232
5,5,5,9,0.9965,0.9963,0.9998,0.9961,0.0037
5,5,5,10,0.8788,0.8810,0.9954,0.8635,0.0510
5,5,5,11,0.9788,0.9790,0.9978,0.9776,0.0286
5,5,6,0,0.7654,0.8230,0.9793,0.7311,0.0744
5,5,6,1,0.9660,0.9720,0.9956,0.9620,0.0238
5,5,6,2,0.9929,0.9920,1.0000,0.9926,0.0175
5,5,6,3,0.8530,0.8806,1.0000,0.8340,0.0621
5,5,6,4,0.9623,0.9613,0.9970,0.9601,0.0408
5,5,6,5,0.9806,0.9791,0.9991,0.9802,0.0306
5,5,6,6,0.9759,0.9716,0.9997,0.9740,0.0259
5,5,6,7,0.8962,0.9029,0.9948,0.8834,0.0484
5,5,6,8,0.9098,0.9015,1.0000,0.8992,0.0483
5,5,6,9,0.9972,0.9961,0.9996,0.9970,0.0090
5,5,6,10,0.9963,0.9971,0.9999,0.9959,0.0029
5,5,6,11,0.9582,0.9341,0.9954,0.9546,0.0367
5,5,7,0,0.9646,0.9422,0.9997,0.9608,0.0286
5,5,7,1,0.9957,0.9952,0.9995,0.9952,0.0017
5,5,7,2,0.9973,0.9961,0.9996,0.9971,0.0094
5,5,7,3,0.9494,0.9576,0.9994,0.9449,0.0403
5,5,7,4,0.9785,0.9779,0.9984,0.9761,0.0173
5,5,7,5,0.9855,0.9854,0.9979,0.9851,0.0260
5,5,7,6,0.9919,0.9927,1.0000,0.9912,0.0122
5,5,7,7,0.9974,0.9969,0.9998,0.9971,0.0068
5,5,7,8,0.9117,0.8799,0.9993,0.9003,0.0319
5,5,7,9,0.9874,0.9855,0.9985,0.9865,0.0192
5,5,7,10,0.9973,0.9963,0.9997,0.9971,0.0094
5,5,7,11,0.9974,0.9965,0.9998,0.9971,0.0081
5,5,8,0,0.9917,0.9921,0.9987,0.9911,0.0137
5,5,8,1,0.9974,0.9963,0.9997,0.9972,0.0083
5,5,8,2,0.9539,0.9564,0.9995,0.9500,0.0402
5,5,8,3,0.9789,0.9664,0.9966,0.9763,0.0137
5,5,8,4,0.9356,0.9147,0.9970,0.9290,0.0440
5,5,8,5,0.8804,0.8556,0.9777,0.8688,0.0686
5,5,8,6,0.9811,0.9860,1.0000,0.9787,0.0100
5,5,8,7,0.9722,0.9560,0.9979,0.9694,0.0260
5,5,8,8,0.7805,0.8011,0.9960,0.7482,0.0479
5,5,8,9,0.9856,0.9851,0.9998,0.9842,0.0163
5,5,8,10,0.9672,0.9696,0.9999,0.9657,0.0379
5,5,8,11,0.9802,0.9829,0.9997,0.9783,0.0197
5,5,9,0,0.9848,0.9779,0.9985,0.9833,0.0183
5,5,9,1,0.9978,0.9966,0.9997,0.9976,0.0073
5,5,9,2,0.9970,0.9966,0.9997,0.9967,0.0060
5,5,9,3,0.9153,0.9071,0.9982,0.9054,0.0448
5,5,9,4,0.9964,0.9960,0.9998,0.9960,0.0057
5,5,9,5,0.9930,0.9914,0.9997,0.9924,0.0113
5,5,9,6,0.9972,0.9963,0.9997,0.9971,0.0089
5,5,9,7,0.9792,0.9803,0.9988,0.9771,0.0203
5,5,9,8,0.9958,0.9954,0.9997,0.9952,0.0032
5,5,9,9,0.9973,0.9962,0.9996,0.9972,0.0092
5,5,9,10,0.9002,0.8607,1.0000,0.8880,0.0481
5,5,9,11,0.9974,0.9963,0.9997,0.9972,0.0083
5,5,10,0,0.9946,0.9953,0.9998,0.9939,0.0032
5,5,10,1,0.9973,0.9967,0.9998,0.9971,0.0079
5,5,10,2,0.9973,0.9970,0.9998,0.9970,0.0060
5,5,10,3,0.9947,0.9943,0.9995,0.9941,0.0035
5,5,10,4,0.9895,0.9904,0.9998,0.9886,0.0148
5,5,10,5,0.9294,0.9099,0.9999,0.9203,0.0321
5,5,10,6,0.9976,0.9970,0.9999,0.9974,0.0073
5,5,10,7,0.9964,0.9957,0.9999,0.9960,0.0070
5,5,10,8,0.9974,0.9970,0.9999,0.9971,0.0065
5,5,10,9,0.8882,0.8246,0.9863,0.8731,0.0202
5,5,10,10,0.9974,0.9964,0.9997,0.9973,0.0087
5,5,10,11,0.9765,0.9654,0.9979,0.9735,0.0111
5,5,11,0,0.6453,0.6491,0.9903,0.5855,0.0933
5,5,11,1,0.9935,0.9924,1.0000,0.9929,0.0119
5,5,11,2,0.9977,0.9972,1.0000,0.9974,0.0040
5,5,11,3,0.8872,0.9021,0.9987,0.8738,0.0551
5,5,11,4,0.9921,0.9913,0.9994,0.9921,0.0211
5,5,11,5,0.9957,0.9963,0.9998,0.9952,0.0029
5,5,11,6,0.9977,0.9968,0.9999,0.9974,0.0076
5,5,11,7,0.9941,0.9939,0.9992,0.9936,0.0105
5,5,11,8,0.1875,0.4675,0.9928,0.0352,0.0746
5,5,11,9,0.9975,0.9969,0.9999,0.9973,0.0068
5,5,11,10,0.9494,0.9507,0.9965,0.9459,0.0448
5,5,11,11,0.9393,0.9360,0.9989,0.9332,0.0425
5,6,0,0,0.8748,0.8833,0.9783,0.8547,0.0584
5,6,0,1,0.1582,0.2972,0.8799,0.0389,0.0394
5,6,0,2,0.7857,0.8224,0.9997,0.7416,0.0519
5,6,0,3,0.2662,0.3711,0.8667,0.1457,0.0124
5,6,0,4,0.5375,0.5941,0.9728,0.4387,0.0343
5,6,0,5,0.2880,0.3794,0.8310,0.1674,0.0144
5,6,0,6,0.8153,0.8446,0.9892,0.7793,0.0584
5,6,0,7,0.6847,0.7147,0.9954,0.6143,0.0594
5,6,0,8,0.6490,0.7617,1.0000,0.5716,0.0475
5,6,0,9,0.8441,0.8675,0.9832,0.8169,0.0652
5,6,0,10,0.7791,0.8052,0.9952,0.7346,0.0659
5,6,0,11,0.8573,0.8768,0.9814,0.8342,0.0630
5,6,1,0,0.7671,0.7605,0.9989,0.7185,0.0492
5,6,1,1,0.8572,0.8787,0.9993,0.8304,0.0502
5,6,1,2,0.8143,0.8403,0.9986,0.7770,0.0521
5,6,1,3,0.9146,0.9043,0.9904,0.9030,0.0449
5,6,1,4,0.9488,0.9530,0.9981,0.9408,0.0410
5,6,1,5,0.8447,0.8552,0.9989,0.8143,0.0368
5,6,1,6,0.9086,0.8789,0.9777,0.8917,0.0222
5,6,1,7,0.9373,0.9450,0.9998,0.9262,0.0363
5,6,1,8,0.9284,0.9362,1.0000,0.9158,0.0352
5,6,1,9,0.9506,0.9428,0.9964,0.9417,0.0249
5,6,1,10,0.3067,0.5259,0.9983,0.1382,0.0632
5,6,1,11,0.4058,0.4362,0.8624,0.2979,0.0106
5,6,2,0,0.8359,0.8275,0.9986,0.8037,0.0457
5,6,2,1,0.9576,0.9464,0.9984,0.9509,0.0222
5,6,2,2,0.5748,0.6159,0.9719,0.4915,0.0198
5,6,2,3,0.7712,0.7632,0.9998,0.7235,0.0563
5,6,2,4,0.8414,0.8824,0.9990,0.8104,0.0302
5,6,2,5,0.6698,0.7281,0.9991,0.6009,0.0373
5,6,2,6,0.9318,0.9439,0.9969,0.9194,0.0183
5,6,2,7,0.7086,0.7064,0.9955,0.6438,0.0687
5,6,2,8,0.6623,0.8052,0.9941,0.5932,0.0308
5,6,2,9,0.6798,0.6930,0.9899,0.6130,0.0359
5,6,2,10,0.8653,0.8728,0.9953,0.8423,0.0586
5,6,2,11,0.9671,0.9596,0.9992,0.9612,0.0267
5,6,3,0,0.9514,0.9335,0.9941,0.9467,0.0360
5,6,3,1,0.9538,0.9458,0.9955,0.9454,0.0179
5,6,3,2,0.6901,0.6881,0.9974,0.6235,0.0437
5,6,3,3,0.9101,0.9308,0.9923,0.8934,0.0159
5,6,3,4,0.9506,0.9306,0.9965,0.9451,0.0344
5,6,3,5,0.9419,0.9398,0.9995,0.9313,0.0217
5,6,3,6,0.8060,0.7937,0.9927,0.7668,0.0481
5,6,3,7,0.7415,0.7311,0.9531,0.6900,0.0317
5,6,3,8,0.8173,0.8563,1.0000,0.7810,0.0365
5,6,3,9,0.8210,0.8399,0.9960,0.7860,0.0256
5,6,3,10,0.9528,0.9515,0.9923,0.9443,0.0148
5,6,3,11,0.7777,0.8398,0.9961,0.7329,0.0305
5,6,4,0,0.6703,0.8420,0.9259,0.6146,0.0119
5,6,4,1,0.9123,0.8987,0.9992,0.8960,0.0179
5,6,4,2,0.9565,0.9395,0.9991,0.9504,0.0271
5,6,4,3,0.8786,0.8850,0.9966,0.8556,0.0210
5,6,4,4,0.9649,0.9549,0.9995,0.9593,0.0213
5,6,4,5,0.9536,0.9380,0.9991,0.9454,0.0189
5,6,4,6,0.9257,0.9366,0.9979,0.9123,0.0314
5,6,4,7,0.6096,0.6371,0.9575,0.5311,0.0260
5,6,4,8,0.9656,0.9633,0.9989,0.9598,0.0200
5,6,4,9,0.7807,0.8402,0.9924,0.7356,0.0433
5,6,4,10,0.9572,0.9426,0.9955,0.9518,0.0283
5,6,4,11,0.4102,0.5312,0.7917,0.3290,0.0411
5,6,5,0,0.9434,0.9372,0.9941,0.9361,0.0279
5,6,5,1,0.9481,0.9247,0.9953,0.9439,0.0411
5,6,5,2,0.8523,0.9167,0.9841,0.8236,0.0263
5,6,5,3,0.9350,0.9303,0.9842,0.9235,0.0237
5,6,5,4,0.8919,0.9042,0.9994,0.8718,0.0333
5,6,5,5,0.9578,0.9407,0.9975,0.9533,0.0317
5,6,5,6,1.0000,1.0000,1.0000,1.0000,0.0000
5,6,5,7,0.9632,0.9572,0.9986,0.9567,0.0098
5,6,5,8,0.9510,0.9539,0.9996,0.9427,0.0111
5,6,5,9,0.9516,0.9336,0.9961,0.9457,0.0316
5,6,5,10,0.8643,0.8702,0.9863,0.8384,0.0195
5,6,5,11,0.9514,0.9562,1.0000,0.9427,0.0140
5,6,6,0,0.8358,0.8693,0.9911,0.8034,0.0440
5,6,6,1,0.9391,0.9369,0.9997,0.9290,0.0127
5,6,6,2,0.9611,0.9460,0.9976,0.9549,0.0232
5,6,6,3,0.8489,0.8932,0.9972,0.8196,0.0325
5,6,6,4,0.9602,0.9663,1.0000,0.9531,0.0217
5,6,6,5,0.9673,0.9606,0.9996,0.9614,0.0237
5,6,6,6,0.9517,0.9606,0.9990,0.9433,0.0135
5,6,6,7,0.8866,0.8991,0.9853,0.8653,0.0179
5,6,6,8,0.9541,0.9550,0.9978,0.9459,0.0184
5,6,6,9,0.9489,0.9269,0.9953,0.9446,0.0408
5,6,6,10,0.9525,0.9370,0.9965,0.9467,0.0317
5,6,6,11,0.9804,0.9726,0.9997,0.9769,0.0125
5,6,7,0,0.9732,0.9648,0.9990,0.9686,0.0092
5,6,7,1,0.9505,0.9338,0.9948,0.9448,0.0322
5,6,7,2,0.9484,0.9250,0.9953,0.9441,0.0411
5,6,7,3,0.9243,0.9302,0.9994,0.9103,0.0235
5,6,7,4,0.9437,0.9332,0.9999,0.9348,0.0160
5,6,7,5,0.9612,0.9572,1.0000,0.9544,0.0194
5,6,7,6,0.9561,0.9450,0.9969,0.9496,0.0240
5,6,7,7,0.9495,0.9296,0.9961,0.9445,0.0386
5,6,7,8,0.9031,0.8947,0.9942,0.8857,0.0141
5,6,7,9,0.9631,0.9544,0.9999,0.9570,0.0205
5,6,7,10,0.9490,0.9261,0.9953,0.9447,0.0411
5,6,7,11,0.9499,0.9278,0.9958,0.9454,0.0398
5,6,8,0,0.9647,0.9597,0.9998,0.9594,0.0206
5,6,8,1,0.9493,0.9269,0.9955,0.9447,0.0400
5,6,8,2,0.9446,0.9463,0.9992,0.9345,0.0252
5,6,8,3,0.9471,0.9307,0.9884,0.9392,0.0194
5,6,8,4,0.9564,0.9634,1.0000,0.9485,0.0138
5,6,8,5,0.9444,0.9412,0.9900,0.9366,0.0394
5,6,8,6,0.9346,0.9229,0.9969,0.9251,0.0217
5,6,8,7,0.9654,0.9630,1.0000,0.9595,0.0111
5,6,8,8,0.7946,0.8429,0.9873,0.7555,0.0168
5,6,8,9,0.9503,0.9406,0.9959,0.9423,0.0183
5,6,8,10,0.9415,0.9442,0.9986,0.9308,0.0211
5,6,8,11,0.9479,0.9417,0.9957,0.9393,0.0159
5,6,9,0,0.9599,0.9497,0.9923,0.9535,0.0138
5,6,9,1,0.9501,0.9282,0.9954,0.9455,0.0390
5,6,9,2,0.9527,0.9327,0.9956,0.9481,0.0378
5,6,9,3,0.9588,0.9615,1.0000,0.9514,0.0152
5,6,9,4,0.9476,0.9277,0.9959,0.9422,0.0365
5,6,9,5,0.9604,0.9488,0.9955,0.9546,0.0224
5,6,9,6,0.9486,0.9261,0.9954,0.9442,0.0406
5,6,9,7,0.9458,0.9358,0.9928,0.9369,0.0149
5,6,9,8,0.9512,0.9328,0.9955,0.9453,0.0305
5,6,9,9,0.9485,0.9253,0.9953,0.9442,0.0410
5,6,9,10,0.9366,0.9213,0.9981,0.9250,0.0176
5,6,9,11,0.9499,0.9273,0.9954,0.9454,0.0400
5,6,10,0,0.9531,0.9385,0.9959,0.9472,0.0286
5,6,10,1,0.9498,0.9282,0.9962,0.9452,0.0397
5,6,10,2,0.9497,0.9293,0.9959,0.9447,0.0378
5,6,10,3,0.9498,0.9335,0.9949,0.9434,0.0292
5,6,10,4,0.9584,0.9486,0.9986,0.9519,0.0195
5,6,10,5,0.9252,0.9103,0.9967,0.9124,0.0149
5,6,10,6,0.9505,0.9290,0.9962,0.9458,0.0390
5,6,10,7,0.9551,0.9390,0.9967,0.9490,0.0267
5,6,10,8,0.9515,0.9314,0.9963,0.9468,0.0383
5,6,10,9,0.8790,0.8465,0.9724,0.8585,0.0173
5,6,10,10,0.9492,0.9261,0.9956,0.9447,0.0405
5,6,10,11,0.9459,0.9322,1.0000,0.9384,0.0229
5,6,11,0,0.6906,0.7210,0.9976,0.6211,0.0638
5,6,11,1,0.9563,0.9407,0.9980,0.9499,0.0256
5,6,11,2,0.9509,0.9310,0.9976,0.9456,0.0351
5,6,11,3,0.9103,0.9412,0.9998,0.8936,0.0252
5,6,11,4,0.9611,0.9484,0.9994,0.9545,0.0233
5,6,11,5,0.9503,0.9341,0.9961,0.9444,0.0314
5,6,11,6,0.9502,0.9283,0.9966,0.9455,0.0394
5,6,11,7,0.9542,0.9425,0.9995,0.9475,0.0254
5,6,11,8,0.2956,0.5495,0.9820,0.1387,0.0444
5,6,11,9,0.9504,0.9293,0.9964,0.9457,0.0386
5,6,11,10,0.9503,0.9625,0.9999,0.9415,0.0206
5,6,11,11,0.9366,0.9485,0.9997,0.9249,0.0162
5,7,0,0,0.8773,0.8748,0.9878,0.8566,0.0590
5,7,0,1,0.1713,0.2855,0.8538,0.0522,0.0397
5,7,0,2,0.7740,0.7960,0.9997,0.7256,0.0529
5,7,0,3,0.2693,0.3542,0.8394,0.1475,0.0117
5,7,0,4,0.5224,0.5598,0.9594,0.4185,0.0352
5,7,0,5,0.2922,0.3633,0.8008,0.1705,0.0122
5,7,0,6,0.8099,0.8259,0.9955,0.7710,0.0594
5,7,0,7,0.6652,0.6861,0.9990,0.5880,0.0610
5,7,0,8,0.6395,0.7070,0.9981,0.5581,0.0484
5,7,0,9,0.8435,0.8523,0.9914,0.8147,0.0649
5,7,0,10,0.7789,0.7862,0.9989,0.7327,0.0662
5,7,0,11,0.8584,0.8670,0.9901,0.8342,0.0627
5,7,1,0,0.7233,0.7061,0.9950,0.6629,0.0505
5,7,1,1,0.8447,0.8499,0.9999,0.8136,0.0521
5,7,1,2,0.7965,0.7927,0.9944,0.7538,0.0533
5,7,1,3,0.9230,0.9245,0.9963,0.9124,0.0417
5,7,1,4,0.9526,0.9459,1.0000,0.9449,0.0359
5,7,1,5,0.8215,0.7979,0.9950,0.7850,0.0378
5,7,1,6,0.8878,0.8488,0.9654,0.8665,0.0168
5,7,1,7,0.9414,0.9335,0.9995,0.9307,0.0325
5,7,1,8,0.9261,0.9156,0.9983,0.9124,0.0324
5,7,1,9,0.9528,0.9332,0.9905,0.9441,0.0192
5,7,1,10,0.3256,0.4979,0.9939,0.1591,0.0648
5,7,1,11,0.4101,0.4120,0.8347,0.3014,0.0100
5,7,2,0,0.8095,0.7835,1.0000,0.7699,0.0476
5,7,2,1,0.9616,0.9453,0.9941,0.9557,0.0190
5,7,2,2,0.5373,0.5673,0.9583,0.4451,0.0211
5,7,2,3,0.7472,0.7296,0.9975,0.6919,0.0570
5,7,2,4,0.7638,0.8040,0.9953,0.7155,0.0321
5,7,2,5,0.6447,0.6617,0.9956,0.5689,0.0389
5,7,2,6,0.9414,0.9372,0.9915,0.9305,0.0132
5,7,2,7,0.6921,0.6748,0.9991,0.6204,0.0697
5,7,2,8,0.6261,0.7453,0.9871,0.5478,0.0311
5,7,2,9,0.6476,0.6453,0.9811,0.5722,0.0378
5,7,2,10,0.8542,0.8472,0.9990,0.8270,0.0592
5,7,2,11,0.9703,0.9571,0.9957,0.9649,0.0184
5,7,3,0,0.9579,0.9400,0.9871,0.9544,0.0363
5,7,3,1,0.9412,0.9222,0.9893,0.9302,0.0160
5,7,3,2,0.6752,0.6626,0.9923,0.6035,0.0446
5,7,3,3,0.8751,0.8777,0.9845,0.8511,0.0178
5,7,3,4,0.9611,0.9403,0.9908,0.9575,0.0348
5,7,3,5,0.9510,0.9364,0.9998,0.9418,0.0173
5,7,3,6,0.7666,0.7383,0.9850,0.7167,0.0497
5,7,3,7,0.7338,0.7028,0.9360,0.6797,0.0337
5,7,3,8,0.8111,0.8265,0.9989,0.7726,0.0384
5,7,3,9,0.7888,0.7995,0.9900,0.7463,0.0271
5,7,3,10,0.9510,0.9355,0.9845,0.9419,0.0100
5,7,3,11,0.7489,0.8042,0.9902,0.6968,0.0321
5,7,4,0,0.7075,0.8006,0.9048,0.6574,0.0151
5,7,4,1,0.8500,0.8433,0.9957,0.8213,0.0202
5,7,4,2,0.9659,0.9496,0.9955,0.9615,0.0246
5,7,4,3,0.8929,0.8799,0.9909,0.8721,0.0210
5,7,4,4,0.9692,0.9548,0.9964,0.9645,0.0178
5,7,4,5,0.9363,0.9161,0.9956,0.9243,0.0205
5,7,4,6,0.9383,0.9345,0.9999,0.9270,0.0283
5,7,4,7,0.5873,0.5825,0.9411,0.5028,0.0273
5,7,4,8,0.9625,0.9487,0.9950,0.9562,0.0156
5,7,4,9,0.8058,0.8429,0.9975,0.7654,0.0446
5,7,4,10,0.9636,0.9450,0.9892,0.9594,0.0286
5,7,4,11,0.3797,0.4705,0.7587,0.2931,0.0414
5,7,5,0,0.9473,0.9340,0.9871,0.9407,0.0283
5,7,5,1,0.9552,0.9344,0.9888,0.9524,0.0414
5,7,5,2,0.8775,0.9213,0.9921,0.8534,0.0273
5,7,5,3,0.9382,0.9332,0.9921,0.9269,0.0237
5,7,5,4,0.9288,0.9255,0.9999,0.9160,0.0343
5,7,5,5,0.9671,0.9524,0.9925,0.9642,0.0321
5,7,5,6,0.9632,0.9572,0.9986,0.9567,0.0098
5,7,5,7,1.0000,1.0000,1.0000,1.0000,0.0000
5,7,5,8,0.9714,0.9740,0.9967,0.9667,0.0105
5,7,5,9,0.9605,0.9415,0.9902,0.9562,0.0319
5,7,5,10,0.8826,0.8723,0.9763,0.8598,0.0211
5,7,5,11,0.9640,0.9597,0.9984,0.9575,0.0079
5,7,6,0,0.8176,0.8754,0.9967,0.7800,0.0449
5,7,6,1,0.9451,0.9413,0.9996,0.9360,0.0108
5,7,6,2,0.9627,0.9462,0.9926,0.9568,0.0200
5,7,6,3,0.8462,0.8567,0.9918,0.8156,0.0344
5,7,6,4,0.9488,0.9431,0.9990,0.9392,0.0157
5,7,6,5,0.9614,0.9482,0.9968,0.9543,0.0167
5,7,6,6,0.9494,0.9407,0.9953,0.9405,0.0090
5,7,6,7,0.8967,0.8870,0.9750,0.8769,0.0195
5,7,6,8,0.9062,0.8979,0.9930,0.8883,0.0197
5,7,6,9,0.9555,0.9352,0.9889,0.9525,0.0411
5,7,6,10,0.9599,0.9426,0.9908,0.9556,0.0321
5,7,6,11,0.9587,0.9482,0.9997,0.9510,0.0090
5,7,7,0,0.9720,0.9810,0.9953,0.9672,0.0076
5,7,7,1,0.9631,0.9462,0.9881,0.9595,0.0325
5,7,7,2,0.9561,0.9351,0.9888,0.9533,0.0414
5,7,7,3,0.9440,0.9338,0.9961,0.9335,0.0200
5,7,7,4,0.9598,0.9499,0.9979,0.9536,0.0160
5,7,7,5,0.9668,0.9600,0.9984,0.9608,0.0133
5,7,7,6,0.9623,0.9485,0.9915,0.9569,0.0217
5,7,7,7,0.9596,0.9400,0.9902,0.9564,0.0389
5,7,7,8,0.9289,0.9054,0.9872,0.9159,0.0090
5,7,7,9,0.9583,0.9530,0.9977,0.9514,0.0157
5,7,7,10,0.9562,0.9353,0.9889,0.9533,0.0414
5,7,7,11,0.9568,0.9365,0.9896,0.9536,0.0402
5,7,8,0,0.9645,0.9563,0.9974,0.9592,0.0187
5,7,8,1,0.9566,0.9359,0.9891,0.9535,0.0403
5,7,8,2,0.9441,0.9320,0.9957,0.9337,0.0205
5,7,8,3,0.9500,0.9277,0.9791,0.9426,0.0184
5,7,8,4,0.9561,0.9626,0.9990,0.9479,0.0129
5,7,8,5,0.8984,0.9009,0.9960,0.8794,0.0403
5,7,8,6,0.9448,0.9317,0.9914,0.9370,0.0224
5,7,8,7,0.9754,0.9842,0.9983,0.9712,0.0092
5,7,8,8,0.7753,0.7913,0.9776,0.7316,0.0181
5,7,8,9,0.9696,0.9523,0.9898,0.9650,0.0157
5,7,8,10,0.9505,0.9437,0.9945,0.9412,0.0141
5,7,8,11,0.9550,0.9399,0.9895,0.9476,0.0130
5,7,9,0,0.9549,0.9427,0.9845,0.9478,0.0144
5,7,9,1,0.9578,0.9374,0.9890,0.9546,0.0394
5,7,9,2,0.9584,0.9389,0.9893,0.9550,0.0381
5,7,9,3,0.9085,0.9046,0.9981,0.8911,0.0149
5,7,9,4,0.9615,0.9417,0.9898,0.9585,0.0368
5,7,9,5,0.9592,0.9433,0.9892,0.9533,0.0208
5,7,9,6,0.9567,0.9366,0.9890,0.9538,0.0410
5,7,9,7,0.9544,0.9380,0.9852,0.9469,0.0127
5,7,9,8,0.9603,0.9407,0.9892,0.9560,0.0308
5,7,9,9,0.9565,0.9356,0.9889,0.9537,0.0413
5,7,9,10,0.9127,0.9047,0.9936,0.8960,0.0195
5,7,9,11,0.9565,0.9363,0.9890,0.9534,0.0403
5,7,10,0,0.9593,0.9425,0.9899,0.9546,0.0289
5,7,10,1,0.9584,0.9384,0.9902,0.9553,0.0400
5,7,10,2,0.9584,0.9403,0.9898,0.9550,0.0381
5,7,10,3,0.9612,0.9461,0.9883,0.9567,0.0295
5,7,10,4,0.9553,0.9438,0.9945,0.9484,0.0173
5,7,10,5,0.9199,0.9181,0.9910,0.9060,0.0162
5,7,10,6,0.9587,0.9390,0.9903,0.9556,0.0394
5,7,10,7,0.9605,0.9450,0.9910,0.9555,0.0270
5,7,10,8,0.9572,0.9392,0.9905,0.9537,0.0386
5,7,10,9,0.8878,0.8582,0.9588,0.8686,0.0138
5,7,10,10,0.9566,0.9359,0.9894,0.9535,0.0408
5,7,10,11,0.9752,0.9760,0.9984,0.9726,0.0222
5,7,11,0,0.6852,0.7065,0.9999,0.6122,0.0648
5,7,11,1,0.9655,0.9484,0.9933,0.9607,0.0233
5,7,11,2,0.9623,0.9427,0.9927,0.9590,0.0354
5,7,11,3,0.8905,0.9026,0.9974,0.8692,0.0265
5,7,11,4,0.9662,0.9527,0.9961,0.9606,0.0183
5,7,11,5,0.9621,0.9443,0.9901,0.9582,0.0317
5,7,11,6,0.9586,0.9386,0.9909,0.9554,0.0397
5,7,11,7,0.9640,0.9546,0.9966,0.9590,0.0229
5,7,11,8,0.3003,0.5043,0.9707,0.1419,0.0463
5,7,11,9,0.9597,0.9399,0.9906,0.9566,0.0389
5,7,11,10,0.9450,0.9472,0.9992,0.9347,0.0171
5,7,11,11,0.9339,0.9412,0.9972,0.9215,0.0137
5,8,0,0,0.8569,0.8501,0.9719,0.8350,0.0663
5,8,0,1,0.1584,0.2312,0.8933,0.0429,0.0308
5,8,0,2,0.7812,0.7868,0.9985,0.7390,0.0598
5,8,0,3,0.2484,0.2958,0.8807,0.1289,0.0108
5,8,0,4,0.4863,0.5019,0.9791,0.3805,0.0425
5,8,0,5,0.2782,0.3070,0.8468,0.1599,0.0141
5,8,0,6,0.7898,0.7890,0.9845,0.7504,0.0667
5,8,0,7,0.6384,0.6363,0.9922,0.5603,0.0676
5,8,0,8,0.6376,0.6774,0.9998,0.5613,0.0557
5,8,0,9,0.8361,0.8344,0.9775,0.8101,0.0729
5,8,0,10,0.7674,0.7595,0.9919,0.7237,0.0738
5,8,0,11,0.8457,0.8461,0.9754,0.8228,0.0703
5,8,1,0,0.6703,0.6602,0.9998,0.6023,0.0571
5,8,1,1,0.8323,0.8263,0.9978,0.8022,0.0584
5,8,1,2,0.7918,0.7787,0.9997,0.7520,0.0600
5,8,1,3,0.9185,0.9078,0.9859,0.9102,0.0516
5,8,1,4,0.9409,0.9382,0.9959,0.9326,0.0429
5,8,1,5,0.8232,0.7864,0.9998,0.7904,0.0451
5,8,1,6,0.8940,0.8541,0.9834,0.8754,0.0222
5,8,1,7,0.9369,0.9329,0.9988,0.9270,0.0379
5,8,1,8,0.9216,0.9146,0.9998,0.9090,0.0400
5,8,1,9,0.9571,0.9456,0.9984,0.9499,0.0224
5,8,1,10,0.2881,0.4778,0.9996,0.1211,0.0711
5,8,1,11,0.3987,0.3564,0.8767,0.2933,0.0167
5,8,2,0,0.7822,0.7455,0.9966,0.7402,0.0540
5,8,2,1,0.9692,0.9603,0.9996,0.9644,0.0133
5,8,2,2,0.4839,0.5185,0.9783,0.3863,0.0275
5,8,2,3,0.7200,0.7010,0.9999,0.6629,0.0643
5,8,2,4,0.7519,0.7970,0.9999,0.7046,0.0384
5,8,2,5,0.6332,0.6360,0.9999,0.5598,0.0452
5,8,2,6,0.9335,0.9383,0.9988,0.9221,0.0183
5,8,2,7,0.6654,0.6391,0.9923,0.5927,0.0770
5,8,2,8,0.5654,0.7093,0.9969,0.4792,0.0381
5,8,2,9,0.6098,0.6067,0.9936,0.5312,0.0441
5,8,2,10,0.8337,0.8149,0.9921,0.8055,0.0665
5,8,2,11,0.9720,0.9621,0.9999,0.9676,0.0216
5,8,3,0,0.9716,0.9619,0.9969,0.9691,0.0275
5,8,3,1,0.9386,0.9251,0.9979,0.9281,0.0224
5,8,3,2,0.6308,0.6256,0.9991,0.5540,0.0519
5,8,3,3,0.8582,0.8749,0.9955,0.8329,0.0238
5,8,3,4,0.9709,0.9607,0.9985,0.9679,0.0259
5,8,3,5,0.9470,0.9415,0.9982,0.9381,0.0237
5,8,3,6,0.7388,0.7249,0.9958,0.6867,0.0563
5,8,3,7,0.7022,0.6818,0.9615,0.6453,0.0400
5,8,3,8,0.7981,0.7846,0.9994,0.7600,0.0448
5,8,3,9,0.7452,0.7716,0.9982,0.6970,0.0341
5,8,3,10,0.9551,0.9393,0.9955,0.9476,0.0151
5,8,3,11,0.6782,0.7781,0.9982,0.6149,0.0387
5,8,4,0,0.6395,0.8072,0.9364,0.5806,0.0116
5,8,4,1,0.8629,0.8442,0.9999,0.8385,0.0259
5,8,4,2,0.9725,0.9667,0.9999,0.9687,0.0163
5,8,4,3,0.8745,0.8869,0.9986,0.8521,0.0276
5,8,4,4,0.9773,0.9701,1.0000,0.9738,0.0121
5,8,4,5,0.9046,0.8949,0.9999,0.8879,0.0275
5,8,4,6,0.9355,0.9325,0.9956,0.9253,0.0352
5,8,4,7,0.5730,0.5490,0.9655,0.4903,0.0343
5,8,4,8,0.9596,0.9582,0.9998,0.9529,0.0130
5,8,4,9,0.7844,0.8076,0.9884,0.7429,0.0516
5,8,4,10,0.9719,0.9636,0.9979,0.9684,0.0197
5,8,4,11,0.3060,0.4375,0.8090,0.2128,0.0325
5,8,5,0,0.9763,0.9650,0.9969,0.9736,0.0194
5,8,5,1,0.9696,0.9575,0.9977,0.9677,0.0325
5,8,5,2,0.8686,0.9077,0.9786,0.8451,0.0346
5,8,5,3,0.9279,0.9208,0.9787,0.9161,0.0316
5,8,5,4,0.9084,0.9114,0.9979,0.8935,0.0416
5,8,5,5,0.9814,0.9759,0.9992,0.9798,0.0232
5,8,5,6,0.9510,0.9539,0.9996,0.9427,0.0111
5,8,5,7,0.9714,0.9740,0.9967,0.9667,0.0105
5,8,5,8,1.0000,1.0000,1.0000,1.0000,0.0000
5,8,5,9,0.9752,0.9633,0.9983,0.9725,0.0230
5,8,5,10,0.8845,0.8826,0.9906,0.8640,0.0278
5,8,5,11,0.9647,0.9677,0.9997,0.9588,0.0117
5,8,6,0,0.7862,0.8519,0.9868,0.7452,0.0522
5,8,6,1,0.9636,0.9651,0.9986,0.9577,0.0083
5,8,6,2,0.9744,0.9649,0.9992,0.9703,0.0137
5,8,6,3,0.8647,0.8807,0.9989,0.8403,0.0405
5,8,6,4,0.9606,0.9593,0.9993,0.9542,0.0224
5,8,6,5,0.9704,0.9603,1.0000,0.9655,0.0176
5,8,6,6,0.9621,0.9558,0.9999,0.9557,0.0081
5,8,6,7,0.9012,0.8985,0.9898,0.8839,0.0256
5,8,6,8,0.9127,0.9071,0.9993,0.8975,0.0257
5,8,6,9,0.9700,0.9582,0.9977,0.9680,0.0322
5,8,6,10,0.9731,0.9644,0.9985,0.9701,0.0232
5,8,6,11,0.9502,0.9386,0.9985,0.9418,0.0154
5,8,7,0,0.9700,0.9678,0.9999,0.9651,0.0095
5,8,7,1,0.9709,0.9628,0.9973,0.9678,0.0237
5,8,7,2,0.9698,0.9578,0.9977,0.9678,0.0325
5,8,7,3,0.9395,0.9439,1.0000,0.9293,0.0254
5,8,7,4,0.9572,0.9617,0.9999,0.9506,0.0097
5,8,7,5,0.9778,0.9718,0.9997,0.9741,0.0146
5,8,7,6,0.9709,0.9641,0.9988,0.9666,0.0144
5,8,7,7,0.9711,0.9609,0.9983,0.9687,0.0300
5,8,7,8,0.9121,0.8926,0.9969,0.8970,0.0144
5,8,7,9,0.9723,0.9648,0.9999,0.9678,0.0116
5,8,7,10,0.9702,0.9583,0.9977,0.9681,0.0325
5,8,7,11,0.9706,0.9591,0.9980,0.9684,0.0313
5,8,8,0,0.9789,0.9765,1.0000,0.9756,0.0124
5,8,8,1,0.9712,0.9589,0.9978,0.9691,0.0314
5,8,8,2,0.9418,0.9419,0.9999,0.9319,0.0262
5,8,8,3,0.9602,0.9454,0.9924,0.9542,0.0130
5,8,8,4,0.9500,0.9544,0.9993,0.9417,0.0211
5,8,8,5,0.8999,0.8852,0.9855,0.8839,0.0476
5,8,8,6,0.9658,0.9598,0.9987,0.9610,0.0154
5,8,8,7,0.9732,0.9713,0.9997,0.9688,0.0070
5,8,8,8,0.8105,0.8176,0.9915,0.7760,0.0248
5,8,8,9,0.9658,0.9607,0.9981,0.9604,0.0094
5,8,8,10,0.9655,0.9581,0.9997,0.9601,0.0202
5,8,8,11,0.9653,0.9574,0.9980,0.9597,0.0086
5,8,9,0,0.9742,0.9626,0.9955,0.9701,0.0090
5,8,9,1,0.9710,0.9594,0.9978,0.9687,0.0305
5,8,9,2,0.9704,0.9612,0.9979,0.9678,0.0292
5,8,9,3,0.9242,0.9231,0.9998,0.9112,0.0216
5,8,9,4,0.9685,0.9601,0.9981,0.9656,0.0279
5,8,9,5,0.9747,0.9643,0.9978,0.9710,0.0129
5,8,9,6,0.9698,0.9585,0.9978,0.9678,0.0321
5,8,9,7,0.9634,0.9561,0.9959,0.9575,0.0073
5,8,9,8,0.9721,0.9622,0.9978,0.9690,0.0219
5,8,9,9,0.9698,0.9581,0.9977,0.9677,0.0324
5,8,9,10,0.8917,0.8862,0.9995,0.8726,0.0256
5,8,9,11,0.9705,0.9586,0.9977,0.9684,0.0314
5,8,10,0,0.9747,0.9657,0.9981,0.9717,0.0200
5,8,10,1,0.9702,0.9598,0.9983,0.9679,0.0311
5,8,10,2,0.9708,0.9608,0.9981,0.9683,0.0292
5,8,10,3,0.9716,0.9615,0.9974,0.9681,0.0206
5,8,10,4,0.9759,0.9660,0.9997,0.9721,0.0110
5,8,10,5,0.9089,0.9127,0.9986,0.8938,0.0175
5,8,10,6,0.9720,0.9611,0.9983,0.9698,0.0305
5,8,10,7,0.9758,0.9647,0.9986,0.9726,0.0181
5,8,10,8,0.9719,0.9612,0.9984,0.9696,0.0297
5,8,10,9,0.8763,0.8381,0.9787,0.8560,0.0084
5,8,10,10,0.9708,0.9587,0.9979,0.9687,0.0319
5,8,10,11,0.9775,0.9785,0.9997,0.9746,0.0171
5,8,11,0,0.6945,0.6893,0.9952,0.6302,0.0721
5,8,11,1,0.9712,0.9617,0.9994,0.9670,0.0157
5,8,11,2,0.9732,0.9626,0.9992,0.9706,0.0265
5,8,11,3,0.9062,0.9240,1.0000,0.8900,0.0335
5,8,11,4,0.9780,0.9694,1.0000,0.9744,0.0160
5,8,11,5,0.9715,0.9626,0.9982,0.9682,0.0229
5,8,11,6,0.9712,0.9600,0.9986,0.9689,0.0308
5,8,11,7,0.9711,0.9689,1.0000,0.9669,0.0146
5,8,11,8,0.2727,0.4890,0.9870,0.1163,0.0527
5,8,11,9,0.9708,0.9606,0.9984,0.9684,0.0300
5,8,11,10,0.9455,0.9580,0.9991,0.9366,0.0241
5,8,11,11,0.9410,0.9540,1.0000,0.9310,0.0203
5,9,0,0,0.8369,0.8196,0.9563,0.8214,0.0868
5,9,0,1,0.1225,0.1669,0.9183,0.0154,0.0078
5,9,0,2,0.7565,0.7539,0.9935,0.7198,0.0806
5,9,0,3,0.2226,0.2234,0.9072,0.1131,0.0217
5,9,0,4,0.4522,0.4178,0.9894,0.3545,0.0643
5,9,0,5,0.2540,0.2338,0.8767,0.1458,0.0263
5,9,0,6,0.7646,0.7462,0.9724,0.7316,0.0878
5,9,0,7,0.5860,0.5805,0.9831,0.5105,0.0887
5,9,0,8,0.6042,0.6335,0.9969,0.5343,0.0765
5,9,0,9,0.8097,0.8067,0.9633,0.7894,0.0921
5,9,0,10,0.7501,0.7197,0.9827,0.7164,0.0940
5,9,0,11,0.8233,0.8124,0.9607,0.8072,0.0905
5,9,1,0,0.6460,0.6113,0.9992,0.5855,0.0773
5,9,1,1,0.8145,0.8060,0.9921,0.7903,0.0792
5,9,1,2,0.7840,0.7838,0.9994,0.7529,0.0802
5,9,1,3,0.9042,0.8687,0.9743,0.9017,0.0737
5,9,1,4,0.9469,0.9427,0.9889,0.9457,0.0567
5,9,1,5,0.8274,0.7743,0.9992,0.8039,0.0662
5,9,1,6,0.9033,0.8530,0.9924,0.8908,0.0376
5,9,1,7,0.9496,0.9470,0.9942,0.9472,0.0524
5,9,1,8,0.9317,0.9289,0.9967,0.9270,0.0567
5,9,1,9,0.9760,0.9756,1.0000,0.9748,0.0346
5,9,1,10,0.1965,0.4519,0.9995,0.0296,0.0913
5,9,1,11,0.3738,0.2952,0.9036,0.2772,0.0384
5,9,2,0,0.7652,0.7190,0.9901,0.7301,0.0751
5,9,2,1,0.9947,0.9941,0.9995,0.9944,0.0151
5,9,2,2,0.4189,0.4245,0.9888,0.3228,0.0498
5,9,2,3,0.6874,0.6622,0.9976,0.6357,0.0841
5,9,2,4,0.7380,0.7554,0.9991,0.6971,0.0605
5,9,2,5,0.6032,0.6015,0.9989,0.5357,0.0673
5,9,2,6,0.9564,0.9617,1.0000,0.9519,0.0362
5,9,2,7,0.6255,0.5999,0.9832,0.5590,0.0981
5,9,2,8,0.5005,0.6554,0.9998,0.4147,0.0602
5,9,2,9,0.5715,0.5370,0.9985,0.4977,0.0659
5,9,2,10,0.8178,0.7906,0.9830,0.7973,0.0870
5,9,2,11,0.9851,0.9815,0.9989,0.9856,0.0348
5,9,3,0,0.9969,0.9973,0.9998,0.9966,0.0057
5,9,3,1,0.9568,0.9483,1.0000,0.9531,0.0406
5,9,3,2,0.5572,0.5417,0.9999,0.4781,0.0730
5,9,3,3,0.8027,0.8116,0.9994,0.7735,0.0465
5,9,3,4,0.9990,0.9991,1.0000,0.9989,0.0035
5,9,3,5,0.9602,0.9569,0.9929,0.9573,0.0410
5,9,3,6,0.7237,0.6968,0.9995,0.6799,0.0778
5,9,3,7,0.6746,0.6223,0.9760,0.6222,0.0608
5,9,3,8,0.7626,0.7270,0.9956,0.7262,0.0675
5,9,3,9,0.7028,0.7024,1.0000,0.6556,0.0571
5,9,3,10,0.9712,0.9556,0.9994,0.9691,0.0343
5,9,3,11,0.6312,0.7159,1.0000,0.5697,0.0614
5,9,4,0,0.5710,0.7958,0.9555,0.5092,0.0270
5,9,4,1,0.8647,0.8431,0.9989,0.8458,0.0473
5,9,4,2,0.9978,0.9981,0.9990,0.9976,0.0076
5,9,4,3,0.8890,0.8798,1.0000,0.8747,0.0487
5,9,4,4,0.9949,0.9942,0.9984,0.9947,0.0154
5,9,4,5,0.9097,0.8737,0.9989,0.8989,0.0505
5,9,4,6,0.9418,0.9371,0.9882,0.9381,0.0535
5,9,4,7,0.5504,0.5148,0.9792,0.4755,0.0563
5,9,4,8,0.9809,0.9793,0.9992,0.9791,0.0227
5,9,4,9,0.7566,0.7801,0.9777,0.7195,0.0730
5,9,4,10,0.9965,0.9964,1.0000,0.9960,0.0040
5,9,4,11,0.2277,0.3532,0.8424,0.1351,0.0095
5,9,5,0,0.9949,0.9960,0.9998,0.9943,0.0065
5,9,5,1,0.9977,0.9976,1.0000,0.9977,0.0095
5,9,5,2,0.8535,0.8818,0.9647,0.8339,0.0563
5,9,5,3,0.9252,0.9052,0.9648,0.9184,0.0543
5,9,5,4,0.8906,0.8740,0.9924,0.8790,0.0637
5,9,5,5,0.9965,0.9963,0.9998,0.9961,0.0037
5,9,5,6,0.9516,0.9336,0.9961,0.9457,0.0316
5,9,5,7,0.9605,0.9415,0.9902,0.9562,0.0319
5,9,5,8,0.9752,0.9633,0.9983,0.9725,0.0230
5,9,5,9,1.0000,1.0000,1.0000,1.0000,0.0000
5,9,5,10,0.8895,0.8818,0.9970,0.8754,0.0508
5,9,5,11,0.9813,0.9805,0.9965,0.9802,0.0284
5,9,6,0,0.7701,0.8162,0.9755,0.7357,0.0743
5,9,6,1,0.9695,0.9714,0.9937,0.9658,0.0237
5,9,6,2,0.9950,0.9949,0.9998,0.9948,0.0157
5,9,6,3,0.8738,0.8837,0.9999,0.8578,0.0619
5,9,6,4,0.9651,0.9598,0.9955,0.9629,0.0406
5,9,6,5,0.9848,0.9828,0.9982,0.9847,0.0305
5,9,6,6,0.9813,0.9720,0.9990,0.9799,0.0257
5,9,6,7,0.9146,0.9065,0.9965,0.9044,0.0483
5,9,6,8,0.9151,0.9049,0.9998,0.9049,0.0481
5,9,6,9,0.9979,0.9978,1.0000,0.9979,0.0092
5,9,6,10,0.9991,0.9990,1.0000,0.9989,0.0017
5,9,6,11,0.9559,0.9335,0.9935,0.9515,0.0365
5,9,7,0,0.9553,0.9316,0.9990,0.9498,0.0284
5,9,7,1,0.9970,0.9963,0.9999,0.9966,0.0041
5,9,7,2,0.9978,0.9978,1.0000,0.9978,0.0095
5,9,7,3,0.9586,0.9636,0.9986,0.9551,0.0402
5,9,7,4,0.9802,0.9805,0.9972,0.9778,0.0175
5,9,7,5,0.9889,0.9872,0.9965,0.9887,0.0259
5,9,7,6,0.9970,0.9960,1.0000,0.9969,0.0108
5,9,7,7,0.9989,0.9988,1.0000,0.9988,0.0070
5,9,7,8,0.9229,0.8809,0.9998,0.9129,0.0317
5,9,7,9,0.9903,0.9882,0.9974,0.9896,0.0190
5,9,7,10,0.9978,0.9978,1.0000,0.9977,0.0095
5,9,7,11,0.9984,0.9984,1.0000,0.9984,0.0083
5,9,8,0,0.9918,0.9887,0.9976,0.9911,0.0135
5,9,8,1,0.9981,0.9982,1.0000,0.9981,0.0084
5,9,8,2,0.9624,0.9625,0.9988,0.9595,0.0400
5,9,8,3,0.9787,0.9642,0.9979,0.9760,0.0135
5,9,8,4,0.9352,0.9013,0.9954,0.9281,0.0438
5,9,8,5,0.8795,0.8525,0.9738,0.8669,0.0684
5,9,8,6,0.9850,0.9899,1.0000,0.9830,0.0098
5,9,8,7,0.9659,0.9481,0.9966,0.9619,0.0259
5,9,8,8,0.7971,0.7997,0.9974,0.7669,0.0478
5,9,8,9,0.9904,0.9882,1.0000,0.9896,0.0162
5,9,8,10,0.9759,0.9720,0.9994,0.9754,0.0378
5,9,8,11,0.9880,0.9872,1.0000,0.9869,0.0195
5,9,9,0,0.9841,0.9773,0.9993,0.9824,0.0181
5,9,9,1,0.9984,0.9985,1.0000,0.9984,0.0075
5,9,9,2,0.9984,0.9987,1.0000,0.9983,0.0062
5,9,9,3,0.9168,0.9015,0.9970,0.9066,0.0446
5,9,9,4,0.9976,0.9981,1.0000,0.9974,0.0059
5,9,9,5,0.9951,0.9937,1.0000,0.9947,0.0111
5,9,9,6,0.9980,0.9980,1.0000,0.9980,0.0090
5,9,9,7,0.9838,0.9837,0.9995,0.9822,0.0202
5,9,9,8,0.9979,0.9988,1.0000,0.9976,0.0027
5,9,9,9,0.9979,0.9979,1.0000,0.9979,0.0094
5,9,9,10,0.8979,0.8586,0.9996,0.8848,0.0479
5,9,9,11,0.9984,0.9984,1.0000,0.9984,0.0084
5,9,10,0,0.9976,0.9965,1.0000,0.9973,0.0040
5,9,10,1,0.9983,0.9984,1.0000,0.9983,0.0081
5,9,10,2,0.9987,0.9989,1.0000,0.9986,0.0062
5,9,10,3,0.9975,0.9972,0.9999,0.9972,0.0033
5,9,10,4,0.9938,0.9937,0.9994,0.9933,0.0146
5,9,10,5,0.9251,0.9082,1.0000,0.9151,0.0322
5,9,10,6,0.9984,0.9984,1.0000,0.9983,0.0075
5,9,10,7,0.9983,0.9984,1.0000,0.9981,0.0049
5,9,10,8,0.9984,0.9986,1.0000,0.9984,0.0067
5,9,10,9,0.8970,0.8261,0.9891,0.8827,0.0200
5,9,10,10,0.9980,0.9981,1.0000,0.9980,0.0089
5,9,10,11,0.9659,0.9514,0.9965,0.9614,0.0129
5,9,11,0,0.6602,0.6419,0.9877,0.6024,0.0932
5,9,11,1,0.9958,0.9955,0.9997,0.9954,0.0105
5,9,11,2,0.9986,0.9984,0.9998,0.9984,0.0048
5,9,11,3,0.8991,0.8955,0.9977,0.8873,0.0549
5,9,11,4,0.9943,0.9929,0.9986,0.9944,0.0206
5,9,11,5,0.9984,0.9987,1.0000,0.9982,0.0033
5,9,11,6,0.9984,0.9985,1.0000,0.9983,0.0078
5,9,11,7,0.9943,0.9928,0.9984,0.9937,0.0097
5,9,11,8,0.1826,0.4758,0.9948,0.0271,0.0744
5,9,11,9,0.9985,0.9986,1.0000,0.9985,0.0070
5,9,11,10,0.9562,0.9494,0.9949,0.9533,0.0446
5,9,11,11,0.9497,0.9306,0.9979,0.9449,0.0424
5,10,0,0,0.8934,0.8721,0.9306,0.8692,0.0402
5,10,0,1,0.2327,0.3024,0.9463,0.1120,0.0586
5,10,0,2,0.8575,0.8820,0.9816,0.8227,0.0343
5,10,0,3,0.3561,0.3794,0.9371,0.2383,0.0316
5,10,0,4,0.6084,0.5857,0.9977,0.5132,0.0170
5,10,0,5,0.3718,0.3852,0.9115,0.2531,0.0244
5,10,0,6,0.8628,0.8587,0.9513,0.8296,0.0398
5,10,0,7,0.7237,0.7290,0.9658,0.6508,0.0411
5,10,0,8,0.7003,0.7768,0.9878,0.6235,0.0289
5,10,0,9,0.8715,0.8729,0.9395,0.8416,0.0470
5,10,0,10,0.8363,0.8216,0.9653,0.7963,0.0476
5,10,0,11,0.8897,0.8776,0.9362,0.8656,0.0448
5,10,1,0,0.7409,0.7487,0.9930,0.6756,0.0322
5,10,1,1,0.8503,0.8678,0.9793,0.8136,0.0325
5,10,1,2,0.8439,0.8613,0.9937,0.8057,0.0351
5,10,1,3,0.8967,0.8606,0.9539,0.8727,0.0305
5,10,1,4,0.9300,0.9186,0.9743,0.9138,0.0256
5,10,1,5,0.8528,0.8367,0.9930,0.8176,0.0176
5,10,1,6,0.9105,0.9053,0.9990,0.8918,0.0170
5,10,1,7,0.9376,0.9343,0.9829,0.9234,0.0219
5,10,1,8,0.9171,0.9160,0.9874,0.8979,0.0183
5,10,1,9,0.9172,0.9077,0.9968,0.9006,0.0216
5,10,1,10,0.3888,0.6038,0.9942,0.2209,0.0468
5,10,1,11,0.4609,0.4330,0.9341,0.3515,0.0149
5,10,2,0,0.8072,0.8175,0.9761,0.7594,0.0281
5,10,2,1,0.9041,0.8991,0.9940,0.8888,0.0360
5,10,2,2,0.5579,0.6260,0.9974,0.4602,0.0095
5,10,2,3,0.7628,0.7901,0.9892,0.7018,0.0387
5,10,2,4,0.7348,0.8032,0.9927,0.6733,0.0144
5,10,2,5,0.7070,0.7575,0.9923,0.6366,0.0203
5,10,2,6,0.9033,0.9073,0.9962,0.8839,0.0152
5,10,2,7,0.7710,0.7385,0.9661,0.7105,0.0502
5,10,2,8,0.5912,0.7505,0.9983,0.4951,0.0135
5,10,2,9,0.7766,0.7543,0.9997,0.7230,0.0176
5,10,2,10,0.9003,0.8806,0.9657,0.8778,0.0403
5,10,2,11,0.9236,0.9125,0.9922,0.9079,0.0246
5,10,3,0,0.8758,0.8802,0.9983,0.8614,0.0552
5,10,3,1,0.8982,0.8985,0.9974,0.8769,0.0127
5,10,3,2,0.6658,0.7000,0.9956,0.5814,0.0254
5,10,3,3,0.7762,0.8361,0.9991,0.7281,0.0141
5,10,3,4,0.8816,0.8756,0.9966,0.8672,0.0537
5,10,3,5,0.9356,0.9263,0.9807,0.9220,0.0159
5,10,3,6,0.8255,0.8129,0.9990,0.7823,0.0298
5,10,3,7,0.8333,0.7972,0.9900,0.7952,0.0176
5,10,3,8,0.7931,0.8227,0.9852,0.7444,0.0217
5,10,3,9,0.7349,0.7554,0.9971,0.6745,0.0130
5,10,3,10,0.9143,0.9131,0.9991,0.8971,0.0184
5,10,3,11,0.7049,0.7928,0.9970,0.6350,0.0138
5,10,4,0,0.5854,0.8147,0.9755,0.5079,0.0260
5,10,4,1,0.8254,0.8396,0.9921,0.7882,0.0089
5,10,4,2,0.8911,0.8796,0.9924,0.8752,0.0432
5,10,4,3,0.9476,0.9368,0.9965,0.9360,0.0081
5,10,4,4,0.9052,0.8973,0.9911,0.8898,0.0354
5,10,4,5,0.8840,0.8879,0.9923,0.8586,0.0095
5,10,4,6,0.9433,0.9333,0.9734,0.9305,0.0157
5,10,4,7,0.6864,0.6767,0.9920,0.6148,0.0125
5,10,4,8,0.9028,0.8963,0.9930,0.8856,0.0281
5,10,4,9,0.8408,0.8659,0.9585,0.8020,0.0244
5,10,4,10,0.8921,0.8914,0.9974,0.8777,0.0475
5,10,4,11,0.3862,0.5669,0.8817,0.2930,0.0603
5,10,5,0,0.8801,0.8815,0.9983,0.8640,0.0471
5,10,5,1,0.8675,0.8651,0.9976,0.8536,0.0603
5,10,5,2,0.8433,0.8570,0.9413,0.8071,0.0141
5,10,5,3,0.8935,0.8834,0.9414,0.8692,0.0073
5,10,5,4,0.9292,0.9107,0.9798,0.9128,0.0144
5,10,5,5,0.8788,0.8810,0.9954,0.8635,0.0510
5,10,5,6,0.8643,0.8702,0.9863,0.8384,0.0195
5,10,5,7,0.8826,0.8723,0.9763,0.8598,0.0211
5,10,5,8,0.8845,0.8826,0.9906,0.8640,0.0278
5,10,5,9,0.8895,0.8818,0.9970,0.8754,0.0508
5,10,5,10,1.0000,1.0000,1.0000,1.0000,0.0000
5,10,5,11,0.9177,0.9073,0.9869,0.9020,0.0227
5,10,6,0,0.7730,0.8409,0.9555,0.7171,0.0270
5,10,6,1,0.9035,0.8877,0.9821,0.8872,0.0271
5,10,6,2,0.9085,0.8985,0.9954,0.8936,0.0351
5,10,6,3,0.9217,0.9351,0.9959,0.9038,0.0140
5,10,6,4,0.8985,0.9159,0.9851,0.8771,0.0165
5,10,6,5,0.9253,0.9148,0.9905,0.9107,0.0238
5,10,6,6,0.8866,0.8919,0.9926,0.8655,0.0251
5,10,6,7,0.9358,0.9592,1.0000,0.9220,0.0070
5,10,6,8,0.9261,0.9261,0.9950,0.9102,0.0071
5,10,6,9,0.8684,0.8667,0.9976,0.8544,0.0600
5,10,6,10,0.8836,0.8823,0.9966,0.8685,0.0510
5,10,6,11,0.8820,0.8966,0.9816,0.8579,0.0159
5,10,7,0,0.8570,0.8676,0.9926,0.8307,0.0233
5,10,7,1,0.8852,0.8875,0.9980,0.8709,0.0514
5,10,7,2,0.8684,0.8660,0.9976,0.8546,0.0603
5,10,7,3,0.9393,0.9273,0.9915,0.9267,0.0157
5,10,7,4,0.8992,0.8932,0.9884,0.8832,0.0343
5,10,7,5,0.9091,0.9009,0.9871,0.8921,0.0252
5,10,7,6,0.9041,0.9050,0.9962,0.8897,0.0400
5,10,7,7,0.8768,0.8740,0.9970,0.8627,0.0578
5,10,7,8,0.9025,0.8905,0.9983,0.8835,0.0197
5,10,7,9,0.9046,0.9047,0.9888,0.8884,0.0317
5,10,7,10,0.8684,0.8666,0.9976,0.8543,0.0603
5,10,7,11,0.8723,0.8690,0.9973,0.8583,0.0590
5,10,8,0,0.8739,0.8785,0.9893,0.8532,0.0373
5,10,8,1,0.8730,0.8686,0.9975,0.8592,0.0592
5,10,8,2,0.9237,0.9175,0.9921,0.9079,0.0171
5,10,8,3,0.9109,0.9135,0.9999,0.8978,0.0386
5,10,8,4,0.8540,0.8621,0.9850,0.8231,0.0098
5,10,8,5,0.8640,0.8613,0.9532,0.8314,0.0208
5,10,8,6,0.9065,0.8908,0.9963,0.8935,0.0410
5,10,8,7,0.8618,0.8717,0.9872,0.8365,0.0249
5,10,8,8,0.8608,0.8793,1.0000,0.8306,0.0052
5,10,8,9,0.9143,0.9087,0.9972,0.9007,0.0346
5,10,8,10,0.9353,0.9371,0.9936,0.9217,0.0152
5,10,8,11,0.9154,0.9058,0.9973,0.9014,0.0313
5,10,9,0,0.9022,0.9038,0.9991,0.8862,0.0327
5,10,9,1,0.8738,0.8707,0.9975,0.8599,0.0583
5,10,9,2,0.8756,0.8737,0.9974,0.8611,0.0570
5,10,9,3,0.8462,0.8587,0.9879,0.8134,0.0110
5,10,9,4,0.8812,0.8745,0.9972,0.8676,0.0557
5,10,9,5,0.9000,0.8998,0.9975,0.8849,0.0397
5,10,9,6,0.8695,0.8678,0.9976,0.8556,0.0598
5,10,9,7,0.9352,0.9237,0.9989,0.9249,0.0306
5,10,9,8,0.8948,0.8866,0.9975,0.8816,0.0497
5,10,9,9,0.8692,0.8668,0.9976,0.8554,0.0602
5,10,9,10,0.8748,0.8730,0.9945,0.8479,0.0070
5,10,9,11,0.8723,0.8693,0.9976,0.8584,0.0592
5,10,10,0,0.8897,0.8894,0.9971,0.8750,0.0478
5,10,10,1,0.8721,0.8696,0.9969,0.8578,0.0589
5,10,10,2,0.8778,0.8762,0.9972,0.8638,0.0570
5,10,10,3,0.8920,0.8909,0.9979,0.8778,0.0484
5,10,10,4,0.9031,0.8980,0.9936,0.8877,0.0362
5,10,10,5,0.8790,0.8910,0.9965,0.8570,0.0233
5,10,10,6,0.8730,0.8703,0.9969,0.8587,0.0583
5,10,10,7,0.8960,0.8901,0.9965,0.8816,0.0459
5,10,10,8,0.8716,0.8695,0.9968,0.8568,0.0575
5,10,10,9,0.8692,0.8435,0.9976,0.8458,0.0311
5,10,10,10,0.8700,0.8668,0.9974,0.8559,0.0597
5,10,10,11,0.8318,0.8305,0.9870,0.8059,0.0421
5,10,11,0,0.8087,0.8027,0.9725,0.7599,0.0449
5,10,11,1,0.8998,0.8915,0.9948,0.8849,0.0403
5,10,11,2,0.8779,0.8715,0.9953,0.8629,0.0543
5,10,11,3,0.8687,0.8928,0.9893,0.8390,0.0098
5,10,11,4,0.9018,0.8871,0.9915,0.8846,0.0311
5,10,11,5,0.8877,0.8819,0.9970,0.8734,0.0506
5,10,11,6,0.8734,0.8696,0.9965,0.8591,0.0586
5,10,11,7,0.8915,0.8867,0.9909,0.8753,0.0411
5,10,11,8,0.3524,0.6363,0.9997,0.1897,0.0278
5,10,11,9,0.8747,0.8716,0.9967,0.8605,0.0578
5,10,11,10,0.9154,0.9164,0.9840,0.8969,0.0119
5,10,11,11,0.8907,0.9088,0.9898,0.8677,0.0103
5,11,0,0,0.8776,0.8688,0.9774,0.8573,0.0584
5,11,0,1,0.2344,0.2648,0.8818,0.1250,0.0362
5,11,0,2,0.8214,0.8273,0.9995,0.7850,0.0522
5,11,0,3,0.3291,0.3289,0.8687,0.2177,0.0162
5,11,0,4,0.5438,0.5242,0.9737,0.4451,0.0359
5,11,0,5,0.3477,0.3370,0.8333,0.2360,0.0148
5,11,0,6,0.8255,0.8303,0.9886,0.7911,0.0594
5,11,0,7,0.6874,0.6721,0.9950,0.6165,0.0606
5,11,0,8,0.7120,0.7252,1.0000,0.6488,0.0481
5,11,0,9,0.8672,0.8579,0.9824,0.8454,0.0637
5,11,0,10,0.8218,0.7936,0.9948,0.7885,0.0656
5,11,0,11,0.8839,0.8701,0.9806,0.8673,0.0621
5,11,1,0,0.7158,0.6974,0.9991,0.6539,0.0498
5,11,1,1,0.8661,0.8668,0.9991,0.8406,0.0514
5,11,1,2,0.8465,0.8422,0.9988,0.8160,0.0527
5,11,1,3,0.9345,0.9004,0.9898,0.9271,0.0452
5,11,1,4,0.9724,0.9712,0.9979,0.9692,0.0330
5,11,1,5,0.8883,0.8513,0.9991,0.8670,0.0378
5,11,1,6,0.9264,0.8930,0.9785,0.9126,0.0133
5,11,1,7,0.9694,0.9698,0.9997,0.9647,0.0290
5,11,1,8,0.9604,0.9585,1.0000,0.9541,0.0292
5,11,1,9,0.9820,0.9817,0.9967,0.9787,0.0154
5,11,1,10,0.2973,0.5055,0.9985,0.1241,0.0638
5,11,1,11,0.4544,0.3960,0.8644,0.3542,0.0170
5,11,2,0,0.8208,0.7964,0.9984,0.7842,0.0473
5,11,2,1,0.9882,0.9883,0.9986,0.9866,0.0140
5,11,2,2,0.4985,0.5259,0.9728,0.3990,0.0227
5,11,2,3,0.7532,0.7244,0.9999,0.6998,0.0557
5,11,2,4,0.7870,0.8198,0.9992,0.7439,0.0330
5,11,2,5,0.6711,0.6786,0.9993,0.6015,0.0395
5,11,2,6,0.9779,0.9803,0.9972,0.9739,0.0119
5,11,2,7,0.7080,0.6686,0.9951,0.6414,0.0697
5,11,2,8,0.5924,0.7264,0.9946,0.5072,0.0317
5,11,2,9,0.6390,0.6183,0.9904,0.5622,0.0381
5,11,2,10,0.8713,0.8553,0.9949,0.8490,0.0586
5,11,2,11,0.9884,0.9884,0.9993,0.9864,0.0133
5,11,3,0,0.9760,0.9780,0.9946,0.9752,0.0329
5,11,3,1,0.9701,0.9648,0.9959,0.9646,0.0141
5,11,3,2,0.6336,0.6175,0.9977,0.5525,0.0446
5,11,3,3,0.8298,0.8622,0.9928,0.7971,0.0206
5,11,3,4,0.9820,0.9789,0.9968,0.9816,0.0313
5,11,3,5,0.9746,0.9753,0.9994,0.9701,0.0144
5,11,3,6,0.7842,0.7628,0.9932,0.7388,0.0497
5,11,3,7,0.7337,0.6880,0.9543,0.6798,0.0330
5,11,3,8,0.8225,0.8081,0.9999,0.7866,0.0403
5,11,3,9,0.7675,0.7769,0.9964,0.7208,0.0290
5,11,3,10,0.9824,0.9774,0.9928,0.9792,0.0071
5,11,3,11,0.7079,0.7872,0.9965,0.6472,0.0333
5,11,4,0,0.6442,0.8306,0.9274,0.5834,0.0198
5,11,4,1,0.8776,0.8848,0.9993,0.8544,0.0198
5,11,4,2,0.9863,0.9845,0.9993,0.9851,0.0208
5,11,4,3,0.9176,0.9114,0.9969,0.9019,0.0203
5,11,4,4,0.9896,0.9908,0.9996,0.9882,0.0133
5,11,4,5,0.9319,0.9174,0.9993,0.9191,0.0230
5,11,4,6,0.9633,0.9645,0.9976,0.9573,0.0254
5,11,4,7,0.6504,0.6162,0.9587,0.5794,0.0279
5,11,4,8,0.9857,0.9853,0.9991,0.9833,0.0114
5,11,4,9,0.8087,0.8342,0.9919,0.7693,0.0446
5,11,4,10,0.9865,0.9851,0.9959,0.9859,0.0251
5,11,4,11,0.2735,0.4477,0.7941,0.1717,0.0379
5,11,5,0,0.9720,0.9780,0.9946,0.9693,0.0248
5,11,5,1,0.9736,0.9712,0.9957,0.9733,0.0379
5,11,5,2,0.8794,0.9204,0.9834,0.8559,0.0279
5,11,5,3,0.9491,0.9475,0.9835,0.9401,0.0259
5,11,5,4,0.9262,0.9165,0.9992,0.9130,0.0352
5,11,5,5,0.9788,0.9790,0.9978,0.9776,0.0286
5,11,5,6,0.9514,0.9562,1.0000,0.9427,0.0140
5,11,5,7,0.9640,0.9597,0.9984,0.9575,0.0079
5,11,5,8,0.9647,0.9677,0.9997,0.9588,0.0117
5,11,5,9,0.9813,0.9805,0.9965,0.9802,0.0284
5,11,5,10,0.9177,0.9073,0.9869,0.9020,0.0227
5,11,5,11,1.0000,1.0000,1.0000,1.0000,0.0000
5,11,6,0,0.8110,0.8640,0.9905,0.7722,0.0459
5,11,6,1,0.9702,0.9748,0.9996,0.9654,0.0124
5,11,6,2,0.9873,0.9868,0.9979,0.9855,0.0143
5,11,6,3,0.8986,0.9091,0.9974,0.8791,0.0348
5,11,6,4,0.9648,0.9735,0.9999,0.9584,0.0148
5,11,6,5,0.9883,0.9895,0.9997,0.9862,0.0110
5,11,6,6,0.9845,0.9860,0.9992,0.9818,0.0068
5,11,6,7,0.9182,0.9238,0.9860,0.9028,0.0214
5,11,6,8,0.9270,0.9338,0.9981,0.9133,0.0216
5,11,6,9,0.9745,0.9726,0.9957,0.9742,0.0376
5,11,6,10,0.9813,0.9806,0.9969,0.9802,0.0286
5,11,6,11,0.9609,0.9639,0.9995,0.9537,0.0094
5,11,7,0,0.9462,0.9512,0.9992,0.9369,0.0127
5,11,7,1,0.9791,0.9803,0.9952,0.9779,0.0290
5,11,7,2,0.9741,0.9717,0.9957,0.9738,0.0379
5,11,7,3,0.9754,0.9773,0.9995,0.9710,0.0165
5,11,7,4,0.9807,0.9849,1.0000,0.9780,0.0135
5,11,7,5,0.9837,0.9902,1.0000,0.9808,0.0070
5,11,7,6,0.9840,0.9861,0.9972,0.9822,0.0176
5,11,7,7,0.9779,0.9759,0.9965,0.9774,0.0354
5,11,7,8,0.9305,0.9112,0.9946,0.9178,0.0062
5,11,7,9,0.9829,0.9899,0.9999,0.9802,0.0106
5,11,7,10,0.9744,0.9723,0.9957,0.9741,0.0379
5,11,7,11,0.9762,0.9741,0.9961,0.9758,0.0367
5,11,8,0,0.9792,0.9834,0.9999,0.9763,0.0156
5,11,8,1,0.9758,0.9734,0.9958,0.9754,0.0368
5,11,8,2,0.9778,0.9794,0.9994,0.9738,0.0173
5,11,8,3,0.9736,0.9657,0.9890,0.9701,0.0200
5,11,8,4,0.9435,0.9359,0.9999,0.9329,0.0160
5,11,8,5,0.9067,0.9076,0.9895,0.8897,0.0400
5,11,8,6,0.9782,0.9785,0.9972,0.9757,0.0202
5,11,8,7,0.9589,0.9639,1.0000,0.9518,0.0111
5,11,8,8,0.8155,0.8299,0.9879,0.7799,0.0194
5,11,8,9,0.9859,0.9841,0.9963,0.9839,0.0125
5,11,8,10,0.9817,0.9845,0.9988,0.9785,0.0100
5,11,8,11,0.9819,0.9831,0.9960,0.9791,0.0095
5,11,9,0,0.9727,0.9746,0.9928,0.9685,0.0116
5,11,9,1,0.9777,0.9751,0.9958,0.9775,0.0359
5,11,9,2,0.9776,0.9765,0.9959,0.9770,0.0346
5,11,9,3,0.9222,0.9265,1.0000,0.9076,0.0171
5,11,9,4,0.9807,0.9773,0.9962,0.9805,0.0333
5,11,9,5,0.9816,0.9832,0.9959,0.9794,0.0173
5,11,9,6,0.9746,0.9728,0.9958,0.9742,0.0375
5,11,9,7,0.9818,0.9815,0.9933,0.9790,0.0098
5,11,9,8,0.9852,0.9816,0.9959,0.9847,0.0273
5,11,9,9,0.9747,0.9722,0.9957,0.9744,0.0378
5,11,9,10,0.9290,0.9154,0.9984,0.9157,0.0224
5,11,9,11,0.9756,0.9737,0.9958,0.9752,0.0368
5,11,10,0,0.9790,0.9793,0.9963,0.9772,0.0254
5,11,10,1,0.9764,0.9745,0.9965,0.9760,0.0365
5,11,10,2,0.9784,0.9771,0.9963,0.9779,0.0346
5,11,10,3,0.9822,0.9829,0.9953,0.9809,0.0260
5,11,10,4,0.9850,0.9884,0.9988,0.9830,0.0138
5,11,10,5,0.9310,0.9383,0.9970,0.9191,0.0181
5,11,10,6,0.9759,0.9743,0.9965,0.9753,0.0359
5,11,10,7,0.9841,0.9849,0.9970,0.9828,0.0235
5,11,10,8,0.9760,0.9759,0.9967,0.9752,0.0351
5,11,10,9,0.9060,0.8662,0.9733,0.8900,0.0090
5,11,10,10,0.9749,0.9728,0.9960,0.9745,0.0373
5,11,10,11,0.9473,0.9445,1.0000,0.9402,0.0241
5,11,11,0,0.7377,0.7114,0.9973,0.6799,0.0648
5,11,11,1,0.9861,0.9850,0.9982,0.9846,0.0189
5,11,11,2,0.9811,0.9779,0.9979,0.9805,0.0319
5,11,11,3,0.9138,0.9256,0.9999,0.8974,0.0265
5,11,11,4,0.9875,0.9883,0.9995,0.9855,0.0116
5,11,11,5,0.9850,0.9817,0.9965,0.9846,0.0283
5,11,11,6,0.9768,0.9746,0.9969,0.9763,0.0362
5,11,11,7,0.9825,0.9819,0.9996,0.9806,0.0187
5,11,11,8,0.3029,0.5378,0.9827,0.1458,0.0470
5,11,11,9,0.9782,0.9760,0.9967,0.9779,0.0354
5,11,11,10,0.9814,0.9791,0.9999,0.9784,0.0165
5,11,11,11,0.9574,0.9593,0.9998,0.9496,0.0143
6,0,0,0,0.9323,0.9449,0.9972,0.9121,0.0271
6,0,0,1,0.2019,0.3310,0.8087,0.0604,0.0821
6,0,0,2,0.8199,0.8634,0.9943,0.7663,0.0260
6,0,0,3,0.3190,0.4014,0.7925,0.1790,0.0560
6,0,0,4,0.6052,0.6177,0.9333,0.4955,0.0192
6,0,0,5,0.3409,0.4160,0.7495,0.2010,0.0483
6,0,0,6,0.8934,0.8934,0.9999,0.8607,0.0230
6,0,0,7,0.7830,0.8030,0.9993,0.7151,0.0259
6,0,0,8,0.7174,0.8115,0.9898,0.6329,0.0184
6,0,0,9,0.8904,0.9209,0.9987,0.8565,0.0365
6,0,0,10,0.8453,0.8710,0.9994,0.7958,0.0346
6,0,0,11,0.8753,0.9156,0.9982,0.8363,0.0365
6,0,1,0,0.8587,0.8529,0.9837,0.8170,0.0211
6,0,1,1,0.8570,0.8873,0.9954,0.8147,0.0233
6,0,1,2,0.8156,0.8405,0.9826,0.7615,0.0256
6,0,1,3,0.8487,0.8855,1.0000,0.8027,0.0365
6,0,1,4,0.8724,0.9039,0.9974,0.8382,0.0408
6,0,1,5,0.8097,0.8256,0.9836,0.7569,0.0192
6,0,1,6,0.8212,0.8288,0.9410,0.7807,0.0417
6,0,1,7,0.8626,0.8926,0.9935,0.8276,0.0413
6,0,1,8,0.8645,0.8892,0.9902,0.8290,0.0344
6,0,1,9,0.8307,0.8566,0.9761,0.7943,0.0463
6,0,1,10,0.4955,0.6361,0.9817,0.3365,0.0316
6,0,1,11,0.4366,0.4600,0.7872,0.3081,0.0387
6,0,2,0,0.8443,0.8536,0.9967,0.7988,0.0167
6,0,2,1,0.8010,0.8389,0.9820,0.7660,0.0595
6,0,2,2,0.6480,0.6889,0.9319,0.5608,0.0257
6,0,2,3,0.8653,0.8653,0.9884,0.8244,0.0254
6,0,2,4,0.8264,0.8467,0.9841,0.7811,0.0167
6,0,2,5,0.7175,0.7709,0.9847,0.6399,0.0159
6,0,2,6,0.8097,0.8575,0.9776,0.7685,0.0416
6,0,2,7,0.7733,0.7790,0.9993,0.6982,0.0343
6,0,2,8,0.7797,0.8283,0.9709,0.7211,0.0208
6,0,2,9,0.7173,0.7307,0.9621,0.6394,0.0170
6,0,2,10,0.8783,0.8937,0.9993,0.8408,0.0311
6,0,2,11,0.8313,0.8627,0.9848,0.7941,0.0481
6,0,3,0,0.7574,0.8135,0.9709,0.7239,0.0787
6,0,3,1,0.8464,0.8669,0.9741,0.8120,0.0343
6,0,3,2,0.7652,0.7861,0.9789,0.6967,0.0140
6,0,3,3,0.7901,0.8507,0.9670,0.7407,0.0287
6,0,3,4,0.7656,0.8161,0.9765,0.7320,0.0771
6,0,3,5,0.8620,0.9000,0.9947,0.8309,0.0413
6,0,3,6,0.8640,0.8626,0.9678,0.8239,0.0216
6,0,3,7,0.7137,0.7425,0.9043,0.6398,0.0183
6,0,3,8,0.7934,0.8588,0.9919,0.7379,0.0116
6,0,3,9,0.8502,0.8691,0.9752,0.8122,0.0206
6,0,3,10,0.8113,0.8499,0.9670,0.7705,0.0400
6,0,3,11,0.8191,0.8598,0.9755,0.7704,0.0173
6,0,4,0,0.6857,0.8163,0.8673,0.6228,0.0492
6,0,4,1,0.8313,0.8443,0.9849,0.7925,0.0273
6,0,4,2,0.7899,0.8291,0.9845,0.7558,0.0667
6,0,4,3,0.8342,0.8789,0.9767,0.7941,0.0310
6,0,4,4,0.8066,0.8469,0.9863,0.7725,0.0589
6,0,4,5,0.8755,0.9215,0.9846,0.8463,0.0257
6,0,4,6,0.8601,0.8981,0.9977,0.8244,0.0332
6,0,4,7,0.6345,0.6668,0.9106,0.5402,0.0195
6,0,4,8,0.8131,0.8548,0.9837,0.7777,0.0529
6,0,4,9,0.8847,0.9162,0.9999,0.8516,0.0165
6,0,4,10,0.7733,0.8225,0.9741,0.7383,0.0710
6,0,4,11,0.4690,0.5996,0.7032,0.3824,0.0838
6,0,5,0,0.7583,0.8084,0.9709,0.7206,0.0706
6,0,5,1,0.7483,0.8032,0.9735,0.7161,0.0838
6,0,5,2,0.9068,0.9164,0.9990,0.8828,0.0189
6,0,5,3,0.9133,0.9437,0.9990,0.8917,0.0238
6,0,5,4,0.8441,0.9021,0.9952,0.8018,0.0173
6,0,5,5,0.7654,0.8230,0.9793,0.7311,0.0744
6,0,5,6,0.8358,0.8693,0.9911,0.8034,0.0440
6,0,5,7,0.8176,0.8754,0.9967,0.7800,0.0449
6,0,5,8,0.7862,0.8519,0.9868,0.7452,0.0522
6,0,5,9,0.7701,0.8162,0.9755,0.7357,0.0743
6,0,5,10,0.7730,0.8409,0.9555,0.7171,0.0270
6,0,5,11,0.8110,0.8640,0.9905,0.7722,0.0459
6,0,6,0,1.0000,1.0000,1.0000,1.0000,0.0000
6,0,6,1,0.7923,0.8560,0.9940,0.7537,0.0510
6,0,6,2,0.8036,0.8397,0.9794,0.7685,0.0595
6,0,6,3,0.7727,0.8467,0.9782,0.7139,0.0197
6,0,6,4,0.8405,0.8751,0.9920,0.8043,0.0406
6,0,6,5,0.8286,0.8595,0.9870,0.7924,0.0498
6,0,6,6,0.7988,0.8423,0.9842,0.7586,0.0492
6,0,6,7,0.7873,0.8319,0.9537,0.7369,0.0302
6,0,6,8,0.8323,0.8635,0.9801,0.7931,0.0303
6,0,6,9,0.7498,0.8046,0.9735,0.7173,0.0835
6,0,6,10,0.7653,0.8145,0.9766,0.7299,0.0744
6,0,6,11,0.8546,0.8901,0.9942,0.8234,0.0397
6,0,7,0,0.8168,0.8761,0.9842,0.7817,0.0478
6,0,7,1,0.7633,0.8174,0.9723,0.7284,0.0749
6,0,7,2,0.7491,0.8039,0.9735,0.7167,0.0838
6,0,7,3,0.8193,0.8722,0.9857,0.7784,0.0402
6,0,7,4,0.8117,0.8724,0.9892,0.7794,0.0578
6,0,7,5,0.8207,0.8604,0.9904,0.7849,0.0497
6,0,7,6,0.7890,0.8348,0.9776,0.7534,0.0635
6,0,7,7,0.7565,0.8115,0.9755,0.7231,0.0813
6,0,7,8,0.8054,0.8452,0.9710,0.7645,0.0432
6,0,7,9,0.8095,0.8547,0.9888,0.7746,0.0552
6,0,7,10,0.7500,0.8041,0.9736,0.7174,0.0838
6,0,7,11,0.7540,0.8070,0.9747,0.7213,0.0825
6,0,8,0,0.7830,0.8339,0.9883,0.7447,0.0608
6,0,8,1,0.7519,0.8049,0.9739,0.7189,0.0827
6,0,8,2,0.8268,0.8649,0.9850,0.7878,0.0410
6,0,8,3,0.7709,0.8183,0.9594,0.7314,0.0630
6,0,8,4,0.8383,0.8863,0.9921,0.8014,0.0330
6,0,8,5,0.8948,0.9137,1.0000,0.8651,0.0198
6,0,8,6,0.7590,0.8239,0.9774,0.7187,0.0644
6,0,8,7,0.8187,0.8821,0.9903,0.7842,0.0487
6,0,8,8,0.6929,0.7884,0.9573,0.6188,0.0275
6,0,8,9,0.7928,0.8402,0.9750,0.7557,0.0581
6,0,8,10,0.8176,0.8640,0.9826,0.7759,0.0403
6,0,8,11,0.7957,0.8424,0.9744,0.7578,0.0548
6,0,9,0,0.7756,0.8314,0.9670,0.7345,0.0562
6,0,9,1,0.7536,0.8081,0.9738,0.7205,0.0817
6,0,9,2,0.7572,0.8082,0.9742,0.7237,0.0805
6,0,9,3,0.8134,0.8329,0.9897,0.7703,0.0310
6,0,9,4,0.7578,0.8143,0.9749,0.7242,0.0792
6,0,9,5,0.7823,0.8246,0.9740,0.7451,0.0632
6,0,9,6,0.7505,0.8056,0.9738,0.7181,0.0833
6,0,9,7,0.7875,0.8384,0.9680,0.7480,0.0541
6,0,9,8,0.7619,0.8173,0.9741,0.7258,0.0732
6,0,9,9,0.7498,0.8047,0.9736,0.7174,0.0837
6,0,9,10,0.8535,0.8998,0.9811,0.8197,0.0283
6,0,9,11,0.7531,0.8064,0.9737,0.7204,0.0827
6,0,10,0,0.7651,0.8126,0.9751,0.7284,0.0713
6,0,10,1,0.7546,0.8079,0.9756,0.7218,0.0824
6,0,10,2,0.7582,0.8143,0.9750,0.7249,0.0805
6,0,10,3,0.7719,0.8262,0.9726,0.7368,0.0719
6,0,10,4,0.7906,0.8373,0.9828,0.7535,0.0597
6,0,10,5,0.8302,0.8935,0.9769,0.7983,0.0440
6,0,10,6,0.7537,0.8073,0.9757,0.7203,0.0817
6,0,10,7,0.7750,0.8218,0.9769,0.7389,0.0694
6,0,10,8,0.7574,0.8086,0.9760,0.7244,0.0810
6,0,10,9,0.7882,0.8132,0.9326,0.7479,0.0543
6,0,10,10,0.7516,0.8050,0.9743,0.7189,0.0832
6,0,10,11,0.7591,0.8281,0.9904,0.7196,0.0665
6,0,11,0,0.7588,0.8261,0.9979,0.6809,0.0287
6,0,11,1,0.7927,0.8334,0.9806,0.7583,0.0641
6,0,11,2,0.7636,0.8117,0.9796,0.7297,0.0778
6,0,11,3,0.7890,0.8487,0.9883,0.7356,0.0238
6,0,11,4,0.8119,0.8444,0.9857,0.7767,0.0559
6,0,11,5,0.7645,0.8153,0.9755,0.7292,0.0741
6,0,11,6,0.7569,0.8084,0.9767,0.7241,0.0821
6,0,11,7,0.7817,0.8296,0.9865,0.7452,0.0646
6,0,11,8,0.4405,0.6270,0.9480,0.2801,0.0132
6,0,11,9,0.7563,0.8101,0.9762,0.7232,0.0813
6,0,11,10,0.8477,0.8959,0.9928,0.8115,0.0329
6,0,11,11,0.8358,0.8897,0.9878,0.7986,0.0335
6,1,0,0,0.8634,0.8604,0.9829,0.8445,0.0651
6,1,0,1,0.1486,0.1922,0.8683,0.0333,0.0314
6,1,0,2,0.7838,0.7877,1.0000,0.7434,0.0586
6,1,0,3,0.2544,0.2566,0.8545,0.1374,0.0092
6,1,0,4,0.5121,0.4714,0.9670,0.4135,0.0413
6,1,0,5,0.2722,0.2688,0.8175,0.1546,0.0100
6,1,0,6,0.7993,0.7944,0.9924,0.7637,0.0654
6,1,0,7,0.6330,0.6240,0.9974,0.5553,0.0663
6,1,0,8,0.6428,0.6729,0.9994,0.5693,0.0544
6,1,0,9,0.8309,0.8294,0.9873,0.8049,0.0706
6,1,0,10,0.7656,0.7533,0.9972,0.7230,0.0722
6,1,0,11,0.8475,0.8354,0.9857,0.8265,0.0687
6,1,1,0,0.6721,0.6569,0.9975,0.6059,0.0559
6,1,1,1,0.8171,0.8148,0.9999,0.7844,0.0575
6,1,1,2,0.7854,0.7796,0.9970,0.7454,0.0587
6,1,1,3,0.9071,0.8793,0.9934,0.8970,0.0516
6,1,1,4,0.9376,0.9358,0.9993,0.9293,0.0410
6,1,1,5,0.8178,0.7828,0.9975,0.7847,0.0438
6,1,1,6,0.8798,0.8494,0.9724,0.8591,0.0229
6,1,1,7,0.9399,0.9409,1.0000,0.9311,0.0363
6,1,1,8,0.9152,0.9150,0.9995,0.9019,0.0371
6,1,1,9,0.9520,0.9511,0.9940,0.9442,0.0224
6,1,1,10,0.2737,0.4748,0.9967,0.1057,0.0702
6,1,1,11,0.3723,0.3251,0.8501,0.2637,0.0157
6,1,2,0,0.7814,0.7439,0.9996,0.7404,0.0530
6,1,2,1,0.9653,0.9683,0.9968,0.9599,0.0140
6,1,2,2,0.4739,0.4819,0.9660,0.3760,0.0284
6,1,2,3,0.7113,0.6957,0.9991,0.6536,0.0627
6,1,2,4,0.7410,0.7826,0.9976,0.6924,0.0375
6,1,2,5,0.6233,0.6283,0.9979,0.5491,0.0443
6,1,2,6,0.9331,0.9404,0.9948,0.9219,0.0154
6,1,2,7,0.6580,0.6193,0.9974,0.5851,0.0757
6,1,2,8,0.5828,0.6776,0.9913,0.5016,0.0368
6,1,2,9,0.6259,0.5928,0.9862,0.5521,0.0432
6,1,2,10,0.8293,0.8067,0.9974,0.8013,0.0652
6,1,2,11,0.9648,0.9624,0.9979,0.9593,0.0241
6,1,3,0,0.9608,0.9689,0.9913,0.9567,0.0281
6,1,3,1,0.9264,0.9228,0.9930,0.9141,0.0224
6,1,3,2,0.6126,0.5846,0.9954,0.5332,0.0506
6,1,3,3,0.8450,0.8527,0.9891,0.8178,0.0244
6,1,3,4,0.9666,0.9697,0.9942,0.9628,0.0265
6,1,3,5,0.9445,0.9573,1.0000,0.9356,0.0211
6,1,3,6,0.7444,0.7200,0.9895,0.6949,0.0551
6,1,3,7,0.7231,0.6545,0.9456,0.6714,0.0387
6,1,3,8,0.7902,0.7645,0.9998,0.7514,0.0441
6,1,3,9,0.7547,0.7461,0.9936,0.7093,0.0351
6,1,3,10,0.9513,0.9410,0.9891,0.9434,0.0167
6,1,3,11,0.6947,0.7657,0.9937,0.6360,0.0378
6,1,4,0,0.6588,0.8057,0.9166,0.6038,0.0113
6,1,4,1,0.8469,0.8414,0.9979,0.8201,0.0249
6,1,4,2,0.9672,0.9718,0.9978,0.9625,0.0176
6,1,4,3,0.9078,0.8917,0.9943,0.8923,0.0263
6,1,4,4,0.9713,0.9754,0.9984,0.9668,0.0140
6,1,4,5,0.9035,0.8867,0.9978,0.8871,0.0281
6,1,4,6,0.9471,0.9450,0.9991,0.9398,0.0327
6,1,4,7,0.5738,0.5434,0.9504,0.4926,0.0330
6,1,4,8,0.9576,0.9670,0.9975,0.9507,0.0130
6,1,4,9,0.8063,0.8121,0.9951,0.7708,0.0503
6,1,4,10,0.9656,0.9701,0.9930,0.9611,0.0203
6,1,4,11,0.2910,0.4108,0.7769,0.1970,0.0332
6,1,5,0,0.9669,0.9730,0.9913,0.9626,0.0200
6,1,5,1,0.9631,0.9663,0.9927,0.9600,0.0332
6,1,5,2,0.8872,0.9292,0.9881,0.8681,0.0333
6,1,5,3,0.9300,0.9359,0.9881,0.9192,0.0306
6,1,5,4,0.9085,0.9014,0.9999,0.8944,0.0403
6,1,5,5,0.9660,0.9720,0.9956,0.9620,0.0238
6,1,5,6,0.9391,0.9369,0.9997,0.9290,0.0127
6,1,5,7,0.9451,0.9413,0.9996,0.9360,0.0108
6,1,5,8,0.9636,0.9651,0.9986,0.9577,0.0083
6,1,5,9,0.9695,0.9714,0.9937,0.9658,0.0237
6,1,5,10,0.9035,0.8877,0.9821,0.8872,0.0271
6,1,5,11,0.9702,0.9748,0.9996,0.9654,0.0124
6,1,6,0,0.7923,0.8560,0.9940,0.7537,0.0510
6,1,6,1,1.0000,1.0000,1.0000,1.0000,0.0000
6,1,6,2,0.9653,0.9706,0.9956,0.9598,0.0156
6,1,6,3,0.9003,0.9012,0.9951,0.8838,0.0389
6,1,6,4,0.9415,0.9603,0.9999,0.9320,0.0221
6,1,6,5,0.9737,0.9714,0.9987,0.9695,0.0202
6,1,6,6,0.9660,0.9626,0.9977,0.9605,0.0090
6,1,6,7,0.9156,0.9085,0.9809,0.9014,0.0259
6,1,6,8,0.9354,0.9238,0.9960,0.9249,0.0254
6,1,6,9,0.9639,0.9671,0.9927,0.9608,0.0329
6,1,6,10,0.9699,0.9725,0.9943,0.9662,0.0238
6,1,6,11,0.9395,0.9323,1.0000,0.9295,0.0135
6,1,7,0,0.9342,0.9304,0.9977,0.9234,0.0108
6,1,7,1,0.9631,0.9672,0.9921,0.9587,0.0243
6,1,7,2,0.9632,0.9663,0.9927,0.9600,0.0332
6,1,7,3,0.9548,0.9555,0.9982,0.9476,0.0232
6,1,7,4,0.9648,0.9785,0.9993,0.9594,0.0100
6,1,7,5,0.9729,0.9761,0.9996,0.9685,0.0159
6,1,7,6,0.9677,0.9702,0.9948,0.9629,0.0148
6,1,7,7,0.9654,0.9686,0.9938,0.9619,0.0306
6,1,7,8,0.9076,0.8756,0.9913,0.8921,0.0129
6,1,7,9,0.9691,0.9741,0.9992,0.9642,0.0110
6,1,7,10,0.9638,0.9670,0.9928,0.9606,0.0332
6,1,7,11,0.9655,0.9681,0.9933,0.9624,0.0319
6,1,8,0,0.9716,0.9755,0.9991,0.9673,0.0117
6,1,8,1,0.9661,0.9680,0.9929,0.9631,0.0321
6,1,8,2,0.9484,0.9481,0.9980,0.9401,0.0224
6,1,8,3,0.9473,0.9414,0.9845,0.9394,0.0124
6,1,8,4,0.9330,0.9217,0.9999,0.9219,0.0217
6,1,8,5,0.8917,0.8829,0.9931,0.8747,0.0463
6,1,8,6,0.9906,0.9862,0.9947,0.9894,0.0138
6,1,8,7,0.9354,0.9423,0.9996,0.9248,0.0073
6,1,8,8,0.8498,0.8436,0.9832,0.8234,0.0241
6,1,8,9,0.9634,0.9634,0.9935,0.9577,0.0103
6,1,8,10,0.9708,0.9664,0.9970,0.9665,0.0211
6,1,8,11,0.9736,0.9742,0.9932,0.9693,0.0083
6,1,9,0,0.9685,0.9626,0.9891,0.9635,0.0087
6,1,9,1,0.9652,0.9679,0.9928,0.9619,0.0311
6,1,9,2,0.9675,0.9701,0.9931,0.9642,0.0298
6,1,9,3,0.9152,0.9125,0.9994,0.9009,0.0210
6,1,9,4,0.9636,0.9676,0.9934,0.9598,0.0286
6,1,9,5,0.9678,0.9704,0.9930,0.9630,0.0125
6,1,9,6,0.9633,0.9667,0.9928,0.9601,0.0327
6,1,9,7,0.9696,0.9675,0.9897,0.9647,0.0086
6,1,9,8,0.9732,0.9729,0.9930,0.9701,0.0225
6,1,9,9,0.9633,0.9667,0.9928,0.9601,0.0330
6,1,9,10,0.8799,0.8914,0.9964,0.8591,0.0252
6,1,9,11,0.9644,0.9673,0.9928,0.9612,0.0321
6,1,10,0,0.9747,0.9750,0.9935,0.9715,0.0206
6,1,10,1,0.9649,0.9682,0.9938,0.9616,0.0317
6,1,10,2,0.9645,0.9679,0.9935,0.9609,0.0298
6,1,10,3,0.9622,0.9658,0.9922,0.9572,0.0213
6,1,10,4,0.9819,0.9814,0.9971,0.9791,0.0103
6,1,10,5,0.8786,0.9039,0.9944,0.8588,0.0133
6,1,10,6,0.9661,0.9693,0.9938,0.9629,0.0311
6,1,10,7,0.9733,0.9739,0.9944,0.9697,0.0187
6,1,10,8,0.9652,0.9692,0.9940,0.9618,0.0303
6,1,10,9,0.8512,0.8146,0.9665,0.8271,0.0103
6,1,10,10,0.9646,0.9674,0.9931,0.9614,0.0325
6,1,10,11,0.9416,0.9457,0.9996,0.9332,0.0156
6,1,11,0,0.6864,0.6759,0.9990,0.6217,0.0708
6,1,11,1,0.9614,0.9649,0.9962,0.9557,0.0160
6,1,11,2,0.9681,0.9710,0.9957,0.9646,0.0271
6,1,11,3,0.9209,0.9237,0.9991,0.9082,0.0322
6,1,11,4,0.9701,0.9738,0.9982,0.9653,0.0176
6,1,11,5,0.9696,0.9717,0.9937,0.9660,0.0235
6,1,11,6,0.9648,0.9684,0.9944,0.9614,0.0314
6,1,11,7,0.9585,0.9652,0.9985,0.9524,0.0156
6,1,11,8,0.2485,0.4842,0.9772,0.0891,0.0517
6,1,11,9,0.9660,0.9689,0.9941,0.9627,0.0306
6,1,11,10,0.9533,0.9632,0.9999,0.9463,0.0251
6,1,11,11,0.9377,0.9549,0.9989,0.9275,0.0210
6,2,0,0,0.8676,0.8452,0.9615,0.8509,0.0711
6,2,0,1,0.1548,0.1906,0.9108,0.0417,0.0235
6,2,0,2,0.7966,0.7927,0.9954,0.7604,0.0649
6,2,0,3,0.2599,0.2533,0.8992,0.1453,0.0187
6,2,0,4,0.4923,0.4562,0.9865,0.3912,0.0486
6,2,0,5,0.2902,0.2627,0.8677,0.1769,0.0217
6,2,0,6,0.8010,0.7794,0.9766,0.7671,0.0721
6,2,0,7,0.6399,0.6290,0.9863,0.5655,0.0730
6,2,0,8,0.6510,0.6781,0.9982,0.5809,0.0608
6,2,0,9,0.8472,0.8386,0.9681,0.8269,0.0763
6,2,0,10,0.7921,0.7532,0.9859,0.7585,0.0783
6,2,0,11,0.8582,0.8455,0.9656,0.8415,0.0748
6,2,1,0,0.6975,0.6602,0.9998,0.6385,0.0619
6,2,1,1,0.8531,0.8458,0.9942,0.8298,0.0635
6,2,1,2,0.8256,0.8259,0.9999,0.7958,0.0648
6,2,1,3,0.9243,0.8838,0.9784,0.9193,0.0579
6,2,1,4,0.9655,0.9630,0.9915,0.9635,0.0410
6,2,1,5,0.8621,0.8114,0.9998,0.8393,0.0505
6,2,1,6,0.9298,0.8799,0.9899,0.9185,0.0219
6,2,1,7,0.9664,0.9678,0.9960,0.9633,0.0367
6,2,1,8,0.9558,0.9544,0.9980,0.9513,0.0410
6,2,1,9,0.9868,0.9883,0.9999,0.9853,0.0195
6,2,1,10,0.2441,0.4821,0.9999,0.0711,0.0762
6,2,1,11,0.4095,0.3240,0.8955,0.3088,0.0281
6,2,2,0,0.8051,0.7630,0.9925,0.7706,0.0594
6,2,2,1,0.9973,0.9972,0.9999,0.9968,0.0044
6,2,2,2,0.4669,0.4702,0.9859,0.3690,0.0363
6,2,2,3,0.7319,0.7000,0.9987,0.6806,0.0684
6,2,2,4,0.7791,0.7966,0.9997,0.7391,0.0467
6,2,2,5,0.6553,0.6526,0.9996,0.5891,0.0522
6,2,2,6,0.9680,0.9777,1.0000,0.9632,0.0217
6,2,2,7,0.6743,0.6358,0.9864,0.6079,0.0824
6,2,2,8,0.5436,0.6957,0.9992,0.4558,0.0448
6,2,2,9,0.6131,0.5792,0.9973,0.5379,0.0502
6,2,2,10,0.8548,0.8255,0.9862,0.8345,0.0713
6,2,2,11,0.9931,0.9905,0.9996,0.9928,0.0190
6,2,3,0,0.9921,0.9915,0.9993,0.9921,0.0205
6,2,3,1,0.9746,0.9688,0.9997,0.9713,0.0265
6,2,3,2,0.6004,0.5750,1.0000,0.5198,0.0573
6,2,3,3,0.8141,0.8345,0.9985,0.7818,0.0343
6,2,3,4,0.9937,0.9934,0.9999,0.9936,0.0186
6,2,3,5,0.9769,0.9746,0.9950,0.9741,0.0252
6,2,3,6,0.7699,0.7357,0.9987,0.7275,0.0621
6,2,3,7,0.6987,0.6509,0.9718,0.6431,0.0457
6,2,3,8,0.7989,0.7676,0.9971,0.7627,0.0540
6,2,3,9,0.7342,0.7323,0.9998,0.6857,0.0427
6,2,3,10,0.9801,0.9684,0.9985,0.9774,0.0208
6,2,3,11,0.6717,0.7498,0.9998,0.6095,0.0460
6,2,4,0,0.5804,0.8149,0.9499,0.5135,0.0221
6,2,4,1,0.8934,0.8786,0.9996,0.8756,0.0329
6,2,4,2,0.9965,0.9960,0.9996,0.9961,0.0087
6,2,4,3,0.9030,0.8972,0.9999,0.8871,0.0330
6,2,4,4,0.9973,0.9965,0.9993,0.9969,0.0041
6,2,4,5,0.9309,0.8963,0.9996,0.9201,0.0367
6,2,4,6,0.9552,0.9563,0.9909,0.9500,0.0378
6,2,4,7,0.5970,0.5571,0.9752,0.5216,0.0416
6,2,4,8,0.9880,0.9877,0.9998,0.9861,0.0098
6,2,4,9,0.7864,0.8099,0.9815,0.7475,0.0573
6,2,4,10,0.9953,0.9949,0.9997,0.9950,0.0140
6,2,4,11,0.2611,0.3923,0.8322,0.1642,0.0252
6,2,5,0,0.9894,0.9905,0.9992,0.9883,0.0165
6,2,5,1,0.9899,0.9884,0.9996,0.9902,0.0252
6,2,5,2,0.8634,0.8949,0.9694,0.8403,0.0419
6,2,5,3,0.9469,0.9268,0.9695,0.9400,0.0386
6,2,5,4,0.9064,0.8912,0.9945,0.8926,0.0479
6,2,5,5,0.9929,0.9920,1.0000,0.9926,0.0175
6,2,5,6,0.9611,0.9460,0.9976,0.9549,0.0232
6,2,5,7,0.9627,0.9462,0.9926,0.9568,0.0200
6,2,5,8,0.9744,0.9649,0.9992,0.9703,0.0137
6,2,5,9,0.9950,0.9949,0.9998,0.9948,0.0157
6,2,5,10,0.9085,0.8985,0.9954,0.8936,0.0351
6,2,5,11,0.9873,0.9868,0.9979,0.9855,0.0143
6,2,6,0,0.8036,0.8397,0.9794,0.7685,0.0595
6,2,6,1,0.9653,0.9706,0.9956,0.9598,0.0156
6,2,6,2,1.0000,1.0000,1.0000,1.0000,0.0000
6,2,6,3,0.8923,0.9095,1.0000,0.8748,0.0462
6,2,6,4,0.9790,0.9749,0.9971,0.9765,0.0249
6,2,6,5,0.9930,0.9928,0.9991,0.9924,0.0148
6,2,6,6,0.9814,0.9792,0.9997,0.9786,0.0113
6,2,6,7,0.9236,0.9253,0.9948,0.9113,0.0325
6,2,6,8,0.9336,0.9263,1.0000,0.9232,0.0333
6,2,6,9,0.9903,0.9890,0.9996,0.9905,0.0249
6,2,6,10,0.9939,0.9942,0.9999,0.9936,0.0159
6,2,6,11,0.9716,0.9530,0.9954,0.9675,0.0211
6,2,7,0,0.9595,0.9378,0.9997,0.9531,0.0213
6,2,7,1,0.9922,0.9917,0.9995,0.9918,0.0179
6,2,7,2,0.9902,0.9887,0.9996,0.9904,0.0252
6,2,7,3,0.9703,0.9780,0.9994,0.9662,0.0244
6,2,7,4,0.9840,0.9823,0.9984,0.9816,0.0141
6,2,7,5,0.9939,0.9926,0.9979,0.9931,0.0102
6,2,7,6,0.9961,0.9978,1.0000,0.9956,0.0052
6,2,7,7,0.9922,0.9914,0.9998,0.9922,0.0227
6,2,7,8,0.9266,0.8970,0.9993,0.9147,0.0176
6,2,7,9,0.9945,0.9944,0.9986,0.9937,0.0071
6,2,7,10,0.9901,0.9889,0.9996,0.9903,0.0252
6,2,7,11,0.9914,0.9903,0.9997,0.9916,0.0240
6,2,8,0,0.9879,0.9884,0.9987,0.9860,0.0095
6,2,8,1,0.9909,0.9896,0.9997,0.9911,0.0241
6,2,8,2,0.9754,0.9801,0.9996,0.9722,0.0256
6,2,8,3,0.9846,0.9717,0.9966,0.9824,0.0149
6,2,8,4,0.9386,0.9157,0.9970,0.9289,0.0303
6,2,8,5,0.9112,0.8857,0.9779,0.8993,0.0527
6,2,8,6,0.9807,0.9849,1.0000,0.9780,0.0160
6,2,8,7,0.9693,0.9525,0.9980,0.9644,0.0171
6,2,8,8,0.8120,0.8254,0.9960,0.7793,0.0330
6,2,8,9,0.9907,0.9915,0.9998,0.9892,0.0084
6,2,8,10,0.9832,0.9827,0.9999,0.9815,0.0221
6,2,8,11,0.9884,0.9917,0.9997,0.9865,0.0102
6,2,9,0,0.9857,0.9812,0.9985,0.9834,0.0132
6,2,9,1,0.9920,0.9907,0.9997,0.9922,0.0232
6,2,9,2,0.9919,0.9918,0.9997,0.9919,0.0219
6,2,9,3,0.9304,0.9223,0.9982,0.9192,0.0311
6,2,9,4,0.9920,0.9913,0.9998,0.9919,0.0206
6,2,9,5,0.9965,0.9961,0.9997,0.9960,0.0078
6,2,9,6,0.9905,0.9894,0.9997,0.9907,0.0248
6,2,9,7,0.9889,0.9903,0.9987,0.9872,0.0121
6,2,9,8,0.9941,0.9939,0.9997,0.9938,0.0152
6,2,9,9,0.9904,0.9890,0.9996,0.9907,0.0251
6,2,9,10,0.9271,0.8869,1.0000,0.9154,0.0344
6,2,9,11,0.9915,0.9904,0.9996,0.9918,0.0241
6,2,10,0,0.9918,0.9932,0.9998,0.9910,0.0156
6,2,10,1,0.9911,0.9903,0.9998,0.9912,0.0238
6,2,10,2,0.9929,0.9925,0.9998,0.9930,0.0219
6,2,10,3,0.9950,0.9951,0.9995,0.9947,0.0140
6,2,10,4,0.9935,0.9957,0.9999,0.9925,0.0068
6,2,10,5,0.9490,0.9314,0.9999,0.9408,0.0251
6,2,10,6,0.9911,0.9903,0.9998,0.9911,0.0232
6,2,10,7,0.9958,0.9956,0.9999,0.9954,0.0111
6,2,10,8,0.9918,0.9911,0.9999,0.9918,0.0224
6,2,10,9,0.9067,0.8425,0.9862,0.8919,0.0068
6,2,10,10,0.9906,0.9894,0.9997,0.9908,0.0246
6,2,10,11,0.9575,0.9428,0.9979,0.9515,0.0200
6,2,11,0,0.7112,0.6806,0.9904,0.6547,0.0775
6,2,11,1,0.9973,0.9966,1.0000,0.9970,0.0065
6,2,11,2,0.9924,0.9913,1.0000,0.9922,0.0192
6,2,11,3,0.9076,0.9174,0.9988,0.8929,0.0392
6,2,11,4,0.9975,0.9962,0.9994,0.9971,0.0062
6,2,11,5,0.9934,0.9937,0.9998,0.9930,0.0168
6,2,11,6,0.9918,0.9905,0.9999,0.9919,0.0235
6,2,11,7,0.9951,0.9926,0.9992,0.9945,0.0079
6,2,11,8,0.2296,0.5090,0.9927,0.0682,0.0600
6,2,11,9,0.9918,0.9908,0.9999,0.9919,0.0227
6,2,11,10,0.9676,0.9656,0.9966,0.9637,0.0289
6,2,11,11,0.9557,0.9455,0.9989,0.9491,0.0279
6,3,0,0,0.8930,0.8868,0.9599,0.8658,0.0329
6,3,0,1,0.2214,0.2847,0.9132,0.0943,0.0697
6,3,0,2,0.8968,0.9034,0.9948,0.8703,0.0254
6,3,0,3,0.3446,0.3632,0.9018,0.2204,0.0437
6,3,0,4,0.6016,0.5913,0.9875,0.5005,0.0170
6,3,0,5,0.3580,0.3705,0.8706,0.2322,0.0359
6,3,0,6,0.8602,0.8535,0.9753,0.8232,0.0316
6,3,0,7,0.7769,0.7779,0.9853,0.7153,0.0313
6,3,0,8,0.7858,0.8326,0.9978,0.7287,0.0235
6,3,0,9,0.9130,0.9088,0.9666,0.8925,0.0403
6,3,0,10,0.8584,0.8360,0.9849,0.8215,0.0397
6,3,0,11,0.9181,0.9053,0.9641,0.8997,0.0387
6,3,1,0,0.7663,0.7902,0.9996,0.7044,0.0243
6,3,1,1,0.9030,0.9156,0.9936,0.8782,0.0243
6,3,1,2,0.9014,0.9110,0.9998,0.8762,0.0262
6,3,1,3,0.8899,0.8698,0.9771,0.8615,0.0333
6,3,1,4,0.9280,0.9323,0.9907,0.9102,0.0290
6,3,1,5,0.8764,0.8686,0.9996,0.8453,0.0163
6,3,1,6,0.8841,0.8965,0.9908,0.8592,0.0256
6,3,1,7,0.9482,0.9512,0.9955,0.9359,0.0260
6,3,1,8,0.9312,0.9401,0.9976,0.9145,0.0192
6,3,1,9,0.9222,0.9262,1.0000,0.9066,0.0289
6,3,1,10,0.3995,0.6299,0.9998,0.2273,0.0402
6,3,1,11,0.4478,0.4208,0.8981,0.3315,0.0279
6,3,2,0,0.8704,0.8570,0.9918,0.8368,0.0211
6,3,2,1,0.8964,0.9066,0.9998,0.8802,0.0471
6,3,2,2,0.5998,0.6452,0.9869,0.5079,0.0181
6,3,2,3,0.7873,0.8123,0.9984,0.7296,0.0302
6,3,2,4,0.8127,0.8845,0.9995,0.7674,0.0122
6,3,2,5,0.8119,0.8259,0.9994,0.7647,0.0137
6,3,2,6,0.9156,0.9268,1.0000,0.8986,0.0267
6,3,2,7,0.7829,0.7640,0.9854,0.7214,0.0416
6,3,2,8,0.6153,0.7839,0.9995,0.5211,0.0151
6,3,2,9,0.7847,0.7732,0.9978,0.7306,0.0141
6,3,2,10,0.8941,0.8929,0.9852,0.8672,0.0337
6,3,2,11,0.9077,0.9184,0.9994,0.8885,0.0338
6,3,3,0,0.8482,0.8767,0.9995,0.8300,0.0663
6,3,3,1,0.9018,0.9221,0.9998,0.8808,0.0222
6,3,3,2,0.6619,0.7012,1.0000,0.5724,0.0222
6,3,3,3,0.7811,0.8782,0.9988,0.7324,0.0230
6,3,3,4,0.8660,0.8800,1.0000,0.8498,0.0648
6,3,3,5,0.9090,0.9305,0.9944,0.8894,0.0254
6,3,3,6,0.8274,0.8429,0.9990,0.7820,0.0216
6,3,3,7,0.7930,0.7574,0.9732,0.7437,0.0154
6,3,3,8,0.8472,0.8567,0.9967,0.8096,0.0189
6,3,3,9,0.7090,0.7749,0.9999,0.6399,0.0159
6,3,3,10,0.9028,0.9144,0.9988,0.8831,0.0308
6,3,3,11,0.6907,0.8261,0.9999,0.6143,0.0148
6,3,4,0,0.5603,0.8172,0.9517,0.4753,0.0368
6,3,4,1,0.8655,0.9141,0.9994,0.8360,0.0159
6,3,4,2,0.8706,0.8824,0.9995,0.8514,0.0543
6,3,4,3,0.8945,0.9003,1.0000,0.8704,0.0167
6,3,4,4,0.8812,0.9003,0.9991,0.8616,0.0475
6,3,4,5,0.8494,0.8891,0.9994,0.8154,0.0159
6,3,4,6,0.9519,0.9427,0.9901,0.9404,0.0179
6,3,4,7,0.6824,0.6818,0.9765,0.6069,0.0154
6,3,4,8,0.8984,0.9161,0.9996,0.8806,0.0392
6,3,4,9,0.8249,0.8487,0.9803,0.7796,0.0165
6,3,4,10,0.8711,0.8930,0.9998,0.8537,0.0586
6,3,4,11,0.3881,0.5600,0.8355,0.2923,0.0714
6,3,5,0,0.8852,0.8930,0.9995,0.8707,0.0583
6,3,5,1,0.8462,0.8653,0.9998,0.8298,0.0714
6,3,5,2,0.8552,0.8654,0.9680,0.8203,0.0186
6,3,5,3,0.8707,0.8923,0.9680,0.8399,0.0149
6,3,5,4,0.9058,0.8910,0.9939,0.8824,0.0116
6,3,5,5,0.8530,0.8806,1.0000,0.8340,0.0621
6,3,5,6,0.8489,0.8932,0.9972,0.8196,0.0325
6,3,5,7,0.8462,0.8567,0.9918,0.8156,0.0344
6,3,5,8,0.8647,0.8807,0.9989,0.8403,0.0405
6,3,5,9,0.8738,0.8837,0.9999,0.8578,0.0619
6,3,5,10,0.9217,0.9351,0.9959,0.9038,0.0140
6,3,5,11,0.8986,0.9091,0.9974,0.8791,0.0348
6,3,6,0,0.7727,0.8467,0.9782,0.7139,0.0197
6,3,6,1,0.9003,0.9012,0.9951,0.8838,0.0389
6,3,6,2,0.8923,0.9095,1.0000,0.8748,0.0462
6,3,6,3,1.0000,1.0000,1.0000,1.0000,0.0000
6,3,6,4,0.9121,0.9399,0.9966,0.8932,0.0251
6,3,6,5,0.9199,0.9320,0.9989,0.9041,0.0337
6,3,6,6,0.8940,0.9063,0.9995,0.8744,0.0378
6,3,6,7,0.9570,0.9606,0.9954,0.9477,0.0171
6,3,6,8,0.9225,0.9532,1.0000,0.9054,0.0176
6,3,6,9,0.8482,0.8671,0.9998,0.8317,0.0711
6,3,6,10,0.8737,0.8872,1.0000,0.8576,0.0621
6,3,6,11,0.8719,0.9091,0.9948,0.8451,0.0286
6,3,7,0,0.8272,0.8619,0.9995,0.7946,0.0354
6,3,7,1,0.8581,0.8805,0.9996,0.8398,0.0625
6,3,7,2,0.8468,0.8658,0.9998,0.8303,0.0714
6,3,7,3,0.9381,0.9399,0.9992,0.9251,0.0230
6,3,7,4,0.8643,0.8873,0.9981,0.8420,0.0454
6,3,7,5,0.9036,0.9122,0.9975,0.8857,0.0376
6,3,7,6,0.8919,0.9093,1.0000,0.8759,0.0511
6,3,7,7,0.8574,0.8744,0.9999,0.8410,0.0689
6,3,7,8,0.8812,0.8604,0.9995,0.8576,0.0317
6,3,7,9,0.8975,0.9204,0.9982,0.8803,0.0432
6,3,7,10,0.8471,0.8664,0.9998,0.8304,0.0714
6,3,7,11,0.8529,0.8705,0.9999,0.8365,0.0702
6,3,8,0,0.8751,0.8894,0.9984,0.8550,0.0497
6,3,8,1,0.8516,0.8687,0.9998,0.8351,0.0703
6,3,8,2,0.9315,0.9397,0.9994,0.9171,0.0238
6,3,8,3,0.8755,0.9035,0.9970,0.8563,0.0506
6,3,8,4,0.8616,0.8720,0.9966,0.8314,0.0222
6,3,8,5,0.8949,0.9179,0.9766,0.8683,0.0157
6,3,8,6,0.8981,0.9015,1.0000,0.8843,0.0521
6,3,8,7,0.8325,0.8619,0.9976,0.8011,0.0370
6,3,8,8,0.9630,0.9615,0.9965,0.9550,0.0173
6,3,8,9,0.8890,0.9007,0.9999,0.8710,0.0457
6,3,8,10,0.9416,0.9477,0.9997,0.9293,0.0260
6,3,8,11,0.9197,0.9246,0.9998,0.9069,0.0424
6,3,9,0,0.8925,0.9194,0.9988,0.8751,0.0441
6,3,9,1,0.8531,0.8715,0.9998,0.8366,0.0694
6,3,9,2,0.8596,0.8772,0.9998,0.8434,0.0681
6,3,9,3,0.9073,0.9221,0.9979,0.8873,0.0227
6,3,9,4,0.8569,0.8741,0.9999,0.8401,0.0668
6,3,9,5,0.8930,0.9124,0.9998,0.8772,0.0508
6,3,9,6,0.8478,0.8670,0.9998,0.8312,0.0710
6,3,9,7,0.9132,0.9273,0.9990,0.8993,0.0417
6,3,9,8,0.8796,0.8922,0.9998,0.8646,0.0608
6,3,9,9,0.8474,0.8665,0.9998,0.8308,0.0713
6,3,9,10,0.8450,0.8858,0.9999,0.8107,0.0156
6,3,9,11,0.8522,0.8706,0.9998,0.8358,0.0703
6,3,10,0,0.8824,0.8951,0.9999,0.8671,0.0589
6,3,10,1,0.8512,0.8690,0.9999,0.8343,0.0700
6,3,10,2,0.8565,0.8762,0.9999,0.8398,0.0681
6,3,10,3,0.8693,0.8890,0.9997,0.8517,0.0595
6,3,10,4,0.9056,0.9150,0.9997,0.8912,0.0473
6,3,10,5,0.8203,0.8889,1.0000,0.7864,0.0316
6,3,10,6,0.8533,0.8711,0.9999,0.8366,0.0694
6,3,10,7,0.8777,0.8931,1.0000,0.8607,0.0570
6,3,10,8,0.8529,0.8717,0.9999,0.8358,0.0686
6,3,10,9,0.8107,0.8014,0.9872,0.7756,0.0432
6,3,10,10,0.8491,0.8672,0.9998,0.8324,0.0708
6,3,10,11,0.8004,0.8168,0.9975,0.7688,0.0541
6,3,11,0,0.8405,0.8393,0.9896,0.7977,0.0357
6,3,11,1,0.8750,0.8908,0.9999,0.8561,0.0514
6,3,11,2,0.8573,0.8717,1.0000,0.8395,0.0654
6,3,11,3,0.9566,0.9564,0.9984,0.9464,0.0140
6,3,11,4,0.8869,0.8946,0.9992,0.8670,0.0425
6,3,11,5,0.8731,0.8853,0.9999,0.8571,0.0617
6,3,11,6,0.8516,0.8694,1.0000,0.8345,0.0697
6,3,11,7,0.8620,0.8826,0.9990,0.8407,0.0522
6,3,11,8,0.3752,0.6567,0.9934,0.2117,0.0208
6,3,11,9,0.8541,0.8712,1.0000,0.8373,0.0689
6,3,11,10,0.9153,0.9311,0.9961,0.8963,0.0202
6,3,11,11,0.9093,0.9212,0.9986,0.8898,0.0211
6,4,0,0,0.9013,0.8907,0.9798,0.8824,0.0478
6,4,0,1,0.2132,0.2665,0.8764,0.0939,0.0484
6,4,0,2,0.8356,0.8541,0.9998,0.7979,0.0413
6,4,0,3,0.3252,0.3390,0.8630,0.2063,0.0237
6,4,0,4,0.5605,0.5525,0.9711,0.4583,0.0246
6,4,0,5,0.3544,0.3491,0.8270,0.2370,0.0171
6,4,0,6,0.8551,0.8543,0.9902,0.8231,0.0484
6,4,0,7,0.7007,0.7109,0.9960,0.6259,0.0497
6,4,0,8,0.6916,0.7610,0.9999,0.6168,0.0375
6,4,0,9,0.8835,0.8859,0.9845,0.8607,0.0527
6,4,0,10,0.8443,0.8204,0.9958,0.8109,0.0543
6,4,0,11,0.8869,0.8936,0.9827,0.8655,0.0508
6,4,1,0,0.7484,0.7362,0.9985,0.6886,0.0392
6,4,1,1,0.8802,0.8878,0.9995,0.8539,0.0405
6,4,1,2,0.8534,0.8624,0.9982,0.8202,0.0417
6,4,1,3,0.9403,0.9099,0.9913,0.9305,0.0330
6,4,1,4,0.9672,0.9706,0.9985,0.9608,0.0205
6,4,1,5,0.8829,0.8645,0.9985,0.8571,0.0278
6,4,1,6,0.9439,0.9117,0.9762,0.9325,0.0062
6,4,1,7,0.9699,0.9739,0.9999,0.9637,0.0175
6,4,1,8,0.9585,0.9581,0.9999,0.9500,0.0192
6,4,1,9,0.9741,0.9700,0.9957,0.9691,0.0070
6,4,1,10,0.3404,0.5474,0.9979,0.1667,0.0557
6,4,1,11,0.4748,0.4096,0.8587,0.3722,0.0178
6,4,2,0,0.8409,0.8190,0.9990,0.8046,0.0367
6,4,2,1,0.9758,0.9713,0.9980,0.9730,0.0259
6,4,2,2,0.5288,0.5698,0.9702,0.4289,0.0187
6,4,2,3,0.7713,0.7677,0.9997,0.7165,0.0454
6,4,2,4,0.8311,0.8547,0.9986,0.7940,0.0268
6,4,2,5,0.7035,0.7240,0.9988,0.6358,0.0311
6,4,2,6,0.9549,0.9651,0.9963,0.9461,0.0086
6,4,2,7,0.7395,0.7071,0.9961,0.6741,0.0578
6,4,2,8,0.5987,0.7531,0.9933,0.5085,0.0227
6,4,2,9,0.6853,0.6755,0.9888,0.6131,0.0278
6,4,2,10,0.8940,0.8765,0.9960,0.8728,0.0473
6,4,2,11,0.9818,0.9782,0.9988,0.9782,0.0103
6,4,3,0,0.9604,0.9583,0.9933,0.9589,0.0451
6,4,3,1,0.9658,0.9610,0.9948,0.9589,0.0121
6,4,3,2,0.6393,0.6536,0.9969,0.5526,0.0349
6,4,3,3,0.8295,0.8902,0.9914,0.7943,0.0214
6,4,3,4,0.9611,0.9568,0.9959,0.9590,0.0435
6,4,3,5,0.9764,0.9773,0.9997,0.9716,0.0083
6,4,3,6,0.7995,0.7927,0.9918,0.7527,0.0381
6,4,3,7,0.7118,0.7212,0.9509,0.6487,0.0271
6,4,3,8,0.8189,0.8249,1.0000,0.7785,0.0367
6,4,3,9,0.7478,0.7817,0.9953,0.6929,0.0251
6,4,3,10,0.9678,0.9701,0.9914,0.9616,0.0159
6,4,3,11,0.7117,0.8041,0.9955,0.6467,0.0249
6,4,4,0,0.5863,0.8300,0.9231,0.5115,0.0248
6,4,4,1,0.9026,0.9060,0.9989,0.8826,0.0178
6,4,4,2,0.9662,0.9624,0.9988,0.9627,0.0330
6,4,4,3,0.8749,0.9123,0.9960,0.8486,0.0129
6,4,4,4,0.9756,0.9739,0.9992,0.9726,0.0252
6,4,4,5,0.9225,0.9243,0.9988,0.9062,0.0225
6,4,4,6,0.9529,0.9599,0.9983,0.9430,0.0154
6,4,4,7,0.6491,0.6327,0.9554,0.5724,0.0224
6,4,4,8,0.9774,0.9790,0.9985,0.9740,0.0179
6,4,4,9,0.8073,0.8500,0.9933,0.7628,0.0340
6,4,4,10,0.9686,0.9671,0.9948,0.9665,0.0373
6,4,4,11,0.3179,0.4859,0.7873,0.2171,0.0502
6,4,5,0,0.9696,0.9641,0.9933,0.9678,0.0370
6,4,5,1,0.9539,0.9488,0.9946,0.9527,0.0502
6,4,5,2,0.8830,0.9213,0.9854,0.8575,0.0230
6,4,5,3,0.9453,0.9405,0.9854,0.9338,0.0181
6,4,5,4,0.9034,0.9051,0.9996,0.8824,0.0252
6,4,5,5,0.9623,0.9613,0.9970,0.9601,0.0408
6,4,5,6,0.9602,0.9663,1.0000,0.9531,0.0217
6,4,5,7,0.9488,0.9431,0.9990,0.9392,0.0157
6,4,5,8,0.9606,0.9593,0.9993,0.9542,0.0224
6,4,5,9,0.9651,0.9598,0.9955,0.9629,0.0406
6,4,5,10,0.8985,0.9159,0.9851,0.8771,0.0165
6,4,5,11,0.9648,0.9735,0.9999,0.9584,0.0148
6,4,6,0,0.8405,0.8751,0.9920,0.8043,0.0406
6,4,6,1,0.9415,0.9603,0.9999,0.9320,0.0221
6,4,6,2,0.9790,0.9749,0.9971,0.9765,0.0249
6,4,6,3,0.9121,0.9399,0.9966,0.8932,0.0251
6,4,6,4,1.0000,1.0000,1.0000,1.0000,0.0000
6,4,6,5,0.9825,0.9817,0.9994,0.9793,0.0114
6,4,6,6,0.9669,0.9743,0.9987,0.9612,0.0159
6,4,6,7,0.9396,0.9505,0.9840,0.9271,0.0187
6,4,6,8,0.9383,0.9602,0.9973,0.9255,0.0183
6,4,6,9,0.9549,0.9505,0.9946,0.9536,0.0498
6,4,6,10,0.9640,0.9615,0.9959,0.9617,0.0408
6,4,6,11,0.9675,0.9681,0.9998,0.9611,0.0127
6,4,7,0,0.9425,0.9428,0.9987,0.9325,0.0205
6,4,7,1,0.9588,0.9587,0.9940,0.9559,0.0413
6,4,7,2,0.9541,0.9491,0.9946,0.9528,0.0502
6,4,7,3,0.9508,0.9649,0.9991,0.9408,0.0084
6,4,7,4,0.9481,0.9575,0.9998,0.9405,0.0248
6,4,7,5,0.9751,0.9740,0.9999,0.9708,0.0160
6,4,7,6,0.9710,0.9722,0.9963,0.9680,0.0298
6,4,7,7,0.9580,0.9539,0.9955,0.9561,0.0476
6,4,7,8,0.9041,0.8946,0.9934,0.8857,0.0130
6,4,7,9,0.9731,0.9787,0.9997,0.9693,0.0216
6,4,7,10,0.9545,0.9501,0.9946,0.9530,0.0502
6,4,7,11,0.9564,0.9521,0.9951,0.9548,0.0489
6,4,8,0,0.9670,0.9725,0.9996,0.9628,0.0271
6,4,8,1,0.9555,0.9511,0.9948,0.9539,0.0490
6,4,8,2,0.9646,0.9716,0.9989,0.9574,0.0079
6,4,8,3,0.9699,0.9608,0.9873,0.9667,0.0300
6,4,8,4,0.9355,0.9398,1.0000,0.9223,0.0152
6,4,8,5,0.9367,0.9349,0.9910,0.9238,0.0284
6,4,8,6,0.9489,0.9567,0.9963,0.9426,0.0308
6,4,8,7,0.9515,0.9485,0.9999,0.9432,0.0205
6,4,8,8,0.8564,0.8878,0.9861,0.8266,0.0170
6,4,8,9,0.9624,0.9659,0.9952,0.9571,0.0244
6,4,8,10,0.9792,0.9828,0.9982,0.9749,0.0076
6,4,8,11,0.9745,0.9754,0.9950,0.9710,0.0217
6,4,9,0,0.9726,0.9789,0.9914,0.9691,0.0241
6,4,9,1,0.9571,0.9525,0.9947,0.9555,0.0481
6,4,9,2,0.9592,0.9570,0.9949,0.9575,0.0468
6,4,9,3,0.9509,0.9555,0.9999,0.9408,0.0170
6,4,9,4,0.9574,0.9532,0.9952,0.9553,0.0456
6,4,9,5,0.9813,0.9773,0.9948,0.9801,0.0295
6,4,9,6,0.9543,0.9500,0.9947,0.9529,0.0497
6,4,9,7,0.9726,0.9738,0.9919,0.9688,0.0211
6,4,9,8,0.9614,0.9604,0.9948,0.9586,0.0395
6,4,9,9,0.9546,0.9496,0.9946,0.9533,0.0500
6,4,9,10,0.9233,0.9185,0.9977,0.9074,0.0187
6,4,9,11,0.9565,0.9519,0.9947,0.9551,0.0490
6,4,10,0,0.9664,0.9662,0.9953,0.9639,0.0376
6,4,10,1,0.9557,0.9520,0.9955,0.9540,0.0487
6,4,10,2,0.9572,0.9547,0.9952,0.9552,0.0468
6,4,10,3,0.9623,0.9604,0.9942,0.9592,0.0383
6,4,10,4,0.9728,0.9749,0.9982,0.9695,0.0260
6,4,10,5,0.9284,0.9259,0.9960,0.9159,0.0233
6,4,10,6,0.9572,0.9531,0.9955,0.9555,0.0481
6,4,10,7,0.9664,0.9645,0.9960,0.9634,0.0357
6,4,10,8,0.9582,0.9540,0.9957,0.9565,0.0473
6,4,10,9,0.8810,0.8365,0.9707,0.8600,0.0210
6,4,10,10,0.9550,0.9502,0.9949,0.9535,0.0495
6,4,10,11,0.9308,0.9239,0.9999,0.9217,0.0335
6,4,11,0,0.7769,0.7603,0.9981,0.7229,0.0532
6,4,11,1,0.9694,0.9640,0.9975,0.9662,0.0302
6,4,11,2,0.9594,0.9543,0.9971,0.9570,0.0441
6,4,11,3,0.9349,0.9606,0.9996,0.9211,0.0197
6,4,11,4,0.9756,0.9712,0.9991,0.9720,0.0210
6,4,11,5,0.9633,0.9601,0.9955,0.9609,0.0405
6,4,11,6,0.9574,0.9522,0.9960,0.9557,0.0484
6,4,11,7,0.9679,0.9624,0.9993,0.9645,0.0310
6,4,11,8,0.3171,0.5652,0.9806,0.1526,0.0386
6,4,11,9,0.9567,0.9531,0.9957,0.9548,0.0476
6,4,11,10,0.9602,0.9738,1.0000,0.9519,0.0116
6,4,11,11,0.9546,0.9643,0.9995,0.9454,0.0110
6,5,0,0,0.8976,0.8750,0.9722,0.8810,0.0567
6,5,0,1,0.2035,0.2428,0.8927,0.0874,0.0383
6,5,0,2,0.8357,0.8342,0.9985,0.8013,0.0502
6,5,0,3,0.3144,0.3091,0.8801,0.1984,0.0233
6,5,0,4,0.5579,0.5177,0.9788,0.4602,0.0344
6,5,0,5,0.3388,0.3164,0.8461,0.2234,0.0206
6,5,0,6,0.8402,0.8242,0.9847,0.8079,0.0579
6,5,0,7,0.6977,0.6873,0.9923,0.6272,0.0583
6,5,0,8,0.6980,0.7306,0.9998,0.6293,0.0467
6,5,0,9,0.8812,0.8716,0.9778,0.8614,0.0616
6,5,0,10,0.8311,0.7969,0.9921,0.7983,0.0635
6,5,0,11,0.8944,0.8807,0.9757,0.8790,0.0600
6,5,1,0,0.7465,0.7152,0.9998,0.6903,0.0475
6,5,1,1,0.8846,0.8823,0.9978,0.8623,0.0490
6,5,1,2,0.8636,0.8660,0.9997,0.8359,0.0503
6,5,1,3,0.9387,0.9005,0.9862,0.9312,0.0432
6,5,1,4,0.9805,0.9795,0.9961,0.9784,0.0262
6,5,1,5,0.8883,0.8546,0.9998,0.8660,0.0376
6,5,1,6,0.9332,0.8918,0.9831,0.9203,0.0097
6,5,1,7,0.9803,0.9827,0.9989,0.9774,0.0222
6,5,1,8,0.9705,0.9714,0.9998,0.9659,0.0262
6,5,1,9,0.9911,0.9912,0.9983,0.9895,0.0073
6,5,1,10,0.2997,0.5295,0.9995,0.1233,0.0637
6,5,1,11,0.4520,0.3762,0.8760,0.3494,0.0235
6,5,2,0,0.8472,0.8128,0.9968,0.8155,0.0452
6,5,2,1,0.9933,0.9935,0.9996,0.9929,0.0160
6,5,2,2,0.5272,0.5336,0.9780,0.4314,0.0263
6,5,2,3,0.7715,0.7426,1.0000,0.7208,0.0537
6,5,2,4,0.8148,0.8369,0.9998,0.7765,0.0360
6,5,2,5,0.6993,0.7071,0.9999,0.6343,0.0403
6,5,2,6,0.9758,0.9848,0.9987,0.9712,0.0108
6,5,2,7,0.7301,0.6890,0.9925,0.6676,0.0676
6,5,2,8,0.6014,0.7419,0.9968,0.5161,0.0319
6,5,2,9,0.6734,0.6406,0.9934,0.6024,0.0367
6,5,2,10,0.8938,0.8699,0.9923,0.8758,0.0565
6,5,2,11,0.9959,0.9950,0.9999,0.9952,0.0059
6,5,3,0,0.9776,0.9784,0.9968,0.9774,0.0349
6,5,3,1,0.9808,0.9780,0.9978,0.9771,0.0184
6,5,3,2,0.6494,0.6254,0.9990,0.5699,0.0448
6,5,3,3,0.8439,0.8694,0.9953,0.8133,0.0262
6,5,3,4,0.9822,0.9804,0.9984,0.9822,0.0333
6,5,3,5,0.9813,0.9801,0.9983,0.9778,0.0114
6,5,3,6,0.8117,0.7794,0.9956,0.7713,0.0473
6,5,3,7,0.7457,0.7003,0.9611,0.6930,0.0354
6,5,3,8,0.8343,0.8147,0.9994,0.7999,0.0443
6,5,3,9,0.7683,0.7706,0.9981,0.7205,0.0321
6,5,3,10,0.9850,0.9801,0.9953,0.9822,0.0140
6,5,3,11,0.7148,0.7927,0.9982,0.6540,0.0341
6,5,4,0,0.6067,0.8354,0.9359,0.5383,0.0267
6,5,4,1,0.9092,0.9019,0.9999,0.8915,0.0248
6,5,4,2,0.9862,0.9854,0.9999,0.9853,0.0229
6,5,4,3,0.9218,0.9174,0.9985,0.9064,0.0198
6,5,4,4,0.9921,0.9918,1.0000,0.9913,0.0154
6,5,4,5,0.9425,0.9191,0.9999,0.9313,0.0279
6,5,4,6,0.9743,0.9742,0.9957,0.9700,0.0230
6,5,4,7,0.6546,0.6194,0.9651,0.5827,0.0306
6,5,4,8,0.9879,0.9899,0.9998,0.9860,0.0119
6,5,4,9,0.8266,0.8445,0.9886,0.7900,0.0432
6,5,4,10,0.9854,0.9854,0.9978,0.9850,0.0275
6,5,4,11,0.3177,0.4500,0.8083,0.2207,0.0400
6,5,5,0,0.9816,0.9809,0.9968,0.9808,0.0278
6,5,5,1,0.9749,0.9730,0.9976,0.9754,0.0400
6,5,5,2,0.8899,0.9116,0.9789,0.8677,0.0316
6,5,5,3,0.9579,0.9438,0.9789,0.9502,0.0273
6,5,5,4,0.9279,0.9128,0.9980,0.9142,0.0348
6,5,5,5,0.9806,0.9791,0.9991,0.9802,0.0306
6,5,5,6,0.9673,0.9606,0.9996,0.9614,0.0237
6,5,5,7,0.9614,0.9482,0.9968,0.9543,0.0167
6,5,5,8,0.9704,0.9603,1.0000,0.9655,0.0176
6,5,5,9,0.9848,0.9828,0.9982,0.9847,0.0305
6,5,5,10,0.9253,0.9148,0.9905,0.9107,0.0238
6,5,5,11,0.9883,0.9895,0.9997,0.9862,0.0110
6,5,6,0,0.8286,0.8595,0.9870,0.7924,0.0498
6,5,6,1,0.9737,0.9714,0.9987,0.9695,0.0202
6,5,6,2,0.9930,0.9928,0.9991,0.9924,0.0148
6,5,6,3,0.9199,0.9320,0.9989,0.9041,0.0337
6,5,6,4,0.9825,0.9817,0.9994,0.9793,0.0114
6,5,6,5,1.0000,1.0000,1.0000,1.0000,0.0000
6,5,6,6,0.9857,0.9853,0.9999,0.9833,0.0133
6,5,6,7,0.9425,0.9413,0.9896,0.9313,0.0238
6,5,6,8,0.9591,0.9554,0.9993,0.9513,0.0227
6,5,6,9,0.9757,0.9744,0.9976,0.9762,0.0397
6,5,6,10,0.9840,0.9832,0.9985,0.9837,0.0306
6,5,6,11,0.9775,0.9690,0.9985,0.9732,0.0165
6,5,7,0,0.9553,0.9424,0.9999,0.9476,0.0195
6,5,7,1,0.9792,0.9797,0.9972,0.9785,0.0314
6,5,7,2,0.9752,0.9734,0.9976,0.9757,0.0400
6,5,7,3,0.9784,0.9838,1.0000,0.9743,0.0119
6,5,7,4,0.9757,0.9772,0.9999,0.9723,0.0187
6,5,7,5,0.9911,0.9915,0.9997,0.9895,0.0084
6,5,7,6,0.9899,0.9917,0.9987,0.9893,0.0197
6,5,7,7,0.9790,0.9776,0.9982,0.9792,0.0375
6,5,7,8,0.9351,0.9108,0.9968,0.9230,0.0114
6,5,7,9,0.9902,0.9926,0.9999,0.9889,0.0114
6,5,7,10,0.9755,0.9740,0.9976,0.9758,0.0400
6,5,7,11,0.9777,0.9760,0.9979,0.9780,0.0387
6,5,8,0,0.9828,0.9832,1.0000,0.9807,0.0186
6,5,8,1,0.9771,0.9750,0.9977,0.9774,0.0389
6,5,8,2,0.9861,0.9888,0.9999,0.9835,0.0124
6,5,8,3,0.9761,0.9645,0.9922,0.9732,0.0256
6,5,8,4,0.9457,0.9294,0.9994,0.9353,0.0210
6,5,8,5,0.9348,0.9176,0.9858,0.9233,0.0379
6,5,8,6,0.9803,0.9788,0.9987,0.9786,0.0263
6,5,8,7,0.9597,0.9525,0.9998,0.9528,0.0183
6,5,8,8,0.8492,0.8532,0.9913,0.8194,0.0243
6,5,8,9,0.9851,0.9866,0.9980,0.9832,0.0159
6,5,8,10,0.9896,0.9874,0.9997,0.9877,0.0095
6,5,8,11,0.9885,0.9871,0.9979,0.9869,0.0141
6,5,9,0,0.9816,0.9772,0.9953,0.9791,0.0190
6,5,9,1,0.9784,0.9766,0.9977,0.9788,0.0379
6,5,9,2,0.9794,0.9783,0.9978,0.9795,0.0367
6,5,9,3,0.9460,0.9417,0.9998,0.9356,0.0233
6,5,9,4,0.9789,0.9772,0.9980,0.9789,0.0354
6,5,9,5,0.9913,0.9902,0.9977,0.9909,0.0200
6,5,9,6,0.9757,0.9743,0.9977,0.9761,0.0395
6,5,9,7,0.9882,0.9856,0.9957,0.9866,0.0157
6,5,9,8,0.9858,0.9832,0.9978,0.9858,0.0294
6,5,9,9,0.9755,0.9737,0.9976,0.9760,0.0398
6,5,9,10,0.9362,0.9122,0.9994,0.9238,0.0254
6,5,9,11,0.9775,0.9758,0.9977,0.9779,0.0389
6,5,10,0,0.9839,0.9828,0.9980,0.9833,0.0278
6,5,10,1,0.9772,0.9759,0.9982,0.9774,0.0386
6,5,10,2,0.9793,0.9789,0.9980,0.9795,0.0367
6,5,10,3,0.9837,0.9846,0.9973,0.9831,0.0281
6,5,10,4,0.9925,0.9923,0.9997,0.9920,0.0159
6,5,10,5,0.9431,0.9382,0.9985,0.9333,0.0252
6,5,10,6,0.9775,0.9758,0.9982,0.9777,0.0379
6,5,10,7,0.9872,0.9869,0.9985,0.9867,0.0256
6,5,10,8,0.9784,0.9774,0.9983,0.9785,0.0371
6,5,10,9,0.9031,0.8547,0.9784,0.8864,0.0137
6,5,10,10,0.9763,0.9744,0.9978,0.9767,0.0394
6,5,10,11,0.9426,0.9298,0.9997,0.9349,0.0303
6,5,11,0,0.7498,0.7230,0.9953,0.6930,0.0627
6,5,11,1,0.9888,0.9881,0.9993,0.9880,0.0200
6,5,11,2,0.9800,0.9777,0.9992,0.9797,0.0340
6,5,11,3,0.9341,0.9378,1.0000,0.9213,0.0279
6,5,11,4,0.9905,0.9891,1.0000,0.9891,0.0117
6,5,11,5,0.9837,0.9821,0.9982,0.9835,0.0310
6,5,11,6,0.9778,0.9761,0.9985,0.9780,0.0383
6,5,11,7,0.9846,0.9833,1.0000,0.9833,0.0214
6,5,11,8,0.2822,0.5553,0.9868,0.1169,0.0478
6,5,11,9,0.9784,0.9769,0.9984,0.9786,0.0375
6,5,11,10,0.9772,0.9787,0.9992,0.9730,0.0176
6,5,11,11,0.9604,0.9572,1.0000,0.9528,0.0176
6,6,0,0,0.8682,0.8476,0.9681,0.8470,0.0624
6,6,0,1,0.2534,0.3012,0.9001,0.1486,0.0335
6,6,0,2,0.8065,0.8171,0.9975,0.7681,0.0565
6,6,0,3,0.3455,0.3630,0.8880,0.2389,0.0122
6,6,0,4,0.5455,0.5333,0.9821,0.4496,0.0386
6,6,0,5,0.3720,0.3716,0.8549,0.2665,0.0146
6,6,0,6,0.8263,0.8240,0.9817,0.7939,0.0627
6,6,0,7,0.6637,0.6634,0.9901,0.5889,0.0646
6,6,0,8,0.6927,0.7299,0.9994,0.6269,0.0517
6,6,0,9,0.8578,0.8488,0.9741,0.8352,0.0679
6,6,0,10,0.8182,0.7964,0.9898,0.7861,0.0695
6,6,0,11,0.8746,0.8627,0.9719,0.8572,0.0660
6,6,1,0,0.6918,0.6937,1.0000,0.6262,0.0541
6,6,1,1,0.8550,0.8539,0.9966,0.8282,0.0557
6,6,1,2,0.8386,0.8425,1.0000,0.8078,0.0570
6,6,1,3,0.9318,0.8974,0.9832,0.9251,0.0479
6,6,1,4,0.9645,0.9607,0.9944,0.9603,0.0363
6,6,1,5,0.8885,0.8720,1.0000,0.8684,0.0411
6,6,1,6,0.9095,0.8870,0.9861,0.8930,0.0170
6,6,1,7,0.9618,0.9590,0.9980,0.9560,0.0327
6,6,1,8,0.9503,0.9501,0.9993,0.9426,0.0344
6,6,1,9,0.9779,0.9733,0.9992,0.9741,0.0178
6,6,1,10,0.2939,0.5223,0.9999,0.1235,0.0684
6,6,1,11,0.4840,0.4322,0.8840,0.3911,0.0175
6,6,2,0,0.8142,0.7960,0.9953,0.7775,0.0513
6,6,2,1,0.9862,0.9799,0.9999,0.9842,0.0116
6,6,2,2,0.4731,0.5309,0.9814,0.3706,0.0273
6,6,2,3,0.7316,0.7106,0.9997,0.6747,0.0606
6,6,2,4,0.7807,0.8174,1.0000,0.7376,0.0376
6,6,2,5,0.6537,0.6651,1.0000,0.5822,0.0432
6,6,2,6,0.9679,0.9700,0.9994,0.9623,0.0140
6,6,2,7,0.7075,0.6764,0.9902,0.6434,0.0730
6,6,2,8,0.5528,0.7219,0.9980,0.4613,0.0351
6,6,2,9,0.6139,0.6085,0.9952,0.5335,0.0414
6,6,2,10,0.8645,0.8465,0.9901,0.8420,0.0625
6,6,2,11,0.9857,0.9818,1.0000,0.9834,0.0163
6,6,3,0,0.9752,0.9738,0.9980,0.9738,0.0302
6,6,3,1,0.9673,0.9602,0.9988,0.9617,0.0194
6,6,3,2,0.6035,0.6083,0.9996,0.5174,0.0479
6,6,3,3,0.8338,0.8762,0.9968,0.8028,0.0249
6,6,3,4,0.9798,0.9706,0.9992,0.9785,0.0286
6,6,3,5,0.9554,0.9642,0.9972,0.9476,0.0187
6,6,3,6,0.7618,0.7533,0.9971,0.7128,0.0533
6,6,3,7,0.7145,0.6760,0.9656,0.6581,0.0373
6,6,3,8,0.8008,0.8008,0.9987,0.7615,0.0449
6,6,3,9,0.7305,0.7512,0.9990,0.6775,0.0333
6,6,3,10,0.9836,0.9789,0.9968,0.9808,0.0127
6,6,3,11,0.6647,0.7692,0.9990,0.5963,0.0367
6,6,4,0,0.5940,0.8271,0.9417,0.5259,0.0162
6,6,4,1,0.8844,0.8787,1.0000,0.8631,0.0241
6,6,4,2,0.9812,0.9745,1.0000,0.9789,0.0181
6,6,4,3,0.8919,0.8916,0.9993,0.8718,0.0243
6,6,4,4,0.9834,0.9836,0.9999,0.9809,0.0106
6,6,4,5,0.9130,0.9132,1.0000,0.8971,0.0276
6,6,4,6,0.9506,0.9440,0.9940,0.9425,0.0300
6,6,4,7,0.6377,0.6317,0.9694,0.5657,0.0319
6,6,4,8,0.9781,0.9813,1.0000,0.9744,0.0106
6,6,4,9,0.7796,0.8181,0.9860,0.7350,0.0483
6,6,4,10,0.9814,0.9789,0.9988,0.9797,0.0224
6,6,4,11,0.2589,0.4627,0.8181,0.1568,0.0352
6,6,5,0,0.9794,0.9739,0.9980,0.9775,0.0221
6,6,5,1,0.9746,0.9650,0.9986,0.9739,0.0352
6,6,5,2,0.8691,0.8926,0.9753,0.8444,0.0316
6,6,5,3,0.9274,0.9254,0.9753,0.9146,0.0286
6,6,5,4,0.8982,0.8871,0.9968,0.8798,0.0383
6,6,5,5,0.9759,0.9716,0.9997,0.9740,0.0259
6,6,5,6,0.9517,0.9606,0.9990,0.9433,0.0135
6,6,5,7,0.9494,0.9407,0.9953,0.9405,0.0090
6,6,5,8,0.9621,0.9558,0.9999,0.9557,0.0081
6,6,5,9,0.9813,0.9720,0.9990,0.9799,0.0257
6,6,5,10,0.8866,0.8919,0.9926,0.8655,0.0251
6,6,5,11,0.9845,0.9860,0.9992,0.9818,0.0068
6,6,6,0,0.7988,0.8423,0.9842,0.7586,0.0492
6,6,6,1,0.9660,0.9626,0.9977,0.9605,0.0090
6,6,6,2,0.9814,0.9792,0.9997,0.9786,0.0113
6,6,6,3,0.8940,0.9063,0.9995,0.8744,0.0378
6,6,6,4,0.9669,0.9743,0.9987,0.9612,0.0159
6,6,6,5,0.9857,0.9853,0.9999,0.9833,0.0133
6,6,6,6,1.0000,1.0000,1.0000,1.0000,0.0000
6,6,6,7,0.9188,0.9160,0.9919,0.9040,0.0244
6,6,6,8,0.9233,0.9393,0.9998,0.9093,0.0249
6,6,6,9,0.9760,0.9672,0.9986,0.9754,0.0349
6,6,6,10,0.9828,0.9749,0.9993,0.9815,0.0259
6,6,6,11,0.9607,0.9647,0.9975,0.9538,0.0117
6,6,7,0,0.9464,0.9432,1.0000,0.9373,0.0132
6,6,7,1,0.9759,0.9715,0.9983,0.9738,0.0263
6,6,7,2,0.9747,0.9652,0.9986,0.9740,0.0352
6,6,7,3,0.9557,0.9569,1.0000,0.9478,0.0205
6,6,7,4,0.9598,0.9646,0.9995,0.9536,0.0114
6,6,7,5,0.9785,0.9757,0.9992,0.9747,0.0090
6,6,7,6,0.9839,0.9781,0.9994,0.9819,0.0149
6,6,7,7,0.9775,0.9684,0.9991,0.9765,0.0327
6,6,7,8,0.9185,0.8875,0.9980,0.9040,0.0105
6,6,7,9,0.9814,0.9784,0.9996,0.9784,0.0105
6,6,7,10,0.9755,0.9665,0.9986,0.9748,0.0352
6,6,7,11,0.9769,0.9679,0.9989,0.9761,0.0340
6,6,8,0,0.9899,0.9858,0.9997,0.9885,0.0125
6,6,8,1,0.9761,0.9671,0.9987,0.9752,0.0341
6,6,8,2,0.9713,0.9695,1.0000,0.9663,0.0210
6,6,8,3,0.9628,0.9613,0.9942,0.9573,0.0157
6,6,8,4,0.9508,0.9305,0.9986,0.9420,0.0206
6,6,8,5,0.9033,0.9001,0.9828,0.8866,0.0437
6,6,8,6,0.9710,0.9687,0.9994,0.9672,0.0171
6,6,8,7,0.9537,0.9499,0.9993,0.9458,0.0094
6,6,8,8,0.8263,0.8397,0.9934,0.7937,0.0233
6,6,8,9,0.9753,0.9713,0.9989,0.9715,0.0102
6,6,8,10,0.9765,0.9739,1.0000,0.9726,0.0140
6,6,8,11,0.9797,0.9761,0.9988,0.9764,0.0078
6,6,9,0,0.9744,0.9767,0.9968,0.9704,0.0098
6,6,9,1,0.9769,0.9682,0.9987,0.9761,0.0332
6,6,9,2,0.9784,0.9712,0.9988,0.9774,0.0319
6,6,9,3,0.9410,0.9405,0.9994,0.9304,0.0217
6,6,9,4,0.9757,0.9681,0.9989,0.9742,0.0306
6,6,9,5,0.9818,0.9823,0.9987,0.9794,0.0146
6,6,9,6,0.9751,0.9659,0.9987,0.9743,0.0348
6,6,9,7,0.9688,0.9726,0.9971,0.9638,0.0081
6,6,9,8,0.9805,0.9727,0.9987,0.9789,0.0246
6,6,9,9,0.9749,0.9656,0.9986,0.9741,0.0351
6,6,9,10,0.9002,0.9085,0.9999,0.8818,0.0263
6,6,9,11,0.9763,0.9673,0.9987,0.9754,0.0341
6,6,10,0,0.9823,0.9754,0.9990,0.9807,0.0227
6,6,10,1,0.9766,0.9676,0.9991,0.9757,0.0338
6,6,10,2,0.9774,0.9689,0.9989,0.9763,0.0319
6,6,10,3,0.9786,0.9715,0.9984,0.9765,0.0233
6,6,10,4,0.9874,0.9825,1.0000,0.9856,0.0111
6,6,10,5,0.9048,0.9182,0.9993,0.8886,0.0192
6,6,10,6,0.9769,0.9680,0.9991,0.9760,0.0332
6,6,10,7,0.9822,0.9774,0.9993,0.9804,0.0208
6,6,10,8,0.9782,0.9698,0.9991,0.9774,0.0324
6,6,10,9,0.8869,0.8411,0.9818,0.8679,0.0063
6,6,10,10,0.9757,0.9664,0.9988,0.9749,0.0346
6,6,10,11,0.9484,0.9320,0.9992,0.9413,0.0198
6,6,11,0,0.7131,0.7055,0.9936,0.6508,0.0681
6,6,11,1,0.9802,0.9741,0.9998,0.9776,0.0152
6,6,11,2,0.9792,0.9696,0.9997,0.9779,0.0292
6,6,11,3,0.9331,0.9357,0.9997,0.9213,0.0302
6,6,11,4,0.9830,0.9780,1.0000,0.9801,0.0114
6,6,11,5,0.9820,0.9736,0.9990,0.9807,0.0256
6,6,11,6,0.9765,0.9677,0.9993,0.9754,0.0335
6,6,11,7,0.9768,0.9751,0.9999,0.9737,0.0160
6,6,11,8,0.2848,0.5488,0.9894,0.1268,0.0510
6,6,11,9,0.9774,0.9685,0.9992,0.9764,0.0327
6,6,11,10,0.9681,0.9660,0.9983,0.9629,0.0205
6,6,11,11,0.9552,0.9496,0.9998,0.9472,0.0183
6,7,0,0,0.9046,0.8734,0.9284,0.8854,0.0449
6,7,0,1,0.2075,0.2972,0.9482,0.0854,0.0560
6,7,0,2,0.8536,0.8648,0.9804,0.8194,0.0384
6,7,0,3,0.3349,0.3754,0.9392,0.2159,0.0284
6,7,0,4,0.6000,0.5958,0.9981,0.5053,0.0208
6,7,0,5,0.3526,0.3799,0.9139,0.2331,0.0219
6,7,0,6,0.8607,0.8428,0.9495,0.8289,0.0446
6,7,0,7,0.7257,0.7444,0.9643,0.6560,0.0449
6,7,0,8,0.6918,0.7805,0.9869,0.6153,0.0337
6,7,0,9,0.8782,0.8731,0.9375,0.8523,0.0514
6,7,0,10,0.8321,0.8110,0.9637,0.7933,0.0524
6,7,0,11,0.8887,0.8759,0.9341,0.8664,0.0495
6,7,1,0,0.7531,0.7494,0.9923,0.6931,0.0357
6,7,1,1,0.8705,0.8863,0.9780,0.8407,0.0360
6,7,1,2,0.8538,0.8744,0.9930,0.8197,0.0386
6,7,1,3,0.9021,0.8669,0.9521,0.8811,0.0321
6,7,1,4,0.9418,0.9384,0.9730,0.9291,0.0287
6,7,1,5,0.8506,0.8388,0.9923,0.8163,0.0224
6,7,1,6,0.8814,0.8919,0.9992,0.8570,0.0179
6,7,1,7,0.9617,0.9542,0.9818,0.9535,0.0238
6,7,1,8,0.9276,0.9305,0.9864,0.9116,0.0224
6,7,1,9,0.9346,0.9296,0.9963,0.9216,0.0216
6,7,1,10,0.3592,0.5921,0.9935,0.1876,0.0497
6,7,1,11,0.4573,0.4318,0.9362,0.3496,0.0137
6,7,2,0,0.8271,0.8237,0.9748,0.7862,0.0316
6,7,2,1,0.9265,0.9240,0.9934,0.9150,0.0335
6,7,2,2,0.5631,0.6169,0.9978,0.4689,0.0105
6,7,2,3,0.7817,0.8100,0.9883,0.7282,0.0429
6,7,2,4,0.7694,0.8249,0.9920,0.7175,0.0176
6,7,2,5,0.7232,0.7669,0.9915,0.6588,0.0232
6,7,2,6,0.9225,0.9327,0.9956,0.9071,0.0159
6,7,2,7,0.7724,0.7470,0.9645,0.7152,0.0549
6,7,2,8,0.5913,0.7609,0.9980,0.4978,0.0173
6,7,2,9,0.8011,0.7849,0.9996,0.7550,0.0211
6,7,2,10,0.9084,0.8965,0.9642,0.8900,0.0451
6,7,2,11,0.9433,0.9394,0.9914,0.9318,0.0259
6,7,3,0,0.8955,0.9026,0.9980,0.8839,0.0527
6,7,3,1,0.9183,0.9213,0.9970,0.9015,0.0133
6,7,3,2,0.6539,0.7054,0.9950,0.5691,0.0295
6,7,3,3,0.7946,0.8556,0.9989,0.7515,0.0132
6,7,3,4,0.9055,0.9012,0.9961,0.8946,0.0511
6,7,3,5,0.9250,0.9398,0.9795,0.9095,0.0175
6,7,3,6,0.8237,0.8279,0.9987,0.7819,0.0337
6,7,3,7,0.8301,0.8190,0.9908,0.7924,0.0202
6,7,3,8,0.7885,0.8251,0.9842,0.7402,0.0230
6,7,3,9,0.7263,0.7676,0.9966,0.6655,0.0121
6,7,3,10,0.9373,0.9408,0.9989,0.9250,0.0168
6,7,3,11,0.6980,0.8135,0.9965,0.6285,0.0167
6,7,4,0,0.5865,0.8362,0.9768,0.5108,0.0219
6,7,4,1,0.8576,0.8626,0.9914,0.8279,0.0114
6,7,4,2,0.9114,0.9043,0.9917,0.8987,0.0410
6,7,4,3,0.9300,0.9443,0.9960,0.9150,0.0119
6,7,4,4,0.9157,0.9196,0.9903,0.9021,0.0335
6,7,4,5,0.8903,0.8943,0.9916,0.8668,0.0086
6,7,4,6,0.9627,0.9549,0.9720,0.9547,0.0189
6,7,4,7,0.6710,0.6853,0.9927,0.5978,0.0163
6,7,4,8,0.9188,0.9266,0.9923,0.9046,0.0259
6,7,4,9,0.8185,0.8609,0.9568,0.7757,0.0286
6,7,4,10,0.9043,0.9140,0.9970,0.8917,0.0449
6,7,4,11,0.3882,0.5540,0.8845,0.2972,0.0578
6,7,5,0,0.9175,0.9094,0.9980,0.9074,0.0446
6,7,5,1,0.8923,0.8898,0.9972,0.8818,0.0578
6,7,5,2,0.8635,0.8769,0.9393,0.8330,0.0176
6,7,5,3,0.8888,0.8941,0.9394,0.8643,0.0114
6,7,5,4,0.9316,0.9211,0.9786,0.9166,0.0183
6,7,5,5,0.8962,0.9029,0.9948,0.8834,0.0484
6,7,5,6,0.8866,0.8991,0.9853,0.8653,0.0179
6,7,5,7,0.8967,0.8870,0.9750,0.8769,0.0195
6,7,5,8,0.9012,0.8985,0.9898,0.8839,0.0256
6,7,5,9,0.9146,0.9065,0.9965,0.9044,0.0483
6,7,5,10,0.9358,0.9592,1.0000,0.9220,0.0070
6,7,5,11,0.9182,0.9238,0.9860,0.9028,0.0214
6,7,6,0,0.7873,0.8319,0.9537,0.7369,0.0302
6,7,6,1,0.9156,0.9085,0.9809,0.9014,0.0259
6,7,6,2,0.9236,0.9253,0.9948,0.9113,0.0325
6,7,6,3,0.9570,0.9606,0.9954,0.9477,0.0171
6,7,6,4,0.9396,0.9505,0.9840,0.9271,0.0187
6,7,6,5,0.9425,0.9413,0.9896,0.9313,0.0238
6,7,6,6,0.9188,0.9160,0.9919,0.9040,0.0244
6,7,6,7,1.0000,1.0000,1.0000,1.0000,0.0000
6,7,6,8,0.9299,0.9540,0.9944,0.9152,0.0059
6,7,6,9,0.8937,0.8913,0.9972,0.8832,0.0575
6,7,6,10,0.9123,0.9087,0.9961,0.9016,0.0484
6,7,6,11,0.8978,0.9165,0.9804,0.8773,0.0146
6,7,7,0,0.8802,0.8829,0.9919,0.8585,0.0202
6,7,7,1,0.9084,0.9126,0.9976,0.8975,0.0489
6,7,7,2,0.8932,0.8908,0.9972,0.8827,0.0578
6,7,7,3,0.9444,0.9490,0.9907,0.9330,0.0179
6,7,7,4,0.9061,0.9119,0.9874,0.8911,0.0317
6,7,7,5,0.9320,0.9278,0.9861,0.9196,0.0243
6,7,7,6,0.9333,0.9316,0.9956,0.9239,0.0375
6,7,7,7,0.9016,0.8989,0.9965,0.8911,0.0552
6,7,7,8,0.9342,0.9152,0.9980,0.9216,0.0181
6,7,7,9,0.9261,0.9288,0.9879,0.9138,0.0298
6,7,7,10,0.8933,0.8912,0.9972,0.8826,0.0578
6,7,7,11,0.8970,0.8940,0.9968,0.8864,0.0565
6,7,8,0,0.9070,0.9027,0.9884,0.8922,0.0363
6,7,8,1,0.8962,0.8928,0.9971,0.8855,0.0567
6,7,8,2,0.9370,0.9392,0.9913,0.9242,0.0187
6,7,8,3,0.8996,0.9257,0.9998,0.8843,0.0357
6,7,8,4,0.9053,0.8903,0.9839,0.8856,0.0076
6,7,8,5,0.8825,0.8881,0.9514,0.8558,0.0256
6,7,8,6,0.9193,0.9157,0.9957,0.9082,0.0384
6,7,8,7,0.8904,0.8887,0.9863,0.8707,0.0233
6,7,8,8,0.9159,0.9166,0.9999,0.8981,0.0075
6,7,8,9,0.9361,0.9366,0.9967,0.9262,0.0321
6,7,8,10,0.9612,0.9606,0.9930,0.9532,0.0171
6,7,8,11,0.9417,0.9338,0.9969,0.9324,0.0287
6,7,9,0,0.9253,0.9387,0.9989,0.9134,0.0305
6,7,9,1,0.8967,0.8954,0.9971,0.8859,0.0557
6,7,9,2,0.9022,0.9003,0.9970,0.8917,0.0544
6,7,9,3,0.8960,0.8943,0.9869,0.8744,0.0119
6,7,9,4,0.8986,0.8987,0.9967,0.8874,0.0532
6,7,9,5,0.9266,0.9320,0.9970,0.9160,0.0375
6,7,9,6,0.8944,0.8929,0.9971,0.8839,0.0573
6,7,9,7,0.9350,0.9470,0.9987,0.9245,0.0281
6,7,9,8,0.9124,0.9106,0.9970,0.9018,0.0471
6,7,9,9,0.8935,0.8912,0.9972,0.8829,0.0576
6,7,9,10,0.8681,0.8883,0.9939,0.8404,0.0098
6,7,9,11,0.8970,0.8944,0.9971,0.8865,0.0567
6,7,10,0,0.9239,0.9183,0.9967,0.9146,0.0452
6,7,10,1,0.8969,0.8948,0.9965,0.8862,0.0563
6,7,10,2,0.9015,0.9003,0.9967,0.8908,0.0544
6,7,10,3,0.9156,0.9152,0.9975,0.9050,0.0459
6,7,10,4,0.9324,0.9251,0.9929,0.9221,0.0337
6,7,10,5,0.8666,0.8974,0.9959,0.8424,0.0230
6,7,10,6,0.8985,0.8954,0.9964,0.8879,0.0557
6,7,10,7,0.9164,0.9151,0.9959,0.9052,0.0433
6,7,10,8,0.8977,0.8949,0.9963,0.8866,0.0549
6,7,10,9,0.8792,0.8499,0.9980,0.8579,0.0292
6,7,10,10,0.8944,0.8916,0.9969,0.8837,0.0571
6,7,10,11,0.8571,0.8466,0.9861,0.8356,0.0392
6,7,11,0,0.8098,0.8018,0.9711,0.7638,0.0497
6,7,11,1,0.9148,0.9159,0.9942,0.9023,0.0378
6,7,11,2,0.9006,0.8959,0.9947,0.8889,0.0517
6,7,11,3,0.9414,0.9370,0.9884,0.9286,0.0143
6,7,11,4,0.9198,0.9119,0.9907,0.9060,0.0308
6,7,11,5,0.9120,0.9080,0.9965,0.9014,0.0481
6,7,11,6,0.8969,0.8938,0.9960,0.8859,0.0560
6,7,11,7,0.9024,0.9082,0.9900,0.8878,0.0389
6,7,11,8,0.3084,0.6088,0.9998,0.1388,0.0303
6,7,11,9,0.8984,0.8962,0.9962,0.8875,0.0552
6,7,11,10,0.9398,0.9426,0.9829,0.9270,0.0129
6,7,11,11,0.9500,0.9415,0.9889,0.9397,0.0100
6,8,0,0,0.9018,0.8979,0.9625,0.8819,0.0451
6,8,0,1,0.1713,0.3247,0.9093,0.0435,0.0559
6,8,0,2,0.8445,0.8856,0.9957,0.8081,0.0386
6,8,0,3,0.2998,0.4059,0.8977,0.1746,0.0283
6,8,0,4,0.5974,0.6377,0.9860,0.5022,0.0210
6,8,0,5,0.3148,0.4114,0.8659,0.1883,0.0217
6,8,0,6,0.8491,0.8700,0.9773,0.8141,0.0448
6,8,0,7,0.7627,0.7765,0.9869,0.7035,0.0451
6,8,0,8,0.7130,0.8170,0.9984,0.6422,0.0338
6,8,0,9,0.8859,0.8938,0.9690,0.8625,0.0516
6,8,0,10,0.8195,0.8412,0.9865,0.7770,0.0525
6,8,0,11,0.8960,0.9027,0.9665,0.8760,0.0490
6,8,1,0,0.8227,0.8174,0.9998,0.7807,0.0356
6,8,1,1,0.8956,0.9119,0.9946,0.8724,0.0362
6,8,1,2,0.8704,0.8992,0.9999,0.8406,0.0384
6,8,1,3,0.9066,0.8814,0.9791,0.8869,0.0329
6,8,1,4,0.9453,0.9531,0.9919,0.9335,0.0270
6,8,1,5,0.8672,0.8878,0.9998,0.8369,0.0222
6,8,1,6,0.9005,0.8871,0.9894,0.8800,0.0171
6,8,1,7,0.9468,0.9597,0.9964,0.9353,0.0237
6,8,1,8,0.9378,0.9487,0.9982,0.9242,0.0216
6,8,1,9,0.9411,0.9402,0.9998,0.9295,0.0205
6,8,1,10,0.3520,0.6003,1.0000,0.1786,0.0492
6,8,1,11,0.4168,0.4666,0.8939,0.3012,0.0141
6,8,2,0,0.8840,0.8736,0.9929,0.8576,0.0317
6,8,2,1,0.9306,0.9287,1.0000,0.9198,0.0333
6,8,2,2,0.6585,0.6855,0.9853,0.5849,0.0106
6,8,2,3,0.8142,0.8198,0.9989,0.7695,0.0430
6,8,2,4,0.8597,0.8963,0.9998,0.8284,0.0159
6,8,2,5,0.7670,0.8079,0.9997,0.7130,0.0221
6,8,2,6,0.9209,0.9412,0.9999,0.9053,0.0144
6,8,2,7,0.7719,0.7678,0.9870,0.7148,0.0551
6,8,2,8,0.6859,0.8185,0.9991,0.6143,0.0162
6,8,2,9,0.7861,0.7794,0.9971,0.7365,0.0210
6,8,2,10,0.9038,0.9149,0.9868,0.8842,0.0452
6,8,2,11,0.9466,0.9458,0.9997,0.9359,0.0251
6,8,3,0,0.9033,0.9009,0.9991,0.8929,0.0525
6,8,3,1,0.9390,0.9443,0.9996,0.9264,0.0132
6,8,3,2,0.7238,0.7369,1.0000,0.6568,0.0297
6,8,3,3,0.8873,0.9235,0.9983,0.8636,0.0127
6,8,3,4,0.9086,0.8999,0.9998,0.8982,0.0510
6,8,3,5,0.9337,0.9403,0.9953,0.9199,0.0154
6,8,3,6,0.8720,0.8607,0.9985,0.8426,0.0335
6,8,3,7,0.8304,0.8098,0.9710,0.7927,0.0216
6,8,3,8,0.8610,0.8786,0.9974,0.8296,0.0232
6,8,3,9,0.8049,0.8262,0.9997,0.7617,0.0135
6,8,3,10,0.9370,0.9504,0.9983,0.9246,0.0160
6,8,3,11,0.7823,0.8533,0.9998,0.7325,0.0165
6,8,4,0,0.6236,0.8503,0.9488,0.5548,0.0217
6,8,4,1,0.9200,0.9159,0.9997,0.9034,0.0094
6,8,4,2,0.9170,0.9068,0.9997,0.9053,0.0411
6,8,4,3,0.9289,0.9364,0.9999,0.9137,0.0083
6,8,4,4,0.9303,0.9282,0.9994,0.9194,0.0337
6,8,4,5,0.9444,0.9432,0.9997,0.9326,0.0103
6,8,4,6,0.9528,0.9598,0.9914,0.9426,0.0178
6,8,4,7,0.6751,0.7196,0.9745,0.6028,0.0133
6,8,4,8,0.9355,0.9460,0.9998,0.9245,0.0254
6,8,4,9,0.8353,0.8828,0.9821,0.7968,0.0287
6,8,4,10,0.9150,0.9143,0.9996,0.9041,0.0448
6,8,4,11,0.4850,0.6116,0.8303,0.4096,0.0576
6,8,5,0,0.9154,0.9131,0.9991,0.9049,0.0448
6,8,5,1,0.9002,0.8883,0.9995,0.8910,0.0576
6,8,5,2,0.8645,0.9069,0.9703,0.8342,0.0165
6,8,5,3,0.9276,0.9230,0.9704,0.9117,0.0106
6,8,5,4,0.9209,0.9196,0.9949,0.9034,0.0181
6,8,5,5,0.9098,0.9015,1.0000,0.8992,0.0483
6,8,5,6,0.9541,0.9550,0.9978,0.9459,0.0184
6,8,5,7,0.9062,0.8979,0.9930,0.8883,0.0197
6,8,5,8,0.9127,0.9071,0.9993,0.8975,0.0257
6,8,5,9,0.9151,0.9049,0.9998,0.9049,0.0481
6,8,5,10,0.9261,0.9261,0.9950,0.9102,0.0071
6,8,5,11,0.9270,0.9338,0.9981,0.9133,0.0216
6,8,6,0,0.8323,0.8635,0.9801,0.7931,0.0303
6,8,6,1,0.9354,0.9238,0.9960,0.9249,0.0254
6,8,6,2,0.9336,0.9263,1.0000,0.9232,0.0333
6,8,6,3,0.9225,0.9532,1.0000,0.9054,0.0176
6,8,6,4,0.9383,0.9602,0.9973,0.9255,0.0183
6,8,6,5,0.9591,0.9554,0.9993,0.9513,0.0227
6,8,6,6,0.9233,0.9393,0.9998,0.9093,0.0249
6,8,6,7,0.9299,0.9540,0.9944,0.9152,0.0059
6,8,6,8,1.0000,1.0000,1.0000,1.0000,0.0000
6,8,6,9,0.9016,0.8910,0.9995,0.8923,0.0573
6,8,6,10,0.9148,0.9078,0.9999,0.9046,0.0486
6,8,6,11,0.9516,0.9537,0.9957,0.9420,0.0148
6,8,7,0,0.9187,0.9115,0.9998,0.9043,0.0203
6,8,7,1,0.9066,0.9032,0.9993,0.8955,0.0487
6,8,7,2,0.9005,0.8888,0.9995,0.8912,0.0576
6,8,7,3,0.9350,0.9434,0.9995,0.9217,0.0165
6,8,7,4,0.9168,0.9123,0.9986,0.9038,0.0316
6,8,7,5,0.9424,0.9370,0.9981,0.9319,0.0251
6,8,7,6,0.9275,0.9262,0.9999,0.9171,0.0376
6,8,7,7,0.9052,0.8960,0.9998,0.8953,0.0551
6,8,7,8,0.9009,0.8991,0.9991,0.8818,0.0183
6,8,7,9,0.9380,0.9362,0.9988,0.9279,0.0297
6,8,7,10,0.9010,0.8900,0.9995,0.8915,0.0576
6,8,7,11,0.9045,0.8930,0.9997,0.8951,0.0563
6,8,8,0,0.9207,0.9199,0.9989,0.9084,0.0365
6,8,8,1,0.9046,0.8919,0.9996,0.8952,0.0565
6,8,8,2,0.9444,0.9515,0.9997,0.9330,0.0167
6,8,8,3,0.9122,0.9097,0.9963,0.8990,0.0359
6,8,8,4,0.9147,0.9184,0.9973,0.8970,0.0078
6,8,8,5,0.9541,0.9459,0.9786,0.9448,0.0257
6,8,8,6,0.9279,0.9125,0.9999,0.9183,0.0386
6,8,8,7,0.9078,0.9065,0.9982,0.8914,0.0235
6,8,8,8,0.8837,0.9123,0.9956,0.8591,0.0079
6,8,8,9,0.9217,0.9228,0.9997,0.9092,0.0319
6,8,8,10,0.9410,0.9486,0.9999,0.9288,0.0160
6,8,8,11,0.9320,0.9300,0.9996,0.9208,0.0289
6,8,9,0,0.9308,0.9276,0.9983,0.9199,0.0306
6,8,9,1,0.9048,0.8940,0.9996,0.8953,0.0556
6,8,9,2,0.9083,0.8989,0.9996,0.8988,0.0543
6,8,9,3,0.9474,0.9475,0.9984,0.9365,0.0108
6,8,9,4,0.9024,0.8943,0.9997,0.8918,0.0530
6,8,9,5,0.9310,0.9300,0.9996,0.9212,0.0376
6,8,9,6,0.9010,0.8902,0.9996,0.8916,0.0571
6,8,9,7,0.9373,0.9322,0.9985,0.9272,0.0279
6,8,9,8,0.9194,0.9087,0.9996,0.9099,0.0470
6,8,9,9,0.9007,0.8892,0.9995,0.8912,0.0575
6,8,9,10,0.9335,0.9267,1.0000,0.9195,0.0075
6,8,9,11,0.9044,0.8928,0.9995,0.8950,0.0565
6,8,10,0,0.9203,0.9125,0.9997,0.9104,0.0454
6,8,10,1,0.9029,0.8926,0.9998,0.8931,0.0562
6,8,10,2,0.9060,0.8970,0.9997,0.8961,0.0543
6,8,10,3,0.9122,0.9088,0.9994,0.9010,0.0457
6,8,10,4,0.9396,0.9328,0.9999,0.9305,0.0335
6,8,10,5,0.9025,0.9077,0.9999,0.8851,0.0216
6,8,10,6,0.9043,0.8933,0.9998,0.8945,0.0556
6,8,10,7,0.9223,0.9138,0.9999,0.9121,0.0435
6,8,10,8,0.9056,0.8958,0.9998,0.8959,0.0548
6,8,10,9,0.8585,0.8390,0.9856,0.8332,0.0294
6,8,10,10,0.9024,0.8902,0.9996,0.8929,0.0570
6,8,10,11,0.8663,0.8523,0.9981,0.8464,0.0394
6,8,11,0,0.7716,0.7886,0.9909,0.7145,0.0498
6,8,11,1,0.9205,0.9148,1.0000,0.9090,0.0379
6,8,11,2,0.9055,0.8950,1.0000,0.8946,0.0519
6,8,11,3,0.9330,0.9549,0.9989,0.9184,0.0132
6,8,11,4,0.9295,0.9198,0.9995,0.9175,0.0313
6,8,11,5,0.9114,0.9046,0.9998,0.9006,0.0479
6,8,11,6,0.9039,0.8927,0.9999,0.8940,0.0559
6,8,11,7,0.9132,0.9074,0.9994,0.9005,0.0390
6,8,11,8,0.3231,0.6217,0.9923,0.1575,0.0292
6,8,11,9,0.9046,0.8944,0.9998,0.8947,0.0551
6,8,11,10,0.9435,0.9577,0.9969,0.9314,0.0124
6,8,11,11,0.9289,0.9439,0.9991,0.9142,0.0098
6,9,0,0,0.8094,0.8081,0.9536,0.7943,0.0960
6,9,0,1,0.1086,0.1546,0.9218,0.0071,0.0014
6,9,0,2,0.7256,0.7318,0.9924,0.6892,0.0898
6,9,0,3,0.2051,0.2082,0.9109,0.1008,0.0306
6,9,0,4,0.4231,0.3969,0.9907,0.3285,0.0735
6,9,0,5,0.2385,0.2196,0.8810,0.1357,0.0356
6,9,0,6,0.7360,0.7320,0.9703,0.7038,0.0970
6,9,0,7,0.5486,0.5556,0.9814,0.4736,0.0979
6,9,0,8,0.5705,0.6120,0.9962,0.5017,0.0857
6,9,0,9,0.7787,0.7929,0.9609,0.7583,0.1013
6,9,0,10,0.7204,0.7046,0.9810,0.6876,0.1032
6,9,0,11,0.7945,0.7949,0.9581,0.7788,0.0997
6,9,1,0,0.6160,0.5855,0.9988,0.5569,0.0865
6,9,1,1,0.7859,0.7822,0.9909,0.7618,0.0884
6,9,1,2,0.7532,0.7594,0.9991,0.7220,0.0894
6,9,1,3,0.8899,0.8618,0.9723,0.8900,0.0829
6,9,1,4,0.9298,0.9290,0.9875,0.9293,0.0659
6,9,1,5,0.8083,0.7551,0.9988,0.7865,0.0754
6,9,1,6,0.8893,0.8395,0.9934,0.8776,0.0468
6,9,1,7,0.9307,0.9332,0.9932,0.9284,0.0616
6,9,1,8,0.9126,0.9131,0.9959,0.9081,0.0659
6,9,1,9,0.9636,0.9649,0.9999,0.9626,0.0438
6,9,1,10,0.1661,0.4413,0.9992,0.0049,0.1005
6,9,1,11,0.3587,0.2805,0.9073,0.2670,0.0476
6,9,2,0,0.7384,0.6931,0.9888,0.7042,0.0843
6,9,2,1,0.9886,0.9880,0.9992,0.9885,0.0240
6,9,2,2,0.3867,0.4008,0.9901,0.2930,0.0590
6,9,2,3,0.6571,0.6422,0.9970,0.6065,0.0933
6,9,2,4,0.7152,0.7331,0.9987,0.6756,0.0697
6,9,2,5,0.5690,0.5706,0.9985,0.5023,0.0765
6,9,2,6,0.9420,0.9483,0.9998,0.9377,0.0454
6,9,2,7,0.5920,0.5839,0.9816,0.5266,0.1073
6,9,2,8,0.4735,0.6308,0.9999,0.3905,0.0694
6,9,2,9,0.5342,0.5118,0.9990,0.4608,0.0751
6,9,2,10,0.7892,0.7705,0.9813,0.7690,0.0962
6,9,2,11,0.9765,0.9735,0.9984,0.9779,0.0440
6,9,3,0,0.9987,0.9979,0.9999,0.9986,0.0048
6,9,3,1,0.9451,0.9346,1.0000,0.9420,0.0498
6,9,3,2,0.5304,0.5207,0.9997,0.4541,0.0822
6,9,3,3,0.7931,0.7972,0.9996,0.7664,0.0557
6,9,3,4,0.9983,0.9986,0.9999,0.9982,0.0063
6,9,3,5,0.9472,0.9459,0.9918,0.9448,0.0502
6,9,3,6,0.6957,0.6733,0.9997,0.6529,0.0870
6,9,3,7,0.6478,0.5989,0.9779,0.5965,0.0700
6,9,3,8,0.7389,0.7025,0.9947,0.7036,0.0767
6,9,3,9,0.6868,0.6806,1.0000,0.6424,0.0663
6,9,3,10,0.9633,0.9458,0.9996,0.9622,0.0435
6,9,3,11,0.6117,0.6920,1.0000,0.5532,0.0706
6,9,4,0,0.5628,0.7808,0.9581,0.5047,0.0362
6,9,4,1,0.8504,0.8228,0.9984,0.8327,0.0565
6,9,4,2,0.9958,0.9953,0.9985,0.9960,0.0168
6,9,4,3,0.8708,0.8621,0.9999,0.8571,0.0579
6,9,4,4,0.9913,0.9898,0.9979,0.9916,0.0246
6,9,4,5,0.9012,0.8592,0.9985,0.8923,0.0597
6,9,4,6,0.9213,0.9207,0.9868,0.9175,0.0627
6,9,4,7,0.5220,0.4895,0.9810,0.4491,0.0656
6,9,4,8,0.9747,0.9716,0.9988,0.9735,0.0319
6,9,4,9,0.7251,0.7619,0.9758,0.6879,0.0822
6,9,4,10,0.9952,0.9942,1.0000,0.9950,0.0125
6,9,4,11,0.2020,0.3312,0.8471,0.1127,0.0003
6,9,5,0,0.9917,0.9936,0.9999,0.9910,0.0129
6,9,5,1,1.0000,0.9999,1.0000,1.0000,0.0003
6,9,5,2,0.8313,0.8708,0.9623,0.8122,0.0656
6,9,5,3,0.9123,0.8906,0.9624,0.9067,0.0635
6,9,5,4,0.8707,0.8578,0.9913,0.8598,0.0729
6,9,5,5,0.9972,0.9961,0.9996,0.9970,0.0090
6,9,5,6,0.9489,0.9269,0.9953,0.9446,0.0408
6,9,5,7,0.9555,0.9352,0.9889,0.9525,0.0411
6,9,5,8,0.9700,0.9582,0.9977,0.9680,0.0322
6,9,5,9,0.9979,0.9978,1.0000,0.9979,0.0092
6,9,5,10,0.8684,0.8667,0.9976,0.8544,0.0600
6,9,5,11,0.9745,0.9726,0.9957,0.9742,0.0376
6,9,6,0,0.7498,0.8046,0.9735,0.7173,0.0835
6,9,6,1,0.9639,0.9671,0.9927,0.9608,0.0329
6,9,6,2,0.9903,0.9890,0.9996,0.9905,0.0249
6,9,6,3,0.8482,0.8671,0.9998,0.8317,0.0711
6,9,6,4,0.9549,0.9505,0.9946,0.9536,0.0498
6,9,6,5,0.9757,0.9744,0.9976,0.9762,0.0397
6,9,6,6,0.9760,0.9672,0.9986,0.9754,0.0349
6,9,6,7,0.8937,0.8913,0.9972,0.8832,0.0575
6,9,6,8,0.9016,0.8910,0.9995,0.8923,0.0573
6,9,6,9,1.0000,1.0000,1.0000,1.0000,0.0000
6,9,6,10,0.9983,0.9982,0.9999,0.9983,0.0090
6,9,6,11,0.9500,0.9217,0.9924,0.9471,0.0457
6,9,7,0,0.9542,0.9256,0.9986,0.9502,0.0376
6,9,7,1,0.9970,0.9949,1.0000,0.9968,0.0086
6,9,7,2,1.0000,0.9999,1.0000,1.0000,0.0003
6,9,7,3,0.9436,0.9497,0.9981,0.9402,0.0494
6,9,7,4,0.9775,0.9737,0.9965,0.9759,0.0257
6,9,7,5,0.9823,0.9803,0.9958,0.9828,0.0351
6,9,7,6,0.9926,0.9907,0.9998,0.9927,0.0200
6,9,7,7,0.9995,0.9996,1.0000,0.9995,0.0022
6,9,7,8,0.9075,0.8633,0.9999,0.8976,0.0410
6,9,7,9,0.9853,0.9806,0.9967,0.9852,0.0283
6,9,7,10,1.0000,1.0000,1.0000,1.0000,0.0003
6,9,7,11,0.9999,0.9999,1.0000,0.9999,0.0013
6,9,8,0,0.9909,0.9875,0.9970,0.9910,0.0227
6,9,8,1,0.9999,0.9999,1.0000,0.9999,0.0008
6,9,8,2,0.9480,0.9482,0.9984,0.9453,0.0492
6,9,8,3,0.9747,0.9577,0.9985,0.9724,0.0227
6,9,8,4,0.9291,0.8927,0.9945,0.9237,0.0530
6,9,8,5,0.8634,0.8352,0.9718,0.8526,0.0776
6,9,8,6,0.9818,0.9874,0.9998,0.9802,0.0190
6,9,8,7,0.9648,0.9430,0.9959,0.9622,0.0351
6,9,8,8,0.7722,0.7850,0.9980,0.7421,0.0570
6,9,8,9,0.9847,0.9810,1.0000,0.9842,0.0254
6,9,8,10,0.9631,0.9622,0.9990,0.9631,0.0470
6,9,8,11,0.9798,0.9814,1.0000,0.9789,0.0287
6,9,9,0,0.9815,0.9727,0.9996,0.9806,0.0273
6,9,9,1,0.9998,0.9998,1.0000,0.9998,0.0017
6,9,9,2,0.9995,0.9992,1.0000,0.9994,0.0030
6,9,9,3,0.9073,0.8916,0.9962,0.8986,0.0538
6,9,9,4,0.9978,0.9983,1.0000,0.9976,0.0043
6,9,9,5,0.9913,0.9892,1.0000,0.9912,0.0203
6,9,9,6,0.9999,0.9999,1.0000,0.9999,0.0002
6,9,9,7,0.9760,0.9764,0.9997,0.9745,0.0294
6,9,9,8,0.9964,0.9971,1.0000,0.9962,0.0103
6,9,9,9,0.9999,0.9999,1.0000,0.9999,0.0002
6,9,9,10,0.8895,0.8404,0.9994,0.8783,0.0571
6,9,9,11,0.9999,0.9999,1.0000,0.9999,0.0011
6,9,10,0,0.9962,0.9950,1.0000,0.9961,0.0122
6,9,10,1,0.9998,0.9998,1.0000,0.9998,0.0011
6,9,10,2,0.9993,0.9992,1.0000,0.9993,0.0030
6,9,10,3,0.9951,0.9939,1.0000,0.9949,0.0116
6,9,10,4,0.9889,0.9884,0.9990,0.9887,0.0238
6,9,10,5,0.9179,0.8912,0.9999,0.9088,0.0405
6,9,10,6,0.9998,0.9998,1.0000,0.9998,0.0017
6,9,10,7,0.9967,0.9959,0.9999,0.9969,0.0141
6,9,10,8,0.9998,0.9997,0.9999,0.9998,0.0025
6,9,10,9,0.8859,0.8085,0.9904,0.8722,0.0292
6,9,10,10,0.9999,0.9999,1.0000,0.9999,0.0006
6,9,10,11,0.9693,0.9532,0.9958,0.9660,0.0202
6,9,11,0,0.6229,0.6247,0.9863,0.5650,0.1024
6,9,11,1,0.9919,0.9909,0.9995,0.9917,0.0197
6,9,11,2,0.9990,0.9989,0.9996,0.9990,0.0057
6,9,11,3,0.8811,0.8833,0.9970,0.8699,0.0641
6,9,11,4,0.9900,0.9885,0.9981,0.9908,0.0298
6,9,11,5,0.9968,0.9975,1.0000,0.9967,0.0094
6,9,11,6,0.9998,0.9998,0.9999,0.9998,0.0014
6,9,11,7,0.9923,0.9897,0.9978,0.9922,0.0189
6,9,11,8,0.1531,0.4576,0.9957,0.0032,0.0837
6,9,11,9,0.9997,0.9997,0.9999,0.9997,0.0022
6,9,11,10,0.9448,0.9373,0.9939,0.9430,0.0538
6,9,11,11,0.9389,0.9194,0.9973,0.9351,0.0516
6,10,0,0,0.8322,0.8214,0.9577,0.8156,0.0870
6,10,0,1,0.1376,0.1785,0.9163,0.0323,0.0076
6,10,0,2,0.7547,0.7559,0.9940,0.7177,0.0808
6,10,0,3,0.2379,0.2366,0.9051,0.1305,0.0219
6,10,0,4,0.4601,0.4286,0.9887,0.3639,0.0644
6,10,0,5,0.2688,0.2464,0.8744,0.1627,0.0268
6,10,0,6,0.7604,0.7507,0.9735,0.7263,0.0879
6,10,0,7,0.5855,0.5826,0.9839,0.5099,0.0889
6,10,0,8,0.6050,0.6389,0.9973,0.5353,0.0767
6,10,0,9,0.8056,0.8083,0.9646,0.7842,0.0922
6,10,0,10,0.7508,0.7257,0.9836,0.7173,0.0941
6,10,0,11,0.8217,0.8142,0.9620,0.8051,0.0906
6,10,1,0,0.6457,0.6113,0.9994,0.5851,0.0778
6,10,1,1,0.8125,0.8049,0.9927,0.7878,0.0794
6,10,1,2,0.7822,0.7826,0.9996,0.7507,0.0806
6,10,1,3,0.9064,0.8734,0.9754,0.9044,0.0738
6,10,1,4,0.9443,0.9418,0.9896,0.9426,0.0568
6,10,1,5,0.8288,0.7776,0.9994,0.8057,0.0663
6,10,1,6,0.8989,0.8548,0.9918,0.8857,0.0378
6,10,1,7,0.9460,0.9463,0.9947,0.9429,0.0525
6,10,1,8,0.9285,0.9271,0.9971,0.9231,0.0568
6,10,1,9,0.9734,0.9733,1.0000,0.9717,0.0351
6,10,1,10,0.2016,0.4575,0.9997,0.0359,0.0917
6,10,1,11,0.3873,0.3075,0.9015,0.2927,0.0386
6,10,2,0,0.7650,0.7177,0.9907,0.7299,0.0752
6,10,2,1,0.9936,0.9930,0.9996,0.9931,0.0156
6,10,2,2,0.4207,0.4299,0.9881,0.3249,0.0503
6,10,2,3,0.6847,0.6617,0.9979,0.6325,0.0843
6,10,2,4,0.7405,0.7576,0.9993,0.7000,0.0610
6,10,2,5,0.6057,0.6019,0.9991,0.5388,0.0675
6,10,2,6,0.9546,0.9606,1.0000,0.9499,0.0367
6,10,2,7,0.6263,0.6046,0.9841,0.5599,0.0983
6,10,2,8,0.4999,0.6532,0.9997,0.4140,0.0603
6,10,2,9,0.5671,0.5415,0.9982,0.4924,0.0660
6,10,2,10,0.8148,0.7923,0.9839,0.7935,0.0871
6,10,2,11,0.9844,0.9815,0.9991,0.9848,0.0349
6,10,3,0,0.9974,0.9982,0.9997,0.9972,0.0049
6,10,3,1,0.9550,0.9457,0.9999,0.9510,0.0411
6,10,3,2,0.5549,0.5408,0.9999,0.4753,0.0732
6,10,3,3,0.8051,0.8158,0.9992,0.7762,0.0467
6,10,3,4,0.9988,0.9989,1.0000,0.9987,0.0037
6,10,3,5,0.9558,0.9566,0.9935,0.9522,0.0411
6,10,3,6,0.7210,0.6951,0.9993,0.6766,0.0779
6,10,3,7,0.6722,0.6230,0.9750,0.6193,0.0610
6,10,3,8,0.7634,0.7297,0.9960,0.7271,0.0676
6,10,3,9,0.7007,0.7000,1.0000,0.6531,0.0573
6,10,3,10,0.9729,0.9579,0.9992,0.9711,0.0348
6,10,3,11,0.6321,0.7148,1.0000,0.5708,0.0616
6,10,4,0,0.5743,0.7938,0.9541,0.5130,0.0271
6,10,4,1,0.8645,0.8420,0.9991,0.8456,0.0475
6,10,4,2,0.9974,0.9974,0.9992,0.9972,0.0078
6,10,4,3,0.8854,0.8777,1.0000,0.8705,0.0489
6,10,4,4,0.9941,0.9943,0.9987,0.9938,0.0156
6,10,4,5,0.9098,0.8729,0.9991,0.8990,0.0506
6,10,4,6,0.9385,0.9357,0.9890,0.9341,0.0537
6,10,4,7,0.5564,0.5211,0.9782,0.4826,0.0565
6,10,4,8,0.9803,0.9796,0.9994,0.9783,0.0232
6,10,4,9,0.7465,0.7767,0.9788,0.7072,0.0732
6,10,4,10,0.9962,0.9970,0.9999,0.9957,0.0044
6,10,4,11,0.2293,0.3575,0.8397,0.1369,0.0094
6,10,5,0,0.9949,0.9964,0.9997,0.9942,0.0054
6,10,5,1,0.9981,0.9979,0.9999,0.9981,0.0094
6,10,5,2,0.8481,0.8805,0.9660,0.8275,0.0565
6,10,5,3,0.9220,0.9030,0.9661,0.9145,0.0544
6,10,5,4,0.8899,0.8740,0.9930,0.8781,0.0638
6,10,5,5,0.9963,0.9971,0.9999,0.9959,0.0029
6,10,5,6,0.9525,0.9370,0.9965,0.9467,0.0317
6,10,5,7,0.9599,0.9426,0.9908,0.9556,0.0321
6,10,5,8,0.9731,0.9644,0.9985,0.9701,0.0232
6,10,5,9,0.9991,0.9990,1.0000,0.9989,0.0017
6,10,5,10,0.8836,0.8823,0.9966,0.8685,0.0510
6,10,5,11,0.9813,0.9806,0.9969,0.9802,0.0286
6,10,6,0,0.7653,0.8145,0.9766,0.7299,0.0744
6,10,6,1,0.9699,0.9725,0.9943,0.9662,0.0238
6,10,6,2,0.9939,0.9942,0.9999,0.9936,0.0159
6,10,6,3,0.8737,0.8872,1.0000,0.8576,0.0621
6,10,6,4,0.9640,0.9615,0.9959,0.9617,0.0408
6,10,6,5,0.9840,0.9832,0.9985,0.9837,0.0306
6,10,6,6,0.9828,0.9749,0.9993,0.9815,0.0259
6,10,6,7,0.9123,0.9087,0.9961,0.9016,0.0484
6,10,6,8,0.9148,0.9078,0.9999,0.9046,0.0486
6,10,6,9,0.9983,0.9982,0.9999,0.9983,0.0090
6,10,6,10,1.0000,1.0000,1.0000,1.0000,0.0000
6,10,6,11,0.9557,0.9334,0.9940,0.9513,0.0367
6,10,7,0,0.9556,0.9330,0.9992,0.9502,0.0286
6,10,7,1,0.9974,0.9969,0.9998,0.9971,0.0037
6,10,7,2,0.9982,0.9980,0.9999,0.9982,0.0094
6,10,7,3,0.9566,0.9621,0.9989,0.9528,0.0403
6,10,7,4,0.9802,0.9785,0.9975,0.9778,0.0179
6,10,7,5,0.9888,0.9872,0.9969,0.9886,0.0260
6,10,7,6,0.9967,0.9958,1.0000,0.9964,0.0110
6,10,7,7,0.9990,0.9990,1.0000,0.9990,0.0068
6,10,7,8,0.9197,0.8796,0.9997,0.9091,0.0319
6,10,7,9,0.9899,0.9877,0.9977,0.9892,0.0192
6,10,7,10,0.9982,0.9982,0.9999,0.9983,0.0094
6,10,7,11,0.9987,0.9987,1.0000,0.9987,0.0081
6,10,8,0,0.9937,0.9909,0.9980,0.9932,0.0137
6,10,8,1,0.9985,0.9985,0.9999,0.9985,0.0083
6,10,8,2,0.9607,0.9607,0.9991,0.9575,0.0402
6,10,8,3,0.9765,0.9656,0.9976,0.9735,0.0137
6,10,8,4,0.9386,0.9056,0.9959,0.9321,0.0440
6,10,8,5,0.8799,0.8543,0.9749,0.8674,0.0686
6,10,8,6,0.9861,0.9909,1.0000,0.9843,0.0103
6,10,8,7,0.9668,0.9492,0.9970,0.9629,0.0260
6,10,8,8,0.7982,0.8059,0.9971,0.7682,0.0479
6,10,8,9,0.9898,0.9878,1.0000,0.9889,0.0167
6,10,8,10,0.9745,0.9730,0.9995,0.9738,0.0379
6,10,8,11,0.9864,0.9873,1.0000,0.9851,0.0197
6,10,9,0,0.9848,0.9794,0.9992,0.9831,0.0183
6,10,9,1,0.9987,0.9988,0.9999,0.9987,0.0073
6,10,9,2,0.9990,0.9992,0.9999,0.9989,0.0060
6,10,9,3,0.9210,0.9065,0.9973,0.9116,0.0448
6,10,9,4,0.9973,0.9980,1.0000,0.9970,0.0060
6,10,9,5,0.9946,0.9948,0.9999,0.9940,0.0113
6,10,9,6,0.9983,0.9983,0.9999,0.9983,0.0089
6,10,9,7,0.9813,0.9840,0.9993,0.9793,0.0206
6,10,9,8,0.9984,0.9989,0.9999,0.9982,0.0029
6,10,9,9,0.9982,0.9981,0.9999,0.9983,0.0092
6,10,9,10,0.8995,0.8591,0.9998,0.8865,0.0481
6,10,9,11,0.9986,0.9986,0.9999,0.9986,0.0083
6,10,10,0,0.9982,0.9977,1.0000,0.9979,0.0038
6,10,10,1,0.9986,0.9987,1.0000,0.9986,0.0079
6,10,10,2,0.9987,0.9988,1.0000,0.9987,0.0060
6,10,10,3,0.9965,0.9964,0.9998,0.9961,0.0032
6,10,10,4,0.9938,0.9939,0.9995,0.9934,0.0151
6,10,10,5,0.9214,0.9041,1.0000,0.9107,0.0327
6,10,10,6,0.9987,0.9988,1.0000,0.9987,0.0073
6,10,10,7,0.9984,0.9988,1.0000,0.9983,0.0051
6,10,10,8,0.9988,0.9990,1.0000,0.9988,0.0065
6,10,10,9,0.8926,0.8232,0.9884,0.8777,0.0202
6,10,10,10,0.9984,0.9983,0.9999,0.9984,0.0087
6,10,10,11,0.9673,0.9529,0.9969,0.9630,0.0124
6,10,11,0,0.6576,0.6475,0.9884,0.5991,0.0933
6,10,11,1,0.9942,0.9945,0.9998,0.9936,0.0106
6,10,11,2,0.9987,0.9988,0.9999,0.9986,0.0040
6,10,11,3,0.9023,0.9016,0.9980,0.8910,0.0551
6,10,11,4,0.9938,0.9927,0.9989,0.9938,0.0208
6,10,11,5,0.9983,0.9990,1.0000,0.9981,0.0032
6,10,11,6,0.9986,0.9987,1.0000,0.9986,0.0076
6,10,11,7,0.9936,0.9934,0.9986,0.9928,0.0098
6,10,11,8,0.1891,0.4782,0.9943,0.0350,0.0749
6,10,11,9,0.9989,0.9989,1.0000,0.9989,0.0068
6,10,11,10,0.9574,0.9505,0.9954,0.9547,0.0448
6,10,11,11,0.9511,0.9327,0.9982,0.9465,0.0425
6,11,0,0,0.8916,0.8845,0.9834,0.8721,0.0525
6,11,0,1,0.1887,0.2757,0.8671,0.0684,0.0443
6,11,0,2,0.8256,0.8651,1.0000,0.7874,0.0460
6,11,0,3,0.2995,0.3498,0.8533,0.1790,0.0176
6,11,0,4,0.5483,0.5599,0.9664,0.4463,0.0287
6,11,0,5,0.3249,0.3590,0.8161,0.2051,0.0124
6,11,0,6,0.8453,0.8667,0.9927,0.8129,0.0529
6,11,0,7,0.7166,0.7505,0.9975,0.6493,0.0538
6,11,0,8,0.6954,0.7802,0.9994,0.6243,0.0419
6,11,0,9,0.8794,0.8925,0.9876,0.8577,0.0581
6,11,0,10,0.8206,0.8186,0.9974,0.7830,0.0597
6,11,0,11,0.8879,0.8975,0.9861,0.8691,0.0562
6,11,1,0,0.7890,0.7890,0.9973,0.7417,0.0433
6,11,1,1,0.8955,0.9106,0.9999,0.8747,0.0449
6,11,1,2,0.8622,0.8864,0.9968,0.8331,0.0462
6,11,1,3,0.9287,0.9004,0.9937,0.9175,0.0381
6,11,1,4,0.9674,0.9714,0.9994,0.9619,0.0297
6,11,1,5,0.8900,0.8889,0.9973,0.8671,0.0319
6,11,1,6,0.9319,0.9086,0.9719,0.9185,0.0132
6,11,1,7,0.9608,0.9690,1.0000,0.9533,0.0270
6,11,1,8,0.9608,0.9675,0.9995,0.9535,0.0262
6,11,1,9,0.9707,0.9647,0.9938,0.9650,0.0165
6,11,1,10,0.3205,0.5444,0.9965,0.1464,0.0576
6,11,1,11,0.4451,0.4205,0.8488,0.3395,0.0124
6,11,2,0,0.8826,0.8894,0.9996,0.8585,0.0405
6,11,2,1,0.9696,0.9539,0.9966,0.9653,0.0217
6,11,2,2,0.5754,0.6271,0.9654,0.4879,0.0165
6,11,2,3,0.7848,0.7797,0.9990,0.7360,0.0502
6,11,2,4,0.8380,0.8725,0.9975,0.8038,0.0262
6,11,2,5,0.7209,0.7633,0.9977,0.6594,0.0321
6,11,2,6,0.9514,0.9634,0.9945,0.9421,0.0086
6,11,2,7,0.7282,0.7207,0.9976,0.6628,0.0632
6,11,2,8,0.6524,0.8149,0.9910,0.5768,0.0243
6,11,2,9,0.6654,0.6979,0.9858,0.5910,0.0306
6,11,2,10,0.8890,0.8965,0.9975,0.8684,0.0527
6,11,2,11,0.9763,0.9658,0.9977,0.9717,0.0173
6,11,3,0,0.9539,0.9296,0.9910,0.9506,0.0410
6,11,3,1,0.9760,0.9719,0.9927,0.9713,0.0117
6,11,3,2,0.6877,0.7081,0.9952,0.6158,0.0381
6,11,3,3,0.8733,0.9045,0.9887,0.8479,0.0151
6,11,3,4,0.9533,0.9299,0.9940,0.9492,0.0394
6,11,3,5,0.9614,0.9641,1.0000,0.9537,0.0133
6,11,3,6,0.8164,0.8178,0.9892,0.7760,0.0425
6,11,3,7,0.7260,0.7488,0.9448,0.6679,0.0281
6,11,3,8,0.8646,0.8890,0.9998,0.8360,0.0335
6,11,3,9,0.8008,0.8382,0.9933,0.7590,0.0225
6,11,3,10,0.9651,0.9573,0.9887,0.9585,0.0102
6,11,3,11,0.7559,0.8284,0.9935,0.7029,0.0249
6,11,4,0,0.6355,0.8551,0.9156,0.5712,0.0175
6,11,4,1,0.9323,0.9255,0.9978,0.9189,0.0152
6,11,4,2,0.9626,0.9396,0.9976,0.9580,0.0289
6,11,4,3,0.8892,0.9091,0.9941,0.8667,0.0151
6,11,4,4,0.9695,0.9562,0.9983,0.9651,0.0211
6,11,4,5,0.9685,0.9634,0.9977,0.9623,0.0181
6,11,4,6,0.9444,0.9611,0.9992,0.9334,0.0217
6,11,4,7,0.6386,0.6579,0.9496,0.5619,0.0211
6,11,4,8,0.9682,0.9711,0.9973,0.9629,0.0141
6,11,4,9,0.8301,0.8893,0.9953,0.7931,0.0378
6,11,4,10,0.9608,0.9450,0.9927,0.9567,0.0332
6,11,4,11,0.3718,0.5287,0.7754,0.2815,0.0460
6,11,5,0,0.9483,0.9312,0.9910,0.9424,0.0329
6,11,5,1,0.9491,0.9192,0.9924,0.9463,0.0460
6,11,5,2,0.8576,0.9170,0.9885,0.8277,0.0217
6,11,5,3,0.9624,0.9583,0.9885,0.9552,0.0178
6,11,5,4,0.8972,0.9150,1.0000,0.8759,0.0278
6,11,5,5,0.9582,0.9341,0.9954,0.9546,0.0367
6,11,5,6,0.9804,0.9726,0.9997,0.9769,0.0125
6,11,5,7,0.9587,0.9482,0.9997,0.9510,0.0090
6,11,5,8,0.9502,0.9386,0.9985,0.9418,0.0154
6,11,5,9,0.9559,0.9335,0.9935,0.9515,0.0365
6,11,5,10,0.8820,0.8966,0.9816,0.8579,0.0159
6,11,5,11,0.9609,0.9639,0.9995,0.9537,0.0094
6,11,6,0,0.8546,0.8901,0.9942,0.8234,0.0397
6,11,6,1,0.9395,0.9323,1.0000,0.9295,0.0135
6,11,6,2,0.9716,0.9530,0.9954,0.9675,0.0211
6,11,6,3,0.8719,0.9091,0.9948,0.8451,0.0286
6,11,6,4,0.9675,0.9681,0.9998,0.9611,0.0127
6,11,6,5,0.9775,0.9690,0.9985,0.9732,0.0165
6,11,6,6,0.9607,0.9647,0.9975,0.9538,0.0117
6,11,6,7,0.8978,0.9165,0.9804,0.8773,0.0146
6,11,6,8,0.9516,0.9537,0.9957,0.9420,0.0148
6,11,6,9,0.9500,0.9217,0.9924,0.9471,0.0457
6,11,6,10,0.9557,0.9334,0.9940,0.9513,0.0367
6,11,6,11,1.0000,1.0000,1.0000,1.0000,0.0000
6,11,7,0,0.9686,0.9595,0.9975,0.9633,0.0135
6,11,7,1,0.9540,0.9301,0.9918,0.9496,0.0371
6,11,7,2,0.9494,0.9197,0.9924,0.9465,0.0460
6,11,7,3,0.9454,0.9501,0.9981,0.9346,0.0141
6,11,7,4,0.9566,0.9401,0.9992,0.9502,0.0200
6,11,7,5,0.9725,0.9570,0.9995,0.9676,0.0135
6,11,7,6,0.9642,0.9509,0.9945,0.9595,0.0257
6,11,7,7,0.9516,0.9263,0.9935,0.9480,0.0435
6,11,7,8,0.9105,0.9192,0.9910,0.8936,0.0083
6,11,7,9,0.9757,0.9636,0.9991,0.9720,0.0181
6,11,7,10,0.9499,0.9208,0.9925,0.9469,0.0460
6,11,7,11,0.9516,0.9236,0.9930,0.9485,0.0448
6,11,8,0,0.9636,0.9508,0.9990,0.9584,0.0240
6,11,8,1,0.9504,0.9217,0.9926,0.9472,0.0449
6,11,8,2,0.9627,0.9649,0.9978,0.9554,0.0149
6,11,8,3,0.9552,0.9411,0.9841,0.9490,0.0246
6,11,8,4,0.9464,0.9544,0.9998,0.9358,0.0117
6,11,8,5,0.9591,0.9553,0.9934,0.9525,0.0338
6,11,8,6,0.9403,0.9234,0.9944,0.9322,0.0267
6,11,8,7,0.9631,0.9565,0.9995,0.9569,0.0129
6,11,8,8,0.8000,0.8431,0.9828,0.7596,0.0138
6,11,8,9,0.9570,0.9456,0.9932,0.9504,0.0203
6,11,8,10,0.9567,0.9541,0.9969,0.9481,0.0117
6,11,8,11,0.9528,0.9491,0.9929,0.9451,0.0170
6,11,9,0,0.9603,0.9505,0.9887,0.9542,0.0184
6,11,9,1,0.9522,0.9241,0.9926,0.9491,0.0440
6,11,9,2,0.9532,0.9281,0.9928,0.9497,0.0427
6,11,9,3,0.9480,0.9453,0.9993,0.9377,0.0103
6,11,9,4,0.9497,0.9270,0.9932,0.9456,0.0414
6,11,9,5,0.9655,0.9508,0.9927,0.9610,0.0254
6,11,9,6,0.9501,0.9209,0.9925,0.9471,0.0456
6,11,9,7,0.9538,0.9484,0.9893,0.9463,0.0163
6,11,9,8,0.9542,0.9319,0.9927,0.9496,0.0354
6,11,9,9,0.9496,0.9202,0.9925,0.9466,0.0459
6,11,9,10,0.9593,0.9529,0.9962,0.9512,0.0168
6,11,9,11,0.9518,0.9231,0.9925,0.9488,0.0449
6,11,10,0,0.9536,0.9353,0.9932,0.9484,0.0335
6,11,10,1,0.9512,0.9233,0.9935,0.9480,0.0446
6,11,10,2,0.9540,0.9278,0.9932,0.9507,0.0427
6,11,10,3,0.9594,0.9387,0.9919,0.9553,0.0341
6,11,10,4,0.9655,0.9506,0.9969,0.9606,0.0219
6,11,10,5,0.9557,0.9528,0.9942,0.9481,0.0163
6,11,10,6,0.9512,0.9240,0.9935,0.9478,0.0440
6,11,10,7,0.9613,0.9401,0.9942,0.9570,0.0316
6,11,10,8,0.9536,0.9262,0.9937,0.9504,0.0432
6,11,10,9,0.8907,0.8817,0.9659,0.8717,0.0165
6,11,10,10,0.9505,0.9211,0.9928,0.9475,0.0454
6,11,10,11,0.9351,0.9102,0.9995,0.9264,0.0281
6,11,11,0,0.7341,0.7439,0.9991,0.6709,0.0583
6,11,11,1,0.9664,0.9454,0.9959,0.9623,0.0260
6,11,11,2,0.9525,0.9266,0.9955,0.9483,0.0400
6,11,11,3,0.9045,0.9332,0.9990,0.8849,0.0197
6,11,11,4,0.9698,0.9487,0.9981,0.9649,0.0187
6,11,11,5,0.9524,0.9327,0.9935,0.9476,0.0363
6,11,11,6,0.9520,0.9238,0.9941,0.9487,0.0443
6,11,11,7,0.9630,0.9427,0.9984,0.9583,0.0268
6,11,11,8,0.2969,0.5734,0.9767,0.1321,0.0398
6,11,11,9,0.9522,0.9251,0.9938,0.9488,0.0435
6,11,11,10,0.9536,0.9655,0.9999,0.9443,0.0132
6,11,11,11,0.9374,0.9556,0.9988,0.9250,0.0103
7,0,0,0,0.8546,0.8670,0.9681,0.8311,0.0629
7,0,0,1,0.1536,0.3139,0.9001,0.0360,0.0362
7,0,0,2,0.7737,0.8115,0.9975,0.7286,0.0563
7,0,0,3,0.2400,0.3769,0.8879,0.1177,0.0102
7,0,0,4,0.4853,0.5648,0.9821,0.3777,0.0381
7,0,0,5,0.2715,0.3910,0.8549,0.1506,0.0103
7,0,0,6,0.7906,0.8256,0.9817,0.7502,0.0629
7,0,0,7,0.6595,0.7012,0.9901,0.5853,0.0635
7,0,0,8,0.6286,0.7247,0.9994,0.5488,0.0519
7,0,0,9,0.8282,0.8569,0.9741,0.7989,0.0694
7,0,0,10,0.7548,0.7964,0.9898,0.7060,0.0703
7,0,0,11,0.8422,0.8697,0.9719,0.8172,0.0668
7,0,1,0,0.7252,0.7276,1.0000,0.6687,0.0537
7,0,1,1,0.8436,0.8581,0.9966,0.8151,0.0546
7,0,1,2,0.7891,0.8080,1.0000,0.7477,0.0565
7,0,1,3,0.9157,0.9230,0.9833,0.9059,0.0471
7,0,1,4,0.9356,0.9418,0.9944,0.9257,0.0410
7,0,1,5,0.8249,0.8216,1.0000,0.7915,0.0410
7,0,1,6,0.8869,0.8561,0.9861,0.8667,0.0200
7,0,1,7,0.9232,0.9256,0.9980,0.9101,0.0360
7,0,1,8,0.9118,0.9162,0.9993,0.8967,0.0365
7,0,1,9,0.9386,0.9318,0.9992,0.9278,0.0208
7,0,1,10,0.3076,0.5325,0.9999,0.1433,0.0676
7,0,1,11,0.3947,0.4420,0.8840,0.2872,0.0100
7,0,2,0,0.8031,0.8061,0.9953,0.7650,0.0502
7,0,2,1,0.9524,0.9381,0.9999,0.9449,0.0190
7,0,2,2,0.5555,0.6104,0.9814,0.4706,0.0233
7,0,2,3,0.7537,0.7520,0.9997,0.7037,0.0608
7,0,2,4,0.7710,0.8237,1.0000,0.7268,0.0340
7,0,2,5,0.6479,0.6909,1.0000,0.5764,0.0408
7,0,2,6,0.9178,0.9320,0.9994,0.9034,0.0148
7,0,2,7,0.6814,0.7023,0.9903,0.6115,0.0732
7,0,2,8,0.6171,0.7827,0.9980,0.5404,0.0337
7,0,2,9,0.6377,0.6764,0.9952,0.5638,0.0397
7,0,2,10,0.8414,0.8572,0.9901,0.8141,0.0630
7,0,2,11,0.9633,0.9514,1.0000,0.9571,0.0229
7,0,3,0,0.9570,0.9317,0.9980,0.9527,0.0329
7,0,3,1,0.9411,0.9291,0.9987,0.9308,0.0189
7,0,3,2,0.6967,0.7160,0.9996,0.6338,0.0478
7,0,3,3,0.9020,0.9100,0.9968,0.8844,0.0190
7,0,3,4,0.9523,0.9301,0.9992,0.9468,0.0313
7,0,3,5,0.9250,0.9262,0.9972,0.9118,0.0208
7,0,3,6,0.7796,0.7775,0.9971,0.7359,0.0522
7,0,3,7,0.7451,0.7463,0.9656,0.6959,0.0362
7,0,3,8,0.8161,0.8391,0.9987,0.7810,0.0403
7,0,3,9,0.8017,0.8304,0.9990,0.7640,0.0294
7,0,3,10,0.9506,0.9364,0.9968,0.9420,0.0132
7,0,3,11,0.7171,0.8075,0.9990,0.6610,0.0346
7,0,4,0,0.6789,0.8343,0.9417,0.6258,0.0094
7,0,4,1,0.8907,0.8639,1.0000,0.8711,0.0214
7,0,4,2,0.9595,0.9379,1.0000,0.9537,0.0240
7,0,4,3,0.8865,0.8900,0.9993,0.8659,0.0235
7,0,4,4,0.9617,0.9467,0.9999,0.9556,0.0203
7,0,4,5,0.9488,0.9347,1.0000,0.9403,0.0221
7,0,4,6,0.9181,0.9272,0.9940,0.9039,0.0321
7,0,4,7,0.5773,0.6118,0.9694,0.4943,0.0298
7,0,4,8,0.9432,0.9521,1.0000,0.9337,0.0156
7,0,4,9,0.7730,0.8441,0.9860,0.7279,0.0471
7,0,4,10,0.9541,0.9382,0.9987,0.9481,0.0251
7,0,4,11,0.3996,0.5375,0.8180,0.3185,0.0379
7,0,5,0,0.9465,0.9288,0.9980,0.9394,0.0248
7,0,5,1,0.9539,0.9242,0.9986,0.9500,0.0379
7,0,5,2,0.8335,0.9095,0.9753,0.8021,0.0302
7,0,5,3,0.9262,0.9219,0.9754,0.9137,0.0268
7,0,5,4,0.9034,0.9243,0.9968,0.8868,0.0371
7,0,5,5,0.9646,0.9422,0.9997,0.9608,0.0286
7,0,5,6,0.9732,0.9648,0.9990,0.9686,0.0092
7,0,5,7,0.9720,0.9810,0.9953,0.9672,0.0076
7,0,5,8,0.9700,0.9678,0.9999,0.9651,0.0095
7,0,5,9,0.9553,0.9316,0.9990,0.9498,0.0284
7,0,5,10,0.8570,0.8676,0.9926,0.8307,0.0233
7,0,5,11,0.9462,0.9512,0.9992,0.9369,0.0127
7,0,6,0,0.8168,0.8761,0.9842,0.7817,0.0478
7,0,6,1,0.9342,0.9304,0.9977,0.9234,0.0108
7,0,6,2,0.9595,0.9378,0.9997,0.9531,0.0213
7,0,6,3,0.8272,0.8619,0.9995,0.7946,0.0354
7,0,6,4,0.9425,0.9428,0.9987,0.9325,0.0205
7,0,6,5,0.9553,0.9424,0.9999,0.9476,0.0195
7,0,6,6,0.9464,0.9432,1.0000,0.9373,0.0132
7,0,6,7,0.8802,0.8829,0.9919,0.8585,0.0202
7,0,6,8,0.9187,0.9115,0.9998,0.9043,0.0203
7,0,6,9,0.9542,0.9256,0.9986,0.9502,0.0376
7,0,6,10,0.9556,0.9330,0.9992,0.9502,0.0286
7,0,6,11,0.9686,0.9595,0.9975,0.9633,0.0135
7,0,7,0,1.0000,1.0000,1.0000,1.0000,0.0000
7,0,7,1,0.9580,0.9337,0.9983,0.9531,0.0290
7,0,7,2,0.9541,0.9247,0.9986,0.9502,0.0379
7,0,7,3,0.9137,0.9217,1.0000,0.8983,0.0219
7,0,7,4,0.9495,0.9353,0.9995,0.9416,0.0125
7,0,7,5,0.9637,0.9501,0.9992,0.9575,0.0184
7,0,7,6,0.9584,0.9392,0.9994,0.9522,0.0208
7,0,7,7,0.9542,0.9298,0.9990,0.9495,0.0354
7,0,7,8,0.9260,0.9169,0.9980,0.9132,0.0119
7,0,7,9,0.9671,0.9479,0.9996,0.9618,0.0176
7,0,7,10,0.9549,0.9252,0.9986,0.9510,0.0379
7,0,7,11,0.9546,0.9265,0.9989,0.9504,0.0367
7,0,8,0,0.9681,0.9520,0.9997,0.9632,0.0178
7,0,8,1,0.9544,0.9260,0.9987,0.9502,0.0368
7,0,8,2,0.9247,0.9295,1.0000,0.9113,0.0217
7,0,8,3,0.9392,0.9227,0.9942,0.9300,0.0162
7,0,8,4,0.9744,0.9758,0.9986,0.9704,0.0157
7,0,8,5,0.9224,0.9116,0.9828,0.9107,0.0438
7,0,8,6,0.9351,0.9203,0.9994,0.9257,0.0192
7,0,8,7,0.9933,0.9911,0.9993,0.9921,0.0070
7,0,8,8,0.7678,0.8115,0.9934,0.7246,0.0206
7,0,8,9,0.9545,0.9372,0.9989,0.9472,0.0157
7,0,8,10,0.9409,0.9341,1.0000,0.9306,0.0183
7,0,8,11,0.9372,0.9353,0.9988,0.9269,0.0124
7,0,9,0,0.9622,0.9446,0.9968,0.9562,0.0122
7,0,9,1,0.9543,0.9272,0.9987,0.9500,0.0359
7,0,9,2,0.9547,0.9300,0.9988,0.9501,0.0346
7,0,9,3,0.9344,0.9279,0.9994,0.9229,0.0171
7,0,9,4,0.9488,0.9313,0.9989,0.9433,0.0333
7,0,9,5,0.9537,0.9383,0.9987,0.9467,0.0189
7,0,9,6,0.9546,0.9258,0.9987,0.9507,0.0375
7,0,9,7,0.9330,0.9304,0.9971,0.9221,0.0111
7,0,9,8,0.9507,0.9317,0.9987,0.9445,0.0273
7,0,9,9,0.9539,0.9252,0.9986,0.9499,0.0378
7,0,9,10,0.9228,0.9176,0.9999,0.9091,0.0202
7,0,9,11,0.9549,0.9261,0.9987,0.9507,0.0368
7,0,10,0,0.9565,0.9344,0.9990,0.9508,0.0254
7,0,10,1,0.9548,0.9273,0.9991,0.9506,0.0365
7,0,10,2,0.9565,0.9294,0.9989,0.9521,0.0346
7,0,10,3,0.9590,0.9352,0.9984,0.9538,0.0260
7,0,10,4,0.9569,0.9385,1.0000,0.9501,0.0167
7,0,10,5,0.9263,0.9208,0.9993,0.9139,0.0133
7,0,10,6,0.9558,0.9287,0.9991,0.9516,0.0359
7,0,10,7,0.9606,0.9366,0.9993,0.9553,0.0238
7,0,10,8,0.9566,0.9294,0.9991,0.9524,0.0351
7,0,10,9,0.9082,0.8906,0.9818,0.8929,0.0163
7,0,10,10,0.9552,0.9255,0.9988,0.9512,0.0373
7,0,10,11,0.9783,0.9681,0.9992,0.9756,0.0200
7,0,11,0,0.6756,0.7179,0.9936,0.6047,0.0683
7,0,11,1,0.9572,0.9366,0.9998,0.9509,0.0221
7,0,11,2,0.9558,0.9307,0.9997,0.9508,0.0319
7,0,11,3,0.8901,0.9168,0.9997,0.8703,0.0290
7,0,11,4,0.9641,0.9426,1.0000,0.9582,0.0233
7,0,11,5,0.9507,0.9336,0.9990,0.9446,0.0283
7,0,11,6,0.9553,0.9277,0.9993,0.9510,0.0362
7,0,11,7,0.9551,0.9416,0.9999,0.9485,0.0219
7,0,11,8,0.2916,0.5458,0.9894,0.1375,0.0483
7,0,11,9,0.9548,0.9288,0.9992,0.9503,0.0354
7,0,11,10,0.9448,0.9486,0.9983,0.9355,0.0206
7,0,11,11,0.9447,0.9534,0.9998,0.9351,0.0159
7,1,0,0,0.8304,0.8212,0.9520,0.8144,0.0875
7,1,0,1,0.1427,0.1957,0.9238,0.0392,0.0071
7,1,0,2,0.7450,0.7508,0.9917,0.7069,0.0813
7,1,0,3,0.2424,0.2569,0.9130,0.1369,0.0224
7,1,0,4,0.4650,0.4496,0.9914,0.3711,0.0649
7,1,0,5,0.2747,0.2664,0.8834,0.1706,0.0273
7,1,0,6,0.7591,0.7519,0.9690,0.7259,0.0884
7,1,0,7,0.5764,0.5815,0.9804,0.5001,0.0894
7,1,0,8,0.5888,0.6361,0.9957,0.5169,0.0771
7,1,0,9,0.7958,0.8021,0.9594,0.7732,0.0927
7,1,0,10,0.7472,0.7276,0.9799,0.7140,0.0946
7,1,0,11,0.8146,0.8099,0.9566,0.7974,0.0911
7,1,1,0,0.6412,0.6126,0.9985,0.5809,0.0779
7,1,1,1,0.8052,0.8043,0.9902,0.7800,0.0798
7,1,1,2,0.7715,0.7798,0.9988,0.7387,0.0808
7,1,1,3,0.9030,0.8689,0.9711,0.9011,0.0743
7,1,1,4,0.9418,0.9419,0.9867,0.9402,0.0573
7,1,1,5,0.8222,0.7755,0.9985,0.7986,0.0668
7,1,1,6,0.8989,0.8547,0.9940,0.8860,0.0383
7,1,1,7,0.9420,0.9446,0.9926,0.9388,0.0530
7,1,1,8,0.9234,0.9248,0.9955,0.9177,0.0573
7,1,1,9,0.9687,0.9706,0.9999,0.9665,0.0352
7,1,1,10,0.1968,0.4528,0.9990,0.0320,0.0919
7,1,1,11,0.3942,0.3275,0.9095,0.3018,0.0390
7,1,2,0,0.7537,0.7133,0.9880,0.7172,0.0757
7,1,2,1,0.9910,0.9910,0.9990,0.9903,0.0163
7,1,2,2,0.4117,0.4324,0.9908,0.3156,0.0505
7,1,2,3,0.6822,0.6725,0.9965,0.6306,0.0848
7,1,2,4,0.7258,0.7509,0.9984,0.6834,0.0611
7,1,2,5,0.5916,0.5979,0.9982,0.5230,0.0679
7,1,2,6,0.9500,0.9625,0.9997,0.9449,0.0368
7,1,2,7,0.6229,0.6064,0.9805,0.5572,0.0987
7,1,2,8,0.4942,0.6553,1.0000,0.4084,0.0608
7,1,2,9,0.5637,0.5516,0.9992,0.4896,0.0665
7,1,2,10,0.8133,0.7966,0.9803,0.7928,0.0876
7,1,2,11,0.9832,0.9811,0.9981,0.9838,0.0354
7,1,3,0,0.9980,0.9979,1.0000,0.9978,0.0044
7,1,3,1,0.9519,0.9441,1.0000,0.9477,0.0413
7,1,3,2,0.5556,0.5471,0.9995,0.4775,0.0737
7,1,3,3,0.7983,0.8102,0.9998,0.7690,0.0471
7,1,3,4,0.9969,0.9964,0.9998,0.9965,0.0029
7,1,3,5,0.9543,0.9561,0.9912,0.9508,0.0416
7,1,3,6,0.7187,0.7010,0.9998,0.6749,0.0784
7,1,3,7,0.6727,0.6366,0.9790,0.6209,0.0614
7,1,3,8,0.7510,0.7269,0.9941,0.7132,0.0681
7,1,3,9,0.7040,0.7037,0.9999,0.6578,0.0578
7,1,3,10,0.9741,0.9632,0.9998,0.9728,0.0349
7,1,3,11,0.6381,0.7214,0.9999,0.5790,0.0621
7,1,4,0,0.5778,0.7969,0.9596,0.5177,0.0276
7,1,4,1,0.8586,0.8364,0.9981,0.8393,0.0479
7,1,4,2,0.9970,0.9955,0.9982,0.9968,0.0098
7,1,4,3,0.8874,0.8860,0.9998,0.8734,0.0494
7,1,4,4,0.9925,0.9925,0.9975,0.9921,0.0170
7,1,4,5,0.9131,0.8732,0.9982,0.9034,0.0511
7,1,4,6,0.9325,0.9358,0.9860,0.9276,0.0541
7,1,4,7,0.5552,0.5373,0.9820,0.4822,0.0570
7,1,4,8,0.9755,0.9775,0.9985,0.9731,0.0233
7,1,4,9,0.7433,0.7799,0.9747,0.7045,0.0737
7,1,4,10,0.9943,0.9953,1.0000,0.9935,0.0040
7,1,4,11,0.2238,0.3716,0.8499,0.1317,0.0089
7,1,5,0,0.9885,0.9910,1.0000,0.9871,0.0046
7,1,5,1,0.9969,0.9947,1.0000,0.9968,0.0089
7,1,5,2,0.8398,0.8813,0.9609,0.8183,0.0570
7,1,5,3,0.9218,0.9016,0.9610,0.9148,0.0549
7,1,5,4,0.8882,0.8806,0.9906,0.8768,0.0643
7,1,5,5,0.9957,0.9952,0.9995,0.9952,0.0017
7,1,5,6,0.9505,0.9338,0.9948,0.9448,0.0322
7,1,5,7,0.9631,0.9462,0.9881,0.9595,0.0325
7,1,5,8,0.9709,0.9628,0.9973,0.9678,0.0237
7,1,5,9,0.9970,0.9963,0.9999,0.9966,0.0041
7,1,5,10,0.8852,0.8875,0.9980,0.8709,0.0514
7,1,5,11,0.9791,0.9803,0.9952,0.9779,0.0290
7,1,6,0,0.7633,0.8174,0.9723,0.7284,0.0749
7,1,6,1,0.9631,0.9672,0.9921,0.9587,0.0243
7,1,6,2,0.9922,0.9917,0.9995,0.9918,0.0179
7,1,6,3,0.8581,0.8805,0.9996,0.8398,0.0625
7,1,6,4,0.9588,0.9587,0.9940,0.9559,0.0413
7,1,6,5,0.9792,0.9797,0.9972,0.9785,0.0314
7,1,6,6,0.9759,0.9715,0.9983,0.9738,0.0263
7,1,6,7,0.9084,0.9126,0.9976,0.8975,0.0489
7,1,6,8,0.9066,0.9032,0.9993,0.8955,0.0487
7,1,6,9,0.9970,0.9949,1.0000,0.9968,0.0086
7,1,6,10,0.9974,0.9969,0.9998,0.9971,0.0037
7,1,6,11,0.9540,0.9301,0.9918,0.9496,0.0371
7,1,7,0,0.9580,0.9337,0.9983,0.9531,0.0290
7,1,7,1,1.0000,1.0000,1.0000,1.0000,0.0000
7,1,7,2,0.9972,0.9951,1.0000,0.9971,0.0089
7,1,7,3,0.9555,0.9642,0.9978,0.9519,0.0408
7,1,7,4,0.9843,0.9819,0.9960,0.9826,0.0181
7,1,7,5,0.9876,0.9865,0.9953,0.9875,0.0265
7,1,7,6,0.9955,0.9947,0.9997,0.9952,0.0130
7,1,7,7,0.9977,0.9964,0.9999,0.9975,0.0063
7,1,7,8,0.9228,0.8911,1.0000,0.9131,0.0324
7,1,7,9,0.9884,0.9854,0.9963,0.9876,0.0200
7,1,7,10,0.9972,0.9952,1.0000,0.9971,0.0089
7,1,7,11,0.9973,0.9954,0.9999,0.9971,0.0076
7,1,8,0,0.9892,0.9868,0.9966,0.9882,0.0141
7,1,8,1,0.9973,0.9954,1.0000,0.9971,0.0078
7,1,8,2,0.9558,0.9595,0.9981,0.9522,0.0406
7,1,8,3,0.9753,0.9649,0.9987,0.9723,0.0141
7,1,8,4,0.9363,0.9050,0.9940,0.9298,0.0444
7,1,8,5,0.8724,0.8473,0.9705,0.8591,0.0690
7,1,8,6,0.9812,0.9864,0.9997,0.9788,0.0108
7,1,8,7,0.9700,0.9523,0.9954,0.9668,0.0265
7,1,8,8,0.7759,0.7994,0.9984,0.7427,0.0484
7,1,8,9,0.9930,0.9929,0.9999,0.9926,0.0168
7,1,8,10,0.9716,0.9735,0.9988,0.9708,0.0384
7,1,8,11,0.9808,0.9849,1.0000,0.9789,0.0202
7,1,9,0,0.9818,0.9778,0.9998,0.9799,0.0187
7,1,9,1,0.9975,0.9960,1.0000,0.9973,0.0068
7,1,9,2,0.9973,0.9962,1.0000,0.9970,0.0056
7,1,9,3,0.9083,0.8976,0.9958,0.8972,0.0452
7,1,9,4,0.9963,0.9964,0.9999,0.9959,0.0049
7,1,9,5,0.9908,0.9917,1.0000,0.9899,0.0117
7,1,9,6,0.9976,0.9958,1.0000,0.9975,0.0084
7,1,9,7,0.9779,0.9824,0.9998,0.9756,0.0211
7,1,9,8,0.9957,0.9962,1.0000,0.9951,0.0040
7,1,9,9,0.9973,0.9953,1.0000,0.9972,0.0087
7,1,9,10,0.9019,0.8608,0.9992,0.8899,0.0486
7,1,9,11,0.9974,0.9955,1.0000,0.9972,0.0078
7,1,10,0,0.9951,0.9947,0.9999,0.9945,0.0037
7,1,10,1,0.9979,0.9963,0.9999,0.9977,0.0075
7,1,10,2,0.9982,0.9966,0.9999,0.9981,0.0056
7,1,10,3,0.9975,0.9965,1.0000,0.9972,0.0040
7,1,10,4,0.9889,0.9897,0.9988,0.9879,0.0156
7,1,10,5,0.9296,0.9092,0.9998,0.9205,0.0329
7,1,10,6,0.9974,0.9958,0.9999,0.9971,0.0068
7,1,10,7,0.9972,0.9968,0.9998,0.9969,0.0075
7,1,10,8,0.9974,0.9959,0.9999,0.9972,0.0060
7,1,10,9,0.9012,0.8383,0.9911,0.8879,0.0206
7,1,10,10,0.9972,0.9953,1.0000,0.9970,0.0083
7,1,10,11,0.9690,0.9525,0.9953,0.9650,0.0116
7,1,11,0,0.6559,0.6536,0.9854,0.5985,0.0938
7,1,11,1,0.9941,0.9936,0.9993,0.9936,0.0124
7,1,11,2,0.9975,0.9968,0.9994,0.9972,0.0035
7,1,11,3,0.8850,0.8948,0.9966,0.8712,0.0556
7,1,11,4,0.9926,0.9904,0.9978,0.9925,0.0219
7,1,11,5,0.9961,0.9974,0.9999,0.9956,0.0024
7,1,11,6,0.9977,0.9959,0.9998,0.9975,0.0071
7,1,11,7,0.9933,0.9921,0.9974,0.9926,0.0106
7,1,11,8,0.1794,0.4752,0.9961,0.0252,0.0751
7,1,11,9,0.9980,0.9965,0.9999,0.9978,0.0063
7,1,11,10,0.9546,0.9510,0.9934,0.9519,0.0452
7,1,11,11,0.9474,0.9330,0.9968,0.9426,0.0430
7,2,0,0,0.8090,0.8074,0.9536,0.7942,0.0963
7,2,0,1,0.1066,0.1512,0.9219,0.0051,0.0017
7,2,0,2,0.7239,0.7293,0.9924,0.6874,0.0902
7,2,0,3,0.2031,0.2049,0.9110,0.0988,0.0310
7,2,0,4,0.4224,0.3945,0.9907,0.3278,0.0738
7,2,0,5,0.2366,0.2162,0.8811,0.1338,0.0359
7,2,0,6,0.7342,0.7289,0.9702,0.7018,0.0973
7,2,0,7,0.5469,0.5532,0.9813,0.4719,0.0983
7,2,0,8,0.5679,0.6084,0.9962,0.4987,0.0860
7,2,0,9,0.7774,0.7913,0.9608,0.7570,0.1016
7,2,0,10,0.7192,0.7026,0.9809,0.6864,0.1035
7,2,0,11,0.7936,0.7934,0.9581,0.7779,0.1000
7,2,1,0,0.6155,0.5829,0.9988,0.5565,0.0868
7,2,1,1,0.7851,0.7808,0.9909,0.7612,0.0887
7,2,1,2,0.7519,0.7574,0.9990,0.7207,0.0897
7,2,1,3,0.8893,0.8608,0.9723,0.8895,0.0832
7,2,1,4,0.9295,0.9282,0.9875,0.9290,0.0662
7,2,1,5,0.8059,0.7509,0.9988,0.7838,0.0757
7,2,1,6,0.8888,0.8378,0.9935,0.8771,0.0471
7,2,1,7,0.9301,0.9323,0.9932,0.9278,0.0619
7,2,1,8,0.9120,0.9120,0.9959,0.9076,0.0662
7,2,1,9,0.9633,0.9642,0.9999,0.9623,0.0441
7,2,1,10,0.1650,0.4393,0.9992,0.0039,0.1008
7,2,1,11,0.3569,0.2770,0.9075,0.2652,0.0479
7,2,2,0,0.7370,0.6902,0.9887,0.7028,0.0846
7,2,2,1,0.9885,0.9876,0.9992,0.9883,0.0243
7,2,2,2,0.3860,0.3975,0.9902,0.2925,0.0594
7,2,2,3,0.6566,0.6412,0.9969,0.6061,0.0937
7,2,2,4,0.7139,0.7306,0.9986,0.6742,0.0700
7,2,2,5,0.5680,0.5685,0.9984,0.5012,0.0768
7,2,2,6,0.9417,0.9477,0.9998,0.9374,0.0457
7,2,2,7,0.5908,0.5816,0.9815,0.5254,0.1076
7,2,2,8,0.4727,0.6290,0.9999,0.3899,0.0697
7,2,2,9,0.5332,0.5102,0.9990,0.4599,0.0754
7,2,2,10,0.7884,0.7689,0.9813,0.7683,0.0965
7,2,2,11,0.9763,0.9729,0.9984,0.9778,0.0443
7,2,3,0,0.9988,0.9978,0.9999,0.9987,0.0051
7,2,3,1,0.9446,0.9338,1.0000,0.9416,0.0502
7,2,3,2,0.5299,0.5189,0.9997,0.4538,0.0825
7,2,3,3,0.7918,0.7942,0.9996,0.7650,0.0560
7,2,3,4,0.9983,0.9987,0.9999,0.9982,0.0067
7,2,3,5,0.9472,0.9452,0.9918,0.9448,0.0505
7,2,3,6,0.6951,0.6716,0.9997,0.6524,0.0873
7,2,3,7,0.6470,0.5973,0.9780,0.5958,0.0703
7,2,3,8,0.7379,0.7000,0.9947,0.7026,0.0770
7,2,3,9,0.6865,0.6792,1.0000,0.6421,0.0667
7,2,3,10,0.9626,0.9445,0.9996,0.9615,0.0438
7,2,3,11,0.6115,0.6908,1.0000,0.5533,0.0710
7,2,4,0,0.5628,0.7795,0.9582,0.5049,0.0365
7,2,4,1,0.8494,0.8209,0.9984,0.8317,0.0568
7,2,4,2,0.9959,0.9954,0.9985,0.9961,0.0171
7,2,4,3,0.8710,0.8619,0.9999,0.8575,0.0583
7,2,4,4,0.9912,0.9893,0.9979,0.9916,0.0249
7,2,4,5,0.9010,0.8573,0.9985,0.8922,0.0600
7,2,4,6,0.9210,0.9203,0.9868,0.9173,0.0630
7,2,4,7,0.5205,0.4861,0.9810,0.4475,0.0659
7,2,4,8,0.9743,0.9706,0.9988,0.9731,0.0322
7,2,4,9,0.7249,0.7612,0.9758,0.6879,0.0825
7,2,4,10,0.9951,0.9939,1.0000,0.9949,0.0129
7,2,4,11,0.2020,0.3280,0.8473,0.1128,0.0000
7,2,5,0,0.9913,0.9932,0.9999,0.9905,0.0132
7,2,5,1,1.0000,1.0000,1.0000,1.0000,0.0000
7,2,5,2,0.8310,0.8705,0.9623,0.8120,0.0659
7,2,5,3,0.9123,0.8898,0.9623,0.9069,0.0638
7,2,5,4,0.8710,0.8578,0.9912,0.8603,0.0732
7,2,5,5,0.9973,0.9961,0.9996,0.9971,0.0094
7,2,5,6,0.9484,0.9250,0.9953,0.9441,0.0411
7,2,5,7,0.9561,0.9351,0.9888,0.9533,0.0414
7,2,5,8,0.9698,0.9578,0.9977,0.9678,0.0325
7,2,5,9,0.9978,0.9978,1.0000,0.9978,0.0095
7,2,5,10,0.8684,0.8660,0.9976,0.8546,0.0603
7,2,5,11,0.9741,0.9717,0.9957,0.9738,0.0379
7,2,6,0,0.7491,0.8039,0.9735,0.7167,0.0838
7,2,6,1,0.9632,0.9663,0.9927,0.9600,0.0332
7,2,6,2,0.9902,0.9887,0.9996,0.9904,0.0252
7,2,6,3,0.8468,0.8658,0.9998,0.8303,0.0714
7,2,6,4,0.9541,0.9491,0.9946,0.9528,0.0502
7,2,6,5,0.9752,0.9734,0.9976,0.9757,0.0400
7,2,6,6,0.9747,0.9652,0.9986,0.9740,0.0352
7,2,6,7,0.8932,0.8908,0.9972,0.8827,0.0578
7,2,6,8,0.9005,0.8888,0.9995,0.8912,0.0576
7,2,6,9,1.0000,0.9999,1.0000,1.0000,0.0003
7,2,6,10,0.9982,0.9980,0.9999,0.9982,0.0094
7,2,6,11,0.9494,0.9197,0.9924,0.9465,0.0460
7,2,7,0,0.9541,0.9247,0.9986,0.9502,0.0379
7,2,7,1,0.9972,0.9951,1.0000,0.9971,0.0089
7,2,7,2,1.0000,1.0000,1.0000,1.0000,0.0000
7,2,7,3,0.9437,0.9498,0.9981,0.9405,0.0497
7,2,7,4,0.9780,0.9738,0.9965,0.9764,0.0260
7,2,7,5,0.9823,0.9801,0.9957,0.9828,0.0354
7,2,7,6,0.9926,0.9905,0.9998,0.9926,0.0203
7,2,7,7,0.9996,0.9996,1.0000,0.9996,0.0025
7,2,7,8,0.9080,0.8636,0.9999,0.8983,0.0413
7,2,7,9,0.9850,0.9801,0.9967,0.9849,0.0286
7,2,7,10,1.0000,1.0000,1.0000,1.0000,0.0000
7,2,7,11,0.9999,0.9999,1.0000,0.9999,0.0013
7,2,8,0,0.9903,0.9866,0.9970,0.9903,0.0230
7,2,8,1,0.9999,0.9999,1.0000,0.9999,0.0011
7,2,8,2,0.9477,0.9474,0.9984,0.9451,0.0495
7,2,8,3,0.9747,0.9570,0.9985,0.9724,0.0230
7,2,8,4,0.9282,0.8911,0.9945,0.9228,0.0533
7,2,8,5,0.8624,0.8329,0.9717,0.8515,0.0779
7,2,8,6,0.9814,0.9871,0.9998,0.9798,0.0194
7,2,8,7,0.9649,0.9425,0.9958,0.9624,0.0354
7,2,8,8,0.7700,0.7827,0.9981,0.7397,0.0573
7,2,8,9,0.9851,0.9813,1.0000,0.9846,0.0257
7,2,8,10,0.9627,0.9618,0.9990,0.9627,0.0473
7,2,8,11,0.9794,0.9809,1.0000,0.9785,0.0290
7,2,9,0,0.9810,0.9718,0.9996,0.9800,0.0276
7,2,9,1,0.9998,0.9998,1.0000,0.9998,0.0021
7,2,9,2,0.9994,0.9991,1.0000,0.9994,0.0033
7,2,9,3,0.9056,0.8890,0.9962,0.8967,0.0541
7,2,9,4,0.9980,0.9985,1.0000,0.9978,0.0046
7,2,9,5,0.9910,0.9887,1.0000,0.9909,0.0206
7,2,9,6,1.0000,1.0000,1.0000,1.0000,0.0005
7,2,9,7,0.9759,0.9760,0.9997,0.9745,0.0297
7,2,9,8,0.9963,0.9970,1.0000,0.9962,0.0106
7,2,9,9,1.0000,1.0000,1.0000,1.0000,0.0002
7,2,9,10,0.8894,0.8385,0.9993,0.8782,0.0575
7,2,9,11,0.9999,0.9999,1.0000,0.9999,0.0011
7,2,10,0,0.9959,0.9946,1.0000,0.9958,0.0125
7,2,10,1,0.9999,0.9998,1.0000,0.9999,0.0014
7,2,10,2,0.9994,0.9993,1.0000,0.9994,0.0033
7,2,10,3,0.9953,0.9940,1.0000,0.9951,0.0119
7,2,10,4,0.9883,0.9877,0.9990,0.9882,0.0241
7,2,10,5,0.9187,0.8907,0.9999,0.9098,0.0408
7,2,10,6,0.9998,0.9998,1.0000,0.9998,0.0021
7,2,10,7,0.9966,0.9957,0.9999,0.9968,0.0144
7,2,10,8,0.9997,0.9997,0.9999,0.9997,0.0029
7,2,10,9,0.8865,0.8087,0.9904,0.8730,0.0295
7,2,10,10,1.0000,1.0000,1.0000,1.0000,0.0006
7,2,10,11,0.9696,0.9534,0.9957,0.9663,0.0205
7,2,11,0,0.6218,0.6234,0.9862,0.5638,0.1027
7,2,11,1,0.9921,0.9909,0.9994,0.9920,0.0200
7,2,11,2,0.9990,0.9990,0.9996,0.9990,0.0060
7,2,11,3,0.8793,0.8811,0.9970,0.8679,0.0644
7,2,11,4,0.9899,0.9882,0.9981,0.9907,0.0302
7,2,11,5,0.9967,0.9974,1.0000,0.9966,0.0097
7,2,11,6,0.9999,0.9998,0.9999,0.9999,0.0017
7,2,11,7,0.9926,0.9897,0.9978,0.9925,0.0192
7,2,11,8,0.1517,0.4553,0.9957,0.0019,0.0840
7,2,11,9,0.9997,0.9997,0.9999,0.9997,0.0025
7,2,11,10,0.9441,0.9362,0.9939,0.9423,0.0541
7,2,11,11,0.9381,0.9182,0.9972,0.9342,0.0519
7,3,0,0,0.9095,0.8899,0.9703,0.8935,0.0470
7,3,0,1,0.1954,0.2529,0.8962,0.0741,0.0479
7,3,0,2,0.8513,0.8502,0.9981,0.8183,0.0405
7,3,0,3,0.3190,0.3262,0.8839,0.1999,0.0257
7,3,0,4,0.5783,0.5496,0.9804,0.4813,0.0251
7,3,0,5,0.3389,0.3324,0.8503,0.2196,0.0179
7,3,0,6,0.8487,0.8282,0.9833,0.8157,0.0483
7,3,0,7,0.7179,0.7087,0.9913,0.6489,0.0486
7,3,0,8,0.7237,0.7465,0.9997,0.6579,0.0370
7,3,0,9,0.8992,0.8819,0.9761,0.8816,0.0519
7,3,0,10,0.8471,0.8153,0.9910,0.8154,0.0538
7,3,0,11,0.9123,0.8926,0.9739,0.8990,0.0503
7,3,1,0,0.7577,0.7366,0.9999,0.7011,0.0375
7,3,1,1,0.9011,0.9008,0.9973,0.8806,0.0390
7,3,1,2,0.8856,0.8806,0.9998,0.8611,0.0403
7,3,1,3,0.9240,0.8923,0.9848,0.9104,0.0360
7,3,1,4,0.9813,0.9794,0.9953,0.9783,0.0203
7,3,1,5,0.8874,0.8529,0.9999,0.8631,0.0276
7,3,1,6,0.9164,0.8894,0.9846,0.8996,0.0070
7,3,1,7,0.9842,0.9843,0.9985,0.9813,0.0170
7,3,1,8,0.9754,0.9742,0.9996,0.9709,0.0168
7,3,1,9,0.9852,0.9860,0.9988,0.9824,0.0090
7,3,1,10,0.3129,0.5557,0.9997,0.1332,0.0537
7,3,1,11,0.4421,0.3910,0.8799,0.3340,0.0192
7,3,2,0,0.8558,0.8200,0.9961,0.8237,0.0352
7,3,2,1,0.9737,0.9800,0.9998,0.9704,0.0254
7,3,2,2,0.5285,0.5542,0.9797,0.4293,0.0192
7,3,2,3,0.7901,0.7724,0.9999,0.7410,0.0440
7,3,2,4,0.7977,0.8349,1.0000,0.7536,0.0257
7,3,2,5,0.7289,0.7338,1.0000,0.6677,0.0300
7,3,2,6,0.9766,0.9849,0.9991,0.9720,0.0090
7,3,2,7,0.7403,0.7071,0.9914,0.6763,0.0579
7,3,2,8,0.6121,0.7621,0.9974,0.5258,0.0222
7,3,2,9,0.6924,0.6680,0.9943,0.6225,0.0267
7,3,2,10,0.9019,0.8876,0.9913,0.8834,0.0468
7,3,2,11,0.9768,0.9814,1.0000,0.9723,0.0133
7,3,3,0,0.9451,0.9563,0.9974,0.9409,0.0446
7,3,3,1,0.9682,0.9727,0.9983,0.9618,0.0110
7,3,3,2,0.6600,0.6513,0.9993,0.5793,0.0348
7,3,3,3,0.8011,0.8488,0.9961,0.7603,0.0225
7,3,3,4,0.9576,0.9611,0.9989,0.9547,0.0430
7,3,3,5,0.9748,0.9787,0.9978,0.9697,0.0087
7,3,3,6,0.8261,0.8079,0.9964,0.7867,0.0376
7,3,3,7,0.7614,0.7208,0.9633,0.7098,0.0254
7,3,3,8,0.8362,0.8233,0.9991,0.8003,0.0352
7,3,3,9,0.7713,0.7920,0.9986,0.7220,0.0256
7,3,3,10,0.9689,0.9695,0.9961,0.9629,0.0157
7,3,3,11,0.7256,0.8214,0.9986,0.6644,0.0248
7,3,4,0,0.6164,0.8497,0.9387,0.5476,0.0252
7,3,4,1,0.8931,0.9095,1.0000,0.8713,0.0160
7,3,4,2,0.9639,0.9680,1.0000,0.9599,0.0332
7,3,4,3,0.9411,0.9379,0.9989,0.9289,0.0124
7,3,4,4,0.9657,0.9728,1.0000,0.9609,0.0260
7,3,4,5,0.9265,0.9163,1.0000,0.9112,0.0217
7,3,4,6,0.9821,0.9825,0.9949,0.9788,0.0143
7,3,4,7,0.6596,0.6407,0.9672,0.5858,0.0216
7,3,4,8,0.9704,0.9744,0.9999,0.9656,0.0178
7,3,4,9,0.8566,0.8682,0.9874,0.8248,0.0335
7,3,4,10,0.9587,0.9656,0.9983,0.9547,0.0368
7,3,4,11,0.3174,0.4750,0.8129,0.2172,0.0497
7,3,5,0,0.9479,0.9591,0.9974,0.9423,0.0365
7,3,5,1,0.9427,0.9488,0.9981,0.9395,0.0497
7,3,5,2,0.8906,0.9207,0.9772,0.8672,0.0238
7,3,5,3,0.9492,0.9479,0.9773,0.9386,0.0186
7,3,5,4,0.9399,0.9261,0.9975,0.9276,0.0254
7,3,5,5,0.9494,0.9576,0.9994,0.9449,0.0403
7,3,5,6,0.9243,0.9302,0.9994,0.9103,0.0235
7,3,5,7,0.9440,0.9338,0.9961,0.9335,0.0200
7,3,5,8,0.9395,0.9439,1.0000,0.9293,0.0254
7,3,5,9,0.9586,0.9636,0.9986,0.9551,0.0402
7,3,5,10,0.9393,0.9273,0.9915,0.9267,0.0157
7,3,5,11,0.9754,0.9773,0.9995,0.9710,0.0165
7,3,6,0,0.8193,0.8722,0.9857,0.7784,0.0402
7,3,6,1,0.9548,0.9555,0.9982,0.9476,0.0232
7,3,6,2,0.9703,0.9780,0.9994,0.9662,0.0244
7,3,6,3,0.9381,0.9399,0.9992,0.9251,0.0230
7,3,6,4,0.9508,0.9649,0.9991,0.9408,0.0084
7,3,6,5,0.9784,0.9838,1.0000,0.9743,0.0119
7,3,6,6,0.9557,0.9569,1.0000,0.9478,0.0205
7,3,6,7,0.9444,0.9490,0.9907,0.9330,0.0179
7,3,6,8,0.9350,0.9434,0.9995,0.9217,0.0165
7,3,6,9,0.9436,0.9497,0.9981,0.9402,0.0494
7,3,6,10,0.9566,0.9621,0.9989,0.9528,0.0403
7,3,6,11,0.9454,0.9501,0.9981,0.9346,0.0141
7,3,7,0,0.9137,0.9217,1.0000,0.8983,0.0219
7,3,7,1,0.9555,0.9642,0.9978,0.9519,0.0408
7,3,7,2,0.9437,0.9498,0.9981,0.9405,0.0497
7,3,7,3,1.0000,1.0000,1.0000,1.0000,0.0000
7,3,7,4,0.9671,0.9744,0.9997,0.9627,0.0256
7,3,7,5,0.9740,0.9821,0.9995,0.9695,0.0178
7,3,7,6,0.9695,0.9779,0.9991,0.9661,0.0294
7,3,7,7,0.9511,0.9563,0.9986,0.9479,0.0471
7,3,7,8,0.9476,0.9277,0.9974,0.9376,0.0144
7,3,7,9,0.9668,0.9819,0.9998,0.9618,0.0221
7,3,7,10,0.9434,0.9497,0.9981,0.9400,0.0497
7,3,7,11,0.9471,0.9526,0.9984,0.9438,0.0484
7,3,8,0,0.9471,0.9520,0.9999,0.9393,0.0289
7,3,8,1,0.9459,0.9510,0.9982,0.9426,0.0486
7,3,8,2,0.9877,0.9896,1.0000,0.9853,0.0068
7,3,8,3,0.9489,0.9500,0.9932,0.9419,0.0327
7,3,8,4,0.9144,0.9081,0.9991,0.8970,0.0176
7,3,8,5,0.9116,0.9134,0.9844,0.8930,0.0283
7,3,8,6,0.9619,0.9635,0.9990,0.9577,0.0319
7,3,8,7,0.9239,0.9342,0.9996,0.9105,0.0235
7,3,8,8,0.8427,0.8444,0.9923,0.8103,0.0165
7,3,8,9,0.9778,0.9812,0.9985,0.9751,0.0243
7,3,8,10,0.9800,0.9844,0.9998,0.9760,0.0103
7,3,8,11,0.9732,0.9739,0.9984,0.9694,0.0206
7,3,9,0,0.9465,0.9531,0.9961,0.9382,0.0259
7,3,9,1,0.9485,0.9541,0.9982,0.9453,0.0476
7,3,9,2,0.9499,0.9553,0.9983,0.9464,0.0463
7,3,9,3,0.9081,0.9092,0.9997,0.8894,0.0149
7,3,9,4,0.9547,0.9581,0.9985,0.9519,0.0451
7,3,9,5,0.9621,0.9705,0.9982,0.9573,0.0294
7,3,9,6,0.9450,0.9515,0.9982,0.9418,0.0492
7,3,9,7,0.9747,0.9768,0.9964,0.9711,0.0213
7,3,9,8,0.9630,0.9653,0.9983,0.9602,0.0390
7,3,9,9,0.9444,0.9503,0.9981,0.9412,0.0495
7,3,9,10,0.9170,0.9132,0.9997,0.9000,0.0163
7,3,9,11,0.9467,0.9528,0.9982,0.9435,0.0486
7,3,10,0,0.9544,0.9590,0.9985,0.9498,0.0371
7,3,10,1,0.9476,0.9535,0.9986,0.9444,0.0483
7,3,10,2,0.9516,0.9591,0.9985,0.9484,0.0463
7,3,10,3,0.9613,0.9718,0.9979,0.9579,0.0378
7,3,10,4,0.9669,0.9739,0.9999,0.9624,0.0259
7,3,10,5,0.9298,0.9523,0.9989,0.9175,0.0222
7,3,10,6,0.9463,0.9521,0.9987,0.9427,0.0476
7,3,10,7,0.9606,0.9685,0.9989,0.9565,0.0356
7,3,10,8,0.9466,0.9541,0.9987,0.9428,0.0468
7,3,10,9,0.9024,0.8740,0.9801,0.8855,0.0221
7,3,10,10,0.9447,0.9507,0.9983,0.9413,0.0490
7,3,10,11,0.9018,0.9013,0.9995,0.8878,0.0359
7,3,11,0,0.7778,0.7589,0.9945,0.7250,0.0530
7,3,11,1,0.9691,0.9758,0.9996,0.9657,0.0297
7,3,11,2,0.9514,0.9559,0.9995,0.9476,0.0437
7,3,11,3,0.9126,0.9169,0.9999,0.8942,0.0186
7,3,11,4,0.9674,0.9728,1.0000,0.9623,0.0227
7,3,11,5,0.9591,0.9626,0.9986,0.9558,0.0400
7,3,11,6,0.9474,0.9532,0.9989,0.9439,0.0479
7,3,11,7,0.9597,0.9670,1.0000,0.9548,0.0308
7,3,11,8,0.2864,0.5814,0.9881,0.1158,0.0375
7,3,11,9,0.9498,0.9550,0.9988,0.9466,0.0471
7,3,11,10,0.9639,0.9706,0.9988,0.9565,0.0146
7,3,11,11,0.9395,0.9465,0.9999,0.9273,0.0124
7,4,0,0,0.8636,0.8601,0.9755,0.8471,0.0703
7,4,0,1,0.1416,0.2017,0.8861,0.0282,0.0243
7,4,0,2,0.7734,0.7893,0.9992,0.7330,0.0641
7,4,0,3,0.2536,0.2688,0.8731,0.1395,0.0084
7,4,0,4,0.4952,0.4794,0.9758,0.3963,0.0478
7,4,0,5,0.2815,0.2786,0.8383,0.1683,0.0111
7,4,0,6,0.7908,0.7877,0.9871,0.7558,0.0713
7,4,0,7,0.6278,0.6299,0.9940,0.5520,0.0722
7,4,0,8,0.6272,0.6721,1.0000,0.5530,0.0600
7,4,0,9,0.8286,0.8338,0.9807,0.8047,0.0759
7,4,0,10,0.7742,0.7592,0.9938,0.7372,0.0775
7,4,0,11,0.8401,0.8421,0.9788,0.8198,0.0740
7,4,1,0,0.7000,0.6717,0.9994,0.6430,0.0608
7,4,1,1,0.8306,0.8364,0.9987,0.8032,0.0627
7,4,1,2,0.7940,0.8041,0.9992,0.7581,0.0637
7,4,1,3,0.9122,0.8786,0.9885,0.9053,0.0571
7,4,1,4,0.9491,0.9548,0.9972,0.9443,0.0443
7,4,1,5,0.8350,0.7955,0.9994,0.8074,0.0497
7,4,1,6,0.8989,0.8577,0.9804,0.8825,0.0233
7,4,1,7,0.9488,0.9551,0.9995,0.9428,0.0394
7,4,1,8,0.9336,0.9386,1.0000,0.9252,0.0414
7,4,1,9,0.9658,0.9706,0.9974,0.9609,0.0229
7,4,1,10,0.2431,0.4783,0.9990,0.0723,0.0748
7,4,1,11,0.3934,0.3381,0.8690,0.2913,0.0219
7,4,2,0,0.7874,0.7548,0.9978,0.7501,0.0586
7,4,2,1,0.9795,0.9819,0.9991,0.9763,0.0106
7,4,2,2,0.4618,0.4805,0.9749,0.3644,0.0333
7,4,2,3,0.7413,0.7172,1.0000,0.6936,0.0679
7,4,2,4,0.7435,0.7798,0.9995,0.6974,0.0440
7,4,2,5,0.6278,0.6393,0.9996,0.5572,0.0508
7,4,2,6,0.9454,0.9643,0.9979,0.9370,0.0200
7,4,2,7,0.6564,0.6313,0.9941,0.5868,0.0816
7,4,2,8,0.5752,0.7026,0.9955,0.4952,0.0437
7,4,2,9,0.6024,0.5867,0.9916,0.5263,0.0494
7,4,2,10,0.8394,0.8258,0.9940,0.8164,0.0705
7,4,2,11,0.9787,0.9768,0.9996,0.9762,0.0227
7,4,3,0,0.9795,0.9779,0.9955,0.9776,0.0210
7,4,3,1,0.9528,0.9496,0.9967,0.9460,0.0248
7,4,3,2,0.6157,0.5963,0.9983,0.5400,0.0565
7,4,3,3,0.7964,0.8290,0.9938,0.7616,0.0300
7,4,3,4,0.9803,0.9792,0.9975,0.9782,0.0197
7,4,3,5,0.9630,0.9682,0.9990,0.9581,0.0251
7,4,3,6,0.7727,0.7485,0.9942,0.7321,0.0613
7,4,3,7,0.7018,0.6647,0.9570,0.6479,0.0443
7,4,3,8,0.7813,0.7667,0.9998,0.7425,0.0510
7,4,3,9,0.7668,0.7626,0.9971,0.7256,0.0406
7,4,3,10,0.9679,0.9581,0.9938,0.9633,0.0178
7,4,3,11,0.7068,0.7784,0.9972,0.6529,0.0449
7,4,4,0,0.6444,0.8325,0.9307,0.5885,0.0130
7,4,4,1,0.8651,0.8545,0.9996,0.8428,0.0308
7,4,4,2,0.9876,0.9852,0.9996,0.9858,0.0162
7,4,4,3,0.9179,0.9146,0.9976,0.9053,0.0322
7,4,4,4,0.9843,0.9843,0.9998,0.9818,0.0135
7,4,4,5,0.9401,0.9049,0.9996,0.9315,0.0340
7,4,4,6,0.9470,0.9565,0.9969,0.9407,0.0370
7,4,4,7,0.5799,0.5645,0.9612,0.5025,0.0398
7,4,4,8,0.9673,0.9722,0.9994,0.9622,0.0135
7,4,4,9,0.8038,0.8304,0.9907,0.7699,0.0565
7,4,4,10,0.9777,0.9780,0.9967,0.9747,0.0144
7,4,4,11,0.2626,0.4165,0.7997,0.1671,0.0260
7,4,5,0,0.9666,0.9746,0.9955,0.9622,0.0141
7,4,5,1,0.9775,0.9733,0.9965,0.9760,0.0260
7,4,5,2,0.8665,0.9227,0.9817,0.8446,0.0398
7,4,5,3,0.9573,0.9447,0.9818,0.9528,0.0378
7,4,5,4,0.9186,0.9171,0.9988,0.9080,0.0471
7,4,5,5,0.9785,0.9779,0.9984,0.9761,0.0173
7,4,5,6,0.9437,0.9332,0.9999,0.9348,0.0160
7,4,5,7,0.9598,0.9499,0.9979,0.9536,0.0160
7,4,5,8,0.9572,0.9617,0.9999,0.9506,0.0097
7,4,5,9,0.9802,0.9805,0.9972,0.9778,0.0175
7,4,5,10,0.8992,0.8932,0.9884,0.8832,0.0343
7,4,5,11,0.9807,0.9849,1.0000,0.9780,0.0135
7,4,6,0,0.8117,0.8724,0.9892,0.7794,0.0578
7,4,6,1,0.9648,0.9785,0.9993,0.9594,0.0100
7,4,6,2,0.9840,0.9823,0.9984,0.9816,0.0141
7,4,6,3,0.8643,0.8873,0.9981,0.8420,0.0454
7,4,6,4,0.9481,0.9575,0.9998,0.9405,0.0248
7,4,6,5,0.9757,0.9772,0.9999,0.9723,0.0187
7,4,6,6,0.9598,0.9646,0.9995,0.9536,0.0114
7,4,6,7,0.9061,0.9119,0.9874,0.8911,0.0317
7,4,6,8,0.9168,0.9123,0.9986,0.9038,0.0316
7,4,6,9,0.9775,0.9737,0.9965,0.9759,0.0257
7,4,6,10,0.9802,0.9785,0.9975,0.9778,0.0179
7,4,6,11,0.9566,0.9401,0.9992,0.9502,0.0200
7,4,7,0,0.9495,0.9353,0.9995,0.9416,0.0125
7,4,7,1,0.9843,0.9819,0.9960,0.9826,0.0181
7,4,7,2,0.9780,0.9738,0.9965,0.9764,0.0260
7,4,7,3,0.9671,0.9744,0.9997,0.9627,0.0256
7,4,7,4,1.0000,1.0000,1.0000,1.0000,0.0000
7,4,7,5,0.9872,0.9870,1.0000,0.9854,0.0154
7,4,7,6,0.9826,0.9813,0.9979,0.9801,0.0124
7,4,7,7,0.9797,0.9771,0.9972,0.9779,0.0235
7,4,7,8,0.9292,0.9059,0.9955,0.9180,0.0159
7,4,7,9,0.9799,0.9803,1.0000,0.9769,0.0117
7,4,7,10,0.9779,0.9739,0.9965,0.9762,0.0260
7,4,7,11,0.9790,0.9752,0.9969,0.9773,0.0248
7,4,8,0,0.9687,0.9739,1.0000,0.9639,0.0113
7,4,8,1,0.9792,0.9748,0.9966,0.9775,0.0249
7,4,8,2,0.9548,0.9645,0.9996,0.9483,0.0254
7,4,8,3,0.9598,0.9485,0.9903,0.9538,0.0135
7,4,8,4,0.9339,0.9152,0.9998,0.9238,0.0273
7,4,8,5,0.8948,0.8777,0.9881,0.8801,0.0519
7,4,8,6,0.9791,0.9809,0.9978,0.9762,0.0114
7,4,8,7,0.9651,0.9550,1.0000,0.9597,0.0094
7,4,8,8,0.7655,0.8033,0.9893,0.7249,0.0313
7,4,8,9,0.9868,0.9850,0.9970,0.9848,0.0083
7,4,8,10,0.9681,0.9718,0.9992,0.9640,0.0216
7,4,8,11,0.9681,0.9756,0.9968,0.9632,0.0065
7,4,9,0,0.9640,0.9617,0.9938,0.9585,0.0079
7,4,9,1,0.9795,0.9759,0.9966,0.9778,0.0240
7,4,9,2,0.9787,0.9762,0.9967,0.9767,0.0227
7,4,9,3,0.8903,0.8947,1.0000,0.8724,0.0281
7,4,9,4,0.9798,0.9783,0.9970,0.9779,0.0214
7,4,9,5,0.9745,0.9752,0.9967,0.9707,0.0105
7,4,9,6,0.9787,0.9750,0.9966,0.9771,0.0256
7,4,9,7,0.9722,0.9725,0.9943,0.9679,0.0056
7,4,9,8,0.9814,0.9797,0.9967,0.9792,0.0157
7,4,9,9,0.9782,0.9743,0.9965,0.9767,0.0259
7,4,9,10,0.9347,0.9037,0.9989,0.9248,0.0314
7,4,9,11,0.9788,0.9748,0.9966,0.9771,0.0249
7,4,10,0,0.9760,0.9759,0.9970,0.9728,0.0157
7,4,10,1,0.9795,0.9763,0.9972,0.9779,0.0246
7,4,10,2,0.9812,0.9780,0.9970,0.9795,0.0227
7,4,10,3,0.9832,0.9818,0.9962,0.9812,0.0154
7,4,10,4,0.9777,0.9818,0.9992,0.9743,0.0089
7,4,10,5,0.9495,0.9372,0.9977,0.9416,0.0151
7,4,10,6,0.9782,0.9754,0.9972,0.9763,0.0240
7,4,10,7,0.9839,0.9817,0.9976,0.9818,0.0151
7,4,10,8,0.9786,0.9761,0.9974,0.9767,0.0235
7,4,10,9,0.9096,0.8570,0.9754,0.8954,0.0098
7,4,10,10,0.9784,0.9747,0.9968,0.9767,0.0254
7,4,10,11,0.9480,0.9427,1.0000,0.9407,0.0157
7,4,11,0,0.6896,0.6815,0.9966,0.6291,0.0767
7,4,11,1,0.9835,0.9821,0.9987,0.9811,0.0130
7,4,11,2,0.9807,0.9787,0.9985,0.9787,0.0213
7,4,11,3,0.8690,0.8987,1.0000,0.8474,0.0384
7,4,11,4,0.9857,0.9834,0.9997,0.9836,0.0175
7,4,11,5,0.9791,0.9796,0.9972,0.9765,0.0173
7,4,11,6,0.9798,0.9762,0.9976,0.9781,0.0243
7,4,11,7,0.9808,0.9788,0.9998,0.9781,0.0129
7,4,11,8,0.2193,0.4965,0.9844,0.0579,0.0579
7,4,11,9,0.9805,0.9771,0.9974,0.9788,0.0235
7,4,11,10,0.9636,0.9668,0.9997,0.9592,0.0281
7,4,11,11,0.9513,0.9496,1.0000,0.9442,0.0259
7,5,0,0,0.8890,0.8728,0.9773,0.8726,0.0610
7,5,0,1,0.1647,0.2123,0.8822,0.0464,0.0337
7,5,0,2,0.8064,0.8081,0.9995,0.7674,0.0548
7,5,0,3,0.2763,0.2830,0.8690,0.1575,0.0200
7,5,0,4,0.5255,0.5035,0.9739,0.4242,0.0384
7,5,0,5,0.3056,0.2905,0.8337,0.1880,0.0179
7,5,0,6,0.8205,0.8041,0.9884,0.7859,0.0619
7,5,0,7,0.6686,0.6590,0.9949,0.5941,0.0632
7,5,0,8,0.6660,0.6994,1.0000,0.5928,0.0506
7,5,0,9,0.8652,0.8558,0.9823,0.8439,0.0662
7,5,0,10,0.8086,0.7756,0.9947,0.7727,0.0681
7,5,0,11,0.8748,0.8634,0.9804,0.8568,0.0646
7,5,1,0,0.7228,0.6888,0.9991,0.6638,0.0524
7,5,1,1,0.8714,0.8633,0.9991,0.8480,0.0540
7,5,1,2,0.8343,0.8319,0.9988,0.8018,0.0552
7,5,1,3,0.9357,0.8993,0.9897,0.9294,0.0478
7,5,1,4,0.9677,0.9706,0.9978,0.9639,0.0308
7,5,1,5,0.8619,0.8162,0.9991,0.8354,0.0403
7,5,1,6,0.9217,0.8728,0.9787,0.9073,0.0133
7,5,1,7,0.9689,0.9706,0.9997,0.9644,0.0278
7,5,1,8,0.9559,0.9573,1.0000,0.9491,0.0308
7,5,1,9,0.9832,0.9849,0.9968,0.9803,0.0132
7,5,1,10,0.2842,0.4960,0.9986,0.1099,0.0670
7,5,1,11,0.4238,0.3498,0.8648,0.3193,0.0221
7,5,2,0,0.8250,0.7798,0.9983,0.7903,0.0498
7,5,2,1,0.9915,0.9922,0.9987,0.9905,0.0111
7,5,2,2,0.5055,0.5069,0.9730,0.4086,0.0271
7,5,2,3,0.7615,0.7311,0.9999,0.7114,0.0583
7,5,2,4,0.7902,0.8175,0.9992,0.7486,0.0375
7,5,2,5,0.6852,0.6771,0.9993,0.6198,0.0430
7,5,2,6,0.9630,0.9781,0.9973,0.9564,0.0141
7,5,2,7,0.6952,0.6610,0.9950,0.6265,0.0722
7,5,2,8,0.5820,0.7225,0.9947,0.4958,0.0349
7,5,2,9,0.6378,0.6180,0.9905,0.5618,0.0406
7,5,2,10,0.8676,0.8513,0.9949,0.8452,0.0611
7,5,2,11,0.9919,0.9917,0.9994,0.9906,0.0098
7,5,3,0,0.9841,0.9829,0.9947,0.9841,0.0303
7,5,3,1,0.9703,0.9667,0.9960,0.9650,0.0179
7,5,3,2,0.6332,0.6130,0.9977,0.5533,0.0475
7,5,3,3,0.8331,0.8529,0.9929,0.8015,0.0254
7,5,3,4,0.9857,0.9858,0.9969,0.9854,0.0287
7,5,3,5,0.9712,0.9718,0.9994,0.9661,0.0160
7,5,3,6,0.7877,0.7634,0.9933,0.7442,0.0522
7,5,3,7,0.7207,0.6850,0.9546,0.6650,0.0371
7,5,3,8,0.8182,0.7903,0.9999,0.7822,0.0448
7,5,3,9,0.7557,0.7721,0.9964,0.7073,0.0332
7,5,3,10,0.9815,0.9712,0.9929,0.9782,0.0119
7,5,3,11,0.7055,0.7888,0.9965,0.6452,0.0365
7,5,4,0,0.6186,0.8271,0.9277,0.5542,0.0243
7,5,4,1,0.9012,0.8871,0.9994,0.8829,0.0240
7,5,4,2,0.9913,0.9906,0.9993,0.9907,0.0183
7,5,4,3,0.9141,0.9144,0.9970,0.8981,0.0229
7,5,4,4,0.9918,0.9932,0.9996,0.9907,0.0105
7,5,4,5,0.9378,0.9102,0.9993,0.9265,0.0281
7,5,4,6,0.9647,0.9684,0.9975,0.9593,0.0279
7,5,4,7,0.6048,0.5814,0.9589,0.5254,0.0317
7,5,4,8,0.9796,0.9872,0.9991,0.9762,0.0111
7,5,4,9,0.8093,0.8291,0.9918,0.7710,0.0471
7,5,4,10,0.9850,0.9869,0.9960,0.9839,0.0225
7,5,4,11,0.3067,0.4217,0.7946,0.2107,0.0354
7,5,5,0,0.9854,0.9838,0.9947,0.9845,0.0229
7,5,5,1,0.9819,0.9796,0.9957,0.9825,0.0354
7,5,5,2,0.8839,0.9213,0.9833,0.8619,0.0321
7,5,5,3,0.9562,0.9425,0.9833,0.9490,0.0284
7,5,5,4,0.9261,0.9209,0.9992,0.9134,0.0378
7,5,5,5,0.9855,0.9854,0.9979,0.9851,0.0260
7,5,5,6,0.9612,0.9572,1.0000,0.9544,0.0194
7,5,5,7,0.9668,0.9600,0.9984,0.9608,0.0133
7,5,5,8,0.9778,0.9718,0.9997,0.9741,0.0146
7,5,5,9,0.9889,0.9872,0.9965,0.9887,0.0259
7,5,5,10,0.9091,0.9009,0.9871,0.8921,0.0252
7,5,5,11,0.9837,0.9902,1.0000,0.9808,0.0070
7,5,6,0,0.8207,0.8604,0.9904,0.7849,0.0497
7,5,6,1,0.9729,0.9761,0.9996,0.9685,0.0159
7,5,6,2,0.9939,0.9926,0.9979,0.9931,0.0102
7,5,6,3,0.9036,0.9122,0.9975,0.8857,0.0376
7,5,6,4,0.9751,0.9740,0.9999,0.9708,0.0160
7,5,6,5,0.9911,0.9915,0.9997,0.9895,0.0084
7,5,6,6,0.9785,0.9757,0.9992,0.9747,0.0090
7,5,6,7,0.9320,0.9278,0.9861,0.9196,0.0243
7,5,6,8,0.9424,0.9370,0.9981,0.9319,0.0251
7,5,6,9,0.9823,0.9803,0.9958,0.9828,0.0351
7,5,6,10,0.9888,0.9872,0.9969,0.9886,0.0260
7,5,6,11,0.9725,0.9570,0.9995,0.9676,0.0135
7,5,7,0,0.9637,0.9501,0.9992,0.9575,0.0184
7,5,7,1,0.9876,0.9865,0.9953,0.9875,0.0265
7,5,7,2,0.9823,0.9801,0.9957,0.9828,0.0354
7,5,7,3,0.9740,0.9821,0.9995,0.9695,0.0178
7,5,7,4,0.9872,0.9870,1.0000,0.9854,0.0154
7,5,7,5,1.0000,1.0000,1.0000,1.0000,0.0000
7,5,7,6,0.9919,0.9910,0.9973,0.9912,0.0151
7,5,7,7,0.9847,0.9837,0.9965,0.9849,0.0329
7,5,7,8,0.9359,0.9127,0.9947,0.9244,0.0116
7,5,7,9,0.9936,0.9927,0.9999,0.9927,0.0078
7,5,7,10,0.9823,0.9802,0.9958,0.9828,0.0354
7,5,7,11,0.9838,0.9818,0.9962,0.9842,0.0341
7,5,8,0,0.9863,0.9858,0.9999,0.9844,0.0133
7,5,8,1,0.9836,0.9811,0.9959,0.9840,0.0343
7,5,8,2,0.9732,0.9799,0.9994,0.9685,0.0183
7,5,8,3,0.9724,0.9597,0.9891,0.9685,0.0213
7,5,8,4,0.9524,0.9341,0.9999,0.9438,0.0208
7,5,8,5,0.9273,0.9069,0.9893,0.9156,0.0425
7,5,8,6,0.9822,0.9822,0.9972,0.9802,0.0217
7,5,8,7,0.9734,0.9657,1.0000,0.9689,0.0156
7,5,8,8,0.8254,0.8318,0.9881,0.7922,0.0232
7,5,8,9,0.9890,0.9893,0.9963,0.9874,0.0122
7,5,8,10,0.9866,0.9840,0.9988,0.9845,0.0125
7,5,8,11,0.9840,0.9866,0.9961,0.9815,0.0102
7,5,9,0,0.9806,0.9742,0.9929,0.9777,0.0138
7,5,9,1,0.9841,0.9826,0.9959,0.9845,0.0333
7,5,9,2,0.9847,0.9836,0.9960,0.9848,0.0321
7,5,9,3,0.9375,0.9298,1.0000,0.9261,0.0216
7,5,9,4,0.9824,0.9837,0.9963,0.9822,0.0308
7,5,9,5,0.9890,0.9877,0.9959,0.9878,0.0151
7,5,9,6,0.9829,0.9811,0.9959,0.9835,0.0349
7,5,9,7,0.9820,0.9825,0.9934,0.9792,0.0130
7,5,9,8,0.9877,0.9875,0.9960,0.9873,0.0248
7,5,9,9,0.9824,0.9804,0.9958,0.9829,0.0352
7,5,9,10,0.9322,0.9002,0.9984,0.9197,0.0275
7,5,9,11,0.9839,0.9817,0.9958,0.9843,0.0343
7,5,10,0,0.9868,0.9847,0.9964,0.9861,0.0229
7,5,10,1,0.9839,0.9824,0.9966,0.9843,0.0340
7,5,10,2,0.9858,0.9844,0.9963,0.9861,0.0321
7,5,10,3,0.9892,0.9884,0.9954,0.9888,0.0235
7,5,10,4,0.9926,0.9920,0.9989,0.9918,0.0113
7,5,10,5,0.9433,0.9327,0.9970,0.9336,0.0235
7,5,10,6,0.9837,0.9821,0.9966,0.9840,0.0333
7,5,10,7,0.9912,0.9893,0.9970,0.9908,0.0210
7,5,10,8,0.9850,0.9834,0.9967,0.9852,0.0325
7,5,10,9,0.9057,0.8581,0.9735,0.8898,0.0087
7,5,10,10,0.9831,0.9809,0.9961,0.9835,0.0348
7,5,10,11,0.9583,0.9486,1.0000,0.9528,0.0257
7,5,11,0,0.7314,0.7025,0.9973,0.6731,0.0673
7,5,11,1,0.9900,0.9902,0.9983,0.9891,0.0154
7,5,11,2,0.9853,0.9845,0.9980,0.9851,0.0294
7,5,11,3,0.9205,0.9257,0.9999,0.9060,0.0290
7,5,11,4,0.9954,0.9940,0.9995,0.9947,0.0065
7,5,11,5,0.9855,0.9868,0.9965,0.9848,0.0260
7,5,11,6,0.9842,0.9823,0.9970,0.9845,0.0337
7,5,11,7,0.9873,0.9862,0.9997,0.9860,0.0165
7,5,11,8,0.2595,0.5185,0.9829,0.0944,0.0508
7,5,11,9,0.9846,0.9834,0.9968,0.9849,0.0329
7,5,11,10,0.9717,0.9757,0.9998,0.9670,0.0194
7,5,11,11,0.9654,0.9554,0.9998,0.9593,0.0190
7,6,0,0,0.8588,0.8417,0.9591,0.8429,0.0760
7,6,0,1,0.1491,0.2021,0.9143,0.0388,0.0186
7,6,0,2,0.7846,0.7883,0.9945,0.7485,0.0698
7,6,0,3,0.2576,0.2642,0.9030,0.1463,0.0167
7,6,0,4,0.4937,0.4639,0.9879,0.3968,0.0535
7,6,0,5,0.2876,0.2730,0.8720,0.1776,0.0200
7,6,0,6,0.7945,0.7795,0.9747,0.7623,0.0770
7,6,0,7,0.6194,0.6246,0.9848,0.5441,0.0779
7,6,0,8,0.6282,0.6745,0.9976,0.5566,0.0657
7,6,0,9,0.8317,0.8329,0.9659,0.8106,0.0813
7,6,0,10,0.7792,0.7535,0.9844,0.7458,0.0832
7,6,0,11,0.8478,0.8412,0.9633,0.8316,0.0797
7,6,1,0,0.6818,0.6548,0.9995,0.6226,0.0668
7,6,1,1,0.8393,0.8399,0.9932,0.8155,0.0684
7,6,1,2,0.8113,0.8196,0.9997,0.7809,0.0697
7,6,1,3,0.9173,0.8843,0.9765,0.9131,0.0629
7,6,1,4,0.9609,0.9601,0.9903,0.9594,0.0459
7,6,1,5,0.8506,0.8081,0.9995,0.8276,0.0554
7,6,1,6,0.9150,0.8782,0.9911,0.9021,0.0268
7,6,1,7,0.9643,0.9654,0.9952,0.9620,0.0416
7,6,1,8,0.9464,0.9485,0.9974,0.9414,0.0459
7,6,1,9,0.9825,0.9842,1.0000,0.9808,0.0241
7,6,1,10,0.2289,0.4873,0.9998,0.0583,0.0808
7,6,1,11,0.4068,0.3348,0.8993,0.3091,0.0292
7,6,2,0,0.7924,0.7590,0.9914,0.7578,0.0643
7,6,2,1,0.9967,0.9971,0.9998,0.9962,0.0049
7,6,2,2,0.4503,0.4708,0.9873,0.3530,0.0394
7,6,2,3,0.7162,0.6998,0.9982,0.6646,0.0733
7,6,2,4,0.7601,0.7876,0.9994,0.7187,0.0500
7,6,2,5,0.6352,0.6478,0.9993,0.5679,0.0565
7,6,2,6,0.9648,0.9754,1.0000,0.9602,0.0257
7,6,2,7,0.6606,0.6391,0.9850,0.5949,0.0873
7,6,2,8,0.5324,0.6946,0.9996,0.4460,0.0494
7,6,2,9,0.6133,0.5889,0.9979,0.5415,0.0551
7,6,2,10,0.8480,0.8272,0.9847,0.8290,0.0762
7,6,2,11,0.9913,0.9898,0.9993,0.9914,0.0240
7,6,3,0,0.9928,0.9932,0.9996,0.9925,0.0156
7,6,3,1,0.9679,0.9632,0.9999,0.9642,0.0302
7,6,3,2,0.5844,0.5791,1.0000,0.5040,0.0622
7,6,3,3,0.8134,0.8343,0.9989,0.7827,0.0370
7,6,3,4,0.9954,0.9946,1.0000,0.9952,0.0137
7,6,3,5,0.9665,0.9721,0.9941,0.9627,0.0302
7,6,3,6,0.7551,0.7325,0.9991,0.7123,0.0670
7,6,3,7,0.7070,0.6631,0.9739,0.6557,0.0500
7,6,3,8,0.7812,0.7660,0.9964,0.7438,0.0570
7,6,3,9,0.7279,0.7328,0.9999,0.6805,0.0463
7,6,3,10,0.9811,0.9696,0.9989,0.9792,0.0238
7,6,3,11,0.6590,0.7486,1.0000,0.5972,0.0506
7,6,4,0,0.5849,0.8173,0.9526,0.5210,0.0200
7,6,4,1,0.8857,0.8701,0.9993,0.8677,0.0365
7,6,4,2,0.9965,0.9955,0.9994,0.9961,0.0041
7,6,4,3,0.9075,0.9012,1.0000,0.8937,0.0379
7,6,4,4,0.9943,0.9959,0.9989,0.9935,0.0049
7,6,4,5,0.9259,0.8945,0.9993,0.9154,0.0397
7,6,4,6,0.9561,0.9562,0.9897,0.9523,0.0427
7,6,4,7,0.5870,0.5618,0.9771,0.5128,0.0456
7,6,4,8,0.9828,0.9867,0.9995,0.9804,0.0129
7,6,4,9,0.7762,0.8093,0.9798,0.7378,0.0622
7,6,4,10,0.9934,0.9962,0.9999,0.9926,0.0090
7,6,4,11,0.2561,0.3978,0.8370,0.1615,0.0203
7,6,5,0,0.9907,0.9916,0.9996,0.9896,0.0119
7,6,5,1,0.9923,0.9901,0.9998,0.9923,0.0203
7,6,5,2,0.8601,0.8924,0.9673,0.8382,0.0456
7,6,5,3,0.9355,0.9222,0.9673,0.9277,0.0435
7,6,5,4,0.9068,0.8941,0.9936,0.8948,0.0529
7,6,5,5,0.9919,0.9927,1.0000,0.9912,0.0122
7,6,5,6,0.9561,0.9450,0.9969,0.9496,0.0240
7,6,5,7,0.9623,0.9485,0.9915,0.9569,0.0217
7,6,5,8,0.9709,0.9641,0.9988,0.9666,0.0144
7,6,5,9,0.9970,0.9960,1.0000,0.9969,0.0108
7,6,5,10,0.9041,0.9050,0.9962,0.8897,0.0400
7,6,5,11,0.9840,0.9861,0.9972,0.9822,0.0176
7,6,6,0,0.7890,0.8348,0.9776,0.7534,0.0635
7,6,6,1,0.9677,0.9702,0.9948,0.9629,0.0148
7,6,6,2,0.9961,0.9978,1.0000,0.9956,0.0052
7,6,6,3,0.8919,0.9093,1.0000,0.8759,0.0511
7,6,6,4,0.9710,0.9722,0.9963,0.9680,0.0298
7,6,6,5,0.9899,0.9917,0.9987,0.9893,0.0197
7,6,6,6,0.9839,0.9781,0.9994,0.9819,0.0149
7,6,6,7,0.9333,0.9316,0.9956,0.9239,0.0375
7,6,6,8,0.9275,0.9262,0.9999,0.9171,0.0376
7,6,6,9,0.9926,0.9907,0.9998,0.9927,0.0200
7,6,6,10,0.9967,0.9958,1.0000,0.9964,0.0110
7,6,6,11,0.9642,0.9509,0.9945,0.9595,0.0257
7,6,7,0,0.9584,0.9392,0.9994,0.9522,0.0208
7,6,7,1,0.9955,0.9947,0.9997,0.9952,0.0130
7,6,7,2,0.9926,0.9905,0.9998,0.9926,0.0203
7,6,7,3,0.9695,0.9779,0.9991,0.9661,0.0294
7,6,7,4,0.9826,0.9813,0.9979,0.9801,0.0124
7,6,7,5,0.9919,0.9910,0.9973,0.9912,0.0151
7,6,7,6,1.0000,1.0000,1.0000,1.0000,0.0000
7,6,7,7,0.9947,0.9934,1.0000,0.9947,0.0178
7,6,7,8,0.9406,0.9054,0.9996,0.9317,0.0210
7,6,7,9,0.9944,0.9941,0.9981,0.9937,0.0086
7,6,7,10,0.9925,0.9906,0.9998,0.9925,0.0203
7,6,7,11,0.9937,0.9919,0.9999,0.9937,0.0190
7,6,8,0,0.9901,0.9869,0.9983,0.9886,0.0062
7,6,8,1,0.9930,0.9912,0.9999,0.9929,0.0192
7,6,8,2,0.9736,0.9771,0.9993,0.9708,0.0292
7,6,8,3,0.9774,0.9736,0.9973,0.9741,0.0110
7,6,8,4,0.9461,0.9167,0.9963,0.9387,0.0333
7,6,8,5,0.8971,0.8790,0.9760,0.8842,0.0576
7,6,8,6,0.9823,0.9869,1.0000,0.9798,0.0114
7,6,8,7,0.9688,0.9537,0.9974,0.9642,0.0167
7,6,8,8,0.8116,0.8251,0.9967,0.7805,0.0370
7,6,8,9,0.9949,0.9946,0.9999,0.9942,0.0067
7,6,8,10,0.9834,0.9835,0.9997,0.9825,0.0270
7,6,8,11,0.9887,0.9913,0.9999,0.9872,0.0097
7,6,9,0,0.9844,0.9828,0.9989,0.9821,0.0127
7,6,9,1,0.9937,0.9923,0.9998,0.9936,0.0183
7,6,9,2,0.9944,0.9935,0.9999,0.9942,0.0170
7,6,9,3,0.9263,0.9160,0.9977,0.9154,0.0341
7,6,9,4,0.9930,0.9933,0.9999,0.9926,0.0157
7,6,9,5,0.9945,0.9971,0.9999,0.9937,0.0032
7,6,9,6,0.9931,0.9912,0.9998,0.9931,0.0198
7,6,9,7,0.9842,0.9911,0.9991,0.9819,0.0100
7,6,9,8,0.9951,0.9956,0.9999,0.9947,0.0103
7,6,9,9,0.9927,0.9907,0.9998,0.9927,0.0202
7,6,9,10,0.9129,0.8833,0.9999,0.8999,0.0375
7,6,9,11,0.9937,0.9919,0.9998,0.9937,0.0192
7,6,10,0,0.9955,0.9949,0.9999,0.9950,0.0106
7,6,10,1,0.9938,0.9921,1.0000,0.9937,0.0189
7,6,10,2,0.9954,0.9941,0.9999,0.9954,0.0170
7,6,10,3,0.9973,0.9969,0.9997,0.9971,0.0090
7,6,10,4,0.9948,0.9949,0.9997,0.9940,0.0063
7,6,10,5,0.9366,0.9285,1.0000,0.9270,0.0256
7,6,10,6,0.9936,0.9920,1.0000,0.9935,0.0183
7,6,10,7,0.9969,0.9973,1.0000,0.9966,0.0065
7,6,10,8,0.9941,0.9925,1.0000,0.9940,0.0175
7,6,10,9,0.9153,0.8509,0.9876,0.9024,0.0095
7,6,10,10,0.9929,0.9910,0.9999,0.9929,0.0197
7,6,10,11,0.9594,0.9445,0.9973,0.9537,0.0157
7,6,11,0,0.6929,0.6812,0.9892,0.6357,0.0824
7,6,11,1,0.9963,0.9968,0.9999,0.9958,0.0041
7,6,11,2,0.9941,0.9928,1.0000,0.9937,0.0146
7,6,11,3,0.9108,0.9138,0.9983,0.8982,0.0441
7,6,11,4,0.9944,0.9928,0.9991,0.9938,0.0102
7,6,11,5,0.9951,0.9955,1.0000,0.9947,0.0122
7,6,11,6,0.9937,0.9921,1.0000,0.9936,0.0186
7,6,11,7,0.9928,0.9939,0.9989,0.9917,0.0033
7,6,11,8,0.2124,0.5132,0.9937,0.0529,0.0640
7,6,11,9,0.9941,0.9927,1.0000,0.9941,0.0178
7,6,11,10,0.9679,0.9634,0.9958,0.9650,0.0338
7,6,11,11,0.9617,0.9455,0.9985,0.9570,0.0316
7,7,0,0,0.8192,0.8150,0.9563,0.8038,0.0938
7,7,0,1,0.1153,0.1603,0.9182,0.0119,0.0014
7,7,0,2,0.7354,0.7404,0.9935,0.6985,0.0876
7,7,0,3,0.2136,0.2158,0.9072,0.1077,0.0284
7,7,0,4,0.4359,0.4080,0.9894,0.3405,0.0713
7,7,0,5,0.2463,0.2268,0.8767,0.1418,0.0333
7,7,0,6,0.7453,0.7386,0.9724,0.7124,0.0948
7,7,0,7,0.5613,0.5661,0.9831,0.4859,0.0957
7,7,0,8,0.5811,0.6207,0.9969,0.5114,0.0835
7,7,0,9,0.7890,0.7996,0.9633,0.7683,0.0990
7,7,0,10,0.7314,0.7125,0.9827,0.6982,0.1010
7,7,0,11,0.8053,0.8030,0.9607,0.7894,0.0975
7,7,1,0,0.6274,0.5956,0.9992,0.5678,0.0843
7,7,1,1,0.7963,0.7920,0.9921,0.7721,0.0862
7,7,1,2,0.7641,0.7681,0.9994,0.7328,0.0871
7,7,1,3,0.8958,0.8670,0.9744,0.8950,0.0806
7,7,1,4,0.9370,0.9352,0.9889,0.9363,0.0637
7,7,1,5,0.8141,0.7614,0.9992,0.7913,0.0732
7,7,1,6,0.8933,0.8448,0.9924,0.8810,0.0446
7,7,1,7,0.9378,0.9390,0.9942,0.9354,0.0594
7,7,1,8,0.9199,0.9194,0.9967,0.9154,0.0637
7,7,1,9,0.9685,0.9689,1.0000,0.9674,0.0416
7,7,1,10,0.1785,0.4477,0.9996,0.0154,0.0983
7,7,1,11,0.3656,0.2879,0.9035,0.2722,0.0454
7,7,2,0,0.7478,0.7027,0.9901,0.7131,0.0821
7,7,2,1,0.9912,0.9905,0.9995,0.9910,0.0217
7,7,2,2,0.3983,0.4108,0.9888,0.3036,0.0568
7,7,2,3,0.6678,0.6520,0.9976,0.6166,0.0911
7,7,2,4,0.7226,0.7413,0.9991,0.6823,0.0675
7,7,2,5,0.5813,0.5829,0.9989,0.5142,0.0743
7,7,2,6,0.9487,0.9542,1.0000,0.9445,0.0432
7,7,2,7,0.6044,0.5918,0.9832,0.5385,0.1051
7,7,2,8,0.4844,0.6416,0.9998,0.4005,0.0671
7,7,2,9,0.5479,0.5253,0.9985,0.4742,0.0729
7,7,2,10,0.8001,0.7805,0.9830,0.7798,0.0940
7,7,2,11,0.9801,0.9770,0.9989,0.9812,0.0417
7,7,3,0,0.9984,0.9981,0.9998,0.9982,0.0025
7,7,3,1,0.9498,0.9396,1.0000,0.9465,0.0476
7,7,3,2,0.5405,0.5312,0.9999,0.4631,0.0800
7,7,3,3,0.7953,0.8025,0.9993,0.7674,0.0535
7,7,3,4,0.9993,0.9994,1.0000,0.9993,0.0041
7,7,3,5,0.9528,0.9509,0.9929,0.9502,0.0479
7,7,3,6,0.7063,0.6833,0.9995,0.6631,0.0848
7,7,3,7,0.6587,0.6115,0.9760,0.6071,0.0678
7,7,3,8,0.7475,0.7129,0.9956,0.7117,0.0744
7,7,3,9,0.6942,0.6914,1.0000,0.6489,0.0641
7,7,3,10,0.9664,0.9498,0.9993,0.9649,0.0413
7,7,3,11,0.6205,0.7025,1.0000,0.5612,0.0684
7,7,4,0,0.5695,0.7877,0.9555,0.5106,0.0340
7,7,4,1,0.8541,0.8308,0.9989,0.8356,0.0543
7,7,4,2,0.9972,0.9969,0.9990,0.9973,0.0146
7,7,4,3,0.8792,0.8712,1.0000,0.8655,0.0557
7,7,4,4,0.9930,0.9918,0.9984,0.9931,0.0224
7,7,4,5,0.9050,0.8652,0.9989,0.8954,0.0575
7,7,4,6,0.9295,0.9284,0.9883,0.9258,0.0605
7,7,4,7,0.5330,0.4995,0.9792,0.4594,0.0633
7,7,4,8,0.9781,0.9750,0.9992,0.9768,0.0297
7,7,4,9,0.7364,0.7709,0.9778,0.6991,0.0800
7,7,4,10,0.9963,0.9955,1.0000,0.9960,0.0103
7,7,4,11,0.2113,0.3409,0.8423,0.1207,0.0025
7,7,5,0,0.9922,0.9942,0.9998,0.9914,0.0106
7,7,5,1,0.9995,0.9995,1.0000,0.9995,0.0025
7,7,5,2,0.8393,0.8769,0.9647,0.8199,0.0633
7,7,5,3,0.9174,0.8973,0.9648,0.9114,0.0613
7,7,5,4,0.8802,0.8669,0.9924,0.8694,0.0706
7,7,5,5,0.9974,0.9969,0.9998,0.9971,0.0068
7,7,5,6,0.9495,0.9296,0.9961,0.9445,0.0386
7,7,5,7,0.9596,0.9400,0.9902,0.9564,0.0389
7,7,5,8,0.9711,0.9609,0.9983,0.9687,0.0300
7,7,5,9,0.9989,0.9988,1.0000,0.9988,0.0070
7,7,5,10,0.8768,0.8740,0.9970,0.8627,0.0578
7,7,5,11,0.9779,0.9759,0.9965,0.9774,0.0354
7,7,6,0,0.7565,0.8115,0.9755,0.7231,0.0813
7,7,6,1,0.9654,0.9686,0.9938,0.9619,0.0306
7,7,6,2,0.9922,0.9914,0.9998,0.9922,0.0227
7,7,6,3,0.8574,0.8744,0.9999,0.8410,0.0689
7,7,6,4,0.9580,0.9539,0.9955,0.9561,0.0476
7,7,6,5,0.9790,0.9776,0.9982,0.9792,0.0375
7,7,6,6,0.9775,0.9684,0.9991,0.9765,0.0327
7,7,6,7,0.9016,0.8989,0.9965,0.8911,0.0552
7,7,6,8,0.9052,0.8960,0.9998,0.8953,0.0551
7,7,6,9,0.9995,0.9996,1.0000,0.9995,0.0022
7,7,6,10,0.9990,0.9990,1.0000,0.9990,0.0068
7,7,6,11,0.9516,0.9263,0.9935,0.9480,0.0435
7,7,7,0,0.9542,0.9298,0.9990,0.9495,0.0354
7,7,7,1,0.9977,0.9964,0.9999,0.9975,0.0063
7,7,7,2,0.9996,0.9996,1.0000,0.9996,0.0025
7,7,7,3,0.9511,0.9563,0.9986,0.9479,0.0471
7,7,7,4,0.9797,0.9771,0.9972,0.9779,0.0235
7,7,7,5,0.9847,0.9837,0.9965,0.9849,0.0329
7,7,7,6,0.9947,0.9934,1.0000,0.9947,0.0178
7,7,7,7,1.0000,1.0000,1.0000,1.0000,0.0000
7,7,7,8,0.9152,0.8742,0.9998,0.9055,0.0387
7,7,7,9,0.9867,0.9841,0.9974,0.9863,0.0260
7,7,7,10,0.9995,0.9996,1.0000,0.9995,0.0025
7,7,7,11,0.9998,0.9998,1.0000,0.9997,0.0013
7,7,8,0,0.9910,0.9878,0.9976,0.9906,0.0205
7,7,8,1,0.9996,0.9997,1.0000,0.9996,0.0014
7,7,8,2,0.9543,0.9538,0.9989,0.9516,0.0470
7,7,8,3,0.9766,0.9607,0.9979,0.9741,0.0205
7,7,8,4,0.9310,0.8979,0.9954,0.9249,0.0508
7,7,8,5,0.8678,0.8422,0.9738,0.8559,0.0754
7,7,8,6,0.9831,0.9886,1.0000,0.9813,0.0168
7,7,8,7,0.9654,0.9471,0.9966,0.9623,0.0329
7,7,8,8,0.7794,0.7906,0.9974,0.7489,0.0548
7,7,8,9,0.9882,0.9850,1.0000,0.9877,0.0232
7,7,8,10,0.9676,0.9667,0.9994,0.9673,0.0448
7,7,8,11,0.9831,0.9839,1.0000,0.9821,0.0265
7,7,9,0,0.9818,0.9746,0.9993,0.9804,0.0251
7,7,9,1,0.9998,0.9999,1.0000,0.9997,0.0008
7,7,9,2,0.9995,0.9994,1.0000,0.9994,0.0008
7,7,9,3,0.9091,0.8940,0.9970,0.8996,0.0516
7,7,9,4,0.9989,0.9992,1.0000,0.9987,0.0024
7,7,9,5,0.9928,0.9912,1.0000,0.9925,0.0181
7,7,9,6,0.9997,0.9997,1.0000,0.9996,0.0021
7,7,9,7,0.9794,0.9798,0.9995,0.9779,0.0271
7,7,9,8,0.9976,0.9983,1.0000,0.9974,0.0081
7,7,9,9,0.9997,0.9997,1.0000,0.9996,0.0024
7,7,9,10,0.8929,0.8479,0.9996,0.8810,0.0549
7,7,9,11,0.9997,0.9998,1.0000,0.9997,0.0014
7,7,10,0,0.9968,0.9959,1.0000,0.9966,0.0100
7,7,10,1,0.9998,0.9998,1.0000,0.9998,0.0011
7,7,10,2,0.9996,0.9998,1.0000,0.9995,0.0008
7,7,10,3,0.9965,0.9962,0.9999,0.9962,0.0094
7,7,10,4,0.9901,0.9903,0.9994,0.9898,0.0216
7,7,10,5,0.9214,0.8997,1.0000,0.9120,0.0383
7,7,10,6,0.9997,0.9997,1.0000,0.9997,0.0008
7,7,10,7,0.9975,0.9974,1.0000,0.9975,0.0119
7,7,10,8,0.9995,0.9997,1.0000,0.9995,0.0013
7,7,10,9,0.8913,0.8202,0.9891,0.8776,0.0270
7,7,10,10,0.9996,0.9997,1.0000,0.9996,0.0019
7,7,10,11,0.9687,0.9542,0.9965,0.9650,0.0179
7,7,11,0,0.6349,0.6347,0.9877,0.5765,0.1002
7,7,11,1,0.9941,0.9934,0.9997,0.9939,0.0175
7,7,11,2,0.9995,0.9994,0.9998,0.9994,0.0035
7,7,11,3,0.8866,0.8878,0.9977,0.8748,0.0619
7,7,11,4,0.9916,0.9904,0.9986,0.9920,0.0276
7,7,11,5,0.9982,0.9986,1.0000,0.9980,0.0071
7,7,11,6,0.9998,0.9998,1.0000,0.9998,0.0011
7,7,11,7,0.9941,0.9921,0.9984,0.9938,0.0167
7,7,11,8,0.1647,0.4656,0.9948,0.0128,0.0814
7,7,11,9,0.9998,0.9999,1.0000,0.9998,0.0003
7,7,11,10,0.9491,0.9426,0.9949,0.9468,0.0516
7,7,11,11,0.9423,0.9251,0.9979,0.9379,0.0494
7,8,0,0,0.8810,0.8520,0.9503,0.8607,0.0551
7,8,0,1,0.1653,0.3025,0.9259,0.0445,0.0395
7,8,0,2,0.8136,0.8111,0.9910,0.7745,0.0489
7,8,0,3,0.2821,0.3825,0.9153,0.1617,0.0176
7,8,0,4,0.5454,0.6021,0.9921,0.4459,0.0325
7,8,0,5,0.2998,0.3875,0.8861,0.1786,0.0130
7,8,0,6,0.8294,0.8030,0.9676,0.7951,0.0560
7,8,0,7,0.7012,0.7099,0.9792,0.6327,0.0570
7,8,0,8,0.6662,0.7168,0.9952,0.5906,0.0448
7,8,0,9,0.8545,0.8263,0.9578,0.8281,0.0603
7,8,0,10,0.7939,0.7798,0.9788,0.7513,0.0622
7,8,0,11,0.8718,0.8439,0.9550,0.8508,0.0587
7,8,1,0,0.7520,0.7371,0.9982,0.6980,0.0462
7,8,1,1,0.8728,0.8589,0.9894,0.8482,0.0478
7,8,1,2,0.8372,0.8273,0.9985,0.8038,0.0490
7,8,1,3,0.8926,0.8454,0.9697,0.8739,0.0419
7,8,1,4,0.9461,0.9252,0.9858,0.9367,0.0316
7,8,1,5,0.8401,0.8068,0.9982,0.8073,0.0344
7,8,1,6,0.8631,0.8418,0.9946,0.8369,0.0129
7,8,1,7,0.9481,0.9203,0.9919,0.9386,0.0276
7,8,1,8,0.9255,0.9092,0.9949,0.9115,0.0265
7,8,1,9,0.9353,0.9082,0.9997,0.9232,0.0137
7,8,1,10,0.3182,0.5281,0.9988,0.1486,0.0602
7,8,1,11,0.4109,0.4393,0.9119,0.3016,0.0130
7,8,2,0,0.8229,0.8196,0.9871,0.7860,0.0437
7,8,2,1,0.9316,0.9032,0.9987,0.9207,0.0170
7,8,2,2,0.5649,0.6142,0.9916,0.4777,0.0194
7,8,2,3,0.7967,0.7912,0.9960,0.7534,0.0524
7,8,2,4,0.7509,0.8004,0.9980,0.6995,0.0297
7,8,2,5,0.6978,0.7340,0.9978,0.6333,0.0359
7,8,2,6,0.9311,0.9216,0.9996,0.9183,0.0098
7,8,2,7,0.7201,0.6989,0.9794,0.6558,0.0663
7,8,2,8,0.6464,0.7987,1.0000,0.5718,0.0284
7,8,2,9,0.7442,0.7629,0.9994,0.6900,0.0344
7,8,2,10,0.8902,0.8891,0.9792,0.8720,0.0552
7,8,2,11,0.9439,0.9170,0.9978,0.9333,0.0144
7,8,3,0,0.9076,0.8751,1.0000,0.8966,0.0362
7,8,3,1,0.9301,0.9070,0.9999,0.9168,0.0108
7,8,3,2,0.7074,0.7395,0.9994,0.6429,0.0413
7,8,3,3,0.8219,0.8429,0.9999,0.7873,0.0183
7,8,3,4,0.9177,0.8762,0.9997,0.9075,0.0346
7,8,3,5,0.9188,0.9134,0.9904,0.9033,0.0127
7,8,3,6,0.8253,0.8243,0.9999,0.7890,0.0460
7,8,3,7,0.8445,0.8537,0.9802,0.8132,0.0294
7,8,3,8,0.8131,0.8370,0.9935,0.7746,0.0373
7,8,3,9,0.8139,0.8554,0.9998,0.7762,0.0254
7,8,3,10,0.9403,0.9180,0.9999,0.9292,0.0076
7,8,3,11,0.7067,0.8127,0.9998,0.6448,0.0297
7,8,4,0,0.6685,0.8643,0.9612,0.6114,0.0197
7,8,4,1,0.8680,0.8420,0.9977,0.8425,0.0171
7,8,4,2,0.9270,0.8877,0.9979,0.9163,0.0241
7,8,4,3,0.9514,0.9526,0.9997,0.9423,0.0173
7,8,4,4,0.9237,0.9018,0.9971,0.9113,0.0167
7,8,4,5,0.9208,0.9016,0.9978,0.9055,0.0206
7,8,4,6,0.9639,0.9502,0.9850,0.9577,0.0230
7,8,4,7,0.6378,0.6835,0.9830,0.5632,0.0246
7,8,4,8,0.9187,0.9152,0.9982,0.9047,0.0113
7,8,4,9,0.8390,0.8761,0.9734,0.8060,0.0413
7,8,4,10,0.9130,0.8866,0.9999,0.9009,0.0284
7,8,4,11,0.4159,0.5780,0.8529,0.3341,0.0413
7,8,5,0,0.9088,0.8700,1.0000,0.8963,0.0281
7,8,5,1,0.9069,0.8620,0.9999,0.8971,0.0413
7,8,5,2,0.8639,0.8835,0.9593,0.8366,0.0246
7,8,5,3,0.9102,0.9104,0.9594,0.8927,0.0225
7,8,5,4,0.9500,0.9472,0.9898,0.9417,0.0319
7,8,5,5,0.9117,0.8799,0.9993,0.9003,0.0319
7,8,5,6,0.9031,0.8947,0.9942,0.8857,0.0141
7,8,5,7,0.9289,0.9054,0.9872,0.9159,0.0090
7,8,5,8,0.9121,0.8926,0.9969,0.8970,0.0144
7,8,5,9,0.9229,0.8809,0.9998,0.9129,0.0317
7,8,5,10,0.9025,0.8905,0.9983,0.8835,0.0197
7,8,5,11,0.9305,0.9112,0.9946,0.9178,0.0062
7,8,6,0,0.8054,0.8452,0.9710,0.7645,0.0432
7,8,6,1,0.9076,0.8756,0.9913,0.8921,0.0129
7,8,6,2,0.9266,0.8970,0.9993,0.9147,0.0176
7,8,6,3,0.8812,0.8604,0.9995,0.8576,0.0317
7,8,6,4,0.9041,0.8946,0.9934,0.8857,0.0130
7,8,6,5,0.9351,0.9108,0.9968,0.9230,0.0114
7,8,6,6,0.9185,0.8875,0.9980,0.9040,0.0105
7,8,6,7,0.9342,0.9152,0.9980,0.9216,0.0181
7,8,6,8,0.9009,0.8991,0.9991,0.8818,0.0183
7,8,6,9,0.9075,0.8633,0.9999,0.8976,0.0410
7,8,6,10,0.9197,0.8796,0.9997,0.9091,0.0319
7,8,6,11,0.9105,0.9192,0.9910,0.8936,0.0083
7,8,7,0,0.9260,0.9169,0.9980,0.9132,0.0119
7,8,7,1,0.9228,0.8911,1.0000,0.9131,0.0324
7,8,7,2,0.9080,0.8636,0.9999,0.8983,0.0413
7,8,7,3,0.9476,0.9277,0.9974,0.9376,0.0144
7,8,7,4,0.9292,0.9059,0.9955,0.9180,0.0159
7,8,7,5,0.9359,0.9127,0.9947,0.9244,0.0116
7,8,7,6,0.9406,0.9054,0.9996,0.9317,0.0210
7,8,7,7,0.9152,0.8742,0.9998,0.9055,0.0387
7,8,7,8,1.0000,1.0000,1.0000,1.0000,0.0000
7,8,7,9,0.9371,0.9067,0.9958,0.9266,0.0133
7,8,7,10,0.9079,0.8635,0.9999,0.8980,0.0413
7,8,7,11,0.9105,0.8664,0.9999,0.9005,0.0400
7,8,8,0,0.9141,0.8750,0.9961,0.9004,0.0192
7,8,8,1,0.9087,0.8646,0.9999,0.8985,0.0402
7,8,8,2,0.9361,0.9196,0.9977,0.9240,0.0149
7,8,8,3,0.8985,0.8883,0.9990,0.8827,0.0227
7,8,8,4,0.9410,0.9283,0.9933,0.9298,0.0137
7,8,8,5,0.8841,0.8769,0.9691,0.8614,0.0367
7,8,8,6,0.9109,0.8740,0.9996,0.8978,0.0225
7,8,8,7,0.9349,0.9242,0.9948,0.9236,0.0125
7,8,8,8,0.7862,0.7736,0.9987,0.7443,0.0170
7,8,8,9,0.9531,0.9242,0.9999,0.9456,0.0156
7,8,8,10,0.9412,0.9096,0.9985,0.9301,0.0102
7,8,8,11,0.9241,0.8901,0.9999,0.9114,0.0122
7,8,9,0,0.9091,0.8866,0.9999,0.8941,0.0146
7,8,9,1,0.9104,0.8688,0.9999,0.9003,0.0392
7,8,9,2,0.9121,0.8702,0.9999,0.9018,0.0379
7,8,9,3,0.8783,0.8487,0.9952,0.8548,0.0151
7,8,9,4,0.9132,0.8768,0.9999,0.9030,0.0367
7,8,9,5,0.9165,0.8934,0.9999,0.9036,0.0206
7,8,9,6,0.9098,0.8671,0.9999,0.9002,0.0408
7,8,9,7,0.9179,0.9030,0.9999,0.9041,0.0122
7,8,9,8,0.9189,0.8810,0.9999,0.9083,0.0306
7,8,9,9,0.9082,0.8641,0.9999,0.8984,0.0411
7,8,9,10,0.8919,0.9016,0.9989,0.8711,0.0194
7,8,9,11,0.9104,0.8664,0.9999,0.9006,0.0402
7,8,10,0,0.9194,0.8786,0.9998,0.9084,0.0287
7,8,10,1,0.9122,0.8699,0.9998,0.9024,0.0398
7,8,10,2,0.9177,0.8759,0.9998,0.9082,0.0379
7,8,10,3,0.9322,0.8967,1.0000,0.9232,0.0294
7,8,10,4,0.9279,0.8921,0.9985,0.9163,0.0171
7,8,10,5,0.9017,0.9266,0.9997,0.8846,0.0160
7,8,10,6,0.9107,0.8672,0.9998,0.9005,0.0392
7,8,10,7,0.9254,0.8898,0.9997,0.9148,0.0268
7,8,10,8,0.9113,0.8693,0.9998,0.9010,0.0384
7,8,10,9,0.9710,0.9746,0.9918,0.9662,0.0121
7,8,10,10,0.9091,0.8648,0.9999,0.8992,0.0406
7,8,10,11,0.8945,0.8588,0.9947,0.8790,0.0262
7,8,11,0,0.7338,0.7236,0.9844,0.6735,0.0614
7,8,11,1,0.9325,0.9018,0.9990,0.9224,0.0219
7,8,11,2,0.9142,0.8728,0.9992,0.9035,0.0352
7,8,11,3,0.8811,0.8614,0.9961,0.8576,0.0232
7,8,11,4,0.9276,0.8918,0.9974,0.9152,0.0165
7,8,11,5,0.9184,0.8807,0.9998,0.9078,0.0316
7,8,11,6,0.9112,0.8681,0.9997,0.9011,0.0395
7,8,11,7,0.9198,0.8972,0.9970,0.9077,0.0221
7,8,11,8,0.2990,0.5636,0.9966,0.1392,0.0433
7,8,11,9,0.9131,0.8717,0.9997,0.9032,0.0387
7,8,11,10,0.9460,0.9397,0.9927,0.9357,0.0144
7,8,11,11,0.9483,0.9424,0.9964,0.9385,0.0119
7,9,0,0,0.8707,0.8625,0.9748,0.8534,0.0678
7,9,0,1,0.1587,0.2069,0.8874,0.0445,0.0268
7,9,0,2,0.8067,0.8135,0.9991,0.7716,0.0616
7,9,0,3,0.2647,0.2718,0.8745,0.1491,0.0154
7,9,0,4,0.5035,0.4835,0.9764,0.4028,0.0452
7,9,0,5,0.2933,0.2820,0.8398,0.1788,0.0168
7,9,0,6,0.8148,0.8061,0.9867,0.7830,0.0687
7,9,0,7,0.6474,0.6534,0.9937,0.5730,0.0697
7,9,0,8,0.6554,0.7015,1.0000,0.5847,0.0575
7,9,0,9,0.8490,0.8533,0.9801,0.8276,0.0730
7,9,0,10,0.7938,0.7726,0.9935,0.7589,0.0749
7,9,0,11,0.8653,0.8615,0.9782,0.8490,0.0714
7,9,1,0,0.7022,0.6831,0.9995,0.6428,0.0589
7,9,1,1,0.8602,0.8638,0.9985,0.8375,0.0605
7,9,1,2,0.8283,0.8378,0.9993,0.7978,0.0617
7,9,1,3,0.9253,0.8910,0.9880,0.9196,0.0546
7,9,1,4,0.9649,0.9695,0.9970,0.9622,0.0376
7,9,1,5,0.8689,0.8283,0.9995,0.8466,0.0471
7,9,1,6,0.9332,0.8952,0.9809,0.9221,0.0189
7,9,1,7,0.9664,0.9729,0.9994,0.9628,0.0337
7,9,1,8,0.9528,0.9593,1.0000,0.9470,0.0376
7,9,1,9,0.9810,0.9873,0.9976,0.9782,0.0165
7,9,1,10,0.2564,0.4928,0.9991,0.0837,0.0729
7,9,1,11,0.4122,0.3440,0.8704,0.3103,0.0235
7,9,2,0,0.8146,0.7873,0.9976,0.7811,0.0563
7,9,2,1,0.9932,0.9947,0.9992,0.9921,0.0068
7,9,2,2,0.4779,0.4986,0.9755,0.3805,0.0314
7,9,2,3,0.7339,0.7167,1.0000,0.6815,0.0651
7,9,2,4,0.7823,0.8160,0.9996,0.7420,0.0421
7,9,2,5,0.6648,0.6779,0.9997,0.5991,0.0486
7,9,2,6,0.9631,0.9814,0.9981,0.9571,0.0178
7,9,2,7,0.6732,0.6507,0.9938,0.6043,0.0790
7,9,2,8,0.5627,0.7208,0.9958,0.4772,0.0411
7,9,2,9,0.6267,0.6102,0.9920,0.5528,0.0471
7,9,2,10,0.8590,0.8439,0.9937,0.8384,0.0679
7,9,2,11,0.9897,0.9888,0.9997,0.9886,0.0157
7,9,3,0,0.9867,0.9842,0.9958,0.9862,0.0235
7,9,3,1,0.9719,0.9697,0.9969,0.9677,0.0222
7,9,3,2,0.6110,0.6006,0.9984,0.5310,0.0540
7,9,3,3,0.8350,0.8530,0.9942,0.8058,0.0300
7,9,3,4,0.9873,0.9873,0.9977,0.9865,0.0219
7,9,3,5,0.9673,0.9794,0.9989,0.9624,0.0219
7,9,3,6,0.7681,0.7522,0.9945,0.7239,0.0587
7,9,3,7,0.7158,0.6706,0.9578,0.6625,0.0417
7,9,3,8,0.8107,0.7939,0.9998,0.7759,0.0487
7,9,3,9,0.7531,0.7631,0.9973,0.7073,0.0381
7,9,3,10,0.9811,0.9692,0.9942,0.9783,0.0171
7,9,3,11,0.6826,0.7739,0.9974,0.6213,0.0424
7,9,4,0,0.6012,0.8225,0.9318,0.5368,0.0194
7,9,4,1,0.9103,0.9016,0.9997,0.8951,0.0286
7,9,4,2,0.9913,0.9899,0.9996,0.9903,0.0114
7,9,4,3,0.9078,0.9026,0.9978,0.8922,0.0297
7,9,4,4,0.9919,0.9934,0.9999,0.9907,0.0068
7,9,4,5,0.9345,0.9082,0.9997,0.9239,0.0321
7,9,4,6,0.9567,0.9641,0.9967,0.9512,0.0344
7,9,4,7,0.5978,0.5758,0.9620,0.5212,0.0373
7,9,4,8,0.9800,0.9925,0.9995,0.9768,0.0068
7,9,4,9,0.7892,0.8263,0.9903,0.7497,0.0540
7,9,4,10,0.9886,0.9918,0.9969,0.9874,0.0160
7,9,4,11,0.2735,0.4161,0.8014,0.1768,0.0286
7,9,5,0,0.9849,0.9847,0.9958,0.9833,0.0170
7,9,5,1,0.9848,0.9797,0.9967,0.9847,0.0286
7,9,5,2,0.8596,0.9150,0.9812,0.8348,0.0373
7,9,5,3,0.9468,0.9408,0.9812,0.9393,0.0352
7,9,5,4,0.9044,0.9004,0.9987,0.8893,0.0446
7,9,5,5,0.9874,0.9855,0.9985,0.9865,0.0192
7,9,5,6,0.9631,0.9544,0.9999,0.9570,0.0205
7,9,5,7,0.9583,0.9530,0.9977,0.9514,0.0157
7,9,5,8,0.9723,0.9648,0.9999,0.9678,0.0116
7,9,5,9,0.9903,0.9882,0.9974,0.9896,0.0190
7,9,5,10,0.9046,0.9047,0.9888,0.8884,0.0317
7,9,5,11,0.9829,0.9899,0.9999,0.9802,0.0106
7,9,6,0,0.8095,0.8547,0.9888,0.7746,0.0552
7,9,6,1,0.9691,0.9741,0.9992,0.9642,0.0110
7,9,6,2,0.9945,0.9944,0.9986,0.9937,0.0071
7,9,6,3,0.8975,0.9204,0.9982,0.8803,0.0432
7,9,6,4,0.9731,0.9787,0.9997,0.9693,0.0216
7,9,6,5,0.9902,0.9926,0.9999,0.9889,0.0114
7,9,6,6,0.9814,0.9784,0.9996,0.9784,0.0105
7,9,6,7,0.9261,0.9288,0.9879,0.9138,0.0298
7,9,6,8,0.9380,0.9362,0.9988,0.9279,0.0297
7,9,6,9,0.9853,0.9806,0.9967,0.9852,0.0283
7,9,6,10,0.9899,0.9877,0.9977,0.9892,0.0192
7,9,6,11,0.9757,0.9636,0.9991,0.9720,0.0181
7,9,7,0,0.9671,0.9479,0.9996,0.9618,0.0176
7,9,7,1,0.9884,0.9854,0.9963,0.9876,0.0200
7,9,7,2,0.9850,0.9801,0.9967,0.9849,0.0286
7,9,7,3,0.9668,0.9819,0.9998,0.9618,0.0221
7,9,7,4,0.9799,0.9803,1.0000,0.9769,0.0117
7,9,7,5,0.9936,0.9927,0.9999,0.9927,0.0078
7,9,7,6,0.9944,0.9941,0.9981,0.9937,0.0086
7,9,7,7,0.9867,0.9841,0.9974,0.9863,0.0260
7,9,7,8,0.9371,0.9067,0.9958,0.9266,0.0133
7,9,7,9,1.0000,1.0000,1.0000,1.0000,0.0000
7,9,7,10,0.9852,0.9804,0.9968,0.9850,0.0286
7,9,7,11,0.9866,0.9823,0.9971,0.9864,0.0273
7,9,8,0,0.9889,0.9847,1.0000,0.9872,0.0084
7,9,8,1,0.9857,0.9813,0.9969,0.9854,0.0275
7,9,8,2,0.9736,0.9844,0.9997,0.9697,0.0216
7,9,8,3,0.9787,0.9725,0.9907,0.9756,0.0144
7,9,8,4,0.9513,0.9257,0.9997,0.9435,0.0248
7,9,8,5,0.9235,0.9088,0.9877,0.9134,0.0494
7,9,8,6,0.9780,0.9808,0.9980,0.9750,0.0156
7,9,8,7,0.9727,0.9591,0.9999,0.9682,0.0132
7,9,8,8,0.8224,0.8416,0.9897,0.7908,0.0287
7,9,8,9,0.9871,0.9871,0.9972,0.9850,0.0070
7,9,8,10,0.9848,0.9858,0.9993,0.9831,0.0187
7,9,8,11,0.9833,0.9922,0.9970,0.9806,0.0068
7,9,9,0,0.9869,0.9807,0.9942,0.9848,0.0105
7,9,9,1,0.9866,0.9828,0.9968,0.9863,0.0265
7,9,9,2,0.9874,0.9850,0.9970,0.9870,0.0252
7,9,9,3,0.9399,0.9316,1.0000,0.9300,0.0256
7,9,9,4,0.9837,0.9851,0.9972,0.9827,0.0240
7,9,9,5,0.9910,0.9924,0.9969,0.9898,0.0086
7,9,9,6,0.9856,0.9809,0.9968,0.9855,0.0281
7,9,9,7,0.9801,0.9889,0.9946,0.9769,0.0090
7,9,9,8,0.9884,0.9885,0.9969,0.9875,0.0179
7,9,9,9,0.9850,0.9806,0.9968,0.9849,0.0284
7,9,9,10,0.9269,0.9021,0.9990,0.9147,0.0295
7,9,9,11,0.9868,0.9822,0.9968,0.9866,0.0275
7,9,10,0,0.9890,0.9877,0.9973,0.9880,0.0170
7,9,10,1,0.9863,0.9823,0.9974,0.9861,0.0271
7,9,10,2,0.9891,0.9853,0.9972,0.9889,0.0252
7,9,10,3,0.9926,0.9906,0.9964,0.9921,0.0167
7,9,10,4,0.9952,0.9942,0.9993,0.9945,0.0051
7,9,10,5,0.9448,0.9417,0.9978,0.9358,0.0208
7,9,10,6,0.9863,0.9826,0.9975,0.9859,0.0265
7,9,10,7,0.9938,0.9912,0.9978,0.9933,0.0141
7,9,10,8,0.9877,0.9837,0.9976,0.9874,0.0257
7,9,10,9,0.9164,0.8585,0.9760,0.9028,0.0070
7,9,10,10,0.9859,0.9809,0.9970,0.9857,0.0279
7,9,10,11,0.9582,0.9423,0.9999,0.9524,0.0195
7,9,11,0,0.7164,0.7026,0.9964,0.6596,0.0741
7,9,11,1,0.9918,0.9912,0.9989,0.9907,0.0102
7,9,11,2,0.9867,0.9847,0.9986,0.9859,0.0225
7,9,11,3,0.9172,0.9272,1.0000,0.9037,0.0359
7,9,11,4,0.9939,0.9913,0.9998,0.9929,0.0070
7,9,11,5,0.9868,0.9886,0.9974,0.9857,0.0195
7,9,11,6,0.9865,0.9826,0.9978,0.9861,0.0268
7,9,11,7,0.9884,0.9870,0.9999,0.9868,0.0103
7,9,11,8,0.2435,0.5218,0.9849,0.0826,0.0560
7,9,11,9,0.9867,0.9833,0.9976,0.9863,0.0260
7,9,11,10,0.9709,0.9705,0.9996,0.9672,0.0256
7,9,11,11,0.9630,0.9540,1.0000,0.9573,0.0233
7,10,0,0,0.8096,0.8072,0.9538,0.7945,0.0963
7,10,0,1,0.1098,0.1533,0.9216,0.0082,0.0017
7,10,0,2,0.7250,0.7303,0.9925,0.6883,0.0902
7,10,0,3,0.2056,0.2070,0.9107,0.1012,0.0310
7,10,0,4,0.4237,0.3956,0.9906,0.3290,0.0738
7,10,0,5,0.2391,0.2184,0.8808,0.1362,0.0359
7,10,0,6,0.7356,0.7304,0.9704,0.7031,0.0973
7,10,0,7,0.5484,0.5537,0.9815,0.4731,0.0983
7,10,0,8,0.5695,0.6096,0.9962,0.5003,0.0860
7,10,0,9,0.7782,0.7914,0.9610,0.7575,0.1016
7,10,0,10,0.7205,0.7036,0.9811,0.6875,0.1035
7,10,0,11,0.7946,0.7937,0.9583,0.7787,0.1000
7,10,1,0,0.6161,0.5838,0.9988,0.5568,0.0868
7,10,1,1,0.7855,0.7810,0.9910,0.7613,0.0887
7,10,1,2,0.7524,0.7580,0.9991,0.7210,0.0897
7,10,1,3,0.8904,0.8610,0.9724,0.8904,0.0832
7,10,1,4,0.9297,0.9286,0.9876,0.9291,0.0662
7,10,1,5,0.8073,0.7531,0.9988,0.7851,0.0757
7,10,1,6,0.8890,0.8389,0.9934,0.8771,0.0471
7,10,1,7,0.9302,0.9326,0.9933,0.9277,0.0619
7,10,1,8,0.9120,0.9124,0.9960,0.9074,0.0662
7,10,1,9,0.9632,0.9644,0.9999,0.9621,0.0441
7,10,1,10,0.1675,0.4389,0.9993,0.0064,0.1008
7,10,1,11,0.3594,0.2792,0.9072,0.2676,0.0479
7,10,2,0,0.7378,0.6914,0.9888,0.7033,0.0846
7,10,2,1,0.9883,0.9877,0.9992,0.9881,0.0243
7,10,2,2,0.3871,0.3987,0.9901,0.2932,0.0594
7,10,2,3,0.6573,0.6411,0.9970,0.6066,0.0937
7,10,2,4,0.7146,0.7315,0.9987,0.6747,0.0700
7,10,2,5,0.5684,0.5691,0.9985,0.5014,0.0768
7,10,2,6,0.9416,0.9479,0.9998,0.9371,0.0457
7,10,2,7,0.5927,0.5820,0.9816,0.5272,0.1076
7,10,2,8,0.4740,0.6290,0.9999,0.3909,0.0697
7,10,2,9,0.5339,0.5108,0.9989,0.4603,0.0754
7,10,2,10,0.7891,0.7694,0.9814,0.7688,0.0965
7,10,2,11,0.9766,0.9734,0.9985,0.9780,0.0443
7,10,3,0,0.9989,0.9981,0.9999,0.9988,0.0051
7,10,3,1,0.9447,0.9341,1.0000,0.9416,0.0502
7,10,3,2,0.5315,0.5189,0.9997,0.4553,0.0825
7,10,3,3,0.7936,0.7956,0.9996,0.7668,0.0560
7,10,3,4,0.9982,0.9986,0.9999,0.9981,0.0067
7,10,3,5,0.9470,0.9457,0.9919,0.9445,0.0505
7,10,3,6,0.6957,0.6719,0.9997,0.6527,0.0873
7,10,3,7,0.6482,0.5980,0.9778,0.5969,0.0703
7,10,3,8,0.7385,0.7011,0.9947,0.7031,0.0770
7,10,3,9,0.6877,0.6795,1.0000,0.6433,0.0667
7,10,3,10,0.9633,0.9456,0.9996,0.9622,0.0438
7,10,3,11,0.6124,0.6909,1.0000,0.5540,0.0710
7,10,4,0,0.5646,0.7796,0.9580,0.5067,0.0365
7,10,4,1,0.8498,0.8215,0.9984,0.8320,0.0568
7,10,4,2,0.9959,0.9954,0.9985,0.9960,0.0171
7,10,4,3,0.8711,0.8622,0.9999,0.8574,0.0583
7,10,4,4,0.9913,0.9898,0.9979,0.9916,0.0249
7,10,4,5,0.9016,0.8582,0.9985,0.8927,0.0600
7,10,4,6,0.9210,0.9204,0.9869,0.9170,0.0630
7,10,4,7,0.5221,0.4883,0.9809,0.4491,0.0659
7,10,4,8,0.9744,0.9711,0.9988,0.9730,0.0322
7,10,4,9,0.7250,0.7613,0.9759,0.6877,0.0825
7,10,4,10,0.9951,0.9942,1.0000,0.9949,0.0129
7,10,4,11,0.2028,0.3292,0.8469,0.1134,0.0000
7,10,5,0,0.9913,0.9934,0.9999,0.9906,0.0132
7,10,5,1,1.0000,0.9999,1.0000,1.0000,0.0000
7,10,5,2,0.8312,0.8706,0.9625,0.8120,0.0659
7,10,5,3,0.9124,0.8903,0.9625,0.9068,0.0638
7,10,5,4,0.8712,0.8577,0.9913,0.8603,0.0732
7,10,5,5,0.9973,0.9963,0.9997,0.9971,0.0094
7,10,5,6,0.9490,0.9261,0.9953,0.9447,0.0411
7,10,5,7,0.9562,0.9353,0.9889,0.9533,0.0414
7,10,5,8,0.9702,0.9583,0.9977,0.9681,0.0325
7,10,5,9,0.9978,0.9978,1.0000,0.9977,0.0095
7,10,5,10,0.8684,0.8666,0.9976,0.8543,0.0603
7,10,5,11,0.9744,0.9723,0.9957,0.9741,0.0379
7,10,6,0,0.7500,0.8041,0.9736,0.7174,0.0838
7,10,6,1,0.9638,0.9670,0.9928,0.9606,0.0332
7,10,6,2,0.9901,0.9889,0.9996,0.9903,0.0252
7,10,6,3,0.8471,0.8664,0.9998,0.8304,0.0714
7,10,6,4,0.9545,0.9501,0.9946,0.9530,0.0502
7,10,6,5,0.9755,0.9740,0.9976,0.9758,0.0400
7,10,6,6,0.9755,0.9665,0.9986,0.9748,0.0352
7,10,6,7,0.8933,0.8912,0.9972,0.8826,0.0578
7,10,6,8,0.9010,0.8900,0.9995,0.8915,0.0576
7,10,6,9,1.0000,1.0000,1.0000,1.0000,0.0003
7,10,6,10,0.9982,0.9982,0.9999,0.9983,0.0094
7,10,6,11,0.9499,0.9208,0.9925,0.9469,0.0460
7,10,7,0,0.9549,0.9252,0.9986,0.9510,0.0379
7,10,7,1,0.9972,0.9952,1.0000,0.9971,0.0089
7,10,7,2,1.0000,1.0000,1.0000,1.0000,0.0000
7,10,7,3,0.9434,0.9497,0.9981,0.9400,0.0497
7,10,7,4,0.9779,0.9739,0.9965,0.9762,0.0260
7,10,7,5,0.9823,0.9802,0.9958,0.9828,0.0354
7,10,7,6,0.9925,0.9906,0.9998,0.9925,0.0203
7,10,7,7,0.9995,0.9996,1.0000,0.9995,0.0025
7,10,7,8,0.9079,0.8635,0.9999,0.8980,0.0413
7,10,7,9,0.9852,0.9804,0.9968,0.9850,0.0286
7,10,7,10,1.0000,1.0000,1.0000,1.0000,0.0000
7,10,7,11,0.9999,0.9999,1.0000,0.9999,0.0013
7,10,8,0,0.9909,0.9874,0.9970,0.9909,0.0230
7,10,8,1,0.9999,0.9999,1.0000,0.9999,0.0011
7,10,8,2,0.9475,0.9476,0.9984,0.9448,0.0495
7,10,8,3,0.9745,0.9576,0.9984,0.9722,0.0230
7,10,8,4,0.9294,0.8921,0.9946,0.9241,0.0533
7,10,8,5,0.8632,0.8338,0.9719,0.8522,0.0779
7,10,8,6,0.9817,0.9874,0.9999,0.9800,0.0194
7,10,8,7,0.9654,0.9428,0.9959,0.9630,0.0354
7,10,8,8,0.7708,0.7841,0.9980,0.7405,0.0573
7,10,8,9,0.9850,0.9813,1.0000,0.9844,0.0257
7,10,8,10,0.9630,0.9623,0.9991,0.9629,0.0473
7,10,8,11,0.9794,0.9811,1.0000,0.9784,0.0290
7,10,9,0,0.9815,0.9726,0.9996,0.9806,0.0276
7,10,9,1,0.9998,0.9998,1.0000,0.9997,0.0021
7,10,9,2,0.9994,0.9992,1.0000,0.9994,0.0033
7,10,9,3,0.9068,0.8906,0.9963,0.8979,0.0541
7,10,9,4,0.9978,0.9983,1.0000,0.9976,0.0046
7,10,9,5,0.9910,0.9890,1.0000,0.9908,0.0206
7,10,9,6,0.9999,0.9999,1.0000,0.9999,0.0005
7,10,9,7,0.9756,0.9762,0.9997,0.9741,0.0297
7,10,9,8,0.9963,0.9970,1.0000,0.9961,0.0106
7,10,9,9,1.0000,1.0000,1.0000,1.0000,0.0002
7,10,9,10,0.8896,0.8396,0.9994,0.8783,0.0575
7,10,9,11,0.9999,0.9999,1.0000,0.9999,0.0011
7,10,10,0,0.9961,0.9950,1.0000,0.9959,0.0125
7,10,10,1,0.9998,0.9998,1.0000,0.9998,0.0014
7,10,10,2,0.9993,0.9992,1.0000,0.9993,0.0033
7,10,10,3,0.9952,0.9940,1.0000,0.9950,0.0119
7,10,10,4,0.9886,0.9881,0.9990,0.9884,0.0241
7,10,10,5,0.9181,0.8908,0.9999,0.9090,0.0408
7,10,10,6,0.9999,0.9998,1.0000,0.9999,0.0021
7,10,10,7,0.9968,0.9959,0.9999,0.9969,0.0144
7,10,10,8,0.9997,0.9997,0.9999,0.9997,0.0029
7,10,10,9,0.8862,0.8085,0.9903,0.8726,0.0295
7,10,10,10,1.0000,1.0000,1.0000,1.0000,0.0006
7,10,10,11,0.9701,0.9535,0.9958,0.9669,0.0205
7,10,11,0,0.6229,0.6238,0.9863,0.5648,0.1027
7,10,11,1,0.9918,0.9908,0.9995,0.9916,0.0200
7,10,11,2,0.9991,0.9991,0.9996,0.9991,0.0060
7,10,11,3,0.8804,0.8824,0.9970,0.8690,0.0644
7,10,11,4,0.9901,0.9885,0.9981,0.9908,0.0302
7,10,11,5,0.9967,0.9975,1.0000,0.9966,0.0097
7,10,11,6,0.9999,0.9998,0.9999,0.9999,0.0017
7,10,11,7,0.9923,0.9898,0.9978,0.9921,0.0192
7,10,11,8,0.1542,0.4550,0.9956,0.0043,0.0840
7,10,11,9,0.9997,0.9997,0.9999,0.9997,0.0025
7,10,11,10,0.9449,0.9370,0.9940,0.9429,0.0541
7,10,11,11,0.9389,0.9191,0.9973,0.9350,0.0519
7,11,0,0,0.8144,0.8106,0.9552,0.7992,0.0951
7,11,0,1,0.1105,0.1556,0.9198,0.0079,0.0011
7,11,0,2,0.7309,0.7352,0.9930,0.6943,0.0889
7,11,0,3,0.2080,0.2097,0.9088,0.1027,0.0297
7,11,0,4,0.4288,0.3996,0.9900,0.3336,0.0725
7,11,0,5,0.2410,0.2209,0.8786,0.1372,0.0346
7,11,0,6,0.7408,0.7344,0.9715,0.7083,0.0960
7,11,0,7,0.5550,0.5597,0.9824,0.4798,0.0970
7,11,0,8,0.5763,0.6153,0.9966,0.5071,0.0848
7,11,0,9,0.7840,0.7957,0.9623,0.7636,0.1003
7,11,0,10,0.7257,0.7074,0.9820,0.6926,0.1022
7,11,0,11,0.8000,0.7984,0.9596,0.7842,0.0987
7,11,1,0,0.6221,0.5891,0.9990,0.5628,0.0856
7,11,1,1,0.7911,0.7863,0.9916,0.7669,0.0875
7,11,1,2,0.7587,0.7634,0.9993,0.7275,0.0884
7,11,1,3,0.8927,0.8635,0.9735,0.8924,0.0819
7,11,1,4,0.9332,0.9316,0.9883,0.9326,0.0649
7,11,1,5,0.8117,0.7580,0.9990,0.7896,0.0744
7,11,1,6,0.8917,0.8418,0.9928,0.8798,0.0459
7,11,1,7,0.9341,0.9358,0.9938,0.9317,0.0606
7,11,1,8,0.9163,0.9160,0.9964,0.9117,0.0649
7,11,1,9,0.9660,0.9669,1.0000,0.9650,0.0429
7,11,1,10,0.1716,0.4435,0.9994,0.0093,0.0995
7,11,1,11,0.3607,0.2820,0.9052,0.2679,0.0467
7,11,2,0,0.7435,0.6973,0.9895,0.7091,0.0833
7,11,2,1,0.9899,0.9893,0.9994,0.9897,0.0230
7,11,2,2,0.3926,0.4035,0.9894,0.2984,0.0581
7,11,2,3,0.6625,0.6451,0.9973,0.6117,0.0924
7,11,2,4,0.7195,0.7367,0.9989,0.6796,0.0687
7,11,2,5,0.5751,0.5754,0.9987,0.5081,0.0756
7,11,2,6,0.9449,0.9509,0.9999,0.9405,0.0444
7,11,2,7,0.5976,0.5863,0.9825,0.5318,0.1063
7,11,2,8,0.4796,0.6343,0.9999,0.3962,0.0684
7,11,2,9,0.5406,0.5156,0.9987,0.4670,0.0741
7,11,2,10,0.7942,0.7738,0.9823,0.7739,0.0952
7,11,2,11,0.9782,0.9750,0.9987,0.9795,0.0430
7,11,3,0,0.9987,0.9980,0.9999,0.9985,0.0038
7,11,3,1,0.9474,0.9370,1.0000,0.9443,0.0489
7,11,3,2,0.5357,0.5231,0.9998,0.4589,0.0813
7,11,3,3,0.7953,0.7991,0.9995,0.7682,0.0548
7,11,3,4,0.9988,0.9991,1.0000,0.9987,0.0054
7,11,3,5,0.9499,0.9483,0.9925,0.9474,0.0492
7,11,3,6,0.7013,0.6765,0.9996,0.6584,0.0860
7,11,3,7,0.6529,0.6019,0.9769,0.6014,0.0690
7,11,3,8,0.7435,0.7063,0.9952,0.7080,0.0757
7,11,3,9,0.6914,0.6842,1.0000,0.6467,0.0654
7,11,3,10,0.9649,0.9472,0.9995,0.9635,0.0425
7,11,3,11,0.6167,0.6960,1.0000,0.5580,0.0697
7,11,4,0,0.5663,0.7832,0.9566,0.5078,0.0352
7,11,4,1,0.8534,0.8267,0.9987,0.8355,0.0556
7,11,4,2,0.9966,0.9962,0.9988,0.9967,0.0159
7,11,4,3,0.8751,0.8648,1.0000,0.8614,0.0570
7,11,4,4,0.9923,0.9908,0.9982,0.9925,0.0237
7,11,4,5,0.9039,0.8609,0.9988,0.8947,0.0587
7,11,4,6,0.9251,0.9238,0.9877,0.9213,0.0617
7,11,4,7,0.5269,0.4927,0.9799,0.4535,0.0646
7,11,4,8,0.9763,0.9731,0.9990,0.9750,0.0310
7,11,4,9,0.7310,0.7648,0.9769,0.6938,0.0813
7,11,4,10,0.9958,0.9948,1.0000,0.9955,0.0116
7,11,4,11,0.2065,0.3332,0.8444,0.1166,0.0013
7,11,5,0,0.9920,0.9941,0.9999,0.9912,0.0119
7,11,5,1,0.9999,0.9999,1.0000,0.9999,0.0013
7,11,5,2,0.8351,0.8730,0.9637,0.8158,0.0646
7,11,5,3,0.9154,0.8937,0.9638,0.9097,0.0625
7,11,5,4,0.8746,0.8606,0.9919,0.8636,0.0719
7,11,5,5,0.9974,0.9965,0.9998,0.9971,0.0081
7,11,5,6,0.9499,0.9278,0.9958,0.9454,0.0398
7,11,5,7,0.9568,0.9365,0.9896,0.9536,0.0402
7,11,5,8,0.9706,0.9591,0.9980,0.9684,0.0313
7,11,5,9,0.9984,0.9984,1.0000,0.9984,0.0083
7,11,5,10,0.8723,0.8690,0.9973,0.8583,0.0590
7,11,5,11,0.9762,0.9741,0.9961,0.9758,0.0367
7,11,6,0,0.7540,0.8070,0.9747,0.7213,0.0825
7,11,6,1,0.9655,0.9681,0.9933,0.9624,0.0319
7,11,6,2,0.9914,0.9903,0.9997,0.9916,0.0240
7,11,6,3,0.8529,0.8705,0.9999,0.8365,0.0702
7,11,6,4,0.9564,0.9521,0.9951,0.9548,0.0489
7,11,6,5,0.9777,0.9760,0.9979,0.9780,0.0387
7,11,6,6,0.9769,0.9679,0.9989,0.9761,0.0340
7,11,6,7,0.8970,0.8940,0.9968,0.8864,0.0565
7,11,6,8,0.9045,0.8930,0.9997,0.8951,0.0563
7,11,6,9,0.9999,0.9999,1.0000,0.9999,0.0013
7,11,6,10,0.9987,0.9987,1.0000,0.9987,0.0081
7,11,6,11,0.9516,0.9236,0.9930,0.9485,0.0448
7,11,7,0,0.9546,0.9265,0.9989,0.9504,0.0367
7,11,7,1,0.9973,0.9954,0.9999,0.9971,0.0076
7,11,7,2,0.9999,0.9999,1.0000,0.9999,0.0013
7,11,7,3,0.9471,0.9526,0.9984,0.9438,0.0484
7,11,7,4,0.9790,0.9752,0.9969,0.9773,0.0248
7,11,7,5,0.9838,0.9818,0.9962,0.9842,0.0341
7,11,7,6,0.9937,0.9919,0.9999,0.9937,0.0190
7,11,7,7,0.9998,0.9998,1.0000,0.9997,0.0013
7,11,7,8,0.9105,0.8664,0.9999,0.9005,0.0400
7,11,7,9,0.9866,0.9823,0.9971,0.9864,0.0273
7,11,7,10,0.9999,0.9999,1.0000,0.9999,0.0013
7,11,7,11,1.0000,1.0000,1.0000,1.0000,0.0000
7,11,8,0,0.9912,0.9879,0.9974,0.9911,0.0217
7,11,8,1,0.9999,0.9999,1.0000,0.9999,0.0005
7,11,8,2,0.9511,0.9509,0.9987,0.9485,0.0483
7,11,8,3,0.9756,0.9590,0.9982,0.9732,0.0217
7,11,8,4,0.9302,0.8941,0.9951,0.9245,0.0521
7,11,8,5,0.8668,0.8384,0.9729,0.8557,0.0767
7,11,8,6,0.9830,0.9882,0.9999,0.9814,0.0181
7,11,8,7,0.9651,0.9439,0.9963,0.9623,0.0341
7,11,8,8,0.7762,0.7875,0.9977,0.7460,0.0560
7,11,8,9,0.9862,0.9825,1.0000,0.9856,0.0244
7,11,8,10,0.9654,0.9642,0.9992,0.9653,0.0460
7,11,8,11,0.9814,0.9827,1.0000,0.9805,0.0278
7,11,9,0,0.9822,0.9735,0.9995,0.9811,0.0263
7,11,9,1,0.9999,0.9999,1.0000,0.9999,0.0008
7,11,9,2,0.9996,0.9995,1.0000,0.9996,0.0021
7,11,9,3,0.9089,0.8932,0.9966,0.9000,0.0529
7,11,9,4,0.9982,0.9987,1.0000,0.9980,0.0037
7,11,9,5,0.9921,0.9903,1.0000,0.9919,0.0194
7,11,9,6,0.9999,0.9999,1.0000,0.9999,0.0011
7,11,9,7,0.9777,0.9779,0.9996,0.9762,0.0284
7,11,9,8,0.9971,0.9977,1.0000,0.9969,0.0094
7,11,9,9,0.9999,0.9999,1.0000,0.9999,0.0011
7,11,9,10,0.8920,0.8432,0.9995,0.8804,0.0562
7,11,9,11,1.0000,1.0000,1.0000,1.0000,0.0002
7,11,10,0,0.9966,0.9955,1.0000,0.9965,0.0113
7,11,10,1,0.9999,0.9999,1.0000,0.9999,0.0008
7,11,10,2,0.9996,0.9995,1.0000,0.9995,0.0021
7,11,10,3,0.9958,0.9948,1.0000,0.9956,0.0106
7,11,10,4,0.9900,0.9896,0.9992,0.9898,0.0229
7,11,10,5,0.9199,0.8944,0.9999,0.9107,0.0395
7,11,10,6,0.9999,0.9998,1.0000,0.9999,0.0008
7,11,10,7,0.9974,0.9966,0.9999,0.9975,0.0132
7,11,10,8,0.9998,0.9998,1.0000,0.9998,0.0016
7,11,10,9,0.8880,0.8114,0.9897,0.8742,0.0283
7,11,10,10,0.9999,0.9999,1.0000,0.9999,0.0006
7,11,10,11,0.9689,0.9532,0.9962,0.9653,0.0192
7,11,11,0,0.6291,0.6280,0.9871,0.5710,0.1014
7,11,11,1,0.9929,0.9920,0.9996,0.9928,0.0187
7,11,11,2,0.9992,0.9992,0.9997,0.9992,0.0048
7,11,11,3,0.8840,0.8856,0.9974,0.8726,0.0632
7,11,11,4,0.9911,0.9895,0.9984,0.9917,0.0289
7,11,11,5,0.9974,0.9980,1.0000,0.9972,0.0084
7,11,11,6,0.9999,0.9999,1.0000,0.9999,0.0005
7,11,11,7,0.9931,0.9907,0.9981,0.9929,0.0179
7,11,11,8,0.1581,0.4605,0.9952,0.0071,0.0827
7,11,11,9,0.9998,0.9998,1.0000,0.9998,0.0013
7,11,11,10,0.9473,0.9394,0.9945,0.9453,0.0529
7,11,11,11,0.9408,0.9214,0.9976,0.9367,0.0506
8,0,0,0,0.8475,0.8379,0.9741,0.8271,0.0733
8,0,0,1,0.1774,0.2101,0.8889,0.0690,0.0213
8,0,0,2,0.7704,0.7773,0.9990,0.7296,0.0678
8,0,0,3,0.2678,0.2716,0.8761,0.1562,0.0146
8,0,0,4,0.4866,0.4630,0.9771,0.3861,0.0508
8,0,0,5,0.2998,0.2812,0.8416,0.1898,0.0176
8,0,0,6,0.7855,0.7841,0.9862,0.7493,0.0743
8,0,0,7,0.6135,0.6123,0.9933,0.5346,0.0762
8,0,0,8,0.6342,0.6686,1.0000,0.5620,0.0630
8,0,0,9,0.8255,0.8278,0.9795,0.8009,0.0786
8,0,0,10,0.7714,0.7490,0.9931,0.7338,0.0805
8,0,0,11,0.8441,0.8372,0.9775,0.8252,0.0770
8,0,1,0,0.6613,0.6416,0.9996,0.5957,0.0654
8,0,1,1,0.8268,0.8213,0.9984,0.7987,0.0670
8,0,1,2,0.7945,0.7951,0.9994,0.7589,0.0683
8,0,1,3,0.9238,0.8933,0.9875,0.9199,0.0602
8,0,1,4,0.9493,0.9492,0.9968,0.9447,0.0435
8,0,1,5,0.8448,0.8040,0.9996,0.8193,0.0527
8,0,1,6,0.9010,0.8644,0.9816,0.8851,0.0254
8,0,1,7,0.9458,0.9475,0.9993,0.9393,0.0402
8,0,1,8,0.9301,0.9314,0.9999,0.9211,0.0438
8,0,1,9,0.9701,0.9688,0.9978,0.9660,0.0237
8,0,1,10,0.2588,0.4651,0.9992,0.0924,0.0794
8,0,1,11,0.4176,0.3419,0.8720,0.3199,0.0249
8,0,2,0,0.7842,0.7460,0.9974,0.7462,0.0629
8,0,2,1,0.9876,0.9853,0.9993,0.9857,0.0089
8,0,2,2,0.4499,0.4677,0.9762,0.3506,0.0379
8,0,2,3,0.7001,0.6786,1.0000,0.6428,0.0713
8,0,2,4,0.7617,0.7881,0.9997,0.7194,0.0486
8,0,2,5,0.6219,0.6219,0.9998,0.5502,0.0551
8,0,2,6,0.9516,0.9583,0.9983,0.9443,0.0243
8,0,2,7,0.6568,0.6257,0.9934,0.5876,0.0846
8,0,2,8,0.5327,0.6788,0.9960,0.4444,0.0473
8,0,2,9,0.5818,0.5652,0.9924,0.5017,0.0537
8,0,2,10,0.8279,0.8077,0.9933,0.8023,0.0735
8,0,2,11,0.9843,0.9819,0.9998,0.9828,0.0219
8,0,3,0,0.9900,0.9899,0.9960,0.9895,0.0179
8,0,3,1,0.9561,0.9480,0.9972,0.9499,0.0287
8,0,3,2,0.5865,0.5680,0.9986,0.5045,0.0595
8,0,3,3,0.8466,0.8521,0.9945,0.8210,0.0343
8,0,3,4,0.9907,0.9879,0.9979,0.9900,0.0163
8,0,3,5,0.9491,0.9571,0.9987,0.9418,0.0284
8,0,3,6,0.7302,0.7105,0.9948,0.6802,0.0652
8,0,3,7,0.6882,0.6387,0.9588,0.6318,0.0483
8,0,3,8,0.7812,0.7601,0.9997,0.7426,0.0552
8,0,3,9,0.7251,0.7250,0.9975,0.6760,0.0446
8,0,3,10,0.9743,0.9621,0.9945,0.9709,0.0224
8,0,3,11,0.6581,0.7402,0.9976,0.5945,0.0489
8,0,4,0,0.6069,0.7959,0.9330,0.5452,0.0179
8,0,4,1,0.8792,0.8583,0.9998,0.8594,0.0351
8,0,4,2,0.9905,0.9895,0.9997,0.9891,0.0078
8,0,4,3,0.8793,0.8750,0.9980,0.8596,0.0359
8,0,4,4,0.9901,0.9919,0.9999,0.9886,0.0073
8,0,4,5,0.9134,0.8909,0.9997,0.8999,0.0383
8,0,4,6,0.9358,0.9352,0.9964,0.9274,0.0410
8,0,4,7,0.5697,0.5466,0.9629,0.4905,0.0435
8,0,4,8,0.9775,0.9807,0.9996,0.9741,0.0117
8,0,4,9,0.7486,0.7877,0.9899,0.7028,0.0602
8,0,4,10,0.9901,0.9900,0.9972,0.9889,0.0102
8,0,4,11,0.2592,0.3895,0.8033,0.1634,0.0230
8,0,5,0,0.9895,0.9883,0.9960,0.9883,0.0114
8,0,5,1,0.9903,0.9865,0.9970,0.9903,0.0230
8,0,5,2,0.8541,0.8932,0.9805,0.8299,0.0429
8,0,5,3,0.9228,0.9171,0.9806,0.9119,0.0408
8,0,5,4,0.8891,0.8843,0.9985,0.8725,0.0505
8,0,5,5,0.9917,0.9921,0.9987,0.9911,0.0137
8,0,5,6,0.9647,0.9597,0.9998,0.9594,0.0206
8,0,5,7,0.9645,0.9563,0.9974,0.9592,0.0187
8,0,5,8,0.9789,0.9765,1.0000,0.9756,0.0124
8,0,5,9,0.9918,0.9887,0.9976,0.9911,0.0135
8,0,5,10,0.8739,0.8785,0.9893,0.8532,0.0373
8,0,5,11,0.9792,0.9834,0.9999,0.9763,0.0156
8,0,6,0,0.7830,0.8339,0.9883,0.7447,0.0608
8,0,6,1,0.9716,0.9755,0.9991,0.9673,0.0117
8,0,6,2,0.9879,0.9884,0.9987,0.9860,0.0095
8,0,6,3,0.8751,0.8894,0.9984,0.8550,0.0497
8,0,6,4,0.9670,0.9725,0.9996,0.9628,0.0271
8,0,6,5,0.9828,0.9832,1.0000,0.9807,0.0186
8,0,6,6,0.9899,0.9858,0.9997,0.9885,0.0125
8,0,6,7,0.9070,0.9027,0.9884,0.8922,0.0363
8,0,6,8,0.9207,0.9199,0.9989,0.9084,0.0365
8,0,6,9,0.9909,0.9875,0.9970,0.9910,0.0227
8,0,6,10,0.9937,0.9909,0.9980,0.9932,0.0137
8,0,6,11,0.9636,0.9508,0.9990,0.9584,0.0240
8,0,7,0,0.9681,0.9520,0.9997,0.9632,0.0178
8,0,7,1,0.9892,0.9868,0.9966,0.9882,0.0141
8,0,7,2,0.9903,0.9866,0.9970,0.9903,0.0230
8,0,7,3,0.9471,0.9520,0.9999,0.9393,0.0289
8,0,7,4,0.9687,0.9739,1.0000,0.9639,0.0113
8,0,7,5,0.9863,0.9858,0.9999,0.9844,0.0133
8,0,7,6,0.9901,0.9869,0.9983,0.9886,0.0062
8,0,7,7,0.9910,0.9878,0.9976,0.9906,0.0205
8,0,7,8,0.9141,0.8750,0.9961,0.9004,0.0192
8,0,7,9,0.9889,0.9847,1.0000,0.9872,0.0084
8,0,7,10,0.9909,0.9874,0.9970,0.9909,0.0230
8,0,7,11,0.9912,0.9879,0.9974,0.9911,0.0217
8,0,8,0,1.0000,1.0000,1.0000,1.0000,0.0000
8,0,8,1,0.9910,0.9877,0.9971,0.9908,0.0219
8,0,8,2,0.9584,0.9588,0.9998,0.9526,0.0281
8,0,8,3,0.9703,0.9625,0.9912,0.9659,0.0102
8,0,8,4,0.9572,0.9322,0.9996,0.9513,0.0310
8,0,8,5,0.8995,0.8836,0.9871,0.8860,0.0549
8,0,8,6,0.9788,0.9812,0.9982,0.9758,0.0100
8,0,8,7,0.9732,0.9631,0.9999,0.9691,0.0140
8,0,8,8,0.8136,0.8263,0.9902,0.7819,0.0349
8,0,8,9,0.9803,0.9781,0.9975,0.9773,0.0062
8,0,8,10,0.9729,0.9712,0.9994,0.9697,0.0246
8,0,8,11,0.9811,0.9817,0.9973,0.9782,0.0095
8,0,9,0,0.9866,0.9825,0.9945,0.9845,0.0090
8,0,9,1,0.9908,0.9876,0.9971,0.9906,0.0210
8,0,9,2,0.9921,0.9895,0.9972,0.9919,0.0197
8,0,9,3,0.9436,0.9372,1.0000,0.9353,0.0321
8,0,9,4,0.9875,0.9861,0.9974,0.9867,0.0184
8,0,9,5,0.9893,0.9893,0.9971,0.9877,0.0040
8,0,9,6,0.9904,0.9867,0.9971,0.9903,0.0225
8,0,9,7,0.9716,0.9751,0.9949,0.9672,0.0102
8,0,9,8,0.9904,0.9881,0.9972,0.9894,0.0124
8,0,9,9,0.9902,0.9868,0.9970,0.9902,0.0229
8,0,9,10,0.8975,0.8827,0.9991,0.8810,0.0363
8,0,9,11,0.9910,0.9874,0.9970,0.9908,0.0219
8,0,10,0,0.9938,0.9913,0.9975,0.9932,0.0108
8,0,10,1,0.9910,0.9877,0.9977,0.9909,0.0216
8,0,10,2,0.9908,0.9874,0.9975,0.9904,0.0197
8,0,10,3,0.9884,0.9845,0.9967,0.9871,0.0111
8,0,10,4,0.9925,0.9906,0.9995,0.9913,0.0062
8,0,10,5,0.9094,0.9072,0.9981,0.8951,0.0238
8,0,10,6,0.9919,0.9888,0.9977,0.9918,0.0210
8,0,10,7,0.9928,0.9901,0.9980,0.9919,0.0086
8,0,10,8,0.9923,0.9891,0.9978,0.9922,0.0202
8,0,10,9,0.8826,0.8198,0.9767,0.8643,0.0090
8,0,10,10,0.9910,0.9874,0.9972,0.9910,0.0224
8,0,10,11,0.9765,0.9664,0.9999,0.9733,0.0140
8,0,11,0,0.6714,0.6646,0.9961,0.6063,0.0797
8,0,11,1,0.9863,0.9845,0.9990,0.9843,0.0084
8,0,11,2,0.9919,0.9891,0.9988,0.9914,0.0170
8,0,11,3,0.9230,0.9283,1.0000,0.9119,0.0421
8,0,11,4,0.9909,0.9903,0.9999,0.9896,0.0119
8,0,11,5,0.9908,0.9890,0.9976,0.9899,0.0133
8,0,11,6,0.9910,0.9880,0.9980,0.9907,0.0213
8,0,11,7,0.9859,0.9869,0.9999,0.9839,0.0063
8,0,11,8,0.2472,0.4846,0.9854,0.0923,0.0625
8,0,11,9,0.9912,0.9880,0.9978,0.9909,0.0205
8,0,11,10,0.9601,0.9608,0.9995,0.9552,0.0321
8,0,11,11,0.9547,0.9477,1.0000,0.9483,0.0295
8,1,0,0,0.8129,0.8081,0.9542,0.7976,0.0952
8,1,0,1,0.1114,0.1549,0.9211,0.0091,0.0006
8,1,0,2,0.7293,0.7332,0.9926,0.6926,0.0890
8,1,0,3,0.2086,0.2090,0.9102,0.1036,0.0298
8,1,0,4,0.4280,0.3976,0.9904,0.3329,0.0727
8,1,0,5,0.2416,0.2201,0.8801,0.1381,0.0348
8,1,0,6,0.7386,0.7317,0.9707,0.7058,0.0962
8,1,0,7,0.5533,0.5559,0.9817,0.4780,0.0971
8,1,0,8,0.5743,0.6123,0.9963,0.5050,0.0849
8,1,0,9,0.7820,0.7926,0.9614,0.7612,0.1005
8,1,0,10,0.7241,0.7048,0.9813,0.6908,0.1024
8,1,0,11,0.7981,0.7954,0.9587,0.7820,0.0989
8,1,1,0,0.6200,0.5858,0.9989,0.5605,0.0857
8,1,1,1,0.7882,0.7828,0.9911,0.7637,0.0876
8,1,1,2,0.7559,0.7601,0.9991,0.7243,0.0886
8,1,1,3,0.8925,0.8619,0.9727,0.8922,0.0821
8,1,1,4,0.9314,0.9296,0.9878,0.9306,0.0651
8,1,1,5,0.8096,0.7553,0.9989,0.7872,0.0746
8,1,1,6,0.8902,0.8394,0.9932,0.8781,0.0460
8,1,1,7,0.9322,0.9338,0.9934,0.9296,0.0608
8,1,1,8,0.9141,0.9136,0.9961,0.9093,0.0651
8,1,1,9,0.9646,0.9655,1.0000,0.9634,0.0430
8,1,1,10,0.1718,0.4400,0.9993,0.0099,0.0997
8,1,1,11,0.3610,0.2811,0.9066,0.2686,0.0468
8,1,2,0,0.7409,0.6935,0.9890,0.7062,0.0835
8,1,2,1,0.9890,0.9884,0.9993,0.9887,0.0232
8,1,2,2,0.3916,0.4011,0.9899,0.2974,0.0583
8,1,2,3,0.6612,0.6420,0.9971,0.6103,0.0925
8,1,2,4,0.7168,0.7339,0.9987,0.6766,0.0689
8,1,2,5,0.5731,0.5722,0.9986,0.5059,0.0757
8,1,2,6,0.9428,0.9491,0.9999,0.9382,0.0446
8,1,2,7,0.5970,0.5834,0.9819,0.5314,0.1065
8,1,2,8,0.4775,0.6303,0.9999,0.3940,0.0686
8,1,2,9,0.5393,0.5130,0.9989,0.4657,0.0743
8,1,2,10,0.7923,0.7710,0.9817,0.7718,0.0954
8,1,2,11,0.9777,0.9741,0.9985,0.9789,0.0432
8,1,3,0,0.9988,0.9980,0.9999,0.9987,0.0040
8,1,3,1,0.9456,0.9351,1.0000,0.9422,0.0490
8,1,3,2,0.5353,0.5199,0.9997,0.4587,0.0814
8,1,3,3,0.7947,0.7976,0.9996,0.7676,0.0549
8,1,3,4,0.9984,0.9988,0.9999,0.9983,0.0056
8,1,3,5,0.9489,0.9464,0.9921,0.9464,0.0494
8,1,3,6,0.7001,0.6734,0.9997,0.6571,0.0862
8,1,3,7,0.6526,0.6002,0.9776,0.6013,0.0692
8,1,3,8,0.7417,0.7036,0.9949,0.7060,0.0759
8,1,3,9,0.6897,0.6811,1.0000,0.6448,0.0656
8,1,3,10,0.9643,0.9466,0.9996,0.9630,0.0427
8,1,3,11,0.6160,0.6927,1.0000,0.5573,0.0698
8,1,4,0,0.5667,0.7802,0.9576,0.5084,0.0354
8,1,4,1,0.8506,0.8237,0.9985,0.8324,0.0557
8,1,4,2,0.9962,0.9958,0.9986,0.9963,0.0160
8,1,4,3,0.8748,0.8637,0.9999,0.8612,0.0571
8,1,4,4,0.9921,0.9903,0.9980,0.9923,0.0238
8,1,4,5,0.9032,0.8594,0.9986,0.8941,0.0589
8,1,4,6,0.9239,0.9219,0.9871,0.9199,0.0619
8,1,4,7,0.5264,0.4910,0.9806,0.4531,0.0648
8,1,4,8,0.9754,0.9719,0.9989,0.9740,0.0311
8,1,4,9,0.7295,0.7613,0.9762,0.6922,0.0814
8,1,4,10,0.9955,0.9944,1.0000,0.9952,0.0117
8,1,4,11,0.2067,0.3316,0.8462,0.1169,0.0011
8,1,5,0,0.9920,0.9942,0.9999,0.9912,0.0121
8,1,5,1,0.9999,0.9999,1.0000,0.9999,0.0011
8,1,5,2,0.8344,0.8714,0.9628,0.8152,0.0648
8,1,5,3,0.9145,0.8913,0.9629,0.9088,0.0627
8,1,5,4,0.8751,0.8596,0.9915,0.8643,0.0721
8,1,5,5,0.9974,0.9963,0.9997,0.9972,0.0083
8,1,5,6,0.9493,0.9269,0.9955,0.9447,0.0400
8,1,5,7,0.9566,0.9359,0.9891,0.9535,0.0403
8,1,5,8,0.9712,0.9589,0.9978,0.9691,0.0314
8,1,5,9,0.9981,0.9982,1.0000,0.9981,0.0084
8,1,5,10,0.8730,0.8686,0.9975,0.8592,0.0592
8,1,5,11,0.9758,0.9734,0.9958,0.9754,0.0368
8,1,6,0,0.7519,0.8049,0.9739,0.7189,0.0827
8,1,6,1,0.9661,0.9680,0.9929,0.9631,0.0321
8,1,6,2,0.9909,0.9896,0.9997,0.9911,0.0241
8,1,6,3,0.8516,0.8687,0.9998,0.8351,0.0703
8,1,6,4,0.9555,0.9511,0.9948,0.9539,0.0490
8,1,6,5,0.9771,0.9750,0.9977,0.9774,0.0389
8,1,6,6,0.9761,0.9671,0.9987,0.9752,0.0341
8,1,6,7,0.8962,0.8928,0.9971,0.8855,0.0567
8,1,6,8,0.9046,0.8919,0.9996,0.8952,0.0565
8,1,6,9,0.9999,0.9999,1.0000,0.9999,0.0008
8,1,6,10,0.9985,0.9985,0.9999,0.9985,0.0083
8,1,6,11,0.9504,0.9217,0.9926,0.9472,0.0449
8,1,7,0,0.9544,0.9260,0.9987,0.9502,0.0368
8,1,7,1,0.9973,0.9954,1.0000,0.9971,0.0078
8,1,7,2,0.9999,0.9999,1.0000,0.9999,0.0011
8,1,7,3,0.9459,0.9510,0.9982,0.9426,0.0486
8,1,7,4,0.9792,0.9748,0.9966,0.9775,0.0249
8,1,7,5,0.9836,0.9811,0.9959,0.9840,0.0343
8,1,7,6,0.9930,0.9912,0.9999,0.9929,0.0192
8,1,7,7,0.9996,0.9997,1.0000,0.9996,0.0014
8,1,7,8,0.9087,0.8646,0.9999,0.8985,0.0402
8,1,7,9,0.9857,0.9813,0.9969,0.9854,0.0275
8,1,7,10,0.9999,0.9999,1.0000,0.9999,0.0011
8,1,7,11,0.9999,0.9999,1.0000,0.9999,0.0005
8,1,8,0,0.9910,0.9877,0.9971,0.9908,0.0219
8,1,8,1,1.0000,1.0000,1.0000,1.0000,0.0000
8,1,8,2,0.9492,0.9491,0.9985,0.9463,0.0484
8,1,8,3,0.9751,0.9576,0.9984,0.9727,0.0219
8,1,8,4,0.9296,0.8931,0.9947,0.9239,0.0522
8,1,8,5,0.8653,0.8356,0.9722,0.8541,0.0768
8,1,8,6,0.9837,0.9884,0.9999,0.9822,0.0183
8,1,8,7,0.9651,0.9435,0.9960,0.9623,0.0343
8,1,8,8,0.7758,0.7868,0.9979,0.7456,0.0562
8,1,8,9,0.9857,0.9819,1.0000,0.9851,0.0246
8,1,8,10,0.9648,0.9632,0.9991,0.9645,0.0462
8,1,8,11,0.9807,0.9820,1.0000,0.9797,0.0279
8,1,9,0,0.9823,0.9733,0.9996,0.9812,0.0265
8,1,9,1,0.9998,0.9998,1.0000,0.9998,0.0010
8,1,9,2,0.9995,0.9994,1.0000,0.9995,0.0022
8,1,9,3,0.9077,0.8922,0.9964,0.8986,0.0530
8,1,9,4,0.9980,0.9985,1.0000,0.9978,0.0035
8,1,9,5,0.9917,0.9896,1.0000,0.9915,0.0195
8,1,9,6,0.9998,0.9998,1.0000,0.9998,0.0006
8,1,9,7,0.9775,0.9770,0.9997,0.9761,0.0286
8,1,9,8,0.9970,0.9976,1.0000,0.9969,0.0095
8,1,9,9,0.9999,0.9999,1.0000,0.9999,0.0010
8,1,9,10,0.8917,0.8412,0.9994,0.8803,0.0563
8,1,9,11,0.9999,0.9999,1.0000,0.9999,0.0003
8,1,10,0,0.9965,0.9955,1.0000,0.9964,0.0114
8,1,10,1,0.9998,0.9998,1.0000,0.9998,0.0006
8,1,10,2,0.9993,0.9993,1.0000,0.9993,0.0022
8,1,10,3,0.9953,0.9943,1.0000,0.9950,0.0108
8,1,10,4,0.9896,0.9891,0.9991,0.9894,0.0230
8,1,10,5,0.9189,0.8920,0.9999,0.9096,0.0397
8,1,10,6,0.9999,0.9998,1.0000,0.9998,0.0010
8,1,10,7,0.9973,0.9964,0.9999,0.9974,0.0133
8,1,10,8,0.9997,0.9997,1.0000,0.9997,0.0017
8,1,10,9,0.8860,0.8094,0.9902,0.8720,0.0284
8,1,10,10,0.9999,0.9999,1.0000,0.9999,0.0005
8,1,10,11,0.9693,0.9534,0.9959,0.9658,0.0194
8,1,11,0,0.6279,0.6251,0.9866,0.5697,0.1016
8,1,11,1,0.9922,0.9912,0.9995,0.9919,0.0189
8,1,11,2,0.9992,0.9992,0.9997,0.9991,0.0049
8,1,11,3,0.8827,0.8843,0.9971,0.8711,0.0633
8,1,11,4,0.9908,0.9891,0.9982,0.9914,0.0290
8,1,11,5,0.9971,0.9979,1.0000,0.9969,0.0086
8,1,11,6,0.9999,0.9999,0.9999,0.9998,0.0006
8,1,11,7,0.9926,0.9899,0.9979,0.9924,0.0181
8,1,11,8,0.1578,0.4571,0.9955,0.0070,0.0829
8,1,11,9,0.9998,0.9998,0.9999,0.9997,0.0014
8,1,11,10,0.9467,0.9383,0.9941,0.9446,0.0530
8,1,11,11,0.9402,0.9202,0.9974,0.9361,0.0508
8,2,0,0,0.9065,0.8848,0.9692,0.8897,0.0468
8,2,0,1,0.2213,0.2674,0.8982,0.1042,0.0478
8,2,0,2,0.8543,0.8621,0.9978,0.8220,0.0406
8,2,0,3,0.3379,0.3370,0.8859,0.2221,0.0256
8,2,0,4,0.5972,0.5527,0.9813,0.5046,0.0243
8,2,0,5,0.3564,0.3426,0.8526,0.2402,0.0178
8,2,0,6,0.8562,0.8361,0.9825,0.8253,0.0478
8,2,0,7,0.7329,0.7203,0.9907,0.6680,0.0487
8,2,0,8,0.7380,0.7644,0.9995,0.6760,0.0365
8,2,0,9,0.9047,0.8895,0.9751,0.8887,0.0521
8,2,0,10,0.8562,0.8186,0.9904,0.8274,0.0540
8,2,0,11,0.9181,0.9010,0.9729,0.9067,0.0505
8,2,1,0,0.7758,0.7500,1.0000,0.7237,0.0379
8,2,1,1,0.9150,0.9136,0.9969,0.8981,0.0395
8,2,1,2,0.9037,0.9004,0.9999,0.8837,0.0408
8,2,1,3,0.9279,0.8942,0.9840,0.9154,0.0349
8,2,1,4,0.9882,0.9858,0.9949,0.9869,0.0192
8,2,1,5,0.9059,0.8785,1.0000,0.8860,0.0271
8,2,1,6,0.9362,0.9019,0.9853,0.9234,0.0056
8,2,1,7,0.9880,0.9878,0.9982,0.9860,0.0149
8,2,1,8,0.9861,0.9852,0.9994,0.9840,0.0167
8,2,1,9,0.9930,0.9927,0.9990,0.9917,0.0070
8,2,1,10,0.3124,0.5578,0.9998,0.1328,0.0535
8,2,1,11,0.4654,0.4022,0.8820,0.3619,0.0206
8,2,2,0,0.8730,0.8413,0.9957,0.8453,0.0354
8,2,2,1,0.9824,0.9835,0.9999,0.9806,0.0252
8,2,2,2,0.5500,0.5670,0.9805,0.4555,0.0194
8,2,2,3,0.7914,0.7709,0.9998,0.7427,0.0441
8,2,2,4,0.8393,0.8638,1.0000,0.8045,0.0262
8,2,2,5,0.7372,0.7485,1.0000,0.6780,0.0298
8,2,2,6,0.9893,0.9926,0.9993,0.9872,0.0089
8,2,2,7,0.7540,0.7150,0.9908,0.6942,0.0581
8,2,2,8,0.6198,0.7825,0.9977,0.5353,0.0221
8,2,2,9,0.6927,0.6692,0.9948,0.6230,0.0265
8,2,2,10,0.9116,0.8932,0.9907,0.8958,0.0470
8,2,2,11,0.9827,0.9841,1.0000,0.9793,0.0138
8,2,3,0,0.9494,0.9545,0.9977,0.9459,0.0444
8,2,3,1,0.9853,0.9857,0.9985,0.9823,0.0124
8,2,3,2,0.6532,0.6535,0.9995,0.5708,0.0343
8,2,3,3,0.8309,0.8739,0.9965,0.7963,0.0224
8,2,3,4,0.9613,0.9594,0.9991,0.9590,0.0429
8,2,3,5,0.9758,0.9778,0.9975,0.9709,0.0095
8,2,3,6,0.8289,0.8125,0.9967,0.7902,0.0378
8,2,3,7,0.7513,0.7181,0.9645,0.6975,0.0256
8,2,3,8,0.8479,0.8349,0.9989,0.8147,0.0357
8,2,3,9,0.7691,0.8001,0.9988,0.7193,0.0254
8,2,3,10,0.9752,0.9741,0.9965,0.9704,0.0175
8,2,3,11,0.7271,0.8242,0.9988,0.6663,0.0243
8,2,4,0,0.5919,0.8544,0.9402,0.5187,0.0263
8,2,4,1,0.9233,0.9329,1.0000,0.9077,0.0190
8,2,4,2,0.9661,0.9670,1.0000,0.9625,0.0324
8,2,4,3,0.9224,0.9247,0.9991,0.9063,0.0138
8,2,4,4,0.9718,0.9747,1.0000,0.9680,0.0268
8,2,4,5,0.9309,0.9229,1.0000,0.9166,0.0222
8,2,4,6,0.9775,0.9775,0.9944,0.9732,0.0135
8,2,4,7,0.6828,0.6562,0.9683,0.6142,0.0217
8,2,4,8,0.9780,0.9820,1.0000,0.9746,0.0176
8,2,4,9,0.8396,0.8607,0.9867,0.8037,0.0330
8,2,4,10,0.9656,0.9665,0.9985,0.9627,0.0367
8,2,4,11,0.3268,0.4887,0.8155,0.2281,0.0495
8,2,5,0,0.9548,0.9587,0.9977,0.9504,0.0363
8,2,5,1,0.9469,0.9467,0.9984,0.9443,0.0495
8,2,5,2,0.8814,0.9071,0.9762,0.8559,0.0233
8,2,5,3,0.9466,0.9447,0.9763,0.9356,0.0184
8,2,5,4,0.9227,0.9142,0.9972,0.9065,0.0246
8,2,5,5,0.9539,0.9564,0.9995,0.9500,0.0402
8,2,5,6,0.9446,0.9463,0.9992,0.9345,0.0252
8,2,5,7,0.9441,0.9320,0.9957,0.9337,0.0205
8,2,5,8,0.9418,0.9419,0.9999,0.9319,0.0262
8,2,5,9,0.9624,0.9625,0.9988,0.9595,0.0400
8,2,5,10,0.9237,0.9175,0.9921,0.9079,0.0171
8,2,5,11,0.9778,0.9794,0.9994,0.9738,0.0173
8,2,6,0,0.8268,0.8649,0.9850,0.7878,0.0410
8,2,6,1,0.9484,0.9481,0.9980,0.9401,0.0224
8,2,6,2,0.9754,0.9801,0.9996,0.9722,0.0256
8,2,6,3,0.9315,0.9397,0.9994,0.9171,0.0238
8,2,6,4,0.9646,0.9716,0.9989,0.9574,0.0079
8,2,6,5,0.9861,0.9888,0.9999,0.9835,0.0124
8,2,6,6,0.9713,0.9695,1.0000,0.9663,0.0210
8,2,6,7,0.9370,0.9392,0.9913,0.9242,0.0187
8,2,6,8,0.9444,0.9515,0.9997,0.9330,0.0167
8,2,6,9,0.9480,0.9482,0.9984,0.9453,0.0492
8,2,6,10,0.9607,0.9607,0.9991,0.9575,0.0402
8,2,6,11,0.9627,0.9649,0.9978,0.9554,0.0149
8,2,7,0,0.9247,0.9295,1.0000,0.9113,0.0217
8,2,7,1,0.9558,0.9595,0.9981,0.9522,0.0406
8,2,7,2,0.9477,0.9474,0.9984,0.9451,0.0495
8,2,7,3,0.9877,0.9896,1.0000,0.9853,0.0068
8,2,7,4,0.9548,0.9645,0.9996,0.9483,0.0254
8,2,7,5,0.9732,0.9799,0.9994,0.9685,0.0183
8,2,7,6,0.9736,0.9771,0.9993,0.9708,0.0292
8,2,7,7,0.9543,0.9538,0.9989,0.9516,0.0470
8,2,7,8,0.9361,0.9196,0.9977,0.9240,0.0149
8,2,7,9,0.9736,0.9844,0.9997,0.9697,0.0216
8,2,7,10,0.9475,0.9476,0.9984,0.9448,0.0495
8,2,7,11,0.9511,0.9509,0.9987,0.9485,0.0483
8,2,8,0,0.9584,0.9588,0.9998,0.9526,0.0281
8,2,8,1,0.9492,0.9491,0.9985,0.9463,0.0484
8,2,8,2,1.0000,1.0000,1.0000,1.0000,0.0000
8,2,8,3,0.9581,0.9527,0.9937,0.9527,0.0316
8,2,8,4,0.9252,0.9155,0.9989,0.9100,0.0171
8,2,8,5,0.9287,0.9265,0.9836,0.9142,0.0284
8,2,8,6,0.9530,0.9544,0.9992,0.9473,0.0314
8,2,8,7,0.9287,0.9372,0.9994,0.9162,0.0227
8,2,8,8,0.8446,0.8523,0.9929,0.8126,0.0179
8,2,8,9,0.9724,0.9742,0.9987,0.9688,0.0241
8,2,8,10,0.9791,0.9797,0.9999,0.9749,0.0086
8,2,8,11,0.9756,0.9748,0.9986,0.9721,0.0205
8,2,9,0,0.9521,0.9561,0.9965,0.9448,0.0254
8,2,9,1,0.9526,0.9523,0.9984,0.9500,0.0475
8,2,9,2,0.9537,0.9541,0.9985,0.9509,0.0462
8,2,9,3,0.9356,0.9365,0.9995,0.9226,0.0183
8,2,9,4,0.9571,0.9552,0.9987,0.9548,0.0449
8,2,9,5,0.9693,0.9730,0.9985,0.9657,0.0289
8,2,9,6,0.9488,0.9489,0.9984,0.9462,0.0490
8,2,9,7,0.9731,0.9741,0.9968,0.9692,0.0211
8,2,9,8,0.9648,0.9632,0.9985,0.9623,0.0389
8,2,9,9,0.9483,0.9480,0.9984,0.9456,0.0494
8,2,9,10,0.9198,0.9195,0.9998,0.9034,0.0162
8,2,9,11,0.9509,0.9511,0.9984,0.9483,0.0484
8,2,10,0,0.9581,0.9590,0.9987,0.9541,0.0370
8,2,10,1,0.9512,0.9510,0.9989,0.9485,0.0481
8,2,10,2,0.9554,0.9567,0.9987,0.9528,0.0462
8,2,10,3,0.9649,0.9693,0.9981,0.9620,0.0376
8,2,10,4,0.9727,0.9771,0.9999,0.9692,0.0254
8,2,10,5,0.9333,0.9551,0.9991,0.9216,0.0240
8,2,10,6,0.9503,0.9502,0.9989,0.9473,0.0475
8,2,10,7,0.9629,0.9669,0.9991,0.9591,0.0351
8,2,10,8,0.9520,0.9531,0.9990,0.9491,0.0467
8,2,10,9,0.8985,0.8726,0.9809,0.8809,0.0222
8,2,10,10,0.9487,0.9487,0.9986,0.9458,0.0489
8,2,10,11,0.9070,0.9005,0.9994,0.8938,0.0351
8,2,11,0,0.7748,0.7545,0.9941,0.7213,0.0532
8,2,11,1,0.9746,0.9761,0.9997,0.9722,0.0295
8,2,11,2,0.9551,0.9534,0.9996,0.9518,0.0435
8,2,11,3,0.9315,0.9306,0.9998,0.9171,0.0200
8,2,11,4,0.9703,0.9735,1.0000,0.9657,0.0232
8,2,11,5,0.9633,0.9610,0.9988,0.9606,0.0398
8,2,11,6,0.9512,0.9511,0.9991,0.9483,0.0478
8,2,11,7,0.9649,0.9665,1.0000,0.9609,0.0303
8,2,11,8,0.3013,0.5943,0.9887,0.1345,0.0373
8,2,11,9,0.9532,0.9526,0.9990,0.9504,0.0470
8,2,11,10,0.9692,0.9730,0.9986,0.9629,0.0113
8,2,11,11,0.9408,0.9474,0.9999,0.9288,0.0135
8,3,0,0,0.8395,0.8216,0.9355,0.8187,0.0771
8,3,0,1,0.1558,0.2162,0.9418,0.0464,0.0213
8,3,0,2,0.7855,0.7916,0.9841,0.7496,0.0706
8,3,0,3,0.2589,0.2788,0.9323,0.1479,0.0111
8,3,0,4,0.4815,0.4717,0.9967,0.3821,0.0533
8,3,0,5,0.2890,0.2896,0.9058,0.1792,0.0170
8,3,0,6,0.7978,0.7920,0.9554,0.7664,0.0775
8,3,0,7,0.6088,0.6178,0.9693,0.5309,0.0784
8,3,0,8,0.6196,0.6770,0.9898,0.5460,0.0665
8,3,0,9,0.8202,0.8160,0.9441,0.7961,0.0827
8,3,0,10,0.7742,0.7470,0.9687,0.7396,0.0843
8,3,0,11,0.8324,0.8261,0.9408,0.8121,0.0808
8,3,1,0,0.6618,0.6576,0.9945,0.5982,0.0679
8,3,1,1,0.8232,0.8287,0.9819,0.7958,0.0695
8,3,1,2,0.7971,0.8033,0.9951,0.7636,0.0708
8,3,1,3,0.9084,0.8669,0.9579,0.9021,0.0602
8,3,1,4,0.9466,0.9328,0.9773,0.9422,0.0492
8,3,1,5,0.8450,0.8079,0.9945,0.8208,0.0559
8,3,1,6,0.9569,0.9408,0.9982,0.9513,0.0295
8,3,1,7,0.9452,0.9418,0.9853,0.9393,0.0443
8,3,1,8,0.9337,0.9247,0.9894,0.9262,0.0483
8,3,1,9,0.9666,0.9551,0.9978,0.9623,0.0278
8,3,1,10,0.2419,0.4795,0.9956,0.0745,0.0822
8,3,1,11,0.4068,0.3498,0.9292,0.3091,0.0249
8,3,2,0,0.7769,0.7560,0.9790,0.7389,0.0651
8,3,2,1,0.9813,0.9675,0.9954,0.9786,0.0137
8,3,2,2,0.4339,0.4972,0.9964,0.3336,0.0386
8,3,2,3,0.6937,0.6866,0.9911,0.6368,0.0748
8,3,2,4,0.7505,0.7808,0.9943,0.7073,0.0495
8,3,2,5,0.6205,0.6503,0.9939,0.5503,0.0563
8,3,2,6,0.9475,0.9497,0.9973,0.9399,0.0252
8,3,2,7,0.6519,0.6255,0.9695,0.5839,0.0878
8,3,2,8,0.5129,0.6934,0.9990,0.4226,0.0489
8,3,2,9,0.6027,0.5927,1.0000,0.5288,0.0552
8,3,2,10,0.8354,0.8063,0.9692,0.8133,0.0773
8,3,2,11,0.9752,0.9601,0.9938,0.9725,0.0295
8,3,3,0,0.9794,0.9665,0.9990,0.9773,0.0179
8,3,3,1,0.9514,0.9377,0.9983,0.9448,0.0322
8,3,3,2,0.5678,0.5827,0.9968,0.4837,0.0627
8,3,3,3,0.7907,0.8273,0.9996,0.7560,0.0346
8,3,3,4,0.9775,0.9620,0.9976,0.9749,0.0163
8,3,3,5,0.9740,0.9673,0.9833,0.9715,0.0319
8,3,3,6,0.7330,0.7210,0.9995,0.6852,0.0671
8,3,3,7,0.6695,0.6518,0.9880,0.6110,0.0508
8,3,3,8,0.7737,0.7745,0.9875,0.7349,0.0559
8,3,3,9,0.7038,0.7178,0.9980,0.6519,0.0446
8,3,3,10,0.9576,0.9466,0.9996,0.9518,0.0262
8,3,3,11,0.6438,0.7345,0.9979,0.5789,0.0495
8,3,4,0,0.5511,0.8070,0.9725,0.4819,0.0154
8,3,4,1,0.8660,0.8561,0.9937,0.8446,0.0370
8,3,4,2,0.9783,0.9635,0.9940,0.9752,0.0100
8,3,4,3,0.8698,0.8745,0.9976,0.8492,0.0384
8,3,4,4,0.9850,0.9735,0.9928,0.9828,0.0137
8,3,4,5,0.9018,0.8854,0.9939,0.8870,0.0376
8,3,4,6,0.9299,0.9292,0.9764,0.9212,0.0438
8,3,4,7,0.5748,0.5575,0.9902,0.4983,0.0451
8,3,4,8,0.9787,0.9647,0.9945,0.9756,0.0159
8,3,4,9,0.7666,0.8008,0.9623,0.7262,0.0624
8,3,4,10,0.9875,0.9777,0.9983,0.9859,0.0102
8,3,4,11,0.2381,0.4223,0.8752,0.1412,0.0230
8,3,5,0,0.9741,0.9616,0.9990,0.9706,0.0111
8,3,5,1,0.9745,0.9566,0.9985,0.9722,0.0230
8,3,5,2,0.8386,0.8665,0.9458,0.8124,0.0454
8,3,5,3,0.9239,0.9051,0.9459,0.9139,0.0417
8,3,5,4,0.8767,0.8648,0.9825,0.8586,0.0524
8,3,5,5,0.9789,0.9664,0.9966,0.9763,0.0137
8,3,5,6,0.9471,0.9307,0.9884,0.9392,0.0194
8,3,5,7,0.9500,0.9277,0.9791,0.9426,0.0184
8,3,5,8,0.9602,0.9454,0.9924,0.9542,0.0130
8,3,5,9,0.9787,0.9642,0.9979,0.9760,0.0135
8,3,5,10,0.9109,0.9135,0.9999,0.8978,0.0386
8,3,5,11,0.9736,0.9657,0.9890,0.9701,0.0200
8,3,6,0,0.7709,0.8183,0.9594,0.7314,0.0630
8,3,6,1,0.9473,0.9414,0.9845,0.9394,0.0124
8,3,6,2,0.9846,0.9717,0.9966,0.9824,0.0149
8,3,6,3,0.8755,0.9035,0.9970,0.8563,0.0506
8,3,6,4,0.9699,0.9608,0.9873,0.9667,0.0300
8,3,6,5,0.9761,0.9645,0.9922,0.9732,0.0256
8,3,6,6,0.9628,0.9613,0.9942,0.9573,0.0157
8,3,6,7,0.8996,0.9257,0.9998,0.8843,0.0357
8,3,6,8,0.9122,0.9097,0.9963,0.8990,0.0359
8,3,6,9,0.9747,0.9577,0.9985,0.9724,0.0227
8,3,6,10,0.9765,0.9656,0.9976,0.9735,0.0137
8,3,6,11,0.9552,0.9411,0.9841,0.9490,0.0246
8,3,7,0,0.9392,0.9227,0.9942,0.9300,0.0162
8,3,7,1,0.9753,0.9649,0.9987,0.9723,0.0141
8,3,7,2,0.9747,0.9570,0.9985,0.9724,0.0230
8,3,7,3,0.9489,0.9500,0.9932,0.9419,0.0327
8,3,7,4,0.9598,0.9485,0.9903,0.9538,0.0135
8,3,7,5,0.9724,0.9597,0.9891,0.9685,0.0213
8,3,7,6,0.9774,0.9736,0.9973,0.9741,0.0110
8,3,7,7,0.9766,0.9607,0.9979,0.9741,0.0205
8,3,7,8,0.8985,0.8883,0.9990,0.8827,0.0227
8,3,7,9,0.9787,0.9725,0.9907,0.9756,0.0144
8,3,7,10,0.9745,0.9576,0.9984,0.9722,0.0230
8,3,7,11,0.9756,0.9590,0.9982,0.9732,0.0217
8,3,8,0,0.9703,0.9625,0.9912,0.9659,0.0102
8,3,8,1,0.9751,0.9576,0.9984,0.9727,0.0219
8,3,8,2,0.9581,0.9527,0.9937,0.9527,0.0316
8,3,8,3,1.0000,1.0000,1.0000,1.0000,0.0000
8,3,8,4,0.9077,0.9077,0.9872,0.8936,0.0306
8,3,8,5,0.8879,0.8742,0.9572,0.8730,0.0584
8,3,8,6,0.9627,0.9529,0.9973,0.9573,0.0062
8,3,8,7,0.9471,0.9317,0.9893,0.9392,0.0159
8,3,8,8,0.8065,0.8272,1.0000,0.7745,0.0356
8,3,8,9,0.9710,0.9666,0.9981,0.9667,0.0116
8,3,8,10,0.9709,0.9691,0.9951,0.9678,0.0294
8,3,8,11,0.9779,0.9712,0.9982,0.9747,0.0143
8,3,9,0,0.9806,0.9726,0.9996,0.9778,0.0132
8,3,9,1,0.9768,0.9594,0.9984,0.9745,0.0210
8,3,9,2,0.9767,0.9632,0.9983,0.9742,0.0197
8,3,9,3,0.9108,0.9019,0.9899,0.8973,0.0324
8,3,9,4,0.9790,0.9627,0.9981,0.9768,0.0184
8,3,9,5,0.9872,0.9767,0.9984,0.9853,0.0087
8,3,9,6,0.9748,0.9581,0.9984,0.9724,0.0225
8,3,9,7,0.9877,0.9853,0.9995,0.9860,0.0137
8,3,9,8,0.9785,0.9632,0.9983,0.9758,0.0124
8,3,9,9,0.9751,0.9574,0.9985,0.9728,0.0229
8,3,9,10,0.9032,0.8806,0.9958,0.8884,0.0354
8,3,9,11,0.9760,0.9589,0.9984,0.9736,0.0219
8,3,10,0,0.9748,0.9695,0.9981,0.9714,0.0114
8,3,10,1,0.9753,0.9595,0.9979,0.9729,0.0216
8,3,10,2,0.9761,0.9619,0.9981,0.9736,0.0197
8,3,10,3,0.9771,0.9659,0.9987,0.9740,0.0111
8,3,10,4,0.9756,0.9656,0.9950,0.9719,0.0129
8,3,10,5,0.9294,0.9190,0.9975,0.9186,0.0244
8,3,10,6,0.9759,0.9598,0.9979,0.9735,0.0210
8,3,10,7,0.9803,0.9675,0.9975,0.9776,0.0095
8,3,10,8,0.9758,0.9599,0.9978,0.9732,0.0202
8,3,10,9,0.8887,0.8422,0.9965,0.8716,0.0141
8,3,10,10,0.9751,0.9576,0.9983,0.9727,0.0224
8,3,10,11,0.9436,0.9194,0.9891,0.9357,0.0063
8,3,11,0,0.6919,0.6810,0.9756,0.6344,0.0829
8,3,11,1,0.9824,0.9690,0.9961,0.9799,0.0113
8,3,11,2,0.9765,0.9600,0.9965,0.9738,0.0170
8,3,11,3,0.8837,0.9092,0.9912,0.8659,0.0443
8,3,11,4,0.9784,0.9649,0.9932,0.9753,0.0183
8,3,11,5,0.9779,0.9647,0.9979,0.9751,0.0133
8,3,11,6,0.9763,0.9589,0.9976,0.9739,0.0213
8,3,11,7,0.9839,0.9707,0.9926,0.9816,0.0086
8,3,11,8,0.2295,0.5146,0.9993,0.0737,0.0638
8,3,11,9,0.9760,0.9598,0.9977,0.9735,0.0205
8,3,11,10,0.9387,0.9420,0.9863,0.9305,0.0346
8,3,11,11,0.9206,0.9369,0.9916,0.9087,0.0308
8,4,0,0,0.8850,0.8859,0.9798,0.8614,0.0487
8,4,0,1,0.2221,0.3379,0.8762,0.1040,0.0516
8,4,0,2,0.8153,0.8331,0.9998,0.7723,0.0422
8,4,0,3,0.3209,0.4087,0.8628,0.2010,0.0237
8,4,0,4,0.5694,0.6121,0.9710,0.4692,0.0240
8,4,0,5,0.3420,0.4178,0.8268,0.2221,0.0181
8,4,0,6,0.8365,0.8515,0.9902,0.7992,0.0487
8,4,0,7,0.7187,0.7484,0.9961,0.6488,0.0497
8,4,0,8,0.6882,0.7645,0.9999,0.6124,0.0378
8,4,0,9,0.8605,0.8699,0.9845,0.8308,0.0549
8,4,0,10,0.8010,0.8127,0.9959,0.7543,0.0562
8,4,0,11,0.8714,0.8814,0.9828,0.8453,0.0527
8,4,1,0,0.7653,0.7622,0.9985,0.7098,0.0402
8,4,1,1,0.8650,0.8672,0.9995,0.8347,0.0411
8,4,1,2,0.8176,0.8163,0.9981,0.7754,0.0430
8,4,1,3,0.9266,0.9214,0.9914,0.9131,0.0333
8,4,1,4,0.9391,0.9319,0.9986,0.9263,0.0300
8,4,1,5,0.8489,0.8301,0.9985,0.8149,0.0268
8,4,1,6,0.8722,0.8563,0.9761,0.8463,0.0157
8,4,1,7,0.9334,0.9211,0.9999,0.9192,0.0270
8,4,1,8,0.9129,0.9074,0.9999,0.8941,0.0246
8,4,1,9,0.9309,0.9099,0.9957,0.9173,0.0200
8,4,1,10,0.3750,0.5519,0.9978,0.2106,0.0541
8,4,1,11,0.4574,0.4646,0.8585,0.3513,0.0098
8,4,2,0,0.8273,0.8291,0.9990,0.7875,0.0367
8,4,2,1,0.9376,0.9136,0.9979,0.9280,0.0300
8,4,2,2,0.6025,0.6499,0.9701,0.5181,0.0102
8,4,2,3,0.8003,0.7897,0.9996,0.7531,0.0467
8,4,2,4,0.8057,0.8557,0.9986,0.7628,0.0202
8,4,2,5,0.6872,0.7289,0.9988,0.6155,0.0270
8,4,2,6,0.9186,0.9159,0.9963,0.9026,0.0143
8,4,2,7,0.7336,0.7289,0.9962,0.6662,0.0590
8,4,2,8,0.6820,0.7987,0.9933,0.6107,0.0192
8,4,2,9,0.7021,0.7293,0.9888,0.6337,0.0262
8,4,2,10,0.8729,0.8763,0.9960,0.8457,0.0489
8,4,2,11,0.9549,0.9326,0.9988,0.9459,0.0230
8,4,3,0,0.9302,0.9005,0.9933,0.9238,0.0483
8,4,3,1,0.9327,0.9089,0.9948,0.9190,0.0111
8,4,3,2,0.7294,0.7448,0.9968,0.6651,0.0337
8,4,3,3,0.9175,0.9230,0.9913,0.9004,0.0097
8,4,3,4,0.9310,0.8984,0.9959,0.9240,0.0467
8,4,3,5,0.9097,0.9219,0.9997,0.8912,0.0175
8,4,3,6,0.8103,0.8045,0.9917,0.7662,0.0384
8,4,3,7,0.7928,0.7934,0.9508,0.7475,0.0233
8,4,3,8,0.8239,0.8637,1.0000,0.7847,0.0256
8,4,3,9,0.8319,0.8593,0.9953,0.7954,0.0143
8,4,3,10,0.9542,0.9261,0.9913,0.9453,0.0121
8,4,3,11,0.7530,0.8293,0.9954,0.6973,0.0208
8,4,4,0,0.7418,0.8464,0.9230,0.6955,0.0197
8,4,4,1,0.8862,0.8601,0.9989,0.8629,0.0124
8,4,4,2,0.9396,0.9088,0.9987,0.9317,0.0362
8,4,4,3,0.8998,0.8976,0.9959,0.8786,0.0125
8,4,4,4,0.9431,0.9264,0.9992,0.9344,0.0294
8,4,4,5,0.9423,0.9279,0.9988,0.9302,0.0095
8,4,4,6,0.9355,0.9328,0.9983,0.9217,0.0211
8,4,4,7,0.6430,0.6558,0.9553,0.5648,0.0154
8,4,4,8,0.9306,0.9358,0.9985,0.9186,0.0237
8,4,4,9,0.7873,0.8474,0.9933,0.7378,0.0330
8,4,4,10,0.9306,0.9107,0.9948,0.9221,0.0405
8,4,4,11,0.4384,0.5638,0.7870,0.3564,0.0533
8,4,5,0,0.9315,0.9018,0.9933,0.9234,0.0402
8,4,5,1,0.9279,0.8906,0.9945,0.9226,0.0533
8,4,5,2,0.8648,0.9127,0.9855,0.8352,0.0170
8,4,5,3,0.9165,0.9293,0.9855,0.8986,0.0117
8,4,5,4,0.9323,0.9440,0.9996,0.9180,0.0227
8,4,5,5,0.9356,0.9147,0.9970,0.9290,0.0440
8,4,5,6,0.9564,0.9634,1.0000,0.9485,0.0138
8,4,5,7,0.9561,0.9626,0.9990,0.9479,0.0129
8,4,5,8,0.9500,0.9544,0.9993,0.9417,0.0211
8,4,5,9,0.9352,0.9013,0.9954,0.9281,0.0438
8,4,5,10,0.8540,0.8621,0.9850,0.8231,0.0098
8,4,5,11,0.9435,0.9359,0.9999,0.9329,0.0160
8,4,6,0,0.8383,0.8863,0.9921,0.8014,0.0330
8,4,6,1,0.9330,0.9217,0.9999,0.9219,0.0217
8,4,6,2,0.9386,0.9157,0.9970,0.9289,0.0303
8,4,6,3,0.8616,0.8720,0.9966,0.8314,0.0222
8,4,6,4,0.9355,0.9398,1.0000,0.9223,0.0152
8,4,6,5,0.9457,0.9294,0.9994,0.9353,0.0210
8,4,6,6,0.9508,0.9305,0.9986,0.9420,0.0206
8,4,6,7,0.9053,0.8903,0.9839,0.8856,0.0076
8,4,6,8,0.9147,0.9184,0.9973,0.8970,0.0078
8,4,6,9,0.9291,0.8927,0.9945,0.9237,0.0530
8,4,6,10,0.9386,0.9056,0.9959,0.9321,0.0440
8,4,6,11,0.9464,0.9544,0.9998,0.9358,0.0117
8,4,7,0,0.9744,0.9758,0.9986,0.9704,0.0157
8,4,7,1,0.9363,0.9050,0.9940,0.9298,0.0444
8,4,7,2,0.9282,0.8911,0.9945,0.9228,0.0533
8,4,7,3,0.9144,0.9081,0.9991,0.8970,0.0176
8,4,7,4,0.9339,0.9152,0.9998,0.9238,0.0273
8,4,7,5,0.9524,0.9341,0.9999,0.9438,0.0208
8,4,7,6,0.9461,0.9167,0.9963,0.9387,0.0333
8,4,7,7,0.9310,0.8979,0.9954,0.9249,0.0508
8,4,7,8,0.9410,0.9283,0.9933,0.9298,0.0137
8,4,7,9,0.9513,0.9257,0.9997,0.9435,0.0248
8,4,7,10,0.9294,0.8921,0.9946,0.9241,0.0533
8,4,7,11,0.9302,0.8941,0.9951,0.9245,0.0521
8,4,8,0,0.9572,0.9322,0.9996,0.9513,0.0310
8,4,8,1,0.9296,0.8931,0.9947,0.9239,0.0522
8,4,8,2,0.9252,0.9155,0.9989,0.9100,0.0171
8,4,8,3,0.9077,0.9077,0.9872,0.8936,0.0306
8,4,8,4,1.0000,1.0000,1.0000,1.0000,0.0000
8,4,8,5,0.9243,0.9323,0.9911,0.9083,0.0297
8,4,8,6,0.9239,0.8988,0.9962,0.9133,0.0340
8,4,8,7,0.9768,0.9757,0.9999,0.9733,0.0179
8,4,8,8,0.8034,0.8271,0.9861,0.7624,0.0078
8,4,8,9,0.9443,0.9189,0.9952,0.9358,0.0276
8,4,8,10,0.9430,0.9205,0.9982,0.9314,0.0133
8,4,8,11,0.9296,0.9134,0.9949,0.9179,0.0243
8,4,9,0,0.9411,0.9255,0.9913,0.9319,0.0257
8,4,9,1,0.9292,0.8948,0.9947,0.9232,0.0513
8,4,9,2,0.9322,0.8990,0.9948,0.9261,0.0500
8,4,9,3,0.9474,0.9353,0.9998,0.9366,0.0087
8,4,9,4,0.9239,0.8977,0.9952,0.9165,0.0487
8,4,9,5,0.9321,0.9167,0.9947,0.9223,0.0327
8,4,9,6,0.9290,0.8929,0.9946,0.9236,0.0529
8,4,9,7,0.9129,0.9135,0.9919,0.8982,0.0237
8,4,9,8,0.9316,0.9025,0.9948,0.9239,0.0427
8,4,9,9,0.9281,0.8916,0.9946,0.9227,0.0532
8,4,9,10,0.9085,0.9246,0.9976,0.8895,0.0095
8,4,9,11,0.9297,0.8931,0.9946,0.9240,0.0522
8,4,10,0,0.9408,0.9090,0.9952,0.9341,0.0408
8,4,10,1,0.9306,0.8954,0.9955,0.9249,0.0519
8,4,10,2,0.9325,0.8974,0.9952,0.9265,0.0500
8,4,10,3,0.9371,0.9037,0.9941,0.9298,0.0414
8,4,10,4,0.9472,0.9182,0.9982,0.9393,0.0292
8,4,10,5,0.8824,0.9057,0.9960,0.8613,0.0205
8,4,10,6,0.9316,0.8962,0.9955,0.9258,0.0513
8,4,10,7,0.9401,0.9081,0.9960,0.9327,0.0389
8,4,10,8,0.9331,0.8976,0.9956,0.9274,0.0505
8,4,10,9,0.9096,0.8892,0.9706,0.8939,0.0251
8,4,10,10,0.9296,0.8924,0.9949,0.9241,0.0527
8,4,10,11,0.9526,0.9386,0.9999,0.9473,0.0341
8,4,11,0,0.7211,0.7410,0.9981,0.6507,0.0541
8,4,11,1,0.9343,0.9092,0.9975,0.9250,0.0349
8,4,11,2,0.9335,0.8990,0.9971,0.9270,0.0473
8,4,11,3,0.9284,0.9352,0.9996,0.9131,0.0156
8,4,11,4,0.9476,0.9201,0.9991,0.9388,0.0267
8,4,11,5,0.9327,0.9037,0.9954,0.9252,0.0437
8,4,11,6,0.9304,0.8948,0.9959,0.9245,0.0516
8,4,11,7,0.9267,0.9160,0.9993,0.9162,0.0344
8,4,11,8,0.3711,0.5669,0.9805,0.2196,0.0344
8,4,11,9,0.9313,0.8972,0.9957,0.9253,0.0508
8,4,11,10,0.9663,0.9617,1.0000,0.9593,0.0110
8,4,11,11,0.9721,0.9695,0.9995,0.9664,0.0071
8,5,0,0,0.9300,0.9303,0.9977,0.9097,0.0225
8,5,0,1,0.2406,0.3323,0.8042,0.1084,0.0762
8,5,0,2,0.8797,0.9094,0.9934,0.8446,0.0157
8,5,0,3,0.3592,0.4142,0.7878,0.2295,0.0514
8,5,0,4,0.6346,0.6511,0.9305,0.5344,0.0111
8,5,0,5,0.3779,0.4217,0.7444,0.2477,0.0437
8,5,0,6,0.8925,0.9118,1.0000,0.8603,0.0213
8,5,0,7,0.8257,0.8459,0.9990,0.7724,0.0232
8,5,0,8,0.7789,0.8552,0.9886,0.7138,0.0122
8,5,0,9,0.9310,0.9367,0.9991,0.9114,0.0300
8,5,0,10,0.8758,0.8757,0.9991,0.8380,0.0290
8,5,0,11,0.9342,0.9430,0.9986,0.9159,0.0287
8,5,1,0,0.8741,0.8691,0.9823,0.8377,0.0152
8,5,1,1,0.9467,0.9522,0.9947,0.9313,0.0152
8,5,1,2,0.9091,0.9145,0.9811,0.8830,0.0178
8,5,1,3,0.9285,0.9025,1.0000,0.9077,0.0252
8,5,1,4,0.9492,0.9494,0.9968,0.9358,0.0238
8,5,1,5,0.8994,0.8904,0.9822,0.8718,0.0105
8,5,1,6,0.9120,0.8916,0.9384,0.8935,0.0308
8,5,1,7,0.9402,0.9441,0.9926,0.9255,0.0240
8,5,1,8,0.9476,0.9450,0.9891,0.9342,0.0171
8,5,1,9,0.9274,0.9112,0.9744,0.9136,0.0338
8,5,1,10,0.4610,0.6219,0.9802,0.2935,0.0314
8,5,1,11,0.4859,0.4735,0.7825,0.3703,0.0354
8,5,2,0,0.9308,0.9215,0.9961,0.9110,0.0117
8,5,2,1,0.9063,0.8872,0.9805,0.8938,0.0537
8,5,2,2,0.7003,0.7263,0.9291,0.6270,0.0214
8,5,2,3,0.8701,0.8514,0.9872,0.8313,0.0205
8,5,2,4,0.9122,0.9322,0.9827,0.8897,0.0137
8,5,2,5,0.8293,0.8539,0.9834,0.7831,0.0148
8,5,2,6,0.9112,0.9194,0.9760,0.8938,0.0338
8,5,2,7,0.8149,0.7949,0.9989,0.7560,0.0310
8,5,2,8,0.7788,0.8654,0.9690,0.7207,0.0130
8,5,2,9,0.7673,0.7756,0.9600,0.7040,0.0108
8,5,2,10,0.9316,0.9320,0.9990,0.9117,0.0233
8,5,2,11,0.9293,0.9113,0.9835,0.9154,0.0340
8,5,3,0,0.8699,0.8444,0.9690,0.8582,0.0729
8,5,3,1,0.9438,0.9293,0.9723,0.9328,0.0278
8,5,3,2,0.7840,0.7772,0.9773,0.7219,0.0138
8,5,3,3,0.8937,0.9135,0.9650,0.8698,0.0254
8,5,3,4,0.8726,0.8494,0.9748,0.8601,0.0713
8,5,3,5,0.9236,0.9262,0.9939,0.9074,0.0275
8,5,3,6,0.8907,0.8753,0.9658,0.8591,0.0154
8,5,3,7,0.7794,0.7734,0.9010,0.7231,0.0137
8,5,3,8,0.9149,0.9256,0.9909,0.8924,0.0197
8,5,3,9,0.8693,0.8805,0.9735,0.8364,0.0211
8,5,3,10,0.9208,0.9065,0.9650,0.9057,0.0341
8,5,3,11,0.8385,0.8820,0.9738,0.7956,0.0117
8,5,4,0,0.6804,0.8352,0.8634,0.6168,0.0468
8,5,4,1,0.9624,0.9494,0.9836,0.9554,0.0230
8,5,4,2,0.8896,0.8629,0.9831,0.8760,0.0608
8,5,4,3,0.8780,0.8824,0.9750,0.8491,0.0210
8,5,4,4,0.9057,0.8885,0.9850,0.8928,0.0530
8,5,4,5,0.9427,0.9427,0.9833,0.9302,0.0233
8,5,4,6,0.9358,0.9417,0.9971,0.9199,0.0162
8,5,4,7,0.7057,0.7091,0.9074,0.6308,0.0152
8,5,4,8,0.9128,0.9178,0.9823,0.8994,0.0457
8,5,4,9,0.8639,0.9026,0.9998,0.8253,0.0100
8,5,4,10,0.8831,0.8674,0.9723,0.8702,0.0651
8,5,4,11,0.4885,0.5966,0.6978,0.4063,0.0779
8,5,5,0,0.8816,0.8548,0.9690,0.8689,0.0648
8,5,5,1,0.8620,0.8323,0.9717,0.8513,0.0779
8,5,5,2,0.8686,0.9218,0.9993,0.8348,0.0159
8,5,5,3,0.9533,0.9487,0.9993,0.9419,0.0179
8,5,5,4,0.9041,0.9114,0.9944,0.8784,0.0105
8,5,5,5,0.8804,0.8556,0.9777,0.8688,0.0686
8,5,5,6,0.9444,0.9412,0.9900,0.9366,0.0394
8,5,5,7,0.8984,0.9009,0.9960,0.8794,0.0403
8,5,5,8,0.8999,0.8852,0.9855,0.8839,0.0476
8,5,5,9,0.8795,0.8525,0.9738,0.8669,0.0684
8,5,5,10,0.8640,0.8613,0.9532,0.8314,0.0208
8,5,5,11,0.9067,0.9076,0.9895,0.8897,0.0400
8,5,6,0,0.8948,0.9137,1.0000,0.8651,0.0198
8,5,6,1,0.8917,0.8829,0.9931,0.8747,0.0463
8,5,6,2,0.9112,0.8857,0.9779,0.8993,0.0527
8,5,6,3,0.8949,0.9179,0.9766,0.8683,0.0157
8,5,6,4,0.9367,0.9349,0.9910,0.9238,0.0284
8,5,6,5,0.9348,0.9176,0.9858,0.9233,0.0379
8,5,6,6,0.9033,0.9001,0.9828,0.8866,0.0437
8,5,6,7,0.8825,0.8881,0.9514,0.8558,0.0256
8,5,6,8,0.9541,0.9459,0.9786,0.9448,0.0257
8,5,6,9,0.8634,0.8352,0.9718,0.8526,0.0776
8,5,6,10,0.8799,0.8543,0.9749,0.8674,0.0686
8,5,6,11,0.9591,0.9553,0.9934,0.9525,0.0338
8,5,7,0,0.9224,0.9116,0.9828,0.9107,0.0438
8,5,7,1,0.8724,0.8473,0.9705,0.8591,0.0690
8,5,7,2,0.8624,0.8329,0.9717,0.8515,0.0779
8,5,7,3,0.9116,0.9134,0.9844,0.8930,0.0283
8,5,7,4,0.8948,0.8777,0.9881,0.8801,0.0519
8,5,7,5,0.9273,0.9069,0.9893,0.9156,0.0425
8,5,7,6,0.8971,0.8790,0.9760,0.8842,0.0576
8,5,7,7,0.8678,0.8422,0.9738,0.8559,0.0754
8,5,7,8,0.8841,0.8769,0.9691,0.8614,0.0367
8,5,7,9,0.9235,0.9088,0.9877,0.9134,0.0494
8,5,7,10,0.8632,0.8338,0.9719,0.8522,0.0779
8,5,7,11,0.8668,0.8384,0.9729,0.8557,0.0767
8,5,8,0,0.8995,0.8836,0.9871,0.8860,0.0549
8,5,8,1,0.8653,0.8356,0.9722,0.8541,0.0768
8,5,8,2,0.9287,0.9265,0.9836,0.9142,0.0284
8,5,8,3,0.8879,0.8742,0.9572,0.8730,0.0584
8,5,8,4,0.9243,0.9323,0.9911,0.9083,0.0297
8,5,8,5,1.0000,1.0000,1.0000,1.0000,0.0000
8,5,8,6,0.8787,0.8543,0.9758,0.8632,0.0586
8,5,8,7,0.9128,0.9063,0.9892,0.8991,0.0448
8,5,8,8,0.8381,0.8682,0.9551,0.8003,0.0238
8,5,8,9,0.8889,0.8738,0.9732,0.8724,0.0522
8,5,8,10,0.9215,0.9096,0.9812,0.9050,0.0306
8,5,8,11,0.8945,0.8875,0.9727,0.8781,0.0489
8,5,9,0,0.9004,0.8824,0.9650,0.8862,0.0503
8,5,9,1,0.8674,0.8394,0.9720,0.8562,0.0759
8,5,9,2,0.8703,0.8445,0.9724,0.8587,0.0746
8,5,9,3,0.9544,0.9430,0.9886,0.9456,0.0270
8,5,9,4,0.8636,0.8434,0.9732,0.8506,0.0733
8,5,9,5,0.9006,0.8803,0.9722,0.8882,0.0573
8,5,9,6,0.8634,0.8347,0.9720,0.8525,0.0775
8,5,9,7,0.8942,0.8853,0.9661,0.8779,0.0483
8,5,9,8,0.8787,0.8551,0.9723,0.8659,0.0673
8,5,9,9,0.8626,0.8336,0.9718,0.8516,0.0778
8,5,9,10,0.9483,0.9411,0.9796,0.9377,0.0240
8,5,9,11,0.8669,0.8379,0.9720,0.8560,0.0768
8,5,10,0,0.8791,0.8553,0.9733,0.8655,0.0654
8,5,10,1,0.8657,0.8380,0.9739,0.8542,0.0765
8,5,10,2,0.8707,0.8449,0.9733,0.8593,0.0746
8,5,10,3,0.8823,0.8600,0.9708,0.8695,0.0660
8,5,10,4,0.9096,0.8880,0.9813,0.8979,0.0538
8,5,10,5,0.9180,0.9121,0.9752,0.9056,0.0378
8,5,10,6,0.8665,0.8385,0.9740,0.8549,0.0759
8,5,10,7,0.8896,0.8617,0.9752,0.8770,0.0635
8,5,10,8,0.8705,0.8423,0.9743,0.8593,0.0751
8,5,10,9,0.8563,0.8303,0.9298,0.8309,0.0484
8,5,10,10,0.8649,0.8348,0.9726,0.8538,0.0773
8,5,10,11,0.8589,0.8398,0.9894,0.8399,0.0619
8,5,11,0,0.8204,0.8202,0.9974,0.7643,0.0254
8,5,11,1,0.8956,0.8722,0.9790,0.8826,0.0579
8,5,11,2,0.8702,0.8428,0.9780,0.8573,0.0719
8,5,11,3,0.9180,0.9400,0.9871,0.8979,0.0151
8,5,11,4,0.9112,0.8843,0.9844,0.8978,0.0478
8,5,11,5,0.8729,0.8525,0.9738,0.8592,0.0683
8,5,11,6,0.8674,0.8385,0.9751,0.8558,0.0762
8,5,11,7,0.8893,0.8672,0.9853,0.8752,0.0587
8,5,11,8,0.4471,0.6400,0.9455,0.2907,0.0156
8,5,11,9,0.8675,0.8408,0.9745,0.8558,0.0754
8,5,11,10,0.9324,0.9374,0.9918,0.9174,0.0241
8,5,11,11,0.9192,0.9271,0.9866,0.9022,0.0286
8,6,0,0,0.8388,0.8259,0.9588,0.8199,0.0770
8,6,0,1,0.1433,0.1862,0.9148,0.0344,0.0176
8,6,0,2,0.7710,0.7672,0.9944,0.7337,0.0708
8,6,0,3,0.2471,0.2446,0.9035,0.1366,0.0122
8,6,0,4,0.4795,0.4375,0.9881,0.3823,0.0544
8,6,0,5,0.2719,0.2560,0.8725,0.1618,0.0168
8,6,0,6,0.7697,0.7581,0.9744,0.7335,0.0779
8,6,0,7,0.6036,0.5921,0.9846,0.5271,0.0789
8,6,0,8,0.6228,0.6519,0.9976,0.5524,0.0667
8,6,0,9,0.8128,0.8100,0.9656,0.7889,0.0825
8,6,0,10,0.7541,0.7326,0.9843,0.7164,0.0841
8,6,0,11,0.8301,0.8158,0.9631,0.8114,0.0806
8,6,1,0,0.6494,0.6196,0.9995,0.5853,0.0678
8,6,1,1,0.8082,0.8022,0.9931,0.7791,0.0694
8,6,1,2,0.7816,0.7798,0.9997,0.7464,0.0706
8,6,1,3,0.9046,0.8705,0.9763,0.8990,0.0638
8,6,1,4,0.9363,0.9341,0.9902,0.9310,0.0494
8,6,1,5,0.8219,0.7774,0.9995,0.7944,0.0563
8,6,1,6,0.8843,0.8447,0.9913,0.8670,0.0294
8,6,1,7,0.9408,0.9415,0.9951,0.9349,0.0444
8,6,1,8,0.9190,0.9184,0.9974,0.9097,0.0481
8,6,1,9,0.9615,0.9641,1.0000,0.9568,0.0279
8,6,1,10,0.2294,0.4707,0.9998,0.0628,0.0817
8,6,1,11,0.3767,0.3146,0.8998,0.2761,0.0286
8,6,2,0,0.7676,0.7198,0.9913,0.7293,0.0652
8,6,2,1,0.9785,0.9830,0.9997,0.9755,0.0148
8,6,2,2,0.4381,0.4422,0.9875,0.3409,0.0403
8,6,2,3,0.6907,0.6690,0.9982,0.6354,0.0746
8,6,2,4,0.7263,0.7562,0.9994,0.6800,0.0510
8,6,2,5,0.6147,0.6094,0.9993,0.5454,0.0575
8,6,2,6,0.9411,0.9506,1.0000,0.9330,0.0267
8,6,2,7,0.6390,0.6092,0.9848,0.5703,0.0883
8,6,2,8,0.5293,0.6459,0.9996,0.4444,0.0503
8,6,2,9,0.5944,0.5571,0.9980,0.5209,0.0560
8,6,2,10,0.8163,0.7921,0.9846,0.7915,0.0771
8,6,2,11,0.9735,0.9732,0.9993,0.9711,0.0303
8,6,3,0,0.9799,0.9876,0.9996,0.9777,0.0143
8,6,3,1,0.9358,0.9324,0.9999,0.9272,0.0317
8,6,3,2,0.5768,0.5499,1.0000,0.4972,0.0632
8,6,3,3,0.8053,0.8182,0.9990,0.7743,0.0367
8,6,3,4,0.9835,0.9890,1.0000,0.9815,0.0127
8,6,3,5,0.9519,0.9536,0.9939,0.9463,0.0317
8,6,3,6,0.7332,0.7029,0.9991,0.6874,0.0679
8,6,3,7,0.6983,0.6340,0.9741,0.6469,0.0510
8,6,3,8,0.7760,0.7357,0.9963,0.7391,0.0576
8,6,3,9,0.7173,0.7045,0.9999,0.6696,0.0473
8,6,3,10,0.9617,0.9517,0.9990,0.9570,0.0260
8,6,3,11,0.6521,0.7241,1.0000,0.5909,0.0516
8,6,4,0,0.6067,0.7923,0.9529,0.5475,0.0171
8,6,4,1,0.8453,0.8329,0.9992,0.8212,0.0375
8,6,4,2,0.9827,0.9872,0.9993,0.9803,0.0108
8,6,4,3,0.9033,0.8851,1.0000,0.8896,0.0389
8,6,4,4,0.9827,0.9858,0.9989,0.9803,0.0144
8,6,4,5,0.9022,0.8707,0.9993,0.8882,0.0406
8,6,4,6,0.9447,0.9388,0.9895,0.9397,0.0437
8,6,4,7,0.5677,0.5323,0.9774,0.4919,0.0465
8,6,4,8,0.9661,0.9706,0.9995,0.9614,0.0163
8,6,4,9,0.7778,0.7817,0.9796,0.7416,0.0632
8,6,4,10,0.9808,0.9860,0.9999,0.9782,0.0071
8,6,4,11,0.2471,0.3735,0.8376,0.1532,0.0194
8,6,5,0,0.9828,0.9913,0.9996,0.9805,0.0065
8,6,5,1,0.9814,0.9870,0.9998,0.9798,0.0194
8,6,5,2,0.8626,0.8906,0.9670,0.8423,0.0465
8,6,5,3,0.9258,0.9072,0.9671,0.9171,0.0444
8,6,5,4,0.9045,0.8832,0.9935,0.8932,0.0538
8,6,5,5,0.9811,0.9860,1.0000,0.9787,0.0100
8,6,5,6,0.9346,0.9229,0.9969,0.9251,0.0217
8,6,5,7,0.9448,0.9317,0.9914,0.9370,0.0224
8,6,5,8,0.9658,0.9598,0.9987,0.9610,0.0154
8,6,5,9,0.9850,0.9899,1.0000,0.9830,0.0098
8,6,5,10,0.9065,0.8908,0.9963,0.8935,0.0410
8,6,5,11,0.9782,0.9785,0.9972,0.9757,0.0202
8,6,6,0,0.7590,0.8239,0.9774,0.7187,0.0644
8,6,6,1,0.9906,0.9862,0.9947,0.9894,0.0138
8,6,6,2,0.9807,0.9849,1.0000,0.9780,0.0160
8,6,6,3,0.8981,0.9015,1.0000,0.8843,0.0521
8,6,6,4,0.9489,0.9567,0.9963,0.9426,0.0308
8,6,6,5,0.9803,0.9788,0.9987,0.9786,0.0263
8,6,6,6,0.9710,0.9687,0.9994,0.9672,0.0171
8,6,6,7,0.9193,0.9157,0.9957,0.9082,0.0384
8,6,6,8,0.9279,0.9125,0.9999,0.9183,0.0386
8,6,6,9,0.9818,0.9874,0.9998,0.9802,0.0190
8,6,6,10,0.9861,0.9909,1.0000,0.9843,0.0103
8,6,6,11,0.9403,0.9234,0.9944,0.9322,0.0267
8,6,7,0,0.9351,0.9203,0.9994,0.9257,0.0192
8,6,7,1,0.9812,0.9864,0.9997,0.9788,0.0108
8,6,7,2,0.9814,0.9871,0.9998,0.9798,0.0194
8,6,7,3,0.9619,0.9635,0.9990,0.9577,0.0319
8,6,7,4,0.9791,0.9809,0.9978,0.9762,0.0114
8,6,7,5,0.9822,0.9822,0.9972,0.9802,0.0217
8,6,7,6,0.9823,0.9869,1.0000,0.9798,0.0114
8,6,7,7,0.9831,0.9886,1.0000,0.9813,0.0168
8,6,7,8,0.9109,0.8740,0.9996,0.8978,0.0225
8,6,7,9,0.9780,0.9808,0.9980,0.9750,0.0156
8,6,7,10,0.9817,0.9874,0.9999,0.9800,0.0194
8,6,7,11,0.9830,0.9882,0.9999,0.9814,0.0181
8,6,8,0,0.9788,0.9812,0.9982,0.9758,0.0100
8,6,8,1,0.9837,0.9884,0.9999,0.9822,0.0183
8,6,8,2,0.9530,0.9544,0.9992,0.9473,0.0314
8,6,8,3,0.9627,0.9529,0.9973,0.9573,0.0062
8,6,8,4,0.9239,0.8988,0.9962,0.9133,0.0340
8,6,8,5,0.8787,0.8543,0.9758,0.8632,0.0586
8,6,8,6,1.0000,1.0000,1.0000,1.0000,0.0000
8,6,8,7,0.9434,0.9368,0.9973,0.9352,0.0179
8,6,8,8,0.8333,0.8293,0.9968,0.8072,0.0379
8,6,8,9,0.9781,0.9793,0.9999,0.9750,0.0121
8,6,8,10,0.9765,0.9743,0.9997,0.9750,0.0295
8,6,8,11,0.9818,0.9846,0.9999,0.9794,0.0132
8,6,9,0,0.9777,0.9743,0.9990,0.9746,0.0121
8,6,9,1,0.9830,0.9882,0.9999,0.9814,0.0173
8,6,9,2,0.9837,0.9890,0.9999,0.9820,0.0160
8,6,9,3,0.9074,0.8980,0.9976,0.8941,0.0348
8,6,9,4,0.9819,0.9878,0.9999,0.9800,0.0148
8,6,9,5,0.9824,0.9859,0.9999,0.9799,0.0089
8,6,9,6,0.9815,0.9872,0.9999,0.9798,0.0189
8,6,9,7,0.9820,0.9810,0.9992,0.9796,0.0129
8,6,9,8,0.9891,0.9921,0.9999,0.9877,0.0087
8,6,9,9,0.9816,0.9873,0.9998,0.9799,0.0192
8,6,9,10,0.8910,0.8621,0.9998,0.8749,0.0381
8,6,9,11,0.9823,0.9878,0.9999,0.9806,0.0183
8,6,10,0,0.9877,0.9910,0.9999,0.9861,0.0081
8,6,10,1,0.9823,0.9878,1.0000,0.9805,0.0179
8,6,10,2,0.9824,0.9881,0.9999,0.9805,0.0160
8,6,10,3,0.9799,0.9858,0.9998,0.9772,0.0078
8,6,10,4,0.9896,0.9912,0.9996,0.9882,0.0127
8,6,10,5,0.9007,0.8957,1.0000,0.8859,0.0230
8,6,10,6,0.9831,0.9885,1.0000,0.9814,0.0173
8,6,10,7,0.9882,0.9917,1.0000,0.9866,0.0100
8,6,10,8,0.9821,0.9881,1.0000,0.9802,0.0165
8,6,10,9,0.8679,0.8130,0.9878,0.8482,0.0143
8,6,10,10,0.9823,0.9877,0.9999,0.9807,0.0187
8,6,10,11,0.9464,0.9410,0.9972,0.9389,0.0052
8,6,11,0,0.6771,0.6613,0.9890,0.6184,0.0833
8,6,11,1,0.9775,0.9821,0.9999,0.9743,0.0124
8,6,11,2,0.9840,0.9890,0.9999,0.9821,0.0137
8,6,11,3,0.9072,0.9071,0.9982,0.8948,0.0451
8,6,11,4,0.9819,0.9844,0.9990,0.9796,0.0200
8,6,11,5,0.9850,0.9902,1.0000,0.9831,0.0100
8,6,11,6,0.9825,0.9880,1.0000,0.9807,0.0176
8,6,11,7,0.9763,0.9802,0.9988,0.9729,0.0094
8,6,11,8,0.2087,0.4873,0.9939,0.0520,0.0649
8,6,11,9,0.9832,0.9884,1.0000,0.9815,0.0168
8,6,11,10,0.9548,0.9520,0.9957,0.9502,0.0354
8,6,11,11,0.9420,0.9360,0.9984,0.9345,0.0325
8,7,0,0,0.8578,0.8699,0.9770,0.8353,0.0638
8,7,0,1,0.1657,0.2903,0.8827,0.0501,0.0337
8,7,0,2,0.7723,0.8007,0.9995,0.7271,0.0573
8,7,0,3,0.2556,0.3553,0.8696,0.1362,0.0114
8,7,0,4,0.4854,0.5481,0.9742,0.3781,0.0390
8,7,0,5,0.2885,0.3669,0.8343,0.1707,0.0106
8,7,0,6,0.7907,0.8181,0.9883,0.7505,0.0638
8,7,0,7,0.6527,0.6883,0.9948,0.5770,0.0648
8,7,0,8,0.6298,0.7126,1.0000,0.5505,0.0529
8,7,0,9,0.8286,0.8517,0.9821,0.7995,0.0700
8,7,0,10,0.7658,0.7862,0.9946,0.7204,0.0713
8,7,0,11,0.8403,0.8641,0.9802,0.8149,0.0678
8,7,1,0,0.7152,0.7129,0.9991,0.6567,0.0552
8,7,1,1,0.8403,0.8497,0.9990,0.8112,0.0562
8,7,1,2,0.7868,0.8014,0.9989,0.7450,0.0581
8,7,1,3,0.9236,0.9228,0.9895,0.9158,0.0490
8,7,1,4,0.9391,0.9473,0.9977,0.9301,0.0410
8,7,1,5,0.8307,0.8099,0.9991,0.7988,0.0419
8,7,1,6,0.8915,0.8526,0.9789,0.8721,0.0206
8,7,1,7,0.9306,0.9332,0.9997,0.9191,0.0367
8,7,1,8,0.9164,0.9209,1.0000,0.9023,0.0368
8,7,1,9,0.9456,0.9419,0.9968,0.9362,0.0214
8,7,1,10,0.3034,0.5126,0.9986,0.1384,0.0692
8,7,1,11,0.4132,0.4192,0.8654,0.3092,0.0125
8,7,2,0,0.7940,0.7907,0.9983,0.7539,0.0517
8,7,2,1,0.9616,0.9523,0.9987,0.9556,0.0149
8,7,2,2,0.5300,0.5745,0.9733,0.4403,0.0252
8,7,2,3,0.7551,0.7536,0.9999,0.7057,0.0617
8,7,2,4,0.7653,0.8142,0.9992,0.7201,0.0356
8,7,2,5,0.6425,0.6773,0.9994,0.5700,0.0424
8,7,2,6,0.9258,0.9415,0.9974,0.9128,0.0154
8,7,2,7,0.6762,0.6879,0.9949,0.6052,0.0741
8,7,2,8,0.6038,0.7601,0.9948,0.5246,0.0346
8,7,2,9,0.6280,0.6588,0.9907,0.5522,0.0413
8,7,2,10,0.8416,0.8537,0.9947,0.8146,0.0640
8,7,2,11,0.9708,0.9627,0.9994,0.9660,0.0213
8,7,3,0,0.9683,0.9483,0.9948,0.9655,0.0303
8,7,3,1,0.9442,0.9332,0.9961,0.9345,0.0202
8,7,3,2,0.6732,0.6876,0.9978,0.6051,0.0487
8,7,3,3,0.8706,0.8854,0.9930,0.8472,0.0213
8,7,3,4,0.9636,0.9473,0.9970,0.9597,0.0287
8,7,3,5,0.9351,0.9374,0.9993,0.9237,0.0217
8,7,3,6,0.7730,0.7733,0.9934,0.7280,0.0535
8,7,3,7,0.7337,0.7371,0.9549,0.6824,0.0375
8,7,3,8,0.8026,0.8180,0.9999,0.7648,0.0422
8,7,3,9,0.7891,0.8232,0.9965,0.7490,0.0316
8,7,3,10,0.9601,0.9459,0.9930,0.9532,0.0135
8,7,3,11,0.7066,0.7943,0.9966,0.6485,0.0362
8,7,4,0,0.6797,0.8312,0.9281,0.6267,0.0103
8,7,4,1,0.8773,0.8580,0.9994,0.8552,0.0230
8,7,4,2,0.9712,0.9546,0.9993,0.9672,0.0195
8,7,4,3,0.8902,0.8977,0.9971,0.8704,0.0244
8,7,4,4,0.9710,0.9608,0.9997,0.9665,0.0152
8,7,4,5,0.9456,0.9278,0.9994,0.9365,0.0252
8,7,4,6,0.9268,0.9386,0.9975,0.9145,0.0327
8,7,4,7,0.5825,0.6029,0.9592,0.5008,0.0308
8,7,4,8,0.9522,0.9606,0.9991,0.9442,0.0133
8,7,4,9,0.7705,0.8319,0.9917,0.7250,0.0481
8,7,4,10,0.9637,0.9526,0.9961,0.9591,0.0225
8,7,4,11,0.3611,0.4959,0.7953,0.2748,0.0354
8,7,5,0,0.9581,0.9426,0.9948,0.9527,0.0222
8,7,5,1,0.9646,0.9420,0.9958,0.9622,0.0354
8,7,5,2,0.8462,0.9184,0.9831,0.8176,0.0311
8,7,5,3,0.9332,0.9286,0.9831,0.9222,0.0284
8,7,5,4,0.9161,0.9373,0.9992,0.9024,0.0381
8,7,5,5,0.9722,0.9560,0.9979,0.9694,0.0260
8,7,5,6,0.9654,0.9630,1.0000,0.9595,0.0111
8,7,5,7,0.9754,0.9842,0.9983,0.9712,0.0092
8,7,5,8,0.9732,0.9713,0.9997,0.9688,0.0070
8,7,5,9,0.9659,0.9481,0.9966,0.9619,0.0259
8,7,5,10,0.8618,0.8717,0.9872,0.8365,0.0249
8,7,5,11,0.9589,0.9639,1.0000,0.9518,0.0111
8,7,6,0,0.8187,0.8821,0.9903,0.7842,0.0487
8,7,6,1,0.9354,0.9423,0.9996,0.9248,0.0073
8,7,6,2,0.9693,0.9525,0.9980,0.9644,0.0171
8,7,6,3,0.8325,0.8619,0.9976,0.8011,0.0370
8,7,6,4,0.9515,0.9485,0.9999,0.9432,0.0205
8,7,6,5,0.9597,0.9525,0.9998,0.9528,0.0183
8,7,6,6,0.9537,0.9499,0.9993,0.9458,0.0094
8,7,6,7,0.8904,0.8887,0.9863,0.8707,0.0233
8,7,6,8,0.9078,0.9065,0.9982,0.8914,0.0235
8,7,6,9,0.9648,0.9430,0.9959,0.9622,0.0351
8,7,6,10,0.9668,0.9492,0.9970,0.9629,0.0260
8,7,6,11,0.9631,0.9565,0.9995,0.9569,0.0129
8,7,7,0,0.9933,0.9911,0.9993,0.9921,0.0070
8,7,7,1,0.9700,0.9523,0.9954,0.9668,0.0265
8,7,7,2,0.9649,0.9425,0.9958,0.9624,0.0354
8,7,7,3,0.9239,0.9342,0.9996,0.9105,0.0235
8,7,7,4,0.9651,0.9550,1.0000,0.9597,0.0094
8,7,7,5,0.9734,0.9657,1.0000,0.9689,0.0156
8,7,7,6,0.9688,0.9537,0.9974,0.9642,0.0167
8,7,7,7,0.9654,0.9471,0.9966,0.9623,0.0329
8,7,7,8,0.9349,0.9242,0.9948,0.9236,0.0125
8,7,7,9,0.9727,0.9591,0.9999,0.9682,0.0132
8,7,7,10,0.9654,0.9428,0.9959,0.9630,0.0354
8,7,7,11,0.9651,0.9439,0.9963,0.9623,0.0341
8,7,8,0,0.9732,0.9631,0.9999,0.9691,0.0140
8,7,8,1,0.9651,0.9435,0.9960,0.9623,0.0343
8,7,8,2,0.9287,0.9372,0.9994,0.9162,0.0227
8,7,8,3,0.9471,0.9317,0.9893,0.9392,0.0159
8,7,8,4,0.9768,0.9757,0.9999,0.9733,0.0179
8,7,8,5,0.9128,0.9063,0.9892,0.8991,0.0448
8,7,8,6,0.9434,0.9368,0.9973,0.9352,0.0179
8,7,8,7,1.0000,1.0000,1.0000,1.0000,0.0000
8,7,8,8,0.7599,0.8026,0.9882,0.7154,0.0222
8,7,8,9,0.9675,0.9554,0.9964,0.9624,0.0110
8,7,8,10,0.9504,0.9448,0.9989,0.9419,0.0173
8,7,8,11,0.9463,0.9481,0.9962,0.9375,0.0086
8,7,9,0,0.9652,0.9529,0.9930,0.9597,0.0100
8,7,9,1,0.9650,0.9448,0.9960,0.9621,0.0333
8,7,9,2,0.9648,0.9467,0.9961,0.9616,0.0321
8,7,9,3,0.9252,0.9201,1.0000,0.9120,0.0190
8,7,9,4,0.9608,0.9486,0.9964,0.9569,0.0308
8,7,9,5,0.9620,0.9499,0.9960,0.9563,0.0148
8,7,9,6,0.9654,0.9438,0.9960,0.9629,0.0349
8,7,9,7,0.9417,0.9427,0.9935,0.9322,0.0073
8,7,9,8,0.9609,0.9481,0.9961,0.9561,0.0248
8,7,9,9,0.9648,0.9431,0.9959,0.9623,0.0352
8,7,9,10,0.9305,0.9062,0.9985,0.9183,0.0237
8,7,9,11,0.9654,0.9436,0.9959,0.9627,0.0343
8,7,10,0,0.9653,0.9490,0.9965,0.9610,0.0229
8,7,10,1,0.9657,0.9451,0.9967,0.9629,0.0340
8,7,10,2,0.9672,0.9468,0.9964,0.9643,0.0321
8,7,10,3,0.9700,0.9515,0.9955,0.9664,0.0235
8,7,10,4,0.9631,0.9512,0.9989,0.9573,0.0122
8,7,10,5,0.9332,0.9197,0.9971,0.9220,0.0140
8,7,10,6,0.9661,0.9457,0.9967,0.9633,0.0333
8,7,10,7,0.9699,0.9523,0.9971,0.9659,0.0210
8,7,10,8,0.9669,0.9463,0.9968,0.9641,0.0325
8,7,10,9,0.9245,0.8955,0.9737,0.9120,0.0113
8,7,10,10,0.9656,0.9433,0.9962,0.9630,0.0348
8,7,10,11,0.9811,0.9730,1.0000,0.9789,0.0200
8,7,11,0,0.6859,0.7102,0.9972,0.6181,0.0692
8,7,11,1,0.9673,0.9523,0.9983,0.9626,0.0183
8,7,11,2,0.9670,0.9485,0.9980,0.9636,0.0294
8,7,11,3,0.8864,0.9119,0.9999,0.8659,0.0300
8,7,11,4,0.9745,0.9586,0.9996,0.9702,0.0183
8,7,11,5,0.9622,0.9502,0.9966,0.9577,0.0257
8,7,11,6,0.9663,0.9454,0.9971,0.9635,0.0337
8,7,11,7,0.9663,0.9556,0.9997,0.9614,0.0178
8,7,11,8,0.2935,0.5293,0.9831,0.1402,0.0498
8,7,11,9,0.9657,0.9466,0.9969,0.9627,0.0329
8,7,11,10,0.9569,0.9601,0.9998,0.9499,0.0216
8,7,11,11,0.9624,0.9573,0.9999,0.9561,0.0168
8,8,0,0,0.8264,0.8282,0.9329,0.7846,0.0432
8,8,0,1,0.2121,0.3027,0.9442,0.0903,0.0556
8,8,0,2,0.8446,0.8667,0.9828,0.8078,0.0367
8,8,0,3,0.3157,0.3817,0.9349,0.1927,0.0286
8,8,0,4,0.5662,0.5935,0.9973,0.4631,0.0181
8,8,0,5,0.3240,0.3897,0.9088,0.1986,0.0214
8,8,0,6,0.8053,0.8205,0.9533,0.7576,0.0429
8,8,0,7,0.7344,0.7553,0.9675,0.6668,0.0435
8,8,0,8,0.7337,0.8144,0.9888,0.6678,0.0319
8,8,0,9,0.8454,0.8533,0.9417,0.8096,0.0500
8,8,0,10,0.7822,0.7876,0.9669,0.7276,0.0506
8,8,0,11,0.8534,0.8443,0.9384,0.8202,0.0475
8,8,1,0,0.6939,0.7630,0.9937,0.6184,0.0346
8,8,1,1,0.8262,0.8540,0.9805,0.7846,0.0349
8,8,1,2,0.8221,0.8459,0.9944,0.7796,0.0375
8,8,1,3,0.8243,0.8140,0.9558,0.7820,0.0316
8,8,1,4,0.8456,0.8502,0.9757,0.8103,0.0276
8,8,1,5,0.7950,0.8140,0.9937,0.7469,0.0203
8,8,1,6,0.8167,0.8379,0.9986,0.7789,0.0181
8,8,1,7,0.8692,0.8692,0.9840,0.8401,0.0240
8,8,1,8,0.8416,0.8511,0.9884,0.8057,0.0203
8,8,1,9,0.8342,0.8339,0.9973,0.8010,0.0221
8,8,1,10,0.4098,0.5991,0.9949,0.2516,0.0483
8,8,1,11,0.4042,0.4348,0.9318,0.2855,0.0129
8,8,2,0,0.8017,0.8103,0.9775,0.7540,0.0305
8,8,2,1,0.8137,0.8182,0.9947,0.7817,0.0330
8,8,2,2,0.5877,0.6576,0.9970,0.4985,0.0075
8,8,2,3,0.7071,0.7900,0.9901,0.6329,0.0411
8,8,2,4,0.7549,0.8528,0.9935,0.6995,0.0149
8,8,2,5,0.7613,0.8012,0.9930,0.7056,0.0214
8,8,2,6,0.8251,0.8364,0.9967,0.7902,0.0151
8,8,2,7,0.7422,0.7372,0.9677,0.6752,0.0532
8,8,2,8,0.5658,0.7406,0.9987,0.4660,0.0149
8,8,2,9,0.7876,0.7986,0.9999,0.7381,0.0200
8,8,2,10,0.8251,0.8356,0.9674,0.7830,0.0433
8,8,2,11,0.8313,0.8390,0.9930,0.7969,0.0248
8,8,3,0,0.7704,0.7982,0.9987,0.7383,0.0522
8,8,3,1,0.8107,0.8341,0.9979,0.7716,0.0106
8,8,3,2,0.6148,0.6949,0.9962,0.5195,0.0278
8,8,3,3,0.7794,0.8688,0.9994,0.7329,0.0121
8,8,3,4,0.7860,0.7948,0.9971,0.7551,0.0506
8,8,3,5,0.8244,0.8457,0.9819,0.7877,0.0173
8,8,3,6,0.7527,0.8040,0.9993,0.6923,0.0319
8,8,3,7,0.7754,0.7500,0.9891,0.7252,0.0178
8,8,3,8,0.7900,0.8151,0.9863,0.7418,0.0219
8,8,3,9,0.6370,0.7227,0.9975,0.5559,0.0122
8,8,3,10,0.8226,0.8450,0.9994,0.7871,0.0157
8,8,3,11,0.6423,0.7882,0.9975,0.5594,0.0149
8,8,4,0,0.5270,0.7445,0.9741,0.4398,0.0230
8,8,4,1,0.7932,0.8504,0.9929,0.7499,0.0094
8,8,4,2,0.7856,0.7939,0.9932,0.7508,0.0402
8,8,4,3,0.8145,0.8288,0.9971,0.7745,0.0102
8,8,4,4,0.8032,0.8183,0.9919,0.7690,0.0324
8,8,4,5,0.7637,0.8320,0.9931,0.7131,0.0078
8,8,4,6,0.8725,0.8602,0.9748,0.8441,0.0178
8,8,4,7,0.6254,0.6722,0.9912,0.5416,0.0124
8,8,4,8,0.8253,0.8412,0.9937,0.7935,0.0263
8,8,4,9,0.7372,0.7732,0.9603,0.6738,0.0271
8,8,4,10,0.7952,0.8120,0.9979,0.7638,0.0444
8,8,4,11,0.4089,0.5948,0.8787,0.3210,0.0573
8,8,5,0,0.8202,0.8172,0.9987,0.7934,0.0441
8,8,5,1,0.7697,0.7826,0.9981,0.7396,0.0573
8,8,5,2,0.7831,0.8007,0.9435,0.7341,0.0130
8,8,5,3,0.7755,0.8104,0.9436,0.7254,0.0087
8,8,5,4,0.8288,0.8346,0.9811,0.7894,0.0168
8,8,5,5,0.7805,0.8011,0.9960,0.7482,0.0479
8,8,5,6,0.7946,0.8429,0.9873,0.7555,0.0168
8,8,5,7,0.7753,0.7913,0.9776,0.7316,0.0181
8,8,5,8,0.8105,0.8176,0.9915,0.7760,0.0248
8,8,5,9,0.7971,0.7997,0.9974,0.7669,0.0478
8,8,5,10,0.8608,0.8793,1.0000,0.8306,0.0052
8,8,5,11,0.8155,0.8299,0.9879,0.7799,0.0194
8,8,6,0,0.6929,0.7884,0.9573,0.6188,0.0275
8,8,6,1,0.8498,0.8436,0.9832,0.8234,0.0241
8,8,6,2,0.8120,0.8254,0.9960,0.7793,0.0330
8,8,6,3,0.9630,0.9615,0.9965,0.9550,0.0173
8,8,6,4,0.8564,0.8878,0.9861,0.8266,0.0170
8,8,6,5,0.8492,0.8532,0.9913,0.8194,0.0243
8,8,6,6,0.8263,0.8397,0.9934,0.7937,0.0233
8,8,6,7,0.9159,0.9166,0.9999,0.8981,0.0075
8,8,6,8,0.8837,0.9123,0.9956,0.8591,0.0079
8,8,6,9,0.7722,0.7850,0.9980,0.7421,0.0570
8,8,6,10,0.7982,0.8059,0.9971,0.7682,0.0479
8,8,6,11,0.8000,0.8431,0.9828,0.7596,0.0138
8,8,7,0,0.7678,0.8115,0.9934,0.7246,0.0206
8,8,7,1,0.7759,0.7994,0.9984,0.7427,0.0484
8,8,7,2,0.7700,0.7827,0.9981,0.7397,0.0573
8,8,7,3,0.8427,0.8444,0.9923,0.8103,0.0165
8,8,7,4,0.7655,0.8033,0.9893,0.7249,0.0313
8,8,7,5,0.8254,0.8318,0.9881,0.7922,0.0232
8,8,7,6,0.8116,0.8251,0.9967,0.7805,0.0370
8,8,7,7,0.7794,0.7906,0.9974,0.7489,0.0548
8,8,7,8,0.7862,0.7736,0.9987,0.7443,0.0170
8,8,7,9,0.8224,0.8416,0.9897,0.7908,0.0287
8,8,7,10,0.7708,0.7841,0.9980,0.7405,0.0573
8,8,7,11,0.7762,0.7875,0.9977,0.7460,0.0560
8,8,8,0,0.8136,0.8263,0.9902,0.7819,0.0349
8,8,8,1,0.7758,0.7868,0.9979,0.7456,0.0562
8,8,8,2,0.8446,0.8523,0.9929,0.8126,0.0179
8,8,8,3,0.8065,0.8272,1.0000,0.7745,0.0356
8,8,8,4,0.8034,0.8271,0.9861,0.7624,0.0078
8,8,8,5,0.8381,0.8682,0.9551,0.8003,0.0238
8,8,8,6,0.8333,0.8293,0.9968,0.8072,0.0379
8,8,8,7,0.7599,0.8026,0.9882,0.7154,0.0222
8,8,8,8,1.0000,1.0000,1.0000,1.0000,0.0000
8,8,8,9,0.7993,0.8133,0.9976,0.7645,0.0316
8,8,8,10,0.8743,0.8799,0.9943,0.8482,0.0163
8,8,8,11,0.8556,0.8581,0.9978,0.8303,0.0283
8,8,9,0,0.8462,0.8717,0.9994,0.8197,0.0297
8,8,9,1,0.7757,0.7879,0.9980,0.7453,0.0552
8,8,9,2,0.7855,0.7974,0.9979,0.7558,0.0540
8,8,9,3,0.8763,0.8990,0.9888,0.8505,0.0083
8,8,9,4,0.7754,0.7889,0.9976,0.7440,0.0527
8,8,9,5,0.8272,0.8376,0.9979,0.7988,0.0367
8,8,9,6,0.7702,0.7833,0.9980,0.7397,0.0568
8,8,9,7,0.8453,0.8506,0.9992,0.8181,0.0276
8,8,9,8,0.8039,0.8108,0.9979,0.7748,0.0467
8,8,9,9,0.7702,0.7838,0.9980,0.7398,0.0571
8,8,9,10,0.7531,0.8357,0.9952,0.7011,0.0084
8,8,9,11,0.7755,0.7876,0.9980,0.7453,0.0562
8,8,10,0,0.8190,0.8256,0.9976,0.7918,0.0448
8,8,10,1,0.7732,0.7851,0.9974,0.7423,0.0559
8,8,10,2,0.7763,0.7902,0.9976,0.7450,0.0540
8,8,10,3,0.7851,0.8000,0.9983,0.7522,0.0454
8,8,10,4,0.8406,0.8423,0.9943,0.8136,0.0332
8,8,10,5,0.7075,0.7983,0.9970,0.6532,0.0213
8,8,10,6,0.7789,0.7908,0.9974,0.7487,0.0552
8,8,10,7,0.8028,0.8119,0.9970,0.7718,0.0429
8,8,10,8,0.7765,0.7890,0.9973,0.7456,0.0544
8,8,10,9,0.6955,0.7178,0.9971,0.6397,0.0278
8,8,10,10,0.7728,0.7844,0.9978,0.7424,0.0567
8,8,10,11,0.7432,0.7638,0.9880,0.7017,0.0390
8,8,11,0,0.7884,0.8217,0.9740,0.7357,0.0479
8,8,11,1,0.7877,0.7969,0.9954,0.7526,0.0376
8,8,11,2,0.7798,0.7887,0.9959,0.7480,0.0513
8,8,11,3,0.9454,0.9462,0.9902,0.9335,0.0113
8,8,11,4,0.8071,0.8114,0.9923,0.7721,0.0294
8,8,11,5,0.7972,0.8044,0.9975,0.7671,0.0476
8,8,11,6,0.7738,0.7862,0.9970,0.7428,0.0556
8,8,11,7,0.7765,0.7901,0.9917,0.7396,0.0381
8,8,11,8,0.3800,0.6194,0.9995,0.2276,0.0286
8,8,11,9,0.7757,0.7873,0.9972,0.7448,0.0548
8,8,11,10,0.8365,0.8672,0.9851,0.8015,0.0117
8,8,11,11,0.8426,0.8768,0.9907,0.8100,0.0089
8,9,0,0,0.8685,0.8466,0.9555,0.8524,0.0706
8,9,0,1,0.1698,0.2248,0.9193,0.0592,0.0240
8,9,0,2,0.7900,0.7879,0.9932,0.7525,0.0644
8,9,0,3,0.2786,0.2926,0.9083,0.1673,0.0119
8,9,0,4,0.5134,0.4958,0.9898,0.4172,0.0481
8,9,0,5,0.3043,0.2984,0.8780,0.1937,0.0149
8,9,0,6,0.8000,0.7816,0.9718,0.7663,0.0716
8,9,0,7,0.6378,0.6344,0.9826,0.5634,0.0725
8,9,0,8,0.6421,0.6772,0.9967,0.5704,0.0603
8,9,0,9,0.8389,0.8294,0.9626,0.8167,0.0759
8,9,0,10,0.7895,0.7584,0.9822,0.7556,0.0778
8,9,0,11,0.8557,0.8408,0.9599,0.8387,0.0743
8,9,1,0,0.6952,0.6658,0.9991,0.6361,0.0611
8,9,1,1,0.8458,0.8449,0.9917,0.8211,0.0630
8,9,1,2,0.8172,0.8212,0.9993,0.7858,0.0640
8,9,1,3,0.9192,0.8799,0.9738,0.9132,0.0575
8,9,1,4,0.9652,0.9616,0.9885,0.9633,0.0411
8,9,1,5,0.8517,0.8065,0.9991,0.8270,0.0500
8,9,1,6,0.9092,0.8727,0.9927,0.8944,0.0214
8,9,1,7,0.9666,0.9646,0.9940,0.9637,0.0368
8,9,1,8,0.9484,0.9469,0.9965,0.9426,0.0405
8,9,1,9,0.9807,0.9798,1.0000,0.9782,0.0197
8,9,1,10,0.2458,0.4850,0.9995,0.0739,0.0751
8,9,1,11,0.4202,0.3594,0.9047,0.3217,0.0232
8,9,2,0,0.7949,0.7602,0.9897,0.7584,0.0589
8,9,2,1,0.9917,0.9910,0.9994,0.9904,0.0075
8,9,2,2,0.4668,0.4854,0.9892,0.3693,0.0337
8,9,2,3,0.7369,0.7184,0.9974,0.6871,0.0679
8,9,2,4,0.7526,0.7834,0.9990,0.7077,0.0443
8,9,2,5,0.6436,0.6521,0.9988,0.5752,0.0511
8,9,2,6,0.9677,0.9762,0.9999,0.9629,0.0200
8,9,2,7,0.6784,0.6472,0.9828,0.6137,0.0819
8,9,2,8,0.5466,0.7036,0.9998,0.4599,0.0440
8,9,2,9,0.6330,0.6087,0.9987,0.5624,0.0497
8,9,2,10,0.8582,0.8378,0.9825,0.8390,0.0708
8,9,2,11,0.9904,0.9886,0.9988,0.9898,0.0195
8,9,3,0,0.9863,0.9868,0.9998,0.9854,0.0206
8,9,3,1,0.9651,0.9603,1.0000,0.9602,0.0244
8,9,3,2,0.6115,0.5940,0.9998,0.5338,0.0568
8,9,3,3,0.8086,0.8290,0.9994,0.7756,0.0310
8,9,3,4,0.9899,0.9862,1.0000,0.9892,0.0190
8,9,3,5,0.9676,0.9699,0.9926,0.9632,0.0248
8,9,3,6,0.7708,0.7464,0.9995,0.7289,0.0616
8,9,3,7,0.7318,0.6877,0.9766,0.6830,0.0446
8,9,3,8,0.7840,0.7708,0.9953,0.7451,0.0513
8,9,3,9,0.7422,0.7431,1.0000,0.6955,0.0410
8,9,3,10,0.9829,0.9749,0.9994,0.9807,0.0181
8,9,3,11,0.6793,0.7637,1.0000,0.6189,0.0452
8,9,4,0,0.6090,0.8244,0.9563,0.5469,0.0152
8,9,4,1,0.8719,0.8605,0.9987,0.8504,0.0311
8,9,4,2,0.9932,0.9898,0.9989,0.9923,0.0095
8,9,4,3,0.9233,0.9154,1.0000,0.9113,0.0325
8,9,4,4,0.9897,0.9903,0.9983,0.9881,0.0068
8,9,4,5,0.9325,0.8975,0.9988,0.9222,0.0343
8,9,4,6,0.9609,0.9609,0.9879,0.9569,0.0373
8,9,4,7,0.6064,0.5893,0.9797,0.5332,0.0402
8,9,4,8,0.9808,0.9804,0.9991,0.9778,0.0081
8,9,4,9,0.7932,0.8207,0.9772,0.7562,0.0568
8,9,4,10,0.9883,0.9882,1.0000,0.9869,0.0129
8,9,4,11,0.2785,0.4221,0.8437,0.1842,0.0257
8,9,5,0,0.9791,0.9819,0.9998,0.9766,0.0129
8,9,5,1,0.9844,0.9805,1.0000,0.9839,0.0257
8,9,5,2,0.8660,0.8965,0.9640,0.8435,0.0402
8,9,5,3,0.9366,0.9235,0.9641,0.9278,0.0381
8,9,5,4,0.9239,0.9110,0.9921,0.9139,0.0475
8,9,5,5,0.9856,0.9851,0.9998,0.9842,0.0163
8,9,5,6,0.9503,0.9406,0.9959,0.9423,0.0183
8,9,5,7,0.9696,0.9523,0.9898,0.9650,0.0157
8,9,5,8,0.9658,0.9607,0.9981,0.9604,0.0094
8,9,5,9,0.9904,0.9882,1.0000,0.9896,0.0162
8,9,5,10,0.9143,0.9087,0.9972,0.9007,0.0346
8,9,5,11,0.9859,0.9841,0.9963,0.9839,0.0125
8,9,6,0,0.7928,0.8402,0.9750,0.7557,0.0581
8,9,6,1,0.9634,0.9634,0.9935,0.9577,0.0103
8,9,6,2,0.9907,0.9915,0.9998,0.9892,0.0084
8,9,6,3,0.8890,0.9007,0.9999,0.8710,0.0457
8,9,6,4,0.9624,0.9659,0.9952,0.9571,0.0244
8,9,6,5,0.9851,0.9866,0.9980,0.9832,0.0159
8,9,6,6,0.9753,0.9713,0.9989,0.9715,0.0102
8,9,6,7,0.9361,0.9366,0.9967,0.9262,0.0321
8,9,6,8,0.9217,0.9228,0.9997,0.9092,0.0319
8,9,6,9,0.9847,0.9810,1.0000,0.9842,0.0254
8,9,6,10,0.9898,0.9878,1.0000,0.9889,0.0167
8,9,6,11,0.9570,0.9456,0.9932,0.9504,0.0203
8,9,7,0,0.9545,0.9372,0.9989,0.9472,0.0157
8,9,7,1,0.9930,0.9929,0.9999,0.9926,0.0168
8,9,7,2,0.9851,0.9813,1.0000,0.9846,0.0257
8,9,7,3,0.9778,0.9812,0.9985,0.9751,0.0243
8,9,7,4,0.9868,0.9850,0.9970,0.9848,0.0083
8,9,7,5,0.9890,0.9893,0.9963,0.9874,0.0122
8,9,7,6,0.9949,0.9946,0.9999,0.9942,0.0067
8,9,7,7,0.9882,0.9850,1.0000,0.9877,0.0232
8,9,7,8,0.9531,0.9242,0.9999,0.9456,0.0156
8,9,7,9,0.9871,0.9871,0.9972,0.9850,0.0070
8,9,7,10,0.9850,0.9813,1.0000,0.9844,0.0257
8,9,7,11,0.9862,0.9825,1.0000,0.9856,0.0244
8,9,8,0,0.9803,0.9781,0.9975,0.9773,0.0062
8,9,8,1,0.9857,0.9819,1.0000,0.9851,0.0246
8,9,8,2,0.9724,0.9742,0.9987,0.9688,0.0241
8,9,8,3,0.9710,0.9666,0.9981,0.9667,0.0116
8,9,8,4,0.9443,0.9189,0.9952,0.9358,0.0276
8,9,8,5,0.8889,0.8738,0.9732,0.8724,0.0522
8,9,8,6,0.9781,0.9793,0.9999,0.9750,0.0121
8,9,8,7,0.9675,0.9554,0.9964,0.9624,0.0110
8,9,8,8,0.7993,0.8133,0.9976,0.7645,0.0316
8,9,8,9,1.0000,1.0000,1.0000,1.0000,0.0000
8,9,8,10,0.9819,0.9824,0.9993,0.9801,0.0216
8,9,8,11,0.9846,0.9837,1.0000,0.9822,0.0059
8,9,9,0,0.9761,0.9759,0.9994,0.9723,0.0092
8,9,9,1,0.9868,0.9834,1.0000,0.9863,0.0237
8,9,9,2,0.9875,0.9845,1.0000,0.9868,0.0224
8,9,9,3,0.9114,0.9046,0.9968,0.8970,0.0284
8,9,9,4,0.9888,0.9854,1.0000,0.9882,0.0211
8,9,9,5,0.9864,0.9892,1.0000,0.9844,0.0060
8,9,9,6,0.9859,0.9826,1.0000,0.9855,0.0252
8,9,9,7,0.9824,0.9855,0.9996,0.9797,0.0052
8,9,9,8,0.9905,0.9876,1.0000,0.9896,0.0151
8,9,9,9,0.9854,0.9816,1.0000,0.9850,0.0256
8,9,9,10,0.9185,0.8912,0.9996,0.9053,0.0317
8,9,9,11,0.9861,0.9826,1.0000,0.9855,0.0246
8,9,10,0,0.9881,0.9865,1.0000,0.9867,0.0135
8,9,10,1,0.9872,0.9839,1.0000,0.9867,0.0243
8,9,10,2,0.9889,0.9861,1.0000,0.9884,0.0224
8,9,10,3,0.9932,0.9923,0.9999,0.9926,0.0138
8,9,10,4,0.9862,0.9869,0.9993,0.9840,0.0060
8,9,10,5,0.9385,0.9334,1.0000,0.9287,0.0202
8,9,10,6,0.9862,0.9829,1.0000,0.9855,0.0237
8,9,10,7,0.9912,0.9906,1.0000,0.9901,0.0116
8,9,10,8,0.9860,0.9834,1.0000,0.9852,0.0229
8,9,10,9,0.9257,0.8694,0.9895,0.9140,0.0054
8,9,10,10,0.9853,0.9818,1.0000,0.9847,0.0251
8,9,10,11,0.9553,0.9398,0.9963,0.9489,0.0160
8,9,11,0,0.7086,0.6898,0.9873,0.6520,0.0770
8,9,11,1,0.9929,0.9923,0.9996,0.9919,0.0089
8,9,11,2,0.9884,0.9850,0.9998,0.9876,0.0200
8,9,11,3,0.9001,0.9062,0.9975,0.8841,0.0387
8,9,11,4,0.9906,0.9885,0.9985,0.9892,0.0114
8,9,11,5,0.9905,0.9881,1.0000,0.9897,0.0160
8,9,11,6,0.9868,0.9833,1.0000,0.9862,0.0240
8,9,11,7,0.9881,0.9885,0.9982,0.9864,0.0078
8,9,11,8,0.2246,0.5113,0.9950,0.0628,0.0583
8,9,11,9,0.9880,0.9845,1.0000,0.9875,0.0232
8,9,11,10,0.9705,0.9665,0.9946,0.9671,0.0284
8,9,11,11,0.9601,0.9478,0.9977,0.9543,0.0262
8,10,0,0,0.9053,0.8818,0.9659,0.8877,0.0490
8,10,0,1,0.2204,0.2703,0.9038,0.1023,0.0456
8,10,0,2,0.8513,0.8490,0.9968,0.8178,0.0432
8,10,0,3,0.3280,0.3370,0.8919,0.2098,0.0240
8,10,0,4,0.5727,0.5450,0.9837,0.4736,0.0265
8,10,0,5,0.3536,0.3449,0.8593,0.2361,0.0175
8,10,0,6,0.8570,0.8385,0.9800,0.8256,0.0500
8,10,0,7,0.7048,0.7012,0.9889,0.6314,0.0516
8,10,0,8,0.7058,0.7466,0.9991,0.6348,0.0387
8,10,0,9,0.8892,0.8780,0.9721,0.8681,0.0543
8,10,0,10,0.8455,0.8147,0.9886,0.8128,0.0562
8,10,0,11,0.9011,0.8860,0.9698,0.8840,0.0527
8,10,1,0,0.7336,0.7202,1.0000,0.6703,0.0408
8,10,1,1,0.8849,0.8885,0.9959,0.8599,0.0424
8,10,1,2,0.8617,0.8663,1.0000,0.8308,0.0437
8,10,1,3,0.9436,0.9061,0.9816,0.9348,0.0359
8,10,1,4,0.9759,0.9734,0.9935,0.9716,0.0237
8,10,1,5,0.8832,0.8520,1.0000,0.8575,0.0290
8,10,1,6,0.9394,0.9096,0.9875,0.9272,0.0065
8,10,1,7,0.9816,0.9782,0.9974,0.9781,0.0206
8,10,1,8,0.9636,0.9632,0.9989,0.9562,0.0208
8,10,1,9,0.9822,0.9797,0.9995,0.9787,0.0092
8,10,1,10,0.3335,0.5501,1.0000,0.1582,0.0563
8,10,1,11,0.4639,0.4014,0.8880,0.3594,0.0184
8,10,2,0,0.8373,0.8097,0.9944,0.8002,0.0383
8,10,2,1,0.9837,0.9816,1.0000,0.9822,0.0230
8,10,2,2,0.5228,0.5560,0.9830,0.4218,0.0175
8,10,2,3,0.7737,0.7612,0.9994,0.7197,0.0467
8,10,2,4,0.7953,0.8314,1.0000,0.7503,0.0271
8,10,2,5,0.7027,0.7189,0.9999,0.6348,0.0324
8,10,2,6,0.9686,0.9756,0.9997,0.9625,0.0083
8,10,2,7,0.7404,0.7026,0.9890,0.6755,0.0603
8,10,2,8,0.5928,0.7393,0.9985,0.5015,0.0243
8,10,2,9,0.6937,0.6712,0.9960,0.6236,0.0294
8,10,2,10,0.8967,0.8748,0.9888,0.8763,0.0492
8,10,2,11,0.9887,0.9870,0.9999,0.9865,0.0103
8,10,3,0,0.9663,0.9697,0.9985,0.9656,0.0422
8,10,3,1,0.9657,0.9644,0.9991,0.9587,0.0111
8,10,3,2,0.6498,0.6448,0.9998,0.5658,0.0365
8,10,3,3,0.8268,0.8655,0.9975,0.7911,0.0192
8,10,3,4,0.9709,0.9692,0.9995,0.9703,0.0406
8,10,3,5,0.9756,0.9781,0.9965,0.9706,0.0098
8,10,3,6,0.8025,0.7895,0.9977,0.7566,0.0406
8,10,3,7,0.7548,0.7156,0.9678,0.7013,0.0271
8,10,3,8,0.8261,0.8173,0.9982,0.7875,0.0354
8,10,3,9,0.7546,0.7661,0.9993,0.7013,0.0232
8,10,3,10,0.9807,0.9756,0.9975,0.9770,0.0095
8,10,3,11,0.6987,0.7980,0.9994,0.6308,0.0259
8,10,4,0,0.6115,0.8272,0.9446,0.5415,0.0257
8,10,4,1,0.8927,0.8907,0.9999,0.8707,0.0175
8,10,4,2,0.9759,0.9736,0.9999,0.9742,0.0302
8,10,4,3,0.9217,0.9244,0.9996,0.9053,0.0132
8,10,4,4,0.9809,0.9812,0.9998,0.9788,0.0224
8,10,4,5,0.9236,0.9138,0.9999,0.9076,0.0206
8,10,4,6,0.9767,0.9719,0.9930,0.9721,0.0167
8,10,4,7,0.6544,0.6351,0.9715,0.5790,0.0214
8,10,4,8,0.9729,0.9762,1.0000,0.9687,0.0157
8,10,4,9,0.8321,0.8512,0.9845,0.7938,0.0356
8,10,4,10,0.9741,0.9770,0.9991,0.9728,0.0344
8,10,4,11,0.3068,0.4777,0.8230,0.2044,0.0473
8,10,5,0,0.9761,0.9724,0.9985,0.9754,0.0341
8,10,5,1,0.9622,0.9612,0.9990,0.9622,0.0473
8,10,5,2,0.8915,0.9122,0.9733,0.8680,0.0224
8,10,5,3,0.9458,0.9380,0.9734,0.9345,0.0178
8,10,5,4,0.9320,0.9191,0.9961,0.9177,0.0268
8,10,5,5,0.9672,0.9696,0.9999,0.9657,0.0379
8,10,5,6,0.9415,0.9442,0.9986,0.9308,0.0211
8,10,5,7,0.9505,0.9437,0.9945,0.9412,0.0141
8,10,5,8,0.9655,0.9581,0.9997,0.9601,0.0202
8,10,5,9,0.9759,0.9720,0.9994,0.9754,0.0378
8,10,5,10,0.9353,0.9371,0.9936,0.9217,0.0152
8,10,5,11,0.9817,0.9845,0.9988,0.9785,0.0100
8,10,6,0,0.8176,0.8640,0.9826,0.7759,0.0403
8,10,6,1,0.9708,0.9664,0.9970,0.9665,0.0211
8,10,6,2,0.9832,0.9827,0.9999,0.9815,0.0221
8,10,6,3,0.9416,0.9477,0.9997,0.9293,0.0260
8,10,6,4,0.9792,0.9828,0.9982,0.9749,0.0076
8,10,6,5,0.9896,0.9874,0.9997,0.9877,0.0095
8,10,6,6,0.9765,0.9739,1.0000,0.9726,0.0140
8,10,6,7,0.9612,0.9606,0.9930,0.9532,0.0171
8,10,6,8,0.9410,0.9486,0.9999,0.9288,0.0160
8,10,6,9,0.9631,0.9622,0.9990,0.9631,0.0470
8,10,6,10,0.9745,0.9730,0.9995,0.9738,0.0379
8,10,6,11,0.9567,0.9541,0.9969,0.9481,0.0117
8,10,7,0,0.9409,0.9341,1.0000,0.9306,0.0183
8,10,7,1,0.9716,0.9735,0.9988,0.9708,0.0384
8,10,7,2,0.9627,0.9618,0.9990,0.9627,0.0473
8,10,7,3,0.9800,0.9844,0.9998,0.9760,0.0103
8,10,7,4,0.9681,0.9718,0.9992,0.9640,0.0216
8,10,7,5,0.9866,0.9840,0.9988,0.9845,0.0125
8,10,7,6,0.9834,0.9835,0.9997,0.9825,0.0270
8,10,7,7,0.9676,0.9667,0.9994,0.9673,0.0448
8,10,7,8,0.9412,0.9096,0.9985,0.9301,0.0102
8,10,7,9,0.9848,0.9858,0.9993,0.9831,0.0187
8,10,7,10,0.9630,0.9623,0.9991,0.9629,0.0473
8,10,7,11,0.9654,0.9642,0.9992,0.9653,0.0460
8,10,8,0,0.9729,0.9712,0.9994,0.9697,0.0246
8,10,8,1,0.9648,0.9632,0.9991,0.9645,0.0462
8,10,8,2,0.9791,0.9797,0.9999,0.9749,0.0086
8,10,8,3,0.9709,0.9691,0.9951,0.9678,0.0294
8,10,8,4,0.9430,0.9205,0.9982,0.9314,0.0133
8,10,8,5,0.9215,0.9096,0.9812,0.9050,0.0306
8,10,8,6,0.9765,0.9743,0.9997,0.9750,0.0295
8,10,8,7,0.9504,0.9448,0.9989,0.9419,0.0173
8,10,8,8,0.8743,0.8799,0.9943,0.8482,0.0163
8,10,8,9,0.9819,0.9824,0.9993,0.9801,0.0216
8,10,8,10,1.0000,1.0000,1.0000,1.0000,0.0000
8,10,8,11,0.9870,0.9857,0.9992,0.9857,0.0183
8,10,9,0,0.9788,0.9817,0.9975,0.9763,0.0203
8,10,9,1,0.9660,0.9652,0.9991,0.9658,0.0452
8,10,9,2,0.9679,0.9678,0.9992,0.9675,0.0440
8,10,9,3,0.9357,0.9300,0.9991,0.9225,0.0167
8,10,9,4,0.9668,0.9667,0.9993,0.9661,0.0427
8,10,9,5,0.9825,0.9827,0.9991,0.9814,0.0267
8,10,9,6,0.9635,0.9630,0.9991,0.9635,0.0468
8,10,9,7,0.9841,0.9860,0.9978,0.9823,0.0176
8,10,9,8,0.9747,0.9739,0.9991,0.9741,0.0367
8,10,9,9,0.9631,0.9623,0.9990,0.9630,0.0471
8,10,9,10,0.9127,0.9084,1.0000,0.8947,0.0178
8,10,9,11,0.9652,0.9644,0.9991,0.9651,0.0462
8,10,10,0,0.9775,0.9753,0.9993,0.9769,0.0348
8,10,10,1,0.9653,0.9646,0.9994,0.9650,0.0459
8,10,10,2,0.9683,0.9681,0.9993,0.9680,0.0440
8,10,10,3,0.9763,0.9761,0.9989,0.9756,0.0354
8,10,10,4,0.9869,0.9831,1.0000,0.9861,0.0232
8,10,10,5,0.9214,0.9289,0.9996,0.9076,0.0240
8,10,10,6,0.9660,0.9649,0.9994,0.9656,0.0452
8,10,10,7,0.9794,0.9781,0.9996,0.9786,0.0329
8,10,10,8,0.9664,0.9655,0.9995,0.9660,0.0444
8,10,10,9,0.9062,0.8546,0.9834,0.8899,0.0178
8,10,10,10,0.9640,0.9628,0.9992,0.9638,0.0467
8,10,10,11,0.9340,0.9237,0.9988,0.9254,0.0335
8,10,11,0,0.7876,0.7640,0.9926,0.7370,0.0554
8,10,11,1,0.9775,0.9767,0.9999,0.9757,0.0273
8,10,11,2,0.9692,0.9668,0.9999,0.9683,0.0413
8,10,11,3,0.9432,0.9404,0.9994,0.9312,0.0187
8,10,11,4,0.9829,0.9794,0.9998,0.9806,0.0175
8,10,11,5,0.9743,0.9725,0.9994,0.9737,0.0376
8,10,11,6,0.9657,0.9645,0.9996,0.9653,0.0456
8,10,11,7,0.9718,0.9720,0.9997,0.9691,0.0281
8,10,11,8,0.3098,0.5736,0.9906,0.1438,0.0402
8,10,11,9,0.9665,0.9657,0.9995,0.9662,0.0448
8,10,11,10,0.9761,0.9742,0.9978,0.9712,0.0090
8,10,11,11,0.9670,0.9585,0.9995,0.9603,0.0100
8,11,0,0,0.8722,0.8486,0.9548,0.8555,0.0673
8,11,0,1,0.1443,0.2038,0.9202,0.0283,0.0273
8,11,0,2,0.7982,0.8031,0.9929,0.7611,0.0611
8,11,0,3,0.2532,0.2673,0.9092,0.1360,0.0111
8,11,0,4,0.5014,0.4695,0.9901,0.4005,0.0448
8,11,0,5,0.2816,0.2781,0.8791,0.1654,0.0122
8,11,0,6,0.8085,0.7909,0.9713,0.7752,0.0683
8,11,0,7,0.6400,0.6360,0.9822,0.5640,0.0692
8,11,0,8,0.6533,0.6937,0.9965,0.5823,0.0570
8,11,0,9,0.8532,0.8419,0.9620,0.8330,0.0725
8,11,0,10,0.7940,0.7589,0.9817,0.7593,0.0744
8,11,0,11,0.8618,0.8427,0.9593,0.8447,0.0710
8,11,1,0,0.6845,0.6669,0.9990,0.6211,0.0581
8,11,1,1,0.8466,0.8453,0.9914,0.8207,0.0597
8,11,1,2,0.8232,0.8234,0.9992,0.7917,0.0610
8,11,1,3,0.9168,0.8818,0.9732,0.9091,0.0541
8,11,1,4,0.9644,0.9567,0.9881,0.9615,0.0390
8,11,1,5,0.8505,0.8126,0.9990,0.8244,0.0467
8,11,1,6,0.9245,0.8872,0.9930,0.9119,0.0184
8,11,1,7,0.9703,0.9634,0.9937,0.9675,0.0344
8,11,1,8,0.9512,0.9462,0.9963,0.9452,0.0371
8,11,1,9,0.9834,0.9812,1.0000,0.9810,0.0179
8,11,1,10,0.2512,0.4932,0.9994,0.0774,0.0721
8,11,1,11,0.3944,0.3394,0.9056,0.2896,0.0202
8,11,2,0,0.8004,0.7665,0.9894,0.7637,0.0556
8,11,2,1,0.9900,0.9891,0.9993,0.9884,0.0073
8,11,2,2,0.4641,0.4859,0.9896,0.3642,0.0306
8,11,2,3,0.7254,0.7116,0.9973,0.6711,0.0646
8,11,2,4,0.7674,0.7983,0.9989,0.7241,0.0413
8,11,2,5,0.6493,0.6606,0.9987,0.5805,0.0478
8,11,2,6,0.9667,0.9705,0.9999,0.9615,0.0170
8,11,2,7,0.6780,0.6439,0.9823,0.6107,0.0786
8,11,2,8,0.5371,0.6991,0.9999,0.4465,0.0406
8,11,2,9,0.6381,0.6020,0.9988,0.5668,0.0463
8,11,2,10,0.8548,0.8271,0.9821,0.8332,0.0675
8,11,2,11,0.9857,0.9833,0.9986,0.9840,0.0181
8,11,3,0,0.9792,0.9848,0.9999,0.9776,0.0240
8,11,3,1,0.9603,0.9573,1.0000,0.9541,0.0214
8,11,3,2,0.5944,0.5902,0.9998,0.5108,0.0535
8,11,3,3,0.8119,0.8431,0.9995,0.7785,0.0279
8,11,3,4,0.9864,0.9862,1.0000,0.9854,0.0224
8,11,3,5,0.9747,0.9726,0.9923,0.9712,0.0214
8,11,3,6,0.7630,0.7444,0.9996,0.7177,0.0583
8,11,3,7,0.7120,0.6584,0.9771,0.6580,0.0413
8,11,3,8,0.7877,0.7705,0.9951,0.7483,0.0479
8,11,3,9,0.7168,0.7332,1.0000,0.6639,0.0376
8,11,3,10,0.9704,0.9644,0.9995,0.9658,0.0151
8,11,3,11,0.6608,0.7535,1.0000,0.5952,0.0419
8,11,4,0,0.5825,0.8162,0.9569,0.5150,0.0141
8,11,4,1,0.8699,0.8784,0.9986,0.8473,0.0278
8,11,4,2,0.9862,0.9862,0.9987,0.9844,0.0132
8,11,4,3,0.9053,0.8949,0.9999,0.8892,0.0292
8,11,4,4,0.9876,0.9888,0.9982,0.9857,0.0095
8,11,4,5,0.9103,0.8958,0.9987,0.8952,0.0310
8,11,4,6,0.9613,0.9528,0.9875,0.9568,0.0340
8,11,4,7,0.5882,0.5673,0.9802,0.5098,0.0368
8,11,4,8,0.9875,0.9873,0.9990,0.9854,0.0095
8,11,4,9,0.7947,0.8087,0.9767,0.7566,0.0535
8,11,4,10,0.9881,0.9902,1.0000,0.9868,0.0162
8,11,4,11,0.2632,0.4099,0.8450,0.1653,0.0290
8,11,5,0,0.9850,0.9864,0.9999,0.9835,0.0159
8,11,5,1,0.9791,0.9806,1.0000,0.9782,0.0290
8,11,5,2,0.8790,0.8995,0.9634,0.8582,0.0368
8,11,5,3,0.9286,0.9215,0.9635,0.9175,0.0348
8,11,5,4,0.9067,0.8900,0.9918,0.8921,0.0441
8,11,5,5,0.9802,0.9829,0.9997,0.9783,0.0197
8,11,5,6,0.9479,0.9417,0.9957,0.9393,0.0159
8,11,5,7,0.9550,0.9399,0.9895,0.9476,0.0130
8,11,5,8,0.9653,0.9574,0.9980,0.9597,0.0086
8,11,5,9,0.9880,0.9872,1.0000,0.9869,0.0195
8,11,5,10,0.9154,0.9058,0.9973,0.9014,0.0313
8,11,5,11,0.9819,0.9831,0.9960,0.9791,0.0095
8,11,6,0,0.7957,0.8424,0.9744,0.7578,0.0548
8,11,6,1,0.9736,0.9742,0.9932,0.9693,0.0083
8,11,6,2,0.9884,0.9917,0.9997,0.9865,0.0102
8,11,6,3,0.9197,0.9246,0.9998,0.9069,0.0424
8,11,6,4,0.9745,0.9754,0.9950,0.9710,0.0217
8,11,6,5,0.9885,0.9871,0.9979,0.9869,0.0141
8,11,6,6,0.9797,0.9761,0.9988,0.9764,0.0078
8,11,6,7,0.9417,0.9338,0.9969,0.9324,0.0287
8,11,6,8,0.9320,0.9300,0.9996,0.9208,0.0289
8,11,6,9,0.9798,0.9814,1.0000,0.9789,0.0287
8,11,6,10,0.9864,0.9873,1.0000,0.9851,0.0197
8,11,6,11,0.9528,0.9491,0.9929,0.9451,0.0170
8,11,7,0,0.9372,0.9353,0.9988,0.9269,0.0124
8,11,7,1,0.9808,0.9849,1.0000,0.9789,0.0202
8,11,7,2,0.9794,0.9809,1.0000,0.9785,0.0290
8,11,7,3,0.9732,0.9739,0.9984,0.9694,0.0206
8,11,7,4,0.9681,0.9756,0.9968,0.9632,0.0065
8,11,7,5,0.9840,0.9866,0.9961,0.9815,0.0102
8,11,7,6,0.9887,0.9913,0.9999,0.9872,0.0097
8,11,7,7,0.9831,0.9839,1.0000,0.9821,0.0265
8,11,7,8,0.9241,0.8901,0.9999,0.9114,0.0122
8,11,7,9,0.9833,0.9922,0.9970,0.9806,0.0068
8,11,7,10,0.9794,0.9811,1.0000,0.9784,0.0290
8,11,7,11,0.9814,0.9827,1.0000,0.9805,0.0278
8,11,8,0,0.9811,0.9817,0.9973,0.9782,0.0095
8,11,8,1,0.9807,0.9820,1.0000,0.9797,0.0279
8,11,8,2,0.9756,0.9748,0.9986,0.9721,0.0205
8,11,8,3,0.9779,0.9712,0.9982,0.9747,0.0143
8,11,8,4,0.9296,0.9134,0.9949,0.9179,0.0243
8,11,8,5,0.8945,0.8875,0.9727,0.8781,0.0489
8,11,8,6,0.9818,0.9846,0.9999,0.9794,0.0132
8,11,8,7,0.9463,0.9481,0.9962,0.9375,0.0086
8,11,8,8,0.8556,0.8581,0.9978,0.8303,0.0283
8,11,8,9,0.9846,0.9837,1.0000,0.9822,0.0059
8,11,8,10,0.9870,0.9857,0.9992,0.9857,0.0183
8,11,8,11,1.0000,1.0000,1.0000,1.0000,0.0000
8,11,9,0,0.9833,0.9863,0.9995,0.9807,0.0084
8,11,9,1,0.9817,0.9830,1.0000,0.9807,0.0270
8,11,9,2,0.9844,0.9862,1.0000,0.9835,0.0257
8,11,9,3,0.9293,0.9245,0.9966,0.9175,0.0251
8,11,9,4,0.9848,0.9853,1.0000,0.9839,0.0244
8,11,9,5,0.9915,0.9929,1.0000,0.9903,0.0090
8,11,9,6,0.9797,0.9814,1.0000,0.9787,0.0286
8,11,9,7,0.9933,0.9933,0.9996,0.9922,0.0035
8,11,9,8,0.9878,0.9886,1.0000,0.9868,0.0184
8,11,9,9,0.9798,0.9813,1.0000,0.9789,0.0289
8,11,9,10,0.8951,0.8876,0.9995,0.8770,0.0284
8,11,9,11,0.9812,0.9827,1.0000,0.9802,0.0279
8,11,10,0,0.9890,0.9902,1.0000,0.9880,0.0165
8,11,10,1,0.9811,0.9824,1.0000,0.9801,0.0276
8,11,10,2,0.9815,0.9842,1.0000,0.9803,0.0257
8,11,10,3,0.9827,0.9870,1.0000,0.9807,0.0171
8,11,10,4,0.9896,0.9923,0.9992,0.9880,0.0059
8,11,10,5,0.9098,0.9221,0.9999,0.8951,0.0171
8,11,10,6,0.9818,0.9833,1.0000,0.9808,0.0270
8,11,10,7,0.9865,0.9894,0.9999,0.9849,0.0152
8,11,10,8,0.9811,0.9833,1.0000,0.9799,0.0262
8,11,10,9,0.8859,0.8406,0.9898,0.8675,0.0056
8,11,10,10,0.9800,0.9815,1.0000,0.9789,0.0284
8,11,10,11,0.9429,0.9359,0.9961,0.9348,0.0175
8,11,11,0,0.7159,0.6967,0.9869,0.6591,0.0737
8,11,11,1,0.9863,0.9858,0.9996,0.9843,0.0106
8,11,11,2,0.9835,0.9836,0.9997,0.9822,0.0230
8,11,11,3,0.9302,0.9291,0.9973,0.9193,0.0354
8,11,11,4,0.9865,0.9889,0.9984,0.9843,0.0129
8,11,11,5,0.9885,0.9884,1.0000,0.9875,0.0194
8,11,11,6,0.9813,0.9825,0.9999,0.9801,0.0273
8,11,11,7,0.9815,0.9806,0.9981,0.9788,0.0108
8,11,11,8,0.2255,0.5192,0.9953,0.0608,0.0552
8,11,11,9,0.9820,0.9831,1.0000,0.9810,0.0265
8,11,11,10,0.9609,0.9614,0.9944,0.9553,0.0251
8,11,11,11,0.9515,0.9487,0.9975,0.9438,0.0229
9,0,0,0,0.8511,0.8315,0.9451,0.8304,0.0687
9,0,0,1,0.1675,0.2305,0.9320,0.0564,0.0259
9,0,0,2,0.7902,0.7986,0.9887,0.7526,0.0625
9,0,0,3,0.2635,0.2932,0.9218,0.1496,0.0113
9,0,0,4,0.4873,0.4798,0.9940,0.3852,0.0462
9,0,0,5,0.2958,0.3037,0.8935,0.1836,0.0143
9,0,0,6,0.7964,0.7916,0.9634,0.7616,0.0697
9,0,0,7,0.6198,0.6353,0.9758,0.5405,0.0706
9,0,0,8,0.6259,0.6969,0.9934,0.5501,0.0584
9,0,0,9,0.8258,0.8317,0.9530,0.7998,0.0743
9,0,0,10,0.7729,0.7557,0.9753,0.7341,0.0759
9,0,0,11,0.8441,0.8344,0.9500,0.8236,0.0724
9,0,1,0,0.6634,0.6647,0.9970,0.5968,0.0598
9,0,1,1,0.8228,0.8364,0.9869,0.7926,0.0614
9,0,1,2,0.7932,0.8137,0.9975,0.7562,0.0627
9,0,1,3,0.9198,0.8831,0.9656,0.9139,0.0556
9,0,1,4,0.9475,0.9451,0.9829,0.9418,0.0437
9,0,1,5,0.8431,0.8172,0.9971,0.8164,0.0481
9,0,1,6,0.9264,0.8949,0.9962,0.9145,0.0230
9,0,1,7,0.9477,0.9501,0.9897,0.9410,0.0390
9,0,1,8,0.9266,0.9301,0.9931,0.9162,0.0402
9,0,1,9,0.9634,0.9632,0.9992,0.9578,0.0238
9,0,1,10,0.2639,0.4841,0.9978,0.0961,0.0738
9,0,1,11,0.4119,0.3646,0.9184,0.3117,0.0203
9,0,2,0,0.7800,0.7659,0.9844,0.7399,0.0573
9,0,2,1,0.9800,0.9758,0.9977,0.9769,0.0122
9,0,2,2,0.4527,0.5052,0.9936,0.3524,0.0324
9,0,2,3,0.7028,0.7076,0.9945,0.6445,0.0663
9,0,2,4,0.7480,0.7986,0.9969,0.7019,0.0430
9,0,2,5,0.6220,0.6596,0.9966,0.5490,0.0495
9,0,2,6,0.9392,0.9525,0.9989,0.9295,0.0203
9,0,2,7,0.6696,0.6449,0.9760,0.6020,0.0800
9,0,2,8,0.5244,0.6984,0.9999,0.4329,0.0421
9,0,2,9,0.6259,0.6228,0.9998,0.5536,0.0481
9,0,2,10,0.8401,0.8219,0.9757,0.8162,0.0689
9,0,2,11,0.9822,0.9778,0.9965,0.9801,0.0230
9,0,3,0,0.9840,0.9791,0.9999,0.9828,0.0225
9,0,3,1,0.9473,0.9455,0.9996,0.9392,0.0238
9,0,3,2,0.5948,0.6025,0.9986,0.5131,0.0549
9,0,3,3,0.8352,0.8575,1.0000,0.8068,0.0287
9,0,3,4,0.9811,0.9746,0.9992,0.9792,0.0210
9,0,3,5,0.9574,0.9595,0.9880,0.9512,0.0238
9,0,3,6,0.7402,0.7363,1.0000,0.6911,0.0597
9,0,3,7,0.7107,0.6753,0.9833,0.6576,0.0427
9,0,3,8,0.7756,0.7792,0.9915,0.7348,0.0497
9,0,3,9,0.7212,0.7315,0.9994,0.6702,0.0390
9,0,3,10,0.9692,0.9630,1.0000,0.9646,0.0168
9,0,3,11,0.6563,0.7459,0.9994,0.5911,0.0433
9,0,4,0,0.5911,0.8064,0.9655,0.5261,0.0149
9,0,4,1,0.8718,0.8621,0.9965,0.8501,0.0295
9,0,4,2,0.9819,0.9746,0.9967,0.9794,0.0146
9,0,4,3,0.8856,0.8853,0.9991,0.8665,0.0306
9,0,4,4,0.9862,0.9821,0.9958,0.9840,0.0119
9,0,4,5,0.9136,0.8977,0.9966,0.8997,0.0327
9,0,4,6,0.9352,0.9364,0.9821,0.9261,0.0354
9,0,4,7,0.5805,0.5787,0.9859,0.5021,0.0383
9,0,4,8,0.9759,0.9761,0.9971,0.9720,0.0151
9,0,4,9,0.7580,0.7971,0.9695,0.7130,0.0549
9,0,4,10,0.9858,0.9824,0.9996,0.9841,0.0151
9,0,4,11,0.2673,0.4361,0.8613,0.1713,0.0276
9,0,5,0,0.9829,0.9807,0.9999,0.9809,0.0154
9,0,5,1,0.9810,0.9716,0.9996,0.9801,0.0276
9,0,5,2,0.8404,0.8809,0.9546,0.8128,0.0383
9,0,5,3,0.9199,0.9066,0.9547,0.9077,0.0362
9,0,5,4,0.8889,0.8843,0.9873,0.8715,0.0456
9,0,5,5,0.9848,0.9779,0.9985,0.9833,0.0183
9,0,5,6,0.9599,0.9497,0.9923,0.9535,0.0138
9,0,5,7,0.9549,0.9427,0.9845,0.9478,0.0144
9,0,5,8,0.9742,0.9626,0.9955,0.9701,0.0090
9,0,5,9,0.9841,0.9773,0.9993,0.9824,0.0181
9,0,5,10,0.9022,0.9038,0.9991,0.8862,0.0327
9,0,5,11,0.9727,0.9746,0.9928,0.9685,0.0116
9,0,6,0,0.7756,0.8314,0.9670,0.7345,0.0562
9,0,6,1,0.9685,0.9626,0.9891,0.9635,0.0087
9,0,6,2,0.9857,0.9812,0.9985,0.9834,0.0132
9,0,6,3,0.8925,0.9194,0.9988,0.8751,0.0441
9,0,6,4,0.9726,0.9789,0.9914,0.9691,0.0241
9,0,6,5,0.9816,0.9772,0.9953,0.9791,0.0190
9,0,6,6,0.9744,0.9767,0.9968,0.9704,0.0098
9,0,6,7,0.9253,0.9387,0.9989,0.9134,0.0305
9,0,6,8,0.9308,0.9276,0.9983,0.9199,0.0306
9,0,6,9,0.9815,0.9727,0.9996,0.9806,0.0273
9,0,6,10,0.9848,0.9794,0.9992,0.9831,0.0183
9,0,6,11,0.9603,0.9505,0.9887,0.9542,0.0184
9,0,7,0,0.9622,0.9446,0.9968,0.9562,0.0122
9,0,7,1,0.9818,0.9778,0.9998,0.9799,0.0187
9,0,7,2,0.9810,0.9718,0.9996,0.9800,0.0276
9,0,7,3,0.9465,0.9531,0.9961,0.9382,0.0259
9,0,7,4,0.9640,0.9617,0.9938,0.9585,0.0079
9,0,7,5,0.9806,0.9742,0.9929,0.9777,0.0138
9,0,7,6,0.9844,0.9828,0.9989,0.9821,0.0127
9,0,7,7,0.9818,0.9746,0.9993,0.9804,0.0251
9,0,7,8,0.9091,0.8866,0.9999,0.8941,0.0146
9,0,7,9,0.9869,0.9807,0.9942,0.9848,0.0105
9,0,7,10,0.9815,0.9726,0.9996,0.9806,0.0276
9,0,7,11,0.9822,0.9735,0.9995,0.9811,0.0263
9,0,8,0,0.9866,0.9825,0.9945,0.9845,0.0090
9,0,8,1,0.9823,0.9733,0.9996,0.9812,0.0265
9,0,8,2,0.9521,0.9561,0.9965,0.9448,0.0254
9,0,8,3,0.9806,0.9726,0.9996,0.9778,0.0132
9,0,8,4,0.9411,0.9255,0.9913,0.9319,0.0257
9,0,8,5,0.9004,0.8824,0.9650,0.8862,0.0503
9,0,8,6,0.9777,0.9743,0.9990,0.9746,0.0121
9,0,8,7,0.9652,0.9529,0.9930,0.9597,0.0100
9,0,8,8,0.8462,0.8717,0.9994,0.8197,0.0297
9,0,8,9,0.9761,0.9759,0.9994,0.9723,0.0092
9,0,8,10,0.9788,0.9817,0.9975,0.9763,0.0203
9,0,8,11,0.9833,0.9863,0.9995,0.9807,0.0084
9,0,9,0,1.0000,1.0000,1.0000,1.0000,0.0000
9,0,9,1,0.9820,0.9734,0.9996,0.9808,0.0256
9,0,9,2,0.9848,0.9781,0.9995,0.9837,0.0243
9,0,9,3,0.9356,0.9328,0.9935,0.9255,0.0265
9,0,9,4,0.9789,0.9734,0.9994,0.9770,0.0230
9,0,9,5,0.9911,0.9893,0.9996,0.9898,0.0102
9,0,9,6,0.9810,0.9722,0.9996,0.9800,0.0271
9,0,9,7,0.9815,0.9821,1.0000,0.9786,0.0084
9,0,9,8,0.9837,0.9778,0.9996,0.9819,0.0170
9,0,9,9,0.9810,0.9722,0.9996,0.9800,0.0275
9,0,9,10,0.9028,0.8868,0.9980,0.8867,0.0305
9,0,9,11,0.9824,0.9735,0.9996,0.9813,0.0265
9,0,10,0,0.9897,0.9868,0.9994,0.9886,0.0151
9,0,10,1,0.9814,0.9730,0.9993,0.9802,0.0262
9,0,10,2,0.9819,0.9740,0.9994,0.9804,0.0243
9,0,10,3,0.9815,0.9752,0.9997,0.9793,0.0157
9,0,10,4,0.9883,0.9830,0.9974,0.9865,0.0089
9,0,10,5,0.9146,0.9062,0.9991,0.9009,0.0198
9,0,10,6,0.9833,0.9753,0.9993,0.9822,0.0256
9,0,10,7,0.9887,0.9816,0.9991,0.9873,0.0144
9,0,10,8,0.9826,0.9740,0.9993,0.9814,0.0248
9,0,10,9,0.8826,0.8354,0.9938,0.8639,0.0092
9,0,10,10,0.9819,0.9725,0.9995,0.9809,0.0270
9,0,10,11,0.9634,0.9449,0.9929,0.9582,0.0160
9,0,11,0,0.7022,0.6985,0.9814,0.6436,0.0751
9,0,11,1,0.9797,0.9721,0.9982,0.9767,0.0140
9,0,11,2,0.9821,0.9743,0.9985,0.9804,0.0216
9,0,11,3,0.9206,0.9385,0.9945,0.9084,0.0368
9,0,11,4,0.9849,0.9768,0.9961,0.9826,0.0152
9,0,11,5,0.9823,0.9783,0.9994,0.9804,0.0179
9,0,11,6,0.9819,0.9733,0.9991,0.9807,0.0259
9,0,11,7,0.9788,0.9716,0.9956,0.9758,0.0129
9,0,11,8,0.2394,0.5073,0.9978,0.0804,0.0570
9,0,11,9,0.9816,0.9735,0.9992,0.9802,0.0251
9,0,11,10,0.9542,0.9580,0.9906,0.9478,0.0265
9,0,11,11,0.9513,0.9543,0.9949,0.9439,0.0243
9,1,0,0,0.8148,0.8124,0.9540,0.7994,0.0943
9,1,0,1,0.1165,0.1603,0.9213,0.0143,0.0006
9,1,0,2,0.7328,0.7376,0.9925,0.6963,0.0881
9,1,0,3,0.2131,0.2146,0.9104,0.1082,0.0289
9,1,0,4,0.4324,0.4050,0.9905,0.3376,0.0717
9,1,0,5,0.2450,0.2256,0.8804,0.1413,0.0338
9,1,0,6,0.7409,0.7359,0.9706,0.7081,0.0952
9,1,0,7,0.5594,0.5633,0.9816,0.4848,0.0962
9,1,0,8,0.5810,0.6186,0.9963,0.5125,0.0840
9,1,0,9,0.7857,0.7974,0.9612,0.7653,0.0995
9,1,0,10,0.7280,0.7103,0.9812,0.6952,0.1014
9,1,0,11,0.8019,0.8004,0.9585,0.7862,0.0979
9,1,1,0,0.6246,0.5921,0.9988,0.5655,0.0848
9,1,1,1,0.7939,0.7892,0.9910,0.7701,0.0867
9,1,1,2,0.7621,0.7663,0.9991,0.7313,0.0876
9,1,1,3,0.8935,0.8643,0.9726,0.8930,0.0811
9,1,1,4,0.9346,0.9331,0.9877,0.9340,0.0641
9,1,1,5,0.8139,0.7598,0.9988,0.7919,0.0737
9,1,1,6,0.8934,0.8431,0.9933,0.8816,0.0451
9,1,1,7,0.9351,0.9371,0.9934,0.9327,0.0598
9,1,1,8,0.9184,0.9177,0.9960,0.9141,0.0641
9,1,1,9,0.9671,0.9679,0.9999,0.9661,0.0421
9,1,1,10,0.1728,0.4460,0.9993,0.0102,0.0987
9,1,1,11,0.3643,0.2865,0.9069,0.2718,0.0459
9,1,2,0,0.7455,0.6991,0.9889,0.7112,0.0825
9,1,2,1,0.9907,0.9899,0.9992,0.9905,0.0222
9,1,2,2,0.3961,0.4075,0.9900,0.3021,0.0573
9,1,2,3,0.6645,0.6484,0.9970,0.6138,0.0916
9,1,2,4,0.7221,0.7389,0.9987,0.6824,0.0679
9,1,2,5,0.5790,0.5788,0.9985,0.5125,0.0748
9,1,2,6,0.9474,0.9528,0.9998,0.9433,0.0437
9,1,2,7,0.6003,0.5896,0.9818,0.5348,0.1056
9,1,2,8,0.4809,0.6371,0.9999,0.3974,0.0676
9,1,2,9,0.5417,0.5187,0.9989,0.4680,0.0733
9,1,2,10,0.7960,0.7769,0.9815,0.7758,0.0944
9,1,2,11,0.9789,0.9758,0.9985,0.9802,0.0422
9,1,3,0,0.9988,0.9982,0.9999,0.9987,0.0030
9,1,3,1,0.9489,0.9383,1.0000,0.9458,0.0481
9,1,3,2,0.5375,0.5262,0.9997,0.4608,0.0805
9,1,3,3,0.7950,0.7999,0.9996,0.7677,0.0540
9,1,3,4,0.9990,0.9993,0.9999,0.9989,0.0046
9,1,3,5,0.9513,0.9490,0.9920,0.9489,0.0484
9,1,3,6,0.7031,0.6798,0.9997,0.6603,0.0852
9,1,3,7,0.6534,0.6050,0.9777,0.6017,0.0683
9,1,3,8,0.7472,0.7086,0.9948,0.7122,0.0749
9,1,3,9,0.6916,0.6867,1.0000,0.6467,0.0646
9,1,3,10,0.9658,0.9490,0.9996,0.9645,0.0417
9,1,3,11,0.6186,0.6986,1.0000,0.5599,0.0689
9,1,4,0,0.5655,0.7851,0.9578,0.5067,0.0344
9,1,4,1,0.8538,0.8285,0.9985,0.8359,0.0548
9,1,4,2,0.9969,0.9964,0.9986,0.9971,0.0151
9,1,4,3,0.8753,0.8671,0.9999,0.8615,0.0562
9,1,4,4,0.9929,0.9912,0.9980,0.9931,0.0229
9,1,4,5,0.9044,0.8625,0.9985,0.8953,0.0579
9,1,4,6,0.9259,0.9253,0.9870,0.9221,0.0610
9,1,4,7,0.5327,0.4978,0.9807,0.4600,0.0638
9,1,4,8,0.9774,0.9738,0.9988,0.9762,0.0302
9,1,4,9,0.7324,0.7670,0.9761,0.6952,0.0805
9,1,4,10,0.9965,0.9952,1.0000,0.9963,0.0108
9,1,4,11,0.2074,0.3373,0.8465,0.1173,0.0021
9,1,5,0,0.9918,0.9941,0.9999,0.9910,0.0111
9,1,5,1,0.9997,0.9998,1.0000,0.9997,0.0021
9,1,5,2,0.8350,0.8743,0.9626,0.8156,0.0638
9,1,5,3,0.9162,0.8944,0.9627,0.9106,0.0617
9,1,5,4,0.8758,0.8627,0.9914,0.8648,0.0711
9,1,5,5,0.9978,0.9966,0.9997,0.9976,0.0073
9,1,5,6,0.9501,0.9282,0.9954,0.9455,0.0390
9,1,5,7,0.9578,0.9374,0.9890,0.9546,0.0394
9,1,5,8,0.9710,0.9594,0.9978,0.9687,0.0305
9,1,5,9,0.9984,0.9985,1.0000,0.9984,0.0075
9,1,5,10,0.8738,0.8707,0.9975,0.8599,0.0583
9,1,5,11,0.9777,0.9751,0.9958,0.9775,0.0359
9,1,6,0,0.7536,0.8081,0.9738,0.7205,0.0817
9,1,6,1,0.9652,0.9679,0.9928,0.9619,0.0311
9,1,6,2,0.9920,0.9907,0.9997,0.9922,0.0232
9,1,6,3,0.8531,0.8715,0.9998,0.8366,0.0694
9,1,6,4,0.9571,0.9525,0.9947,0.9555,0.0481
9,1,6,5,0.9784,0.9766,0.9977,0.9788,0.0379
9,1,6,6,0.9769,0.9682,0.9987,0.9761,0.0332
9,1,6,7,0.8967,0.8954,0.9971,0.8859,0.0557
9,1,6,8,0.9048,0.8940,0.9996,0.8953,0.0556
9,1,6,9,0.9998,0.9998,1.0000,0.9998,0.0017
9,1,6,10,0.9987,0.9988,0.9999,0.9987,0.0073
9,1,6,11,0.9522,0.9241,0.9926,0.9491,0.0440
9,1,7,0,0.9543,0.9272,0.9987,0.9500,0.0359
9,1,7,1,0.9975,0.9960,1.0000,0.9973,0.0068
9,1,7,2,0.9998,0.9998,1.0000,0.9998,0.0021
9,1,7,3,0.9485,0.9541,0.9982,0.9453,0.0476
9,1,7,4,0.9795,0.9759,0.9966,0.9778,0.0240
9,1,7,5,0.9841,0.9826,0.9959,0.9845,0.0333
9,1,7,6,0.9937,0.9923,0.9998,0.9936,0.0183
9,1,7,7,0.9998,0.9999,1.0000,0.9997,0.0008
9,1,7,8,0.9104,0.8688,0.9999,0.9003,0.0392
9,1,7,9,0.9866,0.9828,0.9968,0.9863,0.0265
9,1,7,10,0.9998,0.9998,1.0000,0.9997,0.0021
9,1,7,11,0.9999,0.9999,1.0000,0.9999,0.0008
9,1,8,0,0.9908,0.9876,0.9971,0.9906,0.0210
9,1,8,1,0.9998,0.9998,1.0000,0.9998,0.0010
9,1,8,2,0.9526,0.9523,0.9984,0.9500,0.0475
9,1,8,3,0.9768,0.9594,0.9984,0.9745,0.0210
9,1,8,4,0.9292,0.8948,0.9947,0.9232,0.0513
9,1,8,5,0.8674,0.8394,0.9720,0.8562,0.0759
9,1,8,6,0.9830,0.9882,0.9999,0.9814,0.0173
9,1,8,7,0.9650,0.9448,0.9960,0.9621,0.0333
9,1,8,8,0.7757,0.7879,0.9980,0.7453,0.0552
9,1,8,9,0.9868,0.9834,1.0000,0.9863,0.0237
9,1,8,10,0.9660,0.9652,0.9991,0.9658,0.0452
9,1,8,11,0.9817,0.9830,1.0000,0.9807,0.0270
9,1,9,0,0.9820,0.9734,0.9996,0.9808,0.0256
9,1,9,1,1.0000,1.0000,1.0000,1.0000,0.0000
9,1,9,2,0.9995,0.9994,1.0000,0.9995,0.0013
9,1,9,3,0.9087,0.8933,0.9963,0.8996,0.0521
9,1,9,4,0.9986,0.9989,1.0000,0.9985,0.0029
9,1,9,5,0.9926,0.9904,1.0000,0.9924,0.0186
9,1,9,6,0.9998,0.9999,1.0000,0.9998,0.0016
9,1,9,7,0.9787,0.9785,0.9997,0.9772,0.0276
9,1,9,8,0.9976,0.9980,1.0000,0.9974,0.0086
9,1,9,9,0.9998,0.9999,1.0000,0.9998,0.0019
9,1,9,10,0.8941,0.8448,0.9994,0.8828,0.0554
9,1,9,11,0.9999,0.9999,1.0000,0.9999,0.0010
9,1,10,0,0.9963,0.9954,1.0000,0.9961,0.0105
9,1,10,1,0.9998,0.9999,1.0000,0.9998,0.0006
9,1,10,2,0.9996,0.9997,1.0000,0.9996,0.0013
9,1,10,3,0.9962,0.9955,1.0000,0.9960,0.0098
9,1,10,4,0.9900,0.9897,0.9991,0.9898,0.0221
9,1,10,5,0.9217,0.8962,0.9999,0.9127,0.0387
9,1,10,6,0.9998,0.9998,1.0000,0.9997,0.0006
9,1,10,7,0.9975,0.9969,0.9999,0.9976,0.0124
9,1,10,8,0.9997,0.9999,0.9999,0.9996,0.0011
9,1,10,9,0.8884,0.8144,0.9902,0.8746,0.0275
9,1,10,10,0.9998,0.9999,1.0000,0.9998,0.0014
9,1,10,11,0.9685,0.9529,0.9959,0.9649,0.0184
9,1,11,0,0.6327,0.6318,0.9864,0.5750,0.1006
9,1,11,1,0.9937,0.9927,0.9995,0.9936,0.0179
9,1,11,2,0.9994,0.9993,0.9996,0.9994,0.0040
9,1,11,3,0.8837,0.8860,0.9971,0.8720,0.0624
9,1,11,4,0.9914,0.9900,0.9982,0.9920,0.0281
9,1,11,5,0.9979,0.9983,1.0000,0.9978,0.0076
9,1,11,6,0.9999,0.9999,0.9999,0.9999,0.0006
9,1,11,7,0.9939,0.9911,0.9979,0.9938,0.0171
9,1,11,8,0.1616,0.4637,0.9955,0.0108,0.0819
9,1,11,9,0.9999,0.9999,0.9999,0.9999,0.0008
9,1,11,10,0.9482,0.9407,0.9941,0.9462,0.0521
9,1,11,11,0.9400,0.9221,0.9973,0.9356,0.0498
9,2,0,0,0.8199,0.8120,0.9545,0.8044,0.0930
9,2,0,1,0.1150,0.1637,0.9206,0.0113,0.0016
9,2,0,2,0.7363,0.7408,0.9927,0.6993,0.0868
9,2,0,3,0.2138,0.2196,0.9097,0.1075,0.0276
9,2,0,4,0.4362,0.4105,0.9903,0.3404,0.0705
9,2,0,5,0.2457,0.2309,0.8796,0.1408,0.0325
9,2,0,6,0.7467,0.7396,0.9710,0.7138,0.0940
9,2,0,7,0.5621,0.5661,0.9819,0.4864,0.0949
9,2,0,8,0.5829,0.6239,0.9964,0.5132,0.0827
9,2,0,9,0.7899,0.7978,0.9617,0.7690,0.0983
9,2,0,10,0.7317,0.7114,0.9815,0.6982,0.1002
9,2,0,11,0.8060,0.8013,0.9590,0.7899,0.0967
9,2,1,0,0.6273,0.5967,0.9989,0.5673,0.0835
9,2,1,1,0.7956,0.7919,0.9913,0.7710,0.0854
9,2,1,2,0.7637,0.7685,0.9992,0.7321,0.0863
9,2,1,3,0.8963,0.8655,0.9730,0.8953,0.0798
9,2,1,4,0.9368,0.9342,0.9880,0.9359,0.0629
9,2,1,5,0.8153,0.7648,0.9989,0.7926,0.0724
9,2,1,6,0.8951,0.8482,0.9931,0.8829,0.0438
9,2,1,7,0.9378,0.9387,0.9936,0.9353,0.0586
9,2,1,8,0.9194,0.9186,0.9962,0.9145,0.0629
9,2,1,9,0.9679,0.9686,1.0000,0.9666,0.0408
9,2,1,10,0.1799,0.4454,0.9993,0.0166,0.0975
9,2,1,11,0.3645,0.2926,0.9061,0.2706,0.0446
9,2,2,0,0.7484,0.7042,0.9892,0.7134,0.0813
9,2,2,1,0.9908,0.9905,0.9993,0.9904,0.0210
9,2,2,2,0.3984,0.4130,0.9897,0.3033,0.0560
9,2,2,3,0.6679,0.6509,0.9972,0.6164,0.0903
9,2,2,4,0.7242,0.7443,0.9988,0.6839,0.0667
9,2,2,5,0.5816,0.5845,0.9986,0.5142,0.0735
9,2,2,6,0.9474,0.9541,0.9999,0.9429,0.0424
9,2,2,7,0.6056,0.5908,0.9821,0.5395,0.1043
9,2,2,8,0.4838,0.6419,0.9999,0.3994,0.0663
9,2,2,9,0.5509,0.5256,0.9988,0.4775,0.0721
9,2,2,10,0.7998,0.7786,0.9819,0.7791,0.0932
9,2,2,11,0.9800,0.9771,0.9986,0.9810,0.0410
9,2,3,0,0.9982,0.9985,0.9999,0.9980,0.0021
9,2,3,1,0.9491,0.9399,1.0000,0.9455,0.0468
9,2,3,2,0.5411,0.5301,0.9998,0.4635,0.0792
9,2,3,3,0.7992,0.8069,0.9995,0.7717,0.0527
9,2,3,4,0.9988,0.9990,0.9999,0.9987,0.0033
9,2,3,5,0.9518,0.9516,0.9922,0.9490,0.0471
9,2,3,6,0.7062,0.6835,0.9996,0.6627,0.0840
9,2,3,7,0.6598,0.6089,0.9773,0.6081,0.0670
9,2,3,8,0.7466,0.7142,0.9950,0.7103,0.0737
9,2,3,9,0.6941,0.6902,1.0000,0.6485,0.0633
9,2,3,10,0.9667,0.9514,0.9995,0.9651,0.0405
9,2,3,11,0.6230,0.7028,1.0000,0.5639,0.0676
9,2,4,0,0.5694,0.7881,0.9573,0.5102,0.0332
9,2,4,1,0.8556,0.8334,0.9986,0.8373,0.0535
9,2,4,2,0.9968,0.9964,0.9987,0.9968,0.0138
9,2,4,3,0.8778,0.8682,0.9999,0.8637,0.0549
9,2,4,4,0.9927,0.9921,0.9981,0.9927,0.0216
9,2,4,5,0.9059,0.8658,0.9986,0.8963,0.0567
9,2,4,6,0.9281,0.9268,0.9873,0.9239,0.0597
9,2,4,7,0.5320,0.5020,0.9804,0.4578,0.0625
9,2,4,8,0.9793,0.9768,0.9989,0.9780,0.0289
9,2,4,9,0.7340,0.7667,0.9765,0.6959,0.0792
9,2,4,10,0.9964,0.9964,1.0000,0.9961,0.0095
9,2,4,11,0.2131,0.3433,0.8456,0.1224,0.0033
9,2,5,0,0.9920,0.9956,0.9999,0.9911,0.0098
9,2,5,1,0.9993,0.9991,1.0000,0.9993,0.0033
9,2,5,2,0.8378,0.8760,0.9631,0.8179,0.0625
9,2,5,3,0.9157,0.8960,0.9632,0.9093,0.0605
9,2,5,4,0.8770,0.8640,0.9917,0.8653,0.0698
9,2,5,5,0.9970,0.9966,0.9997,0.9967,0.0060
9,2,5,6,0.9527,0.9327,0.9956,0.9481,0.0378
9,2,5,7,0.9584,0.9389,0.9893,0.9550,0.0381
9,2,5,8,0.9704,0.9612,0.9979,0.9678,0.0292
9,2,5,9,0.9984,0.9987,1.0000,0.9983,0.0062
9,2,5,10,0.8756,0.8737,0.9974,0.8611,0.0570
9,2,5,11,0.9776,0.9765,0.9959,0.9770,0.0346
9,2,6,0,0.7572,0.8082,0.9742,0.7237,0.0805
9,2,6,1,0.9675,0.9701,0.9931,0.9642,0.0298
9,2,6,2,0.9919,0.9918,0.9997,0.9919,0.0219
9,2,6,3,0.8596,0.8772,0.9998,0.8434,0.0681
9,2,6,4,0.9592,0.9570,0.9949,0.9575,0.0468
9,2,6,5,0.9794,0.9783,0.9978,0.9795,0.0367
9,2,6,6,0.9784,0.9712,0.9988,0.9774,0.0319
9,2,6,7,0.9022,0.9003,0.9970,0.8917,0.0544
9,2,6,8,0.9083,0.8989,0.9996,0.8988,0.0543
9,2,6,9,0.9995,0.9992,1.0000,0.9994,0.0030
9,2,6,10,0.9990,0.9992,0.9999,0.9989,0.0060
9,2,6,11,0.9532,0.9281,0.9928,0.9497,0.0427
9,2,7,0,0.9547,0.9300,0.9988,0.9501,0.0346
9,2,7,1,0.9973,0.9962,1.0000,0.9970,0.0056
9,2,7,2,0.9994,0.9991,1.0000,0.9994,0.0033
9,2,7,3,0.9499,0.9553,0.9983,0.9464,0.0463
9,2,7,4,0.9787,0.9762,0.9967,0.9767,0.0227
9,2,7,5,0.9847,0.9836,0.9960,0.9848,0.0321
9,2,7,6,0.9944,0.9935,0.9999,0.9942,0.0170
9,2,7,7,0.9995,0.9994,1.0000,0.9994,0.0008
9,2,7,8,0.9121,0.8702,0.9999,0.9018,0.0379
9,2,7,9,0.9874,0.9850,0.9970,0.9870,0.0252
9,2,7,10,0.9994,0.9992,1.0000,0.9994,0.0033
9,2,7,11,0.9996,0.9995,1.0000,0.9996,0.0021
9,2,8,0,0.9921,0.9895,0.9972,0.9919,0.0197
9,2,8,1,0.9995,0.9994,1.0000,0.9995,0.0022
9,2,8,2,0.9537,0.9541,0.9985,0.9509,0.0462
9,2,8,3,0.9767,0.9632,0.9983,0.9742,0.0197
9,2,8,4,0.9322,0.8990,0.9948,0.9261,0.0500
9,2,8,5,0.8703,0.8445,0.9724,0.8587,0.0746
9,2,8,6,0.9837,0.9890,0.9999,0.9820,0.0160
9,2,8,7,0.9648,0.9467,0.9961,0.9616,0.0321
9,2,8,8,0.7855,0.7974,0.9979,0.7558,0.0540
9,2,8,9,0.9875,0.9845,1.0000,0.9868,0.0224
9,2,8,10,0.9679,0.9678,0.9992,0.9675,0.0440
9,2,8,11,0.9844,0.9862,1.0000,0.9835,0.0257
9,2,9,0,0.9848,0.9781,0.9995,0.9837,0.0243
9,2,9,1,0.9995,0.9994,1.0000,0.9995,0.0013
9,2,9,2,1.0000,1.0000,1.0000,1.0000,0.0000
9,2,9,3,0.9134,0.9000,0.9965,0.9044,0.0508
9,2,9,4,0.9981,0.9986,1.0000,0.9979,0.0022
9,2,9,5,0.9934,0.9931,1.0000,0.9931,0.0173
9,2,9,6,0.9994,0.9992,1.0000,0.9994,0.0029
9,2,9,7,0.9798,0.9814,0.9997,0.9783,0.0263
9,2,9,8,0.9976,0.9982,1.0000,0.9974,0.0073
9,2,9,9,0.9994,0.9992,1.0000,0.9994,0.0032
9,2,9,10,0.8933,0.8495,0.9995,0.8813,0.0541
9,2,9,11,0.9996,0.9994,1.0000,0.9996,0.0022
9,2,10,0,0.9976,0.9973,1.0000,0.9975,0.0092
9,2,10,1,0.9996,0.9993,1.0000,0.9996,0.0019
9,2,10,2,0.9991,0.9990,1.0000,0.9990,0.0006
9,2,10,3,0.9955,0.9951,1.0000,0.9950,0.0086
9,2,10,4,0.9910,0.9914,0.9991,0.9907,0.0208
9,2,10,5,0.9186,0.8975,0.9999,0.9087,0.0375
9,2,10,6,0.9997,0.9995,1.0000,0.9996,0.0013
9,2,10,7,0.9975,0.9975,0.9999,0.9975,0.0111
9,2,10,8,0.9994,0.9995,1.0000,0.9993,0.0014
9,2,10,9,0.8875,0.8159,0.9900,0.8732,0.0262
9,2,10,10,0.9994,0.9992,1.0000,0.9994,0.0027
9,2,10,11,0.9683,0.9535,0.9960,0.9646,0.0171
9,2,11,0,0.6371,0.6330,0.9867,0.5788,0.0994
9,2,11,1,0.9930,0.9925,0.9995,0.9926,0.0167
9,2,11,2,0.9991,0.9990,0.9997,0.9990,0.0030
9,2,11,3,0.8905,0.8936,0.9972,0.8793,0.0611
9,2,11,4,0.9916,0.9906,0.9983,0.9920,0.0268
9,2,11,5,0.9979,0.9987,1.0000,0.9977,0.0063
9,2,11,6,0.9995,0.9994,0.9999,0.9995,0.0016
9,2,11,7,0.9929,0.9912,0.9980,0.9924,0.0159
9,2,11,8,0.1647,0.4646,0.9954,0.0124,0.0806
9,2,11,9,0.9996,0.9994,1.0000,0.9996,0.0008
9,2,11,10,0.9496,0.9431,0.9943,0.9472,0.0508
9,2,11,11,0.9431,0.9264,0.9975,0.9388,0.0486
9,3,0,0,0.8725,0.8644,0.9762,0.8452,0.0463
9,3,0,1,0.2210,0.3140,0.8846,0.1025,0.0524
9,3,0,2,0.8322,0.8594,0.9993,0.7933,0.0398
9,3,0,3,0.3248,0.3836,0.8716,0.2054,0.0254
9,3,0,4,0.5824,0.5917,0.9751,0.4850,0.0216
9,3,0,5,0.3459,0.3908,0.8365,0.2264,0.0186
9,3,0,6,0.8289,0.8399,0.9876,0.7892,0.0460
9,3,0,7,0.7523,0.7524,0.9944,0.6914,0.0467
9,3,0,8,0.7336,0.7884,1.0000,0.6692,0.0351
9,3,0,9,0.8788,0.8801,0.9813,0.8542,0.0529
9,3,0,10,0.8220,0.8184,0.9941,0.7814,0.0538
9,3,0,11,0.8870,0.8894,0.9794,0.8653,0.0503
9,3,1,0,0.7891,0.7678,0.9993,0.7394,0.0375
9,3,1,1,0.9026,0.8979,0.9988,0.8818,0.0381
9,3,1,2,0.8686,0.8748,0.9991,0.8391,0.0406
9,3,1,3,0.9106,0.8918,0.9889,0.8927,0.0338
9,3,1,4,0.9370,0.9386,0.9975,0.9235,0.0279
9,3,1,5,0.8759,0.8623,0.9993,0.8482,0.0257
9,3,1,6,0.8992,0.8731,0.9798,0.8787,0.0171
9,3,1,7,0.9327,0.9340,0.9996,0.9183,0.0271
9,3,1,8,0.9293,0.9317,1.0000,0.9141,0.0241
9,3,1,9,0.9366,0.9294,0.9972,0.9241,0.0221
9,3,1,10,0.3595,0.5713,0.9988,0.1903,0.0511
9,3,1,11,0.4594,0.4451,0.8674,0.3534,0.0119
9,3,2,0,0.8717,0.8458,0.9980,0.8429,0.0337
9,3,2,1,0.9305,0.9215,0.9989,0.9197,0.0308
9,3,2,2,0.6382,0.6369,0.9742,0.5613,0.0100
9,3,2,3,0.7947,0.7780,1.0000,0.7457,0.0443
9,3,2,4,0.8902,0.9042,0.9994,0.8662,0.0171
9,3,2,5,0.7747,0.7768,0.9995,0.7233,0.0240
9,3,2,6,0.9268,0.9287,0.9977,0.9124,0.0148
9,3,2,7,0.7529,0.7377,0.9945,0.6912,0.0563
9,3,2,8,0.6610,0.7957,0.9952,0.5846,0.0168
9,3,2,9,0.7058,0.7063,0.9912,0.6381,0.0232
9,3,2,10,0.8757,0.8713,0.9943,0.8491,0.0465
9,3,2,11,0.9417,0.9361,0.9995,0.9300,0.0219
9,3,3,0,0.9093,0.8997,0.9952,0.8997,0.0490
9,3,3,1,0.9416,0.9356,0.9964,0.9297,0.0113
9,3,3,2,0.7019,0.6905,0.9981,0.6305,0.0310
9,3,3,3,0.9107,0.9318,0.9935,0.8922,0.0102
9,3,3,4,0.9128,0.8972,0.9973,0.9029,0.0475
9,3,3,5,0.9103,0.9146,0.9992,0.8918,0.0170
9,3,3,6,0.8198,0.8063,0.9938,0.7778,0.0354
9,3,3,7,0.7502,0.7219,0.9561,0.6954,0.0232
9,3,3,8,0.8634,0.8482,0.9999,0.8330,0.0235
9,3,3,9,0.7764,0.8012,0.9969,0.7275,0.0154
9,3,3,10,0.9423,0.9338,0.9935,0.9310,0.0125
9,3,3,11,0.7312,0.8245,0.9969,0.6703,0.0178
9,3,4,0,0.6255,0.8251,0.9296,0.5577,0.0205
9,3,4,1,0.9371,0.9269,0.9995,0.9241,0.0100
9,3,4,2,0.9161,0.9046,0.9995,0.9040,0.0370
9,3,4,3,0.8518,0.8545,0.9974,0.8203,0.0121
9,3,4,4,0.9283,0.9220,0.9998,0.9169,0.0302
9,3,4,5,0.9118,0.9023,0.9995,0.8933,0.0135
9,3,4,6,0.9226,0.9190,0.9972,0.9059,0.0210
9,3,4,7,0.6669,0.6690,0.9604,0.5938,0.0137
9,3,4,8,0.9390,0.9401,0.9993,0.9285,0.0241
9,3,4,9,0.7615,0.8039,0.9911,0.7055,0.0303
9,3,4,10,0.9209,0.9116,0.9964,0.9108,0.0413
9,3,4,11,0.4445,0.5502,0.7978,0.3633,0.0541
9,3,5,0,0.9267,0.9121,0.9952,0.9179,0.0410
9,3,5,1,0.9055,0.8890,0.9962,0.8969,0.0541
9,3,5,2,0.8344,0.8694,0.9823,0.7978,0.0146
9,3,5,3,0.8906,0.8932,0.9824,0.8669,0.0116
9,3,5,4,0.8787,0.8815,0.9990,0.8518,0.0200
9,3,5,5,0.9153,0.9071,0.9982,0.9054,0.0448
9,3,5,6,0.9588,0.9615,1.0000,0.9514,0.0152
9,3,5,7,0.9085,0.9046,0.9981,0.8911,0.0149
9,3,5,8,0.9242,0.9231,0.9998,0.9112,0.0216
9,3,5,9,0.9168,0.9015,0.9970,0.9066,0.0446
9,3,5,10,0.8462,0.8587,0.9879,0.8134,0.0110
9,3,5,11,0.9222,0.9265,1.0000,0.9076,0.0171
9,3,6,0,0.8134,0.8329,0.9897,0.7703,0.0310
9,3,6,1,0.9152,0.9125,0.9994,0.9009,0.0210
9,3,6,2,0.9304,0.9223,0.9982,0.9192,0.0311
9,3,6,3,0.9073,0.9221,0.9979,0.8873,0.0227
9,3,6,4,0.9509,0.9555,0.9999,0.9408,0.0170
9,3,6,5,0.9460,0.9417,0.9998,0.9356,0.0233
9,3,6,6,0.9410,0.9405,0.9994,0.9304,0.0217
9,3,6,7,0.8960,0.8943,0.9869,0.8744,0.0119
9,3,6,8,0.9474,0.9475,0.9984,0.9365,0.0108
9,3,6,9,0.9073,0.8916,0.9962,0.8986,0.0538
9,3,6,10,0.9210,0.9065,0.9973,0.9116,0.0448
9,3,6,11,0.9480,0.9453,0.9993,0.9377,0.0103
9,3,7,0,0.9344,0.9279,0.9994,0.9229,0.0171
9,3,7,1,0.9083,0.8976,0.9958,0.8972,0.0452
9,3,7,2,0.9056,0.8890,0.9962,0.8967,0.0541
9,3,7,3,0.9081,0.9092,0.9997,0.8894,0.0149
9,3,7,4,0.8903,0.8947,1.0000,0.8724,0.0281
9,3,7,5,0.9375,0.9298,1.0000,0.9261,0.0216
9,3,7,6,0.9263,0.9160,0.9977,0.9154,0.0341
9,3,7,7,0.9091,0.8940,0.9970,0.8996,0.0516
9,3,7,8,0.8783,0.8487,0.9952,0.8548,0.0151
9,3,7,9,0.9399,0.9316,1.0000,0.9300,0.0256
9,3,7,10,0.9068,0.8906,0.9963,0.8979,0.0541
9,3,7,11,0.9089,0.8932,0.9966,0.9000,0.0529
9,3,8,0,0.9436,0.9372,1.0000,0.9353,0.0321
9,3,8,1,0.9077,0.8922,0.9964,0.8986,0.0530
9,3,8,2,0.9356,0.9365,0.9995,0.9226,0.0183
9,3,8,3,0.9108,0.9019,0.9899,0.8973,0.0324
9,3,8,4,0.9474,0.9353,0.9998,0.9366,0.0087
9,3,8,5,0.9544,0.9430,0.9886,0.9456,0.0270
9,3,8,6,0.9074,0.8980,0.9976,0.8941,0.0348
9,3,8,7,0.9252,0.9201,1.0000,0.9120,0.0190
9,3,8,8,0.8763,0.8990,0.9888,0.8505,0.0083
9,3,8,9,0.9114,0.9046,0.9968,0.8970,0.0284
9,3,8,10,0.9357,0.9300,0.9991,0.9225,0.0167
9,3,8,11,0.9293,0.9245,0.9966,0.9175,0.0251
9,3,9,0,0.9356,0.9328,0.9935,0.9255,0.0265
9,3,9,1,0.9087,0.8933,0.9963,0.8996,0.0521
9,3,9,2,0.9134,0.9000,0.9965,0.9044,0.0508
9,3,9,3,1.0000,1.0000,1.0000,1.0000,0.0000
9,3,9,4,0.9035,0.8905,0.9967,0.8929,0.0495
9,3,9,5,0.9317,0.9253,0.9964,0.9218,0.0335
9,3,9,6,0.9058,0.8896,0.9963,0.8968,0.0537
9,3,9,7,0.9130,0.9118,0.9940,0.8984,0.0244
9,3,9,8,0.9167,0.9043,0.9964,0.9066,0.0435
9,3,9,9,0.9057,0.8896,0.9962,0.8968,0.0540
9,3,9,10,0.8940,0.9034,0.9987,0.8720,0.0100
9,3,9,11,0.9087,0.8928,0.9963,0.8998,0.0530
9,3,10,0,0.9235,0.9122,0.9968,0.9140,0.0416
9,3,10,1,0.9074,0.8917,0.9970,0.8981,0.0527
9,3,10,2,0.9088,0.8937,0.9968,0.8991,0.0508
9,3,10,3,0.9114,0.8976,0.9959,0.8999,0.0422
9,3,10,4,0.9398,0.9315,0.9991,0.9307,0.0300
9,3,10,5,0.8591,0.8760,0.9974,0.8337,0.0197
9,3,10,6,0.9095,0.8942,0.9970,0.9003,0.0521
9,3,10,7,0.9212,0.9087,0.9974,0.9106,0.0397
9,3,10,8,0.9118,0.8968,0.9971,0.9028,0.0513
9,3,10,9,0.8343,0.7969,0.9746,0.8047,0.0259
9,3,10,10,0.9072,0.8907,0.9965,0.8982,0.0535
9,3,10,11,0.8990,0.8876,1.0000,0.8846,0.0359
9,3,11,0,0.7551,0.7564,0.9969,0.6944,0.0514
9,3,11,1,0.9166,0.9052,0.9986,0.9043,0.0357
9,3,11,2,0.9103,0.8941,0.9983,0.9000,0.0481
9,3,11,3,0.9676,0.9735,1.0000,0.9609,0.0135
9,3,11,4,0.9308,0.9198,0.9997,0.9190,0.0278
9,3,11,5,0.9151,0.9016,0.9969,0.9048,0.0444
9,3,11,6,0.9079,0.8924,0.9974,0.8984,0.0524
9,3,11,7,0.9098,0.9026,0.9998,0.8964,0.0352
9,3,11,8,0.3631,0.6052,0.9838,0.2092,0.0314
9,3,11,9,0.9085,0.8932,0.9972,0.8990,0.0516
9,3,11,10,0.9416,0.9466,0.9997,0.9293,0.0133
9,3,11,11,0.9333,0.9356,0.9999,0.9196,0.0098
9,4,0,0,0.8197,0.8145,0.9555,0.8039,0.0917
9,4,0,1,0.1191,0.1642,0.9193,0.0156,0.0029
9,4,0,2,0.7348,0.7412,0.9931,0.6973,0.0856
9,4,0,3,0.2166,0.2199,0.9083,0.1105,0.0263
9,4,0,4,0.4378,0.4114,0.9898,0.3421,0.0692
9,4,0,5,0.2478,0.2317,0.8780,0.1429,0.0313
9,4,0,6,0.7451,0.7391,0.9718,0.7116,0.0927
9,4,0,7,0.5647,0.5669,0.9826,0.4894,0.0937
9,4,0,8,0.5870,0.6226,0.9967,0.5181,0.0814
9,4,0,9,0.7917,0.7989,0.9626,0.7711,0.0970
9,4,0,10,0.7347,0.7134,0.9822,0.7017,0.0989
9,4,0,11,0.8077,0.8030,0.9599,0.7918,0.0954
9,4,1,0,0.6290,0.5974,0.9991,0.5691,0.0822
9,4,1,1,0.7977,0.7934,0.9917,0.7734,0.0841
9,4,1,2,0.7675,0.7685,0.9993,0.7365,0.0851
9,4,1,3,0.8955,0.8672,0.9737,0.8942,0.0786
9,4,1,4,0.9397,0.9357,0.9885,0.9393,0.0616
9,4,1,5,0.8154,0.7630,0.9991,0.7926,0.0711
9,4,1,6,0.8960,0.8475,0.9927,0.8840,0.0425
9,4,1,7,0.9394,0.9390,0.9939,0.9371,0.0573
9,4,1,8,0.9237,0.9202,0.9965,0.9195,0.0616
9,4,1,9,0.9706,0.9697,1.0000,0.9697,0.0395
9,4,1,10,0.1799,0.4486,0.9995,0.0162,0.0962
9,4,1,11,0.3650,0.2930,0.9047,0.2710,0.0433
9,4,2,0,0.7481,0.7032,0.9897,0.7130,0.0800
9,4,2,1,0.9915,0.9906,0.9994,0.9912,0.0197
9,4,2,2,0.3986,0.4123,0.9892,0.3034,0.0548
9,4,2,3,0.6686,0.6531,0.9974,0.6171,0.0890
9,4,2,4,0.7229,0.7405,0.9990,0.6822,0.0654
9,4,2,5,0.5820,0.5834,0.9988,0.5144,0.0722
9,4,2,6,0.9537,0.9570,0.9999,0.9500,0.0411
9,4,2,7,0.6067,0.5924,0.9827,0.5407,0.1030
9,4,2,8,0.4851,0.6436,0.9998,0.4007,0.0651
9,4,2,9,0.5479,0.5240,0.9987,0.4738,0.0708
9,4,2,10,0.8016,0.7810,0.9825,0.7811,0.0919
9,4,2,11,0.9799,0.9765,0.9988,0.9808,0.0397
9,4,3,0,0.9969,0.9975,0.9998,0.9965,0.0027
9,4,3,1,0.9510,0.9404,1.0000,0.9477,0.0456
9,4,3,2,0.5415,0.5328,0.9998,0.4638,0.0779
9,4,3,3,0.7896,0.8008,0.9994,0.7605,0.0514
9,4,3,4,0.9992,0.9994,1.0000,0.9992,0.0024
9,4,3,5,0.9579,0.9529,0.9926,0.9559,0.0459
9,4,3,6,0.7088,0.6853,0.9995,0.6657,0.0827
9,4,3,7,0.6572,0.6116,0.9766,0.6049,0.0657
9,4,3,8,0.7491,0.7142,0.9953,0.7132,0.0724
9,4,3,9,0.6940,0.6933,1.0000,0.6483,0.0621
9,4,3,10,0.9649,0.9505,0.9994,0.9630,0.0392
9,4,3,11,0.6231,0.7038,1.0000,0.5639,0.0663
9,4,4,0,0.5689,0.7904,0.9563,0.5095,0.0319
9,4,4,1,0.8483,0.8336,0.9987,0.8288,0.0522
9,4,4,2,0.9971,0.9968,0.9988,0.9971,0.0125
9,4,4,3,0.8803,0.8723,1.0000,0.8666,0.0537
9,4,4,4,0.9933,0.9917,0.9983,0.9934,0.0203
9,4,4,5,0.9041,0.8668,0.9988,0.8941,0.0554
9,4,4,6,0.9303,0.9287,0.9878,0.9264,0.0584
9,4,4,7,0.5372,0.5013,0.9797,0.4638,0.0613
9,4,4,8,0.9816,0.9767,0.9991,0.9806,0.0276
9,4,4,9,0.7412,0.7725,0.9772,0.7044,0.0779
9,4,4,10,0.9974,0.9961,1.0000,0.9973,0.0083
9,4,4,11,0.2086,0.3434,0.8438,0.1173,0.0046
9,4,5,0,0.9891,0.9926,0.9998,0.9878,0.0086
9,4,5,1,0.9978,0.9983,1.0000,0.9976,0.0046
9,4,5,2,0.8411,0.8793,0.9640,0.8217,0.0613
9,4,5,3,0.9183,0.8988,0.9641,0.9122,0.0592
9,4,5,4,0.8812,0.8677,0.9921,0.8703,0.0686
9,4,5,5,0.9964,0.9960,0.9998,0.9960,0.0057
9,4,5,6,0.9476,0.9277,0.9959,0.9422,0.0365
9,4,5,7,0.9615,0.9417,0.9898,0.9585,0.0368
9,4,5,8,0.9685,0.9601,0.9981,0.9656,0.0279
9,4,5,9,0.9976,0.9981,1.0000,0.9974,0.0059
9,4,5,10,0.8812,0.8745,0.9972,0.8676,0.0557
9,4,5,11,0.9807,0.9773,0.9962,0.9805,0.0333
9,4,6,0,0.7578,0.8143,0.9749,0.7242,0.0792
9,4,6,1,0.9636,0.9676,0.9934,0.9598,0.0286
9,4,6,2,0.9920,0.9913,0.9998,0.9919,0.0206
9,4,6,3,0.8569,0.8741,0.9999,0.8401,0.0668
9,4,6,4,0.9574,0.9532,0.9952,0.9553,0.0456
9,4,6,5,0.9789,0.9772,0.9980,0.9789,0.0354
9,4,6,6,0.9757,0.9681,0.9989,0.9742,0.0306
9,4,6,7,0.8986,0.8987,0.9967,0.8874,0.0532
9,4,6,8,0.9024,0.8943,0.9997,0.8918,0.0530
9,4,6,9,0.9978,0.9983,1.0000,0.9976,0.0043
9,4,6,10,0.9973,0.9980,1.0000,0.9970,0.0060
9,4,6,11,0.9497,0.9270,0.9932,0.9456,0.0414
9,4,7,0,0.9488,0.9313,0.9989,0.9433,0.0333
9,4,7,1,0.9963,0.9964,0.9999,0.9959,0.0049
9,4,7,2,0.9980,0.9985,1.0000,0.9978,0.0046
9,4,7,3,0.9547,0.9581,0.9985,0.9519,0.0451
9,4,7,4,0.9798,0.9783,0.9970,0.9779,0.0214
9,4,7,5,0.9824,0.9837,0.9963,0.9822,0.0308
9,4,7,6,0.9930,0.9933,0.9999,0.9926,0.0157
9,4,7,7,0.9989,0.9992,1.0000,0.9987,0.0024
9,4,7,8,0.9132,0.8768,0.9999,0.9030,0.0367
9,4,7,9,0.9837,0.9851,0.9972,0.9827,0.0240
9,4,7,10,0.9978,0.9983,1.0000,0.9976,0.0046
9,4,7,11,0.9982,0.9987,1.0000,0.9980,0.0037
9,4,8,0,0.9875,0.9861,0.9974,0.9867,0.0184
9,4,8,1,0.9980,0.9985,1.0000,0.9978,0.0035
9,4,8,2,0.9571,0.9552,0.9987,0.9548,0.0449
9,4,8,3,0.9790,0.9627,0.9981,0.9768,0.0184
9,4,8,4,0.9239,0.8977,0.9952,0.9165,0.0487
9,4,8,5,0.8636,0.8434,0.9732,0.8506,0.0733
9,4,8,6,0.9819,0.9878,0.9999,0.9800,0.0148
9,4,8,7,0.9608,0.9486,0.9964,0.9569,0.0308
9,4,8,8,0.7754,0.7889,0.9976,0.7440,0.0527
9,4,8,9,0.9888,0.9854,1.0000,0.9882,0.0211
9,4,8,10,0.9668,0.9667,0.9993,0.9661,0.0427
9,4,8,11,0.9848,0.9853,1.0000,0.9839,0.0244
9,4,9,0,0.9789,0.9734,0.9994,0.9770,0.0230
9,4,9,1,0.9986,0.9989,1.0000,0.9985,0.0029
9,4,9,2,0.9981,0.9986,1.0000,0.9979,0.0022
9,4,9,3,0.9035,0.8905,0.9967,0.8929,0.0495
9,4,9,4,1.0000,1.0000,1.0000,1.0000,0.0000
9,4,9,5,0.9922,0.9907,1.0000,0.9917,0.0160
9,4,9,6,0.9980,0.9987,1.0000,0.9978,0.0041
9,4,9,7,0.9827,0.9819,0.9996,0.9815,0.0251
9,4,9,8,0.9974,0.9980,1.0000,0.9972,0.0063
9,4,9,9,0.9982,0.9986,1.0000,0.9980,0.0044
9,4,9,10,0.8928,0.8506,0.9996,0.8805,0.0529
9,4,9,11,0.9981,0.9987,1.0000,0.9979,0.0038
9,4,10,0,0.9946,0.9947,1.0000,0.9941,0.0086
9,4,10,1,0.9984,0.9988,1.0000,0.9982,0.0032
9,4,10,2,0.9980,0.9992,1.0000,0.9978,0.0019
9,4,10,3,0.9952,0.9969,0.9999,0.9948,0.0073
9,4,10,4,0.9874,0.9892,0.9993,0.9866,0.0195
9,4,10,5,0.9223,0.9055,1.0000,0.9129,0.0362
9,4,10,6,0.9981,0.9986,1.0000,0.9979,0.0032
9,4,10,7,0.9957,0.9970,1.0000,0.9954,0.0105
9,4,10,8,0.9975,0.9988,1.0000,0.9972,0.0033
9,4,10,9,0.8899,0.8261,0.9895,0.8758,0.0249
9,4,10,10,0.9979,0.9985,1.0000,0.9976,0.0040
9,4,10,11,0.9654,0.9534,0.9963,0.9612,0.0159
9,4,11,0,0.6379,0.6368,0.9873,0.5796,0.0981
9,4,11,1,0.9949,0.9938,0.9996,0.9947,0.0154
9,4,11,2,0.9988,0.9989,0.9998,0.9987,0.0037
9,4,11,3,0.8820,0.8866,0.9975,0.8692,0.0598
9,4,11,4,0.9906,0.9904,0.9985,0.9908,0.0256
9,4,11,5,0.9986,0.9988,1.0000,0.9985,0.0051
9,4,11,6,0.9985,0.9988,1.0000,0.9983,0.0035
9,4,11,7,0.9949,0.9925,0.9982,0.9947,0.0146
9,4,11,8,0.1676,0.4679,0.9951,0.0156,0.0794
9,4,11,9,0.9987,0.9991,1.0000,0.9986,0.0027
9,4,11,10,0.9483,0.9423,0.9946,0.9456,0.0495
9,4,11,11,0.9364,0.9255,0.9977,0.9309,0.0473
9,5,0,0,0.8531,0.8337,0.9542,0.8356,0.0757
9,5,0,1,0.1536,0.2079,0.9210,0.0438,0.0189
9,5,0,2,0.7834,0.7842,0.9927,0.7470,0.0695
9,5,0,3,0.2593,0.2703,0.9100,0.1482,0.0148
9,5,0,4,0.4878,0.4651,0.9904,0.3895,0.0532
9,5,0,5,0.2901,0.2799,0.8800,0.1803,0.0181
9,5,0,6,0.7901,0.7772,0.9708,0.7568,0.0767
9,5,0,7,0.6167,0.6183,0.9818,0.5406,0.0776
9,5,0,8,0.6283,0.6756,0.9964,0.5566,0.0654
9,5,0,9,0.8301,0.8278,0.9615,0.8085,0.0810
9,5,0,10,0.7780,0.7498,0.9814,0.7442,0.0829
9,5,0,11,0.8432,0.8353,0.9587,0.8257,0.0794
9,5,1,0,0.6725,0.6484,0.9989,0.6112,0.0668
9,5,1,1,0.8345,0.8345,0.9912,0.8096,0.0684
9,5,1,2,0.8079,0.8143,0.9991,0.7767,0.0697
9,5,1,3,0.9171,0.8816,0.9728,0.9128,0.0625
9,5,1,4,0.9571,0.9545,0.9878,0.9547,0.0459
9,5,1,5,0.8486,0.8100,0.9989,0.8251,0.0551
9,5,1,6,0.9250,0.8825,0.9932,0.9138,0.0268
9,5,1,7,0.9590,0.9607,0.9935,0.9556,0.0416
9,5,1,8,0.9439,0.9428,0.9961,0.9384,0.0456
9,5,1,9,0.9804,0.9804,1.0000,0.9784,0.0244
9,5,1,10,0.2327,0.4824,0.9993,0.0629,0.0808
9,5,1,11,0.4087,0.3420,0.9065,0.3111,0.0273
9,5,2,0,0.7895,0.7539,0.9891,0.7542,0.0643
9,5,2,1,0.9947,0.9938,0.9993,0.9939,0.0065
9,5,2,2,0.4447,0.4721,0.9898,0.3462,0.0394
9,5,2,3,0.7069,0.6902,0.9971,0.6530,0.0730
9,5,2,4,0.7655,0.7884,0.9988,0.7251,0.0500
9,5,2,5,0.6328,0.6432,0.9986,0.5650,0.0565
9,5,2,6,0.9601,0.9706,0.9999,0.9547,0.0257
9,5,2,7,0.6601,0.6335,0.9820,0.5941,0.0870
9,5,2,8,0.5214,0.6883,0.9999,0.4327,0.0490
9,5,2,9,0.6080,0.5848,0.9989,0.5349,0.0551
9,5,2,10,0.8435,0.8191,0.9817,0.8232,0.0759
9,5,2,11,0.9894,0.9869,0.9985,0.9891,0.0240
9,5,3,0,0.9925,0.9924,0.9999,0.9921,0.0156
9,5,3,1,0.9640,0.9586,1.0000,0.9596,0.0302
9,5,3,2,0.5759,0.5732,0.9997,0.4935,0.0619
9,5,3,3,0.8104,0.8404,0.9996,0.7791,0.0357
9,5,3,4,0.9936,0.9922,0.9999,0.9931,0.0140
9,5,3,5,0.9712,0.9691,0.9921,0.9682,0.0298
9,5,3,6,0.7462,0.7257,0.9997,0.7013,0.0667
9,5,3,7,0.6862,0.6552,0.9775,0.6308,0.0497
9,5,3,8,0.7817,0.7635,0.9949,0.7443,0.0567
9,5,3,9,0.7127,0.7229,1.0000,0.6624,0.0460
9,5,3,10,0.9747,0.9689,0.9996,0.9717,0.0238
9,5,3,11,0.6531,0.7419,1.0000,0.5899,0.0503
9,5,4,0,0.5635,0.8133,0.9575,0.4962,0.0178
9,5,4,1,0.8803,0.8692,0.9985,0.8614,0.0365
9,5,4,2,0.9934,0.9924,0.9986,0.9925,0.0057
9,5,4,3,0.8859,0.8914,0.9999,0.8682,0.0376
9,5,4,4,0.9953,0.9947,0.9980,0.9946,0.0068
9,5,4,5,0.9148,0.8908,0.9986,0.9022,0.0397
9,5,4,6,0.9473,0.9478,0.9872,0.9418,0.0424
9,5,4,7,0.5843,0.5602,0.9805,0.5095,0.0452
9,5,4,8,0.9881,0.9879,0.9989,0.9865,0.0129
9,5,4,9,0.7696,0.7981,0.9763,0.7297,0.0619
9,5,4,10,0.9956,0.9956,1.0000,0.9951,0.0078
9,5,4,11,0.2468,0.3998,0.8460,0.1508,0.0206
9,5,5,0,0.9933,0.9934,0.9999,0.9925,0.0097
9,5,5,1,0.9909,0.9884,1.0000,0.9908,0.0206
9,5,5,2,0.8568,0.8864,0.9629,0.8342,0.0452
9,5,5,3,0.9328,0.9146,0.9630,0.9244,0.0432
9,5,5,4,0.8930,0.8822,0.9915,0.8782,0.0525
9,5,5,5,0.9930,0.9914,0.9997,0.9924,0.0113
9,5,5,6,0.9604,0.9488,0.9955,0.9546,0.0224
9,5,5,7,0.9592,0.9433,0.9892,0.9533,0.0208
9,5,5,8,0.9747,0.9643,0.9978,0.9710,0.0129
9,5,5,9,0.9951,0.9937,1.0000,0.9947,0.0111
9,5,5,10,0.9000,0.8998,0.9975,0.8849,0.0397
9,5,5,11,0.9816,0.9832,0.9959,0.9794,0.0173
9,5,6,0,0.7823,0.8246,0.9740,0.7451,0.0632
9,5,6,1,0.9678,0.9704,0.9930,0.9630,0.0125
9,5,6,2,0.9965,0.9961,0.9997,0.9960,0.0078
9,5,6,3,0.8930,0.9124,0.9998,0.8772,0.0508
9,5,6,4,0.9813,0.9773,0.9948,0.9801,0.0295
9,5,6,5,0.9913,0.9902,0.9977,0.9909,0.0200
9,5,6,6,0.9818,0.9823,0.9987,0.9794,0.0146
9,5,6,7,0.9266,0.9320,0.9970,0.9160,0.0375
9,5,6,8,0.9310,0.9300,0.9996,0.9212,0.0376
9,5,6,9,0.9913,0.9892,1.0000,0.9912,0.0203
9,5,6,10,0.9946,0.9948,0.9999,0.9940,0.0113
9,5,6,11,0.9655,0.9508,0.9927,0.9610,0.0254
9,5,7,0,0.9537,0.9383,0.9987,0.9467,0.0189
9,5,7,1,0.9908,0.9917,1.0000,0.9899,0.0117
9,5,7,2,0.9910,0.9887,1.0000,0.9909,0.0206
9,5,7,3,0.9621,0.9705,0.9982,0.9573,0.0294
9,5,7,4,0.9745,0.9752,0.9967,0.9707,0.0105
9,5,7,5,0.9890,0.9877,0.9959,0.9878,0.0151
9,5,7,6,0.9945,0.9971,0.9999,0.9937,0.0032
9,5,7,7,0.9928,0.9912,1.0000,0.9925,0.0181
9,5,7,8,0.9165,0.8934,0.9999,0.9036,0.0206
9,5,7,9,0.9910,0.9924,0.9969,0.9898,0.0086
9,5,7,10,0.9910,0.9890,1.0000,0.9908,0.0206
9,5,7,11,0.9921,0.9903,1.0000,0.9919,0.0194
9,5,8,0,0.9893,0.9893,0.9971,0.9877,0.0040
9,5,8,1,0.9917,0.9896,1.0000,0.9915,0.0195
9,5,8,2,0.9693,0.9730,0.9985,0.9657,0.0289
9,5,8,3,0.9872,0.9767,0.9984,0.9853,0.0087
9,5,8,4,0.9321,0.9167,0.9947,0.9223,0.0327
9,5,8,5,0.9006,0.8803,0.9722,0.8882,0.0573
9,5,8,6,0.9824,0.9859,0.9999,0.9799,0.0089
9,5,8,7,0.9620,0.9499,0.9960,0.9563,0.0148
9,5,8,8,0.8272,0.8376,0.9979,0.7988,0.0367
9,5,8,9,0.9864,0.9892,1.0000,0.9844,0.0060
9,5,8,10,0.9825,0.9827,0.9991,0.9814,0.0267
9,5,8,11,0.9915,0.9929,1.0000,0.9903,0.0090
9,5,9,0,0.9911,0.9893,0.9996,0.9898,0.0102
9,5,9,1,0.9926,0.9904,1.0000,0.9924,0.0186
9,5,9,2,0.9934,0.9931,1.0000,0.9931,0.0173
9,5,9,3,0.9317,0.9253,0.9964,0.9218,0.0335
9,5,9,4,0.9922,0.9907,1.0000,0.9917,0.0160
9,5,9,5,1.0000,1.0000,1.0000,1.0000,0.0000
9,5,9,6,0.9911,0.9892,1.0000,0.9909,0.0202
9,5,9,7,0.9908,0.9918,0.9997,0.9895,0.0100
9,5,9,8,0.9942,0.9934,1.0000,0.9936,0.0100
9,5,9,9,0.9912,0.9889,1.0000,0.9910,0.0205
9,5,9,10,0.9108,0.8816,0.9994,0.8973,0.0371
9,5,9,11,0.9923,0.9902,1.0000,0.9921,0.0195
9,5,10,0,0.9948,0.9961,1.0000,0.9942,0.0087
9,5,10,1,0.9917,0.9901,1.0000,0.9913,0.0192
9,5,10,2,0.9922,0.9914,1.0000,0.9918,0.0173
9,5,10,3,0.9923,0.9928,1.0000,0.9913,0.0087
9,5,10,4,0.9942,0.9954,0.9991,0.9934,0.0054
9,5,10,5,0.9321,0.9196,0.9999,0.9217,0.0237
9,5,10,6,0.9924,0.9906,1.0000,0.9921,0.0186
9,5,10,7,0.9954,0.9954,0.9999,0.9948,0.0065
9,5,10,8,0.9924,0.9910,1.0000,0.9921,0.0178
9,5,10,9,0.8914,0.8380,0.9901,0.8747,0.0095
9,5,10,10,0.9915,0.9892,1.0000,0.9912,0.0200
9,5,10,11,0.9578,0.9430,0.9959,0.9518,0.0125
9,5,11,0,0.6946,0.6771,0.9866,0.6377,0.0821
9,5,11,1,0.9941,0.9924,0.9995,0.9932,0.0060
9,5,11,2,0.9924,0.9906,0.9997,0.9918,0.0146
9,5,11,3,0.9139,0.9249,0.9972,0.9017,0.0438
9,5,11,4,0.9933,0.9911,0.9982,0.9925,0.0114
9,5,11,5,0.9939,0.9938,1.0000,0.9933,0.0110
9,5,11,6,0.9922,0.9901,0.9999,0.9919,0.0189
9,5,11,7,0.9935,0.9910,0.9979,0.9926,0.0033
9,5,11,8,0.2144,0.5069,0.9955,0.0551,0.0640
9,5,11,9,0.9921,0.9905,1.0000,0.9918,0.0181
9,5,11,10,0.9580,0.9602,0.9942,0.9532,0.0335
9,5,11,11,0.9491,0.9465,0.9974,0.9422,0.0313
9,6,0,0,0.8109,0.8096,0.9539,0.7960,0.0959
9,6,0,1,0.1089,0.1548,0.9213,0.0073,0.0013
9,6,0,2,0.7257,0.7313,0.9925,0.6891,0.0897
9,6,0,3,0.2058,0.2091,0.9105,0.1015,0.0305
9,6,0,4,0.4259,0.3997,0.9905,0.3316,0.0733
9,6,0,5,0.2392,0.2202,0.8805,0.1364,0.0354
9,6,0,6,0.7363,0.7312,0.9706,0.7039,0.0968
9,6,0,7,0.5492,0.5564,0.9816,0.4741,0.0978
9,6,0,8,0.5697,0.6112,0.9963,0.5005,0.0856
9,6,0,9,0.7791,0.7930,0.9612,0.7587,0.1011
9,6,0,10,0.7214,0.7051,0.9812,0.6885,0.1030
9,6,0,11,0.7955,0.7955,0.9584,0.7798,0.0995
9,6,1,0,0.6176,0.5860,0.9988,0.5586,0.0863
9,6,1,1,0.7873,0.7835,0.9910,0.7634,0.0883
9,6,1,2,0.7539,0.7597,0.9991,0.7227,0.0892
9,6,1,3,0.8903,0.8620,0.9726,0.8903,0.0827
9,6,1,4,0.9308,0.9300,0.9877,0.9303,0.0657
9,6,1,5,0.8074,0.7529,0.9988,0.7852,0.0752
9,6,1,6,0.8896,0.8395,0.9933,0.8779,0.0467
9,6,1,7,0.9314,0.9339,0.9934,0.9292,0.0614
9,6,1,8,0.9134,0.9138,0.9960,0.9090,0.0657
9,6,1,9,0.9641,0.9653,0.9999,0.9631,0.0437
9,6,1,10,0.1667,0.4412,0.9993,0.0053,0.1003
9,6,1,11,0.3595,0.2811,0.9069,0.2677,0.0475
9,6,2,0,0.7388,0.6927,0.9889,0.7045,0.0841
9,6,2,1,0.9890,0.9884,0.9992,0.9889,0.0238
9,6,2,2,0.3879,0.4008,0.9900,0.2941,0.0589
9,6,2,3,0.6587,0.6445,0.9970,0.6083,0.0932
9,6,2,4,0.7149,0.7328,0.9987,0.6752,0.0695
9,6,2,5,0.5700,0.5715,0.9985,0.5032,0.0763
9,6,2,6,0.9428,0.9496,0.9998,0.9385,0.0452
9,6,2,7,0.5928,0.5842,0.9818,0.5273,0.1071
9,6,2,8,0.4746,0.6323,0.9999,0.3915,0.0692
9,6,2,9,0.5352,0.5141,0.9989,0.4619,0.0749
9,6,2,10,0.7905,0.7721,0.9815,0.7705,0.0960
9,6,2,11,0.9770,0.9740,0.9985,0.9784,0.0438
9,6,3,0,0.9988,0.9980,0.9999,0.9987,0.0046
9,6,3,1,0.9456,0.9352,1.0000,0.9425,0.0497
9,6,3,2,0.5316,0.5221,0.9997,0.4553,0.0821
9,6,3,3,0.7924,0.7957,0.9996,0.7655,0.0556
9,6,3,4,0.9984,0.9989,0.9999,0.9983,0.0062
9,6,3,5,0.9477,0.9466,0.9920,0.9454,0.0500
9,6,3,6,0.6970,0.6747,0.9997,0.6543,0.0868
9,6,3,7,0.6489,0.6012,0.9777,0.5977,0.0698
9,6,3,8,0.7393,0.7028,0.9948,0.7039,0.0765
9,6,3,9,0.6881,0.6824,1.0000,0.6437,0.0662
9,6,3,10,0.9637,0.9462,0.9996,0.9625,0.0433
9,6,3,11,0.6137,0.6943,1.0000,0.5554,0.0705
9,6,4,0,0.5637,0.7821,0.9578,0.5056,0.0360
9,6,4,1,0.8508,0.8225,0.9985,0.8331,0.0563
9,6,4,2,0.9962,0.9958,0.9986,0.9965,0.0167
9,6,4,3,0.8726,0.8646,0.9999,0.8591,0.0578
9,6,4,4,0.9914,0.9900,0.9980,0.9917,0.0244
9,6,4,5,0.9021,0.8590,0.9985,0.8932,0.0595
9,6,4,6,0.9223,0.9224,0.9870,0.9185,0.0625
9,6,4,7,0.5229,0.4903,0.9807,0.4499,0.0654
9,6,4,8,0.9745,0.9716,0.9988,0.9732,0.0317
9,6,4,9,0.7267,0.7639,0.9761,0.6897,0.0821
9,6,4,10,0.9951,0.9943,1.0000,0.9949,0.0124
9,6,4,11,0.2032,0.3317,0.8466,0.1139,0.0005
9,6,5,0,0.9912,0.9932,0.9999,0.9904,0.0127
9,6,5,1,0.9999,0.9999,1.0000,0.9999,0.0005
9,6,5,2,0.8317,0.8723,0.9626,0.8126,0.0654
9,6,5,3,0.9133,0.8917,0.9627,0.9079,0.0633
9,6,5,4,0.8722,0.8604,0.9914,0.8615,0.0727
9,6,5,5,0.9972,0.9963,0.9997,0.9971,0.0089
9,6,5,6,0.9486,0.9261,0.9954,0.9442,0.0406
9,6,5,7,0.9567,0.9366,0.9890,0.9538,0.0410
9,6,5,8,0.9698,0.9585,0.9978,0.9678,0.0321
9,6,5,9,0.9980,0.9980,1.0000,0.9980,0.0090
9,6,5,10,0.8695,0.8678,0.9976,0.8556,0.0598
9,6,5,11,0.9746,0.9728,0.9958,0.9742,0.0375
9,6,6,0,0.7505,0.8056,0.9738,0.7181,0.0833
9,6,6,1,0.9633,0.9667,0.9928,0.9601,0.0327
9,6,6,2,0.9905,0.9894,0.9997,0.9907,0.0248
9,6,6,3,0.8478,0.8670,0.9998,0.8312,0.0710
9,6,6,4,0.9543,0.9500,0.9947,0.9529,0.0497
9,6,6,5,0.9757,0.9743,0.9977,0.9761,0.0395
9,6,6,6,0.9751,0.9659,0.9987,0.9743,0.0348
9,6,6,7,0.8944,0.8929,0.9971,0.8839,0.0573
9,6,6,8,0.9010,0.8902,0.9996,0.8916,0.0571
9,6,6,9,0.9999,0.9999,1.0000,0.9999,0.0002
9,6,6,10,0.9983,0.9983,0.9999,0.9983,0.0089
9,6,6,11,0.9501,0.9209,0.9925,0.9471,0.0456
9,6,7,0,0.9546,0.9258,0.9987,0.9507,0.0375
9,6,7,1,0.9976,0.9958,1.0000,0.9975,0.0084
9,6,7,2,1.0000,1.0000,1.0000,1.0000,0.0005
9,6,7,3,0.9450,0.9515,0.9982,0.9418,0.0492
9,6,7,4,0.9787,0.9750,0.9966,0.9771,0.0256
9,6,7,5,0.9829,0.9811,0.9959,0.9835,0.0349
9,6,7,6,0.9931,0.9912,0.9998,0.9931,0.0198
9,6,7,7,0.9997,0.9997,1.0000,0.9996,0.0021
9,6,7,8,0.9098,0.8671,0.9999,0.9002,0.0408
9,6,7,9,0.9856,0.9809,0.9968,0.9855,0.0281
9,6,7,10,0.9999,0.9999,1.0000,0.9999,0.0005
9,6,7,11,0.9999,0.9999,1.0000,0.9999,0.0011
9,6,8,0,0.9904,0.9867,0.9971,0.9903,0.0225
9,6,8,1,0.9998,0.9998,1.0000,0.9998,0.0006
9,6,8,2,0.9488,0.9489,0.9984,0.9462,0.0490
9,6,8,3,0.9748,0.9581,0.9984,0.9724,0.0225
9,6,8,4,0.9290,0.8929,0.9946,0.9236,0.0529
9,6,8,5,0.8634,0.8347,0.9720,0.8525,0.0775
9,6,8,6,0.9815,0.9872,0.9999,0.9798,0.0189
9,6,8,7,0.9654,0.9438,0.9960,0.9629,0.0349
9,6,8,8,0.7702,0.7833,0.9980,0.7397,0.0568
9,6,8,9,0.9859,0.9826,1.0000,0.9855,0.0252
9,6,8,10,0.9635,0.9630,0.9991,0.9635,0.0468
9,6,8,11,0.9797,0.9814,1.0000,0.9787,0.0286
9,6,9,0,0.9810,0.9722,0.9996,0.9800,0.0271
9,6,9,1,0.9998,0.9999,1.0000,0.9998,0.0016
9,6,9,2,0.9994,0.9992,1.0000,0.9994,0.0029
9,6,9,3,0.9058,0.8896,0.9963,0.8968,0.0537
9,6,9,4,0.9980,0.9987,1.0000,0.9978,0.0041
9,6,9,5,0.9911,0.9892,1.0000,0.9909,0.0202
9,6,9,6,1.0000,1.0000,1.0000,1.0000,0.0000
9,6,9,7,0.9761,0.9769,0.9997,0.9746,0.0292
9,6,9,8,0.9964,0.9973,1.0000,0.9963,0.0102
9,6,9,9,1.0000,1.0000,1.0000,1.0000,0.0003
9,6,9,10,0.8905,0.8409,0.9994,0.8792,0.0570
9,6,9,11,0.9999,0.9999,1.0000,0.9999,0.0010
9,6,10,0,0.9959,0.9948,1.0000,0.9958,0.0121
9,6,10,1,0.9999,0.9999,1.0000,0.9999,0.0010
9,6,10,2,0.9995,0.9995,1.0000,0.9995,0.0029
9,6,10,3,0.9958,0.9947,1.0000,0.9956,0.0114
9,6,10,4,0.9886,0.9881,0.9990,0.9884,0.0237
9,6,10,5,0.9199,0.8930,0.9999,0.9111,0.0403
9,6,10,6,0.9998,0.9998,1.0000,0.9998,0.0016
9,6,10,7,0.9969,0.9961,0.9999,0.9970,0.0140
9,6,10,8,0.9998,0.9997,0.9999,0.9998,0.0024
9,6,10,9,0.8884,0.8124,0.9903,0.8750,0.0290
9,6,10,10,0.9999,0.9999,1.0000,0.9999,0.0005
9,6,10,11,0.9696,0.9536,0.9958,0.9663,0.0200
9,6,11,0,0.6239,0.6261,0.9864,0.5660,0.1022
9,6,11,1,0.9926,0.9917,0.9995,0.9925,0.0195
9,6,11,2,0.9991,0.9992,0.9996,0.9991,0.0056
9,6,11,3,0.8798,0.8821,0.9971,0.8682,0.0640
9,6,11,4,0.9903,0.9888,0.9982,0.9910,0.0297
9,6,11,5,0.9969,0.9978,1.0000,0.9967,0.0092
9,6,11,6,0.9999,0.9999,0.9999,0.9999,0.0013
9,6,11,7,0.9929,0.9905,0.9979,0.9928,0.0187
9,6,11,8,0.1533,0.4577,0.9956,0.0031,0.0835
9,6,11,9,0.9998,0.9998,0.9999,0.9998,0.0021
9,6,11,10,0.9450,0.9379,0.9941,0.9431,0.0537
9,6,11,11,0.9390,0.9199,0.9973,0.9350,0.0514
9,7,0,0,0.8696,0.8468,0.9464,0.8523,0.0667
9,7,0,1,0.1430,0.2109,0.9304,0.0270,0.0279
9,7,0,2,0.8057,0.8073,0.9893,0.7705,0.0605
9,7,0,3,0.2562,0.2735,0.9202,0.1397,0.0086
9,7,0,4,0.5002,0.4760,0.9935,0.3993,0.0441
9,7,0,5,0.2830,0.2849,0.8916,0.1671,0.0103
9,7,0,6,0.8107,0.7948,0.9645,0.7781,0.0676
9,7,0,7,0.6389,0.6392,0.9767,0.5628,0.0686
9,7,0,8,0.6479,0.6969,0.9939,0.5757,0.0563
9,7,0,9,0.8492,0.8398,0.9543,0.8281,0.0719
9,7,0,10,0.7912,0.7604,0.9762,0.7560,0.0738
9,7,0,11,0.8578,0.8453,0.9513,0.8398,0.0703
9,7,1,0,0.6882,0.6684,0.9974,0.6258,0.0571
9,7,1,1,0.8419,0.8461,0.9875,0.8152,0.0590
9,7,1,2,0.8215,0.8257,0.9978,0.7898,0.0600
9,7,1,3,0.9154,0.8799,0.9667,0.9075,0.0535
9,7,1,4,0.9616,0.9549,0.9836,0.9583,0.0400
9,7,1,5,0.8518,0.8138,0.9974,0.8261,0.0460
9,7,1,6,0.9372,0.9076,0.9958,0.9268,0.0190
9,7,1,7,0.9659,0.9651,0.9903,0.9623,0.0351
9,7,1,8,0.9499,0.9463,0.9936,0.9437,0.0375
9,7,1,9,0.9805,0.9787,0.9994,0.9777,0.0186
9,7,1,10,0.2518,0.5014,0.9981,0.0784,0.0711
9,7,1,11,0.3951,0.3449,0.9168,0.2906,0.0195
9,7,2,0,0.7994,0.7675,0.9851,0.7626,0.0549
9,7,2,1,0.9869,0.9867,0.9980,0.9848,0.0095
9,7,2,2,0.4619,0.4945,0.9931,0.3618,0.0297
9,7,2,3,0.7240,0.7107,0.9949,0.6694,0.0640
9,7,2,4,0.7588,0.7921,0.9972,0.7140,0.0403
9,7,2,5,0.6477,0.6652,0.9969,0.5787,0.0471
9,7,2,6,0.9600,0.9713,0.9991,0.9536,0.0160
9,7,2,7,0.6805,0.6479,0.9769,0.6142,0.0779
9,7,2,8,0.5367,0.6978,0.9999,0.4463,0.0400
9,7,2,9,0.6453,0.6088,0.9997,0.5756,0.0457
9,7,2,10,0.8569,0.8293,0.9766,0.8360,0.0668
9,7,2,11,0.9841,0.9808,0.9969,0.9820,0.0194
9,7,3,0,0.9777,0.9816,0.9999,0.9758,0.0246
9,7,3,1,0.9577,0.9560,0.9997,0.9511,0.0208
9,7,3,2,0.5954,0.5938,0.9988,0.5123,0.0529
9,7,3,3,0.7976,0.8367,1.0000,0.7617,0.0273
9,7,3,4,0.9822,0.9822,0.9993,0.9807,0.0230
9,7,3,5,0.9827,0.9790,0.9886,0.9807,0.0211
9,7,3,6,0.7688,0.7450,1.0000,0.7250,0.0576
9,7,3,7,0.7132,0.6748,0.9825,0.6595,0.0406
9,7,3,8,0.7881,0.7781,0.9920,0.7489,0.0473
9,7,3,9,0.7189,0.7296,0.9995,0.6665,0.0370
9,7,3,10,0.9657,0.9646,1.0000,0.9602,0.0141
9,7,3,11,0.6695,0.7513,0.9995,0.6058,0.0413
9,7,4,0,0.5726,0.8213,0.9644,0.5037,0.0119
9,7,4,1,0.8654,0.8720,0.9968,0.8421,0.0271
9,7,4,2,0.9834,0.9826,0.9970,0.9812,0.0138
9,7,4,3,0.9089,0.9047,0.9993,0.8936,0.0286
9,7,4,4,0.9879,0.9877,0.9961,0.9860,0.0114
9,7,4,5,0.9134,0.8959,0.9970,0.8990,0.0303
9,7,4,6,0.9582,0.9559,0.9829,0.9531,0.0333
9,7,4,7,0.5929,0.5724,0.9852,0.5156,0.0362
9,7,4,8,0.9854,0.9827,0.9974,0.9830,0.0089
9,7,4,9,0.8028,0.8171,0.9706,0.7667,0.0529
9,7,4,10,0.9871,0.9896,0.9997,0.9858,0.0171
9,7,4,11,0.2687,0.4200,0.8591,0.1717,0.0297
9,7,5,0,0.9790,0.9820,0.9999,0.9765,0.0168
9,7,5,1,0.9755,0.9756,0.9997,0.9741,0.0297
9,7,5,2,0.8711,0.8937,0.9558,0.8489,0.0362
9,7,5,3,0.9361,0.9218,0.9559,0.9266,0.0341
9,7,5,4,0.9100,0.8927,0.9880,0.8963,0.0435
9,7,5,5,0.9792,0.9803,0.9988,0.9771,0.0203
9,7,5,6,0.9458,0.9358,0.9928,0.9369,0.0149
9,7,5,7,0.9544,0.9380,0.9852,0.9469,0.0127
9,7,5,8,0.9634,0.9561,0.9959,0.9575,0.0073
9,7,5,9,0.9838,0.9837,0.9995,0.9822,0.0202
9,7,5,10,0.9352,0.9237,0.9989,0.9249,0.0306
9,7,5,11,0.9818,0.9815,0.9933,0.9790,0.0098
9,7,6,0,0.7875,0.8384,0.9680,0.7480,0.0541
9,7,6,1,0.9696,0.9675,0.9897,0.9647,0.0086
9,7,6,2,0.9889,0.9903,0.9987,0.9872,0.0121
9,7,6,3,0.9132,0.9273,0.9990,0.8993,0.0417
9,7,6,4,0.9726,0.9738,0.9919,0.9688,0.0211
9,7,6,5,0.9882,0.9856,0.9957,0.9866,0.0157
9,7,6,6,0.9688,0.9726,0.9971,0.9638,0.0081
9,7,6,7,0.9350,0.9470,0.9987,0.9245,0.0281
9,7,6,8,0.9373,0.9322,0.9985,0.9272,0.0279
9,7,6,9,0.9760,0.9764,0.9997,0.9745,0.0294
9,7,6,10,0.9813,0.9840,0.9993,0.9793,0.0206
9,7,6,11,0.9538,0.9484,0.9893,0.9463,0.0163
9,7,7,0,0.9330,0.9304,0.9971,0.9221,0.0111
9,7,7,1,0.9779,0.9824,0.9998,0.9756,0.0211
9,7,7,2,0.9759,0.9760,0.9997,0.9745,0.0297
9,7,7,3,0.9747,0.9768,0.9964,0.9711,0.0213
9,7,7,4,0.9722,0.9725,0.9943,0.9679,0.0056
9,7,7,5,0.9820,0.9825,0.9934,0.9792,0.0130
9,7,7,6,0.9842,0.9911,0.9991,0.9819,0.0100
9,7,7,7,0.9794,0.9798,0.9995,0.9779,0.0271
9,7,7,8,0.9179,0.9030,0.9999,0.9041,0.0122
9,7,7,9,0.9801,0.9889,0.9946,0.9769,0.0090
9,7,7,10,0.9756,0.9762,0.9997,0.9741,0.0297
9,7,7,11,0.9777,0.9779,0.9996,0.9762,0.0284
9,7,8,0,0.9716,0.9751,0.9949,0.9672,0.0102
9,7,8,1,0.9775,0.9770,0.9997,0.9761,0.0286
9,7,8,2,0.9731,0.9741,0.9968,0.9692,0.0211
9,7,8,3,0.9877,0.9853,0.9995,0.9860,0.0137
9,7,8,4,0.9129,0.9135,0.9919,0.8982,0.0237
9,7,8,5,0.8942,0.8853,0.9661,0.8779,0.0483
9,7,8,6,0.9820,0.9810,0.9992,0.9796,0.0129
9,7,8,7,0.9417,0.9427,0.9935,0.9322,0.0073
9,7,8,8,0.8453,0.8506,0.9992,0.8181,0.0276
9,7,8,9,0.9824,0.9855,0.9996,0.9797,0.0052
9,7,8,10,0.9841,0.9860,0.9978,0.9823,0.0176
9,7,8,11,0.9933,0.9933,0.9996,0.9922,0.0035
9,7,9,0,0.9815,0.9821,1.0000,0.9786,0.0084
9,7,9,1,0.9787,0.9785,0.9997,0.9772,0.0276
9,7,9,2,0.9798,0.9814,0.9997,0.9783,0.0263
9,7,9,3,0.9130,0.9118,0.9940,0.8984,0.0244
9,7,9,4,0.9827,0.9819,0.9996,0.9815,0.0251
9,7,9,5,0.9908,0.9918,0.9997,0.9895,0.0100
9,7,9,6,0.9761,0.9769,0.9997,0.9746,0.0292
9,7,9,7,1.0000,1.0000,1.0000,1.0000,0.0000
9,7,9,8,0.9861,0.9849,0.9997,0.9848,0.0190
9,7,9,9,0.9763,0.9764,0.9997,0.9749,0.0295
9,7,9,10,0.9084,0.8896,0.9983,0.8929,0.0278
9,7,9,11,0.9777,0.9779,0.9997,0.9762,0.0286
9,7,10,0,0.9825,0.9869,0.9996,0.9805,0.0178
9,7,10,1,0.9773,0.9780,0.9995,0.9757,0.0283
9,7,10,2,0.9782,0.9808,0.9996,0.9764,0.0263
9,7,10,3,0.9801,0.9857,0.9998,0.9777,0.0181
9,7,10,4,0.9846,0.9872,0.9977,0.9823,0.0084
9,7,10,5,0.9270,0.9297,0.9993,0.9151,0.0156
9,7,10,6,0.9779,0.9783,0.9995,0.9763,0.0276
9,7,10,7,0.9846,0.9864,0.9993,0.9826,0.0162
9,7,10,8,0.9770,0.9785,0.9994,0.9752,0.0268
9,7,10,9,0.8874,0.8496,0.9933,0.8692,0.0071
9,7,10,10,0.9765,0.9765,0.9996,0.9750,0.0290
9,7,10,11,0.9356,0.9277,0.9934,0.9264,0.0175
9,7,11,0,0.7174,0.7006,0.9822,0.6611,0.0730
9,7,11,1,0.9861,0.9858,0.9984,0.9841,0.0119
9,7,11,2,0.9795,0.9791,0.9987,0.9776,0.0243
9,7,11,3,0.9078,0.9257,0.9950,0.8926,0.0348
9,7,11,4,0.9844,0.9853,0.9964,0.9819,0.0154
9,7,11,5,0.9837,0.9849,0.9995,0.9821,0.0203
9,7,11,6,0.9780,0.9777,0.9993,0.9764,0.0279
9,7,11,7,0.9832,0.9822,0.9960,0.9809,0.0117
9,7,11,8,0.2252,0.5306,0.9975,0.0607,0.0543
9,7,11,9,0.9785,0.9787,0.9994,0.9770,0.0271
9,7,11,10,0.9539,0.9610,0.9911,0.9470,0.0244
9,7,11,11,0.9371,0.9508,0.9953,0.9268,0.0222
9,8,0,0,0.8328,0.8242,0.9543,0.8163,0.0857
9,8,0,1,0.1372,0.1787,0.9209,0.0319,0.0089
9,8,0,2,0.7635,0.7634,0.9927,0.7283,0.0795
9,8,0,3,0.2378,0.2359,0.9099,0.1303,0.0203
9,8,0,4,0.4608,0.4292,0.9903,0.3647,0.0632
9,8,0,5,0.2643,0.2466,0.8799,0.1575,0.0252
9,8,0,6,0.7602,0.7518,0.9709,0.7261,0.0867
9,8,0,7,0.5930,0.5883,0.9818,0.5192,0.0876
9,8,0,8,0.6169,0.6457,0.9964,0.5498,0.0754
9,8,0,9,0.8092,0.8121,0.9615,0.7887,0.0910
9,8,0,10,0.7510,0.7275,0.9814,0.7174,0.0929
9,8,0,11,0.8264,0.8173,0.9588,0.8111,0.0894
9,8,1,0,0.6489,0.6158,0.9989,0.5890,0.0762
9,8,1,1,0.8155,0.8095,0.9912,0.7915,0.0781
9,8,1,2,0.7894,0.7885,0.9991,0.7595,0.0790
9,8,1,3,0.9036,0.8713,0.9728,0.9009,0.0725
9,8,1,4,0.9468,0.9430,0.9879,0.9456,0.0556
9,8,1,5,0.8328,0.7797,0.9989,0.8105,0.0651
9,8,1,6,0.9013,0.8542,0.9932,0.8884,0.0365
9,8,1,7,0.9486,0.9480,0.9935,0.9460,0.0513
9,8,1,8,0.9327,0.9296,0.9961,0.9281,0.0556
9,8,1,9,0.9757,0.9754,1.0000,0.9744,0.0335
9,8,1,10,0.1970,0.4628,0.9993,0.0302,0.0902
9,8,1,11,0.3799,0.3078,0.9064,0.2841,0.0373
9,8,2,0,0.7681,0.7215,0.9891,0.7335,0.0740
9,8,2,1,0.9938,0.9935,0.9993,0.9934,0.0137
9,8,2,2,0.4243,0.4337,0.9898,0.3291,0.0487
9,8,2,3,0.6857,0.6670,0.9971,0.6336,0.0830
9,8,2,4,0.7409,0.7608,0.9988,0.7005,0.0594
9,8,2,5,0.6122,0.6095,0.9986,0.5464,0.0662
9,8,2,6,0.9588,0.9632,0.9999,0.9548,0.0351
9,8,2,7,0.6290,0.6092,0.9820,0.5633,0.0970
9,8,2,8,0.5024,0.6547,0.9999,0.4170,0.0590
9,8,2,9,0.5744,0.5453,0.9989,0.5011,0.0648
9,8,2,10,0.8165,0.7950,0.9818,0.7957,0.0859
9,8,2,11,0.9841,0.9810,0.9986,0.9845,0.0337
9,8,3,0,0.9953,0.9969,0.9999,0.9948,0.0056
9,8,3,1,0.9557,0.9471,1.0000,0.9518,0.0395
9,8,3,2,0.5582,0.5449,0.9997,0.4794,0.0719
9,8,3,3,0.8039,0.8146,0.9996,0.7749,0.0454
9,8,3,4,0.9984,0.9989,0.9999,0.9982,0.0043
9,8,3,5,0.9601,0.9569,0.9921,0.9572,0.0398
9,8,3,6,0.7270,0.7014,0.9997,0.6838,0.0767
9,8,3,7,0.6792,0.6277,0.9775,0.6276,0.0597
9,8,3,8,0.7696,0.7308,0.9949,0.7345,0.0663
9,8,3,9,0.7037,0.7023,1.0000,0.6565,0.0560
9,8,3,10,0.9717,0.9577,0.9996,0.9697,0.0332
9,8,3,11,0.6391,0.7178,1.0000,0.5791,0.0603
9,8,4,0,0.5752,0.7951,0.9574,0.5140,0.0259
9,8,4,1,0.8621,0.8470,0.9985,0.8429,0.0462
9,8,4,2,0.9967,0.9966,0.9986,0.9963,0.0071
9,8,4,3,0.8926,0.8815,0.9999,0.8789,0.0476
9,8,4,4,0.9944,0.9934,0.9980,0.9941,0.0146
9,8,4,5,0.9102,0.8735,0.9986,0.8995,0.0494
9,8,4,6,0.9418,0.9381,0.9872,0.9381,0.0524
9,8,4,7,0.5642,0.5255,0.9805,0.4918,0.0552
9,8,4,8,0.9829,0.9800,0.9989,0.9814,0.0216
9,8,4,9,0.7528,0.7786,0.9763,0.7148,0.0719
9,8,4,10,0.9968,0.9963,1.0000,0.9964,0.0029
9,8,4,11,0.2330,0.3637,0.8459,0.1410,0.0106
9,8,5,0,0.9919,0.9960,0.9999,0.9908,0.0054
9,8,5,1,0.9962,0.9969,1.0000,0.9960,0.0106
9,8,5,2,0.8497,0.8823,0.9630,0.8294,0.0552
9,8,5,3,0.9232,0.9034,0.9630,0.9160,0.0532
9,8,5,4,0.8945,0.8771,0.9916,0.8836,0.0625
9,8,5,5,0.9958,0.9954,0.9997,0.9952,0.0032
9,8,5,6,0.9512,0.9328,0.9955,0.9453,0.0305
9,8,5,7,0.9603,0.9407,0.9892,0.9560,0.0308
9,8,5,8,0.9721,0.9622,0.9978,0.9690,0.0219
9,8,5,9,0.9979,0.9988,1.0000,0.9976,0.0027
9,8,5,10,0.8948,0.8866,0.9975,0.8816,0.0497
9,8,5,11,0.9852,0.9816,0.9959,0.9847,0.0273
9,8,6,0,0.7619,0.8173,0.9741,0.7258,0.0732
9,8,6,1,0.9732,0.9729,0.9930,0.9701,0.0225
9,8,6,2,0.9941,0.9939,0.9997,0.9938,0.0152
9,8,6,3,0.8796,0.8922,0.9998,0.8646,0.0608
9,8,6,4,0.9614,0.9604,0.9948,0.9586,0.0395
9,8,6,5,0.9858,0.9832,0.9978,0.9858,0.0294
9,8,6,6,0.9805,0.9727,0.9987,0.9789,0.0246
9,8,6,7,0.9124,0.9106,0.9970,0.9018,0.0471
9,8,6,8,0.9194,0.9087,0.9996,0.9099,0.0470
9,8,6,9,0.9964,0.9971,1.0000,0.9962,0.0103
9,8,6,10,0.9984,0.9989,0.9999,0.9982,0.0029
9,8,6,11,0.9542,0.9319,0.9927,0.9496,0.0354
9,8,7,0,0.9507,0.9317,0.9987,0.9445,0.0273
9,8,7,1,0.9957,0.9962,1.0000,0.9951,0.0040
9,8,7,2,0.9963,0.9970,1.0000,0.9962,0.0106
9,8,7,3,0.9630,0.9653,0.9983,0.9602,0.0390
9,8,7,4,0.9814,0.9797,0.9967,0.9792,0.0157
9,8,7,5,0.9877,0.9875,0.9960,0.9873,0.0248
9,8,7,6,0.9951,0.9956,0.9999,0.9947,0.0103
9,8,7,7,0.9976,0.9983,1.0000,0.9974,0.0081
9,8,7,8,0.9189,0.8810,0.9999,0.9083,0.0306
9,8,7,9,0.9884,0.9885,0.9969,0.9875,0.0179
9,8,7,10,0.9963,0.9970,1.0000,0.9961,0.0106
9,8,7,11,0.9971,0.9977,1.0000,0.9969,0.0094
9,8,8,0,0.9904,0.9881,0.9972,0.9894,0.0124
9,8,8,1,0.9970,0.9976,1.0000,0.9969,0.0095
9,8,8,2,0.9648,0.9632,0.9985,0.9623,0.0389
9,8,8,3,0.9785,0.9632,0.9983,0.9758,0.0124
9,8,8,4,0.9316,0.9025,0.9948,0.9239,0.0427
9,8,8,5,0.8787,0.8551,0.9723,0.8659,0.0673
9,8,8,6,0.9891,0.9921,0.9999,0.9877,0.0087
9,8,8,7,0.9609,0.9481,0.9961,0.9561,0.0248
9,8,8,8,0.8039,0.8108,0.9979,0.7748,0.0467
9,8,8,9,0.9905,0.9876,1.0000,0.9896,0.0151
9,8,8,10,0.9747,0.9739,0.9991,0.9741,0.0367
9,8,8,11,0.9878,0.9886,1.0000,0.9868,0.0184
9,8,9,0,0.9837,0.9778,0.9996,0.9819,0.0170
9,8,9,1,0.9976,0.9980,1.0000,0.9974,0.0086
9,8,9,2,0.9976,0.9982,1.0000,0.9974,0.0073
9,8,9,3,0.9167,0.9043,0.9964,0.9066,0.0435
9,8,9,4,0.9974,0.9980,1.0000,0.9972,0.0063
9,8,9,5,0.9942,0.9934,1.0000,0.9936,0.0100
9,8,9,6,0.9964,0.9973,1.0000,0.9963,0.0102
9,8,9,7,0.9861,0.9849,0.9997,0.9848,0.0190
9,8,9,8,1.0000,1.0000,1.0000,1.0000,0.0000
9,8,9,9,0.9965,0.9972,1.0000,0.9963,0.0105
9,8,9,10,0.9024,0.8601,0.9994,0.8900,0.0468
9,8,9,11,0.9969,0.9977,1.0000,0.9967,0.0095
9,8,10,0,0.9965,0.9964,1.0000,0.9960,0.0038
9,8,10,1,0.9970,0.9976,1.0000,0.9968,0.0092
9,8,10,2,0.9973,0.9983,1.0000,0.9970,0.0073
9,8,10,3,0.9953,0.9967,1.0000,0.9947,0.0025
9,8,10,4,0.9935,0.9941,0.9991,0.9930,0.0135
9,8,10,5,0.9229,0.9072,0.9999,0.9125,0.0305
9,8,10,6,0.9970,0.9976,1.0000,0.9967,0.0086
9,8,10,7,0.9976,0.9983,0.9999,0.9973,0.0054
9,8,10,8,0.9966,0.9979,1.0000,0.9963,0.0081
9,8,10,9,0.8893,0.8265,0.9901,0.8739,0.0189
9,8,10,10,0.9966,0.9973,1.0000,0.9964,0.0100
9,8,10,11,0.9620,0.9495,0.9960,0.9570,0.0114
9,8,11,0,0.6613,0.6535,0.9866,0.6038,0.0921
9,8,11,1,0.9943,0.9939,0.9995,0.9937,0.0100
9,8,11,2,0.9976,0.9979,0.9997,0.9973,0.0059
9,8,11,3,0.9004,0.9016,0.9972,0.8888,0.0538
9,8,11,4,0.9928,0.9921,0.9983,0.9927,0.0195
9,8,11,5,0.9983,0.9990,1.0000,0.9981,0.0032
9,8,11,6,0.9970,0.9976,0.9999,0.9967,0.0089
9,8,11,7,0.9931,0.9910,0.9980,0.9923,0.0086
9,8,11,8,0.1891,0.4871,0.9954,0.0349,0.0733
9,8,11,9,0.9976,0.9981,1.0000,0.9975,0.0081
9,8,11,10,0.9585,0.9511,0.9942,0.9560,0.0435
9,8,11,11,0.9456,0.9326,0.9974,0.9401,0.0413
9,9,0,0,0.8097,0.8078,0.9537,0.7947,0.0962
9,9,0,1,0.1081,0.1528,0.9216,0.0066,0.0016
9,9,0,2,0.7245,0.7302,0.9924,0.6879,0.0900
9,9,0,3,0.2047,0.2066,0.9108,0.1004,0.0308
9,9,0,4,0.4238,0.3960,0.9906,0.3292,0.0737
9,9,0,5,0.2380,0.2180,0.8808,0.1351,0.0357
9,9,0,6,0.7350,0.7298,0.9704,0.7025,0.0971
9,9,0,7,0.5483,0.5541,0.9814,0.4733,0.0981
9,9,0,8,0.5693,0.6095,0.9962,0.5002,0.0859
9,9,0,9,0.7782,0.7918,0.9610,0.7578,0.1014
9,9,0,10,0.7205,0.7036,0.9810,0.6877,0.1033
9,9,0,11,0.7944,0.7941,0.9582,0.7786,0.0998
9,9,1,0,0.6165,0.5840,0.9988,0.5575,0.0867
9,9,1,1,0.7859,0.7816,0.9909,0.7619,0.0886
9,9,1,2,0.7528,0.7581,0.9991,0.7216,0.0895
9,9,1,3,0.8899,0.8614,0.9724,0.8900,0.0830
9,9,1,4,0.9301,0.9287,0.9876,0.9296,0.0660
9,9,1,5,0.8067,0.7520,0.9988,0.7846,0.0756
9,9,1,6,0.8895,0.8385,0.9934,0.8777,0.0470
9,9,1,7,0.9307,0.9327,0.9933,0.9284,0.0617
9,9,1,8,0.9128,0.9125,0.9960,0.9084,0.0660
9,9,1,9,0.9637,0.9646,0.9999,0.9627,0.0440
9,9,1,10,0.1662,0.4399,0.9993,0.0049,0.1006
9,9,1,11,0.3581,0.2789,0.9072,0.2663,0.0478
9,9,2,0,0.7377,0.6911,0.9888,0.7033,0.0844
9,9,2,1,0.9887,0.9879,0.9992,0.9886,0.0241
9,9,2,2,0.3871,0.3987,0.9901,0.2934,0.0592
9,9,2,3,0.6574,0.6422,0.9970,0.6069,0.0935
9,9,2,4,0.7148,0.7314,0.9987,0.6751,0.0698
9,9,2,5,0.5690,0.5695,0.9985,0.5023,0.0767
9,9,2,6,0.9426,0.9483,0.9998,0.9383,0.0456
9,9,2,7,0.5919,0.5824,0.9816,0.5265,0.1075
9,9,2,8,0.4737,0.6298,0.9999,0.3907,0.0695
9,9,2,9,0.5341,0.5110,0.9990,0.4607,0.0752
9,9,2,10,0.7893,0.7697,0.9814,0.7691,0.0963
9,9,2,11,0.9766,0.9733,0.9984,0.9781,0.0441
9,9,3,0,0.9989,0.9980,0.9999,0.9988,0.0049
9,9,3,1,0.9451,0.9342,1.0000,0.9421,0.0500
9,9,3,2,0.5308,0.5198,0.9997,0.4545,0.0824
9,9,3,3,0.7917,0.7950,0.9996,0.7648,0.0559
9,9,3,4,0.9985,0.9988,0.9999,0.9984,0.0065
9,9,3,5,0.9479,0.9457,0.9919,0.9456,0.0503
9,9,3,6,0.6960,0.6725,0.9997,0.6532,0.0871
9,9,3,7,0.6475,0.5980,0.9779,0.5962,0.0702
9,9,3,8,0.7387,0.7008,0.9947,0.7034,0.0768
9,9,3,9,0.6870,0.6800,1.0000,0.6426,0.0665
9,9,3,10,0.9631,0.9452,0.9996,0.9619,0.0437
9,9,3,11,0.6125,0.6916,1.0000,0.5543,0.0708
9,9,4,0,0.5633,0.7801,0.9580,0.5053,0.0363
9,9,4,1,0.8494,0.8218,0.9984,0.8315,0.0567
9,9,4,2,0.9961,0.9955,0.9985,0.9963,0.0170
9,9,4,3,0.8714,0.8625,0.9999,0.8578,0.0581
9,9,4,4,0.9915,0.9896,0.9979,0.9918,0.0248
9,9,4,5,0.9015,0.8580,0.9985,0.8926,0.0598
9,9,4,6,0.9215,0.9208,0.9869,0.9177,0.0629
9,9,4,7,0.5222,0.4878,0.9809,0.4493,0.0657
9,9,4,8,0.9749,0.9711,0.9988,0.9737,0.0321
9,9,4,9,0.7257,0.7616,0.9759,0.6887,0.0824
9,9,4,10,0.9954,0.9941,1.0000,0.9952,0.0127
9,9,4,11,0.2023,0.3294,0.8470,0.1130,0.0002
9,9,5,0,0.9912,0.9933,0.9999,0.9905,0.0130
9,9,5,1,1.0000,1.0000,1.0000,1.0000,0.0002
9,9,5,2,0.8316,0.8710,0.9624,0.8126,0.0657
9,9,5,3,0.9127,0.8904,0.9625,0.9073,0.0637
9,9,5,4,0.8716,0.8584,0.9913,0.8609,0.0730
9,9,5,5,0.9973,0.9962,0.9996,0.9972,0.0092
9,9,5,6,0.9485,0.9253,0.9953,0.9442,0.0410
9,9,5,7,0.9565,0.9356,0.9889,0.9537,0.0413
9,9,5,8,0.9698,0.9581,0.9977,0.9677,0.0324
9,9,5,9,0.9979,0.9979,1.0000,0.9979,0.0094
9,9,5,10,0.8692,0.8668,0.9976,0.8554,0.0602
9,9,5,11,0.9747,0.9722,0.9957,0.9744,0.0378
9,9,6,0,0.7498,0.8047,0.9736,0.7174,0.0837
9,9,6,1,0.9633,0.9667,0.9928,0.9601,0.0330
9,9,6,2,0.9904,0.9890,0.9996,0.9907,0.0251
9,9,6,3,0.8474,0.8665,0.9998,0.8308,0.0713
9,9,6,4,0.9546,0.9496,0.9946,0.9533,0.0500
9,9,6,5,0.9755,0.9737,0.9976,0.9760,0.0398
9,9,6,6,0.9749,0.9656,0.9986,0.9741,0.0351
9,9,6,7,0.8935,0.8912,0.9972,0.8829,0.0576
9,9,6,8,0.9007,0.8892,0.9995,0.8912,0.0575
9,9,6,9,0.9999,0.9999,1.0000,0.9999,0.0002
9,9,6,10,0.9982,0.9981,0.9999,0.9983,0.0092
9,9,6,11,0.9496,0.9202,0.9925,0.9466,0.0459
9,9,7,0,0.9539,0.9252,0.9986,0.9499,0.0378
9,9,7,1,0.9973,0.9953,1.0000,0.9972,0.0087
9,9,7,2,1.0000,1.0000,1.0000,1.0000,0.0002
9,9,7,3,0.9444,0.9503,0.9981,0.9412,0.0495
9,9,7,4,0.9782,0.9743,0.9965,0.9767,0.0259
9,9,7,5,0.9824,0.9804,0.9958,0.9829,0.0352
9,9,7,6,0.9927,0.9907,0.9998,0.9927,0.0202
9,9,7,7,0.9997,0.9997,1.0000,0.9996,0.0024
9,9,7,8,0.9082,0.8641,0.9999,0.8984,0.0411
9,9,7,9,0.9850,0.9806,0.9968,0.9849,0.0284
9,9,7,10,1.0000,1.0000,1.0000,1.0000,0.0002
9,9,7,11,0.9999,0.9999,1.0000,0.9999,0.0011
9,9,8,0,0.9902,0.9868,0.9970,0.9902,0.0229
9,9,8,1,0.9999,0.9999,1.0000,0.9999,0.0010
9,9,8,2,0.9483,0.9480,0.9984,0.9456,0.0494
9,9,8,3,0.9751,0.9574,0.9985,0.9728,0.0229
9,9,8,4,0.9281,0.8916,0.9946,0.9227,0.0532
9,9,8,5,0.8626,0.8336,0.9718,0.8516,0.0778
9,9,8,6,0.9816,0.9873,0.9998,0.9799,0.0192
9,9,8,7,0.9648,0.9431,0.9959,0.9623,0.0352
9,9,8,8,0.7702,0.7838,0.9980,0.7398,0.0571
9,9,8,9,0.9854,0.9816,1.0000,0.9850,0.0256
9,9,8,10,0.9631,0.9623,0.9990,0.9630,0.0471
9,9,8,11,0.9798,0.9813,1.0000,0.9789,0.0289
9,9,9,0,0.9810,0.9722,0.9996,0.9800,0.0275
9,9,9,1,0.9998,0.9999,1.0000,0.9998,0.0019
9,9,9,2,0.9994,0.9992,1.0000,0.9994,0.0032
9,9,9,3,0.9057,0.8896,0.9962,0.8968,0.0540
9,9,9,4,0.9982,0.9986,1.0000,0.9980,0.0044
9,9,9,5,0.9912,0.9889,1.0000,0.9910,0.0205
9,9,9,6,1.0000,1.0000,1.0000,1.0000,0.0003
9,9,9,7,0.9763,0.9764,0.9997,0.9749,0.0295
9,9,9,8,0.9965,0.9972,1.0000,0.9963,0.0105
9,9,9,9,1.0000,1.0000,1.0000,1.0000,0.0000
9,9,9,10,0.8899,0.8394,0.9994,0.8787,0.0573
9,9,9,11,0.9999,0.9999,1.0000,0.9999,0.0010
9,9,10,0,0.9959,0.9948,1.0000,0.9958,0.0124
9,9,10,1,0.9999,0.9998,1.0000,0.9999,0.0013
9,9,10,2,0.9994,0.9993,1.0000,0.9994,0.0032
9,9,10,3,0.9954,0.9943,1.0000,0.9952,0.0117
9,9,10,4,0.9883,0.9880,0.9990,0.9881,0.0240
9,9,10,5,0.9191,0.8916,0.9999,0.9101,0.0406
9,9,10,6,0.9998,0.9998,1.0000,0.9998,0.0019
9,9,10,7,0.9967,0.9959,0.9999,0.9969,0.0143
9,9,10,8,0.9997,0.9997,0.9999,0.9997,0.0027
9,9,10,9,0.8867,0.8096,0.9904,0.8732,0.0294
9,9,10,10,0.9999,1.0000,1.0000,0.9999,0.0005
9,9,10,11,0.9694,0.9536,0.9958,0.9661,0.0203
9,9,11,0,0.6234,0.6246,0.9863,0.5656,0.1025
9,9,11,1,0.9923,0.9911,0.9995,0.9922,0.0198
9,9,11,2,0.9991,0.9991,0.9996,0.9992,0.0059
9,9,11,3,0.8795,0.8818,0.9970,0.8680,0.0643
9,9,11,4,0.9901,0.9885,0.9981,0.9908,0.0300
9,9,11,5,0.9970,0.9976,1.0000,0.9969,0.0095
9,9,11,6,0.9999,0.9999,0.9999,0.9999,0.0016
9,9,11,7,0.9928,0.9899,0.9978,0.9927,0.0190
9,9,11,8,0.1531,0.4561,0.9956,0.0032,0.0838
9,9,11,9,0.9998,0.9998,0.9999,0.9998,0.0024
9,9,11,10,0.9447,0.9367,0.9940,0.9429,0.0540
9,9,11,11,0.9383,0.9188,0.9973,0.9344,0.0517
9,10,0,0,0.8791,0.8897,0.9638,0.8529,0.0433
9,10,0,1,0.2446,0.3528,0.9072,0.1289,0.0557
9,10,0,2,0.8474,0.8960,0.9962,0.8119,0.0368
9,10,0,3,0.3631,0.4308,0.8955,0.2496,0.0281
9,10,0,4,0.5805,0.6422,0.9851,0.4817,0.0217
9,10,0,5,0.3783,0.4355,0.8634,0.2639,0.0216
9,10,0,6,0.8294,0.8771,0.9784,0.7891,0.0430
9,10,0,7,0.7716,0.8071,0.9876,0.7152,0.0433
9,10,0,8,0.7420,0.8203,0.9987,0.6790,0.0321
9,10,0,9,0.8758,0.8926,0.9702,0.8496,0.0502
9,10,0,10,0.8331,0.8417,0.9873,0.7951,0.0508
9,10,0,11,0.8803,0.8989,0.9678,0.8559,0.0479
9,10,1,0,0.8371,0.8516,0.9999,0.7990,0.0341
9,10,1,1,0.8974,0.9250,0.9951,0.8748,0.0344
9,10,1,2,0.8720,0.8914,1.0000,0.8427,0.0370
9,10,1,3,0.9046,0.8662,0.9801,0.8845,0.0337
9,10,1,4,0.9367,0.9354,0.9925,0.9229,0.0284
9,10,1,5,0.8967,0.8853,0.9999,0.8736,0.0208
9,10,1,6,0.9035,0.8886,0.9887,0.8838,0.0183
9,10,1,7,0.9304,0.9306,0.9968,0.9153,0.0244
9,10,1,8,0.9380,0.9322,0.9985,0.9245,0.0202
9,10,1,9,0.9291,0.9076,0.9997,0.9150,0.0216
9,10,1,10,0.3560,0.5882,1.0000,0.1842,0.0478
9,10,1,11,0.4876,0.4913,0.8917,0.3863,0.0140
9,10,2,0,0.8902,0.8964,0.9935,0.8656,0.0300
9,10,2,1,0.9192,0.8870,1.0000,0.9064,0.0341
9,10,2,2,0.6367,0.7141,0.9845,0.5587,0.0102
9,10,2,3,0.8320,0.8259,0.9991,0.7923,0.0413
9,10,2,4,0.8434,0.8808,0.9999,0.8084,0.0144
9,10,2,5,0.7663,0.8034,0.9998,0.7123,0.0210
9,10,2,6,0.9137,0.9218,0.9999,0.8966,0.0168
9,10,2,7,0.7580,0.7534,0.9878,0.6968,0.0533
9,10,2,8,0.7051,0.8389,0.9989,0.6382,0.0157
9,10,2,9,0.7143,0.7445,0.9967,0.6479,0.0198
9,10,2,10,0.8953,0.9018,0.9876,0.8735,0.0435
9,10,2,11,0.9360,0.9071,0.9998,0.9231,0.0278
9,10,3,0,0.8983,0.8556,0.9989,0.8871,0.0524
9,10,3,1,0.9410,0.9256,0.9994,0.9290,0.0117
9,10,3,2,0.7319,0.7603,0.9999,0.6672,0.0279
9,10,3,3,0.8228,0.8971,0.9980,0.7857,0.0135
9,10,3,4,0.8961,0.8535,0.9997,0.8835,0.0508
9,10,3,5,0.9310,0.9238,0.9958,0.9167,0.0184
9,10,3,6,0.8622,0.8574,0.9982,0.8304,0.0321
9,10,3,7,0.7583,0.7701,0.9698,0.7047,0.0183
9,10,3,8,0.8752,0.9096,0.9977,0.8472,0.0205
9,10,3,9,0.8290,0.8392,0.9996,0.7913,0.0149
9,10,3,10,0.9332,0.9171,0.9980,0.9200,0.0181
9,10,3,11,0.8030,0.8621,0.9996,0.7582,0.0163
9,10,4,0,0.6577,0.8494,0.9472,0.5954,0.0229
9,10,4,1,0.9066,0.8937,0.9998,0.8872,0.0089
9,10,4,2,0.9137,0.8694,0.9998,0.9014,0.0406
9,10,4,3,0.8912,0.9015,0.9998,0.8679,0.0113
9,10,4,4,0.9219,0.8898,0.9996,0.9094,0.0344
9,10,4,5,0.9685,0.9598,0.9998,0.9619,0.0089
9,10,4,6,0.9251,0.9302,0.9920,0.9087,0.0176
9,10,4,7,0.7094,0.7287,0.9733,0.6451,0.0138
9,10,4,8,0.9249,0.9130,0.9999,0.9118,0.0275
9,10,4,9,0.8365,0.9116,0.9831,0.7985,0.0273
9,10,4,10,0.9056,0.8728,0.9994,0.8931,0.0446
9,10,4,11,0.4145,0.6412,0.8275,0.3279,0.0575
9,10,5,0,0.8879,0.8584,0.9989,0.8726,0.0443
9,10,5,1,0.8888,0.8376,0.9993,0.8777,0.0575
9,10,5,2,0.8332,0.8966,0.9715,0.7959,0.0157
9,10,5,3,0.9543,0.9434,0.9715,0.9445,0.0111
9,10,5,4,0.9116,0.9145,0.9954,0.8920,0.0173
9,10,5,5,0.9002,0.8607,1.0000,0.8880,0.0481
9,10,5,6,0.9366,0.9213,0.9981,0.9250,0.0176
9,10,5,7,0.9127,0.9047,0.9936,0.8960,0.0195
9,10,5,8,0.8917,0.8862,0.9995,0.8726,0.0256
9,10,5,9,0.8979,0.8586,0.9996,0.8848,0.0479
9,10,5,10,0.8748,0.8730,0.9945,0.8479,0.0070
9,10,5,11,0.9290,0.9154,0.9984,0.9157,0.0224
9,10,6,0,0.8535,0.8998,0.9811,0.8197,0.0283
9,10,6,1,0.8799,0.8914,0.9964,0.8591,0.0252
9,10,6,2,0.9271,0.8869,1.0000,0.9154,0.0344
9,10,6,3,0.8450,0.8858,0.9999,0.8107,0.0156
9,10,6,4,0.9233,0.9185,0.9977,0.9074,0.0187
9,10,6,5,0.9362,0.9122,0.9994,0.9238,0.0254
9,10,6,6,0.9002,0.9085,0.9999,0.8818,0.0263
9,10,6,7,0.8681,0.8883,0.9939,0.8404,0.0098
9,10,6,8,0.9335,0.9267,1.0000,0.9195,0.0075
9,10,6,9,0.8895,0.8404,0.9994,0.8783,0.0571
9,10,6,10,0.8995,0.8591,0.9998,0.8865,0.0481
9,10,6,11,0.9593,0.9529,0.9962,0.9512,0.0168
9,10,7,0,0.9228,0.9176,0.9999,0.9091,0.0202
9,10,7,1,0.9019,0.8608,0.9992,0.8899,0.0486
9,10,7,2,0.8894,0.8385,0.9993,0.8782,0.0575
9,10,7,3,0.9170,0.9132,0.9997,0.9000,0.0163
9,10,7,4,0.9347,0.9037,0.9989,0.9248,0.0314
9,10,7,5,0.9322,0.9002,0.9984,0.9197,0.0275
9,10,7,6,0.9129,0.8833,0.9999,0.8999,0.0375
9,10,7,7,0.8929,0.8479,0.9996,0.8810,0.0549
9,10,7,8,0.8919,0.9016,0.9989,0.8711,0.0194
9,10,7,9,0.9269,0.9021,0.9990,0.9147,0.0295
9,10,7,10,0.8896,0.8396,0.9994,0.8783,0.0575
9,10,7,11,0.8920,0.8432,0.9995,0.8804,0.0562
9,10,8,0,0.8975,0.8827,0.9991,0.8810,0.0363
9,10,8,1,0.8917,0.8412,0.9994,0.8803,0.0563
9,10,8,2,0.9198,0.9195,0.9998,0.9034,0.0162
9,10,8,3,0.9032,0.8806,0.9958,0.8884,0.0354
9,10,8,4,0.9085,0.9246,0.9976,0.8895,0.0095
9,10,8,5,0.9483,0.9411,0.9796,0.9377,0.0240
9,10,8,6,0.8910,0.8621,0.9998,0.8749,0.0381
9,10,8,7,0.9305,0.9062,0.9985,0.9183,0.0237
9,10,8,8,0.7531,0.8357,0.9952,0.7011,0.0084
9,10,8,9,0.9185,0.8912,0.9996,0.9053,0.0317
9,10,8,10,0.9127,0.9084,1.0000,0.8947,0.0178
9,10,8,11,0.8951,0.8876,0.9995,0.8770,0.0284
9,10,9,0,0.9028,0.8868,0.9980,0.8867,0.0305
9,10,9,1,0.8941,0.8448,0.9994,0.8828,0.0554
9,10,9,2,0.8933,0.8495,0.9995,0.8813,0.0541
9,10,9,3,0.8940,0.9034,0.9987,0.8720,0.0100
9,10,9,4,0.8928,0.8506,0.9996,0.8805,0.0529
9,10,9,5,0.9108,0.8816,0.9994,0.8973,0.0371
9,10,9,6,0.8905,0.8409,0.9994,0.8792,0.0570
9,10,9,7,0.9084,0.8896,0.9983,0.8929,0.0278
9,10,9,8,0.9024,0.8601,0.9994,0.8900,0.0468
9,10,9,9,0.8899,0.8394,0.9994,0.8787,0.0573
9,10,9,10,1.0000,1.0000,1.0000,1.0000,0.0000
9,10,9,11,0.8923,0.8425,0.9994,0.8810,0.0563
9,10,10,0,0.8922,0.8621,0.9996,0.8774,0.0449
9,10,10,1,0.8919,0.8446,0.9996,0.8802,0.0560
9,10,10,2,0.8968,0.8504,0.9996,0.8853,0.0541
9,10,10,3,0.9072,0.8688,0.9992,0.8951,0.0456
9,10,10,4,0.9091,0.8869,1.0000,0.8945,0.0333
9,10,10,5,0.9627,0.9500,0.9998,0.9567,0.0205
9,10,10,6,0.8903,0.8444,0.9997,0.8782,0.0554
9,10,10,7,0.9087,0.8675,0.9998,0.8960,0.0430
9,10,10,8,0.8933,0.8471,0.9997,0.8814,0.0546
9,10,10,9,0.8961,0.8701,0.9848,0.8779,0.0305
9,10,10,10,0.8906,0.8406,0.9995,0.8792,0.0568
9,10,10,11,0.8655,0.8479,0.9984,0.8454,0.0389
9,10,11,0,0.7681,0.7808,0.9916,0.7103,0.0481
9,10,11,1,0.9172,0.8772,1.0000,0.9051,0.0390
9,10,11,2,0.8943,0.8490,1.0000,0.8816,0.0514
9,10,11,3,0.8458,0.9108,0.9991,0.8120,0.0137
9,10,11,4,0.9249,0.8827,0.9997,0.9121,0.0333
9,10,11,5,0.8953,0.8593,0.9996,0.8819,0.0478
9,10,11,6,0.8935,0.8440,0.9998,0.8819,0.0557
9,10,11,7,0.9136,0.8733,0.9995,0.9010,0.0389
9,10,11,8,0.3600,0.6089,0.9917,0.2039,0.0284
9,10,11,9,0.8941,0.8469,0.9997,0.8825,0.0549
9,10,11,10,0.9406,0.9409,0.9972,0.9280,0.0132
9,10,11,11,0.9245,0.9447,0.9993,0.9089,0.0113
9,11,0,0,0.8140,0.8106,0.9539,0.7989,0.0952
9,11,0,1,0.1097,0.1559,0.9214,0.0072,0.0010
9,11,0,2,0.7305,0.7352,0.9925,0.6941,0.0890
9,11,0,3,0.2074,0.2101,0.9105,0.1023,0.0298
9,11,0,4,0.4284,0.4002,0.9906,0.3334,0.0727
9,11,0,5,0.2407,0.2212,0.8806,0.1371,0.0348
9,11,0,6,0.7402,0.7336,0.9705,0.7078,0.0962
9,11,0,7,0.5542,0.5602,0.9815,0.4791,0.0971
9,11,0,8,0.5747,0.6153,0.9963,0.5055,0.0849
9,11,0,9,0.7834,0.7958,0.9611,0.7630,0.1005
9,11,0,10,0.7252,0.7075,0.9811,0.6922,0.1024
9,11,0,11,0.7994,0.7985,0.9584,0.7837,0.0989
9,11,1,0,0.6218,0.5897,0.9988,0.5627,0.0857
9,11,1,1,0.7911,0.7870,0.9910,0.7672,0.0876
9,11,1,2,0.7586,0.7642,0.9991,0.7276,0.0886
9,11,1,3,0.8923,0.8633,0.9725,0.8919,0.0821
9,11,1,4,0.9330,0.9318,0.9877,0.9325,0.0651
9,11,1,5,0.8114,0.7573,0.9988,0.7893,0.0746
9,11,1,6,0.8926,0.8417,0.9933,0.8809,0.0460
9,11,1,7,0.9340,0.9360,0.9933,0.9317,0.0608
9,11,1,8,0.9162,0.9163,0.9960,0.9118,0.0651
9,11,1,9,0.9659,0.9671,0.9999,0.9649,0.0430
9,11,1,10,0.1701,0.4442,0.9993,0.0079,0.0997
9,11,1,11,0.3609,0.2822,0.9070,0.2684,0.0468
9,11,2,0,0.7432,0.6974,0.9889,0.7090,0.0835
9,11,2,1,0.9899,0.9894,0.9992,0.9898,0.0232
9,11,2,2,0.3920,0.4041,0.9900,0.2979,0.0583
9,11,2,3,0.6622,0.6461,0.9970,0.6115,0.0925
9,11,2,4,0.7193,0.7367,0.9987,0.6796,0.0689
9,11,2,5,0.5752,0.5764,0.9985,0.5085,0.0757
9,11,2,6,0.9445,0.9510,0.9998,0.9401,0.0446
9,11,2,7,0.5971,0.5871,0.9817,0.5315,0.1065
9,11,2,8,0.4779,0.6352,0.9999,0.3944,0.0686
9,11,2,9,0.5403,0.5165,0.9989,0.4670,0.0743
9,11,2,10,0.7942,0.7744,0.9815,0.7741,0.0954
9,11,2,11,0.9782,0.9752,0.9985,0.9795,0.0432
9,11,3,0,0.9988,0.9980,0.9999,0.9987,0.0040
9,11,3,1,0.9476,0.9375,1.0000,0.9445,0.0490
9,11,3,2,0.5346,0.5239,0.9997,0.4579,0.0814
9,11,3,3,0.7944,0.7986,0.9996,0.7672,0.0549
9,11,3,4,0.9986,0.9991,0.9999,0.9985,0.0056
9,11,3,5,0.9498,0.9479,0.9920,0.9474,0.0494
9,11,3,6,0.7010,0.6773,0.9997,0.6583,0.0862
9,11,3,7,0.6521,0.6019,0.9778,0.6007,0.0692
9,11,3,8,0.7430,0.7062,0.9948,0.7076,0.0759
9,11,3,9,0.6901,0.6839,1.0000,0.6453,0.0656
9,11,3,10,0.9648,0.9473,0.9996,0.9635,0.0427
9,11,3,11,0.6158,0.6962,1.0000,0.5570,0.0698
9,11,4,0,0.5636,0.7831,0.9579,0.5049,0.0354
9,11,4,1,0.8541,0.8269,0.9984,0.8365,0.0557
9,11,4,2,0.9965,0.9961,0.9986,0.9967,0.0160
9,11,4,3,0.8745,0.8649,0.9999,0.8608,0.0571
9,11,4,4,0.9922,0.9906,0.9980,0.9925,0.0238
9,11,4,5,0.9036,0.8608,0.9985,0.8946,0.0589
9,11,4,6,0.9247,0.9239,0.9870,0.9208,0.0619
9,11,4,7,0.5267,0.4930,0.9808,0.4534,0.0648
9,11,4,8,0.9761,0.9729,0.9988,0.9748,0.0311
9,11,4,9,0.7299,0.7651,0.9760,0.6927,0.0814
9,11,4,10,0.9957,0.9948,1.0000,0.9955,0.0117
9,11,4,11,0.2062,0.3339,0.8467,0.1164,0.0011
9,11,5,0,0.9920,0.9940,0.9999,0.9912,0.0121
9,11,5,1,0.9999,0.9999,1.0000,0.9999,0.0011
9,11,5,2,0.8335,0.8725,0.9626,0.8141,0.0648
9,11,5,3,0.9150,0.8929,0.9626,0.9094,0.0627
9,11,5,4,0.8739,0.8605,0.9914,0.8629,0.0721
9,11,5,5,0.9974,0.9963,0.9997,0.9972,0.0083
9,11,5,6,0.9499,0.9273,0.9954,0.9454,0.0400
9,11,5,7,0.9565,0.9363,0.9890,0.9534,0.0403
9,11,5,8,0.9705,0.9586,0.9977,0.9684,0.0314
9,11,5,9,0.9984,0.9984,1.0000,0.9984,0.0084
9,11,5,10,0.8723,0.8693,0.9976,0.8584,0.0592
9,11,5,11,0.9756,0.9737,0.9958,0.9752,0.0368
9,11,6,0,0.7531,0.8064,0.9737,0.7204,0.0827
9,11,6,1,0.9644,0.9673,0.9928,0.9612,0.0321
9,11,6,2,0.9915,0.9904,0.9996,0.9918,0.0241
9,11,6,3,0.8522,0.8706,0.9998,0.8358,0.0703
9,11,6,4,0.9565,0.9519,0.9947,0.9551,0.0490
9,11,6,5,0.9775,0.9758,0.9977,0.9779,0.0389
9,11,6,6,0.9763,0.9673,0.9987,0.9754,0.0341
9,11,6,7,0.8970,0.8944,0.9971,0.8865,0.0567
9,11,6,8,0.9044,0.8928,0.9995,0.8950,0.0565
9,11,6,9,0.9999,0.9999,1.0000,0.9999,0.0011
9,11,6,10,0.9986,0.9986,0.9999,0.9986,0.0083
9,11,6,11,0.9518,0.9231,0.9925,0.9488,0.0449
9,11,7,0,0.9549,0.9261,0.9987,0.9507,0.0368
9,11,7,1,0.9974,0.9955,1.0000,0.9972,0.0078
9,11,7,2,0.9999,0.9999,1.0000,0.9999,0.0011
9,11,7,3,0.9467,0.9528,0.9982,0.9435,0.0486
9,11,7,4,0.9788,0.9748,0.9966,0.9771,0.0249
9,11,7,5,0.9839,0.9817,0.9958,0.9843,0.0343
9,11,7,6,0.9937,0.9919,0.9998,0.9937,0.0192
9,11,7,7,0.9997,0.9998,1.0000,0.9997,0.0014
9,11,7,8,0.9104,0.8664,0.9999,0.9006,0.0402
9,11,7,9,0.9868,0.9822,0.9968,0.9866,0.0275
9,11,7,10,0.9999,0.9999,1.0000,0.9999,0.0011
9,11,7,11,1.0000,1.0000,1.0000,1.0000,0.0002
9,11,8,0,0.9910,0.9874,0.9970,0.9908,0.0219
9,11,8,1,0.9999,0.9999,1.0000,0.9999,0.0003
9,11,8,2,0.9509,0.9511,0.9984,0.9483,0.0484
9,11,8,3,0.9760,0.9589,0.9984,0.9736,0.0219
9,11,8,4,0.9297,0.8931,0.9946,0.9240,0.0522
9,11,8,5,0.8669,0.8379,0.9720,0.8560,0.0768
9,11,8,6,0.9823,0.9878,0.9999,0.9806,0.0183
9,11,8,7,0.9654,0.9436,0.9959,0.9627,0.0343
9,11,8,8,0.7755,0.7876,0.9980,0.7453,0.0562
9,11,8,9,0.9861,0.9826,1.0000,0.9855,0.0246
9,11,8,10,0.9652,0.9644,0.9991,0.9651,0.0462
9,11,8,11,0.9812,0.9827,1.0000,0.9802,0.0279
9,11,9,0,0.9824,0.9735,0.9996,0.9813,0.0265
9,11,9,1,0.9999,0.9999,1.0000,0.9999,0.0010
9,11,9,2,0.9996,0.9994,1.0000,0.9996,0.0022
9,11,9,3,0.9087,0.8928,0.9963,0.8998,0.0530
9,11,9,4,0.9981,0.9987,1.0000,0.9979,0.0038
9,11,9,5,0.9923,0.9902,1.0000,0.9921,0.0195
9,11,9,6,0.9999,0.9999,1.0000,0.9999,0.0010
9,11,9,7,0.9777,0.9779,0.9997,0.9762,0.0286
9,11,9,8,0.9969,0.9977,1.0000,0.9967,0.0095
9,11,9,9,0.9999,0.9999,1.0000,0.9999,0.0010
9,11,9,10,0.8923,0.8425,0.9994,0.8810,0.0563
9,11,9,11,1.0000,1.0000,1.0000,1.0000,0.0000
9,11,10,0,0.9965,0.9954,1.0000,0.9963,0.0114
9,11,10,1,0.9999,0.9998,1.0000,0.9999,0.0010
9,11,10,2,0.9996,0.9995,1.0000,0.9996,0.0022
9,11,10,3,0.9960,0.9949,1.0000,0.9958,0.0108
9,11,10,4,0.9898,0.9894,0.9990,0.9897,0.0230
9,11,10,5,0.9210,0.8942,0.9999,0.9120,0.0397
9,11,10,6,0.9999,0.9998,1.0000,0.9999,0.0010
9,11,10,7,0.9974,0.9966,0.9999,0.9975,0.0133
9,11,10,8,0.9998,0.9998,0.9999,0.9998,0.0017
9,11,10,9,0.8887,0.8115,0.9903,0.8751,0.0284
9,11,10,10,0.9999,0.9999,1.0000,0.9999,0.0005
9,11,10,11,0.9688,0.9528,0.9958,0.9653,0.0194
9,11,11,0,0.6290,0.6288,0.9864,0.5711,0.1016
9,11,11,1,0.9931,0.9922,0.9995,0.9930,0.0189
9,11,11,2,0.9991,0.9991,0.9996,0.9991,0.0049
9,11,11,3,0.8831,0.8849,0.9971,0.8717,0.0633
9,11,11,4,0.9911,0.9894,0.9982,0.9917,0.0290
9,11,11,5,0.9972,0.9979,1.0000,0.9970,0.0086
9,11,11,6,0.9999,0.9999,0.9999,0.9999,0.0006
9,11,11,7,0.9932,0.9906,0.9979,0.9931,0.0181
9,11,11,8,0.1566,0.4614,0.9956,0.0057,0.0829
9,11,11,9,0.9998,0.9998,0.9999,0.9998,0.0014
9,11,11,10,0.9467,0.9389,0.9940,0.9446,0.0530
9,11,11,11,0.9404,0.9205,0.9973,0.9363,0.0508
10,0,0,0,0.8360,0.8172,0.9557,0.8190,0.0838
10,0,0,1,0.1336,0.1751,0.9191,0.0265,0.0108
10,0,0,2,0.7566,0.7577,0.9932,0.7188,0.0776
10,0,0,3,0.2317,0.2336,0.9081,0.1220,0.0197
10,0,0,4,0.4603,0.4266,0.9897,0.3625,0.0613
10,0,0,5,0.2628,0.2437,0.8777,0.1543,0.0243
10,0,0,6,0.7661,0.7535,0.9719,0.7320,0.0848
10,0,0,7,0.5864,0.5823,0.9827,0.5093,0.0857
10,0,0,8,0.6025,0.6413,0.9968,0.5307,0.0735
10,0,0,9,0.8067,0.8050,0.9627,0.7841,0.0890
10,0,0,10,0.7491,0.7192,0.9823,0.7135,0.0910
10,0,0,11,0.8237,0.8103,0.9601,0.8062,0.0875
10,0,1,0,0.6417,0.6116,0.9991,0.5788,0.0746
10,0,1,1,0.8081,0.8028,0.9918,0.7814,0.0762
10,0,1,2,0.7774,0.7796,0.9993,0.7437,0.0775
10,0,1,3,0.9080,0.8703,0.9739,0.9053,0.0706
10,0,1,4,0.9435,0.9386,0.9886,0.9409,0.0537
10,0,1,5,0.8240,0.7776,0.9991,0.7989,0.0632
10,0,1,6,0.8979,0.8620,0.9926,0.8839,0.0346
10,0,1,7,0.9470,0.9451,0.9940,0.9435,0.0494
10,0,1,8,0.9251,0.9231,0.9965,0.9183,0.0537
10,0,1,9,0.9702,0.9697,1.0000,0.9676,0.0319
10,0,1,10,0.2124,0.4482,0.9995,0.0468,0.0886
10,0,1,11,0.3795,0.3048,0.9045,0.2823,0.0354
10,0,2,0,0.7612,0.7189,0.9898,0.7240,0.0721
10,0,2,1,0.9908,0.9900,0.9994,0.9898,0.0143
10,0,2,2,0.4234,0.4337,0.9891,0.3266,0.0471
10,0,2,3,0.6812,0.6618,0.9975,0.6267,0.0811
10,0,2,4,0.7344,0.7592,0.9990,0.6917,0.0578
10,0,2,5,0.6005,0.6038,0.9988,0.5311,0.0643
10,0,2,6,0.9507,0.9567,0.9999,0.9449,0.0335
10,0,2,7,0.6312,0.5997,0.9828,0.5643,0.0951
10,0,2,8,0.5000,0.6503,0.9998,0.4126,0.0571
10,0,2,9,0.5859,0.5546,0.9986,0.5136,0.0629
10,0,2,10,0.8167,0.7890,0.9826,0.7946,0.0840
10,0,2,11,0.9838,0.9800,0.9988,0.9838,0.0317
10,0,3,0,0.9948,0.9962,0.9998,0.9943,0.0075
10,0,3,1,0.9504,0.9423,1.0000,0.9452,0.0379
10,0,3,2,0.5587,0.5423,0.9998,0.4784,0.0700
10,0,3,3,0.8150,0.8224,0.9994,0.7871,0.0435
10,0,3,4,0.9964,0.9956,1.0000,0.9960,0.0062
10,0,3,5,0.9541,0.9579,0.9927,0.9497,0.0379
10,0,3,6,0.7210,0.6936,0.9995,0.6753,0.0748
10,0,3,7,0.6881,0.6309,0.9765,0.6370,0.0578
10,0,3,8,0.7593,0.7321,0.9954,0.7212,0.0644
10,0,3,9,0.7019,0.6967,1.0000,0.6534,0.0541
10,0,3,10,0.9710,0.9571,0.9994,0.9685,0.0316
10,0,3,11,0.6343,0.7137,1.0000,0.5721,0.0584
10,0,4,0,0.5802,0.7886,0.9561,0.5188,0.0240
10,0,4,1,0.8599,0.8412,0.9988,0.8396,0.0443
10,0,4,2,0.9947,0.9941,0.9989,0.9940,0.0075
10,0,4,3,0.8895,0.8770,1.0000,0.8747,0.0457
10,0,4,4,0.9920,0.9930,0.9983,0.9912,0.0143
10,0,4,5,0.9082,0.8730,0.9988,0.8965,0.0475
10,0,4,6,0.9394,0.9341,0.9879,0.9345,0.0505
10,0,4,7,0.5517,0.5217,0.9796,0.4756,0.0533
10,0,4,8,0.9785,0.9791,0.9991,0.9761,0.0203
10,0,4,9,0.7467,0.7725,0.9773,0.7063,0.0700
10,0,4,10,0.9940,0.9957,1.0000,0.9932,0.0035
10,0,4,11,0.2364,0.3645,0.8435,0.1436,0.0125
10,0,5,0,0.9942,0.9954,0.9998,0.9935,0.0044
10,0,5,1,0.9958,0.9945,1.0000,0.9957,0.0125
10,0,5,2,0.8494,0.8779,0.9642,0.8282,0.0533
10,0,5,3,0.9178,0.9018,0.9642,0.9090,0.0513
10,0,5,4,0.8905,0.8739,0.9921,0.8780,0.0606
10,0,5,5,0.9946,0.9953,0.9998,0.9939,0.0032
10,0,5,6,0.9531,0.9385,0.9959,0.9472,0.0286
10,0,5,7,0.9593,0.9425,0.9899,0.9546,0.0289
10,0,5,8,0.9747,0.9657,0.9981,0.9717,0.0200
10,0,5,9,0.9976,0.9965,1.0000,0.9973,0.0040
10,0,5,10,0.8897,0.8894,0.9971,0.8750,0.0478
10,0,5,11,0.9790,0.9793,0.9963,0.9772,0.0254
10,0,6,0,0.7651,0.8126,0.9751,0.7284,0.0713
10,0,6,1,0.9747,0.9750,0.9935,0.9715,0.0206
10,0,6,2,0.9918,0.9932,0.9998,0.9910,0.0156
10,0,6,3,0.8824,0.8951,0.9999,0.8671,0.0589
10,0,6,4,0.9664,0.9662,0.9953,0.9639,0.0376
10,0,6,5,0.9839,0.9828,0.9980,0.9833,0.0278
10,0,6,6,0.9823,0.9754,0.9990,0.9807,0.0227
10,0,6,7,0.9239,0.9183,0.9967,0.9146,0.0452
10,0,6,8,0.9203,0.9125,0.9997,0.9104,0.0454
10,0,6,9,0.9962,0.9950,1.0000,0.9961,0.0122
10,0,6,10,0.9982,0.9977,1.0000,0.9979,0.0038
10,0,6,11,0.9536,0.9353,0.9932,0.9484,0.0335
10,0,7,0,0.9565,0.9344,0.9990,0.9508,0.0254
10,0,7,1,0.9951,0.9947,0.9999,0.9945,0.0037
10,0,7,2,0.9959,0.9946,1.0000,0.9958,0.0125
10,0,7,3,0.9544,0.9590,0.9985,0.9498,0.0371
10,0,7,4,0.9760,0.9759,0.9970,0.9728,0.0157
10,0,7,5,0.9868,0.9847,0.9964,0.9861,0.0229
10,0,7,6,0.9955,0.9949,0.9999,0.9950,0.0106
10,0,7,7,0.9968,0.9959,1.0000,0.9966,0.0100
10,0,7,8,0.9194,0.8786,0.9998,0.9084,0.0287
10,0,7,9,0.9890,0.9877,0.9973,0.9880,0.0170
10,0,7,10,0.9961,0.9950,1.0000,0.9959,0.0125
10,0,7,11,0.9966,0.9955,1.0000,0.9965,0.0113
10,0,8,0,0.9938,0.9913,0.9975,0.9932,0.0108
10,0,8,1,0.9965,0.9955,1.0000,0.9964,0.0114
10,0,8,2,0.9581,0.9590,0.9987,0.9541,0.0370
10,0,8,3,0.9748,0.9695,0.9981,0.9714,0.0114
10,0,8,4,0.9408,0.9090,0.9952,0.9341,0.0408
10,0,8,5,0.8791,0.8553,0.9733,0.8655,0.0654
10,0,8,6,0.9877,0.9910,0.9999,0.9861,0.0081
10,0,8,7,0.9653,0.9490,0.9965,0.9610,0.0229
10,0,8,8,0.8190,0.8256,0.9976,0.7918,0.0448
10,0,8,9,0.9881,0.9865,1.0000,0.9867,0.0135
10,0,8,10,0.9775,0.9753,0.9993,0.9769,0.0348
10,0,8,11,0.9890,0.9902,1.0000,0.9880,0.0165
10,0,9,0,0.9897,0.9868,0.9994,0.9886,0.0151
10,0,9,1,0.9963,0.9954,1.0000,0.9961,0.0105
10,0,9,2,0.9976,0.9973,1.0000,0.9975,0.0092
10,0,9,3,0.9235,0.9122,0.9968,0.9140,0.0416
10,0,9,4,0.9946,0.9947,1.0000,0.9941,0.0086
10,0,9,5,0.9948,0.9961,1.0000,0.9942,0.0087
10,0,9,6,0.9959,0.9948,1.0000,0.9958,0.0121
10,0,9,7,0.9825,0.9869,0.9996,0.9805,0.0178
10,0,9,8,0.9965,0.9964,1.0000,0.9960,0.0038
10,0,9,9,0.9959,0.9948,1.0000,0.9958,0.0124
10,0,9,10,0.8922,0.8621,0.9996,0.8774,0.0449
10,0,9,11,0.9965,0.9954,1.0000,0.9963,0.0114
10,0,10,0,1.0000,1.0000,1.0000,1.0000,0.0000
10,0,10,1,0.9963,0.9953,1.0000,0.9961,0.0111
10,0,10,2,0.9963,0.9954,1.0000,0.9960,0.0092
10,0,10,3,0.9943,0.9933,0.9999,0.9935,0.0038
10,0,10,4,0.9948,0.9944,0.9993,0.9943,0.0125
10,0,10,5,0.9129,0.9031,1.0000,0.9007,0.0305
10,0,10,6,0.9971,0.9963,1.0000,0.9970,0.0105
10,0,10,7,0.9974,0.9974,1.0000,0.9970,0.0051
10,0,10,8,0.9966,0.9957,1.0000,0.9964,0.0097
10,0,10,9,0.8882,0.8215,0.9894,0.8723,0.0170
10,0,10,10,0.9962,0.9950,1.0000,0.9961,0.0119
10,0,10,11,0.9680,0.9534,0.9964,0.9637,0.0095
10,0,11,0,0.6650,0.6474,0.9874,0.6067,0.0902
10,0,11,1,0.9908,0.9905,0.9997,0.9896,0.0100
10,0,11,2,0.9968,0.9959,0.9998,0.9965,0.0065
10,0,11,3,0.9127,0.9123,0.9975,0.9026,0.0519
10,0,11,4,0.9918,0.9907,0.9985,0.9913,0.0192
10,0,11,5,0.9971,0.9971,1.0000,0.9968,0.0041
10,0,11,6,0.9964,0.9955,1.0000,0.9961,0.0108
10,0,11,7,0.9896,0.9897,0.9982,0.9883,0.0083
10,0,11,8,0.1937,0.4696,0.9950,0.0383,0.0717
10,0,11,9,0.9965,0.9955,1.0000,0.9963,0.0100
10,0,11,10,0.9576,0.9522,0.9947,0.9545,0.0416
10,0,11,11,0.9547,0.9396,0.9977,0.9503,0.0394
10,1,0,0,0.8153,0.8122,0.9564,0.8002,0.0949
10,1,0,1,0.1138,0.1584,0.9181,0.0114,0.0006
10,1,0,2,0.7298,0.7345,0.9935,0.6928,0.0887
10,1,0,3,0.2112,0.2135,0.9070,0.1061,0.0295
10,1,0,4,0.4318,0.4046,0.9893,0.3369,0.0724
10,1,0,5,0.2438,0.2244,0.8765,0.1402,0.0344
10,1,0,6,0.7413,0.7351,0.9725,0.7087,0.0959
10,1,0,7,0.5549,0.5596,0.9831,0.4794,0.0968
10,1,0,8,0.5755,0.6142,0.9970,0.5059,0.0846
10,1,0,9,0.7838,0.7950,0.9634,0.7630,0.1002
10,1,0,10,0.7265,0.7086,0.9827,0.6934,0.1021
10,1,0,11,0.8004,0.7985,0.9608,0.7844,0.0986
10,1,1,0,0.6222,0.5897,0.9992,0.5628,0.0854
10,1,1,1,0.7912,0.7864,0.9921,0.7669,0.0873
10,1,1,2,0.7581,0.7624,0.9994,0.7266,0.0883
10,1,1,3,0.8933,0.8641,0.9745,0.8929,0.0817
10,1,1,4,0.9337,0.9322,0.9890,0.9331,0.0648
10,1,1,5,0.8109,0.7569,0.9992,0.7884,0.0743
10,1,1,6,0.8912,0.8419,0.9923,0.8791,0.0457
10,1,1,7,0.9342,0.9359,0.9943,0.9317,0.0605
10,1,1,8,0.9162,0.9159,0.9967,0.9116,0.0648
10,1,1,9,0.9659,0.9666,1.0000,0.9647,0.0427
10,1,1,10,0.1734,0.4429,0.9996,0.0111,0.0994
10,1,1,11,0.3635,0.2854,0.9034,0.2710,0.0465
10,1,2,0,0.7429,0.6963,0.9901,0.7082,0.0832
10,1,2,1,0.9900,0.9894,0.9995,0.9898,0.0229
10,1,2,2,0.3923,0.4042,0.9888,0.2979,0.0579
10,1,2,3,0.6633,0.6468,0.9976,0.6124,0.0922
10,1,2,4,0.7184,0.7359,0.9991,0.6782,0.0686
10,1,2,5,0.5744,0.5748,0.9989,0.5072,0.0754
10,1,2,6,0.9454,0.9515,1.0000,0.9410,0.0443
10,1,2,7,0.5984,0.5865,0.9833,0.5325,0.1062
10,1,2,8,0.4796,0.6355,0.9998,0.3961,0.0683
10,1,2,9,0.5404,0.5176,0.9985,0.4666,0.0740
10,1,2,10,0.7948,0.7753,0.9831,0.7744,0.0951
10,1,2,11,0.9785,0.9754,0.9989,0.9797,0.0429
10,1,3,0,0.9987,0.9982,0.9998,0.9986,0.0037
10,1,3,1,0.9474,0.9368,1.0000,0.9441,0.0487
10,1,3,2,0.5361,0.5243,0.9999,0.4592,0.0811
10,1,3,3,0.7946,0.7988,0.9993,0.7673,0.0546
10,1,3,4,0.9988,0.9991,1.0000,0.9987,0.0052
10,1,3,5,0.9497,0.9489,0.9930,0.9471,0.0490
10,1,3,6,0.7010,0.6773,0.9994,0.6579,0.0859
10,1,3,7,0.6533,0.6044,0.9759,0.6017,0.0689
10,1,3,8,0.7426,0.7066,0.9956,0.7068,0.0756
10,1,3,9,0.6918,0.6860,1.0000,0.6470,0.0652
10,1,3,10,0.9653,0.9482,0.9993,0.9640,0.0424
10,1,3,11,0.6185,0.6984,1.0000,0.5599,0.0695
10,1,4,0,0.5674,0.7848,0.9554,0.5090,0.0351
10,1,4,1,0.8523,0.8254,0.9989,0.8341,0.0554
10,1,4,2,0.9968,0.9965,0.9990,0.9970,0.0157
10,1,4,3,0.8756,0.8672,1.0000,0.8619,0.0568
10,1,4,4,0.9922,0.9910,0.9985,0.9923,0.0235
10,1,4,5,0.9039,0.8615,0.9990,0.8947,0.0586
10,1,4,6,0.9252,0.9248,0.9883,0.9213,0.0616
10,1,4,7,0.5275,0.4945,0.9791,0.4540,0.0644
10,1,4,8,0.9761,0.9732,0.9992,0.9747,0.0308
10,1,4,9,0.7312,0.7668,0.9778,0.6939,0.0811
10,1,4,10,0.9957,0.9949,1.0000,0.9954,0.0114
10,1,4,11,0.2075,0.3349,0.8421,0.1175,0.0014
10,1,5,0,0.9913,0.9935,0.9998,0.9904,0.0117
10,1,5,1,0.9998,0.9998,1.0000,0.9998,0.0014
10,1,5,2,0.8358,0.8751,0.9648,0.8165,0.0644
10,1,5,3,0.9154,0.8948,0.9649,0.9096,0.0624
10,1,5,4,0.8754,0.8629,0.9925,0.8645,0.0717
10,1,5,5,0.9973,0.9967,0.9998,0.9971,0.0079
10,1,5,6,0.9498,0.9282,0.9962,0.9452,0.0397
10,1,5,7,0.9584,0.9384,0.9902,0.9553,0.0400
10,1,5,8,0.9702,0.9598,0.9983,0.9679,0.0311
10,1,5,9,0.9983,0.9984,1.0000,0.9983,0.0081
10,1,5,10,0.8721,0.8696,0.9969,0.8578,0.0589
10,1,5,11,0.9764,0.9745,0.9965,0.9760,0.0365
10,1,6,0,0.7546,0.8079,0.9756,0.7218,0.0824
10,1,6,1,0.9649,0.9682,0.9938,0.9616,0.0317
10,1,6,2,0.9911,0.9903,0.9998,0.9912,0.0238
10,1,6,3,0.8512,0.8690,0.9999,0.8343,0.0700
10,1,6,4,0.9557,0.9520,0.9955,0.9540,0.0487
10,1,6,5,0.9772,0.9759,0.9982,0.9774,0.0386
10,1,6,6,0.9766,0.9676,0.9991,0.9757,0.0338
10,1,6,7,0.8969,0.8948,0.9965,0.8862,0.0563
10,1,6,8,0.9029,0.8926,0.9998,0.8931,0.0562
10,1,6,9,0.9998,0.9998,1.0000,0.9998,0.0011
10,1,6,10,0.9986,0.9987,1.0000,0.9986,0.0079
10,1,6,11,0.9512,0.9233,0.9935,0.9480,0.0446
10,1,7,0,0.9548,0.9273,0.9991,0.9506,0.0365
10,1,7,1,0.9979,0.9963,0.9999,0.9977,0.0075
10,1,7,2,0.9999,0.9998,1.0000,0.9999,0.0014
10,1,7,3,0.9476,0.9535,0.9986,0.9444,0.0483
10,1,7,4,0.9795,0.9763,0.9972,0.9779,0.0246
10,1,7,5,0.9839,0.9824,0.9966,0.9843,0.0340
10,1,7,6,0.9938,0.9921,1.0000,0.9937,0.0189
10,1,7,7,0.9998,0.9998,1.0000,0.9998,0.0011
10,1,7,8,0.9122,0.8699,0.9998,0.9024,0.0398
10,1,7,9,0.9863,0.9823,0.9974,0.9861,0.0271
10,1,7,10,0.9998,0.9998,1.0000,0.9998,0.0014
10,1,7,11,0.9999,0.9999,1.0000,0.9999,0.0008
10,1,8,0,0.9910,0.9877,0.9977,0.9909,0.0216
10,1,8,1,0.9998,0.9998,1.0000,0.9998,0.0006
10,1,8,2,0.9512,0.9510,0.9989,0.9485,0.0481
10,1,8,3,0.9753,0.9595,0.9979,0.9729,0.0216
10,1,8,4,0.9306,0.8954,0.9955,0.9249,0.0519
10,1,8,5,0.8657,0.8380,0.9739,0.8542,0.0765
10,1,8,6,0.9823,0.9878,1.0000,0.9805,0.0179
10,1,8,7,0.9657,0.9451,0.9967,0.9629,0.0340
10,1,8,8,0.7732,0.7851,0.9974,0.7423,0.0559
10,1,8,9,0.9872,0.9839,1.0000,0.9867,0.0243
10,1,8,10,0.9653,0.9646,0.9994,0.9650,0.0459
10,1,8,11,0.9811,0.9824,1.0000,0.9801,0.0276
10,1,9,0,0.9814,0.9730,0.9993,0.9802,0.0262
10,1,9,1,0.9998,0.9999,1.0000,0.9998,0.0006
10,1,9,2,0.9996,0.9993,1.0000,0.9996,0.0019
10,1,9,3,0.9074,0.8917,0.9970,0.8981,0.0527
10,1,9,4,0.9984,0.9988,1.0000,0.9982,0.0032
10,1,9,5,0.9917,0.9901,1.0000,0.9913,0.0192
10,1,9,6,0.9999,0.9999,1.0000,0.9999,0.0010
10,1,9,7,0.9773,0.9780,0.9995,0.9757,0.0283
10,1,9,8,0.9970,0.9976,1.0000,0.9968,0.0092
10,1,9,9,0.9999,0.9998,1.0000,0.9999,0.0013
10,1,9,10,0.8919,0.8446,0.9996,0.8802,0.0560
10,1,9,11,0.9999,0.9998,1.0000,0.9999,0.0010
10,1,10,0,0.9963,0.9953,1.0000,0.9961,0.0111
10,1,10,1,1.0000,1.0000,1.0000,1.0000,0.0000
10,1,10,2,0.9996,0.9996,1.0000,0.9996,0.0019
10,1,10,3,0.9961,0.9952,0.9999,0.9959,0.0105
10,1,10,4,0.9894,0.9891,0.9994,0.9891,0.0227
10,1,10,5,0.9203,0.8959,1.0000,0.9111,0.0394
10,1,10,6,0.9999,0.9998,1.0000,0.9998,0.0010
10,1,10,7,0.9972,0.9967,1.0000,0.9973,0.0130
10,1,10,8,0.9998,0.9998,1.0000,0.9997,0.0014
10,1,10,9,0.8897,0.8151,0.9891,0.8761,0.0281
10,1,10,10,0.9999,0.9999,1.0000,0.9999,0.0008
10,1,10,11,0.9696,0.9540,0.9966,0.9662,0.0190
10,1,11,0,0.6289,0.6285,0.9878,0.5705,0.1013
10,1,11,1,0.9932,0.9926,0.9997,0.9931,0.0186
10,1,11,2,0.9993,0.9994,0.9998,0.9993,0.0046
10,1,11,3,0.8826,0.8844,0.9977,0.8709,0.0630
10,1,11,4,0.9911,0.9898,0.9986,0.9916,0.0287
10,1,11,5,0.9974,0.9981,1.0000,0.9973,0.0083
10,1,11,6,0.9999,0.9999,1.0000,0.9999,0.0006
10,1,11,7,0.9934,0.9915,0.9984,0.9932,0.0178
10,1,11,8,0.1596,0.4599,0.9947,0.0086,0.0825
10,1,11,9,0.9999,0.9999,1.0000,0.9999,0.0011
10,1,11,10,0.9473,0.9403,0.9949,0.9452,0.0527
10,1,11,11,0.9406,0.9223,0.9979,0.9363,0.0505
10,2,0,0,0.8204,0.8179,0.9556,0.8050,0.0930
10,2,0,1,0.1188,0.1636,0.9192,0.0155,0.0019
10,2,0,2,0.7390,0.7446,0.9932,0.7026,0.0868
10,2,0,3,0.2164,0.2188,0.9082,0.1105,0.0276
10,2,0,4,0.4379,0.4112,0.9898,0.3425,0.0705
10,2,0,5,0.2485,0.2297,0.8779,0.1439,0.0325
10,2,0,6,0.7476,0.7416,0.9719,0.7149,0.0940
10,2,0,7,0.5653,0.5714,0.9826,0.4904,0.0949
10,2,0,8,0.5853,0.6250,0.9967,0.5162,0.0827
10,2,0,9,0.7908,0.8033,0.9627,0.7702,0.0983
10,2,0,10,0.7336,0.7165,0.9822,0.7006,0.1002
10,2,0,11,0.8079,0.8073,0.9600,0.7923,0.0967
10,2,1,0,0.6309,0.6003,0.9991,0.5717,0.0835
10,2,1,1,0.8001,0.7971,0.9918,0.7764,0.0854
10,2,1,2,0.7680,0.7739,0.9993,0.7373,0.0863
10,2,1,3,0.8966,0.8679,0.9738,0.8957,0.0798
10,2,1,4,0.9381,0.9378,0.9885,0.9374,0.0629
10,2,1,5,0.8189,0.7657,0.9991,0.7969,0.0724
10,2,1,6,0.8958,0.8482,0.9927,0.8837,0.0438
10,2,1,7,0.9391,0.9419,0.9940,0.9368,0.0586
10,2,1,8,0.9220,0.9231,0.9965,0.9177,0.0629
10,2,1,9,0.9690,0.9711,1.0000,0.9679,0.0408
10,2,1,10,0.1788,0.4516,0.9995,0.0152,0.0975
10,2,1,11,0.3683,0.2907,0.9046,0.2750,0.0446
10,2,2,0,0.7508,0.7070,0.9897,0.7164,0.0813
10,2,2,1,0.9918,0.9917,0.9994,0.9916,0.0210
10,2,2,2,0.4008,0.4147,0.9892,0.3062,0.0560
10,2,2,3,0.6705,0.6554,0.9974,0.6197,0.0903
10,2,2,4,0.7244,0.7443,0.9990,0.6842,0.0667
10,2,2,5,0.5853,0.5877,0.9988,0.5186,0.0735
10,2,2,6,0.9498,0.9572,0.9999,0.9456,0.0424
10,2,2,7,0.6059,0.5959,0.9828,0.5400,0.1043
10,2,2,8,0.4863,0.6453,0.9998,0.4024,0.0663
10,2,2,9,0.5492,0.5270,0.9986,0.4755,0.0721
10,2,2,10,0.8024,0.7842,0.9826,0.7823,0.0932
10,2,2,11,0.9807,0.9782,0.9988,0.9818,0.0410
10,2,3,0,0.9985,0.9981,0.9998,0.9983,0.0024
10,2,3,1,0.9521,0.9426,1.0000,0.9490,0.0468
10,2,3,2,0.5433,0.5335,0.9998,0.4662,0.0792
10,2,3,3,0.7966,0.8024,0.9994,0.7688,0.0527
10,2,3,4,0.9988,0.9996,1.0000,0.9987,0.0033
10,2,3,5,0.9523,0.9534,0.9927,0.9495,0.0471
10,2,3,6,0.7089,0.6870,0.9995,0.6659,0.0840
10,2,3,7,0.6617,0.6128,0.9766,0.6103,0.0670
10,2,3,8,0.7510,0.7166,0.9953,0.7157,0.0737
10,2,3,9,0.6976,0.6939,1.0000,0.6526,0.0633
10,2,3,10,0.9683,0.9515,0.9994,0.9670,0.0405
10,2,3,11,0.6225,0.7061,1.0000,0.5632,0.0676
10,2,4,0,0.5688,0.7897,0.9562,0.5095,0.0332
10,2,4,1,0.8594,0.8354,0.9987,0.8417,0.0535
10,2,4,2,0.9976,0.9974,0.9989,0.9977,0.0138
10,2,4,3,0.8819,0.8734,1.0000,0.8685,0.0549
10,2,4,4,0.9931,0.9924,0.9983,0.9931,0.0216
10,2,4,5,0.9082,0.8671,0.9988,0.8990,0.0567
10,2,4,6,0.9301,0.9306,0.9879,0.9263,0.0597
10,2,4,7,0.5376,0.5045,0.9797,0.4644,0.0625
10,2,4,8,0.9766,0.9757,0.9991,0.9749,0.0289
10,2,4,9,0.7376,0.7750,0.9773,0.7003,0.0792
10,2,4,10,0.9958,0.9959,1.0000,0.9954,0.0095
10,2,4,11,0.2115,0.3441,0.8436,0.1206,0.0033
10,2,5,0,0.9913,0.9936,0.9998,0.9903,0.0098
10,2,5,1,0.9993,0.9991,1.0000,0.9993,0.0033
10,2,5,2,0.8364,0.8779,0.9641,0.8163,0.0625
10,2,5,3,0.9193,0.9001,0.9642,0.9135,0.0605
10,2,5,4,0.8802,0.8682,0.9921,0.8692,0.0698
10,2,5,5,0.9973,0.9970,0.9998,0.9970,0.0060
10,2,5,6,0.9497,0.9293,0.9959,0.9447,0.0378
10,2,5,7,0.9584,0.9403,0.9898,0.9550,0.0381
10,2,5,8,0.9708,0.9608,0.9981,0.9683,0.0292
10,2,5,9,0.9987,0.9989,1.0000,0.9986,0.0062
10,2,5,10,0.8778,0.8762,0.9972,0.8638,0.0570
10,2,5,11,0.9784,0.9771,0.9963,0.9779,0.0346
10,2,6,0,0.7582,0.8143,0.9750,0.7249,0.0805
10,2,6,1,0.9645,0.9679,0.9935,0.9609,0.0298
10,2,6,2,0.9929,0.9925,0.9998,0.9930,0.0219
10,2,6,3,0.8565,0.8762,0.9999,0.8398,0.0681
10,2,6,4,0.9572,0.9547,0.9952,0.9552,0.0468
10,2,6,5,0.9793,0.9789,0.9980,0.9795,0.0367
10,2,6,6,0.9774,0.9689,0.9989,0.9763,0.0319
10,2,6,7,0.9015,0.9003,0.9967,0.8908,0.0544
10,2,6,8,0.9060,0.8970,0.9997,0.8961,0.0543
10,2,6,9,0.9993,0.9992,1.0000,0.9993,0.0030
10,2,6,10,0.9987,0.9988,1.0000,0.9987,0.0060
10,2,6,11,0.9540,0.9278,0.9932,0.9507,0.0427
10,2,7,0,0.9565,0.9294,0.9989,0.9521,0.0346
10,2,7,1,0.9982,0.9966,0.9999,0.9981,0.0056
10,2,7,2,0.9994,0.9993,1.0000,0.9994,0.0033
10,2,7,3,0.9516,0.9591,0.9985,0.9484,0.0463
10,2,7,4,0.9812,0.9780,0.9970,0.9795,0.0227
10,2,7,5,0.9858,0.9844,0.9963,0.9861,0.0321
10,2,7,6,0.9954,0.9941,0.9999,0.9954,0.0170
10,2,7,7,0.9996,0.9998,1.0000,0.9995,0.0008
10,2,7,8,0.9177,0.8759,0.9998,0.9082,0.0379
10,2,7,9,0.9891,0.9853,0.9972,0.9889,0.0252
10,2,7,10,0.9993,0.9992,1.0000,0.9993,0.0033
10,2,7,11,0.9996,0.9995,1.0000,0.9995,0.0021
10,2,8,0,0.9908,0.9874,0.9975,0.9904,0.0197
10,2,8,1,0.9993,0.9993,1.0000,0.9993,0.0022
10,2,8,2,0.9554,0.9567,0.9987,0.9528,0.0462
10,2,8,3,0.9761,0.9619,0.9981,0.9736,0.0197
10,2,8,4,0.9325,0.8974,0.9952,0.9265,0.0500
10,2,8,5,0.8707,0.8449,0.9733,0.8593,0.0746
10,2,8,6,0.9824,0.9881,0.9999,0.9805,0.0160
10,2,8,7,0.9672,0.9468,0.9964,0.9643,0.0321
10,2,8,8,0.7763,0.7902,0.9976,0.7450,0.0540
10,2,8,9,0.9889,0.9861,1.0000,0.9884,0.0224
10,2,8,10,0.9683,0.9681,0.9993,0.9680,0.0440
10,2,8,11,0.9815,0.9842,1.0000,0.9803,0.0257
10,2,9,0,0.9819,0.9740,0.9994,0.9804,0.0243
10,2,9,1,0.9996,0.9997,1.0000,0.9996,0.0013
10,2,9,2,0.9991,0.9990,1.0000,0.9990,0.0006
10,2,9,3,0.9088,0.8937,0.9968,0.8991,0.0508
10,2,9,4,0.9980,0.9992,1.0000,0.9978,0.0019
10,2,9,5,0.9922,0.9914,1.0000,0.9918,0.0173
10,2,9,6,0.9995,0.9995,1.0000,0.9995,0.0029
10,2,9,7,0.9782,0.9808,0.9996,0.9764,0.0263
10,2,9,8,0.9973,0.9983,1.0000,0.9970,0.0073
10,2,9,9,0.9994,0.9993,1.0000,0.9994,0.0032
10,2,9,10,0.8968,0.8504,0.9996,0.8853,0.0541
10,2,9,11,0.9996,0.9995,1.0000,0.9996,0.0022
10,2,10,0,0.9963,0.9954,1.0000,0.9960,0.0092
10,2,10,1,0.9996,0.9996,1.0000,0.9996,0.0019
10,2,10,2,1.0000,1.0000,1.0000,1.0000,0.0000
10,2,10,3,0.9979,0.9973,0.9999,0.9978,0.0086
10,2,10,4,0.9909,0.9907,0.9993,0.9906,0.0208
10,2,10,5,0.9264,0.9045,1.0000,0.9176,0.0375
10,2,10,6,0.9994,0.9993,1.0000,0.9993,0.0013
10,2,10,7,0.9981,0.9976,1.0000,0.9981,0.0111
10,2,10,8,0.9995,0.9995,1.0000,0.9994,0.0014
10,2,10,9,0.8966,0.8221,0.9895,0.8836,0.0262
10,2,10,10,0.9994,0.9993,1.0000,0.9994,0.0027
10,2,10,11,0.9685,0.9528,0.9963,0.9648,0.0171
10,2,11,0,0.6405,0.6402,0.9873,0.5830,0.0994
10,2,11,1,0.9948,0.9945,0.9996,0.9947,0.0167
10,2,11,2,0.9991,0.9992,0.9998,0.9990,0.0030
10,2,11,3,0.8849,0.8877,0.9975,0.8727,0.0611
10,2,11,4,0.9924,0.9911,0.9985,0.9928,0.0268
10,2,11,5,0.9975,0.9986,1.0000,0.9973,0.0063
10,2,11,6,0.9996,0.9996,1.0000,0.9995,0.0016
10,2,11,7,0.9943,0.9929,0.9982,0.9941,0.0159
10,2,11,8,0.1665,0.4699,0.9950,0.0145,0.0806
10,2,11,9,0.9996,0.9997,1.0000,0.9996,0.0008
10,2,11,10,0.9514,0.9439,0.9946,0.9494,0.0508
10,2,11,11,0.9440,0.9253,0.9977,0.9398,0.0486
10,3,0,0,0.8398,0.8294,0.9524,0.8239,0.0844
10,3,0,1,0.1430,0.1872,0.9233,0.0372,0.0102
10,3,0,2,0.7630,0.7662,0.9919,0.7267,0.0783
10,3,0,3,0.2408,0.2452,0.9125,0.1325,0.0194
10,3,0,4,0.4660,0.4415,0.9912,0.3696,0.0619
10,3,0,5,0.2711,0.2547,0.8828,0.1640,0.0243
10,3,0,6,0.7697,0.7570,0.9693,0.7366,0.0854
10,3,0,7,0.5978,0.5999,0.9806,0.5236,0.0863
10,3,0,8,0.6122,0.6490,0.9958,0.5427,0.0741
10,3,0,9,0.8125,0.8165,0.9598,0.7916,0.0897
10,3,0,10,0.7580,0.7343,0.9802,0.7249,0.0916
10,3,0,11,0.8300,0.8242,0.9570,0.8144,0.0881
10,3,1,0,0.6569,0.6284,0.9986,0.5975,0.0749
10,3,1,1,0.8247,0.8228,0.9904,0.8018,0.0768
10,3,1,2,0.7939,0.8003,0.9989,0.7640,0.0778
10,3,1,3,0.9068,0.8729,0.9714,0.9040,0.0713
10,3,1,4,0.9511,0.9513,0.9869,0.9500,0.0543
10,3,1,5,0.8370,0.7867,0.9986,0.8146,0.0638
10,3,1,6,0.9073,0.8610,0.9939,0.8949,0.0352
10,3,1,7,0.9525,0.9548,0.9928,0.9501,0.0500
10,3,1,8,0.9370,0.9387,0.9956,0.9326,0.0543
10,3,1,9,0.9764,0.9798,0.9999,0.9749,0.0322
10,3,1,10,0.2032,0.4648,0.9991,0.0358,0.0889
10,3,1,11,0.3912,0.3161,0.9090,0.2960,0.0360
10,3,2,0,0.7727,0.7334,0.9882,0.7381,0.0727
10,3,2,1,0.9946,0.9951,0.9990,0.9942,0.0130
10,3,2,2,0.4277,0.4441,0.9907,0.3318,0.0475
10,3,2,3,0.6957,0.6787,0.9966,0.6446,0.0817
10,3,2,4,0.7406,0.7640,0.9984,0.6992,0.0581
10,3,2,5,0.6135,0.6196,0.9982,0.5469,0.0649
10,3,2,6,0.9607,0.9713,0.9997,0.9566,0.0338
10,3,2,7,0.6347,0.6172,0.9808,0.5690,0.0957
10,3,2,8,0.5077,0.6726,1.0000,0.4220,0.0578
10,3,2,9,0.5791,0.5568,0.9991,0.5056,0.0635
10,3,2,10,0.8271,0.8084,0.9806,0.8077,0.0846
10,3,2,11,0.9865,0.9848,0.9982,0.9870,0.0324
10,3,3,0,0.9955,0.9952,1.0000,0.9951,0.0068
10,3,3,1,0.9626,0.9558,1.0000,0.9594,0.0383
10,3,3,2,0.5672,0.5584,0.9996,0.4888,0.0706
10,3,3,3,0.8023,0.8136,0.9997,0.7723,0.0441
10,3,3,4,0.9965,0.9973,0.9998,0.9961,0.0052
10,3,3,5,0.9595,0.9624,0.9913,0.9560,0.0386
10,3,3,6,0.7317,0.7131,0.9998,0.6884,0.0754
10,3,3,7,0.6865,0.6420,0.9788,0.6353,0.0584
10,3,3,8,0.7712,0.7425,0.9943,0.7356,0.0651
10,3,3,9,0.7131,0.7164,0.9999,0.6669,0.0548
10,3,3,10,0.9762,0.9628,0.9997,0.9746,0.0319
10,3,3,11,0.6393,0.7299,0.9999,0.5782,0.0590
10,3,4,0,0.5747,0.8043,0.9592,0.5126,0.0246
10,3,4,1,0.8726,0.8564,0.9982,0.8545,0.0449
10,3,4,2,0.9975,0.9972,0.9983,0.9972,0.0068
10,3,4,3,0.8963,0.8921,0.9998,0.8827,0.0463
10,3,4,4,0.9937,0.9940,0.9976,0.9932,0.0130
10,3,4,5,0.9174,0.8828,0.9983,0.9074,0.0481
10,3,4,6,0.9431,0.9451,0.9862,0.9391,0.0511
10,3,4,7,0.5682,0.5392,0.9817,0.4953,0.0540
10,3,4,8,0.9777,0.9817,0.9986,0.9753,0.0203
10,3,4,9,0.7589,0.7960,0.9750,0.7212,0.0706
10,3,4,10,0.9942,0.9959,1.0000,0.9935,0.0025
10,3,4,11,0.2295,0.3741,0.8492,0.1360,0.0119
10,3,5,0,0.9893,0.9908,1.0000,0.9879,0.0038
10,3,5,1,0.9950,0.9936,1.0000,0.9948,0.0119
10,3,5,2,0.8436,0.8859,0.9613,0.8214,0.0540
10,3,5,3,0.9288,0.9119,0.9613,0.9221,0.0519
10,3,5,4,0.8940,0.8837,0.9907,0.8823,0.0613
10,3,5,5,0.9947,0.9943,0.9995,0.9941,0.0035
10,3,5,6,0.9498,0.9335,0.9949,0.9434,0.0292
10,3,5,7,0.9612,0.9461,0.9883,0.9567,0.0295
10,3,5,8,0.9716,0.9615,0.9974,0.9681,0.0206
10,3,5,9,0.9975,0.9972,0.9999,0.9972,0.0033
10,3,5,10,0.8920,0.8909,0.9979,0.8778,0.0484
10,3,5,11,0.9822,0.9829,0.9953,0.9809,0.0260
10,3,6,0,0.7719,0.8262,0.9726,0.7368,0.0719
10,3,6,1,0.9622,0.9658,0.9922,0.9572,0.0213
10,3,6,2,0.9950,0.9951,0.9995,0.9947,0.0140
10,3,6,3,0.8693,0.8890,0.9997,0.8517,0.0595
10,3,6,4,0.9623,0.9604,0.9942,0.9592,0.0383
10,3,6,5,0.9837,0.9846,0.9973,0.9831,0.0281
10,3,6,6,0.9786,0.9715,0.9984,0.9765,0.0233
10,3,6,7,0.9156,0.9152,0.9975,0.9050,0.0459
10,3,6,8,0.9122,0.9088,0.9994,0.9010,0.0457
10,3,6,9,0.9951,0.9939,1.0000,0.9949,0.0116
10,3,6,10,0.9965,0.9964,0.9998,0.9961,0.0032
10,3,6,11,0.9594,0.9387,0.9919,0.9553,0.0341
10,3,7,0,0.9590,0.9352,0.9984,0.9538,0.0260
10,3,7,1,0.9975,0.9965,1.0000,0.9972,0.0040
10,3,7,2,0.9953,0.9940,1.0000,0.9951,0.0119
10,3,7,3,0.9613,0.9718,0.9979,0.9579,0.0378
10,3,7,4,0.9832,0.9818,0.9962,0.9812,0.0154
10,3,7,5,0.9892,0.9884,0.9954,0.9888,0.0235
10,3,7,6,0.9973,0.9969,0.9997,0.9971,0.0090
10,3,7,7,0.9965,0.9962,0.9999,0.9962,0.0094
10,3,7,8,0.9322,0.8967,1.0000,0.9232,0.0294
10,3,7,9,0.9926,0.9906,0.9964,0.9921,0.0167
10,3,7,10,0.9952,0.9940,1.0000,0.9950,0.0119
10,3,7,11,0.9958,0.9948,1.0000,0.9956,0.0106
10,3,8,0,0.9884,0.9845,0.9967,0.9871,0.0111
10,3,8,1,0.9953,0.9943,1.0000,0.9950,0.0108
10,3,8,2,0.9649,0.9693,0.9981,0.9620,0.0376
10,3,8,3,0.9771,0.9659,0.9987,0.9740,0.0111
10,3,8,4,0.9371,0.9037,0.9941,0.9298,0.0414
10,3,8,5,0.8823,0.8600,0.9708,0.8695,0.0660
10,3,8,6,0.9799,0.9858,0.9998,0.9772,0.0078
10,3,8,7,0.9700,0.9515,0.9955,0.9664,0.0235
10,3,8,8,0.7851,0.8000,0.9983,0.7522,0.0454
10,3,8,9,0.9932,0.9923,0.9999,0.9926,0.0138
10,3,8,10,0.9763,0.9761,0.9989,0.9756,0.0354
10,3,8,11,0.9827,0.9870,1.0000,0.9807,0.0171
10,3,9,0,0.9815,0.9752,0.9997,0.9793,0.0157
10,3,9,1,0.9962,0.9955,1.0000,0.9960,0.0098
10,3,9,2,0.9955,0.9951,1.0000,0.9950,0.0086
10,3,9,3,0.9114,0.8976,0.9959,0.8999,0.0422
10,3,9,4,0.9952,0.9969,0.9999,0.9948,0.0073
10,3,9,5,0.9923,0.9928,1.0000,0.9913,0.0087
10,3,9,6,0.9958,0.9947,1.0000,0.9956,0.0114
10,3,9,7,0.9801,0.9857,0.9998,0.9777,0.0181
10,3,9,8,0.9953,0.9967,1.0000,0.9947,0.0025
10,3,9,9,0.9954,0.9943,1.0000,0.9952,0.0117
10,3,9,10,0.9072,0.8688,0.9992,0.8951,0.0456
10,3,9,11,0.9960,0.9949,1.0000,0.9958,0.0108
10,3,10,0,0.9943,0.9933,0.9999,0.9935,0.0038
10,3,10,1,0.9961,0.9952,0.9999,0.9959,0.0105
10,3,10,2,0.9979,0.9973,0.9999,0.9978,0.0086
10,3,10,3,1.0000,1.0000,1.0000,1.0000,0.0000
10,3,10,4,0.9920,0.9919,0.9988,0.9912,0.0122
10,3,10,5,0.9381,0.9249,0.9998,0.9297,0.0302
10,3,10,6,0.9956,0.9947,0.9999,0.9953,0.0098
10,3,10,7,0.9976,0.9976,0.9998,0.9973,0.0054
10,3,10,8,0.9961,0.9953,0.9999,0.9958,0.0090
10,3,10,9,0.9127,0.8461,0.9909,0.9005,0.0176
10,3,10,10,0.9955,0.9943,1.0000,0.9953,0.0113
10,3,10,11,0.9650,0.9477,0.9954,0.9603,0.0098
10,3,11,0,0.6736,0.6635,0.9856,0.6177,0.0908
10,3,11,1,0.9971,0.9975,0.9993,0.9969,0.0087
10,3,11,2,0.9964,0.9960,0.9995,0.9960,0.0062
10,3,11,3,0.8921,0.8949,0.9967,0.8783,0.0525
10,3,11,4,0.9941,0.9925,0.9979,0.9940,0.0183
10,3,11,5,0.9960,0.9974,0.9999,0.9955,0.0032
10,3,11,6,0.9961,0.9952,0.9998,0.9958,0.0102
10,3,11,7,0.9948,0.9942,0.9975,0.9942,0.0073
10,3,11,8,0.1912,0.4882,0.9960,0.0357,0.0721
10,3,11,9,0.9963,0.9957,0.9999,0.9961,0.0094
10,3,11,10,0.9601,0.9530,0.9935,0.9575,0.0422
10,3,11,11,0.9518,0.9337,0.9969,0.9469,0.0400
10,4,0,0,0.8628,0.8470,0.9661,0.8458,0.0722
10,4,0,1,0.1604,0.2045,0.9035,0.0492,0.0224
10,4,0,2,0.7979,0.7958,0.9969,0.7628,0.0660
10,4,0,3,0.2649,0.2664,0.8916,0.1521,0.0132
10,4,0,4,0.5032,0.4662,0.9836,0.4055,0.0497
10,4,0,5,0.2909,0.2757,0.8590,0.1788,0.0162
10,4,0,6,0.8019,0.7870,0.9801,0.7693,0.0732
10,4,0,7,0.6372,0.6298,0.9890,0.5634,0.0741
10,4,0,8,0.6511,0.6829,0.9991,0.5822,0.0619
10,4,0,9,0.8412,0.8371,0.9723,0.8203,0.0775
10,4,0,10,0.7839,0.7570,0.9887,0.7491,0.0794
10,4,0,11,0.8567,0.8455,0.9700,0.8406,0.0759
10,4,1,0,0.6848,0.6567,1.0000,0.6239,0.0627
10,4,1,1,0.8466,0.8418,0.9959,0.8226,0.0646
10,4,1,2,0.8189,0.8210,1.0000,0.7884,0.0656
10,4,1,3,0.9196,0.8827,0.9818,0.9143,0.0590
10,4,1,4,0.9593,0.9590,0.9936,0.9565,0.0421
10,4,1,5,0.8568,0.8141,1.0000,0.8335,0.0516
10,4,1,6,0.9160,0.8743,0.9873,0.9025,0.0230
10,4,1,7,0.9630,0.9639,0.9974,0.9596,0.0378
10,4,1,8,0.9459,0.9476,0.9990,0.9398,0.0421
10,4,1,9,0.9801,0.9830,0.9995,0.9776,0.0200
10,4,1,10,0.2428,0.4838,1.0000,0.0713,0.0767
10,4,1,11,0.4062,0.3368,0.8877,0.3059,0.0238
10,4,2,0,0.8012,0.7626,0.9945,0.7666,0.0605
10,4,2,1,0.9935,0.9949,1.0000,0.9925,0.0046
10,4,2,2,0.4662,0.4751,0.9829,0.3693,0.0352
10,4,2,3,0.7201,0.6965,0.9994,0.6670,0.0695
10,4,2,4,0.7727,0.7993,1.0000,0.7321,0.0459
10,4,2,5,0.6491,0.6509,0.9999,0.5825,0.0527
10,4,2,6,0.9626,0.9732,0.9997,0.9570,0.0216
10,4,2,7,0.6670,0.6361,0.9891,0.5998,0.0835
10,4,2,8,0.5485,0.6909,0.9984,0.4628,0.0456
10,4,2,9,0.6199,0.5880,0.9959,0.5471,0.0513
10,4,2,10,0.8485,0.8247,0.9889,0.8274,0.0724
10,4,2,11,0.9888,0.9874,0.9999,0.9880,0.0202
10,4,3,0,0.9881,0.9903,0.9984,0.9874,0.0190
10,4,3,1,0.9643,0.9607,0.9991,0.9593,0.0260
10,4,3,2,0.5944,0.5763,0.9998,0.5135,0.0584
10,4,3,3,0.8327,0.8480,0.9974,0.8043,0.0319
10,4,3,4,0.9910,0.9919,0.9995,0.9904,0.0175
10,4,3,5,0.9637,0.9689,0.9965,0.9588,0.0263
10,4,3,6,0.7562,0.7326,0.9976,0.7115,0.0632
10,4,3,7,0.7114,0.6568,0.9676,0.6591,0.0462
10,4,3,8,0.7984,0.7685,0.9983,0.7628,0.0529
10,4,3,9,0.7345,0.7360,0.9993,0.6868,0.0425
10,4,3,10,0.9794,0.9686,0.9974,0.9767,0.0197
10,4,3,11,0.6671,0.7549,0.9994,0.6048,0.0468
10,4,4,0,0.5976,0.8125,0.9443,0.5341,0.0171
10,4,4,1,0.8910,0.8786,0.9999,0.8731,0.0327
10,4,4,2,0.9918,0.9931,1.0000,0.9907,0.0095
10,4,4,3,0.9039,0.8948,0.9995,0.8886,0.0341
10,4,4,4,0.9932,0.9950,0.9998,0.9921,0.0052
10,4,4,5,0.9204,0.8928,0.9999,0.9081,0.0359
10,4,4,6,0.9568,0.9548,0.9931,0.9523,0.0389
10,4,4,7,0.5959,0.5663,0.9713,0.5212,0.0417
10,4,4,8,0.9815,0.9880,1.0000,0.9786,0.0097
10,4,4,9,0.7825,0.8029,0.9846,0.7436,0.0584
10,4,4,10,0.9905,0.9929,0.9991,0.9894,0.0116
10,4,4,11,0.2643,0.4034,0.8225,0.1687,0.0241
10,4,5,0,0.9919,0.9929,0.9984,0.9911,0.0141
10,4,5,1,0.9882,0.9875,0.9990,0.9881,0.0241
10,4,5,2,0.8669,0.8985,0.9735,0.8450,0.0417
10,4,5,3,0.9368,0.9254,0.9736,0.9282,0.0397
10,4,5,4,0.9050,0.8929,0.9962,0.8914,0.0490
10,4,5,5,0.9895,0.9904,0.9998,0.9886,0.0148
10,4,5,6,0.9584,0.9486,0.9986,0.9519,0.0195
10,4,5,7,0.9553,0.9438,0.9945,0.9484,0.0173
10,4,5,8,0.9759,0.9660,0.9997,0.9721,0.0110
10,4,5,9,0.9938,0.9937,0.9994,0.9933,0.0146
10,4,5,10,0.9031,0.8980,0.9936,0.8877,0.0362
10,4,5,11,0.9850,0.9884,0.9988,0.9830,0.0138
10,4,6,0,0.7906,0.8373,0.9828,0.7535,0.0597
10,4,6,1,0.9819,0.9814,0.9971,0.9791,0.0103
10,4,6,2,0.9935,0.9957,0.9999,0.9925,0.0068
10,4,6,3,0.9056,0.9150,0.9997,0.8912,0.0473
10,4,6,4,0.9728,0.9749,0.9982,0.9695,0.0260
10,4,6,5,0.9925,0.9923,0.9997,0.9920,0.0159
10,4,6,6,0.9874,0.9825,1.0000,0.9856,0.0111
10,4,6,7,0.9324,0.9251,0.9929,0.9221,0.0337
10,4,6,8,0.9396,0.9328,0.9999,0.9305,0.0335
10,4,6,9,0.9889,0.9884,0.9990,0.9887,0.0238
10,4,6,10,0.9938,0.9939,0.9995,0.9934,0.0151
10,4,6,11,0.9655,0.9506,0.9969,0.9606,0.0219
10,4,7,0,0.9569,0.9385,1.0000,0.9501,0.0167
10,4,7,1,0.9889,0.9897,0.9988,0.9879,0.0156
10,4,7,2,0.9883,0.9877,0.9990,0.9882,0.0241
10,4,7,3,0.9669,0.9739,0.9999,0.9624,0.0259
10,4,7,4,0.9777,0.9818,0.9992,0.9743,0.0089
10,4,7,5,0.9926,0.9920,0.9989,0.9918,0.0113
10,4,7,6,0.9948,0.9949,0.9997,0.9940,0.0063
10,4,7,7,0.9901,0.9903,0.9994,0.9898,0.0216
10,4,7,8,0.9279,0.8921,0.9985,0.9163,0.0171
10,4,7,9,0.9952,0.9942,0.9993,0.9945,0.0051
10,4,7,10,0.9886,0.9881,0.9990,0.9884,0.0241
10,4,7,11,0.9900,0.9896,0.9992,0.9898,0.0229
10,4,8,0,0.9925,0.9906,0.9995,0.9913,0.0062
10,4,8,1,0.9896,0.9891,0.9991,0.9894,0.0230
10,4,8,2,0.9727,0.9771,0.9999,0.9692,0.0254
10,4,8,3,0.9756,0.9656,0.9950,0.9719,0.0129
10,4,8,4,0.9472,0.9182,0.9982,0.9393,0.0292
10,4,8,5,0.9096,0.8880,0.9813,0.8979,0.0538
10,4,8,6,0.9896,0.9912,0.9996,0.9882,0.0127
10,4,8,7,0.9631,0.9512,0.9989,0.9573,0.0122
10,4,8,8,0.8406,0.8423,0.9943,0.8136,0.0332
10,4,8,9,0.9862,0.9869,0.9993,0.9840,0.0060
10,4,8,10,0.9869,0.9831,1.0000,0.9861,0.0232
10,4,8,11,0.9896,0.9923,0.9992,0.9880,0.0059
10,4,9,0,0.9883,0.9830,0.9974,0.9865,0.0089
10,4,9,1,0.9900,0.9897,0.9991,0.9898,0.0221
10,4,9,2,0.9910,0.9914,0.9991,0.9907,0.0208
10,4,9,3,0.9398,0.9315,0.9991,0.9307,0.0300
10,4,9,4,0.9874,0.9892,0.9993,0.9866,0.0195
10,4,9,5,0.9942,0.9954,0.9991,0.9934,0.0054
10,4,9,6,0.9886,0.9881,0.9990,0.9884,0.0237
10,4,9,7,0.9846,0.9872,0.9977,0.9823,0.0084
10,4,9,8,0.9935,0.9941,0.9991,0.9930,0.0135
10,4,9,9,0.9883,0.9880,0.9990,0.9881,0.0240
10,4,9,10,0.9091,0.8869,1.0000,0.8945,0.0333
10,4,9,11,0.9898,0.9894,0.9990,0.9897,0.0230
10,4,10,0,0.9948,0.9944,0.9993,0.9943,0.0125
10,4,10,1,0.9894,0.9891,0.9994,0.9891,0.0227
10,4,10,2,0.9909,0.9907,0.9993,0.9906,0.0208
10,4,10,3,0.9920,0.9919,0.9988,0.9912,0.0122
10,4,10,4,1.0000,1.0000,1.0000,1.0000,0.0000
10,4,10,5,0.9223,0.9216,0.9996,0.9100,0.0208
10,4,10,6,0.9899,0.9897,0.9994,0.9896,0.0221
10,4,10,7,0.9957,0.9955,0.9996,0.9953,0.0103
10,4,10,8,0.9907,0.9904,0.9994,0.9904,0.0213
10,4,10,9,0.8949,0.8365,0.9832,0.8783,0.0070
10,4,10,10,0.9892,0.9885,0.9992,0.9890,0.0235
10,4,10,11,0.9571,0.9444,0.9989,0.9511,0.0170
10,4,11,0,0.7042,0.6827,0.9927,0.6472,0.0786
10,4,11,1,0.9905,0.9915,0.9999,0.9892,0.0073
10,4,11,2,0.9905,0.9905,0.9999,0.9899,0.0184
10,4,11,3,0.9292,0.9285,0.9995,0.9190,0.0403
10,4,11,4,0.9934,0.9932,0.9999,0.9924,0.0089
10,4,11,5,0.9919,0.9931,0.9994,0.9912,0.0151
10,4,11,6,0.9895,0.9894,0.9995,0.9891,0.0224
10,4,11,7,0.9872,0.9877,0.9998,0.9854,0.0081
10,4,11,8,0.2300,0.5103,0.9905,0.0703,0.0598
10,4,11,9,0.9899,0.9898,0.9995,0.9896,0.0216
10,4,11,10,0.9701,0.9677,0.9979,0.9669,0.0300
10,4,11,11,0.9606,0.9498,0.9996,0.9551,0.0278
10,5,0,0,0.8612,0.8697,0.9581,0.8397,0.0568
10,5,0,1,0.1652,0.2392,0.9157,0.0497,0.0390
10,5,0,2,0.7981,0.8456,0.9942,0.7591,0.0503
10,5,0,3,0.2791,0.3128,0.9045,0.1635,0.0146
10,5,0,4,0.5075,0.5380,0.9885,0.4052,0.0356
10,5,0,5,0.3083,0.3210,0.8737,0.1940,0.0116
10,5,0,6,0.8039,0.8218,0.9739,0.7673,0.0568
10,5,0,7,0.6733,0.7153,0.9842,0.6031,0.0578
10,5,0,8,0.6499,0.7428,0.9974,0.5756,0.0459
10,5,0,9,0.8392,0.8641,0.9650,0.8131,0.0640
10,5,0,10,0.7937,0.7901,0.9838,0.7565,0.0643
10,5,0,11,0.8499,0.8751,0.9624,0.8273,0.0614
10,5,1,0,0.7571,0.7726,0.9994,0.7085,0.0473
10,5,1,1,0.8617,0.8995,0.9928,0.8377,0.0486
10,5,1,2,0.8347,0.8692,0.9996,0.8041,0.0502
10,5,1,3,0.8898,0.8547,0.9758,0.8738,0.0506
10,5,1,4,0.9390,0.9489,0.9898,0.9300,0.0400
10,5,1,5,0.8603,0.8478,0.9994,0.8350,0.0362
10,5,1,6,0.9124,0.8902,0.9916,0.8969,0.0244
10,5,1,7,0.9320,0.9488,0.9949,0.9207,0.0354
10,5,1,8,0.9380,0.9502,0.9972,0.9285,0.0343
10,5,1,9,0.9428,0.9451,1.0000,0.9329,0.0252
10,5,1,10,0.2762,0.5296,0.9997,0.1045,0.0616
10,5,1,11,0.4274,0.3839,0.9008,0.3261,0.0151
10,5,2,0,0.8299,0.8470,0.9909,0.7982,0.0441
10,5,2,1,0.9419,0.9302,0.9997,0.9327,0.0225
10,5,2,2,0.5070,0.5933,0.9879,0.4130,0.0259
10,5,2,3,0.7657,0.7717,0.9980,0.7190,0.0548
10,5,2,4,0.7871,0.8386,0.9993,0.7464,0.0311
10,5,2,5,0.6849,0.7469,0.9992,0.6216,0.0373
10,5,2,6,0.9230,0.9547,1.0000,0.9096,0.0179
10,5,2,7,0.6959,0.6900,0.9844,0.6308,0.0671
10,5,2,8,0.6145,0.8002,0.9996,0.5376,0.0314
10,5,2,9,0.6381,0.6650,0.9982,0.5646,0.0362
10,5,2,10,0.8715,0.8723,0.9841,0.8523,0.0573
10,5,2,11,0.9468,0.9339,0.9992,0.9376,0.0286
10,5,3,0,0.9263,0.9025,0.9996,0.9176,0.0357
10,5,3,1,0.9556,0.9519,0.9999,0.9481,0.0217
10,5,3,2,0.6466,0.6833,1.0000,0.5725,0.0424
10,5,3,3,0.7690,0.8490,0.9991,0.7266,0.0225
10,5,3,4,0.9236,0.9068,1.0000,0.9139,0.0344
10,5,3,5,0.9463,0.9539,0.9937,0.9372,0.0205
10,5,3,6,0.8087,0.8100,0.9992,0.7722,0.0471
10,5,3,7,0.6946,0.7258,0.9746,0.6354,0.0302
10,5,3,8,0.8134,0.8531,0.9961,0.7779,0.0387
10,5,3,9,0.7912,0.8220,1.0000,0.7517,0.0325
10,5,3,10,0.9331,0.9263,0.9991,0.9214,0.0183
10,5,3,11,0.7459,0.8340,1.0000,0.6962,0.0337
10,5,4,0,0.5742,0.8562,0.9536,0.5039,0.0144
10,5,4,1,0.9095,0.9184,0.9991,0.8934,0.0179
10,5,4,2,0.9380,0.9177,0.9992,0.9289,0.0294
10,5,4,3,0.8824,0.9160,1.0000,0.8611,0.0206
10,5,4,4,0.9399,0.9290,0.9988,0.9303,0.0254
10,5,4,5,0.9380,0.9338,0.9992,0.9274,0.0243
10,5,4,6,0.9187,0.9453,0.9892,0.9048,0.0317
10,5,4,7,0.6247,0.6363,0.9779,0.5515,0.0273
10,5,4,8,0.9296,0.9421,0.9994,0.9178,0.0184
10,5,4,9,0.8115,0.8887,0.9791,0.7755,0.0421
10,5,4,10,0.9279,0.9180,0.9999,0.9178,0.0292
10,5,4,11,0.2919,0.5304,0.8389,0.1960,0.0408
10,5,5,0,0.9083,0.8958,0.9996,0.8955,0.0286
10,5,5,1,0.9181,0.8895,0.9999,0.9092,0.0408
10,5,5,2,0.8184,0.8933,0.9664,0.7841,0.0283
10,5,5,3,0.9585,0.9521,0.9664,0.9526,0.0275
10,5,5,4,0.8810,0.9039,0.9932,0.8599,0.0343
10,5,5,5,0.9294,0.9099,0.9999,0.9203,0.0321
10,5,5,6,0.9252,0.9103,0.9967,0.9124,0.0149
10,5,5,7,0.9199,0.9181,0.9910,0.9060,0.0162
10,5,5,8,0.9089,0.9127,0.9986,0.8938,0.0175
10,5,5,9,0.9251,0.9082,1.0000,0.9151,0.0322
10,5,5,10,0.8790,0.8910,0.9965,0.8570,0.0233
10,5,5,11,0.9310,0.9383,0.9970,0.9191,0.0181
10,5,6,0,0.8302,0.8935,0.9769,0.7983,0.0440
10,5,6,1,0.8786,0.9039,0.9944,0.8588,0.0133
10,5,6,2,0.9490,0.9314,0.9999,0.9408,0.0251
10,5,6,3,0.8203,0.8889,1.0000,0.7864,0.0316
10,5,6,4,0.9284,0.9259,0.9960,0.9159,0.0233
10,5,6,5,0.9431,0.9382,0.9985,0.9333,0.0252
10,5,6,6,0.9048,0.9182,0.9993,0.8886,0.0192
10,5,6,7,0.8666,0.8974,0.9959,0.8424,0.0230
10,5,6,8,0.9025,0.9077,0.9999,0.8851,0.0216
10,5,6,9,0.9179,0.8912,0.9999,0.9088,0.0405
10,5,6,10,0.9214,0.9041,1.0000,0.9107,0.0327
10,5,6,11,0.9557,0.9528,0.9942,0.9481,0.0163
10,5,7,0,0.9263,0.9208,0.9993,0.9139,0.0133
10,5,7,1,0.9296,0.9092,0.9998,0.9205,0.0329
10,5,7,2,0.9187,0.8907,0.9999,0.9098,0.0408
10,5,7,3,0.9298,0.9523,0.9989,0.9175,0.0222
10,5,7,4,0.9495,0.9372,0.9977,0.9416,0.0151
10,5,7,5,0.9433,0.9327,0.9970,0.9336,0.0235
10,5,7,6,0.9366,0.9285,1.0000,0.9270,0.0256
10,5,7,7,0.9214,0.8997,1.0000,0.9120,0.0383
10,5,7,8,0.9017,0.9266,0.9997,0.8846,0.0160
10,5,7,9,0.9448,0.9417,0.9978,0.9358,0.0208
10,5,7,10,0.9181,0.8908,0.9999,0.9090,0.0408
10,5,7,11,0.9199,0.8944,0.9999,0.9107,0.0395
10,5,8,0,0.9094,0.9072,0.9981,0.8951,0.0238
10,5,8,1,0.9189,0.8920,0.9999,0.9096,0.0397
10,5,8,2,0.9333,0.9551,0.9991,0.9216,0.0240
10,5,8,3,0.9294,0.9190,0.9975,0.9186,0.0244
10,5,8,4,0.8824,0.9057,0.9960,0.8613,0.0205
10,5,8,5,0.9180,0.9121,0.9752,0.9056,0.0378
10,5,8,6,0.9007,0.8957,1.0000,0.8859,0.0230
10,5,8,7,0.9332,0.9197,0.9971,0.9220,0.0140
10,5,8,8,0.7075,0.7983,0.9970,0.6532,0.0213
10,5,8,9,0.9385,0.9334,1.0000,0.9287,0.0202
10,5,8,10,0.9214,0.9289,0.9996,0.9076,0.0240
10,5,8,11,0.9098,0.9221,0.9999,0.8951,0.0171
10,5,9,0,0.9146,0.9062,0.9991,0.9009,0.0198
10,5,9,1,0.9217,0.8962,0.9999,0.9127,0.0387
10,5,9,2,0.9186,0.8975,0.9999,0.9087,0.0375
10,5,9,3,0.8591,0.8760,0.9974,0.8337,0.0197
10,5,9,4,0.9223,0.9055,1.0000,0.9129,0.0362
10,5,9,5,0.9321,0.9196,0.9999,0.9217,0.0237
10,5,9,6,0.9199,0.8930,0.9999,0.9111,0.0403
10,5,9,7,0.9270,0.9297,0.9993,0.9151,0.0156
10,5,9,8,0.9229,0.9072,0.9999,0.9125,0.0305
10,5,9,9,0.9191,0.8916,0.9999,0.9101,0.0406
10,5,9,10,0.9627,0.9500,0.9998,0.9567,0.0205
10,5,9,11,0.9210,0.8942,0.9999,0.9120,0.0397
10,5,10,0,0.9129,0.9031,1.0000,0.9007,0.0305
10,5,10,1,0.9203,0.8959,1.0000,0.9111,0.0394
10,5,10,2,0.9264,0.9045,1.0000,0.9176,0.0375
10,5,10,3,0.9381,0.9249,0.9998,0.9297,0.0302
10,5,10,4,0.9223,0.9216,0.9996,0.9100,0.0208
10,5,10,5,1.0000,1.0000,1.0000,1.0000,0.0000
10,5,10,6,0.9182,0.8945,1.0000,0.9086,0.0387
10,5,10,7,0.9310,0.9133,1.0000,0.9211,0.0298
10,5,10,8,0.9209,0.8971,1.0000,0.9115,0.0383
10,5,10,9,0.9126,0.9000,0.9882,0.8981,0.0211
10,5,10,10,0.9192,0.8921,0.9999,0.9101,0.0402
10,5,10,11,0.8877,0.8744,0.9970,0.8712,0.0260
10,5,11,0,0.7227,0.7390,0.9887,0.6651,0.0622
10,5,11,1,0.9467,0.9289,0.9998,0.9387,0.0262
10,5,11,2,0.9210,0.8997,0.9999,0.9109,0.0360
10,5,11,3,0.8095,0.8830,0.9981,0.7737,0.0240
10,5,11,4,0.9414,0.9223,0.9989,0.9317,0.0275
10,5,11,5,0.9193,0.9079,1.0000,0.9085,0.0321
10,5,11,6,0.9220,0.8956,1.0000,0.9129,0.0390
10,5,11,7,0.9441,0.9240,0.9987,0.9357,0.0260
10,5,11,8,0.2596,0.5590,0.9941,0.0988,0.0438
10,5,11,9,0.9215,0.8975,1.0000,0.9122,0.0383
10,5,11,10,0.9217,0.9429,0.9955,0.9080,0.0241
10,5,11,11,0.9047,0.9357,0.9983,0.8878,0.0206
10,6,0,0,0.8155,0.8101,0.9565,0.7999,0.0943
10,6,0,1,0.1131,0.1550,0.9180,0.0101,0.0013
10,6,0,2,0.7307,0.7351,0.9935,0.6934,0.0881
10,6,0,3,0.2097,0.2103,0.9069,0.1039,0.0289
10,6,0,4,0.4307,0.4011,0.9893,0.3351,0.0717
10,6,0,5,0.2429,0.2214,0.8764,0.1386,0.0338
10,6,0,6,0.7418,0.7346,0.9726,0.7089,0.0952
10,6,0,7,0.5548,0.5584,0.9832,0.4787,0.0962
10,6,0,8,0.5749,0.6143,0.9970,0.5047,0.0840
10,6,0,9,0.7842,0.7946,0.9635,0.7630,0.0995
10,6,0,10,0.7261,0.7062,0.9828,0.6924,0.1014
10,6,0,11,0.8007,0.7974,0.9608,0.7844,0.0979
10,6,1,0,0.6210,0.5888,0.9992,0.5608,0.0848
10,6,1,1,0.7901,0.7854,0.9921,0.7652,0.0867
10,6,1,2,0.7569,0.7612,0.9994,0.7248,0.0876
10,6,1,3,0.8947,0.8644,0.9745,0.8942,0.0811
10,6,1,4,0.9332,0.9311,0.9890,0.9322,0.0641
10,6,1,5,0.8098,0.7563,0.9992,0.7867,0.0737
10,6,1,6,0.8915,0.8420,0.9923,0.8792,0.0451
10,6,1,7,0.9338,0.9352,0.9943,0.9311,0.0598
10,6,1,8,0.9152,0.9147,0.9968,0.9101,0.0641
10,6,1,9,0.9652,0.9658,1.0000,0.9638,0.0421
10,6,1,10,0.1775,0.4390,0.9996,0.0155,0.0987
10,6,1,11,0.3625,0.2824,0.9033,0.2693,0.0459
10,6,2,0,0.7424,0.6964,0.9902,0.7072,0.0825
10,6,2,1,0.9895,0.9887,0.9995,0.9891,0.0222
10,6,2,2,0.3935,0.4041,0.9887,0.2987,0.0573
10,6,2,3,0.6618,0.6446,0.9977,0.6101,0.0916
10,6,2,4,0.7182,0.7369,0.9991,0.6776,0.0679
10,6,2,5,0.5738,0.5750,0.9989,0.5059,0.0748
10,6,2,6,0.9440,0.9501,1.0000,0.9393,0.0437
10,6,2,7,0.5996,0.5842,0.9833,0.5333,0.1056
10,6,2,8,0.4799,0.6338,0.9998,0.3958,0.0676
10,6,2,9,0.5429,0.5182,0.9985,0.4690,0.0733
10,6,2,10,0.7947,0.7732,0.9831,0.7738,0.0944
10,6,2,11,0.9785,0.9751,0.9989,0.9796,0.0422
10,6,3,0,0.9987,0.9982,0.9998,0.9985,0.0033
10,6,3,1,0.9463,0.9360,1.0000,0.9426,0.0481
10,6,3,2,0.5369,0.5235,0.9999,0.4596,0.0805
10,6,3,3,0.7979,0.8006,0.9993,0.7708,0.0540
10,6,3,4,0.9986,0.9989,1.0000,0.9985,0.0046
10,6,3,5,0.9497,0.9482,0.9930,0.9469,0.0484
10,6,3,6,0.7003,0.6753,0.9994,0.6565,0.0852
10,6,3,7,0.6545,0.6029,0.9759,0.6027,0.0683
10,6,3,8,0.7428,0.7074,0.9956,0.7067,0.0749
10,6,3,9,0.6912,0.6841,1.0000,0.6460,0.0646
10,6,3,10,0.9645,0.9472,0.9993,0.9629,0.0417
10,6,3,11,0.6177,0.6963,1.0000,0.5585,0.0689
10,6,4,0,0.5688,0.7805,0.9553,0.5103,0.0344
10,6,4,1,0.8516,0.8257,0.9989,0.8331,0.0548
10,6,4,2,0.9964,0.9962,0.9990,0.9964,0.0151
10,6,4,3,0.8747,0.8650,1.0000,0.8606,0.0562
10,6,4,4,0.9922,0.9909,0.9985,0.9923,0.0229
10,6,4,5,0.9030,0.8616,0.9990,0.8935,0.0579
10,6,4,6,0.9250,0.9237,0.9883,0.9208,0.0610
10,6,4,7,0.5261,0.4917,0.9790,0.4519,0.0638
10,6,4,8,0.9761,0.9732,0.9992,0.9746,0.0302
10,6,4,9,0.7305,0.7643,0.9779,0.6926,0.0805
10,6,4,10,0.9957,0.9950,1.0000,0.9954,0.0108
10,6,4,11,0.2095,0.3340,0.8420,0.1193,0.0021
10,6,5,0,0.9922,0.9942,0.9998,0.9915,0.0111
10,6,5,1,0.9998,0.9997,1.0000,0.9998,0.0021
10,6,5,2,0.8361,0.8737,0.9649,0.8166,0.0638
10,6,5,3,0.9146,0.8939,0.9650,0.9085,0.0617
10,6,5,4,0.8756,0.8620,0.9925,0.8644,0.0711
10,6,5,5,0.9976,0.9970,0.9999,0.9974,0.0073
10,6,5,6,0.9505,0.9290,0.9962,0.9458,0.0390
10,6,5,7,0.9587,0.9390,0.9903,0.9556,0.0394
10,6,5,8,0.9720,0.9611,0.9983,0.9698,0.0305
10,6,5,9,0.9984,0.9984,1.0000,0.9983,0.0075
10,6,5,10,0.8730,0.8703,0.9969,0.8587,0.0583
10,6,5,11,0.9759,0.9743,0.9965,0.9753,0.0359
10,6,6,0,0.7537,0.8073,0.9757,0.7203,0.0817
10,6,6,1,0.9661,0.9693,0.9938,0.9629,0.0311
10,6,6,2,0.9911,0.9903,0.9998,0.9911,0.0232
10,6,6,3,0.8533,0.8711,0.9999,0.8366,0.0694
10,6,6,4,0.9572,0.9531,0.9955,0.9555,0.0481
10,6,6,5,0.9775,0.9758,0.9982,0.9777,0.0379
10,6,6,6,0.9769,0.9680,0.9991,0.9760,0.0332
10,6,6,7,0.8985,0.8954,0.9964,0.8879,0.0557
10,6,6,8,0.9043,0.8933,0.9998,0.8945,0.0556
10,6,6,9,0.9998,0.9998,1.0000,0.9998,0.0017
10,6,6,10,0.9987,0.9988,1.0000,0.9987,0.0073
10,6,6,11,0.9512,0.9240,0.9935,0.9478,0.0440
10,6,7,0,0.9558,0.9287,0.9991,0.9516,0.0359
10,6,7,1,0.9974,0.9958,0.9999,0.9971,0.0068
10,6,7,2,0.9998,0.9998,1.0000,0.9998,0.0021
10,6,7,3,0.9463,0.9521,0.9987,0.9427,0.0476
10,6,7,4,0.9782,0.9754,0.9972,0.9763,0.0240
10,6,7,5,0.9837,0.9821,0.9966,0.9840,0.0333
10,6,7,6,0.9936,0.9920,1.0000,0.9935,0.0183
10,6,7,7,0.9997,0.9997,1.0000,0.9997,0.0008
10,6,7,8,0.9107,0.8672,0.9998,0.9005,0.0392
10,6,7,9,0.9863,0.9826,0.9975,0.9859,0.0265
10,6,7,10,0.9999,0.9998,1.0000,0.9999,0.0021
10,6,7,11,0.9999,0.9998,1.0000,0.9999,0.0008
10,6,8,0,0.9919,0.9888,0.9977,0.9918,0.0210
10,6,8,1,0.9999,0.9998,1.0000,0.9998,0.0010
10,6,8,2,0.9503,0.9502,0.9989,0.9473,0.0475
10,6,8,3,0.9759,0.9598,0.9979,0.9735,0.0210
10,6,8,4,0.9316,0.8962,0.9955,0.9258,0.0513
10,6,8,5,0.8665,0.8385,0.9740,0.8549,0.0759
10,6,8,6,0.9831,0.9885,1.0000,0.9814,0.0173
10,6,8,7,0.9661,0.9457,0.9967,0.9633,0.0333
10,6,8,8,0.7789,0.7908,0.9974,0.7487,0.0552
10,6,8,9,0.9862,0.9829,1.0000,0.9855,0.0237
10,6,8,10,0.9660,0.9649,0.9994,0.9656,0.0452
10,6,8,11,0.9818,0.9833,1.0000,0.9808,0.0270
10,6,9,0,0.9833,0.9753,0.9993,0.9822,0.0256
10,6,9,1,0.9998,0.9998,1.0000,0.9997,0.0006
10,6,9,2,0.9997,0.9995,1.0000,0.9996,0.0013
10,6,9,3,0.9095,0.8942,0.9970,0.9003,0.0521
10,6,9,4,0.9981,0.9986,1.0000,0.9979,0.0032
10,6,9,5,0.9924,0.9906,1.0000,0.9921,0.0186
10,6,9,6,0.9998,0.9998,1.0000,0.9998,0.0016
10,6,9,7,0.9779,0.9783,0.9995,0.9763,0.0276
10,6,9,8,0.9970,0.9976,1.0000,0.9967,0.0086
10,6,9,9,0.9998,0.9998,1.0000,0.9998,0.0019
10,6,9,10,0.8903,0.8444,0.9997,0.8782,0.0554
10,6,9,11,0.9999,0.9998,1.0000,0.9999,0.0010
10,6,10,0,0.9971,0.9963,1.0000,0.9970,0.0105
10,6,10,1,0.9999,0.9998,1.0000,0.9998,0.0010
10,6,10,2,0.9994,0.9993,1.0000,0.9993,0.0013
10,6,10,3,0.9956,0.9947,0.9999,0.9953,0.0098
10,6,10,4,0.9899,0.9897,0.9994,0.9896,0.0221
10,6,10,5,0.9182,0.8945,1.0000,0.9086,0.0387
10,6,10,6,1.0000,1.0000,1.0000,1.0000,0.0000
10,6,10,7,0.9973,0.9968,1.0000,0.9974,0.0124
10,6,10,8,0.9998,0.9998,1.0000,0.9997,0.0008
10,6,10,9,0.8872,0.8124,0.9890,0.8731,0.0275
10,6,10,10,0.9999,0.9998,1.0000,0.9999,0.0014
10,6,10,11,0.9711,0.9559,0.9966,0.9678,0.0184
10,6,11,0,0.6298,0.6277,0.9878,0.5710,0.1006
10,6,11,1,0.9926,0.9916,0.9997,0.9923,0.0179
10,6,11,2,0.9993,0.9994,0.9998,0.9993,0.0040
10,6,11,3,0.8858,0.8873,0.9977,0.8743,0.0624
10,6,11,4,0.9910,0.9896,0.9987,0.9914,0.0281
10,6,11,5,0.9974,0.9982,1.0000,0.9973,0.0076
10,6,11,6,0.9999,0.9999,1.0000,0.9999,0.0006
10,6,11,7,0.9930,0.9908,0.9984,0.9927,0.0171
10,6,11,8,0.1630,0.4562,0.9947,0.0119,0.0819
10,6,11,9,0.9998,0.9998,1.0000,0.9998,0.0005
10,6,11,10,0.9470,0.9399,0.9949,0.9446,0.0521
10,6,11,11,0.9412,0.9231,0.9979,0.9369,0.0498
10,7,0,0,0.8421,0.8258,0.9581,0.8249,0.0819
10,7,0,1,0.1482,0.1904,0.9158,0.0410,0.0127
10,7,0,2,0.7682,0.7653,0.9942,0.7312,0.0757
10,7,0,3,0.2478,0.2488,0.9045,0.1384,0.0194
10,7,0,4,0.4707,0.4407,0.9885,0.3728,0.0594
10,7,0,5,0.2791,0.2591,0.8737,0.1711,0.0233
10,7,0,6,0.7746,0.7598,0.9739,0.7407,0.0829
10,7,0,7,0.5987,0.5939,0.9842,0.5222,0.0838
10,7,0,8,0.6152,0.6481,0.9974,0.5442,0.0716
10,7,0,9,0.8152,0.8131,0.9650,0.7929,0.0871
10,7,0,10,0.7624,0.7352,0.9838,0.7281,0.0890
10,7,0,11,0.8326,0.8216,0.9624,0.8155,0.0856
10,7,1,0,0.6561,0.6246,0.9994,0.5945,0.0727
10,7,1,1,0.8209,0.8154,0.9928,0.7955,0.0743
10,7,1,2,0.7910,0.7943,0.9996,0.7587,0.0756
10,7,1,3,0.9134,0.8760,0.9757,0.9106,0.0687
10,7,1,4,0.9500,0.9486,0.9898,0.9478,0.0517
10,7,1,5,0.8392,0.7905,0.9994,0.8159,0.0613
10,7,1,6,0.9099,0.8621,0.9916,0.8972,0.0327
10,7,1,7,0.9507,0.9521,0.9949,0.9471,0.0475
10,7,1,8,0.9339,0.9346,0.9972,0.9280,0.0517
10,7,1,9,0.9751,0.9778,1.0000,0.9729,0.0300
10,7,1,10,0.2182,0.4636,0.9997,0.0507,0.0867
10,7,1,11,0.3966,0.3205,0.9009,0.3004,0.0335
10,7,2,0,0.7740,0.7318,0.9909,0.7380,0.0702
10,7,2,1,0.9938,0.9950,0.9997,0.9930,0.0111
10,7,2,2,0.4298,0.4420,0.9879,0.3321,0.0452
10,7,2,3,0.6963,0.6724,0.9980,0.6432,0.0792
10,7,2,4,0.7420,0.7658,0.9993,0.6993,0.0559
10,7,2,5,0.6139,0.6160,0.9992,0.5454,0.0624
10,7,2,6,0.9551,0.9663,1.0000,0.9495,0.0316
10,7,2,7,0.6404,0.6137,0.9844,0.5734,0.0932
10,7,2,8,0.5137,0.6657,0.9996,0.4269,0.0552
10,7,2,9,0.5830,0.5570,0.9982,0.5082,0.0610
10,7,2,10,0.8272,0.8043,0.9841,0.8059,0.0821
10,7,2,11,0.9876,0.9858,0.9992,0.9878,0.0298
10,7,3,0,0.9972,0.9973,0.9997,0.9971,0.0100
10,7,3,1,0.9586,0.9525,0.9999,0.9542,0.0360
10,7,3,2,0.5725,0.5527,1.0000,0.4930,0.0681
10,7,3,3,0.8108,0.8223,0.9991,0.7812,0.0416
10,7,3,4,0.9971,0.9979,1.0000,0.9969,0.0081
10,7,3,5,0.9616,0.9617,0.9937,0.9579,0.0360
10,7,3,6,0.7334,0.7076,0.9992,0.6887,0.0729
10,7,3,7,0.6887,0.6379,0.9747,0.6362,0.0559
10,7,3,8,0.7733,0.7419,0.9961,0.7366,0.0625
10,7,3,9,0.7167,0.7142,1.0000,0.6696,0.0522
10,7,3,10,0.9766,0.9640,0.9991,0.9746,0.0297
10,7,3,11,0.6435,0.7260,1.0000,0.5814,0.0565
10,7,4,0,0.5837,0.8013,0.9536,0.5217,0.0227
10,7,4,1,0.8723,0.8522,0.9991,0.8533,0.0424
10,7,4,2,0.9976,0.9977,0.9992,0.9973,0.0033
10,7,4,3,0.8959,0.8870,1.0000,0.8814,0.0438
10,7,4,4,0.9959,0.9960,0.9988,0.9956,0.0105
10,7,4,5,0.9182,0.8811,0.9992,0.9075,0.0456
10,7,4,6,0.9433,0.9432,0.9892,0.9384,0.0486
10,7,4,7,0.5691,0.5385,0.9779,0.4945,0.0514
10,7,4,8,0.9806,0.9827,0.9994,0.9783,0.0181
10,7,4,9,0.7622,0.7870,0.9790,0.7235,0.0681
10,7,4,10,0.9961,0.9974,0.9999,0.9956,0.0054
10,7,4,11,0.2355,0.3728,0.8390,0.1410,0.0144
10,7,5,0,0.9929,0.9951,0.9997,0.9920,0.0089
10,7,5,1,0.9965,0.9955,0.9999,0.9967,0.0144
10,7,5,2,0.8504,0.8865,0.9664,0.8283,0.0514
10,7,5,3,0.9311,0.9109,0.9664,0.9238,0.0494
10,7,5,4,0.8959,0.8818,0.9932,0.8834,0.0587
10,7,5,5,0.9964,0.9957,0.9999,0.9960,0.0070
10,7,5,6,0.9551,0.9390,0.9967,0.9490,0.0267
10,7,5,7,0.9605,0.9450,0.9910,0.9555,0.0270
10,7,5,8,0.9758,0.9647,0.9986,0.9726,0.0181
10,7,5,9,0.9983,0.9984,1.0000,0.9981,0.0049
10,7,5,10,0.8960,0.8901,0.9965,0.8816,0.0459
10,7,5,11,0.9841,0.9849,0.9970,0.9828,0.0235
10,7,6,0,0.7750,0.8218,0.9769,0.7389,0.0694
10,7,6,1,0.9733,0.9739,0.9944,0.9697,0.0187
10,7,6,2,0.9958,0.9956,0.9999,0.9954,0.0111
10,7,6,3,0.8777,0.8931,1.0000,0.8607,0.0570
10,7,6,4,0.9664,0.9645,0.9960,0.9634,0.0357
10,7,6,5,0.9872,0.9869,0.9985,0.9867,0.0256
10,7,6,6,0.9822,0.9774,0.9993,0.9804,0.0208
10,7,6,7,0.9164,0.9151,0.9959,0.9052,0.0433
10,7,6,8,0.9223,0.9138,0.9999,0.9121,0.0435
10,7,6,9,0.9967,0.9959,0.9999,0.9969,0.0141
10,7,6,10,0.9984,0.9988,1.0000,0.9983,0.0051
10,7,6,11,0.9613,0.9401,0.9942,0.9570,0.0316
10,7,7,0,0.9606,0.9366,0.9993,0.9553,0.0238
10,7,7,1,0.9972,0.9968,0.9998,0.9969,0.0075
10,7,7,2,0.9966,0.9957,0.9999,0.9968,0.0144
10,7,7,3,0.9606,0.9685,0.9989,0.9565,0.0356
10,7,7,4,0.9839,0.9817,0.9976,0.9818,0.0151
10,7,7,5,0.9912,0.9893,0.9970,0.9908,0.0210
10,7,7,6,0.9969,0.9973,1.0000,0.9966,0.0065
10,7,7,7,0.9975,0.9974,1.0000,0.9975,0.0119
10,7,7,8,0.9254,0.8898,0.9997,0.9148,0.0268
10,7,7,9,0.9938,0.9912,0.9978,0.9933,0.0141
10,7,7,10,0.9968,0.9959,0.9999,0.9969,0.0144
10,7,7,11,0.9974,0.9966,0.9999,0.9975,0.0132
10,7,8,0,0.9928,0.9901,0.9980,0.9919,0.0086
10,7,8,1,0.9973,0.9964,0.9999,0.9974,0.0133
10,7,8,2,0.9629,0.9669,0.9991,0.9591,0.0351
10,7,8,3,0.9803,0.9675,0.9975,0.9776,0.0095
10,7,8,4,0.9401,0.9081,0.9960,0.9327,0.0389
10,7,8,5,0.8896,0.8617,0.9752,0.8770,0.0635
10,7,8,6,0.9882,0.9917,1.0000,0.9866,0.0100
10,7,8,7,0.9699,0.9523,0.9971,0.9659,0.0210
10,7,8,8,0.8028,0.8119,0.9970,0.7718,0.0429
10,7,8,9,0.9912,0.9906,1.0000,0.9901,0.0116
10,7,8,10,0.9794,0.9781,0.9996,0.9786,0.0329
10,7,8,11,0.9865,0.9894,0.9999,0.9849,0.0152
10,7,9,0,0.9887,0.9816,0.9991,0.9873,0.0144
10,7,9,1,0.9975,0.9969,0.9999,0.9976,0.0124
10,7,9,2,0.9975,0.9975,0.9999,0.9975,0.0111
10,7,9,3,0.9212,0.9087,0.9974,0.9106,0.0397
10,7,9,4,0.9957,0.9970,1.0000,0.9954,0.0105
10,7,9,5,0.9954,0.9954,0.9999,0.9948,0.0065
10,7,9,6,0.9969,0.9961,0.9999,0.9970,0.0140
10,7,9,7,0.9846,0.9864,0.9993,0.9826,0.0162
10,7,9,8,0.9976,0.9983,0.9999,0.9973,0.0054
10,7,9,9,0.9967,0.9959,0.9999,0.9969,0.0143
10,7,9,10,0.9087,0.8675,0.9998,0.8960,0.0430
10,7,9,11,0.9974,0.9966,0.9999,0.9975,0.0133
10,7,10,0,0.9974,0.9974,1.0000,0.9970,0.0051
10,7,10,1,0.9972,0.9967,1.0000,0.9973,0.0130
10,7,10,2,0.9981,0.9976,1.0000,0.9981,0.0111
10,7,10,3,0.9976,0.9976,0.9998,0.9973,0.0054
10,7,10,4,0.9957,0.9955,0.9996,0.9953,0.0103
10,7,10,5,0.9310,0.9133,1.0000,0.9211,0.0298
10,7,10,6,0.9973,0.9968,1.0000,0.9974,0.0124
10,7,10,7,1.0000,1.0000,1.0000,1.0000,0.0000
10,7,10,8,0.9976,0.9971,1.0000,0.9976,0.0116
10,7,10,9,0.9022,0.8372,0.9882,0.8879,0.0151
10,7,10,10,0.9971,0.9962,0.9999,0.9972,0.0138
10,7,10,11,0.9670,0.9506,0.9970,0.9625,0.0127
10,7,11,0,0.6749,0.6577,0.9887,0.6169,0.0883
10,7,11,1,0.9955,0.9958,0.9998,0.9949,0.0068
10,7,11,2,0.9975,0.9976,0.9999,0.9974,0.0087
10,7,11,3,0.9012,0.9035,0.9981,0.8881,0.0500
10,7,11,4,0.9959,0.9941,0.9989,0.9958,0.0157
10,7,11,5,0.9967,0.9984,1.0000,0.9963,0.0073
10,7,11,6,0.9974,0.9969,1.0000,0.9974,0.0127
10,7,11,7,0.9945,0.9936,0.9987,0.9937,0.0057
10,7,11,8,0.2024,0.4862,0.9941,0.0458,0.0698
10,7,11,9,0.9975,0.9971,1.0000,0.9975,0.0119
10,7,11,10,0.9616,0.9560,0.9955,0.9585,0.0397
10,7,11,11,0.9533,0.9375,0.9983,0.9481,0.0375
10,8,0,0,0.8181,0.8134,0.9569,0.8026,0.0935
10,8,0,1,0.1176,0.1614,0.9174,0.0147,0.0017
10,8,0,2,0.7336,0.7381,0.9937,0.6965,0.0873
10,8,0,3,0.2157,0.2169,0.9062,0.1102,0.0281
10,8,0,4,0.4370,0.4084,0.9891,0.3420,0.0710
10,8,0,5,0.2492,0.2280,0.8757,0.1453,0.0330
10,8,0,6,0.7451,0.7379,0.9729,0.7124,0.0944
10,8,0,7,0.5588,0.5636,0.9835,0.4831,0.0954
10,8,0,8,0.5786,0.6193,0.9971,0.5086,0.0832
10,8,0,9,0.7873,0.7979,0.9639,0.7664,0.0987
10,8,0,10,0.7307,0.7115,0.9831,0.6976,0.1006
10,8,0,11,0.8031,0.8015,0.9613,0.7868,0.0971
10,8,1,0,0.6261,0.5936,0.9993,0.5664,0.0840
10,8,1,1,0.7945,0.7901,0.9923,0.7702,0.0859
10,8,1,2,0.7616,0.7664,0.9995,0.7299,0.0868
10,8,1,3,0.8960,0.8663,0.9749,0.8954,0.0803
10,8,1,4,0.9346,0.9340,0.9892,0.9336,0.0633
10,8,1,5,0.8142,0.7617,0.9993,0.7917,0.0729
10,8,1,6,0.8938,0.8432,0.9921,0.8816,0.0443
10,8,1,7,0.9352,0.9375,0.9945,0.9324,0.0590
10,8,1,8,0.9177,0.9183,0.9969,0.9128,0.0633
10,8,1,9,0.9667,0.9683,1.0000,0.9654,0.0413
10,8,1,10,0.1787,0.4451,0.9996,0.0160,0.0979
10,8,1,11,0.3695,0.2891,0.9026,0.2769,0.0451
10,8,2,0,0.7466,0.7009,0.9904,0.7118,0.0817
10,8,2,1,0.9904,0.9903,0.9996,0.9901,0.0217
10,8,2,2,0.3967,0.4089,0.9885,0.3019,0.0565
10,8,2,3,0.6668,0.6481,0.9978,0.6156,0.0908
10,8,2,4,0.7237,0.7419,0.9992,0.6837,0.0671
10,8,2,5,0.5783,0.5796,0.9990,0.5108,0.0740
10,8,2,6,0.9451,0.9534,1.0000,0.9403,0.0429
10,8,2,7,0.6027,0.5895,0.9836,0.5366,0.1048
10,8,2,8,0.4829,0.6398,0.9997,0.3989,0.0668
10,8,2,9,0.5426,0.5197,0.9984,0.4682,0.0725
10,8,2,10,0.7981,0.7777,0.9834,0.7775,0.0937
10,8,2,11,0.9793,0.9764,0.9990,0.9803,0.0414
10,8,3,0,0.9988,0.9982,0.9997,0.9987,0.0029
10,8,3,1,0.9489,0.9391,1.0000,0.9455,0.0473
10,8,3,2,0.5387,0.5271,0.9999,0.4613,0.0797
10,8,3,3,0.7984,0.8039,0.9993,0.7711,0.0532
10,8,3,4,0.9983,0.9992,1.0000,0.9982,0.0038
10,8,3,5,0.9499,0.9495,0.9932,0.9470,0.0476
10,8,3,6,0.7039,0.6801,0.9994,0.6604,0.0844
10,8,3,7,0.6535,0.6052,0.9756,0.6011,0.0675
10,8,3,8,0.7455,0.7111,0.9958,0.7095,0.0741
10,8,3,9,0.6931,0.6896,1.0000,0.6478,0.0638
10,8,3,10,0.9664,0.9496,0.9993,0.9649,0.0410
10,8,3,11,0.6189,0.7018,1.0000,0.5595,0.0681
10,8,4,0,0.5661,0.7858,0.9549,0.5068,0.0337
10,8,4,1,0.8572,0.8308,0.9990,0.8394,0.0540
10,8,4,2,0.9967,0.9968,0.9991,0.9967,0.0143
10,8,4,3,0.8746,0.8669,1.0000,0.8603,0.0554
10,8,4,4,0.9926,0.9917,0.9986,0.9927,0.0221
10,8,4,5,0.9050,0.8638,0.9990,0.8955,0.0571
10,8,4,6,0.9258,0.9258,0.9886,0.9215,0.0602
10,8,4,7,0.5317,0.4980,0.9787,0.4580,0.0630
10,8,4,8,0.9759,0.9751,0.9993,0.9743,0.0294
10,8,4,9,0.7323,0.7674,0.9782,0.6943,0.0797
10,8,4,10,0.9954,0.9955,1.0000,0.9951,0.0100
10,8,4,11,0.2096,0.3388,0.8412,0.1190,0.0029
10,8,5,0,0.9927,0.9945,0.9997,0.9919,0.0103
10,8,5,1,0.9997,0.9996,0.9999,0.9997,0.0029
10,8,5,2,0.8365,0.8761,0.9653,0.8167,0.0630
10,8,5,3,0.9168,0.8962,0.9654,0.9108,0.0610
10,8,5,4,0.8752,0.8632,0.9927,0.8636,0.0703
10,8,5,5,0.9974,0.9970,0.9999,0.9971,0.0065
10,8,5,6,0.9515,0.9314,0.9963,0.9468,0.0383
10,8,5,7,0.9572,0.9392,0.9905,0.9537,0.0386
10,8,5,8,0.9719,0.9612,0.9984,0.9696,0.0297
10,8,5,9,0.9984,0.9986,1.0000,0.9984,0.0067
10,8,5,10,0.8716,0.8695,0.9968,0.8568,0.0575
10,8,5,11,0.9760,0.9759,0.9967,0.9752,0.0351
10,8,6,0,0.7574,0.8086,0.9760,0.7244,0.0810
10,8,6,1,0.9652,0.9692,0.9940,0.9618,0.0303
10,8,6,2,0.9918,0.9911,0.9999,0.9918,0.0224
10,8,6,3,0.8529,0.8717,0.9999,0.8358,0.0686
10,8,6,4,0.9582,0.9540,0.9957,0.9565,0.0473
10,8,6,5,0.9784,0.9774,0.9983,0.9785,0.0371
10,8,6,6,0.9782,0.9698,0.9991,0.9774,0.0324
10,8,6,7,0.8977,0.8949,0.9963,0.8866,0.0549
10,8,6,8,0.9056,0.8958,0.9998,0.8959,0.0548
10,8,6,9,0.9998,0.9997,0.9999,0.9998,0.0025
10,8,6,10,0.9988,0.9990,1.0000,0.9988,0.0065
10,8,6,11,0.9536,0.9262,0.9937,0.9504,0.0432
10,8,7,0,0.9566,0.9294,0.9991,0.9524,0.0351
10,8,7,1,0.9974,0.9959,0.9999,0.9972,0.0060
10,8,7,2,0.9997,0.9997,0.9999,0.9997,0.0029
10,8,7,3,0.9466,0.9541,0.9987,0.9428,0.0468
10,8,7,4,0.9786,0.9761,0.9974,0.9767,0.0235
10,8,7,5,0.9850,0.9834,0.9967,0.9852,0.0325
10,8,7,6,0.9941,0.9925,1.0000,0.9940,0.0175
10,8,7,7,0.9995,0.9997,1.0000,0.9995,0.0013
10,8,7,8,0.9113,0.8693,0.9998,0.9010,0.0384
10,8,7,9,0.9877,0.9837,0.9976,0.9874,0.0257
10,8,7,10,0.9997,0.9997,0.9999,0.9997,0.0029
10,8,7,11,0.9998,0.9998,1.0000,0.9998,0.0016
10,8,8,0,0.9923,0.9891,0.9978,0.9922,0.0202
10,8,8,1,0.9997,0.9997,1.0000,0.9997,0.0017
10,8,8,2,0.9520,0.9531,0.9990,0.9491,0.0467
10,8,8,3,0.9758,0.9599,0.9978,0.9732,0.0202
10,8,8,4,0.9331,0.8976,0.9956,0.9274,0.0505
10,8,8,5,0.8705,0.8423,0.9743,0.8593,0.0751
10,8,8,6,0.9821,0.9881,1.0000,0.9802,0.0165
10,8,8,7,0.9669,0.9463,0.9968,0.9641,0.0325
10,8,8,8,0.7765,0.7890,0.9973,0.7456,0.0544
10,8,8,9,0.9860,0.9834,1.0000,0.9852,0.0229
10,8,8,10,0.9664,0.9655,0.9995,0.9660,0.0444
10,8,8,11,0.9811,0.9833,1.0000,0.9799,0.0262
10,8,9,0,0.9826,0.9740,0.9993,0.9814,0.0248
10,8,9,1,0.9997,0.9999,0.9999,0.9996,0.0011
10,8,9,2,0.9994,0.9995,1.0000,0.9993,0.0014
10,8,9,3,0.9118,0.8968,0.9971,0.9028,0.0513
10,8,9,4,0.9975,0.9988,1.0000,0.9972,0.0033
10,8,9,5,0.9924,0.9910,1.0000,0.9921,0.0178
10,8,9,6,0.9998,0.9997,0.9999,0.9998,0.0024
10,8,9,7,0.9770,0.9785,0.9994,0.9752,0.0268
10,8,9,8,0.9966,0.9979,1.0000,0.9963,0.0081
10,8,9,9,0.9997,0.9997,0.9999,0.9997,0.0027
10,8,9,10,0.8933,0.8471,0.9997,0.8814,0.0546
10,8,9,11,0.9998,0.9998,0.9999,0.9998,0.0017
10,8,10,0,0.9966,0.9957,1.0000,0.9964,0.0097
10,8,10,1,0.9998,0.9998,1.0000,0.9997,0.0014
10,8,10,2,0.9995,0.9995,1.0000,0.9994,0.0014
10,8,10,3,0.9961,0.9953,0.9999,0.9958,0.0090
10,8,10,4,0.9907,0.9904,0.9994,0.9904,0.0213
10,8,10,5,0.9209,0.8971,1.0000,0.9115,0.0383
10,8,10,6,0.9998,0.9998,1.0000,0.9997,0.0008
10,8,10,7,0.9976,0.9971,1.0000,0.9976,0.0116
10,8,10,8,1.0000,1.0000,1.0000,1.0000,0.0000
10,8,10,9,0.8898,0.8150,0.9888,0.8758,0.0267
10,8,10,10,0.9998,0.9998,1.0000,0.9998,0.0022
10,8,10,11,0.9699,0.9546,0.9967,0.9664,0.0176
10,8,11,0,0.6330,0.6310,0.9880,0.5743,0.0998
10,8,11,1,0.9933,0.9929,0.9998,0.9931,0.0171
10,8,11,2,0.9990,0.9994,0.9999,0.9989,0.0032
10,8,11,3,0.8860,0.8884,0.9978,0.8742,0.0616
10,8,11,4,0.9919,0.9906,0.9987,0.9924,0.0273
10,8,11,5,0.9969,0.9984,1.0000,0.9966,0.0068
10,8,11,6,0.9998,0.9998,1.0000,0.9997,0.0011
10,8,11,7,0.9935,0.9918,0.9985,0.9932,0.0163
10,8,11,8,0.1648,0.4628,0.9946,0.0133,0.0811
10,8,11,9,0.9996,0.9998,1.0000,0.9996,0.0010
10,8,11,10,0.9483,0.9418,0.9951,0.9459,0.0513
10,8,11,11,0.9423,0.9236,0.9980,0.9380,0.0490
10,9,0,0,0.8331,0.8024,0.9029,0.8053,0.0668
10,9,0,1,0.1853,0.3313,0.9665,0.0739,0.0278
10,9,0,2,0.7796,0.7756,0.9659,0.7373,0.0606
10,9,0,3,0.2930,0.4090,0.9592,0.1809,0.0138
10,9,0,4,0.5120,0.5979,1.0000,0.4121,0.0443
10,9,0,5,0.3189,0.4186,0.9379,0.2076,0.0168
10,9,0,6,0.7952,0.7695,0.9275,0.7575,0.0678
10,9,0,7,0.6558,0.6809,0.9454,0.5824,0.0687
10,9,0,8,0.6295,0.6865,0.9746,0.5516,0.0565
10,9,0,9,0.8107,0.7828,0.9134,0.7781,0.0721
10,9,0,10,0.7705,0.7566,0.9447,0.7280,0.0740
10,9,0,11,0.8265,0.8011,0.9094,0.7987,0.0705
10,9,1,0,0.7196,0.7162,0.9823,0.6633,0.0576
10,9,1,1,0.8308,0.8204,0.9628,0.8005,0.0592
10,9,1,2,0.7966,0.7909,0.9834,0.7582,0.0605
10,9,1,3,0.8752,0.8128,0.9307,0.8565,0.0537
10,9,1,4,0.9114,0.8778,0.9563,0.8971,0.0386
10,9,1,5,0.8318,0.7879,0.9824,0.8010,0.0462
10,9,1,6,0.8672,0.8078,0.9997,0.8438,0.0186
10,9,1,7,0.9103,0.8656,0.9676,0.8952,0.0340
10,9,1,8,0.8962,0.8667,0.9739,0.8786,0.0367
10,9,1,9,0.9027,0.8606,0.9887,0.8859,0.0184
10,9,1,10,0.3100,0.5303,0.9843,0.1491,0.0716
10,9,1,11,0.4272,0.4687,0.9567,0.3270,0.0219
10,9,2,0,0.7744,0.7933,0.9586,0.7309,0.0551
10,9,2,1,0.9058,0.8524,0.9840,0.8909,0.0075
10,9,2,2,0.5168,0.6109,1.0000,0.4258,0.0311
10,9,2,3,0.7716,0.7698,0.9766,0.7275,0.0641
10,9,2,4,0.7188,0.7639,0.9819,0.6650,0.0414
10,9,2,5,0.6430,0.7102,0.9812,0.5719,0.0473
10,9,2,6,0.8958,0.8780,0.9876,0.8777,0.0178
10,9,2,7,0.6830,0.6774,0.9457,0.6158,0.0781
10,9,2,8,0.6017,0.7959,0.9919,0.5233,0.0402
10,9,2,9,0.6971,0.7424,0.9957,0.6374,0.0459
10,9,2,10,0.8584,0.8550,0.9453,0.8368,0.0670
10,9,2,11,0.9162,0.8652,0.9811,0.9018,0.0170
10,9,3,0,0.8901,0.8224,0.9919,0.8761,0.0244
10,9,3,1,0.9089,0.8668,0.9900,0.8931,0.0216
10,9,3,2,0.6749,0.7424,0.9866,0.6086,0.0530
10,9,3,3,0.7646,0.8104,0.9938,0.7219,0.0287
10,9,3,4,0.8919,0.8226,0.9885,0.8775,0.0229
10,9,3,5,0.8959,0.8605,0.9647,0.8777,0.0216
10,9,3,6,0.8032,0.8126,0.9934,0.7664,0.0578
10,9,3,7,0.7997,0.8386,0.9974,0.7624,0.0408
10,9,3,8,0.7649,0.8033,0.9709,0.7200,0.0487
10,9,3,9,0.7926,0.8538,0.9893,0.7541,0.0375
10,9,3,10,0.9147,0.8705,0.9938,0.9000,0.0152
10,9,3,11,0.6559,0.7787,0.9891,0.5882,0.0414
10,9,4,0,0.6085,0.8520,0.9885,0.5446,0.0171
10,9,4,1,0.8497,0.8124,0.9810,0.8230,0.0279
10,9,4,2,0.9066,0.8360,0.9814,0.8927,0.0127
10,9,4,3,0.9149,0.9118,0.9883,0.9003,0.0287
10,9,4,4,0.9008,0.8477,0.9794,0.8850,0.0056
10,9,4,5,0.9077,0.8742,0.9813,0.8917,0.0314
10,9,4,6,0.9175,0.8968,0.9550,0.9038,0.0335
10,9,4,7,0.6217,0.6758,0.9984,0.5490,0.0363
10,9,4,8,0.8896,0.8710,0.9823,0.8713,0.0081
10,9,4,9,0.7896,0.8368,0.9363,0.7496,0.0530
10,9,4,10,0.8911,0.8358,0.9900,0.8756,0.0167
10,9,4,11,0.3531,0.6053,0.9124,0.2666,0.0295
10,9,5,0,0.8787,0.8116,0.9919,0.8616,0.0163
10,9,5,1,0.8856,0.8071,0.9904,0.8721,0.0295
10,9,5,2,0.8053,0.8377,0.9155,0.7690,0.0367
10,9,5,3,0.8881,0.8619,0.9156,0.8685,0.0343
10,9,5,4,0.9014,0.9051,0.9635,0.8852,0.0437
10,9,5,5,0.8882,0.8246,0.9863,0.8731,0.0202
10,9,5,6,0.8790,0.8465,0.9724,0.8585,0.0173
10,9,5,7,0.8878,0.8582,0.9588,0.8686,0.0138
10,9,5,8,0.8763,0.8381,0.9787,0.8560,0.0084
10,9,5,9,0.8970,0.8261,0.9891,0.8827,0.0200
10,9,5,10,0.8692,0.8435,0.9976,0.8458,0.0311
10,9,5,11,0.9060,0.8662,0.9733,0.8900,0.0090
10,9,6,0,0.7882,0.8132,0.9326,0.7479,0.0543
10,9,6,1,0.8512,0.8146,0.9665,0.8271,0.0103
10,9,6,2,0.9067,0.8425,0.9862,0.8919,0.0068
10,9,6,3,0.8107,0.8014,0.9872,0.7756,0.0432
10,9,6,4,0.8810,0.8365,0.9707,0.8600,0.0210
10,9,6,5,0.9031,0.8547,0.9784,0.8864,0.0137
10,9,6,6,0.8869,0.8411,0.9818,0.8679,0.0063
10,9,6,7,0.8792,0.8499,0.9980,0.8579,0.0292
10,9,6,8,0.8585,0.8390,0.9856,0.8332,0.0294
10,9,6,9,0.8859,0.8085,0.9904,0.8722,0.0292
10,9,6,10,0.8926,0.8232,0.9884,0.8777,0.0202
10,9,6,11,0.8907,0.8817,0.9659,0.8717,0.0165
10,9,7,0,0.9082,0.8906,0.9818,0.8929,0.0163
10,9,7,1,0.9012,0.8383,0.9911,0.8879,0.0206
10,9,7,2,0.8865,0.8087,0.9904,0.8730,0.0295
10,9,7,3,0.9024,0.8740,0.9801,0.8855,0.0221
10,9,7,4,0.9096,0.8570,0.9754,0.8954,0.0098
10,9,7,5,0.9057,0.8581,0.9735,0.8898,0.0087
10,9,7,6,0.9153,0.8509,0.9876,0.9024,0.0095
10,9,7,7,0.8913,0.8202,0.9891,0.8776,0.0270
10,9,7,8,0.9710,0.9746,0.9918,0.9662,0.0121
10,9,7,9,0.9164,0.8585,0.9760,0.9028,0.0070
10,9,7,10,0.8862,0.8085,0.9903,0.8726,0.0295
10,9,7,11,0.8880,0.8114,0.9897,0.8742,0.0283
10,9,8,0,0.8826,0.8198,0.9767,0.8643,0.0090
10,9,8,1,0.8860,0.8094,0.9902,0.8720,0.0284
10,9,8,2,0.8985,0.8726,0.9809,0.8809,0.0222
10,9,8,3,0.8887,0.8422,0.9965,0.8716,0.0141
10,9,8,4,0.9096,0.8892,0.9706,0.8939,0.0251
10,9,8,5,0.8563,0.8303,0.9298,0.8309,0.0484
10,9,8,6,0.8679,0.8130,0.9878,0.8482,0.0143
10,9,8,7,0.9245,0.8955,0.9737,0.9120,0.0113
10,9,8,8,0.6955,0.7178,0.9971,0.6397,0.0278
10,9,8,9,0.9257,0.8694,0.9895,0.9140,0.0054
10,9,8,10,0.9062,0.8546,0.9834,0.8899,0.0178
10,9,8,11,0.8859,0.8406,0.9898,0.8675,0.0056
10,9,9,0,0.8826,0.8354,0.9938,0.8639,0.0092
10,9,9,1,0.8884,0.8144,0.9902,0.8746,0.0275
10,9,9,2,0.8875,0.8159,0.9900,0.8732,0.0262
10,9,9,3,0.8343,0.7969,0.9746,0.8047,0.0259
10,9,9,4,0.8899,0.8261,0.9895,0.8758,0.0249
10,9,9,5,0.8914,0.8380,0.9901,0.8747,0.0095
10,9,9,6,0.8884,0.8124,0.9903,0.8750,0.0290
10,9,9,7,0.8874,0.8496,0.9933,0.8692,0.0071
10,9,9,8,0.8893,0.8265,0.9901,0.8739,0.0189
10,9,9,9,0.8867,0.8096,0.9904,0.8732,0.0294
10,9,9,10,0.8961,0.8701,0.9848,0.8779,0.0305
10,9,9,11,0.8887,0.8115,0.9903,0.8751,0.0284
10,9,10,0,0.8882,0.8215,0.9894,0.8723,0.0170
10,9,10,1,0.8897,0.8151,0.9891,0.8761,0.0281
10,9,10,2,0.8966,0.8221,0.9895,0.8836,0.0262
10,9,10,3,0.9127,0.8461,0.9909,0.9005,0.0176
10,9,10,4,0.8949,0.8365,0.9832,0.8783,0.0070
10,9,10,5,0.9126,0.9000,0.9882,0.8981,0.0211
10,9,10,6,0.8872,0.8124,0.9890,0.8731,0.0275
10,9,10,7,0.9022,0.8372,0.9882,0.8879,0.0151
10,9,10,8,0.8898,0.8150,0.9888,0.8758,0.0267
10,9,10,9,1.0000,1.0000,1.0000,1.0000,0.0000
10,9,10,10,0.8873,0.8099,0.9899,0.8735,0.0289
10,9,10,11,0.8677,0.8132,0.9735,0.8482,0.0183
10,9,11,0,0.7170,0.7021,0.9540,0.6592,0.0732
10,9,11,1,0.9137,0.8496,0.9853,0.9007,0.0098
10,9,11,2,0.8902,0.8188,0.9861,0.8757,0.0235
10,9,11,3,0.8068,0.7992,0.9767,0.7711,0.0349
10,9,11,4,0.9053,0.8378,0.9800,0.8898,0.0089
10,9,11,5,0.8907,0.8277,0.9892,0.8757,0.0198
10,9,11,6,0.8897,0.8137,0.9883,0.8759,0.0278
10,9,11,7,0.9063,0.8480,0.9791,0.8922,0.0106
10,9,11,8,0.3127,0.5801,0.9990,0.1658,0.0548
10,9,11,9,0.8899,0.8172,0.9887,0.8760,0.0270
10,9,11,10,0.9227,0.8911,0.9692,0.9096,0.0246
10,9,11,11,0.9255,0.8976,0.9774,0.9128,0.0227
10,10,0,0,0.8118,0.8082,0.9547,0.7966,0.0957
10,10,0,1,0.1100,0.1521,0.9204,0.0079,0.0011
10,10,0,2,0.7276,0.7314,0.9928,0.6908,0.0895
10,10,0,3,0.2062,0.2062,0.9094,0.1013,0.0303
10,10,0,4,0.4254,0.3958,0.9902,0.3303,0.0732
10,10,0,5,0.2397,0.2174,0.8793,0.1363,0.0352
10,10,0,6,0.7373,0.7303,0.9711,0.7046,0.0967
10,10,0,7,0.5507,0.5549,0.9821,0.4753,0.0976
10,10,0,8,0.5719,0.6101,0.9965,0.5025,0.0854
10,10,0,9,0.7806,0.7923,0.9619,0.7600,0.1010
10,10,0,10,0.7225,0.7039,0.9817,0.6893,0.1029
10,10,0,11,0.7969,0.7949,0.9592,0.7810,0.0994
10,10,1,0,0.6182,0.5851,0.9989,0.5588,0.0862
10,10,1,1,0.7877,0.7825,0.9914,0.7634,0.0881
10,10,1,2,0.7547,0.7593,0.9992,0.7232,0.0890
10,10,1,3,0.8917,0.8618,0.9731,0.8916,0.0825
10,10,1,4,0.9310,0.9295,0.9881,0.9303,0.0656
10,10,1,5,0.8084,0.7531,0.9989,0.7860,0.0751
10,10,1,6,0.8900,0.8388,0.9930,0.8780,0.0465
10,10,1,7,0.9315,0.9334,0.9936,0.9289,0.0613
10,10,1,8,0.9136,0.9135,0.9963,0.9089,0.0656
10,10,1,9,0.9642,0.9652,1.0000,0.9630,0.0435
10,10,1,10,0.1701,0.4392,0.9994,0.0085,0.1002
10,10,1,11,0.3598,0.2783,0.9058,0.2675,0.0473
10,10,2,0,0.7400,0.6928,0.9893,0.7055,0.0840
10,10,2,1,0.9889,0.9882,0.9993,0.9886,0.0237
10,10,2,2,0.3893,0.3992,0.9896,0.2951,0.0587
10,10,2,3,0.6595,0.6420,0.9972,0.6087,0.0930
10,10,2,4,0.7159,0.7329,0.9988,0.6759,0.0694
10,10,2,5,0.5711,0.5709,0.9986,0.5040,0.0762
10,10,2,6,0.9424,0.9488,0.9999,0.9379,0.0451
10,10,2,7,0.5947,0.5823,0.9822,0.5289,0.1070
10,10,2,8,0.4760,0.6305,0.9999,0.3926,0.0690
10,10,2,9,0.5360,0.5117,0.9988,0.4623,0.0748
10,10,2,10,0.7911,0.7704,0.9820,0.7706,0.0959
10,10,2,11,0.9772,0.9738,0.9986,0.9785,0.0437
10,10,3,0,0.9988,0.9980,0.9999,0.9987,0.0044
10,10,3,1,0.9456,0.9350,1.0000,0.9423,0.0495
10,10,3,2,0.5336,0.5198,0.9998,0.4571,0.0819
10,10,3,3,0.7942,0.7961,0.9995,0.7672,0.0554
10,10,3,4,0.9984,0.9988,1.0000,0.9982,0.0060
10,10,3,5,0.9481,0.9463,0.9923,0.9455,0.0498
10,10,3,6,0.6978,0.6730,0.9996,0.6547,0.0867
10,10,3,7,0.6498,0.5986,0.9772,0.5983,0.0697
10,10,3,8,0.7408,0.7024,0.9950,0.7053,0.0763
10,10,3,9,0.6890,0.6810,1.0000,0.6443,0.0660
10,10,3,10,0.9635,0.9455,0.9995,0.9622,0.0432
10,10,3,11,0.6137,0.6925,1.0000,0.5549,0.0703
10,10,4,0,0.5649,0.7803,0.9571,0.5066,0.0359
10,10,4,1,0.8512,0.8228,0.9986,0.8333,0.0562
10,10,4,2,0.9961,0.9959,0.9987,0.9963,0.0165
10,10,4,3,0.8728,0.8632,0.9999,0.8591,0.0576
10,10,4,4,0.9917,0.9900,0.9981,0.9920,0.0243
10,10,4,5,0.9023,0.8588,0.9987,0.8932,0.0594
10,10,4,6,0.9226,0.9218,0.9874,0.9187,0.0624
10,10,4,7,0.5234,0.4882,0.9803,0.4500,0.0652
10,10,4,8,0.9747,0.9714,0.9989,0.9733,0.0316
10,10,4,9,0.7279,0.7624,0.9766,0.6906,0.0819
10,10,4,10,0.9953,0.9942,1.0000,0.9950,0.0122
10,10,4,11,0.2046,0.3294,0.8452,0.1149,0.0006
10,10,5,0,0.9917,0.9936,0.9999,0.9910,0.0125
10,10,5,1,1.0000,0.9999,1.0000,1.0000,0.0006
10,10,5,2,0.8331,0.8714,0.9633,0.8138,0.0652
10,10,5,3,0.9139,0.8915,0.9634,0.9083,0.0632
10,10,5,4,0.8728,0.8592,0.9917,0.8619,0.0725
10,10,5,5,0.9974,0.9964,0.9997,0.9973,0.0087
10,10,5,6,0.9492,0.9261,0.9956,0.9447,0.0405
10,10,5,7,0.9566,0.9359,0.9894,0.9535,0.0408
10,10,5,8,0.9708,0.9587,0.9979,0.9687,0.0319
10,10,5,9,0.9980,0.9981,1.0000,0.9980,0.0089
10,10,5,10,0.8700,0.8668,0.9974,0.8559,0.0597
10,10,5,11,0.9749,0.9728,0.9960,0.9745,0.0373
10,10,6,0,0.7516,0.8050,0.9743,0.7189,0.0832
10,10,6,1,0.9646,0.9674,0.9931,0.9614,0.0325
10,10,6,2,0.9906,0.9894,0.9997,0.9908,0.0246
10,10,6,3,0.8491,0.8672,0.9998,0.8324,0.0708
10,10,6,4,0.9550,0.9502,0.9949,0.9535,0.0495
10,10,6,5,0.9763,0.9744,0.9978,0.9767,0.0394
10,10,6,6,0.9757,0.9664,0.9988,0.9749,0.0346
10,10,6,7,0.8944,0.8916,0.9969,0.8837,0.0571
10,10,6,8,0.9024,0.8902,0.9996,0.8929,0.0570
10,10,6,9,0.9999,0.9999,1.0000,0.9999,0.0006
10,10,6,10,0.9984,0.9983,0.9999,0.9984,0.0087
10,10,6,11,0.9505,0.9211,0.9928,0.9475,0.0454
10,10,7,0,0.9552,0.9255,0.9988,0.9512,0.0373
10,10,7,1,0.9972,0.9953,1.0000,0.9970,0.0083
10,10,7,2,1.0000,1.0000,1.0000,1.0000,0.0006
10,10,7,3,0.9447,0.9507,0.9983,0.9413,0.0490
10,10,7,4,0.9784,0.9747,0.9968,0.9767,0.0254
10,10,7,5,0.9831,0.9809,0.9961,0.9835,0.0348
10,10,7,6,0.9929,0.9910,0.9999,0.9929,0.0197
10,10,7,7,0.9996,0.9997,1.0000,0.9996,0.0019
10,10,7,8,0.9091,0.8648,0.9999,0.8992,0.0406
10,10,7,9,0.9859,0.9809,0.9970,0.9857,0.0279
10,10,7,10,1.0000,1.0000,1.0000,1.0000,0.0006
10,10,7,11,0.9999,0.9999,1.0000,0.9999,0.0006
10,10,8,0,0.9910,0.9874,0.9972,0.9910,0.0224
10,10,8,1,0.9999,0.9999,1.0000,0.9999,0.0005
10,10,8,2,0.9487,0.9487,0.9986,0.9458,0.0489
10,10,8,3,0.9751,0.9576,0.9983,0.9727,0.0224
10,10,8,4,0.9296,0.8924,0.9949,0.9241,0.0527
10,10,8,5,0.8649,0.8348,0.9726,0.8538,0.0773
10,10,8,6,0.9823,0.9877,0.9999,0.9807,0.0187
10,10,8,7,0.9656,0.9433,0.9962,0.9630,0.0348
10,10,8,8,0.7728,0.7844,0.9978,0.7424,0.0567
10,10,8,9,0.9853,0.9818,1.0000,0.9847,0.0251
10,10,8,10,0.9640,0.9628,0.9992,0.9638,0.0467
10,10,8,11,0.9800,0.9815,1.0000,0.9789,0.0284
10,10,9,0,0.9819,0.9725,0.9995,0.9809,0.0270
10,10,9,1,0.9998,0.9999,1.0000,0.9998,0.0014
10,10,9,2,0.9994,0.9992,1.0000,0.9994,0.0027
10,10,9,3,0.9072,0.8907,0.9965,0.8982,0.0535
10,10,9,4,0.9979,0.9985,1.0000,0.9976,0.0040
10,10,9,5,0.9915,0.9892,1.0000,0.9912,0.0200
10,10,9,6,0.9999,0.9999,1.0000,0.9999,0.0005
10,10,9,7,0.9765,0.9765,0.9996,0.9750,0.0290
10,10,9,8,0.9966,0.9973,1.0000,0.9964,0.0100
10,10,9,9,0.9999,1.0000,1.0000,0.9999,0.0005
10,10,9,10,0.8906,0.8406,0.9995,0.8792,0.0568
10,10,9,11,0.9999,0.9999,1.0000,0.9999,0.0005
10,10,10,0,0.9962,0.9950,1.0000,0.9961,0.0119
10,10,10,1,0.9999,0.9999,1.0000,0.9999,0.0008
10,10,10,2,0.9994,0.9993,1.0000,0.9994,0.0027
10,10,10,3,0.9955,0.9943,1.0000,0.9953,0.0113
10,10,10,4,0.9892,0.9885,0.9992,0.9890,0.0235
10,10,10,5,0.9192,0.8921,0.9999,0.9101,0.0402
10,10,10,6,0.9999,0.9998,1.0000,0.9999,0.0014
10,10,10,7,0.9971,0.9962,0.9999,0.9972,0.0138
10,10,10,8,0.9998,0.9998,1.0000,0.9998,0.0022
10,10,10,9,0.8873,0.8099,0.9899,0.8735,0.0289
10,10,10,10,1.0000,1.0000,1.0000,1.0000,0.0000
10,10,10,11,0.9700,0.9537,0.9961,0.9667,0.0198
10,10,11,0,0.6251,0.6241,0.9868,0.5667,0.1021
10,10,11,1,0.9923,0.9914,0.9996,0.9922,0.0194
10,10,11,2,0.9991,0.9992,0.9997,0.9991,0.0054
10,10,11,3,0.8814,0.8826,0.9973,0.8698,0.0638
10,10,11,4,0.9906,0.9890,0.9983,0.9913,0.0295
10,10,11,5,0.9968,0.9976,1.0000,0.9966,0.0090
10,10,11,6,0.9999,0.9999,0.9999,0.9999,0.0011
10,10,11,7,0.9928,0.9902,0.9980,0.9926,0.0186
10,10,11,8,0.1567,0.4557,0.9953,0.0063,0.0833
10,10,11,9,0.9998,0.9998,1.0000,0.9997,0.0019
10,10,11,10,0.9454,0.9376,0.9943,0.9434,0.0535
10,10,11,11,0.9394,0.9196,0.9975,0.9353,0.0513
10,11,0,0,0.8115,0.8175,0.9773,0.7867,0.0806
10,11,0,1,0.1483,0.2111,0.8821,0.0410,0.0187
10,11,0,2,0.7108,0.7241,0.9995,0.6610,0.0741
10,11,0,3,0.2220,0.2650,0.8690,0.1088,0.0117
10,11,0,4,0.4363,0.4503,0.9739,0.3314,0.0568
10,11,0,5,0.2571,0.2781,0.8337,0.1457,0.0192
10,11,0,6,0.7377,0.7497,0.9885,0.6947,0.0810
10,11,0,7,0.5633,0.5809,0.9949,0.4782,0.0819
10,11,0,8,0.5657,0.6171,1.0000,0.4835,0.0700
10,11,0,9,0.7747,0.7946,0.9823,0.7420,0.0862
10,11,0,10,0.7098,0.7139,0.9947,0.6614,0.0878
10,11,0,11,0.7948,0.8051,0.9804,0.7678,0.0843
10,11,1,0,0.6151,0.5977,0.9991,0.5444,0.0714
10,11,1,1,0.7733,0.7707,0.9991,0.7373,0.0730
10,11,1,2,0.7179,0.7135,0.9988,0.6696,0.0743
10,11,1,3,0.9029,0.8976,0.9897,0.8975,0.0630
10,11,1,4,0.9087,0.9043,0.9978,0.8984,0.0530
10,11,1,5,0.7741,0.7278,0.9991,0.7376,0.0594
10,11,1,6,0.8554,0.8049,0.9787,0.8334,0.0337
10,11,1,7,0.8965,0.8908,0.9997,0.8828,0.0484
10,11,1,8,0.8766,0.8687,1.0000,0.8597,0.0517
10,11,1,9,0.9241,0.9117,0.9968,0.9135,0.0319
10,11,1,10,0.2719,0.4320,0.9986,0.1172,0.0857
10,11,1,11,0.3747,0.3300,0.8648,0.2748,0.0281
10,11,2,0,0.7209,0.6908,0.9983,0.6733,0.0686
10,11,2,1,0.9518,0.9389,0.9987,0.9449,0.0190
10,11,2,2,0.4349,0.4581,0.9730,0.3381,0.0421
10,11,2,3,0.6639,0.6516,0.9999,0.6033,0.0783
10,11,2,4,0.6974,0.7360,0.9992,0.6462,0.0530
10,11,2,5,0.5515,0.5610,0.9993,0.4704,0.0598
10,11,2,6,0.9049,0.9029,0.9973,0.8911,0.0287
10,11,2,7,0.6055,0.5972,0.9950,0.5289,0.0913
10,11,2,8,0.5224,0.6633,0.9946,0.4372,0.0524
10,11,2,9,0.5359,0.5468,0.9905,0.4516,0.0587
10,11,2,10,0.7784,0.7652,0.9949,0.7452,0.0808
10,11,2,11,0.9531,0.9389,0.9993,0.9475,0.0343
10,11,3,0,0.9696,0.9532,0.9947,0.9660,0.0154
10,11,3,1,0.9110,0.8871,0.9960,0.8985,0.0357
10,11,3,2,0.5957,0.5871,0.9977,0.5211,0.0662
10,11,3,3,0.8557,0.8395,0.9929,0.8339,0.0381
10,11,3,4,0.9657,0.9513,0.9969,0.9614,0.0138
10,11,3,5,0.9119,0.9049,0.9994,0.8996,0.0354
10,11,3,6,0.6803,0.6602,0.9933,0.6239,0.0706
10,11,3,7,0.6614,0.6288,0.9545,0.6038,0.0543
10,11,3,8,0.7444,0.7339,0.9999,0.7020,0.0594
10,11,3,9,0.7264,0.7320,0.9964,0.6811,0.0481
10,11,3,10,0.9352,0.9059,0.9929,0.9264,0.0303
10,11,3,11,0.6487,0.7281,0.9965,0.5876,0.0530
10,11,4,0,0.6561,0.7627,0.9276,0.6049,0.0179
10,11,4,1,0.8211,0.7865,0.9994,0.7932,0.0405
10,11,4,2,0.9667,0.9547,0.9993,0.9620,0.0138
10,11,4,3,0.8451,0.8360,0.9970,0.8215,0.0419
10,11,4,4,0.9645,0.9516,0.9996,0.9595,0.0187
10,11,4,5,0.8919,0.8594,0.9993,0.8765,0.0411
10,11,4,6,0.8906,0.8896,0.9975,0.8758,0.0473
10,11,4,7,0.5042,0.4820,0.9589,0.4175,0.0486
10,11,4,8,0.9402,0.9336,0.9991,0.9316,0.0206
10,11,4,9,0.7122,0.7633,0.9918,0.6629,0.0659
10,11,4,10,0.9640,0.9494,0.9960,0.9591,0.0105
10,11,4,11,0.2832,0.3820,0.7946,0.1946,0.0205
10,11,5,0,0.9584,0.9469,0.9946,0.9528,0.0083
10,11,5,1,0.9694,0.9532,0.9957,0.9662,0.0205
10,11,5,2,0.8234,0.8839,0.9833,0.7961,0.0489
10,11,5,3,0.8959,0.8875,0.9833,0.8820,0.0452
10,11,5,4,0.8738,0.8810,0.9992,0.8569,0.0559
10,11,5,5,0.9765,0.9654,0.9979,0.9735,0.0111
10,11,5,6,0.9459,0.9322,1.0000,0.9384,0.0229
10,11,5,7,0.9752,0.9760,0.9984,0.9726,0.0222
10,11,5,8,0.9775,0.9785,0.9997,0.9746,0.0171
10,11,5,9,0.9659,0.9514,0.9965,0.9614,0.0129
10,11,5,10,0.8318,0.8305,0.9870,0.8059,0.0421
10,11,5,11,0.9473,0.9445,1.0000,0.9402,0.0241
10,11,6,0,0.7591,0.8281,0.9904,0.7196,0.0665
10,11,6,1,0.9416,0.9457,0.9996,0.9332,0.0156
10,11,6,2,0.9575,0.9428,0.9979,0.9515,0.0200
10,11,6,3,0.8004,0.8168,0.9975,0.7688,0.0541
10,11,6,4,0.9308,0.9239,0.9999,0.9217,0.0335
10,11,6,5,0.9426,0.9298,0.9997,0.9349,0.0303
10,11,6,6,0.9484,0.9320,0.9992,0.9413,0.0198
10,11,6,7,0.8571,0.8466,0.9861,0.8356,0.0392
10,11,6,8,0.8663,0.8523,0.9981,0.8464,0.0394
10,11,6,9,0.9693,0.9532,0.9958,0.9660,0.0202
10,11,6,10,0.9673,0.9529,0.9969,0.9630,0.0124
10,11,6,11,0.9351,0.9102,0.9995,0.9264,0.0281
10,11,7,0,0.9783,0.9681,0.9992,0.9756,0.0200
10,11,7,1,0.9690,0.9525,0.9953,0.9650,0.0116
10,11,7,2,0.9696,0.9534,0.9957,0.9663,0.0205
10,11,7,3,0.9018,0.9013,0.9995,0.8878,0.0359
10,11,7,4,0.9480,0.9427,1.0000,0.9407,0.0157
10,11,7,5,0.9583,0.9486,1.0000,0.9528,0.0257
10,11,7,6,0.9594,0.9445,0.9973,0.9537,0.0157
10,11,7,7,0.9687,0.9542,0.9965,0.9650,0.0179
10,11,7,8,0.8945,0.8588,0.9947,0.8790,0.0262
10,11,7,9,0.9582,0.9423,0.9999,0.9524,0.0195
10,11,7,10,0.9701,0.9535,0.9958,0.9669,0.0205
10,11,7,11,0.9689,0.9532,0.9962,0.9653,0.0192
10,11,8,0,0.9765,0.9664,0.9999,0.9733,0.0140
10,11,8,1,0.9693,0.9534,0.9959,0.9658,0.0194
10,11,8,2,0.9070,0.9005,0.9994,0.8938,0.0351
10,11,8,3,0.9436,0.9194,0.9891,0.9357,0.0063
10,11,8,4,0.9526,0.9386,0.9999,0.9473,0.0341
10,11,8,5,0.8589,0.8398,0.9894,0.8399,0.0619
10,11,8,6,0.9464,0.9410,0.9972,0.9389,0.0052
10,11,8,7,0.9811,0.9730,1.0000,0.9789,0.0200
10,11,8,8,0.7432,0.7638,0.9880,0.7017,0.0390
10,11,8,9,0.9553,0.9398,0.9963,0.9489,0.0160
10,11,8,10,0.9340,0.9237,0.9988,0.9254,0.0335
10,11,8,11,0.9429,0.9359,0.9961,0.9348,0.0175
10,11,9,0,0.9634,0.9449,0.9929,0.9582,0.0160
10,11,9,1,0.9685,0.9529,0.9959,0.9649,0.0184
10,11,9,2,0.9683,0.9535,0.9960,0.9646,0.0171
10,11,9,3,0.8990,0.8876,1.0000,0.8846,0.0359
10,11,9,4,0.9654,0.9534,0.9963,0.9612,0.0159
10,11,9,5,0.9578,0.9430,0.9959,0.9518,0.0125
10,11,9,6,0.9696,0.9536,0.9958,0.9663,0.0200
10,11,9,7,0.9356,0.9277,0.9934,0.9264,0.0175
10,11,9,8,0.9620,0.9495,0.9960,0.9570,0.0114
10,11,9,9,0.9694,0.9536,0.9958,0.9661,0.0203
10,11,9,10,0.8655,0.8479,0.9984,0.8454,0.0389
10,11,9,11,0.9688,0.9528,0.9958,0.9653,0.0194
10,11,10,0,0.9680,0.9534,0.9964,0.9637,0.0095
10,11,10,1,0.9696,0.9540,0.9966,0.9662,0.0190
10,11,10,2,0.9685,0.9528,0.9963,0.9648,0.0171
10,11,10,3,0.9650,0.9477,0.9954,0.9603,0.0098
10,11,10,4,0.9571,0.9444,0.9989,0.9511,0.0170
10,11,10,5,0.8877,0.8744,0.9970,0.8712,0.0260
10,11,10,6,0.9711,0.9559,0.9966,0.9678,0.0184
10,11,10,7,0.9670,0.9506,0.9970,0.9625,0.0127
10,11,10,8,0.9699,0.9546,0.9967,0.9664,0.0176
10,11,10,9,0.8677,0.8132,0.9735,0.8482,0.0183
10,11,10,10,0.9700,0.9537,0.9961,0.9667,0.0198
10,11,10,11,1.0000,1.0000,1.0000,1.0000,0.0000
10,11,11,0,0.6137,0.6327,0.9973,0.5399,0.0863
10,11,11,1,0.9598,0.9454,0.9983,0.9541,0.0160
10,11,11,2,0.9711,0.9560,0.9980,0.9675,0.0144
10,11,11,3,0.8706,0.8813,0.9999,0.8519,0.0478
10,11,11,4,0.9649,0.9516,0.9995,0.9601,0.0237
10,11,11,5,0.9650,0.9525,0.9965,0.9604,0.0114
10,11,11,6,0.9699,0.9545,0.9970,0.9664,0.0187
10,11,11,7,0.9637,0.9549,0.9997,0.9586,0.0127
10,11,11,8,0.2568,0.4352,0.9828,0.1116,0.0673
10,11,11,9,0.9694,0.9545,0.9968,0.9658,0.0179
10,11,11,10,0.9234,0.9220,0.9998,0.9136,0.0387
10,11,11,11,0.9241,0.9240,0.9998,0.9138,0.0343
11,0,0,0,0.8694,0.8788,0.9903,0.8208,0.0092
11,0,0,1,0.5037,0.5713,0.8450,0.4155,0.1010
11,0,0,2,0.8735,0.8875,0.9991,0.8308,0.0144
11,0,0,3,0.5892,0.6341,0.8302,0.5016,0.0759
11,0,0,4,0.7583,0.7917,0.9545,0.6832,0.0308
11,0,0,5,0.5891,0.6416,0.7907,0.4971,0.0681
11,0,0,6,0.8637,0.8794,0.9969,0.8134,0.0079
11,0,0,7,0.8994,0.9055,0.9996,0.8626,0.0098
11,0,0,8,0.8629,0.9077,0.9969,0.8163,0.0170
11,0,0,9,0.9058,0.9118,0.9934,0.8695,0.0144
11,0,0,10,0.9273,0.9416,0.9996,0.8984,0.0106
11,0,0,11,0.9077,0.9146,0.9923,0.8718,0.0157
11,0,1,0,0.8288,0.8610,0.9932,0.7715,0.0159
11,0,1,1,0.8860,0.8870,0.9995,0.8480,0.0152
11,0,1,2,0.8898,0.8790,0.9925,0.8540,0.0143
11,0,1,3,0.8457,0.8444,0.9976,0.7911,0.0306
11,0,1,4,0.8181,0.8027,1.0000,0.7652,0.0400
11,0,1,5,0.8473,0.8343,0.9932,0.8012,0.0276
11,0,1,6,0.7861,0.7636,0.9609,0.7355,0.0556
11,0,1,7,0.8196,0.7963,0.9988,0.7708,0.0427
11,0,1,8,0.8306,0.8032,0.9971,0.7831,0.0381
11,0,1,9,0.7603,0.7262,0.9881,0.7051,0.0586
11,0,1,10,0.6818,0.8484,0.9919,0.5652,0.0156
11,0,1,11,0.6428,0.6635,0.8254,0.5558,0.0595
11,0,2,0,0.8389,0.8347,0.9999,0.7859,0.0181
11,0,2,1,0.7077,0.6865,0.9921,0.6514,0.0784
11,0,2,2,0.7240,0.8075,0.9534,0.6499,0.0456
11,0,2,3,0.8568,0.9014,0.9961,0.8060,0.0132
11,0,2,4,0.8040,0.8200,0.9935,0.7488,0.0359
11,0,2,5,0.8501,0.8496,0.9939,0.8058,0.0300
11,0,2,6,0.7773,0.7517,0.9892,0.7274,0.0583
11,0,2,7,0.9080,0.9231,0.9997,0.8711,0.0094
11,0,2,8,0.6851,0.8176,0.9843,0.5910,0.0352
11,0,2,9,0.8211,0.8510,0.9777,0.7672,0.0292
11,0,2,10,0.9017,0.9075,0.9996,0.8655,0.0106
11,0,2,11,0.7562,0.7306,0.9940,0.6985,0.0590
11,0,3,0,0.6395,0.6420,0.9843,0.5818,0.0976
11,0,3,1,0.7741,0.7521,0.9867,0.7200,0.0525
11,0,3,2,0.7770,0.8381,0.9901,0.7030,0.0211
11,0,3,3,0.6799,0.7909,0.9814,0.5960,0.0498
11,0,3,4,0.6473,0.6405,0.9884,0.5889,0.0960
11,0,3,5,0.7682,0.7480,0.9993,0.7114,0.0525
11,0,3,6,0.8472,0.8801,0.9820,0.7963,0.0167
11,0,3,7,0.7753,0.7897,0.9300,0.7126,0.0324
11,0,3,8,0.8203,0.8271,0.9980,0.7683,0.0365
11,0,3,9,0.6936,0.7704,0.9875,0.6062,0.0440
11,0,3,10,0.7686,0.7564,0.9814,0.7162,0.0589
11,0,3,11,0.7085,0.8236,0.9877,0.6205,0.0337
11,0,4,0,0.5285,0.7439,0.8976,0.4204,0.0710
11,0,4,1,0.7704,0.7874,0.9940,0.7139,0.0475
11,0,4,2,0.6762,0.6506,0.9938,0.6167,0.0856
11,0,4,3,0.7729,0.7865,0.9885,0.7138,0.0451
11,0,4,4,0.6961,0.6741,0.9949,0.6361,0.0778
11,0,4,5,0.7585,0.7958,0.9939,0.6959,0.0475
11,0,4,6,0.8127,0.7853,1.0000,0.7615,0.0397
11,0,4,7,0.8270,0.8136,0.9354,0.7806,0.0397
11,0,4,8,0.7152,0.7027,0.9932,0.6558,0.0705
11,0,4,9,0.8064,0.8352,0.9985,0.7438,0.0211
11,0,4,10,0.6674,0.6583,0.9867,0.6094,0.0898
11,0,4,11,0.4673,0.7336,0.7477,0.3728,0.1027
11,0,5,0,0.6703,0.6473,0.9843,0.6140,0.0895
11,0,5,1,0.6204,0.6224,0.9862,0.5625,0.1027
11,0,5,2,0.7453,0.7578,0.9940,0.6718,0.0384
11,0,5,3,0.7676,0.7519,0.9941,0.7028,0.0424
11,0,5,4,0.8056,0.8044,0.9994,0.7477,0.0317
11,0,5,5,0.6453,0.6491,0.9903,0.5855,0.0933
11,0,5,6,0.6906,0.7210,0.9976,0.6211,0.0638
11,0,5,7,0.6852,0.7065,0.9999,0.6122,0.0648
11,0,5,8,0.6945,0.6893,0.9952,0.6302,0.0721
11,0,5,9,0.6602,0.6419,0.9877,0.6024,0.0932
11,0,5,10,0.8087,0.8027,0.9725,0.7599,0.0449
11,0,5,11,0.7377,0.7114,0.9973,0.6799,0.0648
11,0,6,0,0.7588,0.8261,0.9979,0.6809,0.0287
11,0,6,1,0.6864,0.6759,0.9990,0.6217,0.0708
11,0,6,2,0.7112,0.6806,0.9904,0.6547,0.0775
11,0,6,3,0.8405,0.8393,0.9896,0.7977,0.0357
11,0,6,4,0.7769,0.7603,0.9981,0.7229,0.0532
11,0,6,5,0.7498,0.7230,0.9953,0.6930,0.0627
11,0,6,6,0.7131,0.7055,0.9936,0.6508,0.0681
11,0,6,7,0.8098,0.8018,0.9711,0.7638,0.0497
11,0,6,8,0.7716,0.7886,0.9909,0.7145,0.0498
11,0,6,9,0.6229,0.6247,0.9863,0.5650,0.1024
11,0,6,10,0.6576,0.6475,0.9884,0.5991,0.0933
11,0,6,11,0.7341,0.7439,0.9991,0.6709,0.0583
11,0,7,0,0.6756,0.7179,0.9936,0.6047,0.0683
11,0,7,1,0.6559,0.6536,0.9854,0.5985,0.0938
11,0,7,2,0.6218,0.6234,0.9862,0.5638,0.1027
11,0,7,3,0.7778,0.7589,0.9945,0.7250,0.0530
11,0,7,4,0.6896,0.6815,0.9966,0.6291,0.0767
11,0,7,5,0.7314,0.7025,0.9973,0.6731,0.0673
11,0,7,6,0.6929,0.6812,0.9892,0.6357,0.0824
11,0,7,7,0.6349,0.6347,0.9877,0.5765,0.1002
11,0,7,8,0.7338,0.7236,0.9844,0.6735,0.0614
11,0,7,9,0.7164,0.7026,0.9964,0.6596,0.0741
11,0,7,10,0.6229,0.6238,0.9863,0.5648,0.1027
11,0,7,11,0.6291,0.6280,0.9871,0.5710,0.1014
11,0,8,0,0.6714,0.6646,0.9961,0.6063,0.0797
11,0,8,1,0.6279,0.6251,0.9866,0.5697,0.1016
11,0,8,2,0.7748,0.7545,0.9941,0.7213,0.0532
11,0,8,3,0.6919,0.6810,0.9756,0.6344,0.0829
11,0,8,4,0.7211,0.7410,0.9981,0.6507,0.0541
11,0,8,5,0.8204,0.8202,0.9974,0.7643,0.0254
11,0,8,6,0.6771,0.6613,0.9890,0.6184,0.0833
11,0,8,7,0.6859,0.7102,0.9972,0.6181,0.0692
11,0,8,8,0.7884,0.8217,0.9740,0.7357,0.0479
11,0,8,9,0.7086,0.6898,0.9873,0.6520,0.0770
11,0,8,10,0.7876,0.7640,0.9926,0.7370,0.0554
11,0,8,11,0.7159,0.6967,0.9869,0.6591,0.0737
11,0,9,0,0.7022,0.6985,0.9814,0.6436,0.0751
11,0,9,1,0.6327,0.6318,0.9864,0.5750,0.1006
11,0,9,2,0.6371,0.6330,0.9867,0.5788,0.0994
11,0,9,3,0.7551,0.7564,0.9969,0.6944,0.0514
11,0,9,4,0.6379,0.6368,0.9873,0.5796,0.0981
11,0,9,5,0.6946,0.6771,0.9866,0.6377,0.0821
11,0,9,6,0.6239,0.6261,0.9864,0.5660,0.1022
11,0,9,7,0.7174,0.7006,0.9822,0.6611,0.0730
11,0,9,8,0.6613,0.6535,0.9866,0.6038,0.0921
11,0,9,9,0.6234,0.6246,0.9863,0.5656,0.1025
11,0,9,10,0.7681,0.7808,0.9916,0.7103,0.0481
11,0,9,11,0.6290,0.6288,0.9864,0.5711,0.1016
11,0,10,0,0.6650,0.6474,0.9874,0.6067,0.0902
11,0,10,1,0.6289,0.6285,0.9878,0.5705,0.1013
11,0,10,2,0.6405,0.6402,0.9873,0.5830,0.0994
11,0,10,3,0.6736,0.6635,0.9856,0.6177,0.0908
11,0,10,4,0.7042,0.6827,0.9927,0.6472,0.0786
11,0,10,5,0.7227,0.7390,0.9887,0.6651,0.0622
11,0,10,6,0.6298,0.6277,0.9878,0.5710,0.1006
11,0,10,7,0.6749,0.6577,0.9887,0.6169,0.0883
11,0,10,8,0.6330,0.6310,0.9880,0.5743,0.0998
11,0,10,9,0.7170,0.7021,0.9540,0.6592,0.0732
11,0,10,10,0.6251,0.6241,0.9868,0.5667,0.1021
11,0,10,11,0.6137,0.6327,0.9973,0.5399,0.0863
11,0,11,0,1.0000,1.0000,1.0000,1.0000,0.0000
11,0,11,1,0.6866,0.6683,0.9912,0.6284,0.0827
11,0,11,2,0.6440,0.6309,0.9905,0.5851,0.0967
11,0,11,3,0.7964,0.7960,0.9961,0.7416,0.0395
11,0,11,4,0.7115,0.6715,0.9945,0.6520,0.0725
11,0,11,5,0.6614,0.6474,0.9877,0.6042,0.0930
11,0,11,6,0.6318,0.6283,0.9886,0.5733,0.1010
11,0,11,7,0.6779,0.6656,0.9950,0.6179,0.0835
11,0,11,8,0.6550,0.8340,0.9666,0.5419,0.0229
11,0,11,9,0.6332,0.6318,0.9882,0.5748,0.1002
11,0,11,10,0.7958,0.7669,0.9984,0.7445,0.0486
11,0,11,11,0.7729,0.7570,0.9958,0.7181,0.0530
11,1,0,0,0.8572,0.8402,0.9631,0.8412,0.0763
11,1,0,1,0.1527,0.1948,0.9084,0.0433,0.0183
11,1,0,2,0.7761,0.7761,0.9959,0.7385,0.0702
11,1,0,3,0.2569,0.2559,0.8967,0.1461,0.0173
11,1,0,4,0.4888,0.4567,0.9856,0.3915,0.0538
11,1,0,5,0.2873,0.2643,0.8648,0.1777,0.0203
11,1,0,6,0.7882,0.7706,0.9778,0.7549,0.0773
11,1,0,7,0.6182,0.6147,0.9872,0.5432,0.0783
11,1,0,8,0.6314,0.6603,0.9985,0.5611,0.0660
11,1,0,9,0.8327,0.8281,0.9695,0.8122,0.0816
11,1,0,10,0.7798,0.7478,0.9869,0.7472,0.0835
11,1,0,11,0.8467,0.8374,0.9671,0.8307,0.0800
11,1,1,0,0.6803,0.6456,0.9999,0.6213,0.0671
11,1,1,1,0.8416,0.8353,0.9948,0.8187,0.0687
11,1,1,2,0.8130,0.8126,0.9999,0.7834,0.0700
11,1,1,3,0.9155,0.8813,0.9795,0.9112,0.0632
11,1,1,4,0.9628,0.9599,0.9922,0.9619,0.0462
11,1,1,5,0.8508,0.8001,0.9999,0.8282,0.0557
11,1,1,6,0.9195,0.8704,0.9891,0.9076,0.0271
11,1,1,7,0.9615,0.9619,0.9965,0.9589,0.0419
11,1,1,8,0.9508,0.9481,0.9984,0.9469,0.0462
11,1,1,9,0.9846,0.9845,0.9998,0.9834,0.0244
11,1,1,10,0.2245,0.4770,1.0000,0.0538,0.0811
11,1,1,11,0.4062,0.3252,0.8929,0.3088,0.0308
11,1,2,0,0.7913,0.7484,0.9932,0.7568,0.0646
11,1,2,1,0.9972,0.9973,1.0000,0.9969,0.0062
11,1,2,2,0.4454,0.4577,0.9849,0.3477,0.0410
11,1,2,3,0.7163,0.6898,0.9990,0.6652,0.0737
11,1,2,4,0.7599,0.7785,0.9998,0.7188,0.0513
11,1,2,5,0.6312,0.6333,0.9997,0.5636,0.0568
11,1,2,6,0.9687,0.9758,0.9999,0.9648,0.0260
11,1,2,7,0.6561,0.6290,0.9874,0.5898,0.0876
11,1,2,8,0.5303,0.6914,0.9990,0.4439,0.0497
11,1,2,9,0.5938,0.5673,0.9969,0.5185,0.0554
11,1,2,10,0.8460,0.8217,0.9872,0.8268,0.0765
11,1,2,11,0.9905,0.9881,0.9997,0.9906,0.0243
11,1,3,0,0.9929,0.9923,0.9990,0.9925,0.0152
11,1,3,1,0.9713,0.9630,0.9995,0.9684,0.0311
11,1,3,2,0.5840,0.5693,1.0000,0.5040,0.0625
11,1,3,3,0.8057,0.8229,0.9982,0.7739,0.0386
11,1,3,4,0.9955,0.9947,0.9998,0.9953,0.0133
11,1,3,5,0.9726,0.9682,0.9955,0.9700,0.0305
11,1,3,6,0.7534,0.7246,0.9984,0.7106,0.0673
11,1,3,7,0.6905,0.6472,0.9705,0.6364,0.0503
11,1,3,8,0.7852,0.7560,0.9975,0.7490,0.0586
11,1,3,9,0.7278,0.7314,0.9997,0.6808,0.0473
11,1,3,10,0.9775,0.9651,0.9982,0.9750,0.0251
11,1,3,11,0.6593,0.7455,0.9997,0.5980,0.0510
11,1,4,0,0.5778,0.8142,0.9481,0.5131,0.0206
11,1,4,1,0.8831,0.8642,0.9997,0.8648,0.0375
11,1,4,2,0.9976,0.9973,0.9998,0.9972,0.0054
11,1,4,3,0.9011,0.8955,0.9998,0.8864,0.0383
11,1,4,4,0.9962,0.9953,0.9995,0.9958,0.0071
11,1,4,5,0.9247,0.8897,0.9998,0.9141,0.0413
11,1,4,6,0.9510,0.9524,0.9917,0.9465,0.0430
11,1,4,7,0.5861,0.5501,0.9740,0.5123,0.0462
11,1,4,8,0.9863,0.9837,0.9999,0.9845,0.0125
11,1,4,9,0.7804,0.8084,0.9826,0.7434,0.0625
11,1,4,10,0.9955,0.9947,0.9995,0.9950,0.0084
11,1,4,11,0.2439,0.3825,0.8290,0.1481,0.0200
11,1,5,0,0.9868,0.9885,0.9990,0.9851,0.0122
11,1,5,1,0.9917,0.9905,0.9994,0.9916,0.0200
11,1,5,2,0.8579,0.8933,0.9708,0.8358,0.0465
11,1,5,3,0.9412,0.9219,0.9709,0.9347,0.0438
11,1,5,4,0.9008,0.8890,0.9951,0.8878,0.0532
11,1,5,5,0.9935,0.9924,1.0000,0.9929,0.0119
11,1,5,6,0.9563,0.9407,0.9980,0.9499,0.0256
11,1,5,7,0.9655,0.9484,0.9933,0.9607,0.0233
11,1,5,8,0.9712,0.9617,0.9994,0.9670,0.0157
11,1,5,9,0.9958,0.9955,0.9997,0.9954,0.0105
11,1,5,10,0.8998,0.8915,0.9948,0.8849,0.0403
11,1,5,11,0.9861,0.9850,0.9982,0.9846,0.0189
11,1,6,0,0.7927,0.8334,0.9806,0.7583,0.0641
11,1,6,1,0.9614,0.9649,0.9962,0.9557,0.0160
11,1,6,2,0.9973,0.9966,1.0000,0.9970,0.0065
11,1,6,3,0.8750,0.8908,0.9999,0.8561,0.0514
11,1,6,4,0.9694,0.9640,0.9975,0.9662,0.0302
11,1,6,5,0.9888,0.9881,0.9993,0.9880,0.0200
11,1,6,6,0.9802,0.9741,0.9998,0.9776,0.0152
11,1,6,7,0.9148,0.9159,0.9942,0.9023,0.0378
11,1,6,8,0.9205,0.9148,1.0000,0.9090,0.0379
11,1,6,9,0.9919,0.9909,0.9995,0.9917,0.0197
11,1,6,10,0.9942,0.9945,0.9998,0.9936,0.0106
11,1,6,11,0.9664,0.9454,0.9959,0.9623,0.0260
11,1,7,0,0.9572,0.9366,0.9998,0.9509,0.0221
11,1,7,1,0.9941,0.9936,0.9993,0.9936,0.0124
11,1,7,2,0.9921,0.9909,0.9994,0.9920,0.0200
11,1,7,3,0.9691,0.9758,0.9996,0.9657,0.0297
11,1,7,4,0.9835,0.9821,0.9987,0.9811,0.0130
11,1,7,5,0.9900,0.9902,0.9983,0.9891,0.0154
11,1,7,6,0.9963,0.9968,0.9999,0.9958,0.0041
11,1,7,7,0.9941,0.9934,0.9997,0.9939,0.0175
11,1,7,8,0.9325,0.9018,0.9990,0.9224,0.0219
11,1,7,9,0.9918,0.9912,0.9989,0.9907,0.0102
11,1,7,10,0.9918,0.9908,0.9995,0.9916,0.0200
11,1,7,11,0.9929,0.9920,0.9996,0.9928,0.0187
11,1,8,0,0.9863,0.9845,0.9990,0.9843,0.0084
11,1,8,1,0.9922,0.9912,0.9995,0.9919,0.0189
11,1,8,2,0.9746,0.9761,0.9997,0.9722,0.0295
11,1,8,3,0.9824,0.9690,0.9961,0.9799,0.0113
11,1,8,4,0.9343,0.9092,0.9975,0.9250,0.0349
11,1,8,5,0.8956,0.8722,0.9790,0.8826,0.0579
11,1,8,6,0.9775,0.9821,0.9999,0.9743,0.0124
11,1,8,7,0.9673,0.9523,0.9983,0.9626,0.0183
11,1,8,8,0.7877,0.7969,0.9954,0.7526,0.0376
11,1,8,9,0.9929,0.9923,0.9996,0.9919,0.0089
11,1,8,10,0.9775,0.9767,0.9999,0.9757,0.0273
11,1,8,11,0.9863,0.9858,0.9996,0.9843,0.0106
11,1,9,0,0.9797,0.9721,0.9982,0.9767,0.0140
11,1,9,1,0.9937,0.9927,0.9995,0.9936,0.0179
11,1,9,2,0.9930,0.9925,0.9995,0.9926,0.0167
11,1,9,3,0.9166,0.9052,0.9986,0.9043,0.0357
11,1,9,4,0.9949,0.9938,0.9996,0.9947,0.0154
11,1,9,5,0.9941,0.9924,0.9995,0.9932,0.0060
11,1,9,6,0.9926,0.9917,0.9995,0.9925,0.0195
11,1,9,7,0.9861,0.9858,0.9984,0.9841,0.0119
11,1,9,8,0.9943,0.9939,0.9995,0.9937,0.0100
11,1,9,9,0.9923,0.9911,0.9995,0.9922,0.0198
11,1,9,10,0.9172,0.8772,1.0000,0.9051,0.0390
11,1,9,11,0.9931,0.9922,0.9995,0.9930,0.0189
11,1,10,0,0.9908,0.9905,0.9997,0.9896,0.0100
11,1,10,1,0.9932,0.9926,0.9997,0.9931,0.0186
11,1,10,2,0.9948,0.9945,0.9996,0.9947,0.0167
11,1,10,3,0.9971,0.9975,0.9993,0.9969,0.0087
11,1,10,4,0.9905,0.9915,0.9999,0.9892,0.0073
11,1,10,5,0.9467,0.9289,0.9998,0.9387,0.0262
11,1,10,6,0.9926,0.9916,0.9997,0.9923,0.0179
11,1,10,7,0.9955,0.9958,0.9998,0.9949,0.0068
11,1,10,8,0.9933,0.9929,0.9998,0.9931,0.0171
11,1,10,9,0.9137,0.8496,0.9853,0.9007,0.0098
11,1,10,10,0.9923,0.9914,0.9996,0.9922,0.0194
11,1,10,11,0.9598,0.9454,0.9983,0.9541,0.0160
11,1,11,0,0.6866,0.6683,0.9912,0.6284,0.0827
11,1,11,1,1.0000,1.0000,1.0000,1.0000,0.0000
11,1,11,2,0.9941,0.9931,1.0000,0.9937,0.0140
11,1,11,3,0.8936,0.8976,0.9990,0.8779,0.0444
11,1,11,4,0.9956,0.9945,0.9996,0.9952,0.0108
11,1,11,5,0.9947,0.9943,0.9997,0.9942,0.0116
11,1,11,6,0.9935,0.9925,0.9998,0.9933,0.0183
11,1,11,7,0.9975,0.9960,0.9995,0.9971,0.0040
11,1,11,8,0.2103,0.5005,0.9920,0.0511,0.0646
11,1,11,9,0.9938,0.9930,0.9998,0.9936,0.0175
11,1,11,10,0.9615,0.9579,0.9970,0.9575,0.0341
11,1,11,11,0.9473,0.9361,0.9992,0.9403,0.0325
11,2,0,0,0.8242,0.8142,0.9617,0.8078,0.0903
11,2,0,1,0.1287,0.1610,0.9105,0.0246,0.0043
11,2,0,2,0.7376,0.7382,0.9955,0.6991,0.0841
11,2,0,3,0.2224,0.2172,0.8989,0.1154,0.0256
11,2,0,4,0.4434,0.4097,0.9864,0.3467,0.0678
11,2,0,5,0.2536,0.2284,0.8673,0.1477,0.0305
11,2,0,6,0.7497,0.7390,0.9767,0.7155,0.0913
11,2,0,7,0.5713,0.5627,0.9864,0.4953,0.0922
11,2,0,8,0.5916,0.6186,0.9983,0.5217,0.0800
11,2,0,9,0.7944,0.7962,0.9683,0.7726,0.0956
11,2,0,10,0.7385,0.7111,0.9861,0.7044,0.0975
11,2,0,11,0.8112,0.8012,0.9658,0.7944,0.0940
11,2,1,0,0.6322,0.5929,0.9998,0.5713,0.0811
11,2,1,1,0.7998,0.7896,0.9943,0.7744,0.0827
11,2,1,2,0.7672,0.7648,0.9999,0.7346,0.0840
11,2,1,3,0.9012,0.8657,0.9785,0.8998,0.0771
11,2,1,4,0.9393,0.9349,0.9916,0.9379,0.0602
11,2,1,5,0.8165,0.7608,0.9998,0.7927,0.0697
11,2,1,6,0.8945,0.8436,0.9898,0.8814,0.0411
11,2,1,7,0.9389,0.9381,0.9961,0.9356,0.0559
11,2,1,8,0.9220,0.9184,0.9981,0.9166,0.0602
11,2,1,9,0.9689,0.9680,0.9999,0.9672,0.0384
11,2,1,10,0.1924,0.4367,0.9999,0.0286,0.0951
11,2,1,11,0.3716,0.2892,0.8951,0.2769,0.0419
11,2,2,0,0.7504,0.7004,0.9926,0.7142,0.0786
11,2,2,1,0.9915,0.9901,0.9999,0.9910,0.0192
11,2,2,2,0.4073,0.4066,0.9858,0.3117,0.0537
11,2,2,3,0.6733,0.6464,0.9988,0.6209,0.0876
11,2,2,4,0.7273,0.7408,0.9997,0.6860,0.0643
11,2,2,5,0.5850,0.5785,0.9996,0.5163,0.0708
11,2,2,6,0.9516,0.9549,1.0000,0.9471,0.0400
11,2,2,7,0.6124,0.5849,0.9866,0.5456,0.1016
11,2,2,8,0.4937,0.6365,0.9992,0.4091,0.0637
11,2,2,9,0.5507,0.5207,0.9973,0.4753,0.0694
11,2,2,10,0.8035,0.7778,0.9864,0.7818,0.0905
11,2,2,11,0.9814,0.9770,0.9996,0.9820,0.0383
11,2,3,0,0.9981,0.9982,0.9992,0.9979,0.0035
11,2,3,1,0.9509,0.9388,0.9997,0.9470,0.0444
11,2,3,2,0.5492,0.5239,1.0000,0.4711,0.0765
11,2,3,3,0.8016,0.8023,0.9985,0.7735,0.0500
11,2,3,4,0.9993,0.9992,0.9999,0.9992,0.0019
11,2,3,5,0.9546,0.9516,0.9950,0.9515,0.0444
11,2,3,6,0.7098,0.6781,0.9986,0.6652,0.0813
11,2,3,7,0.6623,0.6063,0.9717,0.6095,0.0643
11,2,3,8,0.7537,0.7134,0.9972,0.7174,0.0710
11,2,3,9,0.7004,0.6908,0.9998,0.6545,0.0606
11,2,3,10,0.9677,0.9506,0.9985,0.9657,0.0381
11,2,3,11,0.6283,0.7014,0.9998,0.5684,0.0649
11,2,4,0,0.5796,0.7818,0.9496,0.5206,0.0305
11,2,4,1,0.8529,0.8302,0.9996,0.8332,0.0508
11,2,4,2,0.9977,0.9973,0.9997,0.9977,0.0111
11,2,4,3,0.8807,0.8694,0.9999,0.8662,0.0522
11,2,4,4,0.9941,0.9925,0.9993,0.9941,0.0189
11,2,4,5,0.9070,0.8644,0.9996,0.8967,0.0540
11,2,4,6,0.9310,0.9278,0.9910,0.9264,0.0570
11,2,4,7,0.5409,0.4989,0.9751,0.4665,0.0598
11,2,4,8,0.9788,0.9753,0.9998,0.9771,0.0265
11,2,4,9,0.7419,0.7685,0.9816,0.7037,0.0765
11,2,4,10,0.9969,0.9957,0.9997,0.9966,0.0071
11,2,4,11,0.2154,0.3361,0.8318,0.1233,0.0060
11,2,5,0,0.9917,0.9936,0.9992,0.9907,0.0075
11,2,5,1,0.9989,0.9989,0.9996,0.9989,0.0060
11,2,5,2,0.8458,0.8800,0.9696,0.8263,0.0598
11,2,5,3,0.9209,0.8998,0.9697,0.9143,0.0578
11,2,5,4,0.8836,0.8665,0.9946,0.8720,0.0671
11,2,5,5,0.9977,0.9972,1.0000,0.9974,0.0040
11,2,5,6,0.9509,0.9310,0.9976,0.9456,0.0351
11,2,5,7,0.9623,0.9427,0.9927,0.9590,0.0354
11,2,5,8,0.9732,0.9626,0.9992,0.9706,0.0265
11,2,5,9,0.9986,0.9984,0.9998,0.9984,0.0048
11,2,5,10,0.8779,0.8715,0.9953,0.8629,0.0543
11,2,5,11,0.9811,0.9779,0.9979,0.9805,0.0319
11,2,6,0,0.7636,0.8117,0.9796,0.7297,0.0778
11,2,6,1,0.9681,0.9710,0.9957,0.9646,0.0271
11,2,6,2,0.9924,0.9913,1.0000,0.9922,0.0192
11,2,6,3,0.8573,0.8717,1.0000,0.8395,0.0654
11,2,6,4,0.9594,0.9543,0.9971,0.9570,0.0441
11,2,6,5,0.9800,0.9777,0.9992,0.9797,0.0340
11,2,6,6,0.9792,0.9696,0.9997,0.9779,0.0292
11,2,6,7,0.9006,0.8959,0.9947,0.8889,0.0517
11,2,6,8,0.9055,0.8950,1.0000,0.8946,0.0519
11,2,6,9,0.9990,0.9989,0.9996,0.9990,0.0057
11,2,6,10,0.9987,0.9988,0.9999,0.9986,0.0040
11,2,6,11,0.9525,0.9266,0.9955,0.9483,0.0400
11,2,7,0,0.9558,0.9307,0.9997,0.9508,0.0319
11,2,7,1,0.9975,0.9968,0.9994,0.9972,0.0035
11,2,7,2,0.9990,0.9990,0.9996,0.9990,0.0060
11,2,7,3,0.9514,0.9559,0.9995,0.9476,0.0437
11,2,7,4,0.9807,0.9787,0.9985,0.9787,0.0213
11,2,7,5,0.9853,0.9845,0.9980,0.9851,0.0294
11,2,7,6,0.9941,0.9928,1.0000,0.9937,0.0146
11,2,7,7,0.9995,0.9994,0.9998,0.9994,0.0035
11,2,7,8,0.9142,0.8728,0.9992,0.9035,0.0352
11,2,7,9,0.9867,0.9847,0.9986,0.9859,0.0225
11,2,7,10,0.9991,0.9991,0.9996,0.9991,0.0060
11,2,7,11,0.9992,0.9992,0.9997,0.9992,0.0048
11,2,8,0,0.9919,0.9891,0.9988,0.9914,0.0170
11,2,8,1,0.9992,0.9992,0.9997,0.9991,0.0049
11,2,8,2,0.9551,0.9534,0.9996,0.9518,0.0435
11,2,8,3,0.9765,0.9600,0.9965,0.9738,0.0170
11,2,8,4,0.9335,0.8990,0.9971,0.9270,0.0473
11,2,8,5,0.8702,0.8428,0.9780,0.8573,0.0719
11,2,8,6,0.9840,0.9890,0.9999,0.9821,0.0137
11,2,8,7,0.9670,0.9485,0.9980,0.9636,0.0294
11,2,8,8,0.7798,0.7887,0.9959,0.7480,0.0513
11,2,8,9,0.9884,0.9850,0.9998,0.9876,0.0200
11,2,8,10,0.9692,0.9668,0.9999,0.9683,0.0413
11,2,8,11,0.9835,0.9836,0.9997,0.9822,0.0230
11,2,9,0,0.9821,0.9743,0.9985,0.9804,0.0216
11,2,9,1,0.9994,0.9993,0.9996,0.9994,0.0040
11,2,9,2,0.9991,0.9990,0.9997,0.9990,0.0030
11,2,9,3,0.9103,0.8941,0.9983,0.9000,0.0481
11,2,9,4,0.9988,0.9989,0.9998,0.9987,0.0037
11,2,9,5,0.9924,0.9906,0.9997,0.9918,0.0146
11,2,9,6,0.9991,0.9992,0.9996,0.9991,0.0056
11,2,9,7,0.9795,0.9791,0.9987,0.9776,0.0243
11,2,9,8,0.9976,0.9979,0.9997,0.9973,0.0059
11,2,9,9,0.9991,0.9991,0.9996,0.9992,0.0059
11,2,9,10,0.8943,0.8490,1.0000,0.8816,0.0514
11,2,9,11,0.9991,0.9991,0.9996,0.9991,0.0049
11,2,10,0,0.9968,0.9959,0.9998,0.9965,0.0065
11,2,10,1,0.9993,0.9994,0.9998,0.9993,0.0046
11,2,10,2,0.9991,0.9992,0.9998,0.9990,0.0030
11,2,10,3,0.9964,0.9960,0.9995,0.9960,0.0062
11,2,10,4,0.9905,0.9905,0.9999,0.9899,0.0184
11,2,10,5,0.9210,0.8997,0.9999,0.9109,0.0360
11,2,10,6,0.9993,0.9994,0.9998,0.9993,0.0040
11,2,10,7,0.9975,0.9976,0.9999,0.9974,0.0087
11,2,10,8,0.9990,0.9994,0.9999,0.9989,0.0032
11,2,10,9,0.8902,0.8188,0.9861,0.8757,0.0235
11,2,10,10,0.9991,0.9992,0.9997,0.9991,0.0054
11,2,10,11,0.9711,0.9560,0.9980,0.9675,0.0144
11,2,11,0,0.6440,0.6309,0.9905,0.5851,0.0967
11,2,11,1,0.9941,0.9931,1.0000,0.9937,0.0140
11,2,11,2,1.0000,1.0000,1.0000,1.0000,0.0000
11,2,11,3,0.8893,0.8878,0.9988,0.8769,0.0584
11,2,11,4,0.9926,0.9913,0.9994,0.9928,0.0241
11,2,11,5,0.9988,0.9989,0.9998,0.9987,0.0040
11,2,11,6,0.9995,0.9995,0.9999,0.9994,0.0043
11,2,11,7,0.9943,0.9923,0.9993,0.9939,0.0132
11,2,11,8,0.1810,0.4556,0.9926,0.0289,0.0783
11,2,11,9,0.9995,0.9995,0.9999,0.9995,0.0035
11,2,11,10,0.9531,0.9439,0.9966,0.9506,0.0481
11,2,11,11,0.9442,0.9255,0.9989,0.9393,0.0459
11,3,0,0,0.8888,0.8807,0.9741,0.8616,0.0367
11,3,0,1,0.2587,0.3234,0.8890,0.1400,0.0627
11,3,0,2,0.8528,0.8741,0.9989,0.8152,0.0295
11,3,0,3,0.3527,0.3974,0.8762,0.2319,0.0373
11,3,0,4,0.6118,0.6089,0.9772,0.5150,0.0154
11,3,0,5,0.3634,0.4054,0.8417,0.2406,0.0295
11,3,0,6,0.8470,0.8548,0.9861,0.8075,0.0348
11,3,0,7,0.7771,0.7687,0.9933,0.7172,0.0354
11,3,0,8,0.7684,0.8133,1.0000,0.7078,0.0254
11,3,0,9,0.8964,0.8917,0.9794,0.8722,0.0448
11,3,0,10,0.8373,0.8244,0.9931,0.7953,0.0438
11,3,0,11,0.9074,0.8988,0.9774,0.8869,0.0435
11,3,1,0,0.7686,0.7684,0.9996,0.7086,0.0281
11,3,1,1,0.8985,0.8975,0.9983,0.8734,0.0287
11,3,1,2,0.8751,0.8719,0.9994,0.8437,0.0303
11,3,1,3,0.9096,0.8929,0.9875,0.8877,0.0349
11,3,1,4,0.9328,0.9340,0.9967,0.9167,0.0271
11,3,1,5,0.8622,0.8548,0.9996,0.8282,0.0173
11,3,1,6,0.8705,0.8817,0.9816,0.8429,0.0202
11,3,1,7,0.9394,0.9377,0.9992,0.9252,0.0260
11,3,1,8,0.9218,0.9234,0.9999,0.9032,0.0214
11,3,1,9,0.9249,0.9198,0.9978,0.9098,0.0248
11,3,1,10,0.4090,0.5839,0.9993,0.2426,0.0430
11,3,1,11,0.4631,0.4568,0.8721,0.3517,0.0213
11,3,2,0,0.8627,0.8424,0.9974,0.8280,0.0240
11,3,2,1,0.9143,0.9131,0.9993,0.9012,0.0402
11,3,2,2,0.6406,0.6470,0.9763,0.5594,0.0121
11,3,2,3,0.7859,0.7947,1.0000,0.7292,0.0343
11,3,2,4,0.8551,0.8871,0.9997,0.8207,0.0125
11,3,2,5,0.7797,0.7793,0.9998,0.7255,0.0190
11,3,2,6,0.9270,0.9271,0.9983,0.9124,0.0203
11,3,2,7,0.7816,0.7468,0.9934,0.7217,0.0454
11,3,2,8,0.6487,0.7784,0.9961,0.5642,0.0148
11,3,2,9,0.7596,0.7457,0.9925,0.7002,0.0170
11,3,2,10,0.8848,0.8763,0.9933,0.8563,0.0381
11,3,2,11,0.9281,0.9285,0.9998,0.9133,0.0262
11,3,3,0,0.8791,0.8938,0.9961,0.8659,0.0594
11,3,3,1,0.9164,0.9177,0.9972,0.8987,0.0165
11,3,3,2,0.6860,0.7050,0.9986,0.6046,0.0232
11,3,3,3,0.8877,0.9245,0.9945,0.8632,0.0129
11,3,3,4,0.8927,0.8919,0.9980,0.8808,0.0578
11,3,3,5,0.8964,0.9247,0.9987,0.8741,0.0190
11,3,3,6,0.8081,0.8160,0.9949,0.7587,0.0263
11,3,3,7,0.7938,0.7600,0.9589,0.7455,0.0141
11,3,3,8,0.8544,0.8543,0.9997,0.8192,0.0208
11,3,3,9,0.7424,0.7882,0.9976,0.6822,0.0152
11,3,3,10,0.9261,0.9314,0.9945,0.9114,0.0210
11,3,3,11,0.7196,0.8270,0.9977,0.6515,0.0138
11,3,4,0,0.6291,0.8239,0.9331,0.5588,0.0317
11,3,4,1,0.8873,0.9036,0.9998,0.8630,0.0102
11,3,4,2,0.8945,0.8963,0.9997,0.8795,0.0473
11,3,4,3,0.8699,0.8821,0.9980,0.8406,0.0097
11,3,4,4,0.9054,0.9161,0.9999,0.8904,0.0395
11,3,4,5,0.8702,0.8997,0.9998,0.8413,0.0149
11,3,4,6,0.9391,0.9299,0.9964,0.9248,0.0202
11,3,4,7,0.6802,0.6820,0.9630,0.6054,0.0084
11,3,4,8,0.9170,0.9353,0.9996,0.9028,0.0322
11,3,4,9,0.7780,0.8226,0.9898,0.7215,0.0197
11,3,4,10,0.8966,0.9069,0.9972,0.8835,0.0516
11,3,4,11,0.4386,0.5597,0.8035,0.3527,0.0644
11,3,5,0,0.9139,0.9084,0.9961,0.9043,0.0513
11,3,5,1,0.8789,0.8808,0.9970,0.8676,0.0644
11,3,5,2,0.8579,0.8846,0.9805,0.8242,0.0135
11,3,5,3,0.8686,0.9001,0.9805,0.8379,0.0111
11,3,5,4,0.8988,0.9018,0.9985,0.8742,0.0135
11,3,5,5,0.8872,0.9021,0.9987,0.8738,0.0551
11,3,5,6,0.9103,0.9412,0.9998,0.8936,0.0252
11,3,5,7,0.8905,0.9026,0.9974,0.8692,0.0265
11,3,5,8,0.9062,0.9240,1.0000,0.8900,0.0335
11,3,5,9,0.8991,0.8955,0.9977,0.8873,0.0549
11,3,5,10,0.8687,0.8928,0.9893,0.8390,0.0098
11,3,5,11,0.9138,0.9256,0.9999,0.8974,0.0265
11,3,6,0,0.7890,0.8487,0.9883,0.7356,0.0238
11,3,6,1,0.9209,0.9237,0.9991,0.9082,0.0322
11,3,6,2,0.9076,0.9174,0.9988,0.8929,0.0392
11,3,6,3,0.9566,0.9564,0.9984,0.9464,0.0140
11,3,6,4,0.9349,0.9606,0.9996,0.9211,0.0197
11,3,6,5,0.9341,0.9378,1.0000,0.9213,0.0279
11,3,6,6,0.9331,0.9357,0.9997,0.9213,0.0302
11,3,6,7,0.9414,0.9370,0.9884,0.9286,0.0143
11,3,6,8,0.9330,0.9549,0.9989,0.9184,0.0132
11,3,6,9,0.8811,0.8833,0.9970,0.8699,0.0641
11,3,6,10,0.9023,0.9016,0.9980,0.8910,0.0551
11,3,6,11,0.9045,0.9332,0.9990,0.8849,0.0197
11,3,7,0,0.8901,0.9168,0.9997,0.8703,0.0290
11,3,7,1,0.8850,0.8948,0.9966,0.8712,0.0556
11,3,7,2,0.8793,0.8811,0.9970,0.8679,0.0644
11,3,7,3,0.9126,0.9169,0.9999,0.8942,0.0186
11,3,7,4,0.8690,0.8987,1.0000,0.8474,0.0384
11,3,7,5,0.9205,0.9257,0.9999,0.9060,0.0290
11,3,7,6,0.9108,0.9138,0.9983,0.8982,0.0441
11,3,7,7,0.8866,0.8878,0.9977,0.8748,0.0619
11,3,7,8,0.8811,0.8614,0.9961,0.8576,0.0232
11,3,7,9,0.9172,0.9272,1.0000,0.9037,0.0359
11,3,7,10,0.8804,0.8824,0.9970,0.8690,0.0644
11,3,7,11,0.8840,0.8856,0.9974,0.8726,0.0632
11,3,8,0,0.9230,0.9283,1.0000,0.9119,0.0421
11,3,8,1,0.8827,0.8843,0.9971,0.8711,0.0633
11,3,8,2,0.9315,0.9306,0.9998,0.9171,0.0200
11,3,8,3,0.8837,0.9092,0.9912,0.8659,0.0443
11,3,8,4,0.9284,0.9352,0.9996,0.9131,0.0156
11,3,8,5,0.9180,0.9400,0.9871,0.8979,0.0151
11,3,8,6,0.9072,0.9071,0.9982,0.8948,0.0451
11,3,8,7,0.8864,0.9119,0.9999,0.8659,0.0300
11,3,8,8,0.9454,0.9462,0.9902,0.9335,0.0113
11,3,8,9,0.9001,0.9062,0.9975,0.8841,0.0387
11,3,8,10,0.9432,0.9404,0.9994,0.9312,0.0187
11,3,8,11,0.9302,0.9291,0.9973,0.9193,0.0354
11,3,9,0,0.9206,0.9385,0.9945,0.9084,0.0368
11,3,9,1,0.8837,0.8860,0.9971,0.8720,0.0624
11,3,9,2,0.8905,0.8936,0.9972,0.8793,0.0611
11,3,9,3,0.9676,0.9735,1.0000,0.9609,0.0135
11,3,9,4,0.8820,0.8866,0.9975,0.8692,0.0598
11,3,9,5,0.9139,0.9249,0.9972,0.9017,0.0438
11,3,9,6,0.8798,0.8821,0.9971,0.8682,0.0640
11,3,9,7,0.9078,0.9257,0.9950,0.8926,0.0348
11,3,9,8,0.9004,0.9016,0.9972,0.8888,0.0538
11,3,9,9,0.8795,0.8818,0.9970,0.8680,0.0643
11,3,9,10,0.8458,0.9108,0.9991,0.8120,0.0137
11,3,9,11,0.8831,0.8849,0.9971,0.8717,0.0633
11,3,10,0,0.9127,0.9123,0.9975,0.9026,0.0519
11,3,10,1,0.8826,0.8844,0.9977,0.8709,0.0630
11,3,10,2,0.8849,0.8877,0.9975,0.8727,0.0611
11,3,10,3,0.8921,0.8949,0.9967,0.8783,0.0525
11,3,10,4,0.9292,0.9285,0.9995,0.9190,0.0403
11,3,10,5,0.8095,0.8830,0.9981,0.7737,0.0240
11,3,10,6,0.8858,0.8873,0.9977,0.8743,0.0624
11,3,10,7,0.9012,0.9035,0.9981,0.8881,0.0500
11,3,10,8,0.8860,0.8884,0.9978,0.8742,0.0616
11,3,10,9,0.8068,0.7992,0.9767,0.7711,0.0349
11,3,10,10,0.8814,0.8826,0.9973,0.8698,0.0638
11,3,10,11,0.8706,0.8813,0.9999,0.8519,0.0478
11,3,11,0,0.7964,0.7960,0.9961,0.7416,0.0395
11,3,11,1,0.8936,0.8976,0.9990,0.8779,0.0444
11,3,11,2,0.8893,0.8878,0.9988,0.8769,0.0584
11,3,11,3,1.0000,1.0000,1.0000,1.0000,0.0000
11,3,11,4,0.9095,0.9127,0.9999,0.8940,0.0349
11,3,11,5,0.9011,0.8993,0.9976,0.8897,0.0548
11,3,11,6,0.8827,0.8846,0.9980,0.8706,0.0627
11,3,11,7,0.8832,0.8973,0.9999,0.8657,0.0452
11,3,11,8,0.4024,0.6066,0.9855,0.2487,0.0237
11,3,11,9,0.8846,0.8863,0.9979,0.8727,0.0619
11,3,11,10,0.9380,0.9510,0.9995,0.9243,0.0141
11,3,11,11,0.9377,0.9554,1.0000,0.9246,0.0144
11,4,0,0,0.8756,0.8491,0.9703,0.8586,0.0662
11,4,0,1,0.1684,0.1951,0.8962,0.0544,0.0284
11,4,0,2,0.7953,0.7831,0.9981,0.7566,0.0600
11,4,0,3,0.2699,0.2568,0.8838,0.1540,0.0217
11,4,0,4,0.4991,0.4584,0.9804,0.3962,0.0437
11,4,0,5,0.3010,0.2659,0.8503,0.1865,0.0235
11,4,0,6,0.8028,0.7782,0.9833,0.7669,0.0671
11,4,0,7,0.6418,0.6205,0.9913,0.5647,0.0684
11,4,0,8,0.6577,0.6683,0.9997,0.5863,0.0559
11,4,0,9,0.8521,0.8345,0.9761,0.8305,0.0714
11,4,0,10,0.7979,0.7528,0.9910,0.7630,0.0733
11,4,0,11,0.8621,0.8433,0.9739,0.8438,0.0698
11,4,1,0,0.6956,0.6516,0.9999,0.6335,0.0576
11,4,1,1,0.8513,0.8364,0.9973,0.8256,0.0592
11,4,1,2,0.8206,0.8112,0.9998,0.7875,0.0605
11,4,1,3,0.9318,0.8896,0.9848,0.9269,0.0530
11,4,1,4,0.9645,0.9614,0.9953,0.9613,0.0360
11,4,1,5,0.8594,0.8023,0.9999,0.8344,0.0462
11,4,1,6,0.9210,0.8687,0.9846,0.9074,0.0186
11,4,1,7,0.9637,0.9611,0.9985,0.9591,0.0327
11,4,1,8,0.9518,0.9481,0.9996,0.9455,0.0360
11,4,1,9,0.9840,0.9841,0.9988,0.9816,0.0175
11,4,1,10,0.2649,0.4735,0.9997,0.0922,0.0732
11,4,1,11,0.4190,0.3261,0.8798,0.3172,0.0279
11,4,2,0,0.8026,0.7514,0.9961,0.7654,0.0551
11,4,2,1,0.9945,0.9934,0.9998,0.9937,0.0078
11,4,2,2,0.4686,0.4630,0.9797,0.3682,0.0333
11,4,2,3,0.7385,0.6930,0.9999,0.6861,0.0635
11,4,2,4,0.7738,0.7891,1.0000,0.7310,0.0437
11,4,2,5,0.6501,0.6362,1.0000,0.5803,0.0492
11,4,2,6,0.9633,0.9718,0.9991,0.9572,0.0190
11,4,2,7,0.6788,0.6303,0.9914,0.6101,0.0775
11,4,2,8,0.5506,0.6875,0.9974,0.4615,0.0411
11,4,2,9,0.6065,0.5669,0.9943,0.5273,0.0462
11,4,2,10,0.8534,0.8206,0.9913,0.8304,0.0663
11,4,2,11,0.9928,0.9898,1.0000,0.9921,0.0141
11,4,3,0,0.9917,0.9903,0.9974,0.9921,0.0251
11,4,3,1,0.9695,0.9613,0.9983,0.9648,0.0238
11,4,3,2,0.6099,0.5704,0.9993,0.5284,0.0537
11,4,3,3,0.8226,0.8342,0.9961,0.7906,0.0319
11,4,3,4,0.9927,0.9920,0.9988,0.9929,0.0235
11,4,3,5,0.9718,0.9694,0.9978,0.9675,0.0213
11,4,3,6,0.7663,0.7260,0.9964,0.7206,0.0575
11,4,3,7,0.7004,0.6435,0.9633,0.6432,0.0430
11,4,3,8,0.7966,0.7604,0.9991,0.7583,0.0510
11,4,3,9,0.7402,0.7349,0.9986,0.6910,0.0394
11,4,3,10,0.9806,0.9659,0.9961,0.9775,0.0184
11,4,3,11,0.6766,0.7479,0.9986,0.6131,0.0427
11,4,4,0,0.6036,0.8092,0.9387,0.5388,0.0257
11,4,4,1,0.8881,0.8672,1.0000,0.8684,0.0302
11,4,4,2,0.9967,0.9958,1.0000,0.9965,0.0130
11,4,4,3,0.9044,0.8929,0.9989,0.8878,0.0284
11,4,4,4,0.9966,0.9959,1.0000,0.9961,0.0059
11,4,4,5,0.9318,0.8936,1.0000,0.9203,0.0343
11,4,4,6,0.9540,0.9523,0.9949,0.9476,0.0332
11,4,4,7,0.5949,0.5496,0.9672,0.5166,0.0379
11,4,4,8,0.9846,0.9850,0.9999,0.9821,0.0116
11,4,4,9,0.7900,0.8050,0.9874,0.7498,0.0524
11,4,4,10,0.9931,0.9924,0.9983,0.9927,0.0179
11,4,4,11,0.2646,0.3812,0.8129,0.1658,0.0302
11,4,5,0,0.9892,0.9891,0.9974,0.9884,0.0211
11,4,5,1,0.9896,0.9880,0.9981,0.9905,0.0302
11,4,5,2,0.8712,0.9040,0.9772,0.8482,0.0383
11,4,5,3,0.9481,0.9291,0.9773,0.9405,0.0343
11,4,5,4,0.9103,0.8936,0.9975,0.8959,0.0440
11,4,5,5,0.9921,0.9913,0.9994,0.9921,0.0211
11,4,5,6,0.9611,0.9484,0.9994,0.9545,0.0233
11,4,5,7,0.9662,0.9527,0.9961,0.9606,0.0183
11,4,5,8,0.9780,0.9694,1.0000,0.9744,0.0160
11,4,5,9,0.9943,0.9929,0.9986,0.9944,0.0206
11,4,5,10,0.9018,0.8871,0.9915,0.8846,0.0311
11,4,5,11,0.9875,0.9883,0.9995,0.9855,0.0116
11,4,6,0,0.8119,0.8444,0.9857,0.7767,0.0559
11,4,6,1,0.9701,0.9738,0.9982,0.9653,0.0176
11,4,6,2,0.9975,0.9962,0.9994,0.9971,0.0062
11,4,6,3,0.8869,0.8946,0.9992,0.8670,0.0425
11,4,6,4,0.9756,0.9712,0.9991,0.9720,0.0210
11,4,6,5,0.9905,0.9891,1.0000,0.9891,0.0117
11,4,6,6,0.9830,0.9780,1.0000,0.9801,0.0114
11,4,6,7,0.9198,0.9119,0.9907,0.9060,0.0308
11,4,6,8,0.9295,0.9198,0.9995,0.9175,0.0313
11,4,6,9,0.9900,0.9885,0.9981,0.9908,0.0298
11,4,6,10,0.9938,0.9927,0.9989,0.9938,0.0208
11,4,6,11,0.9698,0.9487,0.9981,0.9649,0.0187
11,4,7,0,0.9641,0.9426,1.0000,0.9582,0.0233
11,4,7,1,0.9926,0.9904,0.9978,0.9925,0.0219
11,4,7,2,0.9899,0.9882,0.9981,0.9907,0.0302
11,4,7,3,0.9674,0.9728,1.0000,0.9623,0.0227
11,4,7,4,0.9857,0.9834,0.9997,0.9836,0.0175
11,4,7,5,0.9954,0.9940,0.9995,0.9947,0.0065
11,4,7,6,0.9944,0.9928,0.9991,0.9938,0.0102
11,4,7,7,0.9916,0.9904,0.9986,0.9920,0.0276
11,4,7,8,0.9276,0.8918,0.9974,0.9152,0.0165
11,4,7,9,0.9939,0.9913,0.9998,0.9929,0.0070
11,4,7,10,0.9901,0.9885,0.9981,0.9908,0.0302
11,4,7,11,0.9911,0.9895,0.9984,0.9917,0.0289
11,4,8,0,0.9909,0.9903,0.9999,0.9896,0.0119
11,4,8,1,0.9908,0.9891,0.9982,0.9914,0.0290
11,4,8,2,0.9703,0.9735,1.0000,0.9657,0.0232
11,4,8,3,0.9784,0.9649,0.9932,0.9753,0.0183
11,4,8,4,0.9476,0.9201,0.9991,0.9388,0.0267
11,4,8,5,0.9112,0.8843,0.9844,0.8978,0.0478
11,4,8,6,0.9819,0.9844,0.9990,0.9796,0.0200
11,4,8,7,0.9745,0.9586,0.9996,0.9702,0.0183
11,4,8,8,0.8071,0.8114,0.9923,0.7721,0.0294
11,4,8,9,0.9906,0.9885,0.9985,0.9892,0.0114
11,4,8,10,0.9829,0.9794,0.9998,0.9806,0.0175
11,4,8,11,0.9865,0.9889,0.9984,0.9843,0.0129
11,4,9,0,0.9849,0.9768,0.9961,0.9826,0.0152
11,4,9,1,0.9914,0.9900,0.9982,0.9920,0.0281
11,4,9,2,0.9916,0.9906,0.9983,0.9920,0.0268
11,4,9,3,0.9308,0.9198,0.9997,0.9190,0.0278
11,4,9,4,0.9906,0.9904,0.9985,0.9908,0.0256
11,4,9,5,0.9933,0.9911,0.9982,0.9925,0.0114
11,4,9,6,0.9903,0.9888,0.9982,0.9910,0.0297
11,4,9,7,0.9844,0.9853,0.9964,0.9819,0.0154
11,4,9,8,0.9928,0.9921,0.9983,0.9927,0.0195
11,4,9,9,0.9901,0.9885,0.9981,0.9908,0.0300
11,4,9,10,0.9249,0.8827,0.9997,0.9121,0.0333
11,4,9,11,0.9911,0.9894,0.9982,0.9917,0.0290
11,4,10,0,0.9918,0.9907,0.9985,0.9913,0.0192
11,4,10,1,0.9911,0.9898,0.9986,0.9916,0.0287
11,4,10,2,0.9924,0.9911,0.9985,0.9928,0.0268
11,4,10,3,0.9941,0.9925,0.9979,0.9940,0.0183
11,4,10,4,0.9934,0.9932,0.9999,0.9924,0.0089
11,4,10,5,0.9414,0.9223,0.9989,0.9317,0.0275
11,4,10,6,0.9910,0.9896,0.9987,0.9914,0.0281
11,4,10,7,0.9959,0.9941,0.9989,0.9958,0.0157
11,4,10,8,0.9919,0.9906,0.9987,0.9924,0.0273
11,4,10,9,0.9053,0.8378,0.9800,0.8898,0.0089
11,4,10,10,0.9906,0.9890,0.9983,0.9913,0.0295
11,4,10,11,0.9649,0.9516,0.9995,0.9601,0.0237
11,4,11,0,0.7115,0.6715,0.9945,0.6520,0.0725
11,4,11,1,0.9956,0.9945,0.9996,0.9952,0.0108
11,4,11,2,0.9926,0.9913,0.9994,0.9928,0.0241
11,4,11,3,0.9095,0.9127,0.9999,0.8940,0.0349
11,4,11,4,1.0000,1.0000,1.0000,1.0000,0.0000
11,4,11,5,0.9923,0.9921,0.9986,0.9921,0.0211
11,4,11,6,0.9916,0.9900,0.9989,0.9921,0.0284
11,4,11,7,0.9934,0.9911,1.0000,0.9926,0.0119
11,4,11,8,0.2461,0.4954,0.9881,0.0839,0.0570
11,4,11,9,0.9916,0.9903,0.9988,0.9921,0.0276
11,4,11,10,0.9702,0.9648,0.9988,0.9661,0.0256
11,4,11,11,0.9607,0.9446,0.9999,0.9544,0.0249
11,5,0,0,0.8314,0.8205,0.9562,0.8148,0.0867
11,5,0,1,0.1399,0.1788,0.9183,0.0351,0.0079
11,5,0,2,0.7520,0.7537,0.9934,0.7146,0.0805
11,5,0,3,0.2348,0.2358,0.9072,0.1273,0.0216
11,5,0,4,0.4582,0.4290,0.9894,0.3620,0.0641
11,5,0,5,0.2625,0.2467,0.8768,0.1558,0.0265
11,5,0,6,0.7590,0.7503,0.9724,0.7249,0.0876
11,5,0,7,0.5901,0.5812,0.9830,0.5159,0.0886
11,5,0,8,0.6121,0.6389,0.9969,0.5443,0.0763
11,5,0,9,0.8064,0.8060,0.9633,0.7855,0.0919
11,5,0,10,0.7499,0.7225,0.9826,0.7164,0.0938
11,5,0,11,0.8227,0.8114,0.9606,0.8066,0.0903
11,5,1,0,0.6439,0.6085,0.9992,0.5832,0.0771
11,5,1,1,0.8123,0.8042,0.9920,0.7879,0.0790
11,5,1,2,0.7835,0.7809,0.9994,0.7526,0.0800
11,5,1,3,0.9037,0.8697,0.9743,0.9013,0.0735
11,5,1,4,0.9467,0.9415,0.9889,0.9455,0.0568
11,5,1,5,0.8270,0.7753,0.9992,0.8038,0.0660
11,5,1,6,0.8999,0.8538,0.9924,0.8869,0.0375
11,5,1,7,0.9479,0.9457,0.9942,0.9453,0.0522
11,5,1,8,0.9313,0.9266,0.9967,0.9265,0.0565
11,5,1,9,0.9747,0.9732,1.0000,0.9734,0.0348
11,5,1,10,0.1989,0.4522,0.9995,0.0331,0.0911
11,5,1,11,0.3783,0.3078,0.9036,0.2826,0.0383
11,5,2,0,0.7617,0.7151,0.9901,0.7260,0.0749
11,5,2,1,0.9941,0.9928,0.9995,0.9938,0.0156
11,5,2,2,0.4222,0.4255,0.9889,0.3269,0.0497
11,5,2,3,0.6828,0.6609,0.9976,0.6304,0.0840
11,5,2,4,0.7392,0.7544,0.9991,0.6987,0.0603
11,5,2,5,0.6024,0.5983,0.9989,0.5351,0.0671
11,5,2,6,0.9617,0.9633,1.0000,0.9582,0.0360
11,5,2,7,0.6267,0.6011,0.9832,0.5608,0.0979
11,5,2,8,0.5007,0.6501,0.9998,0.4152,0.0600
11,5,2,9,0.5705,0.5394,0.9985,0.4967,0.0657
11,5,2,10,0.8148,0.7907,0.9830,0.7938,0.0868
11,5,2,11,0.9840,0.9805,0.9989,0.9844,0.0349
11,5,3,0,0.9956,0.9978,0.9998,0.9952,0.0052
11,5,3,1,0.9561,0.9454,1.0000,0.9524,0.0405
11,5,3,2,0.5559,0.5384,0.9999,0.4769,0.0729
11,5,3,3,0.8038,0.8120,0.9994,0.7749,0.0463
11,5,3,4,0.9992,0.9992,1.0000,0.9991,0.0030
11,5,3,5,0.9593,0.9571,0.9929,0.9563,0.0408
11,5,3,6,0.7210,0.6938,0.9995,0.6768,0.0776
11,5,3,7,0.6757,0.6223,0.9761,0.6237,0.0606
11,5,3,8,0.7646,0.7274,0.9955,0.7288,0.0673
11,5,3,9,0.7017,0.6986,1.0000,0.6544,0.0570
11,5,3,10,0.9714,0.9580,0.9994,0.9694,0.0341
11,5,3,11,0.6343,0.7131,1.0000,0.5737,0.0613
11,5,4,0,0.5774,0.7915,0.9555,0.5167,0.0268
11,5,4,1,0.8565,0.8431,0.9989,0.8365,0.0471
11,5,4,2,0.9973,0.9972,0.9990,0.9970,0.0087
11,5,4,3,0.8874,0.8773,1.0000,0.8730,0.0486
11,5,4,4,0.9942,0.9937,0.9984,0.9939,0.0162
11,5,4,5,0.9078,0.8717,0.9989,0.8968,0.0503
11,5,4,6,0.9396,0.9347,0.9882,0.9356,0.0533
11,5,4,7,0.5592,0.5205,0.9792,0.4861,0.0562
11,5,4,8,0.9833,0.9805,0.9992,0.9818,0.0225
11,5,4,9,0.7497,0.7760,0.9777,0.7114,0.0729
11,5,4,10,0.9976,0.9973,1.0000,0.9973,0.0038
11,5,4,11,0.2241,0.3559,0.8424,0.1313,0.0097
11,5,5,0,0.9920,0.9946,0.9998,0.9909,0.0038
11,5,5,1,0.9965,0.9972,1.0000,0.9964,0.0097
11,5,5,2,0.8502,0.8827,0.9647,0.8302,0.0562
11,5,5,3,0.9207,0.9032,0.9648,0.9132,0.0541
11,5,5,4,0.8899,0.8730,0.9924,0.8783,0.0635
11,5,5,5,0.9957,0.9963,0.9998,0.9952,0.0029
11,5,5,6,0.9503,0.9341,0.9961,0.9444,0.0314
11,5,5,7,0.9621,0.9443,0.9901,0.9582,0.0317
11,5,5,8,0.9715,0.9626,0.9982,0.9682,0.0229
11,5,5,9,0.9984,0.9987,1.0000,0.9982,0.0033
11,5,5,10,0.8877,0.8819,0.9970,0.8734,0.0506
11,5,5,11,0.9850,0.9817,0.9965,0.9846,0.0283
11,5,6,0,0.7645,0.8153,0.9755,0.7292,0.0741
11,5,6,1,0.9696,0.9717,0.9937,0.9660,0.0235
11,5,6,2,0.9934,0.9937,0.9998,0.9930,0.0168
11,5,6,3,0.8731,0.8853,0.9999,0.8571,0.0617
11,5,6,4,0.9633,0.9601,0.9955,0.9609,0.0405
11,5,6,5,0.9837,0.9821,0.9982,0.9835,0.0310
11,5,6,6,0.9820,0.9736,0.9990,0.9807,0.0256
11,5,6,7,0.9120,0.9080,0.9965,0.9014,0.0481
11,5,6,8,0.9114,0.9046,0.9998,0.9006,0.0479
11,5,6,9,0.9968,0.9975,1.0000,0.9967,0.0094
11,5,6,10,0.9983,0.9990,1.0000,0.9981,0.0032
11,5,6,11,0.9524,0.9327,0.9935,0.9476,0.0363
11,5,7,0,0.9507,0.9336,0.9990,0.9446,0.0283
11,5,7,1,0.9961,0.9974,0.9999,0.9956,0.0024
11,5,7,2,0.9967,0.9974,1.0000,0.9966,0.0097
11,5,7,3,0.9591,0.9626,0.9986,0.9558,0.0400
11,5,7,4,0.9791,0.9796,0.9972,0.9765,0.0173
11,5,7,5,0.9855,0.9868,0.9965,0.9848,0.0260
11,5,7,6,0.9951,0.9955,1.0000,0.9947,0.0122
11,5,7,7,0.9982,0.9986,1.0000,0.9980,0.0071
11,5,7,8,0.9184,0.8807,0.9998,0.9078,0.0316
11,5,7,9,0.9868,0.9886,0.9974,0.9857,0.0195
11,5,7,10,0.9967,0.9975,1.0000,0.9966,0.0097
11,5,7,11,0.9974,0.9980,1.0000,0.9972,0.0084
11,5,8,0,0.9908,0.9890,0.9976,0.9899,0.0133
11,5,8,1,0.9971,0.9979,1.0000,0.9969,0.0086
11,5,8,2,0.9633,0.9610,0.9988,0.9606,0.0398
11,5,8,3,0.9779,0.9647,0.9979,0.9751,0.0133
11,5,8,4,0.9327,0.9037,0.9954,0.9252,0.0437
11,5,8,5,0.8729,0.8525,0.9738,0.8592,0.0683
11,5,8,6,0.9850,0.9902,1.0000,0.9831,0.0100
11,5,8,7,0.9622,0.9502,0.9966,0.9577,0.0257
11,5,8,8,0.7972,0.8044,0.9975,0.7671,0.0476
11,5,8,9,0.9905,0.9881,1.0000,0.9897,0.0160
11,5,8,10,0.9743,0.9725,0.9994,0.9737,0.0376
11,5,8,11,0.9885,0.9884,1.0000,0.9875,0.0194
11,5,9,0,0.9823,0.9783,0.9994,0.9804,0.0179
11,5,9,1,0.9979,0.9983,1.0000,0.9978,0.0076
11,5,9,2,0.9979,0.9987,1.0000,0.9977,0.0063
11,5,9,3,0.9151,0.9016,0.9969,0.9048,0.0444
11,5,9,4,0.9986,0.9988,1.0000,0.9985,0.0051
11,5,9,5,0.9939,0.9938,1.0000,0.9933,0.0110
11,5,9,6,0.9969,0.9978,1.0000,0.9967,0.0092
11,5,9,7,0.9837,0.9849,0.9995,0.9821,0.0203
11,5,9,8,0.9983,0.9990,1.0000,0.9981,0.0032
11,5,9,9,0.9970,0.9976,1.0000,0.9969,0.0095
11,5,9,10,0.8953,0.8593,0.9996,0.8819,0.0478
11,5,9,11,0.9972,0.9979,1.0000,0.9970,0.0086
11,5,10,0,0.9971,0.9971,1.0000,0.9968,0.0041
11,5,10,1,0.9974,0.9981,1.0000,0.9973,0.0083
11,5,10,2,0.9975,0.9986,1.0000,0.9973,0.0063
11,5,10,3,0.9960,0.9974,0.9999,0.9955,0.0032
11,5,10,4,0.9919,0.9931,0.9994,0.9912,0.0151
11,5,10,5,0.9193,0.9079,1.0000,0.9085,0.0321
11,5,10,6,0.9974,0.9982,1.0000,0.9973,0.0076
11,5,10,7,0.9967,0.9984,1.0000,0.9963,0.0073
11,5,10,8,0.9969,0.9984,1.0000,0.9966,0.0068
11,5,10,9,0.8907,0.8277,0.9892,0.8757,0.0198
11,5,10,10,0.9968,0.9976,1.0000,0.9966,0.0090
11,5,10,11,0.9650,0.9525,0.9965,0.9604,0.0114
11,5,11,0,0.6614,0.6474,0.9877,0.6042,0.0930
11,5,11,1,0.9947,0.9943,0.9997,0.9942,0.0116
11,5,11,2,0.9988,0.9989,0.9998,0.9987,0.0040
11,5,11,3,0.9011,0.8993,0.9976,0.8897,0.0548
11,5,11,4,0.9923,0.9921,0.9986,0.9921,0.0211
11,5,11,5,1.0000,1.0000,1.0000,1.0000,0.0000
11,5,11,6,0.9975,0.9981,1.0000,0.9973,0.0079
11,5,11,7,0.9936,0.9925,0.9983,0.9929,0.0095
11,5,11,8,0.1909,0.4755,0.9948,0.0376,0.0743
11,5,11,9,0.9980,0.9985,1.0000,0.9979,0.0071
11,5,11,10,0.9584,0.9497,0.9949,0.9560,0.0444
11,5,11,11,0.9472,0.9322,0.9979,0.9421,0.0422
11,6,0,0,0.8165,0.8114,0.9579,0.8011,0.0946
11,6,0,1,0.1146,0.1566,0.9160,0.0117,0.0010
11,6,0,2,0.7308,0.7347,0.9941,0.6935,0.0884
11,6,0,3,0.2119,0.2117,0.9048,0.1063,0.0292
11,6,0,4,0.4321,0.4021,0.9886,0.3366,0.0721
11,6,0,5,0.2450,0.2228,0.8740,0.1409,0.0341
11,6,0,6,0.7424,0.7347,0.9737,0.7095,0.0956
11,6,0,7,0.5567,0.5592,0.9841,0.4809,0.0965
11,6,0,8,0.5766,0.6139,0.9974,0.5067,0.0843
11,6,0,9,0.7852,0.7952,0.9648,0.7641,0.0998
11,6,0,10,0.7285,0.7083,0.9837,0.6953,0.1017
11,6,0,11,0.8014,0.7988,0.9622,0.7851,0.0983
11,6,1,0,0.6240,0.5897,0.9994,0.5643,0.0851
11,6,1,1,0.7920,0.7863,0.9927,0.7674,0.0870
11,6,1,2,0.7589,0.7625,0.9996,0.7271,0.0879
11,6,1,3,0.8950,0.8647,0.9756,0.8945,0.0814
11,6,1,4,0.9342,0.9323,0.9897,0.9333,0.0644
11,6,1,5,0.8118,0.7573,0.9994,0.7890,0.0740
11,6,1,6,0.8928,0.8414,0.9917,0.8807,0.0454
11,6,1,7,0.9345,0.9360,0.9948,0.9318,0.0602
11,6,1,8,0.9170,0.9161,0.9971,0.9122,0.0644
11,6,1,9,0.9662,0.9668,1.0000,0.9649,0.0424
11,6,1,10,0.1768,0.4417,0.9997,0.0144,0.0990
11,6,1,11,0.3647,0.2836,0.9011,0.2718,0.0462
11,6,2,0,0.7439,0.6969,0.9908,0.7089,0.0829
11,6,2,1,0.9902,0.9895,0.9997,0.9899,0.0225
11,6,2,2,0.3944,0.4037,0.9880,0.2997,0.0576
11,6,2,3,0.6646,0.6454,0.9980,0.6134,0.0919
11,6,2,4,0.7201,0.7363,0.9993,0.6798,0.0683
11,6,2,5,0.5760,0.5749,0.9992,0.5084,0.0751
11,6,2,6,0.9454,0.9512,1.0000,0.9409,0.0440
11,6,2,7,0.6003,0.5853,0.9842,0.5341,0.1059
11,6,2,8,0.4816,0.6347,0.9997,0.3978,0.0679
11,6,2,9,0.5416,0.5164,0.9982,0.4674,0.0737
11,6,2,10,0.7962,0.7746,0.9840,0.7756,0.0948
11,6,2,11,0.9790,0.9755,0.9991,0.9801,0.0425
11,6,3,0,0.9990,0.9982,0.9997,0.9989,0.0037
11,6,3,1,0.9480,0.9371,0.9999,0.9446,0.0484
11,6,3,2,0.5380,0.5233,0.9999,0.4608,0.0808
11,6,3,3,0.7949,0.7991,0.9991,0.7672,0.0543
11,6,3,4,0.9988,0.9991,1.0000,0.9987,0.0049
11,6,3,5,0.9513,0.9488,0.9936,0.9488,0.0487
11,6,3,6,0.7027,0.6763,0.9993,0.6594,0.0856
11,6,3,7,0.6532,0.6024,0.9748,0.6012,0.0686
11,6,3,8,0.7444,0.7071,0.9961,0.7084,0.0752
11,6,3,9,0.6928,0.6857,1.0000,0.6477,0.0649
11,6,3,10,0.9653,0.9477,0.9991,0.9637,0.0421
11,6,3,11,0.6192,0.6969,1.0000,0.5602,0.0692
11,6,4,0,0.5679,0.7823,0.9538,0.5091,0.0348
11,6,4,1,0.8529,0.8263,0.9991,0.8346,0.0551
11,6,4,2,0.9970,0.9967,0.9992,0.9971,0.0154
11,6,4,3,0.8757,0.8662,1.0000,0.8617,0.0565
11,6,4,4,0.9929,0.9912,0.9987,0.9930,0.0232
11,6,4,5,0.9048,0.8618,0.9992,0.8955,0.0583
11,6,4,6,0.9257,0.9247,0.9891,0.9215,0.0613
11,6,4,7,0.5294,0.4933,0.9780,0.4557,0.0641
11,6,4,8,0.9767,0.9732,0.9994,0.9752,0.0305
11,6,4,9,0.7330,0.7662,0.9789,0.6956,0.0808
11,6,4,10,0.9960,0.9949,0.9999,0.9958,0.0111
11,6,4,11,0.2080,0.3335,0.8393,0.1175,0.0017
11,6,5,0,0.9917,0.9937,0.9997,0.9909,0.0114
11,6,5,1,0.9998,0.9998,0.9999,0.9998,0.0017
11,6,5,2,0.8373,0.8750,0.9662,0.8179,0.0641
11,6,5,3,0.9173,0.8951,0.9663,0.9115,0.0621
11,6,5,4,0.8765,0.8623,0.9931,0.8653,0.0714
11,6,5,5,0.9977,0.9968,0.9999,0.9974,0.0076
11,6,5,6,0.9502,0.9283,0.9966,0.9455,0.0394
11,6,5,7,0.9586,0.9386,0.9909,0.9554,0.0397
11,6,5,8,0.9712,0.9600,0.9986,0.9689,0.0308
11,6,5,9,0.9984,0.9985,1.0000,0.9983,0.0078
11,6,5,10,0.8734,0.8696,0.9965,0.8591,0.0586
11,6,5,11,0.9768,0.9746,0.9969,0.9763,0.0362
11,6,6,0,0.7569,0.8084,0.9767,0.7241,0.0821
11,6,6,1,0.9648,0.9684,0.9944,0.9614,0.0314
11,6,6,2,0.9918,0.9905,0.9999,0.9919,0.0235
11,6,6,3,0.8516,0.8694,1.0000,0.8345,0.0697
11,6,6,4,0.9574,0.9522,0.9960,0.9557,0.0484
11,6,6,5,0.9778,0.9761,0.9985,0.9780,0.0383
11,6,6,6,0.9765,0.9677,0.9993,0.9754,0.0335
11,6,6,7,0.8969,0.8938,0.9960,0.8859,0.0560
11,6,6,8,0.9039,0.8927,0.9999,0.8940,0.0559
11,6,6,9,0.9998,0.9998,0.9999,0.9998,0.0014
11,6,6,10,0.9986,0.9987,1.0000,0.9986,0.0076
11,6,6,11,0.9520,0.9238,0.9941,0.9487,0.0443
11,6,7,0,0.9553,0.9277,0.9993,0.9510,0.0362
11,6,7,1,0.9977,0.9959,0.9998,0.9975,0.0071
11,6,7,2,0.9999,0.9998,0.9999,0.9999,0.0017
11,6,7,3,0.9474,0.9532,0.9989,0.9439,0.0479
11,6,7,4,0.9798,0.9762,0.9976,0.9781,0.0243
11,6,7,5,0.9842,0.9823,0.9970,0.9845,0.0337
11,6,7,6,0.9937,0.9921,1.0000,0.9936,0.0186
11,6,7,7,0.9998,0.9998,1.0000,0.9998,0.0011
11,6,7,8,0.9112,0.8681,0.9997,0.9011,0.0395
11,6,7,9,0.9865,0.9826,0.9978,0.9861,0.0268
11,6,7,10,0.9999,0.9998,0.9999,0.9999,0.0017
11,6,7,11,0.9999,0.9999,1.0000,0.9999,0.0005
11,6,8,0,0.9910,0.9880,0.9980,0.9907,0.0213
11,6,8,1,0.9999,0.9999,0.9999,0.9998,0.0006
11,6,8,2,0.9512,0.9511,0.9991,0.9483,0.0478
11,6,8,3,0.9763,0.9589,0.9976,0.9739,0.0213
11,6,8,4,0.9304,0.8948,0.9959,0.9245,0.0516
11,6,8,5,0.8674,0.8385,0.9751,0.8558,0.0762
11,6,8,6,0.9825,0.9880,1.0000,0.9807,0.0176
11,6,8,7,0.9663,0.9454,0.9971,0.9635,0.0337
11,6,8,8,0.7738,0.7862,0.9970,0.7428,0.0556
11,6,8,9,0.9868,0.9833,1.0000,0.9862,0.0240
11,6,8,10,0.9657,0.9645,0.9996,0.9653,0.0456
11,6,8,11,0.9813,0.9825,0.9999,0.9801,0.0273
11,6,9,0,0.9819,0.9733,0.9991,0.9807,0.0259
11,6,9,1,0.9999,0.9999,0.9999,0.9999,0.0006
11,6,9,2,0.9995,0.9994,0.9999,0.9995,0.0016
11,6,9,3,0.9079,0.8924,0.9974,0.8984,0.0524
11,6,9,4,0.9985,0.9988,1.0000,0.9983,0.0035
11,6,9,5,0.9922,0.9901,0.9999,0.9919,0.0189
11,6,9,6,0.9999,0.9999,0.9999,0.9999,0.0013
11,6,9,7,0.9780,0.9777,0.9993,0.9764,0.0279
11,6,9,8,0.9970,0.9976,0.9999,0.9967,0.0089
11,6,9,9,0.9999,0.9999,0.9999,0.9999,0.0016
11,6,9,10,0.8935,0.8440,0.9998,0.8819,0.0557
11,6,9,11,0.9999,0.9999,0.9999,0.9999,0.0006
11,6,10,0,0.9964,0.9955,1.0000,0.9961,0.0108
11,6,10,1,0.9999,0.9999,1.0000,0.9999,0.0006
11,6,10,2,0.9996,0.9996,1.0000,0.9995,0.0016
11,6,10,3,0.9961,0.9952,0.9998,0.9958,0.0102
11,6,10,4,0.9895,0.9894,0.9995,0.9891,0.0224
11,6,10,5,0.9220,0.8956,1.0000,0.9129,0.0390
11,6,10,6,0.9999,0.9999,1.0000,0.9999,0.0006
11,6,10,7,0.9974,0.9969,1.0000,0.9974,0.0127
11,6,10,8,0.9998,0.9998,1.0000,0.9997,0.0011
11,6,10,9,0.8897,0.8137,0.9883,0.8759,0.0278
11,6,10,10,0.9999,0.9999,0.9999,0.9999,0.0011
11,6,10,11,0.9699,0.9545,0.9970,0.9664,0.0187
11,6,11,0,0.6318,0.6283,0.9886,0.5733,0.1010
11,6,11,1,0.9935,0.9925,0.9998,0.9933,0.0183
11,6,11,2,0.9995,0.9995,0.9999,0.9994,0.0043
11,6,11,3,0.8827,0.8846,0.9980,0.8706,0.0627
11,6,11,4,0.9916,0.9900,0.9989,0.9921,0.0284
11,6,11,5,0.9975,0.9981,1.0000,0.9973,0.0079
11,6,11,6,1.0000,1.0000,1.0000,1.0000,0.0000
11,6,11,7,0.9940,0.9915,0.9987,0.9938,0.0175
11,6,11,8,0.1630,0.4586,0.9942,0.0117,0.0822
11,6,11,9,0.9999,0.9999,1.0000,0.9999,0.0008
11,6,11,10,0.9478,0.9399,0.9954,0.9456,0.0524
11,6,11,11,0.9410,0.9217,0.9982,0.9367,0.0502
11,7,0,0,0.8443,0.8339,0.9715,0.8255,0.0771
11,7,0,1,0.1644,0.2056,0.8940,0.0570,0.0175
11,7,0,2,0.7586,0.7626,0.9984,0.7174,0.0710
11,7,0,3,0.2656,0.2689,0.8815,0.1565,0.0171
11,7,0,4,0.4821,0.4628,0.9795,0.3839,0.0546
11,7,0,5,0.2980,0.2783,0.8477,0.1905,0.0205
11,7,0,6,0.7744,0.7660,0.9842,0.7382,0.0781
11,7,0,7,0.5978,0.6010,0.9920,0.5183,0.0790
11,7,0,8,0.6152,0.6487,0.9998,0.5416,0.0668
11,7,0,9,0.8184,0.8193,0.9771,0.7947,0.0824
11,7,0,10,0.7725,0.7493,0.9917,0.7383,0.0843
11,7,0,11,0.8361,0.8337,0.9750,0.8176,0.0808
11,7,1,0,0.6605,0.6321,0.9999,0.5975,0.0683
11,7,1,1,0.8248,0.8207,0.9976,0.7985,0.0698
11,7,1,2,0.7938,0.7931,0.9997,0.7603,0.0711
11,7,1,3,0.9211,0.8948,0.9857,0.9185,0.0640
11,7,1,4,0.9533,0.9515,0.9958,0.9507,0.0473
11,7,1,5,0.8402,0.7912,0.9999,0.8156,0.0565
11,7,1,6,0.9126,0.8647,0.9837,0.8996,0.0283
11,7,1,7,0.9495,0.9518,0.9987,0.9447,0.0430
11,7,1,8,0.9398,0.9366,0.9997,0.9339,0.0470
11,7,1,9,0.9765,0.9744,0.9985,0.9741,0.0259
11,7,1,10,0.2404,0.4815,0.9996,0.0743,0.0822
11,7,1,11,0.4132,0.3375,0.8775,0.3174,0.0303
11,7,2,0,0.7753,0.7342,0.9965,0.7377,0.0657
11,7,2,1,0.9935,0.9920,0.9997,0.9926,0.0067
11,7,2,2,0.4278,0.4531,0.9787,0.3272,0.0408
11,7,2,3,0.6976,0.6749,0.9999,0.6425,0.0744
11,7,2,4,0.7476,0.7670,0.9999,0.7044,0.0514
11,7,2,5,0.6143,0.6146,0.9999,0.5437,0.0579
11,7,2,6,0.9597,0.9669,0.9989,0.9544,0.0271
11,7,2,7,0.6437,0.6219,0.9921,0.5746,0.0884
11,7,2,8,0.5139,0.6819,0.9970,0.4247,0.0505
11,7,2,9,0.5713,0.5557,0.9938,0.4917,0.0565
11,7,2,10,0.8322,0.8103,0.9919,0.8100,0.0773
11,7,2,11,0.9862,0.9831,0.9999,0.9856,0.0254
11,7,3,0,0.9936,0.9915,0.9970,0.9933,0.0141
11,7,3,1,0.9627,0.9521,0.9980,0.9583,0.0316
11,7,3,2,0.5693,0.5623,0.9991,0.4866,0.0633
11,7,3,3,0.7963,0.8257,0.9956,0.7630,0.0384
11,7,3,4,0.9944,0.9924,0.9986,0.9940,0.0125
11,7,3,5,0.9675,0.9635,0.9981,0.9641,0.0313
11,7,3,6,0.7346,0.7070,0.9959,0.6881,0.0681
11,7,3,7,0.6701,0.6391,0.9619,0.6124,0.0511
11,7,3,8,0.7751,0.7516,0.9993,0.7371,0.0584
11,7,3,9,0.7143,0.7261,0.9983,0.6651,0.0475
11,7,3,10,0.9705,0.9590,0.9956,0.9669,0.0252
11,7,3,11,0.6476,0.7389,0.9983,0.5843,0.0517
11,7,4,0,0.5671,0.8119,0.9370,0.5010,0.0208
11,7,4,1,0.8713,0.8506,1.0000,0.8512,0.0379
11,7,4,2,0.9965,0.9956,0.9999,0.9960,0.0040
11,7,4,3,0.8870,0.8881,0.9986,0.8699,0.0390
11,7,4,4,0.9945,0.9930,1.0000,0.9938,0.0070
11,7,4,5,0.9162,0.8846,0.9999,0.9043,0.0411
11,7,4,6,0.9398,0.9432,0.9954,0.9333,0.0438
11,7,4,7,0.5707,0.5363,0.9659,0.4942,0.0467
11,7,4,8,0.9828,0.9789,0.9999,0.9804,0.0137
11,7,4,9,0.7663,0.8001,0.9882,0.7265,0.0633
11,7,4,10,0.9948,0.9926,0.9980,0.9941,0.0067
11,7,4,11,0.2280,0.3787,0.8100,0.1305,0.0192
11,7,5,0,0.9866,0.9868,0.9970,0.9849,0.0095
11,7,5,1,0.9923,0.9893,0.9978,0.9922,0.0192
11,7,5,2,0.8517,0.8907,0.9782,0.8286,0.0467
11,7,5,3,0.9372,0.9182,0.9783,0.9300,0.0446
11,7,5,4,0.8907,0.8847,0.9978,0.8759,0.0540
11,7,5,5,0.9941,0.9939,0.9992,0.9936,0.0105
11,7,5,6,0.9542,0.9425,0.9995,0.9475,0.0254
11,7,5,7,0.9640,0.9546,0.9966,0.9590,0.0229
11,7,5,8,0.9711,0.9689,1.0000,0.9669,0.0146
11,7,5,9,0.9943,0.9928,0.9984,0.9937,0.0097
11,7,5,10,0.8915,0.8867,0.9909,0.8753,0.0411
11,7,5,11,0.9825,0.9819,0.9996,0.9806,0.0187
11,7,6,0,0.7817,0.8296,0.9865,0.7452,0.0646
11,7,6,1,0.9585,0.9652,0.9985,0.9524,0.0156
11,7,6,2,0.9951,0.9926,0.9992,0.9945,0.0079
11,7,6,3,0.8620,0.8826,0.9990,0.8407,0.0522
11,7,6,4,0.9679,0.9624,0.9993,0.9645,0.0310
11,7,6,5,0.9846,0.9833,1.0000,0.9833,0.0214
11,7,6,6,0.9768,0.9751,0.9999,0.9737,0.0160
11,7,6,7,0.9024,0.9082,0.9900,0.8878,0.0389
11,7,6,8,0.9132,0.9074,0.9994,0.9005,0.0390
11,7,6,9,0.9923,0.9897,0.9978,0.9922,0.0189
11,7,6,10,0.9936,0.9934,0.9986,0.9928,0.0098
11,7,6,11,0.9630,0.9427,0.9984,0.9583,0.0268
11,7,7,0,0.9551,0.9416,0.9999,0.9485,0.0219
11,7,7,1,0.9933,0.9921,0.9974,0.9926,0.0106
11,7,7,2,0.9926,0.9897,0.9978,0.9925,0.0192
11,7,7,3,0.9597,0.9670,1.0000,0.9548,0.0308
11,7,7,4,0.9808,0.9788,0.9998,0.9781,0.0129
11,7,7,5,0.9873,0.9862,0.9997,0.9860,0.0165
11,7,7,6,0.9928,0.9939,0.9989,0.9917,0.0033
11,7,7,7,0.9941,0.9921,0.9984,0.9938,0.0167
11,7,7,8,0.9198,0.8972,0.9970,0.9077,0.0221
11,7,7,9,0.9884,0.9870,0.9999,0.9868,0.0103
11,7,7,10,0.9923,0.9898,0.9978,0.9921,0.0192
11,7,7,11,0.9931,0.9907,0.9981,0.9929,0.0179
11,7,8,0,0.9859,0.9869,0.9999,0.9839,0.0063
11,7,8,1,0.9926,0.9899,0.9979,0.9924,0.0181
11,7,8,2,0.9649,0.9665,1.0000,0.9609,0.0303
11,7,8,3,0.9839,0.9707,0.9926,0.9816,0.0086
11,7,8,4,0.9267,0.9160,0.9993,0.9162,0.0344
11,7,8,5,0.8893,0.8672,0.9853,0.8752,0.0587
11,7,8,6,0.9763,0.9802,0.9988,0.9729,0.0094
11,7,8,7,0.9663,0.9556,0.9997,0.9614,0.0178
11,7,8,8,0.7765,0.7901,0.9917,0.7396,0.0381
11,7,8,9,0.9881,0.9885,0.9982,0.9864,0.0078
11,7,8,10,0.9718,0.9720,0.9997,0.9691,0.0281
11,7,8,11,0.9815,0.9806,0.9981,0.9788,0.0108
11,7,9,0,0.9788,0.9716,0.9956,0.9758,0.0129
11,7,9,1,0.9939,0.9911,0.9979,0.9938,0.0171
11,7,9,2,0.9929,0.9912,0.9980,0.9924,0.0159
11,7,9,3,0.9098,0.9026,0.9998,0.8964,0.0352
11,7,9,4,0.9949,0.9925,0.9982,0.9947,0.0146
11,7,9,5,0.9935,0.9910,0.9979,0.9926,0.0033
11,7,9,6,0.9929,0.9905,0.9979,0.9928,0.0187
11,7,9,7,0.9832,0.9822,0.9960,0.9809,0.0117
11,7,9,8,0.9931,0.9910,0.9980,0.9923,0.0086
11,7,9,9,0.9928,0.9899,0.9978,0.9927,0.0190
11,7,9,10,0.9136,0.8733,0.9995,0.9010,0.0389
11,7,9,11,0.9932,0.9906,0.9979,0.9931,0.0181
11,7,10,0,0.9896,0.9897,0.9982,0.9883,0.0083
11,7,10,1,0.9934,0.9915,0.9984,0.9932,0.0178
11,7,10,2,0.9943,0.9929,0.9982,0.9941,0.0159
11,7,10,3,0.9948,0.9942,0.9975,0.9942,0.0073
11,7,10,4,0.9872,0.9877,0.9998,0.9854,0.0081
11,7,10,5,0.9441,0.9240,0.9987,0.9357,0.0260
11,7,10,6,0.9930,0.9908,0.9984,0.9927,0.0171
11,7,10,7,0.9945,0.9936,0.9987,0.9937,0.0057
11,7,10,8,0.9935,0.9918,0.9985,0.9932,0.0163
11,7,10,9,0.9063,0.8480,0.9791,0.8922,0.0106
11,7,10,10,0.9928,0.9902,0.9980,0.9926,0.0186
11,7,10,11,0.9637,0.9549,0.9997,0.9586,0.0127
11,7,11,0,0.6779,0.6656,0.9950,0.6179,0.0835
11,7,11,1,0.9975,0.9960,0.9995,0.9971,0.0040
11,7,11,2,0.9943,0.9923,0.9993,0.9939,0.0132
11,7,11,3,0.8832,0.8973,0.9999,0.8657,0.0452
11,7,11,4,0.9934,0.9911,1.0000,0.9926,0.0119
11,7,11,5,0.9936,0.9925,0.9983,0.9929,0.0095
11,7,11,6,0.9940,0.9915,0.9987,0.9938,0.0175
11,7,11,7,1.0000,1.0000,1.0000,1.0000,0.0000
11,7,11,8,0.2257,0.5014,0.9873,0.0704,0.0654
11,7,11,9,0.9938,0.9917,0.9985,0.9936,0.0167
11,7,11,10,0.9532,0.9537,0.9990,0.9479,0.0349
11,7,11,11,0.9395,0.9356,1.0000,0.9311,0.0327
11,8,0,0,0.4985,0.6947,0.9214,0.3377,0.0197
11,8,0,1,0.6955,0.6797,0.9539,0.6514,0.0822
11,8,0,2,0.5373,0.7488,0.9766,0.3988,0.0176
11,8,0,3,0.6788,0.6836,0.9454,0.6172,0.0562
11,8,0,4,0.6591,0.7177,0.9991,0.5641,0.0159
11,8,0,5,0.6635,0.6945,0.9212,0.5954,0.0484
11,8,0,6,0.5324,0.7038,0.9435,0.3833,0.0168
11,8,0,7,0.6547,0.7999,0.9592,0.5456,0.0175
11,8,0,8,0.6604,0.8064,0.9837,0.5584,0.0113
11,8,0,9,0.5537,0.7452,0.9309,0.4068,0.0287
11,8,0,10,0.6290,0.8381,0.9586,0.5037,0.0271
11,8,0,11,0.5891,0.7779,0.9273,0.4526,0.0275
11,8,1,0,0.5273,0.7528,0.9898,0.3874,0.0117
11,8,1,1,0.4853,0.7387,0.9740,0.3319,0.0146
11,8,1,2,0.4866,0.7648,0.9906,0.3355,0.0168
11,8,1,3,0.5531,0.7259,0.9463,0.4153,0.0265
11,8,1,4,0.3792,0.6299,0.9686,0.2111,0.0330
11,8,1,5,0.4727,0.7232,0.9898,0.3256,0.0137
11,8,1,6,0.3233,0.5925,0.9998,0.1614,0.0390
11,8,1,7,0.3401,0.6138,0.9781,0.1683,0.0325
11,8,1,8,0.3680,0.6465,0.9832,0.1996,0.0279
11,8,1,9,0.2739,0.5665,0.9945,0.1047,0.0424
11,8,1,10,0.9330,0.9546,0.9913,0.9128,0.0225
11,8,1,11,0.6282,0.7065,0.9426,0.5446,0.0405
11,8,2,0,0.4799,0.7190,0.9706,0.3272,0.0095
11,8,2,1,0.2245,0.5256,0.9911,0.0636,0.0597
11,8,2,2,0.5853,0.7333,0.9989,0.4819,0.0252
11,8,2,3,0.5381,0.7742,0.9854,0.3953,0.0179
11,8,2,4,0.4909,0.7002,0.9895,0.3564,0.0149
11,8,2,5,0.5258,0.7569,0.9889,0.3951,0.0122
11,8,2,6,0.3124,0.5879,0.9937,0.1528,0.0408
11,8,2,7,0.6867,0.8853,0.9595,0.5807,0.0268
11,8,2,8,0.5998,0.7417,0.9966,0.4927,0.0165
11,8,2,9,0.5247,0.6992,0.9989,0.3932,0.0117
11,8,2,10,0.5253,0.7609,0.9591,0.3743,0.0233
11,8,2,11,0.2972,0.5634,0.9889,0.1312,0.0457
11,8,3,0,0.1666,0.4670,0.9966,0.0147,0.0789
11,8,3,1,0.3041,0.6051,0.9954,0.1376,0.0338
11,8,3,2,0.5956,0.7477,0.9930,0.4772,0.0087
11,8,3,3,0.4539,0.6812,0.9978,0.3211,0.0305
11,8,3,4,0.1751,0.4707,0.9943,0.0215,0.0773
11,8,3,5,0.2911,0.5621,0.9757,0.1197,0.0389
11,8,3,6,0.4877,0.7659,0.9976,0.3360,0.0122
11,8,3,7,0.4765,0.6795,0.9931,0.3401,0.0165
11,8,3,8,0.4987,0.6835,0.9808,0.3634,0.0168
11,8,3,9,0.4985,0.6532,0.9949,0.3685,0.0240
11,8,3,10,0.2973,0.5911,0.9978,0.1341,0.0402
11,8,3,11,0.5274,0.6995,0.9948,0.3994,0.0152
11,8,4,0,0.4814,0.7166,0.9806,0.3728,0.0500
11,8,4,1,0.3496,0.6353,0.9888,0.1920,0.0284
11,8,4,2,0.2096,0.4798,0.9891,0.0521,0.0675
11,8,4,3,0.3347,0.6265,0.9942,0.1681,0.0292
11,8,4,4,0.2328,0.4981,0.9875,0.0727,0.0594
11,8,4,5,0.3369,0.6260,0.9890,0.1722,0.0271
11,8,4,6,0.3530,0.6017,0.9675,0.1843,0.0267
11,8,4,7,0.5849,0.7437,0.9948,0.4774,0.0203
11,8,4,8,0.2479,0.5314,0.9898,0.0851,0.0521
11,8,4,9,0.4213,0.6513,0.9513,0.2542,0.0078
11,8,4,10,0.1978,0.4864,0.9954,0.0430,0.0711
11,8,4,11,0.4360,0.7229,0.8929,0.3427,0.0840
11,8,5,0,0.1946,0.4843,0.9966,0.0402,0.0711
11,8,5,1,0.1504,0.4550,0.9957,0.0009,0.0840
11,8,5,2,0.3807,0.5437,0.9328,0.2169,0.0206
11,8,5,3,0.3554,0.5544,0.9329,0.1878,0.0249
11,8,5,4,0.4224,0.6249,0.9747,0.2644,0.0146
11,8,5,5,0.1875,0.4675,0.9928,0.0352,0.0746
11,8,5,6,0.2956,0.5495,0.9820,0.1387,0.0444
11,8,5,7,0.3003,0.5043,0.9707,0.1419,0.0463
11,8,5,8,0.2727,0.4890,0.9870,0.1163,0.0527
11,8,5,9,0.1826,0.4758,0.9948,0.0271,0.0744
11,8,5,10,0.3524,0.6363,0.9997,0.1897,0.0278
11,8,5,11,0.3029,0.5378,0.9827,0.1458,0.0470
11,8,6,0,0.4405,0.6270,0.9480,0.2801,0.0132
11,8,6,1,0.2485,0.4842,0.9772,0.0891,0.0517
11,8,6,2,0.2296,0.5090,0.9927,0.0682,0.0600
11,8,6,3,0.3752,0.6567,0.9934,0.2117,0.0208
11,8,6,4,0.3171,0.5652,0.9806,0.1526,0.0386
11,8,6,5,0.2822,0.5553,0.9868,0.1169,0.0478
11,8,6,6,0.2848,0.5488,0.9894,0.1268,0.0510
11,8,6,7,0.3084,0.6088,0.9998,0.1388,0.0303
11,8,6,8,0.3231,0.6217,0.9923,0.1575,0.0292
11,8,6,9,0.1531,0.4576,0.9957,0.0032,0.0837
11,8,6,10,0.1891,0.4782,0.9943,0.0350,0.0749
11,8,6,11,0.2969,0.5734,0.9767,0.1321,0.0398
11,8,7,0,0.2916,0.5458,0.9894,0.1375,0.0483
11,8,7,1,0.1794,0.4752,0.9961,0.0252,0.0751
11,8,7,2,0.1517,0.4553,0.9957,0.0019,0.0840
11,8,7,3,0.2864,0.5814,0.9881,0.1158,0.0375
11,8,7,4,0.2193,0.4965,0.9844,0.0579,0.0579
11,8,7,5,0.2595,0.5185,0.9829,0.0944,0.0508
11,8,7,6,0.2124,0.5132,0.9937,0.0529,0.0640
11,8,7,7,0.1647,0.4656,0.9948,0.0128,0.0814
11,8,7,8,0.2990,0.5636,0.9966,0.1392,0.0433
11,8,7,9,0.2435,0.5218,0.9849,0.0826,0.0560
11,8,7,10,0.1542,0.4550,0.9956,0.0043,0.0840
11,8,7,11,0.1581,0.4605,0.9952,0.0071,0.0827
11,8,8,0,0.2472,0.4846,0.9854,0.0923,0.0625
11,8,8,1,0.1578,0.4571,0.9955,0.0070,0.0829
11,8,8,2,0.3013,0.5943,0.9887,0.1345,0.0373
11,8,8,3,0.2295,0.5146,0.9993,0.0737,0.0638
11,8,8,4,0.3711,0.5669,0.9805,0.2196,0.0344
11,8,8,5,0.4471,0.6400,0.9455,0.2907,0.0156
11,8,8,6,0.2087,0.4873,0.9939,0.0520,0.0649
11,8,8,7,0.2935,0.5293,0.9831,0.1402,0.0498
11,8,8,8,0.3800,0.6194,0.9995,0.2276,0.0286
11,8,8,9,0.2246,0.5113,0.9950,0.0628,0.0583
11,8,8,10,0.3098,0.5736,0.9906,0.1438,0.0402
11,8,8,11,0.2255,0.5192,0.9953,0.0608,0.0552
11,8,9,0,0.2394,0.5073,0.9978,0.0804,0.0570
11,8,9,1,0.1616,0.4637,0.9955,0.0108,0.0819
11,8,9,2,0.1647,0.4646,0.9954,0.0124,0.0806
11,8,9,3,0.3631,0.6052,0.9838,0.2092,0.0314
11,8,9,4,0.1676,0.4679,0.9951,0.0156,0.0794
11,8,9,5,0.2144,0.5069,0.9955,0.0551,0.0640
11,8,9,6,0.1533,0.4577,0.9956,0.0031,0.0835
11,8,9,7,0.2252,0.5306,0.9975,0.0607,0.0543
11,8,9,8,0.1891,0.4871,0.9954,0.0349,0.0733
11,8,9,9,0.1531,0.4561,0.9956,0.0032,0.0838
11,8,9,10,0.3600,0.6089,0.9917,0.2039,0.0284
11,8,9,11,0.1566,0.4614,0.9956,0.0057,0.0829
11,8,10,0,0.1937,0.4696,0.9950,0.0383,0.0717
11,8,10,1,0.1596,0.4599,0.9947,0.0086,0.0825
11,8,10,2,0.1665,0.4699,0.9950,0.0145,0.0806
11,8,10,3,0.1912,0.4882,0.9960,0.0357,0.0721
11,8,10,4,0.2300,0.5103,0.9905,0.0703,0.0598
11,8,10,5,0.2596,0.5590,0.9941,0.0988,0.0438
11,8,10,6,0.1630,0.4562,0.9947,0.0119,0.0819
11,8,10,7,0.2024,0.4862,0.9941,0.0458,0.0698
11,8,10,8,0.1648,0.4628,0.9946,0.0133,0.0811
11,8,10,9,0.3127,0.5801,0.9990,0.1658,0.0548
11,8,10,10,0.1567,0.4557,0.9953,0.0063,0.0833
11,8,10,11,0.2568,0.4352,0.9828,0.1116,0.0673
11,8,11,0,0.6550,0.8340,0.9666,0.5419,0.0229
11,8,11,1,0.2103,0.5005,0.9920,0.0511,0.0646
11,8,11,2,0.1810,0.4556,0.9926,0.0289,0.0783
11,8,11,3,0.4024,0.6066,0.9855,0.2487,0.0237
11,8,11,4,0.2461,0.4954,0.9881,0.0839,0.0570
11,8,11,5,0.1909,0.4755,0.9948,0.0376,0.0743
11,8,11,6,0.1630,0.4586,0.9942,0.0117,0.0822
11,8,11,7,0.2257,0.5014,0.9873,0.0704,0.0654
11,8,11,8,1.0000,1.0000,1.0000,1.0000,0.0000
11,8,11,9,0.1643,0.4621,0.9945,0.0130,0.0814
11,8,11,10,0.3725,0.5895,0.9794,0.2170,0.0314
11,8,11,11,0.3471,0.5642,0.9860,0.1903,0.0333
11,9,0,0,0.8177,0.8143,0.9572,0.8024,0.0938
11,9,0,1,0.1176,0.1615,0.9171,0.0149,0.0014
11,9,0,2,0.7338,0.7384,0.9938,0.6969,0.0876
11,9,0,3,0.2152,0.2170,0.9059,0.1098,0.0284
11,9,0,4,0.4359,0.4083,0.9890,0.3408,0.0713
11,9,0,5,0.2469,0.2278,0.8753,0.1429,0.0333
11,9,0,6,0.7440,0.7383,0.9731,0.7112,0.0948
11,9,0,7,0.5605,0.5639,0.9836,0.4854,0.0957
11,9,0,8,0.5815,0.6185,0.9972,0.5123,0.0835
11,9,0,9,0.7873,0.7979,0.9641,0.7665,0.0990
11,9,0,10,0.7300,0.7115,0.9832,0.6968,0.1010
11,9,0,11,0.8038,0.8013,0.9615,0.7878,0.0975
11,9,1,0,0.6264,0.5931,0.9993,0.5669,0.0843
11,9,1,1,0.7946,0.7895,0.9924,0.7703,0.0862
11,9,1,2,0.7622,0.7656,0.9995,0.7308,0.0871
11,9,1,3,0.8951,0.8657,0.9750,0.8944,0.0806
11,9,1,4,0.9358,0.9341,0.9893,0.9351,0.0637
11,9,1,5,0.8140,0.7602,0.9993,0.7915,0.0732
11,9,1,6,0.8926,0.8434,0.9920,0.8804,0.0446
11,9,1,7,0.9362,0.9378,0.9946,0.9337,0.0594
11,9,1,8,0.9187,0.9179,0.9969,0.9141,0.0637
11,9,1,9,0.9674,0.9679,1.0000,0.9662,0.0416
11,9,1,10,0.1769,0.4447,0.9996,0.0141,0.0983
11,9,1,11,0.3660,0.2887,0.9022,0.2731,0.0454
11,9,2,0,0.7465,0.6998,0.9905,0.7118,0.0821
11,9,2,1,0.9908,0.9901,0.9996,0.9906,0.0217
11,9,2,2,0.3972,0.4082,0.9884,0.3027,0.0568
11,9,2,3,0.6667,0.6494,0.9978,0.6156,0.0911
11,9,2,4,0.7218,0.7392,0.9992,0.6816,0.0675
11,9,2,5,0.5793,0.5788,0.9990,0.5121,0.0743
11,9,2,6,0.9478,0.9533,1.0000,0.9436,0.0432
11,9,2,7,0.6024,0.5895,0.9838,0.5364,0.1051
11,9,2,8,0.4843,0.6381,0.9997,0.4007,0.0671
11,9,2,9,0.5443,0.5210,0.9983,0.4704,0.0729
11,9,2,10,0.7978,0.7785,0.9836,0.7773,0.0940
11,9,2,11,0.9795,0.9764,0.9990,0.9806,0.0417
11,9,3,0,0.9986,0.9983,0.9997,0.9985,0.0029
11,9,3,1,0.9489,0.9381,1.0000,0.9456,0.0476
11,9,3,2,0.5399,0.5275,0.9999,0.4629,0.0800
11,9,3,3,0.7964,0.8007,0.9992,0.7688,0.0535
11,9,3,4,0.9991,0.9993,1.0000,0.9991,0.0041
11,9,3,5,0.9516,0.9500,0.9933,0.9490,0.0479
11,9,3,6,0.7045,0.6803,0.9994,0.6613,0.0848
11,9,3,7,0.6562,0.6075,0.9754,0.6044,0.0678
11,9,3,8,0.7469,0.7104,0.9958,0.7113,0.0744
11,9,3,9,0.6947,0.6890,1.0000,0.6497,0.0641
11,9,3,10,0.9665,0.9497,0.9992,0.9651,0.0413
11,9,3,11,0.6227,0.7007,1.0000,0.5641,0.0684
11,9,4,0,0.5709,0.7855,0.9546,0.5123,0.0340
11,9,4,1,0.8533,0.8281,0.9990,0.8350,0.0543
11,9,4,2,0.9973,0.9968,0.9991,0.9974,0.0146
11,9,4,3,0.8777,0.8690,1.0000,0.8639,0.0557
11,9,4,4,0.9929,0.9916,0.9986,0.9930,0.0224
11,9,4,5,0.9055,0.8637,0.9991,0.8962,0.0575
11,9,4,6,0.9275,0.9268,0.9887,0.9236,0.0605
11,9,4,7,0.5328,0.4988,0.9786,0.4595,0.0633
11,9,4,8,0.9775,0.9744,0.9993,0.9761,0.0297
11,9,4,9,0.7347,0.7689,0.9784,0.6974,0.0800
11,9,4,10,0.9963,0.9953,1.0000,0.9960,0.0103
11,9,4,11,0.2105,0.3376,0.8407,0.1201,0.0025
11,9,5,0,0.9914,0.9939,0.9997,0.9905,0.0106
11,9,5,1,0.9996,0.9996,0.9999,0.9997,0.0025
11,9,5,2,0.8383,0.8768,0.9655,0.8190,0.0633
11,9,5,3,0.9173,0.8966,0.9656,0.9115,0.0613
11,9,5,4,0.8785,0.8653,0.9928,0.8675,0.0706
11,9,5,5,0.9975,0.9969,0.9999,0.9973,0.0068
11,9,5,6,0.9504,0.9293,0.9964,0.9457,0.0386
11,9,5,7,0.9597,0.9399,0.9906,0.9566,0.0389
11,9,5,8,0.9708,0.9606,0.9984,0.9684,0.0300
11,9,5,9,0.9985,0.9986,1.0000,0.9985,0.0070
11,9,5,10,0.8747,0.8716,0.9967,0.8605,0.0578
11,9,5,11,0.9782,0.9760,0.9967,0.9779,0.0354
11,9,6,0,0.7563,0.8101,0.9762,0.7232,0.0813
11,9,6,1,0.9660,0.9689,0.9941,0.9627,0.0306
11,9,6,2,0.9918,0.9908,0.9999,0.9919,0.0227
11,9,6,3,0.8541,0.8712,1.0000,0.8373,0.0689
11,9,6,4,0.9567,0.9531,0.9957,0.9548,0.0476
11,9,6,5,0.9784,0.9769,0.9984,0.9786,0.0375
11,9,6,6,0.9774,0.9685,0.9992,0.9764,0.0327
11,9,6,7,0.8984,0.8962,0.9962,0.8875,0.0552
11,9,6,8,0.9046,0.8944,0.9998,0.8947,0.0551
11,9,6,9,0.9997,0.9997,0.9999,0.9997,0.0022
11,9,6,10,0.9989,0.9989,1.0000,0.9989,0.0068
11,9,6,11,0.9522,0.9251,0.9938,0.9488,0.0435
11,9,7,0,0.9548,0.9288,0.9992,0.9503,0.0354
11,9,7,1,0.9980,0.9965,0.9999,0.9978,0.0063
11,9,7,2,0.9997,0.9997,0.9999,0.9997,0.0025
11,9,7,3,0.9498,0.9550,0.9988,0.9466,0.0471
11,9,7,4,0.9805,0.9771,0.9974,0.9788,0.0235
11,9,7,5,0.9846,0.9834,0.9968,0.9849,0.0329
11,9,7,6,0.9941,0.9927,1.0000,0.9941,0.0178
11,9,7,7,0.9998,0.9999,1.0000,0.9998,0.0003
11,9,7,8,0.9131,0.8717,0.9997,0.9032,0.0387
11,9,7,9,0.9867,0.9833,0.9976,0.9863,0.0260
11,9,7,10,0.9997,0.9997,0.9999,0.9997,0.0025
11,9,7,11,0.9998,0.9998,1.0000,0.9998,0.0013
11,9,8,0,0.9912,0.9880,0.9978,0.9909,0.0205
11,9,8,1,0.9998,0.9998,0.9999,0.9997,0.0014
11,9,8,2,0.9532,0.9526,0.9990,0.9504,0.0470
11,9,8,3,0.9760,0.9598,0.9977,0.9735,0.0205
11,9,8,4,0.9313,0.8972,0.9957,0.9253,0.0508
11,9,8,5,0.8675,0.8408,0.9745,0.8558,0.0754
11,9,8,6,0.9832,0.9884,1.0000,0.9815,0.0168
11,9,8,7,0.9657,0.9466,0.9969,0.9627,0.0329
11,9,8,8,0.7757,0.7873,0.9972,0.7448,0.0548
11,9,8,9,0.9880,0.9845,1.0000,0.9875,0.0232
11,9,8,10,0.9665,0.9657,0.9995,0.9662,0.0448
11,9,8,11,0.9820,0.9831,1.0000,0.9810,0.0265
11,9,9,0,0.9816,0.9735,0.9992,0.9802,0.0251
11,9,9,1,0.9999,0.9999,0.9999,0.9999,0.0008
11,9,9,2,0.9996,0.9994,1.0000,0.9996,0.0008
11,9,9,3,0.9085,0.8932,0.9972,0.8990,0.0516
11,9,9,4,0.9987,0.9991,1.0000,0.9986,0.0027
11,9,9,5,0.9921,0.9905,1.0000,0.9918,0.0181
11,9,9,6,0.9998,0.9998,0.9999,0.9998,0.0021
11,9,9,7,0.9785,0.9787,0.9994,0.9770,0.0271
11,9,9,8,0.9976,0.9981,1.0000,0.9975,0.0081
11,9,9,9,0.9998,0.9998,0.9999,0.9998,0.0024
11,9,9,10,0.8941,0.8469,0.9997,0.8825,0.0549
11,9,9,11,0.9998,0.9998,0.9999,0.9998,0.0014
11,9,10,0,0.9965,0.9955,1.0000,0.9963,0.0100
11,9,10,1,0.9999,0.9999,1.0000,0.9999,0.0011
11,9,10,2,0.9996,0.9997,1.0000,0.9996,0.0008
11,9,10,3,0.9963,0.9957,0.9999,0.9961,0.0094
11,9,10,4,0.9899,0.9898,0.9995,0.9896,0.0216
11,9,10,5,0.9215,0.8975,1.0000,0.9122,0.0383
11,9,10,6,0.9998,0.9998,1.0000,0.9998,0.0005
11,9,10,7,0.9975,0.9971,1.0000,0.9975,0.0119
11,9,10,8,0.9996,0.9998,1.0000,0.9996,0.0010
11,9,10,9,0.8899,0.8172,0.9887,0.8760,0.0270
11,9,10,10,0.9998,0.9998,1.0000,0.9997,0.0019
11,9,10,11,0.9694,0.9545,0.9968,0.9658,0.0179
11,9,11,0,0.6332,0.6318,0.9882,0.5748,0.1002
11,9,11,1,0.9938,0.9930,0.9998,0.9936,0.0175
11,9,11,2,0.9995,0.9995,0.9999,0.9995,0.0035
11,9,11,3,0.8846,0.8863,0.9979,0.8727,0.0619
11,9,11,4,0.9916,0.9903,0.9988,0.9921,0.0276
11,9,11,5,0.9980,0.9985,1.0000,0.9979,0.0071
11,9,11,6,0.9999,0.9999,1.0000,0.9999,0.0008
11,9,11,7,0.9938,0.9917,0.9985,0.9936,0.0167
11,9,11,8,0.1643,0.4621,0.9945,0.0130,0.0814
11,9,11,9,1.0000,1.0000,1.0000,1.0000,0.0000
11,9,11,10,0.9492,0.9419,0.9952,0.9471,0.0516
11,9,11,11,0.9414,0.9237,0.9981,0.9371,0.0494
11,10,0,0,0.9080,0.9069,0.9809,0.8890,0.0429
11,10,0,1,0.2650,0.2963,0.8735,0.1510,0.0524
11,10,0,2,0.8594,0.8664,0.9999,0.8259,0.0363
11,10,0,3,0.3681,0.3668,0.8600,0.2539,0.0283
11,10,0,4,0.6047,0.5913,0.9697,0.5100,0.0197
11,10,0,5,0.3798,0.3726,0.8236,0.2641,0.0214
11,10,0,6,0.8550,0.8569,0.9910,0.8207,0.0432
11,10,0,7,0.7564,0.7475,0.9965,0.6942,0.0441
11,10,0,8,0.7534,0.7798,0.9997,0.6919,0.0322
11,10,0,9,0.8943,0.8907,0.9855,0.8722,0.0490
11,10,0,10,0.8536,0.8274,0.9964,0.8203,0.0500
11,10,0,11,0.9092,0.9003,0.9838,0.8921,0.0471
11,10,1,0,0.7873,0.7697,0.9982,0.7352,0.0337
11,10,1,1,0.8973,0.9023,0.9997,0.8738,0.0352
11,10,1,2,0.8747,0.8743,0.9978,0.8453,0.0365
11,10,1,3,0.9425,0.9076,0.9921,0.9318,0.0300
11,10,1,4,0.9722,0.9738,0.9988,0.9663,0.0232
11,10,1,5,0.9008,0.8669,0.9982,0.8779,0.0216
11,10,1,6,0.9157,0.8927,0.9749,0.8983,0.0098
11,10,1,7,0.9725,0.9721,1.0000,0.9665,0.0195
11,10,1,8,0.9601,0.9624,0.9998,0.9513,0.0187
11,10,1,9,0.9685,0.9663,0.9951,0.9624,0.0148
11,10,1,10,0.3602,0.5569,0.9975,0.1865,0.0483
11,10,1,11,0.4834,0.4269,0.8556,0.3798,0.0176
11,10,2,0,0.8517,0.8414,0.9992,0.8163,0.0308
11,10,2,1,0.9683,0.9654,0.9976,0.9647,0.0298
11,10,2,2,0.5917,0.6111,0.9687,0.5026,0.0103
11,10,2,3,0.8174,0.8041,0.9995,0.7725,0.0405
11,10,2,4,0.8389,0.8764,0.9983,0.8023,0.0184
11,10,2,5,0.7282,0.7563,0.9985,0.6640,0.0237
11,10,2,6,0.9679,0.9703,0.9958,0.9617,0.0138
11,10,2,7,0.7653,0.7272,0.9966,0.7045,0.0535
11,10,2,8,0.6686,0.7878,0.9926,0.5919,0.0175
11,10,2,9,0.7238,0.7187,0.9879,0.6583,0.0216
11,10,2,10,0.9079,0.8994,0.9965,0.8885,0.0430
11,10,2,11,0.9792,0.9760,0.9985,0.9751,0.0165
11,10,3,0,0.9476,0.9456,0.9926,0.9450,0.0490
11,10,3,1,0.9665,0.9613,0.9942,0.9597,0.0100
11,10,3,2,0.7048,0.7018,0.9964,0.6317,0.0284
11,10,3,3,0.8662,0.9028,0.9906,0.8378,0.0156
11,10,3,4,0.9540,0.9459,0.9953,0.9516,0.0475
11,10,3,5,0.9558,0.9703,0.9998,0.9466,0.0141
11,10,3,6,0.8424,0.8320,0.9910,0.8046,0.0332
11,10,3,7,0.7995,0.7760,0.9491,0.7542,0.0203
11,10,3,8,0.8464,0.8538,1.0000,0.8110,0.0276
11,10,3,9,0.8180,0.8367,0.9947,0.7771,0.0160
11,10,3,10,0.9805,0.9714,0.9906,0.9768,0.0119
11,10,3,11,0.7565,0.8389,0.9949,0.6998,0.0171
11,10,4,0,0.6880,0.8648,0.9208,0.6306,0.0271
11,10,4,1,0.9056,0.9006,0.9986,0.8858,0.0148
11,10,4,2,0.9632,0.9552,0.9984,0.9600,0.0370
11,10,4,3,0.9378,0.9438,0.9954,0.9242,0.0111
11,10,4,4,0.9683,0.9689,0.9990,0.9646,0.0292
11,10,4,5,0.9514,0.9350,0.9985,0.9408,0.0154
11,10,4,6,0.9725,0.9789,0.9986,0.9665,0.0143
11,10,4,7,0.7134,0.6827,0.9537,0.6488,0.0146
11,10,4,8,0.9637,0.9718,0.9982,0.9581,0.0219
11,10,4,9,0.8246,0.8683,0.9939,0.7826,0.0284
11,10,4,10,0.9567,0.9548,0.9942,0.9534,0.0413
11,10,4,11,0.3657,0.5399,0.7836,0.2702,0.0541
11,10,5,0,0.9504,0.9483,0.9926,0.9462,0.0410
11,10,5,1,0.9436,0.9355,0.9939,0.9418,0.0541
11,10,5,2,0.8883,0.9347,0.9864,0.8630,0.0162
11,10,5,3,0.9468,0.9602,0.9864,0.9349,0.0113
11,10,5,4,0.9494,0.9536,0.9998,0.9382,0.0190
11,10,5,5,0.9494,0.9507,0.9965,0.9459,0.0448
11,10,5,6,0.9503,0.9625,0.9999,0.9415,0.0206
11,10,5,7,0.9450,0.9472,0.9992,0.9347,0.0171
11,10,5,8,0.9455,0.9580,0.9991,0.9366,0.0241
11,10,5,9,0.9562,0.9494,0.9949,0.9533,0.0446
11,10,5,10,0.9154,0.9164,0.9840,0.8969,0.0119
11,10,5,11,0.9814,0.9791,0.9999,0.9784,0.0165
11,10,6,0,0.8477,0.8959,0.9928,0.8115,0.0329
11,10,6,1,0.9533,0.9632,0.9999,0.9463,0.0251
11,10,6,2,0.9676,0.9656,0.9966,0.9637,0.0289
11,10,6,3,0.9153,0.9311,0.9961,0.8963,0.0202
11,10,6,4,0.9602,0.9738,1.0000,0.9519,0.0116
11,10,6,5,0.9772,0.9787,0.9992,0.9730,0.0176
11,10,6,6,0.9681,0.9660,0.9983,0.9629,0.0205
11,10,6,7,0.9398,0.9426,0.9829,0.9270,0.0129
11,10,6,8,0.9435,0.9577,0.9969,0.9314,0.0124
11,10,6,9,0.9448,0.9373,0.9939,0.9430,0.0538
11,10,6,10,0.9574,0.9505,0.9954,0.9547,0.0448
11,10,6,11,0.9536,0.9655,0.9999,0.9443,0.0132
11,10,7,0,0.9448,0.9486,0.9983,0.9355,0.0206
11,10,7,1,0.9546,0.9510,0.9934,0.9519,0.0452
11,10,7,2,0.9441,0.9362,0.9939,0.9423,0.0541
11,10,7,3,0.9639,0.9706,0.9988,0.9565,0.0146
11,10,7,4,0.9636,0.9668,0.9997,0.9592,0.0281
11,10,7,5,0.9717,0.9757,0.9998,0.9670,0.0194
11,10,7,6,0.9679,0.9634,0.9958,0.9650,0.0338
11,10,7,7,0.9491,0.9426,0.9949,0.9468,0.0516
11,10,7,8,0.9460,0.9397,0.9927,0.9357,0.0144
11,10,7,9,0.9709,0.9705,0.9996,0.9672,0.0256
11,10,7,10,0.9449,0.9370,0.9940,0.9429,0.0541
11,10,7,11,0.9473,0.9394,0.9945,0.9453,0.0529
11,10,8,0,0.9601,0.9608,0.9995,0.9552,0.0321
11,10,8,1,0.9467,0.9383,0.9941,0.9446,0.0530
11,10,8,2,0.9692,0.9730,0.9986,0.9629,0.0113
11,10,8,3,0.9387,0.9420,0.9863,0.9305,0.0346
11,10,8,4,0.9663,0.9617,1.0000,0.9593,0.0110
11,10,8,5,0.9324,0.9374,0.9918,0.9174,0.0241
11,10,8,6,0.9548,0.9520,0.9957,0.9502,0.0354
11,10,8,7,0.9569,0.9601,0.9998,0.9499,0.0216
11,10,8,8,0.8365,0.8672,0.9851,0.8015,0.0117
11,10,8,9,0.9705,0.9665,0.9946,0.9671,0.0284
11,10,8,10,0.9761,0.9742,0.9978,0.9712,0.0090
11,10,8,11,0.9609,0.9614,0.9944,0.9553,0.0251
11,10,9,0,0.9542,0.9580,0.9906,0.9478,0.0265
11,10,9,1,0.9482,0.9407,0.9941,0.9462,0.0521
11,10,9,2,0.9496,0.9431,0.9943,0.9472,0.0508
11,10,9,3,0.9416,0.9466,0.9997,0.9293,0.0133
11,10,9,4,0.9483,0.9423,0.9946,0.9456,0.0495
11,10,9,5,0.9580,0.9602,0.9942,0.9532,0.0335
11,10,9,6,0.9450,0.9379,0.9941,0.9431,0.0537
11,10,9,7,0.9539,0.9610,0.9911,0.9470,0.0244
11,10,9,8,0.9585,0.9511,0.9942,0.9560,0.0435
11,10,9,9,0.9447,0.9367,0.9940,0.9429,0.0540
11,10,9,10,0.9406,0.9409,0.9972,0.9280,0.0132
11,10,9,11,0.9467,0.9389,0.9940,0.9446,0.0530
11,10,10,0,0.9576,0.9522,0.9947,0.9545,0.0416
11,10,10,1,0.9473,0.9403,0.9949,0.9452,0.0527
11,10,10,2,0.9514,0.9439,0.9946,0.9494,0.0508
11,10,10,3,0.9601,0.9530,0.9935,0.9575,0.0422
11,10,10,4,0.9701,0.9677,0.9979,0.9669,0.0300
11,10,10,5,0.9217,0.9429,0.9955,0.9080,0.0241
11,10,10,6,0.9470,0.9399,0.9949,0.9446,0.0521
11,10,10,7,0.9616,0.9560,0.9955,0.9585,0.0397
11,10,10,8,0.9483,0.9418,0.9951,0.9459,0.0513
11,10,10,9,0.9227,0.8911,0.9692,0.9096,0.0246
11,10,10,10,0.9454,0.9376,0.9943,0.9434,0.0535
11,10,10,11,0.9234,0.9220,0.9998,0.9136,0.0387
11,10,11,0,0.7958,0.7669,0.9984,0.7445,0.0486
11,10,11,1,0.9615,0.9579,0.9970,0.9575,0.0341
11,10,11,2,0.9531,0.9439,0.9966,0.9506,0.0481
11,10,11,3,0.9380,0.9510,0.9995,0.9243,0.0141
11,10,11,4,0.9702,0.9648,0.9988,0.9661,0.0256
11,10,11,5,0.9584,0.9497,0.9949,0.9560,0.0444
11,10,11,6,0.9478,0.9399,0.9954,0.9456,0.0524
11,10,11,7,0.9532,0.9537,0.9990,0.9479,0.0349
11,10,11,8,0.3725,0.5895,0.9794,0.2170,0.0314
11,10,11,9,0.9492,0.9419,0.9952,0.9471,0.0516
11,10,11,10,1.0000,1.0000,1.0000,1.0000,0.0000
11,10,11,11,0.9841,0.9860,0.9994,0.9808,0.0095
11,11,0,0,0.8948,0.8927,0.9733,0.8742,0.0476
11,11,0,1,0.2068,0.2820,0.8905,0.0867,0.0502
11,11,0,2,0.8316,0.8548,0.9988,0.7931,0.0411
11,11,0,3,0.3106,0.3512,0.8778,0.1893,0.0238
11,11,0,4,0.5497,0.5714,0.9778,0.4452,0.0232
11,11,0,5,0.3335,0.3603,0.8435,0.2125,0.0170
11,11,0,6,0.8395,0.8497,0.9856,0.8034,0.0476
11,11,0,7,0.7200,0.7317,0.9929,0.6509,0.0486
11,11,0,8,0.7060,0.7612,0.9999,0.6351,0.0367
11,11,0,9,0.8734,0.8773,0.9788,0.8477,0.0538
11,11,0,10,0.8228,0.8070,0.9927,0.7832,0.0551
11,11,0,11,0.8818,0.8826,0.9767,0.8591,0.0516
11,11,1,0,0.7558,0.7490,0.9997,0.6981,0.0390
11,11,1,1,0.8708,0.8793,0.9981,0.8423,0.0400
11,11,1,2,0.8369,0.8424,0.9995,0.7998,0.0419
11,11,1,3,0.9305,0.8972,0.9870,0.9183,0.0332
11,11,1,4,0.9494,0.9514,0.9965,0.9390,0.0260
11,11,1,5,0.8688,0.8406,0.9997,0.8398,0.0257
11,11,1,6,0.8933,0.8913,0.9822,0.8717,0.0117
11,11,1,7,0.9576,0.9512,0.9991,0.9488,0.0227
11,11,1,8,0.9327,0.9336,0.9999,0.9184,0.0210
11,11,1,9,0.9491,0.9410,0.9980,0.9392,0.0148
11,11,1,10,0.3496,0.5448,0.9994,0.1789,0.0530
11,11,1,11,0.4464,0.4127,0.8737,0.3385,0.0119
11,11,2,0,0.8306,0.8276,0.9971,0.7920,0.0356
11,11,2,1,0.9538,0.9426,0.9994,0.9470,0.0276
11,11,2,2,0.5686,0.6104,0.9770,0.4773,0.0106
11,11,2,3,0.7967,0.7948,1.0000,0.7489,0.0456
11,11,2,4,0.8072,0.8492,0.9998,0.7649,0.0194
11,11,2,5,0.7051,0.7352,0.9998,0.6378,0.0259
11,11,2,6,0.9369,0.9434,0.9985,0.9245,0.0106
11,11,2,7,0.7351,0.7086,0.9930,0.6687,0.0579
11,11,2,8,0.6434,0.7729,0.9964,0.5635,0.0181
11,11,2,9,0.7254,0.7325,0.9928,0.6628,0.0251
11,11,2,10,0.8838,0.8791,0.9929,0.8599,0.0478
11,11,2,11,0.9660,0.9533,0.9998,0.9593,0.0184
11,11,3,0,0.9402,0.9289,0.9964,0.9353,0.0468
11,11,3,1,0.9427,0.9315,0.9974,0.9311,0.0065
11,11,3,2,0.6793,0.7165,0.9988,0.6029,0.0325
11,11,3,3,0.8513,0.9023,0.9949,0.8207,0.0146
11,11,3,4,0.9442,0.9273,0.9982,0.9393,0.0452
11,11,3,5,0.9328,0.9579,0.9986,0.9191,0.0135
11,11,3,6,0.8142,0.8171,0.9952,0.7713,0.0373
11,11,3,7,0.7963,0.7927,0.9598,0.7520,0.0219
11,11,3,8,0.8151,0.8438,0.9996,0.7740,0.0279
11,11,3,9,0.7932,0.8268,0.9978,0.7483,0.0157
11,11,3,10,0.9643,0.9481,0.9949,0.9574,0.0125
11,11,3,11,0.7281,0.8191,0.9979,0.6671,0.0200
11,11,4,0,0.6806,0.8583,0.9342,0.6232,0.0195
11,11,4,1,0.8874,0.8750,0.9998,0.8644,0.0113
11,11,4,2,0.9532,0.9349,0.9998,0.9474,0.0348
11,11,4,3,0.9212,0.9387,0.9982,0.9047,0.0108
11,11,4,4,0.9533,0.9509,1.0000,0.9464,0.0270
11,11,4,5,0.9343,0.9254,0.9998,0.9206,0.0132
11,11,4,6,0.9611,0.9615,0.9961,0.9530,0.0168
11,11,4,7,0.6510,0.6570,0.9639,0.5748,0.0162
11,11,4,8,0.9444,0.9591,0.9997,0.9349,0.0203
11,11,4,9,0.7983,0.8647,0.9894,0.7518,0.0319
11,11,4,10,0.9415,0.9387,0.9974,0.9347,0.0390
11,11,4,11,0.3645,0.5478,0.8054,0.2712,0.0519
11,11,5,0,0.9505,0.9313,0.9964,0.9455,0.0387
11,11,5,1,0.9378,0.9176,0.9972,0.9340,0.0519
11,11,5,2,0.8795,0.9248,0.9798,0.8534,0.0187
11,11,5,3,0.9292,0.9493,0.9799,0.9141,0.0129
11,11,5,4,0.9405,0.9482,0.9983,0.9282,0.0216
11,11,5,5,0.9393,0.9360,0.9989,0.9332,0.0425
11,11,5,6,0.9366,0.9485,0.9997,0.9249,0.0162
11,11,5,7,0.9339,0.9412,0.9972,0.9215,0.0137
11,11,5,8,0.9410,0.9540,1.0000,0.9310,0.0203
11,11,5,9,0.9497,0.9306,0.9979,0.9449,0.0424
11,11,5,10,0.8907,0.9088,0.9898,0.8677,0.0103
11,11,5,11,0.9574,0.9593,0.9998,0.9496,0.0143
11,11,6,0,0.8358,0.8897,0.9878,0.7986,0.0335
11,11,6,1,0.9377,0.9549,0.9989,0.9275,0.0210
11,11,6,2,0.9557,0.9455,0.9989,0.9491,0.0279
11,11,6,3,0.9093,0.9212,0.9986,0.8898,0.0211
11,11,6,4,0.9546,0.9643,0.9995,0.9454,0.0110
11,11,6,5,0.9604,0.9572,1.0000,0.9528,0.0176
11,11,6,6,0.9552,0.9496,0.9998,0.9472,0.0183
11,11,6,7,0.9500,0.9415,0.9889,0.9397,0.0100
11,11,6,8,0.9289,0.9439,0.9991,0.9142,0.0098
11,11,6,9,0.9389,0.9194,0.9973,0.9351,0.0516
11,11,6,10,0.9511,0.9327,0.9982,0.9465,0.0425
11,11,6,11,0.9374,0.9556,0.9988,0.9250,0.0103
11,11,7,0,0.9447,0.9534,0.9998,0.9351,0.0159
11,11,7,1,0.9474,0.9330,0.9968,0.9426,0.0430
11,11,7,2,0.9381,0.9182,0.9972,0.9342,0.0519
11,11,7,3,0.9395,0.9465,0.9999,0.9273,0.0124
11,11,7,4,0.9513,0.9496,1.0000,0.9442,0.0259
11,11,7,5,0.9654,0.9554,0.9998,0.9593,0.0190
11,11,7,6,0.9617,0.9455,0.9985,0.9570,0.0316
11,11,7,7,0.9423,0.9251,0.9979,0.9379,0.0494
11,11,7,8,0.9483,0.9424,0.9964,0.9385,0.0119
11,11,7,9,0.9630,0.9540,1.0000,0.9573,0.0233
11,11,7,10,0.9389,0.9191,0.9973,0.9350,0.0519
11,11,7,11,0.9408,0.9214,0.9976,0.9367,0.0506
11,11,8,0,0.9547,0.9477,1.0000,0.9483,0.0295
11,11,8,1,0.9402,0.9202,0.9974,0.9361,0.0508
11,11,8,2,0.9408,0.9474,0.9999,0.9288,0.0135
11,11,8,3,0.9206,0.9369,0.9916,0.9087,0.0308
11,11,8,4,0.9721,0.9695,0.9995,0.9664,0.0071
11,11,8,5,0.9192,0.9271,0.9866,0.9022,0.0286
11,11,8,6,0.9420,0.9360,0.9984,0.9345,0.0325
11,11,8,7,0.9624,0.9573,0.9999,0.9561,0.0168
11,11,8,8,0.8426,0.8768,0.9907,0.8100,0.0089
11,11,8,9,0.9601,0.9478,0.9977,0.9543,0.0262
11,11,8,10,0.9670,0.9585,0.9995,0.9603,0.0100
11,11,8,11,0.9515,0.9487,0.9975,0.9438,0.0229
11,11,9,0,0.9513,0.9543,0.9949,0.9439,0.0243
11,11,9,1,0.9400,0.9221,0.9973,0.9356,0.0498
11,11,9,2,0.9431,0.9264,0.9975,0.9388,0.0486
11,11,9,3,0.9333,0.9356,0.9999,0.9196,0.0098
11,11,9,4,0.9364,0.9255,0.9977,0.9309,0.0473
11,11,9,5,0.9491,0.9465,0.9974,0.9422,0.0313
11,11,9,6,0.9390,0.9199,0.9973,0.9350,0.0514
11,11,9,7,0.9371,0.9508,0.9953,0.9268,0.0222
11,11,9,8,0.9456,0.9326,0.9974,0.9401,0.0413
11,11,9,9,0.9383,0.9188,0.9973,0.9344,0.0517
11,11,9,10,0.9245,0.9447,0.9993,0.9089,0.0113
11,11,9,11,0.9404,0.9205,0.9973,0.9363,0.0508
11,11,10,0,0.9547,0.9396,0.9977,0.9503,0.0394
11,11,10,1,0.9406,0.9223,0.9979,0.9363,0.0505
11,11,10,2,0.9440,0.9253,0.9977,0.9398,0.0486
11,11,10,3,0.9518,0.9337,0.9969,0.9469,0.0400
11,11,10,4,0.9606,0.9498,0.9996,0.9551,0.0278
11,11,10,5,0.9047,0.9357,0.9983,0.8878,0.0206
11,11,10,6,0.9412,0.9231,0.9979,0.9369,0.0498
11,11,10,7,0.9533,0.9375,0.9983,0.9481,0.0375
11,11,10,8,0.9423,0.9236,0.9980,0.9380,0.0490
11,11,10,9,0.9255,0.8976,0.9774,0.9128,0.0227
11,11,10,10,0.9394,0.9196,0.9975,0.9353,0.0513
11,11,10,11,0.9241,0.9240,0.9998,0.9138,0.0343
11,11,11,0,0.7729,0.7570,0.9958,0.7181,0.0530
11,11,11,1,0.9473,0.9361,0.9992,0.9403,0.0325
11,11,11,2,0.9442,0.9255,0.9989,0.9393,0.0459
11,11,11,3,0.9377,0.9554,1.0000,0.9246,0.0144
11,11,11,4,0.9607,0.9446,0.9999,0.9544,0.0249
11,11,11,5,0.9472,0.9322,0.9979,0.9421,0.0422
11,11,11,6,0.9410,0.9217,0.9982,0.9367,0.0502
11,11,11,7,0.9395,0.9356,1.0000,0.9311,0.0327
11,11,11,8,0.3471,0.5642,0.9860,0.1903,0.0333
11,11,11,9,0.9414,0.9237,0.9981,0.9371,0.0494
11,11,11,10,0.9841,0.9860,0.9994,0.9808,0.0095
11,11,11,11,1.0000,1.0000,1.0000,1.0000,0.0000
