li,hi,lj,hj,cosine,wavelet,energy_profile,pearson,emd
0,0,0,0,1.0000,1.0000,1.0000,1.0000,0.0000
0,0,0,1,0.2718,0.3674,0.9810,0.1506,0.0748
0,0,0,2,0.9624,0.9663,0.9744,0.9515,0.0112
0,0,0,3,0.3876,0.3987,0.9977,0.2779,0.0634
0,0,0,4,0.6319,0.6082,0.9968,0.5494,0.0283
0,0,0,5,0.3292,0.3668,0.9917,0.2138,0.0685
0,0,0,6,0.9511,0.9623,0.9984,0.9368,0.0134
0,0,0,7,0.8545,0.8781,0.9860,0.8104,0.0211
0,0,0,8,0.7498,0.7786,0.9994,0.6734,0.0121
0,0,0,9,0.9422,0.9407,0.9324,0.9260,0.0190
0,0,0,10,0.8947,0.8761,0.9664,0.8626,0.0194
0,0,0,11,0.9586,0.9609,0.9835,0.9469,0.0121
0,0,1,0,0.9194,0.9239,0.9983,0.8965,0.0161
0,0,1,1,0.9370,0.9498,0.9920,0.9206,0.0110
0,0,1,2,0.9510,0.9632,0.9949,0.9371,0.0098
0,0,1,3,0.9381,0.9178,0.9907,0.9206,0.0199
0,0,1,4,0.9713,0.9745,0.9929,0.9646,0.0192
0,0,1,5,0.9418,0.9546,0.9802,0.9302,0.0253
0,0,1,6,0.9504,0.9603,0.9808,0.9382,0.0177
0,0,1,7,0.9677,0.9777,0.9873,0.9604,0.0160
0,0,1,8,0.9470,0.9655,0.9997,0.9338,0.0164
0,0,1,9,0.9326,0.9473,0.9835,0.9202,0.0295
0,0,1,10,0.4720,0.7751,0.9893,0.3102,0.0227
0,0,1,11,0.4649,0.4410,0.9898,0.3625,0.0555
0,0,2,0,0.9537,0.9660,0.9997,0.9404,0.0144
0,0,2,1,0.9048,0.9066,0.9460,0.8941,0.0522
0,0,2,2,0.6473,0.7729,0.9998,0.5604,0.0295
0,0,2,3,0.8520,0.8725,0.9934,0.8120,0.0138
0,0,2,4,0.9317,0.9447,0.9738,0.9179,0.0279
0,0,2,5,0.8833,0.9123,0.9999,0.8504,0.0161
0,0,2,6,0.8890,0.8991,0.9409,0.8769,0.0572
0,0,2,7,0.9129,0.9238,0.9984,0.8869,0.0155
0,0,2,8,0.8847,0.9182,0.9987,0.8533,0.0135
0,0,2,9,0.7921,0.8202,0.9992,0.7356,0.0135
0,0,2,10,0.9672,0.9698,1.0000,0.9578,0.0075
0,0,2,11,0.9276,0.9193,0.9561,0.9180,0.0436
0,0,3,0,0.8762,0.8727,0.9237,0.8663,0.0665
0,0,3,1,0.9128,0.9305,0.9992,0.8934,0.0286
0,0,3,2,0.6250,0.7588,0.9996,0.5305,0.0193
0,0,3,3,0.8670,0.8925,0.9671,0.8465,0.0497
0,0,3,4,0.8694,0.8607,0.9266,0.8610,0.0744
0,0,3,5,0.9374,0.9514,0.9857,0.9260,0.0287
0,0,3,6,0.8130,0.8541,0.9983,0.7583,0.0139
0,0,3,7,0.7465,0.7967,0.9952,0.6832,0.0222
0,0,3,8,0.8713,0.8966,0.9874,0.8360,0.0272
0,0,3,9,0.7208,0.8161,0.9998,0.6649,0.0420
0,0,3,10,0.9270,0.9219,0.9493,0.9158,0.0382
0,0,3,11,0.8536,0.8949,0.9874,0.8176,0.0218
0,0,4,0,0.7610,0.7994,0.9983,0.7152,0.0439
0,0,4,1,0.9310,0.9298,1.0000,0.9161,0.0257
0,0,4,2,0.9048,0.9010,0.9488,0.8952,0.0559
0,0,4,3,0.8905,0.9098,0.9877,0.8637,0.0174
0,0,4,4,0.9118,0.9172,0.9666,0.9005,0.0451
0,0,4,5,0.8293,0.8797,0.9881,0.7899,0.0307
0,0,4,6,0.9408,0.9608,0.9952,0.9282,0.0210
0,0,4,7,0.7105,0.6952,0.9946,0.6435,0.0314
0,0,4,8,0.8891,0.8886,0.9296,0.8794,0.0624
0,0,4,9,0.9092,0.9244,0.9855,0.8864,0.0215
0,0,4,10,0.8664,0.8644,0.9317,0.8571,0.0729
0,0,4,11,0.3933,0.5694,0.9244,0.2987,0.0790
0,0,5,0,0.8829,0.8853,0.9215,0.8735,0.0643
0,0,5,1,0.8533,0.8498,0.9224,0.8451,0.0784
0,0,5,2,0.8661,0.9035,0.9950,0.8311,0.0231
0,0,5,3,0.9441,0.9405,0.9745,0.9282,0.0114
0,0,5,4,0.8463,0.8608,0.9986,0.8083,0.0264
0,0,5,5,0.8698,0.8694,0.9325,0.8603,0.0712
0,0,5,6,0.8778,0.8830,0.9335,0.8602,0.0519
0,0,5,7,0.8490,0.9002,0.9894,0.8231,0.0472
0,0,5,8,0.8969,0.9139,0.9388,0.8863,0.0552
0,0,5,9,0.8717,0.8641,0.9304,0.8627,0.0727
0,0,5,10,0.9159,0.9141,0.9561,0.9064,0.0481
0,0,5,11,0.8985,0.9001,0.9465,0.8869,0.0527
0,0,6,0,0.8677,0.8899,0.9894,0.8314,0.0256
0,0,6,1,0.8476,0.8606,0.9410,0.8317,0.0660
0,0,6,2,0.8927,0.8885,0.9514,0.8829,0.0619
0,0,6,3,0.8910,0.9029,0.9405,0.8787,0.0512
0,0,6,4,0.9501,0.9526,0.9566,0.9413,0.0295
0,0,6,5,0.9213,0.9241,0.9601,0.9100,0.0411
0,0,6,6,0.8752,0.8722,0.9350,0.8652,0.0682
0,0,6,7,0.9216,0.9442,0.9592,0.9064,0.0269
0,0,6,8,0.9193,0.9424,0.9763,0.9040,0.0317
0,0,6,9,0.8547,0.8510,0.9263,0.8462,0.0778
0,0,6,10,0.8663,0.8598,0.9252,0.8576,0.0752
0,0,6,11,0.8869,0.8993,0.9835,0.8565,0.0213
0,0,7,0,0.7257,0.8259,0.9874,0.6657,0.0369
0,0,7,1,0.8818,0.8888,0.9346,0.8698,0.0600
0,0,7,2,0.8583,0.8574,0.9247,0.8499,0.0770
0,0,7,3,0.9355,0.9506,0.9666,0.9249,0.0306
0,0,7,4,0.9057,0.9196,0.9569,0.8916,0.0384
0,0,7,5,0.9129,0.9090,0.9708,0.9011,0.0462
0,0,7,6,0.8860,0.8813,0.9307,0.8761,0.0640
0,0,7,7,0.8743,0.8750,0.9304,0.8646,0.0683
0,0,7,8,0.9171,0.9322,0.9825,0.9026,0.0390
0,0,7,9,0.8995,0.8880,0.9988,0.8797,0.0329
0,0,7,10,0.8576,0.8549,0.9316,0.8486,0.0762
0,0,7,11,0.8644,0.8627,0.9286,0.8559,0.0754
0,0,8,0,0.8907,0.8830,0.9687,0.8780,0.0556
0,0,8,1,0.8615,0.8641,0.9337,0.8517,0.0724
0,0,8,2,0.9029,0.9046,0.9543,0.8915,0.0525
0,0,8,3,0.8740,0.8768,0.9371,0.8629,0.0656
0,0,8,4,0.8201,0.8951,0.9994,0.7803,0.0340
0,0,8,5,0.9324,0.9266,0.9956,0.9177,0.0180
0,0,8,6,0.8649,0.8676,0.9273,0.8547,0.0714
0,0,8,7,0.7550,0.8321,0.9964,0.7018,0.0346
0,0,8,8,0.9429,0.9468,0.9690,0.9342,0.0337
0,0,8,9,0.8996,0.9070,0.9448,0.8867,0.0480
0,0,8,10,0.9099,0.9083,0.9634,0.8984,0.0488
0,0,8,11,0.8773,0.8693,0.9297,0.8681,0.0695
0,0,9,0,0.8905,0.8884,0.9320,0.8791,0.0577
0,0,9,1,0.8670,0.8698,0.9399,0.8563,0.0694
0,0,9,2,0.8741,0.8764,0.9380,0.8623,0.0635
0,0,9,3,0.8146,0.8507,0.9919,0.7637,0.0171
0,0,9,4,0.8659,0.8709,0.9313,0.8554,0.0702
0,0,9,5,0.8930,0.8852,0.9370,0.8828,0.0597
0,0,9,6,0.8586,0.8538,0.9245,0.8500,0.0771
0,0,9,7,0.9088,0.9248,0.9456,0.8966,0.0449
0,0,9,8,0.8681,0.8641,0.9273,0.8588,0.0724
0,0,9,9,0.8595,0.8562,0.9272,0.8507,0.0767
0,0,9,10,0.8916,0.9231,0.9973,0.8660,0.0206
0,0,9,11,0.8608,0.8556,0.9278,0.8522,0.0769
0,0,10,0,0.8691,0.8631,0.9254,0.8596,0.0720
0,0,10,1,0.8665,0.8598,0.9261,0.8574,0.0735
0,0,10,2,0.8740,0.8703,0.9361,0.8649,0.0710
0,0,10,3,0.8813,0.8793,0.9628,0.8688,0.0605
0,0,10,4,0.8896,0.8992,0.9641,0.8741,0.0470
0,0,10,5,0.8880,0.8952,0.9817,0.8686,0.0348
0,0,10,6,0.8758,0.8700,0.9287,0.8655,0.0674
0,0,10,7,0.8837,0.8825,0.9423,0.8728,0.0627
0,0,10,8,0.8596,0.8548,0.9277,0.8507,0.0767
0,0,10,9,0.9197,0.9271,0.9815,0.9023,0.0239
0,0,10,10,0.8594,0.8539,0.9262,0.8505,0.0766
0,0,10,11,0.8040,0.8412,0.9786,0.7706,0.0500
0,0,11,0,0.7848,0.7809,0.9247,0.7146,0.0240
0,0,11,1,0.9022,0.9008,0.9654,0.8900,0.0514
0,0,11,2,0.8664,0.8617,0.9452,0.8561,0.0719
0,0,11,3,0.9006,0.9320,0.9992,0.8736,0.0180
0,0,11,4,0.9097,0.9047,0.9862,0.8965,0.0463
0,0,11,5,0.8608,0.8722,0.9502,0.8478,0.0670
0,0,11,6,0.8652,0.8584,0.9312,0.8560,0.0746
0,0,11,7,0.8965,0.8960,0.9614,0.8855,0.0564
0,0,11,8,0.4106,0.6901,0.9991,0.2540,0.0213
0,0,11,9,0.8711,0.8671,0.9347,0.8616,0.0720
0,0,11,10,0.9203,0.9296,1.0000,0.9022,0.0281
0,0,11,11,0.9366,0.9427,0.9807,0.9258,0.0332
0,1,0,0,0.2718,0.3674,0.9810,0.1506,0.0748
0,1,0,1,1.0000,1.0000,1.0000,1.0000,0.0000
0,1,0,2,0.2929,0.3854,0.9124,0.1681,0.0836
0,1,0,3,0.9417,0.9480,0.9918,0.9353,0.0156
0,1,0,4,0.7499,0.7909,0.9933,0.7184,0.0472
0,1,0,5,0.9841,0.9812,0.9978,0.9824,0.0063
0,1,0,6,0.3299,0.4418,0.9903,0.2170,0.0842
0,1,0,7,0.3910,0.4970,0.9349,0.2870,0.0888
0,1,0,8,0.4065,0.5352,0.9740,0.3058,0.0853
0,1,0,9,0.3421,0.4561,0.8446,0.2208,0.0933
0,1,0,10,0.6094,0.7111,0.8983,0.5523,0.0924
0,1,0,11,0.4210,0.5267,0.9298,0.3216,0.0861
0,1,1,0,0.2920,0.4302,0.9907,0.1747,0.0807
0,1,1,1,0.3051,0.4157,0.9976,0.1959,0.0672
0,1,1,2,0.3466,0.4474,0.9956,0.2402,0.0783
0,1,1,3,0.3504,0.4458,0.9454,0.2446,0.0661
0,1,1,4,0.2650,0.3546,0.9971,0.1510,0.0606
0,1,1,5,0.2730,0.3492,1.0000,0.1679,0.0508
0,1,1,6,0.3039,0.3902,1.0000,0.1969,0.0631
0,1,1,7,0.2228,0.3054,0.9994,0.1033,0.0601
0,1,1,8,0.2437,0.3345,0.9854,0.1261,0.0600
0,1,1,9,0.1909,0.2763,0.9999,0.0765,0.0458
0,1,1,10,0.6487,0.6671,0.9421,0.6000,0.0904
0,1,1,11,0.9394,0.9672,0.9986,0.9331,0.0243
0,1,2,0,0.2457,0.3754,0.9762,0.1184,0.0795
0,1,2,1,0.1405,0.2174,0.9909,0.0342,0.0234
0,1,2,2,0.2896,0.5698,0.9772,0.1840,0.0579
0,1,2,3,0.2561,0.4287,0.9968,0.1365,0.0733
0,1,2,4,0.2023,0.3477,0.9994,0.0872,0.0510
0,1,2,5,0.3226,0.4764,0.9785,0.2116,0.0767
0,1,2,6,0.1786,0.2543,0.9887,0.0799,0.0189
0,1,2,7,0.5013,0.5940,0.9685,0.4213,0.0868
0,1,2,8,0.2889,0.4301,0.9697,0.1744,0.0707
0,1,2,9,0.2749,0.4974,0.9722,0.1583,0.0715
0,1,2,10,0.3593,0.4608,0.9827,0.2539,0.0788
0,1,2,11,0.1977,0.2740,0.9948,0.0923,0.0333
0,1,3,0,0.1753,0.2510,0.9805,0.0827,0.0112
0,1,3,1,0.2158,0.3036,0.9722,0.1004,0.0554
0,1,3,2,0.2446,0.4975,0.9864,0.1299,0.0600
0,1,3,3,0.1661,0.2876,0.9981,0.0603,0.0303
0,1,3,4,0.1059,0.1825,0.9819,0.0094,0.0064
0,1,3,5,0.1739,0.2527,0.9997,0.0568,0.0471
0,1,3,6,0.3338,0.4642,0.9681,0.2217,0.0800
0,1,3,7,0.2381,0.5422,0.9953,0.1225,0.0626
0,1,3,8,0.2891,0.4095,0.9379,0.1742,0.0741
0,1,3,9,0.1668,0.2588,0.9765,0.0570,0.0375
0,1,3,10,0.2736,0.3939,0.9922,0.1761,0.0371
0,1,3,11,0.2638,0.4150,0.9993,0.1525,0.0627
0,1,4,0,0.1971,0.3042,0.9682,0.0928,0.0348
0,1,4,1,0.1849,0.2969,0.9799,0.0647,0.0556
0,1,4,2,0.1456,0.2165,0.9921,0.0417,0.0207
0,1,4,3,0.2067,0.3447,0.9993,0.0854,0.0631
0,1,4,4,0.1884,0.2887,0.9979,0.0848,0.0299
0,1,4,5,0.2196,0.4101,0.9992,0.1057,0.0543
0,1,4,6,0.1864,0.2900,0.9953,0.0658,0.0546
0,1,4,7,0.7097,0.7775,0.9958,0.6721,0.0505
0,1,4,8,0.1320,0.2130,0.9834,0.0313,0.0147
0,1,4,9,0.1866,0.3046,0.9340,0.0599,0.0630
0,1,4,10,0.1202,0.1942,0.9844,0.0248,0.0066
0,1,4,11,0.0966,0.6462,0.9808,0.0035,0.0047
0,1,5,0,0.1496,0.2542,0.9793,0.0531,0.0118
0,1,5,1,0.0990,0.1790,0.9798,0.0059,0.0042
0,1,5,2,0.2010,0.3671,0.9568,0.0747,0.0666
0,1,5,3,0.2260,0.3211,0.9125,0.0959,0.0762
0,1,5,4,0.2627,0.4585,0.9692,0.1510,0.0592
0,1,5,5,0.1209,0.2054,0.9848,0.0245,0.0072
0,1,5,6,0.1429,0.3454,0.9853,0.0353,0.0310
0,1,5,7,0.1644,0.2889,0.9988,0.0564,0.0310
0,1,5,8,0.1496,0.2512,0.9878,0.0472,0.0201
0,1,5,9,0.1089,0.1869,0.9838,0.0112,0.0079
0,1,5,10,0.1938,0.2942,0.9948,0.0924,0.0272
0,1,5,11,0.1963,0.2762,0.9911,0.0976,0.0220
0,1,6,0,0.1996,0.3611,0.9425,0.0683,0.0733
0,1,6,1,0.1304,0.1990,0.9888,0.0324,0.0091
0,1,6,2,0.1330,0.2121,0.9931,0.0312,0.0157
0,1,6,3,0.1343,0.2238,0.9885,0.0295,0.0236
0,1,6,4,0.2217,0.3181,0.9949,0.1109,0.0479
0,1,6,5,0.1960,0.2893,0.9961,0.0899,0.0350
0,1,6,6,0.1465,0.2252,0.9860,0.0507,0.0110
0,1,6,7,0.2055,0.3299,0.9958,0.0931,0.0481
0,1,6,8,0.1678,0.3389,0.9997,0.0505,0.0478
0,1,6,9,0.1024,0.1825,0.9818,0.0089,0.0043
0,1,6,10,0.1139,0.1890,0.9812,0.0186,0.0059
0,1,6,11,0.2185,0.3548,0.9297,0.0925,0.0693
0,1,7,0,0.1667,0.4622,0.9993,0.0507,0.0492
0,1,7,1,0.1857,0.2678,0.9858,0.0902,0.0148
0,1,7,2,0.1100,0.1951,0.9810,0.0165,0.0035
0,1,7,3,0.2099,0.3156,0.9980,0.1007,0.0447
0,1,7,4,0.1630,0.2684,0.9950,0.0535,0.0374
0,1,7,5,0.1614,0.2374,0.9989,0.0531,0.0302
0,1,7,6,0.1333,0.2097,0.9839,0.0333,0.0131
0,1,7,7,0.1341,0.2214,0.9838,0.0376,0.0083
0,1,7,8,0.1784,0.2889,1.0000,0.0655,0.0424
0,1,7,9,0.1751,0.2580,0.9702,0.0596,0.0460
0,1,7,10,0.1088,0.1914,0.9844,0.0146,0.0051
0,1,7,11,0.1175,0.2052,0.9829,0.0232,0.0043
0,1,8,0,0.1631,0.2284,0.9984,0.0613,0.0210
0,1,8,1,0.1139,0.1955,0.9854,0.0183,0.0039
0,1,8,2,0.1564,0.2386,0.9941,0.0517,0.0247
0,1,8,3,0.1351,0.2106,0.9870,0.0369,0.0108
0,1,8,4,0.2074,0.3045,0.9735,0.0945,0.0518
0,1,8,5,0.1922,0.2907,0.9949,0.0726,0.0571
0,1,8,6,0.1178,0.1944,0.9823,0.0212,0.0058
0,1,8,7,0.1872,0.3748,0.9939,0.0740,0.0493
0,1,8,8,0.1981,0.2998,0.9985,0.0876,0.0421
0,1,8,9,0.1882,0.2610,0.9904,0.0862,0.0275
0,1,8,10,0.2049,0.3041,0.9971,0.1037,0.0270
0,1,8,11,0.1173,0.1895,0.9835,0.0188,0.0094
0,1,9,0,0.1484,0.2233,0.9846,0.0466,0.0194
0,1,9,1,0.1237,0.1987,0.9883,0.0267,0.0070
0,1,9,2,0.1359,0.2051,0.9874,0.0368,0.0121
0,1,9,3,0.2667,0.4668,0.9485,0.1478,0.0714
0,1,9,4,0.1274,0.2052,0.9842,0.0314,0.0062
0,1,9,5,0.1724,0.2493,0.9869,0.0745,0.0169
0,1,9,6,0.1043,0.1792,0.9809,0.0100,0.0047
0,1,9,7,0.1616,0.2456,0.9907,0.0541,0.0304
0,1,9,8,0.1142,0.1887,0.9823,0.0176,0.0071
0,1,9,9,0.1065,0.1821,0.9822,0.0119,0.0046
0,1,9,10,0.2112,0.3487,0.9926,0.0928,0.0581
0,1,9,11,0.1053,0.1802,0.9825,0.0106,0.0052
0,1,10,0,0.1197,0.1902,0.9813,0.0233,0.0080
0,1,10,1,0.1144,0.1873,0.9817,0.0185,0.0060
0,1,10,2,0.1218,0.1962,0.9865,0.0250,0.0091
0,1,10,3,0.1522,0.2278,0.9969,0.0520,0.0161
0,1,10,4,0.1813,0.2637,0.9973,0.0779,0.0278
0,1,10,5,0.1719,0.2713,1.0000,0.0614,0.0418
0,1,10,6,0.1273,0.1966,0.9830,0.0289,0.0105
0,1,10,7,0.1553,0.2347,0.9893,0.0570,0.0155
0,1,10,8,0.1081,0.1813,0.9825,0.0134,0.0051
0,1,10,9,0.2276,0.4195,1.0000,0.1147,0.0522
0,1,10,10,0.1049,0.1784,0.9817,0.0100,0.0050
0,1,10,11,0.1701,0.2982,0.9999,0.0660,0.0290
0,1,11,0,0.5205,0.5849,0.8334,0.4416,0.0975
0,1,11,1,0.1623,0.2303,0.9976,0.0573,0.0247
0,1,11,2,0.1191,0.1932,0.9906,0.0223,0.0089
0,1,11,3,0.2821,0.3977,0.9722,0.1666,0.0662
0,1,11,4,0.1787,0.2478,0.9996,0.0716,0.0308
0,1,11,5,0.1333,0.2096,0.9926,0.0360,0.0091
0,1,11,6,0.1103,0.1842,0.9842,0.0142,0.0062
0,1,11,7,0.1703,0.2451,0.9965,0.0701,0.0202
0,1,11,8,0.6305,0.7048,0.9885,0.5787,0.0698
0,1,11,9,0.1206,0.1976,0.9859,0.0239,0.0070
0,1,11,10,0.2758,0.3834,0.9794,0.1684,0.0530
0,1,11,11,0.1953,0.3074,1.0000,0.0832,0.0421
0,2,0,0,0.9624,0.9663,0.9744,0.9515,0.0112
0,2,0,1,0.2929,0.3854,0.9124,0.1681,0.0836
0,2,0,2,1.0000,1.0000,1.0000,1.0000,0.0000
0,2,0,3,0.4153,0.4158,0.9571,0.3052,0.0719
0,2,0,4,0.6395,0.6154,0.9534,0.5547,0.0366
0,2,0,5,0.3489,0.3861,0.9373,0.2305,0.0773
0,2,0,6,0.9456,0.9407,0.9604,0.9286,0.0114
0,2,0,7,0.8877,0.8859,0.9983,0.8503,0.0152
0,2,0,8,0.8207,0.8082,0.9813,0.7611,0.0091
0,2,0,9,0.9758,0.9751,0.9898,0.9679,0.0102
0,2,0,10,0.9222,0.9068,0.9994,0.8952,0.0159
0,2,0,11,0.9619,0.9584,0.9990,0.9489,0.0072
0,2,1,0,0.9268,0.9106,0.9596,0.9050,0.0160
0,2,1,1,0.9422,0.9299,0.9383,0.9276,0.0177
0,2,1,2,0.9506,0.9424,0.9467,0.9363,0.0118
0,2,1,3,0.9364,0.9170,0.9960,0.9177,0.0258
0,2,1,4,0.9561,0.9498,0.9408,0.9464,0.0258
0,2,1,5,0.9308,0.9271,0.9107,0.9183,0.0338
0,2,1,6,0.9258,0.9245,0.9119,0.9077,0.0247
0,2,1,7,0.9572,0.9478,0.9265,0.9486,0.0245
0,2,1,8,0.9560,0.9587,0.9688,0.9464,0.0236
0,2,1,9,0.9281,0.9235,0.9177,0.9168,0.0380
0,2,1,10,0.5360,0.7793,0.9968,0.3818,0.0142
0,2,1,11,0.4849,0.4566,0.9326,0.3812,0.0638
0,2,2,0,0.9560,0.9555,0.9794,0.9429,0.0140
0,2,2,1,0.8880,0.8697,0.8490,0.8772,0.0607
0,2,2,2,0.7026,0.7567,0.9785,0.6255,0.0344
0,2,2,3,0.8728,0.8609,0.9423,0.8369,0.0186
0,2,2,4,0.9239,0.9193,0.8979,0.9101,0.0352
0,2,2,5,0.9057,0.9069,0.9772,0.8777,0.0160
0,2,2,6,0.8695,0.8566,0.8407,0.8567,0.0660
0,2,2,7,0.9167,0.9053,0.9855,0.8893,0.0101
0,2,2,8,0.9131,0.9101,0.9847,0.8886,0.0168
0,2,2,9,0.7992,0.8081,0.9828,0.7413,0.0189
0,2,2,10,0.9584,0.9506,0.9724,0.9460,0.0097
0,2,2,11,0.9046,0.8852,0.8657,0.8928,0.0521
0,2,3,0,0.8484,0.8332,0.8140,0.8369,0.0750
0,2,3,1,0.9360,0.9414,0.9828,0.9241,0.0358
0,2,3,2,0.7081,0.7597,0.9673,0.6306,0.0273
0,2,3,3,0.8651,0.8600,0.8852,0.8467,0.0580
0,2,3,4,0.8382,0.8207,0.8183,0.8280,0.0829
0,2,3,5,0.9320,0.9292,0.9226,0.9216,0.0375
0,2,3,6,0.8448,0.8510,0.9858,0.7959,0.0138
0,2,3,7,0.7904,0.7844,0.9478,0.7360,0.0302
0,2,3,8,0.9092,0.9148,0.9977,0.8834,0.0294
0,2,3,9,0.7541,0.8214,0.9792,0.7051,0.0495
0,2,3,10,0.9093,0.8896,0.8544,0.8967,0.0470
0,2,3,11,0.8607,0.8640,0.9267,0.8259,0.0287
0,2,4,0,0.7508,0.7768,0.9858,0.7024,0.0512
0,2,4,1,0.9321,0.9374,0.9757,0.9193,0.0335
0,2,4,2,0.8779,0.8637,0.8536,0.8661,0.0644
0,2,4,3,0.8547,0.8582,0.9272,0.8178,0.0241
0,2,4,4,0.8872,0.8823,0.8842,0.8735,0.0537
0,2,4,5,0.8590,0.8689,0.9282,0.8271,0.0376
0,2,4,6,0.9317,0.9310,0.9476,0.9184,0.0298
0,2,4,7,0.7197,0.6843,0.9460,0.6520,0.0386
0,2,4,8,0.8633,0.8442,0.8231,0.8522,0.0710
0,2,4,9,0.9402,0.9383,0.9984,0.9263,0.0269
0,2,4,10,0.8394,0.8249,0.8262,0.8290,0.0815
0,2,4,11,0.4554,0.5557,0.8151,0.3687,0.0875
0,2,5,0,0.8486,0.8396,0.8106,0.8362,0.0731
0,2,5,1,0.8223,0.8088,0.8120,0.8126,0.0870
0,2,5,2,0.8851,0.8817,0.9920,0.8545,0.0285
0,2,5,3,0.9539,0.9590,1.0000,0.9404,0.0152
0,2,5,4,0.8610,0.8515,0.9851,0.8260,0.0317
0,2,5,5,0.8397,0.8269,0.8275,0.8284,0.0798
0,2,5,6,0.8523,0.8425,0.8291,0.8317,0.0597
0,2,5,7,0.8567,0.8701,0.9316,0.8346,0.0552
0,2,5,8,0.8692,0.8660,0.8373,0.8562,0.0640
0,2,5,9,0.8425,0.8242,0.8242,0.8319,0.0812
0,2,5,10,0.8798,0.8686,0.8659,0.8655,0.0567
0,2,5,11,0.8736,0.8575,0.8497,0.8599,0.0615
0,2,6,0,0.8669,0.8706,0.9967,0.8285,0.0289
0,2,6,1,0.8465,0.8277,0.8409,0.8342,0.0745
0,2,6,2,0.8652,0.8531,0.8579,0.8535,0.0704
0,2,6,3,0.8676,0.8576,0.8401,0.8537,0.0610
0,2,6,4,0.9094,0.9008,0.8667,0.8926,0.0380
0,2,6,5,0.9024,0.8878,0.8727,0.8897,0.0496
0,2,6,6,0.8475,0.8338,0.8314,0.8358,0.0767
0,2,6,7,0.9087,0.8968,0.8712,0.8924,0.0354
0,2,6,8,0.9115,0.9072,0.9026,0.8963,0.0397
0,2,6,9,0.8225,0.8099,0.8180,0.8122,0.0863
0,2,6,10,0.8348,0.8180,0.8163,0.8243,0.0837
0,2,6,11,0.9094,0.9206,0.9990,0.8845,0.0258
0,2,7,0,0.7802,0.8223,0.9266,0.7321,0.0441
0,2,7,1,0.8580,0.8450,0.8307,0.8448,0.0687
0,2,7,2,0.8259,0.8150,0.8156,0.8157,0.0855
0,2,7,3,0.9109,0.9044,0.8843,0.8968,0.0391
0,2,7,4,0.8947,0.8870,0.8671,0.8809,0.0470
0,2,7,5,0.8982,0.8831,0.8920,0.8862,0.0547
0,2,7,6,0.8594,0.8376,0.8246,0.8480,0.0725
0,2,7,7,0.8481,0.8327,0.8242,0.8372,0.0769
0,2,7,8,0.9098,0.9020,0.9156,0.8959,0.0467
0,2,7,9,0.8937,0.9022,0.9843,0.8743,0.0407
0,2,7,10,0.8271,0.8147,0.8261,0.8164,0.0847
0,2,7,11,0.8320,0.8213,0.8215,0.8213,0.0840
0,2,8,0,0.8672,0.8536,0.8881,0.8528,0.0641
0,2,8,1,0.8381,0.8248,0.8294,0.8279,0.0809
0,2,8,2,0.8808,0.8674,0.8627,0.8680,0.0610
0,2,8,3,0.8494,0.8340,0.8347,0.8371,0.0741
0,2,8,4,0.8514,0.9051,0.9818,0.8196,0.0412
0,2,8,5,0.9158,0.9195,0.9491,0.8982,0.0268
0,2,8,6,0.8404,0.8247,0.8195,0.8294,0.0799
0,2,8,7,0.8004,0.8293,0.9520,0.7574,0.0418
0,2,8,8,0.9181,0.9136,0.8887,0.9061,0.0422
0,2,8,9,0.8835,0.8648,0.8471,0.8703,0.0565
0,2,8,10,0.8893,0.8769,0.8785,0.8764,0.0573
0,2,8,11,0.8492,0.8293,0.8231,0.8385,0.0781
0,2,9,0,0.8619,0.8451,0.8267,0.8480,0.0662
0,2,9,1,0.8461,0.8310,0.8391,0.8353,0.0779
0,2,9,2,0.8578,0.8370,0.8361,0.8465,0.0720
0,2,9,3,0.8625,0.8682,0.9951,0.8229,0.0214
0,2,9,4,0.8412,0.8282,0.8256,0.8300,0.0787
0,2,9,5,0.8636,0.8461,0.8345,0.8509,0.0682
0,2,9,6,0.8285,0.8127,0.8153,0.8184,0.0857
0,2,9,7,0.8843,0.8743,0.8483,0.8696,0.0537
0,2,9,8,0.8406,0.8227,0.8194,0.8300,0.0809
0,2,9,9,0.8306,0.8156,0.8193,0.8205,0.0853
0,2,9,10,0.9053,0.9137,0.9553,0.8838,0.0278
0,2,9,11,0.8307,0.8160,0.8203,0.8207,0.0854
0,2,10,0,0.8406,0.8202,0.8165,0.8297,0.0805
0,2,10,1,0.8376,0.8183,0.8176,0.8270,0.0820
0,2,10,2,0.8456,0.8322,0.8331,0.8351,0.0795
0,2,10,3,0.8594,0.8476,0.8774,0.8459,0.0690
0,2,10,4,0.8801,0.8706,0.8798,0.8657,0.0558
0,2,10,5,0.8753,0.8801,0.9139,0.8551,0.0425
0,2,10,6,0.8487,0.8268,0.8216,0.8369,0.0760
0,2,10,7,0.8597,0.8459,0.8429,0.8475,0.0712
0,2,10,8,0.8302,0.8146,0.8201,0.8199,0.0853
0,2,10,9,0.8921,0.8876,0.9134,0.8688,0.0319
0,2,10,10,0.8301,0.8132,0.8177,0.8199,0.0851
0,2,10,11,0.8121,0.8233,0.9073,0.7820,0.0582
0,2,11,0,0.8344,0.8281,0.9866,0.7743,0.0173
0,2,11,1,0.8837,0.8671,0.8821,0.8708,0.0600
0,2,11,2,0.8398,0.8258,0.8477,0.8283,0.0804
0,2,11,3,0.9169,0.9179,0.9828,0.8938,0.0236
0,2,11,4,0.8961,0.8832,0.9238,0.8828,0.0546
0,2,11,5,0.8485,0.8374,0.8558,0.8370,0.0758
0,2,11,6,0.8362,0.8187,0.8255,0.8256,0.0832
0,2,11,7,0.8677,0.8595,0.8751,0.8541,0.0649
0,2,11,8,0.4731,0.6991,0.9638,0.3226,0.0261
0,2,11,9,0.8431,0.8278,0.8309,0.8323,0.0805
0,2,11,10,0.9229,0.9253,0.9762,0.9065,0.0340
0,2,11,11,0.9197,0.9185,0.9117,0.9074,0.0420
0,3,0,0,0.3876,0.3987,0.9977,0.2779,0.0634
0,3,0,1,0.9417,0.9480,0.9918,0.9353,0.0156
0,3,0,2,0.4153,0.4158,0.9571,0.3052,0.0719
0,3,0,3,1.0000,1.0000,1.0000,1.0000,0.0000
0,3,0,4,0.8754,0.8791,0.9999,0.8589,0.0353
0,3,0,5,0.9708,0.9803,0.9981,0.9674,0.0101
0,3,0,6,0.4745,0.4901,0.9999,0.3803,0.0720
0,3,0,7,0.5180,0.5460,0.9726,0.4307,0.0758
0,3,0,8,0.4409,0.4912,0.9950,0.3363,0.0733
0,3,0,9,0.4321,0.4573,0.9060,0.3199,0.0813
0,3,0,10,0.6869,0.7128,0.9470,0.6383,0.0796
0,3,0,11,0.5114,0.5260,0.9692,0.4211,0.0744
0,3,1,0,0.4314,0.4749,1.0000,0.3306,0.0682
0,3,1,1,0.4281,0.4598,0.9982,0.3312,0.0547
0,3,1,2,0.4714,0.4854,0.9994,0.3789,0.0672
0,3,1,3,0.4108,0.4305,0.9792,0.3060,0.0523
0,3,1,4,0.3815,0.3895,0.9986,0.2779,0.0518
0,3,1,5,0.3787,0.3888,0.9913,0.2813,0.0380
0,3,1,6,0.4221,0.4257,0.9917,0.3260,0.0491
0,3,1,7,0.3439,0.3404,0.9958,0.2350,0.0502
0,3,1,8,0.3497,0.3595,0.9991,0.2403,0.0493
0,3,1,9,0.2983,0.3077,0.9934,0.1907,0.0346
0,3,1,10,0.5918,0.6096,0.9772,0.5211,0.0787
0,3,1,11,0.9819,0.9817,0.9972,0.9798,0.0102
0,3,2,0,0.3769,0.4184,0.9959,0.2641,0.0670
0,3,2,1,0.2448,0.2476,0.9657,0.1435,0.0182
0,3,2,2,0.4195,0.6294,0.9963,0.3260,0.0433
0,3,2,3,0.3839,0.4638,0.9989,0.2773,0.0609
0,3,2,4,0.3168,0.3917,0.9869,0.2099,0.0375
0,3,2,5,0.4552,0.5243,0.9968,0.3595,0.0632
0,3,2,6,0.2753,0.2876,0.9615,0.1808,0.0125
0,3,2,7,0.6202,0.6303,0.9924,0.5560,0.0749
0,3,2,8,0.4132,0.4692,0.9929,0.3114,0.0577
0,3,2,9,0.4157,0.5507,0.9941,0.3149,0.0585
0,3,2,10,0.4875,0.5095,0.9983,0.3973,0.0674
0,3,2,11,0.3052,0.3088,0.9736,0.2061,0.0282
0,3,3,0,0.2767,0.2895,0.9474,0.1886,0.0126
0,3,3,1,0.3245,0.3356,0.9941,0.2168,0.0405
0,3,3,2,0.3608,0.5303,0.9993,0.2557,0.0475
0,3,3,3,0.2710,0.3165,0.9820,0.1707,0.0165
0,3,3,4,0.1990,0.2099,0.9498,0.1054,0.0160
0,3,3,5,0.2900,0.2837,0.9948,0.1809,0.0378
0,3,3,6,0.4710,0.5103,0.9921,0.3762,0.0678
0,3,3,7,0.3729,0.5936,0.9995,0.2702,0.0491
0,3,3,8,0.4100,0.4509,0.9745,0.3072,0.0596
0,3,3,9,0.2509,0.2709,0.9960,0.1437,0.0237
0,3,3,10,0.3960,0.4479,0.9683,0.3080,0.0257
0,3,3,11,0.3913,0.4629,0.9958,0.2918,0.0495
0,3,4,0,0.2802,0.3151,0.9922,0.1786,0.0210
0,3,4,1,0.3026,0.3221,0.9974,0.1913,0.0418
0,3,4,2,0.2455,0.2460,0.9679,0.1459,0.0174
0,3,4,3,0.3306,0.3773,0.9960,0.2201,0.0501
0,3,4,4,0.2894,0.3210,0.9816,0.1910,0.0203
0,3,4,5,0.3397,0.4494,0.9962,0.2354,0.0397
0,3,4,6,0.3030,0.3230,0.9995,0.1913,0.0442
0,3,4,7,0.8460,0.8572,0.9993,0.8250,0.0354
0,3,4,8,0.2341,0.2448,0.9523,0.1378,0.0125
0,3,4,9,0.3060,0.3379,0.9719,0.1893,0.0489
0,3,4,10,0.2126,0.2221,0.9540,0.1201,0.0146
0,3,4,11,0.2078,0.7004,0.9480,0.1194,0.0203
0,3,5,0,0.2494,0.2875,0.9455,0.1571,0.0075
0,3,5,1,0.1908,0.2072,0.9463,0.1002,0.0198
0,3,5,2,0.2894,0.3768,0.9861,0.1677,0.0531
0,3,5,3,0.3372,0.3396,0.9572,0.2174,0.0643
0,3,5,4,0.3995,0.5155,0.9927,0.3012,0.0446
0,3,5,5,0.2101,0.2299,0.9546,0.1163,0.0134
0,3,5,6,0.2458,0.3788,0.9555,0.1430,0.0153
0,3,5,7,0.2637,0.3149,0.9969,0.1604,0.0185
0,3,5,8,0.2477,0.2762,0.9598,0.1495,0.0094
0,3,5,9,0.2025,0.2138,0.9529,0.1078,0.0148
0,3,5,10,0.3003,0.3289,0.9737,0.2047,0.0160
0,3,5,11,0.2932,0.3032,0.9660,0.1991,0.0132
0,3,6,0,0.3290,0.3857,0.9774,0.2106,0.0590
0,3,6,1,0.2246,0.2260,0.9616,0.1299,0.0113
0,3,6,2,0.2281,0.2374,0.9700,0.1297,0.0159
0,3,6,3,0.2352,0.2533,0.9612,0.1347,0.0143
0,3,6,4,0.3361,0.3482,0.9740,0.2335,0.0338
0,3,6,5,0.3089,0.3285,0.9767,0.2099,0.0265
0,3,6,6,0.2399,0.2535,0.9567,0.1475,0.0140
0,3,6,7,0.3340,0.3753,0.9761,0.2320,0.0370
0,3,6,8,0.2842,0.3832,0.9886,0.1750,0.0337
0,3,6,9,0.1904,0.2079,0.9495,0.0991,0.0192
0,3,6,10,0.2069,0.2169,0.9486,0.1145,0.0165
0,3,6,11,0.3355,0.3821,0.9691,0.2199,0.0555
0,3,7,0,0.2903,0.4985,0.9958,0.1832,0.0349
0,3,7,1,0.2806,0.2999,0.9564,0.1891,0.0113
0,3,7,2,0.2008,0.2235,0.9482,0.1100,0.0184
0,3,7,3,0.3239,0.3535,0.9817,0.2225,0.0336
0,3,7,4,0.2692,0.2935,0.9742,0.1656,0.0262
0,3,7,5,0.2659,0.2666,0.9847,0.1630,0.0243
0,3,7,6,0.2306,0.2384,0.9532,0.1343,0.0132
0,3,7,7,0.2300,0.2524,0.9529,0.1371,0.0115
0,3,7,8,0.2896,0.3128,0.9928,0.1837,0.0275
0,3,7,9,0.2835,0.2869,0.9932,0.1748,0.0323
0,3,7,10,0.1960,0.2165,0.9539,0.1040,0.0176
0,3,7,11,0.2087,0.2346,0.9515,0.1171,0.0168
0,3,8,0,0.2555,0.2512,0.9832,0.1573,0.0195
0,3,8,1,0.2066,0.2239,0.9557,0.1139,0.0138
0,3,8,2,0.2535,0.2635,0.9722,0.1531,0.0193
0,3,8,3,0.2286,0.2363,0.9585,0.1337,0.0114
0,3,8,4,0.3116,0.3378,0.9947,0.2053,0.0367
0,3,8,5,0.3040,0.3179,0.9996,0.1925,0.0454
0,3,8,6,0.2114,0.2226,0.9504,0.1179,0.0127
0,3,8,7,0.3088,0.4049,0.9999,0.2045,0.0353
0,3,8,8,0.3124,0.3376,0.9834,0.2097,0.0325
0,3,8,9,0.2920,0.2922,0.9647,0.1955,0.0206
0,3,8,10,0.3051,0.3354,0.9792,0.2092,0.0214
0,3,8,11,0.2132,0.2178,0.9523,0.1180,0.0135
0,3,9,0,0.2532,0.2538,0.9543,0.1564,0.0072
0,3,9,1,0.2163,0.2254,0.9607,0.1222,0.0113
0,3,9,2,0.2323,0.2334,0.9592,0.1368,0.0104
0,3,9,3,0.3844,0.4932,0.9811,0.2768,0.0589
0,3,9,4,0.2182,0.2328,0.9536,0.1250,0.0115
0,3,9,5,0.2700,0.2802,0.9583,0.1764,0.0147
0,3,9,6,0.1961,0.2069,0.9481,0.1045,0.0185
0,3,9,7,0.2651,0.2711,0.9653,0.1628,0.0195
0,3,9,8,0.2080,0.2162,0.9503,0.1144,0.0140
0,3,9,9,0.1981,0.2094,0.9503,0.1062,0.0181
0,3,9,10,0.3299,0.3777,1.0000,0.2211,0.0462
0,3,9,11,0.1972,0.2078,0.9508,0.1051,0.0182
0,3,10,0,0.2139,0.2180,0.9487,0.1207,0.0142
0,3,10,1,0.2084,0.2158,0.9493,0.1156,0.0148
0,3,10,2,0.2160,0.2244,0.9576,0.1223,0.0142
0,3,10,3,0.2401,0.2480,0.9788,0.1427,0.0150
0,3,10,4,0.2776,0.2901,0.9798,0.1786,0.0164
0,3,10,5,0.2763,0.3045,0.9923,0.1715,0.0302
0,3,10,6,0.2229,0.2232,0.9515,0.1280,0.0125
0,3,10,7,0.2511,0.2617,0.9626,0.1565,0.0146
0,3,10,8,0.1994,0.2081,0.9507,0.1074,0.0181
0,3,10,9,0.3191,0.4482,0.9922,0.2111,0.0400
0,3,10,10,0.1967,0.2053,0.9494,0.1046,0.0180
0,3,10,11,0.2761,0.3183,0.9902,0.1776,0.0144
0,3,11,0,0.5190,0.5344,0.8971,0.4276,0.0853
0,3,11,1,0.2580,0.2541,0.9807,0.1571,0.0201
0,3,11,2,0.2080,0.2175,0.9650,0.1137,0.0159
0,3,11,3,0.3681,0.4073,0.9941,0.2580,0.0540
0,3,11,4,0.2731,0.2713,0.9951,0.1702,0.0275
0,3,11,5,0.2244,0.2368,0.9690,0.1301,0.0097
0,3,11,6,0.2024,0.2110,0.9536,0.1091,0.0163
0,3,11,7,0.2581,0.2680,0.9777,0.1608,0.0151
0,3,11,8,0.5225,0.6159,0.9997,0.4433,0.0568
0,3,11,9,0.2141,0.2253,0.9564,0.1205,0.0139
0,3,11,10,0.3592,0.3998,0.9972,0.2559,0.0392
0,3,11,11,0.3006,0.3383,0.9916,0.1950,0.0304
0,4,0,0,0.6319,0.6082,0.9968,0.5494,0.0283
0,4,0,1,0.7499,0.7909,0.9933,0.7184,0.0472
0,4,0,2,0.6395,0.6154,0.9534,0.5547,0.0366
0,4,0,3,0.8754,0.8791,0.9999,0.8589,0.0353
0,4,0,4,1.0000,1.0000,1.0000,1.0000,0.0000
0,4,0,5,0.7953,0.8156,0.9988,0.7685,0.0415
0,4,0,6,0.7286,0.7153,0.9997,0.6678,0.0373
0,4,0,7,0.6788,0.7442,0.9696,0.6039,0.0418
0,4,0,8,0.5236,0.5711,0.9936,0.4086,0.0380
0,4,0,9,0.6164,0.6191,0.9006,0.5213,0.0460
0,4,0,10,0.7957,0.7837,0.9429,0.7516,0.0451
0,4,0,11,0.6890,0.6672,0.9660,0.6158,0.0391
0,4,1,0,0.6730,0.7049,0.9998,0.6002,0.0342
0,4,1,1,0.6270,0.6751,0.9989,0.5472,0.0207
0,4,1,2,0.6644,0.6779,0.9998,0.5898,0.0329
0,4,1,3,0.5787,0.5462,0.9767,0.4839,0.0291
0,4,1,4,0.6026,0.5876,0.9992,0.5190,0.0247
0,4,1,5,0.5829,0.6065,0.9929,0.5011,0.0104
0,4,1,6,0.6591,0.6422,0.9932,0.5877,0.0188
0,4,1,7,0.5775,0.5553,0.9968,0.4898,0.0202
0,4,1,8,0.5529,0.5557,0.9984,0.4586,0.0182
0,4,1,9,0.5088,0.5070,0.9948,0.4153,0.0119
0,4,1,10,0.5602,0.6423,0.9745,0.4549,0.0442
0,4,1,11,0.8687,0.8555,0.9980,0.8486,0.0279
0,4,2,0,0.6216,0.6466,0.9947,0.5360,0.0323
0,4,2,1,0.4708,0.4469,0.9688,0.3840,0.0257
0,4,2,2,0.5694,0.7738,0.9951,0.4822,0.0193
0,4,2,3,0.6007,0.6877,0.9994,0.5139,0.0269
0,4,2,4,0.5397,0.5959,0.9888,0.4501,0.0106
0,4,2,5,0.6451,0.7455,0.9957,0.5660,0.0300
0,4,2,6,0.4654,0.4742,0.9649,0.3804,0.0296
0,4,2,7,0.7868,0.7912,0.9908,0.7400,0.0396
0,4,2,8,0.6347,0.6819,0.9914,0.5549,0.0245
0,4,2,9,0.6448,0.7648,0.9927,0.5676,0.0248
0,4,2,10,0.6978,0.7048,0.9975,0.6304,0.0324
0,4,2,11,0.5188,0.4989,0.9764,0.4341,0.0236
0,4,3,0,0.4728,0.4615,0.9513,0.3954,0.0395
0,4,3,1,0.5241,0.5511,0.9927,0.4295,0.0155
0,4,3,2,0.5231,0.6772,0.9988,0.4249,0.0143
0,4,3,3,0.4781,0.4896,0.9843,0.3900,0.0232
0,4,3,4,0.4075,0.3893,0.9536,0.3241,0.0474
0,4,3,5,0.5228,0.5051,0.9960,0.4319,0.0148
0,4,3,6,0.6690,0.7206,0.9905,0.5937,0.0331
0,4,3,7,0.5775,0.7584,0.9998,0.4908,0.0182
0,4,3,8,0.5899,0.6475,0.9716,0.4998,0.0303
0,4,3,9,0.4794,0.4778,0.9948,0.3877,0.0150
0,4,3,10,0.5877,0.6189,0.9713,0.5131,0.0140
0,4,3,11,0.6083,0.6977,0.9969,0.5280,0.0176
0,4,4,0,0.5090,0.5232,0.9906,0.4238,0.0174
0,4,4,1,0.5284,0.5346,0.9964,0.4347,0.0142
0,4,4,2,0.4612,0.4438,0.9710,0.3744,0.0291
0,4,4,3,0.5707,0.5916,0.9970,0.4821,0.0167
0,4,4,4,0.4992,0.5118,0.9839,0.4139,0.0181
0,4,4,5,0.5561,0.6689,0.9972,0.4687,0.0160
0,4,4,6,0.5324,0.5344,0.9998,0.4390,0.0152
0,4,4,7,0.9123,0.9240,0.9997,0.8953,0.0177
0,4,4,8,0.4431,0.4327,0.9560,0.3579,0.0354
0,4,4,9,0.5275,0.5260,0.9689,0.4284,0.0176
0,4,4,10,0.4159,0.4015,0.9576,0.3332,0.0459
0,4,4,11,0.3549,0.7746,0.9519,0.2684,0.0519
0,4,5,0,0.4505,0.4866,0.9495,0.3687,0.0367
0,4,5,1,0.3931,0.3816,0.9502,0.3117,0.0514
0,4,5,2,0.4952,0.5381,0.9839,0.3874,0.0202
0,4,5,3,0.5756,0.5499,0.9535,0.4798,0.0290
0,4,5,4,0.6397,0.7255,0.9911,0.5657,0.0169
0,4,5,5,0.4098,0.4058,0.9583,0.3252,0.0442
0,4,5,6,0.4642,0.5631,0.9591,0.3746,0.0241
0,4,5,7,0.4715,0.4860,0.9978,0.3803,0.0213
0,4,5,8,0.4531,0.4700,0.9632,0.3660,0.0277
0,4,5,9,0.4112,0.3932,0.9566,0.3268,0.0457
0,4,5,10,0.5139,0.5251,0.9764,0.4325,0.0211
0,4,5,11,0.4849,0.4843,0.9692,0.4010,0.0257
0,4,6,0,0.5710,0.5905,0.9747,0.4765,0.0285
0,4,6,1,0.4292,0.4057,0.9650,0.3448,0.0390
0,4,6,2,0.4356,0.4235,0.9729,0.3481,0.0349
0,4,6,3,0.4506,0.4455,0.9646,0.3625,0.0254
0,4,6,4,0.5585,0.5536,0.9768,0.4737,0.0098
0,4,6,5,0.5159,0.5179,0.9793,0.4304,0.0185
0,4,6,6,0.4367,0.4235,0.9603,0.3539,0.0412
0,4,6,7,0.5610,0.5896,0.9787,0.4773,0.0080
0,4,6,8,0.5134,0.5806,0.9904,0.4213,0.0087
0,4,6,9,0.3935,0.3802,0.9534,0.3114,0.0508
0,4,6,10,0.4125,0.3928,0.9525,0.3301,0.0481
0,4,6,11,0.5640,0.5735,0.9660,0.4693,0.0231
0,4,7,0,0.4900,0.6546,0.9969,0.3946,0.0172
0,4,7,1,0.4667,0.4685,0.9599,0.3843,0.0327
0,4,7,2,0.4060,0.3990,0.9521,0.3251,0.0500
0,4,7,3,0.5505,0.5707,0.9840,0.4670,0.0114
0,4,7,4,0.4973,0.5148,0.9770,0.4094,0.0119
0,4,7,5,0.4805,0.4608,0.9868,0.3909,0.0220
0,4,7,6,0.4422,0.4224,0.9568,0.3576,0.0370
0,4,7,7,0.4368,0.4327,0.9566,0.3548,0.0413
0,4,7,8,0.5219,0.5274,0.9942,0.4337,0.0151
0,4,7,9,0.5045,0.4837,0.9917,0.4113,0.0098
0,4,7,10,0.3990,0.3869,0.9576,0.3163,0.0492
0,4,7,11,0.4167,0.4116,0.9552,0.3356,0.0484
0,4,8,0,0.4560,0.4220,0.9854,0.3683,0.0289
0,4,8,1,0.4125,0.4004,0.9593,0.3298,0.0454
0,4,8,2,0.4588,0.4468,0.9751,0.3695,0.0270
0,4,8,3,0.4341,0.4143,0.9619,0.3498,0.0386
0,4,8,4,0.5193,0.5416,0.9934,0.4270,0.0172
0,4,8,5,0.5449,0.5410,0.9999,0.4541,0.0114
0,4,8,6,0.4168,0.4020,0.9542,0.3334,0.0443
0,4,8,7,0.5088,0.5696,1.0000,0.4168,0.0160
0,4,8,8,0.5350,0.5435,0.9856,0.4489,0.0114
0,4,8,9,0.4970,0.4794,0.9679,0.4129,0.0210
0,4,8,10,0.5075,0.5100,0.9817,0.4240,0.0231
0,4,8,11,0.4257,0.4004,0.9560,0.3418,0.0425
0,4,9,0,0.4721,0.4498,0.9579,0.3888,0.0296
0,4,9,1,0.4205,0.4011,0.9641,0.3365,0.0424
0,4,9,2,0.4390,0.4168,0.9626,0.3544,0.0365
0,4,9,3,0.5638,0.6295,0.9787,0.4678,0.0241
0,4,9,4,0.4185,0.4115,0.9573,0.3348,0.0432
0,4,9,5,0.4720,0.4564,0.9618,0.3896,0.0327
0,4,9,6,0.4022,0.3825,0.9519,0.3204,0.0501
0,4,9,7,0.4795,0.4721,0.9685,0.3905,0.0178
0,4,9,8,0.4168,0.3962,0.9541,0.3337,0.0454
0,4,9,9,0.4030,0.3844,0.9541,0.3208,0.0497
0,4,9,10,0.5658,0.6092,1.0000,0.4779,0.0130
0,4,9,11,0.4024,0.3834,0.9546,0.3201,0.0498
0,4,10,0,0.4226,0.3971,0.9526,0.3401,0.0450
0,4,10,1,0.4167,0.3939,0.9532,0.3343,0.0464
0,4,10,2,0.4233,0.4039,0.9611,0.3401,0.0439
0,4,10,3,0.4356,0.4172,0.9812,0.3475,0.0335
0,4,10,4,0.4789,0.4815,0.9822,0.3912,0.0194
0,4,10,5,0.4925,0.5165,0.9938,0.4018,0.0106
0,4,10,6,0.4335,0.4046,0.9553,0.3498,0.0404
0,4,10,7,0.4477,0.4378,0.9659,0.3630,0.0357
0,4,10,8,0.4048,0.3829,0.9545,0.3227,0.0497
0,4,10,9,0.5336,0.6405,0.9936,0.4415,0.0071
0,4,10,10,0.4029,0.3811,0.9533,0.3206,0.0496
0,4,10,11,0.4791,0.5017,0.9919,0.3921,0.0219
0,4,11,0,0.5903,0.5861,0.8915,0.4861,0.0502
0,4,11,1,0.4682,0.4367,0.9831,0.3795,0.0249
0,4,11,2,0.4106,0.3894,0.9682,0.3258,0.0449
0,4,11,3,0.5503,0.5759,0.9927,0.4518,0.0209
0,4,11,4,0.4790,0.4483,0.9963,0.3881,0.0251
0,4,11,5,0.4231,0.4141,0.9720,0.3381,0.0395
0,4,11,6,0.4094,0.3871,0.9573,0.3262,0.0476
0,4,11,7,0.4611,0.4459,0.9803,0.3749,0.0294
0,4,11,8,0.4556,0.6518,0.9993,0.3385,0.0244
0,4,11,9,0.4207,0.4035,0.9600,0.3374,0.0450
0,4,11,10,0.5403,0.5704,0.9961,0.4476,0.0115
0,4,11,11,0.5173,0.5453,0.9932,0.4269,0.0119
0,5,0,0,0.3292,0.3668,0.9917,0.2138,0.0685
0,5,0,1,0.9841,0.9812,0.9978,0.9824,0.0063
0,5,0,2,0.3489,0.3861,0.9373,0.2305,0.0773
0,5,0,3,0.9708,0.9803,0.9981,0.9674,0.0101
0,5,0,4,0.7953,0.8156,0.9988,0.7685,0.0415
0,5,0,5,1.0000,1.0000,1.0000,1.0000,0.0000
0,5,0,6,0.3915,0.4386,0.9973,0.2858,0.0782
0,5,0,7,0.4279,0.4923,0.9563,0.3265,0.0830
0,5,0,8,0.3931,0.4954,0.9868,0.2841,0.0792
0,5,0,9,0.3801,0.4470,0.8780,0.2620,0.0872
0,5,0,10,0.6475,0.7067,0.9253,0.5946,0.0866
0,5,0,11,0.4570,0.5129,0.9520,0.3602,0.0798
0,5,1,0,0.3497,0.4219,0.9975,0.2382,0.0749
0,5,1,1,0.3577,0.4116,1.0000,0.2531,0.0614
0,5,1,2,0.3953,0.4393,0.9996,0.2932,0.0720
0,5,1,3,0.3938,0.4475,0.9648,0.2913,0.0603
0,5,1,4,0.3211,0.3557,1.0000,0.2120,0.0543
0,5,1,5,0.3248,0.3476,0.9976,0.2234,0.0450
0,5,1,6,0.3550,0.3836,0.9978,0.2521,0.0573
0,5,1,7,0.2796,0.3024,0.9996,0.1648,0.0538
0,5,1,8,0.2927,0.3303,0.9944,0.1786,0.0537
0,5,1,9,0.2434,0.2754,0.9986,0.1323,0.0395
0,5,1,10,0.6382,0.6580,0.9622,0.5829,0.0841
0,5,1,11,0.9650,0.9785,0.9999,0.9611,0.0185
0,5,2,0,0.3012,0.3739,0.9884,0.1792,0.0737
0,5,2,1,0.1980,0.2200,0.9799,0.0950,0.0176
0,5,2,2,0.3247,0.5734,0.9890,0.2202,0.0521
0,5,2,3,0.3052,0.4151,0.9999,0.1894,0.0676
0,5,2,4,0.2595,0.3525,0.9950,0.1485,0.0453
0,5,2,5,0.3736,0.4719,0.9899,0.2674,0.0710
0,5,2,6,0.2315,0.2609,0.9767,0.1356,0.0142
0,5,2,7,0.5523,0.5907,0.9828,0.4783,0.0805
0,5,2,8,0.3250,0.4230,0.9837,0.2120,0.0649
0,5,2,9,0.3215,0.4925,0.9855,0.2084,0.0657
0,5,2,10,0.4171,0.4653,0.9928,0.3181,0.0725
0,5,2,11,0.2565,0.2798,0.9859,0.1549,0.0278
0,5,3,0,0.2366,0.2624,0.9654,0.1476,0.0056
0,5,3,1,0.2678,0.3017,0.9855,0.1559,0.0496
0,5,3,2,0.2785,0.4933,0.9951,0.1646,0.0542
0,5,3,3,0.2229,0.2947,0.9918,0.1206,0.0245
0,5,3,4,0.1625,0.1881,0.9673,0.0686,0.0064
0,5,3,5,0.2283,0.2501,0.9992,0.1147,0.0408
0,5,3,6,0.3812,0.4580,0.9825,0.2735,0.0740
0,5,3,7,0.2830,0.5415,0.9995,0.1700,0.0568
0,5,3,8,0.3344,0.4111,0.9587,0.2228,0.0683
0,5,3,9,0.1785,0.2412,0.9886,0.0659,0.0317
0,5,3,10,0.3391,0.4066,0.9819,0.2469,0.0314
0,5,3,11,0.3160,0.4121,0.9996,0.2086,0.0569
0,5,4,0,0.2184,0.2852,0.9825,0.1128,0.0290
0,5,4,1,0.2455,0.2934,0.9909,0.1301,0.0498
0,5,4,2,0.1999,0.2197,0.9816,0.0988,0.0155
0,5,4,3,0.2618,0.3353,0.9996,0.1448,0.0573
0,5,4,4,0.2450,0.2952,0.9916,0.1448,0.0236
0,5,4,5,0.2723,0.4055,0.9997,0.1620,0.0485
0,5,4,6,0.2403,0.2884,0.9995,0.1235,0.0483
0,5,4,7,0.7679,0.7951,0.9997,0.7368,0.0447
0,5,4,8,0.1896,0.2190,0.9694,0.0919,0.0102
0,5,4,9,0.2392,0.3079,0.9555,0.1163,0.0572
0,5,4,10,0.1764,0.2005,0.9707,0.0836,0.0060
0,5,4,11,0.1194,0.6514,0.9659,0.0251,0.0105
0,5,5,0,0.2099,0.2588,0.9638,0.1168,0.0066
0,5,5,1,0.1566,0.1864,0.9645,0.0661,0.0100
0,5,5,2,0.2463,0.3711,0.9739,0.1226,0.0609
0,5,5,3,0.2730,0.3122,0.9374,0.1465,0.0699
0,5,5,4,0.3096,0.4618,0.9833,0.2009,0.0534
0,5,5,5,0.1785,0.2112,0.9713,0.0849,0.0046
0,5,5,6,0.1988,0.3513,0.9720,0.0943,0.0252
0,5,5,7,0.2134,0.2954,0.9999,0.1077,0.0252
0,5,5,8,0.2089,0.2512,0.9753,0.1099,0.0143
0,5,5,9,0.1653,0.1925,0.9699,0.0702,0.0068
0,5,5,10,0.2539,0.2992,0.9859,0.1564,0.0209
0,5,5,11,0.2494,0.2777,0.9802,0.1537,0.0157
0,5,6,0,0.2402,0.3462,0.9624,0.1109,0.0676
0,5,6,1,0.1827,0.2056,0.9768,0.0870,0.0056
0,5,6,2,0.1879,0.2152,0.9832,0.0887,0.0126
0,5,6,3,0.1879,0.2260,0.9765,0.0857,0.0173
0,5,6,4,0.2806,0.3153,0.9862,0.1742,0.0421
0,5,6,5,0.2551,0.2960,0.9881,0.1530,0.0290
0,5,6,6,0.2030,0.2323,0.9729,0.1100,0.0076
0,5,6,7,0.2651,0.3336,0.9877,0.1571,0.0418
0,5,6,8,0.2267,0.3482,0.9960,0.1137,0.0420
0,5,6,9,0.1591,0.1896,0.9671,0.0681,0.0093
0,5,6,10,0.1712,0.1959,0.9664,0.0786,0.0072
0,5,6,11,0.2645,0.3526,0.9520,0.1415,0.0635
0,5,7,0,0.2173,0.4641,0.9996,0.1041,0.0434
0,5,7,1,0.2411,0.2769,0.9726,0.1486,0.0093
0,5,7,2,0.1669,0.2026,0.9661,0.0761,0.0085
0,5,7,3,0.2693,0.3181,0.9916,0.1645,0.0384
0,5,7,4,0.2170,0.2616,0.9863,0.1106,0.0311
0,5,7,5,0.2186,0.2419,0.9936,0.1137,0.0239
0,5,7,6,0.1897,0.2153,0.9701,0.0925,0.0089
0,5,7,7,0.1909,0.2284,0.9699,0.0972,0.0043
0,5,7,8,0.2368,0.2864,0.9983,0.1279,0.0366
0,5,7,9,0.2318,0.2613,0.9841,0.1201,0.0403
0,5,7,10,0.1652,0.1989,0.9707,0.0735,0.0077
0,5,7,11,0.1748,0.2134,0.9687,0.0832,0.0070
0,5,8,0,0.2172,0.2324,0.9926,0.1182,0.0160
0,5,8,1,0.1702,0.2031,0.9721,0.0772,0.0042
0,5,8,2,0.2101,0.2414,0.9849,0.1082,0.0194
0,5,8,3,0.1906,0.2164,0.9743,0.0952,0.0058
0,5,8,4,0.2610,0.3069,0.9864,0.1518,0.0460
0,5,8,5,0.2424,0.2824,0.9994,0.1260,0.0513
0,5,8,6,0.1730,0.2010,0.9678,0.0791,0.0039
0,5,8,7,0.2360,0.3734,0.9990,0.1255,0.0436
0,5,8,8,0.2598,0.3033,0.9928,0.1539,0.0358
0,5,8,9,0.2429,0.2653,0.9792,0.1441,0.0213
0,5,8,10,0.2616,0.3100,0.9899,0.1640,0.0207
0,5,8,11,0.1748,0.1948,0.9694,0.0791,0.0066
0,5,9,0,0.2080,0.2263,0.9709,0.1097,0.0136
0,5,9,1,0.1794,0.2055,0.9760,0.0850,0.0033
0,5,9,2,0.1913,0.2112,0.9749,0.0948,0.0071
0,5,9,3,0.3155,0.4717,0.9673,0.2005,0.0656
0,5,9,4,0.1819,0.2124,0.9705,0.0884,0.0035
0,5,9,5,0.2309,0.2563,0.9742,0.1363,0.0117
0,5,9,6,0.1613,0.1862,0.9659,0.0696,0.0087
0,5,9,7,0.2157,0.2442,0.9796,0.1112,0.0247
0,5,9,8,0.1713,0.1948,0.9678,0.0774,0.0052
0,5,9,9,0.1633,0.1890,0.9678,0.0713,0.0083
0,5,9,10,0.2659,0.3400,0.9984,0.1517,0.0523
0,5,9,11,0.1621,0.1869,0.9682,0.0699,0.0084
0,5,10,0,0.1772,0.1966,0.9665,0.0836,0.0059
0,5,10,1,0.1713,0.1944,0.9670,0.0780,0.0060
0,5,10,2,0.1787,0.2022,0.9736,0.0846,0.0070
0,5,10,3,0.2036,0.2305,0.9896,0.1058,0.0114
0,5,10,4,0.2346,0.2651,0.9903,0.1341,0.0220
0,5,10,5,0.2261,0.2690,0.9981,0.1188,0.0361
0,5,10,6,0.1845,0.2018,0.9688,0.0890,0.0066
0,5,10,7,0.2122,0.2403,0.9776,0.1169,0.0108
0,5,10,8,0.1648,0.1881,0.9681,0.0728,0.0085
0,5,10,9,0.2800,0.4223,0.9980,0.1707,0.0462
0,5,10,10,0.1616,0.1851,0.9670,0.0694,0.0084
0,5,10,11,0.2222,0.2927,0.9969,0.1208,0.0232
0,5,11,0,0.5313,0.5791,0.8680,0.4496,0.0914
0,5,11,1,0.2169,0.2340,0.9910,0.1149,0.0194
0,5,11,2,0.1748,0.2001,0.9794,0.0805,0.0081
0,5,11,3,0.3257,0.4000,0.9855,0.2132,0.0605
0,5,11,4,0.2332,0.2536,0.9993,0.1293,0.0258
0,5,11,5,0.1863,0.2170,0.9824,0.0914,0.0059
0,5,11,6,0.1669,0.1910,0.9704,0.0735,0.0075
0,5,11,7,0.2228,0.2499,0.9889,0.1252,0.0139
0,5,11,8,0.5820,0.6686,0.9963,0.5179,0.0640
0,5,11,9,0.1772,0.2043,0.9727,0.0832,0.0062
0,5,11,10,0.3223,0.3862,0.9906,0.2179,0.0472
0,5,11,11,0.2539,0.3100,0.9977,0.1460,0.0363
0,6,0,0,0.9511,0.9623,0.9984,0.9368,0.0134
0,6,0,1,0.3299,0.4418,0.9903,0.2170,0.0842
0,6,0,2,0.9456,0.9407,0.9604,0.9286,0.0114
0,6,0,3,0.4745,0.4901,0.9999,0.3803,0.0720
0,6,0,4,0.7286,0.7153,0.9997,0.6678,0.0373
0,6,0,5,0.3915,0.4386,0.9973,0.2858,0.0782
0,6,0,6,1.0000,1.0000,1.0000,1.0000,0.0000
0,6,0,7,0.8954,0.9195,0.9752,0.8625,0.0093
0,6,0,8,0.7392,0.7808,0.9961,0.6565,0.0058
0,6,0,9,0.9232,0.9167,0.9108,0.8987,0.0140
0,6,0,10,0.8931,0.8811,0.9506,0.8583,0.0118
0,6,0,11,0.9416,0.9427,0.9719,0.9232,0.0142
0,6,1,0,0.9335,0.9526,1.0000,0.9142,0.0075
0,6,1,1,0.9157,0.9482,0.9975,0.8933,0.0178
0,6,1,2,0.9422,0.9624,0.9990,0.9255,0.0125
0,6,1,3,0.8795,0.8552,0.9815,0.8445,0.0317
0,6,1,4,0.9330,0.9372,0.9980,0.9162,0.0307
0,6,1,5,0.8874,0.9089,0.9897,0.8627,0.0342
0,6,1,6,0.9263,0.9408,0.9901,0.9079,0.0237
0,6,1,7,0.9356,0.9392,0.9946,0.9202,0.0265
0,6,1,8,0.8999,0.9203,0.9995,0.8742,0.0272
0,6,1,9,0.8689,0.8935,0.9921,0.8416,0.0395
0,6,1,10,0.5144,0.7705,0.9796,0.3605,0.0125
0,6,1,11,0.5311,0.5229,0.9962,0.4407,0.0641
0,6,2,0,0.9332,0.9620,0.9969,0.9134,0.0087
0,6,2,1,0.8428,0.8390,0.9626,0.8198,0.0619
0,6,2,2,0.7106,0.8265,0.9972,0.6379,0.0348
0,6,2,3,0.8679,0.9183,0.9983,0.8314,0.0138
0,6,2,4,0.8819,0.9039,0.9850,0.8563,0.0348
0,6,2,5,0.9097,0.9410,0.9977,0.8835,0.0125
0,6,2,6,0.8160,0.8277,0.9583,0.7895,0.0666
0,6,2,7,0.9581,0.9579,0.9937,0.9451,0.0071
0,6,2,8,0.8822,0.9210,0.9942,0.8493,0.0169
0,6,2,9,0.8837,0.8907,0.9953,0.8515,0.0169
0,6,2,10,0.9615,0.9669,0.9989,0.9502,0.0132
0,6,2,11,0.8625,0.8605,0.9709,0.8390,0.0533
0,6,3,0,0.7961,0.8071,0.9436,0.7712,0.0762
0,6,3,1,0.8592,0.8774,0.9953,0.8265,0.0349
0,6,3,2,0.6496,0.8084,0.9997,0.5591,0.0264
0,6,3,3,0.8059,0.8305,0.9797,0.7725,0.0584
0,6,3,4,0.7784,0.7847,0.9461,0.7534,0.0841
0,6,3,5,0.8944,0.8915,0.9936,0.8733,0.0384
0,6,3,6,0.8765,0.9150,0.9935,0.8392,0.0100
0,6,3,7,0.8135,0.8523,0.9991,0.7664,0.0248
0,6,3,8,0.8427,0.8818,0.9770,0.7984,0.0266
0,6,3,9,0.6810,0.7845,0.9970,0.6152,0.0491
0,6,3,10,0.8787,0.8907,0.9654,0.8572,0.0476
0,6,3,11,0.8625,0.9282,0.9947,0.8283,0.0236
0,6,4,0,0.7220,0.7994,0.9936,0.6670,0.0510
0,6,4,1,0.8595,0.8795,0.9981,0.8269,0.0325
0,6,4,2,0.8275,0.8290,0.9650,0.8025,0.0656
0,6,4,3,0.8893,0.8973,0.9949,0.8619,0.0230
0,6,4,4,0.8378,0.8525,0.9793,0.8110,0.0548
0,6,4,5,0.8241,0.8965,0.9951,0.7830,0.0357
0,6,4,6,0.8921,0.9087,0.9991,0.8675,0.0312
0,6,4,7,0.7950,0.7858,0.9989,0.7478,0.0384
0,6,4,8,0.8146,0.8153,0.9487,0.7907,0.0722
0,6,4,9,0.8556,0.8635,0.9746,0.8182,0.0278
0,6,4,10,0.7783,0.7878,0.9505,0.7529,0.0826
0,6,4,11,0.4849,0.6343,0.9442,0.4062,0.0887
0,6,5,0,0.7921,0.8158,0.9417,0.7655,0.0737
0,6,5,1,0.7594,0.7735,0.9425,0.7346,0.0882
0,6,5,2,0.8117,0.8395,0.9879,0.7612,0.0281
0,6,5,3,0.8978,0.9009,0.9605,0.8679,0.0122
0,6,5,4,0.8318,0.8710,0.9940,0.7894,0.0329
0,6,5,5,0.7806,0.7932,0.9511,0.7547,0.0809
0,6,5,6,0.8329,0.8448,0.9521,0.8064,0.0598
0,6,5,7,0.7872,0.8289,0.9960,0.7478,0.0561
0,6,5,8,0.8193,0.8507,0.9565,0.7933,0.0647
0,6,5,9,0.7837,0.7881,0.9494,0.7585,0.0824
0,6,5,10,0.8393,0.8497,0.9710,0.8140,0.0579
0,6,5,11,0.8247,0.8313,0.9630,0.7982,0.0624
0,6,6,0,0.8444,0.8828,0.9798,0.8006,0.0251
0,6,6,1,0.7848,0.7826,0.9584,0.7572,0.0757
0,6,6,2,0.8077,0.8130,0.9671,0.7813,0.0716
0,6,6,3,0.8225,0.8302,0.9580,0.7968,0.0614
0,6,6,4,0.9068,0.9196,0.9713,0.8883,0.0387
0,6,6,5,0.8613,0.8659,0.9742,0.8372,0.0508
0,6,6,6,0.7882,0.7991,0.9533,0.7617,0.0779
0,6,6,7,0.8966,0.9010,0.9735,0.8760,0.0366
0,6,6,8,0.8609,0.8915,0.9868,0.8320,0.0396
0,6,6,9,0.7594,0.7728,0.9459,0.7338,0.0875
0,6,6,10,0.7769,0.7840,0.9449,0.7520,0.0849
0,6,6,11,0.8321,0.8639,0.9719,0.7857,0.0247
0,6,7,0,0.7285,0.8410,0.9947,0.6683,0.0421
0,6,7,1,0.8090,0.8184,0.9529,0.7831,0.0694
0,6,7,2,0.7639,0.7812,0.9445,0.7386,0.0867
0,6,7,3,0.8727,0.8994,0.9794,0.8478,0.0403
0,6,7,4,0.8351,0.8606,0.9716,0.8057,0.0476
0,6,7,5,0.8420,0.8419,0.9826,0.8152,0.0559
0,6,7,6,0.8110,0.8070,0.9496,0.7869,0.0737
0,6,7,7,0.7921,0.8016,0.9494,0.7671,0.0781
0,6,7,8,0.8492,0.8705,0.9914,0.8192,0.0466
0,6,7,9,0.8141,0.8203,0.9945,0.7742,0.0405
0,6,7,10,0.7642,0.7765,0.9504,0.7382,0.0859
0,6,7,11,0.7716,0.7873,0.9478,0.7461,0.0851
0,6,8,0,0.8007,0.8041,0.9810,0.7697,0.0653
0,6,8,1,0.7760,0.7873,0.9522,0.7506,0.0821
0,6,8,2,0.8324,0.8323,0.9695,0.8068,0.0622
0,6,8,3,0.7957,0.7981,0.9551,0.7699,0.0753
0,6,8,4,0.7728,0.8501,0.9958,0.7210,0.0411
0,6,8,5,0.8795,0.8866,0.9993,0.8517,0.0274
0,6,8,6,0.7848,0.7899,0.9467,0.7600,0.0811
0,6,8,7,0.7370,0.8257,0.9996,0.6787,0.0394
0,6,8,8,0.8835,0.9030,0.9813,0.8616,0.0434
0,6,8,9,0.8408,0.8367,0.9616,0.8159,0.0577
0,6,8,10,0.8348,0.8450,0.9768,0.8075,0.0585
0,6,8,11,0.7961,0.7973,0.9487,0.7718,0.0792
0,6,9,0,0.8231,0.8264,0.9507,0.7985,0.0664
0,6,9,1,0.7845,0.7913,0.9574,0.7584,0.0791
0,6,9,2,0.8034,0.7992,0.9559,0.7782,0.0732
0,6,9,3,0.7871,0.8327,0.9833,0.7270,0.0192
0,6,9,4,0.7834,0.7927,0.9501,0.7578,0.0799
0,6,9,5,0.8138,0.8206,0.9550,0.7881,0.0694
0,6,9,6,0.7684,0.7776,0.9443,0.7437,0.0868
0,6,9,7,0.8565,0.8587,0.9622,0.8336,0.0543
0,6,9,8,0.7857,0.7893,0.9467,0.7613,0.0821
0,6,9,9,0.7692,0.7794,0.9466,0.7441,0.0864
0,6,9,10,0.8422,0.8899,0.9998,0.8038,0.0261
0,6,9,11,0.7690,0.7793,0.9472,0.7439,0.0866
0,6,10,0,0.7866,0.7878,0.9450,0.7621,0.0817
0,6,10,1,0.7809,0.7827,0.9456,0.7562,0.0832
0,6,10,2,0.7868,0.7957,0.9542,0.7616,0.0807
0,6,10,3,0.7926,0.8002,0.9763,0.7625,0.0704
0,6,10,4,0.8283,0.8399,0.9774,0.8003,0.0564
0,6,10,5,0.8134,0.8300,0.9908,0.7773,0.0426
0,6,10,6,0.7986,0.7957,0.9479,0.7739,0.0771
0,6,10,7,0.8028,0.8101,0.9595,0.7761,0.0724
0,6,10,8,0.7686,0.7777,0.9471,0.7433,0.0864
0,6,10,9,0.8606,0.8823,0.9906,0.8286,0.0336
0,6,10,10,0.7698,0.7768,0.9457,0.7448,0.0863
0,6,10,11,0.7613,0.8156,0.9885,0.7188,0.0581
0,6,11,0,0.7618,0.7450,0.9021,0.6799,0.0143
0,6,11,1,0.8330,0.8252,0.9784,0.8066,0.0614
0,6,11,2,0.7754,0.7816,0.9619,0.7482,0.0816
0,6,11,3,0.8824,0.8794,0.9953,0.8497,0.0237
0,6,11,4,0.8323,0.8290,0.9939,0.8024,0.0571
0,6,11,5,0.7846,0.7915,0.9661,0.7574,0.0765
0,6,11,6,0.7763,0.7808,0.9501,0.7509,0.0843
0,6,11,7,0.8128,0.8183,0.9753,0.7851,0.0661
0,6,11,8,0.4258,0.6925,0.9999,0.2685,0.0220
0,6,11,9,0.7836,0.7905,0.9530,0.7580,0.0817
0,6,11,10,0.8592,0.8747,0.9980,0.8255,0.0375
0,6,11,11,0.8615,0.8902,0.9901,0.8334,0.0434
0,7,0,0,0.8545,0.8781,0.9860,0.8104,0.0211
0,7,0,1,0.3910,0.4970,0.9349,0.2870,0.0888
0,7,0,2,0.8877,0.8859,0.9983,0.8503,0.0152
0,7,0,3,0.5180,0.5460,0.9726,0.4307,0.0758
0,7,0,4,0.6788,0.7442,0.9696,0.6039,0.0418
0,7,0,5,0.4279,0.4923,0.9563,0.3265,0.0830
0,7,0,6,0.8954,0.9195,0.9752,0.8625,0.0093
0,7,0,7,1.0000,1.0000,1.0000,1.0000,0.0000
0,7,0,8,0.8142,0.7661,0.9910,0.7523,0.0106
0,7,0,9,0.9132,0.8975,0.9796,0.8826,0.0157
0,7,0,10,0.8792,0.8648,0.9957,0.8367,0.0101
0,7,0,11,0.8930,0.8905,0.9999,0.8563,0.0172
0,7,1,0,0.9190,0.9499,0.9745,0.8947,0.0100
0,7,1,1,0.9102,0.9159,0.9571,0.8863,0.0224
0,7,1,2,0.9180,0.9145,0.9641,0.8937,0.0194
0,7,1,3,0.7965,0.7736,0.9995,0.7348,0.0342
0,7,1,4,0.8348,0.8351,0.9591,0.7905,0.0382
0,7,1,5,0.8269,0.8297,0.9335,0.7868,0.0386
0,7,1,6,0.8308,0.8504,0.9345,0.7857,0.0270
0,7,1,7,0.8333,0.8265,0.9471,0.7899,0.0340
0,7,1,8,0.8406,0.8287,0.9817,0.7980,0.0323
0,7,1,9,0.7844,0.7708,0.9396,0.7357,0.0441
0,7,1,10,0.6137,0.7757,0.9998,0.4850,0.0105
0,7,1,11,0.5445,0.5555,0.9523,0.4546,0.0677
0,7,2,0,0.8903,0.9211,0.9896,0.8568,0.0104
0,7,2,1,0.6944,0.6925,0.8787,0.6381,0.0668
0,7,2,2,0.8850,0.9142,0.9890,0.8580,0.0341
0,7,2,3,0.9126,0.9343,0.9604,0.8884,0.0160
0,7,2,4,0.8182,0.8244,0.9223,0.7763,0.0386
0,7,2,5,0.9600,0.9632,0.9880,0.9486,0.0129
0,7,2,6,0.7108,0.6918,0.8712,0.6614,0.0710
0,7,2,7,0.9297,0.9361,0.9938,0.9065,0.0077
0,7,2,8,0.8832,0.9069,0.9933,0.8499,0.0186
0,7,2,9,0.8767,0.9243,0.9920,0.8417,0.0176
0,7,2,10,0.8940,0.9136,0.9845,0.8615,0.0213
0,7,2,11,0.7384,0.7291,0.8938,0.6857,0.0581
0,7,3,0,0.6458,0.6547,0.8469,0.5895,0.0811
0,7,3,1,0.8170,0.7923,0.9920,0.7729,0.0369
0,7,3,2,0.8263,0.8713,0.9806,0.7818,0.0302
0,7,3,3,0.7040,0.7076,0.9111,0.6471,0.0624
0,7,3,4,0.6307,0.6259,0.8509,0.5758,0.0889
0,7,3,5,0.7705,0.7662,0.9438,0.7180,0.0436
0,7,3,6,0.9166,0.9411,0.9940,0.8904,0.0096
0,7,3,7,0.8349,0.8739,0.9649,0.7929,0.0273
0,7,3,8,0.8918,0.9124,1.0000,0.8608,0.0228
0,7,3,9,0.6641,0.7312,0.9894,0.5929,0.0523
0,7,3,10,0.7642,0.7807,0.8836,0.7152,0.0519
0,7,3,11,0.8297,0.8907,0.9473,0.7862,0.0264
0,7,4,0,0.6951,0.7709,0.9940,0.6330,0.0548
0,7,4,1,0.7891,0.7881,0.9869,0.7376,0.0348
0,7,4,2,0.6973,0.6876,0.8829,0.6435,0.0704
0,7,4,3,0.8132,0.8100,0.9477,0.7648,0.0257
0,7,4,4,0.7197,0.7295,0.9103,0.6657,0.0597
0,7,4,5,0.7889,0.8395,0.9486,0.7381,0.0379
0,7,4,6,0.8061,0.8166,0.9648,0.7587,0.0374
0,7,4,7,0.7809,0.7772,0.9635,0.7295,0.0412
0,7,4,8,0.6759,0.6685,0.8552,0.6225,0.0770
0,7,4,9,0.7945,0.7908,1.0000,0.7392,0.0279
0,7,4,10,0.6342,0.6297,0.8580,0.5794,0.0875
0,7,4,11,0.6131,0.7142,0.8479,0.5597,0.0935
0,7,5,0,0.6647,0.6960,0.8438,0.6114,0.0781
0,7,5,1,0.6082,0.6109,0.8451,0.5533,0.0930
0,7,5,2,0.7785,0.7849,0.9977,0.7171,0.0272
0,7,5,3,0.8492,0.8498,0.9983,0.8034,0.0157
0,7,5,4,0.8142,0.8847,0.9935,0.7663,0.0328
0,7,5,5,0.6346,0.6385,0.8592,0.5787,0.0858
0,7,5,6,0.7197,0.7375,0.8607,0.6676,0.0634
0,7,5,7,0.6961,0.7204,0.9514,0.6350,0.0597
0,7,5,8,0.6889,0.7136,0.8681,0.6343,0.0690
0,7,5,9,0.6367,0.6296,0.8562,0.5813,0.0872
0,7,5,10,0.7072,0.7155,0.8939,0.6517,0.0627
0,7,5,11,0.7138,0.7032,0.8794,0.6629,0.0673
0,7,6,0,0.8516,0.8592,0.9998,0.8086,0.0207
0,7,6,1,0.6451,0.6303,0.8714,0.5881,0.0805
0,7,6,2,0.6717,0.6670,0.8868,0.6160,0.0765
0,7,6,3,0.6918,0.6905,0.8707,0.6372,0.0665
0,7,6,4,0.7823,0.7926,0.8946,0.7322,0.0430
0,7,6,5,0.7442,0.7460,0.9000,0.6925,0.0559
0,7,6,6,0.6478,0.6466,0.8628,0.5920,0.0828
0,7,6,7,0.7902,0.8068,0.8987,0.7429,0.0415
0,7,6,8,0.7746,0.7975,0.9264,0.7239,0.0429
0,7,6,9,0.6084,0.6107,0.8505,0.5526,0.0924
0,7,6,10,0.6287,0.6233,0.8489,0.5736,0.0897
0,7,6,11,0.8106,0.8312,0.9999,0.7565,0.0232
0,7,7,0,0.7575,0.8211,0.9472,0.7036,0.0438
0,7,7,1,0.6830,0.6746,0.8621,0.6301,0.0742
0,7,7,2,0.6154,0.6209,0.8483,0.5603,0.0916
0,7,7,3,0.7708,0.7956,0.9104,0.7208,0.0459
0,7,7,4,0.7292,0.7379,0.8950,0.6749,0.0527
0,7,7,5,0.7224,0.7072,0.9171,0.6678,0.0607
0,7,7,6,0.6667,0.6533,0.8566,0.6119,0.0786
0,7,7,7,0.6513,0.6488,0.8562,0.5972,0.0829
0,7,7,8,0.7456,0.7534,0.9377,0.6900,0.0496
0,7,7,9,0.7328,0.7309,0.9930,0.6718,0.0438
0,7,7,10,0.6133,0.6152,0.8579,0.5570,0.0908
0,7,7,11,0.6219,0.6297,0.8537,0.5661,0.0900
0,7,8,0,0.6742,0.6631,0.9137,0.6150,0.0702
0,7,8,1,0.6291,0.6270,0.8609,0.5738,0.0870
0,7,8,2,0.7001,0.6888,0.8911,0.6447,0.0670
0,7,8,3,0.6504,0.6417,0.8658,0.5939,0.0802
0,7,8,4,0.7437,0.8056,0.9913,0.6836,0.0436
0,7,8,5,0.7956,0.7929,0.9660,0.7454,0.0317
0,7,8,6,0.6408,0.6318,0.8519,0.5864,0.0859
0,7,8,7,0.7327,0.7954,0.9684,0.6723,0.0411
0,7,8,8,0.7590,0.7797,0.9142,0.7064,0.0483
0,7,8,9,0.7175,0.6986,0.8770,0.6648,0.0626
0,7,8,10,0.7125,0.7092,0.9051,0.6571,0.0634
0,7,8,11,0.6456,0.6397,0.8552,0.5900,0.0841
0,7,9,0,0.6865,0.6879,0.8585,0.6322,0.0707
0,7,9,1,0.6413,0.6334,0.8697,0.5856,0.0840
0,7,9,2,0.6606,0.6465,0.8671,0.6052,0.0781
0,7,9,3,0.8167,0.8407,0.9992,0.7633,0.0201
0,7,9,4,0.6430,0.6362,0.8575,0.5884,0.0847
0,7,9,5,0.6785,0.6743,0.8656,0.6235,0.0742
0,7,9,6,0.6171,0.6145,0.8480,0.5620,0.0917
0,7,9,7,0.7221,0.7129,0.8781,0.6682,0.0586
0,7,9,8,0.6342,0.6290,0.8519,0.5788,0.0870
0,7,9,9,0.6198,0.6168,0.8518,0.5647,0.0913
0,7,9,10,0.8079,0.8433,0.9711,0.7597,0.0307
0,7,9,11,0.6204,0.6172,0.8526,0.5654,0.0914
0,7,10,0,0.6363,0.6276,0.8492,0.5809,0.0866
0,7,10,1,0.6294,0.6215,0.8502,0.5737,0.0880
0,7,10,2,0.6418,0.6368,0.8643,0.5867,0.0855
0,7,10,3,0.6613,0.6510,0.9042,0.6026,0.0753
0,7,10,4,0.7141,0.7151,0.9063,0.6600,0.0610
0,7,10,5,0.7321,0.7562,0.9363,0.6763,0.0470
0,7,10,6,0.6499,0.6381,0.8539,0.5941,0.0820
0,7,10,7,0.6655,0.6644,0.8732,0.6094,0.0773
0,7,10,8,0.6191,0.6157,0.8525,0.5636,0.0913
0,7,10,9,0.7851,0.8276,0.9358,0.7331,0.0379
0,7,10,10,0.6190,0.6141,0.8503,0.5636,0.0912
0,7,10,11,0.7062,0.7266,0.9305,0.6510,0.0619
0,7,11,0,0.8207,0.7648,0.9753,0.7554,0.0110
0,7,11,1,0.7001,0.6780,0.9084,0.6435,0.0662
0,7,11,2,0.6304,0.6239,0.8775,0.5732,0.0864
0,7,11,3,0.8251,0.8014,0.9920,0.7747,0.0257
0,7,11,4,0.7097,0.6931,0.9448,0.6508,0.0614
0,7,11,5,0.6495,0.6384,0.8849,0.5940,0.0808
0,7,11,6,0.6268,0.6200,0.8574,0.5709,0.0892
0,7,11,7,0.6765,0.6724,0.9021,0.6186,0.0710
0,7,11,8,0.5981,0.7288,0.9778,0.4836,0.0209
0,7,11,9,0.6384,0.6334,0.8623,0.5829,0.0866
0,7,11,10,0.7984,0.7867,0.9873,0.7480,0.0392
0,7,11,11,0.7623,0.7839,0.9344,0.7094,0.0478
0,8,0,0,0.7498,0.7786,0.9994,0.6734,0.0121
0,8,0,1,0.4065,0.5352,0.9740,0.3058,0.0853
0,8,0,2,0.8207,0.8082,0.9813,0.7611,0.0091
0,8,0,3,0.4409,0.4912,0.9950,0.3363,0.0733
0,8,0,4,0.5236,0.5711,0.9936,0.4086,0.0380
0,8,0,5,0.3931,0.4954,0.9868,0.2841,0.0792
0,8,0,6,0.7392,0.7808,0.9961,0.6565,0.0058
0,8,0,7,0.8142,0.7661,0.9910,0.7523,0.0106
0,8,0,8,1.0000,1.0000,1.0000,1.0000,0.0000
0,8,0,9,0.8919,0.8713,0.9439,0.8536,0.0122
0,8,0,10,0.8525,0.8486,0.9744,0.8005,0.0102
0,8,0,11,0.8480,0.8544,0.9890,0.7958,0.0113
0,8,1,0,0.7449,0.7694,0.9958,0.6670,0.0088
0,8,1,1,0.7674,0.7238,0.9873,0.7018,0.0189
0,8,1,2,0.8074,0.7652,0.9910,0.7491,0.0146
0,8,1,3,0.7723,0.7615,0.9946,0.7031,0.0283
0,8,1,4,0.7486,0.7336,0.9884,0.6797,0.0296
0,8,1,5,0.7236,0.6983,0.9731,0.6557,0.0353
0,8,1,6,0.7194,0.7253,0.9738,0.6425,0.0253
0,8,1,7,0.7492,0.7288,0.9815,0.6821,0.0268
0,8,1,8,0.7963,0.7689,0.9984,0.7411,0.0264
0,8,1,9,0.7514,0.7160,0.9770,0.6941,0.0403
0,8,1,10,0.6353,0.7631,0.9936,0.5138,0.0140
0,8,1,11,0.5083,0.5407,0.9846,0.4099,0.0652
0,8,2,0,0.7703,0.7874,1.0000,0.6993,0.0108
0,8,2,1,0.6389,0.6434,0.9348,0.5695,0.0630
0,8,2,2,0.6333,0.6937,0.9999,0.5369,0.0356
0,8,2,3,0.7571,0.7500,0.9891,0.6870,0.0161
0,8,2,4,0.7232,0.7003,0.9658,0.6561,0.0363
0,8,2,5,0.7481,0.7241,0.9998,0.6716,0.0130
0,8,2,6,0.6445,0.6240,0.9291,0.5799,0.0677
0,8,2,7,0.7706,0.7579,0.9997,0.6947,0.0076
0,8,2,8,0.7491,0.7677,0.9998,0.6757,0.0174
0,8,2,9,0.6492,0.6788,1.0000,0.5466,0.0177
0,8,2,10,0.7587,0.7537,0.9991,0.6840,0.0132
0,8,2,11,0.6684,0.6491,0.9458,0.5984,0.0543
0,8,3,0,0.5960,0.6065,0.9105,0.5287,0.0773
0,8,3,1,0.7586,0.7429,1.0000,0.6988,0.0362
0,8,3,2,0.6825,0.7685,0.9980,0.5978,0.0272
0,8,3,3,0.6453,0.6702,0.9581,0.5743,0.0594
0,8,3,4,0.5921,0.5891,0.9136,0.5287,0.0851
0,8,3,5,0.7148,0.7073,0.9796,0.6477,0.0397
0,8,3,6,0.7483,0.7443,0.9997,0.6685,0.0115
0,8,3,7,0.6636,0.6837,0.9914,0.5738,0.0269
0,8,3,8,0.7492,0.8082,0.9921,0.6754,0.0274
0,8,3,9,0.6294,0.7029,0.9999,0.5497,0.0506
0,8,3,10,0.6708,0.6688,0.9384,0.5984,0.0487
0,8,3,11,0.6880,0.7026,0.9817,0.6050,0.0254
0,8,4,0,0.5866,0.6426,0.9997,0.4981,0.0526
0,8,4,1,0.7177,0.7516,0.9996,0.6468,0.0341
0,8,4,2,0.6400,0.6276,0.9378,0.5728,0.0666
0,8,4,3,0.6889,0.6854,0.9819,0.6056,0.0248
0,8,4,4,0.6510,0.6528,0.9575,0.5804,0.0559
0,8,4,5,0.7016,0.7182,0.9824,0.6274,0.0375
0,8,4,6,0.7253,0.7236,0.9914,0.6559,0.0320
0,8,4,7,0.5966,0.5989,0.9907,0.4962,0.0392
0,8,4,8,0.6200,0.6112,0.9169,0.5540,0.0732
0,8,4,9,0.7712,0.7857,0.9906,0.7092,0.0283
0,8,4,10,0.5934,0.5964,0.9191,0.5297,0.0837
0,8,4,11,0.4383,0.6119,0.9113,0.3479,0.0897
0,8,5,0,0.5980,0.6106,0.9081,0.5299,0.0748
0,8,5,1,0.5725,0.5815,0.9091,0.5101,0.0892
0,8,5,2,0.7231,0.7613,0.9978,0.6456,0.0273
0,8,5,3,0.7735,0.7835,0.9814,0.7044,0.0138
0,8,5,4,0.6901,0.7314,0.9998,0.6075,0.0337
0,8,5,5,0.5902,0.6050,0.9200,0.5246,0.0820
0,8,5,6,0.6239,0.6450,0.9211,0.5489,0.0611
0,8,5,7,0.6586,0.7104,0.9841,0.5884,0.0567
0,8,5,8,0.6241,0.6457,0.9268,0.5545,0.0657
0,8,5,9,0.5988,0.5947,0.9177,0.5351,0.0834
0,8,5,10,0.6362,0.6494,0.9459,0.5639,0.0589
0,8,5,11,0.6494,0.6360,0.9352,0.5834,0.0635
0,8,6,0,0.7197,0.7620,0.9937,0.6371,0.0266
0,8,6,1,0.6088,0.6099,0.9293,0.5438,0.0767
0,8,6,2,0.6292,0.6200,0.9407,0.5638,0.0727
0,8,6,3,0.6373,0.6311,0.9287,0.5700,0.0630
0,8,6,4,0.6838,0.6921,0.9464,0.6077,0.0397
0,8,6,5,0.6702,0.6585,0.9503,0.6002,0.0518
0,8,6,6,0.6070,0.6087,0.9227,0.5421,0.0790
0,8,6,7,0.6846,0.6759,0.9493,0.6097,0.0376
0,8,6,8,0.6848,0.7097,0.9685,0.6108,0.0412
0,8,6,9,0.5733,0.5858,0.9133,0.5101,0.0885
0,8,6,10,0.5869,0.5903,0.9121,0.5228,0.0859
0,8,6,11,0.7520,0.7996,0.9890,0.6806,0.0252
0,8,7,0,0.6335,0.7284,0.9816,0.5475,0.0439
0,8,7,1,0.6253,0.6234,0.9223,0.5591,0.0704
0,8,7,2,0.5777,0.5890,0.9116,0.5145,0.0878
0,8,7,3,0.6773,0.6809,0.9576,0.6034,0.0413
0,8,7,4,0.6533,0.6706,0.9467,0.5804,0.0492
0,8,7,5,0.6656,0.6502,0.9623,0.5972,0.0569
0,8,7,6,0.6163,0.6090,0.9180,0.5501,0.0748
0,8,7,7,0.6038,0.6043,0.9177,0.5391,0.0791
0,8,7,8,0.6688,0.6970,0.9758,0.5936,0.0479
0,8,7,9,0.6855,0.7190,0.9999,0.6123,0.0418
0,8,7,10,0.5789,0.5920,0.9190,0.5152,0.0870
0,8,7,11,0.5825,0.5951,0.9158,0.5183,0.0862
0,8,8,0,0.6493,0.6407,0.9599,0.5842,0.0664
0,8,8,1,0.5933,0.5982,0.9213,0.5302,0.0832
0,8,8,2,0.6568,0.6411,0.9439,0.5912,0.0632
0,8,8,3,0.6123,0.6089,0.9250,0.5472,0.0763
0,8,8,4,0.6493,0.7425,1.0000,0.5643,0.0421
0,8,8,5,0.7045,0.7285,0.9919,0.6296,0.0285
0,8,8,6,0.6009,0.5976,0.9144,0.5378,0.0821
0,8,8,7,0.6476,0.7307,0.9931,0.5652,0.0412
0,8,8,8,0.6867,0.6941,0.9603,0.6156,0.0445
0,8,8,9,0.6597,0.6386,0.9334,0.5932,0.0588
0,8,8,10,0.6663,0.6534,0.9539,0.5998,0.0596
0,8,8,11,0.6030,0.5999,0.9169,0.5379,0.0803
0,8,9,0,0.6205,0.6175,0.9195,0.5511,0.0677
0,8,9,1,0.6053,0.6063,0.9280,0.5417,0.0802
0,8,9,2,0.6180,0.6108,0.9260,0.5529,0.0742
0,8,9,3,0.7246,0.8133,0.9956,0.6436,0.0181
0,8,9,4,0.5994,0.6021,0.9187,0.5353,0.0809
0,8,9,5,0.6220,0.6207,0.9249,0.5540,0.0704
0,8,9,6,0.5799,0.5857,0.9114,0.5169,0.0879
0,8,9,7,0.6583,0.6513,0.9343,0.5889,0.0554
0,8,9,8,0.5924,0.5941,0.9143,0.5278,0.0832
0,8,9,9,0.5831,0.5889,0.9143,0.5201,0.0875
0,8,9,10,0.6888,0.7385,0.9943,0.6077,0.0274
0,8,9,11,0.5838,0.5875,0.9149,0.5210,0.0876
0,8,10,0,0.5928,0.5929,0.9123,0.5279,0.0828
0,8,10,1,0.5907,0.5909,0.9130,0.5266,0.0842
0,8,10,2,0.5977,0.6023,0.9239,0.5330,0.0817
0,8,10,3,0.6408,0.6383,0.9533,0.5773,0.0712
0,8,10,4,0.6624,0.6571,0.9547,0.5959,0.0575
0,8,10,5,0.6372,0.6971,0.9749,0.5577,0.0439
0,8,10,6,0.6053,0.5997,0.9159,0.5396,0.0782
0,8,10,7,0.6228,0.6201,0.9306,0.5570,0.0735
0,8,10,8,0.5833,0.5872,0.9148,0.5202,0.0875
0,8,10,9,0.6655,0.7189,0.9746,0.5813,0.0333
0,8,10,10,0.5831,0.5857,0.9131,0.5200,0.0874
0,8,10,11,0.6291,0.6459,0.9712,0.5555,0.0597
0,8,11,0,0.8411,0.8456,0.9369,0.7833,0.0138
0,8,11,1,0.6615,0.6385,0.9562,0.5957,0.0622
0,8,11,2,0.5987,0.6012,0.9339,0.5345,0.0826
0,8,11,3,0.7708,0.7590,1.0000,0.7042,0.0222
0,8,11,4,0.6753,0.6588,0.9802,0.6080,0.0568
0,8,11,5,0.6100,0.6161,0.9393,0.5458,0.0775
0,8,11,6,0.5900,0.5916,0.9186,0.5261,0.0854
0,8,11,7,0.6282,0.6391,0.9518,0.5591,0.0672
0,8,11,8,0.6443,0.7954,0.9971,0.5432,0.0236
0,8,11,9,0.5970,0.5996,0.9223,0.5323,0.0828
0,8,11,10,0.7395,0.7233,0.9997,0.6729,0.0357
0,8,11,11,0.6877,0.6896,0.9737,0.6155,0.0437
0,9,0,0,0.9422,0.9407,0.9324,0.9260,0.0190
0,9,0,1,0.3421,0.4561,0.8446,0.2208,0.0933
0,9,0,2,0.9758,0.9751,0.9898,0.9679,0.0102
0,9,0,3,0.4321,0.4573,0.9060,0.3199,0.0813
0,9,0,4,0.6164,0.6191,0.9006,0.5213,0.0460
0,9,0,5,0.3801,0.4470,0.8780,0.2620,0.0872
0,9,0,6,0.9232,0.9167,0.9108,0.8987,0.0140
0,9,0,7,0.9132,0.8975,0.9796,0.8826,0.0157
0,9,0,8,0.8919,0.8713,0.9439,0.8536,0.0122
0,9,0,9,1.0000,1.0000,1.0000,1.0000,0.0000
0,9,0,10,0.9371,0.9356,0.9940,0.9130,0.0146
0,9,0,11,0.9682,0.9674,0.9824,0.9566,0.0075
0,9,1,0,0.9090,0.8942,0.9096,0.8817,0.0205
0,9,1,1,0.9291,0.9044,0.8793,0.9124,0.0266
0,9,1,2,0.9472,0.9252,0.8911,0.9330,0.0168
0,9,1,3,0.9279,0.9180,0.9730,0.9070,0.0316
0,9,1,4,0.9312,0.9157,0.8827,0.9166,0.0348
0,9,1,5,0.9018,0.8855,0.8424,0.8845,0.0433
0,9,1,6,0.8953,0.8881,0.8440,0.8698,0.0341
0,9,1,7,0.9293,0.9073,0.8633,0.9153,0.0348
0,9,1,8,0.9422,0.9298,0.9235,0.9311,0.0338
0,9,1,9,0.9041,0.8797,0.8516,0.8901,0.0483
0,9,1,10,0.6253,0.8477,0.9752,0.4906,0.0126
0,9,1,11,0.4975,0.4969,0.8715,0.3917,0.0732
0,9,2,0,0.9404,0.9344,0.9406,0.9230,0.0180
0,9,2,1,0.8366,0.8104,0.7649,0.8178,0.0710
0,9,2,2,0.7292,0.7723,0.9390,0.6568,0.0428
0,9,2,3,0.8779,0.8603,0.8849,0.8434,0.0241
0,9,2,4,0.8987,0.8752,0.8259,0.8810,0.0446
0,9,2,5,0.9050,0.8913,0.9369,0.8767,0.0220
0,9,2,6,0.8303,0.8029,0.7548,0.8128,0.0757
0,9,2,7,0.9107,0.8996,0.9513,0.8796,0.0122
0,9,2,8,0.8963,0.8918,0.9498,0.8671,0.0252
0,9,2,9,0.7973,0.7983,0.9464,0.7362,0.0260
0,9,2,10,0.9403,0.9303,0.9291,0.9228,0.0165
0,9,2,11,0.8610,0.8322,0.7855,0.8420,0.0623
0,9,3,0,0.7911,0.7736,0.7228,0.7712,0.0853
0,9,3,1,0.9120,0.9010,0.9465,0.8965,0.0447
0,9,3,2,0.7338,0.7891,0.9212,0.6606,0.0354
0,9,3,3,0.8202,0.8145,0.8097,0.7941,0.0674
0,9,3,4,0.7852,0.7606,0.7279,0.7683,0.0931
0,9,3,5,0.8968,0.8811,0.8581,0.8805,0.0475
0,9,3,6,0.8608,0.8502,0.9518,0.8147,0.0174
0,9,3,7,0.7848,0.7748,0.8925,0.7275,0.0367
0,9,3,8,0.8992,0.9114,0.9779,0.8706,0.0331
0,9,3,9,0.7329,0.7871,0.9401,0.6788,0.0589
0,9,3,10,0.8642,0.8391,0.7715,0.8436,0.0567
0,9,3,11,0.8473,0.8398,0.8636,0.8092,0.0353
0,9,4,0,0.7233,0.7576,0.9517,0.6682,0.0606
0,9,4,1,0.8963,0.8920,0.9344,0.8762,0.0426
0,9,4,2,0.8323,0.8062,0.7705,0.8140,0.0746
0,9,4,3,0.8562,0.8388,0.8643,0.8203,0.0336
0,9,4,4,0.8485,0.8387,0.8085,0.8292,0.0639
0,9,4,5,0.8375,0.8383,0.8656,0.8006,0.0466
0,9,4,6,0.9099,0.8993,0.8924,0.8934,0.0392
0,9,4,7,0.7020,0.6757,0.8900,0.6271,0.0478
0,9,4,8,0.8167,0.7861,0.7336,0.7996,0.0812
0,9,4,9,0.9219,0.9151,0.9802,0.9049,0.0361
0,9,4,10,0.7858,0.7664,0.7373,0.7685,0.0917
0,9,4,11,0.4799,0.5777,0.7241,0.3955,0.0977
0,9,5,0,0.8000,0.7857,0.7187,0.7811,0.0828
0,9,5,1,0.7667,0.7495,0.7204,0.7501,0.0972
0,9,5,2,0.8825,0.8854,0.9637,0.8517,0.0353
0,9,5,3,0.9391,0.9415,0.9897,0.9218,0.0205
0,9,5,4,0.8440,0.8504,0.9504,0.8045,0.0401
0,9,5,5,0.7884,0.7717,0.7388,0.7705,0.0900
0,9,5,6,0.8159,0.7952,0.7408,0.7898,0.0691
0,9,5,7,0.8172,0.8340,0.8701,0.7882,0.0647
0,9,5,8,0.8236,0.8142,0.7507,0.8042,0.0737
0,9,5,9,0.7909,0.7651,0.7350,0.7737,0.0914
0,9,5,10,0.8411,0.8231,0.7856,0.8214,0.0669
0,9,5,11,0.8355,0.8101,0.7658,0.8170,0.0715
0,9,6,0,0.8690,0.8710,0.9750,0.8306,0.0325
0,9,6,1,0.7943,0.7645,0.7550,0.7747,0.0847
0,9,6,2,0.8195,0.7974,0.7758,0.8018,0.0807
0,9,6,3,0.8311,0.8077,0.7541,0.8130,0.0702
0,9,6,4,0.8776,0.8565,0.7866,0.8550,0.0478
0,9,6,5,0.8643,0.8397,0.7940,0.8459,0.0598
0,9,6,6,0.7976,0.7781,0.7436,0.7793,0.0870
0,9,6,7,0.8788,0.8549,0.7922,0.8574,0.0457
0,9,6,8,0.8773,0.8639,0.8319,0.8561,0.0492
0,9,6,9,0.7684,0.7526,0.7275,0.7514,0.0965
0,9,6,10,0.7822,0.7598,0.7255,0.7649,0.0939
0,9,6,11,0.8902,0.9001,0.9824,0.8599,0.0327
0,9,7,0,0.7548,0.8042,0.8635,0.6997,0.0530
0,9,7,1,0.8160,0.7922,0.7428,0.7974,0.0784
0,9,7,2,0.7725,0.7575,0.7246,0.7556,0.0958
0,9,7,3,0.8730,0.8596,0.8087,0.8521,0.0493
0,9,7,4,0.8496,0.8321,0.7871,0.8282,0.0567
0,9,7,5,0.8550,0.8267,0.8183,0.8364,0.0649
0,9,7,6,0.8110,0.7789,0.7355,0.7930,0.0828
0,9,7,7,0.7988,0.7757,0.7350,0.7817,0.0871
0,9,7,8,0.8650,0.8535,0.8488,0.8427,0.0561
0,9,7,9,0.8611,0.8561,0.9491,0.8357,0.0501
0,9,7,10,0.7741,0.7584,0.7372,0.7568,0.0950
0,9,7,11,0.7788,0.7640,0.7317,0.7613,0.0942
0,9,8,0,0.8231,0.8014,0.8134,0.8024,0.0744
0,9,8,1,0.7859,0.7661,0.7412,0.7691,0.0912
0,9,8,2,0.8413,0.8152,0.7817,0.8233,0.0712
0,9,8,3,0.8038,0.7768,0.7476,0.7859,0.0843
0,9,8,4,0.8199,0.8744,0.9447,0.7807,0.0506
0,9,8,5,0.8864,0.8762,0.8944,0.8629,0.0365
0,9,8,6,0.7915,0.7655,0.7293,0.7746,0.0901
0,9,8,7,0.7671,0.8078,0.8986,0.7155,0.0502
0,9,8,8,0.8754,0.8626,0.8142,0.8556,0.0525
0,9,8,9,0.8441,0.8100,0.7625,0.8253,0.0668
0,9,8,10,0.8476,0.8255,0.8013,0.8284,0.0676
0,9,8,11,0.7963,0.7687,0.7336,0.7784,0.0883
0,9,9,0,0.8104,0.7852,0.7380,0.7885,0.0757
0,9,9,1,0.7962,0.7734,0.7529,0.7791,0.0882
0,9,9,2,0.8074,0.7756,0.7493,0.7891,0.0823
0,9,9,3,0.8501,0.8740,0.9707,0.8056,0.0269
0,9,9,4,0.7922,0.7707,0.7366,0.7748,0.0889
0,9,9,5,0.8150,0.7906,0.7473,0.7953,0.0784
0,9,9,6,0.7742,0.7532,0.7242,0.7573,0.0959
0,9,9,7,0.8519,0.8245,0.7640,0.8331,0.0634
0,9,9,8,0.7867,0.7620,0.7292,0.7689,0.0912
0,9,9,9,0.7769,0.7567,0.7291,0.7600,0.0955
0,9,9,10,0.8746,0.8796,0.9033,0.8461,0.0365
0,9,9,11,0.7769,0.7568,0.7302,0.7601,0.0956
0,9,10,0,0.7866,0.7600,0.7257,0.7684,0.0908
0,9,10,1,0.7847,0.7580,0.7270,0.7673,0.0922
0,9,10,2,0.7932,0.7733,0.7456,0.7758,0.0897
0,9,10,3,0.8156,0.7944,0.7999,0.7962,0.0792
0,9,10,4,0.8353,0.8158,0.8029,0.8136,0.0655
0,9,10,5,0.8412,0.8413,0.8466,0.8153,0.0519
0,9,10,6,0.7963,0.7671,0.7319,0.7772,0.0862
0,9,10,7,0.8100,0.7897,0.7575,0.7908,0.0815
0,9,10,8,0.7763,0.7561,0.7301,0.7591,0.0955
0,9,10,9,0.8727,0.8667,0.8459,0.8462,0.0413
0,9,10,10,0.7761,0.7537,0.7272,0.7590,0.0954
0,9,10,11,0.7709,0.7765,0.8380,0.7330,0.0677
0,9,11,0,0.8949,0.8969,0.9998,0.8527,0.0150
0,9,11,1,0.8423,0.8123,0.8058,0.8234,0.0702
0,9,11,2,0.7888,0.7696,0.7633,0.7707,0.0906
0,9,11,3,0.9080,0.8982,0.9464,0.8829,0.0291
0,9,11,4,0.8560,0.8358,0.8597,0.8365,0.0648
0,9,11,5,0.7994,0.7793,0.7732,0.7816,0.0855
0,9,11,6,0.7835,0.7599,0.7365,0.7661,0.0934
0,9,11,7,0.8250,0.8098,0.7970,0.8056,0.0752
0,9,11,8,0.5786,0.7841,0.9158,0.4505,0.0319
0,9,11,9,0.7920,0.7705,0.7429,0.7746,0.0908
0,9,11,10,0.8990,0.8917,0.9353,0.8783,0.0424
0,9,11,11,0.8798,0.8685,0.8437,0.8601,0.0517
0,10,0,0,0.8947,0.8761,0.9664,0.8626,0.0194
0,10,0,1,0.6094,0.7111,0.8983,0.5523,0.0924
0,10,0,2,0.9222,0.9068,0.9994,0.8952,0.0159
0,10,0,3,0.6869,0.7128,0.9470,0.6383,0.0796
0,10,0,4,0.7957,0.7837,0.9429,0.7516,0.0451
0,10,0,5,0.6475,0.7067,0.9253,0.5946,0.0866
0,10,0,6,0.8931,0.8811,0.9506,0.8583,0.0118
0,10,0,7,0.8792,0.8648,0.9957,0.8367,0.0101
0,10,0,8,0.8525,0.8486,0.9744,0.8005,0.0102
0,10,0,9,0.9371,0.9356,0.9940,0.9130,0.0146
0,10,0,10,1.0000,1.0000,1.0000,1.0000,0.0000
0,10,0,11,0.9440,0.9428,0.9970,0.9236,0.0150
0,10,1,0,0.8659,0.8507,0.9497,0.8242,0.0127
0,10,1,1,0.8897,0.8665,0.9263,0.8601,0.0252
0,10,1,2,0.9203,0.8964,0.9355,0.8968,0.0224
0,10,1,3,0.8952,0.8815,0.9924,0.8634,0.0296
0,10,1,4,0.8858,0.8632,0.9290,0.8567,0.0357
0,10,1,5,0.8738,0.8428,0.8965,0.8476,0.0421
0,10,1,6,0.8845,0.8544,0.8978,0.8553,0.0306
0,10,1,7,0.8701,0.8388,0.9135,0.8375,0.0341
0,10,1,8,0.8876,0.8660,0.9600,0.8590,0.0332
0,10,1,9,0.8490,0.8141,0.9040,0.8185,0.0476
0,10,1,10,0.6626,0.8680,0.9936,0.5434,0.0180
0,10,1,11,0.7472,0.7520,0.9201,0.7059,0.0710
0,10,2,0,0.8687,0.8689,0.9722,0.8271,0.0142
0,10,2,1,0.7760,0.7425,0.8310,0.7406,0.0703
0,10,2,2,0.6684,0.7909,0.9711,0.5785,0.0374
0,10,2,3,0.8119,0.8163,0.9307,0.7563,0.0201
0,10,2,4,0.8361,0.8307,0.8828,0.7997,0.0421
0,10,2,5,0.8551,0.8633,0.9696,0.8102,0.0174
0,10,2,6,0.7828,0.7536,0.8223,0.7523,0.0745
0,10,2,7,0.9334,0.9211,0.9794,0.9105,0.0134
0,10,2,8,0.8358,0.8460,0.9784,0.7871,0.0222
0,10,2,9,0.7326,0.7823,0.9762,0.6515,0.0211
0,10,2,10,0.9180,0.9034,0.9641,0.8929,0.0206
0,10,2,11,0.8166,0.7793,0.8487,0.7848,0.0617
0,10,3,0,0.7614,0.7325,0.7943,0.7332,0.0846
0,10,3,1,0.8543,0.8373,0.9762,0.8211,0.0401
0,10,3,2,0.6619,0.7759,0.9583,0.5676,0.0327
0,10,3,3,0.7624,0.7626,0.8692,0.7204,0.0655
0,10,3,4,0.7289,0.6951,0.7988,0.6975,0.0925
0,10,3,5,0.8340,0.8054,0.9093,0.7991,0.0468
0,10,3,6,0.8125,0.8155,0.9797,0.7504,0.0142
0,10,3,7,0.7111,0.7913,0.9367,0.6318,0.0306
0,10,3,8,0.8400,0.8530,0.9949,0.7922,0.0248
0,10,3,9,0.6758,0.7134,0.9719,0.6062,0.0561
0,10,3,10,0.8476,0.8312,0.8367,0.8215,0.0555
0,10,3,11,0.7808,0.8086,0.9137,0.7225,0.0302
0,10,4,0,0.6807,0.6954,0.9797,0.6142,0.0586
0,10,4,1,0.8333,0.8278,0.9678,0.7941,0.0380
0,10,4,2,0.7755,0.7397,0.8359,0.7418,0.0740
0,10,4,3,0.7898,0.7877,0.9143,0.7336,0.0295
0,10,4,4,0.8060,0.7890,0.8682,0.7747,0.0632
0,10,4,5,0.7727,0.8158,0.9153,0.7168,0.0415
0,10,4,6,0.8396,0.8252,0.9365,0.8018,0.0391
0,10,4,7,0.8514,0.8356,0.9347,0.8197,0.0450
0,10,4,8,0.7592,0.7256,0.8038,0.7268,0.0805
0,10,4,9,0.8461,0.8411,0.9960,0.8052,0.0310
0,10,4,10,0.7340,0.7045,0.8071,0.7032,0.0910
0,10,4,11,0.3813,0.6653,0.7954,0.2747,0.0971
0,10,5,0,0.7563,0.7344,0.7907,0.7257,0.0816
0,10,5,1,0.7122,0.6861,0.7922,0.6818,0.0965
0,10,5,2,0.7972,0.8250,0.9872,0.7396,0.0278
0,10,5,3,0.8728,0.8591,0.9994,0.8334,0.0185
0,10,5,4,0.7957,0.8290,0.9788,0.7416,0.0366
0,10,5,5,0.7343,0.7094,0.8084,0.7024,0.0893
0,10,5,6,0.7471,0.7713,0.8101,0.7024,0.0669
0,10,5,7,0.7562,0.7777,0.9190,0.7104,0.0624
0,10,5,8,0.7705,0.7524,0.8187,0.7367,0.0725
0,10,5,9,0.7330,0.7003,0.8050,0.7008,0.0908
0,10,5,10,0.8015,0.7831,0.8488,0.7706,0.0662
0,10,5,11,0.7951,0.7644,0.8318,0.7653,0.0708
0,10,6,0,0.7853,0.7995,0.9935,0.7200,0.0230
0,10,6,1,0.7366,0.7077,0.8225,0.7020,0.0841
0,10,6,2,0.7630,0.7324,0.8404,0.7301,0.0800
0,10,6,3,0.7668,0.7433,0.8216,0.7313,0.0701
0,10,6,4,0.8301,0.8016,0.8496,0.7933,0.0466
0,10,6,5,0.8149,0.7903,0.8560,0.7822,0.0592
0,10,6,6,0.7511,0.7234,0.8125,0.7205,0.0863
0,10,6,7,0.8210,0.8109,0.8544,0.7825,0.0450
0,10,6,8,0.8046,0.8203,0.8878,0.7622,0.0467
0,10,6,9,0.7142,0.6884,0.7984,0.6833,0.0959
0,10,6,10,0.7289,0.6973,0.7966,0.6979,0.0933
0,10,6,11,0.8270,0.8364,0.9970,0.7765,0.0260
0,10,7,0,0.6721,0.7892,0.9136,0.5941,0.0468
0,10,7,1,0.7752,0.7507,0.8118,0.7455,0.0778
0,10,7,2,0.7209,0.6983,0.7959,0.6908,0.0951
0,10,7,3,0.8295,0.8117,0.8684,0.7958,0.0487
0,10,7,4,0.7924,0.7779,0.8501,0.7549,0.0563
0,10,7,5,0.7975,0.7623,0.8765,0.7626,0.0643
0,10,7,6,0.7558,0.7199,0.8054,0.7232,0.0821
0,10,7,7,0.7487,0.7231,0.8050,0.7184,0.0864
0,10,7,8,0.8104,0.7977,0.9018,0.7722,0.0531
0,10,7,9,0.8089,0.7913,0.9779,0.7683,0.0474
0,10,7,10,0.7201,0.6963,0.8069,0.6890,0.0943
0,10,7,11,0.7288,0.7067,0.8021,0.6985,0.0935
0,10,8,0,0.7768,0.7404,0.8723,0.7433,0.0737
0,10,8,1,0.7305,0.7061,0.8104,0.6994,0.0905
0,10,8,2,0.7845,0.7546,0.8455,0.7508,0.0706
0,10,8,3,0.7508,0.7188,0.8160,0.7188,0.0837
0,10,8,4,0.7681,0.8124,0.9750,0.7139,0.0466
0,10,8,5,0.8289,0.8133,0.9381,0.7880,0.0353
0,10,8,6,0.7350,0.7050,0.8000,0.7034,0.0895
0,10,8,7,0.6997,0.7578,0.9413,0.6292,0.0446
0,10,8,8,0.8281,0.8070,0.8730,0.7944,0.0518
0,10,8,9,0.7969,0.7617,0.8290,0.7649,0.0661
0,10,8,10,0.8126,0.7896,0.8621,0.7833,0.0669
0,10,8,11,0.7410,0.7033,0.8038,0.7086,0.0876
0,10,9,0,0.7610,0.7232,0.8076,0.7257,0.0742
0,10,9,1,0.7409,0.7120,0.8206,0.7093,0.0875
0,10,9,2,0.7518,0.7163,0.8175,0.7188,0.0816
0,10,9,3,0.7869,0.8360,0.9912,0.7223,0.0210
0,10,9,4,0.7379,0.7119,0.8064,0.7064,0.0883
0,10,9,5,0.7747,0.7407,0.8158,0.7439,0.0778
0,10,9,6,0.7196,0.6890,0.7956,0.6888,0.0952
0,10,9,7,0.7926,0.7630,0.8303,0.7573,0.0622
0,10,9,8,0.7323,0.6985,0.8000,0.7005,0.0905
0,10,9,9,0.7221,0.6927,0.7999,0.6913,0.0948
0,10,9,10,0.8208,0.8311,0.9450,0.7759,0.0342
0,10,9,11,0.7222,0.6920,0.8008,0.6914,0.0950
0,10,10,0,0.7343,0.6979,0.7969,0.7026,0.0901
0,10,10,1,0.7299,0.6963,0.7980,0.6983,0.0916
0,10,10,2,0.7409,0.7108,0.8143,0.7098,0.0891
0,10,10,3,0.7660,0.7362,0.8610,0.7331,0.0786
0,10,10,4,0.7851,0.7591,0.8635,0.7495,0.0645
0,10,10,5,0.7872,0.7837,0.8999,0.7459,0.0505
0,10,10,6,0.7442,0.7051,0.8023,0.7114,0.0855
0,10,10,7,0.7627,0.7343,0.8246,0.7307,0.0808
0,10,10,8,0.7223,0.6916,0.8007,0.6913,0.0948
0,10,10,9,0.8188,0.8383,0.8994,0.7760,0.0404
0,10,10,10,0.7209,0.6890,0.7982,0.6896,0.0947
0,10,10,11,0.7171,0.7268,0.8928,0.6647,0.0655
0,10,11,0,0.8896,0.8889,0.9915,0.8462,0.0098
0,10,11,1,0.7894,0.7501,0.8660,0.7558,0.0695
0,10,11,2,0.7343,0.7059,0.8296,0.7020,0.0900
0,10,11,3,0.8494,0.8515,0.9762,0.8054,0.0261
0,10,11,4,0.8049,0.7718,0.9106,0.7709,0.0641
0,10,11,5,0.7439,0.7226,0.8382,0.7115,0.0843
0,10,11,6,0.7279,0.6959,0.8063,0.6961,0.0927
0,10,11,7,0.7768,0.7550,0.8585,0.7441,0.0745
0,10,11,8,0.6247,0.8294,0.9544,0.5127,0.0234
0,10,11,9,0.7375,0.7089,0.8119,0.7059,0.0901
0,10,11,10,0.8592,0.8541,0.9685,0.8261,0.0404
0,10,11,11,0.8245,0.8117,0.8975,0.7887,0.0505
0,11,0,0,0.9586,0.9609,0.9835,0.9469,0.0121
0,11,0,1,0.4210,0.5267,0.9298,0.3216,0.0861
0,11,0,2,0.9619,0.9584,0.9990,0.9489,0.0072
0,11,0,3,0.5114,0.5260,0.9692,0.4211,0.0744
0,11,0,4,0.6890,0.6672,0.9660,0.6158,0.0391
0,11,0,5,0.4570,0.5129,0.9520,0.3602,0.0798
0,11,0,6,0.9416,0.9427,0.9719,0.9232,0.0142
0,11,0,7,0.8930,0.8905,0.9999,0.8563,0.0172
0,11,0,8,0.8480,0.8544,0.9890,0.7958,0.0113
0,11,0,9,0.9682,0.9674,0.9824,0.9566,0.0075
0,11,0,10,0.9440,0.9428,0.9970,0.9236,0.0150
0,11,0,11,1.0000,1.0000,1.0000,1.0000,0.0000
0,11,1,0,0.8964,0.9003,0.9712,0.8648,0.0182
0,11,1,1,0.9358,0.9250,0.9529,0.9199,0.0207
0,11,1,2,0.9589,0.9510,0.9602,0.9474,0.0127
0,11,1,3,0.9488,0.9393,0.9990,0.9341,0.0252
0,11,1,4,0.9596,0.9470,0.9550,0.9520,0.0278
0,11,1,5,0.9234,0.9154,0.9283,0.9101,0.0363
0,11,1,6,0.9218,0.9198,0.9294,0.9032,0.0277
0,11,1,7,0.9532,0.9363,0.9424,0.9446,0.0273
0,11,1,8,0.9428,0.9413,0.9789,0.9302,0.0264
0,11,1,9,0.9120,0.9059,0.9346,0.8978,0.0408
0,11,1,10,0.5927,0.8554,0.9994,0.4526,0.0153
0,11,1,11,0.5793,0.5727,0.9479,0.4963,0.0665
0,11,2,0,0.9455,0.9395,0.9875,0.9292,0.0152
0,11,2,1,0.8729,0.8520,0.8719,0.8604,0.0635
0,11,2,2,0.6982,0.8011,0.9868,0.6183,0.0374
0,11,2,3,0.8388,0.8538,0.9564,0.7922,0.0206
0,11,2,4,0.9041,0.9034,0.9167,0.8860,0.0384
0,11,2,5,0.9020,0.9047,0.9857,0.8725,0.0185
0,11,2,6,0.8697,0.8477,0.8642,0.8590,0.0685
0,11,2,7,0.9464,0.9431,0.9922,0.9283,0.0131
0,11,2,8,0.9082,0.9214,0.9915,0.8824,0.0201
0,11,2,9,0.8030,0.8216,0.9901,0.7451,0.0211
0,11,2,10,0.9711,0.9588,0.9819,0.9630,0.0112
0,11,2,11,0.9009,0.8768,0.8873,0.8899,0.0548
0,11,3,0,0.8379,0.8237,0.8393,0.8262,0.0778
0,11,3,1,0.9024,0.8975,0.9901,0.8822,0.0388
0,11,3,2,0.6613,0.7820,0.9777,0.5686,0.0295
0,11,3,3,0.8580,0.8630,0.9052,0.8394,0.0607
0,11,3,4,0.8266,0.8048,0.8433,0.8161,0.0857
0,11,3,5,0.9171,0.8999,0.9390,0.9043,0.0400
0,11,3,6,0.8405,0.8502,0.9924,0.7889,0.0131
0,11,3,7,0.7890,0.8103,0.9611,0.7336,0.0324
0,11,3,8,0.8959,0.9021,0.9997,0.8660,0.0298
0,11,3,9,0.7133,0.7935,0.9873,0.6539,0.0522
0,11,3,10,0.9073,0.8929,0.8769,0.8959,0.0495
0,11,3,11,0.8506,0.8593,0.9426,0.8130,0.0310
0,11,4,0,0.7423,0.7743,0.9923,0.6919,0.0542
0,11,4,1,0.8935,0.8938,0.9845,0.8710,0.0362
0,11,4,2,0.8711,0.8469,0.8761,0.8597,0.0672
0,11,4,3,0.8646,0.8598,0.9431,0.8306,0.0277
0,11,4,4,0.8850,0.8750,0.9043,0.8724,0.0564
0,11,4,5,0.8186,0.8488,0.9440,0.7757,0.0412
0,11,4,6,0.9279,0.9174,0.9610,0.9147,0.0320
0,11,4,7,0.7703,0.7454,0.9596,0.7156,0.0411
0,11,4,8,0.8569,0.8306,0.8477,0.8465,0.0737
0,11,4,9,0.9094,0.9048,0.9999,0.8872,0.0302
0,11,4,10,0.8290,0.8100,0.8507,0.8186,0.0842
0,11,4,11,0.4371,0.6220,0.8403,0.3449,0.0903
0,11,5,0,0.8419,0.8308,0.8361,0.8300,0.0756
0,11,5,1,0.8095,0.7941,0.8374,0.7993,0.0897
0,11,5,2,0.8766,0.8840,0.9966,0.8435,0.0310
0,11,5,3,0.9250,0.9210,0.9990,0.9026,0.0172
0,11,5,4,0.8683,0.8732,0.9918,0.8357,0.0340
0,11,5,5,0.8297,0.8163,0.8518,0.8184,0.0825
0,11,5,6,0.8414,0.8443,0.8534,0.8196,0.0624
0,11,5,7,0.8533,0.8670,0.9469,0.8317,0.0580
0,11,5,8,0.8618,0.8579,0.8610,0.8490,0.0665
0,11,5,9,0.8322,0.8089,0.8488,0.8215,0.0840
0,11,5,10,0.8859,0.8673,0.8875,0.8749,0.0594
0,11,5,11,0.8798,0.8595,0.8725,0.8696,0.0640
0,11,6,0,0.8620,0.8783,0.9994,0.8216,0.0285
0,11,6,1,0.8299,0.8022,0.8643,0.8158,0.0773
0,11,6,2,0.8573,0.8382,0.8801,0.8457,0.0732
0,11,6,3,0.8677,0.8465,0.8636,0.8559,0.0630
0,11,6,4,0.9268,0.9086,0.8882,0.9160,0.0405
0,11,6,5,0.9016,0.8810,0.8937,0.8904,0.0523
0,11,6,6,0.8413,0.8252,0.8555,0.8303,0.0795
0,11,6,7,0.9137,0.8946,0.8924,0.8999,0.0382
0,11,6,8,0.8951,0.8984,0.9210,0.8769,0.0425
0,11,6,9,0.8112,0.7968,0.8430,0.8007,0.0891
0,11,6,10,0.8255,0.8050,0.8414,0.8150,0.0864
0,11,6,11,0.8798,0.8963,1.0000,0.8460,0.0281
0,11,7,0,0.7418,0.8392,0.9426,0.6834,0.0474
0,11,7,1,0.8614,0.8411,0.8549,0.8510,0.0712
0,11,7,2,0.8159,0.8032,0.8407,0.8057,0.0883
0,11,7,3,0.9058,0.8992,0.9044,0.8917,0.0418
0,11,7,4,0.8679,0.8641,0.8886,0.8490,0.0492
0,11,7,5,0.8832,0.8624,0.9114,0.8692,0.0575
0,11,7,6,0.8546,0.8247,0.8492,0.8441,0.0753
0,11,7,7,0.8414,0.8224,0.8488,0.8312,0.0796
0,11,7,8,0.8937,0.8862,0.9327,0.8771,0.0495
0,11,7,9,0.8632,0.8485,0.9913,0.8368,0.0434
0,11,7,10,0.8164,0.8024,0.8505,0.8057,0.0875
0,11,7,11,0.8222,0.8096,0.8463,0.8116,0.0867
0,11,8,0,0.8592,0.8413,0.9078,0.8448,0.0669
0,11,8,1,0.8264,0.8085,0.8536,0.8159,0.0837
0,11,8,2,0.8791,0.8570,0.8846,0.8678,0.0638
0,11,8,3,0.8450,0.8210,0.8586,0.8339,0.0769
0,11,8,4,0.8066,0.8725,0.9893,0.7630,0.0445
0,11,8,5,0.8935,0.8817,0.9623,0.8706,0.0293
0,11,8,6,0.8332,0.8097,0.8444,0.8229,0.0826
0,11,8,7,0.7712,0.8398,0.9648,0.7205,0.0449
0,11,8,8,0.9101,0.9008,0.9084,0.8976,0.0450
0,11,8,9,0.8851,0.8559,0.8701,0.8740,0.0593
0,11,8,10,0.8853,0.8719,0.8990,0.8732,0.0601
0,11,8,11,0.8382,0.8134,0.8478,0.8272,0.0808
0,11,9,0,0.8575,0.8343,0.8511,0.8444,0.0687
0,11,9,1,0.8342,0.8144,0.8627,0.8230,0.0807
0,11,9,2,0.8493,0.8191,0.8599,0.8382,0.0748
0,11,9,3,0.8414,0.8805,0.9985,0.7947,0.0228
0,11,9,4,0.8348,0.8149,0.8501,0.8243,0.0815
0,11,9,5,0.8591,0.8389,0.8584,0.8473,0.0710
0,11,9,6,0.8168,0.7975,0.8404,0.8066,0.0884
0,11,9,7,0.8893,0.8691,0.8712,0.8776,0.0561
0,11,9,8,0.8307,0.8070,0.8443,0.8201,0.0837
0,11,9,9,0.8188,0.8004,0.8443,0.8084,0.0880
0,11,9,10,0.8612,0.8862,0.9676,0.8278,0.0311
0,11,9,11,0.8186,0.8003,0.8451,0.8082,0.0882
0,11,10,0,0.8314,0.8063,0.8416,0.8207,0.0833
0,11,10,1,0.8277,0.8031,0.8426,0.8172,0.0847
0,11,10,2,0.8357,0.8163,0.8571,0.8252,0.0823
0,11,10,3,0.8550,0.8377,0.8980,0.8424,0.0718
0,11,10,4,0.8724,0.8587,0.9002,0.8577,0.0582
0,11,10,5,0.8492,0.8475,0.9312,0.8235,0.0450
0,11,10,6,0.8415,0.8141,0.8464,0.8303,0.0787
0,11,10,7,0.8547,0.8365,0.8662,0.8434,0.0740
0,11,10,8,0.8185,0.7997,0.8450,0.8078,0.0880
0,11,10,9,0.8824,0.8963,0.9307,0.8572,0.0344
0,11,10,10,0.8185,0.7977,0.8428,0.8080,0.0879
0,11,10,11,0.7975,0.8209,0.9252,0.7649,0.0610
0,11,11,0,0.8518,0.8594,0.9783,0.7956,0.0177
0,11,11,1,0.8785,0.8528,0.9023,0.8661,0.0627
0,11,11,2,0.8289,0.8106,0.8706,0.8172,0.0832
0,11,11,3,0.9267,0.9259,0.9901,0.9067,0.0251
0,11,11,4,0.8859,0.8663,0.9401,0.8717,0.0573
0,11,11,5,0.8381,0.8174,0.8782,0.8264,0.0783
0,11,11,6,0.8253,0.8031,0.8500,0.8145,0.0859
0,11,11,7,0.8664,0.8504,0.8959,0.8545,0.0677
0,11,11,8,0.5367,0.7900,0.9748,0.4007,0.0275
0,11,11,9,0.8342,0.8136,0.8550,0.8236,0.0833
0,11,11,10,0.9214,0.9177,0.9850,0.9056,0.0357
0,11,11,11,0.9075,0.9026,0.9292,0.8933,0.0445
1,0,0,0,0.9194,0.9239,0.9983,0.8965,0.0161
1,0,0,1,0.2920,0.4302,0.9907,0.1747,0.0807
1,0,0,2,0.9268,0.9106,0.9596,0.9050,0.0160
1,0,0,3,0.4314,0.4749,1.0000,0.3306,0.0682
1,0,0,4,0.6730,0.7049,0.9998,0.6002,0.0342
1,0,0,5,0.3497,0.4219,0.9975,0.2382,0.0749
1,0,0,6,0.9335,0.9526,1.0000,0.9142,0.0075
1,0,0,7,0.9190,0.9499,0.9745,0.8947,0.0100
1,0,0,8,0.7449,0.7694,0.9958,0.6670,0.0088
1,0,0,9,0.9090,0.8942,0.9096,0.8817,0.0205
1,0,0,10,0.8659,0.8507,0.9497,0.8242,0.0127
1,0,0,11,0.8964,0.9003,0.9712,0.8648,0.0182
1,0,1,0,1.0000,1.0000,1.0000,1.0000,0.0000
1,0,1,1,0.9303,0.9383,0.9977,0.9121,0.0151
1,0,1,2,0.9262,0.9378,0.9991,0.9054,0.0173
1,0,1,3,0.8336,0.7993,0.9810,0.7865,0.0314
1,0,1,4,0.8832,0.8856,0.9982,0.8533,0.0319
1,0,1,5,0.8626,0.8833,0.9901,0.8317,0.0307
1,0,1,6,0.8864,0.8894,0.9905,0.8576,0.0199
1,0,1,7,0.8869,0.8845,0.9949,0.8588,0.0266
1,0,1,8,0.8732,0.8771,0.9994,0.8407,0.0265
1,0,1,9,0.8360,0.8427,0.9924,0.8006,0.0370
1,0,1,10,0.4950,0.7482,0.9790,0.3402,0.0163
1,0,1,11,0.4904,0.5036,0.9965,0.3933,0.0609
1,0,2,0,0.9422,0.9562,0.9966,0.9257,0.0085
1,0,2,1,0.7849,0.7778,0.9634,0.7487,0.0586
1,0,2,2,0.7825,0.8615,0.9970,0.7295,0.0310
1,0,2,3,0.9500,0.9505,0.9984,0.9367,0.0118
1,0,2,4,0.8835,0.8864,0.9855,0.8581,0.0312
1,0,2,5,0.9326,0.9459,0.9975,0.9135,0.0092
1,0,2,6,0.7683,0.7690,0.9591,0.7310,0.0628
1,0,2,7,0.9154,0.9359,0.9934,0.8902,0.0112
1,0,2,8,0.8761,0.8957,0.9939,0.8423,0.0142
1,0,2,9,0.8633,0.9055,0.9950,0.8262,0.0136
1,0,2,10,0.9176,0.9356,0.9988,0.8939,0.0184
1,0,2,11,0.8107,0.8006,0.9716,0.7750,0.0508
1,0,3,0,0.7432,0.7397,0.9446,0.7069,0.0729
1,0,3,1,0.8563,0.8478,0.9950,0.8230,0.0316
1,0,3,2,0.7793,0.8544,0.9996,0.7242,0.0244
1,0,3,3,0.7618,0.7645,0.9803,0.7185,0.0551
1,0,3,4,0.7247,0.7158,0.9470,0.6883,0.0808
1,0,3,5,0.8330,0.8429,0.9939,0.7968,0.0354
1,0,3,6,0.8963,0.9352,0.9932,0.8660,0.0104
1,0,3,7,0.8257,0.8731,0.9992,0.7826,0.0218
1,0,3,8,0.8722,0.8949,0.9764,0.8371,0.0234
1,0,3,9,0.6817,0.7544,0.9967,0.6171,0.0450
1,0,3,10,0.8361,0.8434,0.9661,0.8042,0.0438
1,0,3,11,0.9065,0.9389,0.9950,0.8840,0.0201
1,0,4,0,0.7192,0.7561,0.9932,0.6642,0.0478
1,0,4,1,0.8842,0.8626,0.9979,0.8579,0.0293
1,0,4,2,0.7771,0.7693,0.9657,0.7407,0.0623
1,0,4,3,0.8652,0.8761,0.9951,0.8319,0.0192
1,0,4,4,0.7886,0.8047,0.9799,0.7504,0.0521
1,0,4,5,0.8994,0.9082,0.9954,0.8772,0.0319
1,0,4,6,0.8516,0.8824,0.9992,0.8169,0.0308
1,0,4,7,0.7588,0.7585,0.9990,0.7034,0.0352
1,0,4,8,0.7562,0.7590,0.9496,0.7195,0.0689
1,0,4,9,0.8350,0.8440,0.9739,0.7929,0.0245
1,0,4,10,0.7236,0.7190,0.9514,0.6866,0.0794
1,0,4,11,0.5383,0.6871,0.9452,0.4710,0.0854
1,0,5,0,0.7531,0.7750,0.9426,0.7178,0.0699
1,0,5,1,0.7073,0.7032,0.9434,0.6715,0.0849
1,0,5,2,0.8227,0.8342,0.9875,0.7763,0.0248
1,0,5,3,0.8918,0.8659,0.9596,0.8610,0.0123
1,0,5,4,0.8128,0.8505,0.9937,0.7662,0.0296
1,0,5,5,0.7308,0.7270,0.9520,0.6942,0.0777
1,0,5,6,0.8079,0.8118,0.9529,0.7754,0.0563
1,0,5,7,0.7378,0.7758,0.9962,0.6874,0.0529
1,0,5,8,0.7781,0.7913,0.9573,0.7427,0.0614
1,0,5,9,0.7288,0.7192,0.9503,0.6918,0.0791
1,0,5,10,0.7909,0.7922,0.9717,0.7544,0.0548
1,0,5,11,0.7751,0.7758,0.9638,0.7374,0.0594
1,0,6,0,0.8624,0.8568,0.9792,0.8247,0.0210
1,0,6,1,0.7158,0.7276,0.9592,0.6736,0.0724
1,0,6,2,0.7545,0.7471,0.9678,0.7165,0.0686
1,0,6,3,0.7645,0.7797,0.9588,0.7258,0.0589
1,0,6,4,0.8440,0.8459,0.9720,0.8099,0.0362
1,0,6,5,0.8115,0.8196,0.9748,0.7757,0.0480
1,0,6,6,0.7365,0.7317,0.9542,0.6988,0.0749
1,0,6,7,0.8441,0.8786,0.9742,0.8105,0.0333
1,0,6,8,0.8627,0.8798,0.9873,0.8340,0.0366
1,0,6,9,0.7063,0.7015,0.9468,0.6697,0.0842
1,0,6,10,0.7222,0.7141,0.9458,0.6857,0.0816
1,0,6,11,0.8655,0.8575,0.9712,0.8293,0.0216
1,0,7,0,0.7750,0.8169,0.9950,0.7266,0.0378
1,0,7,1,0.7507,0.7551,0.9538,0.7120,0.0666
1,0,7,2,0.7130,0.7105,0.9455,0.6770,0.0834
1,0,7,3,0.8586,0.8682,0.9800,0.8301,0.0375
1,0,7,4,0.8458,0.8329,0.9722,0.8183,0.0449
1,0,7,5,0.7998,0.7835,0.9832,0.7632,0.0534
1,0,7,6,0.7460,0.7411,0.9505,0.7079,0.0704
1,0,7,7,0.7355,0.7356,0.9503,0.6984,0.0748
1,0,7,8,0.8099,0.8255,0.9918,0.7706,0.0436
1,0,7,9,0.8313,0.8088,0.9942,0.7956,0.0370
1,0,7,10,0.7090,0.7047,0.9513,0.6715,0.0826
1,0,7,11,0.7190,0.7174,0.9488,0.6824,0.0819
1,0,8,0,0.7565,0.7436,0.9816,0.7157,0.0626
1,0,8,1,0.7187,0.7192,0.9531,0.6811,0.0788
1,0,8,2,0.7708,0.7681,0.9702,0.7313,0.0594
1,0,8,3,0.7315,0.7338,0.9560,0.6919,0.0725
1,0,8,4,0.8162,0.8419,0.9956,0.7755,0.0380
1,0,8,5,0.8762,0.8536,0.9994,0.8476,0.0241
1,0,8,6,0.7241,0.7229,0.9476,0.6863,0.0778
1,0,8,7,0.7452,0.7849,0.9997,0.6897,0.0348
1,0,8,8,0.8367,0.8474,0.9818,0.8033,0.0409
1,0,8,9,0.7837,0.7826,0.9624,0.7459,0.0544
1,0,8,10,0.7886,0.7833,0.9774,0.7507,0.0563
1,0,8,11,0.7377,0.7278,0.9496,0.7008,0.0760
1,0,9,0,0.7616,0.7653,0.9516,0.7235,0.0626
1,0,9,1,0.7265,0.7259,0.9583,0.6881,0.0761
1,0,9,2,0.7356,0.7365,0.9567,0.6958,0.0699
1,0,9,3,0.7985,0.8143,0.9828,0.7433,0.0167
1,0,9,4,0.7256,0.7259,0.9510,0.6877,0.0766
1,0,9,5,0.7620,0.7560,0.9558,0.7248,0.0666
1,0,9,6,0.7132,0.7065,0.9453,0.6769,0.0836
1,0,9,7,0.7890,0.7925,0.9630,0.7505,0.0510
1,0,9,8,0.7239,0.7182,0.9476,0.6864,0.0788
1,0,9,9,0.7149,0.7089,0.9476,0.6784,0.0832
1,0,9,10,0.8975,0.9007,0.9999,0.8734,0.0236
1,0,9,11,0.7169,0.7084,0.9481,0.6808,0.0833
1,0,10,0,0.7264,0.7183,0.9460,0.6891,0.0784
1,0,10,1,0.7223,0.7145,0.9466,0.6852,0.0799
1,0,10,2,0.7342,0.7264,0.9551,0.6977,0.0774
1,0,10,3,0.7380,0.7339,0.9770,0.6961,0.0677
1,0,10,4,0.7679,0.7832,0.9780,0.7261,0.0534
1,0,10,5,0.8320,0.8345,0.9912,0.8000,0.0391
1,0,10,6,0.7353,0.7266,0.9488,0.6970,0.0739
1,0,10,7,0.7447,0.7459,0.9603,0.7054,0.0697
1,0,10,8,0.7148,0.7064,0.9480,0.6781,0.0832
1,0,10,9,0.8706,0.8869,0.9910,0.8413,0.0316
1,0,10,10,0.7141,0.7060,0.9467,0.6774,0.0830
1,0,10,11,0.7291,0.7554,0.9890,0.6796,0.0543
1,0,11,0,0.7741,0.7214,0.9008,0.7002,0.0176
1,0,11,1,0.7709,0.7585,0.9790,0.7305,0.0589
1,0,11,2,0.7221,0.7124,0.9627,0.6835,0.0788
1,0,11,3,0.8179,0.8272,0.9950,0.7683,0.0213
1,0,11,4,0.7806,0.7620,0.9942,0.7388,0.0551
1,0,11,5,0.7212,0.7305,0.9668,0.6805,0.0729
1,0,11,6,0.7201,0.7112,0.9510,0.6829,0.0811
1,0,11,7,0.7620,0.7552,0.9759,0.7229,0.0634
1,0,11,8,0.4507,0.6875,0.9999,0.3048,0.0188
1,0,11,9,0.7287,0.7221,0.9539,0.6914,0.0787
1,0,11,10,0.8176,0.8257,0.9978,0.7737,0.0350
1,0,11,11,0.8378,0.8472,0.9905,0.8039,0.0409
1,1,0,0,0.9370,0.9498,0.9920,0.9206,0.0110
1,1,0,1,0.3051,0.4157,0.9976,0.1959,0.0672
1,1,0,2,0.9422,0.9299,0.9383,0.9276,0.0177
1,1,0,3,0.4281,0.4598,0.9982,0.3312,0.0547
1,1,0,4,0.6270,0.6751,0.9989,0.5472,0.0207
1,1,0,5,0.3577,0.4116,1.0000,0.2531,0.0614
1,1,0,6,0.9157,0.9482,0.9975,0.8933,0.0178
1,1,0,7,0.9102,0.9159,0.9571,0.8863,0.0224
1,1,0,8,0.7674,0.7238,0.9873,0.7018,0.0189
1,1,0,9,0.9291,0.9044,0.8793,0.9124,0.0266
1,1,0,10,0.8897,0.8665,0.9263,0.8601,0.0252
1,1,0,11,0.9358,0.9250,0.9529,0.9199,0.0207
1,1,1,0,0.9303,0.9383,0.9977,0.9121,0.0151
1,1,1,1,1.0000,1.0000,1.0000,1.0000,0.0000
1,1,1,2,0.9822,0.9813,0.9997,0.9778,0.0146
1,1,1,3,0.9029,0.8640,0.9655,0.8774,0.0205
1,1,1,4,0.9583,0.9563,1.0000,0.9481,0.0189
1,1,1,5,0.9624,0.9583,0.9974,0.9548,0.0172
1,1,1,6,0.9194,0.9443,0.9976,0.8998,0.0091
1,1,1,7,0.9547,0.9494,0.9995,0.9440,0.0139
1,1,1,8,0.9591,0.9468,0.9947,0.9491,0.0122
1,1,1,9,0.9381,0.9230,0.9985,0.9259,0.0224
1,1,1,10,0.4264,0.7339,0.9629,0.2616,0.0264
1,1,1,11,0.4956,0.4950,0.9999,0.4039,0.0476
1,1,2,0,0.9360,0.9453,0.9888,0.9192,0.0134
1,1,2,1,0.8786,0.8714,0.9794,0.8607,0.0451
1,1,2,2,0.7453,0.8348,0.9895,0.6858,0.0190
1,1,2,3,0.9160,0.9267,0.9999,0.8946,0.0106
1,1,2,4,0.9326,0.9355,0.9947,0.9185,0.0180
1,1,2,5,0.9531,0.9593,0.9903,0.9410,0.0135
1,1,2,6,0.8998,0.8832,0.9761,0.8877,0.0493
1,1,2,7,0.9296,0.9385,0.9833,0.9113,0.0202
1,1,2,8,0.9126,0.9174,0.9842,0.8902,0.0085
1,1,2,9,0.7762,0.8433,0.9860,0.7188,0.0098
1,1,2,10,0.9640,0.9757,0.9931,0.9548,0.0148
1,1,2,11,0.9100,0.8981,0.9854,0.8950,0.0370
1,1,3,0,0.8518,0.8443,0.9647,0.8349,0.0594
1,1,3,1,0.9417,0.9162,0.9860,0.9289,0.0186
1,1,3,2,0.7197,0.8046,0.9953,0.6529,0.0114
1,1,3,3,0.8506,0.8454,0.9915,0.8256,0.0418
1,1,3,4,0.8426,0.8267,0.9666,0.8267,0.0673
1,1,3,5,0.9195,0.9223,0.9991,0.9032,0.0216
1,1,3,6,0.8478,0.8730,0.9830,0.8067,0.0147
1,1,3,7,0.7816,0.8098,0.9996,0.7297,0.0143
1,1,3,8,0.9102,0.9000,0.9595,0.8870,0.0232
1,1,3,9,0.6748,0.8048,0.9890,0.6109,0.0323
1,1,3,10,0.9303,0.9263,0.9814,0.9185,0.0303
1,1,3,11,0.8640,0.9091,0.9995,0.8317,0.0134
1,1,4,0,0.7343,0.8063,0.9831,0.6839,0.0345
1,1,4,1,0.9045,0.8932,0.9913,0.8831,0.0163
1,1,4,2,0.8837,0.8707,0.9811,0.8678,0.0488
1,1,4,3,0.8416,0.8803,0.9995,0.8038,0.0096
1,1,4,4,0.9009,0.9048,0.9912,0.8856,0.0386
1,1,4,5,0.8533,0.8972,0.9996,0.8206,0.0205
1,1,4,6,0.9390,0.9442,0.9996,0.9254,0.0163
1,1,4,7,0.7625,0.7639,0.9997,0.7101,0.0216
1,1,4,8,0.8723,0.8603,0.9687,0.8571,0.0554
1,1,4,9,0.8908,0.8740,0.9563,0.8642,0.0121
1,1,4,10,0.8440,0.8288,0.9701,0.8281,0.0659
1,1,4,11,0.4508,0.6101,0.9651,0.3701,0.0719
1,1,5,0,0.8716,0.8741,0.9631,0.8577,0.0564
1,1,5,1,0.8254,0.8117,0.9637,0.8094,0.0714
1,1,5,2,0.8697,0.8539,0.9745,0.8373,0.0163
1,1,5,3,0.9194,0.9039,0.9384,0.8983,0.0096
1,1,5,4,0.8578,0.8813,0.9838,0.8241,0.0167
1,1,5,5,0.8478,0.8345,0.9706,0.8318,0.0641
1,1,5,6,0.8525,0.8523,0.9713,0.8285,0.0433
1,1,5,7,0.8334,0.8489,0.9998,0.8037,0.0396
1,1,5,8,0.8916,0.8925,0.9747,0.8779,0.0479
1,1,5,9,0.8454,0.8284,0.9692,0.8290,0.0656
1,1,5,10,0.8934,0.8951,0.9854,0.8774,0.0413
1,1,5,11,0.8980,0.8871,0.9796,0.8843,0.0459
1,1,6,0,0.8458,0.8571,0.9632,0.8060,0.0198
1,1,6,1,0.8383,0.8220,0.9762,0.8186,0.0589
1,1,6,2,0.8722,0.8587,0.9827,0.8561,0.0551
1,1,6,3,0.8855,0.8826,0.9759,0.8702,0.0451
1,1,6,4,0.9112,0.9198,0.9857,0.8927,0.0219
1,1,6,5,0.9134,0.9100,0.9877,0.8990,0.0342
1,1,6,6,0.8553,0.8418,0.9723,0.8390,0.0614
1,1,6,7,0.9180,0.9386,0.9872,0.9013,0.0198
1,1,6,8,0.9022,0.9070,0.9958,0.8824,0.0231
1,1,6,9,0.8258,0.8116,0.9664,0.8094,0.0707
1,1,6,10,0.8396,0.8235,0.9657,0.8234,0.0681
1,1,6,11,0.8576,0.8598,0.9528,0.8214,0.0142
1,1,7,0,0.7480,0.8179,0.9995,0.6951,0.0269
1,1,7,1,0.8792,0.8660,0.9720,0.8646,0.0531
1,1,7,2,0.8327,0.8218,0.9654,0.8169,0.0699
1,1,7,3,0.9307,0.9379,0.9912,0.9178,0.0240
1,1,7,4,0.9070,0.8970,0.9859,0.8917,0.0311
1,1,7,5,0.8918,0.8763,0.9933,0.8740,0.0394
1,1,7,6,0.8652,0.8491,0.9694,0.8490,0.0569
1,1,7,7,0.8598,0.8483,0.9692,0.8448,0.0613
1,1,7,8,0.8967,0.8985,0.9982,0.8768,0.0303
1,1,7,9,0.8602,0.8384,0.9846,0.8313,0.0243
1,1,7,10,0.8302,0.8157,0.9700,0.8135,0.0691
1,1,7,11,0.8375,0.8285,0.9680,0.8214,0.0683
1,1,8,0,0.8543,0.8371,0.9923,0.8327,0.0491
1,1,8,1,0.8427,0.8281,0.9714,0.8268,0.0653
1,1,8,2,0.8878,0.8758,0.9844,0.8715,0.0459
1,1,8,3,0.8544,0.8396,0.9737,0.8372,0.0590
1,1,8,4,0.8050,0.8710,0.9869,0.7629,0.0251
1,1,8,5,0.9052,0.8912,0.9995,0.8839,0.0106
1,1,8,6,0.8494,0.8328,0.9671,0.8338,0.0643
1,1,8,7,0.7447,0.7911,0.9991,0.6909,0.0244
1,1,8,8,0.9123,0.9243,0.9924,0.8955,0.0272
1,1,8,9,0.8965,0.8822,0.9786,0.8812,0.0409
1,1,8,10,0.8969,0.8881,0.9895,0.8810,0.0422
1,1,8,11,0.8501,0.8362,0.9687,0.8334,0.0624
1,1,9,0,0.8616,0.8610,0.9703,0.8425,0.0491
1,1,9,1,0.8482,0.8326,0.9754,0.8315,0.0626
1,1,9,2,0.8567,0.8394,0.9742,0.8393,0.0564
1,1,9,3,0.8154,0.8135,0.9680,0.7678,0.0134
1,1,9,4,0.8509,0.8352,0.9698,0.8352,0.0631
1,1,9,5,0.8701,0.8583,0.9736,0.8533,0.0531
1,1,9,6,0.8312,0.8155,0.9652,0.8150,0.0701
1,1,9,7,0.8990,0.8926,0.9791,0.8831,0.0375
1,1,9,8,0.8420,0.8263,0.9671,0.8253,0.0653
1,1,9,9,0.8339,0.8181,0.9671,0.8178,0.0697
1,1,9,10,0.8930,0.9038,0.9986,0.8683,0.0125
1,1,9,11,0.8346,0.8186,0.9675,0.8186,0.0698
1,1,10,0,0.8406,0.8243,0.9658,0.8234,0.0649
1,1,10,1,0.8389,0.8219,0.9663,0.8221,0.0664
1,1,10,2,0.8512,0.8363,0.9730,0.8354,0.0639
1,1,10,3,0.8595,0.8408,0.9892,0.8407,0.0542
1,1,10,4,0.8751,0.8717,0.9899,0.8552,0.0399
1,1,10,5,0.8765,0.8664,0.9979,0.8538,0.0256
1,1,10,6,0.8463,0.8303,0.9681,0.8282,0.0603
1,1,10,7,0.8619,0.8514,0.9770,0.8445,0.0561
1,1,10,8,0.8328,0.8166,0.9674,0.8164,0.0697
1,1,10,9,0.9073,0.9108,0.9978,0.8868,0.0168
1,1,10,10,0.8316,0.8149,0.9663,0.8150,0.0695
1,1,10,11,0.8013,0.8061,0.9967,0.7671,0.0413
1,1,11,0,0.7769,0.7139,0.8693,0.7109,0.0306
1,1,11,1,0.8792,0.8598,0.9906,0.8606,0.0451
1,1,11,2,0.8381,0.8202,0.9788,0.8202,0.0653
1,1,11,3,0.8792,0.8677,0.9860,0.8483,0.0109
1,1,11,4,0.8853,0.8657,0.9992,0.8656,0.0403
1,1,11,5,0.8506,0.8334,0.9819,0.8335,0.0594
1,1,11,6,0.8370,0.8197,0.9697,0.8201,0.0676
1,1,11,7,0.8747,0.8621,0.9884,0.8575,0.0498
1,1,11,8,0.4256,0.6911,0.9966,0.2819,0.0152
1,1,11,9,0.8475,0.8322,0.9720,0.8312,0.0652
1,1,11,10,0.9259,0.9100,0.9910,0.9090,0.0205
1,1,11,11,0.9234,0.9281,0.9975,0.9087,0.0266
1,2,0,0,0.9510,0.9632,0.9949,0.9371,0.0098
1,2,0,1,0.3466,0.4474,0.9956,0.2402,0.0783
1,2,0,2,0.9506,0.9424,0.9467,0.9363,0.0118
1,2,0,3,0.4714,0.4854,0.9994,0.3789,0.0672
1,2,0,4,0.6644,0.6779,0.9998,0.5898,0.0329
1,2,0,5,0.3953,0.4393,0.9996,0.2932,0.0720
1,2,0,6,0.9422,0.9624,0.9990,0.9255,0.0125
1,2,0,7,0.9180,0.9145,0.9641,0.8937,0.0194
1,2,0,8,0.8074,0.7652,0.9910,0.7491,0.0146
1,2,0,9,0.9472,0.9252,0.8911,0.9330,0.0168
1,2,0,10,0.9203,0.8964,0.9355,0.8968,0.0224
1,2,0,11,0.9589,0.9510,0.9602,0.9474,0.0127
1,2,1,0,0.9262,0.9378,0.9991,0.9054,0.0173
1,2,1,1,0.9822,0.9813,0.9997,0.9778,0.0146
1,2,1,2,1.0000,1.0000,1.0000,1.0000,0.0000
1,2,1,3,0.9011,0.8694,0.9718,0.8733,0.0285
1,2,1,4,0.9644,0.9669,0.9998,0.9557,0.0232
1,2,1,5,0.9512,0.9526,0.9952,0.9417,0.0294
1,2,1,6,0.9340,0.9513,0.9955,0.9176,0.0220
1,2,1,7,0.9620,0.9627,0.9983,0.9532,0.0203
1,2,1,8,0.9603,0.9527,0.9970,0.9506,0.0205
1,2,1,9,0.9383,0.9288,0.9968,0.9271,0.0325
1,2,1,10,0.4576,0.7638,0.9694,0.2920,0.0173
1,2,1,11,0.5377,0.5267,0.9991,0.4509,0.0606
1,2,2,0,0.9368,0.9506,0.9923,0.9188,0.0135
1,2,2,1,0.8667,0.8672,0.9739,0.8478,0.0552
1,2,2,2,0.7084,0.8167,0.9928,0.6371,0.0328
1,2,2,3,0.8974,0.9085,0.9999,0.8698,0.0144
1,2,2,4,0.9181,0.9289,0.9918,0.9010,0.0317
1,2,2,5,0.9351,0.9412,0.9935,0.9169,0.0178
1,2,2,6,0.8835,0.8755,0.9703,0.8700,0.0607
1,2,2,7,0.9519,0.9581,0.9876,0.9379,0.0135
1,2,2,8,0.9175,0.9211,0.9883,0.8951,0.0173
1,2,2,9,0.8020,0.8474,0.9899,0.7484,0.0176
1,2,2,10,0.9819,0.9875,0.9957,0.9768,0.0042
1,2,2,11,0.9009,0.8966,0.9808,0.8853,0.0471
1,2,3,0,0.8351,0.8421,0.9577,0.8169,0.0695
1,2,3,1,0.9231,0.9058,0.9899,0.9063,0.0324
1,2,3,2,0.6843,0.7815,0.9975,0.6052,0.0244
1,2,3,3,0.8356,0.8413,0.9878,0.8081,0.0548
1,2,3,4,0.8229,0.8225,0.9598,0.8054,0.0774
1,2,3,5,0.9264,0.9258,0.9977,0.9123,0.0317
1,2,3,6,0.8467,0.8625,0.9873,0.8021,0.0148
1,2,3,7,0.7880,0.8122,1.0000,0.7354,0.0260
1,2,3,8,0.8813,0.8818,0.9663,0.8489,0.0312
1,2,3,9,0.7084,0.7907,0.9924,0.6499,0.0455
1,2,3,10,0.9214,0.9279,0.9762,0.9088,0.0417
1,2,3,11,0.8564,0.8988,0.9984,0.8212,0.0240
1,2,4,0,0.7589,0.7916,0.9874,0.7127,0.0480
1,2,4,1,0.8856,0.8888,0.9943,0.8595,0.0298
1,2,4,2,0.8719,0.8677,0.9759,0.8552,0.0589
1,2,4,3,0.8811,0.9031,0.9984,0.8519,0.0215
1,2,4,4,0.8943,0.9005,0.9875,0.8790,0.0489
1,2,4,5,0.8284,0.8797,0.9986,0.7889,0.0345
1,2,4,6,0.9426,0.9463,1.0000,0.9303,0.0245
1,2,4,7,0.7950,0.7867,1.0000,0.7485,0.0346
1,2,4,8,0.8618,0.8574,0.9621,0.8464,0.0655
1,2,4,9,0.8953,0.8816,0.9634,0.8689,0.0253
1,2,4,10,0.8250,0.8256,0.9636,0.8075,0.0760
1,2,4,11,0.4309,0.6063,0.9582,0.3436,0.0820
1,2,5,0,0.8476,0.8633,0.9560,0.8311,0.0678
1,2,5,1,0.8039,0.8091,0.9567,0.7862,0.0815
1,2,5,2,0.8711,0.8573,0.9799,0.8375,0.0274
1,2,5,3,0.9261,0.9130,0.9468,0.9052,0.0131
1,2,5,4,0.8665,0.8755,0.9880,0.8337,0.0302
1,2,5,5,0.8269,0.8298,0.9642,0.8089,0.0742
1,2,5,6,0.8331,0.8470,0.9650,0.8059,0.0563
1,2,5,7,0.8347,0.8474,0.9990,0.8056,0.0526
1,2,5,8,0.8693,0.8849,0.9688,0.8528,0.0596
1,2,5,9,0.8275,0.8254,0.9627,0.8097,0.0757
1,2,5,10,0.8886,0.8940,0.9808,0.8731,0.0514
1,2,5,11,0.8870,0.8829,0.9742,0.8728,0.0565
1,2,6,0,0.8621,0.8728,0.9697,0.8244,0.0289
1,2,6,1,0.8289,0.8192,0.9704,0.8091,0.0693
1,2,6,2,0.8557,0.8546,0.9777,0.8382,0.0652
1,2,6,3,0.8795,0.8820,0.9700,0.8647,0.0550
1,2,6,4,0.9156,0.9260,0.9811,0.8985,0.0338
1,2,6,5,0.9070,0.9090,0.9834,0.8924,0.0443
1,2,6,6,0.8372,0.8388,0.9661,0.8194,0.0715
1,2,6,7,0.9330,0.9416,0.9829,0.9205,0.0302
1,2,6,8,0.8930,0.9108,0.9931,0.8714,0.0361
1,2,6,9,0.8039,0.8083,0.9596,0.7855,0.0808
1,2,6,10,0.8210,0.8208,0.9588,0.8034,0.0782
1,2,6,11,0.8529,0.8607,0.9602,0.8134,0.0261
1,2,7,0,0.7023,0.8014,0.9983,0.6370,0.0409
1,2,7,1,0.8663,0.8619,0.9657,0.8511,0.0640
1,2,7,2,0.8107,0.8183,0.9585,0.7931,0.0800
1,2,7,3,0.9201,0.9346,0.9876,0.9058,0.0344
1,2,7,4,0.8872,0.8948,0.9813,0.8689,0.0415
1,2,7,5,0.8779,0.8701,0.9900,0.8584,0.0495
1,2,7,6,0.8526,0.8454,0.9629,0.8358,0.0670
1,2,7,7,0.8429,0.8438,0.9627,0.8268,0.0714
1,2,7,8,0.8934,0.8970,0.9963,0.8734,0.0436
1,2,7,9,0.8488,0.8438,0.9887,0.8172,0.0375
1,2,7,10,0.8092,0.8126,0.9635,0.7907,0.0792
1,2,7,11,0.8166,0.8244,0.9614,0.7987,0.0784
1,2,8,0,0.8394,0.8349,0.9888,0.8159,0.0592
1,2,8,1,0.8244,0.8251,0.9651,0.8072,0.0754
1,2,8,2,0.8798,0.8735,0.9796,0.8634,0.0560
1,2,8,3,0.8420,0.8360,0.9676,0.8243,0.0691
1,2,8,4,0.7759,0.8579,0.9907,0.7257,0.0388
1,2,8,5,0.9054,0.9029,1.0000,0.8840,0.0223
1,2,8,6,0.8333,0.8292,0.9604,0.8168,0.0744
1,2,8,7,0.7314,0.7887,0.9999,0.6728,0.0382
1,2,8,8,0.9113,0.9251,0.9890,0.8951,0.0373
1,2,8,9,0.8898,0.8802,0.9731,0.8746,0.0510
1,2,8,10,0.8856,0.8865,0.9855,0.8686,0.0523
1,2,8,11,0.8339,0.8316,0.9621,0.8159,0.0725
1,2,9,0,0.8586,0.8557,0.9639,0.8404,0.0615
1,2,9,1,0.8329,0.8291,0.9696,0.8153,0.0727
1,2,9,2,0.8451,0.8355,0.9682,0.8273,0.0665
1,2,9,3,0.7902,0.8063,0.9740,0.7329,0.0198
1,2,9,4,0.8346,0.8315,0.9633,0.8178,0.0732
1,2,9,5,0.8565,0.8551,0.9675,0.8386,0.0632
1,2,9,6,0.8115,0.8127,0.9583,0.7937,0.0802
1,2,9,7,0.8989,0.8959,0.9736,0.8844,0.0492
1,2,9,8,0.8238,0.8225,0.9604,0.8057,0.0754
1,2,9,9,0.8145,0.8156,0.9603,0.7969,0.0798
1,2,9,10,0.8727,0.8973,0.9996,0.8424,0.0247
1,2,9,11,0.8143,0.8158,0.9608,0.7967,0.0799
1,2,10,0,0.8246,0.8210,0.9589,0.8063,0.0750
1,2,10,1,0.8219,0.8189,0.9595,0.8039,0.0765
1,2,10,2,0.8337,0.8345,0.9668,0.8166,0.0740
1,2,10,3,0.8435,0.8388,0.9852,0.8231,0.0643
1,2,10,4,0.8665,0.8633,0.9860,0.8460,0.0513
1,2,10,5,0.8531,0.8675,0.9959,0.8258,0.0383
1,2,10,6,0.8334,0.8276,0.9614,0.8146,0.0704
1,2,10,7,0.8502,0.8490,0.9713,0.8322,0.0662
1,2,10,8,0.8127,0.8137,0.9607,0.7946,0.0798
1,2,10,9,0.8848,0.9051,0.9958,0.8589,0.0287
1,2,10,10,0.8122,0.8120,0.9595,0.7941,0.0796
1,2,10,11,0.7904,0.8020,0.9944,0.7541,0.0543
1,2,11,0,0.7944,0.7331,0.8815,0.7280,0.0236
1,2,11,1,0.8731,0.8591,0.9868,0.8545,0.0552
1,2,11,2,0.8191,0.8175,0.9734,0.7994,0.0754
1,2,11,3,0.8854,0.8702,0.9899,0.8544,0.0231
1,2,11,4,0.8742,0.8635,0.9979,0.8532,0.0504
1,2,11,5,0.8374,0.8322,0.9768,0.8196,0.0708
1,2,11,6,0.8186,0.8170,0.9633,0.8002,0.0777
1,2,11,7,0.8638,0.8611,0.9843,0.8459,0.0600
1,2,11,8,0.4433,0.7049,0.9983,0.2960,0.0232
1,2,11,9,0.8297,0.8293,0.9658,0.8120,0.0753
1,2,11,10,0.9158,0.9013,0.9940,0.8965,0.0332
1,2,11,11,0.9076,0.9186,0.9954,0.8899,0.0383
1,3,0,0,0.9381,0.9178,0.9907,0.9206,0.0199
1,3,0,1,0.3504,0.4458,0.9454,0.2446,0.0661
1,3,0,2,0.9364,0.9170,0.9960,0.9177,0.0258
1,3,0,3,0.4108,0.4305,0.9792,0.3060,0.0523
1,3,0,4,0.5787,0.5462,0.9767,0.4839,0.0291
1,3,0,5,0.3938,0.4475,0.9648,0.2913,0.0603
1,3,0,6,0.8795,0.8552,0.9815,0.8445,0.0317
1,3,0,7,0.7965,0.7736,0.9995,0.7348,0.0342
1,3,0,8,0.7723,0.7615,0.9946,0.7031,0.0283
1,3,0,9,0.9279,0.9180,0.9730,0.9070,0.0316
1,3,0,10,0.8952,0.8815,0.9924,0.8634,0.0296
1,3,0,11,0.9488,0.9393,0.9990,0.9341,0.0252
1,3,1,0,0.8336,0.7993,0.9810,0.7865,0.0314
1,3,1,1,0.9029,0.8640,0.9655,0.8774,0.0205
1,3,1,2,0.9011,0.8694,0.9718,0.8733,0.0285
1,3,1,3,1.0000,1.0000,1.0000,1.0000,0.0000
1,3,1,4,0.9604,0.9356,0.9674,0.9507,0.0186
1,3,1,5,0.9320,0.9026,0.9441,0.9179,0.0203
1,3,1,6,0.9049,0.8679,0.9450,0.8809,0.0182
1,3,1,7,0.9445,0.9117,0.9565,0.9312,0.0168
1,3,1,8,0.9561,0.9357,0.9871,0.9453,0.0159
1,3,1,9,0.9439,0.9176,0.9497,0.9341,0.0251
1,3,1,10,0.5321,0.8228,1.0000,0.3892,0.0374
1,3,1,11,0.5014,0.4879,0.9612,0.4068,0.0447
1,3,2,0,0.8963,0.8649,0.9936,0.8667,0.0291
1,3,2,1,0.9408,0.9071,0.8930,0.9376,0.0441
1,3,2,2,0.6015,0.6744,0.9931,0.5032,0.0240
1,3,2,3,0.7736,0.7496,0.9685,0.7124,0.0290
1,3,2,4,0.9341,0.9063,0.9338,0.9209,0.0248
1,3,2,5,0.8326,0.8110,0.9923,0.7855,0.0295
1,3,2,6,0.9307,0.9025,0.8859,0.9270,0.0483
1,3,2,7,0.8645,0.8474,0.9968,0.8238,0.0323
1,3,2,8,0.8466,0.8269,0.9964,0.8048,0.0230
1,3,2,9,0.6861,0.6817,0.9954,0.6009,0.0245
1,3,2,10,0.9247,0.8961,0.9894,0.9031,0.0256
1,3,2,11,0.9576,0.9254,0.9072,0.9545,0.0354
1,3,3,0,0.9306,0.8982,0.8628,0.9313,0.0584
1,3,3,1,0.9249,0.8916,0.9954,0.9085,0.0249
1,3,3,2,0.5891,0.6787,0.9861,0.4858,0.0240
1,3,3,3,0.9365,0.9285,0.9233,0.9309,0.0387
1,3,3,4,0.9235,0.8913,0.8666,0.9254,0.0662
1,3,3,5,0.9386,0.9070,0.9535,0.9274,0.0258
1,3,3,6,0.7440,0.7271,0.9969,0.6694,0.0275
1,3,3,7,0.7250,0.7146,0.9726,0.6564,0.0293
1,3,3,8,0.8638,0.8441,0.9998,0.8265,0.0295
1,3,3,9,0.6461,0.7401,0.9934,0.5737,0.0367
1,3,3,10,0.9460,0.9068,0.8976,0.9391,0.0298
1,3,3,11,0.7869,0.7772,0.9567,0.7340,0.0312
1,3,4,0,0.7153,0.7060,0.9969,0.6595,0.0363
1,3,4,1,0.9237,0.8915,0.9914,0.9070,0.0265
1,3,4,2,0.9424,0.9091,0.8969,0.9405,0.0478
1,3,4,3,0.8037,0.7890,0.9571,0.7547,0.0269
1,3,4,4,0.9383,0.9175,0.9226,0.9327,0.0383
1,3,4,5,0.7892,0.7871,0.9578,0.7401,0.0291
1,3,4,6,0.9279,0.9018,0.9725,0.9121,0.0215
1,3,4,7,0.6524,0.6127,0.9712,0.5716,0.0248
1,3,4,8,0.9309,0.8977,0.8707,0.9295,0.0543
1,3,4,9,0.9182,0.8958,0.9994,0.8977,0.0231
1,3,4,10,0.9248,0.8942,0.8734,0.9267,0.0648
1,3,4,11,0.3592,0.5033,0.8638,0.2583,0.0708
1,3,5,0,0.9212,0.8849,0.8599,0.9193,0.0548
1,3,5,1,0.9159,0.8864,0.8611,0.9193,0.0703
1,3,5,2,0.8641,0.8685,0.9993,0.8288,0.0302
1,3,5,3,0.9033,0.8682,0.9960,0.8760,0.0243
1,3,5,4,0.8247,0.8012,0.9965,0.7812,0.0216
1,3,5,5,0.9280,0.9028,0.8745,0.9297,0.0631
1,3,5,6,0.9136,0.8875,0.8759,0.9037,0.0422
1,3,5,7,0.9059,0.9110,0.9604,0.8925,0.0380
1,3,5,8,0.9314,0.9045,0.8830,0.9278,0.0460
1,3,5,9,0.9266,0.8942,0.8717,0.9282,0.0645
1,3,5,10,0.9362,0.9057,0.9073,0.9309,0.0400
1,3,5,11,0.9385,0.9084,0.8936,0.9353,0.0446
1,3,6,0,0.8015,0.7903,1.0000,0.7471,0.0293
1,3,6,1,0.8978,0.8664,0.8861,0.8917,0.0579
1,3,6,2,0.9385,0.9094,0.9005,0.9379,0.0538
1,3,6,3,0.9134,0.8868,0.8854,0.9057,0.0475
1,3,6,4,0.9412,0.9086,0.9079,0.9303,0.0222
1,3,6,5,0.9454,0.9148,0.9129,0.9394,0.0348
1,3,6,6,0.9326,0.9050,0.8779,0.9338,0.0601
1,3,6,7,0.9103,0.8818,0.9117,0.8924,0.0272
1,3,6,8,0.9284,0.9050,0.9376,0.9151,0.0289
1,3,6,9,0.9182,0.8914,0.8663,0.9215,0.0697
1,3,6,10,0.9236,0.8925,0.8648,0.9259,0.0670
1,3,6,11,0.8732,0.8568,0.9990,0.8392,0.0247
1,3,7,0,0.7671,0.8159,0.9566,0.7169,0.0353
1,3,7,1,0.9336,0.9075,0.8773,0.9321,0.0516
1,3,7,2,0.9187,0.8913,0.8642,0.9217,0.0689
1,3,7,3,0.9376,0.9013,0.9227,0.9274,0.0295
1,3,7,4,0.9065,0.8621,0.9083,0.8924,0.0384
1,3,7,5,0.9521,0.9225,0.9290,0.9488,0.0380
1,3,7,6,0.9323,0.8980,0.8721,0.9317,0.0559
1,3,7,7,0.9256,0.8956,0.8717,0.9258,0.0602
1,3,7,8,0.9241,0.8993,0.9480,0.9111,0.0303
1,3,7,9,0.8944,0.8452,0.9962,0.8734,0.0269
1,3,7,10,0.9212,0.8958,0.8733,0.9241,0.0681
1,3,7,11,0.9223,0.8957,0.8693,0.9247,0.0673
1,3,8,0,0.9464,0.9194,0.9257,0.9454,0.0475
1,3,8,1,0.9204,0.8922,0.8762,0.9218,0.0643
1,3,8,2,0.9449,0.9171,0.9046,0.9424,0.0443
1,3,8,3,0.9284,0.9003,0.8808,0.9280,0.0575
1,3,8,4,0.8388,0.8734,0.9949,0.8035,0.0285
1,3,8,5,0.8892,0.8334,0.9735,0.8638,0.0251
1,3,8,6,0.9222,0.8911,0.8676,0.9230,0.0632
1,3,8,7,0.8034,0.8341,0.9756,0.7615,0.0354
1,3,8,8,0.9467,0.9171,0.9263,0.9388,0.0272
1,3,8,9,0.9357,0.9040,0.8913,0.9305,0.0430
1,3,8,10,0.9510,0.9231,0.9178,0.9483,0.0407
1,3,8,11,0.9289,0.8947,0.8707,0.9297,0.0614
1,3,9,0,0.9242,0.8924,0.8739,0.9196,0.0475
1,3,9,1,0.9249,0.8965,0.8845,0.9254,0.0613
1,3,9,2,0.9276,0.8935,0.8820,0.9263,0.0554
1,3,9,3,0.8498,0.8532,1.0000,0.8088,0.0281
1,3,9,4,0.9255,0.8971,0.8729,0.9265,0.0620
1,3,9,5,0.9409,0.9108,0.8806,0.9404,0.0516
1,3,9,6,0.9192,0.8882,0.8639,0.9220,0.0690
1,3,9,7,0.9319,0.9034,0.8924,0.9246,0.0378
1,3,9,8,0.9255,0.8929,0.8676,0.9272,0.0643
1,3,9,9,0.9202,0.8900,0.8675,0.9228,0.0686
1,3,9,10,0.8692,0.8416,0.9780,0.8380,0.0258
1,3,9,11,0.9204,0.8898,0.8683,0.9231,0.0687
1,3,10,0,0.9264,0.8925,0.8650,0.9280,0.0639
1,3,10,1,0.9235,0.8895,0.8659,0.9252,0.0653
1,3,10,2,0.9272,0.8957,0.8794,0.9284,0.0628
1,3,10,3,0.9400,0.9134,0.9169,0.9394,0.0523
1,3,10,4,0.9375,0.9113,0.9189,0.9323,0.0391
1,3,10,5,0.8749,0.8278,0.9466,0.8525,0.0350
1,3,10,6,0.9312,0.8965,0.8695,0.9317,0.0593
1,3,10,7,0.9388,0.9104,0.8878,0.9389,0.0546
1,3,10,8,0.9210,0.8905,0.8682,0.9237,0.0686
1,3,10,9,0.9130,0.8841,0.9462,0.8940,0.0249
1,3,10,10,0.9205,0.8888,0.8661,0.9231,0.0685
1,3,10,11,0.8462,0.8480,0.9413,0.8219,0.0395
1,3,11,0,0.8118,0.8569,0.9680,0.7513,0.0345
1,3,11,1,0.9482,0.9190,0.9208,0.9458,0.0433
1,3,11,2,0.9289,0.9016,0.8919,0.9307,0.0638
1,3,11,3,0.9484,0.9558,0.9954,0.9345,0.0198
1,3,11,4,0.9602,0.9365,0.9544,0.9581,0.0379
1,3,11,5,0.9146,0.8887,0.8988,0.9122,0.0589
1,3,11,6,0.9240,0.8923,0.8728,0.9261,0.0665
1,3,11,7,0.9429,0.9191,0.9149,0.9415,0.0483
1,3,11,8,0.4804,0.7557,0.9838,0.3429,0.0320
1,3,11,9,0.9270,0.8970,0.8774,0.9283,0.0639
1,3,11,10,0.9602,0.9527,0.9917,0.9519,0.0205
1,3,11,11,0.9525,0.9279,0.9449,0.9453,0.0256
1,4,0,0,0.9713,0.9745,0.9929,0.9646,0.0192
1,4,0,1,0.2650,0.3546,0.9971,0.1510,0.0606
1,4,0,2,0.9561,0.9498,0.9408,0.9464,0.0258
1,4,0,3,0.3815,0.3895,0.9986,0.2779,0.0518
1,4,0,4,0.6026,0.5876,0.9992,0.5190,0.0247
1,4,0,5,0.3211,0.3557,1.0000,0.2120,0.0543
1,4,0,6,0.9330,0.9372,0.9980,0.9162,0.0307
1,4,0,7,0.8348,0.8351,0.9591,0.7905,0.0382
1,4,0,8,0.7486,0.7336,0.9884,0.6797,0.0296
1,4,0,9,0.9312,0.9157,0.8827,0.9166,0.0348
1,4,0,10,0.8858,0.8632,0.9290,0.8567,0.0357
1,4,0,11,0.9596,0.9470,0.9550,0.9520,0.0278
1,4,1,0,0.8832,0.8856,0.9982,0.8533,0.0319
1,4,1,1,0.9583,0.9563,1.0000,0.9481,0.0189
1,4,1,2,0.9644,0.9669,0.9998,0.9557,0.0232
1,4,1,3,0.9604,0.9356,0.9674,0.9507,0.0186
1,4,1,4,1.0000,1.0000,1.0000,1.0000,0.0000
1,4,1,5,0.9749,0.9794,0.9968,0.9699,0.0174
1,4,1,6,0.9462,0.9513,0.9970,0.9333,0.0185
1,4,1,7,0.9935,0.9931,0.9992,0.9920,0.0071
1,4,1,8,0.9834,0.9882,0.9954,0.9794,0.0122
1,4,1,9,0.9772,0.9833,0.9980,0.9733,0.0232
1,4,1,10,0.3969,0.7282,0.9648,0.2277,0.0387
1,4,1,11,0.4643,0.4402,0.9997,0.3681,0.0455
1,4,2,0,0.9393,0.9350,0.9898,0.9242,0.0302
1,4,2,1,0.9574,0.9539,0.9779,0.9542,0.0373
1,4,2,2,0.6247,0.7263,0.9905,0.5386,0.0290
1,4,2,3,0.8206,0.8343,1.0000,0.7760,0.0287
1,4,2,4,0.9561,0.9646,0.9940,0.9471,0.0240
1,4,2,5,0.8836,0.8880,0.9913,0.8540,0.0314
1,4,2,6,0.9587,0.9566,0.9745,0.9570,0.0430
1,4,2,7,0.9077,0.9073,0.9846,0.8842,0.0333
1,4,2,8,0.8938,0.8882,0.9854,0.8673,0.0251
1,4,2,9,0.7428,0.7606,0.9872,0.6784,0.0266
1,4,2,10,0.9775,0.9719,0.9939,0.9725,0.0206
1,4,2,11,0.9768,0.9729,0.9842,0.9750,0.0275
1,4,3,0,0.9364,0.9375,0.9627,0.9339,0.0510
1,4,3,1,0.9509,0.9455,0.9872,0.9402,0.0257
1,4,3,2,0.5852,0.7003,0.9960,0.4883,0.0219
1,4,3,3,0.9241,0.9306,0.9905,0.9133,0.0387
1,4,3,4,0.9311,0.9275,0.9647,0.9299,0.0584
1,4,3,5,0.9824,0.9807,0.9987,0.9797,0.0161
1,4,3,6,0.7817,0.7882,0.9843,0.7240,0.0304
1,4,3,7,0.7508,0.7520,0.9998,0.6927,0.0266
1,4,3,8,0.8778,0.8646,0.9615,0.8471,0.0369
1,4,3,9,0.6964,0.7886,0.9900,0.6379,0.0362
1,4,3,10,0.9767,0.9718,0.9800,0.9741,0.0295
1,4,3,11,0.8340,0.8628,0.9992,0.7953,0.0278
1,4,4,0,0.7437,0.7562,0.9844,0.6956,0.0376
1,4,4,1,0.9303,0.9339,0.9922,0.9150,0.0249
1,4,4,2,0.9582,0.9546,0.9797,0.9559,0.0399
1,4,4,3,0.8701,0.8868,0.9993,0.8397,0.0227
1,4,4,4,0.9690,0.9707,0.9902,0.9667,0.0315
1,4,4,5,0.8144,0.8542,0.9994,0.7735,0.0281
1,4,4,6,0.9796,0.9783,0.9998,0.9753,0.0121
1,4,4,7,0.7085,0.6925,0.9999,0.6450,0.0303
1,4,4,8,0.9544,0.9484,0.9669,0.9535,0.0464
1,4,4,9,0.9390,0.9259,0.9584,0.9244,0.0218
1,4,4,10,0.9321,0.9298,0.9683,0.9307,0.0569
1,4,4,11,0.3617,0.5148,0.9632,0.2673,0.0630
1,4,5,0,0.9405,0.9410,0.9611,0.9382,0.0506
1,4,5,1,0.9184,0.9181,0.9618,0.9173,0.0624
1,4,5,2,0.8870,0.8754,0.9761,0.8596,0.0294
1,4,5,3,0.9330,0.9156,0.9408,0.9162,0.0256
1,4,5,4,0.8668,0.8497,0.9851,0.8357,0.0248
1,4,5,5,0.9332,0.9324,0.9688,0.9314,0.0552
1,4,5,6,0.9110,0.9113,0.9696,0.8982,0.0438
1,4,5,7,0.9108,0.9199,0.9997,0.8965,0.0394
1,4,5,8,0.9518,0.9566,0.9731,0.9487,0.0437
1,4,5,9,0.9347,0.9296,0.9674,0.9333,0.0567
1,4,5,10,0.9668,0.9647,0.9842,0.9647,0.0366
1,4,5,11,0.9644,0.9610,0.9781,0.9629,0.0394
1,4,6,0,0.8377,0.8425,0.9651,0.7969,0.0350
1,4,6,1,0.9234,0.9138,0.9746,0.9185,0.0516
1,4,6,2,0.9512,0.9494,0.9813,0.9492,0.0459
1,4,6,3,0.9575,0.9563,0.9743,0.9553,0.0394
1,4,6,4,0.9697,0.9680,0.9845,0.9639,0.0224
1,4,6,5,0.9775,0.9755,0.9865,0.9757,0.0256
1,4,6,6,0.9392,0.9385,0.9706,0.9373,0.0522
1,4,6,7,0.9704,0.9712,0.9860,0.9650,0.0198
1,4,6,8,0.9472,0.9554,0.9951,0.9370,0.0254
1,4,6,9,0.9191,0.9184,0.9646,0.9177,0.0618
1,4,6,10,0.9302,0.9266,0.9638,0.9290,0.0592
1,4,6,11,0.8709,0.8718,0.9550,0.8389,0.0281
1,4,7,0,0.7222,0.8008,0.9992,0.6645,0.0340
1,4,7,1,0.9533,0.9494,0.9703,0.9517,0.0458
1,4,7,2,0.9230,0.9244,0.9635,0.9219,0.0610
1,4,7,3,0.9710,0.9751,0.9902,0.9664,0.0216
1,4,7,4,0.9405,0.9427,0.9846,0.9317,0.0324
1,4,7,5,0.9615,0.9576,0.9924,0.9573,0.0310
1,4,7,6,0.9508,0.9417,0.9676,0.9496,0.0480
1,4,7,7,0.9433,0.9405,0.9674,0.9426,0.0523
1,4,7,8,0.9555,0.9527,0.9977,0.9478,0.0311
1,4,7,9,0.9056,0.8918,0.9858,0.8867,0.0272
1,4,7,10,0.9230,0.9218,0.9682,0.9215,0.0602
1,4,7,11,0.9273,0.9288,0.9662,0.9259,0.0594
1,4,8,0,0.9385,0.9364,0.9913,0.9324,0.0396
1,4,8,1,0.9319,0.9291,0.9697,0.9308,0.0567
1,4,8,2,0.9649,0.9603,0.9831,0.9630,0.0365
1,4,8,3,0.9428,0.9365,0.9720,0.9409,0.0498
1,4,8,4,0.8204,0.8936,0.9880,0.7822,0.0298
1,4,8,5,0.9289,0.9175,0.9997,0.9132,0.0198
1,4,8,6,0.9368,0.9310,0.9652,0.9358,0.0554
1,4,8,7,0.7625,0.8092,0.9994,0.7133,0.0323
1,4,8,8,0.9735,0.9766,0.9915,0.9696,0.0209
1,4,8,9,0.9654,0.9594,0.9771,0.9631,0.0341
1,4,8,10,0.9656,0.9653,0.9884,0.9628,0.0336
1,4,8,11,0.9382,0.9324,0.9669,0.9364,0.0535
1,4,9,0,0.9402,0.9352,0.9685,0.9354,0.0451
1,4,9,1,0.9363,0.9317,0.9738,0.9346,0.0537
1,4,9,2,0.9436,0.9337,0.9726,0.9413,0.0485
1,4,9,3,0.8091,0.8117,0.9698,0.7610,0.0286
1,4,9,4,0.9371,0.9329,0.9680,0.9358,0.0544
1,4,9,5,0.9488,0.9459,0.9719,0.9460,0.0439
1,4,9,6,0.9239,0.9208,0.9633,0.9228,0.0611
1,4,9,7,0.9696,0.9670,0.9776,0.9673,0.0331
1,4,9,8,0.9326,0.9270,0.9652,0.9310,0.0564
1,4,9,9,0.9257,0.9229,0.9652,0.9246,0.0607
1,4,9,10,0.8885,0.9014,0.9990,0.8631,0.0222
1,4,9,11,0.9251,0.9230,0.9656,0.9238,0.0609
1,4,10,0,0.9324,0.9260,0.9639,0.9307,0.0560
1,4,10,1,0.9314,0.9251,0.9644,0.9300,0.0575
1,4,10,2,0.9382,0.9356,0.9713,0.9370,0.0550
1,4,10,3,0.9437,0.9396,0.9881,0.9400,0.0445
1,4,10,4,0.9441,0.9402,0.9888,0.9374,0.0359
1,4,10,5,0.9058,0.9036,0.9974,0.8890,0.0308
1,4,10,6,0.9379,0.9302,0.9662,0.9355,0.0514
1,4,10,7,0.9465,0.9437,0.9754,0.9441,0.0467
1,4,10,8,0.9245,0.9218,0.9656,0.9230,0.0607
1,4,10,9,0.9258,0.9264,0.9973,0.9096,0.0210
1,4,10,10,0.9245,0.9206,0.9645,0.9231,0.0606
1,4,10,11,0.8355,0.8516,0.9961,0.8080,0.0400
1,4,11,0,0.7480,0.7314,0.8729,0.6753,0.0418
1,4,11,1,0.9601,0.9522,0.9896,0.9568,0.0359
1,4,11,2,0.9293,0.9262,0.9773,0.9268,0.0559
1,4,11,3,0.9296,0.9261,0.9872,0.9121,0.0224
1,4,11,4,0.9622,0.9568,0.9989,0.9578,0.0303
1,4,11,5,0.9351,0.9301,0.9805,0.9324,0.0534
1,4,11,6,0.9291,0.9242,0.9680,0.9275,0.0586
1,4,11,7,0.9548,0.9527,0.9873,0.9522,0.0404
1,4,11,8,0.3543,0.6585,0.9971,0.1964,0.0328
1,4,11,9,0.9362,0.9326,0.9703,0.9348,0.0560
1,4,11,10,0.9616,0.9559,0.9919,0.9530,0.0226
1,4,11,11,0.9690,0.9736,0.9970,0.9637,0.0240
1,5,0,0,0.9418,0.9546,0.9802,0.9302,0.0253
1,5,0,1,0.2730,0.3492,1.0000,0.1679,0.0508
1,5,0,2,0.9308,0.9271,0.9107,0.9183,0.0338
1,5,0,3,0.3787,0.3888,0.9913,0.2813,0.0380
1,5,0,4,0.5829,0.6065,0.9929,0.5011,0.0104
1,5,0,5,0.3248,0.3476,0.9976,0.2234,0.0450
1,5,0,6,0.8874,0.9089,0.9897,0.8627,0.0342
1,5,0,7,0.8269,0.8297,0.9335,0.7868,0.0386
1,5,0,8,0.7236,0.6983,0.9731,0.6557,0.0353
1,5,0,9,0.9018,0.8855,0.8424,0.8845,0.0433
1,5,0,10,0.8738,0.8428,0.8965,0.8476,0.0421
1,5,0,11,0.9234,0.9154,0.9283,0.9101,0.0363
1,5,1,0,0.8626,0.8833,0.9901,0.8317,0.0307
1,5,1,1,0.9624,0.9583,0.9974,0.9548,0.0172
1,5,1,2,0.9512,0.9526,0.9952,0.9417,0.0294
1,5,1,3,0.9320,0.9026,0.9441,0.9179,0.0203
1,5,1,4,0.9749,0.9794,0.9968,0.9699,0.0174
1,5,1,5,1.0000,1.0000,1.0000,1.0000,0.0000
1,5,1,6,0.9386,0.9472,1.0000,0.9255,0.0129
1,5,1,7,0.9693,0.9738,0.9992,0.9629,0.0140
1,5,1,8,0.9747,0.9721,0.9847,0.9696,0.0118
1,5,1,9,0.9726,0.9678,0.9998,0.9672,0.0100
1,5,1,10,0.3467,0.6807,0.9408,0.1782,0.0415
1,5,1,11,0.4601,0.4336,0.9984,0.3693,0.0320
1,5,2,0,0.8982,0.9161,0.9753,0.8761,0.0295
1,5,2,1,0.9422,0.9447,0.9914,0.9343,0.0287
1,5,2,2,0.6191,0.7363,0.9763,0.5384,0.0157
1,5,2,3,0.8104,0.8237,0.9964,0.7677,0.0236
1,5,2,4,0.9582,0.9726,0.9995,0.9497,0.0089
1,5,2,5,0.8796,0.8918,0.9776,0.8528,0.0262
1,5,2,6,0.9575,0.9544,0.9893,0.9532,0.0324
1,5,2,7,0.8847,0.8917,0.9675,0.8598,0.0369
1,5,2,8,0.8795,0.8813,0.9687,0.8528,0.0199
1,5,2,9,0.6962,0.7474,0.9713,0.6268,0.0220
1,5,2,10,0.9492,0.9539,0.9819,0.9397,0.0294
1,5,2,11,0.9613,0.9601,0.9952,0.9550,0.0219
1,5,3,0,0.9243,0.9268,0.9813,0.9171,0.0430
1,5,3,1,0.9571,0.9533,0.9713,0.9482,0.0125
1,5,3,2,0.5786,0.6864,0.9857,0.4877,0.0126
1,5,3,3,0.8990,0.9180,0.9983,0.8826,0.0257
1,5,3,4,0.9204,0.9154,0.9827,0.9143,0.0509
1,5,3,5,0.9568,0.9735,0.9996,0.9483,0.0118
1,5,3,6,0.7460,0.7766,0.9671,0.6856,0.0300
1,5,3,7,0.6968,0.7446,0.9949,0.6317,0.0168
1,5,3,8,0.8813,0.8667,0.9365,0.8550,0.0268
1,5,3,9,0.6774,0.7852,0.9756,0.6186,0.0198
1,5,3,10,0.9604,0.9648,0.9927,0.9534,0.0139
1,5,3,11,0.8006,0.8659,0.9992,0.7578,0.0167
1,5,4,0,0.7191,0.7411,0.9672,0.6689,0.0213
1,5,4,1,0.9208,0.9324,0.9791,0.9044,0.0117
1,5,4,2,0.9423,0.9461,0.9926,0.9349,0.0324
1,5,4,3,0.8313,0.8706,0.9991,0.7950,0.0136
1,5,4,4,0.9561,0.9660,0.9982,0.9497,0.0219
1,5,4,5,0.7953,0.8609,0.9990,0.7531,0.0143
1,5,4,6,0.9537,0.9679,0.9949,0.9440,0.0119
1,5,4,7,0.7099,0.6946,0.9954,0.6510,0.0155
1,5,4,8,0.9369,0.9392,0.9842,0.9304,0.0390
1,5,4,9,0.9088,0.9230,0.9325,0.8891,0.0135
1,5,4,10,0.9240,0.9190,0.9851,0.9182,0.0495
1,5,4,11,0.3325,0.5410,0.9816,0.2394,0.0555
1,5,5,0,0.9381,0.9479,0.9801,0.9327,0.0395
1,5,5,1,0.9066,0.9042,0.9806,0.9003,0.0550
1,5,5,2,0.8473,0.8653,0.9557,0.8136,0.0195
1,5,5,3,0.9079,0.8990,0.9108,0.8880,0.0262
1,5,5,4,0.8184,0.8536,0.9682,0.7794,0.0115
1,5,5,5,0.9191,0.9210,0.9855,0.9120,0.0478
1,5,5,6,0.8850,0.9151,0.9860,0.8664,0.0290
1,5,5,7,0.8729,0.9111,0.9986,0.8509,0.0245
1,5,5,8,0.9366,0.9485,0.9884,0.9286,0.0310
1,5,5,9,0.9209,0.9167,0.9845,0.9141,0.0492
1,5,5,10,0.9506,0.9610,0.9952,0.9436,0.0247
1,5,5,11,0.9578,0.9599,0.9916,0.9528,0.0293
1,5,6,0,0.8037,0.8255,0.9411,0.7591,0.0244
1,5,6,1,0.9074,0.9058,0.9894,0.8972,0.0425
1,5,6,2,0.9392,0.9401,0.9935,0.9326,0.0384
1,5,6,3,0.9427,0.9493,0.9891,0.9356,0.0303
1,5,6,4,0.9362,0.9470,0.9953,0.9234,0.0073
1,5,6,5,0.9610,0.9688,0.9964,0.9546,0.0189
1,5,6,6,0.9275,0.9251,0.9867,0.9208,0.0447
1,5,6,7,0.9348,0.9700,0.9962,0.9219,0.0081
1,5,6,8,0.9284,0.9563,0.9998,0.9143,0.0104
1,5,6,9,0.9081,0.9042,0.9825,0.9016,0.0543
1,5,6,10,0.9178,0.9128,0.9820,0.9114,0.0517
1,5,6,11,0.8434,0.8684,0.9282,0.8084,0.0190
1,5,7,0,0.6886,0.7801,0.9992,0.6279,0.0171
1,5,7,1,0.9435,0.9407,0.9865,0.9377,0.0365
1,5,7,2,0.9123,0.9126,0.9818,0.9061,0.0535
1,5,7,3,0.9473,0.9764,0.9982,0.9373,0.0129
1,5,7,4,0.9326,0.9523,0.9954,0.9212,0.0202
1,5,7,5,0.9426,0.9479,0.9991,0.9334,0.0232
1,5,7,6,0.9361,0.9321,0.9847,0.9297,0.0405
1,5,7,7,0.9325,0.9333,0.9845,0.9269,0.0449
1,5,7,8,0.9403,0.9479,0.9999,0.9291,0.0160
1,5,7,9,0.8943,0.8897,0.9693,0.8736,0.0105
1,5,7,10,0.9111,0.9075,0.9851,0.9044,0.0527
1,5,7,11,0.9164,0.9180,0.9837,0.9100,0.0519
1,5,8,0,0.9278,0.9256,0.9987,0.9179,0.0324
1,5,8,1,0.9195,0.9170,0.9861,0.9133,0.0489
1,5,8,2,0.9459,0.9488,0.9946,0.9385,0.0293
1,5,8,3,0.9286,0.9262,0.9876,0.9216,0.0424
1,5,8,4,0.8180,0.9002,0.9726,0.7815,0.0157
1,5,8,5,0.9070,0.9097,0.9945,0.8876,0.0100
1,5,8,6,0.9246,0.9209,0.9830,0.9185,0.0479
1,5,8,7,0.7230,0.7893,0.9934,0.6689,0.0167
1,5,8,8,0.9428,0.9611,0.9987,0.9320,0.0113
1,5,8,9,0.9547,0.9541,0.9910,0.9485,0.0258
1,5,8,10,0.9524,0.9577,0.9974,0.9454,0.0261
1,5,8,11,0.9214,0.9187,0.9842,0.9140,0.0460
1,5,9,0,0.9144,0.9227,0.9853,0.9030,0.0324
1,5,9,1,0.9219,0.9195,0.9889,0.9148,0.0459
1,5,9,2,0.9292,0.9237,0.9880,0.9218,0.0400
1,5,9,3,0.7802,0.7943,0.9472,0.7302,0.0227
1,5,9,4,0.9258,0.9229,0.9849,0.9196,0.0467
1,5,9,5,0.9335,0.9329,0.9876,0.9257,0.0365
1,5,9,6,0.9113,0.9066,0.9817,0.9048,0.0537
1,5,9,7,0.9410,0.9580,0.9913,0.9318,0.0209
1,5,9,8,0.9202,0.9146,0.9830,0.9135,0.0489
1,5,9,9,0.9128,0.9088,0.9830,0.9064,0.0533
1,5,9,10,0.8869,0.9165,0.9921,0.8630,0.0118
1,5,9,11,0.9131,0.9090,0.9833,0.9067,0.0534
1,5,10,0,0.9179,0.9132,0.9821,0.9108,0.0485
1,5,10,1,0.9169,0.9127,0.9824,0.9100,0.0500
1,5,10,2,0.9259,0.9232,0.9872,0.9197,0.0475
1,5,10,3,0.9312,0.9301,0.9972,0.9231,0.0375
1,5,10,4,0.9297,0.9313,0.9976,0.9189,0.0232
1,5,10,5,0.9174,0.9245,1.0000,0.9026,0.0157
1,5,10,6,0.9205,0.9177,0.9837,0.9125,0.0439
1,5,10,7,0.9304,0.9308,0.9899,0.9226,0.0395
1,5,10,8,0.9126,0.9077,0.9832,0.9061,0.0533
1,5,10,9,0.9249,0.9404,1.0000,0.9094,0.0091
1,5,10,10,0.9115,0.9065,0.9825,0.9048,0.0531
1,5,10,11,0.8054,0.8345,1.0000,0.7728,0.0252
1,5,11,0,0.7417,0.6983,0.8311,0.6769,0.0475
1,5,11,1,0.9414,0.9415,0.9979,0.9329,0.0287
1,5,11,2,0.9170,0.9125,0.9911,0.9095,0.0487
1,5,11,3,0.8926,0.9091,0.9713,0.8689,0.0173
1,5,11,4,0.9471,0.9444,0.9995,0.9385,0.0249
1,5,11,5,0.9256,0.9222,0.9931,0.9185,0.0422
1,5,11,6,0.9162,0.9107,0.9849,0.9094,0.0512
1,5,11,7,0.9400,0.9427,0.9968,0.9324,0.0332
1,5,11,8,0.3641,0.6367,0.9879,0.2207,0.0240
1,5,11,9,0.9244,0.9202,0.9865,0.9180,0.0485
1,5,11,10,0.9540,0.9464,0.9786,0.9444,0.0091
1,5,11,11,0.9547,0.9663,1.0000,0.9460,0.0110
1,6,0,0,0.9504,0.9603,0.9808,0.9382,0.0177
1,6,0,1,0.3039,0.3902,1.0000,0.1969,0.0631
1,6,0,2,0.9258,0.9245,0.9119,0.9077,0.0247
1,6,0,3,0.4221,0.4257,0.9917,0.3260,0.0491
1,6,0,4,0.6591,0.6422,0.9932,0.5877,0.0188
1,6,0,5,0.3550,0.3836,0.9978,0.2521,0.0573
1,6,0,6,0.9263,0.9408,0.9901,0.9079,0.0237
1,6,0,7,0.8308,0.8504,0.9345,0.7857,0.0270
1,6,0,8,0.7194,0.7253,0.9738,0.6425,0.0253
1,6,0,9,0.8953,0.8881,0.8440,0.8698,0.0341
1,6,0,10,0.8845,0.8544,0.8978,0.8553,0.0306
1,6,0,11,0.9218,0.9198,0.9294,0.9032,0.0277
1,6,1,0,0.8864,0.8894,0.9905,0.8576,0.0199
1,6,1,1,0.9194,0.9443,0.9976,0.8998,0.0091
1,6,1,2,0.9340,0.9513,0.9955,0.9176,0.0220
1,6,1,3,0.9049,0.8679,0.9450,0.8809,0.0182
1,6,1,4,0.9462,0.9513,0.9970,0.9333,0.0185
1,6,1,5,0.9386,0.9472,1.0000,0.9255,0.0129
1,6,1,6,1.0000,1.0000,1.0000,1.0000,0.0000
1,6,1,7,0.9462,0.9532,0.9993,0.9336,0.0140
1,6,1,8,0.9254,0.9434,0.9852,0.9076,0.0136
1,6,1,9,0.9143,0.9246,0.9999,0.8968,0.0199
1,6,1,10,0.4123,0.7135,0.9418,0.2481,0.0331
1,6,1,11,0.5052,0.4715,0.9986,0.4170,0.0415
1,6,2,0,0.9033,0.9234,0.9760,0.8787,0.0182
1,6,2,1,0.8947,0.8935,0.9911,0.8795,0.0411
1,6,2,2,0.6267,0.7564,0.9769,0.5415,0.0160
1,6,2,3,0.8148,0.8619,0.9967,0.7688,0.0136
1,6,2,4,0.9146,0.9226,0.9995,0.8964,0.0139
1,6,2,5,0.8634,0.9051,0.9783,0.8287,0.0160
1,6,2,6,0.8699,0.8935,0.9889,0.8515,0.0445
1,6,2,7,0.9041,0.9109,0.9682,0.8798,0.0269
1,6,2,8,0.8710,0.9073,0.9694,0.8388,0.0097
1,6,2,9,0.7595,0.8023,0.9720,0.6996,0.0123
1,6,2,10,0.9467,0.9482,0.9825,0.9337,0.0223
1,6,2,11,0.9123,0.9045,0.9949,0.8974,0.0329
1,6,3,0,0.8723,0.8628,0.9807,0.8584,0.0554
1,6,3,1,0.8926,0.9186,0.9719,0.8689,0.0143
1,6,3,2,0.5935,0.7368,0.9862,0.4989,0.0131
1,6,3,3,0.8485,0.8714,0.9981,0.8230,0.0365
1,6,3,4,0.8553,0.8439,0.9821,0.8408,0.0632
1,6,3,5,0.9224,0.9387,0.9996,0.9067,0.0197
1,6,3,6,0.7927,0.8464,0.9678,0.7383,0.0198
1,6,3,7,0.7244,0.7882,0.9952,0.6605,0.0131
1,6,3,8,0.8339,0.8591,0.9375,0.7923,0.0202
1,6,3,9,0.7158,0.8412,0.9763,0.6614,0.0269
1,6,3,10,0.9214,0.9169,0.9924,0.9074,0.0262
1,6,3,11,0.7970,0.8815,0.9993,0.7499,0.0138
1,6,4,0,0.7834,0.8395,0.9679,0.7434,0.0294
1,6,4,1,0.9036,0.9103,0.9797,0.8823,0.0140
1,6,4,2,0.8913,0.8902,0.9922,0.8763,0.0447
1,6,4,3,0.8762,0.9142,0.9992,0.8473,0.0100
1,6,4,4,0.8987,0.9013,0.9980,0.8825,0.0345
1,6,4,5,0.8038,0.8791,0.9991,0.7606,0.0156
1,6,4,6,0.9095,0.9417,0.9952,0.8893,0.0169
1,6,4,7,0.7480,0.7462,0.9957,0.6934,0.0189
1,6,4,8,0.8702,0.8750,0.9836,0.8539,0.0513
1,6,4,9,0.8709,0.8905,0.9336,0.8403,0.0091
1,6,4,10,0.8559,0.8485,0.9846,0.8412,0.0618
1,6,4,11,0.3676,0.5684,0.9810,0.2744,0.0678
1,6,5,0,0.8782,0.8718,0.9795,0.8647,0.0516
1,6,5,1,0.8414,0.8309,0.9800,0.8272,0.0673
1,6,5,2,0.8324,0.8812,0.9565,0.7919,0.0167
1,6,5,3,0.9293,0.9246,0.9120,0.9116,0.0163
1,6,5,4,0.8177,0.8612,0.9689,0.7753,0.0129
1,6,5,5,0.8579,0.8492,0.9850,0.8428,0.0601
1,6,5,6,0.8694,0.8754,0.9855,0.8485,0.0371
1,6,5,7,0.8244,0.8891,0.9987,0.7929,0.0337
1,6,5,8,0.8931,0.9056,0.9879,0.8789,0.0436
1,6,5,9,0.8561,0.8478,0.9840,0.8408,0.0615
1,6,5,10,0.9059,0.9096,0.9949,0.8919,0.0373
1,6,5,11,0.8883,0.8885,0.9912,0.8722,0.0418
1,6,6,0,0.8690,0.9063,0.9421,0.8362,0.0173
1,6,6,1,0.8229,0.8581,0.9889,0.7999,0.0548
1,6,6,2,0.8805,0.8752,0.9932,0.8653,0.0510
1,6,6,3,0.8691,0.8957,0.9887,0.8501,0.0424
1,6,6,4,0.9368,0.9412,0.9951,0.9239,0.0176
1,6,6,5,0.9040,0.9107,0.9962,0.8873,0.0302
1,6,6,6,0.8636,0.8556,0.9862,0.8481,0.0573
1,6,6,7,0.8942,0.9354,0.9959,0.8723,0.0171
1,6,6,8,0.9057,0.9127,0.9998,0.8866,0.0169
1,6,6,9,0.8411,0.8305,0.9820,0.8264,0.0666
1,6,6,10,0.8510,0.8421,0.9814,0.8360,0.0640
1,6,6,11,0.8632,0.8789,0.9293,0.8294,0.0127
1,6,7,0,0.7085,0.8044,0.9993,0.6481,0.0223
1,6,7,1,0.8642,0.8798,0.9860,0.8462,0.0491
1,6,7,2,0.8458,0.8403,0.9812,0.8315,0.0659
1,6,7,3,0.9311,0.9447,0.9980,0.9181,0.0215
1,6,7,4,0.9217,0.9317,0.9952,0.9090,0.0289
1,6,7,5,0.8884,0.8928,0.9989,0.8697,0.0353
1,6,7,6,0.8675,0.8707,0.9841,0.8511,0.0529
1,6,7,7,0.8587,0.8635,0.9840,0.8428,0.0572
1,6,7,8,0.9059,0.9428,1.0000,0.8879,0.0236
1,6,7,9,0.8862,0.8733,0.9700,0.8632,0.0186
1,6,7,10,0.8429,0.8347,0.9846,0.8275,0.0651
1,6,7,11,0.8520,0.8459,0.9831,0.8376,0.0643
1,6,8,0,0.8738,0.8616,0.9985,0.8555,0.0450
1,6,8,1,0.8453,0.8504,0.9856,0.8290,0.0613
1,6,8,2,0.8861,0.8922,0.9943,0.8690,0.0418
1,6,8,3,0.8548,0.8667,0.9872,0.8371,0.0550
1,6,8,4,0.8091,0.8815,0.9732,0.7686,0.0199
1,6,8,5,0.9335,0.9273,0.9948,0.9188,0.0129
1,6,8,6,0.8479,0.8567,0.9825,0.8312,0.0602
1,6,8,7,0.7367,0.8067,0.9938,0.6822,0.0203
1,6,8,8,0.9178,0.9251,0.9986,0.9020,0.0231
1,6,8,9,0.8813,0.9029,0.9906,0.8625,0.0376
1,6,8,10,0.9007,0.9000,0.9972,0.8851,0.0382
1,6,8,11,0.8614,0.8529,0.9837,0.8459,0.0584
1,6,9,0,0.8710,0.8803,0.9848,0.8531,0.0442
1,6,9,1,0.8468,0.8558,0.9884,0.8292,0.0585
1,6,9,2,0.8537,0.8670,0.9876,0.8351,0.0523
1,6,9,3,0.8012,0.8170,0.9481,0.7514,0.0153
1,6,9,4,0.8513,0.8588,0.9844,0.8348,0.0590
1,6,9,5,0.8779,0.8697,0.9871,0.8618,0.0491
1,6,9,6,0.8444,0.8356,0.9811,0.8296,0.0660
1,6,9,7,0.8984,0.9240,0.9909,0.8820,0.0332
1,6,9,8,0.8574,0.8501,0.9825,0.8426,0.0613
1,6,9,9,0.8447,0.8382,0.9825,0.8296,0.0656
1,6,9,10,0.9107,0.9308,0.9925,0.8904,0.0129
1,6,9,11,0.8473,0.8371,0.9828,0.8326,0.0657
1,6,10,0,0.8544,0.8481,0.9815,0.8388,0.0609
1,6,10,1,0.8478,0.8438,0.9819,0.8318,0.0623
1,6,10,2,0.8610,0.8545,0.9867,0.8462,0.0598
1,6,10,3,0.8651,0.8639,0.9970,0.8468,0.0501
1,6,10,4,0.8650,0.8859,0.9974,0.8428,0.0358
1,6,10,5,0.9031,0.8991,1.0000,0.8857,0.0236
1,6,10,6,0.8614,0.8580,0.9832,0.8453,0.0563
1,6,10,7,0.8702,0.8681,0.9895,0.8537,0.0521
1,6,10,8,0.8458,0.8368,0.9827,0.8307,0.0656
1,6,10,9,0.9253,0.9180,1.0000,0.9090,0.0169
1,6,10,10,0.8443,0.8359,0.9819,0.8291,0.0655
1,6,10,11,0.7669,0.8399,0.9999,0.7262,0.0357
1,6,11,0,0.7598,0.7200,0.8328,0.6913,0.0367
1,6,11,1,0.8833,0.8876,0.9977,0.8651,0.0411
1,6,11,2,0.8501,0.8408,0.9907,0.8335,0.0613
1,6,11,3,0.8553,0.9064,0.9720,0.8193,0.0123
1,6,11,4,0.8922,0.8853,0.9995,0.8737,0.0370
1,6,11,5,0.8391,0.8623,0.9927,0.8192,0.0546
1,6,11,6,0.8486,0.8405,0.9844,0.8330,0.0635
1,6,11,7,0.8849,0.8821,0.9966,0.8690,0.0458
1,6,11,8,0.3953,0.6776,0.9883,0.2479,0.0169
1,6,11,9,0.8544,0.8506,0.9861,0.8385,0.0611
1,6,11,10,0.8915,0.9173,0.9792,0.8670,0.0164
1,6,11,11,0.9172,0.9318,1.0000,0.9009,0.0226
1,7,0,0,0.9677,0.9777,0.9873,0.9604,0.0160
1,7,0,1,0.2228,0.3054,0.9994,0.1033,0.0601
1,7,0,2,0.9572,0.9478,0.9265,0.9486,0.0245
1,7,0,3,0.3439,0.3404,0.9958,0.2350,0.0502
1,7,0,4,0.5775,0.5553,0.9968,0.4898,0.0202
1,7,0,5,0.2796,0.3024,0.9996,0.1648,0.0538
1,7,0,6,0.9356,0.9392,0.9946,0.9202,0.0265
1,7,0,7,0.8333,0.8265,0.9471,0.7899,0.0340
1,7,0,8,0.7492,0.7288,0.9815,0.6821,0.0268
1,7,0,9,0.9293,0.9073,0.8633,0.9153,0.0348
1,7,0,10,0.8701,0.8388,0.9135,0.8375,0.0341
1,7,0,11,0.9532,0.9363,0.9424,0.9446,0.0273
1,7,1,0,0.8869,0.8845,0.9949,0.8588,0.0266
1,7,1,1,0.9547,0.9494,0.9995,0.9440,0.0139
1,7,1,2,0.9620,0.9627,0.9983,0.9532,0.0203
1,7,1,3,0.9445,0.9117,0.9565,0.9312,0.0168
1,7,1,4,0.9935,0.9931,0.9992,0.9920,0.0071
1,7,1,5,0.9693,0.9738,0.9992,0.9629,0.0140
1,7,1,6,0.9462,0.9532,0.9993,0.9336,0.0140
1,7,1,7,1.0000,1.0000,1.0000,1.0000,0.0000
1,7,1,8,0.9796,0.9836,0.9908,0.9748,0.0091
1,7,1,9,0.9719,0.9809,0.9997,0.9666,0.0193
1,7,1,10,0.3739,0.6983,0.9536,0.2011,0.0361
1,7,1,11,0.4279,0.3924,0.9999,0.3262,0.0439
1,7,2,0,0.9436,0.9416,0.9834,0.9302,0.0260
1,7,2,1,0.9540,0.9514,0.9854,0.9497,0.0367
1,7,2,2,0.6165,0.7148,0.9842,0.5300,0.0264
1,7,2,3,0.8263,0.8315,0.9990,0.7839,0.0240
1,7,2,4,0.9552,0.9581,0.9976,0.9459,0.0206
1,7,2,5,0.8838,0.8826,0.9853,0.8549,0.0266
1,7,2,6,0.9479,0.9471,0.9827,0.9436,0.0425
1,7,2,7,0.9023,0.8936,0.9768,0.8783,0.0307
1,7,2,8,0.8890,0.8871,0.9779,0.8619,0.0203
1,7,2,9,0.7439,0.7553,0.9800,0.6810,0.0219
1,7,2,10,0.9707,0.9606,0.9887,0.9644,0.0195
1,7,2,11,0.9671,0.9629,0.9905,0.9629,0.0278
1,7,3,0,0.9231,0.9268,0.9728,0.9176,0.0505
1,7,3,1,0.9501,0.9429,0.9800,0.9393,0.0234
1,7,3,2,0.5850,0.6894,0.9916,0.4896,0.0201
1,7,3,3,0.9101,0.9195,0.9952,0.8963,0.0376
1,7,3,4,0.9210,0.9198,0.9745,0.9172,0.0584
1,7,3,5,0.9801,0.9799,0.9999,0.9766,0.0140
1,7,3,6,0.7836,0.7915,0.9765,0.7276,0.0268
1,7,3,7,0.7447,0.7422,0.9981,0.6862,0.0224
1,7,3,8,0.8729,0.8593,0.9498,0.8417,0.0332
1,7,3,9,0.6991,0.7999,0.9836,0.6417,0.0323
1,7,3,10,0.9641,0.9573,0.9871,0.9586,0.0264
1,7,3,11,0.8400,0.8644,1.0000,0.8033,0.0231
1,7,4,0,0.7340,0.7675,0.9765,0.6845,0.0345
1,7,4,1,0.9291,0.9361,0.9865,0.9136,0.0205
1,7,4,2,0.9499,0.9487,0.9869,0.9454,0.0399
1,7,4,3,0.8772,0.8940,1.0000,0.8488,0.0180
1,7,4,4,0.9562,0.9561,0.9950,0.9510,0.0304
1,7,4,5,0.8256,0.8606,1.0000,0.7876,0.0247
1,7,4,6,0.9748,0.9744,0.9981,0.9693,0.0097
1,7,4,7,0.6942,0.6698,0.9985,0.6285,0.0274
1,7,4,8,0.9452,0.9404,0.9763,0.9420,0.0464
1,7,4,9,0.9376,0.9224,0.9462,0.9229,0.0184
1,7,4,10,0.9219,0.9220,0.9775,0.9181,0.0569
1,7,4,11,0.3519,0.4921,0.9732,0.2570,0.0630
1,7,5,0,0.9264,0.9280,0.9714,0.9210,0.0496
1,7,5,1,0.9073,0.9101,0.9720,0.9036,0.0624
1,7,5,2,0.8832,0.8685,0.9666,0.8553,0.0260
1,7,5,3,0.9312,0.9205,0.9266,0.9145,0.0216
1,7,5,4,0.8506,0.8325,0.9774,0.8162,0.0216
1,7,5,5,0.9232,0.9239,0.9780,0.9190,0.0552
1,7,5,6,0.9021,0.9032,0.9786,0.8872,0.0417
1,7,5,7,0.8968,0.9128,0.9999,0.8795,0.0370
1,7,5,8,0.9441,0.9507,0.9815,0.9390,0.0421
1,7,5,9,0.9252,0.9221,0.9767,0.9214,0.0567
1,7,5,10,0.9541,0.9541,0.9905,0.9490,0.0342
1,7,5,11,0.9527,0.9485,0.9857,0.9484,0.0380
1,7,6,0,0.8360,0.8483,0.9539,0.7955,0.0306
1,7,6,1,0.9130,0.9076,0.9828,0.9055,0.0510
1,7,6,2,0.9419,0.9416,0.9882,0.9376,0.0459
1,7,6,3,0.9492,0.9493,0.9825,0.9448,0.0380
1,7,6,4,0.9679,0.9702,0.9907,0.9616,0.0188
1,7,6,5,0.9660,0.9635,0.9923,0.9615,0.0251
1,7,6,6,0.9273,0.9286,0.9794,0.9226,0.0522
1,7,6,7,0.9626,0.9618,0.9919,0.9554,0.0161
1,7,6,8,0.9436,0.9485,0.9983,0.9325,0.0218
1,7,6,9,0.9074,0.9098,0.9743,0.9033,0.0618
1,7,6,10,0.9188,0.9186,0.9737,0.9148,0.0592
1,7,6,11,0.8658,0.8735,0.9424,0.8332,0.0244
1,7,7,0,0.7145,0.7966,1.0000,0.6559,0.0303
1,7,7,1,0.9412,0.9387,0.9792,0.9368,0.0455
1,7,7,2,0.9111,0.9154,0.9734,0.9072,0.0610
1,7,7,3,0.9633,0.9675,0.9950,0.9568,0.0193
1,7,7,4,0.9381,0.9434,0.9908,0.9284,0.0293
1,7,7,5,0.9513,0.9522,0.9965,0.9447,0.0302
1,7,7,6,0.9420,0.9346,0.9769,0.9386,0.0480
1,7,7,7,0.9317,0.9310,0.9767,0.9282,0.0523
1,7,7,8,0.9442,0.9480,0.9996,0.9340,0.0279
1,7,7,9,0.9027,0.8942,0.9783,0.8831,0.0237
1,7,7,10,0.9113,0.9126,0.9774,0.9070,0.0602
1,7,7,11,0.9155,0.9194,0.9757,0.9113,0.0594
1,7,8,0,0.9270,0.9286,0.9958,0.9183,0.0399
1,7,8,1,0.9207,0.9207,0.9787,0.9169,0.0564
1,7,8,2,0.9570,0.9532,0.9896,0.9531,0.0367
1,7,8,3,0.9316,0.9284,0.9806,0.9271,0.0498
1,7,8,4,0.8215,0.8961,0.9811,0.7839,0.0274
1,7,8,5,0.9340,0.9269,0.9979,0.9195,0.0140
1,7,8,6,0.9261,0.9233,0.9749,0.9225,0.0554
1,7,8,7,0.7551,0.8081,0.9972,0.7049,0.0278
1,7,8,8,0.9690,0.9755,0.9959,0.9638,0.0182
1,7,8,9,0.9559,0.9510,0.9848,0.9512,0.0328
1,7,8,10,0.9538,0.9541,0.9937,0.9483,0.0333
1,7,8,11,0.9292,0.9262,0.9763,0.9252,0.0535
1,7,9,0,0.9313,0.9314,0.9777,0.9242,0.0438
1,7,9,1,0.9255,0.9238,0.9821,0.9212,0.0534
1,7,9,2,0.9339,0.9276,0.9811,0.9293,0.0480
1,7,9,3,0.8000,0.7993,0.9592,0.7506,0.0247
1,7,9,4,0.9263,0.9245,0.9773,0.9224,0.0542
1,7,9,5,0.9371,0.9371,0.9805,0.9315,0.0439
1,7,9,6,0.9131,0.9132,0.9733,0.9093,0.0611
1,7,9,7,0.9666,0.9660,0.9852,0.9632,0.0312
1,7,9,8,0.9237,0.9207,0.9749,0.9199,0.0564
1,7,9,9,0.9147,0.9151,0.9749,0.9109,0.0607
1,7,9,10,0.8912,0.9069,0.9963,0.8667,0.0182
1,7,9,11,0.9143,0.9155,0.9752,0.9104,0.0609
1,7,10,0,0.9229,0.9193,0.9738,0.9188,0.0560
1,7,10,1,0.9197,0.9174,0.9742,0.9156,0.0575
1,7,10,2,0.9276,0.9280,0.9800,0.9239,0.0550
1,7,10,3,0.9313,0.9303,0.9935,0.9248,0.0450
1,7,10,4,0.9370,0.9362,0.9940,0.9285,0.0341
1,7,10,5,0.9065,0.9053,0.9995,0.8897,0.0261
1,7,10,6,0.9294,0.9238,0.9758,0.9248,0.0514
1,7,10,7,0.9352,0.9344,0.9834,0.9301,0.0470
1,7,10,8,0.9133,0.9138,0.9752,0.9092,0.0607
1,7,10,9,0.9195,0.9119,0.9994,0.9021,0.0178
1,7,10,10,0.9135,0.9129,0.9742,0.9095,0.0606
1,7,10,11,0.8215,0.8501,0.9988,0.7913,0.0376
1,7,11,0,0.7395,0.7055,0.8527,0.6661,0.0392
1,7,11,1,0.9523,0.9460,0.9945,0.9470,0.0359
1,7,11,2,0.9181,0.9176,0.9850,0.9129,0.0561
1,7,11,3,0.9206,0.9174,0.9800,0.9014,0.0190
1,7,11,4,0.9519,0.9471,1.0000,0.9451,0.0319
1,7,11,5,0.9244,0.9228,0.9876,0.9191,0.0523
1,7,11,6,0.9180,0.9164,0.9772,0.9137,0.0586
1,7,11,7,0.9437,0.9432,0.9929,0.9384,0.0407
1,7,11,8,0.3329,0.6229,0.9933,0.1725,0.0281
1,7,11,9,0.9246,0.9239,0.9792,0.9205,0.0560
1,7,11,10,0.9484,0.9436,0.9860,0.9369,0.0210
1,7,11,11,0.9582,0.9663,0.9993,0.9505,0.0216
1,8,0,0,0.9470,0.9655,0.9997,0.9338,0.0164
1,8,0,1,0.2437,0.3345,0.9854,0.1261,0.0600
1,8,0,2,0.9560,0.9587,0.9688,0.9464,0.0236
1,8,0,3,0.3497,0.3595,0.9991,0.2403,0.0493
1,8,0,4,0.5529,0.5557,0.9984,0.4586,0.0182
1,8,0,5,0.2927,0.3303,0.9944,0.1786,0.0537
1,8,0,6,0.8999,0.9203,0.9995,0.8742,0.0272
1,8,0,7,0.8406,0.8287,0.9817,0.7980,0.0323
1,8,0,8,0.7963,0.7689,0.9984,0.7411,0.0264
1,8,0,9,0.9422,0.9298,0.9235,0.9311,0.0338
1,8,0,10,0.8876,0.8660,0.9600,0.8590,0.0332
1,8,0,11,0.9428,0.9413,0.9789,0.9302,0.0264
1,8,1,0,0.8732,0.8771,0.9994,0.8407,0.0265
1,8,1,1,0.9591,0.9468,0.9947,0.9491,0.0122
1,8,1,2,0.9603,0.9527,0.9970,0.9506,0.0205
1,8,1,3,0.9561,0.9357,0.9871,0.9453,0.0159
1,8,1,4,0.9834,0.9882,0.9954,0.9794,0.0122
1,8,1,5,0.9747,0.9721,0.9847,0.9696,0.0118
1,8,1,6,0.9254,0.9434,0.9852,0.9076,0.0136
1,8,1,7,0.9796,0.9836,0.9908,0.9748,0.0091
1,8,1,8,1.0000,1.0000,1.0000,1.0000,0.0000
1,8,1,9,0.9918,0.9892,0.9875,0.9910,0.0157
1,8,1,10,0.3896,0.7028,0.9855,0.2182,0.0354
1,8,1,11,0.4377,0.4179,0.9930,0.3365,0.0422
1,8,2,0,0.9165,0.9328,0.9989,0.8953,0.0222
1,8,2,1,0.9501,0.9582,0.9535,0.9455,0.0371
1,8,2,2,0.6219,0.7044,0.9991,0.5352,0.0184
1,8,2,3,0.8373,0.8356,0.9959,0.7968,0.0215
1,8,2,4,0.9599,0.9617,0.9790,0.9517,0.0155
1,8,2,5,0.8773,0.8751,0.9993,0.8460,0.0239
1,8,2,6,0.9564,0.9555,0.9487,0.9542,0.0424
1,8,2,7,0.8779,0.8757,0.9968,0.8459,0.0290
1,8,2,8,0.8790,0.8786,0.9972,0.8487,0.0171
1,8,2,9,0.6963,0.7284,0.9979,0.6203,0.0194
1,8,2,10,0.9489,0.9494,0.9999,0.9364,0.0197
1,8,2,11,0.9665,0.9677,0.9628,0.9626,0.0285
1,8,3,0,0.9281,0.9361,0.9326,0.9242,0.0514
1,8,3,1,0.9721,0.9716,0.9979,0.9661,0.0180
1,8,3,2,0.6242,0.7099,1.0000,0.5365,0.0142
1,8,3,3,0.9180,0.9336,0.9729,0.9061,0.0362
1,8,3,4,0.9264,0.9300,0.9353,0.9243,0.0593
1,8,3,5,0.9747,0.9834,0.9894,0.9703,0.0147
1,8,3,6,0.7716,0.7815,0.9966,0.7112,0.0243
1,8,3,7,0.7274,0.7334,0.9973,0.6639,0.0192
1,8,3,8,0.8832,0.8833,0.9833,0.8538,0.0275
1,8,3,9,0.6891,0.8186,0.9989,0.6291,0.0290
1,8,3,10,0.9628,0.9600,0.9565,0.9573,0.0236
1,8,3,11,0.8114,0.8464,0.9909,0.7675,0.0190
1,8,4,0,0.7239,0.7659,0.9967,0.6719,0.0312
1,8,4,1,0.9331,0.9584,0.9996,0.9185,0.0159
1,8,4,2,0.9538,0.9568,0.9561,0.9507,0.0408
1,8,4,3,0.8338,0.8628,0.9911,0.7948,0.0163
1,8,4,4,0.9559,0.9613,0.9724,0.9510,0.0300
1,8,4,5,0.8145,0.8619,0.9915,0.7736,0.0195
1,8,4,6,0.9654,0.9739,0.9972,0.9579,0.0093
1,8,4,7,0.6704,0.6534,0.9968,0.5985,0.0197
1,8,4,8,0.9465,0.9470,0.9381,0.9442,0.0474
1,8,4,9,0.9454,0.9458,0.9812,0.9323,0.0119
1,8,4,10,0.9281,0.9328,0.9401,0.9261,0.0579
1,8,4,11,0.3488,0.4898,0.9332,0.2522,0.0639
1,8,5,0,0.9252,0.9350,0.9304,0.9202,0.0495
1,8,5,1,0.9140,0.9208,0.9313,0.9123,0.0634
1,8,5,2,0.8749,0.8727,0.9924,0.8445,0.0198
1,8,5,3,0.9283,0.9347,0.9689,0.9103,0.0186
1,8,5,4,0.8405,0.8388,0.9970,0.8033,0.0150
1,8,5,5,0.9270,0.9330,0.9408,0.9242,0.0561
1,8,5,6,0.9027,0.9075,0.9418,0.8882,0.0390
1,8,5,7,0.9012,0.9332,0.9926,0.8850,0.0345
1,8,5,8,0.9408,0.9530,0.9467,0.9357,0.0409
1,8,5,9,0.9292,0.9325,0.9389,0.9268,0.0576
1,8,5,10,0.9477,0.9572,0.9628,0.9418,0.0336
1,8,5,11,0.9548,0.9542,0.9539,0.9514,0.0379
1,8,6,0,0.8195,0.8376,0.9857,0.7741,0.0249
1,8,6,1,0.9224,0.9248,0.9488,0.9172,0.0509
1,8,6,2,0.9465,0.9516,0.9585,0.9437,0.0468
1,8,6,3,0.9453,0.9494,0.9483,0.9407,0.0379
1,8,6,4,0.9435,0.9570,0.9633,0.9321,0.0157
1,8,6,5,0.9642,0.9671,0.9665,0.9598,0.0260
1,8,6,6,0.9339,0.9390,0.9432,0.9310,0.0531
1,8,6,7,0.9443,0.9535,0.9657,0.9332,0.0144
1,8,6,8,0.9343,0.9469,0.9811,0.9214,0.0198
1,8,6,9,0.9143,0.9213,0.9350,0.9121,0.0627
1,8,6,10,0.9244,0.9283,0.9340,0.9222,0.0601
1,8,6,11,0.8709,0.8973,0.9789,0.8389,0.0188
1,8,7,0,0.7300,0.8121,0.9909,0.6740,0.0252
1,8,7,1,0.9468,0.9481,0.9428,0.9441,0.0451
1,8,7,2,0.9175,0.9262,0.9335,0.9155,0.0619
1,8,7,3,0.9508,0.9675,0.9725,0.9419,0.0181
1,8,7,4,0.9304,0.9425,0.9635,0.9195,0.0278
1,8,7,5,0.9596,0.9640,0.9762,0.9551,0.0311
1,8,7,6,0.9425,0.9431,0.9391,0.9398,0.0489
1,8,7,7,0.9365,0.9398,0.9389,0.9345,0.0533
1,8,7,8,0.9415,0.9539,0.9867,0.9309,0.0254
1,8,7,9,0.9004,0.9210,0.9973,0.8804,0.0197
1,8,7,10,0.9184,0.9247,0.9400,0.9161,0.0611
1,8,7,11,0.9210,0.9302,0.9372,0.9185,0.0603
1,8,8,0,0.9385,0.9451,0.9743,0.9325,0.0405
1,8,8,1,0.9291,0.9330,0.9420,0.9275,0.0573
1,8,8,2,0.9593,0.9612,0.9611,0.9563,0.0374
1,8,8,3,0.9381,0.9393,0.9452,0.9354,0.0505
1,8,8,4,0.8315,0.9216,0.9982,0.7957,0.0228
1,8,8,5,0.9135,0.9295,0.9976,0.8942,0.0123
1,8,8,6,0.9336,0.9339,0.9359,0.9321,0.0563
1,8,8,7,0.7686,0.8244,0.9982,0.7207,0.0237
1,8,8,8,0.9565,0.9756,0.9746,0.9489,0.0186
1,8,8,9,0.9588,0.9572,0.9524,0.9552,0.0332
1,8,8,10,0.9593,0.9645,0.9695,0.9553,0.0337
1,8,8,11,0.9319,0.9360,0.9382,0.9290,0.0544
1,8,9,0,0.9294,0.9376,0.9404,0.9225,0.0434
1,8,9,1,0.9350,0.9374,0.9477,0.9330,0.0543
1,8,9,2,0.9403,0.9406,0.9460,0.9375,0.0484
1,8,9,3,0.8085,0.8307,0.9886,0.7604,0.0211
1,8,9,4,0.9334,0.9359,0.9397,0.9314,0.0551
1,8,9,5,0.9410,0.9455,0.9450,0.9367,0.0446
1,8,9,6,0.9195,0.9240,0.9333,0.9176,0.0620
1,8,9,7,0.9570,0.9601,0.9531,0.9522,0.0306
1,8,9,8,0.9275,0.9307,0.9359,0.9250,0.0573
1,8,9,9,0.9217,0.9262,0.9359,0.9199,0.0617
1,8,9,10,0.8886,0.9136,0.9988,0.8632,0.0142
1,8,9,11,0.9214,0.9263,0.9364,0.9195,0.0618
1,8,10,0,0.9266,0.9293,0.9341,0.9238,0.0569
1,8,10,1,0.9258,0.9285,0.9348,0.9235,0.0584
1,8,10,2,0.9319,0.9379,0.9442,0.9296,0.0559
1,8,10,3,0.9409,0.9458,0.9689,0.9367,0.0454
1,8,10,4,0.9446,0.9517,0.9701,0.9380,0.0329
1,8,10,5,0.8955,0.9141,0.9860,0.8766,0.0236
1,8,10,6,0.9314,0.9335,0.9373,0.9279,0.0523
1,8,10,7,0.9411,0.9459,0.9500,0.9376,0.0476
1,8,10,8,0.9208,0.9252,0.9364,0.9187,0.0617
1,8,10,9,0.9054,0.9132,0.9858,0.8847,0.0130
1,8,10,10,0.9204,0.9243,0.9349,0.9183,0.0615
1,8,10,11,0.8396,0.8623,0.9832,0.8129,0.0362
1,8,11,0,0.7704,0.7566,0.9154,0.7049,0.0383
1,8,11,1,0.9576,0.9572,0.9713,0.9538,0.0363
1,8,11,2,0.9264,0.9315,0.9527,0.9233,0.0568
1,8,11,3,0.9268,0.9336,0.9979,0.9086,0.0131
1,8,11,4,0.9618,0.9634,0.9899,0.9572,0.0315
1,8,11,5,0.9340,0.9381,0.9573,0.9311,0.0522
1,8,11,6,0.9246,0.9283,0.9396,0.9222,0.0596
1,8,11,7,0.9469,0.9532,0.9677,0.9427,0.0413
1,8,11,8,0.3771,0.6555,0.9998,0.2247,0.0237
1,8,11,9,0.9310,0.9351,0.9429,0.9286,0.0569
1,8,11,10,0.9669,0.9672,0.9995,0.9596,0.0148
1,8,11,11,0.9574,0.9747,0.9851,0.9497,0.0194
1,9,0,0,0.9326,0.9473,0.9835,0.9202,0.0295
1,9,0,1,0.1909,0.2763,0.9999,0.0765,0.0458
1,9,0,2,0.9281,0.9235,0.9177,0.9168,0.0380
1,9,0,3,0.2983,0.3077,0.9934,0.1907,0.0346
1,9,0,4,0.5088,0.5070,0.9948,0.4153,0.0119
1,9,0,5,0.2434,0.2754,0.9986,0.1323,0.0395
1,9,0,6,0.8689,0.8935,0.9921,0.8416,0.0395
1,9,0,7,0.7844,0.7708,0.9396,0.7357,0.0441
1,9,0,8,0.7514,0.7160,0.9770,0.6941,0.0403
1,9,0,9,0.9041,0.8797,0.8516,0.8901,0.0483
1,9,0,10,0.8490,0.8141,0.9040,0.8185,0.0476
1,9,0,11,0.9120,0.9059,0.9346,0.8978,0.0408
1,9,1,0,0.8360,0.8427,0.9924,0.8006,0.0370
1,9,1,1,0.9381,0.9230,0.9985,0.9259,0.0224
1,9,1,2,0.9383,0.9288,0.9968,0.9271,0.0325
1,9,1,3,0.9439,0.9176,0.9497,0.9341,0.0251
1,9,1,4,0.9772,0.9833,0.9980,0.9733,0.0232
1,9,1,5,0.9726,0.9678,0.9998,0.9672,0.0100
1,9,1,6,0.9143,0.9246,0.9999,0.8968,0.0199
1,9,1,7,0.9719,0.9809,0.9997,0.9666,0.0193
1,9,1,8,0.9918,0.9892,0.9875,0.9910,0.0157
1,9,1,9,1.0000,1.0000,1.0000,1.0000,0.0000
1,9,1,10,0.3059,0.6440,0.9465,0.1324,0.0462
1,9,1,11,0.3926,0.3685,0.9992,0.2930,0.0281
1,9,2,0,0.8889,0.9077,0.9790,0.8662,0.0348
1,9,2,1,0.9629,0.9782,0.9890,0.9581,0.0227
1,9,2,2,0.5540,0.6529,0.9799,0.4625,0.0184
1,9,2,3,0.7979,0.7935,0.9977,0.7543,0.0286
1,9,2,4,0.9558,0.9600,0.9989,0.9471,0.0113
1,9,2,5,0.8319,0.8313,0.9811,0.7956,0.0325
1,9,2,6,0.9703,0.9755,0.9866,0.9675,0.0282
1,9,2,7,0.8387,0.8379,0.9718,0.8041,0.0416
1,9,2,8,0.8470,0.8377,0.9729,0.8144,0.0260
1,9,2,9,0.6447,0.6802,0.9753,0.5662,0.0283
1,9,2,10,0.9273,0.9264,0.9851,0.9138,0.0331
1,9,2,11,0.9773,0.9836,0.9933,0.9737,0.0159
1,9,3,0,0.9497,0.9640,0.9778,0.9456,0.0370
1,9,3,1,0.9585,0.9576,0.9752,0.9503,0.0159
1,9,3,2,0.5578,0.6554,0.9885,0.4655,0.0178
1,9,3,3,0.9264,0.9448,0.9972,0.9146,0.0226
1,9,3,4,0.9514,0.9612,0.9793,0.9491,0.0449
1,9,3,5,0.9758,0.9878,0.9999,0.9711,0.0118
1,9,3,6,0.7175,0.7282,0.9713,0.6529,0.0350
1,9,3,7,0.6841,0.6935,0.9965,0.6185,0.0226
1,9,3,8,0.8414,0.8382,0.9425,0.8075,0.0325
1,9,3,9,0.6554,0.7923,0.9793,0.5941,0.0153
1,9,3,10,0.9674,0.9694,0.9905,0.9616,0.0105
1,9,3,11,0.7826,0.8243,0.9997,0.7377,0.0216
1,9,4,0,0.7013,0.7245,0.9714,0.6491,0.0163
1,9,4,1,0.9239,0.9473,0.9825,0.9087,0.0127
1,9,4,2,0.9690,0.9776,0.9903,0.9657,0.0264
1,9,4,3,0.8185,0.8523,0.9997,0.7809,0.0205
1,9,4,4,0.9710,0.9766,0.9970,0.9668,0.0167
1,9,4,5,0.7881,0.8391,0.9996,0.7459,0.0148
1,9,4,6,0.9628,0.9713,0.9965,0.9554,0.0153
1,9,4,7,0.6271,0.6154,0.9969,0.5538,0.0134
1,9,4,8,0.9652,0.9739,0.9809,0.9626,0.0329
1,9,4,9,0.9332,0.9294,0.9386,0.9198,0.0193
1,9,4,10,0.9518,0.9629,0.9820,0.9494,0.0434
1,9,4,11,0.2970,0.4470,0.9781,0.2011,0.0495
1,9,5,0,0.9484,0.9568,0.9765,0.9439,0.0353
1,9,5,1,0.9410,0.9542,0.9770,0.9388,0.0489
1,9,5,2,0.8588,0.8481,0.9606,0.8292,0.0248
1,9,5,3,0.9033,0.8954,0.9178,0.8840,0.0310
1,9,5,4,0.8170,0.7982,0.9724,0.7792,0.0157
1,9,5,5,0.9501,0.9630,0.9824,0.9470,0.0417
1,9,5,6,0.9056,0.9215,0.9830,0.8906,0.0245
1,9,5,7,0.9046,0.9344,0.9993,0.8885,0.0203
1,9,5,8,0.9575,0.9708,0.9856,0.9525,0.0270
1,9,5,9,0.9529,0.9628,0.9813,0.9503,0.0432
1,9,5,10,0.9630,0.9750,0.9933,0.9578,0.0189
1,9,5,11,0.9697,0.9747,0.9892,0.9663,0.0240
1,9,6,0,0.7876,0.7959,0.9468,0.7414,0.0296
1,9,6,1,0.9360,0.9476,0.9867,0.9297,0.0367
1,9,6,2,0.9655,0.9751,0.9914,0.9625,0.0327
1,9,6,3,0.9603,0.9708,0.9864,0.9556,0.0256
1,9,6,4,0.9452,0.9607,0.9935,0.9345,0.0092
1,9,6,5,0.9734,0.9822,0.9948,0.9690,0.0136
1,9,6,6,0.9559,0.9669,0.9837,0.9528,0.0390
1,9,6,7,0.9434,0.9582,0.9945,0.9325,0.0094
1,9,6,8,0.9357,0.9548,0.9993,0.9233,0.0106
1,9,6,9,0.9414,0.9540,0.9792,0.9390,0.0483
1,9,6,10,0.9496,0.9599,0.9786,0.9471,0.0457
1,9,6,11,0.8443,0.8605,0.9346,0.8112,0.0253
1,9,7,0,0.6962,0.7810,0.9997,0.6387,0.0165
1,9,7,1,0.9633,0.9712,0.9835,0.9600,0.0315
1,9,7,2,0.9445,0.9580,0.9783,0.9422,0.0475
1,9,7,3,0.9563,0.9703,0.9970,0.9481,0.0110
1,9,7,4,0.9349,0.9506,0.9936,0.9238,0.0152
1,9,7,5,0.9683,0.9796,0.9982,0.9634,0.0169
1,9,7,6,0.9621,0.9704,0.9815,0.9592,0.0345
1,9,7,7,0.9590,0.9681,0.9813,0.9566,0.0388
1,9,7,8,0.9452,0.9577,1.0000,0.9350,0.0118
1,9,7,9,0.8971,0.9107,0.9734,0.8775,0.0081
1,9,7,10,0.9445,0.9563,0.9820,0.9420,0.0467
1,9,7,11,0.9473,0.9606,0.9804,0.9447,0.0459
1,9,8,0,0.9559,0.9654,0.9976,0.9503,0.0266
1,9,8,1,0.9527,0.9624,0.9831,0.9505,0.0429
1,9,8,2,0.9739,0.9808,0.9926,0.9709,0.0235
1,9,8,3,0.9594,0.9670,0.9848,0.9565,0.0366
1,9,8,4,0.8047,0.8995,0.9765,0.7668,0.0152
1,9,8,5,0.9031,0.9137,0.9961,0.8836,0.0155
1,9,8,6,0.9561,0.9629,0.9797,0.9539,0.0418
1,9,8,7,0.7413,0.7925,0.9953,0.6922,0.0169
1,9,8,8,0.9627,0.9829,0.9977,0.9558,0.0089
1,9,8,9,0.9700,0.9759,0.9885,0.9660,0.0203
1,9,8,10,0.9741,0.9805,0.9960,0.9705,0.0198
1,9,8,11,0.9544,0.9651,0.9810,0.9513,0.0400
1,9,9,0,0.9455,0.9576,0.9822,0.9387,0.0290
1,9,9,1,0.9565,0.9649,0.9861,0.9539,0.0401
1,9,9,2,0.9578,0.9663,0.9852,0.9544,0.0340
1,9,9,3,0.7710,0.7846,0.9526,0.7210,0.0285
1,9,9,4,0.9547,0.9642,0.9818,0.9522,0.0407
1,9,9,5,0.9599,0.9698,0.9847,0.9558,0.0307
1,9,9,6,0.9455,0.9564,0.9782,0.9432,0.0476
1,9,9,7,0.9662,0.9769,0.9888,0.9611,0.0174
1,9,9,8,0.9508,0.9606,0.9797,0.9480,0.0429
1,9,9,9,0.9472,0.9581,0.9797,0.9450,0.0472
1,9,9,10,0.8674,0.8877,0.9941,0.8404,0.0163
1,9,9,11,0.9471,0.9582,0.9800,0.9449,0.0474
1,9,10,0,0.9501,0.9598,0.9787,0.9470,0.0425
1,9,10,1,0.9499,0.9599,0.9790,0.9472,0.0439
1,9,10,2,0.9552,0.9673,0.9843,0.9526,0.0415
1,9,10,3,0.9608,0.9693,0.9958,0.9569,0.0317
1,9,10,4,0.9529,0.9637,0.9962,0.9459,0.0188
1,9,10,5,0.8911,0.9089,1.0000,0.8717,0.0144
1,9,10,6,0.9529,0.9619,0.9805,0.9492,0.0379
1,9,10,7,0.9601,0.9700,0.9873,0.9565,0.0337
1,9,10,8,0.9463,0.9569,0.9799,0.9439,0.0472
1,9,10,9,0.8974,0.9038,0.9999,0.8770,0.0109
1,9,10,10,0.9459,0.9564,0.9791,0.9435,0.0471
1,9,10,11,0.8345,0.8542,0.9997,0.8073,0.0218
1,9,11,0,0.7131,0.6907,0.8407,0.6436,0.0525
1,9,11,1,0.9722,0.9750,0.9966,0.9687,0.0227
1,9,11,2,0.9497,0.9608,0.9887,0.9464,0.0429
1,9,11,3,0.9078,0.9149,0.9753,0.8890,0.0220
1,9,11,4,0.9734,0.9767,0.9999,0.9692,0.0199
1,9,11,5,0.9511,0.9626,0.9909,0.9473,0.0388
1,9,11,6,0.9492,0.9594,0.9818,0.9465,0.0451
1,9,11,7,0.9631,0.9765,0.9953,0.9590,0.0274
1,9,11,8,0.2934,0.5912,0.9904,0.1390,0.0287
1,9,11,9,0.9542,0.9645,0.9835,0.9516,0.0428
1,9,11,10,0.9599,0.9570,0.9820,0.9520,0.0127
1,9,11,11,0.9635,0.9775,0.9999,0.9565,0.0089
1,10,0,0,0.4720,0.7751,0.9893,0.3102,0.0227
1,10,0,1,0.6487,0.6671,0.9421,0.6000,0.0904
1,10,0,2,0.5360,0.7793,0.9968,0.3818,0.0142
1,10,0,3,0.5918,0.6096,0.9772,0.5211,0.0787
1,10,0,4,0.5602,0.6423,0.9745,0.4549,0.0442
1,10,0,5,0.6382,0.6580,0.9622,0.5829,0.0841
1,10,0,6,0.5144,0.7705,0.9796,0.3605,0.0125
1,10,0,7,0.6137,0.7757,0.9998,0.4850,0.0105
1,10,0,8,0.6353,0.7631,0.9936,0.5138,0.0140
1,10,0,9,0.6253,0.8477,0.9752,0.4906,0.0126
1,10,0,10,0.6626,0.8680,0.9936,0.5434,0.0180
1,10,0,11,0.5927,0.8554,0.9994,0.4526,0.0153
1,10,1,0,0.4950,0.7482,0.9790,0.3402,0.0163
1,10,1,1,0.4264,0.7339,0.9629,0.2616,0.0264
1,10,1,2,0.4576,0.7638,0.9694,0.2920,0.0173
1,10,1,3,0.5321,0.8228,1.0000,0.3892,0.0374
1,10,1,4,0.3969,0.7282,0.9648,0.2277,0.0387
1,10,1,5,0.3467,0.6807,0.9408,0.1782,0.0415
1,10,1,6,0.4123,0.7135,0.9418,0.2481,0.0331
1,10,1,7,0.3739,0.6983,0.9536,0.2011,0.0361
1,10,1,8,0.3896,0.7028,0.9855,0.2182,0.0354
1,10,1,9,0.3059,0.6440,0.9465,0.1324,0.0462
1,10,1,10,1.0000,1.0000,1.0000,1.0000,0.0000
1,10,1,11,0.5808,0.6309,0.9584,0.4995,0.0719
1,10,2,0,0.4894,0.7542,0.9924,0.3312,0.0169
1,10,2,1,0.2389,0.5785,0.8885,0.0754,0.0678
1,10,2,2,0.5965,0.7420,0.9918,0.4901,0.0401
1,10,2,3,0.4853,0.7274,0.9660,0.3348,0.0223
1,10,2,4,0.3416,0.6689,0.9302,0.1731,0.0422
1,10,2,5,0.5261,0.7514,0.9910,0.3818,0.0181
1,10,2,6,0.2276,0.5851,0.8813,0.0667,0.0728
1,10,2,7,0.5918,0.8355,0.9959,0.4570,0.0101
1,10,2,8,0.4958,0.7587,0.9955,0.3469,0.0241
1,10,2,9,0.5757,0.7413,0.9944,0.4514,0.0234
1,10,2,10,0.4911,0.7944,0.9879,0.3332,0.0202
1,10,2,11,0.2802,0.6208,0.9029,0.1148,0.0610
1,10,3,0,0.1974,0.5549,0.8578,0.0419,0.0821
1,10,3,1,0.3545,0.6404,0.9944,0.1854,0.0424
1,10,3,2,0.5945,0.7401,0.9845,0.4852,0.0344
1,10,3,3,0.3010,0.6235,0.9195,0.1476,0.0661
1,10,3,4,0.1715,0.5313,0.8616,0.0171,0.0900
1,10,3,5,0.3098,0.6443,0.9505,0.1371,0.0459
1,10,3,6,0.5991,0.7519,0.9961,0.4722,0.0143
1,10,3,7,0.5293,0.7219,0.9702,0.4021,0.0336
1,10,3,8,0.5230,0.7250,0.9999,0.3815,0.0307
1,10,3,9,0.3934,0.6025,0.9922,0.2555,0.0565
1,10,3,10,0.2977,0.6539,0.8932,0.1317,0.0538
1,10,3,11,0.4390,0.7101,0.9538,0.2868,0.0319
1,10,4,0,0.4007,0.6316,0.9961,0.2669,0.0588
1,10,4,1,0.3651,0.6453,0.9900,0.1990,0.0403
1,10,4,2,0.2305,0.5783,0.8925,0.0681,0.0715
1,10,4,3,0.4216,0.7014,0.9542,0.2637,0.0320
1,10,4,4,0.2653,0.6479,0.9187,0.1018,0.0613
1,10,4,5,0.4059,0.6751,0.9550,0.2523,0.0439
1,10,4,6,0.3562,0.6958,0.9701,0.1867,0.0400
1,10,4,7,0.5131,0.6754,0.9688,0.3907,0.0451
1,10,4,8,0.2025,0.5644,0.8658,0.0422,0.0781
1,10,4,9,0.4070,0.6867,0.9997,0.2416,0.0342
1,10,4,10,0.1763,0.5376,0.8686,0.0222,0.0885
1,10,4,11,0.4747,0.6380,0.8587,0.3921,0.0946
1,10,5,0,0.2030,0.5794,0.8548,0.0468,0.0799
1,10,5,1,0.1551,0.5211,0.8560,0.0045,0.0941
1,10,5,2,0.4832,0.7919,0.9989,0.3366,0.0345
1,10,5,3,0.4835,0.7300,0.9968,0.3250,0.0207
1,10,5,4,0.4690,0.7292,0.9957,0.3247,0.0378
1,10,5,5,0.1867,0.5589,0.8696,0.0329,0.0868
1,10,5,6,0.2899,0.6219,0.8711,0.1355,0.0676
1,10,5,7,0.3187,0.6533,0.9576,0.1659,0.0639
1,10,5,8,0.2336,0.6143,0.8783,0.0737,0.0714
1,10,5,9,0.1796,0.5371,0.8668,0.0244,0.0883
1,10,5,10,0.2534,0.6224,0.9030,0.0897,0.0640
1,10,5,11,0.2412,0.6045,0.8891,0.0796,0.0686
1,10,6,0,0.5139,0.7338,1.0000,0.3699,0.0283
1,10,6,1,0.1977,0.5388,0.8814,0.0415,0.0816
1,10,6,2,0.2141,0.5704,0.8962,0.0543,0.0778
1,10,6,3,0.2249,0.5976,0.8807,0.0619,0.0673
1,10,6,4,0.3450,0.6790,0.9037,0.1799,0.0454
1,10,6,5,0.2811,0.6343,0.9089,0.1150,0.0585
1,10,6,6,0.1960,0.5588,0.8731,0.0402,0.0841
1,10,6,7,0.3305,0.6757,0.9076,0.1632,0.0425
1,10,6,8,0.3361,0.6813,0.9341,0.1716,0.0474
1,10,6,9,0.1620,0.5302,0.8613,0.0115,0.0934
1,10,6,10,0.1727,0.5345,0.8598,0.0192,0.0908
1,10,6,11,0.4895,0.7151,0.9994,0.3408,0.0306
1,10,7,0,0.4772,0.6877,0.9537,0.3511,0.0506
1,10,7,1,0.2201,0.5860,0.8725,0.0618,0.0761
1,10,7,2,0.1624,0.5337,0.8592,0.0108,0.0926
1,10,7,3,0.3154,0.6693,0.9188,0.1487,0.0488
1,10,7,4,0.2731,0.6223,0.9041,0.1070,0.0535
1,10,7,5,0.2711,0.5945,0.9252,0.1068,0.0620
1,10,7,6,0.2035,0.5557,0.8672,0.0445,0.0796
1,10,7,7,0.1853,0.5547,0.8668,0.0286,0.0840
1,10,7,8,0.3197,0.6548,0.9448,0.1557,0.0546
1,10,7,9,0.3407,0.6118,0.9953,0.1784,0.0485
1,10,7,10,0.1692,0.5392,0.8684,0.0178,0.0918
1,10,7,11,0.1713,0.5428,0.8644,0.0185,0.0910
1,10,8,0,0.2464,0.5689,0.9219,0.0876,0.0718
1,10,8,1,0.1716,0.5403,0.8713,0.0173,0.0880
1,10,8,2,0.2427,0.5969,0.9004,0.0794,0.0689
1,10,8,3,0.1974,0.5560,0.8760,0.0399,0.0817
1,10,8,4,0.4214,0.6381,0.9938,0.2767,0.0491
1,10,8,5,0.3651,0.6627,0.9712,0.1981,0.0341
1,10,8,6,0.1774,0.5392,0.8626,0.0220,0.0870
1,10,8,7,0.4582,0.6677,0.9734,0.3271,0.0476
1,10,8,8,0.3077,0.6567,0.9225,0.1399,0.0509
1,10,8,9,0.2507,0.5928,0.8868,0.0867,0.0636
1,10,8,10,0.2612,0.6147,0.9138,0.0974,0.0649
1,10,8,11,0.1875,0.5397,0.8658,0.0309,0.0851
1,10,9,0,0.2322,0.5741,0.8690,0.0734,0.0731
1,10,9,1,0.1844,0.5470,0.8798,0.0284,0.0853
1,10,9,2,0.2029,0.5469,0.8773,0.0448,0.0791
1,10,9,3,0.5809,0.7708,0.9998,0.4571,0.0266
1,10,9,4,0.1846,0.5499,0.8680,0.0298,0.0858
1,10,9,5,0.2252,0.5780,0.8758,0.0666,0.0758
1,10,9,6,0.1623,0.5250,0.8589,0.0102,0.0927
1,10,9,7,0.2590,0.6190,0.8879,0.0932,0.0610
1,10,9,8,0.1797,0.5350,0.8626,0.0253,0.0880
1,10,9,9,0.1646,0.5295,0.8625,0.0120,0.0924
1,10,9,10,0.4064,0.6719,0.9759,0.2478,0.0341
1,10,9,11,0.1642,0.5271,0.8633,0.0115,0.0925
1,10,10,0,0.1819,0.5339,0.8600,0.0274,0.0876
1,10,10,1,0.1745,0.5294,0.8610,0.0202,0.0891
1,10,10,2,0.1817,0.5457,0.8746,0.0259,0.0866
1,10,10,3,0.2259,0.5735,0.9129,0.0677,0.0769
1,10,10,4,0.2712,0.5946,0.9149,0.1113,0.0631
1,10,10,5,0.3099,0.6102,0.9434,0.1490,0.0491
1,10,10,6,0.1974,0.5425,0.8645,0.0411,0.0830
1,10,10,7,0.2163,0.5720,0.8832,0.0585,0.0788
1,10,10,8,0.1670,0.5278,0.8632,0.0146,0.0924
1,10,10,9,0.4003,0.7375,0.9430,0.2448,0.0403
1,10,10,10,0.1658,0.5246,0.8611,0.0134,0.0922
1,10,10,11,0.3350,0.6008,0.9380,0.1915,0.0656
1,10,11,0,0.8102,0.8990,0.9704,0.7411,0.0139
1,10,11,1,0.2517,0.5892,0.9169,0.0886,0.0678
1,10,11,2,0.1881,0.5437,0.8873,0.0341,0.0880
1,10,11,3,0.5033,0.7570,0.9944,0.3572,0.0304
1,10,11,4,0.2846,0.6138,0.9514,0.1217,0.0632
1,10,11,5,0.1935,0.5541,0.8944,0.0371,0.0829
1,10,11,6,0.1745,0.5312,0.8679,0.0207,0.0903
1,10,11,7,0.2369,0.6034,0.9109,0.0772,0.0725
1,10,11,8,0.8883,0.9116,0.9820,0.8582,0.0279
1,10,11,9,0.1827,0.5443,0.8726,0.0275,0.0879
1,10,11,10,0.4029,0.7172,0.9904,0.2442,0.0432
1,10,11,11,0.3259,0.6716,0.9416,0.1606,0.0501
1,11,0,0,0.4649,0.4410,0.9898,0.3625,0.0555
1,11,0,1,0.9394,0.9672,0.9986,0.9331,0.0243
1,11,0,2,0.4849,0.4566,0.9326,0.3812,0.0638
1,11,0,3,0.9819,0.9817,0.9972,0.9798,0.0102
1,11,0,4,0.8687,0.8555,0.9980,0.8486,0.0279
1,11,0,5,0.9650,0.9785,0.9999,0.9611,0.0185
1,11,0,6,0.5311,0.5229,0.9962,0.4407,0.0641
1,11,0,7,0.5445,0.5555,0.9523,0.4546,0.0677
1,11,0,8,0.5083,0.5407,0.9846,0.4099,0.0652
1,11,0,9,0.4975,0.4969,0.8715,0.3917,0.0732
1,11,0,10,0.7472,0.7520,0.9201,0.7059,0.0710
1,11,0,11,0.5793,0.5727,0.9479,0.4963,0.0665
1,11,1,0,0.4904,0.5036,0.9965,0.3933,0.0609
1,11,1,1,0.4956,0.4950,0.9999,0.4039,0.0476
1,11,1,2,0.5377,0.5267,0.9991,0.4509,0.0606
1,11,1,3,0.5014,0.4879,0.9612,0.4068,0.0447
1,11,1,4,0.4643,0.4402,0.9997,0.3681,0.0455
1,11,1,5,0.4601,0.4336,0.9984,0.3693,0.0320
1,11,1,6,0.5052,0.4715,0.9986,0.4170,0.0415
1,11,1,7,0.4279,0.3924,0.9999,0.3262,0.0439
1,11,1,8,0.4377,0.4179,0.9930,0.3365,0.0422
1,11,1,9,0.3926,0.3685,0.9992,0.2930,0.0281
1,11,1,10,0.5808,0.6309,0.9584,0.4995,0.0719
1,11,1,11,1.0000,1.0000,1.0000,1.0000,0.0000
1,11,2,0,0.4403,0.4520,0.9863,0.3318,0.0586
1,11,2,1,0.3470,0.3122,0.9825,0.2534,0.0153
1,11,2,2,0.4040,0.6187,0.9870,0.3004,0.0357
1,11,2,3,0.4362,0.4934,0.9996,0.3313,0.0533
1,11,2,4,0.4039,0.4418,0.9963,0.3041,0.0299
1,11,2,5,0.4938,0.5462,0.9880,0.3977,0.0554
1,11,2,6,0.3661,0.3495,0.9795,0.2778,0.0135
1,11,2,7,0.6697,0.6584,0.9803,0.6091,0.0668
1,11,2,8,0.4500,0.4891,0.9812,0.3471,0.0498
1,11,2,9,0.4332,0.5588,0.9832,0.3275,0.0506
1,11,2,10,0.5506,0.5407,0.9911,0.4656,0.0598
1,11,2,11,0.4028,0.3698,0.9880,0.3117,0.0227
1,11,3,0,0.3835,0.3553,0.9688,0.3036,0.0165
1,11,3,1,0.4064,0.3875,0.9832,0.3051,0.0327
1,11,3,2,0.3602,0.5333,0.9936,0.2470,0.0388
1,11,3,3,0.3575,0.3713,0.9934,0.2630,0.0087
1,11,3,4,0.3072,0.2798,0.9706,0.2209,0.0244
1,11,3,5,0.3781,0.3420,0.9996,0.2759,0.0325
1,11,3,6,0.4980,0.5184,0.9799,0.4004,0.0600
1,11,3,7,0.3967,0.6031,0.9990,0.2903,0.0409
1,11,3,8,0.4492,0.4720,0.9548,0.3459,0.0512
1,11,3,9,0.2855,0.3128,0.9865,0.1762,0.0167
1,11,3,10,0.4897,0.5011,0.9844,0.4100,0.0199
1,11,3,11,0.4413,0.4902,0.9999,0.3432,0.0418
1,11,4,0,0.3359,0.3518,0.9800,0.2357,0.0147
1,11,4,1,0.3911,0.3798,0.9890,0.2871,0.0340
1,11,4,2,0.3466,0.3123,0.9841,0.2545,0.0156
1,11,4,3,0.3843,0.4080,0.9999,0.2753,0.0428
1,11,4,4,0.3814,0.3755,0.9932,0.2897,0.0159
1,11,4,5,0.4099,0.4918,0.9999,0.3100,0.0321
1,11,4,6,0.3802,0.3694,0.9990,0.2738,0.0374
1,11,4,7,0.8579,0.8527,0.9992,0.8358,0.0281
1,11,4,8,0.3340,0.3116,0.9726,0.2446,0.0169
1,11,4,9,0.3738,0.3746,0.9514,0.2611,0.0405
1,11,4,10,0.3187,0.2910,0.9739,0.2334,0.0230
1,11,4,11,0.1749,0.6795,0.9692,0.0769,0.0290
1,11,5,0,0.3541,0.3490,0.9673,0.2694,0.0148
1,11,5,1,0.3003,0.2779,0.9679,0.2171,0.0285
1,11,5,2,0.3417,0.4029,0.9708,0.2209,0.0445
1,11,5,3,0.4100,0.3835,0.9327,0.2960,0.0559
1,11,5,4,0.4321,0.5232,0.9808,0.3321,0.0367
1,11,5,5,0.3187,0.2977,0.9744,0.2326,0.0213
1,11,5,6,0.3398,0.4382,0.9750,0.2437,0.0085
1,11,5,7,0.3382,0.3614,1.0000,0.2390,0.0093
1,11,5,8,0.3536,0.3405,0.9782,0.2634,0.0087
1,11,5,9,0.3090,0.2832,0.9731,0.2216,0.0227
1,11,5,10,0.3917,0.3828,0.9881,0.3029,0.0129
1,11,5,11,0.3873,0.3627,0.9827,0.3001,0.0112
1,11,6,0,0.3657,0.4078,0.9587,0.2455,0.0514
1,11,6,1,0.3160,0.2940,0.9796,0.2268,0.0165
1,11,6,2,0.3327,0.3047,0.9855,0.2419,0.0172
1,11,6,3,0.3250,0.3131,0.9793,0.2303,0.0174
1,11,6,4,0.4251,0.4024,0.9883,0.3300,0.0268
1,11,6,5,0.3981,0.3832,0.9901,0.3058,0.0213
1,11,6,6,0.3462,0.3221,0.9759,0.2614,0.0188
1,11,6,7,0.4062,0.4202,0.9897,0.3087,0.0312
1,11,6,8,0.3673,0.4283,0.9971,0.2641,0.0256
1,11,6,9,0.2997,0.2779,0.9705,0.2158,0.0278
1,11,6,10,0.3136,0.2861,0.9697,0.2285,0.0252
1,11,6,11,0.3977,0.4148,0.9478,0.2855,0.0468
1,11,7,0,0.3399,0.5307,0.9999,0.2332,0.0281
1,11,7,1,0.3759,0.3637,0.9757,0.2912,0.0129
1,11,7,2,0.3087,0.2925,0.9695,0.2252,0.0270
1,11,7,3,0.4175,0.4061,0.9932,0.3241,0.0268
1,11,7,4,0.3649,0.3496,0.9884,0.2685,0.0207
1,11,7,5,0.3643,0.3310,0.9950,0.2690,0.0180
1,11,7,6,0.3312,0.3061,0.9732,0.2420,0.0172
1,11,7,7,0.3314,0.3181,0.9731,0.2454,0.0184
1,11,7,8,0.3719,0.3675,0.9990,0.2717,0.0192
1,11,7,9,0.3719,0.3377,0.9816,0.2698,0.0241
1,11,7,10,0.3043,0.2857,0.9738,0.2196,0.0262
1,11,7,11,0.3161,0.3024,0.9719,0.2318,0.0254
1,11,8,0,0.3614,0.3193,0.9941,0.2714,0.0164
1,11,8,1,0.3105,0.2931,0.9751,0.2247,0.0224
1,11,8,2,0.3540,0.3309,0.9871,0.2611,0.0169
1,11,8,3,0.3300,0.3057,0.9772,0.2422,0.0164
1,11,8,4,0.3874,0.3835,0.9842,0.2862,0.0281
1,11,8,5,0.3914,0.3671,0.9988,0.2870,0.0383
1,11,8,6,0.3135,0.2919,0.9711,0.2268,0.0214
1,11,8,7,0.3643,0.4388,0.9983,0.2615,0.0290
1,11,8,8,0.4105,0.3951,0.9943,0.3163,0.0260
1,11,8,9,0.3824,0.3554,0.9818,0.2923,0.0174
1,11,8,10,0.4068,0.3990,0.9917,0.3192,0.0164
1,11,8,11,0.3210,0.2873,0.9726,0.2336,0.0195
1,11,9,0,0.3536,0.3193,0.9741,0.2642,0.0098
1,11,9,1,0.3195,0.2950,0.9789,0.2325,0.0194
1,11,9,2,0.3310,0.3028,0.9778,0.2423,0.0153
1,11,9,3,0.4281,0.5092,0.9638,0.3207,0.0502
1,11,9,4,0.3201,0.3012,0.9736,0.2338,0.0202
1,11,9,5,0.3744,0.3466,0.9771,0.2887,0.0142
1,11,9,6,0.3042,0.2771,0.9693,0.2198,0.0272
1,11,9,7,0.3585,0.3328,0.9822,0.2631,0.0159
1,11,9,8,0.3145,0.2861,0.9711,0.2283,0.0224
1,11,9,9,0.3057,0.2794,0.9710,0.2210,0.0268
1,11,9,10,0.4091,0.4233,0.9976,0.3065,0.0386
1,11,9,11,0.3057,0.2779,0.9714,0.2210,0.0269
1,11,10,0,0.3204,0.2879,0.9698,0.2346,0.0220
1,11,10,1,0.3139,0.2855,0.9703,0.2282,0.0235
1,11,10,2,0.3216,0.2922,0.9766,0.2352,0.0210
1,11,10,3,0.3453,0.3159,0.9914,0.2558,0.0142
1,11,10,4,0.3767,0.3574,0.9921,0.2854,0.0104
1,11,10,5,0.3630,0.3480,0.9988,0.2643,0.0268
1,11,10,6,0.3288,0.2934,0.9720,0.2413,0.0174
1,11,10,7,0.3558,0.3310,0.9803,0.2690,0.0148
1,11,10,8,0.3074,0.2783,0.9714,0.2228,0.0268
1,11,10,9,0.4049,0.4894,0.9988,0.3039,0.0324
1,11,10,10,0.3047,0.2760,0.9704,0.2198,0.0266
1,11,10,11,0.3533,0.3781,0.9979,0.2592,0.0076
1,11,11,0,0.5634,0.5682,0.8612,0.4738,0.0769
1,11,11,1,0.3589,0.3215,0.9927,0.2657,0.0153
1,11,11,2,0.3150,0.2871,0.9820,0.2281,0.0219
1,11,11,3,0.4408,0.4585,0.9832,0.3364,0.0457
1,11,11,4,0.3729,0.3341,0.9997,0.2779,0.0218
1,11,11,5,0.3190,0.3039,0.9848,0.2306,0.0184
1,11,11,6,0.3091,0.2810,0.9736,0.2231,0.0247
1,11,11,7,0.3587,0.3313,0.9908,0.2690,0.0135
1,11,11,8,0.5279,0.6531,0.9951,0.4426,0.0492
1,11,11,9,0.3183,0.2936,0.9757,0.2318,0.0220
1,11,11,10,0.4456,0.4571,0.9887,0.3499,0.0308
1,11,11,11,0.3991,0.3961,0.9985,0.3019,0.0231
2,0,0,0,0.9537,0.9660,0.9997,0.9404,0.0144
2,0,0,1,0.2457,0.3754,0.9762,0.1184,0.0795
2,0,0,2,0.9560,0.9555,0.9794,0.9429,0.0140
2,0,0,3,0.3769,0.4184,0.9959,0.2641,0.0670
2,0,0,4,0.6216,0.6466,0.9947,0.5360,0.0323
2,0,0,5,0.3012,0.3739,0.9884,0.1792,0.0737
2,0,0,6,0.9332,0.9620,0.9969,0.9134,0.0087
2,0,0,7,0.8903,0.9211,0.9896,0.8568,0.0104
2,0,0,8,0.7703,0.7874,1.0000,0.6993,0.0108
2,0,0,9,0.9404,0.9344,0.9406,0.9230,0.0180
2,0,0,10,0.8687,0.8689,0.9722,0.8271,0.0142
2,0,0,11,0.9455,0.9395,0.9875,0.9292,0.0152
2,0,1,0,0.9422,0.9562,0.9966,0.9257,0.0085
2,0,1,1,0.9360,0.9453,0.9888,0.9192,0.0134
2,0,1,2,0.9368,0.9506,0.9923,0.9188,0.0135
2,0,1,3,0.8963,0.8649,0.9936,0.8667,0.0291
2,0,1,4,0.9393,0.9350,0.9898,0.9242,0.0302
2,0,1,5,0.8982,0.9161,0.9753,0.8761,0.0295
2,0,1,6,0.9033,0.9234,0.9760,0.8787,0.0182
2,0,1,7,0.9436,0.9416,0.9834,0.9302,0.0260
2,0,1,8,0.9165,0.9328,0.9989,0.8953,0.0222
2,0,1,9,0.8889,0.9077,0.9790,0.8662,0.0348
2,0,1,10,0.4894,0.7542,0.9924,0.3312,0.0169
2,0,1,11,0.4403,0.4520,0.9863,0.3318,0.0586
2,0,2,0,1.0000,1.0000,1.0000,1.0000,0.0000
2,0,2,1,0.8569,0.8527,0.9382,0.8363,0.0575
2,0,2,2,0.7535,0.8314,1.0000,0.6927,0.0269
2,0,2,3,0.8810,0.9189,0.9905,0.8487,0.0075
2,0,2,4,0.9099,0.9218,0.9683,0.8910,0.0295
2,0,2,5,0.9213,0.9384,0.9999,0.8989,0.0077
2,0,2,6,0.8426,0.8343,0.9327,0.8212,0.0619
2,0,2,7,0.9085,0.9236,0.9995,0.8806,0.0089
2,0,2,8,0.9112,0.9225,0.9996,0.8868,0.0098
2,0,2,9,0.8267,0.8688,0.9998,0.7792,0.0109
2,0,2,10,0.9504,0.9569,0.9995,0.9360,0.0140
2,0,2,11,0.8802,0.8641,0.9490,0.8603,0.0488
2,0,3,0,0.8158,0.8091,0.9145,0.7943,0.0718
2,0,3,1,0.8911,0.9103,0.9998,0.8664,0.0289
2,0,3,2,0.6998,0.8270,0.9986,0.6237,0.0203
2,0,3,3,0.8375,0.8337,0.9609,0.8108,0.0531
2,0,3,4,0.8101,0.7907,0.9175,0.7908,0.0796
2,0,3,5,0.8985,0.9064,0.9815,0.8780,0.0340
2,0,3,6,0.8860,0.9090,0.9994,0.8523,0.0076
2,0,3,7,0.8151,0.8432,0.9926,0.7690,0.0195
2,0,3,8,0.9125,0.9222,0.9908,0.8883,0.0209
2,0,3,9,0.7403,0.8248,1.0000,0.6886,0.0438
2,0,3,10,0.8886,0.8852,0.9417,0.8689,0.0429
2,0,3,11,0.9144,0.9324,0.9835,0.8939,0.0184
2,0,4,0,0.7393,0.8003,0.9994,0.6886,0.0460
2,0,4,1,0.9161,0.9200,0.9998,0.8977,0.0268
2,0,4,2,0.8537,0.8391,0.9412,0.8336,0.0611
2,0,4,3,0.8847,0.8957,0.9837,0.8563,0.0174
2,0,4,4,0.8634,0.8622,0.9603,0.8418,0.0504
2,0,4,5,0.8852,0.9069,0.9842,0.8596,0.0299
2,0,4,6,0.9249,0.9321,0.9926,0.9084,0.0273
2,0,4,7,0.7053,0.7140,0.9920,0.6366,0.0324
2,0,4,8,0.8389,0.8265,0.9208,0.8194,0.0677
2,0,4,9,0.9068,0.9043,0.9892,0.8833,0.0197
2,0,4,10,0.8081,0.7944,0.9229,0.7878,0.0782
2,0,4,11,0.4977,0.6281,0.9153,0.4223,0.0842
2,0,5,0,0.8278,0.8265,0.9121,0.8078,0.0690
2,0,5,1,0.7936,0.7792,0.9131,0.7745,0.0837
2,0,5,2,0.8888,0.8881,0.9971,0.8597,0.0202
2,0,5,3,0.9323,0.9265,0.9795,0.9128,0.0077
2,0,5,4,0.8674,0.8770,0.9995,0.8346,0.0253
2,0,5,5,0.8142,0.8036,0.9238,0.7943,0.0765
2,0,5,6,0.8550,0.8605,0.9249,0.8329,0.0543
2,0,5,7,0.8321,0.8482,0.9858,0.8026,0.0506
2,0,5,8,0.8509,0.8588,0.9305,0.8310,0.0600
2,0,5,9,0.8155,0.7946,0.9216,0.7959,0.0779
2,0,5,10,0.8673,0.8598,0.9490,0.8476,0.0534
2,0,5,11,0.8514,0.8389,0.9387,0.8302,0.0580
2,0,6,0,0.8798,0.8844,0.9925,0.8466,0.0185
2,0,6,1,0.8019,0.7966,0.9328,0.7772,0.0712
2,0,6,2,0.8357,0.8226,0.9440,0.8146,0.0672
2,0,6,3,0.8449,0.8410,0.9323,0.8233,0.0569
2,0,6,4,0.9072,0.9129,0.9495,0.8883,0.0340
2,0,6,5,0.8795,0.8760,0.9533,0.8591,0.0463
2,0,6,6,0.8193,0.8065,0.9265,0.7985,0.0735
2,0,6,7,0.9013,0.9110,0.9524,0.8814,0.0321
2,0,6,8,0.9127,0.9206,0.9709,0.8960,0.0344
2,0,6,9,0.7937,0.7782,0.9173,0.7740,0.0830
2,0,6,10,0.8073,0.7896,0.9161,0.7876,0.0804
2,0,6,11,0.8988,0.9039,0.9874,0.8715,0.0178
2,0,7,0,0.7949,0.8493,0.9834,0.7510,0.0363
2,0,7,1,0.8312,0.8239,0.9260,0.8093,0.0649
2,0,7,2,0.7994,0.7854,0.9156,0.7802,0.0823
2,0,7,3,0.9098,0.9102,0.9604,0.8934,0.0361
2,0,7,4,0.8798,0.8840,0.9498,0.8601,0.0432
2,0,7,5,0.8698,0.8576,0.9649,0.8488,0.0514
2,0,7,6,0.8314,0.8141,0.9219,0.8108,0.0693
2,0,7,7,0.8202,0.8075,0.9216,0.8002,0.0736
2,0,7,8,0.8864,0.8919,0.9779,0.8650,0.0408
2,0,7,9,0.8839,0.8708,0.9997,0.8607,0.0350
2,0,7,10,0.7973,0.7822,0.9228,0.7772,0.0815
2,0,7,11,0.8047,0.7921,0.9197,0.7851,0.0807
2,0,8,0,0.8356,0.8175,0.9626,0.8116,0.0609
2,0,8,1,0.8062,0.7938,0.9251,0.7861,0.0777
2,0,8,2,0.8520,0.8421,0.9471,0.8301,0.0577
2,0,8,3,0.8183,0.8081,0.9287,0.7964,0.0708
2,0,8,4,0.8287,0.9018,0.9999,0.7909,0.0350
2,0,8,5,0.9155,0.9055,0.9931,0.8967,0.0227
2,0,8,6,0.8092,0.7956,0.9183,0.7885,0.0766
2,0,8,7,0.7778,0.8277,0.9942,0.7298,0.0336
2,0,8,8,0.9063,0.9105,0.9630,0.8893,0.0390
2,0,8,9,0.8551,0.8448,0.9369,0.8329,0.0533
2,0,8,10,0.8621,0.8499,0.9568,0.8404,0.0540
2,0,8,11,0.8214,0.8038,0.9208,0.8015,0.0748
2,0,9,0,0.8390,0.8328,0.9233,0.8173,0.0617
2,0,9,1,0.8148,0.8004,0.9316,0.7941,0.0746
2,0,9,2,0.8214,0.8097,0.9297,0.7992,0.0687
2,0,9,3,0.8489,0.8543,0.9946,0.8071,0.0121
2,0,9,4,0.8105,0.7996,0.9225,0.7896,0.0754
2,0,9,5,0.8400,0.8259,0.9286,0.8192,0.0649
2,0,9,6,0.7998,0.7825,0.9154,0.7804,0.0824
2,0,9,7,0.8672,0.8649,0.9377,0.8462,0.0496
2,0,9,8,0.8095,0.7950,0.9183,0.7891,0.0777
2,0,9,9,0.8018,0.7846,0.9182,0.7824,0.0820
2,0,9,10,0.8938,0.9293,0.9953,0.8687,0.0214
2,0,9,11,0.8023,0.7847,0.9189,0.7830,0.0821
2,0,10,0,0.8115,0.7936,0.9163,0.7912,0.0773
2,0,10,1,0.8079,0.7895,0.9170,0.7878,0.0787
2,0,10,2,0.8182,0.8021,0.9276,0.7987,0.0762
2,0,10,3,0.8256,0.8101,0.9562,0.8019,0.0657
2,0,10,4,0.8434,0.8538,0.9576,0.8182,0.0517
2,0,10,5,0.8612,0.8781,0.9770,0.8359,0.0379
2,0,10,6,0.8196,0.8012,0.9198,0.7985,0.0727
2,0,10,7,0.8284,0.8195,0.9342,0.8065,0.0680
2,0,10,8,0.8007,0.7827,0.9188,0.7809,0.0820
2,0,10,9,0.8897,0.9052,0.9768,0.8651,0.0283
2,0,10,10,0.8004,0.7821,0.9171,0.7806,0.0819
2,0,10,11,0.7846,0.8125,0.9735,0.7471,0.0529
2,0,11,0,0.7742,0.7750,0.9334,0.6992,0.0190
2,0,11,1,0.8524,0.8348,0.9590,0.8298,0.0567
2,0,11,2,0.8093,0.7911,0.9373,0.7882,0.0771
2,0,11,3,0.8833,0.8909,0.9998,0.8514,0.0167
2,0,11,4,0.8588,0.8406,0.9821,0.8346,0.0518
2,0,11,5,0.8102,0.8039,0.9426,0.7875,0.0718
2,0,11,6,0.8067,0.7875,0.9224,0.7866,0.0799
2,0,11,7,0.8437,0.8330,0.9548,0.8221,0.0617
2,0,11,8,0.4132,0.6895,0.9978,0.2557,0.0147
2,0,11,9,0.8142,0.7975,0.9261,0.7940,0.0773
2,0,11,10,0.8889,0.8934,0.9999,0.8628,0.0302
2,0,11,11,0.9072,0.9075,0.9759,0.8897,0.0384
2,1,0,0,0.9048,0.9066,0.9460,0.8941,0.0522
2,1,0,1,0.1405,0.2174,0.9909,0.0342,0.0234
2,1,0,2,0.8880,0.8697,0.8490,0.8772,0.0607
2,1,0,3,0.2448,0.2476,0.9657,0.1435,0.0182
2,1,0,4,0.4708,0.4469,0.9688,0.3840,0.0257
2,1,0,5,0.1980,0.2200,0.9799,0.0950,0.0176
2,1,0,6,0.8428,0.8390,0.9626,0.8198,0.0619
2,1,0,7,0.6944,0.6925,0.8787,0.6381,0.0668
2,1,0,8,0.6389,0.6434,0.9348,0.5695,0.0630
2,1,0,9,0.8366,0.8104,0.7649,0.8178,0.0710
2,1,0,10,0.7760,0.7425,0.8310,0.7406,0.0703
2,1,0,11,0.8729,0.8520,0.8719,0.8604,0.0635
2,1,1,0,0.7849,0.7778,0.9634,0.7487,0.0586
2,1,1,1,0.8786,0.8714,0.9794,0.8607,0.0451
2,1,1,2,0.8667,0.8672,0.9739,0.8478,0.0552
2,1,1,3,0.9408,0.9071,0.8930,0.9376,0.0441
2,1,1,4,0.9574,0.9539,0.9779,0.9542,0.0373
2,1,1,5,0.9422,0.9447,0.9914,0.9343,0.0287
2,1,1,6,0.8947,0.8935,0.9911,0.8795,0.0411
2,1,1,7,0.9540,0.9514,0.9854,0.9497,0.0367
2,1,1,8,0.9501,0.9582,0.9535,0.9455,0.0371
2,1,1,9,0.9629,0.9782,0.9890,0.9581,0.0227
2,1,1,10,0.2389,0.5785,0.8885,0.0754,0.0678
2,1,1,11,0.3470,0.3122,0.9825,0.2534,0.0153
2,1,2,0,0.8569,0.8527,0.9382,0.8363,0.0575
2,1,2,1,1.0000,1.0000,1.0000,1.0000,0.0000
2,1,2,2,0.4803,0.5783,0.9397,0.3891,0.0379
2,1,2,3,0.7126,0.7285,0.9769,0.6617,0.0513
2,1,2,4,0.9524,0.9511,0.9949,0.9461,0.0295
2,1,2,5,0.7726,0.7696,0.9419,0.7338,0.0547
2,1,2,6,0.9751,0.9852,0.9999,0.9716,0.0089
2,1,2,7,0.7869,0.7764,0.9263,0.7522,0.0643
2,1,2,8,0.8151,0.7917,0.9281,0.7849,0.0487
2,1,2,9,0.6131,0.6120,0.9319,0.5421,0.0495
2,1,2,10,0.8891,0.8714,0.9489,0.8754,0.0558
2,1,2,11,0.9901,0.9912,0.9995,0.9889,0.0108
2,1,3,0,0.9851,0.9870,0.9980,0.9837,0.0153
2,1,3,1,0.9301,0.9297,0.9319,0.9203,0.0354
2,1,3,2,0.4562,0.5827,0.9553,0.3592,0.0387
2,1,3,3,0.9559,0.9709,0.9974,0.9494,0.0143
2,1,3,4,0.9861,0.9885,0.9985,0.9854,0.0222
2,1,3,5,0.9708,0.9703,0.9871,0.9673,0.0237
2,1,3,6,0.6502,0.6559,0.9256,0.5845,0.0577
2,1,3,7,0.6598,0.6434,0.9732,0.6007,0.0421
2,1,3,8,0.8080,0.7887,0.8828,0.7764,0.0529
2,1,3,9,0.6126,0.7562,0.9386,0.5527,0.0197
2,1,3,10,0.9723,0.9596,0.9999,0.9684,0.0167
2,1,3,11,0.7661,0.7776,0.9853,0.7266,0.0409
2,1,4,0,0.6742,0.6911,0.9257,0.6244,0.0180
2,1,4,1,0.9207,0.9261,0.9442,0.9093,0.0336
2,1,4,2,0.9902,0.9940,1.0000,0.9889,0.0042
2,1,4,3,0.7805,0.8057,0.9851,0.7437,0.0411
2,1,4,4,0.9720,0.9709,0.9975,0.9678,0.0097
2,1,4,5,0.7744,0.7964,0.9846,0.7371,0.0333
2,1,4,6,0.9324,0.9368,0.9733,0.9231,0.0317
2,1,4,7,0.5738,0.5543,0.9745,0.5022,0.0306
2,1,4,8,0.9870,0.9903,0.9989,0.9855,0.0110
2,1,4,9,0.9039,0.8926,0.8774,0.8904,0.0409
2,1,4,10,0.9869,0.9886,0.9991,0.9862,0.0207
2,1,4,11,0.2535,0.3913,0.9981,0.1638,0.0268
2,1,5,0,0.9699,0.9661,0.9976,0.9663,0.0160
2,1,5,1,0.9820,0.9840,0.9978,0.9816,0.0262
2,1,5,2,0.8093,0.8064,0.9091,0.7778,0.0446
2,1,5,3,0.8610,0.8387,0.8491,0.8410,0.0537
2,1,5,4,0.7746,0.7577,0.9273,0.7366,0.0371
2,1,5,5,0.9845,0.9877,0.9992,0.9833,0.0190
2,1,5,6,0.9381,0.9311,0.9993,0.9290,0.0171
2,1,5,7,0.9091,0.9429,0.9830,0.8954,0.0155
2,1,5,8,0.9724,0.9774,0.9998,0.9685,0.0117
2,1,5,9,0.9867,0.9892,0.9990,0.9858,0.0205
2,1,5,10,0.9724,0.9757,0.9995,0.9683,0.0088
2,1,5,11,0.9787,0.9807,1.0000,0.9756,0.0060
2,1,6,0,0.7405,0.7484,0.8890,0.6951,0.0513
2,1,6,1,0.9568,0.9609,0.9999,0.9515,0.0148
2,1,6,2,0.9891,0.9928,0.9999,0.9877,0.0102
2,1,6,3,0.9640,0.9696,0.9999,0.9589,0.0118
2,1,6,4,0.9513,0.9569,0.9994,0.9447,0.0264
2,1,6,5,0.9789,0.9785,0.9989,0.9759,0.0119
2,1,6,6,0.9866,0.9891,0.9995,0.9854,0.0163
2,1,6,7,0.9279,0.9348,0.9991,0.9172,0.0253
2,1,6,8,0.9439,0.9389,0.9938,0.9358,0.0257
2,1,6,9,0.9815,0.9839,0.9984,0.9808,0.0256
2,1,6,10,0.9848,0.9874,0.9982,0.9840,0.0230
2,1,6,11,0.8143,0.8246,0.8718,0.7839,0.0472
2,1,7,0,0.7126,0.7685,0.9854,0.6661,0.0308
2,1,7,1,0.9803,0.9865,0.9994,0.9777,0.0106
2,1,7,2,0.9817,0.9852,0.9982,0.9809,0.0248
2,1,7,3,0.9495,0.9545,0.9975,0.9421,0.0216
2,1,7,4,0.9436,0.9367,0.9994,0.9351,0.0172
2,1,7,5,0.9833,0.9937,0.9962,0.9809,0.0073
2,1,7,6,0.9877,0.9919,0.9990,0.9864,0.0118
2,1,7,7,0.9838,0.9879,0.9990,0.9823,0.0161
2,1,7,8,0.9423,0.9490,0.9898,0.9338,0.0227
2,1,7,9,0.8946,0.8781,0.9289,0.8782,0.0245
2,1,7,10,0.9825,0.9847,0.9991,0.9817,0.0240
2,1,7,11,0.9830,0.9865,0.9987,0.9821,0.0232
2,1,8,0,0.9820,0.9878,0.9969,0.9795,0.0060
2,1,8,1,0.9836,0.9861,0.9993,0.9826,0.0202
2,1,8,2,0.9870,0.9921,0.9996,0.9851,0.0050
2,1,8,3,0.9843,0.9888,0.9996,0.9827,0.0142
2,1,8,4,0.8236,0.8913,0.9339,0.7952,0.0319
2,1,8,5,0.8869,0.8667,0.9722,0.8694,0.0350
2,1,8,6,0.9842,0.9874,0.9986,0.9831,0.0192
2,1,8,7,0.7603,0.7951,0.9700,0.7217,0.0315
2,1,8,8,0.9633,0.9748,0.9968,0.9582,0.0188
2,1,8,9,0.9799,0.9839,1.0000,0.9770,0.0066
2,1,8,10,0.9827,0.9864,0.9983,0.9801,0.0042
2,1,8,11,0.9869,0.9909,0.9989,0.9859,0.0173
2,1,9,0,0.9642,0.9789,0.9992,0.9593,0.0134
2,1,9,1,0.9835,0.9877,0.9998,0.9821,0.0174
2,1,9,2,0.9847,0.9879,0.9997,0.9829,0.0126
2,1,9,3,0.7646,0.7517,0.8973,0.7241,0.0493
2,1,9,4,0.9845,0.9883,0.9991,0.9833,0.0180
2,1,9,5,0.9841,0.9898,0.9996,0.9820,0.0088
2,1,9,6,0.9837,0.9856,0.9981,0.9831,0.0249
2,1,9,7,0.9712,0.9815,1.0000,0.9670,0.0097
2,1,9,8,0.9882,0.9896,0.9986,0.9876,0.0202
2,1,9,9,0.9838,0.9860,0.9986,0.9831,0.0245
2,1,9,10,0.8613,0.8592,0.9673,0.8393,0.0361
2,1,9,11,0.9837,0.9863,0.9986,0.9830,0.0247
2,1,10,0,0.9862,0.9889,0.9983,0.9853,0.0198
2,1,10,1,0.9852,0.9876,0.9984,0.9843,0.0213
2,1,10,2,0.9861,0.9897,0.9996,0.9851,0.0188
2,1,10,3,0.9821,0.9882,0.9984,0.9798,0.0093
2,1,10,4,0.9713,0.9800,0.9981,0.9670,0.0100
2,1,10,5,0.9021,0.8843,0.9904,0.8871,0.0251
2,1,10,6,0.9862,0.9901,0.9988,0.9849,0.0152
2,1,10,7,0.9868,0.9905,0.9999,0.9852,0.0115
2,1,10,8,0.9838,0.9856,0.9986,0.9831,0.0245
2,1,10,9,0.9017,0.8765,0.9906,0.8868,0.0304
2,1,10,10,0.9839,0.9857,0.9984,0.9833,0.0244
2,1,10,11,0.8354,0.8710,0.9925,0.8111,0.0140
2,1,11,0,0.6202,0.6290,0.7515,0.5441,0.0752
2,1,11,1,0.9848,0.9921,0.9978,0.9826,0.0037
2,1,11,2,0.9848,0.9872,1.0000,0.9837,0.0205
2,1,11,3,0.8983,0.9147,0.9320,0.8849,0.0442
2,1,11,4,0.9868,0.9897,0.9866,0.9850,0.0098
2,1,11,5,0.9728,0.9779,0.9999,0.9698,0.0201
2,1,11,6,0.9852,0.9871,0.9991,0.9844,0.0224
2,1,11,7,0.9842,0.9895,0.9987,0.9820,0.0058
2,1,11,8,0.2094,0.5370,0.9592,0.0602,0.0488
2,1,11,9,0.9867,0.9885,0.9994,0.9858,0.0201
2,1,11,10,0.9414,0.9459,0.9434,0.9339,0.0310
2,1,11,11,0.9690,0.9724,0.9911,0.9649,0.0201
2,2,0,0,0.6473,0.7729,0.9998,0.5604,0.0295
2,2,0,1,0.2896,0.5698,0.9772,0.1840,0.0579
2,2,0,2,0.7026,0.7567,0.9785,0.6255,0.0344
2,2,0,3,0.4195,0.6294,0.9963,0.3260,0.0433
2,2,0,4,0.5694,0.7738,0.9951,0.4822,0.0193
2,2,0,5,0.3247,0.5734,0.9890,0.2202,0.0521
2,2,0,6,0.7106,0.8265,0.9972,0.6379,0.0348
2,2,0,7,0.8850,0.9142,0.9890,0.8580,0.0341
2,2,0,8,0.6333,0.6937,0.9999,0.5369,0.0356
2,2,0,9,0.7292,0.7723,0.9390,0.6568,0.0428
2,2,0,10,0.6684,0.7909,0.9711,0.5785,0.0374
2,2,0,11,0.6982,0.8011,0.9868,0.6183,0.0374
2,2,1,0,0.7825,0.8615,0.9970,0.7295,0.0310
2,2,1,1,0.7453,0.8348,0.9895,0.6858,0.0190
2,2,1,2,0.7084,0.8167,0.9928,0.6371,0.0328
2,2,1,3,0.6015,0.6744,0.9931,0.5032,0.0240
2,2,1,4,0.6247,0.7263,0.9905,0.5386,0.0290
2,2,1,5,0.6191,0.7363,0.9763,0.5384,0.0157
2,2,1,6,0.6267,0.7564,0.9769,0.5415,0.0160
2,2,1,7,0.6165,0.7148,0.9842,0.5300,0.0264
2,2,1,8,0.6219,0.7044,0.9991,0.5352,0.0184
2,2,1,9,0.5540,0.6529,0.9799,0.4625,0.0184
2,2,1,10,0.5965,0.7420,0.9918,0.4901,0.0401
2,2,1,11,0.4040,0.6187,0.9870,0.3004,0.0357
2,2,2,0,0.7535,0.8314,1.0000,0.6927,0.0269
2,2,2,1,0.4803,0.5783,0.9397,0.3891,0.0379
2,2,2,2,1.0000,1.0000,1.0000,1.0000,0.0000
2,2,2,3,0.7842,0.8548,0.9911,0.7332,0.0213
2,2,2,4,0.6208,0.7307,0.9694,0.5411,0.0094
2,2,2,5,0.8858,0.9105,1.0000,0.8588,0.0241
2,2,2,6,0.5023,0.5837,0.9343,0.4180,0.0395
2,2,2,7,0.7616,0.8769,0.9993,0.7008,0.0353
2,2,2,8,0.7532,0.8464,0.9995,0.6944,0.0184
2,2,2,9,0.8259,0.8944,0.9998,0.7847,0.0178
2,2,2,10,0.7046,0.8344,0.9996,0.6314,0.0333
2,2,2,11,0.5283,0.6224,0.9504,0.4393,0.0337
2,2,3,0,0.4321,0.5494,0.9163,0.3430,0.0501
2,2,3,1,0.6219,0.6760,0.9998,0.5405,0.0051
2,2,3,2,0.8493,0.8850,0.9988,0.8156,0.0121
2,2,3,3,0.5516,0.6217,0.9621,0.4708,0.0307
2,2,3,4,0.4204,0.5087,0.9193,0.3336,0.0580
2,2,3,5,0.5430,0.6451,0.9823,0.4490,0.0254
2,2,3,6,0.8729,0.8955,0.9992,0.8425,0.0274
2,2,3,7,0.8146,0.8680,0.9932,0.7732,0.0110
2,2,3,8,0.8273,0.8440,0.9902,0.7863,0.0165
2,2,3,9,0.5282,0.6707,1.0000,0.4390,0.0214
2,2,3,10,0.5548,0.6944,0.9432,0.4683,0.0213
2,2,3,11,0.6926,0.8349,0.9843,0.6241,0.0132
2,2,4,0,0.5878,0.7377,0.9992,0.5114,0.0236
2,2,4,1,0.6189,0.6828,0.9999,0.5370,0.0098
2,2,4,2,0.4841,0.5768,0.9427,0.3953,0.0413
2,2,4,3,0.6283,0.7302,0.9845,0.5450,0.0168
2,2,4,4,0.4973,0.6314,0.9615,0.4056,0.0298
2,2,4,5,0.6621,0.7695,0.9850,0.5901,0.0080
2,2,4,6,0.6053,0.7109,0.9931,0.5200,0.0256
2,2,4,7,0.6414,0.7840,0.9925,0.5662,0.0092
2,2,4,8,0.4574,0.5557,0.9225,0.3691,0.0460
2,2,4,9,0.6126,0.6915,0.9886,0.5242,0.0101
2,2,4,10,0.4235,0.5131,0.9246,0.3368,0.0565
2,2,4,11,0.7863,0.8564,0.9171,0.7624,0.0626
2,2,5,0,0.4657,0.5975,0.9139,0.3811,0.0460
2,2,5,1,0.4012,0.4934,0.9149,0.3159,0.0620
2,2,5,2,0.6398,0.7373,0.9967,0.5562,0.0130
2,2,5,3,0.6836,0.7263,0.9785,0.6058,0.0247
2,2,5,4,0.7323,0.8587,0.9994,0.6725,0.0076
2,2,5,5,0.4250,0.5310,0.9255,0.3373,0.0548
2,2,5,6,0.5840,0.6679,0.9266,0.5101,0.0311
2,2,5,7,0.5463,0.6547,0.9865,0.4626,0.0285
2,2,5,8,0.4796,0.6169,0.9321,0.3912,0.0383
2,2,5,9,0.4284,0.5120,0.9233,0.3413,0.0563
2,2,5,10,0.4946,0.6209,0.9504,0.4040,0.0320
2,2,5,11,0.5014,0.6048,0.9402,0.4147,0.0366
2,2,6,0,0.7488,0.7879,0.9920,0.6887,0.0163
2,2,6,1,0.4331,0.5123,0.9344,0.3437,0.0496
2,2,6,2,0.4597,0.5506,0.9454,0.3704,0.0460
2,2,6,3,0.4767,0.5796,0.9339,0.3870,0.0379
2,2,6,4,0.5740,0.7045,0.9509,0.4856,0.0142
2,2,6,5,0.5353,0.6431,0.9546,0.4472,0.0302
2,2,6,6,0.4365,0.5377,0.9281,0.3482,0.0521
2,2,6,7,0.5881,0.7184,0.9537,0.5035,0.0194
2,2,6,8,0.6044,0.7195,0.9720,0.5238,0.0167
2,2,6,9,0.4013,0.4940,0.9190,0.3153,0.0614
2,2,6,10,0.4189,0.5071,0.9179,0.3322,0.0588
2,2,6,11,0.6965,0.7555,0.9867,0.6246,0.0122
2,2,7,0,0.7871,0.8266,0.9842,0.7445,0.0129
2,2,7,1,0.4699,0.5723,0.9277,0.3825,0.0438
2,2,7,2,0.4087,0.5049,0.9174,0.3230,0.0606
2,2,7,3,0.5806,0.6986,0.9616,0.4967,0.0257
2,2,7,4,0.5318,0.6337,0.9512,0.4441,0.0262
2,2,7,5,0.5248,0.5929,0.9660,0.4371,0.0324
2,2,7,6,0.4515,0.5393,0.9236,0.3627,0.0476
2,2,7,7,0.4392,0.5375,0.9233,0.3522,0.0519
2,2,7,8,0.5593,0.6532,0.9788,0.4718,0.0176
2,2,7,9,0.5628,0.6228,0.9995,0.4741,0.0142
2,2,7,10,0.4045,0.5001,0.9245,0.3173,0.0598
2,2,7,11,0.4133,0.5169,0.9214,0.3264,0.0590
2,2,8,0,0.4698,0.5502,0.9638,0.3784,0.0403
2,2,8,1,0.4186,0.5095,0.9268,0.3316,0.0560
2,2,8,2,0.4809,0.5791,0.9485,0.3893,0.0397
2,2,8,3,0.4343,0.5286,0.9304,0.3443,0.0497
2,2,8,4,0.6575,0.7017,0.9999,0.5867,0.0115
2,2,8,5,0.6060,0.6885,0.9937,0.5209,0.0199
2,2,8,6,0.4289,0.5136,0.9201,0.3421,0.0550
2,2,8,7,0.6837,0.7654,0.9947,0.6201,0.0135
2,2,8,8,0.5482,0.6854,0.9642,0.4582,0.0236
2,2,8,9,0.5023,0.5893,0.9385,0.4133,0.0345
2,2,8,10,0.4963,0.6072,0.9581,0.4048,0.0353
2,2,8,11,0.4322,0.5269,0.9225,0.3439,0.0531
2,2,9,0,0.4858,0.5981,0.9250,0.3993,0.0384
2,2,9,1,0.4281,0.5179,0.9332,0.3398,0.0533
2,2,9,2,0.4476,0.5321,0.9313,0.3588,0.0471
2,2,9,3,0.7834,0.8175,0.9941,0.7318,0.0190
2,2,9,4,0.4342,0.5215,0.9242,0.3476,0.0538
2,2,9,5,0.4690,0.5738,0.9302,0.3805,0.0438
2,2,9,6,0.4084,0.4965,0.9172,0.3223,0.0607
2,2,9,7,0.5068,0.6073,0.9393,0.4165,0.0303
2,2,9,8,0.4229,0.5141,0.9200,0.3354,0.0560
2,2,9,9,0.4108,0.4988,0.9200,0.3245,0.0603
2,2,9,10,0.6690,0.7529,0.9957,0.5963,0.0115
2,2,9,11,0.4119,0.4991,0.9206,0.3258,0.0605
2,2,10,0,0.4250,0.5141,0.9180,0.3375,0.0556
2,2,10,1,0.4191,0.5044,0.9188,0.3317,0.0571
2,2,10,2,0.4310,0.5210,0.9293,0.3436,0.0546
2,2,10,3,0.4505,0.5401,0.9575,0.3590,0.0449
2,2,10,4,0.5080,0.6166,0.9589,0.4195,0.0306
2,2,10,5,0.5676,0.6474,0.9780,0.4848,0.0205
2,2,10,6,0.4378,0.5266,0.9215,0.3492,0.0510
2,2,10,7,0.4517,0.5605,0.9358,0.3619,0.0468
2,2,10,8,0.4109,0.4967,0.9205,0.3245,0.0603
2,2,10,9,0.6369,0.7595,0.9777,0.5594,0.0161
2,2,10,10,0.4103,0.4951,0.9189,0.3238,0.0602
2,2,10,11,0.5946,0.6541,0.9745,0.5228,0.0299
2,2,11,0,0.6737,0.6852,0.9318,0.5831,0.0443
2,2,11,1,0.4817,0.5694,0.9603,0.3892,0.0376
2,2,11,2,0.4227,0.5056,0.9389,0.3344,0.0560
2,2,11,3,0.6600,0.7117,0.9998,0.5789,0.0150
2,2,11,4,0.5005,0.5773,0.9829,0.4071,0.0346
2,2,11,5,0.4373,0.5210,0.9441,0.3491,0.0491
2,2,11,6,0.4175,0.5014,0.9241,0.3303,0.0582
2,2,11,7,0.4630,0.5685,0.9561,0.3712,0.0408
2,2,11,8,0.5729,0.7023,0.9981,0.4732,0.0146
2,2,11,9,0.4291,0.5159,0.9278,0.3417,0.0559
2,2,11,10,0.6164,0.7019,0.9999,0.5326,0.0146
2,2,11,11,0.5734,0.6938,0.9768,0.4873,0.0205
2,3,0,0,0.8520,0.8725,0.9934,0.8120,0.0138
2,3,0,1,0.2561,0.4287,0.9968,0.1365,0.0733
2,3,0,2,0.8728,0.8609,0.9423,0.8369,0.0186
2,3,0,3,0.3839,0.4638,0.9989,0.2773,0.0609
2,3,0,4,0.6007,0.6877,0.9994,0.5139,0.0269
2,3,0,5,0.3052,0.4151,0.9999,0.1894,0.0676
2,3,0,6,0.8679,0.9183,0.9983,0.8314,0.0138
2,3,0,7,0.9126,0.9343,0.9604,0.8884,0.0160
2,3,0,8,0.7571,0.7500,0.9891,0.6870,0.0161
2,3,0,9,0.8779,0.8603,0.8849,0.8434,0.0241
2,3,0,10,0.8119,0.8163,0.9307,0.7563,0.0201
2,3,0,11,0.8388,0.8538,0.9564,0.7922,0.0206
2,3,1,0,0.9500,0.9505,0.9984,0.9367,0.0118
2,3,1,1,0.9160,0.9267,0.9999,0.8946,0.0106
2,3,1,2,0.8974,0.9085,0.9999,0.8698,0.0144
2,3,1,3,0.7736,0.7496,0.9685,0.7124,0.0290
2,3,1,4,0.8206,0.8343,1.0000,0.7760,0.0287
2,3,1,5,0.8104,0.8237,0.9964,0.7677,0.0236
2,3,1,6,0.8148,0.8619,0.9967,0.7688,0.0136
2,3,1,7,0.8263,0.8315,0.9990,0.7839,0.0240
2,3,1,8,0.8373,0.8356,0.9959,0.7968,0.0215
2,3,1,9,0.7979,0.7935,0.9977,0.7543,0.0286
2,3,1,10,0.4853,0.7274,0.9660,0.3348,0.0223
2,3,1,11,0.4362,0.4934,0.9996,0.3313,0.0533
2,3,2,0,0.8810,0.9189,0.9905,0.8487,0.0075
2,3,2,1,0.7126,0.7285,0.9769,0.6617,0.0513
2,3,2,2,0.7842,0.8548,0.9911,0.7332,0.0213
2,3,2,3,1.0000,1.0000,1.0000,1.0000,0.0000
2,3,2,4,0.8331,0.8324,0.9935,0.7961,0.0234
2,3,2,5,0.9124,0.9288,0.9919,0.8888,0.0079
2,3,2,6,0.7087,0.7178,0.9735,0.6595,0.0558
2,3,2,7,0.8698,0.8962,0.9854,0.8331,0.0156
2,3,2,8,0.8419,0.8733,0.9862,0.8005,0.0081
2,3,2,9,0.8067,0.8936,0.9879,0.7563,0.0071
2,3,2,10,0.8529,0.8934,0.9944,0.8127,0.0155
2,3,2,11,0.7418,0.7473,0.9833,0.6916,0.0434
2,3,3,0,0.6657,0.6865,0.9615,0.6144,0.0656
2,3,3,1,0.8208,0.8095,0.9879,0.7797,0.0222
2,3,3,2,0.8480,0.9073,0.9964,0.8115,0.0150
2,3,3,3,0.6910,0.7085,0.9898,0.6334,0.0478
2,3,3,4,0.6538,0.6626,0.9635,0.6040,0.0735
2,3,3,5,0.7645,0.7895,0.9985,0.7132,0.0299
2,3,3,6,0.8920,0.9316,0.9851,0.8623,0.0106
2,3,3,7,0.7709,0.8365,0.9999,0.7156,0.0134
2,3,3,8,0.8227,0.8693,0.9628,0.7760,0.0173
2,3,3,9,0.5983,0.7684,0.9907,0.5175,0.0376
2,3,3,10,0.7682,0.7880,0.9791,0.7216,0.0367
2,3,3,11,0.8797,0.9195,0.9990,0.8509,0.0122
2,3,4,0,0.6506,0.8002,0.9851,0.5822,0.0404
2,3,4,1,0.8168,0.8080,0.9928,0.7747,0.0201
2,3,4,2,0.7114,0.7169,0.9787,0.6618,0.0550
2,3,4,3,0.7997,0.8412,0.9991,0.7512,0.0115
2,3,4,4,0.7151,0.7485,0.9896,0.6618,0.0447
2,3,4,5,0.8686,0.8890,0.9992,0.8391,0.0232
2,3,4,6,0.7903,0.8334,0.9999,0.7417,0.0256
2,3,4,7,0.6982,0.7322,0.9999,0.6304,0.0262
2,3,4,8,0.6849,0.7018,0.9657,0.6342,0.0615
2,3,4,9,0.7693,0.7712,0.9597,0.7122,0.0148
2,3,4,10,0.6511,0.6643,0.9671,0.6003,0.0720
2,3,4,11,0.5484,0.6828,0.9620,0.4841,0.0781
2,3,5,0,0.6784,0.7140,0.9599,0.6286,0.0628
2,3,5,1,0.6346,0.6483,0.9605,0.5854,0.0775
2,3,5,2,0.7765,0.7959,0.9771,0.7201,0.0151
2,3,5,3,0.8288,0.8300,0.9424,0.7824,0.0079
2,3,5,4,0.7512,0.8295,0.9859,0.6910,0.0207
2,3,5,5,0.6583,0.6734,0.9677,0.6078,0.0703
2,3,5,6,0.7301,0.7479,0.9684,0.6813,0.0489
2,3,5,7,0.6567,0.7278,0.9995,0.5902,0.0453
2,3,5,8,0.7167,0.7489,0.9720,0.6689,0.0543
2,3,5,9,0.6567,0.6652,0.9662,0.6061,0.0718
2,3,5,10,0.7098,0.7395,0.9834,0.6567,0.0475
2,3,5,11,0.7027,0.7190,0.9772,0.6504,0.0521
2,3,6,0,0.8261,0.8486,0.9663,0.7804,0.0152
2,3,6,1,0.6491,0.6656,0.9735,0.5943,0.0651
2,3,6,2,0.6848,0.6943,0.9804,0.6330,0.0613
2,3,6,3,0.6964,0.7234,0.9732,0.6441,0.0510
2,3,6,4,0.7750,0.8116,0.9837,0.7255,0.0283
2,3,6,5,0.7381,0.7593,0.9858,0.6867,0.0409
2,3,6,6,0.6656,0.6787,0.9695,0.6143,0.0676
2,3,6,7,0.7681,0.8193,0.9853,0.7177,0.0260
2,3,6,8,0.7823,0.8036,0.9946,0.7356,0.0287
2,3,6,9,0.6341,0.6473,0.9633,0.5840,0.0769
2,3,6,10,0.6501,0.6598,0.9625,0.5999,0.0742
2,3,6,11,0.7929,0.8081,0.9563,0.7393,0.0127
2,3,7,0,0.7556,0.8225,0.9990,0.7038,0.0296
2,3,7,1,0.6820,0.7023,0.9691,0.6298,0.0593
2,3,7,2,0.6414,0.6561,0.9622,0.5920,0.0761
2,3,7,3,0.7870,0.8092,0.9896,0.7425,0.0312
2,3,7,4,0.7802,0.7742,0.9838,0.7385,0.0370
2,3,7,5,0.7320,0.7266,0.9919,0.6813,0.0455
2,3,7,6,0.6763,0.6875,0.9664,0.6246,0.0631
2,3,7,7,0.6653,0.6800,0.9662,0.6147,0.0674
2,3,7,8,0.7391,0.7775,0.9974,0.6846,0.0354
2,3,7,9,0.7404,0.7346,0.9866,0.6847,0.0296
2,3,7,10,0.6377,0.6507,0.9671,0.5869,0.0753
2,3,7,11,0.6471,0.6631,0.9650,0.5970,0.0745
2,3,8,0,0.6826,0.6807,0.9907,0.6271,0.0552
2,3,8,1,0.6504,0.6636,0.9686,0.6000,0.0715
2,3,8,2,0.7044,0.7162,0.9822,0.6515,0.0521
2,3,8,3,0.6639,0.6778,0.9709,0.6113,0.0652
2,3,8,4,0.7293,0.7970,0.9887,0.6695,0.0294
2,3,8,5,0.8072,0.8032,0.9998,0.7626,0.0171
2,3,8,6,0.6569,0.6674,0.9640,0.6065,0.0704
2,3,8,7,0.6946,0.7536,0.9995,0.6291,0.0269
2,3,8,8,0.7635,0.8021,0.9909,0.7141,0.0333
2,3,8,9,0.7143,0.7224,0.9761,0.6623,0.0471
2,3,8,10,0.7217,0.7259,0.9877,0.6700,0.0484
2,3,8,11,0.6681,0.6786,0.9657,0.6179,0.0686
2,3,9,0,0.6925,0.7275,0.9674,0.6407,0.0555
2,3,9,1,0.6596,0.6712,0.9728,0.6085,0.0687
2,3,9,2,0.6678,0.6805,0.9715,0.6150,0.0626
2,3,9,3,0.7628,0.7911,0.9709,0.7004,0.0077
2,3,9,4,0.6547,0.6712,0.9668,0.6032,0.0693
2,3,9,5,0.6918,0.7035,0.9708,0.6407,0.0593
2,3,9,6,0.6416,0.6526,0.9621,0.5919,0.0762
2,3,9,7,0.7246,0.7419,0.9766,0.6729,0.0439
2,3,9,8,0.6529,0.6655,0.9640,0.6019,0.0715
2,3,9,9,0.6438,0.6549,0.9640,0.5940,0.0758
2,3,9,10,0.8313,0.8408,0.9992,0.7916,0.0155
2,3,9,11,0.6458,0.6548,0.9644,0.5964,0.0760
2,3,10,0,0.6549,0.6642,0.9627,0.6041,0.0711
2,3,10,1,0.6511,0.6586,0.9632,0.6004,0.0725
2,3,10,2,0.6611,0.6723,0.9702,0.6107,0.0701
2,3,10,3,0.6703,0.6757,0.9874,0.6152,0.0603
2,3,10,4,0.7085,0.7413,0.9882,0.6549,0.0460
2,3,10,5,0.7401,0.7540,0.9971,0.6883,0.0317
2,3,10,6,0.6641,0.6725,0.9651,0.6122,0.0665
2,3,10,7,0.6741,0.6938,0.9744,0.6210,0.0623
2,3,10,8,0.6437,0.6526,0.9644,0.5937,0.0758
2,3,10,9,0.7928,0.8176,0.9970,0.7456,0.0230
2,3,10,10,0.6428,0.6515,0.9632,0.5927,0.0757
2,3,10,11,0.6959,0.7277,0.9957,0.6403,0.0470
2,3,11,0,0.7530,0.6984,0.8751,0.6770,0.0252
2,3,11,1,0.7062,0.7006,0.9889,0.6528,0.0513
2,3,11,2,0.6499,0.6556,0.9764,0.5977,0.0715
2,3,11,3,0.7734,0.7801,0.9879,0.7142,0.0139
2,3,11,4,0.7122,0.7060,0.9987,0.6564,0.0464
2,3,11,5,0.6525,0.6690,0.9796,0.5988,0.0659
2,3,11,6,0.6488,0.6561,0.9668,0.5980,0.0737
2,3,11,7,0.6874,0.7026,0.9866,0.6336,0.0560
2,3,11,8,0.4614,0.7100,0.9975,0.3244,0.0096
2,3,11,9,0.6567,0.6673,0.9692,0.6057,0.0714
2,3,11,10,0.7729,0.7894,0.9925,0.7195,0.0261
2,3,11,11,0.7825,0.8092,0.9966,0.7365,0.0331
2,4,0,0,0.9317,0.9447,0.9738,0.9179,0.0279
2,4,0,1,0.2023,0.3477,0.9994,0.0872,0.0510
2,4,0,2,0.9239,0.9193,0.8979,0.9101,0.0352
2,4,0,3,0.3168,0.3917,0.9869,0.2099,0.0375
2,4,0,4,0.5397,0.5959,0.9888,0.4501,0.0106
2,4,0,5,0.2595,0.3525,0.9950,0.1485,0.0453
2,4,0,6,0.8819,0.9039,0.9850,0.8563,0.0348
2,4,0,7,0.8182,0.8244,0.9223,0.7763,0.0386
2,4,0,8,0.7232,0.7003,0.9658,0.6561,0.0363
2,4,0,9,0.8987,0.8752,0.8259,0.8810,0.0446
2,4,0,10,0.8361,0.8307,0.8828,0.7997,0.0421
2,4,0,11,0.9041,0.9034,0.9167,0.8860,0.0384
2,4,1,0,0.8835,0.8864,0.9855,0.8581,0.0312
2,4,1,1,0.9326,0.9355,0.9947,0.9185,0.0180
2,4,1,2,0.9181,0.9289,0.9918,0.9010,0.0317
2,4,1,3,0.9341,0.9063,0.9338,0.9209,0.0248
2,4,1,4,0.9561,0.9646,0.9940,0.9471,0.0240
2,4,1,5,0.9582,0.9726,0.9995,0.9497,0.0089
2,4,1,6,0.9146,0.9226,0.9995,0.8964,0.0139
2,4,1,7,0.9552,0.9581,0.9976,0.9459,0.0206
2,4,1,8,0.9599,0.9617,0.9790,0.9517,0.0155
2,4,1,9,0.9558,0.9600,0.9989,0.9471,0.0113
2,4,1,10,0.3416,0.6689,0.9302,0.1731,0.0422
2,4,1,11,0.4039,0.4418,0.9963,0.3041,0.0299
2,4,2,0,0.9099,0.9218,0.9683,0.8910,0.0295
2,4,2,1,0.9524,0.9511,0.9949,0.9461,0.0295
2,4,2,2,0.6208,0.7307,0.9694,0.5411,0.0094
2,4,2,3,0.8331,0.8324,0.9935,0.7961,0.0234
2,4,2,4,1.0000,1.0000,1.0000,1.0000,0.0000
2,4,2,5,0.8589,0.8760,0.9709,0.8276,0.0262
2,4,2,6,0.9355,0.9505,0.9932,0.9273,0.0324
2,4,2,7,0.8531,0.8774,0.9595,0.8204,0.0379
2,4,2,8,0.8621,0.8503,0.9608,0.8317,0.0202
2,4,2,9,0.7194,0.7634,0.9637,0.6560,0.0210
2,4,2,10,0.9186,0.9321,0.9758,0.9018,0.0320
2,4,2,11,0.9544,0.9585,0.9977,0.9468,0.0261
2,4,3,0,0.9259,0.9385,0.9866,0.9187,0.0433
2,4,3,1,0.9431,0.9390,0.9637,0.9314,0.0075
2,4,3,2,0.6089,0.6864,0.9802,0.5253,0.0108
2,4,3,3,0.9160,0.9263,0.9996,0.9025,0.0244
2,4,3,4,0.9225,0.9238,0.9878,0.9165,0.0512
2,4,3,5,0.9455,0.9560,0.9982,0.9348,0.0173
2,4,3,6,0.7584,0.7822,0.9590,0.7018,0.0306
2,4,3,7,0.7412,0.7603,0.9914,0.6860,0.0126
2,4,3,8,0.8536,0.8514,0.9256,0.8212,0.0241
2,4,3,9,0.6276,0.7398,0.9686,0.5599,0.0148
2,4,3,10,0.9487,0.9619,0.9959,0.9395,0.0144
2,4,3,11,0.8622,0.8830,0.9975,0.8329,0.0122
2,4,4,0,0.6730,0.6977,0.9591,0.6146,0.0173
2,4,4,1,0.9406,0.9324,0.9726,0.9284,0.0085
2,4,4,2,0.9396,0.9433,0.9958,0.9317,0.0329
2,4,4,3,0.8593,0.8784,0.9974,0.8294,0.0142
2,4,4,4,0.9373,0.9540,0.9995,0.9274,0.0224
2,4,4,5,0.8387,0.8527,0.9972,0.8057,0.0075
2,4,4,6,0.9282,0.9504,0.9915,0.9133,0.0188
2,4,4,7,0.6477,0.6772,0.9921,0.5767,0.0092
2,4,4,8,0.9330,0.9422,0.9890,0.9257,0.0392
2,4,4,9,0.9116,0.9063,0.9213,0.8928,0.0122
2,4,4,10,0.9244,0.9275,0.9898,0.9184,0.0497
2,4,4,11,0.3908,0.5623,0.9869,0.3070,0.0558
2,4,5,0,0.9327,0.9454,0.9856,0.9262,0.0395
2,4,5,1,0.9134,0.9179,0.9860,0.9079,0.0552
2,4,5,2,0.8388,0.8433,0.9464,0.8036,0.0161
2,4,5,3,0.8816,0.8597,0.8980,0.8557,0.0270
2,4,5,4,0.7965,0.8268,0.9603,0.7531,0.0102
2,4,5,5,0.9226,0.9282,0.9902,0.9159,0.0480
2,4,5,6,0.9222,0.9413,0.9906,0.9101,0.0256
2,4,5,7,0.8662,0.9040,0.9965,0.8432,0.0222
2,4,5,8,0.9278,0.9418,0.9925,0.9182,0.0315
2,4,5,9,0.9232,0.9249,0.9893,0.9166,0.0495
2,4,5,10,0.9390,0.9540,0.9977,0.9299,0.0252
2,4,5,11,0.9437,0.9531,0.9951,0.9361,0.0298
2,4,6,0,0.8113,0.7988,0.9305,0.7690,0.0223
2,4,6,1,0.8984,0.9084,0.9933,0.8866,0.0428
2,4,6,2,0.9348,0.9387,0.9965,0.9273,0.0390
2,4,6,3,0.9231,0.9386,0.9931,0.9126,0.0303
2,4,6,4,0.9352,0.9448,0.9978,0.9223,0.0079
2,4,6,5,0.9521,0.9659,0.9985,0.9440,0.0226
2,4,6,6,0.9266,0.9331,0.9911,0.9196,0.0453
2,4,6,7,0.9224,0.9601,0.9984,0.9071,0.0115
2,4,6,8,0.9635,0.9704,0.9999,0.9564,0.0088
2,4,6,9,0.9132,0.9163,0.9877,0.9074,0.0546
2,4,6,10,0.9202,0.9232,0.9872,0.9140,0.0519
2,4,6,11,0.8437,0.8468,0.9167,0.8092,0.0185
2,4,7,0,0.7579,0.8002,0.9975,0.7110,0.0115
2,4,7,1,0.9280,0.9440,0.9910,0.9194,0.0370
2,4,7,2,0.9163,0.9237,0.9870,0.9106,0.0538
2,4,7,3,0.9445,0.9619,0.9996,0.9340,0.0171
2,4,7,4,0.9465,0.9338,0.9979,0.9376,0.0186
2,4,7,5,0.9437,0.9524,0.9999,0.9346,0.0240
2,4,7,6,0.9292,0.9357,0.9895,0.9215,0.0408
2,4,7,7,0.9266,0.9373,0.9893,0.9199,0.0451
2,4,7,8,0.9204,0.9315,0.9991,0.9053,0.0126
2,4,7,9,0.8983,0.8741,0.9614,0.8786,0.0071
2,4,7,10,0.9144,0.9186,0.9898,0.9080,0.0530
2,4,7,11,0.9188,0.9275,0.9886,0.9126,0.0522
2,4,8,0,0.9334,0.9346,0.9998,0.9244,0.0329
2,4,8,1,0.9188,0.9257,0.9906,0.9122,0.0492
2,4,8,2,0.9372,0.9466,0.9972,0.9282,0.0314
2,4,8,3,0.9217,0.9316,0.9919,0.9134,0.0429
2,4,8,4,0.8426,0.9014,0.9651,0.8113,0.0102
2,4,8,5,0.9057,0.8749,0.9908,0.8862,0.0139
2,4,8,6,0.9208,0.9281,0.9881,0.9140,0.0481
2,4,8,7,0.7745,0.7953,0.9895,0.7308,0.0114
2,4,8,8,0.9368,0.9572,0.9998,0.9249,0.0157
2,4,8,9,0.9415,0.9524,0.9945,0.9328,0.0256
2,4,8,10,0.9441,0.9541,0.9991,0.9355,0.0272
2,4,8,11,0.9229,0.9254,0.9891,0.9155,0.0463
2,4,9,0,0.9064,0.9230,0.9900,0.8935,0.0321
2,4,9,1,0.9206,0.9274,0.9929,0.9131,0.0464
2,4,9,2,0.9229,0.9292,0.9922,0.9143,0.0403
2,4,9,3,0.8055,0.7805,0.9371,0.7619,0.0214
2,4,9,4,0.9219,0.9298,0.9897,0.9150,0.0470
2,4,9,5,0.9304,0.9378,0.9919,0.9219,0.0370
2,4,9,6,0.9158,0.9182,0.9869,0.9098,0.0539
2,4,9,7,0.9282,0.9441,0.9948,0.9165,0.0216
2,4,9,8,0.9217,0.9238,0.9881,0.9150,0.0492
2,4,9,9,0.9167,0.9197,0.9881,0.9107,0.0535
2,4,9,10,0.9106,0.9057,0.9879,0.8919,0.0089
2,4,9,11,0.9174,0.9198,0.9883,0.9114,0.0537
2,4,10,0,0.9208,0.9235,0.9873,0.9138,0.0488
2,4,10,1,0.9202,0.9235,0.9876,0.9137,0.0502
2,4,10,2,0.9251,0.9294,0.9915,0.9185,0.0478
2,4,10,3,0.9265,0.9307,0.9990,0.9174,0.0380
2,4,10,4,0.9213,0.9358,0.9992,0.9089,0.0237
2,4,10,5,0.9217,0.9092,0.9993,0.9077,0.0131
2,4,10,6,0.9226,0.9266,0.9887,0.9148,0.0442
2,4,10,7,0.9270,0.9385,0.9937,0.9185,0.0400
2,4,10,8,0.9172,0.9191,0.9883,0.9111,0.0535
2,4,10,9,0.9421,0.9372,0.9993,0.9302,0.0096
2,4,10,10,0.9164,0.9182,0.9876,0.9102,0.0534
2,4,10,11,0.8020,0.8318,0.9998,0.7689,0.0236
2,4,11,0,0.7129,0.6901,0.8141,0.6403,0.0480
2,4,11,1,0.9351,0.9434,0.9994,0.9254,0.0293
2,4,11,2,0.9210,0.9228,0.9947,0.9140,0.0492
2,4,11,3,0.8922,0.9125,0.9637,0.8688,0.0168
2,4,11,4,0.9436,0.9438,0.9980,0.9342,0.0278
2,4,11,5,0.9130,0.9249,0.9961,0.9038,0.0425
2,4,11,6,0.9199,0.9215,0.9897,0.9135,0.0514
2,4,11,7,0.9325,0.9406,0.9988,0.9236,0.0337
2,4,11,8,0.3212,0.6128,0.9828,0.1692,0.0201
2,4,11,9,0.9252,0.9285,0.9910,0.9187,0.0491
2,4,11,10,0.9217,0.9332,0.9720,0.9054,0.0098
2,4,11,11,0.9534,0.9568,0.9995,0.9444,0.0129
2,5,0,0,0.8833,0.9123,0.9999,0.8504,0.0161
2,5,0,1,0.3226,0.4764,0.9785,0.2116,0.0767
2,5,0,2,0.9057,0.9069,0.9772,0.8777,0.0160
2,5,0,3,0.4552,0.5243,0.9968,0.3595,0.0632
2,5,0,4,0.6451,0.7455,0.9957,0.5660,0.0300
2,5,0,5,0.3736,0.4719,0.9899,0.2674,0.0710
2,5,0,6,0.9097,0.9410,0.9977,0.8835,0.0125
2,5,0,7,0.9600,0.9632,0.9880,0.9486,0.0129
2,5,0,8,0.7481,0.7241,0.9998,0.6716,0.0130
2,5,0,9,0.9050,0.8913,0.9369,0.8767,0.0220
2,5,0,10,0.8551,0.8633,0.9696,0.8102,0.0174
2,5,0,11,0.9020,0.9047,0.9857,0.8725,0.0185
2,5,1,0,0.9326,0.9459,0.9975,0.9135,0.0092
2,5,1,1,0.9531,0.9593,0.9903,0.9410,0.0135
2,5,1,2,0.9351,0.9412,0.9935,0.9169,0.0178
2,5,1,3,0.8326,0.8110,0.9923,0.7855,0.0295
2,5,1,4,0.8836,0.8880,0.9913,0.8540,0.0314
2,5,1,5,0.8796,0.8918,0.9776,0.8528,0.0262
2,5,1,6,0.8634,0.9051,0.9783,0.8287,0.0160
2,5,1,7,0.8838,0.8826,0.9853,0.8549,0.0266
2,5,1,8,0.8773,0.8751,0.9993,0.8460,0.0239
2,5,1,9,0.8319,0.8313,0.9811,0.7956,0.0325
2,5,1,10,0.5261,0.7514,0.9910,0.3818,0.0181
2,5,1,11,0.4938,0.5462,0.9880,0.3977,0.0554
2,5,2,0,0.9213,0.9384,0.9999,0.8989,0.0077
2,5,2,1,0.7726,0.7696,0.9419,0.7338,0.0547
2,5,2,2,0.8858,0.9105,1.0000,0.8588,0.0241
2,5,2,3,0.9124,0.9288,0.9919,0.8888,0.0079
2,5,2,4,0.8589,0.8760,0.9709,0.8276,0.0262
2,5,2,5,1.0000,1.0000,1.0000,1.0000,0.0000
2,5,2,6,0.7894,0.7724,0.9365,0.7565,0.0586
2,5,2,7,0.9356,0.9513,0.9990,0.9167,0.0135
2,5,2,8,0.9074,0.9288,0.9992,0.8823,0.0081
2,5,2,9,0.8753,0.9253,0.9996,0.8416,0.0084
2,5,2,10,0.9274,0.9490,0.9998,0.9067,0.0184
2,5,2,11,0.8085,0.8041,0.9523,0.7723,0.0471
2,5,3,0,0.7277,0.7334,0.9188,0.6882,0.0690
2,5,3,1,0.8706,0.8503,0.9996,0.8409,0.0251
2,5,3,2,0.7856,0.8360,0.9991,0.7323,0.0192
2,5,3,3,0.7790,0.7722,0.9638,0.7393,0.0504
2,5,3,4,0.7153,0.7063,0.9217,0.6771,0.0769
2,5,3,5,0.8258,0.8330,0.9835,0.7880,0.0341
2,5,3,6,0.9090,0.9280,0.9990,0.8826,0.0080
2,5,3,7,0.8436,0.8701,0.9939,0.8051,0.0171
2,5,3,8,0.9341,0.9234,0.9893,0.9161,0.0165
2,5,3,9,0.6701,0.7722,1.0000,0.6031,0.0403
2,5,3,10,0.8306,0.8454,0.9453,0.7975,0.0396
2,5,3,11,0.8567,0.9166,0.9854,0.8215,0.0156
2,5,4,0,0.7367,0.8256,0.9990,0.6857,0.0425
2,5,4,1,0.8445,0.8454,1.0000,0.8084,0.0230
2,5,4,2,0.7737,0.7664,0.9448,0.7365,0.0584
2,5,4,3,0.8243,0.8442,0.9856,0.7806,0.0147
2,5,4,4,0.7808,0.8004,0.9632,0.7410,0.0479
2,5,4,5,0.8372,0.8754,0.9860,0.7998,0.0266
2,5,4,6,0.8589,0.8677,0.9938,0.8260,0.0295
2,5,4,7,0.7818,0.7934,0.9933,0.7322,0.0286
2,5,4,8,0.7526,0.7455,0.9249,0.7151,0.0649
2,5,4,9,0.8252,0.8150,0.9876,0.7807,0.0172
2,5,4,10,0.7192,0.7101,0.9270,0.6812,0.0754
2,5,4,11,0.5882,0.6967,0.9195,0.5304,0.0815
2,5,5,0,0.7463,0.7734,0.9165,0.7096,0.0657
2,5,5,1,0.6961,0.6900,0.9174,0.6582,0.0809
2,5,5,2,0.8222,0.8118,0.9962,0.7759,0.0180
2,5,5,3,0.8835,0.8831,0.9772,0.8506,0.0121
2,5,5,4,0.8546,0.8997,0.9992,0.8188,0.0223
2,5,5,5,0.7223,0.7163,0.9278,0.6840,0.0737
2,5,5,6,0.7898,0.8027,0.9289,0.7533,0.0510
2,5,5,7,0.7683,0.7738,0.9875,0.7247,0.0474
2,5,5,8,0.7746,0.7904,0.9343,0.7385,0.0569
2,5,5,9,0.7220,0.7093,0.9257,0.6836,0.0752
2,5,5,10,0.7793,0.7926,0.9524,0.7403,0.0506
2,5,5,11,0.7860,0.7792,0.9423,0.7506,0.0552
2,5,6,0,0.8562,0.8715,0.9912,0.8169,0.0144
2,5,6,1,0.7202,0.7037,0.9366,0.6789,0.0685
2,5,6,2,0.7513,0.7455,0.9475,0.7126,0.0644
2,5,6,3,0.7645,0.7637,0.9361,0.7257,0.0550
2,5,6,4,0.8425,0.8568,0.9528,0.8080,0.0310
2,5,6,5,0.8094,0.8124,0.9565,0.7731,0.0446
2,5,6,6,0.7299,0.7258,0.9305,0.6909,0.0707
2,5,6,7,0.8449,0.8667,0.9556,0.8115,0.0296
2,5,6,8,0.8305,0.8457,0.9734,0.7943,0.0308
2,5,6,9,0.6960,0.6894,0.9215,0.6573,0.0803
2,5,6,10,0.7135,0.7030,0.9203,0.6752,0.0777
2,5,6,11,0.8393,0.8492,0.9857,0.7962,0.0148
2,5,7,0,0.7952,0.8429,0.9853,0.7516,0.0331
2,5,7,1,0.7637,0.7531,0.9300,0.7276,0.0624
2,5,7,2,0.7022,0.7008,0.9198,0.6640,0.0795
2,5,7,3,0.8403,0.8608,0.9633,0.8075,0.0352
2,5,7,4,0.8008,0.8069,0.9531,0.7634,0.0412
2,5,7,5,0.7929,0.7837,0.9676,0.7548,0.0487
2,5,7,6,0.7474,0.7334,0.9260,0.7094,0.0665
2,5,7,7,0.7334,0.7290,0.9257,0.6959,0.0708
2,5,7,8,0.8079,0.8220,0.9801,0.7682,0.0375
2,5,7,9,0.7924,0.7798,0.9993,0.7476,0.0320
2,5,7,10,0.7005,0.6932,0.9269,0.6613,0.0787
2,5,7,11,0.7078,0.7095,0.9239,0.6690,0.0779
2,5,8,0,0.7446,0.7363,0.9654,0.7013,0.0584
2,5,8,1,0.7142,0.7056,0.9291,0.6758,0.0749
2,5,8,2,0.7738,0.7663,0.9504,0.7350,0.0552
2,5,8,3,0.7293,0.7211,0.9326,0.6892,0.0683
2,5,8,4,0.8054,0.8486,0.9997,0.7622,0.0317
2,5,8,5,0.8480,0.8435,0.9943,0.8124,0.0199
2,5,8,6,0.7249,0.7112,0.9225,0.6873,0.0739
2,5,8,7,0.7668,0.8168,0.9953,0.7164,0.0306
2,5,8,8,0.8242,0.8460,0.9658,0.7880,0.0370
2,5,8,9,0.7887,0.7753,0.9406,0.7518,0.0505
2,5,8,10,0.7809,0.7866,0.9599,0.7413,0.0516
2,5,8,11,0.7291,0.7204,0.9249,0.6906,0.0720
2,5,9,0,0.7704,0.7696,0.9273,0.7341,0.0584
2,5,9,1,0.7233,0.7125,0.9355,0.6842,0.0719
2,5,9,2,0.7419,0.7265,0.9336,0.7034,0.0660
2,5,9,3,0.8379,0.8389,0.9934,0.7936,0.0112
2,5,9,4,0.7296,0.7159,0.9266,0.6924,0.0727
2,5,9,5,0.7578,0.7542,0.9325,0.7197,0.0624
2,5,9,6,0.7036,0.6939,0.9196,0.6654,0.0796
2,5,9,7,0.7957,0.7898,0.9414,0.7587,0.0466
2,5,9,8,0.7192,0.7096,0.9225,0.6807,0.0749
2,5,9,9,0.7062,0.6959,0.9224,0.6679,0.0792
2,5,9,10,0.8543,0.8909,0.9963,0.8194,0.0189
2,5,9,11,0.7070,0.6969,0.9230,0.6690,0.0794
2,5,10,0,0.7204,0.7085,0.9205,0.6818,0.0745
2,5,10,1,0.7139,0.7016,0.9212,0.6751,0.0760
2,5,10,2,0.7268,0.7163,0.9316,0.6888,0.0735
2,5,10,3,0.7358,0.7250,0.9593,0.6933,0.0635
2,5,10,4,0.7877,0.7902,0.9607,0.7502,0.0492
2,5,10,5,0.8025,0.8048,0.9792,0.7639,0.0354
2,5,10,6,0.7314,0.7191,0.9239,0.6923,0.0699
2,5,10,7,0.7460,0.7433,0.9380,0.7069,0.0655
2,5,10,8,0.7052,0.6951,0.9229,0.6666,0.0792
2,5,10,9,0.8421,0.8713,0.9790,0.8058,0.0264
2,5,10,10,0.7048,0.6937,0.9213,0.6662,0.0791
2,5,10,11,0.7690,0.7875,0.9759,0.7281,0.0496
2,5,11,0,0.7880,0.7366,0.9295,0.7195,0.0226
2,5,11,1,0.7714,0.7561,0.9620,0.7311,0.0544
2,5,11,2,0.7142,0.7016,0.9410,0.6741,0.0746
2,5,11,3,0.8596,0.8439,0.9996,0.8216,0.0165
2,5,11,4,0.7789,0.7650,0.9840,0.7368,0.0496
2,5,11,5,0.7304,0.7142,0.9461,0.6915,0.0685
2,5,11,6,0.7118,0.6993,0.9265,0.6728,0.0771
2,5,11,7,0.7577,0.7490,0.9579,0.7178,0.0592
2,5,11,8,0.5175,0.7151,0.9984,0.3900,0.0130
2,5,11,9,0.7227,0.7121,0.9301,0.6842,0.0745
2,5,11,10,0.8559,0.8516,1.0000,0.8216,0.0274
2,5,11,11,0.8300,0.8552,0.9781,0.7943,0.0357
2,6,0,0,0.8890,0.8991,0.9409,0.8769,0.0572
2,6,0,1,0.1786,0.2543,0.9887,0.0799,0.0189
2,6,0,2,0.8695,0.8566,0.8407,0.8567,0.0660
2,6,0,3,0.2753,0.2876,0.9615,0.1808,0.0125
2,6,0,4,0.4654,0.4742,0.9649,0.3804,0.0296
2,6,0,5,0.2315,0.2609,0.9767,0.1356,0.0142
2,6,0,6,0.8160,0.8277,0.9583,0.7895,0.0666
2,6,0,7,0.7108,0.6918,0.8712,0.6614,0.0710
2,6,0,8,0.6445,0.6240,0.9291,0.5799,0.0677
2,6,0,9,0.8303,0.8029,0.7548,0.8128,0.0757
2,6,0,10,0.7828,0.7536,0.8223,0.7523,0.0745
2,6,0,11,0.8697,0.8477,0.8642,0.8590,0.0685
2,6,1,0,0.7683,0.7690,0.9591,0.7310,0.0628
2,6,1,1,0.8998,0.8832,0.9761,0.8877,0.0493
2,6,1,2,0.8835,0.8755,0.9703,0.8700,0.0607
2,6,1,3,0.9307,0.9025,0.8859,0.9270,0.0483
2,6,1,4,0.9587,0.9566,0.9745,0.9570,0.0430
2,6,1,5,0.9575,0.9544,0.9893,0.9532,0.0324
2,6,1,6,0.8699,0.8935,0.9889,0.8515,0.0445
2,6,1,7,0.9479,0.9471,0.9827,0.9436,0.0425
2,6,1,8,0.9564,0.9555,0.9487,0.9542,0.0424
2,6,1,9,0.9703,0.9755,0.9866,0.9675,0.0282
2,6,1,10,0.2276,0.5851,0.8813,0.0667,0.0728
2,6,1,11,0.3661,0.3495,0.9795,0.2778,0.0135
2,6,2,0,0.8426,0.8343,0.9327,0.8212,0.0619
2,6,2,1,0.9751,0.9852,0.9999,0.9716,0.0089
2,6,2,2,0.5023,0.5837,0.9343,0.4180,0.0395
2,6,2,3,0.7087,0.7178,0.9735,0.6595,0.0558
2,6,2,4,0.9355,0.9505,0.9932,0.9273,0.0324
2,6,2,5,0.7894,0.7724,0.9365,0.7565,0.0586
2,6,2,6,1.0000,1.0000,1.0000,1.0000,0.0000
2,6,2,7,0.7896,0.7824,0.9203,0.7582,0.0693
2,6,2,8,0.8066,0.7786,0.9222,0.7768,0.0523
2,6,2,9,0.5781,0.6002,0.9262,0.5031,0.0534
2,6,2,10,0.8913,0.8773,0.9439,0.8801,0.0613
2,6,2,11,0.9860,0.9898,0.9988,0.9845,0.0189
2,6,3,0,0.9756,0.9856,0.9989,0.9727,0.0135
2,6,3,1,0.9408,0.9255,0.9262,0.9340,0.0370
2,6,3,2,0.4559,0.5747,0.9506,0.3620,0.0424
2,6,3,3,0.9464,0.9558,0.9961,0.9389,0.0151
2,6,3,4,0.9784,0.9834,0.9992,0.9763,0.0190
2,6,3,5,0.9670,0.9696,0.9845,0.9636,0.0295
2,6,3,6,0.6391,0.6408,0.9196,0.5741,0.0624
2,6,3,7,0.6384,0.6284,0.9695,0.5778,0.0439
2,6,3,8,0.8212,0.7754,0.8754,0.7943,0.0552
2,6,3,9,0.6016,0.7288,0.9332,0.5419,0.0210
2,6,3,10,0.9702,0.9666,0.9997,0.9666,0.0195
2,6,3,11,0.7403,0.7656,0.9826,0.6981,0.0446
2,6,4,0,0.6544,0.6649,0.9197,0.6033,0.0193
2,6,4,1,0.8966,0.9084,0.9390,0.8820,0.0373
2,6,4,2,0.9828,0.9879,0.9997,0.9804,0.0071
2,6,4,3,0.7698,0.8082,0.9823,0.7329,0.0453
2,6,4,4,0.9817,0.9855,0.9963,0.9793,0.0126
2,6,4,5,0.7265,0.7746,0.9818,0.6827,0.0354
2,6,4,6,0.9507,0.9440,0.9696,0.9457,0.0370
2,6,4,7,0.5926,0.5765,0.9709,0.5266,0.0329
2,6,4,8,0.9902,0.9933,0.9995,0.9889,0.0073
2,6,4,9,0.9086,0.8841,0.8699,0.8974,0.0443
2,6,4,10,0.9827,0.9861,0.9997,0.9811,0.0176
2,6,4,11,0.2385,0.3981,0.9990,0.1494,0.0236
2,6,5,0,0.9687,0.9838,0.9986,0.9648,0.0087
2,6,5,1,0.9733,0.9788,0.9987,0.9713,0.0231
2,6,5,2,0.8307,0.8096,0.9025,0.8052,0.0485
2,6,5,3,0.8469,0.8230,0.8409,0.8261,0.0586
2,6,5,4,0.7919,0.7617,0.9214,0.7590,0.0403
2,6,5,5,0.9786,0.9839,0.9997,0.9764,0.0159
2,6,5,6,0.9157,0.9203,0.9998,0.9038,0.0178
2,6,5,7,0.9222,0.9327,0.9801,0.9111,0.0171
2,6,5,8,0.9680,0.9789,1.0000,0.9637,0.0101
2,6,5,9,0.9814,0.9849,0.9996,0.9796,0.0173
2,6,5,10,0.9798,0.9885,0.9988,0.9771,0.0122
2,6,5,11,0.9945,0.9942,0.9999,0.9938,0.0076
2,6,6,0,0.7244,0.7304,0.8818,0.6782,0.0544
2,6,6,1,0.9693,0.9704,1.0000,0.9655,0.0106
2,6,6,2,0.9852,0.9911,0.9995,0.9832,0.0076
2,6,6,3,0.9820,0.9850,1.0000,0.9795,0.0110
2,6,6,4,0.9327,0.9459,0.9988,0.9238,0.0290
2,6,6,5,0.9872,0.9884,0.9981,0.9859,0.0174
2,6,6,6,0.9824,0.9872,0.9999,0.9804,0.0131
2,6,6,7,0.9431,0.9526,0.9983,0.9357,0.0306
2,6,6,8,0.9248,0.9403,0.9919,0.9144,0.0291
2,6,6,9,0.9738,0.9795,0.9992,0.9717,0.0224
2,6,6,10,0.9801,0.9838,0.9990,0.9784,0.0198
2,6,6,11,0.7959,0.7991,0.8641,0.7639,0.0509
2,6,7,0,0.6555,0.7301,0.9826,0.6015,0.0324
2,6,7,1,0.9960,0.9955,0.9998,0.9955,0.0072
2,6,7,2,0.9763,0.9849,0.9990,0.9745,0.0216
2,6,7,3,0.9484,0.9681,0.9963,0.9416,0.0272
2,6,7,4,0.9275,0.9436,0.9987,0.9172,0.0211
2,6,7,5,0.9820,0.9847,0.9947,0.9797,0.0157
2,6,7,6,0.9904,0.9925,0.9996,0.9892,0.0087
2,6,7,7,0.9896,0.9942,0.9996,0.9886,0.0130
2,6,7,8,0.9416,0.9515,0.9875,0.9336,0.0245
2,6,7,9,0.8721,0.8746,0.9230,0.8531,0.0274
2,6,7,10,0.9768,0.9815,0.9996,0.9749,0.0209
2,6,7,11,0.9768,0.9867,0.9994,0.9748,0.0201
2,6,8,0,0.9701,0.9777,0.9955,0.9660,0.0097
2,6,8,1,0.9847,0.9878,0.9998,0.9834,0.0171
2,6,8,2,0.9897,0.9932,0.9991,0.9883,0.0094
2,6,8,3,0.9868,0.9892,0.9999,0.9852,0.0113
2,6,8,4,0.7797,0.8659,0.9282,0.7454,0.0335
2,6,8,5,0.8593,0.8604,0.9685,0.8383,0.0392
2,6,8,6,0.9889,0.9898,0.9993,0.9880,0.0160
2,6,8,7,0.7057,0.7461,0.9661,0.6598,0.0336
2,6,8,8,0.9516,0.9656,0.9954,0.9453,0.0248
2,6,8,9,0.9928,0.9953,0.9999,0.9920,0.0102
2,6,8,10,0.9835,0.9932,0.9973,0.9813,0.0123
2,6,8,11,0.9776,0.9822,0.9995,0.9751,0.0142
2,6,9,0,0.9537,0.9617,0.9997,0.9474,0.0073
2,6,9,1,0.9860,0.9874,1.0000,0.9846,0.0143
2,6,9,2,0.9872,0.9873,1.0000,0.9856,0.0084
2,6,9,3,0.7274,0.7242,0.8903,0.6818,0.0538
2,6,9,4,0.9891,0.9904,0.9996,0.9882,0.0148
2,6,9,5,0.9777,0.9836,0.9999,0.9748,0.0072
2,6,9,6,0.9769,0.9806,0.9990,0.9751,0.0218
2,6,9,7,0.9775,0.9843,0.9999,0.9745,0.0126
2,6,9,8,0.9796,0.9832,0.9993,0.9776,0.0171
2,6,9,9,0.9789,0.9820,0.9993,0.9772,0.0214
2,6,9,10,0.8230,0.8482,0.9632,0.7957,0.0405
2,6,9,11,0.9769,0.9810,0.9993,0.9750,0.0215
2,6,10,0,0.9786,0.9822,0.9991,0.9765,0.0167
2,6,10,1,0.9819,0.9849,0.9991,0.9803,0.0181
2,6,10,2,0.9841,0.9878,0.9999,0.9825,0.0156
2,6,10,3,0.9834,0.9867,0.9974,0.9811,0.0080
2,6,10,4,0.9615,0.9623,0.9971,0.9561,0.0113
2,6,10,5,0.8847,0.8931,0.9881,0.8678,0.0266
2,6,10,6,0.9783,0.9825,0.9994,0.9757,0.0121
2,6,10,7,0.9832,0.9867,1.0000,0.9810,0.0089
2,6,10,8,0.9774,0.9812,0.9993,0.9755,0.0214
2,6,10,9,0.8836,0.8957,0.9883,0.8667,0.0346
2,6,10,10,0.9772,0.9806,0.9992,0.9753,0.0213
2,6,10,11,0.8200,0.8312,0.9905,0.7943,0.0143
2,6,11,0,0.6276,0.6232,0.7412,0.5575,0.0799
2,6,11,1,0.9849,0.9875,0.9967,0.9829,0.0105
2,6,11,2,0.9792,0.9824,0.9999,0.9771,0.0171
2,6,11,3,0.8939,0.8947,0.9262,0.8814,0.0487
2,6,11,4,0.9846,0.9852,0.9840,0.9827,0.0172
2,6,11,5,0.9865,0.9857,0.9996,0.9851,0.0119
2,6,11,6,0.9797,0.9828,0.9996,0.9779,0.0193
2,6,11,7,0.9856,0.9890,0.9978,0.9836,0.0066
2,6,11,8,0.2249,0.5444,0.9547,0.0832,0.0519
2,6,11,9,0.9849,0.9881,0.9998,0.9835,0.0169
2,6,11,10,0.9528,0.9401,0.9381,0.9485,0.0346
2,6,11,11,0.9510,0.9665,0.9890,0.9448,0.0245
2,7,0,0,0.9129,0.9238,0.9984,0.8869,0.0155
2,7,0,1,0.5013,0.5940,0.9685,0.4213,0.0868
2,7,0,2,0.9167,0.9053,0.9855,0.8893,0.0101
2,7,0,3,0.6202,0.6303,0.9924,0.5560,0.0749
2,7,0,4,0.7868,0.7912,0.9908,0.7400,0.0396
2,7,0,5,0.5523,0.5907,0.9828,0.4783,0.0805
2,7,0,6,0.9581,0.9579,0.9937,0.9451,0.0071
2,7,0,7,0.9297,0.9361,0.9938,0.9065,0.0077
2,7,0,8,0.7706,0.7579,0.9997,0.6947,0.0076
2,7,0,9,0.9107,0.8996,0.9513,0.8796,0.0122
2,7,0,10,0.9334,0.9211,0.9794,0.9105,0.0134
2,7,0,11,0.9464,0.9431,0.9922,0.9283,0.0131
2,7,1,0,0.9154,0.9359,0.9934,0.8902,0.0112
2,7,1,1,0.9296,0.9385,0.9833,0.9113,0.0202
2,7,1,2,0.9519,0.9581,0.9876,0.9379,0.0135
2,7,1,3,0.8645,0.8474,0.9968,0.8238,0.0323
2,7,1,4,0.9077,0.9073,0.9846,0.8842,0.0333
2,7,1,5,0.8847,0.8917,0.9675,0.8598,0.0369
2,7,1,6,0.9041,0.9109,0.9682,0.8798,0.0269
2,7,1,7,0.9023,0.8936,0.9768,0.8783,0.0307
2,7,1,8,0.8779,0.8757,0.9968,0.8459,0.0290
2,7,1,9,0.8387,0.8379,0.9718,0.8041,0.0416
2,7,1,10,0.5918,0.8355,0.9959,0.4570,0.0101
2,7,1,11,0.6697,0.6584,0.9803,0.6091,0.0668
2,7,2,0,0.9085,0.9236,0.9995,0.8806,0.0089
2,7,2,1,0.7869,0.7764,0.9263,0.7522,0.0643
2,7,2,2,0.7616,0.8769,0.9993,0.7008,0.0353
2,7,2,3,0.8698,0.8962,0.9854,0.8331,0.0156
2,7,2,4,0.8531,0.8774,0.9595,0.8204,0.0379
2,7,2,5,0.9356,0.9513,0.9990,0.9167,0.0135
2,7,2,6,0.7896,0.7824,0.9203,0.7582,0.0693
2,7,2,7,1.0000,1.0000,1.0000,1.0000,0.0000
2,7,2,8,0.8858,0.9146,1.0000,0.8533,0.0180
2,7,2,9,0.8749,0.9173,0.9999,0.8395,0.0177
2,7,2,10,0.9620,0.9687,0.9979,0.9507,0.0148
2,7,2,11,0.8254,0.8180,0.9380,0.7940,0.0556
2,7,3,0,0.7501,0.7551,0.9007,0.7167,0.0786
2,7,3,1,0.8378,0.8208,0.9999,0.7993,0.0375
2,7,3,2,0.6818,0.7987,0.9963,0.5973,0.0279
2,7,3,3,0.7684,0.7811,0.9512,0.7268,0.0610
2,7,3,4,0.7226,0.7212,0.9039,0.6873,0.0864
2,7,3,5,0.8458,0.8374,0.9746,0.8129,0.0408
2,7,3,6,0.8923,0.9035,1.0000,0.8585,0.0100
2,7,3,7,0.8092,0.8677,0.9881,0.7601,0.0277
2,7,3,8,0.8525,0.8579,0.9947,0.8099,0.0266
2,7,3,9,0.6484,0.7234,0.9994,0.5736,0.0522
2,7,3,10,0.8562,0.8699,0.9301,0.8301,0.0502
2,7,3,11,0.8459,0.9129,0.9770,0.8071,0.0262
2,7,4,0,0.6989,0.7610,1.0000,0.6379,0.0542
2,7,4,1,0.8122,0.8218,0.9987,0.7669,0.0354
2,7,4,2,0.7777,0.7718,0.9295,0.7425,0.0680
2,7,4,3,0.8599,0.8693,0.9773,0.8245,0.0261
2,7,4,4,0.8070,0.8231,0.9506,0.7738,0.0572
2,7,4,5,0.7954,0.8589,0.9778,0.7464,0.0386
2,7,4,6,0.8660,0.8701,0.9880,0.8348,0.0338
2,7,4,7,0.8809,0.8628,0.9872,0.8558,0.0408
2,7,4,8,0.7662,0.7619,0.9074,0.7330,0.0745
2,7,4,9,0.8148,0.8091,0.9935,0.7655,0.0283
2,7,4,10,0.7283,0.7274,0.9097,0.6937,0.0850
2,7,4,11,0.5054,0.7105,0.9015,0.4295,0.0910
2,7,5,0,0.7597,0.7857,0.8981,0.7273,0.0763
2,7,5,1,0.7030,0.7088,0.8992,0.6680,0.0905
2,7,5,2,0.8059,0.8212,0.9991,0.7526,0.0265
2,7,5,3,0.8564,0.8516,0.9856,0.8131,0.0114
2,7,5,4,0.8268,0.8764,1.0000,0.7824,0.0337
2,7,5,5,0.7288,0.7335,0.9106,0.6932,0.0833
2,7,5,6,0.7750,0.8107,0.9118,0.7359,0.0627
2,7,5,7,0.7559,0.7781,0.9797,0.7094,0.0582
2,7,5,8,0.7785,0.7977,0.9178,0.7445,0.0673
2,7,5,9,0.7286,0.7250,0.9083,0.6930,0.0847
2,7,5,10,0.8017,0.8115,0.9381,0.7687,0.0602
2,7,5,11,0.8000,0.7985,0.9268,0.7690,0.0648
2,7,6,0,0.8224,0.8508,0.9960,0.7709,0.0248
2,7,6,1,0.7367,0.7221,0.9204,0.6999,0.0781
2,7,6,2,0.7578,0.7573,0.9326,0.7216,0.0740
2,7,6,3,0.7841,0.7864,0.9199,0.7507,0.0635
2,7,6,4,0.8632,0.8673,0.9387,0.8342,0.0413
2,7,6,5,0.8281,0.8323,0.9428,0.7970,0.0531
2,7,6,6,0.7412,0.7449,0.9135,0.7058,0.0803
2,7,6,7,0.8745,0.8856,0.9418,0.8490,0.0390
2,7,6,8,0.8248,0.8600,0.9625,0.7871,0.0428
2,7,6,9,0.7039,0.7092,0.9036,0.6682,0.0899
2,7,6,10,0.7231,0.7219,0.9023,0.6883,0.0872
2,7,6,11,0.7918,0.8183,0.9921,0.7325,0.0244
2,7,7,0,0.7009,0.8084,0.9769,0.6326,0.0447
2,7,7,1,0.7747,0.7733,0.9130,0.7424,0.0720
2,7,7,2,0.7104,0.7201,0.9018,0.6754,0.0891
2,7,7,3,0.8471,0.8663,0.9507,0.8166,0.0426
2,7,7,4,0.7992,0.8149,0.9390,0.7620,0.0500
2,7,7,5,0.7887,0.7826,0.9557,0.7501,0.0582
2,7,7,6,0.7616,0.7486,0.9086,0.7280,0.0761
2,7,7,7,0.7458,0.7480,0.9083,0.7123,0.0804
2,7,7,8,0.8155,0.8219,0.9705,0.7776,0.0495
2,7,7,9,0.7721,0.7631,1.0000,0.7214,0.0434
2,7,7,10,0.7093,0.7141,0.9096,0.6733,0.0883
2,7,7,11,0.7179,0.7279,0.9062,0.6826,0.0875
2,7,8,0,0.7520,0.7457,0.9531,0.7109,0.0677
2,7,8,1,0.7236,0.7256,0.9120,0.6886,0.0845
2,7,8,2,0.7862,0.7804,0.9359,0.7510,0.0645
2,7,8,3,0.7452,0.7389,0.9160,0.7097,0.0777
2,7,8,4,0.7392,0.7989,0.9998,0.6780,0.0434
2,7,8,5,0.8386,0.8341,0.9887,0.8001,0.0300
2,7,8,6,0.7341,0.7290,0.9047,0.6998,0.0834
2,7,8,7,0.7032,0.7831,0.9901,0.6353,0.0417
2,7,8,8,0.8370,0.8495,0.9535,0.8043,0.0458
2,7,8,9,0.8074,0.7927,0.9249,0.7759,0.0601
2,7,8,10,0.7996,0.8040,0.9467,0.7650,0.0609
2,7,8,11,0.7387,0.7317,0.9074,0.7035,0.0816
2,7,9,0,0.7745,0.7672,0.9101,0.7403,0.0693
2,7,9,1,0.7329,0.7295,0.9191,0.6972,0.0815
2,7,9,2,0.7535,0.7384,0.9170,0.7187,0.0756
2,7,9,3,0.7833,0.8135,0.9975,0.7203,0.0189
2,7,9,4,0.7352,0.7333,0.9092,0.7006,0.0823
2,7,9,5,0.7694,0.7678,0.9158,0.7350,0.0718
2,7,9,6,0.7119,0.7120,0.9016,0.6769,0.0892
2,7,9,7,0.8139,0.8085,0.9258,0.7821,0.0569
2,7,9,8,0.7306,0.7250,0.9047,0.6959,0.0845
2,7,9,9,0.7142,0.7148,0.9046,0.6791,0.0888
2,7,9,10,0.8176,0.8545,0.9916,0.7721,0.0290
2,7,9,11,0.7131,0.7143,0.9053,0.6777,0.0889
2,7,10,0,0.7327,0.7244,0.9025,0.6981,0.0841
2,7,10,1,0.7253,0.7193,0.9033,0.6902,0.0855
2,7,10,2,0.7360,0.7344,0.9148,0.7013,0.0830
2,7,10,3,0.7496,0.7438,0.9460,0.7109,0.0725
2,7,10,4,0.7863,0.7810,0.9476,0.7493,0.0590
2,7,10,5,0.7858,0.7966,0.9695,0.7432,0.0453
2,7,10,6,0.7464,0.7341,0.9063,0.7118,0.0795
2,7,10,7,0.7584,0.7577,0.9219,0.7231,0.0748
2,7,10,8,0.7134,0.7131,0.9052,0.6780,0.0888
2,7,10,9,0.8376,0.8845,0.9692,0.7997,0.0349
2,7,10,10,0.7134,0.7113,0.9034,0.6780,0.0887
2,7,10,11,0.7300,0.7614,0.9654,0.6805,0.0613
2,7,11,0,0.8044,0.7673,0.9447,0.7337,0.0122
2,7,11,1,0.7860,0.7693,0.9492,0.7497,0.0635
2,7,11,2,0.7215,0.7192,0.9253,0.6840,0.0840
2,7,11,3,0.8624,0.8499,0.9999,0.8232,0.0227
2,7,11,4,0.7879,0.7747,0.9753,0.7481,0.0581
2,7,11,5,0.7396,0.7342,0.9311,0.7039,0.0791
2,7,11,6,0.7204,0.7164,0.9092,0.6846,0.0867
2,7,11,7,0.7685,0.7679,0.9444,0.7319,0.0685
2,7,11,8,0.5335,0.7655,0.9950,0.4012,0.0220
2,7,11,9,0.7316,0.7299,0.9131,0.6963,0.0841
2,7,11,10,0.8468,0.8445,0.9988,0.8097,0.0370
2,7,11,11,0.8325,0.8528,0.9681,0.7975,0.0453
2,8,0,0,0.8847,0.9182,0.9987,0.8533,0.0135
2,8,0,1,0.2889,0.4301,0.9697,0.1744,0.0707
2,8,0,2,0.9131,0.9101,0.9847,0.8886,0.0168
2,8,0,3,0.4132,0.4692,0.9929,0.3114,0.0577
2,8,0,4,0.6347,0.6819,0.9914,0.5549,0.0245
2,8,0,5,0.3250,0.4230,0.9837,0.2120,0.0649
2,8,0,6,0.8822,0.9210,0.9942,0.8493,0.0169
2,8,0,7,0.8832,0.9069,0.9933,0.8499,0.0186
2,8,0,8,0.7491,0.7677,0.9998,0.6757,0.0174
2,8,0,9,0.8963,0.8918,0.9498,0.8671,0.0252
2,8,0,10,0.8358,0.8460,0.9784,0.7871,0.0222
2,8,0,11,0.9082,0.9214,0.9915,0.8824,0.0201
2,8,1,0,0.8761,0.8957,0.9939,0.8423,0.0142
2,8,1,1,0.9126,0.9174,0.9842,0.8902,0.0085
2,8,1,2,0.9175,0.9211,0.9883,0.8951,0.0173
2,8,1,3,0.8466,0.8269,0.9964,0.8048,0.0230
2,8,1,4,0.8938,0.8882,0.9854,0.8673,0.0251
2,8,1,5,0.8795,0.8813,0.9687,0.8528,0.0199
2,8,1,6,0.8710,0.9073,0.9694,0.8388,0.0097
2,8,1,7,0.8890,0.8871,0.9779,0.8619,0.0203
2,8,1,8,0.8790,0.8786,0.9972,0.8487,0.0171
2,8,1,9,0.8470,0.8377,0.9729,0.8144,0.0260
2,8,1,10,0.4958,0.7587,0.9955,0.3469,0.0241
2,8,1,11,0.4500,0.4891,0.9812,0.3471,0.0498
2,8,2,0,0.9112,0.9225,0.9996,0.8868,0.0098
2,8,2,1,0.8151,0.7917,0.9281,0.7849,0.0487
2,8,2,2,0.7532,0.8464,0.9995,0.6944,0.0184
2,8,2,3,0.8419,0.8733,0.9862,0.8005,0.0081
2,8,2,4,0.8621,0.8503,0.9608,0.8317,0.0202
2,8,2,5,0.9074,0.9288,0.9992,0.8823,0.0081
2,8,2,6,0.8066,0.7786,0.9222,0.7768,0.0523
2,8,2,7,0.8858,0.9146,1.0000,0.8533,0.0180
2,8,2,8,1.0000,1.0000,1.0000,1.0000,0.0000
2,8,2,9,0.8383,0.8698,0.9999,0.7958,0.0060
2,8,2,10,0.9269,0.9294,0.9982,0.9069,0.0171
2,8,2,11,0.8307,0.8114,0.9397,0.7994,0.0403
2,8,3,0,0.7598,0.7421,0.9027,0.7263,0.0630
2,8,3,1,0.8665,0.8608,0.9999,0.8360,0.0198
2,8,3,2,0.6966,0.8160,0.9967,0.6226,0.0142
2,8,3,3,0.8138,0.7957,0.9527,0.7815,0.0441
2,8,3,4,0.7506,0.7216,0.9059,0.7186,0.0708
2,8,3,5,0.8593,0.8478,0.9757,0.8294,0.0273
2,8,3,6,0.8224,0.8785,1.0000,0.7726,0.0112
2,8,3,7,0.8389,0.8389,0.9888,0.8000,0.0136
2,8,3,8,0.9072,0.9225,0.9942,0.8825,0.0163
2,8,3,9,0.7940,0.8655,0.9996,0.7547,0.0345
2,8,3,10,0.8443,0.8355,0.9318,0.8142,0.0336
2,8,3,11,0.8600,0.8595,0.9780,0.8263,0.0135
2,8,4,0,0.8300,0.8630,1.0000,0.7993,0.0370
2,8,4,1,0.8420,0.8486,0.9989,0.8058,0.0177
2,8,4,2,0.8056,0.7841,0.9313,0.7747,0.0523
2,8,4,3,0.8121,0.8149,0.9783,0.7663,0.0108
2,8,4,4,0.8163,0.8040,0.9521,0.7840,0.0418
2,8,4,5,0.8341,0.8520,0.9788,0.7965,0.0214
2,8,4,6,0.8738,0.8733,0.9888,0.8448,0.0235
2,8,4,7,0.7249,0.7329,0.9880,0.6628,0.0234
2,8,4,8,0.7829,0.7549,0.9094,0.7511,0.0589
2,8,4,9,0.8521,0.8419,0.9930,0.8153,0.0117
2,8,4,10,0.7546,0.7243,0.9117,0.7230,0.0694
2,8,4,11,0.5404,0.6666,0.9035,0.4745,0.0754
2,8,5,0,0.7702,0.7658,0.9002,0.7378,0.0594
2,8,5,1,0.7329,0.7037,0.9012,0.7013,0.0749
2,8,5,2,0.8442,0.8433,0.9988,0.8045,0.0148
2,8,5,3,0.9061,0.9123,0.9848,0.8805,0.0094
2,8,5,4,0.8999,0.9190,1.0000,0.8758,0.0163
2,8,5,5,0.7531,0.7345,0.9126,0.7203,0.0677
2,8,5,6,0.7772,0.7749,0.9138,0.7380,0.0455
2,8,5,7,0.8160,0.8127,0.9806,0.7827,0.0418
2,8,5,8,0.7910,0.8081,0.9197,0.7579,0.0509
2,8,5,9,0.7553,0.7258,0.9103,0.7230,0.0691
2,8,5,10,0.8107,0.7993,0.9398,0.7783,0.0446
2,8,5,11,0.8087,0.7856,0.9286,0.7777,0.0492
2,8,6,0,0.8782,0.9055,0.9956,0.8459,0.0150
2,8,6,1,0.7579,0.7210,0.9223,0.7237,0.0624
2,8,6,2,0.7820,0.7660,0.9343,0.7491,0.0584
2,8,6,3,0.7954,0.7738,0.9217,0.7628,0.0492
2,8,6,4,0.8462,0.8762,0.9403,0.8128,0.0247
2,8,6,5,0.8318,0.8113,0.9444,0.8004,0.0378
2,8,6,6,0.7637,0.7383,0.9155,0.7309,0.0647
2,8,6,7,0.8650,0.8494,0.9434,0.8364,0.0239
2,8,6,8,0.8540,0.8409,0.9638,0.8233,0.0253
2,8,6,9,0.7328,0.7059,0.9056,0.7005,0.0742
2,8,6,10,0.7474,0.7166,0.9044,0.7151,0.0716
2,8,6,11,0.8596,0.8958,0.9915,0.8230,0.0109
2,8,7,0,0.7782,0.8491,0.9779,0.7311,0.0278
2,8,7,1,0.7869,0.7596,0.9150,0.7551,0.0564
2,8,7,2,0.7391,0.7150,0.9039,0.7073,0.0735
2,8,7,3,0.8515,0.8606,0.9521,0.8213,0.0286
2,8,7,4,0.8374,0.8306,0.9406,0.8079,0.0357
2,8,7,5,0.8090,0.7916,0.9571,0.7743,0.0426
2,8,7,6,0.7773,0.7479,0.9106,0.7449,0.0605
2,8,7,7,0.7671,0.7412,0.9102,0.7356,0.0648
2,8,7,8,0.8571,0.8517,0.9716,0.8286,0.0320
2,8,7,9,0.8071,0.7973,1.0000,0.7661,0.0262
2,8,7,10,0.7376,0.7119,0.9116,0.7050,0.0727
2,8,7,11,0.7457,0.7247,0.9083,0.7136,0.0719
2,8,8,0,0.7700,0.7532,0.9546,0.7319,0.0523
2,8,8,1,0.7507,0.7213,0.9140,0.7187,0.0689
2,8,8,2,0.8003,0.7827,0.9376,0.7668,0.0492
2,8,8,3,0.7633,0.7362,0.9179,0.7295,0.0623
2,8,8,4,0.7776,0.8497,0.9999,0.7285,0.0265
2,8,8,5,0.8656,0.8673,0.9895,0.8348,0.0144
2,8,8,6,0.7579,0.7262,0.9068,0.7262,0.0678
2,8,8,7,0.8104,0.8604,0.9908,0.7706,0.0253
2,8,8,8,0.8420,0.8502,0.9550,0.8099,0.0304
2,8,8,9,0.8135,0.7857,0.9267,0.7818,0.0447
2,8,8,10,0.8087,0.7978,0.9483,0.7751,0.0455
2,8,8,11,0.7633,0.7377,0.9094,0.7310,0.0660
2,8,9,0,0.8006,0.7867,0.9121,0.7700,0.0521
2,8,9,1,0.7566,0.7269,0.9210,0.7235,0.0659
2,8,9,2,0.7761,0.7430,0.9189,0.7440,0.0600
2,8,9,3,0.8569,0.8814,0.9971,0.8190,0.0096
2,8,9,4,0.7625,0.7306,0.9112,0.7311,0.0666
2,8,9,5,0.7828,0.7597,0.9177,0.7495,0.0564
2,8,9,6,0.7393,0.7090,0.9036,0.7073,0.0736
2,8,9,7,0.8106,0.8129,0.9276,0.7767,0.0405
2,8,9,8,0.7526,0.7290,0.9067,0.7202,0.0689
2,8,9,9,0.7420,0.7111,0.9067,0.7101,0.0732
2,8,9,10,0.8589,0.8805,0.9922,0.8256,0.0131
2,8,9,11,0.7421,0.7124,0.9074,0.7102,0.0733
2,8,10,0,0.7531,0.7231,0.9046,0.7204,0.0685
2,8,10,1,0.7487,0.7162,0.9054,0.7161,0.0699
2,8,10,2,0.7605,0.7311,0.9167,0.7285,0.0674
2,8,10,3,0.7700,0.7509,0.9475,0.7343,0.0575
2,8,10,4,0.8228,0.8094,0.9491,0.7926,0.0432
2,8,10,5,0.7989,0.8037,0.9706,0.7596,0.0296
2,8,10,6,0.7607,0.7346,0.9084,0.7270,0.0639
2,8,10,7,0.7802,0.7563,0.9237,0.7477,0.0594
2,8,10,8,0.7409,0.7104,0.9072,0.7085,0.0732
2,8,10,9,0.8280,0.8507,0.9703,0.7887,0.0206
2,8,10,10,0.7407,0.7089,0.9055,0.7085,0.0731
2,8,10,11,0.7961,0.8227,0.9666,0.7609,0.0436
2,8,11,0,0.7539,0.7640,0.9431,0.6772,0.0278
2,8,11,1,0.7941,0.7773,0.9507,0.7586,0.0484
2,8,11,2,0.7488,0.7189,0.9271,0.7149,0.0686
2,8,11,3,0.8632,0.8702,0.9999,0.8271,0.0110
2,8,11,4,0.8057,0.7871,0.9764,0.7695,0.0436
2,8,11,5,0.7636,0.7308,0.9328,0.7309,0.0622
2,8,11,6,0.7473,0.7147,0.9112,0.7147,0.0711
2,8,11,7,0.7921,0.7717,0.9460,0.7591,0.0531
2,8,11,8,0.4788,0.7281,0.9955,0.3450,0.0117
2,8,11,9,0.7585,0.7265,0.9151,0.7264,0.0685
2,8,11,10,0.8682,0.8687,0.9991,0.8374,0.0214
2,8,11,11,0.8677,0.8660,0.9693,0.8407,0.0296
2,9,0,0,0.7921,0.8202,0.9992,0.7356,0.0135
2,9,0,1,0.2749,0.4974,0.9722,0.1583,0.0715
2,9,0,2,0.7992,0.8081,0.9828,0.7413,0.0189
2,9,0,3,0.4157,0.5507,0.9941,0.3149,0.0585
2,9,0,4,0.6448,0.7648,0.9927,0.5676,0.0248
2,9,0,5,0.3215,0.4925,0.9855,0.2084,0.0657
2,9,0,6,0.8837,0.8907,0.9953,0.8515,0.0169
2,9,0,7,0.8767,0.9243,0.9920,0.8417,0.0176
2,9,0,8,0.6492,0.6788,1.0000,0.5466,0.0177
2,9,0,9,0.7973,0.7983,0.9464,0.7362,0.0260
2,9,0,10,0.7326,0.7823,0.9762,0.6515,0.0211
2,9,0,11,0.8030,0.8216,0.9901,0.7451,0.0211
2,9,1,0,0.8633,0.9055,0.9950,0.8262,0.0136
2,9,1,1,0.7762,0.8433,0.9860,0.7188,0.0098
2,9,1,2,0.8020,0.8474,0.9899,0.7484,0.0176
2,9,1,3,0.6861,0.6817,0.9954,0.6009,0.0245
2,9,1,4,0.7428,0.7606,0.9872,0.6784,0.0266
2,9,1,5,0.6962,0.7474,0.9713,0.6268,0.0220
2,9,1,6,0.7595,0.8023,0.9720,0.6996,0.0123
2,9,1,7,0.7439,0.7553,0.9800,0.6810,0.0219
2,9,1,8,0.6963,0.7284,0.9979,0.6203,0.0194
2,9,1,9,0.6447,0.6802,0.9753,0.5662,0.0283
2,9,1,10,0.5757,0.7413,0.9944,0.4514,0.0234
2,9,1,11,0.4332,0.5588,0.9832,0.3275,0.0506
2,9,2,0,0.8267,0.8688,0.9998,0.7792,0.0109
2,9,2,1,0.6131,0.6120,0.9319,0.5421,0.0495
2,9,2,2,0.8259,0.8944,0.9998,0.7847,0.0178
2,9,2,3,0.8067,0.8936,0.9879,0.7563,0.0071
2,9,2,4,0.7194,0.7634,0.9637,0.6560,0.0210
2,9,2,5,0.8753,0.9253,0.9996,0.8416,0.0084
2,9,2,6,0.5781,0.6002,0.9262,0.5031,0.0534
2,9,2,7,0.8749,0.9173,0.9999,0.8395,0.0177
2,9,2,8,0.8383,0.8698,0.9999,0.7958,0.0060
2,9,2,9,1.0000,1.0000,1.0000,1.0000,0.0000
2,9,2,10,0.8283,0.8672,0.9988,0.7813,0.0181
2,9,2,11,0.6370,0.6483,0.9432,0.5644,0.0429
2,9,3,0,0.5383,0.5745,0.9072,0.4630,0.0638
2,9,3,1,0.6542,0.6880,1.0000,0.5736,0.0198
2,9,3,2,0.6784,0.8032,0.9975,0.6002,0.0134
2,9,3,3,0.6205,0.6231,0.9558,0.5483,0.0451
2,9,3,4,0.5230,0.5377,0.9103,0.4492,0.0716
2,9,3,5,0.6744,0.6885,0.9779,0.6026,0.0299
2,9,3,6,0.8799,0.9241,0.9999,0.8467,0.0104
2,9,3,7,0.8701,0.8926,0.9903,0.8389,0.0115
2,9,3,8,0.7613,0.8116,0.9931,0.6982,0.0147
2,9,3,9,0.6126,0.6616,0.9998,0.5347,0.0350
2,9,3,10,0.6549,0.7096,0.9356,0.5836,0.0344
2,9,3,11,0.8087,0.8968,0.9801,0.7625,0.0114
2,9,4,0,0.6886,0.7393,0.9999,0.6281,0.0378
2,9,4,1,0.6821,0.7006,0.9994,0.6082,0.0180
2,9,4,2,0.5865,0.6011,0.9351,0.5118,0.0531
2,9,4,3,0.8133,0.8009,0.9804,0.7679,0.0113
2,9,4,4,0.6027,0.6464,0.9552,0.5260,0.0426
2,9,4,5,0.7351,0.7963,0.9809,0.6744,0.0209
2,9,4,6,0.7093,0.7385,0.9903,0.6414,0.0251
2,9,4,7,0.7147,0.7745,0.9896,0.6505,0.0239
2,9,4,8,0.5659,0.5823,0.9137,0.4922,0.0597
2,9,4,9,0.6623,0.6722,0.9917,0.5783,0.0117
2,9,4,10,0.5233,0.5429,0.9160,0.4490,0.0702
2,9,4,11,0.7084,0.7662,0.9080,0.6726,0.0762
2,9,5,0,0.5660,0.6200,0.9047,0.4947,0.0605
2,9,5,1,0.5013,0.5248,0.9058,0.4281,0.0757
2,9,5,2,0.6834,0.7065,0.9983,0.6031,0.0127
2,9,5,3,0.7561,0.7542,0.9829,0.6898,0.0087
2,9,5,4,0.7678,0.8265,0.9999,0.7115,0.0171
2,9,5,5,0.5262,0.5497,0.9168,0.4513,0.0685
2,9,5,6,0.6666,0.6922,0.9180,0.6048,0.0463
2,9,5,7,0.6062,0.6190,0.9826,0.5290,0.0426
2,9,5,8,0.5816,0.6365,0.9238,0.5070,0.0517
2,9,5,9,0.5303,0.5408,0.9145,0.4561,0.0699
2,9,5,10,0.6068,0.6362,0.9433,0.5324,0.0454
2,9,5,11,0.5938,0.6147,0.9324,0.5195,0.0500
2,9,6,0,0.8036,0.8018,0.9945,0.7517,0.0134
2,9,6,1,0.5381,0.5397,0.9263,0.4623,0.0632
2,9,6,2,0.5604,0.5741,0.9380,0.4844,0.0592
2,9,6,3,0.5878,0.6086,0.9258,0.5139,0.0495
2,9,6,4,0.7186,0.7352,0.9438,0.6562,0.0257
2,9,6,5,0.6427,0.6655,0.9478,0.5708,0.0404
2,9,6,6,0.5328,0.5574,0.9197,0.4565,0.0655
2,9,6,7,0.7289,0.7541,0.9468,0.6695,0.0244
2,9,6,8,0.7110,0.7390,0.9665,0.6481,0.0264
2,9,6,9,0.5014,0.5224,0.9100,0.4275,0.0750
2,9,6,10,0.5214,0.5354,0.9088,0.4476,0.0724
2,9,6,11,0.7184,0.7275,0.9901,0.6452,0.0096
2,9,7,0,0.7122,0.7681,0.9801,0.6506,0.0273
2,9,7,1,0.5587,0.5825,0.9192,0.4825,0.0572
2,9,7,2,0.5062,0.5343,0.9083,0.4324,0.0742
2,9,7,3,0.6819,0.7235,0.9553,0.6141,0.0307
2,9,7,4,0.6405,0.6702,0.9441,0.5693,0.0357
2,9,7,5,0.6086,0.6139,0.9601,0.5319,0.0434
2,9,7,6,0.5598,0.5659,0.9148,0.4856,0.0613
2,9,7,7,0.5390,0.5598,0.9145,0.4647,0.0656
2,9,7,8,0.6646,0.6770,0.9741,0.5936,0.0325
2,9,7,9,0.6255,0.6271,1.0000,0.5438,0.0268
2,9,7,10,0.5046,0.5257,0.9158,0.4296,0.0735
2,9,7,11,0.5140,0.5424,0.9126,0.4396,0.0727
2,9,8,0,0.5572,0.5643,0.9576,0.4767,0.0531
2,9,8,1,0.5167,0.5377,0.9182,0.4417,0.0697
2,9,8,2,0.5873,0.5969,0.9412,0.5106,0.0508
2,9,8,3,0.5360,0.5505,0.9220,0.4591,0.0631
2,9,8,4,0.6468,0.6944,1.0000,0.5680,0.0268
2,9,8,5,0.7224,0.7171,0.9909,0.6577,0.0155
2,9,8,6,0.5279,0.5416,0.9111,0.4535,0.0686
2,9,8,7,0.6916,0.7272,0.9921,0.6253,0.0245
2,9,8,8,0.6752,0.7016,0.9580,0.6062,0.0328
2,9,8,9,0.6058,0.6124,0.9306,0.5314,0.0453
2,9,8,10,0.5924,0.6171,0.9515,0.5140,0.0463
2,9,8,11,0.5434,0.5510,0.9137,0.4697,0.0668
2,9,9,0,0.6072,0.6150,0.9163,0.5385,0.0531
2,9,9,1,0.5249,0.5425,0.9250,0.4486,0.0666
2,9,9,2,0.5546,0.5580,0.9230,0.4800,0.0607
2,9,9,3,0.7314,0.7428,0.9963,0.6605,0.0080
2,9,9,4,0.5291,0.5473,0.9155,0.4542,0.0674
2,9,9,5,0.5687,0.5864,0.9218,0.4935,0.0572
2,9,9,6,0.5098,0.5263,0.9081,0.4363,0.0744
2,9,9,7,0.6224,0.6334,0.9314,0.5494,0.0413
2,9,9,8,0.5291,0.5431,0.9111,0.4552,0.0697
2,9,9,9,0.5107,0.5283,0.9110,0.4366,0.0740
2,9,9,10,0.7137,0.7666,0.9934,0.6456,0.0134
2,9,9,11,0.5111,0.5281,0.9117,0.4372,0.0741
2,9,10,0,0.5332,0.5422,0.9090,0.4598,0.0693
2,9,10,1,0.5247,0.5342,0.9098,0.4508,0.0707
2,9,10,2,0.5335,0.5487,0.9209,0.4593,0.0682
2,9,10,3,0.5426,0.5526,0.9508,0.4625,0.0582
2,9,10,4,0.6135,0.6302,0.9524,0.5402,0.0439
2,9,10,5,0.6438,0.6685,0.9731,0.5712,0.0299
2,9,10,6,0.5499,0.5545,0.9127,0.4763,0.0647
2,9,10,7,0.5572,0.5816,0.9277,0.4815,0.0602
2,9,10,8,0.5108,0.5275,0.9116,0.4366,0.0740
2,9,10,9,0.7271,0.7817,0.9728,0.6643,0.0209
2,9,10,10,0.5124,0.5261,0.9099,0.4386,0.0739
2,9,10,11,0.6304,0.6656,0.9693,0.5613,0.0443
2,9,11,0,0.6841,0.6641,0.9396,0.5845,0.0273
2,9,11,1,0.5882,0.5869,0.9539,0.5106,0.0492
2,9,11,2,0.5194,0.5313,0.9310,0.4429,0.0694
2,9,11,3,0.7451,0.7268,1.0000,0.6782,0.0115
2,9,11,4,0.5923,0.5926,0.9786,0.5111,0.0451
2,9,11,5,0.5309,0.5452,0.9366,0.4542,0.0632
2,9,11,6,0.5200,0.5306,0.9154,0.4456,0.0719
2,9,11,7,0.5646,0.5805,0.9493,0.4863,0.0539
2,9,11,8,0.4867,0.6839,0.9964,0.3556,0.0093
2,9,11,9,0.5303,0.5437,0.9193,0.4557,0.0693
2,9,11,10,0.6585,0.6906,0.9995,0.5775,0.0222
2,9,11,11,0.6716,0.7117,0.9718,0.6007,0.0307
2,10,0,0,0.9672,0.9698,1.0000,0.9578,0.0075
2,10,0,1,0.3593,0.4608,0.9827,0.2539,0.0788
2,10,0,2,0.9584,0.9506,0.9724,0.9460,0.0097
2,10,0,3,0.4875,0.5095,0.9983,0.3973,0.0674
2,10,0,4,0.6978,0.7048,0.9975,0.6304,0.0324
2,10,0,5,0.4171,0.4653,0.9928,0.3181,0.0725
2,10,0,6,0.9615,0.9669,0.9989,0.9502,0.0132
2,10,0,7,0.8940,0.9136,0.9845,0.8615,0.0213
2,10,0,8,0.7587,0.7537,0.9991,0.6840,0.0132
2,10,0,9,0.9403,0.9303,0.9291,0.9228,0.0165
2,10,0,10,0.9180,0.9034,0.9641,0.8929,0.0206
2,10,0,11,0.9711,0.9588,0.9819,0.9630,0.0112
2,10,1,0,0.9176,0.9356,0.9988,0.8939,0.0184
2,10,1,1,0.9640,0.9757,0.9931,0.9548,0.0148
2,10,1,2,0.9819,0.9875,0.9957,0.9768,0.0042
2,10,1,3,0.9247,0.8961,0.9894,0.9031,0.0256
2,10,1,4,0.9775,0.9719,0.9939,0.9725,0.0206
2,10,1,5,0.9492,0.9539,0.9819,0.9397,0.0294
2,10,1,6,0.9467,0.9482,0.9825,0.9337,0.0223
2,10,1,7,0.9707,0.9606,0.9887,0.9644,0.0195
2,10,1,8,0.9489,0.9494,0.9999,0.9364,0.0197
2,10,1,9,0.9273,0.9264,0.9851,0.9138,0.0331
2,10,1,10,0.4911,0.7944,0.9879,0.3332,0.0202
2,10,1,11,0.5506,0.5407,0.9911,0.4656,0.0598
2,10,2,0,0.9504,0.9569,0.9995,0.9360,0.0140
2,10,2,1,0.8891,0.8714,0.9489,0.8754,0.0558
2,10,2,2,0.7046,0.8344,0.9996,0.6314,0.0333
2,10,2,3,0.8529,0.8934,0.9944,0.8127,0.0155
2,10,2,4,0.9186,0.9321,0.9758,0.9018,0.0320
2,10,2,5,0.9274,0.9490,0.9998,0.9067,0.0184
2,10,2,6,0.8913,0.8773,0.9439,0.8801,0.0613
2,10,2,7,0.9620,0.9687,0.9979,0.9507,0.0148
2,10,2,8,0.9269,0.9294,0.9982,0.9069,0.0171
2,10,2,9,0.8283,0.8672,0.9988,0.7813,0.0181
2,10,2,10,1.0000,1.0000,1.0000,1.0000,0.0000
2,10,2,11,0.9199,0.9050,0.9586,0.9089,0.0471
2,10,3,0,0.8584,0.8486,0.9271,0.8454,0.0701
2,10,3,1,0.9133,0.9050,0.9987,0.8941,0.0324
2,10,3,2,0.6445,0.7803,0.9998,0.5541,0.0231
2,10,3,3,0.8632,0.8583,0.9693,0.8421,0.0540
2,10,3,4,0.8430,0.8268,0.9299,0.8302,0.0779
2,10,3,5,0.9394,0.9269,0.9872,0.9288,0.0323
2,10,3,6,0.8381,0.8678,0.9978,0.7902,0.0156
2,10,3,7,0.8076,0.8332,0.9960,0.7595,0.0262
2,10,3,8,0.8908,0.8916,0.9859,0.8606,0.0312
2,10,3,9,0.7268,0.7841,0.9995,0.6720,0.0458
2,10,3,10,0.9379,0.9344,0.9521,0.9296,0.0422
2,10,3,11,0.8555,0.9058,0.9888,0.8198,0.0248
2,10,4,0,0.7793,0.7864,0.9978,0.7375,0.0478
2,10,4,1,0.8939,0.8926,0.9999,0.8700,0.0298
2,10,4,2,0.8881,0.8715,0.9516,0.8754,0.0594
2,10,4,3,0.8896,0.8974,0.9890,0.8625,0.0213
2,10,4,4,0.9136,0.9126,0.9688,0.9030,0.0489
2,10,4,5,0.8230,0.8761,0.9894,0.7820,0.0348
2,10,4,6,0.9540,0.9498,0.9960,0.9448,0.0243
2,10,4,7,0.8025,0.7923,0.9955,0.7575,0.0349
2,10,4,8,0.8803,0.8618,0.9329,0.8693,0.0660
2,10,4,9,0.9059,0.8905,0.9840,0.8822,0.0251
2,10,4,10,0.8459,0.8307,0.9349,0.8332,0.0765
2,10,4,11,0.4408,0.6334,0.9278,0.3545,0.0825
2,10,5,0,0.8716,0.8720,0.9249,0.8605,0.0683
2,10,5,1,0.8262,0.8138,0.9258,0.8135,0.0820
2,10,5,2,0.8845,0.8748,0.9941,0.8542,0.0266
2,10,5,3,0.9357,0.9140,0.9724,0.9173,0.0126
2,10,5,4,0.8961,0.8982,0.9980,0.8708,0.0304
2,10,5,5,0.8488,0.8361,0.9356,0.8358,0.0748
2,10,5,6,0.8549,0.8617,0.9367,0.8327,0.0558
2,10,5,7,0.8633,0.8592,0.9907,0.8408,0.0513
2,10,5,8,0.8873,0.8890,0.9418,0.8751,0.0593
2,10,5,9,0.8481,0.8298,0.9336,0.8350,0.0762
2,10,5,10,0.9119,0.9019,0.9587,0.9019,0.0517
2,10,5,11,0.9022,0.8885,0.9493,0.8919,0.0568
2,10,6,0,0.8669,0.8704,0.9881,0.8301,0.0296
2,10,6,1,0.8463,0.8211,0.9440,0.8306,0.0698
2,10,6,2,0.8734,0.8590,0.9541,0.8601,0.0655
2,10,6,3,0.8948,0.8836,0.9435,0.8838,0.0552
2,10,6,4,0.9366,0.9291,0.9591,0.9249,0.0336
2,10,6,5,0.9254,0.9174,0.9625,0.9155,0.0446
2,10,6,6,0.8574,0.8446,0.9381,0.8443,0.0718
2,10,6,7,0.9536,0.9499,0.9617,0.9464,0.0307
2,10,6,8,0.9113,0.9222,0.9781,0.8944,0.0358
2,10,6,9,0.8268,0.8142,0.9296,0.8135,0.0813
2,10,6,10,0.8425,0.8258,0.9285,0.8297,0.0787
2,10,6,11,0.8662,0.8679,0.9818,0.8299,0.0258
2,10,7,0,0.7191,0.8169,0.9888,0.6572,0.0409
2,10,7,1,0.8820,0.8663,0.9377,0.8706,0.0640
2,10,7,2,0.8324,0.8234,0.9281,0.8197,0.0805
2,10,7,3,0.9381,0.9391,0.9689,0.9284,0.0341
2,10,7,4,0.8971,0.8920,0.9594,0.8814,0.0417
2,10,7,5,0.8933,0.8769,0.9729,0.8776,0.0497
2,10,7,6,0.8726,0.8492,0.9339,0.8605,0.0676
2,10,7,7,0.8620,0.8479,0.9336,0.8505,0.0719
2,10,7,8,0.9162,0.9025,0.9842,0.9018,0.0430
2,10,7,9,0.8688,0.8468,0.9983,0.8420,0.0370
2,10,7,10,0.8318,0.8188,0.9348,0.8184,0.0798
2,10,7,11,0.8389,0.8304,0.9319,0.8260,0.0790
2,10,8,0,0.8581,0.8422,0.9708,0.8390,0.0592
2,10,8,1,0.8442,0.8293,0.9369,0.8315,0.0760
2,10,8,2,0.8952,0.8767,0.9569,0.8827,0.0560
2,10,8,3,0.8602,0.8406,0.9402,0.8468,0.0691
2,10,8,4,0.8015,0.8625,0.9990,0.7571,0.0380
2,10,8,5,0.9161,0.8975,0.9964,0.8975,0.0223
2,10,8,6,0.8513,0.8319,0.9306,0.8390,0.0749
2,10,8,7,0.7585,0.8055,0.9971,0.7058,0.0384
2,10,8,8,0.9302,0.9278,0.9712,0.9189,0.0373
2,10,8,9,0.9040,0.8832,0.9477,0.8925,0.0516
2,10,8,10,0.9010,0.8915,0.9657,0.8879,0.0523
2,10,8,11,0.8547,0.8355,0.9329,0.8416,0.0731
2,10,9,0,0.8805,0.8600,0.9352,0.8674,0.0618
2,10,9,1,0.8508,0.8331,0.9429,0.8374,0.0729
2,10,9,2,0.8642,0.8391,0.9410,0.8508,0.0670
2,10,9,3,0.8173,0.8321,0.9908,0.7667,0.0190
2,10,9,4,0.8534,0.8358,0.9345,0.8411,0.0737
2,10,9,5,0.8766,0.8617,0.9400,0.8634,0.0632
2,10,9,6,0.8331,0.8172,0.9279,0.8202,0.0807
2,10,9,7,0.9128,0.8963,0.9484,0.9019,0.0489
2,10,9,8,0.8459,0.8275,0.9306,0.8328,0.0760
2,10,9,9,0.8356,0.8200,0.9305,0.8227,0.0803
2,10,9,10,0.8833,0.8969,0.9979,0.8556,0.0247
2,10,9,11,0.8349,0.8199,0.9311,0.8220,0.0804
2,10,10,0,0.8469,0.8263,0.9287,0.8337,0.0756
2,10,10,1,0.8434,0.8236,0.9294,0.8303,0.0770
2,10,10,2,0.8542,0.8386,0.9392,0.8418,0.0745
2,10,10,3,0.8606,0.8435,0.9651,0.8442,0.0640
2,10,10,4,0.8827,0.8670,0.9664,0.8661,0.0510
2,10,10,5,0.8721,0.8670,0.9834,0.8493,0.0386
2,10,10,6,0.8557,0.8332,0.9320,0.8420,0.0710
2,10,10,7,0.8711,0.8552,0.9452,0.8581,0.0662
2,10,10,8,0.8340,0.8184,0.9310,0.8207,0.0803
2,10,10,9,0.9049,0.9215,0.9832,0.8840,0.0274
2,10,10,10,0.8338,0.8166,0.9295,0.8205,0.0802
2,10,10,11,0.8042,0.8110,0.9804,0.7711,0.0543
2,10,11,0,0.7890,0.7609,0.9213,0.7190,0.0239
2,10,11,1,0.8886,0.8651,0.9677,0.8739,0.0550
2,10,11,2,0.8405,0.8240,0.9481,0.8257,0.0754
2,10,11,3,0.9019,0.8905,0.9988,0.8751,0.0223
2,10,11,4,0.8917,0.8724,0.9876,0.8749,0.0496
2,10,11,5,0.8544,0.8355,0.9529,0.8407,0.0711
2,10,11,6,0.8400,0.8217,0.9344,0.8265,0.0782
2,10,11,7,0.8840,0.8676,0.9638,0.8709,0.0600
2,10,11,8,0.4369,0.7231,0.9994,0.2857,0.0245
2,10,11,9,0.8508,0.8342,0.9378,0.8379,0.0756
2,10,11,10,0.9232,0.9139,0.9999,0.9059,0.0321
2,10,11,11,0.9250,0.9284,0.9824,0.9118,0.0373
2,11,0,0,0.9276,0.9193,0.9561,0.9180,0.0436
2,11,0,1,0.1977,0.2740,0.9948,0.0923,0.0333
2,11,0,2,0.9046,0.8852,0.8657,0.8928,0.0521
2,11,0,3,0.3052,0.3088,0.9736,0.2061,0.0282
2,11,0,4,0.5188,0.4989,0.9764,0.4341,0.0236
2,11,0,5,0.2565,0.2798,0.9859,0.1549,0.0278
2,11,0,6,0.8625,0.8605,0.9709,0.8390,0.0533
2,11,0,7,0.7384,0.7291,0.8938,0.6857,0.0581
2,11,0,8,0.6684,0.6491,0.9458,0.5984,0.0543
2,11,0,9,0.8610,0.8322,0.7855,0.8420,0.0623
2,11,0,10,0.8166,0.7793,0.8487,0.7848,0.0617
2,11,0,11,0.9009,0.8768,0.8873,0.8899,0.0548
2,11,1,0,0.8107,0.8006,0.9716,0.7750,0.0508
2,11,1,1,0.9100,0.8981,0.9854,0.8950,0.0370
2,11,1,2,0.9009,0.8966,0.9808,0.8853,0.0471
2,11,1,3,0.9576,0.9254,0.9072,0.9545,0.0354
2,11,1,4,0.9768,0.9729,0.9842,0.9750,0.0275
2,11,1,5,0.9613,0.9601,0.9952,0.9550,0.0219
2,11,1,6,0.9123,0.9045,0.9949,0.8974,0.0329
2,11,1,7,0.9671,0.9629,0.9905,0.9629,0.0278
2,11,1,8,0.9665,0.9677,0.9628,0.9626,0.0285
2,11,1,9,0.9773,0.9836,0.9933,0.9737,0.0159
2,11,1,10,0.2802,0.6208,0.9029,0.1148,0.0610
2,11,1,11,0.4028,0.3698,0.9880,0.3117,0.0227
2,11,2,0,0.8802,0.8641,0.9490,0.8603,0.0488
2,11,2,1,0.9901,0.9912,0.9995,0.9889,0.0108
2,11,2,2,0.5283,0.6224,0.9504,0.4393,0.0337
2,11,2,3,0.7418,0.7473,0.9833,0.6916,0.0434
2,11,2,4,0.9544,0.9585,0.9977,0.9468,0.0261
2,11,2,5,0.8085,0.8041,0.9523,0.7723,0.0471
2,11,2,6,0.9860,0.9898,0.9988,0.9845,0.0189
2,11,2,7,0.8254,0.8180,0.9380,0.7940,0.0556
2,11,2,8,0.8307,0.8114,0.9397,0.7994,0.0403
2,11,2,9,0.6370,0.6483,0.9432,0.5644,0.0429
2,11,2,10,0.9199,0.9050,0.9586,0.9089,0.0471
2,11,2,11,1.0000,1.0000,1.0000,1.0000,0.0000
2,11,3,0,0.9876,0.9885,0.9954,0.9874,0.0248
2,11,3,1,0.9416,0.9297,0.9432,0.9318,0.0310
2,11,3,2,0.4950,0.6033,0.9644,0.3982,0.0324
2,11,3,3,0.9640,0.9687,0.9992,0.9584,0.0172
2,11,3,4,0.9857,0.9850,0.9961,0.9861,0.0308
2,11,3,5,0.9752,0.9737,0.9918,0.9713,0.0156
2,11,3,6,0.6825,0.6783,0.9374,0.6173,0.0493
2,11,3,7,0.6832,0.6714,0.9802,0.6233,0.0371
2,11,3,8,0.8327,0.8033,0.8976,0.8017,0.0474
2,11,3,9,0.6295,0.7432,0.9494,0.5682,0.0218
2,11,3,10,0.9872,0.9780,0.9998,0.9850,0.0138
2,11,3,11,0.7706,0.7944,0.9904,0.7278,0.0367
2,11,4,0,0.7030,0.6944,0.9375,0.6545,0.0206
2,11,4,1,0.9305,0.9221,0.9544,0.9186,0.0278
2,11,4,2,0.9932,0.9934,0.9997,0.9927,0.0126
2,11,4,3,0.8003,0.8200,0.9902,0.7633,0.0340
2,11,4,4,0.9855,0.9849,0.9993,0.9832,0.0134
2,11,4,5,0.7750,0.8033,0.9898,0.7342,0.0302
2,11,4,6,0.9550,0.9485,0.9802,0.9477,0.0234
2,11,4,7,0.6221,0.6041,0.9813,0.5537,0.0277
2,11,4,8,0.9911,0.9916,0.9968,0.9908,0.0199
2,11,4,9,0.9176,0.8955,0.8926,0.9038,0.0336
2,11,4,10,0.9865,0.9857,0.9972,0.9870,0.0294
2,11,4,11,0.2862,0.4298,0.9956,0.1953,0.0354
2,11,5,0,0.9802,0.9751,0.9949,0.9788,0.0268
2,11,5,1,0.9802,0.9798,0.9951,0.9810,0.0349
2,11,5,2,0.8365,0.8151,0.9221,0.8064,0.0396
2,11,5,3,0.8831,0.8456,0.8659,0.8635,0.0450
2,11,5,4,0.8159,0.7851,0.9390,0.7819,0.0308
2,11,5,5,0.9855,0.9858,0.9974,0.9856,0.0277
2,11,5,6,0.9398,0.9337,0.9976,0.9305,0.0239
2,11,5,7,0.9293,0.9368,0.9885,0.9178,0.0181
2,11,5,8,0.9817,0.9808,0.9985,0.9794,0.0209
2,11,5,9,0.9871,0.9859,0.9970,0.9875,0.0291
2,11,5,10,0.9862,0.9846,1.0000,0.9841,0.0151
2,11,5,11,0.9908,0.9905,0.9995,0.9897,0.0152
2,11,6,0,0.7653,0.7584,0.9034,0.7199,0.0450
2,11,6,1,0.9557,0.9541,0.9989,0.9510,0.0251
2,11,6,2,0.9920,0.9927,0.9999,0.9916,0.0184
2,11,6,3,0.9712,0.9748,0.9988,0.9673,0.0205
2,11,6,4,0.9664,0.9630,1.0000,0.9609,0.0214
2,11,6,5,0.9897,0.9897,0.9999,0.9880,0.0083
2,11,6,6,0.9894,0.9900,0.9979,0.9895,0.0247
2,11,6,7,0.9485,0.9530,0.9999,0.9397,0.0206
2,11,6,8,0.9494,0.9485,0.9969,0.9408,0.0223
2,11,6,9,0.9804,0.9798,0.9961,0.9811,0.0342
2,11,6,10,0.9857,0.9845,0.9958,0.9863,0.0316
2,11,6,11,0.8393,0.8217,0.8872,0.8098,0.0399
2,11,7,0,0.7187,0.7764,0.9904,0.6696,0.0311
2,11,7,1,0.9891,0.9904,0.9978,0.9883,0.0206
2,11,7,2,0.9821,0.9825,0.9957,0.9828,0.0335
2,11,7,3,0.9711,0.9660,0.9993,0.9663,0.0143
2,11,7,4,0.9432,0.9333,1.0000,0.9339,0.0201
2,11,7,5,0.9910,0.9914,0.9985,0.9895,0.0063
2,11,7,6,0.9913,0.9901,0.9970,0.9912,0.0205
2,11,7,7,0.9883,0.9883,0.9970,0.9884,0.0251
2,11,7,8,0.9563,0.9492,0.9939,0.9489,0.0201
2,11,7,9,0.9063,0.8754,0.9404,0.8901,0.0206
2,11,7,10,0.9820,0.9812,0.9972,0.9825,0.0327
2,11,7,11,0.9840,0.9849,0.9966,0.9845,0.0319
2,11,8,0,0.9860,0.9852,0.9989,0.9843,0.0129
2,11,8,1,0.9837,0.9829,0.9976,0.9839,0.0294
2,11,8,2,0.9936,0.9943,1.0000,0.9928,0.0097
2,11,8,3,0.9868,0.9863,0.9983,0.9863,0.0236
2,11,8,4,0.8178,0.8816,0.9450,0.7855,0.0293
2,11,8,5,0.9014,0.8691,0.9793,0.8840,0.0282
2,11,8,6,0.9853,0.9842,0.9963,0.9854,0.0278
2,11,8,7,0.7670,0.7953,0.9774,0.7264,0.0310
2,11,8,8,0.9811,0.9806,0.9989,0.9779,0.0127
2,11,8,9,0.9865,0.9890,0.9993,0.9845,0.0123
2,11,8,10,0.9950,0.9942,0.9997,0.9942,0.0079
2,11,8,11,0.9883,0.9873,0.9968,0.9884,0.0260
2,11,9,0,0.9761,0.9766,0.9973,0.9732,0.0234
2,11,9,1,0.9849,0.9838,0.9987,0.9847,0.0264
2,11,9,2,0.9856,0.9834,0.9984,0.9848,0.0228
2,11,9,3,0.7842,0.7615,0.9111,0.7428,0.0430
2,11,9,4,0.9860,0.9854,0.9972,0.9861,0.0272
2,11,9,5,0.9923,0.9923,0.9982,0.9920,0.0172
2,11,9,6,0.9828,0.9813,0.9956,0.9835,0.0336
2,11,9,7,0.9799,0.9833,0.9994,0.9768,0.0152
2,11,9,8,0.9865,0.9847,0.9963,0.9868,0.0289
2,11,9,9,0.9834,0.9819,0.9963,0.9840,0.0332
2,11,9,10,0.8641,0.8571,0.9750,0.8397,0.0311
2,11,9,11,0.9833,0.9824,0.9964,0.9839,0.0333
2,11,10,0,0.9868,0.9845,0.9958,0.9871,0.0285
2,11,10,1,0.9854,0.9833,0.9960,0.9857,0.0299
2,11,10,2,0.9884,0.9873,0.9981,0.9887,0.0274
2,11,10,3,0.9876,0.9852,0.9997,0.9866,0.0177
2,11,10,4,0.9769,0.9749,0.9996,0.9734,0.0163
2,11,10,5,0.8989,0.8797,0.9944,0.8820,0.0258
2,11,10,6,0.9883,0.9861,0.9966,0.9882,0.0241
2,11,10,7,0.9919,0.9914,0.9990,0.9918,0.0192
2,11,10,8,0.9831,0.9816,0.9964,0.9836,0.0332
2,11,10,9,0.9120,0.8932,0.9945,0.8966,0.0247
2,11,10,10,0.9830,0.9812,0.9960,0.9836,0.0331
2,11,10,11,0.8572,0.8674,0.9959,0.8349,0.0203
2,11,11,0,0.6580,0.6498,0.7725,0.5831,0.0665
2,11,11,1,0.9929,0.9916,0.9994,0.9920,0.0092
2,11,11,2,0.9849,0.9834,0.9994,0.9848,0.0283
2,11,11,3,0.9184,0.9184,0.9432,0.9056,0.0363
2,11,11,4,0.9939,0.9910,0.9914,0.9929,0.0056
2,11,11,5,0.9742,0.9738,0.9998,0.9721,0.0306
2,11,11,6,0.9849,0.9829,0.9971,0.9852,0.0311
2,11,11,7,0.9902,0.9896,0.9998,0.9892,0.0144
2,11,11,8,0.2522,0.5698,0.9679,0.1014,0.0441
2,11,11,9,0.9875,0.9864,0.9978,0.9878,0.0285
2,11,11,10,0.9638,0.9560,0.9537,0.9584,0.0252
2,11,11,11,0.9799,0.9788,0.9949,0.9767,0.0146
3,0,0,0,0.8762,0.8727,0.9237,0.8663,0.0665
3,0,0,1,0.1753,0.2510,0.9805,0.0827,0.0112
3,0,0,2,0.8484,0.8332,0.8140,0.8369,0.0750
3,0,0,3,0.2767,0.2895,0.9474,0.1886,0.0126
3,0,0,4,0.4728,0.4615,0.9513,0.3954,0.0395
3,0,0,5,0.2366,0.2624,0.9654,0.1476,0.0056
3,0,0,6,0.7961,0.8071,0.9436,0.7712,0.0762
3,0,0,7,0.6458,0.6547,0.8469,0.5895,0.0811
3,0,0,8,0.5960,0.6065,0.9105,0.5287,0.0773
3,0,0,9,0.7911,0.7736,0.7228,0.7712,0.0853
3,0,0,10,0.7614,0.7325,0.7943,0.7332,0.0846
3,0,0,11,0.8379,0.8237,0.8393,0.8262,0.0778
3,0,1,0,0.7432,0.7397,0.9446,0.7069,0.0729
3,0,1,1,0.8518,0.8443,0.9647,0.8349,0.0594
3,0,1,2,0.8351,0.8421,0.9577,0.8169,0.0695
3,0,1,3,0.9306,0.8982,0.8628,0.9313,0.0584
3,0,1,4,0.9364,0.9375,0.9627,0.9339,0.0510
3,0,1,5,0.9243,0.9268,0.9813,0.9171,0.0430
3,0,1,6,0.8723,0.8628,0.9807,0.8584,0.0554
3,0,1,7,0.9231,0.9268,0.9728,0.9176,0.0505
3,0,1,8,0.9281,0.9361,0.9326,0.9242,0.0514
3,0,1,9,0.9497,0.9640,0.9778,0.9456,0.0370
3,0,1,10,0.1974,0.5549,0.8578,0.0419,0.0821
3,0,1,11,0.3835,0.3553,0.9688,0.3036,0.0165
3,0,2,0,0.8158,0.8091,0.9145,0.7943,0.0718
3,0,2,1,0.9851,0.9870,0.9980,0.9837,0.0153
3,0,2,2,0.4321,0.5494,0.9163,0.3430,0.0501
3,0,2,3,0.6657,0.6865,0.9615,0.6144,0.0656
3,0,2,4,0.9259,0.9385,0.9866,0.9187,0.0433
3,0,2,5,0.7277,0.7334,0.9188,0.6882,0.0690
3,0,2,6,0.9756,0.9856,0.9989,0.9727,0.0135
3,0,2,7,0.7501,0.7551,0.9007,0.7167,0.0786
3,0,2,8,0.7598,0.7421,0.9027,0.7263,0.0630
3,0,2,9,0.5383,0.5745,0.9072,0.4630,0.0638
3,0,2,10,0.8584,0.8486,0.9271,0.8454,0.0701
3,0,2,11,0.9876,0.9885,0.9954,0.9874,0.0248
3,0,3,0,1.0000,1.0000,1.0000,1.0000,0.0000
3,0,3,1,0.9099,0.8998,0.9072,0.9007,0.0476
3,0,3,2,0.4088,0.5413,0.9347,0.3144,0.0522
3,0,3,3,0.9555,0.9654,0.9908,0.9504,0.0226
3,0,3,4,0.9947,0.9936,1.0000,0.9942,0.0079
3,0,3,5,0.9479,0.9502,0.9751,0.9437,0.0378
3,0,3,6,0.5941,0.6056,0.8999,0.5273,0.0720
3,0,3,7,0.6041,0.6202,0.9568,0.5434,0.0548
3,0,3,8,0.7722,0.7438,0.8514,0.7411,0.0664
3,0,3,9,0.5695,0.6989,0.9150,0.5100,0.0298
3,0,3,10,0.9745,0.9656,0.9973,0.9730,0.0294
3,0,3,11,0.7096,0.7426,0.9726,0.6670,0.0550
3,0,4,0,0.6521,0.6322,0.9000,0.6048,0.0273
3,0,4,1,0.9073,0.8923,0.9216,0.8977,0.0479
3,0,4,2,0.9895,0.9892,0.9974,0.9885,0.0132
3,0,4,3,0.7291,0.7740,0.9723,0.6898,0.0554
3,0,4,4,0.9708,0.9690,0.9911,0.9678,0.0214
3,0,4,5,0.7285,0.7623,0.9717,0.6896,0.0466
3,0,4,6,0.9102,0.9088,0.9569,0.9011,0.0460
3,0,4,7,0.5642,0.5621,0.9584,0.4993,0.0428
3,0,4,8,0.9885,0.9918,0.9999,0.9872,0.0096
3,0,4,9,0.8785,0.8607,0.8454,0.8656,0.0552
3,0,4,10,0.9953,0.9945,0.9998,0.9948,0.0070
3,0,4,11,0.1973,0.3901,1.0000,0.1095,0.0125
3,0,5,0,0.9818,0.9706,1.0000,0.9796,0.0096
3,0,5,1,0.9949,0.9935,1.0000,0.9947,0.0119
3,0,5,2,0.7764,0.7652,0.8810,0.7456,0.0589
3,0,5,3,0.8305,0.7851,0.8142,0.8115,0.0680
3,0,5,4,0.7516,0.7246,0.9019,0.7162,0.0514
3,0,5,5,0.9947,0.9935,0.9997,0.9942,0.0050
3,0,5,6,0.9317,0.9338,0.9996,0.9232,0.0232
3,0,5,7,0.9078,0.9237,0.9695,0.8962,0.0232
3,0,5,8,0.9771,0.9716,0.9991,0.9745,0.0136
3,0,5,9,0.9945,0.9933,0.9998,0.9939,0.0067
3,0,5,10,0.9743,0.9731,0.9954,0.9716,0.0189
3,0,5,11,0.9812,0.9824,0.9979,0.9792,0.0138
3,0,6,0,0.6923,0.6901,0.8583,0.6460,0.0656
3,0,6,1,0.9512,0.9583,0.9989,0.9454,0.0071
3,0,6,2,0.9928,0.9916,0.9968,0.9920,0.0096
3,0,6,3,0.9543,0.9635,0.9989,0.9487,0.0172
3,0,6,4,0.9363,0.9378,0.9953,0.9305,0.0401
3,0,6,5,0.9726,0.9756,0.9940,0.9704,0.0257
3,0,6,6,0.9969,0.9971,0.9995,0.9965,0.0054
3,0,6,7,0.9054,0.9211,0.9943,0.8945,0.0396
3,0,6,8,0.9230,0.9283,0.9848,0.9147,0.0400
3,0,6,9,0.9941,0.9924,1.0000,0.9937,0.0113
3,0,6,10,0.9952,0.9943,1.0000,0.9947,0.0087
3,0,6,11,0.7957,0.7719,0.8391,0.7688,0.0615
3,0,7,0,0.6843,0.7457,0.9727,0.6395,0.0415
3,0,7,1,0.9859,0.9924,0.9996,0.9842,0.0087
3,0,7,2,0.9946,0.9941,1.0000,0.9942,0.0105
3,0,7,3,0.9486,0.9380,0.9910,0.9439,0.0359
3,0,7,4,0.9298,0.9119,0.9952,0.9214,0.0286
3,0,7,5,0.9842,0.9848,0.9887,0.9832,0.0206
3,0,7,6,0.9898,0.9932,0.9998,0.9885,0.0077
3,0,7,7,0.9910,0.9936,0.9998,0.9899,0.0068
3,0,7,8,0.9269,0.9255,0.9789,0.9187,0.0346
3,0,7,9,0.8861,0.8458,0.9037,0.8720,0.0383
3,0,7,10,0.9941,0.9930,0.9998,0.9937,0.0097
3,0,7,11,0.9950,0.9952,0.9999,0.9946,0.0089
3,0,8,0,0.9898,0.9882,0.9899,0.9888,0.0125
3,0,8,1,0.9910,0.9923,0.9996,0.9901,0.0075
3,0,8,2,0.9862,0.9898,0.9960,0.9849,0.0167
3,0,8,3,0.9878,0.9927,0.9993,0.9864,0.0064
3,0,8,4,0.7938,0.8515,0.9095,0.7655,0.0441
3,0,8,5,0.8656,0.8254,0.9555,0.8492,0.0493
3,0,8,6,0.9896,0.9922,1.0000,0.9885,0.0080
3,0,8,7,0.7372,0.7610,0.9527,0.7003,0.0416
3,0,8,8,0.9611,0.9612,0.9897,0.9581,0.0328
3,0,8,9,0.9728,0.9822,0.9982,0.9699,0.0188
3,0,8,10,0.9890,0.9882,0.9926,0.9885,0.0177
3,0,8,11,0.9940,0.9937,0.9999,0.9933,0.0054
3,0,9,0,0.9672,0.9737,0.9998,0.9632,0.0125
3,0,9,1,0.9898,0.9915,0.9990,0.9886,0.0060
3,0,9,2,0.9843,0.9890,0.9992,0.9824,0.0067
3,0,9,3,0.7392,0.7129,0.8676,0.7018,0.0636
3,0,9,4,0.9911,0.9935,0.9998,0.9901,0.0066
3,0,9,5,0.9932,0.9946,0.9993,0.9925,0.0087
3,0,9,6,0.9946,0.9931,1.0000,0.9942,0.0106
3,0,9,7,0.9613,0.9699,0.9981,0.9571,0.0230
3,0,9,8,0.9943,0.9934,1.0000,0.9936,0.0062
3,0,9,9,0.9945,0.9931,1.0000,0.9941,0.0102
3,0,9,10,0.8300,0.8110,0.9494,0.8079,0.0504
3,0,9,11,0.9951,0.9935,0.9999,0.9947,0.0104
3,0,10,0,0.9942,0.9940,1.0000,0.9936,0.0063
3,0,10,1,0.9939,0.9938,1.0000,0.9933,0.0072
3,0,10,2,0.9950,0.9936,0.9994,0.9945,0.0066
3,0,10,3,0.9900,0.9884,0.9929,0.9889,0.0081
3,0,10,4,0.9655,0.9711,0.9923,0.9617,0.0201
3,0,10,5,0.8793,0.8508,0.9797,0.8638,0.0352
3,0,10,6,0.9925,0.9931,0.9999,0.9916,0.0043
3,0,10,7,0.9947,0.9957,0.9987,0.9942,0.0062
3,0,10,8,0.9950,0.9931,0.9999,0.9946,0.0102
3,0,10,9,0.8839,0.8627,0.9800,0.8702,0.0442
3,0,10,10,0.9945,0.9929,1.0000,0.9941,0.0101
3,0,10,11,0.8321,0.8527,0.9828,0.8103,0.0213
3,0,11,0,0.5842,0.5996,0.7084,0.5127,0.0895
3,0,11,1,0.9855,0.9880,0.9917,0.9843,0.0164
3,0,11,2,0.9947,0.9929,0.9982,0.9941,0.0077
3,0,11,3,0.8743,0.8924,0.9072,0.8623,0.0585
3,0,11,4,0.9882,0.9850,0.9744,0.9880,0.0226
3,0,11,5,0.9727,0.9786,0.9971,0.9695,0.0102
3,0,11,6,0.9945,0.9934,0.9998,0.9939,0.0084
3,0,11,7,0.9892,0.9881,0.9935,0.9882,0.0114
3,0,11,8,0.1728,0.5139,0.9395,0.0319,0.0620
3,0,11,9,0.9942,0.9941,0.9996,0.9935,0.0068
3,0,11,10,0.9337,0.9321,0.9206,0.9289,0.0453
3,0,11,11,0.9594,0.9556,0.9808,0.9564,0.0344
3,1,0,0,0.9128,0.9305,0.9992,0.8934,0.0286
3,1,0,1,0.2158,0.3036,0.9722,0.1004,0.0554
3,1,0,2,0.9360,0.9414,0.9828,0.9241,0.0358
3,1,0,3,0.3245,0.3356,0.9941,0.2168,0.0405
3,1,0,4,0.5241,0.5511,0.9927,0.4295,0.0155
3,1,0,5,0.2678,0.3017,0.9855,0.1559,0.0496
3,1,0,6,0.8592,0.8774,0.9953,0.8265,0.0349
3,1,0,7,0.8170,0.7923,0.9920,0.7729,0.0369
3,1,0,8,0.7586,0.7429,1.0000,0.6988,0.0362
3,1,0,9,0.9120,0.9010,0.9465,0.8965,0.0447
3,1,0,10,0.8543,0.8373,0.9762,0.8211,0.0401
3,1,0,11,0.9024,0.8975,0.9901,0.8822,0.0388
3,1,1,0,0.8563,0.8478,0.9950,0.8230,0.0316
3,1,1,1,0.9417,0.9162,0.9860,0.9289,0.0186
3,1,1,2,0.9231,0.9058,0.9899,0.9063,0.0324
3,1,1,3,0.9249,0.8916,0.9954,0.9085,0.0249
3,1,1,4,0.9509,0.9455,0.9872,0.9402,0.0257
3,1,1,5,0.9571,0.9533,0.9713,0.9482,0.0125
3,1,1,6,0.8926,0.9186,0.9719,0.8689,0.0143
3,1,1,7,0.9501,0.9429,0.9800,0.9393,0.0234
3,1,1,8,0.9721,0.9716,0.9979,0.9661,0.0180
3,1,1,9,0.9585,0.9576,0.9752,0.9503,0.0159
3,1,1,10,0.3545,0.6404,0.9944,0.1854,0.0424
3,1,1,11,0.4064,0.3875,0.9832,0.3051,0.0327
3,1,2,0,0.8911,0.9103,0.9998,0.8664,0.0289
3,1,2,1,0.9301,0.9297,0.9319,0.9203,0.0354
3,1,2,2,0.6219,0.6760,0.9998,0.5405,0.0051
3,1,2,3,0.8208,0.8095,0.9879,0.7797,0.0222
3,1,2,4,0.9431,0.9390,0.9637,0.9314,0.0075
3,1,2,5,0.8706,0.8503,0.9996,0.8409,0.0251
3,1,2,6,0.9408,0.9255,0.9262,0.9340,0.0370
3,1,2,7,0.8378,0.8208,0.9999,0.7993,0.0375
3,1,2,8,0.8665,0.8608,0.9999,0.8360,0.0198
3,1,2,9,0.6542,0.6880,1.0000,0.5736,0.0198
3,1,2,10,0.9133,0.9050,0.9987,0.8941,0.0324
3,1,2,11,0.9416,0.9297,0.9432,0.9318,0.0310
3,1,3,0,0.9099,0.8998,0.9072,0.9007,0.0476
3,1,3,1,1.0000,1.0000,1.0000,1.0000,0.0000
3,1,3,2,0.6272,0.6973,0.9975,0.5456,0.0114
3,1,3,3,0.9043,0.9016,0.9558,0.8889,0.0277
3,1,3,4,0.9069,0.8916,0.9103,0.8990,0.0555
3,1,3,5,0.9500,0.9615,0.9779,0.9400,0.0224
3,1,3,6,0.7332,0.7633,0.9999,0.6682,0.0299
3,1,3,7,0.6968,0.7086,0.9903,0.6306,0.0109
3,1,3,8,0.8975,0.8853,0.9931,0.8743,0.0190
3,1,3,9,0.7022,0.8418,0.9998,0.6473,0.0192
3,1,3,10,0.9381,0.9265,0.9356,0.9269,0.0188
3,1,3,11,0.8044,0.8265,0.9801,0.7617,0.0134
3,1,4,0,0.7113,0.7579,0.9999,0.6590,0.0209
3,1,4,1,0.9493,0.9666,0.9994,0.9386,0.0089
3,1,4,2,0.9332,0.9263,0.9350,0.9246,0.0388
3,1,4,3,0.7894,0.8230,0.9804,0.7433,0.0153
3,1,4,4,0.9247,0.9256,0.9552,0.9127,0.0270
3,1,4,5,0.8359,0.8598,0.9809,0.8016,0.0071
3,1,4,6,0.9368,0.9473,0.9903,0.9234,0.0220
3,1,4,7,0.6489,0.6213,0.9895,0.5767,0.0093
3,1,4,8,0.9218,0.9085,0.9137,0.9131,0.0436
3,1,4,9,0.9475,0.9533,0.9917,0.9360,0.0108
3,1,4,10,0.9118,0.8947,0.9159,0.9046,0.0540
3,1,4,11,0.3207,0.4805,0.9080,0.2246,0.0601
3,1,5,0,0.9017,0.8975,0.9047,0.8907,0.0436
3,1,5,1,0.8969,0.8796,0.9057,0.8897,0.0596
3,1,5,2,0.8574,0.8671,0.9983,0.8254,0.0150
3,1,5,3,0.9268,0.9330,0.9829,0.9109,0.0264
3,1,5,4,0.8156,0.8293,0.9999,0.7753,0.0080
3,1,5,5,0.9098,0.8962,0.9168,0.9017,0.0523
3,1,5,6,0.8770,0.8894,0.9180,0.8571,0.0278
3,1,5,7,0.8837,0.9138,0.9826,0.8638,0.0257
3,1,5,8,0.9197,0.9183,0.9238,0.9091,0.0356
3,1,5,9,0.9104,0.8938,0.9145,0.9024,0.0538
3,1,5,10,0.9235,0.9293,0.9433,0.9118,0.0293
3,1,5,11,0.9337,0.9196,0.9324,0.9248,0.0338
3,1,6,0,0.7900,0.8150,0.9945,0.7412,0.0198
3,1,6,1,0.8968,0.8924,0.9263,0.8852,0.0471
3,1,6,2,0.9257,0.9180,0.9380,0.9171,0.0433
3,1,6,3,0.9127,0.9053,0.9257,0.9007,0.0354
3,1,6,4,0.9058,0.9153,0.9438,0.8867,0.0112
3,1,6,5,0.9356,0.9293,0.9478,0.9246,0.0277
3,1,6,6,0.9139,0.8997,0.9196,0.9054,0.0493
3,1,6,7,0.9053,0.9168,0.9468,0.8863,0.0161
3,1,6,8,0.9109,0.9246,0.9665,0.8932,0.0134
3,1,6,9,0.8964,0.8797,0.9100,0.8886,0.0589
3,1,6,10,0.9051,0.8875,0.9088,0.8971,0.0563
3,1,6,11,0.8726,0.9077,0.9901,0.8436,0.0152
3,1,7,0,0.7325,0.7938,0.9801,0.6797,0.0112
3,1,7,1,0.9275,0.9104,0.9191,0.9193,0.0411
3,1,7,2,0.8996,0.8865,0.9083,0.8920,0.0581
3,1,7,3,0.9319,0.9425,0.9553,0.9189,0.0222
3,1,7,4,0.9247,0.9349,0.9441,0.9120,0.0232
3,1,7,5,0.9409,0.9364,0.9601,0.9315,0.0296
3,1,7,6,0.9210,0.9067,0.9148,0.9124,0.0451
3,1,7,7,0.9153,0.9036,0.9145,0.9073,0.0495
3,1,7,8,0.9113,0.9436,0.9741,0.8944,0.0140
3,1,7,9,0.9182,0.9301,1.0000,0.9021,0.0114
3,1,7,10,0.9000,0.8842,0.9158,0.8921,0.0573
3,1,7,11,0.9024,0.8925,0.9126,0.8943,0.0565
3,1,8,0,0.9200,0.9149,0.9576,0.9091,0.0375
3,1,8,1,0.9082,0.8935,0.9182,0.9006,0.0535
3,1,8,2,0.9334,0.9264,0.9412,0.9240,0.0370
3,1,8,3,0.9141,0.9032,0.9220,0.9051,0.0470
3,1,8,4,0.8506,0.9287,1.0000,0.8203,0.0075
3,1,8,5,0.9125,0.9204,0.9909,0.8940,0.0174
3,1,8,6,0.9133,0.8948,0.9111,0.9059,0.0525
3,1,8,7,0.7708,0.8071,0.9921,0.7256,0.0123
3,1,8,8,0.9300,0.9467,0.9580,0.9166,0.0206
3,1,8,9,0.9350,0.9232,0.9306,0.9255,0.0323
3,1,8,10,0.9366,0.9356,0.9515,0.9269,0.0325
3,1,8,11,0.9124,0.8995,0.9137,0.9039,0.0506
3,1,9,0,0.9067,0.9086,0.9163,0.8942,0.0359
3,1,9,1,0.9135,0.8987,0.9250,0.9055,0.0505
3,1,9,2,0.9190,0.9045,0.9230,0.9103,0.0446
3,1,9,3,0.8154,0.8192,0.9963,0.7727,0.0197
3,1,9,4,0.9158,0.8990,0.9155,0.9085,0.0513
3,1,9,5,0.9189,0.9081,0.9218,0.9089,0.0411
3,1,9,6,0.9012,0.8831,0.9081,0.8937,0.0582
3,1,9,7,0.9255,0.9237,0.9314,0.9135,0.0278
3,1,9,8,0.9079,0.8920,0.9111,0.8997,0.0535
3,1,9,9,0.9036,0.8855,0.9110,0.8962,0.0579
3,1,9,10,0.8906,0.9219,0.9934,0.8671,0.0117
3,1,9,11,0.9038,0.8865,0.9117,0.8964,0.0580
3,1,10,0,0.9076,0.8907,0.9090,0.8992,0.0531
3,1,10,1,0.9062,0.8892,0.9098,0.8981,0.0546
3,1,10,2,0.9150,0.9007,0.9208,0.9075,0.0521
3,1,10,3,0.9216,0.9135,0.9508,0.9121,0.0421
3,1,10,4,0.9303,0.9321,0.9524,0.9197,0.0278
3,1,10,5,0.8983,0.9097,0.9731,0.8798,0.0172
3,1,10,6,0.9109,0.8958,0.9127,0.9016,0.0485
3,1,10,7,0.9208,0.9088,0.9277,0.9118,0.0441
3,1,10,8,0.9029,0.8845,0.9116,0.8953,0.0579
3,1,10,9,0.8821,0.8876,0.9728,0.8574,0.0139
3,1,10,10,0.9021,0.8838,0.9099,0.8944,0.0577
3,1,10,11,0.8283,0.8460,0.9693,0.7996,0.0269
3,1,11,0,0.7550,0.7367,0.9396,0.6924,0.0471
3,1,11,1,0.9332,0.9279,0.9538,0.9234,0.0349
3,1,11,2,0.9090,0.8941,0.9310,0.9006,0.0533
3,1,11,3,0.9048,0.9148,1.0000,0.8834,0.0169
3,1,11,4,0.9426,0.9361,0.9786,0.9332,0.0319
3,1,11,5,0.9138,0.9036,0.9365,0.9053,0.0466
3,1,11,6,0.9060,0.8889,0.9154,0.8981,0.0558
3,1,11,7,0.9261,0.9226,0.9493,0.9165,0.0380
3,1,11,8,0.3623,0.6206,0.9964,0.2163,0.0171
3,1,11,9,0.9118,0.8962,0.9192,0.9038,0.0531
3,1,11,10,0.9502,0.9557,0.9995,0.9396,0.0131
3,1,11,11,0.9352,0.9497,0.9718,0.9226,0.0174
3,2,0,0,0.6250,0.7588,0.9996,0.5305,0.0193
3,2,0,1,0.2446,0.4975,0.9864,0.1299,0.0600
3,2,0,2,0.7081,0.7597,0.9673,0.6306,0.0273
3,2,0,3,0.3608,0.5303,0.9993,0.2557,0.0475
3,2,0,4,0.5231,0.6772,0.9988,0.4249,0.0143
3,2,0,5,0.2785,0.4933,0.9951,0.1646,0.0542
3,2,0,6,0.6496,0.8084,0.9997,0.5591,0.0264
3,2,0,7,0.8263,0.8713,0.9806,0.7818,0.0302
3,2,0,8,0.6825,0.7685,0.9980,0.5978,0.0272
3,2,0,9,0.7338,0.7891,0.9212,0.6606,0.0354
3,2,0,10,0.6619,0.7759,0.9583,0.5676,0.0327
3,2,0,11,0.6613,0.7820,0.9777,0.5686,0.0295
3,2,1,0,0.7793,0.8544,0.9996,0.7242,0.0244
3,2,1,1,0.7197,0.8046,0.9953,0.6529,0.0114
3,2,1,2,0.6843,0.7815,0.9975,0.6052,0.0244
3,2,1,3,0.5891,0.6787,0.9861,0.4858,0.0240
3,2,1,4,0.5852,0.7003,0.9960,0.4883,0.0219
3,2,1,5,0.5786,0.6864,0.9857,0.4877,0.0126
3,2,1,6,0.5935,0.7368,0.9862,0.4989,0.0131
3,2,1,7,0.5850,0.6894,0.9916,0.4896,0.0201
3,2,1,8,0.6242,0.7099,1.0000,0.5365,0.0142
3,2,1,9,0.5578,0.6554,0.9885,0.4655,0.0178
3,2,1,10,0.5945,0.7401,0.9845,0.4852,0.0344
3,2,1,11,0.3602,0.5333,0.9936,0.2470,0.0388
3,2,2,0,0.6998,0.8270,0.9986,0.6237,0.0203
3,2,2,1,0.4562,0.5827,0.9553,0.3592,0.0387
3,2,2,2,0.8493,0.8850,0.9988,0.8156,0.0121
3,2,2,3,0.8480,0.9073,0.9964,0.8115,0.0150
3,2,2,4,0.6089,0.6864,0.9802,0.5253,0.0108
3,2,2,5,0.7856,0.8360,0.9991,0.7323,0.0192
3,2,2,6,0.4559,0.5747,0.9506,0.3620,0.0424
3,2,2,7,0.6818,0.7987,0.9963,0.5973,0.0279
3,2,2,8,0.6966,0.8160,0.9967,0.6226,0.0142
3,2,2,9,0.6784,0.8032,0.9975,0.6002,0.0134
3,2,2,10,0.6445,0.7803,0.9998,0.5541,0.0231
3,2,2,11,0.4950,0.6033,0.9644,0.3982,0.0324
3,2,3,0,0.4088,0.5413,0.9347,0.3144,0.0522
3,2,3,1,0.6272,0.6973,0.9975,0.5456,0.0114
3,2,3,2,1.0000,1.0000,1.0000,1.0000,0.0000
3,2,3,3,0.5191,0.6186,0.9742,0.4309,0.0333
3,2,3,4,0.3991,0.5108,0.9374,0.3075,0.0601
3,2,3,5,0.5183,0.6468,0.9903,0.4176,0.0205
3,2,3,6,0.8078,0.8959,0.9961,0.7591,0.0222
3,2,3,7,0.7257,0.8361,0.9977,0.6634,0.0102
3,2,3,8,0.7442,0.8493,0.9822,0.6816,0.0205
3,2,3,9,0.5537,0.7665,0.9987,0.4683,0.0243
3,2,3,10,0.5189,0.6558,0.9583,0.4239,0.0234
3,2,3,11,0.6654,0.8014,0.9917,0.5895,0.0114
3,2,4,0,0.5755,0.7695,0.9962,0.4956,0.0265
3,2,4,1,0.6354,0.7064,0.9994,0.5556,0.0093
3,2,4,2,0.4620,0.5742,0.9578,0.3680,0.0421
3,2,4,3,0.5931,0.7116,0.9919,0.5003,0.0105
3,2,4,4,0.4742,0.6154,0.9738,0.3767,0.0308
3,2,4,5,0.6945,0.7966,0.9922,0.6283,0.0140
3,2,4,6,0.5698,0.7166,0.9976,0.4752,0.0174
3,2,4,7,0.5590,0.6782,0.9973,0.4649,0.0142
3,2,4,8,0.4278,0.5548,0.9402,0.3330,0.0481
3,2,4,9,0.6295,0.7113,0.9800,0.5434,0.0093
3,2,4,10,0.3989,0.5140,0.9421,0.3068,0.0586
3,2,4,11,0.6635,0.7888,0.9354,0.6200,0.0647
3,2,5,0,0.4277,0.5722,0.9326,0.3353,0.0495
3,2,5,1,0.3814,0.4971,0.9335,0.2918,0.0641
3,2,5,2,0.6768,0.7879,0.9916,0.6004,0.0130
3,2,5,3,0.6706,0.7459,0.9674,0.5878,0.0171
3,2,5,4,0.6696,0.8070,0.9965,0.5944,0.0118
3,2,5,5,0.4007,0.5355,0.9428,0.3077,0.0569
3,2,5,6,0.5108,0.6393,0.9438,0.4221,0.0348
3,2,5,7,0.5318,0.6841,0.9933,0.4440,0.0303
3,2,5,8,0.4593,0.6210,0.9486,0.3658,0.0404
3,2,5,9,0.4040,0.5162,0.9409,0.3116,0.0584
3,2,5,10,0.4577,0.6043,0.9644,0.3587,0.0338
3,2,5,11,0.4500,0.5785,0.9557,0.3526,0.0384
3,2,6,0,0.7600,0.8107,0.9846,0.7014,0.0199
3,2,6,1,0.4249,0.5391,0.9507,0.3329,0.0517
3,2,6,2,0.4333,0.5490,0.9602,0.3381,0.0476
3,2,6,3,0.4460,0.5790,0.9502,0.3494,0.0374
3,2,6,4,0.5269,0.6886,0.9649,0.4271,0.0155
3,2,6,5,0.4962,0.6209,0.9680,0.3991,0.0299
3,2,6,6,0.4154,0.5358,0.9452,0.3222,0.0539
3,2,6,7,0.5383,0.6856,0.9672,0.4418,0.0152
3,2,6,8,0.5932,0.7045,0.9823,0.5090,0.0172
3,2,6,9,0.3812,0.5004,0.9371,0.2907,0.0635
3,2,6,10,0.3953,0.5106,0.9361,0.3035,0.0609
3,2,6,11,0.7232,0.7992,0.9777,0.6564,0.0127
3,2,7,0,0.7544,0.8386,0.9917,0.7045,0.0186
3,2,7,1,0.4273,0.5677,0.9448,0.3311,0.0454
3,2,7,2,0.3876,0.5070,0.9357,0.2973,0.0627
3,2,7,3,0.5534,0.6843,0.9738,0.4626,0.0202
3,2,7,4,0.5479,0.6520,0.9651,0.4621,0.0236
3,2,7,5,0.5020,0.5921,0.9775,0.4086,0.0329
3,2,7,6,0.4179,0.5418,0.9412,0.3220,0.0497
3,2,7,7,0.4108,0.5338,0.9409,0.3177,0.0540
3,2,7,8,0.5609,0.6810,0.9876,0.4724,0.0215
3,2,7,9,0.5699,0.6634,0.9969,0.4813,0.0160
3,2,7,10,0.3849,0.5070,0.9420,0.2933,0.0619
3,2,7,11,0.3929,0.5167,0.9393,0.3014,0.0611
3,2,8,0,0.4531,0.5493,0.9756,0.3573,0.0413
3,2,8,1,0.4015,0.5189,0.9440,0.3105,0.0581
3,2,8,2,0.4511,0.5781,0.9628,0.3526,0.0400
3,2,8,3,0.4138,0.5379,0.9471,0.3191,0.0513
3,2,8,4,0.6458,0.7381,0.9979,0.5713,0.0163
3,2,8,5,0.5896,0.7016,0.9980,0.4994,0.0113
3,2,8,6,0.4019,0.5201,0.9380,0.3093,0.0571
3,2,8,7,0.6886,0.7595,0.9985,0.6250,0.0177
3,2,8,8,0.5210,0.6776,0.9759,0.4240,0.0220
3,2,8,9,0.4640,0.5819,0.9542,0.3664,0.0340
3,2,8,10,0.4777,0.5937,0.9709,0.3813,0.0356
3,2,8,11,0.4106,0.5327,0.9402,0.3172,0.0552
3,2,9,0,0.4602,0.5966,0.9424,0.3678,0.0421
3,2,9,1,0.4116,0.5302,0.9496,0.3193,0.0551
3,2,9,2,0.4236,0.5410,0.9479,0.3294,0.0492
3,2,9,3,0.7665,0.8473,0.9877,0.7095,0.0117
3,2,9,4,0.4051,0.5287,0.9417,0.3124,0.0559
3,2,9,5,0.4453,0.5672,0.9470,0.3514,0.0454
3,2,9,6,0.3877,0.5032,0.9355,0.2971,0.0628
3,2,9,7,0.4677,0.6046,0.9549,0.3685,0.0308
3,2,9,8,0.3983,0.5190,0.9380,0.3055,0.0581
3,2,9,9,0.3906,0.5063,0.9380,0.2998,0.0624
3,2,9,10,0.7008,0.7627,0.9990,0.6339,0.0071
3,2,9,11,0.3923,0.5046,0.9385,0.3018,0.0626
3,2,10,0,0.4009,0.5176,0.9362,0.3081,0.0577
3,2,10,1,0.3954,0.5107,0.9369,0.3028,0.0592
3,2,10,2,0.4064,0.5249,0.9462,0.3137,0.0567
3,2,10,3,0.4276,0.5504,0.9704,0.3306,0.0462
3,2,10,4,0.4803,0.6220,0.9716,0.3852,0.0321
3,2,10,5,0.5362,0.6535,0.9870,0.4459,0.0199
3,2,10,6,0.4120,0.5272,0.9394,0.3177,0.0531
3,2,10,7,0.4274,0.5542,0.9518,0.3320,0.0484
3,2,10,8,0.3911,0.5026,0.9384,0.3002,0.0624
3,2,10,9,0.5896,0.7335,0.9868,0.5005,0.0088
3,2,10,10,0.3897,0.5018,0.9370,0.2986,0.0623
3,2,10,11,0.5895,0.6654,0.9843,0.5158,0.0333
3,2,11,0,0.7004,0.7365,0.9130,0.6158,0.0380
3,2,11,1,0.4584,0.5634,0.9727,0.3601,0.0376
3,2,11,2,0.4017,0.5121,0.9545,0.3085,0.0576
3,2,11,3,0.6086,0.7131,0.9975,0.5132,0.0108
3,2,11,4,0.4810,0.5771,0.9907,0.3823,0.0336
3,2,11,5,0.4161,0.5340,0.9590,0.3230,0.0522
3,2,11,6,0.3956,0.5079,0.9416,0.3035,0.0603
3,2,11,7,0.4357,0.5733,0.9692,0.3376,0.0421
3,2,11,8,0.5732,0.7426,0.9999,0.4717,0.0148
3,2,11,9,0.4043,0.5202,0.9448,0.3115,0.0577
3,2,11,10,0.5899,0.7071,0.9993,0.4987,0.0125
3,2,11,11,0.5590,0.6919,0.9861,0.4686,0.0197
3,3,0,0,0.8670,0.8925,0.9671,0.8465,0.0497
3,3,0,1,0.1661,0.2876,0.9981,0.0603,0.0303
3,3,0,2,0.8651,0.8600,0.8852,0.8467,0.0580
3,3,0,3,0.2710,0.3165,0.9820,0.1707,0.0165
3,3,0,4,0.4781,0.4896,0.9843,0.3900,0.0232
3,3,0,5,0.2229,0.2947,0.9918,0.1206,0.0245
3,3,0,6,0.8059,0.8305,0.9797,0.7725,0.0584
3,3,0,7,0.7040,0.7076,0.9111,0.6471,0.0624
3,3,0,8,0.6453,0.6702,0.9581,0.5743,0.0594
3,3,0,9,0.8202,0.8145,0.8097,0.7941,0.0674
3,3,0,10,0.7624,0.7626,0.8692,0.7204,0.0655
3,3,0,11,0.8580,0.8630,0.9052,0.8394,0.0607
3,3,1,0,0.7618,0.7645,0.9803,0.7185,0.0551
3,3,1,1,0.8506,0.8454,0.9915,0.8256,0.0418
3,3,1,2,0.8356,0.8413,0.9878,0.8081,0.0548
3,3,1,3,0.9365,0.9285,0.9233,0.9309,0.0387
3,3,1,4,0.9241,0.9306,0.9905,0.9133,0.0387
3,3,1,5,0.8990,0.9180,0.9983,0.8826,0.0257
3,3,1,6,0.8485,0.8714,0.9981,0.8230,0.0365
3,3,1,7,0.9101,0.9195,0.9952,0.8963,0.0376
3,3,1,8,0.9180,0.9336,0.9729,0.9061,0.0362
3,3,1,9,0.9264,0.9448,0.9972,0.9146,0.0226
3,3,1,10,0.3010,0.6235,0.9195,0.1476,0.0661
3,3,1,11,0.3575,0.3713,0.9934,0.2630,0.0087
3,3,2,0,0.8375,0.8337,0.9609,0.8108,0.0531
3,3,2,1,0.9559,0.9709,0.9974,0.9494,0.0143
3,3,2,2,0.5516,0.6217,0.9621,0.4708,0.0307
3,3,2,3,0.6910,0.7085,0.9898,0.6334,0.0478
3,3,2,4,0.9160,0.9263,0.9996,0.9025,0.0244
3,3,2,5,0.7790,0.7722,0.9638,0.7393,0.0504
3,3,2,6,0.9464,0.9558,0.9961,0.9389,0.0151
3,3,2,7,0.7684,0.7811,0.9512,0.7268,0.0610
3,3,2,8,0.8138,0.7957,0.9527,0.7815,0.0441
3,3,2,9,0.6205,0.6231,0.9558,0.5483,0.0451
3,3,2,10,0.8632,0.8583,0.9693,0.8421,0.0540
3,3,2,11,0.9640,0.9687,0.9992,0.9584,0.0172
3,3,3,0,0.9555,0.9654,0.9908,0.9504,0.0226
3,3,3,1,0.9043,0.9016,0.9558,0.8889,0.0277
3,3,3,2,0.5191,0.6186,0.9742,0.4309,0.0333
3,3,3,3,1.0000,1.0000,1.0000,1.0000,0.0000
3,3,3,4,0.9562,0.9620,0.9918,0.9520,0.0304
3,3,3,5,0.9226,0.9321,0.9961,0.9102,0.0257
3,3,3,6,0.6485,0.6670,0.9506,0.5796,0.0542
3,3,3,7,0.7386,0.6968,0.9873,0.6922,0.0354
3,3,3,8,0.8160,0.8102,0.9146,0.7841,0.0462
3,3,3,9,0.5879,0.7333,0.9612,0.5224,0.0125
3,3,3,10,0.9361,0.9389,0.9981,0.9260,0.0142
3,3,3,11,0.7307,0.7564,0.9951,0.6828,0.0366
3,3,4,0,0.7282,0.6963,0.9507,0.6855,0.0118
3,3,4,1,0.9010,0.9019,0.9657,0.8850,0.0290
3,3,4,2,0.9548,0.9705,0.9980,0.9483,0.0161
3,3,4,3,0.7553,0.7736,0.9950,0.7120,0.0375
3,3,4,4,0.9356,0.9401,1.0000,0.9257,0.0122
3,3,4,5,0.7424,0.7761,0.9947,0.6979,0.0272
3,3,4,6,0.9045,0.9011,0.9874,0.8891,0.0314
3,3,4,7,0.5754,0.5707,0.9882,0.5018,0.0231
3,3,4,8,0.9507,0.9580,0.9928,0.9443,0.0195
3,3,4,9,0.8913,0.8852,0.9100,0.8740,0.0356
3,3,4,10,0.9583,0.9630,0.9935,0.9543,0.0290
3,3,4,11,0.3656,0.4631,0.9910,0.2879,0.0350
3,3,5,0,0.9376,0.9363,0.9900,0.9298,0.0190
3,3,5,1,0.9550,0.9594,0.9903,0.9517,0.0345
3,3,5,2,0.8139,0.8037,0.9369,0.7816,0.0395
3,3,5,3,0.8451,0.8167,0.8853,0.8198,0.0501
3,3,5,4,0.8332,0.7932,0.9520,0.8046,0.0317
3,3,5,5,0.9528,0.9641,0.9937,0.9477,0.0273
3,3,5,6,0.9119,0.9324,0.9940,0.8985,0.0096
3,3,5,7,0.9675,0.9700,0.9938,0.9624,0.0062
3,3,5,8,0.9339,0.9470,0.9955,0.9245,0.0126
3,3,5,9,0.9601,0.9632,0.9930,0.9561,0.0287
3,3,5,10,0.9379,0.9457,0.9992,0.9284,0.0105
3,3,5,11,0.9487,0.9555,0.9975,0.9412,0.0114
3,3,6,0,0.7532,0.7538,0.9199,0.7082,0.0464
3,3,6,1,0.9173,0.9258,0.9961,0.9069,0.0220
3,3,6,2,0.9545,0.9646,0.9985,0.9484,0.0203
3,3,6,3,0.9134,0.9247,0.9960,0.9008,0.0167
3,3,6,4,0.9228,0.9405,0.9993,0.9105,0.0213
3,3,6,5,0.9418,0.9488,0.9997,0.9327,0.0155
3,3,6,6,0.9574,0.9655,0.9945,0.9525,0.0243
3,3,6,7,0.9074,0.9075,0.9996,0.8924,0.0260
3,3,6,8,0.9223,0.9275,0.9992,0.9099,0.0214
3,3,6,9,0.9554,0.9610,0.9917,0.9519,0.0338
3,3,6,10,0.9583,0.9624,0.9913,0.9545,0.0312
3,3,6,11,0.8346,0.8317,0.9051,0.8065,0.0418
3,3,7,0,0.8041,0.8318,0.9952,0.7715,0.0231
3,3,7,1,0.9518,0.9613,0.9943,0.9454,0.0157
3,3,7,2,0.9559,0.9611,0.9912,0.9523,0.0331
3,3,7,3,0.9331,0.9281,1.0000,0.9224,0.0210
3,3,7,4,0.8884,0.8902,0.9993,0.8709,0.0176
3,3,7,5,0.9631,0.9710,0.9999,0.9573,0.0125
3,3,7,6,0.9585,0.9641,0.9931,0.9533,0.0206
3,3,7,7,0.9545,0.9598,0.9930,0.9494,0.0244
3,3,7,8,0.9314,0.9257,0.9975,0.9205,0.0147
3,3,7,9,0.8760,0.8499,0.9533,0.8557,0.0189
3,3,7,10,0.9557,0.9622,0.9934,0.9519,0.0323
3,3,7,11,0.9565,0.9630,0.9925,0.9525,0.0315
3,3,8,0,0.9650,0.9759,1.0000,0.9600,0.0148
3,3,8,1,0.9521,0.9580,0.9941,0.9474,0.0285
3,3,8,2,0.9525,0.9637,0.9989,0.9455,0.0159
3,3,8,3,0.9526,0.9607,0.9951,0.9469,0.0216
3,3,8,4,0.8243,0.8922,0.9574,0.7948,0.0231
3,3,8,5,0.8537,0.8317,0.9867,0.8291,0.0325
3,3,8,6,0.9538,0.9589,0.9920,0.9490,0.0274
3,3,8,7,0.8619,0.8658,0.9851,0.8392,0.0240
3,3,8,8,0.9438,0.9533,1.0000,0.9349,0.0205
3,3,8,9,0.9418,0.9524,0.9971,0.9329,0.0130
3,3,8,10,0.9601,0.9647,0.9999,0.9540,0.0135
3,3,8,11,0.9618,0.9665,0.9928,0.9577,0.0256
3,3,9,0,0.9713,0.9704,0.9936,0.9674,0.0130
3,3,9,1,0.9536,0.9611,0.9958,0.9485,0.0254
3,3,9,2,0.9572,0.9614,0.9953,0.9519,0.0195
3,3,9,3,0.8425,0.8204,0.9270,0.8161,0.0447
3,3,9,4,0.9582,0.9636,0.9933,0.9539,0.0262
3,3,9,5,0.9678,0.9729,0.9950,0.9635,0.0163
3,3,9,6,0.9572,0.9610,0.9911,0.9537,0.0332
3,3,9,7,0.9269,0.9469,0.9973,0.9156,0.0125
3,3,9,8,0.9578,0.9650,0.9920,0.9536,0.0285
3,3,9,9,0.9572,0.9613,0.9920,0.9536,0.0328
3,3,9,10,0.8360,0.8370,0.9831,0.8081,0.0328
3,3,9,11,0.9572,0.9611,0.9922,0.9535,0.0329
3,3,10,0,0.9632,0.9669,0.9914,0.9597,0.0281
3,3,10,1,0.9580,0.9620,0.9916,0.9539,0.0295
3,3,10,2,0.9594,0.9626,0.9948,0.9551,0.0270
3,3,10,3,0.9608,0.9683,0.9999,0.9556,0.0171
3,3,10,4,0.9695,0.9703,0.9999,0.9649,0.0085
3,3,10,5,0.8365,0.8442,0.9978,0.8103,0.0231
3,3,10,6,0.9654,0.9699,0.9925,0.9616,0.0235
3,3,10,7,0.9656,0.9704,0.9965,0.9613,0.0188
3,3,10,8,0.9579,0.9614,0.9922,0.9543,0.0328
3,3,10,9,0.8553,0.8662,0.9979,0.8310,0.0266
3,3,10,10,0.9586,0.9615,0.9916,0.9551,0.0327
3,3,10,11,0.9229,0.9138,0.9988,0.9112,0.0076
3,3,11,0,0.6212,0.6793,0.7974,0.5415,0.0711
3,3,11,1,0.9612,0.9702,1.0000,0.9553,0.0130
3,3,11,2,0.9601,0.9649,0.9972,0.9560,0.0279
3,3,11,3,0.9344,0.9491,0.9558,0.9270,0.0399
3,3,11,4,0.9675,0.9739,0.9959,0.9624,0.0163
3,3,11,5,0.9364,0.9462,0.9982,0.9287,0.0231
3,3,11,6,0.9591,0.9624,0.9933,0.9553,0.0307
3,3,11,7,0.9507,0.9653,0.9998,0.9437,0.0148
3,3,11,8,0.2754,0.5770,0.9772,0.1352,0.0439
3,3,11,9,0.9579,0.9625,0.9944,0.9536,0.0281
3,3,11,10,0.9463,0.9461,0.9650,0.9388,0.0258
3,3,11,11,0.9507,0.9529,0.9982,0.9431,0.0173
3,4,0,0,0.8694,0.8607,0.9266,0.8610,0.0744
3,4,0,1,0.1059,0.1825,0.9819,0.0094,0.0064
3,4,0,2,0.8382,0.8207,0.8183,0.8280,0.0829
3,4,0,3,0.1990,0.2099,0.9498,0.1054,0.0160
3,4,0,4,0.4075,0.3893,0.9536,0.3241,0.0474
3,4,0,5,0.1625,0.1881,0.9673,0.0686,0.0064
3,4,0,6,0.7784,0.7847,0.9461,0.7534,0.0841
3,4,0,7,0.6307,0.6259,0.8509,0.5758,0.0889
3,4,0,8,0.5921,0.5891,0.9136,0.5287,0.0851
3,4,0,9,0.7852,0.7606,0.7279,0.7683,0.0931
3,4,0,10,0.7289,0.6951,0.7988,0.6975,0.0925
3,4,0,11,0.8266,0.8048,0.8433,0.8161,0.0857
3,4,1,0,0.7247,0.7158,0.9470,0.6883,0.0808
3,4,1,1,0.8426,0.8267,0.9666,0.8267,0.0673
3,4,1,2,0.8229,0.8225,0.9598,0.8054,0.0774
3,4,1,3,0.9235,0.8913,0.8666,0.9254,0.0662
3,4,1,4,0.9311,0.9275,0.9647,0.9299,0.0584
3,4,1,5,0.9204,0.9154,0.9827,0.9143,0.0509
3,4,1,6,0.8553,0.8439,0.9821,0.8408,0.0632
3,4,1,7,0.9210,0.9198,0.9745,0.9172,0.0584
3,4,1,8,0.9264,0.9300,0.9353,0.9243,0.0593
3,4,1,9,0.9514,0.9612,0.9793,0.9491,0.0449
3,4,1,10,0.1715,0.5313,0.8616,0.0171,0.0900
3,4,1,11,0.3072,0.2798,0.9706,0.2209,0.0244
3,4,2,0,0.8101,0.7907,0.9175,0.7908,0.0796
3,4,2,1,0.9861,0.9885,0.9985,0.9854,0.0222
3,4,2,2,0.4204,0.5087,0.9193,0.3336,0.0580
3,4,2,3,0.6538,0.6626,0.9635,0.6040,0.0735
3,4,2,4,0.9225,0.9238,0.9878,0.9165,0.0512
3,4,2,5,0.7153,0.7063,0.9217,0.6771,0.0769
3,4,2,6,0.9784,0.9834,0.9992,0.9763,0.0190
3,4,2,7,0.7226,0.7212,0.9039,0.6873,0.0864
3,4,2,8,0.7506,0.7216,0.9059,0.7186,0.0708
3,4,2,9,0.5230,0.5377,0.9103,0.4492,0.0716
3,4,2,10,0.8430,0.8268,0.9299,0.8302,0.0779
3,4,2,11,0.9857,0.9850,0.9961,0.9861,0.0308
3,4,3,0,0.9947,0.9936,1.0000,0.9942,0.0079
3,4,3,1,0.9069,0.8916,0.9103,0.8990,0.0555
3,4,3,2,0.3991,0.5108,0.9374,0.3075,0.0601
3,4,3,3,0.9562,0.9620,0.9918,0.9520,0.0304
3,4,3,4,1.0000,1.0000,1.0000,1.0000,0.0000
3,4,3,5,0.9461,0.9463,0.9767,0.9430,0.0457
3,4,3,6,0.5763,0.5770,0.9031,0.5104,0.0799
3,4,3,7,0.5923,0.5803,0.9589,0.5332,0.0627
3,4,3,8,0.7652,0.7249,0.8553,0.7360,0.0742
3,4,3,9,0.5639,0.6911,0.9180,0.5064,0.0376
3,4,3,10,0.9610,0.9455,0.9978,0.9587,0.0373
3,4,3,11,0.6950,0.7180,0.9743,0.6530,0.0628
3,4,4,0,0.6429,0.6208,0.9033,0.5967,0.0349
3,4,4,1,0.9008,0.8841,0.9245,0.8919,0.0558
3,4,4,2,0.9910,0.9912,0.9979,0.9906,0.0185
3,4,4,3,0.7243,0.7583,0.9740,0.6871,0.0632
3,4,4,4,0.9710,0.9650,0.9920,0.9689,0.0293
3,4,4,5,0.7146,0.7398,0.9734,0.6762,0.0544
3,4,4,6,0.9119,0.9044,0.9590,0.9050,0.0539
3,4,4,7,0.5068,0.4972,0.9605,0.4364,0.0506
3,4,4,8,0.9914,0.9932,1.0000,0.9906,0.0119
3,4,4,9,0.8778,0.8540,0.8494,0.8671,0.0631
3,4,4,10,0.9988,0.9991,0.9999,0.9987,0.0014
3,4,4,11,0.1972,0.3332,1.0000,0.1128,0.0046
3,4,5,0,0.9822,0.9671,0.9999,0.9803,0.0119
3,4,5,1,0.9989,0.9988,0.9999,0.9989,0.0041
3,4,5,2,0.7785,0.7544,0.8845,0.7510,0.0668
3,4,5,3,0.8244,0.7779,0.8185,0.8074,0.0758
3,4,5,4,0.7432,0.6967,0.9051,0.7092,0.0593
3,4,5,5,0.9976,0.9969,0.9999,0.9974,0.0034
3,4,5,6,0.9287,0.9164,0.9998,0.9208,0.0311
3,4,5,7,0.9109,0.9207,0.9713,0.9010,0.0311
3,4,5,8,0.9780,0.9703,0.9994,0.9760,0.0202
3,4,5,9,0.9993,0.9995,0.9999,0.9992,0.0020
3,4,5,10,0.9724,0.9665,0.9961,0.9702,0.0262
3,4,5,11,0.9813,0.9797,0.9984,0.9798,0.0216
3,4,6,0,0.6864,0.6752,0.8621,0.6426,0.0735
3,4,6,1,0.9559,0.9593,0.9992,0.9509,0.0084
3,4,6,2,0.9962,0.9954,0.9974,0.9962,0.0125
3,4,6,3,0.9599,0.9651,0.9992,0.9557,0.0232
3,4,6,4,0.9339,0.9301,0.9960,0.9292,0.0480
3,4,6,5,0.9703,0.9688,0.9948,0.9688,0.0333
3,4,6,6,0.9983,0.9975,0.9997,0.9982,0.0062
3,4,6,7,0.9009,0.9085,0.9951,0.8910,0.0475
3,4,6,8,0.9200,0.9130,0.9860,0.9127,0.0479
3,4,6,9,0.9990,0.9988,1.0000,0.9990,0.0034
3,4,6,10,0.9993,0.9993,1.0000,0.9992,0.0010
3,4,6,11,0.7881,0.7601,0.8432,0.7628,0.0694
3,4,7,0,0.6754,0.7194,0.9744,0.6318,0.0493
3,4,7,1,0.9867,0.9890,0.9998,0.9854,0.0147
3,4,7,2,0.9988,0.9985,1.0000,0.9987,0.0029
3,4,7,3,0.9415,0.9285,0.9920,0.9370,0.0438
3,4,7,4,0.9226,0.9027,0.9959,0.9143,0.0365
3,4,7,5,0.9842,0.9848,0.9898,0.9841,0.0282
3,4,7,6,0.9942,0.9963,0.9999,0.9938,0.0104
3,4,7,7,0.9948,0.9946,0.9999,0.9942,0.0066
3,4,7,8,0.9293,0.9175,0.9804,0.9228,0.0425
3,4,7,9,0.8805,0.8391,0.9068,0.8673,0.0462
3,4,7,10,0.9990,0.9988,0.9999,0.9990,0.0021
3,4,7,11,0.9989,0.9983,1.0000,0.9988,0.0021
3,4,8,0,0.9912,0.9902,0.9910,0.9910,0.0188
3,4,8,1,0.9958,0.9962,0.9998,0.9953,0.0038
3,4,8,2,0.9889,0.9903,0.9966,0.9886,0.0219
3,4,8,3,0.9926,0.9944,0.9996,0.9919,0.0088
3,4,8,4,0.7824,0.8416,0.9126,0.7546,0.0519
3,4,8,5,0.8576,0.8150,0.9577,0.8420,0.0572
3,4,8,6,0.9946,0.9965,1.0000,0.9940,0.0043
3,4,8,7,0.7284,0.7479,0.9550,0.6926,0.0495
3,4,8,8,0.9581,0.9550,0.9908,0.9560,0.0407
3,4,8,9,0.9729,0.9785,0.9987,0.9708,0.0264
3,4,8,10,0.9869,0.9822,0.9935,0.9868,0.0256
3,4,8,11,0.9980,0.9984,1.0000,0.9979,0.0049
3,4,9,0,0.9692,0.9726,0.9999,0.9660,0.0195
3,4,9,1,0.9942,0.9954,0.9993,0.9936,0.0050
3,4,9,2,0.9888,0.9910,0.9995,0.9877,0.0109
3,4,9,3,0.7285,0.6923,0.8713,0.6925,0.0715
3,4,9,4,0.9949,0.9966,0.9999,0.9944,0.0047
3,4,9,5,0.9934,0.9931,0.9996,0.9930,0.0147
3,4,9,6,0.9992,0.9992,1.0000,0.9991,0.0028
3,4,9,7,0.9629,0.9687,0.9985,0.9598,0.0306
3,4,9,8,0.9987,0.9989,1.0000,0.9985,0.0020
3,4,9,9,0.9990,0.9991,1.0000,0.9989,0.0024
3,4,9,10,0.8161,0.7938,0.9517,0.7941,0.0582
3,4,9,11,0.9994,0.9994,1.0000,0.9993,0.0025
3,4,10,0,0.9980,0.9987,1.0000,0.9978,0.0026
3,4,10,1,0.9980,0.9986,1.0000,0.9978,0.0020
3,4,10,2,0.9984,0.9984,0.9997,0.9982,0.0034
3,4,10,3,0.9941,0.9916,0.9937,0.9938,0.0139
3,4,10,4,0.9682,0.9675,0.9932,0.9655,0.0279
3,4,10,5,0.8718,0.8394,0.9812,0.8568,0.0420
3,4,10,6,0.9958,0.9974,1.0000,0.9955,0.0070
3,4,10,7,0.9954,0.9952,0.9990,0.9952,0.0117
3,4,10,8,0.9992,0.9992,1.0000,0.9991,0.0024
3,4,10,9,0.8755,0.8399,0.9814,0.8625,0.0521
3,4,10,10,0.9991,0.9992,1.0000,0.9990,0.0022
3,4,10,11,0.8328,0.8420,0.9842,0.8125,0.0291
3,4,11,0,0.5695,0.5809,0.7137,0.5000,0.0973
3,4,11,1,0.9883,0.9900,0.9926,0.9881,0.0230
3,4,11,2,0.9988,0.9986,0.9986,0.9986,0.0028
3,4,11,3,0.8741,0.8806,0.9104,0.8648,0.0664
3,4,11,4,0.9890,0.9866,0.9760,0.9898,0.0283
3,4,11,5,0.9781,0.9809,0.9976,0.9756,0.0092
3,4,11,6,0.9990,0.9992,0.9999,0.9989,0.0016
3,4,11,7,0.9893,0.9879,0.9943,0.9887,0.0180
3,4,11,8,0.1533,0.4881,0.9420,0.0148,0.0699
3,4,11,9,0.9983,0.9985,0.9998,0.9981,0.0024
3,4,11,10,0.9324,0.9212,0.9235,0.9292,0.0531
3,4,11,11,0.9576,0.9480,0.9822,0.9558,0.0422
3,5,0,0,0.9374,0.9514,0.9857,0.9260,0.0287
3,5,0,1,0.1739,0.2527,0.9997,0.0568,0.0471
3,5,0,2,0.9320,0.9292,0.9226,0.9216,0.0375
3,5,0,3,0.2900,0.2837,0.9948,0.1809,0.0378
3,5,0,4,0.5228,0.5051,0.9960,0.4319,0.0148
3,5,0,5,0.2283,0.2501,0.9992,0.1147,0.0408
3,5,0,6,0.8944,0.8915,0.9936,0.8733,0.0384
3,5,0,7,0.7705,0.7662,0.9438,0.7180,0.0436
3,5,0,8,0.7148,0.7073,0.9796,0.6477,0.0397
3,5,0,9,0.8968,0.8811,0.8581,0.8805,0.0475
3,5,0,10,0.8340,0.8054,0.9093,0.7991,0.0468
3,5,0,11,0.9171,0.8999,0.9390,0.9043,0.0400
3,5,1,0,0.8330,0.8429,0.9939,0.7968,0.0354
3,5,1,1,0.9195,0.9223,0.9991,0.9032,0.0216
3,5,1,2,0.9264,0.9258,0.9977,0.9123,0.0317
3,5,1,3,0.9386,0.9070,0.9535,0.9274,0.0258
3,5,1,4,0.9824,0.9807,0.9987,0.9797,0.0161
3,5,1,5,0.9568,0.9735,0.9996,0.9483,0.0118
3,5,1,6,0.9224,0.9387,0.9996,0.9067,0.0197
3,5,1,7,0.9801,0.9799,0.9999,0.9766,0.0140
3,5,1,8,0.9747,0.9834,0.9894,0.9703,0.0147
3,5,1,9,0.9758,0.9878,0.9999,0.9711,0.0118
3,5,1,10,0.3098,0.6443,0.9505,0.1371,0.0459
3,5,1,11,0.3781,0.3420,0.9996,0.2759,0.0325
3,5,2,0,0.8985,0.9064,0.9815,0.8780,0.0340
3,5,2,1,0.9708,0.9703,0.9871,0.9673,0.0237
3,5,2,2,0.5430,0.6451,0.9823,0.4490,0.0254
3,5,2,3,0.7645,0.7895,0.9985,0.7132,0.0299
3,5,2,4,0.9455,0.9560,0.9982,0.9348,0.0173
3,5,2,5,0.8258,0.8330,0.9835,0.7880,0.0341
3,5,2,6,0.9670,0.9696,0.9845,0.9636,0.0295
3,5,2,7,0.8458,0.8374,0.9746,0.8129,0.0408
3,5,2,8,0.8593,0.8478,0.9757,0.8294,0.0273
3,5,2,9,0.6744,0.6885,0.9779,0.6026,0.0299
3,5,2,10,0.9394,0.9269,0.9872,0.9288,0.0323
3,5,2,11,0.9752,0.9737,0.9918,0.9713,0.0156
3,5,3,0,0.9479,0.9502,0.9751,0.9437,0.0378
3,5,3,1,0.9500,0.9615,0.9779,0.9400,0.0224
3,5,3,2,0.5183,0.6468,0.9903,0.4176,0.0205
3,5,3,3,0.9226,0.9321,0.9961,0.9102,0.0257
3,5,3,4,0.9461,0.9463,0.9767,0.9430,0.0457
3,5,3,5,1.0000,1.0000,1.0000,1.0000,0.0000
3,5,3,6,0.7157,0.7338,0.9742,0.6505,0.0353
3,5,3,7,0.7077,0.6928,0.9975,0.6468,0.0270
3,5,3,8,0.8370,0.8309,0.9466,0.8020,0.0380
3,5,3,9,0.6953,0.8046,0.9817,0.6411,0.0211
3,5,3,10,0.9685,0.9579,0.9887,0.9630,0.0155
3,5,3,11,0.7941,0.8283,0.9999,0.7515,0.0258
3,5,4,0,0.7070,0.7323,0.9743,0.6557,0.0236
3,5,4,1,0.9176,0.9494,0.9848,0.9011,0.0198
3,5,4,2,0.9697,0.9698,0.9885,0.9665,0.0272
3,5,4,3,0.8393,0.8649,0.9999,0.8060,0.0218
3,5,4,4,0.9769,0.9749,0.9959,0.9737,0.0180
3,5,4,5,0.7839,0.8374,0.9999,0.7408,0.0230
3,5,4,6,0.9725,0.9772,0.9975,0.9671,0.0098
3,5,4,7,0.6319,0.6045,0.9978,0.5594,0.0236
3,5,4,8,0.9710,0.9655,0.9784,0.9694,0.0337
3,5,4,9,0.9444,0.9358,0.9429,0.9334,0.0219
3,5,4,10,0.9497,0.9491,0.9796,0.9470,0.0442
3,5,4,11,0.2970,0.4504,0.9755,0.2010,0.0502
3,5,5,0,0.9417,0.9578,0.9737,0.9360,0.0366
3,5,5,1,0.9368,0.9375,0.9743,0.9340,0.0497
3,5,5,2,0.8721,0.8688,0.9640,0.8453,0.0293
3,5,5,3,0.9111,0.9093,0.9227,0.8934,0.0302
3,5,5,4,0.8250,0.8038,0.9753,0.7888,0.0215
3,5,5,5,0.9483,0.9494,0.9800,0.9449,0.0425
3,5,5,6,0.9128,0.9119,0.9806,0.8990,0.0303
3,5,5,7,0.9124,0.9293,0.9997,0.8976,0.0258
3,5,5,8,0.9522,0.9680,0.9834,0.9464,0.0299
3,5,5,9,0.9506,0.9477,0.9789,0.9476,0.0439
3,5,5,10,0.9688,0.9709,0.9918,0.9646,0.0226
3,5,5,11,0.9710,0.9674,0.9873,0.9677,0.0256
3,5,6,0,0.7986,0.8137,0.9508,0.7548,0.0341
3,5,6,1,0.9531,0.9494,0.9846,0.9495,0.0380
3,5,6,2,0.9644,0.9659,0.9897,0.9613,0.0335
3,5,6,3,0.9741,0.9733,0.9843,0.9717,0.0245
3,5,6,4,0.9464,0.9540,0.9920,0.9359,0.0142
3,5,6,5,0.9829,0.9784,0.9935,0.9803,0.0129
3,5,6,6,0.9518,0.9521,0.9814,0.9482,0.0397
3,5,6,7,0.9666,0.9637,0.9931,0.9602,0.0102
3,5,6,8,0.9405,0.9530,0.9988,0.9291,0.0164
3,5,6,9,0.9360,0.9374,0.9765,0.9328,0.0491
3,5,6,10,0.9458,0.9444,0.9759,0.9428,0.0464
3,5,6,11,0.8397,0.8658,0.9389,0.8055,0.0295
3,5,7,0,0.6809,0.7614,0.9999,0.6204,0.0244
3,5,7,1,0.9637,0.9602,0.9812,0.9606,0.0328
3,5,7,2,0.9384,0.9425,0.9756,0.9352,0.0483
3,5,7,3,0.9569,0.9761,0.9960,0.9488,0.0097
3,5,7,4,0.9462,0.9712,0.9921,0.9371,0.0176
3,5,7,5,0.9701,0.9700,0.9973,0.9655,0.0182
3,5,7,6,0.9649,0.9601,0.9790,0.9624,0.0353
3,5,7,7,0.9581,0.9576,0.9789,0.9557,0.0396
3,5,7,8,0.9481,0.9671,0.9998,0.9385,0.0184
3,5,7,9,0.8930,0.9196,0.9762,0.8725,0.0173
3,5,7,10,0.9403,0.9402,0.9795,0.9371,0.0475
3,5,7,11,0.9413,0.9459,0.9779,0.9379,0.0467
3,5,8,0,0.9428,0.9504,0.9967,0.9351,0.0274
3,5,8,1,0.9529,0.9514,0.9807,0.9508,0.0437
3,5,8,2,0.9770,0.9740,0.9910,0.9745,0.0243
3,5,8,3,0.9596,0.9576,0.9825,0.9568,0.0374
3,5,8,4,0.7964,0.8935,0.9791,0.7567,0.0236
3,5,8,5,0.9094,0.9318,0.9972,0.8912,0.0165
3,5,8,6,0.9570,0.9527,0.9771,0.9551,0.0426
3,5,8,7,0.7276,0.7744,0.9964,0.6759,0.0243
3,5,8,8,0.9597,0.9717,0.9968,0.9522,0.0087
3,5,8,9,0.9769,0.9725,0.9865,0.9740,0.0198
3,5,8,10,0.9655,0.9704,0.9948,0.9604,0.0211
3,5,8,11,0.9504,0.9496,0.9784,0.9467,0.0408
3,5,9,0,0.9357,0.9447,0.9797,0.9274,0.0311
3,5,9,1,0.9557,0.9544,0.9840,0.9531,0.0409
3,5,9,2,0.9618,0.9579,0.9830,0.9590,0.0350
3,5,9,3,0.7643,0.7839,0.9564,0.7127,0.0306
3,5,9,4,0.9567,0.9534,0.9793,0.9545,0.0415
3,5,9,5,0.9506,0.9539,0.9824,0.9450,0.0315
3,5,9,6,0.9415,0.9401,0.9755,0.9387,0.0484
3,5,9,7,0.9802,0.9794,0.9869,0.9775,0.0193
3,5,9,8,0.9492,0.9464,0.9771,0.9462,0.0437
3,5,9,9,0.9439,0.9424,0.9771,0.9412,0.0480
3,5,9,10,0.8650,0.9002,0.9954,0.8375,0.0210
3,5,9,11,0.9421,0.9419,0.9774,0.9391,0.0481
3,5,10,0,0.9468,0.9447,0.9760,0.9433,0.0433
3,5,10,1,0.9488,0.9458,0.9764,0.9460,0.0447
3,5,10,2,0.9532,0.9538,0.9820,0.9504,0.0422
3,5,10,3,0.9538,0.9598,0.9945,0.9488,0.0325
3,5,10,4,0.9399,0.9490,0.9951,0.9306,0.0222
3,5,10,5,0.9035,0.9305,0.9998,0.8863,0.0189
3,5,10,6,0.9503,0.9478,0.9779,0.9462,0.0387
3,5,10,7,0.9575,0.9570,0.9852,0.9536,0.0345
3,5,10,8,0.9418,0.9409,0.9774,0.9387,0.0480
3,5,10,9,0.9079,0.9236,0.9997,0.8896,0.0138
3,5,10,10,0.9421,0.9404,0.9765,0.9392,0.0479
3,5,10,11,0.8069,0.8425,0.9993,0.7750,0.0260
3,5,11,0,0.6921,0.6896,0.8474,0.6161,0.0517
3,5,11,1,0.9687,0.9675,0.9955,0.9646,0.0237
3,5,11,2,0.9460,0.9453,0.9867,0.9422,0.0437
3,5,11,3,0.9026,0.9132,0.9780,0.8826,0.0231
3,5,11,4,0.9691,0.9686,1.0000,0.9642,0.0199
3,5,11,5,0.9601,0.9582,0.9891,0.9577,0.0399
3,5,11,6,0.9462,0.9441,0.9793,0.9431,0.0459
3,5,11,7,0.9672,0.9679,0.9940,0.9638,0.0282
3,5,11,8,0.2791,0.5970,0.9921,0.1212,0.0327
3,5,11,9,0.9528,0.9508,0.9812,0.9500,0.0436
3,5,11,10,0.9459,0.9512,0.9843,0.9351,0.0153
3,5,11,11,0.9538,0.9774,0.9996,0.9451,0.0118
3,6,0,0,0.8130,0.8541,0.9983,0.7583,0.0139
3,6,0,1,0.3338,0.4642,0.9681,0.2217,0.0800
3,6,0,2,0.8448,0.8510,0.9858,0.7959,0.0138
3,6,0,3,0.4710,0.5103,0.9921,0.3762,0.0678
3,6,0,4,0.6690,0.7206,0.9905,0.5937,0.0331
3,6,0,5,0.3812,0.4580,0.9825,0.2735,0.0740
3,6,0,6,0.8765,0.9150,0.9935,0.8392,0.0100
3,6,0,7,0.9166,0.9411,0.9940,0.8904,0.0096
3,6,0,8,0.7483,0.7443,0.9997,0.6685,0.0115
3,6,0,9,0.8608,0.8502,0.9518,0.8147,0.0174
3,6,0,10,0.8125,0.8155,0.9797,0.7504,0.0142
3,6,0,11,0.8405,0.8502,0.9924,0.7889,0.0131
3,6,1,0,0.8963,0.9352,0.9932,0.8660,0.0104
3,6,1,1,0.8478,0.8730,0.9830,0.8067,0.0147
3,6,1,2,0.8467,0.8625,0.9873,0.8021,0.0148
3,6,1,3,0.7440,0.7271,0.9969,0.6694,0.0275
3,6,1,4,0.7817,0.7882,0.9843,0.7240,0.0304
3,6,1,5,0.7460,0.7766,0.9671,0.6856,0.0300
3,6,1,6,0.7927,0.8464,0.9678,0.7383,0.0198
3,6,1,7,0.7836,0.7915,0.9765,0.7276,0.0268
3,6,1,8,0.7716,0.7815,0.9966,0.7112,0.0243
3,6,1,9,0.7175,0.7282,0.9713,0.6529,0.0350
3,6,1,10,0.5991,0.7519,0.9961,0.4722,0.0143
3,6,1,11,0.4980,0.5184,0.9799,0.4004,0.0600
3,6,2,0,0.8860,0.9090,0.9994,0.8523,0.0076
3,6,2,1,0.6502,0.6559,0.9256,0.5845,0.0577
3,6,2,2,0.8729,0.8955,0.9992,0.8425,0.0274
3,6,2,3,0.8920,0.9316,0.9851,0.8623,0.0106
3,6,2,4,0.7584,0.7822,0.9590,0.7018,0.0306
3,6,2,5,0.9090,0.9280,0.9990,0.8826,0.0080
3,6,2,6,0.6391,0.6408,0.9196,0.5741,0.0624
3,6,2,7,0.8923,0.9035,1.0000,0.8585,0.0100
3,6,2,8,0.8224,0.8785,1.0000,0.7726,0.0112
3,6,2,9,0.8799,0.9241,0.9999,0.8467,0.0104
3,6,2,10,0.8381,0.8678,0.9978,0.7902,0.0156
3,6,2,11,0.6825,0.6783,0.9374,0.6173,0.0493
3,6,3,0,0.5941,0.6056,0.8999,0.5273,0.0720
3,6,3,1,0.7332,0.7633,0.9999,0.6682,0.0299
3,6,3,2,0.8078,0.8959,0.9961,0.7591,0.0222
3,6,3,3,0.6485,0.6670,0.9506,0.5796,0.0542
3,6,3,4,0.5763,0.5770,0.9031,0.5104,0.0799
3,6,3,5,0.7157,0.7338,0.9742,0.6505,0.0353
3,6,3,6,1.0000,1.0000,1.0000,1.0000,0.0000
3,6,3,7,0.8242,0.9021,0.9878,0.7800,0.0203
3,6,3,8,0.8281,0.8654,0.9949,0.7796,0.0190
3,6,3,9,0.6235,0.7463,0.9993,0.5445,0.0449
3,6,3,10,0.7108,0.7293,0.9294,0.6496,0.0434
3,6,3,11,0.8529,0.9150,0.9766,0.8163,0.0194
3,6,4,0,0.6033,0.7795,1.0000,0.5211,0.0468
3,6,4,1,0.7408,0.7722,0.9986,0.6778,0.0278
3,6,4,2,0.6385,0.6401,0.9289,0.5721,0.0614
3,6,4,3,0.8003,0.8330,0.9769,0.7493,0.0185
3,6,4,4,0.6538,0.6781,0.9500,0.5853,0.0506
3,6,4,5,0.8021,0.8597,0.9774,0.7554,0.0312
3,6,4,6,0.7698,0.7955,0.9878,0.7138,0.0296
3,6,4,7,0.7361,0.7514,0.9869,0.6741,0.0332
3,6,4,8,0.6183,0.6215,0.9066,0.5529,0.0680
3,6,4,9,0.7533,0.7654,0.9937,0.6884,0.0213
3,6,4,10,0.5768,0.5812,0.9090,0.5105,0.0784
3,6,4,11,0.6740,0.7451,0.9007,0.6326,0.0845
3,6,5,0,0.6071,0.6348,0.8973,0.5419,0.0695
3,6,5,1,0.5566,0.5617,0.8984,0.4917,0.0840
3,6,5,2,0.7654,0.8091,0.9991,0.7022,0.0213
3,6,5,3,0.7824,0.8197,0.9859,0.7187,0.0098
3,6,5,4,0.7452,0.8242,1.0000,0.6799,0.0253
3,6,5,5,0.5818,0.5931,0.9099,0.5153,0.0767
3,6,5,6,0.7221,0.7376,0.9111,0.6708,0.0556
3,6,5,7,0.6369,0.6959,0.9793,0.5632,0.0519
3,6,5,8,0.6426,0.6798,0.9171,0.5783,0.0605
3,6,5,9,0.5837,0.5813,0.9075,0.5177,0.0782
3,6,5,10,0.6528,0.6723,0.9375,0.5857,0.0537
3,6,5,11,0.6414,0.6454,0.9261,0.5746,0.0582
3,6,6,0,0.8196,0.8731,0.9962,0.7687,0.0156
3,6,6,1,0.6050,0.5991,0.9197,0.5400,0.0715
3,6,6,2,0.6137,0.6165,0.9319,0.5459,0.0674
3,6,6,3,0.6424,0.6517,0.9191,0.5774,0.0577
3,6,6,4,0.7415,0.7656,0.9380,0.6818,0.0345
3,6,6,5,0.6894,0.6980,0.9422,0.6253,0.0471
3,6,6,6,0.5916,0.5962,0.9128,0.5244,0.0737
3,6,6,7,0.7384,0.7685,0.9412,0.6787,0.0324
3,6,6,8,0.7547,0.7779,0.9620,0.6997,0.0354
3,6,6,9,0.5562,0.5614,0.9028,0.4903,0.0833
3,6,6,10,0.5756,0.5751,0.9015,0.5099,0.0807
3,6,6,11,0.7713,0.8226,0.9924,0.7079,0.0171
3,6,7,0,0.7724,0.8279,0.9765,0.7228,0.0376
3,6,7,1,0.6158,0.6255,0.9123,0.5486,0.0652
3,6,7,2,0.5637,0.5702,0.9010,0.4985,0.0825
3,6,7,3,0.7251,0.7601,0.9501,0.6646,0.0371
3,6,7,4,0.6905,0.7342,0.9383,0.6278,0.0439
3,6,7,5,0.6661,0.6670,0.9552,0.5991,0.0517
3,6,7,6,0.6085,0.6079,0.9078,0.5417,0.0695
3,6,7,7,0.5952,0.5974,0.9075,0.5297,0.0739
3,6,7,8,0.7067,0.7381,0.9701,0.6425,0.0421
3,6,7,9,0.6871,0.7123,1.0000,0.6162,0.0363
3,6,7,10,0.5610,0.5660,0.9088,0.4944,0.0817
3,6,7,11,0.5695,0.5780,0.9055,0.5033,0.0809
3,6,8,0,0.6196,0.6159,0.9526,0.5491,0.0611
3,6,8,1,0.5794,0.5817,0.9113,0.5142,0.0779
3,6,8,2,0.6388,0.6438,0.9353,0.5702,0.0580
3,6,8,3,0.5963,0.6003,0.9152,0.5288,0.0711
3,6,8,4,0.6937,0.7759,0.9997,0.6224,0.0363
3,6,8,5,0.7470,0.7794,0.9885,0.6852,0.0232
3,6,8,6,0.5847,0.5859,0.9039,0.5190,0.0769
3,6,8,7,0.6787,0.7800,0.9898,0.6062,0.0349
3,6,8,8,0.7083,0.7428,0.9530,0.6441,0.0392
3,6,8,9,0.6593,0.6553,0.9242,0.5938,0.0535
3,6,8,10,0.6546,0.6584,0.9461,0.5866,0.0543
3,6,8,11,0.5915,0.5937,0.9066,0.5250,0.0750
3,6,9,0,0.6228,0.6468,0.9093,0.5551,0.0622
3,6,9,1,0.5905,0.5906,0.9184,0.5246,0.0749
3,6,9,2,0.6063,0.6032,0.9163,0.5397,0.0690
3,6,9,3,0.7867,0.8256,0.9976,0.7265,0.0150
3,6,9,4,0.5832,0.5902,0.9085,0.5165,0.0757
3,6,9,5,0.6210,0.6264,0.9151,0.5539,0.0652
3,6,9,6,0.5655,0.5669,0.9008,0.5003,0.0826
3,6,9,7,0.6797,0.6813,0.9251,0.6166,0.0501
3,6,9,8,0.5823,0.5846,0.9039,0.5164,0.0779
3,6,9,9,0.5679,0.5695,0.9039,0.5025,0.0823
3,6,9,10,0.7668,0.8376,0.9913,0.7087,0.0219
3,6,9,11,0.5673,0.5689,0.9046,0.5019,0.0824
3,6,10,0,0.5827,0.5832,0.9017,0.5166,0.0775
3,6,10,1,0.5777,0.5746,0.9025,0.5118,0.0790
3,6,10,2,0.5881,0.5904,0.9140,0.5222,0.0765
3,6,10,3,0.6050,0.6072,0.9454,0.5347,0.0662
3,6,10,4,0.6349,0.6726,0.9470,0.5633,0.0522
3,6,10,5,0.6910,0.7341,0.9690,0.6261,0.0387
3,6,10,6,0.5973,0.5960,0.9056,0.5308,0.0729
3,6,10,7,0.6042,0.6145,0.9212,0.5354,0.0682
3,6,10,8,0.5675,0.5676,0.9044,0.5019,0.0823
3,6,10,9,0.7602,0.8055,0.9687,0.7028,0.0289
3,6,10,10,0.5669,0.5664,0.9027,0.5012,0.0821
3,6,10,11,0.6379,0.6969,0.9649,0.5678,0.0539
3,6,11,0,0.7527,0.7246,0.9453,0.6677,0.0174
3,6,11,1,0.6446,0.6359,0.9486,0.5761,0.0572
3,6,11,2,0.5772,0.5751,0.9246,0.5094,0.0774
3,6,11,3,0.7669,0.7739,0.9999,0.7017,0.0172
3,6,11,4,0.6526,0.6451,0.9749,0.5813,0.0523
3,6,11,5,0.5967,0.5962,0.9304,0.5306,0.0723
3,6,11,6,0.5745,0.5720,0.9084,0.5083,0.0802
3,6,11,7,0.6191,0.6286,0.9438,0.5492,0.0619
3,6,11,8,0.5151,0.6995,0.9948,0.3825,0.0160
3,6,11,9,0.5840,0.5839,0.9124,0.5176,0.0775
3,6,11,10,0.7238,0.7456,0.9987,0.6550,0.0312
3,6,11,11,0.7151,0.7476,0.9677,0.6514,0.0392
3,7,0,0,0.7465,0.7967,0.9952,0.6832,0.0222
3,7,0,1,0.2381,0.5422,0.9953,0.1225,0.0626
3,7,0,2,0.7904,0.7844,0.9478,0.7360,0.0302
3,7,0,3,0.3729,0.5936,0.9995,0.2702,0.0491
3,7,0,4,0.5775,0.7584,0.9998,0.4908,0.0182
3,7,0,5,0.2830,0.5415,0.9995,0.1700,0.0568
3,7,0,6,0.8135,0.8523,0.9991,0.7664,0.0248
3,7,0,7,0.8349,0.8739,0.9649,0.7929,0.0273
3,7,0,8,0.6636,0.6837,0.9914,0.5738,0.0269
3,7,0,9,0.7848,0.7748,0.8925,0.7275,0.0367
3,7,0,10,0.7111,0.7913,0.9367,0.6318,0.0306
3,7,0,11,0.7890,0.8103,0.9611,0.7336,0.0324
3,7,1,0,0.8257,0.8731,0.9992,0.7826,0.0218
3,7,1,1,0.7816,0.8098,0.9996,0.7297,0.0143
3,7,1,2,0.7880,0.8122,1.0000,0.7354,0.0260
3,7,1,3,0.7250,0.7146,0.9726,0.6564,0.0293
3,7,1,4,0.7508,0.7520,0.9998,0.6927,0.0266
3,7,1,5,0.6968,0.7446,0.9949,0.6317,0.0168
3,7,1,6,0.7244,0.7882,0.9952,0.6605,0.0131
3,7,1,7,0.7447,0.7422,0.9981,0.6862,0.0224
3,7,1,8,0.7274,0.7334,0.9973,0.6639,0.0192
3,7,1,9,0.6841,0.6935,0.9965,0.6185,0.0226
3,7,1,10,0.5293,0.7219,0.9702,0.4021,0.0336
3,7,1,11,0.3967,0.6031,0.9990,0.2903,0.0409
3,7,2,0,0.8151,0.8432,0.9926,0.7690,0.0195
3,7,2,1,0.6598,0.6434,0.9732,0.6007,0.0421
3,7,2,2,0.8146,0.8680,0.9932,0.7732,0.0110
3,7,2,3,0.7709,0.8365,0.9999,0.7156,0.0134
3,7,2,4,0.7412,0.7603,0.9914,0.6860,0.0126
3,7,2,5,0.8436,0.8701,0.9939,0.8051,0.0171
3,7,2,6,0.6384,0.6284,0.9695,0.5778,0.0439
3,7,2,7,0.8092,0.8677,0.9881,0.7601,0.0277
3,7,2,8,0.8389,0.8389,0.9888,0.8000,0.0136
3,7,2,9,0.8701,0.8926,0.9903,0.8389,0.0115
3,7,2,10,0.8076,0.8332,0.9960,0.7595,0.0262
3,7,2,11,0.6832,0.6714,0.9802,0.6233,0.0371
3,7,3,0,0.6041,0.6202,0.9568,0.5434,0.0548
3,7,3,1,0.6968,0.7086,0.9903,0.6306,0.0109
3,7,3,2,0.7257,0.8361,0.9977,0.6634,0.0102
3,7,3,3,0.7386,0.6968,0.9873,0.6922,0.0354
3,7,3,4,0.5923,0.5803,0.9589,0.5332,0.0627
3,7,3,5,0.7077,0.6928,0.9975,0.6468,0.0270
3,7,3,6,0.8242,0.9021,0.9878,0.7800,0.0203
3,7,3,7,1.0000,1.0000,1.0000,1.0000,0.0000
3,7,3,8,0.7677,0.7973,0.9672,0.7110,0.0139
3,7,3,9,0.5695,0.6834,0.9928,0.4872,0.0256
3,7,3,10,0.7024,0.7502,0.9755,0.6444,0.0254
3,7,3,11,0.7948,0.8571,0.9982,0.7484,0.0064
3,7,4,0,0.7246,0.7027,0.9879,0.6736,0.0283
3,7,4,1,0.7002,0.7118,0.9946,0.6348,0.0117
3,7,4,2,0.6398,0.6363,0.9752,0.5783,0.0455
3,7,4,3,0.7737,0.7765,0.9982,0.7221,0.0105
3,7,4,4,0.6599,0.6668,0.9870,0.5979,0.0335
3,7,4,5,0.7558,0.8386,0.9984,0.7031,0.0125
3,7,4,6,0.7411,0.7495,1.0000,0.6843,0.0251
3,7,4,7,0.6833,0.7835,1.0000,0.6160,0.0163
3,7,4,8,0.6317,0.6195,0.9612,0.5728,0.0508
3,7,4,9,0.7222,0.7172,0.9642,0.6578,0.0101
3,7,4,10,0.5962,0.5836,0.9627,0.5373,0.0613
3,7,4,11,0.7850,0.8319,0.9573,0.7611,0.0673
3,7,5,0,0.6146,0.6318,0.9550,0.5548,0.0510
3,7,5,1,0.5788,0.5709,0.9558,0.5213,0.0668
3,7,5,2,0.7434,0.7475,0.9805,0.6829,0.0093
3,7,5,3,0.7601,0.7385,0.9478,0.7002,0.0176
3,7,5,4,0.8269,0.8258,0.9885,0.7875,0.0144
3,7,5,5,0.6006,0.6044,0.9633,0.5415,0.0596
3,7,5,6,0.7284,0.7850,0.9641,0.6807,0.0366
3,7,5,7,0.7385,0.7009,0.9989,0.6906,0.0332
3,7,5,8,0.6337,0.6784,0.9680,0.5720,0.0425
3,7,5,9,0.6014,0.5835,0.9618,0.5424,0.0610
3,7,5,10,0.6577,0.6685,0.9802,0.5966,0.0365
3,7,5,11,0.6496,0.6430,0.9735,0.5891,0.0411
3,7,6,0,0.7950,0.7858,0.9705,0.7451,0.0142
3,7,6,1,0.6042,0.5819,0.9696,0.5432,0.0543
3,7,6,2,0.6209,0.6107,0.9770,0.5591,0.0502
3,7,6,3,0.6341,0.6250,0.9692,0.5720,0.0411
3,7,6,4,0.7139,0.7413,0.9805,0.6538,0.0176
3,7,6,5,0.6891,0.6900,0.9828,0.6300,0.0338
3,7,6,6,0.6060,0.6025,0.9652,0.5457,0.0565
3,7,6,7,0.7708,0.7554,0.9823,0.7232,0.0192
3,7,6,8,0.7589,0.7830,0.9928,0.7093,0.0185
3,7,6,9,0.5774,0.5683,0.9587,0.5190,0.0661
3,7,6,10,0.5934,0.5789,0.9579,0.5348,0.0635
3,7,6,11,0.7419,0.7701,0.9611,0.6798,0.0101
3,7,7,0,0.8468,0.8583,0.9981,0.8161,0.0173
3,7,7,1,0.6279,0.6274,0.9649,0.5675,0.0480
3,7,7,2,0.5810,0.5776,0.9575,0.5225,0.0653
3,7,7,3,0.7252,0.7471,0.9871,0.6698,0.0260
3,7,7,4,0.6716,0.6959,0.9807,0.6099,0.0283
3,7,7,5,0.6694,0.6556,0.9896,0.6083,0.0363
3,7,7,6,0.6206,0.6054,0.9620,0.5604,0.0523
3,7,7,7,0.6071,0.5982,0.9618,0.5476,0.0567
3,7,7,8,0.7155,0.7009,0.9960,0.6586,0.0228
3,7,7,9,0.6475,0.6482,0.9892,0.5751,0.0181
3,7,7,10,0.5805,0.5730,0.9627,0.5213,0.0645
3,7,7,11,0.5856,0.5851,0.9605,0.5262,0.0638
3,7,8,0,0.6170,0.6129,0.9883,0.5514,0.0439
3,7,8,1,0.5911,0.5814,0.9643,0.5318,0.0607
3,7,8,2,0.6443,0.6326,0.9790,0.5820,0.0434
3,7,8,3,0.6064,0.5986,0.9668,0.5452,0.0539
3,7,8,4,0.6804,0.7429,0.9911,0.6134,0.0171
3,7,8,5,0.7105,0.7114,1.0000,0.6470,0.0147
3,7,8,6,0.6010,0.5839,0.9595,0.5422,0.0597
3,7,8,7,0.8245,0.8107,0.9999,0.7891,0.0151
3,7,8,8,0.7037,0.7255,0.9885,0.6441,0.0265
3,7,8,9,0.6607,0.6441,0.9723,0.6003,0.0376
3,7,8,10,0.6520,0.6578,0.9850,0.5888,0.0390
3,7,8,11,0.6101,0.5965,0.9612,0.5510,0.0579
3,7,9,0,0.6749,0.6556,0.9630,0.6213,0.0437
3,7,9,1,0.5980,0.5897,0.9688,0.5374,0.0577
3,7,9,2,0.6216,0.5999,0.9674,0.5620,0.0518
3,7,9,3,0.8289,0.8105,0.9747,0.7875,0.0117
3,7,9,4,0.6075,0.5923,0.9624,0.5492,0.0585
3,7,9,5,0.6359,0.6367,0.9667,0.5761,0.0480
3,7,9,6,0.5849,0.5717,0.9574,0.5267,0.0655
3,7,9,7,0.6555,0.6563,0.9729,0.5923,0.0337
3,7,9,8,0.5971,0.5878,0.9595,0.5379,0.0607
3,7,9,9,0.5867,0.5738,0.9594,0.5284,0.0651
3,7,9,10,0.7391,0.7719,0.9997,0.6809,0.0084
3,7,9,11,0.5866,0.5733,0.9599,0.5282,0.0652
3,7,10,0,0.6019,0.5877,0.9580,0.5431,0.0603
3,7,10,1,0.5953,0.5781,0.9585,0.5363,0.0618
3,7,10,2,0.6029,0.5886,0.9660,0.5436,0.0593
3,7,10,3,0.6119,0.6041,0.9846,0.5480,0.0491
3,7,10,4,0.6759,0.6760,0.9854,0.6179,0.0348
3,7,10,5,0.6353,0.6742,0.9956,0.5647,0.0215
3,7,10,6,0.6122,0.5976,0.9605,0.5526,0.0558
3,7,10,7,0.6272,0.6223,0.9705,0.5672,0.0510
3,7,10,8,0.5862,0.5720,0.9598,0.5276,0.0651
3,7,10,9,0.7224,0.7929,0.9955,0.6623,0.0156
3,7,10,10,0.5874,0.5714,0.9586,0.5291,0.0649
3,7,10,11,0.7616,0.7374,0.9940,0.7203,0.0349
3,7,11,0,0.6414,0.6810,0.8831,0.5384,0.0373
3,7,11,1,0.6393,0.6242,0.9863,0.5751,0.0413
3,7,11,2,0.5932,0.5774,0.9726,0.5326,0.0602
3,7,11,3,0.7693,0.7628,0.9904,0.7134,0.0121
3,7,11,4,0.6493,0.6312,0.9977,0.5834,0.0386
3,7,11,5,0.5979,0.5852,0.9761,0.5361,0.0538
3,7,11,6,0.5923,0.5750,0.9624,0.5332,0.0630
3,7,11,7,0.6250,0.6237,0.9837,0.5615,0.0447
3,7,11,8,0.4792,0.6974,0.9985,0.3555,0.0085
3,7,11,9,0.6013,0.5852,0.9650,0.5420,0.0603
3,7,11,10,0.7270,0.7334,0.9944,0.6664,0.0182
3,7,11,11,0.7224,0.7229,0.9951,0.6659,0.0236
3,8,0,0,0.8713,0.8966,0.9874,0.8360,0.0272
3,8,0,1,0.2891,0.4095,0.9379,0.1742,0.0741
3,8,0,2,0.9092,0.9148,0.9977,0.8834,0.0294
3,8,0,3,0.4100,0.4509,0.9745,0.3072,0.0596
3,8,0,4,0.5899,0.6475,0.9716,0.4998,0.0303
3,8,0,5,0.3344,0.4111,0.9587,0.2228,0.0683
3,8,0,6,0.8427,0.8818,0.9770,0.7984,0.0266
3,8,0,7,0.8918,0.9124,1.0000,0.8608,0.0228
3,8,0,8,0.7492,0.8082,0.9921,0.6754,0.0274
3,8,0,9,0.8992,0.9114,0.9779,0.8706,0.0331
3,8,0,10,0.8400,0.8530,0.9949,0.7922,0.0248
3,8,0,11,0.8959,0.9021,0.9997,0.8660,0.0298
3,8,1,0,0.8722,0.8949,0.9764,0.8371,0.0234
3,8,1,1,0.9102,0.9000,0.9595,0.8870,0.0232
3,8,1,2,0.8813,0.8818,0.9663,0.8489,0.0312
3,8,1,3,0.8638,0.8441,0.9998,0.8265,0.0295
3,8,1,4,0.8778,0.8646,0.9615,0.8471,0.0369
3,8,1,5,0.8813,0.8667,0.9365,0.8550,0.0268
3,8,1,6,0.8339,0.8591,0.9375,0.7923,0.0202
3,8,1,7,0.8729,0.8593,0.9498,0.8417,0.0332
3,8,1,8,0.8832,0.8833,0.9833,0.8538,0.0275
3,8,1,9,0.8414,0.8382,0.9425,0.8075,0.0325
3,8,1,10,0.5230,0.7250,0.9999,0.3815,0.0307
3,8,1,11,0.4492,0.4720,0.9548,0.3459,0.0512
3,8,2,0,0.9125,0.9222,0.9908,0.8883,0.0209
3,8,2,1,0.8080,0.7887,0.8828,0.7764,0.0529
3,8,2,2,0.8273,0.8440,0.9902,0.7863,0.0165
3,8,2,3,0.8227,0.8693,0.9628,0.7760,0.0173
3,8,2,4,0.8536,0.8514,0.9256,0.8212,0.0241
3,8,2,5,0.9341,0.9234,0.9893,0.9161,0.0165
3,8,2,6,0.8212,0.7754,0.8754,0.7943,0.0552
3,8,2,7,0.8525,0.8579,0.9947,0.8099,0.0266
3,8,2,8,0.9072,0.9225,0.9942,0.8825,0.0163
3,8,2,9,0.7613,0.8116,0.9931,0.6982,0.0147
3,8,2,10,0.8908,0.8916,0.9859,0.8606,0.0312
3,8,2,11,0.8327,0.8033,0.8976,0.8017,0.0474
3,8,3,0,0.7722,0.7438,0.8514,0.7411,0.0664
3,8,3,1,0.8975,0.8853,0.9931,0.8743,0.0190
3,8,3,2,0.7442,0.8493,0.9822,0.6816,0.0205
3,8,3,3,0.8160,0.8102,0.9146,0.7841,0.0462
3,8,3,4,0.7652,0.7249,0.8553,0.7360,0.0742
3,8,3,5,0.8370,0.8309,0.9466,0.8020,0.0380
3,8,3,6,0.8281,0.8654,0.9949,0.7796,0.0190
3,8,3,7,0.7677,0.7973,0.9672,0.7110,0.0139
3,8,3,8,1.0000,1.0000,1.0000,1.0000,0.0000
3,8,3,9,0.7510,0.8351,0.9906,0.7024,0.0379
3,8,3,10,0.8380,0.8192,0.8876,0.8065,0.0370
3,8,3,11,0.8064,0.8243,0.9500,0.7593,0.0161
3,8,4,0,0.7495,0.8233,0.9949,0.7016,0.0394
3,8,4,1,0.8847,0.8823,0.9882,0.8585,0.0216
3,8,4,2,0.8133,0.7824,0.8869,0.7840,0.0563
3,8,4,3,0.7402,0.7539,0.9504,0.6764,0.0207
3,8,4,4,0.8041,0.7893,0.9138,0.7692,0.0450
3,8,4,5,0.8227,0.8373,0.9512,0.7823,0.0203
3,8,4,6,0.8574,0.8556,0.9670,0.8244,0.0358
3,8,4,7,0.6866,0.6647,0.9657,0.6154,0.0241
3,8,4,8,0.7892,0.7525,0.8595,0.7588,0.0623
3,8,4,9,0.8759,0.8826,0.9999,0.8449,0.0169
3,8,4,10,0.7703,0.7279,0.8624,0.7417,0.0728
3,8,4,11,0.4977,0.6381,0.8524,0.4239,0.0788
3,8,5,0,0.7748,0.7634,0.8483,0.7434,0.0623
3,8,5,1,0.7510,0.7099,0.8496,0.7227,0.0783
3,8,5,2,0.8280,0.8399,0.9982,0.7841,0.0138
3,8,5,3,0.9043,0.9095,0.9977,0.8780,0.0210
3,8,5,4,0.8578,0.9058,0.9944,0.8233,0.0171
3,8,5,5,0.7678,0.7363,0.8635,0.7378,0.0711
3,8,5,6,0.7993,0.7846,0.8650,0.7648,0.0460
3,8,5,7,0.8091,0.8295,0.9540,0.7744,0.0439
3,8,5,8,0.7954,0.7889,0.8723,0.7633,0.0540
3,8,5,9,0.7707,0.7292,0.8606,0.7413,0.0725
3,8,5,10,0.8058,0.7862,0.8977,0.7723,0.0480
3,8,5,11,0.8121,0.7739,0.8834,0.7818,0.0526
3,8,6,0,0.8377,0.8705,0.9999,0.7945,0.0100
3,8,6,1,0.7627,0.7243,0.8755,0.7295,0.0659
3,8,6,2,0.7940,0.7610,0.8907,0.7636,0.0618
3,8,6,3,0.7890,0.7560,0.8748,0.7552,0.0539
3,8,6,4,0.8312,0.8367,0.8984,0.7944,0.0273
3,8,6,5,0.8292,0.8018,0.9037,0.7972,0.0443
3,8,6,6,0.7780,0.7415,0.8671,0.7480,0.0681
3,8,6,7,0.8256,0.8221,0.9024,0.7880,0.0304
3,8,6,8,0.8357,0.8430,0.9296,0.8009,0.0290
3,8,6,9,0.7507,0.7121,0.8549,0.7218,0.0777
3,8,6,10,0.7631,0.7211,0.8534,0.7338,0.0750
3,8,6,11,0.9010,0.9303,0.9997,0.8750,0.0104
3,8,7,0,0.8121,0.8642,0.9499,0.7726,0.0254
3,8,7,1,0.8002,0.7585,0.8664,0.7711,0.0596
3,8,7,2,0.7546,0.7191,0.8528,0.7257,0.0769
3,8,7,3,0.8332,0.8400,0.9139,0.7988,0.0378
3,8,7,4,0.8077,0.7970,0.8988,0.7718,0.0415
3,8,7,5,0.8338,0.8045,0.9205,0.8043,0.0471
3,8,7,6,0.7864,0.7475,0.8610,0.7559,0.0639
3,8,7,7,0.7749,0.7396,0.8606,0.7450,0.0682
3,8,7,8,0.8369,0.8386,0.9407,0.8039,0.0323
3,8,7,9,0.8527,0.8407,0.9940,0.8220,0.0283
3,8,7,10,0.7542,0.7171,0.8622,0.7246,0.0761
3,8,7,11,0.7585,0.7287,0.8581,0.7288,0.0753
3,8,8,0,0.8038,0.7764,0.9171,0.7726,0.0555
3,8,8,1,0.7644,0.7235,0.8652,0.7351,0.0723
3,8,8,2,0.8055,0.7760,0.8949,0.7731,0.0542
3,8,8,3,0.7761,0.7382,0.8700,0.7449,0.0655
3,8,8,4,0.8875,0.9213,0.9924,0.8637,0.0241
3,8,8,5,0.8382,0.8381,0.9682,0.8007,0.0260
3,8,8,6,0.7715,0.7271,0.8563,0.7424,0.0712
3,8,8,7,0.8123,0.8796,0.9705,0.7728,0.0256
3,8,8,8,0.8321,0.8413,0.9176,0.7978,0.0362
3,8,8,9,0.8198,0.7791,0.8810,0.7893,0.0497
3,8,8,10,0.8107,0.7941,0.9087,0.7775,0.0497
3,8,8,11,0.7727,0.7407,0.8596,0.7422,0.0694
3,8,9,0,0.7930,0.7820,0.8628,0.7610,0.0547
3,8,9,1,0.7725,0.7321,0.8739,0.7426,0.0693
3,8,9,2,0.7865,0.7469,0.8713,0.7565,0.0634
3,8,9,3,0.8806,0.9145,0.9995,0.8487,0.0153
3,8,9,4,0.7769,0.7333,0.8618,0.7483,0.0701
3,8,9,5,0.7933,0.7643,0.8698,0.7621,0.0596
3,8,9,6,0.7564,0.7146,0.8525,0.7276,0.0770
3,8,9,7,0.8064,0.7835,0.8821,0.7717,0.0450
3,8,9,8,0.7683,0.7301,0.8563,0.7388,0.0723
3,8,9,9,0.7585,0.7162,0.8562,0.7297,0.0766
3,8,9,10,0.8765,0.9103,0.9731,0.8474,0.0194
3,8,9,11,0.7594,0.7173,0.8570,0.7307,0.0767
3,8,10,0,0.7673,0.7282,0.8536,0.7373,0.0719
3,8,10,1,0.7643,0.7222,0.8546,0.7347,0.0733
3,8,10,2,0.7731,0.7326,0.8686,0.7437,0.0708
3,8,10,3,0.7856,0.7569,0.9078,0.7530,0.0603
3,8,10,4,0.8259,0.8181,0.9099,0.7963,0.0463
3,8,10,5,0.8363,0.8299,0.9392,0.8052,0.0344
3,8,10,6,0.7736,0.7373,0.8583,0.7424,0.0673
3,8,10,7,0.7899,0.7576,0.8773,0.7594,0.0626
3,8,10,8,0.7587,0.7161,0.8569,0.7297,0.0766
3,8,10,9,0.8279,0.8477,0.9388,0.7886,0.0261
3,8,10,10,0.7578,0.7153,0.8548,0.7288,0.0765
3,8,10,11,0.7934,0.8199,0.9336,0.7577,0.0459
3,8,11,0,0.7883,0.8109,0.9733,0.7226,0.0320
3,8,11,1,0.8057,0.7746,0.9119,0.7726,0.0518
3,8,11,2,0.7699,0.7292,0.8816,0.7400,0.0718
3,8,11,3,0.8692,0.8811,0.9930,0.8345,0.0181
3,8,11,4,0.8245,0.7968,0.9475,0.7923,0.0483
3,8,11,5,0.7790,0.7348,0.8888,0.7492,0.0653
3,8,11,6,0.7641,0.7219,0.8617,0.7347,0.0745
3,8,11,7,0.7992,0.7684,0.9057,0.7676,0.0563
3,8,11,8,0.5141,0.7067,0.9796,0.3888,0.0114
3,8,11,9,0.7732,0.7308,0.8666,0.7440,0.0719
3,8,11,10,0.8883,0.8765,0.9886,0.8623,0.0261
3,8,11,11,0.8528,0.8571,0.9374,0.8224,0.0338
3,9,0,0,0.7208,0.8161,0.9998,0.6649,0.0420
3,9,0,1,0.1668,0.2588,0.9765,0.0570,0.0375
3,9,0,2,0.7541,0.8214,0.9792,0.7051,0.0495
3,9,0,3,0.2509,0.2709,0.9960,0.1437,0.0237
3,9,0,4,0.4794,0.4778,0.9948,0.3877,0.0150
3,9,0,5,0.1785,0.2412,0.9886,0.0659,0.0317
3,9,0,6,0.6810,0.7845,0.9970,0.6152,0.0491
3,9,0,7,0.6641,0.7312,0.9894,0.5929,0.0523
3,9,0,8,0.6294,0.7029,0.9999,0.5497,0.0506
3,9,0,9,0.7329,0.7871,0.9401,0.6788,0.0589
3,9,0,10,0.6758,0.7134,0.9719,0.6062,0.0561
3,9,0,11,0.7133,0.7935,0.9873,0.6539,0.0522
3,9,1,0,0.6817,0.7544,0.9967,0.6171,0.0450
3,9,1,1,0.6748,0.8048,0.9890,0.6109,0.0323
3,9,1,2,0.7084,0.7907,0.9924,0.6499,0.0455
3,9,1,3,0.6461,0.7401,0.9934,0.5737,0.0367
3,9,1,4,0.6964,0.7886,0.9900,0.6379,0.0362
3,9,1,5,0.6774,0.7852,0.9756,0.6186,0.0198
3,9,1,6,0.7158,0.8412,0.9763,0.6614,0.0269
3,9,1,7,0.6991,0.7999,0.9836,0.6417,0.0323
3,9,1,8,0.6891,0.8186,0.9989,0.6291,0.0290
3,9,1,9,0.6554,0.7923,0.9793,0.5941,0.0153
3,9,1,10,0.3934,0.6025,0.9922,0.2555,0.0565
3,9,1,11,0.2855,0.3128,0.9865,0.1762,0.0167
3,9,2,0,0.7403,0.8248,1.0000,0.6886,0.0438
3,9,2,1,0.6126,0.7562,0.9386,0.5527,0.0197
3,9,2,2,0.5282,0.6707,1.0000,0.4390,0.0214
3,9,2,3,0.5983,0.7684,0.9907,0.5175,0.0376
3,9,2,4,0.6276,0.7398,0.9686,0.5599,0.0148
3,9,2,5,0.6701,0.7722,1.0000,0.6031,0.0403
3,9,2,6,0.6016,0.7288,0.9332,0.5419,0.0210
3,9,2,7,0.6484,0.7234,0.9994,0.5736,0.0522
3,9,2,8,0.7940,0.8655,0.9996,0.7547,0.0345
3,9,2,9,0.6126,0.6616,0.9998,0.5347,0.0350
3,9,2,10,0.7268,0.7841,0.9995,0.6720,0.0458
3,9,2,11,0.6295,0.7432,0.9494,0.5682,0.0218
3,9,3,0,0.5695,0.6989,0.9150,0.5100,0.0298
3,9,3,1,0.7022,0.8418,0.9998,0.6473,0.0192
3,9,3,2,0.5537,0.7665,0.9987,0.4683,0.0243
3,9,3,3,0.5879,0.7333,0.9612,0.5224,0.0125
3,9,3,4,0.5639,0.6911,0.9180,0.5064,0.0376
3,9,3,5,0.6953,0.8046,0.9817,0.6411,0.0211
3,9,3,6,0.6235,0.7463,0.9993,0.5445,0.0449
3,9,3,7,0.5695,0.6834,0.9928,0.4872,0.0256
3,9,3,8,0.7510,0.8351,0.9906,0.7024,0.0379
3,9,3,9,1.0000,1.0000,1.0000,1.0000,0.0000
3,9,3,10,0.6332,0.7479,0.9422,0.5709,0.0106
3,9,3,11,0.6261,0.7182,0.9837,0.5550,0.0265
3,9,4,0,0.7910,0.9033,0.9994,0.7568,0.0059
3,9,4,1,0.7195,0.8371,0.9999,0.6679,0.0184
3,9,4,2,0.6291,0.7518,0.9416,0.5729,0.0226
3,9,4,3,0.6541,0.6972,0.9840,0.5882,0.0269
3,9,4,4,0.6399,0.7372,0.9607,0.5822,0.0157
3,9,4,5,0.6852,0.8085,0.9844,0.6276,0.0176
3,9,4,6,0.7082,0.7998,0.9928,0.6542,0.0265
3,9,4,7,0.4996,0.5298,0.9921,0.4088,0.0164
3,9,4,8,0.6005,0.7169,0.9213,0.5430,0.0262
3,9,4,9,0.7640,0.8082,0.9890,0.7193,0.0260
3,9,4,10,0.5696,0.6919,0.9234,0.5125,0.0362
3,9,4,11,0.3090,0.5025,0.9158,0.2210,0.0422
3,9,5,0,0.5684,0.7100,0.9127,0.5079,0.0260
3,9,5,1,0.5494,0.6754,0.9136,0.4930,0.0417
3,9,5,2,0.7582,0.8143,0.9970,0.7119,0.0299
3,9,5,3,0.8008,0.8881,0.9792,0.7628,0.0413
3,9,5,4,0.7228,0.7943,0.9995,0.6705,0.0232
3,9,5,5,0.5670,0.7060,0.9243,0.5088,0.0345
3,9,5,6,0.5775,0.7122,0.9254,0.5110,0.0129
3,9,5,7,0.6840,0.8069,0.9860,0.6326,0.0100
3,9,5,8,0.5964,0.7837,0.9309,0.5359,0.0180
3,9,5,9,0.5713,0.6951,0.9221,0.5137,0.0359
3,9,5,10,0.6375,0.7353,0.9494,0.5803,0.0130
3,9,5,11,0.6092,0.7161,0.9391,0.5492,0.0176
3,9,6,0,0.7514,0.8240,0.9924,0.7029,0.0363
3,9,6,1,0.6234,0.7279,0.9333,0.5713,0.0293
3,9,6,2,0.5974,0.7334,0.9444,0.5386,0.0273
3,9,6,3,0.6189,0.7290,0.9328,0.5614,0.0192
3,9,6,4,0.6495,0.8105,0.9499,0.5866,0.0164
3,9,6,5,0.6384,0.7372,0.9537,0.5784,0.0182
3,9,6,6,0.5763,0.7015,0.9270,0.5177,0.0317
3,9,6,7,0.6740,0.7482,0.9528,0.6160,0.0174
3,9,6,8,0.6708,0.7460,0.9712,0.6125,0.0129
3,9,6,9,0.5483,0.6776,0.9178,0.4912,0.0411
3,9,6,10,0.5616,0.6839,0.9166,0.5040,0.0384
3,9,6,11,0.8121,0.8973,0.9872,0.7767,0.0323
3,9,7,0,0.5224,0.7771,0.9837,0.4387,0.0130
3,9,7,1,0.5896,0.7161,0.9265,0.5299,0.0235
3,9,7,2,0.5517,0.6809,0.9161,0.4945,0.0403
3,9,7,3,0.6584,0.7895,0.9607,0.5988,0.0182
3,9,7,4,0.6625,0.8118,0.9502,0.6071,0.0117
3,9,7,5,0.6325,0.7564,0.9652,0.5729,0.0176
3,9,7,6,0.5865,0.7146,0.9224,0.5274,0.0273
3,9,7,7,0.5803,0.7006,0.9221,0.5228,0.0316
3,9,7,8,0.7337,0.8437,0.9782,0.6877,0.0096
3,9,7,9,0.7353,0.8291,0.9996,0.6888,0.0106
3,9,7,10,0.5552,0.6836,0.9233,0.4979,0.0395
3,9,7,11,0.5598,0.6892,0.9202,0.5024,0.0387
3,9,8,0,0.5964,0.7171,0.9629,0.5351,0.0220
3,9,8,1,0.5756,0.6969,0.9256,0.5197,0.0357
3,9,8,2,0.6152,0.7488,0.9475,0.5554,0.0228
3,9,8,3,0.5821,0.7143,0.9292,0.5235,0.0294
3,9,8,4,0.6639,0.8438,0.9999,0.6037,0.0159
3,9,8,5,0.7329,0.8573,0.9933,0.6836,0.0245
3,9,8,6,0.5709,0.6993,0.9188,0.5134,0.0346
3,9,8,7,0.6046,0.8032,0.9943,0.5353,0.0134
3,9,8,8,0.6768,0.8065,0.9633,0.6208,0.0182
3,9,8,9,0.6221,0.7344,0.9374,0.5626,0.0165
3,9,8,10,0.6195,0.7444,0.9572,0.5587,0.0202
3,9,8,11,0.5755,0.7121,0.9213,0.5172,0.0328
3,9,9,0,0.6193,0.7645,0.9238,0.5627,0.0194
3,9,9,1,0.5845,0.7058,0.9321,0.5280,0.0329
3,9,9,2,0.6016,0.7253,0.9301,0.5451,0.0268
3,9,9,3,0.6503,0.8260,0.9945,0.5801,0.0354
3,9,9,4,0.5787,0.7039,0.9230,0.5218,0.0335
3,9,9,5,0.5906,0.7187,0.9290,0.5304,0.0235
3,9,9,6,0.5558,0.6811,0.9159,0.4989,0.0404
3,9,9,7,0.6328,0.7760,0.9382,0.5737,0.0129
3,9,9,8,0.5644,0.7029,0.9188,0.5062,0.0357
3,9,9,9,0.5599,0.6836,0.9187,0.5032,0.0400
3,9,9,10,0.7306,0.8536,0.9954,0.6803,0.0232
3,9,9,11,0.5588,0.6835,0.9194,0.5019,0.0401
3,9,10,0,0.5663,0.6950,0.9168,0.5081,0.0353
3,9,10,1,0.5646,0.6878,0.9175,0.5069,0.0367
3,9,10,2,0.5778,0.6998,0.9281,0.5206,0.0342
3,9,10,3,0.5804,0.7262,0.9566,0.5188,0.0245
3,9,10,4,0.6224,0.7954,0.9580,0.5626,0.0126
3,9,10,5,0.6535,0.7759,0.9773,0.5953,0.0130
3,9,10,6,0.5756,0.7059,0.9203,0.5166,0.0307
3,9,10,7,0.5989,0.7245,0.9346,0.5410,0.0265
3,9,10,8,0.5562,0.6814,0.9193,0.4989,0.0400
3,9,10,9,0.6351,0.7608,0.9770,0.5680,0.0189
3,9,10,10,0.5565,0.6819,0.9176,0.4993,0.0399
3,9,10,11,0.5946,0.8139,0.9738,0.5309,0.0101
3,9,11,0,0.6549,0.7027,0.9329,0.5789,0.0623
3,9,11,1,0.6182,0.7438,0.9594,0.5582,0.0205
3,9,11,2,0.5685,0.6913,0.9378,0.5103,0.0357
3,9,11,3,0.6605,0.8053,0.9998,0.5927,0.0314
3,9,11,4,0.6253,0.7451,0.9823,0.5638,0.0240
3,9,11,5,0.6124,0.7165,0.9431,0.5589,0.0290
3,9,11,6,0.5641,0.6868,0.9229,0.5066,0.0379
3,9,11,7,0.6216,0.7368,0.9551,0.5646,0.0220
3,9,11,8,0.4346,0.6391,0.9979,0.3212,0.0331
3,9,11,9,0.5742,0.6934,0.9266,0.5167,0.0356
3,9,11,10,0.6947,0.8454,0.9999,0.6377,0.0184
3,9,11,11,0.6691,0.8285,0.9761,0.6111,0.0156
3,10,0,0,0.9270,0.9219,0.9493,0.9158,0.0382
3,10,0,1,0.2736,0.3939,0.9922,0.1761,0.0371
3,10,0,2,0.9093,0.8896,0.8544,0.8967,0.0470
3,10,0,3,0.3960,0.4479,0.9683,0.3080,0.0257
3,10,0,4,0.5877,0.6189,0.9713,0.5131,0.0140
3,10,0,5,0.3391,0.4066,0.9819,0.2469,0.0314
3,10,0,6,0.8787,0.8907,0.9654,0.8572,0.0476
3,10,0,7,0.7642,0.7807,0.8836,0.7152,0.0519
3,10,0,8,0.6708,0.6688,0.9384,0.5984,0.0487
3,10,0,9,0.8642,0.8391,0.7715,0.8436,0.0567
3,10,0,10,0.8476,0.8312,0.8367,0.8215,0.0555
3,10,0,11,0.9073,0.8929,0.8769,0.8959,0.0495
3,10,1,0,0.8361,0.8434,0.9661,0.8042,0.0438
3,10,1,1,0.9303,0.9263,0.9814,0.9185,0.0303
3,10,1,2,0.9214,0.9279,0.9762,0.9088,0.0417
3,10,1,3,0.9460,0.9068,0.8976,0.9391,0.0298
3,10,1,4,0.9767,0.9718,0.9800,0.9741,0.0295
3,10,1,5,0.9604,0.9648,0.9927,0.9534,0.0139
3,10,1,6,0.9214,0.9169,0.9924,0.9074,0.0262
3,10,1,7,0.9641,0.9573,0.9871,0.9586,0.0264
3,10,1,8,0.9628,0.9600,0.9565,0.9573,0.0236
3,10,1,9,0.9674,0.9694,0.9905,0.9616,0.0105
3,10,1,10,0.2977,0.6539,0.8932,0.1317,0.0538
3,10,1,11,0.4897,0.5011,0.9844,0.4100,0.0199
3,10,2,0,0.8886,0.8852,0.9417,0.8689,0.0429
3,10,2,1,0.9723,0.9596,0.9999,0.9684,0.0167
3,10,2,2,0.5548,0.6944,0.9432,0.4683,0.0213
3,10,2,3,0.7682,0.7880,0.9791,0.7216,0.0367
3,10,2,4,0.9487,0.9619,0.9959,0.9395,0.0144
3,10,2,5,0.8306,0.8454,0.9453,0.7975,0.0396
3,10,2,6,0.9702,0.9666,0.9997,0.9666,0.0195
3,10,2,7,0.8562,0.8699,0.9301,0.8301,0.0502
3,10,2,8,0.8443,0.8355,0.9318,0.8142,0.0336
3,10,2,9,0.6549,0.7096,0.9356,0.5836,0.0344
3,10,2,10,0.9379,0.9344,0.9521,0.9296,0.0422
3,10,2,11,0.9872,0.9780,0.9998,0.9850,0.0138
3,10,3,0,0.9745,0.9656,0.9973,0.9730,0.0294
3,10,3,1,0.9381,0.9265,0.9356,0.9269,0.0188
3,10,3,2,0.5189,0.6558,0.9583,0.4239,0.0234
3,10,3,3,0.9361,0.9389,0.9981,0.9260,0.0142
3,10,3,4,0.9610,0.9455,0.9978,0.9587,0.0373
3,10,3,5,0.9685,0.9579,0.9887,0.9630,0.0155
3,10,3,6,0.7108,0.7293,0.9294,0.6496,0.0434
3,10,3,7,0.7024,0.7502,0.9755,0.6444,0.0254
3,10,3,8,0.8380,0.8192,0.8876,0.8065,0.0370
3,10,3,9,0.6332,0.7479,0.9422,0.5709,0.0106
3,10,3,10,1.0000,1.0000,1.0000,1.0000,0.0000
3,10,3,11,0.7935,0.8347,0.9870,0.7536,0.0256
3,10,4,0,0.7042,0.6969,0.9296,0.6547,0.0100
3,10,4,1,0.9226,0.9091,0.9476,0.9084,0.0190
3,10,4,2,0.9761,0.9623,1.0000,0.9732,0.0201
3,10,4,3,0.7944,0.8325,0.9868,0.7546,0.0265
3,10,4,4,0.9756,0.9687,0.9982,0.9718,0.0109
3,10,4,5,0.7947,0.8481,0.9864,0.7562,0.0177
3,10,4,6,0.9490,0.9435,0.9756,0.9399,0.0209
3,10,4,7,0.6955,0.7214,0.9767,0.6389,0.0150
3,10,4,8,0.9737,0.9623,0.9983,0.9713,0.0253
3,10,4,9,0.9044,0.8886,0.8823,0.8869,0.0258
3,10,4,10,0.9623,0.9466,0.9986,0.9600,0.0358
3,10,4,11,0.2967,0.5263,0.9974,0.2050,0.0418
3,10,5,0,0.9670,0.9550,0.9969,0.9642,0.0261
3,10,5,1,0.9550,0.9397,0.9971,0.9532,0.0413
3,10,5,2,0.8272,0.8142,0.9133,0.7936,0.0295
3,10,5,3,0.8874,0.8463,0.8545,0.8672,0.0396
3,10,5,4,0.8241,0.8235,0.9311,0.7903,0.0220
3,10,5,5,0.9657,0.9524,0.9988,0.9636,0.0341
3,10,5,6,0.9324,0.9448,0.9989,0.9219,0.0172
3,10,5,7,0.9023,0.9103,0.9849,0.8861,0.0125
3,10,5,8,0.9728,0.9646,0.9995,0.9695,0.0178
3,10,5,9,0.9618,0.9457,0.9985,0.9592,0.0356
3,10,5,10,0.9765,0.9701,0.9997,0.9730,0.0115
3,10,5,11,0.9776,0.9689,1.0000,0.9747,0.0159
3,10,6,0,0.7622,0.7617,0.8936,0.7141,0.0362
3,10,6,1,0.9380,0.9232,0.9997,0.9310,0.0289
3,10,6,2,0.9726,0.9585,1.0000,0.9697,0.0251
3,10,6,3,0.9563,0.9497,0.9996,0.9503,0.0190
3,10,6,4,0.9584,0.9537,0.9997,0.9510,0.0118
3,10,6,5,0.9829,0.9784,0.9993,0.9800,0.0123
3,10,6,6,0.9708,0.9581,0.9991,0.9688,0.0314
3,10,6,7,0.9463,0.9576,0.9994,0.9366,0.0139
3,10,6,8,0.9401,0.9534,0.9949,0.9293,0.0138
3,10,6,9,0.9538,0.9377,0.9978,0.9515,0.0407
3,10,6,10,0.9607,0.9447,0.9976,0.9584,0.0380
3,10,6,11,0.8334,0.8275,0.8768,0.8009,0.0321
3,10,7,0,0.7184,0.8009,0.9871,0.6678,0.0178
3,10,7,1,0.9742,0.9679,0.9990,0.9717,0.0231
3,10,7,2,0.9570,0.9443,0.9975,0.9550,0.0399
3,10,7,3,0.9704,0.9683,0.9982,0.9652,0.0129
3,10,7,4,0.9450,0.9294,0.9997,0.9358,0.0118
3,10,7,5,0.9740,0.9628,0.9970,0.9699,0.0122
3,10,7,6,0.9680,0.9565,0.9985,0.9649,0.0269
3,10,7,7,0.9677,0.9577,0.9985,0.9654,0.0312
3,10,7,8,0.9437,0.9347,0.9912,0.9337,0.0100
3,10,7,9,0.8938,0.8607,0.9326,0.8746,0.0100
3,10,7,10,0.9562,0.9406,0.9986,0.9538,0.0391
3,10,7,11,0.9600,0.9489,0.9982,0.9578,0.0383
3,10,8,0,0.9601,0.9465,0.9976,0.9546,0.0193
3,10,8,1,0.9607,0.9458,0.9989,0.9583,0.0353
3,10,8,2,0.9771,0.9663,0.9999,0.9739,0.0185
3,10,8,3,0.9634,0.9520,0.9993,0.9600,0.0290
3,10,8,4,0.8093,0.8752,0.9375,0.7743,0.0168
3,10,8,5,0.9038,0.8714,0.9746,0.8860,0.0215
3,10,8,6,0.9614,0.9470,0.9980,0.9587,0.0342
3,10,8,7,0.7553,0.7983,0.9724,0.7113,0.0182
3,10,8,8,0.9751,0.9744,0.9975,0.9707,0.0113
3,10,8,9,0.9728,0.9662,0.9999,0.9688,0.0146
3,10,8,10,0.9828,0.9787,0.9988,0.9803,0.0148
3,10,8,11,0.9646,0.9504,0.9983,0.9619,0.0324
3,10,9,0,0.9540,0.9496,0.9987,0.9480,0.0203
3,10,9,1,0.9619,0.9462,0.9996,0.9589,0.0325
3,10,9,2,0.9626,0.9486,0.9994,0.9588,0.0264
3,10,9,3,0.7821,0.7732,0.9018,0.7384,0.0348
3,10,9,4,0.9631,0.9496,0.9986,0.9605,0.0331
3,10,9,5,0.9740,0.9663,0.9993,0.9712,0.0231
3,10,9,6,0.9567,0.9399,0.9975,0.9545,0.0400
3,10,9,7,0.9667,0.9604,0.9999,0.9614,0.0112
3,10,9,8,0.9613,0.9452,0.9980,0.9587,0.0353
3,10,9,9,0.9578,0.9410,0.9979,0.9556,0.0396
3,10,9,10,0.8709,0.8667,0.9698,0.8466,0.0215
3,10,9,11,0.9581,0.9415,0.9980,0.9560,0.0397
3,10,10,0,0.9603,0.9449,0.9976,0.9574,0.0349
3,10,10,1,0.9598,0.9437,0.9977,0.9572,0.0363
3,10,10,2,0.9650,0.9498,0.9992,0.9626,0.0338
3,10,10,3,0.9630,0.9505,0.9989,0.9586,0.0241
3,10,10,4,0.9555,0.9548,0.9987,0.9485,0.0114
3,10,10,5,0.8957,0.8742,0.9918,0.8777,0.0139
3,10,10,6,0.9613,0.9467,0.9982,0.9578,0.0303
3,10,10,7,0.9729,0.9613,0.9998,0.9703,0.0261
3,10,10,8,0.9572,0.9399,0.9980,0.9549,0.0396
3,10,10,9,0.9153,0.9136,0.9919,0.8998,0.0161
3,10,10,10,0.9565,0.9394,0.9978,0.9541,0.0395
3,10,10,11,0.8382,0.8563,0.9937,0.8124,0.0129
3,10,11,0,0.6673,0.6614,0.7582,0.5913,0.0609
3,10,11,1,0.9703,0.9570,0.9984,0.9659,0.0169
3,10,11,2,0.9588,0.9418,0.9999,0.9556,0.0353
3,10,11,3,0.8937,0.9028,0.9356,0.8743,0.0296
3,10,11,4,0.9724,0.9563,0.9882,0.9679,0.0160
3,10,11,5,0.9533,0.9397,1.0000,0.9487,0.0304
3,10,11,6,0.9587,0.9418,0.9986,0.9560,0.0375
3,10,11,7,0.9738,0.9590,0.9992,0.9706,0.0198
3,10,11,8,0.2662,0.6112,0.9621,0.1141,0.0329
3,10,11,9,0.9636,0.9482,0.9990,0.9611,0.0352
3,10,11,10,0.9554,0.9500,0.9467,0.9477,0.0164
3,10,11,11,0.9728,0.9663,0.9925,0.9680,0.0087
3,11,0,0,0.8536,0.8949,0.9874,0.8176,0.0218
3,11,0,1,0.2638,0.4150,0.9993,0.1525,0.0627
3,11,0,2,0.8607,0.8640,0.9267,0.8259,0.0287
3,11,0,3,0.3913,0.4629,0.9958,0.2918,0.0495
3,11,0,4,0.6083,0.6977,0.9969,0.5280,0.0176
3,11,0,5,0.3160,0.4121,0.9996,0.2086,0.0569
3,11,0,6,0.8625,0.9282,0.9947,0.8283,0.0236
3,11,0,7,0.8297,0.8907,0.9473,0.7862,0.0264
3,11,0,8,0.6880,0.7026,0.9817,0.6050,0.0254
3,11,0,9,0.8473,0.8398,0.8636,0.8092,0.0353
3,11,0,10,0.7808,0.8086,0.9137,0.7225,0.0302
3,11,0,11,0.8506,0.8593,0.9426,0.8130,0.0310
3,11,1,0,0.9065,0.9389,0.9950,0.8840,0.0201
3,11,1,1,0.8640,0.9091,0.9995,0.8317,0.0134
3,11,1,2,0.8564,0.8988,0.9984,0.8212,0.0240
3,11,1,3,0.7869,0.7772,0.9567,0.7340,0.0312
3,11,1,4,0.8340,0.8628,0.9992,0.7953,0.0278
3,11,1,5,0.8006,0.8659,0.9992,0.7578,0.0167
3,11,1,6,0.7970,0.8815,0.9993,0.7499,0.0138
3,11,1,7,0.8400,0.8644,1.0000,0.8033,0.0231
3,11,1,8,0.8114,0.8464,0.9909,0.7675,0.0190
3,11,1,9,0.7826,0.8243,0.9997,0.7377,0.0216
3,11,1,10,0.4390,0.7101,0.9538,0.2868,0.0319
3,11,1,11,0.4413,0.4902,0.9999,0.3432,0.0418
3,11,2,0,0.9144,0.9324,0.9835,0.8939,0.0184
3,11,2,1,0.7661,0.7776,0.9853,0.7266,0.0409
3,11,2,2,0.6926,0.8349,0.9843,0.6241,0.0132
3,11,2,3,0.8797,0.9195,0.9990,0.8509,0.0122
3,11,2,4,0.8622,0.8830,0.9975,0.8329,0.0122
3,11,2,5,0.8567,0.9166,0.9854,0.8215,0.0156
3,11,2,6,0.7403,0.7656,0.9826,0.6981,0.0446
3,11,2,7,0.8459,0.9129,0.9770,0.8071,0.0262
3,11,2,8,0.8600,0.8595,0.9780,0.8263,0.0135
3,11,2,9,0.8087,0.8968,0.9801,0.7625,0.0114
3,11,2,10,0.8555,0.9058,0.9888,0.8198,0.0248
3,11,2,11,0.7706,0.7944,0.9904,0.7278,0.0367
3,11,3,0,0.7096,0.7426,0.9726,0.6670,0.0550
3,11,3,1,0.8044,0.8265,0.9801,0.7617,0.0134
3,11,3,2,0.6654,0.8014,0.9917,0.5895,0.0114
3,11,3,3,0.7307,0.7564,0.9951,0.6828,0.0366
3,11,3,4,0.6950,0.7180,0.9743,0.6530,0.0628
3,11,3,5,0.7941,0.8283,0.9999,0.7515,0.0258
3,11,3,6,0.8529,0.9150,0.9766,0.8163,0.0194
3,11,3,7,0.7948,0.8571,0.9982,0.7484,0.0064
3,11,3,8,0.8064,0.8243,0.9500,0.7593,0.0161
3,11,3,9,0.6261,0.7182,0.9837,0.5550,0.0265
3,11,3,10,0.7935,0.8347,0.9870,0.7536,0.0256
3,11,3,11,1.0000,1.0000,1.0000,1.0000,0.0000
3,11,4,0,0.6026,0.7209,0.9767,0.5280,0.0290
3,11,4,1,0.8292,0.8434,0.9866,0.7921,0.0134
3,11,4,2,0.7431,0.7618,0.9868,0.7005,0.0443
3,11,4,3,0.8621,0.9014,1.0000,0.8307,0.0112
3,11,4,4,0.7474,0.7975,0.9949,0.7021,0.0341
3,11,4,5,0.9136,0.9296,1.0000,0.8951,0.0126
3,11,4,6,0.8183,0.8578,0.9982,0.7784,0.0244
3,11,4,7,0.6979,0.7484,0.9985,0.6337,0.0164
3,11,4,8,0.7298,0.7561,0.9762,0.6883,0.0509
3,11,4,9,0.8086,0.8118,0.9464,0.7643,0.0110
3,11,4,10,0.6973,0.7222,0.9774,0.6553,0.0614
3,11,4,11,0.4904,0.6828,0.9731,0.4189,0.0674
3,11,5,0,0.7132,0.7689,0.9712,0.6704,0.0517
3,11,5,1,0.6819,0.7073,0.9718,0.6411,0.0669
3,11,5,2,0.8109,0.8174,0.9668,0.7664,0.0066
3,11,5,3,0.8016,0.8138,0.9268,0.7523,0.0172
3,11,5,4,0.7400,0.8005,0.9776,0.6810,0.0135
3,11,5,5,0.7035,0.7322,0.9778,0.6617,0.0597
3,11,5,6,0.7685,0.8405,0.9784,0.7284,0.0375
3,11,5,7,0.6999,0.7591,0.9999,0.6447,0.0338
3,11,5,8,0.7413,0.7904,0.9814,0.6992,0.0432
3,11,5,9,0.7007,0.7196,0.9766,0.6585,0.0611
3,11,5,10,0.7599,0.7955,0.9904,0.7180,0.0369
3,11,5,11,0.7432,0.7745,0.9856,0.6999,0.0415
3,11,6,0,0.8155,0.8315,0.9541,0.7707,0.0130
3,11,6,1,0.7063,0.7201,0.9826,0.6628,0.0544
3,11,6,2,0.7181,0.7450,0.9881,0.6735,0.0506
3,11,6,3,0.7379,0.7703,0.9824,0.6946,0.0420
3,11,6,4,0.8083,0.8456,0.9906,0.7682,0.0174
3,11,6,5,0.7794,0.8135,0.9922,0.7381,0.0332
3,11,6,6,0.7086,0.7332,0.9793,0.6659,0.0569
3,11,6,7,0.8126,0.8666,0.9918,0.7739,0.0185
3,11,6,8,0.8453,0.8777,0.9982,0.8137,0.0181
3,11,6,9,0.6806,0.7046,0.9742,0.6390,0.0662
3,11,6,10,0.6957,0.7166,0.9735,0.6540,0.0636
3,11,6,11,0.7667,0.7991,0.9426,0.7106,0.0113
3,11,7,0,0.7438,0.8042,1.0000,0.6919,0.0190
3,11,7,1,0.7260,0.7549,0.9790,0.6830,0.0487
3,11,7,2,0.6873,0.7136,0.9732,0.6462,0.0655
3,11,7,3,0.8048,0.8515,0.9950,0.7657,0.0256
3,11,7,4,0.8105,0.8252,0.9907,0.7758,0.0285
3,11,7,5,0.7563,0.7771,0.9965,0.7119,0.0354
3,11,7,6,0.7176,0.7423,0.9768,0.6743,0.0525
3,11,7,7,0.7097,0.7374,0.9766,0.6677,0.0568
3,11,7,8,0.7715,0.8104,0.9996,0.7261,0.0240
3,11,7,9,0.7619,0.7709,0.9784,0.7132,0.0180
3,11,7,10,0.6844,0.7074,0.9773,0.6422,0.0647
3,11,7,11,0.6917,0.7193,0.9756,0.6499,0.0639
3,11,8,0,0.7177,0.7345,0.9957,0.6704,0.0446
3,11,8,1,0.6967,0.7198,0.9785,0.6550,0.0609
3,11,8,2,0.7351,0.7637,0.9895,0.6896,0.0428
3,11,8,3,0.7075,0.7349,0.9805,0.6638,0.0546
3,11,8,4,0.7323,0.7979,0.9812,0.6762,0.0195
3,11,8,5,0.8070,0.8242,0.9979,0.7647,0.0138
3,11,8,6,0.7004,0.7234,0.9748,0.6582,0.0598
3,11,8,7,0.6882,0.7451,0.9973,0.6247,0.0160
3,11,8,8,0.7860,0.8350,0.9959,0.7433,0.0256
3,11,8,9,0.7591,0.7770,0.9847,0.7171,0.0373
3,11,8,10,0.7486,0.7771,0.9936,0.7038,0.0383
3,11,8,11,0.7068,0.7281,0.9762,0.6642,0.0580
3,11,9,0,0.7150,0.7558,0.9776,0.6686,0.0443
3,11,9,1,0.7065,0.7254,0.9820,0.6644,0.0581
3,11,9,2,0.7144,0.7313,0.9810,0.6710,0.0519
3,11,9,3,0.7410,0.7633,0.9594,0.6778,0.0126
3,11,9,4,0.7014,0.7265,0.9771,0.6589,0.0586
3,11,9,5,0.7260,0.7547,0.9804,0.6824,0.0487
3,11,9,6,0.6876,0.7090,0.9731,0.6463,0.0656
3,11,9,7,0.7511,0.7899,0.9851,0.7062,0.0331
3,11,9,8,0.6966,0.7208,0.9748,0.6540,0.0609
3,11,9,9,0.6900,0.7111,0.9747,0.6486,0.0652
3,11,9,10,0.8186,0.8557,0.9964,0.7782,0.0093
3,11,9,11,0.6901,0.7104,0.9751,0.6488,0.0653
3,11,10,0,0.6985,0.7208,0.9736,0.6560,0.0605
3,11,10,1,0.6990,0.7155,0.9740,0.6574,0.0619
3,11,10,2,0.7052,0.7281,0.9799,0.6632,0.0594
3,11,10,3,0.7063,0.7295,0.9934,0.6593,0.0497
3,11,10,4,0.7303,0.7705,0.9939,0.6826,0.0354
3,11,10,5,0.7742,0.8009,0.9995,0.7311,0.0222
3,11,10,6,0.7033,0.7295,0.9756,0.6594,0.0559
3,11,10,7,0.7131,0.7441,0.9833,0.6683,0.0517
3,11,10,8,0.6892,0.7089,0.9750,0.6477,0.0652
3,11,10,9,0.8094,0.8738,0.9994,0.7682,0.0155
3,11,10,10,0.6884,0.7082,0.9741,0.6467,0.0651
3,11,10,11,0.6610,0.7228,0.9988,0.6008,0.0358
3,11,11,0,0.6764,0.6739,0.8530,0.5846,0.0363
3,11,11,1,0.7332,0.7561,0.9945,0.6866,0.0407
3,11,11,2,0.6956,0.7124,0.9849,0.6523,0.0609
3,11,11,3,0.7766,0.8171,0.9801,0.7225,0.0125
3,11,11,4,0.7391,0.7535,1.0000,0.6907,0.0382
3,11,11,5,0.7046,0.7259,0.9875,0.6612,0.0547
3,11,11,6,0.6955,0.7122,0.9771,0.6535,0.0631
3,11,11,7,0.7299,0.7527,0.9928,0.6854,0.0454
3,11,11,8,0.3540,0.6589,0.9934,0.2006,0.0094
3,11,11,9,0.7045,0.7224,0.9791,0.6627,0.0607
3,11,11,10,0.7633,0.8058,0.9861,0.7108,0.0178
3,11,11,11,0.8046,0.8372,0.9993,0.7651,0.0232
4,0,0,0,0.7610,0.7994,0.9983,0.7152,0.0439
4,0,0,1,0.1971,0.3042,0.9682,0.0928,0.0348
4,0,0,2,0.7508,0.7768,0.9858,0.7024,0.0512
4,0,0,3,0.2802,0.3151,0.9922,0.1786,0.0210
4,0,0,4,0.5090,0.5232,0.9906,0.4238,0.0174
4,0,0,5,0.2184,0.2852,0.9825,0.1128,0.0290
4,0,0,6,0.7220,0.7994,0.9936,0.6670,0.0510
4,0,0,7,0.6951,0.7709,0.9940,0.6330,0.0548
4,0,0,8,0.5866,0.6426,0.9997,0.4981,0.0526
4,0,0,9,0.7233,0.7576,0.9517,0.6682,0.0606
4,0,0,10,0.6807,0.6954,0.9797,0.6142,0.0586
4,0,0,11,0.7423,0.7743,0.9923,0.6919,0.0542
4,0,1,0,0.7192,0.7561,0.9932,0.6642,0.0478
4,0,1,1,0.7343,0.8063,0.9831,0.6839,0.0345
4,0,1,2,0.7589,0.7916,0.9874,0.7127,0.0480
4,0,1,3,0.7153,0.7060,0.9969,0.6595,0.0363
4,0,1,4,0.7437,0.7562,0.9844,0.6956,0.0376
4,0,1,5,0.7191,0.7411,0.9672,0.6689,0.0213
4,0,1,6,0.7834,0.8395,0.9679,0.7434,0.0294
4,0,1,7,0.7340,0.7675,0.9765,0.6845,0.0345
4,0,1,8,0.7239,0.7659,0.9967,0.6719,0.0312
4,0,1,9,0.7013,0.7245,0.9714,0.6491,0.0163
4,0,1,10,0.4007,0.6316,0.9961,0.2669,0.0588
4,0,1,11,0.3359,0.3518,0.9800,0.2357,0.0147
4,0,2,0,0.7393,0.8003,0.9994,0.6886,0.0460
4,0,2,1,0.6742,0.6911,0.9257,0.6244,0.0180
4,0,2,2,0.5878,0.7377,0.9992,0.5114,0.0236
4,0,2,3,0.6506,0.8002,0.9851,0.5822,0.0404
4,0,2,4,0.6730,0.6977,0.9591,0.6146,0.0173
4,0,2,5,0.7367,0.8256,0.9990,0.6857,0.0425
4,0,2,6,0.6544,0.6649,0.9197,0.6033,0.0193
4,0,2,7,0.6989,0.7610,1.0000,0.6379,0.0542
4,0,2,8,0.8300,0.8630,1.0000,0.7993,0.0370
4,0,2,9,0.6886,0.7393,0.9999,0.6281,0.0378
4,0,2,10,0.7793,0.7864,0.9978,0.7375,0.0478
4,0,2,11,0.7030,0.6944,0.9375,0.6545,0.0206
4,0,3,0,0.6521,0.6322,0.9000,0.6048,0.0273
4,0,3,1,0.7113,0.7579,0.9999,0.6590,0.0209
4,0,3,2,0.5755,0.7695,0.9962,0.4956,0.0265
4,0,3,3,0.7282,0.6963,0.9507,0.6855,0.0118
4,0,3,4,0.6429,0.6208,0.9033,0.5967,0.0349
4,0,3,5,0.7070,0.7323,0.9743,0.6557,0.0236
4,0,3,6,0.6033,0.7795,1.0000,0.5211,0.0468
4,0,3,7,0.7246,0.7027,0.9879,0.6736,0.0283
4,0,3,8,0.7495,0.8233,0.9949,0.7016,0.0394
4,0,3,9,0.7910,0.9033,0.9994,0.7568,0.0059
4,0,3,10,0.7042,0.6969,0.9296,0.6547,0.0100
4,0,3,11,0.6026,0.7209,0.9767,0.5280,0.0290
4,0,4,0,1.0000,1.0000,1.0000,1.0000,0.0000
4,0,4,1,0.7342,0.7647,0.9986,0.6862,0.0214
4,0,4,2,0.6909,0.6925,0.9290,0.6446,0.0198
4,0,4,3,0.6767,0.7056,0.9770,0.6162,0.0291
4,0,4,4,0.6771,0.6660,0.9501,0.6260,0.0148
4,0,4,5,0.6516,0.7681,0.9775,0.5888,0.0201
4,0,4,6,0.7210,0.7406,0.9878,0.6704,0.0282
4,0,4,7,0.5844,0.5850,0.9870,0.5101,0.0165
4,0,4,8,0.6498,0.6456,0.9068,0.6001,0.0235
4,0,4,9,0.6888,0.7097,0.9937,0.6300,0.0282
4,0,4,10,0.6407,0.6212,0.9091,0.5939,0.0335
4,0,4,11,0.3858,0.5173,0.9008,0.3089,0.0395
4,0,5,0,0.6508,0.6355,0.8974,0.6026,0.0237
4,0,5,1,0.6303,0.6048,0.8985,0.5850,0.0390
4,0,5,2,0.7145,0.7579,0.9991,0.6602,0.0321
4,0,5,3,0.8553,0.8566,0.9858,0.8304,0.0433
4,0,5,4,0.8425,0.8144,1.0000,0.8143,0.0249
4,0,5,5,0.6443,0.6324,0.9100,0.5973,0.0317
4,0,5,6,0.6417,0.6586,0.9112,0.5860,0.0096
4,0,5,7,0.7751,0.7565,0.9794,0.7391,0.0077
4,0,5,8,0.6785,0.7170,0.9173,0.6309,0.0147
4,0,5,9,0.6466,0.6267,0.9076,0.6000,0.0332
4,0,5,10,0.6838,0.6770,0.9376,0.6345,0.0108
4,0,5,11,0.6640,0.6523,0.9262,0.6131,0.0156
4,0,6,0,0.8122,0.8530,0.9961,0.7776,0.0391
4,0,6,1,0.6000,0.6301,0.9199,0.5451,0.0265
4,0,6,2,0.6660,0.6632,0.9320,0.6180,0.0245
4,0,6,3,0.6313,0.6546,0.9193,0.5762,0.0190
4,0,6,4,0.7308,0.8014,0.9381,0.6834,0.0176
4,0,6,5,0.6727,0.6730,0.9423,0.6190,0.0186
4,0,6,6,0.6501,0.6318,0.9129,0.6025,0.0287
4,0,6,7,0.7105,0.7140,0.9413,0.6599,0.0192
4,0,6,8,0.6923,0.6842,0.9621,0.6387,0.0146
4,0,6,9,0.6297,0.6061,0.9030,0.5838,0.0383
4,0,6,10,0.6380,0.6163,0.9017,0.5913,0.0357
4,0,6,11,0.8297,0.8329,0.9923,0.7988,0.0345
4,0,7,0,0.6912,0.7967,0.9766,0.6379,0.0150
4,0,7,1,0.6484,0.6486,0.9124,0.5979,0.0202
4,0,7,2,0.6324,0.6105,0.9012,0.5864,0.0375
4,0,7,3,0.7510,0.7399,0.9502,0.7083,0.0189
4,0,7,4,0.7059,0.7204,0.9385,0.6582,0.0131
4,0,7,5,0.6922,0.6898,0.9553,0.6429,0.0169
4,0,7,6,0.6500,0.6476,0.9079,0.6007,0.0245
4,0,7,7,0.6383,0.6283,0.9076,0.5896,0.0289
4,0,7,8,0.7653,0.7792,0.9701,0.7254,0.0102
4,0,7,9,0.7379,0.7235,1.0000,0.6925,0.0126
4,0,7,10,0.6308,0.6106,0.9090,0.5842,0.0367
4,0,7,11,0.6393,0.6191,0.9056,0.5932,0.0359
4,0,8,0,0.6653,0.6537,0.9527,0.6151,0.0203
4,0,8,1,0.6266,0.6192,0.9114,0.5782,0.0329
4,0,8,2,0.6727,0.6818,0.9354,0.6226,0.0206
4,0,8,3,0.6353,0.6403,0.9154,0.5849,0.0261
4,0,8,4,0.7294,0.7878,0.9998,0.6818,0.0171
4,0,8,5,0.7945,0.8000,0.9885,0.7577,0.0268
4,0,8,6,0.6302,0.6261,0.9041,0.5814,0.0319
4,0,8,7,0.8226,0.8239,0.9899,0.7921,0.0159
4,0,8,8,0.7514,0.7578,0.9531,0.7089,0.0173
4,0,8,9,0.6486,0.6678,0.9243,0.5939,0.0182
4,0,8,10,0.6893,0.6800,0.9462,0.6404,0.0185
4,0,8,11,0.6605,0.6480,0.9068,0.6147,0.0300
4,0,9,0,0.7566,0.7351,0.9095,0.7210,0.0164
4,0,9,1,0.6316,0.6310,0.9185,0.5822,0.0299
4,0,9,2,0.6455,0.6539,0.9164,0.5959,0.0240
4,0,9,3,0.7751,0.8015,0.9976,0.7327,0.0379
4,0,9,4,0.6456,0.6324,0.9086,0.5986,0.0307
4,0,9,5,0.6844,0.6651,0.9152,0.6386,0.0202
4,0,9,6,0.6330,0.6118,0.9009,0.5870,0.0376
4,0,9,7,0.6703,0.7239,0.9252,0.6179,0.0117
4,0,9,8,0.6379,0.6361,0.9041,0.5903,0.0329
4,0,9,9,0.6338,0.6130,0.9040,0.5876,0.0373
4,0,9,10,0.7818,0.8200,0.9914,0.7422,0.0254
4,0,9,11,0.6380,0.6140,0.9047,0.5923,0.0374
4,0,10,0,0.6462,0.6320,0.9019,0.5996,0.0325
4,0,10,1,0.6330,0.6165,0.9027,0.5853,0.0340
4,0,10,2,0.6510,0.6298,0.9142,0.6045,0.0315
4,0,10,3,0.6508,0.6449,0.9455,0.6002,0.0218
4,0,10,4,0.7372,0.7414,0.9471,0.6961,0.0112
4,0,10,5,0.6684,0.6866,0.9691,0.6135,0.0136
4,0,10,6,0.6548,0.6478,0.9057,0.6076,0.0279
4,0,10,7,0.6792,0.6626,0.9213,0.6336,0.0235
4,0,10,8,0.6347,0.6120,0.9046,0.5884,0.0373
4,0,10,9,0.6883,0.7038,0.9688,0.6321,0.0211
4,0,10,10,0.6341,0.6126,0.9028,0.5878,0.0371
4,0,10,11,0.8221,0.8236,0.9650,0.7945,0.0084
4,0,11,0,0.6393,0.6747,0.9452,0.5608,0.0643
4,0,11,1,0.6728,0.6811,0.9487,0.6220,0.0190
4,0,11,2,0.6393,0.6183,0.9248,0.5915,0.0324
4,0,11,3,0.7315,0.7844,0.9999,0.6800,0.0331
4,0,11,4,0.6873,0.6811,0.9750,0.6366,0.0231
4,0,11,5,0.6166,0.6293,0.9306,0.5642,0.0278
4,0,11,6,0.6371,0.6166,0.9086,0.5900,0.0352
4,0,11,7,0.6814,0.6662,0.9439,0.6340,0.0188
4,0,11,8,0.4509,0.6547,0.9949,0.3425,0.0363
4,0,11,9,0.6403,0.6225,0.9125,0.5925,0.0325
4,0,11,10,0.7672,0.7957,0.9988,0.7250,0.0201
4,0,11,11,0.7569,0.7803,0.9678,0.7150,0.0144
4,1,0,0,0.9310,0.9298,1.0000,0.9161,0.0257
4,1,0,1,0.1849,0.2969,0.9799,0.0647,0.0556
4,1,0,2,0.9321,0.9374,0.9757,0.9193,0.0335
4,1,0,3,0.3026,0.3221,0.9974,0.1913,0.0418
4,1,0,4,0.5284,0.5346,0.9964,0.4347,0.0142
4,1,0,5,0.2455,0.2934,0.9909,0.1301,0.0498
4,1,0,6,0.8595,0.8795,0.9981,0.8269,0.0325
4,1,0,7,0.7891,0.7881,0.9869,0.7376,0.0348
4,1,0,8,0.7177,0.7516,0.9996,0.6468,0.0341
4,1,0,9,0.8963,0.8920,0.9344,0.8762,0.0426
4,1,0,10,0.8333,0.8278,0.9678,0.7941,0.0380
4,1,0,11,0.8935,0.8938,0.9845,0.8710,0.0362
4,1,1,0,0.8842,0.8626,0.9979,0.8579,0.0293
4,1,1,1,0.9045,0.8932,0.9913,0.8831,0.0163
4,1,1,2,0.8856,0.8888,0.9943,0.8595,0.0298
4,1,1,3,0.9237,0.8915,0.9914,0.9070,0.0265
4,1,1,4,0.9303,0.9339,0.9922,0.9150,0.0249
4,1,1,5,0.9208,0.9324,0.9791,0.9044,0.0117
4,1,1,6,0.9036,0.9103,0.9797,0.8823,0.0140
4,1,1,7,0.9291,0.9361,0.9865,0.9136,0.0205
4,1,1,8,0.9331,0.9584,0.9996,0.9185,0.0159
4,1,1,9,0.9239,0.9473,0.9825,0.9087,0.0127
4,1,1,10,0.3651,0.6453,0.9900,0.1990,0.0403
4,1,1,11,0.3911,0.3798,0.9890,0.2871,0.0340
4,1,2,0,0.9161,0.9200,0.9998,0.8977,0.0268
4,1,2,1,0.9207,0.9261,0.9442,0.9093,0.0336
4,1,2,2,0.6189,0.6828,0.9999,0.5370,0.0098
4,1,2,3,0.8168,0.8080,0.9928,0.7747,0.0201
4,1,2,4,0.9406,0.9324,0.9726,0.9284,0.0085
4,1,2,5,0.8445,0.8454,1.0000,0.8084,0.0230
4,1,2,6,0.8966,0.9084,0.9390,0.8820,0.0373
4,1,2,7,0.8122,0.8218,0.9987,0.7669,0.0354
4,1,2,8,0.8420,0.8486,0.9989,0.8058,0.0177
4,1,2,9,0.6821,0.7006,0.9994,0.6082,0.0180
4,1,2,10,0.8939,0.8926,0.9999,0.8700,0.0298
4,1,2,11,0.9305,0.9221,0.9544,0.9186,0.0278
4,1,3,0,0.9073,0.8923,0.9216,0.8977,0.0479
4,1,3,1,0.9493,0.9666,0.9994,0.9386,0.0089
4,1,3,2,0.6354,0.7064,0.9994,0.5556,0.0093
4,1,3,3,0.9010,0.9019,0.9657,0.8850,0.0290
4,1,3,4,0.9008,0.8841,0.9245,0.8919,0.0558
4,1,3,5,0.9176,0.9494,0.9848,0.9011,0.0198
4,1,3,6,0.7408,0.7722,0.9986,0.6778,0.0278
4,1,3,7,0.7002,0.7118,0.9946,0.6348,0.0117
4,1,3,8,0.8847,0.8823,0.9882,0.8585,0.0216
4,1,3,9,0.7195,0.8371,0.9999,0.6679,0.0184
4,1,3,10,0.9226,0.9091,0.9476,0.9084,0.0190
4,1,3,11,0.8292,0.8434,0.9866,0.7921,0.0134
4,1,4,0,0.7342,0.7647,0.9986,0.6862,0.0214
4,1,4,1,1.0000,1.0000,1.0000,1.0000,0.0000
4,1,4,2,0.9261,0.9192,0.9471,0.9162,0.0373
4,1,4,3,0.8092,0.8299,0.9868,0.7675,0.0130
4,1,4,4,0.9034,0.9064,0.9651,0.8875,0.0268
4,1,4,5,0.8882,0.8761,0.9872,0.8648,0.0094
4,1,4,6,0.9020,0.9274,0.9946,0.8813,0.0197
4,1,4,7,0.6146,0.6092,0.9941,0.5354,0.0104
4,1,4,8,0.9011,0.9052,0.9276,0.8889,0.0438
4,1,4,9,0.9271,0.9487,0.9865,0.9111,0.0089
4,1,4,10,0.9000,0.8885,0.9297,0.8908,0.0543
4,1,4,11,0.3583,0.4871,0.9223,0.2681,0.0603
4,1,5,0,0.9024,0.8888,0.9193,0.8914,0.0443
4,1,5,1,0.8943,0.8749,0.9203,0.8866,0.0598
4,1,5,2,0.8477,0.8651,0.9956,0.8135,0.0144
4,1,5,3,0.9303,0.9285,0.9757,0.9153,0.0243
4,1,5,4,0.7972,0.8023,0.9988,0.7528,0.0093
4,1,5,5,0.9028,0.8889,0.9305,0.8935,0.0526
4,1,5,6,0.9024,0.8938,0.9315,0.8870,0.0296
4,1,5,7,0.8659,0.9224,0.9886,0.8426,0.0260
4,1,5,8,0.9119,0.9068,0.9368,0.9000,0.0358
4,1,5,9,0.9027,0.8876,0.9284,0.8935,0.0540
4,1,5,10,0.9156,0.9117,0.9545,0.9025,0.0295
4,1,5,11,0.9055,0.9021,0.9447,0.8916,0.0341
4,1,6,0,0.8282,0.8199,0.9902,0.7886,0.0188
4,1,6,1,0.8503,0.9112,0.9391,0.8310,0.0474
4,1,6,2,0.9152,0.9059,0.9497,0.9049,0.0433
4,1,6,3,0.8724,0.8962,0.9386,0.8533,0.0341
4,1,6,4,0.9243,0.9175,0.9550,0.9089,0.0132
4,1,6,5,0.9149,0.9193,0.9585,0.9000,0.0245
4,1,6,6,0.9059,0.8928,0.9330,0.8960,0.0496
4,1,6,7,0.8760,0.9096,0.9577,0.8512,0.0138
4,1,6,8,0.9441,0.9334,0.9750,0.9330,0.0105
4,1,6,9,0.8932,0.8747,0.9242,0.8849,0.0592
4,1,6,10,0.8983,0.8825,0.9231,0.8892,0.0565
4,1,6,11,0.9381,0.9339,0.9845,0.9246,0.0139
4,1,7,0,0.7899,0.8164,0.9865,0.7485,0.0130
4,1,7,1,0.8939,0.9024,0.9326,0.8800,0.0413
4,1,7,2,0.8952,0.8787,0.9226,0.8869,0.0584
4,1,7,3,0.9357,0.9307,0.9652,0.9234,0.0180
4,1,7,4,0.9358,0.9351,0.9552,0.9251,0.0211
4,1,7,5,0.9349,0.9378,0.9694,0.9244,0.0275
4,1,7,6,0.8980,0.9011,0.9286,0.8856,0.0454
4,1,7,7,0.8935,0.8943,0.9284,0.8819,0.0497
4,1,7,8,0.9026,0.9424,0.9815,0.8840,0.0159
4,1,7,9,0.9736,0.9716,0.9990,0.9686,0.0106
4,1,7,10,0.8930,0.8782,0.9295,0.8840,0.0576
4,1,7,11,0.8983,0.8839,0.9266,0.8896,0.0568
4,1,8,0,0.9292,0.9166,0.9673,0.9198,0.0373
4,1,8,1,0.8890,0.8926,0.9317,0.8784,0.0538
4,1,8,2,0.9109,0.9160,0.9526,0.8975,0.0346
4,1,8,3,0.8927,0.9013,0.9352,0.8801,0.0472
4,1,8,4,0.8898,0.9461,0.9995,0.8675,0.0109
4,1,8,5,0.9453,0.9450,0.9951,0.9337,0.0140
4,1,8,6,0.8879,0.8911,0.9252,0.8763,0.0527
4,1,8,7,0.8032,0.8244,0.9960,0.7644,0.0121
4,1,8,8,0.9383,0.9407,0.9676,0.9266,0.0188
4,1,8,9,0.8993,0.9195,0.9430,0.8833,0.0296
4,1,8,10,0.9247,0.9211,0.9619,0.9129,0.0304
4,1,8,11,0.9048,0.8936,0.9276,0.8950,0.0509
4,1,9,0,0.9034,0.9088,0.9300,0.8903,0.0370
4,1,9,1,0.8928,0.9009,0.9380,0.8814,0.0508
4,1,9,2,0.8903,0.9117,0.9361,0.8768,0.0449
4,1,9,3,0.8497,0.8403,0.9926,0.8152,0.0181
4,1,9,4,0.8931,0.8941,0.9292,0.8821,0.0516
4,1,9,5,0.9161,0.9045,0.9350,0.9056,0.0413
4,1,9,6,0.8949,0.8791,0.9224,0.8863,0.0585
4,1,9,7,0.8966,0.9136,0.9438,0.8794,0.0254
4,1,9,8,0.8977,0.8879,0.9252,0.8878,0.0538
4,1,9,9,0.8950,0.8815,0.9251,0.8862,0.0581
4,1,9,10,0.9269,0.9416,0.9969,0.9112,0.0085
4,1,9,11,0.8987,0.8806,0.9258,0.8905,0.0582
4,1,10,0,0.8995,0.8886,0.9232,0.8898,0.0534
4,1,10,1,0.8953,0.8867,0.9240,0.8855,0.0548
4,1,10,2,0.9052,0.8931,0.9341,0.8960,0.0523
4,1,10,3,0.9069,0.9051,0.9613,0.8949,0.0424
4,1,10,4,0.9063,0.9310,0.9626,0.8914,0.0281
4,1,10,5,0.9204,0.9289,0.9807,0.9062,0.0164
4,1,10,6,0.9023,0.8947,0.9267,0.8916,0.0488
4,1,10,7,0.9096,0.9056,0.9404,0.8987,0.0443
4,1,10,8,0.8964,0.8792,0.9257,0.8877,0.0581
4,1,10,9,0.9182,0.8916,0.9804,0.9010,0.0113
4,1,10,10,0.8952,0.8799,0.9241,0.8864,0.0580
4,1,10,11,0.8230,0.8576,0.9774,0.7933,0.0282
4,1,11,0,0.7525,0.7482,0.9268,0.6892,0.0450
4,1,11,1,0.9175,0.9245,0.9639,0.9049,0.0333
4,1,11,2,0.9032,0.8898,0.9434,0.8938,0.0535
4,1,11,3,0.8877,0.9288,0.9994,0.8623,0.0153
4,1,11,4,0.9299,0.9251,0.9853,0.9181,0.0300
4,1,11,5,0.8763,0.9115,0.9484,0.8615,0.0471
4,1,11,6,0.8984,0.8851,0.9292,0.8892,0.0560
4,1,11,7,0.9175,0.9126,0.9599,0.9064,0.0380
4,1,11,8,0.3509,0.6137,0.9988,0.2023,0.0171
4,1,11,9,0.9000,0.8908,0.9327,0.8902,0.0534
4,1,11,10,0.9214,0.9517,1.0000,0.9046,0.0134
4,1,11,11,0.9487,0.9537,0.9796,0.9388,0.0156
4,2,0,0,0.9048,0.9010,0.9488,0.8952,0.0559
4,2,0,1,0.1456,0.2165,0.9921,0.0417,0.0207
4,2,0,2,0.8779,0.8637,0.8536,0.8661,0.0644
4,2,0,3,0.2455,0.2460,0.9679,0.1459,0.0174
4,2,0,4,0.4612,0.4438,0.9710,0.3744,0.0291
4,2,0,5,0.1999,0.2197,0.9816,0.0988,0.0155
4,2,0,6,0.8275,0.8290,0.9650,0.8025,0.0656
4,2,0,7,0.6973,0.6876,0.8829,0.6435,0.0704
4,2,0,8,0.6400,0.6276,0.9378,0.5728,0.0666
4,2,0,9,0.8323,0.8062,0.7705,0.8140,0.0746
4,2,0,10,0.7755,0.7397,0.8359,0.7418,0.0740
4,2,0,11,0.8711,0.8469,0.8761,0.8597,0.0672
4,2,1,0,0.7771,0.7693,0.9657,0.7407,0.0623
4,2,1,1,0.8837,0.8707,0.9811,0.8678,0.0488
4,2,1,2,0.8719,0.8677,0.9759,0.8552,0.0589
4,2,1,3,0.9424,0.9091,0.8969,0.9405,0.0478
4,2,1,4,0.9582,0.9546,0.9797,0.9559,0.0399
4,2,1,5,0.9423,0.9461,0.9926,0.9349,0.0324
4,2,1,6,0.8913,0.8902,0.9922,0.8763,0.0447
4,2,1,7,0.9499,0.9487,0.9869,0.9454,0.0399
4,2,1,8,0.9538,0.9568,0.9561,0.9507,0.0408
4,2,1,9,0.9690,0.9776,0.9903,0.9657,0.0264
4,2,1,10,0.2305,0.5783,0.8925,0.0681,0.0715
4,2,1,11,0.3466,0.3123,0.9841,0.2545,0.0156
4,2,2,0,0.8537,0.8391,0.9412,0.8336,0.0611
4,2,2,1,0.9902,0.9940,1.0000,0.9889,0.0042
4,2,2,2,0.4841,0.5768,0.9427,0.3953,0.0413
4,2,2,3,0.7114,0.7169,0.9787,0.6618,0.0550
4,2,2,4,0.9396,0.9433,0.9958,0.9317,0.0329
4,2,2,5,0.7737,0.7664,0.9448,0.7365,0.0584
4,2,2,6,0.9828,0.9879,0.9997,0.9804,0.0071
4,2,2,7,0.7777,0.7718,0.9295,0.7425,0.0680
4,2,2,8,0.8056,0.7841,0.9313,0.7747,0.0523
4,2,2,9,0.5865,0.6011,0.9351,0.5118,0.0531
4,2,2,10,0.8881,0.8715,0.9516,0.8754,0.0594
4,2,2,11,0.9932,0.9934,0.9997,0.9927,0.0126
4,2,3,0,0.9895,0.9892,0.9974,0.9885,0.0132
4,2,3,1,0.9332,0.9263,0.9350,0.9246,0.0388
4,2,3,2,0.4620,0.5742,0.9578,0.3680,0.0421
4,2,3,3,0.9548,0.9705,0.9980,0.9483,0.0161
4,2,3,4,0.9910,0.9912,0.9979,0.9906,0.0185
4,2,3,5,0.9697,0.9698,0.9885,0.9665,0.0272
4,2,3,6,0.6385,0.6401,0.9289,0.5721,0.0614
4,2,3,7,0.6398,0.6363,0.9752,0.5783,0.0455
4,2,3,8,0.8133,0.7824,0.8869,0.7840,0.0563
4,2,3,9,0.6291,0.7518,0.9416,0.5729,0.0226
4,2,3,10,0.9761,0.9623,1.0000,0.9732,0.0201
4,2,3,11,0.7431,0.7618,0.9868,0.7005,0.0443
4,2,4,0,0.6909,0.6925,0.9290,0.6446,0.0198
4,2,4,1,0.9261,0.9192,0.9471,0.9162,0.0373
4,2,4,2,1.0000,1.0000,1.0000,1.0000,0.0000
4,2,4,3,0.7668,0.7965,0.9866,0.7285,0.0447
4,2,4,4,0.9783,0.9735,0.9981,0.9752,0.0129
4,2,4,5,0.7617,0.7880,0.9861,0.7232,0.0367
4,2,4,6,0.9364,0.9338,0.9753,0.9284,0.0354
4,2,4,7,0.5627,0.5468,0.9764,0.4906,0.0340
4,2,4,8,0.9931,0.9925,0.9984,0.9923,0.0084
4,2,4,9,0.9056,0.8867,0.8816,0.8932,0.0446
4,2,4,10,0.9914,0.9906,0.9987,0.9911,0.0171
4,2,4,11,0.2380,0.3870,0.9975,0.1479,0.0231
4,2,5,0,0.9734,0.9710,0.9970,0.9702,0.0150
4,2,5,1,0.9875,0.9865,0.9972,0.9875,0.0226
4,2,5,2,0.8186,0.8007,0.9127,0.7900,0.0483
4,2,5,3,0.8680,0.8353,0.8537,0.8507,0.0573
4,2,5,4,0.7822,0.7544,0.9306,0.7468,0.0408
4,2,5,5,0.9913,0.9909,0.9988,0.9908,0.0153
4,2,5,6,0.9431,0.9309,0.9990,0.9349,0.0192
4,2,5,7,0.9189,0.9435,0.9846,0.9070,0.0173
4,2,5,8,0.9799,0.9803,0.9995,0.9771,0.0119
4,2,5,9,0.9920,0.9914,0.9985,0.9916,0.0168
4,2,5,10,0.9802,0.9763,0.9997,0.9774,0.0112
4,2,5,11,0.9858,0.9832,1.0000,0.9838,0.0076
4,2,6,0,0.7439,0.7388,0.8929,0.7006,0.0550
4,2,6,1,0.9574,0.9601,0.9997,0.9522,0.0132
4,2,6,2,0.9951,0.9953,1.0000,0.9946,0.0066
4,2,6,3,0.9663,0.9688,0.9997,0.9616,0.0131
4,2,6,4,0.9550,0.9553,0.9997,0.9495,0.0298
4,2,6,5,0.9814,0.9776,0.9993,0.9790,0.0148
4,2,6,6,0.9931,0.9919,0.9991,0.9926,0.0126
4,2,6,7,0.9276,0.9346,0.9994,0.9174,0.0290
4,2,6,8,0.9389,0.9354,0.9947,0.9305,0.0294
4,2,6,9,0.9869,0.9864,0.9979,0.9866,0.0219
4,2,6,10,0.9905,0.9895,0.9977,0.9902,0.0193
4,2,6,11,0.8276,0.8144,0.8760,0.8010,0.0509
4,2,7,0,0.7004,0.7653,0.9868,0.6530,0.0342
4,2,7,1,0.9883,0.9887,0.9991,0.9868,0.0101
4,2,7,2,0.9871,0.9877,0.9976,0.9868,0.0211
4,2,7,3,0.9565,0.9574,0.9981,0.9507,0.0253
4,2,7,4,0.9393,0.9318,0.9996,0.9304,0.0206
4,2,7,5,0.9906,0.9911,0.9969,0.9894,0.0097
4,2,7,6,0.9916,0.9936,0.9986,0.9907,0.0089
4,2,7,7,0.9884,0.9894,0.9985,0.9873,0.0125
4,2,7,8,0.9412,0.9492,0.9910,0.9329,0.0261
4,2,7,9,0.8998,0.8760,0.9321,0.8849,0.0279
4,2,7,10,0.9881,0.9873,0.9987,0.9878,0.0203
4,2,7,11,0.9883,0.9895,0.9983,0.9878,0.0195
4,2,8,0,0.9875,0.9895,0.9975,0.9858,0.0060
4,2,8,1,0.9887,0.9878,0.9990,0.9881,0.0168
4,2,8,2,0.9942,0.9951,0.9998,0.9934,0.0052
4,2,8,3,0.9894,0.9909,0.9994,0.9883,0.0123
4,2,8,4,0.8068,0.8781,0.9370,0.7764,0.0353
4,2,8,5,0.8901,0.8671,0.9742,0.8740,0.0387
4,2,8,6,0.9896,0.9895,0.9981,0.9889,0.0160
4,2,8,7,0.7495,0.7938,0.9721,0.7101,0.0352
4,2,8,8,0.9715,0.9771,0.9974,0.9681,0.0222
4,2,8,9,0.9822,0.9847,0.9999,0.9797,0.0087
4,2,8,10,0.9880,0.9898,0.9988,0.9864,0.0071
4,2,8,11,0.9915,0.9934,0.9984,0.9909,0.0136
4,2,9,0,0.9733,0.9866,0.9988,0.9697,0.0129
4,2,9,1,0.9894,0.9892,0.9996,0.9886,0.0143
4,2,9,2,0.9879,0.9901,0.9995,0.9865,0.0110
4,2,9,3,0.7582,0.7473,0.9011,0.7178,0.0530
4,2,9,4,0.9912,0.9912,0.9987,0.9906,0.0146
4,2,9,5,0.9913,0.9941,0.9994,0.9901,0.0051
4,2,9,6,0.9890,0.9878,0.9976,0.9888,0.0213
4,2,9,7,0.9776,0.9820,0.9999,0.9745,0.0131
4,2,9,8,0.9914,0.9911,0.9980,0.9910,0.0165
4,2,9,9,0.9894,0.9882,0.9980,0.9892,0.0209
4,2,9,10,0.8487,0.8482,0.9695,0.8253,0.0397
4,2,9,11,0.9898,0.9888,0.9981,0.9896,0.0210
4,2,10,0,0.9907,0.9914,0.9977,0.9902,0.0161
4,2,10,1,0.9900,0.9894,0.9978,0.9895,0.0176
4,2,10,2,0.9917,0.9913,0.9993,0.9912,0.0151
4,2,10,3,0.9865,0.9893,0.9989,0.9847,0.0064
4,2,10,4,0.9717,0.9835,0.9986,0.9677,0.0118
4,2,10,5,0.8886,0.8727,0.9916,0.8720,0.0282
4,2,10,6,0.9908,0.9928,0.9983,0.9900,0.0115
4,2,10,7,0.9946,0.9948,0.9998,0.9940,0.0079
4,2,10,8,0.9891,0.9879,0.9981,0.9888,0.0209
4,2,10,9,0.8961,0.8770,0.9917,0.8809,0.0338
4,2,10,10,0.9890,0.9881,0.9979,0.9887,0.0207
4,2,10,11,0.8434,0.8808,0.9935,0.8207,0.0159
4,2,11,0,0.6268,0.6282,0.7572,0.5549,0.0788
4,2,11,1,0.9927,0.9945,0.9984,0.9917,0.0052
4,2,11,2,0.9907,0.9895,0.9999,0.9901,0.0165
4,2,11,3,0.8982,0.9159,0.9351,0.8858,0.0479
4,2,11,4,0.9917,0.9912,0.9880,0.9908,0.0104
4,2,11,5,0.9779,0.9782,1.0000,0.9754,0.0190
4,2,11,6,0.9903,0.9894,0.9987,0.9899,0.0188
4,2,11,7,0.9949,0.9928,0.9991,0.9942,0.0034
4,2,11,8,0.2126,0.5378,0.9617,0.0666,0.0522
4,2,11,9,0.9918,0.9905,0.9991,0.9913,0.0164
4,2,11,10,0.9536,0.9527,0.9462,0.9489,0.0346
4,2,11,11,0.9693,0.9743,0.9923,0.9657,0.0237
4,3,0,0,0.8905,0.9098,0.9877,0.8637,0.0174
4,3,0,1,0.2067,0.3447,0.9993,0.0854,0.0631
4,3,0,2,0.8547,0.8582,0.9272,0.8178,0.0241
4,3,0,3,0.3306,0.3773,0.9960,0.2201,0.0501
4,3,0,4,0.5707,0.5916,0.9970,0.4821,0.0167
4,3,0,5,0.2618,0.3353,0.9996,0.1448,0.0573
4,3,0,6,0.8893,0.8973,0.9949,0.8619,0.0230
4,3,0,7,0.8132,0.8100,0.9477,0.7648,0.0257
4,3,0,8,0.6889,0.6854,0.9819,0.6056,0.0248
4,3,0,9,0.8562,0.8388,0.8643,0.8203,0.0336
4,3,0,10,0.7898,0.7877,0.9143,0.7336,0.0295
4,3,0,11,0.8646,0.8598,0.9431,0.8306,0.0277
4,3,1,0,0.8652,0.8761,0.9951,0.8319,0.0192
4,3,1,1,0.8416,0.8803,0.9995,0.8038,0.0096
4,3,1,2,0.8811,0.9031,0.9984,0.8519,0.0215
4,3,1,3,0.8037,0.7890,0.9571,0.7547,0.0269
4,3,1,4,0.8701,0.8868,0.9993,0.8397,0.0227
4,3,1,5,0.8313,0.8706,0.9991,0.7950,0.0136
4,3,1,6,0.8762,0.9142,0.9992,0.8473,0.0100
4,3,1,7,0.8772,0.8940,1.0000,0.8488,0.0180
4,3,1,8,0.8338,0.8628,0.9911,0.7948,0.0163
4,3,1,9,0.8185,0.8523,0.9997,0.7809,0.0205
4,3,1,10,0.4216,0.7014,0.9542,0.2637,0.0320
4,3,1,11,0.3843,0.4080,0.9999,0.2753,0.0428
4,3,2,0,0.8847,0.8957,0.9837,0.8563,0.0174
4,3,2,1,0.7805,0.8057,0.9851,0.7437,0.0411
4,3,2,2,0.6283,0.7302,0.9845,0.5450,0.0168
4,3,2,3,0.7997,0.8412,0.9991,0.7512,0.0115
4,3,2,4,0.8593,0.8784,0.9974,0.8294,0.0142
4,3,2,5,0.8243,0.8442,0.9856,0.7806,0.0147
4,3,2,6,0.7698,0.8082,0.9823,0.7329,0.0453
4,3,2,7,0.8599,0.8693,0.9773,0.8245,0.0261
4,3,2,8,0.8121,0.8149,0.9783,0.7663,0.0108
4,3,2,9,0.8133,0.8009,0.9804,0.7679,0.0113
4,3,2,10,0.8896,0.8974,0.9890,0.8625,0.0213
4,3,2,11,0.8003,0.8200,0.9902,0.7633,0.0340
4,3,3,0,0.7291,0.7740,0.9723,0.6898,0.0554
4,3,3,1,0.7894,0.8230,0.9804,0.7433,0.0153
4,3,3,2,0.5931,0.7116,0.9919,0.5003,0.0105
4,3,3,3,0.7553,0.7736,0.9950,0.7120,0.0375
4,3,3,4,0.7243,0.7583,0.9740,0.6871,0.0632
4,3,3,5,0.8393,0.8649,0.9999,0.8060,0.0218
4,3,3,6,0.8003,0.8330,0.9769,0.7493,0.0185
4,3,3,7,0.7737,0.7765,0.9982,0.7221,0.0105
4,3,3,8,0.7402,0.7539,0.9504,0.6764,0.0207
4,3,3,9,0.6541,0.6972,0.9840,0.5882,0.0269
4,3,3,10,0.7944,0.8325,0.9868,0.7546,0.0265
4,3,3,11,0.8621,0.9014,1.0000,0.8307,0.0112
4,3,4,0,0.6767,0.7056,0.9770,0.6162,0.0291
4,3,4,1,0.8092,0.8299,0.9868,0.7675,0.0130
4,3,4,2,0.7668,0.7965,0.9866,0.7285,0.0447
4,3,4,3,1.0000,1.0000,1.0000,1.0000,0.0000
4,3,4,4,0.8014,0.8356,0.9948,0.7663,0.0342
4,3,4,5,0.7720,0.8260,1.0000,0.7226,0.0169
4,3,4,6,0.8663,0.9013,0.9983,0.8369,0.0190
4,3,4,7,0.6901,0.7055,0.9986,0.6240,0.0210
4,3,4,8,0.7648,0.7960,0.9759,0.7294,0.0513
4,3,4,9,0.8331,0.8413,0.9469,0.7942,0.0093
4,3,4,10,0.7282,0.7642,0.9771,0.6914,0.0618
4,3,4,11,0.4452,0.5725,0.9727,0.3661,0.0678
4,3,5,0,0.7472,0.7876,0.9709,0.7104,0.0523
4,3,5,1,0.7085,0.7492,0.9715,0.6721,0.0673
4,3,5,2,0.8702,0.8750,0.9672,0.8395,0.0135
4,3,5,3,0.8333,0.8234,0.9273,0.7917,0.0157
4,3,5,4,0.7695,0.7596,0.9779,0.7169,0.0150
4,3,5,5,0.7262,0.7662,0.9775,0.6882,0.0601
4,3,5,6,0.7763,0.8146,0.9781,0.7375,0.0376
4,3,5,7,0.7704,0.7950,0.9999,0.7287,0.0348
4,3,5,8,0.7523,0.8113,0.9811,0.7121,0.0433
4,3,5,9,0.7339,0.7638,0.9763,0.6973,0.0615
4,3,5,10,0.8204,0.8498,0.9902,0.7899,0.0370
4,3,5,11,0.7867,0.8145,0.9853,0.7514,0.0416
4,3,6,0,0.9006,0.8831,0.9545,0.8766,0.0181
4,3,6,1,0.7388,0.7709,0.9824,0.7010,0.0548
4,3,6,2,0.7515,0.7846,0.9879,0.7129,0.0508
4,3,6,3,0.7999,0.8375,0.9821,0.7680,0.0413
4,3,6,4,0.8457,0.8639,0.9904,0.8134,0.0186
4,3,6,5,0.8200,0.8495,0.9920,0.7865,0.0317
4,3,6,6,0.7331,0.7703,0.9790,0.6946,0.0571
4,3,6,7,0.8779,0.9016,0.9917,0.8527,0.0160
4,3,6,8,0.8675,0.8920,0.9981,0.8405,0.0182
4,3,6,9,0.7089,0.7476,0.9739,0.6719,0.0666
4,3,6,10,0.7274,0.7607,0.9732,0.6911,0.0640
4,3,6,11,0.7753,0.7793,0.9430,0.7210,0.0130
4,3,7,0,0.6268,0.7056,1.0000,0.5504,0.0207
4,3,7,1,0.7584,0.7970,0.9787,0.7211,0.0485
4,3,7,2,0.7150,0.7572,0.9729,0.6784,0.0659
4,3,7,3,0.8373,0.8745,0.9948,0.8048,0.0218
4,3,7,4,0.8234,0.8703,0.9905,0.7912,0.0275
4,3,7,5,0.7790,0.8020,0.9964,0.7389,0.0361
4,3,7,6,0.7586,0.7842,0.9765,0.7225,0.0529
4,3,7,7,0.7454,0.7812,0.9763,0.7095,0.0572
4,3,7,8,0.8364,0.8604,0.9996,0.8040,0.0252
4,3,7,9,0.7867,0.7995,0.9787,0.7430,0.0186
4,3,7,10,0.7127,0.7511,0.9770,0.6752,0.0651
4,3,7,11,0.7202,0.7598,0.9753,0.6832,0.0643
4,3,8,0,0.7448,0.7706,0.9956,0.7025,0.0450
4,3,8,1,0.7263,0.7666,0.9782,0.6895,0.0613
4,3,8,2,0.7764,0.8028,0.9893,0.7385,0.0416
4,3,8,3,0.7495,0.7823,0.9802,0.7129,0.0544
4,3,8,4,0.6964,0.7715,0.9815,0.6324,0.0197
4,3,8,5,0.8363,0.8490,0.9980,0.8003,0.0084
4,3,8,6,0.7362,0.7715,0.9745,0.7001,0.0602
4,3,8,7,0.6394,0.6735,0.9974,0.5654,0.0188
4,3,8,8,0.8112,0.8395,0.9957,0.7736,0.0239
4,3,8,9,0.7976,0.8253,0.9845,0.7628,0.0371
4,3,8,10,0.7804,0.8094,0.9935,0.7415,0.0387
4,3,8,11,0.7336,0.7609,0.9759,0.6957,0.0584
4,3,9,0,0.7579,0.7745,0.9773,0.7192,0.0450
4,3,9,1,0.7334,0.7719,0.9817,0.6959,0.0582
4,3,9,2,0.7466,0.7737,0.9807,0.7088,0.0523
4,3,9,3,0.6996,0.7086,0.9598,0.6259,0.0125
4,3,9,4,0.7368,0.7744,0.9768,0.7003,0.0590
4,3,9,5,0.7523,0.7818,0.9801,0.7133,0.0485
4,3,9,6,0.7166,0.7522,0.9728,0.6801,0.0660
4,3,9,7,0.8140,0.8483,0.9849,0.7811,0.0329
4,3,9,8,0.7265,0.7592,0.9745,0.6890,0.0613
4,3,9,9,0.7189,0.7558,0.9744,0.6823,0.0656
4,3,9,10,0.8163,0.8578,0.9965,0.7752,0.0108
4,3,9,11,0.7173,0.7535,0.9748,0.6804,0.0657
4,3,10,0,0.7317,0.7604,0.9733,0.6948,0.0609
4,3,10,1,0.7299,0.7597,0.9737,0.6935,0.0623
4,3,10,2,0.7390,0.7743,0.9796,0.7028,0.0598
4,3,10,3,0.7404,0.7742,0.9932,0.6994,0.0496
4,3,10,4,0.7422,0.7682,0.9938,0.6966,0.0358
4,3,10,5,0.8087,0.8511,0.9994,0.7724,0.0218
4,3,10,6,0.7429,0.7686,0.9753,0.7058,0.0563
4,3,10,7,0.7438,0.7783,0.9831,0.7045,0.0516
4,3,10,8,0.7165,0.7534,0.9747,0.6793,0.0656
4,3,10,9,0.8434,0.8785,0.9994,0.8095,0.0146
4,3,10,10,0.7176,0.7518,0.9738,0.6808,0.0655
4,3,10,11,0.6569,0.6829,0.9987,0.5957,0.0362
4,3,11,0,0.7037,0.6440,0.8537,0.6198,0.0359
4,3,11,1,0.7761,0.7961,0.9943,0.7375,0.0413
4,3,11,2,0.7241,0.7555,0.9847,0.6856,0.0607
4,3,11,3,0.8010,0.8059,0.9804,0.7526,0.0131
4,3,11,4,0.7734,0.7931,1.0000,0.7315,0.0375
4,3,11,5,0.7412,0.7795,0.9873,0.7041,0.0551
4,3,11,6,0.7256,0.7563,0.9768,0.6887,0.0635
4,3,11,7,0.7678,0.8018,0.9926,0.7301,0.0453
4,3,11,8,0.3646,0.6212,0.9935,0.2129,0.0143
4,3,11,9,0.7360,0.7687,0.9788,0.6994,0.0609
4,3,11,10,0.7788,0.7990,0.9864,0.7295,0.0177
4,3,11,11,0.8086,0.8346,0.9992,0.7697,0.0234
4,4,0,0,0.9118,0.9172,0.9666,0.9005,0.0451
4,4,0,1,0.1884,0.2887,0.9979,0.0848,0.0299
4,4,0,2,0.8872,0.8823,0.8842,0.8735,0.0537
4,4,0,3,0.2894,0.3210,0.9816,0.1910,0.0203
4,4,0,4,0.4992,0.5118,0.9839,0.4139,0.0181
4,4,0,5,0.2450,0.2952,0.9916,0.1448,0.0236
4,4,0,6,0.8378,0.8525,0.9793,0.8110,0.0548
4,4,0,7,0.7197,0.7295,0.9103,0.6657,0.0597
4,4,0,8,0.6510,0.6528,0.9575,0.5804,0.0559
4,4,0,9,0.8485,0.8387,0.8085,0.8292,0.0639
4,4,0,10,0.8060,0.7890,0.8682,0.7747,0.0632
4,4,0,11,0.8850,0.8750,0.9043,0.8724,0.0564
4,4,1,0,0.7886,0.8047,0.9799,0.7504,0.0521
4,4,1,1,0.9009,0.9048,0.9912,0.8856,0.0386
4,4,1,2,0.8943,0.9005,0.9875,0.8790,0.0489
4,4,1,3,0.9383,0.9175,0.9226,0.9327,0.0383
4,4,1,4,0.9690,0.9707,0.9902,0.9667,0.0315
4,4,1,5,0.9561,0.9660,0.9982,0.9497,0.0219
4,4,1,6,0.8987,0.9013,0.9980,0.8825,0.0345
4,4,1,7,0.9562,0.9561,0.9950,0.9510,0.0304
4,4,1,8,0.9559,0.9613,0.9724,0.9510,0.0300
4,4,1,9,0.9710,0.9766,0.9970,0.9668,0.0167
4,4,1,10,0.2653,0.6479,0.9187,0.1018,0.0613
4,4,1,11,0.3814,0.3755,0.9932,0.2897,0.0159
4,4,2,0,0.8634,0.8622,0.9603,0.8418,0.0504
4,4,2,1,0.9720,0.9709,0.9975,0.9678,0.0097
4,4,2,2,0.4973,0.6314,0.9615,0.4056,0.0298
4,4,2,3,0.7151,0.7485,0.9896,0.6618,0.0447
4,4,2,4,0.9373,0.9540,0.9995,0.9274,0.0224
4,4,2,5,0.7808,0.8004,0.9632,0.7410,0.0479
4,4,2,6,0.9817,0.9855,0.9963,0.9793,0.0126
4,4,2,7,0.8070,0.8231,0.9506,0.7738,0.0572
4,4,2,8,0.8163,0.8040,0.9521,0.7840,0.0418
4,4,2,9,0.6027,0.6464,0.9552,0.5260,0.0426
4,4,2,10,0.9136,0.9126,0.9688,0.9030,0.0489
4,4,2,11,0.9855,0.9849,0.9993,0.9832,0.0134
4,4,3,0,0.9708,0.9690,0.9911,0.9678,0.0214
4,4,3,1,0.9247,0.9256,0.9552,0.9127,0.0270
4,4,3,2,0.4742,0.6154,0.9738,0.3767,0.0308
4,4,3,3,0.9356,0.9401,1.0000,0.9257,0.0122
4,4,3,4,0.9710,0.9650,0.9920,0.9689,0.0293
4,4,3,5,0.9769,0.9749,0.9959,0.9737,0.0180
4,4,3,6,0.6538,0.6781,0.9500,0.5853,0.0506
4,4,3,7,0.6599,0.6668,0.9870,0.5979,0.0335
4,4,3,8,0.8041,0.7893,0.9138,0.7692,0.0450
4,4,3,9,0.6399,0.7372,0.9607,0.5822,0.0157
4,4,3,10,0.9756,0.9687,0.9982,0.9718,0.0109
4,4,3,11,0.7474,0.7975,0.9949,0.7021,0.0341
4,4,4,0,0.6771,0.6660,0.9501,0.6260,0.0148
4,4,4,1,0.9034,0.9064,0.9651,0.8875,0.0268
4,4,4,2,0.9783,0.9735,0.9981,0.9752,0.0129
4,4,4,3,0.8014,0.8356,0.9948,0.7663,0.0342
4,4,4,4,1.0000,1.0000,1.0000,1.0000,0.0000
4,4,4,5,0.7427,0.7947,0.9945,0.6978,0.0257
4,4,4,6,0.9642,0.9641,0.9871,0.9595,0.0247
4,4,4,7,0.6012,0.6071,0.9879,0.5315,0.0235
4,4,4,8,0.9864,0.9815,0.9930,0.9850,0.0173
4,4,4,9,0.9208,0.9033,0.9091,0.9089,0.0338
4,4,4,10,0.9731,0.9681,0.9937,0.9711,0.0278
4,4,4,11,0.2559,0.4543,0.9913,0.1636,0.0338
4,4,5,0,0.9789,0.9806,0.9903,0.9769,0.0194
4,4,5,1,0.9647,0.9588,0.9906,0.9627,0.0333
4,4,5,2,0.8617,0.8489,0.9362,0.8383,0.0375
4,4,5,3,0.8706,0.8397,0.8843,0.8503,0.0466
4,4,5,4,0.8122,0.7949,0.9514,0.7792,0.0303
4,4,5,5,0.9730,0.9686,0.9939,0.9708,0.0261
4,4,5,6,0.9115,0.9138,0.9942,0.8980,0.0152
4,4,5,7,0.9191,0.9241,0.9935,0.9064,0.0150
4,4,5,8,0.9731,0.9741,0.9957,0.9694,0.0125
4,4,5,9,0.9729,0.9667,0.9933,0.9707,0.0275
4,4,5,10,0.9893,0.9891,0.9993,0.9876,0.0075
4,4,5,11,0.9911,0.9907,0.9976,0.9899,0.0079
4,4,6,0,0.7551,0.7526,0.9191,0.7099,0.0447
4,4,6,1,0.9593,0.9510,0.9963,0.9547,0.0209
4,4,6,2,0.9821,0.9788,0.9986,0.9800,0.0168
4,4,6,3,0.9850,0.9862,0.9962,0.9830,0.0100
4,4,6,4,0.9417,0.9414,0.9993,0.9325,0.0188
4,4,6,5,0.9924,0.9934,0.9997,0.9912,0.0083
4,4,6,6,0.9767,0.9724,0.9947,0.9745,0.0231
4,4,6,7,0.9577,0.9704,0.9996,0.9512,0.0190
4,4,6,8,0.9431,0.9524,0.9992,0.9341,0.0186
4,4,6,9,0.9659,0.9603,0.9919,0.9640,0.0327
4,4,6,10,0.9720,0.9655,0.9916,0.9700,0.0300
4,4,6,11,0.8181,0.8121,0.9042,0.7861,0.0401
4,4,7,0,0.6517,0.7279,0.9950,0.5928,0.0251
4,4,7,1,0.9821,0.9810,0.9946,0.9800,0.0151
4,4,7,2,0.9694,0.9658,0.9914,0.9677,0.0319
4,4,7,3,0.9680,0.9710,1.0000,0.9631,0.0148
4,4,7,4,0.9481,0.9460,0.9994,0.9399,0.0101
4,4,7,5,0.9749,0.9717,0.9999,0.9709,0.0100
4,4,7,6,0.9806,0.9753,0.9934,0.9786,0.0189
4,4,7,7,0.9832,0.9789,0.9933,0.9820,0.0232
4,4,7,8,0.9592,0.9528,0.9974,0.9528,0.0148
4,4,7,9,0.8930,0.8755,0.9527,0.8753,0.0172
4,4,7,10,0.9689,0.9631,0.9936,0.9670,0.0311
4,4,7,11,0.9715,0.9687,0.9927,0.9696,0.0303
4,4,8,0,0.9626,0.9595,1.0000,0.9572,0.0121
4,4,8,1,0.9758,0.9693,0.9943,0.9744,0.0273
4,4,8,2,0.9855,0.9828,0.9990,0.9833,0.0105
4,4,8,3,0.9783,0.9732,0.9953,0.9761,0.0205
4,4,8,4,0.7775,0.8611,0.9568,0.7395,0.0237
4,4,8,5,0.8860,0.8664,0.9863,0.8670,0.0282
4,4,8,6,0.9761,0.9698,0.9923,0.9744,0.0262
4,4,8,7,0.7018,0.7357,0.9847,0.6514,0.0247
4,4,8,8,0.9616,0.9622,1.0000,0.9555,0.0122
4,4,8,9,0.9831,0.9842,0.9972,0.9805,0.0079
4,4,8,10,0.9861,0.9842,0.9999,0.9840,0.0102
4,4,8,11,0.9700,0.9636,0.9930,0.9670,0.0244
4,4,9,0,0.9459,0.9423,0.9938,0.9383,0.0139
4,4,9,1,0.9757,0.9691,0.9960,0.9736,0.0243
4,4,9,2,0.9730,0.9660,0.9955,0.9699,0.0184
4,4,9,3,0.7414,0.7407,0.9262,0.6933,0.0422
4,4,9,4,0.9755,0.9710,0.9936,0.9735,0.0251
4,4,9,5,0.9731,0.9698,0.9952,0.9697,0.0146
4,4,9,6,0.9676,0.9605,0.9913,0.9656,0.0320
4,4,9,7,0.9773,0.9793,0.9974,0.9737,0.0076
4,4,9,8,0.9702,0.9635,0.9923,0.9677,0.0273
4,4,9,9,0.9696,0.9626,0.9923,0.9677,0.0316
4,4,9,10,0.8500,0.8552,0.9828,0.8243,0.0293
4,4,9,11,0.9681,0.9616,0.9925,0.9660,0.0317
4,4,10,0,0.9684,0.9618,0.9916,0.9656,0.0269
4,4,10,1,0.9710,0.9649,0.9919,0.9688,0.0283
4,4,10,2,0.9767,0.9718,0.9950,0.9749,0.0258
4,4,10,3,0.9769,0.9725,0.9999,0.9739,0.0156
4,4,10,4,0.9441,0.9411,1.0000,0.9355,0.0063
4,4,10,5,0.9031,0.9001,0.9977,0.8875,0.0172
4,4,10,6,0.9684,0.9626,0.9927,0.9650,0.0223
4,4,10,7,0.9756,0.9714,0.9966,0.9727,0.0176
4,4,10,8,0.9678,0.9613,0.9924,0.9657,0.0316
4,4,10,9,0.9128,0.9182,0.9978,0.8986,0.0228
4,4,10,10,0.9673,0.9601,0.9919,0.9651,0.0315
4,4,10,11,0.8023,0.8079,0.9987,0.7722,0.0119
4,4,11,0,0.6534,0.6603,0.7962,0.5816,0.0681
4,4,11,1,0.9771,0.9732,1.0000,0.9736,0.0094
4,4,11,2,0.9697,0.9641,0.9973,0.9670,0.0268
4,4,11,3,0.8787,0.8896,0.9552,0.8593,0.0371
4,4,11,4,0.9791,0.9746,0.9957,0.9758,0.0140
4,4,11,5,0.9737,0.9681,0.9983,0.9712,0.0235
4,4,11,6,0.9698,0.9630,0.9935,0.9675,0.0295
4,4,11,7,0.9828,0.9805,0.9998,0.9805,0.0113
4,4,11,8,0.2408,0.5992,0.9768,0.0925,0.0412
4,4,11,9,0.9763,0.9706,0.9946,0.9744,0.0269
4,4,11,10,0.9426,0.9389,0.9644,0.9341,0.0239
4,4,11,11,0.9641,0.9680,0.9980,0.9586,0.0132
4,5,0,0,0.8293,0.8797,0.9881,0.7899,0.0307
4,5,0,1,0.2196,0.4101,0.9992,0.1057,0.0543
4,5,0,2,0.8590,0.8689,0.9282,0.8271,0.0376
4,5,0,3,0.3397,0.4494,0.9962,0.2354,0.0397
4,5,0,4,0.5561,0.6689,0.9972,0.4687,0.0160
4,5,0,5,0.2723,0.4055,0.9997,0.1620,0.0485
4,5,0,6,0.8241,0.8965,0.9951,0.7830,0.0357
4,5,0,7,0.7889,0.8395,0.9486,0.7381,0.0379
4,5,0,8,0.7016,0.7182,0.9824,0.6274,0.0375
4,5,0,9,0.8375,0.8383,0.8656,0.8006,0.0466
4,5,0,10,0.7727,0.8158,0.9153,0.7168,0.0415
4,5,0,11,0.8186,0.8488,0.9440,0.7757,0.0412
4,5,1,0,0.8994,0.9082,0.9954,0.8772,0.0319
4,5,1,1,0.8533,0.8972,0.9996,0.8206,0.0205
4,5,1,2,0.8284,0.8797,0.9986,0.7889,0.0345
4,5,1,3,0.7892,0.7871,0.9578,0.7401,0.0291
4,5,1,4,0.8144,0.8542,0.9994,0.7735,0.0281
4,5,1,5,0.7953,0.8609,0.9990,0.7531,0.0143
4,5,1,6,0.8038,0.8791,0.9991,0.7606,0.0156
4,5,1,7,0.8256,0.8606,1.0000,0.7876,0.0247
4,5,1,8,0.8145,0.8619,0.9915,0.7736,0.0195
4,5,1,9,0.7881,0.8391,0.9996,0.7459,0.0148
4,5,1,10,0.4059,0.6751,0.9550,0.2523,0.0439
4,5,1,11,0.4099,0.4918,0.9999,0.3100,0.0321
4,5,2,0,0.8852,0.9069,0.9842,0.8596,0.0299
4,5,2,1,0.7744,0.7964,0.9846,0.7371,0.0333
4,5,2,2,0.6621,0.7695,0.9850,0.5901,0.0080
4,5,2,3,0.8686,0.8890,0.9992,0.8391,0.0232
4,5,2,4,0.8387,0.8527,0.9972,0.8057,0.0075
4,5,2,5,0.8372,0.8754,0.9860,0.7998,0.0266
4,5,2,6,0.7265,0.7746,0.9818,0.6827,0.0354
4,5,2,7,0.7954,0.8589,0.9778,0.7464,0.0386
4,5,2,8,0.8341,0.8520,0.9788,0.7965,0.0214
4,5,2,9,0.7351,0.7963,0.9809,0.6744,0.0209
4,5,2,10,0.8230,0.8761,0.9894,0.7820,0.0348
4,5,2,11,0.7750,0.8033,0.9898,0.7342,0.0302
4,5,3,0,0.7285,0.7623,0.9717,0.6896,0.0466
4,5,3,1,0.8359,0.8598,0.9809,0.8016,0.0071
4,5,3,2,0.6945,0.7966,0.9922,0.6283,0.0140
4,5,3,3,0.7424,0.7761,0.9947,0.6979,0.0272
4,5,3,4,0.7146,0.7398,0.9734,0.6762,0.0544
4,5,3,5,0.7839,0.8374,0.9999,0.7408,0.0230
4,5,3,6,0.8021,0.8597,0.9774,0.7554,0.0312
4,5,3,7,0.7558,0.8386,0.9984,0.7031,0.0125
4,5,3,8,0.8227,0.8373,0.9512,0.7823,0.0203
4,5,3,9,0.6852,0.8085,0.9844,0.6276,0.0176
4,5,3,10,0.7947,0.8481,0.9864,0.7562,0.0177
4,5,3,11,0.9136,0.9296,1.0000,0.8951,0.0126
4,5,4,0,0.6516,0.7681,0.9775,0.5888,0.0201
4,5,4,1,0.8882,0.8761,0.9872,0.8648,0.0094
4,5,4,2,0.7617,0.7880,0.9861,0.7232,0.0367
4,5,4,3,0.7720,0.8260,1.0000,0.7226,0.0169
4,5,4,4,0.7427,0.7947,0.9945,0.6978,0.0257
4,5,4,5,1.0000,1.0000,1.0000,1.0000,0.0000
4,5,4,6,0.7865,0.8445,0.9984,0.7416,0.0231
4,5,4,7,0.6464,0.7296,0.9987,0.5744,0.0085
4,5,4,8,0.7285,0.7705,0.9753,0.6874,0.0425
4,5,4,9,0.8133,0.8334,0.9477,0.7722,0.0121
4,5,4,10,0.7129,0.7413,0.9765,0.6739,0.0530
4,5,4,11,0.4643,0.6273,0.9721,0.3909,0.0590
4,5,5,0,0.7249,0.7606,0.9703,0.6847,0.0425
4,5,5,1,0.7042,0.7287,0.9709,0.6671,0.0585
4,5,5,2,0.7945,0.8091,0.9678,0.7487,0.0144
4,5,5,3,0.8366,0.8511,0.9283,0.7990,0.0274
4,5,5,4,0.7096,0.7772,0.9784,0.6467,0.0088
4,5,5,5,0.7252,0.7557,0.9770,0.6874,0.0513
4,5,5,6,0.7819,0.8424,0.9776,0.7450,0.0270
4,5,5,7,0.7002,0.7881,1.0000,0.6467,0.0249
4,5,5,8,0.7668,0.8128,0.9806,0.7298,0.0348
4,5,5,9,0.7167,0.7400,0.9757,0.6776,0.0527
4,5,5,10,0.7534,0.7940,0.9898,0.7112,0.0285
4,5,5,11,0.7340,0.7705,0.9849,0.6901,0.0331
4,5,6,0,0.7799,0.8011,0.9552,0.7294,0.0198
4,5,6,1,0.6747,0.7421,0.9819,0.6267,0.0460
4,5,6,2,0.7352,0.7649,0.9875,0.6944,0.0422
4,5,6,3,0.7044,0.7656,0.9816,0.6563,0.0338
4,5,6,4,0.8023,0.8399,0.9901,0.7624,0.0130
4,5,6,5,0.7601,0.8051,0.9917,0.7162,0.0269
4,5,6,6,0.7267,0.7543,0.9785,0.6875,0.0485
4,5,6,7,0.7634,0.8357,0.9913,0.7161,0.0167
4,5,6,8,0.8443,0.8601,0.9980,0.8135,0.0105
4,5,6,9,0.7020,0.7255,0.9733,0.6641,0.0579
4,5,6,10,0.7111,0.7358,0.9726,0.6723,0.0552
4,5,6,11,0.8413,0.8518,0.9439,0.8055,0.0163
4,5,7,0,0.7911,0.8483,1.0000,0.7503,0.0083
4,5,7,1,0.7207,0.7707,0.9782,0.6776,0.0403
4,5,7,2,0.7058,0.7316,0.9723,0.6679,0.0571
4,5,7,3,0.8152,0.8516,0.9945,0.7794,0.0216
4,5,7,4,0.8222,0.8336,0.9902,0.7905,0.0214
4,5,7,5,0.7664,0.8011,0.9961,0.7251,0.0278
4,5,7,6,0.7169,0.7595,0.9759,0.6743,0.0441
4,5,7,7,0.7097,0.7498,0.9757,0.6683,0.0484
4,5,7,8,0.7620,0.8247,0.9995,0.7162,0.0132
4,5,7,9,0.8375,0.8154,0.9793,0.8055,0.0104
4,5,7,10,0.7030,0.7290,0.9764,0.6642,0.0563
4,5,7,11,0.7108,0.7382,0.9747,0.6724,0.0555
4,5,8,0,0.7467,0.7624,0.9954,0.7056,0.0362
4,5,8,1,0.7026,0.7398,0.9777,0.6623,0.0525
4,5,8,2,0.7407,0.7831,0.9889,0.6972,0.0352
4,5,8,3,0.7111,0.7593,0.9797,0.6686,0.0462
4,5,8,4,0.8010,0.8451,0.9820,0.7610,0.0088
4,5,8,5,0.8455,0.8557,0.9982,0.8131,0.0190
4,5,8,6,0.7029,0.7426,0.9739,0.6617,0.0514
4,5,8,7,0.7409,0.7932,0.9975,0.6901,0.0092
4,5,8,8,0.8054,0.8562,0.9955,0.7679,0.0216
4,5,8,9,0.7416,0.7865,0.9840,0.6974,0.0296
4,5,8,10,0.7619,0.7969,0.9932,0.7206,0.0310
4,5,8,11,0.7279,0.7558,0.9753,0.6893,0.0496
4,5,9,0,0.7408,0.7936,0.9767,0.6999,0.0349
4,5,9,1,0.7092,0.7498,0.9812,0.6681,0.0497
4,5,9,2,0.7122,0.7583,0.9802,0.6691,0.0436
4,5,9,3,0.7860,0.8000,0.9605,0.7369,0.0210
4,5,9,4,0.7062,0.7465,0.9763,0.6651,0.0502
4,5,9,5,0.7473,0.7814,0.9796,0.7081,0.0403
4,5,9,6,0.7064,0.7309,0.9722,0.6684,0.0572
4,5,9,7,0.7410,0.7975,0.9844,0.6954,0.0254
4,5,9,8,0.7137,0.7440,0.9739,0.6744,0.0525
4,5,9,9,0.7066,0.7325,0.9738,0.6683,0.0568
4,5,9,10,0.8673,0.8748,0.9967,0.8391,0.0114
4,5,9,11,0.7113,0.7331,0.9742,0.6737,0.0569
4,5,10,0,0.7154,0.7438,0.9727,0.6761,0.0521
4,5,10,1,0.7076,0.7359,0.9731,0.6679,0.0535
4,5,10,2,0.7180,0.7441,0.9791,0.6786,0.0510
4,5,10,3,0.7167,0.7516,0.9929,0.6723,0.0413
4,5,10,4,0.7547,0.8166,0.9935,0.7126,0.0270
4,5,10,5,0.7865,0.7924,0.9993,0.7470,0.0148
4,5,10,6,0.7198,0.7505,0.9747,0.6793,0.0475
4,5,10,7,0.7288,0.7666,0.9826,0.6875,0.0433
4,5,10,8,0.7073,0.7303,0.9741,0.6689,0.0568
4,5,10,9,0.8095,0.8374,0.9993,0.7700,0.0155
4,5,10,10,0.7063,0.7303,0.9732,0.6679,0.0567
4,5,10,11,0.7036,0.7877,0.9986,0.6529,0.0264
4,5,11,0,0.7007,0.6937,0.8551,0.6226,0.0481
4,5,11,1,0.7439,0.7761,0.9940,0.7003,0.0331
4,5,11,2,0.7138,0.7353,0.9842,0.6740,0.0525
4,5,11,3,0.7760,0.8329,0.9809,0.7248,0.0177
4,5,11,4,0.7519,0.7745,0.9999,0.7073,0.0321
4,5,11,5,0.6900,0.7445,0.9868,0.6449,0.0455
4,5,11,6,0.7102,0.7340,0.9762,0.6710,0.0547
4,5,11,7,0.7394,0.7723,0.9923,0.6975,0.0370
4,5,11,8,0.3742,0.6615,0.9938,0.2324,0.0184
4,5,11,9,0.7136,0.7406,0.9783,0.6737,0.0523
4,5,11,10,0.7799,0.8515,0.9868,0.7333,0.0155
4,5,11,11,0.8240,0.8564,0.9991,0.7896,0.0182
4,6,0,0,0.9408,0.9608,0.9952,0.9282,0.0210
4,6,0,1,0.1864,0.2900,0.9953,0.0658,0.0546
4,6,0,2,0.9317,0.9310,0.9476,0.9184,0.0298
4,6,0,3,0.3030,0.3230,0.9995,0.1913,0.0442
4,6,0,4,0.5324,0.5344,0.9998,0.4390,0.0152
4,6,0,5,0.2403,0.2884,0.9995,0.1235,0.0483
4,6,0,6,0.8921,0.9087,0.9991,0.8675,0.0312
4,6,0,7,0.8061,0.8166,0.9648,0.7587,0.0374
4,6,0,8,0.7253,0.7236,0.9914,0.6559,0.0320
4,6,0,9,0.9099,0.8993,0.8924,0.8934,0.0392
4,6,0,10,0.8396,0.8252,0.9365,0.8018,0.0391
4,6,0,11,0.9279,0.9174,0.9610,0.9147,0.0320
4,6,1,0,0.8516,0.8824,0.9992,0.8169,0.0308
4,6,1,1,0.9390,0.9442,0.9996,0.9254,0.0163
4,6,1,2,0.9426,0.9463,1.0000,0.9303,0.0245
4,6,1,3,0.9279,0.9018,0.9725,0.9121,0.0215
4,6,1,4,0.9796,0.9783,0.9998,0.9753,0.0121
4,6,1,5,0.9537,0.9679,0.9949,0.9440,0.0119
4,6,1,6,0.9095,0.9417,0.9952,0.8893,0.0169
4,6,1,7,0.9748,0.9744,0.9981,0.9693,0.0097
4,6,1,8,0.9654,0.9739,0.9972,0.9579,0.0093
4,6,1,9,0.9628,0.9713,0.9965,0.9554,0.0153
4,6,1,10,0.3562,0.6958,0.9701,0.1867,0.0400
4,6,1,11,0.3802,0.3694,0.9990,0.2738,0.0374
4,6,2,0,0.9249,0.9321,0.9926,0.9084,0.0273
4,6,2,1,0.9324,0.9368,0.9733,0.9231,0.0317
4,6,2,2,0.6053,0.7109,0.9931,0.5200,0.0256
4,6,2,3,0.7903,0.8334,0.9999,0.7417,0.0256
4,6,2,4,0.9282,0.9504,0.9915,0.9133,0.0188
4,6,2,5,0.8589,0.8677,0.9938,0.8260,0.0295
4,6,2,6,0.9507,0.9440,0.9696,0.9457,0.0370
4,6,2,7,0.8660,0.8701,0.9880,0.8348,0.0338
4,6,2,8,0.8738,0.8733,0.9888,0.8448,0.0235
4,6,2,9,0.7093,0.7385,0.9903,0.6414,0.0251
4,6,2,10,0.9540,0.9498,0.9960,0.9448,0.0243
4,6,2,11,0.9550,0.9485,0.9802,0.9477,0.0234
4,6,3,0,0.9102,0.9088,0.9569,0.9011,0.0460
4,6,3,1,0.9368,0.9473,0.9903,0.9234,0.0220
4,6,3,2,0.5698,0.7166,0.9976,0.4752,0.0174
4,6,3,3,0.9045,0.9011,0.9874,0.8891,0.0314
4,6,3,4,0.9119,0.9044,0.9590,0.9050,0.0539
4,6,3,5,0.9725,0.9772,0.9975,0.9671,0.0098
4,6,3,6,0.7698,0.7955,0.9878,0.7138,0.0296
4,6,3,7,0.7411,0.7495,1.0000,0.6843,0.0251
4,6,3,8,0.8574,0.8556,0.9670,0.8244,0.0358
4,6,3,9,0.7082,0.7998,0.9928,0.6542,0.0265
4,6,3,10,0.9490,0.9435,0.9756,0.9399,0.0209
4,6,3,11,0.8183,0.8578,0.9982,0.7784,0.0244
4,6,4,0,0.7210,0.7406,0.9878,0.6704,0.0282
4,6,4,1,0.9020,0.9274,0.9946,0.8813,0.0197
4,6,4,2,0.9364,0.9338,0.9753,0.9284,0.0354
4,6,4,3,0.8663,0.9013,0.9983,0.8369,0.0190
4,6,4,4,0.9642,0.9641,0.9871,0.9595,0.0247
4,6,4,5,0.7865,0.8445,0.9984,0.7416,0.0231
4,6,4,6,1.0000,1.0000,1.0000,1.0000,0.0000
4,6,4,7,0.6505,0.6399,1.0000,0.5783,0.0248
4,6,4,8,0.9434,0.9345,0.9613,0.9385,0.0420
4,6,4,9,0.9525,0.9380,0.9641,0.9421,0.0189
4,6,4,10,0.9148,0.9074,0.9629,0.9081,0.0525
4,6,4,11,0.3584,0.5155,0.9574,0.2678,0.0585
4,6,5,0,0.9275,0.9284,0.9552,0.9208,0.0441
4,6,5,1,0.9000,0.8927,0.9559,0.8934,0.0580
4,6,5,2,0.9231,0.9135,0.9804,0.9059,0.0260
4,6,5,3,0.9144,0.9124,0.9477,0.8952,0.0237
4,6,5,4,0.8718,0.8378,0.9885,0.8437,0.0206
4,6,5,5,0.9163,0.9113,0.9634,0.9093,0.0508
4,6,5,6,0.8868,0.8981,0.9642,0.8686,0.0352
4,6,5,7,0.9137,0.9135,0.9989,0.8993,0.0307
4,6,5,8,0.9397,0.9464,0.9681,0.9326,0.0358
4,6,5,9,0.9180,0.9080,0.9619,0.9114,0.0522
4,6,5,10,0.9586,0.9586,0.9803,0.9534,0.0285
4,6,5,11,0.9538,0.9474,0.9736,0.9486,0.0325
4,6,6,0,0.8279,0.8488,0.9704,0.7878,0.0321
4,6,6,1,0.9239,0.9086,0.9697,0.9169,0.0455
4,6,6,2,0.9343,0.9307,0.9771,0.9273,0.0415
4,6,6,3,0.9629,0.9597,0.9693,0.9597,0.0312
4,6,6,4,0.9356,0.9397,0.9806,0.9226,0.0151
4,6,6,5,0.9695,0.9669,0.9829,0.9649,0.0206
4,6,6,6,0.9200,0.9138,0.9653,0.9126,0.0478
4,6,6,7,0.9761,0.9757,0.9824,0.9714,0.0104
4,6,6,8,0.9417,0.9565,0.9928,0.9302,0.0160
4,6,6,9,0.9009,0.8936,0.9588,0.8940,0.0573
4,6,6,10,0.9130,0.9033,0.9580,0.9065,0.0547
4,6,6,11,0.8560,0.8736,0.9610,0.8230,0.0262
4,6,7,0,0.6752,0.7584,0.9982,0.6108,0.0264
4,6,7,1,0.9401,0.9303,0.9650,0.9341,0.0397
4,6,7,2,0.9063,0.9007,0.9577,0.8999,0.0565
4,6,7,3,0.9642,0.9764,0.9871,0.9575,0.0119
4,6,7,4,0.9311,0.9580,0.9808,0.9196,0.0211
4,6,7,5,0.9422,0.9382,0.9896,0.9332,0.0257
4,6,7,6,0.9357,0.9240,0.9621,0.9297,0.0436
4,6,7,7,0.9325,0.9224,0.9619,0.9275,0.0479
4,6,7,8,0.9516,0.9557,0.9961,0.9427,0.0230
4,6,7,9,0.8907,0.9005,0.9891,0.8691,0.0188
4,6,7,10,0.9058,0.8976,0.9628,0.8990,0.0558
4,6,7,11,0.9093,0.9043,0.9606,0.9025,0.0550
4,6,8,0,0.9121,0.9108,0.9884,0.8998,0.0352
4,6,8,1,0.9201,0.9099,0.9644,0.9146,0.0519
4,6,8,2,0.9499,0.9424,0.9790,0.9435,0.0320
4,6,8,3,0.9285,0.9194,0.9669,0.9220,0.0451
4,6,8,4,0.7836,0.8910,0.9910,0.7395,0.0240
4,6,8,5,0.9050,0.9170,1.0000,0.8848,0.0127
4,6,8,6,0.9245,0.9127,0.9596,0.9190,0.0509
4,6,8,7,0.7211,0.7639,0.9999,0.6658,0.0241
4,6,8,8,0.9474,0.9506,0.9886,0.9375,0.0132
4,6,8,9,0.9559,0.9490,0.9724,0.9502,0.0275
4,6,8,10,0.9475,0.9437,0.9851,0.9399,0.0283
4,6,8,11,0.9167,0.9075,0.9614,0.9091,0.0491
4,6,9,0,0.9123,0.9038,0.9631,0.9009,0.0380
4,6,9,1,0.9241,0.9145,0.9689,0.9179,0.0489
4,6,9,2,0.9288,0.9150,0.9675,0.9219,0.0430
4,6,9,3,0.7748,0.7908,0.9747,0.7221,0.0260
4,6,9,4,0.9237,0.9136,0.9625,0.9178,0.0497
4,6,9,5,0.9239,0.9172,0.9668,0.9148,0.0392
4,6,9,6,0.9058,0.8963,0.9575,0.8991,0.0567
4,6,9,7,0.9619,0.9578,0.9730,0.9567,0.0252
4,6,9,8,0.9124,0.9038,0.9596,0.9051,0.0519
4,6,9,9,0.9091,0.8997,0.9595,0.9027,0.0563
4,6,9,10,0.8652,0.9102,0.9997,0.8361,0.0190
4,6,9,11,0.9069,0.8984,0.9600,0.9001,0.0564
4,6,10,0,0.9120,0.9015,0.9581,0.9044,0.0516
4,6,10,1,0.9142,0.9032,0.9587,0.9076,0.0530
4,6,10,2,0.9235,0.9159,0.9661,0.9175,0.0505
4,6,10,3,0.9285,0.9231,0.9847,0.9203,0.0403
4,6,10,4,0.9116,0.9079,0.9855,0.8977,0.0278
4,6,10,5,0.8982,0.9318,0.9957,0.8797,0.0203
4,6,10,6,0.9169,0.9061,0.9606,0.9088,0.0470
4,6,10,7,0.9266,0.9178,0.9706,0.9187,0.0422
4,6,10,8,0.9065,0.8978,0.9599,0.8996,0.0563
4,6,10,9,0.9085,0.9353,0.9956,0.8892,0.0129
4,6,10,10,0.9063,0.8963,0.9587,0.8994,0.0561
4,6,10,11,0.7967,0.8016,0.9941,0.7622,0.0314
4,6,11,0,0.7209,0.7102,0.8829,0.6471,0.0434
4,6,11,1,0.9417,0.9311,0.9863,0.9336,0.0312
4,6,11,2,0.9113,0.9028,0.9727,0.9034,0.0514
4,6,11,3,0.8947,0.8920,0.9903,0.8708,0.0214
4,6,11,4,0.9440,0.9363,0.9977,0.9350,0.0266
4,6,11,5,0.9311,0.9195,0.9762,0.9255,0.0468
4,6,11,6,0.9112,0.9010,0.9625,0.9042,0.0542
4,6,11,7,0.9389,0.9381,0.9838,0.9316,0.0359
4,6,11,8,0.3107,0.6402,0.9985,0.1520,0.0299
4,6,11,9,0.9209,0.9117,0.9651,0.9146,0.0516
4,6,11,10,0.9331,0.9280,0.9943,0.9187,0.0163
4,6,11,11,0.9411,0.9545,0.9952,0.9297,0.0153
4,7,0,0,0.7105,0.6952,0.9946,0.6435,0.0314
4,7,0,1,0.7097,0.7775,0.9958,0.6721,0.0505
4,7,0,2,0.7197,0.6843,0.9460,0.6520,0.0386
4,7,0,3,0.8460,0.8572,0.9993,0.8250,0.0354
4,7,0,4,0.9123,0.9240,0.9997,0.8953,0.0177
4,7,0,5,0.7679,0.7951,0.9997,0.7368,0.0447
4,7,0,6,0.7950,0.7858,0.9989,0.7478,0.0384
4,7,0,7,0.7809,0.7772,0.9635,0.7295,0.0412
4,7,0,8,0.5966,0.5989,0.9907,0.4962,0.0392
4,7,0,9,0.7020,0.6757,0.8900,0.6271,0.0478
4,7,0,10,0.8514,0.8356,0.9347,0.8197,0.0450
4,7,0,11,0.7703,0.7454,0.9596,0.7156,0.0411
4,7,1,0,0.7588,0.7585,0.9990,0.7034,0.0352
4,7,1,1,0.7625,0.7639,0.9997,0.7101,0.0216
4,7,1,2,0.7950,0.7867,1.0000,0.7485,0.0346
4,7,1,3,0.6524,0.6127,0.9712,0.5716,0.0248
4,7,1,4,0.7085,0.6925,0.9999,0.6450,0.0303
4,7,1,5,0.7099,0.6946,0.9954,0.6510,0.0155
4,7,1,6,0.7480,0.7462,0.9957,0.6934,0.0189
4,7,1,7,0.6942,0.6698,0.9985,0.6285,0.0274
4,7,1,8,0.6704,0.6534,0.9968,0.5985,0.0197
4,7,1,9,0.6271,0.6154,0.9969,0.5538,0.0134
4,7,1,10,0.5131,0.6754,0.9688,0.3907,0.0451
4,7,1,11,0.8579,0.8527,0.9992,0.8358,0.0281
4,7,2,0,0.7053,0.7140,0.9920,0.6366,0.0324
4,7,2,1,0.5738,0.5543,0.9745,0.5022,0.0306
4,7,2,2,0.6414,0.7840,0.9925,0.5662,0.0092
4,7,2,3,0.6982,0.7322,0.9999,0.6304,0.0262
4,7,2,4,0.6477,0.6772,0.9921,0.5767,0.0092
4,7,2,5,0.7818,0.7934,0.9933,0.7322,0.0286
4,7,2,6,0.5926,0.5765,0.9709,0.5266,0.0329
4,7,2,7,0.8809,0.8628,0.9872,0.8558,0.0408
4,7,2,8,0.7249,0.7329,0.9880,0.6628,0.0234
4,7,2,9,0.7147,0.7745,0.9896,0.6505,0.0239
4,7,2,10,0.8025,0.7923,0.9955,0.7575,0.0349
4,7,2,11,0.6221,0.6041,0.9813,0.5537,0.0277
4,7,3,0,0.5642,0.5621,0.9584,0.4993,0.0428
4,7,3,1,0.6489,0.6213,0.9895,0.5767,0.0093
4,7,3,2,0.5590,0.6782,0.9973,0.4649,0.0142
4,7,3,3,0.5754,0.5707,0.9882,0.5018,0.0231
4,7,3,4,0.5068,0.4972,0.9605,0.4364,0.0506
4,7,3,5,0.6319,0.6045,0.9978,0.5594,0.0236
4,7,3,6,0.7361,0.7514,0.9869,0.6741,0.0332
4,7,3,7,0.6833,0.7835,1.0000,0.6160,0.0163
4,7,3,8,0.6866,0.6647,0.9657,0.6154,0.0241
4,7,3,9,0.4996,0.5298,0.9921,0.4088,0.0164
4,7,3,10,0.6955,0.7214,0.9767,0.6389,0.0150
4,7,3,11,0.6979,0.7484,0.9985,0.6337,0.0164
4,7,4,0,0.5844,0.5850,0.9870,0.5101,0.0165
4,7,4,1,0.6146,0.6092,0.9941,0.5354,0.0104
4,7,4,2,0.5627,0.5468,0.9764,0.4906,0.0340
4,7,4,3,0.6901,0.7055,0.9986,0.6240,0.0210
4,7,4,4,0.6012,0.6071,0.9879,0.5315,0.0235
4,7,4,5,0.6464,0.7296,0.9987,0.5744,0.0085
4,7,4,6,0.6505,0.6399,1.0000,0.5783,0.0248
4,7,4,7,1.0000,1.0000,1.0000,1.0000,0.0000
4,7,4,8,0.5512,0.5406,0.9628,0.4814,0.0387
4,7,4,9,0.6077,0.5974,0.9627,0.5224,0.0156
4,7,4,10,0.5182,0.5061,0.9642,0.4491,0.0492
4,7,4,11,0.3957,0.7142,0.9589,0.3129,0.0552
4,7,5,0,0.5510,0.5616,0.9567,0.4831,0.0390
4,7,5,1,0.4902,0.4869,0.9574,0.4212,0.0547
4,7,5,2,0.5984,0.6061,0.9794,0.5097,0.0193
4,7,5,3,0.6658,0.6309,0.9460,0.5880,0.0296
4,7,5,4,0.6898,0.7326,0.9877,0.6238,0.0110
4,7,5,5,0.5138,0.5097,0.9648,0.4430,0.0475
4,7,5,6,0.5598,0.6302,0.9656,0.4844,0.0230
4,7,5,7,0.5713,0.5680,0.9991,0.4953,0.0214
4,7,5,8,0.5635,0.5749,0.9694,0.4924,0.0310
4,7,5,9,0.5121,0.5015,0.9633,0.4412,0.0489
4,7,5,10,0.6177,0.6237,0.9813,0.5521,0.0247
4,7,5,11,0.6020,0.5896,0.9748,0.5358,0.0293
4,7,6,0,0.6486,0.6653,0.9691,0.5686,0.0241
4,7,6,1,0.5296,0.5062,0.9710,0.4589,0.0422
4,7,6,2,0.5406,0.5307,0.9782,0.4679,0.0387
4,7,6,3,0.5647,0.5616,0.9706,0.4933,0.0321
4,7,6,4,0.6604,0.6583,0.9816,0.5930,0.0136
4,7,6,5,0.6257,0.6240,0.9839,0.5576,0.0260
4,7,6,6,0.5372,0.5312,0.9667,0.4681,0.0447
4,7,6,7,0.6814,0.6860,0.9833,0.6187,0.0186
4,7,6,8,0.6145,0.6607,0.9934,0.5392,0.0135
4,7,6,9,0.4885,0.4838,0.9603,0.4186,0.0540
4,7,6,10,0.5104,0.5006,0.9595,0.4408,0.0514
4,7,6,11,0.6090,0.6206,0.9595,0.5209,0.0206
4,7,7,0,0.5429,0.6750,0.9985,0.4547,0.0121
4,7,7,1,0.5839,0.5770,0.9664,0.5185,0.0365
4,7,7,2,0.4993,0.5008,0.9591,0.4304,0.0533
4,7,7,3,0.6532,0.6619,0.9879,0.5867,0.0231
4,7,7,4,0.6045,0.6134,0.9818,0.5335,0.0210
4,7,7,5,0.5772,0.5627,0.9904,0.5022,0.0251
4,7,7,6,0.5468,0.5307,0.9635,0.4767,0.0403
4,7,7,7,0.5376,0.5373,0.9633,0.4693,0.0446
4,7,7,8,0.6263,0.6147,0.9965,0.5552,0.0110
4,7,7,9,0.5827,0.5601,0.9883,0.5015,0.0110
4,7,7,10,0.4943,0.4904,0.9642,0.4239,0.0525
4,7,7,11,0.5079,0.5106,0.9620,0.4386,0.0517
4,7,8,0,0.5431,0.5224,0.9892,0.4676,0.0329
4,7,8,1,0.5108,0.5057,0.9657,0.4411,0.0487
4,7,8,2,0.5687,0.5562,0.9801,0.4959,0.0324
4,7,8,3,0.5341,0.5224,0.9682,0.4634,0.0424
4,7,8,4,0.5849,0.6033,0.9903,0.5026,0.0097
4,7,8,5,0.6434,0.6332,1.0000,0.5697,0.0205
4,7,8,6,0.5209,0.5098,0.9610,0.4515,0.0476
4,7,8,7,0.5599,0.6031,0.9998,0.4748,0.0127
4,7,8,8,0.6333,0.6411,0.9894,0.5633,0.0202
4,7,8,9,0.6100,0.5874,0.9736,0.5432,0.0287
4,7,8,10,0.6050,0.6113,0.9859,0.5363,0.0285
4,7,8,11,0.5235,0.5094,0.9628,0.4528,0.0458
4,7,9,0,0.5790,0.5544,0.9645,0.5112,0.0311
4,7,9,1,0.5198,0.5082,0.9701,0.4491,0.0459
4,7,9,2,0.5440,0.5199,0.9688,0.4740,0.0397
4,7,9,3,0.6188,0.6406,0.9735,0.5318,0.0245
4,7,9,4,0.5272,0.5160,0.9639,0.4583,0.0464
4,7,9,5,0.5727,0.5635,0.9681,0.5047,0.0365
4,7,9,6,0.4982,0.4894,0.9590,0.4287,0.0534
4,7,9,7,0.5954,0.5875,0.9742,0.5243,0.0245
4,7,9,8,0.5151,0.5024,0.9610,0.4451,0.0487
4,7,9,9,0.5004,0.4918,0.9610,0.4308,0.0530
4,7,9,10,0.6557,0.6750,0.9995,0.5835,0.0139
4,7,9,11,0.5000,0.4916,0.9614,0.4303,0.0531
4,7,10,0,0.5197,0.5037,0.9596,0.4501,0.0483
4,7,10,1,0.5123,0.4989,0.9601,0.4424,0.0497
4,7,10,2,0.5247,0.5136,0.9674,0.4552,0.0472
4,7,10,3,0.5331,0.5197,0.9856,0.4587,0.0375
4,7,10,4,0.5883,0.5698,0.9864,0.5173,0.0237
4,7,10,5,0.6011,0.5999,0.9961,0.5277,0.0163
4,7,10,6,0.5301,0.5115,0.9621,0.4595,0.0437
4,7,10,7,0.5533,0.5411,0.9718,0.4835,0.0395
4,7,10,8,0.5002,0.4897,0.9614,0.4304,0.0530
4,7,10,9,0.6333,0.6885,0.9960,0.5584,0.0151
4,7,10,10,0.4988,0.4876,0.9602,0.4288,0.0529
4,7,10,11,0.5710,0.5674,0.9946,0.4975,0.0226
4,7,11,0,0.6531,0.5828,0.8804,0.5627,0.0506
4,7,11,1,0.5681,0.5437,0.9872,0.4942,0.0303
4,7,11,2,0.5064,0.4932,0.9739,0.4343,0.0487
4,7,11,3,0.6420,0.6271,0.9896,0.5609,0.0197
4,7,11,4,0.5734,0.5483,0.9980,0.4969,0.0291
4,7,11,5,0.5314,0.5162,0.9773,0.4613,0.0433
4,7,11,6,0.5058,0.4932,0.9639,0.4353,0.0509
4,7,11,7,0.5642,0.5519,0.9847,0.4929,0.0335
4,7,11,8,0.4809,0.6515,0.9982,0.3653,0.0222
4,7,11,9,0.5198,0.5094,0.9664,0.4497,0.0485
4,7,11,10,0.6569,0.6429,0.9938,0.5853,0.0148
4,7,11,11,0.6240,0.6272,0.9957,0.5513,0.0165
4,8,0,0,0.8891,0.8886,0.9296,0.8794,0.0624
4,8,0,1,0.1320,0.2130,0.9834,0.0313,0.0147
4,8,0,2,0.8633,0.8442,0.8231,0.8522,0.0710
4,8,0,3,0.2341,0.2448,0.9523,0.1378,0.0125
4,8,0,4,0.4431,0.4327,0.9560,0.3579,0.0354
4,8,0,5,0.1896,0.2190,0.9694,0.0919,0.0102
4,8,0,6,0.8146,0.8153,0.9487,0.7907,0.0722
4,8,0,7,0.6759,0.6685,0.8552,0.6225,0.0770
4,8,0,8,0.6200,0.6112,0.9169,0.5540,0.0732
4,8,0,9,0.8167,0.7861,0.7336,0.7996,0.0812
4,8,0,10,0.7592,0.7256,0.8038,0.7268,0.0805
4,8,0,11,0.8569,0.8306,0.8477,0.8465,0.0737
4,8,1,0,0.7562,0.7590,0.9496,0.7195,0.0689
4,8,1,1,0.8723,0.8603,0.9687,0.8571,0.0554
4,8,1,2,0.8618,0.8574,0.9621,0.8464,0.0655
4,8,1,3,0.9309,0.8977,0.8707,0.9295,0.0543
4,8,1,4,0.9544,0.9484,0.9669,0.9535,0.0464
4,8,1,5,0.9369,0.9392,0.9842,0.9304,0.0390
4,8,1,6,0.8702,0.8750,0.9836,0.8539,0.0513
4,8,1,7,0.9452,0.9404,0.9763,0.9420,0.0464
4,8,1,8,0.9465,0.9470,0.9381,0.9442,0.0474
4,8,1,9,0.9652,0.9739,0.9809,0.9626,0.0329
4,8,1,10,0.2025,0.5644,0.8658,0.0422,0.0781
4,8,1,11,0.3340,0.3116,0.9726,0.2446,0.0169
4,8,2,0,0.8389,0.8265,0.9208,0.8194,0.0677
4,8,2,1,0.9870,0.9903,0.9989,0.9855,0.0110
4,8,2,2,0.4574,0.5557,0.9225,0.3691,0.0460
4,8,2,3,0.6849,0.7018,0.9657,0.6342,0.0615
4,8,2,4,0.9330,0.9422,0.9890,0.9257,0.0392
4,8,2,5,0.7526,0.7455,0.9249,0.7151,0.0649
4,8,2,6,0.9902,0.9933,0.9995,0.9889,0.0073
4,8,2,7,0.7662,0.7619,0.9074,0.7330,0.0745
4,8,2,8,0.7829,0.7549,0.9094,0.7511,0.0589
4,8,2,9,0.5659,0.5823,0.9137,0.4922,0.0597
4,8,2,10,0.8803,0.8618,0.9329,0.8693,0.0660
4,8,2,11,0.9911,0.9916,0.9968,0.9908,0.0199
4,8,3,0,0.9885,0.9918,0.9999,0.9872,0.0096
4,8,3,1,0.9218,0.9085,0.9137,0.9131,0.0436
4,8,3,2,0.4278,0.5548,0.9402,0.3330,0.0481
4,8,3,3,0.9507,0.9580,0.9928,0.9443,0.0195
4,8,3,4,0.9914,0.9932,1.0000,0.9906,0.0119
4,8,3,5,0.9710,0.9655,0.9784,0.9694,0.0337
4,8,3,6,0.6183,0.6215,0.9066,0.5529,0.0680
4,8,3,7,0.6317,0.6195,0.9612,0.5728,0.0508
4,8,3,8,0.7892,0.7525,0.8595,0.7588,0.0623
4,8,3,9,0.6005,0.7169,0.9213,0.5430,0.0262
4,8,3,10,0.9737,0.9623,0.9983,0.9713,0.0253
4,8,3,11,0.7298,0.7561,0.9762,0.6883,0.0509
4,8,4,0,0.6498,0.6456,0.9068,0.6001,0.0235
4,8,4,1,0.9011,0.9052,0.9276,0.8889,0.0438
4,8,4,2,0.9931,0.9925,0.9984,0.9923,0.0084
4,8,4,3,0.7648,0.7960,0.9759,0.7294,0.0513
4,8,4,4,0.9864,0.9815,0.9930,0.9850,0.0173
4,8,4,5,0.7285,0.7705,0.9753,0.6874,0.0425
4,8,4,6,0.9434,0.9345,0.9613,0.9385,0.0420
4,8,4,7,0.5512,0.5406,0.9628,0.4814,0.0387
4,8,4,8,1.0000,1.0000,1.0000,1.0000,0.0000
4,8,4,9,0.9054,0.8764,0.8537,0.8955,0.0512
4,8,4,10,0.9933,0.9941,1.0000,0.9928,0.0105
4,8,4,11,0.2248,0.3770,0.9999,0.1373,0.0165
4,8,5,0,0.9781,0.9828,0.9998,0.9754,0.0081
4,8,5,1,0.9886,0.9902,0.9998,0.9880,0.0160
4,8,5,2,0.8184,0.7941,0.8883,0.7929,0.0548
4,8,5,3,0.8411,0.8069,0.8232,0.8217,0.0639
4,8,5,4,0.7750,0.7336,0.9086,0.7414,0.0474
4,8,5,5,0.9920,0.9938,1.0000,0.9912,0.0088
4,8,5,6,0.9326,0.9271,0.9999,0.9236,0.0223
4,8,5,7,0.9210,0.9288,0.9732,0.9105,0.0210
4,8,5,8,0.9772,0.9823,0.9997,0.9742,0.0112
4,8,5,9,0.9935,0.9939,1.0000,0.9928,0.0102
4,8,5,10,0.9840,0.9825,0.9968,0.9822,0.0143
4,8,5,11,0.9922,0.9902,0.9988,0.9913,0.0097
4,8,6,0,0.7143,0.7107,0.8663,0.6693,0.0615
4,8,6,1,0.9730,0.9734,0.9995,0.9697,0.0070
4,8,6,2,0.9946,0.9956,0.9979,0.9939,0.0047
4,8,6,3,0.9823,0.9837,0.9995,0.9801,0.0121
4,8,6,4,0.9405,0.9438,0.9967,0.9341,0.0361
4,8,6,5,0.9891,0.9865,0.9956,0.9886,0.0214
4,8,6,6,0.9937,0.9946,0.9999,0.9929,0.0068
4,8,6,7,0.9422,0.9431,0.9959,0.9359,0.0356
4,8,6,8,0.9340,0.9391,0.9874,0.9262,0.0359
4,8,6,9,0.9883,0.9902,1.0000,0.9875,0.0153
4,8,6,10,0.9926,0.9934,0.9999,0.9921,0.0127
4,8,6,11,0.7954,0.7887,0.8476,0.7659,0.0575
4,8,7,0,0.6606,0.7285,0.9762,0.6098,0.0376
4,8,7,1,0.9950,0.9954,0.9999,0.9943,0.0059
4,8,7,2,0.9891,0.9924,0.9999,0.9884,0.0146
4,8,7,3,0.9511,0.9580,0.9930,0.9457,0.0319
4,8,7,4,0.9316,0.9344,0.9966,0.9227,0.0248
4,8,7,5,0.9883,0.9882,0.9909,0.9874,0.0173
4,8,7,6,0.9969,0.9978,1.0000,0.9965,0.0026
4,8,7,7,0.9959,0.9965,1.0000,0.9955,0.0070
4,8,7,8,0.9414,0.9415,0.9820,0.9345,0.0306
4,8,7,9,0.8786,0.8701,0.9103,0.8620,0.0342
4,8,7,10,0.9903,0.9911,1.0000,0.9896,0.0138
4,8,7,11,0.9896,0.9932,1.0000,0.9887,0.0132
4,8,8,0,0.9807,0.9848,0.9920,0.9782,0.0097
4,8,8,1,0.9949,0.9949,0.9999,0.9946,0.0108
4,8,8,2,0.9962,0.9954,0.9973,0.9959,0.0102
4,8,8,3,0.9950,0.9959,0.9998,0.9944,0.0060
4,8,8,4,0.7785,0.8587,0.9159,0.7460,0.0400
4,8,8,5,0.8628,0.8503,0.9601,0.8442,0.0453
4,8,8,6,0.9962,0.9958,1.0000,0.9959,0.0089
4,8,8,7,0.7129,0.7476,0.9574,0.6703,0.0383
4,8,8,8,0.9615,0.9659,0.9919,0.9577,0.0287
4,8,8,9,0.9908,0.9929,0.9990,0.9899,0.0144
4,8,8,10,0.9877,0.9891,0.9944,0.9865,0.0144
4,8,8,11,0.9907,0.9923,1.0000,0.9896,0.0073
4,8,9,0,0.9636,0.9692,1.0000,0.9589,0.0102
4,8,9,1,0.9956,0.9949,0.9996,0.9952,0.0083
4,8,9,2,0.9933,0.9934,0.9997,0.9925,0.0047
4,8,9,3,0.7227,0.7135,0.8754,0.6793,0.0596
4,8,9,4,0.9959,0.9956,1.0000,0.9956,0.0085
4,8,9,5,0.9876,0.9912,0.9998,0.9860,0.0059
4,8,9,6,0.9907,0.9913,0.9999,0.9902,0.0147
4,8,9,7,0.9816,0.9829,0.9989,0.9796,0.0186
4,8,9,8,0.9924,0.9929,1.0000,0.9917,0.0100
4,8,9,9,0.9920,0.9921,1.0000,0.9915,0.0143
4,8,9,10,0.8237,0.8323,0.9542,0.7986,0.0463
4,8,9,11,0.9905,0.9913,1.0000,0.9898,0.0144
4,8,10,0,0.9912,0.9923,0.9999,0.9903,0.0096
4,8,10,1,0.9937,0.9938,1.0000,0.9932,0.0110
4,8,10,2,0.9940,0.9948,0.9998,0.9934,0.0085
4,8,10,3,0.9890,0.9905,0.9946,0.9876,0.0051
4,8,10,4,0.9630,0.9652,0.9941,0.9582,0.0160
4,8,10,5,0.8816,0.8801,0.9828,0.8654,0.0303
4,8,10,6,0.9905,0.9920,1.0000,0.9893,0.0068
4,8,10,7,0.9936,0.9937,0.9994,0.9928,0.0063
4,8,10,8,0.9907,0.9912,1.0000,0.9901,0.0143
4,8,10,9,0.8865,0.8817,0.9830,0.8718,0.0401
4,8,10,10,0.9908,0.9912,1.0000,0.9901,0.0142
4,8,10,11,0.8197,0.8361,0.9856,0.7951,0.0193
4,8,11,0,0.5950,0.6035,0.7194,0.5214,0.0854
4,8,11,1,0.9915,0.9910,0.9936,0.9907,0.0121
4,8,11,2,0.9914,0.9915,0.9990,0.9905,0.0113
4,8,11,3,0.8837,0.8886,0.9137,0.8714,0.0544
4,8,11,4,0.9892,0.9860,0.9778,0.9885,0.0182
4,8,11,5,0.9889,0.9884,0.9982,0.9876,0.0114
4,8,11,6,0.9922,0.9925,1.0000,0.9916,0.0125
4,8,11,7,0.9932,0.9910,0.9951,0.9923,0.0073
4,8,11,8,0.1780,0.5195,0.9448,0.0329,0.0580
4,8,11,9,0.9951,0.9952,0.9999,0.9947,0.0098
4,8,11,10,0.9411,0.9318,0.9266,0.9361,0.0412
4,8,11,11,0.9575,0.9644,0.9837,0.9533,0.0303
4,9,0,0,0.9092,0.9244,0.9855,0.8864,0.0215
4,9,0,1,0.1866,0.3046,0.9340,0.0599,0.0630
4,9,0,2,0.9402,0.9383,0.9984,0.9263,0.0269
4,9,0,3,0.3060,0.3379,0.9719,0.1893,0.0489
4,9,0,4,0.5275,0.5260,0.9689,0.4284,0.0176
4,9,0,5,0.2392,0.3079,0.9555,0.1163,0.0572
4,9,0,6,0.8556,0.8635,0.9746,0.8182,0.0278
4,9,0,7,0.7945,0.7908,1.0000,0.7392,0.0279
4,9,0,8,0.7712,0.7857,0.9906,0.7092,0.0283
4,9,0,9,0.9219,0.9151,0.9802,0.9049,0.0361
4,9,0,10,0.8461,0.8411,0.9960,0.8052,0.0310
4,9,0,11,0.9094,0.9048,0.9999,0.8872,0.0302
4,9,1,0,0.8350,0.8440,0.9739,0.7929,0.0245
4,9,1,1,0.8908,0.8740,0.9563,0.8642,0.0121
4,9,1,2,0.8953,0.8816,0.9634,0.8689,0.0253
4,9,1,3,0.9182,0.8958,0.9994,0.8977,0.0231
4,9,1,4,0.9390,0.9259,0.9584,0.9244,0.0218
4,9,1,5,0.9088,0.9230,0.9325,0.8891,0.0135
4,9,1,6,0.8709,0.8905,0.9336,0.8403,0.0091
4,9,1,7,0.9376,0.9224,0.9462,0.9229,0.0184
4,9,1,8,0.9454,0.9458,0.9812,0.9323,0.0119
4,9,1,9,0.9332,0.9294,0.9386,0.9198,0.0193
4,9,1,10,0.4070,0.6867,0.9997,0.2416,0.0342
4,9,1,11,0.3738,0.3746,0.9514,0.2611,0.0405
4,9,2,0,0.9068,0.9043,0.9892,0.8833,0.0197
4,9,2,1,0.9039,0.8926,0.8774,0.8904,0.0409
4,9,2,2,0.6126,0.6915,0.9886,0.5242,0.0101
4,9,2,3,0.7693,0.7712,0.9597,0.7122,0.0148
4,9,2,4,0.9116,0.9063,0.9213,0.8928,0.0122
4,9,2,5,0.8252,0.8150,0.9876,0.7807,0.0172
4,9,2,6,0.9086,0.8841,0.8699,0.8974,0.0443
4,9,2,7,0.8148,0.8091,0.9935,0.7655,0.0283
4,9,2,8,0.8521,0.8419,0.9930,0.8153,0.0117
4,9,2,9,0.6623,0.6722,0.9917,0.5783,0.0117
4,9,2,10,0.9059,0.8905,0.9840,0.8822,0.0251
4,9,2,11,0.9176,0.8955,0.8926,0.9038,0.0336
4,9,3,0,0.8785,0.8607,0.8454,0.8656,0.0552
4,9,3,1,0.9475,0.9533,0.9917,0.9360,0.0108
4,9,3,2,0.6295,0.7113,0.9800,0.5434,0.0093
4,9,3,3,0.8913,0.8852,0.9100,0.8740,0.0356
4,9,3,4,0.8778,0.8540,0.8494,0.8671,0.0631
4,9,3,5,0.9444,0.9358,0.9429,0.9334,0.0219
4,9,3,6,0.7533,0.7654,0.9937,0.6884,0.0213
4,9,3,7,0.7222,0.7172,0.9642,0.6578,0.0101
4,9,3,8,0.8759,0.8826,0.9999,0.8449,0.0169
4,9,3,9,0.7640,0.8082,0.9890,0.7193,0.0260
4,9,3,10,0.9044,0.8886,0.8823,0.8869,0.0258
4,9,3,11,0.8086,0.8118,0.9464,0.7643,0.0110
4,9,4,0,0.6888,0.7097,0.9937,0.6300,0.0282
4,9,4,1,0.9271,0.9487,0.9865,0.9111,0.0089
4,9,4,2,0.9056,0.8867,0.8816,0.8932,0.0446
4,9,4,3,0.8331,0.8413,0.9469,0.7942,0.0093
4,9,4,4,0.9208,0.9033,0.9091,0.9089,0.0338
4,9,4,5,0.8133,0.8334,0.9477,0.7722,0.0121
4,9,4,6,0.9525,0.9380,0.9641,0.9421,0.0189
4,9,4,7,0.6077,0.5974,0.9627,0.5224,0.0156
4,9,4,8,0.9054,0.8764,0.8537,0.8955,0.0512
4,9,4,9,1.0000,1.0000,1.0000,1.0000,0.0000
4,9,4,10,0.8836,0.8577,0.8566,0.8737,0.0617
4,9,4,11,0.3665,0.5110,0.8464,0.2732,0.0677
4,9,5,0,0.8760,0.8580,0.8423,0.8620,0.0514
4,9,5,1,0.8693,0.8435,0.8436,0.8597,0.0672
4,9,5,2,0.9276,0.9141,0.9975,0.9101,0.0097
4,9,5,3,0.9162,0.9237,0.9984,0.8952,0.0174
4,9,5,4,0.8479,0.8253,0.9932,0.8126,0.0083
4,9,5,5,0.8814,0.8630,0.8578,0.8704,0.0600
4,9,5,6,0.8636,0.8625,0.8593,0.8415,0.0359
4,9,5,7,0.9097,0.9181,0.9506,0.8951,0.0328
4,9,5,8,0.8884,0.8803,0.8668,0.8733,0.0429
4,9,5,9,0.8860,0.8577,0.8548,0.8759,0.0614
4,9,5,10,0.9209,0.9007,0.8927,0.9097,0.0369
4,9,5,11,0.9124,0.8876,0.8781,0.9008,0.0415
4,9,6,0,0.8307,0.8405,0.9997,0.7884,0.0140
4,9,6,1,0.9010,0.8731,0.8700,0.8918,0.0547
4,9,6,2,0.8994,0.8822,0.8855,0.8877,0.0506
4,9,6,3,0.9138,0.8879,0.8693,0.9032,0.0417
4,9,6,4,0.8915,0.8810,0.8934,0.8688,0.0164
4,9,6,5,0.9293,0.9109,0.8988,0.9177,0.0314
4,9,6,6,0.8873,0.8644,0.8614,0.8759,0.0569
4,9,6,7,0.9233,0.8988,0.8975,0.9077,0.0164
4,9,6,8,0.9303,0.9291,0.9254,0.9164,0.0157
4,9,6,9,0.8690,0.8448,0.8491,0.8589,0.0665
4,9,6,10,0.8799,0.8521,0.8475,0.8698,0.0639
4,9,6,11,0.8998,0.9391,0.9999,0.8751,0.0081
4,9,7,0,0.7145,0.7769,0.9463,0.6554,0.0177
4,9,7,1,0.9015,0.8746,0.8608,0.8902,0.0484
4,9,7,2,0.8735,0.8490,0.8469,0.8637,0.0657
4,9,7,3,0.9206,0.9119,0.9092,0.9053,0.0222
4,9,7,4,0.9039,0.9147,0.8938,0.8877,0.0285
4,9,7,5,0.9246,0.9060,0.9160,0.9129,0.0349
4,9,7,6,0.8982,0.8709,0.8552,0.8873,0.0527
4,9,7,7,0.8956,0.8684,0.8548,0.8862,0.0571
4,9,7,8,0.9264,0.9205,0.9368,0.9126,0.0222
4,9,7,9,0.9177,0.9454,0.9927,0.9014,0.0169
4,9,7,10,0.8742,0.8505,0.8565,0.8641,0.0649
4,9,7,11,0.8764,0.8545,0.8523,0.8660,0.0641
4,9,8,0,0.8991,0.8912,0.9126,0.8855,0.0443
4,9,8,1,0.8891,0.8613,0.8595,0.8804,0.0611
4,9,8,2,0.9136,0.8915,0.8898,0.9017,0.0415
4,9,8,3,0.8958,0.8718,0.8644,0.8854,0.0543
4,9,8,4,0.8386,0.9189,0.9909,0.8045,0.0161
4,9,8,5,0.8881,0.9102,0.9653,0.8633,0.0125
4,9,8,6,0.8906,0.8598,0.8504,0.8813,0.0601
4,9,8,7,0.7594,0.8018,0.9677,0.7097,0.0168
4,9,8,8,0.9150,0.9069,0.9131,0.8987,0.0235
4,9,8,9,0.9208,0.8948,0.8756,0.9097,0.0373
4,9,8,10,0.9164,0.9001,0.9040,0.9038,0.0375
4,9,8,11,0.8836,0.8591,0.8538,0.8719,0.0582
4,9,9,0,0.8747,0.8580,0.8571,0.8575,0.0441
4,9,9,1,0.8961,0.8691,0.8684,0.8870,0.0581
4,9,9,2,0.8995,0.8712,0.8657,0.8891,0.0522
4,9,9,3,0.8167,0.8555,0.9991,0.7709,0.0134
4,9,9,4,0.8906,0.8632,0.8560,0.8810,0.0589
4,9,9,5,0.8903,0.8710,0.8642,0.8765,0.0484
4,9,9,6,0.8749,0.8472,0.8466,0.8651,0.0659
4,9,9,7,0.9179,0.8962,0.8768,0.9052,0.0325
4,9,9,8,0.8796,0.8541,0.8504,0.8686,0.0611
4,9,9,9,0.8786,0.8508,0.8503,0.8692,0.0655
4,9,9,10,0.8825,0.9115,0.9704,0.8558,0.0101
4,9,9,11,0.8763,0.8495,0.8512,0.8665,0.0656
4,9,10,0,0.8808,0.8532,0.8477,0.8699,0.0607
4,9,10,1,0.8832,0.8540,0.8487,0.8733,0.0622
4,9,10,2,0.8905,0.8668,0.8629,0.8808,0.0597
4,9,10,3,0.9003,0.8906,0.9030,0.8884,0.0492
4,9,10,4,0.8877,0.8780,0.9051,0.8699,0.0352
4,9,10,5,0.8855,0.9282,0.9353,0.8645,0.0222
4,9,10,6,0.8861,0.8589,0.8524,0.8743,0.0561
4,9,10,7,0.8947,0.8728,0.8719,0.8826,0.0514
4,9,10,8,0.8761,0.8488,0.8511,0.8662,0.0655
4,9,10,9,0.8695,0.8898,0.9349,0.8409,0.0134
4,9,10,10,0.8760,0.8478,0.8489,0.8661,0.0653
4,9,10,11,0.7838,0.7914,0.9295,0.7463,0.0353
4,9,11,0,0.7557,0.7725,0.9759,0.6861,0.0379
4,9,11,1,0.9151,0.8960,0.9072,0.9030,0.0401
4,9,11,2,0.8849,0.8611,0.8762,0.8744,0.0606
4,9,11,3,0.8944,0.9048,0.9917,0.8683,0.0096
4,9,11,4,0.9252,0.9118,0.9439,0.9132,0.0356
4,9,11,5,0.9043,0.8806,0.8836,0.8960,0.0542
4,9,11,6,0.8813,0.8538,0.8560,0.8712,0.0634
4,9,11,7,0.9053,0.8915,0.9009,0.8932,0.0451
4,9,11,8,0.3533,0.6290,0.9772,0.1960,0.0139
4,9,11,9,0.8891,0.8623,0.8609,0.8793,0.0607
4,9,11,10,0.9147,0.9190,0.9869,0.8955,0.0131
4,9,11,11,0.9077,0.9147,0.9334,0.8894,0.0214
4,10,0,0,0.8664,0.8644,0.9317,0.8571,0.0729
4,10,0,1,0.1202,0.1942,0.9844,0.0248,0.0066
4,10,0,2,0.8394,0.8249,0.8262,0.8290,0.0815
4,10,0,3,0.2126,0.2221,0.9540,0.1201,0.0146
4,10,0,4,0.4159,0.4015,0.9576,0.3332,0.0459
4,10,0,5,0.1764,0.2005,0.9707,0.0836,0.0060
4,10,0,6,0.7783,0.7878,0.9505,0.7529,0.0826
4,10,0,7,0.6342,0.6297,0.8580,0.5794,0.0875
4,10,0,8,0.5934,0.5964,0.9191,0.5297,0.0837
4,10,0,9,0.7858,0.7664,0.7373,0.7685,0.0917
4,10,0,10,0.7340,0.7045,0.8071,0.7032,0.0910
4,10,0,11,0.8290,0.8100,0.8507,0.8186,0.0842
4,10,1,0,0.7236,0.7190,0.9514,0.6866,0.0794
4,10,1,1,0.8440,0.8288,0.9701,0.8281,0.0659
4,10,1,2,0.8250,0.8256,0.9636,0.8075,0.0760
4,10,1,3,0.9248,0.8942,0.8734,0.9267,0.0648
4,10,1,4,0.9321,0.9298,0.9683,0.9307,0.0569
4,10,1,5,0.9240,0.9190,0.9851,0.9182,0.0495
4,10,1,6,0.8559,0.8485,0.9846,0.8412,0.0618
4,10,1,7,0.9219,0.9220,0.9775,0.9181,0.0569
4,10,1,8,0.9281,0.9328,0.9401,0.9261,0.0579
4,10,1,9,0.9518,0.9629,0.9820,0.9494,0.0434
4,10,1,10,0.1763,0.5376,0.8686,0.0222,0.0885
4,10,1,11,0.3187,0.2910,0.9739,0.2334,0.0230
4,10,2,0,0.8081,0.7944,0.9229,0.7878,0.0782
4,10,2,1,0.9869,0.9886,0.9991,0.9862,0.0207
4,10,2,2,0.4235,0.5131,0.9246,0.3368,0.0565
4,10,2,3,0.6511,0.6643,0.9671,0.6003,0.0720
4,10,2,4,0.9244,0.9275,0.9898,0.9184,0.0497
4,10,2,5,0.7192,0.7101,0.9270,0.6812,0.0754
4,10,2,6,0.9827,0.9861,0.9997,0.9811,0.0176
4,10,2,7,0.7283,0.7274,0.9097,0.6937,0.0850
4,10,2,8,0.7546,0.7243,0.9117,0.7230,0.0694
4,10,2,9,0.5233,0.5429,0.9160,0.4490,0.0702
4,10,2,10,0.8459,0.8307,0.9349,0.8332,0.0765
4,10,2,11,0.9865,0.9857,0.9972,0.9870,0.0294
4,10,3,0,0.9953,0.9945,0.9998,0.9948,0.0070
4,10,3,1,0.9118,0.8947,0.9159,0.9046,0.0540
4,10,3,2,0.3989,0.5140,0.9421,0.3068,0.0586
4,10,3,3,0.9583,0.9630,0.9935,0.9543,0.0290
4,10,3,4,0.9988,0.9991,0.9999,0.9987,0.0014
4,10,3,5,0.9497,0.9491,0.9796,0.9470,0.0442
4,10,3,6,0.5768,0.5812,0.9090,0.5105,0.0784
4,10,3,7,0.5962,0.5836,0.9627,0.5373,0.0613
4,10,3,8,0.7703,0.7279,0.8624,0.7417,0.0728
4,10,3,9,0.5696,0.6919,0.9234,0.5125,0.0362
4,10,3,10,0.9623,0.9466,0.9986,0.9600,0.0358
4,10,3,11,0.6973,0.7222,0.9774,0.6553,0.0614
4,10,4,0,0.6407,0.6212,0.9091,0.5939,0.0335
4,10,4,1,0.9000,0.8885,0.9297,0.8908,0.0543
4,10,4,2,0.9914,0.9906,0.9987,0.9911,0.0171
4,10,4,3,0.7282,0.7642,0.9771,0.6914,0.0618
4,10,4,4,0.9731,0.9681,0.9937,0.9711,0.0278
4,10,4,5,0.7129,0.7413,0.9765,0.6739,0.0530
4,10,4,6,0.9148,0.9074,0.9629,0.9081,0.0525
4,10,4,7,0.5182,0.5061,0.9642,0.4491,0.0492
4,10,4,8,0.9933,0.9941,1.0000,0.9928,0.0105
4,10,4,9,0.8836,0.8577,0.8566,0.8737,0.0617
4,10,4,10,1.0000,1.0000,1.0000,1.0000,0.0000
4,10,4,11,0.1962,0.3426,0.9998,0.1113,0.0060
4,10,5,0,0.9808,0.9709,0.9996,0.9787,0.0105
4,10,5,1,0.9984,0.9987,0.9997,0.9983,0.0055
4,10,5,2,0.7846,0.7602,0.8909,0.7578,0.0653
4,10,5,3,0.8223,0.7808,0.8263,0.8045,0.0744
4,10,5,4,0.7448,0.7007,0.9109,0.7107,0.0579
4,10,5,5,0.9973,0.9963,1.0000,0.9970,0.0028
4,10,5,6,0.9284,0.9182,1.0000,0.9203,0.0296
4,10,5,7,0.9157,0.9236,0.9745,0.9062,0.0296
4,10,5,8,0.9755,0.9702,0.9998,0.9731,0.0188
4,10,5,9,0.9991,0.9993,1.0000,0.9990,0.0018
4,10,5,10,0.9746,0.9702,0.9972,0.9726,0.0248
4,10,5,11,0.9848,0.9822,0.9991,0.9838,0.0202
4,10,6,0,0.6875,0.6786,0.8691,0.6434,0.0720
4,10,6,1,0.9619,0.9643,0.9996,0.9576,0.0070
4,10,6,2,0.9960,0.9953,0.9983,0.9958,0.0110
4,10,6,3,0.9639,0.9683,0.9997,0.9600,0.0218
4,10,6,4,0.9308,0.9309,0.9971,0.9254,0.0466
4,10,6,5,0.9738,0.9717,0.9961,0.9726,0.0319
4,10,6,6,0.9985,0.9977,1.0000,0.9984,0.0047
4,10,6,7,0.9071,0.9138,0.9964,0.8979,0.0460
4,10,6,8,0.9221,0.9173,0.9883,0.9150,0.0464
4,10,6,9,0.9983,0.9988,0.9999,0.9982,0.0049
4,10,6,10,0.9992,0.9995,0.9998,0.9992,0.0022
4,10,6,11,0.7860,0.7635,0.8505,0.7599,0.0680
4,10,7,0,0.6713,0.7190,0.9774,0.6268,0.0479
4,10,7,1,0.9902,0.9912,1.0000,0.9893,0.0132
4,10,7,2,0.9982,0.9991,0.9998,0.9980,0.0041
4,10,7,3,0.9408,0.9316,0.9937,0.9360,0.0424
4,10,7,4,0.9235,0.9074,0.9970,0.9152,0.0350
4,10,7,5,0.9853,0.9855,0.9916,0.9852,0.0268
4,10,7,6,0.9958,0.9970,1.0000,0.9955,0.0089
4,10,7,7,0.9962,0.9960,1.0000,0.9958,0.0054
4,10,7,8,0.9307,0.9216,0.9830,0.9243,0.0411
4,10,7,9,0.8794,0.8464,0.9126,0.8658,0.0447
4,10,7,10,0.9987,0.9989,1.0000,0.9986,0.0033
4,10,7,11,0.9981,0.9989,1.0000,0.9979,0.0028
4,10,8,0,0.9906,0.9906,0.9927,0.9902,0.0173
4,10,8,1,0.9972,0.9977,1.0000,0.9969,0.0031
4,10,8,2,0.9900,0.9910,0.9977,0.9898,0.0205
4,10,8,3,0.9943,0.9955,0.9999,0.9937,0.0073
4,10,8,4,0.7841,0.8450,0.9182,0.7563,0.0505
4,10,8,5,0.8539,0.8198,0.9616,0.8374,0.0558
4,10,8,6,0.9968,0.9977,0.9999,0.9965,0.0031
4,10,8,7,0.7260,0.7452,0.9590,0.6896,0.0480
4,10,8,8,0.9546,0.9550,0.9925,0.9518,0.0392
4,10,8,9,0.9783,0.9819,0.9993,0.9768,0.0249
4,10,8,10,0.9870,0.9837,0.9950,0.9868,0.0241
4,10,8,11,0.9969,0.9971,1.0000,0.9965,0.0037
4,10,9,0,0.9675,0.9704,1.0000,0.9640,0.0181
4,10,9,1,0.9959,0.9968,0.9997,0.9955,0.0041
4,10,9,2,0.9918,0.9928,0.9998,0.9910,0.0094
4,10,9,3,0.7272,0.6953,0.8780,0.6905,0.0701
4,10,9,4,0.9975,0.9981,1.0000,0.9972,0.0035
4,10,9,5,0.9924,0.9926,0.9999,0.9919,0.0132
4,10,9,6,0.9989,0.9991,0.9998,0.9989,0.0042
4,10,9,7,0.9651,0.9700,0.9992,0.9622,0.0291
4,10,9,8,0.9989,0.9987,0.9999,0.9987,0.0010
4,10,9,9,0.9991,0.9993,0.9999,0.9990,0.0038
4,10,9,10,0.8165,0.7995,0.9558,0.7943,0.0568
4,10,9,11,0.9989,0.9991,0.9999,0.9988,0.0039
4,10,10,0,0.9983,0.9986,0.9999,0.9982,0.0020
4,10,10,1,0.9987,0.9992,0.9999,0.9985,0.0018
4,10,10,2,0.9989,0.9989,0.9999,0.9988,0.0025
4,10,10,3,0.9941,0.9923,0.9952,0.9938,0.0125
4,10,10,4,0.9679,0.9666,0.9947,0.9651,0.0265
4,10,10,5,0.8749,0.8485,0.9838,0.8600,0.0405
4,10,10,6,0.9964,0.9974,1.0000,0.9961,0.0055
4,10,10,7,0.9965,0.9957,0.9995,0.9964,0.0102
4,10,10,8,0.9991,0.9993,0.9999,0.9990,0.0038
4,10,10,9,0.8753,0.8470,0.9840,0.8620,0.0506
4,10,10,10,0.9990,0.9991,0.9999,0.9989,0.0037
4,10,10,11,0.8295,0.8382,0.9865,0.8086,0.0277
4,10,11,0,0.5737,0.5899,0.7233,0.5045,0.0959
4,10,11,1,0.9896,0.9908,0.9942,0.9895,0.0215
4,10,11,2,0.9991,0.9990,0.9992,0.9990,0.0026
4,10,11,3,0.8766,0.8834,0.9160,0.8675,0.0649
4,10,11,4,0.9902,0.9874,0.9790,0.9910,0.0269
4,10,11,5,0.9830,0.9850,0.9985,0.9812,0.0080
4,10,11,6,0.9992,0.9994,1.0000,0.9991,0.0022
4,10,11,7,0.9912,0.9891,0.9957,0.9907,0.0165
4,10,11,8,0.1623,0.4947,0.9466,0.0247,0.0685
4,10,11,9,0.9992,0.9994,1.0000,0.9991,0.0017
4,10,11,10,0.9347,0.9231,0.9287,0.9317,0.0517
4,10,11,11,0.9551,0.9499,0.9847,0.9527,0.0408
4,11,0,0,0.3933,0.5694,0.9244,0.2987,0.0790
4,11,0,1,0.0966,0.6462,0.9808,0.0035,0.0047
4,11,0,2,0.4554,0.5557,0.8151,0.3687,0.0875
4,11,0,3,0.2078,0.7004,0.9480,0.1194,0.0203
4,11,0,4,0.3549,0.7746,0.9519,0.2684,0.0519
4,11,0,5,0.1194,0.6514,0.9659,0.0251,0.0105
4,11,0,6,0.4849,0.6343,0.9442,0.4062,0.0887
4,11,0,7,0.6131,0.7142,0.8479,0.5597,0.0935
4,11,0,8,0.4383,0.6119,0.9113,0.3479,0.0897
4,11,0,9,0.4799,0.5777,0.7241,0.3955,0.0977
4,11,0,10,0.3813,0.6653,0.7954,0.2747,0.0971
4,11,0,11,0.4371,0.6220,0.8403,0.3449,0.0903
4,11,1,0,0.5383,0.6871,0.9452,0.4710,0.0854
4,11,1,1,0.4508,0.6101,0.9651,0.3701,0.0719
4,11,1,2,0.4309,0.6063,0.9582,0.3436,0.0820
4,11,1,3,0.3592,0.5033,0.8638,0.2583,0.0708
4,11,1,4,0.3617,0.5148,0.9632,0.2673,0.0630
4,11,1,5,0.3325,0.5410,0.9816,0.2394,0.0555
4,11,1,6,0.3676,0.5684,0.9810,0.2744,0.0678
4,11,1,7,0.3519,0.4921,0.9732,0.2570,0.0630
4,11,1,8,0.3488,0.4898,0.9332,0.2522,0.0639
4,11,1,9,0.2970,0.4470,0.9781,0.2011,0.0495
4,11,1,10,0.4747,0.6380,0.8587,0.3921,0.0946
4,11,1,11,0.1749,0.6795,0.9692,0.0769,0.0290
4,11,2,0,0.4977,0.6281,0.9153,0.4223,0.0842
4,11,2,1,0.2535,0.3913,0.9981,0.1638,0.0268
4,11,2,2,0.7863,0.8564,0.9171,0.7624,0.0626
4,11,2,3,0.5484,0.6828,0.9620,0.4841,0.0781
4,11,2,4,0.3908,0.5623,0.9869,0.3070,0.0558
4,11,2,5,0.5882,0.6967,0.9195,0.5304,0.0815
4,11,2,6,0.2385,0.3981,0.9990,0.1494,0.0236
4,11,2,7,0.5054,0.7105,0.9015,0.4295,0.0910
4,11,2,8,0.5404,0.6666,0.9035,0.4745,0.0754
4,11,2,9,0.7084,0.7662,0.9080,0.6726,0.0762
4,11,2,10,0.4408,0.6334,0.9278,0.3545,0.0825
4,11,2,11,0.2862,0.4298,0.9956,0.1953,0.0354
4,11,3,0,0.1973,0.3901,1.0000,0.1095,0.0125
4,11,3,1,0.3207,0.4805,0.9080,0.2246,0.0601
4,11,3,2,0.6635,0.7888,0.9354,0.6200,0.0647
4,11,3,3,0.3656,0.4631,0.9910,0.2879,0.0350
4,11,3,4,0.1972,0.3332,1.0000,0.1128,0.0046
4,11,3,5,0.2970,0.4504,0.9755,0.2010,0.0502
4,11,3,6,0.6740,0.7451,0.9007,0.6326,0.0845
4,11,3,7,0.7850,0.8319,0.9573,0.7611,0.0673
4,11,3,8,0.4977,0.6381,0.8524,0.4239,0.0788
4,11,3,9,0.3090,0.5025,0.9158,0.2210,0.0422
4,11,3,10,0.2967,0.5263,0.9974,0.2050,0.0418
4,11,3,11,0.4904,0.6828,0.9731,0.4189,0.0674
4,11,4,0,0.3858,0.5173,0.9008,0.3089,0.0395
4,11,4,1,0.3583,0.4871,0.9223,0.2681,0.0603
4,11,4,2,0.2380,0.3870,0.9975,0.1479,0.0231
4,11,4,3,0.4452,0.5725,0.9727,0.3661,0.0678
4,11,4,4,0.2559,0.4543,0.9913,0.1636,0.0338
4,11,4,5,0.4643,0.6273,0.9721,0.3909,0.0590
4,11,4,6,0.3584,0.5155,0.9574,0.2678,0.0585
4,11,4,7,0.3957,0.7142,0.9589,0.3129,0.0552
4,11,4,8,0.2248,0.3770,0.9999,0.1373,0.0165
4,11,4,9,0.3665,0.5110,0.8464,0.2732,0.0677
4,11,4,10,0.1962,0.3426,0.9998,0.1113,0.0060
4,11,4,11,1.0000,1.0000,1.0000,1.0000,0.0000
4,11,5,0,0.2401,0.4406,1.0000,0.1561,0.0165
4,11,5,1,0.1828,0.3268,1.0000,0.1005,0.0005
4,11,5,2,0.4068,0.5905,0.8818,0.3192,0.0714
4,11,5,3,0.3942,0.4910,0.8152,0.2997,0.0804
4,11,5,4,0.5174,0.6929,0.9027,0.4502,0.0639
4,11,5,5,0.1975,0.3626,0.9998,0.1118,0.0077
4,11,5,6,0.4293,0.5597,0.9997,0.3602,0.0357
4,11,5,7,0.3486,0.4935,0.9699,0.2672,0.0357
4,11,5,8,0.2332,0.4458,0.9992,0.1434,0.0248
4,11,5,9,0.2029,0.3359,0.9999,0.1178,0.0063
4,11,5,10,0.2545,0.4469,0.9956,0.1633,0.0308
4,11,5,11,0.2487,0.4224,0.9980,0.1590,0.0262
4,11,6,0,0.5220,0.6052,0.8593,0.4526,0.0781
4,11,6,1,0.2103,0.3455,0.9989,0.1236,0.0130
4,11,6,2,0.2238,0.3631,0.9969,0.1350,0.0171
4,11,6,3,0.2402,0.3973,0.9990,0.1507,0.0278
4,11,6,4,0.3310,0.5053,0.9954,0.2393,0.0526
4,11,6,5,0.2940,0.4583,0.9942,0.2037,0.0379
4,11,6,6,0.2050,0.3654,0.9996,0.1180,0.0108
4,11,6,7,0.3829,0.5453,0.9945,0.2994,0.0521
4,11,6,8,0.4116,0.5770,0.9851,0.3328,0.0525
4,11,6,9,0.1831,0.3272,1.0000,0.1001,0.0012
4,11,6,10,0.1951,0.3347,1.0000,0.1108,0.0038
4,11,6,11,0.4444,0.5763,0.8401,0.3618,0.0740
4,11,7,0,0.6711,0.7116,0.9731,0.6299,0.0539
4,11,7,1,0.2195,0.3990,0.9996,0.1303,0.0193
4,11,7,2,0.1852,0.3388,1.0000,0.1018,0.0020
4,11,7,3,0.3289,0.5094,0.9913,0.2395,0.0484
4,11,7,4,0.2825,0.4655,0.9953,0.1916,0.0411
4,11,7,5,0.2750,0.3985,0.9889,0.1842,0.0328
4,11,7,6,0.2153,0.3598,0.9999,0.1272,0.0150
4,11,7,7,0.2058,0.3635,0.9999,0.1196,0.0106
4,11,7,8,0.3291,0.4736,0.9792,0.2403,0.0471
4,11,7,9,0.2979,0.4305,0.9044,0.2030,0.0508
4,11,7,10,0.1835,0.3331,0.9998,0.0994,0.0028
4,11,7,11,0.1880,0.3500,0.9999,0.1034,0.0035
4,11,8,0,0.2326,0.3692,0.9902,0.1417,0.0234
4,11,8,1,0.1924,0.3404,0.9997,0.1074,0.0066
4,11,8,2,0.2382,0.3908,0.9962,0.1463,0.0265
4,11,8,3,0.2049,0.3567,0.9994,0.1170,0.0134
4,11,8,4,0.3440,0.5089,0.9103,0.2543,0.0565
4,11,8,5,0.3525,0.4837,0.9561,0.2611,0.0618
4,11,8,6,0.1991,0.3410,1.0000,0.1137,0.0076
4,11,8,7,0.5364,0.6120,0.9533,0.4761,0.0540
4,11,8,8,0.3051,0.4850,0.9900,0.2126,0.0453
4,11,8,9,0.2609,0.4100,0.9983,0.1707,0.0310
4,11,8,10,0.2490,0.4262,0.9928,0.1561,0.0302
4,11,8,11,0.2063,0.3461,0.9999,0.1200,0.0094
4,11,9,0,0.2607,0.4091,0.9998,0.1748,0.0241
4,11,9,1,0.1964,0.3478,0.9991,0.1097,0.0096
4,11,9,2,0.2195,0.3569,0.9993,0.1323,0.0155
4,11,9,3,0.6140,0.6871,0.8686,0.5613,0.0761
4,11,9,4,0.2010,0.3516,0.9998,0.1153,0.0088
4,11,9,5,0.2337,0.3957,0.9994,0.1454,0.0193
4,11,9,6,0.1874,0.3262,1.0000,0.1040,0.0018
4,11,9,7,0.2560,0.4146,0.9982,0.1633,0.0352
4,11,9,8,0.1992,0.3405,1.0000,0.1141,0.0066
4,11,9,9,0.1879,0.3286,1.0000,0.1041,0.0022
4,11,9,10,0.4002,0.5513,0.9499,0.3151,0.0628
4,11,9,11,0.1887,0.3271,1.0000,0.1050,0.0021
4,11,10,0,0.2012,0.3411,1.0000,0.1161,0.0070
4,11,10,1,0.1979,0.3349,1.0000,0.1133,0.0055
4,11,10,2,0.1999,0.3448,0.9995,0.1139,0.0080
4,11,10,3,0.2191,0.3677,0.9931,0.1293,0.0185
4,11,10,4,0.2650,0.4286,0.9925,0.1749,0.0325
4,11,10,5,0.2802,0.4709,0.9801,0.1872,0.0466
4,11,10,6,0.2116,0.3507,0.9999,0.1251,0.0115
4,11,10,7,0.2180,0.3854,0.9988,0.1293,0.0163
4,11,10,8,0.1887,0.3258,1.0000,0.1049,0.0022
4,11,10,9,0.4256,0.6378,0.9803,0.3461,0.0567
4,11,10,10,0.1903,0.3242,1.0000,0.1067,0.0024
4,11,10,11,0.4234,0.4853,0.9831,0.3536,0.0337
4,11,11,0,0.4183,0.5725,0.7097,0.3178,0.1019
4,11,11,1,0.2415,0.3812,0.9919,0.1491,0.0275
4,11,11,2,0.1972,0.3327,0.9983,0.1112,0.0071
4,11,11,3,0.4376,0.5446,0.9080,0.3534,0.0710
4,11,11,4,0.2530,0.3847,0.9748,0.1584,0.0329
4,11,11,5,0.2001,0.3511,0.9972,0.1126,0.0138
4,11,11,6,0.1948,0.3290,0.9998,0.1101,0.0043
4,11,11,7,0.2181,0.3912,0.9937,0.1261,0.0226
4,11,11,8,0.4461,0.6746,0.9401,0.3648,0.0745
4,11,11,9,0.2024,0.3418,0.9996,0.1169,0.0070
4,11,11,10,0.3543,0.5157,0.9213,0.2623,0.0577
4,11,11,11,0.3479,0.5039,0.9811,0.2606,0.0468
5,0,0,0,0.8829,0.8853,0.9215,0.8735,0.0643
5,0,0,1,0.1496,0.2542,0.9793,0.0531,0.0118
5,0,0,2,0.8486,0.8396,0.8106,0.8362,0.0731
5,0,0,3,0.2494,0.2875,0.9455,0.1571,0.0075
5,0,0,4,0.4505,0.4866,0.9495,0.3687,0.0367
5,0,0,5,0.2099,0.2588,0.9638,0.1168,0.0066
5,0,0,6,0.7921,0.8158,0.9417,0.7655,0.0737
5,0,0,7,0.6647,0.6960,0.8438,0.6114,0.0781
5,0,0,8,0.5980,0.6106,0.9081,0.5299,0.0748
5,0,0,9,0.8000,0.7857,0.7187,0.7811,0.0828
5,0,0,10,0.7563,0.7344,0.7907,0.7257,0.0816
5,0,0,11,0.8419,0.8308,0.8361,0.8300,0.0756
5,0,1,0,0.7531,0.7750,0.9426,0.7178,0.0699
5,0,1,1,0.8716,0.8741,0.9631,0.8577,0.0564
5,0,1,2,0.8476,0.8633,0.9560,0.8311,0.0678
5,0,1,3,0.9212,0.8849,0.8599,0.9193,0.0548
5,0,1,4,0.9405,0.9410,0.9611,0.9382,0.0506
5,0,1,5,0.9381,0.9479,0.9801,0.9327,0.0395
5,0,1,6,0.8782,0.8718,0.9795,0.8647,0.0516
5,0,1,7,0.9264,0.9280,0.9714,0.9210,0.0496
5,0,1,8,0.9252,0.9350,0.9304,0.9202,0.0495
5,0,1,9,0.9484,0.9568,0.9765,0.9439,0.0353
5,0,1,10,0.2030,0.5794,0.8548,0.0468,0.0799
5,0,1,11,0.3541,0.3490,0.9673,0.2694,0.0148
5,0,2,0,0.8278,0.8265,0.9121,0.8078,0.0690
5,0,2,1,0.9699,0.9661,0.9976,0.9663,0.0160
5,0,2,2,0.4657,0.5975,0.9139,0.3811,0.0460
5,0,2,3,0.6784,0.7140,0.9599,0.6286,0.0628
5,0,2,4,0.9327,0.9454,0.9856,0.9262,0.0395
5,0,2,5,0.7463,0.7734,0.9165,0.7096,0.0657
5,0,2,6,0.9687,0.9838,0.9986,0.9648,0.0087
5,0,2,7,0.7597,0.7857,0.8981,0.7273,0.0763
5,0,2,8,0.7702,0.7658,0.9002,0.7378,0.0594
5,0,2,9,0.5660,0.6200,0.9047,0.4947,0.0605
5,0,2,10,0.8716,0.8720,0.9249,0.8605,0.0683
5,0,2,11,0.9802,0.9751,0.9949,0.9788,0.0268
5,0,3,0,0.9818,0.9706,1.0000,0.9796,0.0096
5,0,3,1,0.9017,0.8975,0.9047,0.8907,0.0436
5,0,3,2,0.4277,0.5722,0.9326,0.3353,0.0495
5,0,3,3,0.9376,0.9363,0.9900,0.9298,0.0190
5,0,3,4,0.9822,0.9671,0.9999,0.9803,0.0119
5,0,3,5,0.9417,0.9578,0.9737,0.9360,0.0366
5,0,3,6,0.6071,0.6348,0.8973,0.5419,0.0695
5,0,3,7,0.6146,0.6318,0.9550,0.5548,0.0510
5,0,3,8,0.7748,0.7634,0.8483,0.7434,0.0623
5,0,3,9,0.5684,0.7100,0.9127,0.5079,0.0260
5,0,3,10,0.9670,0.9550,0.9969,0.9642,0.0261
5,0,3,11,0.7132,0.7689,0.9712,0.6704,0.0517
5,0,4,0,0.6508,0.6355,0.8974,0.6026,0.0237
5,0,4,1,0.9024,0.8888,0.9193,0.8914,0.0443
5,0,4,2,0.9734,0.9710,0.9970,0.9702,0.0150
5,0,4,3,0.7472,0.7876,0.9709,0.7104,0.0523
5,0,4,4,0.9789,0.9806,0.9903,0.9769,0.0194
5,0,4,5,0.7249,0.7606,0.9703,0.6847,0.0425
5,0,4,6,0.9275,0.9284,0.9552,0.9208,0.0441
5,0,4,7,0.5510,0.5616,0.9567,0.4831,0.0390
5,0,4,8,0.9781,0.9828,0.9998,0.9754,0.0081
5,0,4,9,0.8760,0.8580,0.8423,0.8620,0.0514
5,0,4,10,0.9808,0.9709,0.9996,0.9787,0.0105
5,0,4,11,0.2401,0.4406,1.0000,0.1561,0.0165
5,0,5,0,1.0000,1.0000,1.0000,1.0000,0.0000
5,0,5,1,0.9791,0.9632,1.0000,0.9773,0.0160
5,0,5,2,0.7998,0.7884,0.8782,0.7725,0.0556
5,0,5,3,0.8371,0.7936,0.8107,0.8187,0.0657
5,0,5,4,0.7698,0.7612,0.8993,0.7368,0.0474
5,0,5,5,0.9831,0.9690,0.9996,0.9812,0.0098
5,0,5,6,0.9112,0.9128,0.9995,0.8997,0.0197
5,0,5,7,0.8940,0.9079,0.9680,0.8802,0.0202
5,0,5,8,0.9838,0.9738,0.9989,0.9819,0.0109
5,0,5,9,0.9807,0.9676,0.9997,0.9785,0.0113
5,0,5,10,0.9766,0.9722,0.9948,0.9741,0.0172
5,0,5,11,0.9821,0.9829,0.9975,0.9801,0.0129
5,0,6,0,0.7079,0.7044,0.8553,0.6636,0.0615
5,0,6,1,0.9337,0.9608,0.9986,0.9257,0.0064
5,0,6,2,0.9855,0.9746,0.9963,0.9837,0.0118
5,0,6,3,0.9611,0.9765,0.9986,0.9563,0.0136
5,0,6,4,0.9372,0.9306,0.9947,0.9311,0.0361
5,0,6,5,0.9743,0.9792,0.9933,0.9721,0.0253
5,0,6,6,0.9838,0.9718,0.9993,0.9818,0.0094
5,0,6,7,0.9146,0.9528,0.9937,0.9047,0.0376
5,0,6,8,0.9327,0.9350,0.9837,0.9256,0.0362
5,0,6,9,0.9803,0.9645,0.9999,0.9785,0.0153
5,0,6,10,0.9809,0.9674,1.0000,0.9788,0.0127
5,0,6,11,0.7986,0.7742,0.8359,0.7714,0.0580
5,0,7,0,0.6651,0.7143,0.9713,0.6167,0.0374
5,0,7,1,0.9728,0.9809,0.9994,0.9695,0.0070
5,0,7,2,0.9826,0.9698,1.0000,0.9810,0.0146
5,0,7,3,0.9649,0.9601,0.9902,0.9623,0.0342
5,0,7,4,0.9432,0.9288,0.9946,0.9364,0.0274
5,0,7,5,0.9681,0.9653,0.9878,0.9647,0.0223
5,0,7,6,0.9773,0.9765,0.9997,0.9745,0.0094
5,0,7,7,0.9832,0.9792,0.9997,0.9812,0.0070
5,0,7,8,0.9331,0.9331,0.9776,0.9255,0.0306
5,0,7,9,0.8929,0.8567,0.9011,0.8795,0.0345
5,0,7,10,0.9799,0.9655,0.9996,0.9779,0.0138
5,0,7,11,0.9834,0.9719,0.9998,0.9817,0.0130
5,0,8,0,0.9730,0.9567,0.9891,0.9697,0.0157
5,0,8,1,0.9764,0.9731,0.9995,0.9738,0.0100
5,0,8,2,0.9769,0.9775,0.9954,0.9742,0.0173
5,0,8,3,0.9727,0.9734,0.9991,0.9693,0.0066
5,0,8,4,0.7779,0.8424,0.9070,0.7465,0.0400
5,0,8,5,0.8790,0.8403,0.9538,0.8643,0.0463
5,0,8,6,0.9741,0.9749,0.9999,0.9712,0.0089
5,0,8,7,0.7115,0.7256,0.9509,0.6701,0.0380
5,0,8,8,0.9583,0.9505,0.9889,0.9546,0.0316
5,0,8,9,0.9620,0.9817,0.9979,0.9575,0.0173
5,0,8,10,0.9846,0.9747,0.9919,0.9834,0.0194
5,0,8,11,0.9788,0.9643,0.9998,0.9763,0.0089
5,0,9,0,0.9481,0.9402,0.9996,0.9415,0.0087
5,0,9,1,0.9726,0.9716,0.9987,0.9694,0.0077
5,0,9,2,0.9649,0.9730,0.9990,0.9605,0.0050
5,0,9,3,0.7408,0.7149,0.8647,0.7027,0.0609
5,0,9,4,0.9745,0.9746,0.9997,0.9715,0.0077
5,0,9,5,0.9793,0.9671,0.9991,0.9767,0.0112
5,0,9,6,0.9783,0.9641,1.0000,0.9761,0.0147
5,0,9,7,0.9573,0.9674,0.9977,0.9523,0.0194
5,0,9,8,0.9782,0.9675,0.9999,0.9757,0.0100
5,0,9,9,0.9786,0.9654,0.9999,0.9764,0.0143
5,0,9,10,0.8421,0.8321,0.9475,0.8214,0.0476
5,0,9,11,0.9796,0.9636,0.9999,0.9775,0.0144
5,0,10,0,0.9762,0.9654,0.9999,0.9735,0.0104
5,0,10,1,0.9768,0.9697,0.9999,0.9742,0.0110
5,0,10,2,0.9831,0.9698,0.9992,0.9811,0.0098
5,0,10,3,0.9825,0.9682,0.9922,0.9804,0.0109
5,0,10,4,0.9435,0.9421,0.9915,0.9365,0.0173
5,0,10,5,0.9041,0.8857,0.9785,0.8919,0.0319
5,0,10,6,0.9741,0.9654,0.9998,0.9710,0.0076
5,0,10,7,0.9786,0.9719,0.9983,0.9759,0.0110
5,0,10,8,0.9789,0.9641,0.9999,0.9767,0.0143
5,0,10,9,0.9184,0.9150,0.9788,0.9099,0.0417
5,0,10,10,0.9778,0.9640,0.9999,0.9755,0.0142
5,0,10,11,0.8029,0.8084,0.9817,0.7767,0.0172
5,0,11,0,0.6008,0.6111,0.7042,0.5321,0.0870
5,0,11,1,0.9696,0.9682,0.9909,0.9661,0.0181
5,0,11,2,0.9781,0.9648,0.9978,0.9756,0.0113
5,0,11,3,0.8536,0.8762,0.9048,0.8370,0.0558
5,0,11,4,0.9758,0.9617,0.9730,0.9736,0.0251
5,0,11,5,0.9573,0.9721,0.9966,0.9521,0.0049
5,0,11,6,0.9782,0.9660,0.9997,0.9758,0.0122
5,0,11,7,0.9772,0.9680,0.9928,0.9744,0.0131
5,0,11,8,0.1833,0.5486,0.9375,0.0427,0.0590
5,0,11,9,0.9805,0.9716,0.9994,0.9783,0.0104
5,0,11,10,0.9191,0.9201,0.9183,0.9114,0.0417
5,0,11,11,0.9653,0.9607,0.9796,0.9629,0.0311
5,1,0,0,0.8533,0.8498,0.9224,0.8451,0.0784
5,1,0,1,0.0990,0.1790,0.9798,0.0059,0.0042
5,1,0,2,0.8223,0.8088,0.8120,0.8126,0.0870
5,1,0,3,0.1908,0.2072,0.9463,0.1002,0.0198
5,1,0,4,0.3931,0.3816,0.9502,0.3117,0.0514
5,1,0,5,0.1566,0.1864,0.9645,0.0661,0.0100
5,1,0,6,0.7594,0.7735,0.9425,0.7346,0.0882
5,1,0,7,0.6082,0.6109,0.8451,0.5533,0.0930
5,1,0,8,0.5725,0.5815,0.9091,0.5101,0.0892
5,1,0,9,0.7667,0.7495,0.7204,0.7501,0.0972
5,1,0,10,0.7122,0.6861,0.7922,0.6818,0.0965
5,1,0,11,0.8095,0.7941,0.8374,0.7993,0.0897
5,1,1,0,0.7073,0.7032,0.9434,0.6715,0.0849
5,1,1,1,0.8254,0.8117,0.9637,0.8094,0.0714
5,1,1,2,0.8039,0.8091,0.9567,0.7862,0.0815
5,1,1,3,0.9159,0.8864,0.8611,0.9193,0.0703
5,1,1,4,0.9184,0.9181,0.9618,0.9173,0.0624
5,1,1,5,0.9066,0.9042,0.9806,0.9003,0.0550
5,1,1,6,0.8414,0.8309,0.9800,0.8272,0.0673
5,1,1,7,0.9073,0.9101,0.9720,0.9036,0.0624
5,1,1,8,0.9140,0.9208,0.9313,0.9123,0.0634
5,1,1,9,0.9410,0.9542,0.9770,0.9388,0.0489
5,1,1,10,0.1551,0.5211,0.8560,0.0045,0.0941
5,1,1,11,0.3003,0.2779,0.9679,0.2171,0.0285
5,1,2,0,0.7936,0.7792,0.9131,0.7745,0.0837
5,1,2,1,0.9820,0.9840,0.9978,0.9816,0.0262
5,1,2,2,0.4012,0.4934,0.9149,0.3159,0.0620
5,1,2,3,0.6346,0.6483,0.9605,0.5854,0.0775
5,1,2,4,0.9134,0.9179,0.9860,0.9079,0.0552
5,1,2,5,0.6961,0.6900,0.9174,0.6582,0.0809
5,1,2,6,0.9733,0.9788,0.9987,0.9713,0.0231
5,1,2,7,0.7030,0.7088,0.8992,0.6680,0.0905
5,1,2,8,0.7329,0.7037,0.9012,0.7013,0.0749
5,1,2,9,0.5013,0.5248,0.9058,0.4281,0.0757
5,1,2,10,0.8262,0.8138,0.9258,0.8135,0.0820
5,1,2,11,0.9802,0.9798,0.9951,0.9810,0.0349
5,1,3,0,0.9949,0.9935,1.0000,0.9947,0.0119
5,1,3,1,0.8969,0.8796,0.9057,0.8897,0.0596
5,1,3,2,0.3814,0.4971,0.9335,0.2918,0.0641
5,1,3,3,0.9550,0.9594,0.9903,0.9517,0.0345
5,1,3,4,0.9989,0.9988,0.9999,0.9989,0.0041
5,1,3,5,0.9368,0.9375,0.9743,0.9340,0.0497
5,1,3,6,0.5566,0.5617,0.8984,0.4917,0.0840
5,1,3,7,0.5788,0.5709,0.9558,0.5213,0.0668
5,1,3,8,0.7510,0.7099,0.8496,0.7227,0.0783
5,1,3,9,0.5494,0.6754,0.9136,0.4930,0.0417
5,1,3,10,0.9550,0.9397,0.9971,0.9532,0.0413
5,1,3,11,0.6819,0.7073,0.9718,0.6411,0.0669
5,1,4,0,0.6303,0.6048,0.8985,0.5850,0.0390
5,1,4,1,0.8943,0.8749,0.9203,0.8866,0.0598
5,1,4,2,0.9875,0.9865,0.9972,0.9875,0.0226
5,1,4,3,0.7085,0.7492,0.9715,0.6721,0.0673
5,1,4,4,0.9647,0.9588,0.9906,0.9627,0.0333
5,1,4,5,0.7042,0.7287,0.9709,0.6671,0.0585
5,1,4,6,0.9000,0.8927,0.9559,0.8934,0.0580
5,1,4,7,0.4902,0.4869,0.9574,0.4212,0.0547
5,1,4,8,0.9886,0.9902,0.9998,0.9880,0.0160
5,1,4,9,0.8693,0.8435,0.8436,0.8597,0.0672
5,1,4,10,0.9984,0.9987,0.9997,0.9983,0.0055
5,1,4,11,0.1828,0.3268,1.0000,0.1005,0.0005
5,1,5,0,0.9791,0.9632,1.0000,0.9773,0.0160
5,1,5,1,1.0000,1.0000,1.0000,1.0000,0.0000
5,1,5,2,0.7672,0.7421,0.8793,0.7409,0.0708
5,1,5,3,0.8088,0.7618,0.8121,0.7923,0.0799
5,1,5,4,0.7297,0.6815,0.9004,0.6966,0.0634
5,1,5,5,0.9974,0.9959,0.9996,0.9973,0.0072
5,1,5,6,0.9270,0.9154,0.9996,0.9200,0.0352
5,1,5,7,0.9076,0.9147,0.9686,0.8986,0.0352
5,1,5,8,0.9734,0.9643,0.9990,0.9715,0.0243
5,1,5,9,0.9985,0.9986,0.9998,0.9985,0.0058
5,1,5,10,0.9675,0.9610,0.9951,0.9656,0.0303
5,1,5,11,0.9766,0.9747,0.9977,0.9754,0.0257
5,1,6,0,0.6706,0.6584,0.8565,0.6278,0.0775
5,1,6,1,0.9526,0.9572,0.9987,0.9478,0.0125
5,1,6,2,0.9934,0.9917,0.9965,0.9935,0.0165
5,1,6,3,0.9531,0.9595,0.9988,0.9488,0.0273
5,1,6,4,0.9239,0.9228,0.9949,0.9196,0.0521
5,1,6,5,0.9643,0.9632,0.9936,0.9631,0.0374
5,1,6,6,0.9975,0.9965,0.9994,0.9975,0.0102
5,1,6,7,0.8913,0.8995,0.9940,0.8818,0.0516
5,1,6,8,0.9145,0.9080,0.9842,0.9083,0.0519
5,1,6,9,0.9997,0.9996,0.9999,0.9997,0.0007
5,1,6,10,0.9991,0.9993,1.0000,0.9991,0.0035
5,1,6,11,0.7782,0.7463,0.8373,0.7544,0.0735
5,1,7,0,0.6709,0.7120,0.9719,0.6296,0.0534
5,1,7,1,0.9836,0.9864,0.9995,0.9825,0.0188
5,1,7,2,0.9992,0.9990,1.0000,0.9991,0.0014
5,1,7,3,0.9344,0.9187,0.9906,0.9306,0.0479
5,1,7,4,0.9166,0.8934,0.9948,0.9088,0.0405
5,1,7,5,0.9807,0.9803,0.9881,0.9811,0.0323
5,1,7,6,0.9912,0.9938,0.9998,0.9909,0.0144
5,1,7,7,0.9928,0.9929,0.9998,0.9923,0.0101
5,1,7,8,0.9200,0.9087,0.9782,0.9139,0.0466
5,1,7,9,0.8750,0.8299,0.9022,0.8629,0.0502
5,1,7,10,0.9994,0.9992,0.9997,0.9993,0.0022
5,1,7,11,0.9987,0.9982,0.9999,0.9986,0.0030
5,1,8,0,0.9899,0.9883,0.9894,0.9901,0.0228
5,1,8,1,0.9951,0.9959,0.9995,0.9947,0.0060
5,1,8,2,0.9844,0.9859,0.9957,0.9844,0.0260
5,1,8,3,0.9904,0.9930,0.9992,0.9898,0.0129
5,1,8,4,0.7777,0.8327,0.9081,0.7517,0.0560
5,1,8,5,0.8461,0.8016,0.9545,0.8311,0.0613
5,1,8,6,0.9933,0.9955,0.9999,0.9928,0.0071
5,1,8,7,0.7244,0.7390,0.9517,0.6906,0.0535
5,1,8,8,0.9503,0.9480,0.9892,0.9485,0.0447
5,1,8,9,0.9677,0.9739,0.9980,0.9658,0.0304
5,1,8,10,0.9827,0.9772,0.9922,0.9829,0.0296
5,1,8,11,0.9966,0.9967,0.9998,0.9965,0.0089
5,1,9,0,0.9653,0.9684,0.9997,0.9624,0.0236
5,1,9,1,0.9932,0.9946,0.9988,0.9926,0.0091
5,1,9,2,0.9862,0.9892,0.9991,0.9852,0.0150
5,1,9,3,0.7200,0.6799,0.8659,0.6861,0.0756
5,1,9,4,0.9941,0.9959,0.9997,0.9936,0.0083
5,1,9,5,0.9910,0.9909,0.9992,0.9909,0.0188
5,1,9,6,0.9995,0.9996,1.0000,0.9995,0.0016
5,1,9,7,0.9565,0.9623,0.9979,0.9536,0.0346
5,1,9,8,0.9978,0.9981,0.9999,0.9977,0.0060
5,1,9,9,0.9993,0.9994,0.9999,0.9992,0.0020
5,1,9,10,0.8072,0.7812,0.9483,0.7864,0.0623
5,1,9,11,0.9997,0.9996,0.9999,0.9997,0.0018
5,1,10,0,0.9976,0.9984,1.0000,0.9975,0.0064
5,1,10,1,0.9977,0.9985,1.0000,0.9976,0.0050
5,1,10,2,0.9975,0.9972,0.9993,0.9975,0.0075
5,1,10,3,0.9917,0.9887,0.9925,0.9917,0.0180
5,1,10,4,0.9630,0.9632,0.9918,0.9606,0.0320
5,1,10,5,0.8648,0.8301,0.9790,0.8505,0.0460
5,1,10,6,0.9949,0.9964,0.9999,0.9947,0.0110
5,1,10,7,0.9941,0.9936,0.9985,0.9942,0.0157
5,1,10,8,0.9996,0.9996,0.9999,0.9995,0.0020
5,1,10,9,0.8666,0.8318,0.9793,0.8545,0.0561
5,1,10,10,0.9994,0.9996,1.0000,0.9994,0.0021
5,1,10,11,0.8273,0.8361,0.9822,0.8078,0.0332
5,1,11,0,0.5510,0.5739,0.7060,0.4830,0.1014
5,1,11,1,0.9845,0.9860,0.9912,0.9847,0.0270
5,1,11,2,0.9988,0.9985,0.9980,0.9989,0.0066
5,1,11,3,0.8647,0.8738,0.9058,0.8566,0.0704
5,1,11,4,0.9854,0.9823,0.9736,0.9867,0.0324
5,1,11,5,0.9755,0.9793,0.9968,0.9731,0.0132
5,1,11,6,0.9989,0.9992,0.9997,0.9989,0.0041
5,1,11,7,0.9869,0.9844,0.9931,0.9866,0.0220
5,1,11,8,0.1369,0.4771,0.9383,0.0018,0.0740
5,1,11,9,0.9975,0.9979,0.9995,0.9974,0.0064
5,1,11,10,0.9232,0.9128,0.9192,0.9206,0.0572
5,1,11,11,0.9502,0.9396,0.9801,0.9488,0.0463
5,2,0,0,0.8661,0.9035,0.9950,0.8311,0.0231
5,2,0,1,0.2010,0.3671,0.9568,0.0747,0.0666
5,2,0,2,0.8851,0.8817,0.9920,0.8545,0.0285
5,2,0,3,0.2894,0.3768,0.9861,0.1677,0.0531
5,2,0,4,0.4952,0.5381,0.9839,0.3874,0.0202
5,2,0,5,0.2463,0.3711,0.9739,0.1226,0.0609
5,2,0,6,0.8117,0.8395,0.9879,0.7612,0.0281
5,2,0,7,0.7785,0.7849,0.9977,0.7171,0.0272
5,2,0,8,0.7231,0.7613,0.9978,0.6456,0.0273
5,2,0,9,0.8825,0.8854,0.9637,0.8517,0.0353
5,2,0,10,0.7972,0.8250,0.9872,0.7396,0.0278
5,2,0,11,0.8766,0.8840,0.9966,0.8435,0.0310
5,2,1,0,0.8227,0.8342,0.9875,0.7763,0.0248
5,2,1,1,0.8697,0.8539,0.9745,0.8373,0.0163
5,2,1,2,0.8711,0.8573,0.9799,0.8375,0.0274
5,2,1,3,0.8641,0.8685,0.9993,0.8288,0.0302
5,2,1,4,0.8870,0.8754,0.9761,0.8596,0.0294
5,2,1,5,0.8473,0.8653,0.9557,0.8136,0.0195
5,2,1,6,0.8324,0.8812,0.9565,0.7919,0.0167
5,2,1,7,0.8832,0.8685,0.9666,0.8553,0.0260
5,2,1,8,0.8749,0.8727,0.9924,0.8445,0.0198
5,2,1,9,0.8588,0.8481,0.9606,0.8292,0.0248
5,2,1,10,0.4832,0.7919,0.9989,0.3366,0.0345
5,2,1,11,0.3417,0.4029,0.9708,0.2209,0.0445
5,2,2,0,0.8888,0.8881,0.9971,0.8597,0.0202
5,2,2,1,0.8093,0.8064,0.9091,0.7778,0.0446
5,2,2,2,0.6398,0.7373,0.9967,0.5562,0.0130
5,2,2,3,0.7765,0.7959,0.9771,0.7201,0.0151
5,2,2,4,0.8388,0.8433,0.9464,0.8036,0.0161
5,2,2,5,0.8222,0.8118,0.9962,0.7759,0.0180
5,2,2,6,0.8307,0.8096,0.9025,0.8052,0.0485
5,2,2,7,0.8059,0.8212,0.9991,0.7526,0.0265
5,2,2,8,0.8442,0.8433,0.9988,0.8045,0.0148
5,2,2,9,0.6834,0.7065,0.9983,0.6031,0.0127
5,2,2,10,0.8845,0.8748,0.9941,0.8542,0.0266
5,2,2,11,0.8365,0.8151,0.9221,0.8064,0.0396
5,2,3,0,0.7764,0.7652,0.8810,0.7456,0.0589
5,2,3,1,0.8574,0.8671,0.9983,0.8254,0.0150
5,2,3,2,0.6768,0.7879,0.9916,0.6004,0.0130
5,2,3,3,0.8139,0.8037,0.9369,0.7816,0.0395
5,2,3,4,0.7785,0.7544,0.8845,0.7510,0.0668
5,2,3,5,0.8721,0.8688,0.9640,0.8453,0.0293
5,2,3,6,0.7654,0.8091,0.9991,0.7022,0.0213
5,2,3,7,0.7434,0.7475,0.9805,0.6829,0.0093
5,2,3,8,0.8280,0.8399,0.9982,0.7841,0.0138
5,2,3,9,0.7582,0.8143,0.9970,0.7119,0.0299
5,2,3,10,0.8272,0.8142,0.9133,0.7936,0.0295
5,2,3,11,0.8109,0.8174,0.9668,0.7664,0.0066
5,2,4,0,0.7145,0.7579,0.9991,0.6602,0.0321
5,2,4,1,0.8477,0.8651,0.9956,0.8135,0.0144
5,2,4,2,0.8186,0.8007,0.9127,0.7900,0.0483
5,2,4,3,0.8702,0.8750,0.9672,0.8395,0.0135
5,2,4,4,0.8617,0.8489,0.9362,0.8383,0.0375
5,2,4,5,0.7945,0.8091,0.9678,0.7487,0.0144
5,2,4,6,0.9231,0.9135,0.9804,0.9059,0.0260
5,2,4,7,0.5984,0.6061,0.9794,0.5097,0.0193
5,2,4,8,0.8184,0.7941,0.8883,0.7929,0.0548
5,2,4,9,0.9276,0.9141,0.9975,0.9101,0.0097
5,2,4,10,0.7846,0.7602,0.8909,0.7578,0.0653
5,2,4,11,0.4068,0.5905,0.8818,0.3192,0.0714
5,2,5,0,0.7998,0.7884,0.8782,0.7725,0.0556
5,2,5,1,0.7672,0.7421,0.8793,0.7409,0.0708
5,2,5,2,1.0000,1.0000,1.0000,1.0000,0.0000
5,2,5,3,0.8781,0.8795,0.9920,0.8463,0.0177
5,2,5,4,0.8486,0.8153,0.9989,0.8129,0.0138
5,2,5,5,0.7899,0.7751,0.8919,0.7632,0.0636
5,2,5,6,0.7825,0.8042,0.8932,0.7446,0.0404
5,2,5,7,0.8699,0.8682,0.9701,0.8475,0.0359
5,2,5,8,0.8233,0.8242,0.8998,0.7962,0.0466
5,2,5,9,0.7895,0.7612,0.8893,0.7628,0.0651
5,2,5,10,0.8591,0.8437,0.9222,0.8362,0.0405
5,2,5,11,0.8371,0.8129,0.9096,0.8115,0.0451
5,2,6,0,0.8822,0.8888,0.9989,0.8522,0.0130
5,2,6,1,0.8171,0.7884,0.9026,0.7933,0.0584
5,2,6,2,0.8086,0.7927,0.9160,0.7804,0.0543
5,2,6,3,0.8570,0.8347,0.9020,0.8360,0.0454
5,2,6,4,0.8337,0.8392,0.9228,0.7981,0.0206
5,2,6,5,0.8634,0.8431,0.9274,0.8385,0.0363
5,2,6,6,0.7927,0.7713,0.8951,0.7649,0.0606
5,2,6,7,0.8958,0.8751,0.9263,0.8742,0.0214
5,2,6,8,0.8907,0.8896,0.9498,0.8683,0.0205
5,2,6,9,0.7690,0.7468,0.8842,0.7424,0.0702
5,2,6,10,0.7821,0.7560,0.8828,0.7555,0.0676
5,2,6,11,0.8639,0.8912,0.9966,0.8296,0.0089
5,2,7,0,0.6650,0.7539,0.9667,0.5945,0.0198
5,2,7,1,0.8162,0.7987,0.8945,0.7896,0.0521
5,2,7,2,0.7753,0.7525,0.8822,0.7493,0.0694
5,2,7,3,0.8844,0.8762,0.9363,0.8614,0.0282
5,2,7,4,0.8731,0.8824,0.9232,0.8508,0.0319
5,2,7,5,0.8328,0.8135,0.9420,0.8030,0.0388
5,2,7,6,0.8063,0.7839,0.8896,0.7790,0.0564
5,2,7,7,0.8050,0.7787,0.8893,0.7800,0.0607
5,2,7,8,0.8951,0.8989,0.9591,0.8748,0.0266
5,2,7,9,0.8419,0.8627,0.9987,0.8092,0.0211
5,2,7,10,0.7757,0.7542,0.8907,0.7492,0.0686
5,2,7,11,0.7787,0.7592,0.8871,0.7519,0.0678
5,2,8,0,0.7925,0.7856,0.9391,0.7588,0.0480
5,2,8,1,0.7939,0.7672,0.8934,0.7691,0.0648
5,2,8,2,0.8292,0.8136,0.9198,0.8013,0.0459
5,2,8,3,0.8035,0.7883,0.8977,0.7768,0.0580
5,2,8,4,0.7513,0.8439,0.9979,0.6976,0.0203
5,2,8,5,0.8394,0.8560,0.9813,0.8030,0.0169
5,2,8,6,0.7956,0.7706,0.8854,0.7701,0.0638
5,2,8,7,0.6948,0.7448,0.9831,0.6306,0.0184
5,2,8,8,0.8411,0.8370,0.9396,0.8091,0.0285
5,2,8,9,0.8423,0.8231,0.9075,0.8161,0.0409
5,2,8,10,0.8327,0.8168,0.9319,0.8038,0.0415
5,2,8,11,0.7837,0.7609,0.8883,0.7546,0.0619
5,2,9,0,0.7924,0.7761,0.8913,0.7600,0.0483
5,2,9,1,0.7999,0.7762,0.9012,0.7743,0.0618
5,2,9,2,0.8033,0.7774,0.8988,0.7759,0.0559
5,2,9,3,0.7762,0.8379,0.9996,0.7190,0.0118
5,2,9,4,0.7986,0.7759,0.8903,0.7732,0.0626
5,2,9,5,0.7983,0.7812,0.8975,0.7677,0.0521
5,2,9,6,0.7734,0.7473,0.8820,0.7468,0.0695
5,2,9,7,0.8547,0.8489,0.9085,0.8297,0.0362
5,2,9,8,0.7786,0.7586,0.8854,0.7503,0.0648
5,2,9,9,0.7788,0.7522,0.8853,0.7528,0.0691
5,2,9,10,0.8513,0.8922,0.9850,0.8170,0.0125
5,2,9,11,0.7756,0.7488,0.8861,0.7490,0.0693
5,2,10,0,0.7800,0.7571,0.8830,0.7518,0.0644
5,2,10,1,0.7831,0.7562,0.8839,0.7562,0.0659
5,2,10,2,0.7963,0.7721,0.8964,0.7703,0.0634
5,2,10,3,0.8050,0.7974,0.9311,0.7757,0.0529
5,2,10,4,0.7854,0.7876,0.9329,0.7476,0.0388
5,2,10,5,0.8343,0.8763,0.9579,0.8028,0.0258
5,2,10,6,0.7871,0.7661,0.8872,0.7579,0.0598
5,2,10,7,0.8012,0.7815,0.9042,0.7722,0.0551
5,2,10,8,0.7748,0.7495,0.8860,0.7480,0.0691
5,2,10,9,0.8493,0.8969,0.9576,0.8157,0.0171
5,2,10,10,0.7741,0.7475,0.8840,0.7472,0.0690
5,2,10,11,0.7117,0.7232,0.9532,0.6599,0.0395
5,2,11,0,0.7721,0.8043,0.9580,0.7057,0.0350
5,2,11,1,0.8225,0.8081,0.9346,0.7926,0.0438
5,2,11,2,0.7845,0.7621,0.9080,0.7567,0.0643
5,2,11,3,0.8264,0.8631,0.9983,0.7824,0.0122
5,2,11,4,0.8330,0.8215,0.9648,0.8026,0.0397
5,2,11,5,0.8163,0.7905,0.9144,0.7927,0.0584
5,2,11,6,0.7810,0.7545,0.8903,0.7539,0.0670
5,2,11,7,0.8270,0.8190,0.9293,0.8004,0.0488
5,2,11,8,0.4188,0.7430,0.9898,0.2748,0.0092
5,2,11,9,0.7937,0.7671,0.8946,0.7675,0.0644
5,2,11,10,0.8455,0.8630,0.9958,0.8101,0.0163
5,2,11,11,0.8490,0.8583,0.9564,0.8181,0.0253
5,3,0,0,0.9441,0.9405,0.9745,0.9282,0.0114
5,3,0,1,0.2260,0.3211,0.9125,0.0959,0.0762
5,3,0,2,0.9539,0.9590,1.0000,0.9404,0.0152
5,3,0,3,0.3372,0.3396,0.9572,0.2174,0.0643
5,3,0,4,0.5756,0.5499,0.9535,0.4798,0.0290
5,3,0,5,0.2730,0.3122,0.9374,0.1465,0.0699
5,3,0,6,0.8978,0.9009,0.9605,0.8679,0.0122
5,3,0,7,0.8492,0.8498,0.9983,0.8034,0.0157
5,3,0,8,0.7735,0.7835,0.9814,0.7044,0.0138
5,3,0,9,0.9391,0.9415,0.9897,0.9218,0.0205
5,3,0,10,0.8728,0.8591,0.9994,0.8334,0.0185
5,3,0,11,0.9250,0.9210,0.9990,0.9026,0.0172
5,3,1,0,0.8918,0.8659,0.9596,0.8610,0.0123
5,3,1,1,0.9194,0.9039,0.9384,0.8983,0.0096
5,3,1,2,0.9261,0.9130,0.9468,0.9052,0.0131
5,3,1,3,0.9033,0.8682,0.9960,0.8760,0.0243
5,3,1,4,0.9330,0.9156,0.9408,0.9162,0.0256
5,3,1,5,0.9079,0.8990,0.9108,0.8880,0.0262
5,3,1,6,0.9293,0.9246,0.9120,0.9116,0.0163
5,3,1,7,0.9312,0.9205,0.9266,0.9145,0.0216
5,3,1,8,0.9283,0.9347,0.9689,0.9103,0.0186
5,3,1,9,0.9033,0.8954,0.9178,0.8840,0.0310
5,3,1,10,0.4835,0.7300,0.9968,0.3250,0.0207
5,3,1,11,0.4100,0.3835,0.9327,0.2960,0.0559
5,3,2,0,0.9323,0.9265,0.9795,0.9128,0.0077
5,3,2,1,0.8610,0.8387,0.8491,0.8410,0.0537
5,3,2,2,0.6836,0.7263,0.9785,0.6058,0.0247
5,3,2,3,0.8288,0.8300,0.9424,0.7824,0.0079
5,3,2,4,0.8816,0.8597,0.8980,0.8557,0.0270
5,3,2,5,0.8835,0.8831,0.9772,0.8506,0.0121
5,3,2,6,0.8469,0.8230,0.8409,0.8261,0.0586
5,3,2,7,0.8564,0.8516,0.9856,0.8131,0.0114
5,3,2,8,0.9061,0.9123,0.9848,0.8805,0.0094
5,3,2,9,0.7561,0.7542,0.9829,0.6898,0.0087
5,3,2,10,0.9357,0.9140,0.9724,0.9173,0.0126
5,3,2,11,0.8831,0.8456,0.8659,0.8635,0.0450
5,3,3,0,0.8305,0.7851,0.8142,0.8115,0.0680
5,3,3,1,0.9268,0.9330,0.9829,0.9109,0.0264
5,3,3,2,0.6706,0.7459,0.9674,0.5878,0.0171
5,3,3,3,0.8451,0.8167,0.8853,0.8198,0.0501
5,3,3,4,0.8244,0.7779,0.8185,0.8074,0.0758
5,3,3,5,0.9111,0.9093,0.9227,0.8934,0.0302
5,3,3,6,0.7824,0.8197,0.9859,0.7187,0.0098
5,3,3,7,0.7601,0.7385,0.9478,0.7002,0.0176
5,3,3,8,0.9043,0.9095,0.9977,0.8780,0.0210
5,3,3,9,0.8008,0.8881,0.9792,0.7628,0.0413
5,3,3,10,0.8874,0.8463,0.8545,0.8672,0.0396
5,3,3,11,0.8016,0.8138,0.9268,0.7523,0.0172
5,3,4,0,0.8553,0.8566,0.9858,0.8304,0.0433
5,3,4,1,0.9303,0.9285,0.9757,0.9153,0.0243
5,3,4,2,0.8680,0.8353,0.8537,0.8507,0.0573
5,3,4,3,0.8333,0.8234,0.9273,0.7917,0.0157
5,3,4,4,0.8706,0.8397,0.8843,0.8503,0.0466
5,3,4,5,0.8366,0.8511,0.9283,0.7990,0.0274
5,3,4,6,0.9144,0.9124,0.9477,0.8952,0.0237
5,3,4,7,0.6658,0.6309,0.9460,0.5880,0.0296
5,3,4,8,0.8411,0.8069,0.8232,0.8217,0.0639
5,3,4,9,0.9162,0.9237,0.9984,0.8952,0.0174
5,3,4,10,0.8223,0.7808,0.8263,0.8045,0.0744
5,3,4,11,0.3942,0.4910,0.8152,0.2997,0.0804
5,3,5,0,0.8371,0.7936,0.8107,0.8187,0.0657
5,3,5,1,0.8088,0.7618,0.8121,0.7923,0.0799
5,3,5,2,0.8781,0.8795,0.9920,0.8463,0.0177
5,3,5,3,1.0000,1.0000,1.0000,1.0000,0.0000
5,3,5,4,0.8796,0.8521,0.9851,0.8500,0.0231
5,3,5,5,0.8290,0.7864,0.8276,0.8117,0.0727
5,3,5,6,0.8277,0.7967,0.8292,0.7995,0.0518
5,3,5,7,0.8536,0.8587,0.9316,0.8287,0.0474
5,3,5,8,0.8648,0.8443,0.8374,0.8475,0.0567
5,3,5,9,0.8278,0.7824,0.8244,0.8103,0.0741
5,3,5,10,0.8740,0.8371,0.8660,0.8554,0.0496
5,3,5,11,0.8560,0.8179,0.8498,0.8354,0.0542
5,3,6,0,0.8941,0.8968,0.9967,0.8650,0.0192
5,3,6,1,0.7966,0.8062,0.8410,0.7706,0.0674
5,3,6,2,0.8551,0.8210,0.8580,0.8376,0.0634
5,3,6,3,0.8401,0.8272,0.8402,0.8172,0.0531
5,3,6,4,0.8979,0.8828,0.8668,0.8767,0.0307
5,3,6,5,0.8736,0.8460,0.8728,0.8516,0.0425
5,3,6,6,0.8327,0.7901,0.8315,0.8143,0.0697
5,3,6,7,0.8739,0.8586,0.8713,0.8474,0.0283
5,3,6,8,0.8794,0.8517,0.9027,0.8546,0.0319
5,3,6,9,0.8089,0.7629,0.8181,0.7917,0.0792
5,3,6,10,0.8189,0.7729,0.8164,0.8011,0.0766
5,3,6,11,0.9346,0.9432,0.9990,0.9171,0.0143
5,3,7,0,0.7645,0.7921,0.9267,0.7136,0.0338
5,3,7,1,0.8369,0.8062,0.8308,0.8159,0.0614
5,3,7,2,0.8128,0.7688,0.8157,0.7958,0.0784
5,3,7,3,0.9168,0.8882,0.8845,0.9018,0.0320
5,3,7,4,0.8962,0.8812,0.8672,0.8799,0.0394
5,3,7,5,0.8796,0.8529,0.8921,0.8605,0.0476
5,3,7,6,0.8372,0.8023,0.8248,0.8175,0.0655
5,3,7,7,0.8274,0.7921,0.8244,0.8085,0.0698
5,3,7,8,0.8986,0.8993,0.9157,0.8798,0.0383
5,3,7,9,0.9167,0.9095,0.9844,0.9011,0.0325
5,3,7,10,0.8122,0.7688,0.8262,0.7944,0.0777
5,3,7,11,0.8193,0.7760,0.8216,0.8021,0.0769
5,3,8,0,0.8490,0.8156,0.8882,0.8276,0.0571
5,3,8,1,0.8145,0.7844,0.8295,0.7956,0.0739
5,3,8,2,0.8652,0.8373,0.8628,0.8459,0.0539
5,3,8,3,0.8264,0.7999,0.8349,0.8057,0.0670
5,3,8,4,0.8539,0.9099,0.9818,0.8222,0.0323
5,3,8,5,0.9529,0.9517,0.9492,0.9434,0.0194
5,3,8,6,0.8182,0.7862,0.8196,0.7989,0.0728
5,3,8,7,0.8097,0.8233,0.9521,0.7693,0.0308
5,3,8,8,0.9127,0.8850,0.8888,0.8970,0.0352
5,3,8,9,0.8484,0.8316,0.8472,0.8244,0.0495
5,3,8,10,0.8746,0.8418,0.8786,0.8554,0.0502
5,3,8,11,0.8358,0.7926,0.8232,0.8185,0.0710
5,3,9,0,0.8628,0.8250,0.8269,0.8457,0.0586
5,3,9,1,0.8204,0.7944,0.8392,0.8006,0.0708
5,3,9,2,0.8265,0.8079,0.8363,0.8050,0.0649
5,3,9,3,0.8690,0.8692,0.9951,0.8331,0.0112
5,3,9,4,0.8240,0.7892,0.8257,0.8054,0.0716
5,3,9,5,0.8506,0.8067,0.8346,0.8317,0.0611
5,3,9,6,0.8127,0.7676,0.8154,0.7955,0.0786
5,3,9,7,0.8697,0.8585,0.8484,0.8489,0.0463
5,3,9,8,0.8209,0.7828,0.8196,0.8024,0.0739
5,3,9,9,0.8144,0.7710,0.8195,0.7970,0.0782
5,3,9,10,0.9155,0.9256,0.9554,0.8959,0.0181
5,3,9,11,0.8176,0.7713,0.8204,0.8008,0.0783
5,3,10,0,0.8217,0.7791,0.8166,0.8031,0.0735
5,3,10,1,0.8163,0.7749,0.8177,0.7974,0.0749
5,3,10,2,0.8323,0.7898,0.8332,0.8152,0.0724
5,3,10,3,0.8419,0.8132,0.8775,0.8214,0.0619
5,3,10,4,0.8680,0.8507,0.8799,0.8480,0.0484
5,3,10,5,0.8790,0.8805,0.9140,0.8575,0.0346
5,3,10,6,0.8288,0.7889,0.8218,0.8092,0.0689
5,3,10,7,0.8454,0.8075,0.8430,0.8266,0.0641
5,3,10,8,0.8143,0.7694,0.8203,0.7967,0.0782
5,3,10,9,0.8838,0.8541,0.9135,0.8576,0.0243
5,3,10,10,0.8135,0.7687,0.8179,0.7958,0.0781
5,3,10,11,0.8231,0.8282,0.9074,0.7938,0.0504
5,3,11,0,0.8218,0.8183,0.9866,0.7644,0.0220
5,3,11,1,0.8618,0.8370,0.8822,0.8410,0.0529
5,3,11,2,0.8234,0.7824,0.8478,0.8047,0.0733
5,3,11,3,0.8787,0.8946,0.9829,0.8457,0.0129
5,3,11,4,0.8777,0.8497,0.9239,0.8576,0.0475
5,3,11,5,0.8134,0.8077,0.8559,0.7911,0.0685
5,3,11,6,0.8186,0.7754,0.8256,0.8004,0.0761
5,3,11,7,0.8619,0.8284,0.8752,0.8438,0.0579
5,3,11,8,0.4642,0.6918,0.9638,0.3218,0.0140
5,3,11,9,0.8246,0.7848,0.8310,0.8061,0.0735
5,3,11,10,0.9138,0.9144,0.9763,0.8940,0.0269
5,3,11,11,0.9135,0.8982,0.9118,0.8973,0.0346
5,4,0,0,0.8463,0.8608,0.9986,0.8083,0.0264
5,4,0,1,0.2627,0.4585,0.9692,0.1510,0.0592
5,4,0,2,0.8610,0.8515,0.9851,0.8260,0.0317
5,4,0,3,0.3995,0.5155,0.9927,0.3012,0.0446
5,4,0,4,0.6397,0.7255,0.9911,0.5657,0.0169
5,4,0,5,0.3096,0.4618,0.9833,0.2009,0.0534
5,4,0,6,0.8318,0.8710,0.9940,0.7894,0.0329
5,4,0,7,0.8142,0.8847,0.9935,0.7663,0.0328
5,4,0,8,0.6901,0.7314,0.9998,0.6075,0.0337
5,4,0,9,0.8440,0.8504,0.9504,0.8045,0.0401
5,4,0,10,0.7957,0.8290,0.9788,0.7416,0.0366
5,4,0,11,0.8683,0.8732,0.9918,0.8357,0.0340
5,4,1,0,0.8128,0.8505,0.9937,0.7662,0.0296
5,4,1,1,0.8578,0.8813,0.9838,0.8241,0.0167
5,4,1,2,0.8665,0.8755,0.9880,0.8337,0.0302
5,4,1,3,0.8247,0.8012,0.9965,0.7812,0.0216
5,4,1,4,0.8668,0.8497,0.9851,0.8357,0.0248
5,4,1,5,0.8184,0.8536,0.9682,0.7794,0.0115
5,4,1,6,0.8177,0.8612,0.9689,0.7753,0.0129
5,4,1,7,0.8506,0.8325,0.9774,0.8162,0.0216
5,4,1,8,0.8405,0.8388,0.9970,0.8033,0.0150
5,4,1,9,0.8170,0.7982,0.9724,0.7792,0.0157
5,4,1,10,0.4690,0.7292,0.9957,0.3247,0.0378
5,4,1,11,0.4321,0.5232,0.9808,0.3321,0.0367
5,4,2,0,0.8674,0.8770,0.9995,0.8346,0.0253
5,4,2,1,0.7746,0.7577,0.9273,0.7366,0.0371
5,4,2,2,0.7323,0.8587,0.9994,0.6725,0.0076
5,4,2,3,0.7512,0.8295,0.9859,0.6910,0.0207
5,4,2,4,0.7965,0.8268,0.9603,0.7531,0.0102
5,4,2,5,0.8546,0.8997,0.9992,0.8188,0.0223
5,4,2,6,0.7919,0.7617,0.9214,0.7590,0.0403
5,4,2,7,0.8268,0.8764,1.0000,0.7824,0.0337
5,4,2,8,0.8999,0.9190,1.0000,0.8758,0.0163
5,4,2,9,0.7678,0.8265,0.9999,0.7115,0.0171
5,4,2,10,0.8961,0.8982,0.9980,0.8708,0.0304
5,4,2,11,0.8159,0.7851,0.9390,0.7819,0.0308
5,4,3,0,0.7516,0.7246,0.9019,0.7162,0.0514
5,4,3,1,0.8156,0.8293,0.9999,0.7753,0.0080
5,4,3,2,0.6696,0.8070,0.9965,0.5944,0.0118
5,4,3,3,0.8332,0.7932,0.9520,0.8046,0.0317
5,4,3,4,0.7432,0.6967,0.9051,0.7092,0.0593
5,4,3,5,0.8250,0.8038,0.9753,0.7888,0.0215
5,4,3,6,0.7452,0.8242,1.0000,0.6799,0.0253
5,4,3,7,0.8269,0.8258,0.9885,0.7875,0.0144
5,4,3,8,0.8578,0.9058,0.9944,0.8233,0.0171
5,4,3,9,0.7228,0.7943,0.9995,0.6705,0.0232
5,4,3,10,0.8241,0.8235,0.9311,0.7903,0.0220
5,4,3,11,0.7400,0.8005,0.9776,0.6810,0.0135
5,4,4,0,0.8425,0.8144,1.0000,0.8143,0.0249
5,4,4,1,0.7972,0.8023,0.9988,0.7528,0.0093
5,4,4,2,0.7822,0.7544,0.9306,0.7468,0.0408
5,4,4,3,0.7695,0.7596,0.9779,0.7169,0.0150
5,4,4,4,0.8122,0.7949,0.9514,0.7792,0.0303
5,4,4,5,0.7096,0.7772,0.9784,0.6467,0.0088
5,4,4,6,0.8718,0.8378,0.9885,0.8437,0.0206
5,4,4,7,0.6898,0.7326,0.9877,0.6238,0.0110
5,4,4,8,0.7750,0.7336,0.9086,0.7414,0.0474
5,4,4,9,0.8479,0.8253,0.9932,0.8126,0.0083
5,4,4,10,0.7448,0.7007,0.9109,0.7107,0.0579
5,4,4,11,0.5174,0.6929,0.9027,0.4502,0.0639
5,4,5,0,0.7698,0.7612,0.8993,0.7368,0.0474
5,4,5,1,0.7297,0.6815,0.9004,0.6966,0.0634
5,4,5,2,0.8486,0.8153,0.9989,0.8129,0.0138
5,4,5,3,0.8796,0.8521,0.9851,0.8500,0.0231
5,4,5,4,1.0000,1.0000,1.0000,1.0000,0.0000
5,4,5,5,0.7466,0.7122,0.9118,0.7121,0.0561
5,4,5,6,0.7463,0.7648,0.9130,0.7020,0.0319
5,4,5,7,0.8719,0.8203,0.9802,0.8497,0.0295
5,4,5,8,0.7825,0.7779,0.9189,0.7477,0.0394
5,4,5,9,0.7518,0.7010,0.9094,0.7182,0.0576
5,4,5,10,0.8150,0.7967,0.9391,0.7835,0.0331
5,4,5,11,0.8001,0.7752,0.9278,0.7673,0.0376
5,4,6,0,0.8419,0.8483,0.9958,0.8035,0.0155
5,4,6,1,0.7473,0.6976,0.9215,0.7108,0.0509
5,4,6,2,0.7713,0.7404,0.9336,0.7362,0.0468
5,4,6,3,0.7879,0.7496,0.9210,0.7538,0.0392
5,4,6,4,0.8206,0.8328,0.9396,0.7831,0.0134
5,4,6,5,0.8197,0.7996,0.9437,0.7863,0.0281
5,4,6,6,0.7558,0.7164,0.9147,0.7212,0.0531
5,4,6,7,0.8716,0.8431,0.9427,0.8452,0.0155
5,4,6,8,0.8161,0.8161,0.9632,0.7784,0.0132
5,4,6,9,0.7306,0.6836,0.9048,0.6972,0.0627
5,4,6,10,0.7442,0.6940,0.9035,0.7107,0.0601
5,4,6,11,0.8598,0.8668,0.9918,0.8262,0.0119
5,4,7,0,0.7445,0.8170,0.9775,0.6926,0.0147
5,4,7,1,0.7799,0.7417,0.9142,0.7464,0.0449
5,4,7,2,0.7408,0.6966,0.9030,0.7085,0.0619
5,4,7,3,0.8594,0.8410,0.9515,0.8314,0.0218
5,4,7,4,0.7894,0.7852,0.9399,0.7506,0.0270
5,4,7,5,0.8026,0.7643,0.9565,0.7671,0.0311
5,4,7,6,0.7720,0.7249,0.9097,0.7383,0.0489
5,4,7,7,0.7691,0.7274,0.9094,0.7373,0.0533
5,4,7,8,0.8525,0.8225,0.9712,0.8235,0.0181
5,4,7,9,0.7938,0.7601,1.0000,0.7516,0.0139
5,4,7,10,0.7363,0.6907,0.9107,0.7027,0.0611
5,4,7,11,0.7469,0.7076,0.9074,0.7143,0.0603
5,4,8,0,0.7612,0.7286,0.9540,0.7218,0.0408
5,4,8,1,0.7490,0.7004,0.9132,0.7160,0.0573
5,4,8,2,0.7904,0.7555,0.9369,0.7551,0.0379
5,4,8,3,0.7583,0.7116,0.9171,0.7233,0.0508
5,4,8,4,0.7755,0.8487,0.9998,0.7285,0.0126
5,4,8,5,0.8181,0.8005,0.9892,0.7781,0.0163
5,4,8,6,0.7545,0.7027,0.9059,0.7215,0.0563
5,4,8,7,0.8249,0.8376,0.9905,0.7896,0.0153
5,4,8,8,0.8330,0.8161,0.9544,0.7998,0.0199
5,4,8,9,0.7962,0.7605,0.9259,0.7612,0.0348
5,4,8,10,0.8077,0.7816,0.9476,0.7741,0.0340
5,4,8,11,0.7573,0.7108,0.9086,0.7234,0.0544
5,4,9,0,0.8135,0.7596,0.9112,0.7849,0.0397
5,4,9,1,0.7531,0.7032,0.9202,0.7189,0.0543
5,4,9,2,0.7661,0.7164,0.9181,0.7317,0.0484
5,4,9,3,0.8351,0.8623,0.9973,0.7950,0.0193
5,4,9,4,0.7578,0.7097,0.9104,0.7249,0.0551
5,4,9,5,0.7787,0.7389,0.9169,0.7445,0.0449
5,4,9,6,0.7366,0.6852,0.9028,0.7033,0.0620
5,4,9,7,0.8031,0.7819,0.9268,0.7681,0.0298
5,4,9,8,0.7437,0.7028,0.9059,0.7090,0.0573
5,4,9,9,0.7398,0.6879,0.9058,0.7067,0.0617
5,4,9,10,0.8154,0.8565,0.9919,0.7741,0.0118
5,4,9,11,0.7385,0.6875,0.9065,0.7052,0.0618
5,4,10,0,0.7486,0.6986,0.9037,0.7146,0.0569
5,4,10,1,0.7464,0.6941,0.9045,0.7127,0.0584
5,4,10,2,0.7577,0.7085,0.9159,0.7246,0.0559
5,4,10,3,0.7678,0.7310,0.9469,0.7317,0.0459
5,4,10,4,0.8078,0.7771,0.9485,0.7747,0.0316
5,4,10,5,0.7580,0.7929,0.9701,0.7117,0.0202
5,4,10,6,0.7575,0.7096,0.9075,0.7228,0.0523
5,4,10,7,0.7758,0.7348,0.9230,0.7421,0.0479
5,4,10,8,0.7379,0.6862,0.9064,0.7043,0.0617
5,4,10,9,0.7771,0.8437,0.9698,0.7287,0.0140
5,4,10,10,0.7379,0.6851,0.9046,0.7045,0.0615
5,4,10,11,0.8293,0.7908,0.9661,0.8006,0.0310
5,4,11,0,0.6962,0.7372,0.9438,0.6102,0.0428
5,4,11,1,0.7869,0.7475,0.9500,0.7503,0.0369
5,4,11,2,0.7440,0.6953,0.9264,0.7088,0.0571
5,4,11,3,0.8349,0.8380,0.9999,0.7950,0.0126
5,4,11,4,0.7992,0.7626,0.9759,0.7624,0.0323
5,4,11,5,0.7528,0.7094,0.9321,0.7177,0.0506
5,4,11,6,0.7432,0.6911,0.9103,0.7092,0.0596
5,4,11,7,0.7797,0.7462,0.9453,0.7443,0.0416
5,4,11,8,0.4029,0.7164,0.9953,0.2608,0.0177
5,4,11,9,0.7546,0.7058,0.9143,0.7212,0.0569
5,4,11,10,0.8418,0.8382,0.9990,0.8067,0.0122
5,4,11,11,0.8301,0.8319,0.9688,0.7958,0.0181
5,5,0,0,0.8698,0.8694,0.9325,0.8603,0.0712
5,5,0,1,0.1209,0.2054,0.9848,0.0245,0.0072
5,5,0,2,0.8397,0.8269,0.8275,0.8284,0.0798
5,5,0,3,0.2101,0.2299,0.9546,0.1163,0.0134
5,5,0,4,0.4098,0.4058,0.9583,0.3252,0.0442
5,5,0,5,0.1785,0.2112,0.9713,0.0849,0.0046
5,5,0,6,0.7806,0.7932,0.9511,0.7547,0.0809
5,5,0,7,0.6346,0.6385,0.8592,0.5787,0.0858
5,5,0,8,0.5902,0.6050,0.9200,0.5246,0.0820
5,5,0,9,0.7884,0.7717,0.7388,0.7705,0.0900
5,5,0,10,0.7343,0.7094,0.8084,0.7024,0.0893
5,5,0,11,0.8297,0.8163,0.8518,0.8184,0.0825
5,5,1,0,0.7308,0.7270,0.9520,0.6942,0.0777
5,5,1,1,0.8478,0.8345,0.9706,0.8318,0.0641
5,5,1,2,0.8269,0.8298,0.9642,0.8089,0.0742
5,5,1,3,0.9280,0.9028,0.8745,0.9297,0.0631
5,5,1,4,0.9332,0.9324,0.9688,0.9314,0.0552
5,5,1,5,0.9191,0.9210,0.9855,0.9120,0.0478
5,5,1,6,0.8579,0.8492,0.9850,0.8428,0.0601
5,5,1,7,0.9232,0.9239,0.9780,0.9190,0.0552
5,5,1,8,0.9270,0.9330,0.9408,0.9242,0.0561
5,5,1,9,0.9501,0.9630,0.9824,0.9470,0.0417
5,5,1,10,0.1867,0.5589,0.8696,0.0329,0.0868
5,5,1,11,0.3187,0.2977,0.9744,0.2326,0.0213
5,5,2,0,0.8142,0.8036,0.9238,0.7943,0.0765
5,5,2,1,0.9845,0.9877,0.9992,0.9833,0.0190
5,5,2,2,0.4250,0.5310,0.9255,0.3373,0.0548
5,5,2,3,0.6583,0.6734,0.9677,0.6078,0.0703
5,5,2,4,0.9226,0.9282,0.9902,0.9159,0.0480
5,5,2,5,0.7223,0.7163,0.9278,0.6840,0.0737
5,5,2,6,0.9786,0.9839,0.9997,0.9764,0.0159
5,5,2,7,0.7288,0.7335,0.9106,0.6932,0.0833
5,5,2,8,0.7531,0.7345,0.9126,0.7203,0.0677
5,5,2,9,0.5262,0.5497,0.9168,0.4513,0.0685
5,5,2,10,0.8488,0.8361,0.9356,0.8358,0.0748
5,5,2,11,0.9855,0.9858,0.9974,0.9856,0.0277
5,5,3,0,0.9947,0.9935,0.9997,0.9942,0.0050
5,5,3,1,0.9098,0.8962,0.9168,0.9017,0.0523
5,5,3,2,0.4007,0.5355,0.9428,0.3077,0.0569
5,5,3,3,0.9528,0.9641,0.9937,0.9477,0.0273
5,5,3,4,0.9976,0.9969,0.9999,0.9974,0.0034
5,5,3,5,0.9483,0.9494,0.9800,0.9449,0.0425
5,5,3,6,0.5818,0.5931,0.9099,0.5153,0.0767
5,5,3,7,0.6006,0.6044,0.9633,0.5415,0.0596
5,5,3,8,0.7678,0.7363,0.8635,0.7378,0.0711
5,5,3,9,0.5670,0.7060,0.9243,0.5088,0.0345
5,5,3,10,0.9657,0.9524,0.9988,0.9636,0.0341
5,5,3,11,0.7035,0.7322,0.9778,0.6617,0.0597
5,5,4,0,0.6443,0.6324,0.9100,0.5973,0.0317
5,5,4,1,0.9028,0.8889,0.9305,0.8935,0.0526
5,5,4,2,0.9913,0.9909,0.9988,0.9908,0.0153
5,5,4,3,0.7262,0.7662,0.9775,0.6882,0.0601
5,5,4,4,0.9730,0.9686,0.9939,0.9708,0.0261
5,5,4,5,0.7252,0.7557,0.9770,0.6874,0.0513
5,5,4,6,0.9163,0.9113,0.9634,0.9093,0.0508
5,5,4,7,0.5138,0.5097,0.9648,0.4430,0.0475
5,5,4,8,0.9920,0.9938,1.0000,0.9912,0.0088
5,5,4,9,0.8814,0.8630,0.8578,0.8704,0.0600
5,5,4,10,0.9973,0.9963,1.0000,0.9970,0.0028
5,5,4,11,0.1975,0.3626,0.9998,0.1118,0.0077
5,5,5,0,0.9831,0.9690,0.9996,0.9812,0.0098
5,5,5,1,0.9974,0.9959,0.9996,0.9973,0.0072
5,5,5,2,0.7899,0.7751,0.8919,0.7632,0.0636
5,5,5,3,0.8290,0.7864,0.8276,0.8117,0.0727
5,5,5,4,0.7466,0.7122,0.9118,0.7121,0.0561
5,5,5,5,1.0000,1.0000,1.0000,1.0000,0.0000
5,5,5,6,0.9349,0.9304,1.0000,0.9274,0.0279
5,5,5,7,0.9104,0.9272,0.9750,0.8999,0.0279
5,5,5,8,0.9845,0.9787,0.9998,0.9831,0.0171
5,5,5,9,0.9976,0.9966,1.0000,0.9974,0.0028
5,5,5,10,0.9749,0.9712,0.9974,0.9727,0.0231
5,5,5,11,0.9830,0.9821,0.9992,0.9816,0.0185
5,5,6,0,0.6855,0.6849,0.8701,0.6401,0.0703
5,5,6,1,0.9542,0.9593,0.9997,0.9489,0.0055
5,5,6,2,0.9964,0.9951,0.9984,0.9962,0.0096
5,5,6,3,0.9604,0.9665,0.9997,0.9560,0.0201
5,5,6,4,0.9375,0.9380,0.9973,0.9327,0.0449
5,5,6,5,0.9723,0.9725,0.9963,0.9706,0.0302
5,5,6,6,0.9981,0.9970,1.0000,0.9979,0.0041
5,5,6,7,0.9048,0.9142,0.9965,0.8948,0.0443
5,5,6,8,0.9249,0.9252,0.9886,0.9178,0.0447
5,5,6,9,0.9973,0.9962,0.9999,0.9971,0.0066
5,5,6,10,0.9975,0.9967,0.9998,0.9972,0.0042
5,5,6,11,0.7910,0.7736,0.8517,0.7650,0.0662
5,5,7,0,0.6740,0.7360,0.9779,0.6292,0.0462
5,5,7,1,0.9879,0.9904,1.0000,0.9866,0.0115
5,5,7,2,0.9971,0.9959,0.9998,0.9968,0.0058
5,5,7,3,0.9489,0.9369,0.9939,0.9450,0.0407
5,5,7,4,0.9292,0.9117,0.9972,0.9214,0.0333
5,5,7,5,0.9841,0.9851,0.9919,0.9836,0.0251
5,5,7,6,0.9925,0.9953,1.0000,0.9918,0.0075
5,5,7,7,0.9937,0.9940,1.0000,0.9930,0.0039
5,5,7,8,0.9260,0.9248,0.9834,0.9186,0.0394
5,5,7,9,0.8831,0.8441,0.9135,0.8695,0.0430
5,5,7,10,0.9977,0.9968,1.0000,0.9975,0.0050
5,5,7,11,0.9972,0.9965,0.9999,0.9970,0.0045
5,5,8,0,0.9876,0.9884,0.9930,0.9866,0.0156
5,5,8,1,0.9944,0.9942,1.0000,0.9937,0.0033
5,5,8,2,0.9903,0.9920,0.9978,0.9899,0.0188
5,5,8,3,0.9903,0.9943,0.9999,0.9892,0.0059
5,5,8,4,0.7820,0.8482,0.9190,0.7532,0.0488
5,5,8,5,0.8645,0.8232,0.9622,0.8492,0.0540
5,5,8,6,0.9932,0.9942,0.9999,0.9924,0.0030
5,5,8,7,0.7257,0.7607,0.9596,0.6886,0.0463
5,5,8,8,0.9614,0.9604,0.9928,0.9593,0.0375
5,5,8,9,0.9728,0.9797,0.9994,0.9704,0.0232
5,5,8,10,0.9873,0.9841,0.9952,0.9870,0.0224
5,5,8,11,0.9966,0.9967,1.0000,0.9962,0.0030
5,5,9,0,0.9673,0.9732,1.0000,0.9637,0.0164
5,5,9,1,0.9928,0.9937,0.9998,0.9920,0.0026
5,5,9,2,0.9865,0.9895,0.9999,0.9850,0.0077
5,5,9,3,0.7295,0.7097,0.8791,0.6923,0.0683
5,5,9,4,0.9945,0.9953,1.0000,0.9939,0.0031
5,5,9,5,0.9925,0.9941,0.9999,0.9919,0.0115
5,5,9,6,0.9972,0.9960,0.9998,0.9970,0.0059
5,5,9,7,0.9666,0.9734,0.9993,0.9637,0.0274
5,5,9,8,0.9969,0.9965,0.9999,0.9966,0.0025
5,5,9,9,0.9973,0.9961,0.9999,0.9971,0.0055
5,5,9,10,0.8202,0.8026,0.9565,0.7979,0.0551
5,5,9,11,0.9978,0.9964,0.9999,0.9976,0.0056
5,5,10,0,0.9957,0.9960,0.9998,0.9953,0.0029
5,5,10,1,0.9957,0.9955,0.9998,0.9952,0.0028
5,5,10,2,0.9974,0.9961,0.9999,0.9971,0.0037
5,5,10,3,0.9920,0.9917,0.9954,0.9913,0.0108
5,5,10,4,0.9653,0.9695,0.9949,0.9619,0.0248
5,5,10,5,0.8757,0.8451,0.9842,0.8606,0.0388
5,5,10,6,0.9936,0.9947,0.9999,0.9929,0.0038
5,5,10,7,0.9955,0.9949,0.9996,0.9951,0.0085
5,5,10,8,0.9972,0.9958,0.9999,0.9970,0.0058
5,5,10,9,0.8835,0.8555,0.9844,0.8709,0.0489
5,5,10,10,0.9969,0.9958,0.9999,0.9966,0.0056
5,5,10,11,0.8258,0.8498,0.9869,0.8039,0.0260
5,5,11,0,0.5833,0.6063,0.7248,0.5151,0.0942
5,5,11,1,0.9874,0.9896,0.9944,0.9868,0.0198
5,5,11,2,0.9972,0.9962,0.9993,0.9968,0.0043
5,5,11,3,0.8718,0.8906,0.9169,0.8610,0.0632
5,5,11,4,0.9884,0.9868,0.9794,0.9887,0.0252
5,5,11,5,0.9768,0.9800,0.9986,0.9741,0.0076
5,5,11,6,0.9968,0.9961,1.0000,0.9965,0.0045
5,5,11,7,0.9918,0.9907,0.9959,0.9913,0.0148
5,5,11,8,0.1637,0.5171,0.9473,0.0248,0.0668
5,5,11,9,0.9967,0.9962,1.0000,0.9963,0.0026
5,5,11,10,0.9327,0.9305,0.9295,0.9288,0.0500
5,5,11,11,0.9575,0.9532,0.9851,0.9551,0.0391
5,6,0,0,0.8778,0.8830,0.9335,0.8602,0.0519
5,6,0,1,0.1429,0.3454,0.9853,0.0353,0.0310
5,6,0,2,0.8523,0.8425,0.8291,0.8317,0.0597
5,6,0,3,0.2458,0.3788,0.9555,0.1430,0.0153
5,6,0,4,0.4642,0.5631,0.9591,0.3746,0.0241
5,6,0,5,0.1988,0.3513,0.9720,0.0943,0.0252
5,6,0,6,0.8329,0.8448,0.9521,0.8064,0.0598
5,6,0,7,0.7197,0.7375,0.8607,0.6676,0.0634
5,6,0,8,0.6239,0.6450,0.9211,0.5489,0.0611
5,6,0,9,0.8159,0.7952,0.7408,0.7898,0.0691
5,6,0,10,0.7471,0.7713,0.8101,0.7024,0.0669
5,6,0,11,0.8414,0.8443,0.8534,0.8196,0.0624
5,6,1,0,0.8079,0.8118,0.9529,0.7754,0.0563
5,6,1,1,0.8525,0.8523,0.9713,0.8285,0.0433
5,6,1,2,0.8331,0.8470,0.9650,0.8059,0.0563
5,6,1,3,0.9136,0.8875,0.8759,0.9037,0.0422
5,6,1,4,0.9110,0.9113,0.9696,0.8982,0.0438
5,6,1,5,0.8850,0.9151,0.9860,0.8664,0.0290
5,6,1,6,0.8694,0.8754,0.9855,0.8485,0.0371
5,6,1,7,0.9021,0.9032,0.9786,0.8872,0.0417
5,6,1,8,0.9027,0.9075,0.9418,0.8882,0.0390
5,6,1,9,0.9056,0.9215,0.9830,0.8906,0.0245
5,6,1,10,0.2899,0.6219,0.8711,0.1355,0.0676
5,6,1,11,0.3398,0.4382,0.9750,0.2437,0.0085
5,6,2,0,0.8550,0.8605,0.9249,0.8329,0.0543
5,6,2,1,0.9381,0.9311,0.9993,0.9290,0.0171
5,6,2,2,0.5840,0.6679,0.9266,0.5101,0.0311
5,6,2,3,0.7301,0.7479,0.9684,0.6813,0.0489
5,6,2,4,0.9222,0.9413,0.9906,0.9101,0.0256
5,6,2,5,0.7898,0.8027,0.9289,0.7533,0.0510
5,6,2,6,0.9157,0.9203,0.9998,0.9038,0.0178
5,6,2,7,0.7750,0.8107,0.9118,0.7359,0.0627
5,6,2,8,0.7772,0.7749,0.9138,0.7380,0.0455
5,6,2,9,0.6666,0.6922,0.9180,0.6048,0.0463
5,6,2,10,0.8549,0.8617,0.9367,0.8327,0.0558
5,6,2,11,0.9398,0.9337,0.9976,0.9305,0.0239
5,6,3,0,0.9317,0.9338,0.9996,0.9232,0.0232
5,6,3,1,0.8770,0.8894,0.9180,0.8571,0.0278
5,6,3,2,0.5108,0.6393,0.9438,0.4221,0.0348
5,6,3,3,0.9119,0.9324,0.9940,0.8985,0.0096
5,6,3,4,0.9287,0.9164,0.9998,0.9208,0.0311
5,6,3,5,0.9128,0.9119,0.9806,0.8990,0.0303
5,6,3,6,0.7221,0.7376,0.9111,0.6708,0.0556
5,6,3,7,0.7284,0.7850,0.9641,0.6807,0.0366
5,6,3,8,0.7993,0.7846,0.8650,0.7648,0.0460
5,6,3,9,0.5775,0.7122,0.9254,0.5110,0.0129
5,6,3,10,0.9324,0.9448,0.9989,0.9219,0.0172
5,6,3,11,0.7685,0.8405,0.9784,0.7284,0.0375
5,6,4,0,0.6417,0.6586,0.9112,0.5860,0.0096
5,6,4,1,0.9024,0.8938,0.9315,0.8870,0.0296
5,6,4,2,0.9431,0.9309,0.9990,0.9349,0.0192
5,6,4,3,0.7763,0.8146,0.9781,0.7375,0.0376
5,6,4,4,0.9115,0.9138,0.9942,0.8980,0.0152
5,6,4,5,0.7819,0.8424,0.9776,0.7450,0.0270
5,6,4,6,0.8868,0.8981,0.9642,0.8686,0.0352
5,6,4,7,0.5598,0.6302,0.9656,0.4844,0.0230
5,6,4,8,0.9326,0.9271,0.9999,0.9236,0.0223
5,6,4,9,0.8636,0.8625,0.8593,0.8415,0.0359
5,6,4,10,0.9284,0.9182,1.0000,0.9203,0.0296
5,6,4,11,0.4293,0.5597,0.9997,0.3602,0.0357
5,6,5,0,0.9112,0.9128,0.9995,0.8997,0.0197
5,6,5,1,0.9270,0.9154,0.9996,0.9200,0.0352
5,6,5,2,0.7825,0.8042,0.8932,0.7446,0.0404
5,6,5,3,0.8277,0.7967,0.8292,0.7995,0.0518
5,6,5,4,0.7463,0.7648,0.9130,0.7020,0.0319
5,6,5,5,0.9349,0.9304,1.0000,0.9274,0.0279
5,6,5,6,1.0000,1.0000,1.0000,1.0000,0.0000
5,6,5,7,0.8565,0.8999,0.9756,0.8343,0.0087
5,6,5,8,0.9192,0.9307,0.9999,0.9077,0.0125
5,6,5,9,0.9306,0.9160,1.0000,0.9225,0.0294
5,6,5,10,0.9260,0.9254,0.9976,0.9148,0.0122
5,6,5,11,0.9239,0.9223,0.9993,0.9128,0.0147
5,6,6,0,0.7402,0.7368,0.8716,0.6934,0.0468
5,6,6,1,0.8947,0.8911,0.9998,0.8812,0.0227
5,6,6,2,0.9353,0.9224,0.9986,0.9265,0.0231
5,6,6,3,0.8999,0.8967,0.9998,0.8855,0.0192
5,6,6,4,0.9152,0.9190,0.9975,0.9019,0.0237
5,6,6,5,0.9329,0.9311,0.9965,0.9225,0.0209
5,6,6,6,0.9326,0.9254,1.0000,0.9243,0.0249
5,6,6,7,0.8831,0.9078,0.9968,0.8642,0.0269
5,6,6,8,0.9397,0.9492,0.9890,0.9305,0.0215
5,6,6,9,0.9247,0.9123,0.9998,0.9172,0.0345
5,6,6,10,0.9288,0.9165,0.9997,0.9210,0.0319
5,6,6,11,0.8150,0.8106,0.8532,0.7836,0.0425
5,6,7,0,0.7683,0.8222,0.9785,0.7303,0.0222
5,6,7,1,0.9245,0.9272,1.0000,0.9142,0.0172
5,6,7,2,0.9236,0.9159,0.9997,0.9158,0.0337
5,6,7,3,0.9107,0.9293,0.9942,0.8965,0.0235
5,6,7,4,0.8988,0.9021,0.9974,0.8830,0.0169
5,6,7,5,0.9441,0.9375,0.9923,0.9355,0.0199
5,6,7,6,0.9250,0.9240,1.0000,0.9151,0.0234
5,6,7,7,0.9215,0.9203,1.0000,0.9118,0.0251
5,6,7,8,0.8823,0.9019,0.9839,0.8635,0.0148
5,6,7,9,0.8562,0.8296,0.9147,0.8328,0.0201
5,6,7,10,0.9250,0.9137,1.0000,0.9171,0.0329
5,6,7,11,0.9243,0.9187,0.9999,0.9160,0.0321
5,6,8,0,0.9338,0.9263,0.9933,0.9243,0.0202
5,6,8,1,0.9244,0.9148,1.0000,0.9159,0.0291
5,6,8,2,0.9331,0.9286,0.9980,0.9232,0.0199
5,6,8,3,0.9227,0.9241,0.9999,0.9128,0.0226
5,6,8,4,0.7920,0.8773,0.9202,0.7574,0.0227
5,6,8,5,0.8537,0.8297,0.9630,0.8296,0.0350
5,6,8,6,0.9244,0.9159,0.9999,0.9155,0.0281
5,6,8,7,0.7519,0.8170,0.9604,0.7110,0.0239
5,6,8,8,0.9211,0.9350,0.9932,0.9087,0.0237
5,6,8,9,0.9260,0.9232,0.9995,0.9148,0.0189
5,6,8,10,0.9251,0.9331,0.9955,0.9137,0.0186
5,6,8,11,0.9273,0.9211,0.9999,0.9184,0.0262
5,6,9,0,0.9056,0.9253,1.0000,0.8923,0.0129
5,6,9,1,0.9245,0.9177,0.9998,0.9154,0.0261
5,6,9,2,0.9232,0.9196,0.9999,0.9131,0.0202
5,6,9,3,0.7718,0.7664,0.8805,0.7316,0.0462
5,6,9,4,0.9276,0.9205,1.0000,0.9190,0.0269
5,6,9,5,0.9300,0.9367,1.0000,0.9204,0.0193
5,6,9,6,0.9267,0.9136,0.9997,0.9192,0.0338
5,6,9,7,0.9197,0.9201,0.9994,0.9074,0.0134
5,6,9,8,0.9297,0.9189,0.9999,0.9217,0.0291
5,6,9,9,0.9265,0.9138,0.9999,0.9188,0.0335
5,6,9,10,0.8315,0.8545,0.9573,0.8033,0.0342
5,6,9,11,0.9279,0.9140,0.9999,0.9203,0.0336
5,6,10,0,0.9279,0.9215,0.9998,0.9195,0.0287
5,6,10,1,0.9286,0.9161,0.9998,0.9206,0.0302
5,6,10,2,0.9278,0.9172,1.0000,0.9193,0.0277
5,6,10,3,0.9203,0.9207,0.9957,0.9093,0.0198
5,6,10,4,0.9020,0.9359,0.9952,0.8873,0.0118
5,6,10,5,0.8589,0.8507,0.9847,0.8366,0.0219
5,6,10,6,0.9286,0.9249,0.9999,0.9197,0.0241
5,6,10,7,0.9313,0.9309,0.9997,0.9221,0.0207
5,6,10,8,0.9272,0.9133,0.9999,0.9195,0.0335
5,6,10,9,0.9116,0.9051,0.9849,0.8978,0.0289
5,6,10,10,0.9268,0.9138,0.9998,0.9191,0.0333
5,6,10,11,0.7954,0.8695,0.9873,0.7648,0.0070
5,6,11,0,0.6281,0.6635,0.7268,0.5517,0.0728
5,6,11,1,0.9317,0.9269,0.9947,0.9215,0.0184
5,6,11,2,0.9305,0.9165,0.9994,0.9224,0.0286
5,6,11,3,0.8657,0.9130,0.9181,0.8447,0.0416
5,6,11,4,0.9326,0.9226,0.9800,0.9222,0.0237
5,6,11,5,0.9121,0.9064,0.9988,0.9010,0.0237
5,6,11,6,0.9283,0.9149,1.0000,0.9204,0.0314
5,6,11,7,0.9365,0.9272,0.9961,0.9274,0.0178
5,6,11,8,0.2543,0.5948,0.9482,0.1115,0.0449
5,6,11,9,0.9299,0.9167,1.0000,0.9217,0.0287
5,6,11,10,0.9003,0.9198,0.9306,0.8847,0.0278
5,6,11,11,0.9175,0.9266,0.9856,0.9044,0.0206
5,7,0,0,0.8490,0.9002,0.9894,0.8231,0.0472
5,7,0,1,0.1644,0.2889,0.9988,0.0564,0.0310
5,7,0,2,0.8567,0.8701,0.9316,0.8346,0.0552
5,7,0,3,0.2637,0.3149,0.9969,0.1604,0.0185
5,7,0,4,0.4715,0.4860,0.9978,0.3803,0.0213
5,7,0,5,0.2134,0.2954,0.9999,0.1077,0.0252
5,7,0,6,0.7872,0.8289,0.9960,0.7478,0.0561
5,7,0,7,0.6961,0.7204,0.9514,0.6350,0.0597
5,7,0,8,0.6586,0.7104,0.9841,0.5884,0.0567
5,7,0,9,0.8172,0.8340,0.8701,0.7882,0.0647
5,7,0,10,0.7562,0.7777,0.9190,0.7104,0.0624
5,7,0,11,0.8533,0.8670,0.9469,0.8317,0.0580
5,7,1,0,0.7378,0.7758,0.9962,0.6874,0.0529
5,7,1,1,0.8334,0.8489,0.9998,0.8037,0.0396
5,7,1,2,0.8347,0.8474,0.9990,0.8056,0.0526
5,7,1,3,0.9059,0.9110,0.9604,0.8925,0.0380
5,7,1,4,0.9108,0.9199,0.9997,0.8965,0.0394
5,7,1,5,0.8729,0.9111,0.9986,0.8509,0.0245
5,7,1,6,0.8244,0.8891,0.9987,0.7929,0.0337
5,7,1,7,0.8968,0.9128,0.9999,0.8795,0.0370
5,7,1,8,0.9012,0.9332,0.9926,0.8850,0.0345
5,7,1,9,0.9046,0.9344,0.9993,0.8885,0.0203
5,7,1,10,0.3187,0.6533,0.9576,0.1659,0.0639
5,7,1,11,0.3382,0.3614,1.0000,0.2390,0.0093
5,7,2,0,0.8321,0.8482,0.9858,0.8026,0.0506
5,7,2,1,0.9091,0.9429,0.9830,0.8954,0.0155
5,7,2,2,0.5463,0.6547,0.9865,0.4626,0.0285
5,7,2,3,0.6567,0.7278,0.9995,0.5902,0.0453
5,7,2,4,0.8662,0.9040,0.9965,0.8432,0.0222
5,7,2,5,0.7683,0.7738,0.9875,0.7247,0.0474
5,7,2,6,0.9222,0.9327,0.9801,0.9111,0.0171
5,7,2,7,0.7559,0.7781,0.9797,0.7094,0.0582
5,7,2,8,0.8160,0.8127,0.9806,0.7827,0.0418
5,7,2,9,0.6062,0.6190,0.9826,0.5290,0.0426
5,7,2,10,0.8633,0.8592,0.9907,0.8408,0.0513
5,7,2,11,0.9293,0.9368,0.9885,0.9178,0.0181
5,7,3,0,0.9078,0.9237,0.9695,0.8962,0.0232
5,7,3,1,0.8837,0.9138,0.9826,0.8638,0.0257
5,7,3,2,0.5318,0.6841,0.9933,0.4440,0.0303
5,7,3,3,0.9675,0.9700,0.9938,0.9624,0.0062
5,7,3,4,0.9109,0.9207,0.9713,0.9010,0.0311
5,7,3,5,0.9124,0.9293,0.9997,0.8976,0.0258
5,7,3,6,0.6369,0.6959,0.9793,0.5632,0.0519
5,7,3,7,0.7385,0.7009,0.9989,0.6906,0.0332
5,7,3,8,0.8091,0.8295,0.9540,0.7744,0.0439
5,7,3,9,0.6840,0.8069,0.9860,0.6326,0.0100
5,7,3,10,0.9023,0.9103,0.9849,0.8861,0.0125
5,7,3,11,0.6999,0.7591,0.9999,0.6447,0.0338
5,7,4,0,0.7751,0.7565,0.9794,0.7391,0.0077
5,7,4,1,0.8659,0.9224,0.9886,0.8426,0.0260
5,7,4,2,0.9189,0.9435,0.9846,0.9070,0.0173
5,7,4,3,0.7704,0.7950,0.9999,0.7287,0.0348
5,7,4,4,0.9191,0.9241,0.9935,0.9064,0.0150
5,7,4,5,0.7002,0.7881,1.0000,0.6467,0.0249
5,7,4,6,0.9137,0.9135,0.9989,0.8993,0.0307
5,7,4,7,0.5713,0.5680,0.9991,0.4953,0.0214
5,7,4,8,0.9210,0.9288,0.9732,0.9105,0.0210
5,7,4,9,0.9097,0.9181,0.9506,0.8951,0.0328
5,7,4,10,0.9157,0.9236,0.9745,0.9062,0.0296
5,7,4,11,0.3486,0.4935,0.9699,0.2672,0.0357
5,7,5,0,0.8940,0.9079,0.9680,0.8802,0.0202
5,7,5,1,0.9076,0.9147,0.9686,0.8986,0.0352
5,7,5,2,0.8699,0.8682,0.9701,0.8475,0.0359
5,7,5,3,0.8536,0.8587,0.9316,0.8287,0.0474
5,7,5,4,0.8719,0.8203,0.9802,0.8497,0.0295
5,7,5,5,0.9104,0.9272,0.9750,0.8999,0.0279
5,7,5,6,0.8565,0.8999,0.9756,0.8343,0.0087
5,7,5,7,1.0000,1.0000,1.0000,1.0000,0.0000
5,7,5,8,0.8989,0.9296,0.9788,0.8842,0.0132
5,7,5,9,0.9192,0.9246,0.9737,0.9099,0.0294
5,7,5,10,0.9174,0.9303,0.9885,0.9047,0.0114
5,7,5,11,0.9230,0.9293,0.9833,0.9115,0.0134
5,7,6,0,0.7754,0.7960,0.9579,0.7335,0.0439
5,7,6,1,0.9140,0.9248,0.9801,0.9032,0.0227
5,7,6,2,0.9168,0.9340,0.9860,0.9053,0.0218
5,7,6,3,0.9034,0.9149,0.9798,0.8892,0.0189
5,7,6,4,0.8947,0.9294,0.9887,0.8768,0.0206
5,7,6,5,0.9201,0.9294,0.9905,0.9072,0.0180
5,7,6,6,0.9159,0.9268,0.9765,0.9055,0.0249
5,7,6,7,0.9157,0.9093,0.9901,0.9016,0.0237
5,7,6,8,0.8972,0.9201,0.9973,0.8798,0.0186
5,7,6,9,0.9083,0.9179,0.9711,0.8990,0.0345
5,7,6,10,0.9149,0.9212,0.9704,0.9056,0.0319
5,7,6,11,0.8503,0.8904,0.9469,0.8241,0.0388
5,7,7,0,0.7422,0.8262,0.9999,0.6981,0.0206
5,7,7,1,0.9246,0.9344,0.9763,0.9143,0.0164
5,7,7,2,0.9100,0.9194,0.9701,0.9007,0.0337
5,7,7,3,0.9148,0.9289,0.9936,0.9005,0.0195
5,7,7,4,0.8602,0.9062,0.9889,0.8376,0.0159
5,7,7,5,0.9323,0.9443,0.9953,0.9215,0.0134
5,7,7,6,0.9256,0.9330,0.9739,0.9158,0.0220
5,7,7,7,0.9222,0.9276,0.9737,0.9129,0.0251
5,7,7,8,0.9424,0.9432,0.9991,0.9329,0.0125
5,7,7,9,0.8611,0.9014,0.9811,0.8375,0.0164
5,7,7,10,0.9118,0.9218,0.9744,0.9026,0.0329
5,7,7,11,0.9116,0.9228,0.9726,0.9020,0.0321
5,7,8,0,0.9188,0.9411,0.9944,0.9069,0.0165
5,7,8,1,0.9183,0.9262,0.9758,0.9093,0.0291
5,7,8,2,0.9264,0.9393,0.9875,0.9152,0.0176
5,7,8,3,0.9202,0.9318,0.9778,0.9100,0.0223
5,7,8,4,0.7902,0.9112,0.9836,0.7537,0.0214
5,7,8,5,0.8399,0.8796,0.9987,0.8118,0.0306
5,7,8,6,0.9195,0.9264,0.9718,0.9103,0.0281
5,7,8,7,0.8333,0.8654,0.9981,0.8050,0.0213
5,7,8,8,0.9251,0.9412,0.9946,0.9126,0.0201
5,7,8,9,0.9190,0.9327,0.9823,0.9065,0.0150
5,7,8,10,0.9292,0.9401,0.9921,0.9181,0.0142
5,7,8,11,0.9200,0.9287,0.9732,0.9103,0.0262
5,7,9,0,0.9478,0.9451,0.9747,0.9405,0.0147
5,7,9,1,0.9226,0.9331,0.9795,0.9135,0.0261
5,7,9,2,0.9306,0.9373,0.9783,0.9217,0.0202
5,7,9,3,0.8161,0.8549,0.9630,0.7829,0.0417
5,7,9,4,0.9259,0.9320,0.9742,0.9174,0.0269
5,7,9,5,0.9285,0.9364,0.9777,0.9186,0.0177
5,7,9,6,0.9125,0.9191,0.9700,0.9035,0.0338
5,7,9,7,0.9132,0.9362,0.9828,0.8995,0.0134
5,7,9,8,0.9131,0.9267,0.9718,0.9031,0.0291
5,7,9,9,0.9148,0.9215,0.9717,0.9059,0.0335
5,7,9,10,0.8123,0.8696,0.9974,0.7788,0.0306
5,7,9,11,0.9126,0.9190,0.9721,0.9034,0.0336
5,7,10,0,0.9202,0.9276,0.9705,0.9110,0.0287
5,7,10,1,0.9171,0.9235,0.9710,0.9079,0.0302
5,7,10,2,0.9214,0.9288,0.9772,0.9122,0.0277
5,7,10,3,0.9239,0.9429,0.9918,0.9134,0.0185
5,7,10,4,0.9377,0.9457,0.9924,0.9280,0.0100
5,7,10,5,0.8024,0.8798,0.9989,0.7700,0.0209
5,7,10,6,0.9249,0.9335,0.9727,0.9157,0.0241
5,7,10,7,0.9313,0.9372,0.9809,0.9221,0.0194
5,7,10,8,0.9127,0.9192,0.9720,0.9035,0.0335
5,7,10,9,0.8111,0.8755,0.9989,0.7778,0.0239
5,7,10,10,0.9140,0.9197,0.9711,0.9050,0.0333
5,7,10,11,0.9062,0.8981,0.9981,0.8918,0.0075
5,7,11,0,0.6361,0.7244,0.8598,0.5576,0.0683
5,7,11,1,0.9333,0.9473,0.9930,0.9230,0.0147
5,7,11,2,0.9177,0.9264,0.9826,0.9081,0.0286
5,7,11,3,0.9166,0.9446,0.9827,0.9045,0.0371
5,7,11,4,0.9357,0.9488,0.9998,0.9253,0.0172
5,7,11,5,0.9219,0.9336,0.9853,0.9123,0.0243
5,7,11,6,0.9163,0.9227,0.9742,0.9071,0.0314
5,7,11,7,0.9232,0.9435,0.9912,0.9121,0.0163
5,7,11,8,0.3000,0.6187,0.9948,0.1617,0.0412
5,7,11,9,0.9187,0.9259,0.9763,0.9093,0.0287
5,7,11,10,0.9374,0.9471,0.9882,0.9275,0.0223
5,7,11,11,0.9161,0.9474,0.9987,0.9021,0.0153
5,8,0,0,0.8969,0.9139,0.9388,0.8863,0.0552
5,8,0,1,0.1496,0.2512,0.9878,0.0472,0.0201
5,8,0,2,0.8692,0.8660,0.8373,0.8562,0.0640
5,8,0,3,0.2477,0.2762,0.9598,0.1495,0.0094
5,8,0,4,0.4531,0.4700,0.9632,0.3660,0.0277
5,8,0,5,0.2089,0.2512,0.9753,0.1099,0.0143
5,8,0,6,0.8193,0.8507,0.9565,0.7933,0.0647
5,8,0,7,0.6889,0.7136,0.8681,0.6343,0.0690
5,8,0,8,0.6241,0.6457,0.9268,0.5545,0.0657
5,8,0,9,0.8236,0.8142,0.7507,0.8042,0.0737
5,8,0,10,0.7705,0.7524,0.8187,0.7367,0.0725
5,8,0,11,0.8618,0.8579,0.8610,0.8490,0.0665
5,8,1,0,0.7781,0.7913,0.9573,0.7427,0.0614
5,8,1,1,0.8916,0.8925,0.9747,0.8779,0.0479
5,8,1,2,0.8693,0.8849,0.9688,0.8528,0.0596
5,8,1,3,0.9314,0.9045,0.8830,0.9278,0.0460
5,8,1,4,0.9518,0.9566,0.9731,0.9487,0.0437
5,8,1,5,0.9366,0.9485,0.9884,0.9286,0.0310
5,8,1,6,0.8931,0.9056,0.9879,0.8789,0.0436
5,8,1,7,0.9441,0.9507,0.9815,0.9390,0.0421
5,8,1,8,0.9408,0.9530,0.9467,0.9357,0.0409
5,8,1,9,0.9575,0.9708,0.9856,0.9525,0.0270
5,8,1,10,0.2336,0.6143,0.8783,0.0737,0.0714
5,8,1,11,0.3536,0.3405,0.9782,0.2634,0.0087
5,8,2,0,0.8509,0.8588,0.9305,0.8310,0.0600
5,8,2,1,0.9724,0.9774,0.9998,0.9685,0.0117
5,8,2,2,0.4796,0.6169,0.9321,0.3912,0.0383
5,8,2,3,0.7167,0.7489,0.9720,0.6689,0.0543
5,8,2,4,0.9278,0.9418,0.9925,0.9182,0.0315
5,8,2,5,0.7746,0.7904,0.9343,0.7385,0.0569
5,8,2,6,0.9680,0.9789,1.0000,0.9637,0.0101
5,8,2,7,0.7785,0.7977,0.9178,0.7445,0.0673
5,8,2,8,0.7910,0.8081,0.9197,0.7579,0.0509
5,8,2,9,0.5816,0.6365,0.9238,0.5070,0.0517
5,8,2,10,0.8873,0.8890,0.9418,0.8751,0.0593
5,8,2,11,0.9817,0.9808,0.9985,0.9794,0.0209
5,8,3,0,0.9771,0.9716,0.9991,0.9745,0.0136
5,8,3,1,0.9197,0.9183,0.9238,0.9091,0.0356
5,8,3,2,0.4593,0.6210,0.9486,0.3658,0.0404
5,8,3,3,0.9339,0.9470,0.9955,0.9245,0.0126
5,8,3,4,0.9780,0.9703,0.9994,0.9760,0.0202
5,8,3,5,0.9522,0.9680,0.9834,0.9464,0.0299
5,8,3,6,0.6426,0.6798,0.9171,0.5783,0.0605
5,8,3,7,0.6337,0.6784,0.9680,0.5720,0.0425
5,8,3,8,0.7954,0.7889,0.8723,0.7633,0.0540
5,8,3,9,0.5964,0.7837,0.9309,0.5359,0.0180
5,8,3,10,0.9728,0.9646,0.9995,0.9695,0.0178
5,8,3,11,0.7413,0.7904,0.9814,0.6992,0.0432
5,8,4,0,0.6785,0.7170,0.9173,0.6309,0.0147
5,8,4,1,0.9119,0.9068,0.9368,0.9000,0.0358
5,8,4,2,0.9799,0.9803,0.9995,0.9771,0.0119
5,8,4,3,0.7523,0.8113,0.9811,0.7121,0.0433
5,8,4,4,0.9731,0.9741,0.9957,0.9694,0.0125
5,8,4,5,0.7668,0.8128,0.9806,0.7298,0.0348
5,8,4,6,0.9397,0.9464,0.9681,0.9326,0.0358
5,8,4,7,0.5635,0.5749,0.9694,0.4924,0.0310
5,8,4,8,0.9772,0.9823,0.9997,0.9742,0.0112
5,8,4,9,0.8884,0.8803,0.8668,0.8733,0.0429
5,8,4,10,0.9755,0.9702,0.9998,0.9731,0.0188
5,8,4,11,0.2332,0.4458,0.9992,0.1434,0.0248
5,8,5,0,0.9838,0.9738,0.9989,0.9819,0.0109
5,8,5,1,0.9734,0.9643,0.9990,0.9715,0.0243
5,8,5,2,0.8233,0.8242,0.8998,0.7962,0.0466
5,8,5,3,0.8648,0.8443,0.8374,0.8475,0.0567
5,8,5,4,0.7825,0.7779,0.9189,0.7477,0.0394
5,8,5,5,0.9845,0.9787,0.9998,0.9831,0.0171
5,8,5,6,0.9192,0.9307,0.9999,0.9077,0.0125
5,8,5,7,0.8989,0.9296,0.9788,0.8842,0.0132
5,8,5,8,1.0000,1.0000,1.0000,1.0000,0.0000
5,8,5,9,0.9770,0.9704,0.9997,0.9746,0.0185
5,8,5,10,0.9716,0.9730,0.9985,0.9676,0.0089
5,8,5,11,0.9753,0.9768,0.9997,0.9718,0.0075
5,8,6,0,0.7226,0.7527,0.8788,0.6759,0.0538
5,8,6,1,0.9330,0.9520,1.0000,0.9246,0.0123
5,8,6,2,0.9846,0.9807,0.9992,0.9826,0.0125
5,8,6,3,0.9557,0.9711,1.0000,0.9496,0.0109
5,8,6,4,0.9597,0.9674,0.9984,0.9552,0.0278
5,8,6,5,0.9702,0.9764,0.9977,0.9663,0.0189
5,8,6,6,0.9808,0.9747,0.9999,0.9786,0.0146
5,8,6,7,0.9148,0.9430,0.9979,0.9028,0.0294
5,8,6,8,0.9291,0.9392,0.9911,0.9194,0.0277
5,8,6,9,0.9742,0.9652,0.9994,0.9722,0.0236
5,8,6,10,0.9756,0.9686,0.9993,0.9733,0.0210
5,8,6,11,0.8186,0.8201,0.8609,0.7909,0.0492
5,8,7,0,0.6833,0.7694,0.9814,0.6337,0.0294
5,8,7,1,0.9725,0.9795,0.9999,0.9689,0.0079
5,8,7,2,0.9757,0.9676,0.9993,0.9738,0.0228
5,8,7,3,0.9712,0.9671,0.9957,0.9680,0.0252
5,8,7,4,0.9452,0.9365,0.9984,0.9374,0.0189
5,8,7,5,0.9717,0.9753,0.9940,0.9678,0.0172
5,8,7,6,0.9755,0.9782,0.9997,0.9724,0.0117
5,8,7,7,0.9768,0.9749,0.9997,0.9742,0.0142
5,8,7,8,0.9323,0.9506,0.9865,0.9229,0.0223
5,8,7,9,0.8955,0.8666,0.9206,0.8802,0.0260
5,8,7,10,0.9752,0.9670,0.9998,0.9731,0.0220
5,8,7,11,0.9774,0.9701,0.9996,0.9754,0.0213
5,8,8,0,0.9682,0.9629,0.9949,0.9637,0.0140
5,8,8,1,0.9725,0.9711,0.9999,0.9698,0.0182
5,8,8,2,0.9810,0.9854,0.9988,0.9784,0.0135
5,8,8,3,0.9695,0.9759,1.0000,0.9657,0.0114
5,8,8,4,0.7871,0.8711,0.9259,0.7539,0.0317
5,8,8,5,0.8972,0.8717,0.9669,0.8827,0.0375
5,8,8,6,0.9711,0.9730,0.9995,0.9680,0.0172
5,8,8,7,0.7309,0.7891,0.9645,0.6890,0.0300
5,8,8,8,0.9730,0.9758,0.9948,0.9701,0.0241
5,8,8,9,0.9606,0.9778,0.9998,0.9551,0.0156
5,8,8,10,0.9836,0.9782,0.9968,0.9814,0.0146
5,8,8,11,0.9800,0.9742,0.9997,0.9778,0.0153
5,8,9,0,0.9596,0.9632,0.9998,0.9541,0.0070
5,8,9,1,0.9705,0.9727,1.0000,0.9672,0.0152
5,8,9,2,0.9657,0.9725,1.0000,0.9614,0.0101
5,8,9,3,0.7521,0.7542,0.8874,0.7113,0.0518
5,8,9,4,0.9718,0.9734,0.9998,0.9687,0.0160
5,8,9,5,0.9803,0.9767,1.0000,0.9777,0.0094
5,8,9,6,0.9736,0.9659,0.9992,0.9714,0.0230
5,8,9,7,0.9662,0.9814,0.9998,0.9615,0.0112
5,8,9,8,0.9773,0.9727,0.9995,0.9750,0.0182
5,8,9,9,0.9741,0.9668,0.9995,0.9718,0.0226
5,8,9,10,0.8490,0.8486,0.9615,0.8262,0.0388
5,8,9,11,0.9756,0.9666,0.9995,0.9735,0.0227
5,8,10,0,0.9734,0.9690,0.9993,0.9706,0.0178
5,8,10,1,0.9719,0.9682,0.9994,0.9691,0.0193
5,8,10,2,0.9789,0.9720,1.0000,0.9767,0.0168
5,8,10,3,0.9768,0.9718,0.9970,0.9737,0.0108
5,8,10,4,0.9554,0.9630,0.9966,0.9491,0.0093
5,8,10,5,0.8909,0.8714,0.9872,0.8749,0.0236
5,8,10,6,0.9726,0.9703,0.9996,0.9693,0.0132
5,8,10,7,0.9792,0.9769,0.9999,0.9765,0.0106
5,8,10,8,0.9738,0.9659,0.9995,0.9715,0.0226
5,8,10,9,0.9049,0.9000,0.9874,0.8917,0.0327
5,8,10,10,0.9729,0.9655,0.9994,0.9705,0.0224
5,8,10,11,0.8219,0.8630,0.9896,0.7964,0.0094
5,8,11,0,0.6323,0.6480,0.7369,0.5634,0.0779
5,8,11,1,0.9735,0.9767,0.9961,0.9698,0.0140
5,8,11,2,0.9738,0.9665,0.9998,0.9710,0.0180
5,8,11,3,0.8689,0.9011,0.9238,0.8513,0.0467
5,8,11,4,0.9768,0.9712,0.9828,0.9737,0.0210
5,8,11,5,0.9546,0.9645,0.9994,0.9490,0.0150
5,8,11,6,0.9735,0.9671,0.9998,0.9709,0.0205
5,8,11,7,0.9779,0.9763,0.9973,0.9749,0.0091
5,8,11,8,0.1968,0.5857,0.9528,0.0494,0.0505
5,8,11,9,0.9753,0.9709,0.9999,0.9727,0.0178
5,8,11,10,0.9331,0.9473,0.9359,0.9251,0.0329
5,8,11,11,0.9665,0.9728,0.9880,0.9628,0.0220
5,9,0,0,0.8717,0.8641,0.9304,0.8627,0.0727
5,9,0,1,0.1089,0.1869,0.9838,0.0112,0.0079
5,9,0,2,0.8425,0.8242,0.8242,0.8319,0.0812
5,9,0,3,0.2025,0.2138,0.9529,0.1078,0.0148
5,9,0,4,0.4112,0.3932,0.9566,0.3268,0.0457
5,9,0,5,0.1653,0.1925,0.9699,0.0702,0.0068
5,9,0,6,0.7837,0.7881,0.9494,0.7585,0.0824
5,9,0,7,0.6367,0.6296,0.8562,0.5813,0.0872
5,9,0,8,0.5988,0.5947,0.9177,0.5351,0.0834
5,9,0,9,0.7909,0.7651,0.7350,0.7737,0.0914
5,9,0,10,0.7330,0.7003,0.8050,0.7008,0.0908
5,9,0,11,0.8322,0.8089,0.8488,0.8215,0.0840
5,9,1,0,0.7288,0.7192,0.9503,0.6918,0.0791
5,9,1,1,0.8454,0.8284,0.9692,0.8290,0.0656
5,9,1,2,0.8275,0.8254,0.9627,0.8097,0.0757
5,9,1,3,0.9266,0.8942,0.8717,0.9282,0.0645
5,9,1,4,0.9347,0.9296,0.9674,0.9333,0.0567
5,9,1,5,0.9209,0.9167,0.9845,0.9141,0.0492
5,9,1,6,0.8561,0.8478,0.9840,0.8408,0.0615
5,9,1,7,0.9252,0.9221,0.9767,0.9214,0.0567
5,9,1,8,0.9292,0.9325,0.9389,0.9268,0.0576
5,9,1,9,0.9529,0.9628,0.9813,0.9503,0.0432
5,9,1,10,0.1796,0.5371,0.8668,0.0244,0.0883
5,9,1,11,0.3090,0.2832,0.9731,0.2216,0.0227
5,9,2,0,0.8155,0.7946,0.9216,0.7959,0.0779
5,9,2,1,0.9867,0.9892,0.9990,0.9858,0.0205
5,9,2,2,0.4284,0.5120,0.9233,0.3413,0.0563
5,9,2,3,0.6567,0.6652,0.9662,0.6061,0.0718
5,9,2,4,0.9232,0.9249,0.9893,0.9166,0.0495
5,9,2,5,0.7220,0.7093,0.9257,0.6836,0.0752
5,9,2,6,0.9814,0.9849,0.9996,0.9796,0.0173
5,9,2,7,0.7286,0.7250,0.9083,0.6930,0.0847
5,9,2,8,0.7553,0.7258,0.9103,0.7230,0.0691
5,9,2,9,0.5303,0.5408,0.9145,0.4561,0.0699
5,9,2,10,0.8481,0.8298,0.9336,0.8350,0.0762
5,9,2,11,0.9871,0.9859,0.9970,0.9875,0.0291
5,9,3,0,0.9945,0.9933,0.9998,0.9939,0.0067
5,9,3,1,0.9104,0.8938,0.9145,0.9024,0.0538
5,9,3,2,0.4040,0.5162,0.9409,0.3116,0.0584
5,9,3,3,0.9601,0.9632,0.9930,0.9561,0.0287
5,9,3,4,0.9993,0.9995,0.9999,0.9992,0.0020
5,9,3,5,0.9506,0.9477,0.9789,0.9476,0.0439
5,9,3,6,0.5837,0.5813,0.9075,0.5177,0.0782
5,9,3,7,0.6014,0.5835,0.9618,0.5424,0.0610
5,9,3,8,0.7707,0.7292,0.8606,0.7413,0.0725
5,9,3,9,0.5713,0.6951,0.9221,0.5137,0.0359
5,9,3,10,0.9618,0.9457,0.9985,0.9592,0.0356
5,9,3,11,0.7007,0.7196,0.9766,0.6585,0.0611
5,9,4,0,0.6466,0.6267,0.9076,0.6000,0.0332
5,9,4,1,0.9027,0.8876,0.9284,0.8935,0.0540
5,9,4,2,0.9920,0.9914,0.9985,0.9916,0.0168
5,9,4,3,0.7339,0.7638,0.9763,0.6973,0.0615
5,9,4,4,0.9729,0.9667,0.9933,0.9707,0.0275
5,9,4,5,0.7167,0.7400,0.9757,0.6776,0.0527
5,9,4,6,0.9180,0.9080,0.9619,0.9114,0.0522
5,9,4,7,0.5121,0.5015,0.9633,0.4412,0.0489
5,9,4,8,0.9935,0.9939,1.0000,0.9928,0.0102
5,9,4,9,0.8860,0.8577,0.8548,0.8759,0.0614
5,9,4,10,0.9991,0.9993,1.0000,0.9990,0.0018
5,9,4,11,0.2029,0.3359,0.9999,0.1178,0.0063
5,9,5,0,0.9807,0.9676,0.9997,0.9785,0.0113
5,9,5,1,0.9985,0.9986,0.9998,0.9985,0.0058
5,9,5,2,0.7895,0.7612,0.8893,0.7628,0.0651
5,9,5,3,0.8278,0.7824,0.8244,0.8103,0.0741
5,9,5,4,0.7518,0.7010,0.9094,0.7182,0.0576
5,9,5,5,0.9976,0.9966,1.0000,0.9974,0.0028
5,9,5,6,0.9306,0.9160,1.0000,0.9225,0.0294
5,9,5,7,0.9192,0.9246,0.9737,0.9099,0.0294
5,9,5,8,0.9770,0.9704,0.9997,0.9746,0.0185
5,9,5,9,1.0000,1.0000,1.0000,1.0000,0.0000
5,9,5,10,0.9751,0.9691,0.9970,0.9729,0.0245
5,9,5,11,0.9839,0.9808,0.9989,0.9826,0.0199
5,9,6,0,0.6939,0.6810,0.8673,0.6501,0.0718
5,9,6,1,0.9596,0.9620,0.9995,0.9550,0.0070
5,9,6,2,0.9967,0.9958,0.9981,0.9966,0.0108
5,9,6,3,0.9639,0.9675,0.9996,0.9599,0.0215
5,9,6,4,0.9355,0.9326,0.9968,0.9305,0.0463
5,9,6,5,0.9736,0.9706,0.9958,0.9721,0.0316
5,9,6,6,0.9983,0.9974,0.9999,0.9982,0.0045
5,9,6,7,0.9091,0.9123,0.9961,0.8998,0.0458
5,9,6,8,0.9240,0.9157,0.9877,0.9167,0.0462
5,9,6,9,0.9985,0.9988,0.9999,0.9985,0.0051
5,9,6,10,0.9995,0.9995,0.9999,0.9995,0.0025
5,9,6,11,0.7931,0.7652,0.8487,0.7675,0.0677
5,9,7,0,0.6772,0.7201,0.9767,0.6329,0.0476
5,9,7,1,0.9893,0.9902,0.9999,0.9882,0.0130
5,9,7,2,0.9985,0.9987,0.9999,0.9984,0.0049
5,9,7,3,0.9443,0.9311,0.9933,0.9397,0.0421
5,9,7,4,0.9237,0.9059,0.9968,0.9151,0.0350
5,9,7,5,0.9867,0.9857,0.9912,0.9866,0.0265
5,9,7,6,0.9961,0.9972,1.0000,0.9958,0.0087
5,9,7,7,0.9960,0.9953,1.0000,0.9956,0.0059
5,9,7,8,0.9317,0.9219,0.9823,0.9251,0.0408
5,9,7,9,0.8830,0.8450,0.9111,0.8695,0.0445
5,9,7,10,0.9989,0.9988,1.0000,0.9988,0.0038
5,9,7,11,0.9985,0.9984,1.0000,0.9983,0.0038
5,9,8,0,0.9914,0.9907,0.9923,0.9910,0.0171
5,9,8,1,0.9967,0.9969,1.0000,0.9964,0.0045
5,9,8,2,0.9911,0.9909,0.9974,0.9909,0.0202
5,9,8,3,0.9942,0.9953,0.9998,0.9936,0.0071
5,9,8,4,0.7848,0.8458,0.9168,0.7565,0.0502
5,9,8,5,0.8596,0.8191,0.9606,0.8435,0.0555
5,9,8,6,0.9963,0.9972,1.0000,0.9959,0.0047
5,9,8,7,0.7309,0.7492,0.9580,0.6946,0.0478
5,9,8,8,0.9595,0.9558,0.9921,0.9571,0.0390
5,9,8,9,0.9768,0.9808,0.9991,0.9749,0.0247
5,9,8,10,0.9879,0.9831,0.9946,0.9876,0.0239
5,9,8,11,0.9981,0.9981,1.0000,0.9979,0.0031
5,9,9,0,0.9707,0.9723,1.0000,0.9675,0.0181
5,9,9,1,0.9958,0.9962,0.9996,0.9953,0.0043
5,9,9,2,0.9910,0.9922,0.9998,0.9900,0.0092
5,9,9,3,0.7316,0.6957,0.8764,0.6948,0.0698
5,9,9,4,0.9969,0.9975,1.0000,0.9965,0.0043
5,9,9,5,0.9936,0.9930,0.9998,0.9931,0.0130
5,9,9,6,0.9992,0.9992,0.9999,0.9992,0.0045
5,9,9,7,0.9680,0.9708,0.9990,0.9652,0.0289
5,9,9,8,0.9987,0.9991,1.0000,0.9986,0.0016
5,9,9,9,0.9993,0.9993,1.0000,0.9993,0.0041
5,9,9,10,0.8175,0.8000,0.9548,0.7947,0.0565
5,9,9,11,0.9993,0.9993,1.0000,0.9993,0.0042
5,9,10,0,0.9986,0.9989,0.9999,0.9985,0.0014
5,9,10,1,0.9988,0.9990,0.9999,0.9987,0.0021
5,9,10,2,0.9992,0.9990,0.9999,0.9991,0.0022
5,9,10,3,0.9948,0.9922,0.9948,0.9945,0.0122
5,9,10,4,0.9689,0.9674,0.9943,0.9660,0.0262
5,9,10,5,0.8735,0.8453,0.9831,0.8580,0.0405
5,9,10,6,0.9971,0.9979,1.0000,0.9968,0.0052
5,9,10,7,0.9966,0.9953,0.9994,0.9964,0.0100
5,9,10,8,0.9992,0.9992,1.0000,0.9992,0.0041
5,9,10,9,0.8768,0.8431,0.9834,0.8632,0.0504
5,9,10,10,0.9992,0.9992,0.9999,0.9992,0.0039
5,9,10,11,0.8349,0.8424,0.9859,0.8143,0.0274
5,9,11,0,0.5752,0.5879,0.7208,0.5050,0.0956
5,9,11,1,0.9909,0.9911,0.9938,0.9908,0.0213
5,9,11,2,0.9993,0.9989,0.9991,0.9992,0.0021
5,9,11,3,0.8810,0.8832,0.9146,0.8720,0.0647
5,9,11,4,0.9911,0.9877,0.9782,0.9918,0.0266
5,9,11,5,0.9811,0.9831,0.9983,0.9789,0.0085
5,9,11,6,0.9994,0.9995,1.0000,0.9994,0.0022
5,9,11,7,0.9914,0.9891,0.9953,0.9909,0.0163
5,9,11,8,0.1607,0.4938,0.9454,0.0213,0.0682
5,9,11,9,0.9990,0.9991,0.9999,0.9989,0.0014
5,9,11,10,0.9353,0.9230,0.9274,0.9319,0.0514
5,9,11,11,0.9572,0.9493,0.9841,0.9547,0.0405
5,10,0,0,0.9159,0.9141,0.9561,0.9064,0.0481
5,10,0,1,0.1938,0.2942,0.9948,0.0924,0.0272
5,10,0,2,0.8798,0.8686,0.8659,0.8655,0.0567
5,10,0,3,0.3003,0.3289,0.9737,0.2047,0.0160
5,10,0,4,0.5139,0.5251,0.9764,0.4325,0.0211
5,10,0,5,0.2539,0.2992,0.9859,0.1564,0.0209
5,10,0,6,0.8393,0.8497,0.9710,0.8140,0.0579
5,10,0,7,0.7072,0.7155,0.8939,0.6517,0.0627
5,10,0,8,0.6362,0.6494,0.9459,0.5639,0.0589
5,10,0,9,0.8411,0.8231,0.7856,0.8214,0.0669
5,10,0,10,0.8015,0.7831,0.8488,0.7706,0.0662
5,10,0,11,0.8859,0.8673,0.8875,0.8749,0.0594
5,10,1,0,0.7909,0.7922,0.9717,0.7544,0.0548
5,10,1,1,0.8934,0.8951,0.9854,0.8774,0.0413
5,10,1,2,0.8886,0.8940,0.9808,0.8731,0.0514
5,10,1,3,0.9362,0.9057,0.9073,0.9309,0.0400
5,10,1,4,0.9668,0.9647,0.9842,0.9647,0.0366
5,10,1,5,0.9506,0.9610,0.9952,0.9436,0.0247
5,10,1,6,0.9059,0.9096,0.9949,0.8919,0.0373
5,10,1,7,0.9541,0.9541,0.9905,0.9490,0.0342
5,10,1,8,0.9477,0.9572,0.9628,0.9418,0.0336
5,10,1,9,0.9630,0.9750,0.9933,0.9578,0.0189
5,10,1,10,0.2534,0.6224,0.9030,0.0897,0.0640
5,10,1,11,0.3917,0.3828,0.9881,0.3029,0.0129
5,10,2,0,0.8673,0.8598,0.9490,0.8476,0.0534
5,10,2,1,0.9724,0.9757,0.9995,0.9683,0.0088
5,10,2,2,0.4946,0.6209,0.9504,0.4040,0.0320
5,10,2,3,0.7098,0.7395,0.9834,0.6567,0.0475
5,10,2,4,0.9390,0.9540,0.9977,0.9299,0.0252
5,10,2,5,0.7793,0.7926,0.9524,0.7403,0.0506
5,10,2,6,0.9798,0.9885,0.9988,0.9771,0.0122
5,10,2,7,0.8017,0.8115,0.9381,0.7687,0.0602
5,10,2,8,0.8107,0.7993,0.9398,0.7783,0.0446
5,10,2,9,0.6068,0.6362,0.9433,0.5324,0.0454
5,10,2,10,0.9119,0.9019,0.9587,0.9019,0.0517
5,10,2,11,0.9862,0.9846,1.0000,0.9841,0.0151
5,10,3,0,0.9743,0.9731,0.9954,0.9716,0.0189
5,10,3,1,0.9235,0.9293,0.9433,0.9118,0.0293
5,10,3,2,0.4577,0.6043,0.9644,0.3587,0.0338
5,10,3,3,0.9379,0.9457,0.9992,0.9284,0.0105
5,10,3,4,0.9724,0.9665,0.9961,0.9702,0.0262
5,10,3,5,0.9688,0.9709,0.9918,0.9646,0.0226
5,10,3,6,0.6528,0.6723,0.9375,0.5857,0.0537
5,10,3,7,0.6577,0.6685,0.9802,0.5966,0.0365
5,10,3,8,0.8058,0.7862,0.8977,0.7723,0.0480
5,10,3,9,0.6375,0.7353,0.9494,0.5803,0.0130
5,10,3,10,0.9765,0.9701,0.9997,0.9730,0.0115
5,10,3,11,0.7599,0.7955,0.9904,0.7180,0.0369
5,10,4,0,0.6838,0.6770,0.9376,0.6345,0.0108
5,10,4,1,0.9156,0.9117,0.9545,0.9025,0.0295
5,10,4,2,0.9802,0.9763,0.9997,0.9774,0.0112
5,10,4,3,0.8204,0.8498,0.9902,0.7899,0.0370
5,10,4,4,0.9893,0.9891,0.9993,0.9876,0.0075
5,10,4,5,0.7534,0.7940,0.9898,0.7112,0.0285
5,10,4,6,0.9586,0.9586,0.9803,0.9534,0.0285
5,10,4,7,0.6177,0.6237,0.9813,0.5521,0.0247
5,10,4,8,0.9840,0.9825,0.9968,0.9822,0.0143
5,10,4,9,0.9209,0.9007,0.8927,0.9097,0.0369
5,10,4,10,0.9746,0.9702,0.9972,0.9726,0.0248
5,10,4,11,0.2545,0.4469,0.9956,0.1633,0.0308
5,10,5,0,0.9766,0.9722,0.9948,0.9741,0.0172
5,10,5,1,0.9675,0.9610,0.9951,0.9656,0.0303
5,10,5,2,0.8591,0.8437,0.9222,0.8362,0.0405
5,10,5,3,0.8740,0.8371,0.8660,0.8554,0.0496
5,10,5,4,0.8150,0.7967,0.9391,0.7835,0.0331
5,10,5,5,0.9749,0.9712,0.9974,0.9727,0.0231
5,10,5,6,0.9260,0.9254,0.9976,0.9148,0.0122
5,10,5,7,0.9174,0.9303,0.9885,0.9047,0.0114
5,10,5,8,0.9716,0.9730,0.9985,0.9676,0.0089
5,10,5,9,0.9751,0.9691,0.9970,0.9729,0.0245
5,10,5,10,1.0000,1.0000,1.0000,1.0000,0.0000
5,10,5,11,0.9900,0.9911,0.9995,0.9886,0.0062
5,10,6,0,0.7696,0.7622,0.9035,0.7286,0.0475
5,10,6,1,0.9516,0.9520,0.9989,0.9458,0.0181
5,10,6,2,0.9818,0.9790,0.9999,0.9795,0.0153
5,10,6,3,0.9788,0.9821,0.9988,0.9758,0.0098
5,10,6,4,0.9524,0.9507,1.0000,0.9454,0.0218
5,10,6,5,0.9897,0.9906,0.9999,0.9882,0.0129
5,10,6,6,0.9783,0.9736,0.9979,0.9762,0.0201
5,10,6,7,0.9532,0.9677,0.9999,0.9462,0.0215
5,10,6,8,0.9504,0.9549,0.9969,0.9430,0.0216
5,10,6,9,0.9680,0.9616,0.9960,0.9661,0.0296
5,10,6,10,0.9742,0.9679,0.9958,0.9723,0.0270
5,10,6,11,0.8265,0.8124,0.8873,0.7972,0.0432
5,10,7,0,0.6581,0.7357,0.9904,0.6013,0.0239
5,10,7,1,0.9830,0.9848,0.9978,0.9809,0.0126
5,10,7,2,0.9719,0.9683,0.9957,0.9703,0.0289
5,10,7,3,0.9715,0.9741,0.9993,0.9674,0.0181
5,10,7,4,0.9497,0.9490,1.0000,0.9419,0.0115
5,10,7,5,0.9769,0.9747,0.9985,0.9733,0.0114
5,10,7,6,0.9805,0.9791,0.9970,0.9783,0.0159
5,10,7,7,0.9826,0.9818,0.9970,0.9811,0.0202
5,10,7,8,0.9588,0.9576,0.9939,0.9526,0.0163
5,10,7,9,0.9047,0.8793,0.9405,0.8895,0.0199
5,10,7,10,0.9705,0.9645,0.9972,0.9685,0.0281
5,10,7,11,0.9741,0.9712,0.9966,0.9723,0.0273
5,10,8,0,0.9688,0.9640,0.9989,0.9643,0.0125
5,10,8,1,0.9749,0.9711,0.9976,0.9731,0.0243
5,10,8,2,0.9839,0.9828,1.0000,0.9815,0.0114
5,10,8,3,0.9780,0.9761,0.9982,0.9757,0.0177
5,10,8,4,0.7885,0.8687,0.9451,0.7532,0.0257
5,10,8,5,0.8933,0.8680,0.9794,0.8761,0.0310
5,10,8,6,0.9762,0.9727,0.9963,0.9742,0.0232
5,10,8,7,0.7074,0.7443,0.9774,0.6589,0.0251
5,10,8,8,0.9648,0.9641,0.9989,0.9596,0.0165
5,10,8,9,0.9835,0.9891,0.9993,0.9811,0.0101
5,10,8,10,0.9867,0.9868,0.9997,0.9846,0.0109
5,10,8,11,0.9717,0.9663,0.9968,0.9689,0.0214
5,10,9,0,0.9512,0.9487,0.9973,0.9443,0.0117
5,10,9,1,0.9743,0.9711,0.9987,0.9719,0.0213
5,10,9,2,0.9722,0.9700,0.9984,0.9690,0.0153
5,10,9,3,0.7413,0.7336,0.9112,0.6944,0.0453
5,10,9,4,0.9764,0.9744,0.9971,0.9744,0.0220
5,10,9,5,0.9758,0.9728,0.9982,0.9727,0.0126
5,10,9,6,0.9698,0.9629,0.9956,0.9678,0.0290
5,10,9,7,0.9780,0.9843,0.9994,0.9746,0.0062
5,10,9,8,0.9714,0.9664,0.9963,0.9689,0.0243
5,10,9,9,0.9713,0.9647,0.9963,0.9693,0.0286
5,10,9,10,0.8575,0.8656,0.9751,0.8339,0.0320
5,10,9,11,0.9705,0.9636,0.9964,0.9684,0.0287
5,10,10,0,0.9712,0.9659,0.9958,0.9685,0.0239
5,10,10,1,0.9736,0.9679,0.9960,0.9715,0.0253
5,10,10,2,0.9787,0.9739,0.9981,0.9769,0.0228
5,10,10,3,0.9753,0.9725,0.9997,0.9721,0.0142
5,10,10,4,0.9436,0.9458,0.9996,0.9351,0.0051
5,10,10,5,0.9100,0.9036,0.9944,0.8958,0.0173
5,10,10,6,0.9713,0.9672,0.9966,0.9682,0.0193
5,10,10,7,0.9777,0.9732,0.9990,0.9750,0.0156
5,10,10,8,0.9700,0.9634,0.9964,0.9679,0.0286
5,10,10,9,0.9177,0.9102,0.9945,0.9050,0.0258
5,10,10,10,0.9695,0.9626,0.9960,0.9673,0.0285
5,10,10,11,0.8023,0.8150,0.9960,0.7726,0.0081
5,10,11,0,0.6483,0.6461,0.7727,0.5770,0.0711
5,10,11,1,0.9790,0.9766,0.9994,0.9759,0.0101
5,10,11,2,0.9722,0.9658,0.9994,0.9696,0.0245
5,10,11,3,0.8790,0.8930,0.9433,0.8605,0.0401
5,10,11,4,0.9800,0.9753,0.9914,0.9770,0.0160
5,10,11,5,0.9701,0.9702,0.9998,0.9669,0.0213
5,10,11,6,0.9723,0.9656,0.9971,0.9701,0.0265
5,10,11,7,0.9868,0.9832,0.9998,0.9850,0.0098
5,10,11,8,0.2257,0.5821,0.9680,0.0767,0.0439
5,10,11,9,0.9783,0.9732,0.9978,0.9765,0.0239
5,10,11,10,0.9384,0.9366,0.9537,0.9296,0.0269
5,10,11,11,0.9631,0.9625,0.9950,0.9577,0.0163
5,11,0,0,0.8985,0.9001,0.9465,0.8869,0.0527
5,11,0,1,0.1963,0.2762,0.9911,0.0976,0.0220
5,11,0,2,0.8736,0.8575,0.8497,0.8599,0.0615
5,11,0,3,0.2932,0.3032,0.9660,0.1991,0.0132
5,11,0,4,0.4849,0.4843,0.9692,0.4010,0.0257
5,11,0,5,0.2494,0.2777,0.9802,0.1537,0.0157
5,11,0,6,0.8247,0.8313,0.9630,0.7982,0.0624
5,11,0,7,0.7138,0.7032,0.8794,0.6629,0.0673
5,11,0,8,0.6494,0.6360,0.9352,0.5834,0.0635
5,11,0,9,0.8355,0.8101,0.7658,0.8170,0.0715
5,11,0,10,0.7951,0.7644,0.8318,0.7653,0.0708
5,11,0,11,0.8798,0.8595,0.8725,0.8696,0.0640
5,11,1,0,0.7751,0.7758,0.9638,0.7374,0.0594
5,11,1,1,0.8980,0.8871,0.9796,0.8843,0.0459
5,11,1,2,0.8870,0.8829,0.9742,0.8728,0.0565
5,11,1,3,0.9385,0.9084,0.8936,0.9353,0.0446
5,11,1,4,0.9644,0.9610,0.9781,0.9629,0.0394
5,11,1,5,0.9578,0.9599,0.9916,0.9528,0.0293
5,11,1,6,0.8883,0.8885,0.9912,0.8722,0.0418
5,11,1,7,0.9527,0.9485,0.9857,0.9484,0.0380
5,11,1,8,0.9548,0.9542,0.9539,0.9514,0.0379
5,11,1,9,0.9697,0.9747,0.9892,0.9663,0.0240
5,11,1,10,0.2412,0.6045,0.8891,0.0796,0.0686
5,11,1,11,0.3873,0.3627,0.9827,0.3001,0.0112
5,11,2,0,0.8514,0.8389,0.9387,0.8302,0.0580
5,11,2,1,0.9787,0.9807,1.0000,0.9756,0.0060
5,11,2,2,0.5014,0.6048,0.9402,0.4147,0.0366
5,11,2,3,0.7027,0.7190,0.9772,0.6504,0.0521
5,11,2,4,0.9437,0.9531,0.9951,0.9361,0.0298
5,11,2,5,0.7860,0.7792,0.9423,0.7506,0.0552
5,11,2,6,0.9945,0.9942,0.9999,0.9938,0.0076
5,11,2,7,0.8000,0.7985,0.9268,0.7690,0.0648
5,11,2,8,0.8087,0.7856,0.9286,0.7777,0.0492
5,11,2,9,0.5938,0.6147,0.9324,0.5195,0.0500
5,11,2,10,0.9022,0.8885,0.9493,0.8919,0.0568
5,11,2,11,0.9908,0.9905,0.9995,0.9897,0.0152
5,11,3,0,0.9812,0.9824,0.9979,0.9792,0.0138
5,11,3,1,0.9337,0.9196,0.9324,0.9248,0.0338
5,11,3,2,0.4500,0.5785,0.9557,0.3526,0.0384
5,11,3,3,0.9487,0.9555,0.9975,0.9412,0.0114
5,11,3,4,0.9813,0.9797,0.9984,0.9798,0.0216
5,11,3,5,0.9710,0.9674,0.9873,0.9677,0.0256
5,11,3,6,0.6414,0.6454,0.9261,0.5746,0.0582
5,11,3,7,0.6496,0.6430,0.9735,0.5891,0.0411
5,11,3,8,0.8121,0.7739,0.8834,0.7818,0.0526
5,11,3,9,0.6092,0.7161,0.9391,0.5492,0.0176
5,11,3,10,0.9776,0.9689,1.0000,0.9747,0.0159
5,11,3,11,0.7432,0.7745,0.9856,0.6999,0.0415
5,11,4,0,0.6640,0.6523,0.9262,0.6131,0.0156
5,11,4,1,0.9055,0.9021,0.9447,0.8916,0.0341
5,11,4,2,0.9858,0.9832,1.0000,0.9838,0.0076
5,11,4,3,0.7867,0.8145,0.9853,0.7514,0.0416
5,11,4,4,0.9911,0.9907,0.9976,0.9899,0.0079
5,11,4,5,0.7340,0.7705,0.9849,0.6901,0.0331
5,11,4,6,0.9538,0.9474,0.9736,0.9486,0.0325
5,11,4,7,0.6020,0.5896,0.9748,0.5358,0.0293
5,11,4,8,0.9922,0.9902,0.9988,0.9913,0.0097
5,11,4,9,0.9124,0.8876,0.8781,0.9008,0.0415
5,11,4,10,0.9848,0.9822,0.9991,0.9838,0.0202
5,11,4,11,0.2487,0.4224,0.9980,0.1590,0.0262
5,11,5,0,0.9821,0.9829,0.9975,0.9801,0.0129
5,11,5,1,0.9766,0.9747,0.9977,0.9754,0.0257
5,11,5,2,0.8371,0.8129,0.9096,0.8115,0.0451
5,11,5,3,0.8560,0.8179,0.8498,0.8354,0.0542
5,11,5,4,0.8001,0.7752,0.9278,0.7673,0.0376
5,11,5,5,0.9830,0.9821,0.9992,0.9816,0.0185
5,11,5,6,0.9239,0.9223,0.9993,0.9128,0.0147
5,11,5,7,0.9230,0.9293,0.9833,0.9115,0.0134
5,11,5,8,0.9753,0.9768,0.9997,0.9718,0.0075
5,11,5,9,0.9839,0.9808,0.9989,0.9826,0.0199
5,11,5,10,0.9900,0.9911,0.9995,0.9886,0.0062
5,11,5,11,1.0000,1.0000,1.0000,1.0000,0.0000
5,11,6,0,0.7363,0.7306,0.8896,0.6906,0.0521
5,11,6,1,0.9623,0.9580,0.9999,0.9578,0.0135
5,11,6,2,0.9897,0.9891,0.9999,0.9884,0.0102
5,11,6,3,0.9828,0.9839,0.9998,0.9803,0.0071
5,11,6,4,0.9447,0.9454,0.9995,0.9372,0.0264
5,11,6,5,0.9926,0.9922,0.9990,0.9918,0.0140
5,11,6,6,0.9863,0.9853,0.9994,0.9850,0.0155
5,11,6,7,0.9493,0.9577,0.9991,0.9424,0.0264
5,11,6,8,0.9413,0.9450,0.9939,0.9329,0.0262
5,11,6,9,0.9771,0.9756,0.9983,0.9758,0.0251
5,11,6,10,0.9827,0.9802,0.9982,0.9815,0.0224
5,11,6,11,0.8074,0.7946,0.8724,0.7760,0.0478
5,11,7,0,0.6590,0.7284,0.9856,0.6041,0.0287
5,11,7,1,0.9941,0.9912,0.9994,0.9935,0.0077
5,11,7,2,0.9801,0.9805,0.9981,0.9790,0.0243
5,11,7,3,0.9646,0.9657,0.9976,0.9599,0.0227
5,11,7,4,0.9420,0.9377,0.9994,0.9334,0.0159
5,11,7,5,0.9822,0.9801,0.9963,0.9797,0.0110
5,11,7,6,0.9903,0.9877,0.9989,0.9892,0.0113
5,11,7,7,0.9913,0.9909,0.9989,0.9908,0.0156
5,11,7,8,0.9463,0.9445,0.9900,0.9386,0.0209
5,11,7,9,0.8886,0.8640,0.9294,0.8715,0.0245
5,11,7,10,0.9794,0.9776,0.9991,0.9782,0.0235
5,11,7,11,0.9811,0.9824,0.9987,0.9798,0.0227
5,11,8,0,0.9747,0.9753,0.9970,0.9712,0.0089
5,11,8,1,0.9845,0.9817,0.9993,0.9835,0.0197
5,11,8,2,0.9924,0.9903,0.9997,0.9913,0.0084
5,11,8,3,0.9859,0.9837,0.9996,0.9844,0.0134
5,11,8,4,0.7827,0.8596,0.9344,0.7477,0.0303
5,11,8,5,0.8792,0.8514,0.9725,0.8607,0.0356
5,11,8,6,0.9872,0.9832,0.9985,0.9863,0.0186
5,11,8,7,0.7111,0.7450,0.9703,0.6647,0.0296
5,11,8,8,0.9618,0.9632,0.9969,0.9566,0.0201
5,11,8,9,0.9908,0.9914,1.0000,0.9895,0.0087
5,11,8,10,0.9902,0.9911,0.9984,0.9889,0.0087
5,11,8,11,0.9801,0.9781,0.9988,0.9781,0.0168
5,11,9,0,0.9558,0.9564,0.9991,0.9497,0.0089
5,11,9,1,0.9846,0.9810,0.9998,0.9832,0.0167
5,11,9,2,0.9834,0.9786,0.9997,0.9814,0.0110
5,11,9,3,0.7394,0.7256,0.8978,0.6943,0.0498
5,11,9,4,0.9881,0.9837,0.9990,0.9872,0.0174
5,11,9,5,0.9820,0.9817,0.9996,0.9796,0.0083
5,11,9,6,0.9791,0.9760,0.9981,0.9778,0.0244
5,11,9,7,0.9817,0.9822,1.0000,0.9791,0.0100
5,11,9,8,0.9813,0.9782,0.9985,0.9797,0.0197
5,11,9,9,0.9808,0.9776,0.9985,0.9796,0.0240
5,11,9,10,0.8384,0.8398,0.9676,0.8127,0.0366
5,11,9,11,0.9795,0.9769,0.9986,0.9782,0.0241
5,11,10,0,0.9806,0.9774,0.9982,0.9788,0.0193
5,11,10,1,0.9826,0.9795,0.9983,0.9812,0.0207
5,11,10,2,0.9870,0.9846,0.9995,0.9860,0.0182
5,11,10,3,0.9863,0.9839,0.9985,0.9845,0.0091
5,11,10,4,0.9581,0.9538,0.9982,0.9520,0.0063
5,11,10,5,0.9003,0.8892,0.9906,0.8852,0.0227
5,11,10,6,0.9807,0.9781,0.9987,0.9786,0.0150
5,11,10,7,0.9863,0.9842,0.9999,0.9847,0.0108
5,11,10,8,0.9795,0.9767,0.9986,0.9781,0.0240
5,11,10,9,0.9071,0.8989,0.9908,0.8934,0.0304
5,11,10,10,0.9791,0.9758,0.9983,0.9777,0.0239
5,11,10,11,0.8124,0.8240,0.9927,0.7850,0.0114
5,11,11,0,0.6389,0.6293,0.7524,0.5688,0.0757
5,11,11,1,0.9865,0.9840,0.9979,0.9845,0.0079
5,11,11,2,0.9815,0.9784,1.0000,0.9798,0.0199
5,11,11,3,0.8911,0.8915,0.9324,0.8767,0.0447
5,11,11,4,0.9871,0.9830,0.9868,0.9854,0.0148
5,11,11,5,0.9815,0.9770,0.9999,0.9795,0.0169
5,11,11,6,0.9813,0.9781,0.9990,0.9799,0.0219
5,11,11,7,0.9904,0.9876,0.9987,0.9890,0.0058
5,11,11,8,0.2312,0.5625,0.9596,0.0874,0.0485
5,11,11,9,0.9865,0.9841,0.9994,0.9855,0.0193
5,11,11,10,0.9478,0.9357,0.9438,0.9417,0.0315
5,11,11,11,0.9604,0.9635,0.9913,0.9552,0.0206
6,0,0,0,0.8677,0.8899,0.9894,0.8314,0.0256
6,0,0,1,0.1996,0.3611,0.9425,0.0683,0.0733
6,0,0,2,0.8669,0.8706,0.9967,0.8285,0.0289
6,0,0,3,0.3290,0.3857,0.9774,0.2106,0.0590
6,0,0,4,0.5710,0.5905,0.9747,0.4765,0.0285
6,0,0,5,0.2402,0.3462,0.9624,0.1109,0.0676
6,0,0,6,0.8444,0.8828,0.9798,0.8006,0.0251
6,0,0,7,0.8516,0.8592,0.9998,0.8086,0.0207
6,0,0,8,0.7197,0.7620,0.9937,0.6371,0.0266
6,0,0,9,0.8690,0.8710,0.9750,0.8306,0.0325
6,0,0,10,0.7853,0.7995,0.9935,0.7200,0.0230
6,0,0,11,0.8620,0.8783,0.9994,0.8216,0.0285
6,0,1,0,0.8624,0.8568,0.9792,0.8247,0.0210
6,0,1,1,0.8458,0.8571,0.9632,0.8060,0.0198
6,0,1,2,0.8621,0.8728,0.9697,0.8244,0.0289
6,0,1,3,0.8015,0.7903,1.0000,0.7471,0.0293
6,0,1,4,0.8377,0.8425,0.9651,0.7969,0.0350
6,0,1,5,0.8037,0.8255,0.9411,0.7591,0.0244
6,0,1,6,0.8690,0.9063,0.9421,0.8362,0.0173
6,0,1,7,0.8360,0.8483,0.9539,0.7955,0.0306
6,0,1,8,0.8195,0.8376,0.9857,0.7741,0.0249
6,0,1,9,0.7876,0.7959,0.9468,0.7414,0.0296
6,0,1,10,0.5139,0.7338,1.0000,0.3699,0.0283
6,0,1,11,0.3657,0.4078,0.9587,0.2455,0.0514
6,0,2,0,0.8798,0.8844,0.9925,0.8466,0.0185
6,0,2,1,0.7405,0.7484,0.8890,0.6951,0.0513
6,0,2,2,0.7488,0.7879,0.9920,0.6887,0.0163
6,0,2,3,0.8261,0.8486,0.9663,0.7804,0.0152
6,0,2,4,0.8113,0.7988,0.9305,0.7690,0.0223
6,0,2,5,0.8562,0.8715,0.9912,0.8169,0.0144
6,0,2,6,0.7244,0.7304,0.8818,0.6782,0.0544
6,0,2,7,0.8224,0.8508,0.9960,0.7709,0.0248
6,0,2,8,0.8782,0.9055,0.9956,0.8459,0.0150
6,0,2,9,0.8036,0.8018,0.9945,0.7517,0.0134
6,0,2,10,0.8669,0.8704,0.9881,0.8301,0.0296
6,0,2,11,0.7653,0.7584,0.9034,0.7199,0.0450
6,0,3,0,0.6923,0.6901,0.8583,0.6460,0.0656
6,0,3,1,0.7900,0.8150,0.9945,0.7412,0.0198
6,0,3,2,0.7600,0.8107,0.9846,0.7014,0.0199
6,0,3,3,0.7532,0.7538,0.9199,0.7082,0.0464
6,0,3,4,0.6864,0.6752,0.8621,0.6426,0.0735
6,0,3,5,0.7986,0.8137,0.9508,0.7548,0.0341
6,0,3,6,0.8196,0.8731,0.9962,0.7687,0.0156
6,0,3,7,0.7950,0.7858,0.9705,0.7451,0.0142
6,0,3,8,0.8377,0.8705,0.9999,0.7945,0.0100
6,0,3,9,0.7514,0.8240,0.9924,0.7029,0.0363
6,0,3,10,0.7622,0.7617,0.8936,0.7141,0.0362
6,0,3,11,0.8155,0.8315,0.9541,0.7707,0.0130
6,0,4,0,0.8122,0.8530,0.9961,0.7776,0.0391
6,0,4,1,0.8282,0.8199,0.9902,0.7886,0.0188
6,0,4,2,0.7439,0.7388,0.8929,0.7006,0.0550
6,0,4,3,0.9006,0.8831,0.9545,0.8766,0.0181
6,0,4,4,0.7551,0.7526,0.9191,0.7099,0.0447
6,0,4,5,0.7799,0.8011,0.9552,0.7294,0.0198
6,0,4,6,0.8279,0.8488,0.9704,0.7878,0.0321
6,0,4,7,0.6486,0.6653,0.9691,0.5686,0.0241
6,0,4,8,0.7143,0.7107,0.8663,0.6693,0.0615
6,0,4,9,0.8307,0.8405,0.9997,0.7884,0.0140
6,0,4,10,0.6875,0.6786,0.8691,0.6434,0.0720
6,0,4,11,0.5220,0.6052,0.8593,0.4526,0.0781
6,0,5,0,0.7079,0.7044,0.8553,0.6636,0.0615
6,0,5,1,0.6706,0.6584,0.8565,0.6278,0.0775
6,0,5,2,0.8822,0.8888,0.9989,0.8522,0.0130
6,0,5,3,0.8941,0.8968,0.9967,0.8650,0.0192
6,0,5,4,0.8419,0.8483,0.9958,0.8035,0.0155
6,0,5,5,0.6855,0.6849,0.8701,0.6401,0.0703
6,0,5,6,0.7402,0.7368,0.8716,0.6934,0.0468
6,0,5,7,0.7754,0.7960,0.9579,0.7335,0.0439
6,0,5,8,0.7226,0.7527,0.8788,0.6759,0.0538
6,0,5,9,0.6939,0.6810,0.8673,0.6501,0.0718
6,0,5,10,0.7696,0.7622,0.9035,0.7286,0.0475
6,0,5,11,0.7363,0.7306,0.8896,0.6906,0.0521
6,0,6,0,1.0000,1.0000,1.0000,1.0000,0.0000
6,0,6,1,0.6826,0.6915,0.8819,0.6339,0.0651
6,0,6,2,0.7194,0.7176,0.8966,0.6743,0.0613
6,0,6,3,0.7425,0.7461,0.8812,0.6992,0.0526
6,0,6,4,0.8119,0.8285,0.9042,0.7706,0.0270
6,0,6,5,0.7735,0.7668,0.9093,0.7295,0.0417
6,0,6,6,0.6982,0.6905,0.8736,0.6530,0.0676
6,0,6,7,0.8135,0.8111,0.9080,0.7731,0.0273
6,0,6,8,0.8321,0.8132,0.9345,0.7964,0.0261
6,0,6,9,0.6698,0.6601,0.8618,0.6261,0.0769
6,0,6,10,0.6853,0.6728,0.8603,0.6416,0.0742
6,0,6,11,0.8761,0.8835,0.9993,0.8436,0.0085
6,0,7,0,0.7573,0.7983,0.9540,0.7054,0.0265
6,0,7,1,0.7091,0.7141,0.8730,0.6621,0.0593
6,0,7,2,0.6760,0.6671,0.8597,0.6328,0.0761
6,0,7,3,0.8141,0.8147,0.9192,0.7755,0.0338
6,0,7,4,0.8109,0.8126,0.9045,0.7757,0.0391
6,0,7,5,0.7593,0.7546,0.9256,0.7141,0.0455
6,0,7,6,0.7081,0.7046,0.8677,0.6624,0.0631
6,0,7,7,0.6965,0.6914,0.8673,0.6517,0.0674
6,0,7,8,0.8262,0.8401,0.9451,0.7908,0.0331
6,0,7,9,0.8006,0.7860,0.9954,0.7582,0.0281
6,0,7,10,0.6721,0.6648,0.8689,0.6276,0.0753
6,0,7,11,0.6812,0.6737,0.8649,0.6373,0.0745
6,0,8,0,0.7227,0.7170,0.9223,0.6750,0.0552
6,0,8,1,0.6818,0.6781,0.8718,0.6371,0.0715
6,0,8,2,0.7358,0.7384,0.9008,0.6891,0.0521
6,0,8,3,0.7034,0.7025,0.8765,0.6582,0.0652
6,0,8,4,0.7694,0.8251,0.9939,0.7184,0.0257
6,0,8,5,0.8468,0.8472,0.9715,0.8114,0.0231
6,0,8,6,0.6892,0.6862,0.8631,0.6446,0.0704
6,0,8,7,0.7671,0.8092,0.9736,0.7174,0.0243
6,0,8,8,0.7829,0.7903,0.9229,0.7376,0.0341
6,0,8,9,0.7434,0.7473,0.8873,0.6971,0.0479
6,0,8,10,0.7466,0.7450,0.9142,0.7000,0.0484
6,0,8,11,0.6948,0.6883,0.8663,0.6495,0.0686
6,0,9,0,0.7347,0.7306,0.8695,0.6911,0.0542
6,0,9,1,0.6881,0.6876,0.8803,0.6422,0.0687
6,0,9,2,0.6993,0.6988,0.8777,0.6523,0.0626
6,0,9,3,0.8398,0.8654,0.9998,0.7971,0.0161
6,0,9,4,0.6941,0.6895,0.8685,0.6499,0.0693
6,0,9,5,0.7182,0.7107,0.8763,0.6722,0.0593
6,0,9,6,0.6758,0.6647,0.8594,0.6322,0.0762
6,0,9,7,0.7653,0.7850,0.8883,0.7219,0.0434
6,0,9,8,0.6847,0.6814,0.8631,0.6396,0.0715
6,0,9,9,0.6777,0.6675,0.8630,0.6340,0.0758
6,0,9,10,0.8679,0.8876,0.9761,0.8367,0.0186
6,0,9,11,0.6792,0.6670,0.8638,0.6358,0.0760
6,0,10,0,0.6886,0.6790,0.8605,0.6439,0.0711
6,0,10,1,0.6841,0.6726,0.8615,0.6396,0.0725
6,0,10,2,0.6974,0.6872,0.8751,0.6537,0.0701
6,0,10,3,0.7078,0.7128,0.9133,0.6599,0.0603
6,0,10,4,0.7252,0.7453,0.9153,0.6747,0.0460
6,0,10,5,0.7986,0.8127,0.9437,0.7593,0.0328
6,0,10,6,0.7000,0.6925,0.8650,0.6548,0.0665
6,0,10,7,0.7106,0.7058,0.8837,0.6645,0.0623
6,0,10,8,0.6775,0.6665,0.8637,0.6335,0.0758
6,0,10,9,0.8288,0.8318,0.9433,0.7897,0.0248
6,0,10,10,0.6773,0.6652,0.8616,0.6334,0.0757
6,0,10,11,0.7225,0.7537,0.9383,0.6721,0.0457
6,0,11,0,0.7546,0.7407,0.9702,0.6776,0.0289
6,0,11,1,0.7348,0.7353,0.9173,0.6870,0.0513
6,0,11,2,0.6868,0.6750,0.8878,0.6414,0.0715
6,0,11,3,0.8047,0.8397,0.9945,0.7531,0.0165
6,0,11,4,0.7499,0.7474,0.9517,0.7018,0.0464
6,0,11,5,0.6898,0.6934,0.8948,0.6430,0.0645
6,0,11,6,0.6843,0.6713,0.8684,0.6401,0.0737
6,0,11,7,0.7340,0.7316,0.9113,0.6893,0.0560
6,0,11,8,0.4863,0.7008,0.9822,0.3539,0.0117
6,0,11,9,0.6935,0.6820,0.8731,0.6493,0.0714
6,0,11,10,0.7916,0.8113,0.9906,0.7422,0.0248
6,0,11,11,0.8064,0.8108,0.9419,0.7655,0.0325
6,1,0,0,0.8476,0.8606,0.9410,0.8317,0.0660
6,1,0,1,0.1304,0.1990,0.9888,0.0324,0.0091
6,1,0,2,0.8465,0.8277,0.8409,0.8342,0.0745
6,1,0,3,0.2246,0.2260,0.9616,0.1299,0.0113
6,1,0,4,0.4292,0.4057,0.9650,0.3448,0.0390
6,1,0,5,0.1827,0.2056,0.9768,0.0870,0.0056
6,1,0,6,0.7848,0.7826,0.9584,0.7572,0.0757
6,1,0,7,0.6451,0.6303,0.8714,0.5881,0.0805
6,1,0,8,0.6088,0.6099,0.9293,0.5438,0.0767
6,1,0,9,0.7943,0.7645,0.7550,0.7747,0.0847
6,1,0,10,0.7366,0.7077,0.8225,0.7020,0.0841
6,1,0,11,0.8299,0.8022,0.8643,0.8158,0.0773
6,1,1,0,0.7158,0.7276,0.9592,0.6736,0.0724
6,1,1,1,0.8383,0.8220,0.9762,0.8186,0.0589
6,1,1,2,0.8289,0.8192,0.9704,0.8091,0.0693
6,1,1,3,0.8978,0.8664,0.8861,0.8917,0.0579
6,1,1,4,0.9234,0.9138,0.9746,0.9185,0.0516
6,1,1,5,0.9074,0.9058,0.9894,0.8972,0.0425
6,1,1,6,0.8229,0.8581,0.9889,0.7999,0.0548
6,1,1,7,0.9130,0.9076,0.9828,0.9055,0.0510
6,1,1,8,0.9224,0.9248,0.9488,0.9172,0.0509
6,1,1,9,0.9360,0.9476,0.9867,0.9297,0.0367
6,1,1,10,0.1977,0.5388,0.8814,0.0415,0.0816
6,1,1,11,0.3160,0.2940,0.9796,0.2268,0.0165
6,1,2,0,0.8019,0.7966,0.9328,0.7772,0.0712
6,1,2,1,0.9568,0.9609,0.9999,0.9515,0.0148
6,1,2,2,0.4331,0.5123,0.9344,0.3437,0.0496
6,1,2,3,0.6491,0.6656,0.9735,0.5943,0.0651
6,1,2,4,0.8984,0.9084,0.9933,0.8866,0.0428
6,1,2,5,0.7202,0.7037,0.9366,0.6789,0.0685
6,1,2,6,0.9693,0.9704,1.0000,0.9655,0.0106
6,1,2,7,0.7367,0.7221,0.9204,0.6999,0.0781
6,1,2,8,0.7579,0.7210,0.9223,0.7237,0.0624
6,1,2,9,0.5381,0.5397,0.9263,0.4623,0.0632
6,1,2,10,0.8463,0.8211,0.9440,0.8306,0.0698
6,1,2,11,0.9557,0.9541,0.9989,0.9510,0.0251
6,1,3,0,0.9512,0.9583,0.9989,0.9454,0.0071
6,1,3,1,0.8968,0.8924,0.9263,0.8852,0.0471
6,1,3,2,0.4249,0.5391,0.9507,0.3329,0.0517
6,1,3,3,0.9173,0.9258,0.9961,0.9069,0.0220
6,1,3,4,0.9559,0.9593,0.9992,0.9509,0.0084
6,1,3,5,0.9531,0.9494,0.9846,0.9495,0.0380
6,1,3,6,0.6050,0.5991,0.9197,0.5400,0.0715
6,1,3,7,0.6042,0.5819,0.9696,0.5432,0.0543
6,1,3,8,0.7627,0.7243,0.8755,0.7295,0.0659
6,1,3,9,0.6234,0.7279,0.9333,0.5713,0.0293
6,1,3,10,0.9380,0.9232,0.9997,0.9310,0.0289
6,1,3,11,0.7063,0.7201,0.9826,0.6628,0.0544
6,1,4,0,0.6000,0.6301,0.9199,0.5451,0.0265
6,1,4,1,0.8503,0.9112,0.9391,0.8310,0.0474
6,1,4,2,0.9574,0.9601,0.9997,0.9522,0.0132
6,1,4,3,0.7388,0.7709,0.9824,0.7010,0.0548
6,1,4,4,0.9593,0.9510,0.9963,0.9547,0.0209
6,1,4,5,0.6747,0.7421,0.9819,0.6267,0.0460
6,1,4,6,0.9239,0.9086,0.9697,0.9169,0.0455
6,1,4,7,0.5296,0.5062,0.9710,0.4589,0.0422
6,1,4,8,0.9730,0.9734,0.9995,0.9697,0.0070
6,1,4,9,0.9010,0.8731,0.8700,0.8918,0.0547
6,1,4,10,0.9619,0.9643,0.9996,0.9576,0.0070
6,1,4,11,0.2103,0.3455,0.9989,0.1236,0.0130
6,1,5,0,0.9337,0.9608,0.9986,0.9257,0.0064
6,1,5,1,0.9526,0.9572,0.9987,0.9478,0.0125
6,1,5,2,0.8171,0.7884,0.9026,0.7933,0.0584
6,1,5,3,0.7966,0.8062,0.8410,0.7706,0.0674
6,1,5,4,0.7473,0.6976,0.9215,0.7108,0.0509
6,1,5,5,0.9542,0.9593,0.9997,0.9489,0.0055
6,1,5,6,0.8947,0.8911,0.9998,0.8812,0.0227
6,1,5,7,0.9140,0.9248,0.9801,0.9032,0.0227
6,1,5,8,0.9330,0.9520,1.0000,0.9246,0.0123
6,1,5,9,0.9596,0.9620,0.9995,0.9550,0.0070
6,1,5,10,0.9516,0.9520,0.9989,0.9458,0.0181
6,1,5,11,0.9623,0.9580,0.9999,0.9578,0.0135
6,1,6,0,0.6826,0.6915,0.8819,0.6339,0.0651
6,1,6,1,1.0000,1.0000,1.0000,1.0000,0.0000
6,1,6,2,0.9588,0.9642,0.9995,0.9537,0.0093
6,1,6,3,0.9736,0.9699,1.0000,0.9705,0.0159
6,1,6,4,0.8935,0.9086,0.9988,0.8808,0.0396
6,1,6,5,0.9669,0.9594,0.9981,0.9638,0.0260
6,1,6,6,0.9593,0.9610,0.9999,0.9544,0.0051
6,1,6,7,0.9221,0.9175,0.9983,0.9137,0.0391
6,1,6,8,0.8981,0.9135,0.9920,0.8858,0.0395
6,1,6,9,0.9528,0.9583,0.9992,0.9478,0.0118
6,1,6,10,0.9590,0.9612,0.9990,0.9544,0.0092
6,1,6,11,0.7520,0.8011,0.8642,0.7166,0.0610
6,1,7,0,0.6125,0.6901,0.9827,0.5564,0.0409
6,1,7,1,0.9712,0.9719,0.9998,0.9677,0.0068
6,1,7,2,0.9534,0.9620,0.9990,0.9485,0.0110
6,1,7,3,0.8988,0.9404,0.9963,0.8863,0.0357
6,1,7,4,0.8931,0.9433,0.9987,0.8794,0.0289
6,1,7,5,0.9628,0.9644,0.9947,0.9588,0.0219
6,1,7,6,0.9709,0.9725,0.9996,0.9673,0.0056
6,1,7,7,0.9724,0.9719,0.9995,0.9691,0.0050
6,1,7,8,0.9434,0.9399,0.9875,0.9376,0.0341
6,1,7,9,0.8187,0.9113,0.9231,0.7941,0.0378
6,1,7,10,0.9579,0.9607,0.9996,0.9533,0.0102
6,1,7,11,0.9540,0.9625,0.9994,0.9489,0.0094
6,1,8,0,0.9424,0.9554,0.9956,0.9353,0.0140
6,1,8,1,0.9760,0.9775,0.9998,0.9733,0.0064
6,1,8,2,0.9662,0.9679,0.9991,0.9623,0.0156
6,1,8,3,0.9732,0.9752,0.9999,0.9700,0.0030
6,1,8,4,0.7368,0.8499,0.9284,0.6993,0.0436
6,1,8,5,0.7962,0.8790,0.9686,0.7681,0.0488
6,1,8,6,0.9739,0.9755,0.9993,0.9709,0.0054
6,1,8,7,0.6645,0.7082,0.9662,0.6163,0.0413
6,1,8,8,0.9193,0.9316,0.9954,0.9099,0.0331
6,1,8,9,0.9760,0.9758,0.9999,0.9734,0.0185
6,1,8,10,0.9532,0.9608,0.9973,0.9477,0.0185
6,1,8,11,0.9547,0.9582,0.9995,0.9493,0.0056
6,1,9,0,0.9234,0.9321,0.9997,0.9138,0.0117
6,1,9,1,0.9774,0.9787,1.0000,0.9748,0.0042
6,1,9,2,0.9835,0.9843,1.0000,0.9815,0.0035
6,1,9,3,0.6695,0.7101,0.8905,0.6184,0.0631
6,1,9,4,0.9713,0.9738,0.9996,0.9680,0.0047
6,1,9,5,0.9483,0.9541,0.9999,0.9419,0.0100
6,1,9,6,0.9576,0.9604,0.9990,0.9530,0.0112
6,1,9,7,0.9551,0.9581,0.9999,0.9499,0.0222
6,1,9,8,0.9606,0.9630,0.9993,0.9560,0.0070
6,1,9,9,0.9605,0.9630,0.9993,0.9562,0.0108
6,1,9,10,0.7772,0.8315,0.9633,0.7459,0.0498
6,1,9,11,0.9554,0.9587,0.9993,0.9505,0.0109
6,1,10,0,0.9582,0.9618,0.9990,0.9534,0.0071
6,1,10,1,0.9659,0.9679,0.9991,0.9621,0.0075
6,1,10,2,0.9617,0.9664,0.9999,0.9572,0.0068
6,1,10,3,0.9584,0.9713,0.9974,0.9533,0.0092
6,1,10,4,0.9306,0.9363,0.9971,0.9219,0.0195
6,1,10,5,0.8377,0.9065,0.9882,0.8160,0.0346
6,1,10,6,0.9574,0.9616,0.9994,0.9523,0.0049
6,1,10,7,0.9612,0.9639,1.0000,0.9565,0.0085
6,1,10,8,0.9574,0.9602,0.9993,0.9527,0.0108
6,1,10,9,0.8361,0.8746,0.9884,0.8144,0.0437
6,1,10,10,0.9582,0.9610,0.9991,0.9537,0.0106
6,1,10,11,0.7835,0.8023,0.9905,0.7550,0.0207
6,1,11,0,0.5697,0.6127,0.7414,0.4938,0.0889
6,1,11,1,0.9639,0.9673,0.9967,0.9597,0.0164
6,1,11,2,0.9595,0.9629,0.9999,0.9548,0.0070
6,1,11,3,0.8624,0.8687,0.9263,0.8479,0.0580
6,1,11,4,0.9594,0.9583,0.9840,0.9551,0.0234
6,1,11,5,0.9938,0.9937,0.9996,0.9930,0.0060
6,1,11,6,0.9613,0.9638,0.9996,0.9569,0.0087
6,1,11,7,0.9601,0.9632,0.9978,0.9552,0.0122
6,1,11,8,0.1744,0.4996,0.9548,0.0330,0.0615
6,1,11,9,0.9669,0.9682,0.9998,0.9630,0.0066
6,1,11,10,0.9197,0.9127,0.9382,0.9124,0.0447
6,1,11,11,0.9130,0.9438,0.9890,0.9028,0.0338
6,2,0,0,0.8927,0.8885,0.9514,0.8829,0.0619
6,2,0,1,0.1330,0.2121,0.9931,0.0312,0.0157
6,2,0,2,0.8652,0.8531,0.8579,0.8535,0.0704
6,2,0,3,0.2281,0.2374,0.9700,0.1297,0.0159
6,2,0,4,0.4356,0.4235,0.9729,0.3481,0.0349
6,2,0,5,0.1879,0.2152,0.9832,0.0887,0.0126
6,2,0,6,0.8077,0.8130,0.9671,0.7813,0.0716
6,2,0,7,0.6717,0.6670,0.8868,0.6160,0.0765
6,2,0,8,0.6292,0.6200,0.9407,0.5638,0.0727
6,2,0,9,0.8195,0.7974,0.7758,0.8018,0.0807
6,2,0,10,0.7630,0.7324,0.8404,0.7301,0.0800
6,2,0,11,0.8573,0.8382,0.8801,0.8457,0.0732
6,2,1,0,0.7545,0.7471,0.9678,0.7165,0.0686
6,2,1,1,0.8722,0.8587,0.9827,0.8561,0.0551
6,2,1,2,0.8557,0.8546,0.9777,0.8382,0.0652
6,2,1,3,0.9385,0.9094,0.9005,0.9379,0.0538
6,2,1,4,0.9512,0.9494,0.9813,0.9492,0.0459
6,2,1,5,0.9392,0.9401,0.9935,0.9326,0.0384
6,2,1,6,0.8805,0.8752,0.9932,0.8653,0.0510
6,2,1,7,0.9419,0.9416,0.9882,0.9376,0.0459
6,2,1,8,0.9465,0.9516,0.9585,0.9437,0.0468
6,2,1,9,0.9655,0.9751,0.9914,0.9625,0.0327
6,2,1,10,0.2141,0.5704,0.8962,0.0543,0.0778
6,2,1,11,0.3327,0.3047,0.9855,0.2419,0.0172
6,2,2,0,0.8357,0.8226,0.9440,0.8146,0.0672
6,2,2,1,0.9891,0.9928,0.9999,0.9877,0.0102
6,2,2,2,0.4597,0.5506,0.9454,0.3704,0.0460
6,2,2,3,0.6848,0.6943,0.9804,0.6330,0.0613
6,2,2,4,0.9348,0.9387,0.9965,0.9273,0.0390
6,2,2,5,0.7513,0.7455,0.9475,0.7126,0.0644
6,2,2,6,0.9852,0.9911,0.9995,0.9832,0.0076
6,2,2,7,0.7578,0.7573,0.9326,0.7216,0.0740
6,2,2,8,0.7820,0.7660,0.9343,0.7491,0.0584
6,2,2,9,0.5604,0.5741,0.9380,0.4844,0.0592
6,2,2,10,0.8734,0.8590,0.9541,0.8601,0.0655
6,2,2,11,0.9920,0.9927,0.9999,0.9916,0.0184
6,2,3,0,0.9928,0.9916,0.9968,0.9920,0.0096
6,2,3,1,0.9257,0.9180,0.9380,0.9171,0.0433
6,2,3,2,0.4333,0.5490,0.9602,0.3381,0.0476
6,2,3,3,0.9545,0.9646,0.9985,0.9484,0.0203
6,2,3,4,0.9962,0.9954,0.9974,0.9962,0.0125
6,2,3,5,0.9644,0.9659,0.9897,0.9613,0.0335
6,2,3,6,0.6137,0.6165,0.9319,0.5459,0.0674
6,2,3,7,0.6209,0.6107,0.9770,0.5591,0.0502
6,2,3,8,0.7940,0.7610,0.8907,0.7636,0.0618
6,2,3,9,0.5974,0.7334,0.9444,0.5386,0.0273
6,2,3,10,0.9726,0.9585,1.0000,0.9697,0.0251
6,2,3,11,0.7181,0.7450,0.9881,0.6735,0.0506
6,2,4,0,0.6660,0.6632,0.9320,0.6180,0.0245
6,2,4,1,0.9152,0.9059,0.9497,0.9049,0.0433
6,2,4,2,0.9951,0.9953,1.0000,0.9946,0.0066
6,2,4,3,0.7515,0.7846,0.9879,0.7129,0.0508
6,2,4,4,0.9821,0.9788,0.9986,0.9800,0.0168
6,2,4,5,0.7352,0.7649,0.9875,0.6944,0.0422
6,2,4,6,0.9343,0.9307,0.9771,0.9273,0.0415
6,2,4,7,0.5406,0.5307,0.9782,0.4679,0.0387
6,2,4,8,0.9946,0.9956,0.9979,0.9939,0.0047
6,2,4,9,0.8994,0.8822,0.8855,0.8877,0.0506
6,2,4,10,0.9960,0.9953,0.9983,0.9958,0.0110
6,2,4,11,0.2238,0.3631,0.9969,0.1350,0.0171
6,2,5,0,0.9855,0.9746,0.9963,0.9837,0.0118
6,2,5,1,0.9934,0.9917,0.9965,0.9935,0.0165
6,2,5,2,0.8086,0.7927,0.9160,0.7804,0.0543
6,2,5,3,0.8551,0.8210,0.8580,0.8376,0.0634
6,2,5,4,0.7713,0.7404,0.9336,0.7362,0.0468
6,2,5,5,0.9964,0.9951,0.9984,0.9962,0.0096
6,2,5,6,0.9353,0.9224,0.9986,0.9265,0.0231
6,2,5,7,0.9168,0.9340,0.9860,0.9053,0.0218
6,2,5,8,0.9846,0.9807,0.9992,0.9826,0.0125
6,2,5,9,0.9967,0.9958,0.9981,0.9966,0.0108
6,2,5,10,0.9818,0.9790,0.9999,0.9795,0.0153
6,2,5,11,0.9897,0.9891,0.9999,0.9884,0.0102
6,2,6,0,0.7194,0.7176,0.8966,0.6743,0.0613
6,2,6,1,0.9588,0.9642,0.9995,0.9537,0.0093
6,2,6,2,1.0000,1.0000,1.0000,1.0000,0.0000
6,2,6,3,0.9712,0.9762,0.9994,0.9674,0.0139
6,2,6,4,0.9478,0.9466,0.9999,0.9421,0.0356
6,2,6,5,0.9825,0.9814,0.9996,0.9808,0.0209
6,2,6,6,0.9971,0.9960,0.9988,0.9969,0.0066
6,2,6,7,0.9212,0.9298,0.9997,0.9111,0.0353
6,2,6,8,0.9338,0.9284,0.9955,0.9256,0.0354
6,2,6,9,0.9934,0.9921,0.9973,0.9934,0.0159
6,2,6,10,0.9954,0.9943,0.9971,0.9952,0.0132
6,2,6,11,0.8134,0.7968,0.8800,0.7865,0.0569
6,2,7,0,0.6817,0.7361,0.9881,0.6335,0.0387
6,2,7,1,0.9903,0.9922,0.9987,0.9891,0.0091
6,2,7,2,0.9941,0.9933,0.9970,0.9941,0.0151
6,2,7,3,0.9570,0.9495,0.9985,0.9522,0.0314
6,2,7,4,0.9398,0.9279,0.9998,0.9317,0.0253
6,2,7,5,0.9891,0.9907,0.9975,0.9881,0.0157
6,2,7,6,0.9947,0.9969,0.9981,0.9941,0.0045
6,2,7,7,0.9948,0.9955,0.9981,0.9943,0.0085
6,2,7,8,0.9396,0.9410,0.9921,0.9320,0.0306
6,2,7,9,0.8960,0.8649,0.9351,0.8817,0.0337
6,2,7,10,0.9943,0.9932,0.9983,0.9942,0.0143
6,2,7,11,0.9948,0.9944,0.9977,0.9947,0.0138
6,2,8,0,0.9894,0.9902,0.9981,0.9881,0.0073
6,2,8,1,0.9935,0.9936,0.9986,0.9931,0.0118
6,2,8,2,0.9958,0.9976,1.0000,0.9954,0.0094
6,2,8,3,0.9920,0.9945,0.9991,0.9911,0.0084
6,2,8,4,0.7930,0.8650,0.9399,0.7622,0.0397
6,2,8,5,0.8828,0.8502,0.9761,0.8670,0.0447
6,2,8,6,0.9934,0.9944,0.9975,0.9928,0.0110
6,2,8,7,0.7322,0.7651,0.9740,0.6919,0.0399
6,2,8,8,0.9674,0.9671,0.9980,0.9641,0.0282
6,2,8,9,0.9810,0.9871,0.9998,0.9786,0.0142
6,2,8,10,0.9919,0.9913,0.9991,0.9911,0.0131
6,2,8,11,0.9949,0.9953,0.9979,0.9944,0.0076
6,2,9,0,0.9675,0.9741,0.9983,0.9632,0.0129
6,2,9,1,0.9924,0.9934,0.9994,0.9917,0.0101
6,2,9,2,0.9883,0.9914,0.9992,0.9868,0.0084
6,2,9,3,0.7488,0.7262,0.9047,0.7094,0.0590
6,2,9,4,0.9943,0.9948,0.9982,0.9938,0.0101
6,2,9,5,0.9920,0.9928,0.9990,0.9909,0.0054
6,2,9,6,0.9940,0.9927,0.9970,0.9940,0.0152
6,2,9,7,0.9768,0.9830,0.9998,0.9739,0.0186
6,2,9,8,0.9954,0.9950,0.9975,0.9952,0.0105
6,2,9,9,0.9945,0.9932,0.9975,0.9944,0.0148
6,2,9,10,0.8369,0.8290,0.9715,0.8133,0.0458
6,2,9,11,0.9949,0.9935,0.9976,0.9949,0.0150
6,2,10,0,0.9936,0.9936,0.9971,0.9930,0.0101
6,2,10,1,0.9941,0.9937,0.9973,0.9938,0.0115
6,2,10,2,0.9967,0.9962,0.9989,0.9966,0.0091
6,2,10,3,0.9950,0.9951,0.9992,0.9943,0.0043
6,2,10,4,0.9679,0.9725,0.9990,0.9637,0.0160
6,2,10,5,0.8935,0.8696,0.9926,0.8786,0.0324
6,2,10,6,0.9925,0.9941,0.9978,0.9917,0.0068
6,2,10,7,0.9954,0.9955,0.9996,0.9948,0.0045
6,2,10,8,0.9943,0.9930,0.9976,0.9942,0.0148
6,2,10,9,0.8998,0.8688,0.9928,0.8867,0.0396
6,2,10,10,0.9940,0.9928,0.9973,0.9938,0.0147
6,2,10,11,0.8299,0.8532,0.9944,0.8064,0.0201
6,2,11,0,0.6160,0.6204,0.7626,0.5463,0.0849
6,2,11,1,0.9916,0.9950,0.9988,0.9907,0.0105
6,2,11,2,0.9953,0.9943,0.9998,0.9949,0.0102
6,2,11,3,0.8860,0.9002,0.9380,0.8734,0.0539
6,2,11,4,0.9938,0.9937,0.9893,0.9936,0.0159
6,2,11,5,0.9803,0.9838,1.0000,0.9780,0.0146
6,2,11,6,0.9948,0.9939,0.9982,0.9945,0.0127
6,2,11,7,0.9947,0.9940,0.9994,0.9941,0.0060
6,2,11,8,0.1986,0.5286,0.9639,0.0556,0.0577
6,2,11,9,0.9961,0.9956,0.9987,0.9959,0.0101
6,2,11,10,0.9452,0.9423,0.9489,0.9403,0.0407
6,2,11,11,0.9663,0.9653,0.9933,0.9631,0.0298
6,3,0,0,0.8910,0.9029,0.9405,0.8787,0.0512
6,3,0,1,0.1343,0.2238,0.9885,0.0295,0.0236
6,3,0,2,0.8676,0.8576,0.8401,0.8537,0.0610
6,3,0,3,0.2352,0.2533,0.9612,0.1347,0.0143
6,3,0,4,0.4506,0.4455,0.9646,0.3625,0.0254
6,3,0,5,0.1879,0.2260,0.9765,0.0857,0.0173
6,3,0,6,0.8225,0.8302,0.9580,0.7968,0.0614
6,3,0,7,0.6918,0.6905,0.8707,0.6372,0.0665
6,3,0,8,0.6373,0.6311,0.9287,0.5700,0.0630
6,3,0,9,0.8311,0.8077,0.7541,0.8130,0.0702
6,3,0,10,0.7668,0.7433,0.8216,0.7313,0.0701
6,3,0,11,0.8677,0.8465,0.8636,0.8559,0.0630
6,3,1,0,0.7645,0.7797,0.9588,0.7258,0.0589
6,3,1,1,0.8855,0.8826,0.9759,0.8702,0.0451
6,3,1,2,0.8795,0.8820,0.9700,0.8647,0.0550
6,3,1,3,0.9134,0.8868,0.8854,0.9057,0.0475
6,3,1,4,0.9575,0.9563,0.9743,0.9553,0.0394
6,3,1,5,0.9427,0.9493,0.9891,0.9356,0.0303
6,3,1,6,0.8691,0.8957,0.9887,0.8501,0.0424
6,3,1,7,0.9492,0.9493,0.9825,0.9448,0.0380
6,3,1,8,0.9453,0.9494,0.9483,0.9407,0.0379
6,3,1,9,0.9603,0.9708,0.9864,0.9556,0.0256
6,3,1,10,0.2249,0.5976,0.8807,0.0619,0.0673
6,3,1,11,0.3250,0.3131,0.9793,0.2303,0.0174
6,3,2,0,0.8449,0.8410,0.9323,0.8233,0.0569
6,3,2,1,0.9640,0.9696,0.9999,0.9589,0.0118
6,3,2,2,0.4767,0.5796,0.9339,0.3870,0.0379
6,3,2,3,0.6964,0.7234,0.9732,0.6441,0.0510
6,3,2,4,0.9231,0.9386,0.9931,0.9126,0.0303
6,3,2,5,0.7645,0.7637,0.9361,0.7257,0.0550
6,3,2,6,0.9820,0.9850,1.0000,0.9795,0.0110
6,3,2,7,0.7841,0.7864,0.9199,0.7507,0.0635
6,3,2,8,0.7954,0.7738,0.9217,0.7628,0.0492
6,3,2,9,0.5878,0.6086,0.9258,0.5139,0.0495
6,3,2,10,0.8948,0.8836,0.9435,0.8838,0.0552
6,3,2,11,0.9712,0.9748,0.9988,0.9673,0.0205
6,3,3,0,0.9543,0.9635,0.9989,0.9487,0.0172
6,3,3,1,0.9127,0.9053,0.9257,0.9007,0.0354
6,3,3,2,0.4460,0.5790,0.9502,0.3494,0.0374
6,3,3,3,0.9134,0.9247,0.9960,0.9008,0.0167
6,3,3,4,0.9599,0.9651,0.9992,0.9557,0.0232
6,3,3,5,0.9741,0.9733,0.9843,0.9717,0.0245
6,3,3,6,0.6424,0.6517,0.9191,0.5774,0.0577
6,3,3,7,0.6341,0.6250,0.9692,0.5720,0.0411
6,3,3,8,0.7890,0.7560,0.8748,0.7552,0.0539
6,3,3,9,0.6189,0.7290,0.9328,0.5614,0.0192
6,3,3,10,0.9563,0.9497,0.9996,0.9503,0.0190
6,3,3,11,0.7379,0.7703,0.9824,0.6946,0.0420
6,3,4,0,0.6313,0.6546,0.9193,0.5762,0.0190
6,3,4,1,0.8724,0.8962,0.9386,0.8533,0.0341
6,3,4,2,0.9663,0.9688,0.9997,0.9616,0.0131
6,3,4,3,0.7999,0.8375,0.9821,0.7680,0.0413
6,3,4,4,0.9850,0.9862,0.9962,0.9830,0.0100
6,3,4,5,0.7044,0.7656,0.9816,0.6563,0.0338
6,3,4,6,0.9629,0.9597,0.9693,0.9597,0.0312
6,3,4,7,0.5647,0.5616,0.9706,0.4933,0.0321
6,3,4,8,0.9823,0.9837,0.9995,0.9801,0.0121
6,3,4,9,0.9138,0.8879,0.8693,0.9032,0.0417
6,3,4,10,0.9639,0.9683,0.9997,0.9600,0.0218
6,3,4,11,0.2402,0.3973,0.9990,0.1507,0.0278
6,3,5,0,0.9611,0.9765,0.9986,0.9563,0.0136
6,3,5,1,0.9531,0.9595,0.9988,0.9488,0.0273
6,3,5,2,0.8570,0.8347,0.9020,0.8360,0.0454
6,3,5,3,0.8401,0.8272,0.8402,0.8172,0.0531
6,3,5,4,0.7879,0.7496,0.9210,0.7538,0.0392
6,3,5,5,0.9604,0.9665,0.9997,0.9560,0.0201
6,3,5,6,0.8999,0.8967,0.9998,0.8855,0.0192
6,3,5,7,0.9034,0.9149,0.9798,0.8892,0.0189
6,3,5,8,0.9557,0.9711,1.0000,0.9496,0.0109
6,3,5,9,0.9639,0.9675,0.9996,0.9599,0.0215
6,3,5,10,0.9788,0.9821,0.9988,0.9758,0.0098
6,3,5,11,0.9828,0.9839,0.9998,0.9803,0.0071
6,3,6,0,0.7425,0.7461,0.8812,0.6992,0.0526
6,3,6,1,0.9736,0.9699,1.0000,0.9705,0.0159
6,3,6,2,0.9712,0.9762,0.9994,0.9674,0.0139
6,3,6,3,1.0000,1.0000,1.0000,1.0000,0.0000
6,3,6,4,0.9214,0.9319,0.9987,0.9104,0.0277
6,3,6,5,0.9889,0.9883,0.9980,0.9878,0.0153
6,3,6,6,0.9642,0.9686,0.9999,0.9599,0.0178
6,3,6,7,0.9598,0.9631,0.9982,0.9551,0.0258
6,3,6,8,0.9255,0.9382,0.9918,0.9149,0.0268
6,3,6,9,0.9538,0.9606,0.9992,0.9495,0.0266
6,3,6,10,0.9615,0.9660,0.9991,0.9576,0.0240
6,3,6,11,0.7794,0.7958,0.8635,0.7436,0.0480
6,3,7,0,0.6057,0.6849,0.9824,0.5431,0.0300
6,3,7,1,0.9794,0.9797,0.9999,0.9766,0.0117
6,3,7,2,0.9569,0.9658,0.9990,0.9527,0.0258
6,3,7,3,0.9422,0.9657,0.9962,0.9342,0.0222
6,3,7,4,0.9322,0.9565,0.9987,0.9224,0.0151
6,3,7,5,0.9660,0.9676,0.9946,0.9612,0.0163
6,3,7,6,0.9769,0.9780,0.9996,0.9739,0.0142
6,3,7,7,0.9775,0.9799,0.9996,0.9750,0.0172
6,3,7,8,0.9442,0.9495,0.9873,0.9364,0.0235
6,3,7,9,0.8552,0.8784,0.9226,0.8332,0.0258
6,3,7,10,0.9579,0.9628,0.9997,0.9537,0.0251
6,3,7,11,0.9578,0.9666,0.9994,0.9534,0.0243
6,3,8,0,0.9439,0.9536,0.9954,0.9360,0.0139
6,3,8,1,0.9720,0.9741,0.9998,0.9693,0.0213
6,3,8,2,0.9797,0.9801,0.9991,0.9768,0.0142
6,3,8,3,0.9767,0.9758,1.0000,0.9739,0.0152
6,3,8,4,0.7451,0.8461,0.9278,0.7045,0.0321
6,3,8,5,0.8492,0.8695,0.9682,0.8261,0.0350
6,3,8,6,0.9756,0.9757,0.9993,0.9732,0.0202
6,3,8,7,0.6533,0.6994,0.9658,0.5984,0.0307
6,3,8,8,0.9361,0.9465,0.9953,0.9271,0.0222
6,3,8,9,0.9889,0.9881,0.9999,0.9873,0.0102
6,3,8,10,0.9669,0.9740,0.9972,0.9622,0.0144
6,3,8,11,0.9571,0.9617,0.9995,0.9520,0.0186
6,3,9,0,0.9235,0.9313,0.9997,0.9130,0.0105
6,3,9,1,0.9723,0.9742,1.0000,0.9692,0.0182
6,3,9,2,0.9731,0.9725,1.0000,0.9697,0.0134
6,3,9,3,0.6907,0.7038,0.8898,0.6371,0.0491
6,3,9,4,0.9724,0.9737,0.9997,0.9695,0.0190
6,3,9,5,0.9532,0.9606,0.9999,0.9469,0.0135
6,3,9,6,0.9573,0.9618,0.9990,0.9532,0.0260
6,3,9,7,0.9812,0.9841,0.9999,0.9787,0.0100
6,3,9,8,0.9612,0.9646,0.9993,0.9569,0.0213
6,3,9,9,0.9601,0.9644,0.9993,0.9563,0.0256
6,3,9,10,0.8146,0.8481,0.9629,0.7854,0.0366
6,3,9,11,0.9565,0.9618,0.9994,0.9522,0.0257
6,3,10,0,0.9575,0.9619,0.9991,0.9527,0.0209
6,3,10,1,0.9646,0.9675,0.9992,0.9609,0.0223
6,3,10,2,0.9668,0.9726,0.9999,0.9631,0.0198
6,3,10,3,0.9660,0.9720,0.9973,0.9614,0.0143
6,3,10,4,0.9245,0.9268,0.9970,0.9136,0.0092
6,3,10,5,0.8907,0.9164,0.9880,0.8744,0.0209
6,3,10,6,0.9575,0.9621,0.9994,0.9523,0.0173
6,3,10,7,0.9627,0.9666,1.0000,0.9578,0.0155
6,3,10,8,0.9576,0.9625,0.9994,0.9533,0.0256
6,3,10,9,0.8945,0.9079,0.9882,0.8792,0.0299
6,3,10,10,0.9574,0.9616,0.9992,0.9532,0.0254
6,3,10,11,0.7647,0.7818,0.9903,0.7308,0.0159
6,3,11,0,0.6139,0.6172,0.7404,0.5391,0.0744
6,3,11,1,0.9677,0.9693,0.9966,0.9631,0.0131
6,3,11,2,0.9590,0.9633,0.9999,0.9544,0.0223
6,3,11,3,0.8594,0.8615,0.9258,0.8395,0.0450
6,3,11,4,0.9664,0.9670,0.9838,0.9617,0.0201
6,3,11,5,0.9808,0.9794,0.9996,0.9787,0.0161
6,3,11,6,0.9609,0.9645,0.9997,0.9567,0.0237
6,3,11,7,0.9724,0.9751,0.9977,0.9686,0.0110
6,3,11,8,0.1998,0.5478,0.9544,0.0521,0.0478
6,3,11,9,0.9691,0.9720,0.9999,0.9657,0.0209
6,3,11,10,0.9212,0.9121,0.9377,0.9109,0.0317
6,3,11,11,0.9363,0.9541,0.9888,0.9274,0.0230
6,4,0,0,0.9501,0.9526,0.9566,0.9413,0.0295
6,4,0,1,0.2217,0.3181,0.9949,0.1109,0.0479
6,4,0,2,0.9094,0.9008,0.8667,0.8926,0.0380
6,4,0,3,0.3361,0.3482,0.9740,0.2335,0.0338
6,4,0,4,0.5585,0.5536,0.9768,0.4737,0.0098
6,4,0,5,0.2806,0.3153,0.9862,0.1742,0.0421
6,4,0,6,0.9068,0.9196,0.9713,0.8883,0.0387
6,4,0,7,0.7823,0.7926,0.8946,0.7322,0.0430
6,4,0,8,0.6838,0.6921,0.9464,0.6077,0.0397
6,4,0,9,0.8776,0.8565,0.7866,0.8550,0.0478
6,4,0,10,0.8301,0.8016,0.8496,0.7933,0.0466
6,4,0,11,0.9268,0.9086,0.8882,0.9160,0.0405
6,4,1,0,0.8440,0.8459,0.9720,0.8099,0.0362
6,4,1,1,0.9112,0.9198,0.9857,0.8927,0.0219
6,4,1,2,0.9156,0.9260,0.9811,0.8985,0.0338
6,4,1,3,0.9412,0.9086,0.9079,0.9303,0.0222
6,4,1,4,0.9697,0.9680,0.9845,0.9639,0.0224
6,4,1,5,0.9362,0.9470,0.9953,0.9234,0.0073
6,4,1,6,0.9368,0.9412,0.9951,0.9239,0.0176
6,4,1,7,0.9679,0.9702,0.9907,0.9616,0.0188
6,4,1,8,0.9435,0.9570,0.9633,0.9321,0.0157
6,4,1,9,0.9452,0.9607,0.9935,0.9345,0.0092
6,4,1,10,0.3450,0.6790,0.9037,0.1799,0.0454
6,4,1,11,0.4251,0.4024,0.9883,0.3300,0.0268
6,4,2,0,0.9072,0.9129,0.9495,0.8883,0.0340
6,4,2,1,0.9513,0.9569,0.9994,0.9447,0.0264
6,4,2,2,0.5740,0.7045,0.9509,0.4856,0.0142
6,4,2,3,0.7750,0.8116,0.9837,0.7255,0.0283
6,4,2,4,0.9352,0.9448,0.9978,0.9223,0.0079
6,4,2,5,0.8425,0.8568,0.9528,0.8080,0.0310
6,4,2,6,0.9327,0.9459,0.9988,0.9238,0.0290
6,4,2,7,0.8632,0.8673,0.9387,0.8342,0.0413
6,4,2,8,0.8462,0.8762,0.9403,0.8128,0.0247
6,4,2,9,0.7186,0.7352,0.9438,0.6562,0.0257
6,4,2,10,0.9366,0.9291,0.9591,0.9249,0.0336
6,4,2,11,0.9664,0.9630,1.0000,0.9609,0.0214
6,4,3,0,0.9363,0.9378,0.9953,0.9305,0.0401
6,4,3,1,0.9058,0.9153,0.9438,0.8867,0.0112
6,4,3,2,0.5269,0.6886,0.9649,0.4271,0.0155
6,4,3,3,0.9228,0.9405,0.9993,0.9105,0.0213
6,4,3,4,0.9339,0.9301,0.9960,0.9292,0.0480
6,4,3,5,0.9464,0.9540,0.9920,0.9359,0.0142
6,4,3,6,0.7415,0.7656,0.9380,0.6818,0.0345
6,4,3,7,0.7139,0.7413,0.9805,0.6538,0.0176
6,4,3,8,0.8312,0.8367,0.8984,0.7944,0.0273
6,4,3,9,0.6495,0.8105,0.9499,0.5866,0.0164
6,4,3,10,0.9584,0.9537,0.9997,0.9510,0.0118
6,4,3,11,0.8083,0.8456,0.9906,0.7682,0.0174
6,4,4,0,0.7308,0.8014,0.9381,0.6834,0.0176
6,4,4,1,0.9243,0.9175,0.9550,0.9089,0.0132
6,4,4,2,0.9550,0.9553,0.9997,0.9495,0.0298
6,4,4,3,0.8457,0.8639,0.9904,0.8134,0.0186
6,4,4,4,0.9417,0.9414,0.9993,0.9325,0.0188
6,4,4,5,0.8023,0.8399,0.9901,0.7624,0.0130
6,4,4,6,0.9356,0.9397,0.9806,0.9226,0.0151
6,4,4,7,0.6604,0.6583,0.9816,0.5930,0.0136
6,4,4,8,0.9405,0.9438,0.9967,0.9341,0.0361
6,4,4,9,0.8915,0.8810,0.8934,0.8688,0.0164
6,4,4,10,0.9308,0.9309,0.9971,0.9254,0.0466
6,4,4,11,0.3310,0.5053,0.9954,0.2393,0.0526
6,4,5,0,0.9372,0.9306,0.9947,0.9311,0.0361
6,4,5,1,0.9239,0.9228,0.9949,0.9196,0.0521
6,4,5,2,0.8337,0.8392,0.9228,0.7981,0.0206
6,4,5,3,0.8979,0.8828,0.8668,0.8767,0.0307
6,4,5,4,0.8206,0.8328,0.9396,0.7831,0.0134
6,4,5,5,0.9375,0.9380,0.9973,0.9327,0.0449
6,4,5,6,0.9152,0.9190,0.9975,0.9019,0.0237
6,4,5,7,0.8947,0.9294,0.9887,0.8768,0.0206
6,4,5,8,0.9597,0.9674,0.9984,0.9552,0.0278
6,4,5,9,0.9355,0.9326,0.9968,0.9305,0.0463
6,4,5,10,0.9524,0.9507,1.0000,0.9454,0.0218
6,4,5,11,0.9447,0.9454,0.9995,0.9372,0.0264
6,4,6,0,0.8119,0.8285,0.9042,0.7706,0.0270
6,4,6,1,0.8935,0.9086,0.9988,0.8808,0.0396
6,4,6,2,0.9478,0.9466,0.9999,0.9421,0.0356
6,4,6,3,0.9214,0.9319,0.9987,0.9104,0.0277
6,4,6,4,1.0000,1.0000,1.0000,1.0000,0.0000
6,4,6,5,0.9495,0.9512,0.9999,0.9409,0.0184
6,4,6,6,0.9383,0.9381,0.9978,0.9328,0.0418
6,4,6,7,0.9232,0.9395,1.0000,0.9083,0.0087
6,4,6,8,0.9346,0.9358,0.9970,0.9219,0.0096
6,4,6,9,0.9249,0.9234,0.9959,0.9204,0.0514
6,4,6,10,0.9319,0.9296,0.9956,0.9270,0.0488
6,4,6,11,0.8553,0.8541,0.8881,0.8241,0.0230
6,4,7,0,0.7329,0.8321,0.9907,0.6819,0.0173
6,4,7,1,0.9370,0.9459,0.9977,0.9296,0.0333
6,4,7,2,0.9268,0.9270,0.9955,0.9222,0.0506
6,4,7,3,0.9583,0.9574,0.9993,0.9504,0.0134
6,4,7,4,0.9163,0.9204,1.0000,0.9019,0.0176
6,4,7,5,0.9492,0.9520,0.9986,0.9410,0.0206
6,4,7,6,0.9420,0.9429,0.9969,0.9360,0.0376
6,4,7,7,0.9336,0.9365,0.9968,0.9276,0.0420
6,4,7,8,0.9318,0.9463,0.9941,0.9191,0.0105
6,4,7,9,0.8985,0.8642,0.9410,0.8791,0.0068
6,4,7,10,0.9266,0.9257,0.9971,0.9217,0.0498
6,4,7,11,0.9315,0.9310,0.9964,0.9268,0.0491
6,4,8,0,0.9436,0.9361,0.9990,0.9361,0.0293
6,4,8,1,0.9246,0.9292,0.9975,0.9185,0.0460
6,4,8,2,0.9535,0.9562,1.0000,0.9471,0.0277
6,4,8,3,0.9319,0.9367,0.9982,0.9250,0.0392
6,4,8,4,0.7983,0.8864,0.9456,0.7587,0.0126
6,4,8,5,0.9281,0.8979,0.9797,0.9135,0.0134
6,4,8,6,0.9267,0.9320,0.9961,0.9204,0.0450
6,4,8,7,0.7715,0.8488,0.9778,0.7278,0.0164
6,4,8,8,0.9800,0.9799,0.9989,0.9763,0.0102
6,4,8,9,0.9363,0.9472,0.9993,0.9266,0.0232
6,4,8,10,0.9569,0.9543,0.9997,0.9505,0.0232
6,4,8,11,0.9437,0.9405,0.9967,0.9392,0.0432
6,4,9,0,0.9542,0.9559,0.9972,0.9491,0.0290
6,4,9,1,0.9268,0.9319,0.9986,0.9200,0.0430
6,4,9,2,0.9330,0.9381,0.9983,0.9257,0.0371
6,4,9,3,0.8008,0.8062,0.9119,0.7570,0.0258
6,4,9,4,0.9285,0.9348,0.9970,0.9221,0.0438
6,4,9,5,0.9541,0.9507,0.9981,0.9493,0.0333
6,4,9,6,0.9274,0.9260,0.9955,0.9228,0.0508
6,4,9,7,0.9532,0.9666,0.9994,0.9460,0.0185
6,4,9,8,0.9370,0.9363,0.9961,0.9323,0.0460
6,4,9,9,0.9269,0.9266,0.9961,0.9219,0.0504
6,4,9,10,0.8603,0.8805,0.9754,0.8315,0.0136
6,4,9,11,0.9291,0.9269,0.9963,0.9245,0.0505
6,4,10,0,0.9364,0.9341,0.9957,0.9316,0.0457
6,4,10,1,0.9294,0.9285,0.9958,0.9239,0.0471
6,4,10,2,0.9365,0.9351,0.9980,0.9314,0.0446
6,4,10,3,0.9375,0.9344,0.9998,0.9300,0.0344
6,4,10,4,0.9450,0.9558,0.9996,0.9367,0.0201
6,4,10,5,0.8732,0.8618,0.9946,0.8503,0.0136
6,4,10,6,0.9421,0.9398,0.9965,0.9370,0.0411
6,4,10,7,0.9459,0.9462,0.9990,0.9402,0.0363
6,4,10,8,0.9269,0.9254,0.9962,0.9218,0.0504
6,4,10,9,0.9075,0.8951,0.9947,0.8888,0.0093
6,4,10,10,0.9273,0.9256,0.9959,0.9224,0.0502
6,4,10,11,0.8431,0.9005,0.9961,0.8173,0.0207
6,4,11,0,0.6990,0.6927,0.7737,0.6239,0.0519
6,4,11,1,0.9546,0.9538,0.9995,0.9481,0.0256
6,4,11,2,0.9303,0.9273,0.9993,0.9244,0.0455
6,4,11,3,0.9205,0.9337,0.9438,0.9042,0.0207
6,4,11,4,0.9522,0.9465,0.9916,0.9443,0.0236
6,4,11,5,0.9131,0.9239,0.9998,0.9035,0.0391
6,4,11,6,0.9302,0.9275,0.9970,0.9250,0.0483
6,4,11,7,0.9465,0.9461,0.9999,0.9397,0.0300
6,4,11,8,0.2952,0.6277,0.9683,0.1395,0.0256
6,4,11,9,0.9322,0.9318,0.9977,0.9264,0.0457
6,4,11,10,0.9385,0.9508,0.9542,0.9259,0.0098
6,4,11,11,0.9610,0.9690,0.9951,0.9535,0.0081
6,5,0,0,0.9213,0.9241,0.9601,0.9100,0.0411
6,5,0,1,0.1960,0.2893,0.9961,0.0899,0.0350
6,5,0,2,0.9024,0.8878,0.8727,0.8897,0.0496
6,5,0,3,0.3089,0.3285,0.9767,0.2099,0.0265
6,5,0,4,0.5159,0.5179,0.9793,0.4304,0.0185
6,5,0,5,0.2551,0.2960,0.9881,0.1530,0.0290
6,5,0,6,0.8613,0.8659,0.9742,0.8372,0.0508
6,5,0,7,0.7442,0.7460,0.9000,0.6925,0.0559
6,5,0,8,0.6702,0.6585,0.9503,0.6002,0.0518
6,5,0,9,0.8643,0.8397,0.7940,0.8459,0.0598
6,5,0,10,0.8149,0.7903,0.8560,0.7822,0.0592
6,5,0,11,0.9016,0.8810,0.8937,0.8904,0.0523
6,5,1,0,0.8115,0.8196,0.9748,0.7757,0.0480
6,5,1,1,0.9134,0.9100,0.9877,0.8990,0.0342
6,5,1,2,0.9070,0.9090,0.9834,0.8924,0.0443
6,5,1,3,0.9454,0.9148,0.9129,0.9394,0.0348
6,5,1,4,0.9775,0.9755,0.9865,0.9757,0.0256
6,5,1,5,0.9610,0.9688,0.9964,0.9546,0.0189
6,5,1,6,0.9040,0.9107,0.9962,0.8873,0.0302
6,5,1,7,0.9660,0.9635,0.9923,0.9615,0.0251
6,5,1,8,0.9642,0.9671,0.9665,0.9598,0.0260
6,5,1,9,0.9734,0.9822,0.9948,0.9690,0.0136
6,5,1,10,0.2811,0.6343,0.9089,0.1150,0.0585
6,5,1,11,0.3981,0.3832,0.9901,0.3058,0.0213
6,5,2,0,0.8795,0.8760,0.9533,0.8591,0.0463
6,5,2,1,0.9789,0.9785,0.9989,0.9759,0.0119
6,5,2,2,0.5353,0.6431,0.9546,0.4472,0.0302
6,5,2,3,0.7381,0.7593,0.9858,0.6867,0.0409
6,5,2,4,0.9521,0.9659,0.9985,0.9440,0.0226
6,5,2,5,0.8094,0.8124,0.9565,0.7731,0.0446
6,5,2,6,0.9872,0.9884,0.9981,0.9859,0.0174
6,5,2,7,0.8281,0.8323,0.9428,0.7970,0.0531
6,5,2,8,0.8318,0.8113,0.9444,0.8004,0.0378
6,5,2,9,0.6427,0.6655,0.9478,0.5708,0.0404
6,5,2,10,0.9254,0.9174,0.9625,0.9155,0.0446
6,5,2,11,0.9897,0.9897,0.9999,0.9880,0.0083
6,5,3,0,0.9726,0.9756,0.9940,0.9704,0.0257
6,5,3,1,0.9356,0.9293,0.9478,0.9246,0.0277
6,5,3,2,0.4962,0.6209,0.9680,0.3991,0.0299
6,5,3,3,0.9418,0.9488,0.9997,0.9327,0.0155
6,5,3,4,0.9703,0.9688,0.9948,0.9688,0.0333
6,5,3,5,0.9829,0.9784,0.9935,0.9803,0.0129
6,5,3,6,0.6894,0.6980,0.9422,0.6253,0.0471
6,5,3,7,0.6891,0.6900,0.9828,0.6300,0.0338
6,5,3,8,0.8292,0.8018,0.9037,0.7972,0.0443
6,5,3,9,0.6384,0.7372,0.9537,0.5784,0.0182
6,5,3,10,0.9829,0.9784,0.9993,0.9800,0.0123
6,5,3,11,0.7794,0.8135,0.9922,0.7381,0.0332
6,5,4,0,0.6727,0.6730,0.9423,0.6190,0.0186
6,5,4,1,0.9149,0.9193,0.9585,0.9000,0.0245
6,5,4,2,0.9814,0.9776,0.9993,0.9790,0.0148
6,5,4,3,0.8200,0.8495,0.9920,0.7865,0.0317
6,5,4,4,0.9924,0.9934,0.9997,0.9912,0.0083
6,5,4,5,0.7601,0.8051,0.9917,0.7162,0.0269
6,5,4,6,0.9695,0.9669,0.9829,0.9649,0.0206
6,5,4,7,0.6257,0.6240,0.9839,0.5576,0.0260
6,5,4,8,0.9891,0.9865,0.9956,0.9886,0.0214
6,5,4,9,0.9293,0.9109,0.8988,0.9177,0.0314
6,5,4,10,0.9738,0.9717,0.9961,0.9726,0.0319
6,5,4,11,0.2940,0.4583,0.9942,0.2037,0.0379
6,5,5,0,0.9743,0.9792,0.9933,0.9721,0.0253
6,5,5,1,0.9643,0.9632,0.9936,0.9631,0.0374
6,5,5,2,0.8634,0.8431,0.9274,0.8385,0.0363
6,5,5,3,0.8736,0.8460,0.8728,0.8516,0.0425
6,5,5,4,0.8197,0.7996,0.9437,0.7863,0.0281
6,5,5,5,0.9723,0.9725,0.9963,0.9706,0.0302
6,5,5,6,0.9329,0.9311,0.9965,0.9225,0.0209
6,5,5,7,0.9201,0.9294,0.9905,0.9072,0.0180
6,5,5,8,0.9702,0.9764,0.9977,0.9663,0.0189
6,5,5,9,0.9736,0.9706,0.9958,0.9721,0.0316
6,5,5,10,0.9897,0.9906,0.9999,0.9882,0.0129
6,5,5,11,0.9926,0.9922,0.9990,0.9918,0.0140
6,5,6,0,0.7735,0.7668,0.9093,0.7295,0.0417
6,5,6,1,0.9669,0.9594,0.9981,0.9638,0.0260
6,5,6,2,0.9825,0.9814,0.9996,0.9808,0.0209
6,5,6,3,0.9889,0.9883,0.9980,0.9878,0.0153
6,5,6,4,0.9495,0.9512,0.9999,0.9409,0.0184
6,5,6,5,1.0000,1.0000,1.0000,1.0000,0.0000
6,5,6,6,0.9770,0.9764,0.9969,0.9755,0.0272
6,5,6,7,0.9687,0.9756,1.0000,0.9635,0.0173
6,5,6,8,0.9551,0.9632,0.9979,0.9474,0.0180
6,5,6,9,0.9642,0.9633,0.9947,0.9628,0.0367
6,5,6,10,0.9719,0.9694,0.9944,0.9706,0.0341
6,5,6,11,0.8282,0.8266,0.8936,0.7960,0.0374
6,5,7,0,0.6770,0.7462,0.9922,0.6203,0.0278
6,5,7,1,0.9864,0.9850,0.9968,0.9853,0.0207
6,5,7,2,0.9673,0.9687,0.9943,0.9661,0.0359
6,5,7,3,0.9659,0.9765,0.9997,0.9601,0.0108
6,5,7,4,0.9510,0.9539,0.9999,0.9429,0.0139
6,5,7,5,0.9824,0.9804,0.9992,0.9796,0.0096
6,5,7,6,0.9831,0.9800,0.9959,0.9819,0.0230
6,5,7,7,0.9829,0.9823,0.9958,0.9823,0.0273
6,5,7,8,0.9573,0.9539,0.9954,0.9500,0.0184
6,5,7,9,0.8932,0.8866,0.9451,0.8746,0.0176
6,5,7,10,0.9672,0.9658,0.9961,0.9658,0.0352
6,5,7,11,0.9688,0.9711,0.9953,0.9674,0.0344
6,5,8,0,0.9657,0.9669,0.9995,0.9610,0.0151
6,5,8,1,0.9767,0.9736,0.9966,0.9760,0.0314
6,5,8,2,0.9886,0.9858,0.9998,0.9871,0.0122
6,5,8,3,0.9800,0.9770,0.9973,0.9787,0.0251
6,5,8,4,0.7954,0.8777,0.9495,0.7588,0.0265
6,5,8,5,0.8854,0.8759,0.9821,0.8649,0.0252
6,5,8,6,0.9790,0.9743,0.9950,0.9783,0.0303
6,5,8,7,0.7187,0.7566,0.9802,0.6693,0.0272
6,5,8,8,0.9620,0.9677,0.9994,0.9555,0.0092
6,5,8,9,0.9931,0.9906,0.9987,0.9922,0.0098
6,5,8,10,0.9842,0.9872,0.9999,0.9818,0.0101
6,5,8,11,0.9695,0.9683,0.9956,0.9670,0.0285
6,5,9,0,0.9455,0.9487,0.9962,0.9380,0.0201
6,5,9,1,0.9773,0.9740,0.9979,0.9761,0.0283
6,5,9,2,0.9786,0.9731,0.9975,0.9768,0.0230
6,5,9,3,0.7540,0.7515,0.9168,0.7059,0.0405
6,5,9,4,0.9785,0.9749,0.9960,0.9776,0.0291
6,5,9,5,0.9719,0.9745,0.9973,0.9686,0.0189
6,5,9,6,0.9672,0.9646,0.9942,0.9659,0.0361
6,5,9,7,0.9827,0.9824,0.9989,0.9800,0.0104
6,5,9,8,0.9713,0.9680,0.9950,0.9696,0.0314
6,5,9,9,0.9692,0.9666,0.9950,0.9680,0.0357
6,5,9,10,0.8572,0.8709,0.9780,0.8312,0.0275
6,5,9,11,0.9674,0.9654,0.9951,0.9660,0.0358
6,5,10,0,0.9693,0.9666,0.9945,0.9672,0.0310
6,5,10,1,0.9733,0.9694,0.9947,0.9720,0.0324
6,5,10,2,0.9765,0.9754,0.9971,0.9753,0.0299
6,5,10,3,0.9765,0.9764,1.0000,0.9739,0.0199
6,5,10,4,0.9474,0.9493,0.9999,0.9392,0.0114
6,5,10,5,0.9126,0.9153,0.9958,0.8979,0.0215
6,5,10,6,0.9701,0.9678,0.9954,0.9675,0.0264
6,5,10,7,0.9777,0.9764,0.9983,0.9755,0.0219
6,5,10,8,0.9678,0.9653,0.9951,0.9664,0.0357
6,5,10,9,0.9220,0.9228,0.9959,0.9084,0.0216
6,5,10,10,0.9675,0.9644,0.9947,0.9660,0.0356
6,5,10,11,0.8056,0.8217,0.9971,0.7751,0.0165
6,5,11,0,0.6607,0.6519,0.7813,0.5859,0.0640
6,5,11,1,0.9802,0.9774,0.9998,0.9773,0.0112
6,5,11,2,0.9703,0.9675,0.9988,0.9683,0.0311
6,5,11,3,0.8948,0.8971,0.9478,0.8768,0.0341
6,5,11,4,0.9822,0.9784,0.9931,0.9792,0.0100
6,5,11,5,0.9789,0.9738,0.9994,0.9777,0.0281
6,5,11,6,0.9707,0.9673,0.9960,0.9692,0.0336
6,5,11,7,0.9839,0.9812,1.0000,0.9820,0.0159
6,5,11,8,0.2501,0.5802,0.9713,0.0981,0.0405
6,5,11,9,0.9776,0.9745,0.9968,0.9766,0.0310
6,5,11,10,0.9463,0.9404,0.9578,0.9374,0.0219
6,5,11,11,0.9633,0.9713,0.9962,0.9571,0.0123
6,6,0,0,0.8752,0.8722,0.9350,0.8652,0.0682
6,6,0,1,0.1465,0.2252,0.9860,0.0507,0.0110
6,6,0,2,0.8475,0.8338,0.8314,0.8358,0.0767
6,6,0,3,0.2399,0.2535,0.9567,0.1475,0.0140
6,6,0,4,0.4367,0.4235,0.9603,0.3539,0.0412
6,6,0,5,0.2030,0.2323,0.9729,0.1100,0.0076
6,6,0,6,0.7882,0.7991,0.9533,0.7617,0.0779
6,6,0,7,0.6478,0.6466,0.8628,0.5920,0.0828
6,6,0,8,0.6070,0.6087,0.9227,0.5421,0.0790
6,6,0,9,0.7976,0.7781,0.7436,0.7793,0.0870
6,6,0,10,0.7511,0.7234,0.8125,0.7205,0.0863
6,6,0,11,0.8413,0.8252,0.8555,0.8303,0.0795
6,6,1,0,0.7365,0.7317,0.9542,0.6988,0.0749
6,6,1,1,0.8553,0.8418,0.9723,0.8390,0.0614
6,6,1,2,0.8372,0.8388,0.9661,0.8194,0.0715
6,6,1,3,0.9326,0.9050,0.8779,0.9338,0.0601
6,6,1,4,0.9392,0.9385,0.9706,0.9373,0.0522
6,6,1,5,0.9275,0.9251,0.9867,0.9208,0.0447
6,6,1,6,0.8636,0.8556,0.9862,0.8481,0.0573
6,6,1,7,0.9273,0.9286,0.9794,0.9226,0.0522
6,6,1,8,0.9339,0.9390,0.9432,0.9310,0.0531
6,6,1,9,0.9559,0.9669,0.9837,0.9528,0.0390
6,6,1,10,0.1960,0.5588,0.8731,0.0402,0.0841
6,6,1,11,0.3462,0.3221,0.9759,0.2614,0.0188
6,6,2,0,0.8193,0.8065,0.9265,0.7985,0.0735
6,6,2,1,0.9866,0.9891,0.9995,0.9854,0.0163
6,6,2,2,0.4365,0.5377,0.9281,0.3482,0.0521
6,6,2,3,0.6656,0.6787,0.9695,0.6143,0.0676
6,6,2,4,0.9266,0.9331,0.9911,0.9196,0.0453
6,6,2,5,0.7299,0.7258,0.9305,0.6909,0.0707
6,6,2,6,0.9824,0.9872,0.9999,0.9804,0.0131
6,6,2,7,0.7412,0.7449,0.9135,0.7058,0.0803
6,6,2,8,0.7637,0.7383,0.9155,0.7309,0.0647
6,6,2,9,0.5328,0.5574,0.9197,0.4565,0.0655
6,6,2,10,0.8574,0.8446,0.9381,0.8443,0.0718
6,6,2,11,0.9894,0.9900,0.9979,0.9895,0.0247
6,6,3,0,0.9969,0.9971,0.9995,0.9965,0.0054
6,6,3,1,0.9139,0.8997,0.9196,0.9054,0.0493
6,6,3,2,0.4154,0.5358,0.9452,0.3222,0.0539
6,6,3,3,0.9574,0.9655,0.9945,0.9525,0.0243
6,6,3,4,0.9983,0.9975,0.9997,0.9982,0.0062
6,6,3,5,0.9518,0.9521,0.9814,0.9482,0.0397
6,6,3,6,0.5916,0.5962,0.9128,0.5244,0.0737
6,6,3,7,0.6060,0.6025,0.9652,0.5457,0.0565
6,6,3,8,0.7780,0.7415,0.8671,0.7480,0.0681
6,6,3,9,0.5763,0.7015,0.9270,0.5177,0.0317
6,6,3,10,0.9708,0.9581,0.9991,0.9688,0.0314
6,6,3,11,0.7086,0.7332,0.9793,0.6659,0.0569
6,6,4,0,0.6501,0.6318,0.9129,0.6025,0.0287
6,6,4,1,0.9059,0.8928,0.9330,0.8960,0.0496
6,6,4,2,0.9931,0.9919,0.9991,0.9926,0.0126
6,6,4,3,0.7331,0.7703,0.9790,0.6946,0.0571
6,6,4,4,0.9767,0.9724,0.9947,0.9745,0.0231
6,6,4,5,0.7267,0.7543,0.9785,0.6875,0.0485
6,6,4,6,0.9200,0.9138,0.9653,0.9126,0.0478
6,6,4,7,0.5372,0.5312,0.9667,0.4681,0.0447
6,6,4,8,0.9937,0.9946,0.9999,0.9929,0.0068
6,6,4,9,0.8873,0.8644,0.8614,0.8759,0.0569
6,6,4,10,0.9985,0.9977,1.0000,0.9984,0.0047
6,6,4,11,0.2050,0.3654,0.9996,0.1180,0.0108
6,6,5,0,0.9838,0.9718,0.9993,0.9818,0.0094
6,6,5,1,0.9975,0.9965,0.9994,0.9975,0.0102
6,6,5,2,0.7927,0.7713,0.8951,0.7649,0.0606
6,6,5,3,0.8327,0.7901,0.8315,0.8143,0.0697
6,6,5,4,0.7558,0.7164,0.9147,0.7212,0.0531
6,6,5,5,0.9981,0.9970,1.0000,0.9979,0.0041
6,6,5,6,0.9326,0.9254,1.0000,0.9243,0.0249
6,6,5,7,0.9159,0.9268,0.9765,0.9055,0.0249
6,6,5,8,0.9808,0.9747,0.9999,0.9786,0.0146
6,6,5,9,0.9983,0.9974,0.9999,0.9982,0.0045
6,6,5,10,0.9783,0.9736,0.9979,0.9762,0.0201
6,6,5,11,0.9863,0.9853,0.9994,0.9850,0.0155
6,6,6,0,0.6982,0.6905,0.8736,0.6530,0.0676
6,6,6,1,0.9593,0.9610,0.9999,0.9544,0.0051
6,6,6,2,0.9971,0.9960,0.9988,0.9969,0.0066
6,6,6,3,0.9642,0.9686,0.9999,0.9599,0.0178
6,6,6,4,0.9383,0.9381,0.9978,0.9328,0.0418
6,6,6,5,0.9770,0.9764,0.9969,0.9755,0.0272
6,6,6,6,1.0000,1.0000,1.0000,1.0000,0.0000
6,6,6,7,0.9106,0.9194,0.9971,0.9005,0.0416
6,6,6,8,0.9266,0.9240,0.9896,0.9189,0.0417
6,6,6,9,0.9973,0.9964,0.9997,0.9973,0.0096
6,6,6,10,0.9985,0.9978,0.9996,0.9984,0.0070
6,6,6,11,0.7975,0.7737,0.8554,0.7710,0.0632
6,6,7,0,0.6798,0.7366,0.9793,0.6343,0.0432
6,6,7,1,0.9914,0.9940,1.0000,0.9904,0.0091
6,6,7,2,0.9976,0.9969,0.9996,0.9975,0.0088
6,6,7,3,0.9485,0.9376,0.9947,0.9438,0.0376
6,6,7,4,0.9288,0.9107,0.9977,0.9203,0.0308
6,6,7,5,0.9874,0.9879,0.9928,0.9869,0.0220
6,6,7,6,0.9946,0.9960,0.9999,0.9940,0.0045
6,6,7,7,0.9958,0.9960,0.9999,0.9953,0.0049
6,6,7,8,0.9338,0.9259,0.9847,0.9267,0.0363
6,6,7,9,0.8854,0.8484,0.9163,0.8713,0.0400
6,6,7,10,0.9978,0.9969,1.0000,0.9978,0.0080
6,6,7,11,0.9979,0.9975,0.9998,0.9977,0.0075
6,6,8,0,0.9914,0.9912,0.9938,0.9907,0.0126
6,6,8,1,0.9961,0.9956,1.0000,0.9957,0.0071
6,6,8,2,0.9921,0.9938,0.9983,0.9916,0.0157
6,6,8,3,0.9940,0.9959,1.0000,0.9933,0.0045
6,6,8,4,0.7874,0.8514,0.9218,0.7581,0.0458
6,6,8,5,0.8637,0.8263,0.9641,0.8470,0.0510
6,6,8,6,0.9951,0.9956,0.9998,0.9946,0.0063
6,6,8,7,0.7322,0.7575,0.9616,0.6947,0.0436
6,6,8,8,0.9622,0.9617,0.9936,0.9595,0.0345
6,6,8,9,0.9782,0.9835,0.9996,0.9761,0.0205
6,6,8,10,0.9911,0.9890,0.9959,0.9909,0.0194
6,6,8,11,0.9971,0.9972,0.9999,0.9967,0.0024
6,6,9,0,0.9693,0.9737,1.0000,0.9656,0.0139
6,6,9,1,0.9951,0.9954,0.9999,0.9945,0.0054
6,6,9,2,0.9900,0.9912,1.0000,0.9888,0.0058
6,6,9,3,0.7379,0.7120,0.8825,0.7003,0.0653
6,6,9,4,0.9961,0.9964,0.9999,0.9957,0.0054
6,6,9,5,0.9952,0.9963,1.0000,0.9948,0.0085
6,6,9,6,0.9978,0.9968,0.9996,0.9978,0.0089
6,6,9,7,0.9679,0.9730,0.9995,0.9646,0.0244
6,6,9,8,0.9975,0.9967,0.9998,0.9973,0.0042
6,6,9,9,0.9980,0.9970,0.9998,0.9980,0.0085
6,6,9,10,0.8242,0.8070,0.9585,0.8012,0.0521
6,6,9,11,0.9983,0.9973,0.9998,0.9982,0.0087
6,6,10,0,0.9970,0.9969,0.9997,0.9967,0.0038
6,6,10,1,0.9973,0.9968,0.9997,0.9971,0.0058
6,6,10,2,0.9983,0.9974,1.0000,0.9981,0.0028
6,6,10,3,0.9945,0.9929,0.9961,0.9940,0.0077
6,6,10,4,0.9692,0.9708,0.9956,0.9659,0.0218
6,6,10,5,0.8773,0.8498,0.9854,0.8615,0.0369
6,6,10,6,0.9951,0.9959,0.9998,0.9945,0.0026
6,6,10,7,0.9974,0.9974,0.9998,0.9972,0.0055
6,6,10,8,0.9979,0.9968,0.9998,0.9978,0.0085
6,6,10,9,0.8833,0.8569,0.9856,0.8696,0.0459
6,6,10,10,0.9977,0.9966,0.9997,0.9976,0.0084
6,6,10,11,0.8331,0.8482,0.9880,0.8115,0.0230
6,6,11,0,0.5895,0.6053,0.7297,0.5194,0.0912
6,6,11,1,0.9902,0.9919,0.9951,0.9897,0.0168
6,6,11,2,0.9982,0.9971,0.9996,0.9980,0.0047
6,6,11,3,0.8796,0.8915,0.9197,0.8686,0.0602
6,6,11,4,0.9913,0.9891,0.9808,0.9915,0.0222
6,6,11,5,0.9807,0.9820,0.9990,0.9784,0.0098
6,6,11,6,0.9980,0.9970,0.9999,0.9978,0.0064
6,6,11,7,0.9933,0.9914,0.9965,0.9928,0.0118
6,6,11,8,0.1785,0.5163,0.9495,0.0387,0.0640
6,6,11,9,0.9983,0.9976,1.0000,0.9981,0.0046
6,6,11,10,0.9403,0.9333,0.9321,0.9366,0.0470
6,6,11,11,0.9616,0.9566,0.9863,0.9590,0.0361
6,7,0,0,0.9216,0.9442,0.9592,0.9064,0.0269
6,7,0,1,0.2055,0.3299,0.9958,0.0931,0.0481
6,7,0,2,0.9087,0.8968,0.8712,0.8924,0.0354
6,7,0,3,0.3340,0.3753,0.9761,0.2320,0.0370
6,7,0,4,0.5610,0.5896,0.9787,0.4773,0.0080
6,7,0,5,0.2651,0.3336,0.9877,0.1571,0.0418
6,7,0,6,0.8966,0.9010,0.9735,0.8760,0.0366
6,7,0,7,0.7902,0.8068,0.8987,0.7429,0.0415
6,7,0,8,0.6846,0.6759,0.9493,0.6097,0.0376
6,7,0,9,0.8788,0.8549,0.7922,0.8574,0.0457
6,7,0,10,0.8210,0.8109,0.8544,0.7825,0.0450
6,7,0,11,0.9137,0.8946,0.8924,0.8999,0.0382
6,7,1,0,0.8441,0.8786,0.9742,0.8105,0.0333
6,7,1,1,0.9180,0.9386,0.9872,0.9013,0.0198
6,7,1,2,0.9330,0.9416,0.9829,0.9205,0.0302
6,7,1,3,0.9103,0.8818,0.9117,0.8924,0.0272
6,7,1,4,0.9704,0.9712,0.9860,0.9650,0.0198
6,7,1,5,0.9348,0.9700,0.9962,0.9219,0.0081
6,7,1,6,0.8942,0.9354,0.9959,0.8723,0.0171
6,7,1,7,0.9626,0.9618,0.9919,0.9554,0.0161
6,7,1,8,0.9443,0.9535,0.9657,0.9332,0.0144
6,7,1,9,0.9434,0.9582,0.9945,0.9325,0.0094
6,7,1,10,0.3305,0.6757,0.9076,0.1632,0.0425
6,7,1,11,0.4062,0.4202,0.9897,0.3087,0.0312
6,7,2,0,0.9013,0.9110,0.9524,0.8814,0.0321
6,7,2,1,0.9279,0.9348,0.9991,0.9172,0.0253
6,7,2,2,0.5881,0.7184,0.9537,0.5035,0.0194
6,7,2,3,0.7681,0.8193,0.9853,0.7177,0.0260
6,7,2,4,0.9224,0.9601,0.9984,0.9071,0.0115
6,7,2,5,0.8449,0.8667,0.9556,0.8115,0.0296
6,7,2,6,0.9431,0.9526,0.9983,0.9357,0.0306
6,7,2,7,0.8745,0.8856,0.9418,0.8490,0.0390
6,7,2,8,0.8650,0.8494,0.9434,0.8364,0.0239
6,7,2,9,0.7289,0.7541,0.9468,0.6695,0.0244
6,7,2,10,0.9536,0.9499,0.9617,0.9464,0.0307
6,7,2,11,0.9485,0.9530,0.9999,0.9397,0.0206
6,7,3,0,0.9054,0.9211,0.9943,0.8945,0.0396
6,7,3,1,0.9053,0.9168,0.9468,0.8863,0.0161
6,7,3,2,0.5383,0.6856,0.9672,0.4418,0.0152
6,7,3,3,0.9074,0.9075,0.9996,0.8924,0.0260
6,7,3,4,0.9009,0.9085,0.9951,0.8910,0.0475
6,7,3,5,0.9666,0.9637,0.9931,0.9602,0.0102
6,7,3,6,0.7384,0.7685,0.9412,0.6787,0.0324
6,7,3,7,0.7708,0.7554,0.9823,0.7232,0.0192
6,7,3,8,0.8256,0.8221,0.9024,0.7880,0.0304
6,7,3,9,0.6740,0.7482,0.9528,0.6160,0.0174
6,7,3,10,0.9463,0.9576,0.9994,0.9366,0.0139
6,7,3,11,0.8126,0.8666,0.9918,0.7739,0.0185
6,7,4,0,0.7105,0.7140,0.9413,0.6599,0.0192
6,7,4,1,0.8760,0.9096,0.9577,0.8512,0.0138
6,7,4,2,0.9276,0.9346,0.9994,0.9174,0.0290
6,7,4,3,0.8779,0.9016,0.9917,0.8527,0.0160
6,7,4,4,0.9577,0.9704,0.9996,0.9512,0.0190
6,7,4,5,0.7634,0.8357,0.9913,0.7161,0.0167
6,7,4,6,0.9761,0.9757,0.9824,0.9714,0.0104
6,7,4,7,0.6814,0.6860,0.9833,0.6187,0.0186
6,7,4,8,0.9422,0.9431,0.9959,0.9359,0.0356
6,7,4,9,0.9233,0.8988,0.8975,0.9077,0.0164
6,7,4,10,0.9071,0.9138,0.9964,0.8979,0.0460
6,7,4,11,0.3829,0.5453,0.9945,0.2994,0.0521
6,7,5,0,0.9146,0.9528,0.9937,0.9047,0.0376
6,7,5,1,0.8913,0.8995,0.9940,0.8818,0.0516
6,7,5,2,0.8958,0.8751,0.9263,0.8742,0.0214
6,7,5,3,0.8739,0.8586,0.8713,0.8474,0.0283
6,7,5,4,0.8716,0.8431,0.9427,0.8452,0.0155
6,7,5,5,0.9048,0.9142,0.9965,0.8948,0.0443
6,7,5,6,0.8831,0.9078,0.9968,0.8642,0.0269
6,7,5,7,0.9157,0.9093,0.9901,0.9016,0.0237
6,7,5,8,0.9148,0.9430,0.9979,0.9028,0.0294
6,7,5,9,0.9091,0.9123,0.9961,0.8998,0.0458
6,7,5,10,0.9532,0.9677,0.9999,0.9462,0.0215
6,7,5,11,0.9493,0.9577,0.9991,0.9424,0.0264
6,7,6,0,0.8135,0.8111,0.9080,0.7731,0.0273
6,7,6,1,0.9221,0.9175,0.9983,0.9137,0.0391
6,7,6,2,0.9212,0.9298,0.9997,0.9111,0.0353
6,7,6,3,0.9598,0.9631,0.9982,0.9551,0.0258
6,7,6,4,0.9232,0.9395,1.0000,0.9083,0.0087
6,7,6,5,0.9687,0.9756,1.0000,0.9635,0.0173
6,7,6,6,0.9106,0.9194,0.9971,0.9005,0.0416
6,7,6,7,1.0000,1.0000,1.0000,1.0000,0.0000
6,7,6,8,0.9373,0.9644,0.9977,0.9252,0.0093
6,7,6,9,0.8910,0.8997,0.9950,0.8811,0.0509
6,7,6,10,0.9051,0.9098,0.9947,0.8960,0.0483
6,7,6,11,0.8174,0.8316,0.8923,0.7782,0.0227
6,7,7,0,0.6597,0.7475,0.9919,0.5952,0.0192
6,7,7,1,0.9366,0.9416,0.9970,0.9290,0.0338
6,7,7,2,0.8957,0.9096,0.9946,0.8862,0.0501
6,7,7,3,0.9456,0.9816,0.9996,0.9354,0.0092
6,7,7,4,0.9143,0.9520,1.0000,0.8996,0.0136
6,7,7,5,0.9308,0.9334,0.9990,0.9193,0.0206
6,7,7,6,0.9310,0.9308,0.9961,0.9231,0.0371
6,7,7,7,0.9251,0.9326,0.9961,0.9176,0.0415
6,7,7,8,0.9376,0.9477,0.9951,0.9260,0.0165
6,7,7,9,0.8591,0.8806,0.9441,0.8322,0.0115
6,7,7,10,0.8960,0.9030,0.9963,0.8862,0.0493
6,7,7,11,0.8983,0.9134,0.9956,0.8885,0.0485
6,7,8,0,0.8971,0.9085,0.9994,0.8817,0.0298
6,7,8,1,0.9129,0.9170,0.9968,0.9049,0.0455
6,7,8,2,0.9412,0.9413,0.9999,0.9327,0.0269
6,7,8,3,0.9238,0.9247,0.9976,0.9154,0.0392
6,7,8,4,0.7654,0.8657,0.9486,0.7197,0.0186
6,7,8,5,0.8723,0.8907,0.9815,0.8466,0.0105
6,7,8,6,0.9203,0.9206,0.9953,0.9128,0.0445
6,7,8,7,0.7111,0.7425,0.9797,0.6563,0.0164
6,7,8,8,0.9294,0.9462,0.9993,0.9162,0.0097
6,7,8,9,0.9594,0.9593,0.9989,0.9536,0.0214
6,7,8,10,0.9328,0.9478,0.9999,0.9221,0.0235
6,7,8,11,0.9063,0.9100,0.9959,0.8959,0.0426
6,7,9,0,0.9087,0.9089,0.9964,0.8960,0.0314
6,7,9,1,0.9182,0.9189,0.9981,0.9099,0.0428
6,7,9,2,0.9262,0.9230,0.9977,0.9177,0.0366
6,7,9,3,0.7430,0.7571,0.9156,0.6865,0.0245
6,7,9,4,0.9201,0.9223,0.9963,0.9123,0.0433
6,7,9,5,0.9145,0.9236,0.9975,0.9030,0.0333
6,7,9,6,0.8976,0.9023,0.9945,0.8882,0.0502
6,7,9,7,0.9559,0.9574,0.9990,0.9490,0.0190
6,7,9,8,0.9047,0.9091,0.9953,0.8949,0.0455
6,7,9,9,0.9010,0.9055,0.9953,0.8920,0.0498
6,7,9,10,0.8453,0.8994,0.9774,0.8137,0.0136
6,7,9,11,0.8971,0.9030,0.9954,0.8875,0.0500
6,7,10,0,0.9058,0.9085,0.9948,0.8961,0.0451
6,7,10,1,0.9093,0.9112,0.9950,0.9006,0.0466
6,7,10,2,0.9139,0.9198,0.9973,0.9050,0.0441
6,7,10,3,0.9121,0.9196,0.9999,0.9003,0.0344
6,7,10,4,0.9011,0.9058,0.9998,0.8851,0.0216
6,7,10,5,0.8769,0.9271,0.9955,0.8548,0.0113
6,7,10,6,0.9114,0.9129,0.9956,0.9012,0.0405
6,7,10,7,0.9207,0.9241,0.9985,0.9108,0.0363
6,7,10,8,0.8981,0.9029,0.9954,0.8885,0.0498
6,7,10,9,0.8917,0.9506,0.9956,0.8700,0.0077
6,7,10,10,0.8985,0.9023,0.9950,0.8890,0.0497
6,7,10,11,0.7911,0.7950,0.9969,0.7565,0.0241
6,7,11,0,0.6688,0.6610,0.7795,0.5859,0.0498
6,7,11,1,0.9327,0.9297,0.9997,0.9224,0.0261
6,7,11,2,0.9014,0.9053,0.9989,0.8907,0.0455
6,7,11,3,0.8876,0.8811,0.9468,0.8641,0.0202
6,7,11,4,0.9286,0.9266,0.9928,0.9165,0.0239
6,7,11,5,0.9260,0.9268,0.9995,0.9184,0.0407
6,7,11,6,0.9035,0.9064,0.9963,0.8939,0.0478
6,7,11,7,0.9310,0.9349,1.0000,0.9216,0.0300
6,7,11,8,0.2865,0.6241,0.9706,0.1304,0.0251
6,7,11,9,0.9140,0.9178,0.9970,0.9053,0.0454
6,7,11,10,0.9150,0.9131,0.9569,0.8979,0.0117
6,7,11,11,0.9269,0.9550,0.9960,0.9130,0.0105
6,8,0,0,0.9193,0.9424,0.9763,0.9040,0.0317
6,8,0,1,0.1678,0.3389,0.9997,0.0505,0.0478
6,8,0,2,0.9115,0.9072,0.9026,0.8963,0.0397
6,8,0,3,0.2842,0.3832,0.9886,0.1750,0.0337
6,8,0,4,0.5134,0.5806,0.9904,0.4213,0.0087
6,8,0,5,0.2267,0.3482,0.9960,0.1137,0.0420
6,8,0,6,0.8609,0.8915,0.9868,0.8320,0.0396
6,8,0,7,0.7746,0.7975,0.9264,0.7239,0.0429
6,8,0,8,0.6848,0.7097,0.9685,0.6108,0.0412
6,8,0,9,0.8773,0.8639,0.8319,0.8561,0.0492
6,8,0,10,0.8046,0.8203,0.8878,0.7622,0.0467
6,8,0,11,0.8951,0.8984,0.9210,0.8769,0.0425
6,8,1,0,0.8627,0.8798,0.9873,0.8340,0.0366
6,8,1,1,0.9022,0.9070,0.9958,0.8824,0.0231
6,8,1,2,0.8930,0.9108,0.9931,0.8714,0.0361
6,8,1,3,0.9284,0.9050,0.9376,0.9151,0.0289
6,8,1,4,0.9472,0.9554,0.9951,0.9370,0.0254
6,8,1,5,0.9284,0.9563,0.9998,0.9143,0.0104
6,8,1,6,0.9057,0.9127,0.9998,0.8866,0.0169
6,8,1,7,0.9436,0.9485,0.9983,0.9325,0.0218
6,8,1,8,0.9343,0.9469,0.9811,0.9214,0.0198
6,8,1,9,0.9357,0.9548,0.9993,0.9233,0.0106
6,8,1,10,0.3361,0.6813,0.9341,0.1716,0.0474
6,8,1,11,0.3673,0.4283,0.9971,0.2641,0.0256
6,8,2,0,0.9127,0.9206,0.9709,0.8960,0.0344
6,8,2,1,0.9439,0.9389,0.9938,0.9358,0.0257
6,8,2,2,0.6044,0.7195,0.9720,0.5238,0.0167
6,8,2,3,0.7823,0.8036,0.9946,0.7356,0.0287
6,8,2,4,0.9635,0.9704,0.9999,0.9564,0.0088
6,8,2,5,0.8305,0.8457,0.9734,0.7943,0.0308
6,8,2,6,0.9248,0.9403,0.9919,0.9144,0.0291
6,8,2,7,0.8248,0.8600,0.9625,0.7871,0.0428
6,8,2,8,0.8540,0.8409,0.9638,0.8233,0.0253
6,8,2,9,0.7110,0.7390,0.9665,0.6481,0.0264
6,8,2,10,0.9113,0.9222,0.9781,0.8944,0.0358
6,8,2,11,0.9494,0.9485,0.9969,0.9408,0.0223
6,8,3,0,0.9230,0.9283,0.9848,0.9147,0.0400
6,8,3,1,0.9109,0.9246,0.9665,0.8932,0.0134
6,8,3,2,0.5932,0.7045,0.9823,0.5090,0.0172
6,8,3,3,0.9223,0.9275,0.9992,0.9099,0.0214
6,8,3,4,0.9200,0.9130,0.9860,0.9127,0.0479
6,8,3,5,0.9405,0.9530,0.9988,0.9291,0.0164
6,8,3,6,0.7547,0.7779,0.9620,0.6997,0.0354
6,8,3,7,0.7589,0.7830,0.9928,0.7093,0.0185
6,8,3,8,0.8357,0.8430,0.9296,0.8009,0.0290
6,8,3,9,0.6708,0.7460,0.9712,0.6125,0.0129
6,8,3,10,0.9401,0.9534,0.9949,0.9293,0.0138
6,8,3,11,0.8453,0.8777,0.9982,0.8137,0.0181
6,8,4,0,0.6923,0.6842,0.9621,0.6387,0.0146
6,8,4,1,0.9441,0.9334,0.9750,0.9330,0.0105
6,8,4,2,0.9389,0.9354,0.9947,0.9305,0.0294
6,8,4,3,0.8675,0.8920,0.9981,0.8405,0.0182
6,8,4,4,0.9431,0.9524,0.9992,0.9341,0.0186
6,8,4,5,0.8443,0.8601,0.9980,0.8135,0.0105
6,8,4,6,0.9417,0.9565,0.9928,0.9302,0.0160
6,8,4,7,0.6145,0.6607,0.9934,0.5392,0.0135
6,8,4,8,0.9340,0.9391,0.9874,0.9262,0.0359
6,8,4,9,0.9303,0.9291,0.9254,0.9164,0.0157
6,8,4,10,0.9221,0.9173,0.9883,0.9150,0.0464
6,8,4,11,0.4116,0.5770,0.9851,0.3328,0.0525
6,8,5,0,0.9327,0.9350,0.9837,0.9256,0.0362
6,8,5,1,0.9145,0.9080,0.9842,0.9083,0.0519
6,8,5,2,0.8907,0.8896,0.9498,0.8683,0.0205
6,8,5,3,0.8794,0.8517,0.9027,0.8546,0.0319
6,8,5,4,0.8161,0.8161,0.9632,0.7784,0.0132
6,8,5,5,0.9249,0.9252,0.9886,0.9178,0.0447
6,8,5,6,0.9397,0.9492,0.9890,0.9305,0.0215
6,8,5,7,0.8972,0.9201,0.9973,0.8798,0.0186
6,8,5,8,0.9291,0.9392,0.9911,0.9194,0.0277
6,8,5,9,0.9240,0.9157,0.9877,0.9167,0.0462
6,8,5,10,0.9504,0.9549,0.9969,0.9430,0.0216
6,8,5,11,0.9413,0.9450,0.9939,0.9329,0.0262
6,8,6,0,0.8321,0.8132,0.9345,0.7964,0.0261
6,8,6,1,0.8981,0.9135,0.9920,0.8858,0.0395
6,8,6,2,0.9338,0.9284,0.9955,0.9256,0.0354
6,8,6,3,0.9255,0.9382,0.9918,0.9149,0.0268
6,8,6,4,0.9346,0.9358,0.9970,0.9219,0.0096
6,8,6,5,0.9551,0.9632,0.9979,0.9474,0.0180
6,8,6,6,0.9266,0.9240,0.9896,0.9189,0.0417
6,8,6,7,0.9373,0.9644,0.9977,0.9252,0.0093
6,8,6,8,1.0000,1.0000,1.0000,1.0000,0.0000
6,8,6,9,0.9137,0.9072,0.9859,0.9070,0.0513
6,8,6,10,0.9205,0.9144,0.9854,0.9135,0.0487
6,8,6,11,0.8787,0.8622,0.9209,0.8537,0.0218
6,8,7,0,0.7553,0.8045,0.9982,0.7093,0.0130
6,8,7,1,0.9235,0.9373,0.9895,0.9137,0.0332
6,8,7,2,0.9169,0.9137,0.9852,0.9104,0.0505
6,8,7,3,0.9564,0.9661,0.9992,0.9483,0.0125
6,8,7,4,0.9562,0.9485,0.9971,0.9489,0.0143
6,8,7,5,0.9412,0.9429,0.9997,0.9316,0.0202
6,8,7,6,0.9243,0.9300,0.9878,0.9152,0.0375
6,8,7,7,0.9247,0.9291,0.9877,0.9170,0.0418
6,8,7,8,0.9345,0.9463,0.9995,0.9224,0.0101
6,8,7,9,0.9211,0.8981,0.9644,0.9061,0.0067
6,8,7,10,0.9147,0.9104,0.9882,0.9076,0.0497
6,8,7,11,0.9190,0.9179,0.9869,0.9120,0.0489
6,8,8,0,0.9321,0.9278,0.9995,0.9225,0.0291
6,8,8,1,0.9182,0.9188,0.9891,0.9107,0.0459
6,8,8,2,0.9353,0.9387,0.9964,0.9257,0.0262
6,8,8,3,0.9191,0.9294,0.9905,0.9097,0.0391
6,8,8,4,0.8297,0.8914,0.9679,0.7968,0.0117
6,8,8,5,0.9107,0.8818,0.9922,0.8930,0.0146
6,8,8,6,0.9168,0.9200,0.9864,0.9085,0.0449
6,8,8,7,0.7720,0.7935,0.9910,0.7291,0.0113
6,8,8,8,0.9394,0.9488,0.9995,0.9281,0.0122
6,8,8,9,0.9366,0.9506,0.9934,0.9268,0.0223
6,8,8,10,0.9410,0.9466,0.9986,0.9317,0.0226
6,8,8,11,0.9195,0.9155,0.9874,0.9109,0.0430
6,8,9,0,0.9065,0.9138,0.9884,0.8934,0.0289
6,8,9,1,0.9194,0.9217,0.9915,0.9111,0.0429
6,8,9,2,0.9180,0.9246,0.9908,0.9081,0.0370
6,8,9,3,0.8096,0.7976,0.9409,0.7688,0.0268
6,8,9,4,0.9209,0.9239,0.9881,0.9131,0.0437
6,8,9,5,0.9285,0.9313,0.9904,0.9192,0.0332
6,8,9,6,0.9154,0.9089,0.9851,0.9086,0.0506
6,8,9,7,0.9321,0.9436,0.9936,0.9210,0.0173
6,8,9,8,0.9183,0.9143,0.9864,0.9104,0.0459
6,8,9,9,0.9167,0.9108,0.9863,0.9098,0.0502
6,8,9,10,0.9070,0.9073,0.9895,0.8884,0.0146
6,8,9,11,0.9175,0.9094,0.9866,0.9108,0.0504
6,8,10,0,0.9187,0.9154,0.9855,0.9107,0.0455
6,8,10,1,0.9185,0.9159,0.9858,0.9110,0.0470
6,8,10,2,0.9263,0.9215,0.9901,0.9191,0.0445
6,8,10,3,0.9237,0.9279,0.9985,0.9137,0.0342
6,8,10,4,0.9015,0.9214,0.9987,0.8856,0.0199
6,8,10,5,0.9252,0.9207,0.9996,0.9120,0.0098
6,8,10,6,0.9210,0.9186,0.9870,0.9123,0.0409
6,8,10,7,0.9272,0.9289,0.9924,0.9182,0.0362
6,8,10,8,0.9165,0.9091,0.9866,0.9095,0.0502
6,8,10,9,0.9480,0.9493,0.9997,0.9378,0.0108
6,8,10,10,0.9155,0.9089,0.9859,0.9083,0.0501
6,8,10,11,0.7855,0.8215,0.9999,0.7501,0.0201
6,8,11,0,0.7003,0.7017,0.8203,0.6277,0.0529
6,8,11,1,0.9332,0.9348,0.9990,0.9230,0.0252
6,8,11,2,0.9212,0.9146,0.9935,0.9134,0.0454
6,8,11,3,0.8801,0.9138,0.9665,0.8553,0.0219
6,8,11,4,0.9404,0.9350,0.9986,0.9304,0.0245
6,8,11,5,0.9133,0.9238,0.9951,0.9035,0.0390
6,8,11,6,0.9190,0.9126,0.9881,0.9116,0.0481
6,8,11,7,0.9393,0.9393,0.9982,0.9311,0.0299
6,8,11,8,0.2915,0.6169,0.9847,0.1375,0.0260
6,8,11,9,0.9248,0.9203,0.9895,0.9175,0.0455
6,8,11,10,0.9059,0.9257,0.9745,0.8870,0.0115
6,8,11,11,0.9497,0.9489,0.9998,0.9402,0.0101
6,9,0,0,0.8547,0.8510,0.9263,0.8462,0.0778
6,9,0,1,0.1024,0.1825,0.9818,0.0089,0.0043
6,9,0,2,0.8225,0.8099,0.8180,0.8122,0.0863
6,9,0,3,0.1904,0.2079,0.9495,0.0991,0.0192
6,9,0,4,0.3935,0.3802,0.9534,0.3114,0.0508
6,9,0,5,0.1591,0.1896,0.9671,0.0681,0.0093
6,9,0,6,0.7594,0.7728,0.9459,0.7338,0.0875
6,9,0,7,0.6084,0.6107,0.8505,0.5526,0.0924
6,9,0,8,0.5733,0.5858,0.9133,0.5101,0.0885
6,9,0,9,0.7684,0.7526,0.7275,0.7514,0.0965
6,9,0,10,0.7142,0.6884,0.7984,0.6833,0.0959
6,9,0,11,0.8112,0.7968,0.8430,0.8007,0.0891
6,9,1,0,0.7063,0.7015,0.9468,0.6697,0.0842
6,9,1,1,0.8258,0.8116,0.9664,0.8094,0.0707
6,9,1,2,0.8039,0.8083,0.9596,0.7855,0.0808
6,9,1,3,0.9182,0.8914,0.8663,0.9215,0.0697
6,9,1,4,0.9191,0.9184,0.9646,0.9177,0.0618
6,9,1,5,0.9081,0.9042,0.9825,0.9016,0.0543
6,9,1,6,0.8411,0.8305,0.9820,0.8264,0.0666
6,9,1,7,0.9074,0.9098,0.9743,0.9033,0.0618
6,9,1,8,0.9143,0.9213,0.9350,0.9121,0.0627
6,9,1,9,0.9414,0.9540,0.9792,0.9390,0.0483
6,9,1,10,0.1620,0.5302,0.8613,0.0115,0.0934
6,9,1,11,0.2997,0.2779,0.9705,0.2158,0.0278
6,9,2,0,0.7937,0.7782,0.9173,0.7740,0.0830
6,9,2,1,0.9815,0.9839,0.9984,0.9808,0.0256
6,9,2,2,0.4013,0.4940,0.9190,0.3153,0.0614
6,9,2,3,0.6341,0.6473,0.9633,0.5840,0.0769
6,9,2,4,0.9132,0.9163,0.9877,0.9074,0.0546
6,9,2,5,0.6960,0.6894,0.9215,0.6573,0.0803
6,9,2,6,0.9738,0.9795,0.9992,0.9717,0.0224
6,9,2,7,0.7039,0.7092,0.9036,0.6682,0.0899
6,9,2,8,0.7328,0.7059,0.9056,0.7005,0.0742
6,9,2,9,0.5014,0.5224,0.9100,0.4275,0.0750
6,9,2,10,0.8268,0.8142,0.9296,0.8135,0.0813
6,9,2,11,0.9804,0.9798,0.9961,0.9811,0.0342
6,9,3,0,0.9941,0.9924,1.0000,0.9937,0.0113
6,9,3,1,0.8964,0.8797,0.9100,0.8886,0.0589
6,9,3,2,0.3812,0.5004,0.9371,0.2907,0.0635
6,9,3,3,0.9554,0.9610,0.9917,0.9519,0.0338
6,9,3,4,0.9990,0.9988,1.0000,0.9990,0.0034
6,9,3,5,0.9360,0.9374,0.9765,0.9328,0.0491
6,9,3,6,0.5562,0.5614,0.9028,0.4903,0.0833
6,9,3,7,0.5774,0.5683,0.9587,0.5190,0.0661
6,9,3,8,0.7507,0.7121,0.8549,0.7218,0.0777
6,9,3,9,0.5483,0.6776,0.9178,0.4912,0.0411
6,9,3,10,0.9538,0.9377,0.9978,0.9515,0.0407
6,9,3,11,0.6806,0.7046,0.9742,0.6390,0.0662
6,9,4,0,0.6297,0.6061,0.9030,0.5838,0.0383
6,9,4,1,0.8932,0.8747,0.9242,0.8849,0.0592
6,9,4,2,0.9869,0.9864,0.9979,0.9866,0.0219
6,9,4,3,0.7089,0.7476,0.9739,0.6719,0.0666
6,9,4,4,0.9659,0.9603,0.9919,0.9640,0.0327
6,9,4,5,0.7020,0.7255,0.9733,0.6641,0.0579
6,9,4,6,0.9009,0.8936,0.9588,0.8940,0.0573
6,9,4,7,0.4885,0.4838,0.9603,0.4186,0.0540
6,9,4,8,0.9883,0.9902,1.0000,0.9875,0.0153
6,9,4,9,0.8690,0.8448,0.8491,0.8589,0.0665
6,9,4,10,0.9983,0.9988,0.9999,0.9982,0.0049
6,9,4,11,0.1831,0.3272,1.0000,0.1001,0.0012
6,9,5,0,0.9803,0.9645,0.9999,0.9785,0.0153
6,9,5,1,0.9997,0.9996,0.9999,0.9997,0.0007
6,9,5,2,0.7690,0.7468,0.8842,0.7424,0.0702
6,9,5,3,0.8089,0.7629,0.8181,0.7917,0.0792
6,9,5,4,0.7306,0.6836,0.9048,0.6972,0.0627
6,9,5,5,0.9973,0.9962,0.9999,0.9971,0.0066
6,9,5,6,0.9247,0.9123,0.9998,0.9172,0.0345
6,9,5,7,0.9083,0.9179,0.9711,0.8990,0.0345
6,9,5,8,0.9742,0.9652,0.9994,0.9722,0.0236
6,9,5,9,0.9985,0.9988,0.9999,0.9985,0.0051
6,9,5,10,0.9680,0.9616,0.9960,0.9661,0.0296
6,9,5,11,0.9771,0.9756,0.9983,0.9758,0.0251
6,9,6,0,0.6698,0.6601,0.8618,0.6261,0.0769
6,9,6,1,0.9528,0.9583,0.9992,0.9478,0.0118
6,9,6,2,0.9934,0.9921,0.9973,0.9934,0.0159
6,9,6,3,0.9538,0.9606,0.9992,0.9495,0.0266
6,9,6,4,0.9249,0.9234,0.9959,0.9204,0.0514
6,9,6,5,0.9642,0.9633,0.9947,0.9628,0.0367
6,9,6,6,0.9973,0.9964,0.9997,0.9973,0.0096
6,9,6,7,0.8910,0.8997,0.9950,0.8811,0.0509
6,9,6,8,0.9137,0.9072,0.9859,0.9070,0.0513
6,9,6,9,1.0000,1.0000,1.0000,1.0000,0.0000
6,9,6,10,0.9992,0.9994,1.0000,0.9992,0.0029
6,9,6,11,0.7775,0.7484,0.8428,0.7530,0.0728
6,9,7,0,0.6689,0.7123,0.9742,0.6268,0.0527
6,9,7,1,0.9837,0.9871,0.9997,0.9826,0.0181
6,9,7,2,0.9995,0.9992,1.0000,0.9995,0.0010
6,9,7,3,0.9347,0.9192,0.9919,0.9306,0.0472
6,9,7,4,0.9153,0.8931,0.9958,0.9072,0.0399
6,9,7,5,0.9803,0.9803,0.9897,0.9805,0.0316
6,9,7,6,0.9917,0.9941,0.9999,0.9912,0.0138
6,9,7,7,0.9934,0.9932,0.9999,0.9929,0.0094
6,9,7,8,0.9218,0.9100,0.9802,0.9156,0.0459
6,9,7,9,0.8747,0.8309,0.9066,0.8622,0.0496
6,9,7,10,0.9997,0.9998,0.9999,0.9997,0.0016
6,9,7,11,0.9992,0.9985,1.0000,0.9992,0.0024
6,9,8,0,0.9901,0.9886,0.9909,0.9902,0.0222
6,9,8,1,0.9952,0.9963,0.9998,0.9948,0.0054
6,9,8,2,0.9843,0.9864,0.9966,0.9841,0.0253
6,9,8,3,0.9908,0.9932,0.9996,0.9902,0.0122
6,9,8,4,0.7763,0.8327,0.9123,0.7496,0.0554
6,9,8,5,0.8455,0.8015,0.9575,0.8299,0.0606
6,9,8,6,0.9934,0.9959,1.0000,0.9928,0.0064
6,9,8,7,0.7225,0.7404,0.9548,0.6880,0.0529
6,9,8,8,0.9505,0.9477,0.9907,0.9485,0.0441
6,9,8,9,0.9676,0.9744,0.9986,0.9655,0.0298
6,9,8,10,0.9834,0.9775,0.9934,0.9835,0.0290
6,9,8,11,0.9967,0.9965,1.0000,0.9966,0.0083
6,9,9,0,0.9657,0.9676,0.9999,0.9626,0.0230
6,9,9,1,0.9933,0.9950,0.9993,0.9927,0.0084
6,9,9,2,0.9864,0.9896,0.9995,0.9853,0.0143
6,9,9,3,0.7197,0.6850,0.8710,0.6851,0.0749
6,9,9,4,0.9939,0.9964,0.9999,0.9934,0.0076
6,9,9,5,0.9914,0.9906,0.9996,0.9913,0.0181
6,9,9,6,0.9996,0.9997,1.0000,0.9995,0.0009
6,9,9,7,0.9563,0.9629,0.9985,0.9532,0.0340
6,9,9,8,0.9979,0.9983,1.0000,0.9978,0.0054
6,9,9,9,0.9993,0.9996,1.0000,0.9993,0.0013
6,9,9,10,0.8058,0.7805,0.9515,0.7843,0.0617
6,9,9,11,0.9996,0.9995,1.0000,0.9996,0.0014
6,9,10,0,0.9977,0.9983,1.0000,0.9975,0.0058
6,9,10,1,0.9978,0.9987,1.0000,0.9976,0.0043
6,9,10,2,0.9976,0.9974,0.9996,0.9976,0.0068
6,9,10,3,0.9926,0.9898,0.9937,0.9926,0.0173
6,9,10,4,0.9635,0.9628,0.9931,0.9610,0.0314
6,9,10,5,0.8641,0.8300,0.9811,0.8494,0.0454
6,9,10,6,0.9950,0.9964,1.0000,0.9947,0.0104
6,9,10,7,0.9938,0.9933,0.9990,0.9937,0.0151
6,9,10,8,0.9996,0.9997,1.0000,0.9995,0.0013
6,9,10,9,0.8673,0.8329,0.9813,0.8549,0.0555
6,9,10,10,0.9994,0.9996,1.0000,0.9994,0.0014
6,9,10,11,0.8279,0.8353,0.9840,0.8081,0.0325
6,9,11,0,0.5558,0.5823,0.7132,0.4878,0.1007
6,9,11,1,0.9848,0.9867,0.9925,0.9849,0.0264
6,9,11,2,0.9989,0.9990,0.9986,0.9989,0.0059
6,9,11,3,0.8666,0.8767,0.9101,0.8583,0.0698
6,9,11,4,0.9859,0.9834,0.9759,0.9871,0.0317
6,9,11,5,0.9757,0.9804,0.9976,0.9732,0.0126
6,9,11,6,0.9990,0.9994,0.9999,0.9990,0.0034
6,9,11,7,0.9868,0.9852,0.9942,0.9864,0.0214
6,9,11,8,0.1434,0.4856,0.9418,0.0083,0.0733
6,9,11,9,0.9976,0.9982,0.9997,0.9975,0.0058
6,9,11,10,0.9245,0.9147,0.9232,0.9218,0.0565
6,9,11,11,0.9511,0.9404,0.9821,0.9495,0.0457
6,10,0,0,0.8663,0.8598,0.9252,0.8576,0.0752
6,10,0,1,0.1139,0.1890,0.9812,0.0186,0.0059
6,10,0,2,0.8348,0.8180,0.8163,0.8243,0.0837
6,10,0,3,0.2069,0.2169,0.9486,0.1145,0.0165
6,10,0,4,0.4125,0.3928,0.9525,0.3301,0.0481
6,10,0,5,0.1712,0.1959,0.9664,0.0786,0.0072
6,10,0,6,0.7769,0.7840,0.9449,0.7520,0.0849
6,10,0,7,0.6287,0.6233,0.8489,0.5736,0.0897
6,10,0,8,0.5869,0.5903,0.9121,0.5228,0.0859
6,10,0,9,0.7822,0.7598,0.7255,0.7649,0.0939
6,10,0,10,0.7289,0.6973,0.7966,0.6979,0.0933
6,10,0,11,0.8255,0.8050,0.8414,0.8150,0.0864
6,10,1,0,0.7222,0.7141,0.9458,0.6857,0.0816
6,10,1,1,0.8396,0.8235,0.9657,0.8234,0.0681
6,10,1,2,0.8210,0.8208,0.9588,0.8034,0.0782
6,10,1,3,0.9236,0.8925,0.8648,0.9259,0.0670
6,10,1,4,0.9302,0.9266,0.9638,0.9290,0.0592
6,10,1,5,0.9178,0.9128,0.9820,0.9114,0.0517
6,10,1,6,0.8510,0.8421,0.9814,0.8360,0.0640
6,10,1,7,0.9188,0.9186,0.9737,0.9148,0.0592
6,10,1,8,0.9244,0.9283,0.9340,0.9222,0.0601
6,10,1,9,0.9496,0.9599,0.9786,0.9471,0.0457
6,10,1,10,0.1727,0.5345,0.8598,0.0192,0.0908
6,10,1,11,0.3136,0.2861,0.9697,0.2285,0.0252
6,10,2,0,0.8073,0.7896,0.9161,0.7876,0.0804
6,10,2,1,0.9848,0.9874,0.9982,0.9840,0.0230
6,10,2,2,0.4189,0.5071,0.9179,0.3322,0.0588
6,10,2,3,0.6501,0.6598,0.9625,0.5999,0.0742
6,10,2,4,0.9202,0.9232,0.9872,0.9140,0.0519
6,10,2,5,0.7135,0.7030,0.9203,0.6752,0.0777
6,10,2,6,0.9801,0.9838,0.9990,0.9784,0.0198
6,10,2,7,0.7231,0.7219,0.9023,0.6883,0.0872
6,10,2,8,0.7474,0.7166,0.9044,0.7151,0.0716
6,10,2,9,0.5214,0.5354,0.9088,0.4476,0.0724
6,10,2,10,0.8425,0.8258,0.9285,0.8297,0.0787
6,10,2,11,0.9857,0.9845,0.9958,0.9863,0.0316
6,10,3,0,0.9952,0.9943,1.0000,0.9947,0.0087
6,10,3,1,0.9051,0.8875,0.9088,0.8971,0.0563
6,10,3,2,0.3953,0.5106,0.9361,0.3035,0.0609
6,10,3,3,0.9583,0.9624,0.9913,0.9545,0.0312
6,10,3,4,0.9993,0.9993,1.0000,0.9992,0.0010
6,10,3,5,0.9458,0.9444,0.9759,0.9428,0.0464
6,10,3,6,0.5756,0.5751,0.9015,0.5099,0.0807
6,10,3,7,0.5934,0.5789,0.9579,0.5348,0.0635
6,10,3,8,0.7631,0.7211,0.8534,0.7338,0.0750
6,10,3,9,0.5616,0.6839,0.9166,0.5040,0.0384
6,10,3,10,0.9607,0.9447,0.9976,0.9584,0.0380
6,10,3,11,0.6957,0.7166,0.9735,0.6540,0.0636
6,10,4,0,0.6380,0.6163,0.9017,0.5913,0.0357
6,10,4,1,0.8983,0.8825,0.9231,0.8892,0.0565
6,10,4,2,0.9905,0.9895,0.9977,0.9902,0.0193
6,10,4,3,0.7274,0.7607,0.9732,0.6911,0.0640
6,10,4,4,0.9720,0.9655,0.9916,0.9700,0.0300
6,10,4,5,0.7111,0.7358,0.9726,0.6723,0.0552
6,10,4,6,0.9130,0.9033,0.9580,0.9065,0.0547
6,10,4,7,0.5104,0.5006,0.9595,0.4408,0.0514
6,10,4,8,0.9926,0.9934,0.9999,0.9921,0.0127
6,10,4,9,0.8799,0.8521,0.8475,0.8698,0.0639
6,10,4,10,0.9992,0.9995,0.9998,0.9992,0.0022
6,10,4,11,0.1951,0.3347,1.0000,0.1108,0.0038
6,10,5,0,0.9809,0.9674,1.0000,0.9788,0.0127
6,10,5,1,0.9991,0.9993,1.0000,0.9991,0.0035
6,10,5,2,0.7821,0.7560,0.8828,0.7555,0.0676
6,10,5,3,0.8189,0.7729,0.8164,0.8011,0.0766
6,10,5,4,0.7442,0.6940,0.9035,0.7107,0.0601
6,10,5,5,0.9975,0.9967,0.9998,0.9972,0.0042
6,10,5,6,0.9288,0.9165,0.9997,0.9210,0.0319
6,10,5,7,0.9149,0.9212,0.9704,0.9056,0.0319
6,10,5,8,0.9756,0.9686,0.9993,0.9733,0.0210
6,10,5,9,0.9995,0.9995,0.9999,0.9995,0.0025
6,10,5,10,0.9742,0.9679,0.9958,0.9723,0.0270
6,10,5,11,0.9827,0.9802,0.9982,0.9815,0.0224
6,10,6,0,0.6853,0.6728,0.8603,0.6416,0.0742
6,10,6,1,0.9590,0.9612,0.9990,0.9544,0.0092
6,10,6,2,0.9954,0.9943,0.9971,0.9952,0.0132
6,10,6,3,0.9615,0.9660,0.9991,0.9576,0.0240
6,10,6,4,0.9319,0.9296,0.9956,0.9270,0.0488
6,10,6,5,0.9719,0.9694,0.9944,0.9706,0.0341
6,10,6,6,0.9985,0.9978,0.9996,0.9984,0.0070
6,10,6,7,0.9051,0.9098,0.9947,0.8960,0.0483
6,10,6,8,0.9205,0.9144,0.9854,0.9135,0.0487
6,10,6,9,0.9992,0.9994,1.0000,0.9992,0.0029
6,10,6,10,1.0000,1.0000,1.0000,1.0000,0.0000
6,10,6,11,0.7853,0.7564,0.8412,0.7598,0.0702
6,10,7,0,0.6714,0.7169,0.9736,0.6275,0.0501
6,10,7,1,0.9888,0.9903,0.9997,0.9879,0.0155
6,10,7,2,0.9992,0.9992,1.0000,0.9991,0.0026
6,10,7,3,0.9408,0.9278,0.9915,0.9364,0.0446
6,10,7,4,0.9198,0.9020,0.9955,0.9112,0.0373
6,10,7,5,0.9849,0.9839,0.9892,0.9850,0.0290
6,10,7,6,0.9953,0.9964,0.9999,0.9950,0.0112
6,10,7,7,0.9960,0.9954,0.9999,0.9956,0.0073
6,10,7,8,0.9293,0.9176,0.9796,0.9230,0.0433
6,10,7,9,0.8786,0.8391,0.9053,0.8653,0.0470
6,10,7,10,0.9994,0.9993,0.9999,0.9994,0.0018
6,10,7,11,0.9991,0.9988,1.0000,0.9990,0.0016
6,10,8,0,0.9912,0.9899,0.9905,0.9910,0.0195
6,10,8,1,0.9970,0.9971,0.9997,0.9966,0.0038
6,10,8,2,0.9890,0.9897,0.9963,0.9888,0.0227
6,10,8,3,0.9943,0.9952,0.9995,0.9937,0.0096
6,10,8,4,0.7803,0.8397,0.9111,0.7524,0.0527
6,10,8,5,0.8521,0.8121,0.9567,0.8358,0.0580
6,10,8,6,0.9962,0.9972,1.0000,0.9958,0.0043
6,10,8,7,0.7249,0.7430,0.9539,0.6889,0.0502
6,10,8,8,0.9560,0.9532,0.9903,0.9537,0.0415
6,10,8,9,0.9754,0.9797,0.9985,0.9736,0.0272
6,10,8,10,0.9871,0.9818,0.9931,0.9871,0.0264
6,10,8,11,0.9977,0.9976,0.9999,0.9976,0.0056
6,10,9,0,0.9692,0.9706,0.9998,0.9660,0.0203
6,10,9,1,0.9958,0.9963,0.9992,0.9954,0.0058
6,10,9,2,0.9905,0.9915,0.9994,0.9896,0.0117
6,10,9,3,0.7240,0.6896,0.8696,0.6874,0.0723
6,10,9,4,0.9965,0.9975,0.9999,0.9961,0.0052
6,10,9,5,0.9936,0.9930,0.9995,0.9933,0.0155
6,10,9,6,0.9997,0.9997,1.0000,0.9997,0.0020
6,10,9,7,0.9642,0.9687,0.9983,0.9613,0.0314
6,10,9,8,0.9987,0.9987,1.0000,0.9986,0.0028
6,10,9,9,0.9997,0.9997,1.0000,0.9997,0.0016
6,10,9,10,0.8122,0.7927,0.9506,0.7897,0.0590
6,10,9,11,0.9996,0.9997,1.0000,0.9996,0.0017
6,10,10,0,0.9989,0.9990,1.0000,0.9988,0.0034
6,10,10,1,0.9992,0.9993,1.0000,0.9991,0.0017
6,10,10,2,0.9991,0.9988,0.9996,0.9990,0.0042
6,10,10,3,0.9942,0.9911,0.9933,0.9940,0.0147
6,10,10,4,0.9671,0.9649,0.9928,0.9644,0.0287
6,10,10,5,0.8692,0.8407,0.9805,0.8539,0.0428
6,10,10,6,0.9969,0.9975,1.0000,0.9967,0.0077
6,10,10,7,0.9961,0.9950,0.9989,0.9960,0.0125
6,10,10,8,0.9997,0.9997,1.0000,0.9996,0.0016
6,10,10,9,0.8723,0.8410,0.9807,0.8590,0.0529
6,10,10,10,0.9997,0.9996,1.0000,0.9997,0.0014
6,10,10,11,0.8316,0.8378,0.9835,0.8112,0.0299
6,10,11,0,0.5667,0.5833,0.7111,0.4969,0.0981
6,10,11,1,0.9894,0.9894,0.9922,0.9895,0.0237
6,10,11,2,0.9994,0.9990,0.9984,0.9993,0.0033
6,10,11,3,0.8764,0.8798,0.9089,0.8677,0.0672
6,10,11,4,0.9894,0.9858,0.9752,0.9902,0.0291
6,10,11,5,0.9806,0.9825,0.9974,0.9785,0.0100
6,10,11,6,0.9997,0.9996,0.9999,0.9997,0.0005
6,10,11,7,0.9902,0.9882,0.9939,0.9898,0.0188
6,10,11,8,0.1532,0.4891,0.9408,0.0151,0.0707
6,10,11,9,0.9992,0.9992,0.9997,0.9991,0.0031
6,10,11,10,0.9319,0.9188,0.9221,0.9287,0.0539
6,10,11,11,0.9549,0.9461,0.9815,0.9527,0.0430
6,11,0,0,0.8869,0.8993,0.9835,0.8565,0.0213
6,11,0,1,0.2185,0.3548,0.9297,0.0925,0.0693
6,11,0,2,0.9094,0.9206,0.9990,0.8845,0.0258
6,11,0,3,0.3355,0.3821,0.9691,0.2199,0.0555
6,11,0,4,0.5640,0.5735,0.9660,0.4693,0.0231
6,11,0,5,0.2645,0.3526,0.9520,0.1415,0.0635
6,11,0,6,0.8321,0.8639,0.9719,0.7857,0.0247
6,11,0,7,0.8106,0.8312,0.9999,0.7565,0.0232
6,11,0,8,0.7520,0.7996,0.9890,0.6806,0.0252
6,11,0,9,0.8902,0.9001,0.9824,0.8599,0.0327
6,11,0,10,0.8270,0.8364,0.9970,0.7765,0.0260
6,11,0,11,0.8798,0.8963,1.0000,0.8460,0.0281
6,11,1,0,0.8655,0.8575,0.9712,0.8293,0.0216
6,11,1,1,0.8576,0.8598,0.9528,0.8214,0.0142
6,11,1,2,0.8529,0.8607,0.9602,0.8134,0.0261
6,11,1,3,0.8732,0.8568,0.9990,0.8392,0.0247
6,11,1,4,0.8709,0.8718,0.9550,0.8389,0.0281
6,11,1,5,0.8434,0.8684,0.9282,0.8084,0.0190
6,11,1,6,0.8632,0.8789,0.9293,0.8294,0.0127
6,11,1,7,0.8658,0.8735,0.9424,0.8332,0.0244
6,11,1,8,0.8709,0.8973,0.9789,0.8389,0.0188
6,11,1,9,0.8443,0.8605,0.9346,0.8112,0.0253
6,11,1,10,0.4895,0.7151,0.9994,0.3408,0.0306
6,11,1,11,0.3977,0.4148,0.9478,0.2855,0.0468
6,11,2,0,0.8988,0.9039,0.9874,0.8715,0.0178
6,11,2,1,0.8143,0.8246,0.8718,0.7839,0.0472
6,11,2,2,0.6965,0.7555,0.9867,0.6246,0.0122
6,11,2,3,0.7929,0.8081,0.9563,0.7393,0.0127
6,11,2,4,0.8437,0.8468,0.9167,0.8092,0.0185
6,11,2,5,0.8393,0.8492,0.9857,0.7962,0.0148
6,11,2,6,0.7959,0.7991,0.8641,0.7639,0.0509
6,11,2,7,0.7918,0.8183,0.9921,0.7325,0.0244
6,11,2,8,0.8596,0.8958,0.9915,0.8230,0.0109
6,11,2,9,0.7184,0.7275,0.9901,0.6452,0.0096
6,11,2,10,0.8662,0.8679,0.9818,0.8299,0.0258
6,11,2,11,0.8393,0.8217,0.8872,0.8098,0.0399
6,11,3,0,0.7957,0.7719,0.8391,0.7688,0.0615
6,11,3,1,0.8726,0.9077,0.9901,0.8436,0.0152
6,11,3,2,0.7232,0.7992,0.9777,0.6564,0.0127
6,11,3,3,0.8346,0.8317,0.9051,0.8065,0.0418
6,11,3,4,0.7881,0.7601,0.8432,0.7628,0.0694
6,11,3,5,0.8397,0.8658,0.9389,0.8055,0.0295
6,11,3,6,0.7713,0.8226,0.9924,0.7079,0.0171
6,11,3,7,0.7419,0.7701,0.9611,0.6798,0.0101
6,11,3,8,0.9010,0.9303,0.9997,0.8750,0.0104
6,11,3,9,0.8121,0.8973,0.9872,0.7767,0.0323
6,11,3,10,0.8334,0.8275,0.8768,0.8009,0.0321
6,11,3,11,0.7667,0.7991,0.9426,0.7106,0.0113
6,11,4,0,0.8297,0.8329,0.9923,0.7988,0.0345
6,11,4,1,0.9381,0.9339,0.9845,0.9246,0.0139
6,11,4,2,0.8276,0.8144,0.8760,0.8010,0.0509
6,11,4,3,0.7753,0.7793,0.9430,0.7210,0.0130
6,11,4,4,0.8181,0.8121,0.9042,0.7861,0.0401
6,11,4,5,0.8413,0.8518,0.9439,0.8055,0.0163
6,11,4,6,0.8560,0.8736,0.9610,0.8230,0.0262
6,11,4,7,0.6090,0.6206,0.9595,0.5209,0.0206
6,11,4,8,0.7954,0.7887,0.8476,0.7659,0.0575
6,11,4,9,0.8998,0.9391,0.9999,0.8751,0.0081
6,11,4,10,0.7860,0.7635,0.8505,0.7599,0.0680
6,11,4,11,0.4444,0.5763,0.8401,0.3618,0.0740
6,11,5,0,0.7986,0.7742,0.8359,0.7714,0.0580
6,11,5,1,0.7782,0.7463,0.8373,0.7544,0.0735
6,11,5,2,0.8639,0.8912,0.9966,0.8296,0.0089
6,11,5,3,0.9346,0.9432,0.9990,0.9171,0.0143
6,11,5,4,0.8598,0.8668,0.9918,0.8262,0.0119
6,11,5,5,0.7910,0.7736,0.8517,0.7650,0.0662
6,11,5,6,0.8150,0.8106,0.8532,0.7836,0.0425
6,11,5,7,0.8503,0.8904,0.9469,0.8241,0.0388
6,11,5,8,0.8186,0.8201,0.8609,0.7909,0.0492
6,11,5,9,0.7931,0.7652,0.8487,0.7675,0.0677
6,11,5,10,0.8265,0.8124,0.8873,0.7972,0.0432
6,11,5,11,0.8074,0.7946,0.8724,0.7760,0.0478
6,11,6,0,0.8761,0.8835,0.9993,0.8436,0.0085
6,11,6,1,0.7520,0.8011,0.8642,0.7166,0.0610
6,11,6,2,0.8134,0.7968,0.8800,0.7865,0.0569
6,11,6,3,0.7794,0.7958,0.8635,0.7436,0.0480
6,11,6,4,0.8553,0.8541,0.8881,0.8241,0.0230
6,11,6,5,0.8282,0.8266,0.8936,0.7960,0.0374
6,11,6,6,0.7975,0.7737,0.8554,0.7710,0.0632
6,11,6,7,0.8174,0.8316,0.8923,0.7782,0.0227
6,11,6,8,0.8787,0.8622,0.9209,0.8537,0.0218
6,11,6,9,0.7775,0.7484,0.8428,0.7530,0.0728
6,11,6,10,0.7853,0.7564,0.8412,0.7598,0.0702
6,11,6,11,1.0000,1.0000,1.0000,1.0000,0.0000
6,11,7,0,0.8000,0.8429,0.9425,0.7581,0.0222
6,11,7,1,0.7897,0.7895,0.8548,0.7583,0.0547
6,11,7,2,0.7818,0.7524,0.8406,0.7575,0.0720
6,11,7,3,0.8746,0.8598,0.9043,0.8495,0.0285
6,11,7,4,0.8585,0.8636,0.8885,0.8333,0.0348
6,11,7,5,0.8510,0.8433,0.9113,0.8250,0.0412
6,11,7,6,0.7915,0.7835,0.8491,0.7618,0.0590
6,11,7,7,0.7863,0.7741,0.8487,0.7582,0.0634
6,11,7,8,0.8652,0.8860,0.9326,0.8384,0.0287
6,11,7,9,0.9396,0.9256,0.9912,0.9283,0.0235
6,11,7,10,0.7785,0.7549,0.8504,0.7530,0.0712
6,11,7,11,0.7865,0.7605,0.8461,0.7617,0.0704
6,11,8,0,0.8340,0.8108,0.9077,0.8085,0.0506
6,11,8,1,0.7780,0.7696,0.8535,0.7508,0.0674
6,11,8,2,0.8162,0.8120,0.8845,0.7859,0.0475
6,11,8,3,0.7847,0.7834,0.8585,0.7549,0.0606
6,11,8,4,0.8899,0.9477,0.9893,0.8666,0.0211
6,11,8,5,0.9050,0.9095,0.9622,0.8836,0.0169
6,11,8,6,0.7768,0.7684,0.8442,0.7483,0.0664
6,11,8,7,0.8432,0.8818,0.9647,0.8108,0.0207
6,11,8,8,0.8716,0.8642,0.9083,0.8461,0.0295
6,11,8,9,0.8017,0.8128,0.8699,0.7674,0.0436
6,11,8,10,0.8360,0.8220,0.8989,0.8079,0.0438
6,11,8,11,0.7973,0.7751,0.8476,0.7712,0.0645
6,11,9,0,0.8249,0.8115,0.8510,0.7990,0.0506
6,11,9,1,0.7833,0.7812,0.8625,0.7550,0.0644
6,11,9,2,0.7854,0.7950,0.8598,0.7549,0.0585
6,11,9,3,0.8862,0.9214,0.9985,0.8564,0.0118
6,11,9,4,0.7840,0.7735,0.8499,0.7565,0.0652
6,11,9,5,0.8156,0.7934,0.8583,0.7885,0.0547
6,11,9,6,0.7802,0.7519,0.8403,0.7554,0.0722
6,11,9,7,0.8114,0.8243,0.8711,0.7778,0.0388
6,11,9,8,0.7841,0.7674,0.8442,0.7573,0.0674
6,11,9,9,0.7812,0.7555,0.8441,0.7561,0.0718
6,11,9,10,0.9153,0.9382,0.9675,0.8957,0.0130
6,11,9,11,0.7851,0.7541,0.8450,0.7608,0.0719
6,11,10,0,0.7881,0.7644,0.8415,0.7617,0.0670
6,11,10,1,0.7821,0.7603,0.8425,0.7554,0.0685
6,11,10,2,0.7969,0.7721,0.8570,0.7715,0.0660
6,11,10,3,0.8092,0.8035,0.8979,0.7810,0.0555
6,11,10,4,0.8266,0.8461,0.9001,0.7971,0.0415
6,11,10,5,0.8583,0.8849,0.9311,0.8318,0.0285
6,11,10,6,0.7955,0.7737,0.8463,0.7682,0.0624
6,11,10,7,0.8091,0.7933,0.8661,0.7820,0.0577
6,11,10,8,0.7823,0.7529,0.8449,0.7573,0.0718
6,11,10,9,0.8548,0.8494,0.9307,0.8220,0.0192
6,11,10,10,0.7812,0.7529,0.8426,0.7560,0.0716
6,11,10,11,0.8084,0.8358,0.9252,0.7756,0.0418
6,11,11,0,0.8010,0.8103,0.9783,0.7414,0.0329
6,11,11,1,0.8223,0.8179,0.9022,0.7925,0.0464
6,11,11,2,0.7928,0.7674,0.8705,0.7669,0.0669
6,11,11,3,0.8544,0.9007,0.9901,0.8165,0.0104
6,11,11,4,0.8427,0.8320,0.9400,0.8144,0.0413
6,11,11,5,0.7722,0.7967,0.8781,0.7409,0.0607
6,11,11,6,0.7856,0.7597,0.8499,0.7598,0.0697
6,11,11,7,0.8196,0.8070,0.8958,0.7919,0.0514
6,11,11,8,0.4698,0.6937,0.9747,0.3353,0.0097
6,11,11,9,0.7896,0.7679,0.8549,0.7630,0.0670
6,11,11,10,0.8679,0.9062,0.9849,0.8372,0.0186
6,11,11,11,0.8753,0.8836,0.9291,0.8500,0.0274
7,0,0,0,0.7257,0.8259,0.9874,0.6657,0.0369
7,0,0,1,0.1667,0.4622,0.9993,0.0507,0.0492
7,0,0,2,0.7802,0.8223,0.9266,0.7321,0.0441
7,0,0,3,0.2903,0.4985,0.9958,0.1832,0.0349
7,0,0,4,0.4900,0.6546,0.9969,0.3946,0.0172
7,0,0,5,0.2173,0.4641,0.9996,0.1041,0.0434
7,0,0,6,0.7285,0.8410,0.9947,0.6683,0.0421
7,0,0,7,0.7575,0.8211,0.9472,0.7036,0.0438
7,0,0,8,0.6335,0.7284,0.9816,0.5475,0.0439
7,0,0,9,0.7548,0.8042,0.8635,0.6997,0.0530
7,0,0,10,0.6721,0.7892,0.9136,0.5941,0.0468
7,0,0,11,0.7418,0.8392,0.9426,0.6834,0.0474
7,0,1,0,0.7750,0.8169,0.9950,0.7266,0.0378
7,0,1,1,0.7480,0.8179,0.9995,0.6951,0.0269
7,0,1,2,0.7023,0.8014,0.9983,0.6370,0.0409
7,0,1,3,0.7671,0.8159,0.9566,0.7169,0.0353
7,0,1,4,0.7222,0.8008,0.9992,0.6645,0.0340
7,0,1,5,0.6886,0.7801,0.9992,0.6279,0.0171
7,0,1,6,0.7085,0.8044,0.9993,0.6481,0.0223
7,0,1,7,0.7145,0.7966,1.0000,0.6559,0.0303
7,0,1,8,0.7300,0.8121,0.9909,0.6740,0.0252
7,0,1,9,0.6962,0.7810,0.9997,0.6387,0.0165
7,0,1,10,0.4772,0.6877,0.9537,0.3511,0.0506
7,0,1,11,0.3399,0.5307,0.9999,0.2332,0.0281
7,0,2,0,0.7949,0.8493,0.9834,0.7510,0.0363
7,0,2,1,0.7126,0.7685,0.9854,0.6661,0.0308
7,0,2,2,0.7871,0.8266,0.9842,0.7445,0.0129
7,0,2,3,0.7556,0.8225,0.9990,0.7038,0.0296
7,0,2,4,0.7579,0.8002,0.9975,0.7110,0.0115
7,0,2,5,0.7952,0.8429,0.9853,0.7516,0.0331
7,0,2,6,0.6555,0.7301,0.9826,0.6015,0.0324
7,0,2,7,0.7009,0.8084,0.9769,0.6326,0.0447
7,0,2,8,0.7782,0.8491,0.9779,0.7311,0.0278
7,0,2,9,0.7122,0.7681,0.9801,0.6506,0.0273
7,0,2,10,0.7191,0.8169,0.9888,0.6572,0.0409
7,0,2,11,0.7187,0.7764,0.9904,0.6696,0.0311
7,0,3,0,0.6843,0.7457,0.9727,0.6395,0.0415
7,0,3,1,0.7325,0.7938,0.9801,0.6797,0.0112
7,0,3,2,0.7544,0.8386,0.9917,0.7045,0.0186
7,0,3,3,0.8041,0.8318,0.9952,0.7715,0.0231
7,0,3,4,0.6754,0.7194,0.9744,0.6318,0.0493
7,0,3,5,0.6809,0.7614,0.9999,0.6204,0.0244
7,0,3,6,0.7724,0.8279,0.9765,0.7228,0.0376
7,0,3,7,0.8468,0.8583,0.9981,0.8161,0.0173
7,0,3,8,0.8121,0.8642,0.9499,0.7726,0.0254
7,0,3,9,0.5224,0.7771,0.9837,0.4387,0.0130
7,0,3,10,0.7184,0.8009,0.9871,0.6678,0.0178
7,0,3,11,0.7438,0.8042,1.0000,0.6919,0.0190
7,0,4,0,0.6912,0.7967,0.9766,0.6379,0.0150
7,0,4,1,0.7899,0.8164,0.9865,0.7485,0.0130
7,0,4,2,0.7004,0.7653,0.9868,0.6530,0.0342
7,0,4,3,0.6268,0.7056,1.0000,0.5504,0.0207
7,0,4,4,0.6517,0.7279,0.9950,0.5928,0.0251
7,0,4,5,0.7911,0.8483,1.0000,0.7503,0.0083
7,0,4,6,0.6752,0.7584,0.9982,0.6108,0.0264
7,0,4,7,0.5429,0.6750,0.9985,0.4547,0.0121
7,0,4,8,0.6606,0.7285,0.9762,0.6098,0.0376
7,0,4,9,0.7145,0.7769,0.9463,0.6554,0.0177
7,0,4,10,0.6713,0.7190,0.9774,0.6268,0.0479
7,0,4,11,0.6711,0.7116,0.9731,0.6299,0.0539
7,0,5,0,0.6651,0.7143,0.9713,0.6167,0.0374
7,0,5,1,0.6709,0.7120,0.9719,0.6296,0.0534
7,0,5,2,0.6650,0.7539,0.9667,0.5945,0.0198
7,0,5,3,0.7645,0.7921,0.9267,0.7136,0.0338
7,0,5,4,0.7445,0.8170,0.9775,0.6926,0.0147
7,0,5,5,0.6740,0.7360,0.9779,0.6292,0.0462
7,0,5,6,0.7683,0.8222,0.9785,0.7303,0.0222
7,0,5,7,0.7422,0.8262,0.9999,0.6981,0.0206
7,0,5,8,0.6833,0.7694,0.9814,0.6337,0.0294
7,0,5,9,0.6772,0.7201,0.9767,0.6329,0.0476
7,0,5,10,0.6581,0.7357,0.9904,0.6013,0.0239
7,0,5,11,0.6590,0.7284,0.9856,0.6041,0.0287
7,0,6,0,0.7573,0.7983,0.9540,0.7054,0.0265
7,0,6,1,0.6125,0.6901,0.9827,0.5564,0.0409
7,0,6,2,0.6817,0.7361,0.9881,0.6335,0.0387
7,0,6,3,0.6057,0.6849,0.9824,0.5431,0.0300
7,0,6,4,0.7329,0.8321,0.9907,0.6819,0.0173
7,0,6,5,0.6770,0.7462,0.9922,0.6203,0.0278
7,0,6,6,0.6798,0.7366,0.9793,0.6343,0.0432
7,0,6,7,0.6597,0.7475,0.9919,0.5952,0.0192
7,0,6,8,0.7553,0.8045,0.9982,0.7093,0.0130
7,0,6,9,0.6689,0.7123,0.9742,0.6268,0.0527
7,0,6,10,0.6714,0.7169,0.9736,0.6275,0.0501
7,0,6,11,0.8000,0.8429,0.9425,0.7581,0.0222
7,0,7,0,1.0000,1.0000,1.0000,1.0000,0.0000
7,0,7,1,0.6559,0.7409,0.9791,0.6037,0.0349
7,0,7,2,0.6684,0.7120,0.9733,0.6257,0.0519
7,0,7,3,0.7261,0.7764,0.9950,0.6755,0.0228
7,0,7,4,0.6877,0.7267,0.9908,0.6335,0.0202
7,0,7,5,0.7290,0.7787,0.9965,0.6827,0.0277
7,0,7,6,0.6663,0.7280,0.9768,0.6169,0.0390
7,0,7,7,0.6559,0.7140,0.9767,0.6073,0.0433
7,0,7,8,0.7125,0.7727,0.9996,0.6597,0.0129
7,0,7,9,0.7261,0.7339,0.9784,0.6748,0.0126
7,0,7,10,0.6663,0.7152,0.9774,0.6228,0.0512
7,0,7,11,0.6709,0.7203,0.9756,0.6273,0.0504
7,0,8,0,0.7194,0.7629,0.9958,0.6750,0.0335
7,0,8,1,0.6548,0.7113,0.9786,0.6083,0.0474
7,0,8,2,0.6760,0.7523,0.9896,0.6233,0.0342
7,0,8,3,0.6583,0.7268,0.9805,0.6088,0.0408
7,0,8,4,0.8005,0.8280,0.9812,0.7625,0.0105
7,0,8,5,0.7347,0.7646,0.9979,0.6822,0.0223
7,0,8,6,0.6544,0.7123,0.9748,0.6068,0.0463
7,0,8,7,0.9300,0.9494,0.9972,0.9169,0.0067
7,0,8,8,0.7378,0.8311,0.9959,0.6895,0.0231
7,0,8,9,0.6573,0.7336,0.9847,0.6005,0.0290
7,0,8,10,0.7012,0.7650,0.9937,0.6510,0.0311
7,0,8,11,0.6891,0.7420,0.9762,0.6454,0.0445
7,0,9,0,0.7321,0.8085,0.9776,0.6908,0.0300
7,0,9,1,0.6589,0.7222,0.9821,0.6111,0.0443
7,0,9,2,0.6669,0.7339,0.9810,0.6179,0.0384
7,0,9,3,0.9363,0.9250,0.9594,0.9249,0.0266
7,0,9,4,0.6624,0.7220,0.9772,0.6156,0.0451
7,0,9,5,0.7095,0.7721,0.9804,0.6652,0.0352
7,0,9,6,0.6708,0.7149,0.9732,0.6282,0.0521
7,0,9,7,0.6501,0.7429,0.9852,0.5908,0.0230
7,0,9,8,0.6757,0.7285,0.9748,0.6315,0.0474
7,0,9,9,0.6686,0.7141,0.9748,0.6254,0.0517
7,0,9,10,0.7845,0.7975,0.9964,0.7414,0.0168
7,0,9,11,0.6740,0.7164,0.9751,0.6315,0.0518
7,0,10,0,0.6814,0.7307,0.9737,0.6378,0.0470
7,0,10,1,0.6676,0.7155,0.9741,0.6227,0.0484
7,0,10,2,0.6716,0.7181,0.9799,0.6260,0.0459
7,0,10,3,0.6817,0.7359,0.9934,0.6332,0.0362
7,0,10,4,0.7429,0.8309,0.9940,0.7003,0.0235
7,0,10,5,0.6568,0.6755,0.9995,0.5959,0.0150
7,0,10,6,0.6872,0.7388,0.9757,0.6426,0.0424
7,0,10,7,0.6904,0.7571,0.9834,0.6442,0.0382
7,0,10,8,0.6728,0.7137,0.9751,0.6300,0.0517
7,0,10,9,0.7204,0.7596,0.9994,0.6656,0.0172
7,0,10,10,0.6730,0.7143,0.9742,0.6303,0.0516
7,0,10,11,0.8516,0.8876,0.9988,0.8276,0.0215
7,0,11,0,0.6176,0.7293,0.8529,0.5222,0.0540
7,0,11,1,0.6913,0.7584,0.9945,0.6404,0.0319
7,0,11,2,0.6788,0.7211,0.9850,0.6345,0.0474
7,0,11,3,0.8074,0.8820,0.9801,0.7670,0.0241
7,0,11,4,0.7131,0.7633,1.0000,0.6635,0.0336
7,0,11,5,0.6270,0.7013,0.9875,0.5735,0.0401
7,0,11,6,0.6735,0.7164,0.9771,0.6297,0.0496
7,0,11,7,0.6710,0.7450,0.9928,0.6192,0.0332
7,0,11,8,0.4399,0.6688,0.9933,0.3201,0.0237
7,0,11,9,0.6687,0.7172,0.9791,0.6229,0.0470
7,0,11,10,0.7725,0.8605,0.9861,0.7271,0.0177
7,0,11,11,0.7792,0.8316,0.9993,0.7380,0.0199
7,1,0,0,0.8818,0.8888,0.9346,0.8698,0.0600
7,1,0,1,0.1857,0.2678,0.9858,0.0902,0.0148
7,1,0,2,0.8580,0.8450,0.8307,0.8448,0.0687
7,1,0,3,0.2806,0.2999,0.9564,0.1891,0.0113
7,1,0,4,0.4667,0.4685,0.9599,0.3843,0.0327
7,1,0,5,0.2411,0.2769,0.9726,0.1486,0.0093
7,1,0,6,0.8090,0.8184,0.9529,0.7831,0.0694
7,1,0,7,0.6830,0.6746,0.8621,0.6301,0.0742
7,1,0,8,0.6253,0.6234,0.9223,0.5591,0.0704
7,1,0,9,0.8160,0.7922,0.7428,0.7974,0.0784
7,1,0,10,0.7752,0.7507,0.8118,0.7455,0.0778
7,1,0,11,0.8614,0.8411,0.8549,0.8510,0.0712
7,1,1,0,0.7507,0.7551,0.9538,0.7120,0.0666
7,1,1,1,0.8792,0.8660,0.9720,0.8646,0.0531
7,1,1,2,0.8663,0.8619,0.9657,0.8511,0.0640
7,1,1,3,0.9336,0.9075,0.8773,0.9321,0.0516
7,1,1,4,0.9533,0.9494,0.9703,0.9517,0.0458
7,1,1,5,0.9435,0.9407,0.9865,0.9377,0.0365
7,1,1,6,0.8642,0.8798,0.9860,0.8462,0.0491
7,1,1,7,0.9412,0.9387,0.9792,0.9368,0.0455
7,1,1,8,0.9468,0.9481,0.9428,0.9441,0.0451
7,1,1,9,0.9633,0.9712,0.9835,0.9600,0.0315
7,1,1,10,0.2201,0.5860,0.8725,0.0618,0.0761
7,1,1,11,0.3759,0.3637,0.9757,0.2912,0.0129
7,1,2,0,0.8312,0.8239,0.9260,0.8093,0.0649
7,1,2,1,0.9803,0.9865,0.9994,0.9777,0.0106
7,1,2,2,0.4699,0.5723,0.9277,0.3825,0.0438
7,1,2,3,0.6820,0.7023,0.9691,0.6298,0.0593
7,1,2,4,0.9280,0.9440,0.9910,0.9194,0.0370
7,1,2,5,0.7637,0.7531,0.9300,0.7276,0.0624
7,1,2,6,0.9960,0.9955,0.9998,0.9955,0.0072
7,1,2,7,0.7747,0.7733,0.9130,0.7424,0.0720
7,1,2,8,0.7869,0.7596,0.9150,0.7551,0.0564
7,1,2,9,0.5587,0.5825,0.9192,0.4825,0.0572
7,1,2,10,0.8820,0.8663,0.9377,0.8706,0.0640
7,1,2,11,0.9891,0.9904,0.9978,0.9883,0.0206
7,1,3,0,0.9859,0.9924,0.9996,0.9842,0.0087
7,1,3,1,0.9275,0.9104,0.9191,0.9193,0.0411
7,1,3,2,0.4273,0.5677,0.9448,0.3311,0.0454
7,1,3,3,0.9518,0.9613,0.9943,0.9454,0.0157
7,1,3,4,0.9867,0.9890,0.9998,0.9854,0.0147
7,1,3,5,0.9637,0.9602,0.9812,0.9606,0.0328
7,1,3,6,0.6158,0.6255,0.9123,0.5486,0.0652
7,1,3,7,0.6279,0.6274,0.9649,0.5675,0.0480
7,1,3,8,0.8002,0.7585,0.8664,0.7711,0.0596
7,1,3,9,0.5896,0.7161,0.9265,0.5299,0.0235
7,1,3,10,0.9742,0.9679,0.9990,0.9717,0.0231
7,1,3,11,0.7260,0.7549,0.9790,0.6830,0.0487
7,1,4,0,0.6484,0.6486,0.9124,0.5979,0.0202
7,1,4,1,0.8939,0.9024,0.9326,0.8800,0.0413
7,1,4,2,0.9883,0.9887,0.9991,0.9868,0.0101
7,1,4,3,0.7584,0.7970,0.9787,0.7211,0.0485
7,1,4,4,0.9821,0.9810,0.9946,0.9800,0.0151
7,1,4,5,0.7207,0.7707,0.9782,0.6776,0.0403
7,1,4,6,0.9401,0.9303,0.9650,0.9341,0.0397
7,1,4,7,0.5839,0.5770,0.9664,0.5185,0.0365
7,1,4,8,0.9950,0.9954,0.9999,0.9943,0.0059
7,1,4,9,0.9015,0.8746,0.8608,0.8902,0.0484
7,1,4,10,0.9902,0.9912,1.0000,0.9893,0.0132
7,1,4,11,0.2195,0.3990,0.9996,0.1303,0.0193
7,1,5,0,0.9728,0.9809,0.9994,0.9695,0.0070
7,1,5,1,0.9836,0.9864,0.9995,0.9825,0.0188
7,1,5,2,0.8162,0.7987,0.8945,0.7896,0.0521
7,1,5,3,0.8369,0.8062,0.8308,0.8159,0.0614
7,1,5,4,0.7799,0.7417,0.9142,0.7464,0.0449
7,1,5,5,0.9879,0.9904,1.0000,0.9866,0.0115
7,1,5,6,0.9245,0.9272,1.0000,0.9142,0.0172
7,1,5,7,0.9246,0.9344,0.9763,0.9143,0.0164
7,1,5,8,0.9725,0.9795,0.9999,0.9689,0.0079
7,1,5,9,0.9893,0.9902,0.9999,0.9882,0.0130
7,1,5,10,0.9830,0.9848,0.9978,0.9809,0.0126
7,1,5,11,0.9941,0.9912,0.9994,0.9935,0.0077
7,1,6,0,0.7091,0.7141,0.8730,0.6621,0.0593
7,1,6,1,0.9712,0.9719,0.9998,0.9677,0.0068
7,1,6,2,0.9903,0.9922,0.9987,0.9891,0.0091
7,1,6,3,0.9794,0.9797,0.9999,0.9766,0.0117
7,1,6,4,0.9370,0.9459,0.9977,0.9296,0.0333
7,1,6,5,0.9864,0.9850,0.9968,0.9853,0.0207
7,1,6,6,0.9914,0.9940,1.0000,0.9904,0.0091
7,1,6,7,0.9366,0.9416,0.9970,0.9290,0.0338
7,1,6,8,0.9235,0.9373,0.9895,0.9137,0.0332
7,1,6,9,0.9837,0.9871,0.9997,0.9826,0.0181
7,1,6,10,0.9888,0.9903,0.9997,0.9879,0.0155
7,1,6,11,0.7897,0.7895,0.8548,0.7583,0.0547
7,1,7,0,0.6559,0.7409,0.9791,0.6037,0.0349
7,1,7,1,1.0000,1.0000,1.0000,1.0000,0.0000
7,1,7,2,0.9852,0.9905,0.9996,0.9841,0.0173
7,1,7,3,0.9471,0.9587,0.9945,0.9408,0.0299
7,1,7,4,0.9219,0.9302,0.9976,0.9113,0.0236
7,1,7,5,0.9866,0.9871,0.9926,0.9853,0.0172
7,1,7,6,0.9951,0.9953,0.9999,0.9945,0.0067
7,1,7,7,0.9946,0.9962,0.9999,0.9941,0.0092
7,1,7,8,0.9380,0.9422,0.9844,0.9302,0.0278
7,1,7,9,0.8707,0.8673,0.9158,0.8524,0.0315
7,1,7,10,0.9863,0.9888,1.0000,0.9853,0.0165
7,1,7,11,0.9858,0.9920,0.9999,0.9846,0.0157
7,1,8,0,0.9779,0.9832,0.9937,0.9750,0.0093
7,1,8,1,0.9916,0.9930,1.0000,0.9910,0.0127
7,1,8,2,0.9941,0.9941,0.9982,0.9935,0.0114
7,1,8,3,0.9941,0.9948,1.0000,0.9934,0.0059
7,1,8,4,0.7753,0.8602,0.9213,0.7417,0.0373
7,1,8,5,0.8549,0.8479,0.9638,0.8344,0.0428
7,1,8,6,0.9948,0.9942,0.9998,0.9944,0.0117
7,1,8,7,0.7115,0.7534,0.9612,0.6680,0.0356
7,1,8,8,0.9578,0.9666,0.9935,0.9531,0.0273
7,1,8,9,0.9922,0.9936,0.9995,0.9914,0.0132
7,1,8,10,0.9879,0.9934,0.9957,0.9866,0.0135
7,1,8,11,0.9868,0.9889,0.9999,0.9854,0.0098
7,1,9,0,0.9631,0.9667,1.0000,0.9582,0.0077
7,1,9,1,0.9928,0.9930,0.9999,0.9921,0.0097
7,1,9,2,0.9927,0.9915,1.0000,0.9918,0.0041
7,1,9,3,0.7232,0.7260,0.8819,0.6789,0.0568
7,1,9,4,0.9953,0.9948,1.0000,0.9950,0.0105
7,1,9,5,0.9872,0.9915,1.0000,0.9855,0.0063
7,1,9,6,0.9865,0.9880,0.9996,0.9855,0.0174
7,1,9,7,0.9794,0.9809,0.9995,0.9769,0.0159
7,1,9,8,0.9882,0.9896,0.9998,0.9870,0.0127
7,1,9,9,0.9879,0.9891,0.9998,0.9871,0.0171
7,1,9,10,0.8132,0.8325,0.9582,0.7856,0.0438
7,1,9,11,0.9863,0.9880,0.9998,0.9852,0.0172
7,1,10,0,0.9879,0.9893,0.9997,0.9867,0.0123
7,1,10,1,0.9901,0.9910,0.9997,0.9893,0.0138
7,1,10,2,0.9909,0.9921,1.0000,0.9900,0.0113
7,1,10,3,0.9878,0.9894,0.9960,0.9862,0.0058
7,1,10,4,0.9674,0.9665,0.9955,0.9631,0.0132
7,1,10,5,0.8729,0.8760,0.9852,0.8549,0.0286
7,1,10,6,0.9872,0.9889,0.9999,0.9856,0.0080
7,1,10,7,0.9915,0.9924,0.9998,0.9903,0.0059
7,1,10,8,0.9864,0.9880,0.9998,0.9854,0.0171
7,1,10,9,0.8782,0.8853,0.9854,0.8616,0.0374
7,1,10,10,0.9865,0.9878,0.9997,0.9855,0.0169
7,1,10,11,0.8251,0.8381,0.9878,0.8009,0.0147
7,1,11,0,0.6098,0.6256,0.7288,0.5385,0.0826
7,1,11,1,0.9901,0.9904,0.9950,0.9890,0.0119
7,1,11,2,0.9880,0.9889,0.9995,0.9867,0.0130
7,1,11,3,0.8916,0.8963,0.9192,0.8801,0.0517
7,1,11,4,0.9880,0.9860,0.9806,0.9870,0.0189
7,1,11,5,0.9890,0.9876,0.9989,0.9877,0.0100
7,1,11,6,0.9884,0.9893,1.0000,0.9873,0.0150
7,1,11,7,0.9917,0.9907,0.9964,0.9906,0.0077
7,1,11,8,0.2074,0.5458,0.9491,0.0661,0.0558
7,1,11,9,0.9921,0.9929,1.0000,0.9913,0.0123
7,1,11,10,0.9504,0.9397,0.9316,0.9466,0.0384
7,1,11,11,0.9519,0.9636,0.9861,0.9465,0.0275
7,2,0,0,0.8583,0.8574,0.9247,0.8499,0.0770
7,2,0,1,0.1100,0.1951,0.9810,0.0165,0.0035
7,2,0,2,0.8259,0.8150,0.8156,0.8157,0.0855
7,2,0,3,0.2008,0.2235,0.9482,0.1100,0.0184
7,2,0,4,0.4060,0.3990,0.9521,0.3251,0.0500
7,2,0,5,0.1669,0.2026,0.9661,0.0761,0.0085
7,2,0,6,0.7639,0.7812,0.9445,0.7386,0.0867
7,2,0,7,0.6154,0.6209,0.8483,0.5603,0.0916
7,2,0,8,0.5777,0.5890,0.9116,0.5145,0.0878
7,2,0,9,0.7725,0.7575,0.7246,0.7556,0.0958
7,2,0,10,0.7209,0.6983,0.7959,0.6908,0.0951
7,2,0,11,0.8159,0.8032,0.8407,0.8057,0.0883
7,2,1,0,0.7130,0.7105,0.9455,0.6770,0.0834
7,2,1,1,0.8327,0.8218,0.9654,0.8169,0.0699
7,2,1,2,0.8107,0.8183,0.9585,0.7931,0.0800
7,2,1,3,0.9187,0.8913,0.8642,0.9217,0.0689
7,2,1,4,0.9230,0.9244,0.9635,0.9219,0.0610
7,2,1,5,0.9123,0.9126,0.9818,0.9061,0.0535
7,2,1,6,0.8458,0.8403,0.9812,0.8315,0.0659
7,2,1,7,0.9111,0.9154,0.9734,0.9072,0.0610
7,2,1,8,0.9175,0.9262,0.9335,0.9155,0.0619
7,2,1,9,0.9445,0.9580,0.9783,0.9422,0.0475
7,2,1,10,0.1624,0.5337,0.8592,0.0108,0.0926
7,2,1,11,0.3087,0.2925,0.9695,0.2252,0.0270
7,2,2,0,0.7994,0.7854,0.9156,0.7802,0.0823
7,2,2,1,0.9817,0.9852,0.9982,0.9809,0.0248
7,2,2,2,0.4087,0.5049,0.9174,0.3230,0.0606
7,2,2,3,0.6414,0.6561,0.9622,0.5920,0.0761
7,2,2,4,0.9163,0.9237,0.9870,0.9106,0.0538
7,2,2,5,0.7022,0.7008,0.9198,0.6640,0.0795
7,2,2,6,0.9763,0.9849,0.9990,0.9745,0.0216
7,2,2,7,0.7104,0.7201,0.9018,0.6754,0.0891
7,2,2,8,0.7391,0.7150,0.9039,0.7073,0.0735
7,2,2,9,0.5062,0.5343,0.9083,0.4324,0.0742
7,2,2,10,0.8324,0.8234,0.9281,0.8197,0.0805
7,2,2,11,0.9821,0.9825,0.9957,0.9828,0.0335
7,2,3,0,0.9946,0.9941,1.0000,0.9942,0.0105
7,2,3,1,0.8996,0.8865,0.9083,0.8920,0.0581
7,2,3,2,0.3876,0.5070,0.9357,0.2973,0.0627
7,2,3,3,0.9559,0.9611,0.9912,0.9523,0.0331
7,2,3,4,0.9988,0.9985,1.0000,0.9987,0.0029
7,2,3,5,0.9384,0.9425,0.9756,0.9352,0.0483
7,2,3,6,0.5637,0.5702,0.9010,0.4985,0.0825
7,2,3,7,0.5810,0.5776,0.9575,0.5225,0.0653
7,2,3,8,0.7546,0.7191,0.8528,0.7257,0.0769
7,2,3,9,0.5517,0.6809,0.9161,0.4945,0.0403
7,2,3,10,0.9570,0.9443,0.9975,0.9550,0.0399
7,2,3,11,0.6873,0.7136,0.9732,0.6462,0.0655
7,2,4,0,0.6324,0.6105,0.9012,0.5864,0.0375
7,2,4,1,0.8952,0.8787,0.9226,0.8869,0.0584
7,2,4,2,0.9871,0.9877,0.9976,0.9868,0.0211
7,2,4,3,0.7150,0.7572,0.9729,0.6784,0.0659
7,2,4,4,0.9694,0.9658,0.9914,0.9677,0.0319
7,2,4,5,0.7058,0.7316,0.9723,0.6679,0.0571
7,2,4,6,0.9063,0.9007,0.9577,0.8999,0.0565
7,2,4,7,0.4993,0.5008,0.9591,0.4304,0.0533
7,2,4,8,0.9891,0.9924,0.9999,0.9884,0.0146
7,2,4,9,0.8735,0.8490,0.8469,0.8637,0.0657
7,2,4,10,0.9982,0.9991,0.9998,0.9980,0.0041
7,2,4,11,0.1852,0.3388,1.0000,0.1018,0.0020
7,2,5,0,0.9826,0.9698,1.0000,0.9810,0.0146
7,2,5,1,0.9992,0.9990,1.0000,0.9991,0.0014
7,2,5,2,0.7753,0.7525,0.8822,0.7493,0.0694
7,2,5,3,0.8128,0.7688,0.8157,0.7958,0.0784
7,2,5,4,0.7408,0.6966,0.9030,0.7085,0.0619
7,2,5,5,0.9971,0.9959,0.9998,0.9968,0.0058
7,2,5,6,0.9236,0.9159,0.9997,0.9158,0.0337
7,2,5,7,0.9100,0.9194,0.9701,0.9007,0.0337
7,2,5,8,0.9757,0.9676,0.9993,0.9738,0.0228
7,2,5,9,0.9985,0.9987,0.9999,0.9984,0.0049
7,2,5,10,0.9719,0.9683,0.9957,0.9703,0.0289
7,2,5,11,0.9801,0.9805,0.9981,0.9790,0.0243
7,2,6,0,0.6760,0.6671,0.8597,0.6328,0.0761
7,2,6,1,0.9534,0.9620,0.9990,0.9485,0.0110
7,2,6,2,0.9941,0.9933,0.9970,0.9941,0.0151
7,2,6,3,0.9569,0.9658,0.9990,0.9527,0.0258
7,2,6,4,0.9268,0.9270,0.9955,0.9222,0.0506
7,2,6,5,0.9673,0.9687,0.9943,0.9661,0.0359
7,2,6,6,0.9976,0.9969,0.9996,0.9975,0.0088
7,2,6,7,0.8957,0.9096,0.9946,0.8862,0.0501
7,2,6,8,0.9169,0.9137,0.9852,0.9104,0.0505
7,2,6,9,0.9995,0.9992,1.0000,0.9995,0.0010
7,2,6,10,0.9992,0.9992,1.0000,0.9991,0.0026
7,2,6,11,0.7818,0.7524,0.8406,0.7575,0.0720
7,2,7,0,0.6684,0.7120,0.9733,0.6257,0.0519
7,2,7,1,0.9852,0.9905,0.9996,0.9841,0.0173
7,2,7,2,1.0000,1.0000,1.0000,1.0000,0.0000
7,2,7,3,0.9401,0.9281,0.9914,0.9365,0.0464
7,2,7,4,0.9203,0.9016,0.9954,0.9126,0.0391
7,2,7,5,0.9812,0.9819,0.9891,0.9813,0.0308
7,2,7,6,0.9924,0.9959,0.9999,0.9920,0.0130
7,2,7,7,0.9950,0.9962,0.9999,0.9947,0.0087
7,2,7,8,0.9255,0.9167,0.9794,0.9196,0.0451
7,2,7,9,0.8781,0.8361,0.9048,0.8658,0.0488
7,2,7,10,0.9994,0.9993,0.9998,0.9994,0.0016
7,2,7,11,0.9998,0.9997,0.9999,0.9998,0.0016
7,2,8,0,0.9900,0.9882,0.9903,0.9900,0.0214
7,2,8,1,0.9956,0.9975,0.9997,0.9952,0.0046
7,2,8,2,0.9852,0.9884,0.9962,0.9850,0.0245
7,2,8,3,0.9912,0.9946,0.9994,0.9906,0.0114
7,2,8,4,0.7783,0.8370,0.9106,0.7515,0.0546
7,2,8,5,0.8495,0.8087,0.9563,0.8341,0.0598
7,2,8,6,0.9938,0.9973,1.0000,0.9932,0.0056
7,2,8,7,0.7216,0.7375,0.9535,0.6866,0.0521
7,2,8,8,0.9524,0.9505,0.9901,0.9503,0.0433
7,2,8,9,0.9698,0.9796,0.9984,0.9678,0.0290
7,2,8,10,0.9862,0.9820,0.9929,0.9866,0.0282
7,2,8,11,0.9965,0.9960,0.9999,0.9963,0.0075
7,2,9,0,0.9654,0.9673,0.9998,0.9622,0.0222
7,2,9,1,0.9935,0.9959,0.9991,0.9930,0.0076
7,2,9,2,0.9863,0.9912,0.9993,0.9852,0.0135
7,2,9,3,0.7213,0.6856,0.8690,0.6864,0.0741
7,2,9,4,0.9940,0.9978,0.9998,0.9935,0.0068
7,2,9,5,0.9918,0.9910,0.9994,0.9916,0.0173
7,2,9,6,0.9992,0.9991,1.0000,0.9991,0.0012
7,2,9,7,0.9589,0.9672,0.9983,0.9559,0.0332
7,2,9,8,0.9974,0.9980,1.0000,0.9972,0.0046
7,2,9,9,0.9991,0.9992,1.0000,0.9990,0.0010
7,2,9,10,0.8110,0.7901,0.9502,0.7899,0.0609
7,2,9,11,0.9993,0.9989,1.0000,0.9992,0.0020
7,2,10,0,0.9973,0.9980,1.0000,0.9971,0.0050
7,2,10,1,0.9977,0.9990,1.0000,0.9975,0.0041
7,2,10,2,0.9982,0.9980,0.9995,0.9982,0.0063
7,2,10,3,0.9937,0.9907,0.9932,0.9937,0.0165
7,2,10,4,0.9631,0.9636,0.9926,0.9603,0.0306
7,2,10,5,0.8692,0.8403,0.9803,0.8548,0.0446
7,2,10,6,0.9947,0.9962,0.9999,0.9944,0.0096
7,2,10,7,0.9937,0.9939,0.9988,0.9935,0.0143
7,2,10,8,0.9993,0.9992,1.0000,0.9992,0.0016
7,2,10,9,0.8712,0.8435,0.9805,0.8589,0.0547
7,2,10,10,0.9990,0.9991,1.0000,0.9989,0.0014
7,2,10,11,0.8268,0.8337,0.9833,0.8066,0.0317
7,2,11,0,0.5589,0.5844,0.7103,0.4907,0.1000
7,2,11,1,0.9855,0.9879,0.9920,0.9854,0.0256
7,2,11,2,0.9985,0.9985,0.9983,0.9985,0.0056
7,2,11,3,0.8667,0.8781,0.9084,0.8580,0.0690
7,2,11,4,0.9869,0.9843,0.9750,0.9881,0.0310
7,2,11,5,0.9763,0.9834,0.9973,0.9739,0.0118
7,2,11,6,0.9987,0.9991,0.9998,0.9986,0.0031
7,2,11,7,0.9876,0.9870,0.9938,0.9872,0.0206
7,2,11,8,0.1428,0.4909,0.9404,0.0065,0.0725
7,2,11,9,0.9979,0.9990,0.9996,0.9978,0.0052
7,2,11,10,0.9250,0.9175,0.9216,0.9220,0.0558
7,2,11,11,0.9528,0.9439,0.9813,0.9512,0.0449
7,3,0,0,0.9355,0.9506,0.9666,0.9249,0.0306
7,3,0,1,0.2099,0.3156,0.9980,0.1007,0.0447
7,3,0,2,0.9109,0.9044,0.8843,0.8968,0.0391
7,3,0,3,0.3239,0.3535,0.9817,0.2225,0.0336
7,3,0,4,0.5505,0.5707,0.9840,0.4670,0.0114
7,3,0,5,0.2693,0.3181,0.9916,0.1645,0.0384
7,3,0,6,0.8727,0.8994,0.9794,0.8478,0.0403
7,3,0,7,0.7708,0.7956,0.9104,0.7208,0.0459
7,3,0,8,0.6773,0.6809,0.9576,0.6034,0.0413
7,3,0,9,0.8730,0.8596,0.8087,0.8521,0.0493
7,3,0,10,0.8295,0.8117,0.8684,0.7958,0.0487
7,3,0,11,0.9058,0.8992,0.9044,0.8917,0.0418
7,3,1,0,0.8586,0.8682,0.9800,0.8301,0.0375
7,3,1,1,0.9307,0.9379,0.9912,0.9178,0.0240
7,3,1,2,0.9201,0.9346,0.9876,0.9058,0.0344
7,3,1,3,0.9376,0.9013,0.9227,0.9274,0.0295
7,3,1,4,0.9710,0.9751,0.9902,0.9664,0.0216
7,3,1,5,0.9473,0.9764,0.9982,0.9373,0.0129
7,3,1,6,0.9311,0.9447,0.9980,0.9181,0.0215
7,3,1,7,0.9633,0.9675,0.9950,0.9568,0.0193
7,3,1,8,0.9508,0.9675,0.9725,0.9419,0.0181
7,3,1,9,0.9563,0.9703,0.9970,0.9481,0.0110
7,3,1,10,0.3154,0.6693,0.9188,0.1487,0.0488
7,3,1,11,0.4175,0.4061,0.9932,0.3241,0.0268
7,3,2,0,0.9098,0.9102,0.9604,0.8934,0.0361
7,3,2,1,0.9495,0.9545,0.9975,0.9421,0.0216
7,3,2,2,0.5806,0.6986,0.9616,0.4967,0.0257
7,3,2,3,0.7870,0.8092,0.9896,0.7425,0.0312
7,3,2,4,0.9445,0.9619,0.9996,0.9340,0.0171
7,3,2,5,0.8403,0.8608,0.9633,0.8075,0.0352
7,3,2,6,0.9484,0.9681,0.9963,0.9416,0.0272
7,3,2,7,0.8471,0.8663,0.9507,0.8166,0.0426
7,3,2,8,0.8515,0.8606,0.9521,0.8213,0.0286
7,3,2,9,0.6819,0.7235,0.9553,0.6141,0.0307
7,3,2,10,0.9381,0.9391,0.9689,0.9284,0.0341
7,3,2,11,0.9711,0.9660,0.9993,0.9663,0.0143
7,3,3,0,0.9486,0.9380,0.9910,0.9439,0.0359
7,3,3,1,0.9319,0.9425,0.9553,0.9189,0.0222
7,3,3,2,0.5534,0.6843,0.9738,0.4626,0.0202
7,3,3,3,0.9331,0.9281,1.0000,0.9224,0.0210
7,3,3,4,0.9415,0.9285,0.9920,0.9370,0.0438
7,3,3,5,0.9569,0.9761,0.9960,0.9488,0.0097
7,3,3,6,0.7251,0.7601,0.9501,0.6646,0.0371
7,3,3,7,0.7252,0.7471,0.9871,0.6698,0.0260
7,3,3,8,0.8332,0.8400,0.9139,0.7988,0.0378
7,3,3,9,0.6584,0.7895,0.9607,0.5988,0.0182
7,3,3,10,0.9704,0.9683,0.9982,0.9652,0.0129
7,3,3,11,0.8048,0.8515,0.9950,0.7657,0.0256
7,3,4,0,0.7510,0.7399,0.9502,0.7083,0.0189
7,3,4,1,0.9357,0.9307,0.9652,0.9234,0.0180
7,3,4,2,0.9565,0.9574,0.9981,0.9507,0.0253
7,3,4,3,0.8373,0.8745,0.9948,0.8048,0.0218
7,3,4,4,0.9680,0.9710,1.0000,0.9631,0.0148
7,3,4,5,0.8152,0.8516,0.9945,0.7794,0.0216
7,3,4,6,0.9642,0.9764,0.9871,0.9575,0.0119
7,3,4,7,0.6532,0.6619,0.9879,0.5867,0.0231
7,3,4,8,0.9511,0.9580,0.9930,0.9457,0.0319
7,3,4,9,0.9206,0.9119,0.9092,0.9053,0.0222
7,3,4,10,0.9408,0.9316,0.9937,0.9360,0.0424
7,3,4,11,0.3289,0.5094,0.9913,0.2395,0.0484
7,3,5,0,0.9649,0.9601,0.9902,0.9623,0.0342
7,3,5,1,0.9344,0.9187,0.9906,0.9306,0.0479
7,3,5,2,0.8844,0.8762,0.9363,0.8614,0.0282
7,3,5,3,0.9168,0.8882,0.8845,0.9018,0.0320
7,3,5,4,0.8594,0.8410,0.9515,0.8314,0.0218
7,3,5,5,0.9489,0.9369,0.9939,0.9450,0.0407
7,3,5,6,0.9107,0.9293,0.9942,0.8965,0.0235
7,3,5,7,0.9148,0.9289,0.9936,0.9005,0.0195
7,3,5,8,0.9712,0.9671,0.9957,0.9680,0.0252
7,3,5,9,0.9443,0.9311,0.9933,0.9397,0.0421
7,3,5,10,0.9715,0.9741,0.9993,0.9674,0.0181
7,3,5,11,0.9646,0.9657,0.9976,0.9599,0.0227
7,3,6,0,0.8141,0.8147,0.9192,0.7755,0.0338
7,3,6,1,0.8988,0.9404,0.9963,0.8863,0.0357
7,3,6,2,0.9570,0.9495,0.9985,0.9522,0.0314
7,3,6,3,0.9422,0.9657,0.9962,0.9342,0.0222
7,3,6,4,0.9583,0.9574,0.9993,0.9504,0.0134
7,3,6,5,0.9659,0.9765,0.9997,0.9601,0.0108
7,3,6,6,0.9485,0.9376,0.9947,0.9438,0.0376
7,3,6,7,0.9456,0.9816,0.9996,0.9354,0.0092
7,3,6,8,0.9564,0.9661,0.9992,0.9483,0.0125
7,3,6,9,0.9347,0.9192,0.9919,0.9306,0.0472
7,3,6,10,0.9408,0.9278,0.9915,0.9364,0.0446
7,3,6,11,0.8746,0.8598,0.9043,0.8495,0.0285
7,3,7,0,0.7261,0.7764,0.9950,0.6755,0.0228
7,3,7,1,0.9471,0.9587,0.9945,0.9408,0.0299
7,3,7,2,0.9401,0.9281,0.9914,0.9365,0.0464
7,3,7,3,1.0000,1.0000,1.0000,1.0000,0.0000
7,3,7,4,0.9666,0.9672,0.9994,0.9611,0.0108
7,3,7,5,0.9567,0.9567,0.9999,0.9496,0.0161
7,3,7,6,0.9472,0.9500,0.9933,0.9414,0.0335
7,3,7,7,0.9485,0.9487,0.9933,0.9440,0.0378
7,3,7,8,0.9434,0.9674,0.9974,0.9330,0.0165
7,3,7,9,0.9267,0.9028,0.9528,0.9130,0.0142
7,3,7,10,0.9360,0.9230,0.9936,0.9315,0.0457
7,3,7,11,0.9430,0.9324,0.9927,0.9391,0.0449
7,3,8,0,0.9430,0.9319,1.0000,0.9350,0.0251
7,3,8,1,0.9355,0.9368,0.9943,0.9302,0.0418
7,3,8,2,0.9596,0.9613,0.9990,0.9539,0.0219
7,3,8,3,0.9365,0.9462,0.9953,0.9296,0.0350
7,3,8,4,0.8177,0.8938,0.9569,0.7831,0.0223
7,3,8,5,0.9453,0.9187,0.9864,0.9348,0.0155
7,3,8,6,0.9363,0.9407,0.9922,0.9306,0.0408
7,3,8,7,0.7718,0.7842,0.9848,0.7295,0.0214
7,3,8,8,0.9756,0.9690,1.0000,0.9711,0.0092
7,3,8,9,0.9449,0.9720,0.9972,0.9364,0.0174
7,3,8,10,0.9726,0.9672,0.9999,0.9685,0.0188
7,3,8,11,0.9470,0.9330,0.9930,0.9422,0.0390
7,3,9,0,0.9440,0.9363,0.9938,0.9367,0.0277
7,3,9,1,0.9354,0.9397,0.9960,0.9292,0.0388
7,3,9,2,0.9309,0.9463,0.9955,0.9227,0.0329
7,3,9,3,0.8084,0.7843,0.9263,0.7685,0.0308
7,3,9,4,0.9394,0.9423,0.9935,0.9339,0.0396
7,3,9,5,0.9565,0.9449,0.9952,0.9514,0.0291
7,3,9,6,0.9358,0.9222,0.9913,0.9314,0.0466
7,3,9,7,0.9595,0.9727,0.9974,0.9531,0.0151
7,3,9,8,0.9377,0.9304,0.9922,0.9324,0.0418
7,3,9,9,0.9372,0.9248,0.9922,0.9329,0.0462
7,3,9,10,0.9050,0.9150,0.9828,0.8865,0.0197
7,3,9,11,0.9388,0.9228,0.9924,0.9346,0.0463
7,3,10,0,0.9397,0.9296,0.9916,0.9345,0.0415
7,3,10,1,0.9364,0.9304,0.9918,0.9311,0.0429
7,3,10,2,0.9497,0.9368,0.9950,0.9457,0.0404
7,3,10,3,0.9499,0.9420,0.9999,0.9439,0.0302
7,3,10,4,0.9326,0.9413,1.0000,0.9219,0.0172
7,3,10,5,0.9202,0.9282,0.9977,0.9062,0.0152
7,3,10,6,0.9430,0.9339,0.9927,0.9373,0.0369
7,3,10,7,0.9511,0.9439,0.9966,0.9456,0.0321
7,3,10,8,0.9366,0.9225,0.9924,0.9321,0.0462
7,3,10,9,0.9411,0.9494,0.9978,0.9299,0.0130
7,3,10,10,0.9355,0.9224,0.9919,0.9308,0.0460
7,3,10,11,0.8301,0.8449,0.9987,0.8025,0.0207
7,3,11,0,0.6984,0.6900,0.7964,0.6276,0.0535
7,3,11,1,0.9533,0.9534,1.0000,0.9463,0.0214
7,3,11,2,0.9387,0.9262,0.9973,0.9332,0.0413
7,3,11,3,0.8863,0.9128,0.9553,0.8639,0.0257
7,3,11,4,0.9604,0.9488,0.9957,0.9538,0.0181
7,3,11,5,0.9200,0.9460,0.9983,0.9110,0.0370
7,3,11,6,0.9374,0.9264,0.9935,0.9323,0.0441
7,3,11,7,0.9593,0.9544,0.9998,0.9541,0.0258
7,3,11,8,0.2774,0.6248,0.9768,0.1232,0.0319
7,3,11,9,0.9422,0.9358,0.9946,0.9372,0.0415
7,3,11,10,0.9313,0.9458,0.9645,0.9181,0.0156
7,3,11,11,0.9697,0.9709,0.9981,0.9641,0.0094
7,4,0,0,0.9057,0.9196,0.9569,0.8916,0.0384
7,4,0,1,0.1630,0.2684,0.9950,0.0535,0.0374
7,4,0,2,0.8947,0.8870,0.8671,0.8809,0.0470
7,4,0,3,0.2692,0.2935,0.9742,0.1656,0.0262
7,4,0,4,0.4973,0.5148,0.9770,0.4094,0.0119
7,4,0,5,0.2170,0.2616,0.9863,0.1106,0.0311
7,4,0,6,0.8351,0.8606,0.9716,0.8057,0.0476
7,4,0,7,0.7292,0.7379,0.8950,0.6749,0.0527
7,4,0,8,0.6533,0.6706,0.9467,0.5804,0.0492
7,4,0,9,0.8496,0.8321,0.7871,0.8282,0.0567
7,4,0,10,0.7924,0.7779,0.8501,0.7549,0.0563
7,4,0,11,0.8679,0.8641,0.8886,0.8490,0.0492
7,4,1,0,0.8458,0.8329,0.9722,0.8183,0.0449
7,4,1,1,0.9070,0.8970,0.9859,0.8917,0.0311
7,4,1,2,0.8872,0.8948,0.9813,0.8689,0.0415
7,4,1,3,0.9065,0.8621,0.9083,0.8924,0.0384
7,4,1,4,0.9405,0.9427,0.9846,0.9317,0.0324
7,4,1,5,0.9326,0.9523,0.9954,0.9212,0.0202
7,4,1,6,0.9217,0.9317,0.9952,0.9090,0.0289
7,4,1,7,0.9381,0.9434,0.9908,0.9284,0.0293
7,4,1,8,0.9304,0.9425,0.9635,0.9195,0.0278
7,4,1,9,0.9349,0.9506,0.9936,0.9238,0.0152
7,4,1,10,0.2731,0.6223,0.9041,0.1070,0.0535
7,4,1,11,0.3649,0.3496,0.9884,0.2685,0.0207
7,4,2,0,0.8798,0.8840,0.9498,0.8601,0.0432
7,4,2,1,0.9436,0.9367,0.9994,0.9351,0.0172
7,4,2,2,0.5318,0.6337,0.9512,0.4441,0.0262
7,4,2,3,0.7802,0.7742,0.9838,0.7385,0.0370
7,4,2,4,0.9465,0.9338,0.9979,0.9376,0.0186
7,4,2,5,0.8008,0.8069,0.9531,0.7634,0.0412
7,4,2,6,0.9275,0.9436,0.9987,0.9172,0.0211
7,4,2,7,0.7992,0.8149,0.9390,0.7620,0.0500
7,4,2,8,0.8374,0.8306,0.9406,0.8079,0.0357
7,4,2,9,0.6405,0.6702,0.9441,0.5693,0.0357
7,4,2,10,0.8971,0.8920,0.9594,0.8814,0.0417
7,4,2,11,0.9432,0.9333,1.0000,0.9339,0.0201
7,4,3,0,0.9298,0.9119,0.9952,0.9214,0.0286
7,4,3,1,0.9247,0.9349,0.9441,0.9120,0.0232
7,4,3,2,0.5479,0.6520,0.9651,0.4621,0.0236
7,4,3,3,0.8884,0.8902,0.9993,0.8709,0.0176
7,4,3,4,0.9226,0.9027,0.9959,0.9143,0.0365
7,4,3,5,0.9462,0.9712,0.9921,0.9371,0.0176
7,4,3,6,0.6905,0.7342,0.9383,0.6278,0.0439
7,4,3,7,0.6716,0.6959,0.9807,0.6099,0.0283
7,4,3,8,0.8077,0.7970,0.8988,0.7718,0.0415
7,4,3,9,0.6625,0.8118,0.9502,0.6071,0.0117
7,4,3,10,0.9450,0.9294,0.9997,0.9358,0.0118
7,4,3,11,0.8105,0.8252,0.9907,0.7758,0.0285
7,4,4,0,0.7059,0.7204,0.9385,0.6582,0.0131
7,4,4,1,0.9358,0.9351,0.9552,0.9251,0.0211
7,4,4,2,0.9393,0.9318,0.9996,0.9304,0.0206
7,4,4,3,0.8234,0.8703,0.9905,0.7912,0.0275
7,4,4,4,0.9481,0.9460,0.9994,0.9399,0.0101
7,4,4,5,0.8222,0.8336,0.9902,0.7905,0.0214
7,4,4,6,0.9311,0.9580,0.9808,0.9196,0.0211
7,4,4,7,0.6045,0.6134,0.9818,0.5335,0.0210
7,4,4,8,0.9316,0.9344,0.9966,0.9227,0.0248
7,4,4,9,0.9039,0.9147,0.8938,0.8877,0.0285
7,4,4,10,0.9235,0.9074,0.9970,0.9152,0.0350
7,4,4,11,0.2825,0.4655,0.9953,0.1916,0.0411
7,4,5,0,0.9432,0.9288,0.9946,0.9364,0.0274
7,4,5,1,0.9166,0.8934,0.9948,0.9088,0.0405
7,4,5,2,0.8731,0.8824,0.9232,0.8508,0.0319
7,4,5,3,0.8962,0.8812,0.8672,0.8799,0.0394
7,4,5,4,0.7894,0.7852,0.9399,0.7506,0.0270
7,4,5,5,0.9292,0.9117,0.9972,0.9214,0.0333
7,4,5,6,0.8988,0.9021,0.9974,0.8830,0.0169
7,4,5,7,0.8602,0.9062,0.9889,0.8376,0.0159
7,4,5,8,0.9452,0.9365,0.9984,0.9374,0.0189
7,4,5,9,0.9237,0.9059,0.9968,0.9151,0.0350
7,4,5,10,0.9497,0.9490,1.0000,0.9419,0.0115
7,4,5,11,0.9420,0.9377,0.9994,0.9334,0.0159
7,4,6,0,0.8109,0.8126,0.9045,0.7757,0.0391
7,4,6,1,0.8931,0.9433,0.9987,0.8794,0.0289
7,4,6,2,0.9398,0.9279,0.9998,0.9317,0.0253
7,4,6,3,0.9322,0.9565,0.9987,0.9224,0.0151
7,4,6,4,0.9163,0.9204,1.0000,0.9019,0.0176
7,4,6,5,0.9510,0.9539,0.9999,0.9429,0.0139
7,4,6,6,0.9288,0.9107,0.9977,0.9203,0.0308
7,4,6,7,0.9143,0.9520,1.0000,0.8996,0.0136
7,4,6,8,0.9562,0.9485,0.9971,0.9489,0.0143
7,4,6,9,0.9153,0.8931,0.9958,0.9072,0.0399
7,4,6,10,0.9198,0.9020,0.9955,0.9112,0.0373
7,4,6,11,0.8585,0.8636,0.8885,0.8333,0.0348
7,4,7,0,0.6877,0.7267,0.9908,0.6335,0.0202
7,4,7,1,0.9219,0.9302,0.9976,0.9113,0.0236
7,4,7,2,0.9203,0.9016,0.9954,0.9126,0.0391
7,4,7,3,0.9666,0.9672,0.9994,0.9611,0.0108
7,4,7,4,1.0000,1.0000,1.0000,1.0000,0.0000
7,4,7,5,0.9345,0.9369,0.9986,0.9240,0.0159
7,4,7,6,0.9226,0.9271,0.9968,0.9125,0.0264
7,4,7,7,0.9267,0.9271,0.9968,0.9181,0.0304
7,4,7,8,0.9256,0.9727,0.9942,0.9130,0.0144
7,4,7,9,0.9243,0.9210,0.9413,0.9114,0.0155
7,4,7,10,0.9163,0.8974,0.9970,0.9078,0.0383
7,4,7,11,0.9220,0.9057,0.9964,0.9139,0.0375
7,4,8,0,0.9194,0.9071,0.9990,0.9075,0.0209
7,4,8,1,0.9193,0.9178,0.9975,0.9106,0.0345
7,4,8,2,0.9357,0.9396,1.0000,0.9259,0.0195
7,4,8,3,0.9149,0.9286,0.9981,0.9040,0.0287
7,4,8,4,0.8177,0.8776,0.9459,0.7856,0.0202
7,4,8,5,0.9350,0.9346,0.9799,0.9242,0.0220
7,4,8,6,0.9167,0.9194,0.9961,0.9073,0.0335
7,4,8,7,0.7142,0.7259,0.9780,0.6646,0.0185
7,4,8,8,0.9290,0.9313,0.9990,0.9169,0.0150
7,4,8,9,0.9291,0.9517,0.9992,0.9181,0.0135
7,4,8,10,0.9434,0.9398,0.9997,0.9345,0.0174
7,4,8,11,0.9194,0.9052,0.9966,0.9098,0.0319
7,4,9,0,0.8883,0.9028,0.9971,0.8722,0.0203
7,4,9,1,0.9171,0.9204,0.9986,0.9073,0.0320
7,4,9,2,0.9093,0.9300,0.9983,0.8974,0.0261
7,4,9,3,0.7689,0.7564,0.9123,0.7248,0.0353
7,4,9,4,0.9206,0.9206,0.9969,0.9114,0.0325
7,4,9,5,0.9220,0.9111,0.9981,0.9111,0.0231
7,4,9,6,0.9155,0.8966,0.9954,0.9071,0.0392
7,4,9,7,0.9345,0.9610,0.9993,0.9241,0.0119
7,4,9,8,0.9177,0.9049,0.9960,0.9084,0.0348
7,4,9,9,0.9176,0.9000,0.9960,0.9092,0.0388
7,4,9,10,0.9249,0.9210,0.9756,0.9123,0.0231
7,4,9,11,0.9191,0.8974,0.9962,0.9110,0.0390
7,4,10,0,0.9140,0.9030,0.9956,0.9041,0.0344
7,4,10,1,0.9163,0.9068,0.9958,0.9071,0.0356
7,4,10,2,0.9299,0.9144,0.9979,0.9220,0.0331
7,4,10,3,0.9288,0.9285,0.9998,0.9190,0.0241
7,4,10,4,0.8873,0.9127,0.9997,0.8696,0.0114
7,4,10,5,0.9604,0.9586,0.9947,0.9538,0.0102
7,4,10,6,0.9133,0.9069,0.9964,0.9025,0.0300
7,4,10,7,0.9239,0.9161,0.9989,0.9137,0.0261
7,4,10,8,0.9174,0.8969,0.9962,0.9090,0.0388
7,4,10,9,0.9533,0.9359,0.9948,0.9457,0.0177
7,4,10,10,0.9150,0.8970,0.9958,0.9062,0.0387
7,4,10,11,0.7432,0.8040,0.9962,0.7032,0.0142
7,4,11,0,0.6883,0.6615,0.7743,0.6228,0.0609
7,4,11,1,0.9217,0.9302,0.9995,0.9096,0.0180
7,4,11,2,0.9193,0.9023,0.9993,0.9101,0.0353
7,4,11,3,0.8244,0.8809,0.9442,0.7921,0.0325
7,4,11,4,0.9361,0.9267,0.9918,0.9257,0.0215
7,4,11,5,0.9101,0.9385,0.9998,0.8989,0.0302
7,4,11,6,0.9175,0.9019,0.9969,0.9085,0.0370
7,4,11,7,0.9440,0.9390,0.9999,0.9360,0.0198
7,4,11,8,0.2576,0.5904,0.9686,0.1088,0.0340
7,4,11,9,0.9243,0.9121,0.9976,0.9157,0.0346
7,4,11,10,0.8874,0.9206,0.9545,0.8677,0.0211
7,4,11,11,0.9476,0.9485,0.9952,0.9388,0.0142
7,5,0,0,0.9129,0.9090,0.9708,0.9011,0.0462
7,5,0,1,0.1614,0.2374,0.9989,0.0531,0.0302
7,5,0,2,0.8982,0.8831,0.8920,0.8862,0.0547
7,5,0,3,0.2659,0.2666,0.9847,0.1630,0.0243
7,5,0,4,0.4805,0.4608,0.9868,0.3909,0.0220
7,5,0,5,0.2186,0.2419,0.9936,0.1137,0.0239
7,5,0,6,0.8420,0.8419,0.9826,0.8152,0.0559
7,5,0,7,0.7224,0.7072,0.9171,0.6678,0.0607
7,5,0,8,0.6656,0.6502,0.9623,0.5972,0.0569
7,5,0,9,0.8550,0.8267,0.8183,0.8364,0.0649
7,5,0,10,0.7975,0.7623,0.8765,0.7626,0.0643
7,5,0,11,0.8832,0.8624,0.9114,0.8692,0.0575
7,5,1,0,0.7998,0.7835,0.9832,0.7632,0.0534
7,5,1,1,0.8918,0.8763,0.9933,0.8740,0.0394
7,5,1,2,0.8779,0.8701,0.9900,0.8584,0.0495
7,5,1,3,0.9521,0.9225,0.9290,0.9488,0.0380
7,5,1,4,0.9615,0.9576,0.9924,0.9573,0.0310
7,5,1,5,0.9426,0.9479,0.9991,0.9334,0.0232
7,5,1,6,0.8884,0.8928,0.9989,0.8697,0.0353
7,5,1,7,0.9513,0.9522,0.9965,0.9447,0.0302
7,5,1,8,0.9596,0.9640,0.9762,0.9551,0.0311
7,5,1,9,0.9683,0.9796,0.9982,0.9634,0.0169
7,5,1,10,0.2711,0.5945,0.9252,0.1068,0.0620
7,5,1,11,0.3643,0.3310,0.9950,0.2690,0.0180
7,5,2,0,0.8698,0.8576,0.9649,0.8488,0.0514
7,5,2,1,0.9833,0.9937,0.9962,0.9809,0.0073
7,5,2,2,0.5248,0.5929,0.9660,0.4371,0.0324
7,5,2,3,0.7320,0.7266,0.9919,0.6813,0.0455
7,5,2,4,0.9437,0.9524,0.9999,0.9346,0.0240
7,5,2,5,0.7929,0.7837,0.9676,0.7548,0.0487
7,5,2,6,0.9820,0.9847,0.9947,0.9797,0.0157
7,5,2,7,0.7887,0.7826,0.9557,0.7501,0.0582
7,5,2,8,0.8090,0.7916,0.9571,0.7743,0.0426
7,5,2,9,0.6086,0.6139,0.9601,0.5319,0.0434
7,5,2,10,0.8933,0.8769,0.9729,0.8776,0.0497
7,5,2,11,0.9910,0.9914,0.9985,0.9895,0.0063
7,5,3,0,0.9842,0.9848,0.9887,0.9832,0.0206
7,5,3,1,0.9409,0.9364,0.9601,0.9315,0.0296
7,5,3,2,0.5020,0.5921,0.9775,0.4086,0.0329
7,5,3,3,0.9631,0.9710,0.9999,0.9573,0.0125
7,5,3,4,0.9842,0.9848,0.9898,0.9841,0.0282
7,5,3,5,0.9701,0.9700,0.9973,0.9655,0.0182
7,5,3,6,0.6661,0.6670,0.9552,0.5991,0.0517
7,5,3,7,0.6694,0.6556,0.9896,0.6083,0.0363
7,5,3,8,0.8338,0.8045,0.9205,0.8043,0.0471
7,5,3,9,0.6325,0.7564,0.9652,0.5729,0.0176
7,5,3,10,0.9740,0.9628,0.9970,0.9699,0.0122
7,5,3,11,0.7563,0.7771,0.9965,0.7119,0.0354
7,5,4,0,0.6922,0.6898,0.9553,0.6429,0.0169
7,5,4,1,0.9349,0.9378,0.9694,0.9244,0.0275
7,5,4,2,0.9906,0.9911,0.9969,0.9894,0.0097
7,5,4,3,0.7790,0.8020,0.9964,0.7389,0.0361
7,5,4,4,0.9749,0.9717,0.9999,0.9709,0.0100
7,5,4,5,0.7664,0.8011,0.9961,0.7251,0.0278
7,5,4,6,0.9422,0.9382,0.9896,0.9332,0.0257
7,5,4,7,0.5772,0.5627,0.9904,0.5022,0.0251
7,5,4,8,0.9883,0.9882,0.9909,0.9874,0.0173
7,5,4,9,0.9246,0.9060,0.9160,0.9129,0.0349
7,5,4,10,0.9853,0.9855,0.9916,0.9852,0.0268
7,5,4,11,0.2750,0.3985,0.9889,0.1842,0.0328
7,5,5,0,0.9681,0.9653,0.9878,0.9647,0.0223
7,5,5,1,0.9807,0.9803,0.9881,0.9811,0.0323
7,5,5,2,0.8328,0.8135,0.9420,0.8030,0.0388
7,5,5,3,0.8796,0.8529,0.8921,0.8605,0.0476
7,5,5,4,0.8026,0.7643,0.9565,0.7671,0.0311
7,5,5,5,0.9841,0.9851,0.9919,0.9836,0.0251
7,5,5,6,0.9441,0.9375,0.9923,0.9355,0.0199
7,5,5,7,0.9323,0.9443,0.9953,0.9215,0.0134
7,5,5,8,0.9717,0.9753,0.9940,0.9678,0.0172
7,5,5,9,0.9867,0.9857,0.9912,0.9866,0.0265
7,5,5,10,0.9769,0.9747,0.9985,0.9733,0.0114
7,5,5,11,0.9822,0.9801,0.9963,0.9797,0.0110
7,5,6,0,0.7593,0.7546,0.9256,0.7141,0.0455
7,5,6,1,0.9628,0.9644,0.9947,0.9588,0.0219
7,5,6,2,0.9891,0.9907,0.9975,0.9881,0.0157
7,5,6,3,0.9660,0.9676,0.9946,0.9612,0.0163
7,5,6,4,0.9492,0.9520,0.9986,0.9410,0.0206
7,5,6,5,0.9824,0.9804,0.9992,0.9796,0.0096
7,5,6,6,0.9874,0.9879,0.9928,0.9869,0.0220
7,5,6,7,0.9308,0.9334,0.9990,0.9193,0.0206
7,5,6,8,0.9412,0.9429,0.9997,0.9316,0.0202
7,5,6,9,0.9803,0.9803,0.9897,0.9805,0.0316
7,5,6,10,0.9849,0.9839,0.9892,0.9850,0.0290
7,5,6,11,0.8510,0.8433,0.9113,0.8250,0.0412
7,5,7,0,0.7290,0.7787,0.9965,0.6827,0.0277
7,5,7,1,0.9866,0.9871,0.9926,0.9853,0.0172
7,5,7,2,0.9812,0.9819,0.9891,0.9813,0.0308
7,5,7,3,0.9567,0.9567,0.9999,0.9496,0.0161
7,5,7,4,0.9345,0.9369,0.9986,0.9240,0.0159
7,5,7,5,1.0000,1.0000,1.0000,1.0000,0.0000
7,5,7,6,0.9889,0.9889,0.9913,0.9882,0.0178
7,5,7,7,0.9862,0.9858,0.9912,0.9857,0.0222
7,5,7,8,0.9488,0.9500,0.9985,0.9404,0.0169
7,5,7,9,0.9028,0.8951,0.9577,0.8865,0.0193
7,5,7,10,0.9821,0.9817,0.9916,0.9821,0.0300
7,5,7,11,0.9823,0.9837,0.9905,0.9822,0.0293
7,5,8,0,0.9864,0.9899,1.0000,0.9847,0.0097
7,5,8,1,0.9852,0.9848,0.9924,0.9852,0.0262
7,5,8,2,0.9906,0.9914,0.9981,0.9893,0.0087
7,5,8,3,0.9868,0.9883,0.9935,0.9860,0.0202
7,5,8,4,0.8254,0.9068,0.9616,0.7953,0.0264
7,5,8,5,0.8852,0.8746,0.9890,0.8655,0.0293
7,5,8,6,0.9865,0.9853,0.9900,0.9863,0.0252
7,5,8,7,0.7715,0.8040,0.9875,0.7325,0.0278
7,5,8,8,0.9724,0.9748,1.0000,0.9680,0.0138
7,5,8,9,0.9818,0.9850,0.9958,0.9791,0.0084
7,5,8,10,0.9882,0.9892,0.9996,0.9864,0.0045
7,5,8,11,0.9866,0.9874,0.9909,0.9861,0.0234
7,5,9,0,0.9692,0.9734,0.9918,0.9650,0.0194
7,5,9,1,0.9872,0.9872,0.9944,0.9869,0.0232
7,5,9,2,0.9868,0.9874,0.9938,0.9858,0.0197
7,5,9,3,0.7794,0.7704,0.9324,0.7385,0.0436
7,5,9,4,0.9871,0.9863,0.9915,0.9869,0.0240
7,5,9,5,0.9874,0.9896,0.9934,0.9861,0.0138
7,5,9,6,0.9832,0.9821,0.9890,0.9835,0.0310
7,5,9,7,0.9731,0.9761,0.9960,0.9688,0.0115
7,5,9,8,0.9847,0.9854,0.9900,0.9844,0.0262
7,5,9,9,0.9841,0.9829,0.9900,0.9844,0.0306
7,5,9,10,0.8552,0.8710,0.9858,0.8299,0.0300
7,5,9,11,0.9837,0.9829,0.9902,0.9839,0.0307
7,5,10,0,0.9854,0.9851,0.9893,0.9851,0.0258
7,5,10,1,0.9863,0.9845,0.9896,0.9863,0.0273
7,5,10,2,0.9869,0.9865,0.9932,0.9867,0.0248
7,5,10,3,0.9861,0.9882,0.9995,0.9846,0.0148
7,5,10,4,0.9727,0.9807,0.9997,0.9684,0.0115
7,5,10,5,0.8886,0.8917,0.9987,0.8703,0.0230
7,5,10,6,0.9859,0.9861,0.9906,0.9851,0.0213
7,5,10,7,0.9893,0.9895,0.9951,0.9885,0.0168
7,5,10,8,0.9836,0.9824,0.9902,0.9837,0.0306
7,5,10,9,0.8997,0.8824,0.9988,0.8826,0.0247
7,5,10,10,0.9837,0.9824,0.9896,0.9839,0.0304
7,5,10,11,0.8576,0.8721,0.9994,0.8357,0.0161
7,5,11,0,0.6491,0.6552,0.8063,0.5744,0.0691
7,5,11,1,0.9908,0.9924,0.9998,0.9895,0.0063
7,5,11,2,0.9865,0.9856,0.9959,0.9862,0.0260
7,5,11,3,0.9145,0.9223,0.9601,0.9019,0.0382
7,5,11,4,0.9935,0.9929,0.9971,0.9924,0.0070
7,5,11,5,0.9785,0.9795,0.9972,0.9768,0.0266
7,5,11,6,0.9857,0.9843,0.9915,0.9857,0.0285
7,5,11,7,0.9876,0.9874,0.9993,0.9861,0.0108
7,5,11,8,0.2475,0.5497,0.9803,0.0987,0.0433
7,5,11,9,0.9874,0.9864,0.9927,0.9872,0.0258
7,5,11,10,0.9608,0.9581,0.9688,0.9554,0.0249
7,5,11,11,0.9670,0.9738,0.9990,0.9618,0.0140
7,6,0,0,0.8860,0.8813,0.9307,0.8761,0.0640
7,6,0,1,0.1333,0.2097,0.9839,0.0333,0.0131
7,6,0,2,0.8594,0.8376,0.8246,0.8480,0.0725
7,6,0,3,0.2306,0.2384,0.9532,0.1343,0.0132
7,6,0,4,0.4422,0.4224,0.9568,0.3576,0.0370
7,6,0,5,0.1897,0.2153,0.9701,0.0925,0.0089
7,6,0,6,0.8110,0.8070,0.9496,0.7869,0.0737
7,6,0,7,0.6667,0.6533,0.8566,0.6119,0.0786
7,6,0,8,0.6163,0.6090,0.9180,0.5501,0.0748
7,6,0,9,0.8110,0.7789,0.7355,0.7930,0.0828
7,6,0,10,0.7558,0.7199,0.8054,0.7232,0.0821
7,6,0,11,0.8546,0.8247,0.8492,0.8441,0.0753
7,6,1,0,0.7460,0.7411,0.9505,0.7079,0.0704
7,6,1,1,0.8652,0.8491,0.9694,0.8490,0.0569
7,6,1,2,0.8526,0.8454,0.9629,0.8358,0.0670
7,6,1,3,0.9323,0.8980,0.8721,0.9317,0.0559
7,6,1,4,0.9508,0.9417,0.9676,0.9496,0.0480
7,6,1,5,0.9361,0.9321,0.9847,0.9297,0.0405
7,6,1,6,0.8675,0.8707,0.9841,0.8511,0.0529
7,6,1,7,0.9420,0.9346,0.9769,0.9386,0.0480
7,6,1,8,0.9425,0.9431,0.9391,0.9398,0.0489
7,6,1,9,0.9621,0.9704,0.9815,0.9592,0.0345
7,6,1,10,0.2035,0.5557,0.8672,0.0445,0.0796
7,6,1,11,0.3312,0.3061,0.9732,0.2420,0.0172
7,6,2,0,0.8314,0.8141,0.9219,0.8108,0.0693
7,6,2,1,0.9877,0.9919,0.9990,0.9864,0.0118
7,6,2,2,0.4515,0.5393,0.9236,0.3627,0.0476
7,6,2,3,0.6763,0.6875,0.9664,0.6246,0.0631
7,6,2,4,0.9292,0.9357,0.9895,0.9215,0.0408
7,6,2,5,0.7474,0.7334,0.9260,0.7094,0.0665
7,6,2,6,0.9904,0.9925,0.9996,0.9892,0.0087
7,6,2,7,0.7616,0.7486,0.9086,0.7280,0.0761
7,6,2,8,0.7773,0.7479,0.9106,0.7449,0.0605
7,6,2,9,0.5598,0.5659,0.9148,0.4856,0.0613
7,6,2,10,0.8726,0.8492,0.9339,0.8605,0.0676
7,6,2,11,0.9913,0.9901,0.9970,0.9912,0.0205
7,6,3,0,0.9898,0.9932,0.9998,0.9885,0.0077
7,6,3,1,0.9210,0.9067,0.9148,0.9124,0.0451
7,6,3,2,0.4179,0.5418,0.9412,0.3220,0.0497
7,6,3,3,0.9585,0.9641,0.9931,0.9533,0.0206
7,6,3,4,0.9942,0.9963,0.9999,0.9938,0.0104
7,6,3,5,0.9649,0.9601,0.9790,0.9624,0.0353
7,6,3,6,0.6085,0.6079,0.9078,0.5417,0.0695
7,6,3,7,0.6206,0.6054,0.9620,0.5604,0.0523
7,6,3,8,0.7864,0.7475,0.8610,0.7559,0.0639
7,6,3,9,0.5865,0.7146,0.9224,0.5274,0.0273
7,6,3,10,0.9680,0.9565,0.9985,0.9649,0.0269
7,6,3,11,0.7176,0.7423,0.9768,0.6743,0.0525
7,6,4,0,0.6500,0.6476,0.9079,0.6007,0.0245
7,6,4,1,0.8980,0.9011,0.9286,0.8856,0.0454
7,6,4,2,0.9916,0.9936,0.9986,0.9907,0.0089
7,6,4,3,0.7586,0.7842,0.9765,0.7225,0.0529
7,6,4,4,0.9806,0.9753,0.9934,0.9786,0.0189
7,6,4,5,0.7169,0.7595,0.9759,0.6743,0.0441
7,6,4,6,0.9357,0.9240,0.9621,0.9297,0.0436
7,6,4,7,0.5468,0.5307,0.9635,0.4767,0.0403
7,6,4,8,0.9969,0.9978,1.0000,0.9965,0.0026
7,6,4,9,0.8982,0.8709,0.8552,0.8873,0.0527
7,6,4,10,0.9958,0.9970,1.0000,0.9955,0.0089
7,6,4,11,0.2153,0.3598,0.9999,0.1272,0.0150
7,6,5,0,0.9773,0.9765,0.9997,0.9745,0.0094
7,6,5,1,0.9912,0.9938,0.9998,0.9909,0.0144
7,6,5,2,0.8063,0.7839,0.8896,0.7790,0.0564
7,6,5,3,0.8372,0.8023,0.8248,0.8175,0.0655
7,6,5,4,0.7720,0.7249,0.9097,0.7383,0.0489
7,6,5,5,0.9925,0.9953,1.0000,0.9918,0.0075
7,6,5,6,0.9250,0.9240,1.0000,0.9151,0.0234
7,6,5,7,0.9256,0.9330,0.9739,0.9158,0.0220
7,6,5,8,0.9755,0.9782,0.9997,0.9724,0.0117
7,6,5,9,0.9961,0.9972,1.0000,0.9958,0.0087
7,6,5,10,0.9805,0.9791,0.9970,0.9783,0.0159
7,6,5,11,0.9903,0.9877,0.9989,0.9892,0.0113
7,6,6,0,0.7081,0.7046,0.8677,0.6624,0.0631
7,6,6,1,0.9709,0.9725,0.9996,0.9673,0.0056
7,6,6,2,0.9947,0.9969,0.9981,0.9941,0.0045
7,6,6,3,0.9769,0.9780,0.9996,0.9739,0.0142
7,6,6,4,0.9420,0.9429,0.9969,0.9360,0.0376
7,6,6,5,0.9831,0.9800,0.9959,0.9819,0.0230
7,6,6,6,0.9946,0.9960,0.9999,0.9940,0.0045
7,6,6,7,0.9310,0.9308,0.9961,0.9231,0.0371
7,6,6,8,0.9243,0.9300,0.9878,0.9152,0.0375
7,6,6,9,0.9917,0.9941,0.9999,0.9912,0.0138
7,6,6,10,0.9953,0.9964,0.9999,0.9950,0.0112
7,6,6,11,0.7915,0.7835,0.8491,0.7618,0.0590
7,6,7,0,0.6663,0.7280,0.9768,0.6169,0.0390
7,6,7,1,0.9951,0.9953,0.9999,0.9945,0.0067
7,6,7,2,0.9924,0.9959,0.9999,0.9920,0.0130
7,6,7,3,0.9472,0.9500,0.9933,0.9414,0.0335
7,6,7,4,0.9226,0.9271,0.9968,0.9125,0.0264
7,6,7,5,0.9889,0.9889,0.9913,0.9882,0.0178
7,6,7,6,1.0000,1.0000,1.0000,1.0000,0.0000
7,6,7,7,0.9976,0.9978,1.0000,0.9974,0.0064
7,6,7,8,0.9412,0.9392,0.9825,0.9344,0.0321
7,6,7,9,0.8766,0.8635,0.9114,0.8600,0.0358
7,6,7,10,0.9934,0.9949,1.0000,0.9930,0.0122
7,6,7,11,0.9930,0.9964,1.0000,0.9925,0.0117
7,6,8,0,0.9854,0.9886,0.9924,0.9837,0.0097
7,6,8,1,0.9960,0.9970,1.0000,0.9958,0.0092
7,6,8,2,0.9955,0.9952,0.9975,0.9952,0.0115
7,6,8,3,0.9972,0.9973,0.9998,0.9969,0.0050
7,6,8,4,0.7809,0.8576,0.9170,0.7491,0.0416
7,6,8,5,0.8596,0.8430,0.9608,0.8408,0.0468
7,6,8,6,0.9980,0.9982,1.0000,0.9979,0.0073
7,6,8,7,0.7220,0.7526,0.9582,0.6812,0.0394
7,6,8,8,0.9620,0.9632,0.9922,0.9584,0.0303
7,6,8,9,0.9882,0.9902,0.9992,0.9870,0.0160
7,6,8,10,0.9893,0.9890,0.9947,0.9885,0.0152
7,6,8,11,0.9949,0.9958,1.0000,0.9943,0.0055
7,6,9,0,0.9707,0.9732,1.0000,0.9669,0.0110
7,6,9,1,0.9961,0.9966,0.9997,0.9957,0.0070
7,6,9,2,0.9961,0.9956,0.9998,0.9956,0.0047
7,6,9,3,0.7275,0.7118,0.8767,0.6856,0.0611
7,6,9,4,0.9974,0.9982,1.0000,0.9972,0.0070
7,6,9,5,0.9910,0.9928,0.9998,0.9899,0.0059
7,6,9,6,0.9940,0.9951,0.9999,0.9937,0.0131
7,6,9,7,0.9792,0.9815,0.9991,0.9769,0.0202
7,6,9,8,0.9959,0.9969,1.0000,0.9956,0.0084
7,6,9,9,0.9946,0.9957,1.0000,0.9944,0.0127
7,6,9,10,0.8163,0.8239,0.9550,0.7902,0.0479
7,6,9,11,0.9933,0.9949,1.0000,0.9929,0.0129
7,6,10,0,0.9958,0.9965,0.9999,0.9954,0.0080
7,6,10,1,0.9965,0.9972,0.9999,0.9963,0.0094
7,6,10,2,0.9965,0.9976,0.9999,0.9962,0.0070
7,6,10,3,0.9932,0.9936,0.9949,0.9924,0.0049
7,6,10,4,0.9717,0.9692,0.9944,0.9683,0.0176
7,6,10,5,0.8739,0.8701,0.9833,0.8567,0.0324
7,6,10,6,0.9957,0.9964,1.0000,0.9952,0.0050
7,6,10,7,0.9951,0.9953,0.9995,0.9945,0.0052
7,6,10,8,0.9937,0.9951,1.0000,0.9934,0.0127
7,6,10,9,0.8764,0.8692,0.9835,0.8602,0.0417
7,6,10,10,0.9942,0.9952,0.9999,0.9939,0.0126
7,6,10,11,0.8341,0.8445,0.9861,0.8116,0.0203
7,6,11,0,0.5927,0.6041,0.7214,0.5195,0.0870
7,6,11,1,0.9947,0.9936,0.9939,0.9944,0.0126
7,6,11,2,0.9945,0.9955,0.9991,0.9940,0.0092
7,6,11,3,0.8954,0.8929,0.9149,0.8858,0.0560
7,6,11,4,0.9921,0.9890,0.9784,0.9920,0.0188
7,6,11,5,0.9883,0.9888,0.9983,0.9869,0.0109
7,6,11,6,0.9955,0.9963,1.0000,0.9952,0.0106
7,6,11,7,0.9914,0.9921,0.9954,0.9904,0.0079
7,6,11,8,0.1810,0.5146,0.9457,0.0374,0.0596
7,6,11,9,0.9970,0.9979,0.9999,0.9968,0.0083
7,6,11,10,0.9448,0.9318,0.9277,0.9407,0.0428
7,6,11,11,0.9572,0.9596,0.9842,0.9531,0.0319
7,7,0,0,0.8743,0.8750,0.9304,0.8646,0.0683
7,7,0,1,0.1341,0.2214,0.9838,0.0376,0.0083
7,7,0,2,0.8481,0.8327,0.8242,0.8372,0.0769
7,7,0,3,0.2300,0.2524,0.9529,0.1371,0.0115
7,7,0,4,0.4368,0.4327,0.9566,0.3548,0.0413
7,7,0,5,0.1909,0.2284,0.9699,0.0972,0.0043
7,7,0,6,0.7921,0.8016,0.9494,0.7671,0.0781
7,7,0,7,0.6513,0.6488,0.8562,0.5972,0.0829
7,7,0,8,0.6038,0.6043,0.9177,0.5391,0.0791
7,7,0,9,0.7988,0.7757,0.7350,0.7817,0.0871
7,7,0,10,0.7487,0.7231,0.8050,0.7184,0.0864
7,7,0,11,0.8414,0.8224,0.8488,0.8312,0.0796
7,7,1,0,0.7355,0.7356,0.9503,0.6984,0.0748
7,7,1,1,0.8598,0.8483,0.9692,0.8448,0.0613
7,7,1,2,0.8429,0.8438,0.9627,0.8268,0.0714
7,7,1,3,0.9256,0.8956,0.8717,0.9258,0.0602
7,7,1,4,0.9433,0.9405,0.9674,0.9426,0.0523
7,7,1,5,0.9325,0.9333,0.9845,0.9269,0.0449
7,7,1,6,0.8587,0.8635,0.9840,0.8428,0.0572
7,7,1,7,0.9317,0.9310,0.9767,0.9282,0.0523
7,7,1,8,0.9365,0.9398,0.9389,0.9345,0.0533
7,7,1,9,0.9590,0.9681,0.9813,0.9566,0.0388
7,7,1,10,0.1853,0.5547,0.8668,0.0286,0.0840
7,7,1,11,0.3314,0.3181,0.9731,0.2454,0.0184
7,7,2,0,0.8202,0.8075,0.9216,0.8002,0.0736
7,7,2,1,0.9838,0.9879,0.9990,0.9823,0.0161
7,7,2,2,0.4392,0.5375,0.9233,0.3522,0.0519
7,7,2,3,0.6653,0.6800,0.9662,0.6147,0.0674
7,7,2,4,0.9266,0.9373,0.9893,0.9199,0.0451
7,7,2,5,0.7334,0.7290,0.9257,0.6959,0.0708
7,7,2,6,0.9896,0.9942,0.9996,0.9886,0.0130
7,7,2,7,0.7458,0.7480,0.9083,0.7123,0.0804
7,7,2,8,0.7671,0.7412,0.9102,0.7356,0.0648
7,7,2,9,0.5390,0.5598,0.9145,0.4647,0.0656
7,7,2,10,0.8620,0.8479,0.9336,0.8505,0.0719
7,7,2,11,0.9883,0.9883,0.9970,0.9884,0.0251
7,7,3,0,0.9910,0.9936,0.9998,0.9899,0.0068
7,7,3,1,0.9153,0.9036,0.9145,0.9073,0.0495
7,7,3,2,0.4108,0.5338,0.9409,0.3177,0.0540
7,7,3,3,0.9545,0.9598,0.9930,0.9494,0.0244
7,7,3,4,0.9948,0.9946,0.9999,0.9942,0.0066
7,7,3,5,0.9581,0.9576,0.9789,0.9557,0.0396
7,7,3,6,0.5952,0.5974,0.9075,0.5297,0.0739
7,7,3,7,0.6071,0.5982,0.9618,0.5476,0.0567
7,7,3,8,0.7749,0.7396,0.8606,0.7450,0.0682
7,7,3,9,0.5803,0.7006,0.9221,0.5228,0.0316
7,7,3,10,0.9677,0.9577,0.9985,0.9654,0.0312
7,7,3,11,0.7097,0.7374,0.9766,0.6677,0.0568
7,7,4,0,0.6383,0.6283,0.9076,0.5896,0.0289
7,7,4,1,0.8935,0.8943,0.9284,0.8819,0.0497
7,7,4,2,0.9884,0.9894,0.9985,0.9873,0.0125
7,7,4,3,0.7454,0.7812,0.9763,0.7095,0.0572
7,7,4,4,0.9832,0.9789,0.9933,0.9820,0.0232
7,7,4,5,0.7097,0.7498,0.9757,0.6683,0.0484
7,7,4,6,0.9325,0.9224,0.9619,0.9275,0.0479
7,7,4,7,0.5376,0.5373,0.9633,0.4693,0.0446
7,7,4,8,0.9959,0.9965,1.0000,0.9955,0.0070
7,7,4,9,0.8956,0.8684,0.8548,0.8862,0.0571
7,7,4,10,0.9962,0.9960,1.0000,0.9958,0.0054
7,7,4,11,0.2058,0.3635,0.9999,0.1196,0.0106
7,7,5,0,0.9832,0.9792,0.9997,0.9812,0.0070
7,7,5,1,0.9928,0.9929,0.9998,0.9923,0.0101
7,7,5,2,0.8050,0.7787,0.8893,0.7800,0.0607
7,7,5,3,0.8274,0.7921,0.8244,0.8085,0.0698
7,7,5,4,0.7691,0.7274,0.9094,0.7373,0.0533
7,7,5,5,0.9937,0.9940,1.0000,0.9930,0.0039
7,7,5,6,0.9215,0.9203,1.0000,0.9118,0.0251
7,7,5,7,0.9222,0.9276,0.9737,0.9129,0.0251
7,7,5,8,0.9768,0.9749,0.9997,0.9742,0.0142
7,7,5,9,0.9960,0.9953,1.0000,0.9956,0.0059
7,7,5,10,0.9826,0.9818,0.9970,0.9811,0.0202
7,7,5,11,0.9913,0.9909,0.9989,0.9908,0.0156
7,7,6,0,0.6965,0.6914,0.8673,0.6517,0.0674
7,7,6,1,0.9724,0.9719,0.9995,0.9691,0.0050
7,7,6,2,0.9948,0.9955,0.9981,0.9943,0.0085
7,7,6,3,0.9775,0.9799,0.9996,0.9750,0.0172
7,7,6,4,0.9336,0.9365,0.9968,0.9276,0.0420
7,7,6,5,0.9829,0.9823,0.9958,0.9823,0.0273
7,7,6,6,0.9958,0.9960,0.9999,0.9953,0.0049
7,7,6,7,0.9251,0.9326,0.9961,0.9176,0.0415
7,7,6,8,0.9247,0.9291,0.9877,0.9170,0.0418
7,7,6,9,0.9934,0.9932,0.9999,0.9929,0.0094
7,7,6,10,0.9960,0.9954,0.9999,0.9956,0.0073
7,7,6,11,0.7863,0.7741,0.8487,0.7582,0.0634
7,7,7,0,0.6559,0.7140,0.9767,0.6073,0.0433
7,7,7,1,0.9946,0.9962,0.9999,0.9941,0.0092
7,7,7,2,0.9950,0.9962,0.9999,0.9947,0.0087
7,7,7,3,0.9485,0.9487,0.9933,0.9440,0.0378
7,7,7,4,0.9267,0.9271,0.9968,0.9181,0.0304
7,7,7,5,0.9862,0.9858,0.9912,0.9857,0.0222
7,7,7,6,0.9976,0.9978,1.0000,0.9974,0.0064
7,7,7,7,1.0000,1.0000,1.0000,1.0000,0.0000
7,7,7,8,0.9426,0.9350,0.9823,0.9371,0.0365
7,7,7,9,0.8753,0.8580,0.9111,0.8599,0.0401
7,7,7,10,0.9951,0.9944,1.0000,0.9947,0.0079
7,7,7,11,0.9955,0.9969,1.0000,0.9951,0.0071
7,7,8,0,0.9842,0.9852,0.9923,0.9827,0.0132
7,7,8,1,0.9979,0.9971,1.0000,0.9977,0.0043
7,7,8,2,0.9928,0.9935,0.9974,0.9926,0.0164
7,7,8,3,0.9962,0.9959,0.9998,0.9958,0.0041
7,7,8,4,0.7740,0.8505,0.9168,0.7431,0.0459
7,7,8,5,0.8541,0.8365,0.9606,0.8363,0.0512
7,7,8,6,0.9978,0.9973,1.0000,0.9976,0.0038
7,7,8,7,0.7102,0.7350,0.9580,0.6698,0.0434
7,7,8,8,0.9581,0.9580,0.9921,0.9549,0.0346
7,7,8,9,0.9857,0.9901,0.9991,0.9847,0.0203
7,7,8,10,0.9912,0.9904,0.9946,0.9911,0.0195
7,7,8,11,0.9937,0.9927,1.0000,0.9929,0.0035
7,7,9,0,0.9643,0.9655,1.0000,0.9601,0.0135
7,7,9,1,0.9969,0.9958,0.9996,0.9965,0.0034
7,7,9,2,0.9938,0.9932,0.9998,0.9931,0.0056
7,7,9,3,0.7186,0.6997,0.8764,0.6780,0.0655
7,7,9,4,0.9969,0.9975,1.0000,0.9966,0.0031
7,7,9,5,0.9900,0.9902,0.9998,0.9890,0.0092
7,7,9,6,0.9947,0.9937,0.9999,0.9943,0.0088
7,7,9,7,0.9744,0.9792,0.9990,0.9722,0.0245
7,7,9,8,0.9948,0.9941,1.0000,0.9943,0.0051
7,7,9,9,0.9957,0.9946,1.0000,0.9953,0.0084
7,7,9,10,0.8153,0.8167,0.9548,0.7912,0.0522
7,7,9,11,0.9944,0.9938,1.0000,0.9939,0.0085
7,7,10,0,0.9944,0.9936,0.9999,0.9938,0.0045
7,7,10,1,0.9965,0.9958,0.9999,0.9961,0.0056
7,7,10,2,0.9973,0.9970,0.9999,0.9970,0.0045
7,7,10,3,0.9943,0.9930,0.9948,0.9938,0.0081
7,7,10,4,0.9650,0.9629,0.9943,0.9612,0.0219
7,7,10,5,0.8763,0.8716,0.9831,0.8607,0.0359
7,7,10,6,0.9930,0.9926,1.0000,0.9922,0.0035
7,7,10,7,0.9938,0.9932,0.9994,0.9932,0.0077
7,7,10,8,0.9947,0.9938,1.0000,0.9942,0.0087
7,7,10,9,0.8789,0.8702,0.9834,0.8648,0.0460
7,7,10,10,0.9947,0.9936,0.9999,0.9943,0.0085
7,7,10,11,0.8228,0.8302,0.9859,0.8001,0.0231
7,7,11,0,0.5824,0.5997,0.7208,0.5117,0.0913
7,7,11,1,0.9908,0.9903,0.9938,0.9905,0.0172
7,7,11,2,0.9949,0.9941,0.9991,0.9943,0.0067
7,7,11,3,0.8802,0.8837,0.9146,0.8699,0.0603
7,7,11,4,0.9902,0.9869,0.9782,0.9905,0.0226
7,7,11,5,0.9892,0.9897,0.9983,0.9879,0.0079
7,7,11,6,0.9957,0.9947,1.0000,0.9953,0.0076
7,7,11,7,0.9909,0.9916,0.9953,0.9902,0.0119
7,7,11,8,0.1667,0.5123,0.9454,0.0259,0.0639
7,7,11,9,0.9978,0.9974,0.9999,0.9976,0.0052
7,7,11,10,0.9378,0.9270,0.9274,0.9341,0.0471
7,7,11,11,0.9554,0.9553,0.9841,0.9522,0.0362
7,8,0,0,0.9171,0.9322,0.9825,0.9026,0.0390
7,8,0,1,0.1784,0.2889,1.0000,0.0655,0.0424
7,8,0,2,0.9098,0.9020,0.9156,0.8959,0.0467
7,8,0,3,0.2896,0.3128,0.9928,0.1837,0.0275
7,8,0,4,0.5219,0.5274,0.9942,0.4337,0.0151
7,8,0,5,0.2368,0.2864,0.9983,0.1279,0.0366
7,8,0,6,0.8492,0.8705,0.9914,0.8192,0.0466
7,8,0,7,0.7456,0.7534,0.9377,0.6900,0.0496
7,8,0,8,0.6688,0.6970,0.9758,0.5936,0.0479
7,8,0,9,0.8650,0.8535,0.8488,0.8427,0.0561
7,8,0,10,0.8104,0.7977,0.9018,0.7722,0.0531
7,8,0,11,0.8937,0.8862,0.9327,0.8771,0.0495
7,8,1,0,0.8099,0.8255,0.9918,0.7706,0.0436
7,8,1,1,0.8967,0.8985,0.9982,0.8768,0.0303
7,8,1,2,0.8934,0.8970,0.9963,0.8734,0.0436
7,8,1,3,0.9241,0.8993,0.9480,0.9111,0.0303
7,8,1,4,0.9555,0.9527,0.9977,0.9478,0.0311
7,8,1,5,0.9403,0.9479,0.9999,0.9291,0.0160
7,8,1,6,0.9059,0.9428,1.0000,0.8879,0.0236
7,8,1,7,0.9442,0.9480,0.9996,0.9340,0.0279
7,8,1,8,0.9415,0.9539,0.9867,0.9309,0.0254
7,8,1,9,0.9452,0.9577,1.0000,0.9350,0.0118
7,8,1,10,0.3197,0.6548,0.9448,0.1557,0.0546
7,8,1,11,0.3719,0.3675,0.9990,0.2717,0.0192
7,8,2,0,0.8864,0.8919,0.9779,0.8650,0.0408
7,8,2,1,0.9423,0.9490,0.9898,0.9338,0.0227
7,8,2,2,0.5593,0.6532,0.9788,0.4718,0.0176
7,8,2,3,0.7391,0.7775,0.9974,0.6846,0.0354
7,8,2,4,0.9204,0.9315,0.9991,0.9053,0.0126
7,8,2,5,0.8079,0.8220,0.9801,0.7682,0.0375
7,8,2,6,0.9416,0.9515,0.9875,0.9336,0.0245
7,8,2,7,0.8155,0.8219,0.9705,0.7776,0.0495
7,8,2,8,0.8571,0.8517,0.9716,0.8286,0.0320
7,8,2,9,0.6646,0.6770,0.9741,0.5936,0.0325
7,8,2,10,0.9162,0.9025,0.9842,0.9018,0.0430
7,8,2,11,0.9563,0.9492,0.9939,0.9489,0.0201
7,8,3,0,0.9269,0.9255,0.9789,0.9187,0.0346
7,8,3,1,0.9113,0.9436,0.9741,0.8944,0.0140
7,8,3,2,0.5609,0.6810,0.9876,0.4724,0.0215
7,8,3,3,0.9314,0.9257,0.9975,0.9205,0.0147
7,8,3,4,0.9293,0.9175,0.9804,0.9228,0.0425
7,8,3,5,0.9481,0.9671,0.9998,0.9385,0.0184
7,8,3,6,0.7067,0.7381,0.9701,0.6425,0.0421
7,8,3,7,0.7155,0.7009,0.9960,0.6586,0.0228
7,8,3,8,0.8369,0.8386,0.9407,0.8039,0.0323
7,8,3,9,0.7337,0.8437,0.9782,0.6877,0.0096
7,8,3,10,0.9437,0.9347,0.9912,0.9337,0.0100
7,8,3,11,0.7715,0.8104,0.9996,0.7261,0.0240
7,8,4,0,0.7653,0.7792,0.9701,0.7254,0.0102
7,8,4,1,0.9026,0.9424,0.9815,0.8840,0.0159
7,8,4,2,0.9412,0.9492,0.9910,0.9329,0.0261
7,8,4,3,0.8364,0.8604,0.9996,0.8040,0.0252
7,8,4,4,0.9592,0.9528,0.9974,0.9528,0.0148
7,8,4,5,0.7620,0.8247,0.9995,0.7162,0.0132
7,8,4,6,0.9516,0.9557,0.9961,0.9427,0.0230
7,8,4,7,0.6263,0.6147,0.9965,0.5552,0.0110
7,8,4,8,0.9414,0.9415,0.9820,0.9345,0.0306
7,8,4,9,0.9264,0.9205,0.9368,0.9126,0.0222
7,8,4,10,0.9307,0.9216,0.9830,0.9243,0.0411
7,8,4,11,0.3291,0.4736,0.9792,0.2403,0.0471
7,8,5,0,0.9331,0.9331,0.9776,0.9255,0.0306
7,8,5,1,0.9200,0.9087,0.9782,0.9139,0.0466
7,8,5,2,0.8951,0.8989,0.9591,0.8748,0.0266
7,8,5,3,0.8986,0.8993,0.9157,0.8798,0.0383
7,8,5,4,0.8525,0.8225,0.9712,0.8235,0.0181
7,8,5,5,0.9260,0.9248,0.9834,0.9186,0.0394
7,8,5,6,0.8823,0.9019,0.9839,0.8635,0.0148
7,8,5,7,0.9424,0.9432,0.9991,0.9329,0.0125
7,8,5,8,0.9323,0.9506,0.9865,0.9229,0.0223
7,8,5,9,0.9317,0.9219,0.9823,0.9251,0.0408
7,8,5,10,0.9588,0.9576,0.9939,0.9526,0.0163
7,8,5,11,0.9463,0.9445,0.9900,0.9386,0.0209
7,8,6,0,0.8262,0.8401,0.9451,0.7908,0.0331
7,8,6,1,0.9434,0.9399,0.9875,0.9376,0.0341
7,8,6,2,0.9396,0.9410,0.9921,0.9320,0.0306
7,8,6,3,0.9442,0.9495,0.9873,0.9364,0.0235
7,8,6,4,0.9318,0.9463,0.9941,0.9191,0.0105
7,8,6,5,0.9573,0.9539,0.9954,0.9500,0.0184
7,8,6,6,0.9338,0.9259,0.9847,0.9267,0.0363
7,8,6,7,0.9376,0.9477,0.9951,0.9260,0.0165
7,8,6,8,0.9345,0.9463,0.9995,0.9224,0.0101
7,8,6,9,0.9218,0.9100,0.9802,0.9156,0.0459
7,8,6,10,0.9293,0.9176,0.9796,0.9230,0.0433
7,8,6,11,0.8652,0.8860,0.9326,0.8384,0.0287
7,8,7,0,0.7125,0.7727,0.9996,0.6597,0.0129
7,8,7,1,0.9380,0.9422,0.9844,0.9302,0.0278
7,8,7,2,0.9255,0.9167,0.9794,0.9196,0.0451
7,8,7,3,0.9434,0.9674,0.9974,0.9330,0.0165
7,8,7,4,0.9256,0.9727,0.9942,0.9130,0.0144
7,8,7,5,0.9488,0.9500,0.9985,0.9404,0.0169
7,8,7,6,0.9412,0.9392,0.9825,0.9344,0.0321
7,8,7,7,0.9426,0.9350,0.9823,0.9371,0.0365
7,8,7,8,1.0000,1.0000,1.0000,1.0000,0.0000
7,8,7,9,0.8914,0.9274,0.9721,0.8714,0.0081
7,8,7,10,0.9256,0.9141,0.9829,0.9194,0.0443
7,8,7,11,0.9292,0.9214,0.9814,0.9231,0.0436
7,8,8,0,0.9342,0.9298,0.9980,0.9248,0.0245
7,8,8,1,0.9365,0.9273,0.9840,0.9311,0.0405
7,8,8,2,0.9434,0.9518,0.9932,0.9349,0.0240
7,8,8,3,0.9381,0.9410,0.9857,0.9313,0.0337
7,8,8,4,0.8166,0.9043,0.9753,0.7821,0.0108
7,8,8,5,0.8816,0.9282,0.9956,0.8588,0.0231
7,8,8,6,0.9325,0.9303,0.9807,0.9260,0.0395
7,8,8,7,0.7695,0.7926,0.9947,0.7272,0.0148
7,8,8,8,0.9496,0.9534,0.9980,0.9405,0.0147
7,8,8,9,0.9462,0.9573,0.9893,0.9379,0.0203
7,8,8,10,0.9554,0.9536,0.9964,0.9484,0.0201
7,8,8,11,0.9323,0.9232,0.9820,0.9251,0.0376
7,8,9,0,0.9378,0.9318,0.9832,0.9294,0.0230
7,8,9,1,0.9378,0.9306,0.9870,0.9317,0.0375
7,8,9,2,0.9451,0.9399,0.9861,0.9390,0.0316
7,8,9,3,0.7924,0.8055,0.9510,0.7495,0.0324
7,8,9,4,0.9330,0.9334,0.9828,0.9264,0.0383
7,8,9,5,0.9408,0.9320,0.9856,0.9331,0.0278
7,8,9,6,0.9247,0.9126,0.9793,0.9186,0.0453
7,8,9,7,0.9371,0.9676,0.9896,0.9269,0.0156
7,8,9,8,0.9286,0.9222,0.9807,0.9217,0.0405
7,8,9,9,0.9269,0.9151,0.9807,0.9209,0.0449
7,8,9,10,0.8842,0.9290,0.9935,0.8618,0.0210
7,8,9,11,0.9249,0.9134,0.9810,0.9186,0.0450
7,8,10,0,0.9298,0.9212,0.9797,0.9230,0.0401
7,8,10,1,0.9302,0.9209,0.9801,0.9238,0.0416
7,8,10,2,0.9361,0.9283,0.9852,0.9299,0.0391
7,8,10,3,0.9387,0.9407,0.9963,0.9308,0.0286
7,8,10,4,0.9348,0.9392,0.9967,0.9245,0.0146
7,8,10,5,0.8859,0.9333,1.0000,0.8660,0.0142
7,8,10,6,0.9324,0.9269,0.9815,0.9250,0.0356
7,8,10,7,0.9407,0.9344,0.9881,0.9335,0.0308
7,8,10,8,0.9252,0.9132,0.9810,0.9188,0.0449
7,8,10,9,0.8892,0.9283,1.0000,0.8680,0.0161
7,8,10,10,0.9253,0.9133,0.9802,0.9190,0.0447
7,8,10,11,0.8496,0.8605,0.9998,0.8254,0.0139
7,8,11,0,0.6784,0.7104,0.8378,0.6028,0.0593
7,8,11,1,0.9453,0.9473,0.9971,0.9370,0.0216
7,8,11,2,0.9288,0.9197,0.9894,0.9216,0.0400
7,8,11,3,0.8981,0.9238,0.9741,0.8787,0.0283
7,8,11,4,0.9501,0.9461,0.9998,0.9417,0.0226
7,8,11,5,0.9448,0.9400,0.9916,0.9393,0.0344
7,8,11,6,0.9292,0.9178,0.9828,0.9228,0.0428
7,8,11,7,0.9417,0.9538,0.9958,0.9336,0.0251
7,8,11,8,0.2997,0.6353,0.9897,0.1516,0.0311
7,8,11,9,0.9356,0.9258,0.9845,0.9294,0.0401
7,8,11,10,0.9470,0.9511,0.9810,0.9371,0.0138
7,8,11,11,0.9600,0.9664,1.0000,0.9526,0.0094
7,9,0,0,0.8995,0.8880,0.9988,0.8797,0.0329
7,9,0,1,0.1751,0.2580,0.9702,0.0596,0.0460
7,9,0,2,0.8937,0.9022,0.9843,0.8743,0.0407
7,9,0,3,0.2835,0.2869,0.9932,0.1748,0.0323
7,9,0,4,0.5045,0.4837,0.9917,0.4113,0.0098
7,9,0,5,0.2318,0.2613,0.9841,0.1201,0.0403
7,9,0,6,0.8141,0.8203,0.9945,0.7742,0.0405
7,9,0,7,0.7328,0.7309,0.9930,0.6718,0.0438
7,9,0,8,0.6855,0.7190,0.9999,0.6123,0.0418
7,9,0,9,0.8611,0.8561,0.9491,0.8357,0.0501
7,9,0,10,0.8089,0.7913,0.9779,0.7683,0.0474
7,9,0,11,0.8632,0.8485,0.9913,0.8368,0.0434
7,9,1,0,0.8313,0.8088,0.9942,0.7956,0.0370
7,9,1,1,0.8602,0.8384,0.9846,0.8313,0.0243
7,9,1,2,0.8488,0.8438,0.9887,0.8172,0.0375
7,9,1,3,0.8944,0.8452,0.9962,0.8734,0.0269
7,9,1,4,0.9056,0.8918,0.9858,0.8867,0.0272
7,9,1,5,0.8943,0.8897,0.9693,0.8736,0.0105
7,9,1,6,0.8862,0.8733,0.9700,0.8632,0.0186
7,9,1,7,0.9027,0.8942,0.9783,0.8831,0.0237
7,9,1,8,0.9004,0.9210,0.9973,0.8804,0.0197
7,9,1,9,0.8971,0.9107,0.9734,0.8775,0.0081
7,9,1,10,0.3407,0.6118,0.9953,0.1784,0.0485
7,9,1,11,0.3719,0.3377,0.9816,0.2698,0.0241
7,9,2,0,0.8839,0.8708,0.9997,0.8607,0.0350
7,9,2,1,0.8946,0.8781,0.9289,0.8782,0.0245
7,9,2,2,0.5628,0.6228,0.9995,0.4741,0.0142
7,9,2,3,0.7404,0.7346,0.9866,0.6847,0.0296
7,9,2,4,0.8983,0.8741,0.9614,0.8786,0.0071
7,9,2,5,0.7924,0.7798,0.9993,0.7476,0.0320
7,9,2,6,0.8721,0.8746,0.9230,0.8531,0.0274
7,9,2,7,0.7721,0.7631,1.0000,0.7214,0.0434
7,9,2,8,0.8071,0.7973,1.0000,0.7661,0.0262
7,9,2,9,0.6255,0.6271,1.0000,0.5438,0.0268
7,9,2,10,0.8688,0.8468,0.9983,0.8420,0.0370
7,9,2,11,0.9063,0.8754,0.9404,0.8901,0.0206
7,9,3,0,0.8861,0.8458,0.9037,0.8720,0.0383
7,9,3,1,0.9182,0.9301,1.0000,0.9021,0.0114
7,9,3,2,0.5699,0.6634,0.9969,0.4813,0.0160
7,9,3,3,0.8760,0.8499,0.9533,0.8557,0.0189
7,9,3,4,0.8805,0.8391,0.9068,0.8673,0.0462
7,9,3,5,0.8930,0.9196,0.9762,0.8725,0.0173
7,9,3,6,0.6871,0.7123,1.0000,0.6162,0.0363
7,9,3,7,0.6475,0.6482,0.9892,0.5751,0.0181
7,9,3,8,0.8527,0.8407,0.9940,0.8220,0.0283
7,9,3,9,0.7353,0.8291,0.9996,0.6888,0.0106
7,9,3,10,0.8938,0.8607,0.9326,0.8746,0.0100
7,9,3,11,0.7619,0.7709,0.9784,0.7132,0.0180
7,9,4,0,0.7379,0.7235,1.0000,0.6925,0.0126
7,9,4,1,0.9736,0.9716,0.9990,0.9686,0.0106
7,9,4,2,0.8998,0.8760,0.9321,0.8849,0.0279
7,9,4,3,0.7867,0.7995,0.9787,0.7430,0.0186
7,9,4,4,0.8930,0.8755,0.9527,0.8753,0.0172
7,9,4,5,0.8375,0.8154,0.9793,0.8055,0.0104
7,9,4,6,0.8907,0.9005,0.9891,0.8691,0.0188
7,9,4,7,0.5827,0.5601,0.9883,0.5015,0.0110
7,9,4,8,0.8786,0.8701,0.9103,0.8620,0.0342
7,9,4,9,0.9177,0.9454,0.9927,0.9014,0.0169
7,9,4,10,0.8794,0.8464,0.9126,0.8658,0.0447
7,9,4,11,0.2979,0.4305,0.9044,0.2030,0.0508
7,9,5,0,0.8929,0.8567,0.9011,0.8795,0.0345
7,9,5,1,0.8750,0.8299,0.9022,0.8629,0.0502
7,9,5,2,0.8419,0.8627,0.9987,0.8092,0.0211
7,9,5,3,0.9167,0.9095,0.9844,0.9011,0.0325
7,9,5,4,0.7938,0.7601,1.0000,0.7516,0.0139
7,9,5,5,0.8831,0.8441,0.9135,0.8695,0.0430
7,9,5,6,0.8562,0.8296,0.9147,0.8328,0.0201
7,9,5,7,0.8611,0.9014,0.9811,0.8375,0.0164
7,9,5,8,0.8955,0.8666,0.9206,0.8802,0.0260
7,9,5,9,0.8830,0.8450,0.9111,0.8695,0.0445
7,9,5,10,0.9047,0.8793,0.9405,0.8895,0.0199
7,9,5,11,0.8886,0.8640,0.9294,0.8715,0.0245
7,9,6,0,0.8006,0.7860,0.9954,0.7582,0.0281
7,9,6,1,0.8187,0.9113,0.9231,0.7941,0.0378
7,9,6,2,0.8960,0.8649,0.9351,0.8817,0.0337
7,9,6,3,0.8552,0.8784,0.9226,0.8332,0.0258
7,9,6,4,0.8985,0.8642,0.9410,0.8791,0.0068
7,9,6,5,0.8932,0.8866,0.9451,0.8746,0.0176
7,9,6,6,0.8854,0.8484,0.9163,0.8713,0.0400
7,9,6,7,0.8591,0.8806,0.9441,0.8322,0.0115
7,9,6,8,0.9211,0.8981,0.9644,0.9061,0.0067
7,9,6,9,0.8747,0.8309,0.9066,0.8622,0.0496
7,9,6,10,0.8786,0.8391,0.9053,0.8653,0.0470
7,9,6,11,0.9396,0.9256,0.9912,0.9283,0.0235
7,9,7,0,0.7261,0.7339,0.9784,0.6748,0.0126
7,9,7,1,0.8707,0.8673,0.9158,0.8524,0.0315
7,9,7,2,0.8781,0.8361,0.9048,0.8658,0.0488
7,9,7,3,0.9267,0.9028,0.9528,0.9130,0.0142
7,9,7,4,0.9243,0.9210,0.9413,0.9114,0.0155
7,9,7,5,0.9028,0.8951,0.9577,0.8865,0.0193
7,9,7,6,0.8766,0.8635,0.9114,0.8600,0.0358
7,9,7,7,0.8753,0.8580,0.9111,0.8599,0.0401
7,9,7,8,0.8914,0.9274,0.9721,0.8714,0.0081
7,9,7,9,1.0000,1.0000,1.0000,1.0000,0.0000
7,9,7,10,0.8739,0.8363,0.9125,0.8607,0.0480
7,9,7,11,0.8813,0.8413,0.9092,0.8686,0.0472
7,9,8,0,0.9108,0.8743,0.9552,0.8977,0.0274
7,9,8,1,0.8670,0.8602,0.9149,0.8517,0.0442
7,9,8,2,0.8892,0.8773,0.9384,0.8719,0.0258
7,9,8,3,0.8704,0.8673,0.9187,0.8535,0.0374
7,9,8,4,0.8949,0.9136,0.9999,0.8748,0.0100
7,9,8,5,0.9491,0.9464,0.9898,0.9392,0.0160
7,9,8,6,0.8647,0.8567,0.9077,0.8485,0.0432
7,9,8,7,0.7673,0.7550,0.9911,0.7237,0.0112
7,9,8,8,0.9167,0.8934,0.9556,0.9013,0.0129
7,9,8,9,0.8734,0.8925,0.9275,0.8529,0.0214
7,9,8,10,0.9091,0.8824,0.9489,0.8943,0.0219
7,9,8,11,0.8836,0.8465,0.9103,0.8694,0.0413
7,9,9,0,0.8809,0.8543,0.9130,0.8635,0.0272
7,9,9,1,0.8690,0.8693,0.9218,0.8529,0.0412
7,9,9,2,0.8625,0.8835,0.9197,0.8438,0.0353
7,9,9,3,0.8266,0.8064,0.9970,0.7901,0.0266
7,9,9,4,0.8709,0.8586,0.9121,0.8554,0.0420
7,9,9,5,0.8954,0.8560,0.9186,0.8807,0.0315
7,9,9,6,0.8747,0.8358,0.9046,0.8617,0.0489
7,9,9,7,0.8787,0.8816,0.9284,0.8584,0.0167
7,9,9,8,0.8757,0.8446,0.9076,0.8613,0.0442
7,9,9,9,0.8749,0.8400,0.9076,0.8618,0.0485
7,9,9,10,0.9276,0.9200,0.9925,0.9134,0.0150
7,9,9,11,0.8789,0.8361,0.9083,0.8663,0.0487
7,9,10,0,0.8782,0.8446,0.9055,0.8641,0.0438
7,9,10,1,0.8730,0.8472,0.9063,0.8585,0.0453
7,9,10,2,0.8889,0.8539,0.9176,0.8760,0.0428
7,9,10,3,0.8936,0.8721,0.9482,0.8787,0.0323
7,9,10,4,0.8786,0.8760,0.9498,0.8588,0.0182
7,9,10,5,0.9365,0.9412,0.9711,0.9253,0.0113
7,9,10,6,0.8814,0.8506,0.9093,0.8664,0.0392
7,9,10,7,0.8882,0.8631,0.9246,0.8730,0.0345
7,9,10,8,0.8759,0.8360,0.9082,0.8628,0.0485
7,9,10,9,0.8965,0.8685,0.9708,0.8762,0.0109
7,9,10,10,0.8746,0.8370,0.9064,0.8613,0.0484
7,9,10,11,0.7825,0.7889,0.9672,0.7467,0.0184
7,9,11,0,0.7456,0.7331,0.9424,0.6873,0.0535
7,9,11,1,0.8944,0.8867,0.9513,0.8775,0.0237
7,9,11,2,0.8828,0.8488,0.9279,0.8691,0.0437
7,9,11,3,0.8503,0.8795,1.0000,0.8192,0.0223
7,9,11,4,0.9099,0.8865,0.9768,0.8945,0.0231
7,9,11,5,0.8513,0.8981,0.9336,0.8319,0.0375
7,9,11,6,0.8773,0.8438,0.9120,0.8635,0.0464
7,9,11,7,0.9008,0.8751,0.9467,0.8862,0.0282
7,9,11,8,0.3384,0.5705,0.9957,0.1956,0.0258
7,9,11,9,0.8795,0.8520,0.9159,0.8653,0.0438
7,9,11,10,0.8898,0.9113,0.9991,0.8679,0.0112
7,9,11,11,0.9290,0.9141,0.9698,0.9157,0.0100
7,10,0,0,0.8576,0.8549,0.9316,0.8486,0.0762
7,10,0,1,0.1088,0.1914,0.9844,0.0146,0.0051
7,10,0,2,0.8271,0.8147,0.8261,0.8164,0.0847
7,10,0,3,0.1960,0.2165,0.9539,0.1040,0.0176
7,10,0,4,0.3990,0.3869,0.9576,0.3163,0.0492
7,10,0,5,0.1652,0.1989,0.9707,0.0735,0.0077
7,10,0,6,0.7642,0.7765,0.9504,0.7382,0.0859
7,10,0,7,0.6133,0.6152,0.8579,0.5570,0.0908
7,10,0,8,0.5789,0.5920,0.9190,0.5152,0.0870
7,10,0,9,0.7741,0.7584,0.7372,0.7568,0.0950
7,10,0,10,0.7201,0.6963,0.8069,0.6890,0.0943
7,10,0,11,0.8164,0.8024,0.8505,0.8057,0.0875
7,10,1,0,0.7090,0.7047,0.9513,0.6715,0.0826
7,10,1,1,0.8302,0.8157,0.9700,0.8135,0.0691
7,10,1,2,0.8092,0.8126,0.9635,0.7907,0.0792
7,10,1,3,0.9212,0.8958,0.8733,0.9241,0.0681
7,10,1,4,0.9230,0.9218,0.9682,0.9215,0.0602
7,10,1,5,0.9111,0.9075,0.9851,0.9044,0.0527
7,10,1,6,0.8429,0.8347,0.9846,0.8275,0.0651
7,10,1,7,0.9113,0.9126,0.9774,0.9070,0.0602
7,10,1,8,0.9184,0.9247,0.9400,0.9161,0.0611
7,10,1,9,0.9445,0.9563,0.9820,0.9420,0.0467
7,10,1,10,0.1692,0.5392,0.8684,0.0178,0.0918
7,10,1,11,0.3043,0.2857,0.9738,0.2196,0.0262
7,10,2,0,0.7973,0.7822,0.9228,0.7772,0.0815
7,10,2,1,0.9825,0.9847,0.9991,0.9817,0.0240
7,10,2,2,0.4045,0.5001,0.9245,0.3173,0.0598
7,10,2,3,0.6377,0.6507,0.9671,0.5869,0.0753
7,10,2,4,0.9144,0.9186,0.9898,0.9080,0.0530
7,10,2,5,0.7005,0.6932,0.9269,0.6613,0.0787
7,10,2,6,0.9768,0.9815,0.9996,0.9749,0.0209
7,10,2,7,0.7093,0.7141,0.9096,0.6733,0.0883
7,10,2,8,0.7376,0.7119,0.9116,0.7050,0.0727
7,10,2,9,0.5046,0.5257,0.9158,0.4296,0.0735
7,10,2,10,0.8318,0.8188,0.9348,0.8184,0.0798
7,10,2,11,0.9820,0.9812,0.9972,0.9825,0.0327
7,10,3,0,0.9941,0.9930,0.9998,0.9937,0.0097
7,10,3,1,0.9000,0.8842,0.9158,0.8921,0.0573
7,10,3,2,0.3849,0.5070,0.9420,0.2933,0.0619
7,10,3,3,0.9557,0.9622,0.9934,0.9519,0.0323
7,10,3,4,0.9990,0.9988,0.9999,0.9990,0.0021
7,10,3,5,0.9403,0.9402,0.9795,0.9371,0.0475
7,10,3,6,0.5610,0.5660,0.9088,0.4944,0.0817
7,10,3,7,0.5805,0.5730,0.9627,0.5213,0.0645
7,10,3,8,0.7542,0.7171,0.8622,0.7246,0.0761
7,10,3,9,0.5552,0.6836,0.9233,0.4979,0.0395
7,10,3,10,0.9562,0.9406,0.9986,0.9538,0.0391
7,10,3,11,0.6844,0.7074,0.9773,0.6422,0.0647
7,10,4,0,0.6308,0.6106,0.9090,0.5842,0.0367
7,10,4,1,0.8930,0.8782,0.9295,0.8840,0.0576
7,10,4,2,0.9881,0.9873,0.9987,0.9878,0.0203
7,10,4,3,0.7127,0.7511,0.9770,0.6752,0.0651
7,10,4,4,0.9689,0.9631,0.9936,0.9670,0.0311
7,10,4,5,0.7030,0.7290,0.9764,0.6642,0.0563
7,10,4,6,0.9058,0.8976,0.9628,0.8990,0.0558
7,10,4,7,0.4943,0.4904,0.9642,0.4239,0.0525
7,10,4,8,0.9903,0.9911,1.0000,0.9896,0.0138
7,10,4,9,0.8742,0.8505,0.8565,0.8641,0.0649
7,10,4,10,0.9987,0.9989,1.0000,0.9986,0.0033
7,10,4,11,0.1835,0.3331,0.9998,0.0994,0.0028
7,10,5,0,0.9799,0.9655,0.9996,0.9779,0.0138
7,10,5,1,0.9994,0.9992,0.9997,0.9993,0.0022
7,10,5,2,0.7757,0.7542,0.8907,0.7492,0.0686
7,10,5,3,0.8122,0.7688,0.8262,0.7944,0.0777
7,10,5,4,0.7363,0.6907,0.9107,0.7027,0.0611
7,10,5,5,0.9977,0.9968,1.0000,0.9975,0.0050
7,10,5,6,0.9250,0.9137,1.0000,0.9171,0.0329
7,10,5,7,0.9118,0.9218,0.9744,0.9026,0.0329
7,10,5,8,0.9752,0.9670,0.9998,0.9731,0.0220
7,10,5,9,0.9989,0.9988,1.0000,0.9988,0.0038
7,10,5,10,0.9705,0.9645,0.9972,0.9685,0.0281
7,10,5,11,0.9794,0.9776,0.9991,0.9782,0.0235
7,10,6,0,0.6721,0.6648,0.8689,0.6276,0.0753
7,10,6,1,0.9579,0.9607,0.9996,0.9533,0.0102
7,10,6,2,0.9943,0.9932,0.9983,0.9942,0.0143
7,10,6,3,0.9579,0.9628,0.9997,0.9537,0.0251
7,10,6,4,0.9266,0.9257,0.9971,0.9217,0.0498
7,10,6,5,0.9672,0.9658,0.9961,0.9658,0.0352
7,10,6,6,0.9978,0.9969,1.0000,0.9978,0.0080
7,10,6,7,0.8960,0.9030,0.9963,0.8862,0.0493
7,10,6,8,0.9147,0.9104,0.9882,0.9076,0.0497
7,10,6,9,0.9997,0.9998,0.9999,0.9997,0.0016
7,10,6,10,0.9994,0.9993,0.9999,0.9994,0.0018
7,10,6,11,0.7785,0.7549,0.8504,0.7530,0.0712
7,10,7,0,0.6663,0.7152,0.9774,0.6228,0.0512
7,10,7,1,0.9863,0.9888,1.0000,0.9853,0.0165
7,10,7,2,0.9994,0.9993,0.9998,0.9994,0.0016
7,10,7,3,0.9360,0.9230,0.9936,0.9315,0.0457
7,10,7,4,0.9163,0.8974,0.9970,0.9078,0.0383
7,10,7,5,0.9821,0.9817,0.9916,0.9821,0.0300
7,10,7,6,0.9934,0.9949,1.0000,0.9930,0.0122
7,10,7,7,0.9951,0.9944,1.0000,0.9947,0.0079
7,10,7,8,0.9256,0.9141,0.9829,0.9194,0.0443
7,10,7,9,0.8739,0.8363,0.9125,0.8607,0.0480
7,10,7,10,1.0000,1.0000,1.0000,1.0000,0.0000
7,10,7,11,0.9993,0.9990,1.0000,0.9993,0.0013
7,10,8,0,0.9897,0.9892,0.9927,0.9895,0.0206
7,10,8,1,0.9968,0.9970,1.0000,0.9965,0.0038
7,10,8,2,0.9866,0.9879,0.9976,0.9864,0.0237
7,10,8,3,0.9927,0.9941,0.9999,0.9921,0.0106
7,10,8,4,0.7754,0.8361,0.9180,0.7477,0.0538
7,10,8,5,0.8459,0.8071,0.9615,0.8296,0.0590
7,10,8,6,0.9951,0.9965,0.9999,0.9946,0.0049
7,10,8,7,0.7204,0.7428,0.9589,0.6847,0.0513
7,10,8,8,0.9522,0.9498,0.9925,0.9499,0.0425
7,10,8,9,0.9710,0.9764,0.9993,0.9691,0.0282
7,10,8,10,0.9849,0.9800,0.9949,0.9850,0.0274
7,10,8,11,0.9971,0.9967,1.0000,0.9969,0.0067
7,10,9,0,0.9665,0.9683,1.0000,0.9632,0.0214
7,10,9,1,0.9951,0.9958,0.9997,0.9947,0.0068
7,10,9,2,0.9890,0.9907,0.9998,0.9881,0.0127
7,10,9,3,0.7189,0.6911,0.8779,0.6829,0.0733
7,10,9,4,0.9954,0.9971,1.0000,0.9950,0.0060
7,10,9,5,0.9919,0.9912,0.9999,0.9916,0.0165
7,10,9,6,0.9996,0.9994,0.9998,0.9996,0.0009
7,10,9,7,0.9598,0.9652,0.9992,0.9568,0.0324
7,10,9,8,0.9984,0.9984,0.9999,0.9982,0.0038
7,10,9,9,0.9996,0.9995,0.9999,0.9996,0.0010
7,10,9,10,0.8056,0.7848,0.9557,0.7831,0.0601
7,10,9,11,0.9996,0.9994,0.9999,0.9995,0.0009
7,10,10,0,0.9980,0.9982,0.9999,0.9978,0.0042
7,10,10,1,0.9984,0.9987,0.9999,0.9983,0.0030
7,10,10,2,0.9982,0.9979,0.9999,0.9981,0.0052
7,10,10,3,0.9934,0.9915,0.9952,0.9932,0.0157
7,10,10,4,0.9649,0.9641,0.9947,0.9623,0.0298
7,10,10,5,0.8638,0.8346,0.9837,0.8484,0.0438
7,10,10,6,0.9954,0.9965,1.0000,0.9951,0.0088
7,10,10,7,0.9948,0.9941,0.9995,0.9947,0.0135
7,10,10,8,0.9996,0.9995,0.9999,0.9996,0.0010
7,10,10,9,0.8673,0.8374,0.9839,0.8541,0.0539
7,10,10,10,0.9995,0.9994,0.9999,0.9995,0.0012
7,10,10,11,0.8281,0.8366,0.9865,0.8079,0.0310
7,10,11,0,0.5624,0.5914,0.7231,0.4940,0.0992
7,10,11,1,0.9869,0.9882,0.9941,0.9869,0.0248
7,10,11,2,0.9992,0.9993,0.9992,0.9992,0.0046
7,10,11,3,0.8701,0.8804,0.9159,0.8615,0.0682
7,10,11,4,0.9875,0.9854,0.9789,0.9885,0.0302
7,10,11,5,0.9794,0.9824,0.9985,0.9773,0.0110
7,10,11,6,0.9994,0.9994,1.0000,0.9993,0.0024
7,10,11,7,0.9885,0.9872,0.9956,0.9881,0.0198
7,10,11,8,0.1493,0.4942,0.9465,0.0132,0.0718
7,10,11,9,0.9985,0.9987,1.0000,0.9984,0.0042
7,10,11,10,0.9283,0.9191,0.9286,0.9254,0.0550
7,10,11,11,0.9516,0.9432,0.9847,0.9496,0.0441
7,11,0,0,0.8644,0.8627,0.9286,0.8559,0.0754
7,11,0,1,0.1175,0.2052,0.9829,0.0232,0.0043
7,11,0,2,0.8320,0.8213,0.8215,0.8213,0.0840
7,11,0,3,0.2087,0.2346,0.9515,0.1171,0.0168
7,11,0,4,0.4167,0.4116,0.9552,0.3356,0.0484
7,11,0,5,0.1748,0.2134,0.9687,0.0832,0.0070
7,11,0,6,0.7716,0.7873,0.9478,0.7461,0.0851
7,11,0,7,0.6219,0.6297,0.8537,0.5661,0.0900
7,11,0,8,0.5825,0.5951,0.9158,0.5183,0.0862
7,11,0,9,0.7788,0.7640,0.7317,0.7613,0.0942
7,11,0,10,0.7288,0.7067,0.8021,0.6985,0.0935
7,11,0,11,0.8222,0.8096,0.8463,0.8116,0.0867
7,11,1,0,0.7190,0.7174,0.9488,0.6824,0.0819
7,11,1,1,0.8375,0.8285,0.9680,0.8214,0.0683
7,11,1,2,0.8166,0.8244,0.9614,0.7987,0.0784
7,11,1,3,0.9223,0.8957,0.8693,0.9247,0.0673
7,11,1,4,0.9273,0.9288,0.9662,0.9259,0.0594
7,11,1,5,0.9164,0.9180,0.9837,0.9100,0.0519
7,11,1,6,0.8520,0.8459,0.9831,0.8376,0.0643
7,11,1,7,0.9155,0.9194,0.9757,0.9113,0.0594
7,11,1,8,0.9210,0.9302,0.9372,0.9185,0.0603
7,11,1,9,0.9473,0.9606,0.9804,0.9447,0.0459
7,11,1,10,0.1713,0.5428,0.8644,0.0185,0.0910
7,11,1,11,0.3161,0.3024,0.9719,0.2318,0.0254
7,11,2,0,0.8047,0.7921,0.9197,0.7851,0.0807
7,11,2,1,0.9830,0.9865,0.9987,0.9821,0.0232
7,11,2,2,0.4133,0.5169,0.9214,0.3264,0.0590
7,11,2,3,0.6471,0.6631,0.9650,0.5970,0.0745
7,11,2,4,0.9188,0.9275,0.9886,0.9126,0.0522
7,11,2,5,0.7078,0.7095,0.9239,0.6690,0.0779
7,11,2,6,0.9768,0.9867,0.9994,0.9748,0.0201
7,11,2,7,0.7179,0.7279,0.9062,0.6826,0.0875
7,11,2,8,0.7457,0.7247,0.9083,0.7136,0.0719
7,11,2,9,0.5140,0.5424,0.9126,0.4396,0.0727
7,11,2,10,0.8389,0.8304,0.9319,0.8260,0.0790
7,11,2,11,0.9840,0.9849,0.9966,0.9845,0.0319
7,11,3,0,0.9950,0.9952,0.9999,0.9946,0.0089
7,11,3,1,0.9024,0.8925,0.9126,0.8943,0.0565
7,11,3,2,0.3929,0.5167,0.9393,0.3014,0.0611
7,11,3,3,0.9565,0.9630,0.9925,0.9525,0.0315
7,11,3,4,0.9989,0.9983,1.0000,0.9988,0.0021
7,11,3,5,0.9413,0.9459,0.9779,0.9379,0.0467
7,11,3,6,0.5695,0.5780,0.9055,0.5033,0.0809
7,11,3,7,0.5856,0.5851,0.9605,0.5262,0.0638
7,11,3,8,0.7585,0.7287,0.8581,0.7288,0.0753
7,11,3,9,0.5598,0.6892,0.9202,0.5024,0.0387
7,11,3,10,0.9600,0.9489,0.9982,0.9578,0.0383
7,11,3,11,0.6917,0.7193,0.9756,0.6499,0.0639
7,11,4,0,0.6393,0.6191,0.9056,0.5932,0.0359
7,11,4,1,0.8983,0.8839,0.9266,0.8896,0.0568
7,11,4,2,0.9883,0.9895,0.9983,0.9878,0.0195
7,11,4,3,0.7202,0.7598,0.9753,0.6832,0.0643
7,11,4,4,0.9715,0.9687,0.9927,0.9696,0.0303
7,11,4,5,0.7108,0.7382,0.9747,0.6724,0.0555
7,11,4,6,0.9093,0.9043,0.9606,0.9025,0.0550
7,11,4,7,0.5079,0.5106,0.9620,0.4386,0.0517
7,11,4,8,0.9896,0.9932,1.0000,0.9887,0.0132
7,11,4,9,0.8764,0.8545,0.8523,0.8660,0.0641
7,11,4,10,0.9981,0.9989,1.0000,0.9979,0.0028
7,11,4,11,0.1880,0.3500,0.9999,0.1034,0.0035
7,11,5,0,0.9834,0.9719,0.9998,0.9817,0.0130
7,11,5,1,0.9987,0.9982,0.9999,0.9986,0.0030
7,11,5,2,0.7787,0.7592,0.8871,0.7519,0.0678
7,11,5,3,0.8193,0.7760,0.8216,0.8021,0.0769
7,11,5,4,0.7469,0.7076,0.9074,0.7143,0.0603
7,11,5,5,0.9972,0.9965,0.9999,0.9970,0.0045
7,11,5,6,0.9243,0.9187,0.9999,0.9160,0.0321
7,11,5,7,0.9116,0.9228,0.9726,0.9020,0.0321
7,11,5,8,0.9774,0.9701,0.9996,0.9754,0.0213
7,11,5,9,0.9985,0.9984,1.0000,0.9983,0.0038
7,11,5,10,0.9741,0.9712,0.9966,0.9723,0.0273
7,11,5,11,0.9811,0.9824,0.9987,0.9798,0.0227
7,11,6,0,0.6812,0.6737,0.8649,0.6373,0.0745
7,11,6,1,0.9540,0.9625,0.9994,0.9489,0.0094
7,11,6,2,0.9948,0.9944,0.9977,0.9947,0.0138
7,11,6,3,0.9578,0.9666,0.9994,0.9534,0.0243
7,11,6,4,0.9315,0.9310,0.9964,0.9268,0.0491
7,11,6,5,0.9688,0.9711,0.9953,0.9674,0.0344
7,11,6,6,0.9979,0.9975,0.9998,0.9977,0.0075
7,11,6,7,0.8983,0.9134,0.9956,0.8885,0.0485
7,11,6,8,0.9190,0.9179,0.9869,0.9120,0.0489
7,11,6,9,0.9992,0.9985,1.0000,0.9992,0.0024
7,11,6,10,0.9991,0.9988,1.0000,0.9990,0.0016
7,11,6,11,0.7865,0.7605,0.8461,0.7617,0.0704
7,11,7,0,0.6709,0.7203,0.9756,0.6273,0.0504
7,11,7,1,0.9858,0.9920,0.9999,0.9846,0.0157
7,11,7,2,0.9998,0.9997,0.9999,0.9998,0.0016
7,11,7,3,0.9430,0.9324,0.9927,0.9391,0.0449
7,11,7,4,0.9220,0.9057,0.9964,0.9139,0.0375
7,11,7,5,0.9823,0.9837,0.9905,0.9822,0.0293
7,11,7,6,0.9930,0.9964,1.0000,0.9925,0.0117
7,11,7,7,0.9955,0.9969,1.0000,0.9951,0.0071
7,11,7,8,0.9292,0.9214,0.9814,0.9231,0.0436
7,11,7,9,0.8813,0.8413,0.9092,0.8686,0.0472
7,11,7,10,0.9993,0.9990,1.0000,0.9993,0.0013
7,11,7,11,1.0000,1.0000,1.0000,1.0000,0.0000
7,11,8,0,0.9907,0.9891,0.9917,0.9905,0.0198
7,11,8,1,0.9956,0.9973,0.9999,0.9951,0.0033
7,11,8,2,0.9865,0.9902,0.9971,0.9861,0.0232
7,11,8,3,0.9917,0.9951,0.9997,0.9909,0.0098
7,11,8,4,0.7809,0.8419,0.9148,0.7535,0.0530
7,11,8,5,0.8549,0.8150,0.9593,0.8394,0.0582
7,11,8,6,0.9937,0.9972,1.0000,0.9931,0.0043
7,11,8,7,0.7247,0.7446,0.9566,0.6890,0.0505
7,11,8,8,0.9564,0.9546,0.9915,0.9543,0.0417
7,11,8,9,0.9708,0.9813,0.9989,0.9686,0.0274
7,11,8,10,0.9882,0.9849,0.9941,0.9884,0.0266
7,11,8,11,0.9972,0.9965,1.0000,0.9969,0.0064
7,11,9,0,0.9678,0.9701,1.0000,0.9646,0.0206
7,11,9,1,0.9935,0.9957,0.9995,0.9929,0.0060
7,11,9,2,0.9870,0.9919,0.9997,0.9857,0.0119
7,11,9,3,0.7254,0.6950,0.8740,0.6896,0.0725
7,11,9,4,0.9939,0.9979,1.0000,0.9933,0.0052
7,11,9,5,0.9931,0.9925,0.9997,0.9928,0.0157
7,11,9,6,0.9990,0.9985,0.9999,0.9989,0.0017
7,11,9,7,0.9606,0.9695,0.9988,0.9574,0.0316
7,11,9,8,0.9976,0.9979,1.0000,0.9974,0.0033
7,11,9,9,0.9988,0.9986,1.0000,0.9987,0.0013
7,11,9,10,0.8147,0.7969,0.9534,0.7930,0.0593
7,11,9,11,0.9991,0.9985,1.0000,0.9990,0.0017
7,11,10,0,0.9975,0.9978,1.0000,0.9972,0.0039
7,11,10,1,0.9975,0.9987,1.0000,0.9972,0.0030
7,11,10,2,0.9983,0.9980,0.9998,0.9982,0.0052
7,11,10,3,0.9939,0.9917,0.9943,0.9937,0.0150
7,11,10,4,0.9655,0.9670,0.9938,0.9626,0.0290
7,11,10,5,0.8706,0.8440,0.9823,0.8558,0.0430
7,11,10,6,0.9951,0.9963,1.0000,0.9947,0.0080
7,11,10,7,0.9944,0.9950,0.9993,0.9941,0.0127
7,11,10,8,0.9990,0.9985,1.0000,0.9989,0.0016
7,11,10,9,0.8739,0.8494,0.9825,0.8612,0.0531
7,11,10,10,0.9988,0.9984,1.0000,0.9986,0.0014
7,11,10,11,0.8301,0.8390,0.9851,0.8098,0.0302
7,11,11,0,0.5675,0.5932,0.7175,0.4988,0.0984
7,11,11,1,0.9870,0.9896,0.9933,0.9868,0.0240
7,11,11,2,0.9984,0.9983,0.9989,0.9983,0.0046
7,11,11,3,0.8709,0.8839,0.9126,0.8616,0.0674
7,11,11,4,0.9883,0.9862,0.9772,0.9891,0.0294
7,11,11,5,0.9766,0.9838,0.9980,0.9741,0.0102
7,11,11,6,0.9986,0.9986,1.0000,0.9985,0.0021
7,11,11,7,0.9887,0.9889,0.9949,0.9881,0.0190
7,11,11,8,0.1509,0.5005,0.9439,0.0134,0.0710
7,11,11,9,0.9980,0.9989,0.9999,0.9978,0.0042
7,11,11,10,0.9290,0.9240,0.9256,0.9257,0.0542
7,11,11,11,0.9560,0.9487,0.9832,0.9542,0.0433
8,0,0,0,0.8907,0.8830,0.9687,0.8780,0.0556
8,0,0,1,0.1631,0.2284,0.9984,0.0613,0.0210
8,0,0,2,0.8672,0.8536,0.8881,0.8528,0.0641
8,0,0,3,0.2555,0.2512,0.9832,0.1573,0.0195
8,0,0,4,0.4560,0.4220,0.9854,0.3683,0.0289
8,0,0,5,0.2172,0.2324,0.9926,0.1182,0.0160
8,0,0,6,0.8007,0.8041,0.9810,0.7697,0.0653
8,0,0,7,0.6742,0.6631,0.9137,0.6150,0.0702
8,0,0,8,0.6493,0.6407,0.9599,0.5842,0.0664
8,0,0,9,0.8231,0.8014,0.8134,0.8024,0.0744
8,0,0,10,0.7768,0.7404,0.8723,0.7433,0.0737
8,0,0,11,0.8592,0.8413,0.9078,0.8448,0.0669
8,0,1,0,0.7565,0.7436,0.9816,0.7157,0.0626
8,0,1,1,0.8543,0.8371,0.9923,0.8327,0.0491
8,0,1,2,0.8394,0.8349,0.9888,0.8159,0.0592
8,0,1,3,0.9464,0.9194,0.9257,0.9454,0.0475
8,0,1,4,0.9385,0.9364,0.9913,0.9324,0.0396
8,0,1,5,0.9278,0.9256,0.9987,0.9179,0.0324
8,0,1,6,0.8738,0.8616,0.9985,0.8555,0.0450
8,0,1,7,0.9270,0.9286,0.9958,0.9183,0.0399
8,0,1,8,0.9385,0.9451,0.9743,0.9325,0.0405
8,0,1,9,0.9559,0.9654,0.9976,0.9503,0.0266
8,0,1,10,0.2464,0.5689,0.9219,0.0876,0.0718
8,0,1,11,0.3614,0.3193,0.9941,0.2714,0.0164
8,0,2,0,0.8356,0.8175,0.9626,0.8116,0.0609
8,0,2,1,0.9820,0.9878,0.9969,0.9795,0.0060
8,0,2,2,0.4698,0.5502,0.9638,0.3784,0.0403
8,0,2,3,0.6826,0.6807,0.9907,0.6271,0.0552
8,0,2,4,0.9334,0.9346,0.9998,0.9244,0.0329
8,0,2,5,0.7446,0.7363,0.9654,0.7013,0.0584
8,0,2,6,0.9701,0.9777,0.9955,0.9660,0.0097
8,0,2,7,0.7520,0.7457,0.9531,0.7109,0.0677
8,0,2,8,0.7700,0.7532,0.9546,0.7319,0.0523
8,0,2,9,0.5572,0.5643,0.9576,0.4767,0.0531
8,0,2,10,0.8581,0.8422,0.9708,0.8390,0.0592
8,0,2,11,0.9860,0.9852,0.9989,0.9843,0.0129
8,0,3,0,0.9898,0.9882,0.9899,0.9888,0.0125
8,0,3,1,0.9200,0.9149,0.9576,0.9091,0.0375
8,0,3,2,0.4531,0.5493,0.9756,0.3573,0.0413
8,0,3,3,0.9650,0.9759,1.0000,0.9600,0.0148
8,0,3,4,0.9912,0.9902,0.9910,0.9910,0.0188
8,0,3,5,0.9428,0.9504,0.9967,0.9351,0.0274
8,0,3,6,0.6196,0.6159,0.9526,0.5491,0.0611
8,0,3,7,0.6170,0.6129,0.9883,0.5514,0.0439
8,0,3,8,0.8038,0.7764,0.9171,0.7726,0.0555
8,0,3,9,0.5964,0.7171,0.9629,0.5351,0.0220
8,0,3,10,0.9601,0.9465,0.9976,0.9546,0.0193
8,0,3,11,0.7177,0.7345,0.9957,0.6704,0.0446
8,0,4,0,0.6653,0.6537,0.9527,0.6151,0.0203
8,0,4,1,0.9292,0.9166,0.9673,0.9198,0.0373
8,0,4,2,0.9875,0.9895,0.9975,0.9858,0.0060
8,0,4,3,0.7448,0.7706,0.9956,0.7025,0.0450
8,0,4,4,0.9626,0.9595,1.0000,0.9572,0.0121
8,0,4,5,0.7467,0.7624,0.9954,0.7056,0.0362
8,0,4,6,0.9121,0.9108,0.9884,0.8998,0.0352
8,0,4,7,0.5431,0.5224,0.9892,0.4676,0.0329
8,0,4,8,0.9807,0.9848,0.9920,0.9782,0.0097
8,0,4,9,0.8991,0.8912,0.9126,0.8855,0.0443
8,0,4,10,0.9906,0.9906,0.9927,0.9902,0.0173
8,0,4,11,0.2326,0.3692,0.9902,0.1417,0.0234
8,0,5,0,0.9730,0.9567,0.9891,0.9697,0.0157
8,0,5,1,0.9899,0.9883,0.9894,0.9901,0.0228
8,0,5,2,0.7925,0.7856,0.9391,0.7588,0.0480
8,0,5,3,0.8490,0.8156,0.8882,0.8276,0.0571
8,0,5,4,0.7612,0.7286,0.9540,0.7218,0.0408
8,0,5,5,0.9876,0.9884,0.9930,0.9866,0.0156
8,0,5,6,0.9338,0.9263,0.9933,0.9243,0.0202
8,0,5,7,0.9188,0.9411,0.9944,0.9069,0.0165
8,0,5,8,0.9682,0.9629,0.9949,0.9637,0.0140
8,0,5,9,0.9914,0.9907,0.9923,0.9910,0.0171
8,0,5,10,0.9688,0.9640,0.9989,0.9643,0.0125
8,0,5,11,0.9747,0.9753,0.9970,0.9712,0.0089
8,0,6,0,0.7227,0.7170,0.9223,0.6750,0.0552
8,0,6,1,0.9424,0.9554,0.9956,0.9353,0.0140
8,0,6,2,0.9894,0.9902,0.9981,0.9881,0.0073
8,0,6,3,0.9439,0.9536,0.9954,0.9360,0.0139
8,0,6,4,0.9436,0.9361,0.9990,0.9361,0.0293
8,0,6,5,0.9657,0.9669,0.9995,0.9610,0.0151
8,0,6,6,0.9914,0.9912,0.9938,0.9907,0.0126
8,0,6,7,0.8971,0.9085,0.9994,0.8817,0.0298
8,0,6,8,0.9321,0.9278,0.9995,0.9225,0.0291
8,0,6,9,0.9901,0.9886,0.9909,0.9902,0.0222
8,0,6,10,0.9912,0.9899,0.9905,0.9910,0.0195
8,0,6,11,0.8340,0.8108,0.9077,0.8085,0.0506
8,0,7,0,0.7194,0.7629,0.9958,0.6750,0.0335
8,0,7,1,0.9779,0.9832,0.9937,0.9750,0.0093
8,0,7,2,0.9900,0.9882,0.9903,0.9900,0.0214
8,0,7,3,0.9430,0.9319,1.0000,0.9350,0.0251
8,0,7,4,0.9194,0.9071,0.9990,0.9075,0.0209
8,0,7,5,0.9864,0.9899,1.0000,0.9847,0.0097
8,0,7,6,0.9854,0.9886,0.9924,0.9837,0.0097
8,0,7,7,0.9842,0.9852,0.9923,0.9827,0.0132
8,0,7,8,0.9342,0.9298,0.9980,0.9248,0.0245
8,0,7,9,0.9108,0.8743,0.9552,0.8977,0.0274
8,0,7,10,0.9897,0.9892,0.9927,0.9895,0.0206
8,0,7,11,0.9907,0.9891,0.9917,0.9905,0.0198
8,0,8,0,1.0000,1.0000,1.0000,1.0000,0.0000
8,0,8,1,0.9846,0.9870,0.9934,0.9835,0.0171
8,0,8,2,0.9821,0.9875,0.9986,0.9796,0.0071
8,0,8,3,0.9840,0.9891,0.9944,0.9822,0.0121
8,0,8,4,0.8278,0.8814,0.9592,0.8008,0.0337
8,0,8,5,0.8744,0.8393,0.9877,0.8555,0.0387
8,0,8,6,0.9834,0.9871,0.9912,0.9820,0.0168
8,0,8,7,0.7687,0.7962,0.9862,0.7324,0.0346
8,0,8,8,0.9633,0.9597,1.0000,0.9585,0.0222
8,0,8,9,0.9673,0.9774,0.9966,0.9626,0.0087
8,0,8,10,0.9871,0.9841,0.9998,0.9853,0.0073
8,0,8,11,0.9910,0.9911,0.9920,0.9903,0.0139
8,0,9,0,0.9700,0.9742,0.9928,0.9658,0.0144
8,0,9,1,0.9848,0.9890,0.9952,0.9834,0.0148
8,0,9,2,0.9809,0.9874,0.9947,0.9786,0.0118
8,0,9,3,0.7745,0.7505,0.9293,0.7373,0.0527
8,0,9,4,0.9847,0.9885,0.9926,0.9833,0.0153
8,0,9,5,0.9919,0.9908,0.9944,0.9909,0.0062
8,0,9,6,0.9905,0.9893,0.9902,0.9904,0.0215
8,0,9,7,0.9543,0.9648,0.9968,0.9477,0.0150
8,0,9,8,0.9904,0.9905,0.9912,0.9899,0.0168
8,0,9,9,0.9899,0.9893,0.9912,0.9897,0.0211
8,0,9,10,0.8453,0.8338,0.9843,0.8213,0.0397
8,0,9,11,0.9911,0.9899,0.9914,0.9911,0.0213
8,0,10,0,0.9918,0.9917,0.9905,0.9915,0.0164
8,0,10,1,0.9897,0.9898,0.9908,0.9892,0.0178
8,0,10,2,0.9904,0.9894,0.9941,0.9897,0.0153
8,0,10,3,0.9910,0.9915,0.9997,0.9898,0.0054
8,0,10,4,0.9722,0.9766,0.9998,0.9682,0.0121
8,0,10,5,0.8843,0.8623,0.9982,0.8669,0.0293
8,0,10,6,0.9917,0.9926,0.9917,0.9910,0.0118
8,0,10,7,0.9910,0.9922,0.9959,0.9899,0.0073
8,0,10,8,0.9909,0.9898,0.9914,0.9909,0.0211
8,0,10,9,0.8845,0.8547,0.9983,0.8672,0.0333
8,0,10,10,0.9909,0.9898,0.9908,0.9908,0.0210
8,0,10,11,0.8518,0.8686,0.9990,0.8304,0.0172
8,0,11,0,0.6295,0.6396,0.8012,0.5582,0.0786
8,0,11,1,0.9885,0.9931,0.9999,0.9869,0.0055
8,0,11,2,0.9930,0.9929,0.9967,0.9927,0.0163
8,0,11,3,0.9051,0.9179,0.9577,0.8940,0.0476
8,0,11,4,0.9925,0.9931,0.9964,0.9917,0.0104
8,0,11,5,0.9668,0.9761,0.9978,0.9629,0.0190
8,0,11,6,0.9914,0.9908,0.9926,0.9911,0.0190
8,0,11,7,0.9839,0.9861,0.9996,0.9816,0.0058
8,0,11,8,0.2301,0.5229,0.9785,0.0875,0.0517
8,0,11,9,0.9899,0.9902,0.9937,0.9892,0.0164
8,0,11,10,0.9466,0.9445,0.9666,0.9406,0.0344
8,0,11,11,0.9642,0.9572,0.9985,0.9597,0.0235
8,1,0,0,0.8615,0.8641,0.9337,0.8517,0.0724
8,1,0,1,0.1139,0.1955,0.9854,0.0183,0.0039
8,1,0,2,0.8381,0.8248,0.8294,0.8279,0.0809
8,1,0,3,0.2066,0.2239,0.9557,0.1139,0.0138
8,1,0,4,0.4125,0.4004,0.9593,0.3298,0.0454
8,1,0,5,0.1702,0.2031,0.9721,0.0772,0.0042
8,1,0,6,0.7760,0.7873,0.9522,0.7506,0.0821
8,1,0,7,0.6291,0.6270,0.8609,0.5738,0.0870
8,1,0,8,0.5933,0.5982,0.9213,0.5302,0.0832
8,1,0,9,0.7859,0.7661,0.7412,0.7691,0.0912
8,1,0,10,0.7305,0.7061,0.8104,0.6994,0.0905
8,1,0,11,0.8264,0.8085,0.8536,0.8159,0.0837
8,1,1,0,0.7187,0.7192,0.9531,0.6811,0.0788
8,1,1,1,0.8427,0.8281,0.9714,0.8268,0.0653
8,1,1,2,0.8244,0.8251,0.9651,0.8072,0.0754
8,1,1,3,0.9204,0.8922,0.8762,0.9218,0.0643
8,1,1,4,0.9319,0.9291,0.9697,0.9308,0.0567
8,1,1,5,0.9195,0.9170,0.9861,0.9133,0.0489
8,1,1,6,0.8453,0.8504,0.9856,0.8290,0.0613
8,1,1,7,0.9207,0.9207,0.9787,0.9169,0.0564
8,1,1,8,0.9291,0.9330,0.9420,0.9275,0.0573
8,1,1,9,0.9527,0.9624,0.9831,0.9505,0.0429
8,1,1,10,0.1716,0.5403,0.8713,0.0173,0.0880
8,1,1,11,0.3105,0.2931,0.9751,0.2247,0.0224
8,1,2,0,0.8062,0.7938,0.9251,0.7861,0.0777
8,1,2,1,0.9836,0.9861,0.9993,0.9826,0.0202
8,1,2,2,0.4186,0.5095,0.9268,0.3316,0.0560
8,1,2,3,0.6504,0.6636,0.9686,0.6000,0.0715
8,1,2,4,0.9188,0.9257,0.9906,0.9122,0.0492
8,1,2,5,0.7142,0.7056,0.9291,0.6758,0.0749
8,1,2,6,0.9847,0.9878,0.9998,0.9834,0.0171
8,1,2,7,0.7236,0.7256,0.9120,0.6886,0.0845
8,1,2,8,0.7507,0.7213,0.9140,0.7187,0.0689
8,1,2,9,0.5167,0.5377,0.9182,0.4417,0.0697
8,1,2,10,0.8442,0.8293,0.9369,0.8315,0.0760
8,1,2,11,0.9837,0.9829,0.9976,0.9839,0.0294
8,1,3,0,0.9910,0.9923,0.9996,0.9901,0.0075
8,1,3,1,0.9082,0.8935,0.9182,0.9006,0.0535
8,1,3,2,0.4015,0.5189,0.9440,0.3105,0.0581
8,1,3,3,0.9521,0.9580,0.9941,0.9474,0.0285
8,1,3,4,0.9958,0.9962,0.9998,0.9953,0.0038
8,1,3,5,0.9529,0.9514,0.9807,0.9508,0.0437
8,1,3,6,0.5794,0.5817,0.9113,0.5142,0.0779
8,1,3,7,0.5911,0.5814,0.9643,0.5318,0.0607
8,1,3,8,0.7644,0.7235,0.8652,0.7351,0.0723
8,1,3,9,0.5756,0.6969,0.9256,0.5197,0.0357
8,1,3,10,0.9607,0.9458,0.9989,0.9583,0.0353
8,1,3,11,0.6967,0.7198,0.9785,0.6550,0.0609
8,1,4,0,0.6266,0.6192,0.9114,0.5782,0.0329
8,1,4,1,0.8890,0.8926,0.9317,0.8784,0.0538
8,1,4,2,0.9887,0.9878,0.9990,0.9881,0.0168
8,1,4,3,0.7263,0.7666,0.9782,0.6895,0.0613
8,1,4,4,0.9758,0.9693,0.9943,0.9744,0.0273
8,1,4,5,0.7026,0.7398,0.9777,0.6623,0.0525
8,1,4,6,0.9201,0.9099,0.9644,0.9146,0.0519
8,1,4,7,0.5108,0.5057,0.9657,0.4411,0.0487
8,1,4,8,0.9949,0.9949,0.9999,0.9946,0.0108
8,1,4,9,0.8891,0.8613,0.8595,0.8804,0.0611
8,1,4,10,0.9972,0.9977,1.0000,0.9969,0.0031
8,1,4,11,0.1924,0.3404,0.9997,0.1074,0.0066
8,1,5,0,0.9764,0.9731,0.9995,0.9738,0.0100
8,1,5,1,0.9951,0.9959,0.9995,0.9947,0.0060
8,1,5,2,0.7939,0.7672,0.8934,0.7691,0.0648
8,1,5,3,0.8145,0.7844,0.8295,0.7956,0.0739
8,1,5,4,0.7490,0.7004,0.9132,0.7160,0.0573
8,1,5,5,0.9944,0.9942,1.0000,0.9937,0.0033
8,1,5,6,0.9244,0.9148,1.0000,0.9159,0.0291
8,1,5,7,0.9183,0.9262,0.9758,0.9093,0.0291
8,1,5,8,0.9725,0.9711,0.9999,0.9698,0.0182
8,1,5,9,0.9967,0.9969,1.0000,0.9964,0.0045
8,1,5,10,0.9749,0.9711,0.9976,0.9731,0.0243
8,1,5,11,0.9845,0.9817,0.9993,0.9835,0.0197
8,1,6,0,0.6818,0.6781,0.8718,0.6371,0.0715
8,1,6,1,0.9760,0.9775,0.9998,0.9733,0.0064
8,1,6,2,0.9935,0.9936,0.9986,0.9931,0.0118
8,1,6,3,0.9720,0.9741,0.9998,0.9693,0.0213
8,1,6,4,0.9246,0.9292,0.9975,0.9185,0.0460
8,1,6,5,0.9767,0.9736,0.9966,0.9760,0.0314
8,1,6,6,0.9961,0.9956,1.0000,0.9957,0.0071
8,1,6,7,0.9129,0.9170,0.9968,0.9049,0.0455
8,1,6,8,0.9182,0.9188,0.9891,0.9107,0.0459
8,1,6,9,0.9952,0.9963,0.9998,0.9948,0.0054
8,1,6,10,0.9970,0.9971,0.9997,0.9966,0.0038
8,1,6,11,0.7780,0.7696,0.8535,0.7508,0.0674
8,1,7,0,0.6548,0.7113,0.9786,0.6083,0.0474
8,1,7,1,0.9916,0.9930,1.0000,0.9910,0.0127
8,1,7,2,0.9956,0.9975,0.9997,0.9952,0.0046
8,1,7,3,0.9355,0.9368,0.9943,0.9302,0.0418
8,1,7,4,0.9193,0.9178,0.9975,0.9106,0.0345
8,1,7,5,0.9852,0.9848,0.9924,0.9852,0.0262
8,1,7,6,0.9960,0.9970,1.0000,0.9958,0.0092
8,1,7,7,0.9979,0.9971,1.0000,0.9977,0.0043
8,1,7,8,0.9365,0.9273,0.9840,0.9311,0.0405
8,1,7,9,0.8670,0.8602,0.9149,0.8517,0.0442
8,1,7,10,0.9968,0.9970,1.0000,0.9965,0.0038
8,1,7,11,0.9956,0.9973,0.9999,0.9951,0.0033
8,1,8,0,0.9846,0.9870,0.9934,0.9835,0.0171
8,1,8,1,1.0000,1.0000,1.0000,1.0000,0.0000
8,1,8,2,0.9902,0.9909,0.9980,0.9901,0.0207
8,1,8,3,0.9963,0.9971,1.0000,0.9960,0.0068
8,1,8,4,0.7713,0.8456,0.9204,0.7418,0.0500
8,1,8,5,0.8399,0.8328,0.9631,0.8215,0.0552
8,1,8,6,0.9985,0.9991,0.9998,0.9984,0.0018
8,1,8,7,0.7082,0.7347,0.9606,0.6694,0.0475
8,1,8,8,0.9506,0.9530,0.9932,0.9474,0.0387
8,1,8,9,0.9819,0.9852,0.9995,0.9810,0.0244
8,1,8,10,0.9854,0.9837,0.9955,0.9851,0.0236
8,1,8,11,0.9938,0.9941,0.9999,0.9931,0.0055
8,1,9,0,0.9621,0.9654,1.0000,0.9580,0.0176
8,1,9,1,0.9991,0.9992,0.9998,0.9990,0.0030
8,1,9,2,0.9954,0.9963,0.9999,0.9951,0.0089
8,1,9,3,0.7095,0.6961,0.8807,0.6700,0.0695
8,1,9,4,0.9977,0.9988,1.0000,0.9975,0.0022
8,1,9,5,0.9884,0.9893,1.0000,0.9875,0.0130
8,1,9,6,0.9967,0.9969,0.9997,0.9963,0.0047
8,1,9,7,0.9685,0.9721,0.9994,0.9661,0.0286
8,1,9,8,0.9964,0.9965,0.9998,0.9960,0.0031
8,1,9,9,0.9975,0.9977,0.9998,0.9973,0.0043
8,1,9,10,0.8057,0.8042,0.9575,0.7820,0.0563
8,1,9,11,0.9961,0.9964,0.9999,0.9957,0.0047
8,1,10,0,0.9954,0.9961,0.9997,0.9949,0.0043
8,1,10,1,0.9980,0.9983,0.9998,0.9978,0.0026
8,1,10,2,0.9969,0.9975,1.0000,0.9966,0.0054
8,1,10,3,0.9922,0.9930,0.9957,0.9917,0.0122
8,1,10,4,0.9627,0.9629,0.9953,0.9593,0.0260
8,1,10,5,0.8659,0.8615,0.9848,0.8501,0.0400
8,1,10,6,0.9933,0.9946,0.9999,0.9926,0.0066
8,1,10,7,0.9940,0.9937,0.9997,0.9936,0.0115
8,1,10,8,0.9966,0.9968,0.9999,0.9963,0.0046
8,1,10,9,0.8667,0.8547,0.9850,0.8523,0.0501
8,1,10,10,0.9967,0.9969,0.9998,0.9963,0.0045
8,1,10,11,0.8204,0.8305,0.9874,0.7984,0.0272
8,1,11,0,0.5669,0.5954,0.7272,0.4967,0.0954
8,1,11,1,0.9892,0.9902,0.9948,0.9892,0.0210
8,1,11,2,0.9967,0.9969,0.9994,0.9963,0.0055
8,1,11,3,0.8724,0.8805,0.9183,0.8628,0.0644
8,1,11,4,0.9881,0.9855,0.9801,0.9888,0.0269
8,1,11,5,0.9912,0.9927,0.9988,0.9903,0.0072
8,1,11,6,0.9974,0.9976,1.0000,0.9971,0.0041
8,1,11,7,0.9899,0.9885,0.9962,0.9893,0.0163
8,1,11,8,0.1513,0.4962,0.9484,0.0125,0.0680
8,1,11,9,0.9985,0.9986,1.0000,0.9984,0.0035
8,1,11,10,0.9328,0.9228,0.9308,0.9297,0.0512
8,1,11,11,0.9487,0.9505,0.9857,0.9455,0.0403
8,2,0,0,0.9029,0.9046,0.9543,0.8915,0.0525
8,2,0,1,0.1564,0.2386,0.9941,0.0517,0.0247
8,2,0,2,0.8808,0.8674,0.8627,0.8680,0.0610
8,2,0,3,0.2535,0.2635,0.9722,0.1531,0.0193
8,2,0,4,0.4588,0.4468,0.9751,0.3695,0.0270
8,2,0,5,0.2101,0.2414,0.9849,0.1082,0.0194
8,2,0,6,0.8324,0.8323,0.9695,0.8068,0.0622
8,2,0,7,0.7001,0.6888,0.8911,0.6447,0.0670
8,2,0,8,0.6568,0.6411,0.9439,0.5912,0.0632
8,2,0,9,0.8413,0.8152,0.7817,0.8233,0.0712
8,2,0,10,0.7845,0.7546,0.8455,0.7508,0.0706
8,2,0,11,0.8791,0.8570,0.8846,0.8678,0.0638
8,2,1,0,0.7708,0.7681,0.9702,0.7313,0.0594
8,2,1,1,0.8878,0.8758,0.9844,0.8715,0.0459
8,2,1,2,0.8798,0.8735,0.9796,0.8634,0.0560
8,2,1,3,0.9449,0.9171,0.9046,0.9424,0.0443
8,2,1,4,0.9649,0.9603,0.9831,0.9630,0.0365
8,2,1,5,0.9459,0.9488,0.9946,0.9385,0.0293
8,2,1,6,0.8861,0.8922,0.9943,0.8690,0.0418
8,2,1,7,0.9570,0.9532,0.9896,0.9531,0.0367
8,2,1,8,0.9593,0.9612,0.9611,0.9563,0.0374
8,2,1,9,0.9739,0.9808,0.9926,0.9709,0.0235
8,2,1,10,0.2427,0.5969,0.9004,0.0794,0.0689
8,2,1,11,0.3540,0.3309,0.9871,0.2611,0.0169
8,2,2,0,0.8520,0.8421,0.9471,0.8301,0.0577
8,2,2,1,0.9870,0.9921,0.9996,0.9851,0.0050
8,2,2,2,0.4809,0.5791,0.9485,0.3893,0.0397
8,2,2,3,0.7044,0.7162,0.9822,0.6515,0.0521
8,2,2,4,0.9372,0.9466,0.9972,0.9282,0.0314
8,2,2,5,0.7738,0.7663,0.9504,0.7350,0.0552
8,2,2,6,0.9897,0.9932,0.9991,0.9883,0.0094
8,2,2,7,0.7862,0.7804,0.9359,0.7510,0.0645
8,2,2,8,0.8003,0.7827,0.9376,0.7668,0.0492
8,2,2,9,0.5873,0.5969,0.9412,0.5106,0.0508
8,2,2,10,0.8952,0.8767,0.9569,0.8827,0.0560
8,2,2,11,0.9936,0.9943,1.0000,0.9928,0.0097
8,2,3,0,0.9862,0.9898,0.9960,0.9849,0.0167
8,2,3,1,0.9334,0.9264,0.9412,0.9240,0.0370
8,2,3,2,0.4511,0.5781,0.9628,0.3526,0.0400
8,2,3,3,0.9525,0.9637,0.9989,0.9455,0.0159
8,2,3,4,0.9889,0.9903,0.9966,0.9886,0.0219
8,2,3,5,0.9770,0.9740,0.9910,0.9745,0.0243
8,2,3,6,0.6388,0.6438,0.9353,0.5702,0.0580
8,2,3,7,0.6443,0.6326,0.9790,0.5820,0.0434
8,2,3,8,0.8055,0.7760,0.8949,0.7731,0.0542
8,2,3,9,0.6152,0.7488,0.9475,0.5554,0.0228
8,2,3,10,0.9771,0.9663,0.9999,0.9739,0.0185
8,2,3,11,0.7351,0.7637,0.9895,0.6896,0.0428
8,2,4,0,0.6727,0.6818,0.9354,0.6226,0.0206
8,2,4,1,0.9109,0.9160,0.9526,0.8975,0.0346
8,2,4,2,0.9942,0.9951,0.9998,0.9934,0.0052
8,2,4,3,0.7764,0.8028,0.9893,0.7385,0.0416
8,2,4,4,0.9855,0.9828,0.9990,0.9833,0.0105
8,2,4,5,0.7407,0.7831,0.9889,0.6972,0.0352
8,2,4,6,0.9499,0.9424,0.9790,0.9435,0.0320
8,2,4,7,0.5687,0.5562,0.9801,0.4959,0.0324
8,2,4,8,0.9962,0.9954,0.9973,0.9959,0.0102
8,2,4,9,0.9136,0.8915,0.8898,0.9017,0.0415
8,2,4,10,0.9900,0.9910,0.9977,0.9898,0.0205
8,2,4,11,0.2382,0.3908,0.9962,0.1463,0.0265
8,2,5,0,0.9769,0.9775,0.9954,0.9742,0.0173
8,2,5,1,0.9844,0.9859,0.9957,0.9844,0.0260
8,2,5,2,0.8292,0.8136,0.9198,0.8013,0.0459
8,2,5,3,0.8652,0.8373,0.8628,0.8459,0.0539
8,2,5,4,0.7904,0.7555,0.9369,0.7551,0.0379
8,2,5,5,0.9903,0.9920,0.9978,0.9899,0.0188
8,2,5,6,0.9331,0.9286,0.9980,0.9232,0.0199
8,2,5,7,0.9264,0.9393,0.9875,0.9152,0.0176
8,2,5,8,0.9810,0.9854,0.9988,0.9784,0.0135
8,2,5,9,0.9911,0.9909,0.9974,0.9909,0.0202
8,2,5,10,0.9839,0.9828,1.0000,0.9815,0.0114
8,2,5,11,0.9924,0.9903,0.9997,0.9913,0.0084
8,2,6,0,0.7358,0.7384,0.9008,0.6891,0.0521
8,2,6,1,0.9662,0.9679,0.9991,0.9623,0.0156
8,2,6,2,0.9958,0.9976,1.0000,0.9954,0.0094
8,2,6,3,0.9797,0.9801,0.9991,0.9768,0.0142
8,2,6,4,0.9535,0.9562,1.0000,0.9471,0.0277
8,2,6,5,0.9886,0.9858,0.9998,0.9871,0.0122
8,2,6,6,0.9921,0.9938,0.9983,0.9916,0.0157
8,2,6,7,0.9412,0.9413,0.9999,0.9327,0.0269
8,2,6,8,0.9353,0.9387,0.9964,0.9257,0.0262
8,2,6,9,0.9843,0.9864,0.9966,0.9841,0.0253
8,2,6,10,0.9890,0.9897,0.9963,0.9888,0.0227
8,2,6,11,0.8162,0.8120,0.8845,0.7859,0.0475
8,2,7,0,0.6760,0.7523,0.9896,0.6233,0.0342
8,2,7,1,0.9941,0.9941,0.9982,0.9935,0.0114
8,2,7,2,0.9852,0.9884,0.9962,0.9850,0.0245
8,2,7,3,0.9596,0.9613,0.9990,0.9539,0.0219
8,2,7,4,0.9357,0.9396,1.0000,0.9259,0.0195
8,2,7,5,0.9906,0.9914,0.9981,0.9893,0.0087
8,2,7,6,0.9955,0.9952,0.9975,0.9952,0.0115
8,2,7,7,0.9928,0.9935,0.9974,0.9926,0.0164
8,2,7,8,0.9434,0.9518,0.9932,0.9349,0.0240
8,2,7,9,0.8892,0.8773,0.9384,0.8719,0.0258
8,2,7,10,0.9866,0.9879,0.9976,0.9864,0.0237
8,2,7,11,0.9865,0.9902,0.9971,0.9861,0.0232
8,2,8,0,0.9821,0.9875,0.9986,0.9796,0.0071
8,2,8,1,0.9902,0.9909,0.9980,0.9901,0.0207
8,2,8,2,1.0000,1.0000,1.0000,1.0000,0.0000
8,2,8,3,0.9928,0.9941,0.9986,0.9923,0.0144
8,2,8,4,0.7864,0.8730,0.9431,0.7515,0.0337
8,2,8,5,0.8848,0.8684,0.9781,0.8668,0.0356
8,2,8,6,0.9927,0.9920,0.9968,0.9926,0.0189
8,2,8,7,0.7301,0.7745,0.9761,0.6863,0.0346
8,2,8,8,0.9721,0.9754,0.9986,0.9684,0.0188
8,2,8,9,0.9887,0.9909,0.9995,0.9870,0.0076
8,2,8,10,0.9913,0.9943,0.9995,0.9901,0.0052
8,2,8,11,0.9906,0.9916,0.9973,0.9900,0.0171
8,2,9,0,0.9687,0.9745,0.9977,0.9643,0.0144
8,2,9,1,0.9910,0.9916,0.9990,0.9905,0.0177
8,2,9,2,0.9907,0.9909,0.9987,0.9898,0.0134
8,2,9,3,0.7474,0.7441,0.9087,0.7031,0.0506
8,2,9,4,0.9930,0.9926,0.9976,0.9930,0.0185
8,2,9,5,0.9888,0.9922,0.9986,0.9873,0.0088
8,2,9,6,0.9869,0.9873,0.9962,0.9868,0.0247
8,2,9,7,0.9879,0.9885,0.9996,0.9862,0.0121
8,2,9,8,0.9899,0.9905,0.9968,0.9896,0.0199
8,2,9,9,0.9879,0.9882,0.9968,0.9879,0.0243
8,2,9,10,0.8329,0.8469,0.9737,0.8056,0.0374
8,2,9,11,0.9874,0.9882,0.9969,0.9872,0.0244
8,2,10,0,0.9890,0.9896,0.9964,0.9885,0.0195
8,2,10,1,0.9896,0.9896,0.9965,0.9893,0.0210
8,2,10,2,0.9917,0.9923,0.9984,0.9915,0.0185
8,2,10,3,0.9904,0.9935,0.9996,0.9893,0.0093
8,2,10,4,0.9701,0.9749,0.9994,0.9657,0.0126
8,2,10,5,0.8854,0.8823,0.9937,0.8677,0.0269
8,2,10,6,0.9899,0.9907,0.9971,0.9891,0.0155
8,2,10,7,0.9935,0.9943,0.9993,0.9928,0.0108
8,2,10,8,0.9868,0.9876,0.9969,0.9865,0.0243
8,2,10,9,0.8953,0.8864,0.9939,0.8791,0.0317
8,2,10,10,0.9871,0.9874,0.9965,0.9869,0.0241
8,2,10,11,0.8321,0.8583,0.9954,0.8072,0.0174
8,2,11,0,0.6369,0.6407,0.7687,0.5648,0.0754
8,2,11,1,0.9953,0.9956,0.9992,0.9946,0.0045
8,2,11,2,0.9889,0.9896,0.9996,0.9883,0.0194
8,2,11,3,0.9030,0.9097,0.9412,0.8903,0.0445
8,2,11,4,0.9934,0.9927,0.9906,0.9926,0.0085
8,2,11,5,0.9839,0.9843,0.9999,0.9824,0.0211
8,2,11,6,0.9888,0.9891,0.9976,0.9885,0.0222
8,2,11,7,0.9945,0.9944,0.9997,0.9937,0.0060
8,2,11,8,0.2221,0.5539,0.9664,0.0748,0.0506
8,2,11,9,0.9915,0.9918,0.9982,0.9912,0.0195
8,2,11,10,0.9543,0.9516,0.9518,0.9490,0.0320
8,2,11,11,0.9638,0.9735,0.9943,0.9588,0.0209
8,3,0,0,0.8740,0.8768,0.9371,0.8629,0.0656
8,3,0,1,0.1351,0.2106,0.9870,0.0369,0.0108
8,3,0,2,0.8494,0.8340,0.8347,0.8371,0.0741
8,3,0,3,0.2286,0.2363,0.9585,0.1337,0.0114
8,3,0,4,0.4341,0.4143,0.9619,0.3498,0.0386
8,3,0,5,0.1906,0.2164,0.9743,0.0952,0.0058
8,3,0,6,0.7957,0.7981,0.9551,0.7699,0.0753
8,3,0,7,0.6504,0.6417,0.8658,0.5939,0.0802
8,3,0,8,0.6123,0.6089,0.9250,0.5472,0.0763
8,3,0,9,0.8038,0.7768,0.7476,0.7859,0.0843
8,3,0,10,0.7508,0.7188,0.8160,0.7188,0.0837
8,3,0,11,0.8450,0.8210,0.8586,0.8339,0.0769
8,3,1,0,0.7315,0.7338,0.9560,0.6919,0.0725
8,3,1,1,0.8544,0.8396,0.9737,0.8372,0.0590
8,3,1,2,0.8420,0.8360,0.9676,0.8243,0.0691
8,3,1,3,0.9284,0.9003,0.8808,0.9280,0.0575
8,3,1,4,0.9428,0.9365,0.9720,0.9409,0.0498
8,3,1,5,0.9286,0.9262,0.9876,0.9216,0.0424
8,3,1,6,0.8548,0.8667,0.9872,0.8371,0.0550
8,3,1,7,0.9316,0.9284,0.9806,0.9271,0.0498
8,3,1,8,0.9381,0.9393,0.9452,0.9354,0.0505
8,3,1,9,0.9594,0.9670,0.9848,0.9565,0.0366
8,3,1,10,0.1974,0.5560,0.8760,0.0399,0.0817
8,3,1,11,0.3300,0.3057,0.9772,0.2422,0.0164
8,3,2,0,0.8183,0.8081,0.9287,0.7964,0.0708
8,3,2,1,0.9843,0.9888,0.9996,0.9827,0.0142
8,3,2,2,0.4343,0.5286,0.9304,0.3443,0.0497
8,3,2,3,0.6639,0.6778,0.9709,0.6113,0.0652
8,3,2,4,0.9217,0.9316,0.9919,0.9134,0.0429
8,3,2,5,0.7293,0.7211,0.9326,0.6892,0.0683
8,3,2,6,0.9868,0.9892,0.9999,0.9852,0.0113
8,3,2,7,0.7452,0.7389,0.9160,0.7097,0.0777
8,3,2,8,0.7633,0.7362,0.9179,0.7295,0.0623
8,3,2,9,0.5360,0.5505,0.9220,0.4591,0.0631
8,3,2,10,0.8602,0.8406,0.9402,0.8468,0.0691
8,3,2,11,0.9868,0.9863,0.9983,0.9863,0.0236
8,3,3,0,0.9878,0.9927,0.9993,0.9864,0.0064
8,3,3,1,0.9141,0.9032,0.9220,0.9051,0.0470
8,3,3,2,0.4138,0.5379,0.9471,0.3191,0.0513
8,3,3,3,0.9526,0.9607,0.9951,0.9469,0.0216
8,3,3,4,0.9926,0.9944,0.9996,0.9919,0.0088
8,3,3,5,0.9596,0.9576,0.9825,0.9568,0.0374
8,3,3,6,0.5963,0.6003,0.9152,0.5288,0.0711
8,3,3,7,0.6064,0.5986,0.9668,0.5452,0.0539
8,3,3,8,0.7761,0.7382,0.8700,0.7449,0.0655
8,3,3,9,0.5821,0.7143,0.9292,0.5235,0.0294
8,3,3,10,0.9634,0.9520,0.9993,0.9600,0.0290
8,3,3,11,0.7075,0.7349,0.9805,0.6638,0.0546
8,3,4,0,0.6353,0.6403,0.9154,0.5849,0.0261
8,3,4,1,0.8927,0.9013,0.9352,0.8801,0.0472
8,3,4,2,0.9894,0.9909,0.9994,0.9883,0.0123
8,3,4,3,0.7495,0.7823,0.9802,0.7129,0.0544
8,3,4,4,0.9783,0.9732,0.9953,0.9761,0.0205
8,3,4,5,0.7111,0.7593,0.9797,0.6686,0.0462
8,3,4,6,0.9285,0.9194,0.9669,0.9220,0.0451
8,3,4,7,0.5341,0.5224,0.9682,0.4634,0.0424
8,3,4,8,0.9950,0.9959,0.9998,0.9944,0.0060
8,3,4,9,0.8958,0.8718,0.8644,0.8854,0.0543
8,3,4,10,0.9943,0.9955,0.9999,0.9937,0.0073
8,3,4,11,0.2049,0.3567,0.9994,0.1170,0.0134
8,3,5,0,0.9727,0.9734,0.9991,0.9693,0.0066
8,3,5,1,0.9904,0.9930,0.9992,0.9898,0.0129
8,3,5,2,0.8035,0.7883,0.8977,0.7768,0.0580
8,3,5,3,0.8264,0.7999,0.8349,0.8057,0.0670
8,3,5,4,0.7583,0.7116,0.9171,0.7233,0.0508
8,3,5,5,0.9903,0.9943,0.9999,0.9892,0.0059
8,3,5,6,0.9227,0.9241,0.9999,0.9128,0.0226
8,3,5,7,0.9202,0.9318,0.9778,0.9100,0.0223
8,3,5,8,0.9695,0.9759,1.0000,0.9657,0.0114
8,3,5,9,0.9942,0.9953,0.9998,0.9936,0.0071
8,3,5,10,0.9780,0.9761,0.9982,0.9757,0.0177
8,3,5,11,0.9859,0.9837,0.9996,0.9844,0.0134
8,3,6,0,0.7034,0.7025,0.8765,0.6582,0.0652
8,3,6,1,0.9732,0.9752,0.9999,0.9700,0.0030
8,3,6,2,0.9920,0.9945,0.9991,0.9911,0.0084
8,3,6,3,0.9767,0.9758,1.0000,0.9739,0.0152
8,3,6,4,0.9319,0.9367,0.9982,0.9250,0.0392
8,3,6,5,0.9800,0.9770,0.9973,0.9787,0.0251
8,3,6,6,0.9940,0.9959,1.0000,0.9933,0.0045
8,3,6,7,0.9238,0.9247,0.9976,0.9154,0.0392
8,3,6,8,0.9191,0.9294,0.9905,0.9097,0.0391
8,3,6,9,0.9908,0.9932,0.9996,0.9902,0.0122
8,3,6,10,0.9943,0.9952,0.9995,0.9937,0.0096
8,3,6,11,0.7847,0.7834,0.8585,0.7549,0.0606
8,3,7,0,0.6583,0.7268,0.9805,0.6088,0.0408
8,3,7,1,0.9941,0.9948,1.0000,0.9934,0.0059
8,3,7,2,0.9912,0.9946,0.9994,0.9906,0.0114
8,3,7,3,0.9365,0.9462,0.9953,0.9296,0.0350
8,3,7,4,0.9149,0.9286,0.9981,0.9040,0.0287
8,3,7,5,0.9868,0.9883,0.9935,0.9860,0.0202
8,3,7,6,0.9972,0.9973,0.9998,0.9969,0.0050
8,3,7,7,0.9962,0.9959,0.9998,0.9958,0.0041
8,3,7,8,0.9381,0.9410,0.9857,0.9313,0.0337
8,3,7,9,0.8704,0.8673,0.9187,0.8535,0.0374
8,3,7,10,0.9927,0.9941,0.9999,0.9921,0.0106
8,3,7,11,0.9917,0.9951,0.9997,0.9909,0.0098
8,3,8,0,0.9840,0.9891,0.9944,0.9822,0.0121
8,3,8,1,0.9963,0.9971,1.0000,0.9960,0.0068
8,3,8,2,0.9928,0.9941,0.9986,0.9923,0.0144
8,3,8,3,1.0000,1.0000,1.0000,1.0000,0.0000
8,3,8,4,0.7737,0.8548,0.9241,0.7416,0.0432
8,3,8,5,0.8447,0.8446,0.9657,0.8242,0.0487
8,3,8,6,0.9979,0.9977,0.9996,0.9977,0.0058
8,3,8,7,0.7116,0.7471,0.9632,0.6702,0.0415
8,3,8,8,0.9536,0.9596,0.9943,0.9492,0.0319
8,3,8,9,0.9874,0.9890,0.9997,0.9863,0.0181
8,3,8,10,0.9864,0.9875,0.9964,0.9853,0.0171
8,3,8,11,0.9923,0.9940,0.9998,0.9914,0.0045
8,3,9,0,0.9656,0.9699,0.9999,0.9613,0.0118
8,3,9,1,0.9965,0.9974,1.0000,0.9961,0.0041
8,3,9,2,0.9960,0.9957,1.0000,0.9955,0.0034
8,3,9,3,0.7164,0.7132,0.8853,0.6737,0.0627
8,3,9,4,0.9967,0.9979,0.9999,0.9963,0.0046
8,3,9,5,0.9888,0.9918,1.0000,0.9875,0.0083
8,3,9,6,0.9933,0.9943,0.9994,0.9928,0.0115
8,3,9,7,0.9765,0.9791,0.9997,0.9742,0.0218
8,3,9,8,0.9944,0.9950,0.9996,0.9939,0.0068
8,3,9,9,0.9939,0.9949,0.9996,0.9935,0.0112
8,3,9,10,0.8061,0.8245,0.9602,0.7793,0.0497
8,3,9,11,0.9923,0.9941,0.9997,0.9916,0.0113
8,3,10,0,0.9941,0.9953,0.9995,0.9935,0.0064
8,3,10,1,0.9958,0.9963,0.9995,0.9955,0.0079
8,3,10,2,0.9943,0.9956,1.0000,0.9937,0.0056
8,3,10,3,0.9910,0.9937,0.9966,0.9899,0.0075
8,3,10,4,0.9665,0.9680,0.9962,0.9627,0.0192
8,3,10,5,0.8643,0.8709,0.9864,0.8462,0.0345
8,3,10,6,0.9934,0.9948,0.9997,0.9926,0.0037
8,3,10,7,0.9927,0.9941,0.9999,0.9918,0.0071
8,3,10,8,0.9928,0.9941,0.9997,0.9922,0.0112
8,3,10,9,0.8683,0.8689,0.9866,0.8516,0.0433
8,3,10,10,0.9935,0.9944,0.9995,0.9930,0.0110
8,3,10,11,0.8282,0.8415,0.9889,0.8055,0.0206
8,3,11,0,0.5845,0.6100,0.7338,0.5114,0.0885
8,3,11,1,0.9923,0.9929,0.9957,0.9919,0.0152
8,3,11,2,0.9936,0.9950,0.9997,0.9929,0.0071
8,3,11,3,0.8868,0.8920,0.9220,0.8765,0.0576
8,3,11,4,0.9889,0.9875,0.9820,0.9886,0.0219
8,3,11,5,0.9894,0.9897,0.9992,0.9882,0.0070
8,3,11,6,0.9946,0.9954,0.9999,0.9942,0.0091
8,3,11,7,0.9895,0.9923,0.9970,0.9884,0.0102
8,3,11,8,0.1769,0.5171,0.9514,0.0351,0.0617
8,3,11,9,0.9963,0.9967,1.0000,0.9959,0.0064
8,3,11,10,0.9422,0.9326,0.9343,0.9383,0.0443
8,3,11,11,0.9527,0.9576,0.9873,0.9484,0.0335
8,4,0,0,0.8201,0.8951,0.9994,0.7803,0.0340
8,4,0,1,0.2074,0.3045,0.9735,0.0945,0.0518
8,4,0,2,0.8514,0.9051,0.9818,0.8196,0.0412
8,4,0,3,0.3116,0.3378,0.9947,0.2053,0.0367
8,4,0,4,0.5193,0.5416,0.9934,0.4270,0.0172
8,4,0,5,0.2610,0.3069,0.9864,0.1518,0.0460
8,4,0,6,0.7728,0.8501,0.9958,0.7210,0.0411
8,4,0,7,0.7437,0.8056,0.9913,0.6836,0.0436
8,4,0,8,0.6493,0.7425,1.0000,0.5643,0.0421
8,4,0,9,0.8199,0.8744,0.9447,0.7807,0.0506
8,4,0,10,0.7681,0.8124,0.9750,0.7139,0.0466
8,4,0,11,0.8066,0.8725,0.9893,0.7630,0.0445
8,4,1,0,0.8162,0.8419,0.9956,0.7755,0.0380
8,4,1,1,0.8050,0.8710,0.9869,0.7629,0.0251
8,4,1,2,0.7759,0.8579,0.9907,0.7257,0.0388
8,4,1,3,0.8388,0.8734,0.9949,0.8035,0.0285
8,4,1,4,0.8204,0.8936,0.9880,0.7822,0.0298
8,4,1,5,0.8180,0.9002,0.9726,0.7815,0.0157
8,4,1,6,0.8091,0.8815,0.9732,0.7686,0.0199
8,4,1,7,0.8215,0.8961,0.9811,0.7839,0.0274
8,4,1,8,0.8315,0.9216,0.9982,0.7957,0.0228
8,4,1,9,0.8047,0.8995,0.9765,0.7668,0.0152
8,4,1,10,0.4214,0.6381,0.9938,0.2767,0.0491
8,4,1,11,0.3874,0.3835,0.9842,0.2862,0.0281
8,4,2,0,0.8287,0.9018,0.9999,0.7909,0.0350
8,4,2,1,0.8236,0.8913,0.9339,0.7952,0.0319
8,4,2,2,0.6575,0.7017,0.9999,0.5867,0.0115
8,4,2,3,0.7293,0.7970,0.9887,0.6695,0.0294
8,4,2,4,0.8426,0.9014,0.9651,0.8113,0.0102
8,4,2,5,0.8054,0.8486,0.9997,0.7622,0.0317
8,4,2,6,0.7797,0.8659,0.9282,0.7454,0.0335
8,4,2,7,0.7392,0.7989,0.9998,0.6780,0.0434
8,4,2,8,0.7776,0.8497,0.9999,0.7285,0.0265
8,4,2,9,0.6468,0.6944,1.0000,0.5680,0.0268
8,4,2,10,0.8015,0.8625,0.9990,0.7571,0.0380
8,4,2,11,0.8178,0.8816,0.9450,0.7855,0.0293
8,4,3,0,0.7938,0.8515,0.9095,0.7655,0.0441
8,4,3,1,0.8506,0.9287,1.0000,0.8203,0.0075
8,4,3,2,0.6458,0.7381,0.9979,0.5713,0.0163
8,4,3,3,0.8243,0.8922,0.9574,0.7948,0.0231
8,4,3,4,0.7824,0.8416,0.9126,0.7546,0.0519
8,4,3,5,0.7964,0.8935,0.9791,0.7567,0.0236
8,4,3,6,0.6937,0.7759,0.9997,0.6224,0.0363
8,4,3,7,0.6804,0.7429,0.9911,0.6134,0.0171
8,4,3,8,0.8875,0.9213,0.9924,0.8637,0.0241
8,4,3,9,0.6639,0.8438,0.9999,0.6037,0.0159
8,4,3,10,0.8093,0.8752,0.9375,0.7743,0.0168
8,4,3,11,0.7323,0.7979,0.9812,0.6762,0.0195
8,4,4,0,0.7294,0.7878,0.9998,0.6818,0.0171
8,4,4,1,0.8898,0.9461,0.9995,0.8675,0.0109
8,4,4,2,0.8068,0.8781,0.9370,0.7764,0.0353
8,4,4,3,0.6964,0.7715,0.9815,0.6324,0.0197
8,4,4,4,0.7775,0.8611,0.9568,0.7395,0.0237
8,4,4,5,0.8010,0.8451,0.9820,0.7610,0.0088
8,4,4,6,0.7836,0.8910,0.9910,0.7395,0.0240
8,4,4,7,0.5849,0.6033,0.9903,0.5026,0.0097
8,4,4,8,0.7785,0.8587,0.9159,0.7460,0.0400
8,4,4,9,0.8386,0.9189,0.9909,0.8045,0.0161
8,4,4,10,0.7841,0.8450,0.9182,0.7563,0.0505
8,4,4,11,0.3440,0.5089,0.9103,0.2543,0.0565
8,4,5,0,0.7779,0.8424,0.9070,0.7465,0.0400
8,4,5,1,0.7777,0.8327,0.9081,0.7517,0.0560
8,4,5,2,0.7513,0.8439,0.9979,0.6976,0.0203
8,4,5,3,0.8539,0.9099,0.9818,0.8222,0.0323
8,4,5,4,0.7755,0.8487,0.9998,0.7285,0.0126
8,4,5,5,0.7820,0.8482,0.9190,0.7532,0.0488
8,4,5,6,0.7920,0.8773,0.9202,0.7574,0.0227
8,4,5,7,0.7902,0.9112,0.9836,0.7537,0.0214
8,4,5,8,0.7871,0.8711,0.9259,0.7539,0.0317
8,4,5,9,0.7848,0.8458,0.9168,0.7565,0.0502
8,4,5,10,0.7885,0.8687,0.9451,0.7532,0.0257
8,4,5,11,0.7827,0.8596,0.9344,0.7477,0.0303
8,4,6,0,0.7694,0.8251,0.9939,0.7184,0.0257
8,4,6,1,0.7368,0.8499,0.9284,0.6993,0.0436
8,4,6,2,0.7930,0.8650,0.9399,0.7622,0.0397
8,4,6,3,0.7451,0.8461,0.9278,0.7045,0.0321
8,4,6,4,0.7983,0.8864,0.9456,0.7587,0.0126
8,4,6,5,0.7954,0.8777,0.9495,0.7588,0.0265
8,4,6,6,0.7874,0.8514,0.9218,0.7581,0.0458
8,4,6,7,0.7654,0.8657,0.9486,0.7197,0.0186
8,4,6,8,0.8297,0.8914,0.9679,0.7968,0.0117
8,4,6,9,0.7763,0.8327,0.9123,0.7496,0.0554
8,4,6,10,0.7803,0.8397,0.9111,0.7524,0.0527
8,4,6,11,0.8899,0.9477,0.9893,0.8666,0.0211
8,4,7,0,0.8005,0.8280,0.9812,0.7625,0.0105
8,4,7,1,0.7753,0.8602,0.9213,0.7417,0.0373
8,4,7,2,0.7783,0.8370,0.9106,0.7515,0.0546
8,4,7,3,0.8177,0.8938,0.9569,0.7831,0.0223
8,4,7,4,0.8177,0.8776,0.9459,0.7856,0.0202
8,4,7,5,0.8254,0.9068,0.9616,0.7953,0.0264
8,4,7,6,0.7809,0.8576,0.9170,0.7491,0.0416
8,4,7,7,0.7740,0.8505,0.9168,0.7431,0.0459
8,4,7,8,0.8166,0.9043,0.9753,0.7821,0.0108
8,4,7,9,0.8949,0.9136,0.9999,0.8748,0.0100
8,4,7,10,0.7754,0.8361,0.9180,0.7477,0.0538
8,4,7,11,0.7809,0.8419,0.9148,0.7535,0.0530
8,4,8,0,0.8278,0.8814,0.9592,0.8008,0.0337
8,4,8,1,0.7713,0.8456,0.9204,0.7418,0.0500
8,4,8,2,0.7864,0.8730,0.9431,0.7515,0.0337
8,4,8,3,0.7737,0.8548,0.9241,0.7416,0.0432
8,4,8,4,1.0000,1.0000,1.0000,1.0000,0.0000
8,4,8,5,0.8255,0.8793,0.9916,0.7899,0.0205
8,4,8,6,0.7709,0.8460,0.9134,0.7405,0.0489
8,4,8,7,0.8402,0.8674,0.9928,0.8097,0.0114
8,4,8,8,0.8134,0.9028,0.9596,0.7782,0.0199
8,4,8,9,0.7868,0.8721,0.9326,0.7512,0.0295
8,4,8,10,0.8074,0.8810,0.9532,0.7748,0.0298
8,4,8,11,0.7877,0.8527,0.9160,0.7588,0.0471
8,4,9,0,0.8004,0.8729,0.9185,0.7698,0.0324
8,4,9,1,0.7755,0.8542,0.9271,0.7451,0.0470
8,4,9,2,0.7783,0.8630,0.9251,0.7463,0.0411
8,4,9,3,0.8351,0.8575,0.9958,0.7992,0.0261
8,4,9,4,0.7778,0.8498,0.9177,0.7481,0.0478
8,4,9,5,0.8016,0.8663,0.9239,0.7717,0.0373
8,4,9,6,0.7783,0.8362,0.9104,0.7513,0.0547
8,4,9,7,0.7688,0.8712,0.9334,0.7290,0.0243
8,4,9,8,0.7829,0.8480,0.9134,0.7546,0.0500
8,4,9,9,0.7781,0.8383,0.9133,0.7507,0.0543
8,4,9,10,0.9377,0.9478,0.9941,0.9250,0.0165
8,4,9,11,0.7810,0.8379,0.9140,0.7541,0.0544
8,4,10,0,0.7854,0.8467,0.9113,0.7572,0.0496
8,4,10,1,0.7782,0.8425,0.9120,0.7496,0.0510
8,4,10,2,0.7861,0.8486,0.9230,0.7576,0.0485
8,4,10,3,0.7887,0.8647,0.9525,0.7568,0.0380
8,4,10,4,0.8253,0.9040,0.9540,0.7962,0.0240
8,4,10,5,0.8807,0.9072,0.9743,0.8592,0.0157
8,4,10,6,0.7889,0.8530,0.9149,0.7597,0.0450
8,4,10,7,0.7944,0.8637,0.9298,0.7642,0.0403
8,4,10,8,0.7807,0.8371,0.9139,0.7536,0.0543
8,4,10,9,0.8125,0.8646,0.9741,0.7747,0.0161
8,4,10,10,0.7795,0.8373,0.9122,0.7523,0.0542
8,4,10,11,0.7847,0.8729,0.9706,0.7488,0.0231
8,4,11,0,0.7108,0.7559,0.9377,0.6396,0.0533
8,4,11,1,0.7959,0.8771,0.9555,0.7620,0.0308
8,4,11,2,0.7877,0.8474,0.9330,0.7597,0.0495
8,4,11,3,0.8133,0.9157,1.0000,0.7725,0.0226
8,4,11,4,0.8225,0.8893,0.9797,0.7913,0.0302
8,4,11,5,0.7583,0.8564,0.9385,0.7244,0.0433
8,4,11,6,0.7821,0.8420,0.9176,0.7542,0.0522
8,4,11,7,0.7929,0.8681,0.9510,0.7605,0.0342
8,4,11,8,0.4105,0.6356,0.9969,0.2808,0.0245
8,4,11,9,0.7838,0.8472,0.9214,0.7551,0.0496
8,4,11,10,0.8291,0.9239,0.9996,0.7940,0.0167
8,4,11,11,0.8411,0.9128,0.9731,0.8108,0.0160
8,5,0,0,0.9324,0.9266,0.9956,0.9177,0.0180
8,5,0,1,0.1922,0.2907,0.9949,0.0726,0.0571
8,5,0,2,0.9158,0.9195,0.9491,0.8982,0.0268
8,5,0,3,0.3040,0.3179,0.9996,0.1925,0.0454
8,5,0,4,0.5449,0.5410,0.9999,0.4541,0.0114
8,5,0,5,0.2424,0.2824,0.9994,0.1260,0.0513
8,5,0,6,0.8795,0.8866,0.9993,0.8517,0.0274
8,5,0,7,0.7956,0.7929,0.9660,0.7454,0.0317
8,5,0,8,0.7045,0.7285,0.9919,0.6296,0.0285
8,5,0,9,0.8864,0.8762,0.8944,0.8629,0.0365
8,5,0,10,0.8289,0.8133,0.9381,0.7880,0.0353
8,5,0,11,0.8935,0.8817,0.9623,0.8706,0.0293
8,5,1,0,0.8762,0.8536,0.9994,0.8476,0.0241
8,5,1,1,0.9052,0.8912,0.9995,0.8839,0.0106
8,5,1,2,0.9054,0.9029,1.0000,0.8840,0.0223
8,5,1,3,0.8892,0.8334,0.9735,0.8638,0.0251
8,5,1,4,0.9289,0.9175,0.9997,0.9132,0.0198
8,5,1,5,0.9070,0.9097,0.9945,0.8876,0.0100
8,5,1,6,0.9335,0.9273,0.9948,0.9188,0.0129
8,5,1,7,0.9340,0.9269,0.9979,0.9195,0.0140
8,5,1,8,0.9135,0.9295,0.9976,0.8942,0.0123
8,5,1,9,0.9031,0.9137,0.9961,0.8836,0.0155
8,5,1,10,0.3651,0.6627,0.9712,0.1981,0.0341
8,5,1,11,0.3914,0.3671,0.9988,0.2870,0.0383
8,5,2,0,0.9155,0.9055,0.9931,0.8967,0.0227
8,5,2,1,0.8869,0.8667,0.9722,0.8694,0.0350
8,5,2,2,0.6060,0.6885,0.9937,0.5209,0.0199
8,5,2,3,0.8072,0.8032,0.9998,0.7626,0.0171
8,5,2,4,0.9057,0.8749,0.9908,0.8862,0.0139
8,5,2,5,0.8480,0.8435,0.9943,0.8124,0.0199
8,5,2,6,0.8593,0.8604,0.9685,0.8383,0.0392
8,5,2,7,0.8386,0.8341,0.9887,0.8001,0.0300
8,5,2,8,0.8656,0.8673,0.9895,0.8348,0.0144
8,5,2,9,0.7224,0.7171,0.9909,0.6577,0.0155
8,5,2,10,0.9161,0.8975,0.9964,0.8975,0.0223
8,5,2,11,0.9014,0.8691,0.9793,0.8840,0.0282
8,5,3,0,0.8656,0.8254,0.9555,0.8492,0.0493
8,5,3,1,0.9125,0.9204,0.9909,0.8940,0.0174
8,5,3,2,0.5896,0.7016,0.9980,0.4994,0.0113
8,5,3,3,0.8537,0.8317,0.9867,0.8291,0.0325
8,5,3,4,0.8576,0.8150,0.9577,0.8420,0.0572
8,5,3,5,0.9094,0.9318,0.9972,0.8912,0.0165
8,5,3,6,0.7470,0.7794,0.9885,0.6852,0.0232
8,5,3,7,0.7105,0.7114,1.0000,0.6470,0.0147
8,5,3,8,0.8382,0.8381,0.9682,0.8007,0.0260
8,5,3,9,0.7329,0.8573,0.9933,0.6836,0.0245
8,5,3,10,0.9038,0.8714,0.9746,0.8860,0.0215
8,5,3,11,0.8070,0.8242,0.9979,0.7647,0.0138
8,5,4,0,0.7945,0.8000,0.9885,0.7577,0.0268
8,5,4,1,0.9453,0.9450,0.9951,0.9337,0.0140
8,5,4,2,0.8901,0.8671,0.9742,0.8740,0.0387
8,5,4,3,0.8363,0.8490,0.9980,0.8003,0.0084
8,5,4,4,0.8860,0.8664,0.9863,0.8670,0.0282
8,5,4,5,0.8455,0.8557,0.9982,0.8131,0.0190
8,5,4,6,0.9050,0.9170,1.0000,0.8848,0.0127
8,5,4,7,0.6434,0.6332,1.0000,0.5697,0.0205
8,5,4,8,0.8628,0.8503,0.9601,0.8442,0.0453
8,5,4,9,0.8881,0.9102,0.9653,0.8633,0.0125
8,5,4,10,0.8539,0.8198,0.9616,0.8374,0.0558
8,5,4,11,0.3525,0.4837,0.9561,0.2611,0.0618
8,5,5,0,0.8790,0.8403,0.9538,0.8643,0.0463
8,5,5,1,0.8461,0.8016,0.9545,0.8311,0.0613
8,5,5,2,0.8394,0.8560,0.9813,0.8030,0.0169
8,5,5,3,0.9529,0.9517,0.9492,0.9434,0.0194
8,5,5,4,0.8181,0.8005,0.9892,0.7781,0.0163
8,5,5,5,0.8645,0.8232,0.9622,0.8492,0.0540
8,5,5,6,0.8537,0.8297,0.9630,0.8296,0.0350
8,5,5,7,0.8399,0.8796,0.9987,0.8118,0.0306
8,5,5,8,0.8972,0.8717,0.9669,0.8827,0.0375
8,5,5,9,0.8596,0.8191,0.9606,0.8435,0.0555
8,5,5,10,0.8933,0.8680,0.9794,0.8761,0.0310
8,5,5,11,0.8792,0.8514,0.9725,0.8607,0.0356
8,5,6,0,0.8468,0.8472,0.9715,0.8114,0.0231
8,5,6,1,0.7962,0.8790,0.9686,0.7681,0.0488
8,5,6,2,0.8828,0.8502,0.9761,0.8670,0.0447
8,5,6,3,0.8492,0.8695,0.9682,0.8261,0.0350
8,5,6,4,0.9281,0.8979,0.9797,0.9135,0.0134
8,5,6,5,0.8854,0.8759,0.9821,0.8649,0.0252
8,5,6,6,0.8637,0.8263,0.9641,0.8470,0.0510
8,5,6,7,0.8723,0.8907,0.9815,0.8466,0.0105
8,5,6,8,0.9107,0.8818,0.9922,0.8930,0.0146
8,5,6,9,0.8455,0.8015,0.9575,0.8299,0.0606
8,5,6,10,0.8521,0.8121,0.9567,0.8358,0.0580
8,5,6,11,0.9050,0.9095,0.9622,0.8836,0.0169
8,5,7,0,0.7347,0.7646,0.9979,0.6822,0.0223
8,5,7,1,0.8549,0.8479,0.9638,0.8344,0.0428
8,5,7,2,0.8495,0.8087,0.9563,0.8341,0.0598
8,5,7,3,0.9453,0.9187,0.9864,0.9348,0.0155
8,5,7,4,0.9350,0.9346,0.9799,0.9242,0.0220
8,5,7,5,0.8852,0.8746,0.9890,0.8655,0.0293
8,5,7,6,0.8596,0.8430,0.9608,0.8408,0.0468
8,5,7,7,0.8541,0.8365,0.9606,0.8363,0.0512
8,5,7,8,0.8816,0.9282,0.9956,0.8588,0.0231
8,5,7,9,0.9491,0.9464,0.9898,0.9392,0.0160
8,5,7,10,0.8459,0.8071,0.9615,0.8296,0.0590
8,5,7,11,0.8549,0.8150,0.9593,0.8394,0.0582
8,5,8,0,0.8744,0.8393,0.9877,0.8555,0.0387
8,5,8,1,0.8399,0.8328,0.9631,0.8215,0.0552
8,5,8,2,0.8848,0.8684,0.9781,0.8668,0.0356
8,5,8,3,0.8447,0.8446,0.9657,0.8242,0.0487
8,5,8,4,0.8255,0.8793,0.9916,0.7899,0.0205
8,5,8,5,1.0000,1.0000,1.0000,1.0000,0.0000
8,5,8,6,0.8407,0.8318,0.9583,0.8216,0.0542
8,5,8,7,0.7683,0.7736,1.0000,0.7224,0.0180
8,5,8,8,0.9351,0.9065,0.9879,0.9228,0.0176
8,5,8,9,0.8562,0.8717,0.9714,0.8324,0.0308
8,5,8,10,0.8982,0.8714,0.9842,0.8815,0.0321
8,5,8,11,0.8677,0.8280,0.9601,0.8519,0.0523
8,5,9,0,0.8794,0.8594,0.9619,0.8622,0.0397
8,5,9,1,0.8427,0.8417,0.9677,0.8232,0.0522
8,5,9,2,0.8397,0.8606,0.9663,0.8178,0.0463
8,5,9,3,0.8416,0.8246,0.9757,0.8049,0.0164
8,5,9,4,0.8482,0.8338,0.9613,0.8300,0.0530
8,5,9,5,0.8809,0.8413,0.9656,0.8644,0.0428
8,5,9,6,0.8469,0.8078,0.9562,0.8309,0.0600
8,5,9,7,0.8887,0.8926,0.9719,0.8699,0.0272
8,5,9,8,0.8521,0.8202,0.9583,0.8350,0.0552
8,5,9,9,0.8473,0.8118,0.9582,0.8311,0.0596
8,5,9,10,0.9180,0.9142,0.9998,0.9003,0.0108
8,5,9,11,0.8526,0.8097,0.9587,0.8373,0.0597
8,5,10,0,0.8541,0.8193,0.9568,0.8372,0.0548
8,5,10,1,0.8455,0.8180,0.9573,0.8277,0.0563
8,5,10,2,0.8660,0.8286,0.9649,0.8506,0.0538
8,5,10,3,0.8703,0.8489,0.9839,0.8521,0.0438
8,5,10,4,0.8748,0.8729,0.9847,0.8542,0.0295
8,5,10,5,0.9124,0.9180,0.9952,0.8966,0.0173
8,5,10,6,0.8605,0.8277,0.9594,0.8430,0.0502
8,5,10,7,0.8701,0.8431,0.9695,0.8526,0.0458
8,5,10,8,0.8477,0.8075,0.9586,0.8314,0.0596
8,5,10,9,0.9159,0.8805,0.9951,0.8982,0.0096
8,5,10,10,0.8466,0.8084,0.9574,0.8302,0.0594
8,5,10,11,0.7892,0.8250,0.9936,0.7535,0.0320
8,5,11,0,0.7655,0.7379,0.8850,0.7056,0.0407
8,5,11,1,0.8814,0.8676,0.9856,0.8623,0.0348
8,5,11,2,0.8538,0.8174,0.9716,0.8366,0.0550
8,5,11,3,0.8607,0.8860,0.9909,0.8287,0.0142
8,5,11,4,0.8923,0.8627,0.9974,0.8735,0.0315
8,5,11,5,0.8239,0.8671,0.9752,0.8006,0.0491
8,5,11,6,0.8494,0.8148,0.9612,0.8325,0.0575
8,5,11,7,0.8899,0.8651,0.9830,0.8740,0.0395
8,5,11,8,0.3677,0.6221,0.9987,0.2223,0.0190
8,5,11,9,0.8525,0.8242,0.9638,0.8351,0.0548
8,5,11,10,0.8932,0.9133,0.9948,0.8703,0.0153
8,5,11,11,0.9320,0.9211,0.9947,0.9187,0.0171
8,6,0,0,0.8649,0.8676,0.9273,0.8547,0.0714
8,6,0,1,0.1178,0.1944,0.9823,0.0212,0.0058
8,6,0,2,0.8404,0.8247,0.8195,0.8294,0.0799
8,6,0,3,0.2114,0.2226,0.9504,0.1179,0.0127
8,6,0,4,0.4168,0.4020,0.9542,0.3334,0.0443
8,6,0,5,0.1730,0.2010,0.9678,0.0791,0.0039
8,6,0,6,0.7848,0.7899,0.9467,0.7600,0.0811
8,6,0,7,0.6408,0.6318,0.8519,0.5864,0.0859
8,6,0,8,0.6009,0.5976,0.9144,0.5378,0.0821
8,6,0,9,0.7915,0.7655,0.7293,0.7746,0.0901
8,6,0,10,0.7350,0.7050,0.8000,0.7034,0.0895
8,6,0,11,0.8332,0.8097,0.8444,0.8229,0.0826
8,6,1,0,0.7241,0.7229,0.9476,0.6863,0.0778
8,6,1,1,0.8494,0.8328,0.9671,0.8338,0.0643
8,6,1,2,0.8333,0.8292,0.9604,0.8168,0.0744
8,6,1,3,0.9222,0.8911,0.8676,0.9230,0.0632
8,6,1,4,0.9368,0.9310,0.9652,0.9358,0.0554
8,6,1,5,0.9246,0.9209,0.9830,0.9185,0.0479
8,6,1,6,0.8479,0.8567,0.9825,0.8312,0.0602
8,6,1,7,0.9261,0.9233,0.9749,0.9225,0.0554
8,6,1,8,0.9336,0.9339,0.9359,0.9321,0.0563
8,6,1,9,0.9561,0.9629,0.9797,0.9539,0.0418
8,6,1,10,0.1774,0.5392,0.8626,0.0220,0.0870
8,6,1,11,0.3135,0.2919,0.9711,0.2268,0.0214
8,6,2,0,0.8092,0.7956,0.9183,0.7885,0.0766
8,6,2,1,0.9842,0.9874,0.9986,0.9831,0.0192
8,6,2,2,0.4289,0.5136,0.9201,0.3421,0.0550
8,6,2,3,0.6569,0.6674,0.9640,0.6065,0.0704
8,6,2,4,0.9208,0.9281,0.9881,0.9140,0.0481
8,6,2,5,0.7249,0.7112,0.9225,0.6873,0.0739
8,6,2,6,0.9889,0.9898,0.9993,0.9880,0.0160
8,6,2,7,0.7341,0.7290,0.9047,0.6998,0.0834
8,6,2,8,0.7579,0.7262,0.9068,0.7262,0.0678
8,6,2,9,0.5279,0.5416,0.9111,0.4535,0.0686
8,6,2,10,0.8513,0.8319,0.9306,0.8390,0.0749
8,6,2,11,0.9853,0.9842,0.9963,0.9854,0.0278
8,6,3,0,0.9896,0.9922,1.0000,0.9885,0.0080
8,6,3,1,0.9133,0.8948,0.9111,0.9059,0.0525
8,6,3,2,0.4019,0.5201,0.9380,0.3093,0.0571
8,6,3,3,0.9538,0.9589,0.9920,0.9490,0.0274
8,6,3,4,0.9946,0.9965,1.0000,0.9940,0.0043
8,6,3,5,0.9570,0.9527,0.9771,0.9551,0.0426
8,6,3,6,0.5847,0.5859,0.9039,0.5190,0.0769
8,6,3,7,0.6010,0.5839,0.9595,0.5422,0.0597
8,6,3,8,0.7715,0.7271,0.8563,0.7424,0.0712
8,6,3,9,0.5709,0.6993,0.9188,0.5134,0.0346
8,6,3,10,0.9614,0.9470,0.9980,0.9587,0.0342
8,6,3,11,0.7004,0.7234,0.9748,0.6582,0.0598
8,6,4,0,0.6302,0.6261,0.9041,0.5814,0.0319
8,6,4,1,0.8879,0.8911,0.9252,0.8763,0.0527
8,6,4,2,0.9896,0.9895,0.9981,0.9889,0.0160
8,6,4,3,0.7362,0.7715,0.9745,0.7001,0.0602
8,6,4,4,0.9761,0.9698,0.9923,0.9744,0.0262
8,6,4,5,0.7029,0.7426,0.9739,0.6617,0.0514
8,6,4,6,0.9245,0.9127,0.9596,0.9190,0.0509
8,6,4,7,0.5209,0.5098,0.9610,0.4515,0.0476
8,6,4,8,0.9962,0.9958,1.0000,0.9959,0.0089
8,6,4,9,0.8906,0.8598,0.8504,0.8813,0.0601
8,6,4,10,0.9968,0.9977,0.9999,0.9965,0.0031
8,6,4,11,0.1991,0.3410,1.0000,0.1137,0.0076
8,6,5,0,0.9741,0.9749,0.9999,0.9712,0.0089
8,6,5,1,0.9933,0.9955,0.9999,0.9928,0.0071
8,6,5,2,0.7956,0.7706,0.8854,0.7701,0.0638
8,6,5,3,0.8182,0.7862,0.8196,0.7989,0.0728
8,6,5,4,0.7545,0.7027,0.9059,0.7215,0.0563
8,6,5,5,0.9932,0.9942,0.9999,0.9924,0.0030
8,6,5,6,0.9244,0.9159,0.9999,0.9155,0.0281
8,6,5,7,0.9195,0.9264,0.9718,0.9103,0.0281
8,6,5,8,0.9711,0.9730,0.9995,0.9680,0.0172
8,6,5,9,0.9963,0.9972,1.0000,0.9959,0.0047
8,6,5,10,0.9762,0.9727,0.9963,0.9742,0.0232
8,6,5,11,0.9872,0.9832,0.9985,0.9863,0.0186
8,6,6,0,0.6892,0.6862,0.8631,0.6446,0.0704
8,6,6,1,0.9739,0.9755,0.9993,0.9709,0.0054
8,6,6,2,0.9934,0.9944,0.9975,0.9928,0.0110
8,6,6,3,0.9756,0.9757,0.9993,0.9732,0.0202
8,6,6,4,0.9267,0.9320,0.9961,0.9204,0.0450
8,6,6,5,0.9790,0.9743,0.9950,0.9783,0.0303
8,6,6,6,0.9951,0.9956,0.9998,0.9946,0.0063
8,6,6,7,0.9203,0.9206,0.9953,0.9128,0.0445
8,6,6,8,0.9168,0.9200,0.9864,0.9085,0.0449
8,6,6,9,0.9934,0.9959,1.0000,0.9928,0.0064
8,6,6,10,0.9962,0.9972,1.0000,0.9958,0.0043
8,6,6,11,0.7768,0.7684,0.8442,0.7483,0.0664
8,6,7,0,0.6544,0.7123,0.9748,0.6068,0.0463
8,6,7,1,0.9948,0.9942,0.9998,0.9944,0.0117
8,6,7,2,0.9938,0.9973,1.0000,0.9932,0.0056
8,6,7,3,0.9363,0.9407,0.9922,0.9306,0.0408
8,6,7,4,0.9167,0.9194,0.9961,0.9073,0.0335
8,6,7,5,0.9865,0.9853,0.9900,0.9863,0.0252
8,6,7,6,0.9980,0.9982,1.0000,0.9979,0.0073
8,6,7,7,0.9978,0.9973,1.0000,0.9976,0.0038
8,6,7,8,0.9325,0.9303,0.9807,0.9260,0.0395
8,6,7,9,0.8647,0.8567,0.9077,0.8485,0.0432
8,6,7,10,0.9951,0.9965,0.9999,0.9946,0.0049
8,6,7,11,0.9937,0.9972,1.0000,0.9931,0.0043
8,6,8,0,0.9834,0.9871,0.9912,0.9820,0.0168
8,6,8,1,0.9985,0.9991,0.9998,0.9984,0.0018
8,6,8,2,0.9927,0.9920,0.9968,0.9926,0.0189
8,6,8,3,0.9979,0.9977,0.9996,0.9977,0.0058
8,6,8,4,0.7709,0.8460,0.9134,0.7405,0.0489
8,6,8,5,0.8407,0.8318,0.9583,0.8216,0.0542
8,6,8,6,1.0000,1.0000,1.0000,1.0000,0.0000
8,6,8,7,0.7090,0.7370,0.9556,0.6695,0.0464
8,6,8,8,0.9502,0.9543,0.9910,0.9465,0.0376
8,6,8,9,0.9868,0.9877,0.9988,0.9862,0.0234
8,6,8,10,0.9850,0.9847,0.9937,0.9844,0.0226
8,6,8,11,0.9935,0.9945,1.0000,0.9928,0.0047
8,6,9,0,0.9636,0.9667,0.9999,0.9595,0.0165
8,6,9,1,0.9981,0.9983,0.9994,0.9979,0.0025
8,6,9,2,0.9961,0.9959,0.9996,0.9958,0.0079
8,6,9,3,0.7099,0.6959,0.8723,0.6692,0.0685
8,6,9,4,0.9989,0.9992,0.9999,0.9988,0.0020
8,6,9,5,0.9879,0.9897,0.9996,0.9867,0.0130
8,6,9,6,0.9955,0.9967,1.0000,0.9951,0.0058
8,6,9,7,0.9734,0.9750,0.9986,0.9714,0.0275
8,6,9,8,0.9960,0.9969,1.0000,0.9956,0.0037
8,6,9,9,0.9964,0.9973,1.0000,0.9960,0.0054
8,6,9,10,0.8031,0.8094,0.9523,0.7781,0.0552
8,6,9,11,0.9948,0.9962,1.0000,0.9943,0.0055
8,6,10,0,0.9954,0.9965,1.0000,0.9949,0.0041
8,6,10,1,0.9977,0.9984,1.0000,0.9975,0.0026
8,6,10,2,0.9964,0.9974,0.9997,0.9960,0.0051
8,6,10,3,0.9919,0.9926,0.9940,0.9913,0.0119
8,6,10,4,0.9654,0.9636,0.9934,0.9621,0.0249
8,6,10,5,0.8651,0.8625,0.9816,0.8486,0.0390
8,6,10,6,0.9940,0.9955,1.0000,0.9933,0.0063
8,6,10,7,0.9940,0.9937,0.9991,0.9935,0.0110
8,6,10,8,0.9954,0.9967,1.0000,0.9950,0.0056
8,6,10,9,0.8660,0.8584,0.9818,0.8507,0.0491
8,6,10,10,0.9957,0.9968,1.0000,0.9953,0.0055
8,6,10,11,0.8234,0.8325,0.9845,0.8013,0.0261
8,6,11,0,0.5711,0.5920,0.7150,0.5000,0.0943
8,6,11,1,0.9911,0.9911,0.9928,0.9911,0.0199
8,6,11,2,0.9957,0.9964,0.9987,0.9952,0.0052
8,6,11,3,0.8801,0.8818,0.9112,0.8709,0.0634
8,6,11,4,0.9888,0.9857,0.9765,0.9893,0.0258
8,6,11,5,0.9907,0.9909,0.9978,0.9896,0.0064
8,6,11,6,0.9966,0.9975,0.9999,0.9963,0.0046
8,6,11,7,0.9902,0.9887,0.9945,0.9896,0.0150
8,6,11,8,0.1600,0.4977,0.9427,0.0207,0.0669
8,6,11,9,0.9981,0.9986,0.9998,0.9979,0.0035
8,6,11,10,0.9362,0.9224,0.9242,0.9330,0.0501
8,6,11,11,0.9476,0.9512,0.9826,0.9437,0.0392
8,7,0,0,0.7550,0.8321,0.9964,0.7018,0.0346
8,7,0,1,0.1872,0.3748,0.9939,0.0740,0.0493
8,7,0,2,0.8004,0.8293,0.9520,0.7574,0.0418
8,7,0,3,0.3088,0.4049,0.9999,0.2045,0.0353
8,7,0,4,0.5088,0.5696,1.0000,0.4168,0.0160
8,7,0,5,0.2360,0.3734,0.9990,0.1255,0.0436
8,7,0,6,0.7370,0.8257,0.9996,0.6787,0.0394
8,7,0,7,0.7327,0.7954,0.9684,0.6723,0.0411
8,7,0,8,0.6476,0.7307,0.9931,0.5652,0.0412
8,7,0,9,0.7671,0.8078,0.8986,0.7155,0.0502
8,7,0,10,0.6997,0.7578,0.9413,0.6292,0.0446
8,7,0,11,0.7712,0.8398,0.9648,0.7205,0.0449
8,7,1,0,0.7452,0.7849,0.9997,0.6897,0.0348
8,7,1,1,0.7447,0.7911,0.9991,0.6909,0.0244
8,7,1,2,0.7314,0.7887,0.9999,0.6728,0.0382
8,7,1,3,0.8034,0.8341,0.9756,0.7615,0.0354
8,7,1,4,0.7625,0.8092,0.9994,0.7133,0.0323
8,7,1,5,0.7230,0.7893,0.9934,0.6689,0.0167
8,7,1,6,0.7367,0.8067,0.9938,0.6822,0.0203
8,7,1,7,0.7551,0.8081,0.9972,0.7049,0.0278
8,7,1,8,0.7686,0.8244,0.9982,0.7207,0.0237
8,7,1,9,0.7413,0.7925,0.9953,0.6922,0.0169
8,7,1,10,0.4582,0.6677,0.9734,0.3271,0.0476
8,7,1,11,0.3643,0.4388,0.9983,0.2615,0.0290
8,7,2,0,0.7778,0.8277,0.9942,0.7298,0.0336
8,7,2,1,0.7603,0.7951,0.9700,0.7217,0.0315
8,7,2,2,0.6837,0.7654,0.9947,0.6201,0.0135
8,7,2,3,0.6946,0.7536,0.9995,0.6291,0.0269
8,7,2,4,0.7745,0.7953,0.9895,0.7308,0.0114
8,7,2,5,0.7668,0.8168,0.9953,0.7164,0.0306
8,7,2,6,0.7057,0.7461,0.9661,0.6598,0.0336
8,7,2,7,0.7032,0.7831,0.9901,0.6353,0.0417
8,7,2,8,0.8104,0.8604,0.9908,0.7706,0.0253
8,7,2,9,0.6916,0.7272,0.9921,0.6253,0.0245
8,7,2,10,0.7585,0.8055,0.9971,0.7058,0.0384
8,7,2,11,0.7670,0.7953,0.9774,0.7264,0.0310
8,7,3,0,0.7372,0.7610,0.9527,0.7003,0.0416
8,7,3,1,0.7708,0.8071,0.9921,0.7256,0.0123
8,7,3,2,0.6886,0.7595,0.9985,0.6250,0.0177
8,7,3,3,0.8619,0.8658,0.9851,0.8392,0.0240
8,7,3,4,0.7284,0.7479,0.9550,0.6926,0.0495
8,7,3,5,0.7276,0.7744,0.9964,0.6759,0.0243
8,7,3,6,0.6787,0.7800,0.9898,0.6062,0.0349
8,7,3,7,0.8245,0.8107,0.9999,0.7891,0.0151
8,7,3,8,0.8123,0.8796,0.9705,0.7728,0.0256
8,7,3,9,0.6046,0.8032,0.9943,0.5353,0.0134
8,7,3,10,0.7553,0.7983,0.9724,0.7113,0.0182
8,7,3,11,0.6882,0.7451,0.9973,0.6247,0.0160
8,7,4,0,0.8226,0.8239,0.9899,0.7921,0.0159
8,7,4,1,0.8032,0.8244,0.9960,0.7644,0.0121
8,7,4,2,0.7495,0.7938,0.9721,0.7101,0.0352
8,7,4,3,0.6394,0.6735,0.9974,0.5654,0.0188
8,7,4,4,0.7018,0.7357,0.9847,0.6514,0.0247
8,7,4,5,0.7409,0.7932,0.9975,0.6901,0.0092
8,7,4,6,0.7211,0.7639,0.9999,0.6658,0.0241
8,7,4,7,0.5599,0.6031,0.9998,0.4748,0.0127
8,7,4,8,0.7129,0.7476,0.9574,0.6703,0.0383
8,7,4,9,0.7594,0.8018,0.9677,0.7097,0.0168
8,7,4,10,0.7260,0.7452,0.9590,0.6896,0.0480
8,7,4,11,0.5364,0.6120,0.9533,0.4761,0.0540
8,7,5,0,0.7115,0.7256,0.9509,0.6701,0.0380
8,7,5,1,0.7244,0.7390,0.9517,0.6906,0.0535
8,7,5,2,0.6948,0.7448,0.9831,0.6306,0.0184
8,7,5,3,0.8097,0.8233,0.9521,0.7693,0.0308
8,7,5,4,0.8249,0.8376,0.9905,0.7896,0.0153
8,7,5,5,0.7257,0.7607,0.9596,0.6886,0.0463
8,7,5,6,0.7519,0.8170,0.9604,0.7110,0.0239
8,7,5,7,0.8333,0.8654,0.9981,0.8050,0.0213
8,7,5,8,0.7309,0.7891,0.9645,0.6890,0.0300
8,7,5,9,0.7309,0.7492,0.9580,0.6946,0.0478
8,7,5,10,0.7074,0.7443,0.9774,0.6589,0.0251
8,7,5,11,0.7111,0.7450,0.9703,0.6647,0.0296
8,7,6,0,0.7671,0.8092,0.9736,0.7174,0.0243
8,7,6,1,0.6645,0.7082,0.9662,0.6163,0.0413
8,7,6,2,0.7322,0.7651,0.9740,0.6919,0.0399
8,7,6,3,0.6533,0.6994,0.9658,0.5984,0.0307
8,7,6,4,0.7715,0.8488,0.9778,0.7278,0.0164
8,7,6,5,0.7187,0.7566,0.9802,0.6693,0.0272
8,7,6,6,0.7322,0.7575,0.9616,0.6947,0.0436
8,7,6,7,0.7111,0.7425,0.9797,0.6563,0.0164
8,7,6,8,0.7720,0.7935,0.9910,0.7291,0.0113
8,7,6,9,0.7225,0.7404,0.9548,0.6880,0.0529
8,7,6,10,0.7249,0.7430,0.9539,0.6889,0.0502
8,7,6,11,0.8432,0.8818,0.9647,0.8108,0.0207
8,7,7,0,0.9300,0.9494,0.9972,0.9169,0.0067
8,7,7,1,0.7115,0.7534,0.9612,0.6680,0.0356
8,7,7,2,0.7216,0.7375,0.9535,0.6866,0.0521
8,7,7,3,0.7718,0.7842,0.9848,0.7295,0.0214
8,7,7,4,0.7142,0.7259,0.9780,0.6646,0.0185
8,7,7,5,0.7715,0.8040,0.9875,0.7325,0.0278
8,7,7,6,0.7220,0.7526,0.9582,0.6812,0.0394
8,7,7,7,0.7102,0.7350,0.9580,0.6698,0.0434
8,7,7,8,0.7695,0.7926,0.9947,0.7272,0.0148
8,7,7,9,0.7673,0.7550,0.9911,0.7237,0.0112
8,7,7,10,0.7204,0.7428,0.9589,0.6847,0.0513
8,7,7,11,0.7247,0.7446,0.9566,0.6890,0.0505
8,7,8,0,0.7687,0.7962,0.9862,0.7324,0.0346
8,7,8,1,0.7082,0.7347,0.9606,0.6694,0.0475
8,7,8,2,0.7301,0.7745,0.9761,0.6863,0.0346
8,7,8,3,0.7116,0.7471,0.9632,0.6702,0.0415
8,7,8,4,0.8402,0.8674,0.9928,0.8097,0.0114
8,7,8,5,0.7683,0.7736,1.0000,0.7224,0.0180
8,7,8,6,0.7090,0.7370,0.9556,0.6695,0.0464
8,7,8,7,1.0000,1.0000,1.0000,1.0000,0.0000
8,7,8,8,0.7927,0.8437,0.9864,0.7545,0.0219
8,7,8,9,0.7040,0.7484,0.9691,0.6550,0.0289
8,7,8,10,0.7534,0.7815,0.9826,0.7120,0.0315
8,7,8,11,0.7461,0.7695,0.9574,0.7110,0.0446
8,7,9,0,0.8146,0.8337,0.9593,0.7865,0.0304
8,7,9,1,0.7129,0.7450,0.9653,0.6733,0.0447
8,7,9,2,0.7254,0.7571,0.9639,0.6854,0.0388
8,7,9,3,0.9318,0.9275,0.9777,0.9194,0.0244
8,7,9,4,0.7201,0.7455,0.9587,0.6819,0.0453
8,7,9,5,0.7653,0.7914,0.9631,0.7299,0.0361
8,7,9,6,0.7250,0.7422,0.9534,0.6902,0.0522
8,7,9,7,0.6988,0.7653,0.9697,0.6477,0.0236
8,7,9,8,0.7288,0.7584,0.9556,0.6925,0.0475
8,7,9,9,0.7233,0.7412,0.9555,0.6880,0.0518
8,7,9,10,0.8085,0.8113,0.9999,0.7702,0.0151
8,7,9,11,0.7278,0.7440,0.9560,0.6932,0.0519
8,7,10,0,0.7384,0.7583,0.9540,0.7032,0.0471
8,7,10,1,0.7216,0.7412,0.9546,0.6847,0.0485
8,7,10,2,0.7272,0.7448,0.9624,0.6900,0.0460
8,7,10,3,0.7356,0.7655,0.9821,0.6956,0.0371
8,7,10,4,0.8237,0.8553,0.9831,0.7947,0.0247
8,7,10,5,0.6786,0.6952,0.9943,0.6214,0.0117
8,7,10,6,0.7454,0.7687,0.9567,0.7096,0.0428
8,7,10,7,0.7534,0.7797,0.9672,0.7170,0.0388
8,7,10,8,0.7268,0.7419,0.9559,0.6918,0.0518
8,7,10,9,0.7092,0.7498,0.9942,0.6521,0.0163
8,7,10,10,0.7275,0.7428,0.9547,0.6927,0.0517
8,7,10,11,0.9267,0.9360,0.9925,0.9152,0.0224
8,7,11,0,0.6260,0.7379,0.8893,0.5329,0.0508
8,7,11,1,0.7445,0.7881,0.9839,0.7025,0.0323
8,7,11,2,0.7316,0.7503,0.9694,0.6952,0.0480
8,7,11,3,0.8428,0.9091,0.9921,0.8102,0.0216
8,7,11,4,0.7671,0.7961,0.9967,0.7268,0.0335
8,7,11,5,0.6801,0.7229,0.9731,0.6346,0.0408
8,7,11,6,0.7272,0.7445,0.9586,0.6912,0.0497
8,7,11,7,0.7241,0.7653,0.9812,0.6808,0.0344
8,7,11,8,0.4134,0.6479,0.9992,0.2877,0.0218
8,7,11,9,0.7225,0.7422,0.9613,0.6847,0.0474
8,7,11,10,0.8126,0.8721,0.9957,0.7752,0.0189
8,7,11,11,0.8085,0.8376,0.9937,0.7728,0.0193
8,8,0,0,0.9429,0.9468,0.9690,0.9342,0.0337
8,8,0,1,0.1981,0.2998,0.9985,0.0876,0.0421
8,8,0,2,0.9181,0.9136,0.8887,0.9061,0.0422
8,8,0,3,0.3124,0.3376,0.9834,0.2097,0.0325
8,8,0,4,0.5350,0.5435,0.9856,0.4489,0.0114
8,8,0,5,0.2598,0.3033,0.9928,0.1539,0.0358
8,8,0,6,0.8835,0.9030,0.9813,0.8616,0.0434
8,8,0,7,0.7590,0.7797,0.9142,0.7064,0.0483
8,8,0,8,0.6867,0.6941,0.9603,0.6156,0.0445
8,8,0,9,0.8754,0.8626,0.8142,0.8556,0.0525
8,8,0,10,0.8281,0.8070,0.8730,0.7944,0.0518
8,8,0,11,0.9101,0.9008,0.9084,0.8976,0.0450
8,8,1,0,0.8367,0.8474,0.9818,0.8033,0.0409
8,8,1,1,0.9123,0.9243,0.9924,0.8955,0.0272
8,8,1,2,0.9113,0.9251,0.9890,0.8951,0.0373
8,8,1,3,0.9467,0.9171,0.9263,0.9388,0.0272
8,8,1,4,0.9735,0.9766,0.9915,0.9696,0.0209
8,8,1,5,0.9428,0.9611,0.9987,0.9320,0.0113
8,8,1,6,0.9178,0.9251,0.9986,0.9020,0.0231
8,8,1,7,0.9690,0.9755,0.9959,0.9638,0.0182
8,8,1,8,0.9565,0.9756,0.9746,0.9489,0.0186
8,8,1,9,0.9627,0.9829,0.9977,0.9558,0.0089
8,8,1,10,0.3077,0.6567,0.9225,0.1399,0.0509
8,8,1,11,0.4105,0.3951,0.9943,0.3163,0.0260
8,8,2,0,0.9063,0.9105,0.9630,0.8893,0.0390
8,8,2,1,0.9633,0.9748,0.9968,0.9582,0.0188
8,8,2,2,0.5482,0.6854,0.9642,0.4582,0.0236
8,8,2,3,0.7635,0.8021,0.9909,0.7141,0.0333
8,8,2,4,0.9368,0.9572,0.9998,0.9249,0.0157
8,8,2,5,0.8242,0.8460,0.9658,0.7880,0.0370
8,8,2,6,0.9516,0.9656,0.9954,0.9453,0.0248
8,8,2,7,0.8370,0.8495,0.9535,0.8043,0.0458
8,8,2,8,0.8420,0.8502,0.9550,0.8099,0.0304
8,8,2,9,0.6752,0.7016,0.9580,0.6062,0.0328
8,8,2,10,0.9302,0.9278,0.9712,0.9189,0.0373
8,8,2,11,0.9811,0.9806,0.9989,0.9779,0.0127
8,8,3,0,0.9611,0.9612,0.9897,0.9581,0.0328
8,8,3,1,0.9300,0.9467,0.9580,0.9166,0.0206
8,8,3,2,0.5210,0.6776,0.9759,0.4240,0.0220
8,8,3,3,0.9438,0.9533,1.0000,0.9349,0.0205
8,8,3,4,0.9581,0.9550,0.9908,0.9560,0.0407
8,8,3,5,0.9597,0.9717,0.9968,0.9522,0.0087
8,8,3,6,0.7083,0.7428,0.9530,0.6441,0.0392
8,8,3,7,0.7037,0.7255,0.9885,0.6441,0.0265
8,8,3,8,0.8321,0.8413,0.9176,0.7978,0.0362
8,8,3,9,0.6768,0.8065,0.9633,0.6208,0.0182
8,8,3,10,0.9751,0.9744,0.9975,0.9707,0.0113
8,8,3,11,0.7860,0.8350,0.9959,0.7433,0.0256
8,8,4,0,0.7514,0.7578,0.9531,0.7089,0.0173
8,8,4,1,0.9383,0.9407,0.9676,0.9266,0.0188
8,8,4,2,0.9715,0.9771,0.9974,0.9681,0.0222
8,8,4,3,0.8112,0.8395,0.9957,0.7736,0.0239
8,8,4,4,0.9616,0.9622,1.0000,0.9555,0.0122
8,8,4,5,0.8054,0.8562,0.9955,0.7679,0.0216
8,8,4,6,0.9474,0.9506,0.9886,0.9375,0.0132
8,8,4,7,0.6333,0.6411,0.9894,0.5633,0.0202
8,8,4,8,0.9615,0.9659,0.9919,0.9577,0.0287
8,8,4,9,0.9150,0.9069,0.9131,0.8987,0.0235
8,8,4,10,0.9546,0.9550,0.9925,0.9518,0.0392
8,8,4,11,0.3051,0.4850,0.9900,0.2126,0.0453
8,8,5,0,0.9583,0.9505,0.9889,0.9546,0.0316
8,8,5,1,0.9503,0.9480,0.9892,0.9485,0.0447
8,8,5,2,0.8411,0.8370,0.9396,0.8091,0.0285
8,8,5,3,0.9127,0.8850,0.8888,0.8970,0.0352
8,8,5,4,0.8330,0.8161,0.9544,0.7998,0.0199
8,8,5,5,0.9614,0.9604,0.9928,0.9593,0.0375
8,8,5,6,0.9211,0.9350,0.9932,0.9087,0.0237
8,8,5,7,0.9251,0.9412,0.9946,0.9126,0.0201
8,8,5,8,0.9730,0.9758,0.9948,0.9701,0.0241
8,8,5,9,0.9595,0.9558,0.9921,0.9571,0.0390
8,8,5,10,0.9648,0.9641,0.9989,0.9596,0.0165
8,8,5,11,0.9618,0.9632,0.9969,0.9566,0.0201
8,8,6,0,0.7829,0.7903,0.9229,0.7376,0.0341
8,8,6,1,0.9193,0.9316,0.9954,0.9099,0.0331
8,8,6,2,0.9674,0.9671,0.9980,0.9641,0.0282
8,8,6,3,0.9361,0.9465,0.9953,0.9271,0.0222
8,8,6,4,0.9800,0.9799,0.9989,0.9763,0.0102
8,8,6,5,0.9620,0.9677,0.9994,0.9555,0.0092
8,8,6,6,0.9622,0.9617,0.9936,0.9595,0.0345
8,8,6,7,0.9294,0.9462,0.9993,0.9162,0.0097
8,8,6,8,0.9394,0.9488,0.9995,0.9281,0.0122
8,8,6,9,0.9505,0.9477,0.9907,0.9485,0.0441
8,8,6,10,0.9560,0.9532,0.9903,0.9537,0.0415
8,8,6,11,0.8716,0.8642,0.9083,0.8461,0.0295
8,8,7,0,0.7378,0.8311,0.9959,0.6895,0.0231
8,8,7,1,0.9578,0.9666,0.9935,0.9531,0.0273
8,8,7,2,0.9524,0.9505,0.9901,0.9503,0.0433
8,8,7,3,0.9756,0.9690,1.0000,0.9711,0.0092
8,8,7,4,0.9290,0.9313,0.9990,0.9169,0.0150
8,8,7,5,0.9724,0.9748,1.0000,0.9680,0.0138
8,8,7,6,0.9620,0.9632,0.9922,0.9584,0.0303
8,8,7,7,0.9581,0.9580,0.9921,0.9549,0.0346
8,8,7,8,0.9496,0.9534,0.9980,0.9405,0.0147
8,8,7,9,0.9167,0.8934,0.9556,0.9013,0.0129
8,8,7,10,0.9522,0.9498,0.9925,0.9499,0.0425
8,8,7,11,0.9564,0.9546,0.9915,0.9543,0.0417
8,8,8,0,0.9633,0.9597,1.0000,0.9585,0.0222
8,8,8,1,0.9506,0.9530,0.9932,0.9474,0.0387
8,8,8,2,0.9721,0.9754,0.9986,0.9684,0.0188
8,8,8,3,0.9536,0.9596,0.9943,0.9492,0.0319
8,8,8,4,0.8134,0.9028,0.9596,0.7782,0.0199
8,8,8,5,0.9351,0.9065,0.9879,0.9228,0.0176
8,8,8,6,0.9502,0.9543,0.9910,0.9465,0.0376
8,8,8,7,0.7927,0.8437,0.9864,0.7545,0.0219
8,8,8,8,1.0000,1.0000,1.0000,1.0000,0.0000
8,8,8,9,0.9495,0.9641,0.9965,0.9418,0.0172
8,8,8,10,0.9794,0.9761,0.9998,0.9764,0.0153
8,8,8,11,0.9681,0.9638,0.9919,0.9664,0.0358
8,8,9,0,0.9763,0.9747,0.9927,0.9740,0.0261
8,8,9,1,0.9532,0.9559,0.9951,0.9495,0.0357
8,8,9,2,0.9546,0.9597,0.9946,0.9500,0.0300
8,8,9,3,0.8060,0.8053,0.9298,0.7658,0.0327
8,8,9,4,0.9525,0.9576,0.9924,0.9489,0.0365
8,8,9,5,0.9763,0.9740,0.9942,0.9743,0.0260
8,8,9,6,0.9530,0.9505,0.9900,0.9509,0.0434
8,8,9,7,0.9611,0.9704,0.9967,0.9549,0.0146
8,8,9,8,0.9566,0.9570,0.9910,0.9539,0.0387
8,8,9,9,0.9532,0.9512,0.9910,0.9510,0.0430
8,8,9,10,0.8692,0.8855,0.9845,0.8437,0.0207
8,8,9,11,0.9550,0.9519,0.9912,0.9531,0.0432
8,8,10,0,0.9596,0.9569,0.9903,0.9572,0.0383
8,8,10,1,0.9536,0.9528,0.9906,0.9506,0.0397
8,8,10,2,0.9610,0.9588,0.9940,0.9586,0.0373
8,8,10,3,0.9607,0.9578,0.9997,0.9563,0.0270
8,8,10,4,0.9699,0.9792,0.9998,0.9655,0.0161
8,8,10,5,0.8741,0.8738,0.9983,0.8520,0.0163
8,8,10,6,0.9637,0.9602,0.9915,0.9610,0.0337
8,8,10,7,0.9694,0.9693,0.9958,0.9667,0.0290
8,8,10,8,0.9525,0.9499,0.9912,0.9501,0.0430
8,8,10,9,0.9022,0.8955,0.9984,0.8835,0.0138
8,8,10,10,0.9529,0.9502,0.9906,0.9507,0.0429
8,8,10,11,0.8762,0.8983,0.9991,0.8563,0.0199
8,8,11,0,0.6824,0.6873,0.8020,0.6076,0.0567
8,8,11,1,0.9737,0.9727,0.9999,0.9700,0.0180
8,8,11,2,0.9555,0.9528,0.9966,0.9523,0.0382
8,8,11,3,0.9235,0.9337,0.9581,0.9095,0.0262
8,8,11,4,0.9728,0.9679,0.9965,0.9683,0.0157
8,8,11,5,0.9372,0.9470,0.9977,0.9306,0.0357
8,8,11,6,0.9547,0.9523,0.9924,0.9521,0.0409
8,8,11,7,0.9661,0.9677,0.9996,0.9620,0.0227
8,8,11,8,0.2683,0.6078,0.9788,0.1129,0.0335
8,8,11,9,0.9557,0.9557,0.9935,0.9525,0.0383
8,8,11,10,0.9600,0.9691,0.9670,0.9527,0.0148
8,8,11,11,0.9781,0.9843,0.9986,0.9741,0.0071
8,9,0,0,0.8996,0.9070,0.9448,0.8867,0.0480
8,9,0,1,0.1882,0.2610,0.9904,0.0862,0.0275
8,9,0,2,0.8835,0.8648,0.8471,0.8703,0.0565
8,9,0,3,0.2920,0.2922,0.9647,0.1955,0.0206
8,9,0,4,0.4970,0.4794,0.9679,0.4129,0.0210
8,9,0,5,0.2429,0.2653,0.9792,0.1441,0.0213
8,9,0,6,0.8408,0.8367,0.9616,0.8159,0.0577
8,9,0,7,0.7175,0.6986,0.8770,0.6648,0.0626
8,9,0,8,0.6597,0.6386,0.9334,0.5932,0.0588
8,9,0,9,0.8441,0.8100,0.7625,0.8253,0.0668
8,9,0,10,0.7969,0.7617,0.8290,0.7649,0.0661
8,9,0,11,0.8851,0.8559,0.8701,0.8740,0.0593
8,9,1,0,0.7837,0.7826,0.9624,0.7459,0.0544
8,9,1,1,0.8965,0.8822,0.9786,0.8812,0.0409
8,9,1,2,0.8898,0.8802,0.9731,0.8746,0.0510
8,9,1,3,0.9357,0.9040,0.8913,0.9305,0.0430
8,9,1,4,0.9654,0.9594,0.9771,0.9631,0.0341
8,9,1,5,0.9547,0.9541,0.9910,0.9485,0.0258
8,9,1,6,0.8813,0.9029,0.9906,0.8625,0.0376
8,9,1,7,0.9559,0.9510,0.9848,0.9512,0.0328
8,9,1,8,0.9588,0.9572,0.9524,0.9552,0.0332
8,9,1,9,0.9700,0.9759,0.9885,0.9660,0.0203
8,9,1,10,0.2507,0.5928,0.8868,0.0867,0.0636
8,9,1,11,0.3824,0.3554,0.9818,0.2923,0.0174
8,9,2,0,0.8551,0.8448,0.9369,0.8329,0.0533
8,9,2,1,0.9799,0.9839,1.0000,0.9770,0.0066
8,9,2,2,0.5023,0.5893,0.9385,0.4133,0.0345
8,9,2,3,0.7143,0.7224,0.9761,0.6623,0.0471
8,9,2,4,0.9415,0.9524,0.9945,0.9328,0.0256
8,9,2,5,0.7887,0.7753,0.9406,0.7518,0.0505
8,9,2,6,0.9928,0.9953,0.9999,0.9920,0.0102
8,9,2,7,0.8074,0.7927,0.9249,0.7759,0.0601
8,9,2,8,0.8135,0.7857,0.9267,0.7818,0.0447
8,9,2,9,0.6058,0.6124,0.9306,0.5314,0.0453
8,9,2,10,0.9040,0.8832,0.9477,0.8925,0.0516
8,9,2,11,0.9865,0.9890,0.9993,0.9845,0.0123
8,9,3,0,0.9728,0.9822,0.9982,0.9699,0.0188
8,9,3,1,0.9350,0.9232,0.9306,0.9255,0.0323
8,9,3,2,0.4640,0.5819,0.9542,0.3664,0.0340
8,9,3,3,0.9418,0.9524,0.9971,0.9329,0.0130
8,9,3,4,0.9729,0.9785,0.9987,0.9708,0.0264
8,9,3,5,0.9769,0.9725,0.9865,0.9740,0.0198
8,9,3,6,0.6593,0.6553,0.9242,0.5938,0.0535
8,9,3,7,0.6607,0.6441,0.9723,0.6003,0.0376
8,9,3,8,0.8198,0.7791,0.8810,0.7893,0.0497
8,9,3,9,0.6221,0.7344,0.9374,0.5626,0.0165
8,9,3,10,0.9728,0.9662,0.9999,0.9688,0.0146
8,9,3,11,0.7591,0.7770,0.9847,0.7171,0.0373
8,9,4,0,0.6486,0.6678,0.9243,0.5939,0.0182
8,9,4,1,0.8993,0.9195,0.9430,0.8833,0.0296
8,9,4,2,0.9822,0.9847,0.9999,0.9797,0.0087
8,9,4,3,0.7976,0.8253,0.9845,0.7628,0.0371
8,9,4,4,0.9831,0.9842,0.9972,0.9805,0.0079
8,9,4,5,0.7416,0.7865,0.9840,0.6974,0.0296
8,9,4,6,0.9559,0.9490,0.9724,0.9502,0.0275
8,9,4,7,0.6100,0.5874,0.9736,0.5432,0.0287
8,9,4,8,0.9908,0.9929,0.9990,0.9899,0.0144
8,9,4,9,0.9208,0.8948,0.8756,0.9097,0.0373
8,9,4,10,0.9783,0.9819,0.9993,0.9768,0.0249
8,9,4,11,0.2609,0.4100,0.9983,0.1707,0.0310
8,9,5,0,0.9620,0.9817,0.9979,0.9575,0.0173
8,9,5,1,0.9677,0.9739,0.9980,0.9658,0.0304
8,9,5,2,0.8423,0.8231,0.9075,0.8161,0.0409
8,9,5,3,0.8484,0.8316,0.8472,0.8244,0.0495
8,9,5,4,0.7962,0.7605,0.9259,0.7612,0.0348
8,9,5,5,0.9728,0.9797,0.9994,0.9704,0.0232
8,9,5,6,0.9260,0.9232,0.9995,0.9148,0.0189
8,9,5,7,0.9190,0.9327,0.9823,0.9065,0.0150
8,9,5,8,0.9606,0.9778,0.9998,0.9551,0.0156
8,9,5,9,0.9768,0.9808,0.9991,0.9749,0.0247
8,9,5,10,0.9835,0.9891,0.9993,0.9811,0.0101
8,9,5,11,0.9908,0.9914,1.0000,0.9895,0.0087
8,9,6,0,0.7434,0.7473,0.8873,0.6971,0.0479
8,9,6,1,0.9760,0.9758,0.9999,0.9734,0.0185
8,9,6,2,0.9810,0.9871,0.9998,0.9786,0.0142
8,9,6,3,0.9889,0.9881,0.9999,0.9873,0.0102
8,9,6,4,0.9363,0.9472,0.9993,0.9266,0.0232
8,9,6,5,0.9931,0.9906,0.9987,0.9922,0.0098
8,9,6,6,0.9782,0.9835,0.9996,0.9761,0.0205
8,9,6,7,0.9594,0.9593,0.9989,0.9536,0.0214
8,9,6,8,0.9366,0.9506,0.9934,0.9268,0.0223
8,9,6,9,0.9676,0.9744,0.9986,0.9655,0.0298
8,9,6,10,0.9754,0.9797,0.9985,0.9736,0.0272
8,9,6,11,0.8017,0.8128,0.8699,0.7674,0.0436
8,9,7,0,0.6573,0.7336,0.9847,0.6005,0.0290
8,9,7,1,0.9922,0.9936,0.9995,0.9914,0.0132
8,9,7,2,0.9698,0.9796,0.9984,0.9678,0.0290
8,9,7,3,0.9449,0.9720,0.9972,0.9364,0.0174
8,9,7,4,0.9291,0.9517,0.9992,0.9181,0.0135
8,9,7,5,0.9818,0.9850,0.9958,0.9791,0.0084
8,9,7,6,0.9882,0.9902,0.9992,0.9870,0.0160
8,9,7,7,0.9857,0.9901,0.9991,0.9847,0.0203
8,9,7,8,0.9462,0.9573,0.9893,0.9379,0.0203
8,9,7,9,0.8734,0.8925,0.9275,0.8529,0.0214
8,9,7,10,0.9710,0.9764,0.9993,0.9691,0.0282
8,9,7,11,0.9708,0.9813,0.9989,0.9686,0.0274
8,9,8,0,0.9673,0.9774,0.9966,0.9626,0.0087
8,9,8,1,0.9819,0.9852,0.9995,0.9810,0.0244
8,9,8,2,0.9887,0.9909,0.9995,0.9870,0.0076
8,9,8,3,0.9874,0.9890,0.9997,0.9863,0.0181
8,9,8,4,0.7868,0.8721,0.9326,0.7512,0.0295
8,9,8,5,0.8562,0.8717,0.9714,0.8324,0.0308
8,9,8,6,0.9868,0.9877,0.9988,0.9862,0.0234
8,9,8,7,0.7040,0.7484,0.9691,0.6550,0.0289
8,9,8,8,0.9495,0.9641,0.9965,0.9418,0.0172
8,9,8,9,1.0000,1.0000,1.0000,1.0000,0.0000
8,9,8,10,0.9796,0.9906,0.9981,0.9765,0.0066
8,9,8,11,0.9724,0.9778,0.9991,0.9695,0.0215
8,9,9,0,0.9474,0.9560,0.9993,0.9401,0.0150
8,9,9,1,0.9836,0.9859,0.9999,0.9824,0.0216
8,9,9,2,0.9876,0.9871,0.9998,0.9864,0.0155
8,9,9,3,0.7247,0.7322,0.8956,0.6746,0.0451
8,9,9,4,0.9853,0.9869,0.9992,0.9844,0.0222
8,9,9,5,0.9719,0.9800,0.9997,0.9681,0.0122
8,9,9,6,0.9718,0.9762,0.9984,0.9700,0.0291
8,9,9,7,0.9816,0.9851,1.0000,0.9788,0.0092
8,9,9,8,0.9765,0.9795,0.9988,0.9746,0.0244
8,9,9,9,0.9738,0.9778,0.9987,0.9721,0.0287
8,9,9,10,0.8311,0.8646,0.9663,0.8027,0.0321
8,9,9,11,0.9710,0.9761,0.9988,0.9690,0.0289
8,9,10,0,0.9748,0.9787,0.9985,0.9727,0.0240
8,9,10,1,0.9789,0.9817,0.9986,0.9775,0.0254
8,9,10,2,0.9787,0.9836,0.9997,0.9770,0.0230
8,9,10,3,0.9766,0.9836,0.9982,0.9736,0.0132
8,9,10,4,0.9537,0.9566,0.9979,0.9467,0.0094
8,9,10,5,0.8895,0.9088,0.9899,0.8721,0.0216
8,9,10,6,0.9756,0.9798,0.9989,0.9731,0.0194
8,9,10,7,0.9798,0.9837,1.0000,0.9773,0.0152
8,9,10,8,0.9722,0.9766,0.9988,0.9703,0.0287
8,9,10,9,0.8905,0.9050,0.9901,0.8729,0.0257
8,9,10,10,0.9724,0.9763,0.9986,0.9705,0.0286
8,9,10,11,0.8073,0.8256,0.9920,0.7784,0.0146
8,9,11,0,0.6331,0.6312,0.7490,0.5579,0.0710
8,9,11,1,0.9843,0.9871,0.9976,0.9820,0.0060
8,9,11,2,0.9746,0.9783,1.0000,0.9723,0.0244
8,9,11,3,0.8959,0.8964,0.9306,0.8810,0.0405
8,9,11,4,0.9820,0.9827,0.9860,0.9793,0.0112
8,9,11,5,0.9875,0.9866,0.9999,0.9866,0.0201
8,9,11,6,0.9755,0.9789,0.9992,0.9737,0.0266
8,9,11,7,0.9832,0.9855,0.9985,0.9809,0.0100
8,9,11,8,0.2325,0.5498,0.9582,0.0852,0.0441
8,9,11,9,0.9817,0.9847,0.9996,0.9804,0.0243
8,9,11,10,0.9471,0.9376,0.9421,0.9400,0.0273
8,9,11,11,0.9496,0.9678,0.9906,0.9420,0.0185
8,10,0,0,0.9099,0.9083,0.9634,0.8984,0.0488
8,10,0,1,0.2049,0.3041,0.9971,0.1037,0.0270
8,10,0,2,0.8893,0.8769,0.8785,0.8764,0.0573
8,10,0,3,0.3051,0.3354,0.9792,0.2092,0.0214
8,10,0,4,0.5075,0.5100,0.9817,0.4240,0.0231
8,10,0,5,0.2616,0.3100,0.9899,0.1640,0.0207
8,10,0,6,0.8348,0.8450,0.9768,0.8075,0.0585
8,10,0,7,0.7125,0.7092,0.9051,0.6571,0.0634
8,10,0,8,0.6663,0.6534,0.9539,0.5998,0.0596
8,10,0,9,0.8476,0.8255,0.8013,0.8284,0.0676
8,10,0,10,0.8126,0.7896,0.8621,0.7833,0.0669
8,10,0,11,0.8853,0.8719,0.8990,0.8732,0.0601
8,10,1,0,0.7886,0.7833,0.9774,0.7507,0.0563
8,10,1,1,0.8969,0.8881,0.9895,0.8810,0.0422
8,10,1,2,0.8856,0.8865,0.9855,0.8686,0.0523
8,10,1,3,0.9510,0.9231,0.9178,0.9483,0.0407
8,10,1,4,0.9656,0.9653,0.9884,0.9628,0.0336
8,10,1,5,0.9524,0.9577,0.9974,0.9454,0.0261
8,10,1,6,0.9007,0.9000,0.9972,0.8851,0.0382
8,10,1,7,0.9538,0.9541,0.9937,0.9483,0.0333
8,10,1,8,0.9593,0.9645,0.9695,0.9553,0.0337
8,10,1,9,0.9741,0.9805,0.9960,0.9705,0.0198
8,10,1,10,0.2612,0.6147,0.9138,0.0974,0.0649
8,10,1,11,0.4068,0.3990,0.9917,0.3192,0.0164
8,10,2,0,0.8621,0.8499,0.9568,0.8404,0.0540
8,10,2,1,0.9827,0.9864,0.9983,0.9801,0.0042
8,10,2,2,0.4963,0.6072,0.9581,0.4048,0.0353
8,10,2,3,0.7217,0.7259,0.9877,0.6700,0.0484
8,10,2,4,0.9441,0.9541,0.9991,0.9355,0.0272
8,10,2,5,0.7809,0.7866,0.9599,0.7413,0.0516
8,10,2,6,0.9835,0.9932,0.9973,0.9813,0.0123
8,10,2,7,0.7996,0.8040,0.9467,0.7650,0.0609
8,10,2,8,0.8087,0.7978,0.9483,0.7751,0.0455
8,10,2,9,0.5924,0.6171,0.9515,0.5140,0.0463
8,10,2,10,0.9010,0.8915,0.9657,0.8879,0.0523
8,10,2,11,0.9950,0.9942,0.9997,0.9942,0.0079
8,10,3,0,0.9890,0.9882,0.9926,0.9885,0.0177
8,10,3,1,0.9366,0.9356,0.9515,0.9269,0.0325
8,10,3,2,0.4777,0.5937,0.9709,0.3813,0.0356
8,10,3,3,0.9601,0.9647,0.9999,0.9540,0.0135
8,10,3,4,0.9869,0.9822,0.9935,0.9868,0.0256
8,10,3,5,0.9655,0.9704,0.9948,0.9604,0.0211
8,10,3,6,0.6546,0.6584,0.9461,0.5866,0.0543
8,10,3,7,0.6520,0.6578,0.9850,0.5888,0.0390
8,10,3,8,0.8107,0.7941,0.9087,0.7775,0.0497
8,10,3,9,0.6195,0.7444,0.9572,0.5587,0.0202
8,10,3,10,0.9828,0.9787,0.9988,0.9803,0.0148
8,10,3,11,0.7486,0.7771,0.9936,0.7038,0.0383
8,10,4,0,0.6893,0.6800,0.9462,0.6404,0.0185
8,10,4,1,0.9247,0.9211,0.9619,0.9129,0.0304
8,10,4,2,0.9880,0.9898,0.9988,0.9864,0.0071
8,10,4,3,0.7804,0.8094,0.9935,0.7415,0.0387
8,10,4,4,0.9861,0.9842,0.9999,0.9840,0.0102
8,10,4,5,0.7619,0.7969,0.9932,0.7206,0.0310
8,10,4,6,0.9475,0.9437,0.9851,0.9399,0.0283
8,10,4,7,0.6050,0.6113,0.9859,0.5363,0.0285
8,10,4,8,0.9877,0.9891,0.9944,0.9865,0.0144
8,10,4,9,0.9164,0.9001,0.9040,0.9038,0.0375
8,10,4,10,0.9870,0.9837,0.9950,0.9868,0.0241
8,10,4,11,0.2490,0.4262,0.9928,0.1561,0.0302
8,10,5,0,0.9846,0.9747,0.9919,0.9834,0.0194
8,10,5,1,0.9827,0.9772,0.9922,0.9829,0.0296
8,10,5,2,0.8327,0.8168,0.9319,0.8038,0.0415
8,10,5,3,0.8746,0.8418,0.8786,0.8554,0.0502
8,10,5,4,0.8077,0.7816,0.9476,0.7741,0.0340
8,10,5,5,0.9873,0.9841,0.9952,0.9870,0.0224
8,10,5,6,0.9251,0.9331,0.9955,0.9137,0.0186
8,10,5,7,0.9292,0.9401,0.9921,0.9181,0.0142
8,10,5,8,0.9836,0.9782,0.9968,0.9814,0.0146
8,10,5,9,0.9879,0.9831,0.9946,0.9876,0.0239
8,10,5,10,0.9867,0.9868,0.9997,0.9846,0.0109
8,10,5,11,0.9902,0.9911,0.9984,0.9889,0.0087
8,10,6,0,0.7466,0.7450,0.9142,0.7000,0.0484
8,10,6,1,0.9532,0.9608,0.9973,0.9477,0.0185
8,10,6,2,0.9919,0.9913,0.9991,0.9911,0.0131
8,10,6,3,0.9669,0.9740,0.9972,0.9622,0.0144
8,10,6,4,0.9569,0.9543,0.9997,0.9505,0.0232
8,10,6,5,0.9842,0.9872,0.9999,0.9818,0.0101
8,10,6,6,0.9911,0.9890,0.9959,0.9909,0.0194
8,10,6,7,0.9328,0.9478,0.9999,0.9221,0.0235
8,10,6,8,0.9410,0.9466,0.9986,0.9317,0.0226
8,10,6,9,0.9834,0.9775,0.9934,0.9835,0.0290
8,10,6,10,0.9871,0.9818,0.9931,0.9871,0.0264
8,10,6,11,0.8360,0.8220,0.8989,0.8079,0.0438
8,10,7,0,0.7012,0.7650,0.9937,0.6510,0.0311
8,10,7,1,0.9879,0.9934,0.9957,0.9866,0.0135
8,10,7,2,0.9862,0.9820,0.9929,0.9866,0.0282
8,10,7,3,0.9726,0.9672,0.9999,0.9685,0.0188
8,10,7,4,0.9434,0.9398,0.9997,0.9345,0.0174
8,10,7,5,0.9882,0.9892,0.9996,0.9864,0.0045
8,10,7,6,0.9893,0.9890,0.9947,0.9885,0.0152
8,10,7,7,0.9912,0.9904,0.9946,0.9911,0.0195
8,10,7,8,0.9554,0.9536,0.9964,0.9484,0.0201
8,10,7,9,0.9091,0.8824,0.9489,0.8943,0.0219
8,10,7,10,0.9849,0.9800,0.9949,0.9850,0.0274
8,10,7,11,0.9882,0.9849,0.9941,0.9884,0.0266
8,10,8,0,0.9871,0.9841,0.9998,0.9853,0.0073
8,10,8,1,0.9854,0.9837,0.9955,0.9851,0.0236
8,10,8,2,0.9913,0.9943,0.9995,0.9901,0.0052
8,10,8,3,0.9864,0.9875,0.9964,0.9853,0.0171
8,10,8,4,0.8074,0.8810,0.9532,0.7748,0.0298
8,10,8,5,0.8982,0.8714,0.9842,0.8815,0.0321
8,10,8,6,0.9850,0.9847,0.9937,0.9844,0.0226
8,10,8,7,0.7534,0.7815,0.9826,0.7120,0.0315
8,10,8,8,0.9794,0.9761,0.9998,0.9764,0.0153
8,10,8,9,0.9796,0.9906,0.9981,0.9765,0.0066
8,10,8,10,1.0000,1.0000,1.0000,1.0000,0.0000
8,10,8,11,0.9894,0.9838,0.9944,0.9890,0.0207
8,10,9,0,0.9721,0.9691,0.9951,0.9684,0.0165
8,10,9,1,0.9856,0.9842,0.9970,0.9848,0.0206
8,10,9,2,0.9824,0.9843,0.9966,0.9807,0.0163
8,10,9,3,0.7737,0.7561,0.9215,0.7327,0.0462
8,10,9,4,0.9852,0.9862,0.9949,0.9845,0.0214
8,10,9,5,0.9932,0.9898,0.9964,0.9925,0.0109
8,10,9,6,0.9847,0.9788,0.9929,0.9848,0.0283
8,10,9,7,0.9749,0.9824,0.9982,0.9710,0.0115
8,10,9,8,0.9859,0.9821,0.9937,0.9854,0.0236
8,10,9,9,0.9854,0.9799,0.9937,0.9856,0.0279
8,10,9,10,0.8579,0.8586,0.9805,0.8339,0.0329
8,10,9,11,0.9856,0.9799,0.9939,0.9857,0.0281
8,10,10,0,0.9868,0.9816,0.9931,0.9864,0.0232
8,10,10,1,0.9855,0.9820,0.9933,0.9852,0.0247
8,10,10,2,0.9904,0.9858,0.9961,0.9904,0.0222
8,10,10,3,0.9920,0.9889,1.0000,0.9912,0.0119
8,10,10,4,0.9732,0.9739,1.0000,0.9691,0.0113
8,10,10,5,0.8942,0.8870,0.9968,0.8772,0.0256
8,10,10,6,0.9875,0.9829,0.9941,0.9867,0.0186
8,10,10,7,0.9911,0.9894,0.9976,0.9904,0.0139
8,10,10,8,0.9849,0.9792,0.9938,0.9849,0.0279
8,10,10,9,0.9032,0.8952,0.9969,0.8873,0.0273
8,10,10,10,0.9846,0.9788,0.9934,0.9846,0.0278
8,10,10,11,0.8487,0.8586,0.9979,0.8257,0.0164
8,10,11,0,0.6529,0.6568,0.7888,0.5813,0.0718
8,10,11,1,0.9913,0.9912,1.0000,0.9900,0.0042
8,10,11,2,0.9865,0.9821,0.9981,0.9860,0.0231
8,10,11,3,0.9060,0.9155,0.9516,0.8925,0.0408
8,10,11,4,0.9939,0.9904,0.9945,0.9930,0.0070
8,10,11,5,0.9727,0.9787,0.9990,0.9700,0.0235
8,10,11,6,0.9860,0.9809,0.9948,0.9857,0.0258
8,10,11,7,0.9890,0.9908,1.0000,0.9876,0.0079
8,10,11,8,0.2403,0.5735,0.9741,0.0924,0.0462
8,10,11,9,0.9880,0.9852,0.9958,0.9878,0.0232
8,10,11,10,0.9578,0.9588,0.9612,0.9522,0.0275
8,10,11,11,0.9762,0.9738,0.9972,0.9728,0.0167
8,11,0,0,0.8773,0.8693,0.9297,0.8681,0.0695
8,11,0,1,0.1173,0.1895,0.9835,0.0188,0.0094
8,11,0,2,0.8492,0.8293,0.8231,0.8385,0.0781
8,11,0,3,0.2132,0.2178,0.9523,0.1180,0.0135
8,11,0,4,0.4257,0.4004,0.9560,0.3418,0.0425
8,11,0,5,0.1748,0.1948,0.9694,0.0791,0.0066
8,11,0,6,0.7961,0.7973,0.9487,0.7718,0.0792
8,11,0,7,0.6456,0.6397,0.8552,0.5900,0.0841
8,11,0,8,0.6030,0.5999,0.9169,0.5379,0.0803
8,11,0,9,0.7963,0.7687,0.7336,0.7784,0.0883
8,11,0,10,0.7410,0.7033,0.8038,0.7086,0.0876
8,11,0,11,0.8382,0.8134,0.8478,0.8272,0.0808
8,11,1,0,0.7377,0.7278,0.9496,0.7008,0.0760
8,11,1,1,0.8501,0.8362,0.9687,0.8334,0.0624
8,11,1,2,0.8339,0.8316,0.9621,0.8159,0.0725
8,11,1,3,0.9289,0.8947,0.8707,0.9297,0.0614
8,11,1,4,0.9382,0.9324,0.9669,0.9364,0.0535
8,11,1,5,0.9214,0.9187,0.9842,0.9140,0.0460
8,11,1,6,0.8614,0.8529,0.9837,0.8459,0.0584
8,11,1,7,0.9292,0.9262,0.9763,0.9252,0.0535
8,11,1,8,0.9319,0.9360,0.9382,0.9290,0.0544
8,11,1,9,0.9544,0.9651,0.9810,0.9513,0.0400
8,11,1,10,0.1875,0.5397,0.8658,0.0309,0.0851
8,11,1,11,0.3210,0.2873,0.9726,0.2336,0.0195
8,11,2,0,0.8214,0.8038,0.9208,0.8015,0.0748
8,11,2,1,0.9869,0.9909,0.9989,0.9859,0.0173
8,11,2,2,0.4322,0.5269,0.9225,0.3439,0.0531
8,11,2,3,0.6681,0.6786,0.9657,0.6179,0.0686
8,11,2,4,0.9229,0.9254,0.9891,0.9155,0.0463
8,11,2,5,0.7291,0.7204,0.9249,0.6906,0.0720
8,11,2,6,0.9776,0.9822,0.9995,0.9751,0.0142
8,11,2,7,0.7387,0.7317,0.9074,0.7035,0.0816
8,11,2,8,0.7633,0.7377,0.9094,0.7310,0.0660
8,11,2,9,0.5434,0.5510,0.9137,0.4697,0.0668
8,11,2,10,0.8547,0.8355,0.9329,0.8416,0.0731
8,11,2,11,0.9883,0.9873,0.9968,0.9884,0.0260
8,11,3,0,0.9940,0.9937,0.9999,0.9933,0.0054
8,11,3,1,0.9124,0.8995,0.9137,0.9039,0.0506
8,11,3,2,0.4106,0.5327,0.9402,0.3172,0.0552
8,11,3,3,0.9618,0.9665,0.9928,0.9577,0.0256
8,11,3,4,0.9980,0.9984,1.0000,0.9979,0.0049
8,11,3,5,0.9504,0.9496,0.9784,0.9467,0.0408
8,11,3,6,0.5915,0.5937,0.9066,0.5250,0.0750
8,11,3,7,0.6101,0.5965,0.9612,0.5510,0.0579
8,11,3,8,0.7727,0.7407,0.8596,0.7422,0.0694
8,11,3,9,0.5755,0.7121,0.9213,0.5172,0.0328
8,11,3,10,0.9646,0.9504,0.9983,0.9619,0.0324
8,11,3,11,0.7068,0.7281,0.9762,0.6642,0.0580
8,11,4,0,0.6605,0.6480,0.9068,0.6147,0.0300
8,11,4,1,0.9048,0.8936,0.9276,0.8950,0.0509
8,11,4,2,0.9915,0.9934,0.9984,0.9909,0.0136
8,11,4,3,0.7336,0.7609,0.9759,0.6957,0.0584
8,11,4,4,0.9700,0.9636,0.9930,0.9670,0.0244
8,11,4,5,0.7279,0.7558,0.9753,0.6893,0.0496
8,11,4,6,0.9167,0.9075,0.9614,0.9091,0.0491
8,11,4,7,0.5235,0.5094,0.9628,0.4528,0.0458
8,11,4,8,0.9907,0.9923,1.0000,0.9896,0.0073
8,11,4,9,0.8836,0.8591,0.8538,0.8719,0.0582
8,11,4,10,0.9969,0.9971,1.0000,0.9965,0.0037
8,11,4,11,0.2063,0.3461,0.9999,0.1200,0.0094
8,11,5,0,0.9788,0.9643,0.9998,0.9763,0.0089
8,11,5,1,0.9966,0.9967,0.9998,0.9965,0.0089
8,11,5,2,0.7837,0.7609,0.8883,0.7546,0.0619
8,11,5,3,0.8358,0.7926,0.8232,0.8185,0.0710
8,11,5,4,0.7573,0.7108,0.9086,0.7234,0.0544
8,11,5,5,0.9966,0.9967,1.0000,0.9962,0.0030
8,11,5,6,0.9273,0.9211,0.9999,0.9184,0.0262
8,11,5,7,0.9200,0.9287,0.9732,0.9103,0.0262
8,11,5,8,0.9800,0.9742,0.9997,0.9778,0.0153
8,11,5,9,0.9981,0.9981,1.0000,0.9979,0.0031
8,11,5,10,0.9717,0.9663,0.9968,0.9689,0.0214
8,11,5,11,0.9801,0.9781,0.9988,0.9781,0.0168
8,11,6,0,0.6948,0.6883,0.8663,0.6495,0.0686
8,11,6,1,0.9547,0.9582,0.9995,0.9493,0.0056
8,11,6,2,0.9949,0.9953,0.9979,0.9944,0.0076
8,11,6,3,0.9571,0.9617,0.9995,0.9520,0.0186
8,11,6,4,0.9437,0.9405,0.9967,0.9392,0.0432
8,11,6,5,0.9695,0.9683,0.9956,0.9670,0.0285
8,11,6,6,0.9971,0.9972,0.9999,0.9967,0.0024
8,11,6,7,0.9063,0.9100,0.9959,0.8959,0.0426
8,11,6,8,0.9195,0.9155,0.9874,0.9109,0.0430
8,11,6,9,0.9967,0.9965,1.0000,0.9966,0.0083
8,11,6,10,0.9977,0.9976,0.9999,0.9976,0.0056
8,11,6,11,0.7973,0.7751,0.8476,0.7712,0.0645
8,11,7,0,0.6891,0.7420,0.9762,0.6454,0.0445
8,11,7,1,0.9868,0.9889,0.9999,0.9854,0.0098
8,11,7,2,0.9965,0.9960,0.9999,0.9963,0.0075
8,11,7,3,0.9470,0.9330,0.9930,0.9422,0.0390
8,11,7,4,0.9194,0.9052,0.9966,0.9098,0.0319
8,11,7,5,0.9866,0.9874,0.9909,0.9861,0.0234
8,11,7,6,0.9949,0.9958,1.0000,0.9943,0.0055
8,11,7,7,0.9937,0.9927,1.0000,0.9929,0.0035
8,11,7,8,0.9323,0.9232,0.9820,0.9251,0.0376
8,11,7,9,0.8836,0.8465,0.9103,0.8694,0.0413
8,11,7,10,0.9971,0.9967,1.0000,0.9969,0.0067
8,11,7,11,0.9972,0.9965,1.0000,0.9969,0.0064
8,11,8,0,0.9910,0.9911,0.9920,0.9903,0.0139
8,11,8,1,0.9938,0.9941,0.9999,0.9931,0.0055
8,11,8,2,0.9906,0.9916,0.9973,0.9900,0.0171
8,11,8,3,0.9923,0.9940,0.9998,0.9914,0.0045
8,11,8,4,0.7877,0.8527,0.9160,0.7588,0.0471
8,11,8,5,0.8677,0.8280,0.9601,0.8519,0.0523
8,11,8,6,0.9935,0.9945,1.0000,0.9928,0.0047
8,11,8,7,0.7461,0.7695,0.9574,0.7110,0.0446
8,11,8,8,0.9681,0.9638,0.9919,0.9664,0.0358
8,11,8,9,0.9724,0.9778,0.9991,0.9695,0.0215
8,11,8,10,0.9894,0.9838,0.9944,0.9890,0.0207
8,11,8,11,1.0000,1.0000,1.0000,1.0000,0.0000
8,11,9,0,0.9789,0.9813,1.0000,0.9764,0.0150
8,11,9,1,0.9933,0.9942,0.9996,0.9925,0.0046
8,11,9,2,0.9899,0.9916,0.9997,0.9887,0.0060
8,11,9,3,0.7405,0.7112,0.8754,0.7039,0.0666
8,11,9,4,0.9937,0.9951,1.0000,0.9930,0.0041
8,11,9,5,0.9963,0.9961,0.9998,0.9961,0.0098
8,11,9,6,0.9977,0.9975,0.9999,0.9977,0.0076
8,11,9,7,0.9667,0.9713,0.9989,0.9633,0.0257
8,11,9,8,0.9979,0.9984,1.0000,0.9977,0.0031
8,11,9,9,0.9975,0.9973,1.0000,0.9973,0.0072
8,11,9,10,0.8193,0.8043,0.9542,0.7957,0.0534
8,11,9,11,0.9979,0.9979,1.0000,0.9978,0.0073
8,11,10,0,0.9987,0.9985,0.9999,0.9985,0.0025
8,11,10,1,0.9969,0.9969,1.0000,0.9966,0.0039
8,11,10,2,0.9975,0.9970,0.9998,0.9972,0.0017
8,11,10,3,0.9933,0.9910,0.9946,0.9926,0.0091
8,11,10,4,0.9777,0.9762,0.9941,0.9756,0.0231
8,11,10,5,0.8641,0.8394,0.9828,0.8467,0.0376
8,11,10,6,0.9979,0.9980,1.0000,0.9976,0.0021
8,11,10,7,0.9967,0.9962,0.9994,0.9964,0.0068
8,11,10,8,0.9974,0.9972,1.0000,0.9972,0.0072
8,11,10,9,0.8705,0.8413,0.9830,0.8550,0.0472
8,11,10,10,0.9978,0.9974,1.0000,0.9977,0.0071
8,11,10,11,0.8515,0.8624,0.9856,0.8325,0.0243
8,11,11,0,0.5796,0.5923,0.7195,0.5078,0.0925
8,11,11,1,0.9920,0.9921,0.9936,0.9918,0.0181
8,11,11,2,0.9973,0.9970,0.9990,0.9970,0.0039
8,11,11,3,0.8910,0.8911,0.9138,0.8826,0.0615
8,11,11,4,0.9908,0.9876,0.9778,0.9911,0.0235
8,11,11,5,0.9758,0.9788,0.9982,0.9730,0.0088
8,11,11,6,0.9978,0.9976,1.0000,0.9976,0.0051
8,11,11,7,0.9887,0.9887,0.9951,0.9877,0.0131
8,11,11,8,0.1645,0.4988,0.9448,0.0230,0.0651
8,11,11,9,0.9964,0.9966,0.9999,0.9960,0.0030
8,11,11,10,0.9408,0.9317,0.9266,0.9375,0.0483
8,11,11,11,0.9620,0.9555,0.9837,0.9596,0.0374
9,0,0,0,0.8905,0.8884,0.9320,0.8791,0.0577
9,0,0,1,0.1484,0.2233,0.9846,0.0466,0.0194
9,0,0,2,0.8619,0.8451,0.8267,0.8480,0.0662
9,0,0,3,0.2532,0.2538,0.9543,0.1564,0.0072
9,0,0,4,0.4721,0.4498,0.9579,0.3888,0.0296
9,0,0,5,0.2080,0.2263,0.9709,0.1097,0.0136
9,0,0,6,0.8231,0.8264,0.9507,0.7985,0.0664
9,0,0,7,0.6865,0.6879,0.8585,0.6322,0.0707
9,0,0,8,0.6205,0.6175,0.9195,0.5511,0.0677
9,0,0,9,0.8104,0.7852,0.7380,0.7885,0.0757
9,0,0,10,0.7610,0.7232,0.8076,0.7257,0.0742
9,0,0,11,0.8575,0.8343,0.8511,0.8444,0.0687
9,0,1,0,0.7616,0.7653,0.9516,0.7235,0.0626
9,0,1,1,0.8616,0.8610,0.9703,0.8425,0.0491
9,0,1,2,0.8586,0.8557,0.9639,0.8404,0.0615
9,0,1,3,0.9242,0.8924,0.8739,0.9196,0.0475
9,0,1,4,0.9402,0.9352,0.9685,0.9354,0.0451
9,0,1,5,0.9144,0.9227,0.9853,0.9030,0.0324
9,0,1,6,0.8710,0.8803,0.9848,0.8531,0.0442
9,0,1,7,0.9313,0.9314,0.9777,0.9242,0.0438
9,0,1,8,0.9294,0.9376,0.9404,0.9225,0.0434
9,0,1,9,0.9455,0.9576,0.9822,0.9387,0.0290
9,0,1,10,0.2322,0.5741,0.8690,0.0734,0.0731
9,0,1,11,0.3536,0.3193,0.9741,0.2642,0.0098
9,0,2,0,0.8390,0.8328,0.9233,0.8173,0.0617
9,0,2,1,0.9642,0.9789,0.9992,0.9593,0.0134
9,0,2,2,0.4858,0.5981,0.9250,0.3993,0.0384
9,0,2,3,0.6925,0.7275,0.9674,0.6407,0.0555
9,0,2,4,0.9064,0.9230,0.9900,0.8935,0.0321
9,0,2,5,0.7704,0.7696,0.9273,0.7341,0.0584
9,0,2,6,0.9537,0.9617,0.9997,0.9474,0.0073
9,0,2,7,0.7745,0.7672,0.9101,0.7403,0.0693
9,0,2,8,0.8006,0.7867,0.9121,0.7700,0.0521
9,0,2,9,0.6072,0.6150,0.9163,0.5385,0.0531
9,0,2,10,0.8805,0.8600,0.9352,0.8674,0.0618
9,0,2,11,0.9761,0.9766,0.9973,0.9732,0.0234
9,0,3,0,0.9672,0.9737,0.9998,0.9632,0.0125
9,0,3,1,0.9067,0.9086,0.9163,0.8942,0.0359
9,0,3,2,0.4602,0.5966,0.9424,0.3678,0.0421
9,0,3,3,0.9713,0.9704,0.9936,0.9674,0.0130
9,0,3,4,0.9692,0.9726,0.9999,0.9660,0.0195
9,0,3,5,0.9357,0.9447,0.9797,0.9274,0.0311
9,0,3,6,0.6228,0.6468,0.9093,0.5551,0.0622
9,0,3,7,0.6749,0.6556,0.9630,0.6213,0.0437
9,0,3,8,0.7930,0.7820,0.8628,0.7610,0.0547
9,0,3,9,0.6193,0.7645,0.9238,0.5627,0.0194
9,0,3,10,0.9540,0.9496,0.9987,0.9480,0.0203
9,0,3,11,0.7150,0.7558,0.9776,0.6686,0.0443
9,0,4,0,0.7566,0.7351,0.9095,0.7210,0.0164
9,0,4,1,0.9034,0.9088,0.9300,0.8903,0.0370
9,0,4,2,0.9733,0.9866,0.9988,0.9697,0.0129
9,0,4,3,0.7579,0.7745,0.9773,0.7192,0.0450
9,0,4,4,0.9459,0.9423,0.9938,0.9383,0.0139
9,0,4,5,0.7408,0.7936,0.9767,0.6999,0.0349
9,0,4,6,0.9123,0.9038,0.9631,0.9009,0.0380
9,0,4,7,0.5790,0.5544,0.9645,0.5112,0.0311
9,0,4,8,0.9636,0.9692,1.0000,0.9589,0.0102
9,0,4,9,0.8747,0.8580,0.8571,0.8575,0.0441
9,0,4,10,0.9675,0.9704,1.0000,0.9640,0.0181
9,0,4,11,0.2607,0.4091,0.9998,0.1748,0.0241
9,0,5,0,0.9481,0.9402,0.9996,0.9415,0.0087
9,0,5,1,0.9653,0.9684,0.9997,0.9624,0.0236
9,0,5,2,0.7924,0.7761,0.8913,0.7600,0.0483
9,0,5,3,0.8628,0.8250,0.8269,0.8457,0.0586
9,0,5,4,0.8135,0.7596,0.9112,0.7849,0.0397
9,0,5,5,0.9673,0.9732,1.0000,0.9637,0.0164
9,0,5,6,0.9056,0.9253,1.0000,0.8923,0.0129
9,0,5,7,0.9478,0.9451,0.9747,0.9405,0.0147
9,0,5,8,0.9596,0.9632,0.9998,0.9541,0.0070
9,0,5,9,0.9707,0.9723,1.0000,0.9675,0.0181
9,0,5,10,0.9512,0.9487,0.9973,0.9443,0.0117
9,0,5,11,0.9558,0.9564,0.9991,0.9497,0.0089
9,0,6,0,0.7347,0.7306,0.8695,0.6911,0.0542
9,0,6,1,0.9234,0.9321,0.9997,0.9138,0.0117
9,0,6,2,0.9675,0.9741,0.9983,0.9632,0.0129
9,0,6,3,0.9235,0.9313,0.9997,0.9130,0.0105
9,0,6,4,0.9542,0.9559,0.9972,0.9491,0.0290
9,0,6,5,0.9455,0.9487,0.9962,0.9380,0.0201
9,0,6,6,0.9693,0.9737,1.0000,0.9656,0.0139
9,0,6,7,0.9087,0.9089,0.9964,0.8960,0.0314
9,0,6,8,0.9065,0.9138,0.9884,0.8934,0.0289
9,0,6,9,0.9657,0.9676,0.9999,0.9626,0.0230
9,0,6,10,0.9692,0.9706,0.9998,0.9660,0.0203
9,0,6,11,0.8249,0.8115,0.8510,0.7990,0.0506
9,0,7,0,0.7321,0.8085,0.9776,0.6908,0.0300
9,0,7,1,0.9631,0.9667,1.0000,0.9582,0.0077
9,0,7,2,0.9654,0.9673,0.9998,0.9622,0.0222
9,0,7,3,0.9440,0.9363,0.9938,0.9367,0.0277
9,0,7,4,0.8883,0.9028,0.9971,0.8722,0.0203
9,0,7,5,0.9692,0.9734,0.9918,0.9650,0.0194
9,0,7,6,0.9707,0.9732,1.0000,0.9669,0.0110
9,0,7,7,0.9643,0.9655,1.0000,0.9601,0.0135
9,0,7,8,0.9378,0.9318,0.9832,0.9294,0.0230
9,0,7,9,0.8809,0.8543,0.9130,0.8635,0.0272
9,0,7,10,0.9665,0.9683,1.0000,0.9632,0.0214
9,0,7,11,0.9678,0.9701,1.0000,0.9646,0.0206
9,0,8,0,0.9700,0.9742,0.9928,0.9658,0.0144
9,0,8,1,0.9621,0.9654,1.0000,0.9580,0.0176
9,0,8,2,0.9687,0.9745,0.9977,0.9643,0.0144
9,0,8,3,0.9656,0.9699,0.9999,0.9613,0.0118
9,0,8,4,0.8004,0.8729,0.9185,0.7698,0.0324
9,0,8,5,0.8794,0.8594,0.9619,0.8622,0.0397
9,0,8,6,0.9636,0.9667,0.9999,0.9595,0.0165
9,0,8,7,0.8146,0.8337,0.9593,0.7865,0.0304
9,0,8,8,0.9763,0.9747,0.9927,0.9740,0.0261
9,0,8,9,0.9474,0.9560,0.9993,0.9401,0.0150
9,0,8,10,0.9721,0.9691,0.9951,0.9684,0.0165
9,0,8,11,0.9789,0.9813,1.0000,0.9764,0.0150
9,0,9,0,1.0000,1.0000,1.0000,1.0000,0.0000
9,0,9,1,0.9645,0.9685,0.9998,0.9604,0.0151
9,0,9,2,0.9689,0.9730,0.9999,0.9649,0.0094
9,0,9,3,0.7791,0.7649,0.8785,0.7443,0.0535
9,0,9,4,0.9669,0.9711,1.0000,0.9632,0.0156
9,0,9,5,0.9846,0.9850,0.9999,0.9826,0.0101
9,0,9,6,0.9684,0.9700,0.9998,0.9655,0.0223
9,0,9,7,0.9480,0.9603,0.9992,0.9408,0.0131
9,0,9,8,0.9704,0.9745,0.9999,0.9672,0.0178
9,0,9,9,0.9679,0.9696,0.9999,0.9649,0.0219
9,0,9,10,0.8221,0.8330,0.9561,0.7949,0.0405
9,0,9,11,0.9689,0.9710,0.9999,0.9659,0.0220
9,0,10,0,0.9757,0.9771,0.9998,0.9731,0.0174
9,0,10,1,0.9680,0.9698,0.9999,0.9645,0.0186
9,0,10,2,0.9705,0.9711,0.9999,0.9671,0.0161
9,0,10,3,0.9649,0.9671,0.9953,0.9602,0.0104
9,0,10,4,0.9887,0.9898,0.9948,0.9873,0.0108
9,0,10,5,0.8254,0.8304,0.9839,0.7996,0.0253
9,0,10,6,0.9786,0.9800,1.0000,0.9761,0.0131
9,0,10,7,0.9802,0.9822,0.9996,0.9776,0.0105
9,0,10,8,0.9676,0.9692,0.9999,0.9645,0.0219
9,0,10,9,0.8421,0.8454,0.9842,0.8184,0.0344
9,0,10,10,0.9688,0.9702,0.9999,0.9659,0.0218
9,0,10,11,0.9226,0.9235,0.9867,0.9118,0.0106
9,0,11,0,0.6002,0.6193,0.7239,0.5238,0.0796
9,0,11,1,0.9771,0.9783,0.9943,0.9740,0.0152
9,0,11,2,0.9683,0.9702,0.9993,0.9647,0.0184
9,0,11,3,0.9196,0.9220,0.9164,0.9126,0.0484
9,0,11,4,0.9719,0.9710,0.9791,0.9683,0.0227
9,0,11,5,0.9444,0.9510,0.9985,0.9376,0.0125
9,0,11,6,0.9692,0.9706,1.0000,0.9660,0.0201
9,0,11,7,0.9652,0.9739,0.9957,0.9604,0.0102
9,0,11,8,0.2095,0.5404,0.9469,0.0658,0.0517
9,0,11,9,0.9671,0.9693,1.0000,0.9634,0.0177
9,0,11,10,0.9572,0.9531,0.9290,0.9538,0.0344
9,0,11,11,0.9626,0.9673,0.9849,0.9584,0.0245
9,1,0,0,0.8670,0.8698,0.9399,0.8563,0.0694
9,1,0,1,0.1237,0.1987,0.9883,0.0267,0.0070
9,1,0,2,0.8461,0.8310,0.8391,0.8353,0.0779
9,1,0,3,0.2163,0.2254,0.9607,0.1222,0.0113
9,1,0,4,0.4205,0.4011,0.9641,0.3365,0.0424
9,1,0,5,0.1794,0.2055,0.9760,0.0850,0.0033
9,1,0,6,0.7845,0.7913,0.9574,0.7584,0.0791
9,1,0,7,0.6413,0.6334,0.8697,0.5856,0.0840
9,1,0,8,0.6053,0.6063,0.9280,0.5417,0.0802
9,1,0,9,0.7962,0.7734,0.7529,0.7791,0.0882
9,1,0,10,0.7409,0.7120,0.8206,0.7093,0.0875
9,1,0,11,0.8342,0.8144,0.8627,0.8230,0.0807
9,1,1,0,0.7265,0.7259,0.9583,0.6881,0.0761
9,1,1,1,0.8482,0.8326,0.9754,0.8315,0.0626
9,1,1,2,0.8329,0.8291,0.9696,0.8153,0.0727
9,1,1,3,0.9249,0.8965,0.8845,0.9254,0.0613
9,1,1,4,0.9363,0.9317,0.9738,0.9346,0.0537
9,1,1,5,0.9219,0.9195,0.9889,0.9148,0.0459
9,1,1,6,0.8468,0.8558,0.9884,0.8292,0.0585
9,1,1,7,0.9255,0.9238,0.9821,0.9212,0.0534
9,1,1,8,0.9350,0.9374,0.9477,0.9330,0.0543
9,1,1,9,0.9565,0.9649,0.9861,0.9539,0.0401
9,1,1,10,0.1844,0.5470,0.8798,0.0284,0.0853
9,1,1,11,0.3195,0.2950,0.9789,0.2325,0.0194
9,1,2,0,0.8148,0.8004,0.9316,0.7941,0.0746
9,1,2,1,0.9835,0.9877,0.9998,0.9821,0.0174
9,1,2,2,0.4281,0.5179,0.9332,0.3398,0.0533
9,1,2,3,0.6596,0.6712,0.9728,0.6085,0.0687
9,1,2,4,0.9206,0.9274,0.9929,0.9131,0.0464
9,1,2,5,0.7233,0.7125,0.9355,0.6842,0.0719
9,1,2,6,0.9860,0.9874,1.0000,0.9846,0.0143
9,1,2,7,0.7329,0.7295,0.9191,0.6972,0.0815
9,1,2,8,0.7566,0.7269,0.9210,0.7235,0.0659
9,1,2,9,0.5249,0.5425,0.9250,0.4486,0.0666
9,1,2,10,0.8508,0.8331,0.9429,0.8374,0.0729
9,1,2,11,0.9849,0.9838,0.9987,0.9847,0.0264
9,1,3,0,0.9898,0.9915,0.9990,0.9886,0.0060
9,1,3,1,0.9135,0.8987,0.9250,0.9055,0.0505
9,1,3,2,0.4116,0.5302,0.9496,0.3193,0.0551
9,1,3,3,0.9536,0.9611,0.9958,0.9485,0.0254
9,1,3,4,0.9942,0.9954,0.9993,0.9936,0.0050
9,1,3,5,0.9557,0.9544,0.9840,0.9531,0.0409
9,1,3,6,0.5905,0.5906,0.9184,0.5246,0.0749
9,1,3,7,0.5980,0.5897,0.9688,0.5374,0.0577
9,1,3,8,0.7725,0.7321,0.8739,0.7426,0.0693
9,1,3,9,0.5845,0.7058,0.9321,0.5280,0.0329
9,1,3,10,0.9619,0.9462,0.9996,0.9589,0.0325
9,1,3,11,0.7065,0.7254,0.9820,0.6644,0.0581
9,1,4,0,0.6316,0.6310,0.9185,0.5822,0.0299
9,1,4,1,0.8928,0.9009,0.9380,0.8814,0.0508
9,1,4,2,0.9894,0.9892,0.9996,0.9886,0.0143
9,1,4,3,0.7334,0.7719,0.9817,0.6959,0.0582
9,1,4,4,0.9757,0.9691,0.9960,0.9736,0.0243
9,1,4,5,0.7092,0.7498,0.9812,0.6681,0.0497
9,1,4,6,0.9241,0.9145,0.9689,0.9179,0.0489
9,1,4,7,0.5198,0.5082,0.9701,0.4491,0.0459
9,1,4,8,0.9956,0.9949,0.9996,0.9952,0.0083
9,1,4,9,0.8961,0.8691,0.8684,0.8870,0.0581
9,1,4,10,0.9959,0.9968,0.9997,0.9955,0.0041
9,1,4,11,0.1964,0.3478,0.9991,0.1097,0.0096
9,1,5,0,0.9726,0.9716,0.9987,0.9694,0.0077
9,1,5,1,0.9932,0.9946,0.9988,0.9926,0.0091
9,1,5,2,0.7999,0.7762,0.9012,0.7743,0.0618
9,1,5,3,0.8204,0.7944,0.8392,0.8006,0.0708
9,1,5,4,0.7531,0.7032,0.9202,0.7189,0.0543
9,1,5,5,0.9928,0.9937,0.9998,0.9920,0.0026
9,1,5,6,0.9245,0.9177,0.9998,0.9154,0.0261
9,1,5,7,0.9226,0.9331,0.9795,0.9135,0.0261
9,1,5,8,0.9705,0.9727,1.0000,0.9672,0.0152
9,1,5,9,0.9958,0.9962,0.9996,0.9953,0.0043
9,1,5,10,0.9743,0.9711,0.9987,0.9719,0.0213
9,1,5,11,0.9846,0.9810,0.9998,0.9832,0.0167
9,1,6,0,0.6881,0.6876,0.8803,0.6422,0.0687
9,1,6,1,0.9774,0.9787,1.0000,0.9748,0.0042
9,1,6,2,0.9924,0.9934,0.9994,0.9917,0.0101
9,1,6,3,0.9723,0.9742,1.0000,0.9692,0.0182
9,1,6,4,0.9268,0.9319,0.9986,0.9200,0.0430
9,1,6,5,0.9773,0.9740,0.9979,0.9761,0.0283
9,1,6,6,0.9951,0.9954,0.9999,0.9945,0.0054
9,1,6,7,0.9182,0.9189,0.9981,0.9099,0.0428
9,1,6,8,0.9194,0.9217,0.9915,0.9111,0.0429
9,1,6,9,0.9933,0.9950,0.9993,0.9927,0.0084
9,1,6,10,0.9958,0.9963,0.9992,0.9954,0.0058
9,1,6,11,0.7833,0.7812,0.8625,0.7550,0.0644
9,1,7,0,0.6589,0.7222,0.9821,0.6111,0.0443
9,1,7,1,0.9928,0.9930,0.9999,0.9921,0.0097
9,1,7,2,0.9935,0.9959,0.9991,0.9930,0.0076
9,1,7,3,0.9354,0.9397,0.9960,0.9292,0.0388
9,1,7,4,0.9171,0.9204,0.9986,0.9073,0.0320
9,1,7,5,0.9872,0.9872,0.9944,0.9869,0.0232
9,1,7,6,0.9961,0.9966,0.9997,0.9957,0.0070
9,1,7,7,0.9969,0.9958,0.9996,0.9965,0.0034
9,1,7,8,0.9378,0.9306,0.9870,0.9317,0.0375
9,1,7,9,0.8690,0.8693,0.9218,0.8529,0.0412
9,1,7,10,0.9951,0.9958,0.9997,0.9947,0.0068
9,1,7,11,0.9935,0.9957,0.9995,0.9929,0.0060
9,1,8,0,0.9848,0.9890,0.9952,0.9834,0.0148
9,1,8,1,0.9991,0.9992,0.9998,0.9990,0.0030
9,1,8,2,0.9910,0.9916,0.9990,0.9905,0.0177
9,1,8,3,0.9965,0.9974,1.0000,0.9961,0.0041
9,1,8,4,0.7755,0.8542,0.9271,0.7451,0.0470
9,1,8,5,0.8427,0.8417,0.9677,0.8232,0.0522
9,1,8,6,0.9981,0.9983,0.9994,0.9979,0.0025
9,1,8,7,0.7129,0.7450,0.9653,0.6733,0.0447
9,1,8,8,0.9532,0.9559,0.9951,0.9495,0.0357
9,1,8,9,0.9836,0.9859,0.9999,0.9824,0.0216
9,1,8,10,0.9856,0.9842,0.9970,0.9848,0.0206
9,1,8,11,0.9933,0.9942,0.9996,0.9925,0.0046
9,1,9,0,0.9645,0.9685,0.9998,0.9604,0.0151
9,1,9,1,1.0000,1.0000,1.0000,1.0000,0.0000
9,1,9,2,0.9963,0.9972,1.0000,0.9959,0.0062
9,1,9,3,0.7133,0.7085,0.8889,0.6722,0.0665
9,1,9,4,0.9975,0.9982,0.9997,0.9972,0.0016
9,1,9,5,0.9892,0.9905,1.0000,0.9880,0.0108
9,1,9,6,0.9954,0.9959,0.9991,0.9950,0.0077
9,1,9,7,0.9704,0.9731,0.9999,0.9677,0.0256
9,1,9,8,0.9952,0.9959,0.9994,0.9946,0.0038
9,1,9,9,0.9964,0.9968,0.9994,0.9961,0.0073
9,1,9,10,0.8071,0.8124,0.9624,0.7820,0.0533
9,1,9,11,0.9947,0.9956,0.9994,0.9943,0.0075
9,1,10,0,0.9949,0.9959,0.9992,0.9943,0.0045
9,1,10,1,0.9974,0.9975,0.9993,0.9971,0.0041
9,1,10,2,0.9960,0.9968,0.9999,0.9955,0.0052
9,1,10,3,0.9916,0.9934,0.9972,0.9908,0.0100
9,1,10,4,0.9660,0.9659,0.9968,0.9625,0.0230
9,1,10,5,0.8635,0.8667,0.9877,0.8463,0.0375
9,1,10,6,0.9933,0.9948,0.9995,0.9925,0.0046
9,1,10,7,0.9942,0.9942,1.0000,0.9937,0.0093
9,1,10,8,0.9954,0.9959,0.9994,0.9950,0.0073
9,1,10,9,0.8642,0.8575,0.9879,0.8481,0.0471
9,1,10,10,0.9954,0.9960,0.9993,0.9950,0.0072
9,1,10,11,0.8261,0.8380,0.9901,0.8040,0.0241
9,1,11,0,0.5764,0.6050,0.7391,0.5049,0.0924
9,1,11,1,0.9912,0.9918,0.9964,0.9910,0.0180
9,1,11,2,0.9958,0.9964,0.9999,0.9953,0.0051
9,1,11,3,0.8807,0.8870,0.9251,0.8709,0.0614
9,1,11,4,0.9894,0.9870,0.9834,0.9896,0.0241
9,1,11,5,0.9920,0.9932,0.9995,0.9910,0.0055
9,1,11,6,0.9964,0.9968,0.9997,0.9960,0.0058
9,1,11,7,0.9902,0.9893,0.9976,0.9894,0.0132
9,1,11,8,0.1631,0.5041,0.9538,0.0224,0.0652
9,1,11,9,0.9975,0.9978,0.9999,0.9972,0.0031
9,1,11,10,0.9384,0.9285,0.9371,0.9349,0.0481
9,1,11,11,0.9496,0.9549,0.9885,0.9456,0.0373
9,2,0,0,0.8741,0.8764,0.9380,0.8623,0.0635
9,2,0,1,0.1359,0.2051,0.9874,0.0368,0.0121
9,2,0,2,0.8578,0.8370,0.8361,0.8465,0.0720
9,2,0,3,0.2323,0.2334,0.9592,0.1368,0.0104
9,2,0,4,0.4390,0.4168,0.9626,0.3544,0.0365
9,2,0,5,0.1913,0.2112,0.9749,0.0948,0.0071
9,2,0,6,0.8034,0.7992,0.9559,0.7782,0.0732
9,2,0,7,0.6606,0.6465,0.8671,0.6052,0.0781
9,2,0,8,0.6180,0.6108,0.9260,0.5529,0.0742
9,2,0,9,0.8074,0.7756,0.7493,0.7891,0.0823
9,2,0,10,0.7518,0.7163,0.8175,0.7188,0.0816
9,2,0,11,0.8493,0.8191,0.8599,0.8382,0.0748
9,2,1,0,0.7356,0.7365,0.9567,0.6958,0.0699
9,2,1,1,0.8567,0.8394,0.9742,0.8393,0.0564
9,2,1,2,0.8451,0.8355,0.9682,0.8273,0.0665
9,2,1,3,0.9276,0.8935,0.8820,0.9263,0.0554
9,2,1,4,0.9436,0.9337,0.9726,0.9413,0.0485
9,2,1,5,0.9292,0.9237,0.9880,0.9218,0.0400
9,2,1,6,0.8537,0.8670,0.9876,0.8351,0.0523
9,2,1,7,0.9339,0.9276,0.9811,0.9293,0.0480
9,2,1,8,0.9403,0.9406,0.9460,0.9375,0.0484
9,2,1,9,0.9578,0.9663,0.9852,0.9544,0.0340
9,2,1,10,0.2029,0.5469,0.8773,0.0448,0.0791
9,2,1,11,0.3310,0.3028,0.9778,0.2423,0.0153
9,2,2,0,0.8214,0.8097,0.9297,0.7992,0.0687
9,2,2,1,0.9847,0.9879,0.9997,0.9829,0.0126
9,2,2,2,0.4476,0.5321,0.9313,0.3588,0.0471
9,2,2,3,0.6678,0.6805,0.9715,0.6150,0.0626
9,2,2,4,0.9229,0.9292,0.9922,0.9143,0.0403
9,2,2,5,0.7419,0.7265,0.9336,0.7034,0.0660
9,2,2,6,0.9872,0.9873,1.0000,0.9856,0.0084
9,2,2,7,0.7535,0.7384,0.9170,0.7187,0.0756
9,2,2,8,0.7761,0.7430,0.9189,0.7440,0.0600
9,2,2,9,0.5546,0.5580,0.9230,0.4800,0.0607
9,2,2,10,0.8642,0.8391,0.9410,0.8508,0.0670
9,2,2,11,0.9856,0.9834,0.9984,0.9848,0.0228
9,2,3,0,0.9843,0.9890,0.9992,0.9824,0.0067
9,2,3,1,0.9190,0.9045,0.9230,0.9103,0.0446
9,2,3,2,0.4236,0.5410,0.9479,0.3294,0.0492
9,2,3,3,0.9572,0.9614,0.9953,0.9519,0.0195
9,2,3,4,0.9888,0.9910,0.9995,0.9877,0.0109
9,2,3,5,0.9618,0.9579,0.9830,0.9590,0.0350
9,2,3,6,0.6063,0.6032,0.9163,0.5397,0.0690
9,2,3,7,0.6216,0.5999,0.9674,0.5620,0.0518
9,2,3,8,0.7865,0.7469,0.8713,0.7565,0.0634
9,2,3,9,0.6016,0.7253,0.9301,0.5451,0.0268
9,2,3,10,0.9626,0.9486,0.9994,0.9588,0.0264
9,2,3,11,0.7144,0.7313,0.9810,0.6710,0.0519
9,2,4,0,0.6455,0.6539,0.9164,0.5959,0.0240
9,2,4,1,0.8903,0.9117,0.9361,0.8768,0.0449
9,2,4,2,0.9879,0.9901,0.9995,0.9865,0.0110
9,2,4,3,0.7466,0.7737,0.9807,0.7088,0.0523
9,2,4,4,0.9730,0.9660,0.9955,0.9699,0.0184
9,2,4,5,0.7122,0.7583,0.9802,0.6691,0.0436
9,2,4,6,0.9288,0.9150,0.9675,0.9219,0.0430
9,2,4,7,0.5440,0.5199,0.9688,0.4740,0.0397
9,2,4,8,0.9933,0.9934,0.9997,0.9925,0.0047
9,2,4,9,0.8995,0.8712,0.8657,0.8891,0.0522
9,2,4,10,0.9918,0.9928,0.9998,0.9910,0.0094
9,2,4,11,0.2195,0.3569,0.9993,0.1323,0.0155
9,2,5,0,0.9649,0.9730,0.9990,0.9605,0.0050
9,2,5,1,0.9862,0.9892,0.9991,0.9852,0.0150
9,2,5,2,0.8033,0.7774,0.8988,0.7759,0.0559
9,2,5,3,0.8265,0.8079,0.8363,0.8050,0.0649
9,2,5,4,0.7661,0.7164,0.9181,0.7317,0.0484
9,2,5,5,0.9865,0.9895,0.9999,0.9850,0.0077
9,2,5,6,0.9232,0.9196,0.9999,0.9131,0.0202
9,2,5,7,0.9306,0.9373,0.9783,0.9217,0.0202
9,2,5,8,0.9657,0.9725,1.0000,0.9614,0.0101
9,2,5,9,0.9910,0.9922,0.9998,0.9900,0.0092
9,2,5,10,0.9722,0.9700,0.9984,0.9690,0.0153
9,2,5,11,0.9834,0.9786,0.9997,0.9814,0.0110
9,2,6,0,0.6993,0.6988,0.8777,0.6523,0.0626
9,2,6,1,0.9835,0.9843,1.0000,0.9815,0.0035
9,2,6,2,0.9883,0.9914,0.9992,0.9868,0.0084
9,2,6,3,0.9731,0.9725,1.0000,0.9697,0.0134
9,2,6,4,0.9330,0.9381,0.9983,0.9257,0.0371
9,2,6,5,0.9786,0.9731,0.9975,0.9768,0.0230
9,2,6,6,0.9900,0.9912,1.0000,0.9888,0.0058
9,2,6,7,0.9262,0.9230,0.9977,0.9177,0.0366
9,2,6,8,0.9180,0.9246,0.9908,0.9081,0.0370
9,2,6,9,0.9864,0.9896,0.9995,0.9853,0.0143
9,2,6,10,0.9905,0.9915,0.9994,0.9896,0.0117
9,2,6,11,0.7854,0.7950,0.8598,0.7549,0.0585
9,2,7,0,0.6669,0.7339,0.9810,0.6179,0.0384
9,2,7,1,0.9927,0.9915,1.0000,0.9918,0.0041
9,2,7,2,0.9863,0.9912,0.9993,0.9852,0.0135
9,2,7,3,0.9309,0.9463,0.9955,0.9227,0.0329
9,2,7,4,0.9093,0.9300,0.9983,0.8974,0.0261
9,2,7,5,0.9868,0.9874,0.9938,0.9858,0.0197
9,2,7,6,0.9961,0.9956,0.9998,0.9956,0.0047
9,2,7,7,0.9938,0.9932,0.9998,0.9931,0.0056
9,2,7,8,0.9451,0.9399,0.9861,0.9390,0.0316
9,2,7,9,0.8625,0.8835,0.9197,0.8438,0.0353
9,2,7,10,0.9890,0.9907,0.9998,0.9881,0.0127
9,2,7,11,0.9870,0.9919,0.9997,0.9857,0.0119
9,2,8,0,0.9809,0.9874,0.9947,0.9786,0.0118
9,2,8,1,0.9954,0.9963,0.9999,0.9951,0.0089
9,2,8,2,0.9907,0.9909,0.9987,0.9898,0.0134
9,2,8,3,0.9960,0.9957,1.0000,0.9955,0.0034
9,2,8,4,0.7783,0.8630,0.9251,0.7463,0.0411
9,2,8,5,0.8397,0.8606,0.9663,0.8178,0.0463
9,2,8,6,0.9961,0.9959,0.9996,0.9958,0.0079
9,2,8,7,0.7254,0.7571,0.9639,0.6854,0.0388
9,2,8,8,0.9546,0.9597,0.9946,0.9500,0.0300
9,2,8,9,0.9876,0.9871,0.9998,0.9864,0.0155
9,2,8,10,0.9824,0.9843,0.9966,0.9807,0.0163
9,2,8,11,0.9899,0.9916,0.9997,0.9887,0.0060
9,2,9,0,0.9689,0.9730,0.9999,0.9649,0.0094
9,2,9,1,0.9963,0.9972,1.0000,0.9959,0.0062
9,2,9,2,1.0000,1.0000,1.0000,1.0000,0.0000
9,2,9,3,0.7201,0.7235,0.8864,0.6772,0.0606
9,2,9,4,0.9955,0.9961,0.9998,0.9950,0.0067
9,2,9,5,0.9861,0.9886,1.0000,0.9843,0.0077
9,2,9,6,0.9897,0.9911,0.9993,0.9889,0.0136
9,2,9,7,0.9729,0.9754,0.9997,0.9699,0.0197
9,2,9,8,0.9923,0.9932,0.9996,0.9915,0.0089
9,2,9,9,0.9907,0.9919,0.9996,0.9900,0.0132
9,2,9,10,0.8054,0.8288,0.9609,0.7778,0.0474
9,2,9,11,0.9885,0.9905,0.9996,0.9875,0.0134
9,2,10,0,0.9920,0.9932,0.9994,0.9912,0.0085
9,2,10,1,0.9937,0.9944,0.9995,0.9931,0.0100
9,2,10,2,0.9912,0.9926,1.0000,0.9902,0.0075
9,2,10,3,0.9872,0.9917,0.9968,0.9856,0.0070
9,2,10,4,0.9724,0.9722,0.9964,0.9692,0.0171
9,2,10,5,0.8568,0.8783,0.9868,0.8372,0.0319
9,2,10,6,0.9918,0.9933,0.9997,0.9908,0.0042
9,2,10,7,0.9924,0.9929,0.9999,0.9914,0.0066
9,2,10,8,0.9894,0.9908,0.9996,0.9884,0.0132
9,2,10,9,0.8586,0.8668,0.9870,0.8398,0.0412
9,2,10,10,0.9902,0.9915,0.9995,0.9894,0.0131
9,2,10,11,0.8400,0.8522,0.9893,0.8185,0.0182
9,2,11,0,0.5861,0.6121,0.7355,0.5119,0.0864
9,2,11,1,0.9921,0.9920,0.9959,0.9915,0.0144
9,2,11,2,0.9906,0.9921,0.9998,0.9896,0.0094
9,2,11,3,0.8976,0.8967,0.9230,0.8887,0.0555
9,2,11,4,0.9878,0.9849,0.9824,0.9872,0.0211
9,2,11,5,0.9944,0.9947,0.9993,0.9938,0.0080
9,2,11,6,0.9918,0.9928,0.9998,0.9910,0.0112
9,2,11,7,0.9862,0.9877,0.9972,0.9846,0.0100
9,2,11,8,0.1826,0.5082,0.9522,0.0402,0.0590
9,2,11,9,0.9936,0.9940,1.0000,0.9929,0.0088
9,2,11,10,0.9475,0.9362,0.9352,0.9440,0.0422
9,2,11,11,0.9494,0.9616,0.9877,0.9443,0.0314
9,3,0,0,0.8146,0.8507,0.9919,0.7637,0.0171
9,3,0,1,0.2667,0.4668,0.9485,0.1478,0.0714
9,3,0,2,0.8625,0.8682,0.9951,0.8229,0.0214
9,3,0,3,0.3844,0.4932,0.9811,0.2768,0.0589
9,3,0,4,0.5638,0.6295,0.9787,0.4678,0.0241
9,3,0,5,0.3155,0.4717,0.9673,0.2005,0.0656
9,3,0,6,0.7871,0.8327,0.9833,0.7270,0.0192
9,3,0,7,0.8167,0.8407,0.9992,0.7633,0.0201
9,3,0,8,0.7246,0.8133,0.9956,0.6436,0.0181
9,3,0,9,0.8501,0.8740,0.9707,0.8056,0.0269
9,3,0,10,0.7869,0.8360,0.9912,0.7223,0.0210
9,3,0,11,0.8414,0.8805,0.9985,0.7947,0.0228
9,3,1,0,0.7985,0.8143,0.9828,0.7433,0.0167
9,3,1,1,0.8154,0.8135,0.9680,0.7678,0.0134
9,3,1,2,0.7902,0.8063,0.9740,0.7329,0.0198
9,3,1,3,0.8498,0.8532,1.0000,0.8088,0.0281
9,3,1,4,0.8091,0.8117,0.9698,0.7610,0.0286
9,3,1,5,0.7802,0.7943,0.9472,0.7302,0.0227
9,3,1,6,0.8012,0.8170,0.9481,0.7514,0.0153
9,3,1,7,0.8000,0.7993,0.9592,0.7506,0.0247
9,3,1,8,0.8085,0.8307,0.9886,0.7604,0.0211
9,3,1,9,0.7710,0.7846,0.9526,0.7210,0.0285
9,3,1,10,0.5809,0.7708,0.9998,0.4571,0.0266
9,3,1,11,0.4281,0.5092,0.9638,0.3207,0.0502
9,3,2,0,0.8489,0.8543,0.9946,0.8071,0.0121
9,3,2,1,0.7646,0.7517,0.8973,0.7241,0.0493
9,3,2,2,0.7834,0.8175,0.9941,0.7318,0.0190
9,3,2,3,0.7628,0.7911,0.9709,0.7004,0.0077
9,3,2,4,0.8055,0.7805,0.9371,0.7619,0.0214
9,3,2,5,0.8379,0.8389,0.9934,0.7936,0.0112
9,3,2,6,0.7274,0.7242,0.8903,0.6818,0.0538
9,3,2,7,0.7833,0.8135,0.9975,0.7203,0.0189
9,3,2,8,0.8569,0.8814,0.9971,0.8190,0.0096
9,3,2,9,0.7314,0.7428,0.9963,0.6605,0.0080
9,3,2,10,0.8173,0.8321,0.9908,0.7667,0.0190
9,3,2,11,0.7842,0.7615,0.9111,0.7428,0.0430
9,3,3,0,0.7392,0.7129,0.8676,0.7018,0.0636
9,3,3,1,0.8154,0.8192,0.9963,0.7727,0.0197
9,3,3,2,0.7665,0.8473,0.9877,0.7095,0.0117
9,3,3,3,0.8425,0.8204,0.9270,0.8161,0.0447
9,3,3,4,0.7285,0.6923,0.8713,0.6925,0.0715
9,3,3,5,0.7643,0.7839,0.9564,0.7127,0.0306
9,3,3,6,0.7867,0.8256,0.9976,0.7265,0.0150
9,3,3,7,0.8289,0.8105,0.9747,0.7875,0.0117
9,3,3,8,0.8806,0.9145,0.9995,0.8487,0.0153
9,3,3,9,0.6503,0.8260,0.9945,0.5801,0.0354
9,3,3,10,0.7821,0.7732,0.9018,0.7384,0.0348
9,3,3,11,0.7410,0.7633,0.9594,0.6778,0.0126
9,3,4,0,0.7751,0.8015,0.9976,0.7327,0.0379
9,3,4,1,0.8497,0.8403,0.9926,0.8152,0.0181
9,3,4,2,0.7582,0.7473,0.9011,0.7178,0.0530
9,3,4,3,0.6996,0.7086,0.9598,0.6259,0.0125
9,3,4,4,0.7414,0.7407,0.9262,0.6933,0.0422
9,3,4,5,0.7860,0.8000,0.9605,0.7369,0.0210
9,3,4,6,0.7748,0.7908,0.9747,0.7221,0.0260
9,3,4,7,0.6188,0.6406,0.9735,0.5318,0.0245
9,3,4,8,0.7227,0.7135,0.8754,0.6793,0.0596
9,3,4,9,0.8167,0.8555,0.9991,0.7709,0.0134
9,3,4,10,0.7272,0.6953,0.8780,0.6905,0.0701
9,3,4,11,0.6140,0.6871,0.8686,0.5613,0.0761
9,3,5,0,0.7408,0.7149,0.8647,0.7027,0.0609
9,3,5,1,0.7200,0.6799,0.8659,0.6861,0.0756
9,3,5,2,0.7762,0.8379,0.9996,0.7190,0.0118
9,3,5,3,0.8690,0.8692,0.9951,0.8331,0.0112
9,3,5,4,0.8351,0.8623,0.9973,0.7950,0.0193
9,3,5,5,0.7295,0.7097,0.8791,0.6923,0.0683
9,3,5,6,0.7718,0.7664,0.8805,0.7316,0.0462
9,3,5,7,0.8161,0.8549,0.9630,0.7829,0.0417
9,3,5,8,0.7521,0.7542,0.8874,0.7113,0.0518
9,3,5,9,0.7316,0.6957,0.8764,0.6948,0.0698
9,3,5,10,0.7413,0.7336,0.9112,0.6944,0.0453
9,3,5,11,0.7394,0.7256,0.8978,0.6943,0.0498
9,3,6,0,0.8398,0.8654,0.9998,0.7971,0.0161
9,3,6,1,0.6695,0.7101,0.8905,0.6184,0.0631
9,3,6,2,0.7488,0.7262,0.9047,0.7094,0.0590
9,3,6,3,0.6907,0.7038,0.8898,0.6371,0.0491
9,3,6,4,0.8008,0.8062,0.9119,0.7570,0.0258
9,3,6,5,0.7540,0.7515,0.9168,0.7059,0.0405
9,3,6,6,0.7379,0.7120,0.8825,0.7003,0.0653
9,3,6,7,0.7430,0.7571,0.9156,0.6865,0.0245
9,3,6,8,0.8096,0.7976,0.9409,0.7688,0.0268
9,3,6,9,0.7197,0.6850,0.8710,0.6851,0.0749
9,3,6,10,0.7240,0.6896,0.8696,0.6874,0.0723
9,3,6,11,0.8862,0.9214,0.9985,0.8564,0.0118
9,3,7,0,0.9363,0.9250,0.9594,0.9249,0.0266
9,3,7,1,0.7232,0.7260,0.8819,0.6789,0.0568
9,3,7,2,0.7213,0.6856,0.8690,0.6864,0.0741
9,3,7,3,0.8084,0.7843,0.9263,0.7685,0.0308
9,3,7,4,0.7689,0.7564,0.9123,0.7248,0.0353
9,3,7,5,0.7794,0.7704,0.9324,0.7385,0.0436
9,3,7,6,0.7275,0.7118,0.8767,0.6856,0.0611
9,3,7,7,0.7186,0.6997,0.8764,0.6780,0.0655
9,3,7,8,0.7924,0.8055,0.9510,0.7495,0.0324
9,3,7,9,0.8266,0.8064,0.9970,0.7901,0.0266
9,3,7,10,0.7189,0.6911,0.8779,0.6829,0.0733
9,3,7,11,0.7254,0.6950,0.8740,0.6896,0.0725
9,3,8,0,0.7745,0.7505,0.9293,0.7373,0.0527
9,3,8,1,0.7095,0.6961,0.8807,0.6700,0.0695
9,3,8,2,0.7474,0.7441,0.9087,0.7031,0.0506
9,3,8,3,0.7164,0.7132,0.8853,0.6737,0.0627
9,3,8,4,0.8351,0.8575,0.9958,0.7992,0.0261
9,3,8,5,0.8416,0.8246,0.9757,0.8049,0.0164
9,3,8,6,0.7099,0.6959,0.8723,0.6692,0.0685
9,3,8,7,0.9318,0.9275,0.9777,0.9194,0.0244
9,3,8,8,0.8060,0.8053,0.9298,0.7658,0.0327
9,3,8,9,0.7247,0.7322,0.8956,0.6746,0.0451
9,3,8,10,0.7737,0.7561,0.9215,0.7327,0.0462
9,3,8,11,0.7405,0.7112,0.8754,0.7039,0.0666
9,3,9,0,0.7791,0.7649,0.8785,0.7443,0.0535
9,3,9,1,0.7133,0.7085,0.8889,0.6722,0.0665
9,3,9,2,0.7201,0.7235,0.8864,0.6772,0.0606
9,3,9,3,1.0000,1.0000,1.0000,1.0000,0.0000
9,3,9,4,0.7198,0.7046,0.8775,0.6804,0.0673
9,3,9,5,0.7640,0.7392,0.8851,0.7270,0.0568
9,3,9,6,0.7202,0.6855,0.8687,0.6847,0.0742
9,3,9,7,0.7312,0.7460,0.8967,0.6807,0.0415
9,3,9,8,0.7273,0.7014,0.8723,0.6901,0.0695
9,3,9,9,0.7196,0.6875,0.8722,0.6836,0.0739
9,3,9,10,0.8511,0.8349,0.9799,0.8158,0.0135
9,3,9,11,0.7246,0.6869,0.8730,0.6894,0.0740
9,3,10,0,0.7315,0.7007,0.8698,0.6948,0.0691
9,3,10,1,0.7183,0.6914,0.8707,0.6800,0.0706
9,3,10,2,0.7312,0.6979,0.8839,0.6939,0.0681
9,3,10,3,0.7529,0.7382,0.9207,0.7139,0.0576
9,3,10,4,0.7954,0.7974,0.9226,0.7595,0.0436
9,3,10,5,0.7582,0.7597,0.9497,0.7100,0.0298
9,3,10,6,0.7395,0.7112,0.8742,0.7018,0.0645
9,3,10,7,0.7503,0.7323,0.8922,0.7119,0.0598
9,3,10,8,0.7228,0.6861,0.8729,0.6872,0.0739
9,3,10,9,0.7981,0.8086,0.9493,0.7517,0.0194
9,3,10,10,0.7222,0.6860,0.8708,0.6866,0.0737
9,3,10,11,0.8572,0.8445,0.9445,0.8346,0.0447
9,3,11,0,0.7641,0.8479,0.9656,0.6904,0.0274
9,3,11,1,0.7549,0.7497,0.9245,0.7113,0.0485
9,3,11,2,0.7324,0.7014,0.8961,0.6955,0.0690
9,3,11,3,0.8652,0.9052,0.9963,0.8296,0.0114
9,3,11,4,0.7846,0.7687,0.9572,0.7440,0.0442
9,3,11,5,0.6907,0.7108,0.9029,0.6440,0.0636
9,3,11,6,0.7243,0.6918,0.8774,0.6875,0.0718
9,3,11,7,0.7444,0.7415,0.9188,0.7017,0.0535
9,3,11,8,0.5467,0.7479,0.9855,0.4300,0.0089
9,3,11,9,0.7242,0.6972,0.8820,0.6857,0.0691
9,3,11,10,0.8430,0.8705,0.9929,0.8060,0.0215
9,3,11,11,0.8409,0.8321,0.9480,0.8078,0.0303
9,4,0,0,0.8659,0.8709,0.9313,0.8554,0.0702
9,4,0,1,0.1274,0.2052,0.9842,0.0314,0.0062
9,4,0,2,0.8412,0.8282,0.8256,0.8300,0.0787
9,4,0,3,0.2182,0.2328,0.9536,0.1250,0.0115
9,4,0,4,0.4185,0.4115,0.9573,0.3348,0.0432
9,4,0,5,0.1819,0.2124,0.9705,0.0884,0.0035
9,4,0,6,0.7834,0.7927,0.9501,0.7578,0.0799
9,4,0,7,0.6430,0.6362,0.8575,0.5884,0.0847
9,4,0,8,0.5994,0.6021,0.9187,0.5353,0.0809
9,4,0,9,0.7922,0.7707,0.7366,0.7748,0.0889
9,4,0,10,0.7379,0.7119,0.8064,0.7064,0.0883
9,4,0,11,0.8348,0.8149,0.8501,0.8243,0.0815
9,4,1,0,0.7256,0.7259,0.9510,0.6877,0.0766
9,4,1,1,0.8509,0.8352,0.9698,0.8352,0.0631
9,4,1,2,0.8346,0.8315,0.9633,0.8178,0.0732
9,4,1,3,0.9255,0.8971,0.8729,0.9265,0.0620
9,4,1,4,0.9371,0.9329,0.9680,0.9358,0.0544
9,4,1,5,0.9258,0.9229,0.9849,0.9196,0.0467
9,4,1,6,0.8513,0.8588,0.9844,0.8348,0.0590
9,4,1,7,0.9263,0.9245,0.9773,0.9224,0.0542
9,4,1,8,0.9334,0.9359,0.9397,0.9314,0.0551
9,4,1,9,0.9547,0.9642,0.9818,0.9522,0.0407
9,4,1,10,0.1846,0.5499,0.8680,0.0298,0.0858
9,4,1,11,0.3201,0.3012,0.9736,0.2338,0.0202
9,4,2,0,0.8105,0.7996,0.9225,0.7896,0.0754
9,4,2,1,0.9845,0.9883,0.9991,0.9833,0.0180
9,4,2,2,0.4342,0.5215,0.9242,0.3476,0.0538
9,4,2,3,0.6547,0.6712,0.9668,0.6032,0.0693
9,4,2,4,0.9219,0.9298,0.9897,0.9150,0.0470
9,4,2,5,0.7296,0.7159,0.9266,0.6924,0.0727
9,4,2,6,0.9891,0.9904,0.9996,0.9882,0.0148
9,4,2,7,0.7352,0.7333,0.9092,0.7006,0.0823
9,4,2,8,0.7625,0.7306,0.9112,0.7311,0.0666
9,4,2,9,0.5291,0.5473,0.9155,0.4542,0.0674
9,4,2,10,0.8534,0.8358,0.9345,0.8411,0.0737
9,4,2,11,0.9860,0.9854,0.9972,0.9861,0.0272
9,4,3,0,0.9911,0.9935,0.9998,0.9901,0.0066
9,4,3,1,0.9158,0.8990,0.9155,0.9085,0.0513
9,4,3,2,0.4051,0.5287,0.9417,0.3124,0.0559
9,4,3,3,0.9582,0.9636,0.9933,0.9539,0.0262
9,4,3,4,0.9949,0.9966,0.9999,0.9944,0.0047
9,4,3,5,0.9567,0.9534,0.9793,0.9545,0.0415
9,4,3,6,0.5832,0.5902,0.9085,0.5165,0.0757
9,4,3,7,0.6075,0.5923,0.9624,0.5492,0.0585
9,4,3,8,0.7769,0.7333,0.8618,0.7483,0.0701
9,4,3,9,0.5787,0.7039,0.9230,0.5218,0.0335
9,4,3,10,0.9631,0.9496,0.9986,0.9605,0.0331
9,4,3,11,0.7014,0.7265,0.9771,0.6589,0.0586
9,4,4,0,0.6456,0.6324,0.9086,0.5986,0.0307
9,4,4,1,0.8931,0.8941,0.9292,0.8821,0.0516
9,4,4,2,0.9912,0.9912,0.9987,0.9906,0.0146
9,4,4,3,0.7368,0.7744,0.9768,0.7003,0.0590
9,4,4,4,0.9755,0.9710,0.9936,0.9735,0.0251
9,4,4,5,0.7062,0.7465,0.9763,0.6651,0.0502
9,4,4,6,0.9237,0.9136,0.9625,0.9178,0.0497
9,4,4,7,0.5272,0.5160,0.9639,0.4583,0.0464
9,4,4,8,0.9959,0.9956,1.0000,0.9956,0.0085
9,4,4,9,0.8906,0.8632,0.8560,0.8810,0.0589
9,4,4,10,0.9975,0.9981,1.0000,0.9972,0.0035
9,4,4,11,0.2010,0.3516,0.9998,0.1153,0.0088
9,4,5,0,0.9745,0.9746,0.9997,0.9715,0.0077
9,4,5,1,0.9941,0.9959,0.9997,0.9936,0.0083
9,4,5,2,0.7986,0.7759,0.8903,0.7732,0.0626
9,4,5,3,0.8240,0.7892,0.8257,0.8054,0.0716
9,4,5,4,0.7578,0.7097,0.9104,0.7249,0.0551
9,4,5,5,0.9945,0.9953,1.0000,0.9939,0.0031
9,4,5,6,0.9276,0.9205,1.0000,0.9190,0.0269
9,4,5,7,0.9259,0.9320,0.9742,0.9174,0.0269
9,4,5,8,0.9718,0.9734,0.9998,0.9687,0.0160
9,4,5,9,0.9969,0.9975,1.0000,0.9965,0.0043
9,4,5,10,0.9764,0.9744,0.9971,0.9744,0.0220
9,4,5,11,0.9881,0.9837,0.9990,0.9872,0.0174
9,4,6,0,0.6941,0.6895,0.8685,0.6499,0.0693
9,4,6,1,0.9713,0.9738,0.9996,0.9680,0.0047
9,4,6,2,0.9943,0.9948,0.9982,0.9938,0.0101
9,4,6,3,0.9724,0.9737,0.9997,0.9695,0.0190
9,4,6,4,0.9285,0.9348,0.9970,0.9221,0.0438
9,4,6,5,0.9785,0.9749,0.9960,0.9776,0.0291
9,4,6,6,0.9961,0.9964,0.9999,0.9957,0.0054
9,4,6,7,0.9201,0.9223,0.9963,0.9123,0.0433
9,4,6,8,0.9209,0.9239,0.9881,0.9131,0.0437
9,4,6,9,0.9939,0.9964,0.9999,0.9934,0.0076
9,4,6,10,0.9965,0.9975,0.9999,0.9961,0.0052
9,4,6,11,0.7840,0.7735,0.8499,0.7565,0.0652
9,4,7,0,0.6624,0.7220,0.9772,0.6156,0.0451
9,4,7,1,0.9953,0.9948,1.0000,0.9950,0.0105
9,4,7,2,0.9940,0.9978,0.9998,0.9935,0.0068
9,4,7,3,0.9394,0.9423,0.9935,0.9339,0.0396
9,4,7,4,0.9206,0.9206,0.9969,0.9114,0.0325
9,4,7,5,0.9871,0.9863,0.9915,0.9869,0.0240
9,4,7,6,0.9974,0.9982,1.0000,0.9972,0.0070
9,4,7,7,0.9969,0.9975,1.0000,0.9966,0.0031
9,4,7,8,0.9330,0.9334,0.9828,0.9264,0.0383
9,4,7,9,0.8709,0.8586,0.9121,0.8554,0.0420
9,4,7,10,0.9954,0.9971,1.0000,0.9950,0.0060
9,4,7,11,0.9939,0.9979,1.0000,0.9933,0.0052
9,4,8,0,0.9847,0.9885,0.9926,0.9833,0.0153
9,4,8,1,0.9977,0.9988,1.0000,0.9975,0.0022
9,4,8,2,0.9930,0.9926,0.9976,0.9930,0.0185
9,4,8,3,0.9967,0.9979,0.9999,0.9963,0.0046
9,4,8,4,0.7778,0.8498,0.9177,0.7481,0.0478
9,4,8,5,0.8482,0.8338,0.9613,0.8300,0.0530
9,4,8,6,0.9989,0.9992,0.9999,0.9988,0.0020
9,4,8,7,0.7201,0.7455,0.9587,0.6819,0.0453
9,4,8,8,0.9525,0.9576,0.9924,0.9489,0.0365
9,4,8,9,0.9853,0.9869,0.9992,0.9844,0.0222
9,4,8,10,0.9852,0.9862,0.9949,0.9845,0.0214
9,4,8,11,0.9937,0.9951,1.0000,0.9930,0.0041
9,4,9,0,0.9669,0.9711,1.0000,0.9632,0.0156
9,4,9,1,0.9975,0.9982,0.9997,0.9972,0.0016
9,4,9,2,0.9955,0.9961,0.9998,0.9950,0.0067
9,4,9,3,0.7198,0.7046,0.8775,0.6804,0.0673
9,4,9,4,1.0000,1.0000,1.0000,1.0000,0.0000
9,4,9,5,0.9895,0.9916,0.9999,0.9885,0.0113
9,4,9,6,0.9957,0.9969,0.9998,0.9954,0.0070
9,4,9,7,0.9732,0.9754,0.9991,0.9710,0.0264
9,4,9,8,0.9960,0.9970,0.9999,0.9955,0.0030
9,4,9,9,0.9966,0.9975,0.9999,0.9963,0.0066
9,4,9,10,0.8097,0.8127,0.9555,0.7853,0.0540
9,4,9,11,0.9954,0.9965,1.0000,0.9950,0.0067
9,4,10,0,0.9957,0.9971,0.9999,0.9952,0.0037
9,4,10,1,0.9974,0.9984,0.9999,0.9971,0.0035
9,4,10,2,0.9971,0.9978,0.9999,0.9968,0.0047
9,4,10,3,0.9918,0.9934,0.9951,0.9911,0.0105
9,4,10,4,0.9674,0.9682,0.9946,0.9642,0.0237
9,4,10,5,0.8696,0.8624,0.9836,0.8535,0.0380
9,4,10,6,0.9942,0.9962,1.0000,0.9936,0.0049
9,4,10,7,0.9957,0.9951,0.9995,0.9953,0.0098
9,4,10,8,0.9958,0.9969,1.0000,0.9954,0.0066
9,4,10,9,0.8713,0.8616,0.9838,0.8566,0.0479
9,4,10,10,0.9959,0.9970,0.9999,0.9955,0.0064
9,4,10,11,0.8300,0.8407,0.9863,0.8086,0.0249
9,4,11,0,0.5792,0.6024,0.7225,0.5093,0.0931
9,4,11,1,0.9911,0.9919,0.9941,0.9909,0.0188
9,4,11,2,0.9964,0.9971,0.9992,0.9960,0.0054
9,4,11,3,0.8820,0.8895,0.9155,0.8729,0.0622
9,4,11,4,0.9898,0.9873,0.9787,0.9902,0.0247
9,4,11,5,0.9897,0.9905,0.9984,0.9885,0.0055
9,4,11,6,0.9968,0.9977,1.0000,0.9964,0.0052
9,4,11,7,0.9930,0.9910,0.9956,0.9926,0.0140
9,4,11,8,0.1735,0.5089,0.9462,0.0357,0.0657
9,4,11,9,0.9981,0.9988,1.0000,0.9979,0.0034
9,4,11,10,0.9404,0.9287,0.9283,0.9376,0.0489
9,4,11,11,0.9501,0.9541,0.9845,0.9464,0.0380
9,5,0,0,0.8930,0.8852,0.9370,0.8828,0.0597
9,5,0,1,0.1724,0.2493,0.9869,0.0745,0.0169
9,5,0,2,0.8636,0.8461,0.8345,0.8509,0.0682
9,5,0,3,0.2700,0.2802,0.9583,0.1764,0.0147
9,5,0,4,0.4720,0.4564,0.9618,0.3896,0.0327
9,5,0,5,0.2309,0.2563,0.9742,0.1363,0.0117
9,5,0,6,0.8138,0.8206,0.9550,0.7881,0.0694
9,5,0,7,0.6785,0.6743,0.8656,0.6235,0.0742
9,5,0,8,0.6220,0.6207,0.9249,0.5540,0.0704
9,5,0,9,0.8150,0.7906,0.7473,0.7953,0.0784
9,5,0,10,0.7747,0.7407,0.8158,0.7439,0.0778
9,5,0,11,0.8591,0.8389,0.8584,0.8473,0.0710
9,5,1,0,0.7620,0.7560,0.9558,0.7248,0.0666
9,5,1,1,0.8701,0.8583,0.9736,0.8533,0.0531
9,5,1,2,0.8565,0.8551,0.9675,0.8386,0.0632
9,5,1,3,0.9409,0.9108,0.8806,0.9404,0.0516
9,5,1,4,0.9488,0.9459,0.9719,0.9460,0.0439
9,5,1,5,0.9335,0.9329,0.9876,0.9257,0.0365
9,5,1,6,0.8779,0.8697,0.9871,0.8618,0.0491
9,5,1,7,0.9371,0.9371,0.9805,0.9315,0.0439
9,5,1,8,0.9410,0.9455,0.9450,0.9367,0.0446
9,5,1,9,0.9599,0.9698,0.9847,0.9558,0.0307
9,5,1,10,0.2252,0.5780,0.8758,0.0666,0.0758
9,5,1,11,0.3744,0.3466,0.9771,0.2887,0.0142
9,5,2,0,0.8400,0.8259,0.9286,0.8192,0.0649
9,5,2,1,0.9841,0.9898,0.9996,0.9820,0.0088
9,5,2,2,0.4690,0.5738,0.9302,0.3805,0.0438
9,5,2,3,0.6918,0.7035,0.9708,0.6407,0.0593
9,5,2,4,0.9304,0.9378,0.9919,0.9219,0.0370
9,5,2,5,0.7578,0.7542,0.9325,0.7197,0.0624
9,5,2,6,0.9777,0.9836,0.9999,0.9748,0.0072
9,5,2,7,0.7694,0.7678,0.9158,0.7350,0.0718
9,5,2,8,0.7828,0.7597,0.9177,0.7495,0.0564
9,5,2,9,0.5687,0.5864,0.9218,0.4935,0.0572
9,5,2,10,0.8766,0.8617,0.9400,0.8634,0.0632
9,5,2,11,0.9923,0.9923,0.9982,0.9920,0.0172
9,5,3,0,0.9932,0.9946,0.9993,0.9925,0.0087
9,5,3,1,0.9189,0.9081,0.9218,0.9089,0.0411
9,5,3,2,0.4453,0.5672,0.9470,0.3514,0.0454
9,5,3,3,0.9678,0.9729,0.9950,0.9635,0.0163
9,5,3,4,0.9934,0.9931,0.9996,0.9930,0.0147
9,5,3,5,0.9506,0.9539,0.9824,0.9450,0.0315
9,5,3,6,0.6210,0.6264,0.9151,0.5539,0.0652
9,5,3,7,0.6359,0.6367,0.9667,0.5761,0.0480
9,5,3,8,0.7933,0.7643,0.8698,0.7621,0.0596
9,5,3,9,0.5906,0.7187,0.9290,0.5304,0.0235
9,5,3,10,0.9740,0.9663,0.9993,0.9712,0.0231
9,5,3,11,0.7260,0.7547,0.9804,0.6824,0.0487
9,5,4,0,0.6844,0.6651,0.9152,0.6386,0.0202
9,5,4,1,0.9161,0.9045,0.9350,0.9056,0.0413
9,5,4,2,0.9913,0.9941,0.9994,0.9901,0.0051
9,5,4,3,0.7523,0.7818,0.9801,0.7133,0.0485
9,5,4,4,0.9731,0.9698,0.9952,0.9697,0.0146
9,5,4,5,0.7473,0.7814,0.9796,0.7081,0.0403
9,5,4,6,0.9239,0.9172,0.9668,0.9148,0.0392
9,5,4,7,0.5727,0.5635,0.9681,0.5047,0.0365
9,5,4,8,0.9876,0.9912,0.9998,0.9860,0.0059
9,5,4,9,0.8903,0.8710,0.8642,0.8765,0.0484
9,5,4,10,0.9924,0.9926,0.9999,0.9919,0.0132
9,5,4,11,0.2337,0.3957,0.9994,0.1454,0.0193
9,5,5,0,0.9793,0.9671,0.9991,0.9767,0.0112
9,5,5,1,0.9910,0.9909,0.9992,0.9909,0.0188
9,5,5,2,0.7983,0.7812,0.8975,0.7677,0.0521
9,5,5,3,0.8506,0.8067,0.8346,0.8317,0.0611
9,5,5,4,0.7787,0.7389,0.9169,0.7445,0.0449
9,5,5,5,0.9925,0.9941,0.9999,0.9919,0.0115
9,5,5,6,0.9300,0.9367,1.0000,0.9204,0.0193
9,5,5,7,0.9285,0.9364,0.9777,0.9186,0.0177
9,5,5,8,0.9803,0.9767,1.0000,0.9777,0.0094
9,5,5,9,0.9936,0.9930,0.9998,0.9931,0.0130
9,5,5,10,0.9758,0.9728,0.9982,0.9727,0.0126
9,5,5,11,0.9820,0.9817,0.9996,0.9796,0.0083
9,5,6,0,0.7182,0.7107,0.8763,0.6722,0.0593
9,5,6,1,0.9483,0.9541,0.9999,0.9419,0.0100
9,5,6,2,0.9920,0.9928,0.9990,0.9909,0.0054
9,5,6,3,0.9532,0.9606,0.9999,0.9469,0.0135
9,5,6,4,0.9541,0.9507,0.9981,0.9493,0.0333
9,5,6,5,0.9719,0.9745,0.9973,0.9686,0.0189
9,5,6,6,0.9952,0.9963,1.0000,0.9948,0.0085
9,5,6,7,0.9145,0.9236,0.9975,0.9030,0.0333
9,5,6,8,0.9285,0.9313,0.9904,0.9192,0.0332
9,5,6,9,0.9914,0.9906,0.9996,0.9913,0.0181
9,5,6,10,0.9936,0.9930,0.9995,0.9933,0.0155
9,5,6,11,0.8156,0.7934,0.8583,0.7885,0.0547
9,5,7,0,0.7095,0.7721,0.9804,0.6652,0.0352
9,5,7,1,0.9872,0.9915,1.0000,0.9855,0.0063
9,5,7,2,0.9918,0.9910,0.9994,0.9916,0.0173
9,5,7,3,0.9565,0.9449,0.9952,0.9514,0.0291
9,5,7,4,0.9220,0.9111,0.9981,0.9111,0.0231
9,5,7,5,0.9874,0.9896,0.9934,0.9861,0.0138
9,5,7,6,0.9910,0.9928,0.9998,0.9899,0.0059
9,5,7,7,0.9900,0.9902,0.9998,0.9890,0.0092
9,5,7,8,0.9408,0.9320,0.9856,0.9331,0.0278
9,5,7,9,0.8954,0.8560,0.9186,0.8807,0.0315
9,5,7,10,0.9919,0.9912,0.9999,0.9916,0.0165
9,5,7,11,0.9931,0.9925,0.9997,0.9928,0.0157
9,5,8,0,0.9919,0.9908,0.9944,0.9909,0.0062
9,5,8,1,0.9884,0.9893,1.0000,0.9875,0.0130
9,5,8,2,0.9888,0.9922,0.9986,0.9873,0.0088
9,5,8,3,0.9888,0.9918,1.0000,0.9875,0.0083
9,5,8,4,0.8016,0.8663,0.9239,0.7717,0.0373
9,5,8,5,0.8809,0.8413,0.9656,0.8644,0.0428
9,5,8,6,0.9879,0.9897,0.9996,0.9867,0.0130
9,5,8,7,0.7653,0.7914,0.9631,0.7299,0.0361
9,5,8,8,0.9763,0.9740,0.9942,0.9743,0.0260
9,5,8,9,0.9719,0.9800,0.9997,0.9681,0.0122
9,5,8,10,0.9932,0.9898,0.9964,0.9925,0.0109
9,5,8,11,0.9963,0.9961,0.9998,0.9961,0.0098
9,5,9,0,0.9846,0.9850,0.9999,0.9826,0.0101
9,5,9,1,0.9892,0.9905,1.0000,0.9880,0.0108
9,5,9,2,0.9861,0.9886,1.0000,0.9843,0.0077
9,5,9,3,0.7640,0.7392,0.8851,0.7270,0.0568
9,5,9,4,0.9895,0.9916,0.9999,0.9885,0.0113
9,5,9,5,1.0000,1.0000,1.0000,1.0000,0.0000
9,5,9,6,0.9926,0.9918,0.9994,0.9924,0.0174
9,5,9,7,0.9658,0.9736,0.9997,0.9613,0.0167
9,5,9,8,0.9928,0.9932,0.9996,0.9923,0.0127
9,5,9,9,0.9924,0.9917,0.9996,0.9922,0.0171
9,5,9,10,0.8354,0.8240,0.9601,0.8112,0.0438
9,5,9,11,0.9931,0.9924,0.9997,0.9930,0.0172
9,5,10,0,0.9949,0.9944,0.9995,0.9946,0.0123
9,5,10,1,0.9918,0.9918,0.9995,0.9912,0.0138
9,5,10,2,0.9939,0.9928,1.0000,0.9934,0.0113
9,5,10,3,0.9905,0.9884,0.9965,0.9893,0.0026
9,5,10,4,0.9816,0.9813,0.9961,0.9793,0.0132
9,5,10,5,0.8686,0.8477,0.9863,0.8497,0.0299
9,5,10,6,0.9947,0.9945,0.9997,0.9941,0.0077
9,5,10,7,0.9961,0.9967,0.9999,0.9956,0.0043
9,5,10,8,0.9923,0.9914,0.9997,0.9920,0.0171
9,5,10,9,0.8811,0.8621,0.9865,0.8645,0.0374
9,5,10,10,0.9925,0.9915,0.9996,0.9922,0.0169
9,5,10,11,0.8678,0.8761,0.9888,0.8493,0.0163
9,5,11,0,0.6094,0.6211,0.7335,0.5368,0.0826
9,5,11,1,0.9917,0.9920,0.9957,0.9907,0.0091
9,5,11,2,0.9929,0.9922,0.9997,0.9923,0.0122
9,5,11,3,0.9031,0.9083,0.9219,0.8934,0.0517
9,5,11,4,0.9912,0.9882,0.9819,0.9906,0.0150
9,5,11,5,0.9708,0.9751,0.9992,0.9673,0.0152
9,5,11,6,0.9928,0.9921,0.9999,0.9924,0.0150
9,5,11,7,0.9891,0.9901,0.9969,0.9877,0.0038
9,5,11,8,0.2052,0.5370,0.9513,0.0623,0.0558
9,5,11,9,0.9921,0.9923,1.0000,0.9915,0.0123
9,5,11,10,0.9540,0.9471,0.9341,0.9504,0.0384
9,5,11,11,0.9711,0.9655,0.9872,0.9685,0.0275
9,6,0,0,0.8586,0.8538,0.9245,0.8500,0.0771
9,6,0,1,0.1043,0.1792,0.9809,0.0100,0.0047
9,6,0,2,0.8285,0.8127,0.8153,0.8184,0.0857
9,6,0,3,0.1961,0.2069,0.9481,0.1045,0.0185
9,6,0,4,0.4022,0.3825,0.9519,0.3204,0.0501
9,6,0,5,0.1613,0.1862,0.9659,0.0696,0.0087
9,6,0,6,0.7684,0.7776,0.9443,0.7437,0.0868
9,6,0,7,0.6171,0.6145,0.8480,0.5620,0.0917
9,6,0,8,0.5799,0.5857,0.9114,0.5169,0.0879
9,6,0,9,0.7742,0.7532,0.7242,0.7573,0.0959
9,6,0,10,0.7196,0.6890,0.7956,0.6888,0.0952
9,6,0,11,0.8168,0.7975,0.8404,0.8066,0.0884
9,6,1,0,0.7132,0.7065,0.9453,0.6769,0.0836
9,6,1,1,0.8312,0.8155,0.9652,0.8150,0.0701
9,6,1,2,0.8115,0.8127,0.9583,0.7937,0.0802
9,6,1,3,0.9192,0.8882,0.8639,0.9220,0.0690
9,6,1,4,0.9239,0.9208,0.9633,0.9228,0.0611
9,6,1,5,0.9113,0.9066,0.9817,0.9048,0.0537
9,6,1,6,0.8444,0.8356,0.9811,0.8296,0.0660
9,6,1,7,0.9131,0.9132,0.9733,0.9093,0.0611
9,6,1,8,0.9195,0.9240,0.9333,0.9176,0.0620
9,6,1,9,0.9455,0.9564,0.9782,0.9432,0.0476
9,6,1,10,0.1623,0.5250,0.8589,0.0102,0.0927
9,6,1,11,0.3042,0.2771,0.9693,0.2198,0.0272
9,6,2,0,0.7998,0.7825,0.9154,0.7804,0.0824
9,6,2,1,0.9837,0.9856,0.9981,0.9831,0.0249
9,6,2,2,0.4084,0.4965,0.9172,0.3223,0.0607
9,6,2,3,0.6416,0.6526,0.9621,0.5919,0.0762
9,6,2,4,0.9158,0.9182,0.9869,0.9098,0.0539
9,6,2,5,0.7036,0.6939,0.9196,0.6654,0.0796
9,6,2,6,0.9769,0.9806,0.9990,0.9751,0.0218
9,6,2,7,0.7119,0.7120,0.9016,0.6769,0.0892
9,6,2,8,0.7393,0.7090,0.9036,0.7073,0.0736
9,6,2,9,0.5098,0.5263,0.9081,0.4363,0.0744
9,6,2,10,0.8331,0.8172,0.9279,0.8202,0.0807
9,6,2,11,0.9828,0.9813,0.9956,0.9835,0.0336
9,6,3,0,0.9946,0.9931,1.0000,0.9942,0.0106
9,6,3,1,0.9012,0.8831,0.9081,0.8937,0.0582
9,6,3,2,0.3877,0.5032,0.9355,0.2971,0.0628
9,6,3,3,0.9572,0.9610,0.9911,0.9537,0.0332
9,6,3,4,0.9992,0.9992,1.0000,0.9991,0.0028
9,6,3,5,0.9415,0.9401,0.9755,0.9387,0.0484
9,6,3,6,0.5655,0.5669,0.9008,0.5003,0.0826
9,6,3,7,0.5849,0.5717,0.9574,0.5267,0.0655
9,6,3,8,0.7564,0.7146,0.8525,0.7276,0.0770
9,6,3,9,0.5558,0.6811,0.9159,0.4989,0.0404
9,6,3,10,0.9567,0.9399,0.9975,0.9545,0.0400
9,6,3,11,0.6876,0.7090,0.9731,0.6463,0.0656
9,6,4,0,0.6330,0.6118,0.9009,0.5870,0.0376
9,6,4,1,0.8949,0.8791,0.9224,0.8863,0.0585
9,6,4,2,0.9890,0.9878,0.9976,0.9888,0.0213
9,6,4,3,0.7166,0.7522,0.9728,0.6801,0.0660
9,6,4,4,0.9676,0.9605,0.9913,0.9656,0.0320
9,6,4,5,0.7064,0.7309,0.9722,0.6684,0.0572
9,6,4,6,0.9058,0.8963,0.9575,0.8991,0.0567
9,6,4,7,0.4982,0.4894,0.9590,0.4287,0.0534
9,6,4,8,0.9907,0.9913,0.9999,0.9902,0.0147
9,6,4,9,0.8749,0.8472,0.8466,0.8651,0.0659
9,6,4,10,0.9989,0.9991,0.9998,0.9989,0.0042
9,6,4,11,0.1874,0.3262,1.0000,0.1040,0.0018
9,6,5,0,0.9783,0.9641,1.0000,0.9761,0.0147
9,6,5,1,0.9995,0.9996,1.0000,0.9995,0.0016
9,6,5,2,0.7734,0.7473,0.8820,0.7468,0.0695
9,6,5,3,0.8127,0.7676,0.8154,0.7955,0.0786
9,6,5,4,0.7366,0.6852,0.9028,0.7033,0.0620
9,6,5,5,0.9972,0.9960,0.9998,0.9970,0.0059
9,6,5,6,0.9267,0.9136,0.9997,0.9192,0.0338
9,6,5,7,0.9125,0.9191,0.9700,0.9035,0.0338
9,6,5,8,0.9736,0.9659,0.9992,0.9714,0.0230
9,6,5,9,0.9992,0.9992,0.9999,0.9992,0.0045
9,6,5,10,0.9698,0.9629,0.9956,0.9678,0.0290
9,6,5,11,0.9791,0.9760,0.9981,0.9778,0.0244
9,6,6,0,0.6758,0.6647,0.8594,0.6322,0.0762
9,6,6,1,0.9576,0.9604,0.9990,0.9530,0.0112
9,6,6,2,0.9940,0.9927,0.9970,0.9940,0.0152
9,6,6,3,0.9573,0.9618,0.9990,0.9532,0.0260
9,6,6,4,0.9274,0.9260,0.9955,0.9228,0.0508
9,6,6,5,0.9672,0.9646,0.9942,0.9659,0.0361
9,6,6,6,0.9978,0.9968,0.9996,0.9978,0.0089
9,6,6,7,0.8976,0.9023,0.9945,0.8882,0.0502
9,6,6,8,0.9154,0.9089,0.9851,0.9086,0.0506
9,6,6,9,0.9996,0.9997,1.0000,0.9995,0.0009
9,6,6,10,0.9997,0.9997,1.0000,0.9997,0.0020
9,6,6,11,0.7802,0.7519,0.8403,0.7554,0.0722
9,6,7,0,0.6708,0.7149,0.9732,0.6282,0.0521
9,6,7,1,0.9865,0.9880,0.9996,0.9855,0.0174
9,6,7,2,0.9992,0.9991,1.0000,0.9991,0.0012
9,6,7,3,0.9358,0.9222,0.9913,0.9314,0.0466
9,6,7,4,0.9155,0.8966,0.9954,0.9071,0.0392
9,6,7,5,0.9832,0.9821,0.9890,0.9835,0.0310
9,6,7,6,0.9940,0.9951,0.9999,0.9937,0.0131
9,6,7,7,0.9947,0.9937,0.9999,0.9943,0.0088
9,6,7,8,0.9247,0.9126,0.9793,0.9186,0.0453
9,6,7,9,0.8747,0.8358,0.9046,0.8617,0.0489
9,6,7,10,0.9996,0.9994,0.9998,0.9996,0.0009
9,6,7,11,0.9990,0.9985,0.9999,0.9989,0.0017
9,6,8,0,0.9905,0.9893,0.9902,0.9904,0.0215
9,6,8,1,0.9967,0.9969,0.9997,0.9963,0.0047
9,6,8,2,0.9869,0.9873,0.9962,0.9868,0.0247
9,6,8,3,0.9933,0.9943,0.9994,0.9928,0.0115
9,6,8,4,0.7783,0.8362,0.9104,0.7513,0.0547
9,6,8,5,0.8469,0.8078,0.9562,0.8309,0.0600
9,6,8,6,0.9955,0.9967,1.0000,0.9951,0.0058
9,6,8,7,0.7250,0.7422,0.9534,0.6902,0.0522
9,6,8,8,0.9530,0.9505,0.9900,0.9509,0.0434
9,6,8,9,0.9718,0.9762,0.9984,0.9700,0.0291
9,6,8,10,0.9847,0.9788,0.9929,0.9848,0.0283
9,6,8,11,0.9977,0.9975,0.9999,0.9977,0.0076
9,6,9,0,0.9684,0.9700,0.9998,0.9655,0.0223
9,6,9,1,0.9954,0.9959,0.9991,0.9950,0.0077
9,6,9,2,0.9897,0.9911,0.9993,0.9889,0.0136
9,6,9,3,0.7202,0.6855,0.8687,0.6847,0.0742
9,6,9,4,0.9957,0.9969,0.9998,0.9954,0.0070
9,6,9,5,0.9926,0.9918,0.9994,0.9924,0.0174
9,6,9,6,1.0000,1.0000,1.0000,1.0000,0.0000
9,6,9,7,0.9609,0.9648,0.9982,0.9581,0.0333
9,6,9,8,0.9988,0.9988,1.0000,0.9987,0.0047
9,6,9,9,0.9999,0.9999,1.0000,0.9999,0.0007
9,6,9,10,0.8070,0.7859,0.9500,0.7851,0.0610
9,6,9,11,0.9998,0.9998,1.0000,0.9998,0.0008
9,6,10,0,0.9988,0.9991,1.0000,0.9988,0.0051
9,6,10,1,0.9990,0.9992,1.0000,0.9989,0.0037
9,6,10,2,0.9984,0.9981,0.9995,0.9983,0.0062
9,6,10,3,0.9930,0.9901,0.9931,0.9929,0.0167
9,6,10,4,0.9667,0.9646,0.9925,0.9643,0.0307
9,6,10,5,0.8633,0.8339,0.9802,0.8480,0.0447
9,6,10,6,0.9967,0.9974,0.9999,0.9965,0.0097
9,6,10,7,0.9952,0.9940,0.9988,0.9952,0.0144
9,6,10,8,0.9999,0.9999,1.0000,0.9998,0.0004
9,6,10,9,0.8654,0.8331,0.9804,0.8521,0.0548
9,6,10,10,0.9999,0.9999,1.0000,0.9999,0.0005
9,6,10,11,0.8318,0.8384,0.9832,0.8121,0.0319
9,6,11,0,0.5566,0.5780,0.7099,0.4874,0.1001
9,6,11,1,0.9879,0.9881,0.9919,0.9881,0.0257
9,6,11,2,0.9993,0.9990,0.9983,0.9994,0.0052
9,6,11,3,0.8723,0.8768,0.9081,0.8643,0.0691
9,6,11,4,0.9876,0.9840,0.9749,0.9887,0.0311
9,6,11,5,0.9791,0.9816,0.9973,0.9769,0.0119
9,6,11,6,0.9997,0.9997,0.9998,0.9997,0.0025
9,6,11,7,0.9882,0.9856,0.9937,0.9878,0.0207
9,6,11,8,0.1427,0.4804,0.9402,0.0060,0.0727
9,6,11,9,0.9986,0.9987,0.9996,0.9985,0.0051
9,6,11,10,0.9283,0.9156,0.9214,0.9257,0.0559
9,6,11,11,0.9516,0.9423,0.9812,0.9497,0.0450
9,7,0,0,0.9088,0.9248,0.9456,0.8966,0.0449
9,7,0,1,0.1616,0.2456,0.9907,0.0541,0.0304
9,7,0,2,0.8843,0.8743,0.8483,0.8696,0.0537
9,7,0,3,0.2651,0.2711,0.9653,0.1628,0.0195
9,7,0,4,0.4795,0.4721,0.9685,0.3905,0.0178
9,7,0,5,0.2157,0.2442,0.9796,0.1112,0.0247
9,7,0,6,0.8565,0.8587,0.9622,0.8336,0.0543
9,7,0,7,0.7221,0.7129,0.8781,0.6682,0.0586
9,7,0,8,0.6583,0.6513,0.9343,0.5889,0.0554
9,7,0,9,0.8519,0.8245,0.7640,0.8331,0.0634
9,7,0,10,0.7926,0.7630,0.8303,0.7573,0.0622
9,7,0,11,0.8893,0.8691,0.8712,0.8776,0.0561
9,7,1,0,0.7890,0.7925,0.9630,0.7505,0.0510
9,7,1,1,0.8990,0.8926,0.9791,0.8831,0.0375
9,7,1,2,0.8989,0.8959,0.9736,0.8844,0.0492
9,7,1,3,0.9319,0.9034,0.8924,0.9246,0.0378
9,7,1,4,0.9696,0.9670,0.9776,0.9673,0.0331
9,7,1,5,0.9410,0.9580,0.9913,0.9318,0.0209
9,7,1,6,0.8984,0.9240,0.9909,0.8820,0.0332
9,7,1,7,0.9666,0.9660,0.9852,0.9632,0.0312
9,7,1,8,0.9570,0.9601,0.9531,0.9522,0.0306
9,7,1,9,0.9662,0.9769,0.9888,0.9611,0.0174
9,7,1,10,0.2590,0.6190,0.8879,0.0932,0.0610
9,7,1,11,0.3585,0.3328,0.9822,0.2631,0.0159
9,7,2,0,0.8672,0.8649,0.9377,0.8462,0.0496
9,7,2,1,0.9712,0.9815,1.0000,0.9670,0.0097
9,7,2,2,0.5068,0.6073,0.9393,0.4165,0.0303
9,7,2,3,0.7246,0.7419,0.9766,0.6729,0.0439
9,7,2,4,0.9282,0.9441,0.9948,0.9165,0.0216
9,7,2,5,0.7957,0.7898,0.9414,0.7587,0.0466
9,7,2,6,0.9775,0.9843,0.9999,0.9745,0.0126
9,7,2,7,0.8139,0.8085,0.9258,0.7821,0.0569
9,7,2,8,0.8106,0.8129,0.9276,0.7767,0.0405
9,7,2,9,0.6224,0.6334,0.9314,0.5494,0.0413
9,7,2,10,0.9128,0.8963,0.9484,0.9019,0.0489
9,7,2,11,0.9799,0.9833,0.9994,0.9768,0.0152
9,7,3,0,0.9613,0.9699,0.9981,0.9571,0.0230
9,7,3,1,0.9255,0.9237,0.9314,0.9135,0.0278
9,7,3,2,0.4677,0.6046,0.9549,0.3685,0.0308
9,7,3,3,0.9269,0.9469,0.9973,0.9156,0.0125
9,7,3,4,0.9629,0.9687,0.9985,0.9598,0.0306
9,7,3,5,0.9802,0.9794,0.9869,0.9775,0.0193
9,7,3,6,0.6797,0.6813,0.9251,0.6166,0.0501
9,7,3,7,0.6555,0.6563,0.9729,0.5923,0.0337
9,7,3,8,0.8064,0.7835,0.8821,0.7717,0.0450
9,7,3,9,0.6328,0.7760,0.9382,0.5737,0.0129
9,7,3,10,0.9667,0.9604,0.9999,0.9614,0.0112
9,7,3,11,0.7511,0.7899,0.9851,0.7062,0.0331
9,7,4,0,0.6703,0.7239,0.9252,0.6179,0.0117
9,7,4,1,0.8966,0.9136,0.9438,0.8794,0.0254
9,7,4,2,0.9776,0.9820,0.9999,0.9745,0.0131
9,7,4,3,0.8140,0.8483,0.9849,0.7811,0.0329
9,7,4,4,0.9773,0.9793,0.9974,0.9737,0.0076
9,7,4,5,0.7410,0.7975,0.9844,0.6954,0.0254
9,7,4,6,0.9619,0.9578,0.9730,0.9567,0.0252
9,7,4,7,0.5954,0.5875,0.9742,0.5243,0.0245
9,7,4,8,0.9816,0.9829,0.9989,0.9796,0.0186
9,7,4,9,0.9179,0.8962,0.8768,0.9052,0.0325
9,7,4,10,0.9651,0.9700,0.9992,0.9622,0.0291
9,7,4,11,0.2560,0.4146,0.9982,0.1633,0.0352
9,7,5,0,0.9573,0.9674,0.9977,0.9523,0.0194
9,7,5,1,0.9565,0.9623,0.9979,0.9536,0.0346
9,7,5,2,0.8547,0.8489,0.9085,0.8297,0.0362
9,7,5,3,0.8697,0.8585,0.8484,0.8489,0.0463
9,7,5,4,0.8031,0.7819,0.9268,0.7681,0.0298
9,7,5,5,0.9666,0.9734,0.9993,0.9637,0.0274
9,7,5,6,0.9197,0.9201,0.9994,0.9074,0.0134
9,7,5,7,0.9132,0.9362,0.9828,0.8995,0.0134
9,7,5,8,0.9662,0.9814,0.9998,0.9615,0.0112
9,7,5,9,0.9680,0.9708,0.9990,0.9652,0.0289
9,7,5,10,0.9780,0.9843,0.9994,0.9746,0.0062
9,7,5,11,0.9817,0.9822,1.0000,0.9791,0.0100
9,7,6,0,0.7653,0.7850,0.8883,0.7219,0.0434
9,7,6,1,0.9551,0.9581,0.9999,0.9499,0.0222
9,7,6,2,0.9768,0.9830,0.9998,0.9739,0.0186
9,7,6,3,0.9812,0.9841,0.9999,0.9787,0.0100
9,7,6,4,0.9532,0.9666,0.9994,0.9460,0.0185
9,7,6,5,0.9827,0.9824,0.9989,0.9800,0.0104
9,7,6,6,0.9679,0.9730,0.9995,0.9646,0.0244
9,7,6,7,0.9559,0.9574,0.9990,0.9490,0.0190
9,7,6,8,0.9321,0.9436,0.9936,0.9210,0.0173
9,7,6,9,0.9563,0.9629,0.9985,0.9532,0.0340
9,7,6,10,0.9642,0.9687,0.9983,0.9613,0.0314
9,7,6,11,0.8114,0.8243,0.8711,0.7778,0.0388
9,7,7,0,0.6501,0.7429,0.9852,0.5908,0.0230
9,7,7,1,0.9794,0.9809,0.9995,0.9769,0.0159
9,7,7,2,0.9589,0.9672,0.9983,0.9559,0.0332
9,7,7,3,0.9595,0.9727,0.9974,0.9531,0.0151
9,7,7,4,0.9345,0.9610,0.9993,0.9241,0.0119
9,7,7,5,0.9731,0.9761,0.9960,0.9688,0.0115
9,7,7,6,0.9792,0.9815,0.9991,0.9769,0.0202
9,7,7,7,0.9744,0.9792,0.9990,0.9722,0.0245
9,7,7,8,0.9371,0.9676,0.9896,0.9269,0.0156
9,7,7,9,0.8787,0.8816,0.9284,0.8584,0.0167
9,7,7,10,0.9598,0.9652,0.9992,0.9568,0.0324
9,7,7,11,0.9606,0.9695,0.9988,0.9574,0.0316
9,7,8,0,0.9543,0.9648,0.9968,0.9477,0.0150
9,7,8,1,0.9685,0.9721,0.9994,0.9661,0.0286
9,7,8,2,0.9879,0.9885,0.9996,0.9862,0.0121
9,7,8,3,0.9765,0.9791,0.9997,0.9742,0.0218
9,7,8,4,0.7688,0.8712,0.9334,0.7290,0.0243
9,7,8,5,0.8887,0.8926,0.9719,0.8699,0.0272
9,7,8,6,0.9734,0.9750,0.9986,0.9714,0.0275
9,7,8,7,0.6988,0.7653,0.9697,0.6477,0.0236
9,7,8,8,0.9611,0.9704,0.9967,0.9549,0.0146
9,7,8,9,0.9816,0.9851,1.0000,0.9788,0.0092
9,7,8,10,0.9749,0.9824,0.9982,0.9710,0.0115
9,7,8,11,0.9667,0.9713,0.9989,0.9633,0.0257
9,7,9,0,0.9480,0.9603,0.9992,0.9408,0.0131
9,7,9,1,0.9704,0.9731,0.9999,0.9677,0.0256
9,7,9,2,0.9729,0.9754,0.9997,0.9699,0.0197
9,7,9,3,0.7312,0.7460,0.8967,0.6807,0.0415
9,7,9,4,0.9732,0.9754,0.9991,0.9710,0.0264
9,7,9,5,0.9658,0.9736,0.9997,0.9613,0.0167
9,7,9,6,0.9609,0.9648,0.9982,0.9581,0.0333
9,7,9,7,1.0000,1.0000,1.0000,1.0000,0.0000
9,7,9,8,0.9664,0.9710,0.9986,0.9635,0.0286
9,7,9,9,0.9627,0.9662,0.9986,0.9600,0.0329
9,7,9,10,0.8339,0.8734,0.9669,0.8049,0.0285
9,7,9,11,0.9607,0.9654,0.9987,0.9578,0.0331
9,7,10,0,0.9653,0.9692,0.9984,0.9621,0.0282
9,7,10,1,0.9657,0.9688,0.9985,0.9628,0.0296
9,7,10,2,0.9700,0.9743,0.9996,0.9673,0.0272
9,7,10,3,0.9678,0.9765,0.9983,0.9636,0.0182
9,7,10,4,0.9436,0.9563,0.9980,0.9349,0.0066
9,7,10,5,0.8873,0.9060,0.9902,0.8690,0.0161
9,7,10,6,0.9692,0.9724,0.9988,0.9660,0.0236
9,7,10,7,0.9708,0.9745,0.9999,0.9673,0.0194
9,7,10,8,0.9603,0.9648,0.9987,0.9572,0.0329
9,7,10,9,0.9024,0.9087,0.9904,0.8861,0.0228
9,7,10,10,0.9609,0.9647,0.9985,0.9579,0.0328
9,7,10,11,0.8000,0.8500,0.9923,0.7694,0.0104
9,7,11,0,0.6467,0.6468,0.7506,0.5723,0.0676
9,7,11,1,0.9813,0.9817,0.9977,0.9785,0.0108
9,7,11,2,0.9629,0.9666,1.0000,0.9593,0.0283
9,7,11,3,0.8950,0.9063,0.9315,0.8787,0.0363
9,7,11,4,0.9752,0.9766,0.9864,0.9713,0.0161
9,7,11,5,0.9690,0.9714,0.9999,0.9658,0.0222
9,7,11,6,0.9634,0.9670,0.9991,0.9603,0.0308
9,7,11,7,0.9794,0.9830,0.9986,0.9766,0.0131
9,7,11,8,0.2277,0.5760,0.9588,0.0760,0.0412
9,7,11,9,0.9685,0.9723,0.9995,0.9657,0.0282
9,7,11,10,0.9375,0.9411,0.9429,0.9279,0.0226
9,7,11,11,0.9472,0.9699,0.9910,0.9387,0.0132
9,8,0,0,0.8681,0.8641,0.9273,0.8588,0.0724
9,8,0,1,0.1142,0.1887,0.9823,0.0176,0.0071
9,8,0,2,0.8406,0.8227,0.8194,0.8300,0.0809
9,8,0,3,0.2080,0.2162,0.9503,0.1144,0.0140
9,8,0,4,0.4168,0.3962,0.9541,0.3337,0.0454
9,8,0,5,0.1713,0.1948,0.9678,0.0774,0.0052
9,8,0,6,0.7857,0.7893,0.9467,0.7613,0.0821
9,8,0,7,0.6342,0.6290,0.8519,0.5788,0.0870
9,8,0,8,0.5924,0.5941,0.9143,0.5278,0.0832
9,8,0,9,0.7867,0.7620,0.7292,0.7689,0.0912
9,8,0,10,0.7323,0.6985,0.8000,0.7005,0.0905
9,8,0,11,0.8307,0.8070,0.8443,0.8201,0.0837
9,8,1,0,0.7239,0.7182,0.9476,0.6864,0.0788
9,8,1,1,0.8420,0.8263,0.9671,0.8253,0.0653
9,8,1,2,0.8238,0.8225,0.9604,0.8057,0.0754
9,8,1,3,0.9255,0.8929,0.8676,0.9272,0.0643
9,8,1,4,0.9326,0.9270,0.9652,0.9310,0.0564
9,8,1,5,0.9202,0.9146,0.9830,0.9135,0.0489
9,8,1,6,0.8574,0.8501,0.9825,0.8426,0.0613
9,8,1,7,0.9237,0.9207,0.9749,0.9199,0.0564
9,8,1,8,0.9275,0.9307,0.9359,0.9250,0.0573
9,8,1,9,0.9508,0.9606,0.9797,0.9480,0.0429
9,8,1,10,0.1797,0.5350,0.8626,0.0253,0.0880
9,8,1,11,0.3145,0.2861,0.9711,0.2283,0.0224
9,8,2,0,0.8095,0.7950,0.9183,0.7891,0.0777
9,8,2,1,0.9882,0.9896,0.9986,0.9876,0.0202
9,8,2,2,0.4229,0.5141,0.9200,0.3354,0.0560
9,8,2,3,0.6529,0.6655,0.9640,0.6019,0.0715
9,8,2,4,0.9217,0.9238,0.9881,0.9150,0.0492
9,8,2,5,0.7192,0.7096,0.9225,0.6807,0.0749
9,8,2,6,0.9796,0.9832,0.9993,0.9776,0.0171
9,8,2,7,0.7306,0.7250,0.9047,0.6959,0.0845
9,8,2,8,0.7526,0.7290,0.9067,0.7202,0.0689
9,8,2,9,0.5291,0.5431,0.9111,0.4552,0.0697
9,8,2,10,0.8459,0.8275,0.9306,0.8328,0.0760
9,8,2,11,0.9865,0.9847,0.9963,0.9868,0.0289
9,8,3,0,0.9943,0.9934,1.0000,0.9936,0.0062
9,8,3,1,0.9079,0.8920,0.9111,0.8997,0.0535
9,8,3,2,0.3983,0.5190,0.9380,0.3055,0.0581
9,8,3,3,0.9578,0.9650,0.9920,0.9536,0.0285
9,8,3,4,0.9987,0.9989,1.0000,0.9985,0.0020
9,8,3,5,0.9492,0.9464,0.9771,0.9462,0.0437
9,8,3,6,0.5823,0.5846,0.9039,0.5164,0.0779
9,8,3,7,0.5971,0.5878,0.9595,0.5379,0.0607
9,8,3,8,0.7683,0.7301,0.8563,0.7388,0.0723
9,8,3,9,0.5644,0.7029,0.9188,0.5062,0.0357
9,8,3,10,0.9613,0.9452,0.9980,0.9587,0.0353
9,8,3,11,0.6966,0.7208,0.9748,0.6540,0.0609
9,8,4,0,0.6379,0.6361,0.9041,0.5903,0.0329
9,8,4,1,0.8977,0.8879,0.9252,0.8878,0.0538
9,8,4,2,0.9914,0.9911,0.9980,0.9910,0.0165
9,8,4,3,0.7265,0.7592,0.9745,0.6890,0.0613
9,8,4,4,0.9702,0.9635,0.9923,0.9677,0.0273
9,8,4,5,0.7137,0.7440,0.9739,0.6744,0.0525
9,8,4,6,0.9124,0.9038,0.9596,0.9051,0.0519
9,8,4,7,0.5151,0.5024,0.9610,0.4451,0.0487
9,8,4,8,0.9924,0.9929,1.0000,0.9917,0.0100
9,8,4,9,0.8796,0.8541,0.8504,0.8686,0.0611
9,8,4,10,0.9989,0.9987,0.9999,0.9987,0.0010
9,8,4,11,0.1992,0.3405,1.0000,0.1141,0.0066
9,8,5,0,0.9782,0.9675,0.9999,0.9757,0.0100
9,8,5,1,0.9978,0.9981,0.9999,0.9977,0.0060
9,8,5,2,0.7786,0.7586,0.8854,0.7503,0.0648
9,8,5,3,0.8209,0.7828,0.8196,0.8024,0.0739
9,8,5,4,0.7437,0.7028,0.9059,0.7090,0.0573
9,8,5,5,0.9969,0.9965,0.9999,0.9966,0.0025
9,8,5,6,0.9297,0.9189,0.9999,0.9217,0.0291
9,8,5,7,0.9131,0.9267,0.9718,0.9031,0.0291
9,8,5,8,0.9773,0.9727,0.9995,0.9750,0.0182
9,8,5,9,0.9987,0.9991,1.0000,0.9986,0.0016
9,8,5,10,0.9714,0.9664,0.9963,0.9689,0.0243
9,8,5,11,0.9813,0.9782,0.9985,0.9797,0.0197
9,8,6,0,0.6847,0.6814,0.8631,0.6396,0.0715
9,8,6,1,0.9606,0.9630,0.9993,0.9560,0.0070
9,8,6,2,0.9954,0.9950,0.9975,0.9952,0.0105
9,8,6,3,0.9612,0.9646,0.9993,0.9569,0.0213
9,8,6,4,0.9370,0.9363,0.9961,0.9323,0.0460
9,8,6,5,0.9713,0.9680,0.9950,0.9696,0.0314
9,8,6,6,0.9975,0.9967,0.9998,0.9973,0.0042
9,8,6,7,0.9047,0.9091,0.9953,0.8949,0.0455
9,8,6,8,0.9183,0.9143,0.9864,0.9104,0.0459
9,8,6,9,0.9979,0.9983,1.0000,0.9978,0.0054
9,8,6,10,0.9987,0.9987,1.0000,0.9986,0.0028
9,8,6,11,0.7841,0.7674,0.8442,0.7573,0.0674
9,8,7,0,0.6757,0.7285,0.9748,0.6315,0.0474
9,8,7,1,0.9882,0.9896,0.9998,0.9870,0.0127
9,8,7,2,0.9974,0.9980,1.0000,0.9972,0.0046
9,8,7,3,0.9377,0.9304,0.9922,0.9324,0.0418
9,8,7,4,0.9177,0.9049,0.9960,0.9084,0.0348
9,8,7,5,0.9847,0.9854,0.9900,0.9844,0.0262
9,8,7,6,0.9959,0.9969,1.0000,0.9956,0.0084
9,8,7,7,0.9948,0.9941,1.0000,0.9943,0.0051
9,8,7,8,0.9286,0.9222,0.9807,0.9217,0.0405
9,8,7,9,0.8757,0.8446,0.9076,0.8613,0.0442
9,8,7,10,0.9984,0.9984,0.9999,0.9982,0.0038
9,8,7,11,0.9976,0.9979,1.0000,0.9974,0.0033
9,8,8,0,0.9904,0.9905,0.9912,0.9899,0.0168
9,8,8,1,0.9964,0.9965,0.9998,0.9960,0.0031
9,8,8,2,0.9899,0.9905,0.9968,0.9896,0.0199
9,8,8,3,0.9944,0.9950,0.9996,0.9939,0.0068
9,8,8,4,0.7829,0.8480,0.9134,0.7546,0.0500
9,8,8,5,0.8521,0.8202,0.9583,0.8350,0.0552
9,8,8,6,0.9960,0.9969,1.0000,0.9956,0.0037
9,8,8,7,0.7288,0.7584,0.9556,0.6925,0.0475
9,8,8,8,0.9566,0.9570,0.9910,0.9539,0.0387
9,8,8,9,0.9765,0.9795,0.9988,0.9746,0.0244
9,8,8,10,0.9859,0.9821,0.9937,0.9854,0.0236
9,8,8,11,0.9979,0.9984,1.0000,0.9977,0.0031
9,8,9,0,0.9704,0.9745,0.9999,0.9672,0.0178
9,8,9,1,0.9952,0.9959,0.9994,0.9946,0.0038
9,8,9,2,0.9923,0.9932,0.9996,0.9915,0.0089
9,8,9,3,0.7273,0.7014,0.8723,0.6901,0.0695
9,8,9,4,0.9960,0.9970,0.9999,0.9955,0.0030
9,8,9,5,0.9928,0.9932,0.9996,0.9923,0.0127
9,8,9,6,0.9988,0.9988,1.0000,0.9987,0.0047
9,8,9,7,0.9664,0.9710,0.9986,0.9635,0.0286
9,8,9,8,1.0000,1.0000,1.0000,1.0000,0.0000
9,8,9,9,0.9986,0.9987,1.0000,0.9985,0.0043
9,8,9,10,0.8117,0.8008,0.9523,0.7883,0.0563
9,8,9,11,0.9984,0.9987,1.0000,0.9983,0.0045
9,8,10,0,0.9988,0.9993,1.0000,0.9987,0.0017
9,8,10,1,0.9984,0.9987,1.0000,0.9982,0.0024
9,8,10,2,0.9978,0.9978,0.9997,0.9976,0.0025
9,8,10,3,0.9931,0.9917,0.9940,0.9926,0.0119
9,8,10,4,0.9703,0.9702,0.9934,0.9677,0.0260
9,8,10,5,0.8674,0.8429,0.9816,0.8513,0.0403
9,8,10,6,0.9974,0.9986,1.0000,0.9972,0.0050
9,8,10,7,0.9960,0.9954,0.9991,0.9957,0.0097
9,8,10,8,0.9986,0.9986,1.0000,0.9985,0.0043
9,8,10,9,0.8700,0.8433,0.9818,0.8556,0.0501
9,8,10,10,0.9988,0.9989,1.0000,0.9987,0.0042
9,8,10,11,0.8340,0.8510,0.9845,0.8134,0.0272
9,8,11,0,0.5708,0.5897,0.7150,0.5001,0.0954
9,8,11,1,0.9904,0.9914,0.9928,0.9903,0.0210
9,8,11,2,0.9984,0.9983,0.9987,0.9982,0.0031
9,8,11,3,0.8807,0.8873,0.9112,0.8719,0.0644
9,8,11,4,0.9895,0.9866,0.9765,0.9901,0.0264
9,8,11,5,0.9810,0.9828,0.9978,0.9789,0.0077
9,8,11,6,0.9989,0.9990,0.9999,0.9988,0.0025
9,8,11,7,0.9888,0.9875,0.9945,0.9880,0.0160
9,8,11,8,0.1568,0.4937,0.9427,0.0174,0.0680
9,8,11,9,0.9983,0.9981,0.9998,0.9981,0.0020
9,8,11,10,0.9342,0.9248,0.9242,0.9308,0.0512
9,8,11,11,0.9547,0.9507,0.9826,0.9520,0.0403
9,9,0,0,0.8595,0.8562,0.9272,0.8507,0.0767
9,9,0,1,0.1065,0.1821,0.9822,0.0119,0.0046
9,9,0,2,0.8306,0.8156,0.8193,0.8205,0.0853
9,9,0,3,0.1981,0.2094,0.9503,0.1062,0.0181
9,9,0,4,0.4030,0.3844,0.9541,0.3208,0.0497
9,9,0,5,0.1633,0.1890,0.9678,0.0713,0.0083
9,9,0,6,0.7692,0.7794,0.9466,0.7441,0.0864
9,9,0,7,0.6198,0.6168,0.8518,0.5647,0.0913
9,9,0,8,0.5831,0.5889,0.9143,0.5201,0.0875
9,9,0,9,0.7769,0.7567,0.7291,0.7600,0.0955
9,9,0,10,0.7221,0.6927,0.7999,0.6913,0.0948
9,9,0,11,0.8188,0.8004,0.8443,0.8084,0.0880
9,9,1,0,0.7149,0.7089,0.9476,0.6784,0.0832
9,9,1,1,0.8339,0.8181,0.9671,0.8178,0.0697
9,9,1,2,0.8145,0.8156,0.9603,0.7969,0.0798
9,9,1,3,0.9202,0.8900,0.8675,0.9228,0.0686
9,9,1,4,0.9257,0.9229,0.9652,0.9246,0.0607
9,9,1,5,0.9128,0.9088,0.9830,0.9064,0.0533
9,9,1,6,0.8447,0.8382,0.9825,0.8296,0.0656
9,9,1,7,0.9147,0.9151,0.9749,0.9109,0.0607
9,9,1,8,0.9217,0.9262,0.9359,0.9199,0.0617
9,9,1,9,0.9472,0.9581,0.9797,0.9450,0.0472
9,9,1,10,0.1646,0.5295,0.8625,0.0120,0.0924
9,9,1,11,0.3057,0.2794,0.9710,0.2210,0.0268
9,9,2,0,0.8018,0.7846,0.9182,0.7824,0.0820
9,9,2,1,0.9838,0.9860,0.9986,0.9831,0.0245
9,9,2,2,0.4108,0.4988,0.9200,0.3245,0.0603
9,9,2,3,0.6438,0.6549,0.9640,0.5940,0.0758
9,9,2,4,0.9167,0.9197,0.9881,0.9107,0.0535
9,9,2,5,0.7062,0.6959,0.9224,0.6679,0.0792
9,9,2,6,0.9789,0.9820,0.9993,0.9772,0.0214
9,9,2,7,0.7142,0.7148,0.9046,0.6791,0.0888
9,9,2,8,0.7420,0.7111,0.9067,0.7101,0.0732
9,9,2,9,0.5107,0.5283,0.9110,0.4366,0.0740
9,9,2,10,0.8356,0.8200,0.9305,0.8227,0.0803
9,9,2,11,0.9834,0.9819,0.9963,0.9840,0.0332
9,9,3,0,0.9945,0.9931,1.0000,0.9941,0.0102
9,9,3,1,0.9036,0.8855,0.9110,0.8962,0.0579
9,9,3,2,0.3906,0.5063,0.9380,0.2998,0.0624
9,9,3,3,0.9572,0.9613,0.9920,0.9536,0.0328
9,9,3,4,0.9990,0.9991,1.0000,0.9989,0.0024
9,9,3,5,0.9439,0.9424,0.9771,0.9412,0.0480
9,9,3,6,0.5679,0.5695,0.9039,0.5025,0.0823
9,9,3,7,0.5867,0.5738,0.9594,0.5284,0.0651
9,9,3,8,0.7585,0.7162,0.8562,0.7297,0.0766
9,9,3,9,0.5599,0.6836,0.9187,0.5032,0.0400
9,9,3,10,0.9578,0.9410,0.9979,0.9556,0.0396
9,9,3,11,0.6900,0.7111,0.9747,0.6486,0.0652
9,9,4,0,0.6338,0.6130,0.9040,0.5876,0.0373
9,9,4,1,0.8950,0.8815,0.9251,0.8862,0.0581
9,9,4,2,0.9894,0.9882,0.9980,0.9892,0.0209
9,9,4,3,0.7189,0.7558,0.9744,0.6823,0.0656
9,9,4,4,0.9696,0.9626,0.9923,0.9677,0.0316
9,9,4,5,0.7066,0.7325,0.9738,0.6683,0.0568
9,9,4,6,0.9091,0.8997,0.9595,0.9027,0.0563
9,9,4,7,0.5004,0.4918,0.9610,0.4308,0.0530
9,9,4,8,0.9920,0.9921,1.0000,0.9915,0.0143
9,9,4,9,0.8786,0.8508,0.8503,0.8692,0.0655
9,9,4,10,0.9991,0.9993,0.9999,0.9990,0.0038
9,9,4,11,0.1879,0.3286,1.0000,0.1041,0.0022
9,9,5,0,0.9786,0.9654,0.9999,0.9764,0.0143
9,9,5,1,0.9993,0.9994,0.9999,0.9992,0.0020
9,9,5,2,0.7788,0.7522,0.8853,0.7528,0.0691
9,9,5,3,0.8144,0.7710,0.8195,0.7970,0.0782
9,9,5,4,0.7398,0.6879,0.9058,0.7067,0.0617
9,9,5,5,0.9973,0.9961,0.9999,0.9971,0.0055
9,9,5,6,0.9265,0.9138,0.9999,0.9188,0.0335
9,9,5,7,0.9148,0.9215,0.9717,0.9059,0.0335
9,9,5,8,0.9741,0.9668,0.9995,0.9718,0.0226
9,9,5,9,0.9993,0.9993,1.0000,0.9993,0.0041
9,9,5,10,0.9713,0.9647,0.9963,0.9693,0.0286
9,9,5,11,0.9808,0.9776,0.9985,0.9796,0.0240
9,9,6,0,0.6777,0.6675,0.8630,0.6340,0.0758
9,9,6,1,0.9605,0.9630,0.9993,0.9562,0.0108
9,9,6,2,0.9945,0.9932,0.9975,0.9944,0.0148
9,9,6,3,0.9601,0.9644,0.9993,0.9563,0.0256
9,9,6,4,0.9269,0.9266,0.9961,0.9219,0.0504
9,9,6,5,0.9692,0.9666,0.9950,0.9680,0.0357
9,9,6,6,0.9980,0.9970,0.9998,0.9980,0.0085
9,9,6,7,0.9010,0.9055,0.9953,0.8920,0.0498
9,9,6,8,0.9167,0.9108,0.9863,0.9098,0.0502
9,9,6,9,0.9993,0.9996,1.0000,0.9993,0.0013
9,9,6,10,0.9997,0.9997,1.0000,0.9997,0.0016
9,9,6,11,0.7812,0.7555,0.8441,0.7561,0.0718
9,9,7,0,0.6686,0.7141,0.9748,0.6254,0.0517
9,9,7,1,0.9879,0.9891,0.9998,0.9871,0.0171
9,9,7,2,0.9991,0.9992,1.0000,0.9990,0.0010
9,9,7,3,0.9372,0.9248,0.9922,0.9329,0.0462
9,9,7,4,0.9176,0.9000,0.9960,0.9092,0.0388
9,9,7,5,0.9841,0.9829,0.9900,0.9844,0.0306
9,9,7,6,0.9946,0.9957,1.0000,0.9944,0.0127
9,9,7,7,0.9957,0.9946,1.0000,0.9953,0.0084
9,9,7,8,0.9269,0.9151,0.9807,0.9209,0.0449
9,9,7,9,0.8749,0.8400,0.9076,0.8618,0.0485
9,9,7,10,0.9996,0.9995,0.9999,0.9996,0.0010
9,9,7,11,0.9988,0.9986,1.0000,0.9987,0.0013
9,9,8,0,0.9899,0.9893,0.9912,0.9897,0.0211
9,9,8,1,0.9975,0.9977,0.9998,0.9973,0.0043
9,9,8,2,0.9879,0.9882,0.9968,0.9879,0.0243
9,9,8,3,0.9939,0.9949,0.9996,0.9935,0.0112
9,9,8,4,0.7781,0.8383,0.9133,0.7507,0.0543
9,9,8,5,0.8473,0.8118,0.9582,0.8311,0.0596
9,9,8,6,0.9964,0.9973,1.0000,0.9960,0.0054
9,9,8,7,0.7233,0.7412,0.9555,0.6880,0.0518
9,9,8,8,0.9532,0.9512,0.9910,0.9510,0.0430
9,9,8,9,0.9738,0.9778,0.9987,0.9721,0.0287
9,9,8,10,0.9854,0.9799,0.9937,0.9856,0.0279
9,9,8,11,0.9975,0.9973,1.0000,0.9973,0.0072
9,9,9,0,0.9679,0.9696,0.9999,0.9649,0.0219
9,9,9,1,0.9964,0.9968,0.9994,0.9961,0.0073
9,9,9,2,0.9907,0.9919,0.9996,0.9900,0.0132
9,9,9,3,0.7196,0.6875,0.8722,0.6836,0.0739
9,9,9,4,0.9966,0.9975,0.9999,0.9963,0.0066
9,9,9,5,0.9924,0.9917,0.9996,0.9922,0.0171
9,9,9,6,0.9999,0.9999,1.0000,0.9999,0.0007
9,9,9,7,0.9627,0.9662,0.9986,0.9600,0.0329
9,9,9,8,0.9986,0.9987,1.0000,0.9985,0.0043
9,9,9,9,1.0000,1.0000,1.0000,1.0000,0.0000
9,9,9,10,0.8082,0.7887,0.9522,0.7861,0.0606
9,9,9,11,0.9997,0.9997,1.0000,0.9997,0.0012
9,9,10,0,0.9986,0.9989,1.0000,0.9985,0.0047
9,9,10,1,0.9992,0.9994,1.0000,0.9992,0.0033
9,9,10,2,0.9988,0.9986,0.9997,0.9987,0.0058
9,9,10,3,0.9936,0.9910,0.9939,0.9934,0.0163
9,9,10,4,0.9664,0.9643,0.9934,0.9639,0.0303
9,9,10,5,0.8649,0.8387,0.9815,0.8496,0.0443
9,9,10,6,0.9964,0.9973,1.0000,0.9962,0.0093
9,9,10,7,0.9956,0.9943,0.9991,0.9955,0.0140
9,9,10,8,0.9998,0.9998,1.0000,0.9998,0.0010
9,9,10,9,0.8665,0.8365,0.9818,0.8530,0.0544
9,9,10,10,0.9998,0.9998,1.0000,0.9998,0.0007
9,9,10,11,0.8306,0.8369,0.9845,0.8107,0.0315
9,9,11,0,0.5595,0.5819,0.7149,0.4902,0.0997
9,9,11,1,0.9884,0.9888,0.9928,0.9886,0.0253
9,9,11,2,0.9994,0.9991,0.9987,0.9994,0.0049
9,9,11,3,0.8726,0.8777,0.9111,0.8643,0.0687
9,9,11,4,0.9883,0.9848,0.9764,0.9894,0.0307
9,9,11,5,0.9812,0.9836,0.9978,0.9793,0.0115
9,9,11,6,0.9998,0.9998,0.9999,0.9997,0.0021
9,9,11,7,0.9892,0.9866,0.9945,0.9889,0.0203
9,9,11,8,0.1451,0.4845,0.9426,0.0080,0.0723
9,9,11,9,0.9990,0.9991,0.9998,0.9990,0.0047
9,9,11,10,0.9296,0.9170,0.9241,0.9269,0.0555
9,9,11,11,0.9519,0.9439,0.9825,0.9498,0.0446
9,10,0,0,0.8916,0.9231,0.9973,0.8660,0.0206
9,10,0,1,0.2112,0.3487,0.9926,0.0928,0.0581
9,10,0,2,0.9053,0.9137,0.9553,0.8838,0.0278
9,10,0,3,0.3299,0.3777,1.0000,0.2211,0.0462
9,10,0,4,0.5658,0.6092,1.0000,0.4779,0.0130
9,10,0,5,0.2659,0.3400,0.9984,0.1517,0.0523
9,10,0,6,0.8422,0.8899,0.9998,0.8038,0.0261
9,10,0,7,0.8079,0.8433,0.9711,0.7597,0.0307
9,10,0,8,0.6888,0.7385,0.9943,0.6077,0.0274
9,10,0,9,0.8746,0.8796,0.9033,0.8461,0.0365
9,10,0,10,0.8208,0.8311,0.9450,0.7759,0.0342
9,10,0,11,0.8612,0.8862,0.9676,0.8278,0.0311
9,10,1,0,0.8975,0.9007,0.9999,0.8734,0.0236
9,10,1,1,0.8930,0.9038,0.9986,0.8683,0.0125
9,10,1,2,0.8727,0.8973,0.9996,0.8424,0.0247
9,10,1,3,0.8692,0.8416,0.9780,0.8380,0.0258
9,10,1,4,0.8885,0.9014,0.9990,0.8631,0.0222
9,10,1,5,0.8869,0.9165,0.9921,0.8630,0.0118
9,10,1,6,0.9107,0.9308,0.9925,0.8904,0.0129
9,10,1,7,0.8912,0.9069,0.9963,0.8667,0.0182
9,10,1,8,0.8886,0.9136,0.9988,0.8632,0.0142
9,10,1,9,0.8674,0.8877,0.9941,0.8404,0.0163
9,10,1,10,0.4064,0.6719,0.9759,0.2478,0.0341
9,10,1,11,0.4091,0.4233,0.9976,0.3065,0.0386
9,10,2,0,0.8938,0.9293,0.9953,0.8687,0.0214
9,10,2,1,0.8613,0.8592,0.9673,0.8393,0.0361
9,10,2,2,0.6690,0.7529,0.9957,0.5963,0.0115
9,10,2,3,0.8313,0.8408,0.9992,0.7916,0.0155
9,10,2,4,0.9106,0.9057,0.9879,0.8919,0.0089
9,10,2,5,0.8543,0.8909,0.9963,0.8194,0.0189
9,10,2,6,0.8230,0.8482,0.9632,0.7957,0.0405
9,10,2,7,0.8176,0.8545,0.9916,0.7721,0.0290
9,10,2,8,0.8589,0.8805,0.9922,0.8256,0.0131
9,10,2,9,0.7137,0.7666,0.9934,0.6456,0.0134
9,10,2,10,0.8833,0.8969,0.9979,0.8556,0.0247
9,10,2,11,0.8641,0.8571,0.9750,0.8397,0.0311
9,10,3,0,0.8300,0.8110,0.9494,0.8079,0.0504
9,10,3,1,0.8906,0.9219,0.9934,0.8671,0.0117
9,10,3,2,0.7008,0.7627,0.9990,0.6339,0.0071
9,10,3,3,0.8360,0.8370,0.9831,0.8081,0.0328
9,10,3,4,0.8161,0.7938,0.9517,0.7941,0.0582
9,10,3,5,0.8650,0.9002,0.9954,0.8375,0.0210
9,10,3,6,0.7668,0.8376,0.9913,0.7087,0.0219
9,10,3,7,0.7391,0.7719,0.9997,0.6809,0.0084
9,10,3,8,0.8765,0.9103,0.9731,0.8474,0.0194
9,10,3,9,0.7306,0.8536,0.9954,0.6803,0.0232
9,10,3,10,0.8709,0.8667,0.9698,0.8466,0.0215
9,10,3,11,0.8186,0.8557,0.9964,0.7782,0.0093
9,10,4,0,0.7818,0.8200,0.9914,0.7422,0.0254
9,10,4,1,0.9269,0.9416,0.9969,0.9112,0.0085
9,10,4,2,0.8487,0.8482,0.9695,0.8253,0.0397
9,10,4,3,0.8163,0.8578,0.9965,0.7752,0.0108
9,10,4,4,0.8500,0.8552,0.9828,0.8243,0.0293
9,10,4,5,0.8673,0.8748,0.9967,0.8391,0.0114
9,10,4,6,0.8652,0.9102,0.9997,0.8361,0.0190
9,10,4,7,0.6557,0.6750,0.9995,0.5835,0.0139
9,10,4,8,0.8237,0.8323,0.9542,0.7986,0.0463
9,10,4,9,0.8825,0.9115,0.9704,0.8558,0.0101
9,10,4,10,0.8165,0.7995,0.9558,0.7943,0.0568
9,10,4,11,0.4002,0.5513,0.9499,0.3151,0.0628
9,10,5,0,0.8421,0.8321,0.9475,0.8214,0.0476
9,10,5,1,0.8072,0.7812,0.9483,0.7864,0.0623
9,10,5,2,0.8513,0.8922,0.9850,0.8170,0.0125
9,10,5,3,0.9155,0.9256,0.9554,0.8959,0.0181
9,10,5,4,0.8154,0.8565,0.9919,0.7741,0.0118
9,10,5,5,0.8202,0.8026,0.9565,0.7979,0.0551
9,10,5,6,0.8315,0.8545,0.9573,0.8033,0.0342
9,10,5,7,0.8123,0.8696,0.9974,0.7788,0.0306
9,10,5,8,0.8490,0.8486,0.9615,0.8262,0.0388
9,10,5,9,0.8175,0.8000,0.9548,0.7947,0.0565
9,10,5,10,0.8575,0.8656,0.9751,0.8339,0.0320
9,10,5,11,0.8384,0.8398,0.9676,0.8127,0.0366
9,10,6,0,0.8679,0.8876,0.9761,0.8367,0.0186
9,10,6,1,0.7772,0.8315,0.9633,0.7459,0.0498
9,10,6,2,0.8369,0.8290,0.9715,0.8133,0.0458
9,10,6,3,0.8146,0.8481,0.9629,0.7854,0.0366
9,10,6,4,0.8603,0.8805,0.9754,0.8315,0.0136
9,10,6,5,0.8572,0.8709,0.9780,0.8312,0.0275
9,10,6,6,0.8242,0.8070,0.9585,0.8012,0.0521
9,10,6,7,0.8453,0.8994,0.9774,0.8137,0.0136
9,10,6,8,0.9070,0.9073,0.9895,0.8884,0.0146
9,10,6,9,0.8058,0.7805,0.9515,0.7843,0.0617
9,10,6,10,0.8122,0.7927,0.9506,0.7897,0.0590
9,10,6,11,0.9153,0.9382,0.9675,0.8957,0.0130
9,10,7,0,0.7845,0.7975,0.9964,0.7414,0.0168
9,10,7,1,0.8132,0.8325,0.9582,0.7856,0.0438
9,10,7,2,0.8110,0.7901,0.9502,0.7899,0.0609
9,10,7,3,0.9050,0.9150,0.9828,0.8865,0.0197
9,10,7,4,0.9249,0.9210,0.9756,0.9123,0.0231
9,10,7,5,0.8552,0.8710,0.9858,0.8299,0.0300
9,10,7,6,0.8163,0.8239,0.9550,0.7902,0.0479
9,10,7,7,0.8153,0.8167,0.9548,0.7912,0.0522
9,10,7,8,0.8842,0.9290,0.9935,0.8618,0.0210
9,10,7,9,0.9276,0.9200,0.9925,0.9134,0.0150
9,10,7,10,0.8056,0.7848,0.9557,0.7831,0.0601
9,10,7,11,0.8147,0.7969,0.9534,0.7930,0.0593
9,10,8,0,0.8453,0.8338,0.9843,0.8213,0.0397
9,10,8,1,0.8057,0.8042,0.9575,0.7820,0.0563
9,10,8,2,0.8329,0.8469,0.9737,0.8056,0.0374
9,10,8,3,0.8061,0.8245,0.9602,0.7793,0.0497
9,10,8,4,0.9377,0.9478,0.9941,0.9250,0.0165
9,10,8,5,0.9180,0.9142,0.9998,0.9003,0.0108
9,10,8,6,0.8031,0.8094,0.9523,0.7781,0.0552
9,10,8,7,0.8085,0.8113,0.9999,0.7702,0.0151
9,10,8,8,0.8692,0.8855,0.9845,0.8437,0.0207
9,10,8,9,0.8311,0.8646,0.9663,0.8027,0.0321
9,10,8,10,0.8579,0.8586,0.9805,0.8339,0.0329
9,10,8,11,0.8193,0.8043,0.9542,0.7957,0.0534
9,10,9,0,0.8221,0.8330,0.9561,0.7949,0.0405
9,10,9,1,0.8071,0.8124,0.9624,0.7820,0.0533
9,10,9,2,0.8054,0.8288,0.9609,0.7778,0.0474
9,10,9,3,0.8511,0.8349,0.9799,0.8158,0.0135
9,10,9,4,0.8097,0.8127,0.9555,0.7853,0.0540
9,10,9,5,0.8354,0.8240,0.9601,0.8112,0.0438
9,10,9,6,0.8070,0.7859,0.9500,0.7851,0.0610
9,10,9,7,0.8339,0.8734,0.9669,0.8049,0.0285
9,10,9,8,0.8117,0.8008,0.9523,0.7883,0.0563
9,10,9,9,0.8082,0.7887,0.9522,0.7861,0.0606
9,10,9,10,1.0000,1.0000,1.0000,1.0000,0.0000
9,10,9,11,0.8114,0.7874,0.9527,0.7898,0.0607
9,10,10,0,0.8121,0.8002,0.9507,0.7885,0.0559
9,10,10,1,0.8072,0.7979,0.9513,0.7834,0.0573
9,10,10,2,0.8228,0.8056,0.9594,0.8006,0.0548
9,10,10,3,0.8244,0.8252,0.9800,0.7983,0.0449
9,10,10,4,0.8307,0.8629,0.9810,0.8019,0.0306
9,10,10,5,0.9440,0.9431,0.9931,0.9344,0.0176
9,10,10,6,0.8157,0.8097,0.9534,0.7909,0.0513
9,10,10,7,0.8268,0.8218,0.9643,0.8020,0.0468
9,10,10,8,0.8095,0.7866,0.9526,0.7875,0.0606
9,10,10,9,0.9166,0.9129,0.9929,0.8989,0.0109
9,10,10,10,0.8073,0.7872,0.9514,0.7850,0.0605
9,10,10,11,0.7642,0.8192,0.9910,0.7235,0.0323
9,10,11,0,0.7543,0.7400,0.8943,0.6889,0.0394
9,10,11,1,0.8302,0.8456,0.9819,0.8018,0.0358
9,10,11,2,0.8146,0.7972,0.9666,0.7911,0.0560
9,10,11,3,0.8162,0.8896,0.9935,0.7727,0.0105
9,10,11,4,0.8548,0.8495,0.9957,0.8289,0.0325
9,10,11,5,0.7941,0.8275,0.9705,0.7659,0.0504
9,10,11,6,0.8105,0.7937,0.9554,0.7875,0.0585
9,10,11,7,0.8418,0.8403,0.9790,0.8176,0.0405
9,10,11,8,0.4106,0.6514,0.9995,0.2728,0.0132
9,10,11,9,0.8164,0.8040,0.9582,0.7932,0.0559
9,10,11,10,0.8530,0.8981,0.9967,0.8208,0.0143
9,10,11,11,0.9016,0.9037,0.9924,0.8822,0.0181
9,11,0,0,0.8608,0.8556,0.9278,0.8522,0.0769
9,11,0,1,0.1053,0.1802,0.9825,0.0106,0.0052
9,11,0,2,0.8307,0.8160,0.8203,0.8207,0.0854
9,11,0,3,0.1972,0.2078,0.9508,0.1051,0.0182
9,11,0,4,0.4024,0.3834,0.9546,0.3201,0.0498
9,11,0,5,0.1621,0.1869,0.9682,0.0699,0.0084
9,11,0,6,0.7690,0.7793,0.9472,0.7439,0.0866
9,11,0,7,0.6204,0.6172,0.8526,0.5654,0.0914
9,11,0,8,0.5838,0.5875,0.9149,0.5210,0.0876
9,11,0,9,0.7769,0.7568,0.7302,0.7601,0.0956
9,11,0,10,0.7222,0.6920,0.8008,0.6914,0.0950
9,11,0,11,0.8186,0.8003,0.8451,0.8082,0.0882
9,11,1,0,0.7169,0.7084,0.9481,0.6808,0.0833
9,11,1,1,0.8346,0.8186,0.9675,0.8186,0.0698
9,11,1,2,0.8143,0.8158,0.9608,0.7967,0.0799
9,11,1,3,0.9204,0.8898,0.8683,0.9231,0.0687
9,11,1,4,0.9251,0.9230,0.9656,0.9238,0.0609
9,11,1,5,0.9131,0.9090,0.9833,0.9067,0.0534
9,11,1,6,0.8473,0.8371,0.9828,0.8326,0.0657
9,11,1,7,0.9143,0.9155,0.9752,0.9104,0.0609
9,11,1,8,0.9214,0.9263,0.9364,0.9195,0.0618
9,11,1,9,0.9471,0.9582,0.9800,0.9449,0.0474
9,11,1,10,0.1642,0.5271,0.8633,0.0115,0.0925
9,11,1,11,0.3057,0.2779,0.9714,0.2210,0.0269
9,11,2,0,0.8023,0.7847,0.9189,0.7830,0.0821
9,11,2,1,0.9837,0.9863,0.9986,0.9830,0.0247
9,11,2,2,0.4119,0.4991,0.9206,0.3258,0.0605
9,11,2,3,0.6458,0.6548,0.9644,0.5964,0.0760
9,11,2,4,0.9174,0.9198,0.9883,0.9114,0.0537
9,11,2,5,0.7070,0.6969,0.9230,0.6690,0.0794
9,11,2,6,0.9769,0.9810,0.9993,0.9750,0.0215
9,11,2,7,0.7131,0.7143,0.9053,0.6777,0.0889
9,11,2,8,0.7421,0.7124,0.9074,0.7102,0.0733
9,11,2,9,0.5111,0.5281,0.9117,0.4372,0.0741
9,11,2,10,0.8349,0.8199,0.9311,0.8220,0.0804
9,11,2,11,0.9833,0.9824,0.9964,0.9839,0.0333
9,11,3,0,0.9951,0.9935,0.9999,0.9947,0.0104
9,11,3,1,0.9038,0.8865,0.9117,0.8964,0.0580
9,11,3,2,0.3923,0.5046,0.9385,0.3018,0.0626
9,11,3,3,0.9572,0.9611,0.9922,0.9535,0.0329
9,11,3,4,0.9994,0.9994,1.0000,0.9993,0.0025
9,11,3,5,0.9421,0.9419,0.9774,0.9391,0.0481
9,11,3,6,0.5673,0.5689,0.9046,0.5019,0.0824
9,11,3,7,0.5866,0.5733,0.9599,0.5282,0.0652
9,11,3,8,0.7594,0.7173,0.8570,0.7307,0.0767
9,11,3,9,0.5588,0.6835,0.9194,0.5019,0.0401
9,11,3,10,0.9581,0.9415,0.9980,0.9560,0.0397
9,11,3,11,0.6901,0.7104,0.9751,0.6488,0.0653
9,11,4,0,0.6380,0.6140,0.9047,0.5923,0.0374
9,11,4,1,0.8987,0.8806,0.9258,0.8905,0.0582
9,11,4,2,0.9898,0.9888,0.9981,0.9896,0.0210
9,11,4,3,0.7173,0.7535,0.9748,0.6804,0.0657
9,11,4,4,0.9681,0.9616,0.9925,0.9660,0.0317
9,11,4,5,0.7113,0.7331,0.9742,0.6737,0.0569
9,11,4,6,0.9069,0.8984,0.9600,0.9001,0.0564
9,11,4,7,0.5000,0.4916,0.9614,0.4303,0.0531
9,11,4,8,0.9905,0.9913,1.0000,0.9898,0.0144
9,11,4,9,0.8763,0.8495,0.8512,0.8665,0.0656
9,11,4,10,0.9989,0.9991,0.9999,0.9988,0.0039
9,11,4,11,0.1887,0.3271,1.0000,0.1050,0.0021
9,11,5,0,0.9796,0.9636,0.9999,0.9775,0.0144
9,11,5,1,0.9997,0.9996,0.9999,0.9997,0.0018
9,11,5,2,0.7756,0.7488,0.8861,0.7490,0.0693
9,11,5,3,0.8176,0.7713,0.8204,0.8008,0.0783
9,11,5,4,0.7385,0.6875,0.9065,0.7052,0.0618
9,11,5,5,0.9978,0.9964,0.9999,0.9976,0.0056
9,11,5,6,0.9279,0.9140,0.9999,0.9203,0.0336
9,11,5,7,0.9126,0.9190,0.9721,0.9034,0.0336
9,11,5,8,0.9756,0.9666,0.9995,0.9735,0.0227
9,11,5,9,0.9993,0.9993,1.0000,0.9993,0.0042
9,11,5,10,0.9705,0.9636,0.9964,0.9684,0.0287
9,11,5,11,0.9795,0.9769,0.9986,0.9782,0.0241
9,11,6,0,0.6792,0.6670,0.8638,0.6358,0.0760
9,11,6,1,0.9554,0.9587,0.9993,0.9505,0.0109
9,11,6,2,0.9949,0.9935,0.9976,0.9949,0.0150
9,11,6,3,0.9565,0.9618,0.9994,0.9522,0.0257
9,11,6,4,0.9291,0.9269,0.9963,0.9245,0.0505
9,11,6,5,0.9674,0.9654,0.9951,0.9660,0.0358
9,11,6,6,0.9983,0.9973,0.9998,0.9982,0.0087
9,11,6,7,0.8971,0.9030,0.9954,0.8875,0.0500
9,11,6,8,0.9175,0.9094,0.9866,0.9108,0.0504
9,11,6,9,0.9996,0.9995,1.0000,0.9996,0.0014
9,11,6,10,0.9996,0.9997,1.0000,0.9996,0.0017
9,11,6,11,0.7851,0.7541,0.8450,0.7608,0.0719
9,11,7,0,0.6740,0.7164,0.9751,0.6315,0.0518
9,11,7,1,0.9863,0.9880,0.9998,0.9852,0.0172
9,11,7,2,0.9993,0.9989,1.0000,0.9992,0.0020
9,11,7,3,0.9388,0.9228,0.9924,0.9346,0.0463
9,11,7,4,0.9191,0.8974,0.9962,0.9110,0.0390
9,11,7,5,0.9837,0.9829,0.9902,0.9839,0.0307
9,11,7,6,0.9933,0.9949,1.0000,0.9929,0.0129
9,11,7,7,0.9944,0.9938,1.0000,0.9939,0.0085
9,11,7,8,0.9249,0.9134,0.9810,0.9186,0.0450
9,11,7,9,0.8789,0.8361,0.9083,0.8663,0.0487
9,11,7,10,0.9996,0.9994,0.9999,0.9995,0.0009
9,11,7,11,0.9991,0.9985,1.0000,0.9990,0.0017
9,11,8,0,0.9911,0.9899,0.9914,0.9911,0.0213
9,11,8,1,0.9961,0.9964,0.9999,0.9957,0.0047
9,11,8,2,0.9874,0.9882,0.9969,0.9872,0.0244
9,11,8,3,0.9923,0.9941,0.9997,0.9916,0.0113
9,11,8,4,0.7810,0.8379,0.9140,0.7541,0.0544
9,11,8,5,0.8526,0.8097,0.9587,0.8373,0.0597
9,11,8,6,0.9948,0.9962,1.0000,0.9943,0.0055
9,11,8,7,0.7278,0.7440,0.9560,0.6932,0.0519
9,11,8,8,0.9550,0.9519,0.9912,0.9531,0.0432
9,11,8,9,0.9710,0.9761,0.9988,0.9690,0.0289
9,11,8,10,0.9856,0.9799,0.9939,0.9857,0.0281
9,11,8,11,0.9979,0.9979,1.0000,0.9978,0.0073
9,11,9,0,0.9689,0.9710,0.9999,0.9659,0.0220
9,11,9,1,0.9947,0.9956,0.9994,0.9943,0.0075
9,11,9,2,0.9885,0.9905,0.9996,0.9875,0.0134
9,11,9,3,0.7246,0.6869,0.8730,0.6894,0.0740
9,11,9,4,0.9954,0.9965,1.0000,0.9950,0.0067
9,11,9,5,0.9931,0.9924,0.9997,0.9930,0.0172
9,11,9,6,0.9998,0.9998,1.0000,0.9998,0.0008
9,11,9,7,0.9607,0.9654,0.9987,0.9578,0.0331
9,11,9,8,0.9984,0.9987,1.0000,0.9983,0.0045
9,11,9,9,0.9997,0.9997,1.0000,0.9997,0.0012
9,11,9,10,0.8114,0.7874,0.9527,0.7898,0.0607
9,11,9,11,1.0000,1.0000,1.0000,1.0000,0.0000
9,11,10,0,0.9985,0.9989,1.0000,0.9983,0.0049
9,11,10,1,0.9985,0.9988,1.0000,0.9983,0.0034
9,11,10,2,0.9985,0.9982,0.9997,0.9985,0.0059
9,11,10,3,0.9934,0.9905,0.9941,0.9932,0.0164
9,11,10,4,0.9670,0.9658,0.9936,0.9646,0.0304
9,11,10,5,0.8668,0.8340,0.9818,0.8518,0.0445
9,11,10,6,0.9962,0.9972,1.0000,0.9959,0.0094
9,11,10,7,0.9955,0.9944,0.9992,0.9955,0.0142
9,11,10,8,0.9998,0.9998,1.0000,0.9998,0.0009
9,11,10,9,0.8690,0.8327,0.9821,0.8560,0.0546
9,11,10,10,0.9997,0.9998,1.0000,0.9997,0.0010
9,11,10,11,0.8326,0.8400,0.9848,0.8129,0.0316
9,11,11,0,0.5622,0.5797,0.7160,0.4936,0.0998
9,11,11,1,0.9878,0.9887,0.9930,0.9879,0.0254
9,11,11,2,0.9994,0.9991,0.9988,0.9994,0.0050
9,11,11,3,0.8718,0.8777,0.9118,0.8634,0.0689
9,11,11,4,0.9882,0.9852,0.9768,0.9893,0.0308
9,11,11,5,0.9778,0.9807,0.9979,0.9755,0.0117
9,11,11,6,0.9995,0.9996,1.0000,0.9994,0.0022
9,11,11,7,0.9892,0.9867,0.9946,0.9888,0.0205
9,11,11,8,0.1465,0.4824,0.9431,0.0097,0.0724
9,11,11,9,0.9984,0.9986,0.9998,0.9983,0.0049
9,11,11,10,0.9296,0.9179,0.9248,0.9269,0.0556
9,11,11,11,0.9536,0.9436,0.9829,0.9518,0.0447
10,0,0,0,0.8691,0.8631,0.9254,0.8596,0.0720
10,0,0,1,0.1197,0.1902,0.9813,0.0233,0.0080
10,0,0,2,0.8406,0.8202,0.8165,0.8297,0.0805
10,0,0,3,0.2139,0.2180,0.9487,0.1207,0.0142
10,0,0,4,0.4226,0.3971,0.9526,0.3401,0.0450
10,0,0,5,0.1772,0.1966,0.9665,0.0836,0.0059
10,0,0,6,0.7866,0.7878,0.9450,0.7621,0.0817
10,0,0,7,0.6363,0.6276,0.8492,0.5809,0.0866
10,0,0,8,0.5928,0.5929,0.9123,0.5279,0.0828
10,0,0,9,0.7866,0.7600,0.7257,0.7684,0.0908
10,0,0,10,0.7343,0.6979,0.7969,0.7026,0.0901
10,0,0,11,0.8314,0.8063,0.8416,0.8207,0.0833
10,0,1,0,0.7264,0.7183,0.9460,0.6891,0.0784
10,0,1,1,0.8406,0.8243,0.9658,0.8234,0.0649
10,0,1,2,0.8246,0.8210,0.9589,0.8063,0.0750
10,0,1,3,0.9264,0.8925,0.8650,0.9280,0.0639
10,0,1,4,0.9324,0.9260,0.9639,0.9307,0.0560
10,0,1,5,0.9179,0.9132,0.9821,0.9108,0.0485
10,0,1,6,0.8544,0.8481,0.9815,0.8388,0.0609
10,0,1,7,0.9229,0.9193,0.9738,0.9188,0.0560
10,0,1,8,0.9266,0.9293,0.9341,0.9238,0.0569
10,0,1,9,0.9501,0.9598,0.9787,0.9470,0.0425
10,0,1,10,0.1819,0.5339,0.8600,0.0274,0.0876
10,0,1,11,0.3204,0.2879,0.9698,0.2346,0.0220
10,0,2,0,0.8115,0.7936,0.9163,0.7912,0.0773
10,0,2,1,0.9862,0.9889,0.9983,0.9853,0.0198
10,0,2,2,0.4250,0.5141,0.9180,0.3375,0.0556
10,0,2,3,0.6549,0.6642,0.9627,0.6041,0.0711
10,0,2,4,0.9208,0.9235,0.9873,0.9138,0.0488
10,0,2,5,0.7204,0.7085,0.9205,0.6818,0.0745
10,0,2,6,0.9786,0.9822,0.9991,0.9765,0.0167
10,0,2,7,0.7327,0.7244,0.9025,0.6981,0.0841
10,0,2,8,0.7531,0.7231,0.9046,0.7204,0.0685
10,0,2,9,0.5332,0.5422,0.9090,0.4598,0.0693
10,0,2,10,0.8469,0.8263,0.9287,0.8337,0.0756
10,0,2,11,0.9868,0.9845,0.9958,0.9871,0.0285
10,0,3,0,0.9942,0.9940,1.0000,0.9936,0.0063
10,0,3,1,0.9076,0.8907,0.9090,0.8992,0.0531
10,0,3,2,0.4009,0.5176,0.9362,0.3081,0.0577
10,0,3,3,0.9632,0.9669,0.9914,0.9597,0.0281
10,0,3,4,0.9980,0.9987,1.0000,0.9978,0.0026
10,0,3,5,0.9468,0.9447,0.9760,0.9433,0.0433
10,0,3,6,0.5827,0.5832,0.9017,0.5166,0.0775
10,0,3,7,0.6019,0.5877,0.9580,0.5431,0.0603
10,0,3,8,0.7673,0.7282,0.8536,0.7373,0.0719
10,0,3,9,0.5663,0.6950,0.9168,0.5081,0.0353
10,0,3,10,0.9603,0.9449,0.9976,0.9574,0.0349
10,0,3,11,0.6985,0.7208,0.9736,0.6560,0.0605
10,0,4,0,0.6462,0.6320,0.9019,0.5996,0.0325
10,0,4,1,0.8995,0.8886,0.9232,0.8898,0.0534
10,0,4,2,0.9907,0.9914,0.9977,0.9902,0.0161
10,0,4,3,0.7317,0.7604,0.9733,0.6948,0.0609
10,0,4,4,0.9684,0.9618,0.9916,0.9656,0.0269
10,0,4,5,0.7154,0.7438,0.9727,0.6761,0.0521
10,0,4,6,0.9120,0.9015,0.9581,0.9044,0.0516
10,0,4,7,0.5197,0.5037,0.9596,0.4501,0.0483
10,0,4,8,0.9912,0.9923,0.9999,0.9903,0.0096
10,0,4,9,0.8808,0.8532,0.8477,0.8699,0.0607
10,0,4,10,0.9983,0.9986,0.9999,0.9982,0.0020
10,0,4,11,0.2012,0.3411,1.0000,0.1161,0.0070
10,0,5,0,0.9762,0.9654,0.9999,0.9735,0.0104
10,0,5,1,0.9976,0.9984,1.0000,0.9975,0.0064
10,0,5,2,0.7800,0.7571,0.8830,0.7518,0.0644
10,0,5,3,0.8217,0.7791,0.8166,0.8031,0.0735
10,0,5,4,0.7486,0.6986,0.9037,0.7146,0.0569
10,0,5,5,0.9957,0.9960,0.9998,0.9953,0.0029
10,0,5,6,0.9279,0.9215,0.9998,0.9195,0.0287
10,0,5,7,0.9202,0.9276,0.9705,0.9110,0.0287
10,0,5,8,0.9734,0.9690,0.9993,0.9706,0.0178
10,0,5,9,0.9986,0.9989,0.9999,0.9985,0.0014
10,0,5,10,0.9712,0.9659,0.9958,0.9685,0.0239
10,0,5,11,0.9806,0.9774,0.9982,0.9788,0.0193
10,0,6,0,0.6886,0.6790,0.8605,0.6439,0.0711
10,0,6,1,0.9582,0.9618,0.9990,0.9534,0.0071
10,0,6,2,0.9936,0.9936,0.9971,0.9930,0.0101
10,0,6,3,0.9575,0.9619,0.9991,0.9527,0.0209
10,0,6,4,0.9364,0.9341,0.9957,0.9316,0.0457
10,0,6,5,0.9693,0.9666,0.9945,0.9672,0.0310
10,0,6,6,0.9970,0.9969,0.9997,0.9967,0.0038
10,0,6,7,0.9058,0.9085,0.9948,0.8961,0.0451
10,0,6,8,0.9187,0.9154,0.9855,0.9107,0.0455
10,0,6,9,0.9977,0.9983,1.0000,0.9975,0.0058
10,0,6,10,0.9989,0.9990,1.0000,0.9988,0.0034
10,0,6,11,0.7881,0.7644,0.8415,0.7617,0.0670
10,0,7,0,0.6814,0.7307,0.9737,0.6378,0.0470
10,0,7,1,0.9879,0.9893,0.9997,0.9867,0.0123
10,0,7,2,0.9973,0.9980,1.0000,0.9971,0.0050
10,0,7,3,0.9397,0.9296,0.9916,0.9345,0.0415
10,0,7,4,0.9140,0.9030,0.9956,0.9041,0.0344
10,0,7,5,0.9854,0.9851,0.9893,0.9851,0.0258
10,0,7,6,0.9958,0.9965,0.9999,0.9954,0.0080
10,0,7,7,0.9944,0.9936,0.9999,0.9938,0.0045
10,0,7,8,0.9298,0.9212,0.9797,0.9230,0.0401
10,0,7,9,0.8782,0.8446,0.9055,0.8641,0.0438
10,0,7,10,0.9980,0.9982,0.9999,0.9978,0.0042
10,0,7,11,0.9975,0.9978,1.0000,0.9972,0.0039
10,0,8,0,0.9918,0.9917,0.9905,0.9915,0.0164
10,0,8,1,0.9954,0.9961,0.9997,0.9949,0.0043
10,0,8,2,0.9890,0.9896,0.9964,0.9885,0.0195
10,0,8,3,0.9941,0.9953,0.9995,0.9935,0.0064
10,0,8,4,0.7854,0.8467,0.9113,0.7572,0.0496
10,0,8,5,0.8541,0.8193,0.9568,0.8372,0.0548
10,0,8,6,0.9954,0.9965,1.0000,0.9949,0.0041
10,0,8,7,0.7384,0.7583,0.9540,0.7032,0.0471
10,0,8,8,0.9596,0.9569,0.9903,0.9572,0.0383
10,0,8,9,0.9748,0.9787,0.9985,0.9727,0.0240
10,0,8,10,0.9868,0.9816,0.9931,0.9864,0.0232
10,0,8,11,0.9987,0.9985,0.9999,0.9985,0.0025
10,0,9,0,0.9757,0.9771,0.9998,0.9731,0.0174
10,0,9,1,0.9949,0.9959,0.9992,0.9943,0.0045
10,0,9,2,0.9920,0.9932,0.9994,0.9912,0.0085
10,0,9,3,0.7315,0.7007,0.8698,0.6948,0.0691
10,0,9,4,0.9957,0.9971,0.9999,0.9952,0.0037
10,0,9,5,0.9949,0.9944,0.9995,0.9946,0.0123
10,0,9,6,0.9988,0.9991,1.0000,0.9988,0.0051
10,0,9,7,0.9653,0.9692,0.9984,0.9621,0.0282
10,0,9,8,0.9988,0.9993,1.0000,0.9987,0.0017
10,0,9,9,0.9986,0.9989,1.0000,0.9985,0.0047
10,0,9,10,0.8121,0.8002,0.9507,0.7885,0.0559
10,0,9,11,0.9985,0.9989,1.0000,0.9983,0.0049
10,0,10,0,1.0000,1.0000,1.0000,1.0000,0.0000
10,0,10,1,0.9985,0.9990,1.0000,0.9984,0.0030
10,0,10,2,0.9980,0.9977,0.9996,0.9978,0.0021
10,0,10,3,0.9929,0.9909,0.9934,0.9924,0.0115
10,0,10,4,0.9740,0.9715,0.9928,0.9718,0.0256
10,0,10,5,0.8621,0.8412,0.9806,0.8451,0.0399
10,0,10,6,0.9993,0.9994,1.0000,0.9993,0.0046
10,0,10,7,0.9968,0.9959,0.9989,0.9966,0.0093
10,0,10,8,0.9986,0.9988,1.0000,0.9984,0.0047
10,0,10,9,0.8657,0.8421,0.9808,0.8504,0.0497
10,0,10,10,0.9990,0.9992,1.0000,0.9989,0.0046
10,0,10,11,0.8449,0.8532,0.9836,0.8256,0.0268
10,0,11,0,0.5703,0.5878,0.7114,0.4990,0.0950
10,0,11,1,0.9921,0.9914,0.9922,0.9922,0.0206
10,0,11,2,0.9985,0.9986,0.9984,0.9984,0.0033
10,0,11,3,0.8891,0.8889,0.9090,0.8816,0.0640
10,0,11,4,0.9901,0.9860,0.9753,0.9907,0.0260
10,0,11,5,0.9793,0.9819,0.9974,0.9769,0.0084
10,0,11,6,0.9990,0.9992,0.9999,0.9989,0.0034
10,0,11,7,0.9886,0.9877,0.9939,0.9877,0.0156
10,0,11,8,0.1602,0.4912,0.9409,0.0208,0.0676
10,0,11,9,0.9978,0.9981,0.9997,0.9976,0.0024
10,0,11,10,0.9368,0.9243,0.9222,0.9337,0.0508
10,0,11,11,0.9556,0.9496,0.9816,0.9530,0.0399
10,1,0,0,0.8665,0.8598,0.9261,0.8574,0.0735
10,1,0,1,0.1144,0.1873,0.9817,0.0185,0.0060
10,1,0,2,0.8376,0.8183,0.8176,0.8270,0.0820
10,1,0,3,0.2084,0.2158,0.9493,0.1156,0.0148
10,1,0,4,0.4167,0.3939,0.9532,0.3343,0.0464
10,1,0,5,0.1713,0.1944,0.9670,0.0780,0.0060
10,1,0,6,0.7809,0.7827,0.9456,0.7562,0.0832
10,1,0,7,0.6294,0.6215,0.8502,0.5737,0.0880
10,1,0,8,0.5907,0.5909,0.9130,0.5266,0.0842
10,1,0,9,0.7847,0.7580,0.7270,0.7673,0.0922
10,1,0,10,0.7299,0.6963,0.7980,0.6983,0.0916
10,1,0,11,0.8277,0.8031,0.8426,0.8172,0.0847
10,1,1,0,0.7223,0.7145,0.9466,0.6852,0.0799
10,1,1,1,0.8389,0.8219,0.9663,0.8221,0.0664
10,1,1,2,0.8219,0.8189,0.9595,0.8039,0.0765
10,1,1,3,0.9235,0.8895,0.8659,0.9252,0.0653
10,1,1,4,0.9314,0.9251,0.9644,0.9300,0.0575
10,1,1,5,0.9169,0.9127,0.9824,0.9100,0.0500
10,1,1,6,0.8478,0.8438,0.9819,0.8318,0.0623
10,1,1,7,0.9197,0.9174,0.9742,0.9156,0.0575
10,1,1,8,0.9258,0.9285,0.9348,0.9235,0.0584
10,1,1,9,0.9499,0.9599,0.9790,0.9472,0.0439
10,1,1,10,0.1745,0.5294,0.8610,0.0202,0.0891
10,1,1,11,0.3139,0.2855,0.9703,0.2282,0.0235
10,1,2,0,0.8079,0.7895,0.9170,0.7878,0.0787
10,1,2,1,0.9852,0.9876,0.9984,0.9843,0.0213
10,1,2,2,0.4191,0.5044,0.9188,0.3317,0.0571
10,1,2,3,0.6511,0.6586,0.9632,0.6004,0.0725
10,1,2,4,0.9202,0.9235,0.9876,0.9137,0.0502
10,1,2,5,0.7139,0.7016,0.9212,0.6751,0.0760
10,1,2,6,0.9819,0.9849,0.9991,0.9803,0.0181
10,1,2,7,0.7253,0.7193,0.9033,0.6902,0.0855
10,1,2,8,0.7487,0.7162,0.9054,0.7161,0.0699
10,1,2,9,0.5247,0.5342,0.9098,0.4508,0.0707
10,1,2,10,0.8434,0.8236,0.9294,0.8303,0.0770
10,1,2,11,0.9854,0.9833,0.9960,0.9857,0.0299
10,1,3,0,0.9939,0.9938,1.0000,0.9933,0.0072
10,1,3,1,0.9062,0.8892,0.9098,0.8981,0.0546
10,1,3,2,0.3954,0.5107,0.9369,0.3028,0.0592
10,1,3,3,0.9580,0.9620,0.9916,0.9539,0.0295
10,1,3,4,0.9980,0.9986,1.0000,0.9978,0.0020
10,1,3,5,0.9488,0.9458,0.9764,0.9460,0.0447
10,1,3,6,0.5777,0.5746,0.9025,0.5118,0.0790
10,1,3,7,0.5953,0.5781,0.9585,0.5363,0.0618
10,1,3,8,0.7643,0.7222,0.8546,0.7347,0.0733
10,1,3,9,0.5646,0.6878,0.9175,0.5069,0.0367
10,1,3,10,0.9598,0.9437,0.9977,0.9572,0.0363
10,1,3,11,0.6990,0.7155,0.9740,0.6574,0.0619
10,1,4,0,0.6330,0.6165,0.9027,0.5853,0.0340
10,1,4,1,0.8953,0.8867,0.9240,0.8855,0.0548
10,1,4,2,0.9900,0.9894,0.9978,0.9895,0.0176
10,1,4,3,0.7299,0.7597,0.9737,0.6935,0.0623
10,1,4,4,0.9710,0.9649,0.9919,0.9688,0.0283
10,1,4,5,0.7076,0.7359,0.9731,0.6679,0.0535
10,1,4,6,0.9142,0.9032,0.9587,0.9076,0.0530
10,1,4,7,0.5123,0.4989,0.9601,0.4424,0.0497
10,1,4,8,0.9937,0.9938,1.0000,0.9932,0.0110
10,1,4,9,0.8832,0.8540,0.8487,0.8733,0.0622
10,1,4,10,0.9987,0.9992,0.9999,0.9985,0.0018
10,1,4,11,0.1979,0.3349,1.0000,0.1133,0.0055
10,1,5,0,0.9768,0.9697,0.9999,0.9742,0.0110
10,1,5,1,0.9977,0.9985,1.0000,0.9976,0.0050
10,1,5,2,0.7831,0.7562,0.8839,0.7562,0.0659
10,1,5,3,0.8163,0.7749,0.8177,0.7974,0.0749
10,1,5,4,0.7464,0.6941,0.9045,0.7127,0.0584
10,1,5,5,0.9957,0.9955,0.9998,0.9952,0.0028
10,1,5,6,0.9286,0.9161,0.9998,0.9206,0.0302
10,1,5,7,0.9171,0.9235,0.9710,0.9079,0.0302
10,1,5,8,0.9719,0.9682,0.9994,0.9691,0.0193
10,1,5,9,0.9988,0.9990,0.9999,0.9987,0.0021
10,1,5,10,0.9736,0.9679,0.9960,0.9715,0.0253
10,1,5,11,0.9826,0.9795,0.9983,0.9812,0.0207
10,1,6,0,0.6841,0.6726,0.8615,0.6396,0.0725
10,1,6,1,0.9659,0.9679,0.9991,0.9621,0.0075
10,1,6,2,0.9941,0.9937,0.9973,0.9938,0.0115
10,1,6,3,0.9646,0.9675,0.9992,0.9609,0.0223
10,1,6,4,0.9294,0.9285,0.9958,0.9239,0.0471
10,1,6,5,0.9733,0.9694,0.9947,0.9720,0.0324
10,1,6,6,0.9973,0.9968,0.9997,0.9971,0.0058
10,1,6,7,0.9093,0.9112,0.9950,0.9006,0.0466
10,1,6,8,0.9185,0.9159,0.9858,0.9110,0.0470
10,1,6,9,0.9978,0.9987,1.0000,0.9976,0.0043
10,1,6,10,0.9992,0.9993,1.0000,0.9991,0.0017
10,1,6,11,0.7821,0.7603,0.8425,0.7554,0.0685
10,1,7,0,0.6676,0.7155,0.9741,0.6227,0.0484
10,1,7,1,0.9901,0.9910,0.9997,0.9893,0.0138
10,1,7,2,0.9977,0.9990,1.0000,0.9975,0.0041
10,1,7,3,0.9364,0.9304,0.9918,0.9311,0.0429
10,1,7,4,0.9163,0.9068,0.9958,0.9071,0.0356
10,1,7,5,0.9863,0.9845,0.9896,0.9863,0.0273
10,1,7,6,0.9965,0.9972,0.9999,0.9963,0.0094
10,1,7,7,0.9965,0.9958,0.9999,0.9961,0.0056
10,1,7,8,0.9302,0.9209,0.9801,0.9238,0.0416
10,1,7,9,0.8730,0.8472,0.9063,0.8585,0.0453
10,1,7,10,0.9984,0.9987,0.9999,0.9983,0.0030
10,1,7,11,0.9975,0.9987,1.0000,0.9972,0.0030
10,1,8,0,0.9897,0.9898,0.9908,0.9892,0.0178
10,1,8,1,0.9980,0.9983,0.9998,0.9978,0.0026
10,1,8,2,0.9896,0.9896,0.9965,0.9893,0.0210
10,1,8,3,0.9958,0.9963,0.9995,0.9955,0.0079
10,1,8,4,0.7782,0.8425,0.9120,0.7496,0.0510
10,1,8,5,0.8455,0.8180,0.9573,0.8277,0.0563
10,1,8,6,0.9977,0.9984,1.0000,0.9975,0.0026
10,1,8,7,0.7216,0.7412,0.9546,0.6847,0.0485
10,1,8,8,0.9536,0.9528,0.9906,0.9506,0.0397
10,1,8,9,0.9789,0.9817,0.9986,0.9775,0.0254
10,1,8,10,0.9855,0.9820,0.9933,0.9852,0.0247
10,1,8,11,0.9969,0.9969,1.0000,0.9966,0.0039
10,1,9,0,0.9680,0.9698,0.9999,0.9645,0.0186
10,1,9,1,0.9974,0.9975,0.9993,0.9971,0.0041
10,1,9,2,0.9937,0.9944,0.9995,0.9931,0.0100
10,1,9,3,0.7183,0.6914,0.8707,0.6800,0.0706
10,1,9,4,0.9974,0.9984,0.9999,0.9971,0.0035
10,1,9,5,0.9918,0.9918,0.9995,0.9912,0.0138
10,1,9,6,0.9990,0.9992,1.0000,0.9989,0.0037
10,1,9,7,0.9657,0.9688,0.9985,0.9628,0.0296
10,1,9,8,0.9984,0.9987,1.0000,0.9982,0.0024
10,1,9,9,0.9992,0.9994,1.0000,0.9992,0.0033
10,1,9,10,0.8072,0.7979,0.9513,0.7834,0.0573
10,1,9,11,0.9985,0.9988,1.0000,0.9983,0.0034
10,1,10,0,0.9985,0.9990,1.0000,0.9984,0.0030
10,1,10,1,1.0000,1.0000,1.0000,1.0000,0.0000
10,1,10,2,0.9983,0.9984,0.9996,0.9981,0.0033
10,1,10,3,0.9935,0.9920,0.9936,0.9931,0.0130
10,1,10,4,0.9673,0.9657,0.9930,0.9644,0.0270
10,1,10,5,0.8651,0.8481,0.9809,0.8489,0.0411
10,1,10,6,0.9967,0.9976,1.0000,0.9964,0.0060
10,1,10,7,0.9956,0.9947,0.9990,0.9954,0.0108
10,1,10,8,0.9989,0.9991,1.0000,0.9988,0.0033
10,1,10,9,0.8668,0.8450,0.9812,0.8522,0.0512
10,1,10,10,0.9992,0.9993,1.0000,0.9991,0.0031
10,1,10,11,0.8307,0.8370,0.9839,0.8100,0.0282
10,1,11,0,0.5644,0.5835,0.7127,0.4930,0.0964
10,1,11,1,0.9903,0.9901,0.9924,0.9904,0.0220
10,1,11,2,0.9988,0.9988,0.9985,0.9987,0.0029
10,1,11,3,0.8793,0.8801,0.9098,0.8707,0.0655
10,1,11,4,0.9894,0.9853,0.9758,0.9901,0.0274
10,1,11,5,0.9847,0.9864,0.9976,0.9830,0.0083
10,1,11,6,0.9996,0.9996,0.9999,0.9995,0.0020
10,1,11,7,0.9897,0.9876,0.9941,0.9891,0.0171
10,1,11,8,0.1519,0.4859,0.9416,0.0127,0.0690
10,1,11,9,0.9994,0.9994,0.9997,0.9994,0.0017
10,1,11,10,0.9326,0.9191,0.9230,0.9292,0.0522
10,1,11,11,0.9518,0.9471,0.9820,0.9489,0.0413
10,2,0,0,0.8740,0.8703,0.9361,0.8649,0.0710
10,2,0,1,0.1218,0.1962,0.9865,0.0250,0.0091
10,2,0,2,0.8456,0.8322,0.8331,0.8351,0.0795
10,2,0,3,0.2160,0.2244,0.9576,0.1223,0.0142
10,2,0,4,0.4233,0.4039,0.9611,0.3401,0.0439
10,2,0,5,0.1787,0.2022,0.9736,0.0846,0.0070
10,2,0,6,0.7868,0.7957,0.9542,0.7616,0.0807
10,2,0,7,0.6418,0.6368,0.8643,0.5867,0.0855
10,2,0,8,0.5977,0.6023,0.9239,0.5330,0.0817
10,2,0,9,0.7932,0.7733,0.7456,0.7758,0.0897
10,2,0,10,0.7409,0.7108,0.8143,0.7098,0.0891
10,2,0,11,0.8357,0.8163,0.8571,0.8252,0.0823
10,2,1,0,0.7342,0.7264,0.9551,0.6977,0.0774
10,2,1,1,0.8512,0.8363,0.9730,0.8354,0.0639
10,2,1,2,0.8337,0.8345,0.9668,0.8166,0.0740
10,2,1,3,0.9272,0.8957,0.8794,0.9284,0.0628
10,2,1,4,0.9382,0.9356,0.9713,0.9370,0.0550
10,2,1,5,0.9259,0.9232,0.9872,0.9197,0.0475
10,2,1,6,0.8610,0.8545,0.9867,0.8462,0.0598
10,2,1,7,0.9276,0.9280,0.9800,0.9239,0.0550
10,2,1,8,0.9319,0.9379,0.9442,0.9296,0.0559
10,2,1,9,0.9552,0.9673,0.9843,0.9526,0.0415
10,2,1,10,0.1817,0.5457,0.8746,0.0259,0.0866
10,2,1,11,0.3216,0.2922,0.9766,0.2352,0.0210
10,2,2,0,0.8182,0.8021,0.9276,0.7987,0.0762
10,2,2,1,0.9861,0.9897,0.9996,0.9851,0.0188
10,2,2,2,0.4310,0.5210,0.9293,0.3436,0.0546
10,2,2,3,0.6611,0.6723,0.9702,0.6107,0.0701
10,2,2,4,0.9251,0.9294,0.9915,0.9185,0.0478
10,2,2,5,0.7268,0.7163,0.9316,0.6888,0.0735
10,2,2,6,0.9841,0.9878,0.9999,0.9825,0.0156
10,2,2,7,0.7360,0.7344,0.9148,0.7013,0.0830
10,2,2,8,0.7605,0.7311,0.9167,0.7285,0.0674
10,2,2,9,0.5335,0.5487,0.9209,0.4593,0.0682
10,2,2,10,0.8542,0.8386,0.9392,0.8418,0.0745
10,2,2,11,0.9884,0.9873,0.9981,0.9887,0.0274
10,2,3,0,0.9950,0.9936,0.9994,0.9945,0.0066
10,2,3,1,0.9150,0.9007,0.9208,0.9075,0.0521
10,2,3,2,0.4064,0.5249,0.9462,0.3137,0.0567
10,2,3,3,0.9594,0.9626,0.9948,0.9551,0.0270
10,2,3,4,0.9984,0.9984,0.9997,0.9982,0.0034
10,2,3,5,0.9532,0.9538,0.9820,0.9504,0.0422
10,2,3,6,0.5881,0.5904,0.9140,0.5222,0.0765
10,2,3,7,0.6029,0.5886,0.9660,0.5436,0.0593
10,2,3,8,0.7731,0.7326,0.8686,0.7437,0.0708
10,2,3,9,0.5778,0.6998,0.9281,0.5206,0.0342
10,2,3,10,0.9650,0.9498,0.9992,0.9626,0.0338
10,2,3,11,0.7052,0.7281,0.9799,0.6632,0.0594
10,2,4,0,0.6510,0.6298,0.9142,0.6045,0.0315
10,2,4,1,0.9052,0.8931,0.9341,0.8960,0.0523
10,2,4,2,0.9917,0.9913,0.9993,0.9912,0.0151
10,2,4,3,0.7390,0.7743,0.9796,0.7028,0.0598
10,2,4,4,0.9767,0.9718,0.9950,0.9749,0.0258
10,2,4,5,0.7180,0.7441,0.9791,0.6786,0.0510
10,2,4,6,0.9235,0.9159,0.9661,0.9175,0.0505
10,2,4,7,0.5247,0.5136,0.9674,0.4552,0.0472
10,2,4,8,0.9940,0.9948,0.9998,0.9934,0.0085
10,2,4,9,0.8905,0.8668,0.8629,0.8808,0.0597
10,2,4,10,0.9989,0.9989,0.9999,0.9988,0.0025
10,2,4,11,0.1999,0.3448,0.9995,0.1139,0.0080
10,2,5,0,0.9831,0.9698,0.9992,0.9811,0.0098
10,2,5,1,0.9975,0.9972,0.9993,0.9975,0.0075
10,2,5,2,0.7963,0.7721,0.8964,0.7703,0.0634
10,2,5,3,0.8323,0.7898,0.8332,0.8152,0.0724
10,2,5,4,0.7577,0.7085,0.9159,0.7246,0.0559
10,2,5,5,0.9974,0.9961,0.9999,0.9971,0.0037
10,2,5,6,0.9278,0.9172,1.0000,0.9193,0.0277
10,2,5,7,0.9214,0.9288,0.9772,0.9122,0.0277
10,2,5,8,0.9789,0.9720,1.0000,0.9767,0.0168
10,2,5,9,0.9992,0.9990,0.9999,0.9991,0.0022
10,2,5,10,0.9787,0.9739,0.9981,0.9769,0.0228
10,2,5,11,0.9870,0.9846,0.9995,0.9860,0.0182
10,2,6,0,0.6974,0.6872,0.8751,0.6537,0.0701
10,2,6,1,0.9617,0.9664,0.9999,0.9572,0.0068
10,2,6,2,0.9967,0.9962,0.9989,0.9966,0.0091
10,2,6,3,0.9668,0.9726,0.9999,0.9631,0.0198
10,2,6,4,0.9365,0.9351,0.9980,0.9314,0.0446
10,2,6,5,0.9765,0.9754,0.9971,0.9753,0.0299
10,2,6,6,0.9983,0.9974,1.0000,0.9981,0.0028
10,2,6,7,0.9139,0.9198,0.9973,0.9050,0.0441
10,2,6,8,0.9263,0.9215,0.9901,0.9191,0.0445
10,2,6,9,0.9976,0.9974,0.9996,0.9976,0.0068
10,2,6,10,0.9991,0.9988,0.9996,0.9990,0.0042
10,2,6,11,0.7969,0.7721,0.8570,0.7715,0.0660
10,2,7,0,0.6716,0.7181,0.9799,0.6260,0.0459
10,2,7,1,0.9909,0.9921,1.0000,0.9900,0.0113
10,2,7,2,0.9982,0.9980,0.9995,0.9982,0.0063
10,2,7,3,0.9497,0.9368,0.9950,0.9457,0.0404
10,2,7,4,0.9299,0.9144,0.9979,0.9220,0.0331
10,2,7,5,0.9869,0.9865,0.9932,0.9867,0.0248
10,2,7,6,0.9965,0.9976,0.9999,0.9962,0.0070
10,2,7,7,0.9973,0.9970,0.9999,0.9970,0.0045
10,2,7,8,0.9361,0.9283,0.9852,0.9299,0.0391
10,2,7,9,0.8889,0.8539,0.9176,0.8760,0.0428
10,2,7,10,0.9982,0.9979,0.9999,0.9981,0.0052
10,2,7,11,0.9983,0.9980,0.9998,0.9982,0.0052
10,2,8,0,0.9904,0.9894,0.9941,0.9897,0.0153
10,2,8,1,0.9969,0.9975,1.0000,0.9966,0.0054
10,2,8,2,0.9917,0.9923,0.9984,0.9915,0.0185
10,2,8,3,0.9943,0.9956,1.0000,0.9937,0.0056
10,2,8,4,0.7861,0.8486,0.9230,0.7576,0.0485
10,2,8,5,0.8660,0.8286,0.9649,0.8506,0.0538
10,2,8,6,0.9964,0.9974,0.9997,0.9960,0.0051
10,2,8,7,0.7272,0.7448,0.9624,0.6900,0.0460
10,2,8,8,0.9610,0.9588,0.9940,0.9586,0.0373
10,2,8,9,0.9787,0.9836,0.9997,0.9770,0.0230
10,2,8,10,0.9904,0.9858,0.9961,0.9904,0.0222
10,2,8,11,0.9975,0.9970,0.9998,0.9972,0.0017
10,2,9,0,0.9705,0.9711,0.9999,0.9671,0.0161
10,2,9,1,0.9960,0.9968,0.9999,0.9955,0.0052
10,2,9,2,0.9912,0.9926,1.0000,0.9902,0.0075
10,2,9,3,0.7312,0.6979,0.8839,0.6939,0.0681
10,2,9,4,0.9971,0.9978,0.9999,0.9968,0.0047
10,2,9,5,0.9939,0.9928,1.0000,0.9934,0.0113
10,2,9,6,0.9984,0.9981,0.9995,0.9983,0.0062
10,2,9,7,0.9700,0.9743,0.9996,0.9673,0.0272
10,2,9,8,0.9978,0.9978,0.9997,0.9976,0.0025
10,2,9,9,0.9988,0.9986,0.9997,0.9987,0.0058
10,2,9,10,0.8228,0.8056,0.9594,0.8006,0.0548
10,2,9,11,0.9985,0.9982,0.9997,0.9985,0.0059
10,2,10,0,0.9980,0.9977,0.9996,0.9978,0.0021
10,2,10,1,0.9983,0.9984,0.9996,0.9981,0.0033
10,2,10,2,1.0000,1.0000,1.0000,1.0000,0.0000
10,2,10,3,0.9959,0.9936,0.9963,0.9957,0.0105
10,2,10,4,0.9685,0.9659,0.9959,0.9654,0.0245
10,2,10,5,0.8804,0.8553,0.9859,0.8658,0.0386
10,2,10,6,0.9966,0.9967,0.9998,0.9962,0.0035
10,2,10,7,0.9968,0.9955,0.9998,0.9966,0.0083
10,2,10,8,0.9985,0.9982,0.9997,0.9984,0.0058
10,2,10,9,0.8801,0.8501,0.9861,0.8668,0.0487
10,2,10,10,0.9984,0.9980,0.9996,0.9983,0.0056
10,2,10,11,0.8324,0.8380,0.9885,0.8113,0.0257
10,2,11,0,0.5831,0.5944,0.7318,0.5139,0.0939
10,2,11,1,0.9914,0.9919,0.9954,0.9913,0.0195
10,2,11,2,0.9986,0.9981,0.9996,0.9984,0.0030
10,2,11,3,0.8807,0.8835,0.9209,0.8712,0.0630
10,2,11,4,0.9920,0.9891,0.9814,0.9927,0.0249
10,2,11,5,0.9827,0.9863,0.9991,0.9807,0.0092
10,2,11,6,0.9987,0.9985,0.9999,0.9986,0.0042
10,2,11,7,0.9930,0.9912,0.9967,0.9926,0.0146
10,2,11,8,0.1643,0.5002,0.9505,0.0245,0.0665
10,2,11,9,0.9990,0.9992,1.0000,0.9989,0.0026
10,2,11,10,0.9369,0.9254,0.9332,0.9335,0.0497
10,2,11,11,0.9592,0.9523,0.9868,0.9568,0.0388
10,3,0,0,0.8813,0.8793,0.9628,0.8688,0.0605
10,3,0,1,0.1522,0.2278,0.9969,0.0520,0.0161
10,3,0,2,0.8594,0.8476,0.8774,0.8459,0.0690
10,3,0,3,0.2401,0.2480,0.9788,0.1427,0.0150
10,3,0,4,0.4356,0.4172,0.9812,0.3475,0.0335
10,3,0,5,0.2036,0.2305,0.9896,0.1058,0.0114
10,3,0,6,0.7926,0.8002,0.9763,0.7625,0.0704
10,3,0,7,0.6613,0.6510,0.9042,0.6026,0.0753
10,3,0,8,0.6408,0.6383,0.9533,0.5773,0.0712
10,3,0,9,0.8156,0.7944,0.7999,0.7962,0.0792
10,3,0,10,0.7660,0.7362,0.8610,0.7331,0.0786
10,3,0,11,0.8550,0.8377,0.8980,0.8424,0.0718
10,3,1,0,0.7380,0.7339,0.9770,0.6961,0.0677
10,3,1,1,0.8595,0.8408,0.9892,0.8407,0.0542
10,3,1,2,0.8435,0.8388,0.9852,0.8231,0.0643
10,3,1,3,0.9400,0.9134,0.9169,0.9394,0.0523
10,3,1,4,0.9437,0.9396,0.9881,0.9400,0.0445
10,3,1,5,0.9312,0.9301,0.9972,0.9231,0.0375
10,3,1,6,0.8651,0.8639,0.9970,0.8468,0.0501
10,3,1,7,0.9313,0.9303,0.9935,0.9248,0.0450
10,3,1,8,0.9409,0.9458,0.9689,0.9367,0.0454
10,3,1,9,0.9608,0.9693,0.9958,0.9569,0.0317
10,3,1,10,0.2259,0.5735,0.9129,0.0677,0.0769
10,3,1,11,0.3453,0.3159,0.9914,0.2558,0.0142
10,3,2,0,0.8256,0.8101,0.9562,0.8019,0.0657
10,3,2,1,0.9821,0.9882,0.9984,0.9798,0.0093
10,3,2,2,0.4505,0.5401,0.9575,0.3590,0.0449
10,3,2,3,0.6703,0.6757,0.9874,0.6152,0.0603
10,3,2,4,0.9265,0.9307,0.9990,0.9174,0.0380
10,3,2,5,0.7358,0.7250,0.9593,0.6933,0.0635
10,3,2,6,0.9834,0.9867,0.9974,0.9811,0.0080
10,3,2,7,0.7496,0.7438,0.9460,0.7109,0.0725
10,3,2,8,0.7700,0.7509,0.9475,0.7343,0.0575
10,3,2,9,0.5426,0.5526,0.9508,0.4625,0.0582
10,3,2,10,0.8606,0.8435,0.9651,0.8442,0.0640
10,3,2,11,0.9876,0.9852,0.9997,0.9866,0.0177
10,3,3,0,0.9900,0.9884,0.9929,0.9889,0.0081
10,3,3,1,0.9216,0.9135,0.9508,0.9121,0.0421
10,3,3,2,0.4276,0.5504,0.9704,0.3306,0.0462
10,3,3,3,0.9608,0.9683,0.9999,0.9556,0.0171
10,3,3,4,0.9941,0.9916,0.9937,0.9938,0.0139
10,3,3,5,0.9538,0.9598,0.9945,0.9488,0.0325
10,3,3,6,0.6050,0.6072,0.9454,0.5347,0.0662
10,3,3,7,0.6119,0.6041,0.9846,0.5480,0.0491
10,3,3,8,0.7856,0.7569,0.9078,0.7530,0.0603
10,3,3,9,0.5804,0.7262,0.9566,0.5188,0.0245
10,3,3,10,0.9630,0.9505,0.9989,0.9586,0.0241
10,3,3,11,0.7063,0.7295,0.9934,0.6593,0.0497
10,3,4,0,0.6508,0.6449,0.9455,0.6002,0.0218
10,3,4,1,0.9069,0.9051,0.9613,0.8949,0.0424
10,3,4,2,0.9865,0.9893,0.9989,0.9847,0.0064
10,3,4,3,0.7404,0.7742,0.9932,0.6994,0.0496
10,3,4,4,0.9769,0.9725,0.9999,0.9739,0.0156
10,3,4,5,0.7167,0.7516,0.9929,0.6723,0.0413
10,3,4,6,0.9285,0.9231,0.9847,0.9203,0.0403
10,3,4,7,0.5331,0.5197,0.9856,0.4587,0.0375
10,3,4,8,0.9890,0.9905,0.9946,0.9876,0.0051
10,3,4,9,0.9003,0.8906,0.9030,0.8884,0.0492
10,3,4,10,0.9941,0.9923,0.9952,0.9938,0.0125
10,3,4,11,0.2191,0.3677,0.9931,0.1293,0.0185
10,3,5,0,0.9825,0.9682,0.9922,0.9804,0.0109
10,3,5,1,0.9917,0.9887,0.9925,0.9917,0.0180
10,3,5,2,0.8050,0.7974,0.9311,0.7757,0.0529
10,3,5,3,0.8419,0.8132,0.8775,0.8214,0.0619
10,3,5,4,0.7678,0.7310,0.9469,0.7317,0.0459
10,3,5,5,0.9920,0.9917,0.9954,0.9913,0.0108
10,3,5,6,0.9203,0.9207,0.9957,0.9093,0.0198
10,3,5,7,0.9239,0.9429,0.9918,0.9134,0.0185
10,3,5,8,0.9768,0.9718,0.9970,0.9737,0.0108
10,3,5,9,0.9948,0.9922,0.9948,0.9945,0.0122
10,3,5,10,0.9753,0.9725,0.9997,0.9721,0.0142
10,3,5,11,0.9863,0.9839,0.9985,0.9845,0.0091
10,3,6,0,0.7078,0.7128,0.9133,0.6599,0.0603
10,3,6,1,0.9584,0.9713,0.9974,0.9533,0.0092
10,3,6,2,0.9950,0.9951,0.9992,0.9943,0.0043
10,3,6,3,0.9660,0.9720,0.9973,0.9614,0.0143
10,3,6,4,0.9375,0.9344,0.9998,0.9300,0.0344
10,3,6,5,0.9765,0.9764,1.0000,0.9739,0.0199
10,3,6,6,0.9945,0.9929,0.9961,0.9940,0.0077
10,3,6,7,0.9121,0.9196,0.9999,0.9003,0.0344
10,3,6,8,0.9237,0.9279,0.9985,0.9137,0.0342
10,3,6,9,0.9926,0.9898,0.9937,0.9926,0.0173
10,3,6,10,0.9942,0.9911,0.9933,0.9940,0.0147
10,3,6,11,0.8092,0.8035,0.8979,0.7810,0.0555
10,3,7,0,0.6817,0.7359,0.9934,0.6332,0.0362
10,3,7,1,0.9878,0.9894,0.9960,0.9862,0.0058
10,3,7,2,0.9937,0.9907,0.9932,0.9937,0.0165
10,3,7,3,0.9499,0.9420,0.9999,0.9439,0.0302
10,3,7,4,0.9288,0.9285,0.9998,0.9190,0.0241
10,3,7,5,0.9861,0.9882,0.9995,0.9846,0.0148
10,3,7,6,0.9932,0.9936,0.9949,0.9924,0.0049
10,3,7,7,0.9943,0.9930,0.9948,0.9938,0.0081
10,3,7,8,0.9387,0.9407,0.9963,0.9308,0.0286
10,3,7,9,0.8936,0.8721,0.9482,0.8787,0.0323
10,3,7,10,0.9934,0.9915,0.9952,0.9932,0.0157
10,3,7,11,0.9939,0.9917,0.9943,0.9937,0.0150
10,3,8,0,0.9910,0.9915,0.9997,0.9898,0.0054
10,3,8,1,0.9922,0.9930,0.9957,0.9917,0.0122
10,3,8,2,0.9904,0.9935,0.9996,0.9893,0.0093
10,3,8,3,0.9910,0.9937,0.9966,0.9899,0.0075
10,3,8,4,0.7887,0.8647,0.9525,0.7568,0.0380
10,3,8,5,0.8703,0.8489,0.9839,0.8521,0.0438
10,3,8,6,0.9919,0.9926,0.9940,0.9913,0.0119
10,3,8,7,0.7356,0.7655,0.9821,0.6956,0.0371
10,3,8,8,0.9607,0.9578,0.9997,0.9563,0.0270
10,3,8,9,0.9766,0.9836,0.9982,0.9736,0.0132
10,3,8,10,0.9920,0.9889,1.0000,0.9912,0.0119
10,3,8,11,0.9933,0.9910,0.9946,0.9926,0.0091
10,3,9,0,0.9649,0.9671,0.9953,0.9602,0.0104
10,3,9,1,0.9916,0.9934,0.9972,0.9908,0.0100
10,3,9,2,0.9872,0.9917,0.9968,0.9856,0.0070
10,3,9,3,0.7529,0.7382,0.9207,0.7139,0.0576
10,3,9,4,0.9918,0.9934,0.9951,0.9911,0.0105
10,3,9,5,0.9905,0.9884,0.9965,0.9893,0.0026
10,3,9,6,0.9930,0.9901,0.9931,0.9929,0.0167
10,3,9,7,0.9678,0.9765,0.9983,0.9636,0.0182
10,3,9,8,0.9931,0.9917,0.9940,0.9926,0.0119
10,3,9,9,0.9936,0.9910,0.9939,0.9934,0.0163
10,3,9,10,0.8244,0.8252,0.9800,0.7983,0.0449
10,3,9,11,0.9934,0.9905,0.9941,0.9932,0.0164
10,3,10,0,0.9929,0.9909,0.9934,0.9924,0.0115
10,3,10,1,0.9935,0.9920,0.9936,0.9931,0.0130
10,3,10,2,0.9959,0.9936,0.9963,0.9957,0.0105
10,3,10,3,1.0000,1.0000,1.0000,1.0000,0.0000
10,3,10,4,0.9688,0.9691,1.0000,0.9646,0.0143
10,3,10,5,0.8834,0.8751,0.9966,0.8668,0.0315
10,3,10,6,0.9922,0.9911,0.9944,0.9913,0.0070
10,3,10,7,0.9928,0.9922,0.9977,0.9919,0.0028
10,3,10,8,0.9935,0.9905,0.9941,0.9934,0.0163
10,3,10,9,0.8829,0.8673,0.9967,0.8667,0.0382
10,3,10,10,0.9934,0.9904,0.9936,0.9932,0.0161
10,3,10,11,0.8359,0.8477,0.9978,0.8130,0.0173
10,3,11,0,0.6168,0.6330,0.7874,0.5465,0.0834
10,3,11,1,0.9897,0.9926,1.0000,0.9885,0.0093
10,3,11,2,0.9945,0.9932,0.9983,0.9942,0.0114
10,3,11,3,0.8944,0.9034,0.9509,0.8831,0.0525
10,3,11,4,0.9941,0.9929,0.9942,0.9939,0.0150
10,3,11,5,0.9790,0.9873,0.9991,0.9766,0.0144
10,3,11,6,0.9940,0.9918,0.9951,0.9937,0.0142
10,3,11,7,0.9883,0.9926,1.0000,0.9868,0.0051
10,3,11,8,0.2094,0.5316,0.9736,0.0674,0.0568
10,3,11,9,0.9946,0.9932,0.9960,0.9942,0.0115
10,3,11,10,0.9437,0.9401,0.9605,0.9384,0.0392
10,3,11,11,0.9619,0.9583,0.9970,0.9578,0.0283
10,4,0,0,0.8896,0.8992,0.9641,0.8741,0.0470
10,4,0,1,0.1813,0.2637,0.9973,0.0779,0.0278
10,4,0,2,0.8801,0.8706,0.8798,0.8657,0.0558
10,4,0,3,0.2776,0.2901,0.9798,0.1786,0.0164
10,4,0,4,0.4789,0.4815,0.9822,0.3912,0.0194
10,4,0,5,0.2346,0.2651,0.9903,0.1341,0.0220
10,4,0,6,0.8283,0.8399,0.9774,0.8003,0.0564
10,4,0,7,0.7141,0.7151,0.9063,0.6600,0.0610
10,4,0,8,0.6624,0.6571,0.9547,0.5959,0.0575
10,4,0,9,0.8353,0.8158,0.8029,0.8136,0.0655
10,4,0,10,0.7851,0.7591,0.8635,0.7495,0.0645
10,4,0,11,0.8724,0.8587,0.9002,0.8577,0.0582
10,4,1,0,0.7679,0.7832,0.9780,0.7261,0.0534
10,4,1,1,0.8751,0.8717,0.9899,0.8552,0.0399
10,4,1,2,0.8665,0.8633,0.9860,0.8460,0.0513
10,4,1,3,0.9375,0.9113,0.9189,0.9323,0.0391
10,4,1,4,0.9441,0.9402,0.9888,0.9374,0.0359
10,4,1,5,0.9297,0.9313,0.9976,0.9189,0.0232
10,4,1,6,0.8650,0.8859,0.9974,0.8428,0.0358
10,4,1,7,0.9370,0.9362,0.9940,0.9285,0.0341
10,4,1,8,0.9446,0.9517,0.9701,0.9380,0.0329
10,4,1,9,0.9529,0.9637,0.9962,0.9459,0.0188
10,4,1,10,0.2712,0.5946,0.9149,0.1113,0.0631
10,4,1,11,0.3767,0.3574,0.9921,0.2854,0.0104
10,4,2,0,0.8434,0.8538,0.9576,0.8182,0.0517
10,4,2,1,0.9713,0.9800,0.9981,0.9670,0.0100
10,4,2,2,0.5080,0.6166,0.9589,0.4195,0.0306
10,4,2,3,0.7085,0.7413,0.9882,0.6549,0.0460
10,4,2,4,0.9213,0.9358,0.9992,0.9089,0.0237
10,4,2,5,0.7877,0.7902,0.9607,0.7502,0.0492
10,4,2,6,0.9615,0.9623,0.9971,0.9561,0.0113
10,4,2,7,0.7863,0.7810,0.9476,0.7493,0.0590
10,4,2,8,0.8228,0.8094,0.9491,0.7926,0.0432
10,4,2,9,0.6135,0.6302,0.9524,0.5402,0.0439
10,4,2,10,0.8827,0.8670,0.9664,0.8661,0.0510
10,4,2,11,0.9769,0.9749,0.9996,0.9734,0.0163
10,4,3,0,0.9655,0.9711,0.9923,0.9617,0.0201
10,4,3,1,0.9303,0.9321,0.9524,0.9197,0.0278
10,4,3,2,0.4803,0.6220,0.9716,0.3852,0.0321
10,4,3,3,0.9695,0.9703,0.9999,0.9649,0.0085
10,4,3,4,0.9682,0.9675,0.9932,0.9655,0.0279
10,4,3,5,0.9399,0.9490,0.9951,0.9306,0.0222
10,4,3,6,0.6349,0.6726,0.9470,0.5633,0.0522
10,4,3,7,0.6759,0.6760,0.9854,0.6179,0.0348
10,4,3,8,0.8259,0.8181,0.9099,0.7963,0.0463
10,4,3,9,0.6224,0.7954,0.9580,0.5626,0.0126
10,4,3,10,0.9555,0.9548,0.9987,0.9485,0.0114
10,4,3,11,0.7303,0.7705,0.9939,0.6826,0.0354
10,4,4,0,0.7372,0.7414,0.9471,0.6961,0.0112
10,4,4,1,0.9063,0.9310,0.9626,0.8914,0.0281
10,4,4,2,0.9717,0.9835,0.9986,0.9677,0.0118
10,4,4,3,0.7422,0.7682,0.9938,0.6966,0.0358
10,4,4,4,0.9441,0.9411,1.0000,0.9355,0.0063
10,4,4,5,0.7547,0.8166,0.9935,0.7126,0.0270
10,4,4,6,0.9116,0.9079,0.9855,0.8977,0.0278
10,4,4,7,0.5883,0.5698,0.9864,0.5173,0.0237
10,4,4,8,0.9630,0.9652,0.9941,0.9582,0.0160
10,4,4,9,0.8877,0.8780,0.9051,0.8699,0.0352
10,4,4,10,0.9679,0.9666,0.9947,0.9651,0.0265
10,4,4,11,0.2650,0.4286,0.9925,0.1749,0.0325
10,4,5,0,0.9435,0.9421,0.9915,0.9365,0.0173
10,4,5,1,0.9630,0.9632,0.9918,0.9606,0.0320
10,4,5,2,0.7854,0.7876,0.9329,0.7476,0.0388
10,4,5,3,0.8680,0.8507,0.8799,0.8480,0.0484
10,4,5,4,0.8078,0.7771,0.9485,0.7747,0.0316
10,4,5,5,0.9653,0.9695,0.9949,0.9619,0.0248
10,4,5,6,0.9020,0.9359,0.9952,0.8873,0.0118
10,4,5,7,0.9377,0.9457,0.9924,0.9280,0.0100
10,4,5,8,0.9554,0.9630,0.9966,0.9491,0.0093
10,4,5,9,0.9689,0.9674,0.9943,0.9660,0.0262
10,4,5,10,0.9436,0.9458,0.9996,0.9351,0.0051
10,4,5,11,0.9581,0.9538,0.9982,0.9520,0.0063
10,4,6,0,0.7252,0.7453,0.9153,0.6747,0.0460
10,4,6,1,0.9306,0.9363,0.9971,0.9219,0.0195
10,4,6,2,0.9679,0.9725,0.9990,0.9637,0.0160
10,4,6,3,0.9245,0.9268,0.9970,0.9136,0.0092
10,4,6,4,0.9450,0.9558,0.9996,0.9367,0.0201
10,4,6,5,0.9474,0.9493,0.9999,0.9392,0.0114
10,4,6,6,0.9692,0.9708,0.9956,0.9659,0.0218
10,4,6,7,0.9011,0.9058,0.9998,0.8851,0.0216
10,4,6,8,0.9015,0.9214,0.9987,0.8856,0.0199
10,4,6,9,0.9635,0.9628,0.9931,0.9610,0.0314
10,4,6,10,0.9671,0.9649,0.9928,0.9644,0.0287
10,4,6,11,0.8266,0.8461,0.9001,0.7971,0.0415
10,4,7,0,0.7429,0.8309,0.9940,0.7003,0.0235
10,4,7,1,0.9674,0.9665,0.9955,0.9631,0.0132
10,4,7,2,0.9631,0.9636,0.9926,0.9603,0.0306
10,4,7,3,0.9326,0.9413,1.0000,0.9219,0.0172
10,4,7,4,0.8873,0.9127,0.9997,0.8696,0.0114
10,4,7,5,0.9727,0.9807,0.9997,0.9684,0.0115
10,4,7,6,0.9717,0.9692,0.9944,0.9683,0.0176
10,4,7,7,0.9650,0.9629,0.9943,0.9612,0.0219
10,4,7,8,0.9348,0.9392,0.9967,0.9245,0.0146
10,4,7,9,0.8786,0.8760,0.9498,0.8588,0.0182
10,4,7,10,0.9649,0.9641,0.9947,0.9623,0.0298
10,4,7,11,0.9655,0.9670,0.9938,0.9626,0.0290
10,4,8,0,0.9722,0.9766,0.9998,0.9682,0.0121
10,4,8,1,0.9627,0.9629,0.9953,0.9593,0.0260
10,4,8,2,0.9701,0.9749,0.9994,0.9657,0.0126
10,4,8,3,0.9665,0.9680,0.9962,0.9627,0.0192
10,4,8,4,0.8253,0.9040,0.9540,0.7962,0.0240
10,4,8,5,0.8748,0.8729,0.9847,0.8542,0.0295
10,4,8,6,0.9654,0.9636,0.9934,0.9621,0.0249
10,4,8,7,0.8237,0.8553,0.9831,0.7947,0.0247
10,4,8,8,0.9699,0.9792,0.9998,0.9655,0.0161
10,4,8,9,0.9537,0.9566,0.9979,0.9467,0.0094
10,4,8,10,0.9732,0.9739,1.0000,0.9691,0.0113
10,4,8,11,0.9777,0.9762,0.9941,0.9756,0.0231
10,4,9,0,0.9887,0.9898,0.9948,0.9873,0.0108
10,4,9,1,0.9660,0.9659,0.9968,0.9625,0.0230
10,4,9,2,0.9724,0.9722,0.9964,0.9692,0.0171
10,4,9,3,0.7954,0.7974,0.9226,0.7595,0.0436
10,4,9,4,0.9674,0.9682,0.9946,0.9642,0.0237
10,4,9,5,0.9816,0.9813,0.9961,0.9793,0.0132
10,4,9,6,0.9667,0.9646,0.9925,0.9643,0.0307
10,4,9,7,0.9436,0.9563,0.9980,0.9349,0.0066
10,4,9,8,0.9703,0.9702,0.9934,0.9677,0.0260
10,4,9,9,0.9664,0.9643,0.9934,0.9639,0.0303
10,4,9,10,0.8307,0.8629,0.9810,0.8019,0.0306
10,4,9,11,0.9670,0.9658,0.9936,0.9646,0.0304
10,4,10,0,0.9740,0.9715,0.9928,0.9718,0.0256
10,4,10,1,0.9673,0.9657,0.9930,0.9644,0.0270
10,4,10,2,0.9685,0.9659,0.9959,0.9654,0.0245
10,4,10,3,0.9688,0.9691,1.0000,0.9646,0.0143
10,4,10,4,1.0000,1.0000,1.0000,1.0000,0.0000
10,4,10,5,0.8350,0.8496,0.9970,0.8086,0.0185
10,4,10,6,0.9764,0.9742,0.9938,0.9740,0.0210
10,4,10,7,0.9785,0.9792,0.9974,0.9759,0.0163
10,4,10,8,0.9663,0.9642,0.9935,0.9637,0.0303
10,4,10,9,0.8402,0.8616,0.9971,0.8134,0.0244
10,4,10,10,0.9675,0.9651,0.9931,0.9651,0.0302
10,4,10,11,0.9183,0.9308,0.9981,0.9059,0.0077
10,4,11,0,0.6332,0.6652,0.7905,0.5573,0.0697
10,4,11,1,0.9772,0.9783,1.0000,0.9738,0.0100
10,4,11,2,0.9683,0.9677,0.9980,0.9652,0.0254
10,4,11,3,0.9361,0.9400,0.9524,0.9292,0.0384
10,4,11,4,0.9763,0.9742,0.9947,0.9726,0.0164
10,4,11,5,0.9498,0.9525,0.9988,0.9439,0.0211
10,4,11,6,0.9683,0.9662,0.9946,0.9656,0.0282
10,4,11,7,0.9621,0.9710,1.0000,0.9567,0.0108
10,4,11,8,0.2591,0.5697,0.9747,0.1162,0.0425
10,4,11,9,0.9670,0.9654,0.9955,0.9638,0.0256
10,4,11,10,0.9690,0.9713,0.9619,0.9658,0.0252
10,4,11,11,0.9624,0.9738,0.9974,0.9568,0.0148
10,5,0,0,0.8880,0.8952,0.9817,0.8686,0.0348
10,5,0,1,0.1719,0.2713,1.0000,0.0614,0.0418
10,5,0,2,0.8753,0.8801,0.9139,0.8551,0.0425
10,5,0,3,0.2763,0.3045,0.9923,0.1715,0.0302
10,5,0,4,0.4925,0.5165,0.9938,0.4018,0.0106
10,5,0,5,0.2261,0.2690,0.9981,0.1188,0.0361
10,5,0,6,0.8134,0.8300,0.9908,0.7773,0.0426
10,5,0,7,0.7321,0.7562,0.9363,0.6763,0.0470
10,5,0,8,0.6372,0.6971,0.9749,0.5577,0.0439
10,5,0,9,0.8412,0.8413,0.8466,0.8153,0.0519
10,5,0,10,0.7872,0.7837,0.8999,0.7459,0.0505
10,5,0,11,0.8492,0.8475,0.9312,0.8235,0.0450
10,5,1,0,0.8320,0.8345,0.9912,0.8000,0.0391
10,5,1,1,0.8765,0.8664,0.9979,0.8538,0.0256
10,5,1,2,0.8531,0.8675,0.9959,0.8258,0.0383
10,5,1,3,0.8749,0.8278,0.9466,0.8525,0.0350
10,5,1,4,0.9058,0.9036,0.9974,0.8890,0.0308
10,5,1,5,0.9174,0.9245,1.0000,0.9026,0.0157
10,5,1,6,0.9031,0.8991,1.0000,0.8857,0.0236
10,5,1,7,0.9065,0.9053,0.9995,0.8897,0.0261
10,5,1,8,0.8955,0.9141,0.9860,0.8766,0.0236
10,5,1,9,0.8911,0.9089,1.0000,0.8717,0.0144
10,5,1,10,0.3099,0.6102,0.9434,0.1490,0.0491
10,5,1,11,0.3630,0.3480,0.9988,0.2643,0.0268
10,5,2,0,0.8612,0.8781,0.9770,0.8359,0.0379
10,5,2,1,0.9021,0.8843,0.9904,0.8871,0.0251
10,5,2,2,0.5676,0.6474,0.9780,0.4848,0.0205
10,5,2,3,0.7401,0.7540,0.9971,0.6883,0.0317
10,5,2,4,0.9217,0.9092,0.9993,0.9077,0.0131
10,5,2,5,0.8025,0.8048,0.9792,0.7639,0.0354
10,5,2,6,0.8847,0.8931,0.9881,0.8678,0.0266
10,5,2,7,0.7858,0.7966,0.9695,0.7432,0.0453
10,5,2,8,0.7989,0.8037,0.9706,0.7596,0.0296
10,5,2,9,0.6438,0.6685,0.9731,0.5712,0.0299
10,5,2,10,0.8721,0.8670,0.9834,0.8493,0.0386
10,5,2,11,0.8989,0.8797,0.9944,0.8820,0.0258
10,5,3,0,0.8793,0.8508,0.9797,0.8638,0.0352
10,5,3,1,0.8983,0.9097,0.9731,0.8798,0.0172
10,5,3,2,0.5362,0.6535,0.9870,0.4459,0.0199
10,5,3,3,0.8365,0.8442,0.9978,0.8103,0.0231
10,5,3,4,0.8718,0.8394,0.9812,0.8568,0.0420
10,5,3,5,0.9035,0.9305,0.9998,0.8863,0.0189
10,5,3,6,0.6910,0.7341,0.9690,0.6261,0.0387
10,5,3,7,0.6353,0.6742,0.9956,0.5647,0.0215
10,5,3,8,0.8363,0.8299,0.9392,0.8052,0.0344
10,5,3,9,0.6535,0.7759,0.9773,0.5953,0.0130
10,5,3,10,0.8957,0.8742,0.9918,0.8777,0.0139
10,5,3,11,0.7742,0.8009,0.9995,0.7311,0.0222
10,5,4,0,0.6684,0.6866,0.9691,0.6135,0.0136
10,5,4,1,0.9204,0.9289,0.9807,0.9062,0.0164
10,5,4,2,0.8886,0.8727,0.9916,0.8720,0.0282
10,5,4,3,0.8087,0.8511,0.9994,0.7724,0.0218
10,5,4,4,0.9031,0.9001,0.9977,0.8875,0.0172
10,5,4,5,0.7865,0.7924,0.9993,0.7470,0.0148
10,5,4,6,0.8982,0.9318,0.9957,0.8797,0.0203
10,5,4,7,0.6011,0.5999,0.9961,0.5277,0.0163
10,5,4,8,0.8816,0.8801,0.9828,0.8654,0.0303
10,5,4,9,0.8855,0.9282,0.9353,0.8645,0.0222
10,5,4,10,0.8749,0.8485,0.9838,0.8600,0.0405
10,5,4,11,0.2802,0.4709,0.9801,0.1872,0.0466
10,5,5,0,0.9041,0.8857,0.9785,0.8919,0.0319
10,5,5,1,0.8648,0.8301,0.9790,0.8505,0.0460
10,5,5,2,0.8343,0.8763,0.9579,0.8028,0.0258
10,5,5,3,0.8790,0.8805,0.9140,0.8575,0.0346
10,5,5,4,0.7580,0.7929,0.9701,0.7117,0.0202
10,5,5,5,0.8757,0.8451,0.9842,0.8606,0.0388
10,5,5,6,0.8589,0.8507,0.9847,0.8366,0.0219
10,5,5,7,0.8024,0.8798,0.9989,0.7700,0.0209
10,5,5,8,0.8909,0.8714,0.9872,0.8749,0.0236
10,5,5,9,0.8735,0.8453,0.9831,0.8580,0.0405
10,5,5,10,0.9100,0.9036,0.9944,0.8958,0.0173
10,5,5,11,0.9003,0.8892,0.9906,0.8852,0.0227
10,5,6,0,0.7986,0.8127,0.9437,0.7593,0.0328
10,5,6,1,0.8377,0.9065,0.9882,0.8160,0.0346
10,5,6,2,0.8935,0.8696,0.9926,0.8786,0.0324
10,5,6,3,0.8907,0.9164,0.9880,0.8744,0.0209
10,5,6,4,0.8732,0.8618,0.9946,0.8503,0.0136
10,5,6,5,0.9126,0.9153,0.9958,0.8979,0.0215
10,5,6,6,0.8773,0.8498,0.9854,0.8615,0.0369
10,5,6,7,0.8769,0.9271,0.9955,0.8548,0.0113
10,5,6,8,0.9252,0.9207,0.9996,0.9120,0.0098
10,5,6,9,0.8641,0.8300,0.9811,0.8494,0.0454
10,5,6,10,0.8692,0.8407,0.9805,0.8539,0.0428
10,5,6,11,0.8583,0.8849,0.9311,0.8318,0.0285
10,5,7,0,0.6568,0.6755,0.9995,0.5959,0.0150
10,5,7,1,0.8729,0.8760,0.9852,0.8549,0.0286
10,5,7,2,0.8692,0.8403,0.9803,0.8548,0.0446
10,5,7,3,0.9202,0.9282,0.9977,0.9062,0.0152
10,5,7,4,0.9604,0.9586,0.9947,0.9538,0.0102
10,5,7,5,0.8886,0.8917,0.9987,0.8703,0.0230
10,5,7,6,0.8739,0.8701,0.9833,0.8567,0.0324
10,5,7,7,0.8763,0.8716,0.9831,0.8607,0.0359
10,5,7,8,0.8859,0.9333,1.0000,0.8660,0.0142
10,5,7,9,0.9365,0.9412,0.9711,0.9253,0.0113
10,5,7,10,0.8638,0.8346,0.9837,0.8484,0.0438
10,5,7,11,0.8706,0.8440,0.9823,0.8558,0.0430
10,5,8,0,0.8843,0.8623,0.9982,0.8669,0.0293
10,5,8,1,0.8659,0.8615,0.9848,0.8501,0.0400
10,5,8,2,0.8854,0.8823,0.9937,0.8677,0.0269
10,5,8,3,0.8643,0.8709,0.9864,0.8462,0.0345
10,5,8,4,0.8807,0.9072,0.9743,0.8592,0.0157
10,5,8,5,0.9124,0.9180,0.9952,0.8966,0.0173
10,5,8,6,0.8651,0.8625,0.9816,0.8486,0.0390
10,5,8,7,0.6786,0.6952,0.9943,0.6214,0.0117
10,5,8,8,0.8741,0.8738,0.9983,0.8520,0.0163
10,5,8,9,0.8895,0.9088,0.9899,0.8721,0.0216
10,5,8,10,0.8942,0.8870,0.9968,0.8772,0.0256
10,5,8,11,0.8641,0.8394,0.9828,0.8467,0.0376
10,5,9,0,0.8254,0.8304,0.9839,0.7996,0.0253
10,5,9,1,0.8635,0.8667,0.9877,0.8463,0.0375
10,5,9,2,0.8568,0.8783,0.9868,0.8372,0.0319
10,5,9,3,0.7582,0.7597,0.9497,0.7100,0.0298
10,5,9,4,0.8696,0.8624,0.9836,0.8535,0.0380
10,5,9,5,0.8686,0.8477,0.9863,0.8497,0.0299
10,5,9,6,0.8633,0.8339,0.9802,0.8480,0.0447
10,5,9,7,0.8873,0.9060,0.9902,0.8690,0.0161
10,5,9,8,0.8674,0.8429,0.9816,0.8513,0.0403
10,5,9,9,0.8649,0.8387,0.9815,0.8496,0.0443
10,5,9,10,0.9440,0.9431,0.9931,0.9344,0.0176
10,5,9,11,0.8668,0.8340,0.9818,0.8518,0.0445
10,5,10,0,0.8621,0.8412,0.9806,0.8451,0.0399
10,5,10,1,0.8651,0.8481,0.9809,0.8489,0.0411
10,5,10,2,0.8804,0.8553,0.9859,0.8658,0.0386
10,5,10,3,0.8834,0.8751,0.9966,0.8668,0.0315
10,5,10,4,0.8350,0.8496,0.9970,0.8086,0.0185
10,5,10,5,1.0000,1.0000,1.0000,1.0000,0.0000
10,5,10,6,0.8620,0.8465,0.9823,0.8439,0.0358
10,5,10,7,0.8708,0.8568,0.9888,0.8528,0.0327
10,5,10,8,0.8660,0.8351,0.9818,0.8508,0.0443
10,5,10,9,0.9508,0.9334,1.0000,0.9423,0.0140
10,5,10,10,0.8630,0.8352,0.9810,0.8474,0.0442
10,5,10,11,0.6750,0.7403,0.9999,0.6233,0.0197
10,5,11,0,0.7165,0.6857,0.8354,0.6562,0.0559
10,5,11,1,0.8719,0.8759,0.9974,0.8517,0.0261
10,5,11,2,0.8703,0.8441,0.9901,0.8543,0.0413
10,5,11,3,0.7886,0.8507,0.9731,0.7471,0.0257
10,5,11,4,0.8953,0.8799,0.9997,0.8779,0.0286
10,5,11,5,0.8613,0.8975,0.9921,0.8432,0.0344
10,5,11,6,0.8667,0.8421,0.9835,0.8509,0.0428
10,5,11,7,0.8967,0.8810,0.9962,0.8814,0.0272
10,5,11,8,0.3145,0.5785,0.9891,0.1743,0.0279
10,5,11,9,0.8754,0.8546,0.9852,0.8601,0.0401
10,5,11,10,0.8456,0.8725,0.9802,0.8169,0.0180
10,5,11,11,0.9043,0.9030,1.0000,0.8874,0.0152
10,6,0,0,0.8758,0.8700,0.9287,0.8655,0.0674
10,6,0,1,0.1273,0.1966,0.9830,0.0289,0.0105
10,6,0,2,0.8487,0.8268,0.8216,0.8369,0.0760
10,6,0,3,0.2229,0.2232,0.9515,0.1280,0.0125
10,6,0,4,0.4335,0.4046,0.9553,0.3498,0.0404
10,6,0,5,0.1845,0.2018,0.9688,0.0890,0.0066
10,6,0,6,0.7986,0.7957,0.9479,0.7739,0.0771
10,6,0,7,0.6499,0.6381,0.8539,0.5941,0.0820
10,6,0,8,0.6053,0.5997,0.9159,0.5396,0.0782
10,6,0,9,0.7963,0.7671,0.7319,0.7772,0.0862
10,6,0,10,0.7442,0.7051,0.8023,0.7114,0.0855
10,6,0,11,0.8415,0.8141,0.8464,0.8303,0.0787
10,6,1,0,0.7353,0.7266,0.9488,0.6970,0.0739
10,6,1,1,0.8463,0.8303,0.9681,0.8282,0.0603
10,6,1,2,0.8334,0.8276,0.9614,0.8146,0.0704
10,6,1,3,0.9312,0.8965,0.8695,0.9317,0.0593
10,6,1,4,0.9379,0.9302,0.9662,0.9355,0.0514
10,6,1,5,0.9205,0.9177,0.9837,0.9125,0.0439
10,6,1,6,0.8614,0.8580,0.9832,0.8453,0.0563
10,6,1,7,0.9294,0.9238,0.9758,0.9248,0.0514
10,6,1,8,0.9314,0.9335,0.9373,0.9279,0.0523
10,6,1,9,0.9529,0.9619,0.9805,0.9492,0.0379
10,6,1,10,0.1974,0.5425,0.8645,0.0411,0.0830
10,6,1,11,0.3288,0.2934,0.9720,0.2413,0.0174
10,6,2,0,0.8196,0.8012,0.9198,0.7985,0.0727
10,6,2,1,0.9862,0.9901,0.9988,0.9849,0.0152
10,6,2,2,0.4378,0.5266,0.9215,0.3492,0.0510
10,6,2,3,0.6641,0.6725,0.9651,0.6122,0.0665
10,6,2,4,0.9226,0.9266,0.9887,0.9148,0.0442
10,6,2,5,0.7314,0.7191,0.9239,0.6923,0.0699
10,6,2,6,0.9783,0.9825,0.9994,0.9757,0.0121
10,6,2,7,0.7464,0.7341,0.9063,0.7118,0.0795
10,6,2,8,0.7607,0.7346,0.9084,0.7270,0.0639
10,6,2,9,0.5499,0.5545,0.9127,0.4763,0.0647
10,6,2,10,0.8557,0.8332,0.9320,0.8420,0.0710
10,6,2,11,0.9883,0.9861,0.9966,0.9882,0.0241
10,6,3,0,0.9925,0.9931,0.9999,0.9916,0.0043
10,6,3,1,0.9109,0.8958,0.9127,0.9016,0.0485
10,6,3,2,0.4120,0.5272,0.9394,0.3177,0.0531
10,6,3,3,0.9654,0.9699,0.9925,0.9616,0.0235
10,6,3,4,0.9958,0.9974,1.0000,0.9955,0.0070
10,6,3,5,0.9503,0.9478,0.9779,0.9462,0.0387
10,6,3,6,0.5973,0.5960,0.9056,0.5308,0.0729
10,6,3,7,0.6122,0.5976,0.9605,0.5526,0.0558
10,6,3,8,0.7736,0.7373,0.8583,0.7424,0.0673
10,6,3,9,0.5756,0.7059,0.9203,0.5166,0.0307
10,6,3,10,0.9613,0.9467,0.9982,0.9578,0.0303
10,6,3,11,0.7033,0.7295,0.9756,0.6594,0.0559
10,6,4,0,0.6548,0.6478,0.9057,0.6076,0.0279
10,6,4,1,0.9023,0.8947,0.9267,0.8916,0.0488
10,6,4,2,0.9908,0.9928,0.9983,0.9900,0.0115
10,6,4,3,0.7429,0.7686,0.9753,0.7058,0.0563
10,6,4,4,0.9684,0.9626,0.9927,0.9650,0.0223
10,6,4,5,0.7198,0.7505,0.9747,0.6793,0.0475
10,6,4,6,0.9169,0.9061,0.9606,0.9088,0.0470
10,6,4,7,0.5301,0.5115,0.9621,0.4595,0.0437
10,6,4,8,0.9905,0.9920,1.0000,0.9893,0.0068
10,6,4,9,0.8861,0.8589,0.8524,0.8743,0.0561
10,6,4,10,0.9964,0.9974,1.0000,0.9961,0.0055
10,6,4,11,0.2116,0.3507,0.9999,0.1251,0.0115
10,6,5,0,0.9741,0.9654,0.9998,0.9710,0.0076
10,6,5,1,0.9949,0.9964,0.9999,0.9947,0.0110
10,6,5,2,0.7871,0.7661,0.8872,0.7579,0.0598
10,6,5,3,0.8288,0.7889,0.8218,0.8092,0.0689
10,6,5,4,0.7575,0.7096,0.9075,0.7228,0.0523
10,6,5,5,0.9936,0.9947,0.9999,0.9929,0.0038
10,6,5,6,0.9286,0.9249,0.9999,0.9197,0.0241
10,6,5,7,0.9249,0.9335,0.9727,0.9157,0.0241
10,6,5,8,0.9726,0.9703,0.9996,0.9693,0.0132
10,6,5,9,0.9971,0.9979,1.0000,0.9968,0.0052
10,6,5,10,0.9713,0.9672,0.9966,0.9682,0.0193
10,6,5,11,0.9807,0.9781,0.9987,0.9786,0.0150
10,6,6,0,0.7000,0.6925,0.8650,0.6548,0.0665
10,6,6,1,0.9574,0.9616,0.9994,0.9523,0.0049
10,6,6,2,0.9925,0.9941,0.9978,0.9917,0.0068
10,6,6,3,0.9575,0.9621,0.9994,0.9523,0.0173
10,6,6,4,0.9421,0.9398,0.9965,0.9370,0.0411
10,6,6,5,0.9701,0.9678,0.9954,0.9675,0.0264
10,6,6,6,0.9951,0.9959,0.9998,0.9945,0.0026
10,6,6,7,0.9114,0.9129,0.9956,0.9012,0.0405
10,6,6,8,0.9210,0.9186,0.9870,0.9123,0.0409
10,6,6,9,0.9950,0.9964,1.0000,0.9947,0.0104
10,6,6,10,0.9969,0.9975,1.0000,0.9967,0.0077
10,6,6,11,0.7955,0.7737,0.8463,0.7682,0.0624
10,6,7,0,0.6872,0.7388,0.9757,0.6426,0.0424
10,6,7,1,0.9872,0.9889,0.9999,0.9856,0.0080
10,6,7,2,0.9947,0.9962,0.9999,0.9944,0.0096
10,6,7,3,0.9430,0.9339,0.9927,0.9373,0.0369
10,6,7,4,0.9133,0.9069,0.9964,0.9025,0.0300
10,6,7,5,0.9859,0.9861,0.9906,0.9851,0.0213
10,6,7,6,0.9957,0.9964,1.0000,0.9952,0.0050
10,6,7,7,0.9930,0.9926,1.0000,0.9922,0.0035
10,6,7,8,0.9324,0.9269,0.9815,0.9250,0.0356
10,6,7,9,0.8814,0.8506,0.9093,0.8664,0.0392
10,6,7,10,0.9954,0.9965,1.0000,0.9951,0.0088
10,6,7,11,0.9951,0.9963,1.0000,0.9947,0.0080
10,6,8,0,0.9917,0.9926,0.9917,0.9910,0.0118
10,6,8,1,0.9933,0.9946,0.9999,0.9926,0.0066
10,6,8,2,0.9899,0.9907,0.9971,0.9891,0.0155
10,6,8,3,0.9934,0.9948,0.9997,0.9926,0.0037
10,6,8,4,0.7889,0.8530,0.9149,0.7597,0.0450
10,6,8,5,0.8605,0.8277,0.9594,0.8430,0.0502
10,6,8,6,0.9940,0.9955,1.0000,0.9933,0.0063
10,6,8,7,0.7454,0.7687,0.9567,0.7096,0.0428
10,6,8,8,0.9637,0.9602,0.9915,0.9610,0.0337
10,6,8,9,0.9756,0.9798,0.9989,0.9731,0.0194
10,6,8,10,0.9875,0.9829,0.9941,0.9867,0.0186
10,6,8,11,0.9979,0.9980,1.0000,0.9976,0.0021
10,6,9,0,0.9786,0.9800,1.0000,0.9761,0.0131
10,6,9,1,0.9933,0.9948,0.9995,0.9925,0.0046
10,6,9,2,0.9918,0.9933,0.9997,0.9908,0.0042
10,6,9,3,0.7395,0.7112,0.8742,0.7018,0.0645
10,6,9,4,0.9942,0.9962,1.0000,0.9936,0.0049
10,6,9,5,0.9947,0.9945,0.9997,0.9941,0.0077
10,6,9,6,0.9967,0.9974,0.9999,0.9965,0.0097
10,6,9,7,0.9692,0.9724,0.9988,0.9660,0.0236
10,6,9,8,0.9974,0.9986,1.0000,0.9972,0.0050
10,6,9,9,0.9964,0.9973,1.0000,0.9962,0.0093
10,6,9,10,0.8157,0.8097,0.9534,0.7909,0.0513
10,6,9,11,0.9962,0.9972,1.0000,0.9959,0.0094
10,6,10,0,0.9993,0.9994,1.0000,0.9993,0.0046
10,6,10,1,0.9967,0.9976,1.0000,0.9964,0.0060
10,6,10,2,0.9966,0.9967,0.9998,0.9962,0.0035
10,6,10,3,0.9922,0.9911,0.9944,0.9913,0.0070
10,6,10,4,0.9764,0.9742,0.9938,0.9740,0.0210
10,6,10,5,0.8620,0.8465,0.9823,0.8439,0.0358
10,6,10,6,1.0000,1.0000,1.0000,1.0000,0.0000
10,6,10,7,0.9966,0.9961,0.9993,0.9962,0.0050
10,6,10,8,0.9963,0.9972,1.0000,0.9960,0.0093
10,6,10,9,0.8672,0.8483,0.9825,0.8506,0.0451
10,6,10,10,0.9970,0.9976,1.0000,0.9968,0.0092
10,6,10,11,0.8508,0.8618,0.9852,0.8314,0.0222
10,6,11,0,0.5821,0.5965,0.7177,0.5095,0.0904
10,6,11,1,0.9945,0.9935,0.9933,0.9944,0.0163
10,6,11,2,0.9967,0.9974,0.9989,0.9963,0.0055
10,6,11,3,0.9006,0.8976,0.9127,0.8934,0.0594
10,6,11,4,0.9912,0.9875,0.9773,0.9914,0.0216
10,6,11,5,0.9780,0.9813,0.9980,0.9754,0.0093
10,6,11,6,0.9971,0.9978,1.0000,0.9969,0.0072
10,6,11,7,0.9879,0.9881,0.9949,0.9866,0.0110
10,6,11,8,0.1738,0.5007,0.9439,0.0325,0.0630
10,6,11,9,0.9959,0.9968,0.9999,0.9954,0.0049
10,6,11,10,0.9409,0.9296,0.9257,0.9371,0.0462
10,6,11,11,0.9571,0.9539,0.9833,0.9537,0.0353
10,7,0,0,0.8837,0.8825,0.9423,0.8728,0.0627
10,7,0,1,0.1553,0.2347,0.9893,0.0570,0.0155
10,7,0,2,0.8597,0.8459,0.8429,0.8475,0.0712
10,7,0,3,0.2511,0.2617,0.9626,0.1565,0.0146
10,7,0,4,0.4477,0.4378,0.9659,0.3630,0.0357
10,7,0,5,0.2122,0.2403,0.9776,0.1169,0.0108
10,7,0,6,0.8028,0.8101,0.9595,0.7761,0.0724
10,7,0,7,0.6655,0.6644,0.8732,0.6094,0.0773
10,7,0,8,0.6228,0.6201,0.9306,0.5570,0.0735
10,7,0,9,0.8100,0.7897,0.7575,0.7908,0.0815
10,7,0,10,0.7627,0.7343,0.8246,0.7307,0.0808
10,7,0,11,0.8547,0.8365,0.8662,0.8434,0.0740
10,7,1,0,0.7447,0.7459,0.9603,0.7054,0.0697
10,7,1,1,0.8619,0.8514,0.9770,0.8445,0.0561
10,7,1,2,0.8502,0.8490,0.9713,0.8322,0.0662
10,7,1,3,0.9388,0.9104,0.8878,0.9389,0.0546
10,7,1,4,0.9465,0.9437,0.9754,0.9441,0.0467
10,7,1,5,0.9304,0.9308,0.9899,0.9226,0.0395
10,7,1,6,0.8702,0.8681,0.9895,0.8537,0.0521
10,7,1,7,0.9352,0.9344,0.9834,0.9301,0.0470
10,7,1,8,0.9411,0.9459,0.9500,0.9376,0.0476
10,7,1,9,0.9601,0.9700,0.9873,0.9565,0.0337
10,7,1,10,0.2163,0.5720,0.8832,0.0585,0.0788
10,7,1,11,0.3558,0.3310,0.9803,0.2690,0.0148
10,7,2,0,0.8284,0.8195,0.9342,0.8065,0.0680
10,7,2,1,0.9868,0.9905,0.9999,0.9852,0.0115
10,7,2,2,0.4517,0.5605,0.9358,0.3619,0.0468
10,7,2,3,0.6741,0.6938,0.9744,0.6210,0.0623
10,7,2,4,0.9270,0.9385,0.9937,0.9185,0.0400
10,7,2,5,0.7460,0.7433,0.9380,0.7069,0.0655
10,7,2,6,0.9832,0.9867,1.0000,0.9810,0.0089
10,7,2,7,0.7584,0.7577,0.9219,0.7231,0.0748
10,7,2,8,0.7802,0.7563,0.9237,0.7477,0.0594
10,7,2,9,0.5572,0.5816,0.9277,0.4815,0.0602
10,7,2,10,0.8711,0.8552,0.9452,0.8581,0.0662
10,7,2,11,0.9919,0.9914,0.9990,0.9918,0.0192
10,7,3,0,0.9947,0.9957,0.9987,0.9942,0.0062
10,7,3,1,0.9208,0.9088,0.9277,0.9118,0.0441
10,7,3,2,0.4274,0.5542,0.9518,0.3320,0.0484
10,7,3,3,0.9656,0.9704,0.9965,0.9613,0.0188
10,7,3,4,0.9954,0.9952,0.9990,0.9952,0.0117
10,7,3,5,0.9575,0.9570,0.9852,0.9536,0.0345
10,7,3,6,0.6042,0.6145,0.9212,0.5354,0.0682
10,7,3,7,0.6272,0.6223,0.9705,0.5672,0.0510
10,7,3,8,0.7899,0.7576,0.8773,0.7594,0.0626
10,7,3,9,0.5989,0.7245,0.9346,0.5410,0.0265
10,7,3,10,0.9729,0.9613,0.9998,0.9703,0.0261
10,7,3,11,0.7131,0.7441,0.9833,0.6683,0.0517
10,7,4,0,0.6792,0.6626,0.9213,0.6336,0.0235
10,7,4,1,0.9096,0.9056,0.9404,0.8987,0.0443
10,7,4,2,0.9946,0.9948,0.9998,0.9940,0.0079
10,7,4,3,0.7438,0.7783,0.9831,0.7045,0.0516
10,7,4,4,0.9756,0.9714,0.9966,0.9727,0.0176
10,7,4,5,0.7288,0.7666,0.9826,0.6875,0.0433
10,7,4,6,0.9266,0.9178,0.9706,0.9187,0.0422
10,7,4,7,0.5533,0.5411,0.9718,0.4835,0.0395
10,7,4,8,0.9936,0.9937,0.9994,0.9928,0.0063
10,7,4,9,0.8947,0.8728,0.8719,0.8826,0.0514
10,7,4,10,0.9965,0.9957,0.9995,0.9964,0.0102
10,7,4,11,0.2180,0.3854,0.9988,0.1293,0.0163
10,7,5,0,0.9786,0.9719,0.9983,0.9759,0.0110
10,7,5,1,0.9941,0.9936,0.9985,0.9942,0.0157
10,7,5,2,0.8012,0.7815,0.9042,0.7722,0.0551
10,7,5,3,0.8454,0.8075,0.8430,0.8266,0.0641
10,7,5,4,0.7758,0.7348,0.9230,0.7421,0.0479
10,7,5,5,0.9955,0.9949,0.9996,0.9951,0.0085
10,7,5,6,0.9313,0.9309,0.9997,0.9221,0.0207
10,7,5,7,0.9313,0.9372,0.9809,0.9221,0.0194
10,7,5,8,0.9792,0.9769,0.9999,0.9765,0.0106
10,7,5,9,0.9966,0.9953,0.9994,0.9964,0.0100
10,7,5,10,0.9777,0.9732,0.9990,0.9750,0.0156
10,7,5,11,0.9863,0.9842,0.9999,0.9847,0.0108
10,7,6,0,0.7106,0.7058,0.8837,0.6645,0.0623
10,7,6,1,0.9612,0.9639,1.0000,0.9565,0.0085
10,7,6,2,0.9954,0.9955,0.9996,0.9948,0.0045
10,7,6,3,0.9627,0.9666,1.0000,0.9578,0.0155
10,7,6,4,0.9459,0.9462,0.9990,0.9402,0.0363
10,7,6,5,0.9777,0.9764,0.9983,0.9755,0.0219
10,7,6,6,0.9974,0.9974,0.9998,0.9972,0.0055
10,7,6,7,0.9207,0.9241,0.9985,0.9108,0.0363
10,7,6,8,0.9272,0.9289,0.9924,0.9182,0.0362
10,7,6,9,0.9938,0.9933,0.9990,0.9937,0.0151
10,7,6,10,0.9961,0.9950,0.9989,0.9960,0.0125
10,7,6,11,0.8091,0.7933,0.8661,0.7820,0.0577
10,7,7,0,0.6904,0.7571,0.9834,0.6442,0.0382
10,7,7,1,0.9915,0.9924,0.9998,0.9903,0.0059
10,7,7,2,0.9937,0.9939,0.9988,0.9935,0.0143
10,7,7,3,0.9511,0.9439,0.9966,0.9456,0.0321
10,7,7,4,0.9239,0.9161,0.9989,0.9137,0.0261
10,7,7,5,0.9893,0.9895,0.9951,0.9885,0.0168
10,7,7,6,0.9951,0.9953,0.9995,0.9945,0.0052
10,7,7,7,0.9938,0.9932,0.9994,0.9932,0.0077
10,7,7,8,0.9407,0.9344,0.9881,0.9335,0.0308
10,7,7,9,0.8882,0.8631,0.9246,0.8730,0.0345
10,7,7,10,0.9948,0.9941,0.9995,0.9947,0.0135
10,7,7,11,0.9944,0.9950,0.9993,0.9941,0.0127
10,7,8,0,0.9910,0.9922,0.9959,0.9899,0.0073
10,7,8,1,0.9940,0.9937,0.9997,0.9936,0.0115
10,7,8,2,0.9935,0.9943,0.9993,0.9928,0.0108
10,7,8,3,0.9927,0.9941,0.9999,0.9918,0.0071
10,7,8,4,0.7944,0.8637,0.9298,0.7642,0.0403
10,7,8,5,0.8701,0.8431,0.9695,0.8526,0.0458
10,7,8,6,0.9940,0.9937,0.9991,0.9935,0.0110
10,7,8,7,0.7534,0.7797,0.9672,0.7170,0.0388
10,7,8,8,0.9694,0.9693,0.9958,0.9667,0.0290
10,7,8,9,0.9798,0.9837,1.0000,0.9773,0.0152
10,7,8,10,0.9911,0.9894,0.9976,0.9904,0.0139
10,7,8,11,0.9967,0.9962,0.9994,0.9964,0.0068
10,7,9,0,0.9802,0.9822,0.9996,0.9776,0.0105
10,7,9,1,0.9942,0.9942,1.0000,0.9937,0.0093
10,7,9,2,0.9924,0.9929,0.9999,0.9914,0.0066
10,7,9,3,0.7503,0.7323,0.8922,0.7119,0.0598
10,7,9,4,0.9957,0.9951,0.9995,0.9953,0.0098
10,7,9,5,0.9961,0.9967,0.9999,0.9956,0.0043
10,7,9,6,0.9952,0.9940,0.9988,0.9952,0.0144
10,7,9,7,0.9708,0.9745,0.9999,0.9673,0.0194
10,7,9,8,0.9960,0.9954,0.9991,0.9957,0.0097
10,7,9,9,0.9956,0.9943,0.9991,0.9955,0.0140
10,7,9,10,0.8268,0.8218,0.9643,0.8020,0.0468
10,7,9,11,0.9955,0.9944,0.9992,0.9955,0.0142
10,7,10,0,0.9968,0.9959,0.9989,0.9966,0.0093
10,7,10,1,0.9956,0.9947,0.9990,0.9954,0.0108
10,7,10,2,0.9968,0.9955,0.9998,0.9966,0.0083
10,7,10,3,0.9928,0.9922,0.9977,0.9919,0.0028
10,7,10,4,0.9785,0.9792,0.9974,0.9759,0.0163
10,7,10,5,0.8708,0.8568,0.9888,0.8528,0.0327
10,7,10,6,0.9966,0.9961,0.9993,0.9962,0.0050
10,7,10,7,1.0000,1.0000,1.0000,1.0000,0.0000
10,7,10,8,0.9953,0.9941,0.9992,0.9952,0.0140
10,7,10,9,0.8771,0.8648,0.9889,0.8606,0.0404
10,7,10,10,0.9954,0.9941,0.9990,0.9953,0.0139
10,7,10,11,0.8557,0.8666,0.9910,0.8360,0.0180
10,7,11,0,0.6042,0.6209,0.7439,0.5327,0.0857
10,7,11,1,0.9941,0.9943,0.9970,0.9936,0.0118
10,7,11,2,0.9962,0.9950,1.0000,0.9959,0.0092
10,7,11,3,0.8983,0.9057,0.9278,0.8886,0.0547
10,7,11,4,0.9933,0.9906,0.9847,0.9932,0.0169
10,7,11,5,0.9813,0.9826,0.9997,0.9791,0.0140
10,7,11,6,0.9960,0.9948,0.9995,0.9958,0.0119
10,7,11,7,0.9932,0.9913,0.9980,0.9924,0.0068
10,7,11,8,0.1978,0.5315,0.9559,0.0559,0.0588
10,7,11,9,0.9963,0.9955,0.9998,0.9960,0.0093
10,7,11,10,0.9515,0.9453,0.9395,0.9482,0.0415
10,7,11,11,0.9650,0.9661,0.9896,0.9618,0.0306
10,8,0,0,0.8596,0.8548,0.9277,0.8507,0.0767
10,8,0,1,0.1081,0.1813,0.9825,0.0134,0.0051
10,8,0,2,0.8302,0.8146,0.8201,0.8199,0.0853
10,8,0,3,0.1994,0.2081,0.9507,0.1074,0.0181
10,8,0,4,0.4048,0.3829,0.9545,0.3227,0.0497
10,8,0,5,0.1648,0.1881,0.9681,0.0728,0.0085
10,8,0,6,0.7686,0.7777,0.9471,0.7433,0.0864
10,8,0,7,0.6191,0.6157,0.8525,0.5636,0.0913
10,8,0,8,0.5833,0.5872,0.9148,0.5202,0.0875
10,8,0,9,0.7763,0.7561,0.7301,0.7591,0.0955
10,8,0,10,0.7223,0.6916,0.8007,0.6913,0.0948
10,8,0,11,0.8185,0.7997,0.8450,0.8078,0.0880
10,8,1,0,0.7148,0.7064,0.9480,0.6781,0.0832
10,8,1,1,0.8328,0.8166,0.9674,0.8164,0.0697
10,8,1,2,0.8127,0.8137,0.9607,0.7946,0.0798
10,8,1,3,0.9210,0.8905,0.8682,0.9237,0.0686
10,8,1,4,0.9245,0.9218,0.9656,0.9230,0.0607
10,8,1,5,0.9126,0.9077,0.9832,0.9061,0.0533
10,8,1,6,0.8458,0.8368,0.9827,0.8307,0.0656
10,8,1,7,0.9133,0.9138,0.9752,0.9092,0.0607
10,8,1,8,0.9208,0.9252,0.9364,0.9187,0.0617
10,8,1,9,0.9463,0.9569,0.9799,0.9439,0.0472
10,8,1,10,0.1670,0.5278,0.8632,0.0146,0.0924
10,8,1,11,0.3074,0.2783,0.9714,0.2228,0.0268
10,8,2,0,0.8007,0.7827,0.9188,0.7809,0.0820
10,8,2,1,0.9838,0.9856,0.9986,0.9831,0.0245
10,8,2,2,0.4109,0.4967,0.9205,0.3245,0.0603
10,8,2,3,0.6437,0.6526,0.9644,0.5937,0.0758
10,8,2,4,0.9172,0.9191,0.9883,0.9111,0.0535
10,8,2,5,0.7052,0.6951,0.9229,0.6666,0.0792
10,8,2,6,0.9774,0.9812,0.9993,0.9755,0.0214
10,8,2,7,0.7134,0.7131,0.9052,0.6780,0.0888
10,8,2,8,0.7409,0.7104,0.9072,0.7085,0.0732
10,8,2,9,0.5108,0.5275,0.9116,0.4366,0.0740
10,8,2,10,0.8340,0.8184,0.9310,0.8207,0.0803
10,8,2,11,0.9831,0.9816,0.9964,0.9836,0.0332
10,8,3,0,0.9950,0.9931,0.9999,0.9946,0.0102
10,8,3,1,0.9029,0.8845,0.9116,0.8953,0.0579
10,8,3,2,0.3911,0.5026,0.9384,0.3002,0.0624
10,8,3,3,0.9579,0.9614,0.9922,0.9543,0.0328
10,8,3,4,0.9992,0.9992,1.0000,0.9991,0.0024
10,8,3,5,0.9418,0.9409,0.9774,0.9387,0.0480
10,8,3,6,0.5675,0.5676,0.9044,0.5019,0.0823
10,8,3,7,0.5862,0.5720,0.9598,0.5276,0.0651
10,8,3,8,0.7587,0.7161,0.8569,0.7297,0.0766
10,8,3,9,0.5562,0.6814,0.9193,0.4989,0.0400
10,8,3,10,0.9572,0.9399,0.9980,0.9549,0.0396
10,8,3,11,0.6892,0.7089,0.9750,0.6477,0.0652
10,8,4,0,0.6347,0.6120,0.9046,0.5884,0.0373
10,8,4,1,0.8964,0.8792,0.9257,0.8877,0.0581
10,8,4,2,0.9891,0.9879,0.9981,0.9888,0.0209
10,8,4,3,0.7165,0.7534,0.9747,0.6793,0.0656
10,8,4,4,0.9678,0.9613,0.9924,0.9657,0.0316
10,8,4,5,0.7073,0.7303,0.9741,0.6689,0.0568
10,8,4,6,0.9065,0.8978,0.9599,0.8996,0.0563
10,8,4,7,0.5002,0.4897,0.9614,0.4304,0.0530
10,8,4,8,0.9907,0.9912,1.0000,0.9901,0.0143
10,8,4,9,0.8761,0.8488,0.8511,0.8662,0.0655
10,8,4,10,0.9991,0.9993,0.9999,0.9990,0.0038
10,8,4,11,0.1887,0.3258,1.0000,0.1049,0.0022
10,8,5,0,0.9789,0.9641,0.9999,0.9767,0.0143
10,8,5,1,0.9996,0.9996,0.9999,0.9995,0.0020
10,8,5,2,0.7748,0.7495,0.8860,0.7480,0.0691
10,8,5,3,0.8143,0.7694,0.8203,0.7967,0.0782
10,8,5,4,0.7379,0.6862,0.9064,0.7043,0.0617
10,8,5,5,0.9972,0.9958,0.9999,0.9970,0.0058
10,8,5,6,0.9272,0.9133,0.9999,0.9195,0.0335
10,8,5,7,0.9127,0.9192,0.9720,0.9035,0.0335
10,8,5,8,0.9738,0.9659,0.9995,0.9715,0.0226
10,8,5,9,0.9992,0.9992,1.0000,0.9992,0.0041
10,8,5,10,0.9700,0.9634,0.9964,0.9679,0.0286
10,8,5,11,0.9795,0.9767,0.9986,0.9781,0.0240
10,8,6,0,0.6775,0.6665,0.8637,0.6335,0.0758
10,8,6,1,0.9574,0.9602,0.9993,0.9527,0.0108
10,8,6,2,0.9943,0.9930,0.9976,0.9942,0.0148
10,8,6,3,0.9576,0.9625,0.9994,0.9533,0.0256
10,8,6,4,0.9269,0.9254,0.9962,0.9218,0.0504
10,8,6,5,0.9678,0.9653,0.9951,0.9664,0.0357
10,8,6,6,0.9979,0.9968,0.9998,0.9978,0.0085
10,8,6,7,0.8981,0.9029,0.9954,0.8885,0.0498
10,8,6,8,0.9165,0.9091,0.9866,0.9095,0.0502
10,8,6,9,0.9996,0.9997,1.0000,0.9995,0.0013
10,8,6,10,0.9997,0.9997,1.0000,0.9996,0.0016
10,8,6,11,0.7823,0.7529,0.8449,0.7573,0.0718
10,8,7,0,0.6728,0.7137,0.9751,0.6300,0.0517
10,8,7,1,0.9864,0.9880,0.9998,0.9854,0.0171
10,8,7,2,0.9993,0.9992,1.0000,0.9992,0.0016
10,8,7,3,0.9366,0.9225,0.9924,0.9321,0.0462
10,8,7,4,0.9174,0.8969,0.9962,0.9090,0.0388
10,8,7,5,0.9836,0.9824,0.9902,0.9837,0.0306
10,8,7,6,0.9937,0.9951,1.0000,0.9934,0.0127
10,8,7,7,0.9947,0.9938,1.0000,0.9942,0.0087
10,8,7,8,0.9252,0.9132,0.9810,0.9188,0.0449
10,8,7,9,0.8759,0.8360,0.9082,0.8628,0.0485
10,8,7,10,0.9996,0.9995,0.9999,0.9996,0.0010
10,8,7,11,0.9990,0.9985,1.0000,0.9989,0.0016
10,8,8,0,0.9909,0.9898,0.9914,0.9909,0.0211
10,8,8,1,0.9966,0.9968,0.9999,0.9963,0.0046
10,8,8,2,0.9868,0.9876,0.9969,0.9865,0.0243
10,8,8,3,0.9928,0.9941,0.9997,0.9922,0.0112
10,8,8,4,0.7807,0.8371,0.9139,0.7536,0.0543
10,8,8,5,0.8477,0.8075,0.9586,0.8314,0.0596
10,8,8,6,0.9954,0.9967,1.0000,0.9950,0.0056
10,8,8,7,0.7268,0.7419,0.9559,0.6918,0.0518
10,8,8,8,0.9525,0.9499,0.9912,0.9501,0.0430
10,8,8,9,0.9722,0.9766,0.9988,0.9703,0.0287
10,8,8,10,0.9849,0.9792,0.9938,0.9849,0.0279
10,8,8,11,0.9974,0.9972,1.0000,0.9972,0.0072
10,8,9,0,0.9676,0.9692,0.9999,0.9645,0.0219
10,8,9,1,0.9954,0.9959,0.9994,0.9950,0.0073
10,8,9,2,0.9894,0.9908,0.9996,0.9884,0.0132
10,8,9,3,0.7228,0.6861,0.8729,0.6872,0.0739
10,8,9,4,0.9958,0.9969,1.0000,0.9954,0.0066
10,8,9,5,0.9923,0.9914,0.9997,0.9920,0.0171
10,8,9,6,0.9999,0.9999,1.0000,0.9998,0.0004
10,8,9,7,0.9603,0.9648,0.9987,0.9572,0.0329
10,8,9,8,0.9986,0.9986,1.0000,0.9985,0.0043
10,8,9,9,0.9998,0.9998,1.0000,0.9998,0.0010
10,8,9,10,0.8095,0.7866,0.9526,0.7875,0.0606
10,8,9,11,0.9998,0.9998,1.0000,0.9998,0.0009
10,8,10,0,0.9986,0.9988,1.0000,0.9984,0.0047
10,8,10,1,0.9989,0.9991,1.0000,0.9988,0.0033
10,8,10,2,0.9985,0.9982,0.9997,0.9984,0.0058
10,8,10,3,0.9935,0.9905,0.9941,0.9934,0.0163
10,8,10,4,0.9663,0.9642,0.9935,0.9637,0.0303
10,8,10,5,0.8660,0.8351,0.9818,0.8508,0.0443
10,8,10,6,0.9963,0.9972,1.0000,0.9960,0.0093
10,8,10,7,0.9953,0.9941,0.9992,0.9952,0.0140
10,8,10,8,1.0000,1.0000,1.0000,1.0000,0.0000
10,8,10,9,0.8677,0.8338,0.9820,0.8544,0.0544
10,8,10,10,0.9999,0.9999,1.0000,0.9998,0.0004
10,8,10,11,0.8317,0.8374,0.9847,0.8118,0.0315
10,8,11,0,0.5609,0.5809,0.7158,0.4916,0.0997
10,8,11,1,0.9876,0.9883,0.9930,0.9877,0.0253
10,8,11,2,0.9994,0.9992,0.9988,0.9994,0.0049
10,8,11,3,0.8723,0.8775,0.9117,0.8638,0.0687
10,8,11,4,0.9883,0.9850,0.9767,0.9893,0.0307
10,8,11,5,0.9790,0.9816,0.9979,0.9768,0.0115
10,8,11,6,0.9997,0.9998,1.0000,0.9997,0.0021
10,8,11,7,0.9886,0.9860,0.9946,0.9881,0.0203
10,8,11,8,0.1476,0.4829,0.9431,0.0107,0.0723
10,8,11,9,0.9987,0.9988,0.9998,0.9986,0.0047
10,8,11,10,0.9288,0.9164,0.9247,0.9259,0.0555
10,8,11,11,0.9521,0.9423,0.9828,0.9500,0.0446
10,9,0,0,0.9197,0.9271,0.9815,0.9023,0.0239
10,9,0,1,0.2276,0.4195,1.0000,0.1147,0.0522
10,9,0,2,0.8921,0.8876,0.9134,0.8688,0.0319
10,9,0,3,0.3191,0.4482,0.9922,0.2111,0.0400
10,9,0,4,0.5336,0.6405,0.9936,0.4415,0.0071
10,9,0,5,0.2800,0.4223,0.9980,0.1707,0.0462
10,9,0,6,0.8606,0.8823,0.9906,0.8286,0.0336
10,9,0,7,0.7851,0.8276,0.9358,0.7331,0.0379
10,9,0,8,0.6655,0.7189,0.9746,0.5813,0.0333
10,9,0,9,0.8727,0.8667,0.8459,0.8462,0.0413
10,9,0,10,0.8188,0.8383,0.8994,0.7760,0.0404
10,9,0,11,0.8824,0.8963,0.9307,0.8572,0.0344
10,9,1,0,0.8706,0.8869,0.9910,0.8413,0.0316
10,9,1,1,0.9073,0.9108,0.9978,0.8868,0.0168
10,9,1,2,0.8848,0.9051,0.9958,0.8589,0.0287
10,9,1,3,0.9130,0.8841,0.9462,0.8940,0.0249
10,9,1,4,0.9258,0.9264,0.9973,0.9096,0.0210
10,9,1,5,0.9249,0.9404,1.0000,0.9094,0.0091
10,9,1,6,0.9253,0.9180,1.0000,0.9090,0.0169
10,9,1,7,0.9195,0.9119,0.9994,0.9021,0.0178
10,9,1,8,0.9054,0.9132,0.9858,0.8847,0.0130
10,9,1,9,0.8974,0.9038,0.9999,0.8770,0.0109
10,9,1,10,0.4003,0.7375,0.9430,0.2448,0.0403
10,9,1,11,0.4049,0.4894,0.9988,0.3039,0.0324
10,9,2,0,0.8897,0.9052,0.9768,0.8651,0.0283
10,9,2,1,0.9017,0.8765,0.9906,0.8868,0.0304
10,9,2,2,0.6369,0.7595,0.9777,0.5594,0.0161
10,9,2,3,0.7928,0.8176,0.9970,0.7456,0.0230
10,9,2,4,0.9421,0.9372,0.9993,0.9302,0.0096
10,9,2,5,0.8421,0.8713,0.9790,0.8058,0.0264
10,9,2,6,0.8836,0.8957,0.9883,0.8667,0.0346
10,9,2,7,0.8376,0.8845,0.9692,0.7997,0.0349
10,9,2,8,0.8280,0.8507,0.9703,0.7887,0.0206
10,9,2,9,0.7271,0.7817,0.9728,0.6643,0.0209
10,9,2,10,0.9049,0.9215,0.9832,0.8840,0.0274
10,9,2,11,0.9120,0.8932,0.9945,0.8966,0.0247
10,9,3,0,0.8839,0.8627,0.9800,0.8702,0.0442
10,9,3,1,0.8821,0.8876,0.9728,0.8574,0.0139
10,9,3,2,0.5896,0.7335,0.9868,0.5005,0.0088
10,9,3,3,0.8553,0.8662,0.9979,0.8310,0.0266
10,9,3,4,0.8755,0.8399,0.9814,0.8625,0.0521
10,9,3,5,0.9079,0.9236,0.9997,0.8896,0.0138
10,9,3,6,0.7602,0.8055,0.9687,0.7028,0.0289
10,9,3,7,0.7224,0.7929,0.9955,0.6623,0.0156
10,9,3,8,0.8279,0.8477,0.9388,0.7886,0.0261
10,9,3,9,0.6351,0.7608,0.9770,0.5680,0.0189
10,9,3,10,0.9153,0.9136,0.9919,0.8998,0.0161
10,9,3,11,0.8094,0.8738,0.9994,0.7682,0.0155
10,9,4,0,0.6883,0.7038,0.9688,0.6321,0.0211
10,9,4,1,0.9182,0.8916,0.9804,0.9010,0.0113
10,9,4,2,0.8961,0.8770,0.9917,0.8809,0.0338
10,9,4,3,0.8434,0.8785,0.9994,0.8095,0.0146
10,9,4,4,0.9128,0.9182,0.9978,0.8986,0.0228
10,9,4,5,0.8095,0.8374,0.9993,0.7700,0.0155
10,9,4,6,0.9085,0.9353,0.9956,0.8892,0.0129
10,9,4,7,0.6333,0.6885,0.9960,0.5584,0.0151
10,9,4,8,0.8865,0.8817,0.9830,0.8718,0.0401
10,9,4,9,0.8695,0.8898,0.9349,0.8409,0.0134
10,9,4,10,0.8753,0.8470,0.9840,0.8620,0.0506
10,9,4,11,0.4256,0.6378,0.9803,0.3461,0.0567
10,9,5,0,0.9184,0.9150,0.9788,0.9099,0.0417
10,9,5,1,0.8666,0.8318,0.9793,0.8545,0.0561
10,9,5,2,0.8493,0.8969,0.9576,0.8157,0.0171
10,9,5,3,0.8838,0.8541,0.9135,0.8576,0.0243
10,9,5,4,0.7771,0.8437,0.9698,0.7287,0.0140
10,9,5,5,0.8835,0.8555,0.9844,0.8709,0.0489
10,9,5,6,0.9116,0.9051,0.9849,0.8978,0.0289
10,9,5,7,0.8111,0.8755,0.9989,0.7778,0.0239
10,9,5,8,0.9049,0.9000,0.9874,0.8917,0.0327
10,9,5,9,0.8768,0.8431,0.9834,0.8632,0.0504
10,9,5,10,0.9177,0.9102,0.9945,0.9050,0.0258
10,9,5,11,0.9071,0.8989,0.9908,0.8934,0.0304
10,9,6,0,0.8288,0.8318,0.9433,0.7897,0.0248
10,9,6,1,0.8361,0.8746,0.9884,0.8144,0.0437
10,9,6,2,0.8998,0.8688,0.9928,0.8867,0.0396
10,9,6,3,0.8945,0.9079,0.9882,0.8792,0.0299
10,9,6,4,0.9075,0.8951,0.9947,0.8888,0.0093
10,9,6,5,0.9220,0.9228,0.9959,0.9084,0.0216
10,9,6,6,0.8833,0.8569,0.9856,0.8696,0.0459
10,9,6,7,0.8917,0.9506,0.9956,0.8700,0.0077
10,9,6,8,0.9480,0.9493,0.9997,0.9378,0.0108
10,9,6,9,0.8673,0.8329,0.9813,0.8549,0.0555
10,9,6,10,0.8723,0.8410,0.9807,0.8590,0.0529
10,9,6,11,0.8548,0.8494,0.9307,0.8220,0.0192
10,9,7,0,0.7204,0.7596,0.9994,0.6656,0.0172
10,9,7,1,0.8782,0.8853,0.9854,0.8616,0.0374
10,9,7,2,0.8712,0.8435,0.9805,0.8589,0.0547
10,9,7,3,0.9411,0.9494,0.9978,0.9299,0.0130
10,9,7,4,0.9533,0.9359,0.9948,0.9457,0.0177
10,9,7,5,0.8997,0.8824,0.9988,0.8826,0.0247
10,9,7,6,0.8764,0.8692,0.9835,0.8602,0.0417
10,9,7,7,0.8789,0.8702,0.9834,0.8648,0.0460
10,9,7,8,0.8892,0.9283,1.0000,0.8680,0.0161
10,9,7,9,0.8965,0.8685,0.9708,0.8762,0.0109
10,9,7,10,0.8673,0.8374,0.9839,0.8541,0.0539
10,9,7,11,0.8739,0.8494,0.9825,0.8612,0.0531
10,9,8,0,0.8845,0.8547,0.9983,0.8672,0.0333
10,9,8,1,0.8667,0.8547,0.9850,0.8523,0.0501
10,9,8,2,0.8953,0.8864,0.9939,0.8791,0.0317
10,9,8,3,0.8683,0.8689,0.9866,0.8516,0.0433
10,9,8,4,0.8125,0.8646,0.9741,0.7747,0.0161
10,9,8,5,0.9159,0.8805,0.9951,0.8982,0.0096
10,9,8,6,0.8660,0.8584,0.9818,0.8507,0.0491
10,9,8,7,0.7092,0.7498,0.9942,0.6521,0.0163
10,9,8,8,0.9022,0.8955,0.9984,0.8835,0.0138
10,9,8,9,0.8905,0.9050,0.9901,0.8729,0.0257
10,9,8,10,0.9032,0.8952,0.9969,0.8873,0.0273
10,9,8,11,0.8705,0.8413,0.9830,0.8550,0.0472
10,9,9,0,0.8421,0.8454,0.9842,0.8184,0.0344
10,9,9,1,0.8642,0.8575,0.9879,0.8481,0.0471
10,9,9,2,0.8586,0.8668,0.9870,0.8398,0.0412
10,9,9,3,0.7981,0.8086,0.9493,0.7517,0.0194
10,9,9,4,0.8713,0.8616,0.9838,0.8566,0.0479
10,9,9,5,0.8811,0.8621,0.9865,0.8645,0.0374
10,9,9,6,0.8654,0.8331,0.9804,0.8521,0.0548
10,9,9,7,0.9024,0.9087,0.9904,0.8861,0.0228
10,9,9,8,0.8700,0.8433,0.9818,0.8556,0.0501
10,9,9,9,0.8665,0.8365,0.9818,0.8530,0.0544
10,9,9,10,0.9166,0.9129,0.9929,0.8989,0.0109
10,9,9,11,0.8690,0.8327,0.9821,0.8560,0.0546
10,9,10,0,0.8657,0.8421,0.9808,0.8504,0.0497
10,9,10,1,0.8668,0.8450,0.9812,0.8522,0.0512
10,9,10,2,0.8801,0.8501,0.9861,0.8668,0.0487
10,9,10,3,0.8829,0.8673,0.9967,0.8667,0.0382
10,9,10,4,0.8402,0.8616,0.9971,0.8134,0.0244
10,9,10,5,0.9508,0.9334,1.0000,0.9423,0.0140
10,9,10,6,0.8672,0.8483,0.9825,0.8506,0.0451
10,9,10,7,0.8771,0.8648,0.9889,0.8606,0.0404
10,9,10,8,0.8677,0.8338,0.9820,0.8544,0.0544
10,9,10,9,1.0000,1.0000,1.0000,1.0000,0.0000
10,9,10,10,0.8650,0.8336,0.9812,0.8513,0.0543
10,9,10,11,0.7145,0.7815,0.9999,0.6656,0.0269
10,9,11,0,0.7476,0.7497,0.8348,0.6836,0.0453
10,9,11,1,0.8807,0.8728,0.9975,0.8615,0.0294
10,9,11,2,0.8725,0.8414,0.9902,0.8581,0.0496
10,9,11,3,0.8250,0.8957,0.9728,0.7852,0.0153
10,9,11,4,0.8989,0.8746,0.9997,0.8814,0.0256
10,9,11,5,0.8572,0.8734,0.9923,0.8392,0.0445
10,9,11,6,0.8686,0.8392,0.9838,0.8544,0.0523
10,9,11,7,0.9027,0.8818,0.9963,0.8889,0.0341
10,9,11,8,0.3914,0.7070,0.9889,0.2531,0.0215
10,9,11,9,0.8764,0.8511,0.9854,0.8626,0.0497
10,9,11,10,0.8692,0.8976,0.9799,0.8415,0.0084
10,9,11,11,0.9232,0.9211,1.0000,0.9082,0.0117
10,10,0,0,0.8594,0.8539,0.9262,0.8505,0.0766
10,10,0,1,0.1049,0.1784,0.9817,0.0100,0.0050
10,10,0,2,0.8301,0.8132,0.8177,0.8199,0.0851
10,10,0,3,0.1967,0.2053,0.9494,0.1046,0.0180
10,10,0,4,0.4029,0.3811,0.9533,0.3206,0.0496
10,10,0,5,0.1616,0.1851,0.9670,0.0694,0.0084
10,10,0,6,0.7698,0.7768,0.9457,0.7448,0.0863
10,10,0,7,0.6190,0.6141,0.8503,0.5636,0.0912
10,10,0,8,0.5831,0.5857,0.9131,0.5200,0.0874
10,10,0,9,0.7761,0.7537,0.7272,0.7590,0.0954
10,10,0,10,0.7209,0.6890,0.7982,0.6896,0.0947
10,10,0,11,0.8185,0.7977,0.8428,0.8080,0.0879
10,10,1,0,0.7141,0.7060,0.9467,0.6774,0.0830
10,10,1,1,0.8316,0.8149,0.9663,0.8150,0.0695
10,10,1,2,0.8122,0.8120,0.9595,0.7941,0.0796
10,10,1,3,0.9205,0.8888,0.8661,0.9231,0.0685
10,10,1,4,0.9245,0.9206,0.9645,0.9231,0.0606
10,10,1,5,0.9115,0.9065,0.9825,0.9048,0.0531
10,10,1,6,0.8443,0.8359,0.9819,0.8291,0.0655
10,10,1,7,0.9135,0.9129,0.9742,0.9095,0.0606
10,10,1,8,0.9204,0.9243,0.9349,0.9183,0.0615
10,10,1,9,0.9459,0.9564,0.9791,0.9435,0.0471
10,10,1,10,0.1658,0.5246,0.8611,0.0134,0.0922
10,10,1,11,0.3047,0.2760,0.9704,0.2198,0.0266
10,10,2,0,0.8004,0.7821,0.9171,0.7806,0.0819
10,10,2,1,0.9839,0.9857,0.9984,0.9833,0.0244
10,10,2,2,0.4103,0.4951,0.9189,0.3238,0.0602
10,10,2,3,0.6428,0.6515,0.9632,0.5927,0.0757
10,10,2,4,0.9164,0.9182,0.9876,0.9102,0.0534
10,10,2,5,0.7048,0.6937,0.9213,0.6662,0.0791
10,10,2,6,0.9772,0.9806,0.9992,0.9753,0.0213
10,10,2,7,0.7134,0.7113,0.9034,0.6780,0.0887
10,10,2,8,0.7407,0.7089,0.9055,0.7085,0.0731
10,10,2,9,0.5124,0.5261,0.9099,0.4386,0.0739
10,10,2,10,0.8338,0.8166,0.9295,0.8205,0.0802
10,10,2,11,0.9830,0.9812,0.9960,0.9836,0.0331
10,10,3,0,0.9945,0.9929,1.0000,0.9941,0.0101
10,10,3,1,0.9021,0.8838,0.9099,0.8944,0.0577
10,10,3,2,0.3897,0.5018,0.9370,0.2986,0.0623
10,10,3,3,0.9586,0.9615,0.9916,0.9551,0.0327
10,10,3,4,0.9991,0.9992,1.0000,0.9990,0.0022
10,10,3,5,0.9421,0.9404,0.9765,0.9392,0.0479
10,10,3,6,0.5669,0.5664,0.9027,0.5012,0.0821
10,10,3,7,0.5874,0.5714,0.9586,0.5291,0.0649
10,10,3,8,0.7578,0.7153,0.8548,0.7288,0.0765
10,10,3,9,0.5565,0.6819,0.9176,0.4993,0.0399
10,10,3,10,0.9565,0.9394,0.9978,0.9541,0.0395
10,10,3,11,0.6884,0.7082,0.9741,0.6467,0.0651
10,10,4,0,0.6341,0.6126,0.9028,0.5878,0.0371
10,10,4,1,0.8952,0.8799,0.9241,0.8864,0.0580
10,10,4,2,0.9890,0.9881,0.9979,0.9887,0.0207
10,10,4,3,0.7176,0.7518,0.9738,0.6808,0.0655
10,10,4,4,0.9673,0.9601,0.9919,0.9651,0.0315
10,10,4,5,0.7063,0.7303,0.9732,0.6679,0.0567
10,10,4,6,0.9063,0.8963,0.9587,0.8994,0.0561
10,10,4,7,0.4988,0.4876,0.9602,0.4288,0.0529
10,10,4,8,0.9908,0.9912,1.0000,0.9901,0.0142
10,10,4,9,0.8760,0.8478,0.8489,0.8661,0.0653
10,10,4,10,0.9990,0.9991,0.9999,0.9989,0.0037
10,10,4,11,0.1903,0.3242,1.0000,0.1067,0.0024
10,10,5,0,0.9778,0.9640,0.9999,0.9755,0.0142
10,10,5,1,0.9994,0.9996,1.0000,0.9994,0.0021
10,10,5,2,0.7741,0.7475,0.8840,0.7472,0.0690
10,10,5,3,0.8135,0.7687,0.8179,0.7958,0.0781
10,10,5,4,0.7379,0.6851,0.9046,0.7045,0.0615
10,10,5,5,0.9969,0.9958,0.9999,0.9966,0.0056
10,10,5,6,0.9268,0.9138,0.9998,0.9191,0.0333
10,10,5,7,0.9140,0.9197,0.9711,0.9050,0.0333
10,10,5,8,0.9729,0.9655,0.9994,0.9705,0.0224
10,10,5,9,0.9992,0.9992,0.9999,0.9992,0.0039
10,10,5,10,0.9695,0.9626,0.9960,0.9673,0.0285
10,10,5,11,0.9791,0.9758,0.9983,0.9777,0.0239
10,10,6,0,0.6773,0.6652,0.8616,0.6334,0.0757
10,10,6,1,0.9582,0.9610,0.9991,0.9537,0.0106
10,10,6,2,0.9940,0.9928,0.9973,0.9938,0.0147
10,10,6,3,0.9574,0.9616,0.9992,0.9532,0.0254
10,10,6,4,0.9273,0.9256,0.9959,0.9224,0.0502
10,10,6,5,0.9675,0.9644,0.9947,0.9660,0.0356
10,10,6,6,0.9977,0.9966,0.9997,0.9976,0.0084
10,10,6,7,0.8985,0.9023,0.9950,0.8890,0.0497
10,10,6,8,0.9155,0.9089,0.9859,0.9083,0.0501
10,10,6,9,0.9994,0.9996,1.0000,0.9994,0.0014
10,10,6,10,0.9997,0.9996,1.0000,0.9997,0.0014
10,10,6,11,0.7812,0.7529,0.8426,0.7560,0.0716
10,10,7,0,0.6730,0.7143,0.9742,0.6303,0.0516
10,10,7,1,0.9865,0.9878,0.9997,0.9855,0.0169
10,10,7,2,0.9990,0.9991,1.0000,0.9989,0.0014
10,10,7,3,0.9355,0.9224,0.9919,0.9308,0.0460
10,10,7,4,0.9150,0.8970,0.9958,0.9062,0.0387
10,10,7,5,0.9837,0.9824,0.9896,0.9839,0.0304
10,10,7,6,0.9942,0.9952,0.9999,0.9939,0.0126
10,10,7,7,0.9947,0.9936,0.9999,0.9943,0.0085
10,10,7,8,0.9253,0.9133,0.9802,0.9190,0.0447
10,10,7,9,0.8746,0.8370,0.9064,0.8613,0.0484
10,10,7,10,0.9995,0.9994,0.9999,0.9995,0.0012
10,10,7,11,0.9988,0.9984,1.0000,0.9986,0.0014
10,10,8,0,0.9909,0.9898,0.9908,0.9908,0.0210
10,10,8,1,0.9967,0.9969,0.9998,0.9963,0.0045
10,10,8,2,0.9871,0.9874,0.9965,0.9869,0.0241
10,10,8,3,0.9935,0.9944,0.9995,0.9930,0.0110
10,10,8,4,0.7795,0.8373,0.9122,0.7523,0.0542
10,10,8,5,0.8466,0.8084,0.9574,0.8302,0.0594
10,10,8,6,0.9957,0.9968,1.0000,0.9953,0.0055
10,10,8,7,0.7275,0.7428,0.9547,0.6927,0.0517
10,10,8,8,0.9529,0.9502,0.9906,0.9507,0.0429
10,10,8,9,0.9724,0.9763,0.9986,0.9705,0.0286
10,10,8,10,0.9846,0.9788,0.9934,0.9846,0.0278
10,10,8,11,0.9978,0.9974,1.0000,0.9977,0.0071
10,10,9,0,0.9688,0.9702,0.9999,0.9659,0.0218
10,10,9,1,0.9954,0.9960,0.9993,0.9950,0.0072
10,10,9,2,0.9902,0.9915,0.9995,0.9894,0.0131
10,10,9,3,0.7222,0.6860,0.8708,0.6866,0.0737
10,10,9,4,0.9959,0.9970,0.9999,0.9955,0.0064
10,10,9,5,0.9925,0.9915,0.9996,0.9922,0.0169
10,10,9,6,0.9999,0.9999,1.0000,0.9999,0.0005
10,10,9,7,0.9609,0.9647,0.9985,0.9579,0.0328
10,10,9,8,0.9988,0.9989,1.0000,0.9987,0.0042
10,10,9,9,0.9998,0.9998,1.0000,0.9998,0.0007
10,10,9,10,0.8073,0.7872,0.9514,0.7850,0.0605
10,10,9,11,0.9997,0.9998,1.0000,0.9997,0.0010
10,10,10,0,0.9990,0.9992,1.0000,0.9989,0.0046
10,10,10,1,0.9992,0.9993,1.0000,0.9991,0.0031
10,10,10,2,0.9984,0.9980,0.9996,0.9983,0.0056
10,10,10,3,0.9934,0.9904,0.9936,0.9932,0.0161
10,10,10,4,0.9675,0.9651,0.9931,0.9651,0.0302
10,10,10,5,0.8630,0.8352,0.9810,0.8474,0.0442
10,10,10,6,0.9970,0.9976,1.0000,0.9968,0.0092
10,10,10,7,0.9954,0.9941,0.9990,0.9953,0.0139
10,10,10,8,0.9999,0.9999,1.0000,0.9998,0.0004
10,10,10,9,0.8650,0.8336,0.9812,0.8513,0.0543
10,10,10,10,1.0000,1.0000,1.0000,1.0000,0.0000
10,10,10,11,0.8338,0.8394,0.9840,0.8142,0.0314
10,10,11,0,0.5584,0.5791,0.7129,0.4887,0.0996
10,10,11,1,0.9883,0.9884,0.9925,0.9885,0.0252
10,10,11,2,0.9994,0.9992,0.9985,0.9994,0.0047
10,10,11,3,0.8750,0.8779,0.9099,0.8671,0.0686
10,10,11,4,0.9882,0.9844,0.9758,0.9892,0.0306
10,10,11,5,0.9794,0.9819,0.9976,0.9773,0.0114
10,10,11,6,0.9998,0.9998,0.9999,0.9998,0.0020
10,10,11,7,0.9880,0.9856,0.9942,0.9875,0.0202
10,10,11,8,0.1462,0.4802,0.9417,0.0091,0.0722
10,10,11,9,0.9987,0.9987,0.9997,0.9986,0.0046
10,10,11,10,0.9293,0.9161,0.9231,0.9265,0.0554
10,10,11,11,0.9518,0.9424,0.9820,0.9497,0.0445
10,11,0,0,0.8040,0.8412,0.9786,0.7706,0.0500
10,11,0,1,0.1701,0.2982,0.9999,0.0660,0.0290
10,11,0,2,0.8121,0.8233,0.9073,0.7820,0.0582
10,11,0,3,0.2761,0.3183,0.9902,0.1776,0.0144
10,11,0,4,0.4791,0.5017,0.9919,0.3921,0.0219
10,11,0,5,0.2222,0.2927,0.9969,0.1208,0.0232
10,11,0,6,0.7613,0.8156,0.9885,0.7188,0.0581
10,11,0,7,0.7062,0.7266,0.9305,0.6510,0.0619
10,11,0,8,0.6291,0.6459,0.9712,0.5555,0.0597
10,11,0,9,0.7709,0.7765,0.8380,0.7330,0.0677
10,11,0,10,0.7171,0.7268,0.8928,0.6647,0.0655
10,11,0,11,0.7975,0.8209,0.9252,0.7649,0.0610
10,11,1,0,0.7291,0.7554,0.9890,0.6796,0.0543
10,11,1,1,0.8013,0.8061,0.9967,0.7671,0.0413
10,11,1,2,0.7904,0.8020,0.9944,0.7541,0.0543
10,11,1,3,0.8462,0.8480,0.9413,0.8219,0.0395
10,11,1,4,0.8355,0.8516,0.9961,0.8080,0.0400
10,11,1,5,0.8054,0.8345,1.0000,0.7728,0.0252
10,11,1,6,0.7669,0.8399,0.9999,0.7262,0.0357
10,11,1,7,0.8215,0.8501,0.9988,0.7913,0.0376
10,11,1,8,0.8396,0.8623,0.9832,0.8129,0.0362
10,11,1,9,0.8345,0.8542,0.9997,0.8073,0.0218
10,11,1,10,0.3350,0.6008,0.9380,0.1915,0.0656
10,11,1,11,0.3533,0.3781,0.9979,0.2592,0.0076
10,11,2,0,0.7846,0.8125,0.9735,0.7471,0.0529
10,11,2,1,0.8354,0.8710,0.9925,0.8111,0.0140
10,11,2,2,0.5946,0.6541,0.9745,0.5228,0.0299
10,11,2,3,0.6959,0.7277,0.9957,0.6403,0.0470
10,11,2,4,0.8020,0.8318,0.9998,0.7689,0.0236
10,11,2,5,0.7690,0.7875,0.9759,0.7281,0.0496
10,11,2,6,0.8200,0.8312,0.9905,0.7943,0.0143
10,11,2,7,0.7300,0.7614,0.9654,0.6805,0.0613
10,11,2,8,0.7961,0.8227,0.9666,0.7609,0.0436
10,11,2,9,0.6304,0.6656,0.9693,0.5613,0.0443
10,11,2,10,0.8042,0.8110,0.9804,0.7711,0.0543
10,11,2,11,0.8572,0.8674,0.9959,0.8349,0.0203
10,11,3,0,0.8321,0.8527,0.9828,0.8103,0.0213
10,11,3,1,0.8283,0.8460,0.9693,0.7996,0.0269
10,11,3,2,0.5895,0.6654,0.9843,0.5158,0.0333
10,11,3,3,0.9229,0.9138,0.9988,0.9112,0.0076
10,11,3,4,0.8328,0.8420,0.9842,0.8125,0.0291
10,11,3,5,0.8069,0.8425,0.9993,0.7750,0.0260
10,11,3,6,0.6379,0.6969,0.9649,0.5678,0.0539
10,11,3,7,0.7616,0.7374,0.9940,0.7203,0.0349
10,11,3,8,0.7934,0.8199,0.9336,0.7577,0.0459
10,11,3,9,0.5946,0.8139,0.9738,0.5309,0.0101
10,11,3,10,0.8382,0.8563,0.9937,0.8124,0.0129
10,11,3,11,0.6610,0.7228,0.9988,0.6008,0.0358
10,11,4,0,0.8221,0.8236,0.9650,0.7945,0.0084
10,11,4,1,0.8230,0.8576,0.9774,0.7933,0.0282
10,11,4,2,0.8434,0.8808,0.9935,0.8207,0.0159
10,11,4,3,0.6569,0.6829,0.9987,0.5957,0.0362
10,11,4,4,0.8023,0.8079,0.9987,0.7722,0.0119
10,11,4,5,0.7036,0.7877,0.9986,0.6529,0.0264
10,11,4,6,0.7967,0.8016,0.9941,0.7622,0.0314
10,11,4,7,0.5710,0.5674,0.9946,0.4975,0.0226
10,11,4,8,0.8197,0.8361,0.9856,0.7951,0.0193
10,11,4,9,0.7838,0.7914,0.9295,0.7463,0.0353
10,11,4,10,0.8295,0.8382,0.9865,0.8086,0.0277
10,11,4,11,0.4234,0.4853,0.9831,0.3536,0.0337
10,11,5,0,0.8029,0.8084,0.9817,0.7767,0.0172
10,11,5,1,0.8273,0.8361,0.9822,0.8078,0.0332
10,11,5,2,0.7117,0.7232,0.9532,0.6599,0.0395
10,11,5,3,0.8231,0.8282,0.9074,0.7938,0.0504
10,11,5,4,0.8293,0.7908,0.9661,0.8006,0.0310
10,11,5,5,0.8258,0.8498,0.9869,0.8039,0.0260
10,11,5,6,0.7954,0.8695,0.9873,0.7648,0.0070
10,11,5,7,0.9062,0.8981,0.9981,0.8918,0.0075
10,11,5,8,0.8219,0.8630,0.9896,0.7964,0.0094
10,11,5,9,0.8349,0.8424,0.9859,0.8143,0.0274
10,11,5,10,0.8023,0.8150,0.9960,0.7726,0.0081
10,11,5,11,0.8124,0.8240,0.9927,0.7850,0.0114
10,11,6,0,0.7225,0.7537,0.9383,0.6721,0.0457
10,11,6,1,0.7835,0.8023,0.9905,0.7550,0.0207
10,11,6,2,0.8299,0.8532,0.9944,0.8064,0.0201
10,11,6,3,0.7647,0.7818,0.9903,0.7308,0.0159
10,11,6,4,0.8431,0.9005,0.9961,0.8173,0.0207
10,11,6,5,0.8056,0.8217,0.9971,0.7751,0.0165
10,11,6,6,0.8331,0.8482,0.9880,0.8115,0.0230
10,11,6,7,0.7911,0.7950,0.9969,0.7565,0.0241
10,11,6,8,0.7855,0.8215,0.9999,0.7501,0.0201
10,11,6,9,0.8279,0.8353,0.9840,0.8081,0.0325
10,11,6,10,0.8316,0.8378,0.9835,0.8112,0.0299
10,11,6,11,0.8084,0.8358,0.9252,0.7756,0.0418
10,11,7,0,0.8516,0.8876,0.9988,0.8276,0.0215
10,11,7,1,0.8251,0.8381,0.9878,0.8009,0.0147
10,11,7,2,0.8268,0.8337,0.9833,0.8066,0.0317
10,11,7,3,0.8301,0.8449,0.9987,0.8025,0.0207
10,11,7,4,0.7432,0.8040,0.9962,0.7032,0.0142
10,11,7,5,0.8576,0.8721,0.9994,0.8357,0.0161
10,11,7,6,0.8341,0.8445,0.9861,0.8116,0.0203
10,11,7,7,0.8228,0.8302,0.9859,0.8001,0.0231
10,11,7,8,0.8496,0.8605,0.9998,0.8254,0.0139
10,11,7,9,0.7825,0.7889,0.9672,0.7467,0.0184
10,11,7,10,0.8281,0.8366,0.9865,0.8079,0.0310
10,11,7,11,0.8301,0.8390,0.9851,0.8098,0.0302
10,11,8,0,0.8518,0.8686,0.9990,0.8304,0.0172
10,11,8,1,0.8204,0.8305,0.9874,0.7984,0.0272
10,11,8,2,0.8321,0.8583,0.9954,0.8072,0.0174
10,11,8,3,0.8282,0.8415,0.9889,0.8055,0.0206
10,11,8,4,0.7847,0.8729,0.9706,0.7488,0.0231
10,11,8,5,0.7892,0.8250,0.9936,0.7535,0.0320
10,11,8,6,0.8234,0.8325,0.9845,0.8013,0.0261
10,11,8,7,0.9267,0.9360,0.9925,0.9152,0.0224
10,11,8,8,0.8762,0.8983,0.9991,0.8563,0.0199
10,11,8,9,0.8073,0.8256,0.9920,0.7784,0.0146
10,11,8,10,0.8487,0.8586,0.9979,0.8257,0.0164
10,11,8,11,0.8515,0.8624,0.9856,0.8325,0.0243
10,11,9,0,0.9226,0.9235,0.9867,0.9118,0.0106
10,11,9,1,0.8261,0.8380,0.9901,0.8040,0.0241
10,11,9,2,0.8400,0.8522,0.9893,0.8185,0.0182
10,11,9,3,0.8572,0.8445,0.9445,0.8346,0.0447
10,11,9,4,0.8300,0.8407,0.9863,0.8086,0.0249
10,11,9,5,0.8678,0.8761,0.9888,0.8493,0.0163
10,11,9,6,0.8318,0.8384,0.9832,0.8121,0.0319
10,11,9,7,0.8000,0.8500,0.9923,0.7694,0.0104
10,11,9,8,0.8340,0.8510,0.9845,0.8134,0.0272
10,11,9,9,0.8306,0.8369,0.9845,0.8107,0.0315
10,11,9,10,0.7642,0.8192,0.9910,0.7235,0.0323
10,11,9,11,0.8326,0.8400,0.9848,0.8129,0.0316
10,11,10,0,0.8449,0.8532,0.9836,0.8256,0.0268
10,11,10,1,0.8307,0.8370,0.9839,0.8100,0.0282
10,11,10,2,0.8324,0.8380,0.9885,0.8113,0.0257
10,11,10,3,0.8359,0.8477,0.9978,0.8130,0.0173
10,11,10,4,0.9183,0.9308,0.9981,0.9059,0.0077
10,11,10,5,0.6750,0.7403,0.9999,0.6233,0.0197
10,11,10,6,0.8508,0.8618,0.9852,0.8314,0.0222
10,11,10,7,0.8557,0.8666,0.9910,0.8360,0.0180
10,11,10,8,0.8317,0.8374,0.9847,0.8118,0.0315
10,11,10,9,0.7145,0.7815,0.9999,0.6656,0.0269
10,11,10,10,0.8338,0.8394,0.9840,0.8142,0.0314
10,11,10,11,1.0000,1.0000,1.0000,1.0000,0.0000
10,11,11,0,0.5854,0.6847,0.8265,0.4974,0.0714
10,11,11,1,0.8507,0.8682,0.9984,0.8283,0.0156
10,11,11,2,0.8338,0.8423,0.9922,0.8129,0.0269
10,11,11,3,0.8986,0.9290,0.9693,0.8844,0.0401
10,11,11,4,0.8534,0.8653,0.9992,0.8306,0.0218
10,11,11,5,0.7994,0.8157,0.9940,0.7732,0.0213
10,11,11,6,0.8336,0.8395,0.9863,0.8133,0.0294
10,11,11,7,0.8222,0.8544,0.9975,0.7967,0.0148
10,11,11,8,0.3322,0.5963,0.9866,0.2049,0.0432
10,11,11,9,0.8284,0.8353,0.9878,0.8068,0.0268
10,11,11,10,0.9101,0.9182,0.9769,0.8963,0.0258
10,11,11,11,0.8808,0.8955,0.9999,0.8616,0.0173
11,0,0,0,0.7848,0.7809,0.9247,0.7146,0.0240
11,0,0,1,0.5205,0.5849,0.8334,0.4416,0.0975
11,0,0,2,0.8344,0.8281,0.9866,0.7743,0.0173
11,0,0,3,0.5190,0.5344,0.8971,0.4276,0.0853
11,0,0,4,0.5903,0.5861,0.8915,0.4861,0.0502
11,0,0,5,0.5313,0.5791,0.8680,0.4496,0.0914
11,0,0,6,0.7618,0.7450,0.9021,0.6799,0.0143
11,0,0,7,0.8207,0.7648,0.9753,0.7554,0.0110
11,0,0,8,0.8411,0.8456,0.9369,0.7833,0.0138
11,0,0,9,0.8949,0.8969,0.9998,0.8527,0.0150
11,0,0,10,0.8896,0.8889,0.9915,0.8462,0.0098
11,0,0,11,0.8518,0.8594,0.9783,0.7956,0.0177
11,0,1,0,0.7741,0.7214,0.9008,0.7002,0.0176
11,0,1,1,0.7769,0.7139,0.8693,0.7109,0.0306
11,0,1,2,0.7944,0.7331,0.8815,0.7280,0.0236
11,0,1,3,0.8118,0.8569,0.9680,0.7513,0.0345
11,0,1,4,0.7480,0.7314,0.8729,0.6753,0.0418
11,0,1,5,0.7417,0.6983,0.8311,0.6769,0.0475
11,0,1,6,0.7598,0.7200,0.8328,0.6913,0.0367
11,0,1,7,0.7395,0.7055,0.8527,0.6661,0.0392
11,0,1,8,0.7704,0.7566,0.9154,0.7049,0.0383
11,0,1,9,0.7131,0.6907,0.8407,0.6436,0.0525
11,0,1,10,0.8102,0.8990,0.9704,0.7411,0.0139
11,0,1,11,0.5634,0.5682,0.8612,0.4738,0.0769
11,0,2,0,0.7742,0.7750,0.9334,0.6992,0.0190
11,0,2,1,0.6202,0.6290,0.7515,0.5441,0.0752
11,0,2,2,0.6737,0.6852,0.9318,0.5831,0.0443
11,0,2,3,0.7530,0.6984,0.8751,0.6770,0.0252
11,0,2,4,0.7129,0.6901,0.8141,0.6403,0.0480
11,0,2,5,0.7880,0.7366,0.9295,0.7195,0.0226
11,0,2,6,0.6276,0.6232,0.7412,0.5575,0.0799
11,0,2,7,0.8044,0.7673,0.9447,0.7337,0.0122
11,0,2,8,0.7539,0.7640,0.9431,0.6772,0.0278
11,0,2,9,0.6841,0.6641,0.9396,0.5845,0.0273
11,0,2,10,0.7890,0.7609,0.9213,0.7190,0.0239
11,0,2,11,0.6580,0.6498,0.7725,0.5831,0.0665
11,0,3,0,0.5842,0.5996,0.7084,0.5127,0.0895
11,0,3,1,0.7550,0.7367,0.9396,0.6924,0.0471
11,0,3,2,0.7004,0.7365,0.9130,0.6158,0.0380
11,0,3,3,0.6212,0.6793,0.7974,0.5415,0.0711
11,0,3,4,0.5695,0.5809,0.7137,0.5000,0.0973
11,0,3,5,0.6921,0.6896,0.8474,0.6161,0.0517
11,0,3,6,0.7527,0.7246,0.9453,0.6677,0.0174
11,0,3,7,0.6414,0.6810,0.8831,0.5384,0.0373
11,0,3,8,0.7883,0.8109,0.9733,0.7226,0.0320
11,0,3,9,0.6549,0.7027,0.9329,0.5789,0.0623
11,0,3,10,0.6673,0.6614,0.7582,0.5913,0.0609
11,0,3,11,0.6764,0.6739,0.8530,0.5846,0.0363
11,0,4,0,0.6393,0.6747,0.9452,0.5608,0.0643
11,0,4,1,0.7525,0.7482,0.9268,0.6892,0.0450
11,0,4,2,0.6268,0.6282,0.7572,0.5549,0.0788
11,0,4,3,0.7037,0.6440,0.8537,0.6198,0.0359
11,0,4,4,0.6534,0.6603,0.7962,0.5816,0.0681
11,0,4,5,0.7007,0.6937,0.8551,0.6226,0.0481
11,0,4,6,0.7209,0.7102,0.8829,0.6471,0.0434
11,0,4,7,0.6531,0.5828,0.8804,0.5627,0.0506
11,0,4,8,0.5950,0.6035,0.7194,0.5214,0.0854
11,0,4,9,0.7557,0.7725,0.9759,0.6861,0.0379
11,0,4,10,0.5737,0.5899,0.7233,0.5045,0.0959
11,0,4,11,0.4183,0.5725,0.7097,0.3178,0.1019
11,0,5,0,0.6008,0.6111,0.7042,0.5321,0.0870
11,0,5,1,0.5510,0.5739,0.7060,0.4830,0.1014
11,0,5,2,0.7721,0.8043,0.9580,0.7057,0.0350
11,0,5,3,0.8218,0.8183,0.9866,0.7644,0.0220
11,0,5,4,0.6962,0.7372,0.9438,0.6102,0.0428
11,0,5,5,0.5833,0.6063,0.7248,0.5151,0.0942
11,0,5,6,0.6281,0.6635,0.7268,0.5517,0.0728
11,0,5,7,0.6361,0.7244,0.8598,0.5576,0.0683
11,0,5,8,0.6323,0.6480,0.7369,0.5634,0.0779
11,0,5,9,0.5752,0.5879,0.7208,0.5050,0.0956
11,0,5,10,0.6483,0.6461,0.7727,0.5770,0.0711
11,0,5,11,0.6389,0.6293,0.7524,0.5688,0.0757
11,0,6,0,0.7546,0.7407,0.9702,0.6776,0.0289
11,0,6,1,0.5697,0.6127,0.7414,0.4938,0.0889
11,0,6,2,0.6160,0.6204,0.7626,0.5463,0.0849
11,0,6,3,0.6139,0.6172,0.7404,0.5391,0.0744
11,0,6,4,0.6990,0.6927,0.7737,0.6239,0.0519
11,0,6,5,0.6607,0.6519,0.7813,0.5859,0.0640
11,0,6,6,0.5895,0.6053,0.7297,0.5194,0.0912
11,0,6,7,0.6688,0.6610,0.7795,0.5859,0.0498
11,0,6,8,0.7003,0.7017,0.8203,0.6277,0.0529
11,0,6,9,0.5558,0.5823,0.7132,0.4878,0.1007
11,0,6,10,0.5667,0.5833,0.7111,0.4969,0.0981
11,0,6,11,0.8010,0.8103,0.9783,0.7414,0.0329
11,0,7,0,0.6176,0.7293,0.8529,0.5222,0.0540
11,0,7,1,0.6098,0.6256,0.7288,0.5385,0.0826
11,0,7,2,0.5589,0.5844,0.7103,0.4907,0.1000
11,0,7,3,0.6984,0.6900,0.7964,0.6276,0.0535
11,0,7,4,0.6883,0.6615,0.7743,0.6228,0.0609
11,0,7,5,0.6491,0.6552,0.8063,0.5744,0.0691
11,0,7,6,0.5927,0.6041,0.7214,0.5195,0.0870
11,0,7,7,0.5824,0.5997,0.7208,0.5117,0.0913
11,0,7,8,0.6784,0.7104,0.8378,0.6028,0.0593
11,0,7,9,0.7456,0.7331,0.9424,0.6873,0.0535
11,0,7,10,0.5624,0.5914,0.7231,0.4940,0.0992
11,0,7,11,0.5675,0.5932,0.7175,0.4988,0.0984
11,0,8,0,0.6295,0.6396,0.8012,0.5582,0.0786
11,0,8,1,0.5669,0.5954,0.7272,0.4967,0.0954
11,0,8,2,0.6369,0.6407,0.7687,0.5648,0.0754
11,0,8,3,0.5845,0.6100,0.7338,0.5114,0.0885
11,0,8,4,0.7108,0.7559,0.9377,0.6396,0.0533
11,0,8,5,0.7655,0.7379,0.8850,0.7056,0.0407
11,0,8,6,0.5711,0.5920,0.7150,0.5000,0.0943
11,0,8,7,0.6260,0.7379,0.8893,0.5329,0.0508
11,0,8,8,0.6824,0.6873,0.8020,0.6076,0.0567
11,0,8,9,0.6331,0.6312,0.7490,0.5579,0.0710
11,0,8,10,0.6529,0.6568,0.7888,0.5813,0.0718
11,0,8,11,0.5796,0.5923,0.7195,0.5078,0.0925
11,0,9,0,0.6002,0.6193,0.7239,0.5238,0.0796
11,0,9,1,0.5764,0.6050,0.7391,0.5049,0.0924
11,0,9,2,0.5861,0.6121,0.7355,0.5119,0.0864
11,0,9,3,0.7641,0.8479,0.9656,0.6904,0.0274
11,0,9,4,0.5792,0.6024,0.7225,0.5093,0.0931
11,0,9,5,0.6094,0.6211,0.7335,0.5368,0.0826
11,0,9,6,0.5566,0.5780,0.7099,0.4874,0.1001
11,0,9,7,0.6467,0.6468,0.7506,0.5723,0.0676
11,0,9,8,0.5708,0.5897,0.7150,0.5001,0.0954
11,0,9,9,0.5595,0.5819,0.7149,0.4902,0.0997
11,0,9,10,0.7543,0.7400,0.8943,0.6889,0.0394
11,0,9,11,0.5622,0.5797,0.7160,0.4936,0.0998
11,0,10,0,0.5703,0.5878,0.7114,0.4990,0.0950
11,0,10,1,0.5644,0.5835,0.7127,0.4930,0.0964
11,0,10,2,0.5831,0.5944,0.7318,0.5139,0.0939
11,0,10,3,0.6168,0.6330,0.7874,0.5465,0.0834
11,0,10,4,0.6332,0.6652,0.7905,0.5573,0.0697
11,0,10,5,0.7165,0.6857,0.8354,0.6562,0.0559
11,0,10,6,0.5821,0.5965,0.7177,0.5095,0.0904
11,0,10,7,0.6042,0.6209,0.7439,0.5327,0.0857
11,0,10,8,0.5609,0.5809,0.7158,0.4916,0.0997
11,0,10,9,0.7476,0.7497,0.8348,0.6836,0.0453
11,0,10,10,0.5584,0.5791,0.7129,0.4887,0.0996
11,0,10,11,0.5854,0.6847,0.8265,0.4974,0.0714
11,0,11,0,1.0000,1.0000,1.0000,1.0000,0.0000
11,0,11,1,0.6416,0.6464,0.7935,0.5692,0.0744
11,0,11,2,0.5803,0.6033,0.7498,0.5108,0.0948
11,0,11,3,0.7641,0.8253,0.9396,0.6912,0.0312
11,0,11,4,0.6680,0.6756,0.8490,0.5970,0.0690
11,0,11,5,0.5858,0.6208,0.7600,0.5148,0.0897
11,0,11,6,0.5671,0.5865,0.7224,0.4969,0.0976
11,0,11,7,0.6380,0.6509,0.7844,0.5701,0.0794
11,0,11,8,0.7990,0.8831,0.9073,0.7406,0.0306
11,0,11,9,0.5772,0.5955,0.7290,0.5068,0.0950
11,0,11,10,0.7462,0.7856,0.9278,0.6790,0.0460
11,0,11,11,0.6939,0.7117,0.8325,0.6209,0.0559
11,1,0,0,0.9022,0.9008,0.9654,0.8900,0.0514
11,1,0,1,0.1623,0.2303,0.9976,0.0573,0.0247
11,1,0,2,0.8837,0.8671,0.8821,0.8708,0.0600
11,1,0,3,0.2580,0.2541,0.9807,0.1571,0.0201
11,1,0,4,0.4682,0.4367,0.9831,0.3795,0.0249
11,1,0,5,0.2169,0.2340,0.9910,0.1149,0.0194
11,1,0,6,0.8330,0.8252,0.9784,0.8066,0.0614
11,1,0,7,0.7001,0.6780,0.9084,0.6435,0.0662
11,1,0,8,0.6615,0.6385,0.9562,0.5957,0.0622
11,1,0,9,0.8423,0.8123,0.8058,0.8234,0.0702
11,1,0,10,0.7894,0.7501,0.8660,0.7558,0.0695
11,1,0,11,0.8785,0.8528,0.9023,0.8661,0.0627
11,1,1,0,0.7709,0.7585,0.9790,0.7305,0.0589
11,1,1,1,0.8792,0.8598,0.9906,0.8606,0.0451
11,1,1,2,0.8731,0.8591,0.9868,0.8545,0.0552
11,1,1,3,0.9482,0.9190,0.9208,0.9458,0.0433
11,1,1,4,0.9601,0.9522,0.9896,0.9568,0.0359
11,1,1,5,0.9414,0.9415,0.9979,0.9329,0.0287
11,1,1,6,0.8833,0.8876,0.9977,0.8651,0.0411
11,1,1,7,0.9523,0.9460,0.9945,0.9470,0.0359
11,1,1,8,0.9576,0.9572,0.9713,0.9538,0.0363
11,1,1,9,0.9722,0.9750,0.9966,0.9687,0.0227
11,1,1,10,0.2517,0.5892,0.9169,0.0886,0.0678
11,1,1,11,0.3589,0.3215,0.9927,0.2657,0.0153
11,1,2,0,0.8524,0.8348,0.9590,0.8298,0.0567
11,1,2,1,0.9848,0.9921,0.9978,0.9826,0.0037
11,1,2,2,0.4817,0.5694,0.9603,0.3892,0.0376
11,1,2,3,0.7062,0.7006,0.9889,0.6528,0.0513
11,1,2,4,0.9351,0.9434,0.9994,0.9254,0.0293
11,1,2,5,0.7714,0.7561,0.9620,0.7311,0.0544
11,1,2,6,0.9849,0.9875,0.9967,0.9829,0.0105
11,1,2,7,0.7860,0.7693,0.9492,0.7497,0.0635
11,1,2,8,0.7941,0.7773,0.9507,0.7586,0.0484
11,1,2,9,0.5882,0.5869,0.9539,0.5106,0.0492
11,1,2,10,0.8886,0.8651,0.9677,0.8739,0.0550
11,1,2,11,0.9929,0.9916,0.9994,0.9920,0.0092
11,1,3,0,0.9855,0.9880,0.9917,0.9843,0.0164
11,1,3,1,0.9332,0.9279,0.9538,0.9234,0.0349
11,1,3,2,0.4584,0.5634,0.9727,0.3601,0.0376
11,1,3,3,0.9612,0.9702,1.0000,0.9553,0.0130
11,1,3,4,0.9883,0.9900,0.9926,0.9881,0.0230
11,1,3,5,0.9687,0.9675,0.9955,0.9646,0.0237
11,1,3,6,0.6446,0.6359,0.9486,0.5761,0.0572
11,1,3,7,0.6393,0.6242,0.9863,0.5751,0.0413
11,1,3,8,0.8057,0.7746,0.9119,0.7726,0.0518
11,1,3,9,0.6182,0.7438,0.9594,0.5582,0.0205
11,1,3,10,0.9703,0.9570,0.9984,0.9659,0.0169
11,1,3,11,0.7332,0.7561,0.9945,0.6866,0.0407
11,1,4,0,0.6728,0.6811,0.9487,0.6220,0.0190
11,1,4,1,0.9175,0.9245,0.9639,0.9049,0.0333
11,1,4,2,0.9927,0.9945,0.9984,0.9917,0.0052
11,1,4,3,0.7761,0.7961,0.9943,0.7375,0.0413
11,1,4,4,0.9771,0.9732,1.0000,0.9736,0.0094
11,1,4,5,0.7439,0.7761,0.9940,0.7003,0.0331
11,1,4,6,0.9417,0.9311,0.9863,0.9336,0.0312
11,1,4,7,0.5681,0.5437,0.9872,0.4942,0.0303
11,1,4,8,0.9915,0.9910,0.9936,0.9907,0.0121
11,1,4,9,0.9151,0.8960,0.9072,0.9030,0.0401
11,1,4,10,0.9896,0.9908,0.9942,0.9895,0.0215
11,1,4,11,0.2415,0.3812,0.9919,0.1491,0.0275
11,1,5,0,0.9696,0.9682,0.9909,0.9661,0.0181
11,1,5,1,0.9845,0.9860,0.9912,0.9847,0.0270
11,1,5,2,0.8225,0.8081,0.9346,0.7926,0.0438
11,1,5,3,0.8618,0.8370,0.8822,0.8410,0.0529
11,1,5,4,0.7869,0.7475,0.9500,0.7503,0.0369
11,1,5,5,0.9874,0.9896,0.9944,0.9868,0.0198
11,1,5,6,0.9317,0.9269,0.9947,0.9215,0.0184
11,1,5,7,0.9333,0.9473,0.9930,0.9230,0.0147
11,1,5,8,0.9735,0.9767,0.9961,0.9698,0.0140
11,1,5,9,0.9909,0.9911,0.9938,0.9908,0.0213
11,1,5,10,0.9790,0.9766,0.9994,0.9759,0.0101
11,1,5,11,0.9865,0.9840,0.9979,0.9845,0.0079
11,1,6,0,0.7348,0.7353,0.9173,0.6870,0.0513
11,1,6,1,0.9639,0.9673,0.9967,0.9597,0.0164
11,1,6,2,0.9916,0.9950,0.9988,0.9907,0.0105
11,1,6,3,0.9677,0.9693,0.9966,0.9631,0.0131
11,1,6,4,0.9546,0.9538,0.9995,0.9481,0.0256
11,1,6,5,0.9802,0.9774,0.9998,0.9773,0.0112
11,1,6,6,0.9902,0.9919,0.9951,0.9897,0.0168
11,1,6,7,0.9327,0.9297,0.9997,0.9224,0.0261
11,1,6,8,0.9332,0.9348,0.9990,0.9230,0.0252
11,1,6,9,0.9848,0.9867,0.9925,0.9849,0.0264
11,1,6,10,0.9894,0.9894,0.9922,0.9895,0.0237
11,1,6,11,0.8223,0.8179,0.9022,0.7925,0.0464
11,1,7,0,0.6913,0.7584,0.9945,0.6404,0.0319
11,1,7,1,0.9901,0.9904,0.9950,0.9890,0.0119
11,1,7,2,0.9855,0.9879,0.9920,0.9854,0.0256
11,1,7,3,0.9533,0.9534,1.0000,0.9463,0.0214
11,1,7,4,0.9217,0.9302,0.9995,0.9096,0.0180
11,1,7,5,0.9908,0.9924,0.9998,0.9895,0.0063
11,1,7,6,0.9947,0.9936,0.9939,0.9944,0.0126
11,1,7,7,0.9908,0.9903,0.9938,0.9905,0.0172
11,1,7,8,0.9453,0.9473,0.9971,0.9370,0.0216
11,1,7,9,0.8944,0.8867,0.9513,0.8775,0.0237
11,1,7,10,0.9869,0.9882,0.9941,0.9869,0.0248
11,1,7,11,0.9870,0.9896,0.9933,0.9868,0.0240
11,1,8,0,0.9885,0.9931,0.9999,0.9869,0.0055
11,1,8,1,0.9892,0.9902,0.9948,0.9892,0.0210
11,1,8,2,0.9953,0.9956,0.9992,0.9946,0.0045
11,1,8,3,0.9923,0.9929,0.9957,0.9919,0.0152
11,1,8,4,0.7959,0.8771,0.9555,0.7620,0.0308
11,1,8,5,0.8814,0.8676,0.9856,0.8623,0.0348
11,1,8,6,0.9911,0.9911,0.9928,0.9911,0.0199
11,1,8,7,0.7445,0.7881,0.9839,0.7025,0.0323
11,1,8,8,0.9737,0.9727,0.9999,0.9700,0.0180
11,1,8,9,0.9843,0.9871,0.9976,0.9820,0.0060
11,1,8,10,0.9913,0.9912,1.0000,0.9900,0.0042
11,1,8,11,0.9920,0.9921,0.9936,0.9918,0.0181
11,1,9,0,0.9771,0.9783,0.9943,0.9740,0.0152
11,1,9,1,0.9912,0.9918,0.9964,0.9910,0.0180
11,1,9,2,0.9921,0.9920,0.9959,0.9915,0.0144
11,1,9,3,0.7549,0.7497,0.9245,0.7113,0.0485
11,1,9,4,0.9911,0.9919,0.9941,0.9909,0.0188
11,1,9,5,0.9917,0.9920,0.9957,0.9907,0.0091
11,1,9,6,0.9879,0.9881,0.9919,0.9881,0.0257
11,1,9,7,0.9813,0.9817,0.9977,0.9785,0.0108
11,1,9,8,0.9904,0.9914,0.9928,0.9903,0.0210
11,1,9,9,0.9884,0.9888,0.9928,0.9886,0.0253
11,1,9,10,0.8302,0.8456,0.9819,0.8018,0.0358
11,1,9,11,0.9878,0.9887,0.9930,0.9879,0.0254
11,1,10,0,0.9921,0.9914,0.9922,0.9922,0.0206
11,1,10,1,0.9903,0.9901,0.9924,0.9904,0.0220
11,1,10,2,0.9914,0.9919,0.9954,0.9913,0.0195
11,1,10,3,0.9897,0.9926,1.0000,0.9885,0.0093
11,1,10,4,0.9772,0.9783,1.0000,0.9738,0.0100
11,1,10,5,0.8719,0.8759,0.9974,0.8517,0.0261
11,1,10,6,0.9945,0.9935,0.9933,0.9944,0.0163
11,1,10,7,0.9941,0.9943,0.9970,0.9936,0.0118
11,1,10,8,0.9876,0.9883,0.9930,0.9877,0.0253
11,1,10,9,0.8807,0.8728,0.9975,0.8615,0.0294
11,1,10,10,0.9883,0.9884,0.9925,0.9885,0.0252
11,1,10,11,0.8507,0.8682,0.9984,0.8283,0.0156
11,1,11,0,0.6416,0.6464,0.7935,0.5692,0.0744
11,1,11,1,1.0000,1.0000,1.0000,1.0000,0.0000
11,1,11,2,0.9903,0.9912,0.9976,0.9901,0.0205
11,1,11,3,0.9212,0.9195,0.9539,0.9116,0.0434
11,1,11,4,0.9956,0.9952,0.9952,0.9950,0.0077
11,1,11,5,0.9819,0.9841,0.9986,0.9802,0.0216
11,1,11,6,0.9899,0.9900,0.9940,0.9899,0.0232
11,1,11,7,0.9912,0.9915,0.9999,0.9900,0.0066
11,1,11,8,0.2293,0.5415,0.9758,0.0817,0.0485
11,1,11,9,0.9908,0.9914,0.9950,0.9906,0.0206
11,1,11,10,0.9599,0.9536,0.9632,0.9552,0.0302
11,1,11,11,0.9633,0.9700,0.9978,0.9581,0.0193
11,2,0,0,0.8664,0.8617,0.9452,0.8561,0.0719
11,2,0,1,0.1191,0.1932,0.9906,0.0223,0.0089
11,2,0,2,0.8398,0.8258,0.8477,0.8283,0.0804
11,2,0,3,0.2080,0.2175,0.9650,0.1137,0.0159
11,2,0,4,0.4106,0.3894,0.9682,0.3258,0.0449
11,2,0,5,0.1748,0.2001,0.9794,0.0805,0.0081
11,2,0,6,0.7754,0.7816,0.9619,0.7482,0.0816
11,2,0,7,0.6304,0.6239,0.8775,0.5732,0.0864
11,2,0,8,0.5987,0.6012,0.9339,0.5345,0.0826
11,2,0,9,0.7888,0.7696,0.7633,0.7707,0.0906
11,2,0,10,0.7343,0.7059,0.8296,0.7020,0.0900
11,2,0,11,0.8289,0.8106,0.8706,0.8172,0.0832
11,2,1,0,0.7221,0.7124,0.9627,0.6835,0.0788
11,2,1,1,0.8381,0.8202,0.9788,0.8202,0.0653
11,2,1,2,0.8191,0.8175,0.9734,0.7994,0.0754
11,2,1,3,0.9289,0.9016,0.8919,0.9307,0.0638
11,2,1,4,0.9293,0.9262,0.9773,0.9268,0.0559
11,2,1,5,0.9170,0.9125,0.9911,0.9095,0.0487
11,2,1,6,0.8501,0.8408,0.9907,0.8335,0.0613
11,2,1,7,0.9181,0.9176,0.9850,0.9129,0.0561
11,2,1,8,0.9264,0.9315,0.9527,0.9233,0.0568
11,2,1,9,0.9497,0.9608,0.9887,0.9464,0.0429
11,2,1,10,0.1881,0.5437,0.8873,0.0341,0.0880
11,2,1,11,0.3150,0.2871,0.9820,0.2281,0.0219
11,2,2,0,0.8093,0.7911,0.9373,0.7882,0.0771
11,2,2,1,0.9848,0.9872,1.0000,0.9837,0.0205
11,2,2,2,0.4227,0.5056,0.9389,0.3344,0.0560
11,2,2,3,0.6499,0.6556,0.9764,0.5977,0.0715
11,2,2,4,0.9210,0.9228,0.9947,0.9140,0.0492
11,2,2,5,0.7142,0.7016,0.9410,0.6741,0.0746
11,2,2,6,0.9792,0.9824,0.9999,0.9771,0.0171
11,2,2,7,0.7215,0.7192,0.9253,0.6840,0.0840
11,2,2,8,0.7488,0.7189,0.9271,0.7149,0.0686
11,2,2,9,0.5194,0.5313,0.9310,0.4429,0.0694
11,2,2,10,0.8405,0.8240,0.9481,0.8257,0.0754
11,2,2,11,0.9849,0.9834,0.9994,0.9848,0.0283
11,2,3,0,0.9947,0.9929,0.9982,0.9941,0.0077
11,2,3,1,0.9090,0.8941,0.9310,0.9006,0.0533
11,2,3,2,0.4017,0.5121,0.9545,0.3085,0.0576
11,2,3,3,0.9601,0.9649,0.9972,0.9560,0.0279
11,2,3,4,0.9988,0.9986,0.9986,0.9986,0.0028
11,2,3,5,0.9460,0.9453,0.9867,0.9422,0.0437
11,2,3,6,0.5772,0.5751,0.9246,0.5094,0.0774
11,2,3,7,0.5932,0.5774,0.9726,0.5326,0.0602
11,2,3,8,0.7699,0.7292,0.8816,0.7400,0.0718
11,2,3,9,0.5685,0.6913,0.9378,0.5103,0.0357
11,2,3,10,0.9588,0.9418,0.9999,0.9556,0.0353
11,2,3,11,0.6956,0.7124,0.9849,0.6523,0.0609
11,2,4,0,0.6393,0.6183,0.9248,0.5915,0.0324
11,2,4,1,0.9032,0.8898,0.9434,0.8938,0.0535
11,2,4,2,0.9907,0.9895,0.9999,0.9901,0.0165
11,2,4,3,0.7241,0.7555,0.9847,0.6856,0.0607
11,2,4,4,0.9697,0.9641,0.9973,0.9670,0.0268
11,2,4,5,0.7138,0.7353,0.9842,0.6740,0.0525
11,2,4,6,0.9113,0.9028,0.9727,0.9034,0.0514
11,2,4,7,0.5064,0.4932,0.9739,0.4343,0.0487
11,2,4,8,0.9914,0.9915,0.9990,0.9905,0.0113
11,2,4,9,0.8849,0.8611,0.8762,0.8744,0.0606
11,2,4,10,0.9991,0.9990,0.9992,0.9990,0.0026
11,2,4,11,0.1972,0.3327,0.9983,0.1112,0.0071
11,2,5,0,0.9781,0.9648,0.9978,0.9756,0.0113
11,2,5,1,0.9988,0.9985,0.9980,0.9989,0.0066
11,2,5,2,0.7845,0.7621,0.9080,0.7567,0.0643
11,2,5,3,0.8234,0.7824,0.8478,0.8047,0.0733
11,2,5,4,0.7440,0.6953,0.9264,0.7088,0.0571
11,2,5,5,0.9972,0.9962,0.9993,0.9968,0.0043
11,2,5,6,0.9305,0.9165,0.9994,0.9224,0.0286
11,2,5,7,0.9177,0.9264,0.9826,0.9081,0.0286
11,2,5,8,0.9738,0.9665,0.9998,0.9710,0.0180
11,2,5,9,0.9993,0.9989,0.9991,0.9992,0.0021
11,2,5,10,0.9722,0.9658,0.9994,0.9696,0.0245
11,2,5,11,0.9815,0.9784,1.0000,0.9798,0.0199
11,2,6,0,0.6868,0.6750,0.8878,0.6414,0.0715
11,2,6,1,0.9595,0.9629,0.9999,0.9548,0.0070
11,2,6,2,0.9953,0.9943,0.9998,0.9949,0.0102
11,2,6,3,0.9590,0.9633,0.9999,0.9544,0.0223
11,2,6,4,0.9303,0.9273,0.9993,0.9244,0.0455
11,2,6,5,0.9703,0.9675,0.9988,0.9683,0.0311
11,2,6,6,0.9982,0.9971,0.9996,0.9980,0.0047
11,2,6,7,0.9014,0.9053,0.9989,0.8907,0.0455
11,2,6,8,0.9212,0.9146,0.9935,0.9134,0.0454
11,2,6,9,0.9989,0.9990,0.9986,0.9989,0.0059
11,2,6,10,0.9994,0.9990,0.9984,0.9993,0.0033
11,2,6,11,0.7928,0.7674,0.8705,0.7669,0.0669
11,2,7,0,0.6788,0.7211,0.9850,0.6345,0.0474
11,2,7,1,0.9880,0.9889,0.9995,0.9867,0.0130
11,2,7,2,0.9985,0.9985,0.9983,0.9985,0.0056
11,2,7,3,0.9387,0.9262,0.9973,0.9332,0.0413
11,2,7,4,0.9193,0.9023,0.9993,0.9101,0.0353
11,2,7,5,0.9865,0.9856,0.9959,0.9862,0.0260
11,2,7,6,0.9945,0.9955,0.9991,0.9940,0.0092
11,2,7,7,0.9949,0.9941,0.9991,0.9943,0.0067
11,2,7,8,0.9288,0.9197,0.9894,0.9216,0.0400
11,2,7,9,0.8828,0.8488,0.9279,0.8691,0.0437
11,2,7,10,0.9992,0.9993,0.9992,0.9992,0.0046
11,2,7,11,0.9984,0.9983,0.9989,0.9983,0.0046
11,2,8,0,0.9930,0.9929,0.9967,0.9927,0.0163
11,2,8,1,0.9967,0.9969,0.9994,0.9963,0.0055
11,2,8,2,0.9889,0.9896,0.9996,0.9883,0.0194
11,2,8,3,0.9936,0.9950,0.9997,0.9929,0.0071
11,2,8,4,0.7877,0.8474,0.9330,0.7597,0.0495
11,2,8,5,0.8538,0.8174,0.9716,0.8366,0.0550
11,2,8,6,0.9957,0.9964,0.9987,0.9952,0.0052
11,2,8,7,0.7316,0.7503,0.9694,0.6952,0.0480
11,2,8,8,0.9555,0.9528,0.9966,0.9523,0.0382
11,2,8,9,0.9746,0.9783,1.0000,0.9723,0.0244
11,2,8,10,0.9865,0.9821,0.9981,0.9860,0.0231
11,2,8,11,0.9973,0.9970,0.9990,0.9970,0.0039
11,2,9,0,0.9683,0.9702,0.9993,0.9647,0.0184
11,2,9,1,0.9958,0.9964,0.9999,0.9953,0.0051
11,2,9,2,0.9906,0.9921,0.9998,0.9896,0.0094
11,2,9,3,0.7324,0.7014,0.8961,0.6955,0.0690
11,2,9,4,0.9964,0.9971,0.9992,0.9960,0.0054
11,2,9,5,0.9929,0.9922,0.9997,0.9923,0.0122
11,2,9,6,0.9993,0.9990,0.9983,0.9994,0.0052
11,2,9,7,0.9629,0.9666,1.0000,0.9593,0.0283
11,2,9,8,0.9984,0.9983,0.9987,0.9982,0.0031
11,2,9,9,0.9994,0.9991,0.9987,0.9994,0.0049
11,2,9,10,0.8146,0.7972,0.9666,0.7911,0.0560
11,2,9,11,0.9994,0.9991,0.9988,0.9994,0.0050
11,2,10,0,0.9985,0.9986,0.9984,0.9984,0.0033
11,2,10,1,0.9988,0.9988,0.9985,0.9987,0.0029
11,2,10,2,0.9986,0.9981,0.9996,0.9984,0.0030
11,2,10,3,0.9945,0.9932,0.9983,0.9942,0.0114
11,2,10,4,0.9683,0.9677,0.9980,0.9652,0.0254
11,2,10,5,0.8703,0.8441,0.9901,0.8543,0.0413
11,2,10,6,0.9967,0.9974,0.9989,0.9963,0.0055
11,2,10,7,0.9962,0.9950,1.0000,0.9959,0.0092
11,2,10,8,0.9994,0.9992,0.9988,0.9994,0.0049
11,2,10,9,0.8725,0.8414,0.9902,0.8581,0.0496
11,2,10,10,0.9994,0.9992,0.9985,0.9994,0.0047
11,2,10,11,0.8338,0.8423,0.9922,0.8129,0.0269
11,2,11,0,0.5803,0.6033,0.7498,0.5108,0.0948
11,2,11,1,0.9903,0.9912,0.9976,0.9901,0.0205
11,2,11,2,1.0000,1.0000,1.0000,1.0000,0.0000
11,2,11,3,0.8815,0.8883,0.9310,0.8723,0.0639
11,2,11,4,0.9912,0.9891,0.9862,0.9918,0.0258
11,2,11,5,0.9811,0.9838,0.9999,0.9789,0.0096
11,2,11,6,0.9996,0.9995,0.9992,0.9996,0.0030
11,2,11,7,0.9907,0.9891,0.9985,0.9901,0.0157
11,2,11,8,0.1697,0.4978,0.9585,0.0314,0.0680
11,2,11,9,0.9989,0.9988,0.9995,0.9987,0.0022
11,2,11,10,0.9356,0.9257,0.9425,0.9321,0.0506
11,2,11,11,0.9547,0.9471,0.9908,0.9517,0.0397
11,3,0,0,0.9006,0.9320,0.9992,0.8736,0.0180
11,3,0,1,0.2821,0.3977,0.9722,0.1666,0.0662
11,3,0,2,0.9169,0.9179,0.9828,0.8938,0.0236
11,3,0,3,0.3681,0.4073,0.9941,0.2580,0.0540
11,3,0,4,0.5503,0.5759,0.9927,0.4518,0.0209
11,3,0,5,0.3257,0.4000,0.9855,0.2132,0.0605
11,3,0,6,0.8824,0.8794,0.9953,0.8497,0.0237
11,3,0,7,0.8251,0.8014,0.9920,0.7747,0.0257
11,3,0,8,0.7708,0.7590,1.0000,0.7042,0.0222
11,3,0,9,0.9080,0.8982,0.9464,0.8829,0.0291
11,3,0,10,0.8494,0.8515,0.9762,0.8054,0.0261
11,3,0,11,0.9267,0.9259,0.9901,0.9067,0.0251
11,3,1,0,0.8179,0.8272,0.9950,0.7683,0.0213
11,3,1,1,0.8792,0.8677,0.9860,0.8483,0.0109
11,3,1,2,0.8854,0.8702,0.9899,0.8544,0.0231
11,3,1,3,0.9484,0.9558,0.9954,0.9345,0.0198
11,3,1,4,0.9296,0.9261,0.9872,0.9121,0.0224
11,3,1,5,0.8926,0.9091,0.9713,0.8689,0.0173
11,3,1,6,0.8553,0.9064,0.9720,0.8193,0.0123
11,3,1,7,0.9206,0.9174,0.9800,0.9014,0.0190
11,3,1,8,0.9268,0.9336,0.9979,0.9086,0.0131
11,3,1,9,0.9078,0.9149,0.9753,0.8890,0.0220
11,3,1,10,0.5033,0.7570,0.9944,0.3572,0.0304
11,3,1,11,0.4408,0.4585,0.9832,0.3364,0.0457
11,3,2,0,0.8833,0.8909,0.9998,0.8514,0.0167
11,3,2,1,0.8983,0.9147,0.9320,0.8849,0.0442
11,3,2,2,0.6600,0.7117,0.9998,0.5789,0.0150
11,3,2,3,0.7734,0.7801,0.9879,0.7142,0.0139
11,3,2,4,0.8922,0.9125,0.9637,0.8688,0.0168
11,3,2,5,0.8596,0.8439,0.9996,0.8216,0.0165
11,3,2,6,0.8939,0.8947,0.9262,0.8814,0.0487
11,3,2,7,0.8624,0.8499,0.9999,0.8232,0.0227
11,3,2,8,0.8632,0.8702,0.9999,0.8271,0.0110
11,3,2,9,0.7451,0.7268,1.0000,0.6782,0.0115
11,3,2,10,0.9019,0.8905,0.9988,0.8751,0.0223
11,3,2,11,0.9184,0.9184,0.9432,0.9056,0.0363
11,3,3,0,0.8743,0.8924,0.9072,0.8623,0.0585
11,3,3,1,0.9048,0.9148,1.0000,0.8834,0.0169
11,3,3,2,0.6086,0.7131,0.9975,0.5132,0.0108
11,3,3,3,0.9344,0.9491,0.9558,0.9270,0.0399
11,3,3,4,0.8741,0.8806,0.9104,0.8648,0.0664
11,3,3,5,0.9026,0.9132,0.9780,0.8826,0.0231
11,3,3,6,0.7669,0.7739,0.9999,0.7017,0.0172
11,3,3,7,0.7693,0.7628,0.9904,0.7134,0.0121
11,3,3,8,0.8692,0.8811,0.9930,0.8345,0.0181
11,3,3,9,0.6605,0.8053,0.9998,0.5927,0.0314
11,3,3,10,0.8937,0.9028,0.9356,0.8743,0.0296
11,3,3,11,0.7766,0.8171,0.9801,0.7225,0.0125
11,3,4,0,0.7315,0.7844,0.9999,0.6800,0.0331
11,3,4,1,0.8877,0.9288,0.9994,0.8623,0.0153
11,3,4,2,0.8982,0.9159,0.9351,0.8858,0.0479
11,3,4,3,0.8010,0.8059,0.9804,0.7526,0.0131
11,3,4,4,0.8787,0.8896,0.9552,0.8593,0.0371
11,3,4,5,0.7760,0.8329,0.9809,0.7248,0.0177
11,3,4,6,0.8947,0.8920,0.9903,0.8708,0.0214
11,3,4,7,0.6420,0.6271,0.9896,0.5609,0.0197
11,3,4,8,0.8837,0.8886,0.9137,0.8714,0.0544
11,3,4,9,0.8944,0.9048,0.9917,0.8683,0.0096
11,3,4,10,0.8766,0.8834,0.9160,0.8675,0.0649
11,3,4,11,0.4376,0.5446,0.9080,0.3534,0.0710
11,3,5,0,0.8536,0.8762,0.9048,0.8370,0.0558
11,3,5,1,0.8647,0.8738,0.9058,0.8566,0.0704
11,3,5,2,0.8264,0.8631,0.9983,0.7824,0.0122
11,3,5,3,0.8787,0.8946,0.9829,0.8457,0.0129
11,3,5,4,0.8349,0.8380,0.9999,0.7950,0.0126
11,3,5,5,0.8718,0.8906,0.9169,0.8610,0.0632
11,3,5,6,0.8657,0.9130,0.9181,0.8447,0.0416
11,3,5,7,0.9166,0.9446,0.9827,0.9045,0.0371
11,3,5,8,0.8689,0.9011,0.9238,0.8513,0.0467
11,3,5,9,0.8810,0.8832,0.9146,0.8720,0.0647
11,3,5,10,0.8790,0.8930,0.9433,0.8605,0.0401
11,3,5,11,0.8911,0.8915,0.9324,0.8767,0.0447
11,3,6,0,0.8047,0.8397,0.9945,0.7531,0.0165
11,3,6,1,0.8624,0.8687,0.9263,0.8479,0.0580
11,3,6,2,0.8860,0.9002,0.9380,0.8734,0.0539
11,3,6,3,0.8594,0.8615,0.9258,0.8395,0.0450
11,3,6,4,0.9205,0.9337,0.9438,0.9042,0.0207
11,3,6,5,0.8948,0.8971,0.9478,0.8768,0.0341
11,3,6,6,0.8796,0.8915,0.9197,0.8686,0.0602
11,3,6,7,0.8876,0.8811,0.9468,0.8641,0.0202
11,3,6,8,0.8801,0.9138,0.9665,0.8553,0.0219
11,3,6,9,0.8666,0.8767,0.9101,0.8583,0.0698
11,3,6,10,0.8764,0.8798,0.9089,0.8677,0.0672
11,3,6,11,0.8544,0.9007,0.9901,0.8165,0.0104
11,3,7,0,0.8074,0.8820,0.9801,0.7670,0.0241
11,3,7,1,0.8916,0.8963,0.9192,0.8801,0.0517
11,3,7,2,0.8667,0.8781,0.9084,0.8580,0.0690
11,3,7,3,0.8863,0.9128,0.9553,0.8639,0.0257
11,3,7,4,0.8244,0.8809,0.9442,0.7921,0.0325
11,3,7,5,0.9145,0.9223,0.9601,0.9019,0.0382
11,3,7,6,0.8954,0.8929,0.9149,0.8858,0.0560
11,3,7,7,0.8802,0.8837,0.9146,0.8699,0.0603
11,3,7,8,0.8981,0.9238,0.9741,0.8787,0.0283
11,3,7,9,0.8503,0.8795,1.0000,0.8192,0.0223
11,3,7,10,0.8701,0.8804,0.9159,0.8615,0.0682
11,3,7,11,0.8709,0.8839,0.9126,0.8616,0.0674
11,3,8,0,0.9051,0.9179,0.9577,0.8940,0.0476
11,3,8,1,0.8724,0.8805,0.9183,0.8628,0.0644
11,3,8,2,0.9030,0.9097,0.9412,0.8903,0.0445
11,3,8,3,0.8868,0.8920,0.9220,0.8765,0.0576
11,3,8,4,0.8133,0.9157,1.0000,0.7725,0.0226
11,3,8,5,0.8607,0.8860,0.9909,0.8287,0.0142
11,3,8,6,0.8801,0.8818,0.9112,0.8709,0.0634
11,3,8,7,0.8428,0.9091,0.9921,0.8102,0.0216
11,3,8,8,0.9235,0.9337,0.9581,0.9095,0.0262
11,3,8,9,0.8959,0.8964,0.9306,0.8810,0.0405
11,3,8,10,0.9060,0.9155,0.9516,0.8925,0.0408
11,3,8,11,0.8910,0.8911,0.9138,0.8826,0.0615
11,3,9,0,0.9196,0.9220,0.9164,0.9126,0.0484
11,3,9,1,0.8807,0.8870,0.9251,0.8709,0.0614
11,3,9,2,0.8976,0.8967,0.9230,0.8887,0.0555
11,3,9,3,0.8652,0.9052,0.9963,0.8296,0.0114
11,3,9,4,0.8820,0.8895,0.9155,0.8729,0.0622
11,3,9,5,0.9031,0.9083,0.9219,0.8934,0.0517
11,3,9,6,0.8723,0.8768,0.9081,0.8643,0.0691
11,3,9,7,0.8950,0.9063,0.9315,0.8787,0.0363
11,3,9,8,0.8807,0.8873,0.9112,0.8719,0.0644
11,3,9,9,0.8726,0.8777,0.9111,0.8643,0.0687
11,3,9,10,0.8162,0.8896,0.9935,0.7727,0.0105
11,3,9,11,0.8718,0.8777,0.9118,0.8634,0.0689
11,3,10,0,0.8891,0.8889,0.9090,0.8816,0.0640
11,3,10,1,0.8793,0.8801,0.9098,0.8707,0.0655
11,3,10,2,0.8807,0.8835,0.9209,0.8712,0.0630
11,3,10,3,0.8944,0.9034,0.9509,0.8831,0.0525
11,3,10,4,0.9361,0.9400,0.9524,0.9292,0.0384
11,3,10,5,0.7886,0.8507,0.9731,0.7471,0.0257
11,3,10,6,0.9006,0.8976,0.9127,0.8934,0.0594
11,3,10,7,0.8983,0.9057,0.9278,0.8886,0.0547
11,3,10,8,0.8723,0.8775,0.9117,0.8638,0.0687
11,3,10,9,0.8250,0.8957,0.9728,0.7852,0.0153
11,3,10,10,0.8750,0.8779,0.9099,0.8671,0.0686
11,3,10,11,0.8986,0.9290,0.9693,0.8844,0.0401
11,3,11,0,0.7641,0.8253,0.9396,0.6912,0.0312
11,3,11,1,0.9212,0.9195,0.9539,0.9116,0.0434
11,3,11,2,0.8815,0.8883,0.9310,0.8723,0.0639
11,3,11,3,1.0000,1.0000,1.0000,1.0000,0.0000
11,3,11,4,0.9206,0.9261,0.9786,0.9088,0.0380
11,3,11,5,0.8748,0.8825,0.9366,0.8630,0.0585
11,3,11,6,0.8788,0.8811,0.9155,0.8703,0.0666
11,3,11,7,0.8878,0.9094,0.9494,0.8737,0.0484
11,3,11,8,0.4772,0.7131,0.9964,0.3434,0.0143
11,3,11,9,0.8789,0.8833,0.9193,0.8692,0.0640
11,3,11,10,0.9526,0.9655,0.9995,0.9421,0.0156
11,3,11,11,0.9160,0.9445,0.9719,0.8998,0.0247
11,4,0,0,0.9097,0.9047,0.9862,0.8965,0.0463
11,4,0,1,0.1787,0.2478,0.9996,0.0716,0.0308
11,4,0,2,0.8961,0.8832,0.9238,0.8828,0.0546
11,4,0,3,0.2731,0.2713,0.9951,0.1702,0.0275
11,4,0,4,0.4790,0.4483,0.9963,0.3881,0.0251
11,4,0,5,0.2332,0.2536,0.9993,0.1293,0.0258
11,4,0,6,0.8323,0.8290,0.9939,0.8024,0.0571
11,4,0,7,0.7097,0.6931,0.9448,0.6508,0.0614
11,4,0,8,0.6753,0.6588,0.9802,0.6080,0.0568
11,4,0,9,0.8560,0.8358,0.8597,0.8365,0.0648
11,4,0,10,0.8049,0.7718,0.9106,0.7709,0.0641
11,4,0,11,0.8859,0.8663,0.9401,0.8717,0.0573
11,4,1,0,0.7806,0.7620,0.9942,0.7388,0.0551
11,4,1,1,0.8853,0.8657,0.9992,0.8656,0.0403
11,4,1,2,0.8742,0.8635,0.9979,0.8532,0.0504
11,4,1,3,0.9602,0.9365,0.9544,0.9581,0.0379
11,4,1,4,0.9622,0.9568,0.9989,0.9578,0.0303
11,4,1,5,0.9471,0.9444,0.9995,0.9385,0.0249
11,4,1,6,0.8922,0.8853,0.9995,0.8737,0.0370
11,4,1,7,0.9519,0.9471,1.0000,0.9451,0.0319
11,4,1,8,0.9618,0.9634,0.9899,0.9572,0.0315
11,4,1,9,0.9734,0.9767,0.9999,0.9692,0.0199
11,4,1,10,0.2846,0.6138,0.9514,0.1217,0.0632
11,4,1,11,0.3729,0.3341,0.9997,0.2779,0.0218
11,4,2,0,0.8588,0.8406,0.9821,0.8346,0.0518
11,4,2,1,0.9868,0.9897,0.9866,0.9850,0.0098
11,4,2,2,0.5005,0.5773,0.9829,0.4071,0.0346
11,4,2,3,0.7122,0.7060,0.9987,0.6564,0.0464
11,4,2,4,0.9436,0.9438,0.9980,0.9342,0.0278
11,4,2,5,0.7789,0.7650,0.9840,0.7368,0.0496
11,4,2,6,0.9846,0.9852,0.9840,0.9827,0.0172
11,4,2,7,0.7879,0.7747,0.9753,0.7481,0.0581
11,4,2,8,0.8057,0.7871,0.9764,0.7695,0.0436
11,4,2,9,0.5923,0.5926,0.9786,0.5111,0.0451
11,4,2,10,0.8917,0.8724,0.9876,0.8749,0.0496
11,4,2,11,0.9939,0.9910,0.9914,0.9929,0.0056
11,4,3,0,0.9882,0.9850,0.9744,0.9880,0.0226
11,4,3,1,0.9426,0.9361,0.9786,0.9332,0.0319
11,4,3,2,0.4810,0.5771,0.9907,0.3823,0.0336
11,4,3,3,0.9675,0.9739,0.9959,0.9624,0.0163
11,4,3,4,0.9890,0.9866,0.9760,0.9898,0.0283
11,4,3,5,0.9691,0.9686,1.0000,0.9642,0.0199
11,4,3,6,0.6526,0.6451,0.9749,0.5813,0.0523
11,4,3,7,0.6493,0.6312,0.9977,0.5834,0.0386
11,4,3,8,0.8245,0.7968,0.9475,0.7923,0.0483
11,4,3,9,0.6253,0.7451,0.9823,0.5638,0.0240
11,4,3,10,0.9724,0.9563,0.9882,0.9679,0.0160
11,4,3,11,0.7391,0.7535,1.0000,0.6907,0.0382
11,4,4,0,0.6873,0.6811,0.9750,0.6366,0.0231
11,4,4,1,0.9299,0.9251,0.9853,0.9181,0.0300
11,4,4,2,0.9917,0.9912,0.9880,0.9908,0.0104
11,4,4,3,0.7734,0.7931,1.0000,0.7315,0.0375
11,4,4,4,0.9791,0.9746,0.9957,0.9758,0.0140
11,4,4,5,0.7519,0.7745,0.9999,0.7073,0.0321
11,4,4,6,0.9440,0.9363,0.9977,0.9350,0.0266
11,4,4,7,0.5734,0.5483,0.9980,0.4969,0.0291
11,4,4,8,0.9892,0.9860,0.9778,0.9885,0.0182
11,4,4,9,0.9252,0.9118,0.9439,0.9132,0.0356
11,4,4,10,0.9902,0.9874,0.9790,0.9910,0.0269
11,4,4,11,0.2530,0.3847,0.9748,0.1584,0.0329
11,4,5,0,0.9758,0.9617,0.9730,0.9736,0.0251
11,4,5,1,0.9854,0.9823,0.9736,0.9867,0.0324
11,4,5,2,0.8330,0.8215,0.9648,0.8026,0.0397
11,4,5,3,0.8777,0.8497,0.9239,0.8576,0.0475
11,4,5,4,0.7992,0.7626,0.9759,0.7624,0.0323
11,4,5,5,0.9884,0.9868,0.9794,0.9887,0.0252
11,4,5,6,0.9326,0.9226,0.9800,0.9222,0.0237
11,4,5,7,0.9357,0.9488,0.9998,0.9253,0.0172
11,4,5,8,0.9768,0.9712,0.9828,0.9737,0.0210
11,4,5,9,0.9911,0.9877,0.9782,0.9918,0.0266
11,4,5,10,0.9800,0.9753,0.9914,0.9770,0.0160
11,4,5,11,0.9871,0.9830,0.9868,0.9854,0.0148
11,4,6,0,0.7499,0.7474,0.9517,0.7018,0.0464
11,4,6,1,0.9594,0.9583,0.9840,0.9551,0.0234
11,4,6,2,0.9938,0.9937,0.9893,0.9936,0.0159
11,4,6,3,0.9664,0.9670,0.9838,0.9617,0.0201
11,4,6,4,0.9522,0.9465,0.9916,0.9443,0.0236
11,4,6,5,0.9822,0.9784,0.9931,0.9792,0.0100
11,4,6,6,0.9913,0.9891,0.9808,0.9915,0.0222
11,4,6,7,0.9286,0.9266,0.9928,0.9165,0.0239
11,4,6,8,0.9404,0.9350,0.9986,0.9304,0.0245
11,4,6,9,0.9859,0.9834,0.9759,0.9871,0.0317
11,4,6,10,0.9894,0.9858,0.9752,0.9902,0.0291
11,4,6,11,0.8427,0.8320,0.9400,0.8144,0.0413
11,4,7,0,0.7131,0.7633,1.0000,0.6635,0.0336
11,4,7,1,0.9880,0.9860,0.9806,0.9870,0.0189
11,4,7,2,0.9869,0.9843,0.9750,0.9881,0.0310
11,4,7,3,0.9604,0.9488,0.9957,0.9538,0.0181
11,4,7,4,0.9361,0.9267,0.9918,0.9257,0.0215
11,4,7,5,0.9935,0.9929,0.9971,0.9924,0.0070
11,4,7,6,0.9921,0.9890,0.9784,0.9920,0.0188
11,4,7,7,0.9902,0.9869,0.9782,0.9905,0.0226
11,4,7,8,0.9501,0.9461,0.9998,0.9417,0.0226
11,4,7,9,0.9099,0.8865,0.9768,0.8945,0.0231
11,4,7,10,0.9875,0.9854,0.9789,0.9885,0.0302
11,4,7,11,0.9883,0.9862,0.9772,0.9891,0.0294
11,4,8,0,0.9925,0.9931,0.9964,0.9917,0.0104
11,4,8,1,0.9881,0.9855,0.9801,0.9888,0.0269
11,4,8,2,0.9934,0.9927,0.9906,0.9926,0.0085
11,4,8,3,0.9889,0.9875,0.9820,0.9886,0.0219
11,4,8,4,0.8225,0.8893,0.9797,0.7913,0.0302
11,4,8,5,0.8923,0.8627,0.9974,0.8735,0.0315
11,4,8,6,0.9888,0.9857,0.9765,0.9893,0.0258
11,4,8,7,0.7671,0.7961,0.9967,0.7268,0.0335
11,4,8,8,0.9728,0.9679,0.9965,0.9683,0.0157
11,4,8,9,0.9820,0.9827,0.9860,0.9793,0.0112
11,4,8,10,0.9939,0.9904,0.9945,0.9930,0.0070
11,4,8,11,0.9908,0.9876,0.9778,0.9911,0.0235
11,4,9,0,0.9719,0.9710,0.9791,0.9683,0.0227
11,4,9,1,0.9894,0.9870,0.9834,0.9896,0.0241
11,4,9,2,0.9878,0.9849,0.9824,0.9872,0.0211
11,4,9,3,0.7846,0.7687,0.9572,0.7440,0.0442
11,4,9,4,0.9898,0.9873,0.9787,0.9902,0.0247
11,4,9,5,0.9912,0.9882,0.9819,0.9906,0.0150
11,4,9,6,0.9876,0.9840,0.9749,0.9887,0.0311
11,4,9,7,0.9752,0.9766,0.9864,0.9713,0.0161
11,4,9,8,0.9895,0.9866,0.9765,0.9901,0.0264
11,4,9,9,0.9883,0.9848,0.9764,0.9894,0.0307
11,4,9,10,0.8548,0.8495,0.9957,0.8289,0.0325
11,4,9,11,0.9882,0.9852,0.9768,0.9893,0.0308
11,4,10,0,0.9901,0.9860,0.9753,0.9907,0.0260
11,4,10,1,0.9894,0.9853,0.9758,0.9901,0.0274
11,4,10,2,0.9920,0.9891,0.9814,0.9927,0.0249
11,4,10,3,0.9941,0.9929,0.9942,0.9939,0.0150
11,4,10,4,0.9763,0.9742,0.9947,0.9726,0.0164
11,4,10,5,0.8953,0.8799,0.9997,0.8779,0.0286
11,4,10,6,0.9912,0.9875,0.9773,0.9914,0.0216
11,4,10,7,0.9933,0.9906,0.9847,0.9932,0.0169
11,4,10,8,0.9883,0.9850,0.9767,0.9893,0.0307
11,4,10,9,0.8989,0.8746,0.9997,0.8814,0.0256
11,4,10,10,0.9882,0.9844,0.9758,0.9892,0.0306
11,4,10,11,0.8534,0.8653,0.9992,0.8306,0.0218
11,4,11,0,0.6680,0.6756,0.8490,0.5970,0.0690
11,4,11,1,0.9956,0.9952,0.9952,0.9950,0.0077
11,4,11,2,0.9912,0.9891,0.9862,0.9918,0.0258
11,4,11,3,0.9206,0.9261,0.9786,0.9088,0.0380
11,4,11,4,1.0000,1.0000,1.0000,1.0000,0.0000
11,4,11,5,0.9786,0.9784,0.9887,0.9770,0.0289
11,4,11,6,0.9898,0.9863,0.9787,0.9906,0.0286
11,4,11,7,0.9917,0.9915,0.9937,0.9909,0.0130
11,4,11,8,0.2602,0.5626,0.9925,0.1123,0.0450
11,4,11,9,0.9910,0.9884,0.9806,0.9916,0.0260
11,4,11,10,0.9619,0.9585,0.9848,0.9563,0.0256
11,4,11,11,0.9699,0.9682,0.9995,0.9650,0.0157
11,5,0,0,0.8608,0.8722,0.9502,0.8478,0.0670
11,5,0,1,0.1333,0.2096,0.9926,0.0360,0.0091
11,5,0,2,0.8485,0.8374,0.8558,0.8370,0.0758
11,5,0,3,0.2244,0.2368,0.9690,0.1301,0.0097
11,5,0,4,0.4231,0.4141,0.9720,0.3381,0.0395
11,5,0,5,0.1863,0.2170,0.9824,0.0914,0.0059
11,5,0,6,0.7846,0.7915,0.9661,0.7574,0.0765
11,5,0,7,0.6495,0.6384,0.8849,0.5940,0.0808
11,5,0,8,0.6100,0.6161,0.9393,0.5458,0.0775
11,5,0,9,0.7994,0.7793,0.7732,0.7816,0.0855
11,5,0,10,0.7439,0.7226,0.8382,0.7115,0.0843
11,5,0,11,0.8381,0.8174,0.8782,0.8264,0.0783
11,5,1,0,0.7212,0.7305,0.9668,0.6805,0.0729
11,5,1,1,0.8506,0.8334,0.9819,0.8335,0.0594
11,5,1,2,0.8374,0.8322,0.9768,0.8196,0.0708
11,5,1,3,0.9146,0.8887,0.8988,0.9122,0.0589
11,5,1,4,0.9351,0.9301,0.9805,0.9324,0.0534
11,5,1,5,0.9256,0.9222,0.9931,0.9185,0.0422
11,5,1,6,0.8391,0.8623,0.9927,0.8192,0.0546
11,5,1,7,0.9244,0.9228,0.9876,0.9191,0.0523
11,5,1,8,0.9340,0.9381,0.9573,0.9311,0.0522
11,5,1,9,0.9511,0.9626,0.9909,0.9473,0.0388
11,5,1,10,0.1935,0.5541,0.8944,0.0371,0.0829
11,5,1,11,0.3190,0.3039,0.9848,0.2306,0.0184
11,5,2,0,0.8102,0.8039,0.9426,0.7875,0.0718
11,5,2,1,0.9728,0.9779,0.9999,0.9698,0.0201
11,5,2,2,0.4373,0.5210,0.9441,0.3491,0.0491
11,5,2,3,0.6525,0.6690,0.9796,0.5988,0.0659
11,5,2,4,0.9130,0.9249,0.9961,0.9038,0.0425
11,5,2,5,0.7304,0.7142,0.9461,0.6915,0.0685
11,5,2,6,0.9865,0.9857,0.9996,0.9851,0.0119
11,5,2,7,0.7396,0.7342,0.9311,0.7039,0.0791
11,5,2,8,0.7636,0.7308,0.9328,0.7309,0.0622
11,5,2,9,0.5309,0.5452,0.9366,0.4542,0.0632
11,5,2,10,0.8544,0.8355,0.9529,0.8407,0.0711
11,5,2,11,0.9742,0.9738,0.9998,0.9721,0.0306
11,5,3,0,0.9727,0.9786,0.9971,0.9695,0.0102
11,5,3,1,0.9138,0.9036,0.9365,0.9053,0.0466
11,5,3,2,0.4161,0.5340,0.9590,0.3230,0.0522
11,5,3,3,0.9364,0.9462,0.9982,0.9287,0.0231
11,5,3,4,0.9781,0.9809,0.9976,0.9756,0.0092
11,5,3,5,0.9601,0.9582,0.9891,0.9577,0.0399
11,5,3,6,0.5967,0.5962,0.9304,0.5306,0.0723
11,5,3,7,0.5979,0.5852,0.9761,0.5361,0.0538
11,5,3,8,0.7790,0.7348,0.8888,0.7492,0.0653
11,5,3,9,0.6124,0.7165,0.9431,0.5589,0.0290
11,5,3,10,0.9533,0.9397,1.0000,0.9487,0.0304
11,5,3,11,0.7046,0.7259,0.9875,0.6612,0.0547
11,5,4,0,0.6166,0.6293,0.9306,0.5642,0.0278
11,5,4,1,0.8763,0.9115,0.9484,0.8615,0.0471
11,5,4,2,0.9779,0.9782,1.0000,0.9754,0.0190
11,5,4,3,0.7412,0.7795,0.9873,0.7041,0.0551
11,5,4,4,0.9737,0.9681,0.9983,0.9712,0.0235
11,5,4,5,0.6900,0.7445,0.9868,0.6449,0.0455
11,5,4,6,0.9311,0.9195,0.9762,0.9255,0.0468
11,5,4,7,0.5314,0.5162,0.9773,0.4613,0.0433
11,5,4,8,0.9889,0.9884,0.9982,0.9876,0.0114
11,5,4,9,0.9043,0.8806,0.8836,0.8960,0.0542
11,5,4,10,0.9830,0.9850,0.9985,0.9812,0.0080
11,5,4,11,0.2001,0.3511,0.9972,0.1126,0.0138
11,5,5,0,0.9573,0.9721,0.9966,0.9521,0.0049
11,5,5,1,0.9755,0.9793,0.9968,0.9731,0.0132
11,5,5,2,0.8163,0.7905,0.9144,0.7927,0.0584
11,5,5,3,0.8134,0.8077,0.8559,0.7911,0.0685
11,5,5,4,0.7528,0.7094,0.9321,0.7177,0.0506
11,5,5,5,0.9768,0.9800,0.9986,0.9741,0.0076
11,5,5,6,0.9121,0.9064,0.9988,0.9010,0.0237
11,5,5,7,0.9219,0.9336,0.9853,0.9123,0.0243
11,5,5,8,0.9546,0.9645,0.9994,0.9490,0.0150
11,5,5,9,0.9811,0.9831,0.9983,0.9789,0.0085
11,5,5,10,0.9701,0.9702,0.9998,0.9669,0.0213
11,5,5,11,0.9815,0.9770,0.9999,0.9795,0.0169
11,5,6,0,0.6898,0.6934,0.8948,0.6430,0.0645
11,5,6,1,0.9938,0.9937,0.9996,0.9930,0.0060
11,5,6,2,0.9803,0.9838,1.0000,0.9780,0.0146
11,5,6,3,0.9808,0.9794,0.9996,0.9787,0.0161
11,5,6,4,0.9131,0.9239,0.9998,0.9035,0.0391
11,5,6,5,0.9789,0.9738,0.9994,0.9777,0.0281
11,5,6,6,0.9807,0.9820,0.9990,0.9784,0.0098
11,5,6,7,0.9260,0.9268,0.9995,0.9184,0.0407
11,5,6,8,0.9133,0.9238,0.9951,0.9035,0.0390
11,5,6,9,0.9757,0.9804,0.9976,0.9732,0.0126
11,5,6,10,0.9806,0.9825,0.9974,0.9785,0.0100
11,5,6,11,0.7722,0.7967,0.8781,0.7409,0.0607
11,5,7,0,0.6270,0.7013,0.9875,0.5735,0.0401
11,5,7,1,0.9890,0.9876,0.9989,0.9877,0.0100
11,5,7,2,0.9763,0.9834,0.9973,0.9739,0.0118
11,5,7,3,0.9200,0.9460,0.9983,0.9110,0.0370
11,5,7,4,0.9101,0.9385,0.9998,0.8989,0.0302
11,5,7,5,0.9785,0.9795,0.9972,0.9768,0.0266
11,5,7,6,0.9883,0.9888,0.9983,0.9869,0.0109
11,5,7,7,0.9892,0.9897,0.9983,0.9879,0.0079
11,5,7,8,0.9448,0.9400,0.9916,0.9393,0.0344
11,5,7,9,0.8513,0.8981,0.9336,0.8319,0.0375
11,5,7,10,0.9794,0.9824,0.9985,0.9773,0.0110
11,5,7,11,0.9766,0.9838,0.9980,0.9741,0.0102
11,5,8,0,0.9668,0.9761,0.9978,0.9629,0.0190
11,5,8,1,0.9912,0.9927,0.9988,0.9903,0.0072
11,5,8,2,0.9839,0.9843,0.9999,0.9824,0.0211
11,5,8,3,0.9894,0.9897,0.9992,0.9882,0.0070
11,5,8,4,0.7583,0.8564,0.9385,0.7244,0.0433
11,5,8,5,0.8239,0.8671,0.9752,0.8006,0.0491
11,5,8,6,0.9907,0.9909,0.9978,0.9896,0.0064
11,5,8,7,0.6801,0.7229,0.9731,0.6346,0.0408
11,5,8,8,0.9372,0.9470,0.9977,0.9306,0.0357
11,5,8,9,0.9875,0.9866,0.9999,0.9866,0.0201
11,5,8,10,0.9727,0.9787,0.9990,0.9700,0.0235
11,5,8,11,0.9758,0.9788,0.9982,0.9730,0.0088
11,5,9,0,0.9444,0.9510,0.9985,0.9376,0.0125
11,5,9,1,0.9920,0.9932,0.9995,0.9910,0.0055
11,5,9,2,0.9944,0.9947,0.9993,0.9938,0.0080
11,5,9,3,0.6907,0.7108,0.9029,0.6440,0.0636
11,5,9,4,0.9897,0.9905,0.9984,0.9885,0.0055
11,5,9,5,0.9708,0.9751,0.9992,0.9673,0.0152
11,5,9,6,0.9791,0.9816,0.9973,0.9769,0.0119
11,5,9,7,0.9690,0.9714,0.9999,0.9658,0.0222
11,5,9,8,0.9810,0.9828,0.9978,0.9789,0.0077
11,5,9,9,0.9812,0.9836,0.9978,0.9793,0.0115
11,5,9,10,0.7941,0.8275,0.9705,0.7659,0.0504
11,5,9,11,0.9778,0.9807,0.9979,0.9755,0.0117
11,5,10,0,0.9793,0.9819,0.9974,0.9769,0.0084
11,5,10,1,0.9847,0.9864,0.9976,0.9830,0.0083
11,5,10,2,0.9827,0.9863,0.9991,0.9807,0.0092
11,5,10,3,0.9790,0.9873,0.9991,0.9766,0.0144
11,5,10,4,0.9498,0.9525,0.9988,0.9439,0.0211
11,5,10,5,0.8613,0.8975,0.9921,0.8432,0.0344
11,5,10,6,0.9780,0.9813,0.9980,0.9754,0.0093
11,5,10,7,0.9813,0.9826,0.9997,0.9791,0.0140
11,5,10,8,0.9790,0.9816,0.9979,0.9768,0.0115
11,5,10,9,0.8572,0.8734,0.9923,0.8392,0.0445
11,5,10,10,0.9794,0.9819,0.9976,0.9773,0.0114
11,5,10,11,0.7994,0.8157,0.9940,0.7732,0.0213
11,5,11,0,0.5858,0.6208,0.7600,0.5148,0.0897
11,5,11,1,0.9819,0.9841,0.9986,0.9802,0.0216
11,5,11,2,0.9811,0.9838,0.9999,0.9789,0.0096
11,5,11,3,0.8748,0.8825,0.9366,0.8630,0.0585
11,5,11,4,0.9786,0.9784,0.9887,0.9770,0.0289
11,5,11,5,1.0000,1.0000,1.0000,1.0000,0.0000
11,5,11,6,0.9819,0.9840,0.9984,0.9799,0.0100
11,5,11,7,0.9814,0.9821,0.9993,0.9793,0.0172
11,5,11,8,0.1812,0.5108,0.9628,0.0418,0.0620
11,5,11,9,0.9862,0.9875,0.9989,0.9847,0.0076
11,5,11,10,0.9357,0.9257,0.9476,0.9312,0.0445
11,5,11,11,0.9332,0.9533,0.9928,0.9263,0.0352
11,6,0,0,0.8652,0.8584,0.9312,0.8560,0.0746
11,6,0,1,0.1103,0.1842,0.9842,0.0142,0.0062
11,6,0,2,0.8362,0.8187,0.8255,0.8256,0.0832
11,6,0,3,0.2024,0.2110,0.9536,0.1091,0.0163
11,6,0,4,0.4094,0.3871,0.9573,0.3262,0.0476
11,6,0,5,0.1669,0.1910,0.9704,0.0735,0.0075
11,6,0,6,0.7763,0.7808,0.9501,0.7509,0.0843
11,6,0,7,0.6268,0.6200,0.8574,0.5709,0.0892
11,6,0,8,0.5900,0.5916,0.9186,0.5261,0.0854
11,6,0,9,0.7835,0.7599,0.7365,0.7661,0.0934
11,6,0,10,0.7279,0.6959,0.8063,0.6961,0.0927
11,6,0,11,0.8253,0.8031,0.8500,0.8145,0.0859
11,6,1,0,0.7201,0.7112,0.9510,0.6829,0.0811
11,6,1,1,0.8370,0.8197,0.9697,0.8201,0.0676
11,6,1,2,0.8186,0.8170,0.9633,0.8002,0.0777
11,6,1,3,0.9240,0.8923,0.8728,0.9261,0.0665
11,6,1,4,0.9291,0.9242,0.9680,0.9275,0.0586
11,6,1,5,0.9162,0.9107,0.9849,0.9094,0.0512
11,6,1,6,0.8486,0.8405,0.9844,0.8330,0.0635
11,6,1,7,0.9180,0.9164,0.9772,0.9137,0.0586
11,6,1,8,0.9246,0.9283,0.9396,0.9222,0.0596
11,6,1,9,0.9492,0.9594,0.9818,0.9465,0.0451
11,6,1,10,0.1745,0.5312,0.8679,0.0207,0.0903
11,6,1,11,0.3091,0.2810,0.9736,0.2231,0.0247
11,6,2,0,0.8067,0.7875,0.9224,0.7866,0.0799
11,6,2,1,0.9852,0.9871,0.9991,0.9844,0.0224
11,6,2,2,0.4175,0.5014,0.9241,0.3303,0.0582
11,6,2,3,0.6488,0.6561,0.9668,0.5980,0.0737
11,6,2,4,0.9199,0.9215,0.9897,0.9135,0.0514
11,6,2,5,0.7118,0.6993,0.9265,0.6728,0.0771
11,6,2,6,0.9797,0.9828,0.9996,0.9779,0.0193
11,6,2,7,0.7204,0.7164,0.9092,0.6846,0.0867
11,6,2,8,0.7473,0.7147,0.9112,0.7147,0.0711
11,6,2,9,0.5200,0.5306,0.9154,0.4456,0.0719
11,6,2,10,0.8400,0.8217,0.9344,0.8265,0.0782
11,6,2,11,0.9849,0.9829,0.9971,0.9852,0.0311
11,6,3,0,0.9945,0.9934,0.9998,0.9939,0.0084
11,6,3,1,0.9060,0.8889,0.9154,0.8981,0.0558
11,6,3,2,0.3956,0.5079,0.9416,0.3035,0.0603
11,6,3,3,0.9591,0.9624,0.9933,0.9553,0.0307
11,6,3,4,0.9990,0.9992,0.9999,0.9989,0.0016
11,6,3,5,0.9462,0.9441,0.9793,0.9431,0.0459
11,6,3,6,0.5745,0.5720,0.9084,0.5083,0.0802
11,6,3,7,0.5923,0.5750,0.9624,0.5332,0.0630
11,6,3,8,0.7641,0.7219,0.8617,0.7347,0.0745
11,6,3,9,0.5641,0.6868,0.9229,0.5066,0.0379
11,6,3,10,0.9587,0.9418,0.9986,0.9560,0.0375
11,6,3,11,0.6955,0.7122,0.9771,0.6535,0.0631
11,6,4,0,0.6371,0.6166,0.9086,0.5900,0.0352
11,6,4,1,0.8984,0.8851,0.9292,0.8892,0.0560
11,6,4,2,0.9903,0.9894,0.9987,0.9899,0.0188
11,6,4,3,0.7256,0.7563,0.9768,0.6887,0.0635
11,6,4,4,0.9698,0.9630,0.9935,0.9675,0.0295
11,6,4,5,0.7102,0.7340,0.9762,0.6710,0.0547
11,6,4,6,0.9112,0.9010,0.9625,0.9042,0.0542
11,6,4,7,0.5058,0.4932,0.9639,0.4353,0.0509
11,6,4,8,0.9922,0.9925,1.0000,0.9916,0.0125
11,6,4,9,0.8813,0.8538,0.8560,0.8712,0.0634
11,6,4,10,0.9992,0.9994,1.0000,0.9991,0.0022
11,6,4,11,0.1948,0.3290,0.9998,0.1101,0.0043
11,6,5,0,0.9782,0.9660,0.9997,0.9758,0.0122
11,6,5,1,0.9989,0.9992,0.9997,0.9989,0.0041
11,6,5,2,0.7810,0.7545,0.8903,0.7539,0.0670
11,6,5,3,0.8186,0.7754,0.8256,0.8004,0.0761
11,6,5,4,0.7432,0.6911,0.9103,0.7092,0.0596
11,6,5,5,0.9968,0.9961,1.0000,0.9965,0.0045
11,6,5,6,0.9283,0.9149,1.0000,0.9204,0.0314
11,6,5,7,0.9163,0.9227,0.9742,0.9071,0.0314
11,6,5,8,0.9735,0.9671,0.9998,0.9709,0.0205
11,6,5,9,0.9994,0.9995,1.0000,0.9994,0.0022
11,6,5,10,0.9723,0.9656,0.9971,0.9701,0.0265
11,6,5,11,0.9813,0.9781,0.9990,0.9799,0.0219
11,6,6,0,0.6843,0.6713,0.8684,0.6401,0.0737
11,6,6,1,0.9613,0.9638,0.9996,0.9569,0.0087
11,6,6,2,0.9948,0.9939,0.9982,0.9945,0.0127
11,6,6,3,0.9609,0.9645,0.9997,0.9567,0.0237
11,6,6,4,0.9302,0.9275,0.9970,0.9250,0.0483
11,6,6,5,0.9707,0.9673,0.9960,0.9692,0.0336
11,6,6,6,0.9980,0.9970,0.9999,0.9978,0.0064
11,6,6,7,0.9035,0.9064,0.9963,0.8939,0.0478
11,6,6,8,0.9190,0.9126,0.9881,0.9116,0.0481
11,6,6,9,0.9990,0.9994,0.9999,0.9990,0.0034
11,6,6,10,0.9997,0.9996,0.9999,0.9997,0.0005
11,6,6,11,0.7856,0.7597,0.8499,0.7598,0.0697
11,6,7,0,0.6735,0.7164,0.9771,0.6297,0.0496
11,6,7,1,0.9884,0.9893,1.0000,0.9873,0.0150
11,6,7,2,0.9987,0.9991,0.9998,0.9986,0.0031
11,6,7,3,0.9374,0.9264,0.9935,0.9323,0.0441
11,6,7,4,0.9175,0.9019,0.9969,0.9085,0.0370
11,6,7,5,0.9857,0.9843,0.9915,0.9857,0.0285
11,6,7,6,0.9955,0.9963,1.0000,0.9952,0.0106
11,6,7,7,0.9957,0.9947,1.0000,0.9953,0.0076
11,6,7,8,0.9292,0.9178,0.9828,0.9228,0.0428
11,6,7,9,0.8773,0.8438,0.9120,0.8635,0.0464
11,6,7,10,0.9994,0.9994,1.0000,0.9993,0.0024
11,6,7,11,0.9986,0.9986,1.0000,0.9985,0.0021
11,6,8,0,0.9914,0.9908,0.9926,0.9911,0.0190
11,6,8,1,0.9974,0.9976,1.0000,0.9971,0.0041
11,6,8,2,0.9888,0.9891,0.9976,0.9885,0.0222
11,6,8,3,0.9946,0.9954,0.9999,0.9942,0.0091
11,6,8,4,0.7821,0.8420,0.9176,0.7542,0.0522
11,6,8,5,0.8494,0.8148,0.9612,0.8325,0.0575
11,6,8,6,0.9966,0.9975,0.9999,0.9963,0.0046
11,6,8,7,0.7272,0.7445,0.9586,0.6912,0.0497
11,6,8,8,0.9547,0.9523,0.9924,0.9521,0.0409
11,6,8,9,0.9755,0.9789,0.9992,0.9737,0.0266
11,6,8,10,0.9860,0.9809,0.9948,0.9857,0.0258
11,6,8,11,0.9978,0.9976,1.0000,0.9976,0.0051
11,6,9,0,0.9692,0.9706,1.0000,0.9660,0.0201
11,6,9,1,0.9964,0.9968,0.9997,0.9960,0.0058
11,6,9,2,0.9918,0.9928,0.9998,0.9910,0.0112
11,6,9,3,0.7243,0.6918,0.8774,0.6875,0.0718
11,6,9,4,0.9968,0.9977,1.0000,0.9964,0.0052
11,6,9,5,0.9928,0.9921,0.9999,0.9924,0.0150
11,6,9,6,0.9997,0.9997,0.9998,0.9997,0.0025
11,6,9,7,0.9634,0.9670,0.9991,0.9603,0.0308
11,6,9,8,0.9989,0.9990,0.9999,0.9988,0.0025
11,6,9,9,0.9998,0.9998,0.9999,0.9997,0.0021
11,6,9,10,0.8105,0.7937,0.9554,0.7875,0.0585
11,6,9,11,0.9995,0.9996,1.0000,0.9994,0.0022
11,6,10,0,0.9990,0.9992,0.9999,0.9989,0.0034
11,6,10,1,0.9996,0.9996,0.9999,0.9995,0.0020
11,6,10,2,0.9987,0.9985,0.9999,0.9986,0.0042
11,6,10,3,0.9940,0.9918,0.9951,0.9937,0.0142
11,6,10,4,0.9683,0.9662,0.9946,0.9656,0.0282
11,6,10,5,0.8667,0.8421,0.9835,0.8509,0.0428
11,6,10,6,0.9971,0.9978,1.0000,0.9969,0.0072
11,6,10,7,0.9960,0.9948,0.9995,0.9958,0.0119
11,6,10,8,0.9997,0.9998,1.0000,0.9997,0.0021
11,6,10,9,0.8686,0.8392,0.9838,0.8544,0.0523
11,6,10,10,0.9998,0.9998,0.9999,0.9998,0.0020
11,6,10,11,0.8336,0.8395,0.9863,0.8133,0.0294
11,6,11,0,0.5671,0.5865,0.7224,0.4969,0.0976
11,6,11,1,0.9899,0.9900,0.9940,0.9899,0.0232
11,6,11,2,0.9996,0.9995,0.9992,0.9996,0.0030
11,6,11,3,0.8788,0.8811,0.9155,0.8703,0.0666
11,6,11,4,0.9898,0.9863,0.9787,0.9906,0.0286
11,6,11,5,0.9819,0.9840,0.9984,0.9799,0.0100
11,6,11,6,1.0000,1.0000,1.0000,1.0000,0.0000
11,6,11,7,0.9897,0.9876,0.9955,0.9891,0.0182
11,6,11,8,0.1544,0.4868,0.9461,0.0161,0.0702
11,6,11,9,0.9993,0.9992,1.0000,0.9992,0.0029
11,6,11,10,0.9329,0.9199,0.9282,0.9297,0.0534
11,6,11,11,0.9538,0.9455,0.9845,0.9513,0.0425
11,7,0,0,0.8965,0.8960,0.9614,0.8855,0.0564
11,7,0,1,0.1703,0.2451,0.9965,0.0701,0.0202
11,7,0,2,0.8677,0.8595,0.8751,0.8541,0.0649
11,7,0,3,0.2581,0.2680,0.9777,0.1608,0.0151
11,7,0,4,0.4611,0.4459,0.9803,0.3749,0.0294
11,7,0,5,0.2228,0.2499,0.9889,0.1252,0.0139
11,7,0,6,0.8128,0.8183,0.9753,0.7851,0.0661
11,7,0,7,0.6765,0.6724,0.9021,0.6186,0.0710
11,7,0,8,0.6282,0.6391,0.9518,0.5591,0.0672
11,7,0,9,0.8250,0.8098,0.7970,0.8056,0.0752
11,7,0,10,0.7768,0.7550,0.8585,0.7441,0.0745
11,7,0,11,0.8664,0.8504,0.8959,0.8545,0.0677
11,7,1,0,0.7620,0.7552,0.9759,0.7229,0.0634
11,7,1,1,0.8747,0.8621,0.9884,0.8575,0.0498
11,7,1,2,0.8638,0.8611,0.9843,0.8459,0.0600
11,7,1,3,0.9429,0.9191,0.9149,0.9415,0.0483
11,7,1,4,0.9548,0.9527,0.9873,0.9522,0.0404
11,7,1,5,0.9400,0.9427,0.9968,0.9324,0.0332
11,7,1,6,0.8849,0.8821,0.9966,0.8690,0.0458
11,7,1,7,0.9437,0.9432,0.9929,0.9384,0.0407
11,7,1,8,0.9469,0.9532,0.9677,0.9427,0.0413
11,7,1,9,0.9631,0.9765,0.9953,0.9590,0.0274
11,7,1,10,0.2369,0.6034,0.9109,0.0772,0.0725
11,7,1,11,0.3587,0.3313,0.9908,0.2690,0.0135
11,7,2,0,0.8437,0.8330,0.9548,0.8221,0.0617
11,7,2,1,0.9842,0.9895,0.9987,0.9820,0.0058
11,7,2,2,0.4630,0.5685,0.9561,0.3712,0.0408
11,7,2,3,0.6874,0.7026,0.9866,0.6336,0.0560
11,7,2,4,0.9325,0.9406,0.9988,0.9236,0.0337
11,7,2,5,0.7577,0.7490,0.9579,0.7178,0.0592
11,7,2,6,0.9856,0.9890,0.9978,0.9836,0.0066
11,7,2,7,0.7685,0.7679,0.9444,0.7319,0.0685
11,7,2,8,0.7921,0.7717,0.9460,0.7591,0.0531
11,7,2,9,0.5646,0.5805,0.9493,0.4863,0.0539
11,7,2,10,0.8840,0.8676,0.9638,0.8709,0.0600
11,7,2,11,0.9902,0.9896,0.9998,0.9892,0.0144
11,7,3,0,0.9892,0.9881,0.9935,0.9882,0.0114
11,7,3,1,0.9261,0.9226,0.9493,0.9165,0.0380
11,7,3,2,0.4357,0.5733,0.9692,0.3376,0.0421
11,7,3,3,0.9507,0.9653,0.9998,0.9437,0.0148
11,7,3,4,0.9893,0.9879,0.9943,0.9887,0.0180
11,7,3,5,0.9672,0.9679,0.9940,0.9638,0.0282
11,7,3,6,0.6191,0.6286,0.9438,0.5492,0.0619
11,7,3,7,0.6250,0.6237,0.9837,0.5615,0.0447
11,7,3,8,0.7992,0.7684,0.9057,0.7676,0.0563
11,7,3,9,0.6216,0.7368,0.9551,0.5646,0.0220
11,7,3,10,0.9738,0.9590,0.9992,0.9706,0.0198
11,7,3,11,0.7299,0.7527,0.9928,0.6854,0.0454
11,7,4,0,0.6814,0.6662,0.9439,0.6340,0.0188
11,7,4,1,0.9175,0.9126,0.9599,0.9064,0.0380
11,7,4,2,0.9949,0.9928,0.9991,0.9942,0.0034
11,7,4,3,0.7678,0.8018,0.9926,0.7301,0.0453
11,7,4,4,0.9828,0.9805,0.9998,0.9805,0.0113
11,7,4,5,0.7394,0.7723,0.9923,0.6975,0.0370
11,7,4,6,0.9389,0.9381,0.9838,0.9316,0.0359
11,7,4,7,0.5642,0.5519,0.9847,0.4929,0.0335
11,7,4,8,0.9932,0.9910,0.9951,0.9923,0.0073
11,7,4,9,0.9053,0.8915,0.9009,0.8932,0.0451
11,7,4,10,0.9912,0.9891,0.9957,0.9907,0.0165
11,7,4,11,0.2181,0.3912,0.9937,0.1261,0.0226
11,7,5,0,0.9772,0.9680,0.9928,0.9744,0.0131
11,7,5,1,0.9869,0.9844,0.9931,0.9866,0.0220
11,7,5,2,0.8270,0.8190,0.9293,0.8004,0.0488
11,7,5,3,0.8619,0.8284,0.8752,0.8438,0.0579
11,7,5,4,0.7797,0.7462,0.9453,0.7443,0.0416
11,7,5,5,0.9918,0.9907,0.9959,0.9913,0.0148
11,7,5,6,0.9365,0.9272,0.9961,0.9274,0.0178
11,7,5,7,0.9232,0.9435,0.9912,0.9121,0.0163
11,7,5,8,0.9779,0.9763,0.9973,0.9749,0.0091
11,7,5,9,0.9914,0.9891,0.9953,0.9909,0.0163
11,7,5,10,0.9868,0.9832,0.9998,0.9850,0.0098
11,7,5,11,0.9904,0.9876,0.9987,0.9890,0.0058
11,7,6,0,0.7340,0.7316,0.9113,0.6893,0.0560
11,7,6,1,0.9601,0.9632,0.9978,0.9552,0.0122
11,7,6,2,0.9947,0.9940,0.9994,0.9941,0.0060
11,7,6,3,0.9724,0.9751,0.9977,0.9686,0.0110
11,7,6,4,0.9465,0.9461,0.9999,0.9397,0.0300
11,7,6,5,0.9839,0.9812,1.0000,0.9820,0.0159
11,7,6,6,0.9933,0.9914,0.9965,0.9928,0.0118
11,7,6,7,0.9310,0.9349,1.0000,0.9216,0.0300
11,7,6,8,0.9393,0.9393,0.9982,0.9311,0.0299
11,7,6,9,0.9868,0.9852,0.9942,0.9864,0.0214
11,7,6,10,0.9902,0.9882,0.9939,0.9898,0.0188
11,7,6,11,0.8196,0.8070,0.8958,0.7919,0.0514
11,7,7,0,0.6710,0.7450,0.9928,0.6192,0.0332
11,7,7,1,0.9917,0.9907,0.9964,0.9906,0.0077
11,7,7,2,0.9876,0.9870,0.9938,0.9872,0.0206
11,7,7,3,0.9593,0.9544,0.9998,0.9541,0.0258
11,7,7,4,0.9440,0.9390,0.9999,0.9360,0.0198
11,7,7,5,0.9876,0.9874,0.9993,0.9861,0.0108
11,7,7,6,0.9914,0.9921,0.9954,0.9904,0.0079
11,7,7,7,0.9909,0.9916,0.9953,0.9902,0.0119
11,7,7,8,0.9417,0.9538,0.9958,0.9336,0.0251
11,7,7,9,0.9008,0.8751,0.9467,0.8862,0.0282
11,7,7,10,0.9885,0.9872,0.9956,0.9881,0.0198
11,7,7,11,0.9887,0.9889,0.9949,0.9881,0.0190
11,7,8,0,0.9839,0.9861,0.9996,0.9816,0.0058
11,7,8,1,0.9899,0.9885,0.9962,0.9893,0.0163
11,7,8,2,0.9945,0.9944,0.9997,0.9937,0.0060
11,7,8,3,0.9895,0.9923,0.9970,0.9884,0.0102
11,7,8,4,0.7929,0.8681,0.9510,0.7605,0.0342
11,7,8,5,0.8899,0.8651,0.9830,0.8740,0.0395
11,7,8,6,0.9902,0.9887,0.9945,0.9896,0.0150
11,7,8,7,0.7241,0.7653,0.9812,0.6808,0.0344
11,7,8,8,0.9661,0.9677,0.9996,0.9620,0.0227
11,7,8,9,0.9832,0.9855,0.9985,0.9809,0.0100
11,7,8,10,0.9890,0.9908,1.0000,0.9876,0.0079
11,7,8,11,0.9887,0.9887,0.9951,0.9877,0.0131
11,7,9,0,0.9652,0.9739,0.9957,0.9604,0.0102
11,7,9,1,0.9902,0.9893,0.9976,0.9894,0.0132
11,7,9,2,0.9862,0.9877,0.9972,0.9846,0.0100
11,7,9,3,0.7444,0.7415,0.9188,0.7017,0.0535
11,7,9,4,0.9930,0.9910,0.9956,0.9926,0.0140
11,7,9,5,0.9891,0.9901,0.9969,0.9877,0.0038
11,7,9,6,0.9882,0.9856,0.9937,0.9878,0.0207
11,7,9,7,0.9794,0.9830,0.9986,0.9766,0.0131
11,7,9,8,0.9888,0.9875,0.9945,0.9880,0.0160
11,7,9,9,0.9892,0.9866,0.9945,0.9889,0.0203
11,7,9,10,0.8418,0.8403,0.9790,0.8176,0.0405
11,7,9,11,0.9892,0.9867,0.9946,0.9888,0.0205
11,7,10,0,0.9886,0.9877,0.9939,0.9877,0.0156
11,7,10,1,0.9897,0.9876,0.9941,0.9891,0.0171
11,7,10,2,0.9930,0.9912,0.9967,0.9926,0.0146
11,7,10,3,0.9883,0.9926,1.0000,0.9868,0.0051
11,7,10,4,0.9621,0.9710,1.0000,0.9567,0.0108
11,7,10,5,0.8967,0.8810,0.9962,0.8814,0.0272
11,7,10,6,0.9879,0.9881,0.9949,0.9866,0.0110
11,7,10,7,0.9932,0.9913,0.9980,0.9924,0.0068
11,7,10,8,0.9886,0.9860,0.9946,0.9881,0.0203
11,7,10,9,0.9027,0.8818,0.9963,0.8889,0.0341
11,7,10,10,0.9880,0.9856,0.9942,0.9875,0.0202
11,7,10,11,0.8222,0.8544,0.9975,0.7967,0.0148
11,7,11,0,0.6380,0.6509,0.7844,0.5701,0.0794
11,7,11,1,0.9912,0.9915,0.9999,0.9900,0.0066
11,7,11,2,0.9907,0.9891,0.9985,0.9901,0.0157
11,7,11,3,0.8878,0.9094,0.9494,0.8737,0.0484
11,7,11,4,0.9917,0.9915,0.9937,0.9909,0.0130
11,7,11,5,0.9814,0.9821,0.9993,0.9793,0.0172
11,7,11,6,0.9897,0.9876,0.9955,0.9891,0.0182
11,7,11,7,1.0000,1.0000,1.0000,1.0000,0.0000
11,7,11,8,0.2250,0.5605,0.9725,0.0825,0.0525
11,7,11,9,0.9923,0.9903,0.9964,0.9918,0.0156
11,7,11,10,0.9492,0.9492,0.9592,0.9440,0.0352
11,7,11,11,0.9635,0.9672,0.9967,0.9592,0.0243
11,8,0,0,0.4106,0.6901,0.9991,0.2540,0.0213
11,8,0,1,0.6305,0.7048,0.9885,0.5787,0.0698
11,8,0,2,0.4731,0.6991,0.9638,0.3226,0.0261
11,8,0,3,0.5225,0.6159,0.9997,0.4433,0.0568
11,8,0,4,0.4556,0.6518,0.9993,0.3385,0.0244
11,8,0,5,0.5820,0.6686,0.9963,0.5179,0.0640
11,8,0,6,0.4258,0.6925,0.9999,0.2685,0.0220
11,8,0,7,0.5981,0.7288,0.9778,0.4836,0.0209
11,8,0,8,0.6443,0.7954,0.9971,0.5432,0.0236
11,8,0,9,0.5786,0.7841,0.9158,0.4505,0.0319
11,8,0,10,0.6247,0.8294,0.9544,0.5127,0.0234
11,8,0,11,0.5367,0.7900,0.9748,0.4007,0.0275
11,8,1,0,0.4507,0.6875,0.9999,0.3048,0.0188
11,8,1,1,0.4256,0.6911,0.9966,0.2819,0.0152
11,8,1,2,0.4433,0.7049,0.9983,0.2960,0.0232
11,8,1,3,0.4804,0.7557,0.9838,0.3429,0.0320
11,8,1,4,0.3543,0.6585,0.9971,0.1964,0.0328
11,8,1,5,0.3641,0.6367,0.9879,0.2207,0.0240
11,8,1,6,0.3953,0.6776,0.9883,0.2479,0.0169
11,8,1,7,0.3329,0.6229,0.9933,0.1725,0.0281
11,8,1,8,0.3771,0.6555,0.9998,0.2247,0.0237
11,8,1,9,0.2934,0.5912,0.9904,0.1390,0.0287
11,8,1,10,0.8883,0.9116,0.9820,0.8582,0.0279
11,8,1,11,0.5279,0.6531,0.9951,0.4426,0.0492
11,8,2,0,0.4132,0.6895,0.9978,0.2557,0.0147
11,8,2,1,0.2094,0.5370,0.9592,0.0602,0.0488
11,8,2,2,0.5729,0.7023,0.9981,0.4732,0.0146
11,8,2,3,0.4614,0.7100,0.9975,0.3244,0.0096
11,8,2,4,0.3212,0.6128,0.9828,0.1692,0.0201
11,8,2,5,0.5175,0.7151,0.9984,0.3900,0.0130
11,8,2,6,0.2249,0.5444,0.9547,0.0832,0.0519
11,8,2,7,0.5335,0.7655,0.9950,0.4012,0.0220
11,8,2,8,0.4788,0.7281,0.9955,0.3450,0.0117
11,8,2,9,0.4867,0.6839,0.9964,0.3556,0.0093
11,8,2,10,0.4369,0.7231,0.9994,0.2857,0.0245
11,8,2,11,0.2522,0.5698,0.9679,0.1014,0.0441
11,8,3,0,0.1728,0.5139,0.9395,0.0319,0.0620
11,8,3,1,0.3623,0.6206,0.9964,0.2163,0.0171
11,8,3,2,0.5732,0.7426,0.9999,0.4717,0.0148
11,8,3,3,0.2754,0.5770,0.9772,0.1352,0.0439
11,8,3,4,0.1533,0.4881,0.9420,0.0148,0.0699
11,8,3,5,0.2791,0.5970,0.9921,0.1212,0.0327
11,8,3,6,0.5151,0.6995,0.9948,0.3825,0.0160
11,8,3,7,0.4792,0.6974,0.9985,0.3555,0.0085
11,8,3,8,0.5141,0.7067,0.9796,0.3888,0.0114
11,8,3,9,0.4346,0.6391,0.9979,0.3212,0.0331
11,8,3,10,0.2662,0.6112,0.9621,0.1141,0.0329
11,8,3,11,0.3540,0.6589,0.9934,0.2006,0.0094
11,8,4,0,0.4509,0.6547,0.9949,0.3425,0.0363
11,8,4,1,0.3509,0.6137,0.9988,0.2023,0.0171
11,8,4,2,0.2126,0.5378,0.9617,0.0666,0.0522
11,8,4,3,0.3646,0.6212,0.9935,0.2129,0.0143
11,8,4,4,0.2408,0.5992,0.9768,0.0925,0.0412
11,8,4,5,0.3742,0.6615,0.9938,0.2324,0.0184
11,8,4,6,0.3107,0.6402,0.9985,0.1520,0.0299
11,8,4,7,0.4809,0.6515,0.9982,0.3653,0.0222
11,8,4,8,0.1780,0.5195,0.9448,0.0329,0.0580
11,8,4,9,0.3533,0.6290,0.9772,0.1960,0.0139
11,8,4,10,0.1623,0.4947,0.9466,0.0247,0.0685
11,8,4,11,0.4461,0.6746,0.9401,0.3648,0.0745
11,8,5,0,0.1833,0.5486,0.9375,0.0427,0.0590
11,8,5,1,0.1369,0.4771,0.9383,0.0018,0.0740
11,8,5,2,0.4188,0.7430,0.9898,0.2748,0.0092
11,8,5,3,0.4642,0.6918,0.9638,0.3218,0.0140
11,8,5,4,0.4029,0.7164,0.9953,0.2608,0.0177
11,8,5,5,0.1637,0.5171,0.9473,0.0248,0.0668
11,8,5,6,0.2543,0.5948,0.9482,0.1115,0.0449
11,8,5,7,0.3000,0.6187,0.9948,0.1617,0.0412
11,8,5,8,0.1968,0.5857,0.9528,0.0494,0.0505
11,8,5,9,0.1607,0.4938,0.9454,0.0213,0.0682
11,8,5,10,0.2257,0.5821,0.9680,0.0767,0.0439
11,8,5,11,0.2312,0.5625,0.9596,0.0874,0.0485
11,8,6,0,0.4863,0.7008,0.9822,0.3539,0.0117
11,8,6,1,0.1744,0.4996,0.9548,0.0330,0.0615
11,8,6,2,0.1986,0.5286,0.9639,0.0556,0.0577
11,8,6,3,0.1998,0.5478,0.9544,0.0521,0.0478
11,8,6,4,0.2952,0.6277,0.9683,0.1395,0.0256
11,8,6,5,0.2501,0.5802,0.9713,0.0981,0.0405
11,8,6,6,0.1785,0.5163,0.9495,0.0387,0.0640
11,8,6,7,0.2865,0.6241,0.9706,0.1304,0.0251
11,8,6,8,0.2915,0.6169,0.9847,0.1375,0.0260
11,8,6,9,0.1434,0.4856,0.9418,0.0083,0.0733
11,8,6,10,0.1532,0.4891,0.9408,0.0151,0.0707
11,8,6,11,0.4698,0.6937,0.9747,0.3353,0.0097
11,8,7,0,0.4399,0.6688,0.9933,0.3201,0.0237
11,8,7,1,0.2074,0.5458,0.9491,0.0661,0.0558
11,8,7,2,0.1428,0.4909,0.9404,0.0065,0.0725
11,8,7,3,0.2774,0.6248,0.9768,0.1232,0.0319
11,8,7,4,0.2576,0.5904,0.9686,0.1088,0.0340
11,8,7,5,0.2475,0.5497,0.9803,0.0987,0.0433
11,8,7,6,0.1810,0.5146,0.9457,0.0374,0.0596
11,8,7,7,0.1667,0.5123,0.9454,0.0259,0.0639
11,8,7,8,0.2997,0.6353,0.9897,0.1516,0.0311
11,8,7,9,0.3384,0.5705,0.9957,0.1956,0.0258
11,8,7,10,0.1493,0.4942,0.9465,0.0132,0.0718
11,8,7,11,0.1509,0.5005,0.9439,0.0134,0.0710
11,8,8,0,0.2301,0.5229,0.9785,0.0875,0.0517
11,8,8,1,0.1513,0.4962,0.9484,0.0125,0.0680
11,8,8,2,0.2221,0.5539,0.9664,0.0748,0.0506
11,8,8,3,0.1769,0.5171,0.9514,0.0351,0.0617
11,8,8,4,0.4105,0.6356,0.9969,0.2808,0.0245
11,8,8,5,0.3677,0.6221,0.9987,0.2223,0.0190
11,8,8,6,0.1600,0.4977,0.9427,0.0207,0.0669
11,8,8,7,0.4134,0.6479,0.9992,0.2877,0.0218
11,8,8,8,0.2683,0.6078,0.9788,0.1129,0.0335
11,8,8,9,0.2325,0.5498,0.9582,0.0852,0.0441
11,8,8,10,0.2403,0.5735,0.9741,0.0924,0.0462
11,8,8,11,0.1645,0.4988,0.9448,0.0230,0.0651
11,8,9,0,0.2095,0.5404,0.9469,0.0658,0.0517
11,8,9,1,0.1631,0.5041,0.9538,0.0224,0.0652
11,8,9,2,0.1826,0.5082,0.9522,0.0402,0.0590
11,8,9,3,0.5467,0.7479,0.9855,0.4300,0.0089
11,8,9,4,0.1735,0.5089,0.9462,0.0357,0.0657
11,8,9,5,0.2052,0.5370,0.9513,0.0623,0.0558
11,8,9,6,0.1427,0.4804,0.9402,0.0060,0.0727
11,8,9,7,0.2277,0.5760,0.9588,0.0760,0.0412
11,8,9,8,0.1568,0.4937,0.9427,0.0174,0.0680
11,8,9,9,0.1451,0.4845,0.9426,0.0080,0.0723
11,8,9,10,0.4106,0.6514,0.9995,0.2728,0.0132
11,8,9,11,0.1465,0.4824,0.9431,0.0097,0.0724
11,8,10,0,0.1602,0.4912,0.9409,0.0208,0.0676
11,8,10,1,0.1519,0.4859,0.9416,0.0127,0.0690
11,8,10,2,0.1643,0.5002,0.9505,0.0245,0.0665
11,8,10,3,0.2094,0.5316,0.9736,0.0674,0.0568
11,8,10,4,0.2591,0.5697,0.9747,0.1162,0.0425
11,8,10,5,0.3145,0.5785,0.9891,0.1743,0.0279
11,8,10,6,0.1738,0.5007,0.9439,0.0325,0.0630
11,8,10,7,0.1978,0.5315,0.9559,0.0559,0.0588
11,8,10,8,0.1476,0.4829,0.9431,0.0107,0.0723
11,8,10,9,0.3914,0.7070,0.9889,0.2531,0.0215
11,8,10,10,0.1462,0.4802,0.9417,0.0091,0.0722
11,8,10,11,0.3322,0.5963,0.9866,0.2049,0.0432
11,8,11,0,0.7990,0.8831,0.9073,0.7406,0.0306
11,8,11,1,0.2293,0.5415,0.9758,0.0817,0.0485
11,8,11,2,0.1697,0.4978,0.9585,0.0314,0.0680
11,8,11,3,0.4772,0.7131,0.9964,0.3434,0.0143
11,8,11,4,0.2602,0.5626,0.9925,0.1123,0.0450
11,8,11,5,0.1812,0.5108,0.9628,0.0418,0.0620
11,8,11,6,0.1544,0.4868,0.9461,0.0161,0.0702
11,8,11,7,0.2250,0.5605,0.9725,0.0825,0.0525
11,8,11,8,1.0000,1.0000,1.0000,1.0000,0.0000
11,8,11,9,0.1629,0.4993,0.9492,0.0233,0.0678
11,8,11,10,0.4182,0.6938,0.9987,0.2830,0.0234
11,8,11,11,0.3118,0.6372,0.9883,0.1639,0.0308
11,9,0,0,0.8711,0.8671,0.9347,0.8616,0.0720
11,9,0,1,0.1206,0.1976,0.9859,0.0239,0.0070
11,9,0,2,0.8431,0.8278,0.8309,0.8323,0.0805
11,9,0,3,0.2141,0.2253,0.9564,0.1205,0.0139
11,9,0,4,0.4207,0.4035,0.9600,0.3374,0.0450
11,9,0,5,0.1772,0.2043,0.9727,0.0832,0.0062
11,9,0,6,0.7836,0.7905,0.9530,0.7580,0.0817
11,9,0,7,0.6384,0.6334,0.8623,0.5829,0.0866
11,9,0,8,0.5970,0.5996,0.9223,0.5323,0.0828
11,9,0,9,0.7920,0.7705,0.7429,0.7746,0.0908
11,9,0,10,0.7375,0.7089,0.8119,0.7059,0.0901
11,9,0,11,0.8342,0.8136,0.8550,0.8236,0.0833
11,9,1,0,0.7287,0.7221,0.9539,0.6914,0.0787
11,9,1,1,0.8475,0.8322,0.9720,0.8312,0.0652
11,9,1,2,0.8297,0.8293,0.9658,0.8120,0.0753
11,9,1,3,0.9270,0.8970,0.8774,0.9283,0.0639
11,9,1,4,0.9362,0.9326,0.9703,0.9348,0.0560
11,9,1,5,0.9244,0.9202,0.9865,0.9180,0.0485
11,9,1,6,0.8544,0.8506,0.9861,0.8385,0.0611
11,9,1,7,0.9246,0.9239,0.9792,0.9205,0.0560
11,9,1,8,0.9310,0.9351,0.9429,0.9286,0.0569
11,9,1,9,0.9542,0.9645,0.9835,0.9516,0.0428
11,9,1,10,0.1827,0.5443,0.8726,0.0275,0.0879
11,9,1,11,0.3183,0.2936,0.9757,0.2318,0.0220
11,9,2,0,0.8142,0.7975,0.9261,0.7940,0.0773
11,9,2,1,0.9867,0.9885,0.9994,0.9858,0.0201
11,9,2,2,0.4291,0.5159,0.9278,0.3417,0.0559
11,9,2,3,0.6567,0.6673,0.9692,0.6057,0.0714
11,9,2,4,0.9252,0.9285,0.9910,0.9187,0.0491
11,9,2,5,0.7227,0.7121,0.9301,0.6842,0.0745
11,9,2,6,0.9849,0.9881,0.9998,0.9835,0.0169
11,9,2,7,0.7316,0.7299,0.9131,0.6963,0.0841
11,9,2,8,0.7585,0.7265,0.9151,0.7264,0.0685
11,9,2,9,0.5303,0.5437,0.9193,0.4557,0.0693
11,9,2,10,0.8508,0.8342,0.9378,0.8379,0.0756
11,9,2,11,0.9875,0.9864,0.9978,0.9878,0.0285
11,9,3,0,0.9942,0.9941,0.9996,0.9935,0.0068
11,9,3,1,0.9118,0.8962,0.9192,0.9038,0.0531
11,9,3,2,0.4043,0.5202,0.9448,0.3115,0.0577
11,9,3,3,0.9579,0.9625,0.9944,0.9536,0.0281
11,9,3,4,0.9983,0.9985,0.9998,0.9981,0.0024
11,9,3,5,0.9528,0.9508,0.9812,0.9500,0.0436
11,9,3,6,0.5840,0.5839,0.9124,0.5176,0.0775
11,9,3,7,0.6013,0.5852,0.9650,0.5420,0.0603
11,9,3,8,0.7732,0.7308,0.8666,0.7440,0.0719
11,9,3,9,0.5742,0.6934,0.9266,0.5167,0.0356
11,9,3,10,0.9636,0.9482,0.9990,0.9611,0.0352
11,9,3,11,0.7045,0.7224,0.9791,0.6627,0.0607
11,9,4,0,0.6403,0.6225,0.9125,0.5925,0.0325
11,9,4,1,0.9000,0.8908,0.9327,0.8902,0.0534
11,9,4,2,0.9918,0.9905,0.9991,0.9913,0.0164
11,9,4,3,0.7360,0.7687,0.9788,0.6994,0.0609
11,9,4,4,0.9763,0.9706,0.9946,0.9744,0.0269
11,9,4,5,0.7136,0.7406,0.9783,0.6737,0.0523
11,9,4,6,0.9209,0.9117,0.9651,0.9146,0.0516
11,9,4,7,0.5198,0.5094,0.9664,0.4497,0.0485
11,9,4,8,0.9951,0.9952,0.9999,0.9947,0.0098
11,9,4,9,0.8891,0.8623,0.8609,0.8793,0.0607
11,9,4,10,0.9992,0.9994,1.0000,0.9991,0.0017
11,9,4,11,0.2024,0.3418,0.9996,0.1169,0.0070
11,9,5,0,0.9805,0.9716,0.9994,0.9783,0.0104
11,9,5,1,0.9975,0.9979,0.9995,0.9974,0.0064
11,9,5,2,0.7937,0.7671,0.8946,0.7675,0.0644
11,9,5,3,0.8246,0.7848,0.8310,0.8061,0.0735
11,9,5,4,0.7546,0.7058,0.9143,0.7212,0.0569
11,9,5,5,0.9967,0.9962,1.0000,0.9963,0.0026
11,9,5,6,0.9299,0.9167,1.0000,0.9217,0.0287
11,9,5,7,0.9187,0.9259,0.9763,0.9093,0.0287
11,9,5,8,0.9753,0.9709,0.9999,0.9727,0.0178
11,9,5,9,0.9990,0.9991,0.9999,0.9989,0.0014
11,9,5,10,0.9783,0.9732,0.9978,0.9765,0.0239
11,9,5,11,0.9865,0.9841,0.9994,0.9855,0.0193
11,9,6,0,0.6935,0.6820,0.8731,0.6493,0.0714
11,9,6,1,0.9669,0.9682,0.9998,0.9630,0.0066
11,9,6,2,0.9961,0.9956,0.9987,0.9959,0.0101
11,9,6,3,0.9691,0.9720,0.9999,0.9657,0.0209
11,9,6,4,0.9322,0.9318,0.9977,0.9264,0.0457
11,9,6,5,0.9776,0.9745,0.9968,0.9766,0.0310
11,9,6,6,0.9983,0.9976,1.0000,0.9981,0.0046
11,9,6,7,0.9140,0.9178,0.9970,0.9053,0.0454
11,9,6,8,0.9248,0.9203,0.9895,0.9175,0.0455
11,9,6,9,0.9976,0.9982,0.9997,0.9975,0.0058
11,9,6,10,0.9992,0.9992,0.9997,0.9991,0.0031
11,9,6,11,0.7896,0.7679,0.8549,0.7630,0.0670
11,9,7,0,0.6687,0.7172,0.9791,0.6229,0.0470
11,9,7,1,0.9921,0.9929,1.0000,0.9913,0.0123
11,9,7,2,0.9979,0.9990,0.9996,0.9978,0.0052
11,9,7,3,0.9422,0.9358,0.9946,0.9372,0.0415
11,9,7,4,0.9243,0.9121,0.9976,0.9157,0.0346
11,9,7,5,0.9874,0.9864,0.9927,0.9872,0.0258
11,9,7,6,0.9970,0.9979,0.9999,0.9968,0.0083
11,9,7,7,0.9978,0.9974,0.9999,0.9976,0.0052
11,9,7,8,0.9356,0.9258,0.9845,0.9294,0.0401
11,9,7,9,0.8795,0.8520,0.9159,0.8653,0.0438
11,9,7,10,0.9985,0.9987,1.0000,0.9984,0.0042
11,9,7,11,0.9980,0.9989,0.9999,0.9978,0.0042
11,9,8,0,0.9899,0.9902,0.9937,0.9892,0.0164
11,9,8,1,0.9985,0.9986,1.0000,0.9984,0.0035
11,9,8,2,0.9915,0.9918,0.9982,0.9912,0.0195
11,9,8,3,0.9963,0.9967,1.0000,0.9959,0.0064
11,9,8,4,0.7838,0.8472,0.9214,0.7551,0.0496
11,9,8,5,0.8525,0.8242,0.9638,0.8351,0.0548
11,9,8,6,0.9981,0.9986,0.9998,0.9979,0.0035
11,9,8,7,0.7225,0.7422,0.9613,0.6847,0.0474
11,9,8,8,0.9557,0.9557,0.9935,0.9525,0.0383
11,9,8,9,0.9817,0.9847,0.9996,0.9804,0.0243
11,9,8,10,0.9880,0.9852,0.9958,0.9878,0.0232
11,9,8,11,0.9964,0.9966,0.9999,0.9960,0.0030
11,9,9,0,0.9671,0.9693,1.0000,0.9634,0.0177
11,9,9,1,0.9975,0.9978,0.9999,0.9972,0.0031
11,9,9,2,0.9936,0.9940,1.0000,0.9929,0.0088
11,9,9,3,0.7242,0.6972,0.8820,0.6857,0.0691
11,9,9,4,0.9981,0.9988,1.0000,0.9979,0.0034
11,9,9,5,0.9921,0.9923,1.0000,0.9915,0.0123
11,9,9,6,0.9986,0.9987,0.9996,0.9985,0.0051
11,9,9,7,0.9685,0.9723,0.9995,0.9657,0.0282
11,9,9,8,0.9983,0.9981,0.9998,0.9981,0.0020
11,9,9,9,0.9990,0.9991,0.9998,0.9990,0.0047
11,9,9,10,0.8164,0.8040,0.9582,0.7932,0.0559
11,9,9,11,0.9984,0.9986,0.9998,0.9983,0.0049
11,9,10,0,0.9978,0.9981,0.9997,0.9976,0.0024
11,9,10,1,0.9994,0.9994,0.9997,0.9994,0.0017
11,9,10,2,0.9990,0.9992,1.0000,0.9989,0.0026
11,9,10,3,0.9946,0.9932,0.9960,0.9942,0.0115
11,9,10,4,0.9670,0.9654,0.9955,0.9638,0.0256
11,9,10,5,0.8754,0.8546,0.9852,0.8601,0.0401
11,9,10,6,0.9959,0.9968,0.9999,0.9954,0.0049
11,9,10,7,0.9963,0.9955,0.9998,0.9960,0.0093
11,9,10,8,0.9987,0.9988,0.9998,0.9986,0.0047
11,9,10,9,0.8764,0.8511,0.9854,0.8626,0.0497
11,9,10,10,0.9987,0.9987,0.9997,0.9986,0.0046
11,9,10,11,0.8284,0.8353,0.9878,0.8068,0.0268
11,9,11,0,0.5772,0.5955,0.7290,0.5068,0.0950
11,9,11,1,0.9908,0.9914,0.9950,0.9906,0.0206
11,9,11,2,0.9989,0.9988,0.9995,0.9987,0.0022
11,9,11,3,0.8789,0.8833,0.9193,0.8692,0.0640
11,9,11,4,0.9910,0.9884,0.9806,0.9916,0.0260
11,9,11,5,0.9862,0.9875,0.9989,0.9847,0.0076
11,9,11,6,0.9993,0.9992,1.0000,0.9992,0.0029
11,9,11,7,0.9923,0.9903,0.9964,0.9918,0.0156
11,9,11,8,0.1629,0.4993,0.9492,0.0233,0.0678
11,9,11,9,1.0000,1.0000,1.0000,1.0000,0.0000
11,9,11,10,0.9360,0.9242,0.9317,0.9325,0.0508
11,9,11,11,0.9559,0.9507,0.9861,0.9531,0.0399
11,10,0,0,0.9203,0.9296,1.0000,0.9022,0.0281
11,10,0,1,0.2758,0.3834,0.9794,0.1684,0.0530
11,10,0,2,0.9229,0.9253,0.9762,0.9065,0.0340
11,10,0,3,0.3592,0.3998,0.9972,0.2559,0.0392
11,10,0,4,0.5403,0.5704,0.9961,0.4476,0.0115
11,10,0,5,0.3223,0.3862,0.9906,0.2179,0.0472
11,10,0,6,0.8592,0.8747,0.9980,0.8255,0.0375
11,10,0,7,0.7984,0.7867,0.9873,0.7480,0.0392
11,10,0,8,0.7395,0.7233,0.9997,0.6729,0.0357
11,10,0,9,0.8990,0.8917,0.9353,0.8783,0.0424
11,10,0,10,0.8592,0.8541,0.9685,0.8261,0.0404
11,10,0,11,0.9214,0.9177,0.9850,0.9056,0.0357
11,10,1,0,0.8176,0.8257,0.9978,0.7737,0.0350
11,10,1,1,0.9259,0.9100,0.9910,0.9090,0.0205
11,10,1,2,0.9158,0.9013,0.9940,0.8965,0.0332
11,10,1,3,0.9602,0.9527,0.9917,0.9519,0.0205
11,10,1,4,0.9616,0.9559,0.9919,0.9530,0.0226
11,10,1,5,0.9540,0.9464,0.9786,0.9444,0.0091
11,10,1,6,0.8915,0.9173,0.9792,0.8670,0.0164
11,10,1,7,0.9484,0.9436,0.9860,0.9369,0.0210
11,10,1,8,0.9669,0.9672,0.9995,0.9596,0.0148
11,10,1,9,0.9599,0.9570,0.9820,0.9520,0.0127
11,10,1,10,0.4029,0.7172,0.9904,0.2442,0.0432
11,10,1,11,0.4456,0.4571,0.9887,0.3499,0.0308
11,10,2,0,0.8889,0.8934,0.9999,0.8628,0.0302
11,10,2,1,0.9414,0.9459,0.9434,0.9339,0.0310
11,10,2,2,0.6164,0.7019,0.9999,0.5326,0.0146
11,10,2,3,0.7729,0.7894,0.9925,0.7195,0.0261
11,10,2,4,0.9217,0.9332,0.9720,0.9054,0.0098
11,10,2,5,0.8559,0.8516,1.0000,0.8216,0.0274
11,10,2,6,0.9528,0.9401,0.9381,0.9485,0.0346
11,10,2,7,0.8468,0.8445,0.9988,0.8097,0.0370
11,10,2,8,0.8682,0.8687,0.9991,0.8374,0.0214
11,10,2,9,0.6585,0.6906,0.9995,0.5775,0.0222
11,10,2,10,0.9232,0.9139,0.9999,0.9059,0.0321
11,10,2,11,0.9638,0.9560,0.9537,0.9584,0.0252
11,10,3,0,0.9337,0.9321,0.9206,0.9289,0.0453
11,10,3,1,0.9502,0.9557,0.9995,0.9396,0.0131
11,10,3,2,0.5899,0.7071,0.9993,0.4987,0.0125
11,10,3,3,0.9463,0.9461,0.9650,0.9388,0.0258
11,10,3,4,0.9324,0.9212,0.9235,0.9292,0.0531
11,10,3,5,0.9459,0.9512,0.9843,0.9351,0.0153
11,10,3,6,0.7238,0.7456,0.9987,0.6550,0.0312
11,10,3,7,0.7270,0.7334,0.9944,0.6664,0.0182
11,10,3,8,0.8883,0.8765,0.9886,0.8623,0.0261
11,10,3,9,0.6947,0.8454,0.9999,0.6377,0.0184
11,10,3,10,0.9554,0.9500,0.9467,0.9477,0.0164
11,10,3,11,0.7633,0.8058,0.9861,0.7108,0.0178
11,10,4,0,0.7672,0.7957,0.9988,0.7250,0.0201
11,10,4,1,0.9214,0.9517,1.0000,0.9046,0.0134
11,10,4,2,0.9536,0.9527,0.9462,0.9489,0.0346
11,10,4,3,0.7788,0.7990,0.9864,0.7295,0.0177
11,10,4,4,0.9426,0.9389,0.9644,0.9341,0.0239
11,10,4,5,0.7799,0.8515,0.9868,0.7333,0.0155
11,10,4,6,0.9331,0.9280,0.9943,0.9187,0.0163
11,10,4,7,0.6569,0.6429,0.9938,0.5853,0.0148
11,10,4,8,0.9411,0.9318,0.9266,0.9361,0.0412
11,10,4,9,0.9147,0.9190,0.9869,0.8955,0.0131
11,10,4,10,0.9347,0.9231,0.9287,0.9317,0.0517
11,10,4,11,0.3543,0.5157,0.9213,0.2623,0.0577
11,10,5,0,0.9191,0.9201,0.9183,0.9114,0.0417
11,10,5,1,0.9232,0.9128,0.9192,0.9206,0.0572
11,10,5,2,0.8455,0.8630,0.9958,0.8101,0.0163
11,10,5,3,0.9138,0.9144,0.9763,0.8940,0.0269
11,10,5,4,0.8418,0.8382,0.9990,0.8067,0.0122
11,10,5,5,0.9327,0.9305,0.9295,0.9288,0.0500
11,10,5,6,0.9003,0.9198,0.9306,0.8847,0.0278
11,10,5,7,0.9374,0.9471,0.9882,0.9275,0.0223
11,10,5,8,0.9331,0.9473,0.9359,0.9251,0.0329
11,10,5,9,0.9353,0.9230,0.9274,0.9319,0.0514
11,10,5,10,0.9384,0.9366,0.9537,0.9296,0.0269
11,10,5,11,0.9478,0.9357,0.9438,0.9417,0.0315
11,10,6,0,0.7916,0.8113,0.9906,0.7422,0.0248
11,10,6,1,0.9197,0.9127,0.9382,0.9124,0.0447
11,10,6,2,0.9452,0.9423,0.9489,0.9403,0.0407
11,10,6,3,0.9212,0.9121,0.9377,0.9109,0.0317
11,10,6,4,0.9385,0.9508,0.9542,0.9259,0.0098
11,10,6,5,0.9463,0.9404,0.9578,0.9374,0.0219
11,10,6,6,0.9403,0.9333,0.9321,0.9366,0.0470
11,10,6,7,0.9150,0.9131,0.9569,0.8979,0.0117
11,10,6,8,0.9059,0.9257,0.9745,0.8870,0.0115
11,10,6,9,0.9245,0.9147,0.9232,0.9218,0.0565
11,10,6,10,0.9319,0.9188,0.9221,0.9287,0.0539
11,10,6,11,0.8679,0.9062,0.9849,0.8372,0.0186
11,10,7,0,0.7725,0.8605,0.9861,0.7271,0.0177
11,10,7,1,0.9504,0.9397,0.9316,0.9466,0.0384
11,10,7,2,0.9250,0.9175,0.9216,0.9220,0.0558
11,10,7,3,0.9313,0.9458,0.9645,0.9181,0.0156
11,10,7,4,0.8874,0.9206,0.9545,0.8677,0.0211
11,10,7,5,0.9608,0.9581,0.9688,0.9554,0.0249
11,10,7,6,0.9448,0.9318,0.9277,0.9407,0.0428
11,10,7,7,0.9378,0.9270,0.9274,0.9341,0.0471
11,10,7,8,0.9470,0.9511,0.9810,0.9371,0.0138
11,10,7,9,0.8898,0.9113,0.9991,0.8679,0.0112
11,10,7,10,0.9283,0.9191,0.9286,0.9254,0.0550
11,10,7,11,0.9290,0.9240,0.9256,0.9257,0.0542
11,10,8,0,0.9466,0.9445,0.9666,0.9406,0.0344
11,10,8,1,0.9328,0.9228,0.9308,0.9297,0.0512
11,10,8,2,0.9543,0.9516,0.9518,0.9490,0.0320
11,10,8,3,0.9422,0.9326,0.9343,0.9383,0.0443
11,10,8,4,0.8291,0.9239,0.9996,0.7940,0.0167
11,10,8,5,0.8932,0.9133,0.9948,0.8703,0.0153
11,10,8,6,0.9362,0.9224,0.9242,0.9330,0.0501
11,10,8,7,0.8126,0.8721,0.9957,0.7752,0.0189
11,10,8,8,0.9600,0.9691,0.9670,0.9527,0.0148
11,10,8,9,0.9471,0.9376,0.9421,0.9400,0.0273
11,10,8,10,0.9578,0.9588,0.9612,0.9522,0.0275
11,10,8,11,0.9408,0.9317,0.9266,0.9375,0.0483
11,10,9,0,0.9572,0.9531,0.9290,0.9538,0.0344
11,10,9,1,0.9384,0.9285,0.9371,0.9349,0.0481
11,10,9,2,0.9475,0.9362,0.9352,0.9440,0.0422
11,10,9,3,0.8430,0.8705,0.9929,0.8060,0.0215
11,10,9,4,0.9404,0.9287,0.9283,0.9376,0.0489
11,10,9,5,0.9540,0.9471,0.9341,0.9504,0.0384
11,10,9,6,0.9283,0.9156,0.9214,0.9257,0.0559
11,10,9,7,0.9375,0.9411,0.9429,0.9279,0.0226
11,10,9,8,0.9342,0.9248,0.9242,0.9308,0.0512
11,10,9,9,0.9296,0.9170,0.9241,0.9269,0.0555
11,10,9,10,0.8530,0.8981,0.9967,0.8208,0.0143
11,10,9,11,0.9296,0.9179,0.9248,0.9269,0.0556
11,10,10,0,0.9368,0.9243,0.9222,0.9337,0.0508
11,10,10,1,0.9326,0.9191,0.9230,0.9292,0.0522
11,10,10,2,0.9369,0.9254,0.9332,0.9335,0.0497
11,10,10,3,0.9437,0.9401,0.9605,0.9384,0.0392
11,10,10,4,0.9690,0.9713,0.9619,0.9658,0.0252
11,10,10,5,0.8456,0.8725,0.9802,0.8169,0.0180
11,10,10,6,0.9409,0.9296,0.9257,0.9371,0.0462
11,10,10,7,0.9515,0.9453,0.9395,0.9482,0.0415
11,10,10,8,0.9288,0.9164,0.9247,0.9259,0.0555
11,10,10,9,0.8692,0.8976,0.9799,0.8415,0.0084
11,10,10,10,0.9293,0.9161,0.9231,0.9265,0.0554
11,10,10,11,0.9101,0.9182,0.9769,0.8963,0.0258
11,10,11,0,0.7462,0.7856,0.9278,0.6790,0.0460
11,10,11,1,0.9599,0.9536,0.9632,0.9552,0.0302
11,10,11,2,0.9356,0.9257,0.9425,0.9321,0.0506
11,10,11,3,0.9526,0.9655,0.9995,0.9421,0.0156
11,10,11,4,0.9619,0.9585,0.9848,0.9563,0.0256
11,10,11,5,0.9357,0.9257,0.9476,0.9312,0.0445
11,10,11,6,0.9329,0.9199,0.9282,0.9297,0.0534
11,10,11,7,0.9492,0.9492,0.9592,0.9440,0.0352
11,10,11,8,0.4182,0.6938,0.9987,0.2830,0.0234
11,10,11,9,0.9360,0.9242,0.9317,0.9325,0.0508
11,10,11,10,1.0000,1.0000,1.0000,1.0000,0.0000
11,10,11,11,0.9660,0.9797,0.9791,0.9596,0.0112
11,11,0,0,0.9366,0.9427,0.9807,0.9258,0.0332
11,11,0,1,0.1953,0.3074,1.0000,0.0832,0.0421
11,11,0,2,0.9197,0.9185,0.9117,0.9074,0.0420
11,11,0,3,0.3006,0.3383,0.9916,0.1950,0.0304
11,11,0,4,0.5173,0.5453,0.9932,0.4269,0.0119
11,11,0,5,0.2539,0.3100,0.9977,0.1460,0.0363
11,11,0,6,0.8615,0.8902,0.9901,0.8334,0.0434
11,11,0,7,0.7623,0.7839,0.9344,0.7094,0.0478
11,11,0,8,0.6877,0.6896,0.9737,0.6155,0.0437
11,11,0,9,0.8798,0.8685,0.8437,0.8601,0.0517
11,11,0,10,0.8245,0.8117,0.8975,0.7887,0.0505
11,11,0,11,0.9075,0.9026,0.9292,0.8933,0.0445
11,11,1,0,0.8378,0.8472,0.9905,0.8039,0.0409
11,11,1,1,0.9234,0.9281,0.9975,0.9087,0.0266
11,11,1,2,0.9076,0.9186,0.9954,0.8899,0.0383
11,11,1,3,0.9525,0.9279,0.9449,0.9453,0.0256
11,11,1,4,0.9690,0.9736,0.9970,0.9637,0.0240
11,11,1,5,0.9547,0.9663,1.0000,0.9460,0.0110
11,11,1,6,0.9172,0.9318,1.0000,0.9009,0.0226
11,11,1,7,0.9582,0.9663,0.9993,0.9505,0.0216
11,11,1,8,0.9574,0.9747,0.9851,0.9497,0.0194
11,11,1,9,0.9635,0.9775,0.9999,0.9565,0.0089
11,11,1,10,0.3259,0.6716,0.9416,0.1606,0.0501
11,11,1,11,0.3991,0.3961,0.9985,0.3019,0.0231
11,11,2,0,0.9072,0.9075,0.9759,0.8897,0.0384
11,11,2,1,0.9690,0.9724,0.9911,0.9649,0.0201
11,11,2,2,0.5734,0.6938,0.9768,0.4873,0.0205
11,11,2,3,0.7825,0.8092,0.9966,0.7365,0.0331
11,11,2,4,0.9534,0.9568,0.9995,0.9444,0.0129
11,11,2,5,0.8300,0.8552,0.9781,0.7943,0.0357
11,11,2,6,0.9510,0.9665,0.9890,0.9448,0.0245
11,11,2,7,0.8325,0.8528,0.9681,0.7975,0.0453
11,11,2,8,0.8677,0.8660,0.9693,0.8407,0.0296
11,11,2,9,0.6716,0.7117,0.9718,0.6007,0.0307
11,11,2,10,0.9250,0.9284,0.9824,0.9118,0.0373
11,11,2,11,0.9799,0.9788,0.9949,0.9767,0.0146
11,11,3,0,0.9594,0.9556,0.9808,0.9564,0.0344
11,11,3,1,0.9352,0.9497,0.9718,0.9226,0.0174
11,11,3,2,0.5590,0.6919,0.9861,0.4686,0.0197
11,11,3,3,0.9507,0.9529,0.9982,0.9431,0.0173
11,11,3,4,0.9576,0.9480,0.9822,0.9558,0.0422
11,11,3,5,0.9538,0.9774,0.9996,0.9451,0.0118
11,11,3,6,0.7151,0.7476,0.9677,0.6514,0.0392
11,11,3,7,0.7224,0.7229,0.9951,0.6659,0.0236
11,11,3,8,0.8528,0.8571,0.9374,0.8224,0.0338
11,11,3,9,0.6691,0.8285,0.9761,0.6111,0.0156
11,11,3,10,0.9728,0.9663,0.9925,0.9680,0.0087
11,11,3,11,0.8046,0.8372,0.9993,0.7651,0.0232
11,11,4,0,0.7569,0.7803,0.9678,0.7150,0.0144
11,11,4,1,0.9487,0.9537,0.9796,0.9388,0.0156
11,11,4,2,0.9693,0.9743,0.9923,0.9657,0.0237
11,11,4,3,0.8086,0.8346,0.9992,0.7697,0.0234
11,11,4,4,0.9641,0.9680,0.9980,0.9586,0.0132
11,11,4,5,0.8240,0.8564,0.9991,0.7896,0.0182
11,11,4,6,0.9411,0.9545,0.9952,0.9297,0.0153
11,11,4,7,0.6240,0.6272,0.9957,0.5513,0.0165
11,11,4,8,0.9575,0.9644,0.9837,0.9533,0.0303
11,11,4,9,0.9077,0.9147,0.9334,0.8894,0.0214
11,11,4,10,0.9551,0.9499,0.9847,0.9527,0.0408
11,11,4,11,0.3479,0.5039,0.9811,0.2606,0.0468
11,11,5,0,0.9653,0.9607,0.9796,0.9629,0.0311
11,11,5,1,0.9502,0.9396,0.9801,0.9488,0.0463
11,11,5,2,0.8490,0.8583,0.9564,0.8181,0.0253
11,11,5,3,0.9135,0.8982,0.9118,0.8973,0.0346
11,11,5,4,0.8301,0.8319,0.9688,0.7958,0.0181
11,11,5,5,0.9575,0.9532,0.9851,0.9551,0.0391
11,11,5,6,0.9175,0.9266,0.9856,0.9044,0.0206
11,11,5,7,0.9161,0.9474,0.9987,0.9021,0.0153
11,11,5,8,0.9665,0.9728,0.9880,0.9628,0.0220
11,11,5,9,0.9572,0.9493,0.9841,0.9547,0.0405
11,11,5,10,0.9631,0.9625,0.9950,0.9577,0.0163
11,11,5,11,0.9604,0.9635,0.9913,0.9552,0.0206
11,11,6,0,0.8064,0.8108,0.9419,0.7655,0.0325
11,11,6,1,0.9130,0.9438,0.9890,0.9028,0.0338
11,11,6,2,0.9663,0.9653,0.9933,0.9631,0.0298
11,11,6,3,0.9363,0.9541,0.9888,0.9274,0.0230
11,11,6,4,0.9610,0.9690,0.9951,0.9535,0.0081
11,11,6,5,0.9633,0.9713,0.9962,0.9571,0.0123
11,11,6,6,0.9616,0.9566,0.9863,0.9590,0.0361
11,11,6,7,0.9269,0.9550,0.9960,0.9130,0.0105
11,11,6,8,0.9497,0.9489,0.9998,0.9402,0.0101
11,11,6,9,0.9511,0.9404,0.9821,0.9495,0.0457
11,11,6,10,0.9549,0.9461,0.9815,0.9527,0.0430
11,11,6,11,0.8753,0.8836,0.9291,0.8500,0.0274
11,11,7,0,0.7792,0.8316,0.9993,0.7380,0.0199
11,11,7,1,0.9519,0.9636,0.9861,0.9465,0.0275
11,11,7,2,0.9528,0.9439,0.9813,0.9512,0.0449
11,11,7,3,0.9697,0.9709,0.9981,0.9641,0.0094
11,11,7,4,0.9476,0.9485,0.9952,0.9388,0.0142
11,11,7,5,0.9670,0.9738,0.9990,0.9618,0.0140
11,11,7,6,0.9572,0.9596,0.9842,0.9531,0.0319
11,11,7,7,0.9554,0.9553,0.9841,0.9522,0.0362
11,11,7,8,0.9600,0.9664,1.0000,0.9526,0.0094
11,11,7,9,0.9290,0.9141,0.9698,0.9157,0.0100
11,11,7,10,0.9516,0.9432,0.9847,0.9496,0.0441
11,11,7,11,0.9560,0.9487,0.9832,0.9542,0.0433
11,11,8,0,0.9642,0.9572,0.9985,0.9597,0.0235
11,11,8,1,0.9487,0.9505,0.9857,0.9455,0.0403
11,11,8,2,0.9638,0.9735,0.9943,0.9588,0.0209
11,11,8,3,0.9527,0.9576,0.9873,0.9484,0.0335
11,11,8,4,0.8411,0.9128,0.9731,0.8108,0.0160
11,11,8,5,0.9320,0.9211,0.9947,0.9187,0.0171
11,11,8,6,0.9476,0.9512,0.9826,0.9437,0.0392
11,11,8,7,0.8085,0.8376,0.9937,0.7728,0.0193
11,11,8,8,0.9781,0.9843,0.9986,0.9741,0.0071
11,11,8,9,0.9496,0.9678,0.9906,0.9420,0.0185
11,11,8,10,0.9762,0.9738,0.9972,0.9728,0.0167
11,11,8,11,0.9620,0.9555,0.9837,0.9596,0.0374
11,11,9,0,0.9626,0.9673,0.9849,0.9584,0.0245
11,11,9,1,0.9496,0.9549,0.9885,0.9456,0.0373
11,11,9,2,0.9494,0.9616,0.9877,0.9443,0.0314
11,11,9,3,0.8409,0.8321,0.9480,0.8078,0.0303
11,11,9,4,0.9501,0.9541,0.9845,0.9464,0.0380
11,11,9,5,0.9711,0.9655,0.9872,0.9685,0.0275
11,11,9,6,0.9516,0.9423,0.9812,0.9497,0.0450
11,11,9,7,0.9472,0.9699,0.9910,0.9387,0.0132
11,11,9,8,0.9547,0.9507,0.9826,0.9520,0.0403
11,11,9,9,0.9519,0.9439,0.9825,0.9498,0.0446
11,11,9,10,0.9016,0.9037,0.9924,0.8822,0.0181
11,11,9,11,0.9536,0.9436,0.9829,0.9518,0.0447
11,11,10,0,0.9556,0.9496,0.9816,0.9530,0.0399
11,11,10,1,0.9518,0.9471,0.9820,0.9489,0.0413
11,11,10,2,0.9592,0.9523,0.9868,0.9568,0.0388
11,11,10,3,0.9619,0.9583,0.9970,0.9578,0.0283
11,11,10,4,0.9624,0.9738,0.9974,0.9568,0.0148
11,11,10,5,0.9043,0.9030,1.0000,0.8874,0.0152
11,11,10,6,0.9571,0.9539,0.9833,0.9537,0.0353
11,11,10,7,0.9650,0.9661,0.9896,0.9618,0.0306
11,11,10,8,0.9521,0.9423,0.9828,0.9500,0.0446
11,11,10,9,0.9232,0.9211,1.0000,0.9082,0.0117
11,11,10,10,0.9518,0.9424,0.9820,0.9497,0.0445
11,11,10,11,0.8808,0.8955,0.9999,0.8616,0.0173
11,11,11,0,0.6939,0.7117,0.8325,0.6209,0.0559
11,11,11,1,0.9633,0.9700,0.9978,0.9581,0.0193
11,11,11,2,0.9547,0.9471,0.9908,0.9517,0.0397
11,11,11,3,0.9160,0.9445,0.9719,0.8998,0.0247
11,11,11,4,0.9699,0.9682,0.9995,0.9650,0.0157
11,11,11,5,0.9332,0.9533,0.9928,0.9263,0.0352
11,11,11,6,0.9538,0.9455,0.9845,0.9513,0.0425
11,11,11,7,0.9635,0.9672,0.9967,0.9592,0.0243
11,11,11,8,0.3118,0.6372,0.9883,0.1639,0.0308
11,11,11,9,0.9559,0.9507,0.9861,0.9531,0.0399
11,11,11,10,0.9660,0.9797,0.9791,0.9596,0.0112
11,11,11,11,1.0000,1.0000,1.0000,1.0000,0.0000
