li,hi,lj,hj,cosine,wavelet,energy_profile,pearson,emd
0,0,0,0,1.0000,1.0000,1.0000,1.0000,0.0000
0,0,0,1,0.6199,0.7568,0.8283,0.1838,0.0327
0,0,0,2,0.3627,0.5685,0.5603,-0.1072,0.0784
0,0,0,3,0.3941,0.5266,0.5702,-0.0294,0.0775
0,0,0,4,0.6232,0.8057,0.9491,0.0153,0.0139
0,0,0,5,0.6101,0.7614,0.7864,0.1793,0.0380
0,0,0,6,0.7673,0.8876,0.9914,0.2430,0.0172
0,0,0,7,0.6501,0.8052,0.8356,0.2151,0.0377
0,0,0,8,0.7289,0.8506,0.9673,0.2171,0.0244
0,0,0,9,0.5483,0.7187,0.7702,0.0173,0.0371
0,0,0,10,0.3626,0.5037,0.4909,-0.0212,0.0845
0,0,0,11,0.4933,0.6492,0.6597,-0.0126,0.0450
0,0,1,0,0.4278,0.6732,0.7159,-0.1432,0.0621
0,0,1,1,0.3297,0.5288,0.4613,-0.1135,0.0811
0,0,1,2,0.4177,0.6575,0.6587,-0.0631,0.0542
0,0,1,3,0.4986,0.7333,0.8109,-0.0980,0.0350
0,0,1,4,0.2707,0.4878,0.3978,-0.1446,0.0927
0,0,1,5,0.4187,0.6761,0.7248,-0.1602,0.0548
0,0,1,6,0.1779,0.3558,0.3232,-0.2037,0.1209
0,0,1,7,0.2979,0.5409,0.5323,-0.1765,0.0784
0,0,1,8,0.5457,0.7528,0.8765,-0.0678,0.0401
0,0,1,9,0.3803,0.5959,0.6054,-0.1529,0.0594
0,0,1,10,0.4271,0.6395,0.7037,-0.0833,0.0486
0,0,1,11,0.5301,0.6576,0.6410,0.0923,0.0543
0,0,2,0,0.2507,0.3982,0.3250,-0.0099,0.1279
0,0,2,1,0.3004,0.4851,0.4176,-0.1190,0.0900
0,0,2,2,0.2918,0.5199,0.4807,-0.1334,0.0842
0,0,2,3,0.3468,0.5967,0.6057,-0.1820,0.0684
0,0,2,4,0.4395,0.6686,0.7432,-0.1319,0.0516
0,0,2,5,0.4471,0.7253,0.8202,-0.2424,0.0356
0,0,2,6,0.4847,0.6028,0.5907,0.0761,0.0630
0,0,2,7,0.4636,0.6977,0.8108,-0.0806,0.0397
0,0,2,8,0.4442,0.7210,0.7256,-0.1042,0.0529
0,0,2,9,0.2588,0.4030,0.3272,0.0016,0.1260
0,0,2,10,0.3824,0.5945,0.5629,-0.0197,0.0751
0,0,2,11,0.4024,0.6614,0.6652,-0.1069,0.0500
0,0,3,0,0.4468,0.5366,0.4998,0.1099,0.0930
0,0,3,1,0.5848,0.7125,0.8153,0.1100,0.0397
0,0,3,2,0.5357,0.7222,0.7692,0.0805,0.0501
0,0,3,3,0.5402,0.6923,0.7712,0.0630,0.0541
0,0,3,4,0.6995,0.7884,0.8443,0.4256,0.0379
0,0,3,5,0.2694,0.4926,0.4249,-0.1382,0.1003
0,0,3,6,0.5392,0.7111,0.8238,-0.0016,0.0510
0,0,3,7,0.4981,0.7015,0.7965,-0.0579,0.0499
0,0,3,8,0.5502,0.6972,0.7247,0.1510,0.0520
0,0,3,9,0.3079,0.4784,0.4057,-0.0563,0.0954
0,0,3,10,0.4834,0.6426,0.5836,0.0946,0.0661
0,0,3,11,0.4559,0.5980,0.6296,0.0222,0.0605
0,0,4,0,0.4712,0.5593,0.5277,0.2301,0.0813
0,0,4,1,0.5457,0.7469,0.8182,-0.0054,0.0366
0,0,4,2,0.4574,0.5878,0.6039,0.0960,0.0596
0,0,4,3,0.3794,0.3609,0.3457,0.2286,0.1175
0,0,4,4,0.6345,0.7483,0.7253,0.4038,0.0520
0,0,4,5,0.4363,0.5008,0.4561,0.1847,0.0862
0,0,4,6,0.4828,0.5679,0.5039,0.2728,0.0808
0,0,4,7,0.4410,0.4467,0.3883,0.2756,0.0990
0,0,4,8,0.4812,0.5136,0.5028,0.2634,0.0778
0,0,4,9,0.5533,0.5974,0.6158,0.2903,0.0594
0,0,4,10,0.4772,0.5625,0.5429,0.1976,0.0705
0,0,4,11,0.4290,0.5180,0.4501,0.2142,0.0978
0,0,5,0,0.4221,0.4660,0.4454,0.1792,0.0886
0,0,5,1,0.3976,0.3662,0.3428,0.2524,0.1147
0,0,5,2,0.5411,0.6235,0.6619,0.2886,0.0594
0,0,5,3,0.4571,0.5461,0.5371,0.1693,0.0714
0,0,5,4,0.5116,0.5935,0.6436,0.2091,0.0620
0,0,5,5,0.4071,0.3844,0.3659,0.2611,0.1111
0,0,5,6,0.4086,0.3870,0.3570,0.2447,0.1097
0,0,5,7,0.4133,0.4298,0.3899,0.2130,0.0940
0,0,5,8,0.5167,0.5841,0.6145,0.2429,0.0612
0,0,5,9,0.3952,0.4973,0.4530,0.1276,0.0970
0,0,5,10,0.4991,0.5669,0.5399,0.2514,0.0802
0,0,5,11,0.4776,0.5123,0.4631,0.3278,0.0905
0,0,6,0,0.3691,0.4246,0.3698,0.1536,0.0997
0,0,6,1,0.4718,0.6025,0.5747,0.1412,0.0608
0,0,6,2,0.4297,0.5001,0.4865,0.1314,0.0771
0,0,6,3,0.4553,0.4458,0.3865,0.3171,0.1028
0,0,6,4,0.4669,0.5042,0.4647,0.2521,0.0871
0,0,6,5,0.4538,0.5207,0.4515,0.1949,0.0827
0,0,6,6,0.4671,0.5092,0.4890,0.2149,0.0808
0,0,6,7,0.5922,0.6419,0.6781,0.3188,0.0529
0,0,6,8,0.4957,0.5420,0.5324,0.2299,0.0766
0,0,6,9,0.4839,0.5142,0.4908,0.2377,0.0793
0,0,6,10,0.4133,0.4882,0.4223,0.1821,0.0960
0,0,6,11,0.4004,0.4921,0.4287,0.1218,0.0989
0,0,7,0,0.4610,0.5621,0.5915,0.1263,0.0680
0,0,7,1,0.4660,0.5244,0.4938,0.2412,0.0810
0,0,7,2,0.4732,0.5165,0.4860,0.2705,0.0903
0,0,7,3,0.4165,0.3874,0.3708,0.2442,0.1052
0,0,7,4,0.4333,0.4688,0.4072,0.2356,0.0996
0,0,7,5,0.5474,0.6680,0.6925,0.2282,0.0548
0,0,7,6,0.3792,0.3654,0.3469,0.2021,0.1119
0,0,7,7,0.3522,0.3661,0.3497,0.1648,0.1182
0,0,7,8,0.4381,0.5605,0.6259,0.0701,0.0748
0,0,7,9,0.4563,0.4594,0.4272,0.2783,0.0953
0,0,7,10,0.3760,0.4523,0.4005,0.1245,0.1002
0,0,7,11,0.3704,0.4256,0.3944,0.1523,0.1065
0,0,8,0,0.4335,0.4768,0.4437,0.1935,0.0873
0,0,8,1,0.5134,0.5280,0.5760,0.2787,0.0731
0,0,8,2,0.3713,0.3394,0.3278,0.2241,0.1217
0,0,8,3,0.4924,0.5121,0.5327,0.2705,0.0795
0,0,8,4,0.4328,0.4799,0.4330,0.2290,0.0919
0,0,8,5,0.4111,0.4363,0.3966,0.2194,0.1005
0,0,8,6,0.3924,0.3768,0.3595,0.2213,0.1100
0,0,8,7,0.6168,0.7848,0.8833,0.1394,0.0307
0,0,8,8,0.6496,0.7553,0.8614,0.3348,0.0387
0,0,8,9,0.5294,0.5738,0.5880,0.2561,0.0622
0,0,8,10,0.3918,0.4486,0.4066,0.1487,0.0930
0,0,8,11,0.4798,0.5792,0.6052,0.1702,0.0670
0,0,9,0,0.4782,0.5280,0.5226,0.2084,0.0812
0,0,9,1,0.4810,0.5701,0.5440,0.1767,0.0761
0,0,9,2,0.5264,0.6742,0.7717,0.0883,0.0547
0,0,9,3,0.4569,0.5344,0.5460,0.1745,0.0776
0,0,9,4,0.4709,0.4963,0.5036,0.2499,0.0839
0,0,9,5,0.6389,0.7279,0.8325,0.3093,0.0417
0,0,9,6,0.4052,0.4065,0.3875,0.2073,0.1004
0,0,9,7,0.4132,0.4061,0.3666,0.2529,0.1075
0,0,9,8,0.6439,0.7512,0.8793,0.2045,0.0357
0,0,9,9,0.3874,0.3590,0.3461,0.2282,0.1162
0,0,9,10,0.5800,0.6786,0.7652,0.1217,0.0412
0,0,9,11,0.5169,0.6281,0.6570,0.1272,0.0636
0,0,10,0,0.6581,0.8154,0.9687,0.0186,0.0263
0,0,10,1,0.4668,0.6098,0.6593,0.0796,0.0777
0,0,10,2,0.5856,0.7120,0.8243,0.0460,0.0431
0,0,10,3,0.5223,0.6010,0.6896,0.1031,0.0650
0,0,10,4,0.4630,0.6430,0.7024,-0.0368,0.0637
0,0,10,5,0.5083,0.6170,0.6961,0.1023,0.0649
0,0,10,6,0.4853,0.6252,0.6724,0.0673,0.0684
0,0,10,7,0.6020,0.7119,0.8512,0.0512,0.0433
0,0,10,8,0.5270,0.5824,0.6815,0.1688,0.0747
0,0,10,9,0.5603,0.6212,0.7268,0.1984,0.0690
0,0,10,10,0.4213,0.5945,0.6004,-0.0218,0.0718
0,0,10,11,0.6109,0.8255,0.9443,-0.0454,0.0280
0,0,11,0,0.4573,0.5224,0.5527,0.1072,0.0899
0,0,11,1,0.4512,0.5349,0.5698,0.0763,0.0869
0,0,11,2,0.5863,0.6816,0.8209,0.0610,0.0405
0,0,11,3,0.4720,0.5339,0.5666,0.1232,0.0857
0,0,11,4,0.4732,0.5573,0.6070,0.0656,0.0763
0,0,11,5,0.4948,0.5927,0.6660,0.0882,0.0742
0,0,11,6,0.5001,0.5951,0.6658,0.0465,0.0664
0,0,11,7,0.4676,0.5241,0.5574,0.1305,0.0895
0,0,11,8,0.5639,0.6731,0.7818,0.1084,0.0503
0,0,11,9,0.6000,0.7102,0.8626,0.0252,0.0338
0,0,11,10,0.5307,0.5922,0.6773,0.1250,0.0638
0,0,11,11,0.4403,0.5012,0.5171,0.1151,0.0976
0,1,0,0,0.6199,0.7568,0.8283,0.1838,0.0327
0,1,0,1,1.0000,1.0000,1.0000,1.0000,0.0000
0,1,0,2,0.4653,0.6678,0.9187,0.2541,0.0469
0,1,0,3,0.4751,0.6234,0.9054,0.2693,0.0477
0,1,0,4,0.6413,0.8271,0.9615,0.3636,0.0217
0,1,0,5,0.5946,0.7589,0.9946,0.3397,0.0084
0,1,0,6,0.6123,0.7809,0.8929,0.2452,0.0200
0,1,0,7,0.6776,0.8388,0.9981,0.4566,0.0112
0,1,0,8,0.7378,0.8066,0.9412,0.5198,0.0148
0,1,0,9,0.3778,0.6899,0.9938,-0.0118,0.0176
0,1,0,10,0.4285,0.6504,0.8823,0.2327,0.0534
0,1,0,11,0.5284,0.7228,0.9650,0.2713,0.0154
0,1,1,0,0.2601,0.6634,0.9656,-0.1288,0.0335
0,1,1,1,0.2783,0.6090,0.8746,0.0138,0.0506
0,1,1,2,0.5011,0.7005,0.9654,0.2761,0.0248
0,1,1,3,0.4949,0.7436,0.9894,0.1849,0.0090
0,1,1,4,0.2256,0.5651,0.8377,-0.0161,0.0629
0,1,1,5,0.4005,0.6517,0.9630,0.0888,0.0256
0,1,1,6,0.2136,0.4129,0.7700,0.0298,0.0938
0,1,1,7,0.3492,0.5999,0.8917,0.1188,0.0498
0,1,1,8,0.4387,0.7199,0.9779,0.0565,0.0169
0,1,1,9,0.2468,0.6376,0.9249,-0.1005,0.0304
0,1,1,10,0.4141,0.6536,0.9733,0.1307,0.0198
0,1,1,11,0.3717,0.6470,0.9589,0.0320,0.0261
0,1,2,0,0.2948,0.5506,0.7973,0.1521,0.1019
0,1,2,1,0.2772,0.5192,0.8316,0.0380,0.0604
0,1,2,2,0.2842,0.5553,0.8707,0.0500,0.0557
0,1,2,3,0.3450,0.6252,0.9261,0.0658,0.0385
0,1,2,4,0.4726,0.7074,0.9762,0.1910,0.0218
0,1,2,5,0.5132,0.7354,0.9836,0.2122,0.0095
0,1,2,6,0.3331,0.6299,0.9406,0.0159,0.0327
0,1,2,7,0.5120,0.7079,0.9898,0.2484,0.0155
0,1,2,8,0.4574,0.7389,0.9812,0.1731,0.0218
0,1,2,9,0.2741,0.5440,0.7987,0.1218,0.1000
0,1,2,10,0.4170,0.6209,0.9217,0.1994,0.0471
0,1,2,11,0.4842,0.6754,0.9598,0.2489,0.0191
0,1,3,0,0.2741,0.5605,0.8761,-0.0151,0.0640
0,1,3,1,0.4304,0.7286,0.9841,0.0716,0.0125
0,1,3,2,0.2827,0.7214,0.9870,-0.1186,0.0203
0,1,3,3,0.4295,0.7200,0.9765,0.0994,0.0263
0,1,3,4,0.4272,0.6558,0.9937,0.0697,0.0091
0,1,3,5,0.3252,0.5574,0.8549,0.1256,0.0701
0,1,3,6,0.3362,0.7000,0.9665,-0.0768,0.0256
0,1,3,7,0.4844,0.7296,0.9781,0.1824,0.0200
0,1,3,8,0.5354,0.6788,0.9805,0.2881,0.0206
0,1,3,9,0.3439,0.5519,0.8428,0.1490,0.0646
0,1,3,10,0.4015,0.6661,0.9370,0.1269,0.0350
0,1,3,11,0.4141,0.6283,0.9282,0.1437,0.0292
0,1,4,0,0.3442,0.5909,0.8910,0.1123,0.0506
0,1,4,1,0.4487,0.7062,0.9967,0.0975,0.0105
0,1,4,2,0.2999,0.5820,0.9278,0.0048,0.0329
0,1,4,3,0.2121,0.3938,0.7779,0.0207,0.0903
0,1,4,4,0.3799,0.7011,0.9829,0.0657,0.0202
0,1,4,5,0.3122,0.5602,0.8348,0.0826,0.0550
0,1,4,6,0.2603,0.5665,0.8882,0.0008,0.0505
0,1,4,7,0.2368,0.4602,0.8261,0.0131,0.0707
0,1,4,8,0.2715,0.5252,0.8659,0.0139,0.0487
0,1,4,9,0.3029,0.6057,0.9242,-0.0081,0.0305
0,1,4,10,0.2837,0.5289,0.9015,0.0056,0.0384
0,1,4,11,0.2571,0.5577,0.8570,0.0258,0.0677
0,1,5,0,0.2742,0.5030,0.8299,0.0413,0.0592
0,1,5,1,0.1953,0.3773,0.7835,-0.0096,0.0866
0,1,5,2,0.2866,0.5893,0.9498,-0.0188,0.0314
0,1,5,3,0.2956,0.5247,0.8986,0.0312,0.0406
0,1,5,4,0.2855,0.5823,0.9247,-0.0243,0.0336
0,1,5,5,0.2073,0.4016,0.7930,0.0008,0.0849
0,1,5,6,0.2000,0.4022,0.7976,-0.0179,0.0811
0,1,5,7,0.2619,0.4722,0.8100,0.0480,0.0646
0,1,5,8,0.3270,0.5927,0.9350,0.0460,0.0310
0,1,5,9,0.2861,0.5691,0.8620,0.0622,0.0656
0,1,5,10,0.2636,0.5802,0.9010,-0.0223,0.0487
0,1,5,11,0.2591,0.5267,0.8565,0.0297,0.0606
0,1,6,0,0.2231,0.4447,0.8113,0.0126,0.0712
0,1,6,1,0.3286,0.5941,0.9211,0.0511,0.0297
0,1,6,2,0.2576,0.4801,0.8736,-0.0109,0.0474
0,1,6,3,0.2334,0.4584,0.8188,0.0126,0.0735
0,1,6,4,0.2587,0.5076,0.8690,0.0059,0.0561
0,1,6,5,0.3309,0.5515,0.8616,0.0958,0.0508
0,1,6,6,0.2847,0.5403,0.8713,0.0255,0.0493
0,1,6,7,0.3650,0.6278,0.9578,0.0530,0.0214
0,1,6,8,0.2383,0.5622,0.8925,-0.0651,0.0474
0,1,6,9,0.2257,0.5204,0.8489,-0.0659,0.0486
0,1,6,10,0.2361,0.4969,0.8420,-0.0015,0.0661
0,1,6,11,0.2365,0.5319,0.8570,-0.0147,0.0674
0,1,7,0,0.3026,0.5720,0.8988,0.0182,0.0365
0,1,7,1,0.2903,0.5523,0.8708,0.0463,0.0506
0,1,7,2,0.2514,0.5236,0.8726,-0.0026,0.0591
0,1,7,3,0.2318,0.4046,0.7941,0.0172,0.0771
0,1,7,4,0.2306,0.5168,0.8386,-0.0056,0.0694
0,1,7,5,0.3901,0.6878,0.9599,0.0999,0.0230
0,1,7,6,0.2270,0.3873,0.7821,0.0293,0.0856
0,1,7,7,0.2186,0.3917,0.7895,0.0282,0.0913
0,1,7,8,0.2264,0.5837,0.8793,-0.0927,0.0429
0,1,7,9,0.2217,0.4676,0.8335,-0.0225,0.0663
0,1,7,10,0.2675,0.5057,0.8355,0.0540,0.0712
0,1,7,11,0.2288,0.4407,0.8215,0.0186,0.0791
0,1,8,0,0.2319,0.5156,0.8415,-0.0232,0.0580
0,1,8,1,0.2873,0.5182,0.8906,0.0086,0.0472
0,1,8,2,0.1846,0.3496,0.7710,-0.0105,0.0956
0,1,8,3,0.2300,0.5094,0.8777,-0.0538,0.0488
0,1,8,4,0.2391,0.4739,0.8440,0.0037,0.0640
0,1,8,5,0.2449,0.4503,0.8190,0.0296,0.0718
0,1,8,6,0.1904,0.3894,0.7876,-0.0251,0.0831
0,1,8,7,0.4482,0.7393,0.9917,0.0766,0.0090
0,1,8,8,0.4074,0.7304,0.9836,0.0578,0.0108
0,1,8,9,0.2787,0.5826,0.9186,-0.0324,0.0308
0,1,8,10,0.2351,0.4606,0.8266,0.0042,0.0620
0,1,8,11,0.2428,0.5907,0.9047,-0.0689,0.0352
0,1,9,0,0.2887,0.5863,0.8962,0.0165,0.0496
0,1,9,1,0.2526,0.6021,0.8979,-0.0529,0.0455
0,1,9,2,0.3372,0.6695,0.9615,-0.0190,0.0264
0,1,9,3,0.2394,0.5160,0.8683,-0.0463,0.0487
0,1,9,4,0.3270,0.4962,0.8594,0.0968,0.0538
0,1,9,5,0.4311,0.6900,0.9802,0.0966,0.0194
0,1,9,6,0.2050,0.4252,0.7992,-0.0247,0.0731
0,1,9,7,0.2157,0.4354,0.8014,0.0025,0.0792
0,1,9,8,0.4465,0.7446,0.9870,0.0695,0.0103
0,1,9,9,0.2003,0.3638,0.7811,-0.0035,0.0892
0,1,9,10,0.4431,0.6560,0.9642,0.1023,0.0114
0,1,9,11,0.3255,0.6135,0.9396,-0.0084,0.0347
0,1,10,0,0.4680,0.7624,0.8889,0.0087,0.0138
0,1,10,1,0.3632,0.6885,0.8849,0.0808,0.0464
0,1,10,2,0.3707,0.7302,0.9467,-0.0565,0.0176
0,1,10,3,0.2931,0.5882,0.7891,-0.0751,0.0378
0,1,10,4,0.3649,0.7440,0.8868,0.0389,0.0333
0,1,10,5,0.3625,0.6340,0.8687,0.0460,0.0364
0,1,10,6,0.3953,0.7068,0.8794,0.1047,0.0375
0,1,10,7,0.4188,0.6618,0.8482,0.0066,0.0238
0,1,10,8,0.3268,0.5602,0.7471,0.0011,0.0456
0,1,10,9,0.4297,0.7049,0.8949,0.1338,0.0393
0,1,10,10,0.1924,0.6353,0.9316,-0.1666,0.0405
0,1,10,11,0.5007,0.7613,0.9477,0.1018,0.0108
0,1,11,0,0.3837,0.5522,0.7076,0.1315,0.0619
0,1,11,1,0.3656,0.5553,0.7151,0.0985,0.0585
0,1,11,2,0.4899,0.6900,0.8420,0.1487,0.0146
0,1,11,3,0.3320,0.5391,0.7021,0.0481,0.0581
0,1,11,4,0.3562,0.5613,0.7283,0.0579,0.0496
0,1,11,5,0.3586,0.5851,0.7510,0.0484,0.0475
0,1,11,6,0.4383,0.6259,0.7791,0.1471,0.0392
0,1,11,7,0.3294,0.5318,0.6981,0.0521,0.0623
0,1,11,8,0.4676,0.6878,0.9424,0.1532,0.0214
0,1,11,9,0.5322,0.7505,0.9003,0.1938,0.0124
0,1,11,10,0.3987,0.6161,0.7862,0.0868,0.0351
0,1,11,11,0.3010,0.5127,0.6866,0.0326,0.0696
0,2,0,0,0.3627,0.5685,0.5603,-0.1072,0.0784
0,2,0,1,0.4653,0.6678,0.9187,0.2541,0.0469
0,2,0,2,1.0000,1.0000,1.0000,1.0000,0.0000
0,2,0,3,0.7320,0.8348,0.9920,0.6594,0.0079
0,2,0,4,0.5061,0.6576,0.7887,0.2878,0.0652
0,2,0,5,0.3723,0.5487,0.9357,0.1251,0.0455
0,2,0,6,0.3648,0.6302,0.6611,-0.0014,0.0662
0,2,0,7,0.4848,0.6225,0.9121,0.2735,0.0434
0,2,0,8,0.3455,0.6468,0.7499,-0.0020,0.0592
0,2,0,9,0.3931,0.6913,0.9539,0.1558,0.0414
0,2,0,10,0.3272,0.6329,0.9943,0.1646,0.0130
0,2,0,11,0.7366,0.8058,0.9861,0.6498,0.0350
0,2,1,0,0.5053,0.5883,0.9506,0.3392,0.0205
0,2,1,1,0.3969,0.6868,0.9874,0.2480,0.0129
0,2,1,2,0.5604,0.6811,0.9883,0.4279,0.0290
0,2,1,3,0.6834,0.7007,0.9305,0.5715,0.0429
0,2,1,4,0.6409,0.7201,0.9780,0.5677,0.0282
0,2,1,5,0.5938,0.6594,0.9576,0.4594,0.0251
0,2,1,6,0.6080,0.5671,0.9523,0.5528,0.0620
0,2,1,7,0.6646,0.6652,0.9826,0.5836,0.0204
0,2,1,8,0.6058,0.6949,0.8756,0.4537,0.0405
0,2,1,9,0.5832,0.6482,0.9822,0.4578,0.0239
0,2,1,10,0.6286,0.7412,0.9823,0.5120,0.0344
0,2,1,11,0.3140,0.6600,0.9861,0.0748,0.0237
0,2,2,0,0.2031,0.5216,0.9531,0.0816,0.0696
0,2,2,1,0.7172,0.7515,0.9709,0.6552,0.0233
0,2,2,2,0.6698,0.6903,0.9855,0.5976,0.0292
0,2,2,3,0.6263,0.6636,0.9828,0.5202,0.0169
0,2,2,4,0.6762,0.7221,0.9632,0.5685,0.0269
0,2,2,5,0.6379,0.7150,0.9218,0.5065,0.0435
0,2,2,6,0.3192,0.6999,0.9921,0.1068,0.0213
0,2,2,7,0.6436,0.6804,0.9350,0.5233,0.0400
0,2,2,8,0.5838,0.6346,0.9670,0.4449,0.0308
0,2,2,9,0.1892,0.5201,0.9538,0.0636,0.0677
0,2,2,10,0.5612,0.6200,0.9954,0.4483,0.0226
0,2,2,11,0.5948,0.6858,0.9807,0.4720,0.0332
0,2,3,0,0.4114,0.5849,0.9806,0.2549,0.0200
0,2,3,1,0.4984,0.6238,0.9240,0.3055,0.0396
0,2,3,2,0.4199,0.6498,0.9559,0.2136,0.0309
0,2,3,3,0.4030,0.5832,0.9453,0.1841,0.0299
0,2,3,4,0.3487,0.5424,0.9108,0.0930,0.0428
0,2,3,5,0.7806,0.8201,0.9850,0.7389,0.0283
0,2,3,6,0.4561,0.5994,0.9025,0.2469,0.0324
0,2,3,7,0.6146,0.6973,0.9291,0.4775,0.0308
0,2,3,8,0.5394,0.6813,0.9666,0.3828,0.0289
0,2,3,9,0.3473,0.6707,0.9777,0.2106,0.0284
0,2,3,10,0.3270,0.6584,0.9851,0.1224,0.0144
0,2,3,11,0.6291,0.7331,0.9840,0.5164,0.0234
0,2,4,0,0.1822,0.4716,0.9845,-0.0165,0.0156
0,2,4,1,0.2232,0.4963,0.9285,-0.0921,0.0425
0,2,4,2,0.1900,0.4090,0.9913,-0.0370,0.0286
0,2,4,3,0.0977,0.2432,0.9544,-0.0565,0.0571
0,2,4,4,0.2080,0.5731,0.9656,-0.0540,0.0320
0,2,4,5,0.1311,0.4353,0.9688,-0.0688,0.0173
0,2,4,6,0.2033,0.4912,0.9884,0.0144,0.0190
0,2,4,7,0.2792,0.4581,0.9756,0.1349,0.0366
0,2,4,8,0.1498,0.3317,0.9824,-0.0537,0.0232
0,2,4,9,0.2384,0.4249,0.9817,0.0140,0.0221
0,2,4,10,0.2273,0.4468,0.9843,0.0263,0.0183
0,2,4,11,0.1118,0.3956,0.9828,-0.0783,0.0256
0,2,5,0,0.1186,0.3543,0.9683,-0.0758,0.0252
0,2,5,1,0.1333,0.2643,0.9597,-0.0191,0.0539
0,2,5,2,0.1847,0.4442,0.9845,-0.0467,0.0270
0,2,5,3,0.1512,0.4082,0.9851,-0.0637,0.0224
0,2,5,4,0.2032,0.4038,0.9695,-0.0254,0.0233
0,2,5,5,0.1012,0.2567,0.9610,-0.0613,0.0527
0,2,5,6,0.1852,0.3265,0.9667,0.0334,0.0443
0,2,5,7,0.1245,0.3109,0.9668,-0.0521,0.0346
0,2,5,8,0.1307,0.4151,0.9944,-0.1115,0.0267
0,2,5,9,0.1090,0.5130,0.9885,-0.0844,0.0244
0,2,5,10,0.3389,0.6012,0.9951,0.1673,0.0088
0,2,5,11,0.1396,0.3689,0.9820,-0.0435,0.0316
0,2,6,0,0.0809,0.2827,0.9695,-0.0922,0.0441
0,2,6,1,0.1615,0.4092,0.9870,-0.0702,0.0266
0,2,6,2,0.1544,0.3729,0.9873,-0.0516,0.0190
0,2,6,3,0.1941,0.3696,0.9741,0.0345,0.0371
0,2,6,4,0.2114,0.4812,0.9874,0.0291,0.0176
0,2,6,5,0.1540,0.4246,0.9883,-0.0500,0.0142
0,2,6,6,0.1351,0.4217,0.9900,-0.0769,0.0144
0,2,6,7,0.1618,0.4451,0.9825,-0.1084,0.0264
0,2,6,8,0.2687,0.4446,0.9866,0.0753,0.0125
0,2,6,9,0.2806,0.4721,0.9688,0.1000,0.0120
0,2,6,10,0.1459,0.4171,0.9784,-0.0355,0.0289
0,2,6,11,0.4627,0.6428,0.9841,0.3441,0.0231
0,2,7,0,0.1719,0.4475,0.9632,-0.0536,0.0182
0,2,7,1,0.1221,0.3598,0.9828,-0.0839,0.0209
0,2,7,2,0.1257,0.3809,0.9876,-0.0755,0.0213
0,2,7,3,0.1224,0.2639,0.9613,-0.0474,0.0435
0,2,7,4,0.3412,0.5565,0.9792,0.2044,0.0269
0,2,7,5,0.2107,0.4955,0.9708,-0.0369,0.0273
0,2,7,6,0.1093,0.2315,0.9578,-0.0505,0.0532
0,2,7,7,0.0987,0.2291,0.9622,-0.0562,0.0576
0,2,7,8,0.2422,0.3974,0.9177,0.0355,0.0115
0,2,7,9,0.1711,0.3678,0.9778,-0.0054,0.0296
0,2,7,10,0.0922,0.4079,0.9804,-0.0924,0.0320
0,2,7,11,0.1377,0.3233,0.9735,-0.0253,0.0426
0,2,8,0,0.2101,0.3863,0.9773,0.0329,0.0237
0,2,8,1,0.1713,0.3505,0.9731,-0.0458,0.0277
0,2,8,2,0.0833,0.2091,0.9530,-0.0695,0.0633
0,2,8,3,0.1461,0.3499,0.9844,-0.0643,0.0174
0,2,8,4,0.1035,0.3265,0.9773,-0.0864,0.0327
0,2,8,5,0.1009,0.2881,0.9703,-0.0772,0.0380
0,2,8,6,0.1194,0.2454,0.9580,-0.0416,0.0513
0,2,8,7,0.2357,0.5920,0.8774,-0.0901,0.0492
0,2,8,8,0.2581,0.6101,0.8920,-0.0221,0.0421
0,2,8,9,0.2539,0.4570,0.9912,0.0410,0.0208
0,2,8,10,0.1474,0.3330,0.9747,-0.0290,0.0319
0,2,8,11,0.2456,0.4551,0.9653,0.0398,0.0198
0,2,9,0,0.1533,0.4804,0.9963,-0.0645,0.0083
0,2,9,1,0.3238,0.5117,0.9843,0.1403,0.0077
0,2,9,2,0.3975,0.5384,0.9284,0.1897,0.0238
0,2,9,3,0.1849,0.3702,0.9594,-0.0197,0.0177
0,2,9,4,0.1787,0.3340,0.9695,-0.0147,0.0232
0,2,9,5,0.1925,0.5200,0.9132,-0.1130,0.0380
0,2,9,6,0.1621,0.2934,0.9602,-0.0030,0.0414
0,2,9,7,0.1049,0.3034,0.9642,-0.0635,0.0426
0,2,9,8,0.3427,0.6462,0.8856,0.0645,0.0459
0,2,9,9,0.1038,0.2225,0.9565,-0.0548,0.0575
0,2,9,10,0.2334,0.4827,0.9420,-0.0663,0.0392
0,2,9,11,0.4032,0.5062,0.9736,0.2110,0.0174
0,2,10,0,0.6200,0.7216,0.6866,0.4660,0.0561
0,2,10,1,0.2162,0.5347,0.8829,-0.0149,0.0133
0,2,10,2,0.4482,0.5965,0.8540,0.2213,0.0403
0,2,10,3,0.2019,0.4385,0.7529,-0.0681,0.0195
0,2,10,4,0.5274,0.6396,0.8720,0.3716,0.0211
0,2,10,5,0.2430,0.4558,0.8406,-0.0027,0.0168
0,2,10,6,0.3929,0.5579,0.8681,0.2015,0.0173
0,2,10,7,0.3503,0.4853,0.7138,0.0664,0.0409
0,2,10,8,0.2209,0.4052,0.7171,-0.0261,0.0163
0,2,10,9,0.2763,0.5981,0.8622,0.0318,0.0248
0,2,10,10,0.4734,0.7621,0.9971,0.3201,0.0174
0,2,10,11,0.3009,0.6188,0.7843,-0.0438,0.0521
0,2,11,0,0.2480,0.3457,0.7225,0.0404,0.0202
0,2,11,1,0.2343,0.3436,0.7278,0.0183,0.0198
0,2,11,2,0.3139,0.5128,0.7367,0.0266,0.0401
0,2,11,3,0.2161,0.3464,0.7105,-0.0059,0.0172
0,2,11,4,0.2300,0.3550,0.7218,-0.0054,0.0172
0,2,11,5,0.2305,0.4047,0.7162,-0.0137,0.0179
0,2,11,6,0.3210,0.4102,0.7447,0.0921,0.0205
0,2,11,7,0.1954,0.3240,0.7076,-0.0272,0.0210
0,2,11,8,0.3387,0.6052,0.8966,0.0904,0.0345
0,2,11,9,0.3829,0.5995,0.7782,0.1107,0.0451
0,2,11,10,0.2659,0.4166,0.7531,0.0181,0.0187
0,2,11,11,0.1739,0.3040,0.7169,-0.0396,0.0257
0,3,0,0,0.3941,0.5266,0.5702,-0.0294,0.0775
0,3,0,1,0.4751,0.6234,0.9054,0.2693,0.0477
0,3,0,2,0.7320,0.8348,0.9920,0.6594,0.0079
0,3,0,3,1.0000,1.0000,1.0000,1.0000,0.0000
0,3,0,4,0.4645,0.6528,0.7864,0.2233,0.0634
0,3,0,5,0.3189,0.5071,0.9191,0.0498,0.0461
0,3,0,6,0.4498,0.6036,0.6684,0.1571,0.0650
0,3,0,7,0.3569,0.5625,0.8987,0.0849,0.0427
0,3,0,8,0.3904,0.6283,0.7543,0.0762,0.0582
0,3,0,9,0.2286,0.6283,0.9393,-0.0781,0.0405
0,3,0,10,0.2777,0.6913,0.9894,0.1036,0.0118
0,3,0,11,0.5747,0.6793,0.9683,0.4291,0.0341
0,3,1,0,0.2564,0.5089,0.9423,0.0044,0.0191
0,3,1,1,0.2651,0.6284,0.9640,0.0842,0.0099
0,3,1,2,0.3225,0.5932,0.9728,0.1182,0.0269
0,3,1,3,0.3753,0.5683,0.9209,0.1354,0.0423
0,3,1,4,0.6244,0.7094,0.9551,0.5477,0.0263
0,3,1,5,0.3662,0.5668,0.9511,0.1537,0.0236
0,3,1,6,0.2918,0.4087,0.9421,0.1786,0.0609
0,3,1,7,0.3477,0.5245,0.9695,0.1897,0.0184
0,3,1,8,0.3462,0.5937,0.8749,0.0712,0.0395
0,3,1,9,0.2668,0.5086,0.9703,0.0461,0.0202
0,3,1,10,0.4817,0.6904,0.9754,0.3184,0.0306
0,3,1,11,0.2281,0.6681,0.9654,-0.0411,0.0240
0,3,2,0,0.1482,0.5854,0.9228,0.0174,0.0677
0,3,2,1,0.4729,0.6255,0.9528,0.3551,0.0227
0,3,2,2,0.2854,0.5166,0.9715,0.1260,0.0246
0,3,2,3,0.3230,0.5342,0.9712,0.1313,0.0122
0,3,2,4,0.4433,0.6372,0.9571,0.2530,0.0261
0,3,2,5,0.4855,0.6348,0.9164,0.2906,0.0429
0,3,2,6,0.2037,0.6850,0.9725,-0.0442,0.0190
0,3,2,7,0.3979,0.6022,0.9306,0.1893,0.0408
0,3,2,8,0.3482,0.5724,0.9488,0.1275,0.0299
0,3,2,9,0.1359,0.5844,0.9234,0.0012,0.0658
0,3,2,10,0.2442,0.5017,0.9815,0.0501,0.0197
0,3,2,11,0.4071,0.5698,0.9625,0.2272,0.0337
0,3,3,0,0.2101,0.5047,0.9656,0.0008,0.0238
0,3,3,1,0.3475,0.5687,0.9194,0.0904,0.0389
0,3,3,2,0.2484,0.6567,0.9473,-0.0211,0.0306
0,3,3,3,0.2573,0.5479,0.9426,-0.0175,0.0292
0,3,3,4,0.2704,0.5362,0.9017,-0.0177,0.0429
0,3,3,5,0.7655,0.8241,0.9646,0.7205,0.0279
0,3,3,6,0.2530,0.5373,0.9044,-0.0416,0.0319
0,3,3,7,0.4221,0.6250,0.9248,0.2095,0.0292
0,3,3,8,0.4838,0.6541,0.9532,0.3081,0.0283
0,3,3,9,0.2479,0.5744,0.9526,0.0900,0.0250
0,3,3,10,0.2430,0.5877,0.9583,0.0137,0.0148
0,3,3,11,0.6667,0.7479,0.9840,0.5661,0.0221
0,3,4,0,0.1852,0.4839,0.9720,-0.0121,0.0130
0,3,4,1,0.2240,0.4838,0.9168,-0.0897,0.0412
0,3,4,2,0.1484,0.4040,0.9863,-0.0894,0.0229
0,3,4,3,0.0434,0.2774,0.9500,-0.1204,0.0562
0,3,4,4,0.2485,0.5414,0.9466,0.0010,0.0322
0,3,4,5,0.0707,0.4703,0.9647,-0.1426,0.0155
0,3,4,6,0.2604,0.5334,0.9700,0.0857,0.0163
0,3,4,7,0.2821,0.4614,0.9563,0.1389,0.0354
0,3,4,8,0.1090,0.3560,0.9820,-0.1036,0.0183
0,3,4,9,0.1855,0.4508,0.9757,-0.0537,0.0223
0,3,4,10,0.2633,0.4758,0.9664,0.0723,0.0164
0,3,4,11,0.0647,0.4272,0.9672,-0.1350,0.0249
0,3,5,0,0.0766,0.3849,0.9649,-0.1265,0.0233
0,3,5,1,0.1004,0.2793,0.9507,-0.0578,0.0530
0,3,5,2,0.1386,0.4432,0.9824,-0.1048,0.0244
0,3,5,3,0.1715,0.4214,0.9683,-0.0375,0.0179
0,3,5,4,0.1431,0.4342,0.9724,-0.1019,0.0203
0,3,5,5,0.0513,0.2831,0.9548,-0.1203,0.0520
0,3,5,6,0.1671,0.3161,0.9550,0.0123,0.0443
0,3,5,7,0.0635,0.3264,0.9571,-0.1253,0.0326
0,3,5,8,0.1142,0.4477,0.9887,-0.1318,0.0246
0,3,5,9,0.0718,0.5395,0.9739,-0.1291,0.0243
0,3,5,10,0.4991,0.7073,0.9874,0.3697,0.0069
0,3,5,11,0.1033,0.4230,0.9718,-0.0871,0.0284
0,3,6,0,0.0670,0.2955,0.9514,-0.1083,0.0413
0,3,6,1,0.1638,0.4285,0.9665,-0.0664,0.0239
0,3,6,2,0.1803,0.3803,0.9758,-0.0186,0.0157
0,3,6,3,0.2666,0.4376,0.9598,0.1226,0.0348
0,3,6,4,0.1938,0.4710,0.9689,0.0080,0.0169
0,3,6,5,0.1482,0.4447,0.9728,-0.0564,0.0125
0,3,6,6,0.1005,0.4512,0.9839,-0.1192,0.0117
0,3,6,7,0.1460,0.4529,0.9746,-0.1282,0.0270
0,3,6,8,0.1635,0.4253,0.9767,-0.0570,0.0094
0,3,6,9,0.4005,0.5284,0.9682,0.2507,0.0105
0,3,6,10,0.1915,0.4547,0.9595,0.0207,0.0279
0,3,6,11,0.4836,0.6625,0.9617,0.3701,0.0227
0,3,7,0,0.1775,0.4554,0.9593,-0.0456,0.0152
0,3,7,1,0.0956,0.3894,0.9711,-0.1159,0.0163
0,3,7,2,0.0849,0.4121,0.9782,-0.1250,0.0197
0,3,7,3,0.1050,0.2991,0.9557,-0.0677,0.0425
0,3,7,4,0.3945,0.5850,0.9589,0.2696,0.0265
0,3,7,5,0.2042,0.4738,0.9582,-0.0444,0.0265
0,3,7,6,0.0588,0.2566,0.9508,-0.1101,0.0522
0,3,7,7,0.0580,0.2596,0.9557,-0.1039,0.0567
0,3,7,8,0.1215,0.4295,0.9356,-0.1173,0.0093
0,3,7,9,0.2770,0.4168,0.9710,0.1241,0.0288
0,3,7,10,0.0543,0.4287,0.9624,-0.1376,0.0315
0,3,7,11,0.1146,0.3621,0.9623,-0.0525,0.0425
0,3,8,0,0.1164,0.3977,0.9691,-0.0815,0.0212
0,3,8,1,0.1122,0.3763,0.9814,-0.1195,0.0236
0,3,8,2,0.0370,0.2320,0.9449,-0.1237,0.0621
0,3,8,3,0.0922,0.3604,0.9937,-0.1308,0.0141
0,3,8,4,0.0878,0.3356,0.9610,-0.1048,0.0311
0,3,8,5,0.0566,0.3078,0.9579,-0.1300,0.0370
0,3,8,6,0.0876,0.2790,0.9512,-0.0790,0.0503
0,3,8,7,0.3236,0.5950,0.8690,0.0404,0.0495
0,3,8,8,0.2987,0.5959,0.8895,0.0359,0.0427
0,3,8,9,0.1787,0.4609,0.9849,-0.0548,0.0204
0,3,8,10,0.1228,0.3643,0.9630,-0.0582,0.0290
0,3,8,11,0.2270,0.4829,0.9670,0.0169,0.0187
0,3,9,0,0.1294,0.5121,0.9869,-0.0937,0.0075
0,3,9,1,0.1606,0.4721,0.9721,-0.0663,0.0052
0,3,9,2,0.2283,0.5377,0.9327,-0.0391,0.0236
0,3,9,3,0.1478,0.3998,0.9673,-0.0654,0.0148
0,3,9,4,0.1384,0.3724,0.9681,-0.0638,0.0196
0,3,9,5,0.1921,0.5567,0.9144,-0.1123,0.0367
0,3,9,6,0.0775,0.2963,0.9578,-0.1044,0.0404
0,3,9,7,0.0663,0.3422,0.9506,-0.1093,0.0413
0,3,9,8,0.2461,0.6315,0.8901,-0.0769,0.0453
0,3,9,9,0.0565,0.2465,0.9492,-0.1106,0.0562
0,3,9,10,0.1917,0.5080,0.9408,-0.1242,0.0385
0,3,9,11,0.2014,0.4594,0.9696,-0.0560,0.0170
0,3,10,0,0.4233,0.7073,0.7057,0.1379,0.0554
0,3,10,1,0.1767,0.5889,0.8970,-0.0650,0.0150
0,3,10,2,0.2722,0.6161,0.8608,-0.0373,0.0391
0,3,10,3,0.1265,0.4444,0.7963,-0.1685,0.0206
0,3,10,4,0.2633,0.6216,0.8873,0.0182,0.0202
0,3,10,5,0.2033,0.5151,0.8612,-0.0545,0.0156
0,3,10,6,0.2027,0.6008,0.8832,-0.0486,0.0170
0,3,10,7,0.2090,0.4956,0.7439,-0.1448,0.0407
0,3,10,8,0.1471,0.4202,0.7772,-0.1225,0.0181
0,3,10,9,0.2200,0.6161,0.8850,-0.0430,0.0254
0,3,10,10,0.2414,0.6935,0.9910,0.0212,0.0154
0,3,10,11,0.3933,0.6422,0.7925,0.1057,0.0511
0,3,11,0,0.1654,0.3974,0.7650,-0.0642,0.0236
0,3,11,1,0.1583,0.3842,0.7734,-0.0782,0.0231
0,3,11,2,0.2851,0.5642,0.7723,-0.0145,0.0396
0,3,11,3,0.1399,0.4047,0.7571,-0.1028,0.0213
0,3,11,4,0.1631,0.4080,0.7681,-0.0919,0.0204
0,3,11,5,0.1620,0.4591,0.7622,-0.1032,0.0212
0,3,11,6,0.2174,0.4337,0.7789,-0.0463,0.0210
0,3,11,7,0.1270,0.3660,0.7543,-0.1135,0.0244
0,3,11,8,0.3162,0.6862,0.9119,0.0600,0.0329
0,3,11,9,0.3250,0.6266,0.8004,0.0242,0.0446
0,3,11,10,0.1914,0.4779,0.7938,-0.0810,0.0191
0,3,11,11,0.1102,0.3549,0.7614,-0.1190,0.0289
0,4,0,0,0.6232,0.8057,0.9491,0.0153,0.0139
0,4,0,1,0.6413,0.8271,0.9615,0.3636,0.0217
0,4,0,2,0.5061,0.6576,0.7887,0.2878,0.0652
0,4,0,3,0.4645,0.6528,0.7864,0.2233,0.0634
0,4,0,4,1.0000,1.0000,1.0000,1.0000,0.0000
0,4,0,5,0.4425,0.6905,0.9367,0.0185,0.0256
0,4,0,6,0.6323,0.8246,0.9807,0.1787,0.0151
0,4,0,7,0.6046,0.8172,0.9654,0.2749,0.0288
0,4,0,8,0.6254,0.8176,0.9966,0.2115,0.0199
0,4,0,9,0.3953,0.7038,0.9317,-0.0632,0.0261
0,4,0,10,0.4801,0.6223,0.7336,0.2855,0.0706
0,4,0,11,0.5958,0.7043,0.8626,0.3394,0.0322
0,4,1,0,0.4048,0.6261,0.8842,0.0333,0.0512
0,4,1,1,0.3788,0.5621,0.7168,0.1213,0.0671
0,4,1,2,0.5102,0.6646,0.8613,0.2557,0.0398
0,4,1,3,0.5348,0.7101,0.9516,0.1927,0.0234
0,4,1,4,0.3575,0.5485,0.6659,0.1395,0.0782
0,4,1,5,0.5443,0.6563,0.8940,0.2696,0.0430
0,4,1,6,0.3858,0.3899,0.5940,0.2526,0.1072
0,4,1,7,0.4902,0.5732,0.7623,0.2993,0.0639
0,4,1,8,0.5994,0.7390,0.9756,0.2686,0.0312
0,4,1,9,0.4573,0.5999,0.8167,0.1708,0.0460
0,4,1,10,0.4977,0.6811,0.8891,0.2162,0.0340
0,4,1,11,0.3747,0.6632,0.8499,-0.0306,0.0428
0,4,2,0,0.2878,0.5112,0.6057,0.1243,0.1139
0,4,2,1,0.4077,0.5161,0.6763,0.1956,0.0762
0,4,2,2,0.4481,0.5364,0.7256,0.2600,0.0699
0,4,2,3,0.5190,0.6184,0.8167,0.2927,0.0545
0,4,2,4,0.6441,0.7028,0.9105,0.4282,0.0389
0,4,2,5,0.6174,0.7335,0.9531,0.3359,0.0226
0,4,2,6,0.3763,0.6284,0.8132,0.0251,0.0497
0,4,2,7,0.5844,0.7255,0.9503,0.3233,0.0249
0,4,2,8,0.5916,0.7221,0.9047,0.3457,0.0399
0,4,2,9,0.2729,0.5084,0.6076,0.0993,0.1120
0,4,2,10,0.4537,0.5797,0.7903,0.2237,0.0614
0,4,2,11,0.5322,0.6914,0.8643,0.2887,0.0355
0,4,3,0,0.5134,0.5871,0.7382,0.3067,0.0806
0,4,3,1,0.6469,0.7835,0.9490,0.3819,0.0267
0,4,3,2,0.6103,0.7724,0.9286,0.3575,0.0376
0,4,3,3,0.6591,0.7217,0.9225,0.4302,0.0455
0,4,3,4,0.5172,0.7058,0.9692,0.1547,0.0255
0,4,3,5,0.3878,0.5439,0.6872,0.1897,0.0862
0,4,3,6,0.6082,0.7230,0.9444,0.3175,0.0439
0,4,3,7,0.6976,0.7530,0.9362,0.4932,0.0391
0,4,3,8,0.5637,0.7286,0.9003,0.2925,0.0381
0,4,3,9,0.3865,0.5004,0.6720,0.1849,0.0814
0,4,3,10,0.6046,0.6780,0.8092,0.4075,0.0526
0,4,3,11,0.5278,0.6470,0.8310,0.2805,0.0480
0,4,4,0,0.4337,0.5883,0.7593,0.2123,0.0671
0,4,4,1,0.6243,0.7585,0.9576,0.3379,0.0255
0,4,4,2,0.4711,0.6118,0.8158,0.2215,0.0460
0,4,4,3,0.3443,0.4043,0.6086,0.1833,0.1037
0,4,4,4,0.6291,0.7920,0.9051,0.4197,0.0383
0,4,4,5,0.4683,0.5505,0.6979,0.2834,0.0715
0,4,4,6,0.4900,0.6161,0.7460,0.3071,0.0659
0,4,4,7,0.4143,0.5021,0.6561,0.2408,0.0849
0,4,4,8,0.4590,0.5527,0.7359,0.2565,0.0638
0,4,4,9,0.5585,0.6549,0.8220,0.3438,0.0449
0,4,4,10,0.5197,0.6253,0.7735,0.3239,0.0566
0,4,4,11,0.4030,0.5683,0.7021,0.2066,0.0828
0,4,5,0,0.4304,0.5082,0.6888,0.2387,0.0742
0,4,5,1,0.3556,0.4068,0.6112,0.1913,0.1004
0,4,5,2,0.5303,0.6727,0.8553,0.3116,0.0448
0,4,5,3,0.4962,0.6078,0.7689,0.2960,0.0567
0,4,5,4,0.5313,0.6457,0.8332,0.3093,0.0475
0,4,5,5,0.3574,0.4278,0.6271,0.1874,0.0977
0,4,5,6,0.3705,0.4282,0.6259,0.1967,0.0957
0,4,5,7,0.4025,0.4724,0.6492,0.2232,0.0791
0,4,5,8,0.5247,0.6448,0.8265,0.3087,0.0465
0,4,5,9,0.3856,0.5536,0.7068,0.1755,0.0822
0,4,5,10,0.5115,0.6456,0.7713,0.3119,0.0664
0,4,5,11,0.4084,0.5334,0.7095,0.2159,0.0758
0,4,6,0,0.3647,0.4711,0.6390,0.1871,0.0847
0,4,6,1,0.5144,0.6505,0.8003,0.2953,0.0465
0,4,6,2,0.4443,0.5517,0.7293,0.2280,0.0626
0,4,6,3,0.3626,0.4692,0.6518,0.1677,0.0885
0,4,6,4,0.4643,0.5879,0.7172,0.2753,0.0723
0,4,6,5,0.4931,0.5744,0.7066,0.3069,0.0682
0,4,6,6,0.4594,0.5618,0.7309,0.2495,0.0669
0,4,6,7,0.6118,0.7102,0.8707,0.4002,0.0391
0,4,6,8,0.4518,0.5993,0.7627,0.2115,0.0627
0,4,6,9,0.4849,0.5691,0.7216,0.2810,0.0649
0,4,6,10,0.4315,0.5469,0.6822,0.2516,0.0819
0,4,6,11,0.4342,0.5658,0.6904,0.2408,0.0848
0,4,7,0,0.5255,0.6315,0.7945,0.3179,0.0532
0,4,7,1,0.4512,0.5689,0.7340,0.2510,0.0665
0,4,7,2,0.4266,0.5516,0.7280,0.2195,0.0762
0,4,7,3,0.3510,0.4144,0.6309,0.1582,0.0907
0,4,7,4,0.4325,0.5504,0.6718,0.2570,0.0846
0,4,7,5,0.6301,0.7284,0.8783,0.4391,0.0415
0,4,7,6,0.3486,0.3992,0.6124,0.1762,0.0984
0,4,7,7,0.3279,0.3967,0.6152,0.1576,0.1048
0,4,7,8,0.5179,0.6046,0.7920,0.3053,0.0604
0,4,7,9,0.4145,0.5013,0.6801,0.2247,0.0806
0,4,7,10,0.4035,0.4979,0.6662,0.2229,0.0856
0,4,7,11,0.3524,0.4669,0.6550,0.1666,0.0931
0,4,8,0,0.4401,0.5400,0.6926,0.2475,0.0732
0,4,8,1,0.4462,0.5418,0.7817,0.2062,0.0604
0,4,8,2,0.3233,0.3720,0.5967,0.1592,0.1084
0,4,8,3,0.4480,0.5472,0.7544,0.2300,0.0650
0,4,8,4,0.3908,0.5166,0.6880,0.1912,0.0777
0,4,8,5,0.3797,0.4693,0.6562,0.1947,0.0856
0,4,8,6,0.3592,0.4128,0.6217,0.1867,0.0966
0,4,8,7,0.7093,0.8572,0.9858,0.4738,0.0175
0,4,8,8,0.6728,0.8250,0.9712,0.4483,0.0260
0,4,8,9,0.5310,0.6164,0.8056,0.3107,0.0481
0,4,8,10,0.4237,0.4884,0.6651,0.2475,0.0782
0,4,8,11,0.5207,0.6293,0.8028,0.3098,0.0531
0,4,9,0,0.4625,0.5915,0.7596,0.2382,0.0675
0,4,9,1,0.4599,0.6138,0.7713,0.2155,0.0625
0,4,9,2,0.5149,0.6859,0.9127,0.2093,0.0430
0,4,9,3,0.3632,0.5568,0.7535,0.0917,0.0638
0,4,9,4,0.3564,0.4950,0.7303,0.1038,0.0688
0,4,9,5,0.4352,0.7271,0.9556,0.0361,0.0298
0,4,9,6,0.3609,0.4365,0.6411,0.1671,0.0870
0,4,9,7,0.3620,0.4444,0.6323,0.1829,0.0931
0,4,9,8,0.4320,0.7196,0.9798,-0.0395,0.0252
0,4,9,9,0.3106,0.3903,0.6113,0.1238,0.1024
0,4,9,10,0.4601,0.6791,0.9180,0.0622,0.0299
0,4,9,11,0.3961,0.6235,0.8479,0.0423,0.0518
0,4,10,0,0.6304,0.7913,0.9659,0.2329,0.0225
0,4,10,1,0.3428,0.6303,0.8054,-0.0039,0.0638
0,4,10,2,0.5168,0.7166,0.9225,0.1181,0.0363
0,4,10,3,0.3923,0.5735,0.7669,0.0159,0.0560
0,4,10,4,0.4582,0.6781,0.8328,0.1308,0.0531
0,4,10,5,0.3716,0.5956,0.8139,-0.0001,0.0546
0,4,10,6,0.4115,0.6361,0.8088,0.0775,0.0549
0,4,10,7,0.5222,0.6642,0.8800,0.1083,0.0394
0,4,10,8,0.4101,0.5605,0.7416,0.0742,0.0637
0,4,10,9,0.3813,0.6573,0.8450,-0.0031,0.0564
0,4,10,10,0.3539,0.6250,0.8168,0.0188,0.0585
0,4,10,11,0.4979,0.7613,0.9887,0.0002,0.0216
0,4,11,0,0.4011,0.5102,0.6522,0.1159,0.0789
0,4,11,1,0.4005,0.5150,0.6659,0.1067,0.0760
0,4,11,2,0.5273,0.6493,0.8633,0.1436,0.0327
0,4,11,3,0.3748,0.5059,0.6567,0.0640,0.0749
0,4,11,4,0.4023,0.5235,0.6915,0.0768,0.0663
0,4,11,5,0.4212,0.5610,0.7339,0.0920,0.0662
0,4,11,6,0.4761,0.5756,0.7489,0.1559,0.0576
0,4,11,7,0.3602,0.4989,0.6487,0.0502,0.0800
0,4,11,8,0.5058,0.6728,0.9031,0.1569,0.0417
0,4,11,9,0.5513,0.7069,0.9163,0.1535,0.0259
0,4,11,10,0.4198,0.5689,0.7585,0.0620,0.0529
0,4,11,11,0.3280,0.4771,0.6227,0.0260,0.0854
0,5,0,0,0.6101,0.7614,0.7864,0.1793,0.0380
0,5,0,1,0.5946,0.7589,0.9946,0.3397,0.0084
0,5,0,2,0.3723,0.5487,0.9357,0.1251,0.0455
0,5,0,3,0.3189,0.5071,0.9191,0.0498,0.0461
0,5,0,4,0.4425,0.6905,0.9367,0.0185,0.0256
0,5,0,5,1.0000,1.0000,1.0000,1.0000,0.0000
0,5,0,6,0.5174,0.7104,0.8571,0.0624,0.0215
0,5,0,7,0.5359,0.7458,0.9872,0.2261,0.0107
0,5,0,8,0.5549,0.7322,0.9118,0.1780,0.0149
0,5,0,9,0.4874,0.6309,0.9938,0.1749,0.0186
0,5,0,10,0.2479,0.5440,0.9020,-0.0167,0.0516
0,5,0,11,0.4230,0.6008,0.9725,0.1150,0.0119
0,5,1,0,0.4311,0.6947,0.9851,0.1407,0.0309
0,5,1,1,0.2810,0.5344,0.8991,0.0235,0.0498
0,5,1,2,0.3706,0.5894,0.9753,0.0890,0.0253
0,5,1,3,0.5282,0.6835,0.9839,0.2461,0.0145
0,5,1,4,0.2697,0.4719,0.8647,0.0498,0.0630
0,5,1,5,0.3827,0.6271,0.9752,0.0693,0.0249
0,5,1,6,0.2311,0.3163,0.8064,0.0570,0.0945
0,5,1,7,0.3267,0.5127,0.9182,0.0922,0.0505
0,5,1,8,0.4311,0.6518,0.9701,0.0542,0.0147
0,5,1,9,0.3234,0.5381,0.9440,0.0204,0.0305
0,5,1,10,0.4407,0.5612,0.9786,0.1767,0.0206
0,5,1,11,0.3632,0.5770,0.9675,0.0273,0.0251
0,5,2,0,0.1716,0.4616,0.8275,-0.0091,0.1024
0,5,2,1,0.2718,0.4620,0.8556,0.0357,0.0605
0,5,2,2,0.2980,0.4584,0.8983,0.0742,0.0566
0,5,2,3,0.3238,0.5617,0.9469,0.0414,0.0387
0,5,2,4,0.4323,0.6134,0.9824,0.1359,0.0224
0,5,2,5,0.3817,0.6546,0.9792,0.0093,0.0114
0,5,2,6,0.3814,0.5741,0.9578,0.0950,0.0297
0,5,2,7,0.4467,0.6052,0.9876,0.1544,0.0175
0,5,2,8,0.3595,0.6591,0.9856,0.0308,0.0178
0,5,2,9,0.1807,0.4715,0.8288,0.0004,0.1005
0,5,2,10,0.3921,0.5354,0.9455,0.1684,0.0491
0,5,2,11,0.3891,0.6026,0.9707,0.1139,0.0191
0,5,3,0,0.3002,0.5633,0.9042,0.0288,0.0603
0,5,3,1,0.4465,0.7405,0.9852,0.1068,0.0117
0,5,3,2,0.3221,0.6859,0.9893,-0.0474,0.0157
0,5,3,3,0.3874,0.6970,0.9844,0.0416,0.0228
0,5,3,4,0.4249,0.6867,0.9843,0.0752,0.0095
0,5,3,5,0.2580,0.5004,0.8827,0.0374,0.0697
0,5,3,6,0.4108,0.6909,0.9674,0.0537,0.0231
0,5,3,7,0.3783,0.6717,0.9835,0.0231,0.0186
0,5,3,8,0.4563,0.6602,0.9928,0.1728,0.0179
0,5,3,9,0.2524,0.4850,0.8727,0.0273,0.0642
0,5,3,10,0.3274,0.6578,0.9507,0.0242,0.0335
0,5,3,11,0.3611,0.5459,0.9407,0.0717,0.0258
0,5,4,0,0.3145,0.6171,0.9177,0.0755,0.0492
0,5,4,1,0.3424,0.7102,0.9886,-0.0655,0.0122
0,5,4,2,0.2948,0.6246,0.9472,0.0042,0.0343
0,5,4,3,0.2431,0.4379,0.8153,0.0662,0.0911
0,5,4,4,0.3187,0.7215,0.9829,-0.0189,0.0160
0,5,4,5,0.2841,0.5821,0.8563,0.0484,0.0545
0,5,4,6,0.2893,0.6133,0.9143,0.0470,0.0505
0,5,4,7,0.2201,0.5026,0.8548,-0.0047,0.0710
0,5,4,8,0.2407,0.5629,0.8861,-0.0235,0.0489
0,5,4,9,0.3169,0.6228,0.9408,0.0195,0.0313
0,5,4,10,0.2829,0.5879,0.9246,0.0109,0.0367
0,5,4,11,0.2227,0.5656,0.8883,-0.0163,0.0668
0,5,5,0,0.2474,0.5388,0.8556,0.0094,0.0597
0,5,5,1,0.2008,0.4230,0.8173,0.0022,0.0872
0,5,5,2,0.2813,0.6741,0.9650,-0.0194,0.0321
0,5,5,3,0.2787,0.5728,0.9224,0.0132,0.0406
0,5,5,4,0.2948,0.6132,0.9447,-0.0034,0.0346
0,5,5,5,0.2181,0.4374,0.8282,0.0198,0.0857
0,5,5,6,0.2055,0.4447,0.8285,-0.0057,0.0822
0,5,5,7,0.2407,0.5114,0.8417,0.0236,0.0654
0,5,5,8,0.2899,0.5887,0.9464,-0.0010,0.0310
0,5,5,9,0.2417,0.5688,0.8885,0.0058,0.0647
0,5,5,10,0.2774,0.5918,0.9203,0.0039,0.0465
0,5,5,11,0.2600,0.5691,0.8853,0.0360,0.0614
0,5,6,0,0.2167,0.5051,0.8437,0.0085,0.0716
0,5,6,1,0.2827,0.6029,0.9371,-0.0086,0.0299
0,5,6,2,0.4406,0.6078,0.9017,0.2517,0.0482
0,5,6,3,0.2165,0.5017,0.8484,-0.0056,0.0731
0,5,6,4,0.2506,0.5355,0.8933,0.0002,0.0555
0,5,6,5,0.2644,0.6058,0.8850,0.0077,0.0486
0,5,6,6,0.2500,0.5618,0.8926,-0.0174,0.0481
0,5,6,7,0.3289,0.6251,0.9635,0.0064,0.0217
0,5,6,8,0.2948,0.5765,0.9178,0.0226,0.0474
0,5,6,9,0.2633,0.5685,0.8720,-0.0062,0.0478
0,5,6,10,0.2544,0.5288,0.8696,0.0288,0.0660
0,5,6,11,0.4298,0.6485,0.8855,0.2582,0.0670
0,5,7,0,0.3339,0.6286,0.9250,0.0696,0.0361
0,5,7,1,0.2622,0.5404,0.8938,0.0126,0.0497
0,5,7,2,0.2322,0.5586,0.9017,-0.0236,0.0590
0,5,7,3,0.2429,0.4502,0.8275,0.0369,0.0775
0,5,7,4,0.2391,0.5641,0.8671,0.0113,0.0688
0,5,7,5,0.3456,0.7096,0.9702,0.0406,0.0212
0,5,7,6,0.2375,0.4299,0.8167,0.0476,0.0866
0,5,7,7,0.3797,0.5120,0.8278,0.2478,0.0919
0,5,7,8,0.4095,0.6237,0.9094,0.1774,0.0391
0,5,7,9,0.2277,0.5106,0.8616,-0.0087,0.0661
0,5,7,10,0.2243,0.5294,0.8648,-0.0004,0.0713
0,5,7,11,0.4105,0.5724,0.8570,0.2687,0.0798
0,5,8,0,0.2560,0.5302,0.8701,0.0160,0.0586
0,5,8,1,0.2938,0.5551,0.9140,0.0243,0.0493
0,5,8,2,0.1972,0.3930,0.8073,0.0106,0.0963
0,5,8,3,0.2347,0.5664,0.8975,-0.0405,0.0489
0,5,8,4,0.2323,0.5224,0.8748,-0.0003,0.0652
0,5,8,5,0.2441,0.4932,0.8530,0.0331,0.0725
0,5,8,6,0.2186,0.4395,0.8224,0.0176,0.0848
0,5,8,7,0.3851,0.6950,0.9776,-0.0179,0.0092
0,5,8,8,0.4015,0.7407,0.9779,0.0574,0.0087
0,5,8,9,0.2923,0.6384,0.9329,-0.0053,0.0311
0,5,8,10,0.2449,0.5185,0.8591,0.0227,0.0626
0,5,8,11,0.2960,0.6732,0.9307,0.0147,0.0324
0,5,9,0,0.2868,0.5923,0.9174,0.0200,0.0483
0,5,9,1,0.3271,0.6263,0.9232,0.0609,0.0444
0,5,9,2,0.3983,0.6806,0.9732,0.0834,0.0248
0,5,9,3,0.4150,0.5942,0.8988,0.2079,0.0495
0,5,9,4,0.3116,0.5333,0.8898,0.0802,0.0546
0,5,9,5,0.3828,0.7168,0.9779,0.0290,0.0207
0,5,9,6,0.2390,0.4654,0.8342,0.0267,0.0746
0,5,9,7,0.2258,0.4741,0.8358,0.0207,0.0792
0,5,9,8,0.5073,0.7028,0.9749,0.1808,0.0079
0,5,9,9,0.2153,0.4071,0.8167,0.0210,0.0909
0,5,9,10,0.4100,0.6421,0.9622,0.0583,0.0088
0,5,9,11,0.4185,0.6238,0.9584,0.1387,0.0320
0,5,10,0,0.5199,0.7349,0.8669,0.1207,0.0130
0,5,10,1,0.5272,0.6789,0.9138,0.3264,0.0446
0,5,10,2,0.5499,0.7389,0.9567,0.2528,0.0136
0,5,10,3,0.4175,0.6409,0.8109,0.1227,0.0354
0,5,10,4,0.4917,0.7036,0.9142,0.2385,0.0302
0,5,10,5,0.5173,0.6567,0.8953,0.2854,0.0339
0,5,10,6,0.5617,0.6931,0.9089,0.3588,0.0347
0,5,10,7,0.5162,0.7060,0.8532,0.1829,0.0185
0,5,10,8,0.4291,0.6058,0.7592,0.1610,0.0423
0,5,10,9,0.5486,0.6978,0.9140,0.3210,0.0352
0,5,10,10,0.3572,0.5708,0.9460,0.0821,0.0369
0,5,10,11,0.4926,0.7475,0.9311,0.0990,0.0115
0,5,11,0,0.4262,0.5921,0.7461,0.1980,0.0601
0,5,11,1,0.3976,0.6219,0.7504,0.1506,0.0574
0,5,11,2,0.4806,0.7095,0.8497,0.1425,0.0130
0,5,11,3,0.3989,0.5984,0.7378,0.1513,0.0558
0,5,11,4,0.4151,0.6259,0.7595,0.1516,0.0478
0,5,11,5,0.4318,0.6372,0.7763,0.1647,0.0456
0,5,11,6,0.4615,0.6795,0.8099,0.1891,0.0376
0,5,11,7,0.4497,0.5880,0.7336,0.2313,0.0608
0,5,11,8,0.4732,0.7077,0.9546,0.1699,0.0185
0,5,11,9,0.5030,0.7499,0.9043,0.1535,0.0121
0,5,11,10,0.4891,0.6449,0.8110,0.2314,0.0325
0,5,11,11,0.4211,0.5756,0.7269,0.2089,0.0670
0,6,0,0,0.7673,0.8876,0.9914,0.2430,0.0172
0,6,0,1,0.6123,0.7809,0.8929,0.2452,0.0200
0,6,0,2,0.3648,0.6302,0.6611,-0.0014,0.0662
0,6,0,3,0.4498,0.6036,0.6684,0.1571,0.0650
0,6,0,4,0.6323,0.8246,0.9807,0.1787,0.0151
0,6,0,5,0.5174,0.7104,0.8571,0.0624,0.0215
0,6,0,6,1.0000,1.0000,1.0000,1.0000,0.0000
0,6,0,7,0.5679,0.7995,0.8986,0.1162,0.0229
0,6,0,8,0.7051,0.8857,0.9920,0.2770,0.0084
0,6,0,9,0.5476,0.7489,0.8444,0.1278,0.0288
0,6,0,10,0.3595,0.5854,0.5990,0.0472,0.0727
0,6,0,11,0.4995,0.7150,0.7499,0.1043,0.0319
0,6,1,0,0.3410,0.6730,0.7947,-0.1822,0.0488
0,6,1,1,0.3168,0.5907,0.5692,-0.0402,0.0711
0,6,1,2,0.4090,0.6856,0.7496,0.0215,0.0442
0,6,1,3,0.4403,0.7324,0.8749,-0.0817,0.0248
0,6,1,4,0.3010,0.5421,0.5104,0.0029,0.0826
0,6,1,5,0.3893,0.6655,0.7990,-0.0839,0.0424
0,6,1,6,0.2230,0.4025,0.4340,-0.0320,0.1134
0,6,1,7,0.3048,0.5741,0.6281,-0.0540,0.0699
0,6,1,8,0.4542,0.7506,0.9246,-0.1221,0.0263
0,6,1,9,0.3721,0.6097,0.6942,-0.0471,0.0484
0,6,1,10,0.4064,0.6765,0.7876,-0.0127,0.0380
0,6,1,11,0.5725,0.7228,0.7334,0.2554,0.0424
0,6,2,0,0.2127,0.4804,0.4435,-0.0275,0.1209
0,6,2,1,0.2959,0.5232,0.5229,-0.0350,0.0803
0,6,2,2,0.2922,0.5485,0.5827,-0.0379,0.0763
0,6,2,3,0.3436,0.6186,0.6949,-0.0652,0.0573
0,6,2,4,0.4568,0.6906,0.8180,0.0321,0.0397
0,6,2,5,0.4724,0.7414,0.8808,-0.0203,0.0245
0,6,2,6,0.5092,0.6687,0.6894,0.1947,0.0488
0,6,2,7,0.4497,0.7249,0.8758,0.0112,0.0311
0,6,2,8,0.3922,0.7392,0.8045,-0.0839,0.0376
0,6,2,9,0.2089,0.4826,0.4456,-0.0385,0.1190
0,6,2,10,0.3404,0.6051,0.6619,-0.0183,0.0677
0,6,2,11,0.3832,0.6661,0.7507,-0.0315,0.0379
0,6,3,0,0.3827,0.5511,0.5982,0.0432,0.0789
0,6,3,1,0.4784,0.6953,0.8770,-0.0195,0.0275
0,6,3,2,0.4332,0.7333,0.8415,-0.0383,0.0342
0,6,3,3,0.4273,0.6991,0.8405,-0.0717,0.0384
0,6,3,4,0.4859,0.7350,0.9032,0.0019,0.0234
0,6,3,5,0.3011,0.5584,0.5365,0.0092,0.0896
0,6,3,6,0.4560,0.7190,0.8793,-0.0579,0.0368
0,6,3,7,0.4765,0.7031,0.8603,0.0203,0.0373
0,6,3,8,0.5105,0.7028,0.8043,0.1379,0.0376
0,6,3,9,0.2875,0.5253,0.5168,-0.0189,0.0849
0,6,3,10,0.4106,0.6733,0.6819,0.0221,0.0530
0,6,3,11,0.4578,0.6158,0.7168,0.1081,0.0454
0,6,4,0,0.4084,0.5483,0.6245,0.1335,0.0708
0,6,4,1,0.4857,0.7538,0.8837,-0.0113,0.0253
0,6,4,2,0.3900,0.5973,0.6961,0.0289,0.0511
0,6,4,3,0.2649,0.3685,0.4544,0.0285,0.1101
0,6,4,4,0.5601,0.7693,0.8060,0.2619,0.0367
0,6,4,5,0.3311,0.5185,0.5553,0.0202,0.0750
0,6,4,6,0.3815,0.5375,0.6050,0.0963,0.0705
0,6,4,7,0.3124,0.4633,0.4994,0.0449,0.0904
0,6,4,8,0.3522,0.5149,0.6011,0.0394,0.0685
0,6,4,9,0.4258,0.5809,0.7033,0.0686,0.0495
0,6,4,10,0.4127,0.5555,0.6384,0.1087,0.0568
0,6,4,11,0.3296,0.5145,0.5552,0.0506,0.0880
0,6,5,0,0.3352,0.4644,0.5455,0.0471,0.0797
0,6,5,1,0.2726,0.3646,0.4533,0.0296,0.1069
0,6,5,2,0.3815,0.6035,0.7481,0.0066,0.0496
0,6,5,3,0.4215,0.5369,0.6334,0.1381,0.0602
0,6,5,4,0.4005,0.5880,0.7267,0.0359,0.0534
0,6,5,5,0.2775,0.3817,0.4738,0.0288,0.1043
0,6,5,6,0.2855,0.3951,0.4682,0.0286,0.1012
0,6,5,7,0.3219,0.4210,0.4963,0.0618,0.0848
0,6,5,8,0.4132,0.5916,0.7070,0.0749,0.0509
0,6,5,9,0.3096,0.5377,0.5598,0.0089,0.0849
0,6,5,10,0.3889,0.5731,0.6389,0.0668,0.0684
0,6,5,11,0.3169,0.5127,0.5657,0.0299,0.0808
0,6,6,0,0.3203,0.4321,0.4806,0.0876,0.0904
0,6,6,1,0.4621,0.5868,0.6690,0.1697,0.0490
0,6,6,2,0.3697,0.5135,0.5886,0.0627,0.0671
0,6,6,3,0.3106,0.4459,0.4963,0.0483,0.0929
0,6,6,4,0.3646,0.5236,0.5701,0.0774,0.0757
0,6,6,5,0.3978,0.5298,0.5588,0.1182,0.0698
0,6,6,6,0.3679,0.5263,0.5915,0.0565,0.0691
0,6,6,7,0.4760,0.6272,0.7622,0.1145,0.0408
0,6,6,8,0.3819,0.5457,0.6292,0.0441,0.0660
0,6,6,9,0.3717,0.5247,0.5862,0.0515,0.0685
0,6,6,10,0.3377,0.4819,0.5294,0.0676,0.0861
0,6,6,11,0.3101,0.5235,0.5393,-0.0028,0.0877
0,6,7,0,0.4107,0.5546,0.6768,0.0822,0.0559
0,6,7,1,0.3746,0.5243,0.5931,0.0892,0.0700
0,6,7,2,0.3363,0.5112,0.5884,0.0297,0.0793
0,6,7,3,0.2976,0.3905,0.4780,0.0365,0.0971
0,6,7,4,0.3164,0.4936,0.5172,0.0357,0.0892
0,6,7,5,0.4829,0.6370,0.7721,0.1424,0.0410
0,6,7,6,0.2805,0.3628,0.4562,0.0367,0.1050
0,6,7,7,0.2611,0.3711,0.4610,0.0198,0.1109
0,6,7,8,0.3306,0.5721,0.7052,-0.0662,0.0602
0,6,7,9,0.3331,0.4686,0.5326,0.0579,0.0865
0,6,7,10,0.2963,0.4688,0.5119,0.0143,0.0909
0,6,7,11,0.2826,0.4259,0.5033,0.0191,0.0988
0,6,8,0,0.3281,0.4655,0.5469,0.0258,0.0783
0,6,8,1,0.3618,0.5170,0.6660,0.0123,0.0659
0,6,8,2,0.2496,0.3344,0.4382,0.0118,0.1148
0,6,8,3,0.3313,0.5180,0.6302,-0.0122,0.0687
0,6,8,4,0.3426,0.4802,0.5380,0.0780,0.0836
0,6,8,5,0.3042,0.4264,0.5036,0.0390,0.0915
0,6,8,6,0.2712,0.3669,0.4671,0.0132,0.1027
0,6,8,7,0.6114,0.8029,0.9342,0.2206,0.0168
0,6,8,8,0.5774,0.7408,0.9140,0.2210,0.0254
0,6,8,9,0.3952,0.5547,0.6811,0.0290,0.0509
0,6,8,10,0.3035,0.4279,0.5137,0.0185,0.0817
0,6,8,11,0.3659,0.5550,0.6907,-0.0010,0.0543
0,6,9,0,0.4263,0.5400,0.6242,0.1393,0.0689
0,6,9,1,0.3554,0.5645,0.6391,-0.0176,0.0643
0,6,9,2,0.4156,0.6718,0.8381,-0.0500,0.0422
0,6,9,3,0.3347,0.5233,0.6360,-0.0153,0.0687
0,6,9,4,0.3466,0.4830,0.5986,0.0371,0.0735
0,6,9,5,0.4701,0.6948,0.8907,0.0056,0.0324
0,6,9,6,0.2826,0.4045,0.4926,0.0020,0.0930
0,6,9,7,0.2931,0.3917,0.4754,0.0403,0.0988
0,6,9,8,0.5557,0.7500,0.9325,0.0948,0.0206
0,6,9,9,0.2577,0.3536,0.4551,0.0028,0.1086
0,6,9,10,0.5092,0.6450,0.8324,0.0618,0.0261
0,6,9,11,0.3726,0.6185,0.7400,-0.0870,0.0496
0,6,10,0,0.6374,0.8106,0.9809,0.1276,0.0120
0,6,10,1,0.4228,0.6523,0.7353,0.0629,0.0636
0,6,10,2,0.4775,0.7235,0.8794,-0.0700,0.0277
0,6,10,3,0.3684,0.6408,0.7395,-0.1236,0.0522
0,6,10,4,0.4296,0.6780,0.7659,0.0025,0.0482
0,6,10,5,0.4027,0.6311,0.7607,-0.0316,0.0508
0,6,10,6,0.3946,0.6372,0.7437,-0.0312,0.0537
0,6,10,7,0.4873,0.7177,0.8792,-0.0791,0.0291
0,6,10,8,0.3762,0.6120,0.7261,-0.0676,0.0597
0,6,10,9,0.4861,0.6740,0.7924,0.1052,0.0539
0,6,10,10,0.4370,0.6603,0.6952,0.0956,0.0561
0,6,10,11,0.5926,0.8008,0.9737,0.0723,0.0137
0,6,11,0,0.3398,0.5507,0.6110,-0.0558,0.0773
0,6,11,1,0.3510,0.5631,0.6265,-0.0467,0.0741
0,6,11,2,0.5490,0.6942,0.8538,0.0917,0.0258
0,6,11,3,0.3480,0.5571,0.6210,-0.0548,0.0725
0,6,11,4,0.3692,0.5804,0.6594,-0.0593,0.0640
0,6,11,5,0.3978,0.6127,0.7111,-0.0269,0.0609
0,6,11,6,0.4265,0.6127,0.7155,-0.0108,0.0542
0,6,11,7,0.3232,0.5491,0.6137,-0.0875,0.0772
0,6,11,8,0.5772,0.7106,0.8446,0.2199,0.0347
0,6,11,9,0.6009,0.7305,0.8997,0.1557,0.0210
0,6,11,10,0.4254,0.6137,0.7285,-0.0122,0.0503
0,6,11,11,0.3041,0.5294,0.5784,-0.0858,0.0853
0,7,0,0,0.6501,0.8052,0.8356,0.2151,0.0377
0,7,0,1,0.6776,0.8388,0.9981,0.4566,0.0112
0,7,0,2,0.4848,0.6225,0.9121,0.2735,0.0434
0,7,0,3,0.3569,0.5625,0.8987,0.0849,0.0427
0,7,0,4,0.6046,0.8172,0.9654,0.2749,0.0288
0,7,0,5,0.5359,0.7458,0.9872,0.2261,0.0107
0,7,0,6,0.5679,0.7995,0.8986,0.1162,0.0229
0,7,0,7,1.0000,1.0000,1.0000,1.0000,0.0000
0,7,0,8,0.6785,0.8272,0.9458,0.3803,0.0158
0,7,0,9,0.6267,0.7446,0.9916,0.3792,0.0175
0,7,0,10,0.3891,0.5692,0.8752,0.1671,0.0494
0,7,0,11,0.6642,0.7401,0.9624,0.4736,0.0124
0,7,1,0,0.4076,0.7095,0.9497,0.0798,0.0262
0,7,1,1,0.4172,0.5943,0.8679,0.2018,0.0473
0,7,1,2,0.7005,0.7516,0.9607,0.5688,0.0247
0,7,1,3,0.6672,0.7760,0.9895,0.4514,0.0155
0,7,1,4,0.3404,0.5702,0.8312,0.1340,0.0608
0,7,1,5,0.5496,0.7062,0.9539,0.3053,0.0204
0,7,1,6,0.4288,0.4390,0.7583,0.3180,0.0938
0,7,1,7,0.5340,0.6151,0.8808,0.3759,0.0503
0,7,1,8,0.5991,0.7167,0.9750,0.3085,0.0110
0,7,1,9,0.4221,0.6277,0.9165,0.1456,0.0267
0,7,1,10,0.6012,0.7012,0.9696,0.4037,0.0248
0,7,1,11,0.5632,0.6569,0.9564,0.3162,0.0202
0,7,2,0,0.3363,0.4769,0.7905,0.2037,0.1012
0,7,2,1,0.4463,0.5535,0.8271,0.2682,0.0592
0,7,2,2,0.5272,0.5794,0.8608,0.3863,0.0557
0,7,2,3,0.5298,0.6585,0.9164,0.3275,0.0345
0,7,2,4,0.6167,0.7137,0.9705,0.4035,0.0183
0,7,2,5,0.5728,0.7640,0.9821,0.2929,0.0131
0,7,2,6,0.4342,0.6039,0.9333,0.1529,0.0265
0,7,2,7,0.7126,0.7635,0.9866,0.5528,0.0212
0,7,2,8,0.5756,0.7666,0.9788,0.3434,0.0166
0,7,2,9,0.3264,0.4754,0.7919,0.1873,0.0993
0,7,2,10,0.6742,0.7067,0.9107,0.5668,0.0467
0,7,2,11,0.6453,0.7462,0.9555,0.4829,0.0213
0,7,3,0,0.5275,0.5982,0.8655,0.3430,0.0564
0,7,3,1,0.6647,0.7648,0.9784,0.4409,0.0116
0,7,3,2,0.4059,0.7539,0.9831,0.0546,0.0134
0,7,3,3,0.5386,0.7216,0.9676,0.2567,0.0173
0,7,3,4,0.5709,0.7234,0.9945,0.2869,0.0116
0,7,3,5,0.3712,0.5592,0.8464,0.1816,0.0670
0,7,3,6,0.5239,0.7275,0.9598,0.2097,0.0168
0,7,3,7,0.5686,0.7376,0.9701,0.3017,0.0148
0,7,3,8,0.7178,0.7681,0.9711,0.5636,0.0156
0,7,3,9,0.3892,0.5619,0.8341,0.2047,0.0618
0,7,3,10,0.4257,0.6943,0.9333,0.1490,0.0304
0,7,3,11,0.5498,0.6646,0.9223,0.3364,0.0237
0,7,4,0,0.4409,0.5987,0.8799,0.2411,0.0474
0,7,4,1,0.3519,0.7419,0.9979,-0.0870,0.0127
0,7,4,2,0.3065,0.6313,0.9182,-0.0018,0.0345
0,7,4,3,0.3121,0.4118,0.7641,0.1496,0.0895
0,7,4,4,0.3968,0.7491,0.9832,0.0742,0.0151
0,7,4,5,0.3264,0.5398,0.8296,0.0914,0.0520
0,7,4,6,0.4117,0.5800,0.8789,0.2056,0.0487
0,7,4,7,0.3074,0.4953,0.8186,0.1012,0.0697
0,7,4,8,0.3531,0.5598,0.8593,0.1182,0.0464
0,7,4,9,0.4157,0.6202,0.9167,0.1447,0.0318
0,7,4,10,0.3518,0.5669,0.8932,0.0905,0.0344
0,7,4,11,0.2709,0.5690,0.8453,0.0335,0.0647
0,7,5,0,0.2908,0.5003,0.8218,0.0529,0.0575
0,7,5,1,0.3265,0.4147,0.7730,0.1620,0.0858
0,7,5,2,0.3600,0.6611,0.9404,0.0738,0.0322
0,7,5,3,0.3457,0.5625,0.8899,0.0903,0.0399
0,7,5,4,0.3342,0.6148,0.9121,0.0313,0.0330
0,7,5,5,0.3296,0.4319,0.7804,0.1606,0.0847
0,7,5,6,0.3420,0.4426,0.7890,0.1691,0.0801
0,7,5,7,0.2930,0.4803,0.7998,0.0811,0.0643
0,7,5,8,0.3278,0.6141,0.9308,0.0320,0.0294
0,7,5,9,0.2831,0.5391,0.8536,0.0467,0.0625
0,7,5,10,0.3280,0.5806,0.8942,0.0564,0.0450
0,7,5,11,0.3439,0.5331,0.8459,0.1384,0.0598
0,7,6,0,0.2500,0.4900,0.8019,0.0394,0.0722
0,7,6,1,0.2934,0.6289,0.9169,-0.0163,0.0308
0,7,6,2,0.3263,0.5246,0.8626,0.0741,0.0465
0,7,6,3,0.3115,0.4792,0.8106,0.1112,0.0705
0,7,6,4,0.3329,0.5532,0.8623,0.0990,0.0534
0,7,6,5,0.2928,0.5821,0.8556,0.0287,0.0461
0,7,6,6,0.3144,0.5456,0.8647,0.0548,0.0459
0,7,6,7,0.3776,0.6572,0.9557,0.0546,0.0206
0,7,6,8,0.4148,0.6154,0.8820,0.1781,0.0442
0,7,6,9,0.3458,0.5345,0.8408,0.0928,0.0452
0,7,6,10,0.3828,0.5296,0.8345,0.1944,0.0636
0,7,6,11,0.2923,0.5239,0.8482,0.0516,0.0655
0,7,7,0,0.3766,0.5910,0.8846,0.1125,0.0338
0,7,7,1,0.3019,0.5647,0.8638,0.0504,0.0477
0,7,7,2,0.3260,0.5455,0.8607,0.0910,0.0569
0,7,7,3,0.3418,0.4301,0.7828,0.1606,0.0754
0,7,7,4,0.3485,0.5222,0.8308,0.1491,0.0667
0,7,7,5,0.4567,0.6801,0.9545,0.1862,0.0211
0,7,7,6,0.3415,0.4194,0.7707,0.1788,0.0856
0,7,7,7,0.2772,0.4127,0.7747,0.0998,0.0908
0,7,7,8,0.2994,0.5973,0.8555,-0.0028,0.0379
0,7,7,9,0.3320,0.4921,0.8242,0.1211,0.0647
0,7,7,10,0.2398,0.5043,0.8270,0.0042,0.0692
0,7,7,11,0.2797,0.4652,0.8081,0.0790,0.0780
0,7,8,0,0.3611,0.5405,0.8316,0.1481,0.0562
0,7,8,1,0.3999,0.5455,0.8774,0.1592,0.0460
0,7,8,2,0.3206,0.3867,0.7589,0.1674,0.0956
0,7,8,3,0.3450,0.5448,0.8684,0.0976,0.0461
0,7,8,4,0.2848,0.5250,0.8337,0.0563,0.0640
0,7,8,5,0.3226,0.4873,0.8071,0.1280,0.0711
0,7,8,6,0.3477,0.4221,0.7757,0.1829,0.0832
0,7,8,7,0.3876,0.7654,0.9933,-0.0513,0.0138
0,7,8,8,0.4078,0.7231,0.9801,0.0373,0.0148
0,7,8,9,0.4018,0.6057,0.9137,0.1346,0.0294
0,7,8,10,0.3228,0.4900,0.8152,0.1162,0.0613
0,7,8,11,0.4174,0.6262,0.8891,0.1724,0.0313
0,7,9,0,0.3655,0.5827,0.8886,0.1144,0.0462
0,7,9,1,0.4362,0.6499,0.8872,0.2020,0.0415
0,7,9,2,0.4006,0.6960,0.9484,0.0603,0.0207
0,7,9,3,0.4076,0.5638,0.8507,0.1834,0.0473
0,7,9,4,0.3720,0.5188,0.8452,0.1504,0.0533
0,7,9,5,0.4668,0.7096,0.9754,0.1348,0.0207
0,7,9,6,0.3588,0.4559,0.7857,0.1795,0.0732
0,7,9,7,0.3507,0.4561,0.7902,0.1803,0.0773
0,7,9,8,0.5259,0.7317,0.9856,0.1820,0.0117
0,7,9,9,0.3422,0.4022,0.7691,0.1832,0.0893
0,7,9,10,0.4229,0.6650,0.9635,0.0481,0.0094
0,7,9,11,0.4660,0.6489,0.9282,0.1899,0.0272
0,7,10,0,0.5762,0.7454,0.8850,0.1866,0.0145
0,7,10,1,0.2364,0.6186,0.8587,-0.1264,0.0408
0,7,10,2,0.4009,0.7073,0.9290,-0.0320,0.0084
0,7,10,3,0.3096,0.6058,0.7608,-0.0712,0.0306
0,7,10,4,0.3885,0.6494,0.8617,0.0571,0.0266
0,7,10,5,0.2435,0.5874,0.8412,-0.1567,0.0280
0,7,10,6,0.3402,0.6311,0.8521,0.0038,0.0312
0,7,10,7,0.4470,0.6794,0.8273,0.0290,0.0140
0,7,10,8,0.3458,0.5805,0.7235,0.0115,0.0375
0,7,10,9,0.3063,0.6203,0.8720,-0.0769,0.0322
0,7,10,10,0.4100,0.6295,0.9257,0.1399,0.0347
0,7,10,11,0.4018,0.7417,0.9446,-0.1115,0.0109
0,7,11,0,0.2963,0.5187,0.6712,-0.0117,0.0550
0,7,11,1,0.2870,0.5312,0.6804,-0.0333,0.0517
0,7,11,2,0.3444,0.6280,0.8206,-0.1223,0.0092
0,7,11,3,0.2651,0.5188,0.6666,-0.0677,0.0508
0,7,11,4,0.2697,0.5395,0.6949,-0.0908,0.0424
0,7,11,5,0.3002,0.5715,0.7201,-0.0591,0.0406
0,7,11,6,0.3488,0.5800,0.7464,-0.0099,0.0322
0,7,11,7,0.2476,0.5173,0.6625,-0.0848,0.0544
0,7,11,8,0.3908,0.6182,0.9256,0.0090,0.0149
0,7,11,9,0.3880,0.6743,0.8825,-0.0849,0.0092
0,7,11,10,0.2899,0.5631,0.7564,-0.1020,0.0275
0,7,11,11,0.2233,0.4951,0.6495,-0.0961,0.0626
0,8,0,0,0.7289,0.8506,0.9673,0.2171,0.0244
0,8,0,1,0.7378,0.8066,0.9412,0.5198,0.0148
0,8,0,2,0.3455,0.6468,0.7499,-0.0020,0.0592
0,8,0,3,0.3904,0.6283,0.7543,0.0762,0.0582
0,8,0,4,0.6254,0.8176,0.9966,0.2115,0.0199
0,8,0,5,0.5549,0.7322,0.9118,0.1780,0.0149
0,8,0,6,0.7051,0.8857,0.9920,0.2770,0.0084
0,8,0,7,0.6785,0.8272,0.9458,0.3803,0.0158
0,8,0,8,1.0000,1.0000,1.0000,1.0000,0.0000
0,8,0,9,0.4348,0.7386,0.9043,-0.0499,0.0242
0,8,0,10,0.5614,0.6683,0.6946,0.4088,0.0656
0,8,0,11,0.5578,0.7348,0.8268,0.2456,0.0243
0,8,1,0,0.2922,0.7117,0.8576,-0.2163,0.0411
0,8,1,1,0.3656,0.6053,0.6676,0.0738,0.0636
0,8,1,2,0.4481,0.6819,0.8266,0.1242,0.0374
0,8,1,3,0.4428,0.7126,0.9269,-0.0238,0.0185
0,8,1,4,0.2229,0.5350,0.6142,-0.0996,0.0765
0,8,1,5,0.3722,0.7000,0.8627,-0.0682,0.0348
0,8,1,6,0.1603,0.3929,0.5406,-0.1092,0.1077
0,8,1,7,0.2924,0.5818,0.7165,-0.0419,0.0631
0,8,1,8,0.4447,0.7463,0.9602,-0.0797,0.0195
0,8,1,9,0.2439,0.6111,0.7751,-0.2318,0.0413
0,8,1,10,0.4125,0.6710,0.8585,0.0368,0.0318
0,8,1,11,0.3780,0.7031,0.8126,-0.0770,0.0346
0,8,2,0,0.4171,0.5462,0.5520,0.3159,0.1152
0,8,2,1,0.3061,0.5488,0.6234,0.0113,0.0735
0,8,2,2,0.2360,0.5398,0.6776,-0.1009,0.0696
0,8,2,3,0.3077,0.6238,0.7756,-0.0885,0.0500
0,8,2,4,0.4347,0.7030,0.8812,0.0309,0.0330
0,8,2,5,0.4759,0.7619,0.9299,0.0353,0.0188
0,8,2,6,0.3131,0.6908,0.7742,-0.1286,0.0406
0,8,2,7,0.4823,0.7253,0.9277,0.1118,0.0254
0,8,2,8,0.4310,0.7541,0.8712,0.0332,0.0296
0,8,2,9,0.4066,0.5440,0.5539,0.2959,0.1133
0,8,2,10,0.3561,0.5943,0.7492,0.0401,0.0610
0,8,2,11,0.5128,0.6889,0.8257,0.2341,0.0319
0,8,3,0,0.2868,0.5694,0.6901,-0.0913,0.0711
0,8,3,1,0.5333,0.7192,0.9263,0.1358,0.0200
0,8,3,2,0.3130,0.7492,0.9012,-0.2140,0.0274
0,8,3,3,0.5271,0.7241,0.8972,0.1643,0.0310
0,8,3,4,0.4245,0.7121,0.9487,-0.0680,0.0172
0,8,3,5,0.2687,0.5558,0.6381,-0.0194,0.0837
0,8,3,6,0.3589,0.7250,0.9239,-0.1914,0.0301
0,8,3,7,0.4530,0.7345,0.9120,0.0199,0.0299
0,8,3,8,0.4843,0.7023,0.8699,0.1213,0.0307
0,8,3,9,0.3872,0.5640,0.6195,0.1703,0.0778
0,8,3,10,0.4861,0.7221,0.7673,0.1887,0.0454
0,8,3,11,0.4331,0.6316,0.7953,0.0930,0.0377
0,8,4,0,0.3418,0.5774,0.7138,0.0412,0.0633
0,8,4,1,0.4246,0.7445,0.9350,-0.0795,0.0183
0,8,4,2,0.2946,0.6168,0.7781,-0.1038,0.0445
0,8,4,3,0.2394,0.4048,0.5582,0.0061,0.1041
0,8,4,4,0.3971,0.7297,0.8732,-0.0104,0.0293
0,8,4,5,0.4094,0.5533,0.6506,0.1754,0.0687
0,8,4,6,0.3224,0.5588,0.6981,0.0189,0.0641
0,8,4,7,0.2436,0.4852,0.6035,-0.0460,0.0845
0,8,4,8,0.3252,0.5375,0.6931,0.0199,0.0617
0,8,4,9,0.3581,0.6086,0.7828,-0.0192,0.0436
0,8,4,10,0.2638,0.5554,0.7267,-0.1201,0.0510
0,8,4,11,0.2672,0.5660,0.6527,-0.0298,0.0803
0,8,5,0,0.3288,0.5174,0.6414,0.0591,0.0725
0,8,5,1,0.2327,0.3963,0.5591,-0.0154,0.1005
0,8,5,2,0.3181,0.6253,0.8226,-0.0695,0.0432
0,8,5,3,0.2693,0.5463,0.7223,-0.0980,0.0539
0,8,5,4,0.3148,0.6181,0.8001,-0.0808,0.0466
0,8,5,5,0.2456,0.4173,0.5767,-0.0029,0.0985
0,8,5,6,0.2375,0.4229,0.5738,-0.0284,0.0951
0,8,5,7,0.2644,0.4642,0.5980,-0.0121,0.0786
0,8,5,8,0.4385,0.6243,0.7893,0.1457,0.0446
0,8,5,9,0.3714,0.5952,0.6585,0.1352,0.0784
0,8,5,10,0.3112,0.6068,0.7290,-0.0387,0.0606
0,8,5,11,0.3229,0.5377,0.6617,0.0628,0.0746
0,8,6,0,0.2297,0.4576,0.5854,-0.0422,0.0845
0,8,6,1,0.3434,0.5889,0.7550,-0.0133,0.0428
0,8,6,2,0.2711,0.5288,0.6828,-0.0776,0.0614
0,8,6,3,0.2603,0.4726,0.6001,-0.0132,0.0870
0,8,6,4,0.2798,0.5518,0.6678,-0.0411,0.0696
0,8,6,5,0.3901,0.5820,0.6581,0.1251,0.0628
0,8,6,6,0.3822,0.5736,0.6864,0.1052,0.0618
0,8,6,7,0.4069,0.6503,0.8361,0.0212,0.0342
0,8,6,8,0.2764,0.5682,0.7183,-0.1066,0.0593
0,8,6,9,0.3154,0.5525,0.6770,-0.0172,0.0614
0,8,6,10,0.2840,0.5055,0.6301,0.0002,0.0794
0,8,6,11,0.2605,0.5510,0.6403,-0.0578,0.0803
0,8,7,0,0.3257,0.5792,0.7549,-0.0366,0.0497
0,8,7,1,0.3880,0.5646,0.6864,0.1325,0.0638
0,8,7,2,0.3158,0.5558,0.6825,0.0209,0.0723
0,8,7,3,0.2691,0.4232,0.5806,0.0108,0.0902
0,8,7,4,0.2520,0.5215,0.6198,-0.0471,0.0829
0,8,7,5,0.4338,0.6377,0.8422,0.0823,0.0344
0,8,7,6,0.2660,0.3975,0.5609,0.0322,0.0989
0,8,7,7,0.2374,0.4102,0.5655,0.0011,0.1048
0,8,7,8,0.3391,0.6370,0.7705,-0.0146,0.0532
0,8,7,9,0.2729,0.5003,0.6319,-0.0194,0.0798
0,8,7,10,0.3519,0.5376,0.6152,0.1277,0.0846
0,8,7,11,0.2517,0.4665,0.6051,-0.0094,0.0928
0,8,8,0,0.2858,0.5137,0.6442,-0.0192,0.0714
0,8,8,1,0.3410,0.5486,0.7471,0.0072,0.0594
0,8,8,2,0.2340,0.3675,0.5442,0.0059,0.1091
0,8,8,3,0.2890,0.5543,0.7185,-0.0529,0.0617
0,8,8,4,0.2363,0.4942,0.6368,-0.0761,0.0779
0,8,8,5,0.2803,0.4586,0.6049,0.0209,0.0854
0,8,8,6,0.2560,0.4061,0.5704,0.0095,0.0971
0,8,8,7,0.4712,0.7569,0.9706,-0.0207,0.0102
0,8,8,8,0.4051,0.7397,0.9538,-0.0732,0.0190
0,8,8,9,0.3822,0.6146,0.7656,0.0381,0.0441
0,8,8,10,0.3079,0.4796,0.6147,0.0490,0.0754
0,8,8,11,0.3616,0.6140,0.7672,0.0239,0.0464
0,8,9,0,0.3677,0.5948,0.7164,0.0605,0.0620
0,8,9,1,0.2752,0.5926,0.7265,-0.1209,0.0570
0,8,9,2,0.3534,0.7091,0.8912,-0.1182,0.0349
0,8,9,3,0.3490,0.5673,0.7176,0.0395,0.0619
0,8,9,4,0.3265,0.5278,0.6872,0.0288,0.0671
0,8,9,5,0.4769,0.7144,0.9364,0.0631,0.0263
0,8,9,6,0.2509,0.4418,0.5926,-0.0258,0.0868
0,8,9,7,0.2891,0.4310,0.5793,0.0532,0.0927
0,8,9,8,0.4877,0.7756,0.9696,0.0052,0.0130
0,8,9,9,0.2459,0.3842,0.5596,0.0049,0.1033
0,8,9,10,0.4504,0.6679,0.8905,-0.0075,0.0194
0,8,9,11,0.3441,0.6442,0.8131,-0.0929,0.0423
0,8,10,0,0.5107,0.8223,0.9771,-0.0987,0.0064
0,8,10,1,0.3763,0.7061,0.7917,0.0124,0.0560
0,8,10,2,0.4222,0.7891,0.9150,-0.1223,0.0205
0,8,10,3,0.3644,0.7012,0.7713,-0.0813,0.0446
0,8,10,4,0.3472,0.7114,0.8157,-0.1061,0.0401
0,8,10,5,0.3706,0.6951,0.8062,-0.0478,0.0431
0,8,10,6,0.3682,0.7019,0.7962,-0.0380,0.0459
0,8,10,7,0.4714,0.7741,0.8892,-0.0509,0.0215
0,8,10,8,0.3919,0.6752,0.7536,0.0027,0.0519
0,8,10,9,0.4050,0.7342,0.8385,-0.0087,0.0454
0,8,10,10,0.2417,0.6854,0.7792,-0.2152,0.0487
0,8,10,11,0.5678,0.8093,0.9878,0.0759,0.0069
0,8,11,0,0.3788,0.6280,0.6519,0.0478,0.0700
0,8,11,1,0.3747,0.6369,0.6665,0.0307,0.0670
0,8,11,2,0.5263,0.7499,0.8701,0.0915,0.0187
0,8,11,3,0.3563,0.6369,0.6585,-0.0029,0.0660
0,8,11,4,0.3816,0.6506,0.6946,0.0031,0.0576
0,8,11,5,0.3923,0.6909,0.7393,0.0030,0.0537
0,8,11,6,0.4231,0.6801,0.7482,0.0243,0.0472
0,8,11,7,0.3473,0.6142,0.6519,-0.0071,0.0698
0,8,11,8,0.4852,0.7451,0.8910,0.0762,0.0267
0,8,11,9,0.5198,0.7931,0.9189,0.0346,0.0142
0,8,11,10,0.4181,0.6751,0.7616,0.0157,0.0426
0,8,11,11,0.3229,0.5985,0.6223,-0.0172,0.0781
0,9,0,0,0.5483,0.7187,0.7702,0.0173,0.0371
0,9,0,1,0.3778,0.6899,0.9938,-0.0118,0.0176
0,9,0,2,0.3931,0.6913,0.9539,0.1558,0.0414
0,9,0,3,0.2286,0.6283,0.9393,-0.0781,0.0405
0,9,0,4,0.3953,0.7038,0.9317,-0.0632,0.0261
0,9,0,5,0.4874,0.6309,0.9938,0.1749,0.0186
0,9,0,6,0.5476,0.7489,0.8444,0.1278,0.0288
0,9,0,7,0.6267,0.7446,0.9916,0.3792,0.0175
0,9,0,8,0.4348,0.7386,0.9043,-0.0499,0.0242
0,9,0,9,1.0000,1.0000,1.0000,1.0000,0.0000
0,9,0,10,0.2195,0.5985,0.9227,-0.0553,0.0472
0,9,0,11,0.5667,0.8323,0.9868,0.3372,0.0170
0,9,1,0,0.5353,0.7092,0.9731,0.3000,0.0263
0,9,1,1,0.4770,0.7311,0.9206,0.2995,0.0439
0,9,1,2,0.6279,0.7660,0.9864,0.4675,0.0169
0,9,1,3,0.7065,0.8312,0.9931,0.5318,0.0109
0,9,1,4,0.4136,0.6655,0.8903,0.2478,0.0554
0,9,1,5,0.5269,0.7139,0.9795,0.2891,0.0184
0,9,1,6,0.5337,0.5784,0.8340,0.4604,0.0844
0,9,1,7,0.5503,0.6976,0.9340,0.4059,0.0414
0,9,1,8,0.5414,0.7430,0.9687,0.2394,0.0128
0,9,1,9,0.4908,0.6748,0.9591,0.2670,0.0217
0,9,1,10,0.5919,0.7591,0.9914,0.4026,0.0160
0,9,1,11,0.7463,0.8020,0.9823,0.6151,0.0172
0,9,2,0,0.2043,0.5303,0.8516,0.0350,0.0917
0,9,2,1,0.5190,0.7311,0.8880,0.3784,0.0526
0,9,2,2,0.5982,0.7317,0.9184,0.4895,0.0477
0,9,2,3,0.5518,0.7060,0.9595,0.3717,0.0312
0,9,2,4,0.5585,0.7646,0.9902,0.3299,0.0150
0,9,2,5,0.5319,0.7728,0.9865,0.2512,0.0092
0,9,2,6,0.5605,0.7349,0.9680,0.3610,0.0261
0,9,2,7,0.6755,0.8135,0.9924,0.5061,0.0102
0,9,2,8,0.4969,0.7458,0.9962,0.2409,0.0215
0,9,2,9,0.2051,0.5312,0.8529,0.0334,0.0898
0,9,2,10,0.7035,0.8020,0.9557,0.6096,0.0388
0,9,2,11,0.5863,0.7999,0.9846,0.4048,0.0166
0,9,3,0,0.5059,0.6543,0.9222,0.3225,0.0562
0,9,3,1,0.4970,0.6934,0.9857,0.1898,0.0115
0,9,3,2,0.4218,0.7135,0.9962,0.1083,0.0162
0,9,3,3,0.4528,0.7388,0.9844,0.1454,0.0225
0,9,3,4,0.5183,0.6874,0.9901,0.2269,0.0134
0,9,3,5,0.3836,0.6672,0.9035,0.2100,0.0630
0,9,3,6,0.5401,0.7192,0.9676,0.2626,0.0229
0,9,3,7,0.5224,0.7264,0.9824,0.2509,0.0167
0,9,3,8,0.6215,0.8296,0.9920,0.4262,0.0173
0,9,3,9,0.4388,0.7181,0.8945,0.2834,0.0583
0,9,3,10,0.3594,0.7172,0.9657,0.0723,0.0297
0,9,3,11,0.4689,0.6829,0.9602,0.2314,0.0253
0,9,4,0,0.2849,0.5372,0.9334,0.0350,0.0442
0,9,4,1,0.3027,0.6067,0.9961,-0.1279,0.0091
0,9,4,2,0.3011,0.5226,0.9603,0.0145,0.0238
0,9,4,3,0.1887,0.3315,0.8391,-0.0058,0.0811
0,9,4,4,0.2725,0.6705,0.9960,-0.0868,0.0203
0,9,4,5,0.2198,0.4668,0.8892,-0.0398,0.0475
0,9,4,6,0.2065,0.5148,0.9324,-0.0675,0.0420
0,9,4,7,0.1828,0.4364,0.8821,-0.0545,0.0618
0,9,4,8,0.2150,0.4308,0.9136,-0.0582,0.0408
0,9,4,9,0.2973,0.5154,0.9580,-0.0077,0.0229
0,9,4,10,0.2272,0.5040,0.9428,-0.0670,0.0330
0,9,4,11,0.2052,0.5131,0.9066,-0.0394,0.0604
0,9,5,0,0.2096,0.4164,0.8845,-0.0418,0.0516
0,9,5,1,0.1817,0.3277,0.8458,-0.0226,0.0776
0,9,5,2,0.2820,0.5615,0.9740,-0.0170,0.0221
0,9,5,3,0.2344,0.4790,0.9405,-0.0481,0.0330
0,9,5,4,0.2640,0.5125,0.9520,-0.0468,0.0250
0,9,5,5,0.2007,0.3441,0.8527,-0.0027,0.0754
0,9,5,6,0.1870,0.3653,0.8582,-0.0298,0.0736
0,9,5,7,0.2120,0.3836,0.8685,-0.0147,0.0558
0,9,5,8,0.2348,0.4961,0.9672,-0.0790,0.0228
0,9,5,9,0.2109,0.5391,0.9115,-0.0355,0.0589
0,9,5,10,0.1997,0.5528,0.9422,-0.1051,0.0435
0,9,5,11,0.2062,0.4434,0.9065,-0.0369,0.0531
0,9,6,0,0.1948,0.3677,0.8697,-0.0202,0.0627
0,9,6,1,0.2415,0.5058,0.9584,-0.0665,0.0237
0,9,6,2,0.2473,0.4463,0.9200,-0.0183,0.0401
0,9,6,3,0.1801,0.3916,0.8763,-0.0542,0.0658
0,9,6,4,0.2096,0.4940,0.9178,-0.0556,0.0485
0,9,6,5,0.2361,0.4833,0.9115,-0.0308,0.0439
0,9,6,6,0.2038,0.4730,0.9189,-0.0810,0.0438
0,9,6,7,0.2777,0.5435,0.9827,-0.0685,0.0157
0,9,6,8,0.3976,0.5775,0.9347,0.1699,0.0400
0,9,6,9,0.2179,0.4603,0.8990,-0.0688,0.0417
0,9,6,10,0.1907,0.4554,0.8959,-0.0575,0.0588
0,9,6,11,0.1659,0.5343,0.9056,-0.1053,0.0609
0,9,7,0,0.2355,0.5170,0.9334,-0.0701,0.0304
0,9,7,1,0.2101,0.4386,0.9192,-0.0589,0.0435
0,9,7,2,0.2144,0.4821,0.9185,-0.0473,0.0526
0,9,7,3,0.2028,0.3474,0.8542,-0.0166,0.0685
0,9,7,4,0.1619,0.5022,0.8923,-0.0934,0.0614
0,9,7,5,0.2918,0.5711,0.9826,-0.0378,0.0178
0,9,7,6,0.2006,0.3259,0.8441,-0.0012,0.0761
0,9,7,7,0.1804,0.3277,0.8482,-0.0182,0.0821
0,9,7,8,0.2539,0.5083,0.8958,-0.0444,0.0378
0,9,7,9,0.1910,0.3984,0.8879,-0.0581,0.0583
0,9,7,10,0.1966,0.4488,0.8892,-0.0373,0.0626
0,9,7,11,0.1847,0.3974,0.8764,-0.0357,0.0702
0,9,8,0,0.2752,0.4436,0.8945,0.0434,0.0501
0,9,8,1,0.2854,0.4624,0.9262,0.0134,0.0367
0,9,8,2,0.1735,0.2977,0.8344,-0.0202,0.0860
0,9,8,3,0.2231,0.4343,0.9188,-0.0556,0.0418
0,9,8,4,0.2019,0.4052,0.8969,-0.0410,0.0553
0,9,8,5,0.1961,0.3718,0.8755,-0.0312,0.0630
0,9,8,6,0.1841,0.3255,0.8486,-0.0280,0.0749
0,9,8,7,0.3488,0.6965,0.9788,-0.0761,0.0189
0,9,8,8,0.3299,0.6413,0.9769,-0.0537,0.0118
0,9,8,9,0.2695,0.4892,0.9556,-0.0370,0.0249
0,9,8,10,0.1906,0.3982,0.8819,-0.0506,0.0546
0,9,8,11,0.2603,0.4928,0.9358,-0.0351,0.0308
0,9,9,0,0.3144,0.5204,0.9383,0.0601,0.0438
0,9,9,1,0.4437,0.6229,0.9387,0.2286,0.0398
0,9,9,2,0.3865,0.6195,0.9665,0.0667,0.0179
0,9,9,3,0.2713,0.4643,0.9055,0.0063,0.0409
0,9,9,4,0.2533,0.4307,0.9048,0.0000,0.0463
0,9,9,5,0.3320,0.6134,0.9794,-0.0492,0.0071
0,9,9,6,0.2388,0.3755,0.8570,0.0272,0.0644
0,9,9,7,0.2127,0.3517,0.8611,0.0039,0.0702
0,9,9,8,0.5602,0.7055,0.9737,0.2704,0.0137
0,9,9,9,0.1931,0.3114,0.8431,-0.0080,0.0807
0,9,9,10,0.4402,0.5822,0.9785,0.1081,0.0142
0,9,9,11,0.4531,0.6171,0.9653,0.1917,0.0269
0,9,10,0,0.5954,0.7380,0.8459,0.2652,0.0202
0,9,10,1,0.2786,0.5823,0.8855,-0.0349,0.0399
0,9,10,2,0.4755,0.6799,0.9287,0.1308,0.0192
0,9,10,3,0.3208,0.5581,0.7765,-0.0224,0.0309
0,9,10,4,0.4507,0.6418,0.8910,0.1777,0.0292
0,9,10,5,0.2371,0.5420,0.8619,-0.1326,0.0289
0,9,10,6,0.3974,0.6027,0.8781,0.1158,0.0315
0,9,10,7,0.4225,0.6240,0.8155,0.0262,0.0212
0,9,10,8,0.2711,0.5140,0.7342,-0.0725,0.0379
0,9,10,9,0.3593,0.6114,0.8875,0.0355,0.0378
0,9,10,10,0.6503,0.7698,0.9645,0.5088,0.0355
0,9,10,11,0.3607,0.6889,0.9183,-0.1363,0.0182
0,9,11,0,0.2045,0.4552,0.7052,-0.1192,0.0536
0,9,11,1,0.2103,0.4608,0.7129,-0.1183,0.0504
0,9,11,2,0.3193,0.5691,0.8173,-0.1219,0.0124
0,9,11,3,0.2218,0.4599,0.6982,-0.1033,0.0498
0,9,11,4,0.2343,0.4721,0.7213,-0.1131,0.0408
0,9,11,5,0.2567,0.5074,0.7385,-0.0942,0.0412
0,9,11,6,0.2934,0.5118,0.7686,-0.0642,0.0325
0,9,11,7,0.1969,0.4512,0.6927,-0.1307,0.0534
0,9,11,8,0.3614,0.6067,0.9384,-0.0046,0.0168
0,9,11,9,0.4436,0.6384,0.8737,0.0537,0.0124
0,9,11,10,0.2572,0.5016,0.7743,-0.1185,0.0273
0,9,11,11,0.1737,0.4322,0.6868,-0.1405,0.0609
0,10,0,0,0.3626,0.5037,0.4909,-0.0212,0.0845
0,10,0,1,0.4285,0.6504,0.8823,0.2327,0.0534
0,10,0,2,0.3272,0.6329,0.9943,0.1646,0.0130
0,10,0,3,0.2777,0.6913,0.9894,0.1036,0.0118
0,10,0,4,0.4801,0.6223,0.7336,0.2855,0.0706
0,10,0,5,0.2479,0.5440,0.9020,-0.0167,0.0516
0,10,0,6,0.3595,0.5854,0.5990,0.0472,0.0727
0,10,0,7,0.3891,0.5692,0.8752,0.1671,0.0494
0,10,0,8,0.5614,0.6683,0.6946,0.4088,0.0656
0,10,0,9,0.2195,0.5985,0.9227,-0.0553,0.0472
0,10,0,10,1.0000,1.0000,1.0000,1.0000,0.0000
0,10,0,11,0.4858,0.6762,0.9682,0.3310,0.0415
0,10,1,0,0.2129,0.4576,0.9250,-0.0245,0.0301
0,10,1,1,0.7260,0.7413,0.9857,0.6655,0.0093
0,10,1,2,0.4246,0.5283,0.9718,0.2713,0.0306
0,10,1,3,0.3318,0.4897,0.8902,0.1053,0.0492
0,10,1,4,0.1962,0.4908,0.9827,0.0436,0.0164
0,10,1,5,0.3044,0.4685,0.9234,0.0974,0.0305
0,10,1,6,0.1992,0.2514,0.9575,0.0815,0.0489
0,10,1,7,0.2750,0.3884,0.9668,0.1174,0.0138
0,10,1,8,0.3318,0.5092,0.8255,0.0856,0.0470
0,10,1,9,0.1787,0.3947,0.9596,-0.0420,0.0251
0,10,1,10,0.3351,0.5016,0.9601,0.1486,0.0355
0,10,1,11,0.1936,0.6625,0.9702,-0.0567,0.0309
0,10,2,0,0.8839,0.9015,0.9673,0.8778,0.0565
0,10,2,1,0.3793,0.5221,0.9666,0.2539,0.0131
0,10,2,2,0.2178,0.3607,0.9771,0.0609,0.0177
0,10,2,3,0.2800,0.4213,0.9607,0.0981,0.0173
0,10,2,4,0.3628,0.5539,0.9310,0.1700,0.0330
0,10,2,5,0.4606,0.5508,0.8787,0.2833,0.0500
0,10,2,6,0.1951,0.7208,0.9829,-0.0281,0.0264
0,10,2,7,0.3669,0.4967,0.8969,0.1735,0.0448
0,10,2,8,0.3957,0.5492,0.9369,0.2162,0.0370
0,10,2,9,0.8783,0.8986,0.9676,0.8706,0.0547
0,10,2,10,0.2911,0.4427,0.9849,0.1283,0.0152
0,10,2,11,0.4063,0.4776,0.9549,0.2469,0.0353
0,10,3,0,0.2745,0.5126,0.9673,0.1027,0.0289
0,10,3,1,0.5217,0.6234,0.8820,0.3666,0.0455
0,10,3,2,0.2917,0.6288,0.9222,0.0679,0.0384
0,10,3,3,0.5183,0.6699,0.9097,0.3693,0.0370
0,10,3,4,0.2351,0.4959,0.8681,-0.0328,0.0497
0,10,3,5,0.2296,0.5804,0.9889,0.0854,0.0203
0,10,3,6,0.2925,0.5513,0.8563,0.0480,0.0418
0,10,3,7,0.4072,0.5887,0.8882,0.2164,0.0379
0,10,3,8,0.3524,0.5454,0.9387,0.1561,0.0358
0,10,3,9,0.5646,0.6120,0.9793,0.4830,0.0172
0,10,3,10,0.6021,0.7669,0.9743,0.4974,0.0215
0,10,3,11,0.3233,0.5575,0.9641,0.1402,0.0278
0,10,4,0,0.2777,0.5548,0.9702,0.1210,0.0074
0,10,4,1,0.3064,0.5719,0.8917,0.0627,0.0482
0,10,4,2,0.2169,0.4939,0.9750,0.0216,0.0256
0,10,4,3,0.1835,0.3945,0.9584,0.0593,0.0445
0,10,4,4,0.3164,0.6013,0.9393,0.1175,0.0372
0,10,4,5,0.4531,0.6272,0.9608,0.3408,0.0079
0,10,4,6,0.2540,0.5393,0.9779,0.0959,0.0097
0,10,4,7,0.2373,0.5006,0.9784,0.0999,0.0242
0,10,4,8,0.2725,0.4903,0.9742,0.1170,0.0151
0,10,4,9,0.3088,0.5431,0.9594,0.1283,0.0246
0,10,4,10,0.1577,0.4555,0.9673,-0.0376,0.0163
0,10,4,11,0.3600,0.5861,0.9777,0.2380,0.0164
0,10,5,0,0.3540,0.5110,0.9612,0.2269,0.0130
0,10,5,1,0.2121,0.3759,0.9646,0.0884,0.0414
0,10,5,2,0.2689,0.5102,0.9637,0.0846,0.0252
0,10,5,3,0.1558,0.4586,0.9690,-0.0349,0.0158
0,10,5,4,0.2523,0.5196,0.9460,0.0617,0.0225
0,10,5,5,0.2180,0.3975,0.9630,0.0922,0.0400
0,10,5,6,0.2147,0.4048,0.9717,0.0836,0.0337
0,10,5,7,0.3048,0.4644,0.9656,0.1799,0.0218
0,10,5,8,0.3149,0.5878,0.9794,0.1453,0.0247
0,10,5,9,0.6691,0.7649,0.9865,0.6056,0.0158
0,10,5,10,0.2449,0.6172,0.9856,0.0703,0.0088
0,10,5,11,0.3067,0.5919,0.9753,0.1750,0.0189
0,10,6,0,0.1349,0.4127,0.9718,-0.0106,0.0318
0,10,6,1,0.2112,0.5305,0.9690,0.0172,0.0248
0,10,6,2,0.1739,0.3952,0.9796,-0.0056,0.0115
0,10,6,3,0.2293,0.4650,0.9763,0.0926,0.0249
0,10,6,4,0.2139,0.5128,0.9827,0.0514,0.0076
0,10,6,5,0.4368,0.5945,0.9873,0.3157,0.0078
0,10,6,6,0.4906,0.6163,0.9851,0.3792,0.0101
0,10,6,7,0.3275,0.5230,0.9586,0.1368,0.0319
0,10,6,8,0.2157,0.4808,0.9730,0.0309,0.0099
0,10,6,9,0.2524,0.5247,0.9568,0.0849,0.0089
0,10,6,10,0.2002,0.4397,0.9755,0.0484,0.0171
0,10,6,11,0.2513,0.5818,0.9858,0.1021,0.0165
0,10,7,0,0.2553,0.4811,0.9390,0.0748,0.0169
0,10,7,1,0.2963,0.5491,0.9719,0.1489,0.0109
0,10,7,2,0.3694,0.5567,0.9810,0.2399,0.0102
0,10,7,3,0.2485,0.3976,0.9626,0.1189,0.0306
0,10,7,4,0.2496,0.5599,0.9802,0.1091,0.0186
0,10,7,5,0.3769,0.5626,0.9399,0.2050,0.0311
0,10,7,6,0.2357,0.3676,0.9617,0.1138,0.0405
0,10,7,7,0.1865,0.3654,0.9689,0.0621,0.0452
0,10,7,8,0.3334,0.5465,0.9016,0.1717,0.0143
0,10,7,9,0.2163,0.4417,0.9759,0.0669,0.0181
0,10,7,10,0.4300,0.6018,0.9838,0.3272,0.0223
0,10,7,11,0.2162,0.4213,0.9748,0.0839,0.0316
0,10,8,0,0.2728,0.4964,0.9720,0.1269,0.0116
0,10,8,1,0.3054,0.4718,0.9587,0.1433,0.0212
0,10,8,2,0.2159,0.3421,0.9582,0.1002,0.0507
0,10,8,3,0.2903,0.4601,0.9794,0.1342,0.0093
0,10,8,4,0.1434,0.4193,0.9719,-0.0187,0.0201
0,10,8,5,0.2438,0.4275,0.9687,0.1104,0.0251
0,10,8,6,0.2276,0.3819,0.9596,0.1019,0.0381
0,10,8,7,0.3020,0.5778,0.8310,0.0450,0.0550
0,10,8,8,0.3290,0.6069,0.8447,0.1085,0.0475
0,10,8,9,0.4340,0.6020,0.9755,0.2911,0.0225
0,10,8,10,0.3155,0.4719,0.9735,0.1892,0.0191
0,10,8,11,0.3474,0.5667,0.9438,0.1892,0.0207
0,10,9,0,0.3705,0.6328,0.9894,0.2263,0.0068
0,10,9,1,0.2438,0.5028,0.9680,0.0612,0.0114
0,10,9,2,0.2822,0.5445,0.8929,0.0625,0.0323
0,10,9,3,0.2765,0.4802,0.9452,0.1145,0.0111
0,10,9,4,0.2451,0.4629,0.9566,0.0863,0.0117
0,10,9,5,0.3443,0.5933,0.8704,0.1301,0.0431
0,10,9,6,0.2179,0.3957,0.9597,0.0801,0.0296
0,10,9,7,0.2688,0.4710,0.9651,0.1465,0.0311
0,10,9,8,0.3391,0.7149,0.8451,0.0961,0.0532
0,10,9,9,0.2061,0.3461,0.9599,0.0810,0.0446
0,10,9,10,0.3792,0.6159,0.9042,0.1715,0.0468
0,10,9,11,0.2362,0.4658,0.9479,0.0174,0.0250
0,10,10,0,0.3870,0.6502,0.6263,0.1232,0.0625
0,10,10,1,0.2687,0.6622,0.8699,0.0774,0.0244
0,10,10,2,0.3019,0.6452,0.8190,0.0431,0.0467
0,10,10,3,0.2066,0.4842,0.7324,-0.0311,0.0321
0,10,10,4,0.2654,0.6424,0.8413,0.0487,0.0285
0,10,10,5,0.3058,0.5735,0.8207,0.1072,0.0251
0,10,10,6,0.2717,0.6544,0.8508,0.0679,0.0283
0,10,10,7,0.2917,0.5235,0.6696,0.0184,0.0487
0,10,10,8,0.3001,0.4654,0.7010,0.1042,0.0284
0,10,10,9,0.2823,0.6866,0.8428,0.0683,0.0362
0,10,10,10,0.2195,0.6568,0.9844,0.0174,0.0229
0,10,10,11,0.3877,0.6191,0.7281,0.1384,0.0588
0,10,11,0,0.3128,0.4698,0.7136,0.1442,0.0279
0,10,11,1,0.2799,0.4512,0.7172,0.0995,0.0276
0,10,11,2,0.4559,0.6252,0.6959,0.2672,0.0467
0,10,11,3,0.2901,0.4780,0.6994,0.1116,0.0259
0,10,11,4,0.3062,0.4869,0.7075,0.1185,0.0281
0,10,11,5,0.3220,0.5176,0.6940,0.1323,0.0299
0,10,11,6,0.3324,0.4914,0.7201,0.1344,0.0331
0,10,11,7,0.2584,0.4317,0.7004,0.0760,0.0277
0,10,11,8,0.4083,0.6992,0.8660,0.2168,0.0410
0,10,11,9,0.4152,0.6914,0.7346,0.1970,0.0514
0,10,11,10,0.3567,0.5529,0.7333,0.1666,0.0299
0,10,11,11,0.2440,0.4269,0.7131,0.0698,0.0301
0,11,0,0,0.4933,0.6492,0.6597,-0.0126,0.0450
0,11,0,1,0.5284,0.7228,0.9650,0.2713,0.0154
0,11,0,2,0.7366,0.8058,0.9861,0.6498,0.0350
0,11,0,3,0.5747,0.6793,0.9683,0.4291,0.0341
0,11,0,4,0.5958,0.7043,0.8626,0.3394,0.0322
0,11,0,5,0.4230,0.6008,0.9725,0.1150,0.0119
0,11,0,6,0.4995,0.7150,0.7499,0.1043,0.0319
0,11,0,7,0.6642,0.7401,0.9624,0.4736,0.0124
0,11,0,8,0.5578,0.7348,0.8268,0.2456,0.0243
0,11,0,9,0.5667,0.8323,0.9868,0.3372,0.0170
0,11,0,10,0.4858,0.6762,0.9682,0.3310,0.0415
0,11,0,11,1.0000,1.0000,1.0000,1.0000,0.0000
0,11,1,0,0.4572,0.6405,0.9629,0.2130,0.0241
0,11,1,1,0.5712,0.7346,0.9700,0.4413,0.0391
0,11,1,2,0.6588,0.7418,0.9992,0.5254,0.0165
0,11,1,3,0.7218,0.7915,0.9684,0.5776,0.0150
0,11,1,4,0.5382,0.6625,0.9509,0.4246,0.0521
0,11,1,5,0.6055,0.6850,0.9699,0.4293,0.0147
0,11,1,6,0.5534,0.5011,0.9006,0.4847,0.0854
0,11,1,7,0.6192,0.6453,0.9644,0.5083,0.0408
0,11,1,8,0.5526,0.6819,0.9211,0.2975,0.0138
0,11,1,9,0.4310,0.6084,0.9766,0.2063,0.0189
0,11,1,10,0.6632,0.7182,0.9942,0.5231,0.0152
0,11,1,11,0.4062,0.7353,0.9994,0.1310,0.0164
0,11,2,0,0.4408,0.5789,0.9241,0.3510,0.0930
0,11,2,1,0.6954,0.7352,0.9428,0.6211,0.0500
0,11,2,2,0.6037,0.6461,0.9604,0.5012,0.0466
0,11,2,3,0.6093,0.6565,0.9764,0.4676,0.0264
0,11,2,4,0.6584,0.7266,0.9803,0.5015,0.0141
0,11,2,5,0.6718,0.7462,0.9573,0.5004,0.0129
0,11,2,6,0.3239,0.7374,0.9936,0.0466,0.0190
0,11,2,7,0.7453,0.7583,0.9669,0.6268,0.0168
0,11,2,8,0.6540,0.7378,0.9928,0.4980,0.0097
0,11,2,9,0.4273,0.5738,0.9250,0.3320,0.0912
0,11,2,10,0.6655,0.7255,0.9839,0.5612,0.0369
0,11,2,11,0.7487,0.7803,0.9934,0.6504,0.0113
0,11,3,0,0.4404,0.6474,0.9588,0.2499,0.0518
0,11,3,1,0.6050,0.7020,0.9559,0.3948,0.0097
0,11,3,2,0.3986,0.7171,0.9816,0.1112,0.0104
0,11,3,3,0.5704,0.7421,0.9647,0.3582,0.0191
0,11,3,4,0.4988,0.6255,0.9569,0.2336,0.0108
0,11,3,5,0.6400,0.7203,0.9591,0.5601,0.0592
0,11,3,6,0.4850,0.6785,0.9315,0.2132,0.0195
0,11,3,7,0.6230,0.7243,0.9556,0.4347,0.0134
0,11,3,8,0.7356,0.7910,0.9855,0.6142,0.0080
0,11,3,9,0.5119,0.6831,0.9521,0.3910,0.0533
0,11,3,10,0.4799,0.7272,0.9936,0.2735,0.0235
0,11,3,11,0.6167,0.6862,0.9748,0.4645,0.0153
0,11,4,0,0.2674,0.5328,0.9651,0.0381,0.0386
0,11,4,1,0.3152,0.5928,0.9715,-0.0555,0.0130
0,11,4,2,0.2526,0.5225,0.9796,-0.0206,0.0244
0,11,4,3,0.1548,0.3456,0.9004,-0.0290,0.0812
0,11,4,4,0.3728,0.6547,0.9948,0.0994,0.0113
0,11,4,5,0.2836,0.5147,0.9349,0.0730,0.0443
0,11,4,6,0.2759,0.5065,0.9709,0.0553,0.0405
0,11,4,7,0.3542,0.5290,0.9428,0.1941,0.0609
0,11,4,8,0.2500,0.4507,0.9521,0.0186,0.0384
0,11,4,9,0.3058,0.5206,0.9736,0.0384,0.0248
0,11,4,10,0.2464,0.4598,0.9730,-0.0082,0.0261
0,11,4,11,0.2193,0.5192,0.9535,0.0055,0.0562
0,11,5,0,0.2298,0.4486,0.9307,0.0121,0.0498
0,11,5,1,0.2073,0.3668,0.9104,0.0317,0.0773
0,11,5,2,0.2811,0.5585,0.9813,0.0152,0.0218
0,11,5,3,0.2119,0.4554,0.9718,-0.0472,0.0306
0,11,5,4,0.2336,0.5119,0.9579,-0.0538,0.0257
0,11,5,5,0.1788,0.3758,0.9117,-0.0098,0.0764
0,11,5,6,0.2661,0.4264,0.9225,0.0951,0.0718
0,11,5,7,0.2298,0.4156,0.9247,0.0325,0.0559
0,11,5,8,0.2643,0.5128,0.9883,-0.0029,0.0204
0,11,5,9,0.3047,0.5728,0.9609,0.1143,0.0542
0,11,5,10,0.3209,0.5492,0.9762,0.0935,0.0361
0,11,5,11,0.2411,0.4757,0.9509,0.0350,0.0516
0,11,6,0,0.1493,0.3818,0.9316,-0.0562,0.0631
0,11,6,1,0.2480,0.4891,0.9856,-0.0228,0.0213
0,11,6,2,0.2244,0.4290,0.9607,-0.0201,0.0381
0,11,6,3,0.2584,0.4383,0.9362,0.0729,0.0627
0,11,6,4,0.2976,0.5239,0.9655,0.0901,0.0453
0,11,6,5,0.3048,0.5218,0.9627,0.0900,0.0384
0,11,6,6,0.2681,0.5169,0.9620,0.0369,0.0373
0,11,6,7,0.3012,0.5443,0.9903,0.0051,0.0155
0,11,6,8,0.3236,0.5707,0.9662,0.0923,0.0356
0,11,6,9,0.2933,0.4950,0.9361,0.0646,0.0370
0,11,6,10,0.2183,0.4439,0.9498,0.0057,0.0556
0,11,6,11,0.3963,0.5905,0.9599,0.2289,0.0561
0,11,7,0,0.2327,0.5058,0.9469,-0.0396,0.0256
0,11,7,1,0.2515,0.4632,0.9593,0.0258,0.0396
0,11,7,2,0.2283,0.4956,0.9589,-0.0003,0.0482
0,11,7,3,0.2064,0.3696,0.9127,0.0112,0.0674
0,11,7,4,0.3578,0.5579,0.9498,0.1911,0.0582
0,11,7,5,0.3443,0.5699,0.9832,0.0744,0.0118
0,11,7,6,0.1963,0.3521,0.9069,0.0142,0.0767
0,11,7,7,0.1538,0.3308,0.9101,-0.0314,0.0820
0,11,7,8,0.2739,0.5158,0.8931,0.0163,0.0289
0,11,7,9,0.2467,0.4296,0.9393,0.0420,0.0562
0,11,7,10,0.2073,0.4850,0.9480,0.0017,0.0605
0,11,7,11,0.1894,0.3907,0.9319,-0.0062,0.0694
0,11,8,0,0.2573,0.4737,0.9420,0.0438,0.0485
0,11,8,1,0.2505,0.4756,0.9456,-0.0043,0.0378
0,11,8,2,0.1552,0.3227,0.9000,-0.0233,0.0869
0,11,8,3,0.2163,0.4635,0.9512,-0.0340,0.0383
0,11,8,4,0.1638,0.4085,0.9466,-0.0647,0.0555
0,11,8,5,0.1859,0.3909,0.9303,-0.0202,0.0618
0,11,8,6,0.1808,0.3524,0.9085,-0.0098,0.0748
0,11,8,7,0.3441,0.6372,0.9341,-0.0299,0.0162
0,11,8,8,0.3578,0.6272,0.9346,0.0346,0.0108
0,11,8,9,0.3678,0.5680,0.9802,0.1333,0.0205
0,11,8,10,0.2141,0.4154,0.9359,0.0062,0.0522
0,11,8,11,0.2868,0.5327,0.9468,0.0340,0.0229
0,11,9,0,0.2683,0.5471,0.9758,0.0247,0.0366
0,11,9,1,0.3713,0.6071,0.9674,0.1508,0.0326
0,11,9,2,0.3561,0.5867,0.9420,0.0597,0.0174
0,11,9,3,0.2400,0.4740,0.9261,-0.0071,0.0384
0,11,9,4,0.2337,0.4384,0.9366,0.0011,0.0442
0,11,9,5,0.3067,0.5995,0.9450,-0.0411,0.0180
0,11,9,6,0.2022,0.3954,0.9108,0.0014,0.0656
0,11,9,7,0.1945,0.3888,0.9213,0.0020,0.0690
0,11,9,8,0.3943,0.6865,0.9298,0.0457,0.0120
0,11,9,9,0.1706,0.3307,0.9055,-0.0160,0.0810
0,11,9,10,0.3792,0.5890,0.9627,0.0560,0.0069
0,11,9,11,0.3705,0.5579,0.9700,0.1026,0.0238
0,11,10,0,0.5635,0.6934,0.7534,0.2621,0.0217
0,11,10,1,0.1547,0.6051,0.8724,-0.1720,0.0357
0,11,10,2,0.3794,0.6452,0.8830,0.0234,0.0136
0,11,10,3,0.2443,0.5367,0.7362,-0.0931,0.0297
0,11,10,4,0.3511,0.6277,0.8652,0.0650,0.0249
0,11,10,5,0.1810,0.5545,0.8342,-0.1694,0.0255
0,11,10,6,0.2627,0.6044,0.8591,-0.0440,0.0268
0,11,10,7,0.3446,0.5955,0.7413,-0.0480,0.0177
0,11,10,8,0.2269,0.5233,0.6927,-0.0954,0.0361
0,11,10,9,0.1977,0.6448,0.8596,-0.1608,0.0296
0,11,10,10,0.3962,0.7154,0.9879,0.1672,0.0267
0,11,10,11,0.3781,0.6635,0.8451,-0.0397,0.0180
0,11,11,0,0.2045,0.4684,0.6830,-0.0822,0.0515
0,11,11,1,0.1941,0.4626,0.6887,-0.1031,0.0502
0,11,11,2,0.3097,0.5754,0.7515,-0.0819,0.0121
0,11,11,3,0.1767,0.4641,0.6717,-0.1284,0.0486
0,11,11,4,0.1877,0.4771,0.6897,-0.1385,0.0406
0,11,11,5,0.2058,0.5202,0.6954,-0.1258,0.0402
0,11,11,6,0.2669,0.5107,0.7287,-0.0606,0.0314
0,11,11,7,0.1486,0.4490,0.6683,-0.1594,0.0528
0,11,11,8,0.2999,0.6319,0.9065,-0.0530,0.0147
0,11,11,9,0.3492,0.6417,0.8083,-0.0486,0.0140
0,11,11,10,0.2187,0.5149,0.7356,-0.1300,0.0253
0,11,11,11,0.1259,0.4334,0.6707,-0.1692,0.0592
1,0,0,0,0.4278,0.6732,0.7159,-0.1432,0.0621
1,0,0,1,0.2601,0.6634,0.9656,-0.1288,0.0335
1,0,0,2,0.5053,0.5883,0.9506,0.3392,0.0205
1,0,0,3,0.2564,0.5089,0.9423,0.0044,0.0191
1,0,0,4,0.4048,0.6261,0.8842,0.0333,0.0512
1,0,0,5,0.4311,0.6947,0.9851,0.1407,0.0309
1,0,0,6,0.3410,0.6730,0.7947,-0.1822,0.0488
1,0,0,7,0.4076,0.7095,0.9497,0.0798,0.0262
1,0,0,8,0.2922,0.7117,0.8576,-0.2163,0.0411
1,0,0,9,0.5353,0.7092,0.9731,0.3000,0.0263
1,0,0,10,0.2129,0.4576,0.9250,-0.0245,0.0301
1,0,0,11,0.4572,0.6405,0.9629,0.2130,0.0241
1,0,1,0,1.0000,1.0000,1.0000,1.0000,0.0000
1,0,1,1,0.4770,0.5994,0.9139,0.3198,0.0272
1,0,1,2,0.6224,0.7447,0.9712,0.4793,0.0230
1,0,1,3,0.7318,0.7698,0.9578,0.5999,0.0305
1,0,1,4,0.4952,0.6039,0.8851,0.3714,0.0446
1,0,1,5,0.8066,0.8703,0.9799,0.7235,0.0146
1,0,1,6,0.6901,0.6529,0.8524,0.6563,0.0786
1,0,1,7,0.7885,0.7983,0.9427,0.7344,0.0350
1,0,1,8,0.7673,0.8482,0.9461,0.6465,0.0221
1,0,1,9,0.7529,0.7947,0.9571,0.6601,0.0196
1,0,1,10,0.6793,0.7094,0.9738,0.5507,0.0264
1,0,1,11,0.3633,0.5764,0.9575,0.0803,0.0107
1,0,2,0,0.1752,0.3507,0.8479,0.0203,0.0862
1,0,2,1,0.5406,0.6165,0.8746,0.4195,0.0409
1,0,2,2,0.7481,0.7481,0.9249,0.6912,0.0415
1,0,2,3,0.7574,0.8328,0.9627,0.6738,0.0172
1,0,2,4,0.7374,0.8140,0.9783,0.6217,0.0154
1,0,2,5,0.6894,0.8003,0.9579,0.5352,0.0303
1,0,2,6,0.3698,0.5593,0.9626,0.1215,0.0139
1,0,2,7,0.6860,0.7409,0.9710,0.5461,0.0314
1,0,2,8,0.7035,0.7789,0.9692,0.5751,0.0185
1,0,2,9,0.1754,0.3535,0.8490,0.0184,0.0843
1,0,2,10,0.6492,0.6740,0.9653,0.5417,0.0302
1,0,2,11,0.6234,0.7040,0.9652,0.4794,0.0268
1,0,3,0,0.5205,0.7896,0.9302,0.3640,0.0308
1,0,3,1,0.5437,0.7827,0.9730,0.3114,0.0247
1,0,3,2,0.5031,0.7782,0.9768,0.2755,0.0167
1,0,3,3,0.5715,0.7388,0.9850,0.3690,0.0132
1,0,3,4,0.4311,0.6780,0.9522,0.1427,0.0289
1,0,3,5,0.3872,0.5704,0.9059,0.2345,0.0465
1,0,3,6,0.6361,0.8524,0.9599,0.4539,0.0143
1,0,3,7,0.7104,0.8443,0.9783,0.5725,0.0146
1,0,3,8,0.4712,0.7358,0.9924,0.2381,0.0160
1,0,3,9,0.4077,0.6253,0.8953,0.2591,0.0434
1,0,3,10,0.3910,0.6367,0.9444,0.1578,0.0101
1,0,3,11,0.4939,0.6539,0.9536,0.2992,0.0193
1,0,4,0,0.2074,0.6746,0.9432,-0.0328,0.0300
1,0,4,1,0.2991,0.6791,0.9570,-0.0642,0.0282
1,0,4,2,0.3510,0.7021,0.9667,0.1235,0.0273
1,0,4,3,0.1947,0.5607,0.8671,0.0280,0.0745
1,0,4,4,0.1836,0.6269,0.9594,-0.1583,0.0195
1,0,4,5,0.2110,0.5388,0.8823,-0.0146,0.0338
1,0,4,6,0.2045,0.6423,0.9347,-0.0306,0.0323
1,0,4,7,0.2075,0.5674,0.8808,0.0107,0.0539
1,0,4,8,0.2546,0.6127,0.9126,0.0331,0.0336
1,0,4,9,0.3229,0.6735,0.9550,0.0722,0.0217
1,0,4,10,0.2507,0.6126,0.9401,0.0073,0.0229
1,0,4,11,0.2301,0.6323,0.9199,0.0272,0.0434
1,0,5,0,0.2177,0.5944,0.8887,0.0043,0.0415
1,0,5,1,0.1861,0.5502,0.8599,0.0109,0.0713
1,0,5,2,0.3100,0.7281,0.9796,0.0647,0.0243
1,0,5,3,0.2332,0.6425,0.9397,-0.0090,0.0284
1,0,5,4,0.3387,0.7060,0.9708,0.1009,0.0213
1,0,5,5,0.1975,0.5679,0.8749,0.0207,0.0701
1,0,5,6,0.1996,0.5511,0.8646,0.0161,0.0625
1,0,5,7,0.2319,0.5937,0.8797,0.0422,0.0506
1,0,5,8,0.2219,0.5861,0.9533,-0.0502,0.0214
1,0,5,9,0.1963,0.5555,0.9138,-0.0198,0.0428
1,0,5,10,0.2069,0.6005,0.9389,-0.0505,0.0232
1,0,5,11,0.2171,0.5750,0.9172,0.0114,0.0471
1,0,6,0,0.1920,0.5667,0.8763,0.0058,0.0603
1,0,6,1,0.2427,0.5915,0.9392,-0.0196,0.0231
1,0,6,2,0.2785,0.6089,0.9313,0.0606,0.0310
1,0,6,3,0.1964,0.5749,0.8796,-0.0002,0.0535
1,0,6,4,0.1864,0.6121,0.9119,-0.0482,0.0348
1,0,6,5,0.2193,0.6067,0.9049,-0.0151,0.0292
1,0,6,6,0.2063,0.6013,0.9166,-0.0364,0.0274
1,0,6,7,0.2538,0.6621,0.9586,-0.0499,0.0187
1,0,6,8,0.4118,0.7337,0.9434,0.2191,0.0247
1,0,6,9,0.2192,0.5759,0.9027,-0.0256,0.0255
1,0,6,10,0.1945,0.6132,0.8934,-0.0174,0.0464
1,0,6,11,0.1922,0.5598,0.9078,-0.0317,0.0419
1,0,7,0,0.2506,0.7101,0.9556,-0.0049,0.0197
1,0,7,1,0.2052,0.5447,0.9152,-0.0268,0.0329
1,0,7,2,0.2283,0.6412,0.9345,0.0082,0.0378
1,0,7,3,0.2046,0.5733,0.8718,0.0159,0.0606
1,0,7,4,0.1737,0.5773,0.8914,-0.0413,0.0450
1,0,7,5,0.2341,0.6487,0.9677,-0.0691,0.0174
1,0,7,6,0.2011,0.5554,0.8623,0.0266,0.0704
1,0,7,7,0.2195,0.5613,0.8793,0.0581,0.0750
1,0,7,8,0.5538,0.7786,0.9634,0.4041,0.0178
1,0,7,9,0.2285,0.5811,0.8961,0.0258,0.0471
1,0,7,10,0.1767,0.5607,0.8925,-0.0302,0.0500
1,0,7,11,0.2186,0.5979,0.8995,0.0381,0.0609
1,0,8,0,0.3014,0.6416,0.9037,0.1090,0.0394
1,0,8,1,0.2854,0.6685,0.9512,0.0520,0.0312
1,0,8,2,0.1770,0.5337,0.8550,0.0106,0.0809
1,0,8,3,0.2579,0.6416,0.9313,0.0306,0.0303
1,0,8,4,0.2055,0.6071,0.9052,-0.0023,0.0493
1,0,8,5,0.1954,0.5864,0.8920,-0.0005,0.0553
1,0,8,6,0.1886,0.5587,0.8681,0.0069,0.0684
1,0,8,7,0.2447,0.6929,0.9380,-0.1688,0.0352
1,0,8,8,0.2632,0.7302,0.9562,-0.0923,0.0286
1,0,8,9,0.2780,0.6145,0.9442,0.0195,0.0192
1,0,8,10,0.2010,0.6065,0.8965,-0.0032,0.0475
1,0,8,11,0.3339,0.6870,0.9654,0.1072,0.0208
1,0,9,0,0.1895,0.6367,0.9378,-0.0713,0.0254
1,0,9,1,0.4842,0.7777,0.9466,0.3112,0.0196
1,0,9,2,0.6210,0.8269,0.9853,0.4536,0.0119
1,0,9,3,0.3390,0.6870,0.9466,0.1336,0.0302
1,0,9,4,0.2747,0.6606,0.9304,0.0634,0.0378
1,0,9,5,0.3314,0.7258,0.9651,0.0100,0.0265
1,0,9,6,0.2754,0.6195,0.8833,0.1023,0.0582
1,0,9,7,0.1646,0.5508,0.8752,-0.0292,0.0601
1,0,9,8,0.4052,0.7052,0.9493,0.0783,0.0296
1,0,9,9,0.1971,0.5505,0.8633,0.0243,0.0748
1,0,9,10,0.3455,0.6527,0.9492,0.0191,0.0244
1,0,9,11,0.5996,0.8333,0.9766,0.4361,0.0089
1,0,10,0,0.6580,0.7501,0.8353,0.4477,0.0388
1,0,10,1,0.5339,0.7853,0.9623,0.3623,0.0160
1,0,10,2,0.7838,0.8762,0.9671,0.6726,0.0215
1,0,10,3,0.6858,0.8163,0.8718,0.5512,0.0086
1,0,10,4,0.7297,0.7949,0.9598,0.6153,0.0090
1,0,10,5,0.5822,0.7925,0.9448,0.4108,0.0094
1,0,10,6,0.7011,0.8039,0.9587,0.5822,0.0115
1,0,10,7,0.7676,0.8514,0.8741,0.6451,0.0228
1,0,10,8,0.4957,0.7427,0.8196,0.2941,0.0138
1,0,10,9,0.4776,0.7349,0.9539,0.2536,0.0186
1,0,10,10,0.5396,0.6938,0.9574,0.3723,0.0183
1,0,10,11,0.4886,0.7959,0.8998,0.1675,0.0348
1,0,11,0,0.5950,0.7441,0.8336,0.4577,0.0293
1,0,11,1,0.5863,0.7406,0.8355,0.4421,0.0274
1,0,11,2,0.5372,0.7427,0.8800,0.2893,0.0232
1,0,11,3,0.5882,0.7421,0.8242,0.4440,0.0258
1,0,11,4,0.5820,0.7388,0.8384,0.4217,0.0184
1,0,11,5,0.5362,0.7405,0.8447,0.3505,0.0174
1,0,11,6,0.6393,0.7809,0.8766,0.4847,0.0110
1,0,11,7,0.5906,0.7444,0.8203,0.4514,0.0297
1,0,11,8,0.3830,0.6624,0.9764,0.0853,0.0154
1,0,11,9,0.5261,0.7420,0.9173,0.2545,0.0281
1,0,11,10,0.5585,0.7289,0.8745,0.3695,0.0055
1,0,11,11,0.5788,0.7349,0.8197,0.4472,0.0376
1,1,0,0,0.3297,0.5288,0.4613,-0.1135,0.0811
1,1,0,1,0.2783,0.6090,0.8746,0.0138,0.0506
1,1,0,2,0.3969,0.6868,0.9874,0.2480,0.0129
1,1,0,3,0.2651,0.6284,0.9640,0.0842,0.0099
1,1,0,4,0.3788,0.5621,0.7168,0.1213,0.0671
1,1,0,5,0.2810,0.5344,0.8991,0.0235,0.0498
1,1,0,6,0.3168,0.5907,0.5692,-0.0402,0.0711
1,1,0,7,0.4172,0.5943,0.8679,0.2018,0.0473
1,1,0,8,0.3656,0.6053,0.6676,0.0738,0.0636
1,1,0,9,0.4770,0.7311,0.9206,0.2995,0.0439
1,1,0,10,0.7260,0.7413,0.9857,0.6655,0.0093
1,1,0,11,0.5712,0.7346,0.9700,0.4413,0.0391
1,1,1,0,0.4770,0.5994,0.9139,0.3198,0.0272
1,1,1,1,1.0000,1.0000,1.0000,1.0000,0.0000
1,1,1,2,0.6180,0.7072,0.9696,0.5153,0.0283
1,1,1,3,0.5984,0.7007,0.8895,0.4709,0.0458
1,1,1,4,0.4818,0.6973,0.9972,0.3820,0.0180
1,1,1,5,0.5837,0.6849,0.9243,0.4617,0.0285
1,1,1,6,0.5982,0.6210,0.9701,0.5431,0.0524
1,1,1,7,0.6039,0.6882,0.9795,0.5161,0.0131
1,1,1,8,0.5185,0.6681,0.8160,0.3501,0.0452
1,1,1,9,0.4651,0.6086,0.9700,0.3197,0.0216
1,1,1,10,0.6127,0.7074,0.9520,0.5046,0.0324
1,1,1,11,0.2996,0.6879,0.9745,0.0792,0.0287
1,1,2,0,0.7454,0.7214,0.9842,0.7184,0.0597
1,1,2,1,0.5951,0.7052,0.9872,0.5118,0.0143
1,1,2,2,0.5170,0.6720,0.9891,0.4184,0.0196
1,1,2,3,0.5851,0.6781,0.9696,0.4788,0.0138
1,1,2,4,0.6153,0.7618,0.9275,0.5018,0.0304
1,1,2,5,0.6937,0.7490,0.8759,0.6037,0.0471
1,1,2,6,0.2519,0.6764,0.9839,0.0402,0.0247
1,1,2,7,0.6097,0.6953,0.8883,0.4935,0.0418
1,1,2,8,0.5783,0.6811,0.9440,0.4538,0.0354
1,1,2,9,0.7466,0.7230,0.9848,0.7190,0.0579
1,1,2,10,0.5626,0.6715,0.9868,0.4601,0.0161
1,1,2,11,0.6469,0.7439,0.9660,0.5518,0.0358
1,1,3,0,0.4213,0.6356,0.9831,0.2814,0.0284
1,1,3,1,0.5496,0.6409,0.8765,0.4009,0.0432
1,1,3,2,0.3841,0.6757,0.9186,0.1872,0.0365
1,1,3,3,0.5582,0.7208,0.9015,0.4193,0.0359
1,1,3,4,0.3615,0.5475,0.8637,0.1380,0.0474
1,1,3,5,0.4469,0.7195,0.9982,0.3419,0.0205
1,1,3,6,0.4725,0.6276,0.8485,0.2940,0.0394
1,1,3,7,0.5947,0.7073,0.8835,0.4685,0.0364
1,1,3,8,0.4778,0.6410,0.9368,0.3185,0.0342
1,1,3,9,0.7593,0.8692,0.9977,0.7142,0.0171
1,1,3,10,0.5980,0.7541,0.9850,0.4894,0.0201
1,1,3,11,0.5055,0.6463,0.9588,0.3701,0.0260
1,1,4,0,0.1590,0.4555,0.9812,-0.0272,0.0067
1,1,4,1,0.2151,0.5111,0.8867,-0.0725,0.0459
1,1,4,2,0.2291,0.4479,0.9717,0.0327,0.0212
1,1,4,3,0.1017,0.2770,0.9640,-0.0385,0.0475
1,1,4,4,0.1868,0.6168,0.9427,-0.0572,0.0361
1,1,4,5,0.2536,0.4706,0.9690,0.0971,0.0094
1,1,4,6,0.1345,0.4405,0.9928,-0.0528,0.0121
1,1,4,7,0.1470,0.4167,0.9939,-0.0101,0.0272
1,1,4,8,0.1751,0.3832,0.9730,-0.0048,0.0137
1,1,4,9,0.2383,0.4443,0.9634,0.0346,0.0209
1,1,4,10,0.1288,0.3937,0.9846,-0.0776,0.0175
1,1,4,11,0.2501,0.5015,0.9903,0.1040,0.0179
1,1,5,0,0.2064,0.3953,0.9685,0.0469,0.0156
1,1,5,1,0.1149,0.2798,0.9745,-0.0277,0.0445
1,1,5,2,0.2193,0.4680,0.9548,0.0181,0.0240
1,1,5,3,0.1124,0.3792,0.9851,-0.0922,0.0140
1,1,5,4,0.1952,0.4205,0.9376,-0.0146,0.0195
1,1,5,5,0.1234,0.2940,0.9704,-0.0212,0.0432
1,1,5,6,0.1255,0.3165,0.9824,-0.0241,0.0360
1,1,5,7,0.2125,0.3600,0.9776,0.0678,0.0242
1,1,5,8,0.1692,0.4494,0.9755,-0.0414,0.0238
1,1,5,9,0.5022,0.6132,0.9954,0.4043,0.0167
1,1,5,10,0.1633,0.5025,0.9866,-0.0343,0.0087
1,1,5,11,0.1663,0.4282,0.9844,0.0044,0.0209
1,1,6,0,0.0812,0.3151,0.9888,-0.0768,0.0330
1,1,6,1,0.1337,0.4291,0.9861,-0.0841,0.0241
1,1,6,2,0.1249,0.3229,0.9876,-0.0693,0.0119
1,1,6,3,0.1338,0.3748,0.9887,-0.0234,0.0266
1,1,6,4,0.1399,0.4199,0.9968,-0.0417,0.0090
1,1,6,5,0.2698,0.4766,0.9965,0.1094,0.0089
1,1,6,6,0.3383,0.4876,0.9865,0.1906,0.0083
1,1,6,7,0.1998,0.4363,0.9582,-0.0339,0.0296
1,1,6,8,0.2763,0.5058,0.9807,0.1021,0.0094
1,1,6,9,0.1576,0.4177,0.9614,-0.0352,0.0058
1,1,6,10,0.1079,0.3533,0.9933,-0.0651,0.0197
1,1,6,11,0.1275,0.4828,0.9989,-0.0501,0.0174
1,1,7,0,0.1415,0.4103,0.9441,-0.0712,0.0159
1,1,7,1,0.1670,0.4097,0.9843,-0.0111,0.0125
1,1,7,2,0.2396,0.4545,0.9856,0.0802,0.0123
1,1,7,3,0.1602,0.3026,0.9701,0.0120,0.0340
1,1,7,4,0.1311,0.4556,0.9961,-0.0352,0.0194
1,1,7,5,0.2238,0.4859,0.9484,0.0031,0.0299
1,1,7,6,0.1416,0.2762,0.9703,0.0012,0.0440
1,1,7,7,0.1018,0.2614,0.9718,-0.0392,0.0487
1,1,7,8,0.2439,0.4287,0.8668,0.0564,0.0130
1,1,7,9,0.1246,0.3493,0.9816,-0.0458,0.0209
1,1,7,10,0.2641,0.4777,0.9955,0.1282,0.0237
1,1,7,11,0.1173,0.3149,0.9830,-0.0354,0.0344
1,1,8,0,0.2275,0.4118,0.9807,0.0693,0.0147
1,1,8,1,0.2007,0.3738,0.9445,0.0101,0.0225
1,1,8,2,0.1201,0.2474,0.9682,-0.0134,0.0541
1,1,8,3,0.1764,0.3572,0.9609,-0.0085,0.0112
1,1,8,4,0.0961,0.3436,0.9884,-0.0786,0.0248
1,1,8,5,0.1550,0.3327,0.9817,0.0025,0.0281
1,1,8,6,0.1206,0.2728,0.9691,-0.0262,0.0420
1,1,8,7,0.1706,0.5675,0.8230,-0.1515,0.0534
1,1,8,8,0.2148,0.5630,0.8361,-0.0539,0.0452
1,1,8,9,0.2699,0.4421,0.9768,0.0808,0.0211
1,1,8,10,0.1734,0.3539,0.9843,0.0173,0.0205
1,1,8,11,0.2096,0.4257,0.9384,0.0136,0.0214
1,1,9,0,0.1919,0.4693,0.9907,0.0028,0.0094
1,1,9,1,0.3798,0.5899,0.9789,0.2269,0.0102
1,1,9,2,0.3039,0.5100,0.8764,0.0863,0.0291
1,1,9,3,0.1939,0.3749,0.9335,0.0096,0.0116
1,1,9,4,0.1646,0.3595,0.9589,-0.0148,0.0148
1,1,9,5,0.2292,0.5119,0.8584,-0.0333,0.0407
1,1,9,6,0.1652,0.3192,0.9638,0.0149,0.0320
1,1,9,7,0.1308,0.3422,0.9803,-0.0183,0.0333
1,1,9,8,0.3443,0.6506,0.8192,0.0972,0.0504
1,1,9,9,0.1224,0.2525,0.9693,-0.0193,0.0483
1,1,9,10,0.3673,0.5150,0.9016,0.1495,0.0445
1,1,9,11,0.3353,0.4996,0.9465,0.1417,0.0242
1,1,10,0,0.3939,0.5978,0.5872,0.1262,0.0615
1,1,10,1,0.1594,0.5404,0.8251,-0.0658,0.0210
1,1,10,2,0.3539,0.5541,0.7845,0.1117,0.0456
1,1,10,3,0.2539,0.4567,0.6606,0.0261,0.0294
1,1,10,4,0.3390,0.5814,0.8127,0.1406,0.0271
1,1,10,5,0.1929,0.4654,0.7709,-0.0449,0.0222
1,1,10,6,0.2676,0.5171,0.8074,0.0579,0.0249
1,1,10,7,0.3267,0.4817,0.6145,0.0631,0.0467
1,1,10,8,0.2284,0.3920,0.6110,0.0067,0.0274
1,1,10,9,0.1729,0.5357,0.7889,-0.0813,0.0330
1,1,10,10,0.3984,0.6866,0.9794,0.2398,0.0207
1,1,10,11,0.2935,0.5860,0.7028,-0.0172,0.0567
1,1,11,0,0.1890,0.3594,0.6434,-0.0146,0.0306
1,1,11,1,0.1721,0.3530,0.6453,-0.0402,0.0295
1,1,11,2,0.2783,0.4982,0.6382,0.0057,0.0452
1,1,11,3,0.1737,0.3650,0.6265,-0.0391,0.0277
1,1,11,4,0.1874,0.3747,0.6343,-0.0383,0.0288
1,1,11,5,0.2047,0.4063,0.6229,-0.0242,0.0298
1,1,11,6,0.2414,0.4025,0.6625,0.0094,0.0294
1,1,11,7,0.1552,0.3333,0.6231,-0.0573,0.0305
1,1,11,8,0.2225,0.5823,0.8292,-0.0436,0.0394
1,1,11,9,0.2658,0.5496,0.6885,-0.0324,0.0491
1,1,11,10,0.2276,0.4237,0.6640,-0.0085,0.0275
1,1,11,11,0.1428,0.3235,0.6394,-0.0590,0.0323
1,2,0,0,0.4177,0.6575,0.6587,-0.0631,0.0542
1,2,0,1,0.5011,0.7005,0.9654,0.2761,0.0248
1,2,0,2,0.5604,0.6811,0.9883,0.4279,0.0290
1,2,0,3,0.3225,0.5932,0.9728,0.1182,0.0269
1,2,0,4,0.5102,0.6646,0.8613,0.2557,0.0398
1,2,0,5,0.3706,0.5894,0.9753,0.0890,0.0253
1,2,0,6,0.4090,0.6856,0.7496,0.0215,0.0442
1,2,0,7,0.7005,0.7516,0.9607,0.5688,0.0247
1,2,0,8,0.4481,0.6819,0.8266,0.1242,0.0374
1,2,0,9,0.6279,0.7660,0.9864,0.4675,0.0169
1,2,0,10,0.4246,0.5283,0.9718,0.2713,0.0306
1,2,0,11,0.6588,0.7418,0.9992,0.5254,0.0165
1,2,1,0,0.6224,0.7447,0.9712,0.4793,0.0230
1,2,1,1,0.6180,0.7072,0.9696,0.5153,0.0283
1,2,1,2,1.0000,1.0000,1.0000,1.0000,0.0000
1,2,1,3,0.7869,0.8020,0.9663,0.7012,0.0197
1,2,1,4,0.4632,0.6860,0.9503,0.3410,0.0387
1,2,1,5,0.6936,0.7661,0.9722,0.5785,0.0132
1,2,1,6,0.6758,0.6843,0.9024,0.6344,0.0703
1,2,1,7,0.7684,0.8106,0.9660,0.7093,0.0268
1,2,1,8,0.6492,0.7550,0.9219,0.4914,0.0227
1,2,1,9,0.5848,0.7517,0.9771,0.4446,0.0116
1,2,1,10,0.7169,0.8130,0.9950,0.6163,0.0089
1,2,1,11,0.4387,0.6202,0.9983,0.2191,0.0159
1,2,2,0,0.3875,0.4618,0.9236,0.2924,0.0779
1,2,2,1,0.6169,0.6440,0.9397,0.5252,0.0371
1,2,2,2,0.7163,0.7922,0.9615,0.6514,0.0329
1,2,2,3,0.7146,0.7812,0.9779,0.6243,0.0186
1,2,2,4,0.7243,0.8124,0.9815,0.6187,0.0133
1,2,2,5,0.7212,0.8043,0.9563,0.6051,0.0197
1,2,2,6,0.3160,0.5727,0.9955,0.0770,0.0177
1,2,2,7,0.8152,0.8208,0.9676,0.7450,0.0154
1,2,2,8,0.7093,0.7744,0.9911,0.5994,0.0197
1,2,2,9,0.3737,0.4582,0.9246,0.2741,0.0761
1,2,2,10,0.8509,0.8311,0.9874,0.8105,0.0252
1,2,2,11,0.7082,0.7896,0.9919,0.6087,0.0120
1,2,3,0,0.4564,0.6349,0.9598,0.2960,0.0476
1,2,3,1,0.5821,0.6974,0.9575,0.3995,0.0196
1,2,3,2,0.4129,0.6896,0.9820,0.1764,0.0205
1,2,3,3,0.5834,0.7111,0.9683,0.4124,0.0272
1,2,3,4,0.4625,0.6175,0.9551,0.2256,0.0219
1,2,3,5,0.4934,0.6568,0.9602,0.3807,0.0464
1,2,3,6,0.5361,0.7149,0.9337,0.3339,0.0257
1,2,3,7,0.6803,0.7669,0.9583,0.5497,0.0190
1,2,3,8,0.6864,0.7567,0.9888,0.5660,0.0157
1,2,3,9,0.5529,0.6922,0.9520,0.4538,0.0422
1,2,3,10,0.4894,0.6739,0.9923,0.3157,0.0213
1,2,3,11,0.5663,0.6981,0.9759,0.4179,0.0184
1,2,4,0,0.2519,0.5629,0.9670,0.0500,0.0280
1,2,4,1,0.2609,0.5724,0.9696,-0.0760,0.0189
1,2,4,2,0.2167,0.5002,0.9827,-0.0282,0.0153
1,2,4,3,0.1121,0.3202,0.9043,-0.0559,0.0661
1,2,4,4,0.2122,0.6176,0.9923,-0.0796,0.0180
1,2,4,5,0.1912,0.4403,0.9335,-0.0155,0.0314
1,2,4,6,0.1677,0.5060,0.9715,-0.0520,0.0264
1,2,4,7,0.1330,0.3931,0.9423,-0.0613,0.0463
1,2,4,8,0.1723,0.4228,0.9529,-0.0481,0.0244
1,2,4,9,0.2286,0.4805,0.9745,-0.0252,0.0155
1,2,4,10,0.1995,0.4509,0.9726,-0.0324,0.0174
1,2,4,11,0.1466,0.4738,0.9556,-0.0561,0.0446
1,2,5,0,0.1428,0.4006,0.9311,-0.0673,0.0355
1,2,5,1,0.1131,0.3148,0.9120,-0.0604,0.0623
1,2,5,2,0.2106,0.5388,0.9852,-0.0392,0.0083
1,2,5,3,0.1689,0.4505,0.9717,-0.0654,0.0172
1,2,5,4,0.2033,0.4875,0.9632,-0.0518,0.0136
1,2,5,5,0.1250,0.3330,0.9147,-0.0501,0.0612
1,2,5,6,0.1221,0.3304,0.9230,-0.0603,0.0575
1,2,5,7,0.1447,0.3846,0.9258,-0.0467,0.0413
1,2,5,8,0.1662,0.4630,0.9885,-0.0931,0.0087
1,2,5,9,0.2044,0.4658,0.9618,0.0134,0.0418
1,2,5,10,0.1718,0.5045,0.9772,-0.0676,0.0281
1,2,5,11,0.1709,0.4140,0.9526,-0.0248,0.0371
1,2,6,0,0.0963,0.3569,0.9319,-0.0928,0.0484
1,2,6,1,0.1784,0.4776,0.9831,-0.0748,0.0098
1,2,6,2,0.1760,0.4076,0.9630,-0.0473,0.0239
1,2,6,3,0.1215,0.3841,0.9364,-0.0725,0.0493
1,2,6,4,0.1321,0.4323,0.9647,-0.0915,0.0325
1,2,6,5,0.1839,0.4600,0.9622,-0.0349,0.0279
1,2,6,6,0.1787,0.4454,0.9627,-0.0452,0.0280
1,2,6,7,0.1814,0.5029,0.9890,-0.1135,0.0097
1,2,6,8,0.2881,0.5591,0.9682,0.0785,0.0273
1,2,6,9,0.1887,0.4285,0.9368,-0.0381,0.0259
1,2,6,10,0.1327,0.4080,0.9489,-0.0722,0.0424
1,2,6,11,0.1484,0.4519,0.9607,-0.0627,0.0455
1,2,7,0,0.2069,0.5046,0.9511,-0.0338,0.0135
1,2,7,1,0.1628,0.4084,0.9586,-0.0556,0.0269
1,2,7,2,0.1754,0.4417,0.9622,-0.0354,0.0376
1,2,7,3,0.1272,0.3361,0.9150,-0.0603,0.0532
1,2,7,4,0.1315,0.4192,0.9494,-0.0710,0.0455
1,2,7,5,0.2460,0.5293,0.9825,-0.0184,0.0094
1,2,7,6,0.1374,0.3242,0.9091,-0.0337,0.0621
1,2,7,7,0.1052,0.3188,0.9150,-0.0653,0.0670
1,2,7,8,0.2768,0.5103,0.9084,0.0570,0.0228
1,2,7,9,0.1348,0.3630,0.9408,-0.0703,0.0424
1,2,7,10,0.1619,0.4101,0.9487,-0.0266,0.0465
1,2,7,11,0.1201,0.3833,0.9355,-0.0649,0.0549
1,2,8,0,0.2054,0.4563,0.9434,0.0074,0.0341
1,2,8,1,0.2177,0.4515,0.9518,-0.0105,0.0264
1,2,8,2,0.1092,0.2913,0.9024,-0.0550,0.0720
1,2,8,3,0.1633,0.4096,0.9559,-0.0663,0.0250
1,2,8,4,0.1181,0.3868,0.9473,-0.0896,0.0409
1,2,8,5,0.1394,0.3634,0.9323,-0.0494,0.0475
1,2,8,6,0.1224,0.3200,0.9109,-0.0556,0.0603
1,2,8,7,0.2404,0.6302,0.9325,-0.1248,0.0274
1,2,8,8,0.2583,0.6132,0.9356,-0.0569,0.0196
1,2,8,9,0.2251,0.4535,0.9800,-0.0217,0.0139
1,2,8,10,0.1451,0.3856,0.9379,-0.0514,0.0389
1,2,8,11,0.3014,0.4984,0.9532,0.0892,0.0157
1,2,9,0,0.1680,0.4710,0.9772,-0.0703,0.0283
1,2,9,1,0.3662,0.6408,0.9690,0.1748,0.0271
1,2,9,2,0.3869,0.6316,0.9490,0.1482,0.0138
1,2,9,3,0.2094,0.4784,0.9344,-0.0115,0.0267
1,2,9,4,0.1939,0.4222,0.9411,-0.0170,0.0310
1,2,9,5,0.2590,0.5982,0.9470,-0.0550,0.0154
1,2,9,6,0.1750,0.3778,0.9146,-0.0049,0.0504
1,2,9,7,0.1415,0.3544,0.9226,-0.0372,0.0546
1,2,9,8,0.3876,0.6546,0.9321,0.0946,0.0253
1,2,9,9,0.1260,0.3073,0.9079,-0.0451,0.0665
1,2,9,10,0.2963,0.5516,0.9608,-0.0123,0.0198
1,2,9,11,0.4040,0.6332,0.9738,0.1884,0.0207
1,2,10,0,0.5835,0.7184,0.7593,0.3636,0.0344
1,2,10,1,0.2273,0.5497,0.8910,-0.0269,0.0318
1,2,10,2,0.4474,0.6532,0.8958,0.1860,0.0258
1,2,10,3,0.3158,0.5462,0.7593,0.0569,0.0281
1,2,10,4,0.4809,0.6751,0.8805,0.2869,0.0263
1,2,10,5,0.2373,0.5239,0.8541,-0.0399,0.0224
1,2,10,6,0.3968,0.5880,0.8781,0.1835,0.0272
1,2,10,7,0.4274,0.6035,0.7585,0.1457,0.0276
1,2,10,8,0.2344,0.4920,0.7155,-0.0371,0.0351
1,2,10,9,0.2279,0.5553,0.8775,-0.0649,0.0340
1,2,10,10,0.4330,0.6957,0.9893,0.2486,0.0260
1,2,10,11,0.3229,0.6679,0.8484,-0.0562,0.0312
1,2,11,0,0.2731,0.4703,0.7104,0.0495,0.0468
1,2,11,1,0.2517,0.4631,0.7153,0.0163,0.0454
1,2,11,2,0.2812,0.5516,0.7689,-0.0610,0.0211
1,2,11,3,0.2339,0.4626,0.6989,-0.0082,0.0438
1,2,11,4,0.2307,0.4738,0.7158,-0.0322,0.0366
1,2,11,5,0.2454,0.5046,0.7198,-0.0225,0.0374
1,2,11,6,0.3325,0.5130,0.7524,0.0797,0.0301
1,2,11,7,0.2169,0.4464,0.6963,-0.0246,0.0479
1,2,11,8,0.2646,0.5671,0.9185,-0.0483,0.0208
1,2,11,9,0.3266,0.5734,0.8225,-0.0166,0.0242
1,2,11,10,0.2512,0.4978,0.7593,-0.0323,0.0250
1,2,11,11,0.1974,0.4346,0.6990,-0.0336,0.0531
1,3,0,0,0.4986,0.7333,0.8109,-0.0980,0.0350
1,3,0,1,0.4949,0.7436,0.9894,0.1849,0.0090
1,3,0,2,0.6834,0.7007,0.9305,0.5715,0.0429
1,3,0,3,0.3753,0.5683,0.9209,0.1354,0.0423
1,3,0,4,0.5348,0.7101,0.9516,0.1927,0.0234
1,3,0,5,0.5282,0.6835,0.9839,0.2461,0.0145
1,3,0,6,0.4403,0.7324,0.8749,-0.0817,0.0248
1,3,0,7,0.6672,0.7760,0.9895,0.4514,0.0155
1,3,0,8,0.4428,0.7126,0.9269,-0.0238,0.0185
1,3,0,9,0.7065,0.8312,0.9931,0.5318,0.0109
1,3,0,10,0.3318,0.4897,0.8902,0.1053,0.0492
1,3,0,11,0.7218,0.7915,0.9684,0.5776,0.0150
1,3,1,0,0.7318,0.7698,0.9578,0.5999,0.0305
1,3,1,1,0.5984,0.7007,0.8895,0.4709,0.0458
1,3,1,2,0.7869,0.8020,0.9663,0.7012,0.0197
1,3,1,3,1.0000,1.0000,1.0000,1.0000,0.0000
1,3,1,4,0.5659,0.7183,0.8555,0.4569,0.0588
1,3,1,5,0.7485,0.8104,0.9818,0.6261,0.0207
1,3,1,6,0.7481,0.7113,0.8095,0.7435,0.0890
1,3,1,7,0.8244,0.8345,0.9214,0.7881,0.0443
1,3,1,8,0.7585,0.8281,0.9867,0.6037,0.0175
1,3,1,9,0.6909,0.7925,0.9526,0.5618,0.0240
1,3,1,10,0.7512,0.7962,0.9818,0.6406,0.0151
1,3,1,11,0.5043,0.6185,0.9608,0.2493,0.0208
1,3,2,0,0.2860,0.4147,0.8035,0.1450,0.0962
1,3,2,1,0.7260,0.7374,0.8692,0.6639,0.0552
1,3,2,2,0.8233,0.8254,0.8998,0.7987,0.0499
1,3,2,3,0.8039,0.8285,0.9514,0.7356,0.0332
1,3,2,4,0.7811,0.8540,0.9907,0.6711,0.0167
1,3,2,5,0.7676,0.8601,0.9982,0.6310,0.0082
1,3,2,6,0.4314,0.5799,0.9388,0.1744,0.0275
1,3,2,7,0.8699,0.8948,0.9976,0.8046,0.0124
1,3,2,8,0.7637,0.8166,0.9894,0.6474,0.0202
1,3,2,9,0.2782,0.4151,0.8052,0.1323,0.0944
1,3,2,10,0.8463,0.8362,0.9323,0.8103,0.0419
1,3,2,11,0.7997,0.8644,0.9758,0.7187,0.0145
1,3,3,0,0.5652,0.6745,0.9076,0.4087,0.0580
1,3,3,1,0.6311,0.7616,0.9941,0.4101,0.0108
1,3,3,2,0.5463,0.7546,0.9958,0.3051,0.0172
1,3,3,3,0.5991,0.7482,0.9871,0.3782,0.0256
1,3,3,4,0.5191,0.6643,0.9978,0.2337,0.0080
1,3,3,5,0.5751,0.6781,0.8681,0.4721,0.0662
1,3,3,6,0.6462,0.7790,0.9846,0.4369,0.0277
1,3,3,7,0.7466,0.8308,0.9898,0.6054,0.0201
1,3,3,8,0.6523,0.7745,0.9807,0.4760,0.0184
1,3,3,9,0.5329,0.6721,0.8608,0.4130,0.0598
1,3,3,10,0.4585,0.6385,0.9369,0.2218,0.0313
1,3,3,11,0.6302,0.7101,0.9571,0.4707,0.0257
1,3,4,0,0.2279,0.5167,0.9194,-0.0401,0.0456
1,3,4,1,0.3255,0.6115,0.9964,-0.0830,0.0082
1,3,4,2,0.3088,0.5185,0.9485,0.0304,0.0254
1,3,4,3,0.1769,0.3215,0.8169,-0.0183,0.0855
1,3,4,4,0.2288,0.6692,0.9848,-0.1454,0.0223
1,3,4,5,0.2157,0.4403,0.8811,-0.0411,0.0511
1,3,4,6,0.1940,0.4962,0.9121,-0.0800,0.0463
1,3,4,7,0.2006,0.3964,0.8528,-0.0265,0.0661
1,3,4,8,0.2470,0.4423,0.9036,-0.0091,0.0439
1,3,4,9,0.3192,0.5228,0.9544,0.0294,0.0248
1,3,4,10,0.2367,0.4837,0.9297,-0.0484,0.0351
1,3,4,11,0.1847,0.4783,0.8834,-0.0631,0.0628
1,3,5,0,0.1937,0.4042,0.8746,-0.0592,0.0542
1,3,5,1,0.1701,0.3175,0.8216,-0.0347,0.0822
1,3,5,2,0.3005,0.5873,0.9656,0.0147,0.0262
1,3,5,3,0.2135,0.4828,0.9269,-0.0725,0.0361
1,3,5,4,0.2847,0.5129,0.9499,-0.0116,0.0283
1,3,5,5,0.1816,0.3342,0.8314,-0.0249,0.0797
1,3,5,6,0.1923,0.3489,0.8324,-0.0192,0.0767
1,3,5,7,0.2148,0.3851,0.8492,-0.0071,0.0601
1,3,5,8,0.2189,0.4902,0.9559,-0.0961,0.0267
1,3,5,9,0.2031,0.4523,0.8864,-0.0419,0.0613
1,3,5,10,0.2225,0.5116,0.9263,-0.0675,0.0449
1,3,5,11,0.2044,0.4193,0.8888,-0.0352,0.0566
1,3,6,0,0.1568,0.3691,0.8420,-0.0675,0.0658
1,3,6,1,0.2367,0.5088,0.9449,-0.0679,0.0254
1,3,6,2,0.2602,0.4354,0.9007,0.0042,0.0429
1,3,6,3,0.1844,0.3825,0.8508,-0.0444,0.0694
1,3,6,4,0.1835,0.4475,0.8942,-0.0871,0.0522
1,3,6,5,0.2176,0.4572,0.8860,-0.0520,0.0471
1,3,6,6,0.2036,0.4504,0.9016,-0.0763,0.0453
1,3,6,7,0.2510,0.5323,0.9784,-0.1018,0.0175
1,3,6,8,0.4022,0.5980,0.9213,0.1798,0.0416
1,3,6,9,0.2362,0.4460,0.8942,-0.0383,0.0437
1,3,6,10,0.1802,0.4314,0.8723,-0.0676,0.0614
1,3,6,11,0.2297,0.4607,0.8716,-0.0132,0.0635
1,3,7,0,0.2321,0.5302,0.9314,-0.0695,0.0329
1,3,7,1,0.2024,0.4412,0.9063,-0.0649,0.0467
1,3,7,2,0.2058,0.4547,0.8983,-0.0545,0.0551
1,3,7,3,0.1908,0.3409,0.8347,-0.0291,0.0714
1,3,7,4,0.1890,0.4459,0.8633,-0.0522,0.0653
1,3,7,5,0.2758,0.6080,0.9817,-0.0553,0.0193
1,3,7,6,0.1955,0.3265,0.8218,-0.0048,0.0806
1,3,7,7,0.1928,0.3263,0.8198,0.0015,0.0864
1,3,7,8,0.3664,0.5246,0.8856,0.1207,0.0394
1,3,7,9,0.1907,0.4035,0.8691,-0.0543,0.0603
1,3,7,10,0.1759,0.3924,0.8582,-0.0614,0.0666
1,3,7,11,0.2021,0.3802,0.8501,-0.0087,0.0745
1,3,8,0,0.2928,0.4693,0.8780,0.0713,0.0532
1,3,8,1,0.2688,0.4586,0.9200,-0.0054,0.0397
1,3,8,2,0.1591,0.2931,0.8106,-0.0362,0.0905
1,3,8,3,0.2340,0.4393,0.9061,-0.0356,0.0446
1,3,8,4,0.1759,0.4084,0.8759,-0.0723,0.0589
1,3,8,5,0.1832,0.3715,0.8534,-0.0449,0.0672
1,3,8,6,0.1750,0.3223,0.8284,-0.0367,0.0782
1,3,8,7,0.2782,0.7063,0.9888,-0.1836,0.0118
1,3,8,8,0.2807,0.6666,0.9911,-0.1233,0.0115
1,3,8,9,0.2776,0.4879,0.9466,-0.0201,0.0273
1,3,8,10,0.1908,0.3827,0.8592,-0.0463,0.0580
1,3,8,11,0.2894,0.5067,0.9315,0.0113,0.0318
1,3,9,0,0.2023,0.4655,0.9184,-0.0931,0.0454
1,3,9,1,0.4844,0.6686,0.9266,0.2896,0.0412
1,3,9,2,0.5042,0.6510,0.9705,0.2510,0.0220
1,3,9,3,0.2813,0.4512,0.8982,0.0248,0.0434
1,3,9,4,0.2605,0.4331,0.8957,0.0141,0.0491
1,3,9,5,0.3010,0.6126,0.9917,-0.0903,0.0112
1,3,9,6,0.2512,0.3862,0.8393,0.0473,0.0680
1,3,9,7,0.1676,0.3437,0.8375,-0.0532,0.0742
1,3,9,8,0.4798,0.6735,0.9821,0.1437,0.0107
1,3,9,9,0.1821,0.3091,0.8210,-0.0194,0.0846
1,3,9,10,0.3689,0.5592,0.9911,0.0016,0.0126
1,3,9,11,0.5245,0.6547,0.9618,0.3019,0.0299
1,3,10,0,0.6539,0.7427,0.8782,0.3829,0.0169
1,3,10,1,0.3001,0.5620,0.8628,0.0017,0.0419
1,3,10,2,0.5548,0.6696,0.9238,0.2684,0.0206
1,3,10,3,0.4066,0.5716,0.7765,0.1127,0.0361
1,3,10,4,0.6000,0.7124,0.8918,0.4059,0.0311
1,3,10,5,0.3317,0.5391,0.8483,0.0146,0.0313
1,3,10,6,0.4890,0.6049,0.8600,0.2555,0.0336
1,3,10,7,0.5187,0.6418,0.8313,0.1958,0.0255
1,3,10,8,0.3375,0.5117,0.7416,0.0316,0.0422
1,3,10,9,0.3444,0.5720,0.8756,0.0189,0.0398
1,3,10,10,0.5601,0.6899,0.9496,0.3804,0.0357
1,3,10,11,0.3855,0.7153,0.9426,-0.0815,0.0136
1,3,11,0,0.3463,0.4733,0.6936,0.0886,0.0562
1,3,11,1,0.3308,0.4809,0.7056,0.0599,0.0551
1,3,11,2,0.3773,0.5883,0.8345,-0.0184,0.0164
1,3,11,3,0.3107,0.4718,0.6914,0.0298,0.0531
1,3,11,4,0.3254,0.4855,0.7173,0.0261,0.0451
1,3,11,5,0.3249,0.5157,0.7422,0.0127,0.0461
1,3,11,6,0.4294,0.5480,0.7675,0.1468,0.0378
1,3,11,7,0.3029,0.4602,0.6810,0.0261,0.0572
1,3,11,8,0.3580,0.5803,0.9382,-0.0031,0.0199
1,3,11,9,0.4232,0.6170,0.8860,0.0272,0.0122
1,3,11,10,0.3533,0.5169,0.7716,0.0329,0.0319
1,3,11,11,0.2831,0.4427,0.6715,0.0188,0.0638
1,4,0,0,0.2707,0.4878,0.3978,-0.1446,0.0927
1,4,0,1,0.2256,0.5651,0.8377,-0.0161,0.0629
1,4,0,2,0.6409,0.7201,0.9780,0.5677,0.0282
1,4,0,3,0.6244,0.7094,0.9551,0.5477,0.0263
1,4,0,4,0.3575,0.5485,0.6659,0.1395,0.0782
1,4,0,5,0.2697,0.4719,0.8647,0.0498,0.0630
1,4,0,6,0.3010,0.5421,0.5104,0.0029,0.0826
1,4,0,7,0.3404,0.5702,0.8312,0.1340,0.0608
1,4,0,8,0.2229,0.5350,0.6142,-0.0996,0.0765
1,4,0,9,0.4136,0.6655,0.8903,0.2478,0.0554
1,4,0,10,0.1962,0.4908,0.9827,0.0436,0.0164
1,4,0,11,0.5382,0.6625,0.9509,0.4246,0.0521
1,4,1,0,0.4952,0.6039,0.8851,0.3714,0.0446
1,4,1,1,0.4818,0.6973,0.9972,0.3820,0.0180
1,4,1,2,0.4632,0.6860,0.9503,0.3410,0.0387
1,4,1,3,0.5659,0.7183,0.8555,0.4569,0.0588
1,4,1,4,1.0000,1.0000,1.0000,1.0000,0.0000
1,4,1,5,0.6101,0.6965,0.8969,0.5201,0.0423
1,4,1,6,0.6826,0.6999,0.9783,0.6433,0.0352
1,4,1,7,0.6609,0.7439,0.9697,0.5970,0.0168
1,4,1,8,0.5731,0.6832,0.7736,0.4649,0.0589
1,4,1,9,0.5673,0.7007,0.9543,0.4713,0.0345
1,4,1,10,0.6992,0.7963,0.9295,0.6353,0.0441
1,4,1,11,0.2554,0.5959,0.9568,0.0563,0.0434
1,4,2,0,0.1787,0.4457,0.9917,0.0780,0.0427
1,4,2,1,0.6240,0.7158,0.9888,0.5572,0.0089
1,4,2,2,0.6430,0.7513,0.9845,0.5801,0.0133
1,4,2,3,0.6732,0.7476,0.9536,0.6053,0.0279
1,4,2,4,0.6705,0.7624,0.8999,0.5979,0.0429
1,4,2,5,0.6957,0.7751,0.8407,0.6337,0.0586
1,4,2,6,0.2822,0.5764,0.9699,0.1100,0.0388
1,4,2,7,0.6427,0.7593,0.8543,0.5615,0.0531
1,4,2,8,0.5744,0.6968,0.9178,0.4736,0.0493
1,4,2,9,0.1750,0.4452,0.9921,0.0725,0.0408
1,4,2,10,0.5364,0.6510,0.9748,0.4442,0.0221
1,4,2,11,0.6275,0.7615,0.9454,0.5460,0.0450
1,4,3,0,0.4001,0.5704,0.9760,0.2766,0.0378
1,4,3,1,0.4970,0.6080,0.8406,0.3616,0.0567
1,4,3,2,0.3798,0.6707,0.8886,0.2149,0.0499
1,4,3,3,0.3861,0.5598,0.8699,0.2191,0.0494
1,4,3,4,0.3420,0.4984,0.8261,0.1500,0.0605
1,4,3,5,0.7815,0.8585,0.9985,0.7455,0.0124
1,4,3,6,0.4199,0.5858,0.8113,0.2570,0.0556
1,4,3,7,0.5880,0.7223,0.8490,0.4879,0.0510
1,4,3,8,0.4526,0.7208,0.9092,0.3145,0.0477
1,4,3,9,0.4362,0.6812,0.9988,0.3423,0.0090
1,4,3,10,0.3175,0.5502,0.9715,0.1583,0.0350
1,4,3,11,0.7379,0.8287,0.9432,0.6843,0.0399
1,4,4,0,0.1195,0.4130,0.9720,-0.0484,0.0159
1,4,4,1,0.1241,0.4216,0.8522,-0.1532,0.0569
1,4,4,2,0.1494,0.3707,0.9571,-0.0367,0.0320
1,4,4,3,0.0363,0.2140,0.9702,-0.0940,0.0303
1,4,4,4,0.1077,0.5182,0.9173,-0.1227,0.0491
1,4,4,5,0.0808,0.3468,0.9683,-0.0854,0.0135
1,4,4,6,0.1414,0.4298,0.9858,-0.0185,0.0141
1,4,4,7,0.2041,0.3597,0.9975,0.0773,0.0107
1,4,4,8,0.0966,0.2951,0.9687,-0.0732,0.0144
1,4,4,9,0.1889,0.3904,0.9477,0.0030,0.0330
1,4,4,10,0.1954,0.3889,0.9742,0.0317,0.0273
1,4,4,11,0.0513,0.3608,0.9877,-0.1084,0.0110
1,4,5,0,0.0655,0.2894,0.9679,-0.0966,0.0079
1,4,5,1,0.0714,0.2178,0.9818,-0.0582,0.0272
1,4,5,2,0.1562,0.4122,0.9350,-0.0305,0.0332
1,4,5,3,0.0950,0.3514,0.9752,-0.0846,0.0222
1,4,5,4,0.1381,0.3718,0.9183,-0.0548,0.0306
1,4,5,5,0.0435,0.2238,0.9752,-0.0932,0.0260
1,4,5,6,0.1208,0.2509,0.9889,-0.0093,0.0209
1,4,5,7,0.0582,0.2550,0.9808,-0.0917,0.0086
1,4,5,8,0.0768,0.3421,0.9617,-0.1246,0.0319
1,4,5,9,0.0726,0.3968,0.9939,-0.0857,0.0123
1,4,5,10,0.3810,0.5714,0.9786,0.2562,0.0229
1,4,5,11,0.0813,0.3153,0.9814,-0.0728,0.0086
1,4,6,0,0.0448,0.2503,0.9933,-0.0971,0.0175
1,4,6,1,0.0945,0.3508,0.9739,-0.1013,0.0338
1,4,6,2,0.1051,0.3428,0.9824,-0.0659,0.0160
1,4,6,3,0.2240,0.3749,0.9927,0.1023,0.0114
1,4,6,4,0.0771,0.3659,0.9942,-0.0908,0.0110
1,4,6,5,0.0958,0.3637,0.9958,-0.0753,0.0169
1,4,6,6,0.0765,0.3435,0.9832,-0.1011,0.0174
1,4,6,7,0.0896,0.3716,0.9383,-0.1395,0.0419
1,4,6,8,0.2573,0.4682,0.9716,0.1042,0.0206
1,4,6,9,0.3177,0.4417,0.9570,0.1838,0.0201
1,4,6,10,0.0931,0.4031,0.9938,-0.0587,0.0089
1,4,6,11,0.3038,0.5019,0.9984,0.1817,0.0181
1,4,7,0,0.0977,0.3898,0.9279,-0.0946,0.0273
1,4,7,1,0.0620,0.2952,0.9794,-0.1109,0.0149
1,4,7,2,0.0672,0.3257,0.9804,-0.1014,0.0099
1,4,7,3,0.0808,0.2475,0.9749,-0.0597,0.0172
1,4,7,4,0.2691,0.4599,0.9979,0.1483,0.0116
1,4,7,5,0.1318,0.3998,0.9251,-0.0804,0.0422
1,4,7,6,0.0530,0.2165,0.9770,-0.0814,0.0266
1,4,7,7,0.0458,0.2085,0.9776,-0.0840,0.0311
1,4,7,8,0.1655,0.3638,0.8453,-0.0123,0.0276
1,4,7,9,0.2007,0.3865,0.9825,0.0664,0.0085
1,4,7,10,0.0448,0.3089,0.9980,-0.1082,0.0121
1,4,7,11,0.0631,0.2978,0.9850,-0.0770,0.0180
1,4,8,0,0.1634,0.3683,0.9797,0.0156,0.0087
1,4,8,1,0.0998,0.3205,0.9321,-0.0849,0.0239
1,4,8,2,0.0295,0.1846,0.9762,-0.0985,0.0366
1,4,8,3,0.0833,0.3009,0.9544,-0.0939,0.0151
1,4,8,4,0.0562,0.2699,0.9874,-0.1011,0.0115
1,4,8,5,0.0444,0.2426,0.9836,-0.1048,0.0112
1,4,8,6,0.0586,0.2143,0.9745,-0.0776,0.0251
1,4,8,7,0.1729,0.5310,0.7807,-0.0992,0.0656
1,4,8,8,0.1652,0.4907,0.7955,-0.0792,0.0575
1,4,8,9,0.1340,0.3472,0.9649,-0.0589,0.0324
1,4,8,10,0.0912,0.2974,0.9858,-0.0571,0.0090
1,4,8,11,0.1675,0.3989,0.9214,-0.0097,0.0333
1,4,9,0,0.0695,0.3951,0.9840,-0.1181,0.0209
1,4,9,1,0.3210,0.5483,0.9683,0.1780,0.0256
1,4,9,2,0.3395,0.5273,0.8436,0.1670,0.0450
1,4,9,3,0.1310,0.3222,0.9218,-0.0400,0.0168
1,4,9,4,0.0977,0.3103,0.9514,-0.0693,0.0116
1,4,9,5,0.1279,0.4634,0.8214,-0.1286,0.0510
1,4,9,6,0.1069,0.2662,0.9668,-0.0323,0.0161
1,4,9,7,0.0509,0.2569,0.9848,-0.0901,0.0174
1,4,9,8,0.2631,0.5390,0.7783,0.0258,0.0638
1,4,9,9,0.0511,0.2001,0.9758,-0.0817,0.0312
1,4,9,10,0.2023,0.4113,0.8730,-0.0369,0.0574
1,4,9,11,0.3423,0.5126,0.9258,0.1809,0.0387
1,4,10,0,0.4877,0.5901,0.5299,0.3333,0.0729
1,4,10,1,0.0899,0.4678,0.7980,-0.1198,0.0379
1,4,10,2,0.3707,0.5114,0.7426,0.1787,0.0596
1,4,10,3,0.1761,0.4065,0.6276,-0.0397,0.0467
1,4,10,4,0.3785,0.5769,0.7813,0.2229,0.0425
1,4,10,5,0.1088,0.4078,0.7389,-0.1171,0.0377
1,4,10,6,0.2616,0.4681,0.7782,0.0819,0.0422
1,4,10,7,0.2559,0.4481,0.5655,0.0073,0.0623
1,4,10,8,0.1329,0.3637,0.5805,-0.0813,0.0433
1,4,10,9,0.1054,0.4735,0.7567,-0.1310,0.0501
1,4,10,10,0.4744,0.6573,0.9664,0.3585,0.0359
1,4,10,11,0.2755,0.5536,0.6511,0.0102,0.0695
1,4,11,0,0.0998,0.3278,0.6190,-0.0946,0.0400
1,4,11,1,0.0905,0.3267,0.6205,-0.1102,0.0387
1,4,11,2,0.1638,0.4355,0.5935,-0.1103,0.0569
1,4,11,3,0.0843,0.3283,0.6010,-0.1186,0.0394
1,4,11,4,0.1006,0.3346,0.6062,-0.1143,0.0423
1,4,11,5,0.0951,0.3730,0.5899,-0.1293,0.0448
1,4,11,6,0.1588,0.3717,0.6288,-0.0620,0.0471
1,4,11,7,0.0703,0.2997,0.5985,-0.1311,0.0388
1,4,11,8,0.1611,0.5209,0.7943,-0.0851,0.0531
1,4,11,9,0.1928,0.4691,0.6413,-0.0890,0.0618
1,4,11,10,0.1204,0.3668,0.6314,-0.1113,0.0450
1,4,11,11,0.0575,0.2925,0.6182,-0.1335,0.0385
1,5,0,0,0.4187,0.6761,0.7248,-0.1602,0.0548
1,5,0,1,0.4005,0.6517,0.9630,0.0888,0.0256
1,5,0,2,0.5938,0.6594,0.9576,0.4594,0.0251
1,5,0,3,0.3662,0.5668,0.9511,0.1537,0.0236
1,5,0,4,0.5443,0.6563,0.8940,0.2696,0.0430
1,5,0,5,0.3827,0.6271,0.9752,0.0693,0.0249
1,5,0,6,0.3893,0.6655,0.7990,-0.0839,0.0424
1,5,0,7,0.5496,0.7062,0.9539,0.3053,0.0204
1,5,0,8,0.3722,0.7000,0.8627,-0.0682,0.0348
1,5,0,9,0.5269,0.7139,0.9795,0.2891,0.0184
1,5,0,10,0.3044,0.4685,0.9234,0.0974,0.0305
1,5,0,11,0.6055,0.6850,0.9699,0.4293,0.0147
1,5,1,0,0.8066,0.8703,0.9799,0.7235,0.0146
1,5,1,1,0.5837,0.6849,0.9243,0.4617,0.0285
1,5,1,2,0.6936,0.7661,0.9722,0.5785,0.0132
1,5,1,3,0.7485,0.8104,0.9818,0.6261,0.0207
1,5,1,4,0.6101,0.6965,0.8969,0.5201,0.0423
1,5,1,5,1.0000,1.0000,1.0000,1.0000,0.0000
1,5,1,6,0.8112,0.7451,0.8810,0.8079,0.0763
1,5,1,7,0.8927,0.8818,0.9678,0.8716,0.0317
1,5,1,8,0.8794,0.8863,0.9668,0.8233,0.0173
1,5,1,9,0.7849,0.8446,0.9850,0.7048,0.0112
1,5,1,10,0.8122,0.8095,0.9856,0.7375,0.0179
1,5,1,11,0.4323,0.5799,0.9625,0.1816,0.0087
1,5,2,0,0.2601,0.3941,0.8444,0.1270,0.0837
1,5,2,1,0.5862,0.6917,0.9133,0.4793,0.0406
1,5,2,2,0.7817,0.8135,0.9484,0.7350,0.0379
1,5,2,3,0.8952,0.8970,0.9861,0.8616,0.0159
1,5,2,4,0.8995,0.8974,0.9972,0.8555,0.0071
1,5,2,5,0.8887,0.9129,0.9850,0.8367,0.0212
1,5,2,6,0.4591,0.5815,0.9557,0.2475,0.0094
1,5,2,7,0.8012,0.8195,0.9871,0.7133,0.0243
1,5,2,8,0.8896,0.8694,0.9851,0.8421,0.0141
1,5,2,9,0.2494,0.3935,0.8459,0.1116,0.0818
1,5,2,10,0.6660,0.6902,0.9677,0.5645,0.0291
1,5,2,11,0.8271,0.8507,0.9863,0.7623,0.0168
1,5,3,0,0.7107,0.7616,0.9570,0.6197,0.0398
1,5,3,1,0.6945,0.7674,0.9896,0.5421,0.0175
1,5,3,2,0.5985,0.7527,0.9921,0.4159,0.0121
1,5,3,3,0.6797,0.7296,0.9964,0.5298,0.0158
1,5,3,4,0.5663,0.6852,0.9706,0.3492,0.0201
1,5,3,5,0.5190,0.6462,0.9104,0.4050,0.0481
1,5,3,6,0.7352,0.8092,0.9851,0.6049,0.0171
1,5,3,7,0.8518,0.8916,0.9936,0.7828,0.0111
1,5,3,8,0.6369,0.7746,0.9903,0.4779,0.0101
1,5,3,9,0.5898,0.6927,0.9061,0.4946,0.0438
1,5,3,10,0.5085,0.6299,0.9449,0.3218,0.0131
1,5,3,11,0.6600,0.7370,0.9841,0.5305,0.0126
1,5,4,0,0.3146,0.5822,0.9663,0.1100,0.0281
1,5,4,1,0.3982,0.6046,0.9694,0.0892,0.0183
1,5,4,2,0.4605,0.5850,0.9827,0.2734,0.0178
1,5,4,3,0.3372,0.3935,0.8924,0.2082,0.0720
1,5,4,4,0.2527,0.6201,0.9707,-0.0582,0.0141
1,5,4,5,0.2630,0.4510,0.9296,0.0547,0.0334
1,5,4,6,0.2962,0.5512,0.9542,0.0912,0.0311
1,5,4,7,0.3345,0.4494,0.9019,0.1746,0.0510
1,5,4,8,0.3738,0.4785,0.9484,0.1912,0.0288
1,5,4,9,0.4299,0.5611,0.9861,0.2205,0.0148
1,5,4,10,0.3496,0.5600,0.9674,0.1407,0.0165
1,5,4,11,0.3265,0.5443,0.9375,0.1529,0.0457
1,5,5,0,0.2993,0.4612,0.9305,0.1114,0.0390
1,5,5,1,0.3303,0.3870,0.8885,0.1939,0.0685
1,5,5,2,0.3857,0.6090,0.9915,0.1690,0.0175
1,5,5,3,0.3347,0.5556,0.9664,0.1272,0.0219
1,5,5,4,0.4295,0.5735,0.9897,0.2261,0.0154
1,5,5,5,0.3394,0.4095,0.9019,0.2012,0.0668
1,5,5,6,0.3312,0.3964,0.8919,0.1844,0.0617
1,5,5,7,0.3251,0.4538,0.9117,0.1627,0.0468
1,5,5,8,0.3117,0.4827,0.9760,0.0731,0.0136
1,5,5,9,0.2607,0.4852,0.9320,0.0648,0.0432
1,5,5,10,0.3080,0.5505,0.9617,0.0859,0.0258
1,5,5,11,0.3346,0.4738,0.9428,0.1642,0.0417
1,5,6,0,0.3240,0.4368,0.8994,0.1745,0.0543
1,5,6,1,0.3351,0.5422,0.9672,0.1068,0.0140
1,5,6,2,0.3445,0.4853,0.9510,0.1488,0.0282
1,5,6,3,0.3194,0.4410,0.9052,0.1582,0.0516
1,5,6,4,0.3215,0.5065,0.9343,0.1299,0.0345
1,5,6,5,0.3193,0.4906,0.9259,0.1179,0.0272
1,5,6,6,0.3103,0.4880,0.9438,0.1023,0.0272
1,5,6,7,0.3554,0.5485,0.9862,0.0947,0.0096
1,5,6,8,0.5081,0.6582,0.9671,0.3491,0.0250
1,5,6,9,0.3078,0.4779,0.9464,0.0934,0.0267
1,5,6,10,0.3116,0.5027,0.9201,0.1349,0.0450
1,5,6,11,0.2650,0.5009,0.9143,0.0643,0.0453
1,5,7,0,0.3442,0.5990,0.9818,0.1228,0.0153
1,5,7,1,0.3231,0.4611,0.9499,0.1290,0.0293
1,5,7,2,0.3488,0.5125,0.9508,0.1668,0.0372
1,5,7,3,0.3419,0.4142,0.9028,0.1919,0.0577
1,5,7,4,0.2759,0.4876,0.9105,0.0915,0.0474
1,5,7,5,0.3289,0.5880,0.9952,0.0650,0.0071
1,5,7,6,0.3572,0.3986,0.8916,0.2249,0.0675
1,5,7,7,0.3262,0.3940,0.8933,0.1933,0.0724
1,5,7,8,0.4621,0.6076,0.9444,0.2812,0.0194
1,5,7,9,0.3197,0.4425,0.9252,0.1447,0.0469
1,5,7,10,0.2439,0.4343,0.9073,0.0572,0.0508
1,5,7,11,0.3180,0.4608,0.9150,0.1656,0.0595
1,5,8,0,0.4250,0.5356,0.9341,0.2708,0.0378
1,5,8,1,0.4064,0.5120,0.9709,0.2150,0.0282
1,5,8,2,0.3281,0.3696,0.8831,0.2011,0.0773
1,5,8,3,0.3711,0.4799,0.9519,0.1814,0.0279
1,5,8,4,0.3509,0.4900,0.9306,0.1865,0.0460
1,5,8,5,0.3397,0.4502,0.9168,0.1851,0.0527
1,5,8,6,0.3327,0.3994,0.8986,0.1905,0.0653
1,5,8,7,0.3078,0.6811,0.9507,-0.0676,0.0285
1,5,8,8,0.3258,0.6806,0.9740,0.0028,0.0205
1,5,8,9,0.3607,0.5101,0.9741,0.1336,0.0125
1,5,8,10,0.3149,0.4566,0.9199,0.1444,0.0430
1,5,8,11,0.3855,0.5872,0.9822,0.1780,0.0142
1,5,9,0,0.3015,0.5045,0.9557,0.0794,0.0270
1,5,9,1,0.5757,0.7364,0.9711,0.4352,0.0222
1,5,9,2,0.5754,0.7345,0.9892,0.3891,0.0072
1,5,9,3,0.4145,0.5390,0.9617,0.2349,0.0290
1,5,9,4,0.4036,0.5147,0.9571,0.2336,0.0349
1,5,9,5,0.3845,0.6242,0.9842,0.0908,0.0183
1,5,9,6,0.4109,0.4652,0.9113,0.2764,0.0551
1,5,9,7,0.2999,0.4101,0.9023,0.1439,0.0588
1,5,9,8,0.4645,0.6619,0.9533,0.1736,0.0226
1,5,9,9,0.3492,0.3880,0.8922,0.2172,0.0716
1,5,9,10,0.4187,0.5818,0.9891,0.1312,0.0175
1,5,9,11,0.6649,0.7303,0.9949,0.5289,0.0118
1,5,10,0,0.6160,0.7216,0.8345,0.3756,0.0325
1,5,10,1,0.3400,0.6112,0.9082,0.0971,0.0245
1,5,10,2,0.6050,0.7361,0.9297,0.3943,0.0195
1,5,10,3,0.5816,0.6634,0.8257,0.4035,0.0194
1,5,10,4,0.5847,0.7196,0.9426,0.4100,0.0142
1,5,10,5,0.3670,0.6053,0.8927,0.1088,0.0130
1,5,10,6,0.4710,0.6400,0.9075,0.2612,0.0177
1,5,10,7,0.6525,0.7187,0.8403,0.4630,0.0214
1,5,10,8,0.4639,0.5733,0.7843,0.2509,0.0256
1,5,10,9,0.3675,0.5953,0.9082,0.0980,0.0256
1,5,10,10,0.5324,0.6918,0.9741,0.3633,0.0184
1,5,10,11,0.3670,0.7358,0.9060,-0.0360,0.0282
1,5,11,0,0.4694,0.5534,0.7727,0.2886,0.0388
1,5,11,1,0.4808,0.5607,0.7819,0.2996,0.0373
1,5,11,2,0.4336,0.6243,0.8546,0.1301,0.0169
1,5,11,3,0.4465,0.5567,0.7685,0.2521,0.0359
1,5,11,4,0.4582,0.5565,0.7859,0.2511,0.0285
1,5,11,5,0.4443,0.5893,0.7998,0.2231,0.0283
1,5,11,6,0.5475,0.6155,0.8280,0.3547,0.0214
1,5,11,7,0.4383,0.5378,0.7561,0.2462,0.0394
1,5,11,8,0.3615,0.6003,0.9586,0.0554,0.0130
1,5,11,9,0.4547,0.6512,0.8905,0.1417,0.0217
1,5,11,10,0.4122,0.5597,0.8243,0.1620,0.0165
1,5,11,11,0.4175,0.5255,0.7552,0.2327,0.0462
1,6,0,0,0.1779,0.3558,0.3232,-0.2037,0.1209
1,6,0,1,0.2136,0.4129,0.7700,0.0298,0.0938
1,6,0,2,0.6080,0.5671,0.9523,0.5528,0.0620
1,6,0,3,0.2918,0.4087,0.9421,0.1786,0.0609
1,6,0,4,0.3858,0.3899,0.5940,0.2526,0.1072
1,6,0,5,0.2311,0.3163,0.8064,0.0570,0.0945
1,6,0,6,0.2230,0.4025,0.4340,-0.0320,0.1134
1,6,0,7,0.4288,0.4390,0.7583,0.3180,0.0938
1,6,0,8,0.1603,0.3929,0.5406,-0.1092,0.1077
1,6,0,9,0.5337,0.5784,0.8340,0.4604,0.0844
1,6,0,10,0.1992,0.2514,0.9575,0.0815,0.0489
1,6,0,11,0.5534,0.5011,0.9006,0.4847,0.0854
1,6,1,0,0.6901,0.6529,0.8524,0.6563,0.0786
1,6,1,1,0.5982,0.6210,0.9701,0.5431,0.0524
1,6,1,2,0.6758,0.6843,0.9024,0.6344,0.0703
1,6,1,3,0.7481,0.7113,0.8095,0.7435,0.0890
1,6,1,4,0.6826,0.6999,0.9783,0.6433,0.0352
1,6,1,5,0.8112,0.7451,0.8810,0.8079,0.0763
1,6,1,6,1.0000,1.0000,1.0000,1.0000,0.0000
1,6,1,7,0.9499,0.9299,0.9705,0.9512,0.0445
1,6,1,8,0.7706,0.7350,0.7359,0.7889,0.0939
1,6,1,9,0.8451,0.8530,0.9465,0.8399,0.0681
1,6,1,10,0.7888,0.7610,0.8914,0.7750,0.0758
1,6,1,11,0.3213,0.3532,0.9035,0.1902,0.0783
1,6,2,0,0.1796,0.2223,0.9568,0.1000,0.0076
1,6,2,1,0.6879,0.6895,0.9870,0.6482,0.0393
1,6,2,2,0.9254,0.9208,0.9836,0.9200,0.0382
1,6,2,3,0.9039,0.8797,0.9459,0.9063,0.0628
1,6,2,4,0.8609,0.8317,0.8721,0.8734,0.0769
1,6,2,5,0.7938,0.7739,0.8043,0.8050,0.0891
1,6,2,6,0.2993,0.3345,0.9237,0.1739,0.0731
1,6,2,7,0.7832,0.7423,0.8140,0.7762,0.0828
1,6,2,8,0.7260,0.6406,0.8708,0.7016,0.0832
1,6,2,9,0.1682,0.2239,0.9573,0.0865,0.0057
1,6,2,10,0.7448,0.6682,0.9531,0.7139,0.0494
1,6,2,11,0.7566,0.7076,0.9119,0.7329,0.0757
1,6,3,0,0.5446,0.6091,0.9784,0.4784,0.0685
1,6,3,1,0.5307,0.5489,0.8079,0.4565,0.0902
1,6,3,2,0.4070,0.5186,0.8492,0.2973,0.0831
1,6,3,3,0.5020,0.5284,0.8456,0.4185,0.0849
1,6,3,4,0.3308,0.3794,0.7714,0.1906,0.0918
1,6,3,5,0.5491,0.5730,0.9759,0.4924,0.0345
1,6,3,6,0.5523,0.6081,0.7931,0.4851,0.0901
1,6,3,7,0.7363,0.7370,0.8229,0.7232,0.0854
1,6,3,8,0.4588,0.5528,0.8694,0.3649,0.0811
1,6,3,9,0.6073,0.6486,0.9799,0.5580,0.0352
1,6,3,10,0.4362,0.4255,0.9167,0.3431,0.0693
1,6,3,11,0.6242,0.6257,0.9376,0.5717,0.0733
1,6,4,0,0.0482,0.3144,0.9722,-0.0939,0.0489
1,6,4,1,0.0778,0.3107,0.7909,-0.1502,0.0893
1,6,4,2,0.1551,0.3055,0.9476,0.0123,0.0620
1,6,4,3,0.0244,0.1728,0.9979,-0.0792,0.0046
1,6,4,4,0.0330,0.4154,0.8576,-0.1634,0.0816
1,6,4,5,0.0816,0.2435,0.9839,-0.0482,0.0455
1,6,4,6,0.0439,0.2841,0.9750,-0.0957,0.0462
1,6,4,7,0.0642,0.2037,0.9896,-0.0526,0.0248
1,6,4,8,0.0741,0.2412,0.9777,-0.0620,0.0466
1,6,4,9,0.1674,0.2880,0.9439,0.0204,0.0639
1,6,4,10,0.1059,0.2593,0.9654,-0.0359,0.0602
1,6,4,11,0.0495,0.2672,0.9874,-0.0758,0.0365
1,6,5,0,0.0547,0.2071,0.9881,-0.0737,0.0373
1,6,5,1,0.0268,0.1687,0.9995,-0.0799,0.0075
1,6,5,2,0.1080,0.3351,0.9196,-0.0456,0.0641
1,6,5,3,0.0563,0.2575,0.9680,-0.0902,0.0540
1,6,5,4,0.1148,0.2738,0.9232,-0.0390,0.0611
1,6,5,5,0.0301,0.1788,0.9983,-0.0787,0.0106
1,6,5,6,0.0423,0.1772,0.9975,-0.0689,0.0173
1,6,5,7,0.0620,0.2083,0.9973,-0.0550,0.0292
1,6,5,8,0.0427,0.2584,0.9410,-0.1208,0.0645
1,6,5,9,0.0557,0.2424,0.9854,-0.0705,0.0383
1,6,5,10,0.0817,0.2994,0.9690,-0.0639,0.0572
1,6,5,11,0.0505,0.2121,0.9881,-0.0742,0.0339
1,6,6,0,0.0120,0.1864,0.9950,-0.1032,0.0231
1,6,6,1,0.0682,0.2671,0.9498,-0.0890,0.0646
1,6,6,2,0.0614,0.2094,0.9826,-0.0789,0.0477
1,6,6,3,0.0324,0.1939,0.9949,-0.0866,0.0261
1,6,6,4,0.0193,0.2539,0.9810,-0.1206,0.0440
1,6,6,5,0.0662,0.2432,0.9823,-0.0719,0.0507
1,6,6,6,0.0445,0.2361,0.9813,-0.0994,0.0516
1,6,6,7,0.0535,0.2718,0.9106,-0.1328,0.0734
1,6,6,8,0.2782,0.4331,0.9721,0.1648,0.0531
1,6,6,9,0.0733,0.2216,0.9779,-0.0693,0.0538
1,6,6,10,0.0263,0.2431,0.9891,-0.1015,0.0329
1,6,6,11,0.0342,0.2398,0.9767,-0.0986,0.0444
1,6,7,0,0.0399,0.3066,0.9422,-0.1204,0.0610
1,6,7,1,0.0449,0.2186,0.9809,-0.0929,0.0468
1,6,7,2,0.0501,0.2526,0.9821,-0.0844,0.0408
1,6,7,3,0.0322,0.1823,0.9981,-0.0838,0.0183
1,6,7,4,0.0337,0.2362,0.9872,-0.0915,0.0353
1,6,7,5,0.0941,0.3141,0.9026,-0.0781,0.0734
1,6,7,6,0.0450,0.1801,0.9994,-0.0614,0.0092
1,6,7,7,0.0175,0.1694,0.9962,-0.0875,0.0047
1,6,7,8,0.2029,0.3300,0.8611,0.0725,0.0618
1,6,7,9,0.0450,0.1985,0.9933,-0.0807,0.0325
1,6,7,10,0.0405,0.2070,0.9879,-0.0799,0.0300
1,6,7,11,0.0187,0.2209,0.9948,-0.0966,0.0191
1,6,8,0,0.1847,0.3322,0.9914,0.0726,0.0392
1,6,8,1,0.0870,0.2669,0.9476,-0.0590,0.0483
1,6,8,2,0.0168,0.1571,0.9998,-0.0850,0.0042
1,6,8,3,0.0425,0.2308,0.9626,-0.1024,0.0485
1,6,8,4,0.0219,0.2072,0.9908,-0.1059,0.0301
1,6,8,5,0.0273,0.1939,0.9963,-0.0918,0.0235
1,6,8,6,0.0232,0.1694,0.9987,-0.0876,0.0126
1,6,8,7,0.0454,0.4338,0.7170,-0.2067,0.0983
1,6,8,8,0.0580,0.4006,0.7563,-0.1604,0.0899
1,6,8,9,0.1042,0.2377,0.9540,-0.0509,0.0659
1,6,8,10,0.0307,0.2127,0.9955,-0.0933,0.0321
1,6,8,11,0.1139,0.2781,0.9343,-0.0329,0.0657
1,6,9,0,0.0349,0.2620,0.9720,-0.1175,0.0545
1,6,9,1,0.4225,0.5527,0.9677,0.3332,0.0599
1,6,9,2,0.4056,0.4893,0.8298,0.2975,0.0781
1,6,9,3,0.0927,0.2445,0.9473,-0.0465,0.0488
1,6,9,4,0.0809,0.2387,0.9734,-0.0519,0.0410
1,6,9,5,0.0912,0.3349,0.7913,-0.1165,0.0823
1,6,9,6,0.1157,0.2493,0.9948,0.0078,0.0211
1,6,9,7,0.0263,0.1809,0.9984,-0.0872,0.0192
1,6,9,8,0.2549,0.3956,0.7250,0.0788,0.0945
1,6,9,9,0.0365,0.1703,0.9994,-0.0694,0.0077
1,6,9,10,0.2148,0.2857,0.8519,0.0391,0.0896
1,6,9,11,0.4746,0.5517,0.9207,0.3874,0.0730
1,6,10,0,0.4914,0.4703,0.4863,0.4141,0.1051
1,6,10,1,0.0474,0.3169,0.7853,-0.1243,0.0721
1,6,10,2,0.3907,0.4302,0.7048,0.2659,0.0940
1,6,10,3,0.2060,0.3667,0.6482,0.0490,0.0803
1,6,10,4,0.5122,0.5405,0.7959,0.4331,0.0761
1,6,10,5,0.0440,0.2982,0.7343,-0.1462,0.0729
1,6,10,6,0.3245,0.3848,0.7713,0.2037,0.0769
1,6,10,7,0.3172,0.4030,0.5564,0.1609,0.0967
1,6,10,8,0.0708,0.2890,0.6102,-0.1086,0.0770
1,6,10,9,0.0442,0.3140,0.7441,-0.1540,0.0846
1,6,10,10,0.5964,0.6081,0.9461,0.5381,0.0710
1,6,10,11,0.1004,0.3971,0.6040,-0.1739,0.1015
1,6,11,0,0.1046,0.2691,0.6582,-0.0457,0.0701
1,6,11,1,0.0933,0.2685,0.6623,-0.0623,0.0719
1,6,11,2,0.0935,0.3027,0.5989,-0.1395,0.0899
1,6,11,3,0.0674,0.2639,0.6443,-0.0939,0.0726
1,6,11,4,0.0771,0.2611,0.6433,-0.0946,0.0764
1,6,11,5,0.0789,0.2831,0.6229,-0.0988,0.0782
1,6,11,6,0.1922,0.3114,0.6551,0.0317,0.0816
1,6,11,7,0.0536,0.2526,0.6353,-0.1065,0.0684
1,6,11,8,0.0772,0.2911,0.7797,-0.1356,0.0852
1,6,11,9,0.1470,0.3053,0.6227,-0.0821,0.0950
1,6,11,10,0.0926,0.2715,0.6517,-0.0931,0.0793
1,6,11,11,0.0369,0.2441,0.6598,-0.1159,0.0642
1,7,0,0,0.2979,0.5409,0.5323,-0.1765,0.0784
1,7,0,1,0.3492,0.5999,0.8917,0.1188,0.0498
1,7,0,2,0.6646,0.6652,0.9826,0.5836,0.0204
1,7,0,3,0.3477,0.5245,0.9695,0.1897,0.0184
1,7,0,4,0.4902,0.5732,0.7623,0.2993,0.0639
1,7,0,5,0.3267,0.5127,0.9182,0.0922,0.0505
1,7,0,6,0.3048,0.5741,0.6281,-0.0540,0.0699
1,7,0,7,0.5340,0.6151,0.8808,0.3759,0.0503
1,7,0,8,0.2924,0.5818,0.7165,-0.0419,0.0631
1,7,0,9,0.5503,0.6976,0.9340,0.4059,0.0414
1,7,0,10,0.2750,0.3884,0.9668,0.1174,0.0138
1,7,0,11,0.6192,0.6453,0.9644,0.5083,0.0408
1,7,1,0,0.7885,0.7983,0.9427,0.7344,0.0350
1,7,1,1,0.6039,0.6882,0.9795,0.5161,0.0131
1,7,1,2,0.7684,0.8106,0.9660,0.7093,0.0268
1,7,1,3,0.8244,0.8345,0.9214,0.7881,0.0443
1,7,1,4,0.6609,0.7439,0.9697,0.5970,0.0168
1,7,1,5,0.8927,0.8818,0.9678,0.8716,0.0317
1,7,1,6,0.9499,0.9299,0.9705,0.9512,0.0445
1,7,1,7,1.0000,1.0000,1.0000,1.0000,0.0000
1,7,1,8,0.8465,0.8664,0.8735,0.8287,0.0493
1,7,1,9,0.8594,0.9195,0.9958,0.8256,0.0231
1,7,1,10,0.8434,0.8511,0.9649,0.8055,0.0311
1,7,1,11,0.3881,0.4919,0.9629,0.2011,0.0344
1,7,2,0,0.2428,0.3294,0.9334,0.1387,0.0522
1,7,2,1,0.6755,0.7218,0.9819,0.6097,0.0128
1,7,2,2,0.9315,0.9465,0.9970,0.9181,0.0092
1,7,2,3,0.9458,0.9546,0.9960,0.9342,0.0177
1,7,2,4,0.9167,0.9272,0.9611,0.9049,0.0323
1,7,2,5,0.8561,0.8938,0.9195,0.8327,0.0454
1,7,2,6,0.3709,0.4848,0.9698,0.1969,0.0280
1,7,2,7,0.8468,0.8527,0.9251,0.8125,0.0384
1,7,2,8,0.8335,0.8078,0.9573,0.7938,0.0391
1,7,2,9,0.2292,0.3287,0.9345,0.1215,0.0504
1,7,2,10,0.7803,0.7511,0.9903,0.7298,0.0090
1,7,2,11,0.8109,0.8392,0.9796,0.7636,0.0341
1,7,3,0,0.6001,0.7140,0.9992,0.5052,0.0383
1,7,3,1,0.6314,0.7128,0.9236,0.5192,0.0462
1,7,3,2,0.4907,0.6646,0.9471,0.3344,0.0387
1,7,3,3,0.5941,0.6783,0.9462,0.4713,0.0409
1,7,3,4,0.4237,0.5434,0.8956,0.2292,0.0479
1,7,3,5,0.5544,0.6534,0.9745,0.4713,0.0234
1,7,3,6,0.6362,0.7540,0.9123,0.5262,0.0461
1,7,3,7,0.8225,0.8725,0.9336,0.7830,0.0414
1,7,3,8,0.5572,0.6960,0.9580,0.4272,0.0368
1,7,3,9,0.5791,0.7047,0.9760,0.4999,0.0210
1,7,3,10,0.4713,0.5719,0.9626,0.3294,0.0258
1,7,3,11,0.6579,0.7147,0.9870,0.5676,0.0298
1,7,4,0,0.1515,0.4653,0.9999,-0.0336,0.0105
1,7,4,1,0.2035,0.4748,0.9055,-0.0839,0.0456
1,7,4,2,0.2569,0.4484,0.9929,0.0707,0.0179
1,7,4,3,0.1278,0.2826,0.9737,-0.0061,0.0408
1,7,4,4,0.1158,0.5500,0.9428,-0.1463,0.0387
1,7,4,5,0.1555,0.3551,0.9850,-0.0190,0.0147
1,7,4,6,0.1393,0.4194,0.9965,-0.0440,0.0110
1,7,4,7,0.1479,0.3122,0.9775,-0.0067,0.0215
1,7,4,8,0.1786,0.3665,0.9901,0.0021,0.0088
1,7,4,9,0.2611,0.4334,0.9933,0.0668,0.0199
1,7,4,10,0.1975,0.4010,0.9983,0.0104,0.0206
1,7,4,11,0.1437,0.4071,0.9938,-0.0209,0.0205
1,7,5,0,0.1423,0.3257,0.9876,-0.0276,0.0132
1,7,5,1,0.1227,0.2676,0.9735,-0.0165,0.0371
1,7,5,2,0.2029,0.4837,0.9819,0.0006,0.0215
1,7,5,3,0.1581,0.4008,0.9988,-0.0331,0.0124
1,7,5,4,0.2304,0.4339,0.9821,0.0330,0.0166
1,7,5,5,0.1294,0.2889,0.9791,-0.0120,0.0354
1,7,5,6,0.1350,0.2736,0.9747,-0.0107,0.0324
1,7,5,7,0.1589,0.3244,0.9845,0.0064,0.0182
1,7,5,8,0.1396,0.3850,0.9858,-0.0751,0.0229
1,7,5,9,0.1363,0.3616,0.9893,-0.0321,0.0198
1,7,5,10,0.1625,0.4219,0.9940,-0.0323,0.0177
1,7,5,11,0.1446,0.3511,0.9955,-0.0191,0.0174
1,7,6,0,0.1099,0.3079,0.9790,-0.0407,0.0289
1,7,6,1,0.1678,0.4121,0.9903,-0.0381,0.0222
1,7,6,2,0.1611,0.3406,0.9970,-0.0223,0.0066
1,7,6,3,0.1238,0.3028,0.9808,-0.0329,0.0265
1,7,6,4,0.1159,0.3714,0.9892,-0.0679,0.0133
1,7,6,5,0.1547,0.3649,0.9846,-0.0282,0.0170
1,7,6,6,0.1387,0.3556,0.9909,-0.0508,0.0147
1,7,6,7,0.1635,0.4168,0.9758,-0.0773,0.0290
1,7,6,8,0.3404,0.5602,0.9995,0.1842,0.0110
1,7,6,9,0.1541,0.3333,0.9897,-0.0365,0.0135
1,7,6,10,0.1248,0.3613,0.9866,-0.0424,0.0185
1,7,6,11,0.1164,0.3590,0.9776,-0.0607,0.0222
1,7,7,0,0.1535,0.4574,0.9903,-0.0530,0.0182
1,7,7,1,0.1343,0.3479,0.9957,-0.0480,0.0109
1,7,7,2,0.1480,0.3816,0.9961,-0.0280,0.0144
1,7,7,3,0.1334,0.2896,0.9793,-0.0174,0.0275
1,7,7,4,0.1204,0.3475,0.9808,-0.0455,0.0217
1,7,7,5,0.1882,0.4769,0.9781,-0.0392,0.0306
1,7,7,6,0.1467,0.2840,0.9746,0.0091,0.0361
1,7,7,7,0.1207,0.2813,0.9735,-0.0151,0.0417
1,7,7,8,0.3287,0.4859,0.9227,0.1650,0.0196
1,7,7,9,0.1346,0.3040,0.9882,-0.0313,0.0168
1,7,7,10,0.1121,0.3155,0.9789,-0.0500,0.0225
1,7,7,11,0.1184,0.3390,0.9851,-0.0318,0.0297
1,7,8,0,0.2559,0.4414,0.9923,0.1057,0.0117
1,7,8,1,0.2011,0.3950,0.9837,0.0136,0.0126
1,7,8,2,0.1149,0.2554,0.9709,-0.0175,0.0461
1,7,8,3,0.1612,0.3502,0.9810,-0.0242,0.0105
1,7,8,4,0.1230,0.3364,0.9924,-0.0438,0.0158
1,7,8,5,0.1286,0.3137,0.9873,-0.0264,0.0225
1,7,8,6,0.1230,0.2762,0.9779,-0.0213,0.0344
1,7,8,7,0.1529,0.5850,0.8568,-0.1715,0.0541
1,7,8,8,0.1673,0.5670,0.8882,-0.1144,0.0458
1,7,8,9,0.1983,0.3718,0.9921,-0.0064,0.0232
1,7,8,10,0.1301,0.3280,0.9881,-0.0318,0.0192
1,7,8,11,0.2218,0.4333,0.9846,0.0318,0.0241
1,7,9,0,0.1283,0.3892,0.9928,-0.0726,0.0159
1,7,9,1,0.4581,0.6723,0.9999,0.3269,0.0173
1,7,9,2,0.4947,0.6378,0.9326,0.3437,0.0347
1,7,9,3,0.2057,0.3917,0.9794,0.0268,0.0078
1,7,9,4,0.1972,0.3753,0.9932,0.0274,0.0081
1,7,9,5,0.2121,0.5014,0.9106,-0.0523,0.0384
1,7,9,6,0.2185,0.3601,0.9812,0.0801,0.0241
1,7,9,7,0.1158,0.2932,0.9813,-0.0338,0.0300
1,7,9,8,0.3498,0.5617,0.8586,0.1098,0.0512
1,7,9,9,0.1360,0.2738,0.9751,-0.0013,0.0407
1,7,9,10,0.2843,0.4473,0.9454,0.0384,0.0448
1,7,9,11,0.5593,0.6803,0.9853,0.4363,0.0281
1,7,10,0,0.5948,0.6436,0.6708,0.4618,0.0616
1,7,10,1,0.2062,0.4880,0.8652,-0.0029,0.0323
1,7,10,2,0.5239,0.6219,0.8361,0.3622,0.0503
1,7,10,3,0.3624,0.5226,0.7445,0.1729,0.0368
1,7,10,4,0.6070,0.6970,0.8891,0.4959,0.0327
1,7,10,5,0.2170,0.4763,0.8293,-0.0096,0.0287
1,7,10,6,0.4391,0.5577,0.8576,0.2830,0.0330
1,7,10,7,0.4829,0.5855,0.7078,0.2983,0.0520
1,7,10,8,0.2314,0.4299,0.6988,0.0142,0.0342
1,7,10,9,0.2088,0.4801,0.8412,-0.0298,0.0408
1,7,10,10,0.5857,0.6930,0.9876,0.4793,0.0290
1,7,10,11,0.2297,0.6000,0.7713,-0.1113,0.0574
1,7,11,0,0.2913,0.4364,0.7234,0.1164,0.0382
1,7,11,1,0.2775,0.4346,0.7294,0.0954,0.0374
1,7,11,2,0.2579,0.4868,0.7358,-0.0187,0.0458
1,7,11,3,0.2471,0.4280,0.7131,0.0564,0.0357
1,7,11,4,0.2532,0.4289,0.7213,0.0496,0.0338
1,7,11,5,0.2520,0.4544,0.7179,0.0406,0.0354
1,7,11,6,0.3755,0.4921,0.7524,0.1900,0.0376
1,7,11,7,0.2345,0.4125,0.7018,0.0450,0.0386
1,7,11,8,0.2236,0.4684,0.8877,-0.0377,0.0410
1,7,11,9,0.3047,0.5010,0.7698,0.0309,0.0501
1,7,11,10,0.2619,0.4430,0.7464,0.0405,0.0352
1,7,11,11,0.2163,0.4026,0.7147,0.0348,0.0401
1,8,0,0,0.5457,0.7528,0.8765,-0.0678,0.0401
1,8,0,1,0.4387,0.7199,0.9779,0.0565,0.0169
1,8,0,2,0.6058,0.6949,0.8756,0.4537,0.0405
1,8,0,3,0.3462,0.5937,0.8749,0.0712,0.0395
1,8,0,4,0.5994,0.7390,0.9756,0.2686,0.0312
1,8,0,5,0.4311,0.6518,0.9701,0.0542,0.0147
1,8,0,6,0.4542,0.7506,0.9246,-0.1221,0.0263
1,8,0,7,0.5991,0.7167,0.9750,0.3085,0.0110
1,8,0,8,0.4447,0.7463,0.9602,-0.0797,0.0195
1,8,0,9,0.5414,0.7430,0.9687,0.2394,0.0128
1,8,0,10,0.3318,0.5092,0.8255,0.0856,0.0470
1,8,0,11,0.5526,0.6819,0.9211,0.2975,0.0138
1,8,1,0,0.7673,0.8482,0.9461,0.6465,0.0221
1,8,1,1,0.5185,0.6681,0.8160,0.3501,0.0452
1,8,1,2,0.6492,0.7550,0.9219,0.4914,0.0227
1,8,1,3,0.7585,0.8281,0.9867,0.6037,0.0175
1,8,1,4,0.5731,0.6832,0.7736,0.4649,0.0589
1,8,1,5,0.8794,0.8863,0.9668,0.8233,0.0173
1,8,1,6,0.7706,0.7350,0.7359,0.7889,0.0939
1,8,1,7,0.8465,0.8664,0.8735,0.8287,0.0493
1,8,1,8,1.0000,1.0000,1.0000,1.0000,0.0000
1,8,1,9,0.8840,0.8941,0.9128,0.8479,0.0257
1,8,1,10,0.7674,0.8015,0.9486,0.6604,0.0207
1,8,1,11,0.4443,0.6195,0.9089,0.1298,0.0171
1,8,2,0,0.2297,0.3991,0.7089,0.0583,0.1012
1,8,2,1,0.5891,0.6938,0.7945,0.4733,0.0572
1,8,2,2,0.8180,0.8405,0.8408,0.8019,0.0549
1,8,2,3,0.8831,0.9121,0.9133,0.8563,0.0324
1,8,2,4,0.8596,0.8951,0.9717,0.7882,0.0165
1,8,2,5,0.8120,0.8793,0.9925,0.6908,0.0136
1,8,2,6,0.4675,0.6075,0.8845,0.2059,0.0230
1,8,2,7,0.7590,0.8320,0.9896,0.6272,0.0173
1,8,2,8,0.7956,0.8288,0.9568,0.6904,0.0176
1,8,2,9,0.2250,0.4008,0.7109,0.0490,0.0993
1,8,2,10,0.6601,0.7007,0.8830,0.5463,0.0450
1,8,2,11,0.7092,0.7905,0.9356,0.5808,0.0221
1,8,3,0,0.7644,0.8035,0.8540,0.6926,0.0525
1,8,3,1,0.7512,0.8258,0.9929,0.5868,0.0089
1,8,3,2,0.6573,0.7888,0.9776,0.4592,0.0146
1,8,3,3,0.6548,0.7479,0.9808,0.4466,0.0173
1,8,3,4,0.6126,0.7344,0.9908,0.3584,0.0141
1,8,3,5,0.4437,0.6240,0.7924,0.2852,0.0653
1,8,3,6,0.8045,0.8815,0.9934,0.6775,0.0129
1,8,3,7,0.8315,0.9184,0.9885,0.7306,0.0124
1,8,3,8,0.5744,0.7483,0.9583,0.3381,0.0136
1,8,3,9,0.5303,0.6753,0.7827,0.4055,0.0598
1,8,3,10,0.5427,0.6840,0.8750,0.3287,0.0270
1,8,3,11,0.6538,0.7466,0.9215,0.4959,0.0233
1,8,4,0,0.4238,0.6678,0.8706,0.2176,0.0449
1,8,4,1,0.4413,0.7047,0.9800,0.0662,0.0127
1,8,4,2,0.5067,0.6601,0.9098,0.2985,0.0328
1,8,4,3,0.4394,0.5040,0.7518,0.3262,0.0897
1,8,4,4,0.3223,0.6973,0.9464,-0.0391,0.0165
1,8,4,5,0.3793,0.5420,0.8206,0.1689,0.0510
1,8,4,6,0.4006,0.6270,0.8531,0.1908,0.0487
1,8,4,7,0.4113,0.5133,0.7742,0.2487,0.0692
1,8,4,8,0.4469,0.5741,0.8501,0.2551,0.0460
1,8,4,9,0.5559,0.6632,0.9177,0.3577,0.0301
1,8,4,10,0.4276,0.6258,0.8774,0.2033,0.0330
1,8,4,11,0.4115,0.6021,0.8213,0.2345,0.0619
1,8,5,0,0.3881,0.5358,0.8167,0.1931,0.0562
1,8,5,1,0.4316,0.4870,0.7484,0.3085,0.0861
1,8,5,2,0.4640,0.6646,0.9370,0.2311,0.0295
1,8,5,3,0.4257,0.6352,0.8745,0.2086,0.0392
1,8,5,4,0.5245,0.6671,0.9293,0.3184,0.0322
1,8,5,5,0.4379,0.5103,0.7660,0.3119,0.0850
1,8,5,6,0.4306,0.4864,0.7560,0.2936,0.0792
1,8,5,7,0.4204,0.5379,0.7823,0.2617,0.0648
1,8,5,8,0.3935,0.5942,0.9098,0.1318,0.0292
1,8,5,9,0.3299,0.5403,0.8189,0.1148,0.0602
1,8,5,10,0.3896,0.6077,0.8721,0.1486,0.0420
1,8,5,11,0.4341,0.5649,0.8305,0.2675,0.0593
1,8,6,0,0.4070,0.5246,0.7656,0.2597,0.0721
1,8,6,1,0.4088,0.6233,0.8893,0.1573,0.0298
1,8,6,2,0.4367,0.5548,0.8444,0.2355,0.0458
1,8,6,3,0.4053,0.5092,0.7761,0.2441,0.0687
1,8,6,4,0.4044,0.5995,0.8252,0.2032,0.0520
1,8,6,5,0.3964,0.5563,0.8143,0.1803,0.0449
1,8,6,6,0.3955,0.5617,0.8412,0.1742,0.0435
1,8,6,7,0.4527,0.6469,0.9409,0.1730,0.0201
1,8,6,8,0.5930,0.7002,0.8729,0.4415,0.0414
1,8,6,9,0.4029,0.5356,0.8448,0.1777,0.0431
1,8,6,10,0.4073,0.5772,0.7999,0.2302,0.0625
1,8,6,11,0.3233,0.5345,0.7966,0.0976,0.0624
1,8,7,0,0.4371,0.6673,0.9050,0.2037,0.0325
1,8,7,1,0.3879,0.5554,0.8477,0.1758,0.0462
1,8,7,2,0.4482,0.5993,0.8438,0.2676,0.0545
1,8,7,3,0.4442,0.5138,0.7689,0.3050,0.0749
1,8,7,4,0.3559,0.5374,0.7870,0.1607,0.0646
1,8,7,5,0.4287,0.6894,0.9523,0.1452,0.0200
1,8,7,6,0.4481,0.4986,0.7520,0.3276,0.0853
1,8,7,7,0.4201,0.4898,0.7530,0.2983,0.0904
1,8,7,8,0.5013,0.6611,0.8877,0.2982,0.0343
1,8,7,9,0.4119,0.5079,0.8053,0.2357,0.0630
1,8,7,10,0.3426,0.5047,0.7820,0.1505,0.0676
1,8,7,11,0.4032,0.5436,0.7849,0.2527,0.0775
1,8,8,0,0.5285,0.6274,0.8177,0.3884,0.0548
1,8,8,1,0.5091,0.6145,0.8912,0.3209,0.0444
1,8,8,2,0.4337,0.4755,0.7390,0.3239,0.0956
1,8,8,3,0.4447,0.5645,0.8624,0.2440,0.0449
1,8,8,4,0.4328,0.5731,0.8109,0.2673,0.0635
1,8,8,5,0.4364,0.5445,0.7877,0.2889,0.0702
1,8,8,6,0.4429,0.5016,0.7617,0.3161,0.0829
1,8,8,7,0.3807,0.7654,0.9910,-0.0592,0.0160
1,8,8,8,0.4172,0.7741,0.9993,0.0556,0.0120
1,8,8,9,0.4510,0.5797,0.8991,0.2100,0.0281
1,8,8,10,0.4109,0.5404,0.7934,0.2419,0.0605
1,8,8,11,0.4714,0.6282,0.9095,0.2539,0.0291
1,8,9,0,0.4112,0.6150,0.8612,0.1830,0.0433
1,8,9,1,0.6519,0.7708,0.8800,0.5223,0.0383
1,8,9,2,0.6566,0.8076,0.9751,0.4673,0.0173
1,8,9,3,0.5183,0.6123,0.8731,0.3457,0.0456
1,8,9,4,0.4875,0.6053,0.8553,0.3179,0.0519
1,8,9,5,0.4961,0.7301,0.9958,0.1850,0.0139
1,8,9,6,0.5225,0.5691,0.7806,0.4101,0.0730
1,8,9,7,0.4163,0.5196,0.7666,0.2727,0.0768
1,8,9,8,0.5423,0.7470,0.9906,0.2132,0.0101
1,8,9,9,0.4539,0.4944,0.7521,0.3388,0.0890
1,8,9,10,0.5354,0.6771,0.9760,0.2366,0.0123
1,8,9,11,0.7884,0.8290,0.9379,0.6897,0.0234
1,8,10,0,0.7295,0.8049,0.9401,0.4893,0.0168
1,8,10,1,0.3403,0.6644,0.8721,0.0330,0.0379
1,8,10,2,0.6458,0.7786,0.9497,0.3921,0.0098
1,8,10,3,0.5483,0.6761,0.8262,0.3054,0.0271
1,8,10,4,0.7112,0.7956,0.9147,0.5629,0.0245
1,8,10,5,0.3797,0.6570,0.8749,0.0571,0.0242
1,8,10,6,0.5377,0.7108,0.8766,0.3094,0.0281
1,8,10,7,0.6843,0.7628,0.8974,0.4480,0.0114
1,8,10,8,0.4881,0.6149,0.7954,0.2326,0.0344
1,8,10,9,0.3877,0.6549,0.8978,0.0536,0.0300
1,8,10,10,0.6323,0.7388,0.9028,0.4756,0.0318
1,8,10,11,0.4081,0.7816,0.9816,-0.0950,0.0132
1,8,11,0,0.4787,0.5953,0.7370,0.2613,0.0513
1,8,11,1,0.4849,0.5948,0.7504,0.2641,0.0487
1,8,11,2,0.4871,0.6739,0.8967,0.1251,0.0098
1,8,11,3,0.4658,0.5916,0.7397,0.2344,0.0474
1,8,11,4,0.4810,0.5955,0.7671,0.2334,0.0389
1,8,11,5,0.4864,0.6265,0.7993,0.2297,0.0370
1,8,11,6,0.5635,0.6592,0.8185,0.3290,0.0289
1,8,11,7,0.4435,0.5834,0.7270,0.2084,0.0514
1,8,11,8,0.4135,0.6471,0.9557,0.0490,0.0148
1,8,11,9,0.4983,0.6949,0.9373,0.1143,0.0082
1,8,11,10,0.4711,0.6211,0.8202,0.1847,0.0241
1,8,11,11,0.4238,0.5679,0.7114,0.1998,0.0591
1,9,0,0,0.3803,0.5959,0.6054,-0.1529,0.0594
1,9,0,1,0.2468,0.6376,0.9249,-0.1005,0.0304
1,9,0,2,0.5832,0.6482,0.9822,0.4578,0.0239
1,9,0,3,0.2668,0.5086,0.9703,0.0461,0.0202
1,9,0,4,0.4573,0.5999,0.8167,0.1708,0.0460
1,9,0,5,0.3234,0.5381,0.9440,0.0204,0.0305
1,9,0,6,0.3721,0.6097,0.6942,-0.0471,0.0484
1,9,0,7,0.4221,0.6277,0.9165,0.1456,0.0267
1,9,0,8,0.2439,0.6111,0.7751,-0.2318,0.0413
1,9,0,9,0.4908,0.6748,0.9591,0.2670,0.0217
1,9,0,10,0.1787,0.3947,0.9596,-0.0420,0.0251
1,9,0,11,0.4310,0.6084,0.9766,0.2063,0.0189
1,9,1,0,0.7529,0.7947,0.9571,0.6601,0.0196
1,9,1,1,0.4651,0.6086,0.9700,0.3197,0.0216
1,9,1,2,0.5848,0.7517,0.9771,0.4446,0.0116
1,9,1,3,0.6909,0.7925,0.9526,0.5618,0.0240
1,9,1,4,0.5673,0.7007,0.9543,0.4713,0.0345
1,9,1,5,0.7849,0.8446,0.9850,0.7048,0.0112
1,9,1,6,0.8451,0.8530,0.9465,0.8399,0.0681
1,9,1,7,0.8594,0.9195,0.9958,0.8256,0.0231
1,9,1,8,0.8840,0.8941,0.9128,0.8479,0.0257
1,9,1,9,1.0000,1.0000,1.0000,1.0000,0.0000
1,9,1,10,0.6834,0.7770,0.9811,0.5710,0.0143
1,9,1,11,0.3685,0.5190,0.9733,0.1216,0.0133
1,9,2,0,0.0812,0.3155,0.9123,-0.0776,0.0757
1,9,2,1,0.6153,0.7205,0.9694,0.5233,0.0320
1,9,2,2,0.8707,0.9175,0.9879,0.8460,0.0291
1,9,2,3,0.8831,0.9377,0.9997,0.8465,0.0088
1,9,2,4,0.7964,0.8636,0.9813,0.7193,0.0105
1,9,2,5,0.7109,0.8401,0.9513,0.5904,0.0255
1,9,2,6,0.3872,0.5073,0.9729,0.1736,0.0112
1,9,2,7,0.6549,0.8013,0.9546,0.5211,0.0244
1,9,2,8,0.6697,0.7731,0.9771,0.5447,0.0184
1,9,2,9,0.0797,0.3155,0.9136,-0.0814,0.0739
1,9,2,10,0.6254,0.7028,0.9887,0.5196,0.0205
1,9,2,11,0.5481,0.7543,0.9917,0.3942,0.0173
1,9,3,0,0.6777,0.7543,0.9919,0.5836,0.0412
1,9,3,1,0.6161,0.7225,0.9531,0.4500,0.0227
1,9,3,2,0.5832,0.7071,0.9711,0.4172,0.0160
1,9,3,3,0.5454,0.6494,0.9689,0.3587,0.0223
1,9,3,4,0.4448,0.5901,0.9315,0.2002,0.0258
1,9,3,5,0.4249,0.5816,0.9608,0.2955,0.0414
1,9,3,6,0.7412,0.7915,0.9432,0.6344,0.0243
1,9,3,7,0.7763,0.8616,0.9600,0.6875,0.0186
1,9,3,8,0.4115,0.6937,0.9750,0.1835,0.0140
1,9,3,9,0.4447,0.6232,0.9607,0.3188,0.0358
1,9,3,10,0.4724,0.5926,0.9669,0.2933,0.0160
1,9,3,11,0.5681,0.7017,0.9944,0.4206,0.0159
1,9,4,0,0.3039,0.5792,0.9951,0.1169,0.0217
1,9,4,1,0.3426,0.5751,0.9382,0.0453,0.0230
1,9,4,2,0.4380,0.5492,0.9959,0.2628,0.0092
1,9,4,3,0.3323,0.4005,0.9509,0.2126,0.0640
1,9,4,4,0.2234,0.6110,0.9638,-0.0636,0.0185
1,9,4,5,0.2905,0.4354,0.9758,0.1105,0.0271
1,9,4,6,0.2975,0.5403,0.9900,0.1135,0.0235
1,9,4,7,0.3168,0.4297,0.9608,0.1670,0.0436
1,9,4,8,0.3555,0.4689,0.9844,0.1855,0.0201
1,9,4,9,0.4479,0.5411,0.9988,0.2666,0.0106
1,9,4,10,0.3851,0.5338,0.9962,0.2079,0.0166
1,9,4,11,0.3267,0.4997,0.9812,0.1695,0.0386
1,9,5,0,0.3172,0.4337,0.9763,0.1521,0.0308
1,9,5,1,0.3246,0.3924,0.9516,0.1984,0.0601
1,9,5,2,0.3486,0.5607,0.9913,0.1429,0.0109
1,9,5,3,0.3604,0.5357,0.9959,0.1812,0.0134
1,9,5,4,0.4287,0.5391,0.9889,0.2462,0.0098
1,9,5,5,0.3321,0.4068,0.9585,0.2039,0.0588
1,9,5,6,0.3229,0.4005,0.9546,0.1869,0.0535
1,9,5,7,0.3584,0.4446,0.9670,0.2188,0.0386
1,9,5,8,0.3137,0.4703,0.9920,0.1009,0.0116
1,9,5,9,0.2269,0.4337,0.9780,0.0419,0.0370
1,9,5,10,0.2925,0.5318,0.9915,0.0888,0.0219
1,9,5,11,0.3208,0.4500,0.9845,0.1628,0.0331
1,9,6,0,0.3279,0.4316,0.9599,0.1925,0.0459
1,9,6,1,0.3561,0.5151,0.9931,0.1582,0.0124
1,9,6,2,0.3490,0.4567,0.9880,0.1739,0.0202
1,9,6,3,0.2872,0.4219,0.9635,0.1331,0.0447
1,9,6,4,0.3137,0.5068,0.9798,0.1388,0.0280
1,9,6,5,0.3025,0.4665,0.9741,0.1167,0.0237
1,9,6,6,0.3171,0.4613,0.9836,0.1320,0.0211
1,9,6,7,0.3354,0.5241,0.9898,0.0964,0.0106
1,9,6,8,0.5227,0.6429,0.9952,0.3832,0.0180
1,9,6,9,0.2853,0.4388,0.9828,0.0864,0.0198
1,9,6,10,0.3182,0.4976,0.9731,0.1600,0.0371
1,9,6,11,0.2530,0.4625,0.9642,0.0692,0.0390
1,9,7,0,0.3256,0.5660,0.9916,0.1215,0.0121
1,9,7,1,0.3059,0.4401,0.9892,0.1263,0.0218
1,9,7,2,0.3352,0.4852,0.9865,0.1671,0.0308
1,9,7,3,0.3300,0.4091,0.9596,0.1904,0.0490
1,9,7,4,0.2642,0.4702,0.9658,0.0949,0.0408
1,9,7,5,0.3183,0.5887,0.9929,0.0797,0.0114
1,9,7,6,0.3395,0.4019,0.9527,0.2141,0.0591
1,9,7,7,0.3224,0.3925,0.9505,0.1997,0.0643
1,9,7,8,0.4325,0.5356,0.9260,0.2606,0.0193
1,9,7,9,0.2992,0.4196,0.9743,0.1356,0.0386
1,9,7,10,0.2636,0.4049,0.9628,0.1001,0.0429
1,9,7,11,0.3170,0.4615,0.9666,0.1778,0.0521
1,9,8,0,0.4681,0.5558,0.9798,0.3388,0.0295
1,9,8,1,0.3812,0.4984,0.9831,0.2015,0.0207
1,9,8,2,0.3243,0.3768,0.9471,0.2068,0.0695
1,9,8,3,0.3397,0.4587,0.9771,0.1598,0.0202
1,9,8,4,0.3463,0.4666,0.9788,0.1958,0.0373
1,9,8,5,0.3403,0.4362,0.9697,0.1996,0.0445
1,9,8,6,0.3252,0.3980,0.9571,0.1936,0.0564
1,9,8,7,0.2851,0.6601,0.8989,-0.0565,0.0340
1,9,8,8,0.3009,0.6632,0.9250,0.0050,0.0266
1,9,8,9,0.3503,0.4694,0.9954,0.1439,0.0128
1,9,8,10,0.3215,0.4475,0.9715,0.1686,0.0351
1,9,8,11,0.3569,0.5191,0.9866,0.1619,0.0153
1,9,9,0,0.2974,0.5036,0.9884,0.0970,0.0223
1,9,9,1,0.6148,0.7313,0.9969,0.4993,0.0188
1,9,9,2,0.6636,0.7315,0.9545,0.5343,0.0143
1,9,9,3,0.3779,0.4863,0.9748,0.2052,0.0199
1,9,9,4,0.3749,0.4972,0.9852,0.2131,0.0265
1,9,9,5,0.3660,0.6076,0.9428,0.0992,0.0183
1,9,9,6,0.4211,0.4775,0.9623,0.2999,0.0466
1,9,9,7,0.2942,0.4075,0.9613,0.1510,0.0516
1,9,9,8,0.4420,0.6029,0.8985,0.1776,0.0283
1,9,9,9,0.3408,0.3944,0.9530,0.2177,0.0628
1,9,9,10,0.4513,0.5478,0.9706,0.2137,0.0227
1,9,9,11,0.7228,0.7856,0.9938,0.6231,0.0168
1,9,10,0,0.6722,0.6952,0.7292,0.5167,0.0386
1,9,10,1,0.2347,0.5202,0.8732,-0.0167,0.0278
1,9,10,2,0.5759,0.6453,0.8658,0.3812,0.0275
1,9,10,3,0.4476,0.5392,0.7612,0.2393,0.0244
1,9,10,4,0.7347,0.7308,0.9021,0.6365,0.0220
1,9,10,5,0.2536,0.5017,0.8427,-0.0171,0.0176
1,9,10,6,0.4895,0.5778,0.8672,0.3093,0.0227
1,9,10,7,0.5613,0.6120,0.7460,0.3530,0.0303
1,9,10,8,0.3632,0.4754,0.7182,0.1378,0.0316
1,9,10,9,0.2582,0.5109,0.8583,-0.0224,0.0313
1,9,10,10,0.6958,0.7497,0.9916,0.5972,0.0197
1,9,10,11,0.2424,0.6366,0.8224,-0.1875,0.0344
1,9,11,0,0.3378,0.4475,0.7248,0.1346,0.0402
1,9,11,1,0.3446,0.4483,0.7328,0.1389,0.0400
1,9,11,2,0.3287,0.4971,0.7694,0.0111,0.0233
1,9,11,3,0.3296,0.4372,0.7168,0.1182,0.0385
1,9,11,4,0.3377,0.4398,0.7293,0.1118,0.0323
1,9,11,5,0.3592,0.4709,0.7331,0.1322,0.0333
1,9,11,6,0.4320,0.5097,0.7655,0.2176,0.0265
1,9,11,7,0.3100,0.4310,0.7047,0.0977,0.0406
1,9,11,8,0.2658,0.4956,0.9109,-0.0459,0.0180
1,9,11,9,0.3493,0.5271,0.8070,0.0196,0.0279
1,9,11,10,0.3554,0.4550,0.7613,0.1121,0.0221
1,9,11,11,0.2966,0.4187,0.7126,0.0949,0.0460
1,10,0,0,0.4271,0.6395,0.7037,-0.0833,0.0486
1,10,0,1,0.4141,0.6536,0.9733,0.1307,0.0198
1,10,0,2,0.6286,0.7412,0.9823,0.5120,0.0344
1,10,0,3,0.4817,0.6904,0.9754,0.3184,0.0306
1,10,0,4,0.4977,0.6811,0.8891,0.2162,0.0340
1,10,0,5,0.4407,0.5612,0.9786,0.1767,0.0206
1,10,0,6,0.4064,0.6765,0.7876,-0.0127,0.0380
1,10,0,7,0.6012,0.7012,0.9696,0.4037,0.0248
1,10,0,8,0.4125,0.6710,0.8585,0.0368,0.0318
1,10,0,9,0.5919,0.7591,0.9914,0.4026,0.0160
1,10,0,10,0.3351,0.5016,0.9601,0.1486,0.0355
1,10,0,11,0.6632,0.7182,0.9942,0.5231,0.0152
1,10,1,0,0.6793,0.7094,0.9738,0.5507,0.0264
1,10,1,1,0.6127,0.7074,0.9520,0.5046,0.0324
1,10,1,2,0.7169,0.8130,0.9950,0.6163,0.0089
1,10,1,3,0.7512,0.7962,0.9818,0.6406,0.0151
1,10,1,4,0.6992,0.7963,0.9295,0.6353,0.0441
1,10,1,5,0.8122,0.8095,0.9856,0.7375,0.0179
1,10,1,6,0.7888,0.7610,0.8914,0.7750,0.0758
1,10,1,7,0.8434,0.8511,0.9649,0.8055,0.0311
1,10,1,8,0.7674,0.8015,0.9486,0.6604,0.0207
1,10,1,9,0.6834,0.7770,0.9811,0.5710,0.0143
1,10,1,10,1.0000,1.0000,1.0000,1.0000,0.0000
1,10,1,11,0.3958,0.5941,0.9901,0.1459,0.0184
1,10,2,0,0.3165,0.4419,0.8911,0.2025,0.0836
1,10,2,1,0.6876,0.7250,0.9304,0.6128,0.0422
1,10,2,2,0.7865,0.8296,0.9554,0.7401,0.0378
1,10,2,3,0.8027,0.8567,0.9812,0.7382,0.0225
1,10,2,4,0.8428,0.8643,0.9938,0.7792,0.0158
1,10,2,5,0.8097,0.8867,0.9765,0.7267,0.0167
1,10,2,6,0.3817,0.5822,0.9828,0.1543,0.0215
1,10,2,7,0.8567,0.8843,0.9842,0.7984,0.0147
1,10,2,8,0.7676,0.7797,0.9942,0.6744,0.0202
1,10,2,9,0.3087,0.4431,0.8922,0.1911,0.0817
1,10,2,10,0.7342,0.7426,0.9800,0.6576,0.0297
1,10,2,11,0.8034,0.8466,0.9930,0.7329,0.0095
1,10,3,0,0.5169,0.6313,0.9563,0.3680,0.0512
1,10,3,1,0.6529,0.7264,0.9764,0.4926,0.0175
1,10,3,2,0.4435,0.6713,0.9932,0.2067,0.0205
1,10,3,3,0.5457,0.6476,0.9840,0.3470,0.0303
1,10,3,4,0.5102,0.6563,0.9717,0.2817,0.0173
1,10,3,5,0.5449,0.7184,0.9407,0.4418,0.0517
1,10,3,6,0.5790,0.6833,0.9602,0.3844,0.0270
1,10,3,7,0.7451,0.8118,0.9765,0.6346,0.0214
1,10,3,8,0.6418,0.7922,0.9916,0.4954,0.0165
1,10,3,9,0.5509,0.7206,0.9316,0.4481,0.0470
1,10,3,10,0.4782,0.6305,0.9768,0.2915,0.0255
1,10,3,11,0.7855,0.8478,0.9861,0.7084,0.0218
1,10,4,0,0.2039,0.4779,0.9652,-0.0220,0.0327
1,10,4,1,0.2586,0.5202,0.9805,-0.0987,0.0146
1,10,4,2,0.2580,0.4533,0.9859,0.0141,0.0163
1,10,4,3,0.1318,0.2621,0.8973,-0.0399,0.0721
1,10,4,4,0.2069,0.6048,0.9920,-0.1027,0.0197
1,10,4,5,0.2182,0.4165,0.9361,0.0089,0.0368
1,10,4,6,0.2208,0.4659,0.9633,0.0054,0.0323
1,10,4,7,0.1640,0.3445,0.9260,-0.0320,0.0524
1,10,4,8,0.1923,0.3672,0.9566,-0.0334,0.0304
1,10,4,9,0.2939,0.4530,0.9823,0.0494,0.0172
1,10,4,10,0.2510,0.4502,0.9695,0.0231,0.0233
1,10,4,11,0.1568,0.4213,0.9458,-0.0533,0.0495
1,10,5,0,0.1695,0.3566,0.9330,-0.0439,0.0411
1,10,5,1,0.1351,0.2586,0.9018,-0.0418,0.0683
1,10,5,2,0.2187,0.4991,0.9924,-0.0414,0.0125
1,10,5,3,0.1986,0.4255,0.9686,-0.0387,0.0222
1,10,5,4,0.2330,0.4372,0.9760,-0.0253,0.0175
1,10,5,5,0.1413,0.2768,0.9079,-0.0386,0.0670
1,10,5,6,0.1451,0.2785,0.9110,-0.0408,0.0629
1,10,5,7,0.1587,0.3249,0.9192,-0.0386,0.0464
1,10,5,8,0.1946,0.4302,0.9912,-0.0688,0.0145
1,10,5,9,0.1912,0.4314,0.9508,-0.0127,0.0473
1,10,5,10,0.2628,0.5162,0.9755,0.0393,0.0326
1,10,5,11,0.1845,0.3693,0.9481,-0.0173,0.0426
1,10,6,0,0.1189,0.3039,0.9169,-0.0741,0.0530
1,10,6,1,0.2171,0.4473,0.9789,-0.0366,0.0127
1,10,6,2,0.1959,0.3762,0.9575,-0.0328,0.0290
1,10,6,3,0.1690,0.3299,0.9242,-0.0226,0.0548
1,10,6,4,0.1645,0.4256,0.9535,-0.0613,0.0378
1,10,6,5,0.1896,0.4177,0.9504,-0.0386,0.0333
1,10,6,6,0.1808,0.3976,0.9598,-0.0539,0.0322
1,10,6,7,0.1959,0.4643,0.9962,-0.1094,0.0110
1,10,6,8,0.3307,0.5338,0.9676,0.1240,0.0304
1,10,6,9,0.2355,0.4019,0.9435,0.0113,0.0304
1,10,6,10,0.1764,0.4158,0.9368,-0.0270,0.0475
1,10,6,11,0.1754,0.4521,0.9414,-0.0389,0.0501
1,10,7,0,0.1978,0.4522,0.9610,-0.0583,0.0183
1,10,7,1,0.1780,0.3737,0.9566,-0.0471,0.0319
1,10,7,2,0.1667,0.3961,0.9570,-0.0571,0.0417
1,10,7,3,0.1568,0.2887,0.9094,-0.0326,0.0586
1,10,7,4,0.1732,0.4187,0.9334,-0.0284,0.0506
1,10,7,5,0.2399,0.4799,0.9909,-0.0409,0.0117
1,10,7,6,0.1558,0.2654,0.9010,-0.0192,0.0673
1,10,7,7,0.1250,0.2566,0.9038,-0.0493,0.0729
1,10,7,8,0.2782,0.4474,0.9223,0.0477,0.0277
1,10,7,9,0.1734,0.3409,0.9360,-0.0317,0.0478
1,10,7,10,0.1554,0.3663,0.9321,-0.0440,0.0522
1,10,7,11,0.1464,0.3394,0.9245,-0.0413,0.0609
1,10,8,0,0.2697,0.4229,0.9399,0.0798,0.0400
1,10,8,1,0.2081,0.3977,0.9629,-0.0348,0.0300
1,10,8,2,0.1256,0.2356,0.8927,-0.0429,0.0774
1,10,8,3,0.1720,0.3651,0.9620,-0.0667,0.0307
1,10,8,4,0.1435,0.3414,0.9382,-0.0679,0.0459
1,10,8,5,0.1557,0.3091,0.9234,-0.0384,0.0530
1,10,8,6,0.1451,0.2645,0.9043,-0.0361,0.0652
1,10,8,7,0.2378,0.6486,0.9513,-0.1496,0.0218
1,10,8,8,0.2413,0.5943,0.9592,-0.0992,0.0141
1,10,8,9,0.2428,0.4224,0.9835,-0.0108,0.0184
1,10,8,10,0.1620,0.3362,0.9290,-0.0398,0.0435
1,10,8,11,0.2579,0.4477,0.9640,0.0209,0.0221
1,10,9,0,0.1721,0.4309,0.9723,-0.0772,0.0331
1,10,9,1,0.4522,0.6213,0.9687,0.2791,0.0300
1,10,9,2,0.4689,0.6256,0.9682,0.2508,0.0169
1,10,9,3,0.2508,0.4006,0.9446,0.0313,0.0312
1,10,9,4,0.2178,0.3679,0.9460,0.0031,0.0358
1,10,9,5,0.2670,0.5528,0.9703,-0.0608,0.0128
1,10,9,6,0.2079,0.3244,0.9118,0.0275,0.0553
1,10,9,7,0.1495,0.2958,0.9117,-0.0360,0.0607
1,10,9,8,0.3835,0.6226,0.9546,0.0701,0.0204
1,10,9,9,0.1499,0.2553,0.8998,-0.0239,0.0714
1,10,9,10,0.3308,0.5089,0.9819,0.0210,0.0161
1,10,9,11,0.5236,0.6108,0.9835,0.3419,0.0257
1,10,10,0,0.6084,0.7197,0.8030,0.3869,0.0291
1,10,10,1,0.1752,0.5013,0.8969,-0.1105,0.0364
1,10,10,2,0.4879,0.6239,0.9120,0.2315,0.0255
1,10,10,3,0.2974,0.4996,0.7895,0.0170,0.0325
1,10,10,4,0.5164,0.6348,0.9017,0.3257,0.0305
1,10,10,5,0.1913,0.4790,0.8686,-0.1184,0.0262
1,10,10,6,0.3946,0.5503,0.8876,0.1690,0.0306
1,10,10,7,0.4224,0.5658,0.7958,0.1195,0.0262
1,10,10,8,0.2284,0.4503,0.7551,-0.0598,0.0394
1,10,10,9,0.1950,0.5283,0.8937,-0.1268,0.0368
1,10,10,10,0.5570,0.7102,0.9898,0.4058,0.0290
1,10,10,11,0.3010,0.6356,0.8831,-0.1164,0.0258
1,10,11,0,0.2239,0.4082,0.7319,-0.0273,0.0508
1,10,11,1,0.2097,0.4078,0.7405,-0.0518,0.0504
1,10,11,2,0.2599,0.5207,0.8086,-0.1134,0.0202
1,10,11,3,0.1971,0.4113,0.7248,-0.0698,0.0488
1,10,11,4,0.2064,0.4161,0.7437,-0.0792,0.0419
1,10,11,5,0.2149,0.4558,0.7531,-0.0787,0.0424
1,10,11,6,0.2926,0.4593,0.7790,0.0101,0.0340
1,10,11,7,0.1772,0.3862,0.7191,-0.0897,0.0521
1,10,11,8,0.2328,0.5351,0.9395,-0.1120,0.0217
1,10,11,9,0.2985,0.5579,0.8550,-0.0820,0.0216
1,10,11,10,0.2281,0.4522,0.7871,-0.0800,0.0291
1,10,11,11,0.1576,0.3727,0.7183,-0.0974,0.0571
1,11,0,0,0.5301,0.6576,0.6410,0.0923,0.0543
1,11,0,1,0.3717,0.6470,0.9589,0.0320,0.0261
1,11,0,2,0.3140,0.6600,0.9861,0.0748,0.0237
1,11,0,3,0.2281,0.6681,0.9654,-0.0411,0.0240
1,11,0,4,0.3747,0.6632,0.8499,-0.0306,0.0428
1,11,0,5,0.3632,0.5770,0.9675,0.0273,0.0251
1,11,0,6,0.5725,0.7228,0.7334,0.2554,0.0424
1,11,0,7,0.5632,0.6569,0.9564,0.3162,0.0202
1,11,0,8,0.3780,0.7031,0.8126,-0.0770,0.0346
1,11,0,9,0.7463,0.8020,0.9823,0.6151,0.0172
1,11,0,10,0.1936,0.6625,0.9702,-0.0567,0.0309
1,11,0,11,0.4062,0.7353,0.9994,0.1310,0.0164
1,11,1,0,0.3633,0.5764,0.9575,0.0803,0.0107
1,11,1,1,0.2996,0.6879,0.9745,0.0792,0.0287
1,11,1,2,0.4387,0.6202,0.9983,0.2191,0.0159
1,11,1,3,0.5043,0.6185,0.9608,0.2493,0.0208
1,11,1,4,0.2554,0.5959,0.9568,0.0563,0.0434
1,11,1,5,0.4323,0.5799,0.9625,0.1816,0.0087
1,11,1,6,0.3213,0.3532,0.9035,0.1902,0.0783
1,11,1,7,0.3881,0.4919,0.9629,0.2011,0.0344
1,11,1,8,0.4443,0.6195,0.9089,0.1298,0.0171
1,11,1,9,0.3685,0.5190,0.9733,0.1216,0.0133
1,11,1,10,0.3958,0.5941,0.9901,0.1459,0.0184
1,11,1,11,1.0000,1.0000,1.0000,1.0000,0.0000
1,11,2,0,0.1373,0.5886,0.9338,-0.0314,0.0862
1,11,2,1,0.3300,0.6209,0.9456,0.1401,0.0411
1,11,2,2,0.3870,0.5079,0.9609,0.2167,0.0411
1,11,2,3,0.4156,0.5281,0.9731,0.2025,0.0170
1,11,2,4,0.4594,0.6063,0.9735,0.2140,0.0061
1,11,2,5,0.4362,0.6126,0.9480,0.1439,0.0214
1,11,2,6,0.7592,0.8743,0.9953,0.6629,0.0136
1,11,2,7,0.4490,0.6146,0.9584,0.1960,0.0227
1,11,2,8,0.4390,0.6422,0.9894,0.1889,0.0165
1,11,2,9,0.1349,0.5883,0.9347,-0.0367,0.0843
1,11,2,10,0.4426,0.5723,0.9838,0.2617,0.0307
1,11,2,11,0.4168,0.5980,0.9909,0.1867,0.0180
1,11,3,0,0.5562,0.5998,0.9584,0.4088,0.0392
1,11,3,1,0.4459,0.5808,0.9463,0.1537,0.0159
1,11,3,2,0.3978,0.6856,0.9751,0.1135,0.0127
1,11,3,3,0.3680,0.6517,0.9560,0.0596,0.0137
1,11,3,4,0.4565,0.6308,0.9486,0.1724,0.0209
1,11,3,5,0.2664,0.6614,0.9640,0.0739,0.0481
1,11,3,6,0.4802,0.5951,0.9194,0.2094,0.0119
1,11,3,7,0.4490,0.5972,0.9461,0.1770,0.0085
1,11,3,8,0.5144,0.7084,0.9810,0.2940,0.0116
1,11,3,9,0.2824,0.5838,0.9576,0.0926,0.0440
1,11,3,10,0.3129,0.6774,0.9967,0.0423,0.0135
1,11,3,11,0.3603,0.6054,0.9696,0.1069,0.0177
1,11,4,0,0.3367,0.5252,0.9638,0.1329,0.0299
1,11,4,1,0.2992,0.5752,0.9652,-0.0754,0.0185
1,11,4,2,0.3061,0.4956,0.9761,0.0558,0.0206
1,11,4,3,0.3121,0.3507,0.9015,0.1730,0.0738
1,11,4,4,0.3577,0.6389,0.9927,0.0810,0.0146
1,11,4,5,0.2104,0.4857,0.9336,-0.0214,0.0341
1,11,4,6,0.2813,0.5284,0.9720,0.0649,0.0318
1,11,4,7,0.2416,0.5357,0.9474,0.0497,0.0537
1,11,4,8,0.2911,0.4250,0.9499,0.0758,0.0321
1,11,4,9,0.3213,0.5117,0.9692,0.0630,0.0162
1,11,4,10,0.2891,0.5154,0.9724,0.0524,0.0203
1,11,4,11,0.2382,0.5058,0.9551,0.0325,0.0455
1,11,5,0,0.2311,0.4375,0.9293,0.0161,0.0410
1,11,5,1,0.2881,0.3551,0.9131,0.1365,0.0707
1,11,5,2,0.3041,0.5282,0.9762,0.0498,0.0190
1,11,5,3,0.2906,0.4825,0.9712,0.0614,0.0255
1,11,5,4,0.3097,0.5152,0.9508,0.0544,0.0179
1,11,5,5,0.3163,0.3645,0.9128,0.1681,0.0694
1,11,5,6,0.2794,0.3976,0.9259,0.1140,0.0634
1,11,5,7,0.2511,0.3952,0.9261,0.0621,0.0498
1,11,5,8,0.2615,0.4849,0.9856,-0.0037,0.0147
1,11,5,9,0.1837,0.5695,0.9632,-0.0421,0.0439
1,11,5,10,0.2619,0.6211,0.9752,0.0165,0.0261
1,11,5,11,0.3148,0.4837,0.9509,0.1334,0.0449
1,11,6,0,0.2759,0.3770,0.9357,0.1087,0.0583
1,11,6,1,0.2565,0.4878,0.9856,-0.0081,0.0180
1,11,6,2,0.2838,0.4489,0.9608,0.0620,0.0307
1,11,6,3,0.2509,0.4925,0.9395,0.0651,0.0526
1,11,6,4,0.3044,0.5147,0.9681,0.1014,0.0356
1,11,6,5,0.2370,0.5051,0.9655,0.0022,0.0288
1,11,6,6,0.2464,0.5021,0.9618,0.0105,0.0276
1,11,6,7,0.3053,0.5295,0.9862,0.0145,0.0096
1,11,6,8,0.4162,0.5026,0.9645,0.2202,0.0254
1,11,6,9,0.2819,0.5267,0.9329,0.0518,0.0274
1,11,6,10,0.2890,0.4857,0.9529,0.1002,0.0465
1,11,6,11,0.2199,0.5958,0.9648,-0.0013,0.0447
1,11,7,0,0.2855,0.5117,0.9411,0.0356,0.0174
1,11,7,1,0.2582,0.4279,0.9589,0.0370,0.0314
1,11,7,2,0.2907,0.4868,0.9587,0.0846,0.0387
1,11,7,3,0.3114,0.3629,0.9137,0.1486,0.0604
1,11,7,4,0.2426,0.5787,0.9541,0.0425,0.0477
1,11,7,5,0.3194,0.5411,0.9782,0.0424,0.0113
1,11,7,6,0.3073,0.3301,0.9088,0.1579,0.0702
1,11,7,7,0.2611,0.3245,0.9123,0.1071,0.0747
1,11,7,8,0.2950,0.4749,0.8837,0.0481,0.0211
1,11,7,9,0.2605,0.4503,0.9399,0.0623,0.0475
1,11,7,10,0.1955,0.4741,0.9523,-0.0113,0.0514
1,11,7,11,0.2599,0.4035,0.9339,0.0867,0.0612
1,11,8,0,0.3394,0.4230,0.9420,0.1542,0.0388
1,11,8,1,0.3676,0.4471,0.9394,0.1567,0.0297
1,11,8,2,0.2932,0.3097,0.9024,0.1538,0.0804
1,11,8,3,0.3389,0.4377,0.9473,0.1326,0.0300
1,11,8,4,0.3106,0.4245,0.9483,0.1293,0.0487
1,11,8,5,0.3117,0.3873,0.9320,0.1446,0.0548
1,11,8,6,0.3117,0.3404,0.9098,0.1600,0.0681
1,11,8,7,0.3645,0.6405,0.9247,0.0072,0.0291
1,11,8,8,0.3886,0.6209,0.9235,0.0850,0.0211
1,11,8,9,0.3444,0.4862,0.9775,0.1037,0.0151
1,11,8,10,0.2685,0.4183,0.9376,0.0791,0.0465
1,11,8,11,0.3351,0.5009,0.9403,0.1026,0.0194
1,11,9,0,0.4216,0.5445,0.9758,0.2339,0.0264
1,11,9,1,0.3869,0.5163,0.9655,0.1746,0.0226
1,11,9,2,0.3585,0.5572,0.9315,0.0669,0.0054
1,11,9,3,0.3637,0.4510,0.9198,0.1615,0.0310
1,11,9,4,0.3547,0.4426,0.9329,0.1639,0.0374
1,11,9,5,0.4075,0.6027,0.9340,0.1141,0.0164
1,11,9,6,0.3528,0.3749,0.9104,0.1982,0.0579
1,11,9,7,0.3475,0.3820,0.9239,0.2006,0.0606
1,11,9,8,0.6579,0.7160,0.9187,0.4677,0.0223
1,11,9,9,0.3111,0.3193,0.9073,0.1654,0.0742
1,11,9,10,0.4126,0.5475,0.9538,0.1108,0.0179
1,11,9,11,0.3803,0.5318,0.9640,0.1196,0.0110
1,11,10,0,0.5575,0.6780,0.7341,0.2565,0.0322
1,11,10,1,0.4467,0.6373,0.8642,0.2370,0.0240
1,11,10,2,0.4780,0.6320,0.8717,0.1839,0.0174
1,11,10,3,0.3462,0.5042,0.7195,0.0579,0.0169
1,11,10,4,0.3756,0.5775,0.8527,0.1036,0.0154
1,11,10,5,0.3715,0.5733,0.8228,0.1061,0.0128
1,11,10,6,0.3923,0.5720,0.8496,0.1429,0.0171
1,11,10,7,0.4052,0.5643,0.7224,0.0550,0.0188
1,11,10,8,0.3843,0.4877,0.6736,0.1309,0.0235
1,11,10,9,0.5742,0.6842,0.8482,0.3863,0.0238
1,11,10,10,0.6478,0.7552,0.9858,0.5178,0.0207
1,11,10,11,0.3586,0.6655,0.8293,-0.0673,0.0290
1,11,11,0,0.2983,0.4303,0.6689,0.0493,0.0364
1,11,11,1,0.2907,0.4329,0.6736,0.0331,0.0350
1,11,11,2,0.3524,0.5565,0.7321,-0.0096,0.0161
1,11,11,3,0.2931,0.4433,0.6562,0.0352,0.0332
1,11,11,4,0.2968,0.4502,0.6736,0.0182,0.0252
1,11,11,5,0.3562,0.4977,0.6776,0.0909,0.0270
1,11,11,6,0.3549,0.4741,0.7129,0.0703,0.0189
1,11,11,7,0.2789,0.4208,0.6537,0.0224,0.0374
1,11,11,8,0.6209,0.7396,0.8944,0.4329,0.0130
1,11,11,9,0.5097,0.6511,0.7915,0.2179,0.0212
1,11,11,10,0.3329,0.4901,0.7196,0.0389,0.0127
1,11,11,11,0.2666,0.4090,0.6573,0.0238,0.0441
2,0,0,0,0.2507,0.3982,0.3250,-0.0099,0.1279
2,0,0,1,0.2948,0.5506,0.7973,0.1521,0.1019
2,0,0,2,0.2031,0.5216,0.9531,0.0816,0.0696
2,0,0,3,0.1482,0.5854,0.9228,0.0174,0.0677
2,0,0,4,0.2878,0.5112,0.6057,0.1243,0.1139
2,0,0,5,0.1716,0.4616,0.8275,-0.0091,0.1024
2,0,0,6,0.2127,0.4804,0.4435,-0.0275,0.1209
2,0,0,7,0.3363,0.4769,0.7905,0.2037,0.1012
2,0,0,8,0.4171,0.5462,0.5520,0.3159,0.1152
2,0,0,9,0.2043,0.5303,0.8516,0.0350,0.0917
2,0,0,10,0.8839,0.9015,0.9673,0.8778,0.0565
2,0,0,11,0.4408,0.5789,0.9241,0.3510,0.0930
2,0,1,0,0.1752,0.3507,0.8479,0.0203,0.0862
2,0,1,1,0.7454,0.7214,0.9842,0.7184,0.0597
2,0,1,2,0.3875,0.4618,0.9236,0.2924,0.0779
2,0,1,3,0.2860,0.4147,0.8035,0.1450,0.0962
2,0,1,4,0.1787,0.4457,0.9917,0.0780,0.0427
2,0,1,5,0.2601,0.3941,0.8444,0.1270,0.0837
2,0,1,6,0.1796,0.2223,0.9568,0.1000,0.0076
2,0,1,7,0.2428,0.3294,0.9334,0.1387,0.0522
2,0,1,8,0.2297,0.3991,0.7089,0.0583,0.1012
2,0,1,9,0.0812,0.3155,0.9123,-0.0776,0.0757
2,0,1,10,0.3165,0.4419,0.8911,0.2025,0.0836
2,0,1,11,0.1373,0.5886,0.9338,-0.0314,0.0862
2,0,2,0,1.0000,1.0000,1.0000,1.0000,0.0000
2,0,2,1,0.3056,0.4410,0.9645,0.2166,0.0468
2,0,2,2,0.1787,0.3011,0.9555,0.0728,0.0453
2,0,2,3,0.2502,0.3639,0.9123,0.1328,0.0703
2,0,2,4,0.2744,0.4539,0.8505,0.1424,0.0847
2,0,2,5,0.3982,0.4919,0.7825,0.2923,0.0964
2,0,2,6,0.1092,0.6351,0.9525,-0.0485,0.0806
2,0,2,7,0.3845,0.4550,0.8013,0.2802,0.0901
2,0,2,8,0.4032,0.5020,0.8794,0.3052,0.0906
2,0,2,9,0.9986,0.9991,1.0000,0.9985,0.0019
2,0,2,10,0.2820,0.3801,0.9489,0.1791,0.0570
2,0,2,11,0.3913,0.4475,0.9081,0.2966,0.0832
2,0,3,0,0.1589,0.4185,0.9427,0.0321,0.0761
2,0,3,1,0.4192,0.5087,0.7837,0.3194,0.0979
2,0,3,2,0.1491,0.5266,0.8413,-0.0210,0.0905
2,0,3,3,0.3824,0.5522,0.8164,0.2744,0.0928
2,0,3,4,0.2363,0.4432,0.7740,0.0777,0.0995
2,0,3,5,0.1908,0.5236,0.9890,0.0929,0.0422
2,0,3,6,0.1729,0.4368,0.7448,-0.0057,0.0978
2,0,3,7,0.2921,0.4903,0.7919,0.1569,0.0931
2,0,3,8,0.3202,0.4780,0.8712,0.2000,0.0891
2,0,3,9,0.4974,0.5542,0.9888,0.4380,0.0430
2,0,3,10,0.4422,0.6528,0.9570,0.3583,0.0767
2,0,3,11,0.2889,0.4865,0.8966,0.1723,0.0811
2,0,4,0,0.1324,0.4555,0.9370,0.0115,0.0565
2,0,4,1,0.1583,0.4865,0.8078,-0.0287,0.0969
2,0,4,2,0.0925,0.4001,0.9182,-0.0528,0.0693
2,0,4,3,0.0649,0.2864,0.9440,-0.0286,0.0120
2,0,4,4,0.1914,0.5529,0.8850,0.0444,0.0891
2,0,4,5,0.2689,0.5038,0.9302,0.1734,0.0534
2,0,4,6,0.1076,0.4249,0.9591,-0.0143,0.0537
2,0,4,7,0.1140,0.4058,0.9828,0.0101,0.0324
2,0,4,8,0.1190,0.3717,0.9302,-0.0022,0.0540
2,0,4,9,0.1544,0.4222,0.9019,0.0143,0.0713
2,0,4,10,0.0296,0.3804,0.9403,-0.1164,0.0676
2,0,4,11,0.2747,0.5257,0.9632,0.1858,0.0444
2,0,5,0,0.1838,0.3985,0.9302,0.0803,0.0452
2,0,5,1,0.0910,0.2689,0.9597,-0.0028,0.0152
2,0,5,2,0.1341,0.4124,0.8920,-0.0051,0.0711
2,0,5,3,0.0345,0.3796,0.9415,-0.1068,0.0619
2,0,5,4,0.0988,0.4080,0.8673,-0.0487,0.0683
2,0,5,5,0.0908,0.2807,0.9485,-0.0052,0.0164
2,0,5,6,0.0979,0.3108,0.9695,-0.0006,0.0249
2,0,5,7,0.1722,0.3619,0.9533,0.0754,0.0366
2,0,5,8,0.1366,0.4765,0.9251,0.0001,0.0723
2,0,5,9,0.6122,0.7066,0.9724,0.5668,0.0460
2,0,5,10,0.0897,0.5063,0.9464,-0.0458,0.0649
2,0,5,11,0.1695,0.4783,0.9509,0.0674,0.0416
2,0,6,0,0.0251,0.3315,0.9763,-0.0819,0.0304
2,0,6,1,0.0598,0.4423,0.9426,-0.0896,0.0720
2,0,6,2,0.0679,0.3023,0.9530,-0.0632,0.0553
2,0,6,3,0.1111,0.3652,0.9730,0.0084,0.0336
2,0,6,4,0.0952,0.4122,0.9727,-0.0256,0.0518
2,0,6,5,0.2644,0.4730,0.9762,0.1644,0.0586
2,0,6,6,0.3366,0.4916,0.9529,0.2463,0.0589
2,0,6,7,0.1943,0.4100,0.8957,0.0514,0.0807
2,0,6,8,0.0762,0.3954,0.9357,-0.0642,0.0607
2,0,6,9,0.1220,0.4119,0.9131,-0.0043,0.0614
2,0,6,10,0.0783,0.3391,0.9728,-0.0354,0.0407
2,0,6,11,0.1035,0.4647,0.9877,-0.0120,0.0519
2,0,7,0,0.1101,0.3641,0.8779,-0.0282,0.0690
2,0,7,1,0.1462,0.4447,0.9456,0.0312,0.0546
2,0,7,2,0.2303,0.4606,0.9511,0.1294,0.0486
2,0,7,3,0.1303,0.2877,0.9468,0.0324,0.0260
2,0,7,4,0.1060,0.4552,0.9826,-0.0028,0.0428
2,0,7,5,0.2054,0.4535,0.8784,0.0683,0.0809
2,0,7,6,0.1182,0.2601,0.9523,0.0257,0.0160
2,0,7,7,0.0717,0.2595,0.9572,-0.0217,0.0114
2,0,7,8,0.1637,0.3958,0.7970,0.0348,0.0694
2,0,7,9,0.0945,0.3412,0.9537,-0.0174,0.0399
2,0,7,10,0.2250,0.5034,0.9841,0.1341,0.0376
2,0,7,11,0.0875,0.3015,0.9630,-0.0133,0.0267
2,0,8,0,0.1181,0.3771,0.9483,0.0037,0.0467
2,0,8,1,0.1560,0.3350,0.8846,0.0304,0.0559
2,0,8,2,0.1016,0.2319,0.9534,0.0140,0.0061
2,0,8,3,0.1413,0.3298,0.9152,0.0202,0.0560
2,0,8,4,0.0359,0.3312,0.9618,-0.0828,0.0370
2,0,8,5,0.1134,0.3263,0.9584,0.0115,0.0309
2,0,8,6,0.0993,0.2595,0.9473,0.0031,0.0179
2,0,8,7,0.1266,0.4850,0.7276,-0.0808,0.1058
2,0,8,8,0.1664,0.4883,0.7342,-0.0065,0.0977
2,0,8,9,0.2685,0.4569,0.9260,0.1542,0.0733
2,0,8,10,0.1502,0.3419,0.9610,0.0483,0.0395
2,0,8,11,0.1658,0.4119,0.8720,0.0373,0.0733
2,0,9,0,0.1837,0.4793,0.9558,0.0648,0.0625
2,0,9,1,0.1149,0.4302,0.9314,-0.0221,0.0672
2,0,9,2,0.1180,0.4118,0.7863,-0.0547,0.0859
2,0,9,3,0.1491,0.3437,0.8742,0.0272,0.0565
2,0,9,4,0.1165,0.3436,0.9088,-0.0033,0.0484
2,0,9,5,0.2020,0.4577,0.7603,0.0400,0.0898
2,0,9,6,0.0938,0.2793,0.9351,-0.0103,0.0281
2,0,9,7,0.1180,0.3459,0.9621,0.0213,0.0268
2,0,9,8,0.1898,0.5889,0.7230,0.0036,0.1025
2,0,9,9,0.0944,0.2343,0.9507,0.0007,0.0117
2,0,9,10,0.2469,0.5027,0.8133,0.0939,0.0970
2,0,9,11,0.1244,0.3497,0.8776,-0.0352,0.0802
2,0,10,0,0.2274,0.5092,0.4538,0.0205,0.1125
2,0,10,1,0.1210,0.5279,0.7630,-0.0259,0.0797
2,0,10,2,0.1694,0.5006,0.6942,-0.0238,0.1016
2,0,10,3,0.1201,0.3431,0.5686,-0.0473,0.0880
2,0,10,4,0.1142,0.5008,0.7225,-0.0530,0.0839
2,0,10,5,0.1851,0.4064,0.6942,0.0390,0.0806
2,0,10,6,0.1307,0.4894,0.7381,-0.0242,0.0845
2,0,10,7,0.1780,0.3773,0.4961,-0.0191,0.1044
2,0,10,8,0.1584,0.3458,0.5150,0.0094,0.0847
2,0,10,9,0.1330,0.5262,0.7110,-0.0314,0.0922
2,0,10,10,0.1154,0.5616,0.9325,-0.0310,0.0786
2,0,10,11,0.2785,0.4884,0.5816,0.1083,0.1092
2,0,11,0,0.1860,0.3138,0.5706,0.0598,0.0775
2,0,11,1,0.1477,0.3039,0.5677,0.0118,0.0793
2,0,11,2,0.2817,0.4619,0.5207,0.1311,0.0976
2,0,11,3,0.1616,0.3197,0.5478,0.0278,0.0801
2,0,11,4,0.1682,0.3316,0.5504,0.0262,0.0834
2,0,11,5,0.1718,0.3608,0.5271,0.0257,0.0860
2,0,11,6,0.1876,0.3443,0.5708,0.0367,0.0890
2,0,11,7,0.1294,0.2861,0.5504,-0.0074,0.0761
2,0,11,8,0.2213,0.5709,0.7389,0.0644,0.0930
2,0,11,9,0.2319,0.5326,0.5755,0.0532,0.1026
2,0,11,10,0.2055,0.3808,0.5748,0.0592,0.0871
2,0,11,11,0.1282,0.2790,0.5735,-0.0004,0.0721
2,1,0,0,0.3004,0.4851,0.4176,-0.1190,0.0900
2,1,0,1,0.2772,0.5192,0.8316,0.0380,0.0604
2,1,0,2,0.7172,0.7515,0.9709,0.6552,0.0233
2,1,0,3,0.4729,0.6255,0.9528,0.3551,0.0227
2,1,0,4,0.4077,0.5161,0.6763,0.1956,0.0762
2,1,0,5,0.2718,0.4620,0.8556,0.0357,0.0605
2,1,0,6,0.2959,0.5232,0.5229,-0.0350,0.0803
2,1,0,7,0.4463,0.5535,0.8271,0.2682,0.0592
2,1,0,8,0.3061,0.5488,0.6234,0.0113,0.0735
2,1,0,9,0.5190,0.7311,0.8880,0.3784,0.0526
2,1,0,10,0.3793,0.5221,0.9666,0.2539,0.0131
2,1,0,11,0.6954,0.7352,0.9428,0.6211,0.0500
2,1,1,0,0.5406,0.6165,0.8746,0.4195,0.0409
2,1,1,1,0.5951,0.7052,0.9872,0.5118,0.0143
2,1,1,2,0.6169,0.6440,0.9397,0.5252,0.0371
2,1,1,3,0.7260,0.7374,0.8692,0.6639,0.0552
2,1,1,4,0.6240,0.7158,0.9888,0.5572,0.0089
2,1,1,5,0.5862,0.6917,0.9133,0.4793,0.0406
2,1,1,6,0.6879,0.6895,0.9870,0.6482,0.0393
2,1,1,7,0.6755,0.7218,0.9819,0.6097,0.0128
2,1,1,8,0.5891,0.6938,0.7945,0.4733,0.0572
2,1,1,9,0.6153,0.7205,0.9694,0.5233,0.0320
2,1,1,10,0.6876,0.7250,0.9304,0.6128,0.0422
2,1,1,11,0.3300,0.6209,0.9456,0.1401,0.0411
2,1,2,0,0.3056,0.4410,0.9645,0.2166,0.0468
2,1,2,1,1.0000,1.0000,1.0000,1.0000,0.0000
2,1,2,2,0.7278,0.7818,0.9916,0.6767,0.0124
2,1,2,3,0.6881,0.7467,0.9665,0.6174,0.0247
2,1,2,4,0.6285,0.7385,0.9118,0.5335,0.0412
2,1,2,5,0.6395,0.7379,0.8602,0.5451,0.0562
2,1,2,6,0.2514,0.6391,0.9517,0.0584,0.0367
2,1,2,7,0.7230,0.7366,0.8654,0.6575,0.0507
2,1,2,8,0.5652,0.6403,0.9209,0.4514,0.0471
2,1,2,9,0.2982,0.4426,0.9653,0.2069,0.0450
2,1,2,10,0.7144,0.6950,0.9683,0.6540,0.0164
2,1,2,11,0.6449,0.7179,0.9518,0.5602,0.0446
2,1,3,0,0.4705,0.6742,0.9878,0.3540,0.0348
2,1,3,1,0.5302,0.6216,0.8558,0.3936,0.0552
2,1,3,2,0.4295,0.6464,0.8965,0.2675,0.0472
2,1,3,3,0.4195,0.5862,0.8818,0.2500,0.0484
2,1,3,4,0.4170,0.5119,0.8365,0.2378,0.0581
2,1,3,5,0.6663,0.7100,0.9844,0.6080,0.0113
2,1,3,6,0.5099,0.6063,0.8372,0.3663,0.0532
2,1,3,7,0.6630,0.7441,0.8646,0.5775,0.0493
2,1,3,8,0.5813,0.6807,0.9055,0.4715,0.0456
2,1,3,9,0.5589,0.7103,0.9891,0.4809,0.0119
2,1,3,10,0.5114,0.6401,0.9544,0.3916,0.0320
2,1,3,11,0.6776,0.7662,0.9603,0.6013,0.0381
2,1,4,0,0.1838,0.4652,0.9825,0.0181,0.0132
2,1,4,1,0.2136,0.4407,0.8548,-0.0478,0.0561
2,1,4,2,0.2330,0.4049,0.9640,0.0545,0.0291
2,1,4,3,0.1361,0.2683,0.9803,0.0123,0.0347
2,1,4,4,0.1712,0.5298,0.9131,-0.0559,0.0476
2,1,4,5,0.1657,0.4206,0.9915,0.0052,0.0114
2,1,4,6,0.1898,0.4709,0.9891,0.0291,0.0122
2,1,4,7,0.2759,0.4206,0.9953,0.1535,0.0142
2,1,4,8,0.1763,0.3389,0.9858,0.0116,0.0151
2,1,4,9,0.2693,0.4226,0.9658,0.0912,0.0301
2,1,4,10,0.2179,0.4425,0.9850,0.0483,0.0272
2,1,4,11,0.1561,0.4243,0.9903,0.0049,0.0110
2,1,5,0,0.1586,0.3810,0.9895,0.0032,0.0075
2,1,5,1,0.1770,0.2899,0.9897,0.0554,0.0316
2,1,5,2,0.2394,0.4574,0.9414,0.0604,0.0316
2,1,5,3,0.1802,0.4282,0.9857,0.0070,0.0214
2,1,5,4,0.2217,0.4070,0.9350,0.0364,0.0282
2,1,5,5,0.1484,0.2885,0.9857,0.0194,0.0302
2,1,5,6,0.2378,0.3400,0.9936,0.1182,0.0226
2,1,5,7,0.1831,0.3435,0.9931,0.0450,0.0134
2,1,5,8,0.1424,0.3888,0.9682,-0.0566,0.0314
2,1,5,9,0.2254,0.4745,0.9934,0.0847,0.0102
2,1,5,10,0.2810,0.5223,0.9847,0.1257,0.0186
2,1,5,11,0.1522,0.3465,0.9911,0.0010,0.0111
2,1,6,0,0.1306,0.2991,0.9948,-0.0065,0.0237
2,1,6,1,0.1695,0.3956,0.9813,-0.0215,0.0322
2,1,6,2,0.2031,0.3543,0.9881,0.0410,0.0145
2,1,6,3,0.2189,0.3622,0.9961,0.0888,0.0163
2,1,6,4,0.2072,0.4592,0.9953,0.0538,0.0088
2,1,6,5,0.2219,0.4331,0.9946,0.0653,0.0171
2,1,6,6,0.2156,0.4187,0.9911,0.0551,0.0143
2,1,6,7,0.1828,0.4069,0.9496,-0.0352,0.0394
2,1,6,8,0.3501,0.5068,0.9824,0.2072,0.0157
2,1,6,9,0.2854,0.4397,0.9825,0.1357,0.0162
2,1,6,10,0.1693,0.3986,0.9979,0.0215,0.0079
2,1,6,11,0.3015,0.5045,0.9863,0.1711,0.0141
2,1,7,0,0.1989,0.4508,0.9497,0.0174,0.0264
2,1,7,1,0.1394,0.3389,0.9938,-0.0294,0.0145
2,1,7,2,0.1901,0.3907,0.9847,0.0343,0.0056
2,1,7,3,0.1657,0.2973,0.9877,0.0304,0.0211
2,1,7,4,0.2888,0.4870,0.9949,0.1638,0.0125
2,1,7,5,0.2084,0.4741,0.9406,0.0030,0.0402
2,1,7,6,0.1553,0.2733,0.9873,0.0282,0.0310
2,1,7,7,0.1318,0.2520,0.9786,0.0066,0.0355
2,1,7,8,0.2486,0.4020,0.8462,0.0783,0.0256
2,1,7,9,0.2376,0.3530,0.9928,0.1014,0.0071
2,1,7,10,0.1917,0.4075,0.9924,0.0542,0.0132
2,1,7,11,0.1447,0.3374,0.9866,0.0089,0.0203
2,1,8,0,0.2745,0.4267,0.9923,0.1380,0.0086
2,1,8,1,0.2063,0.3670,0.9478,0.0330,0.0181
2,1,8,2,0.1402,0.2520,0.9854,0.0203,0.0410
2,1,8,3,0.1783,0.3502,0.9641,0.0092,0.0137
2,1,8,4,0.1448,0.3360,0.9946,-0.0069,0.0132
2,1,8,5,0.1507,0.3150,0.9914,0.0098,0.0157
2,1,8,6,0.1604,0.2768,0.9870,0.0316,0.0286
2,1,8,7,0.1929,0.5483,0.7886,-0.0903,0.0647
2,1,8,8,0.2218,0.5473,0.8129,-0.0198,0.0562
2,1,8,9,0.2635,0.4054,0.9773,0.0893,0.0310
2,1,8,10,0.1772,0.3477,0.9921,0.0345,0.0133
2,1,8,11,0.2571,0.4305,0.9380,0.0888,0.0323
2,1,9,0,0.1696,0.4581,0.9857,-0.0085,0.0165
2,1,9,1,0.4218,0.5795,0.9803,0.2921,0.0217
2,1,9,2,0.4408,0.5737,0.8556,0.2866,0.0425
2,1,9,3,0.2238,0.3734,0.9378,0.0612,0.0123
2,1,9,4,0.1888,0.3682,0.9698,0.0291,0.0077
2,1,9,5,0.1799,0.4960,0.8397,-0.0758,0.0487
2,1,9,6,0.2054,0.3311,0.9807,0.0739,0.0187
2,1,9,7,0.1336,0.3070,0.9925,-0.0031,0.0211
2,1,9,8,0.3070,0.5347,0.7836,0.0699,0.0610
2,1,9,9,0.1495,0.2582,0.9864,0.0233,0.0349
2,1,9,10,0.2521,0.4462,0.8998,0.0140,0.0548
2,1,9,11,0.4270,0.5635,0.9400,0.2776,0.0354
2,1,10,0,0.5513,0.6139,0.5488,0.4150,0.0713
2,1,10,1,0.1121,0.4854,0.7741,-0.1058,0.0339
2,1,10,2,0.3974,0.5259,0.7306,0.1996,0.0584
2,1,10,3,0.2256,0.4334,0.6242,0.0100,0.0426
2,1,10,4,0.4871,0.6140,0.7901,0.3515,0.0392
2,1,10,5,0.1321,0.4376,0.7226,-0.1021,0.0357
2,1,10,6,0.3317,0.5110,0.7595,0.1586,0.0389
2,1,10,7,0.3334,0.4747,0.5710,0.1006,0.0600
2,1,10,8,0.2392,0.3760,0.5847,0.0402,0.0386
2,1,10,9,0.1456,0.5124,0.7413,-0.0945,0.0473
2,1,10,10,0.5558,0.7863,0.9691,0.4511,0.0333
2,1,10,11,0.2162,0.5657,0.6681,-0.1041,0.0673
2,1,11,0,0.1748,0.3563,0.6076,-0.0148,0.0349
2,1,11,1,0.1689,0.3471,0.6143,-0.0260,0.0332
2,1,11,2,0.2006,0.4555,0.6052,-0.0778,0.0557
2,1,11,3,0.1519,0.3542,0.5948,-0.0479,0.0331
2,1,11,4,0.1647,0.3540,0.6014,-0.0473,0.0371
2,1,11,5,0.1729,0.3897,0.5916,-0.0448,0.0402
2,1,11,6,0.2443,0.3959,0.6266,0.0342,0.0433
2,1,11,7,0.1323,0.3264,0.5848,-0.0676,0.0346
2,1,11,8,0.2064,0.4995,0.7956,-0.0410,0.0510
2,1,11,9,0.2420,0.5025,0.6459,-0.0377,0.0598
2,1,11,10,0.1833,0.3898,0.6254,-0.0450,0.0408
2,1,11,11,0.1163,0.3205,0.6034,-0.0742,0.0334
2,2,0,0,0.2918,0.5199,0.4807,-0.1334,0.0842
2,2,0,1,0.2842,0.5553,0.8707,0.0500,0.0557
2,2,0,2,0.6698,0.6903,0.9855,0.5976,0.0292
2,2,0,3,0.2854,0.5166,0.9715,0.1260,0.0246
2,2,0,4,0.4481,0.5364,0.7256,0.2600,0.0699
2,2,0,5,0.2980,0.4584,0.8983,0.0742,0.0566
2,2,0,6,0.2922,0.5485,0.5827,-0.0379,0.0763
2,2,0,7,0.5272,0.5794,0.8608,0.3863,0.0557
2,2,0,8,0.2360,0.5398,0.6776,-0.1009,0.0696
2,2,0,9,0.5982,0.7317,0.9184,0.4895,0.0477
2,2,0,10,0.2178,0.3607,0.9771,0.0609,0.0177
2,2,0,11,0.6037,0.6461,0.9604,0.5012,0.0466
2,2,1,0,0.7481,0.7481,0.9249,0.6912,0.0415
2,2,1,1,0.5170,0.6720,0.9891,0.4184,0.0196
2,2,1,2,0.7163,0.7922,0.9615,0.6514,0.0329
2,2,1,3,0.8233,0.8254,0.8998,0.7987,0.0499
2,2,1,4,0.6430,0.7513,0.9845,0.5801,0.0133
2,2,1,5,0.7817,0.8135,0.9484,0.7350,0.0379
2,2,1,6,0.9254,0.9208,0.9836,0.9200,0.0382
2,2,1,7,0.9315,0.9465,0.9970,0.9181,0.0092
2,2,1,8,0.8180,0.8405,0.8408,0.8019,0.0549
2,2,1,9,0.8707,0.9175,0.9879,0.8460,0.0291
2,2,1,10,0.7865,0.8296,0.9554,0.7401,0.0378
2,2,1,11,0.3870,0.5079,0.9609,0.2167,0.0411
2,2,2,0,0.1787,0.3011,0.9555,0.0728,0.0453
2,2,2,1,0.7278,0.7818,0.9916,0.6767,0.0124
2,2,2,2,1.0000,1.0000,1.0000,1.0000,0.0000
2,2,2,3,0.9031,0.9254,0.9877,0.8850,0.0244
2,2,2,4,0.8275,0.8712,0.9437,0.7957,0.0385
2,2,2,5,0.7416,0.8265,0.8947,0.6870,0.0513
2,2,2,6,0.3680,0.4966,0.9707,0.2082,0.0346
2,2,2,7,0.8284,0.8475,0.9026,0.7974,0.0451
2,2,2,8,0.7400,0.7459,0.9444,0.6807,0.0446
2,2,2,9,0.1676,0.3018,0.9564,0.0587,0.0434
2,2,2,10,0.8268,0.7985,0.9893,0.7912,0.0142
2,2,2,11,0.7176,0.8021,0.9705,0.6529,0.0395
2,2,3,0,0.5851,0.6771,0.9988,0.4952,0.0447
2,2,3,1,0.5738,0.6533,0.8976,0.4556,0.0520
2,2,3,2,0.4710,0.6278,0.9289,0.3242,0.0449
2,2,3,3,0.5002,0.6124,0.9239,0.3601,0.0475
2,2,3,4,0.3972,0.5041,0.8713,0.2123,0.0535
2,2,3,5,0.4958,0.6256,0.9870,0.4081,0.0194
2,2,3,6,0.5994,0.7044,0.8821,0.4913,0.0529
2,2,3,7,0.7449,0.8111,0.9079,0.6893,0.0478
2,2,3,8,0.5194,0.6831,0.9427,0.3916,0.0429
2,2,3,9,0.4726,0.6877,0.9883,0.3800,0.0159
2,2,3,10,0.4101,0.5634,0.9652,0.2651,0.0331
2,2,3,11,0.6161,0.6973,0.9794,0.5245,0.0360
2,2,4,0,0.1452,0.4450,0.9977,-0.0270,0.0153
2,2,4,1,0.1793,0.4390,0.8860,-0.0932,0.0519
2,2,4,2,0.2339,0.4049,0.9870,0.0571,0.0243
2,2,4,3,0.1215,0.2440,0.9839,-0.0035,0.0347
2,2,4,4,0.1220,0.5249,0.9332,-0.1177,0.0451
2,2,4,5,0.1610,0.3364,0.9896,0.0008,0.0167
2,2,4,6,0.1503,0.4187,0.9986,-0.0169,0.0117
2,2,4,7,0.1560,0.3079,0.9907,0.0143,0.0160
2,2,4,8,0.1656,0.3278,0.9923,-0.0000,0.0102
2,2,4,9,0.2669,0.3944,0.9848,0.0897,0.0252
2,2,4,10,0.2144,0.3990,0.9960,0.0454,0.0259
2,2,4,11,0.1443,0.3612,0.9989,-0.0078,0.0184
2,2,5,0,0.1441,0.3016,0.9916,-0.0127,0.0081
2,2,5,1,0.1254,0.2435,0.9865,-0.0032,0.0313
2,2,5,2,0.2064,0.4440,0.9714,0.0209,0.0265
2,2,5,3,0.1669,0.3853,0.9970,-0.0077,0.0171
2,2,5,4,0.2163,0.3892,0.9685,0.0313,0.0239
2,2,5,5,0.1309,0.2545,0.9886,0.0001,0.0291
2,2,5,6,0.1390,0.2622,0.9884,0.0047,0.0257
2,2,5,7,0.1712,0.3007,0.9931,0.0321,0.0126
2,2,5,8,0.1342,0.3476,0.9829,-0.0651,0.0280
2,2,5,9,0.1181,0.3516,0.9973,-0.0408,0.0216
2,2,5,10,0.1612,0.4272,0.9954,-0.0188,0.0232
2,2,5,11,0.1411,0.2985,0.9992,-0.0109,0.0095
2,2,6,0,0.1084,0.2642,0.9914,-0.0313,0.0209
2,2,6,1,0.1704,0.3769,0.9888,-0.0189,0.0271
2,2,6,2,0.1714,0.3206,0.9996,0.0041,0.0129
2,2,6,3,0.1274,0.2846,0.9928,-0.0169,0.0187
2,2,6,4,0.1229,0.3682,0.9966,-0.0456,0.0167
2,2,6,5,0.1631,0.3443,0.9943,-0.0042,0.0217
2,2,6,6,0.1365,0.3382,0.9961,-0.0388,0.0192
2,2,6,7,0.1631,0.3893,0.9671,-0.0586,0.0357
2,2,6,8,0.3741,0.5194,0.9975,0.2378,0.0192
2,2,6,9,0.1750,0.3328,0.9894,0.0034,0.0203
2,2,6,10,0.1247,0.3549,0.9958,-0.0299,0.0149
2,2,6,11,0.1190,0.3735,0.9890,-0.0443,0.0242
2,2,7,0,0.1510,0.4369,0.9780,-0.0400,0.0249
2,2,7,1,0.1306,0.3030,0.9981,-0.0386,0.0133
2,2,7,2,0.1418,0.3412,0.9985,-0.0220,0.0152
2,2,7,3,0.1274,0.2595,0.9887,-0.0132,0.0207
2,2,7,4,0.1201,0.3579,0.9926,-0.0334,0.0191
2,2,7,5,0.1884,0.4586,0.9641,-0.0207,0.0361
2,2,7,6,0.1381,0.2484,0.9862,0.0093,0.0299
2,2,7,7,0.1115,0.2385,0.9850,-0.0157,0.0356
2,2,7,8,0.2914,0.4282,0.9054,0.1322,0.0266
2,2,7,9,0.1400,0.2893,0.9956,-0.0125,0.0136
2,2,7,10,0.1181,0.3004,0.9916,-0.0308,0.0160
2,2,7,11,0.1124,0.3114,0.9938,-0.0276,0.0236
2,2,8,0,0.2702,0.4107,0.9973,0.1340,0.0089
2,2,8,1,0.1885,0.3579,0.9761,0.0128,0.0169
2,2,8,2,0.1115,0.2242,0.9835,-0.0117,0.0400
2,2,8,3,0.1487,0.3259,0.9816,-0.0251,0.0131
2,2,8,4,0.1235,0.3007,0.9985,-0.0307,0.0089
2,2,8,5,0.1270,0.2770,0.9951,-0.0168,0.0167
2,2,8,6,0.1192,0.2441,0.9877,-0.0150,0.0278
2,2,8,7,0.1504,0.5673,0.8287,-0.1483,0.0599
2,2,8,8,0.1743,0.5451,0.8579,-0.0820,0.0522
2,2,8,9,0.2013,0.3479,0.9893,0.0136,0.0281
2,2,8,10,0.1293,0.3070,0.9961,-0.0206,0.0119
2,2,8,11,0.2140,0.3967,0.9721,0.0371,0.0295
2,2,9,0,0.1333,0.3715,0.9961,-0.0512,0.0232
2,2,9,1,0.4795,0.6292,0.9963,0.3641,0.0249
2,2,9,2,0.5227,0.6230,0.9072,0.3957,0.0410
2,2,9,3,0.1882,0.3470,0.9707,0.0195,0.0136
2,2,9,4,0.1833,0.3379,0.9894,0.0238,0.0090
2,2,9,5,0.1831,0.4754,0.8831,-0.0692,0.0448
2,2,9,6,0.2112,0.3279,0.9877,0.0816,0.0179
2,2,9,7,0.1139,0.2578,0.9917,-0.0248,0.0236
2,2,9,8,0.3257,0.5047,0.8311,0.0989,0.0574
2,2,9,9,0.1299,0.2388,0.9861,0.0017,0.0341
2,2,9,10,0.2820,0.4156,0.9254,0.0572,0.0513
2,2,9,11,0.5718,0.6490,0.9715,0.4649,0.0363
2,2,10,0,0.6225,0.6385,0.6222,0.5330,0.0677
2,2,10,1,0.1268,0.4330,0.8467,-0.0857,0.0391
2,2,10,2,0.4895,0.5640,0.8048,0.3331,0.0560
2,2,10,3,0.2758,0.4591,0.7135,0.0770,0.0444
2,2,10,4,0.6166,0.6626,0.8603,0.5207,0.0399
2,2,10,5,0.1278,0.4078,0.8037,-0.1058,0.0353
2,2,10,6,0.4139,0.5034,0.8355,0.2650,0.0403
2,2,10,7,0.4177,0.5219,0.6632,0.2255,0.0586
2,2,10,8,0.1796,0.3911,0.6694,-0.0341,0.0412
2,2,10,9,0.1419,0.4383,0.8172,-0.0973,0.0469
2,2,10,10,0.6596,0.7317,0.9856,0.5817,0.0362
2,2,10,11,0.1767,0.5557,0.7298,-0.1621,0.0636
2,2,11,0,0.1961,0.3636,0.6986,0.0130,0.0431
2,2,11,1,0.1853,0.3649,0.7037,-0.0041,0.0434
2,2,11,2,0.1870,0.4255,0.6937,-0.0946,0.0519
2,2,11,3,0.1657,0.3547,0.6863,-0.0292,0.0420
2,2,11,4,0.1685,0.3601,0.6928,-0.0408,0.0404
2,2,11,5,0.1770,0.3874,0.6844,-0.0377,0.0427
2,2,11,6,0.2847,0.4198,0.7190,0.0885,0.0447
2,2,11,7,0.1442,0.3463,0.6771,-0.0513,0.0428
2,2,11,8,0.1738,0.4205,0.8606,-0.0830,0.0471
2,2,11,9,0.2362,0.4495,0.7290,-0.0436,0.0563
2,2,11,10,0.1869,0.3769,0.7158,-0.0385,0.0420
2,2,11,11,0.1253,0.3327,0.6930,-0.0617,0.0450
2,3,0,0,0.3468,0.5967,0.6057,-0.1820,0.0684
2,3,0,1,0.3450,0.6252,0.9261,0.0658,0.0385
2,3,0,2,0.6263,0.6636,0.9828,0.5202,0.0169
2,3,0,3,0.3230,0.5342,0.9712,0.1313,0.0122
2,3,0,4,0.5190,0.6184,0.8167,0.2927,0.0545
2,3,0,5,0.3238,0.5617,0.9469,0.0414,0.0387
2,3,0,6,0.3436,0.6186,0.6949,-0.0652,0.0573
2,3,0,7,0.5298,0.6585,0.9164,0.3275,0.0345
2,3,0,8,0.3077,0.6238,0.7756,-0.0885,0.0500
2,3,0,9,0.5518,0.7060,0.9595,0.3717,0.0312
2,3,0,10,0.2800,0.4213,0.9607,0.0981,0.0173
2,3,0,11,0.6093,0.6565,0.9764,0.4676,0.0264
2,3,1,0,0.7574,0.8328,0.9627,0.6738,0.0172
2,3,1,1,0.5851,0.6781,0.9696,0.4788,0.0138
2,3,1,2,0.7146,0.7812,0.9779,0.6243,0.0186
2,3,1,3,0.8039,0.8285,0.9514,0.7356,0.0332
2,3,1,4,0.6732,0.7476,0.9536,0.6053,0.0279
2,3,1,5,0.8952,0.8970,0.9861,0.8616,0.0159
2,3,1,6,0.9039,0.8797,0.9459,0.9063,0.0628
2,3,1,7,0.9458,0.9546,0.9960,0.9342,0.0177
2,3,1,8,0.8831,0.9121,0.9133,0.8563,0.0324
2,3,1,9,0.8831,0.9377,0.9997,0.8465,0.0088
2,3,1,10,0.8027,0.8567,0.9812,0.7382,0.0225
2,3,1,11,0.4156,0.5281,0.9731,0.2025,0.0170
2,3,2,0,0.2502,0.3639,0.9123,0.1328,0.0703
2,3,2,1,0.6881,0.7467,0.9665,0.6174,0.0247
2,3,2,2,0.9031,0.9254,0.9877,0.8850,0.0244
2,3,2,3,1.0000,1.0000,1.0000,1.0000,0.0000
2,3,2,4,0.8806,0.9062,0.9817,0.8420,0.0169
2,3,2,5,0.8801,0.9028,0.9505,0.8452,0.0336
2,3,2,6,0.4066,0.5287,0.9745,0.2127,0.0132
2,3,2,7,0.8521,0.8711,0.9550,0.8029,0.0325
2,3,2,8,0.8601,0.8417,0.9765,0.8139,0.0237
2,3,2,9,0.2397,0.3654,0.9135,0.1186,0.0685
2,3,2,10,0.7497,0.7373,0.9906,0.6830,0.0162
2,3,2,11,0.7970,0.8201,0.9910,0.7326,0.0247
2,3,3,0,0.7045,0.7927,0.9917,0.6227,0.0347
2,3,3,1,0.7192,0.7871,0.9541,0.6133,0.0300
2,3,3,2,0.5673,0.7341,0.9714,0.4074,0.0223
2,3,3,3,0.6427,0.7044,0.9709,0.5092,0.0247
2,3,3,4,0.5528,0.6437,0.9308,0.3737,0.0339
2,3,3,5,0.5588,0.6430,0.9612,0.4662,0.0334
2,3,3,6,0.7379,0.8207,0.9441,0.6407,0.0287
2,3,3,7,0.8813,0.9176,0.9616,0.8448,0.0241
2,3,3,8,0.6098,0.7502,0.9775,0.4706,0.0209
2,3,3,9,0.5819,0.6833,0.9605,0.4936,0.0283
2,3,3,10,0.5324,0.6252,0.9669,0.3836,0.0114
2,3,3,11,0.7124,0.7717,0.9936,0.6206,0.0182
2,3,4,0,0.2983,0.5913,0.9954,0.1204,0.0149
2,3,4,1,0.3491,0.5762,0.9375,0.0750,0.0319
2,3,4,2,0.4132,0.5699,0.9969,0.2412,0.0141
2,3,4,3,0.3082,0.4159,0.9513,0.1892,0.0582
2,3,4,4,0.1980,0.6271,0.9629,-0.0802,0.0254
2,3,4,5,0.2682,0.4551,0.9730,0.0929,0.0191
2,3,4,6,0.2761,0.5543,0.9899,0.0970,0.0164
2,3,4,7,0.2961,0.4466,0.9597,0.1496,0.0373
2,3,4,8,0.3281,0.4845,0.9829,0.1606,0.0163
2,3,4,9,0.4109,0.5641,0.9982,0.2292,0.0144
2,3,4,10,0.3446,0.5348,0.9955,0.1664,0.0139
2,3,4,11,0.3019,0.5271,0.9817,0.1474,0.0306
2,3,5,0,0.2996,0.4534,0.9745,0.1394,0.0248
2,3,5,1,0.3024,0.4121,0.9508,0.1778,0.0550
2,3,5,2,0.3337,0.5991,0.9928,0.1359,0.0144
2,3,5,3,0.3227,0.5482,0.9954,0.1437,0.0112
2,3,5,4,0.3904,0.5649,0.9908,0.2074,0.0120
2,3,5,5,0.3074,0.4255,0.9585,0.1803,0.0538
2,3,5,6,0.3019,0.4205,0.9534,0.1683,0.0472
2,3,5,7,0.3282,0.4605,0.9661,0.1889,0.0342
2,3,5,8,0.2807,0.4825,0.9911,0.0709,0.0152
2,3,5,9,0.2434,0.4625,0.9776,0.0728,0.0286
2,3,5,10,0.2743,0.5347,0.9909,0.0775,0.0147
2,3,5,11,0.2916,0.4619,0.9843,0.1353,0.0297
2,3,6,0,0.2991,0.4472,0.9591,0.1644,0.0427
2,3,6,1,0.3186,0.5221,0.9913,0.1216,0.0157
2,3,6,2,0.3111,0.4732,0.9884,0.1362,0.0148
2,3,6,3,0.2835,0.4399,0.9624,0.1367,0.0368
2,3,6,4,0.2784,0.5109,0.9787,0.1045,0.0200
2,3,6,5,0.3059,0.4903,0.9729,0.1315,0.0157
2,3,6,6,0.2935,0.4782,0.9825,0.1128,0.0132
2,3,6,7,0.3101,0.5385,0.9883,0.0775,0.0179
2,3,6,8,0.4769,0.6724,0.9955,0.3324,0.0108
2,3,6,9,0.2816,0.4592,0.9811,0.0932,0.0115
2,3,6,10,0.2837,0.5089,0.9717,0.1260,0.0303
2,3,6,11,0.2256,0.4603,0.9645,0.0456,0.0305
2,3,7,0,0.3090,0.5940,0.9931,0.1122,0.0081
2,3,7,1,0.2816,0.4479,0.9875,0.1060,0.0158
2,3,7,2,0.3175,0.5082,0.9875,0.1543,0.0227
2,3,7,3,0.3161,0.4318,0.9591,0.1805,0.0439
2,3,7,4,0.2417,0.4787,0.9649,0.0766,0.0329
2,3,7,5,0.2996,0.5943,0.9922,0.0697,0.0182
2,3,7,6,0.3323,0.4218,0.9522,0.2113,0.0542
2,3,7,7,0.2954,0.4032,0.9519,0.1731,0.0588
2,3,7,8,0.4179,0.5706,0.9339,0.2518,0.0132
2,3,7,9,0.2819,0.4418,0.9735,0.1232,0.0311
2,3,7,10,0.2510,0.4269,0.9625,0.0936,0.0358
2,3,7,11,0.2838,0.4593,0.9676,0.1446,0.0450
2,3,8,0,0.4214,0.5654,0.9791,0.2872,0.0233
2,3,8,1,0.3640,0.5251,0.9850,0.1899,0.0172
2,3,8,2,0.3029,0.3967,0.9467,0.1865,0.0641
2,3,8,3,0.3168,0.4813,0.9777,0.1412,0.0134
2,3,8,4,0.3126,0.4820,0.9784,0.1623,0.0327
2,3,8,5,0.3150,0.4534,0.9696,0.1758,0.0386
2,3,8,6,0.3054,0.4176,0.9567,0.1761,0.0520
2,3,8,7,0.2596,0.6670,0.8986,-0.0714,0.0418
2,3,8,8,0.2738,0.6697,0.9257,-0.0140,0.0337
2,3,8,9,0.3272,0.4956,0.9941,0.1263,0.0137
2,3,8,10,0.2995,0.4642,0.9715,0.1497,0.0303
2,3,8,11,0.3461,0.5443,0.9893,0.1596,0.0158
2,3,9,0,0.2790,0.5125,0.9882,0.0853,0.0146
2,3,9,1,0.5716,0.7627,0.9971,0.4502,0.0115
2,3,9,2,0.6037,0.7401,0.9583,0.4619,0.0168
2,3,9,3,0.3729,0.5117,0.9780,0.2086,0.0144
2,3,9,4,0.3711,0.5125,0.9863,0.2171,0.0208
2,3,9,5,0.3415,0.6188,0.9436,0.0825,0.0271
2,3,9,6,0.3952,0.4982,0.9627,0.2739,0.0420
2,3,9,7,0.2788,0.4244,0.9608,0.1397,0.0444
2,3,9,8,0.4226,0.6178,0.8999,0.1686,0.0365
2,3,9,9,0.3226,0.4140,0.9526,0.2017,0.0582
2,3,9,10,0.4271,0.5603,0.9686,0.1961,0.0308
2,3,9,11,0.6724,0.7859,0.9954,0.5627,0.0135
2,3,10,0,0.6370,0.6921,0.7328,0.4786,0.0468
2,3,10,1,0.2377,0.5507,0.8843,0.0024,0.0218
2,3,10,2,0.5476,0.6742,0.8742,0.3557,0.0331
2,3,10,3,0.4620,0.5870,0.7734,0.2725,0.0212
2,3,10,4,0.6443,0.7234,0.9105,0.5216,0.0172
2,3,10,5,0.2572,0.5353,0.8544,0.0045,0.0129
2,3,10,6,0.4582,0.6058,0.8785,0.2791,0.0195
2,3,10,7,0.5555,0.6490,0.7560,0.3624,0.0359
2,3,10,8,0.3610,0.5162,0.7289,0.1490,0.0246
2,3,10,9,0.2526,0.5393,0.8685,-0.0125,0.0277
2,3,10,10,0.6163,0.7277,0.9915,0.4993,0.0162
2,3,10,11,0.2732,0.6529,0.8247,-0.1082,0.0428
2,3,11,0,0.3659,0.4951,0.7397,0.1827,0.0331
2,3,11,1,0.3639,0.4961,0.7468,0.1762,0.0331
2,3,11,2,0.3305,0.5339,0.7788,0.0356,0.0309
2,3,11,3,0.3376,0.4861,0.7312,0.1413,0.0313
2,3,11,4,0.3448,0.4883,0.7431,0.1351,0.0259
2,3,11,5,0.3570,0.5152,0.7459,0.1435,0.0267
2,3,11,6,0.4478,0.5534,0.7787,0.2532,0.0212
2,3,11,7,0.3151,0.4767,0.7198,0.1170,0.0337
2,3,11,8,0.2826,0.5178,0.9175,-0.0020,0.0259
2,3,11,9,0.3514,0.5533,0.8153,0.0465,0.0356
2,3,11,10,0.3428,0.4947,0.7741,0.1107,0.0190
2,3,11,11,0.2996,0.4663,0.7277,0.1105,0.0388
2,4,0,0,0.4395,0.6686,0.7432,-0.1319,0.0516
2,4,0,1,0.4726,0.7074,0.9762,0.1910,0.0218
2,4,0,2,0.6762,0.7221,0.9632,0.5685,0.0269
2,4,0,3,0.4433,0.6372,0.9571,0.2530,0.0261
2,4,0,4,0.6441,0.7028,0.9105,0.4282,0.0389
2,4,0,5,0.4323,0.6134,0.9824,0.1359,0.0224
2,4,0,6,0.4568,0.6906,0.8180,0.0321,0.0397
2,4,0,7,0.6167,0.7137,0.9705,0.4035,0.0183
2,4,0,8,0.4347,0.7030,0.8812,0.0309,0.0330
2,4,0,9,0.5585,0.7646,0.9902,0.3299,0.0150
2,4,0,10,0.3628,0.5539,0.9310,0.1700,0.0330
2,4,0,11,0.6584,0.7266,0.9803,0.5015,0.0141
2,4,1,0,0.7374,0.8140,0.9783,0.6217,0.0154
2,4,1,1,0.6153,0.7618,0.9275,0.5018,0.0304
2,4,1,2,0.7243,0.8124,0.9815,0.6187,0.0133
2,4,1,3,0.7811,0.8540,0.9907,0.6711,0.0167
2,4,1,4,0.6705,0.7624,0.8999,0.5979,0.0429
2,4,1,5,0.8995,0.8974,0.9972,0.8555,0.0071
2,4,1,6,0.8609,0.8317,0.8721,0.8734,0.0769
2,4,1,7,0.9167,0.9272,0.9611,0.9049,0.0323
2,4,1,8,0.8596,0.8951,0.9717,0.7882,0.0165
2,4,1,9,0.7964,0.8636,0.9813,0.7193,0.0105
2,4,1,10,0.8428,0.8643,0.9938,0.7792,0.0158
2,4,1,11,0.4594,0.6063,0.9735,0.2140,0.0061
2,4,2,0,0.2744,0.4539,0.8505,0.1424,0.0847
2,4,2,1,0.6285,0.7385,0.9118,0.5335,0.0412
2,4,2,2,0.8275,0.8712,0.9437,0.7957,0.0385
2,4,2,3,0.8806,0.9062,0.9817,0.8420,0.0169
2,4,2,4,1.0000,1.0000,1.0000,1.0000,0.0000
2,4,2,5,0.8943,0.9368,0.9908,0.8425,0.0187
2,4,2,6,0.4851,0.6139,0.9633,0.2785,0.0129
2,4,2,7,0.8270,0.8633,0.9939,0.7482,0.0195
2,4,2,8,0.8398,0.8372,0.9927,0.7690,0.0147
2,4,2,9,0.2613,0.4528,0.8519,0.1237,0.0828
2,4,2,10,0.7145,0.7430,0.9676,0.6281,0.0295
2,4,2,11,0.8217,0.8560,0.9899,0.7538,0.0141
2,4,3,0,0.6859,0.7541,0.9500,0.5850,0.0424
2,4,3,1,0.7103,0.7836,0.9923,0.5609,0.0139
2,4,3,2,0.6105,0.7584,0.9982,0.4284,0.0110
2,4,3,3,0.6762,0.7743,0.9964,0.5200,0.0152
2,4,3,4,0.4951,0.6425,0.9818,0.2338,0.0187
2,4,3,5,0.5765,0.7087,0.9128,0.4779,0.0497
2,4,3,6,0.7154,0.8145,0.9839,0.5701,0.0149
2,4,3,7,0.8731,0.9196,0.9934,0.8120,0.0088
2,4,3,8,0.6189,0.7547,0.9931,0.4475,0.0095
2,4,3,9,0.6485,0.7572,0.9061,0.5700,0.0446
2,4,3,10,0.5740,0.6682,0.9551,0.4085,0.0149
2,4,3,11,0.7051,0.7691,0.9842,0.5905,0.0165
2,4,4,0,0.2829,0.5626,0.9600,0.0629,0.0305
2,4,4,1,0.3444,0.5996,0.9831,-0.0025,0.0155
2,4,4,2,0.3832,0.5550,0.9812,0.1632,0.0181
2,4,4,3,0.2630,0.3775,0.8816,0.1116,0.0720
2,4,4,4,0.3005,0.6469,0.9837,0.0016,0.0151
2,4,4,5,0.2913,0.4717,0.9255,0.0869,0.0347
2,4,4,6,0.2833,0.5186,0.9512,0.0691,0.0309
2,4,4,7,0.2777,0.4171,0.9011,0.0977,0.0517
2,4,4,8,0.3134,0.4675,0.9460,0.1069,0.0299
2,4,4,9,0.4122,0.5548,0.9831,0.1908,0.0144
2,4,4,10,0.3353,0.4999,0.9636,0.1164,0.0195
2,4,4,11,0.2672,0.5262,0.9318,0.0718,0.0470
2,4,5,0,0.2807,0.4393,0.9237,0.0827,0.0396
2,4,5,1,0.2493,0.3535,0.8815,0.0881,0.0690
2,4,5,2,0.3594,0.5880,0.9915,0.1276,0.0167
2,4,5,3,0.2988,0.5020,0.9623,0.0741,0.0236
2,4,5,4,0.3795,0.5474,0.9829,0.1524,0.0159
2,4,5,5,0.2619,0.3803,0.8924,0.0996,0.0677
2,4,5,6,0.2505,0.3625,0.8880,0.0780,0.0625
2,4,5,7,0.2675,0.4275,0.9042,0.0847,0.0478
2,4,5,8,0.2944,0.5049,0.9808,0.0433,0.0132
2,4,5,9,0.2392,0.5011,0.9311,0.0321,0.0450
2,4,5,10,0.3227,0.5368,0.9624,0.1001,0.0287
2,4,5,11,0.2933,0.4707,0.9367,0.1067,0.0434
2,4,6,0,0.2335,0.3983,0.8950,0.0555,0.0560
2,4,6,1,0.2954,0.5194,0.9692,0.0470,0.0155
2,4,6,2,0.2810,0.4342,0.9461,0.0598,0.0292
2,4,6,3,0.2510,0.4056,0.9023,0.0665,0.0529
2,4,6,4,0.2694,0.4798,0.9344,0.0567,0.0359
2,4,6,5,0.2956,0.4840,0.9277,0.0817,0.0300
2,4,6,6,0.2831,0.4856,0.9437,0.0611,0.0292
2,4,6,7,0.3181,0.5393,0.9921,0.0350,0.0072
2,4,6,8,0.4619,0.6192,0.9617,0.2833,0.0260
2,4,6,9,0.2904,0.4442,0.9393,0.0649,0.0288
2,4,6,10,0.2650,0.4565,0.9177,0.0704,0.0460
2,4,6,11,0.2499,0.4611,0.9156,0.0396,0.0479
2,4,7,0,0.2942,0.5470,0.9702,0.0493,0.0166
2,4,7,1,0.2738,0.4618,0.9465,0.0593,0.0307
2,4,7,2,0.2984,0.4955,0.9455,0.0963,0.0393
2,4,7,3,0.2627,0.3804,0.8941,0.0871,0.0584
2,4,7,4,0.2487,0.4524,0.9098,0.0519,0.0493
2,4,7,5,0.3460,0.5724,0.9956,0.0820,0.0095
2,4,7,6,0.2745,0.3680,0.8831,0.1170,0.0688
2,4,7,7,0.2401,0.3665,0.8844,0.0815,0.0731
2,4,7,8,0.4008,0.5744,0.9322,0.1937,0.0230
2,4,7,9,0.2541,0.4038,0.9203,0.0553,0.0464
2,4,7,10,0.2531,0.4391,0.9069,0.0647,0.0515
2,4,7,11,0.2415,0.4208,0.9075,0.0642,0.0602
2,4,8,0,0.3835,0.5250,0.9278,0.2132,0.0383
2,4,8,1,0.3333,0.4987,0.9636,0.1120,0.0275
2,4,8,2,0.2393,0.3359,0.8739,0.0864,0.0784
2,4,8,3,0.2921,0.4524,0.9507,0.0718,0.0280
2,4,8,4,0.2635,0.4370,0.9244,0.0692,0.0473
2,4,8,5,0.2742,0.4137,0.9087,0.0975,0.0533
2,4,8,6,0.2570,0.3634,0.8891,0.0910,0.0663
2,4,8,7,0.3322,0.7017,0.9641,-0.0404,0.0256
2,4,8,8,0.3465,0.6840,0.9791,0.0246,0.0183
2,4,8,9,0.3363,0.4972,0.9755,0.0945,0.0133
2,4,8,10,0.2666,0.4301,0.9132,0.0780,0.0449
2,4,8,11,0.3404,0.5368,0.9716,0.1116,0.0188
2,4,9,0,0.2751,0.5117,0.9567,0.0385,0.0298
2,4,9,1,0.5649,0.7142,0.9650,0.4177,0.0243
2,4,9,2,0.5348,0.7129,0.9853,0.3250,0.0083
2,4,9,3,0.3200,0.4972,0.9490,0.1045,0.0293
2,4,9,4,0.3155,0.4822,0.9457,0.1135,0.0353
2,4,9,5,0.3390,0.6272,0.9878,0.0145,0.0142
2,4,9,6,0.3316,0.4375,0.9003,0.1718,0.0563
2,4,9,7,0.2498,0.3907,0.8944,0.0764,0.0594
2,4,9,8,0.4624,0.7032,0.9660,0.1612,0.0197
2,4,9,9,0.2558,0.3567,0.8829,0.0959,0.0728
2,4,9,10,0.3985,0.5834,0.9931,0.0922,0.0150
2,4,9,11,0.5828,0.7251,0.9897,0.4091,0.0139
2,4,10,0,0.6641,0.7443,0.8420,0.4509,0.0298
2,4,10,1,0.3154,0.6209,0.9016,0.0569,0.0268
2,4,10,2,0.6047,0.7370,0.9296,0.3865,0.0175
2,4,10,3,0.4182,0.6110,0.8133,0.1638,0.0206
2,4,10,4,0.6205,0.7719,0.9268,0.4566,0.0168
2,4,10,5,0.3292,0.6026,0.8832,0.0481,0.0157
2,4,10,6,0.4960,0.6768,0.8981,0.2910,0.0190
2,4,10,7,0.5526,0.6792,0.8336,0.2952,0.0199
2,4,10,8,0.3665,0.5490,0.7764,0.1079,0.0277
2,4,10,9,0.3462,0.6251,0.9042,0.0600,0.0272
2,4,10,10,0.5871,0.7450,0.9780,0.4348,0.0212
2,4,10,11,0.4016,0.7288,0.9138,0.0102,0.0264
2,4,11,0,0.3790,0.5336,0.7520,0.1612,0.0404
2,4,11,1,0.3596,0.5239,0.7620,0.1294,0.0384
2,4,11,2,0.4069,0.6256,0.8454,0.0790,0.0140
2,4,11,3,0.3441,0.5292,0.7478,0.1071,0.0371
2,4,11,4,0.3578,0.5335,0.7675,0.1056,0.0301
2,4,11,5,0.3619,0.5625,0.7827,0.1011,0.0299
2,4,11,6,0.4553,0.5853,0.8089,0.2170,0.0234
2,4,11,7,0.3200,0.5045,0.7376,0.0803,0.0407
2,4,11,8,0.3887,0.6099,0.9557,0.0873,0.0114
2,4,11,9,0.4394,0.6495,0.8868,0.1068,0.0183
2,4,11,10,0.3738,0.5659,0.8106,0.1001,0.0175
2,4,11,11,0.2991,0.4934,0.7346,0.0695,0.0480
2,5,0,0,0.4471,0.7253,0.8202,-0.2424,0.0356
2,5,0,1,0.5132,0.7354,0.9836,0.2122,0.0095
2,5,0,2,0.6379,0.7150,0.9218,0.5065,0.0435
2,5,0,3,0.4855,0.6348,0.9164,0.2906,0.0429
2,5,0,4,0.6174,0.7335,0.9531,0.3359,0.0226
2,5,0,5,0.3817,0.6546,0.9792,0.0093,0.0114
2,5,0,6,0.4724,0.7414,0.8808,-0.0203,0.0245
2,5,0,7,0.5728,0.7640,0.9821,0.2929,0.0131
2,5,0,8,0.4759,0.7619,0.9299,0.0353,0.0188
2,5,0,9,0.5319,0.7728,0.9865,0.2512,0.0092
2,5,0,10,0.4606,0.5508,0.8787,0.2833,0.0500
2,5,0,11,0.6718,0.7462,0.9573,0.5004,0.0129
2,5,1,0,0.6894,0.8003,0.9579,0.5352,0.0303
2,5,1,1,0.6937,0.7490,0.8759,0.6037,0.0471
2,5,1,2,0.7212,0.8043,0.9563,0.6051,0.0197
2,5,1,3,0.7676,0.8601,0.9982,0.6310,0.0082
2,5,1,4,0.6957,0.7751,0.8407,0.6337,0.0586
2,5,1,5,0.8887,0.9129,0.9850,0.8367,0.0212
2,5,1,6,0.7938,0.7739,0.8043,0.8050,0.0891
2,5,1,7,0.8561,0.8938,0.9195,0.8327,0.0454
2,5,1,8,0.8120,0.8793,0.9925,0.6908,0.0136
2,5,1,9,0.7109,0.8401,0.9513,0.5904,0.0255
2,5,1,10,0.8097,0.8867,0.9765,0.7267,0.0167
2,5,1,11,0.4362,0.6126,0.9480,0.1439,0.0214
2,5,2,0,0.3982,0.4919,0.7825,0.2923,0.0964
2,5,2,1,0.6395,0.7379,0.8602,0.5451,0.0562
2,5,2,2,0.7416,0.8265,0.8947,0.6870,0.0513
2,5,2,3,0.8801,0.9028,0.9505,0.8452,0.0336
2,5,2,4,0.8943,0.9368,0.9908,0.8425,0.0187
2,5,2,5,1.0000,1.0000,1.0000,1.0000,0.0000
2,5,2,6,0.4327,0.6090,0.9264,0.1747,0.0278
2,5,2,7,0.8473,0.8995,0.9980,0.7698,0.0082
2,5,2,8,0.8699,0.8833,0.9827,0.8074,0.0182
2,5,2,9,0.3828,0.4901,0.7843,0.2695,0.0946
2,5,2,10,0.6484,0.7242,0.9257,0.5322,0.0416
2,5,2,11,0.8664,0.8889,0.9698,0.8162,0.0156
2,5,3,0,0.6230,0.7182,0.9046,0.4900,0.0595
2,5,3,1,0.7277,0.8025,0.9975,0.5634,0.0095
2,5,3,2,0.5532,0.7553,0.9940,0.3142,0.0152
2,5,3,3,0.7107,0.7622,0.9907,0.5504,0.0238
2,5,3,4,0.5348,0.7006,0.9958,0.2567,0.0084
2,5,3,5,0.6350,0.7059,0.8545,0.5535,0.0658
2,5,3,6,0.6666,0.7858,0.9930,0.4679,0.0240
2,5,3,7,0.8820,0.9166,0.9943,0.8161,0.0181
2,5,3,8,0.6739,0.7999,0.9775,0.5077,0.0165
2,5,3,9,0.6863,0.7412,0.8474,0.6216,0.0614
2,5,3,10,0.5636,0.6704,0.9213,0.3740,0.0315
2,5,3,11,0.7745,0.8283,0.9572,0.6812,0.0251
2,5,4,0,0.2978,0.5445,0.9171,0.0555,0.0472
2,5,4,1,0.4253,0.6219,0.9909,0.0748,0.0080
2,5,4,2,0.3990,0.5479,0.9469,0.1578,0.0266
2,5,4,3,0.2449,0.3353,0.8148,0.0709,0.0852
2,5,4,4,0.2644,0.6829,0.9743,-0.0948,0.0176
2,5,4,5,0.2849,0.4624,0.8787,0.0528,0.0516
2,5,4,6,0.2560,0.5082,0.9053,0.0042,0.0468
2,5,4,7,0.2654,0.3977,0.8413,0.0598,0.0659
2,5,4,8,0.3214,0.4497,0.9017,0.0925,0.0442
2,5,4,9,0.3838,0.5472,0.9546,0.1210,0.0259
2,5,4,10,0.3138,0.5099,0.9251,0.0584,0.0347
2,5,4,11,0.2851,0.5233,0.8775,0.0723,0.0636
2,5,5,0,0.3019,0.4351,0.8736,0.0874,0.0549
2,5,5,1,0.2440,0.3256,0.8159,0.0626,0.0821
2,5,5,2,0.3466,0.5757,0.9654,0.0790,0.0254
2,5,5,3,0.2916,0.5019,0.9225,0.0352,0.0362
2,5,5,4,0.3639,0.5355,0.9552,0.1006,0.0288
2,5,5,5,0.2488,0.3471,0.8286,0.0636,0.0795
2,5,5,6,0.2520,0.3447,0.8243,0.0597,0.0766
2,5,5,7,0.2867,0.4007,0.8451,0.0888,0.0606
2,5,5,8,0.2980,0.4990,0.9506,0.0149,0.0268
2,5,5,9,0.2863,0.5070,0.8777,0.0702,0.0618
2,5,5,10,0.3080,0.5317,0.9209,0.0510,0.0456
2,5,5,11,0.2635,0.4548,0.8852,0.0439,0.0564
2,5,6,0,0.2411,0.3887,0.8328,0.0441,0.0659
2,5,6,1,0.3135,0.5197,0.9368,0.0398,0.0255
2,5,6,2,0.2830,0.4523,0.8964,0.0343,0.0430
2,5,6,3,0.2704,0.3874,0.8421,0.0703,0.0688
2,5,6,4,0.2500,0.4704,0.8844,0.0030,0.0523
2,5,6,5,0.3256,0.4829,0.8754,0.0964,0.0474
2,5,6,6,0.3195,0.4710,0.8960,0.0835,0.0466
2,5,6,7,0.3248,0.5404,0.9741,0.0052,0.0181
2,5,6,8,0.4183,0.6118,0.9192,0.2013,0.0426
2,5,6,9,0.2970,0.4590,0.8955,0.0451,0.0452
2,5,6,10,0.2430,0.4515,0.8631,0.0164,0.0618
2,5,6,11,0.2475,0.4684,0.8584,0.0096,0.0642
2,5,7,0,0.2930,0.5404,0.9371,0.0151,0.0330
2,5,7,1,0.2890,0.4589,0.9019,0.0533,0.0466
2,5,7,2,0.3098,0.4843,0.8946,0.0872,0.0558
2,5,7,3,0.2718,0.3571,0.8319,0.0786,0.0722
2,5,7,4,0.2477,0.4460,0.8519,0.0261,0.0653
2,5,7,5,0.3312,0.5799,0.9804,0.0240,0.0188
2,5,7,6,0.2790,0.3422,0.8178,0.1056,0.0799
2,5,7,7,0.2453,0.3367,0.8156,0.0702,0.0859
2,5,7,8,0.3927,0.5532,0.8971,0.1566,0.0389
2,5,7,9,0.2669,0.4048,0.8648,0.0481,0.0620
2,5,7,10,0.2736,0.4306,0.8468,0.0696,0.0666
2,5,7,11,0.2503,0.3977,0.8449,0.0548,0.0741
2,5,8,0,0.3575,0.4978,0.8748,0.1589,0.0539
2,5,8,1,0.3286,0.4754,0.9251,0.0772,0.0413
2,5,8,2,0.2345,0.3060,0.8063,0.0626,0.0898
2,5,8,3,0.2980,0.4405,0.9061,0.0519,0.0443
2,5,8,4,0.2576,0.4257,0.8700,0.0374,0.0590
2,5,8,5,0.2628,0.3902,0.8488,0.0612,0.0671
2,5,8,6,0.2472,0.3377,0.8255,0.0587,0.0782
2,5,8,7,0.3285,0.7144,0.9871,-0.1043,0.0109
2,5,8,8,0.3237,0.6810,0.9954,-0.0589,0.0079
2,5,8,9,0.3216,0.4998,0.9428,0.0413,0.0282
2,5,8,10,0.2679,0.4034,0.8541,0.0569,0.0584
2,5,8,11,0.3296,0.5317,0.9378,0.0667,0.0326
2,5,9,0,0.2800,0.4934,0.9118,0.0142,0.0459
2,5,9,1,0.5084,0.6985,0.9248,0.3228,0.0417
2,5,9,2,0.5208,0.7052,0.9783,0.2745,0.0215
2,5,9,3,0.3358,0.4827,0.9058,0.0995,0.0441
2,5,9,4,0.3341,0.4548,0.8992,0.1145,0.0497
2,5,9,5,0.3829,0.6155,0.9967,0.0350,0.0133
2,5,9,6,0.3114,0.4034,0.8390,0.1273,0.0680
2,5,9,7,0.2410,0.3594,0.8318,0.0440,0.0743
2,5,9,8,0.4714,0.6887,0.9835,0.1273,0.0087
2,5,9,9,0.2567,0.3250,0.8174,0.0789,0.0841
2,5,9,10,0.4498,0.5793,0.9936,0.1272,0.0093
2,5,9,11,0.5639,0.6971,0.9647,0.3591,0.0307
2,5,10,0,0.6225,0.7578,0.8929,0.3213,0.0163
2,5,10,1,0.3155,0.5918,0.8701,0.0220,0.0426
2,5,10,2,0.5524,0.7083,0.9312,0.2622,0.0165
2,5,10,3,0.4528,0.6126,0.7986,0.1804,0.0357
2,5,10,4,0.5398,0.7224,0.9082,0.3143,0.0311
2,5,10,5,0.3438,0.5785,0.8611,0.0304,0.0326
2,5,10,6,0.4339,0.6182,0.8702,0.1726,0.0341
2,5,10,7,0.5521,0.6790,0.8525,0.2495,0.0201
2,5,10,8,0.3817,0.5453,0.7660,0.0949,0.0426
2,5,10,9,0.3343,0.6016,0.8861,0.0015,0.0354
2,5,10,10,0.5081,0.7264,0.9441,0.3041,0.0358
2,5,10,11,0.4337,0.7390,0.9520,0.0011,0.0135
2,5,11,0,0.3972,0.5193,0.7167,0.1596,0.0584
2,5,11,1,0.3848,0.5218,0.7297,0.1358,0.0560
2,5,11,2,0.4304,0.6179,0.8576,0.0659,0.0114
2,5,11,3,0.3570,0.5126,0.7165,0.0946,0.0546
2,5,11,4,0.3764,0.5202,0.7418,0.0988,0.0459
2,5,11,5,0.3699,0.5576,0.7680,0.0772,0.0455
2,5,11,6,0.4703,0.5831,0.7909,0.2065,0.0364
2,5,11,7,0.3375,0.4913,0.7041,0.0738,0.0592
2,5,11,8,0.3793,0.6090,0.9482,0.0277,0.0191
2,5,11,9,0.4413,0.6459,0.9027,0.0549,0.0098
2,5,11,10,0.3834,0.5393,0.7933,0.0760,0.0312
2,5,11,11,0.3174,0.4794,0.6939,0.0654,0.0654
2,6,0,0,0.4847,0.6028,0.5907,0.0761,0.0630
2,6,0,1,0.3331,0.6299,0.9406,0.0159,0.0327
2,6,0,2,0.3192,0.6999,0.9921,0.1068,0.0213
2,6,0,3,0.2037,0.6850,0.9725,-0.0442,0.0190
2,6,0,4,0.3763,0.6284,0.8132,0.0251,0.0497
2,6,0,5,0.3814,0.5741,0.9578,0.0950,0.0297
2,6,0,6,0.5092,0.6687,0.6894,0.1947,0.0488
2,6,0,7,0.4342,0.6039,0.9333,0.1529,0.0265
2,6,0,8,0.3131,0.6908,0.7742,-0.1286,0.0406
2,6,0,9,0.5605,0.7349,0.9680,0.3610,0.0261
2,6,0,10,0.1951,0.7208,0.9829,-0.0281,0.0264
2,6,0,11,0.3239,0.7374,0.9936,0.0466,0.0190
2,6,1,0,0.3698,0.5593,0.9626,0.1215,0.0139
2,6,1,1,0.2519,0.6764,0.9839,0.0402,0.0247
2,6,1,2,0.3160,0.5727,0.9955,0.0770,0.0177
2,6,1,3,0.4314,0.5799,0.9388,0.1744,0.0275
2,6,1,4,0.2822,0.5764,0.9699,0.1100,0.0388
2,6,1,5,0.4591,0.5815,0.9557,0.2475,0.0094
2,6,1,6,0.2993,0.3345,0.9237,0.1739,0.0731
2,6,1,7,0.3709,0.4848,0.9698,0.1969,0.0280
2,6,1,8,0.4675,0.6075,0.8845,0.2059,0.0230
2,6,1,9,0.3872,0.5073,0.9729,0.1736,0.0112
2,6,1,10,0.3817,0.5822,0.9828,0.1543,0.0215
2,6,1,11,0.7592,0.8743,0.9953,0.6629,0.0136
2,6,2,0,0.1092,0.6351,0.9525,-0.0485,0.0806
2,6,2,1,0.2514,0.6391,0.9517,0.0584,0.0367
2,6,2,2,0.3680,0.4966,0.9707,0.2082,0.0346
2,6,2,3,0.4066,0.5287,0.9745,0.2127,0.0132
2,6,2,4,0.4851,0.6139,0.9633,0.2785,0.0129
2,6,2,5,0.4327,0.6090,0.9264,0.1747,0.0278
2,6,2,6,1.0000,1.0000,1.0000,1.0000,0.0000
2,6,2,7,0.3752,0.5810,0.9412,0.1214,0.0288
2,6,2,8,0.4666,0.6396,0.9767,0.2560,0.0131
2,6,2,9,0.1102,0.6329,0.9531,-0.0493,0.0787
2,6,2,10,0.3546,0.5558,0.9927,0.1645,0.0283
2,6,2,11,0.3816,0.5913,0.9835,0.1640,0.0214
2,6,3,0,0.5835,0.6009,0.9666,0.4578,0.0332
2,6,3,1,0.4560,0.5635,0.9302,0.2051,0.0236
2,6,3,2,0.5990,0.6740,0.9616,0.4329,0.0144
2,6,3,3,0.3837,0.6230,0.9474,0.1184,0.0143
2,6,3,4,0.4092,0.5887,0.9240,0.1380,0.0265
2,6,3,5,0.2015,0.6532,0.9787,0.0112,0.0451
2,6,3,6,0.5107,0.5849,0.9022,0.2885,0.0210
2,6,3,7,0.4552,0.6123,0.9335,0.2188,0.0165
2,6,3,8,0.4054,0.6888,0.9775,0.1667,0.0117
2,6,3,9,0.2267,0.5949,0.9716,0.0410,0.0397
2,6,3,10,0.2712,0.6842,0.9965,0.0155,0.0106
2,6,3,11,0.3455,0.6120,0.9670,0.1144,0.0099
2,6,4,0,0.4293,0.5475,0.9716,0.2723,0.0247
2,6,4,1,0.3993,0.5585,0.9433,0.1183,0.0270
2,6,4,2,0.4012,0.4918,0.9802,0.2085,0.0177
2,6,4,3,0.3802,0.3426,0.9234,0.2684,0.0682
2,6,4,4,0.3597,0.5820,0.9784,0.1149,0.0168
2,6,4,5,0.2935,0.4806,0.9383,0.1088,0.0297
2,6,4,6,0.3603,0.5102,0.9799,0.1882,0.0273
2,6,4,7,0.3352,0.5192,0.9607,0.1859,0.0480
2,6,4,8,0.3986,0.3930,0.9554,0.2357,0.0257
2,6,4,9,0.4378,0.4845,0.9678,0.2471,0.0157
2,6,4,10,0.3493,0.5077,0.9755,0.1557,0.0139
2,6,4,11,0.3349,0.5179,0.9689,0.1754,0.0419
2,6,5,0,0.3354,0.4245,0.9380,0.1703,0.0356
2,6,5,1,0.3555,0.3354,0.9315,0.2331,0.0651
2,6,5,2,0.3800,0.4935,0.9769,0.1778,0.0188
2,6,5,3,0.3715,0.4874,0.9752,0.1900,0.0205
2,6,5,4,0.4302,0.4945,0.9543,0.2422,0.0170
2,6,5,5,0.3871,0.3434,0.9321,0.2684,0.0636
2,6,5,6,0.3500,0.3995,0.9420,0.2168,0.0585
2,6,5,7,0.3579,0.3821,0.9407,0.2144,0.0438
2,6,5,8,0.3405,0.4589,0.9836,0.1293,0.0171
2,6,5,9,0.2418,0.6038,0.9746,0.0550,0.0402
2,6,5,10,0.3081,0.6026,0.9800,0.1026,0.0209
2,6,5,11,0.3738,0.4666,0.9625,0.2250,0.0391
2,6,6,0,0.3406,0.3785,0.9515,0.2046,0.0517
2,6,6,1,0.3365,0.4823,0.9829,0.1260,0.0161
2,6,6,2,0.3779,0.4414,0.9720,0.2057,0.0253
2,6,6,3,0.3465,0.4533,0.9535,0.2026,0.0486
2,6,6,4,0.3667,0.5210,0.9761,0.2011,0.0314
2,6,6,5,0.3139,0.4859,0.9746,0.1256,0.0233
2,6,6,6,0.3473,0.4961,0.9692,0.1652,0.0234
2,6,6,7,0.3507,0.4867,0.9766,0.1092,0.0141
2,6,6,8,0.4592,0.4774,0.9719,0.2960,0.0214
2,6,6,9,0.3078,0.5006,0.9385,0.1091,0.0230
2,6,6,10,0.3669,0.4642,0.9632,0.2168,0.0419
2,6,6,11,0.2795,0.5971,0.9788,0.0972,0.0417
2,6,7,0,0.3497,0.4919,0.9469,0.1465,0.0141
2,6,7,1,0.3274,0.4110,0.9639,0.1483,0.0262
2,6,7,2,0.3535,0.4755,0.9717,0.1854,0.0338
2,6,7,3,0.3786,0.3366,0.9310,0.2471,0.0545
2,6,7,4,0.3208,0.5905,0.9668,0.1609,0.0446
2,6,7,5,0.4102,0.5213,0.9691,0.1967,0.0119
2,6,7,6,0.3792,0.3113,0.9278,0.2597,0.0648
2,6,7,7,0.3513,0.3156,0.9364,0.2321,0.0696
2,6,7,8,0.3722,0.4508,0.9033,0.1758,0.0129
2,6,7,9,0.3289,0.4344,0.9526,0.1682,0.0423
2,6,7,10,0.2503,0.4742,0.9671,0.0785,0.0476
2,6,7,11,0.3531,0.3897,0.9535,0.2189,0.0563
2,6,8,0,0.3941,0.4099,0.9537,0.2413,0.0343
2,6,8,1,0.4132,0.4171,0.9488,0.2376,0.0286
2,6,8,2,0.3376,0.2866,0.9230,0.2200,0.0746
2,6,8,3,0.4217,0.4051,0.9569,0.2601,0.0242
2,6,8,4,0.3588,0.4106,0.9607,0.2073,0.0431
2,6,8,5,0.3440,0.3686,0.9485,0.2003,0.0500
2,6,8,6,0.3566,0.3107,0.9281,0.2288,0.0623
2,6,8,7,0.3708,0.6159,0.8965,0.0610,0.0343
2,6,8,8,0.4088,0.6067,0.9013,0.1503,0.0275
2,6,8,9,0.3913,0.4735,0.9764,0.1916,0.0114
2,6,8,10,0.3361,0.3845,0.9535,0.1825,0.0405
2,6,8,11,0.3632,0.4775,0.9486,0.1640,0.0102
2,6,9,0,0.4867,0.5379,0.9829,0.3368,0.0224
2,6,9,1,0.4450,0.4973,0.9717,0.2726,0.0178
2,6,9,2,0.4165,0.5528,0.9277,0.1818,0.0122
2,6,9,3,0.4145,0.4285,0.9347,0.2473,0.0253
2,6,9,4,0.4207,0.4303,0.9452,0.2669,0.0317
2,6,9,5,0.4383,0.5676,0.9161,0.1938,0.0245
2,6,9,6,0.3982,0.3613,0.9293,0.2684,0.0522
2,6,9,7,0.3929,0.3538,0.9410,0.2695,0.0553
2,6,9,8,0.6797,0.7285,0.8967,0.5303,0.0281
2,6,9,9,0.3585,0.2955,0.9268,0.2364,0.0685
2,6,9,10,0.3867,0.5346,0.9346,0.1096,0.0225
2,6,9,11,0.4325,0.5116,0.9648,0.2204,0.0107
2,6,10,0,0.6209,0.7135,0.7028,0.4163,0.0393
2,6,10,1,0.5595,0.6625,0.8873,0.4101,0.0208
2,6,10,2,0.5758,0.6641,0.8720,0.3719,0.0233
2,6,10,3,0.3696,0.4955,0.7398,0.1231,0.0179
2,6,10,4,0.4540,0.6052,0.8657,0.2430,0.0128
2,6,10,5,0.4294,0.5628,0.8433,0.2154,0.0124
2,6,10,6,0.4583,0.5960,0.8717,0.2604,0.0135
2,6,10,7,0.4572,0.5502,0.7203,0.1809,0.0255
2,6,10,8,0.4599,0.4792,0.6899,0.2622,0.0222
2,6,10,9,0.6633,0.7228,0.8631,0.5320,0.0207
2,6,10,10,0.6451,0.7914,0.9871,0.5264,0.0112
2,6,10,11,0.3654,0.6393,0.8003,-0.0002,0.0354
2,6,11,0,0.3595,0.4267,0.7057,0.1565,0.0353
2,6,11,1,0.3684,0.4268,0.7075,0.1637,0.0351
2,6,11,2,0.4787,0.5682,0.7329,0.2266,0.0233
2,6,11,3,0.3833,0.4352,0.6906,0.1826,0.0329
2,6,11,4,0.3870,0.4422,0.7036,0.1708,0.0288
2,6,11,5,0.4444,0.4994,0.7002,0.2409,0.0271
2,6,11,6,0.4037,0.4745,0.7370,0.1704,0.0216
2,6,11,7,0.3565,0.4081,0.6901,0.1522,0.0355
2,6,11,8,0.6658,0.7458,0.8967,0.5223,0.0149
2,6,11,9,0.5966,0.6891,0.7867,0.3952,0.0288
2,6,11,10,0.4108,0.4846,0.7422,0.1806,0.0177
2,6,11,11,0.3406,0.3959,0.6978,0.1457,0.0421
2,7,0,0,0.4636,0.6977,0.8108,-0.0806,0.0397
2,7,0,1,0.5120,0.7079,0.9898,0.2484,0.0155
2,7,0,2,0.6436,0.6804,0.9350,0.5233,0.0400
2,7,0,3,0.3979,0.6022,0.9306,0.1893,0.0408
2,7,0,4,0.5844,0.7255,0.9503,0.3233,0.0249
2,7,0,5,0.4467,0.6052,0.9876,0.1544,0.0175
2,7,0,6,0.4497,0.7249,0.8758,0.0112,0.0311
2,7,0,7,0.7126,0.7635,0.9866,0.5528,0.0212
2,7,0,8,0.4823,0.7253,0.9277,0.1118,0.0254
2,7,0,9,0.6755,0.8135,0.9924,0.5061,0.0102
2,7,0,10,0.3669,0.4967,0.8969,0.1735,0.0448
2,7,0,11,0.7453,0.7583,0.9669,0.6268,0.0168
2,7,1,0,0.6860,0.7409,0.9710,0.5461,0.0314
2,7,1,1,0.6097,0.6953,0.8883,0.4935,0.0418
2,7,1,2,0.8152,0.8208,0.9676,0.7450,0.0154
2,7,1,3,0.8699,0.8948,0.9976,0.8046,0.0124
2,7,1,4,0.6427,0.7593,0.8543,0.5615,0.0531
2,7,1,5,0.8012,0.8195,0.9871,0.7133,0.0243
2,7,1,6,0.7832,0.7423,0.8140,0.7762,0.0828
2,7,1,7,0.8468,0.8527,0.9251,0.8125,0.0384
2,7,1,8,0.7590,0.8320,0.9896,0.6272,0.0173
2,7,1,9,0.6549,0.8013,0.9546,0.5211,0.0244
2,7,1,10,0.8567,0.8843,0.9842,0.7984,0.0147
2,7,1,11,0.4490,0.6146,0.9584,0.1960,0.0227
2,7,2,0,0.3845,0.4550,0.8013,0.2802,0.0901
2,7,2,1,0.7230,0.7366,0.8654,0.6575,0.0507
2,7,2,2,0.8284,0.8475,0.9026,0.7974,0.0451
2,7,2,3,0.8521,0.8711,0.9550,0.8029,0.0325
2,7,2,4,0.8270,0.8633,0.9939,0.7482,0.0195
2,7,2,5,0.8473,0.8995,0.9980,0.7698,0.0082
2,7,2,6,0.3752,0.5810,0.9412,0.1214,0.0288
2,7,2,7,1.0000,1.0000,1.0000,1.0000,0.0000
2,7,2,8,0.8213,0.8410,0.9867,0.7415,0.0221
2,7,2,9,0.3699,0.4529,0.8029,0.2597,0.0882
2,7,2,10,0.8436,0.8328,0.9381,0.8017,0.0368
2,7,2,11,0.8712,0.8922,0.9738,0.8226,0.0141
2,7,3,0,0.5382,0.6538,0.9103,0.3841,0.0595
2,7,3,1,0.6990,0.7738,0.9980,0.5413,0.0125
2,7,3,2,0.4526,0.7035,0.9974,0.1934,0.0207
2,7,3,3,0.6105,0.7065,0.9944,0.4200,0.0299
2,7,3,4,0.6000,0.6884,0.9957,0.3909,0.0127
2,7,3,5,0.5896,0.6684,0.8698,0.4945,0.0606
2,7,3,6,0.5885,0.7404,0.9904,0.3740,0.0269
2,7,3,7,0.7952,0.8552,0.9954,0.6943,0.0211
2,7,3,8,0.7422,0.8120,0.9861,0.6249,0.0186
2,7,3,9,0.5680,0.6708,0.8602,0.4649,0.0565
2,7,3,10,0.4760,0.6200,0.9336,0.2696,0.0322
2,7,3,11,0.7474,0.7951,0.9614,0.6488,0.0268
2,7,4,0,0.2266,0.4973,0.9236,-0.0145,0.0423
2,7,4,1,0.3098,0.5873,0.9938,-0.0602,0.0117
2,7,4,2,0.2809,0.5055,0.9551,0.0205,0.0231
2,7,4,3,0.1559,0.3069,0.8252,-0.0261,0.0798
2,7,4,4,0.2579,0.6626,0.9804,-0.0629,0.0191
2,7,4,5,0.2125,0.4190,0.8816,-0.0192,0.0469
2,7,4,6,0.2050,0.4713,0.9135,-0.0370,0.0416
2,7,4,7,0.1813,0.3511,0.8524,-0.0290,0.0605
2,7,4,8,0.2246,0.4228,0.9076,-0.0133,0.0385
2,7,4,9,0.3143,0.5058,0.9576,0.0525,0.0228
2,7,4,10,0.2501,0.4623,0.9298,-0.0010,0.0322
2,7,4,11,0.1898,0.4746,0.8874,-0.0313,0.0580
2,7,5,0,0.1911,0.3794,0.8779,-0.0369,0.0493
2,7,5,1,0.1583,0.2937,0.8259,-0.0296,0.0763
2,7,5,2,0.2739,0.5548,0.9734,0.0075,0.0200
2,7,5,3,0.2210,0.4579,0.9277,-0.0327,0.0323
2,7,5,4,0.2649,0.5023,0.9608,-0.0081,0.0250
2,7,5,5,0.1661,0.3201,0.8382,-0.0245,0.0741
2,7,5,6,0.1692,0.3058,0.8347,-0.0281,0.0707
2,7,5,7,0.1953,0.3594,0.8527,-0.0107,0.0547
2,7,5,8,0.2194,0.4801,0.9578,-0.0621,0.0218
2,7,5,9,0.2030,0.4457,0.8885,-0.0175,0.0570
2,7,5,10,0.2189,0.4970,0.9293,-0.0423,0.0417
2,7,5,11,0.1934,0.4076,0.8931,-0.0256,0.0509
2,7,6,0,0.1480,0.3538,0.8431,-0.0562,0.0601
2,7,6,1,0.2448,0.4910,0.9412,-0.0249,0.0221
2,7,6,2,0.2170,0.3957,0.9055,-0.0279,0.0375
2,7,6,3,0.1744,0.3460,0.8521,-0.0345,0.0634
2,7,6,4,0.1837,0.4296,0.8935,-0.0589,0.0472
2,7,6,5,0.2275,0.4411,0.8860,-0.0111,0.0438
2,7,6,6,0.2004,0.4300,0.9046,-0.0517,0.0418
2,7,6,7,0.2725,0.5089,0.9777,-0.0330,0.0183
2,7,6,8,0.3547,0.5936,0.9259,0.1363,0.0405
2,7,6,9,0.2208,0.4015,0.8982,-0.0309,0.0394
2,7,6,10,0.1810,0.4066,0.8715,-0.0413,0.0562
2,7,6,11,0.1738,0.4228,0.8725,-0.0626,0.0593
2,7,7,0,0.2313,0.4855,0.9403,-0.0391,0.0293
2,7,7,1,0.2128,0.4283,0.9068,-0.0237,0.0410
2,7,7,2,0.2000,0.4392,0.9048,-0.0357,0.0512
2,7,7,3,0.1799,0.3229,0.8405,-0.0214,0.0661
2,7,7,4,0.1766,0.4018,0.8630,-0.0440,0.0599
2,7,7,5,0.2903,0.5501,0.9817,0.0005,0.0189
2,7,7,6,0.1870,0.3126,0.8273,0.0037,0.0746
2,7,7,7,0.1465,0.3028,0.8293,-0.0392,0.0804
2,7,7,8,0.3162,0.5100,0.9128,0.0761,0.0373
2,7,7,9,0.1866,0.3510,0.8733,-0.0349,0.0554
2,7,7,10,0.1674,0.3777,0.8596,-0.0483,0.0607
2,7,7,11,0.1535,0.3701,0.8569,-0.0507,0.0686
2,7,8,0,0.2765,0.4714,0.8820,0.0707,0.0477
2,7,8,1,0.2427,0.4497,0.9331,-0.0129,0.0386
2,7,8,2,0.1473,0.2787,0.8162,-0.0319,0.0846
2,7,8,3,0.1994,0.4143,0.9168,-0.0544,0.0404
2,7,8,4,0.1727,0.3866,0.8780,-0.0511,0.0528
2,7,8,5,0.1762,0.3542,0.8578,-0.0310,0.0612
2,7,8,6,0.1612,0.3046,0.8341,-0.0333,0.0722
2,7,8,7,0.2824,0.6930,0.9868,-0.1235,0.0157
2,7,8,8,0.2821,0.6381,0.9940,-0.0759,0.0126
2,7,8,9,0.2544,0.4490,0.9481,-0.0211,0.0244
2,7,8,10,0.1773,0.3694,0.8637,-0.0400,0.0530
2,7,8,11,0.2746,0.4761,0.9441,0.0195,0.0297
2,7,9,0,0.1820,0.4573,0.9219,-0.0895,0.0424
2,7,9,1,0.4454,0.6673,0.9305,0.2536,0.0408
2,7,9,2,0.4842,0.6702,0.9837,0.2489,0.0221
2,7,9,3,0.2479,0.4416,0.9144,0.0056,0.0394
2,7,9,4,0.2465,0.4190,0.9053,0.0200,0.0440
2,7,9,5,0.2859,0.5947,0.9967,-0.0691,0.0113
2,7,9,6,0.2208,0.3699,0.8479,0.0270,0.0621
2,7,9,7,0.1607,0.3299,0.8408,-0.0399,0.0688
2,7,9,8,0.3806,0.6542,0.9875,0.0276,0.0154
2,7,9,9,0.1695,0.2963,0.8268,-0.0158,0.0786
2,7,9,10,0.3477,0.5464,0.9905,0.0113,0.0159
2,7,9,11,0.5032,0.6495,0.9695,0.2939,0.0320
2,7,10,0,0.6146,0.7433,0.8901,0.3578,0.0232
2,7,10,1,0.2206,0.5471,0.8938,-0.0776,0.0436
2,7,10,2,0.4933,0.6579,0.9450,0.2070,0.0242
2,7,10,3,0.3701,0.5627,0.8177,0.0915,0.0363
2,7,10,4,0.5218,0.7008,0.9187,0.3129,0.0346
2,7,10,5,0.2465,0.5293,0.8821,-0.0730,0.0337
2,7,10,6,0.4170,0.5959,0.8919,0.1770,0.0357
2,7,10,7,0.4942,0.6435,0.8617,0.1972,0.0269
2,7,10,8,0.2702,0.5016,0.7841,-0.0313,0.0437
2,7,10,9,0.2362,0.5594,0.9065,-0.1021,0.0391
2,7,10,10,0.5089,0.7062,0.9533,0.3251,0.0377
2,7,10,11,0.3514,0.6817,0.9498,-0.0813,0.0197
2,7,11,0,0.3010,0.4806,0.7412,0.0522,0.0584
2,7,11,1,0.2824,0.4816,0.7524,0.0210,0.0552
2,7,11,2,0.3087,0.5671,0.8664,-0.0796,0.0177
2,7,11,3,0.2595,0.4725,0.7393,-0.0118,0.0547
2,7,11,4,0.2674,0.4838,0.7633,-0.0239,0.0461
2,7,11,5,0.2660,0.5184,0.7857,-0.0376,0.0458
2,7,11,6,0.3699,0.5360,0.8087,0.0910,0.0372
2,7,11,7,0.2414,0.4591,0.7298,-0.0297,0.0587
2,7,11,8,0.2776,0.5631,0.9597,-0.0831,0.0234
2,7,11,9,0.3375,0.5963,0.9112,-0.0637,0.0153
2,7,11,10,0.2796,0.5059,0.8134,-0.0388,0.0330
2,7,11,11,0.2204,0.4440,0.7206,-0.0391,0.0645
2,8,0,0,0.4442,0.7210,0.7256,-0.1042,0.0529
2,8,0,1,0.4574,0.7389,0.9812,0.1731,0.0218
2,8,0,2,0.5838,0.6346,0.9670,0.4449,0.0308
2,8,0,3,0.3482,0.5724,0.9488,0.1275,0.0299
2,8,0,4,0.5916,0.7221,0.9047,0.3457,0.0399
2,8,0,5,0.3595,0.6591,0.9856,0.0308,0.0178
2,8,0,6,0.3922,0.7392,0.8045,-0.0839,0.0376
2,8,0,7,0.5756,0.7666,0.9788,0.3434,0.0166
2,8,0,8,0.4310,0.7541,0.8712,0.0332,0.0296
2,8,0,9,0.4969,0.7458,0.9962,0.2409,0.0215
2,8,0,10,0.3957,0.5492,0.9369,0.2162,0.0370
2,8,0,11,0.6540,0.7378,0.9928,0.4980,0.0097
2,8,1,0,0.7035,0.7789,0.9692,0.5751,0.0185
2,8,1,1,0.5783,0.6811,0.9440,0.4538,0.0354
2,8,1,2,0.7093,0.7744,0.9911,0.5994,0.0197
2,8,1,3,0.7637,0.8166,0.9894,0.6474,0.0202
2,8,1,4,0.5744,0.6968,0.9178,0.4736,0.0493
2,8,1,5,0.8896,0.8694,0.9851,0.8421,0.0141
2,8,1,6,0.7260,0.6406,0.8708,0.7016,0.0832
2,8,1,7,0.8335,0.8078,0.9573,0.7938,0.0391
2,8,1,8,0.7956,0.8288,0.9568,0.6904,0.0176
2,8,1,9,0.6697,0.7731,0.9771,0.5447,0.0184
2,8,1,10,0.7676,0.7797,0.9942,0.6744,0.0202
2,8,1,11,0.4390,0.6422,0.9894,0.1889,0.0165
2,8,2,0,0.4032,0.5020,0.8794,0.3052,0.0906
2,8,2,1,0.5652,0.6403,0.9209,0.4514,0.0471
2,8,2,2,0.7400,0.7459,0.9444,0.6807,0.0446
2,8,2,3,0.8601,0.8417,0.9765,0.8139,0.0237
2,8,2,4,0.8398,0.8372,0.9927,0.7690,0.0147
2,8,2,5,0.8699,0.8833,0.9827,0.8074,0.0182
2,8,2,6,0.4666,0.6396,0.9767,0.2560,0.0131
2,8,2,7,0.8213,0.8410,0.9867,0.7415,0.0221
2,8,2,8,1.0000,1.0000,1.0000,1.0000,0.0000
2,8,2,9,0.3894,0.4977,0.8807,0.2860,0.0887
2,8,2,10,0.6666,0.6756,0.9701,0.5647,0.0368
2,8,2,11,0.8228,0.8397,0.9956,0.7559,0.0159
2,8,3,0,0.6468,0.6986,0.9484,0.5334,0.0447
2,8,3,1,0.7089,0.7646,0.9807,0.5621,0.0164
2,8,3,2,0.6157,0.7751,0.9951,0.4393,0.0076
2,8,3,3,0.7003,0.7680,0.9826,0.5586,0.0112
2,8,3,4,0.5747,0.7258,0.9810,0.3596,0.0162
2,8,3,5,0.5098,0.6359,0.9275,0.3924,0.0555
2,8,3,6,0.6889,0.7906,0.9631,0.5331,0.0197
2,8,3,7,0.8414,0.8649,0.9795,0.7665,0.0137
2,8,3,8,0.6488,0.7906,0.9921,0.4937,0.0078
2,8,3,9,0.5576,0.6418,0.9225,0.4526,0.0502
2,8,3,10,0.5173,0.6732,0.9768,0.3323,0.0185
2,8,3,11,0.6658,0.7208,0.9739,0.5374,0.0097
2,8,4,0,0.2976,0.5749,0.9564,0.0858,0.0350
2,8,4,1,0.4207,0.6497,0.9878,0.1204,0.0192
2,8,4,2,0.4296,0.5892,0.9739,0.2298,0.0231
2,8,4,3,0.3175,0.3836,0.8733,0.1824,0.0788
2,8,4,4,0.3107,0.7043,0.9970,0.0213,0.0098
2,8,4,5,0.2827,0.4694,0.9198,0.0787,0.0406
2,8,4,6,0.2682,0.5415,0.9562,0.0526,0.0380
2,8,4,7,0.3181,0.4406,0.9129,0.1523,0.0581
2,8,4,8,0.3782,0.4894,0.9379,0.1955,0.0354
2,8,4,9,0.4206,0.5746,0.9746,0.2059,0.0217
2,8,4,10,0.3179,0.5456,0.9659,0.0965,0.0228
2,8,4,11,0.3370,0.5558,0.9337,0.1652,0.0523
2,8,5,0,0.2913,0.4435,0.9153,0.0994,0.0458
2,8,5,1,0.3108,0.3689,0.8808,0.1683,0.0751
2,8,5,2,0.3912,0.5973,0.9815,0.1747,0.0254
2,8,5,3,0.3064,0.5387,0.9638,0.0877,0.0290
2,8,5,4,0.4112,0.5785,0.9629,0.1994,0.0250
2,8,5,5,0.3240,0.3941,0.8862,0.1807,0.0739
2,8,5,6,0.3126,0.3820,0.8918,0.1597,0.0687
2,8,5,7,0.3190,0.4324,0.9018,0.1535,0.0540
2,8,5,8,0.3354,0.5184,0.9801,0.1031,0.0211
2,8,5,9,0.2927,0.4962,0.9371,0.1047,0.0507
2,8,5,10,0.3012,0.5605,0.9618,0.0749,0.0317
2,8,5,11,0.3633,0.5165,0.9338,0.2000,0.0489
2,8,6,0,0.3035,0.4455,0.9028,0.1474,0.0609
2,8,6,1,0.3352,0.5722,0.9783,0.1050,0.0214
2,8,6,2,0.3208,0.4968,0.9444,0.1159,0.0351
2,8,6,3,0.3170,0.4365,0.9080,0.1540,0.0590
2,8,6,4,0.2943,0.4984,0.9439,0.0927,0.0418
2,8,6,5,0.3217,0.4959,0.9372,0.1195,0.0342
2,8,6,6,0.3373,0.4827,0.9427,0.1363,0.0339
2,8,6,7,0.3670,0.5759,0.9919,0.1087,0.0169
2,8,6,8,0.4544,0.6387,0.9569,0.2758,0.0321
2,8,6,9,0.3134,0.4814,0.9268,0.0990,0.0337
2,8,6,10,0.2781,0.4838,0.9263,0.0902,0.0521
2,8,6,11,0.2555,0.4978,0.9305,0.0502,0.0523
2,8,7,0,0.3127,0.5714,0.9520,0.0782,0.0222
2,8,7,1,0.3403,0.4898,0.9461,0.1500,0.0362
2,8,7,2,0.3590,0.5095,0.9419,0.1787,0.0443
2,8,7,3,0.3186,0.3959,0.8879,0.1611,0.0643
2,8,7,4,0.2667,0.4724,0.9217,0.0783,0.0552
2,8,7,5,0.3361,0.6022,0.9928,0.0726,0.0142
2,8,7,6,0.3380,0.3842,0.8790,0.1997,0.0745
2,8,7,7,0.3063,0.3893,0.8795,0.1674,0.0795
2,8,7,8,0.4469,0.5887,0.8953,0.2592,0.0237
2,8,7,9,0.3109,0.4442,0.9172,0.1319,0.0528
2,8,7,10,0.2433,0.4182,0.9176,0.0549,0.0580
2,8,7,11,0.2993,0.4519,0.9060,0.1405,0.0667
2,8,8,0,0.3915,0.5205,0.9237,0.2260,0.0447
2,8,8,1,0.3896,0.5037,0.9412,0.1910,0.0385
2,8,8,2,0.3048,0.3477,0.8706,0.1710,0.0844
2,8,8,3,0.3718,0.4709,0.9354,0.1808,0.0343
2,8,8,4,0.3249,0.4853,0.9270,0.1516,0.0531
2,8,8,5,0.3134,0.4374,0.9075,0.1502,0.0602
2,8,8,6,0.3067,0.3789,0.8834,0.1566,0.0722
2,8,8,7,0.3469,0.7178,0.9633,-0.0103,0.0234
2,8,8,8,0.3547,0.6968,0.9664,0.0426,0.0180
2,8,8,9,0.3605,0.5124,0.9729,0.1314,0.0174
2,8,8,10,0.2907,0.4314,0.9125,0.1120,0.0501
2,8,8,11,0.3495,0.5656,0.9500,0.1276,0.0178
2,8,9,0,0.2914,0.5175,0.9581,0.0639,0.0336
2,8,9,1,0.5127,0.7005,0.9608,0.3492,0.0290
2,8,9,2,0.5393,0.6904,0.9621,0.3353,0.0178
2,8,9,3,0.3644,0.5243,0.9225,0.1669,0.0353
2,8,9,4,0.3777,0.4956,0.9291,0.1983,0.0416
2,8,9,5,0.3821,0.6388,0.9720,0.0843,0.0232
2,8,9,6,0.3747,0.4393,0.8890,0.2291,0.0622
2,8,9,7,0.2823,0.3977,0.8954,0.1204,0.0660
2,8,9,8,0.4549,0.6843,0.9548,0.1554,0.0184
2,8,9,9,0.3194,0.3678,0.8782,0.1787,0.0785
2,8,9,10,0.3912,0.6032,0.9823,0.0868,0.0118
2,8,9,11,0.5818,0.6958,0.9761,0.4104,0.0178
2,8,10,0,0.6143,0.7145,0.8091,0.3688,0.0274
2,8,10,1,0.3186,0.6064,0.8715,0.0656,0.0298
2,8,10,2,0.5638,0.7157,0.9055,0.3272,0.0155
2,8,10,3,0.5150,0.6131,0.7527,0.3065,0.0238
2,8,10,4,0.5225,0.6890,0.8851,0.3197,0.0166
2,8,10,5,0.3662,0.5888,0.8436,0.1051,0.0208
2,8,10,6,0.4381,0.6232,0.8638,0.2132,0.0196
2,8,10,7,0.5801,0.6808,0.7825,0.3447,0.0186
2,8,10,8,0.4299,0.5433,0.7074,0.2011,0.0283
2,8,10,9,0.3653,0.5963,0.8676,0.0923,0.0234
2,8,10,10,0.4654,0.6977,0.9773,0.2700,0.0199
2,8,10,11,0.3826,0.7409,0.8915,-0.0140,0.0252
2,8,11,0,0.4517,0.5288,0.6882,0.2632,0.0462
2,8,11,1,0.4435,0.5337,0.6961,0.2473,0.0448
2,8,11,2,0.4412,0.5919,0.7892,0.1388,0.0167
2,8,11,3,0.4138,0.5199,0.6803,0.2059,0.0427
2,8,11,4,0.4202,0.5315,0.7013,0.1965,0.0353
2,8,11,5,0.4197,0.5627,0.7158,0.1866,0.0342
2,8,11,6,0.5180,0.5898,0.7492,0.3108,0.0256
2,8,11,7,0.3966,0.5066,0.6725,0.1881,0.0473
2,8,11,8,0.3976,0.6187,0.9243,0.1061,0.0103
2,8,11,9,0.4428,0.6337,0.8452,0.1190,0.0200
2,8,11,10,0.4117,0.5331,0.7512,0.1590,0.0213
2,8,11,11,0.3801,0.4970,0.6707,0.1814,0.0532
2,9,0,0,0.2588,0.4030,0.3272,0.0016,0.1260
2,9,0,1,0.2741,0.5440,0.7987,0.1218,0.1000
2,9,0,2,0.1892,0.5201,0.9538,0.0636,0.0677
2,9,0,3,0.1359,0.5844,0.9234,0.0012,0.0658
2,9,0,4,0.2729,0.5084,0.6076,0.0993,0.1120
2,9,0,5,0.1807,0.4715,0.8288,0.0004,0.1005
2,9,0,6,0.2089,0.4826,0.4456,-0.0385,0.1190
2,9,0,7,0.3264,0.4754,0.7919,0.1873,0.0993
2,9,0,8,0.4066,0.5440,0.5539,0.2959,0.1133
2,9,0,9,0.2051,0.5312,0.8529,0.0334,0.0898
2,9,0,10,0.8783,0.8986,0.9676,0.8706,0.0547
2,9,0,11,0.4273,0.5738,0.9250,0.3320,0.0912
2,9,1,0,0.1754,0.3535,0.8490,0.0184,0.0843
2,9,1,1,0.7466,0.7230,0.9848,0.7190,0.0579
2,9,1,2,0.3737,0.4582,0.9246,0.2741,0.0761
2,9,1,3,0.2782,0.4151,0.8052,0.1323,0.0944
2,9,1,4,0.1750,0.4452,0.9921,0.0725,0.0408
2,9,1,5,0.2494,0.3935,0.8459,0.1116,0.0818
2,9,1,6,0.1682,0.2239,0.9573,0.0865,0.0057
2,9,1,7,0.2292,0.3287,0.9345,0.1215,0.0504
2,9,1,8,0.2250,0.4008,0.7109,0.0490,0.0993
2,9,1,9,0.0797,0.3155,0.9136,-0.0814,0.0739
2,9,1,10,0.3087,0.4431,0.8922,0.1911,0.0817
2,9,1,11,0.1349,0.5883,0.9347,-0.0367,0.0843
2,9,2,0,0.9986,0.9991,1.0000,0.9985,0.0019
2,9,2,1,0.2982,0.4426,0.9653,0.2069,0.0450
2,9,2,2,0.1676,0.3018,0.9564,0.0587,0.0434
2,9,2,3,0.2397,0.3654,0.9135,0.1186,0.0685
2,9,2,4,0.2613,0.4528,0.8519,0.1237,0.0828
2,9,2,5,0.3828,0.4901,0.7843,0.2695,0.0946
2,9,2,6,0.1102,0.6329,0.9531,-0.0493,0.0787
2,9,2,7,0.3699,0.4529,0.8029,0.2597,0.0882
2,9,2,8,0.3894,0.4977,0.8807,0.2860,0.0887
2,9,2,9,1.0000,1.0000,1.0000,1.0000,0.0000
2,9,2,10,0.2742,0.3793,0.9497,0.1686,0.0551
2,9,2,11,0.3749,0.4432,0.9094,0.2751,0.0813
2,9,3,0,0.1586,0.4209,0.9437,0.0301,0.0742
2,9,3,1,0.4208,0.5125,0.7854,0.3192,0.0960
2,9,3,2,0.1508,0.5289,0.8428,-0.0213,0.0886
2,9,3,3,0.3821,0.5529,0.8180,0.2719,0.0909
2,9,3,4,0.2427,0.4478,0.7757,0.0836,0.0977
2,9,3,5,0.1798,0.5243,0.9893,0.0792,0.0403
2,9,3,6,0.1759,0.4399,0.7467,-0.0043,0.0959
2,9,3,7,0.2790,0.4897,0.7936,0.1377,0.0913
2,9,3,8,0.3103,0.4773,0.8724,0.1855,0.0872
2,9,3,9,0.4913,0.5541,0.9892,0.4301,0.0411
2,9,3,10,0.4457,0.6564,0.9577,0.3610,0.0748
2,9,3,11,0.2787,0.4874,0.8978,0.1582,0.0793
2,9,4,0,0.1415,0.4585,0.9380,0.0205,0.0547
2,9,4,1,0.1548,0.4917,0.8093,-0.0360,0.0950
2,9,4,2,0.0933,0.4055,0.9193,-0.0537,0.0675
2,9,4,3,0.0713,0.2900,0.9446,-0.0227,0.0101
2,9,4,4,0.2006,0.5612,0.8862,0.0537,0.0872
2,9,4,5,0.2800,0.5113,0.9312,0.1848,0.0515
2,9,4,6,0.1176,0.4289,0.9600,-0.0044,0.0518
2,9,4,7,0.1222,0.4100,0.9833,0.0180,0.0305
2,9,4,8,0.1262,0.3773,0.9312,0.0045,0.0521
2,9,4,9,0.1631,0.4260,0.9032,0.0228,0.0694
2,9,4,10,0.0393,0.3851,0.9414,-0.1069,0.0657
2,9,4,11,0.2799,0.5270,0.9639,0.1905,0.0425
2,9,5,0,0.1926,0.4032,0.9312,0.0890,0.0433
2,9,5,1,0.0987,0.2726,0.9603,0.0046,0.0133
2,9,5,2,0.1442,0.4188,0.8932,0.0051,0.0692
2,9,5,3,0.0413,0.3838,0.9426,-0.1007,0.0601
2,9,5,4,0.1047,0.4121,0.8686,-0.0435,0.0665
2,9,5,5,0.0983,0.2840,0.9491,0.0019,0.0146
2,9,5,6,0.1063,0.3148,0.9701,0.0074,0.0230
2,9,5,7,0.1798,0.3660,0.9540,0.0827,0.0347
2,9,5,8,0.1421,0.4821,0.9261,0.0049,0.0704
2,9,5,9,0.6252,0.7113,0.9731,0.5808,0.0441
2,9,5,10,0.0988,0.5094,0.9473,-0.0370,0.0631
2,9,5,11,0.1789,0.4842,0.9517,0.0767,0.0397
2,9,6,0,0.0257,0.3364,0.9768,-0.0826,0.0285
2,9,6,1,0.0606,0.4469,0.9437,-0.0905,0.0701
2,9,6,2,0.0734,0.3090,0.9539,-0.0584,0.0535
2,9,6,3,0.1195,0.3690,0.9736,0.0164,0.0317
2,9,6,4,0.1020,0.4160,0.9734,-0.0194,0.0499
2,9,6,5,0.2651,0.4784,0.9768,0.1638,0.0568
2,9,6,6,0.3459,0.4968,0.9537,0.2558,0.0570
2,9,6,7,0.2010,0.4136,0.8970,0.0577,0.0788
2,9,6,8,0.0832,0.3986,0.9367,-0.0577,0.0588
2,9,6,9,0.1302,0.4160,0.9142,0.0036,0.0595
2,9,6,10,0.0856,0.3433,0.9735,-0.0285,0.0388
2,9,6,11,0.1095,0.4701,0.9882,-0.0067,0.0500
2,9,7,0,0.1193,0.3681,0.8793,-0.0191,0.0671
2,9,7,1,0.1491,0.4483,0.9466,0.0331,0.0527
2,9,7,2,0.2388,0.4654,0.9519,0.1377,0.0467
2,9,7,3,0.1393,0.2915,0.9475,0.0412,0.0241
2,9,7,4,0.1156,0.4594,0.9832,0.0067,0.0409
2,9,7,5,0.2138,0.4592,0.8798,0.0765,0.0790
2,9,7,6,0.1230,0.2633,0.9529,0.0299,0.0140
2,9,7,7,0.0763,0.2656,0.9576,-0.0178,0.0095
2,9,7,8,0.1703,0.4001,0.7979,0.0408,0.0676
2,9,7,9,0.1037,0.3454,0.9544,-0.0084,0.0380
2,9,7,10,0.2337,0.5088,0.9846,0.1427,0.0357
2,9,7,11,0.0927,0.3075,0.9636,-0.0088,0.0248
2,9,8,0,0.1256,0.3804,0.9491,0.0108,0.0449
2,9,8,1,0.1645,0.3393,0.8857,0.0388,0.0540
2,9,8,2,0.1097,0.2354,0.9539,0.0217,0.0049
2,9,8,3,0.1521,0.3356,0.9160,0.0312,0.0541
2,9,8,4,0.0410,0.3358,0.9625,-0.0785,0.0352
2,9,8,5,0.1216,0.3306,0.9591,0.0193,0.0290
2,9,8,6,0.1078,0.2629,0.9480,0.0114,0.0160
2,9,8,7,0.1285,0.4893,0.7293,-0.0813,0.1039
2,9,8,8,0.1756,0.4923,0.7361,0.0029,0.0958
2,9,8,9,0.2812,0.4632,0.9271,0.1677,0.0714
2,9,8,10,0.1599,0.3459,0.9617,0.0579,0.0376
2,9,8,11,0.1771,0.4161,0.8732,0.0489,0.0714
2,9,9,0,0.1895,0.4813,0.9566,0.0700,0.0606
2,9,9,1,0.1243,0.4342,0.9325,-0.0128,0.0654
2,9,9,2,0.1243,0.4153,0.7878,-0.0492,0.0840
2,9,9,3,0.1567,0.3480,0.8753,0.0345,0.0547
2,9,9,4,0.1218,0.3468,0.9099,0.0013,0.0465
2,9,9,5,0.2122,0.4632,0.7620,0.0508,0.0880
2,9,9,6,0.1027,0.2828,0.9358,-0.0017,0.0262
2,9,9,7,0.1262,0.3495,0.9628,0.0293,0.0249
2,9,9,8,0.1947,0.5904,0.7245,0.0074,0.1006
2,9,9,9,0.1023,0.2378,0.9513,0.0084,0.0103
2,9,9,10,0.2532,0.5064,0.8151,0.0997,0.0951
2,9,9,11,0.1266,0.3537,0.8790,-0.0346,0.0784
2,9,10,0,0.2281,0.5123,0.4559,0.0179,0.1107
2,9,10,1,0.1269,0.5291,0.7636,-0.0206,0.0778
2,9,10,2,0.1768,0.5022,0.6955,-0.0165,0.0998
2,9,10,3,0.1251,0.3476,0.5694,-0.0433,0.0861
2,9,10,4,0.1173,0.5020,0.7239,-0.0513,0.0820
2,9,10,5,0.1927,0.4092,0.6950,0.0463,0.0787
2,9,10,6,0.1364,0.4925,0.7388,-0.0192,0.0827
2,9,10,7,0.1806,0.3821,0.4977,-0.0185,0.1025
2,9,10,8,0.1692,0.3503,0.5158,0.0206,0.0828
2,9,10,9,0.1397,0.5271,0.7118,-0.0253,0.0903
2,9,10,10,0.1190,0.5626,0.9335,-0.0286,0.0767
2,9,10,11,0.2817,0.4917,0.5836,0.1097,0.1074
2,9,11,0,0.1865,0.3163,0.5711,0.0587,0.0756
2,9,11,1,0.1472,0.3084,0.5683,0.0095,0.0774
2,9,11,2,0.2838,0.4661,0.5223,0.1313,0.0957
2,9,11,3,0.1652,0.3240,0.5484,0.0304,0.0783
2,9,11,4,0.1712,0.3364,0.5511,0.0279,0.0816
2,9,11,5,0.1756,0.3645,0.5280,0.0283,0.0841
2,9,11,6,0.1859,0.3485,0.5718,0.0324,0.0871
2,9,11,7,0.1352,0.2902,0.5509,-0.0023,0.0742
2,9,11,8,0.2208,0.5752,0.7402,0.0613,0.0912
2,9,11,9,0.2319,0.5343,0.5770,0.0502,0.1007
2,9,11,10,0.2109,0.3851,0.5757,0.0638,0.0852
2,9,11,11,0.1344,0.2832,0.5739,0.0051,0.0702
2,10,0,0,0.3824,0.5945,0.5629,-0.0197,0.0751
2,10,0,1,0.4170,0.6209,0.9217,0.1994,0.0471
2,10,0,2,0.5612,0.6200,0.9954,0.4483,0.0226
2,10,0,3,0.2442,0.5017,0.9815,0.0501,0.0197
2,10,0,4,0.4537,0.5797,0.7903,0.2237,0.0614
2,10,0,5,0.3921,0.5354,0.9455,0.1684,0.0491
2,10,0,6,0.3404,0.6051,0.6619,-0.0183,0.0677
2,10,0,7,0.6742,0.7067,0.9107,0.5668,0.0467
2,10,0,8,0.3561,0.5943,0.7492,0.0401,0.0610
2,10,0,9,0.7035,0.8020,0.9557,0.6096,0.0388
2,10,0,10,0.2911,0.4427,0.9849,0.1283,0.0152
2,10,0,11,0.6655,0.7255,0.9839,0.5612,0.0369
2,10,1,0,0.6492,0.6740,0.9653,0.5417,0.0302
2,10,1,1,0.5626,0.6715,0.9868,0.4601,0.0161
2,10,1,2,0.8509,0.8311,0.9874,0.8105,0.0252
2,10,1,3,0.8463,0.8362,0.9323,0.8103,0.0419
2,10,1,4,0.5364,0.6510,0.9748,0.4442,0.0221
2,10,1,5,0.6660,0.6902,0.9677,0.5645,0.0291
2,10,1,6,0.7448,0.6682,0.9531,0.7139,0.0494
2,10,1,7,0.7803,0.7511,0.9903,0.7298,0.0090
2,10,1,8,0.6601,0.7007,0.8830,0.5463,0.0450
2,10,1,9,0.6254,0.7028,0.9887,0.5196,0.0205
2,10,1,10,0.7342,0.7426,0.9800,0.6576,0.0297
2,10,1,11,0.4426,0.5723,0.9838,0.2617,0.0307
2,10,2,0,0.2820,0.3801,0.9489,0.1791,0.0570
2,10,2,1,0.7144,0.6950,0.9683,0.6540,0.0164
2,10,2,2,0.8268,0.7985,0.9893,0.7912,0.0142
2,10,2,3,0.7497,0.7373,0.9906,0.6830,0.0162
2,10,2,4,0.7145,0.7430,0.9676,0.6281,0.0295
2,10,2,5,0.6484,0.7242,0.9257,0.5322,0.0416
2,10,2,6,0.3546,0.5558,0.9927,0.1645,0.0283
2,10,2,7,0.8436,0.8328,0.9381,0.8017,0.0368
2,10,2,8,0.6666,0.6756,0.9701,0.5647,0.0368
2,10,2,9,0.2742,0.3793,0.9497,0.1686,0.0551
2,10,2,10,1.0000,1.0000,1.0000,1.0000,0.0000
2,10,2,11,0.7222,0.7837,0.9847,0.6441,0.0330
2,10,3,0,0.4938,0.5807,0.9877,0.3662,0.0404
2,10,3,1,0.5400,0.6174,0.9322,0.3779,0.0430
2,10,3,2,0.4031,0.6144,0.9593,0.2033,0.0369
2,10,3,3,0.5078,0.6443,0.9542,0.3417,0.0398
2,10,3,4,0.4929,0.5673,0.9124,0.3122,0.0445
2,10,3,5,0.4674,0.5937,0.9835,0.3627,0.0272
2,10,3,6,0.5445,0.6480,0.9124,0.3854,0.0424
2,10,3,7,0.6352,0.6928,0.9397,0.5163,0.0380
2,10,3,8,0.6493,0.7338,0.9757,0.5406,0.0339
2,10,3,9,0.5129,0.6764,0.9790,0.4164,0.0250
2,10,3,10,0.4558,0.6134,0.9843,0.2999,0.0238
2,10,3,11,0.5421,0.6166,0.9826,0.4109,0.0312
2,10,4,0,0.2015,0.4426,0.9916,0.0173,0.0152
2,10,4,1,0.1978,0.4870,0.9276,-0.1104,0.0422
2,10,4,2,0.1928,0.4286,0.9942,-0.0217,0.0170
2,10,4,3,0.1034,0.2552,0.9564,-0.0422,0.0441
2,10,4,4,0.1788,0.5543,0.9636,-0.0786,0.0365
2,10,4,5,0.1663,0.3811,0.9644,-0.0158,0.0172
2,10,4,6,0.1494,0.4181,0.9933,-0.0421,0.0135
2,10,4,7,0.1313,0.3231,0.9737,-0.0353,0.0256
2,10,4,8,0.1493,0.3550,0.9780,-0.0440,0.0140
2,10,4,9,0.2218,0.4028,0.9853,0.0045,0.0188
2,10,4,10,0.1900,0.3888,0.9906,-0.0099,0.0236
2,10,4,11,0.1172,0.4243,0.9879,-0.0621,0.0240
2,10,5,0,0.1239,0.3375,0.9671,-0.0595,0.0172
2,10,5,1,0.1063,0.2544,0.9585,-0.0436,0.0417
2,10,5,2,0.2241,0.4859,0.9878,0.0155,0.0199
2,10,5,3,0.1511,0.3754,0.9911,-0.0528,0.0144
2,10,5,4,0.1700,0.4198,0.9771,-0.0556,0.0150
2,10,5,5,0.1168,0.2701,0.9627,-0.0348,0.0400
2,10,5,6,0.1185,0.2778,0.9636,-0.0383,0.0348
2,10,5,7,0.1387,0.3171,0.9678,-0.0263,0.0230
2,10,5,8,0.1346,0.3899,0.9901,-0.0941,0.0217
2,10,5,9,0.1681,0.4088,0.9878,-0.0032,0.0247
2,10,5,10,0.1473,0.4180,0.9929,-0.0626,0.0193
2,10,5,11,0.1500,0.3293,0.9850,-0.0218,0.0213
2,10,6,0,0.0783,0.2907,0.9702,-0.0867,0.0336
2,10,6,1,0.1490,0.4087,0.9888,-0.0740,0.0219
2,10,6,2,0.1485,0.3439,0.9912,-0.0483,0.0107
2,10,6,3,0.1081,0.3045,0.9721,-0.0604,0.0297
2,10,6,4,0.1151,0.3712,0.9869,-0.0793,0.0155
2,10,6,5,0.1577,0.3980,0.9845,-0.0349,0.0202
2,10,6,6,0.1420,0.3741,0.9857,-0.0576,0.0198
2,10,6,7,0.1663,0.4253,0.9798,-0.0882,0.0280
2,10,6,8,0.3346,0.5080,0.9918,0.1676,0.0135
2,10,6,9,0.1582,0.3532,0.9685,-0.0424,0.0153
2,10,6,10,0.1147,0.3489,0.9787,-0.0640,0.0220
2,10,6,11,0.1072,0.3914,0.9845,-0.0820,0.0258
2,10,7,0,0.1651,0.4218,0.9757,-0.0505,0.0183
2,10,7,1,0.1233,0.3446,0.9834,-0.0719,0.0157
2,10,7,2,0.1441,0.3892,0.9916,-0.0428,0.0177
2,10,7,3,0.1159,0.2726,0.9615,-0.0467,0.0321
2,10,7,4,0.1150,0.3666,0.9786,-0.0614,0.0255
2,10,7,5,0.2319,0.4707,0.9768,0.0040,0.0288
2,10,7,6,0.1220,0.2626,0.9576,-0.0275,0.0409
2,10,7,7,0.0854,0.2575,0.9644,-0.0641,0.0456
2,10,7,8,0.2501,0.4315,0.9318,0.0561,0.0222
2,10,7,9,0.1199,0.3023,0.9763,-0.0584,0.0208
2,10,7,10,0.1366,0.3585,0.9790,-0.0298,0.0257
2,10,7,11,0.0930,0.3152,0.9773,-0.0704,0.0324
2,10,8,0,0.2176,0.3843,0.9785,0.0508,0.0147
2,10,8,1,0.1954,0.3797,0.9764,-0.0046,0.0064
2,10,8,2,0.1001,0.2362,0.9535,-0.0422,0.0506
2,10,8,3,0.1376,0.3461,0.9785,-0.0640,0.0128
2,10,8,4,0.0992,0.3257,0.9815,-0.0819,0.0198
2,10,8,5,0.1195,0.3054,0.9740,-0.0460,0.0266
2,10,8,6,0.1071,0.2546,0.9593,-0.0481,0.0387
2,10,8,7,0.1787,0.5772,0.8795,-0.1543,0.0524
2,10,8,8,0.2119,0.5218,0.8993,-0.0701,0.0441
2,10,8,9,0.2146,0.3799,0.9888,0.0023,0.0251
2,10,8,10,0.1291,0.3137,0.9771,-0.0422,0.0240
2,10,8,11,0.2436,0.4097,0.9764,0.0480,0.0273
2,10,9,0,0.1456,0.3911,0.9944,-0.0628,0.0181
2,10,9,1,0.4320,0.5870,0.9913,0.2860,0.0188
2,10,9,2,0.4179,0.5590,0.9406,0.2294,0.0316
2,10,9,3,0.1798,0.3805,0.9687,-0.0155,0.0086
2,10,9,4,0.1743,0.3470,0.9771,-0.0104,0.0116
2,10,9,5,0.2247,0.5207,0.9189,-0.0516,0.0361
2,10,9,6,0.1754,0.3156,0.9629,0.0210,0.0291
2,10,9,7,0.1254,0.2800,0.9666,-0.0308,0.0331
2,10,9,8,0.3856,0.5657,0.8848,0.1446,0.0487
2,10,9,9,0.1164,0.2456,0.9574,-0.0321,0.0447
2,10,9,10,0.2941,0.4715,0.9419,0.0358,0.0427
2,10,9,11,0.4369,0.5573,0.9826,0.2663,0.0255
2,10,10,0,0.5822,0.6382,0.6952,0.4216,0.0584
2,10,10,1,0.1550,0.4600,0.8993,-0.0810,0.0341
2,10,10,2,0.4453,0.5602,0.8708,0.2325,0.0472
2,10,10,3,0.2646,0.4830,0.7681,0.0300,0.0343
2,10,10,4,0.4978,0.6023,0.8949,0.3420,0.0318
2,10,10,5,0.1537,0.4337,0.8599,-0.1069,0.0264
2,10,10,6,0.4031,0.5155,0.8875,0.2256,0.0344
2,10,10,7,0.3895,0.5438,0.7334,0.1429,0.0486
2,10,10,8,0.2089,0.4316,0.7204,-0.0285,0.0344
2,10,10,9,0.1700,0.4664,0.8744,-0.0963,0.0411
2,10,10,10,0.5388,0.6538,0.9940,0.4121,0.0305
2,10,10,11,0.2639,0.5729,0.7922,-0.0804,0.0544
2,10,11,0,0.1881,0.3972,0.7444,-0.0243,0.0389
2,10,11,1,0.1677,0.4023,0.7474,-0.0548,0.0374
2,10,11,2,0.1961,0.4710,0.7540,-0.1270,0.0430
2,10,11,3,0.1618,0.3973,0.7313,-0.0633,0.0374
2,10,11,4,0.1615,0.4062,0.7409,-0.0815,0.0332
2,10,11,5,0.1728,0.4313,0.7356,-0.0759,0.0343
2,10,11,6,0.2536,0.4473,0.7704,0.0152,0.0350
2,10,11,7,0.1442,0.3864,0.7266,-0.0802,0.0385
2,10,11,8,0.1894,0.4712,0.9080,-0.1016,0.0393
2,10,11,9,0.2586,0.4961,0.7951,-0.0581,0.0474
2,10,11,10,0.1779,0.4209,0.7708,-0.0854,0.0303
2,10,11,11,0.1246,0.3725,0.7372,-0.0900,0.0408
2,11,0,0,0.4024,0.6614,0.6652,-0.1069,0.0500
2,11,0,1,0.4842,0.6754,0.9598,0.2489,0.0191
2,11,0,2,0.5948,0.6858,0.9807,0.4720,0.0332
2,11,0,3,0.4071,0.5698,0.9625,0.2272,0.0337
2,11,0,4,0.5322,0.6914,0.8643,0.2887,0.0355
2,11,0,5,0.3891,0.6026,0.9707,0.1139,0.0191
2,11,0,6,0.3832,0.6661,0.7507,-0.0315,0.0379
2,11,0,7,0.6453,0.7462,0.9555,0.4829,0.0213
2,11,0,8,0.5128,0.6889,0.8257,0.2341,0.0319
2,11,0,9,0.5863,0.7999,0.9846,0.4048,0.0166
2,11,0,10,0.4063,0.4776,0.9549,0.2469,0.0353
2,11,0,11,0.7487,0.7803,0.9934,0.6504,0.0113
2,11,1,0,0.6234,0.7040,0.9652,0.4794,0.0268
2,11,1,1,0.6469,0.7439,0.9660,0.5518,0.0358
2,11,1,2,0.7082,0.7896,0.9919,0.6087,0.0120
2,11,1,3,0.7997,0.8644,0.9758,0.7187,0.0145
2,11,1,4,0.6275,0.7615,0.9454,0.5460,0.0450
2,11,1,5,0.8271,0.8507,0.9863,0.7623,0.0168
2,11,1,6,0.7566,0.7076,0.9119,0.7329,0.0757
2,11,1,7,0.8109,0.8392,0.9796,0.7636,0.0341
2,11,1,8,0.7092,0.7905,0.9356,0.5808,0.0221
2,11,1,9,0.5481,0.7543,0.9917,0.3942,0.0173
2,11,1,10,0.8034,0.8466,0.9930,0.7329,0.0095
2,11,1,11,0.4168,0.5980,0.9909,0.1867,0.0180
2,11,2,0,0.3913,0.4475,0.9081,0.2966,0.0832
2,11,2,1,0.6449,0.7179,0.9518,0.5602,0.0446
2,11,2,2,0.7176,0.8021,0.9705,0.6529,0.0395
2,11,2,3,0.7970,0.8201,0.9910,0.7326,0.0247
2,11,2,4,0.8217,0.8560,0.9899,0.7538,0.0141
2,11,2,5,0.8664,0.8889,0.9698,0.8162,0.0156
2,11,2,6,0.3816,0.5913,0.9835,0.1640,0.0214
2,11,2,7,0.8712,0.8922,0.9738,0.8226,0.0141
2,11,2,8,0.8228,0.8397,0.9956,0.7559,0.0159
2,11,2,9,0.3749,0.4432,0.9094,0.2751,0.0813
2,11,2,10,0.7222,0.7837,0.9847,0.6441,0.0330
2,11,2,11,1.0000,1.0000,1.0000,1.0000,0.0000
2,11,3,0,0.5412,0.6573,0.9737,0.4053,0.0520
2,11,3,1,0.6314,0.7314,0.9685,0.4705,0.0164
2,11,3,2,0.4129,0.6774,0.9873,0.1745,0.0165
2,11,3,3,0.6527,0.7195,0.9767,0.5099,0.0256
2,11,3,4,0.4927,0.6465,0.9613,0.2678,0.0164
2,11,3,5,0.5983,0.6867,0.9526,0.5113,0.0540
2,11,3,6,0.5347,0.7068,0.9520,0.3299,0.0253
2,11,3,7,0.7511,0.8225,0.9706,0.6500,0.0187
2,11,3,8,0.6881,0.8069,0.9881,0.5672,0.0139
2,11,3,9,0.6743,0.7459,0.9503,0.6052,0.0487
2,11,3,10,0.5167,0.6418,0.9829,0.3511,0.0256
2,11,3,11,0.6857,0.7490,0.9860,0.5774,0.0191
2,11,4,0,0.1801,0.4643,0.9788,-0.0432,0.0343
2,11,4,1,0.2753,0.5443,0.9697,-0.0575,0.0159
2,11,4,2,0.2642,0.4752,0.9875,0.0325,0.0186
2,11,4,3,0.1367,0.2547,0.9134,-0.0270,0.0719
2,11,4,4,0.1993,0.6227,0.9895,-0.0996,0.0146
2,11,4,5,0.2220,0.3736,0.9505,0.0222,0.0374
2,11,4,6,0.1658,0.4289,0.9787,-0.0560,0.0332
2,11,4,7,0.1773,0.3318,0.9442,-0.0076,0.0534
2,11,4,8,0.2113,0.3715,0.9633,0.0000,0.0325
2,11,4,9,0.2655,0.4532,0.9889,0.0220,0.0177
2,11,4,10,0.1788,0.4411,0.9859,-0.0609,0.0218
2,11,4,11,0.1568,0.4646,0.9620,-0.0448,0.0507
2,11,5,0,0.1886,0.3411,0.9475,-0.0111,0.0430
2,11,5,1,0.1401,0.2517,0.9198,-0.0285,0.0685
2,11,5,2,0.2541,0.5079,0.9884,0.0162,0.0152
2,11,5,3,0.1551,0.4203,0.9845,-0.0849,0.0240
2,11,5,4,0.2155,0.4464,0.9747,-0.0375,0.0195
2,11,5,5,0.1487,0.2733,0.9244,-0.0222,0.0662
2,11,5,6,0.1578,0.2762,0.9283,-0.0176,0.0641
2,11,5,7,0.1621,0.3147,0.9376,-0.0264,0.0468
2,11,5,8,0.2215,0.4275,0.9909,-0.0222,0.0142
2,11,5,9,0.2057,0.4168,0.9635,0.0137,0.0491
2,11,5,10,0.1860,0.4609,0.9811,-0.0510,0.0338
2,11,5,11,0.1795,0.3659,0.9624,-0.0154,0.0436
2,11,6,0,0.1187,0.3306,0.9374,-0.0665,0.0529
2,11,6,1,0.1889,0.4616,0.9928,-0.0629,0.0132
2,11,6,2,0.1730,0.3656,0.9700,-0.0528,0.0314
2,11,6,3,0.1622,0.3104,0.9414,-0.0233,0.0561
2,11,6,4,0.1518,0.3938,0.9689,-0.0681,0.0392
2,11,6,5,0.2337,0.4078,0.9627,0.0271,0.0325
2,11,6,6,0.2012,0.3858,0.9674,-0.0180,0.0350
2,11,6,7,0.2186,0.4639,0.9959,-0.0651,0.0111
2,11,6,8,0.3367,0.5609,0.9789,0.1402,0.0343
2,11,6,9,0.1843,0.3783,0.9554,-0.0454,0.0332
2,11,6,10,0.1629,0.3742,0.9562,-0.0358,0.0489
2,11,6,11,0.1635,0.4103,0.9558,-0.0452,0.0519
2,11,7,0,0.1710,0.4495,0.9707,-0.0826,0.0193
2,11,7,1,0.2073,0.3944,0.9718,-0.0006,0.0335
2,11,7,2,0.1848,0.4058,0.9674,-0.0249,0.0438
2,11,7,3,0.1649,0.2746,0.9259,-0.0149,0.0594
2,11,7,4,0.1603,0.3843,0.9512,-0.0364,0.0520
2,11,7,5,0.2456,0.5133,0.9967,-0.0209,0.0100
2,11,7,6,0.1785,0.2682,0.9185,0.0155,0.0671
2,11,7,7,0.1305,0.2521,0.9174,-0.0356,0.0729
2,11,7,8,0.2959,0.4265,0.9045,0.0803,0.0294
2,11,7,9,0.1680,0.3258,0.9490,-0.0301,0.0491
2,11,7,10,0.1817,0.3440,0.9474,-0.0033,0.0530
2,11,7,11,0.1373,0.3172,0.9398,-0.0450,0.0608
2,11,8,0,0.2508,0.4168,0.9547,0.0634,0.0417
2,11,8,1,0.2239,0.3828,0.9603,-0.0042,0.0339
2,11,8,2,0.1314,0.2331,0.9116,-0.0291,0.0770
2,11,8,3,0.1826,0.3554,0.9567,-0.0432,0.0322
2,11,8,4,0.1335,0.3562,0.9576,-0.0717,0.0462
2,11,8,5,0.1595,0.3181,0.9421,-0.0258,0.0537
2,11,8,6,0.1435,0.2575,0.9224,-0.0309,0.0655
2,11,8,7,0.2260,0.6413,0.9362,-0.1495,0.0230
2,11,8,8,0.2062,0.5907,0.9471,-0.1344,0.0145
2,11,8,9,0.2424,0.4062,0.9882,-0.0006,0.0163
2,11,8,10,0.1634,0.3184,0.9458,-0.0299,0.0448
2,11,8,11,0.2268,0.4390,0.9664,-0.0100,0.0203
2,11,9,0,0.1755,0.4001,0.9783,-0.0624,0.0345
2,11,9,1,0.4255,0.6525,0.9818,0.2510,0.0326
2,11,9,2,0.3706,0.5855,0.9564,0.1236,0.0181
2,11,9,3,0.2303,0.3851,0.9453,0.0139,0.0343
2,11,9,4,0.2257,0.3595,0.9565,0.0219,0.0384
2,11,9,5,0.2523,0.5256,0.9580,-0.0671,0.0154
2,11,9,6,0.2004,0.3179,0.9262,0.0253,0.0566
2,11,9,7,0.1471,0.2774,0.9324,-0.0315,0.0610
2,11,9,8,0.3657,0.6130,0.9290,0.0587,0.0203
2,11,9,9,0.1538,0.2480,0.9180,-0.0122,0.0718
2,11,9,10,0.3178,0.4986,0.9784,0.0166,0.0150
2,11,9,11,0.4285,0.5885,0.9856,0.2201,0.0249
2,11,10,0,0.4762,0.6569,0.7647,0.1759,0.0296
2,11,10,1,0.2197,0.4636,0.8683,-0.0391,0.0366
2,11,10,2,0.4092,0.5924,0.8836,0.1256,0.0224
2,11,10,3,0.3731,0.4848,0.7439,0.1340,0.0321
2,11,10,4,0.3780,0.6102,0.8858,0.1436,0.0296
2,11,10,5,0.2192,0.4378,0.8362,-0.0668,0.0270
2,11,10,6,0.3165,0.4929,0.8601,0.0728,0.0291
2,11,10,7,0.4330,0.5498,0.7541,0.1518,0.0262
2,11,10,8,0.2714,0.4111,0.6978,0.0110,0.0394
2,11,10,9,0.2200,0.4788,0.8574,-0.0780,0.0364
2,11,10,10,0.3966,0.6562,0.9892,0.1989,0.0288
2,11,10,11,0.3246,0.6159,0.8556,-0.0567,0.0264
2,11,11,0,0.2822,0.3726,0.6919,0.0597,0.0516
2,11,11,1,0.2723,0.3806,0.6993,0.0417,0.0506
2,11,11,2,0.2923,0.4874,0.7676,-0.0472,0.0194
2,11,11,3,0.2358,0.3683,0.6829,-0.0075,0.0484
2,11,11,4,0.2546,0.3807,0.7002,-0.0021,0.0419
2,11,11,5,0.2519,0.4161,0.7093,-0.0157,0.0428
2,11,11,6,0.3397,0.4426,0.7440,0.0877,0.0340
2,11,11,7,0.2299,0.3489,0.6737,-0.0092,0.0529
2,11,11,8,0.2711,0.4955,0.9135,-0.0413,0.0181
2,11,11,9,0.3196,0.5411,0.8189,-0.0305,0.0219
2,11,11,10,0.2487,0.3999,0.7434,-0.0379,0.0294
2,11,11,11,0.2071,0.3324,0.6769,-0.0227,0.0587
3,0,0,0,0.4468,0.5366,0.4998,0.1099,0.0930
3,0,0,1,0.2741,0.5605,0.8761,-0.0151,0.0640
3,0,0,2,0.4114,0.5849,0.9806,0.2549,0.0200
3,0,0,3,0.2101,0.5047,0.9656,0.0008,0.0238
3,0,0,4,0.5134,0.5871,0.7382,0.3067,0.0806
3,0,0,5,0.3002,0.5633,0.9042,0.0288,0.0603
3,0,0,6,0.3827,0.5511,0.5982,0.0432,0.0789
3,0,0,7,0.5275,0.5982,0.8655,0.3430,0.0564
3,0,0,8,0.2868,0.5694,0.6901,-0.0913,0.0711
3,0,0,9,0.5059,0.6543,0.9222,0.3225,0.0562
3,0,0,10,0.2745,0.5126,0.9673,0.1027,0.0289
3,0,0,11,0.4404,0.6474,0.9588,0.2499,0.0518
3,0,1,0,0.5205,0.7896,0.9302,0.3640,0.0308
3,0,1,1,0.4213,0.6356,0.9831,0.2814,0.0284
3,0,1,2,0.4564,0.6349,0.9598,0.2960,0.0476
3,0,1,3,0.5652,0.6745,0.9076,0.4087,0.0580
3,0,1,4,0.4001,0.5704,0.9760,0.2766,0.0378
3,0,1,5,0.7107,0.7616,0.9570,0.6197,0.0398
3,0,1,6,0.5446,0.6091,0.9784,0.4784,0.0685
3,0,1,7,0.6001,0.7140,0.9992,0.5052,0.0383
3,0,1,8,0.7644,0.8035,0.8540,0.6926,0.0525
3,0,1,9,0.6777,0.7543,0.9919,0.5836,0.0412
3,0,1,10,0.5169,0.6313,0.9563,0.3680,0.0512
3,0,1,11,0.5562,0.5998,0.9584,0.4088,0.0392
3,0,2,0,0.1589,0.4185,0.9427,0.0321,0.0761
3,0,2,1,0.4705,0.6742,0.9878,0.3540,0.0348
3,0,2,2,0.5851,0.6771,0.9988,0.4952,0.0447
3,0,2,3,0.7045,0.7927,0.9917,0.6227,0.0347
3,0,2,4,0.6859,0.7541,0.9500,0.5850,0.0424
3,0,2,5,0.6230,0.7182,0.9046,0.4900,0.0595
3,0,2,6,0.5835,0.6009,0.9666,0.4578,0.0332
3,0,2,7,0.5382,0.6538,0.9103,0.3841,0.0595
3,0,2,8,0.6468,0.6986,0.9484,0.5334,0.0447
3,0,2,9,0.1586,0.4209,0.9437,0.0301,0.0742
3,0,2,10,0.4938,0.5807,0.9877,0.3662,0.0404
3,0,2,11,0.5412,0.6573,0.9737,0.4053,0.0520
3,0,3,0,1.0000,1.0000,1.0000,1.0000,0.0000
3,0,3,1,0.7678,0.8238,0.9080,0.6954,0.0540
3,0,3,2,0.7884,0.8142,0.9349,0.7233,0.0448
3,0,3,3,0.6785,0.7564,0.9324,0.5711,0.0404
3,0,3,4,0.6523,0.6855,0.8796,0.5310,0.0568
3,0,3,5,0.3483,0.5884,0.9791,0.2158,0.0336
3,0,3,6,0.8935,0.8966,0.8953,0.8736,0.0422
3,0,3,7,0.7877,0.8246,0.9186,0.7225,0.0431
3,0,3,8,0.6407,0.7494,0.9473,0.5240,0.0442
3,0,3,9,0.4671,0.6508,0.9818,0.3585,0.0346
3,0,3,10,0.5383,0.6683,0.9609,0.4019,0.0286
3,0,3,11,0.5571,0.6825,0.9815,0.4257,0.0397
3,0,4,0,0.7150,0.8315,0.9992,0.6477,0.0324
3,0,4,1,0.5640,0.7062,0.8913,0.4037,0.0572
3,0,4,2,0.7562,0.8036,0.9882,0.6896,0.0461
3,0,4,3,0.7955,0.7933,0.9797,0.7718,0.0632
3,0,4,4,0.4891,0.6720,0.9342,0.3260,0.0472
3,0,4,5,0.5553,0.6643,0.9880,0.4560,0.0327
3,0,4,6,0.6796,0.7858,0.9976,0.6059,0.0361
3,0,4,7,0.7094,0.7872,0.9840,0.6560,0.0454
3,0,4,8,0.7465,0.7654,0.9905,0.6879,0.0415
3,0,4,9,0.8105,0.8401,0.9886,0.7569,0.0381
3,0,4,10,0.6741,0.7552,0.9978,0.5911,0.0363
3,0,4,11,0.6864,0.8057,0.9967,0.6233,0.0323
3,0,5,0,0.6570,0.7542,0.9906,0.5848,0.0391
3,0,5,1,0.7911,0.8002,0.9808,0.7643,0.0601
3,0,5,2,0.7485,0.8242,0.9740,0.6790,0.0457
3,0,5,3,0.7026,0.8052,0.9985,0.6290,0.0405
3,0,5,4,0.7905,0.8239,0.9740,0.7322,0.0396
3,0,5,5,0.7987,0.8028,0.9847,0.7715,0.0588
3,0,5,6,0.7646,0.7963,0.9818,0.7281,0.0510
3,0,5,7,0.7195,0.7866,0.9899,0.6683,0.0436
3,0,5,8,0.6252,0.7054,0.9818,0.5232,0.0460
3,0,5,9,0.4695,0.6866,0.9926,0.3582,0.0296
3,0,5,10,0.6054,0.7213,0.9931,0.5052,0.0228
3,0,5,11,0.7237,0.7429,0.9977,0.6689,0.0441
3,0,6,0,0.7259,0.7743,0.9859,0.6817,0.0518
3,0,6,1,0.6062,0.7070,0.9893,0.4998,0.0447
3,0,6,2,0.6724,0.7133,0.9982,0.5948,0.0379
3,0,6,3,0.7102,0.7692,0.9870,0.6583,0.0437
3,0,6,4,0.7261,0.8238,0.9926,0.6652,0.0303
3,0,6,5,0.6358,0.7649,0.9884,0.5504,0.0283
3,0,6,6,0.6631,0.7720,0.9923,0.5826,0.0310
3,0,6,7,0.6909,0.7884,0.9691,0.5964,0.0427
3,0,6,8,0.8813,0.8974,0.9985,0.8506,0.0283
3,0,6,9,0.6188,0.7152,0.9903,0.5253,0.0305
3,0,6,10,0.7136,0.7872,0.9917,0.6569,0.0387
3,0,6,11,0.5076,0.6507,0.9822,0.4012,0.0260
3,0,7,0,0.6937,0.8287,0.9850,0.6122,0.0378
3,0,7,1,0.6322,0.6949,0.9974,0.5485,0.0385
3,0,7,2,0.7601,0.8280,0.9968,0.7075,0.0324
3,0,7,3,0.7842,0.8001,0.9849,0.7492,0.0499
3,0,7,4,0.6298,0.7556,0.9866,0.5564,0.0328
3,0,7,5,0.6323,0.7572,0.9703,0.5213,0.0434
3,0,7,6,0.7948,0.7930,0.9813,0.7673,0.0596
3,0,7,7,0.7247,0.7266,0.9793,0.6877,0.0641
3,0,7,8,0.6045,0.7250,0.9103,0.4990,0.0248
3,0,7,9,0.6839,0.7386,0.9920,0.6205,0.0388
3,0,7,10,0.5317,0.6916,0.9846,0.4414,0.0409
3,0,7,11,0.6848,0.7409,0.9897,0.6320,0.0491
3,0,8,0,0.8191,0.8438,0.9954,0.7813,0.0396
3,0,8,1,0.8123,0.8282,0.9783,0.7642,0.0418
3,0,8,2,0.7886,0.7846,0.9783,0.7656,0.0699
3,0,8,3,0.7632,0.7744,0.9785,0.7065,0.0336
3,0,8,4,0.7549,0.8049,0.9964,0.7072,0.0473
3,0,8,5,0.7623,0.8059,0.9922,0.7213,0.0462
3,0,8,6,0.7947,0.7943,0.9840,0.7659,0.0582
3,0,8,7,0.4818,0.7111,0.8382,0.2782,0.0655
3,0,8,8,0.5942,0.7839,0.8699,0.4529,0.0578
3,0,8,9,0.6941,0.7361,0.9893,0.6091,0.0407
3,0,8,10,0.7114,0.7877,0.9927,0.6563,0.0422
3,0,8,11,0.6739,0.7420,0.9779,0.5869,0.0363
3,0,9,0,0.7340,0.8049,0.9927,0.6671,0.0238
3,0,9,1,0.8760,0.9083,0.9985,0.8432,0.0240
3,0,9,2,0.6697,0.7891,0.9170,0.5630,0.0383
3,0,9,3,0.7623,0.7838,0.9744,0.7041,0.0346
3,0,9,4,0.7750,0.8196,0.9920,0.7241,0.0377
3,0,9,5,0.6453,0.7729,0.8937,0.5244,0.0533
3,0,9,6,0.8423,0.8386,0.9853,0.8176,0.0482
3,0,9,7,0.7623,0.7802,0.9878,0.7252,0.0494
3,0,9,8,0.6819,0.7258,0.8387,0.5711,0.0589
3,0,9,9,0.7964,0.7909,0.9817,0.7703,0.0643
3,0,9,10,0.6125,0.7435,0.9336,0.4758,0.0538
3,0,9,11,0.8260,0.8858,0.9774,0.7747,0.0289
3,0,10,0,0.6465,0.6466,0.6402,0.5178,0.0698
3,0,10,1,0.3736,0.6792,0.8494,0.1933,0.0167
3,0,10,2,0.5596,0.7180,0.8142,0.3914,0.0509
3,0,10,3,0.6067,0.6461,0.7217,0.4805,0.0279
3,0,10,4,0.6251,0.6964,0.8721,0.5062,0.0304
3,0,10,5,0.3777,0.6685,0.8101,0.1813,0.0287
3,0,10,6,0.4584,0.6868,0.8406,0.2921,0.0259
3,0,10,7,0.6329,0.6682,0.6791,0.4974,0.0515
3,0,10,8,0.6745,0.6429,0.6752,0.5758,0.0192
3,0,10,9,0.5026,0.6568,0.8218,0.3409,0.0298
3,0,10,10,0.6553,0.7154,0.9839,0.5576,0.0269
3,0,10,11,0.2993,0.6470,0.7454,-0.0372,0.0655
3,0,11,0,0.5443,0.5874,0.7048,0.4213,0.0141
3,0,11,1,0.5621,0.5748,0.7103,0.4415,0.0171
3,0,11,2,0.5001,0.5816,0.7087,0.3058,0.0538
3,0,11,3,0.5591,0.5735,0.6934,0.4371,0.0166
3,0,11,4,0.5555,0.5701,0.7005,0.4236,0.0220
3,0,11,5,0.6007,0.5854,0.6948,0.4787,0.0208
3,0,11,6,0.5879,0.6163,0.7306,0.4552,0.0264
3,0,11,7,0.5132,0.5852,0.6822,0.3816,0.0156
3,0,11,8,0.5250,0.5856,0.8689,0.3564,0.0446
3,0,11,9,0.5031,0.6065,0.7433,0.3002,0.0589
3,0,11,10,0.5178,0.5786,0.7241,0.3614,0.0295
3,0,11,11,0.5010,0.5768,0.6973,0.3749,0.0137
3,1,0,0,0.5848,0.7125,0.8153,0.1100,0.0397
3,1,0,1,0.4304,0.7286,0.9841,0.0716,0.0125
3,1,0,2,0.4984,0.6238,0.9240,0.3055,0.0396
3,1,0,3,0.3475,0.5687,0.9194,0.0904,0.0389
3,1,0,4,0.6469,0.7835,0.9490,0.3819,0.0267
3,1,0,5,0.4465,0.7405,0.9852,0.1068,0.0117
3,1,0,6,0.4784,0.6953,0.8770,-0.0195,0.0275
3,1,0,7,0.6647,0.7648,0.9784,0.4409,0.0116
3,1,0,8,0.5333,0.7192,0.9263,0.1358,0.0200
3,1,0,9,0.4970,0.6934,0.9857,0.1898,0.0115
3,1,0,10,0.5217,0.6234,0.8820,0.3666,0.0455
3,1,0,11,0.6050,0.7020,0.9559,0.3948,0.0097
3,1,1,0,0.5437,0.7827,0.9730,0.3114,0.0247
3,1,1,1,0.5496,0.6409,0.8765,0.4009,0.0432
3,1,1,2,0.5821,0.6974,0.9575,0.3995,0.0196
3,1,1,3,0.6311,0.7616,0.9941,0.4101,0.0108
3,1,1,4,0.4970,0.6080,0.8406,0.3616,0.0567
3,1,1,5,0.6945,0.7674,0.9896,0.5421,0.0175
3,1,1,6,0.5307,0.5489,0.8079,0.4565,0.0902
3,1,1,7,0.6314,0.7128,0.9236,0.5192,0.0462
3,1,1,8,0.7512,0.8258,0.9929,0.5868,0.0089
3,1,1,9,0.6161,0.7225,0.9531,0.4500,0.0227
3,1,1,10,0.6529,0.7264,0.9764,0.4926,0.0175
3,1,1,11,0.4459,0.5808,0.9463,0.1537,0.0159
3,1,2,0,0.4192,0.5087,0.7837,0.3194,0.0979
3,1,2,1,0.5302,0.6216,0.8558,0.3936,0.0552
3,1,2,2,0.5738,0.6533,0.8976,0.4556,0.0520
3,1,2,3,0.7192,0.7871,0.9541,0.6133,0.0300
3,1,2,4,0.7103,0.7836,0.9923,0.5609,0.0139
3,1,2,5,0.7277,0.8025,0.9975,0.5634,0.0095
3,1,2,6,0.4560,0.5635,0.9302,0.2051,0.0236
3,1,2,7,0.6990,0.7738,0.9980,0.5413,0.0125
3,1,2,8,0.7089,0.7646,0.9807,0.5621,0.0164
3,1,2,9,0.4208,0.5125,0.7854,0.3192,0.0960
3,1,2,10,0.5400,0.6174,0.9322,0.3779,0.0430
3,1,2,11,0.6314,0.7314,0.9685,0.4705,0.0164
3,1,3,0,0.7678,0.8238,0.9080,0.6954,0.0540
3,1,3,1,1.0000,1.0000,1.0000,1.0000,0.0000
3,1,3,2,0.6745,0.8233,0.9942,0.4980,0.0119
3,1,3,3,0.7968,0.8350,0.9965,0.6827,0.0199
3,1,3,4,0.6910,0.7322,0.9919,0.5029,0.0104
3,1,3,5,0.4525,0.5922,0.8574,0.3037,0.0632
3,1,3,6,0.7815,0.8690,0.9961,0.6489,0.0194
3,1,3,7,0.8074,0.8688,0.9990,0.6977,0.0124
3,1,3,8,0.7150,0.7840,0.9842,0.5681,0.0132
3,1,3,9,0.5223,0.6025,0.8494,0.3973,0.0577
3,1,3,10,0.6408,0.7406,0.9205,0.4849,0.0274
3,1,3,11,0.7016,0.7436,0.9572,0.5732,0.0227
3,1,4,0,0.6440,0.7697,0.9216,0.5372,0.0429
3,1,4,1,0.5175,0.7861,0.9869,0.2177,0.0096
3,1,4,2,0.5639,0.7650,0.9515,0.3920,0.0301
3,1,4,3,0.5889,0.6386,0.8213,0.5288,0.0861
3,1,4,4,0.5115,0.7841,0.9700,0.2711,0.0150
3,1,4,5,0.6394,0.7265,0.8752,0.5416,0.0480
3,1,4,6,0.6567,0.7649,0.9080,0.5598,0.0451
3,1,4,7,0.6013,0.6524,0.8414,0.5148,0.0658
3,1,4,8,0.6438,0.7489,0.9011,0.5399,0.0431
3,1,4,9,0.7274,0.8176,0.9557,0.6185,0.0277
3,1,4,10,0.5820,0.7212,0.9263,0.4352,0.0310
3,1,4,11,0.5533,0.7348,0.8824,0.4376,0.0598
3,1,5,0,0.6294,0.7246,0.8734,0.5362,0.0532
3,1,5,1,0.6237,0.6384,0.8185,0.5698,0.0823
3,1,5,2,0.6624,0.8205,0.9708,0.5316,0.0268
3,1,5,3,0.5587,0.7314,0.9242,0.4085,0.0358
3,1,5,4,0.6527,0.7925,0.9633,0.5151,0.0293
3,1,5,5,0.6240,0.6629,0.8337,0.5659,0.0812
3,1,5,6,0.6238,0.6382,0.8252,0.5592,0.0765
3,1,5,7,0.6086,0.7052,0.8472,0.5248,0.0610
3,1,5,8,0.5808,0.7721,0.9492,0.4177,0.0257
3,1,5,9,0.5566,0.6881,0.8795,0.4391,0.0576
3,1,5,10,0.6067,0.7071,0.9215,0.4709,0.0412
3,1,5,11,0.6160,0.7161,0.8887,0.5246,0.0560
3,1,6,0,0.4767,0.6680,0.8345,0.3597,0.0682
3,1,6,1,0.5149,0.7579,0.9340,0.3249,0.0270
3,1,6,2,0.5220,0.6467,0.9009,0.3656,0.0430
3,1,6,3,0.6145,0.6543,0.8428,0.5357,0.0667
3,1,6,4,0.5559,0.7020,0.8840,0.4244,0.0492
3,1,6,5,0.5935,0.7568,0.8746,0.4682,0.0429
3,1,6,6,0.6450,0.7456,0.8958,0.5369,0.0415
3,1,6,7,0.6449,0.7866,0.9706,0.4782,0.0172
3,1,6,8,0.6667,0.8254,0.9232,0.5521,0.0398
3,1,6,9,0.6127,0.6868,0.8955,0.4864,0.0410
3,1,6,10,0.6032,0.7003,0.8628,0.5074,0.0595
3,1,6,11,0.5303,0.6495,0.8613,0.3969,0.0608
3,1,7,0,0.6511,0.7880,0.9452,0.5239,0.0296
3,1,7,1,0.5424,0.7249,0.9011,0.4027,0.0436
3,1,7,2,0.6335,0.7434,0.9005,0.5335,0.0528
3,1,7,3,0.6387,0.6614,0.8354,0.5735,0.0718
3,1,7,4,0.6222,0.6933,0.8525,0.5359,0.0620
3,1,7,5,0.6875,0.8432,0.9800,0.5474,0.0175
3,1,7,6,0.6237,0.6473,0.8214,0.5668,0.0820
3,1,7,7,0.5354,0.6100,0.8239,0.4561,0.0872
3,1,7,8,0.6160,0.7652,0.9208,0.4732,0.0349
3,1,7,9,0.6111,0.6586,0.8666,0.5176,0.0606
3,1,7,10,0.5448,0.6798,0.8487,0.4366,0.0650
3,1,7,11,0.5416,0.6592,0.8517,0.4460,0.0743
3,1,8,0,0.6819,0.7830,0.8771,0.6052,0.0521
3,1,8,1,0.7019,0.7600,0.9335,0.6041,0.0420
3,1,8,2,0.6106,0.6217,0.8104,0.5624,0.0921
3,1,8,3,0.6827,0.7451,0.9103,0.5888,0.0419
3,1,8,4,0.5331,0.6889,0.8728,0.4120,0.0602
3,1,8,5,0.6044,0.6998,0.8532,0.5229,0.0671
3,1,8,6,0.6452,0.6582,0.8295,0.5924,0.0797
3,1,8,7,0.5140,0.8191,0.9835,0.1951,0.0119
3,1,8,8,0.6265,0.8553,0.9963,0.4117,0.0070
3,1,8,9,0.7222,0.7982,0.9413,0.6170,0.0258
3,1,8,10,0.6454,0.7241,0.8581,0.5703,0.0574
3,1,8,11,0.7325,0.8098,0.9486,0.6403,0.0290
3,1,9,0,0.6444,0.7742,0.9134,0.5263,0.0426
3,1,9,1,0.7048,0.8617,0.9288,0.6016,0.0372
3,1,9,2,0.6917,0.8381,0.9894,0.5320,0.0173
3,1,9,3,0.6699,0.7387,0.9187,0.5672,0.0435
3,1,9,4,0.6371,0.7181,0.9068,0.5339,0.0492
3,1,9,5,0.6779,0.8322,0.9986,0.4934,0.0130
3,1,9,6,0.6625,0.6876,0.8452,0.6022,0.0696
3,1,9,7,0.6347,0.6902,0.8350,0.5733,0.0738
3,1,9,8,0.5990,0.7751,0.9844,0.3330,0.0076
3,1,9,9,0.6254,0.6352,0.8216,0.5716,0.0860
3,1,9,10,0.6008,0.7896,0.9888,0.3624,0.0098
3,1,9,11,0.6987,0.8142,0.9712,0.5578,0.0251
3,1,10,0,0.7125,0.7727,0.8992,0.4836,0.0178
3,1,10,1,0.3978,0.7194,0.8999,0.1373,0.0376
3,1,10,2,0.6038,0.7855,0.9520,0.3420,0.0128
3,1,10,3,0.5447,0.6906,0.8322,0.3151,0.0297
3,1,10,4,0.5975,0.7858,0.9335,0.3980,0.0262
3,1,10,5,0.4434,0.7082,0.8927,0.1743,0.0272
3,1,10,6,0.4818,0.7528,0.9010,0.2397,0.0288
3,1,10,7,0.6453,0.7475,0.8782,0.4015,0.0171
3,1,10,8,0.6217,0.6706,0.7951,0.4472,0.0365
3,1,10,9,0.4515,0.7191,0.9129,0.1734,0.0303
3,1,10,10,0.5213,0.6597,0.9450,0.3205,0.0322
3,1,10,11,0.4547,0.7632,0.9555,0.0299,0.0140
3,1,11,0,0.5422,0.6423,0.7589,0.3645,0.0527
3,1,11,1,0.5316,0.6374,0.7697,0.3439,0.0501
3,1,11,2,0.5600,0.7257,0.8829,0.2732,0.0103
3,1,11,3,0.5291,0.6365,0.7576,0.3391,0.0488
3,1,11,4,0.5353,0.6497,0.7807,0.3283,0.0395
3,1,11,5,0.5696,0.6627,0.8042,0.3695,0.0401
3,1,11,6,0.5863,0.6948,0.8285,0.3780,0.0308
3,1,11,7,0.5075,0.6285,0.7462,0.3142,0.0530
3,1,11,8,0.5455,0.6724,0.9660,0.2835,0.0165
3,1,11,9,0.5476,0.7461,0.9239,0.2292,0.0085
3,1,11,10,0.5459,0.6834,0.8286,0.3171,0.0255
3,1,11,11,0.4850,0.6159,0.7371,0.2992,0.0600
3,2,0,0,0.5357,0.7222,0.7692,0.0805,0.0501
3,2,0,1,0.2827,0.7214,0.9870,-0.1186,0.0203
3,2,0,2,0.4199,0.6498,0.9559,0.2136,0.0309
3,2,0,3,0.2484,0.6567,0.9473,-0.0211,0.0306
3,2,0,4,0.6103,0.7724,0.9286,0.3575,0.0376
3,2,0,5,0.3221,0.6859,0.9893,-0.0474,0.0157
3,2,0,6,0.4332,0.7333,0.8415,-0.0383,0.0342
3,2,0,7,0.4059,0.7539,0.9831,0.0546,0.0134
3,2,0,8,0.3130,0.7492,0.9012,-0.2140,0.0274
3,2,0,9,0.4218,0.7135,0.9962,0.1083,0.0162
3,2,0,10,0.2917,0.6288,0.9222,0.0679,0.0384
3,2,0,11,0.3986,0.7171,0.9816,0.1112,0.0104
3,2,1,0,0.5031,0.7782,0.9768,0.2755,0.0167
3,2,1,1,0.3841,0.6757,0.9186,0.1872,0.0365
3,2,1,2,0.4129,0.6896,0.9820,0.1764,0.0205
3,2,1,3,0.5463,0.7546,0.9958,0.3051,0.0172
3,2,1,4,0.3798,0.6707,0.8886,0.2149,0.0499
3,2,1,5,0.5985,0.7527,0.9921,0.4159,0.0121
3,2,1,6,0.4070,0.5186,0.8492,0.2973,0.0831
3,2,1,7,0.4907,0.6646,0.9471,0.3344,0.0387
3,2,1,8,0.6573,0.7888,0.9776,0.4592,0.0146
3,2,1,9,0.5832,0.7071,0.9711,0.4172,0.0160
3,2,1,10,0.4435,0.6713,0.9932,0.2067,0.0205
3,2,1,11,0.3978,0.6856,0.9751,0.1135,0.0127
3,2,2,0,0.1491,0.5266,0.8413,-0.0210,0.0905
3,2,2,1,0.4295,0.6464,0.8965,0.2675,0.0472
3,2,2,2,0.4710,0.6278,0.9289,0.3242,0.0449
3,2,2,3,0.5673,0.7341,0.9714,0.4074,0.0223
3,2,2,4,0.6105,0.7584,0.9982,0.4284,0.0110
3,2,2,5,0.5532,0.7553,0.9940,0.3142,0.0152
3,2,2,6,0.5990,0.6740,0.9616,0.4329,0.0144
3,2,2,7,0.4526,0.7035,0.9974,0.1934,0.0207
3,2,2,8,0.6157,0.7751,0.9951,0.4393,0.0076
3,2,2,9,0.1508,0.5289,0.8428,-0.0213,0.0886
3,2,2,10,0.4031,0.6144,0.9593,0.2033,0.0369
3,2,2,11,0.4129,0.6774,0.9873,0.1745,0.0165
3,2,3,0,0.7884,0.8142,0.9349,0.7233,0.0448
3,2,3,1,0.6745,0.8233,0.9942,0.4980,0.0119
3,2,3,2,1.0000,1.0000,1.0000,1.0000,0.0000
3,2,3,3,0.6067,0.7636,0.9947,0.4087,0.0111
3,2,3,4,0.5748,0.7508,0.9902,0.3454,0.0136
3,2,3,5,0.3242,0.6871,0.9021,0.1447,0.0562
3,2,3,6,0.8315,0.8752,0.9831,0.7420,0.0170
3,2,3,7,0.7288,0.8299,0.9931,0.5907,0.0097
3,2,3,8,0.5133,0.7755,0.9934,0.2856,0.0059
3,2,3,9,0.3691,0.6154,0.8942,0.2017,0.0510
3,2,3,10,0.4673,0.6837,0.9557,0.2522,0.0187
3,2,3,11,0.5193,0.7441,0.9741,0.3242,0.0116
3,2,4,0,0.5684,0.7429,0.9460,0.4392,0.0360
3,2,4,1,0.6343,0.7905,0.9921,0.4339,0.0140
3,2,4,2,0.7226,0.7809,0.9711,0.6252,0.0235
3,2,4,3,0.6250,0.6262,0.8577,0.5719,0.0792
3,2,4,4,0.4975,0.7845,0.9893,0.2746,0.0114
3,2,4,5,0.4680,0.6359,0.9070,0.3154,0.0413
3,2,4,6,0.5614,0.7469,0.9392,0.4343,0.0382
3,2,4,7,0.6064,0.7299,0.8864,0.5218,0.0588
3,2,4,8,0.6582,0.6986,0.9297,0.5626,0.0368
3,2,4,9,0.7549,0.7913,0.9722,0.6629,0.0207
3,2,4,10,0.5761,0.7117,0.9522,0.4369,0.0239
3,2,4,11,0.6192,0.7394,0.9161,0.5293,0.0532
3,2,5,0,0.5446,0.6688,0.9037,0.4254,0.0471
3,2,5,1,0.6218,0.6347,0.8599,0.5629,0.0754
3,2,5,2,0.7016,0.8067,0.9842,0.5943,0.0248
3,2,5,3,0.6105,0.7293,0.9503,0.4887,0.0287
3,2,5,4,0.7799,0.8093,0.9707,0.7014,0.0245
3,2,5,5,0.6350,0.6348,0.8700,0.5764,0.0745
3,2,5,6,0.6129,0.6712,0.8688,0.5423,0.0697
3,2,5,7,0.6078,0.6592,0.8838,0.5238,0.0539
3,2,5,8,0.5732,0.7064,0.9738,0.4195,0.0215
3,2,5,9,0.4126,0.6656,0.9176,0.2539,0.0510
3,2,5,10,0.5707,0.7793,0.9510,0.4300,0.0332
3,2,5,11,0.6027,0.6611,0.9198,0.5082,0.0495
3,2,6,0,0.6275,0.6642,0.8776,0.5607,0.0617
3,2,6,1,0.5885,0.7054,0.9623,0.4423,0.0223
3,2,6,2,0.6315,0.7029,0.9311,0.5237,0.0361
3,2,6,3,0.6075,0.7198,0.8851,0.5259,0.0598
3,2,6,4,0.6087,0.7339,0.9223,0.5020,0.0422
3,2,6,5,0.5766,0.7193,0.9155,0.4517,0.0351
3,2,6,6,0.5955,0.7170,0.9294,0.4742,0.0345
3,2,6,7,0.6541,0.7915,0.9886,0.5060,0.0144
3,2,6,8,0.7407,0.7907,0.9477,0.6587,0.0327
3,2,6,9,0.5877,0.7374,0.9201,0.4592,0.0342
3,2,6,10,0.5666,0.7148,0.9029,0.4610,0.0532
3,2,6,11,0.5056,0.7053,0.9047,0.3715,0.0527
3,2,7,0,0.6193,0.7539,0.9546,0.4875,0.0233
3,2,7,1,0.5626,0.6631,0.9316,0.4380,0.0369
3,2,7,2,0.6485,0.7290,0.9300,0.5561,0.0445
3,2,7,3,0.5959,0.6364,0.8718,0.5151,0.0654
3,2,7,4,0.5447,0.7462,0.8960,0.4345,0.0552
3,2,7,5,0.5753,0.7706,0.9913,0.3985,0.0134
3,2,7,6,0.6107,0.6175,0.8605,0.5460,0.0746
3,2,7,7,0.6074,0.6151,0.8624,0.5484,0.0799
3,2,7,8,0.6027,0.7199,0.9177,0.4643,0.0257
3,2,7,9,0.5915,0.7347,0.9019,0.4932,0.0537
3,2,7,10,0.4468,0.6316,0.8927,0.3120,0.0584
3,2,7,11,0.5873,0.6410,0.8884,0.5073,0.0673
3,2,8,0,0.6580,0.7173,0.9095,0.5725,0.0458
3,2,8,1,0.6801,0.7194,0.9472,0.5774,0.0362
3,2,8,2,0.5962,0.5901,0.8507,0.5387,0.0849
3,2,8,3,0.6857,0.7165,0.9351,0.5949,0.0362
3,2,8,4,0.6356,0.6947,0.9077,0.5526,0.0537
3,2,8,5,0.5793,0.6613,0.8891,0.4898,0.0601
3,2,8,6,0.6073,0.6179,0.8663,0.5387,0.0729
3,2,8,7,0.5781,0.8298,0.9765,0.3350,0.0217
3,2,8,8,0.6358,0.8514,0.9845,0.4492,0.0155
3,2,8,9,0.5995,0.7044,0.9657,0.4514,0.0176
3,2,8,10,0.5568,0.6631,0.8944,0.4527,0.0503
3,2,8,11,0.5892,0.7297,0.9566,0.4458,0.0206
3,2,9,0,0.6092,0.7269,0.9453,0.4840,0.0338
3,2,9,1,0.7112,0.7885,0.9516,0.6145,0.0294
3,2,9,2,0.6258,0.7885,0.9813,0.4505,0.0143
3,2,9,3,0.6122,0.7242,0.9297,0.4924,0.0360
3,2,9,4,0.5926,0.6954,0.9262,0.4775,0.0421
3,2,9,5,0.5430,0.7870,0.9899,0.3095,0.0181
3,2,9,6,0.6444,0.6592,0.8771,0.5751,0.0630
3,2,9,7,0.5725,0.6238,0.8742,0.4893,0.0666
3,2,9,8,0.6128,0.7750,0.9755,0.3879,0.0146
3,2,9,9,0.5926,0.6024,0.8600,0.5249,0.0793
3,2,9,10,0.5105,0.7437,0.9910,0.2510,0.0088
3,2,9,11,0.6690,0.8076,0.9800,0.5265,0.0163
3,2,10,0,0.7079,0.7806,0.8561,0.5156,0.0248
3,2,10,1,0.3828,0.7624,0.8953,0.1415,0.0294
3,2,10,2,0.6144,0.7937,0.9341,0.3912,0.0123
3,2,10,3,0.5714,0.7008,0.8031,0.3768,0.0226
3,2,10,4,0.6078,0.7450,0.9153,0.4320,0.0162
3,2,10,5,0.4568,0.7008,0.8768,0.2206,0.0191
3,2,10,6,0.4660,0.7203,0.8911,0.2407,0.0202
3,2,10,7,0.6255,0.7509,0.8353,0.4011,0.0164
3,2,10,8,0.6180,0.6966,0.7651,0.4572,0.0280
3,2,10,9,0.5235,0.7387,0.9002,0.3069,0.0240
3,2,10,10,0.5658,0.7088,0.9705,0.4003,0.0221
3,2,10,11,0.4157,0.7814,0.9257,0.0161,0.0216
3,2,11,0,0.5265,0.6212,0.7347,0.3570,0.0448
3,2,11,1,0.5519,0.6309,0.7444,0.3877,0.0431
3,2,11,2,0.5927,0.7052,0.8425,0.3594,0.0106
3,2,11,3,0.5664,0.6298,0.7302,0.4069,0.0414
3,2,11,4,0.5729,0.6417,0.7521,0.4002,0.0334
3,2,11,5,0.5929,0.6729,0.7698,0.4212,0.0330
3,2,11,6,0.5937,0.6765,0.7967,0.4092,0.0247
3,2,11,7,0.5180,0.6260,0.7214,0.3449,0.0456
3,2,11,8,0.5547,0.7253,0.9527,0.3262,0.0076
3,2,11,9,0.5748,0.7482,0.8896,0.3141,0.0166
3,2,11,10,0.5419,0.6543,0.8001,0.3340,0.0190
3,2,11,11,0.4998,0.6064,0.7161,0.3343,0.0522
3,3,0,0,0.5402,0.6923,0.7712,0.0630,0.0541
3,3,0,1,0.4295,0.7200,0.9765,0.0994,0.0263
3,3,0,2,0.4030,0.5832,0.9453,0.1841,0.0299
3,3,0,3,0.2573,0.5479,0.9426,-0.0175,0.0292
3,3,0,4,0.6591,0.7217,0.9225,0.4302,0.0455
3,3,0,5,0.3874,0.6970,0.9844,0.0416,0.0228
3,3,0,6,0.4273,0.6991,0.8405,-0.0717,0.0384
3,3,0,7,0.5386,0.7216,0.9676,0.2567,0.0173
3,3,0,8,0.5271,0.7241,0.8972,0.1643,0.0310
3,3,0,9,0.4528,0.7388,0.9844,0.1454,0.0225
3,3,0,10,0.5183,0.6699,0.9097,0.3693,0.0370
3,3,0,11,0.5704,0.7421,0.9647,0.3582,0.0191
3,3,1,0,0.5715,0.7388,0.9850,0.3690,0.0132
3,3,1,1,0.5582,0.7208,0.9015,0.4193,0.0359
3,3,1,2,0.5834,0.7111,0.9683,0.4124,0.0272
3,3,1,3,0.5991,0.7482,0.9871,0.3782,0.0256
3,3,1,4,0.3861,0.5598,0.8699,0.2191,0.0494
3,3,1,5,0.6797,0.7296,0.9964,0.5298,0.0158
3,3,1,6,0.5020,0.5284,0.8456,0.4185,0.0849
3,3,1,7,0.5941,0.6783,0.9462,0.4713,0.0409
3,3,1,8,0.6548,0.7479,0.9808,0.4466,0.0173
3,3,1,9,0.5454,0.6494,0.9689,0.3587,0.0223
3,3,1,10,0.5457,0.6476,0.9840,0.3470,0.0303
3,3,1,11,0.3680,0.6517,0.9560,0.0596,0.0137
3,3,2,0,0.3824,0.5522,0.8164,0.2744,0.0928
3,3,2,1,0.4195,0.5862,0.8818,0.2500,0.0484
3,3,2,2,0.5002,0.6124,0.9239,0.3601,0.0475
3,3,2,3,0.6427,0.7044,0.9709,0.5092,0.0247
3,3,2,4,0.6762,0.7743,0.9964,0.5200,0.0152
3,3,2,5,0.7107,0.7622,0.9907,0.5504,0.0238
3,3,2,6,0.3837,0.6230,0.9474,0.1184,0.0143
3,3,2,7,0.6105,0.7065,0.9944,0.4200,0.0299
3,3,2,8,0.7003,0.7680,0.9826,0.5586,0.0112
3,3,2,9,0.3821,0.5529,0.8180,0.2719,0.0909
3,3,2,10,0.5078,0.6443,0.9542,0.3417,0.0398
3,3,2,11,0.6527,0.7195,0.9767,0.5099,0.0256
3,3,3,0,0.6785,0.7564,0.9324,0.5711,0.0404
3,3,3,1,0.7968,0.8350,0.9965,0.6827,0.0199
3,3,3,2,0.6067,0.7636,0.9947,0.4087,0.0111
3,3,3,3,1.0000,1.0000,1.0000,1.0000,0.0000
3,3,3,4,0.5545,0.6707,0.9812,0.3051,0.0216
3,3,3,5,0.3817,0.5838,0.8869,0.2163,0.0555
3,3,3,6,0.7319,0.8125,0.9919,0.5827,0.0126
3,3,3,7,0.7938,0.7942,0.9986,0.6850,0.0105
3,3,3,8,0.6091,0.7262,0.9914,0.4203,0.0141
3,3,3,9,0.5821,0.6872,0.8787,0.4812,0.0511
3,3,3,10,0.7248,0.8030,0.9341,0.6134,0.0170
3,3,3,11,0.4989,0.6060,0.9722,0.2893,0.0145
3,3,4,0,0.5716,0.6912,0.9450,0.4411,0.0359
3,3,4,1,0.5899,0.7271,0.9788,0.3561,0.0233
3,3,4,2,0.5849,0.6854,0.9706,0.4308,0.0285
3,3,4,3,0.5133,0.5448,0.8598,0.4280,0.0799
3,3,4,4,0.5840,0.7783,0.9705,0.3941,0.0149
3,3,4,5,0.7128,0.7385,0.9009,0.6421,0.0406
3,3,4,6,0.5509,0.6773,0.9316,0.4176,0.0388
3,3,4,7,0.5254,0.5780,0.8720,0.4144,0.0592
3,3,4,8,0.6712,0.6999,0.9259,0.5792,0.0384
3,3,4,9,0.6792,0.7264,0.9713,0.5541,0.0257
3,3,4,10,0.5483,0.6000,0.9459,0.3954,0.0251
3,3,4,11,0.5400,0.7087,0.9117,0.4231,0.0527
3,3,5,0,0.6584,0.6679,0.9017,0.5759,0.0475
3,3,5,1,0.5283,0.5503,0.8548,0.4420,0.0769
3,3,5,2,0.6588,0.7425,0.9856,0.5322,0.0302
3,3,5,3,0.5215,0.6122,0.9447,0.3644,0.0332
3,3,5,4,0.6202,0.6896,0.9808,0.4757,0.0280
3,3,5,5,0.5494,0.5838,0.8700,0.4655,0.0756
3,3,5,6,0.5110,0.5383,0.8595,0.4090,0.0698
3,3,5,7,0.5981,0.6338,0.8799,0.5107,0.0560
3,3,5,8,0.6773,0.7344,0.9645,0.5612,0.0250
3,3,5,9,0.5505,0.6635,0.9074,0.4344,0.0502
3,3,5,10,0.5107,0.6330,0.9436,0.3443,0.0315
3,3,5,11,0.6419,0.7115,0.9170,0.5597,0.0514
3,3,6,0,0.4399,0.5645,0.8673,0.3150,0.0641
3,3,6,1,0.5719,0.6795,0.9486,0.4157,0.0285
3,3,6,2,0.4178,0.5474,0.9280,0.2313,0.0369
3,3,6,3,0.5102,0.5736,0.8746,0.3972,0.0593
3,3,6,4,0.5061,0.6040,0.9092,0.3621,0.0419
3,3,6,5,0.6188,0.7247,0.9011,0.5069,0.0336
3,3,6,6,0.6689,0.7206,0.9214,0.5721,0.0345
3,3,6,7,0.6367,0.7271,0.9785,0.4765,0.0208
3,3,6,8,0.6427,0.7208,0.9466,0.5225,0.0330
3,3,6,9,0.4597,0.5924,0.9207,0.2814,0.0341
3,3,6,10,0.5001,0.5960,0.8908,0.3711,0.0533
3,3,6,11,0.4026,0.5723,0.8900,0.2306,0.0521
3,3,7,0,0.5587,0.6901,0.9655,0.4003,0.0246
3,3,7,1,0.6399,0.7015,0.9246,0.5404,0.0379
3,3,7,2,0.6367,0.7003,0.9288,0.5395,0.0451
3,3,7,3,0.5479,0.5724,0.8707,0.4516,0.0668
3,3,7,4,0.5025,0.5923,0.8820,0.3768,0.0546
3,3,7,5,0.6819,0.7720,0.9868,0.5468,0.0200
3,3,7,6,0.5407,0.5662,0.8581,0.4553,0.0761
3,3,7,7,0.4478,0.5217,0.8632,0.3418,0.0805
3,3,7,8,0.6715,0.7197,0.9468,0.5570,0.0233
3,3,7,9,0.5010,0.5491,0.8974,0.3715,0.0546
3,3,7,10,0.6061,0.6609,0.8798,0.5202,0.0582
3,3,7,11,0.4603,0.5803,0.8866,0.3404,0.0673
3,3,8,0,0.6355,0.6849,0.9065,0.5420,0.0455
3,3,8,1,0.6420,0.6881,0.9579,0.5234,0.0404
3,3,8,2,0.5178,0.5327,0.8484,0.4382,0.0859
3,3,8,3,0.6334,0.6679,0.9369,0.5227,0.0363
3,3,8,4,0.4924,0.5897,0.9019,0.3616,0.0550
3,3,8,5,0.5666,0.6067,0.8862,0.4725,0.0610
3,3,8,6,0.5367,0.5724,0.8655,0.4469,0.0742
3,3,8,7,0.5547,0.7373,0.9676,0.2875,0.0290
3,3,8,8,0.5933,0.7641,0.9865,0.3774,0.0236
3,3,8,9,0.6934,0.7465,0.9583,0.5798,0.0204
3,3,8,10,0.6040,0.6496,0.8906,0.5140,0.0524
3,3,8,11,0.6373,0.7362,0.9701,0.5094,0.0222
3,3,9,0,0.5897,0.7158,0.9371,0.4549,0.0326
3,3,9,1,0.7081,0.7814,0.9507,0.6088,0.0282
3,3,9,2,0.6813,0.7259,0.9957,0.5272,0.0163
3,3,9,3,0.5175,0.6565,0.9468,0.3607,0.0373
3,3,9,4,0.5769,0.6359,0.9348,0.4543,0.0445
3,3,9,5,0.6616,0.7811,0.9937,0.4825,0.0261
3,3,9,6,0.5683,0.5994,0.8810,0.4751,0.0646
3,3,9,7,0.5660,0.6245,0.8693,0.4805,0.0667
3,3,9,8,0.5802,0.7900,0.9738,0.3259,0.0211
3,3,9,9,0.5243,0.5425,0.8586,0.4364,0.0805
3,3,9,10,0.5970,0.7486,0.9874,0.3757,0.0180
3,3,9,11,0.5850,0.7154,0.9860,0.4004,0.0139
3,3,10,0,0.5803,0.7034,0.8734,0.2699,0.0287
3,3,10,1,0.4490,0.6816,0.9232,0.2278,0.0251
3,3,10,2,0.6043,0.7445,0.9542,0.3657,0.0115
3,3,10,3,0.6228,0.6536,0.8514,0.4463,0.0158
3,3,10,4,0.5328,0.7296,0.9506,0.3165,0.0109
3,3,10,5,0.4822,0.6898,0.9123,0.2501,0.0167
3,3,10,6,0.5254,0.7300,0.9230,0.3192,0.0150
3,3,10,7,0.6302,0.6965,0.8754,0.3991,0.0148
3,3,10,8,0.5915,0.6046,0.8132,0.4143,0.0212
3,3,10,9,0.4429,0.6773,0.9293,0.1812,0.0200
3,3,10,10,0.3935,0.6619,0.9626,0.1523,0.0179
3,3,10,11,0.5006,0.7358,0.9348,0.1488,0.0259
3,3,11,0,0.5590,0.6121,0.7914,0.3978,0.0394
3,3,11,1,0.5385,0.5964,0.8007,0.3646,0.0372
3,3,11,2,0.5908,0.7018,0.8850,0.3470,0.0142
3,3,11,3,0.5452,0.6141,0.7883,0.3731,0.0356
3,3,11,4,0.5475,0.6224,0.8078,0.3590,0.0282
3,3,11,5,0.5722,0.6423,0.8247,0.3861,0.0247
3,3,11,6,0.5698,0.6431,0.8495,0.3682,0.0185
3,3,11,7,0.5293,0.5802,0.7780,0.3559,0.0398
3,3,11,8,0.4849,0.6686,0.9745,0.2110,0.0081
3,3,11,9,0.5388,0.7119,0.9210,0.2432,0.0210
3,3,11,10,0.5642,0.6639,0.8492,0.3601,0.0163
3,3,11,11,0.5115,0.5773,0.7729,0.3462,0.0477
3,4,0,0,0.6995,0.7884,0.8443,0.4256,0.0379
3,4,0,1,0.4272,0.6558,0.9937,0.0697,0.0091
3,4,0,2,0.3487,0.5424,0.9108,0.0930,0.0428
3,4,0,3,0.2704,0.5362,0.9017,-0.0177,0.0429
3,4,0,4,0.5172,0.7058,0.9692,0.1547,0.0255
3,4,0,5,0.4249,0.6867,0.9843,0.0752,0.0095
3,4,0,6,0.4859,0.7350,0.9032,0.0019,0.0234
3,4,0,7,0.5709,0.7234,0.9945,0.2869,0.0116
3,4,0,8,0.4245,0.7121,0.9487,-0.0680,0.0172
3,4,0,9,0.5183,0.6874,0.9901,0.2269,0.0134
3,4,0,10,0.2351,0.4959,0.8681,-0.0328,0.0497
3,4,0,11,0.4988,0.6255,0.9569,0.2336,0.0108
3,4,1,0,0.4311,0.6780,0.9522,0.1427,0.0289
3,4,1,1,0.3615,0.5475,0.8637,0.1380,0.0474
3,4,1,2,0.4625,0.6175,0.9551,0.2256,0.0219
3,4,1,3,0.5191,0.6643,0.9978,0.2337,0.0080
3,4,1,4,0.3420,0.4984,0.8261,0.1500,0.0605
3,4,1,5,0.5663,0.6852,0.9706,0.3492,0.0201
3,4,1,6,0.3308,0.3794,0.7714,0.1906,0.0918
3,4,1,7,0.4237,0.5434,0.8956,0.2292,0.0479
3,4,1,8,0.6126,0.7344,0.9908,0.3584,0.0141
3,4,1,9,0.4448,0.5901,0.9315,0.2002,0.0258
3,4,1,10,0.5102,0.6563,0.9717,0.2817,0.0173
3,4,1,11,0.4565,0.6308,0.9486,0.1724,0.0209
3,4,2,0,0.2363,0.4432,0.7740,0.0777,0.0995
3,4,2,1,0.4170,0.5119,0.8365,0.2378,0.0581
3,4,2,2,0.3972,0.5041,0.8713,0.2123,0.0535
3,4,2,3,0.5528,0.6437,0.9308,0.3737,0.0339
3,4,2,4,0.4951,0.6425,0.9818,0.2338,0.0187
3,4,2,5,0.5348,0.7006,0.9958,0.2567,0.0084
3,4,2,6,0.4092,0.5887,0.9240,0.1380,0.0265
3,4,2,7,0.6000,0.6884,0.9957,0.3909,0.0127
3,4,2,8,0.5747,0.7258,0.9810,0.3596,0.0162
3,4,2,9,0.2427,0.4478,0.7757,0.0836,0.0977
3,4,2,10,0.4929,0.5673,0.9124,0.3122,0.0445
3,4,2,11,0.4927,0.6465,0.9613,0.2678,0.0164
3,4,3,0,0.6523,0.6855,0.8796,0.5310,0.0568
3,4,3,1,0.6910,0.7322,0.9919,0.5029,0.0104
3,4,3,2,0.5748,0.7508,0.9902,0.3454,0.0136
3,4,3,3,0.5545,0.6707,0.9812,0.3051,0.0216
3,4,3,4,1.0000,1.0000,1.0000,1.0000,0.0000
3,4,3,5,0.3249,0.5127,0.8408,0.1301,0.0677
3,4,3,6,0.6913,0.7484,0.9819,0.5056,0.0231
3,4,3,7,0.6254,0.7189,0.9857,0.4131,0.0170
3,4,3,8,0.6924,0.7378,0.9735,0.5347,0.0151
3,4,3,9,0.4093,0.5459,0.8313,0.2432,0.0620
3,4,3,10,0.4674,0.6368,0.9218,0.2316,0.0312
3,4,3,11,0.5574,0.6647,0.9377,0.3620,0.0238
3,4,4,0,0.5645,0.6620,0.8935,0.4264,0.0471
3,4,4,1,0.5522,0.7576,0.9976,0.2765,0.0079
3,4,4,2,0.5894,0.6991,0.9288,0.4298,0.0301
3,4,4,3,0.5684,0.5352,0.7800,0.5011,0.0883
3,4,4,4,0.5610,0.7495,0.9784,0.3474,0.0171
3,4,4,5,0.4074,0.5323,0.8487,0.2205,0.0523
3,4,4,6,0.4952,0.6427,0.8860,0.3350,0.0481
3,4,4,7,0.5703,0.5931,0.8207,0.4725,0.0688
3,4,4,8,0.5564,0.5964,0.8752,0.4184,0.0457
3,4,4,9,0.6173,0.6975,0.9336,0.4587,0.0288
3,4,4,10,0.5370,0.6660,0.9049,0.3722,0.0346
3,4,4,11,0.5716,0.6854,0.8538,0.4630,0.0646
3,4,5,0,0.4772,0.5745,0.8417,0.3269,0.0567
3,4,5,1,0.5865,0.5423,0.7849,0.5195,0.0846
3,4,5,2,0.6226,0.7325,0.9507,0.4748,0.0285
3,4,5,3,0.5606,0.6860,0.9017,0.4118,0.0384
3,4,5,4,0.6271,0.6994,0.9321,0.4789,0.0315
3,4,5,5,0.5780,0.5425,0.7955,0.5039,0.0826
3,4,5,6,0.5864,0.5600,0.7971,0.5086,0.0795
3,4,5,7,0.5157,0.5650,0.8143,0.3985,0.0629
3,4,5,8,0.5063,0.6120,0.9373,0.3116,0.0289
3,4,5,9,0.4044,0.5895,0.8577,0.2306,0.0625
3,4,5,10,0.4972,0.6395,0.9022,0.3166,0.0446
3,4,5,11,0.5582,0.5822,0.8588,0.4454,0.0591
3,4,6,0,0.5563,0.6030,0.8079,0.4673,0.0688
3,4,6,1,0.4909,0.6642,0.9232,0.2917,0.0276
3,4,6,2,0.5335,0.6351,0.8729,0.3825,0.0456
3,4,6,3,0.5654,0.5914,0.8173,0.4689,0.0711
3,4,6,4,0.6005,0.6574,0.8661,0.4867,0.0537
3,4,6,5,0.4737,0.6263,0.8576,0.3014,0.0466
3,4,6,6,0.4986,0.6024,0.8738,0.3323,0.0463
3,4,6,7,0.6537,0.7335,0.9640,0.4925,0.0195
3,4,6,8,0.6156,0.7036,0.8957,0.4799,0.0440
3,4,6,9,0.4911,0.6216,0.8636,0.3159,0.0457
3,4,6,10,0.5225,0.6327,0.8409,0.3971,0.0637
3,4,6,11,0.4016,0.5539,0.8440,0.2201,0.0646
3,4,7,0,0.5256,0.6657,0.9087,0.3451,0.0337
3,4,7,1,0.4901,0.5791,0.8775,0.3307,0.0478
3,4,7,2,0.6231,0.6749,0.8708,0.5193,0.0566
3,4,7,3,0.5723,0.5500,0.7987,0.4834,0.0745
3,4,7,4,0.5040,0.5862,0.8324,0.3745,0.0668
3,4,7,5,0.5511,0.6908,0.9677,0.3465,0.0186
3,4,7,6,0.5658,0.5316,0.7849,0.4888,0.0838
3,4,7,7,0.5141,0.5164,0.7848,0.4276,0.0897
3,4,7,8,0.3883,0.5616,0.8731,0.1484,0.0383
3,4,7,9,0.5479,0.5896,0.8369,0.4311,0.0639
3,4,7,10,0.4111,0.5511,0.8274,0.2550,0.0689
3,4,7,11,0.4919,0.5434,0.8173,0.3791,0.0775
3,4,8,0,0.5545,0.6005,0.8463,0.4292,0.0556
3,4,8,1,0.6390,0.6458,0.8975,0.5151,0.0441
3,4,8,2,0.5723,0.5160,0.7728,0.5109,0.0936
3,4,8,3,0.5883,0.5918,0.8817,0.4566,0.0457
3,4,8,4,0.6068,0.6511,0.8444,0.5132,0.0623
3,4,8,5,0.5597,0.5982,0.8196,0.4622,0.0700
3,4,8,6,0.5615,0.5342,0.7918,0.4795,0.0816
3,4,8,7,0.5352,0.7615,0.9965,0.2332,0.0109
3,4,8,8,0.5946,0.7647,0.9938,0.3634,0.0088
3,4,8,9,0.5334,0.5987,0.9248,0.3448,0.0292
3,4,8,10,0.4658,0.5753,0.8263,0.3251,0.0599
3,4,8,11,0.4700,0.6009,0.9109,0.2653,0.0316
3,4,9,0,0.5300,0.6175,0.8940,0.3651,0.0457
3,4,9,1,0.6082,0.6957,0.9016,0.4640,0.0414
3,4,9,2,0.5180,0.6677,0.9654,0.2682,0.0215
3,4,9,3,0.5564,0.6236,0.8739,0.4077,0.0457
3,4,9,4,0.5933,0.6194,0.8672,0.4731,0.0516
3,4,9,5,0.6104,0.7459,0.9909,0.3889,0.0158
3,4,9,6,0.6000,0.5692,0.8041,0.5171,0.0713
3,4,9,7,0.5311,0.5338,0.8020,0.4334,0.0771
3,4,9,8,0.5788,0.7282,0.9899,0.3022,0.0078
3,4,9,9,0.5835,0.5281,0.7839,0.5151,0.0878
3,4,9,10,0.5271,0.7205,0.9820,0.2473,0.0085
3,4,9,11,0.6523,0.7260,0.9451,0.4894,0.0287
3,4,10,0,0.5834,0.7331,0.9014,0.2439,0.0154
3,4,10,1,0.3166,0.5996,0.8605,0.0212,0.0419
3,4,10,2,0.4705,0.6981,0.9326,0.1235,0.0155
3,4,10,3,0.5435,0.6060,0.7801,0.3152,0.0341
3,4,10,4,0.4509,0.6066,0.8855,0.1786,0.0284
3,4,10,5,0.3650,0.5951,0.8495,0.0595,0.0300
3,4,10,6,0.3904,0.6109,0.8583,0.1061,0.0329
3,4,10,7,0.5878,0.6752,0.8468,0.3067,0.0203
3,4,10,8,0.5683,0.5954,0.7458,0.3693,0.0392
3,4,10,9,0.4328,0.5840,0.8778,0.1474,0.0349
3,4,10,10,0.4584,0.6067,0.9307,0.2306,0.0344
3,4,10,11,0.3823,0.7552,0.9583,-0.0959,0.0131
3,4,11,0,0.4568,0.5003,0.6905,0.2431,0.0567
3,4,11,1,0.4647,0.5085,0.7024,0.2488,0.0547
3,4,11,2,0.4403,0.6204,0.8451,0.0788,0.0121
3,4,11,3,0.4739,0.5082,0.6891,0.2608,0.0533
3,4,11,4,0.4667,0.5161,0.7169,0.2291,0.0444
3,4,11,5,0.4856,0.5455,0.7449,0.2462,0.0448
3,4,11,6,0.4915,0.5631,0.7689,0.2363,0.0354
3,4,11,7,0.4466,0.5051,0.6799,0.2281,0.0571
3,4,11,8,0.3990,0.6107,0.9384,0.0554,0.0167
3,4,11,9,0.4764,0.6409,0.8986,0.1110,0.0114
3,4,11,10,0.4457,0.5432,0.7747,0.1674,0.0291
3,4,11,11,0.4319,0.4876,0.6671,0.2253,0.0642
3,5,0,0,0.2694,0.4926,0.4249,-0.1382,0.1003
3,5,0,1,0.3252,0.5574,0.8549,0.1256,0.0701
3,5,0,2,0.7806,0.8201,0.9850,0.7389,0.0283
3,5,0,3,0.7655,0.8241,0.9646,0.7205,0.0279
3,5,0,4,0.3878,0.5439,0.6872,0.1897,0.0862
3,5,0,5,0.2580,0.5004,0.8827,0.0374,0.0697
3,5,0,6,0.3011,0.5584,0.5365,0.0092,0.0896
3,5,0,7,0.3712,0.5592,0.8464,0.1816,0.0670
3,5,0,8,0.2687,0.5558,0.6381,-0.0194,0.0837
3,5,0,9,0.3836,0.6672,0.9035,0.2100,0.0630
3,5,0,10,0.2296,0.5804,0.9889,0.0854,0.0203
3,5,0,11,0.6400,0.7203,0.9591,0.5601,0.0592
3,5,1,0,0.3872,0.5704,0.9059,0.2345,0.0465
3,5,1,1,0.4469,0.7195,0.9982,0.3419,0.0205
3,5,1,2,0.4934,0.6568,0.9602,0.3807,0.0464
3,5,1,3,0.5751,0.6781,0.8681,0.4721,0.0662
3,5,1,4,0.7815,0.8585,0.9985,0.7455,0.0124
3,5,1,5,0.5190,0.6462,0.9104,0.4050,0.0481
3,5,1,6,0.5491,0.5730,0.9759,0.4924,0.0345
3,5,1,7,0.5544,0.6534,0.9745,0.4713,0.0234
3,5,1,8,0.4437,0.6240,0.7924,0.2852,0.0653
3,5,1,9,0.4249,0.5816,0.9608,0.2955,0.0414
3,5,1,10,0.5449,0.7184,0.9407,0.4418,0.0517
3,5,1,11,0.2664,0.6614,0.9640,0.0739,0.0481
3,5,2,0,0.1908,0.5236,0.9890,0.0929,0.0422
3,5,2,1,0.6663,0.7100,0.9844,0.6080,0.0113
3,5,2,2,0.4958,0.6256,0.9870,0.4081,0.0194
3,5,2,3,0.5588,0.6430,0.9612,0.4662,0.0334
3,5,2,4,0.5765,0.7087,0.9128,0.4779,0.0497
3,5,2,5,0.6350,0.7059,0.8545,0.5535,0.0658
3,5,2,6,0.2015,0.6532,0.9787,0.0112,0.0451
3,5,2,7,0.5896,0.6684,0.8698,0.4945,0.0606
3,5,2,8,0.5098,0.6359,0.9275,0.3924,0.0555
3,5,2,9,0.1798,0.5243,0.9893,0.0792,0.0403
3,5,2,10,0.4674,0.5937,0.9835,0.3627,0.0272
3,5,2,11,0.5983,0.6867,0.9526,0.5113,0.0540
3,5,3,0,0.3483,0.5884,0.9791,0.2158,0.0336
3,5,3,1,0.4525,0.5922,0.8574,0.3037,0.0632
3,5,3,2,0.3242,0.6871,0.9021,0.1447,0.0562
3,5,3,3,0.3817,0.5838,0.8869,0.2163,0.0555
3,5,3,4,0.3249,0.5127,0.8408,0.1301,0.0677
3,5,3,5,1.0000,1.0000,1.0000,1.0000,0.0000
3,5,3,6,0.3830,0.5752,0.8288,0.2098,0.0588
3,5,3,7,0.5682,0.6722,0.8660,0.4640,0.0566
3,5,3,8,0.5547,0.7104,0.9245,0.4496,0.0543
3,5,3,9,0.4481,0.6803,0.9983,0.3574,0.0100
3,5,3,10,0.3203,0.5726,0.9768,0.1643,0.0384
3,5,3,11,0.7033,0.7862,0.9509,0.6426,0.0462
3,5,4,0,0.1484,0.4450,0.9770,-0.0118,0.0211
3,5,4,1,0.1674,0.4383,0.8659,-0.0895,0.0646
3,5,4,2,0.1693,0.4034,0.9663,-0.0097,0.0402
3,5,4,3,0.0525,0.2684,0.9706,-0.0739,0.0298
3,5,4,4,0.1384,0.5186,0.9264,-0.0801,0.0564
3,5,4,5,0.0598,0.3952,0.9666,-0.1079,0.0170
3,5,4,6,0.1860,0.4883,0.9889,0.0365,0.0205
3,5,4,7,0.2812,0.4558,0.9953,0.1683,0.0132
3,5,4,8,0.1034,0.3300,0.9711,-0.0627,0.0227
3,5,4,9,0.1684,0.4198,0.9546,-0.0196,0.0405
3,5,4,10,0.2066,0.4184,0.9774,0.0476,0.0345
3,5,4,11,0.0659,0.4101,0.9903,-0.0892,0.0079
3,5,5,0,0.0786,0.3496,0.9677,-0.0791,0.0133
3,5,5,1,0.1077,0.2790,0.9797,-0.0151,0.0269
3,5,5,2,0.1562,0.4504,0.9474,-0.0278,0.0410
3,5,5,3,0.1248,0.3834,0.9786,-0.0464,0.0303
3,5,5,4,0.1464,0.4132,0.9313,-0.0419,0.0384
3,5,5,5,0.0591,0.2739,0.9754,-0.0735,0.0257
3,5,5,6,0.1798,0.3281,0.9864,0.0602,0.0169
3,5,5,7,0.0805,0.3088,0.9797,-0.0638,0.0167
3,5,5,8,0.0774,0.3735,0.9682,-0.1211,0.0402
3,5,5,9,0.0787,0.4911,0.9953,-0.0765,0.0077
3,5,5,10,0.4231,0.6255,0.9830,0.3087,0.0257
3,5,5,11,0.0769,0.3616,0.9838,-0.0758,0.0151
3,5,6,0,0.0754,0.2873,0.9912,-0.0600,0.0212
3,5,6,1,0.1164,0.3667,0.9763,-0.0718,0.0413
3,5,6,2,0.1326,0.3814,0.9864,-0.0308,0.0234
3,5,6,3,0.2583,0.4403,0.9908,0.1436,0.0103
3,5,6,4,0.1524,0.4205,0.9944,0.0005,0.0150
3,5,6,5,0.1374,0.4158,0.9958,-0.0235,0.0238
3,5,6,6,0.0939,0.4104,0.9853,-0.0779,0.0214
3,5,6,7,0.1094,0.3987,0.9457,-0.1112,0.0491
3,5,6,8,0.2287,0.4654,0.9768,0.0717,0.0237
3,5,6,9,0.3484,0.4966,0.9586,0.2226,0.0226
3,5,6,10,0.1353,0.4270,0.9922,-0.0074,0.0085
3,5,6,11,0.4987,0.6332,0.9997,0.4120,0.0104
3,5,7,0,0.1365,0.4287,0.9377,-0.0447,0.0344
3,5,7,1,0.0713,0.3235,0.9802,-0.0975,0.0221
3,5,7,2,0.0849,0.3851,0.9855,-0.0783,0.0125
3,5,7,3,0.1071,0.2985,0.9744,-0.0275,0.0171
3,5,7,4,0.3789,0.5559,0.9966,0.2776,0.0051
3,5,7,5,0.1528,0.4301,0.9339,-0.0508,0.0493
3,5,7,6,0.0761,0.2619,0.9756,-0.0532,0.0263
3,5,7,7,0.0772,0.2652,0.9797,-0.0465,0.0309
3,5,7,8,0.1370,0.3876,0.8697,-0.0444,0.0321
3,5,7,9,0.2417,0.4255,0.9832,0.1161,0.0111
3,5,7,10,0.0576,0.3865,0.9977,-0.0913,0.0106
3,5,7,11,0.1091,0.3430,0.9872,-0.0223,0.0162
3,5,8,0,0.1421,0.3760,0.9808,-0.0074,0.0152
3,5,8,1,0.1121,0.3632,0.9433,-0.0674,0.0291
3,5,8,2,0.0469,0.2325,0.9744,-0.0771,0.0362
3,5,8,3,0.0860,0.3482,0.9622,-0.0883,0.0221
3,5,8,4,0.0854,0.3142,0.9878,-0.0650,0.0162
3,5,8,5,0.0623,0.2926,0.9840,-0.0821,0.0135
3,5,8,6,0.0836,0.2626,0.9737,-0.0471,0.0252
3,5,8,7,0.2166,0.5282,0.7979,-0.0334,0.0722
3,5,8,8,0.2035,0.5150,0.8137,-0.0244,0.0645
3,5,8,9,0.1482,0.3980,0.9697,-0.0388,0.0385
3,5,8,10,0.1092,0.3379,0.9866,-0.0342,0.0158
3,5,8,11,0.1978,0.4366,0.9342,0.0296,0.0400
3,5,9,0,0.0994,0.4499,0.9884,-0.0796,0.0237
3,5,9,1,0.2661,0.5229,0.9737,0.1135,0.0278
3,5,9,2,0.2469,0.4901,0.8643,0.0496,0.0504
3,5,9,3,0.1388,0.3874,0.9342,-0.0282,0.0223
3,5,9,4,0.1225,0.3564,0.9581,-0.0376,0.0175
3,5,9,5,0.1375,0.4883,0.8391,-0.1119,0.0590
3,5,9,6,0.1025,0.3064,0.9685,-0.0354,0.0171
3,5,9,7,0.0609,0.3135,0.9833,-0.0767,0.0161
3,5,9,8,0.2476,0.6130,0.7993,0.0079,0.0707
3,5,9,9,0.0658,0.2461,0.9746,-0.0632,0.0303
3,5,9,10,0.1869,0.4344,0.8830,-0.0541,0.0646
3,5,9,11,0.2572,0.4860,0.9378,0.0755,0.0430
3,5,10,0,0.4006,0.6053,0.5608,0.1984,0.0797
3,5,10,1,0.0879,0.5453,0.8292,-0.1193,0.0387
3,5,10,2,0.2722,0.5530,0.7740,0.0433,0.0657
3,5,10,3,0.1600,0.4373,0.6656,-0.0572,0.0478
3,5,10,4,0.2851,0.5618,0.8092,0.1058,0.0465
3,5,10,5,0.1165,0.4656,0.7732,-0.1041,0.0426
3,5,10,6,0.1796,0.5139,0.8103,-0.0187,0.0448
3,5,10,7,0.2205,0.4720,0.6039,-0.0393,0.0674
3,5,10,8,0.1399,0.4147,0.6177,-0.0694,0.0439
3,5,10,9,0.1192,0.5515,0.7896,-0.1099,0.0526
3,5,10,10,0.3370,0.6600,0.9738,0.1907,0.0407
3,5,10,11,0.2850,0.5756,0.6769,0.0296,0.0765
3,5,11,0,0.1128,0.3707,0.6572,-0.0761,0.0355
3,5,11,1,0.1049,0.3630,0.6581,-0.0897,0.0375
3,5,11,2,0.1690,0.4888,0.6303,-0.0988,0.0642
3,5,11,3,0.0860,0.3784,0.6394,-0.1137,0.0382
3,5,11,4,0.1056,0.3788,0.6447,-0.1050,0.0421
3,5,11,5,0.1039,0.4247,0.6287,-0.1151,0.0442
3,5,11,6,0.1695,0.4068,0.6669,-0.0450,0.0484
3,5,11,7,0.0733,0.3475,0.6377,-0.1246,0.0344
3,5,11,8,0.1922,0.6065,0.8217,-0.0397,0.0592
3,5,11,9,0.2160,0.5371,0.6761,-0.0509,0.0687
3,5,11,10,0.1107,0.4199,0.6697,-0.1204,0.0467
3,5,11,11,0.0585,0.3383,0.6561,-0.1296,0.0308
3,6,0,0,0.5392,0.7111,0.8238,-0.0016,0.0510
3,6,0,1,0.3362,0.7000,0.9665,-0.0768,0.0256
3,6,0,2,0.4561,0.5994,0.9025,0.2469,0.0324
3,6,0,3,0.2530,0.5373,0.9044,-0.0416,0.0319
3,6,0,4,0.6082,0.7230,0.9444,0.3175,0.0439
3,6,0,5,0.4108,0.6909,0.9674,0.0537,0.0231
3,6,0,6,0.4560,0.7190,0.8793,-0.0579,0.0368
3,6,0,7,0.5239,0.7275,0.9598,0.2097,0.0168
3,6,0,8,0.3589,0.7250,0.9239,-0.1914,0.0301
3,6,0,9,0.5401,0.7192,0.9676,0.2626,0.0229
3,6,0,10,0.2925,0.5513,0.8563,0.0480,0.0418
3,6,0,11,0.4850,0.6785,0.9315,0.2132,0.0195
3,6,1,0,0.6361,0.8524,0.9599,0.4539,0.0143
3,6,1,1,0.4725,0.6276,0.8485,0.2940,0.0394
3,6,1,2,0.5361,0.7149,0.9337,0.3339,0.0257
3,6,1,3,0.6462,0.7790,0.9846,0.4369,0.0277
3,6,1,4,0.4199,0.5858,0.8113,0.2570,0.0556
3,6,1,5,0.7352,0.8092,0.9851,0.6049,0.0171
3,6,1,6,0.5523,0.6081,0.7931,0.4851,0.0901
3,6,1,7,0.6362,0.7540,0.9123,0.5262,0.0461
3,6,1,8,0.8045,0.8815,0.9934,0.6775,0.0129
3,6,1,9,0.7412,0.7915,0.9432,0.6344,0.0243
3,6,1,10,0.5790,0.6833,0.9602,0.3844,0.0270
3,6,1,11,0.4802,0.5951,0.9194,0.2094,0.0119
3,6,2,0,0.1729,0.4368,0.7448,-0.0057,0.0978
3,6,2,1,0.5099,0.6063,0.8372,0.3663,0.0532
3,6,2,2,0.5994,0.7044,0.8821,0.4913,0.0529
3,6,2,3,0.7379,0.8207,0.9441,0.6407,0.0287
3,6,2,4,0.7154,0.8145,0.9839,0.5701,0.0149
3,6,2,5,0.6666,0.7858,0.9930,0.4679,0.0240
3,6,2,6,0.5107,0.5849,0.9022,0.2885,0.0210
3,6,2,7,0.5885,0.7404,0.9904,0.3740,0.0269
3,6,2,8,0.6889,0.7906,0.9631,0.5331,0.0197
3,6,2,9,0.1759,0.4399,0.7467,-0.0043,0.0959
3,6,2,10,0.5445,0.6480,0.9124,0.3854,0.0424
3,6,2,11,0.5347,0.7068,0.9520,0.3299,0.0253
3,6,3,0,0.8935,0.8966,0.8953,0.8736,0.0422
3,6,3,1,0.7815,0.8690,0.9961,0.6489,0.0194
3,6,3,2,0.8315,0.8752,0.9831,0.7420,0.0170
3,6,3,3,0.7319,0.8125,0.9919,0.5827,0.0126
3,6,3,4,0.6913,0.7484,0.9819,0.5056,0.0231
3,6,3,5,0.3830,0.5752,0.8288,0.2098,0.0588
3,6,3,6,1.0000,1.0000,1.0000,1.0000,0.0000
3,6,3,7,0.8446,0.8847,0.9963,0.7572,0.0083
3,6,3,8,0.6467,0.7746,0.9687,0.4656,0.0142
3,6,3,9,0.4679,0.6155,0.8216,0.3236,0.0557
3,6,3,10,0.5883,0.6777,0.8891,0.4092,0.0222
3,6,3,11,0.5733,0.6780,0.9500,0.3858,0.0226
3,6,4,0,0.7035,0.8234,0.9095,0.6205,0.0417
3,6,4,1,0.6986,0.8211,0.9714,0.5136,0.0226
3,6,4,2,0.8198,0.8453,0.9401,0.7609,0.0321
3,6,4,3,0.7485,0.7434,0.8102,0.7409,0.0849
3,6,4,4,0.5284,0.7561,0.9472,0.2990,0.0144
3,6,4,5,0.5804,0.6696,0.8667,0.4602,0.0451
3,6,4,6,0.6480,0.7629,0.8896,0.5478,0.0432
3,6,4,7,0.6724,0.6963,0.8175,0.6111,0.0650
3,6,4,8,0.7559,0.7840,0.8919,0.6963,0.0439
3,6,4,9,0.8130,0.8448,0.9484,0.7433,0.0278
3,6,4,10,0.6849,0.7474,0.9118,0.5816,0.0315
3,6,4,11,0.7029,0.7686,0.8651,0.6426,0.0560
3,6,5,0,0.6546,0.7137,0.8658,0.5709,0.0525
3,6,5,1,0.7319,0.7144,0.8031,0.7137,0.0818
3,6,5,2,0.7402,0.8299,0.9610,0.6444,0.0301
3,6,5,3,0.7176,0.7920,0.9099,0.6329,0.0374
3,6,5,4,0.8133,0.8411,0.9614,0.7479,0.0296
3,6,5,5,0.7437,0.7370,0.8218,0.7258,0.0807
3,6,5,6,0.7116,0.7014,0.8066,0.6768,0.0748
3,6,5,7,0.7158,0.7411,0.8341,0.6702,0.0611
3,6,5,8,0.6833,0.7662,0.9342,0.5660,0.0260
3,6,5,9,0.4894,0.6386,0.8588,0.3475,0.0551
3,6,5,10,0.6064,0.7044,0.9060,0.4713,0.0347
3,6,5,11,0.7184,0.7503,0.8754,0.6645,0.0567
3,6,6,0,0.7308,0.7466,0.8136,0.7021,0.0699
3,6,6,1,0.7048,0.7777,0.9153,0.5984,0.0297
3,6,6,2,0.6753,0.7160,0.8860,0.5807,0.0421
3,6,6,3,0.6574,0.6937,0.8231,0.5936,0.0645
3,6,6,4,0.7067,0.7692,0.8624,0.6339,0.0467
3,6,6,5,0.6494,0.7370,0.8520,0.5467,0.0387
3,6,6,6,0.6760,0.7385,0.8806,0.5806,0.0391
3,6,6,7,0.7053,0.8085,0.9576,0.5696,0.0198
3,6,6,8,0.8562,0.8712,0.9116,0.8214,0.0367
3,6,6,9,0.5820,0.6603,0.8912,0.4439,0.0382
3,6,6,10,0.6891,0.7460,0.8424,0.6249,0.0579
3,6,6,11,0.5297,0.6332,0.8334,0.3968,0.0550
3,6,7,0,0.6917,0.8130,0.9442,0.5826,0.0288
3,6,7,1,0.6689,0.7473,0.8881,0.5790,0.0436
3,6,7,2,0.7393,0.7831,0.8861,0.6800,0.0500
3,6,7,3,0.7274,0.7316,0.8240,0.6927,0.0718
3,6,7,4,0.6090,0.6806,0.8284,0.5179,0.0577
3,6,7,5,0.6496,0.8111,0.9704,0.4925,0.0200
3,6,7,6,0.7423,0.7284,0.8082,0.7250,0.0817
3,6,7,7,0.7099,0.7154,0.8086,0.6886,0.0863
3,6,7,8,0.6864,0.7993,0.9232,0.5746,0.0286
3,6,7,9,0.6465,0.6899,0.8531,0.5660,0.0591
3,6,7,10,0.5445,0.6340,0.8242,0.4364,0.0627
3,6,7,11,0.6811,0.7317,0.8352,0.6340,0.0726
3,6,8,0,0.8042,0.8141,0.8650,0.7735,0.0506
3,6,8,1,0.7784,0.8036,0.9315,0.7126,0.0414
3,6,8,2,0.7282,0.7028,0.7967,0.7180,0.0917
3,6,8,3,0.7384,0.7611,0.9022,0.6669,0.0414
3,6,8,4,0.7378,0.7722,0.8564,0.6921,0.0604
3,6,8,5,0.7275,0.7544,0.8385,0.6893,0.0665
3,6,8,6,0.7351,0.7235,0.8179,0.7123,0.0798
3,6,8,7,0.6138,0.8159,0.9737,0.3639,0.0277
3,6,8,8,0.6449,0.8445,0.9945,0.4431,0.0224
3,6,8,9,0.6912,0.7417,0.9288,0.5727,0.0243
3,6,8,10,0.6801,0.7302,0.8426,0.6172,0.0580
3,6,8,11,0.6804,0.7662,0.9475,0.5662,0.0276
3,6,9,0,0.6775,0.7669,0.8956,0.5735,0.0370
3,6,9,1,0.8655,0.8946,0.9176,0.8311,0.0315
3,6,9,2,0.7693,0.8584,0.9897,0.6519,0.0140
3,6,9,3,0.7357,0.7917,0.9191,0.6598,0.0422
3,6,9,4,0.7398,0.7981,0.9030,0.6767,0.0490
3,6,9,5,0.6551,0.8347,0.9976,0.4598,0.0244
3,6,9,6,0.7881,0.7758,0.8368,0.7717,0.0699
3,6,9,7,0.6782,0.7146,0.8191,0.6313,0.0716
3,6,9,8,0.6916,0.8051,0.9779,0.4902,0.0219
3,6,9,9,0.7340,0.7211,0.8089,0.7161,0.0858
3,6,9,10,0.6715,0.7926,0.9865,0.4778,0.0186
3,6,9,11,0.8387,0.9073,0.9659,0.7675,0.0186
3,6,10,0,0.7385,0.7732,0.9118,0.5368,0.0275
3,6,10,1,0.4391,0.7356,0.8933,0.2000,0.0264
3,6,10,2,0.6658,0.8247,0.9479,0.4482,0.0105
3,6,10,3,0.6868,0.7348,0.8478,0.5321,0.0155
3,6,10,4,0.7540,0.8076,0.9425,0.6355,0.0182
3,6,10,5,0.4771,0.7285,0.8939,0.2275,0.0175
3,6,10,6,0.5581,0.7681,0.8984,0.3552,0.0177
3,6,10,7,0.7425,0.7915,0.8944,0.5689,0.0104
3,6,10,8,0.7064,0.7166,0.8163,0.5743,0.0238
3,6,10,9,0.5201,0.7110,0.9121,0.2801,0.0196
3,6,10,10,0.6181,0.6948,0.9288,0.4626,0.0240
3,6,10,11,0.4526,0.7805,0.9606,0.0321,0.0241
3,6,11,0,0.6092,0.6740,0.7738,0.4618,0.0404
3,6,11,1,0.6368,0.6707,0.7869,0.4968,0.0375
3,6,11,2,0.6273,0.7112,0.9024,0.3877,0.0143
3,6,11,3,0.6345,0.6681,0.7759,0.4926,0.0359
3,6,11,4,0.6486,0.6741,0.7988,0.4966,0.0282
3,6,11,5,0.6818,0.6928,0.8250,0.5376,0.0249
3,6,11,6,0.6808,0.7189,0.8449,0.5229,0.0174
3,6,11,7,0.5920,0.6722,0.7612,0.4369,0.0401
3,6,11,8,0.5454,0.6643,0.9674,0.2864,0.0151
3,6,11,9,0.6183,0.7219,0.9343,0.3542,0.0184
3,6,11,10,0.6247,0.6868,0.8431,0.4385,0.0150
3,6,11,11,0.5800,0.6584,0.7509,0.4349,0.0482
3,7,0,0,0.4981,0.7015,0.7965,-0.0579,0.0499
3,7,0,1,0.4844,0.7296,0.9781,0.1824,0.0200
3,7,0,2,0.6146,0.6973,0.9291,0.4775,0.0308
3,7,0,3,0.4221,0.6250,0.9248,0.2095,0.0292
3,7,0,4,0.6976,0.7530,0.9362,0.4932,0.0391
3,7,0,5,0.3783,0.6717,0.9835,0.0231,0.0186
3,7,0,6,0.4765,0.7031,0.8603,0.0203,0.0373
3,7,0,7,0.5686,0.7376,0.9701,0.3017,0.0148
3,7,0,8,0.4530,0.7345,0.9120,0.0199,0.0299
3,7,0,9,0.5224,0.7264,0.9824,0.2509,0.0167
3,7,0,10,0.4072,0.5887,0.8882,0.2164,0.0379
3,7,0,11,0.6230,0.7243,0.9556,0.4347,0.0134
3,7,1,0,0.7104,0.8443,0.9783,0.5725,0.0146
3,7,1,1,0.5947,0.7073,0.8835,0.4685,0.0364
3,7,1,2,0.6803,0.7669,0.9583,0.5497,0.0190
3,7,1,3,0.7466,0.8308,0.9898,0.6054,0.0201
3,7,1,4,0.5880,0.7223,0.8490,0.4879,0.0510
3,7,1,5,0.8518,0.8916,0.9936,0.7828,0.0111
3,7,1,6,0.7363,0.7370,0.8229,0.7232,0.0854
3,7,1,7,0.8225,0.8725,0.9336,0.7830,0.0414
3,7,1,8,0.8315,0.9184,0.9885,0.7306,0.0124
3,7,1,9,0.7763,0.8616,0.9600,0.6875,0.0186
3,7,1,10,0.7451,0.8118,0.9765,0.6346,0.0214
3,7,1,11,0.4490,0.5972,0.9461,0.1770,0.0085
3,7,2,0,0.2921,0.4903,0.7919,0.1569,0.0931
3,7,2,1,0.6630,0.7441,0.8646,0.5775,0.0493
3,7,2,2,0.7449,0.8111,0.9079,0.6893,0.0478
3,7,2,3,0.8813,0.9176,0.9616,0.8448,0.0241
3,7,2,4,0.8731,0.9196,0.9934,0.8120,0.0088
3,7,2,5,0.8820,0.9166,0.9943,0.8161,0.0181
3,7,2,6,0.4552,0.6123,0.9335,0.2188,0.0165
3,7,2,7,0.7952,0.8552,0.9954,0.6943,0.0211
3,7,2,8,0.8414,0.8649,0.9795,0.7665,0.0137
3,7,2,9,0.2790,0.4897,0.7936,0.1377,0.0913
3,7,2,10,0.6352,0.6928,0.9397,0.5163,0.0380
3,7,2,11,0.7511,0.8225,0.9706,0.6500,0.0187
3,7,3,0,0.7877,0.8246,0.9186,0.7225,0.0431
3,7,3,1,0.8074,0.8688,0.9990,0.6977,0.0124
3,7,3,2,0.7288,0.8299,0.9931,0.5907,0.0097
3,7,3,3,0.7938,0.7942,0.9986,0.6850,0.0105
3,7,3,4,0.6254,0.7189,0.9857,0.4131,0.0170
3,7,3,5,0.5682,0.6722,0.8660,0.4640,0.0566
3,7,3,6,0.8446,0.8847,0.9963,0.7572,0.0083
3,7,3,7,1.0000,1.0000,1.0000,1.0000,0.0000
3,7,3,8,0.6876,0.7862,0.9863,0.5354,0.0083
3,7,3,9,0.6130,0.7011,0.8588,0.5222,0.0523
3,7,3,10,0.6466,0.7131,0.9218,0.5005,0.0188
3,7,3,11,0.7514,0.8056,0.9623,0.6500,0.0168
3,7,4,0,0.5018,0.6805,0.9316,0.3448,0.0370
3,7,4,1,0.5973,0.7174,0.9805,0.3647,0.0167
3,7,4,2,0.6438,0.6975,0.9586,0.5125,0.0260
3,7,4,3,0.5110,0.5266,0.8372,0.4248,0.0808
3,7,4,4,0.4464,0.7273,0.9664,0.1900,0.0109
3,7,4,5,0.4767,0.5600,0.8849,0.3224,0.0418
3,7,4,6,0.4726,0.6497,0.9169,0.3102,0.0394
3,7,4,7,0.4973,0.5500,0.8514,0.3766,0.0606
3,7,4,8,0.5750,0.6054,0.9100,0.4479,0.0389
3,7,4,9,0.6392,0.6948,0.9622,0.4962,0.0226
3,7,4,10,0.5374,0.6423,0.9343,0.3792,0.0254
3,7,4,11,0.5248,0.6602,0.8939,0.4022,0.0540
3,7,5,0,0.5192,0.5654,0.8849,0.3885,0.0484
3,7,5,1,0.5015,0.5056,0.8324,0.4069,0.0773
3,7,5,2,0.5834,0.7205,0.9761,0.4249,0.0238
3,7,5,3,0.5357,0.6657,0.9325,0.3826,0.0320
3,7,5,4,0.6346,0.7013,0.9718,0.4950,0.0242
3,7,5,5,0.5144,0.5305,0.8485,0.4195,0.0762
3,7,5,6,0.4872,0.5074,0.8373,0.3772,0.0712
3,7,5,7,0.5431,0.5721,0.8603,0.4375,0.0562
3,7,5,8,0.5429,0.6291,0.9528,0.3718,0.0207
3,7,5,9,0.3970,0.5833,0.8888,0.2279,0.0518
3,7,5,10,0.4856,0.6349,0.9285,0.3081,0.0321
3,7,5,11,0.5230,0.6056,0.9000,0.4004,0.0516
3,7,6,0,0.5046,0.5592,0.8465,0.3996,0.0644
3,7,6,1,0.5608,0.6640,0.9384,0.3988,0.0235
3,7,6,2,0.4822,0.5581,0.9115,0.3175,0.0380
3,7,6,3,0.4878,0.5374,0.8539,0.3670,0.0607
3,7,6,4,0.4967,0.6192,0.8921,0.3483,0.0432
3,7,6,5,0.5408,0.6047,0.8825,0.3998,0.0348
3,7,6,6,0.5306,0.5984,0.9041,0.3825,0.0356
3,7,6,7,0.5571,0.6679,0.9716,0.3590,0.0133
3,7,6,8,0.6660,0.7482,0.9329,0.5542,0.0328
3,7,6,9,0.4513,0.5565,0.9062,0.2683,0.0353
3,7,6,10,0.4635,0.5910,0.8727,0.3213,0.0544
3,7,6,11,0.3915,0.5493,0.8701,0.2142,0.0527
3,7,7,0,0.5128,0.6865,0.9564,0.3348,0.0245
3,7,7,1,0.5269,0.5909,0.9100,0.3865,0.0387
3,7,7,2,0.5537,0.6277,0.9116,0.4267,0.0459
3,7,7,3,0.5079,0.5242,0.8496,0.3985,0.0676
3,7,7,4,0.4344,0.5668,0.8622,0.2851,0.0561
3,7,7,5,0.5168,0.6986,0.9828,0.3069,0.0142
3,7,7,6,0.5217,0.5131,0.8359,0.4304,0.0772
3,7,7,7,0.4821,0.5039,0.8394,0.3862,0.0820
3,7,7,8,0.5982,0.6861,0.9339,0.4538,0.0265
3,7,7,9,0.4750,0.5294,0.8781,0.3359,0.0555
3,7,7,10,0.4496,0.5345,0.8588,0.3120,0.0597
3,7,7,11,0.4711,0.5550,0.8655,0.3540,0.0690
3,7,8,0,0.6182,0.6686,0.8888,0.5184,0.0470
3,7,8,1,0.5755,0.6352,0.9441,0.4306,0.0366
3,7,8,2,0.4873,0.4848,0.8256,0.3985,0.0873
3,7,8,3,0.5376,0.5884,0.9193,0.3910,0.0373
3,7,8,4,0.5253,0.5951,0.8844,0.4048,0.0558
3,7,8,5,0.5180,0.5676,0.8666,0.4078,0.0621
3,7,8,6,0.4965,0.5132,0.8442,0.3938,0.0752
3,7,8,7,0.5086,0.7764,0.9750,0.2095,0.0237
3,7,8,8,0.5260,0.7909,0.9926,0.2713,0.0164
3,7,8,9,0.5333,0.6101,0.9465,0.3529,0.0195
3,7,8,10,0.4967,0.5697,0.8709,0.3708,0.0533
3,7,8,11,0.5286,0.6567,0.9597,0.3566,0.0234
3,7,9,0,0.4933,0.6365,0.9209,0.3208,0.0332
3,7,9,1,0.7218,0.8156,0.9383,0.6276,0.0289
3,7,9,2,0.7347,0.8105,0.9937,0.6052,0.0095
3,7,9,3,0.5205,0.6268,0.9324,0.3635,0.0371
3,7,9,4,0.5615,0.6252,0.9200,0.4327,0.0445
3,7,9,5,0.5318,0.7456,0.9968,0.2810,0.0191
3,7,9,6,0.5598,0.5787,0.8604,0.4636,0.0652
3,7,9,7,0.4766,0.5314,0.8486,0.3625,0.0679
3,7,9,8,0.5584,0.7412,0.9776,0.2871,0.0170
3,7,9,9,0.4966,0.5037,0.8365,0.3999,0.0813
3,7,9,10,0.5624,0.6925,0.9877,0.3189,0.0131
3,7,9,11,0.7277,0.8253,0.9784,0.6067,0.0161
3,7,10,0,0.7020,0.7734,0.8899,0.4888,0.0272
3,7,10,1,0.4131,0.6910,0.9104,0.1745,0.0275
3,7,10,2,0.6564,0.7938,0.9539,0.4469,0.0108
3,7,10,3,0.6147,0.6787,0.8434,0.4324,0.0174
3,7,10,4,0.7031,0.8185,0.9454,0.5650,0.0161
3,7,10,5,0.4430,0.6760,0.9032,0.1903,0.0168
3,7,10,6,0.5644,0.7373,0.9122,0.3737,0.0182
3,7,10,7,0.6848,0.7573,0.8810,0.4860,0.0121
3,7,10,8,0.5546,0.6240,0.8041,0.3590,0.0257
3,7,10,9,0.4428,0.6742,0.9203,0.1780,0.0223
3,7,10,10,0.5880,0.7299,0.9495,0.4257,0.0225
3,7,10,11,0.4520,0.7805,0.9476,0.0581,0.0235
3,7,11,0,0.5676,0.6237,0.7771,0.4085,0.0415
3,7,11,1,0.5591,0.6170,0.7872,0.3920,0.0387
3,7,11,2,0.5612,0.6840,0.8880,0.2961,0.0118
3,7,11,3,0.5421,0.6163,0.7753,0.3671,0.0378
3,7,11,4,0.5502,0.6175,0.7965,0.3611,0.0293
3,7,11,5,0.5545,0.6451,0.8175,0.3586,0.0270
3,7,11,6,0.6262,0.6740,0.8429,0.4493,0.0197
3,7,11,7,0.5058,0.5940,0.7634,0.3215,0.0416
3,7,11,8,0.4851,0.6457,0.9707,0.2081,0.0109
3,7,11,9,0.5494,0.6994,0.9256,0.2567,0.0165
3,7,11,10,0.5437,0.6353,0.8408,0.3275,0.0153
3,7,11,11,0.4902,0.5859,0.7562,0.3153,0.0495
3,8,0,0,0.5502,0.6972,0.7247,0.1510,0.0520
3,8,0,1,0.5354,0.6788,0.9805,0.2881,0.0206
3,8,0,2,0.5394,0.6813,0.9666,0.3828,0.0289
3,8,0,3,0.4838,0.6541,0.9532,0.3081,0.0283
3,8,0,4,0.5637,0.7286,0.9003,0.2925,0.0381
3,8,0,5,0.4563,0.6602,0.9928,0.1728,0.0179
3,8,0,6,0.5105,0.7028,0.8043,0.1379,0.0376
3,8,0,7,0.7178,0.7681,0.9711,0.5636,0.0156
3,8,0,8,0.4843,0.7023,0.8699,0.1213,0.0307
3,8,0,9,0.6215,0.8296,0.9920,0.4262,0.0173
3,8,0,10,0.3524,0.5454,0.9387,0.1561,0.0358
3,8,0,11,0.7356,0.7910,0.9855,0.6142,0.0080
3,8,1,0,0.4712,0.7358,0.9924,0.2381,0.0160
3,8,1,1,0.4778,0.6410,0.9368,0.3185,0.0342
3,8,1,2,0.6864,0.7567,0.9888,0.5660,0.0157
3,8,1,3,0.6523,0.7745,0.9807,0.4760,0.0184
3,8,1,4,0.4526,0.7208,0.9092,0.3145,0.0477
3,8,1,5,0.6369,0.7746,0.9903,0.4779,0.0101
3,8,1,6,0.4588,0.5528,0.8694,0.3649,0.0811
3,8,1,7,0.5572,0.6960,0.9580,0.4272,0.0368
3,8,1,8,0.5744,0.7483,0.9583,0.3381,0.0136
3,8,1,9,0.4115,0.6937,0.9750,0.1835,0.0140
3,8,1,10,0.6418,0.7922,0.9916,0.4954,0.0165
3,8,1,11,0.5144,0.7084,0.9810,0.2940,0.0116
3,8,2,0,0.3202,0.4780,0.8712,0.2000,0.0891
3,8,2,1,0.5813,0.6807,0.9055,0.4715,0.0456
3,8,2,2,0.5194,0.6831,0.9427,0.3916,0.0429
3,8,2,3,0.6098,0.7502,0.9775,0.4706,0.0209
3,8,2,4,0.6189,0.7547,0.9931,0.4475,0.0095
3,8,2,5,0.6739,0.7999,0.9775,0.5077,0.0165
3,8,2,6,0.4054,0.6888,0.9775,0.1667,0.0117
3,8,2,7,0.7422,0.8120,0.9861,0.6249,0.0186
3,8,2,8,0.6488,0.7906,0.9921,0.4937,0.0078
3,8,2,9,0.3103,0.4773,0.8724,0.1855,0.0872
3,8,2,10,0.6493,0.7338,0.9757,0.5406,0.0339
3,8,2,11,0.6881,0.8069,0.9881,0.5672,0.0139
3,8,3,0,0.6407,0.7494,0.9473,0.5240,0.0442
3,8,3,1,0.7150,0.7840,0.9842,0.5681,0.0132
3,8,3,2,0.5133,0.7755,0.9934,0.2856,0.0059
3,8,3,3,0.6091,0.7262,0.9914,0.4203,0.0141
3,8,3,4,0.6924,0.7378,0.9735,0.5347,0.0151
3,8,3,5,0.5547,0.7104,0.9245,0.4496,0.0543
3,8,3,6,0.6467,0.7746,0.9687,0.4656,0.0142
3,8,3,7,0.6876,0.7862,0.9863,0.5354,0.0083
3,8,3,8,1.0000,1.0000,1.0000,1.0000,0.0000
3,8,3,9,0.4825,0.6409,0.9167,0.3542,0.0490
3,8,3,10,0.4576,0.6629,0.9683,0.2463,0.0161
3,8,3,11,0.6719,0.8002,0.9715,0.5441,0.0105
3,8,4,0,0.5609,0.6941,0.9578,0.4323,0.0334
3,8,4,1,0.4626,0.6714,0.9794,0.1791,0.0161
3,8,4,2,0.4957,0.6526,0.9783,0.3171,0.0210
3,8,4,3,0.4555,0.4966,0.8781,0.3558,0.0772
3,8,4,4,0.4500,0.6857,0.9856,0.2151,0.0071
3,8,4,5,0.3464,0.5423,0.9088,0.1595,0.0394
3,8,4,6,0.5551,0.6965,0.9535,0.4288,0.0365
3,8,4,7,0.5059,0.6041,0.9047,0.3926,0.0566
3,8,4,8,0.4540,0.5621,0.9330,0.2934,0.0341
3,8,4,9,0.5267,0.6537,0.9727,0.3493,0.0184
3,8,4,10,0.5318,0.6787,0.9610,0.3809,0.0214
3,8,4,11,0.4162,0.6309,0.9348,0.2659,0.0515
3,8,5,0,0.4141,0.5546,0.9098,0.2572,0.0445
3,8,5,1,0.4827,0.5091,0.8781,0.3852,0.0735
3,8,5,2,0.5140,0.6900,0.9884,0.3396,0.0208
3,8,5,3,0.5141,0.6450,0.9597,0.3624,0.0269
3,8,5,4,0.4863,0.6543,0.9747,0.2992,0.0211
3,8,5,5,0.4688,0.5155,0.8884,0.3635,0.0724
3,8,5,6,0.5011,0.5342,0.8860,0.3989,0.0674
3,8,5,7,0.4369,0.5384,0.8986,0.3035,0.0522
3,8,5,8,0.3897,0.5809,0.9745,0.1735,0.0176
3,8,5,9,0.3335,0.5833,0.9333,0.1552,0.0492
3,8,5,10,0.5175,0.7021,0.9582,0.3622,0.0308
3,8,5,11,0.4397,0.5647,0.9335,0.2973,0.0469
3,8,6,0,0.4308,0.5354,0.8974,0.3083,0.0595
3,8,6,1,0.4427,0.6177,0.9666,0.2478,0.0187
3,8,6,2,0.4607,0.5956,0.9459,0.2988,0.0339
3,8,6,3,0.4893,0.5777,0.9017,0.3739,0.0579
3,8,6,4,0.5229,0.6477,0.9358,0.3908,0.0405
3,8,6,5,0.4550,0.6106,0.9289,0.2932,0.0332
3,8,6,6,0.4367,0.5800,0.9375,0.2656,0.0327
3,8,6,7,0.4785,0.6493,0.9829,0.2622,0.0106
3,8,6,8,0.5698,0.7262,0.9581,0.4291,0.0302
3,8,6,9,0.4792,0.6096,0.9225,0.3173,0.0325
3,8,6,10,0.5194,0.6537,0.9177,0.4014,0.0509
3,8,6,11,0.4949,0.6708,0.9271,0.3607,0.0506
3,8,7,0,0.5179,0.6702,0.9618,0.3533,0.0213
3,8,7,1,0.3964,0.5369,0.9385,0.2213,0.0347
3,8,7,2,0.4731,0.6118,0.9462,0.3264,0.0429
3,8,7,3,0.4846,0.5232,0.8877,0.3723,0.0628
3,8,7,4,0.5426,0.6764,0.9144,0.4337,0.0535
3,8,7,5,0.5081,0.6627,0.9880,0.3100,0.0096
3,8,7,6,0.4823,0.5039,0.8785,0.3819,0.0730
3,8,7,7,0.4275,0.4814,0.8873,0.3193,0.0780
3,8,7,8,0.3824,0.5913,0.9371,0.1688,0.0235
3,8,7,9,0.4775,0.5659,0.9145,0.3462,0.0518
3,8,7,10,0.3410,0.5369,0.9129,0.1784,0.0563
3,8,7,11,0.4421,0.5703,0.9107,0.3215,0.0651
3,8,8,0,0.4825,0.6090,0.9216,0.3431,0.0434
3,8,8,1,0.5385,0.6123,0.9541,0.3886,0.0336
3,8,8,2,0.4562,0.4771,0.8706,0.3608,0.0829
3,8,8,3,0.4750,0.5694,0.9411,0.3154,0.0337
3,8,8,4,0.4601,0.5722,0.9241,0.3249,0.0513
3,8,8,5,0.4542,0.5441,0.9077,0.3294,0.0581
3,8,8,6,0.4762,0.5057,0.8836,0.3710,0.0706
3,8,8,7,0.4740,0.7429,0.9573,0.1825,0.0221
3,8,8,8,0.5510,0.7276,0.9683,0.3303,0.0157
3,8,8,9,0.4853,0.6059,0.9664,0.2990,0.0155
3,8,8,10,0.4444,0.5672,0.9124,0.3085,0.0482
3,8,8,11,0.5084,0.6470,0.9657,0.3401,0.0178
3,8,9,0,0.4831,0.6266,0.9559,0.3178,0.0315
3,8,9,1,0.5720,0.7560,0.9617,0.4274,0.0273
3,8,9,2,0.4745,0.7191,0.9813,0.2376,0.0128
3,8,9,3,0.5284,0.6178,0.9425,0.3830,0.0335
3,8,9,4,0.5300,0.5931,0.9378,0.3969,0.0399
3,8,9,5,0.5102,0.7098,0.9757,0.2701,0.0184
3,8,9,6,0.4893,0.5461,0.8940,0.3750,0.0605
3,8,9,7,0.4473,0.5175,0.8932,0.3294,0.0644
3,8,9,8,0.5256,0.6988,0.9588,0.2611,0.0179
3,8,9,9,0.4768,0.4926,0.8786,0.3772,0.0769
3,8,9,10,0.4905,0.6580,0.9731,0.2316,0.0111
3,8,9,11,0.5460,0.7065,0.9842,0.3568,0.0162
3,8,10,0,0.6108,0.7377,0.8275,0.3558,0.0274
3,8,10,1,0.3108,0.6214,0.9243,0.0505,0.0281
3,8,10,2,0.4475,0.6885,0.9433,0.1388,0.0146
3,8,10,3,0.4630,0.5930,0.8187,0.2283,0.0221
3,8,10,4,0.4262,0.6555,0.9300,0.1783,0.0170
3,8,10,5,0.3348,0.5911,0.9014,0.0562,0.0176
3,8,10,6,0.3469,0.6178,0.9187,0.0809,0.0189
3,8,10,7,0.5125,0.6510,0.8343,0.2307,0.0170
3,8,10,8,0.4785,0.5824,0.7694,0.2659,0.0274
3,8,10,9,0.3873,0.6246,0.9179,0.1192,0.0235
3,8,10,10,0.4174,0.7039,0.9752,0.2008,0.0198
3,8,10,11,0.4369,0.6983,0.9017,0.0708,0.0239
3,8,11,0,0.4186,0.5155,0.7674,0.2152,0.0438
3,8,11,1,0.4200,0.5190,0.7723,0.2121,0.0420
3,8,11,2,0.3987,0.5919,0.8408,0.0663,0.0132
3,8,11,3,0.4000,0.5135,0.7586,0.1837,0.0405
3,8,11,4,0.3990,0.5221,0.7762,0.1633,0.0333
3,8,11,5,0.4395,0.5598,0.7865,0.2106,0.0319
3,8,11,6,0.4672,0.5651,0.8195,0.2341,0.0243
3,8,11,7,0.3772,0.5044,0.7527,0.1583,0.0451
3,8,11,8,0.4196,0.6458,0.9576,0.1335,0.0089
3,8,11,9,0.4453,0.6520,0.8876,0.1166,0.0183
3,8,11,10,0.3906,0.5356,0.8193,0.1243,0.0171
3,8,11,11,0.3575,0.4912,0.7516,0.1480,0.0510
3,9,0,0,0.3079,0.4784,0.4057,-0.0563,0.0954
3,9,0,1,0.3439,0.5519,0.8428,0.1490,0.0646
3,9,0,2,0.3473,0.6707,0.9777,0.2106,0.0284
3,9,0,3,0.2479,0.5744,0.9526,0.0900,0.0250
3,9,0,4,0.3865,0.5004,0.6720,0.1849,0.0814
3,9,0,5,0.2524,0.4850,0.8727,0.0273,0.0642
3,9,0,6,0.2875,0.5253,0.5168,-0.0189,0.0849
3,9,0,7,0.3892,0.5619,0.8341,0.2047,0.0618
3,9,0,8,0.3872,0.5640,0.6195,0.1703,0.0778
3,9,0,9,0.4388,0.7181,0.8945,0.2834,0.0583
3,9,0,10,0.5646,0.6120,0.9793,0.4830,0.0172
3,9,0,11,0.5119,0.6831,0.9521,0.3910,0.0533
3,9,1,0,0.4077,0.6253,0.8953,0.2591,0.0434
3,9,1,1,0.7593,0.8692,0.9977,0.7142,0.0171
3,9,1,2,0.5529,0.6922,0.9520,0.4538,0.0422
3,9,1,3,0.5329,0.6721,0.8608,0.4130,0.0598
3,9,1,4,0.4362,0.6812,0.9988,0.3423,0.0090
3,9,1,5,0.5898,0.6927,0.9061,0.4946,0.0438
3,9,1,6,0.6073,0.6486,0.9799,0.5580,0.0352
3,9,1,7,0.5791,0.7047,0.9760,0.4999,0.0210
3,9,1,8,0.5303,0.6753,0.7827,0.4055,0.0598
3,9,1,9,0.4447,0.6232,0.9607,0.3188,0.0358
3,9,1,10,0.5509,0.7206,0.9316,0.4481,0.0470
3,9,1,11,0.2824,0.5838,0.9576,0.0926,0.0440
3,9,2,0,0.4974,0.5542,0.9888,0.4380,0.0430
3,9,2,1,0.5589,0.7103,0.9891,0.4809,0.0119
3,9,2,2,0.4726,0.6877,0.9883,0.3800,0.0159
3,9,2,3,0.5819,0.6833,0.9605,0.4936,0.0283
3,9,2,4,0.6485,0.7572,0.9061,0.5700,0.0446
3,9,2,5,0.6863,0.7412,0.8474,0.6216,0.0614
3,9,2,6,0.2267,0.5949,0.9716,0.0410,0.0397
3,9,2,7,0.5680,0.6708,0.8602,0.4649,0.0565
3,9,2,8,0.5576,0.6418,0.9225,0.4526,0.0502
3,9,2,9,0.4913,0.5541,0.9892,0.4301,0.0411
3,9,2,10,0.5129,0.6764,0.9790,0.4164,0.0250
3,9,2,11,0.6743,0.7459,0.9503,0.6052,0.0487
3,9,3,0,0.4671,0.6508,0.9818,0.3585,0.0346
3,9,3,1,0.5223,0.6025,0.8494,0.3973,0.0577
3,9,3,2,0.3691,0.6154,0.8942,0.2017,0.0510
3,9,3,3,0.5821,0.6872,0.8787,0.4812,0.0511
3,9,3,4,0.4093,0.5459,0.8313,0.2432,0.0620
3,9,3,5,0.4481,0.6803,0.9983,0.3574,0.0100
3,9,3,6,0.4679,0.6155,0.8216,0.3236,0.0557
3,9,3,7,0.6130,0.7011,0.8588,0.5222,0.0523
3,9,3,8,0.4825,0.6409,0.9167,0.3542,0.0490
3,9,3,9,1.0000,1.0000,1.0000,1.0000,0.0000
3,9,3,10,0.7621,0.7725,0.9722,0.7151,0.0356
3,9,3,11,0.4965,0.6499,0.9462,0.3824,0.0413
3,9,4,0,0.1867,0.4367,0.9779,0.0324,0.0159
3,9,4,1,0.2644,0.4536,0.8556,0.0415,0.0602
3,9,4,2,0.2763,0.4370,0.9615,0.1198,0.0354
3,9,4,3,0.1584,0.2845,0.9729,0.0454,0.0303
3,9,4,4,0.1663,0.5409,0.9191,-0.0466,0.0515
3,9,4,5,0.3443,0.4583,0.9690,0.2265,0.0137
3,9,4,6,0.1263,0.4048,0.9900,-0.0358,0.0166
3,9,4,7,0.1915,0.3837,0.9974,0.0633,0.0135
3,9,4,8,0.1981,0.3485,0.9695,0.0482,0.0192
3,9,4,9,0.2498,0.4211,0.9529,0.0795,0.0352
3,9,4,10,0.1567,0.3769,0.9796,-0.0142,0.0289
3,9,4,11,0.2496,0.4933,0.9918,0.1239,0.0101
3,9,5,0,0.2987,0.4011,0.9700,0.1776,0.0115
3,9,5,1,0.1631,0.2893,0.9825,0.0470,0.0272
3,9,5,2,0.2707,0.4541,0.9400,0.1111,0.0371
3,9,5,3,0.1526,0.3745,0.9805,-0.0147,0.0256
3,9,5,4,0.2321,0.4074,0.9260,0.0619,0.0342
3,9,5,5,0.1749,0.2997,0.9778,0.0577,0.0261
3,9,5,6,0.1639,0.3195,0.9886,0.0408,0.0196
3,9,5,7,0.2127,0.3568,0.9831,0.0881,0.0124
3,9,5,8,0.2196,0.3943,0.9625,0.0511,0.0365
3,9,5,9,0.4279,0.5950,0.9950,0.3306,0.0100
3,9,5,10,0.1791,0.4531,0.9800,0.0133,0.0216
3,9,5,11,0.2211,0.3736,0.9850,0.0910,0.0114
3,9,6,0,0.1495,0.3190,0.9946,0.0239,0.0168
3,9,6,1,0.1582,0.3794,0.9771,-0.0226,0.0369
3,9,6,2,0.1553,0.3358,0.9864,-0.0053,0.0203
3,9,6,3,0.1726,0.3522,0.9930,0.0435,0.0102
3,9,6,4,0.1801,0.4258,0.9954,0.0317,0.0124
3,9,6,5,0.3672,0.4686,0.9952,0.2484,0.0188
3,9,6,6,0.3171,0.4527,0.9833,0.1867,0.0171
3,9,6,7,0.2326,0.4374,0.9404,0.0432,0.0437
3,9,6,8,0.3148,0.5024,0.9767,0.1745,0.0211
3,9,6,9,0.1658,0.3913,0.9601,0.0025,0.0201
3,9,6,10,0.1331,0.3593,0.9953,-0.0113,0.0098
3,9,6,11,0.1191,0.4274,0.9992,-0.0348,0.0160
3,9,7,0,0.1474,0.4101,0.9378,-0.0332,0.0289
3,9,7,1,0.1849,0.3536,0.9821,0.0354,0.0179
3,9,7,2,0.3132,0.4597,0.9845,0.1897,0.0112
3,9,7,3,0.1832,0.3124,0.9769,0.0590,0.0172
3,9,7,4,0.1344,0.4191,0.9985,-0.0081,0.0110
3,9,7,5,0.2352,0.4321,0.9317,0.0510,0.0440
3,9,7,6,0.1874,0.2885,0.9785,0.0728,0.0271
3,9,7,7,0.1514,0.2678,0.9800,0.0368,0.0316
3,9,7,8,0.1878,0.3935,0.8561,0.0158,0.0280
3,9,7,9,0.1582,0.3391,0.9838,0.0174,0.0122
3,9,7,10,0.4569,0.5268,0.9982,0.3704,0.0137
3,9,7,11,0.1510,0.3119,0.9882,0.0247,0.0181
3,9,8,0,0.2491,0.3997,0.9825,0.1171,0.0123
3,9,8,1,0.2469,0.3853,0.9374,0.0937,0.0289
3,9,8,2,0.1679,0.2659,0.9778,0.0591,0.0368
3,9,8,3,0.1988,0.3450,0.9545,0.0448,0.0176
3,9,8,4,0.1678,0.3532,0.9911,0.0297,0.0159
3,9,8,5,0.2103,0.3491,0.9871,0.0876,0.0148
3,9,8,6,0.1552,0.2837,0.9769,0.0337,0.0254
3,9,8,7,0.1815,0.5140,0.7863,-0.0856,0.0673
3,9,8,8,0.1842,0.5133,0.8042,-0.0526,0.0601
3,9,8,9,0.2291,0.3970,0.9667,0.0590,0.0336
3,9,8,10,0.2122,0.3569,0.9886,0.0842,0.0099
3,9,8,11,0.1819,0.3987,0.9306,0.0086,0.0340
3,9,9,0,0.2815,0.4881,0.9851,0.1380,0.0212
3,9,9,1,0.4286,0.5897,0.9745,0.3097,0.0254
3,9,9,2,0.2651,0.4942,0.8542,0.0711,0.0450
3,9,9,3,0.2065,0.3708,0.9299,0.0513,0.0204
3,9,9,4,0.2109,0.3575,0.9582,0.0657,0.0153
3,9,9,5,0.2742,0.4882,0.8294,0.0686,0.0550
3,9,9,6,0.2007,0.3349,0.9703,0.0767,0.0167
3,9,9,7,0.2135,0.3560,0.9873,0.0974,0.0165
3,9,9,8,0.3486,0.6382,0.7828,0.1481,0.0645
3,9,9,9,0.1694,0.2708,0.9778,0.0539,0.0311
3,9,9,10,0.3438,0.4867,0.8778,0.1564,0.0587
3,9,9,11,0.3473,0.5328,0.9339,0.1882,0.0390
3,9,10,0,0.3023,0.5647,0.5408,0.0374,0.0757
3,9,10,1,0.1668,0.4843,0.8090,-0.0235,0.0370
3,9,10,2,0.2819,0.5533,0.7550,0.0544,0.0612
3,9,10,3,0.2508,0.4610,0.6401,0.0578,0.0461
3,9,10,4,0.2801,0.5437,0.7972,0.0974,0.0423
3,9,10,5,0.1327,0.4435,0.7521,-0.0857,0.0382
3,9,10,6,0.2422,0.5185,0.7911,0.0584,0.0412
3,9,10,7,0.2976,0.4771,0.5811,0.0688,0.0626
3,9,10,8,0.2487,0.3828,0.5878,0.0662,0.0428
3,9,10,9,0.1574,0.4864,0.7667,-0.0628,0.0495
3,9,10,10,0.3619,0.6979,0.9676,0.2200,0.0364
3,9,10,11,0.2587,0.5306,0.6611,-0.0140,0.0709
3,9,11,0,0.1799,0.3544,0.6338,0.0041,0.0382
3,9,11,1,0.1629,0.3506,0.6345,-0.0203,0.0387
3,9,11,2,0.2205,0.4477,0.6082,-0.0293,0.0593
3,9,11,3,0.1579,0.3606,0.6156,-0.0273,0.0388
3,9,11,4,0.1704,0.3618,0.6203,-0.0259,0.0422
3,9,11,5,0.1789,0.3891,0.6046,-0.0223,0.0452
3,9,11,6,0.2194,0.3976,0.6462,0.0172,0.0458
3,9,11,7,0.1455,0.3367,0.6118,-0.0382,0.0377
3,9,11,8,0.1851,0.4704,0.8046,-0.0516,0.0542
3,9,11,9,0.2458,0.4925,0.6553,-0.0104,0.0633
3,9,11,10,0.1706,0.3980,0.6449,-0.0455,0.0435
3,9,11,11,0.1232,0.3252,0.6318,-0.0534,0.0356
3,10,0,0,0.4834,0.6426,0.5836,0.0946,0.0661
3,10,0,1,0.4015,0.6661,0.9370,0.1269,0.0350
3,10,0,2,0.3270,0.6584,0.9851,0.1224,0.0144
3,10,0,3,0.2430,0.5877,0.9583,0.0137,0.0148
3,10,0,4,0.6046,0.6780,0.8092,0.4075,0.0526
3,10,0,5,0.3274,0.6578,0.9507,0.0242,0.0335
3,10,0,6,0.4106,0.6733,0.6819,0.0221,0.0530
3,10,0,7,0.4257,0.6943,0.9333,0.1490,0.0304
3,10,0,8,0.4861,0.7221,0.7673,0.1887,0.0454
3,10,0,9,0.3594,0.7172,0.9657,0.0723,0.0297
3,10,0,10,0.6021,0.7669,0.9743,0.4974,0.0215
3,10,0,11,0.4799,0.7272,0.9936,0.2735,0.0235
3,10,1,0,0.3910,0.6367,0.9444,0.1578,0.0101
3,10,1,1,0.5980,0.7541,0.9850,0.4894,0.0201
3,10,1,2,0.4894,0.6739,0.9923,0.3157,0.0213
3,10,1,3,0.4585,0.6385,0.9369,0.2218,0.0313
3,10,1,4,0.3175,0.5502,0.9715,0.1583,0.0350
3,10,1,5,0.5085,0.6299,0.9449,0.3218,0.0131
3,10,1,6,0.4362,0.4255,0.9167,0.3431,0.0693
3,10,1,7,0.4713,0.5719,0.9626,0.3294,0.0258
3,10,1,8,0.5427,0.6840,0.8750,0.3287,0.0270
3,10,1,9,0.4724,0.5926,0.9669,0.2933,0.0160
3,10,1,10,0.4782,0.6305,0.9768,0.2915,0.0255
3,10,1,11,0.3129,0.6774,0.9967,0.0423,0.0135
3,10,2,0,0.4422,0.6528,0.9570,0.3583,0.0767
3,10,2,1,0.5114,0.6401,0.9544,0.3916,0.0320
3,10,2,2,0.4101,0.5634,0.9652,0.2651,0.0331
3,10,2,3,0.5324,0.6252,0.9669,0.3836,0.0114
3,10,2,4,0.5740,0.6682,0.9551,0.4085,0.0149
3,10,2,5,0.5636,0.6704,0.9213,0.3740,0.0315
3,10,2,6,0.2712,0.6842,0.9965,0.0155,0.0106
3,10,2,7,0.4760,0.6200,0.9336,0.2696,0.0322
3,10,2,8,0.5173,0.6732,0.9768,0.3323,0.0185
3,10,2,9,0.4457,0.6564,0.9577,0.3610,0.0748
3,10,2,10,0.4558,0.6134,0.9843,0.2999,0.0238
3,10,2,11,0.5167,0.6418,0.9829,0.3511,0.0256
3,10,3,0,0.5383,0.6683,0.9609,0.4019,0.0286
3,10,3,1,0.6408,0.7406,0.9205,0.4849,0.0274
3,10,3,2,0.4673,0.6837,0.9557,0.2522,0.0187
3,10,3,3,0.7248,0.8030,0.9341,0.6134,0.0170
3,10,3,4,0.4674,0.6368,0.9218,0.2316,0.0312
3,10,3,5,0.3203,0.5726,0.9768,0.1643,0.0384
3,10,3,6,0.5883,0.6777,0.8891,0.4092,0.0222
3,10,3,7,0.6466,0.7131,0.9218,0.5005,0.0188
3,10,3,8,0.4576,0.6629,0.9683,0.2463,0.0161
3,10,3,9,0.7621,0.7725,0.9722,0.7151,0.0356
3,10,3,10,1.0000,1.0000,1.0000,1.0000,0.0000
3,10,3,11,0.4454,0.5992,0.9578,0.2548,0.0152
3,10,4,0,0.4542,0.6452,0.9639,0.3078,0.0214
3,10,4,1,0.4724,0.6705,0.9426,0.2349,0.0300
3,10,4,2,0.4269,0.5928,0.9692,0.2471,0.0215
3,10,4,3,0.3770,0.4376,0.9115,0.2666,0.0650
3,10,4,4,0.5205,0.7644,0.9811,0.3425,0.0214
3,10,4,5,0.6565,0.7063,0.9341,0.5730,0.0242
3,10,4,6,0.4453,0.6404,0.9764,0.3005,0.0232
3,10,4,7,0.4026,0.5558,0.9606,0.2729,0.0446
3,10,4,8,0.4763,0.5674,0.9472,0.3385,0.0243
3,10,4,9,0.5302,0.6240,0.9599,0.3749,0.0163
3,10,4,10,0.4891,0.5950,0.9728,0.3415,0.0134
3,10,4,11,0.4397,0.6338,0.9625,0.3101,0.0354
3,10,5,0,0.5493,0.5918,0.9307,0.4432,0.0320
3,10,5,1,0.3872,0.4584,0.9249,0.2744,0.0617
3,10,5,2,0.5036,0.6439,0.9641,0.3461,0.0221
3,10,5,3,0.4339,0.5892,0.9717,0.2748,0.0203
3,10,5,4,0.4699,0.6013,0.9369,0.2996,0.0167
3,10,5,5,0.4065,0.4755,0.9220,0.2945,0.0606
3,10,5,6,0.3709,0.4862,0.9380,0.2453,0.0528
3,10,5,7,0.4755,0.5500,0.9344,0.3636,0.0416
3,10,5,8,0.5278,0.6268,0.9781,0.3808,0.0204
3,10,5,9,0.6293,0.7487,0.9707,0.5459,0.0334
3,10,5,10,0.4322,0.6265,0.9738,0.2683,0.0163
3,10,5,11,0.5148,0.6235,0.9550,0.4049,0.0378
3,10,6,0,0.3207,0.4928,0.9493,0.1829,0.0507
3,10,6,1,0.4305,0.6200,0.9848,0.2546,0.0200
3,10,6,2,0.3024,0.4979,0.9642,0.1134,0.0217
3,10,6,3,0.3704,0.5099,0.9506,0.2354,0.0435
3,10,6,4,0.4102,0.6107,0.9755,0.2601,0.0256
3,10,6,5,0.5811,0.6838,0.9734,0.4712,0.0198
3,10,6,6,0.5764,0.6634,0.9632,0.4629,0.0204
3,10,6,7,0.5005,0.6332,0.9736,0.3198,0.0165
3,10,6,8,0.4876,0.6245,0.9636,0.3368,0.0168
3,10,6,9,0.4063,0.5653,0.9297,0.2408,0.0175
3,10,6,10,0.3754,0.5518,0.9628,0.2308,0.0365
3,10,6,11,0.2889,0.5900,0.9776,0.1134,0.0360
3,10,7,0,0.4462,0.6179,0.9321,0.2778,0.0132
3,10,7,1,0.4448,0.5642,0.9605,0.3017,0.0236
3,10,7,2,0.5297,0.6185,0.9618,0.4125,0.0292
3,10,7,3,0.4138,0.4716,0.9220,0.2933,0.0508
3,10,7,4,0.3780,0.6088,0.9665,0.2361,0.0378
3,10,7,5,0.5457,0.6949,0.9651,0.3858,0.0163
3,10,7,6,0.3880,0.4437,0.9194,0.2728,0.0611
3,10,7,7,0.3017,0.4095,0.9240,0.1738,0.0656
3,10,7,8,0.4884,0.5861,0.8673,0.3327,0.0105
3,10,7,9,0.3871,0.4984,0.9453,0.2448,0.0380
3,10,7,10,0.6506,0.6873,0.9649,0.5805,0.0413
3,10,7,11,0.3093,0.4834,0.9440,0.1677,0.0516
3,10,8,0,0.5044,0.5791,0.9464,0.3839,0.0295
3,10,8,1,0.4812,0.5621,0.9291,0.3300,0.0265
3,10,8,2,0.3947,0.4259,0.9147,0.2919,0.0713
3,10,8,3,0.4784,0.5566,0.9409,0.3365,0.0208
3,10,8,4,0.3796,0.5307,0.9565,0.2366,0.0397
3,10,8,5,0.4750,0.5318,0.9414,0.3659,0.0455
3,10,8,6,0.4046,0.4633,0.9192,0.2904,0.0589
3,10,8,7,0.4723,0.6930,0.8940,0.2239,0.0361
3,10,8,8,0.5049,0.7169,0.8922,0.2961,0.0307
3,10,8,9,0.5876,0.6753,0.9713,0.4560,0.0143
3,10,8,10,0.5184,0.5709,0.9464,0.4134,0.0383
3,10,8,11,0.5426,0.6544,0.9295,0.4035,0.0129
3,10,9,0,0.5082,0.6857,0.9767,0.3680,0.0178
3,10,9,1,0.5825,0.6719,0.9642,0.4565,0.0125
3,10,9,2,0.5380,0.6539,0.9071,0.3580,0.0141
3,10,9,3,0.3940,0.5512,0.9115,0.2250,0.0216
3,10,9,4,0.4173,0.5345,0.9302,0.2661,0.0288
3,10,9,5,0.5114,0.7176,0.9045,0.3061,0.0276
3,10,9,6,0.4333,0.4892,0.9166,0.3145,0.0485
3,10,9,7,0.4652,0.5397,0.9355,0.3610,0.0506
3,10,9,8,0.4468,0.7343,0.8854,0.1829,0.0328
3,10,9,9,0.3822,0.4315,0.9180,0.2678,0.0650
3,10,9,10,0.5297,0.7108,0.9296,0.3261,0.0262
3,10,9,11,0.4102,0.6298,0.9515,0.1958,0.0073
3,10,10,0,0.4427,0.6728,0.6814,0.1195,0.0427
3,10,10,1,0.3177,0.6082,0.8485,0.0922,0.0144
3,10,10,2,0.4570,0.6725,0.8434,0.1992,0.0280
3,10,10,3,0.3713,0.5394,0.6861,0.1323,0.0140
3,10,10,4,0.4188,0.6250,0.8291,0.2005,0.0090
3,10,10,5,0.3001,0.5840,0.8002,0.0445,0.0085
3,10,10,6,0.3915,0.6404,0.8315,0.1753,0.0118
3,10,10,7,0.4289,0.6024,0.6783,0.1465,0.0298
3,10,10,8,0.4678,0.5160,0.6336,0.2783,0.0169
3,10,10,9,0.3242,0.6253,0.8232,0.0669,0.0199
3,10,10,10,0.3783,0.7133,0.9801,0.1752,0.0125
3,10,10,11,0.4122,0.6813,0.7852,0.0886,0.0396
3,10,11,0,0.3324,0.4754,0.6458,0.1262,0.0283
3,10,11,1,0.3086,0.4689,0.6479,0.0903,0.0283
3,10,11,2,0.4036,0.5906,0.6887,0.1216,0.0270
3,10,11,3,0.3220,0.4791,0.6299,0.1069,0.0260
3,10,11,4,0.3303,0.4924,0.6446,0.1004,0.0206
3,10,11,5,0.3632,0.5133,0.6433,0.1361,0.0198
3,10,11,6,0.3611,0.5197,0.6835,0.1181,0.0149
3,10,11,7,0.3205,0.4524,0.6288,0.1102,0.0297
3,10,11,8,0.3709,0.6240,0.8666,0.1032,0.0205
3,10,11,9,0.3957,0.6500,0.7511,0.0895,0.0326
3,10,11,10,0.3529,0.5354,0.6883,0.1071,0.0121
3,10,11,11,0.2907,0.4458,0.6365,0.0861,0.0360
3,11,0,0,0.4559,0.5980,0.6296,0.0222,0.0605
3,11,0,1,0.4141,0.6283,0.9282,0.1437,0.0292
3,11,0,2,0.6291,0.7331,0.9840,0.5164,0.0234
3,11,0,3,0.6667,0.7479,0.9840,0.5661,0.0221
3,11,0,4,0.5278,0.6470,0.8310,0.2805,0.0480
3,11,0,5,0.3611,0.5459,0.9407,0.0717,0.0258
3,11,0,6,0.4578,0.6158,0.7168,0.1081,0.0454
3,11,0,7,0.5498,0.6646,0.9223,0.3364,0.0237
3,11,0,8,0.4331,0.6316,0.7953,0.0930,0.0377
3,11,0,9,0.4689,0.6829,0.9602,0.2314,0.0253
3,11,0,10,0.3233,0.5575,0.9641,0.1402,0.0278
3,11,0,11,0.6167,0.6862,0.9748,0.4645,0.0153
3,11,1,0,0.4939,0.6539,0.9536,0.2992,0.0193
3,11,1,1,0.5055,0.6463,0.9588,0.3701,0.0260
3,11,1,2,0.5663,0.6981,0.9759,0.4179,0.0184
3,11,1,3,0.6302,0.7101,0.9571,0.4707,0.0257
3,11,1,4,0.7379,0.8287,0.9432,0.6843,0.0399
3,11,1,5,0.6600,0.7370,0.9841,0.5305,0.0126
3,11,1,6,0.6242,0.6257,0.9376,0.5717,0.0733
3,11,1,7,0.6579,0.7147,0.9870,0.5676,0.0298
3,11,1,8,0.6538,0.7466,0.9215,0.4959,0.0233
3,11,1,9,0.5681,0.7017,0.9944,0.4206,0.0159
3,11,1,10,0.7855,0.8478,0.9861,0.7084,0.0218
3,11,1,11,0.3603,0.6054,0.9696,0.1069,0.0177
3,11,2,0,0.2889,0.4865,0.8966,0.1723,0.0811
3,11,2,1,0.6776,0.7662,0.9603,0.6013,0.0381
3,11,2,2,0.6161,0.6973,0.9794,0.5245,0.0360
3,11,2,3,0.7124,0.7717,0.9936,0.6206,0.0182
3,11,2,4,0.7051,0.7691,0.9842,0.5905,0.0165
3,11,2,5,0.7745,0.8283,0.9572,0.6812,0.0251
3,11,2,6,0.3455,0.6120,0.9670,0.1144,0.0099
3,11,2,7,0.7474,0.7951,0.9614,0.6488,0.0268
3,11,2,8,0.6658,0.7208,0.9739,0.5374,0.0097
3,11,2,9,0.2787,0.4874,0.8978,0.1582,0.0793
3,11,2,10,0.5421,0.6166,0.9826,0.4109,0.0312
3,11,2,11,0.6857,0.7490,0.9860,0.5774,0.0191
3,11,3,0,0.5571,0.6825,0.9815,0.4257,0.0397
3,11,3,1,0.7016,0.7436,0.9572,0.5732,0.0227
3,11,3,2,0.5193,0.7441,0.9741,0.3242,0.0116
3,11,3,3,0.4989,0.6060,0.9722,0.2893,0.0145
3,11,3,4,0.5574,0.6647,0.9377,0.3620,0.0238
3,11,3,5,0.7033,0.7862,0.9509,0.6426,0.0462
3,11,3,6,0.5733,0.6780,0.9500,0.3858,0.0226
3,11,3,7,0.7514,0.8056,0.9623,0.6500,0.0168
3,11,3,8,0.6719,0.8002,0.9715,0.5441,0.0105
3,11,3,9,0.4965,0.6499,0.9462,0.3824,0.0413
3,11,3,10,0.4454,0.5992,0.9578,0.2548,0.0152
3,11,3,11,1.0000,1.0000,1.0000,1.0000,0.0000
3,11,4,0,0.3411,0.5802,0.9868,0.1622,0.0258
3,11,4,1,0.3354,0.5646,0.9437,0.0304,0.0242
3,11,4,2,0.3605,0.5399,0.9961,0.1586,0.0199
3,11,4,3,0.2788,0.3971,0.9450,0.1461,0.0694
3,11,4,4,0.2894,0.6022,0.9632,0.0235,0.0136
3,11,4,5,0.2273,0.5074,0.9759,0.0283,0.0312
3,11,4,6,0.3891,0.5903,0.9793,0.2281,0.0283
3,11,4,7,0.3504,0.4916,0.9503,0.2073,0.0493
3,11,4,8,0.3095,0.4602,0.9878,0.1248,0.0271
3,11,4,9,0.4307,0.5680,0.9981,0.2414,0.0210
3,11,4,10,0.3891,0.5611,0.9859,0.2110,0.0132
3,11,4,11,0.2688,0.5397,0.9705,0.0952,0.0432
3,11,5,0,0.2591,0.4895,0.9748,0.0772,0.0371
3,11,5,1,0.3044,0.4021,0.9449,0.1724,0.0654
3,11,5,2,0.3450,0.5740,0.9945,0.1357,0.0226
3,11,5,3,0.3464,0.5461,0.9862,0.1611,0.0223
3,11,5,4,0.3672,0.5539,0.9919,0.1626,0.0230
3,11,5,5,0.2866,0.4076,0.9523,0.1467,0.0644
3,11,5,6,0.3365,0.4278,0.9479,0.2024,0.0598
3,11,5,7,0.2751,0.4468,0.9598,0.1138,0.0439
3,11,5,8,0.2607,0.5211,0.9959,0.0286,0.0179
3,11,5,9,0.2254,0.5447,0.9710,0.0379,0.0410
3,11,5,10,0.4953,0.6780,0.9911,0.3491,0.0229
3,11,5,11,0.2928,0.4802,0.9779,0.1260,0.0398
3,11,6,0,0.2632,0.4385,0.9481,0.1113,0.0523
3,11,6,1,0.2939,0.5106,0.9847,0.0742,0.0182
3,11,6,2,0.3867,0.5106,0.9810,0.2203,0.0263
3,11,6,3,0.4042,0.5113,0.9555,0.2767,0.0498
3,11,6,4,0.3134,0.5541,0.9710,0.1364,0.0328
3,11,6,5,0.3042,0.5281,0.9683,0.1167,0.0242
3,11,6,6,0.2803,0.5035,0.9838,0.0827,0.0248
3,11,6,7,0.3270,0.5470,0.9935,0.0819,0.0173
3,11,6,8,0.4381,0.6223,0.9895,0.2715,0.0253
3,11,6,9,0.5146,0.6045,0.9835,0.3793,0.0241
3,11,6,10,0.3633,0.5596,0.9623,0.2149,0.0432
3,11,6,11,0.3772,0.5683,0.9523,0.2240,0.0428
3,11,7,0,0.3633,0.5639,0.9867,0.1684,0.0155
3,11,7,1,0.2597,0.4659,0.9837,0.0655,0.0267
3,11,7,2,0.2989,0.5149,0.9807,0.1192,0.0351
3,11,7,3,0.3241,0.4320,0.9546,0.1817,0.0555
3,11,7,4,0.3761,0.5605,0.9546,0.2331,0.0455
3,11,7,5,0.3357,0.5454,0.9897,0.1002,0.0131
3,11,7,6,0.3036,0.3999,0.9466,0.1687,0.0657
3,11,7,7,0.2742,0.3773,0.9438,0.1396,0.0707
3,11,7,8,0.2990,0.4905,0.9345,0.0838,0.0155
3,11,7,9,0.4348,0.5219,0.9709,0.3039,0.0443
3,11,7,10,0.1995,0.4782,0.9532,0.0185,0.0488
3,11,7,11,0.2928,0.4546,0.9575,0.1466,0.0578
3,11,8,0,0.3747,0.5380,0.9746,0.2194,0.0362
3,11,8,1,0.3398,0.5039,0.9894,0.1457,0.0337
3,11,8,2,0.2771,0.3718,0.9396,0.1481,0.0754
3,11,8,3,0.3053,0.4652,0.9877,0.1136,0.0271
3,11,8,4,0.2914,0.4674,0.9676,0.1254,0.0438
3,11,8,5,0.2705,0.4419,0.9599,0.1114,0.0510
3,11,8,6,0.3084,0.4044,0.9505,0.1715,0.0630
3,11,8,7,0.3334,0.6595,0.9068,0.0117,0.0306
3,11,8,8,0.3693,0.6453,0.9323,0.0994,0.0253
3,11,8,9,0.3276,0.5108,0.9970,0.1114,0.0109
3,11,8,10,0.2952,0.4542,0.9631,0.1341,0.0413
3,11,8,11,0.4125,0.5541,0.9861,0.2324,0.0108
3,11,9,0,0.2921,0.5653,0.9866,0.0878,0.0238
3,11,9,1,0.4658,0.6599,0.9892,0.3032,0.0211
3,11,9,2,0.4734,0.6570,0.9601,0.2665,0.0171
3,11,9,3,0.4039,0.5222,0.9770,0.2368,0.0269
3,11,9,4,0.3483,0.4913,0.9819,0.1775,0.0331
3,11,9,5,0.3490,0.6129,0.9517,0.0709,0.0260
3,11,9,6,0.3382,0.4415,0.9581,0.1958,0.0534
3,11,9,7,0.2860,0.4321,0.9508,0.1394,0.0571
3,11,9,8,0.3926,0.6497,0.9149,0.0985,0.0258
3,11,9,9,0.2974,0.3878,0.9461,0.1634,0.0693
3,11,9,10,0.3518,0.5748,0.9788,0.0650,0.0194
3,11,9,11,0.5017,0.6345,0.9928,0.3196,0.0165
3,11,10,0,0.5918,0.7084,0.7529,0.3738,0.0352
3,11,10,1,0.1868,0.5700,0.8808,-0.0837,0.0242
3,11,10,2,0.4201,0.6164,0.8737,0.1411,0.0215
3,11,10,3,0.3132,0.5115,0.7868,0.0504,0.0232
3,11,10,4,0.4730,0.6383,0.9068,0.2739,0.0149
3,11,10,5,0.2125,0.5263,0.8534,-0.0768,0.0174
3,11,10,6,0.3328,0.5727,0.8740,0.0943,0.0153
3,11,10,7,0.4027,0.5600,0.7668,0.1038,0.0233
3,11,10,8,0.3281,0.4865,0.7590,0.0872,0.0259
3,11,10,9,0.2413,0.5791,0.8746,-0.0495,0.0225
3,11,10,10,0.5057,0.7013,0.9944,0.3433,0.0138
3,11,10,11,0.3541,0.6535,0.8387,-0.0096,0.0329
3,11,11,0,0.2779,0.4368,0.7433,0.0534,0.0406
3,11,11,1,0.2797,0.4303,0.7544,0.0508,0.0402
3,11,11,2,0.3207,0.5462,0.7929,-0.0055,0.0215
3,11,11,3,0.2566,0.4355,0.7384,0.0193,0.0381
3,11,11,4,0.2701,0.4366,0.7526,0.0180,0.0323
3,11,11,5,0.2745,0.4801,0.7575,0.0141,0.0309
3,11,11,6,0.3445,0.4808,0.7800,0.0936,0.0244
3,11,11,7,0.2277,0.4132,0.7274,-0.0129,0.0424
3,11,11,8,0.3134,0.5827,0.9239,0.0185,0.0143
3,11,11,9,0.3393,0.5915,0.8244,-0.0009,0.0271
3,11,11,10,0.2733,0.4716,0.7839,-0.0048,0.0215
3,11,11,11,0.2112,0.4029,0.7322,-0.0181,0.0479
4,0,0,0,0.4712,0.5593,0.5277,0.2301,0.0813
4,0,0,1,0.3442,0.5909,0.8910,0.1123,0.0506
4,0,0,2,0.1822,0.4716,0.9845,-0.0165,0.0156
4,0,0,3,0.1852,0.4839,0.9720,-0.0121,0.0130
4,0,0,4,0.4337,0.5883,0.7593,0.2123,0.0671
4,0,0,5,0.3145,0.6171,0.9177,0.0755,0.0492
4,0,0,6,0.4084,0.5483,0.6245,0.1335,0.0708
4,0,0,7,0.4409,0.5987,0.8799,0.2411,0.0474
4,0,0,8,0.3418,0.5774,0.7138,0.0412,0.0633
4,0,0,9,0.2849,0.5372,0.9334,0.0350,0.0442
4,0,0,10,0.2777,0.5548,0.9702,0.1210,0.0074
4,0,0,11,0.2674,0.5328,0.9651,0.0381,0.0386
4,0,1,0,0.2074,0.6746,0.9432,-0.0328,0.0300
4,0,1,1,0.1590,0.4555,0.9812,-0.0272,0.0067
4,0,1,2,0.2519,0.5629,0.9670,0.0500,0.0280
4,0,1,3,0.2279,0.5167,0.9194,-0.0401,0.0456
4,0,1,4,0.1195,0.4130,0.9720,-0.0484,0.0159
4,0,1,5,0.3146,0.5822,0.9663,0.1100,0.0281
4,0,1,6,0.0482,0.3144,0.9722,-0.0939,0.0489
4,0,1,7,0.1515,0.4653,0.9999,-0.0336,0.0105
4,0,1,8,0.4238,0.6678,0.8706,0.2176,0.0449
4,0,1,9,0.3039,0.5792,0.9951,0.1169,0.0217
4,0,1,10,0.2039,0.4779,0.9652,-0.0220,0.0327
4,0,1,11,0.3367,0.5252,0.9638,0.1329,0.0299
4,0,2,0,0.1324,0.4555,0.9370,0.0115,0.0565
4,0,2,1,0.1838,0.4652,0.9825,0.0181,0.0132
4,0,2,2,0.1452,0.4450,0.9977,-0.0270,0.0153
4,0,2,3,0.2983,0.5913,0.9954,0.1204,0.0149
4,0,2,4,0.2829,0.5626,0.9600,0.0629,0.0305
4,0,2,5,0.2978,0.5445,0.9171,0.0555,0.0472
4,0,2,6,0.4293,0.5475,0.9716,0.2723,0.0247
4,0,2,7,0.2266,0.4973,0.9236,-0.0145,0.0423
4,0,2,8,0.2976,0.5749,0.9564,0.0858,0.0350
4,0,2,9,0.1415,0.4585,0.9380,0.0205,0.0547
4,0,2,10,0.2015,0.4426,0.9916,0.0173,0.0152
4,0,2,11,0.1801,0.4643,0.9788,-0.0432,0.0343
4,0,3,0,0.7150,0.8315,0.9992,0.6477,0.0324
4,0,3,1,0.6440,0.7697,0.9216,0.5372,0.0429
4,0,3,2,0.5684,0.7429,0.9460,0.4392,0.0360
4,0,3,3,0.5716,0.6912,0.9450,0.4411,0.0359
4,0,3,4,0.5645,0.6620,0.8935,0.4264,0.0471
4,0,3,5,0.1484,0.4450,0.9770,-0.0118,0.0211
4,0,3,6,0.7035,0.8234,0.9095,0.6205,0.0417
4,0,3,7,0.5018,0.6805,0.9316,0.3448,0.0370
4,0,3,8,0.5609,0.6941,0.9578,0.4323,0.0334
4,0,3,9,0.1867,0.4367,0.9779,0.0324,0.0159
4,0,3,10,0.4542,0.6452,0.9639,0.3078,0.0214
4,0,3,11,0.3411,0.5802,0.9868,0.1622,0.0258
4,0,4,0,1.0000,1.0000,1.0000,1.0000,0.0000
4,0,4,1,0.6810,0.7981,0.9043,0.5891,0.0460
4,0,4,2,0.7800,0.8657,0.9933,0.7263,0.0211
4,0,4,3,0.8636,0.8595,0.9754,0.8494,0.0443
4,0,4,4,0.6468,0.6669,0.9425,0.5490,0.0360
4,0,4,5,0.7524,0.7943,0.9852,0.7015,0.0076
4,0,4,6,0.8774,0.8999,0.9971,0.8514,0.0089
4,0,4,7,0.8186,0.8081,0.9793,0.7877,0.0242
4,0,4,8,0.8690,0.8706,0.9907,0.8410,0.0095
4,0,4,9,0.8768,0.9100,0.9926,0.8477,0.0218
4,0,4,10,0.8230,0.8390,0.9980,0.7822,0.0156
4,0,4,11,0.7804,0.8491,0.9949,0.7392,0.0175
4,0,5,0,0.8432,0.8694,0.9880,0.8128,0.0121
4,0,5,1,0.8843,0.8590,0.9753,0.8718,0.0409
4,0,5,2,0.8176,0.8380,0.9822,0.7733,0.0225
4,0,5,3,0.8753,0.8915,0.9986,0.8471,0.0125
4,0,5,4,0.8332,0.8908,0.9817,0.7927,0.0198
4,0,5,5,0.8712,0.8614,0.9806,0.8554,0.0400
4,0,5,6,0.8769,0.8472,0.9765,0.8602,0.0349
4,0,5,7,0.8586,0.8929,0.9856,0.8351,0.0207
4,0,5,8,0.7788,0.8131,0.9864,0.7251,0.0224
4,0,5,9,0.5934,0.7434,0.9909,0.5148,0.0169
4,0,5,10,0.7132,0.7681,0.9949,0.6469,0.0107
4,0,5,11,0.8224,0.8364,0.9963,0.7895,0.0171
4,0,6,0,0.7820,0.8519,0.9806,0.7486,0.0299
4,0,6,1,0.7555,0.8262,0.9901,0.6963,0.0228
4,0,6,2,0.7103,0.7604,0.9980,0.6471,0.0083
4,0,6,3,0.8276,0.8217,0.9824,0.7992,0.0246
4,0,6,4,0.8454,0.8662,0.9903,0.8135,0.0085
4,0,6,5,0.7427,0.8552,0.9862,0.6872,0.0094
4,0,6,6,0.8067,0.8616,0.9921,0.7642,0.0078
4,0,6,7,0.7817,0.8372,0.9753,0.7256,0.0296
4,0,6,8,0.8219,0.8642,0.9997,0.7802,0.0111
4,0,6,9,0.6674,0.7514,0.9896,0.5927,0.0078
4,0,6,10,0.8521,0.8724,0.9876,0.8250,0.0180
4,0,6,11,0.5747,0.6905,0.9798,0.4899,0.0179
4,0,7,0,0.8624,0.8927,0.9894,0.8300,0.0148
4,0,7,1,0.7416,0.7903,0.9959,0.6873,0.0078
4,0,7,2,0.8449,0.8721,0.9972,0.8131,0.0111
4,0,7,3,0.8884,0.8729,0.9806,0.8722,0.0309
4,0,7,4,0.8023,0.8188,0.9825,0.7664,0.0199
4,0,7,5,0.8137,0.8539,0.9766,0.7671,0.0288
4,0,7,6,0.8644,0.8634,0.9762,0.8478,0.0407
4,0,7,7,0.7759,0.7999,0.9759,0.7471,0.0455
4,0,7,8,0.6303,0.7898,0.9242,0.5408,0.0135
4,0,7,9,0.7957,0.7927,0.9895,0.7576,0.0189
4,0,7,10,0.6734,0.7749,0.9810,0.6154,0.0233
4,0,7,11,0.7460,0.8154,0.9869,0.7059,0.0326
4,0,8,0,0.8428,0.8986,0.9931,0.8115,0.0107
4,0,8,1,0.8693,0.8880,0.9842,0.8391,0.0199
4,0,8,2,0.8604,0.8439,0.9726,0.8471,0.0507
4,0,8,3,0.8350,0.8459,0.9826,0.7986,0.0074
4,0,8,4,0.8131,0.8588,0.9932,0.7787,0.0198
4,0,8,5,0.8527,0.8758,0.9885,0.8291,0.0257
4,0,8,6,0.8825,0.8647,0.9793,0.8680,0.0388
4,0,8,7,0.6021,0.7231,0.8546,0.4758,0.0528
4,0,8,8,0.7254,0.7972,0.8857,0.6504,0.0450
4,0,8,9,0.8075,0.8391,0.9922,0.7605,0.0205
4,0,8,10,0.8443,0.8852,0.9894,0.8169,0.0175
4,0,8,11,0.8057,0.8406,0.9844,0.7593,0.0200
4,0,9,0,0.8284,0.8807,0.9941,0.7891,0.0095
4,0,9,1,0.7867,0.8619,0.9998,0.7358,0.0131
4,0,9,2,0.6481,0.8418,0.9316,0.5481,0.0304
4,0,9,3,0.8106,0.8611,0.9799,0.7680,0.0099
4,0,9,4,0.8785,0.9081,0.9934,0.8529,0.0106
4,0,9,5,0.8016,0.8727,0.9086,0.7547,0.0406
4,0,9,6,0.8641,0.8820,0.9824,0.8426,0.0293
4,0,9,7,0.8554,0.8587,0.9826,0.8348,0.0318
4,0,9,8,0.6296,0.7340,0.8575,0.5153,0.0502
4,0,9,9,0.8693,0.8542,0.9766,0.8542,0.0450
4,0,9,10,0.6824,0.8522,0.9432,0.5911,0.0440
4,0,9,11,0.6722,0.8535,0.9846,0.5833,0.0246
4,0,10,0,0.5286,0.6567,0.6676,0.3539,0.0608
4,0,10,1,0.4480,0.7206,0.8680,0.3041,0.0251
4,0,10,2,0.4767,0.7184,0.8363,0.2944,0.0454
4,0,10,3,0.5504,0.6418,0.7465,0.4208,0.0327
4,0,10,4,0.5103,0.7017,0.8888,0.3692,0.0282
4,0,10,5,0.4363,0.6916,0.8313,0.2761,0.0239
4,0,10,6,0.4085,0.7113,0.8598,0.2438,0.0278
4,0,10,7,0.5579,0.6608,0.7069,0.4092,0.0480
4,0,10,8,0.7065,0.6804,0.7012,0.6286,0.0304
4,0,10,9,0.5128,0.6772,0.8434,0.3712,0.0358
4,0,10,10,0.3101,0.5789,0.9885,0.1311,0.0218
4,0,10,11,0.4001,0.6816,0.7683,0.1565,0.0562
4,0,11,0,0.5722,0.6450,0.7266,0.4674,0.0320
4,0,11,1,0.5943,0.6207,0.7323,0.4932,0.0320
4,0,11,2,0.5922,0.6643,0.7351,0.4618,0.0443
4,0,11,3,0.6101,0.6287,0.7159,0.5126,0.0296
4,0,11,4,0.6029,0.6330,0.7238,0.4975,0.0311
4,0,11,5,0.6448,0.6433,0.7195,0.5489,0.0328
4,0,11,6,0.5765,0.6568,0.7537,0.4552,0.0327
4,0,11,7,0.5676,0.6263,0.7053,0.4614,0.0319
4,0,11,8,0.5208,0.6273,0.8880,0.3701,0.0383
4,0,11,9,0.5573,0.6830,0.7688,0.4072,0.0490
4,0,11,10,0.5779,0.6527,0.7485,0.4571,0.0304
4,0,11,11,0.5565,0.6252,0.7185,0.4540,0.0351
4,1,0,0,0.5457,0.7469,0.8182,-0.0054,0.0366
4,1,0,1,0.4487,0.7062,0.9967,0.0975,0.0105
4,1,0,2,0.2232,0.4963,0.9285,-0.0921,0.0425
4,1,0,3,0.2240,0.4838,0.9168,-0.0897,0.0412
4,1,0,4,0.6243,0.7585,0.9576,0.3379,0.0255
4,1,0,5,0.3424,0.7102,0.9886,-0.0655,0.0122
4,1,0,6,0.4857,0.7538,0.8837,-0.0113,0.0253
4,1,0,7,0.3519,0.7419,0.9979,-0.0870,0.0127
4,1,0,8,0.4246,0.7445,0.9350,-0.0795,0.0183
4,1,0,9,0.3027,0.6067,0.9961,-0.1279,0.0091
4,1,0,10,0.3064,0.5719,0.8917,0.0627,0.0482
4,1,0,11,0.3152,0.5928,0.9715,-0.0555,0.0130
4,1,1,0,0.2991,0.6791,0.9570,-0.0642,0.0282
4,1,1,1,0.2151,0.5111,0.8867,-0.0725,0.0459
4,1,1,2,0.2609,0.5724,0.9696,-0.0760,0.0189
4,1,1,3,0.3255,0.6115,0.9964,-0.0830,0.0082
4,1,1,4,0.1241,0.4216,0.8522,-0.1532,0.0569
4,1,1,5,0.3982,0.6046,0.9694,0.0892,0.0183
4,1,1,6,0.0778,0.3107,0.7909,-0.1502,0.0893
4,1,1,7,0.2035,0.4748,0.9055,-0.0839,0.0456
4,1,1,8,0.4413,0.7047,0.9800,0.0662,0.0127
4,1,1,9,0.3426,0.5751,0.9382,0.0453,0.0230
4,1,1,10,0.2586,0.5202,0.9805,-0.0987,0.0146
4,1,1,11,0.2992,0.5752,0.9652,-0.0754,0.0185
4,1,2,0,0.1583,0.4865,0.8078,-0.0287,0.0969
4,1,2,1,0.2136,0.4407,0.8548,-0.0478,0.0561
4,1,2,2,0.1793,0.4390,0.8860,-0.0932,0.0519
4,1,2,3,0.3491,0.5762,0.9375,0.0750,0.0319
4,1,2,4,0.3444,0.5996,0.9831,-0.0025,0.0155
4,1,2,5,0.4253,0.6219,0.9909,0.0748,0.0080
4,1,2,6,0.3993,0.5585,0.9433,0.1183,0.0270
4,1,2,7,0.3098,0.5873,0.9938,-0.0602,0.0117
4,1,2,8,0.4207,0.6497,0.9878,0.1204,0.0192
4,1,2,9,0.1548,0.4917,0.8093,-0.0360,0.0950
4,1,2,10,0.1978,0.4870,0.9276,-0.1104,0.0422
4,1,2,11,0.2753,0.5443,0.9697,-0.0575,0.0159
4,1,3,0,0.5640,0.7062,0.8913,0.4037,0.0572
4,1,3,1,0.5175,0.7861,0.9869,0.2177,0.0096
4,1,3,2,0.6343,0.7905,0.9921,0.4339,0.0140
4,1,3,3,0.5899,0.7271,0.9788,0.3561,0.0233
4,1,3,4,0.5522,0.7576,0.9976,0.2765,0.0079
4,1,3,5,0.1674,0.4383,0.8659,-0.0895,0.0646
4,1,3,6,0.6986,0.8211,0.9714,0.5136,0.0226
4,1,3,7,0.5973,0.7174,0.9805,0.3647,0.0167
4,1,3,8,0.4626,0.6714,0.9794,0.1791,0.0161
4,1,3,9,0.2644,0.4536,0.8556,0.0415,0.0602
4,1,3,10,0.4724,0.6705,0.9426,0.2349,0.0300
4,1,3,11,0.3354,0.5646,0.9437,0.0304,0.0242
4,1,4,0,0.6810,0.7981,0.9043,0.5891,0.0460
4,1,4,1,1.0000,1.0000,1.0000,1.0000,0.0000
4,1,4,2,0.8592,0.8996,0.9379,0.8186,0.0266
4,1,4,3,0.7007,0.7011,0.7969,0.6796,0.0853
4,1,4,4,0.5978,0.8279,0.9889,0.3994,0.0185
4,1,4,5,0.6584,0.7349,0.8606,0.5681,0.0494
4,1,4,6,0.6145,0.7587,0.9014,0.5005,0.0454
4,1,4,7,0.6479,0.7097,0.8437,0.5786,0.0652
4,1,4,8,0.7710,0.8220,0.8869,0.7185,0.0432
4,1,4,9,0.7544,0.8391,0.9390,0.6576,0.0252
4,1,4,10,0.7074,0.8027,0.9161,0.6132,0.0330
4,1,4,11,0.7559,0.7841,0.8706,0.7169,0.0619
4,1,5,0,0.7523,0.7686,0.8533,0.7066,0.0539
4,1,5,1,0.6872,0.6887,0.8045,0.6560,0.0817
4,1,5,2,0.7394,0.8276,0.9569,0.6428,0.0247
4,1,5,3,0.7815,0.8303,0.9132,0.7236,0.0348
4,1,5,4,0.8099,0.8422,0.9336,0.7434,0.0284
4,1,5,5,0.7025,0.7026,0.8123,0.6726,0.0800
4,1,5,6,0.6511,0.6909,0.8183,0.5967,0.0763
4,1,5,7,0.7652,0.7761,0.8307,0.7394,0.0600
4,1,5,8,0.8020,0.8693,0.9488,0.7367,0.0255
4,1,5,9,0.5498,0.6767,0.8772,0.4293,0.0594
4,1,5,10,0.5673,0.7014,0.9162,0.4141,0.0444
4,1,5,11,0.6834,0.7578,0.8731,0.6176,0.0559
4,1,6,0,0.7729,0.7842,0.8294,0.7615,0.0660
4,1,6,1,0.8393,0.8672,0.9361,0.7920,0.0244
4,1,6,2,0.6985,0.7566,0.8874,0.6133,0.0425
4,1,6,3,0.6257,0.7024,0.8381,0.5512,0.0679
4,1,6,4,0.7390,0.7899,0.8852,0.6795,0.0505
4,1,6,5,0.7769,0.8065,0.8784,0.7255,0.0452
4,1,6,6,0.7346,0.7736,0.8896,0.6631,0.0449
4,1,6,7,0.7824,0.8553,0.9713,0.6834,0.0169
4,1,6,8,0.7018,0.7946,0.9064,0.6020,0.0409
4,1,6,9,0.5149,0.6884,0.8717,0.3473,0.0441
4,1,6,10,0.6698,0.7447,0.8603,0.5992,0.0607
4,1,6,11,0.5161,0.6639,0.8682,0.3766,0.0629
4,1,7,0,0.7122,0.7801,0.9101,0.6113,0.0313
4,1,7,1,0.7412,0.8078,0.8904,0.6802,0.0446
4,1,7,2,0.7388,0.7750,0.8853,0.6803,0.0547
4,1,7,3,0.6837,0.7031,0.8150,0.6352,0.0716
4,1,7,4,0.5601,0.7011,0.8548,0.4506,0.0636
4,1,7,5,0.6912,0.8357,0.9708,0.5521,0.0178
4,1,7,6,0.7061,0.6985,0.8030,0.6787,0.0804
4,1,7,7,0.6967,0.7040,0.8045,0.6732,0.0860
4,1,7,8,0.6053,0.7465,0.8730,0.4570,0.0379
4,1,7,9,0.5987,0.6954,0.8531,0.5004,0.0615
4,1,7,10,0.6742,0.7105,0.8507,0.6137,0.0653
4,1,7,11,0.6945,0.7254,0.8359,0.6537,0.0737
4,1,8,0,0.7213,0.7788,0.8606,0.6602,0.0528
4,1,8,1,0.7130,0.7632,0.9024,0.6200,0.0407
4,1,8,2,0.6685,0.6594,0.7917,0.6406,0.0905
4,1,8,3,0.7146,0.7781,0.8931,0.6338,0.0433
4,1,8,4,0.7661,0.7873,0.8609,0.7326,0.0593
4,1,8,5,0.7271,0.7566,0.8365,0.6906,0.0664
4,1,8,6,0.6657,0.6851,0.8083,0.6207,0.0784
4,1,8,7,0.7844,0.8502,0.9919,0.6416,0.0119
4,1,8,8,0.6930,0.8355,0.9854,0.5149,0.0077
4,1,8,9,0.6403,0.7720,0.9351,0.4975,0.0261
4,1,8,10,0.6960,0.7375,0.8437,0.6400,0.0567
4,1,8,11,0.5826,0.7412,0.9128,0.4244,0.0305
4,1,9,0,0.7199,0.7715,0.9100,0.6333,0.0449
4,1,9,1,0.6634,0.8047,0.9113,0.5417,0.0401
4,1,9,2,0.6572,0.8041,0.9602,0.4776,0.0186
4,1,9,3,0.6125,0.7827,0.8776,0.4857,0.0428
4,1,9,4,0.7229,0.7747,0.8743,0.6538,0.0489
4,1,9,5,0.6832,0.8660,0.9839,0.4999,0.0101
4,1,9,6,0.6598,0.7021,0.8182,0.5990,0.0684
4,1,9,7,0.6427,0.7004,0.8205,0.5847,0.0736
4,1,9,8,0.5921,0.7793,0.9852,0.3184,0.0091
4,1,9,9,0.6609,0.6781,0.8016,0.6201,0.0847
4,1,9,10,0.7036,0.8578,0.9786,0.5247,0.0097
4,1,9,11,0.6087,0.7951,0.9476,0.4216,0.0282
4,1,10,0,0.5072,0.7001,0.8774,0.0903,0.0161
4,1,10,1,0.4264,0.6873,0.8643,0.1767,0.0405
4,1,10,2,0.4485,0.7433,0.9272,0.0795,0.0166
4,1,10,3,0.6018,0.6629,0.7684,0.3999,0.0336
4,1,10,4,0.4677,0.6707,0.8764,0.1992,0.0293
4,1,10,5,0.4221,0.6686,0.8464,0.1397,0.0297
4,1,10,6,0.3750,0.6844,0.8585,0.0779,0.0318
4,1,10,7,0.5889,0.7168,0.8262,0.3022,0.0194
4,1,10,8,0.6237,0.6859,0.7325,0.4489,0.0398
4,1,10,9,0.4612,0.6628,0.8761,0.1854,0.0354
4,1,10,10,0.2837,0.5688,0.9435,-0.0285,0.0355
4,1,10,11,0.4593,0.7475,0.9412,0.0330,0.0131
4,1,11,0,0.5292,0.6098,0.6830,0.3444,0.0547
4,1,11,1,0.5693,0.6087,0.6933,0.3972,0.0525
4,1,11,2,0.6221,0.6785,0.8247,0.3730,0.0116
4,1,11,3,0.5665,0.6031,0.6791,0.3920,0.0514
4,1,11,4,0.5896,0.6181,0.7059,0.4070,0.0423
4,1,11,5,0.6244,0.6315,0.7298,0.4497,0.0431
4,1,11,6,0.5732,0.6458,0.7557,0.3562,0.0337
4,1,11,7,0.5281,0.6049,0.6726,0.3423,0.0553
4,1,11,8,0.5300,0.6325,0.9330,0.2561,0.0173
4,1,11,9,0.5973,0.6897,0.8823,0.3109,0.0095
4,1,11,10,0.5596,0.6432,0.7639,0.3358,0.0286
4,1,11,11,0.5111,0.5927,0.6618,0.3350,0.0621
4,2,0,0,0.4574,0.5878,0.6039,0.0960,0.0596
4,2,0,1,0.2999,0.5820,0.9278,0.0048,0.0329
4,2,0,2,0.1900,0.4090,0.9913,-0.0370,0.0286
4,2,0,3,0.1484,0.4040,0.9863,-0.0894,0.0229
4,2,0,4,0.4711,0.6118,0.8158,0.2215,0.0460
4,2,0,5,0.2948,0.6246,0.9472,0.0042,0.0343
4,2,0,6,0.3900,0.5973,0.6961,0.0289,0.0511
4,2,0,7,0.3065,0.6313,0.9182,-0.0018,0.0345
4,2,0,8,0.2946,0.6168,0.7781,-0.1038,0.0445
4,2,0,9,0.3011,0.5226,0.9603,0.0145,0.0238
4,2,0,10,0.2169,0.4939,0.9750,0.0216,0.0256
4,2,0,11,0.2526,0.5225,0.9796,-0.0206,0.0244
4,2,1,0,0.3510,0.7021,0.9667,0.1235,0.0273
4,2,1,1,0.2291,0.4479,0.9717,0.0327,0.0212
4,2,1,2,0.2167,0.5002,0.9827,-0.0282,0.0153
4,2,1,3,0.3088,0.5185,0.9485,0.0304,0.0254
4,2,1,4,0.1494,0.3707,0.9571,-0.0367,0.0320
4,2,1,5,0.4605,0.5850,0.9827,0.2734,0.0178
4,2,1,6,0.1551,0.3055,0.9476,0.0123,0.0620
4,2,1,7,0.2569,0.4484,0.9929,0.0707,0.0179
4,2,1,8,0.5067,0.6601,0.9098,0.2985,0.0328
4,2,1,9,0.4380,0.5492,0.9959,0.2628,0.0092
4,2,1,10,0.2580,0.4533,0.9859,0.0141,0.0163
4,2,1,11,0.3061,0.4956,0.9761,0.0558,0.0206
4,2,2,0,0.0925,0.4001,0.9182,-0.0528,0.0693
4,2,2,1,0.2330,0.4049,0.9640,0.0545,0.0291
4,2,2,2,0.2339,0.4049,0.9870,0.0571,0.0243
4,2,2,3,0.4132,0.5699,0.9969,0.2412,0.0141
4,2,2,4,0.3832,0.5550,0.9812,0.1632,0.0181
4,2,2,5,0.3990,0.5479,0.9469,0.1578,0.0266
4,2,2,6,0.4012,0.4918,0.9802,0.2085,0.0177
4,2,2,7,0.2809,0.5055,0.9551,0.0205,0.0231
4,2,2,8,0.4296,0.5892,0.9739,0.2298,0.0231
4,2,2,9,0.0933,0.4055,0.9193,-0.0537,0.0675
4,2,2,10,0.1928,0.4286,0.9942,-0.0217,0.0170
4,2,2,11,0.2642,0.4752,0.9875,0.0325,0.0186
4,2,3,0,0.7562,0.8036,0.9882,0.6896,0.0461
4,2,3,1,0.5639,0.7650,0.9515,0.3920,0.0301
4,2,3,2,0.7226,0.7809,0.9711,0.6252,0.0235
4,2,3,3,0.5849,0.6854,0.9706,0.4308,0.0285
4,2,3,4,0.5894,0.6991,0.9288,0.4298,0.0301
4,2,3,5,0.1693,0.4034,0.9663,-0.0097,0.0402
4,2,3,6,0.8198,0.8453,0.9401,0.7609,0.0321
4,2,3,7,0.6438,0.6975,0.9586,0.5125,0.0260
4,2,3,8,0.4957,0.6526,0.9783,0.3171,0.0210
4,2,3,9,0.2763,0.4370,0.9615,0.1198,0.0354
4,2,3,10,0.4269,0.5928,0.9692,0.2471,0.0215
4,2,3,11,0.3605,0.5399,0.9961,0.1586,0.0199
4,2,4,0,0.7800,0.8657,0.9933,0.7263,0.0211
4,2,4,1,0.8592,0.8996,0.9379,0.8186,0.0266
4,2,4,2,1.0000,1.0000,1.0000,1.0000,0.0000
4,2,4,3,0.8856,0.8817,0.9548,0.8812,0.0585
4,2,4,4,0.5689,0.7405,0.9635,0.4233,0.0248
4,2,4,5,0.6505,0.7317,0.9729,0.5698,0.0259
4,2,4,6,0.6996,0.8014,0.9883,0.6278,0.0212
4,2,4,7,0.7778,0.8198,0.9614,0.7383,0.0392
4,2,4,8,0.8740,0.9085,0.9865,0.8450,0.0176
4,2,4,9,0.8702,0.9095,0.9966,0.8310,0.0105
4,2,4,10,0.7757,0.8289,0.9910,0.7159,0.0182
4,2,4,11,0.8894,0.8873,0.9817,0.8707,0.0373
4,2,5,0,0.8165,0.8495,0.9747,0.7789,0.0280
4,2,5,1,0.8655,0.8637,0.9536,0.8547,0.0550
4,2,5,2,0.8250,0.8932,0.9969,0.7739,0.0122
4,2,5,3,0.8738,0.8969,0.9915,0.8418,0.0112
4,2,5,4,0.9341,0.9428,0.9927,0.9146,0.0099
4,2,5,5,0.8752,0.8713,0.9611,0.8648,0.0528
4,2,5,6,0.8210,0.8492,0.9566,0.7967,0.0497
4,2,5,7,0.8877,0.8956,0.9664,0.8723,0.0336
4,2,5,8,0.8165,0.8601,0.9955,0.7638,0.0143
4,2,5,9,0.5711,0.6847,0.9805,0.4782,0.0360
4,2,5,10,0.6229,0.7086,0.9945,0.5224,0.0254
4,2,5,11,0.7985,0.8374,0.9848,0.7594,0.0303
4,2,6,0,0.9354,0.9377,0.9596,0.9346,0.0395
4,2,6,1,0.8739,0.8634,0.9876,0.8379,0.0113
4,2,6,2,0.8133,0.8430,0.9894,0.7680,0.0175
4,2,6,3,0.7761,0.8240,0.9645,0.7376,0.0425
4,2,6,4,0.8467,0.8699,0.9792,0.8131,0.0262
4,2,6,5,0.8240,0.8598,0.9763,0.7821,0.0241
4,2,6,6,0.8165,0.8399,0.9869,0.7715,0.0225
4,2,6,7,0.8388,0.8842,0.9893,0.7872,0.0157
4,2,6,8,0.8848,0.9035,0.9948,0.8537,0.0202
4,2,6,9,0.5907,0.7380,0.9809,0.4854,0.0195
4,2,6,10,0.7977,0.8499,0.9708,0.7586,0.0356
4,2,6,11,0.5785,0.6766,0.9677,0.4840,0.0379
4,2,7,0,0.7841,0.8531,0.9893,0.7236,0.0155
4,2,7,1,0.8105,0.8284,0.9860,0.7670,0.0206
4,2,7,2,0.8816,0.8990,0.9899,0.8567,0.0295
4,2,7,3,0.8531,0.8646,0.9614,0.8331,0.0455
4,2,7,4,0.6641,0.7627,0.9662,0.5960,0.0384
4,2,7,5,0.6793,0.8022,0.9875,0.5765,0.0156
4,2,7,6,0.8838,0.8731,0.9549,0.8755,0.0534
4,2,7,7,0.8748,0.8687,0.9576,0.8679,0.0592
4,2,7,8,0.6525,0.8163,0.9462,0.5548,0.0228
4,2,7,9,0.7337,0.8060,0.9763,0.6798,0.0347
4,2,7,10,0.6813,0.7419,0.9659,0.6202,0.0394
4,2,7,11,0.8373,0.8498,0.9705,0.8156,0.0474
4,2,8,0,0.8572,0.8902,0.9798,0.8279,0.0268
4,2,8,1,0.8652,0.8953,0.9910,0.8292,0.0192
4,2,8,2,0.8565,0.8463,0.9492,0.8484,0.0635
4,2,8,3,0.8296,0.8800,0.9885,0.7876,0.0203
4,2,8,4,0.9207,0.9222,0.9767,0.9097,0.0321
4,2,8,5,0.8665,0.8960,0.9698,0.8478,0.0399
4,2,8,6,0.8386,0.8548,0.9583,0.8197,0.0513
4,2,8,7,0.7051,0.7623,0.8971,0.5940,0.0370
4,2,8,8,0.6857,0.7920,0.9228,0.5710,0.0294
4,2,8,9,0.6852,0.7968,0.9958,0.5925,0.0169
4,2,8,10,0.7887,0.8444,0.9727,0.7496,0.0321
4,2,8,11,0.6305,0.7920,0.9901,0.5266,0.0192
4,2,9,0,0.7848,0.8284,0.9926,0.7283,0.0246
4,2,9,1,0.8150,0.8774,0.9946,0.7633,0.0225
4,2,9,2,0.7033,0.8193,0.9603,0.6008,0.0220
4,2,9,3,0.7783,0.8917,0.9824,0.7218,0.0178
4,2,9,4,0.8714,0.9020,0.9864,0.8426,0.0231
4,2,9,5,0.7140,0.8574,0.9428,0.6110,0.0219
4,2,9,6,0.8533,0.8783,0.9654,0.8319,0.0413
4,2,9,7,0.7626,0.8130,0.9608,0.7259,0.0475
4,2,9,8,0.6230,0.7306,0.9059,0.4714,0.0331
4,2,9,9,0.8508,0.8587,0.9548,0.8370,0.0578
4,2,9,10,0.7138,0.8315,0.9656,0.6091,0.0270
4,2,9,11,0.7817,0.8761,0.9946,0.7108,0.0222
4,2,10,0,0.4906,0.6019,0.7359,0.2368,0.0420
4,2,10,1,0.4126,0.7206,0.9024,0.2341,0.0346
4,2,10,2,0.4628,0.7465,0.8835,0.2337,0.0354
4,2,10,3,0.7128,0.7321,0.7962,0.6156,0.0315
4,2,10,4,0.5327,0.6500,0.9161,0.3730,0.0278
4,2,10,5,0.4499,0.7187,0.8715,0.2662,0.0243
4,2,10,6,0.3888,0.6986,0.8944,0.1896,0.0290
4,2,10,7,0.6604,0.7457,0.7674,0.5255,0.0370
4,2,10,8,0.7378,0.7634,0.7588,0.6532,0.0382
4,2,10,9,0.4863,0.6831,0.8879,0.3085,0.0386
4,2,10,10,0.3624,0.5100,0.9969,0.1708,0.0254
4,2,10,11,0.3841,0.6673,0.8249,0.0772,0.0395
4,2,11,0,0.6238,0.6948,0.7639,0.5167,0.0461
4,2,11,1,0.6715,0.6995,0.7710,0.5760,0.0460
4,2,11,2,0.6269,0.6631,0.7915,0.4785,0.0304
4,2,11,3,0.6710,0.6896,0.7554,0.5749,0.0443
4,2,11,4,0.6839,0.6941,0.7670,0.5847,0.0394
4,2,11,5,0.7215,0.6959,0.7670,0.6316,0.0402
4,2,11,6,0.6608,0.7130,0.7948,0.5450,0.0343
4,2,11,7,0.6217,0.7029,0.7470,0.5138,0.0473
4,2,11,8,0.5219,0.5941,0.9279,0.3400,0.0251
4,2,11,9,0.5615,0.6603,0.8248,0.3733,0.0344
4,2,11,10,0.6292,0.6760,0.7962,0.5023,0.0304
4,2,11,11,0.6162,0.6946,0.7545,0.5143,0.0507
4,3,0,0,0.3794,0.3609,0.3457,0.2286,0.1175
4,3,0,1,0.2121,0.3938,0.7779,0.0207,0.0903
4,3,0,2,0.0977,0.2432,0.9544,-0.0565,0.0571
4,3,0,3,0.0434,0.2774,0.9500,-0.1204,0.0562
4,3,0,4,0.3443,0.4043,0.6086,0.1833,0.1037
4,3,0,5,0.2431,0.4379,0.8153,0.0662,0.0911
4,3,0,6,0.2649,0.3685,0.4544,0.0285,0.1101
4,3,0,7,0.3121,0.4118,0.7641,0.1496,0.0895
4,3,0,8,0.2394,0.4048,0.5582,0.0061,0.1041
4,3,0,9,0.1887,0.3315,0.8391,-0.0058,0.0811
4,3,0,10,0.1835,0.3945,0.9584,0.0593,0.0445
4,3,0,11,0.1548,0.3456,0.9004,-0.0290,0.0812
4,3,1,0,0.1947,0.5607,0.8671,0.0280,0.0745
4,3,1,1,0.1017,0.2770,0.9640,-0.0385,0.0475
4,3,1,2,0.1121,0.3202,0.9043,-0.0559,0.0661
4,3,1,3,0.1769,0.3215,0.8169,-0.0183,0.0855
4,3,1,4,0.0363,0.2140,0.9702,-0.0940,0.0303
4,3,1,5,0.3372,0.3935,0.8924,0.2082,0.0720
4,3,1,6,0.0244,0.1728,0.9979,-0.0792,0.0046
4,3,1,7,0.1278,0.2826,0.9737,-0.0061,0.0408
4,3,1,8,0.4394,0.5040,0.7518,0.3262,0.0897
4,3,1,9,0.3323,0.4005,0.9509,0.2126,0.0640
4,3,1,10,0.1318,0.2621,0.8973,-0.0399,0.0721
4,3,1,11,0.3121,0.3507,0.9015,0.1730,0.0738
4,3,2,0,0.0649,0.2864,0.9440,-0.0286,0.0120
4,3,2,1,0.1361,0.2683,0.9803,0.0123,0.0347
4,3,2,2,0.1215,0.2440,0.9839,-0.0035,0.0347
4,3,2,3,0.3082,0.4159,0.9513,0.1892,0.0582
4,3,2,4,0.2630,0.3775,0.8816,0.1116,0.0720
4,3,2,5,0.2449,0.3353,0.8148,0.0709,0.0852
4,3,2,6,0.3802,0.3426,0.9234,0.2684,0.0682
4,3,2,7,0.1559,0.3069,0.8252,-0.0261,0.0798
4,3,2,8,0.3175,0.3836,0.8733,0.1824,0.0788
4,3,2,9,0.0713,0.2900,0.9446,-0.0227,0.0101
4,3,2,10,0.1034,0.2552,0.9564,-0.0422,0.0441
4,3,2,11,0.1367,0.2547,0.9134,-0.0270,0.0719
4,3,3,0,0.7955,0.7933,0.9797,0.7718,0.0632
4,3,3,1,0.5889,0.6386,0.8213,0.5288,0.0861
4,3,3,2,0.6250,0.6262,0.8577,0.5719,0.0792
4,3,3,3,0.5133,0.5448,0.8598,0.4280,0.0799
4,3,3,4,0.5684,0.5352,0.7800,0.5011,0.0883
4,3,3,5,0.0525,0.2684,0.9706,-0.0739,0.0298
4,3,3,6,0.7485,0.7434,0.8102,0.7409,0.0849
4,3,3,7,0.5110,0.5266,0.8372,0.4248,0.0808
4,3,3,8,0.4555,0.4966,0.8781,0.3558,0.0772
4,3,3,9,0.1584,0.2845,0.9729,0.0454,0.0303
4,3,3,10,0.3770,0.4376,0.9115,0.2666,0.0650
4,3,3,11,0.2788,0.3971,0.9450,0.1461,0.0694
4,3,4,0,0.8636,0.8595,0.9754,0.8494,0.0443
4,3,4,1,0.7007,0.7011,0.7969,0.6796,0.0853
4,3,4,2,0.8856,0.8817,0.9548,0.8812,0.0585
4,3,4,3,1.0000,1.0000,1.0000,1.0000,0.0000
4,3,4,4,0.5532,0.5295,0.8577,0.4800,0.0782
4,3,4,5,0.6790,0.6858,0.9840,0.6357,0.0408
4,3,4,6,0.7974,0.7877,0.9741,0.7722,0.0420
4,3,4,7,0.8432,0.8395,0.9832,0.8242,0.0199
4,3,4,8,0.9096,0.9045,0.9812,0.9024,0.0426
4,3,4,9,0.8971,0.9060,0.9501,0.8984,0.0604
4,3,4,10,0.7774,0.7520,0.9656,0.7500,0.0553
4,3,4,11,0.8636,0.8544,0.9873,0.8475,0.0324
4,3,5,0,0.8301,0.8502,0.9900,0.8094,0.0329
4,3,5,1,0.9781,0.9758,0.9975,0.9757,0.0051
4,3,5,2,0.8339,0.8324,0.9297,0.8199,0.0603
4,3,5,3,0.8595,0.8452,0.9685,0.8458,0.0504
4,3,5,4,0.9127,0.9088,0.9371,0.9153,0.0575
4,3,5,5,0.9886,0.9834,0.9995,0.9874,0.0079
4,3,5,6,0.9245,0.9286,0.9936,0.9159,0.0129
4,3,5,7,0.9076,0.9249,0.9964,0.8970,0.0258
4,3,5,8,0.8074,0.7909,0.9444,0.7874,0.0602
4,3,5,9,0.5703,0.6466,0.9832,0.5128,0.0340
4,3,5,10,0.6767,0.6583,0.9710,0.6315,0.0523
4,3,5,11,0.8981,0.8535,0.9896,0.8867,0.0298
4,3,6,0,0.9392,0.9385,0.9900,0.9323,0.0192
4,3,6,1,0.7842,0.7461,0.9472,0.7595,0.0610
4,3,6,2,0.8046,0.7886,0.9845,0.7809,0.0430
4,3,6,3,0.8582,0.8668,0.9908,0.8413,0.0213
4,3,6,4,0.9014,0.8741,0.9768,0.8920,0.0395
4,3,6,5,0.7897,0.8203,0.9780,0.7635,0.0464
4,3,6,6,0.8314,0.8397,0.9820,0.8122,0.0470
4,3,6,7,0.8217,0.8282,0.9144,0.8131,0.0691
4,3,6,8,0.8993,0.8783,0.9760,0.8943,0.0489
4,3,6,9,0.6638,0.7171,0.9823,0.6167,0.0494
4,3,6,10,0.8842,0.8533,0.9841,0.8709,0.0282
4,3,6,11,0.6125,0.6044,0.9712,0.5601,0.0397
4,3,7,0,0.8287,0.8362,0.9533,0.8119,0.0566
4,3,7,1,0.8194,0.8007,0.9806,0.7976,0.0425
4,3,7,2,0.9298,0.9141,0.9854,0.9246,0.0364
4,3,7,3,0.9743,0.9759,0.9989,0.9719,0.0142
4,3,7,4,0.7445,0.7478,0.9813,0.7120,0.0304
4,3,7,5,0.7088,0.7063,0.9080,0.6722,0.0696
4,3,7,6,0.9893,0.9845,0.9990,0.9882,0.0058
4,3,7,7,0.9388,0.9327,0.9981,0.9321,0.0025
4,3,7,8,0.6382,0.7826,0.8875,0.5856,0.0567
4,3,7,9,0.8082,0.8265,0.9938,0.7844,0.0282
4,3,7,10,0.6885,0.7161,0.9830,0.6493,0.0253
4,3,7,11,0.8929,0.8831,0.9955,0.8804,0.0143
4,3,8,0,0.9333,0.9283,0.9925,0.9279,0.0345
4,3,8,1,0.9487,0.9455,0.9612,0.9521,0.0442
4,3,8,2,0.9891,0.9827,0.9989,0.9880,0.0066
4,3,8,3,0.8987,0.8978,0.9718,0.8906,0.0440
4,3,8,4,0.9541,0.9295,0.9891,0.9504,0.0266
4,3,8,5,0.9675,0.9571,0.9959,0.9645,0.0187
4,3,8,6,0.9814,0.9777,0.9992,0.9795,0.0096
4,3,8,7,0.5800,0.5640,0.7271,0.5198,0.0947
4,3,8,8,0.6697,0.6631,0.7712,0.6323,0.0865
4,3,8,9,0.7751,0.7839,0.9569,0.7496,0.0612
4,3,8,10,0.8931,0.9046,0.9951,0.8808,0.0282
4,3,8,11,0.7382,0.7616,0.9485,0.7045,0.0617
4,3,9,0,0.8516,0.8511,0.9733,0.8370,0.0499
4,3,9,1,0.8148,0.8029,0.9714,0.7953,0.0552
4,3,9,2,0.6404,0.7089,0.8495,0.5903,0.0737
4,3,9,3,0.8883,0.8929,0.9630,0.8792,0.0442
4,3,9,4,0.9511,0.9568,0.9821,0.9499,0.0368
4,3,9,5,0.7498,0.7598,0.8068,0.7367,0.0789
4,3,9,6,0.9806,0.9839,0.9987,0.9792,0.0174
4,3,9,7,0.9090,0.9207,0.9961,0.8985,0.0142
4,3,9,8,0.5999,0.6041,0.7410,0.5480,0.0919
4,3,9,9,0.9867,0.9867,0.9993,0.9852,0.0075
4,3,9,10,0.6743,0.7483,0.8611,0.6408,0.0857
4,3,9,11,0.7588,0.8091,0.9318,0.7355,0.0683
4,3,10,0,0.4248,0.4290,0.5160,0.3012,0.1017
4,3,10,1,0.3972,0.6642,0.8134,0.2935,0.0676
4,3,10,2,0.4101,0.6209,0.7313,0.2860,0.0896
4,3,10,3,0.6348,0.6317,0.6913,0.5824,0.0758
4,3,10,4,0.4792,0.5511,0.8261,0.3873,0.0720
4,3,10,5,0.4158,0.6816,0.7677,0.3096,0.0680
4,3,10,6,0.3514,0.6371,0.8014,0.2319,0.0720
4,3,10,7,0.5799,0.6173,0.5966,0.5228,0.0923
4,3,10,8,0.7790,0.7046,0.6560,0.7592,0.0725
4,3,10,9,0.4995,0.6058,0.7757,0.4123,0.0800
4,3,10,10,0.3127,0.3717,0.9500,0.1923,0.0662
4,3,10,11,0.2802,0.4953,0.6269,0.0855,0.0980
4,3,11,0,0.6175,0.6629,0.7023,0.5608,0.0653
4,3,11,1,0.6496,0.6430,0.7068,0.5989,0.0673
4,3,11,2,0.5590,0.5629,0.6399,0.4906,0.0857
4,3,11,3,0.6573,0.6446,0.6898,0.6082,0.0679
4,3,11,4,0.6531,0.6379,0.6885,0.6034,0.0713
4,3,11,5,0.7053,0.6259,0.6686,0.6683,0.0738
4,3,11,6,0.6165,0.6410,0.6977,0.5594,0.0772
4,3,11,7,0.6106,0.6725,0.6806,0.5525,0.0637
4,3,11,8,0.5076,0.4843,0.8063,0.4203,0.0814
4,3,11,9,0.4901,0.5371,0.6574,0.3967,0.0909
4,3,11,10,0.6074,0.6245,0.6945,0.5480,0.0747
4,3,11,11,0.6113,0.6729,0.7038,0.5546,0.0599
4,4,0,0,0.6345,0.7483,0.7253,0.4038,0.0520
4,4,0,1,0.3799,0.7011,0.9829,0.0657,0.0202
4,4,0,2,0.2080,0.5731,0.9656,-0.0540,0.0320
4,4,0,3,0.2485,0.5414,0.9466,0.0010,0.0322
4,4,0,4,0.6291,0.7920,0.9051,0.4197,0.0383
4,4,0,5,0.3187,0.7215,0.9829,-0.0189,0.0160
4,4,0,6,0.5601,0.7693,0.8060,0.2619,0.0367
4,4,0,7,0.3968,0.7491,0.9832,0.0742,0.0151
4,4,0,8,0.3971,0.7297,0.8732,-0.0104,0.0293
4,4,0,9,0.2725,0.6705,0.9960,-0.0868,0.0203
4,4,0,10,0.3164,0.6013,0.9393,0.1175,0.0372
4,4,0,11,0.3728,0.6547,0.9948,0.0994,0.0113
4,4,1,0,0.1836,0.6269,0.9594,-0.1583,0.0195
4,4,1,1,0.1868,0.6168,0.9427,-0.0572,0.0361
4,4,1,2,0.2122,0.6176,0.9923,-0.0796,0.0180
4,4,1,3,0.2288,0.6692,0.9848,-0.1454,0.0223
4,4,1,4,0.1077,0.5182,0.9173,-0.1227,0.0491
4,4,1,5,0.2527,0.6201,0.9707,-0.0582,0.0141
4,4,1,6,0.0330,0.4154,0.8576,-0.1634,0.0816
4,4,1,7,0.1158,0.5500,0.9428,-0.1463,0.0387
4,4,1,8,0.3223,0.6973,0.9464,-0.0391,0.0165
4,4,1,9,0.2234,0.6110,0.9638,-0.0636,0.0185
4,4,1,10,0.2069,0.6048,0.9920,-0.1027,0.0197
4,4,1,11,0.3577,0.6389,0.9927,0.0810,0.0146
4,4,2,0,0.1914,0.5529,0.8850,0.0444,0.0891
4,4,2,1,0.1712,0.5298,0.9131,-0.0559,0.0476
4,4,2,2,0.1220,0.5249,0.9332,-0.1177,0.0451
4,4,2,3,0.1980,0.6271,0.9629,-0.0802,0.0254
4,4,2,4,0.3005,0.6469,0.9837,0.0016,0.0151
4,4,2,5,0.2644,0.6829,0.9743,-0.0948,0.0176
4,4,2,6,0.3597,0.5820,0.9784,0.1149,0.0168
4,4,2,7,0.2579,0.6626,0.9804,-0.0629,0.0191
4,4,2,8,0.3107,0.7043,0.9970,0.0213,0.0098
4,4,2,9,0.2006,0.5612,0.8862,0.0537,0.0872
4,4,2,10,0.1788,0.5543,0.9636,-0.0786,0.0365
4,4,2,11,0.1993,0.6227,0.9895,-0.0996,0.0146
4,4,3,0,0.4891,0.6720,0.9342,0.3260,0.0472
4,4,3,1,0.5115,0.7841,0.9700,0.2711,0.0150
4,4,3,2,0.4975,0.7845,0.9893,0.2746,0.0114
4,4,3,3,0.5840,0.7783,0.9705,0.3941,0.0149
4,4,3,4,0.5610,0.7495,0.9784,0.3474,0.0171
4,4,3,5,0.1384,0.5186,0.9264,-0.0801,0.0564
4,4,3,6,0.5284,0.7561,0.9472,0.2990,0.0144
4,4,3,7,0.4464,0.7273,0.9664,0.1900,0.0109
4,4,3,8,0.4500,0.6857,0.9856,0.2151,0.0071
4,4,3,9,0.1663,0.5409,0.9191,-0.0466,0.0515
4,4,3,10,0.5205,0.7644,0.9811,0.3425,0.0214
4,4,3,11,0.2894,0.6022,0.9632,0.0235,0.0136
4,4,4,0,0.6468,0.6669,0.9425,0.5490,0.0360
4,4,4,1,0.5978,0.8279,0.9889,0.3994,0.0185
4,4,4,2,0.5689,0.7405,0.9635,0.4233,0.0248
4,4,4,3,0.5532,0.5295,0.8577,0.4800,0.0782
4,4,4,4,1.0000,1.0000,1.0000,1.0000,0.0000
4,4,4,5,0.6476,0.6811,0.9071,0.5578,0.0404
4,4,4,6,0.6582,0.6882,0.9469,0.5674,0.0376
4,4,4,7,0.6400,0.6226,0.9079,0.5664,0.0582
4,4,4,8,0.6904,0.6978,0.9267,0.6081,0.0363
4,4,4,9,0.7214,0.7421,0.9613,0.6224,0.0205
4,4,4,10,0.7083,0.7100,0.9542,0.6207,0.0236
4,4,4,11,0.6266,0.7094,0.9225,0.5412,0.0535
4,4,5,0,0.6266,0.6161,0.9004,0.5368,0.0465
4,4,5,1,0.5848,0.5426,0.8692,0.5152,0.0741
4,4,5,2,0.7522,0.7757,0.9716,0.6686,0.0218
4,4,5,3,0.6885,0.6975,0.9519,0.5981,0.0280
4,4,5,4,0.6548,0.7332,0.9457,0.5356,0.0232
4,4,5,5,0.5890,0.5601,0.8715,0.5171,0.0728
4,4,5,6,0.5829,0.5600,0.8833,0.5045,0.0692
4,4,5,7,0.6254,0.6102,0.8885,0.5479,0.0526
4,4,5,8,0.7236,0.7522,0.9754,0.6323,0.0184
4,4,5,9,0.5251,0.6359,0.9307,0.4087,0.0505
4,4,5,10,0.6532,0.6830,0.9545,0.5480,0.0320
4,4,5,11,0.7001,0.7159,0.9211,0.6359,0.0487
4,4,6,0,0.5082,0.6361,0.8944,0.4097,0.0596
4,4,6,1,0.6889,0.7641,0.9720,0.5868,0.0199
4,4,6,2,0.5077,0.6275,0.9330,0.3666,0.0359
4,4,6,3,0.5896,0.5831,0.9002,0.5044,0.0588
4,4,6,4,0.6811,0.6954,0.9382,0.6005,0.0419
4,4,6,5,0.5831,0.7045,0.9334,0.4670,0.0338
4,4,6,6,0.6413,0.6822,0.9351,0.5406,0.0353
4,4,6,7,0.7712,0.7850,0.9868,0.6809,0.0129
4,4,6,8,0.6135,0.7200,0.9437,0.4924,0.0354
4,4,6,9,0.5485,0.6187,0.9104,0.4149,0.0345
4,4,6,10,0.5891,0.6443,0.9186,0.4940,0.0526
4,4,6,11,0.4639,0.6203,0.9282,0.3252,0.0531
4,4,7,0,0.6491,0.6807,0.9306,0.5355,0.0228
4,4,7,1,0.6715,0.6969,0.9348,0.5862,0.0364
4,4,7,2,0.6684,0.6908,0.9302,0.5848,0.0451
4,4,7,3,0.5822,0.5429,0.8736,0.4989,0.0645
4,4,7,4,0.6061,0.6443,0.9166,0.5177,0.0550
4,4,7,5,0.7879,0.7978,0.9821,0.7067,0.0118
4,4,7,6,0.5385,0.5326,0.8656,0.4547,0.0736
4,4,7,7,0.4512,0.5190,0.8668,0.3518,0.0792
4,4,7,8,0.5343,0.6455,0.8748,0.3817,0.0252
4,4,7,9,0.5873,0.5886,0.9059,0.4912,0.0538
4,4,7,10,0.5323,0.6005,0.9131,0.4284,0.0576
4,4,7,11,0.4807,0.5804,0.8940,0.3738,0.0664
4,4,8,0,0.6231,0.6689,0.9106,0.5296,0.0460
4,4,8,1,0.6186,0.6429,0.9244,0.5008,0.0378
4,4,8,2,0.5430,0.5034,0.8569,0.4710,0.0833
4,4,8,3,0.6487,0.6701,0.9254,0.5496,0.0357
4,4,8,4,0.6109,0.6691,0.9152,0.5226,0.0531
4,4,8,5,0.6155,0.6144,0.8941,0.5380,0.0594
4,4,8,6,0.5666,0.5383,0.8685,0.4873,0.0717
4,4,8,7,0.7713,0.8711,0.9625,0.6592,0.0214
4,4,8,8,0.8578,0.8526,0.9569,0.7939,0.0154
4,4,8,9,0.7303,0.7232,0.9648,0.6384,0.0180
4,4,8,10,0.5919,0.6131,0.9005,0.5014,0.0499
4,4,8,11,0.6233,0.6828,0.9299,0.5007,0.0188
4,4,9,0,0.6012,0.6669,0.9519,0.4805,0.0343
4,4,9,1,0.5965,0.7460,0.9467,0.4657,0.0316
4,4,9,2,0.5627,0.7025,0.9462,0.3757,0.0171
4,4,9,3,0.4404,0.6380,0.9012,0.2726,0.0365
4,4,9,4,0.5725,0.6026,0.9096,0.4568,0.0425
4,4,9,5,0.6507,0.8035,0.9613,0.4897,0.0228
4,4,9,6,0.5496,0.5607,0.8721,0.4546,0.0620
4,4,9,7,0.5769,0.5761,0.8829,0.4964,0.0655
4,4,9,8,0.4706,0.7221,0.9532,0.1913,0.0171
4,4,9,9,0.5292,0.5201,0.8640,0.4451,0.0778
4,4,9,10,0.5833,0.7328,0.9720,0.3841,0.0136
4,4,9,11,0.3609,0.7029,0.9606,0.1074,0.0196
4,4,10,0,0.4871,0.6901,0.7993,0.1578,0.0278
4,4,10,1,0.3766,0.6175,0.8588,0.1527,0.0321
4,4,10,2,0.4484,0.6727,0.8951,0.1577,0.0138
4,4,10,3,0.4222,0.5832,0.7308,0.1822,0.0257
4,4,10,4,0.3452,0.6316,0.8594,0.0764,0.0203
4,4,10,5,0.3883,0.5968,0.8266,0.1446,0.0224
4,4,10,6,0.3284,0.6171,0.8478,0.0682,0.0222
4,4,10,7,0.4149,0.6501,0.7627,0.0933,0.0166
4,4,10,8,0.5094,0.5863,0.6882,0.3190,0.0302
4,4,10,9,0.4327,0.6094,0.8551,0.1969,0.0231
4,4,10,10,0.2505,0.6142,0.9725,-0.0161,0.0230
4,4,10,11,0.4874,0.7146,0.8829,0.1782,0.0245
4,4,11,0,0.3961,0.5093,0.6618,0.1940,0.0484
4,4,11,1,0.3801,0.5243,0.6693,0.1677,0.0461
4,4,11,2,0.5180,0.6048,0.7667,0.2687,0.0148
4,4,11,3,0.4056,0.5132,0.6528,0.2011,0.0444
4,4,11,4,0.4027,0.5320,0.6753,0.1795,0.0376
4,4,11,5,0.4460,0.5604,0.6892,0.2306,0.0357
4,4,11,6,0.4091,0.5668,0.7215,0.1635,0.0271
4,4,11,7,0.3906,0.5046,0.6481,0.1863,0.0493
4,4,11,8,0.4844,0.6187,0.9100,0.2442,0.0115
4,4,11,9,0.4914,0.6389,0.8284,0.2095,0.0190
4,4,11,10,0.4491,0.5576,0.7287,0.2204,0.0210
4,4,11,11,0.3752,0.4940,0.6452,0.1807,0.0554
4,5,0,0,0.4363,0.5008,0.4561,0.1847,0.0862
4,5,0,1,0.3122,0.5602,0.8348,0.0826,0.0550
4,5,0,2,0.1311,0.4353,0.9688,-0.0688,0.0173
4,5,0,3,0.0707,0.4703,0.9647,-0.1426,0.0155
4,5,0,4,0.4683,0.5505,0.6979,0.2834,0.0715
4,5,0,5,0.2841,0.5821,0.8563,0.0484,0.0545
4,5,0,6,0.3311,0.5185,0.5553,0.0202,0.0750
4,5,0,7,0.3264,0.5398,0.8296,0.0914,0.0520
4,5,0,8,0.4094,0.5533,0.6506,0.1754,0.0687
4,5,0,9,0.2198,0.4668,0.8892,-0.0398,0.0475
4,5,0,10,0.4531,0.6272,0.9608,0.3408,0.0079
4,5,0,11,0.2836,0.5147,0.9349,0.0730,0.0443
4,5,1,0,0.2110,0.5388,0.8823,-0.0146,0.0338
4,5,1,1,0.2536,0.4706,0.9690,0.0971,0.0094
4,5,1,2,0.1912,0.4403,0.9335,-0.0155,0.0314
4,5,1,3,0.2157,0.4403,0.8811,-0.0411,0.0511
4,5,1,4,0.0808,0.3468,0.9683,-0.0854,0.0135
4,5,1,5,0.2630,0.4510,0.9296,0.0547,0.0334
4,5,1,6,0.0816,0.2435,0.9839,-0.0482,0.0455
4,5,1,7,0.1555,0.3551,0.9850,-0.0190,0.0147
4,5,1,8,0.3793,0.5420,0.8206,0.1689,0.0510
4,5,1,9,0.2905,0.4354,0.9758,0.1105,0.0271
4,5,1,10,0.2182,0.4165,0.9361,0.0089,0.0368
4,5,1,11,0.2104,0.4857,0.9336,-0.0214,0.0341
4,5,2,0,0.2689,0.5038,0.9302,0.1734,0.0534
4,5,2,1,0.1657,0.4206,0.9915,0.0052,0.0114
4,5,2,2,0.1610,0.3364,0.9896,0.0008,0.0167
4,5,2,3,0.2682,0.4551,0.9730,0.0929,0.0191
4,5,2,4,0.2913,0.4717,0.9255,0.0869,0.0347
4,5,2,5,0.2849,0.4624,0.8787,0.0528,0.0516
4,5,2,6,0.2935,0.4806,0.9383,0.1088,0.0297
4,5,2,7,0.2125,0.4190,0.8816,-0.0192,0.0469
4,5,2,8,0.2827,0.4694,0.9198,0.0787,0.0406
4,5,2,9,0.2800,0.5113,0.9312,0.1848,0.0515
4,5,2,10,0.1663,0.3811,0.9644,-0.0158,0.0172
4,5,2,11,0.2220,0.3736,0.9505,0.0222,0.0374
4,5,3,0,0.5553,0.6643,0.9880,0.4560,0.0327
4,5,3,1,0.6394,0.7265,0.8752,0.5416,0.0480
4,5,3,2,0.4680,0.6359,0.9070,0.3154,0.0413
4,5,3,3,0.7128,0.7385,0.9009,0.6421,0.0406
4,5,3,4,0.4074,0.5323,0.8487,0.2205,0.0523
4,5,3,5,0.0598,0.3952,0.9666,-0.1079,0.0170
4,5,3,6,0.5804,0.6696,0.8667,0.4602,0.0451
4,5,3,7,0.4767,0.5600,0.8849,0.3224,0.0418
4,5,3,8,0.3464,0.5423,0.9088,0.1595,0.0394
4,5,3,9,0.3443,0.4583,0.9690,0.2265,0.0137
4,5,3,10,0.6565,0.7063,0.9341,0.5730,0.0242
4,5,3,11,0.2273,0.5074,0.9759,0.0283,0.0312
4,5,4,0,0.7524,0.7943,0.9852,0.7015,0.0076
4,5,4,1,0.6584,0.7349,0.8606,0.5681,0.0494
4,5,4,2,0.6505,0.7317,0.9729,0.5698,0.0259
4,5,4,3,0.6790,0.6858,0.9840,0.6357,0.0408
4,5,4,4,0.6476,0.6811,0.9071,0.5578,0.0404
4,5,4,5,1.0000,1.0000,1.0000,1.0000,0.0000
4,5,4,6,0.7064,0.7721,0.9828,0.6472,0.0071
4,5,4,7,0.6691,0.6776,0.9812,0.6129,0.0215
4,5,4,8,0.8105,0.8324,0.9967,0.7721,0.0120
4,5,4,9,0.7866,0.8077,0.9778,0.7380,0.0274
4,5,4,10,0.6719,0.6893,0.9830,0.6003,0.0179
4,5,4,11,0.7187,0.7520,0.9852,0.6678,0.0137
4,5,5,0,0.9094,0.8983,0.9988,0.8925,0.0099
4,5,5,1,0.7020,0.7026,0.9872,0.6600,0.0376
4,5,5,2,0.7397,0.7252,0.9544,0.6802,0.0269
4,5,5,3,0.6769,0.7086,0.9844,0.6080,0.0159
4,5,5,4,0.7129,0.7481,0.9570,0.6464,0.0239
4,5,5,5,0.7266,0.7282,0.9882,0.6870,0.0365
4,5,5,6,0.6695,0.6805,0.9874,0.6184,0.0297
4,5,5,7,0.8201,0.8335,0.9932,0.7902,0.0182
4,5,5,8,0.8544,0.8597,0.9738,0.8229,0.0255
4,5,5,9,0.7237,0.7641,0.9860,0.6728,0.0142
4,5,5,10,0.5960,0.6870,0.9873,0.5078,0.0137
4,5,5,11,0.7917,0.8008,0.9925,0.7543,0.0146
4,5,6,0,0.5880,0.6855,0.9835,0.5235,0.0274
4,5,6,1,0.7097,0.7605,0.9751,0.6439,0.0261
4,5,6,2,0.5035,0.6127,0.9880,0.4010,0.0099
4,5,6,3,0.6495,0.6925,0.9882,0.5910,0.0210
4,5,6,4,0.6730,0.7142,0.9853,0.6087,0.0078
4,5,6,5,0.8180,0.8821,0.9850,0.7809,0.0096
4,5,6,6,0.8496,0.8729,0.9936,0.8186,0.0092
4,5,6,7,0.7416,0.7613,0.9570,0.6799,0.0339
4,5,6,8,0.6907,0.7231,0.9869,0.6224,0.0131
4,5,6,9,0.5184,0.6846,0.9972,0.4161,0.0093
4,5,6,10,0.6646,0.7186,0.9878,0.6043,0.0134
4,5,6,11,0.4612,0.6247,0.9681,0.3590,0.0168
4,5,7,0,0.6875,0.7479,0.9676,0.6172,0.0192
4,5,7,1,0.7623,0.7954,0.9953,0.7150,0.0078
4,5,7,2,0.7765,0.7764,0.9861,0.7328,0.0112
4,5,7,3,0.7256,0.7366,0.9911,0.6817,0.0284
4,5,7,4,0.6413,0.7125,0.9805,0.5776,0.0150
4,5,7,5,0.7878,0.7967,0.9487,0.7392,0.0336
4,5,7,6,0.6989,0.7182,0.9879,0.6555,0.0373
4,5,7,7,0.5890,0.6447,0.9778,0.5316,0.0417
4,5,7,8,0.6635,0.7514,0.8790,0.5874,0.0176
4,5,7,9,0.6224,0.6703,0.9950,0.5541,0.0152
4,5,7,10,0.8600,0.8776,0.9787,0.8367,0.0174
4,5,7,11,0.6002,0.6937,0.9833,0.5370,0.0275
4,5,8,0,0.7850,0.8078,0.9954,0.7439,0.0101
4,5,8,1,0.7348,0.7627,0.9711,0.6770,0.0225
4,5,8,2,0.6871,0.6845,0.9845,0.6467,0.0474
4,5,8,3,0.7586,0.7824,0.9817,0.7084,0.0085
4,5,8,4,0.6387,0.6854,0.9894,0.5739,0.0173
4,5,8,5,0.7723,0.7671,0.9890,0.7350,0.0223
4,5,8,6,0.7091,0.7279,0.9893,0.6660,0.0356
4,5,8,7,0.6082,0.6574,0.8019,0.4971,0.0583
4,5,8,8,0.6586,0.7164,0.8358,0.5687,0.0499
4,5,8,9,0.8405,0.8643,0.9842,0.8057,0.0239
4,5,8,10,0.7924,0.7999,0.9896,0.7564,0.0159
4,5,8,11,0.7367,0.8252,0.9591,0.6778,0.0242
4,5,9,0,0.7952,0.8589,0.9851,0.7513,0.0112
4,5,9,1,0.7396,0.7546,0.9842,0.6815,0.0150
4,5,9,2,0.6819,0.7306,0.8824,0.6012,0.0346
4,5,9,3,0.5994,0.7381,0.9622,0.5145,0.0134
4,5,9,4,0.7142,0.7548,0.9848,0.6570,0.0125
4,5,9,5,0.7729,0.8284,0.8650,0.7237,0.0444
4,5,9,6,0.6914,0.7109,0.9887,0.6405,0.0274
4,5,9,7,0.7649,0.8028,0.9877,0.7292,0.0267
4,5,9,8,0.5445,0.7120,0.8066,0.4056,0.0553
4,5,9,9,0.6849,0.6925,0.9872,0.6401,0.0418
4,5,9,10,0.7176,0.8449,0.9214,0.6495,0.0494
4,5,9,11,0.5238,0.6618,0.9556,0.3994,0.0293
4,5,10,0,0.4270,0.5734,0.5961,0.2078,0.0658
4,5,10,1,0.3843,0.6432,0.7976,0.2327,0.0268
4,5,10,2,0.4412,0.6106,0.7556,0.2579,0.0506
4,5,10,3,0.4652,0.5494,0.6819,0.3189,0.0350
4,5,10,4,0.4281,0.6172,0.8285,0.2719,0.0322
4,5,10,5,0.3759,0.6515,0.7567,0.2083,0.0287
4,5,10,6,0.3779,0.6799,0.7871,0.2146,0.0320
4,5,10,7,0.4614,0.5684,0.6252,0.2825,0.0530
4,5,10,8,0.5952,0.5863,0.6554,0.4926,0.0317
4,5,10,9,0.3954,0.6356,0.7757,0.2277,0.0401
4,5,10,10,0.2672,0.5463,0.9732,0.0875,0.0269
4,5,10,11,0.3719,0.5961,0.7035,0.1317,0.0615
4,5,11,0,0.4630,0.5703,0.6612,0.3387,0.0311
4,5,11,1,0.4536,0.5418,0.6718,0.3247,0.0310
4,5,11,2,0.5339,0.6320,0.6646,0.3914,0.0489
4,5,11,3,0.4859,0.5646,0.6535,0.3644,0.0293
4,5,11,4,0.4874,0.5695,0.6607,0.3584,0.0321
4,5,11,5,0.5409,0.5775,0.6543,0.4230,0.0342
4,5,11,6,0.4514,0.5726,0.6795,0.3009,0.0360
4,5,11,7,0.4650,0.5411,0.6406,0.3410,0.0312
4,5,11,8,0.4715,0.5949,0.8292,0.3146,0.0441
4,5,11,9,0.4664,0.6255,0.6916,0.2877,0.0539
4,5,11,10,0.5074,0.6295,0.6804,0.3741,0.0337
4,5,11,11,0.4456,0.5469,0.6562,0.3245,0.0351
4,6,0,0,0.4828,0.5679,0.5039,0.2728,0.0808
4,6,0,1,0.2603,0.5665,0.8882,0.0008,0.0505
4,6,0,2,0.2033,0.4912,0.9884,0.0144,0.0190
4,6,0,3,0.2604,0.5334,0.9700,0.0857,0.0163
4,6,0,4,0.4900,0.6161,0.7460,0.3071,0.0659
4,6,0,5,0.2893,0.6133,0.9143,0.0470,0.0505
4,6,0,6,0.3815,0.5375,0.6050,0.0963,0.0705
4,6,0,7,0.4117,0.5800,0.8789,0.2056,0.0487
4,6,0,8,0.3224,0.5588,0.6981,0.0189,0.0641
4,6,0,9,0.2065,0.5148,0.9324,-0.0675,0.0420
4,6,0,10,0.2540,0.5393,0.9779,0.0959,0.0097
4,6,0,11,0.2759,0.5065,0.9709,0.0553,0.0405
4,6,1,0,0.2045,0.6423,0.9347,-0.0306,0.0323
4,6,1,1,0.1345,0.4405,0.9928,-0.0528,0.0121
4,6,1,2,0.1677,0.5060,0.9715,-0.0520,0.0264
4,6,1,3,0.1940,0.4962,0.9121,-0.0800,0.0463
4,6,1,4,0.1414,0.4298,0.9858,-0.0185,0.0141
4,6,1,5,0.2962,0.5512,0.9542,0.0912,0.0311
4,6,1,6,0.0439,0.2841,0.9750,-0.0957,0.0462
4,6,1,7,0.1393,0.4194,0.9965,-0.0440,0.0110
4,6,1,8,0.4006,0.6270,0.8531,0.1908,0.0487
4,6,1,9,0.2975,0.5403,0.9900,0.1135,0.0235
4,6,1,10,0.2208,0.4659,0.9633,0.0054,0.0323
4,6,1,11,0.2813,0.5284,0.9720,0.0649,0.0318
4,6,2,0,0.1076,0.4249,0.9591,-0.0143,0.0537
4,6,2,1,0.1898,0.4709,0.9891,0.0291,0.0122
4,6,2,2,0.1503,0.4187,0.9986,-0.0169,0.0117
4,6,2,3,0.2761,0.5543,0.9899,0.0970,0.0164
4,6,2,4,0.2833,0.5186,0.9512,0.0691,0.0309
4,6,2,5,0.2560,0.5082,0.9053,0.0042,0.0468
4,6,2,6,0.3603,0.5102,0.9799,0.1882,0.0273
4,6,2,7,0.2050,0.4713,0.9135,-0.0370,0.0416
4,6,2,8,0.2682,0.5415,0.9562,0.0526,0.0380
4,6,2,9,0.1176,0.4289,0.9600,-0.0044,0.0518
4,6,2,10,0.1494,0.4181,0.9933,-0.0421,0.0135
4,6,2,11,0.1658,0.4289,0.9787,-0.0560,0.0332
4,6,3,0,0.6796,0.7858,0.9976,0.6059,0.0361
4,6,3,1,0.6567,0.7649,0.9080,0.5598,0.0451
4,6,3,2,0.5614,0.7469,0.9392,0.4343,0.0382
4,6,3,3,0.5509,0.6773,0.9316,0.4176,0.0388
4,6,3,4,0.4952,0.6427,0.8860,0.3350,0.0481
4,6,3,5,0.1860,0.4883,0.9889,0.0365,0.0205
4,6,3,6,0.6480,0.7629,0.8896,0.5478,0.0432
4,6,3,7,0.4726,0.6497,0.9169,0.3102,0.0394
4,6,3,8,0.5551,0.6965,0.9535,0.4288,0.0365
4,6,3,9,0.1263,0.4048,0.9900,-0.0358,0.0166
4,6,3,10,0.4453,0.6404,0.9764,0.3005,0.0232
4,6,3,11,0.3891,0.5903,0.9793,0.2281,0.0283
4,6,4,0,0.8774,0.8999,0.9971,0.8514,0.0089
4,6,4,1,0.6145,0.7587,0.9014,0.5005,0.0454
4,6,4,2,0.6996,0.8014,0.9883,0.6278,0.0212
4,6,4,3,0.7974,0.7877,0.9741,0.7722,0.0420
4,6,4,4,0.6582,0.6882,0.9469,0.5674,0.0376
4,6,4,5,0.7064,0.7721,0.9828,0.6472,0.0071
4,6,4,6,1.0000,1.0000,1.0000,1.0000,0.0000
4,6,4,7,0.8341,0.8453,0.9891,0.8063,0.0220
4,6,4,8,0.8138,0.8224,0.9871,0.7747,0.0076
4,6,4,9,0.8641,0.8941,0.9854,0.8332,0.0234
4,6,4,10,0.8763,0.8914,0.9978,0.8488,0.0160
4,6,4,11,0.6976,0.8024,0.9973,0.6414,0.0180
4,6,5,0,0.7967,0.8445,0.9842,0.7577,0.0112
4,6,5,1,0.8441,0.8231,0.9785,0.8245,0.0388
4,6,5,2,0.8008,0.8555,0.9745,0.7539,0.0219
4,6,5,3,0.8637,0.8793,0.9982,0.8338,0.0122
4,6,5,4,0.7885,0.8546,0.9677,0.7383,0.0189
4,6,5,5,0.8313,0.8197,0.9800,0.8084,0.0377
4,6,5,6,0.8365,0.8182,0.9824,0.8127,0.0320
4,6,5,7,0.8097,0.8510,0.9864,0.7775,0.0188
4,6,5,8,0.7371,0.7936,0.9855,0.6749,0.0203
4,6,5,9,0.5341,0.7255,0.9964,0.4458,0.0182
4,6,5,10,0.8258,0.8868,0.9951,0.7869,0.0160
4,6,5,11,0.7791,0.7957,0.9956,0.7385,0.0156
4,6,6,0,0.7078,0.7746,0.9880,0.6621,0.0280
4,6,6,1,0.7218,0.7949,0.9936,0.6562,0.0214
4,6,6,2,0.7096,0.7390,0.9978,0.6477,0.0058
4,6,6,3,0.8528,0.8644,0.9887,0.8290,0.0233
4,6,6,4,0.8612,0.8730,0.9972,0.8331,0.0110
4,6,6,5,0.7339,0.8546,0.9941,0.6778,0.0137
4,6,6,6,0.7875,0.8468,0.9932,0.7420,0.0118
4,6,6,7,0.7692,0.8468,0.9726,0.7121,0.0292
4,6,6,8,0.7861,0.8417,0.9964,0.7375,0.0137
4,6,6,9,0.7697,0.8306,0.9823,0.7194,0.0118
4,6,6,10,0.8984,0.9052,0.9943,0.8803,0.0156
4,6,6,11,0.6888,0.7761,0.9912,0.6282,0.0208
4,6,7,0,0.8751,0.9021,0.9759,0.8469,0.0154
4,6,7,1,0.7020,0.7696,0.9958,0.6408,0.0067
4,6,7,2,0.7757,0.8391,0.9963,0.7306,0.0136
4,6,7,3,0.8480,0.8304,0.9800,0.8246,0.0290
4,6,7,4,0.8477,0.8794,0.9920,0.8206,0.0193
4,6,7,5,0.8223,0.8662,0.9705,0.7804,0.0295
4,6,7,6,0.8088,0.7962,0.9773,0.7827,0.0384
4,6,7,7,0.7102,0.7140,0.9772,0.6709,0.0431
4,6,7,8,0.6397,0.7463,0.9023,0.5550,0.0169
4,6,7,9,0.8046,0.8253,0.9899,0.7688,0.0165
4,6,7,10,0.6272,0.7889,0.9905,0.5618,0.0206
4,6,7,11,0.7314,0.7771,0.9889,0.6891,0.0292
4,6,8,0,0.8199,0.8638,0.9921,0.7847,0.0097
4,6,8,1,0.8260,0.8498,0.9711,0.7869,0.0184
4,6,8,2,0.8090,0.7905,0.9744,0.7872,0.0481
4,6,8,3,0.8312,0.8426,0.9759,0.7950,0.0061
4,6,8,4,0.7773,0.8190,0.9958,0.7367,0.0175
4,6,8,5,0.8122,0.8490,0.9898,0.7815,0.0234
4,6,8,6,0.8559,0.8299,0.9789,0.8365,0.0367
4,6,8,7,0.6147,0.7462,0.8462,0.4994,0.0543
4,6,8,8,0.7620,0.8565,0.8702,0.7043,0.0460
4,6,8,9,0.8260,0.8472,0.9900,0.7853,0.0209
4,6,8,10,0.8567,0.8962,0.9913,0.8318,0.0169
4,6,8,11,0.8662,0.8703,0.9697,0.8359,0.0218
4,6,9,0,0.8159,0.8636,0.9962,0.7749,0.0145
4,6,9,1,0.7517,0.8174,0.9961,0.6940,0.0154
4,6,9,2,0.6101,0.8085,0.9129,0.5016,0.0320
4,6,9,3,0.8143,0.8425,0.9642,0.7737,0.0098
4,6,9,4,0.8200,0.8526,0.9835,0.7829,0.0098
4,6,9,5,0.7332,0.8679,0.8925,0.6650,0.0393
4,6,9,6,0.8063,0.8208,0.9784,0.7746,0.0275
4,6,9,7,0.8500,0.8475,0.9858,0.8282,0.0284
4,6,9,8,0.5278,0.6772,0.8448,0.3740,0.0507
4,6,9,9,0.8156,0.8017,0.9773,0.7913,0.0426
4,6,9,10,0.6044,0.8337,0.9311,0.4878,0.0454
4,6,9,11,0.5898,0.7787,0.9736,0.4798,0.0276
4,6,10,0,0.4899,0.6356,0.6375,0.2991,0.0616
4,6,10,1,0.3932,0.6681,0.8507,0.2387,0.0297
4,6,10,2,0.4540,0.6703,0.8172,0.2681,0.0481
4,6,10,3,0.5162,0.5899,0.7101,0.3800,0.0343
4,6,10,4,0.4612,0.6430,0.8605,0.3092,0.0300
4,6,10,5,0.4065,0.6615,0.8069,0.2420,0.0265
4,6,10,6,0.3600,0.6666,0.8390,0.1858,0.0299
4,6,10,7,0.5310,0.6136,0.6702,0.3760,0.0507
4,6,10,8,0.6647,0.6396,0.6615,0.5777,0.0314
4,6,10,9,0.4481,0.6340,0.8211,0.2906,0.0381
4,6,10,10,0.2706,0.5492,0.9881,0.0859,0.0262
4,6,10,11,0.3958,0.6753,0.7453,0.1582,0.0578
4,6,11,0,0.5247,0.5781,0.6908,0.4112,0.0345
4,6,11,1,0.5453,0.5643,0.6950,0.4348,0.0343
4,6,11,2,0.5154,0.6194,0.6964,0.3576,0.0451
4,6,11,3,0.5564,0.5724,0.6775,0.4483,0.0324
4,6,11,4,0.5465,0.5744,0.6855,0.4288,0.0312
4,6,11,5,0.6172,0.5811,0.6789,0.5165,0.0333
4,6,11,6,0.5218,0.5973,0.7165,0.3874,0.0352
4,6,11,7,0.5260,0.5660,0.6692,0.4126,0.0348
4,6,11,8,0.5122,0.6133,0.8659,0.3635,0.0409
4,6,11,9,0.4687,0.6378,0.7378,0.2823,0.0501
4,6,11,10,0.5343,0.5940,0.7129,0.4038,0.0327
4,6,11,11,0.5132,0.5647,0.6838,0.4035,0.0393
4,7,0,0,0.4410,0.4467,0.3883,0.2756,0.0990
4,7,0,1,0.2368,0.4602,0.8261,0.0131,0.0707
4,7,0,2,0.2792,0.4581,0.9756,0.1349,0.0366
4,7,0,3,0.2821,0.4614,0.9563,0.1389,0.0354
4,7,0,4,0.4143,0.5021,0.6561,0.2408,0.0849
4,7,0,5,0.2201,0.5026,0.8548,-0.0047,0.0710
4,7,0,6,0.3124,0.4633,0.4994,0.0449,0.0904
4,7,0,7,0.3074,0.4953,0.8186,0.1012,0.0697
4,7,0,8,0.2436,0.4852,0.6035,-0.0460,0.0845
4,7,0,9,0.1828,0.4364,0.8821,-0.0545,0.0618
4,7,0,10,0.2373,0.5006,0.9784,0.0999,0.0242
4,7,0,11,0.3542,0.5290,0.9428,0.1941,0.0609
4,7,1,0,0.2075,0.5674,0.8808,0.0107,0.0539
4,7,1,1,0.1470,0.4167,0.9939,-0.0101,0.0272
4,7,1,2,0.1330,0.3931,0.9423,-0.0613,0.0463
4,7,1,3,0.2006,0.3964,0.8528,-0.0265,0.0661
4,7,1,4,0.2041,0.3597,0.9975,0.0773,0.0107
4,7,1,5,0.3345,0.4494,0.9019,0.1746,0.0510
4,7,1,6,0.0642,0.2037,0.9896,-0.0526,0.0248
4,7,1,7,0.1479,0.3122,0.9775,-0.0067,0.0215
4,7,1,8,0.4113,0.5133,0.7742,0.2487,0.0692
4,7,1,9,0.3168,0.4297,0.9608,0.1670,0.0436
4,7,1,10,0.1640,0.3445,0.9260,-0.0320,0.0524
4,7,1,11,0.2416,0.5357,0.9474,0.0497,0.0537
4,7,2,0,0.1140,0.4058,0.9828,0.0101,0.0324
4,7,2,1,0.2759,0.4206,0.9953,0.1535,0.0142
4,7,2,2,0.1560,0.3079,0.9907,0.0143,0.0160
4,7,2,3,0.2961,0.4466,0.9597,0.1496,0.0373
4,7,2,4,0.2777,0.4171,0.9011,0.0977,0.0517
4,7,2,5,0.2654,0.3977,0.8413,0.0598,0.0659
4,7,2,6,0.3352,0.5192,0.9607,0.1859,0.0480
4,7,2,7,0.1813,0.3511,0.8524,-0.0290,0.0605
4,7,2,8,0.3181,0.4406,0.9129,0.1523,0.0581
4,7,2,9,0.1222,0.4100,0.9833,0.0180,0.0305
4,7,2,10,0.1313,0.3231,0.9737,-0.0353,0.0256
4,7,2,11,0.1773,0.3318,0.9442,-0.0076,0.0534
4,7,3,0,0.7094,0.7872,0.9840,0.6560,0.0454
4,7,3,1,0.6013,0.6524,0.8414,0.5148,0.0658
4,7,3,2,0.6064,0.7299,0.8864,0.5218,0.0588
4,7,3,3,0.5254,0.5780,0.8720,0.4144,0.0592
4,7,3,4,0.5703,0.5931,0.8207,0.4725,0.0688
4,7,3,5,0.2812,0.4558,0.9953,0.1683,0.0132
4,7,3,6,0.6724,0.6963,0.8175,0.6111,0.0650
4,7,3,7,0.4973,0.5500,0.8514,0.3766,0.0606
4,7,3,8,0.5059,0.6041,0.9047,0.3926,0.0566
4,7,3,9,0.1915,0.3837,0.9974,0.0633,0.0135
4,7,3,10,0.4026,0.5558,0.9606,0.2729,0.0446
4,7,3,11,0.3504,0.4916,0.9503,0.2073,0.0493
4,7,4,0,0.8186,0.8081,0.9793,0.7877,0.0242
4,7,4,1,0.6479,0.7097,0.8437,0.5786,0.0652
4,7,4,2,0.7778,0.8198,0.9614,0.7383,0.0392
4,7,4,3,0.8432,0.8395,0.9832,0.8242,0.0199
4,7,4,4,0.6400,0.6226,0.9079,0.5664,0.0582
4,7,4,5,0.6691,0.6776,0.9812,0.6129,0.0215
4,7,4,6,0.8341,0.8453,0.9891,0.8063,0.0220
4,7,4,7,1.0000,1.0000,1.0000,1.0000,0.0000
4,7,4,8,0.8437,0.8158,0.9790,0.8175,0.0223
4,7,4,9,0.8635,0.8648,0.9556,0.8444,0.0410
4,7,4,10,0.7902,0.8063,0.9795,0.7535,0.0357
4,7,4,11,0.8079,0.8203,0.9931,0.7773,0.0147
4,7,5,0,0.8094,0.8244,0.9816,0.7784,0.0132
4,7,5,1,0.9158,0.9001,0.9920,0.9056,0.0169
4,7,5,2,0.8679,0.8575,0.9379,0.8485,0.0410
4,7,5,3,0.8232,0.8435,0.9808,0.7930,0.0306
4,7,5,4,0.8458,0.8630,0.9279,0.8218,0.0375
4,7,5,5,0.8697,0.8625,0.9873,0.8526,0.0156
4,7,5,6,0.9422,0.9365,0.9964,0.9344,0.0127
4,7,5,7,0.8600,0.8622,0.9918,0.8388,0.0123
4,7,5,8,0.7336,0.7312,0.9632,0.6846,0.0404
4,7,5,9,0.6040,0.7281,0.9967,0.5399,0.0165
4,7,5,10,0.8399,0.8222,0.9826,0.8130,0.0324
4,7,5,11,0.8008,0.7501,0.9898,0.7691,0.0121
4,7,6,0,0.7914,0.8255,0.9987,0.7622,0.0168
4,7,6,1,0.7132,0.7045,0.9750,0.6599,0.0414
4,7,6,2,0.7579,0.7820,0.9886,0.7158,0.0231
4,7,6,3,0.9573,0.9578,0.9986,0.9509,0.0082
4,7,6,4,0.8972,0.9128,0.9963,0.8806,0.0194
4,7,6,5,0.7809,0.8491,0.9972,0.7432,0.0268
4,7,6,6,0.8011,0.8533,0.9891,0.7669,0.0265
4,7,6,7,0.8318,0.8494,0.9393,0.8089,0.0499
4,7,6,8,0.8149,0.8256,0.9789,0.7831,0.0282
4,7,6,9,0.7924,0.8616,0.9717,0.7563,0.0286
4,7,6,10,0.8394,0.8807,0.9984,0.8139,0.0089
4,7,6,11,0.7612,0.7603,0.9959,0.7218,0.0214
4,7,7,0,0.8298,0.8597,0.9408,0.8013,0.0362
4,7,7,1,0.7212,0.7181,0.9876,0.6735,0.0232
4,7,7,2,0.8539,0.8650,0.9867,0.8298,0.0160
4,7,7,3,0.8843,0.8709,0.9874,0.8676,0.0072
4,7,7,4,0.9038,0.9122,0.9997,0.8888,0.0136
4,7,7,5,0.7776,0.7610,0.9283,0.7396,0.0495
4,7,7,6,0.8484,0.8426,0.9888,0.8286,0.0167
4,7,7,7,0.7805,0.7654,0.9868,0.7532,0.0215
4,7,7,8,0.5763,0.6840,0.8541,0.4943,0.0367
4,7,7,9,0.8897,0.8959,0.9918,0.8723,0.0077
4,7,7,10,0.6643,0.7636,0.9994,0.6131,0.0107
4,7,7,11,0.7684,0.7717,0.9924,0.7356,0.0093
4,7,8,0,0.8191,0.8281,0.9898,0.7894,0.0144
4,7,8,1,0.8655,0.8652,0.9437,0.8438,0.0258
4,7,8,2,0.8483,0.8446,0.9880,0.8309,0.0268
4,7,8,3,0.8594,0.8666,0.9629,0.8361,0.0236
4,7,8,4,0.8504,0.8580,0.9945,0.8268,0.0098
4,7,8,5,0.8317,0.8593,0.9929,0.8067,0.0055
4,7,8,6,0.8600,0.8556,0.9872,0.8412,0.0149
4,7,8,7,0.6379,0.6381,0.7726,0.5670,0.0749
4,7,8,8,0.7694,0.7573,0.7951,0.7386,0.0663
4,7,8,9,0.8050,0.8003,0.9698,0.7717,0.0413
4,7,8,10,0.8337,0.8738,0.9941,0.8080,0.0119
4,7,8,11,0.7323,0.7748,0.9329,0.6832,0.0418
4,7,9,0,0.8065,0.8323,0.9865,0.7731,0.0295
4,7,9,1,0.7518,0.7610,0.9757,0.7068,0.0350
4,7,9,2,0.6067,0.6727,0.8480,0.5228,0.0539
4,7,9,3,0.7386,0.7942,0.9359,0.6922,0.0239
4,7,9,4,0.8456,0.8548,0.9652,0.8198,0.0168
4,7,9,5,0.7391,0.7601,0.8233,0.6981,0.0593
4,7,9,6,0.8381,0.8593,0.9807,0.8141,0.0070
4,7,9,7,0.8111,0.8194,0.9942,0.7847,0.0110
4,7,9,8,0.5230,0.6012,0.7720,0.4057,0.0720
4,7,9,9,0.8448,0.8420,0.9879,0.8250,0.0211
4,7,9,10,0.6081,0.7396,0.8785,0.5239,0.0657
4,7,9,11,0.6753,0.7483,0.9327,0.6113,0.0478
4,7,10,0,0.4841,0.5179,0.5279,0.3441,0.0817
4,7,10,1,0.3280,0.6597,0.7952,0.1841,0.0468
4,7,10,2,0.3981,0.6144,0.7366,0.2304,0.0692
4,7,10,3,0.5367,0.5756,0.6359,0.4338,0.0554
4,7,10,4,0.4155,0.5199,0.7915,0.2796,0.0516
4,7,10,5,0.3745,0.6309,0.7394,0.2306,0.0477
4,7,10,6,0.2920,0.5889,0.7778,0.1300,0.0514
4,7,10,7,0.5257,0.5740,0.5690,0.4088,0.0720
4,7,10,8,0.6851,0.6682,0.5918,0.6237,0.0520
4,7,10,9,0.4208,0.6253,0.7555,0.2851,0.0598
4,7,10,10,0.2935,0.4908,0.9673,0.1432,0.0456
4,7,10,11,0.3532,0.5525,0.6484,0.1458,0.0783
4,7,11,0,0.5197,0.5500,0.6298,0.4250,0.0450
4,7,11,1,0.5478,0.5497,0.6329,0.4578,0.0469
4,7,11,2,0.5268,0.5409,0.6015,0.4115,0.0654
4,7,11,3,0.5584,0.5480,0.6137,0.4705,0.0476
4,7,11,4,0.5533,0.5450,0.6179,0.4600,0.0507
4,7,11,5,0.5998,0.5554,0.6019,0.5165,0.0533
4,7,11,6,0.5284,0.5614,0.6389,0.4230,0.0565
4,7,11,7,0.5168,0.5674,0.6081,0.4213,0.0441
4,7,11,8,0.4841,0.5705,0.7962,0.3586,0.0617
4,7,11,9,0.4767,0.5618,0.6427,0.3377,0.0704
4,7,11,10,0.5179,0.5450,0.6392,0.4097,0.0541
4,7,11,11,0.5097,0.5581,0.6288,0.4175,0.0428
4,8,0,0,0.4812,0.5136,0.5028,0.2634,0.0778
4,8,0,1,0.2715,0.5252,0.8659,0.0139,0.0487
4,8,0,2,0.1498,0.3317,0.9824,-0.0537,0.0232
4,8,0,3,0.1090,0.3560,0.9820,-0.1036,0.0183
4,8,0,4,0.4590,0.5527,0.7359,0.2565,0.0638
4,8,0,5,0.2407,0.5629,0.8861,-0.0235,0.0489
4,8,0,6,0.3522,0.5149,0.6011,0.0394,0.0685
4,8,0,7,0.3531,0.5598,0.8593,0.1182,0.0464
4,8,0,8,0.3252,0.5375,0.6931,0.0199,0.0617
4,8,0,9,0.2150,0.4308,0.9136,-0.0582,0.0408
4,8,0,10,0.2725,0.4903,0.9742,0.1170,0.0151
4,8,0,11,0.2500,0.4507,0.9521,0.0186,0.0384
4,8,1,0,0.2546,0.6127,0.9126,0.0331,0.0336
4,8,1,1,0.1751,0.3832,0.9730,-0.0048,0.0137
4,8,1,2,0.1723,0.4228,0.9529,-0.0481,0.0244
4,8,1,3,0.2470,0.4423,0.9036,-0.0091,0.0439
4,8,1,4,0.0966,0.2951,0.9687,-0.0732,0.0144
4,8,1,5,0.3738,0.4785,0.9484,0.1912,0.0288
4,8,1,6,0.0741,0.2412,0.9777,-0.0620,0.0466
4,8,1,7,0.1786,0.3665,0.9901,0.0021,0.0088
4,8,1,8,0.4469,0.5741,0.8501,0.2551,0.0460
4,8,1,9,0.3555,0.4689,0.9844,0.1855,0.0201
4,8,1,10,0.1923,0.3672,0.9566,-0.0334,0.0304
4,8,1,11,0.2911,0.4250,0.9499,0.0758,0.0321
4,8,2,0,0.1190,0.3717,0.9302,-0.0022,0.0540
4,8,2,1,0.1763,0.3389,0.9858,0.0116,0.0151
4,8,2,2,0.1656,0.3278,0.9923,-0.0000,0.0102
4,8,2,3,0.3281,0.4845,0.9829,0.1606,0.0163
4,8,2,4,0.3134,0.4675,0.9460,0.1069,0.0299
4,8,2,5,0.3214,0.4497,0.9017,0.0925,0.0442
4,8,2,6,0.3986,0.3930,0.9554,0.2357,0.0257
4,8,2,7,0.2246,0.4228,0.9076,-0.0133,0.0385
4,8,2,8,0.3782,0.4894,0.9379,0.1955,0.0354
4,8,2,9,0.1262,0.3773,0.9312,0.0045,0.0521
4,8,2,10,0.1493,0.3550,0.9780,-0.0440,0.0140
4,8,2,11,0.2113,0.3715,0.9633,0.0000,0.0325
4,8,3,0,0.7465,0.7654,0.9905,0.6879,0.0415
4,8,3,1,0.6438,0.7489,0.9011,0.5399,0.0431
4,8,3,2,0.6582,0.6986,0.9297,0.5626,0.0368
4,8,3,3,0.6712,0.6999,0.9259,0.5792,0.0384
4,8,3,4,0.5564,0.5964,0.8752,0.4184,0.0457
4,8,3,5,0.1034,0.3300,0.9711,-0.0627,0.0227
4,8,3,6,0.7559,0.7840,0.8919,0.6963,0.0439
4,8,3,7,0.5750,0.6054,0.9100,0.4479,0.0389
4,8,3,8,0.4540,0.5621,0.9330,0.2934,0.0341
4,8,3,9,0.1981,0.3485,0.9695,0.0482,0.0192
4,8,3,10,0.4763,0.5674,0.9472,0.3385,0.0243
4,8,3,11,0.3095,0.4602,0.9878,0.1248,0.0271
4,8,4,0,0.8690,0.8706,0.9907,0.8410,0.0095
4,8,4,1,0.7710,0.8220,0.8869,0.7185,0.0432
4,8,4,2,0.8740,0.9085,0.9865,0.8450,0.0176
4,8,4,3,0.9096,0.9045,0.9812,0.9024,0.0426
4,8,4,4,0.6904,0.6978,0.9267,0.6081,0.0363
4,8,4,5,0.8105,0.8324,0.9967,0.7721,0.0120
4,8,4,6,0.8138,0.8224,0.9871,0.7747,0.0076
4,8,4,7,0.8437,0.8158,0.9790,0.8175,0.0223
4,8,4,8,1.0000,1.0000,1.0000,1.0000,0.0000
4,8,4,9,0.9309,0.9350,0.9873,0.9171,0.0218
4,8,4,10,0.7913,0.7672,0.9871,0.7439,0.0168
4,8,4,11,0.8602,0.8689,0.9877,0.8345,0.0209
4,8,5,0,0.8857,0.9017,0.9966,0.8638,0.0115
4,8,5,1,0.9168,0.9051,0.9824,0.9092,0.0391
4,8,5,2,0.8879,0.8717,0.9731,0.8624,0.0195
4,8,5,3,0.8418,0.8333,0.9886,0.8067,0.0096
4,8,5,4,0.9075,0.9120,0.9735,0.8871,0.0179
4,8,5,5,0.9363,0.9294,0.9855,0.9310,0.0378
4,8,5,6,0.8735,0.8629,0.9831,0.8560,0.0335
4,8,5,7,0.9288,0.9421,0.9895,0.9180,0.0176
4,8,5,8,0.9246,0.9296,0.9861,0.9081,0.0199
4,8,5,9,0.6238,0.6875,0.9889,0.5520,0.0209
4,8,5,10,0.7118,0.6922,0.9950,0.6463,0.0197
4,8,5,11,0.9341,0.9049,0.9944,0.9227,0.0137
4,8,6,0,0.8435,0.8942,0.9798,0.8207,0.0261
4,8,6,1,0.8704,0.8737,0.9804,0.8405,0.0204
4,8,6,2,0.7106,0.7561,0.9927,0.6484,0.0069
4,8,6,3,0.8492,0.8380,0.9855,0.8247,0.0248
4,8,6,4,0.8648,0.8499,0.9868,0.8372,0.0131
4,8,6,5,0.8227,0.9082,0.9870,0.7850,0.0161
4,8,6,6,0.8911,0.9141,0.9975,0.8676,0.0126
4,8,6,7,0.8673,0.8797,0.9710,0.8381,0.0276
4,8,6,8,0.8944,0.8891,0.9932,0.8706,0.0159
4,8,6,9,0.6347,0.7159,0.9974,0.5538,0.0134
4,8,6,10,0.8359,0.8448,0.9856,0.8059,0.0185
4,8,6,11,0.5837,0.6439,0.9717,0.5019,0.0242
4,8,7,0,0.8080,0.8424,0.9775,0.7632,0.0158
4,8,7,1,0.9134,0.9203,0.9960,0.8955,0.0066
4,8,7,2,0.9165,0.9088,0.9922,0.8996,0.0168
4,8,7,3,0.9171,0.9129,0.9876,0.9058,0.0291
4,8,7,4,0.7638,0.7639,0.9796,0.7209,0.0209
4,8,7,5,0.8249,0.8359,0.9623,0.7829,0.0288
4,8,7,6,0.9166,0.9256,0.9834,0.9083,0.0385
4,8,7,7,0.8264,0.8637,0.9781,0.8056,0.0434
4,8,7,8,0.7325,0.8513,0.9096,0.6694,0.0190
4,8,7,9,0.7900,0.8023,0.9949,0.7511,0.0186
4,8,7,10,0.7270,0.7799,0.9792,0.6794,0.0224
4,8,7,11,0.8155,0.8679,0.9844,0.7875,0.0308
4,8,8,0,0.9411,0.9559,0.9953,0.9298,0.0102
4,8,8,1,0.9147,0.9246,0.9850,0.8957,0.0183
4,8,8,2,0.9032,0.8987,0.9792,0.8962,0.0486
4,8,8,3,0.9193,0.9332,0.9933,0.9019,0.0091
4,8,8,4,0.8852,0.8866,0.9886,0.8647,0.0173
4,8,8,5,0.9164,0.9256,0.9872,0.9041,0.0238
4,8,8,6,0.9095,0.9181,0.9851,0.8992,0.0366
4,8,8,7,0.6766,0.7028,0.8329,0.5864,0.0515
4,8,8,8,0.7336,0.7471,0.8648,0.6642,0.0439
4,8,8,9,0.8688,0.8920,0.9926,0.8384,0.0200
4,8,8,10,0.8916,0.9209,0.9890,0.8732,0.0155
4,8,8,11,0.7903,0.8573,0.9738,0.7411,0.0199
4,8,9,0,0.8478,0.8856,0.9929,0.8137,0.0178
4,8,9,1,0.8599,0.8560,0.9903,0.8277,0.0190
4,8,9,2,0.7589,0.8000,0.9113,0.6973,0.0324
4,8,9,3,0.7957,0.8960,0.9756,0.7506,0.0093
4,8,9,4,0.9135,0.9261,0.9904,0.8955,0.0104
4,8,9,5,0.8346,0.8744,0.8925,0.8019,0.0370
4,8,9,6,0.9014,0.9121,0.9876,0.8866,0.0274
4,8,9,7,0.8824,0.9061,0.9834,0.8663,0.0302
4,8,9,8,0.6338,0.6935,0.8427,0.5248,0.0498
4,8,9,9,0.9034,0.9075,0.9827,0.8935,0.0426
4,8,9,10,0.7335,0.8584,0.9382,0.6647,0.0438
4,8,9,11,0.7046,0.8125,0.9715,0.6273,0.0287
4,8,10,0,0.4825,0.5327,0.6438,0.2838,0.0587
4,8,10,1,0.4161,0.6859,0.8405,0.2661,0.0320
4,8,10,2,0.4711,0.6589,0.8015,0.2903,0.0470
4,8,10,3,0.6544,0.6567,0.7317,0.5600,0.0363
4,8,10,4,0.4957,0.6289,0.8624,0.3528,0.0317
4,8,10,5,0.4477,0.7119,0.8027,0.2937,0.0274
4,8,10,6,0.3802,0.6791,0.8301,0.2102,0.0318
4,8,10,7,0.5928,0.6630,0.6779,0.4644,0.0502
4,8,10,8,0.7509,0.7178,0.7059,0.6877,0.0349
4,8,10,9,0.4938,0.6395,0.8220,0.3489,0.0382
4,8,10,10,0.3105,0.4323,0.9864,0.1345,0.0276
4,8,10,11,0.3685,0.6051,0.7442,0.1124,0.0554
4,8,11,0,0.6099,0.6826,0.7079,0.5161,0.0406
4,8,11,1,0.6299,0.6641,0.7178,0.5396,0.0397
4,8,11,2,0.6186,0.6467,0.7139,0.5032,0.0435
4,8,11,3,0.6469,0.6702,0.7004,0.5605,0.0381
4,8,11,4,0.6429,0.6691,0.7088,0.5505,0.0352
4,8,11,5,0.6878,0.6650,0.7032,0.6063,0.0362
4,8,11,6,0.6076,0.6714,0.7265,0.4986,0.0368
4,8,11,7,0.6062,0.6738,0.6897,0.5114,0.0406
4,8,11,8,0.5270,0.5548,0.8680,0.3818,0.0392
4,8,11,9,0.5279,0.6119,0.7404,0.3677,0.0473
4,8,11,10,0.6184,0.6843,0.7302,0.5128,0.0341
4,8,11,11,0.5987,0.6776,0.7026,0.5075,0.0443
4,9,0,0,0.5533,0.5974,0.6158,0.2903,0.0594
4,9,0,1,0.3029,0.6057,0.9242,-0.0081,0.0305
4,9,0,2,0.2384,0.4249,0.9817,0.0140,0.0221
4,9,0,3,0.1855,0.4508,0.9757,-0.0537,0.0223
4,9,0,4,0.5585,0.6549,0.8220,0.3438,0.0449
4,9,0,5,0.3169,0.6228,0.9408,0.0195,0.0313
4,9,0,6,0.4258,0.5809,0.7033,0.0686,0.0495
4,9,0,7,0.4157,0.6202,0.9167,0.1447,0.0318
4,9,0,8,0.3581,0.6086,0.7828,-0.0192,0.0436
4,9,0,9,0.2973,0.5154,0.9580,-0.0077,0.0229
4,9,0,10,0.3088,0.5431,0.9594,0.1283,0.0246
4,9,0,11,0.3058,0.5206,0.9736,0.0384,0.0248
4,9,1,0,0.3229,0.6735,0.9550,0.0722,0.0217
4,9,1,1,0.2383,0.4443,0.9634,0.0346,0.0209
4,9,1,2,0.2286,0.4805,0.9745,-0.0252,0.0155
4,9,1,3,0.3192,0.5228,0.9544,0.0294,0.0248
4,9,1,4,0.1889,0.3904,0.9477,0.0030,0.0330
4,9,1,5,0.4299,0.5611,0.9861,0.2205,0.0148
4,9,1,6,0.1674,0.2880,0.9439,0.0204,0.0639
4,9,1,7,0.2611,0.4334,0.9933,0.0668,0.0199
4,9,1,8,0.5559,0.6632,0.9177,0.3577,0.0301
4,9,1,9,0.4479,0.5411,0.9988,0.2666,0.0106
4,9,1,10,0.2939,0.4530,0.9823,0.0494,0.0172
4,9,1,11,0.3213,0.5117,0.9692,0.0630,0.0162
4,9,2,0,0.1544,0.4222,0.9019,0.0143,0.0713
4,9,2,1,0.2693,0.4226,0.9658,0.0912,0.0301
4,9,2,2,0.2669,0.3944,0.9848,0.0897,0.0252
4,9,2,3,0.4109,0.5641,0.9982,0.2292,0.0144
4,9,2,4,0.4122,0.5548,0.9831,0.1908,0.0144
4,9,2,5,0.3838,0.5472,0.9546,0.1210,0.0259
4,9,2,6,0.4378,0.4845,0.9678,0.2471,0.0157
4,9,2,7,0.3143,0.5058,0.9576,0.0525,0.0228
4,9,2,8,0.4206,0.5746,0.9746,0.2059,0.0217
4,9,2,9,0.1631,0.4260,0.9032,0.0228,0.0694
4,9,2,10,0.2218,0.4028,0.9853,0.0045,0.0188
4,9,2,11,0.2655,0.4532,0.9889,0.0220,0.0177
4,9,3,0,0.8105,0.8401,0.9886,0.7569,0.0381
4,9,3,1,0.7274,0.8176,0.9557,0.6185,0.0277
4,9,3,2,0.7549,0.7913,0.9722,0.6629,0.0207
4,9,3,3,0.6792,0.7264,0.9713,0.5541,0.0257
4,9,3,4,0.6173,0.6975,0.9336,0.4587,0.0288
4,9,3,5,0.1684,0.4198,0.9546,-0.0196,0.0405
4,9,3,6,0.8130,0.8448,0.9484,0.7433,0.0278
4,9,3,7,0.6392,0.6948,0.9622,0.4962,0.0226
4,9,3,8,0.5267,0.6537,0.9727,0.3493,0.0184
4,9,3,9,0.2498,0.4211,0.9529,0.0795,0.0352
4,9,3,10,0.5302,0.6240,0.9599,0.3749,0.0163
4,9,3,11,0.4307,0.5680,0.9981,0.2414,0.0210
4,9,4,0,0.8768,0.9100,0.9926,0.8477,0.0218
4,9,4,1,0.7544,0.8391,0.9390,0.6576,0.0252
4,9,4,2,0.8702,0.9095,0.9966,0.8310,0.0105
4,9,4,3,0.8971,0.9060,0.9501,0.8984,0.0604
4,9,4,4,0.7214,0.7421,0.9613,0.6224,0.0205
4,9,4,5,0.7866,0.8077,0.9778,0.7380,0.0274
4,9,4,6,0.8641,0.8941,0.9854,0.8332,0.0234
4,9,4,7,0.8635,0.8648,0.9556,0.8444,0.0410
4,9,4,8,0.9309,0.9350,0.9873,0.9171,0.0218
4,9,4,9,1.0000,1.0000,1.0000,1.0000,0.0000
4,9,4,10,0.8615,0.8533,0.9925,0.8239,0.0187
4,9,4,11,0.8506,0.8931,0.9769,0.8240,0.0378
4,9,5,0,0.8764,0.9115,0.9778,0.8538,0.0292
4,9,5,1,0.9176,0.9175,0.9497,0.9209,0.0570
4,9,5,2,0.9194,0.9248,0.9932,0.8948,0.0134
4,9,5,3,0.8965,0.9079,0.9925,0.8702,0.0148
4,9,5,4,0.9494,0.9614,0.9924,0.9337,0.0070
4,9,5,5,0.9169,0.9231,0.9574,0.9182,0.0550
4,9,5,6,0.8948,0.8978,0.9520,0.8885,0.0516
4,9,5,7,0.9181,0.9345,0.9653,0.9118,0.0353
4,9,5,8,0.8524,0.8731,0.9935,0.8081,0.0149
4,9,5,9,0.6442,0.7508,0.9746,0.5659,0.0362
4,9,5,10,0.7789,0.7958,0.9915,0.7180,0.0207
4,9,5,11,0.8778,0.8656,0.9827,0.8580,0.0313
4,9,6,0,0.8407,0.8872,0.9548,0.8221,0.0422
4,9,6,1,0.8393,0.8458,0.9892,0.7915,0.0136
4,9,6,2,0.7965,0.8072,0.9856,0.7457,0.0193
4,9,6,3,0.8701,0.8860,0.9601,0.8537,0.0437
4,9,6,4,0.8751,0.8989,0.9755,0.8487,0.0274
4,9,6,5,0.8406,0.9028,0.9708,0.8023,0.0234
4,9,6,6,0.8846,0.9162,0.9841,0.8571,0.0243
4,9,6,7,0.9108,0.9434,0.9914,0.8805,0.0104
4,9,6,8,0.9167,0.9188,0.9939,0.8940,0.0191
4,9,6,9,0.7646,0.8191,0.9857,0.7026,0.0209
4,9,6,10,0.8667,0.9007,0.9684,0.8444,0.0360
4,9,6,11,0.6341,0.6818,0.9574,0.5500,0.0380
4,9,7,0,0.8986,0.9258,0.9924,0.8693,0.0144
4,9,7,1,0.8277,0.8582,0.9879,0.7881,0.0241
4,9,7,2,0.9125,0.9366,0.9847,0.8961,0.0302
4,9,7,3,0.9148,0.9252,0.9591,0.9106,0.0464
4,9,7,4,0.8059,0.8257,0.9602,0.7700,0.0397
4,9,7,5,0.8620,0.8884,0.9923,0.8153,0.0131
4,9,7,6,0.8963,0.9112,0.9515,0.8937,0.0554
4,9,7,7,0.8184,0.8353,0.9485,0.8027,0.0614
4,9,7,8,0.7185,0.8321,0.9319,0.6357,0.0190
4,9,7,9,0.8579,0.8761,0.9739,0.8332,0.0358
4,9,7,10,0.7346,0.7998,0.9577,0.6849,0.0413
4,9,7,11,0.7953,0.8327,0.9633,0.7660,0.0493
4,9,8,0,0.9188,0.9394,0.9789,0.9055,0.0281
4,9,8,1,0.9297,0.9514,0.9881,0.9112,0.0195
4,9,8,2,0.8922,0.8991,0.9453,0.8946,0.0656
4,9,8,3,0.9238,0.9392,0.9828,0.9065,0.0208
4,9,8,4,0.8857,0.9099,0.9747,0.8683,0.0341
4,9,8,5,0.8951,0.9278,0.9665,0.8848,0.0416
4,9,8,6,0.9064,0.9190,0.9560,0.9045,0.0535
4,9,8,7,0.7224,0.7731,0.9013,0.6088,0.0333
4,9,8,8,0.8277,0.8603,0.9290,0.7644,0.0262
4,9,8,9,0.8686,0.8911,0.9966,0.8280,0.0145
4,9,8,10,0.8877,0.9372,0.9687,0.8724,0.0327
4,9,8,11,0.8264,0.8752,0.9890,0.7756,0.0191
4,9,9,0,0.8537,0.9078,0.9874,0.8146,0.0231
4,9,9,1,0.8678,0.8727,0.9948,0.8296,0.0203
4,9,9,2,0.7588,0.8178,0.9586,0.6702,0.0178
4,9,9,3,0.8081,0.8919,0.9787,0.7581,0.0194
4,9,9,4,0.8934,0.9356,0.9864,0.8706,0.0244
4,9,9,5,0.8154,0.8964,0.9478,0.7468,0.0201
4,9,9,6,0.9035,0.9222,0.9626,0.8953,0.0432
4,9,9,7,0.8652,0.9003,0.9578,0.8521,0.0491
4,9,9,8,0.6362,0.7316,0.9049,0.4786,0.0324
4,9,9,9,0.8876,0.9078,0.9515,0.8843,0.0598
4,9,9,10,0.7292,0.8573,0.9757,0.6222,0.0262
4,9,9,11,0.7632,0.8625,0.9950,0.6807,0.0170
4,9,10,0,0.5964,0.6347,0.7409,0.3965,0.0410
4,9,10,1,0.4200,0.7355,0.8763,0.2344,0.0288
4,9,10,2,0.5361,0.7318,0.8690,0.3283,0.0314
4,9,10,3,0.6369,0.6828,0.7752,0.5047,0.0251
4,9,10,4,0.5676,0.6753,0.9073,0.4113,0.0225
4,9,10,5,0.4598,0.7338,0.8482,0.2694,0.0175
4,9,10,6,0.4301,0.7163,0.8707,0.2343,0.0229
4,9,10,7,0.6430,0.7029,0.7576,0.4859,0.0343
4,9,10,8,0.7590,0.7374,0.7392,0.6764,0.0317
4,9,10,9,0.5130,0.6951,0.8658,0.3346,0.0332
4,9,10,10,0.4040,0.5158,0.9924,0.2155,0.0225
4,9,10,11,0.4264,0.6765,0.8304,0.1254,0.0377
4,9,11,0,0.6057,0.6802,0.7360,0.4879,0.0397
4,9,11,1,0.6327,0.6654,0.7457,0.5204,0.0387
4,9,11,2,0.6475,0.6821,0.7829,0.4970,0.0272
4,9,11,3,0.6477,0.6692,0.7298,0.5396,0.0367
4,9,11,4,0.6503,0.6699,0.7429,0.5342,0.0332
4,9,11,5,0.6917,0.6745,0.7475,0.5857,0.0336
4,9,11,6,0.6319,0.6930,0.7752,0.4978,0.0282
4,9,11,7,0.6034,0.6776,0.7175,0.4847,0.0390
4,9,11,8,0.5773,0.6206,0.9177,0.4071,0.0216
4,9,11,9,0.5761,0.6750,0.8163,0.3809,0.0314
4,9,11,10,0.6267,0.6832,0.7739,0.4908,0.0242
4,9,11,11,0.5918,0.6733,0.7241,0.4784,0.0418
4,10,0,0,0.4772,0.5625,0.5429,0.1976,0.0705
4,10,0,1,0.2837,0.5289,0.9015,0.0056,0.0384
4,10,0,2,0.2273,0.4468,0.9843,0.0263,0.0183
4,10,0,3,0.2633,0.4758,0.9664,0.0723,0.0164
4,10,0,4,0.5197,0.6253,0.7735,0.3239,0.0566
4,10,0,5,0.2829,0.5879,0.9246,0.0109,0.0367
4,10,0,6,0.4127,0.5555,0.6384,0.1087,0.0568
4,10,0,7,0.3518,0.5669,0.8932,0.0905,0.0344
4,10,0,8,0.2638,0.5554,0.7267,-0.1201,0.0510
4,10,0,9,0.2272,0.5040,0.9428,-0.0670,0.0330
4,10,0,10,0.1577,0.4555,0.9673,-0.0376,0.0163
4,10,0,11,0.2464,0.4598,0.9730,-0.0082,0.0261
4,10,1,0,0.2507,0.6126,0.9401,0.0073,0.0229
4,10,1,1,0.1288,0.3937,0.9846,-0.0776,0.0175
4,10,1,2,0.1995,0.4509,0.9726,-0.0324,0.0174
4,10,1,3,0.2367,0.4837,0.9297,-0.0484,0.0351
4,10,1,4,0.1954,0.3889,0.9742,0.0317,0.0273
4,10,1,5,0.3496,0.5600,0.9674,0.1407,0.0165
4,10,1,6,0.1059,0.2593,0.9654,-0.0359,0.0602
4,10,1,7,0.1975,0.4010,0.9983,0.0104,0.0206
4,10,1,8,0.4276,0.6258,0.8774,0.2033,0.0330
4,10,1,9,0.3851,0.5338,0.9962,0.2079,0.0166
4,10,1,10,0.2510,0.4502,0.9695,0.0231,0.0233
4,10,1,11,0.2891,0.5154,0.9724,0.0524,0.0203
4,10,2,0,0.0296,0.3804,0.9403,-0.1164,0.0676
4,10,2,1,0.2179,0.4425,0.9850,0.0483,0.0272
4,10,2,2,0.2144,0.3990,0.9960,0.0454,0.0259
4,10,2,3,0.3446,0.5348,0.9955,0.1664,0.0139
4,10,2,4,0.3353,0.4999,0.9636,0.1164,0.0195
4,10,2,5,0.3138,0.5099,0.9251,0.0584,0.0347
4,10,2,6,0.3493,0.5077,0.9755,0.1557,0.0139
4,10,2,7,0.2501,0.4623,0.9298,-0.0010,0.0322
4,10,2,8,0.3179,0.5456,0.9659,0.0965,0.0228
4,10,2,9,0.0393,0.3851,0.9414,-0.1069,0.0657
4,10,2,10,0.1900,0.3888,0.9906,-0.0099,0.0236
4,10,2,11,0.1788,0.4411,0.9859,-0.0609,0.0218
4,10,3,0,0.6741,0.7552,0.9978,0.5911,0.0363
4,10,3,1,0.5820,0.7212,0.9263,0.4352,0.0310
4,10,3,2,0.5761,0.7117,0.9522,0.4369,0.0239
4,10,3,3,0.5483,0.6000,0.9459,0.3954,0.0251
4,10,3,4,0.5370,0.6660,0.9049,0.3722,0.0346
4,10,3,5,0.2066,0.4184,0.9774,0.0476,0.0345
4,10,3,6,0.6849,0.7474,0.9118,0.5816,0.0315
4,10,3,7,0.5374,0.6423,0.9343,0.3792,0.0254
4,10,3,8,0.5318,0.6787,0.9610,0.3809,0.0214
4,10,3,9,0.1567,0.3769,0.9796,-0.0142,0.0289
4,10,3,10,0.4891,0.5950,0.9728,0.3415,0.0134
4,10,3,11,0.3891,0.5611,0.9859,0.2110,0.0132
4,10,4,0,0.8230,0.8390,0.9980,0.7822,0.0156
4,10,4,1,0.7074,0.8027,0.9161,0.6132,0.0330
4,10,4,2,0.7757,0.8289,0.9910,0.7159,0.0182
4,10,4,3,0.7774,0.7520,0.9656,0.7500,0.0553
4,10,4,4,0.7083,0.7100,0.9542,0.6207,0.0236
4,10,4,5,0.6719,0.6893,0.9830,0.6003,0.0179
4,10,4,6,0.8763,0.8914,0.9978,0.8488,0.0160
4,10,4,7,0.7902,0.8063,0.9795,0.7535,0.0357
4,10,4,8,0.7913,0.7672,0.9871,0.7439,0.0168
4,10,4,9,0.8615,0.8533,0.9925,0.8239,0.0187
4,10,4,10,1.0000,1.0000,1.0000,1.0000,0.0000
4,10,4,11,0.7104,0.7759,0.9921,0.6532,0.0308
4,10,5,0,0.7982,0.8120,0.9835,0.7574,0.0243
4,10,5,1,0.8054,0.7734,0.9692,0.7808,0.0522
4,10,5,2,0.8287,0.8340,0.9801,0.7828,0.0182
4,10,5,3,0.9462,0.9529,0.9999,0.9332,0.0125
4,10,5,4,0.8318,0.8462,0.9756,0.7864,0.0187
4,10,5,5,0.7918,0.7619,0.9726,0.7630,0.0511
4,10,5,6,0.7920,0.7791,0.9728,0.7608,0.0466
4,10,5,7,0.8147,0.8132,0.9808,0.7829,0.0312
4,10,5,8,0.7275,0.7539,0.9882,0.6551,0.0134
4,10,5,9,0.5323,0.6792,0.9899,0.4363,0.0301
4,10,5,10,0.8073,0.8424,0.9942,0.7594,0.0168
4,10,5,11,0.7319,0.7132,0.9926,0.6795,0.0276
4,10,6,0,0.7461,0.7917,0.9787,0.7058,0.0396
4,10,6,1,0.7957,0.8285,0.9964,0.7419,0.0117
4,10,6,2,0.7594,0.7772,0.9948,0.7036,0.0152
4,10,6,3,0.7908,0.7997,0.9803,0.7552,0.0373
4,10,6,4,0.8561,0.8839,0.9921,0.8252,0.0206
4,10,6,5,0.7270,0.7863,0.9872,0.6643,0.0128
4,10,6,6,0.7853,0.7882,0.9901,0.7351,0.0161
4,10,6,7,0.8151,0.8410,0.9806,0.7625,0.0175
4,10,6,8,0.8106,0.8280,0.9973,0.7626,0.0190
4,10,6,9,0.7519,0.8101,0.9849,0.6923,0.0146
4,10,6,10,0.8676,0.8937,0.9883,0.8435,0.0298
4,10,6,11,0.6305,0.7100,0.9808,0.5527,0.0325
4,10,7,0,0.8842,0.8998,0.9836,0.8541,0.0089
4,10,7,1,0.6807,0.7178,0.9958,0.6096,0.0147
4,10,7,2,0.7830,0.7994,0.9927,0.7361,0.0249
4,10,7,3,0.8049,0.7828,0.9733,0.7739,0.0422
4,10,7,4,0.7967,0.8344,0.9832,0.7587,0.0327
4,10,7,5,0.7976,0.8305,0.9817,0.7399,0.0161
4,10,7,6,0.7692,0.7416,0.9689,0.7367,0.0522
4,10,7,7,0.6847,0.6687,0.9661,0.6404,0.0568
4,10,7,8,0.5595,0.6603,0.9052,0.4446,0.0124
4,10,7,9,0.7885,0.8022,0.9849,0.7477,0.0311
4,10,7,10,0.6666,0.7336,0.9802,0.6047,0.0353
4,10,7,11,0.6925,0.7217,0.9804,0.6416,0.0439
4,10,8,0,0.7890,0.7935,0.9890,0.7449,0.0233
4,10,8,1,0.8048,0.7899,0.9745,0.7559,0.0284
4,10,8,2,0.7768,0.7385,0.9649,0.7512,0.0621
4,10,8,3,0.8202,0.7972,0.9743,0.7780,0.0169
4,10,8,4,0.8320,0.8497,0.9913,0.8008,0.0310
4,10,8,5,0.8168,0.8272,0.9835,0.7866,0.0370
4,10,8,6,0.7938,0.7602,0.9718,0.7645,0.0504
4,10,8,7,0.7380,0.7899,0.8673,0.6579,0.0394
4,10,8,8,0.8113,0.8474,0.8923,0.7584,0.0316
4,10,8,9,0.7408,0.7443,0.9933,0.6707,0.0093
4,10,8,10,0.8327,0.8161,0.9847,0.8029,0.0283
4,10,8,11,0.7642,0.7667,0.9760,0.7028,0.0065
4,10,9,0,0.7389,0.7762,0.9931,0.6746,0.0171
4,10,9,1,0.7743,0.7997,0.9983,0.7158,0.0156
4,10,9,2,0.6573,0.7502,0.9273,0.5496,0.0204
4,10,9,3,0.6816,0.7447,0.9669,0.6051,0.0188
4,10,9,4,0.7952,0.8134,0.9850,0.7497,0.0221
4,10,9,5,0.7109,0.8227,0.9123,0.6192,0.0309
4,10,9,6,0.7852,0.7677,0.9729,0.7490,0.0415
4,10,9,7,0.7501,0.7392,0.9781,0.7106,0.0430
4,10,9,8,0.4925,0.6159,0.8635,0.2984,0.0380
4,10,9,9,0.7727,0.7538,0.9690,0.7420,0.0561
4,10,9,10,0.6136,0.7705,0.9491,0.4819,0.0314
4,10,9,11,0.6125,0.7653,0.9819,0.4956,0.0189
4,10,10,0,0.4946,0.5980,0.6702,0.2727,0.0472
4,10,10,1,0.3569,0.6048,0.8495,0.1759,0.0231
4,10,10,2,0.4331,0.6454,0.8295,0.2120,0.0337
4,10,10,3,0.5264,0.5595,0.7181,0.3769,0.0262
4,10,10,4,0.4725,0.5715,0.8718,0.3066,0.0195
4,10,10,5,0.3705,0.5886,0.8108,0.1764,0.0164
4,10,10,6,0.3459,0.5816,0.8406,0.1488,0.0188
4,10,10,7,0.5232,0.5899,0.6917,0.3392,0.0365
4,10,10,8,0.6743,0.6197,0.6705,0.5784,0.0281
4,10,10,9,0.4268,0.5710,0.8256,0.2439,0.0275
4,10,10,10,0.2818,0.5237,0.9890,0.0818,0.0145
4,10,10,11,0.4000,0.6330,0.7740,0.1316,0.0434
4,10,11,0,0.4805,0.5092,0.6907,0.3434,0.0369
4,10,11,1,0.4992,0.5105,0.6968,0.3644,0.0358
4,10,11,2,0.4806,0.5429,0.7169,0.2833,0.0312
4,10,11,3,0.5068,0.5013,0.6797,0.3734,0.0335
4,10,11,4,0.5037,0.5027,0.6898,0.3598,0.0313
4,10,11,5,0.5650,0.5156,0.6884,0.4352,0.0304
4,10,11,6,0.4953,0.5442,0.7251,0.3353,0.0267
4,10,11,7,0.4831,0.5135,0.6687,0.3464,0.0378
4,10,11,8,0.4630,0.5437,0.8777,0.2750,0.0262
4,10,11,9,0.4391,0.5730,0.7581,0.2103,0.0361
4,10,11,10,0.4931,0.5075,0.7198,0.3325,0.0246
4,10,11,11,0.4724,0.5047,0.6809,0.3418,0.0434
4,11,0,0,0.4290,0.5180,0.4501,0.2142,0.0978
4,11,0,1,0.2571,0.5577,0.8570,0.0258,0.0677
4,11,0,2,0.1118,0.3956,0.9828,-0.0783,0.0256
4,11,0,3,0.0647,0.4272,0.9672,-0.1350,0.0249
4,11,0,4,0.4030,0.5683,0.7021,0.2066,0.0828
4,11,0,5,0.2227,0.5656,0.8883,-0.0163,0.0668
4,11,0,6,0.3296,0.5145,0.5552,0.0506,0.0880
4,11,0,7,0.2709,0.5690,0.8453,0.0335,0.0647
4,11,0,8,0.2672,0.5660,0.6527,-0.0298,0.0803
4,11,0,9,0.2052,0.5131,0.9066,-0.0394,0.0604
4,11,0,10,0.3600,0.5861,0.9777,0.2380,0.0164
4,11,0,11,0.2193,0.5192,0.9535,0.0055,0.0562
4,11,1,0,0.2301,0.6323,0.9199,0.0272,0.0434
4,11,1,1,0.2501,0.5015,0.9903,0.1040,0.0179
4,11,1,2,0.1466,0.4738,0.9556,-0.0561,0.0446
4,11,1,3,0.1847,0.4783,0.8834,-0.0631,0.0628
4,11,1,4,0.0513,0.3608,0.9877,-0.1084,0.0110
4,11,1,5,0.3265,0.5443,0.9375,0.1529,0.0457
4,11,1,6,0.0495,0.2672,0.9874,-0.0758,0.0365
4,11,1,7,0.1437,0.4071,0.9938,-0.0209,0.0205
4,11,1,8,0.4115,0.6021,0.8213,0.2345,0.0619
4,11,1,9,0.3267,0.4997,0.9812,0.1695,0.0386
4,11,1,10,0.1568,0.4213,0.9458,-0.0533,0.0495
4,11,1,11,0.2382,0.5058,0.9551,0.0325,0.0455
4,11,2,0,0.2747,0.5257,0.9632,0.1858,0.0444
4,11,2,1,0.1561,0.4243,0.9903,0.0049,0.0110
4,11,2,2,0.1443,0.3612,0.9989,-0.0078,0.0184
4,11,2,3,0.3019,0.5271,0.9817,0.1474,0.0306
4,11,2,4,0.2672,0.5262,0.9318,0.0718,0.0470
4,11,2,5,0.2851,0.5233,0.8775,0.0723,0.0636
4,11,2,6,0.3349,0.5179,0.9689,0.1754,0.0419
4,11,2,7,0.1898,0.4746,0.8874,-0.0313,0.0580
4,11,2,8,0.3370,0.5558,0.9337,0.1652,0.0523
4,11,2,9,0.2799,0.5270,0.9639,0.1905,0.0425
4,11,2,10,0.1172,0.4243,0.9879,-0.0621,0.0240
4,11,2,11,0.1568,0.4646,0.9620,-0.0448,0.0507
4,11,3,0,0.6864,0.8057,0.9967,0.6233,0.0323
4,11,3,1,0.5533,0.7348,0.8824,0.4376,0.0598
4,11,3,2,0.6192,0.7394,0.9161,0.5293,0.0532
4,11,3,3,0.5400,0.7087,0.9117,0.4231,0.0527
4,11,3,4,0.5716,0.6854,0.8538,0.4630,0.0646
4,11,3,5,0.0659,0.4101,0.9903,-0.0892,0.0079
4,11,3,6,0.7029,0.7686,0.8651,0.6426,0.0560
4,11,3,7,0.5248,0.6602,0.8939,0.4022,0.0540
4,11,3,8,0.4162,0.6309,0.9348,0.2659,0.0515
4,11,3,9,0.2496,0.4933,0.9918,0.1239,0.0101
4,11,3,10,0.4397,0.6338,0.9625,0.3101,0.0354
4,11,3,11,0.2688,0.5397,0.9705,0.0952,0.0432
4,11,4,0,0.7804,0.8491,0.9949,0.7392,0.0175
4,11,4,1,0.7559,0.7841,0.8706,0.7169,0.0619
4,11,4,2,0.8894,0.8873,0.9817,0.8707,0.0373
4,11,4,3,0.8636,0.8544,0.9873,0.8475,0.0324
4,11,4,4,0.6266,0.7094,0.9225,0.5412,0.0535
4,11,4,5,0.7187,0.7520,0.9852,0.6678,0.0137
4,11,4,6,0.6976,0.8024,0.9973,0.6414,0.0180
4,11,4,7,0.8079,0.8203,0.9931,0.7773,0.0147
4,11,4,8,0.8602,0.8689,0.9877,0.8345,0.0209
4,11,4,9,0.8506,0.8931,0.9769,0.8240,0.0378
4,11,4,10,0.7104,0.7759,0.9921,0.6532,0.0308
4,11,4,11,1.0000,1.0000,1.0000,1.0000,0.0000
4,11,5,0,0.8480,0.8626,0.9887,0.8215,0.0122
4,11,5,1,0.8669,0.8557,0.9894,0.8501,0.0287
4,11,5,2,0.8244,0.8753,0.9641,0.7910,0.0386
4,11,5,3,0.8084,0.8407,0.9934,0.7719,0.0278
4,11,5,4,0.8927,0.9039,0.9610,0.8754,0.0356
4,11,5,5,0.8708,0.8642,0.9910,0.8537,0.0280
4,11,5,6,0.8274,0.8333,0.9910,0.8025,0.0192
4,11,5,7,0.9158,0.8955,0.9940,0.9025,0.0144
4,11,5,8,0.8163,0.8083,0.9756,0.7809,0.0370
4,11,5,9,0.7478,0.8048,0.9977,0.7045,0.0090
4,11,5,10,0.6324,0.7271,0.9915,0.5591,0.0230
4,11,5,11,0.8246,0.8438,0.9984,0.7950,0.0133
4,11,6,0,0.8822,0.8801,0.9945,0.8655,0.0213
4,11,6,1,0.8119,0.8060,0.9831,0.7755,0.0392
4,11,6,2,0.7535,0.7786,0.9988,0.7070,0.0214
4,11,6,3,0.7973,0.8315,0.9946,0.7656,0.0129
4,11,6,4,0.8442,0.8488,0.9961,0.8160,0.0116
4,11,6,5,0.8628,0.8840,0.9942,0.8377,0.0199
4,11,6,6,0.8552,0.8683,0.9935,0.8284,0.0187
4,11,6,7,0.8578,0.8742,0.9565,0.8363,0.0464
4,11,6,8,0.8138,0.8814,0.9943,0.7780,0.0213
4,11,6,9,0.6021,0.7443,0.9844,0.5245,0.0195
4,11,6,10,0.7694,0.8320,0.9964,0.7306,0.0077
4,11,6,11,0.5616,0.6451,0.9921,0.4842,0.0100
4,11,7,0,0.7535,0.8316,0.9722,0.7043,0.0317
4,11,7,1,0.8257,0.8186,0.9946,0.7939,0.0178
4,11,7,2,0.9228,0.9557,0.9981,0.9091,0.0100
4,11,7,3,0.8597,0.8601,0.9903,0.8386,0.0195
4,11,7,4,0.6754,0.7541,0.9947,0.6214,0.0053
4,11,7,5,0.7065,0.7788,0.9535,0.6440,0.0465
4,11,7,6,0.8707,0.8597,0.9889,0.8538,0.0288
4,11,7,7,0.8352,0.8106,0.9899,0.8149,0.0334
4,11,7,8,0.6073,0.7536,0.9029,0.5259,0.0296
4,11,7,9,0.7406,0.7879,0.9953,0.6967,0.0095
4,11,7,10,0.6995,0.7997,0.9944,0.6512,0.0094
4,11,7,11,0.8045,0.8057,0.9971,0.7758,0.0187
4,11,8,0,0.8363,0.8783,0.9964,0.8073,0.0141
4,11,8,1,0.8522,0.8761,0.9710,0.8245,0.0269
4,11,8,2,0.8524,0.8414,0.9871,0.8357,0.0389
4,11,8,3,0.8199,0.8394,0.9775,0.7861,0.0193
4,11,8,4,0.8770,0.8921,0.9990,0.8564,0.0161
4,11,8,5,0.8574,0.8895,0.9971,0.8354,0.0140
4,11,8,6,0.8354,0.8504,0.9899,0.8126,0.0262
4,11,8,7,0.6601,0.7145,0.8096,0.5864,0.0699
4,11,8,8,0.7001,0.7816,0.8398,0.6371,0.0619
4,11,8,9,0.7624,0.8019,0.9824,0.7146,0.0359
4,11,8,10,0.7865,0.8638,0.9978,0.7515,0.0130
4,11,8,11,0.6250,0.7750,0.9667,0.5474,0.0355
4,11,9,0,0.8226,0.8590,0.9936,0.7888,0.0208
4,11,9,1,0.7511,0.8449,0.9927,0.7015,0.0253
4,11,9,2,0.6331,0.7378,0.8958,0.5483,0.0471
4,11,9,3,0.7379,0.8459,0.9677,0.6875,0.0198
4,11,9,4,0.8508,0.8712,0.9868,0.8236,0.0154
4,11,9,5,0.7377,0.8248,0.8663,0.6873,0.0564
4,11,9,6,0.8309,0.8610,0.9892,0.8047,0.0190
4,11,9,7,0.7878,0.8396,0.9944,0.7569,0.0182
4,11,9,8,0.5869,0.7153,0.8130,0.4831,0.0677
4,11,9,9,0.8416,0.8431,0.9890,0.8210,0.0326
4,11,9,10,0.7276,0.8146,0.9089,0.6755,0.0615
4,11,9,11,0.7156,0.8155,0.9639,0.6553,0.0400
4,11,10,0,0.4457,0.5674,0.5974,0.2639,0.0773
4,11,10,1,0.3532,0.6998,0.8469,0.2060,0.0357
4,11,10,2,0.4056,0.6969,0.7954,0.2264,0.0628
4,11,10,3,0.5904,0.6427,0.7081,0.4938,0.0444
4,11,10,4,0.4538,0.6257,0.8543,0.3186,0.0438
4,11,10,5,0.4103,0.6907,0.8014,0.2660,0.0399
4,11,10,6,0.3292,0.6809,0.8347,0.1664,0.0424
4,11,10,7,0.5497,0.6530,0.6491,0.4295,0.0647
4,11,10,8,0.6669,0.6736,0.6609,0.5937,0.0407
4,11,10,9,0.4380,0.6420,0.8125,0.2970,0.0501
4,11,10,10,0.3233,0.5334,0.9799,0.1704,0.0382
4,11,10,11,0.3461,0.6365,0.7073,0.1164,0.0733
4,11,11,0,0.5636,0.6344,0.7008,0.4718,0.0333
4,11,11,1,0.5868,0.6159,0.7041,0.4988,0.0347
4,11,11,2,0.5945,0.6305,0.6800,0.4939,0.0616
4,11,11,3,0.6168,0.6249,0.6868,0.5354,0.0354
4,11,11,4,0.6108,0.6217,0.6913,0.5243,0.0390
4,11,11,5,0.6565,0.6287,0.6794,0.5806,0.0410
4,11,11,6,0.5730,0.6383,0.7159,0.4713,0.0452
4,11,11,7,0.5478,0.6231,0.6789,0.4522,0.0325
4,11,11,8,0.4887,0.5771,0.8508,0.3532,0.0561
4,11,11,9,0.5121,0.6324,0.7148,0.3744,0.0659
4,11,11,10,0.5783,0.6302,0.7117,0.4783,0.0436
4,11,11,11,0.5474,0.6200,0.6969,0.4566,0.0306
5,0,0,0,0.4221,0.4660,0.4454,0.1792,0.0886
5,0,0,1,0.2742,0.5030,0.8299,0.0413,0.0592
5,0,0,2,0.1186,0.3543,0.9683,-0.0758,0.0252
5,0,0,3,0.0766,0.3849,0.9649,-0.1265,0.0233
5,0,0,4,0.4304,0.5082,0.6888,0.2387,0.0742
5,0,0,5,0.2474,0.5388,0.8556,0.0094,0.0597
5,0,0,6,0.3352,0.4644,0.5455,0.0471,0.0797
5,0,0,7,0.2908,0.5003,0.8218,0.0529,0.0575
5,0,0,8,0.3288,0.5174,0.6414,0.0591,0.0725
5,0,0,9,0.2096,0.4164,0.8845,-0.0418,0.0516
5,0,0,10,0.3540,0.5110,0.9612,0.2269,0.0130
5,0,0,11,0.2298,0.4486,0.9307,0.0121,0.0498
5,0,1,0,0.2177,0.5944,0.8887,0.0043,0.0415
5,0,1,1,0.2064,0.3953,0.9685,0.0469,0.0156
5,0,1,2,0.1428,0.4006,0.9311,-0.0673,0.0355
5,0,1,3,0.1937,0.4042,0.8746,-0.0592,0.0542
5,0,1,4,0.0655,0.2894,0.9679,-0.0966,0.0079
5,0,1,5,0.2993,0.4612,0.9305,0.1114,0.0390
5,0,1,6,0.0547,0.2071,0.9881,-0.0737,0.0373
5,0,1,7,0.1423,0.3257,0.9876,-0.0276,0.0132
5,0,1,8,0.3881,0.5358,0.8167,0.1931,0.0562
5,0,1,9,0.3172,0.4337,0.9763,0.1521,0.0308
5,0,1,10,0.1695,0.3566,0.9330,-0.0439,0.0411
5,0,1,11,0.2311,0.4375,0.9293,0.0161,0.0410
5,0,2,0,0.1838,0.3985,0.9302,0.0803,0.0452
5,0,2,1,0.1586,0.3810,0.9895,0.0032,0.0075
5,0,2,2,0.1441,0.3016,0.9916,-0.0127,0.0081
5,0,2,3,0.2996,0.4534,0.9745,0.1394,0.0248
5,0,2,4,0.2807,0.4393,0.9237,0.0827,0.0396
5,0,2,5,0.3019,0.4351,0.8736,0.0874,0.0549
5,0,2,6,0.3354,0.4245,0.9380,0.1703,0.0356
5,0,2,7,0.1911,0.3794,0.8779,-0.0369,0.0493
5,0,2,8,0.2913,0.4435,0.9153,0.0994,0.0458
5,0,2,9,0.1926,0.4032,0.9312,0.0890,0.0433
5,0,2,10,0.1239,0.3375,0.9671,-0.0595,0.0172
5,0,2,11,0.1886,0.3411,0.9475,-0.0111,0.0430
5,0,3,0,0.6570,0.7542,0.9906,0.5848,0.0391
5,0,3,1,0.6294,0.7246,0.8734,0.5362,0.0532
5,0,3,2,0.5446,0.6688,0.9037,0.4254,0.0471
5,0,3,3,0.6584,0.6679,0.9017,0.5759,0.0475
5,0,3,4,0.4772,0.5745,0.8417,0.3269,0.0567
5,0,3,5,0.0786,0.3496,0.9677,-0.0791,0.0133
5,0,3,6,0.6546,0.7137,0.8658,0.5709,0.0525
5,0,3,7,0.5192,0.5654,0.8849,0.3885,0.0484
5,0,3,8,0.4141,0.5546,0.9098,0.2572,0.0445
5,0,3,9,0.2987,0.4011,0.9700,0.1776,0.0115
5,0,3,10,0.5493,0.5918,0.9307,0.4432,0.0320
5,0,3,11,0.2591,0.4895,0.9748,0.0772,0.0371
5,0,4,0,0.8432,0.8694,0.9880,0.8128,0.0121
5,0,4,1,0.7523,0.7686,0.8533,0.7066,0.0539
5,0,4,2,0.8165,0.8495,0.9747,0.7789,0.0280
5,0,4,3,0.8301,0.8502,0.9900,0.8094,0.0329
5,0,4,4,0.6266,0.6161,0.9004,0.5368,0.0465
5,0,4,5,0.9094,0.8983,0.9988,0.8925,0.0099
5,0,4,6,0.7967,0.8445,0.9842,0.7577,0.0112
5,0,4,7,0.8094,0.8244,0.9816,0.7784,0.0132
5,0,4,8,0.8857,0.9017,0.9966,0.8638,0.0115
5,0,4,9,0.8764,0.9115,0.9778,0.8538,0.0292
5,0,4,10,0.7982,0.8120,0.9835,0.7574,0.0243
5,0,4,11,0.8480,0.8626,0.9887,0.8215,0.0122
5,0,5,0,1.0000,1.0000,1.0000,1.0000,0.0000
5,0,5,1,0.8547,0.8755,0.9905,0.8362,0.0297
5,0,5,2,0.8467,0.8438,0.9559,0.8162,0.0302
5,0,5,3,0.8419,0.8528,0.9852,0.8107,0.0194
5,0,5,4,0.8575,0.8843,0.9612,0.8298,0.0265
5,0,5,5,0.8594,0.8768,0.9931,0.8406,0.0288
5,0,5,6,0.8240,0.8571,0.9890,0.7984,0.0234
5,0,5,7,0.9450,0.9582,0.9960,0.9364,0.0106
5,0,5,8,0.8659,0.8635,0.9712,0.8398,0.0289
5,0,5,9,0.7397,0.7845,0.9870,0.6937,0.0151
5,0,5,10,0.6819,0.7301,0.9870,0.6163,0.0196
5,0,5,11,0.8196,0.7998,0.9952,0.7884,0.0068
5,0,6,0,0.7753,0.8239,0.9855,0.7419,0.0197
5,0,6,1,0.8036,0.7913,0.9721,0.7631,0.0306
5,0,6,2,0.6905,0.7446,0.9910,0.6297,0.0121
5,0,6,3,0.7994,0.8479,0.9894,0.7674,0.0145
5,0,6,4,0.8192,0.8366,0.9848,0.7852,0.0103
5,0,6,5,0.9047,0.9272,0.9842,0.8866,0.0154
5,0,6,6,0.9288,0.9393,0.9933,0.9154,0.0145
5,0,6,7,0.8460,0.8681,0.9526,0.8183,0.0382
5,0,6,8,0.8013,0.8369,0.9894,0.7609,0.0180
5,0,6,9,0.6363,0.8021,0.9982,0.5628,0.0174
5,0,6,10,0.8052,0.8453,0.9880,0.7715,0.0095
5,0,6,11,0.5590,0.6361,0.9693,0.4788,0.0179
5,0,7,0,0.8286,0.8830,0.9729,0.7939,0.0242
5,0,7,1,0.8039,0.8192,0.9951,0.7667,0.0116
5,0,7,2,0.8980,0.9033,0.9899,0.8790,0.0094
5,0,7,3,0.8679,0.8986,0.9950,0.8479,0.0196
5,0,7,4,0.7403,0.7974,0.9811,0.6960,0.0112
5,0,7,5,0.8143,0.8157,0.9466,0.7772,0.0393
5,0,7,6,0.8495,0.8722,0.9919,0.8295,0.0295
5,0,7,7,0.7548,0.7755,0.9845,0.7230,0.0340
5,0,7,8,0.6605,0.7912,0.8928,0.5879,0.0246
5,0,7,9,0.7595,0.8301,0.9970,0.7176,0.0095
5,0,7,10,0.8997,0.9128,0.9800,0.8835,0.0123
5,0,7,11,0.7442,0.7740,0.9885,0.7056,0.0206
5,0,8,0,0.8663,0.8901,0.9978,0.8418,0.0059
5,0,8,1,0.8575,0.8949,0.9763,0.8293,0.0204
5,0,8,2,0.8336,0.8564,0.9891,0.8146,0.0393
5,0,8,3,0.8714,0.9027,0.9840,0.8464,0.0121
5,0,8,4,0.8186,0.8433,0.9919,0.7874,0.0100
5,0,8,5,0.8832,0.9080,0.9930,0.8650,0.0140
5,0,8,6,0.8406,0.8780,0.9937,0.8185,0.0273
5,0,8,7,0.6548,0.6678,0.7943,0.5726,0.0627
5,0,8,8,0.7245,0.7535,0.8324,0.6650,0.0547
5,0,8,9,0.8393,0.8672,0.9822,0.8071,0.0291
5,0,8,10,0.8966,0.9213,0.9932,0.8793,0.0096
5,0,8,11,0.7583,0.8452,0.9657,0.7077,0.0294
5,0,9,0,0.8751,0.8931,0.9854,0.8507,0.0183
5,0,9,1,0.7984,0.8111,0.9866,0.7570,0.0230
5,0,9,2,0.7019,0.7532,0.8868,0.6336,0.0422
5,0,9,3,0.7184,0.8368,0.9709,0.6619,0.0133
5,0,9,4,0.8600,0.8966,0.9905,0.8334,0.0090
5,0,9,5,0.8094,0.8408,0.8626,0.7793,0.0477
5,0,9,6,0.8264,0.8660,0.9943,0.7990,0.0182
5,0,9,7,0.8364,0.8771,0.9912,0.8125,0.0198
5,0,9,8,0.5655,0.6557,0.8018,0.4457,0.0604
5,0,9,9,0.8294,0.8599,0.9917,0.8070,0.0335
5,0,9,10,0.7510,0.8419,0.9159,0.7025,0.0544
5,0,9,11,0.6538,0.7621,0.9586,0.5725,0.0357
5,0,10,0,0.4397,0.5335,0.5941,0.2436,0.0696
5,0,10,1,0.4039,0.6823,0.8134,0.2641,0.0357
5,0,10,2,0.4352,0.6455,0.7640,0.2605,0.0567
5,0,10,3,0.5590,0.6273,0.7006,0.4484,0.0437
5,0,10,4,0.4516,0.5859,0.8429,0.3103,0.0397
5,0,10,5,0.4090,0.6925,0.7736,0.2589,0.0353
5,0,10,6,0.3570,0.6638,0.8038,0.1959,0.0392
5,0,10,7,0.5396,0.6201,0.6371,0.4074,0.0595
5,0,10,8,0.7083,0.6950,0.6713,0.6426,0.0403
5,0,10,9,0.4438,0.6449,0.7891,0.2989,0.0472
5,0,10,10,0.2811,0.4696,0.9721,0.1127,0.0332
5,0,10,11,0.3539,0.5861,0.7002,0.1183,0.0665
5,0,11,0,0.5383,0.6393,0.6867,0.4371,0.0376
5,0,11,1,0.5544,0.6121,0.6960,0.4553,0.0376
5,0,11,2,0.5680,0.6329,0.6771,0.4498,0.0542
5,0,11,3,0.5775,0.6284,0.6784,0.4835,0.0362
5,0,11,4,0.5772,0.6245,0.6838,0.4781,0.0393
5,0,11,5,0.6301,0.6219,0.6753,0.5431,0.0418
5,0,11,6,0.5401,0.6308,0.7013,0.4239,0.0446
5,0,11,7,0.5411,0.6288,0.6657,0.4404,0.0369
5,0,11,8,0.5085,0.5556,0.8371,0.3737,0.0497
5,0,11,9,0.4997,0.6110,0.7006,0.3483,0.0581
5,0,11,10,0.5666,0.6465,0.7002,0.4582,0.0414
5,0,11,11,0.5282,0.6302,0.6825,0.4301,0.0384
5,1,0,0,0.3976,0.3662,0.3428,0.2524,0.1147
5,1,0,1,0.1953,0.3773,0.7835,-0.0096,0.0866
5,1,0,2,0.1333,0.2643,0.9597,-0.0191,0.0539
5,1,0,3,0.1004,0.2793,0.9507,-0.0578,0.0530
5,1,0,4,0.3556,0.4068,0.6112,0.1913,0.1004
5,1,0,5,0.2008,0.4230,0.8173,0.0022,0.0872
5,1,0,6,0.2726,0.3646,0.4533,0.0296,0.1069
5,1,0,7,0.3265,0.4147,0.7730,0.1620,0.0858
5,1,0,8,0.2327,0.3963,0.5591,-0.0154,0.1005
5,1,0,9,0.1817,0.3277,0.8458,-0.0226,0.0776
5,1,0,10,0.2121,0.3759,0.9646,0.0884,0.0414
5,1,0,11,0.2073,0.3668,0.9104,0.0317,0.0773
5,1,1,0,0.1861,0.5502,0.8599,0.0109,0.0713
5,1,1,1,0.1149,0.2798,0.9745,-0.0277,0.0445
5,1,1,2,0.1131,0.3148,0.9120,-0.0604,0.0623
5,1,1,3,0.1701,0.3175,0.8216,-0.0347,0.0822
5,1,1,4,0.0714,0.2178,0.9818,-0.0582,0.0272
5,1,1,5,0.3303,0.3870,0.8885,0.1939,0.0685
5,1,1,6,0.0268,0.1687,0.9995,-0.0799,0.0075
5,1,1,7,0.1227,0.2676,0.9735,-0.0165,0.0371
5,1,1,8,0.4316,0.4870,0.7484,0.3085,0.0861
5,1,1,9,0.3246,0.3924,0.9516,0.1984,0.0601
5,1,1,10,0.1351,0.2586,0.9018,-0.0418,0.0683
5,1,1,11,0.2881,0.3551,0.9131,0.1365,0.0707
5,1,2,0,0.0910,0.2689,0.9597,-0.0028,0.0152
5,1,2,1,0.1770,0.2899,0.9897,0.0554,0.0316
5,1,2,2,0.1254,0.2435,0.9865,-0.0032,0.0313
5,1,2,3,0.3024,0.4121,0.9508,0.1778,0.0550
5,1,2,4,0.2493,0.3535,0.8815,0.0881,0.0690
5,1,2,5,0.2440,0.3256,0.8159,0.0626,0.0821
5,1,2,6,0.3555,0.3354,0.9315,0.2331,0.0651
5,1,2,7,0.1583,0.2937,0.8259,-0.0296,0.0763
5,1,2,8,0.3108,0.3689,0.8808,0.1683,0.0751
5,1,2,9,0.0987,0.2726,0.9603,0.0046,0.0133
5,1,2,10,0.1063,0.2544,0.9585,-0.0436,0.0417
5,1,2,11,0.1401,0.2517,0.9198,-0.0285,0.0685
5,1,3,0,0.7911,0.8002,0.9808,0.7643,0.0601
5,1,3,1,0.6237,0.6384,0.8185,0.5698,0.0823
5,1,3,2,0.6218,0.6347,0.8599,0.5629,0.0754
5,1,3,3,0.5283,0.5503,0.8548,0.4420,0.0769
5,1,3,4,0.5865,0.5423,0.7849,0.5195,0.0846
5,1,3,5,0.1077,0.2790,0.9797,-0.0151,0.0269
5,1,3,6,0.7319,0.7144,0.8031,0.7137,0.0818
5,1,3,7,0.5015,0.5056,0.8324,0.4069,0.0773
5,1,3,8,0.4827,0.5091,0.8781,0.3852,0.0735
5,1,3,9,0.1631,0.2893,0.9825,0.0470,0.0272
5,1,3,10,0.3872,0.4584,0.9249,0.2744,0.0617
5,1,3,11,0.3044,0.4021,0.9449,0.1724,0.0654
5,1,4,0,0.8843,0.8590,0.9753,0.8718,0.0409
5,1,4,1,0.6872,0.6887,0.8045,0.6560,0.0817
5,1,4,2,0.8655,0.8637,0.9536,0.8547,0.0550
5,1,4,3,0.9781,0.9758,0.9975,0.9757,0.0051
5,1,4,4,0.5848,0.5426,0.8692,0.5152,0.0741
5,1,4,5,0.7020,0.7026,0.9872,0.6600,0.0376
5,1,4,6,0.8441,0.8231,0.9785,0.8245,0.0388
5,1,4,7,0.9158,0.9001,0.9920,0.9056,0.0169
5,1,4,8,0.9168,0.9051,0.9824,0.9092,0.0391
5,1,4,9,0.9176,0.9175,0.9497,0.9209,0.0570
5,1,4,10,0.8054,0.7734,0.9692,0.7808,0.0522
5,1,4,11,0.8669,0.8557,0.9894,0.8501,0.0287
5,1,5,0,0.8547,0.8755,0.9905,0.8362,0.0297
5,1,5,1,1.0000,1.0000,1.0000,1.0000,0.0000
5,1,5,2,0.8702,0.8525,0.9272,0.8610,0.0570
5,1,5,3,0.8754,0.8560,0.9717,0.8625,0.0466
5,1,5,4,0.9144,0.9097,0.9288,0.9150,0.0535
5,1,5,5,0.9860,0.9874,0.9985,0.9843,0.0062
5,1,5,6,0.9758,0.9747,0.9989,0.9730,0.0098
5,1,5,7,0.9233,0.9397,0.9982,0.9140,0.0217
5,1,5,8,0.7942,0.7742,0.9491,0.7691,0.0566
5,1,5,9,0.6018,0.6725,0.9889,0.5466,0.0306
5,1,5,10,0.7447,0.6997,0.9747,0.7091,0.0491
5,1,5,11,0.8848,0.8272,0.9905,0.8705,0.0259
5,1,6,0,0.9143,0.9207,0.9961,0.9038,0.0166
5,1,6,1,0.7715,0.7289,0.9558,0.7416,0.0575
5,1,6,2,0.8072,0.7925,0.9856,0.7820,0.0399
5,1,6,3,0.9211,0.9138,0.9969,0.9115,0.0183
5,1,6,4,0.9209,0.8983,0.9848,0.9132,0.0364
5,1,6,5,0.8058,0.8506,0.9866,0.7802,0.0431
5,1,6,6,0.8538,0.8727,0.9860,0.8365,0.0438
5,1,6,7,0.8506,0.8575,0.9199,0.8458,0.0654
5,1,6,8,0.8975,0.8785,0.9758,0.8903,0.0457
5,1,6,9,0.7376,0.7741,0.9810,0.7006,0.0463
5,1,6,10,0.9068,0.8886,0.9915,0.8956,0.0250
5,1,6,11,0.6625,0.6291,0.9801,0.6153,0.0365
5,1,7,0,0.8653,0.8661,0.9451,0.8532,0.0534
5,1,7,1,0.7980,0.7813,0.9845,0.7710,0.0389
5,1,7,2,0.9375,0.9247,0.9851,0.9322,0.0332
5,1,7,3,0.9849,0.9877,0.9986,0.9834,0.0103
5,1,7,4,0.8344,0.8084,0.9898,0.8130,0.0274
5,1,7,5,0.7593,0.7378,0.9102,0.7310,0.0659
5,1,7,6,0.9805,0.9859,0.9996,0.9781,0.0053
5,1,7,7,0.9057,0.8950,0.9963,0.8950,0.0051
5,1,7,8,0.6210,0.7567,0.8655,0.5619,0.0535
5,1,7,9,0.8757,0.8785,0.9958,0.8601,0.0249
5,1,7,10,0.7040,0.7512,0.9907,0.6653,0.0221
5,1,7,11,0.8667,0.8583,0.9956,0.8503,0.0111
5,1,8,0,0.9219,0.9248,0.9936,0.9137,0.0314
5,1,8,1,0.9595,0.9565,0.9523,0.9632,0.0413
5,1,8,2,0.9846,0.9908,0.9995,0.9831,0.0095
5,1,8,3,0.9264,0.9257,0.9685,0.9214,0.0408
5,1,8,4,0.9433,0.9251,0.9924,0.9373,0.0231
5,1,8,5,0.9529,0.9578,0.9970,0.9474,0.0158
5,1,8,6,0.9840,0.9884,0.9988,0.9822,0.0078
5,1,8,7,0.5962,0.5683,0.7318,0.5358,0.0909
5,1,8,8,0.7085,0.6830,0.7686,0.6781,0.0828
5,1,8,9,0.8133,0.8148,0.9607,0.7929,0.0580
5,1,8,10,0.9061,0.9390,0.9967,0.8946,0.0245
5,1,8,11,0.7709,0.7868,0.9381,0.7407,0.0579
5,1,9,0,0.8663,0.8662,0.9774,0.8523,0.0467
5,1,9,1,0.8137,0.7969,0.9712,0.7916,0.0518
5,1,9,2,0.6362,0.6923,0.8382,0.5806,0.0702
5,1,9,3,0.8710,0.8790,0.9499,0.8571,0.0411
5,1,9,4,0.9466,0.9462,0.9753,0.9434,0.0338
5,1,9,5,0.7795,0.7645,0.8028,0.7710,0.0754
5,1,9,6,0.9714,0.9854,0.9950,0.9683,0.0144
5,1,9,7,0.9145,0.9297,0.9987,0.9041,0.0112
5,1,9,8,0.5800,0.5716,0.7401,0.5140,0.0879
5,1,9,9,0.9826,0.9885,0.9993,0.9806,0.0065
5,1,9,10,0.6668,0.7506,0.8624,0.6256,0.0821
5,1,9,11,0.7558,0.7928,0.9266,0.7282,0.0651
5,1,10,0,0.4377,0.4192,0.5023,0.3119,0.0983
5,1,10,1,0.3505,0.6344,0.7916,0.2323,0.0644
5,1,10,2,0.3815,0.5820,0.7153,0.2392,0.0859
5,1,10,3,0.6082,0.5996,0.6552,0.5446,0.0725
5,1,10,4,0.4417,0.5002,0.8003,0.3352,0.0687
5,1,10,5,0.3834,0.6465,0.7408,0.2644,0.0649
5,1,10,6,0.3056,0.5914,0.7771,0.1703,0.0688
5,1,10,7,0.5623,0.5821,0.5668,0.4912,0.0889
5,1,10,8,0.7599,0.6840,0.6194,0.7323,0.0689
5,1,10,9,0.4513,0.5738,0.7528,0.3466,0.0770
5,1,10,10,0.3005,0.3707,0.9537,0.1729,0.0631
5,1,10,11,0.2787,0.4760,0.6190,0.0739,0.0943
5,1,11,0,0.5867,0.6202,0.6605,0.5207,0.0622
5,1,11,1,0.6209,0.6034,0.6653,0.5612,0.0640
5,1,11,2,0.5407,0.5286,0.6084,0.4592,0.0818
5,1,11,3,0.6286,0.6042,0.6471,0.5704,0.0647
5,1,11,4,0.6230,0.5962,0.6474,0.5629,0.0682
5,1,11,5,0.6759,0.5851,0.6282,0.6283,0.0706
5,1,11,6,0.5880,0.6018,0.6591,0.5190,0.0740
5,1,11,7,0.5806,0.6324,0.6386,0.5134,0.0607
5,1,11,8,0.4910,0.4576,0.7891,0.3929,0.0774
5,1,11,9,0.4726,0.5090,0.6337,0.3645,0.0870
5,1,11,10,0.5737,0.5815,0.6579,0.5011,0.0713
5,1,11,11,0.5797,0.6324,0.6618,0.5144,0.0565
5,2,0,0,0.5411,0.6235,0.6619,0.2886,0.0594
5,2,0,1,0.2866,0.5893,0.9498,-0.0188,0.0314
5,2,0,2,0.1847,0.4442,0.9845,-0.0467,0.0270
5,2,0,3,0.1386,0.4432,0.9824,-0.1048,0.0244
5,2,0,4,0.5303,0.6727,0.8553,0.3116,0.0448
5,2,0,5,0.2813,0.6741,0.9650,-0.0194,0.0321
5,2,0,6,0.3815,0.6035,0.7481,0.0066,0.0496
5,2,0,7,0.3600,0.6611,0.9404,0.0738,0.0322
5,2,0,8,0.3181,0.6253,0.8226,-0.0695,0.0432
5,2,0,9,0.2820,0.5615,0.9740,-0.0170,0.0221
5,2,0,10,0.2689,0.5102,0.9637,0.0846,0.0252
5,2,0,11,0.2811,0.5585,0.9813,0.0152,0.0218
5,2,1,0,0.3100,0.7281,0.9796,0.0647,0.0243
5,2,1,1,0.2193,0.4680,0.9548,0.0181,0.0240
5,2,1,2,0.2106,0.5388,0.9852,-0.0392,0.0083
5,2,1,3,0.3005,0.5873,0.9656,0.0147,0.0262
5,2,1,4,0.1562,0.4122,0.9350,-0.0305,0.0332
5,2,1,5,0.3857,0.6090,0.9915,0.1690,0.0175
5,2,1,6,0.1080,0.3351,0.9196,-0.0456,0.0641
5,2,1,7,0.2029,0.4837,0.9819,0.0006,0.0215
5,2,1,8,0.4640,0.6646,0.9370,0.2311,0.0295
5,2,1,9,0.3486,0.5607,0.9913,0.1429,0.0109
5,2,1,10,0.2187,0.4991,0.9924,-0.0414,0.0125
5,2,1,11,0.3041,0.5282,0.9762,0.0498,0.0190
5,2,2,0,0.1341,0.4124,0.8920,-0.0051,0.0711
5,2,2,1,0.2394,0.4574,0.9414,0.0604,0.0316
5,2,2,2,0.2064,0.4440,0.9714,0.0209,0.0265
5,2,2,3,0.3337,0.5991,0.9928,0.1359,0.0144
5,2,2,4,0.3594,0.5880,0.9915,0.1276,0.0167
5,2,2,5,0.3466,0.5757,0.9654,0.0790,0.0254
5,2,2,6,0.3800,0.4935,0.9769,0.1778,0.0188
5,2,2,7,0.2739,0.5548,0.9734,0.0075,0.0200
5,2,2,8,0.3912,0.5973,0.9815,0.1747,0.0254
5,2,2,9,0.1442,0.4188,0.8932,0.0051,0.0692
5,2,2,10,0.2241,0.4859,0.9878,0.0155,0.0199
5,2,2,11,0.2541,0.5079,0.9884,0.0162,0.0152
5,2,3,0,0.7485,0.8242,0.9740,0.6790,0.0457
5,2,3,1,0.6624,0.8205,0.9708,0.5316,0.0268
5,2,3,2,0.7016,0.8067,0.9842,0.5943,0.0248
5,2,3,3,0.6588,0.7425,0.9856,0.5322,0.0302
5,2,3,4,0.6226,0.7325,0.9507,0.4748,0.0285
5,2,3,5,0.1562,0.4504,0.9474,-0.0278,0.0410
5,2,3,6,0.7402,0.8299,0.9610,0.6444,0.0301
5,2,3,7,0.5834,0.7205,0.9761,0.4249,0.0238
5,2,3,8,0.5140,0.6900,0.9884,0.3396,0.0208
5,2,3,9,0.2707,0.4541,0.9400,0.1111,0.0371
5,2,3,10,0.5036,0.6439,0.9641,0.3461,0.0221
5,2,3,11,0.3450,0.5740,0.9945,0.1357,0.0226
5,2,4,0,0.8176,0.8380,0.9822,0.7733,0.0225
5,2,4,1,0.7394,0.8276,0.9569,0.6428,0.0247
5,2,4,2,0.8250,0.8932,0.9969,0.7739,0.0122
5,2,4,3,0.8339,0.8324,0.9297,0.8199,0.0603
5,2,4,4,0.7522,0.7757,0.9716,0.6686,0.0218
5,2,4,5,0.7397,0.7252,0.9544,0.6802,0.0269
5,2,4,6,0.8008,0.8555,0.9745,0.7539,0.0219
5,2,4,7,0.8679,0.8575,0.9379,0.8485,0.0410
5,2,4,8,0.8879,0.8717,0.9731,0.8624,0.0195
5,2,4,9,0.9194,0.9248,0.9932,0.8948,0.0134
5,2,4,10,0.8287,0.8340,0.9801,0.7828,0.0182
5,2,4,11,0.8244,0.8753,0.9641,0.7910,0.0386
5,2,5,0,0.8467,0.8438,0.9559,0.8162,0.0302
5,2,5,1,0.8702,0.8525,0.9272,0.8610,0.0570
5,2,5,2,1.0000,1.0000,1.0000,1.0000,0.0000
5,2,5,3,0.8612,0.8834,0.9803,0.8256,0.0130
5,2,5,4,0.9034,0.9339,0.9948,0.8745,0.0086
5,2,5,5,0.8648,0.8502,0.9371,0.8528,0.0547
5,2,5,6,0.8575,0.8511,0.9308,0.8413,0.0519
5,2,5,7,0.8601,0.8716,0.9433,0.8390,0.0353
5,2,5,8,0.8171,0.8116,0.9922,0.7639,0.0097
5,2,5,9,0.6415,0.7346,0.9628,0.5643,0.0375
5,2,5,10,0.7906,0.7834,0.9844,0.7345,0.0251
5,2,5,11,0.8304,0.7931,0.9680,0.7987,0.0320
5,2,6,0,0.7651,0.8395,0.9347,0.7291,0.0416
5,2,6,1,0.7837,0.7948,0.9790,0.7213,0.0102
5,2,6,2,0.7458,0.8368,0.9749,0.6829,0.0188
5,2,6,3,0.8536,0.8606,0.9409,0.8321,0.0432
5,2,6,4,0.8516,0.8766,0.9617,0.8191,0.0279
5,2,6,5,0.7875,0.8677,0.9581,0.7361,0.0240
5,2,6,6,0.8280,0.8568,0.9722,0.7858,0.0247
5,2,6,7,0.9102,0.9313,0.9915,0.8819,0.0127
5,2,6,8,0.8722,0.9070,0.9842,0.8374,0.0228
5,2,6,9,0.7511,0.8132,0.9662,0.6869,0.0205
5,2,6,10,0.7960,0.8725,0.9496,0.7565,0.0366
5,2,6,11,0.5926,0.6838,0.9486,0.5007,0.0401
5,2,7,0,0.8803,0.9109,0.9855,0.8465,0.0135
5,2,7,1,0.7726,0.7750,0.9706,0.7195,0.0214
5,2,7,2,0.8895,0.8992,0.9760,0.8667,0.0316
5,2,7,3,0.8520,0.8486,0.9374,0.8321,0.0466
5,2,7,4,0.7723,0.8002,0.9442,0.7285,0.0403
5,2,7,5,0.8664,0.8549,0.9912,0.8237,0.0127
5,2,7,6,0.8252,0.8288,0.9291,0.8056,0.0554
5,2,7,7,0.7407,0.7940,0.9336,0.7077,0.0612
5,2,7,8,0.6637,0.8059,0.9555,0.5681,0.0234
5,2,7,9,0.8243,0.8494,0.9566,0.7910,0.0362
5,2,7,10,0.7298,0.7702,0.9440,0.6792,0.0412
5,2,7,11,0.7344,0.7998,0.9491,0.6913,0.0493
5,2,8,0,0.8501,0.8664,0.9612,0.8191,0.0288
5,2,8,1,0.8980,0.9084,0.9873,0.8707,0.0212
5,2,8,2,0.8303,0.8187,0.9220,0.8177,0.0653
5,2,8,3,0.9058,0.9060,0.9804,0.8833,0.0213
5,2,8,4,0.8504,0.8758,0.9569,0.8237,0.0344
5,2,8,5,0.8419,0.8655,0.9476,0.8182,0.0419
5,2,8,6,0.8399,0.8394,0.9334,0.8218,0.0536
5,2,8,7,0.7205,0.7904,0.9250,0.6141,0.0338
5,2,8,8,0.8575,0.8710,0.9480,0.8115,0.0255
5,2,8,9,0.8305,0.8352,0.9895,0.7799,0.0161
5,2,8,10,0.8401,0.8791,0.9514,0.8126,0.0336
5,2,8,11,0.7786,0.8446,0.9891,0.7158,0.0181
5,2,9,0,0.8080,0.8367,0.9813,0.7573,0.0248
5,2,9,1,0.8371,0.8600,0.9847,0.7912,0.0243
5,2,9,2,0.7134,0.8024,0.9779,0.6128,0.0167
5,2,9,3,0.6988,0.8641,0.9774,0.6210,0.0213
5,2,9,4,0.8454,0.8742,0.9747,0.8102,0.0254
5,2,9,5,0.8134,0.8806,0.9645,0.7493,0.0183
5,2,9,6,0.8330,0.8568,0.9436,0.8075,0.0438
5,2,9,7,0.8018,0.8214,0.9359,0.7735,0.0492
5,2,9,8,0.5805,0.7152,0.9353,0.4050,0.0319
5,2,9,9,0.8206,0.8270,0.9290,0.8011,0.0598
5,2,9,10,0.6663,0.8156,0.9771,0.5390,0.0257
5,2,9,11,0.6696,0.8538,0.9970,0.5592,0.0235
5,2,10,0,0.5343,0.6468,0.7864,0.3057,0.0409
5,2,10,1,0.4314,0.7375,0.9202,0.2564,0.0333
5,2,10,2,0.5090,0.7692,0.9149,0.2989,0.0323
5,2,10,3,0.6419,0.7327,0.8261,0.5176,0.0301
5,2,10,4,0.4808,0.6756,0.9342,0.3005,0.0281
5,2,10,5,0.4737,0.7422,0.8954,0.2958,0.0226
5,2,10,6,0.4031,0.7239,0.9140,0.2061,0.0288
5,2,10,7,0.6112,0.7547,0.8109,0.4477,0.0341
5,2,10,8,0.7588,0.7821,0.7905,0.6799,0.0372
5,2,10,9,0.5118,0.6999,0.9128,0.3406,0.0368
5,2,10,10,0.3161,0.5248,0.9929,0.1080,0.0249
5,2,10,11,0.4372,0.7009,0.8659,0.1581,0.0376
5,2,11,0,0.5997,0.6982,0.7849,0.4844,0.0453
5,2,11,1,0.6100,0.6968,0.7928,0.4952,0.0446
5,2,11,2,0.5980,0.6937,0.8307,0.4328,0.0267
5,2,11,3,0.6266,0.6992,0.7782,0.5161,0.0427
5,2,11,4,0.6226,0.7001,0.7923,0.5023,0.0374
5,2,11,5,0.6592,0.7027,0.7969,0.5470,0.0388
5,2,11,6,0.6047,0.7151,0.8224,0.4669,0.0320
5,2,11,7,0.6000,0.7057,0.7701,0.4846,0.0459
5,2,11,8,0.5301,0.6211,0.9518,0.3487,0.0257
5,2,11,9,0.5430,0.6804,0.8641,0.3413,0.0315
5,2,11,10,0.6011,0.6999,0.8252,0.4621,0.0271
5,2,11,11,0.5886,0.6974,0.7733,0.4781,0.0504
5,3,0,0,0.4571,0.5461,0.5371,0.1693,0.0714
5,3,0,1,0.2956,0.5247,0.8986,0.0312,0.0406
5,3,0,2,0.1512,0.4082,0.9851,-0.0637,0.0224
5,3,0,3,0.1715,0.4214,0.9683,-0.0375,0.0179
5,3,0,4,0.4962,0.6078,0.7689,0.2960,0.0567
5,3,0,5,0.2787,0.5728,0.9224,0.0132,0.0406
5,3,0,6,0.4215,0.5369,0.6334,0.1381,0.0602
5,3,0,7,0.3457,0.5625,0.8899,0.0903,0.0399
5,3,0,8,0.2693,0.5463,0.7223,-0.0980,0.0539
5,3,0,9,0.2344,0.4790,0.9405,-0.0481,0.0330
5,3,0,10,0.1558,0.4586,0.9690,-0.0349,0.0158
5,3,0,11,0.2119,0.4554,0.9718,-0.0472,0.0306
5,3,1,0,0.2332,0.6425,0.9397,-0.0090,0.0284
5,3,1,1,0.1124,0.3792,0.9851,-0.0922,0.0140
5,3,1,2,0.1689,0.4505,0.9717,-0.0654,0.0172
5,3,1,3,0.2135,0.4828,0.9269,-0.0725,0.0361
5,3,1,4,0.0950,0.3514,0.9752,-0.0846,0.0222
5,3,1,5,0.3347,0.5556,0.9664,0.1272,0.0219
5,3,1,6,0.0563,0.2575,0.9680,-0.0902,0.0540
5,3,1,7,0.1581,0.4008,0.9988,-0.0331,0.0124
5,3,1,8,0.4257,0.6352,0.8745,0.2086,0.0392
5,3,1,9,0.3604,0.5357,0.9959,0.1812,0.0134
5,3,1,10,0.1986,0.4255,0.9686,-0.0387,0.0222
5,3,1,11,0.2906,0.4825,0.9712,0.0614,0.0255
5,3,2,0,0.0345,0.3796,0.9415,-0.1068,0.0619
5,3,2,1,0.1802,0.4282,0.9857,0.0070,0.0214
5,3,2,2,0.1669,0.3853,0.9970,-0.0077,0.0171
5,3,2,3,0.3227,0.5482,0.9954,0.1437,0.0112
5,3,2,4,0.2988,0.5020,0.9623,0.0741,0.0236
5,3,2,5,0.2916,0.5019,0.9225,0.0352,0.0362
5,3,2,6,0.3715,0.4874,0.9752,0.1900,0.0205
5,3,2,7,0.2210,0.4579,0.9277,-0.0327,0.0323
5,3,2,8,0.3064,0.5387,0.9638,0.0877,0.0290
5,3,2,9,0.0413,0.3838,0.9426,-0.1007,0.0601
5,3,2,10,0.1511,0.3754,0.9911,-0.0528,0.0144
5,3,2,11,0.1551,0.4203,0.9845,-0.0849,0.0240
5,3,3,0,0.7026,0.8052,0.9985,0.6290,0.0405
5,3,3,1,0.5587,0.7314,0.9242,0.4085,0.0358
5,3,3,2,0.6105,0.7293,0.9503,0.4887,0.0287
5,3,3,3,0.5215,0.6122,0.9447,0.3644,0.0332
5,3,3,4,0.5606,0.6860,0.9017,0.4118,0.0384
5,3,3,5,0.1248,0.3834,0.9786,-0.0464,0.0303
5,3,3,6,0.7176,0.7920,0.9099,0.6329,0.0374
5,3,3,7,0.5357,0.6657,0.9325,0.3826,0.0320
5,3,3,8,0.5141,0.6450,0.9597,0.3624,0.0269
5,3,3,9,0.1526,0.3745,0.9805,-0.0147,0.0256
5,3,3,10,0.4339,0.5892,0.9717,0.2748,0.0203
5,3,3,11,0.3464,0.5461,0.9862,0.1611,0.0223
5,3,4,0,0.8753,0.8915,0.9986,0.8471,0.0125
5,3,4,1,0.7815,0.8303,0.9132,0.7236,0.0348
5,3,4,2,0.8738,0.8969,0.9915,0.8418,0.0112
5,3,4,3,0.8595,0.8452,0.9685,0.8458,0.0504
5,3,4,4,0.6885,0.6975,0.9519,0.5981,0.0280
5,3,4,5,0.6769,0.7086,0.9844,0.6080,0.0159
5,3,4,6,0.8637,0.8793,0.9982,0.8338,0.0122
5,3,4,7,0.8232,0.8435,0.9808,0.7930,0.0306
5,3,4,8,0.8418,0.8333,0.9886,0.8067,0.0096
5,3,4,9,0.8965,0.9079,0.9925,0.8702,0.0148
5,3,4,10,0.9462,0.9529,0.9999,0.9332,0.0125
5,3,4,11,0.8084,0.8407,0.9934,0.7719,0.0278
5,3,5,0,0.8419,0.8528,0.9852,0.8107,0.0194
5,3,5,1,0.8754,0.8560,0.9717,0.8625,0.0466
5,3,5,2,0.8612,0.8834,0.9803,0.8256,0.0130
5,3,5,3,1.0000,1.0000,1.0000,1.0000,0.0000
5,3,5,4,0.8987,0.9109,0.9763,0.8731,0.0129
5,3,5,5,0.8596,0.8433,0.9752,0.8426,0.0453
5,3,5,6,0.8622,0.8549,0.9749,0.8436,0.0419
5,3,5,7,0.8779,0.8838,0.9827,0.8583,0.0248
5,3,5,8,0.7687,0.7820,0.9883,0.7094,0.0145
5,3,5,9,0.5645,0.7020,0.9911,0.4773,0.0257
5,3,5,10,0.7415,0.7951,0.9949,0.6791,0.0186
5,3,5,11,0.7635,0.7687,0.9940,0.7182,0.0213
5,3,6,0,0.8614,0.8791,0.9803,0.8425,0.0320
5,3,6,1,0.8537,0.8536,0.9956,0.8167,0.0124
5,3,6,2,0.8366,0.8333,0.9960,0.7996,0.0101
5,3,6,3,0.8176,0.8449,0.9820,0.7872,0.0328
5,3,6,4,0.8996,0.9168,0.9927,0.8785,0.0166
5,3,6,5,0.7788,0.8308,0.9882,0.7292,0.0152
5,3,6,6,0.8149,0.8284,0.9914,0.7727,0.0141
5,3,6,7,0.8586,0.8783,0.9797,0.8220,0.0195
5,3,6,8,0.8393,0.8771,0.9980,0.7998,0.0157
5,3,6,9,0.7060,0.8052,0.9864,0.6372,0.0132
5,3,6,10,0.9010,0.9116,0.9893,0.8835,0.0257
5,3,6,11,0.6022,0.6736,0.9818,0.5201,0.0294
5,3,7,0,0.9157,0.9278,0.9843,0.8947,0.0103
5,3,7,1,0.7365,0.7571,0.9965,0.6792,0.0119
5,3,7,2,0.8477,0.8663,0.9941,0.8157,0.0206
5,3,7,3,0.8660,0.8585,0.9758,0.8463,0.0370
5,3,7,4,0.7763,0.8155,0.9843,0.7346,0.0292
5,3,7,5,0.8063,0.8384,0.9803,0.7539,0.0195
5,3,7,6,0.8531,0.8341,0.9715,0.8353,0.0462
5,3,7,7,0.7957,0.7723,0.9691,0.7706,0.0516
5,3,7,8,0.5819,0.7230,0.9079,0.4760,0.0176
5,3,7,9,0.8113,0.8331,0.9868,0.7756,0.0265
5,3,7,10,0.6900,0.7520,0.9816,0.6336,0.0306
5,3,7,11,0.7794,0.7879,0.9826,0.7449,0.0391
5,3,8,0,0.8262,0.8517,0.9906,0.7907,0.0187
5,3,8,1,0.8519,0.8638,0.9763,0.8158,0.0180
5,3,8,2,0.8487,0.8290,0.9676,0.8348,0.0559
5,3,8,3,0.8469,0.8452,0.9766,0.8117,0.0109
5,3,8,4,0.9101,0.9203,0.9925,0.8946,0.0246
5,3,8,5,0.8722,0.8875,0.9854,0.8525,0.0319
5,3,8,6,0.8531,0.8392,0.9743,0.8342,0.0444
5,3,8,7,0.7464,0.7782,0.8636,0.6755,0.0439
5,3,8,8,0.7974,0.8341,0.8896,0.7432,0.0356
5,3,8,9,0.7309,0.7680,0.9935,0.6604,0.0161
5,3,8,10,0.8473,0.8577,0.9866,0.8204,0.0229
5,3,8,11,0.7302,0.7792,0.9771,0.6620,0.0163
5,3,9,0,0.7879,0.8240,0.9941,0.7371,0.0173
5,3,9,1,0.7791,0.8412,0.9987,0.7236,0.0180
5,3,9,2,0.6446,0.7737,0.9269,0.5369,0.0253
5,3,9,3,0.7485,0.8157,0.9692,0.6897,0.0119
5,3,9,4,0.8576,0.8831,0.9868,0.8267,0.0154
5,3,9,5,0.7357,0.8427,0.9103,0.6580,0.0303
5,3,9,6,0.8427,0.8545,0.9755,0.8175,0.0345
5,3,9,7,0.7855,0.7992,0.9801,0.7527,0.0385
5,3,9,8,0.5199,0.6524,0.8611,0.3458,0.0411
5,3,9,9,0.8414,0.8398,0.9716,0.8225,0.0504
5,3,9,10,0.6597,0.8018,0.9473,0.5520,0.0351
5,3,9,11,0.6698,0.8339,0.9820,0.5747,0.0237
5,3,10,0,0.4703,0.5957,0.6670,0.2430,0.0510
5,3,10,1,0.3751,0.6463,0.8519,0.2043,0.0300
5,3,10,2,0.4167,0.6838,0.8290,0.1960,0.0398
5,3,10,3,0.5802,0.6121,0.7216,0.4534,0.0309
5,3,10,4,0.4788,0.5995,0.8733,0.3202,0.0265
5,3,10,5,0.3900,0.6362,0.8130,0.2076,0.0214
5,3,10,6,0.3375,0.6291,0.8428,0.1437,0.0284
5,3,10,7,0.5700,0.6349,0.6918,0.4163,0.0433
5,3,10,8,0.7037,0.6649,0.6747,0.6201,0.0336
5,3,10,9,0.4433,0.6033,0.8276,0.2714,0.0352
5,3,10,10,0.2733,0.5143,0.9893,0.0765,0.0238
5,3,10,11,0.3772,0.6466,0.7707,0.1056,0.0479
5,3,11,0,0.5330,0.5739,0.6958,0.4132,0.0413
5,3,11,1,0.5709,0.5664,0.7019,0.4588,0.0401
5,3,11,2,0.5375,0.5745,0.7178,0.3731,0.0360
5,3,11,3,0.5710,0.5621,0.6848,0.4586,0.0381
5,3,11,4,0.5722,0.5597,0.6944,0.4525,0.0343
5,3,11,5,0.6257,0.5695,0.6921,0.5185,0.0351
5,3,11,6,0.5573,0.5952,0.7283,0.4229,0.0309
5,3,11,7,0.5331,0.5773,0.6740,0.4132,0.0411
5,3,11,8,0.4804,0.5491,0.8782,0.3055,0.0316
5,3,11,9,0.4881,0.5895,0.7577,0.2923,0.0410
5,3,11,10,0.5419,0.5633,0.7233,0.4025,0.0290
5,3,11,11,0.5275,0.5710,0.6865,0.4137,0.0450
5,4,0,0,0.5116,0.5935,0.6436,0.2091,0.0620
5,4,0,1,0.2855,0.5823,0.9247,-0.0243,0.0336
5,4,0,2,0.2032,0.4038,0.9695,-0.0254,0.0233
5,4,0,3,0.1431,0.4342,0.9724,-0.1019,0.0203
5,4,0,4,0.5313,0.6457,0.8332,0.3093,0.0475
5,4,0,5,0.2948,0.6132,0.9447,-0.0034,0.0346
5,4,0,6,0.4005,0.5880,0.7267,0.0359,0.0534
5,4,0,7,0.3342,0.6148,0.9121,0.0313,0.0330
5,4,0,8,0.3148,0.6181,0.8001,-0.0808,0.0466
5,4,0,9,0.2640,0.5125,0.9520,-0.0468,0.0250
5,4,0,10,0.2523,0.5196,0.9460,0.0617,0.0225
5,4,0,11,0.2336,0.5119,0.9579,-0.0538,0.0257
5,4,1,0,0.3387,0.7060,0.9708,0.1009,0.0213
5,4,1,1,0.1952,0.4205,0.9376,-0.0146,0.0195
5,4,1,2,0.2033,0.4875,0.9632,-0.0518,0.0136
5,4,1,3,0.2847,0.5129,0.9499,-0.0116,0.0283
5,4,1,4,0.1381,0.3718,0.9183,-0.0548,0.0306
5,4,1,5,0.4295,0.5735,0.9897,0.2261,0.0154
5,4,1,6,0.1148,0.2738,0.9232,-0.0390,0.0611
5,4,1,7,0.2304,0.4339,0.9821,0.0330,0.0166
5,4,1,8,0.5245,0.6671,0.9293,0.3184,0.0322
5,4,1,9,0.4287,0.5391,0.9889,0.2462,0.0098
5,4,1,10,0.2330,0.4372,0.9760,-0.0253,0.0175
5,4,1,11,0.3097,0.5152,0.9508,0.0544,0.0179
5,4,2,0,0.0988,0.4080,0.8673,-0.0487,0.0683
5,4,2,1,0.2217,0.4070,0.9350,0.0364,0.0282
5,4,2,2,0.2163,0.3892,0.9685,0.0313,0.0239
5,4,2,3,0.3904,0.5649,0.9908,0.2074,0.0120
5,4,2,4,0.3795,0.5474,0.9829,0.1524,0.0159
5,4,2,5,0.3639,0.5355,0.9552,0.1006,0.0288
5,4,2,6,0.4302,0.4945,0.9543,0.2422,0.0170
5,4,2,7,0.2649,0.5023,0.9608,-0.0081,0.0250
5,4,2,8,0.4112,0.5785,0.9629,0.1994,0.0250
5,4,2,9,0.1047,0.4121,0.8686,-0.0435,0.0665
5,4,2,10,0.1700,0.4198,0.9771,-0.0556,0.0150
5,4,2,11,0.2155,0.4464,0.9747,-0.0375,0.0195
5,4,3,0,0.7905,0.8239,0.9740,0.7322,0.0396
5,4,3,1,0.6527,0.7925,0.9633,0.5151,0.0293
5,4,3,2,0.7799,0.8093,0.9707,0.7014,0.0245
5,4,3,3,0.6202,0.6896,0.9808,0.4757,0.0280
5,4,3,4,0.6271,0.6994,0.9321,0.4789,0.0315
5,4,3,5,0.1464,0.4132,0.9313,-0.0419,0.0384
5,4,3,6,0.8133,0.8411,0.9614,0.7479,0.0296
5,4,3,7,0.6346,0.7013,0.9718,0.4950,0.0242
5,4,3,8,0.4863,0.6543,0.9747,0.2992,0.0211
5,4,3,9,0.2321,0.4074,0.9260,0.0619,0.0342
5,4,3,10,0.4699,0.6013,0.9369,0.2996,0.0167
5,4,3,11,0.3672,0.5539,0.9919,0.1626,0.0230
5,4,4,0,0.8332,0.8908,0.9817,0.7927,0.0198
5,4,4,1,0.8099,0.8422,0.9336,0.7434,0.0284
5,4,4,2,0.9341,0.9428,0.9927,0.9146,0.0099
5,4,4,3,0.9127,0.9088,0.9371,0.9153,0.0575
5,4,4,4,0.6548,0.7332,0.9457,0.5356,0.0232
5,4,4,5,0.7129,0.7481,0.9570,0.6464,0.0239
5,4,4,6,0.7885,0.8546,0.9677,0.7383,0.0189
5,4,4,7,0.8458,0.8630,0.9279,0.8218,0.0375
5,4,4,8,0.9075,0.9120,0.9735,0.8871,0.0179
5,4,4,9,0.9494,0.9614,0.9924,0.9337,0.0070
5,4,4,10,0.8318,0.8462,0.9756,0.7864,0.0187
5,4,4,11,0.8927,0.9039,0.9610,0.8754,0.0356
5,4,5,0,0.8575,0.8843,0.9612,0.8298,0.0265
5,4,5,1,0.9144,0.9097,0.9288,0.9150,0.0535
5,4,5,2,0.9034,0.9339,0.9948,0.8745,0.0086
5,4,5,3,0.8987,0.9109,0.9763,0.8731,0.0129
5,4,5,4,1.0000,1.0000,1.0000,1.0000,0.0000
5,4,5,5,0.9152,0.9105,0.9425,0.9143,0.0522
5,4,5,6,0.8813,0.8989,0.9278,0.8706,0.0480
5,4,5,7,0.9113,0.9170,0.9459,0.9021,0.0330
5,4,5,8,0.8292,0.8394,0.9811,0.7790,0.0117
5,4,5,9,0.6185,0.7409,0.9543,0.5353,0.0346
5,4,5,10,0.7320,0.7718,0.9772,0.6594,0.0204
5,4,5,11,0.8415,0.8371,0.9680,0.8124,0.0294
5,4,6,0,0.9127,0.9140,0.9296,0.9085,0.0414
5,4,6,1,0.8469,0.8277,0.9669,0.8024,0.0123
5,4,6,2,0.8297,0.8441,0.9726,0.7882,0.0151
5,4,6,3,0.8491,0.8806,0.9358,0.8270,0.0407
5,4,6,4,0.8788,0.8892,0.9513,0.8530,0.0246
5,4,6,5,0.8305,0.8729,0.9464,0.7898,0.0212
5,4,6,6,0.8635,0.8815,0.9669,0.8304,0.0217
5,4,6,7,0.9060,0.9276,0.9793,0.8755,0.0130
5,4,6,8,0.9028,0.9108,0.9836,0.8763,0.0178
5,4,6,9,0.7247,0.8151,0.9732,0.6531,0.0178
5,4,6,10,0.8405,0.8851,0.9425,0.8114,0.0337
5,4,6,11,0.6315,0.6783,0.9335,0.5482,0.0370
5,4,7,0,0.8780,0.9173,0.9952,0.8432,0.0133
5,4,7,1,0.8095,0.8135,0.9684,0.7655,0.0199
5,4,7,2,0.9273,0.9346,0.9744,0.9140,0.0289
5,4,7,3,0.8994,0.9106,0.9427,0.8903,0.0434
5,4,7,4,0.7577,0.8110,0.9337,0.7105,0.0372
5,4,7,5,0.7829,0.8359,0.9841,0.7117,0.0145
5,4,7,6,0.9023,0.9012,0.9333,0.8991,0.0527
5,4,7,7,0.8631,0.8592,0.9366,0.8552,0.0582
5,4,7,8,0.7066,0.8472,0.9680,0.6223,0.0185
5,4,7,9,0.8278,0.8813,0.9567,0.7954,0.0326
5,4,7,10,0.7331,0.7802,0.9334,0.6832,0.0381
5,4,7,11,0.8257,0.8374,0.9492,0.8022,0.0459
5,4,8,0,0.8892,0.9091,0.9628,0.8679,0.0250
5,4,8,1,0.9290,0.9456,0.9948,0.9102,0.0156
5,4,8,2,0.8969,0.8901,0.9265,0.8982,0.0630
5,4,8,3,0.9144,0.9256,0.9808,0.8943,0.0183
5,4,8,4,0.9312,0.9276,0.9550,0.9236,0.0312
5,4,8,5,0.8988,0.9225,0.9492,0.8880,0.0382
5,4,8,6,0.8930,0.9015,0.9392,0.8866,0.0504
5,4,8,7,0.7415,0.7736,0.9037,0.6430,0.0369
5,4,8,8,0.7943,0.8477,0.9389,0.7206,0.0291
5,4,8,9,0.7876,0.8389,0.9829,0.7236,0.0159
5,4,8,10,0.8558,0.9008,0.9514,0.8321,0.0321
5,4,8,11,0.7546,0.8486,0.9981,0.6841,0.0200
5,4,9,0,0.8373,0.8705,0.9726,0.7941,0.0216
5,4,9,1,0.8307,0.8579,0.9844,0.7825,0.0196
5,4,9,2,0.7317,0.8214,0.9792,0.6364,0.0185
5,4,9,3,0.8039,0.9074,0.9905,0.7534,0.0172
5,4,9,4,0.8895,0.9288,0.9845,0.8654,0.0219
5,4,9,5,0.7767,0.8766,0.9583,0.6959,0.0219
5,4,9,6,0.9018,0.9175,0.9522,0.8919,0.0402
5,4,9,7,0.8279,0.8623,0.9369,0.8055,0.0460
5,4,9,8,0.6313,0.7189,0.9181,0.4780,0.0351
5,4,9,9,0.8862,0.8980,0.9341,0.8808,0.0567
5,4,9,10,0.6999,0.8263,0.9716,0.5850,0.0289
5,4,9,11,0.7788,0.8828,0.9981,0.7046,0.0175
5,4,10,0,0.5690,0.6355,0.7816,0.3602,0.0439
5,4,10,1,0.4571,0.7803,0.9210,0.2880,0.0291
5,4,10,2,0.5319,0.7757,0.9084,0.3298,0.0336
5,4,10,3,0.7020,0.7532,0.8456,0.5977,0.0264
5,4,10,4,0.5616,0.6820,0.9509,0.4080,0.0238
5,4,10,5,0.5089,0.7678,0.9024,0.3410,0.0186
5,4,10,6,0.4418,0.7390,0.9190,0.2555,0.0248
5,4,10,7,0.6894,0.7728,0.8219,0.5637,0.0362
5,4,10,8,0.7980,0.7986,0.8117,0.7313,0.0329
5,4,10,9,0.5541,0.7270,0.9148,0.3960,0.0349
5,4,10,10,0.3835,0.5042,0.9819,0.1938,0.0226
5,4,10,11,0.4192,0.6874,0.8570,0.1245,0.0406
5,4,11,0,0.6610,0.7435,0.8118,0.5622,0.0397
5,4,11,1,0.6936,0.7380,0.8207,0.6024,0.0388
5,4,11,2,0.6675,0.7088,0.8469,0.5332,0.0290
5,4,11,3,0.7107,0.7377,0.8073,0.6242,0.0377
5,4,11,4,0.7095,0.7371,0.8189,0.6159,0.0330
5,4,11,5,0.7461,0.7370,0.8232,0.6618,0.0333
5,4,11,6,0.6854,0.7570,0.8466,0.5751,0.0287
5,4,11,7,0.6594,0.7491,0.7956,0.5600,0.0401
5,4,11,8,0.5789,0.6320,0.9534,0.4154,0.0254
5,4,11,9,0.5990,0.7018,0.8692,0.4242,0.0335
5,4,11,10,0.6621,0.7243,0.8447,0.5435,0.0240
5,4,11,11,0.6530,0.7440,0.8001,0.5591,0.0440
5,5,0,0,0.4071,0.3844,0.3659,0.2611,0.1111
5,5,0,1,0.2073,0.4016,0.7930,0.0008,0.0849
5,5,0,2,0.1012,0.2567,0.9610,-0.0613,0.0527
5,5,0,3,0.0513,0.2831,0.9548,-0.1203,0.0520
5,5,0,4,0.3574,0.4278,0.6271,0.1874,0.0977
5,5,0,5,0.2181,0.4374,0.8282,0.0198,0.0857
5,5,0,6,0.2775,0.3817,0.4738,0.0288,0.1043
5,5,0,7,0.3296,0.4319,0.7804,0.1606,0.0847
5,5,0,8,0.2456,0.4173,0.5767,-0.0029,0.0985
5,5,0,9,0.2007,0.3441,0.8527,-0.0027,0.0754
5,5,0,10,0.2180,0.3975,0.9630,0.0922,0.0400
5,5,0,11,0.1788,0.3758,0.9117,-0.0098,0.0764
5,5,1,0,0.1975,0.5679,0.8749,0.0207,0.0701
5,5,1,1,0.1234,0.2940,0.9704,-0.0212,0.0432
5,5,1,2,0.1250,0.3330,0.9147,-0.0501,0.0612
5,5,1,3,0.1816,0.3342,0.8314,-0.0249,0.0797
5,5,1,4,0.0435,0.2238,0.9752,-0.0932,0.0260
5,5,1,5,0.3394,0.4095,0.9019,0.2012,0.0668
5,5,1,6,0.0301,0.1788,0.9983,-0.0787,0.0106
5,5,1,7,0.1294,0.2889,0.9791,-0.0120,0.0354
5,5,1,8,0.4379,0.5103,0.7660,0.3119,0.0850
5,5,1,9,0.3321,0.4068,0.9585,0.2039,0.0588
5,5,1,10,0.1413,0.2768,0.9079,-0.0386,0.0670
5,5,1,11,0.3163,0.3645,0.9128,0.1681,0.0694
5,5,2,0,0.0908,0.2807,0.9485,-0.0052,0.0164
5,5,2,1,0.1484,0.2885,0.9857,0.0194,0.0302
5,5,2,2,0.1309,0.2545,0.9886,0.0001,0.0291
5,5,2,3,0.3074,0.4255,0.9585,0.1803,0.0538
5,5,2,4,0.2619,0.3803,0.8924,0.0996,0.0677
5,5,2,5,0.2488,0.3471,0.8286,0.0636,0.0795
5,5,2,6,0.3871,0.3434,0.9321,0.2684,0.0636
5,5,2,7,0.1661,0.3201,0.8382,-0.0245,0.0741
5,5,2,8,0.3240,0.3941,0.8862,0.1807,0.0739
5,5,2,9,0.0983,0.2840,0.9491,0.0019,0.0146
5,5,2,10,0.1168,0.2701,0.9627,-0.0348,0.0400
5,5,2,11,0.1487,0.2733,0.9244,-0.0222,0.0662
5,5,3,0,0.7987,0.8028,0.9847,0.7715,0.0588
5,5,3,1,0.6240,0.6629,0.8337,0.5659,0.0812
5,5,3,2,0.6350,0.6348,0.8700,0.5764,0.0745
5,5,3,3,0.5494,0.5838,0.8700,0.4655,0.0756
5,5,3,4,0.5780,0.5425,0.7955,0.5039,0.0826
5,5,3,5,0.0591,0.2739,0.9754,-0.0735,0.0257
5,5,3,6,0.7437,0.7370,0.8218,0.7258,0.0807
5,5,3,7,0.5144,0.5305,0.8485,0.4195,0.0762
5,5,3,8,0.4688,0.5155,0.8884,0.3635,0.0724
5,5,3,9,0.1749,0.2997,0.9778,0.0577,0.0261
5,5,3,10,0.4065,0.4755,0.9220,0.2945,0.0606
5,5,3,11,0.2866,0.4076,0.9523,0.1467,0.0644
5,5,4,0,0.8712,0.8614,0.9806,0.8554,0.0400
5,5,4,1,0.7025,0.7026,0.8123,0.6726,0.0800
5,5,4,2,0.8752,0.8713,0.9611,0.8648,0.0528
5,5,4,3,0.9886,0.9834,0.9995,0.9874,0.0079
5,5,4,4,0.5890,0.5601,0.8715,0.5171,0.0728
5,5,4,5,0.7266,0.7282,0.9882,0.6870,0.0365
5,5,4,6,0.8313,0.8197,0.9800,0.8084,0.0377
5,5,4,7,0.8697,0.8625,0.9873,0.8526,0.0156
5,5,4,8,0.9363,0.9294,0.9855,0.9310,0.0378
5,5,4,9,0.9169,0.9231,0.9574,0.9182,0.0550
5,5,4,10,0.7918,0.7619,0.9726,0.7630,0.0511
5,5,4,11,0.8708,0.8642,0.9910,0.8537,0.0280
5,5,5,0,0.8594,0.8768,0.9931,0.8406,0.0288
5,5,5,1,0.9860,0.9874,0.9985,0.9843,0.0062
5,5,5,2,0.8648,0.8502,0.9371,0.8528,0.0547
5,5,5,3,0.8596,0.8433,0.9752,0.8426,0.0453
5,5,5,4,0.9152,0.9105,0.9425,0.9143,0.0522
5,5,5,5,1.0000,1.0000,1.0000,1.0000,0.0000
5,5,5,6,0.9344,0.9394,0.9957,0.9262,0.0090
5,5,5,7,0.9282,0.9453,0.9985,0.9191,0.0211
5,5,5,8,0.8320,0.8120,0.9526,0.8125,0.0558
5,5,5,9,0.5960,0.6634,0.9878,0.5383,0.0295
5,5,5,10,0.7107,0.6836,0.9771,0.6670,0.0478
5,5,5,11,0.9241,0.8743,0.9932,0.9147,0.0249
5,5,6,0,0.9161,0.9178,0.9929,0.9055,0.0175
5,5,6,1,0.7961,0.7608,0.9565,0.7693,0.0558
5,5,6,2,0.7863,0.7688,0.9888,0.7561,0.0387
5,5,6,3,0.8855,0.8854,0.9940,0.8706,0.0170
5,5,6,4,0.9113,0.8869,0.9827,0.9011,0.0352
5,5,6,5,0.8140,0.8531,0.9834,0.7884,0.0421
5,5,6,6,0.8641,0.8803,0.9868,0.8472,0.0425
5,5,6,7,0.8439,0.8549,0.9249,0.8351,0.0641
5,5,6,8,0.9143,0.8971,0.9811,0.9088,0.0446
5,5,6,9,0.6847,0.7316,0.9861,0.6367,0.0447
5,5,6,10,0.8948,0.8735,0.9888,0.8811,0.0235
5,5,6,11,0.6273,0.6172,0.9762,0.5732,0.0352
5,5,7,0,0.8428,0.8539,0.9580,0.8247,0.0523
5,5,7,1,0.8407,0.8265,0.9861,0.8193,0.0379
5,5,7,2,0.9430,0.9292,0.9890,0.9377,0.0319
5,5,7,3,0.9820,0.9868,0.9997,0.9799,0.0096
5,5,7,4,0.7767,0.7750,0.9858,0.7462,0.0260
5,5,7,5,0.7538,0.7461,0.9185,0.7217,0.0642
5,5,7,6,0.9886,0.9914,0.9995,0.9872,0.0036
5,5,7,7,0.9135,0.9037,0.9977,0.9035,0.0078
5,5,7,8,0.6605,0.7951,0.8879,0.6068,0.0526
5,5,7,9,0.8267,0.8398,0.9966,0.8032,0.0235
5,5,7,10,0.7167,0.7479,0.9869,0.6785,0.0208
5,5,7,11,0.8858,0.8813,0.9970,0.8713,0.0101
5,5,8,0,0.9524,0.9529,0.9957,0.9480,0.0302
5,5,8,1,0.9646,0.9609,0.9643,0.9680,0.0393
5,5,8,2,0.9894,0.9912,0.9989,0.9886,0.0108
5,5,8,3,0.9320,0.9273,0.9749,0.9268,0.0396
5,5,8,4,0.9479,0.9237,0.9930,0.9419,0.0208
5,5,8,5,0.9720,0.9670,0.9980,0.9688,0.0144
5,5,8,6,0.9873,0.9927,0.9998,0.9857,0.0029
5,5,8,7,0.5948,0.5836,0.7439,0.5292,0.0891
5,5,8,8,0.6996,0.6889,0.7851,0.6629,0.0809
5,5,8,9,0.8246,0.8346,0.9644,0.8045,0.0572
5,5,8,10,0.9184,0.9429,0.9975,0.9080,0.0230
5,5,8,11,0.7840,0.8048,0.9525,0.7545,0.0571
5,5,9,0,0.8822,0.8811,0.9790,0.8697,0.0456
5,5,9,1,0.8402,0.8216,0.9770,0.8215,0.0510
5,5,9,2,0.6684,0.7188,0.8577,0.6182,0.0693
5,5,9,3,0.8840,0.8988,0.9643,0.8711,0.0397
5,5,9,4,0.9598,0.9608,0.9845,0.9579,0.0320
5,5,9,5,0.7911,0.7912,0.8192,0.7829,0.0732
5,5,9,6,0.9780,0.9871,0.9989,0.9755,0.0115
5,5,9,7,0.9366,0.9497,0.9980,0.9286,0.0120
5,5,9,8,0.6087,0.6067,0.7552,0.5491,0.0863
5,5,9,9,0.9886,0.9932,0.9997,0.9873,0.0057
5,5,9,10,0.6979,0.7813,0.8732,0.6631,0.0802
5,5,9,11,0.7498,0.7993,0.9388,0.7181,0.0640
5,5,10,0,0.4348,0.4318,0.5306,0.3003,0.0961
5,5,10,1,0.3871,0.6555,0.8146,0.2734,0.0630
5,5,10,2,0.4125,0.6055,0.7395,0.2768,0.0849
5,5,10,3,0.6377,0.6218,0.6895,0.5786,0.0712
5,5,10,4,0.4639,0.5363,0.8283,0.3594,0.0675
5,5,10,5,0.4121,0.6858,0.7687,0.2963,0.0639
5,5,10,6,0.3406,0.6300,0.8025,0.2098,0.0678
5,5,10,7,0.5778,0.6122,0.6022,0.5080,0.0877
5,5,10,8,0.7764,0.6973,0.6533,0.7502,0.0681
5,5,10,9,0.4880,0.5966,0.7783,0.3892,0.0761
5,5,10,10,0.3165,0.3772,0.9575,0.1886,0.0618
5,5,10,11,0.2898,0.5047,0.6420,0.0836,0.0928
5,5,11,0,0.6109,0.6557,0.6954,0.5472,0.0608
5,5,11,1,0.6400,0.6330,0.7003,0.5817,0.0629
5,5,11,2,0.5553,0.5610,0.6439,0.4744,0.0802
5,5,11,3,0.6512,0.6379,0.6830,0.5951,0.0636
5,5,11,4,0.6431,0.6300,0.6832,0.5848,0.0670
5,5,11,5,0.7028,0.6195,0.6653,0.6589,0.0696
5,5,11,6,0.6060,0.6317,0.6952,0.5385,0.0725
5,5,11,7,0.6058,0.6608,0.6736,0.5411,0.0597
5,5,11,8,0.5127,0.4815,0.8125,0.4171,0.0763
5,5,11,9,0.4839,0.5355,0.6648,0.3751,0.0857
5,5,11,10,0.6010,0.6226,0.6923,0.5321,0.0701
5,5,11,11,0.6038,0.6636,0.6957,0.5406,0.0557
5,6,0,0,0.4086,0.3870,0.3570,0.2447,0.1097
5,6,0,1,0.2000,0.4022,0.7976,-0.0179,0.0811
5,6,0,2,0.1852,0.3265,0.9667,0.0334,0.0443
5,6,0,3,0.1671,0.3161,0.9550,0.0123,0.0443
5,6,0,4,0.3705,0.4282,0.6259,0.1967,0.0957
5,6,0,5,0.2055,0.4447,0.8285,-0.0057,0.0822
5,6,0,6,0.2855,0.3951,0.4682,0.0286,0.1012
5,6,0,7,0.3420,0.4426,0.7890,0.1691,0.0801
5,6,0,8,0.2375,0.4229,0.5738,-0.0284,0.0951
5,6,0,9,0.1870,0.3653,0.8582,-0.0298,0.0736
5,6,0,10,0.2147,0.4048,0.9717,0.0836,0.0337
5,6,0,11,0.2661,0.4264,0.9225,0.0951,0.0718
5,6,1,0,0.1996,0.5511,0.8646,0.0161,0.0625
5,6,1,1,0.1255,0.3165,0.9824,-0.0241,0.0360
5,6,1,2,0.1221,0.3304,0.9230,-0.0603,0.0575
5,6,1,3,0.1923,0.3489,0.8324,-0.0192,0.0767
5,6,1,4,0.1208,0.2509,0.9889,-0.0093,0.0209
5,6,1,5,0.3312,0.3964,0.8919,0.1844,0.0617
5,6,1,6,0.0423,0.1772,0.9975,-0.0689,0.0173
5,6,1,7,0.1350,0.2736,0.9747,-0.0107,0.0324
5,6,1,8,0.4306,0.4864,0.7560,0.2936,0.0792
5,6,1,9,0.3229,0.4005,0.9546,0.1869,0.0535
5,6,1,10,0.1451,0.2785,0.9110,-0.0408,0.0629
5,6,1,11,0.2794,0.3976,0.9259,0.1140,0.0634
5,6,2,0,0.0979,0.3108,0.9695,-0.0006,0.0249
5,6,2,1,0.2378,0.3400,0.9936,0.1182,0.0226
5,6,2,2,0.1390,0.2622,0.9884,0.0047,0.0257
5,6,2,3,0.3019,0.4205,0.9534,0.1683,0.0472
5,6,2,4,0.2505,0.3625,0.8880,0.0780,0.0625
5,6,2,5,0.2520,0.3447,0.8243,0.0597,0.0766
5,6,2,6,0.3500,0.3995,0.9420,0.2168,0.0585
5,6,2,7,0.1692,0.3058,0.8347,-0.0281,0.0707
5,6,2,8,0.3126,0.3820,0.8918,0.1597,0.0687
5,6,2,9,0.1063,0.3148,0.9701,0.0074,0.0230
5,6,2,10,0.1185,0.2778,0.9636,-0.0383,0.0348
5,6,2,11,0.1578,0.2762,0.9283,-0.0176,0.0641
5,6,3,0,0.7646,0.7963,0.9818,0.7281,0.0510
5,6,3,1,0.6238,0.6382,0.8252,0.5592,0.0765
5,6,3,2,0.6129,0.6712,0.8688,0.5423,0.0697
5,6,3,3,0.5110,0.5383,0.8595,0.4090,0.0698
5,6,3,4,0.5864,0.5600,0.7971,0.5086,0.0795
5,6,3,5,0.1798,0.3281,0.9864,0.0602,0.0169
5,6,3,6,0.7116,0.7014,0.8066,0.6768,0.0748
5,6,3,7,0.4872,0.5074,0.8373,0.3772,0.0712
5,6,3,8,0.5011,0.5342,0.8860,0.3989,0.0674
5,6,3,9,0.1639,0.3195,0.9886,0.0408,0.0196
5,6,3,10,0.3709,0.4862,0.9380,0.2453,0.0528
5,6,3,11,0.3365,0.4278,0.9479,0.2024,0.0598
5,6,4,0,0.8769,0.8472,0.9765,0.8602,0.0349
5,6,4,1,0.6511,0.6909,0.8183,0.5967,0.0763
5,6,4,2,0.8210,0.8492,0.9566,0.7967,0.0497
5,6,4,3,0.9245,0.9286,0.9936,0.9159,0.0129
5,6,4,4,0.5829,0.5600,0.8833,0.5045,0.0692
5,6,4,5,0.6695,0.6805,0.9874,0.6184,0.0297
5,6,4,6,0.8365,0.8182,0.9824,0.8127,0.0320
5,6,4,7,0.9422,0.9365,0.9964,0.9344,0.0127
5,6,4,8,0.8735,0.8629,0.9831,0.8560,0.0335
5,6,4,9,0.8948,0.8978,0.9520,0.8885,0.0516
5,6,4,10,0.7920,0.7791,0.9728,0.7608,0.0466
5,6,4,11,0.8274,0.8333,0.9910,0.8025,0.0192
5,6,5,0,0.8240,0.8571,0.9890,0.7984,0.0234
5,6,5,1,0.9758,0.9747,0.9989,0.9730,0.0098
5,6,5,2,0.8575,0.8511,0.9308,0.8413,0.0519
5,6,5,3,0.8622,0.8549,0.9749,0.8436,0.0419
5,6,5,4,0.8813,0.8989,0.9278,0.8706,0.0480
5,6,5,5,0.9344,0.9394,0.9957,0.9262,0.0090
5,6,5,6,1.0000,1.0000,1.0000,1.0000,0.0000
5,6,5,7,0.8851,0.9065,0.9972,0.8692,0.0187
5,6,5,8,0.7336,0.7355,0.9556,0.6911,0.0516
5,6,5,9,0.5909,0.7006,0.9929,0.5299,0.0219
5,6,5,10,0.7669,0.7242,0.9788,0.7309,0.0410
5,6,5,11,0.8177,0.7666,0.9910,0.7915,0.0204
5,6,6,0,0.8656,0.8949,0.9983,0.8479,0.0156
5,6,6,1,0.7152,0.6999,0.9632,0.6690,0.0522
5,6,6,2,0.8121,0.8068,0.9871,0.7842,0.0337
5,6,6,3,0.9339,0.9267,0.9992,0.9249,0.0113
5,6,6,4,0.8995,0.9020,0.9901,0.8859,0.0282
5,6,6,5,0.7631,0.8361,0.9921,0.7267,0.0367
5,6,6,6,0.8214,0.8657,0.9890,0.7951,0.0362
5,6,6,7,0.8322,0.8488,0.9278,0.8169,0.0609
5,6,6,8,0.8614,0.8550,0.9770,0.8436,0.0378
5,6,6,9,0.7837,0.8199,0.9791,0.7507,0.0375
5,6,6,10,0.9055,0.8940,0.9952,0.8924,0.0170
5,6,6,11,0.6906,0.6667,0.9865,0.6439,0.0270
5,6,7,0,0.8638,0.8672,0.9424,0.8474,0.0470
5,6,7,1,0.7269,0.7289,0.9867,0.6848,0.0332
5,6,7,2,0.8959,0.9005,0.9860,0.8817,0.0251
5,6,7,3,0.9505,0.9495,0.9961,0.9439,0.0094
5,6,7,4,0.8965,0.8687,0.9946,0.8820,0.0179
5,6,7,5,0.7585,0.7478,0.9162,0.7237,0.0616
5,6,7,6,0.9286,0.9397,0.9973,0.9197,0.0099
5,6,7,7,0.8579,0.8513,0.9938,0.8411,0.0137
5,6,7,8,0.5780,0.7171,0.8591,0.5044,0.0464
5,6,7,9,0.9240,0.9215,0.9960,0.9137,0.0165
5,6,7,10,0.6687,0.7564,0.9951,0.6220,0.0135
5,6,7,11,0.8109,0.8079,0.9951,0.7859,0.0041
5,6,8,0,0.8617,0.8758,0.9933,0.8419,0.0244
5,6,8,1,0.9212,0.9275,0.9495,0.9146,0.0359
5,6,8,2,0.9355,0.9459,0.9969,0.9286,0.0191
5,6,8,3,0.9007,0.9158,0.9684,0.8884,0.0342
5,6,8,4,0.8939,0.9000,0.9937,0.8791,0.0181
5,6,8,5,0.8944,0.9212,0.9963,0.8800,0.0112
5,6,8,6,0.9407,0.9419,0.9960,0.9331,0.0095
5,6,8,7,0.5943,0.5835,0.7454,0.5213,0.0850
5,6,8,8,0.7113,0.6958,0.7765,0.6728,0.0773
5,6,8,9,0.7923,0.8041,0.9652,0.7625,0.0516
5,6,8,10,0.8569,0.9036,0.9967,0.8367,0.0205
5,6,8,11,0.7502,0.7737,0.9351,0.7110,0.0516
5,6,9,0,0.8208,0.8407,0.9819,0.7948,0.0384
5,6,9,1,0.7684,0.7696,0.9726,0.7329,0.0431
5,6,9,2,0.6001,0.6776,0.8396,0.5257,0.0653
5,6,9,3,0.8284,0.8393,0.9442,0.8036,0.0336
5,6,9,4,0.8925,0.9050,0.9715,0.8781,0.0277
5,6,9,5,0.7471,0.7380,0.8090,0.7199,0.0702
5,6,9,6,0.9259,0.9475,0.9909,0.9159,0.0138
5,6,9,7,0.8513,0.8701,0.9981,0.8318,0.0064
5,6,9,8,0.5449,0.5629,0.7510,0.4528,0.0832
5,6,9,9,0.9334,0.9390,0.9967,0.9253,0.0136
5,6,9,10,0.6153,0.7285,0.8686,0.5469,0.0770
5,6,9,11,0.7287,0.7715,0.9278,0.6876,0.0576
5,6,10,0,0.4588,0.4533,0.5087,0.3272,0.0921
5,6,10,1,0.3244,0.6457,0.7894,0.1916,0.0550
5,6,10,2,0.3771,0.5885,0.7190,0.2193,0.0797
5,6,10,3,0.5750,0.5975,0.6449,0.4940,0.0637
5,6,10,4,0.4187,0.4862,0.7932,0.2965,0.0611
5,6,10,5,0.3674,0.6198,0.7362,0.2346,0.0583
5,6,10,6,0.2832,0.5672,0.7734,0.1324,0.0615
5,6,10,7,0.5506,0.5762,0.5630,0.4616,0.0823
5,6,10,8,0.7391,0.6939,0.6083,0.6999,0.0603
5,6,10,9,0.4278,0.5913,0.7509,0.3071,0.0690
5,6,10,10,0.2905,0.4078,0.9597,0.1516,0.0560
5,6,10,11,0.2799,0.4750,0.6272,0.0578,0.0890
5,6,11,0,0.5583,0.5889,0.6453,0.4802,0.0522
5,6,11,1,0.5978,0.5860,0.6499,0.5270,0.0546
5,6,11,2,0.5274,0.5213,0.6021,0.4286,0.0766
5,6,11,3,0.5964,0.5774,0.6311,0.5252,0.0549
5,6,11,4,0.5951,0.5727,0.6330,0.5214,0.0587
5,6,11,5,0.6407,0.5677,0.6148,0.5774,0.0610
5,6,11,6,0.5707,0.5890,0.6468,0.4886,0.0647
5,6,11,7,0.5545,0.6120,0.6238,0.4756,0.0509
5,6,11,8,0.4744,0.4769,0.7893,0.3600,0.0726
5,6,11,9,0.4733,0.5260,0.6330,0.3514,0.0811
5,6,11,10,0.5449,0.5538,0.6474,0.4559,0.0627
5,6,11,11,0.5520,0.6051,0.6460,0.4758,0.0473
5,7,0,0,0.4133,0.4298,0.3899,0.2130,0.0940
5,7,0,1,0.2619,0.4722,0.8100,0.0480,0.0646
5,7,0,2,0.1245,0.3109,0.9668,-0.0521,0.0346
5,7,0,3,0.0635,0.3264,0.9571,-0.1253,0.0326
5,7,0,4,0.4025,0.4724,0.6492,0.2232,0.0791
5,7,0,5,0.2407,0.5114,0.8417,0.0236,0.0654
5,7,0,6,0.3219,0.4210,0.4963,0.0618,0.0848
5,7,0,7,0.2930,0.4803,0.7998,0.0811,0.0643
5,7,0,8,0.2644,0.4642,0.5980,-0.0121,0.0786
5,7,0,9,0.2120,0.3836,0.8685,-0.0147,0.0558
5,7,0,10,0.3048,0.4644,0.9656,0.1799,0.0218
5,7,0,11,0.2298,0.4156,0.9247,0.0325,0.0559
5,7,1,0,0.2319,0.5937,0.8797,0.0422,0.0506
5,7,1,1,0.2125,0.3600,0.9776,0.0678,0.0242
5,7,1,2,0.1447,0.3846,0.9258,-0.0467,0.0413
5,7,1,3,0.2148,0.3851,0.8492,-0.0071,0.0601
5,7,1,4,0.0582,0.2550,0.9808,-0.0917,0.0086
5,7,1,5,0.3251,0.4538,0.9117,0.1627,0.0468
5,7,1,6,0.0620,0.2083,0.9973,-0.0550,0.0292
5,7,1,7,0.1589,0.3244,0.9845,0.0064,0.0182
5,7,1,8,0.4204,0.5379,0.7823,0.2617,0.0648
5,7,1,9,0.3584,0.4446,0.9670,0.2188,0.0386
5,7,1,10,0.1587,0.3249,0.9192,-0.0386,0.0464
5,7,1,11,0.2511,0.3952,0.9261,0.0621,0.0498
5,7,2,0,0.1722,0.3619,0.9533,0.0754,0.0366
5,7,2,1,0.1831,0.3435,0.9931,0.0450,0.0134
5,7,2,2,0.1712,0.3007,0.9931,0.0321,0.0126
5,7,2,3,0.3282,0.4605,0.9661,0.1889,0.0342
5,7,2,4,0.2675,0.4275,0.9042,0.0847,0.0478
5,7,2,5,0.2867,0.4007,0.8451,0.0888,0.0606
5,7,2,6,0.3579,0.3821,0.9407,0.2144,0.0438
5,7,2,7,0.1953,0.3594,0.8527,-0.0107,0.0547
5,7,2,8,0.3190,0.4324,0.9018,0.1535,0.0540
5,7,2,9,0.1798,0.3660,0.9540,0.0827,0.0347
5,7,2,10,0.1387,0.3171,0.9678,-0.0263,0.0230
5,7,2,11,0.1621,0.3147,0.9376,-0.0264,0.0468
5,7,3,0,0.7195,0.7866,0.9899,0.6683,0.0436
5,7,3,1,0.6086,0.7052,0.8472,0.5248,0.0610
5,7,3,2,0.6078,0.6592,0.8838,0.5238,0.0539
5,7,3,3,0.5981,0.6338,0.8799,0.5107,0.0560
5,7,3,4,0.5157,0.5650,0.8143,0.3985,0.0629
5,7,3,5,0.0805,0.3088,0.9797,-0.0638,0.0167
5,7,3,6,0.7158,0.7411,0.8341,0.6702,0.0611
5,7,3,7,0.5431,0.5721,0.8603,0.4375,0.0562
5,7,3,8,0.4369,0.5384,0.8986,0.3035,0.0522
5,7,3,9,0.2127,0.3568,0.9831,0.0881,0.0124
5,7,3,10,0.4755,0.5500,0.9344,0.3636,0.0416
5,7,3,11,0.2751,0.4468,0.9598,0.1138,0.0439
5,7,4,0,0.8586,0.8929,0.9856,0.8351,0.0207
5,7,4,1,0.7652,0.7761,0.8307,0.7394,0.0600
5,7,4,2,0.8877,0.8956,0.9664,0.8723,0.0336
5,7,4,3,0.9076,0.9249,0.9964,0.8970,0.0258
5,7,4,4,0.6254,0.6102,0.8885,0.5479,0.0526
5,7,4,5,0.8201,0.8335,0.9932,0.7902,0.0182
5,7,4,6,0.8097,0.8510,0.9864,0.7775,0.0188
5,7,4,7,0.8600,0.8622,0.9918,0.8388,0.0123
5,7,4,8,0.9288,0.9421,0.9895,0.9180,0.0176
5,7,4,9,0.9181,0.9345,0.9653,0.9118,0.0353
5,7,4,10,0.8147,0.8132,0.9808,0.7829,0.0312
5,7,4,11,0.9158,0.8955,0.9940,0.9025,0.0144
5,7,5,0,0.9450,0.9582,0.9960,0.9364,0.0106
5,7,5,1,0.9233,0.9397,0.9982,0.9140,0.0217
5,7,5,2,0.8601,0.8716,0.9433,0.8390,0.0353
5,7,5,3,0.8779,0.8838,0.9827,0.8583,0.0248
5,7,5,4,0.9113,0.9170,0.9459,0.9021,0.0330
5,7,5,5,0.9282,0.9453,0.9985,0.9191,0.0211
5,7,5,6,0.8851,0.9065,0.9972,0.8692,0.0187
5,7,5,7,1.0000,1.0000,1.0000,1.0000,0.0000
5,7,5,8,0.8593,0.8527,0.9614,0.8376,0.0357
5,7,5,9,0.7285,0.7527,0.9921,0.6847,0.0181
5,7,5,10,0.6963,0.7159,0.9830,0.6409,0.0291
5,7,5,11,0.8639,0.8556,0.9962,0.8424,0.0074
5,7,6,0,0.8746,0.8978,0.9958,0.8572,0.0117
5,7,6,1,0.8486,0.8222,0.9682,0.8244,0.0356
5,7,6,2,0.7685,0.7780,0.9921,0.7284,0.0194
5,7,6,3,0.8605,0.8861,0.9970,0.8397,0.0133
5,7,6,4,0.8797,0.8796,0.9894,0.8601,0.0167
5,7,6,5,0.9047,0.9240,0.9892,0.8897,0.0222
5,7,6,6,0.9273,0.9274,0.9913,0.9166,0.0237
5,7,6,7,0.8755,0.8815,0.9373,0.8641,0.0439
5,7,6,8,0.8688,0.8830,0.9858,0.8480,0.0262
5,7,6,9,0.6600,0.7737,0.9896,0.5987,0.0263
5,7,6,10,0.8455,0.8816,0.9944,0.8211,0.0120
5,7,6,11,0.6025,0.6416,0.9811,0.5366,0.0232
5,7,7,0,0.8474,0.8928,0.9614,0.8226,0.0327
5,7,7,1,0.8428,0.8422,0.9924,0.8166,0.0186
5,7,7,2,0.9223,0.9272,0.9912,0.9100,0.0145
5,7,7,3,0.9376,0.9534,0.9990,0.9286,0.0172
5,7,7,4,0.7625,0.7970,0.9908,0.7252,0.0148
5,7,7,5,0.7925,0.8113,0.9310,0.7585,0.0441
5,7,7,6,0.9232,0.9423,0.9984,0.9135,0.0215
5,7,7,7,0.8510,0.8592,0.9941,0.8329,0.0273
5,7,7,8,0.6773,0.7992,0.8802,0.6167,0.0334
5,7,7,9,0.8055,0.8430,0.9986,0.7747,0.0116
5,7,7,10,0.7996,0.8453,0.9905,0.7691,0.0108
5,7,7,11,0.8310,0.8511,0.9965,0.8071,0.0168
5,7,8,0,0.9124,0.9401,0.9982,0.8984,0.0135
5,7,8,1,0.9063,0.9331,0.9641,0.8928,0.0250
5,7,8,2,0.9048,0.9265,0.9973,0.8946,0.0309
5,7,8,3,0.9023,0.9259,0.9752,0.8870,0.0200
5,7,8,4,0.9007,0.9075,0.9968,0.8851,0.0103
5,7,8,5,0.9272,0.9507,0.9991,0.9165,0.0092
5,7,8,6,0.9013,0.9413,0.9989,0.8882,0.0213
5,7,8,7,0.6535,0.6472,0.7640,0.5888,0.0692
5,7,8,8,0.7406,0.7444,0.8008,0.7004,0.0608
5,7,8,9,0.8356,0.8632,0.9727,0.8092,0.0371
5,7,8,10,0.9085,0.9540,0.9988,0.8944,0.0059
5,7,8,11,0.7542,0.8400,0.9536,0.7098,0.0367
5,7,9,0,0.8770,0.9033,0.9842,0.8574,0.0274
5,7,9,1,0.8243,0.8437,0.9826,0.7946,0.0320
5,7,9,2,0.7196,0.7594,0.8637,0.6689,0.0491
5,7,9,3,0.7872,0.8827,0.9613,0.7502,0.0217
5,7,9,4,0.9204,0.9464,0.9848,0.9079,0.0146
5,7,9,5,0.8073,0.8459,0.8325,0.7889,0.0534
5,7,9,6,0.8958,0.9347,0.9967,0.8804,0.0154
5,7,9,7,0.8704,0.9266,0.9990,0.8523,0.0143
5,7,9,8,0.5892,0.6462,0.7700,0.4991,0.0657
5,7,9,9,0.9003,0.9312,0.9983,0.8879,0.0268
5,7,9,10,0.7830,0.8455,0.8880,0.7599,0.0606
5,7,9,11,0.7334,0.8115,0.9448,0.6848,0.0454
5,7,10,0,0.4480,0.4867,0.5445,0.2867,0.0764
5,7,10,1,0.3841,0.6657,0.8062,0.2534,0.0444
5,7,10,2,0.4319,0.6348,0.7426,0.2780,0.0648
5,7,10,3,0.6036,0.6126,0.6751,0.5195,0.0527
5,7,10,4,0.4877,0.5812,0.8233,0.3718,0.0485
5,7,10,5,0.4116,0.6769,0.7595,0.2777,0.0440
5,7,10,6,0.3487,0.6486,0.7940,0.2013,0.0485
5,7,10,7,0.5720,0.6114,0.6001,0.4754,0.0677
5,7,10,8,0.7258,0.6906,0.6376,0.6750,0.0491
5,7,10,9,0.4553,0.6102,0.7717,0.3295,0.0562
5,7,10,10,0.3144,0.4324,0.9648,0.1690,0.0423
5,7,10,11,0.3276,0.5601,0.6579,0.1070,0.0722
5,7,11,0,0.5709,0.6393,0.6731,0.4872,0.0456
5,7,11,1,0.5988,0.6126,0.6789,0.5201,0.0453
5,7,11,2,0.5874,0.5935,0.6395,0.4963,0.0606
5,7,11,3,0.6178,0.6233,0.6610,0.5431,0.0455
5,7,11,4,0.6162,0.6166,0.6634,0.5383,0.0491
5,7,11,5,0.6695,0.6127,0.6488,0.6042,0.0510
5,7,11,6,0.5829,0.6240,0.6803,0.4930,0.0540
5,7,11,7,0.5701,0.6310,0.6507,0.4861,0.0450
5,7,11,8,0.5160,0.5113,0.8134,0.4011,0.0561
5,7,11,9,0.5047,0.5692,0.6663,0.3784,0.0654
5,7,11,10,0.5934,0.6297,0.6773,0.5065,0.0510
5,7,11,11,0.5632,0.6336,0.6715,0.4817,0.0441
5,8,0,0,0.5167,0.5841,0.6145,0.2429,0.0612
5,8,0,1,0.3270,0.5927,0.9350,0.0460,0.0310
5,8,0,2,0.1307,0.4151,0.9944,-0.1115,0.0267
5,8,0,3,0.1142,0.4477,0.9887,-0.1318,0.0246
5,8,0,4,0.5247,0.6448,0.8265,0.3087,0.0465
5,8,0,5,0.2899,0.5887,0.9464,-0.0010,0.0310
5,8,0,6,0.4132,0.5916,0.7070,0.0749,0.0509
5,8,0,7,0.3278,0.6141,0.9308,0.0320,0.0294
5,8,0,8,0.4385,0.6243,0.7893,0.1457,0.0446
5,8,0,9,0.2348,0.4961,0.9672,-0.0790,0.0228
5,8,0,10,0.3149,0.5878,0.9794,0.1453,0.0247
5,8,0,11,0.2643,0.5128,0.9883,-0.0029,0.0204
5,8,1,0,0.2219,0.5861,0.9533,-0.0502,0.0214
5,8,1,1,0.1692,0.4494,0.9755,-0.0414,0.0238
5,8,1,2,0.1662,0.4630,0.9885,-0.0931,0.0087
5,8,1,3,0.2189,0.4902,0.9559,-0.0961,0.0267
5,8,1,4,0.0768,0.3421,0.9617,-0.1246,0.0319
5,8,1,5,0.3117,0.4827,0.9760,0.0731,0.0136
5,8,1,6,0.0427,0.2584,0.9410,-0.1208,0.0645
5,8,1,7,0.1396,0.3850,0.9858,-0.0751,0.0229
5,8,1,8,0.3935,0.5942,0.9098,0.1318,0.0292
5,8,1,9,0.3137,0.4703,0.9920,0.1009,0.0116
5,8,1,10,0.1946,0.4302,0.9912,-0.0688,0.0145
5,8,1,11,0.2615,0.4849,0.9856,-0.0037,0.0147
5,8,2,0,0.1366,0.4765,0.9251,0.0001,0.0723
5,8,2,1,0.1424,0.3888,0.9682,-0.0566,0.0314
5,8,2,2,0.1342,0.3476,0.9829,-0.0651,0.0280
5,8,2,3,0.2807,0.4825,0.9911,0.0709,0.0152
5,8,2,4,0.2944,0.5049,0.9808,0.0433,0.0132
5,8,2,5,0.2980,0.4990,0.9506,0.0149,0.0268
5,8,2,6,0.3405,0.4589,0.9836,0.1293,0.0171
5,8,2,7,0.2194,0.4801,0.9578,-0.0621,0.0218
5,8,2,8,0.3354,0.5184,0.9801,0.1031,0.0211
5,8,2,9,0.1421,0.4821,0.9261,0.0049,0.0704
5,8,2,10,0.1346,0.3899,0.9901,-0.0941,0.0217
5,8,2,11,0.2215,0.4275,0.9909,-0.0222,0.0142
5,8,3,0,0.6252,0.7054,0.9818,0.5232,0.0460
5,8,3,1,0.5808,0.7721,0.9492,0.4177,0.0257
5,8,3,2,0.5732,0.7064,0.9738,0.4195,0.0215
5,8,3,3,0.6773,0.7344,0.9645,0.5612,0.0250
5,8,3,4,0.5063,0.6120,0.9373,0.3116,0.0289
5,8,3,5,0.0774,0.3735,0.9682,-0.1211,0.0402
5,8,3,6,0.6833,0.7662,0.9342,0.5660,0.0260
5,8,3,7,0.5429,0.6291,0.9528,0.3718,0.0207
5,8,3,8,0.3897,0.5809,0.9745,0.1735,0.0176
5,8,3,9,0.2196,0.3943,0.9625,0.0511,0.0365
5,8,3,10,0.5278,0.6268,0.9781,0.3808,0.0204
5,8,3,11,0.2607,0.5211,0.9959,0.0286,0.0179
5,8,4,0,0.7788,0.8131,0.9864,0.7251,0.0224
5,8,4,1,0.8020,0.8693,0.9488,0.7367,0.0255
5,8,4,2,0.8165,0.8601,0.9955,0.7638,0.0143
5,8,4,3,0.8074,0.7909,0.9444,0.7874,0.0602
5,8,4,4,0.7236,0.7522,0.9754,0.6323,0.0184
5,8,4,5,0.8544,0.8597,0.9738,0.8229,0.0255
5,8,4,6,0.7371,0.7936,0.9855,0.6749,0.0203
5,8,4,7,0.7336,0.7312,0.9632,0.6846,0.0404
5,8,4,8,0.9246,0.9296,0.9861,0.9081,0.0199
5,8,4,9,0.8524,0.8731,0.9935,0.8081,0.0149
5,8,4,10,0.7275,0.7539,0.9882,0.6551,0.0134
5,8,4,11,0.8163,0.8083,0.9756,0.7809,0.0370
5,8,5,0,0.8659,0.8635,0.9712,0.8398,0.0289
5,8,5,1,0.7942,0.7742,0.9491,0.7691,0.0566
5,8,5,2,0.8171,0.8116,0.9922,0.7639,0.0097
5,8,5,3,0.7687,0.7820,0.9883,0.7094,0.0145
5,8,5,4,0.8292,0.8394,0.9811,0.7790,0.0117
5,8,5,5,0.8320,0.8120,0.9526,0.8125,0.0558
5,8,5,6,0.7336,0.7355,0.9556,0.6911,0.0516
5,8,5,7,0.8593,0.8527,0.9614,0.8376,0.0357
5,8,5,8,1.0000,1.0000,1.0000,1.0000,0.0000
5,8,5,9,0.6069,0.6803,0.9802,0.5225,0.0372
5,8,5,10,0.6579,0.7025,0.9954,0.5672,0.0264
5,8,5,11,0.8957,0.8789,0.9793,0.8786,0.0321
5,8,6,0,0.7834,0.8051,0.9577,0.7510,0.0439
5,8,6,1,0.8977,0.8972,0.9919,0.8687,0.0094
5,8,6,2,0.6255,0.6683,0.9838,0.5330,0.0191
5,8,6,3,0.7187,0.7427,0.9641,0.6679,0.0423
5,8,6,4,0.8106,0.8004,0.9813,0.7683,0.0265
5,8,6,5,0.8367,0.8733,0.9800,0.7980,0.0223
5,8,6,6,0.8579,0.8636,0.9881,0.8235,0.0242
5,8,6,7,0.8347,0.8439,0.9956,0.7822,0.0122
5,8,6,8,0.7950,0.8238,0.9888,0.7396,0.0245
5,8,6,9,0.5370,0.6855,0.9765,0.4183,0.0207
5,8,6,10,0.7367,0.7582,0.9714,0.6839,0.0357
5,8,6,11,0.5362,0.6315,0.9687,0.4323,0.0391
5,8,7,0,0.7177,0.7687,0.9747,0.6389,0.0103
5,8,7,1,0.9583,0.9565,0.9853,0.9509,0.0204
5,8,7,2,0.8453,0.8344,0.9829,0.8117,0.0308
5,8,7,3,0.8041,0.7936,0.9546,0.7737,0.0473
5,8,7,4,0.6447,0.7079,0.9675,0.5724,0.0388
5,8,7,5,0.8058,0.8279,0.9874,0.7446,0.0101
5,8,7,6,0.8127,0.7971,0.9485,0.7899,0.0566
5,8,7,7,0.7438,0.7429,0.9473,0.7110,0.0615
5,8,7,8,0.7294,0.8150,0.9186,0.6538,0.0215
5,8,7,9,0.6582,0.7028,0.9732,0.5873,0.0361
5,8,7,10,0.7612,0.7893,0.9665,0.7177,0.0403
5,8,7,11,0.7592,0.7754,0.9620,0.7211,0.0489
5,8,8,0,0.8840,0.8949,0.9751,0.8609,0.0282
5,8,8,1,0.7999,0.8225,0.9792,0.7464,0.0236
5,8,8,2,0.7843,0.7628,0.9420,0.7620,0.0668
5,8,8,3,0.7987,0.8424,0.9848,0.7490,0.0216
5,8,8,4,0.8093,0.8033,0.9720,0.7731,0.0352
5,8,8,5,0.8543,0.8481,0.9627,0.8329,0.0422
5,8,8,6,0.7980,0.7963,0.9506,0.7708,0.0548
5,8,8,7,0.7366,0.7585,0.9065,0.6418,0.0346
5,8,8,8,0.7189,0.7667,0.9228,0.6187,0.0261
5,8,8,9,0.8359,0.8671,0.9983,0.7879,0.0091
5,8,8,10,0.8306,0.8311,0.9668,0.8008,0.0339
5,8,8,11,0.7193,0.8181,0.9741,0.6409,0.0146
5,8,9,0,0.8201,0.8474,0.9931,0.7731,0.0249
5,8,9,1,0.7924,0.8254,0.9880,0.7348,0.0247
5,8,9,2,0.7254,0.7952,0.9471,0.6318,0.0152
5,8,9,3,0.6927,0.8260,0.9636,0.6143,0.0217
5,8,9,4,0.8218,0.8433,0.9732,0.7809,0.0262
5,8,9,5,0.7798,0.8688,0.9413,0.7044,0.0203
5,8,9,6,0.7763,0.7819,0.9546,0.7384,0.0450
5,8,9,7,0.8141,0.8326,0.9551,0.7879,0.0483
5,8,9,8,0.6155,0.7508,0.9112,0.4617,0.0312
5,8,9,9,0.7816,0.7800,0.9473,0.7538,0.0605
5,8,9,10,0.7509,0.8883,0.9703,0.6632,0.0257
5,8,9,11,0.6065,0.7444,0.9854,0.4773,0.0194
5,8,10,0,0.4542,0.5977,0.7309,0.1777,0.0416
5,8,10,1,0.4164,0.6677,0.8739,0.2400,0.0304
5,8,10,2,0.4617,0.6661,0.8650,0.2337,0.0291
5,8,10,3,0.6007,0.6222,0.7590,0.4645,0.0266
5,8,10,4,0.4853,0.6509,0.8837,0.3102,0.0251
5,8,10,5,0.4177,0.6942,0.8388,0.2244,0.0211
5,8,10,6,0.3854,0.6970,0.8629,0.1864,0.0252
5,8,10,7,0.5383,0.6399,0.7387,0.3421,0.0318
5,8,10,8,0.6535,0.6610,0.7276,0.5420,0.0337
5,8,10,9,0.4576,0.6444,0.8627,0.2707,0.0336
5,8,10,10,0.2861,0.4924,0.9993,0.0727,0.0235
5,8,10,11,0.3980,0.6501,0.8234,0.1019,0.0379
5,8,11,0,0.5392,0.6246,0.7153,0.4088,0.0440
5,8,11,1,0.5524,0.5989,0.7244,0.4230,0.0436
5,8,11,2,0.6063,0.6612,0.7616,0.4495,0.0254
5,8,11,3,0.5793,0.6150,0.7073,0.4571,0.0409
5,8,11,4,0.5834,0.6194,0.7219,0.4531,0.0345
5,8,11,5,0.6356,0.6263,0.7242,0.5181,0.0364
5,8,11,6,0.5375,0.6190,0.7500,0.3790,0.0288
5,8,11,7,0.5388,0.6073,0.6999,0.4080,0.0454
5,8,11,8,0.5203,0.5915,0.9099,0.3390,0.0224
5,8,11,9,0.5184,0.6390,0.8020,0.3091,0.0302
5,8,11,10,0.5844,0.6653,0.7569,0.4426,0.0239
5,8,11,11,0.5259,0.6065,0.7056,0.4005,0.0510
5,9,0,0,0.3952,0.4973,0.4530,0.1276,0.0970
5,9,0,1,0.2861,0.5691,0.8620,0.0622,0.0656
5,9,0,2,0.1090,0.5130,0.9885,-0.0844,0.0244
5,9,0,3,0.0718,0.5395,0.9739,-0.1291,0.0243
5,9,0,4,0.3856,0.5536,0.7068,0.1755,0.0822
5,9,0,5,0.2417,0.5688,0.8885,0.0058,0.0647
5,9,0,6,0.3096,0.5377,0.5598,0.0089,0.0849
5,9,0,7,0.2831,0.5391,0.8536,0.0467,0.0625
5,9,0,8,0.3714,0.5952,0.6585,0.1352,0.0784
5,9,0,9,0.2109,0.5391,0.9115,-0.0355,0.0589
5,9,0,10,0.6691,0.7649,0.9865,0.6056,0.0158
5,9,0,11,0.3047,0.5728,0.9609,0.1143,0.0542
5,9,1,0,0.1963,0.5555,0.9138,-0.0198,0.0428
5,9,1,1,0.5022,0.6132,0.9954,0.4043,0.0167
5,9,1,2,0.2044,0.4658,0.9618,0.0134,0.0418
5,9,1,3,0.2031,0.4523,0.8864,-0.0419,0.0613
5,9,1,4,0.0726,0.3968,0.9939,-0.0857,0.0123
5,9,1,5,0.2607,0.4852,0.9320,0.0648,0.0432
5,9,1,6,0.0557,0.2424,0.9854,-0.0705,0.0383
5,9,1,7,0.1363,0.3616,0.9893,-0.0321,0.0198
5,9,1,8,0.3299,0.5403,0.8189,0.1148,0.0602
5,9,1,9,0.2269,0.4337,0.9780,0.0419,0.0370
5,9,1,10,0.1912,0.4314,0.9508,-0.0127,0.0473
5,9,1,11,0.1837,0.5695,0.9632,-0.0421,0.0439
5,9,2,0,0.6122,0.7066,0.9724,0.5668,0.0460
5,9,2,1,0.2254,0.4745,0.9934,0.0847,0.0102
5,9,2,2,0.1181,0.3516,0.9973,-0.0408,0.0216
5,9,2,3,0.2434,0.4625,0.9776,0.0728,0.0286
5,9,2,4,0.2392,0.5011,0.9311,0.0321,0.0450
5,9,2,5,0.2863,0.5070,0.8777,0.0702,0.0618
5,9,2,6,0.2418,0.6038,0.9746,0.0550,0.0402
5,9,2,7,0.2030,0.4457,0.8885,-0.0175,0.0570
5,9,2,8,0.2927,0.4962,0.9371,0.1047,0.0507
5,9,2,9,0.6252,0.7113,0.9731,0.5808,0.0441
5,9,2,10,0.1681,0.4088,0.9878,-0.0032,0.0247
5,9,2,11,0.2057,0.4168,0.9635,0.0137,0.0491
5,9,3,0,0.4695,0.6866,0.9926,0.3582,0.0296
5,9,3,1,0.5566,0.6881,0.8795,0.4391,0.0576
5,9,3,2,0.4126,0.6656,0.9176,0.2539,0.0510
5,9,3,3,0.5505,0.6635,0.9074,0.4344,0.0502
5,9,3,4,0.4044,0.5895,0.8577,0.2306,0.0625
5,9,3,5,0.0787,0.4911,0.9953,-0.0765,0.0077
5,9,3,6,0.4894,0.6386,0.8588,0.3475,0.0551
5,9,3,7,0.3970,0.5833,0.8888,0.2279,0.0518
5,9,3,8,0.3335,0.5833,0.9333,0.1552,0.0492
5,9,3,9,0.4279,0.5950,0.9950,0.3306,0.0100
5,9,3,10,0.6293,0.7487,0.9707,0.5459,0.0334
5,9,3,11,0.2254,0.5447,0.9710,0.0379,0.0410
5,9,4,0,0.5934,0.7434,0.9909,0.5148,0.0169
5,9,4,1,0.5498,0.6767,0.8772,0.4293,0.0594
5,9,4,2,0.5711,0.6847,0.9805,0.4782,0.0360
5,9,4,3,0.5703,0.6466,0.9832,0.5128,0.0340
5,9,4,4,0.5251,0.6359,0.9307,0.4087,0.0505
5,9,4,5,0.7237,0.7641,0.9860,0.6728,0.0142
5,9,4,6,0.5341,0.7255,0.9964,0.4458,0.0182
5,9,4,7,0.6040,0.7281,0.9967,0.5399,0.0165
5,9,4,8,0.6238,0.6875,0.9889,0.5520,0.0209
5,9,4,9,0.6442,0.7508,0.9746,0.5659,0.0362
5,9,4,10,0.5323,0.6792,0.9899,0.4363,0.0301
5,9,4,11,0.7478,0.8048,0.9977,0.7045,0.0090
5,9,5,0,0.7397,0.7845,0.9870,0.6937,0.0151
5,9,5,1,0.6018,0.6725,0.9889,0.5466,0.0306
5,9,5,2,0.6415,0.7346,0.9628,0.5643,0.0375
5,9,5,3,0.5645,0.7020,0.9911,0.4773,0.0257
5,9,5,4,0.6185,0.7409,0.9543,0.5353,0.0346
5,9,5,5,0.5960,0.6634,0.9878,0.5383,0.0295
5,9,5,6,0.5909,0.7006,0.9929,0.5299,0.0219
5,9,5,7,0.7285,0.7527,0.9921,0.6847,0.0181
5,9,5,8,0.6069,0.6803,0.9802,0.5225,0.0372
5,9,5,9,1.0000,1.0000,1.0000,1.0000,0.0000
5,9,5,10,0.4970,0.7056,0.9939,0.3938,0.0210
5,9,5,11,0.6048,0.6871,0.9961,0.5372,0.0176
5,9,6,0,0.5124,0.6431,0.9952,0.4391,0.0249
5,9,6,1,0.5194,0.6300,0.9855,0.4157,0.0369
5,9,6,2,0.4963,0.6464,0.9968,0.3985,0.0197
5,9,6,3,0.5776,0.7216,0.9966,0.5103,0.0151
5,9,6,4,0.5843,0.7279,0.9990,0.5073,0.0109
5,9,6,5,0.7386,0.8003,0.9991,0.6887,0.0195
5,9,6,6,0.7684,0.8200,0.9964,0.7239,0.0177
5,9,6,7,0.6869,0.7493,0.9607,0.6170,0.0447
5,9,6,8,0.5442,0.6922,0.9912,0.4495,0.0195
5,9,6,9,0.5129,0.7382,0.9816,0.4158,0.0184
5,9,6,10,0.5482,0.7015,0.9980,0.4711,0.0110
5,9,6,11,0.4023,0.6406,0.9959,0.2953,0.0099
5,9,7,0,0.6172,0.7403,0.9620,0.5365,0.0297
5,9,7,1,0.5634,0.6384,0.9944,0.4816,0.0196
5,9,7,2,0.7011,0.7972,0.9957,0.6461,0.0095
5,9,7,3,0.6427,0.6943,0.9878,0.5875,0.0206
5,9,7,4,0.5233,0.7467,0.9978,0.4430,0.0090
5,9,7,5,0.6429,0.7216,0.9520,0.5618,0.0443
5,9,7,6,0.6001,0.6494,0.9870,0.5435,0.0301
5,9,7,7,0.5166,0.5929,0.9869,0.4511,0.0346
5,9,7,8,0.4648,0.6334,0.8898,0.3501,0.0274
5,9,7,9,0.5682,0.7110,0.9953,0.4943,0.0126
5,9,7,10,0.7180,0.8701,0.9978,0.6722,0.0151
5,9,7,11,0.5073,0.6086,0.9943,0.4327,0.0210
5,9,8,0,0.6096,0.6906,0.9946,0.5392,0.0155
5,9,8,1,0.6485,0.7259,0.9656,0.5767,0.0268
5,9,8,2,0.6002,0.6393,0.9848,0.5488,0.0401
5,9,8,3,0.6455,0.7273,0.9788,0.5763,0.0179
5,9,8,4,0.5583,0.6774,0.9970,0.4832,0.0197
5,9,8,5,0.6404,0.7023,0.9941,0.5835,0.0175
5,9,8,6,0.5887,0.6604,0.9867,0.5290,0.0292
5,9,8,7,0.5274,0.6564,0.8141,0.3959,0.0680
5,9,8,8,0.6050,0.7246,0.8378,0.5068,0.0597
5,9,8,9,0.7040,0.7560,0.9848,0.6412,0.0348
5,9,8,10,0.6789,0.7460,0.9959,0.6255,0.0166
5,9,8,11,0.5635,0.7058,0.9572,0.4708,0.0358
5,9,9,0,0.6492,0.8057,0.9963,0.5785,0.0185
5,9,9,1,0.5474,0.6709,0.9886,0.4515,0.0233
5,9,9,2,0.5059,0.6421,0.8878,0.3799,0.0451
5,9,9,3,0.5019,0.6787,0.9576,0.4026,0.0189
5,9,9,4,0.5990,0.6923,0.9791,0.5235,0.0154
5,9,9,5,0.6189,0.7230,0.8641,0.5256,0.0550
5,9,9,6,0.5938,0.6701,0.9843,0.5296,0.0196
5,9,9,7,0.5646,0.7155,0.9923,0.4993,0.0207
5,9,9,8,0.4213,0.6960,0.8171,0.2446,0.0658
5,9,9,9,0.5795,0.6357,0.9863,0.5209,0.0344
5,9,9,10,0.6482,0.7430,0.9097,0.5650,0.0594
5,9,9,11,0.4660,0.6400,0.9580,0.3349,0.0381
5,9,10,0,0.3752,0.6095,0.5926,0.1453,0.0752
5,9,10,1,0.3071,0.6999,0.8359,0.1462,0.0347
5,9,10,2,0.3442,0.6619,0.7869,0.1356,0.0600
5,9,10,3,0.4007,0.5681,0.6912,0.2462,0.0439
5,9,10,4,0.3213,0.6047,0.8356,0.1452,0.0416
5,9,10,5,0.3547,0.6302,0.7868,0.1924,0.0379
5,9,10,6,0.2744,0.6662,0.8209,0.0941,0.0412
5,9,10,7,0.4123,0.5822,0.6332,0.2273,0.0630
5,9,10,8,0.5607,0.6175,0.6491,0.4571,0.0400
5,9,10,9,0.3641,0.6758,0.8030,0.1987,0.0493
5,9,10,10,0.2418,0.6146,0.9838,0.0668,0.0361
5,9,10,11,0.3634,0.6274,0.7045,0.1383,0.0719
5,9,11,0,0.4110,0.5475,0.6782,0.2829,0.0337
5,9,11,1,0.4062,0.5329,0.6824,0.2746,0.0336
5,9,11,2,0.5128,0.6343,0.6636,0.3756,0.0590
5,9,11,3,0.4353,0.5452,0.6641,0.3101,0.0345
5,9,11,4,0.4455,0.5587,0.6703,0.3147,0.0382
5,9,11,5,0.4782,0.5606,0.6583,0.3523,0.0409
5,9,11,6,0.4244,0.5693,0.6926,0.2768,0.0447
5,9,11,7,0.4026,0.5377,0.6580,0.2724,0.0326
5,9,11,8,0.4298,0.6387,0.8424,0.2710,0.0545
5,9,11,9,0.4573,0.6607,0.7023,0.2906,0.0640
5,9,11,10,0.4605,0.5894,0.6936,0.3236,0.0430
5,9,11,11,0.3973,0.5274,0.6751,0.2736,0.0292
5,10,0,0,0.4991,0.5669,0.5399,0.2514,0.0802
5,10,0,1,0.2636,0.5802,0.9010,-0.0223,0.0487
5,10,0,2,0.3389,0.6012,0.9951,0.1673,0.0088
5,10,0,3,0.4991,0.7073,0.9874,0.3697,0.0069
5,10,0,4,0.5115,0.6456,0.7713,0.3119,0.0664
5,10,0,5,0.2774,0.5918,0.9203,0.0039,0.0465
5,10,0,6,0.3889,0.5731,0.6389,0.0668,0.0684
5,10,0,7,0.3280,0.5806,0.8942,0.0564,0.0450
5,10,0,8,0.3112,0.6068,0.7290,-0.0387,0.0606
5,10,0,9,0.1997,0.5528,0.9422,-0.1051,0.0435
5,10,0,10,0.2449,0.6172,0.9856,0.0703,0.0088
5,10,0,11,0.3209,0.5492,0.9762,0.0935,0.0361
5,10,1,0,0.2069,0.6005,0.9389,-0.0505,0.0232
5,10,1,1,0.1633,0.5025,0.9866,-0.0343,0.0087
5,10,1,2,0.1718,0.5045,0.9772,-0.0676,0.0281
5,10,1,3,0.2225,0.5116,0.9263,-0.0675,0.0449
5,10,1,4,0.3810,0.5714,0.9786,0.2562,0.0229
5,10,1,5,0.3080,0.5505,0.9617,0.0859,0.0258
5,10,1,6,0.0817,0.2994,0.9690,-0.0639,0.0572
5,10,1,7,0.1625,0.4219,0.9940,-0.0323,0.0177
5,10,1,8,0.3896,0.6077,0.8721,0.1486,0.0420
5,10,1,9,0.2925,0.5318,0.9915,0.0888,0.0219
5,10,1,10,0.2628,0.5162,0.9755,0.0393,0.0326
5,10,1,11,0.2619,0.6211,0.9752,0.0165,0.0261
5,10,2,0,0.0897,0.5063,0.9464,-0.0458,0.0649
5,10,2,1,0.2810,0.5223,0.9847,0.1257,0.0186
5,10,2,2,0.1612,0.4272,0.9954,-0.0188,0.0232
5,10,2,3,0.2743,0.5347,0.9909,0.0775,0.0147
5,10,2,4,0.3227,0.5368,0.9624,0.1001,0.0287
5,10,2,5,0.3080,0.5317,0.9209,0.0510,0.0456
5,10,2,6,0.3081,0.6026,0.9800,0.1026,0.0209
5,10,2,7,0.2189,0.4970,0.9293,-0.0423,0.0417
5,10,2,8,0.3012,0.5605,0.9618,0.0749,0.0317
5,10,2,9,0.0988,0.5094,0.9473,-0.0370,0.0631
5,10,2,10,0.1473,0.4180,0.9929,-0.0626,0.0193
5,10,2,11,0.1860,0.4609,0.9811,-0.0510,0.0338
5,10,3,0,0.6054,0.7213,0.9931,0.5052,0.0228
5,10,3,1,0.6067,0.7071,0.9215,0.4709,0.0412
5,10,3,2,0.5707,0.7793,0.9510,0.4300,0.0332
5,10,3,3,0.5107,0.6330,0.9436,0.3443,0.0315
5,10,3,4,0.4972,0.6395,0.9022,0.3166,0.0446
5,10,3,5,0.4231,0.6255,0.9830,0.3087,0.0257
5,10,3,6,0.6064,0.7044,0.9060,0.4713,0.0347
5,10,3,7,0.4856,0.6349,0.9285,0.3081,0.0321
5,10,3,8,0.5175,0.7021,0.9582,0.3622,0.0308
5,10,3,9,0.1791,0.4531,0.9800,0.0133,0.0216
5,10,3,10,0.4322,0.6265,0.9738,0.2683,0.0163
5,10,3,11,0.4953,0.6780,0.9911,0.3491,0.0229
5,10,4,0,0.7132,0.7681,0.9949,0.6469,0.0107
5,10,4,1,0.5673,0.7014,0.9162,0.4141,0.0444
5,10,4,2,0.6229,0.7086,0.9945,0.5224,0.0254
5,10,4,3,0.6767,0.6583,0.9710,0.6315,0.0523
5,10,4,4,0.6532,0.6830,0.9545,0.5480,0.0320
5,10,4,5,0.5960,0.6870,0.9873,0.5078,0.0137
5,10,4,6,0.8258,0.8868,0.9951,0.7869,0.0160
5,10,4,7,0.8399,0.8222,0.9826,0.8130,0.0324
5,10,4,8,0.7118,0.6922,0.9950,0.6463,0.0197
5,10,4,9,0.7789,0.7958,0.9915,0.7180,0.0207
5,10,4,10,0.8073,0.8424,0.9942,0.7594,0.0168
5,10,4,11,0.6324,0.7271,0.9915,0.5591,0.0230
5,10,5,0,0.6819,0.7301,0.9870,0.6163,0.0196
5,10,5,1,0.7447,0.6997,0.9747,0.7091,0.0491
5,10,5,2,0.7906,0.7834,0.9844,0.7345,0.0251
5,10,5,3,0.7415,0.7951,0.9949,0.6791,0.0186
5,10,5,4,0.7320,0.7718,0.9772,0.6594,0.0204
5,10,5,5,0.7107,0.6836,0.9771,0.6670,0.0478
5,10,5,6,0.7669,0.7242,0.9788,0.7309,0.0410
5,10,5,7,0.6963,0.7159,0.9830,0.6409,0.0291
5,10,5,8,0.6579,0.7025,0.9954,0.5672,0.0264
5,10,5,9,0.4970,0.7056,0.9939,0.3938,0.0210
5,10,5,10,1.0000,1.0000,1.0000,1.0000,0.0000
5,10,5,11,0.7003,0.7052,0.9938,0.6414,0.0252
5,10,6,0,0.6191,0.6806,0.9801,0.5550,0.0382
5,10,6,1,0.6486,0.6929,0.9922,0.5561,0.0247
5,10,6,2,0.6594,0.7254,0.9959,0.5804,0.0167
5,10,6,3,0.8621,0.8413,0.9845,0.8405,0.0314
5,10,6,4,0.7772,0.8309,0.9934,0.7287,0.0143
5,10,6,5,0.6799,0.7804,0.9926,0.6065,0.0090
5,10,6,6,0.6884,0.7628,0.9978,0.6156,0.0097
5,10,6,7,0.7320,0.7813,0.9835,0.6535,0.0275
5,10,6,8,0.7176,0.7544,0.9965,0.6463,0.0095
5,10,6,9,0.8930,0.8897,0.9879,0.8674,0.0099
5,10,6,10,0.7558,0.8598,0.9883,0.7086,0.0246
5,10,6,11,0.7677,0.8266,0.9837,0.7196,0.0216
5,10,7,0,0.7830,0.8148,0.9779,0.7268,0.0167
5,10,7,1,0.6228,0.6652,0.9957,0.5388,0.0173
5,10,7,2,0.7071,0.7437,0.9952,0.6435,0.0162
5,10,7,3,0.7378,0.7135,0.9782,0.6938,0.0391
5,10,7,4,0.8578,0.8815,0.9852,0.8323,0.0249
5,10,7,5,0.7446,0.7609,0.9757,0.6711,0.0265
5,10,7,6,0.6719,0.6559,0.9742,0.6216,0.0493
5,10,7,7,0.6097,0.5944,0.9731,0.5522,0.0537
5,10,7,8,0.5435,0.6287,0.9156,0.4247,0.0087
5,10,7,9,0.8287,0.8361,0.9904,0.7963,0.0256
5,10,7,10,0.5859,0.7060,0.9847,0.5080,0.0287
5,10,7,11,0.6566,0.6889,0.9835,0.5988,0.0394
5,10,8,0,0.7092,0.7431,0.9914,0.6479,0.0176
5,10,8,1,0.7386,0.7304,0.9824,0.6733,0.0254
5,10,8,2,0.6794,0.6457,0.9697,0.6368,0.0592
5,10,8,3,0.7542,0.7361,0.9902,0.6965,0.0134
5,10,8,4,0.7014,0.7277,0.9895,0.6433,0.0278
5,10,8,5,0.6919,0.7132,0.9841,0.6373,0.0333
5,10,8,6,0.7270,0.6914,0.9755,0.6853,0.0469
5,10,8,7,0.6784,0.7263,0.8645,0.5716,0.0510
5,10,8,8,0.8123,0.8319,0.8876,0.7603,0.0429
5,10,8,9,0.7378,0.7594,0.9976,0.6671,0.0215
5,10,8,10,0.7551,0.7688,0.9869,0.7095,0.0261
5,10,8,11,0.7768,0.7846,0.9755,0.7188,0.0186
5,10,9,0,0.7224,0.8038,0.9994,0.6543,0.0057
5,10,9,1,0.6694,0.7412,0.9947,0.5838,0.0064
5,10,9,2,0.5770,0.7026,0.9267,0.4420,0.0265
5,10,9,3,0.6302,0.7043,0.9714,0.5415,0.0152
5,10,9,4,0.7139,0.7381,0.9853,0.6500,0.0174
5,10,9,5,0.6899,0.7908,0.9108,0.5907,0.0411
5,10,9,6,0.6855,0.6848,0.9775,0.6298,0.0367
5,10,9,7,0.7073,0.7225,0.9790,0.6597,0.0382
5,10,9,8,0.5139,0.6886,0.8702,0.3305,0.0478
5,10,9,9,0.6797,0.6580,0.9734,0.6322,0.0531
5,10,9,10,0.5484,0.7310,0.9479,0.3909,0.0415
5,10,9,11,0.5395,0.7005,0.9798,0.4000,0.0195
5,10,10,0,0.5269,0.6809,0.6716,0.3275,0.0588
5,10,10,1,0.3445,0.6482,0.8631,0.1605,0.0171
5,10,10,2,0.4458,0.6667,0.8333,0.2314,0.0413
5,10,10,3,0.4407,0.5351,0.7396,0.2632,0.0248
5,10,10,4,0.4221,0.6199,0.8721,0.2401,0.0222
5,10,10,5,0.3756,0.6026,0.8230,0.1836,0.0176
5,10,10,6,0.3229,0.6375,0.8511,0.1194,0.0204
5,10,10,7,0.4570,0.5630,0.6988,0.2413,0.0424
5,10,10,8,0.6085,0.5805,0.7047,0.4925,0.0219
5,10,10,9,0.4255,0.6331,0.8426,0.2427,0.0282
5,10,10,10,0.2938,0.6462,0.9966,0.0976,0.0159
5,10,10,11,0.4503,0.6485,0.7722,0.2125,0.0541
5,10,11,0,0.4393,0.4841,0.7115,0.2917,0.0249
5,10,11,1,0.4500,0.4835,0.7188,0.3022,0.0249
5,10,11,2,0.4970,0.5836,0.7270,0.3079,0.0427
5,10,11,3,0.4712,0.4930,0.7014,0.3285,0.0222
5,10,11,4,0.4700,0.4918,0.7116,0.3165,0.0238
5,10,11,5,0.5239,0.5232,0.7072,0.3818,0.0245
5,10,11,6,0.4520,0.5219,0.7358,0.2781,0.0252
5,10,11,7,0.4427,0.4751,0.6937,0.2957,0.0251
5,10,11,8,0.5043,0.6615,0.8861,0.3331,0.0356
5,10,11,9,0.4699,0.6343,0.7635,0.2577,0.0471
5,10,11,10,0.4683,0.5254,0.7394,0.3000,0.0226
5,10,11,11,0.4260,0.4688,0.7049,0.2844,0.0275
5,11,0,0,0.4776,0.5123,0.4631,0.3278,0.0905
5,11,0,1,0.2591,0.5267,0.8565,0.0297,0.0606
5,11,0,2,0.1396,0.3689,0.9820,-0.0435,0.0316
5,11,0,3,0.1033,0.4230,0.9718,-0.0871,0.0284
5,11,0,4,0.4084,0.5334,0.7095,0.2159,0.0758
5,11,0,5,0.2600,0.5691,0.8853,0.0360,0.0614
5,11,0,6,0.3169,0.5127,0.5657,0.0299,0.0808
5,11,0,7,0.3439,0.5331,0.8459,0.1384,0.0598
5,11,0,8,0.3229,0.5377,0.6617,0.0628,0.0746
5,11,0,9,0.2062,0.4434,0.9065,-0.0369,0.0531
5,11,0,10,0.3067,0.5919,0.9753,0.1750,0.0189
5,11,0,11,0.2411,0.4757,0.9509,0.0350,0.0516
5,11,1,0,0.2171,0.5750,0.9172,0.0114,0.0471
5,11,1,1,0.1663,0.4282,0.9844,0.0044,0.0209
5,11,1,2,0.1709,0.4140,0.9526,-0.0248,0.0371
5,11,1,3,0.2044,0.4193,0.8888,-0.0352,0.0566
5,11,1,4,0.0813,0.3153,0.9814,-0.0728,0.0086
5,11,1,5,0.3346,0.4738,0.9428,0.1642,0.0417
5,11,1,6,0.0505,0.2121,0.9881,-0.0742,0.0339
5,11,1,7,0.1446,0.3511,0.9955,-0.0191,0.0174
5,11,1,8,0.4341,0.5649,0.8305,0.2675,0.0593
5,11,1,9,0.3208,0.4500,0.9845,0.1628,0.0331
5,11,1,10,0.1845,0.3693,0.9481,-0.0173,0.0426
5,11,1,11,0.3148,0.4837,0.9509,0.1334,0.0449
5,11,2,0,0.1695,0.4783,0.9509,0.0674,0.0416
5,11,2,1,0.1522,0.3465,0.9911,0.0010,0.0111
5,11,2,2,0.1411,0.2985,0.9992,-0.0109,0.0095
5,11,2,3,0.2916,0.4619,0.9843,0.1353,0.0297
5,11,2,4,0.2933,0.4707,0.9367,0.1067,0.0434
5,11,2,5,0.2635,0.4548,0.8852,0.0439,0.0564
5,11,2,6,0.3738,0.4666,0.9625,0.2250,0.0391
5,11,2,7,0.1934,0.4076,0.8931,-0.0256,0.0509
5,11,2,8,0.3633,0.5165,0.9338,0.2000,0.0489
5,11,2,9,0.1789,0.4842,0.9517,0.0767,0.0397
5,11,2,10,0.1500,0.3293,0.9850,-0.0218,0.0213
5,11,2,11,0.1795,0.3659,0.9624,-0.0154,0.0436
5,11,3,0,0.7237,0.7429,0.9977,0.6689,0.0441
5,11,3,1,0.6160,0.7161,0.8887,0.5246,0.0560
5,11,3,2,0.6027,0.6611,0.9198,0.5082,0.0495
5,11,3,3,0.6419,0.7115,0.9170,0.5597,0.0514
5,11,3,4,0.5582,0.5822,0.8588,0.4454,0.0591
5,11,3,5,0.0769,0.3616,0.9838,-0.0758,0.0151
5,11,3,6,0.7184,0.7503,0.8754,0.6645,0.0567
5,11,3,7,0.5230,0.6056,0.9000,0.4004,0.0516
5,11,3,8,0.4397,0.5647,0.9335,0.2973,0.0469
5,11,3,9,0.2211,0.3736,0.9850,0.0910,0.0114
5,11,3,10,0.5148,0.6235,0.9550,0.4049,0.0378
5,11,3,11,0.2928,0.4802,0.9779,0.1260,0.0398
5,11,4,0,0.8224,0.8364,0.9963,0.7895,0.0171
5,11,4,1,0.6834,0.7578,0.8731,0.6176,0.0559
5,11,4,2,0.7985,0.8374,0.9848,0.7594,0.0303
5,11,4,3,0.8981,0.8535,0.9896,0.8867,0.0298
5,11,4,4,0.7001,0.7159,0.9211,0.6359,0.0487
5,11,4,5,0.7917,0.8008,0.9925,0.7543,0.0146
5,11,4,6,0.7791,0.7957,0.9956,0.7385,0.0156
5,11,4,7,0.8008,0.7501,0.9898,0.7691,0.0121
5,11,4,8,0.9341,0.9049,0.9944,0.9227,0.0137
5,11,4,9,0.8778,0.8656,0.9827,0.8580,0.0313
5,11,4,10,0.7319,0.7132,0.9926,0.6795,0.0276
5,11,4,11,0.8246,0.8438,0.9984,0.7950,0.0133
5,11,5,0,0.8196,0.7998,0.9952,0.7884,0.0068
5,11,5,1,0.8848,0.8272,0.9905,0.8705,0.0259
5,11,5,2,0.8304,0.7931,0.9680,0.7987,0.0320
5,11,5,3,0.7635,0.7687,0.9940,0.7182,0.0213
5,11,5,4,0.8415,0.8371,0.9680,0.8124,0.0294
5,11,5,5,0.9241,0.8743,0.9932,0.9147,0.0249
5,11,5,6,0.8177,0.7666,0.9910,0.7915,0.0204
5,11,5,7,0.8639,0.8556,0.9962,0.8424,0.0074
5,11,5,8,0.8957,0.8789,0.9793,0.8786,0.0321
5,11,5,9,0.6048,0.6871,0.9961,0.5372,0.0176
5,11,5,10,0.7003,0.7052,0.9938,0.6414,0.0252
5,11,5,11,1.0000,1.0000,1.0000,1.0000,0.0000
5,11,6,0,0.8049,0.8423,0.9920,0.7766,0.0133
5,11,6,1,0.8063,0.8282,0.9829,0.7690,0.0318
5,11,6,2,0.6503,0.6840,0.9992,0.5842,0.0173
5,11,6,3,0.8078,0.7732,0.9938,0.7779,0.0138
5,11,6,4,0.8438,0.8113,0.9941,0.8157,0.0145
5,11,6,5,0.7734,0.8334,0.9926,0.7313,0.0199
5,11,6,6,0.8345,0.8379,0.9965,0.8038,0.0198
5,11,6,7,0.7945,0.7993,0.9612,0.7561,0.0402
5,11,6,8,0.8674,0.8411,0.9966,0.8432,0.0239
5,11,6,9,0.5941,0.6544,0.9928,0.5152,0.0236
5,11,6,10,0.7935,0.7854,0.9948,0.7589,0.0089
5,11,6,11,0.5750,0.6525,0.9855,0.5003,0.0223
5,11,7,0,0.7464,0.7659,0.9782,0.6960,0.0287
5,11,7,1,0.8970,0.8922,0.9977,0.8786,0.0152
5,11,7,2,0.9056,0.8721,0.9986,0.8888,0.0123
5,11,7,3,0.8923,0.8440,0.9934,0.8763,0.0170
5,11,7,4,0.7038,0.7148,0.9910,0.6547,0.0138
5,11,7,5,0.7673,0.7734,0.9575,0.7211,0.0410
5,11,7,6,0.8926,0.8551,0.9909,0.8788,0.0253
5,11,7,7,0.8071,0.8101,0.9894,0.7830,0.0305
5,11,7,8,0.7221,0.8135,0.9081,0.6663,0.0295
5,11,7,9,0.7287,0.7043,0.9981,0.6830,0.0097
5,11,7,10,0.7060,0.7062,0.9905,0.6589,0.0118
5,11,7,11,0.8147,0.8520,0.9958,0.7876,0.0186
5,11,8,0,0.9313,0.9146,0.9993,0.9194,0.0096
5,11,8,1,0.8909,0.8561,0.9789,0.8716,0.0233
5,11,8,2,0.8910,0.8307,0.9885,0.8796,0.0353
5,11,8,3,0.8646,0.8283,0.9847,0.8398,0.0165
5,11,8,4,0.8573,0.8450,0.9984,0.8335,0.0078
5,11,8,5,0.9100,0.8642,0.9972,0.8962,0.0108
5,11,8,6,0.8994,0.8592,0.9924,0.8860,0.0233
5,11,8,7,0.6299,0.6677,0.8144,0.5446,0.0645
5,11,8,8,0.7123,0.7313,0.8475,0.6541,0.0566
5,11,8,9,0.8569,0.8608,0.9870,0.8313,0.0328
5,11,8,10,0.8719,0.8528,0.9979,0.8509,0.0047
5,11,8,11,0.7862,0.8291,0.9728,0.7445,0.0317
5,11,9,0,0.8428,0.8736,0.9943,0.8135,0.0247
5,11,9,1,0.8360,0.8237,0.9946,0.8052,0.0287
5,11,9,2,0.7189,0.7568,0.9024,0.6606,0.0457
5,11,9,3,0.7970,0.8574,0.9747,0.7586,0.0190
5,11,9,4,0.8990,0.8802,0.9924,0.8809,0.0119
5,11,9,5,0.8161,0.8480,0.8750,0.7931,0.0494
5,11,9,6,0.8885,0.8495,0.9931,0.8715,0.0163
5,11,9,7,0.9048,0.8900,0.9942,0.8915,0.0180
5,11,9,8,0.6321,0.7294,0.8201,0.5481,0.0627
5,11,9,9,0.8928,0.8439,0.9910,0.8795,0.0297
5,11,9,10,0.7235,0.8403,0.9194,0.6707,0.0562
5,11,9,11,0.6652,0.7568,0.9687,0.5917,0.0414
5,11,10,0,0.4527,0.5453,0.6110,0.2763,0.0716
5,11,10,1,0.4285,0.6820,0.8449,0.3002,0.0409
5,11,10,2,0.4685,0.6590,0.7962,0.3165,0.0601
5,11,10,3,0.6170,0.6067,0.7182,0.5288,0.0493
5,11,10,4,0.4889,0.6343,0.8606,0.3644,0.0450
5,11,10,5,0.4480,0.7183,0.8027,0.3148,0.0403
5,11,10,6,0.4034,0.7087,0.8341,0.2609,0.0446
5,11,10,7,0.5514,0.6343,0.6594,0.4330,0.0628
5,11,10,8,0.7219,0.6381,0.6778,0.6639,0.0460
5,11,10,9,0.5044,0.6465,0.8156,0.3835,0.0516
5,11,10,10,0.3171,0.4932,0.9822,0.1634,0.0381
5,11,10,11,0.3963,0.6345,0.7179,0.1949,0.0683
5,11,11,0,0.5937,0.6407,0.7070,0.5089,0.0417
5,11,11,1,0.5989,0.6152,0.7126,0.5142,0.0424
5,11,11,2,0.5903,0.6316,0.6932,0.4889,0.0563
5,11,11,3,0.6269,0.6316,0.6954,0.5484,0.0426
5,11,11,4,0.6172,0.6312,0.7007,0.5328,0.0455
5,11,11,5,0.6747,0.6400,0.6908,0.6041,0.0484
5,11,11,6,0.5756,0.6330,0.7230,0.4753,0.0498
5,11,11,7,0.5870,0.6194,0.6857,0.5007,0.0413
5,11,11,8,0.5286,0.6184,0.8570,0.4076,0.0522
5,11,11,9,0.5077,0.6276,0.7235,0.3691,0.0606
5,11,11,10,0.6056,0.6565,0.7202,0.5141,0.0471
5,11,11,11,0.5813,0.6274,0.7025,0.4980,0.0428
6,0,0,0,0.3691,0.4246,0.3698,0.1536,0.0997
6,0,0,1,0.2231,0.4447,0.8113,0.0126,0.0712
6,0,0,2,0.0809,0.2827,0.9695,-0.0922,0.0441
6,0,0,3,0.0670,0.2955,0.9514,-0.1083,0.0413
6,0,0,4,0.3647,0.4711,0.6390,0.1871,0.0847
6,0,0,5,0.2167,0.5051,0.8437,0.0085,0.0716
6,0,0,6,0.3203,0.4321,0.4806,0.0876,0.0904
6,0,0,7,0.2500,0.4900,0.8019,0.0394,0.0722
6,0,0,8,0.2297,0.4576,0.5854,-0.0422,0.0845
6,0,0,9,0.1948,0.3677,0.8697,-0.0202,0.0627
6,0,0,10,0.1349,0.4127,0.9718,-0.0106,0.0318
6,0,0,11,0.1493,0.3818,0.9316,-0.0562,0.0631
6,0,1,0,0.1920,0.5667,0.8763,0.0058,0.0603
6,0,1,1,0.0812,0.3151,0.9888,-0.0768,0.0330
6,0,1,2,0.0963,0.3569,0.9319,-0.0928,0.0484
6,0,1,3,0.1568,0.3691,0.8420,-0.0675,0.0658
6,0,1,4,0.0448,0.2503,0.9933,-0.0971,0.0175
6,0,1,5,0.3240,0.4368,0.8994,0.1745,0.0543
6,0,1,6,0.0120,0.1864,0.9950,-0.1032,0.0231
6,0,1,7,0.1099,0.3079,0.9790,-0.0407,0.0289
6,0,1,8,0.4070,0.5246,0.7656,0.2597,0.0721
6,0,1,9,0.3279,0.4316,0.9599,0.1925,0.0459
6,0,1,10,0.1189,0.3039,0.9169,-0.0741,0.0530
6,0,1,11,0.2759,0.3770,0.9357,0.1087,0.0583
6,0,2,0,0.0251,0.3315,0.9763,-0.0819,0.0304
6,0,2,1,0.1306,0.2991,0.9948,-0.0065,0.0237
6,0,2,2,0.1084,0.2642,0.9914,-0.0313,0.0209
6,0,2,3,0.2991,0.4472,0.9591,0.1644,0.0427
6,0,2,4,0.2335,0.3983,0.8950,0.0555,0.0560
6,0,2,5,0.2411,0.3887,0.8328,0.0441,0.0659
6,0,2,6,0.3406,0.3785,0.9515,0.2046,0.0517
6,0,2,7,0.1480,0.3538,0.8431,-0.0562,0.0601
6,0,2,8,0.3035,0.4455,0.9028,0.1474,0.0609
6,0,2,9,0.0257,0.3364,0.9768,-0.0826,0.0285
6,0,2,10,0.0783,0.2907,0.9702,-0.0867,0.0336
6,0,2,11,0.1187,0.3306,0.9374,-0.0665,0.0529
6,0,3,0,0.7259,0.7743,0.9859,0.6817,0.0518
6,0,3,1,0.4767,0.6680,0.8345,0.3597,0.0682
6,0,3,2,0.6275,0.6642,0.8776,0.5607,0.0617
6,0,3,3,0.4399,0.5645,0.8673,0.3150,0.0641
6,0,3,4,0.5563,0.6030,0.8079,0.4673,0.0688
6,0,3,5,0.0754,0.2873,0.9912,-0.0600,0.0212
6,0,3,6,0.7308,0.7466,0.8136,0.7021,0.0699
6,0,3,7,0.5046,0.5592,0.8465,0.3996,0.0644
6,0,3,8,0.4308,0.5354,0.8974,0.3083,0.0595
6,0,3,9,0.1495,0.3190,0.9946,0.0239,0.0168
6,0,3,10,0.3207,0.4928,0.9493,0.1829,0.0507
6,0,3,11,0.2632,0.4385,0.9481,0.1113,0.0523
6,0,4,0,0.7820,0.8519,0.9806,0.7486,0.0299
6,0,4,1,0.7729,0.7842,0.8294,0.7615,0.0660
6,0,4,2,0.9354,0.9377,0.9596,0.9346,0.0395
6,0,4,3,0.9392,0.9385,0.9900,0.9323,0.0192
6,0,4,4,0.5082,0.6361,0.8944,0.4097,0.0596
6,0,4,5,0.5880,0.6855,0.9835,0.5235,0.0274
6,0,4,6,0.7078,0.7746,0.9880,0.6621,0.0280
6,0,4,7,0.7914,0.8255,0.9987,0.7622,0.0168
6,0,4,8,0.8435,0.8942,0.9798,0.8207,0.0261
6,0,4,9,0.8407,0.8872,0.9548,0.8221,0.0422
6,0,4,10,0.7461,0.7917,0.9787,0.7058,0.0396
6,0,4,11,0.8822,0.8801,0.9945,0.8655,0.0213
6,0,5,0,0.7753,0.8239,0.9855,0.7419,0.0197
6,0,5,1,0.9143,0.9207,0.9961,0.9038,0.0166
6,0,5,2,0.7651,0.8395,0.9347,0.7291,0.0416
6,0,5,3,0.8614,0.8791,0.9803,0.8425,0.0320
6,0,5,4,0.9127,0.9140,0.9296,0.9085,0.0414
6,0,5,5,0.9161,0.9178,0.9929,0.9055,0.0175
6,0,5,6,0.8656,0.8949,0.9983,0.8479,0.0156
6,0,5,7,0.8746,0.8978,0.9958,0.8572,0.0117
6,0,5,8,0.7834,0.8051,0.9577,0.7510,0.0439
6,0,5,9,0.5124,0.6431,0.9952,0.4391,0.0249
6,0,5,10,0.6191,0.6806,0.9801,0.5550,0.0382
6,0,5,11,0.8049,0.8423,0.9920,0.7766,0.0133
6,0,6,0,1.0000,1.0000,1.0000,1.0000,0.0000
6,0,6,1,0.8395,0.8096,0.9701,0.8183,0.0420
6,0,6,2,0.8312,0.8477,0.9896,0.8064,0.0293
6,0,6,3,0.8024,0.8470,0.9993,0.7750,0.0150
6,0,6,4,0.8811,0.8831,0.9939,0.8644,0.0267
6,0,6,5,0.8079,0.8483,0.9942,0.7790,0.0320
6,0,6,6,0.7879,0.8142,0.9880,0.7555,0.0325
6,0,6,7,0.8083,0.8376,0.9321,0.7867,0.0513
6,0,6,8,0.8522,0.8779,0.9799,0.8324,0.0368
6,0,6,9,0.6109,0.7371,0.9756,0.5465,0.0355
6,0,6,10,0.8312,0.8540,0.9980,0.8069,0.0182
6,0,6,11,0.5988,0.6396,0.9923,0.5374,0.0288
6,0,7,0,0.7702,0.8271,0.9455,0.7348,0.0416
6,0,7,1,0.8061,0.8035,0.9880,0.7770,0.0277
6,0,7,2,0.8853,0.8980,0.9880,0.8693,0.0249
6,0,7,3,0.8982,0.9130,0.9927,0.8844,0.0172
6,0,7,4,0.6787,0.7463,0.9980,0.6320,0.0205
6,0,7,5,0.6263,0.7323,0.9238,0.5591,0.0509
6,0,7,6,0.9322,0.9321,0.9940,0.9238,0.0180
6,0,7,7,0.9309,0.9162,0.9918,0.9229,0.0209
6,0,7,8,0.5727,0.7340,0.8594,0.4977,0.0424
6,0,7,9,0.7601,0.8220,0.9941,0.7251,0.0194
6,0,7,10,0.6460,0.7052,0.9978,0.5959,0.0168
6,0,7,11,0.8769,0.8743,0.9958,0.8606,0.0150
6,0,8,0,0.8515,0.8970,0.9926,0.8299,0.0223
6,0,8,1,0.8673,0.8891,0.9471,0.8502,0.0351
6,0,8,2,0.9149,0.9144,0.9937,0.9056,0.0247
6,0,8,3,0.8087,0.8582,0.9632,0.7799,0.0298
6,0,8,4,0.9636,0.9592,0.9965,0.9590,0.0173
6,0,8,5,0.9057,0.9303,0.9968,0.8927,0.0132
6,0,8,6,0.8941,0.9115,0.9930,0.8805,0.0178
6,0,8,7,0.6468,0.6315,0.7579,0.5936,0.0756
6,0,8,8,0.6332,0.6969,0.7864,0.5692,0.0670
6,0,8,9,0.6478,0.7675,0.9667,0.5869,0.0460
6,0,8,10,0.7947,0.8498,0.9971,0.7654,0.0121
6,0,8,11,0.5971,0.7406,0.9370,0.5269,0.0443
6,0,9,0,0.7983,0.8205,0.9838,0.7679,0.0372
6,0,9,1,0.7382,0.8291,0.9768,0.6964,0.0415
6,0,9,2,0.5788,0.7122,0.8461,0.4978,0.0573
6,0,9,3,0.8192,0.8726,0.9425,0.7925,0.0318
6,0,9,4,0.8862,0.9084,0.9710,0.8705,0.0243
6,0,9,5,0.6646,0.7728,0.8163,0.6105,0.0600
6,0,9,6,0.8917,0.9238,0.9874,0.8768,0.0174
6,0,9,7,0.8111,0.8564,0.9981,0.7861,0.0127
6,0,9,8,0.5744,0.6272,0.7588,0.4933,0.0729
6,0,9,9,0.9072,0.9205,0.9936,0.8958,0.0218
6,0,9,10,0.6593,0.7560,0.8725,0.6051,0.0667
6,0,9,11,0.7479,0.8279,0.9326,0.7111,0.0544
6,0,10,0,0.3994,0.4548,0.5174,0.2323,0.0821
6,0,10,1,0.3353,0.6220,0.7953,0.2044,0.0531
6,0,10,2,0.3434,0.6176,0.7306,0.1714,0.0728
6,0,10,3,0.6270,0.6174,0.6417,0.5595,0.0622
6,0,10,4,0.4494,0.5320,0.7978,0.3348,0.0581
6,0,10,5,0.3610,0.6201,0.7413,0.2259,0.0523
6,0,10,6,0.2865,0.5929,0.7796,0.1358,0.0569
6,0,10,7,0.5631,0.6069,0.5686,0.4786,0.0755
6,0,10,8,0.6909,0.6592,0.5969,0.6395,0.0589
6,0,10,9,0.4265,0.5692,0.7543,0.3048,0.0647
6,0,10,10,0.3026,0.4079,0.9622,0.1658,0.0510
6,0,10,11,0.2735,0.5174,0.6375,0.0470,0.0790
6,0,11,0,0.5614,0.6010,0.6415,0.4835,0.0530
6,0,11,1,0.6150,0.6020,0.6445,0.5474,0.0550
6,0,11,2,0.5435,0.5361,0.6037,0.4500,0.0684
6,0,11,3,0.6187,0.5879,0.6258,0.5518,0.0551
6,0,11,4,0.6224,0.5883,0.6282,0.5546,0.0581
6,0,11,5,0.6690,0.5816,0.6110,0.6123,0.0610
6,0,11,6,0.5833,0.6081,0.6481,0.5040,0.0626
6,0,11,7,0.5540,0.6094,0.6187,0.4746,0.0519
6,0,11,8,0.4688,0.4775,0.7940,0.3520,0.0636
6,0,11,9,0.4686,0.5336,0.6400,0.3438,0.0732
6,0,11,10,0.5599,0.5647,0.6455,0.4744,0.0605
6,0,11,11,0.5584,0.6080,0.6408,0.4830,0.0494
6,1,0,0,0.4718,0.6025,0.5747,0.1412,0.0608
6,1,0,1,0.3286,0.5941,0.9211,0.0511,0.0297
6,1,0,2,0.1615,0.4092,0.9870,-0.0702,0.0266
6,1,0,3,0.1638,0.4285,0.9665,-0.0664,0.0239
6,1,0,4,0.5144,0.6505,0.8003,0.2953,0.0465
6,1,0,5,0.2827,0.6029,0.9371,-0.0086,0.0299
6,1,0,6,0.4621,0.5868,0.6690,0.1697,0.0490
6,1,0,7,0.2934,0.6289,0.9169,-0.0163,0.0308
6,1,0,8,0.3434,0.5889,0.7550,-0.0133,0.0428
6,1,0,9,0.2415,0.5058,0.9584,-0.0665,0.0237
6,1,0,10,0.2112,0.5305,0.9690,0.0172,0.0248
6,1,0,11,0.2480,0.4891,0.9856,-0.0228,0.0213
6,1,1,0,0.2427,0.5915,0.9392,-0.0196,0.0231
6,1,1,1,0.1337,0.4291,0.9861,-0.0841,0.0241
6,1,1,2,0.1784,0.4776,0.9831,-0.0748,0.0098
6,1,1,3,0.2367,0.5088,0.9449,-0.0679,0.0254
6,1,1,4,0.0945,0.3508,0.9739,-0.1013,0.0338
6,1,1,5,0.3351,0.5422,0.9672,0.1068,0.0140
6,1,1,6,0.0682,0.2671,0.9498,-0.0890,0.0646
6,1,1,7,0.1678,0.4121,0.9903,-0.0381,0.0222
6,1,1,8,0.4088,0.6233,0.8893,0.1573,0.0298
6,1,1,9,0.3561,0.5151,0.9931,0.1582,0.0124
6,1,1,10,0.2171,0.4473,0.9789,-0.0366,0.0127
6,1,1,11,0.2565,0.4878,0.9856,-0.0081,0.0180
6,1,2,0,0.0598,0.4423,0.9426,-0.0896,0.0720
6,1,2,1,0.1695,0.3956,0.9813,-0.0215,0.0322
6,1,2,2,0.1704,0.3769,0.9888,-0.0189,0.0271
6,1,2,3,0.3186,0.5221,0.9913,0.1216,0.0157
6,1,2,4,0.2954,0.5194,0.9692,0.0470,0.0155
6,1,2,5,0.3135,0.5197,0.9368,0.0398,0.0255
6,1,2,6,0.3365,0.4823,0.9829,0.1260,0.0161
6,1,2,7,0.2448,0.4910,0.9412,-0.0249,0.0221
6,1,2,8,0.3352,0.5722,0.9783,0.1050,0.0214
6,1,2,9,0.0606,0.4469,0.9437,-0.0905,0.0701
6,1,2,10,0.1490,0.4087,0.9888,-0.0740,0.0219
6,1,2,11,0.1889,0.4616,0.9928,-0.0629,0.0132
6,1,3,0,0.6062,0.7070,0.9893,0.4998,0.0447
6,1,3,1,0.5149,0.7579,0.9340,0.3249,0.0270
6,1,3,2,0.5885,0.7054,0.9623,0.4423,0.0223
6,1,3,3,0.5719,0.6795,0.9486,0.4157,0.0285
6,1,3,4,0.4909,0.6642,0.9232,0.2917,0.0276
6,1,3,5,0.1164,0.3667,0.9763,-0.0718,0.0413
6,1,3,6,0.7048,0.7777,0.9153,0.5984,0.0297
6,1,3,7,0.5608,0.6640,0.9384,0.3988,0.0235
6,1,3,8,0.4427,0.6177,0.9666,0.2478,0.0187
6,1,3,9,0.1582,0.3794,0.9771,-0.0226,0.0369
6,1,3,10,0.4305,0.6200,0.9848,0.2546,0.0200
6,1,3,11,0.2939,0.5106,0.9847,0.0742,0.0182
6,1,4,0,0.7555,0.8262,0.9901,0.6963,0.0228
6,1,4,1,0.8393,0.8672,0.9361,0.7920,0.0244
6,1,4,2,0.8739,0.8634,0.9876,0.8379,0.0113
6,1,4,3,0.7842,0.7461,0.9472,0.7595,0.0610
6,1,4,4,0.6889,0.7641,0.9720,0.5868,0.0199
6,1,4,5,0.7097,0.7605,0.9751,0.6439,0.0261
6,1,4,6,0.7218,0.7949,0.9936,0.6562,0.0214
6,1,4,7,0.7132,0.7045,0.9750,0.6599,0.0414
6,1,4,8,0.8704,0.8737,0.9804,0.8405,0.0204
6,1,4,9,0.8393,0.8458,0.9892,0.7915,0.0136
6,1,4,10,0.7957,0.8285,0.9964,0.7419,0.0117
6,1,4,11,0.8119,0.8060,0.9831,0.7755,0.0392
6,1,5,0,0.8036,0.7913,0.9721,0.7631,0.0306
6,1,5,1,0.7715,0.7289,0.9558,0.7416,0.0575
6,1,5,2,0.7837,0.7948,0.9790,0.7213,0.0102
6,1,5,3,0.8537,0.8536,0.9956,0.8167,0.0124
6,1,5,4,0.8469,0.8277,0.9669,0.8024,0.0123
6,1,5,5,0.7961,0.7608,0.9565,0.7693,0.0558
6,1,5,6,0.7152,0.6999,0.9632,0.6690,0.0522
6,1,5,7,0.8486,0.8222,0.9682,0.8244,0.0356
6,1,5,8,0.8977,0.8972,0.9919,0.8687,0.0094
6,1,5,9,0.5194,0.6300,0.9855,0.4157,0.0369
6,1,5,10,0.6486,0.6929,0.9922,0.5561,0.0247
6,1,5,11,0.8063,0.8282,0.9829,0.7690,0.0318
6,1,6,0,0.8395,0.8096,0.9701,0.8183,0.0420
6,1,6,1,1.0000,1.0000,1.0000,1.0000,0.0000
6,1,6,2,0.7042,0.6782,0.9867,0.6320,0.0192
6,1,6,3,0.6983,0.7085,0.9727,0.6432,0.0446
6,1,6,4,0.8095,0.7957,0.9902,0.7670,0.0274
6,1,6,5,0.8141,0.8134,0.9859,0.7699,0.0221
6,1,6,6,0.8056,0.7956,0.9859,0.7583,0.0228
6,1,6,7,0.8183,0.8137,0.9881,0.7611,0.0116
6,1,6,8,0.7854,0.8194,0.9898,0.7278,0.0244
6,1,6,9,0.5146,0.6355,0.9739,0.3910,0.0218
6,1,6,10,0.7491,0.7807,0.9833,0.6991,0.0370
6,1,6,11,0.5694,0.6318,0.9792,0.4739,0.0394
6,1,7,0,0.7570,0.7816,0.9706,0.6897,0.0104
6,1,7,1,0.9013,0.9033,0.9903,0.8800,0.0218
6,1,7,2,0.7976,0.8036,0.9834,0.7527,0.0317
6,1,7,3,0.7687,0.7404,0.9581,0.7307,0.0475
6,1,7,4,0.6404,0.7032,0.9793,0.5675,0.0406
6,1,7,5,0.7713,0.8382,0.9854,0.6997,0.0105
6,1,7,6,0.7907,0.7484,0.9536,0.7633,0.0564
6,1,7,7,0.7649,0.7083,0.9494,0.7360,0.0621
6,1,7,8,0.6695,0.7410,0.8862,0.5778,0.0211
6,1,7,9,0.6445,0.6662,0.9749,0.5709,0.0372
6,1,7,10,0.6728,0.6950,0.9756,0.6103,0.0419
6,1,7,11,0.7872,0.7598,0.9672,0.7548,0.0499
6,1,8,0,0.8315,0.8548,0.9784,0.7961,0.0297
6,1,8,1,0.7635,0.7718,0.9622,0.7007,0.0238
6,1,8,2,0.7532,0.7157,0.9487,0.7248,0.0664
6,1,8,3,0.7570,0.7717,0.9666,0.6971,0.0212
6,1,8,4,0.8574,0.8519,0.9821,0.8319,0.0349
6,1,8,5,0.8200,0.8379,0.9706,0.7911,0.0423
6,1,8,6,0.7571,0.7419,0.9558,0.7214,0.0543
6,1,8,7,0.8084,0.8251,0.8891,0.7496,0.0330
6,1,8,8,0.7418,0.7820,0.9039,0.6523,0.0249
6,1,8,9,0.7192,0.7893,0.9936,0.6378,0.0130
6,1,8,10,0.7850,0.7919,0.9732,0.7451,0.0335
6,1,8,11,0.6567,0.7659,0.9627,0.5615,0.0120
6,1,9,0,0.7787,0.7917,0.9911,0.7213,0.0248
6,1,9,1,0.7493,0.8261,0.9910,0.6802,0.0233
6,1,9,2,0.7166,0.7905,0.9246,0.6210,0.0166
6,1,9,3,0.6721,0.7788,0.9486,0.5890,0.0235
6,1,9,4,0.8124,0.8126,0.9694,0.7693,0.0263
6,1,9,5,0.7446,0.8628,0.9204,0.6564,0.0213
6,1,9,6,0.7392,0.7420,0.9551,0.6933,0.0443
6,1,9,7,0.7441,0.7623,0.9652,0.7035,0.0495
6,1,9,8,0.5896,0.7200,0.8808,0.4255,0.0309
6,1,9,9,0.7495,0.7334,0.9530,0.7152,0.0602
6,1,9,10,0.7486,0.8639,0.9570,0.6613,0.0251
6,1,9,11,0.6353,0.7677,0.9766,0.5170,0.0207
6,1,10,0,0.4778,0.6018,0.6853,0.2210,0.0401
6,1,10,1,0.3793,0.6104,0.8365,0.1934,0.0310
6,1,10,2,0.4247,0.6538,0.8306,0.1814,0.0314
6,1,10,3,0.5910,0.5631,0.6967,0.4530,0.0284
6,1,10,4,0.5085,0.6349,0.8528,0.3430,0.0263
6,1,10,5,0.3891,0.6188,0.7955,0.1880,0.0209
6,1,10,6,0.3527,0.6407,0.8254,0.1448,0.0270
6,1,10,7,0.5536,0.6057,0.6846,0.3677,0.0344
6,1,10,8,0.6029,0.5860,0.6509,0.4761,0.0352
6,1,10,9,0.4161,0.5779,0.8160,0.2164,0.0343
6,1,10,10,0.2933,0.5037,0.9911,0.0839,0.0226
6,1,10,11,0.4098,0.6655,0.7896,0.1242,0.0370
6,1,11,0,0.5131,0.5478,0.6574,0.3765,0.0439
6,1,11,1,0.5454,0.5292,0.6643,0.4151,0.0441
6,1,11,2,0.5963,0.5945,0.7054,0.4369,0.0277
6,1,11,3,0.5623,0.5370,0.6463,0.4362,0.0421
6,1,11,4,0.5703,0.5404,0.6599,0.4372,0.0373
6,1,11,5,0.6205,0.5564,0.6618,0.4992,0.0374
6,1,11,6,0.5409,0.5614,0.6984,0.3851,0.0309
6,1,11,7,0.5110,0.5297,0.6369,0.3735,0.0458
6,1,11,8,0.5003,0.5532,0.8732,0.3129,0.0233
6,1,11,9,0.5168,0.5984,0.7552,0.3092,0.0316
6,1,11,10,0.5552,0.5840,0.6971,0.4047,0.0257
6,1,11,11,0.5004,0.5282,0.6462,0.3694,0.0513
6,2,0,0,0.4297,0.5001,0.4865,0.1314,0.0771
6,2,0,1,0.2576,0.4801,0.8736,-0.0109,0.0474
6,2,0,2,0.1544,0.3729,0.9873,-0.0516,0.0190
6,2,0,3,0.1803,0.3803,0.9758,-0.0186,0.0157
6,2,0,4,0.4443,0.5517,0.7293,0.2280,0.0626
6,2,0,5,0.4406,0.6078,0.9017,0.2517,0.0482
6,2,0,6,0.3697,0.5135,0.5886,0.0627,0.0671
6,2,0,7,0.3263,0.5246,0.8626,0.0741,0.0465
6,2,0,8,0.2711,0.5288,0.6828,-0.0776,0.0614
6,2,0,9,0.2473,0.4463,0.9200,-0.0183,0.0401
6,2,0,10,0.1739,0.3952,0.9796,-0.0056,0.0115
6,2,0,11,0.2244,0.4290,0.9607,-0.0201,0.0381
6,2,1,0,0.2785,0.6089,0.9313,0.0606,0.0310
6,2,1,1,0.1249,0.3229,0.9876,-0.0693,0.0119
6,2,1,2,0.1760,0.4076,0.9630,-0.0473,0.0239
6,2,1,3,0.2602,0.4354,0.9007,0.0042,0.0429
6,2,1,4,0.1051,0.3428,0.9824,-0.0659,0.0160
6,2,1,5,0.3445,0.4853,0.9510,0.1488,0.0282
6,2,1,6,0.0614,0.2094,0.9826,-0.0789,0.0477
6,2,1,7,0.1611,0.3406,0.9970,-0.0223,0.0066
6,2,1,8,0.4367,0.5548,0.8444,0.2355,0.0458
6,2,1,9,0.3490,0.4567,0.9880,0.1739,0.0202
6,2,1,10,0.1959,0.3762,0.9575,-0.0328,0.0290
6,2,1,11,0.2838,0.4489,0.9608,0.0620,0.0307
6,2,2,0,0.0679,0.3023,0.9530,-0.0632,0.0553
6,2,2,1,0.2031,0.3543,0.9881,0.0410,0.0145
6,2,2,2,0.1714,0.3206,0.9996,0.0041,0.0129
6,2,2,3,0.3111,0.4732,0.9884,0.1362,0.0148
6,2,2,4,0.2810,0.4342,0.9461,0.0598,0.0292
6,2,2,5,0.2830,0.4523,0.8964,0.0343,0.0430
6,2,2,6,0.3779,0.4414,0.9720,0.2057,0.0253
6,2,2,7,0.2170,0.3957,0.9055,-0.0279,0.0375
6,2,2,8,0.3208,0.4968,0.9444,0.1159,0.0351
6,2,2,9,0.0734,0.3090,0.9539,-0.0584,0.0535
6,2,2,10,0.1485,0.3439,0.9912,-0.0483,0.0107
6,2,2,11,0.1730,0.3656,0.9700,-0.0528,0.0314
6,2,3,0,0.6724,0.7133,0.9982,0.5948,0.0379
6,2,3,1,0.5220,0.6467,0.9009,0.3656,0.0430
6,2,3,2,0.6315,0.7029,0.9311,0.5237,0.0361
6,2,3,3,0.4178,0.5474,0.9280,0.2313,0.0369
6,2,3,4,0.5335,0.6351,0.8729,0.3825,0.0456
6,2,3,5,0.1326,0.3814,0.9864,-0.0308,0.0234
6,2,3,6,0.6753,0.7160,0.8860,0.5807,0.0421
6,2,3,7,0.4822,0.5581,0.9115,0.3175,0.0380
6,2,3,8,0.4607,0.5956,0.9459,0.2988,0.0339
6,2,3,9,0.1553,0.3358,0.9864,-0.0053,0.0203
6,2,3,10,0.3024,0.4979,0.9642,0.1134,0.0217
6,2,3,11,0.3867,0.5106,0.9810,0.2203,0.0263
6,2,4,0,0.7103,0.7604,0.9980,0.6471,0.0083
6,2,4,1,0.6985,0.7566,0.8874,0.6133,0.0425
6,2,4,2,0.8133,0.8430,0.9894,0.7680,0.0175
6,2,4,3,0.8046,0.7886,0.9845,0.7809,0.0430
6,2,4,4,0.5077,0.6275,0.9330,0.3666,0.0359
6,2,4,5,0.5035,0.6127,0.9880,0.4010,0.0099
6,2,4,6,0.7096,0.7390,0.9978,0.6477,0.0058
6,2,4,7,0.7579,0.7820,0.9886,0.7158,0.0231
6,2,4,8,0.7106,0.7561,0.9927,0.6484,0.0069
6,2,4,9,0.7965,0.8072,0.9856,0.7457,0.0193
6,2,4,10,0.7594,0.7772,0.9948,0.7036,0.0152
6,2,4,11,0.7535,0.7786,0.9988,0.7070,0.0214
6,2,5,0,0.6905,0.7446,0.9910,0.6297,0.0121
6,2,5,1,0.8072,0.7925,0.9856,0.7820,0.0399
6,2,5,2,0.7458,0.8368,0.9749,0.6829,0.0188
6,2,5,3,0.8366,0.8333,0.9960,0.7996,0.0101
6,2,5,4,0.8297,0.8441,0.9726,0.7882,0.0151
6,2,5,5,0.7863,0.7688,0.9888,0.7561,0.0387
6,2,5,6,0.8121,0.8068,0.9871,0.7842,0.0337
6,2,5,7,0.7685,0.7780,0.9921,0.7284,0.0194
6,2,5,8,0.6255,0.6683,0.9838,0.5330,0.0191
6,2,5,9,0.4963,0.6464,0.9968,0.3985,0.0197
6,2,5,10,0.6594,0.7254,0.9959,0.5804,0.0167
6,2,5,11,0.6503,0.6840,0.9992,0.5842,0.0173
6,2,6,0,0.8312,0.8477,0.9896,0.8064,0.0293
6,2,6,1,0.7042,0.6782,0.9867,0.6320,0.0192
6,2,6,2,1.0000,1.0000,1.0000,1.0000,0.0000
6,2,6,3,0.7822,0.7988,0.9913,0.7455,0.0256
6,2,6,4,0.7963,0.8298,0.9950,0.7541,0.0117
6,2,6,5,0.7185,0.7797,0.9931,0.6576,0.0141
6,2,6,6,0.7079,0.7364,0.9962,0.6437,0.0121
6,2,6,7,0.7842,0.8045,0.9674,0.7286,0.0269
6,2,6,8,0.7738,0.7780,0.9981,0.7206,0.0133
6,2,6,9,0.7408,0.7987,0.9893,0.6825,0.0105
6,2,6,10,0.8344,0.8409,0.9936,0.8040,0.0190
6,2,6,11,0.7044,0.7660,0.9880,0.6455,0.0228
6,2,7,0,0.8236,0.8287,0.9804,0.7815,0.0138
6,2,7,1,0.6372,0.6369,0.9968,0.5608,0.0082
6,2,7,2,0.7666,0.7900,0.9997,0.7185,0.0157
6,2,7,3,0.7964,0.7910,0.9885,0.7638,0.0299
6,2,7,4,0.6897,0.7481,0.9907,0.6322,0.0218
6,2,7,5,0.6564,0.7013,0.9643,0.5642,0.0283
6,2,7,6,0.8046,0.7881,0.9858,0.7779,0.0394
6,2,7,7,0.8824,0.8752,0.9864,0.8710,0.0440
6,2,7,8,0.5693,0.6956,0.9164,0.4646,0.0166
6,2,7,9,0.8190,0.8383,0.9955,0.7853,0.0187
6,2,7,10,0.5676,0.6641,0.9904,0.4899,0.0229
6,2,7,11,0.8621,0.8662,0.9944,0.8424,0.0311
6,2,8,0,0.7151,0.7382,0.9970,0.6579,0.0115
6,2,8,1,0.7838,0.7966,0.9807,0.7334,0.0164
6,2,8,2,0.7831,0.7640,0.9830,0.7575,0.0494
6,2,8,3,0.7562,0.7956,0.9853,0.7023,0.0082
6,2,8,4,0.8374,0.8343,0.9972,0.8077,0.0183
6,2,8,5,0.7601,0.7754,0.9946,0.7197,0.0241
6,2,8,6,0.7796,0.7736,0.9874,0.7475,0.0375
6,2,8,7,0.6461,0.6618,0.8311,0.5387,0.0511
6,2,8,8,0.6942,0.7201,0.8614,0.6074,0.0434
6,2,8,9,0.6017,0.7040,0.9896,0.5012,0.0189
6,2,8,10,0.7198,0.7513,0.9958,0.6690,0.0190
6,2,8,11,0.6158,0.7250,0.9764,0.5226,0.0202
6,2,9,0,0.7246,0.7444,0.9967,0.6612,0.0139
6,2,9,1,0.6509,0.7181,0.9966,0.5667,0.0151
6,2,9,2,0.5292,0.6972,0.9137,0.3897,0.0321
6,2,9,3,0.7944,0.8352,0.9760,0.7482,0.0081
6,2,9,4,0.7565,0.7734,0.9916,0.7051,0.0100
6,2,9,5,0.5949,0.7241,0.8871,0.4715,0.0361
6,2,9,6,0.7712,0.7928,0.9887,0.7329,0.0277
6,2,9,7,0.6942,0.7089,0.9905,0.6455,0.0310
6,2,9,8,0.5247,0.5887,0.8366,0.3628,0.0494
6,2,9,9,0.7724,0.7674,0.9858,0.7412,0.0438
6,2,9,10,0.5349,0.6680,0.9263,0.3861,0.0431
6,2,9,11,0.6958,0.7849,0.9745,0.6137,0.0250
6,2,10,0,0.4866,0.5463,0.6316,0.2841,0.0582
6,2,10,1,0.3922,0.6328,0.8605,0.2329,0.0298
6,2,10,2,0.4142,0.6609,0.8160,0.2035,0.0465
6,2,10,3,0.5885,0.6505,0.7320,0.4707,0.0332
6,2,10,4,0.4431,0.5167,0.8716,0.2806,0.0289
6,2,10,5,0.4207,0.6254,0.8189,0.2553,0.0254
6,2,10,6,0.3451,0.5807,0.8495,0.1615,0.0293
6,2,10,7,0.5849,0.6465,0.6786,0.4484,0.0490
6,2,10,8,0.6908,0.6986,0.6891,0.6080,0.0331
6,2,10,9,0.4672,0.6141,0.8317,0.3106,0.0370
6,2,10,10,0.3317,0.4820,0.9871,0.1580,0.0250
6,2,10,11,0.3175,0.5802,0.7365,0.0262,0.0550
6,2,11,0,0.5390,0.6066,0.7185,0.4257,0.0366
6,2,11,1,0.5806,0.6225,0.7233,0.4758,0.0363
6,2,11,2,0.5233,0.5642,0.7092,0.3624,0.0426
6,2,11,3,0.5717,0.5976,0.7064,0.4642,0.0343
6,2,11,4,0.5756,0.6007,0.7125,0.4623,0.0330
6,2,11,5,0.6174,0.5909,0.7035,0.5131,0.0329
6,2,11,6,0.5715,0.6334,0.7368,0.4482,0.0341
6,2,11,7,0.5497,0.6235,0.6978,0.4389,0.0367
6,2,11,8,0.4955,0.5378,0.8712,0.3349,0.0386
6,2,11,9,0.4832,0.5730,0.7422,0.2964,0.0473
6,2,11,10,0.5330,0.5683,0.7344,0.3976,0.0315
6,2,11,11,0.5410,0.6183,0.7133,0.4347,0.0407
6,3,0,0,0.4553,0.4458,0.3865,0.3171,0.1028
6,3,0,1,0.2334,0.4584,0.8188,0.0126,0.0735
6,3,0,2,0.1941,0.3696,0.9741,0.0345,0.0371
6,3,0,3,0.2666,0.4376,0.9598,0.1226,0.0348
6,3,0,4,0.3626,0.4692,0.6518,0.1677,0.0885
6,3,0,5,0.2165,0.5017,0.8484,-0.0056,0.0731
6,3,0,6,0.3106,0.4459,0.4963,0.0483,0.0929
6,3,0,7,0.3115,0.4792,0.8106,0.1112,0.0705
6,3,0,8,0.2603,0.4726,0.6001,-0.0132,0.0870
6,3,0,9,0.1801,0.3916,0.8763,-0.0542,0.0658
6,3,0,10,0.2293,0.4650,0.9763,0.0926,0.0249
6,3,0,11,0.2584,0.4383,0.9362,0.0729,0.0627
6,3,1,0,0.1964,0.5749,0.8796,-0.0002,0.0535
6,3,1,1,0.1338,0.3748,0.9887,-0.0234,0.0266
6,3,1,2,0.1215,0.3841,0.9364,-0.0725,0.0493
6,3,1,3,0.1844,0.3825,0.8508,-0.0444,0.0694
6,3,1,4,0.2240,0.3749,0.9927,0.1023,0.0114
6,3,1,5,0.3194,0.4410,0.9052,0.1582,0.0516
6,3,1,6,0.0324,0.1939,0.9949,-0.0866,0.0261
6,3,1,7,0.1238,0.3028,0.9808,-0.0329,0.0265
6,3,1,8,0.4053,0.5092,0.7761,0.2441,0.0687
6,3,1,9,0.2872,0.4219,0.9635,0.1331,0.0447
6,3,1,10,0.1690,0.3299,0.9242,-0.0226,0.0548
6,3,1,11,0.2509,0.4925,0.9395,0.0651,0.0526
6,3,2,0,0.1111,0.3652,0.9730,0.0084,0.0336
6,3,2,1,0.2189,0.3622,0.9961,0.0888,0.0163
6,3,2,2,0.1274,0.2846,0.9928,-0.0169,0.0187
6,3,2,3,0.2835,0.4399,0.9624,0.1367,0.0368
6,3,2,4,0.2510,0.4056,0.9023,0.0665,0.0529
6,3,2,5,0.2704,0.3874,0.8421,0.0703,0.0688
6,3,2,6,0.3465,0.4533,0.9535,0.2026,0.0486
6,3,2,7,0.1744,0.3460,0.8521,-0.0345,0.0634
6,3,2,8,0.3170,0.4365,0.9080,0.1540,0.0590
6,3,2,9,0.1195,0.3690,0.9736,0.0164,0.0317
6,3,2,10,0.1081,0.3045,0.9721,-0.0604,0.0297
6,3,2,11,0.1622,0.3104,0.9414,-0.0233,0.0561
6,3,3,0,0.7102,0.7692,0.9870,0.6583,0.0437
6,3,3,1,0.6145,0.6543,0.8428,0.5357,0.0667
6,3,3,2,0.6075,0.7198,0.8851,0.5259,0.0598
6,3,3,3,0.5102,0.5736,0.8746,0.3972,0.0593
6,3,3,4,0.5654,0.5914,0.8173,0.4689,0.0711
6,3,3,5,0.2583,0.4403,0.9908,0.1436,0.0103
6,3,3,6,0.6574,0.6937,0.8231,0.5936,0.0645
6,3,3,7,0.4878,0.5374,0.8539,0.3670,0.0607
6,3,3,8,0.4893,0.5777,0.9017,0.3739,0.0579
6,3,3,9,0.1726,0.3522,0.9930,0.0435,0.0102
6,3,3,10,0.3704,0.5099,0.9506,0.2354,0.0435
6,3,3,11,0.4042,0.5113,0.9555,0.2767,0.0498
6,3,4,0,0.8276,0.8217,0.9824,0.7992,0.0246
6,3,4,1,0.6257,0.7024,0.8381,0.5512,0.0679
6,3,4,2,0.7761,0.8240,0.9645,0.7376,0.0425
6,3,4,3,0.8582,0.8668,0.9908,0.8413,0.0213
6,3,4,4,0.5896,0.5831,0.9002,0.5044,0.0588
6,3,4,5,0.6495,0.6925,0.9882,0.5910,0.0210
6,3,4,6,0.8528,0.8644,0.9887,0.8290,0.0233
6,3,4,7,0.9573,0.9578,0.9986,0.9509,0.0082
6,3,4,8,0.8492,0.8380,0.9855,0.8247,0.0248
6,3,4,9,0.8701,0.8860,0.9601,0.8537,0.0437
6,3,4,10,0.7908,0.7997,0.9803,0.7552,0.0373
6,3,4,11,0.7973,0.8315,0.9946,0.7656,0.0129
6,3,5,0,0.7994,0.8479,0.9894,0.7674,0.0145
6,3,5,1,0.9211,0.9138,0.9969,0.9115,0.0183
6,3,5,2,0.8536,0.8606,0.9409,0.8321,0.0432
6,3,5,3,0.8176,0.8449,0.9820,0.7872,0.0328
6,3,5,4,0.8491,0.8806,0.9358,0.8270,0.0407
6,3,5,5,0.8855,0.8854,0.9940,0.8706,0.0170
6,3,5,6,0.9339,0.9267,0.9992,0.9249,0.0113
6,3,5,7,0.8605,0.8861,0.9970,0.8397,0.0133
6,3,5,8,0.7187,0.7427,0.9641,0.6679,0.0423
6,3,5,9,0.5776,0.7216,0.9966,0.5103,0.0151
6,3,5,10,0.8621,0.8413,0.9845,0.8405,0.0314
6,3,5,11,0.8078,0.7732,0.9938,0.7779,0.0138
6,3,6,0,0.8024,0.8470,0.9993,0.7750,0.0150
6,3,6,1,0.6983,0.7085,0.9727,0.6432,0.0446
6,3,6,2,0.7822,0.7988,0.9913,0.7455,0.0256
6,3,6,3,1.0000,1.0000,1.0000,1.0000,0.0000
6,3,6,4,0.8566,0.8834,0.9949,0.8335,0.0195
6,3,6,5,0.7785,0.8610,0.9960,0.7413,0.0263
6,3,6,6,0.8073,0.8564,0.9922,0.7751,0.0263
6,3,6,7,0.8162,0.8498,0.9394,0.7908,0.0522
6,3,6,8,0.8293,0.8420,0.9826,0.8014,0.0292
6,3,6,9,0.8520,0.9010,0.9807,0.8281,0.0289
6,3,6,10,0.8540,0.9010,0.9983,0.8314,0.0106
6,3,6,11,0.7175,0.7198,0.9914,0.6717,0.0206
6,3,7,0,0.8314,0.8718,0.9490,0.8043,0.0374
6,3,7,1,0.7179,0.7355,0.9908,0.6705,0.0244
6,3,7,2,0.8593,0.8779,0.9898,0.8367,0.0165
6,3,7,3,0.9083,0.9066,0.9943,0.8952,0.0091
6,3,7,4,0.8761,0.8752,0.9977,0.8570,0.0113
6,3,7,5,0.7475,0.7538,0.9291,0.7037,0.0527
6,3,7,6,0.8663,0.8752,0.9950,0.8490,0.0179
6,3,7,7,0.7998,0.7959,0.9920,0.7752,0.0224
6,3,7,8,0.5658,0.7008,0.8654,0.4833,0.0361
6,3,7,9,0.9321,0.9373,0.9967,0.9217,0.0115
6,3,7,10,0.6514,0.7673,0.9977,0.5991,0.0114
6,3,7,11,0.7783,0.7957,0.9958,0.7474,0.0100
6,3,8,0,0.8161,0.8510,0.9949,0.7865,0.0160
6,3,8,1,0.8788,0.8893,0.9536,0.8606,0.0313
6,3,8,2,0.8671,0.8731,0.9941,0.8520,0.0277
6,3,8,3,0.8717,0.8803,0.9707,0.8514,0.0248
6,3,8,4,0.8560,0.8723,0.9966,0.8337,0.0144
6,3,8,5,0.8356,0.8835,0.9969,0.8116,0.0084
6,3,8,6,0.8802,0.8894,0.9940,0.8643,0.0165
6,3,8,7,0.5951,0.6195,0.7680,0.5103,0.0758
6,3,8,8,0.7397,0.7421,0.7962,0.7014,0.0681
6,3,8,9,0.7720,0.7974,0.9724,0.7327,0.0421
6,3,8,10,0.8330,0.8973,0.9977,0.8076,0.0138
6,3,8,11,0.7482,0.8002,0.9416,0.7038,0.0429
6,3,9,0,0.8030,0.8494,0.9874,0.7698,0.0301
6,3,9,1,0.7421,0.7711,0.9790,0.6965,0.0345
6,3,9,2,0.5885,0.6880,0.8538,0.5017,0.0548
6,3,9,3,0.7857,0.8330,0.9472,0.7494,0.0261
6,3,9,4,0.8685,0.8871,0.9741,0.8474,0.0202
6,3,9,5,0.7514,0.7796,0.8264,0.7168,0.0617
6,3,9,6,0.8549,0.8826,0.9892,0.8337,0.0112
6,3,9,7,0.8358,0.8584,0.9979,0.8131,0.0094
6,3,9,8,0.5491,0.6087,0.7711,0.4460,0.0740
6,3,9,9,0.8686,0.8737,0.9943,0.8520,0.0215
6,3,9,10,0.5981,0.7578,0.8825,0.5132,0.0682
6,3,9,11,0.6932,0.7628,0.9377,0.6358,0.0474
6,3,10,0,0.4625,0.5043,0.5328,0.3147,0.0832
6,3,10,1,0.3357,0.6668,0.8000,0.1962,0.0466
6,3,10,2,0.3945,0.6162,0.7379,0.2292,0.0695
6,3,10,3,0.5449,0.5933,0.6526,0.4467,0.0557
6,3,10,4,0.4025,0.5301,0.8035,0.2658,0.0511
6,3,10,5,0.3878,0.6521,0.7475,0.2502,0.0479
6,3,10,6,0.2861,0.6013,0.7843,0.1255,0.0508
6,3,10,7,0.5267,0.5812,0.5803,0.4140,0.0718
6,3,10,8,0.7001,0.6748,0.6129,0.6445,0.0523
6,3,10,9,0.4395,0.6148,0.7627,0.3118,0.0586
6,3,10,10,0.2804,0.4481,0.9679,0.1297,0.0452
6,3,10,11,0.3650,0.5684,0.6506,0.1685,0.0799
6,3,11,0,0.5346,0.5780,0.6482,0.4449,0.0449
6,3,11,1,0.5644,0.5747,0.6526,0.4799,0.0474
6,3,11,2,0.5393,0.5642,0.6162,0.4324,0.0676
6,3,11,3,0.5771,0.5748,0.6338,0.4951,0.0479
6,3,11,4,0.5703,0.5726,0.6372,0.4831,0.0516
6,3,11,5,0.6115,0.5764,0.6214,0.5332,0.0535
6,3,11,6,0.5398,0.5851,0.6552,0.4401,0.0560
6,3,11,7,0.5325,0.5907,0.6267,0.4422,0.0434
6,3,11,8,0.4991,0.5788,0.8031,0.3814,0.0627
6,3,11,9,0.4742,0.5619,0.6510,0.3380,0.0722
6,3,11,10,0.5306,0.5702,0.6552,0.4285,0.0537
6,3,11,11,0.5261,0.5855,0.6474,0.4388,0.0407
6,4,0,0,0.4669,0.5042,0.4647,0.2521,0.0871
6,4,0,1,0.2587,0.5076,0.8690,0.0059,0.0561
6,4,0,2,0.2114,0.4812,0.9874,0.0291,0.0176
6,4,0,3,0.1938,0.4710,0.9689,0.0080,0.0169
6,4,0,4,0.4643,0.5879,0.7172,0.2753,0.0723
6,4,0,5,0.2506,0.5355,0.8933,0.0002,0.0555
6,4,0,6,0.3646,0.5236,0.5701,0.0774,0.0757
6,4,0,7,0.3329,0.5532,0.8623,0.0990,0.0534
6,4,0,8,0.2798,0.5518,0.6678,-0.0411,0.0696
6,4,0,9,0.2096,0.4940,0.9178,-0.0556,0.0485
6,4,0,10,0.2139,0.5128,0.9827,0.0514,0.0076
6,4,0,11,0.2976,0.5239,0.9655,0.0901,0.0453
6,4,1,0,0.1864,0.6121,0.9119,-0.0482,0.0348
6,4,1,1,0.1399,0.4199,0.9968,-0.0417,0.0090
6,4,1,2,0.1321,0.4323,0.9647,-0.0915,0.0325
6,4,1,3,0.1835,0.4475,0.8942,-0.0871,0.0522
6,4,1,4,0.0771,0.3659,0.9942,-0.0908,0.0110
6,4,1,5,0.3215,0.5065,0.9343,0.1299,0.0345
6,4,1,6,0.0193,0.2539,0.9810,-0.1206,0.0440
6,4,1,7,0.1159,0.3714,0.9892,-0.0679,0.0133
6,4,1,8,0.4044,0.5995,0.8252,0.2032,0.0520
6,4,1,9,0.3137,0.5068,0.9798,0.1388,0.0280
6,4,1,10,0.1645,0.4256,0.9535,-0.0613,0.0378
6,4,1,11,0.3044,0.5147,0.9681,0.1014,0.0356
6,4,2,0,0.0952,0.4122,0.9727,-0.0256,0.0518
6,4,2,1,0.2072,0.4592,0.9953,0.0538,0.0088
6,4,2,2,0.1229,0.3682,0.9966,-0.0456,0.0167
6,4,2,3,0.2784,0.5109,0.9787,0.1045,0.0200
6,4,2,4,0.2694,0.4798,0.9344,0.0567,0.0359
6,4,2,5,0.2500,0.4704,0.8844,0.0030,0.0523
6,4,2,6,0.3667,0.5210,0.9761,0.2011,0.0314
6,4,2,7,0.1837,0.4296,0.8935,-0.0589,0.0472
6,4,2,8,0.2943,0.4984,0.9439,0.0927,0.0418
6,4,2,9,0.1020,0.4160,0.9734,-0.0194,0.0499
6,4,2,10,0.1151,0.3712,0.9869,-0.0793,0.0155
6,4,2,11,0.1518,0.3938,0.9689,-0.0681,0.0392
6,4,3,0,0.7261,0.8238,0.9926,0.6652,0.0303
6,4,3,1,0.5559,0.7020,0.8840,0.4244,0.0492
6,4,3,2,0.6087,0.7339,0.9223,0.5020,0.0422
6,4,3,3,0.5061,0.6040,0.9092,0.3621,0.0419
6,4,3,4,0.6005,0.6574,0.8661,0.4867,0.0537
6,4,3,5,0.1524,0.4205,0.9944,0.0005,0.0150
6,4,3,6,0.7067,0.7692,0.8624,0.6339,0.0467
6,4,3,7,0.4967,0.6192,0.8921,0.3483,0.0432
6,4,3,8,0.5229,0.6477,0.9358,0.3908,0.0405
6,4,3,9,0.1801,0.4258,0.9954,0.0317,0.0124
6,4,3,10,0.4102,0.6107,0.9755,0.2601,0.0256
6,4,3,11,0.3134,0.5541,0.9710,0.1364,0.0328
6,4,4,0,0.8454,0.8662,0.9903,0.8135,0.0085
6,4,4,1,0.7390,0.7899,0.8852,0.6795,0.0505
6,4,4,2,0.8467,0.8699,0.9792,0.8131,0.0262
6,4,4,3,0.9014,0.8741,0.9768,0.8920,0.0395
6,4,4,4,0.6811,0.6954,0.9382,0.6005,0.0419
6,4,4,5,0.6730,0.7142,0.9853,0.6087,0.0078
6,4,4,6,0.8612,0.8730,0.9972,0.8331,0.0110
6,4,4,7,0.8972,0.9128,0.9963,0.8806,0.0194
6,4,4,8,0.8648,0.8499,0.9868,0.8372,0.0131
6,4,4,9,0.8751,0.8989,0.9755,0.8487,0.0274
6,4,4,10,0.8561,0.8839,0.9921,0.8252,0.0206
6,4,4,11,0.8442,0.8488,0.9961,0.8160,0.0116
6,4,5,0,0.8192,0.8366,0.9848,0.7852,0.0103
6,4,5,1,0.9209,0.8983,0.9848,0.9132,0.0364
6,4,5,2,0.8516,0.8766,0.9617,0.8191,0.0279
6,4,5,3,0.8996,0.9168,0.9927,0.8785,0.0166
6,4,5,4,0.8788,0.8892,0.9513,0.8530,0.0246
6,4,5,5,0.9113,0.8869,0.9827,0.9011,0.0352
6,4,5,6,0.8995,0.9020,0.9901,0.8859,0.0282
6,4,5,7,0.8797,0.8796,0.9894,0.8601,0.0167
6,4,5,8,0.8106,0.8004,0.9813,0.7683,0.0265
6,4,5,9,0.5843,0.7279,0.9990,0.5073,0.0109
6,4,5,10,0.7772,0.8309,0.9934,0.7287,0.0143
6,4,5,11,0.8438,0.8113,0.9941,0.8157,0.0145
6,4,6,0,0.8811,0.8831,0.9939,0.8644,0.0267
6,4,6,1,0.8095,0.7957,0.9902,0.7670,0.0274
6,4,6,2,0.7963,0.8298,0.9950,0.7541,0.0117
6,4,6,3,0.8566,0.8834,0.9949,0.8335,0.0195
6,4,6,4,1.0000,1.0000,1.0000,1.0000,0.0000
6,4,6,5,0.7962,0.8591,0.9991,0.7544,0.0099
6,4,6,6,0.8136,0.8530,0.9949,0.7749,0.0110
6,4,6,7,0.8543,0.8825,0.9646,0.8244,0.0355
6,4,6,8,0.8501,0.8798,0.9902,0.8176,0.0116
6,4,6,9,0.6964,0.8143,0.9796,0.6317,0.0100
6,4,6,10,0.8928,0.9216,0.9985,0.8738,0.0113
6,4,6,11,0.6925,0.7446,0.9957,0.6339,0.0146
6,4,7,0,0.8372,0.8782,0.9600,0.8014,0.0198
6,4,7,1,0.7967,0.7821,0.9949,0.7559,0.0118
6,4,7,2,0.8799,0.8841,0.9929,0.8562,0.0070
6,4,7,3,0.9099,0.8918,0.9832,0.8969,0.0264
6,4,7,4,0.8103,0.8639,0.9978,0.7767,0.0139
6,4,7,5,0.7609,0.7914,0.9566,0.7043,0.0347
6,4,7,6,0.8962,0.8680,0.9822,0.8838,0.0359
6,4,7,7,0.8346,0.8022,0.9801,0.8147,0.0404
6,4,7,8,0.6026,0.7216,0.8776,0.5116,0.0189
6,4,7,9,0.7936,0.8512,0.9923,0.7564,0.0134
6,4,7,10,0.6810,0.7743,0.9966,0.6263,0.0161
6,4,7,11,0.8403,0.8339,0.9899,0.8166,0.0257
6,4,8,0,0.8728,0.8828,0.9923,0.8485,0.0103
6,4,8,1,0.8784,0.8791,0.9597,0.8524,0.0202
6,4,8,2,0.8904,0.8647,0.9798,0.8804,0.0459
6,4,8,3,0.8544,0.8645,0.9730,0.8240,0.0103
6,4,8,4,0.9252,0.9161,0.9961,0.9122,0.0176
6,4,8,5,0.9038,0.8975,0.9911,0.8891,0.0208
6,4,8,6,0.9006,0.8768,0.9821,0.8881,0.0341
6,4,8,7,0.6765,0.7303,0.8233,0.5933,0.0594
6,4,8,8,0.7608,0.8090,0.8437,0.7066,0.0511
6,4,8,9,0.7878,0.8147,0.9858,0.7395,0.0259
6,4,8,10,0.8612,0.8803,0.9929,0.8373,0.0145
6,4,8,11,0.7303,0.7807,0.9529,0.6694,0.0262
6,4,9,0,0.8522,0.8789,0.9954,0.8206,0.0114
6,4,9,1,0.7931,0.8298,0.9885,0.7471,0.0156
6,4,9,2,0.6058,0.7443,0.8862,0.4999,0.0365
6,4,9,3,0.8036,0.8375,0.9500,0.7620,0.0111
6,4,9,4,0.8886,0.8898,0.9747,0.8662,0.0097
6,4,9,5,0.7393,0.8213,0.8679,0.6773,0.0453
6,4,9,6,0.8743,0.8853,0.9785,0.8545,0.0253
6,4,9,7,0.8646,0.8565,0.9895,0.8451,0.0254
6,4,9,8,0.5732,0.6780,0.8213,0.4453,0.0567
6,4,9,9,0.8896,0.8732,0.9815,0.8768,0.0402
6,4,9,10,0.6665,0.7951,0.9151,0.5782,0.0506
6,4,9,11,0.6747,0.8096,0.9574,0.5930,0.0297
6,4,10,0,0.4539,0.5733,0.5961,0.2493,0.0664
6,4,10,1,0.3720,0.6546,0.8228,0.2161,0.0279
6,4,10,2,0.4176,0.6574,0.7826,0.2225,0.0517
6,4,10,3,0.5893,0.6046,0.6725,0.4800,0.0363
6,4,10,4,0.4516,0.5709,0.8258,0.3014,0.0330
6,4,10,5,0.3898,0.6470,0.7730,0.2251,0.0298
6,4,10,6,0.3338,0.6296,0.8078,0.1571,0.0333
6,4,10,7,0.5437,0.6122,0.6244,0.4010,0.0546
6,4,10,8,0.7046,0.6755,0.6282,0.6321,0.0333
6,4,10,9,0.4630,0.6267,0.7906,0.3149,0.0416
6,4,10,10,0.2946,0.5517,0.9838,0.1207,0.0281
6,4,10,11,0.3232,0.5961,0.7099,0.0539,0.0629
6,4,11,0,0.5455,0.5686,0.6543,0.4401,0.0315
6,4,11,1,0.5766,0.5615,0.6589,0.4769,0.0301
6,4,11,2,0.5216,0.5602,0.6529,0.3726,0.0500
6,4,11,3,0.5900,0.5593,0.6402,0.4933,0.0295
6,4,11,4,0.5802,0.5582,0.6478,0.4753,0.0327
6,4,11,5,0.6483,0.5707,0.6383,0.5598,0.0347
6,4,11,6,0.5436,0.5796,0.6746,0.4202,0.0378
6,4,11,7,0.5430,0.5773,0.6333,0.4369,0.0304
6,4,11,8,0.4825,0.5560,0.8361,0.3283,0.0459
6,4,11,9,0.4779,0.5894,0.6963,0.3030,0.0549
6,4,11,10,0.5512,0.5648,0.6747,0.4302,0.0352
6,4,11,11,0.5367,0.5694,0.6496,0.4351,0.0331
6,5,0,0,0.4538,0.5207,0.4515,0.1949,0.0827
6,5,0,1,0.3309,0.5515,0.8616,0.0958,0.0508
6,5,0,2,0.1540,0.4246,0.9883,-0.0500,0.0142
6,5,0,3,0.1482,0.4447,0.9728,-0.0564,0.0125
6,5,0,4,0.4931,0.5744,0.7066,0.3069,0.0682
6,5,0,5,0.2644,0.6058,0.8850,0.0077,0.0486
6,5,0,6,0.3978,0.5298,0.5588,0.1182,0.0698
6,5,0,7,0.2928,0.5821,0.8556,0.0287,0.0461
6,5,0,8,0.3901,0.5820,0.6581,0.1251,0.0628
6,5,0,9,0.2361,0.4833,0.9115,-0.0308,0.0439
6,5,0,10,0.4368,0.5945,0.9873,0.3157,0.0078
6,5,0,11,0.3048,0.5218,0.9627,0.0900,0.0384
6,5,1,0,0.2193,0.6067,0.9049,-0.0151,0.0292
6,5,1,1,0.2698,0.4766,0.9965,0.1094,0.0089
6,5,1,2,0.1839,0.4600,0.9622,-0.0349,0.0279
6,5,1,3,0.2176,0.4572,0.8860,-0.0520,0.0471
6,5,1,4,0.0958,0.3637,0.9958,-0.0753,0.0169
6,5,1,5,0.3193,0.4906,0.9259,0.1179,0.0272
6,5,1,6,0.0662,0.2432,0.9823,-0.0719,0.0507
6,5,1,7,0.1547,0.3649,0.9846,-0.0282,0.0170
6,5,1,8,0.3964,0.5563,0.8143,0.1803,0.0449
6,5,1,9,0.3025,0.4665,0.9741,0.1167,0.0237
6,5,1,10,0.1896,0.4177,0.9504,-0.0386,0.0333
6,5,1,11,0.2370,0.5051,0.9655,0.0022,0.0288
6,5,2,0,0.2644,0.4730,0.9762,0.1644,0.0586
6,5,2,1,0.2219,0.4331,0.9946,0.0653,0.0171
6,5,2,2,0.1631,0.3443,0.9943,-0.0042,0.0217
6,5,2,3,0.3059,0.4903,0.9729,0.1315,0.0157
6,5,2,4,0.2956,0.4840,0.9277,0.0817,0.0300
6,5,2,5,0.3256,0.4829,0.8754,0.0964,0.0474
6,5,2,6,0.3139,0.4859,0.9746,0.1256,0.0233
6,5,2,7,0.2275,0.4411,0.8860,-0.0111,0.0438
6,5,2,8,0.3217,0.4959,0.9372,0.1195,0.0342
6,5,2,9,0.2651,0.4784,0.9768,0.1638,0.0568
6,5,2,10,0.1577,0.3980,0.9845,-0.0349,0.0202
6,5,2,11,0.2337,0.4078,0.9627,0.0271,0.0325
6,5,3,0,0.6358,0.7649,0.9884,0.5504,0.0283
6,5,3,1,0.5935,0.7568,0.8746,0.4682,0.0429
6,5,3,2,0.5766,0.7193,0.9155,0.4517,0.0351
6,5,3,3,0.6188,0.7247,0.9011,0.5069,0.0336
6,5,3,4,0.4737,0.6263,0.8576,0.3014,0.0466
6,5,3,5,0.1374,0.4158,0.9958,-0.0235,0.0238
6,5,3,6,0.6494,0.7370,0.8520,0.5467,0.0387
6,5,3,7,0.5408,0.6047,0.8825,0.3998,0.0348
6,5,3,8,0.4550,0.6106,0.9289,0.2932,0.0332
6,5,3,9,0.3672,0.4686,0.9952,0.2484,0.0188
6,5,3,10,0.5811,0.6838,0.9734,0.4712,0.0198
6,5,3,11,0.3042,0.5281,0.9683,0.1167,0.0242
6,5,4,0,0.7427,0.8552,0.9862,0.6872,0.0094
6,5,4,1,0.7769,0.8065,0.8784,0.7255,0.0452
6,5,4,2,0.8240,0.8598,0.9763,0.7821,0.0241
6,5,4,3,0.7897,0.8203,0.9780,0.7635,0.0464
6,5,4,4,0.5831,0.7045,0.9334,0.4670,0.0338
6,5,4,5,0.8180,0.8821,0.9850,0.7809,0.0096
6,5,4,6,0.7339,0.8546,0.9941,0.6778,0.0137
6,5,4,7,0.7809,0.8491,0.9972,0.7432,0.0268
6,5,4,8,0.8227,0.9082,0.9870,0.7850,0.0161
6,5,4,9,0.8406,0.9028,0.9708,0.8023,0.0234
6,5,4,10,0.7270,0.7863,0.9872,0.6643,0.0128
6,5,4,11,0.8628,0.8840,0.9942,0.8377,0.0199
6,5,5,0,0.9047,0.9272,0.9842,0.8866,0.0154
6,5,5,1,0.8058,0.8506,0.9866,0.7802,0.0431
6,5,5,2,0.7875,0.8677,0.9581,0.7361,0.0240
6,5,5,3,0.7788,0.8308,0.9882,0.7292,0.0152
6,5,5,4,0.8305,0.8729,0.9464,0.7898,0.0212
6,5,5,5,0.8140,0.8531,0.9834,0.7884,0.0421
6,5,5,6,0.7631,0.8361,0.9921,0.7267,0.0367
6,5,5,7,0.9047,0.9240,0.9892,0.8897,0.0222
6,5,5,8,0.8367,0.8733,0.9800,0.7980,0.0223
6,5,5,9,0.7386,0.8003,0.9991,0.6887,0.0195
6,5,5,10,0.6799,0.7804,0.9926,0.6065,0.0090
6,5,5,11,0.7734,0.8334,0.9926,0.7313,0.0199
6,5,6,0,0.8079,0.8483,0.9942,0.7790,0.0320
6,5,6,1,0.8141,0.8134,0.9859,0.7699,0.0221
6,5,6,2,0.7185,0.7797,0.9931,0.6576,0.0141
6,5,6,3,0.7785,0.8610,0.9960,0.7413,0.0263
6,5,6,4,0.7962,0.8591,0.9991,0.7544,0.0099
6,5,6,5,1.0000,1.0000,1.0000,1.0000,0.0000
6,5,6,6,0.9068,0.9430,0.9956,0.8866,0.0104
6,5,6,7,0.8505,0.8811,0.9609,0.8157,0.0293
6,5,6,8,0.7777,0.8457,0.9869,0.7261,0.0120
6,5,6,9,0.6546,0.8120,0.9780,0.5777,0.0099
6,5,6,10,0.7419,0.8510,0.9977,0.6939,0.0203
6,5,6,11,0.6161,0.7198,0.9960,0.5402,0.0212
6,5,7,0,0.7673,0.8595,0.9532,0.7122,0.0154
6,5,7,1,0.8160,0.8452,0.9928,0.7777,0.0122
6,5,7,2,0.8628,0.9013,0.9914,0.8348,0.0141
6,5,7,3,0.8162,0.8601,0.9841,0.7872,0.0337
6,5,7,4,0.6776,0.8104,0.9981,0.6184,0.0216
6,5,7,5,0.7575,0.8338,0.9492,0.6956,0.0281
6,5,7,6,0.8172,0.8495,0.9837,0.7926,0.0428
6,5,7,7,0.7742,0.7898,0.9819,0.7450,0.0471
6,5,7,8,0.6308,0.7695,0.8745,0.5423,0.0118
6,5,7,9,0.7314,0.8230,0.9929,0.6812,0.0214
6,5,7,10,0.8462,0.8952,0.9977,0.8202,0.0245
6,5,7,11,0.7701,0.8155,0.9900,0.7342,0.0337
6,5,8,0,0.8111,0.8907,0.9914,0.7737,0.0163
6,5,8,1,0.8161,0.8759,0.9579,0.7738,0.0256
6,5,8,2,0.7848,0.8207,0.9813,0.7594,0.0529
6,5,8,3,0.7998,0.8936,0.9752,0.7560,0.0122
6,5,8,4,0.8087,0.8429,0.9942,0.7737,0.0240
6,5,8,5,0.8281,0.8766,0.9903,0.8000,0.0279
6,5,8,6,0.7857,0.8501,0.9828,0.7547,0.0414
6,5,8,7,0.6779,0.7022,0.8140,0.5867,0.0523
6,5,8,8,0.7326,0.7834,0.8334,0.6617,0.0448
6,5,8,9,0.7917,0.8994,0.9838,0.7411,0.0195
6,5,8,10,0.8304,0.9090,0.9926,0.8005,0.0202
6,5,8,11,0.6893,0.8554,0.9475,0.6151,0.0173
6,5,9,0,0.8738,0.9155,0.9951,0.8453,0.0082
6,5,9,1,0.7230,0.8308,0.9840,0.6572,0.0114
6,5,9,2,0.6332,0.7636,0.8781,0.5297,0.0286
6,5,9,3,0.7101,0.8460,0.9469,0.6455,0.0157
6,5,9,4,0.8138,0.8663,0.9714,0.7749,0.0171
6,5,9,5,0.7413,0.8614,0.8592,0.6735,0.0413
6,5,9,6,0.7635,0.8434,0.9787,0.7240,0.0327
6,5,9,7,0.7960,0.8699,0.9894,0.7651,0.0332
6,5,9,8,0.5875,0.7113,0.8150,0.4563,0.0493
6,5,9,9,0.7732,0.8244,0.9825,0.7421,0.0475
6,5,9,10,0.7431,0.8537,0.9081,0.6768,0.0434
6,5,9,11,0.6485,0.7829,0.9512,0.5535,0.0231
6,5,10,0,0.4520,0.5705,0.5844,0.2313,0.0600
6,5,10,1,0.3776,0.6723,0.8202,0.2162,0.0221
6,5,10,2,0.4009,0.6613,0.7745,0.1873,0.0436
6,5,10,3,0.5435,0.6111,0.6702,0.4132,0.0303
6,5,10,4,0.4426,0.6121,0.8175,0.2819,0.0264
6,5,10,5,0.3736,0.6802,0.7687,0.1961,0.0217
6,5,10,6,0.3122,0.6722,0.8036,0.1211,0.0260
6,5,10,7,0.5243,0.6157,0.6151,0.3619,0.0461
6,5,10,8,0.6467,0.6659,0.6303,0.5524,0.0283
6,5,10,9,0.4163,0.6457,0.7880,0.2456,0.0341
6,5,10,10,0.3114,0.5382,0.9828,0.1343,0.0205
6,5,10,11,0.3816,0.6205,0.6984,0.1305,0.0559
6,5,11,0,0.5050,0.6110,0.6532,0.3845,0.0301
6,5,11,1,0.5366,0.5918,0.6579,0.4218,0.0293
6,5,11,2,0.5833,0.6309,0.6450,0.4510,0.0438
6,5,11,3,0.5544,0.6035,0.6390,0.4438,0.0275
6,5,11,4,0.5609,0.6029,0.6462,0.4449,0.0307
6,5,11,5,0.6156,0.6094,0.6349,0.5122,0.0311
6,5,11,6,0.5287,0.6111,0.6686,0.3937,0.0313
6,5,11,7,0.5037,0.5945,0.6335,0.3827,0.0300
6,5,11,8,0.5425,0.5919,0.8303,0.4016,0.0377
6,5,11,9,0.5120,0.6244,0.6871,0.3421,0.0484
6,5,11,10,0.5463,0.6360,0.6719,0.4169,0.0293
6,5,11,11,0.4877,0.5970,0.6501,0.3704,0.0331
6,6,0,0,0.4671,0.5092,0.4890,0.2149,0.0808
6,6,0,1,0.2847,0.5403,0.8713,0.0255,0.0493
6,6,0,2,0.1351,0.4217,0.9900,-0.0769,0.0144
6,6,0,3,0.1005,0.4512,0.9839,-0.1192,0.0117
6,6,0,4,0.4594,0.5618,0.7309,0.2495,0.0669
6,6,0,5,0.2500,0.5618,0.8926,-0.0174,0.0481
6,6,0,6,0.3679,0.5263,0.5915,0.0565,0.0691
6,6,0,7,0.3144,0.5456,0.8647,0.0548,0.0459
6,6,0,8,0.3822,0.5736,0.6864,0.1052,0.0618
6,6,0,9,0.2038,0.4730,0.9189,-0.0810,0.0438
6,6,0,10,0.4906,0.6163,0.9851,0.3792,0.0101
6,6,0,11,0.2681,0.5169,0.9620,0.0369,0.0373
6,6,1,0,0.2063,0.6013,0.9166,-0.0364,0.0274
6,6,1,1,0.3383,0.4876,0.9865,0.1906,0.0083
6,6,1,2,0.1787,0.4454,0.9627,-0.0452,0.0280
6,6,1,3,0.2036,0.4504,0.9016,-0.0763,0.0453
6,6,1,4,0.0765,0.3435,0.9832,-0.1011,0.0174
6,6,1,5,0.3103,0.4880,0.9438,0.1023,0.0272
6,6,1,6,0.0445,0.2361,0.9813,-0.0994,0.0516
6,6,1,7,0.1387,0.3556,0.9909,-0.0508,0.0147
6,6,1,8,0.3955,0.5617,0.8412,0.1742,0.0435
6,6,1,9,0.3171,0.4613,0.9836,0.1320,0.0211
6,6,1,10,0.1808,0.3976,0.9598,-0.0539,0.0322
6,6,1,11,0.2464,0.5021,0.9618,0.0105,0.0276
6,6,2,0,0.3366,0.4916,0.9529,0.2463,0.0589
6,6,2,1,0.2156,0.4187,0.9911,0.0551,0.0143
6,6,2,2,0.1365,0.3382,0.9961,-0.0388,0.0192
6,6,2,3,0.2935,0.4782,0.9825,0.1128,0.0132
6,6,2,4,0.2831,0.4856,0.9437,0.0611,0.0292
6,6,2,5,0.3195,0.4710,0.8960,0.0835,0.0466
6,6,2,6,0.3473,0.4961,0.9692,0.1652,0.0234
6,6,2,7,0.2004,0.4300,0.9046,-0.0517,0.0418
6,6,2,8,0.3373,0.4827,0.9427,0.1363,0.0339
6,6,2,9,0.3459,0.4968,0.9537,0.2558,0.0570
6,6,2,10,0.1420,0.3741,0.9857,-0.0576,0.0198
6,6,2,11,0.2012,0.3858,0.9674,-0.0180,0.0350
6,6,3,0,0.6631,0.7720,0.9923,0.5826,0.0310
6,6,3,1,0.6450,0.7456,0.8958,0.5369,0.0415
6,6,3,2,0.5955,0.7170,0.9294,0.4742,0.0345
6,6,3,3,0.6689,0.7206,0.9214,0.5721,0.0345
6,6,3,4,0.4986,0.6024,0.8738,0.3323,0.0463
6,6,3,5,0.0939,0.4104,0.9853,-0.0779,0.0214
6,6,3,6,0.6760,0.7385,0.8806,0.5806,0.0391
6,6,3,7,0.5306,0.5984,0.9041,0.3825,0.0356
6,6,3,8,0.4367,0.5800,0.9375,0.2656,0.0327
6,6,3,9,0.3171,0.4527,0.9833,0.1867,0.0171
6,6,3,10,0.5764,0.6634,0.9632,0.4629,0.0204
6,6,3,11,0.2803,0.5035,0.9838,0.0827,0.0248
6,6,4,0,0.8067,0.8616,0.9921,0.7642,0.0078
6,6,4,1,0.7346,0.7736,0.8896,0.6631,0.0449
6,6,4,2,0.8165,0.8399,0.9869,0.7715,0.0225
6,6,4,3,0.8314,0.8397,0.9820,0.8122,0.0470
6,6,4,4,0.6413,0.6822,0.9351,0.5406,0.0353
6,6,4,5,0.8496,0.8729,0.9936,0.8186,0.0092
6,6,4,6,0.7875,0.8468,0.9932,0.7420,0.0118
6,6,4,7,0.8011,0.8533,0.9891,0.7669,0.0265
6,6,4,8,0.8911,0.9141,0.9975,0.8676,0.0126
6,6,4,9,0.8846,0.9162,0.9841,0.8571,0.0243
6,6,4,10,0.7853,0.7882,0.9901,0.7351,0.0161
6,6,4,11,0.8552,0.8683,0.9935,0.8284,0.0187
6,6,5,0,0.9288,0.9393,0.9933,0.9154,0.0145
6,6,5,1,0.8538,0.8727,0.9860,0.8365,0.0438
6,6,5,2,0.8280,0.8568,0.9722,0.7858,0.0247
6,6,5,3,0.8149,0.8284,0.9914,0.7727,0.0141
6,6,5,4,0.8635,0.8815,0.9669,0.8304,0.0217
6,6,5,5,0.8641,0.8803,0.9868,0.8472,0.0425
6,6,5,6,0.8214,0.8657,0.9890,0.7951,0.0362
6,6,5,7,0.9273,0.9274,0.9913,0.9166,0.0237
6,6,5,8,0.8579,0.8636,0.9881,0.8235,0.0242
6,6,5,9,0.7684,0.8200,0.9964,0.7239,0.0177
6,6,5,10,0.6884,0.7628,0.9978,0.6156,0.0097
6,6,5,11,0.8345,0.8379,0.9965,0.8038,0.0198
6,6,6,0,0.7879,0.8142,0.9880,0.7555,0.0325
6,6,6,1,0.8056,0.7956,0.9859,0.7583,0.0228
6,6,6,2,0.7079,0.7364,0.9962,0.6437,0.0121
6,6,6,3,0.8073,0.8564,0.9922,0.7751,0.0263
6,6,6,4,0.8136,0.8530,0.9949,0.7749,0.0110
6,6,6,5,0.9068,0.9430,0.9956,0.8866,0.0104
6,6,6,6,1.0000,1.0000,1.0000,1.0000,0.0000
6,6,6,7,0.8725,0.8806,0.9713,0.8428,0.0286
6,6,6,8,0.8193,0.8438,0.9939,0.7766,0.0130
6,6,6,9,0.6630,0.7912,0.9914,0.5866,0.0088
6,6,6,10,0.8074,0.8506,0.9930,0.7716,0.0197
6,6,6,11,0.6045,0.6951,0.9855,0.5251,0.0206
6,6,7,0,0.8108,0.8615,0.9708,0.7652,0.0157
6,6,7,1,0.8402,0.8471,0.9971,0.8065,0.0105
6,6,7,2,0.9151,0.9190,0.9954,0.8978,0.0130
6,6,7,3,0.8674,0.8820,0.9882,0.8476,0.0336
6,6,7,4,0.7541,0.8346,0.9901,0.7088,0.0215
6,6,7,5,0.8225,0.8473,0.9609,0.7778,0.0286
6,6,7,6,0.8552,0.8671,0.9854,0.8371,0.0435
6,6,7,7,0.7682,0.7719,0.9826,0.7382,0.0480
6,6,7,8,0.6461,0.7881,0.9021,0.5597,0.0134
6,6,7,9,0.7763,0.8363,0.9966,0.7342,0.0207
6,6,7,10,0.8561,0.8888,0.9900,0.8319,0.0252
6,6,7,11,0.7617,0.7914,0.9896,0.7242,0.0344
6,6,8,0,0.8668,0.9020,0.9962,0.8402,0.0139
6,6,8,1,0.8743,0.9044,0.9781,0.8449,0.0255
6,6,8,2,0.8455,0.8508,0.9818,0.8301,0.0533
6,6,8,3,0.8904,0.9255,0.9902,0.8660,0.0097
6,6,8,4,0.8215,0.8379,0.9933,0.7886,0.0229
6,6,8,5,0.8790,0.8917,0.9908,0.8603,0.0281
6,6,8,6,0.8421,0.8705,0.9860,0.8208,0.0413
6,6,8,7,0.6734,0.7002,0.8316,0.5767,0.0515
6,6,8,8,0.7494,0.7818,0.8578,0.6821,0.0443
6,6,8,9,0.8550,0.8991,0.9927,0.8197,0.0201
6,6,8,10,0.8888,0.9210,0.9930,0.8699,0.0204
6,6,8,11,0.7595,0.8490,0.9672,0.7012,0.0196
6,6,9,0,0.8516,0.9046,0.9978,0.8174,0.0095
6,6,9,1,0.7805,0.8089,0.9909,0.7275,0.0120
6,6,9,2,0.6751,0.7547,0.9038,0.5828,0.0285
6,6,9,3,0.7376,0.8282,0.9679,0.6781,0.0146
6,6,9,4,0.8423,0.8805,0.9855,0.8089,0.0145
6,6,9,5,0.7895,0.8465,0.8846,0.7370,0.0409
6,6,9,6,0.8326,0.8677,0.9861,0.8054,0.0316
6,6,9,7,0.8223,0.8670,0.9878,0.7960,0.0333
6,6,9,8,0.5881,0.6912,0.8387,0.4532,0.0488
6,6,9,9,0.8334,0.8496,0.9845,0.8124,0.0473
6,6,9,10,0.7352,0.8373,0.9299,0.6631,0.0427
6,6,9,11,0.6415,0.7643,0.9676,0.5422,0.0240
6,6,10,0,0.4681,0.5824,0.6272,0.2515,0.0600
6,6,10,1,0.3778,0.7129,0.8415,0.2135,0.0221
6,6,10,2,0.4293,0.6704,0.7995,0.2235,0.0446
6,6,10,3,0.5593,0.6342,0.7158,0.4311,0.0300
6,6,10,4,0.4447,0.6179,0.8507,0.2815,0.0265
6,6,10,5,0.4105,0.7196,0.7981,0.2409,0.0223
6,6,10,6,0.3322,0.6866,0.8283,0.1435,0.0246
6,6,10,7,0.5414,0.6355,0.6611,0.3826,0.0458
6,6,10,8,0.7300,0.7005,0.6841,0.6581,0.0283
6,6,10,9,0.4543,0.6741,0.8176,0.2925,0.0329
6,6,10,10,0.2979,0.5203,0.9897,0.1141,0.0193
6,6,10,11,0.3704,0.6243,0.7326,0.1069,0.0552
6,6,11,0,0.5377,0.6450,0.6945,0.4232,0.0308
6,6,11,1,0.5546,0.6205,0.7020,0.4423,0.0308
6,6,11,2,0.5934,0.6641,0.6941,0.4617,0.0435
6,6,11,3,0.5782,0.6369,0.6841,0.4716,0.0284
6,6,11,4,0.5797,0.6345,0.6921,0.4667,0.0297
6,6,11,5,0.6448,0.6379,0.6840,0.5477,0.0312
6,6,11,6,0.5502,0.6382,0.7114,0.4191,0.0293
6,6,11,7,0.5369,0.6315,0.6761,0.4221,0.0317
6,6,11,8,0.5330,0.6092,0.8604,0.3850,0.0379
6,6,11,9,0.5037,0.6510,0.7272,0.3251,0.0476
6,6,11,10,0.5836,0.6695,0.7156,0.4632,0.0278
6,6,11,11,0.5255,0.6324,0.6902,0.4149,0.0360
6,7,0,0,0.5922,0.6419,0.6781,0.3188,0.0529
6,7,0,1,0.3650,0.6278,0.9578,0.0530,0.0214
6,7,0,2,0.1618,0.4451,0.9825,-0.1084,0.0264
6,7,0,3,0.1460,0.4529,0.9746,-0.1282,0.0270
6,7,0,4,0.6118,0.7102,0.8707,0.4002,0.0391
6,7,0,5,0.3289,0.6251,0.9635,0.0064,0.0217
6,7,0,6,0.4760,0.6272,0.7622,0.1145,0.0408
6,7,0,7,0.3776,0.6572,0.9557,0.0546,0.0206
6,7,0,8,0.4069,0.6503,0.8361,0.0212,0.0342
6,7,0,9,0.2777,0.5435,0.9827,-0.0685,0.0157
6,7,0,10,0.3275,0.5230,0.9586,0.1368,0.0319
6,7,0,11,0.3012,0.5443,0.9903,0.0051,0.0155
6,7,1,0,0.2538,0.6621,0.9586,-0.0499,0.0187
6,7,1,1,0.1998,0.4363,0.9582,-0.0339,0.0296
6,7,1,2,0.1814,0.5029,0.9890,-0.1135,0.0097
6,7,1,3,0.2510,0.5323,0.9784,-0.1018,0.0175
6,7,1,4,0.0896,0.3716,0.9383,-0.1395,0.0419
6,7,1,5,0.3554,0.5485,0.9862,0.0947,0.0096
6,7,1,6,0.0535,0.2718,0.9106,-0.1328,0.0734
6,7,1,7,0.1635,0.4168,0.9758,-0.0773,0.0290
6,7,1,8,0.4527,0.6469,0.9409,0.1730,0.0201
6,7,1,9,0.3354,0.5241,0.9898,0.0964,0.0106
6,7,1,10,0.1959,0.4643,0.9962,-0.1094,0.0110
6,7,1,11,0.3053,0.5295,0.9862,0.0145,0.0096
6,7,2,0,0.1943,0.4100,0.8957,0.0514,0.0807
6,7,2,1,0.1828,0.4069,0.9496,-0.0352,0.0394
6,7,2,2,0.1631,0.3893,0.9671,-0.0586,0.0357
6,7,2,3,0.3101,0.5385,0.9883,0.0775,0.0179
6,7,2,4,0.3181,0.5393,0.9921,0.0350,0.0072
6,7,2,5,0.3248,0.5404,0.9741,0.0052,0.0181
6,7,2,6,0.3507,0.4867,0.9766,0.1092,0.0141
6,7,2,7,0.2725,0.5089,0.9777,-0.0330,0.0183
6,7,2,8,0.3670,0.5759,0.9919,0.1087,0.0169
6,7,2,9,0.2010,0.4136,0.8970,0.0577,0.0788
6,7,2,10,0.1663,0.4253,0.9798,-0.0882,0.0280
6,7,2,11,0.2186,0.4639,0.9959,-0.0651,0.0111
6,7,3,0,0.6909,0.7884,0.9691,0.5964,0.0427
6,7,3,1,0.6449,0.7866,0.9706,0.4782,0.0172
6,7,3,2,0.6541,0.7915,0.9886,0.5060,0.0144
6,7,3,3,0.6367,0.7271,0.9785,0.4765,0.0208
6,7,3,4,0.6537,0.7335,0.9640,0.4925,0.0195
6,7,3,5,0.1094,0.3987,0.9457,-0.1112,0.0491
6,7,3,6,0.7053,0.8085,0.9576,0.5696,0.0198
6,7,3,7,0.5571,0.6679,0.9716,0.3590,0.0133
6,7,3,8,0.4785,0.6493,0.9829,0.2622,0.0106
6,7,3,9,0.2326,0.4374,0.9404,0.0432,0.0437
6,7,3,10,0.5005,0.6332,0.9736,0.3198,0.0165
6,7,3,11,0.3270,0.5470,0.9935,0.0819,0.0173
6,7,4,0,0.7817,0.8372,0.9753,0.7256,0.0296
6,7,4,1,0.7824,0.8553,0.9713,0.6834,0.0169
6,7,4,2,0.8388,0.8842,0.9893,0.7872,0.0157
6,7,4,3,0.8217,0.8282,0.9144,0.8131,0.0691
6,7,4,4,0.7712,0.7850,0.9868,0.6809,0.0129
6,7,4,5,0.7416,0.7613,0.9570,0.6799,0.0339
6,7,4,6,0.7692,0.8468,0.9726,0.7121,0.0292
6,7,4,7,0.8318,0.8494,0.9393,0.8089,0.0499
6,7,4,8,0.8673,0.8797,0.9710,0.8381,0.0276
6,7,4,9,0.9108,0.9434,0.9914,0.8805,0.0104
6,7,4,10,0.8151,0.8410,0.9806,0.7625,0.0175
6,7,4,11,0.8578,0.8742,0.9565,0.8363,0.0464
6,7,5,0,0.8460,0.8681,0.9526,0.8183,0.0382
6,7,5,1,0.8506,0.8575,0.9199,0.8458,0.0654
6,7,5,2,0.9102,0.9313,0.9915,0.8819,0.0127
6,7,5,3,0.8586,0.8783,0.9797,0.8220,0.0195
6,7,5,4,0.9060,0.9276,0.9793,0.8755,0.0130
6,7,5,5,0.8439,0.8549,0.9249,0.8351,0.0641
6,7,5,6,0.8322,0.8488,0.9278,0.8169,0.0609
6,7,5,7,0.8755,0.8815,0.9373,0.8641,0.0439
6,7,5,8,0.8347,0.8439,0.9956,0.7822,0.0122
6,7,5,9,0.6869,0.7493,0.9607,0.6170,0.0447
6,7,5,10,0.7320,0.7813,0.9835,0.6535,0.0275
6,7,5,11,0.7945,0.7993,0.9612,0.7561,0.0402
6,7,6,0,0.8083,0.8376,0.9321,0.7867,0.0513
6,7,6,1,0.8183,0.8137,0.9881,0.7611,0.0116
6,7,6,2,0.7842,0.8045,0.9674,0.7286,0.0269
6,7,6,3,0.8162,0.8498,0.9394,0.7908,0.0522
6,7,6,4,0.8543,0.8825,0.9646,0.8244,0.0355
6,7,6,5,0.8505,0.8811,0.9609,0.8157,0.0293
6,7,6,6,0.8725,0.8806,0.9713,0.8428,0.0286
6,7,6,7,1.0000,1.0000,1.0000,1.0000,0.0000
6,7,6,8,0.8171,0.8690,0.9775,0.7634,0.0272
6,7,6,9,0.7259,0.8156,0.9622,0.6494,0.0274
6,7,6,10,0.7916,0.8647,0.9514,0.7526,0.0450
6,7,6,11,0.6145,0.6681,0.9474,0.5208,0.0471
6,7,7,0,0.8635,0.9025,0.9703,0.8224,0.0162
6,7,7,1,0.8120,0.8247,0.9718,0.7685,0.0294
6,7,7,2,0.8827,0.9059,0.9656,0.8614,0.0391
6,7,7,3,0.8408,0.8557,0.9277,0.8244,0.0560
6,7,7,4,0.7441,0.7942,0.9453,0.6938,0.0487
6,7,7,5,0.8715,0.8772,0.9955,0.8237,0.0071
6,7,7,6,0.8251,0.8378,0.9194,0.8123,0.0654
6,7,7,7,0.7662,0.7669,0.9162,0.7438,0.0710
6,7,7,8,0.6308,0.7703,0.9105,0.5133,0.0217
6,7,7,9,0.8074,0.8410,0.9511,0.7724,0.0452
6,7,7,10,0.7370,0.7892,0.9424,0.6886,0.0501
6,7,7,11,0.7531,0.7754,0.9362,0.7167,0.0585
6,7,8,0,0.8181,0.8631,0.9554,0.7807,0.0370
6,7,8,1,0.8753,0.9036,0.9686,0.8411,0.0285
6,7,8,2,0.8201,0.8274,0.9114,0.8138,0.0752
6,7,8,3,0.8764,0.9104,0.9685,0.8474,0.0277
6,7,8,4,0.8577,0.8778,0.9526,0.8371,0.0440
6,7,8,5,0.8350,0.8700,0.9388,0.8150,0.0512
6,7,8,6,0.8177,0.8465,0.9230,0.8011,0.0631
6,7,8,7,0.7846,0.8039,0.9389,0.6851,0.0238
6,7,8,8,0.8682,0.8833,0.9512,0.8122,0.0162
6,7,8,9,0.8210,0.8537,0.9924,0.7619,0.0136
6,7,8,10,0.8310,0.8871,0.9433,0.8053,0.0417
6,7,8,11,0.7273,0.8176,0.9686,0.6414,0.0163
6,7,9,0,0.8192,0.8679,0.9791,0.7689,0.0293
6,7,9,1,0.7459,0.8168,0.9788,0.6667,0.0255
6,7,9,2,0.6532,0.7591,0.9598,0.5094,0.0108
6,7,9,3,0.6980,0.8386,0.9505,0.6129,0.0289
6,7,9,4,0.8142,0.8623,0.9584,0.7709,0.0335
6,7,9,5,0.7801,0.8832,0.9642,0.6836,0.0136
6,7,9,6,0.8129,0.8500,0.9285,0.7873,0.0531
6,7,9,7,0.7834,0.8372,0.9290,0.7555,0.0579
6,7,9,8,0.5617,0.7285,0.9384,0.3410,0.0223
6,7,9,9,0.8041,0.8354,0.9183,0.7877,0.0692
6,7,9,10,0.7085,0.8424,0.9869,0.5758,0.0159
6,7,9,11,0.6657,0.8294,0.9863,0.5368,0.0163
6,7,10,0,0.5163,0.6410,0.7785,0.2215,0.0309
6,7,10,1,0.3863,0.6952,0.8687,0.1717,0.0279
6,7,10,2,0.4553,0.7224,0.8833,0.1778,0.0215
6,7,10,3,0.6057,0.6609,0.7604,0.4467,0.0243
6,7,10,4,0.4440,0.6242,0.8882,0.2222,0.0212
6,7,10,5,0.4314,0.6944,0.8393,0.2111,0.0180
6,7,10,6,0.3514,0.6834,0.8603,0.1069,0.0213
6,7,10,7,0.6027,0.6900,0.7651,0.3986,0.0242
6,7,10,8,0.7105,0.7146,0.7279,0.6012,0.0314
6,7,10,9,0.4762,0.6616,0.8650,0.2647,0.0299
6,7,10,10,0.3065,0.5213,0.9926,0.0666,0.0224
6,7,10,11,0.4001,0.6831,0.8646,0.0437,0.0280
6,7,11,0,0.5566,0.6301,0.7029,0.4129,0.0426
6,7,11,1,0.5797,0.6217,0.7136,0.4401,0.0409
6,7,11,2,0.6096,0.6523,0.7827,0.4173,0.0172
6,7,11,3,0.5934,0.6259,0.6970,0.4578,0.0391
6,7,11,4,0.5952,0.6287,0.7155,0.4481,0.0342
6,7,11,5,0.6381,0.6383,0.7255,0.5013,0.0340
6,7,11,6,0.5877,0.6485,0.7517,0.4212,0.0271
6,7,11,7,0.5594,0.6365,0.6877,0.4162,0.0428
6,7,11,8,0.5387,0.5864,0.9208,0.3308,0.0137
6,7,11,9,0.5520,0.6459,0.8276,0.3154,0.0208
6,7,11,10,0.5772,0.6443,0.7572,0.4067,0.0207
6,7,11,11,0.5436,0.6258,0.6889,0.4066,0.0484
6,8,0,0,0.4957,0.5420,0.5324,0.2299,0.0766
6,8,0,1,0.2383,0.5622,0.8925,-0.0651,0.0474
6,8,0,2,0.2687,0.4446,0.9866,0.0753,0.0125
6,8,0,3,0.1635,0.4253,0.9767,-0.0570,0.0094
6,8,0,4,0.4518,0.5993,0.7627,0.2115,0.0627
6,8,0,5,0.2948,0.5765,0.9178,0.0226,0.0474
6,8,0,6,0.3819,0.5457,0.6292,0.0441,0.0660
6,8,0,7,0.4148,0.6154,0.8820,0.1781,0.0442
6,8,0,8,0.2764,0.5682,0.7183,-0.1066,0.0593
6,8,0,9,0.3976,0.5775,0.9347,0.1699,0.0400
6,8,0,10,0.2157,0.4808,0.9730,0.0309,0.0099
6,8,0,11,0.3236,0.5707,0.9662,0.0923,0.0356
6,8,1,0,0.4118,0.7337,0.9434,0.2191,0.0247
6,8,1,1,0.2763,0.5058,0.9807,0.1021,0.0094
6,8,1,2,0.2881,0.5591,0.9682,0.0785,0.0273
6,8,1,3,0.4022,0.5980,0.9213,0.1798,0.0416
6,8,1,4,0.2573,0.4682,0.9716,0.1042,0.0206
6,8,1,5,0.5081,0.6582,0.9671,0.3491,0.0250
6,8,1,6,0.2782,0.4331,0.9721,0.1648,0.0531
6,8,1,7,0.3404,0.5602,0.9995,0.1842,0.0110
6,8,1,8,0.5930,0.7002,0.8729,0.4415,0.0414
6,8,1,9,0.5227,0.6429,0.9952,0.3832,0.0180
6,8,1,10,0.3307,0.5338,0.9676,0.1240,0.0304
6,8,1,11,0.4162,0.5026,0.9645,0.2202,0.0254
6,8,2,0,0.0762,0.3954,0.9357,-0.0642,0.0607
6,8,2,1,0.3501,0.5068,0.9824,0.2072,0.0157
6,8,2,2,0.3741,0.5194,0.9975,0.2378,0.0192
6,8,2,3,0.4769,0.6724,0.9955,0.3324,0.0108
6,8,2,4,0.4619,0.6192,0.9617,0.2833,0.0260
6,8,2,5,0.4183,0.6118,0.9192,0.2013,0.0426
6,8,2,6,0.4592,0.4774,0.9719,0.2960,0.0214
6,8,2,7,0.3547,0.5936,0.9259,0.1363,0.0405
6,8,2,8,0.4544,0.6387,0.9569,0.2758,0.0321
6,8,2,9,0.0832,0.3986,0.9367,-0.0577,0.0588
6,8,2,10,0.3346,0.5080,0.9918,0.1676,0.0135
6,8,2,11,0.3367,0.5609,0.9789,0.1402,0.0343
6,8,3,0,0.8813,0.8974,0.9985,0.8506,0.0283
6,8,3,1,0.6667,0.8254,0.9232,0.5521,0.0398
6,8,3,2,0.7407,0.7907,0.9477,0.6587,0.0327
6,8,3,3,0.6427,0.7208,0.9466,0.5225,0.0330
6,8,3,4,0.6156,0.7036,0.8957,0.4799,0.0440
6,8,3,5,0.2287,0.4654,0.9768,0.0717,0.0237
6,8,3,6,0.8562,0.8712,0.9116,0.8214,0.0367
6,8,3,7,0.6660,0.7482,0.9329,0.5542,0.0328
6,8,3,8,0.5698,0.7262,0.9581,0.4291,0.0302
6,8,3,9,0.3148,0.5024,0.9767,0.1745,0.0211
6,8,3,10,0.4876,0.6245,0.9636,0.3368,0.0168
6,8,3,11,0.4381,0.6223,0.9895,0.2715,0.0253
6,8,4,0,0.8219,0.8642,0.9997,0.7802,0.0111
6,8,4,1,0.7018,0.7946,0.9064,0.6020,0.0409
6,8,4,2,0.8848,0.9035,0.9948,0.8537,0.0202
6,8,4,3,0.8993,0.8783,0.9760,0.8943,0.0489
6,8,4,4,0.6135,0.7200,0.9437,0.4924,0.0354
6,8,4,5,0.6907,0.7231,0.9869,0.6224,0.0131
6,8,4,6,0.7861,0.8417,0.9964,0.7375,0.0137
6,8,4,7,0.8149,0.8256,0.9789,0.7831,0.0282
6,8,4,8,0.8944,0.8891,0.9932,0.8706,0.0159
6,8,4,9,0.9167,0.9188,0.9939,0.8940,0.0191
6,8,4,10,0.8106,0.8280,0.9973,0.7626,0.0190
6,8,4,11,0.8138,0.8814,0.9943,0.7780,0.0213
6,8,5,0,0.8013,0.8369,0.9894,0.7609,0.0180
6,8,5,1,0.8975,0.8785,0.9758,0.8903,0.0457
6,8,5,2,0.8722,0.9070,0.9842,0.8374,0.0228
6,8,5,3,0.8393,0.8771,0.9980,0.7998,0.0157
6,8,5,4,0.9028,0.9108,0.9836,0.8763,0.0178
6,8,5,5,0.9143,0.8971,0.9811,0.9088,0.0446
6,8,5,6,0.8614,0.8550,0.9770,0.8436,0.0378
6,8,5,7,0.8688,0.8830,0.9858,0.8480,0.0262
6,8,5,8,0.7950,0.8238,0.9888,0.7396,0.0245
6,8,5,9,0.5442,0.6922,0.9912,0.4495,0.0195
6,8,5,10,0.7176,0.7544,0.9965,0.6463,0.0095
6,8,5,11,0.8674,0.8411,0.9966,0.8432,0.0239
6,8,6,0,0.8522,0.8779,0.9799,0.8324,0.0368
6,8,6,1,0.7854,0.8194,0.9898,0.7278,0.0244
6,8,6,2,0.7738,0.7780,0.9981,0.7206,0.0133
6,8,6,3,0.8293,0.8420,0.9826,0.8014,0.0292
6,8,6,4,0.8501,0.8798,0.9902,0.8176,0.0116
6,8,6,5,0.7777,0.8457,0.9869,0.7261,0.0120
6,8,6,6,0.8193,0.8438,0.9939,0.7766,0.0130
6,8,6,7,0.8171,0.8690,0.9775,0.7634,0.0272
6,8,6,8,1.0000,1.0000,1.0000,1.0000,0.0000
6,8,6,9,0.6979,0.7510,0.9913,0.6242,0.0098
6,8,6,10,0.8359,0.8689,0.9871,0.8052,0.0210
6,8,6,11,0.6003,0.6559,0.9791,0.5148,0.0215
6,8,7,0,0.8033,0.8755,0.9895,0.7512,0.0154
6,8,7,1,0.7958,0.8162,0.9964,0.7501,0.0146
6,8,7,2,0.8835,0.9070,0.9976,0.8589,0.0144
6,8,7,3,0.8951,0.8862,0.9814,0.8820,0.0355
6,8,7,4,0.7444,0.7831,0.9820,0.6952,0.0230
6,8,7,5,0.7296,0.8148,0.9771,0.6494,0.0277
6,8,7,6,0.8946,0.8819,0.9768,0.8858,0.0451
6,8,7,7,0.8260,0.8109,0.9763,0.8073,0.0498
6,8,7,8,0.6840,0.7986,0.9269,0.6002,0.0117
6,8,7,9,0.8057,0.8199,0.9906,0.7683,0.0222
6,8,7,10,0.6680,0.7390,0.9809,0.6058,0.0260
6,8,7,11,0.7999,0.8248,0.9867,0.7695,0.0355
6,8,8,0,0.9320,0.9351,0.9937,0.9193,0.0165
6,8,8,1,0.9145,0.9082,0.9870,0.8927,0.0165
6,8,8,2,0.8909,0.8699,0.9729,0.8860,0.0549
6,8,8,3,0.8824,0.8803,0.9866,0.8547,0.0107
6,8,8,4,0.8860,0.8973,0.9925,0.8660,0.0242
6,8,8,5,0.8906,0.9058,0.9881,0.8753,0.0298
6,8,8,6,0.8909,0.8799,0.9797,0.8802,0.0432
6,8,8,7,0.6204,0.7446,0.8569,0.4824,0.0505
6,8,8,8,0.7161,0.8051,0.8878,0.6236,0.0435
6,8,8,9,0.7928,0.8207,0.9941,0.7357,0.0212
6,8,8,10,0.8348,0.8737,0.9894,0.8055,0.0249
6,8,8,11,0.7691,0.8258,0.9855,0.7078,0.0225
6,8,9,0,0.8032,0.8469,0.9955,0.7539,0.0097
6,8,9,1,0.9444,0.9514,0.9996,0.9298,0.0082
6,8,9,2,0.7599,0.8162,0.9336,0.6856,0.0265
6,8,9,3,0.8191,0.8696,0.9817,0.7751,0.0082
6,8,9,4,0.8909,0.9089,0.9941,0.8669,0.0130
6,8,9,5,0.7485,0.8487,0.9112,0.6687,0.0357
6,8,9,6,0.9129,0.9016,0.9833,0.9022,0.0332
6,8,9,7,0.8451,0.8542,0.9822,0.8240,0.0344
6,8,9,8,0.6624,0.7058,0.8617,0.5436,0.0462
6,8,9,9,0.8924,0.8805,0.9770,0.8840,0.0493
6,8,9,10,0.7040,0.8292,0.9459,0.6058,0.0398
6,8,9,11,0.8084,0.8738,0.9856,0.7519,0.0194
6,8,10,0,0.5741,0.5985,0.6725,0.3988,0.0563
6,8,10,1,0.4145,0.6884,0.8704,0.2470,0.0217
6,8,10,2,0.5309,0.7121,0.8384,0.3506,0.0425
6,8,10,3,0.6898,0.6885,0.7523,0.5925,0.0267
6,8,10,4,0.5897,0.6623,0.8904,0.4596,0.0232
6,8,10,5,0.4265,0.6969,0.8342,0.2468,0.0196
6,8,10,6,0.4385,0.6826,0.8619,0.2668,0.0237
6,8,10,7,0.6480,0.7029,0.7113,0.5213,0.0447
6,8,10,8,0.7673,0.7226,0.7105,0.6984,0.0238
6,8,10,9,0.5062,0.6453,0.8476,0.3466,0.0307
6,8,10,10,0.4860,0.5607,0.9907,0.3406,0.0207
6,8,10,11,0.3581,0.6474,0.7719,0.0586,0.0526
6,8,11,0,0.5997,0.6472,0.7310,0.4922,0.0286
6,8,11,1,0.6280,0.6409,0.7374,0.5261,0.0274
6,8,11,2,0.5680,0.6080,0.7402,0.4063,0.0400
6,8,11,3,0.6377,0.6331,0.7209,0.5382,0.0261
6,8,11,4,0.6331,0.6326,0.7292,0.5253,0.0248
6,8,11,5,0.6780,0.6360,0.7249,0.5810,0.0260
6,8,11,6,0.6231,0.6674,0.7570,0.5032,0.0278
6,8,11,7,0.5962,0.6519,0.7106,0.4876,0.0288
6,8,11,8,0.5158,0.5652,0.8914,0.3447,0.0357
6,8,11,9,0.5221,0.6091,0.7727,0.3305,0.0448
6,8,11,10,0.5935,0.6246,0.7537,0.4637,0.0249
6,8,11,11,0.5880,0.6457,0.7232,0.4843,0.0303
6,9,0,0,0.4839,0.5142,0.4908,0.2377,0.0793
6,9,0,1,0.2257,0.5204,0.8489,-0.0659,0.0486
6,9,0,2,0.2806,0.4721,0.9688,0.1000,0.0120
6,9,0,3,0.4005,0.5284,0.9682,0.2507,0.0105
6,9,0,4,0.4849,0.5691,0.7216,0.2810,0.0649
6,9,0,5,0.2633,0.5685,0.8720,-0.0062,0.0478
6,9,0,6,0.3717,0.5247,0.5862,0.0515,0.0685
6,9,0,7,0.3458,0.5345,0.8408,0.0928,0.0452
6,9,0,8,0.3154,0.5525,0.6770,-0.0172,0.0614
6,9,0,9,0.2179,0.4603,0.8990,-0.0688,0.0417
6,9,0,10,0.2524,0.5247,0.9568,0.0849,0.0089
6,9,0,11,0.2933,0.4950,0.9361,0.0646,0.0370
6,9,1,0,0.2192,0.5759,0.9027,-0.0256,0.0255
6,9,1,1,0.1576,0.4177,0.9614,-0.0352,0.0058
6,9,1,2,0.1887,0.4285,0.9368,-0.0381,0.0259
6,9,1,3,0.2362,0.4460,0.8942,-0.0383,0.0437
6,9,1,4,0.3177,0.4417,0.9570,0.1838,0.0201
6,9,1,5,0.3078,0.4779,0.9464,0.0934,0.0267
6,9,1,6,0.0733,0.2216,0.9779,-0.0693,0.0538
6,9,1,7,0.1541,0.3333,0.9897,-0.0365,0.0135
6,9,1,8,0.4029,0.5356,0.8448,0.1777,0.0431
6,9,1,9,0.2853,0.4388,0.9828,0.0864,0.0198
6,9,1,10,0.2355,0.4019,0.9435,0.0113,0.0304
6,9,1,11,0.2819,0.5267,0.9329,0.0518,0.0274
6,9,2,0,0.1220,0.4119,0.9131,-0.0043,0.0614
6,9,2,1,0.2854,0.4397,0.9825,0.1357,0.0162
6,9,2,2,0.1750,0.3328,0.9894,0.0034,0.0203
6,9,2,3,0.2816,0.4592,0.9811,0.0932,0.0115
6,9,2,4,0.2904,0.4442,0.9393,0.0649,0.0288
6,9,2,5,0.2970,0.4590,0.8955,0.0451,0.0452
6,9,2,6,0.3078,0.5006,0.9385,0.1091,0.0230
6,9,2,7,0.2208,0.4015,0.8982,-0.0309,0.0394
6,9,2,8,0.3134,0.4814,0.9268,0.0990,0.0337
6,9,2,9,0.1302,0.4160,0.9142,0.0036,0.0595
6,9,2,10,0.1582,0.3532,0.9685,-0.0424,0.0153
6,9,2,11,0.1843,0.3783,0.9554,-0.0454,0.0332
6,9,3,0,0.6188,0.7152,0.9903,0.5253,0.0305
6,9,3,1,0.6127,0.6868,0.8955,0.4864,0.0410
6,9,3,2,0.5877,0.7374,0.9201,0.4592,0.0342
6,9,3,3,0.4597,0.5924,0.9207,0.2814,0.0341
6,9,3,4,0.4911,0.6216,0.8636,0.3159,0.0457
6,9,3,5,0.3484,0.4966,0.9586,0.2226,0.0226
6,9,3,6,0.5820,0.6603,0.8912,0.4439,0.0382
6,9,3,7,0.4513,0.5565,0.9062,0.2683,0.0353
6,9,3,8,0.4792,0.6096,0.9225,0.3173,0.0325
6,9,3,9,0.1658,0.3913,0.9601,0.0025,0.0201
6,9,3,10,0.4063,0.5653,0.9297,0.2408,0.0175
6,9,3,11,0.5146,0.6045,0.9835,0.3793,0.0241
6,9,4,0,0.6674,0.7514,0.9896,0.5927,0.0078
6,9,4,1,0.5149,0.6884,0.8717,0.3473,0.0441
6,9,4,2,0.5907,0.7380,0.9809,0.4854,0.0195
6,9,4,3,0.6638,0.7171,0.9823,0.6167,0.0494
6,9,4,4,0.5485,0.6187,0.9104,0.4149,0.0345
6,9,4,5,0.5184,0.6846,0.9972,0.4161,0.0093
6,9,4,6,0.7697,0.8306,0.9823,0.7194,0.0118
6,9,4,7,0.7924,0.8616,0.9717,0.7563,0.0286
6,9,4,8,0.6347,0.7159,0.9974,0.5538,0.0134
6,9,4,9,0.7646,0.8191,0.9857,0.7026,0.0209
6,9,4,10,0.7519,0.8101,0.9849,0.6923,0.0146
6,9,4,11,0.6021,0.7443,0.9844,0.5245,0.0195
6,9,5,0,0.6363,0.8021,0.9982,0.5628,0.0174
6,9,5,1,0.7376,0.7741,0.9810,0.7006,0.0463
6,9,5,2,0.7511,0.8132,0.9662,0.6869,0.0205
6,9,5,3,0.7060,0.8052,0.9864,0.6372,0.0132
6,9,5,4,0.7247,0.8151,0.9732,0.6531,0.0178
6,9,5,5,0.6847,0.7316,0.9861,0.6367,0.0447
6,9,5,6,0.7837,0.8199,0.9791,0.7507,0.0375
6,9,5,7,0.6600,0.7737,0.9896,0.5987,0.0263
6,9,5,8,0.5370,0.6855,0.9765,0.4183,0.0207
6,9,5,9,0.5129,0.7382,0.9816,0.4158,0.0184
6,9,5,10,0.8930,0.8897,0.9879,0.8674,0.0099
6,9,5,11,0.5941,0.6544,0.9928,0.5152,0.0236
6,9,6,0,0.6109,0.7371,0.9756,0.5465,0.0355
6,9,6,1,0.5146,0.6355,0.9739,0.3910,0.0218
6,9,6,2,0.7408,0.7987,0.9893,0.6825,0.0105
6,9,6,3,0.8520,0.9010,0.9807,0.8281,0.0289
6,9,6,4,0.6964,0.8143,0.9796,0.6317,0.0100
6,9,6,5,0.6546,0.8120,0.9780,0.5777,0.0099
6,9,6,6,0.6630,0.7912,0.9914,0.5866,0.0088
6,9,6,7,0.7259,0.8156,0.9622,0.6494,0.0274
6,9,6,8,0.6979,0.7510,0.9913,0.6242,0.0098
6,9,6,9,1.0000,1.0000,1.0000,1.0000,0.0000
6,9,6,10,0.7419,0.8442,0.9809,0.6926,0.0216
6,9,6,11,0.7038,0.7425,0.9606,0.6434,0.0195
6,9,7,0,0.8032,0.8640,0.9821,0.7542,0.0131
6,9,7,1,0.5079,0.6333,0.9941,0.4012,0.0111
6,9,7,2,0.6870,0.7817,0.9885,0.6208,0.0142
6,9,7,3,0.7317,0.7801,0.9883,0.6871,0.0362
6,9,7,4,0.8071,0.8535,0.9721,0.7716,0.0214
6,9,7,5,0.6764,0.7451,0.9584,0.5862,0.0280
6,9,7,6,0.6625,0.7231,0.9834,0.6112,0.0456
6,9,7,7,0.6081,0.6571,0.9758,0.5511,0.0501
6,9,7,8,0.4728,0.6318,0.9077,0.3401,0.0126
6,9,7,9,0.8990,0.9290,0.9924,0.8809,0.0223
6,9,7,10,0.5607,0.7471,0.9707,0.4797,0.0252
6,9,7,11,0.5891,0.6680,0.9816,0.5201,0.0353
6,9,8,0,0.6371,0.7254,0.9945,0.5622,0.0160
6,9,8,1,0.7373,0.7871,0.9843,0.6737,0.0210
6,9,8,2,0.6829,0.7203,0.9795,0.6411,0.0555
6,9,8,3,0.7543,0.8041,0.9872,0.6983,0.0112
6,9,8,4,0.6737,0.7666,0.9868,0.6111,0.0252
6,9,8,5,0.6584,0.7595,0.9866,0.5984,0.0301
6,9,8,6,0.7184,0.7531,0.9863,0.6755,0.0440
6,9,8,7,0.5845,0.6506,0.8195,0.4426,0.0510
6,9,8,8,0.7496,0.7837,0.8584,0.6784,0.0433
6,9,8,9,0.6857,0.7700,0.9867,0.6039,0.0184
6,9,8,10,0.7051,0.7880,0.9870,0.6505,0.0236
6,9,8,11,0.7520,0.7948,0.9759,0.6900,0.0183
6,9,9,0,0.6606,0.7896,0.9846,0.5799,0.0085
6,9,9,1,0.5866,0.6971,0.9893,0.4832,0.0090
6,9,9,2,0.4928,0.6486,0.9081,0.3352,0.0278
6,9,9,3,0.6524,0.7388,0.9785,0.5716,0.0106
6,9,9,4,0.6585,0.7582,0.9937,0.5842,0.0148
6,9,9,5,0.5857,0.7349,0.8868,0.4528,0.0381
6,9,9,6,0.6907,0.7438,0.9897,0.6369,0.0343
6,9,9,7,0.6526,0.7266,0.9828,0.5957,0.0347
6,9,9,8,0.4587,0.5932,0.8280,0.2588,0.0482
6,9,9,9,0.6730,0.7210,0.9834,0.6247,0.0502
6,9,9,10,0.4506,0.6989,0.9346,0.2617,0.0423
6,9,9,11,0.5541,0.6932,0.9700,0.4245,0.0215
6,9,10,0,0.5249,0.5995,0.6365,0.3361,0.0593
6,9,10,1,0.3000,0.6528,0.8291,0.1100,0.0210
6,9,10,2,0.4066,0.6363,0.7899,0.1836,0.0439
6,9,10,3,0.4283,0.5906,0.7281,0.2534,0.0271
6,9,10,4,0.3555,0.5493,0.8653,0.1589,0.0247
6,9,10,5,0.3429,0.6012,0.7949,0.1476,0.0208
6,9,10,6,0.2686,0.5861,0.8218,0.0558,0.0233
6,9,10,7,0.4629,0.5762,0.6745,0.2598,0.0450
6,9,10,8,0.6360,0.6540,0.7007,0.5330,0.0263
6,9,10,9,0.4076,0.6311,0.8107,0.2258,0.0318
6,9,10,10,0.3046,0.5211,0.9763,0.1179,0.0189
6,9,10,11,0.3784,0.5896,0.7361,0.1104,0.0546
6,9,11,0,0.4277,0.5269,0.7076,0.2820,0.0299
6,9,11,1,0.4566,0.5389,0.7182,0.3156,0.0301
6,9,11,2,0.4736,0.5849,0.7130,0.2828,0.0430
6,9,11,3,0.4561,0.5308,0.7013,0.3144,0.0277
6,9,11,4,0.4657,0.5346,0.7085,0.3164,0.0268
6,9,11,5,0.5010,0.5485,0.7040,0.3574,0.0282
6,9,11,6,0.4633,0.5639,0.7281,0.2997,0.0273
6,9,11,7,0.4345,0.5431,0.6873,0.2903,0.0310
6,9,11,8,0.5035,0.6039,0.8608,0.3392,0.0376
6,9,11,9,0.4506,0.6061,0.7349,0.2385,0.0469
6,9,11,10,0.4382,0.5403,0.7269,0.2665,0.0261
6,9,11,11,0.4202,0.5302,0.7012,0.2817,0.0346
6,10,0,0,0.4133,0.4882,0.4223,0.1821,0.0960
6,10,0,1,0.2361,0.4969,0.8420,-0.0015,0.0661
6,10,0,2,0.1459,0.4171,0.9784,-0.0355,0.0289
6,10,0,3,0.1915,0.4547,0.9595,0.0207,0.0279
6,10,0,4,0.4315,0.5469,0.6822,0.2516,0.0819
6,10,0,5,0.2544,0.5288,0.8696,0.0288,0.0660
6,10,0,6,0.3377,0.4819,0.5294,0.0676,0.0861
6,10,0,7,0.3828,0.5296,0.8345,0.1944,0.0636
6,10,0,8,0.2840,0.5055,0.6301,0.0002,0.0794
6,10,0,9,0.1907,0.4554,0.8959,-0.0575,0.0588
6,10,0,10,0.2002,0.4397,0.9755,0.0484,0.0171
6,10,0,11,0.2183,0.4439,0.9498,0.0057,0.0556
6,10,1,0,0.1945,0.6132,0.8934,-0.0174,0.0464
6,10,1,1,0.1079,0.3533,0.9933,-0.0651,0.0197
6,10,1,2,0.1327,0.4080,0.9489,-0.0722,0.0424
6,10,1,3,0.1802,0.4314,0.8723,-0.0676,0.0614
6,10,1,4,0.0931,0.4031,0.9938,-0.0587,0.0089
6,10,1,5,0.3116,0.5027,0.9201,0.1349,0.0450
6,10,1,6,0.0263,0.2431,0.9891,-0.1015,0.0329
6,10,1,7,0.1248,0.3613,0.9866,-0.0424,0.0185
6,10,1,8,0.4073,0.5772,0.7999,0.2302,0.0625
6,10,1,9,0.3182,0.4976,0.9731,0.1600,0.0371
6,10,1,10,0.1764,0.4158,0.9368,-0.0270,0.0475
6,10,1,11,0.2890,0.4857,0.9529,0.1002,0.0465
6,10,2,0,0.0783,0.3391,0.9728,-0.0354,0.0407
6,10,2,1,0.1693,0.3986,0.9979,0.0215,0.0079
6,10,2,2,0.1247,0.3549,0.9958,-0.0299,0.0149
6,10,2,3,0.2837,0.5089,0.9717,0.1260,0.0303
6,10,2,4,0.2650,0.4565,0.9177,0.0704,0.0460
6,10,2,5,0.2430,0.4515,0.8631,0.0164,0.0618
6,10,2,6,0.3669,0.4642,0.9632,0.2168,0.0419
6,10,2,7,0.1810,0.4066,0.8715,-0.0413,0.0562
6,10,2,8,0.2781,0.4838,0.9263,0.0902,0.0521
6,10,2,9,0.0856,0.3433,0.9735,-0.0285,0.0388
6,10,2,10,0.1147,0.3489,0.9787,-0.0640,0.0220
6,10,2,11,0.1629,0.3742,0.9562,-0.0358,0.0489
6,10,3,0,0.7136,0.7872,0.9917,0.6569,0.0387
6,10,3,1,0.6032,0.7003,0.8628,0.5074,0.0595
6,10,3,2,0.5666,0.7148,0.9029,0.4610,0.0532
6,10,3,3,0.5001,0.5960,0.8908,0.3711,0.0533
6,10,3,4,0.5225,0.6327,0.8409,0.3971,0.0637
6,10,3,5,0.1353,0.4270,0.9922,-0.0074,0.0085
6,10,3,6,0.6891,0.7460,0.8424,0.6249,0.0579
6,10,3,7,0.4635,0.5910,0.8727,0.3213,0.0544
6,10,3,8,0.5194,0.6537,0.9177,0.4014,0.0509
6,10,3,9,0.1331,0.3593,0.9953,-0.0113,0.0098
6,10,3,10,0.3754,0.5518,0.9628,0.2308,0.0365
6,10,3,11,0.3633,0.5596,0.9623,0.2149,0.0432
6,10,4,0,0.8521,0.8724,0.9876,0.8250,0.0180
6,10,4,1,0.6698,0.7447,0.8603,0.5992,0.0607
6,10,4,2,0.7977,0.8499,0.9708,0.7586,0.0356
6,10,4,3,0.8842,0.8533,0.9841,0.8709,0.0282
6,10,4,4,0.5891,0.6443,0.9186,0.4940,0.0526
6,10,4,5,0.6646,0.7186,0.9878,0.6043,0.0134
6,10,4,6,0.8984,0.9052,0.9943,0.8803,0.0156
6,10,4,7,0.8394,0.8807,0.9984,0.8139,0.0089
6,10,4,8,0.8359,0.8448,0.9856,0.8059,0.0185
6,10,4,9,0.8667,0.9007,0.9684,0.8444,0.0360
6,10,4,10,0.8676,0.8937,0.9883,0.8435,0.0298
6,10,4,11,0.7694,0.8320,0.9964,0.7306,0.0077
6,10,5,0,0.8052,0.8453,0.9880,0.7715,0.0095
6,10,5,1,0.9068,0.8886,0.9915,0.8956,0.0250
6,10,5,2,0.7960,0.8725,0.9496,0.7565,0.0366
6,10,5,3,0.9010,0.9116,0.9893,0.8835,0.0257
6,10,5,4,0.8405,0.8851,0.9425,0.8114,0.0337
6,10,5,5,0.8948,0.8735,0.9888,0.8811,0.0235
6,10,5,6,0.9055,0.8940,0.9952,0.8924,0.0170
6,10,5,7,0.8455,0.8816,0.9944,0.8211,0.0120
6,10,5,8,0.7367,0.7582,0.9714,0.6839,0.0357
6,10,5,9,0.5482,0.7015,0.9980,0.4711,0.0110
6,10,5,10,0.7558,0.8598,0.9883,0.7086,0.0246
6,10,5,11,0.7935,0.7854,0.9948,0.7589,0.0089
6,10,6,0,0.8312,0.8540,0.9980,0.8069,0.0182
6,10,6,1,0.7491,0.7807,0.9833,0.6991,0.0370
6,10,6,2,0.8344,0.8409,0.9936,0.8040,0.0190
6,10,6,3,0.8540,0.9010,0.9983,0.8314,0.0106
6,10,6,4,0.8928,0.9216,0.9985,0.8738,0.0113
6,10,6,5,0.7419,0.8510,0.9977,0.6939,0.0203
6,10,6,6,0.8074,0.8506,0.9930,0.7716,0.0197
6,10,6,7,0.7916,0.8647,0.9514,0.7526,0.0450
6,10,6,8,0.8359,0.8689,0.9871,0.8052,0.0210
6,10,6,9,0.7419,0.8442,0.9809,0.6926,0.0216
6,10,6,10,1.0000,1.0000,1.0000,1.0000,0.0000
6,10,6,11,0.6826,0.7521,0.9938,0.6270,0.0144
6,10,7,0,0.8701,0.8993,0.9557,0.8469,0.0302
6,10,7,1,0.7237,0.7439,0.9943,0.6734,0.0168
6,10,7,2,0.8340,0.8720,0.9913,0.8044,0.0086
6,10,7,3,0.9084,0.8878,0.9894,0.8948,0.0150
6,10,7,4,0.8496,0.8938,0.9988,0.8247,0.0088
6,10,7,5,0.7731,0.8101,0.9440,0.7288,0.0455
6,10,7,6,0.8942,0.8622,0.9892,0.8807,0.0249
6,10,7,7,0.8188,0.7847,0.9856,0.7963,0.0294
6,10,7,8,0.5771,0.7191,0.8664,0.4897,0.0298
6,10,7,9,0.8693,0.9081,0.9947,0.8473,0.0061
6,10,7,10,0.6460,0.7530,0.9974,0.5895,0.0082
6,10,7,11,0.8076,0.8211,0.9932,0.7795,0.0154
6,10,8,0,0.8532,0.8678,0.9944,0.8274,0.0102
6,10,8,1,0.8717,0.8829,0.9546,0.8485,0.0238
6,10,8,2,0.8926,0.8580,0.9877,0.8814,0.0347
6,10,8,3,0.8609,0.8828,0.9686,0.8354,0.0180
6,10,8,4,0.8701,0.8814,0.9981,0.8485,0.0103
6,10,8,5,0.8828,0.8794,0.9953,0.8648,0.0095
6,10,8,6,0.9093,0.8747,0.9890,0.8973,0.0224
6,10,8,7,0.6465,0.7076,0.7943,0.5685,0.0689
6,10,8,8,0.7086,0.7865,0.8191,0.6495,0.0612
6,10,8,9,0.7621,0.8076,0.9788,0.7147,0.0353
6,10,8,10,0.8695,0.8994,0.9962,0.8482,0.0099
6,10,8,11,0.7760,0.8159,0.9467,0.7322,0.0351
6,10,9,0,0.8107,0.8511,0.9906,0.7749,0.0222
6,10,9,1,0.7511,0.8096,0.9851,0.7019,0.0270
6,10,9,2,0.5905,0.7562,0.8679,0.4938,0.0483
6,10,9,3,0.8301,0.8244,0.9471,0.7985,0.0176
6,10,9,4,0.8614,0.8781,0.9749,0.8365,0.0124
6,10,9,5,0.7073,0.8223,0.8458,0.6477,0.0547
6,10,9,6,0.8809,0.8791,0.9841,0.8626,0.0148
6,10,9,7,0.8309,0.8351,0.9952,0.8065,0.0147
6,10,9,8,0.5186,0.6261,0.7922,0.3878,0.0672
6,10,9,9,0.8936,0.8642,0.9887,0.8805,0.0287
6,10,9,10,0.6113,0.7742,0.8989,0.5187,0.0609
6,10,9,11,0.6511,0.7953,0.9474,0.5740,0.0409
6,10,10,0,0.4424,0.5518,0.5598,0.2607,0.0767
6,10,10,1,0.3572,0.6424,0.8039,0.2121,0.0393
6,10,10,2,0.3782,0.6402,0.7548,0.1893,0.0628
6,10,10,3,0.5694,0.5874,0.6524,0.4677,0.0479
6,10,10,4,0.4347,0.5610,0.8112,0.2951,0.0443
6,10,10,5,0.3765,0.6335,0.7526,0.2240,0.0417
6,10,10,6,0.3044,0.6089,0.7891,0.1361,0.0446
6,10,10,7,0.5510,0.5949,0.5952,0.4329,0.0653
6,10,10,8,0.7219,0.6669,0.6079,0.6641,0.0446
6,10,10,9,0.4327,0.5998,0.7682,0.2913,0.0523
6,10,10,10,0.2572,0.4981,0.9742,0.0896,0.0392
6,10,10,11,0.3219,0.5829,0.6772,0.0814,0.0731
6,10,11,0,0.5481,0.5641,0.6412,0.4534,0.0371
6,10,11,1,0.5908,0.5632,0.6456,0.5044,0.0393
6,10,11,2,0.5157,0.5552,0.6272,0.3845,0.0605
6,10,11,3,0.5797,0.5603,0.6268,0.4905,0.0398
6,10,11,4,0.5825,0.5558,0.6322,0.4896,0.0433
6,10,11,5,0.6557,0.5632,0.6202,0.5803,0.0459
6,10,11,6,0.5593,0.5782,0.6571,0.4547,0.0491
6,10,11,7,0.5441,0.5740,0.6188,0.4485,0.0363
6,10,11,8,0.4925,0.5407,0.8143,0.3596,0.0563
6,10,11,9,0.4662,0.5697,0.6675,0.3093,0.0651
6,10,11,10,0.5510,0.5609,0.6551,0.4440,0.0461
6,10,11,11,0.5430,0.5685,0.6377,0.4520,0.0352
6,11,0,0,0.4004,0.4921,0.4287,0.1218,0.0989
6,11,0,1,0.2365,0.5319,0.8570,-0.0147,0.0674
6,11,0,2,0.4627,0.6428,0.9841,0.3441,0.0231
6,11,0,3,0.4836,0.6625,0.9617,0.3701,0.0227
6,11,0,4,0.4342,0.5658,0.6904,0.2408,0.0848
6,11,0,5,0.4298,0.6485,0.8855,0.2582,0.0670
6,11,0,6,0.3101,0.5235,0.5393,-0.0028,0.0877
6,11,0,7,0.2923,0.5239,0.8482,0.0516,0.0655
6,11,0,8,0.2605,0.5510,0.6403,-0.0578,0.0803
6,11,0,9,0.1659,0.5343,0.9056,-0.1053,0.0609
6,11,0,10,0.2513,0.5818,0.9858,0.1021,0.0165
6,11,0,11,0.3963,0.5905,0.9599,0.2289,0.0561
6,11,1,0,0.1922,0.5598,0.9078,-0.0317,0.0419
6,11,1,1,0.1275,0.4828,0.9989,-0.0501,0.0174
6,11,1,2,0.1484,0.4519,0.9607,-0.0627,0.0455
6,11,1,3,0.2297,0.4607,0.8716,-0.0132,0.0635
6,11,1,4,0.3038,0.5019,0.9984,0.1817,0.0181
6,11,1,5,0.2650,0.5009,0.9143,0.0643,0.0453
6,11,1,6,0.0342,0.2398,0.9767,-0.0986,0.0444
6,11,1,7,0.1164,0.3590,0.9776,-0.0607,0.0222
6,11,1,8,0.3233,0.5345,0.7966,0.0976,0.0624
6,11,1,9,0.2530,0.4625,0.9642,0.0692,0.0390
6,11,1,10,0.1754,0.4521,0.9414,-0.0389,0.0501
6,11,1,11,0.2199,0.5958,0.9648,-0.0013,0.0447
6,11,2,0,0.1035,0.4647,0.9877,-0.0120,0.0519
6,11,2,1,0.3015,0.5045,0.9863,0.1711,0.0141
6,11,2,2,0.1190,0.3735,0.9890,-0.0443,0.0242
6,11,2,3,0.2256,0.4603,0.9645,0.0456,0.0305
6,11,2,4,0.2499,0.4611,0.9156,0.0396,0.0479
6,11,2,5,0.2475,0.4684,0.8584,0.0096,0.0642
6,11,2,6,0.2795,0.5971,0.9788,0.0972,0.0417
6,11,2,7,0.1738,0.4228,0.8725,-0.0626,0.0593
6,11,2,8,0.2555,0.4978,0.9305,0.0502,0.0523
6,11,2,9,0.1095,0.4701,0.9882,-0.0067,0.0500
6,11,2,10,0.1072,0.3914,0.9845,-0.0820,0.0258
6,11,2,11,0.1635,0.4103,0.9558,-0.0452,0.0519
6,11,3,0,0.5076,0.6507,0.9822,0.4012,0.0260
6,11,3,1,0.5303,0.6495,0.8613,0.3969,0.0608
6,11,3,2,0.5056,0.7053,0.9047,0.3715,0.0527
6,11,3,3,0.4026,0.5723,0.8900,0.2306,0.0521
6,11,3,4,0.4016,0.5539,0.8440,0.2201,0.0646
6,11,3,5,0.4987,0.6332,0.9997,0.4120,0.0104
6,11,3,6,0.5297,0.6332,0.8334,0.3968,0.0550
6,11,3,7,0.3915,0.5493,0.8701,0.2142,0.0527
6,11,3,8,0.4949,0.6708,0.9271,0.3607,0.0506
6,11,3,9,0.1191,0.4274,0.9992,-0.0348,0.0160
6,11,3,10,0.2889,0.5900,0.9776,0.1134,0.0360
6,11,3,11,0.3772,0.5683,0.9523,0.2240,0.0428
6,11,4,0,0.5747,0.6905,0.9798,0.4899,0.0179
6,11,4,1,0.5161,0.6639,0.8682,0.3766,0.0629
6,11,4,2,0.5785,0.6766,0.9677,0.4840,0.0379
6,11,4,3,0.6125,0.6044,0.9712,0.5601,0.0397
6,11,4,4,0.4639,0.6203,0.9282,0.3252,0.0531
6,11,4,5,0.4612,0.6247,0.9681,0.3590,0.0168
6,11,4,6,0.6888,0.7761,0.9912,0.6282,0.0208
6,11,4,7,0.7612,0.7603,0.9959,0.7218,0.0214
6,11,4,8,0.5837,0.6439,0.9717,0.5019,0.0242
6,11,4,9,0.6341,0.6818,0.9574,0.5500,0.0380
6,11,4,10,0.6305,0.7100,0.9808,0.5527,0.0325
6,11,4,11,0.5616,0.6451,0.9921,0.4842,0.0100
6,11,5,0,0.5590,0.6361,0.9693,0.4788,0.0179
6,11,5,1,0.6625,0.6291,0.9801,0.6153,0.0365
6,11,5,2,0.5926,0.6838,0.9486,0.5007,0.0401
6,11,5,3,0.6022,0.6736,0.9818,0.5201,0.0294
6,11,5,4,0.6315,0.6783,0.9335,0.5482,0.0370
6,11,5,5,0.6273,0.6172,0.9762,0.5732,0.0352
6,11,5,6,0.6906,0.6667,0.9865,0.6439,0.0270
6,11,5,7,0.6025,0.6416,0.9811,0.5366,0.0232
6,11,5,8,0.5362,0.6315,0.9687,0.4323,0.0391
6,11,5,9,0.4023,0.6406,0.9959,0.2953,0.0099
6,11,5,10,0.7677,0.8266,0.9837,0.7196,0.0216
6,11,5,11,0.5750,0.6525,0.9855,0.5003,0.0223
6,11,6,0,0.5988,0.6396,0.9923,0.5374,0.0288
6,11,6,1,0.5694,0.6318,0.9792,0.4739,0.0394
6,11,6,2,0.7044,0.7660,0.9880,0.6455,0.0228
6,11,6,3,0.7175,0.7198,0.9914,0.6717,0.0206
6,11,6,4,0.6925,0.7446,0.9957,0.6339,0.0146
6,11,6,5,0.6161,0.7198,0.9960,0.5402,0.0212
6,11,6,6,0.6045,0.6951,0.9855,0.5251,0.0206
6,11,6,7,0.6145,0.6681,0.9474,0.5208,0.0471
6,11,6,8,0.6003,0.6559,0.9791,0.5148,0.0215
6,11,6,9,0.7038,0.7425,0.9606,0.6434,0.0195
6,11,6,10,0.6826,0.7521,0.9938,0.6270,0.0144
6,11,6,11,1.0000,1.0000,1.0000,1.0000,0.0000
6,11,7,0,0.6487,0.7009,0.9417,0.5723,0.0319
6,11,7,1,0.5477,0.6025,0.9823,0.4604,0.0222
6,11,7,2,0.5981,0.6537,0.9867,0.5220,0.0128
6,11,7,3,0.6369,0.6246,0.9752,0.5796,0.0262
6,11,7,4,0.8224,0.8674,0.9975,0.7919,0.0097
6,11,7,5,0.5999,0.6800,0.9378,0.5036,0.0470
6,11,7,6,0.6274,0.6103,0.9762,0.5738,0.0361
6,11,7,7,0.6981,0.6813,0.9795,0.6579,0.0406
6,11,7,8,0.5419,0.6260,0.8694,0.4411,0.0298
6,11,7,9,0.6723,0.6992,0.9838,0.6146,0.0166
6,11,7,10,0.4705,0.6256,0.9978,0.3819,0.0174
6,11,7,11,0.7530,0.7776,0.9880,0.7155,0.0254
6,11,8,0,0.6037,0.6634,0.9823,0.5303,0.0188
6,11,8,1,0.6378,0.6462,0.9440,0.5611,0.0287
6,11,8,2,0.6055,0.5799,0.9750,0.5539,0.0461
6,11,8,3,0.6297,0.6700,0.9608,0.5551,0.0211
6,11,8,4,0.6200,0.6457,0.9900,0.5537,0.0242
6,11,8,5,0.5988,0.6243,0.9856,0.5337,0.0221
6,11,8,6,0.6412,0.6205,0.9747,0.5883,0.0340
6,11,8,7,0.5856,0.6350,0.8010,0.4718,0.0709
6,11,8,8,0.6466,0.7053,0.8177,0.5579,0.0625
6,11,8,9,0.6244,0.7134,0.9710,0.5398,0.0366
6,11,8,10,0.6550,0.6810,0.9878,0.5962,0.0217
6,11,8,11,0.6307,0.7252,0.9368,0.5501,0.0366
6,11,9,0,0.6620,0.7356,0.9887,0.5916,0.0194
6,11,9,1,0.5138,0.6500,0.9766,0.4070,0.0241
6,11,9,2,0.4612,0.6701,0.8672,0.3164,0.0458
6,11,9,3,0.6764,0.7164,0.9357,0.6103,0.0207
6,11,9,4,0.6034,0.6429,0.9604,0.5266,0.0186
6,11,9,5,0.5265,0.6937,0.8424,0.3958,0.0573
6,11,9,6,0.5958,0.6209,0.9695,0.5303,0.0250
6,11,9,7,0.6029,0.6364,0.9848,0.5421,0.0260
6,11,9,8,0.4734,0.6306,0.8003,0.3115,0.0676
6,11,9,9,0.6053,0.5849,0.9754,0.5494,0.0402
6,11,9,10,0.4735,0.6521,0.8864,0.3209,0.0612
6,11,9,11,0.5041,0.6366,0.9408,0.3791,0.0394
6,11,10,0,0.4802,0.6080,0.5637,0.3049,0.0775
6,11,10,1,0.3438,0.6363,0.8273,0.1872,0.0317
6,11,10,2,0.3860,0.6264,0.7751,0.1875,0.0626
6,11,10,3,0.4314,0.5386,0.6629,0.2807,0.0413
6,11,10,4,0.3567,0.5623,0.8116,0.1853,0.0432
6,11,10,5,0.3911,0.5920,0.7720,0.2337,0.0386
6,11,10,6,0.2916,0.5975,0.8093,0.1105,0.0397
6,11,10,7,0.4475,0.5560,0.6050,0.2707,0.0635
6,11,10,8,0.5660,0.5761,0.6124,0.4597,0.0376
6,11,10,9,0.4079,0.6492,0.7874,0.2500,0.0479
6,11,10,10,0.2782,0.6135,0.9740,0.1069,0.0365
6,11,10,11,0.3507,0.5893,0.6804,0.1094,0.0738
6,11,11,0,0.4309,0.5060,0.6541,0.3035,0.0271
6,11,11,1,0.4437,0.5126,0.6549,0.3169,0.0284
6,11,11,2,0.4476,0.5655,0.6308,0.2766,0.0616
6,11,11,3,0.4537,0.5087,0.6363,0.3288,0.0289
6,11,11,4,0.4566,0.5115,0.6417,0.3243,0.0337
6,11,11,5,0.5176,0.5253,0.6267,0.3980,0.0366
6,11,11,6,0.4441,0.5387,0.6665,0.2972,0.0419
6,11,11,7,0.4451,0.5007,0.6336,0.3207,0.0261
6,11,11,8,0.4937,0.6431,0.8222,0.3513,0.0564
6,11,11,9,0.4300,0.6237,0.6775,0.2429,0.0664
6,11,11,10,0.4516,0.5341,0.6672,0.3069,0.0408
6,11,11,11,0.4277,0.4972,0.6521,0.3067,0.0225
7,0,0,0,0.4610,0.5621,0.5915,0.1263,0.0680
7,0,0,1,0.3026,0.5720,0.8988,0.0182,0.0365
7,0,0,2,0.1719,0.4475,0.9632,-0.0536,0.0182
7,0,0,3,0.1775,0.4554,0.9593,-0.0456,0.0152
7,0,0,4,0.5255,0.6315,0.7945,0.3179,0.0532
7,0,0,5,0.3339,0.6286,0.9250,0.0696,0.0361
7,0,0,6,0.4107,0.5546,0.6768,0.0822,0.0559
7,0,0,7,0.3766,0.5910,0.8846,0.1125,0.0338
7,0,0,8,0.3257,0.5792,0.7549,-0.0366,0.0497
7,0,0,9,0.2355,0.5170,0.9334,-0.0701,0.0304
7,0,0,10,0.2553,0.4811,0.9390,0.0748,0.0169
7,0,0,11,0.2327,0.5058,0.9469,-0.0396,0.0256
7,0,1,0,0.2506,0.7101,0.9556,-0.0049,0.0197
7,0,1,1,0.1415,0.4103,0.9441,-0.0712,0.0159
7,0,1,2,0.2069,0.5046,0.9511,-0.0338,0.0135
7,0,1,3,0.2321,0.5302,0.9314,-0.0695,0.0329
7,0,1,4,0.0977,0.3898,0.9279,-0.0946,0.0273
7,0,1,5,0.3442,0.5990,0.9818,0.1228,0.0153
7,0,1,6,0.0399,0.3066,0.9422,-0.1204,0.0610
7,0,1,7,0.1535,0.4574,0.9903,-0.0530,0.0182
7,0,1,8,0.4371,0.6673,0.9050,0.2037,0.0325
7,0,1,9,0.3256,0.5660,0.9916,0.1215,0.0121
7,0,1,10,0.1978,0.4522,0.9610,-0.0583,0.0183
7,0,1,11,0.2855,0.5117,0.9411,0.0356,0.0174
7,0,2,0,0.1101,0.3641,0.8779,-0.0282,0.0690
7,0,2,1,0.1989,0.4508,0.9497,0.0174,0.0264
7,0,2,2,0.1510,0.4369,0.9780,-0.0400,0.0249
7,0,2,3,0.3090,0.5940,0.9931,0.1122,0.0081
7,0,2,4,0.2942,0.5470,0.9702,0.0493,0.0166
7,0,2,5,0.2930,0.5404,0.9371,0.0151,0.0330
7,0,2,6,0.3497,0.4919,0.9469,0.1465,0.0141
7,0,2,7,0.2313,0.4855,0.9403,-0.0391,0.0293
7,0,2,8,0.3127,0.5714,0.9520,0.0782,0.0222
7,0,2,9,0.1193,0.3681,0.8793,-0.0191,0.0671
7,0,2,10,0.1651,0.4218,0.9757,-0.0505,0.0183
7,0,2,11,0.1710,0.4495,0.9707,-0.0826,0.0193
7,0,3,0,0.6937,0.8287,0.9850,0.6122,0.0378
7,0,3,1,0.6511,0.7880,0.9452,0.5239,0.0296
7,0,3,2,0.6193,0.7539,0.9546,0.4875,0.0233
7,0,3,3,0.5587,0.6901,0.9655,0.4003,0.0246
7,0,3,4,0.5256,0.6657,0.9087,0.3451,0.0337
7,0,3,5,0.1365,0.4287,0.9377,-0.0447,0.0344
7,0,3,6,0.6917,0.8130,0.9442,0.5826,0.0288
7,0,3,7,0.5128,0.6865,0.9564,0.3348,0.0245
7,0,3,8,0.5179,0.6702,0.9618,0.3533,0.0213
7,0,3,9,0.1474,0.4101,0.9378,-0.0332,0.0289
7,0,3,10,0.4462,0.6179,0.9321,0.2778,0.0132
7,0,3,11,0.3633,0.5639,0.9867,0.1684,0.0155
7,0,4,0,0.8624,0.8927,0.9894,0.8300,0.0148
7,0,4,1,0.7122,0.7801,0.9101,0.6113,0.0313
7,0,4,2,0.7841,0.8531,0.9893,0.7236,0.0155
7,0,4,3,0.8287,0.8362,0.9533,0.8119,0.0566
7,0,4,4,0.6491,0.6807,0.9306,0.5355,0.0228
7,0,4,5,0.6875,0.7479,0.9676,0.6172,0.0192
7,0,4,6,0.8751,0.9021,0.9759,0.8469,0.0154
7,0,4,7,0.8298,0.8597,0.9408,0.8013,0.0362
7,0,4,8,0.8080,0.8424,0.9775,0.7632,0.0158
7,0,4,9,0.8986,0.9258,0.9924,0.8693,0.0144
7,0,4,10,0.8842,0.8998,0.9836,0.8541,0.0089
7,0,4,11,0.7535,0.8316,0.9722,0.7043,0.0317
7,0,5,0,0.8286,0.8830,0.9729,0.7939,0.0242
7,0,5,1,0.8653,0.8661,0.9451,0.8532,0.0534
7,0,5,2,0.8803,0.9109,0.9855,0.8465,0.0135
7,0,5,3,0.9157,0.9278,0.9843,0.8947,0.0103
7,0,5,4,0.8780,0.9173,0.9952,0.8432,0.0133
7,0,5,5,0.8428,0.8539,0.9580,0.8247,0.0523
7,0,5,6,0.8638,0.8672,0.9424,0.8474,0.0470
7,0,5,7,0.8474,0.8928,0.9614,0.8226,0.0327
7,0,5,8,0.7177,0.7687,0.9747,0.6389,0.0103
7,0,5,9,0.6172,0.7403,0.9620,0.5365,0.0297
7,0,5,10,0.7830,0.8148,0.9779,0.7268,0.0167
7,0,5,11,0.7464,0.7659,0.9782,0.6960,0.0287
7,0,6,0,0.7702,0.8271,0.9455,0.7348,0.0416
7,0,6,1,0.7570,0.7816,0.9706,0.6897,0.0104
7,0,6,2,0.8236,0.8287,0.9804,0.7815,0.0138
7,0,6,3,0.8314,0.8718,0.9490,0.8043,0.0374
7,0,6,4,0.8372,0.8782,0.9600,0.8014,0.0198
7,0,6,5,0.7673,0.8595,0.9532,0.7122,0.0154
7,0,6,6,0.8108,0.8615,0.9708,0.7652,0.0157
7,0,6,7,0.8635,0.9025,0.9703,0.8224,0.0162
7,0,6,8,0.8033,0.8755,0.9895,0.7512,0.0154
7,0,6,9,0.8032,0.8640,0.9821,0.7542,0.0131
7,0,6,10,0.8701,0.8993,0.9557,0.8469,0.0302
7,0,6,11,0.6487,0.7009,0.9417,0.5723,0.0319
7,0,7,0,1.0000,1.0000,1.0000,1.0000,0.0000
7,0,7,1,0.6874,0.7422,0.9777,0.6152,0.0151
7,0,7,2,0.8223,0.8769,0.9811,0.7835,0.0243
7,0,7,3,0.8652,0.8761,0.9579,0.8469,0.0430
7,0,7,4,0.8004,0.8396,0.9457,0.7629,0.0332
7,0,7,5,0.8610,0.8834,0.9797,0.8194,0.0160
7,0,7,6,0.8312,0.8419,0.9497,0.8113,0.0528
7,0,7,7,0.7627,0.7693,0.9502,0.7330,0.0575
7,0,7,8,0.6492,0.7938,0.9538,0.5533,0.0134
7,0,7,9,0.8545,0.8753,0.9671,0.8277,0.0308
7,0,7,10,0.7028,0.7879,0.9439,0.6470,0.0354
7,0,7,11,0.7579,0.7871,0.9622,0.7195,0.0444
7,0,8,0,0.8108,0.8562,0.9742,0.7708,0.0228
7,0,8,1,0.8778,0.8999,0.9919,0.8458,0.0221
7,0,8,2,0.8379,0.8381,0.9445,0.8248,0.0629
7,0,8,3,0.8770,0.8927,0.9760,0.8475,0.0137
7,0,8,4,0.8387,0.8728,0.9689,0.8089,0.0315
7,0,8,5,0.8386,0.8738,0.9645,0.8134,0.0377
7,0,8,6,0.8600,0.8626,0.9559,0.8444,0.0510
7,0,8,7,0.7155,0.7466,0.8749,0.6155,0.0390
7,0,8,8,0.8501,0.8710,0.9158,0.8064,0.0313
7,0,8,9,0.8075,0.8429,0.9814,0.7526,0.0089
7,0,8,10,0.8884,0.9013,0.9648,0.8707,0.0297
7,0,8,11,0.8569,0.8772,0.9977,0.8178,0.0117
7,0,9,0,0.8112,0.8604,0.9737,0.7629,0.0157
7,0,9,1,0.7338,0.8405,0.9911,0.6615,0.0154
7,0,9,2,0.6601,0.8024,0.9620,0.5463,0.0183
7,0,9,3,0.7685,0.8433,0.9917,0.7107,0.0164
7,0,9,4,0.8441,0.8871,0.9928,0.8090,0.0216
7,0,9,5,0.7648,0.8671,0.9369,0.6869,0.0269
7,0,9,6,0.8387,0.8707,0.9664,0.8136,0.0415
7,0,9,7,0.8034,0.8337,0.9543,0.7747,0.0438
7,0,9,8,0.5082,0.6556,0.8837,0.3088,0.0374
7,0,9,9,0.8283,0.8446,0.9511,0.8089,0.0570
7,0,9,10,0.6470,0.7992,0.9586,0.5197,0.0309
7,0,9,11,0.6487,0.8465,0.9942,0.5369,0.0144
7,0,10,0,0.5325,0.6439,0.7355,0.3186,0.0468
7,0,10,1,0.4345,0.7130,0.8958,0.2677,0.0237
7,0,10,2,0.4656,0.7382,0.8760,0.2464,0.0330
7,0,10,3,0.5911,0.6915,0.8101,0.4556,0.0217
7,0,10,4,0.4871,0.6708,0.9357,0.3171,0.0189
7,0,10,5,0.4636,0.7041,0.8742,0.2903,0.0155
7,0,10,6,0.3876,0.6914,0.8947,0.1941,0.0210
7,0,10,7,0.6180,0.7051,0.7814,0.4689,0.0359
7,0,10,8,0.7495,0.7328,0.7686,0.6719,0.0271
7,0,10,9,0.4971,0.6793,0.8821,0.3288,0.0287
7,0,10,10,0.2728,0.5347,0.9758,0.0606,0.0170
7,0,10,11,0.4427,0.6801,0.8195,0.1826,0.0430
7,0,11,0,0.5861,0.6626,0.7856,0.4717,0.0357
7,0,11,1,0.6206,0.6585,0.7935,0.5135,0.0356
7,0,11,2,0.5965,0.6623,0.8093,0.4408,0.0306
7,0,11,3,0.6175,0.6529,0.7796,0.5091,0.0335
7,0,11,4,0.6251,0.6531,0.7886,0.5111,0.0277
7,0,11,5,0.6746,0.6555,0.7906,0.5728,0.0283
7,0,11,6,0.6165,0.6921,0.8197,0.4898,0.0238
7,0,11,7,0.5955,0.6657,0.7652,0.4834,0.0371
7,0,11,8,0.5633,0.6181,0.9262,0.4046,0.0262
7,0,11,9,0.5564,0.6684,0.8317,0.3740,0.0353
7,0,11,10,0.5908,0.6516,0.8110,0.4552,0.0217
7,0,11,11,0.5837,0.6588,0.7740,0.4761,0.0422
7,1,0,0,0.4660,0.5244,0.4938,0.2412,0.0810
7,1,0,1,0.2903,0.5523,0.8708,0.0463,0.0506
7,1,0,2,0.1221,0.3598,0.9828,-0.0839,0.0209
7,1,0,3,0.0956,0.3894,0.9711,-0.1159,0.0163
7,1,0,4,0.4512,0.5689,0.7340,0.2510,0.0665
7,1,0,5,0.2622,0.5404,0.8938,0.0126,0.0497
7,1,0,6,0.3746,0.5243,0.5931,0.0892,0.0700
7,1,0,7,0.3019,0.5647,0.8638,0.0504,0.0477
7,1,0,8,0.3880,0.5646,0.6864,0.1325,0.0638
7,1,0,9,0.2101,0.4386,0.9192,-0.0589,0.0435
7,1,0,10,0.2963,0.5491,0.9719,0.1489,0.0109
7,1,0,11,0.2515,0.4632,0.9593,0.0258,0.0396
7,1,1,0,0.2052,0.5447,0.9152,-0.0268,0.0329
7,1,1,1,0.1670,0.4097,0.9843,-0.0111,0.0125
7,1,1,2,0.1628,0.4084,0.9586,-0.0556,0.0269
7,1,1,3,0.2024,0.4412,0.9063,-0.0649,0.0467
7,1,1,4,0.0620,0.2952,0.9794,-0.1109,0.0149
7,1,1,5,0.3231,0.4611,0.9499,0.1290,0.0293
7,1,1,6,0.0449,0.2186,0.9809,-0.0929,0.0468
7,1,1,7,0.1343,0.3479,0.9957,-0.0480,0.0109
7,1,1,8,0.3879,0.5554,0.8477,0.1758,0.0462
7,1,1,9,0.3059,0.4401,0.9892,0.1263,0.0218
7,1,1,10,0.1780,0.3737,0.9566,-0.0471,0.0319
7,1,1,11,0.2582,0.4279,0.9589,0.0370,0.0314
7,1,2,0,0.1462,0.4447,0.9456,0.0312,0.0546
7,1,2,1,0.1394,0.3389,0.9938,-0.0294,0.0145
7,1,2,2,0.1306,0.3030,0.9981,-0.0386,0.0133
7,1,2,3,0.2816,0.4479,0.9875,0.1060,0.0158
7,1,2,4,0.2738,0.4618,0.9465,0.0593,0.0307
7,1,2,5,0.2890,0.4589,0.9019,0.0533,0.0466
7,1,2,6,0.3274,0.4110,0.9639,0.1483,0.0262
7,1,2,7,0.2128,0.4283,0.9068,-0.0237,0.0410
7,1,2,8,0.3403,0.4898,0.9461,0.1500,0.0362
7,1,2,9,0.1491,0.4483,0.9466,0.0331,0.0527
7,1,2,10,0.1233,0.3446,0.9834,-0.0719,0.0157
7,1,2,11,0.2073,0.3944,0.9718,-0.0006,0.0335
7,1,3,0,0.6322,0.6949,0.9974,0.5485,0.0385
7,1,3,1,0.5424,0.7249,0.9011,0.4027,0.0436
7,1,3,2,0.5626,0.6631,0.9316,0.4380,0.0369
7,1,3,3,0.6399,0.7015,0.9246,0.5404,0.0379
7,1,3,4,0.4901,0.5791,0.8775,0.3307,0.0478
7,1,3,5,0.0713,0.3235,0.9802,-0.0975,0.0221
7,1,3,6,0.6689,0.7473,0.8881,0.5790,0.0436
7,1,3,7,0.5269,0.5909,0.9100,0.3865,0.0387
7,1,3,8,0.3964,0.5369,0.9385,0.2213,0.0347
7,1,3,9,0.1849,0.3536,0.9821,0.0354,0.0179
7,1,3,10,0.4448,0.5642,0.9605,0.3017,0.0236
7,1,3,11,0.2597,0.4659,0.9837,0.0655,0.0267
7,1,4,0,0.7416,0.7903,0.9959,0.6873,0.0078
7,1,4,1,0.7412,0.8078,0.8904,0.6802,0.0446
7,1,4,2,0.8105,0.8284,0.9860,0.7670,0.0206
7,1,4,3,0.8194,0.8007,0.9806,0.7976,0.0425
7,1,4,4,0.6715,0.6969,0.9348,0.5862,0.0364
7,1,4,5,0.7623,0.7954,0.9953,0.7150,0.0078
7,1,4,6,0.7020,0.7696,0.9958,0.6408,0.0067
7,1,4,7,0.7212,0.7181,0.9876,0.6735,0.0232
7,1,4,8,0.9134,0.9203,0.9960,0.8955,0.0066
7,1,4,9,0.8277,0.8582,0.9879,0.7881,0.0241
7,1,4,10,0.6807,0.7178,0.9958,0.6096,0.0147
7,1,4,11,0.8257,0.8186,0.9946,0.7939,0.0178
7,1,5,0,0.8039,0.8192,0.9951,0.7667,0.0116
7,1,5,1,0.7980,0.7813,0.9845,0.7710,0.0389
7,1,5,2,0.7726,0.7750,0.9706,0.7195,0.0214
7,1,5,3,0.7365,0.7571,0.9965,0.6792,0.0119
7,1,5,4,0.8095,0.8135,0.9684,0.7655,0.0199
7,1,5,5,0.8407,0.8265,0.9861,0.8193,0.0379
7,1,5,6,0.7269,0.7289,0.9867,0.6848,0.0332
7,1,5,7,0.8428,0.8422,0.9924,0.8166,0.0186
7,1,5,8,0.9583,0.9565,0.9853,0.9509,0.0204
7,1,5,9,0.5634,0.6384,0.9944,0.4816,0.0196
7,1,5,10,0.6228,0.6652,0.9957,0.5388,0.0173
7,1,5,11,0.8970,0.8922,0.9977,0.8786,0.0152
7,1,6,0,0.8061,0.8035,0.9880,0.7770,0.0277
7,1,6,1,0.9013,0.9033,0.9903,0.8800,0.0218
7,1,6,2,0.6372,0.6369,0.9968,0.5608,0.0082
7,1,6,3,0.7179,0.7355,0.9908,0.6705,0.0244
7,1,6,4,0.7967,0.7821,0.9949,0.7559,0.0118
7,1,6,5,0.8160,0.8452,0.9928,0.7777,0.0122
7,1,6,6,0.8402,0.8471,0.9971,0.8065,0.0105
7,1,6,7,0.8120,0.8247,0.9718,0.7685,0.0294
7,1,6,8,0.7958,0.8162,0.9964,0.7501,0.0146
7,1,6,9,0.5079,0.6333,0.9941,0.4012,0.0111
7,1,6,10,0.7237,0.7439,0.9943,0.6734,0.0168
7,1,6,11,0.5477,0.6025,0.9823,0.4604,0.0222
7,1,7,0,0.6874,0.7422,0.9777,0.6152,0.0151
7,1,7,1,1.0000,1.0000,1.0000,1.0000,0.0000
7,1,7,2,0.8371,0.8384,0.9948,0.8046,0.0143
7,1,7,3,0.8059,0.7990,0.9876,0.7752,0.0294
7,1,7,4,0.6147,0.6745,0.9890,0.5451,0.0197
7,1,7,5,0.7682,0.8125,0.9674,0.7122,0.0295
7,1,7,6,0.8318,0.8125,0.9843,0.8094,0.0382
7,1,7,7,0.7769,0.7491,0.9787,0.7481,0.0432
7,1,7,8,0.7085,0.7760,0.8950,0.6413,0.0171
7,1,7,9,0.6391,0.6742,0.9954,0.5727,0.0183
7,1,7,10,0.6697,0.7257,0.9869,0.6124,0.0212
7,1,7,11,0.7956,0.7855,0.9882,0.7644,0.0307
7,1,8,0,0.8772,0.8981,0.9971,0.8534,0.0105
7,1,8,1,0.7927,0.8129,0.9758,0.7467,0.0197
7,1,8,2,0.7986,0.7817,0.9809,0.7751,0.0483
7,1,8,3,0.7738,0.8220,0.9824,0.7257,0.0084
7,1,8,4,0.8288,0.8213,0.9960,0.7980,0.0177
7,1,8,5,0.8486,0.8612,0.9920,0.8242,0.0237
7,1,8,6,0.8041,0.8087,0.9861,0.7762,0.0369
7,1,8,7,0.6855,0.7054,0.8348,0.6034,0.0528
7,1,8,8,0.6725,0.7220,0.8635,0.5843,0.0447
7,1,8,9,0.8129,0.8442,0.9926,0.7698,0.0196
7,1,8,10,0.8108,0.8311,0.9931,0.7777,0.0157
7,1,8,11,0.6847,0.7849,0.9700,0.6118,0.0195
7,1,9,0,0.7939,0.8257,0.9947,0.7486,0.0152
7,1,9,1,0.7630,0.8054,0.9952,0.7089,0.0178
7,1,9,2,0.6836,0.7492,0.9057,0.6006,0.0330
7,1,9,3,0.7199,0.8121,0.9675,0.6593,0.0106
7,1,9,4,0.8320,0.8389,0.9883,0.7978,0.0107
7,1,9,5,0.7470,0.8253,0.8884,0.6856,0.0391
7,1,9,6,0.7838,0.7911,0.9858,0.7483,0.0288
7,1,9,7,0.8115,0.8418,0.9890,0.7833,0.0297
7,1,9,8,0.5947,0.7171,0.8355,0.4731,0.0512
7,1,9,9,0.7978,0.7953,0.9840,0.7706,0.0427
7,1,9,10,0.7383,0.8546,0.9353,0.6747,0.0448
7,1,9,11,0.6217,0.7239,0.9712,0.5227,0.0282
7,1,10,0,0.4285,0.5430,0.6288,0.2030,0.0604
7,1,10,1,0.3802,0.6146,0.8282,0.2242,0.0296
7,1,10,2,0.4249,0.6141,0.7943,0.2294,0.0470
7,1,10,3,0.6047,0.5733,0.7005,0.4980,0.0354
7,1,10,4,0.4613,0.6173,0.8508,0.3115,0.0306
7,1,10,5,0.4040,0.6514,0.7866,0.2409,0.0267
7,1,10,6,0.3516,0.6518,0.8176,0.1772,0.0301
7,1,10,7,0.5246,0.5847,0.6563,0.3697,0.0501
7,1,10,8,0.6265,0.6023,0.6625,0.5301,0.0328
7,1,10,9,0.4336,0.5841,0.8036,0.2739,0.0379
7,1,10,10,0.2871,0.4433,0.9859,0.1088,0.0254
7,1,10,11,0.3703,0.6083,0.7360,0.1225,0.0566
7,1,11,0,0.5374,0.5841,0.6780,0.4284,0.0374
7,1,11,1,0.5552,0.5546,0.6858,0.4486,0.0369
7,1,11,2,0.5881,0.6178,0.6884,0.4642,0.0442
7,1,11,3,0.5812,0.5727,0.6679,0.4806,0.0351
7,1,11,4,0.5810,0.5729,0.6762,0.4744,0.0333
7,1,11,5,0.6369,0.5794,0.6710,0.5433,0.0353
7,1,11,6,0.5362,0.5768,0.7027,0.4082,0.0353
7,1,11,7,0.5312,0.5621,0.6568,0.4205,0.0378
7,1,11,8,0.5036,0.5437,0.8548,0.3542,0.0399
7,1,11,9,0.4835,0.5903,0.7235,0.3076,0.0491
7,1,11,10,0.5747,0.6188,0.7010,0.4587,0.0333
7,1,11,11,0.5241,0.5640,0.6713,0.4182,0.0414
7,2,0,0,0.4732,0.5165,0.4860,0.2705,0.0903
7,2,0,1,0.2514,0.5236,0.8726,-0.0026,0.0591
7,2,0,2,0.1257,0.3809,0.9876,-0.0755,0.0213
7,2,0,3,0.0849,0.4121,0.9782,-0.1250,0.0197
7,2,0,4,0.4266,0.5516,0.7280,0.2195,0.0762
7,2,0,5,0.2322,0.5586,0.9017,-0.0236,0.0590
7,2,0,6,0.3363,0.5112,0.5884,0.0297,0.0793
7,2,0,7,0.3260,0.5455,0.8607,0.0910,0.0569
7,2,0,8,0.3158,0.5558,0.6825,0.0209,0.0723
7,2,0,9,0.2144,0.4821,0.9185,-0.0473,0.0526
7,2,0,10,0.3694,0.5567,0.9810,0.2399,0.0102
7,2,0,11,0.2283,0.4956,0.9589,-0.0003,0.0482
7,2,1,0,0.2283,0.6412,0.9345,0.0082,0.0378
7,2,1,1,0.2396,0.4545,0.9856,0.0802,0.0123
7,2,1,2,0.1754,0.4417,0.9622,-0.0354,0.0376
7,2,1,3,0.2058,0.4547,0.8983,-0.0545,0.0551
7,2,1,4,0.0672,0.3257,0.9804,-0.1014,0.0099
7,2,1,5,0.3488,0.5125,0.9508,0.1668,0.0372
7,2,1,6,0.0501,0.2526,0.9821,-0.0844,0.0408
7,2,1,7,0.1480,0.3816,0.9961,-0.0280,0.0144
7,2,1,8,0.4482,0.5993,0.8438,0.2676,0.0545
7,2,1,9,0.3352,0.4852,0.9865,0.1671,0.0308
7,2,1,10,0.1667,0.3961,0.9570,-0.0571,0.0417
7,2,1,11,0.2907,0.4868,0.9587,0.0846,0.0387
7,2,2,0,0.2303,0.4606,0.9511,0.1294,0.0486
7,2,2,1,0.1901,0.3907,0.9847,0.0343,0.0056
7,2,2,2,0.1418,0.3412,0.9985,-0.0220,0.0152
7,2,2,3,0.3175,0.5082,0.9875,0.1543,0.0227
7,2,2,4,0.2984,0.4955,0.9455,0.0963,0.0393
7,2,2,5,0.3098,0.4843,0.8946,0.0872,0.0558
7,2,2,6,0.3535,0.4755,0.9717,0.1854,0.0338
7,2,2,7,0.2000,0.4392,0.9048,-0.0357,0.0512
7,2,2,8,0.3590,0.5095,0.9419,0.1787,0.0443
7,2,2,9,0.2388,0.4654,0.9519,0.1377,0.0467
7,2,2,10,0.1441,0.3892,0.9916,-0.0428,0.0177
7,2,2,11,0.1848,0.4058,0.9674,-0.0249,0.0438
7,2,3,0,0.7601,0.8280,0.9968,0.7075,0.0324
7,2,3,1,0.6335,0.7434,0.9005,0.5335,0.0528
7,2,3,2,0.6485,0.7290,0.9300,0.5561,0.0445
7,2,3,3,0.6367,0.7003,0.9288,0.5395,0.0451
7,2,3,4,0.6231,0.6749,0.8708,0.5193,0.0566
7,2,3,5,0.0849,0.3851,0.9855,-0.0783,0.0125
7,2,3,6,0.7393,0.7831,0.8861,0.6800,0.0500
7,2,3,7,0.5537,0.6277,0.9116,0.4267,0.0459
7,2,3,8,0.4731,0.6118,0.9462,0.3264,0.0429
7,2,3,9,0.3132,0.4597,0.9845,0.1897,0.0112
7,2,3,10,0.5297,0.6185,0.9618,0.4125,0.0292
7,2,3,11,0.2989,0.5149,0.9807,0.1192,0.0351
7,2,4,0,0.8449,0.8721,0.9972,0.8131,0.0111
7,2,4,1,0.7388,0.7750,0.8853,0.6803,0.0547
7,2,4,2,0.8816,0.8990,0.9899,0.8567,0.0295
7,2,4,3,0.9298,0.9141,0.9854,0.9246,0.0364
7,2,4,4,0.6684,0.6908,0.9302,0.5848,0.0451
7,2,4,5,0.7765,0.7764,0.9861,0.7328,0.0112
7,2,4,6,0.7757,0.8391,0.9963,0.7306,0.0136
7,2,4,7,0.8539,0.8650,0.9867,0.8298,0.0160
7,2,4,8,0.9165,0.9088,0.9922,0.8996,0.0168
7,2,4,9,0.9125,0.9366,0.9847,0.8961,0.0302
7,2,4,10,0.7830,0.7994,0.9927,0.7361,0.0249
7,2,4,11,0.9228,0.9557,0.9981,0.9091,0.0100
7,2,5,0,0.8980,0.9033,0.9899,0.8790,0.0094
7,2,5,1,0.9375,0.9247,0.9851,0.9322,0.0332
7,2,5,2,0.8895,0.8992,0.9760,0.8667,0.0316
7,2,5,3,0.8477,0.8663,0.9941,0.8157,0.0206
7,2,5,4,0.9273,0.9346,0.9744,0.9140,0.0289
7,2,5,5,0.9430,0.9292,0.9890,0.9377,0.0319
7,2,5,6,0.8959,0.9005,0.9860,0.8817,0.0251
7,2,5,7,0.9223,0.9272,0.9912,0.9100,0.0145
7,2,5,8,0.8453,0.8344,0.9829,0.8117,0.0308
7,2,5,9,0.7011,0.7972,0.9957,0.6461,0.0095
7,2,5,10,0.7071,0.7437,0.9952,0.6435,0.0162
7,2,5,11,0.9056,0.8721,0.9986,0.8888,0.0123
7,2,6,0,0.8853,0.8980,0.9880,0.8693,0.0249
7,2,6,1,0.7976,0.8036,0.9834,0.7527,0.0317
7,2,6,2,0.7666,0.7900,0.9997,0.7185,0.0157
7,2,6,3,0.8593,0.8779,0.9898,0.8367,0.0165
7,2,6,4,0.8799,0.8841,0.9929,0.8562,0.0070
7,2,6,5,0.8628,0.9013,0.9914,0.8348,0.0141
7,2,6,6,0.9151,0.9190,0.9954,0.8978,0.0130
7,2,6,7,0.8827,0.9059,0.9656,0.8614,0.0391
7,2,6,8,0.8835,0.9070,0.9976,0.8589,0.0144
7,2,6,9,0.6870,0.7817,0.9885,0.6208,0.0142
7,2,6,10,0.8340,0.8720,0.9913,0.8044,0.0086
7,2,6,11,0.5981,0.6537,0.9867,0.5220,0.0128
7,2,7,0,0.8223,0.8769,0.9811,0.7835,0.0243
7,2,7,1,0.8371,0.8384,0.9948,0.8046,0.0143
7,2,7,2,1.0000,1.0000,1.0000,1.0000,0.0000
7,2,7,3,0.9286,0.9243,0.9884,0.9186,0.0225
7,2,7,4,0.7523,0.7943,0.9888,0.7085,0.0123
7,2,7,5,0.7747,0.8071,0.9622,0.7225,0.0389
7,2,7,6,0.9295,0.9189,0.9856,0.9223,0.0326
7,2,7,7,0.8591,0.8443,0.9878,0.8428,0.0372
7,2,7,8,0.6394,0.8018,0.9245,0.5577,0.0227
7,2,7,9,0.8173,0.8449,0.9950,0.7845,0.0093
7,2,7,10,0.8162,0.8346,0.9892,0.7853,0.0156
7,2,7,11,0.8248,0.8309,0.9948,0.7985,0.0232
7,2,8,0,0.8983,0.9187,0.9963,0.8789,0.0096
7,2,8,1,0.9458,0.9492,0.9834,0.9352,0.0195
7,2,8,2,0.9342,0.9157,0.9828,0.9307,0.0427
7,2,8,3,0.9158,0.9106,0.9875,0.8986,0.0129
7,2,8,4,0.9161,0.9234,0.9958,0.9014,0.0145
7,2,8,5,0.9317,0.9419,0.9940,0.9216,0.0171
7,2,8,6,0.9222,0.9209,0.9872,0.9132,0.0302
7,2,8,7,0.6591,0.7125,0.8292,0.5698,0.0624
7,2,8,8,0.7466,0.7895,0.8608,0.6881,0.0548
7,2,8,9,0.8237,0.8480,0.9883,0.7847,0.0283
7,2,8,10,0.8807,0.9202,0.9953,0.8604,0.0134
7,2,8,11,0.7381,0.8188,0.9786,0.6795,0.0292
7,2,9,0,0.8727,0.8965,0.9962,0.8458,0.0135
7,2,9,1,0.8186,0.8474,0.9957,0.7789,0.0196
7,2,9,2,0.6702,0.7579,0.9166,0.5857,0.0392
7,2,9,3,0.8065,0.8858,0.9796,0.7658,0.0121
7,2,9,4,0.9090,0.9220,0.9926,0.8908,0.0079
7,2,9,5,0.8075,0.8441,0.8872,0.7706,0.0490
7,2,9,6,0.9219,0.9267,0.9896,0.9103,0.0206
7,2,9,7,0.8762,0.8939,0.9895,0.8587,0.0225
7,2,9,8,0.6248,0.7023,0.8375,0.5208,0.0595
7,2,9,9,0.9238,0.9150,0.9857,0.9163,0.0363
7,2,9,10,0.7111,0.8213,0.9242,0.6407,0.0534
7,2,9,11,0.7325,0.8308,0.9752,0.6682,0.0322
7,2,10,0,0.4623,0.5780,0.6349,0.2652,0.0695
7,2,10,1,0.3901,0.7180,0.8706,0.2400,0.0316
7,2,10,2,0.4305,0.7083,0.8225,0.2426,0.0549
7,2,10,3,0.6279,0.6762,0.7458,0.5313,0.0398
7,2,10,4,0.4559,0.6222,0.8792,0.3081,0.0364
7,2,10,5,0.4306,0.7324,0.8299,0.2789,0.0330
7,2,10,6,0.3543,0.7062,0.8597,0.1845,0.0358
7,2,10,7,0.5757,0.6835,0.6884,0.4493,0.0567
7,2,10,8,0.7695,0.7224,0.7037,0.7158,0.0365
7,2,10,9,0.4843,0.6675,0.8419,0.3438,0.0445
7,2,10,10,0.3286,0.5103,0.9869,0.1644,0.0303
7,2,10,11,0.3667,0.6352,0.7379,0.1236,0.0657
7,2,11,0,0.6001,0.6676,0.7344,0.5083,0.0319
7,2,11,1,0.6152,0.6527,0.7390,0.5257,0.0312
7,2,11,2,0.5992,0.6449,0.7194,0.4844,0.0534
7,2,11,3,0.6412,0.6628,0.7223,0.5577,0.0318
7,2,11,4,0.6350,0.6559,0.7279,0.5455,0.0354
7,2,11,5,0.6814,0.6577,0.7179,0.6030,0.0380
7,2,11,6,0.5968,0.6704,0.7502,0.4907,0.0409
7,2,11,7,0.5885,0.6724,0.7144,0.4939,0.0317
7,2,11,8,0.5130,0.5913,0.8776,0.3710,0.0486
7,2,11,9,0.5176,0.6331,0.7501,0.3633,0.0584
7,2,11,10,0.6051,0.6634,0.7483,0.5016,0.0380
7,2,11,11,0.5861,0.6674,0.7299,0.4961,0.0317
7,3,0,0,0.4165,0.3874,0.3708,0.2442,0.1052
7,3,0,1,0.2318,0.4046,0.7941,0.0172,0.0771
7,3,0,2,0.1224,0.2639,0.9613,-0.0474,0.0435
7,3,0,3,0.1050,0.2991,0.9557,-0.0677,0.0425
7,3,0,4,0.3510,0.4144,0.6309,0.1582,0.0907
7,3,0,5,0.2429,0.4502,0.8275,0.0369,0.0775
7,3,0,6,0.2976,0.3905,0.4780,0.0365,0.0971
7,3,0,7,0.3418,0.4301,0.7828,0.1606,0.0754
7,3,0,8,0.2691,0.4232,0.5806,0.0108,0.0902
7,3,0,9,0.2028,0.3474,0.8542,-0.0166,0.0685
7,3,0,10,0.2485,0.3976,0.9626,0.1189,0.0306
7,3,0,11,0.2064,0.3696,0.9127,0.0112,0.0674
7,3,1,0,0.2046,0.5733,0.8718,0.0159,0.0606
7,3,1,1,0.1602,0.3026,0.9701,0.0120,0.0340
7,3,1,2,0.1272,0.3361,0.9150,-0.0603,0.0532
7,3,1,3,0.1908,0.3409,0.8347,-0.0291,0.0714
7,3,1,4,0.0808,0.2475,0.9749,-0.0597,0.0172
7,3,1,5,0.3419,0.4142,0.9028,0.1919,0.0577
7,3,1,6,0.0322,0.1823,0.9981,-0.0838,0.0183
7,3,1,7,0.1334,0.2896,0.9793,-0.0174,0.0275
7,3,1,8,0.4442,0.5138,0.7689,0.3050,0.0749
7,3,1,9,0.3300,0.4091,0.9596,0.1904,0.0490
7,3,1,10,0.1568,0.2887,0.9094,-0.0326,0.0586
7,3,1,11,0.3114,0.3629,0.9137,0.1486,0.0604
7,3,2,0,0.1303,0.2877,0.9468,0.0324,0.0260
7,3,2,1,0.1657,0.2973,0.9877,0.0304,0.0211
7,3,2,2,0.1274,0.2595,0.9887,-0.0132,0.0207
7,3,2,3,0.3161,0.4318,0.9591,0.1805,0.0439
7,3,2,4,0.2627,0.3804,0.8941,0.0871,0.0584
7,3,2,5,0.2718,0.3571,0.8319,0.0786,0.0722
7,3,2,6,0.3786,0.3366,0.9310,0.2471,0.0545
7,3,2,7,0.1799,0.3229,0.8405,-0.0214,0.0661
7,3,2,8,0.3186,0.3959,0.8879,0.1611,0.0643
7,3,2,9,0.1393,0.2915,0.9475,0.0412,0.0241
7,3,2,10,0.1159,0.2726,0.9615,-0.0467,0.0321
7,3,2,11,0.1649,0.2746,0.9259,-0.0149,0.0594
7,3,3,0,0.7842,0.8001,0.9849,0.7492,0.0499
7,3,3,1,0.6387,0.6614,0.8354,0.5735,0.0718
7,3,3,2,0.5959,0.6364,0.8718,0.5151,0.0654
7,3,3,3,0.5479,0.5724,0.8707,0.4516,0.0668
7,3,3,4,0.5723,0.5500,0.7987,0.4834,0.0745
7,3,3,5,0.1071,0.2985,0.9744,-0.0275,0.0171
7,3,3,6,0.7274,0.7316,0.8240,0.6927,0.0718
7,3,3,7,0.5079,0.5242,0.8496,0.3985,0.0676
7,3,3,8,0.4846,0.5232,0.8877,0.3723,0.0628
7,3,3,9,0.1832,0.3124,0.9769,0.0590,0.0172
7,3,3,10,0.4138,0.4716,0.9220,0.2933,0.0508
7,3,3,11,0.3241,0.4320,0.9546,0.1817,0.0555
7,3,4,0,0.8884,0.8729,0.9806,0.8722,0.0309
7,3,4,1,0.6837,0.7031,0.8150,0.6352,0.0716
7,3,4,2,0.8531,0.8646,0.9614,0.8331,0.0455
7,3,4,3,0.9743,0.9759,0.9989,0.9719,0.0142
7,3,4,4,0.5822,0.5429,0.8736,0.4989,0.0645
7,3,4,5,0.7256,0.7366,0.9911,0.6817,0.0284
7,3,4,6,0.8480,0.8304,0.9800,0.8246,0.0290
7,3,4,7,0.8843,0.8709,0.9874,0.8676,0.0072
7,3,4,8,0.9171,0.9129,0.9876,0.9058,0.0291
7,3,4,9,0.9148,0.9252,0.9591,0.9106,0.0464
7,3,4,10,0.8049,0.7828,0.9733,0.7739,0.0422
7,3,4,11,0.8597,0.8601,0.9903,0.8386,0.0195
7,3,5,0,0.8679,0.8986,0.9950,0.8479,0.0196
7,3,5,1,0.9849,0.9877,0.9986,0.9834,0.0103
7,3,5,2,0.8520,0.8486,0.9374,0.8321,0.0466
7,3,5,3,0.8660,0.8585,0.9758,0.8463,0.0370
7,3,5,4,0.8994,0.9106,0.9427,0.8903,0.0434
7,3,5,5,0.9820,0.9868,0.9997,0.9799,0.0096
7,3,5,6,0.9505,0.9495,0.9961,0.9439,0.0094
7,3,5,7,0.9376,0.9534,0.9990,0.9286,0.0172
7,3,5,8,0.8041,0.7936,0.9546,0.7737,0.0473
7,3,5,9,0.6427,0.6943,0.9878,0.5875,0.0206
7,3,5,10,0.7378,0.7135,0.9782,0.6938,0.0391
7,3,5,11,0.8923,0.8440,0.9934,0.8763,0.0170
7,3,6,0,0.8982,0.9130,0.9927,0.8844,0.0172
7,3,6,1,0.7687,0.7404,0.9581,0.7307,0.0475
7,3,6,2,0.7964,0.7910,0.9885,0.7638,0.0299
7,3,6,3,0.9083,0.9066,0.9943,0.8952,0.0091
7,3,6,4,0.9099,0.8918,0.9832,0.8969,0.0264
7,3,6,5,0.8162,0.8601,0.9841,0.7872,0.0337
7,3,6,6,0.8674,0.8820,0.9882,0.8476,0.0336
7,3,6,7,0.8408,0.8557,0.9277,0.8244,0.0560
7,3,6,8,0.8951,0.8862,0.9814,0.8820,0.0355
7,3,6,9,0.7317,0.7801,0.9883,0.6871,0.0362
7,3,6,10,0.9084,0.8878,0.9894,0.8948,0.0150
7,3,6,11,0.6369,0.6246,0.9752,0.5796,0.0262
7,3,7,0,0.8652,0.8761,0.9579,0.8469,0.0430
7,3,7,1,0.8059,0.7990,0.9876,0.7752,0.0294
7,3,7,2,0.9286,0.9243,0.9884,0.9186,0.0225
7,3,7,3,1.0000,1.0000,1.0000,1.0000,0.0000
7,3,7,4,0.8080,0.7917,0.9858,0.7793,0.0177
7,3,7,5,0.7582,0.7455,0.9204,0.7198,0.0564
7,3,7,6,0.9824,0.9865,0.9995,0.9804,0.0101
7,3,7,7,0.8971,0.8940,0.9961,0.8850,0.0150
7,3,7,8,0.6363,0.7772,0.8837,0.5712,0.0440
7,3,7,9,0.8668,0.8757,0.9974,0.8469,0.0147
7,3,7,10,0.7260,0.7723,0.9864,0.6861,0.0158
7,3,7,11,0.8630,0.8654,0.9958,0.8443,0.0082
7,3,8,0,0.9319,0.9349,0.9963,0.9222,0.0212
7,3,8,1,0.9557,0.9600,0.9644,0.9541,0.0324
7,3,8,2,0.9817,0.9871,0.9987,0.9806,0.0204
7,3,8,3,0.9196,0.9281,0.9759,0.9093,0.0309
7,3,8,4,0.9317,0.9202,0.9929,0.9217,0.0149
7,3,8,5,0.9645,0.9622,0.9976,0.9595,0.0091
7,3,8,6,0.9839,0.9902,0.9998,0.9819,0.0085
7,3,8,7,0.5857,0.5762,0.7470,0.5027,0.0806
7,3,8,8,0.7042,0.6926,0.7875,0.6584,0.0723
7,3,8,9,0.8231,0.8286,0.9665,0.7971,0.0477
7,3,8,10,0.9277,0.9461,0.9972,0.9171,0.0181
7,3,8,11,0.7922,0.8059,0.9517,0.7590,0.0473
7,3,9,0,0.8689,0.8857,0.9795,0.8500,0.0362
7,3,9,1,0.8211,0.8173,0.9773,0.7937,0.0419
7,3,9,2,0.6570,0.7137,0.8572,0.5940,0.0613
7,3,9,3,0.8835,0.8888,0.9630,0.8669,0.0304
7,3,9,4,0.9639,0.9626,0.9843,0.9603,0.0230
7,3,9,5,0.7968,0.7874,0.8215,0.7808,0.0656
7,3,9,6,0.9746,0.9834,0.9987,0.9710,0.0056
7,3,9,7,0.9243,0.9481,0.9978,0.9140,0.0091
7,3,9,8,0.5983,0.6021,0.7575,0.5206,0.0781
7,3,9,9,0.9836,0.9889,0.9995,0.9819,0.0143
7,3,9,10,0.7171,0.7784,0.8774,0.6778,0.0722
7,3,9,11,0.7557,0.8017,0.9390,0.7176,0.0544
7,3,10,0,0.4346,0.4465,0.5327,0.2788,0.0875
7,3,10,1,0.3989,0.6561,0.8078,0.2779,0.0539
7,3,10,2,0.4119,0.6051,0.7357,0.2599,0.0759
7,3,10,3,0.6274,0.6236,0.6837,0.5560,0.0626
7,3,10,4,0.4641,0.5328,0.8241,0.3486,0.0586
7,3,10,5,0.4156,0.6739,0.7620,0.2896,0.0548
7,3,10,6,0.3368,0.6222,0.7957,0.1936,0.0588
7,3,10,7,0.5784,0.6062,0.5987,0.4939,0.0788
7,3,10,8,0.7798,0.7020,0.6498,0.7472,0.0592
7,3,10,9,0.4887,0.5925,0.7732,0.3792,0.0665
7,3,10,10,0.3035,0.3836,0.9586,0.1623,0.0529
7,3,10,11,0.3105,0.5058,0.6443,0.0940,0.0843
7,3,11,0,0.6061,0.6490,0.6866,0.5343,0.0514
7,3,11,1,0.6377,0.6281,0.6924,0.5719,0.0537
7,3,11,2,0.5748,0.5692,0.6409,0.4875,0.0720
7,3,11,3,0.6455,0.6323,0.6749,0.5812,0.0540
7,3,11,4,0.6454,0.6259,0.6758,0.5795,0.0576
7,3,11,5,0.6996,0.6139,0.6590,0.6469,0.0601
7,3,11,6,0.6082,0.6300,0.6879,0.5315,0.0636
7,3,11,7,0.6024,0.6549,0.6649,0.5298,0.0501
7,3,11,8,0.5267,0.4893,0.8103,0.4232,0.0678
7,3,11,9,0.5012,0.5438,0.6622,0.3835,0.0761
7,3,11,10,0.6078,0.6161,0.6858,0.5310,0.0604
7,3,11,11,0.6019,0.6564,0.6865,0.5320,0.0465
7,4,0,0,0.4333,0.4688,0.4072,0.2356,0.0996
7,4,0,1,0.2306,0.5168,0.8386,-0.0056,0.0694
7,4,0,2,0.3412,0.5565,0.9792,0.2044,0.0269
7,4,0,3,0.3945,0.5850,0.9589,0.2696,0.0265
7,4,0,4,0.4325,0.5504,0.6718,0.2570,0.0846
7,4,0,5,0.2391,0.5641,0.8671,0.0113,0.0688
7,4,0,6,0.3164,0.4936,0.5172,0.0357,0.0892
7,4,0,7,0.3485,0.5222,0.8308,0.1491,0.0667
7,4,0,8,0.2520,0.5215,0.6198,-0.0471,0.0829
7,4,0,9,0.1619,0.5022,0.8923,-0.0934,0.0614
7,4,0,10,0.2496,0.5599,0.9802,0.1091,0.0186
7,4,0,11,0.3578,0.5579,0.9498,0.1911,0.0582
7,4,1,0,0.1737,0.5773,0.8914,-0.0413,0.0450
7,4,1,1,0.1311,0.4556,0.9961,-0.0352,0.0194
7,4,1,2,0.1315,0.4192,0.9494,-0.0710,0.0455
7,4,1,3,0.1890,0.4459,0.8633,-0.0522,0.0653
7,4,1,4,0.2691,0.4599,0.9979,0.1483,0.0116
7,4,1,5,0.2759,0.4876,0.9105,0.0915,0.0474
7,4,1,6,0.0337,0.2362,0.9872,-0.0915,0.0353
7,4,1,7,0.1204,0.3475,0.9808,-0.0455,0.0217
7,4,1,8,0.3559,0.5374,0.7870,0.1607,0.0646
7,4,1,9,0.2642,0.4702,0.9658,0.0949,0.0408
7,4,1,10,0.1732,0.4187,0.9334,-0.0284,0.0506
7,4,1,11,0.2426,0.5787,0.9541,0.0425,0.0477
7,4,2,0,0.1060,0.4552,0.9826,-0.0028,0.0428
7,4,2,1,0.2888,0.4870,0.9949,0.1638,0.0125
7,4,2,2,0.1201,0.3579,0.9926,-0.0334,0.0191
7,4,2,3,0.2417,0.4787,0.9649,0.0766,0.0329
7,4,2,4,0.2487,0.4524,0.9098,0.0519,0.0493
7,4,2,5,0.2477,0.4460,0.8519,0.0261,0.0653
7,4,2,6,0.3208,0.5905,0.9668,0.1609,0.0446
7,4,2,7,0.1766,0.4018,0.8630,-0.0440,0.0599
7,4,2,8,0.2667,0.4724,0.9217,0.0783,0.0552
7,4,2,9,0.1156,0.4594,0.9832,0.0067,0.0409
7,4,2,10,0.1150,0.3666,0.9786,-0.0614,0.0255
7,4,2,11,0.1603,0.3843,0.9512,-0.0364,0.0520
7,4,3,0,0.6298,0.7556,0.9866,0.5564,0.0328
7,4,3,1,0.6222,0.6933,0.8525,0.5359,0.0620
7,4,3,2,0.5447,0.7462,0.8960,0.4345,0.0552
7,4,3,3,0.5025,0.5923,0.8820,0.3768,0.0546
7,4,3,4,0.5040,0.5862,0.8324,0.3745,0.0668
7,4,3,5,0.3789,0.5559,0.9966,0.2776,0.0051
7,4,3,6,0.6090,0.6806,0.8284,0.5179,0.0577
7,4,3,7,0.4344,0.5668,0.8622,0.2851,0.0561
7,4,3,8,0.5426,0.6764,0.9144,0.4337,0.0535
7,4,3,9,0.1344,0.4191,0.9985,-0.0081,0.0110
7,4,3,10,0.3780,0.6088,0.9665,0.2361,0.0378
7,4,3,11,0.3761,0.5605,0.9546,0.2331,0.0455
7,4,4,0,0.8023,0.8188,0.9825,0.7664,0.0199
7,4,4,1,0.5601,0.7011,0.8548,0.4506,0.0636
7,4,4,2,0.6641,0.7627,0.9662,0.5960,0.0384
7,4,4,3,0.7445,0.7478,0.9813,0.7120,0.0304
7,4,4,4,0.6061,0.6443,0.9166,0.5177,0.0550
7,4,4,5,0.6413,0.7125,0.9805,0.5776,0.0150
7,4,4,6,0.8477,0.8794,0.9920,0.8206,0.0193
7,4,4,7,0.9038,0.9122,0.9997,0.8888,0.0136
7,4,4,8,0.7638,0.7639,0.9796,0.7209,0.0209
7,4,4,9,0.8059,0.8257,0.9602,0.7700,0.0397
7,4,4,10,0.7967,0.8344,0.9832,0.7587,0.0327
7,4,4,11,0.6754,0.7541,0.9947,0.6214,0.0053
7,4,5,0,0.7403,0.7974,0.9811,0.6960,0.0112
7,4,5,1,0.8344,0.8084,0.9898,0.8130,0.0274
7,4,5,2,0.7723,0.8002,0.9442,0.7285,0.0403
7,4,5,3,0.7763,0.8155,0.9843,0.7346,0.0292
7,4,5,4,0.7577,0.8110,0.9337,0.7105,0.0372
7,4,5,5,0.7767,0.7750,0.9858,0.7462,0.0260
7,4,5,6,0.8965,0.8687,0.9946,0.8820,0.0179
7,4,5,7,0.7625,0.7970,0.9908,0.7252,0.0148
7,4,5,8,0.6447,0.7079,0.9675,0.5724,0.0388
7,4,5,9,0.5233,0.7467,0.9978,0.4430,0.0090
7,4,5,10,0.8578,0.8815,0.9852,0.8323,0.0249
7,4,5,11,0.7038,0.7148,0.9910,0.6547,0.0138
7,4,6,0,0.6787,0.7463,0.9980,0.6320,0.0205
7,4,6,1,0.6404,0.7032,0.9793,0.5675,0.0406
7,4,6,2,0.6897,0.7481,0.9907,0.6322,0.0218
7,4,6,3,0.8761,0.8752,0.9977,0.8570,0.0113
7,4,6,4,0.8103,0.8639,0.9978,0.7767,0.0139
7,4,6,5,0.6776,0.8104,0.9981,0.6184,0.0216
7,4,6,6,0.7541,0.8346,0.9901,0.7088,0.0215
7,4,6,7,0.7441,0.7942,0.9453,0.6938,0.0487
7,4,6,8,0.7444,0.7831,0.9820,0.6952,0.0230
7,4,6,9,0.8071,0.8535,0.9721,0.7716,0.0214
7,4,6,10,0.8496,0.8938,0.9988,0.8247,0.0088
7,4,6,11,0.8224,0.8674,0.9975,0.7919,0.0097
7,4,7,0,0.8004,0.8396,0.9457,0.7629,0.0332
7,4,7,1,0.6147,0.6745,0.9890,0.5451,0.0197
7,4,7,2,0.7523,0.7943,0.9888,0.7085,0.0123
7,4,7,3,0.8080,0.7917,0.9858,0.7793,0.0177
7,4,7,4,1.0000,1.0000,1.0000,1.0000,0.0000
7,4,7,5,0.7620,0.7900,0.9357,0.7161,0.0482
7,4,7,6,0.7549,0.7573,0.9867,0.7217,0.0269
7,4,7,7,0.6786,0.6882,0.9855,0.6369,0.0315
7,4,7,8,0.5334,0.6662,0.8612,0.4379,0.0315
7,4,7,9,0.8818,0.8754,0.9914,0.8623,0.0108
7,4,7,10,0.5968,0.7578,0.9995,0.5331,0.0090
7,4,7,11,0.6764,0.7394,0.9924,0.6290,0.0166
7,4,8,0,0.7368,0.7898,0.9900,0.6911,0.0136
7,4,8,1,0.7919,0.7996,0.9471,0.7528,0.0275
7,4,8,2,0.7619,0.7510,0.9856,0.7331,0.0369
7,4,8,3,0.8125,0.8293,0.9643,0.7783,0.0210
7,4,8,4,0.7261,0.7740,0.9954,0.6810,0.0156
7,4,8,5,0.7427,0.7854,0.9927,0.7032,0.0131
7,4,8,6,0.7954,0.7764,0.9854,0.7670,0.0252
7,4,8,7,0.6217,0.6762,0.7859,0.5363,0.0724
7,4,8,8,0.7325,0.7758,0.8075,0.6836,0.0641
7,4,8,9,0.7724,0.8090,0.9733,0.7285,0.0381
7,4,8,10,0.7813,0.8389,0.9940,0.7461,0.0144
7,4,8,11,0.7579,0.7994,0.9381,0.7111,0.0386
7,4,9,0,0.7450,0.8258,0.9890,0.6967,0.0225
7,4,9,1,0.6681,0.7411,0.9793,0.6021,0.0271
7,4,9,2,0.5530,0.7103,0.8584,0.4471,0.0494
7,4,9,3,0.6958,0.7431,0.9392,0.6383,0.0215
7,4,9,4,0.7432,0.7879,0.9672,0.6970,0.0169
7,4,9,5,0.6884,0.7693,0.8344,0.6244,0.0580
7,4,9,6,0.7590,0.7794,0.9796,0.7221,0.0181
7,4,9,7,0.7346,0.7638,0.9931,0.6962,0.0165
7,4,9,8,0.4918,0.6271,0.7846,0.3528,0.0700
7,4,9,9,0.7642,0.7515,0.9859,0.7329,0.0312
7,4,9,10,0.5408,0.7308,0.8865,0.4255,0.0637
7,4,9,11,0.5696,0.7037,0.9392,0.4721,0.0424
7,4,10,0,0.4874,0.5907,0.5450,0.3371,0.0796
7,4,10,1,0.3162,0.6815,0.8054,0.1632,0.0371
7,4,10,2,0.3875,0.6320,0.7510,0.2058,0.0643
7,4,10,3,0.4643,0.5609,0.6462,0.3343,0.0459
7,4,10,4,0.3747,0.5624,0.8017,0.2204,0.0460
7,4,10,5,0.3586,0.6131,0.7508,0.2035,0.0418
7,4,10,6,0.2732,0.6028,0.7885,0.0991,0.0434
7,4,10,7,0.4818,0.5633,0.5843,0.3364,0.0666
7,4,10,8,0.6517,0.6457,0.6001,0.5769,0.0422
7,4,10,9,0.4044,0.6598,0.7665,0.2571,0.0519
7,4,10,10,0.2496,0.5732,0.9715,0.0825,0.0401
7,4,10,11,0.3318,0.5588,0.6640,0.1008,0.0764
7,4,11,0,0.4759,0.5267,0.6381,0.3669,0.0349
7,4,11,1,0.5001,0.5309,0.6409,0.3947,0.0362
7,4,11,2,0.4828,0.5703,0.6150,0.3412,0.0632
7,4,11,3,0.5037,0.5289,0.6220,0.3988,0.0370
7,4,11,4,0.5031,0.5298,0.6268,0.3920,0.0404
7,4,11,5,0.5599,0.5479,0.6121,0.4609,0.0432
7,4,11,6,0.4875,0.5569,0.6500,0.3642,0.0471
7,4,11,7,0.4798,0.5349,0.6164,0.3714,0.0338
7,4,11,8,0.4784,0.6202,0.8074,0.3432,0.0588
7,4,11,9,0.4545,0.6260,0.6576,0.2956,0.0684
7,4,11,10,0.4834,0.5466,0.6496,0.3590,0.0453
7,4,11,11,0.4678,0.5253,0.6361,0.3629,0.0299
7,5,0,0,0.5474,0.6680,0.6925,0.2282,0.0548
7,5,0,1,0.3901,0.6878,0.9599,0.0999,0.0230
7,5,0,2,0.2107,0.4955,0.9708,-0.0369,0.0273
7,5,0,3,0.2042,0.4738,0.9582,-0.0444,0.0265
7,5,0,4,0.6301,0.7284,0.8783,0.4391,0.0415
7,5,0,5,0.3456,0.7096,0.9702,0.0406,0.0212
7,5,0,6,0.4829,0.6370,0.7721,0.1424,0.0410
7,5,0,7,0.4567,0.6801,0.9545,0.1862,0.0211
7,5,0,8,0.4338,0.6377,0.8422,0.0823,0.0344
7,5,0,9,0.2918,0.5711,0.9826,-0.0378,0.0178
7,5,0,10,0.3769,0.5626,0.9399,0.2050,0.0311
7,5,0,11,0.3443,0.5699,0.9832,0.0744,0.0118
7,5,1,0,0.2341,0.6487,0.9677,-0.0691,0.0174
7,5,1,1,0.2238,0.4859,0.9484,0.0031,0.0299
7,5,1,2,0.2460,0.5293,0.9825,-0.0184,0.0094
7,5,1,3,0.2758,0.6080,0.9817,-0.0553,0.0193
7,5,1,4,0.1318,0.3998,0.9251,-0.0804,0.0422
7,5,1,5,0.3289,0.5880,0.9952,0.0650,0.0071
7,5,1,6,0.0941,0.3141,0.9026,-0.0781,0.0734
7,5,1,7,0.1882,0.4769,0.9781,-0.0392,0.0306
7,5,1,8,0.4287,0.6894,0.9523,0.1452,0.0200
7,5,1,9,0.3183,0.5887,0.9929,0.0797,0.0114
7,5,1,10,0.2399,0.4799,0.9909,-0.0409,0.0117
7,5,1,11,0.3194,0.5411,0.9782,0.0424,0.0113
7,5,2,0,0.2054,0.4535,0.8784,0.0683,0.0809
7,5,2,1,0.2084,0.4741,0.9406,0.0030,0.0402
7,5,2,2,0.1884,0.4586,0.9641,-0.0207,0.0361
7,5,2,3,0.2996,0.5943,0.9922,0.0697,0.0182
7,5,2,4,0.3460,0.5724,0.9956,0.0820,0.0095
7,5,2,5,0.3312,0.5799,0.9804,0.0240,0.0188
7,5,2,6,0.4102,0.5213,0.9691,0.1967,0.0119
7,5,2,7,0.2903,0.5501,0.9817,0.0005,0.0189
7,5,2,8,0.3361,0.6022,0.9928,0.0726,0.0142
7,5,2,9,0.2138,0.4592,0.8798,0.0765,0.0790
7,5,2,10,0.2319,0.4707,0.9768,0.0040,0.0288
7,5,2,11,0.2456,0.5133,0.9967,-0.0209,0.0100
7,5,3,0,0.6323,0.7572,0.9703,0.5213,0.0434
7,5,3,1,0.6875,0.8432,0.9800,0.5474,0.0175
7,5,3,2,0.5753,0.7706,0.9913,0.3985,0.0134
7,5,3,3,0.6819,0.7720,0.9868,0.5468,0.0200
7,5,3,4,0.5511,0.6908,0.9677,0.3465,0.0186
7,5,3,5,0.1528,0.4301,0.9339,-0.0508,0.0493
7,5,3,6,0.6496,0.8111,0.9704,0.4925,0.0200
7,5,3,7,0.5168,0.6986,0.9828,0.3069,0.0142
7,5,3,8,0.5081,0.6627,0.9880,0.3100,0.0096
7,5,3,9,0.2352,0.4321,0.9317,0.0510,0.0440
7,5,3,10,0.5457,0.6949,0.9651,0.3858,0.0163
7,5,3,11,0.3357,0.5454,0.9897,0.1002,0.0131
7,5,4,0,0.8137,0.8539,0.9766,0.7671,0.0288
7,5,4,1,0.6912,0.8357,0.9708,0.5521,0.0178
7,5,4,2,0.6793,0.8022,0.9875,0.5765,0.0156
7,5,4,3,0.7088,0.7063,0.9080,0.6722,0.0696
7,5,4,4,0.7879,0.7978,0.9821,0.7067,0.0118
7,5,4,5,0.7878,0.7967,0.9487,0.7392,0.0336
7,5,4,6,0.8223,0.8662,0.9705,0.7804,0.0295
7,5,4,7,0.7776,0.7610,0.9283,0.7396,0.0495
7,5,4,8,0.8249,0.8359,0.9623,0.7829,0.0288
7,5,4,9,0.8620,0.8884,0.9923,0.8153,0.0131
7,5,4,10,0.7976,0.8305,0.9817,0.7399,0.0161
7,5,4,11,0.7065,0.7788,0.9535,0.6440,0.0465
7,5,5,0,0.8143,0.8157,0.9466,0.7772,0.0393
7,5,5,1,0.7593,0.7378,0.9102,0.7310,0.0659
7,5,5,2,0.8664,0.8549,0.9912,0.8237,0.0127
7,5,5,3,0.8063,0.8384,0.9803,0.7539,0.0195
7,5,5,4,0.7829,0.8359,0.9841,0.7117,0.0145
7,5,5,5,0.7538,0.7461,0.9185,0.7217,0.0642
7,5,5,6,0.7585,0.7478,0.9162,0.7237,0.0616
7,5,5,7,0.7925,0.8113,0.9310,0.7585,0.0441
7,5,5,8,0.8058,0.8279,0.9874,0.7446,0.0101
7,5,5,9,0.6429,0.7216,0.9520,0.5618,0.0443
7,5,5,10,0.7446,0.7609,0.9757,0.6711,0.0265
7,5,5,11,0.7673,0.7734,0.9575,0.7211,0.0410
7,5,6,0,0.6263,0.7323,0.9238,0.5591,0.0509
7,5,6,1,0.7713,0.8382,0.9854,0.6997,0.0105
7,5,6,2,0.6564,0.7013,0.9643,0.5642,0.0283
7,5,6,3,0.7475,0.7538,0.9291,0.7037,0.0527
7,5,6,4,0.7609,0.7914,0.9566,0.7043,0.0347
7,5,6,5,0.7575,0.8338,0.9492,0.6956,0.0281
7,5,6,6,0.8225,0.8473,0.9609,0.7778,0.0286
7,5,6,7,0.8715,0.8772,0.9955,0.8237,0.0071
7,5,6,8,0.7296,0.8148,0.9771,0.6494,0.0277
7,5,6,9,0.6764,0.7451,0.9584,0.5862,0.0280
7,5,6,10,0.7731,0.8101,0.9440,0.7288,0.0455
7,5,6,11,0.5999,0.6800,0.9378,0.5036,0.0470
7,5,7,0,0.8610,0.8834,0.9797,0.8194,0.0160
7,5,7,1,0.7682,0.8125,0.9674,0.7122,0.0295
7,5,7,2,0.7747,0.8071,0.9622,0.7225,0.0389
7,5,7,3,0.7582,0.7455,0.9204,0.7198,0.0564
7,5,7,4,0.7620,0.7900,0.9357,0.7161,0.0482
7,5,7,5,1.0000,1.0000,1.0000,1.0000,0.0000
7,5,7,6,0.7277,0.7300,0.9111,0.6902,0.0652
7,5,7,7,0.6255,0.6566,0.9086,0.5692,0.0709
7,5,7,8,0.6479,0.7454,0.9188,0.5385,0.0205
7,5,7,9,0.7417,0.7456,0.9428,0.6887,0.0461
7,5,7,10,0.7121,0.7490,0.9314,0.6570,0.0504
7,5,7,11,0.6541,0.7095,0.9309,0.5928,0.0583
7,5,8,0,0.7738,0.8210,0.9502,0.7238,0.0384
7,5,8,1,0.7883,0.8081,0.9680,0.7273,0.0289
7,5,8,2,0.7183,0.7096,0.9033,0.6869,0.0748
7,5,8,3,0.8144,0.8310,0.9576,0.7668,0.0283
7,5,8,4,0.7107,0.7708,0.9493,0.6504,0.0442
7,5,8,5,0.7477,0.7818,0.9345,0.7045,0.0512
7,5,8,6,0.7472,0.7445,0.9166,0.7122,0.0637
7,5,8,7,0.7650,0.8222,0.9439,0.6603,0.0239
7,5,8,8,0.8624,0.8862,0.9614,0.8066,0.0161
7,5,8,9,0.8610,0.8686,0.9863,0.8162,0.0120
7,5,8,10,0.8266,0.8269,0.9377,0.7987,0.0413
7,5,8,11,0.8051,0.8458,0.9759,0.7455,0.0132
7,5,9,0,0.8032,0.8306,0.9706,0.7483,0.0287
7,5,9,1,0.7143,0.8146,0.9806,0.6265,0.0250
7,5,9,2,0.6684,0.7990,0.9712,0.5352,0.0111
7,5,9,3,0.6345,0.7533,0.9548,0.5319,0.0294
7,5,9,4,0.7461,0.7830,0.9609,0.6835,0.0342
7,5,9,5,0.8135,0.8848,0.9722,0.7358,0.0177
7,5,9,6,0.7223,0.7485,0.9240,0.6729,0.0537
7,5,9,7,0.7591,0.7703,0.9231,0.7240,0.0578
7,5,9,8,0.5655,0.7176,0.9397,0.3545,0.0223
7,5,9,9,0.7102,0.7175,0.9110,0.6702,0.0695
7,5,9,10,0.6836,0.8407,0.9892,0.5442,0.0158
7,5,9,11,0.5435,0.7722,0.9923,0.3722,0.0163
7,5,10,0,0.5556,0.6943,0.7951,0.3014,0.0314
7,5,10,1,0.4224,0.6554,0.8766,0.2256,0.0279
7,5,10,2,0.4779,0.6876,0.8972,0.2211,0.0214
7,5,10,3,0.4952,0.5899,0.7725,0.2972,0.0239
7,5,10,4,0.4512,0.6891,0.9080,0.2383,0.0193
7,5,10,5,0.4088,0.6341,0.8523,0.1861,0.0178
7,5,10,6,0.3801,0.6708,0.8723,0.1527,0.0207
7,5,10,7,0.5473,0.6451,0.7866,0.3201,0.0247
7,5,10,8,0.6380,0.6118,0.7304,0.5049,0.0301
7,5,10,9,0.4607,0.6352,0.8719,0.2489,0.0288
7,5,10,10,0.3114,0.5592,0.9846,0.0794,0.0193
7,5,10,11,0.4784,0.7158,0.8785,0.1854,0.0277
7,5,11,0,0.4869,0.5565,0.7178,0.3242,0.0439
7,5,11,1,0.4999,0.5540,0.7272,0.3375,0.0420
7,5,11,2,0.5833,0.6499,0.8019,0.3844,0.0182
7,5,11,3,0.5105,0.5499,0.7118,0.3508,0.0402
7,5,11,4,0.5184,0.5635,0.7297,0.3478,0.0337
7,5,11,5,0.5792,0.5708,0.7421,0.4243,0.0341
7,5,11,6,0.5146,0.6093,0.7733,0.3242,0.0265
7,5,11,7,0.4908,0.5481,0.6998,0.3289,0.0447
7,5,11,8,0.5662,0.6202,0.9302,0.3771,0.0141
7,5,11,9,0.5620,0.6691,0.8459,0.3396,0.0229
7,5,11,10,0.5245,0.6008,0.7710,0.3382,0.0202
7,5,11,11,0.4683,0.5375,0.7011,0.3114,0.0509
7,6,0,0,0.3792,0.3654,0.3469,0.2021,0.1119
7,6,0,1,0.2270,0.3873,0.7821,0.0293,0.0856
7,6,0,2,0.1093,0.2315,0.9578,-0.0505,0.0532
7,6,0,3,0.0588,0.2566,0.9508,-0.1101,0.0522
7,6,0,4,0.3486,0.3992,0.6124,0.1762,0.0984
7,6,0,5,0.2375,0.4299,0.8167,0.0476,0.0866
7,6,0,6,0.2805,0.3628,0.4562,0.0367,0.1050
7,6,0,7,0.3415,0.4194,0.7707,0.1788,0.0856
7,6,0,8,0.2660,0.3975,0.5609,0.0322,0.0989
7,6,0,9,0.2006,0.3259,0.8441,-0.0012,0.0761
7,6,0,10,0.2357,0.3676,0.9617,0.1138,0.0405
7,6,0,11,0.1963,0.3521,0.9069,0.0142,0.0767
7,6,1,0,0.2011,0.5554,0.8623,0.0266,0.0704
7,6,1,1,0.1416,0.2762,0.9703,0.0012,0.0440
7,6,1,2,0.1374,0.3242,0.9091,-0.0337,0.0621
7,6,1,3,0.1955,0.3265,0.8218,-0.0048,0.0806
7,6,1,4,0.0530,0.2165,0.9770,-0.0814,0.0266
7,6,1,5,0.3572,0.3986,0.8916,0.2249,0.0675
7,6,1,6,0.0450,0.1801,0.9994,-0.0614,0.0092
7,6,1,7,0.1467,0.2840,0.9746,0.0091,0.0361
7,6,1,8,0.4481,0.4986,0.7520,0.3276,0.0853
7,6,1,9,0.3395,0.4019,0.9527,0.2141,0.0591
7,6,1,10,0.1558,0.2654,0.9010,-0.0192,0.0673
7,6,1,11,0.3073,0.3301,0.9088,0.1579,0.0702
7,6,2,0,0.1182,0.2601,0.9523,0.0257,0.0160
7,6,2,1,0.1553,0.2733,0.9873,0.0282,0.0310
7,6,2,2,0.1381,0.2484,0.9862,0.0093,0.0299
7,6,2,3,0.3323,0.4218,0.9522,0.2113,0.0542
7,6,2,4,0.2745,0.3680,0.8831,0.1170,0.0688
7,6,2,5,0.2790,0.3422,0.8178,0.1056,0.0799
7,6,2,6,0.3792,0.3113,0.9278,0.2597,0.0648
7,6,2,7,0.1870,0.3126,0.8273,0.0037,0.0746
7,6,2,8,0.3380,0.3842,0.8790,0.1997,0.0745
7,6,2,9,0.1230,0.2633,0.9529,0.0299,0.0140
7,6,2,10,0.1220,0.2626,0.9576,-0.0275,0.0409
7,6,2,11,0.1785,0.2682,0.9185,0.0155,0.0671
7,6,3,0,0.7948,0.7930,0.9813,0.7673,0.0596
7,6,3,1,0.6237,0.6473,0.8214,0.5668,0.0820
7,6,3,2,0.6107,0.6175,0.8605,0.5460,0.0746
7,6,3,3,0.5407,0.5662,0.8581,0.4553,0.0761
7,6,3,4,0.5658,0.5316,0.7849,0.4888,0.0838
7,6,3,5,0.0761,0.2619,0.9756,-0.0532,0.0263
7,6,3,6,0.7423,0.7284,0.8082,0.7250,0.0817
7,6,3,7,0.5217,0.5131,0.8359,0.4304,0.0772
7,6,3,8,0.4823,0.5039,0.8785,0.3819,0.0730
7,6,3,9,0.1874,0.2885,0.9785,0.0728,0.0271
7,6,3,10,0.3880,0.4437,0.9194,0.2728,0.0611
7,6,3,11,0.3036,0.3999,0.9466,0.1687,0.0657
7,6,4,0,0.8644,0.8634,0.9762,0.8478,0.0407
7,6,4,1,0.7061,0.6985,0.8030,0.6787,0.0804
7,6,4,2,0.8838,0.8731,0.9549,0.8755,0.0534
7,6,4,3,0.9893,0.9845,0.9990,0.9882,0.0058
7,6,4,4,0.5385,0.5326,0.8656,0.4547,0.0736
7,6,4,5,0.6989,0.7182,0.9879,0.6555,0.0373
7,6,4,6,0.8088,0.7962,0.9773,0.7827,0.0384
7,6,4,7,0.8484,0.8426,0.9888,0.8286,0.0167
7,6,4,8,0.9166,0.9256,0.9834,0.9083,0.0385
7,6,4,9,0.8963,0.9112,0.9515,0.8937,0.0554
7,6,4,10,0.7692,0.7416,0.9689,0.7367,0.0522
7,6,4,11,0.8707,0.8597,0.9889,0.8538,0.0288
7,6,5,0,0.8495,0.8722,0.9919,0.8295,0.0295
7,6,5,1,0.9805,0.9859,0.9996,0.9781,0.0053
7,6,5,2,0.8252,0.8288,0.9291,0.8056,0.0554
7,6,5,3,0.8531,0.8341,0.9715,0.8353,0.0462
7,6,5,4,0.9023,0.9012,0.9333,0.8991,0.0527
7,6,5,5,0.9886,0.9914,0.9995,0.9872,0.0036
7,6,5,6,0.9286,0.9397,0.9973,0.9197,0.0099
7,6,5,7,0.9232,0.9423,0.9984,0.9135,0.0215
7,6,5,8,0.8127,0.7971,0.9485,0.7899,0.0566
7,6,5,9,0.6001,0.6494,0.9870,0.5435,0.0301
7,6,5,10,0.6719,0.6559,0.9742,0.6216,0.0493
7,6,5,11,0.8926,0.8551,0.9909,0.8788,0.0253
7,6,6,0,0.9322,0.9321,0.9940,0.9238,0.0180
7,6,6,1,0.7907,0.7484,0.9536,0.7633,0.0564
7,6,6,2,0.8046,0.7881,0.9858,0.7779,0.0394
7,6,6,3,0.8663,0.8752,0.9950,0.8490,0.0179
7,6,6,4,0.8962,0.8680,0.9822,0.8838,0.0359
7,6,6,5,0.8172,0.8495,0.9837,0.7926,0.0428
7,6,6,6,0.8552,0.8671,0.9854,0.8371,0.0435
7,6,6,7,0.8251,0.8378,0.9194,0.8123,0.0654
7,6,6,8,0.8946,0.8819,0.9768,0.8858,0.0451
7,6,6,9,0.6625,0.7231,0.9834,0.6112,0.0456
7,6,6,10,0.8942,0.8622,0.9892,0.8807,0.0249
7,6,6,11,0.6274,0.6103,0.9762,0.5738,0.0361
7,6,7,0,0.8312,0.8419,0.9497,0.8113,0.0528
7,6,7,1,0.8318,0.8125,0.9843,0.8094,0.0382
7,6,7,2,0.9295,0.9189,0.9856,0.9223,0.0326
7,6,7,3,0.9824,0.9865,0.9995,0.9804,0.0101
7,6,7,4,0.7549,0.7573,0.9867,0.7217,0.0269
7,6,7,5,0.7277,0.7300,0.9111,0.6902,0.0652
7,6,7,6,1.0000,1.0000,1.0000,1.0000,0.0000
7,6,7,7,0.9375,0.9268,0.9969,0.9303,0.0068
7,6,7,8,0.6402,0.7793,0.8737,0.5832,0.0537
7,6,7,9,0.8086,0.8370,0.9959,0.7828,0.0244
7,6,7,10,0.7006,0.7340,0.9876,0.6605,0.0220
7,6,7,11,0.9021,0.8910,0.9957,0.8898,0.0107
7,6,8,0,0.9370,0.9413,0.9942,0.9305,0.0310
7,6,8,1,0.9494,0.9528,0.9569,0.9503,0.0403
7,6,8,2,0.9900,0.9933,0.9998,0.9891,0.0102
7,6,8,3,0.9020,0.9154,0.9707,0.8921,0.0403
7,6,8,4,0.9445,0.9216,0.9918,0.9382,0.0217
7,6,8,5,0.9654,0.9587,0.9971,0.9613,0.0151
7,6,8,6,0.9836,0.9911,0.9997,0.9817,0.0052
7,6,8,7,0.5757,0.5594,0.7318,0.5042,0.0899
7,6,8,8,0.6554,0.6539,0.7717,0.6059,0.0814
7,6,8,9,0.7929,0.8159,0.9607,0.7669,0.0577
7,6,8,10,0.9090,0.9275,0.9966,0.8974,0.0244
7,6,8,11,0.7488,0.7852,0.9432,0.7129,0.0575
7,6,9,0,0.8668,0.8675,0.9764,0.8519,0.0462
7,6,9,1,0.8154,0.8145,0.9723,0.7924,0.0515
7,6,9,2,0.6423,0.7094,0.8437,0.5858,0.0706
7,6,9,3,0.9023,0.8974,0.9558,0.8929,0.0402
7,6,9,4,0.9601,0.9534,0.9790,0.9584,0.0328
7,6,9,5,0.7670,0.7695,0.8064,0.7522,0.0741
7,6,9,6,0.9771,0.9881,0.9972,0.9746,0.0119
7,6,9,7,0.9176,0.9381,0.9982,0.9073,0.0120
7,6,9,8,0.5997,0.5892,0.7420,0.5380,0.0875
7,6,9,9,0.9906,0.9937,0.9999,0.9895,0.0060
7,6,9,10,0.6985,0.7644,0.8646,0.6651,0.0814
7,6,9,11,0.7667,0.8020,0.9298,0.7399,0.0643
7,6,10,0,0.4232,0.4111,0.5099,0.2842,0.0966
7,6,10,1,0.3806,0.6324,0.7981,0.2665,0.0639
7,6,10,2,0.3846,0.5829,0.7209,0.2397,0.0856
7,6,10,3,0.6357,0.6095,0.6683,0.5769,0.0723
7,6,10,4,0.4604,0.5166,0.8104,0.3561,0.0682
7,6,10,5,0.3964,0.6589,0.7497,0.2779,0.0645
7,6,10,6,0.3212,0.6037,0.7849,0.1868,0.0687
7,6,10,7,0.5778,0.5920,0.5786,0.5095,0.0886
7,6,10,8,0.7681,0.6801,0.6335,0.7406,0.0690
7,6,10,9,0.4670,0.5688,0.7605,0.3638,0.0766
7,6,10,10,0.3082,0.3601,0.9531,0.1797,0.0625
7,6,10,11,0.2797,0.4824,0.6242,0.0705,0.0936
7,6,11,0,0.6079,0.6443,0.6747,0.5443,0.0617
7,6,11,1,0.6433,0.6215,0.6798,0.5864,0.0634
7,6,11,2,0.5584,0.5424,0.6212,0.4801,0.0812
7,6,11,3,0.6469,0.6227,0.6620,0.5907,0.0641
7,6,11,4,0.6450,0.6157,0.6620,0.5880,0.0675
7,6,11,5,0.7023,0.6022,0.6431,0.6591,0.0700
7,6,11,6,0.6098,0.6200,0.6730,0.5443,0.0735
7,6,11,7,0.5977,0.6482,0.6528,0.5321,0.0598
7,6,11,8,0.5074,0.4558,0.7960,0.4114,0.0775
7,6,11,9,0.4830,0.5123,0.6433,0.3754,0.0862
7,6,11,10,0.5977,0.6042,0.6710,0.5289,0.0708
7,6,11,11,0.5982,0.6516,0.6758,0.5347,0.0562
7,7,0,0,0.3522,0.3661,0.3497,0.1648,0.1182
7,7,0,1,0.2186,0.3917,0.7895,0.0282,0.0913
7,7,0,2,0.0987,0.2291,0.9622,-0.0562,0.0576
7,7,0,3,0.0580,0.2596,0.9557,-0.1039,0.0567
7,7,0,4,0.3279,0.3967,0.6152,0.1576,0.1048
7,7,0,5,0.3797,0.5120,0.8278,0.2478,0.0919
7,7,0,6,0.2611,0.3711,0.4610,0.0198,0.1109
7,7,0,7,0.2772,0.4127,0.7747,0.0998,0.0908
7,7,0,8,0.2374,0.4102,0.5655,0.0011,0.1048
7,7,0,9,0.1804,0.3277,0.8482,-0.0182,0.0821
7,7,0,10,0.1865,0.3654,0.9689,0.0621,0.0452
7,7,0,11,0.1538,0.3308,0.9101,-0.0314,0.0820
7,7,1,0,0.2195,0.5613,0.8793,0.0581,0.0750
7,7,1,1,0.1018,0.2614,0.9718,-0.0392,0.0487
7,7,1,2,0.1052,0.3188,0.9150,-0.0653,0.0670
7,7,1,3,0.1928,0.3263,0.8198,0.0015,0.0864
7,7,1,4,0.0458,0.2085,0.9776,-0.0840,0.0311
7,7,1,5,0.3262,0.3940,0.8933,0.1933,0.0724
7,7,1,6,0.0175,0.1694,0.9962,-0.0875,0.0047
7,7,1,7,0.1207,0.2813,0.9735,-0.0151,0.0417
7,7,1,8,0.4201,0.4898,0.7530,0.2983,0.0904
7,7,1,9,0.3224,0.3925,0.9505,0.1997,0.0643
7,7,1,10,0.1250,0.2566,0.9038,-0.0493,0.0729
7,7,1,11,0.2611,0.3245,0.9123,0.1071,0.0747
7,7,2,0,0.0717,0.2595,0.9572,-0.0217,0.0114
7,7,2,1,0.1318,0.2520,0.9786,0.0066,0.0355
7,7,2,2,0.1115,0.2385,0.9850,-0.0157,0.0356
7,7,2,3,0.2954,0.4032,0.9519,0.1731,0.0588
7,7,2,4,0.2401,0.3665,0.8844,0.0815,0.0731
7,7,2,5,0.2453,0.3367,0.8156,0.0702,0.0859
7,7,2,6,0.3513,0.3156,0.9364,0.2321,0.0696
7,7,2,7,0.1465,0.3028,0.8293,-0.0392,0.0804
7,7,2,8,0.3063,0.3893,0.8795,0.1674,0.0795
7,7,2,9,0.0763,0.2656,0.9576,-0.0178,0.0095
7,7,2,10,0.0854,0.2575,0.9644,-0.0641,0.0456
7,7,2,11,0.1305,0.2521,0.9174,-0.0356,0.0729
7,7,3,0,0.7247,0.7266,0.9793,0.6877,0.0641
7,7,3,1,0.5354,0.6100,0.8239,0.4561,0.0872
7,7,3,2,0.6074,0.6151,0.8624,0.5484,0.0799
7,7,3,3,0.4478,0.5217,0.8632,0.3418,0.0805
7,7,3,4,0.5141,0.5164,0.7848,0.4276,0.0897
7,7,3,5,0.0772,0.2652,0.9797,-0.0465,0.0309
7,7,3,6,0.7099,0.7154,0.8086,0.6886,0.0863
7,7,3,7,0.4821,0.5039,0.8394,0.3862,0.0820
7,7,3,8,0.4275,0.4814,0.8873,0.3193,0.0780
7,7,3,9,0.1514,0.2678,0.9800,0.0368,0.0316
7,7,3,10,0.3017,0.4095,0.9240,0.1738,0.0656
7,7,3,11,0.2742,0.3773,0.9438,0.1396,0.0707
7,7,4,0,0.7759,0.7999,0.9759,0.7471,0.0455
7,7,4,1,0.6967,0.7040,0.8045,0.6732,0.0860
7,7,4,2,0.8748,0.8687,0.9576,0.8679,0.0592
7,7,4,3,0.9388,0.9327,0.9981,0.9321,0.0025
7,7,4,4,0.4512,0.5190,0.8668,0.3518,0.0792
7,7,4,5,0.5890,0.6447,0.9778,0.5316,0.0417
7,7,4,6,0.7102,0.7140,0.9772,0.6709,0.0431
7,7,4,7,0.7805,0.7654,0.9868,0.7532,0.0215
7,7,4,8,0.8264,0.8637,0.9781,0.8056,0.0434
7,7,4,9,0.8184,0.8353,0.9485,0.8027,0.0614
7,7,4,10,0.6847,0.6687,0.9661,0.6404,0.0568
7,7,4,11,0.8352,0.8106,0.9899,0.8149,0.0334
7,7,5,0,0.7548,0.7755,0.9845,0.7230,0.0340
7,7,5,1,0.9057,0.8950,0.9963,0.8950,0.0051
7,7,5,2,0.7407,0.7940,0.9336,0.7077,0.0612
7,7,5,3,0.7957,0.7723,0.9691,0.7706,0.0516
7,7,5,4,0.8631,0.8592,0.9366,0.8552,0.0582
7,7,5,5,0.9135,0.9037,0.9977,0.9035,0.0078
7,7,5,6,0.8579,0.8513,0.9938,0.8411,0.0137
7,7,5,7,0.8510,0.8592,0.9941,0.8329,0.0273
7,7,5,8,0.7438,0.7429,0.9473,0.7110,0.0615
7,7,5,9,0.5166,0.5929,0.9869,0.4511,0.0346
7,7,5,10,0.6097,0.5944,0.9731,0.5522,0.0537
7,7,5,11,0.8071,0.8101,0.9894,0.7830,0.0305
7,7,6,0,0.9309,0.9162,0.9918,0.9229,0.0209
7,7,6,1,0.7649,0.7083,0.9494,0.7360,0.0621
7,7,6,2,0.8824,0.8752,0.9864,0.8710,0.0440
7,7,6,3,0.7998,0.7959,0.9920,0.7752,0.0224
7,7,6,4,0.8346,0.8022,0.9801,0.8147,0.0404
7,7,6,5,0.7742,0.7898,0.9819,0.7450,0.0471
7,7,6,6,0.7682,0.7719,0.9826,0.7382,0.0480
7,7,6,7,0.7662,0.7669,0.9162,0.7438,0.0710
7,7,6,8,0.8260,0.8109,0.9763,0.8073,0.0498
7,7,6,9,0.6081,0.6571,0.9758,0.5511,0.0501
7,7,6,10,0.8188,0.7847,0.9856,0.7963,0.0294
7,7,6,11,0.6981,0.6813,0.9795,0.6579,0.0406
7,7,7,0,0.7627,0.7693,0.9502,0.7330,0.0575
7,7,7,1,0.7769,0.7491,0.9787,0.7481,0.0432
7,7,7,2,0.8591,0.8443,0.9878,0.8428,0.0372
7,7,7,3,0.8971,0.8940,0.9961,0.8850,0.0150
7,7,7,4,0.6786,0.6882,0.9855,0.6369,0.0315
7,7,7,5,0.6255,0.6566,0.9086,0.5692,0.0709
7,7,7,6,0.9375,0.9268,0.9969,0.9303,0.0068
7,7,7,7,1.0000,1.0000,1.0000,1.0000,0.0000
7,7,7,8,0.6522,0.7841,0.8939,0.6017,0.0582
7,7,7,9,0.7462,0.7624,0.9928,0.7135,0.0291
7,7,7,10,0.6210,0.6523,0.9882,0.5726,0.0265
7,7,7,11,0.9676,0.9572,0.9978,0.9641,0.0154
7,7,8,0,0.8471,0.8599,0.9907,0.8287,0.0355
7,7,8,1,0.8672,0.8744,0.9600,0.8557,0.0450
7,7,8,2,0.9117,0.9012,0.9970,0.9022,0.0054
7,7,8,3,0.8044,0.8343,0.9722,0.7804,0.0448
7,7,8,4,0.9054,0.8710,0.9896,0.8948,0.0278
7,7,8,5,0.8815,0.8718,0.9956,0.8674,0.0196
7,7,8,6,0.9004,0.9029,0.9964,0.8889,0.0097
7,7,8,7,0.5622,0.5388,0.7336,0.4942,0.0956
7,7,8,8,0.6076,0.6116,0.7735,0.5501,0.0871
7,7,8,9,0.6704,0.7387,0.9571,0.6233,0.0623
7,7,8,10,0.8042,0.8274,0.9955,0.7798,0.0293
7,7,8,11,0.6371,0.7356,0.9477,0.5837,0.0625
7,7,9,0,0.8070,0.7969,0.9770,0.7842,0.0508
7,7,9,1,0.7237,0.7526,0.9715,0.6866,0.0561
7,7,9,2,0.5852,0.7100,0.8530,0.5195,0.0754
7,7,9,3,0.9028,0.9128,0.9615,0.8958,0.0447
7,7,9,4,0.8807,0.8788,0.9790,0.8683,0.0375
7,7,9,5,0.6723,0.7234,0.8083,0.6345,0.0798
7,7,9,6,0.8935,0.9114,0.9957,0.8809,0.0180
7,7,9,7,0.8241,0.8440,0.9955,0.8032,0.0155
7,7,9,8,0.5915,0.5881,0.7484,0.5352,0.0931
7,7,9,9,0.9090,0.9045,0.9971,0.8987,0.0058
7,7,9,10,0.6364,0.7013,0.8578,0.5896,0.0868
7,7,9,11,0.7601,0.7997,0.9326,0.7365,0.0688
7,7,10,0,0.4121,0.4235,0.5199,0.2796,0.1021
7,7,10,1,0.4106,0.6498,0.8307,0.3090,0.0683
7,7,10,2,0.4008,0.6231,0.7460,0.2718,0.0903
7,7,10,3,0.6357,0.6484,0.7008,0.5829,0.0768
7,7,10,4,0.4637,0.5371,0.8306,0.3669,0.0728
7,7,10,5,0.4367,0.6737,0.7826,0.3348,0.0691
7,7,10,6,0.3526,0.6242,0.8170,0.2326,0.0732
7,7,10,7,0.5836,0.6339,0.6047,0.5268,0.0934
7,7,10,8,0.7344,0.6960,0.6619,0.7037,0.0735
7,7,10,9,0.4878,0.6008,0.7903,0.3968,0.0812
7,7,10,10,0.3118,0.3701,0.9544,0.1905,0.0670
7,7,10,11,0.2746,0.5048,0.6309,0.0754,0.0993
7,7,11,0,0.6083,0.6818,0.7136,0.5492,0.0664
7,7,11,1,0.6416,0.6710,0.7160,0.5888,0.0681
7,7,11,2,0.5533,0.5690,0.6449,0.4817,0.0867
7,7,11,3,0.6475,0.6631,0.6992,0.5958,0.0686
7,7,11,4,0.6448,0.6585,0.6977,0.5926,0.0721
7,7,11,5,0.6899,0.6365,0.6759,0.6487,0.0745
7,7,11,6,0.6127,0.6652,0.7068,0.5539,0.0781
7,7,11,7,0.6119,0.6870,0.6928,0.5535,0.0646
7,7,11,8,0.4946,0.4877,0.8145,0.4023,0.0829
7,7,11,9,0.4797,0.5393,0.6659,0.3807,0.0915
7,7,11,10,0.5964,0.6342,0.7051,0.5334,0.0754
7,7,11,11,0.6081,0.6925,0.7160,0.5503,0.0608
7,8,0,0,0.4381,0.5605,0.6259,0.0701,0.0748
7,8,0,1,0.2264,0.5837,0.8793,-0.0927,0.0429
7,8,0,2,0.2422,0.3974,0.9177,0.0355,0.0115
7,8,0,3,0.1215,0.4295,0.9356,-0.1173,0.0093
7,8,0,4,0.5179,0.6046,0.7920,0.3053,0.0604
7,8,0,5,0.4095,0.6237,0.9094,0.1774,0.0391
7,8,0,6,0.3306,0.5721,0.7052,-0.0662,0.0602
7,8,0,7,0.2994,0.5973,0.8555,-0.0028,0.0379
7,8,0,8,0.3391,0.6370,0.7705,-0.0146,0.0532
7,8,0,9,0.2539,0.5083,0.8958,-0.0444,0.0378
7,8,0,10,0.3334,0.5465,0.9016,0.1717,0.0143
7,8,0,11,0.2739,0.5158,0.8931,0.0163,0.0289
7,8,1,0,0.5538,0.7786,0.9634,0.4041,0.0178
7,8,1,1,0.2439,0.4287,0.8668,0.0564,0.0130
7,8,1,2,0.2768,0.5103,0.9084,0.0570,0.0228
7,8,1,3,0.3664,0.5246,0.8856,0.1207,0.0394
7,8,1,4,0.1655,0.3638,0.8453,-0.0123,0.0276
7,8,1,5,0.4621,0.6076,0.9444,0.2812,0.0194
7,8,1,6,0.2029,0.3300,0.8611,0.0725,0.0618
7,8,1,7,0.3287,0.4859,0.9227,0.1650,0.0196
7,8,1,8,0.5013,0.6611,0.8877,0.2982,0.0343
7,8,1,9,0.4325,0.5356,0.9260,0.2606,0.0193
7,8,1,10,0.2782,0.4474,0.9223,0.0477,0.0277
7,8,1,11,0.2950,0.4749,0.8837,0.0481,0.0211
7,8,2,0,0.1637,0.3958,0.7970,0.0348,0.0694
7,8,2,1,0.2486,0.4020,0.8462,0.0783,0.0256
7,8,2,2,0.2914,0.4282,0.9054,0.1322,0.0266
7,8,2,3,0.4179,0.5706,0.9339,0.2518,0.0132
7,8,2,4,0.4008,0.5744,0.9322,0.1937,0.0230
7,8,2,5,0.3927,0.5532,0.8971,0.1566,0.0389
7,8,2,6,0.3722,0.4508,0.9033,0.1758,0.0129
7,8,2,7,0.3162,0.5100,0.9128,0.0761,0.0373
7,8,2,8,0.4469,0.5887,0.8953,0.2592,0.0237
7,8,2,9,0.1703,0.4001,0.7979,0.0408,0.0676
7,8,2,10,0.2501,0.4315,0.9318,0.0561,0.0222
7,8,2,11,0.2959,0.4265,0.9045,0.0803,0.0294
7,8,3,0,0.6045,0.7250,0.9103,0.4990,0.0248
7,8,3,1,0.6160,0.7652,0.9208,0.4732,0.0349
7,8,3,2,0.6027,0.7199,0.9177,0.4643,0.0257
7,8,3,3,0.6715,0.7197,0.9468,0.5570,0.0233
7,8,3,4,0.3883,0.5616,0.8731,0.1484,0.0383
7,8,3,5,0.1370,0.3876,0.8697,-0.0444,0.0321
7,8,3,6,0.6864,0.7993,0.9232,0.5746,0.0286
7,8,3,7,0.5982,0.6861,0.9339,0.4538,0.0265
7,8,3,8,0.3824,0.5913,0.9371,0.1688,0.0235
7,8,3,9,0.1878,0.3935,0.8561,0.0158,0.0280
7,8,3,10,0.4884,0.5861,0.8673,0.3327,0.0105
7,8,3,11,0.2990,0.4905,0.9345,0.0838,0.0155
7,8,4,0,0.6303,0.7898,0.9242,0.5408,0.0135
7,8,4,1,0.6053,0.7465,0.8730,0.4570,0.0379
7,8,4,2,0.6525,0.8163,0.9462,0.5548,0.0228
7,8,4,3,0.6382,0.7826,0.8875,0.5856,0.0567
7,8,4,4,0.5343,0.6455,0.8748,0.3817,0.0252
7,8,4,5,0.6635,0.7514,0.8790,0.5874,0.0176
7,8,4,6,0.6397,0.7463,0.9023,0.5550,0.0169
7,8,4,7,0.5763,0.6840,0.8541,0.4943,0.0367
7,8,4,8,0.7325,0.8513,0.9096,0.6694,0.0190
7,8,4,9,0.7185,0.8321,0.9319,0.6357,0.0190
7,8,4,10,0.5595,0.6603,0.9052,0.4446,0.0124
7,8,4,11,0.6073,0.7536,0.9029,0.5259,0.0296
7,8,5,0,0.6605,0.7912,0.8928,0.5879,0.0246
7,8,5,1,0.6210,0.7567,0.8655,0.5619,0.0535
7,8,5,2,0.6637,0.8059,0.9555,0.5681,0.0234
7,8,5,3,0.5819,0.7230,0.9079,0.4760,0.0176
7,8,5,4,0.7066,0.8472,0.9680,0.6223,0.0185
7,8,5,5,0.6605,0.7951,0.8879,0.6068,0.0526
7,8,5,6,0.5780,0.7171,0.8591,0.5044,0.0464
7,8,5,7,0.6773,0.7992,0.8802,0.6167,0.0334
7,8,5,8,0.7294,0.8150,0.9186,0.6538,0.0215
7,8,5,9,0.4648,0.6334,0.8898,0.3501,0.0274
7,8,5,10,0.5435,0.6287,0.9156,0.4247,0.0087
7,8,5,11,0.7221,0.8135,0.9081,0.6663,0.0295
7,8,6,0,0.5727,0.7340,0.8594,0.4977,0.0424
7,8,6,1,0.6695,0.7410,0.8862,0.5778,0.0211
7,8,6,2,0.5693,0.6956,0.9164,0.4646,0.0166
7,8,6,3,0.5658,0.7008,0.8654,0.4833,0.0361
7,8,6,4,0.6026,0.7216,0.8776,0.5116,0.0189
7,8,6,5,0.6308,0.7695,0.8745,0.5423,0.0118
7,8,6,6,0.6461,0.7881,0.9021,0.5597,0.0134
7,8,6,7,0.6308,0.7703,0.9105,0.5133,0.0217
7,8,6,8,0.6840,0.7986,0.9269,0.6002,0.0117
7,8,6,9,0.4728,0.6318,0.9077,0.3401,0.0126
7,8,6,10,0.5771,0.7191,0.8664,0.4897,0.0298
7,8,6,11,0.5419,0.6260,0.8694,0.4411,0.0298
7,8,7,0,0.6492,0.7938,0.9538,0.5533,0.0134
7,8,7,1,0.7085,0.7760,0.8950,0.6413,0.0171
7,8,7,2,0.6394,0.8018,0.9245,0.5577,0.0227
7,8,7,3,0.6363,0.7772,0.8837,0.5712,0.0440
7,8,7,4,0.5334,0.6662,0.8612,0.4379,0.0315
7,8,7,5,0.6479,0.7454,0.9188,0.5385,0.0205
7,8,7,6,0.6402,0.7793,0.8737,0.5832,0.0537
7,8,7,7,0.6522,0.7841,0.8939,0.6017,0.0582
7,8,7,8,1.0000,1.0000,1.0000,1.0000,0.0000
7,8,7,9,0.5375,0.6906,0.8942,0.4410,0.0312
7,8,7,10,0.5443,0.7021,0.8671,0.4549,0.0351
7,8,7,11,0.6792,0.8008,0.8989,0.6248,0.0444
7,8,8,0,0.7338,0.8330,0.9000,0.6761,0.0225
7,8,8,1,0.6795,0.8422,0.9662,0.5953,0.0265
7,8,8,2,0.6121,0.7560,0.8676,0.5571,0.0635
7,8,8,3,0.6948,0.8323,0.9420,0.6199,0.0150
7,8,8,4,0.5916,0.7376,0.8883,0.5078,0.0322
7,8,8,5,0.6411,0.7793,0.8891,0.5747,0.0386
7,8,8,6,0.6515,0.7887,0.8802,0.5949,0.0516
7,8,8,7,0.5341,0.6839,0.8510,0.3480,0.0436
7,8,8,8,0.6043,0.7332,0.8970,0.4618,0.0367
7,8,8,9,0.7625,0.8221,0.9161,0.6946,0.0164
7,8,8,10,0.6900,0.8045,0.8917,0.6298,0.0304
7,8,8,11,0.7681,0.8681,0.9711,0.7046,0.0127
7,8,9,0,0.6721,0.8070,0.9133,0.5877,0.0108
7,8,9,1,0.6905,0.7825,0.9259,0.6062,0.0096
7,8,9,2,0.8098,0.8815,0.9663,0.7495,0.0217
7,8,9,3,0.7152,0.8831,0.9730,0.6439,0.0171
7,8,9,4,0.6758,0.8291,0.9418,0.6004,0.0214
7,8,9,5,0.6568,0.8295,0.9191,0.5355,0.0344
7,8,9,6,0.6461,0.7996,0.9031,0.5810,0.0417
7,8,9,7,0.6670,0.7801,0.8721,0.6109,0.0436
7,8,9,8,0.5575,0.6992,0.8885,0.3813,0.0407
7,8,9,9,0.6158,0.7675,0.8757,0.5555,0.0577
7,8,9,10,0.6019,0.7851,0.9043,0.4554,0.0347
7,8,9,11,0.6069,0.7970,0.9574,0.4811,0.0144
7,8,10,0,0.5864,0.6416,0.7912,0.4084,0.0501
7,8,10,1,0.6878,0.8561,0.9804,0.5958,0.0145
7,8,10,2,0.7508,0.8431,0.9408,0.6672,0.0330
7,8,10,3,0.7960,0.8565,0.9422,0.7313,0.0217
7,8,10,4,0.6491,0.7646,0.9877,0.5343,0.0156
7,8,10,5,0.7397,0.8873,0.9737,0.6575,0.0126
7,8,10,6,0.6787,0.8527,0.9813,0.5783,0.0146
7,8,10,7,0.7869,0.8651,0.8912,0.7228,0.0354
7,8,10,8,0.7559,0.8447,0.9101,0.6802,0.0185
7,8,10,9,0.6518,0.8108,0.9742,0.5369,0.0227
7,8,10,10,0.3729,0.5077,0.9258,0.1896,0.0116
7,8,10,11,0.5355,0.7337,0.8422,0.3307,0.0468
7,8,11,0,0.7801,0.8799,0.9310,0.7192,0.0280
7,8,11,1,0.7817,0.8639,0.9349,0.7200,0.0276
7,8,11,2,0.7166,0.7994,0.9146,0.6168,0.0352
7,8,11,3,0.7952,0.8712,0.9263,0.7371,0.0248
7,8,11,4,0.7861,0.8643,0.9320,0.7216,0.0249
7,8,11,5,0.8048,0.8519,0.9286,0.7448,0.0238
7,8,11,6,0.7748,0.8704,0.9448,0.7028,0.0223
7,8,11,7,0.8056,0.8772,0.9204,0.7517,0.0284
7,8,11,8,0.6225,0.6956,0.9748,0.4872,0.0274
7,8,11,9,0.6426,0.7609,0.9163,0.5046,0.0401
7,8,11,10,0.7632,0.8532,0.9441,0.6872,0.0197
7,8,11,11,0.7852,0.8790,0.9241,0.7297,0.0331
7,9,0,0,0.4563,0.4594,0.4272,0.2783,0.0953
7,9,0,1,0.2217,0.4676,0.8335,-0.0225,0.0663
7,9,0,2,0.1711,0.3678,0.9778,-0.0054,0.0296
7,9,0,3,0.2770,0.4168,0.9710,0.1241,0.0288
7,9,0,4,0.4145,0.5013,0.6801,0.2247,0.0806
7,9,0,5,0.2277,0.5106,0.8616,-0.0087,0.0661
7,9,0,6,0.3331,0.4686,0.5326,0.0579,0.0865
7,9,0,7,0.3320,0.4921,0.8242,0.1211,0.0647
7,9,0,8,0.2729,0.5003,0.6319,-0.0194,0.0798
7,9,0,9,0.1910,0.3984,0.8879,-0.0581,0.0583
7,9,0,10,0.2163,0.4417,0.9759,0.0669,0.0181
7,9,0,11,0.2467,0.4296,0.9393,0.0420,0.0562
7,9,1,0,0.2285,0.5811,0.8961,0.0258,0.0471
7,9,1,1,0.1246,0.3493,0.9816,-0.0458,0.0209
7,9,1,2,0.1348,0.3630,0.9408,-0.0703,0.0424
7,9,1,3,0.1907,0.4035,0.8691,-0.0543,0.0603
7,9,1,4,0.2007,0.3865,0.9825,0.0664,0.0085
7,9,1,5,0.3197,0.4425,0.9252,0.1447,0.0469
7,9,1,6,0.0450,0.1985,0.9933,-0.0807,0.0325
7,9,1,7,0.1346,0.3040,0.9882,-0.0313,0.0168
7,9,1,8,0.4119,0.5079,0.8053,0.2357,0.0630
7,9,1,9,0.2992,0.4196,0.9743,0.1356,0.0386
7,9,1,10,0.1734,0.3409,0.9360,-0.0317,0.0478
7,9,1,11,0.2605,0.4503,0.9399,0.0623,0.0475
7,9,2,0,0.0945,0.3412,0.9537,-0.0174,0.0399
7,9,2,1,0.2376,0.3530,0.9928,0.1014,0.0071
7,9,2,2,0.1400,0.2893,0.9956,-0.0125,0.0136
7,9,2,3,0.2819,0.4418,0.9735,0.1232,0.0311
7,9,2,4,0.2541,0.4038,0.9203,0.0553,0.0464
7,9,2,5,0.2669,0.4048,0.8648,0.0481,0.0620
7,9,2,6,0.3289,0.4344,0.9526,0.1682,0.0423
7,9,2,7,0.1866,0.3510,0.8733,-0.0349,0.0554
7,9,2,8,0.3109,0.4442,0.9172,0.1319,0.0528
7,9,2,9,0.1037,0.3454,0.9544,-0.0084,0.0380
7,9,2,10,0.1199,0.3023,0.9763,-0.0584,0.0208
7,9,2,11,0.1680,0.3258,0.9490,-0.0301,0.0491
7,9,3,0,0.6839,0.7386,0.9920,0.6205,0.0388
7,9,3,1,0.6111,0.6586,0.8666,0.5176,0.0606
7,9,3,2,0.5915,0.7347,0.9019,0.4932,0.0537
7,9,3,3,0.5010,0.5491,0.8974,0.3715,0.0546
7,9,3,4,0.5479,0.5896,0.8369,0.4311,0.0639
7,9,3,5,0.2417,0.4255,0.9832,0.1161,0.0111
7,9,3,6,0.6465,0.6899,0.8531,0.5660,0.0591
7,9,3,7,0.4750,0.5294,0.8781,0.3359,0.0555
7,9,3,8,0.4775,0.5659,0.9145,0.3462,0.0518
7,9,3,9,0.1582,0.3391,0.9838,0.0174,0.0122
7,9,3,10,0.3871,0.4984,0.9453,0.2448,0.0380
7,9,3,11,0.4348,0.5219,0.9709,0.3039,0.0443
7,9,4,0,0.7957,0.7927,0.9895,0.7576,0.0189
7,9,4,1,0.5987,0.6954,0.8531,0.5004,0.0615
7,9,4,2,0.7337,0.8060,0.9763,0.6798,0.0347
7,9,4,3,0.8082,0.8265,0.9938,0.7844,0.0282
7,9,4,4,0.5873,0.5886,0.9059,0.4912,0.0538
7,9,4,5,0.6224,0.6703,0.9950,0.5541,0.0152
7,9,4,6,0.8046,0.8253,0.9899,0.7688,0.0165
7,9,4,7,0.8897,0.8959,0.9918,0.8723,0.0077
7,9,4,8,0.7900,0.8023,0.9949,0.7511,0.0186
7,9,4,9,0.8579,0.8761,0.9739,0.8332,0.0358
7,9,4,10,0.7885,0.8022,0.9849,0.7477,0.0311
7,9,4,11,0.7406,0.7879,0.9953,0.6967,0.0095
7,9,5,0,0.7595,0.8301,0.9970,0.7176,0.0095
7,9,5,1,0.8757,0.8785,0.9958,0.8601,0.0249
7,9,5,2,0.8243,0.8494,0.9566,0.7910,0.0362
7,9,5,3,0.8113,0.8331,0.9868,0.7756,0.0265
7,9,5,4,0.8278,0.8813,0.9567,0.7954,0.0326
7,9,5,5,0.8267,0.8398,0.9966,0.8032,0.0235
7,9,5,6,0.9240,0.9215,0.9960,0.9137,0.0165
7,9,5,7,0.8055,0.8430,0.9986,0.7747,0.0116
7,9,5,8,0.6582,0.7028,0.9732,0.5873,0.0361
7,9,5,9,0.5682,0.7110,0.9953,0.4943,0.0126
7,9,5,10,0.8287,0.8361,0.9904,0.7963,0.0256
7,9,5,11,0.7287,0.7043,0.9981,0.6830,0.0097
7,9,6,0,0.7601,0.8220,0.9941,0.7251,0.0194
7,9,6,1,0.6445,0.6662,0.9749,0.5709,0.0372
7,9,6,2,0.8190,0.8383,0.9955,0.7853,0.0187
7,9,6,3,0.9321,0.9373,0.9967,0.9217,0.0115
7,9,6,4,0.7936,0.8512,0.9923,0.7564,0.0134
7,9,6,5,0.7314,0.8230,0.9929,0.6812,0.0214
7,9,6,6,0.7763,0.8363,0.9966,0.7342,0.0207
7,9,6,7,0.8074,0.8410,0.9511,0.7724,0.0452
7,9,6,8,0.8057,0.8199,0.9906,0.7683,0.0222
7,9,6,9,0.8990,0.9290,0.9924,0.8809,0.0223
7,9,6,10,0.8693,0.9081,0.9947,0.8473,0.0061
7,9,6,11,0.6723,0.6992,0.9838,0.6146,0.0166
7,9,7,0,0.8545,0.8753,0.9671,0.8277,0.0308
7,9,7,1,0.6391,0.6742,0.9954,0.5727,0.0183
7,9,7,2,0.8173,0.8449,0.9950,0.7845,0.0093
7,9,7,3,0.8668,0.8757,0.9974,0.8469,0.0147
7,9,7,4,0.8818,0.8754,0.9914,0.8623,0.0108
7,9,7,5,0.7417,0.7456,0.9428,0.6887,0.0461
7,9,7,6,0.8086,0.8370,0.9959,0.7828,0.0244
7,9,7,7,0.7462,0.7624,0.9928,0.7135,0.0291
7,9,7,8,0.5375,0.6906,0.8942,0.4410,0.0312
7,9,7,9,1.0000,1.0000,1.0000,1.0000,0.0000
7,9,7,10,0.6402,0.7467,0.9917,0.5825,0.0098
7,9,7,11,0.6993,0.7389,0.9962,0.6548,0.0137
7,9,8,0,0.7614,0.8038,0.9994,0.7192,0.0098
7,9,8,1,0.8466,0.8652,0.9731,0.8180,0.0223
7,9,8,2,0.8230,0.8367,0.9938,0.8023,0.0344
7,9,8,3,0.8487,0.8933,0.9847,0.8207,0.0185
7,9,8,4,0.8030,0.8372,0.9967,0.7700,0.0096
7,9,8,5,0.7914,0.8435,0.9978,0.7590,0.0088
7,9,8,6,0.8371,0.8497,0.9963,0.8147,0.0226
7,9,8,7,0.6231,0.6296,0.7895,0.5347,0.0700
7,9,8,8,0.7532,0.7427,0.8231,0.7087,0.0617
7,9,8,9,0.7376,0.7898,0.9818,0.6842,0.0360
7,9,8,10,0.7837,0.8506,0.9985,0.7483,0.0128
7,9,8,11,0.7541,0.8016,0.9618,0.7052,0.0359
7,9,9,0,0.7394,0.8065,0.9912,0.6887,0.0228
7,9,9,1,0.6865,0.7311,0.9871,0.6229,0.0279
7,9,9,2,0.5840,0.6745,0.8817,0.4846,0.0492
7,9,9,3,0.7284,0.7940,0.9678,0.6762,0.0182
7,9,9,4,0.7923,0.8374,0.9878,0.7543,0.0123
7,9,9,5,0.7020,0.7433,0.8536,0.6399,0.0550
7,9,9,6,0.8200,0.8507,0.9956,0.7922,0.0137
7,9,9,7,0.7498,0.7897,0.9965,0.7132,0.0145
7,9,9,8,0.4991,0.5728,0.7977,0.3592,0.0674
7,9,9,9,0.8158,0.8354,0.9955,0.7916,0.0288
7,9,9,10,0.5478,0.7042,0.9047,0.4316,0.0611
7,9,9,11,0.6519,0.7355,0.9555,0.5744,0.0416
7,9,10,0,0.4762,0.5274,0.5781,0.3136,0.0772
7,9,10,1,0.3290,0.6712,0.8256,0.1764,0.0403
7,9,10,2,0.3965,0.6307,0.7679,0.2142,0.0644
7,9,10,3,0.5406,0.6238,0.6989,0.4300,0.0491
7,9,10,4,0.3834,0.5129,0.8387,0.2285,0.0459
7,9,10,5,0.3744,0.6247,0.7806,0.2206,0.0422
7,9,10,6,0.2835,0.5725,0.8130,0.1089,0.0455
7,9,10,7,0.5344,0.5999,0.6288,0.4081,0.0667
7,9,10,8,0.7053,0.7201,0.6649,0.6426,0.0451
7,9,10,9,0.4296,0.6223,0.7954,0.2865,0.0536
7,9,10,10,0.2776,0.4364,0.9761,0.1142,0.0401
7,9,10,11,0.3444,0.5367,0.6876,0.1146,0.0732
7,9,11,0,0.5189,0.5813,0.6906,0.4173,0.0401
7,9,11,1,0.5557,0.5934,0.6970,0.4609,0.0390
7,9,11,2,0.5292,0.5636,0.6664,0.4025,0.0610
7,9,11,3,0.5531,0.5808,0.6792,0.4574,0.0400
7,9,11,4,0.5586,0.5791,0.6835,0.4591,0.0439
7,9,11,5,0.5906,0.5820,0.6708,0.4973,0.0458
7,9,11,6,0.5453,0.6054,0.6998,0.4360,0.0498
7,9,11,7,0.5257,0.6067,0.6701,0.4254,0.0397
7,9,11,8,0.4882,0.5508,0.8357,0.3531,0.0565
7,9,11,9,0.4788,0.5741,0.6940,0.3266,0.0652
7,9,11,10,0.5138,0.5610,0.7001,0.3954,0.0474
7,9,11,11,0.5172,0.5963,0.6884,0.4204,0.0373
7,10,0,0,0.3760,0.4523,0.4005,0.1245,0.1002
7,10,0,1,0.2675,0.5057,0.8355,0.0540,0.0712
7,10,0,2,0.0922,0.4079,0.9804,-0.0924,0.0320
7,10,0,3,0.0543,0.4287,0.9624,-0.1376,0.0315
7,10,0,4,0.4035,0.4979,0.6662,0.2229,0.0856
7,10,0,5,0.2243,0.5294,0.8648,-0.0004,0.0713
7,10,0,6,0.2963,0.4688,0.5119,0.0143,0.0909
7,10,0,7,0.2398,0.5043,0.8270,0.0042,0.0692
7,10,0,8,0.3519,0.5376,0.6152,0.1277,0.0846
7,10,0,9,0.1966,0.4488,0.8892,-0.0373,0.0626
7,10,0,10,0.4300,0.6018,0.9838,0.3272,0.0223
7,10,0,11,0.2073,0.4850,0.9480,0.0017,0.0605
7,10,1,0,0.1767,0.5607,0.8925,-0.0302,0.0500
7,10,1,1,0.2641,0.4777,0.9955,0.1282,0.0237
7,10,1,2,0.1619,0.4101,0.9487,-0.0266,0.0465
7,10,1,3,0.1759,0.3924,0.8582,-0.0614,0.0666
7,10,1,4,0.0448,0.3089,0.9980,-0.1082,0.0121
7,10,1,5,0.2439,0.4343,0.9073,0.0572,0.0508
7,10,1,6,0.0405,0.2070,0.9879,-0.0799,0.0300
7,10,1,7,0.1121,0.3155,0.9789,-0.0500,0.0225
7,10,1,8,0.3426,0.5047,0.7820,0.1505,0.0676
7,10,1,9,0.2636,0.4049,0.9628,0.1001,0.0429
7,10,1,10,0.1554,0.3663,0.9321,-0.0440,0.0522
7,10,1,11,0.1955,0.4741,0.9523,-0.0113,0.0514
7,10,2,0,0.2250,0.5034,0.9841,0.1341,0.0376
7,10,2,1,0.1917,0.4075,0.9924,0.0542,0.0132
7,10,2,2,0.1181,0.3004,0.9916,-0.0308,0.0160
7,10,2,3,0.2510,0.4269,0.9625,0.0936,0.0358
7,10,2,4,0.2531,0.4391,0.9069,0.0647,0.0515
7,10,2,5,0.2736,0.4306,0.8468,0.0696,0.0666
7,10,2,6,0.2503,0.4742,0.9671,0.0785,0.0476
7,10,2,7,0.1674,0.3777,0.8596,-0.0483,0.0607
7,10,2,8,0.2433,0.4182,0.9176,0.0549,0.0580
7,10,2,9,0.2337,0.5088,0.9846,0.1427,0.0357
7,10,2,10,0.1366,0.3585,0.9790,-0.0298,0.0257
7,10,2,11,0.1817,0.3440,0.9474,-0.0033,0.0530
7,10,3,0,0.5317,0.6916,0.9846,0.4414,0.0409
7,10,3,1,0.5448,0.6798,0.8487,0.4366,0.0650
7,10,3,2,0.4468,0.6316,0.8927,0.3120,0.0584
7,10,3,3,0.6061,0.6609,0.8798,0.5202,0.0582
7,10,3,4,0.4111,0.5511,0.8274,0.2550,0.0689
7,10,3,5,0.0576,0.3865,0.9977,-0.0913,0.0106
7,10,3,6,0.5445,0.6340,0.8242,0.4364,0.0627
7,10,3,7,0.4496,0.5345,0.8588,0.3120,0.0597
7,10,3,8,0.3410,0.5369,0.9129,0.1784,0.0563
7,10,3,9,0.4569,0.5268,0.9982,0.3704,0.0137
7,10,3,10,0.6506,0.6873,0.9649,0.5805,0.0413
7,10,3,11,0.1995,0.4782,0.9532,0.0185,0.0488
7,10,4,0,0.6734,0.7749,0.9810,0.6154,0.0233
7,10,4,1,0.6742,0.7105,0.8507,0.6137,0.0653
7,10,4,2,0.6813,0.7419,0.9659,0.6202,0.0394
7,10,4,3,0.6885,0.7161,0.9830,0.6493,0.0253
7,10,4,4,0.5323,0.6005,0.9131,0.4284,0.0576
7,10,4,5,0.8600,0.8776,0.9787,0.8367,0.0174
7,10,4,6,0.6272,0.7889,0.9905,0.5618,0.0206
7,10,4,7,0.6643,0.7636,0.9994,0.6131,0.0107
7,10,4,8,0.7270,0.7799,0.9792,0.6794,0.0224
7,10,4,9,0.7346,0.7998,0.9577,0.6849,0.0413
7,10,4,10,0.6666,0.7336,0.9802,0.6047,0.0353
7,10,4,11,0.6995,0.7997,0.9944,0.6512,0.0094
7,10,5,0,0.8997,0.9128,0.9800,0.8835,0.0123
7,10,5,1,0.7040,0.7512,0.9907,0.6653,0.0221
7,10,5,2,0.7298,0.7702,0.9440,0.6792,0.0412
7,10,5,3,0.6900,0.7520,0.9816,0.6336,0.0306
7,10,5,4,0.7331,0.7802,0.9334,0.6832,0.0381
7,10,5,5,0.7167,0.7479,0.9869,0.6785,0.0208
7,10,5,6,0.6687,0.7564,0.9951,0.6220,0.0135
7,10,5,7,0.7996,0.8453,0.9905,0.7691,0.0108
7,10,5,8,0.7612,0.7893,0.9665,0.7177,0.0403
7,10,5,9,0.7180,0.8701,0.9978,0.6722,0.0151
7,10,5,10,0.5859,0.7060,0.9847,0.5080,0.0287
7,10,5,11,0.7060,0.7062,0.9905,0.6589,0.0118
7,10,6,0,0.6460,0.7052,0.9978,0.5959,0.0168
7,10,6,1,0.6728,0.6950,0.9756,0.6103,0.0419
7,10,6,2,0.5676,0.6641,0.9904,0.4899,0.0229
7,10,6,3,0.6514,0.7673,0.9977,0.5991,0.0114
7,10,6,4,0.6810,0.7743,0.9966,0.6263,0.0161
7,10,6,5,0.8462,0.8952,0.9977,0.8202,0.0245
7,10,6,6,0.8561,0.8888,0.9900,0.8319,0.0252
7,10,6,7,0.7370,0.7892,0.9424,0.6886,0.0501
7,10,6,8,0.6680,0.7390,0.9809,0.6058,0.0260
7,10,6,9,0.5607,0.7471,0.9707,0.4797,0.0252
7,10,6,10,0.6460,0.7530,0.9974,0.5895,0.0082
7,10,6,11,0.4705,0.6256,0.9978,0.3819,0.0174
7,10,7,0,0.7028,0.7879,0.9439,0.6470,0.0354
7,10,7,1,0.6697,0.7257,0.9869,0.6124,0.0212
7,10,7,2,0.8162,0.8346,0.9892,0.7853,0.0156
7,10,7,3,0.7260,0.7723,0.9864,0.6861,0.0158
7,10,7,4,0.5968,0.7578,0.9995,0.5331,0.0090
7,10,7,5,0.7121,0.7490,0.9314,0.6570,0.0504
7,10,7,6,0.7006,0.7340,0.9876,0.6605,0.0220
7,10,7,7,0.6210,0.6523,0.9882,0.5726,0.0265
7,10,7,8,0.5443,0.7021,0.8671,0.4549,0.0351
7,10,7,9,0.6402,0.7467,0.9917,0.5825,0.0098
7,10,7,10,1.0000,1.0000,1.0000,1.0000,0.0000
7,10,7,11,0.6147,0.6702,0.9937,0.5598,0.0132
7,10,8,0,0.7289,0.7773,0.9895,0.6836,0.0138
7,10,8,1,0.7415,0.7893,0.9486,0.6945,0.0277
7,10,8,2,0.6992,0.7232,0.9867,0.6627,0.0319
7,10,8,3,0.7512,0.8025,0.9668,0.7073,0.0229
7,10,8,4,0.6876,0.7303,0.9943,0.6378,0.0112
7,10,8,5,0.7764,0.8093,0.9927,0.7431,0.0079
7,10,8,6,0.6946,0.7482,0.9861,0.6527,0.0206
7,10,8,7,0.6039,0.6415,0.7808,0.5182,0.0745
7,10,8,8,0.6490,0.7219,0.8030,0.5773,0.0661
7,10,8,9,0.7090,0.8069,0.9716,0.6537,0.0409
7,10,8,10,0.8058,0.8352,0.9942,0.7755,0.0111
7,10,8,11,0.6525,0.7774,0.9382,0.5860,0.0411
7,10,9,0,0.7850,0.8555,0.9891,0.7469,0.0270
7,10,9,1,0.6758,0.7295,0.9775,0.6144,0.0313
7,10,9,2,0.6143,0.7016,0.8578,0.5318,0.0531
7,10,9,3,0.5719,0.7484,0.9412,0.4931,0.0228
7,10,9,4,0.7157,0.7747,0.9672,0.6665,0.0187
7,10,9,5,0.7128,0.7827,0.8309,0.6621,0.0594
7,10,9,6,0.6904,0.7407,0.9808,0.6443,0.0162
7,10,9,7,0.7144,0.8058,0.9930,0.6741,0.0111
7,10,9,8,0.4994,0.6682,0.7827,0.3712,0.0718
7,10,9,9,0.6834,0.7236,0.9868,0.6417,0.0269
7,10,9,10,0.6784,0.8079,0.8816,0.6177,0.0656
7,10,9,11,0.5347,0.6747,0.9378,0.4327,0.0459
7,10,10,0,0.3568,0.5434,0.5424,0.1391,0.0815
7,10,10,1,0.3637,0.6564,0.8139,0.2273,0.0421
7,10,10,2,0.3642,0.6263,0.7540,0.1813,0.0679
7,10,10,3,0.4556,0.5826,0.6566,0.3289,0.0511
7,10,10,4,0.3648,0.5513,0.8052,0.2139,0.0494
7,10,10,5,0.3294,0.6573,0.7590,0.1725,0.0460
7,10,10,6,0.3088,0.6661,0.7964,0.1500,0.0485
7,10,10,7,0.4443,0.5820,0.5886,0.2908,0.0706
7,10,10,8,0.6374,0.6407,0.6120,0.5631,0.0473
7,10,10,9,0.3825,0.6283,0.7744,0.2351,0.0568
7,10,10,10,0.2472,0.5271,0.9713,0.0853,0.0438
7,10,10,11,0.3241,0.5736,0.6603,0.0995,0.0784
7,10,11,0,0.4282,0.5745,0.6513,0.3131,0.0401
7,10,11,1,0.4357,0.5522,0.6536,0.3203,0.0418
7,10,11,2,0.4852,0.5981,0.6199,0.3522,0.0654
7,10,11,3,0.4594,0.5702,0.6349,0.3488,0.0425
7,10,11,4,0.4704,0.5694,0.6389,0.3560,0.0460
7,10,11,5,0.5227,0.5661,0.6225,0.4187,0.0488
7,10,11,6,0.4372,0.5752,0.6591,0.3053,0.0522
7,10,11,7,0.4400,0.5661,0.6305,0.3273,0.0384
7,10,11,8,0.4478,0.5521,0.8106,0.3090,0.0618
7,10,11,9,0.4378,0.5957,0.6605,0.2799,0.0705
7,10,11,10,0.4689,0.6024,0.6602,0.3460,0.0504
7,10,11,11,0.4221,0.5632,0.6505,0.3119,0.0381
7,11,0,0,0.3704,0.4256,0.3944,0.1523,0.1065
7,11,0,1,0.2288,0.4407,0.8215,0.0186,0.0791
7,11,0,2,0.1377,0.3233,0.9735,-0.0253,0.0426
7,11,0,3,0.1146,0.3621,0.9623,-0.0525,0.0425
7,11,0,4,0.3524,0.4669,0.6550,0.1666,0.0931
7,11,0,5,0.4105,0.5724,0.8570,0.2687,0.0798
7,11,0,6,0.2826,0.4259,0.5033,0.0191,0.0988
7,11,0,7,0.2797,0.4652,0.8081,0.0790,0.0780
7,11,0,8,0.2517,0.4665,0.6051,-0.0094,0.0928
7,11,0,9,0.1847,0.3974,0.8764,-0.0357,0.0702
7,11,0,10,0.2162,0.4213,0.9748,0.0839,0.0316
7,11,0,11,0.1894,0.3907,0.9319,-0.0062,0.0694
7,11,1,0,0.2186,0.5979,0.8995,0.0381,0.0609
7,11,1,1,0.1173,0.3149,0.9830,-0.0354,0.0344
7,11,1,2,0.1201,0.3833,0.9355,-0.0649,0.0549
7,11,1,3,0.2021,0.3802,0.8501,-0.0087,0.0745
7,11,1,4,0.0631,0.2978,0.9850,-0.0770,0.0180
7,11,1,5,0.3180,0.4608,0.9150,0.1656,0.0595
7,11,1,6,0.0187,0.2209,0.9948,-0.0966,0.0191
7,11,1,7,0.1184,0.3390,0.9851,-0.0318,0.0297
7,11,1,8,0.4032,0.5436,0.7849,0.2527,0.0775
7,11,1,9,0.3170,0.4615,0.9666,0.1778,0.0521
7,11,1,10,0.1464,0.3394,0.9245,-0.0413,0.0609
7,11,1,11,0.2599,0.4035,0.9339,0.0867,0.0612
7,11,2,0,0.0875,0.3015,0.9630,-0.0133,0.0267
7,11,2,1,0.1447,0.3374,0.9866,0.0089,0.0203
7,11,2,2,0.1124,0.3114,0.9938,-0.0276,0.0236
7,11,2,3,0.2838,0.4593,0.9676,0.1446,0.0450
7,11,2,4,0.2415,0.4208,0.9075,0.0642,0.0602
7,11,2,5,0.2503,0.3977,0.8449,0.0548,0.0741
7,11,2,6,0.3531,0.3897,0.9535,0.2189,0.0563
7,11,2,7,0.1535,0.3701,0.8569,-0.0507,0.0686
7,11,2,8,0.2993,0.4519,0.9060,0.1405,0.0667
7,11,2,9,0.0927,0.3075,0.9636,-0.0088,0.0248
7,11,2,10,0.0930,0.3152,0.9773,-0.0704,0.0324
7,11,2,11,0.1373,0.3172,0.9398,-0.0450,0.0608
7,11,3,0,0.6848,0.7409,0.9897,0.6320,0.0491
7,11,3,1,0.5416,0.6592,0.8517,0.4460,0.0743
7,11,3,2,0.5873,0.6410,0.8884,0.5073,0.0673
7,11,3,3,0.4603,0.5803,0.8866,0.3404,0.0673
7,11,3,4,0.4919,0.5434,0.8173,0.3791,0.0775
7,11,3,5,0.1091,0.3430,0.9872,-0.0223,0.0162
7,11,3,6,0.6811,0.7317,0.8352,0.6340,0.0726
7,11,3,7,0.4711,0.5550,0.8655,0.3540,0.0690
7,11,3,8,0.4421,0.5703,0.9107,0.3215,0.0651
7,11,3,9,0.1510,0.3119,0.9882,0.0247,0.0181
7,11,3,10,0.3093,0.4834,0.9440,0.1677,0.0516
7,11,3,11,0.2928,0.4546,0.9575,0.1466,0.0578
7,11,4,0,0.7460,0.8154,0.9869,0.7059,0.0326
7,11,4,1,0.6945,0.7254,0.8359,0.6537,0.0737
7,11,4,2,0.8373,0.8498,0.9705,0.8156,0.0474
7,11,4,3,0.8929,0.8831,0.9955,0.8804,0.0143
7,11,4,4,0.4807,0.5804,0.8940,0.3738,0.0664
7,11,4,5,0.6002,0.6937,0.9833,0.5370,0.0275
7,11,4,6,0.7314,0.7771,0.9889,0.6891,0.0292
7,11,4,7,0.7684,0.7717,0.9924,0.7356,0.0093
7,11,4,8,0.8155,0.8679,0.9844,0.7875,0.0308
7,11,4,9,0.7953,0.8327,0.9633,0.7660,0.0493
7,11,4,10,0.6925,0.7217,0.9804,0.6416,0.0439
7,11,4,11,0.8045,0.8057,0.9971,0.7758,0.0187
7,11,5,0,0.7442,0.7740,0.9885,0.7056,0.0206
7,11,5,1,0.8667,0.8583,0.9956,0.8503,0.0111
7,11,5,2,0.7344,0.7998,0.9491,0.6913,0.0493
7,11,5,3,0.7794,0.7879,0.9826,0.7449,0.0391
7,11,5,4,0.8257,0.8374,0.9492,0.8022,0.0459
7,11,5,5,0.8858,0.8813,0.9970,0.8713,0.0101
7,11,5,6,0.8109,0.8079,0.9951,0.7859,0.0041
7,11,5,7,0.8310,0.8511,0.9965,0.8071,0.0168
7,11,5,8,0.7592,0.7754,0.9620,0.7211,0.0489
7,11,5,9,0.5073,0.6086,0.9943,0.4327,0.0210
7,11,5,10,0.6566,0.6889,0.9835,0.5988,0.0394
7,11,5,11,0.8147,0.8520,0.9958,0.7876,0.0186
7,11,6,0,0.8769,0.8743,0.9958,0.8606,0.0150
7,11,6,1,0.7872,0.7598,0.9672,0.7548,0.0499
7,11,6,2,0.8621,0.8662,0.9944,0.8424,0.0311
7,11,6,3,0.7783,0.7957,0.9958,0.7474,0.0100
7,11,6,4,0.8403,0.8339,0.9899,0.8166,0.0257
7,11,6,5,0.7701,0.8155,0.9900,0.7342,0.0337
7,11,6,6,0.7617,0.7914,0.9896,0.7242,0.0344
7,11,6,7,0.7531,0.7754,0.9362,0.7167,0.0585
7,11,6,8,0.7999,0.8248,0.9867,0.7695,0.0355
7,11,6,9,0.5891,0.6680,0.9816,0.5201,0.0353
7,11,6,10,0.8076,0.8211,0.9932,0.7795,0.0154
7,11,6,11,0.7530,0.7776,0.9880,0.7155,0.0254
7,11,7,0,0.7579,0.7871,0.9622,0.7195,0.0444
7,11,7,1,0.7956,0.7855,0.9882,0.7644,0.0307
7,11,7,2,0.8248,0.8309,0.9948,0.7985,0.0232
7,11,7,3,0.8630,0.8654,0.9958,0.8443,0.0082
7,11,7,4,0.6764,0.7394,0.9924,0.6290,0.0166
7,11,7,5,0.6541,0.7095,0.9309,0.5928,0.0583
7,11,7,6,0.9021,0.8910,0.9957,0.8898,0.0107
7,11,7,7,0.9676,0.9572,0.9978,0.9641,0.0154
7,11,7,8,0.6792,0.8008,0.8989,0.6248,0.0444
7,11,7,9,0.6993,0.7389,0.9962,0.6548,0.0137
7,11,7,10,0.6147,0.6702,0.9937,0.5598,0.0132
7,11,7,11,1.0000,1.0000,1.0000,1.0000,0.0000
7,11,8,0,0.8460,0.8823,0.9956,0.8233,0.0220
7,11,8,1,0.8399,0.8566,0.9665,0.8170,0.0335
7,11,8,2,0.8682,0.8593,0.9950,0.8533,0.0207
7,11,8,3,0.7855,0.8232,0.9761,0.7522,0.0316
7,11,8,4,0.8745,0.8501,0.9965,0.8565,0.0163
7,11,8,5,0.8559,0.8526,0.9988,0.8358,0.0087
7,11,8,6,0.8683,0.8783,0.9958,0.8513,0.0095
7,11,8,7,0.5961,0.6079,0.7691,0.5216,0.0833
7,11,8,8,0.6417,0.6748,0.8046,0.5792,0.0747
7,11,8,9,0.6930,0.7836,0.9705,0.6410,0.0499
7,11,8,10,0.8224,0.8497,0.9990,0.7969,0.0184
7,11,8,11,0.6729,0.7933,0.9581,0.6172,0.0501
7,11,9,0,0.8328,0.8437,0.9867,0.8084,0.0363
7,11,9,1,0.7271,0.7946,0.9834,0.6824,0.0414
7,11,9,2,0.6024,0.7631,0.8736,0.5270,0.0622
7,11,9,3,0.8876,0.9148,0.9659,0.8729,0.0318
7,11,9,4,0.8694,0.8694,0.9846,0.8506,0.0250
7,11,9,5,0.7069,0.7880,0.8356,0.6652,0.0679
7,11,9,6,0.8473,0.8775,0.9950,0.8261,0.0110
7,11,9,7,0.8316,0.8584,0.9976,0.8092,0.0081
7,11,9,8,0.6032,0.6388,0.7783,0.5320,0.0806
7,11,9,9,0.8697,0.8670,0.9959,0.8536,0.0153
7,11,9,10,0.6627,0.7486,0.8823,0.6084,0.0743
7,11,9,11,0.7167,0.8031,0.9486,0.6712,0.0552
7,11,10,0,0.4250,0.4915,0.5545,0.2703,0.0901
7,11,10,1,0.4279,0.6549,0.8389,0.3165,0.0534
7,11,10,2,0.4140,0.6430,0.7691,0.2680,0.0776
7,11,10,3,0.6221,0.6340,0.7036,0.5523,0.0625
7,11,10,4,0.4730,0.5855,0.8422,0.3634,0.0590
7,11,10,5,0.4496,0.6943,0.7916,0.3359,0.0554
7,11,10,6,0.3726,0.6599,0.8258,0.2418,0.0591
7,11,10,7,0.5647,0.6385,0.6244,0.4792,0.0802
7,11,10,8,0.7049,0.6670,0.6601,0.6560,0.0586
7,11,10,9,0.4899,0.6193,0.8007,0.3842,0.0674
7,11,10,10,0.3122,0.4669,0.9678,0.1763,0.0536
7,11,10,11,0.2984,0.5636,0.6657,0.0824,0.0869
7,11,11,0,0.5889,0.6669,0.7076,0.5159,0.0511
7,11,11,1,0.6121,0.6515,0.7103,0.5431,0.0529
7,11,11,2,0.5423,0.5899,0.6603,0.4469,0.0741
7,11,11,3,0.6274,0.6510,0.6931,0.5615,0.0534
7,11,11,4,0.6191,0.6449,0.6943,0.5497,0.0569
7,11,11,5,0.6806,0.6345,0.6768,0.6257,0.0595
7,11,11,6,0.5846,0.6544,0.7109,0.5046,0.0634
7,11,11,7,0.5955,0.6570,0.6860,0.5237,0.0496
7,11,11,8,0.5009,0.5453,0.8316,0.3930,0.0703
7,11,11,9,0.4787,0.5774,0.6880,0.3564,0.0791
7,11,11,10,0.5896,0.6424,0.7077,0.5109,0.0611
7,11,11,11,0.5873,0.6666,0.7071,0.5166,0.0462
8,0,0,0,0.4335,0.4768,0.4437,0.1935,0.0873
8,0,0,1,0.2319,0.5156,0.8415,-0.0232,0.0580
8,0,0,2,0.2101,0.3863,0.9773,0.0329,0.0237
8,0,0,3,0.1164,0.3977,0.9691,-0.0815,0.0212
8,0,0,4,0.4401,0.5400,0.6926,0.2475,0.0732
8,0,0,5,0.2560,0.5302,0.8701,0.0160,0.0586
8,0,0,6,0.3281,0.4655,0.5469,0.0258,0.0783
8,0,0,7,0.3611,0.5405,0.8316,0.1481,0.0562
8,0,0,8,0.2858,0.5137,0.6442,-0.0192,0.0714
8,0,0,9,0.2752,0.4436,0.8945,0.0434,0.0501
8,0,0,10,0.2728,0.4964,0.9720,0.1269,0.0116
8,0,0,11,0.2573,0.4737,0.9420,0.0438,0.0485
8,0,1,0,0.3014,0.6416,0.9037,0.1090,0.0394
8,0,1,1,0.2275,0.4118,0.9807,0.0693,0.0147
8,0,1,2,0.2054,0.4563,0.9434,0.0074,0.0341
8,0,1,3,0.2928,0.4693,0.8780,0.0713,0.0532
8,0,1,4,0.1634,0.3683,0.9797,0.0156,0.0087
8,0,1,5,0.4250,0.5356,0.9341,0.2708,0.0378
8,0,1,6,0.1847,0.3322,0.9914,0.0726,0.0392
8,0,1,7,0.2559,0.4414,0.9923,0.1057,0.0117
8,0,1,8,0.5285,0.6274,0.8177,0.3884,0.0548
8,0,1,9,0.4681,0.5558,0.9798,0.3388,0.0295
8,0,1,10,0.2697,0.4229,0.9399,0.0798,0.0400
8,0,1,11,0.3394,0.4230,0.9420,0.1542,0.0388
8,0,2,0,0.1181,0.3771,0.9483,0.0037,0.0467
8,0,2,1,0.2745,0.4267,0.9923,0.1380,0.0086
8,0,2,2,0.2702,0.4107,0.9973,0.1340,0.0089
8,0,2,3,0.4214,0.5654,0.9791,0.2872,0.0233
8,0,2,4,0.3835,0.5250,0.9278,0.2132,0.0383
8,0,2,5,0.3575,0.4978,0.8748,0.1589,0.0539
8,0,2,6,0.3941,0.4099,0.9537,0.2413,0.0343
8,0,2,7,0.2765,0.4714,0.8820,0.0707,0.0477
8,0,2,8,0.3915,0.5205,0.9237,0.2260,0.0447
8,0,2,9,0.1256,0.3804,0.9491,0.0108,0.0449
8,0,2,10,0.2176,0.3843,0.9785,0.0508,0.0147
8,0,2,11,0.2508,0.4168,0.9547,0.0634,0.0417
8,0,3,0,0.8191,0.8438,0.9954,0.7813,0.0396
8,0,3,1,0.6819,0.7830,0.8771,0.6052,0.0521
8,0,3,2,0.6580,0.7173,0.9095,0.5725,0.0458
8,0,3,3,0.6355,0.6849,0.9065,0.5420,0.0455
8,0,3,4,0.5545,0.6005,0.8463,0.4292,0.0556
8,0,3,5,0.1421,0.3760,0.9808,-0.0074,0.0152
8,0,3,6,0.8042,0.8141,0.8650,0.7735,0.0506
8,0,3,7,0.6182,0.6686,0.8888,0.5184,0.0470
8,0,3,8,0.4825,0.6090,0.9216,0.3431,0.0434
8,0,3,9,0.2491,0.3997,0.9825,0.1171,0.0123
8,0,3,10,0.5044,0.5791,0.9464,0.3839,0.0295
8,0,3,11,0.3747,0.5380,0.9746,0.2194,0.0362
8,0,4,0,0.8428,0.8986,0.9931,0.8115,0.0107
8,0,4,1,0.7213,0.7788,0.8606,0.6602,0.0528
8,0,4,2,0.8572,0.8902,0.9798,0.8279,0.0268
8,0,4,3,0.9333,0.9283,0.9925,0.9279,0.0345
8,0,4,4,0.6231,0.6689,0.9106,0.5296,0.0460
8,0,4,5,0.7850,0.8078,0.9954,0.7439,0.0101
8,0,4,6,0.8199,0.8638,0.9921,0.7847,0.0097
8,0,4,7,0.8191,0.8281,0.9898,0.7894,0.0144
8,0,4,8,0.9411,0.9559,0.9953,0.9298,0.0102
8,0,4,9,0.9188,0.9394,0.9789,0.9055,0.0281
8,0,4,10,0.7890,0.7935,0.9890,0.7449,0.0233
8,0,4,11,0.8363,0.8783,0.9964,0.8073,0.0141
8,0,5,0,0.8663,0.8901,0.9978,0.8418,0.0059
8,0,5,1,0.9219,0.9248,0.9936,0.9137,0.0314
8,0,5,2,0.8501,0.8664,0.9612,0.8191,0.0288
8,0,5,3,0.8262,0.8517,0.9906,0.7907,0.0187
8,0,5,4,0.8892,0.9091,0.9628,0.8679,0.0250
8,0,5,5,0.9524,0.9529,0.9957,0.9480,0.0302
8,0,5,6,0.8617,0.8758,0.9933,0.8419,0.0244
8,0,5,7,0.9124,0.9401,0.9982,0.8984,0.0135
8,0,5,8,0.8840,0.8949,0.9751,0.8609,0.0282
8,0,5,9,0.6096,0.6906,0.9946,0.5392,0.0155
8,0,5,10,0.7092,0.7431,0.9914,0.6479,0.0176
8,0,5,11,0.9313,0.9146,0.9993,0.9194,0.0096
8,0,6,0,0.8515,0.8970,0.9926,0.8299,0.0223
8,0,6,1,0.8315,0.8548,0.9784,0.7961,0.0297
8,0,6,2,0.7151,0.7382,0.9970,0.6579,0.0115
8,0,6,3,0.8161,0.8510,0.9949,0.7865,0.0160
8,0,6,4,0.8728,0.8828,0.9923,0.8485,0.0103
8,0,6,5,0.8111,0.8907,0.9914,0.7737,0.0163
8,0,6,6,0.8668,0.9020,0.9962,0.8402,0.0139
8,0,6,7,0.8181,0.8631,0.9554,0.7807,0.0370
8,0,6,8,0.9320,0.9351,0.9937,0.9193,0.0165
8,0,6,9,0.6371,0.7254,0.9945,0.5622,0.0160
8,0,6,10,0.8532,0.8678,0.9944,0.8274,0.0102
8,0,6,11,0.6037,0.6634,0.9823,0.5303,0.0188
8,0,7,0,0.8108,0.8562,0.9742,0.7708,0.0228
8,0,7,1,0.8772,0.8981,0.9971,0.8534,0.0105
8,0,7,2,0.8983,0.9187,0.9963,0.8789,0.0096
8,0,7,3,0.9319,0.9349,0.9963,0.9222,0.0212
8,0,7,4,0.7368,0.7898,0.9900,0.6911,0.0136
8,0,7,5,0.7738,0.8210,0.9502,0.7238,0.0384
8,0,7,6,0.9370,0.9413,0.9942,0.9305,0.0310
8,0,7,7,0.8471,0.8599,0.9907,0.8287,0.0355
8,0,7,8,0.7338,0.8330,0.9000,0.6761,0.0225
8,0,7,9,0.7614,0.8038,0.9994,0.7192,0.0098
8,0,7,10,0.7289,0.7773,0.9895,0.6836,0.0138
8,0,7,11,0.8460,0.8823,0.9956,0.8233,0.0220
8,0,8,0,1.0000,1.0000,1.0000,1.0000,0.0000
8,0,8,1,0.9216,0.9359,0.9765,0.9065,0.0177
8,0,8,2,0.9308,0.9240,0.9919,0.9260,0.0409
8,0,8,3,0.8998,0.9133,0.9843,0.8799,0.0107
8,0,8,4,0.8934,0.9030,0.9977,0.8749,0.0099
8,0,8,5,0.9507,0.9489,0.9979,0.9436,0.0160
8,0,8,6,0.9388,0.9430,0.9954,0.9320,0.0290
8,0,8,7,0.6280,0.6910,0.7999,0.5305,0.0613
8,0,8,8,0.7054,0.7704,0.8348,0.6361,0.0535
8,0,8,9,0.8693,0.8873,0.9842,0.8431,0.0281
8,0,8,10,0.9186,0.9386,0.9983,0.9050,0.0130
8,0,8,11,0.8210,0.8644,0.9681,0.7833,0.0280
8,0,9,0,0.8598,0.9105,0.9916,0.8313,0.0179
8,0,9,1,0.9160,0.9102,0.9912,0.9000,0.0207
8,0,9,2,0.7914,0.8268,0.8914,0.7483,0.0404
8,0,9,3,0.8436,0.9007,0.9721,0.8120,0.0124
8,0,9,4,0.9278,0.9512,0.9914,0.9138,0.0068
8,0,9,5,0.7914,0.8695,0.8640,0.7522,0.0466
8,0,9,6,0.9413,0.9429,0.9955,0.9327,0.0200
8,0,9,7,0.9089,0.9422,0.9958,0.8965,0.0213
8,0,9,8,0.6254,0.6944,0.8064,0.5268,0.0595
8,0,9,9,0.9315,0.9336,0.9941,0.9247,0.0353
8,0,9,10,0.7614,0.8597,0.9129,0.7136,0.0534
8,0,9,11,0.7563,0.8494,0.9622,0.7015,0.0338
8,0,10,0,0.5210,0.5482,0.5935,0.3685,0.0687
8,0,10,1,0.4076,0.6817,0.8309,0.2657,0.0342
8,0,10,2,0.4934,0.6633,0.7783,0.3385,0.0553
8,0,10,3,0.6469,0.6367,0.7064,0.5595,0.0419
8,0,10,4,0.5793,0.6599,0.8494,0.4723,0.0371
8,0,10,5,0.4264,0.7066,0.7881,0.2777,0.0337
8,0,10,6,0.4280,0.6963,0.8198,0.2829,0.0374
8,0,10,7,0.6010,0.6485,0.6424,0.4918,0.0576
8,0,10,8,0.7544,0.6882,0.6696,0.6991,0.0383
8,0,10,9,0.4861,0.6350,0.8016,0.3503,0.0452
8,0,10,10,0.4198,0.5057,0.9777,0.2823,0.0317
8,0,10,11,0.3259,0.5971,0.7016,0.0685,0.0653
8,0,11,0,0.6022,0.6592,0.6964,0.5135,0.0377
8,0,11,1,0.6202,0.6322,0.7030,0.5344,0.0377
8,0,11,2,0.5736,0.6176,0.6789,0.4533,0.0528
8,0,11,3,0.6360,0.6405,0.6855,0.5537,0.0364
8,0,11,4,0.6350,0.6367,0.6902,0.5484,0.0376
8,0,11,5,0.6965,0.6382,0.6795,0.6252,0.0403
8,0,11,6,0.6075,0.6497,0.7099,0.5082,0.0424
8,0,11,7,0.5939,0.6440,0.6752,0.5031,0.0373
8,0,11,8,0.5219,0.5442,0.8443,0.3879,0.0488
8,0,11,9,0.5074,0.6017,0.7069,0.3545,0.0571
8,0,11,10,0.6183,0.6528,0.7078,0.5223,0.0392
8,0,11,11,0.5873,0.6476,0.6928,0.4998,0.0392
8,1,0,0,0.5134,0.5280,0.5760,0.2787,0.0731
8,1,0,1,0.2873,0.5182,0.8906,0.0086,0.0472
8,1,0,2,0.1713,0.3505,0.9731,-0.0458,0.0277
8,1,0,3,0.1122,0.3763,0.9814,-0.1195,0.0236
8,1,0,4,0.4462,0.5418,0.7817,0.2062,0.0604
8,1,0,5,0.2938,0.5551,0.9140,0.0243,0.0493
8,1,0,6,0.3618,0.5170,0.6660,0.0123,0.0659
8,1,0,7,0.3999,0.5455,0.8774,0.1592,0.0460
8,1,0,8,0.3410,0.5486,0.7471,0.0072,0.0594
8,1,0,9,0.2854,0.4624,0.9262,0.0134,0.0367
8,1,0,10,0.3054,0.4718,0.9587,0.1433,0.0212
8,1,0,11,0.2505,0.4756,0.9456,-0.0043,0.0378
8,1,1,0,0.2854,0.6685,0.9512,0.0520,0.0312
8,1,1,1,0.2007,0.3738,0.9445,0.0101,0.0225
8,1,1,2,0.2177,0.4515,0.9518,-0.0105,0.0264
8,1,1,3,0.2688,0.4586,0.9200,-0.0054,0.0397
8,1,1,4,0.0998,0.3205,0.9321,-0.0849,0.0239
8,1,1,5,0.4064,0.5120,0.9709,0.2150,0.0282
8,1,1,6,0.0870,0.2669,0.9476,-0.0590,0.0483
8,1,1,7,0.2011,0.3950,0.9837,0.0136,0.0126
8,1,1,8,0.5091,0.6145,0.8912,0.3209,0.0444
8,1,1,9,0.3812,0.4984,0.9831,0.2015,0.0207
8,1,1,10,0.2081,0.3977,0.9629,-0.0348,0.0300
8,1,1,11,0.3676,0.4471,0.9394,0.1567,0.0297
8,1,2,0,0.1560,0.3350,0.8846,0.0304,0.0559
8,1,2,1,0.2063,0.3670,0.9478,0.0330,0.0181
8,1,2,2,0.1885,0.3579,0.9761,0.0128,0.0169
8,1,2,3,0.3640,0.5251,0.9850,0.1899,0.0172
8,1,2,4,0.3333,0.4987,0.9636,0.1120,0.0275
8,1,2,5,0.3286,0.4754,0.9251,0.0772,0.0413
8,1,2,6,0.4132,0.4171,0.9488,0.2376,0.0286
8,1,2,7,0.2427,0.4497,0.9331,-0.0129,0.0386
8,1,2,8,0.3896,0.5037,0.9412,0.1910,0.0385
8,1,2,9,0.1645,0.3393,0.8857,0.0388,0.0540
8,1,2,10,0.1954,0.3797,0.9764,-0.0046,0.0064
8,1,2,11,0.2239,0.3828,0.9603,-0.0042,0.0339
8,1,3,0,0.8123,0.8282,0.9783,0.7642,0.0418
8,1,3,1,0.7019,0.7600,0.9335,0.6041,0.0420
8,1,3,2,0.6801,0.7194,0.9472,0.5774,0.0362
8,1,3,3,0.6420,0.6881,0.9579,0.5234,0.0404
8,1,3,4,0.6390,0.6458,0.8975,0.5151,0.0441
8,1,3,5,0.1121,0.3632,0.9433,-0.0674,0.0291
8,1,3,6,0.7784,0.8036,0.9315,0.7126,0.0414
8,1,3,7,0.5755,0.6352,0.9441,0.4306,0.0366
8,1,3,8,0.5385,0.6123,0.9541,0.3886,0.0336
8,1,3,9,0.2469,0.3853,0.9374,0.0937,0.0289
8,1,3,10,0.4812,0.5621,0.9291,0.3300,0.0265
8,1,3,11,0.3398,0.5039,0.9894,0.1457,0.0337
8,1,4,0,0.8693,0.8880,0.9842,0.8391,0.0199
8,1,4,1,0.7130,0.7632,0.9024,0.6200,0.0407
8,1,4,2,0.8652,0.8953,0.9910,0.8292,0.0192
8,1,4,3,0.9487,0.9455,0.9612,0.9521,0.0442
8,1,4,4,0.6186,0.6429,0.9244,0.5008,0.0378
8,1,4,5,0.7348,0.7627,0.9711,0.6770,0.0225
8,1,4,6,0.8260,0.8498,0.9711,0.7869,0.0184
8,1,4,7,0.8655,0.8652,0.9437,0.8438,0.0258
8,1,4,8,0.9147,0.9246,0.9850,0.8957,0.0183
8,1,4,9,0.9297,0.9514,0.9881,0.9112,0.0195
8,1,4,10,0.8048,0.7899,0.9745,0.7559,0.0284
8,1,4,11,0.8522,0.8761,0.9710,0.8245,0.0269
8,1,5,0,0.8575,0.8949,0.9763,0.8293,0.0204
8,1,5,1,0.9595,0.9565,0.9523,0.9632,0.0413
8,1,5,2,0.8980,0.9084,0.9873,0.8707,0.0212
8,1,5,3,0.8519,0.8638,0.9763,0.8158,0.0180
8,1,5,4,0.9290,0.9456,0.9948,0.9102,0.0156
8,1,5,5,0.9646,0.9609,0.9643,0.9680,0.0393
8,1,5,6,0.9212,0.9275,0.9495,0.9146,0.0359
8,1,5,7,0.9063,0.9331,0.9641,0.8928,0.0250
8,1,5,8,0.7999,0.8225,0.9792,0.7464,0.0236
8,1,5,9,0.6485,0.7259,0.9656,0.5767,0.0268
8,1,5,10,0.7386,0.7304,0.9824,0.6733,0.0254
8,1,5,11,0.8909,0.8561,0.9789,0.8716,0.0233
8,1,6,0,0.8673,0.8891,0.9471,0.8502,0.0351
8,1,6,1,0.7635,0.7718,0.9622,0.7007,0.0238
8,1,6,2,0.7838,0.7966,0.9807,0.7334,0.0164
8,1,6,3,0.8788,0.8893,0.9536,0.8606,0.0313
8,1,6,4,0.8784,0.8791,0.9597,0.8524,0.0202
8,1,6,5,0.8161,0.8759,0.9579,0.7738,0.0256
8,1,6,6,0.8743,0.9044,0.9781,0.8449,0.0255
8,1,6,7,0.8753,0.9036,0.9686,0.8411,0.0285
8,1,6,8,0.9145,0.9082,0.9870,0.8927,0.0165
8,1,6,9,0.7373,0.7871,0.9843,0.6737,0.0210
8,1,6,10,0.8717,0.8829,0.9546,0.8485,0.0238
8,1,6,11,0.6378,0.6462,0.9440,0.5611,0.0287
8,1,7,0,0.8778,0.8999,0.9919,0.8458,0.0221
8,1,7,1,0.7927,0.8129,0.9758,0.7467,0.0197
8,1,7,2,0.9458,0.9492,0.9834,0.9352,0.0195
8,1,7,3,0.9557,0.9600,0.9644,0.9541,0.0324
8,1,7,4,0.7919,0.7996,0.9471,0.7528,0.0275
8,1,7,5,0.7883,0.8081,0.9680,0.7273,0.0289
8,1,7,6,0.9494,0.9528,0.9569,0.9503,0.0403
8,1,7,7,0.8672,0.8744,0.9600,0.8557,0.0450
8,1,7,8,0.6795,0.8422,0.9662,0.5953,0.0265
8,1,7,9,0.8466,0.8652,0.9731,0.8180,0.0223
8,1,7,10,0.7415,0.7893,0.9486,0.6945,0.0277
8,1,7,11,0.8399,0.8566,0.9665,0.8170,0.0335
8,1,8,0,0.9216,0.9359,0.9765,0.9065,0.0177
8,1,8,1,1.0000,1.0000,1.0000,1.0000,0.0000
8,1,8,2,0.9599,0.9511,0.9513,0.9667,0.0506
8,1,8,3,0.9594,0.9569,0.9932,0.9501,0.0175
8,1,8,4,0.9142,0.9070,0.9663,0.9001,0.0205
8,1,8,5,0.9385,0.9429,0.9655,0.9325,0.0271
8,1,8,6,0.9562,0.9590,0.9612,0.9574,0.0381
8,1,8,7,0.6443,0.6786,0.8629,0.5197,0.0523
8,1,8,8,0.7673,0.7774,0.9029,0.6964,0.0445
8,1,8,9,0.8453,0.8684,0.9831,0.8034,0.0278
8,1,8,10,0.9096,0.9434,0.9674,0.8956,0.0262
8,1,8,11,0.8198,0.8552,0.9959,0.7726,0.0307
8,1,9,0,0.8789,0.9021,0.9790,0.8489,0.0234
8,1,9,1,0.8401,0.8450,0.9852,0.7984,0.0226
8,1,9,2,0.7154,0.7943,0.9573,0.6270,0.0296
8,1,9,3,0.8638,0.9094,0.9969,0.8310,0.0114
8,1,9,4,0.9433,0.9568,0.9928,0.9314,0.0132
8,1,9,5,0.8379,0.8535,0.9286,0.7943,0.0344
8,1,9,6,0.9622,0.9671,0.9729,0.9609,0.0283
8,1,9,7,0.9022,0.9185,0.9559,0.8917,0.0343
8,1,9,8,0.6534,0.6861,0.8837,0.5326,0.0471
8,1,9,9,0.9569,0.9528,0.9574,0.9600,0.0445
8,1,9,10,0.7127,0.8168,0.9509,0.6199,0.0410
8,1,9,11,0.7819,0.8551,0.9888,0.7179,0.0277
8,1,10,0,0.5354,0.5793,0.7284,0.3380,0.0563
8,1,10,1,0.4612,0.7440,0.9116,0.3087,0.0366
8,1,10,2,0.4893,0.7244,0.8763,0.2924,0.0459
8,1,10,3,0.6986,0.7230,0.8356,0.6057,0.0353
8,1,10,4,0.5176,0.6496,0.9355,0.3653,0.0327
8,1,10,5,0.5002,0.7685,0.8883,0.3460,0.0271
8,1,10,6,0.4311,0.7350,0.9070,0.2590,0.0361
8,1,10,7,0.6557,0.7280,0.7860,0.5352,0.0480
8,1,10,8,0.8319,0.7841,0.8085,0.7840,0.0373
8,1,10,9,0.5594,0.6983,0.9006,0.4196,0.0438
8,1,10,10,0.3646,0.4662,0.9814,0.1865,0.0327
8,1,10,11,0.3823,0.6274,0.8089,0.1009,0.0531
8,1,11,0,0.6801,0.7395,0.8134,0.5952,0.0401
8,1,11,1,0.6983,0.7230,0.8223,0.6167,0.0400
8,1,11,2,0.6320,0.6839,0.8183,0.5020,0.0415
8,1,11,3,0.7093,0.7310,0.8083,0.6304,0.0391
8,1,11,4,0.7051,0.7270,0.8164,0.6200,0.0356
8,1,11,5,0.7560,0.7199,0.8138,0.6846,0.0373
8,1,11,6,0.6819,0.7326,0.8335,0.5834,0.0370
8,1,11,7,0.6712,0.7476,0.7977,0.5838,0.0402
8,1,11,8,0.5712,0.5871,0.9327,0.4238,0.0383
8,1,11,9,0.5798,0.6549,0.8337,0.4204,0.0454
8,1,11,10,0.6759,0.7235,0.8348,0.5754,0.0319
8,1,11,11,0.6680,0.7429,0.8063,0.5853,0.0413
8,2,0,0,0.3713,0.3394,0.3278,0.2241,0.1217
8,2,0,1,0.1846,0.3496,0.7710,-0.0105,0.0956
8,2,0,2,0.0833,0.2091,0.9530,-0.0695,0.0633
8,2,0,3,0.0370,0.2320,0.9449,-0.1237,0.0621
8,2,0,4,0.3233,0.3720,0.5967,0.1592,0.1084
8,2,0,5,0.1972,0.3930,0.8073,0.0106,0.0963
8,2,0,6,0.2496,0.3344,0.4382,0.0118,0.1148
8,2,0,7,0.3206,0.3867,0.7589,0.1674,0.0956
8,2,0,8,0.2340,0.3675,0.5442,0.0059,0.1091
8,2,0,9,0.1735,0.2977,0.8344,-0.0202,0.0860
8,2,0,10,0.2159,0.3421,0.9582,0.1002,0.0507
8,2,0,11,0.1552,0.3227,0.9000,-0.0233,0.0869
8,2,1,0,0.1770,0.5337,0.8550,0.0106,0.0809
8,2,1,1,0.1201,0.2474,0.9682,-0.0134,0.0541
8,2,1,2,0.1092,0.2913,0.9024,-0.0550,0.0720
8,2,1,3,0.1591,0.2931,0.8106,-0.0362,0.0905
8,2,1,4,0.0295,0.1846,0.9762,-0.0985,0.0366
8,2,1,5,0.3281,0.3696,0.8831,0.2011,0.0773
8,2,1,6,0.0168,0.1571,0.9998,-0.0850,0.0042
8,2,1,7,0.1149,0.2554,0.9709,-0.0175,0.0461
8,2,1,8,0.4337,0.4755,0.7390,0.3239,0.0956
8,2,1,9,0.3243,0.3768,0.9471,0.2068,0.0695
8,2,1,10,0.1256,0.2356,0.8927,-0.0429,0.0774
8,2,1,11,0.2932,0.3097,0.9024,0.1538,0.0804
8,2,2,0,0.1016,0.2319,0.9534,0.0140,0.0061
8,2,2,1,0.1402,0.2520,0.9854,0.0203,0.0410
8,2,2,2,0.1115,0.2242,0.9835,-0.0117,0.0400
8,2,2,3,0.3029,0.3967,0.9467,0.1865,0.0641
8,2,2,4,0.2393,0.3359,0.8739,0.0864,0.0784
8,2,2,5,0.2345,0.3060,0.8063,0.0626,0.0898
8,2,2,6,0.3376,0.2866,0.9230,0.2200,0.0746
8,2,2,7,0.1473,0.2787,0.8162,-0.0319,0.0846
8,2,2,8,0.3048,0.3477,0.8706,0.1710,0.0844
8,2,2,9,0.1097,0.2354,0.9539,0.0217,0.0049
8,2,2,10,0.1001,0.2362,0.9535,-0.0422,0.0506
8,2,2,11,0.1314,0.2331,0.9116,-0.0291,0.0770
8,2,3,0,0.7886,0.7846,0.9783,0.7656,0.0699
8,2,3,1,0.6106,0.6217,0.8104,0.5624,0.0921
8,2,3,2,0.5962,0.5901,0.8507,0.5387,0.0849
8,2,3,3,0.5178,0.5327,0.8484,0.4382,0.0859
8,2,3,4,0.5723,0.5160,0.7728,0.5109,0.0936
8,2,3,5,0.0469,0.2325,0.9744,-0.0771,0.0362
8,2,3,6,0.7282,0.7028,0.7967,0.7180,0.0917
8,2,3,7,0.4873,0.4848,0.8256,0.3985,0.0873
8,2,3,8,0.4562,0.4771,0.8706,0.3608,0.0829
8,2,3,9,0.1679,0.2659,0.9778,0.0591,0.0368
8,2,3,10,0.3947,0.4259,0.9147,0.2919,0.0713
8,2,3,11,0.2771,0.3718,0.9396,0.1481,0.0754
8,2,4,0,0.8604,0.8439,0.9726,0.8471,0.0507
8,2,4,1,0.6685,0.6594,0.7917,0.6406,0.0905
8,2,4,2,0.8565,0.8463,0.9492,0.8484,0.0635
8,2,4,3,0.9891,0.9827,0.9989,0.9880,0.0066
8,2,4,4,0.5430,0.5034,0.8569,0.4710,0.0833
8,2,4,5,0.6871,0.6845,0.9845,0.6467,0.0474
8,2,4,6,0.8090,0.7905,0.9744,0.7872,0.0481
8,2,4,7,0.8483,0.8446,0.9880,0.8309,0.0268
8,2,4,8,0.9032,0.8987,0.9792,0.8962,0.0486
8,2,4,9,0.8922,0.8991,0.9453,0.8946,0.0656
8,2,4,10,0.7768,0.7385,0.9649,0.7512,0.0621
8,2,4,11,0.8524,0.8414,0.9871,0.8357,0.0389
8,2,5,0,0.8336,0.8564,0.9891,0.8146,0.0393
8,2,5,1,0.9846,0.9908,0.9995,0.9831,0.0095
8,2,5,2,0.8303,0.8187,0.9220,0.8177,0.0653
8,2,5,3,0.8487,0.8290,0.9676,0.8348,0.0559
8,2,5,4,0.8969,0.8901,0.9265,0.8982,0.0630
8,2,5,5,0.9894,0.9912,0.9989,0.9886,0.0108
8,2,5,6,0.9355,0.9459,0.9969,0.9286,0.0191
8,2,5,7,0.9048,0.9265,0.9973,0.8946,0.0309
8,2,5,8,0.7843,0.7628,0.9420,0.7620,0.0668
8,2,5,9,0.6002,0.6393,0.9848,0.5488,0.0401
8,2,5,10,0.6794,0.6457,0.9697,0.6368,0.0592
8,2,5,11,0.8910,0.8307,0.9885,0.8796,0.0353
8,2,6,0,0.9149,0.9144,0.9937,0.9056,0.0247
8,2,6,1,0.7532,0.7157,0.9487,0.7248,0.0664
8,2,6,2,0.7831,0.7640,0.9830,0.7575,0.0494
8,2,6,3,0.8671,0.8731,0.9941,0.8520,0.0277
8,2,6,4,0.8904,0.8647,0.9798,0.8804,0.0459
8,2,6,5,0.7848,0.8207,0.9813,0.7594,0.0529
8,2,6,6,0.8455,0.8508,0.9818,0.8301,0.0533
8,2,6,7,0.8201,0.8274,0.9114,0.8138,0.0752
8,2,6,8,0.8909,0.8699,0.9729,0.8860,0.0549
8,2,6,9,0.6829,0.7203,0.9795,0.6411,0.0555
8,2,6,10,0.8926,0.8580,0.9877,0.8814,0.0347
8,2,6,11,0.6055,0.5799,0.9750,0.5539,0.0461
8,2,7,0,0.8379,0.8381,0.9445,0.8248,0.0629
8,2,7,1,0.7986,0.7817,0.9809,0.7751,0.0483
8,2,7,2,0.9342,0.9157,0.9828,0.9307,0.0427
8,2,7,3,0.9817,0.9871,0.9987,0.9806,0.0204
8,2,7,4,0.7619,0.7510,0.9856,0.7331,0.0369
8,2,7,5,0.7183,0.7096,0.9033,0.6869,0.0748
8,2,7,6,0.9900,0.9933,0.9998,0.9891,0.0102
8,2,7,7,0.9117,0.9012,0.9970,0.9022,0.0054
8,2,7,8,0.6121,0.7560,0.8676,0.5571,0.0635
8,2,7,9,0.8230,0.8367,0.9938,0.8023,0.0344
8,2,7,10,0.6992,0.7232,0.9867,0.6627,0.0319
8,2,7,11,0.8682,0.8593,0.9950,0.8533,0.0207
8,2,8,0,0.9308,0.9240,0.9919,0.9260,0.0409
8,2,8,1,0.9599,0.9511,0.9513,0.9667,0.0506
8,2,8,2,1.0000,1.0000,1.0000,1.0000,0.0000
8,2,8,3,0.9140,0.9074,0.9657,0.9099,0.0504
8,2,8,4,0.9411,0.9164,0.9902,0.9363,0.0317
8,2,8,5,0.9691,0.9576,0.9962,0.9668,0.0251
8,2,8,6,0.9910,0.9930,0.9992,0.9904,0.0121
8,2,8,7,0.5588,0.5348,0.7186,0.4957,0.1001
8,2,8,8,0.6598,0.6415,0.7592,0.6233,0.0915
8,2,8,9,0.7949,0.7947,0.9548,0.7756,0.0678
8,2,8,10,0.9097,0.9236,0.9954,0.9004,0.0340
8,2,8,11,0.7615,0.7663,0.9376,0.7342,0.0677
8,2,9,0,0.8500,0.8498,0.9724,0.8367,0.0562
8,2,9,1,0.8074,0.7876,0.9682,0.7885,0.0617
8,2,9,2,0.6277,0.6788,0.8340,0.5779,0.0805
8,2,9,3,0.8884,0.8761,0.9513,0.8808,0.0504
8,2,9,4,0.9465,0.9427,0.9756,0.9457,0.0426
8,2,9,5,0.7595,0.7424,0.7946,0.7529,0.0843
8,2,9,6,0.9882,0.9886,0.9961,0.9882,0.0221
8,2,9,7,0.9168,0.9320,0.9979,0.9077,0.0206
8,2,9,8,0.5696,0.5528,0.7285,0.5112,0.0972
8,2,9,9,0.9965,0.9976,0.9998,0.9962,0.0062
8,2,9,10,0.6691,0.7355,0.8540,0.6380,0.0911
8,2,9,11,0.7488,0.7792,0.9230,0.7260,0.0745
8,2,10,0,0.4053,0.3878,0.4929,0.2782,0.1066
8,2,10,1,0.3501,0.6125,0.7917,0.2402,0.0735
8,2,10,2,0.3669,0.5609,0.7103,0.2321,0.0957
8,2,10,3,0.6187,0.5946,0.6592,0.5657,0.0824
8,2,10,4,0.4379,0.4875,0.8027,0.3396,0.0784
8,2,10,5,0.3823,0.6425,0.7420,0.2721,0.0744
8,2,10,6,0.3069,0.5829,0.7781,0.1812,0.0782
8,2,10,7,0.5586,0.5748,0.5657,0.4983,0.0985
8,2,10,8,0.7731,0.6692,0.6229,0.7547,0.0787
8,2,10,9,0.4528,0.5487,0.7517,0.3576,0.0866
8,2,10,10,0.2925,0.3338,0.9472,0.1717,0.0725
8,2,10,11,0.2617,0.4549,0.6088,0.0652,0.1035
8,2,11,0,0.5952,0.6257,0.6693,0.5369,0.0715
8,2,11,1,0.6275,0.6050,0.6736,0.5751,0.0737
8,2,11,2,0.5287,0.5176,0.6088,0.4542,0.0911
8,2,11,3,0.6335,0.6062,0.6559,0.5823,0.0743
8,2,11,4,0.6291,0.5982,0.6548,0.5772,0.0774
8,2,11,5,0.6840,0.5812,0.6344,0.6451,0.0800
8,2,11,6,0.5929,0.6013,0.6653,0.5334,0.0832
8,2,11,7,0.5878,0.6366,0.6469,0.5281,0.0702
8,2,11,8,0.4751,0.4291,0.7859,0.3825,0.0872
8,2,11,9,0.4550,0.4878,0.6306,0.3529,0.0963
8,2,11,10,0.5800,0.5813,0.6624,0.5171,0.0810
8,2,11,11,0.5903,0.6382,0.6710,0.5323,0.0661
8,3,0,0,0.4924,0.5121,0.5327,0.2705,0.0795
8,3,0,1,0.2300,0.5094,0.8777,-0.0538,0.0488
8,3,0,2,0.1461,0.3499,0.9844,-0.0643,0.0174
8,3,0,3,0.0922,0.3604,0.9937,-0.1308,0.0141
8,3,0,4,0.4480,0.5472,0.7544,0.2300,0.0650
8,3,0,5,0.2347,0.5664,0.8975,-0.0405,0.0489
8,3,0,6,0.3313,0.5180,0.6302,-0.0122,0.0687
8,3,0,7,0.3450,0.5448,0.8684,0.0976,0.0461
8,3,0,8,0.2890,0.5543,0.7185,-0.0529,0.0617
8,3,0,9,0.2231,0.4343,0.9188,-0.0556,0.0418
8,3,0,10,0.2903,0.4601,0.9794,0.1342,0.0093
8,3,0,11,0.2163,0.4635,0.9512,-0.0340,0.0383
8,3,1,0,0.2579,0.6416,0.9313,0.0306,0.0303
8,3,1,1,0.1764,0.3572,0.9609,-0.0085,0.0112
8,3,1,2,0.1633,0.4096,0.9559,-0.0663,0.0250
8,3,1,3,0.2340,0.4393,0.9061,-0.0356,0.0446
8,3,1,4,0.0833,0.3009,0.9544,-0.0939,0.0151
8,3,1,5,0.3711,0.4799,0.9519,0.1814,0.0279
8,3,1,6,0.0425,0.2308,0.9626,-0.1024,0.0485
8,3,1,7,0.1612,0.3502,0.9810,-0.0242,0.0105
8,3,1,8,0.4447,0.5645,0.8624,0.2440,0.0449
8,3,1,9,0.3397,0.4587,0.9771,0.1598,0.0202
8,3,1,10,0.1720,0.3651,0.9620,-0.0667,0.0307
8,3,1,11,0.3389,0.4377,0.9473,0.1326,0.0300
8,3,2,0,0.1413,0.3298,0.9152,0.0202,0.0560
8,3,2,1,0.1783,0.3502,0.9641,0.0092,0.0137
8,3,2,2,0.1487,0.3259,0.9816,-0.0251,0.0131
8,3,2,3,0.3168,0.4813,0.9777,0.1412,0.0134
8,3,2,4,0.2921,0.4524,0.9507,0.0718,0.0280
8,3,2,5,0.2980,0.4405,0.9061,0.0519,0.0443
8,3,2,6,0.4217,0.4051,0.9569,0.2601,0.0242
8,3,2,7,0.1994,0.4143,0.9168,-0.0544,0.0404
8,3,2,8,0.3718,0.4709,0.9354,0.1808,0.0343
8,3,2,9,0.1521,0.3356,0.9160,0.0312,0.0541
8,3,2,10,0.1376,0.3461,0.9785,-0.0640,0.0128
8,3,2,11,0.1826,0.3554,0.9567,-0.0432,0.0322
8,3,3,0,0.7632,0.7744,0.9785,0.7065,0.0336
8,3,3,1,0.6827,0.7451,0.9103,0.5888,0.0419
8,3,3,2,0.6857,0.7165,0.9351,0.5949,0.0362
8,3,3,3,0.6334,0.6679,0.9369,0.5227,0.0363
8,3,3,4,0.5883,0.5918,0.8817,0.4566,0.0457
8,3,3,5,0.0860,0.3482,0.9622,-0.0883,0.0221
8,3,3,6,0.7384,0.7611,0.9022,0.6669,0.0414
8,3,3,7,0.5376,0.5884,0.9193,0.3910,0.0373
8,3,3,8,0.4750,0.5694,0.9411,0.3154,0.0337
8,3,3,9,0.1988,0.3450,0.9545,0.0448,0.0176
8,3,3,10,0.4784,0.5566,0.9409,0.3365,0.0208
8,3,3,11,0.3053,0.4652,0.9877,0.1136,0.0271
8,3,4,0,0.8350,0.8459,0.9826,0.7986,0.0074
8,3,4,1,0.7146,0.7781,0.8931,0.6338,0.0433
8,3,4,2,0.8296,0.8800,0.9885,0.7876,0.0203
8,3,4,3,0.8987,0.8978,0.9718,0.8906,0.0440
8,3,4,4,0.6487,0.6701,0.9254,0.5496,0.0357
8,3,4,5,0.7586,0.7824,0.9817,0.7084,0.0085
8,3,4,6,0.8312,0.8426,0.9759,0.7950,0.0061
8,3,4,7,0.8594,0.8666,0.9629,0.8361,0.0236
8,3,4,8,0.9193,0.9332,0.9933,0.9019,0.0091
8,3,4,9,0.9238,0.9392,0.9828,0.9065,0.0208
8,3,4,10,0.8202,0.7972,0.9743,0.7780,0.0169
8,3,4,11,0.8199,0.8394,0.9775,0.7861,0.0193
8,3,5,0,0.8714,0.9027,0.9840,0.8464,0.0121
8,3,5,1,0.9264,0.9257,0.9685,0.9214,0.0408
8,3,5,2,0.9058,0.9060,0.9804,0.8833,0.0213
8,3,5,3,0.8469,0.8452,0.9766,0.8117,0.0109
8,3,5,4,0.9144,0.9256,0.9808,0.8943,0.0183
8,3,5,5,0.9320,0.9273,0.9749,0.9268,0.0396
8,3,5,6,0.9007,0.9158,0.9684,0.8884,0.0342
8,3,5,7,0.9023,0.9259,0.9752,0.8870,0.0200
8,3,5,8,0.7987,0.8424,0.9848,0.7490,0.0216
8,3,5,9,0.6455,0.7273,0.9788,0.5763,0.0179
8,3,5,10,0.7542,0.7361,0.9902,0.6965,0.0134
8,3,5,11,0.8646,0.8283,0.9847,0.8398,0.0165
8,3,6,0,0.8087,0.8582,0.9632,0.7799,0.0298
8,3,6,1,0.7570,0.7717,0.9666,0.6971,0.0212
8,3,6,2,0.7562,0.7956,0.9853,0.7023,0.0082
8,3,6,3,0.8717,0.8803,0.9707,0.8514,0.0248
8,3,6,4,0.8544,0.8645,0.9730,0.8240,0.0103
8,3,6,5,0.7998,0.8936,0.9752,0.7560,0.0122
8,3,6,6,0.8904,0.9255,0.9902,0.8660,0.0097
8,3,6,7,0.8764,0.9104,0.9685,0.8474,0.0277
8,3,6,8,0.8824,0.8803,0.9866,0.8547,0.0107
8,3,6,9,0.7543,0.8041,0.9872,0.6983,0.0112
8,3,6,10,0.8609,0.8828,0.9686,0.8354,0.0180
8,3,6,11,0.6297,0.6700,0.9608,0.5551,0.0211
8,3,7,0,0.8770,0.8927,0.9760,0.8475,0.0137
8,3,7,1,0.7738,0.8220,0.9824,0.7257,0.0084
8,3,7,2,0.9158,0.9106,0.9875,0.8986,0.0129
8,3,7,3,0.9196,0.9281,0.9759,0.9093,0.0309
8,3,7,4,0.8125,0.8293,0.9643,0.7783,0.0210
8,3,7,5,0.8144,0.8310,0.9576,0.7668,0.0283
8,3,7,6,0.9020,0.9154,0.9707,0.8921,0.0403
8,3,7,7,0.8044,0.8343,0.9722,0.7804,0.0448
8,3,7,8,0.6948,0.8323,0.9420,0.6199,0.0150
8,3,7,9,0.8487,0.8933,0.9847,0.8207,0.0185
8,3,7,10,0.7512,0.8025,0.9668,0.7073,0.0229
8,3,7,11,0.7855,0.8232,0.9761,0.7522,0.0316
8,3,8,0,0.8998,0.9133,0.9843,0.8799,0.0107
8,3,8,1,0.9594,0.9569,0.9932,0.9501,0.0175
8,3,8,2,0.9140,0.9074,0.9657,0.9099,0.0504
8,3,8,3,1.0000,1.0000,1.0000,1.0000,0.0000
8,3,8,4,0.8749,0.8751,0.9741,0.8523,0.0191
8,3,8,5,0.9064,0.9149,0.9744,0.8927,0.0253
8,3,8,6,0.9171,0.9205,0.9724,0.9088,0.0385
8,3,8,7,0.6509,0.6827,0.8435,0.5430,0.0513
8,3,8,8,0.7815,0.7789,0.8765,0.7253,0.0435
8,3,8,9,0.8705,0.9012,0.9873,0.8388,0.0196
8,3,8,10,0.9003,0.9344,0.9775,0.8836,0.0182
8,3,8,11,0.8397,0.8710,0.9802,0.8009,0.0213
8,3,9,0,0.8596,0.8781,0.9885,0.8269,0.0121
8,3,9,1,0.8119,0.8110,0.9824,0.7663,0.0142
8,3,9,2,0.7237,0.7804,0.9301,0.6467,0.0307
8,3,9,3,0.8054,0.8758,0.9847,0.7611,0.0090
8,3,9,4,0.8944,0.9184,0.9873,0.8719,0.0097
8,3,9,5,0.8220,0.8427,0.9049,0.7807,0.0381
8,3,9,6,0.9166,0.9226,0.9796,0.9049,0.0293
8,3,9,7,0.8709,0.8847,0.9680,0.8532,0.0309
8,3,9,8,0.6170,0.6431,0.8649,0.4937,0.0498
8,3,9,9,0.9077,0.9099,0.9700,0.8995,0.0443
8,3,9,10,0.6672,0.7992,0.9380,0.5675,0.0437
8,3,9,11,0.6941,0.7981,0.9750,0.6100,0.0241
8,3,10,0,0.5237,0.5519,0.6818,0.3409,0.0589
8,3,10,1,0.4450,0.7316,0.8862,0.2980,0.0284
8,3,10,2,0.4927,0.6937,0.8411,0.3139,0.0456
8,3,10,3,0.6663,0.7160,0.7948,0.5715,0.0329
8,3,10,4,0.4628,0.6050,0.8954,0.3043,0.0287
8,3,10,5,0.4857,0.7378,0.8534,0.3379,0.0246
8,3,10,6,0.3962,0.6853,0.8759,0.2252,0.0296
8,3,10,7,0.6302,0.7071,0.7329,0.5123,0.0484
8,3,10,8,0.8396,0.8027,0.7749,0.7994,0.0291
8,3,10,9,0.5588,0.6938,0.8720,0.4295,0.0366
8,3,10,10,0.3410,0.4312,0.9870,0.1676,0.0252
8,3,10,11,0.3561,0.5895,0.7709,0.0824,0.0557
8,3,11,0,0.6401,0.7188,0.7726,0.5508,0.0333
8,3,11,1,0.6634,0.7138,0.7819,0.5784,0.0318
8,3,11,2,0.5998,0.6650,0.7678,0.4696,0.0427
8,3,11,3,0.6742,0.7110,0.7660,0.5918,0.0302
8,3,11,4,0.6643,0.7116,0.7741,0.5744,0.0291
8,3,11,5,0.7203,0.7038,0.7671,0.6448,0.0316
8,3,11,6,0.6443,0.7173,0.7843,0.5425,0.0340
8,3,11,7,0.6513,0.7322,0.7586,0.5647,0.0323
8,3,11,8,0.5660,0.5760,0.9032,0.4292,0.0391
8,3,11,9,0.5498,0.6418,0.7873,0.3923,0.0475
8,3,11,10,0.6367,0.7009,0.7929,0.5324,0.0312
8,3,11,11,0.6390,0.7268,0.7690,0.5545,0.0371
8,4,0,0,0.4328,0.4799,0.4330,0.2290,0.0919
8,4,0,1,0.2391,0.4739,0.8440,0.0037,0.0640
8,4,0,2,0.1035,0.3265,0.9773,-0.0864,0.0327
8,4,0,3,0.0878,0.3356,0.9610,-0.1048,0.0311
8,4,0,4,0.3908,0.5166,0.6880,0.1912,0.0777
8,4,0,5,0.2323,0.5224,0.8748,-0.0003,0.0652
8,4,0,6,0.3426,0.4802,0.5380,0.0780,0.0836
8,4,0,7,0.2848,0.5250,0.8337,0.0563,0.0640
8,4,0,8,0.2363,0.4942,0.6368,-0.0761,0.0779
8,4,0,9,0.2019,0.4052,0.8969,-0.0410,0.0553
8,4,0,10,0.1434,0.4193,0.9719,-0.0187,0.0201
8,4,0,11,0.1638,0.4085,0.9466,-0.0647,0.0555
8,4,1,0,0.2055,0.6071,0.9052,-0.0023,0.0493
8,4,1,1,0.0961,0.3436,0.9884,-0.0786,0.0248
8,4,1,2,0.1181,0.3868,0.9473,-0.0896,0.0409
8,4,1,3,0.1759,0.4084,0.8759,-0.0723,0.0589
8,4,1,4,0.0562,0.2699,0.9874,-0.1011,0.0115
8,4,1,5,0.3509,0.4900,0.9306,0.1865,0.0460
8,4,1,6,0.0219,0.2072,0.9908,-0.1059,0.0301
8,4,1,7,0.1230,0.3364,0.9924,-0.0438,0.0158
8,4,1,8,0.4328,0.5731,0.8109,0.2673,0.0635
8,4,1,9,0.3463,0.4666,0.9788,0.1958,0.0373
8,4,1,10,0.1435,0.3414,0.9382,-0.0679,0.0459
8,4,1,11,0.3106,0.4245,0.9483,0.1293,0.0487
8,4,2,0,0.0359,0.3312,0.9618,-0.0828,0.0370
8,4,2,1,0.1448,0.3360,0.9946,-0.0069,0.0132
8,4,2,2,0.1235,0.3007,0.9985,-0.0307,0.0089
8,4,2,3,0.3126,0.4820,0.9784,0.1623,0.0327
8,4,2,4,0.2635,0.4370,0.9244,0.0692,0.0473
8,4,2,5,0.2576,0.4257,0.8700,0.0374,0.0590
8,4,2,6,0.3588,0.4106,0.9607,0.2073,0.0431
8,4,2,7,0.1727,0.3866,0.8780,-0.0511,0.0528
8,4,2,8,0.3249,0.4853,0.9270,0.1516,0.0531
8,4,2,9,0.0410,0.3358,0.9625,-0.0785,0.0352
8,4,2,10,0.0992,0.3257,0.9815,-0.0819,0.0198
8,4,2,11,0.1335,0.3562,0.9576,-0.0717,0.0462
8,4,3,0,0.7549,0.8049,0.9964,0.7072,0.0473
8,4,3,1,0.5331,0.6889,0.8728,0.4120,0.0602
8,4,3,2,0.6356,0.6947,0.9077,0.5526,0.0537
8,4,3,3,0.4924,0.5897,0.9019,0.3616,0.0550
8,4,3,4,0.6068,0.6511,0.8444,0.5132,0.0623
8,4,3,5,0.0854,0.3142,0.9878,-0.0650,0.0162
8,4,3,6,0.7378,0.7722,0.8564,0.6921,0.0604
8,4,3,7,0.5253,0.5951,0.8844,0.4048,0.0558
8,4,3,8,0.4601,0.5722,0.9241,0.3249,0.0513
8,4,3,9,0.1678,0.3532,0.9911,0.0297,0.0159
8,4,3,10,0.3796,0.5307,0.9565,0.2366,0.0397
8,4,3,11,0.2914,0.4674,0.9676,0.1254,0.0438
8,4,4,0,0.8131,0.8588,0.9932,0.7787,0.0198
8,4,4,1,0.7661,0.7873,0.8609,0.7326,0.0593
8,4,4,2,0.9207,0.9222,0.9767,0.9097,0.0321
8,4,4,3,0.9541,0.9295,0.9891,0.9504,0.0266
8,4,4,4,0.6109,0.6691,0.9152,0.5226,0.0531
8,4,4,5,0.6387,0.6854,0.9894,0.5739,0.0173
8,4,4,6,0.7773,0.8190,0.9958,0.7367,0.0175
8,4,4,7,0.8504,0.8580,0.9945,0.8268,0.0098
8,4,4,8,0.8852,0.8866,0.9886,0.8647,0.0173
8,4,4,9,0.8857,0.9099,0.9747,0.8683,0.0341
8,4,4,10,0.8320,0.8497,0.9913,0.8008,0.0310
8,4,4,11,0.8770,0.8921,0.9990,0.8564,0.0161
8,4,5,0,0.8186,0.8433,0.9919,0.7874,0.0100
8,4,5,1,0.9433,0.9251,0.9924,0.9373,0.0231
8,4,5,2,0.8504,0.8758,0.9569,0.8237,0.0344
8,4,5,3,0.9101,0.9203,0.9925,0.8946,0.0246
8,4,5,4,0.9312,0.9276,0.9550,0.9236,0.0312
8,4,5,5,0.9479,0.9237,0.9930,0.9419,0.0208
8,4,5,6,0.8939,0.9000,0.9937,0.8791,0.0181
8,4,5,7,0.9007,0.9075,0.9968,0.8851,0.0103
8,4,5,8,0.8093,0.8033,0.9720,0.7731,0.0352
8,4,5,9,0.5583,0.6774,0.9970,0.4832,0.0197
8,4,5,10,0.7014,0.7277,0.9895,0.6433,0.0278
8,4,5,11,0.8573,0.8450,0.9984,0.8335,0.0078
8,4,6,0,0.9636,0.9592,0.9965,0.9590,0.0173
8,4,6,1,0.8574,0.8519,0.9821,0.8319,0.0349
8,4,6,2,0.8374,0.8343,0.9972,0.8077,0.0183
8,4,6,3,0.8560,0.8723,0.9966,0.8337,0.0144
8,4,6,4,0.9252,0.9161,0.9961,0.9122,0.0176
8,4,6,5,0.8087,0.8429,0.9942,0.7737,0.0240
8,4,6,6,0.8215,0.8379,0.9933,0.7886,0.0229
8,4,6,7,0.8577,0.8778,0.9526,0.8371,0.0440
8,4,6,8,0.8860,0.8973,0.9925,0.8660,0.0242
8,4,6,9,0.6737,0.7666,0.9868,0.6111,0.0252
8,4,6,10,0.8701,0.8814,0.9981,0.8485,0.0103
8,4,6,11,0.6200,0.6457,0.9900,0.5537,0.0242
8,4,7,0,0.8387,0.8728,0.9689,0.8089,0.0315
8,4,7,1,0.8288,0.8213,0.9960,0.7980,0.0177
8,4,7,2,0.9161,0.9234,0.9958,0.9014,0.0145
8,4,7,3,0.9317,0.9202,0.9929,0.9217,0.0149
8,4,7,4,0.7261,0.7740,0.9954,0.6810,0.0156
8,4,7,5,0.7107,0.7708,0.9493,0.6504,0.0442
8,4,7,6,0.9445,0.9216,0.9918,0.9382,0.0217
8,4,7,7,0.9054,0.8710,0.9896,0.8948,0.0278
8,4,7,8,0.5916,0.7376,0.8883,0.5078,0.0322
8,4,7,9,0.8030,0.8372,0.9967,0.7700,0.0096
8,4,7,10,0.6876,0.7303,0.9943,0.6378,0.0112
8,4,7,11,0.8745,0.8501,0.9965,0.8565,0.0163
8,4,8,0,0.8934,0.9030,0.9977,0.8749,0.0099
8,4,8,1,0.9142,0.9070,0.9663,0.9001,0.0205
8,4,8,2,0.9411,0.9164,0.9902,0.9363,0.0317
8,4,8,3,0.8749,0.8751,0.9741,0.8523,0.0191
8,4,8,4,1.0000,1.0000,1.0000,1.0000,0.0000
8,4,8,5,0.9521,0.9619,0.9984,0.9449,0.0096
8,4,8,6,0.9254,0.9145,0.9927,0.9158,0.0194
8,4,8,7,0.6930,0.7059,0.7982,0.6348,0.0679
8,4,8,8,0.7254,0.7625,0.8293,0.6727,0.0603
8,4,8,9,0.7266,0.7809,0.9807,0.6714,0.0361
8,4,8,10,0.8576,0.8744,0.9986,0.8345,0.0108
8,4,8,11,0.6797,0.7605,0.9610,0.6152,0.0359
8,4,9,0,0.8238,0.8324,0.9911,0.7908,0.0263
8,4,9,1,0.7950,0.8426,0.9909,0.7557,0.0300
8,4,9,2,0.6312,0.7293,0.8839,0.5474,0.0498
8,4,9,3,0.8199,0.8666,0.9624,0.7864,0.0191
8,4,9,4,0.9251,0.9258,0.9855,0.9121,0.0113
8,4,9,5,0.7345,0.8033,0.8565,0.6848,0.0526
8,4,9,6,0.9242,0.9262,0.9906,0.9127,0.0121
8,4,9,7,0.8553,0.8669,0.9968,0.8346,0.0162
8,4,9,8,0.5712,0.6443,0.7991,0.4632,0.0665
8,4,9,9,0.9336,0.9229,0.9918,0.9261,0.0256
8,4,9,10,0.6777,0.7825,0.9050,0.6095,0.0598
8,4,9,11,0.7427,0.8380,0.9579,0.6910,0.0426
8,4,10,0,0.4246,0.5085,0.5787,0.2335,0.0749
8,4,10,1,0.3639,0.6419,0.8247,0.2210,0.0438
8,4,10,2,0.3805,0.6474,0.7736,0.1936,0.0641
8,4,10,3,0.6469,0.6387,0.6844,0.5683,0.0510
8,4,10,4,0.4541,0.5525,0.8382,0.3207,0.0469
8,4,10,5,0.3986,0.6536,0.7781,0.2529,0.0438
8,4,10,6,0.3166,0.6196,0.8126,0.1522,0.0471
8,4,10,7,0.5806,0.6331,0.6252,0.4766,0.0671
8,4,10,8,0.7406,0.6805,0.6386,0.6882,0.0474
8,4,10,9,0.4654,0.5903,0.7901,0.3342,0.0550
8,4,10,10,0.3081,0.4411,0.9754,0.1534,0.0414
8,4,10,11,0.3151,0.5764,0.6917,0.0724,0.0720
8,4,11,0,0.5810,0.6055,0.6766,0.4941,0.0444
8,4,11,1,0.6191,0.5999,0.6809,0.5396,0.0458
8,4,11,2,0.5415,0.5556,0.6582,0.4216,0.0599
8,4,11,3,0.6266,0.5926,0.6631,0.5486,0.0456
8,4,11,4,0.6240,0.5915,0.6676,0.5421,0.0467
8,4,11,5,0.6774,0.5936,0.6559,0.6082,0.0495
8,4,11,6,0.5897,0.6160,0.6924,0.4945,0.0521
8,4,11,7,0.5755,0.6180,0.6538,0.4873,0.0443
8,4,11,8,0.4894,0.5151,0.8335,0.3563,0.0561
8,4,11,9,0.4753,0.5570,0.6930,0.3236,0.0646
8,4,11,10,0.5764,0.5808,0.6876,0.4774,0.0493
8,4,11,11,0.5781,0.6125,0.6726,0.4947,0.0450
8,5,0,0,0.4111,0.4363,0.3966,0.2194,0.1005
8,5,0,1,0.2449,0.4503,0.8190,0.0296,0.0718
8,5,0,2,0.1009,0.2881,0.9703,-0.0772,0.0380
8,5,0,3,0.0566,0.3078,0.9579,-0.1300,0.0370
8,5,0,4,0.3797,0.4693,0.6562,0.1947,0.0856
8,5,0,5,0.2441,0.4932,0.8530,0.0331,0.0725
8,5,0,6,0.3042,0.4264,0.5036,0.0390,0.0915
8,5,0,7,0.3226,0.4873,0.8071,0.1280,0.0711
8,5,0,8,0.2803,0.4586,0.6049,0.0209,0.0854
8,5,0,9,0.1961,0.3718,0.8755,-0.0312,0.0630
8,5,0,10,0.2438,0.4275,0.9687,0.1104,0.0251
8,5,0,11,0.1859,0.3909,0.9303,-0.0202,0.0618
8,5,1,0,0.1954,0.5864,0.8920,-0.0005,0.0553
8,5,1,1,0.1550,0.3327,0.9817,0.0025,0.0281
8,5,1,2,0.1394,0.3634,0.9323,-0.0494,0.0475
8,5,1,3,0.1832,0.3715,0.8534,-0.0449,0.0672
8,5,1,4,0.0444,0.2426,0.9836,-0.1048,0.0112
8,5,1,5,0.3397,0.4502,0.9168,0.1851,0.0527
8,5,1,6,0.0273,0.1939,0.9963,-0.0918,0.0235
8,5,1,7,0.1286,0.3137,0.9873,-0.0264,0.0225
8,5,1,8,0.4364,0.5445,0.7877,0.2889,0.0702
8,5,1,9,0.3403,0.4362,0.9697,0.1996,0.0445
8,5,1,10,0.1557,0.3091,0.9234,-0.0384,0.0530
8,5,1,11,0.3117,0.3873,0.9320,0.1446,0.0548
8,5,2,0,0.1134,0.3263,0.9584,0.0115,0.0309
8,5,2,1,0.1507,0.3150,0.9914,0.0098,0.0157
8,5,2,2,0.1270,0.2770,0.9951,-0.0168,0.0167
8,5,2,3,0.3150,0.4534,0.9696,0.1758,0.0386
8,5,2,4,0.2742,0.4137,0.9087,0.0975,0.0533
8,5,2,5,0.2628,0.3902,0.8488,0.0612,0.0671
8,5,2,6,0.3440,0.3686,0.9485,0.2003,0.0500
8,5,2,7,0.1762,0.3542,0.8578,-0.0310,0.0612
8,5,2,8,0.3134,0.4374,0.9075,0.1502,0.0602
8,5,2,9,0.1216,0.3306,0.9591,0.0193,0.0290
8,5,2,10,0.1195,0.3054,0.9740,-0.0460,0.0266
8,5,2,11,0.1595,0.3181,0.9421,-0.0258,0.0537
8,5,3,0,0.7623,0.8059,0.9922,0.7213,0.0462
8,5,3,1,0.6044,0.6998,0.8532,0.5229,0.0671
8,5,3,2,0.5793,0.6613,0.8891,0.4898,0.0601
8,5,3,3,0.5666,0.6067,0.8862,0.4725,0.0610
8,5,3,4,0.5597,0.5982,0.8196,0.4622,0.0700
8,5,3,5,0.0623,0.2926,0.9840,-0.0821,0.0135
8,5,3,6,0.7275,0.7544,0.8385,0.6893,0.0665
8,5,3,7,0.5180,0.5676,0.8666,0.4078,0.0621
8,5,3,8,0.4542,0.5441,0.9077,0.3294,0.0581
8,5,3,9,0.2103,0.3491,0.9871,0.0876,0.0148
8,5,3,10,0.4750,0.5318,0.9414,0.3659,0.0455
8,5,3,11,0.2705,0.4419,0.9599,0.1114,0.0510
8,5,4,0,0.8527,0.8758,0.9885,0.8291,0.0257
8,5,4,1,0.7271,0.7566,0.8365,0.6906,0.0664
8,5,4,2,0.8665,0.8960,0.9698,0.8478,0.0399
8,5,4,3,0.9675,0.9571,0.9959,0.9645,0.0187
8,5,4,4,0.6155,0.6144,0.8941,0.5380,0.0594
8,5,4,5,0.7723,0.7671,0.9890,0.7350,0.0223
8,5,4,6,0.8122,0.8490,0.9898,0.7815,0.0234
8,5,4,7,0.8317,0.8593,0.9929,0.8067,0.0055
8,5,4,8,0.9164,0.9256,0.9872,0.9041,0.0238
8,5,4,9,0.8951,0.9278,0.9665,0.8848,0.0416
8,5,4,10,0.8168,0.8272,0.9835,0.7866,0.0370
8,5,4,11,0.8574,0.8895,0.9971,0.8354,0.0140
8,5,5,0,0.8832,0.9080,0.9930,0.8650,0.0140
8,5,5,1,0.9529,0.9578,0.9970,0.9474,0.0158
8,5,5,2,0.8419,0.8655,0.9476,0.8182,0.0419
8,5,5,3,0.8722,0.8875,0.9854,0.8525,0.0319
8,5,5,4,0.8988,0.9225,0.9492,0.8880,0.0382
8,5,5,5,0.9720,0.9670,0.9980,0.9688,0.0144
8,5,5,6,0.8944,0.9212,0.9963,0.8800,0.0112
8,5,5,7,0.9272,0.9507,0.9991,0.9165,0.0092
8,5,5,8,0.8543,0.8481,0.9627,0.8329,0.0422
8,5,5,9,0.6404,0.7023,0.9941,0.5835,0.0175
8,5,5,10,0.6919,0.7132,0.9841,0.6373,0.0333
8,5,5,11,0.9100,0.8642,0.9972,0.8962,0.0108
8,5,6,0,0.9057,0.9303,0.9968,0.8927,0.0132
8,5,6,1,0.8200,0.8379,0.9706,0.7911,0.0423
8,5,6,2,0.7601,0.7754,0.9946,0.7197,0.0241
8,5,6,3,0.8356,0.8835,0.9969,0.8116,0.0084
8,5,6,4,0.9038,0.8975,0.9911,0.8891,0.0208
8,5,6,5,0.8281,0.8766,0.9903,0.8000,0.0279
8,5,6,6,0.8790,0.8917,0.9908,0.8603,0.0281
8,5,6,7,0.8350,0.8700,0.9388,0.8150,0.0512
8,5,6,8,0.8906,0.9058,0.9881,0.8753,0.0298
8,5,6,9,0.6584,0.7595,0.9866,0.5984,0.0301
8,5,6,10,0.8828,0.8794,0.9953,0.8648,0.0095
8,5,6,11,0.5988,0.6243,0.9856,0.5337,0.0221
8,5,7,0,0.8386,0.8738,0.9645,0.8134,0.0377
8,5,7,1,0.8486,0.8612,0.9920,0.8242,0.0237
8,5,7,2,0.9317,0.9419,0.9940,0.9216,0.0171
8,5,7,3,0.9645,0.9622,0.9976,0.9595,0.0091
8,5,7,4,0.7427,0.7854,0.9927,0.7032,0.0131
8,5,7,5,0.7477,0.7818,0.9345,0.7045,0.0512
8,5,7,6,0.9654,0.9587,0.9971,0.9613,0.0151
8,5,7,7,0.8815,0.8718,0.9956,0.8674,0.0196
8,5,7,8,0.6411,0.7793,0.8891,0.5747,0.0386
8,5,7,9,0.7914,0.8435,0.9978,0.7590,0.0088
8,5,7,10,0.7764,0.8093,0.9927,0.7431,0.0079
8,5,7,11,0.8559,0.8526,0.9988,0.8358,0.0087
8,5,8,0,0.9507,0.9489,0.9979,0.9436,0.0160
8,5,8,1,0.9385,0.9429,0.9655,0.9325,0.0271
8,5,8,2,0.9691,0.9576,0.9962,0.9668,0.0251
8,5,8,3,0.9064,0.9149,0.9744,0.8927,0.0253
8,5,8,4,0.9521,0.9619,0.9984,0.9449,0.0096
8,5,8,5,1.0000,1.0000,1.0000,1.0000,0.0000
8,5,8,6,0.9633,0.9616,0.9977,0.9587,0.0141
8,5,8,7,0.6357,0.6553,0.7705,0.5680,0.0758
8,5,8,8,0.7043,0.7365,0.8066,0.6551,0.0673
8,5,8,9,0.8181,0.8314,0.9729,0.7893,0.0424
8,5,8,10,0.9256,0.9316,0.9998,0.9144,0.0110
8,5,8,11,0.7728,0.8136,0.9576,0.7338,0.0426
8,5,9,0,0.8603,0.8762,0.9862,0.8385,0.0308
8,5,9,1,0.8357,0.8484,0.9854,0.8098,0.0357
8,5,9,2,0.6791,0.7470,0.8711,0.6192,0.0556
8,5,9,3,0.8466,0.8904,0.9641,0.8220,0.0251
8,5,9,4,0.9450,0.9571,0.9860,0.9375,0.0182
8,5,9,5,0.7825,0.8181,0.8372,0.7587,0.0602
8,5,9,6,0.9600,0.9587,0.9960,0.9542,0.0097
8,5,9,7,0.9122,0.9347,0.9993,0.9002,0.0091
8,5,9,8,0.5844,0.6411,0.7762,0.4965,0.0730
8,5,9,9,0.9643,0.9620,0.9973,0.9603,0.0200
8,5,9,10,0.7372,0.8270,0.8881,0.7012,0.0669
8,5,9,11,0.7154,0.8121,0.9491,0.6644,0.0489
8,5,10,0,0.4106,0.4775,0.5525,0.2335,0.0826
8,5,10,1,0.3891,0.6528,0.8216,0.2626,0.0484
8,5,10,2,0.4071,0.6267,0.7576,0.2480,0.0704
8,5,10,3,0.6328,0.6312,0.6867,0.5598,0.0570
8,5,10,4,0.4623,0.5566,0.8343,0.3427,0.0529
8,5,10,5,0.4081,0.6791,0.7749,0.2766,0.0490
8,5,10,6,0.3482,0.6400,0.8095,0.2040,0.0531
8,5,10,7,0.5644,0.6224,0.6132,0.4690,0.0737
8,5,10,8,0.7732,0.6943,0.6440,0.7366,0.0535
8,5,10,9,0.4779,0.5953,0.7850,0.3617,0.0613
8,5,10,10,0.2921,0.4092,0.9671,0.1449,0.0471
8,5,10,11,0.3043,0.5477,0.6654,0.0778,0.0797
8,5,11,0,0.5938,0.6341,0.6871,0.5171,0.0463
8,5,11,1,0.6156,0.6166,0.6912,0.5426,0.0481
8,5,11,2,0.5429,0.5740,0.6501,0.4383,0.0668
8,5,11,3,0.6267,0.6188,0.6737,0.5561,0.0487
8,5,11,4,0.6245,0.6143,0.6757,0.5510,0.0521
8,5,11,5,0.6896,0.6076,0.6604,0.6319,0.0548
8,5,11,6,0.5869,0.6272,0.6947,0.5011,0.0581
8,5,11,7,0.5884,0.6404,0.6644,0.5105,0.0447
8,5,11,8,0.4988,0.5003,0.8232,0.3819,0.0634
8,5,11,9,0.4699,0.5556,0.6786,0.3331,0.0721
8,5,11,10,0.5992,0.6133,0.6902,0.5169,0.0555
8,5,11,11,0.5877,0.6385,0.6853,0.5129,0.0432
8,6,0,0,0.3924,0.3768,0.3595,0.2213,0.1100
8,6,0,1,0.1904,0.3894,0.7876,-0.0251,0.0831
8,6,0,2,0.1194,0.2454,0.9580,-0.0416,0.0513
8,6,0,3,0.0876,0.2790,0.9512,-0.0790,0.0503
8,6,0,4,0.3592,0.4128,0.6217,0.1867,0.0966
8,6,0,5,0.2186,0.4395,0.8224,0.0176,0.0848
8,6,0,6,0.2712,0.3669,0.4671,0.0132,0.1027
8,6,0,7,0.3477,0.4221,0.7757,0.1829,0.0832
8,6,0,8,0.2560,0.4061,0.5704,0.0095,0.0971
8,6,0,9,0.1841,0.3255,0.8486,-0.0280,0.0749
8,6,0,10,0.2276,0.3819,0.9596,0.1019,0.0381
8,6,0,11,0.1808,0.3524,0.9085,-0.0098,0.0748
8,6,1,0,0.1886,0.5587,0.8681,0.0069,0.0684
8,6,1,1,0.1206,0.2728,0.9691,-0.0262,0.0420
8,6,1,2,0.1224,0.3200,0.9109,-0.0556,0.0603
8,6,1,3,0.1750,0.3223,0.8284,-0.0367,0.0782
8,6,1,4,0.0586,0.2143,0.9745,-0.0776,0.0251
8,6,1,5,0.3327,0.3994,0.8986,0.1905,0.0653
8,6,1,6,0.0232,0.1694,0.9987,-0.0876,0.0126
8,6,1,7,0.1230,0.2762,0.9779,-0.0213,0.0344
8,6,1,8,0.4429,0.5016,0.7617,0.3161,0.0829
8,6,1,9,0.3252,0.3980,0.9571,0.1936,0.0564
8,6,1,10,0.1451,0.2645,0.9043,-0.0361,0.0652
8,6,1,11,0.3117,0.3404,0.9098,0.1600,0.0681
8,6,2,0,0.0993,0.2595,0.9473,0.0031,0.0179
8,6,2,1,0.1604,0.2768,0.9870,0.0316,0.0286
8,6,2,2,0.1192,0.2441,0.9877,-0.0150,0.0278
8,6,2,3,0.3054,0.4176,0.9567,0.1761,0.0520
8,6,2,4,0.2570,0.3634,0.8891,0.0910,0.0663
8,6,2,5,0.2472,0.3377,0.8255,0.0587,0.0782
8,6,2,6,0.3566,0.3107,0.9281,0.2288,0.0623
8,6,2,7,0.1612,0.3046,0.8341,-0.0333,0.0722
8,6,2,8,0.3067,0.3789,0.8834,0.1566,0.0722
8,6,2,9,0.1078,0.2629,0.9480,0.0114,0.0160
8,6,2,10,0.1071,0.2546,0.9593,-0.0481,0.0387
8,6,2,11,0.1435,0.2575,0.9224,-0.0309,0.0655
8,6,3,0,0.7947,0.7943,0.9840,0.7659,0.0582
8,6,3,1,0.6452,0.6582,0.8295,0.5924,0.0797
8,6,3,2,0.6073,0.6179,0.8663,0.5387,0.0729
8,6,3,3,0.5367,0.5724,0.8655,0.4469,0.0742
8,6,3,4,0.5615,0.5342,0.7918,0.4795,0.0816
8,6,3,5,0.0836,0.2626,0.9737,-0.0471,0.0252
8,6,3,6,0.7351,0.7235,0.8179,0.7123,0.0798
8,6,3,7,0.4965,0.5132,0.8442,0.3938,0.0752
8,6,3,8,0.4762,0.5057,0.8836,0.3710,0.0706
8,6,3,9,0.1552,0.2837,0.9769,0.0337,0.0254
8,6,3,10,0.4046,0.4633,0.9192,0.2904,0.0589
8,6,3,11,0.3084,0.4044,0.9505,0.1715,0.0630
8,6,4,0,0.8825,0.8647,0.9793,0.8680,0.0388
8,6,4,1,0.6657,0.6851,0.8083,0.6207,0.0784
8,6,4,2,0.8386,0.8548,0.9583,0.8197,0.0513
8,6,4,3,0.9814,0.9777,0.9992,0.9795,0.0096
8,6,4,4,0.5666,0.5383,0.8685,0.4873,0.0717
8,6,4,5,0.7091,0.7279,0.9893,0.6660,0.0356
8,6,4,6,0.8559,0.8299,0.9789,0.8365,0.0367
8,6,4,7,0.8600,0.8556,0.9872,0.8412,0.0149
8,6,4,8,0.9095,0.9181,0.9851,0.8992,0.0366
8,6,4,9,0.9064,0.9190,0.9560,0.9045,0.0535
8,6,4,10,0.7938,0.7602,0.9718,0.7645,0.0504
8,6,4,11,0.8354,0.8504,0.9899,0.8126,0.0262
8,6,5,0,0.8406,0.8780,0.9937,0.8185,0.0273
8,6,5,1,0.9840,0.9884,0.9988,0.9822,0.0078
8,6,5,2,0.8399,0.8394,0.9334,0.8218,0.0536
8,6,5,3,0.8531,0.8392,0.9743,0.8342,0.0444
8,6,5,4,0.8930,0.9015,0.9392,0.8866,0.0504
8,6,5,5,0.9873,0.9927,0.9998,0.9857,0.0029
8,6,5,6,0.9407,0.9419,0.9960,0.9331,0.0095
8,6,5,7,0.9013,0.9413,0.9989,0.8882,0.0213
8,6,5,8,0.7980,0.7963,0.9506,0.7708,0.0548
8,6,5,9,0.5887,0.6604,0.9867,0.5290,0.0292
8,6,5,10,0.7270,0.6914,0.9755,0.6853,0.0469
8,6,5,11,0.8994,0.8592,0.9924,0.8860,0.0233
8,6,6,0,0.8941,0.9115,0.9930,0.8805,0.0178
8,6,6,1,0.7571,0.7419,0.9558,0.7214,0.0543
8,6,6,2,0.7796,0.7736,0.9874,0.7475,0.0375
8,6,6,3,0.8802,0.8894,0.9940,0.8643,0.0165
8,6,6,4,0.9006,0.8768,0.9821,0.8881,0.0341
8,6,6,5,0.7857,0.8501,0.9828,0.7547,0.0414
8,6,6,6,0.8421,0.8705,0.9860,0.8208,0.0413
8,6,6,7,0.8177,0.8465,0.9230,0.8011,0.0631
8,6,6,8,0.8909,0.8799,0.9797,0.8802,0.0432
8,6,6,9,0.7184,0.7531,0.9863,0.6755,0.0440
8,6,6,10,0.9093,0.8747,0.9890,0.8973,0.0224
8,6,6,11,0.6412,0.6205,0.9747,0.5883,0.0340
8,6,7,0,0.8600,0.8626,0.9559,0.8444,0.0510
8,6,7,1,0.8041,0.8087,0.9861,0.7762,0.0369
8,6,7,2,0.9222,0.9209,0.9872,0.9132,0.0302
8,6,7,3,0.9839,0.9902,0.9998,0.9819,0.0085
8,6,7,4,0.7954,0.7764,0.9854,0.7670,0.0252
8,6,7,5,0.7472,0.7445,0.9166,0.7122,0.0637
8,6,7,6,0.9836,0.9911,0.9997,0.9817,0.0052
8,6,7,7,0.9004,0.9029,0.9964,0.8889,0.0097
8,6,7,8,0.6515,0.7887,0.8802,0.5949,0.0516
8,6,7,9,0.8371,0.8497,0.9963,0.8147,0.0226
8,6,7,10,0.6946,0.7482,0.9861,0.6527,0.0206
8,6,7,11,0.8683,0.8783,0.9958,0.8513,0.0095
8,6,8,0,0.9388,0.9430,0.9954,0.9320,0.0290
8,6,8,1,0.9562,0.9590,0.9612,0.9574,0.0381
8,6,8,2,0.9910,0.9930,0.9992,0.9904,0.0121
8,6,8,3,0.9171,0.9205,0.9724,0.9088,0.0385
8,6,8,4,0.9254,0.9145,0.9927,0.9158,0.0194
8,6,8,5,0.9633,0.9616,0.9977,0.9587,0.0141
8,6,8,6,1.0000,1.0000,1.0000,1.0000,0.0000
8,6,8,7,0.5694,0.5659,0.7393,0.4917,0.0871
8,6,8,8,0.6843,0.6825,0.7807,0.6409,0.0795
8,6,8,9,0.8284,0.8361,0.9632,0.8081,0.0552
8,6,8,10,0.9231,0.9467,0.9970,0.9131,0.0231
8,6,8,11,0.8146,0.8177,0.9492,0.7901,0.0552
8,6,9,0,0.8683,0.8825,0.9772,0.8525,0.0441
8,6,9,1,0.8140,0.8076,0.9757,0.7893,0.0493
8,6,9,2,0.6439,0.7181,0.8521,0.5852,0.0693
8,6,9,3,0.9076,0.9025,0.9609,0.8982,0.0380
8,6,9,4,0.9478,0.9534,0.9830,0.9434,0.0304
8,6,9,5,0.7727,0.7850,0.8149,0.7570,0.0722
8,6,9,6,0.9828,0.9871,0.9984,0.9808,0.0100
8,6,9,7,0.9352,0.9548,0.9982,0.9269,0.0136
8,6,9,8,0.5872,0.5917,0.7492,0.5167,0.0856
8,6,9,9,0.9917,0.9936,0.9998,0.9908,0.0062
8,6,9,10,0.6743,0.7749,0.8715,0.6297,0.0793
8,6,9,11,0.7386,0.7934,0.9356,0.7027,0.0623
8,6,10,0,0.4343,0.4298,0.5227,0.2958,0.0942
8,6,10,1,0.3777,0.6378,0.8038,0.2602,0.0619
8,6,10,2,0.4041,0.5905,0.7296,0.2623,0.0837
8,6,10,3,0.6175,0.6132,0.6776,0.5514,0.0701
8,6,10,4,0.4589,0.5267,0.8203,0.3512,0.0661
8,6,10,5,0.4070,0.6709,0.7574,0.2880,0.0627
8,6,10,6,0.3306,0.6178,0.7918,0.1953,0.0668
8,6,10,7,0.5699,0.5979,0.5912,0.4943,0.0862
8,6,10,8,0.7721,0.6833,0.6419,0.7436,0.0672
8,6,10,9,0.4728,0.5800,0.7674,0.3680,0.0744
8,6,10,10,0.3015,0.3684,0.9549,0.1686,0.0604
8,6,10,11,0.2952,0.4965,0.6355,0.0880,0.0910
8,6,11,0,0.6042,0.6462,0.6830,0.5379,0.0595
8,6,11,1,0.6354,0.6242,0.6883,0.5750,0.0618
8,6,11,2,0.5485,0.5551,0.6335,0.4626,0.0793
8,6,11,3,0.6420,0.6282,0.6708,0.5829,0.0621
8,6,11,4,0.6388,0.6204,0.6711,0.5781,0.0656
8,6,11,5,0.6970,0.6075,0.6535,0.6503,0.0680
8,6,11,6,0.6010,0.6238,0.6836,0.5304,0.0713
8,6,11,7,0.5990,0.6506,0.6607,0.5316,0.0580
8,6,11,8,0.5164,0.4716,0.8042,0.4198,0.0750
8,6,11,9,0.4763,0.5270,0.6548,0.3614,0.0839
8,6,11,10,0.5944,0.6113,0.6803,0.5221,0.0686
8,6,11,11,0.5986,0.6539,0.6831,0.5333,0.0544
8,7,0,0,0.6168,0.7848,0.8833,0.1394,0.0307
8,7,0,1,0.4482,0.7393,0.9917,0.0766,0.0090
8,7,0,2,0.2357,0.5920,0.8774,-0.0901,0.0492
8,7,0,3,0.3236,0.5950,0.8690,0.0404,0.0495
8,7,0,4,0.7093,0.8572,0.9858,0.4738,0.0175
8,7,0,5,0.3851,0.6950,0.9776,-0.0179,0.0092
8,7,0,6,0.6114,0.8029,0.9342,0.2206,0.0168
8,7,0,7,0.3876,0.7654,0.9933,-0.0513,0.0138
8,7,0,8,0.4712,0.7569,0.9706,-0.0207,0.0102
8,7,0,9,0.3488,0.6965,0.9788,-0.0761,0.0189
8,7,0,10,0.3020,0.5778,0.8310,0.0450,0.0550
8,7,0,11,0.3441,0.6372,0.9341,-0.0299,0.0162
8,7,1,0,0.2447,0.6929,0.9380,-0.1688,0.0352
8,7,1,1,0.1706,0.5675,0.8230,-0.1515,0.0534
8,7,1,2,0.2404,0.6302,0.9325,-0.1248,0.0274
8,7,1,3,0.2782,0.7063,0.9888,-0.1836,0.0118
8,7,1,4,0.1729,0.5310,0.7807,-0.0992,0.0656
8,7,1,5,0.3078,0.6811,0.9507,-0.0676,0.0285
8,7,1,6,0.0454,0.4338,0.7170,-0.2067,0.0983
8,7,1,7,0.1529,0.5850,0.8568,-0.1715,0.0541
8,7,1,8,0.3807,0.7654,0.9910,-0.0592,0.0160
8,7,1,9,0.2851,0.6601,0.8989,-0.0565,0.0340
8,7,1,10,0.2378,0.6486,0.9513,-0.1496,0.0218
8,7,1,11,0.3645,0.6405,0.9247,0.0072,0.0291
8,7,2,0,0.1266,0.4850,0.7276,-0.0808,0.1058
8,7,2,1,0.1929,0.5483,0.7886,-0.0903,0.0647
8,7,2,2,0.1504,0.5673,0.8287,-0.1483,0.0599
8,7,2,3,0.2596,0.6670,0.8986,-0.0714,0.0418
8,7,2,4,0.3322,0.7017,0.9641,-0.0404,0.0256
8,7,2,5,0.3285,0.7144,0.9871,-0.1043,0.0109
8,7,2,6,0.3708,0.6159,0.8965,0.0610,0.0343
8,7,2,7,0.2824,0.6930,0.9868,-0.1235,0.0157
8,7,2,8,0.3469,0.7178,0.9633,-0.0103,0.0234
8,7,2,9,0.1285,0.4893,0.7293,-0.0813,0.1039
8,7,2,10,0.1787,0.5772,0.8795,-0.1543,0.0524
8,7,2,11,0.2260,0.6413,0.9362,-0.1495,0.0230
8,7,3,0,0.4818,0.7111,0.8382,0.2782,0.0655
8,7,3,1,0.5140,0.8191,0.9835,0.1951,0.0119
8,7,3,2,0.5781,0.8298,0.9765,0.3350,0.0217
8,7,3,3,0.5547,0.7373,0.9676,0.2875,0.0290
8,7,3,4,0.5352,0.7615,0.9965,0.2332,0.0109
8,7,3,5,0.2166,0.5282,0.7979,-0.0334,0.0722
8,7,3,6,0.6138,0.8159,0.9737,0.3639,0.0277
8,7,3,7,0.5086,0.7764,0.9750,0.2095,0.0237
8,7,3,8,0.4740,0.7429,0.9573,0.1825,0.0221
8,7,3,9,0.1815,0.5140,0.7863,-0.0856,0.0673
8,7,3,10,0.4723,0.6930,0.8940,0.2239,0.0361
8,7,3,11,0.3334,0.6595,0.9068,0.0117,0.0306
8,7,4,0,0.6021,0.7231,0.8546,0.4758,0.0528
8,7,4,1,0.7844,0.8502,0.9919,0.6416,0.0119
8,7,4,2,0.7051,0.7623,0.8971,0.5940,0.0370
8,7,4,3,0.5800,0.5640,0.7271,0.5198,0.0947
8,7,4,4,0.7713,0.8711,0.9625,0.6592,0.0214
8,7,4,5,0.6082,0.6574,0.8019,0.4971,0.0583
8,7,4,6,0.6147,0.7462,0.8462,0.4994,0.0543
8,7,4,7,0.6379,0.6381,0.7726,0.5670,0.0749
8,7,4,8,0.6766,0.7028,0.8329,0.5864,0.0515
8,7,4,9,0.7224,0.7731,0.9013,0.6088,0.0333
8,7,4,10,0.7380,0.7899,0.8673,0.6579,0.0394
8,7,4,11,0.6601,0.7145,0.8096,0.5864,0.0699
8,7,5,0,0.6548,0.6678,0.7943,0.5726,0.0627
8,7,5,1,0.5962,0.5683,0.7318,0.5358,0.0909
8,7,5,2,0.7205,0.7904,0.9250,0.6141,0.0338
8,7,5,3,0.7464,0.7782,0.8636,0.6755,0.0439
8,7,5,4,0.7415,0.7736,0.9037,0.6430,0.0369
8,7,5,5,0.5948,0.5836,0.7439,0.5292,0.0891
8,7,5,6,0.5943,0.5835,0.7454,0.5213,0.0850
8,7,5,7,0.6535,0.6472,0.7640,0.5888,0.0692
8,7,5,8,0.7366,0.7585,0.9065,0.6418,0.0346
8,7,5,9,0.5274,0.6564,0.8141,0.3959,0.0680
8,7,5,10,0.6784,0.7263,0.8645,0.5716,0.0510
8,7,5,11,0.6299,0.6677,0.8144,0.5446,0.0645
8,7,6,0,0.6468,0.6315,0.7579,0.5936,0.0756
8,7,6,1,0.8084,0.8251,0.8891,0.7496,0.0330
8,7,6,2,0.6461,0.6618,0.8311,0.5387,0.0511
8,7,6,3,0.5951,0.6195,0.7680,0.5103,0.0758
8,7,6,4,0.6765,0.7303,0.8233,0.5933,0.0594
8,7,6,5,0.6779,0.7022,0.8140,0.5867,0.0523
8,7,6,6,0.6734,0.7002,0.8316,0.5767,0.0515
8,7,6,7,0.7846,0.8039,0.9389,0.6851,0.0238
8,7,6,8,0.6204,0.7446,0.8569,0.4824,0.0505
8,7,6,9,0.5845,0.6506,0.8195,0.4426,0.0510
8,7,6,10,0.6465,0.7076,0.7943,0.5685,0.0689
8,7,6,11,0.5856,0.6350,0.8010,0.4718,0.0709
8,7,7,0,0.7155,0.7466,0.8749,0.6155,0.0390
8,7,7,1,0.6855,0.7054,0.8348,0.6034,0.0528
8,7,7,2,0.6591,0.7125,0.8292,0.5698,0.0624
8,7,7,3,0.5857,0.5762,0.7470,0.5027,0.0806
8,7,7,4,0.6217,0.6762,0.7859,0.5363,0.0724
8,7,7,5,0.7650,0.8222,0.9439,0.6603,0.0239
8,7,7,6,0.5757,0.5594,0.7318,0.5042,0.0899
8,7,7,7,0.5622,0.5388,0.7336,0.4942,0.0956
8,7,7,8,0.5341,0.6839,0.8510,0.3480,0.0436
8,7,7,9,0.6231,0.6296,0.7895,0.5347,0.0700
8,7,7,10,0.6039,0.6415,0.7808,0.5182,0.0745
8,7,7,11,0.5961,0.6079,0.7691,0.5216,0.0833
8,7,8,0,0.6280,0.6910,0.7999,0.5305,0.0613
8,7,8,1,0.6443,0.6786,0.8629,0.5197,0.0523
8,7,8,2,0.5588,0.5348,0.7186,0.4957,0.1001
8,7,8,3,0.6509,0.6827,0.8435,0.5430,0.0513
8,7,8,4,0.6930,0.7059,0.7982,0.6348,0.0679
8,7,8,5,0.6357,0.6553,0.7705,0.5680,0.0758
8,7,8,6,0.5694,0.5659,0.7393,0.4917,0.0871
8,7,8,7,1.0000,1.0000,1.0000,1.0000,0.0000
8,7,8,8,0.8584,0.8926,0.9919,0.7739,0.0090
8,7,8,9,0.6305,0.6985,0.8905,0.4791,0.0337
8,7,8,10,0.6419,0.6474,0.7781,0.5675,0.0659
8,7,8,11,0.5849,0.6940,0.8794,0.4228,0.0372
8,7,9,0,0.6511,0.7017,0.8556,0.5338,0.0521
8,7,9,1,0.5634,0.7523,0.8639,0.3925,0.0478
8,7,9,2,0.5968,0.7883,0.9533,0.3749,0.0275
8,7,9,3,0.4788,0.6845,0.8376,0.2896,0.0526
8,7,9,4,0.5985,0.6521,0.8257,0.4779,0.0573
8,7,9,5,0.6359,0.8321,0.9844,0.4144,0.0198
8,7,9,6,0.5565,0.5906,0.7538,0.4578,0.0770
8,7,9,7,0.5366,0.5854,0.7507,0.4405,0.0832
8,7,9,8,0.5091,0.7476,0.9929,0.1602,0.0084
8,7,9,9,0.5382,0.5534,0.7308,0.4553,0.0934
8,7,9,10,0.6306,0.7719,0.9650,0.3958,0.0127
8,7,9,11,0.4643,0.7466,0.9181,0.1919,0.0358
8,7,10,0,0.5562,0.7866,0.9267,0.1571,0.0106
8,7,10,1,0.3926,0.6680,0.8498,0.1145,0.0478
8,7,10,2,0.4236,0.7453,0.9370,0.0154,0.0198
8,7,10,3,0.4878,0.6159,0.7789,0.2134,0.0401
8,7,10,4,0.4217,0.6986,0.8725,0.1144,0.0361
8,7,10,5,0.4161,0.6495,0.8442,0.1163,0.0376
8,7,10,6,0.3398,0.6792,0.8489,0.0092,0.0388
8,7,10,7,0.5212,0.6946,0.8618,0.1668,0.0218
8,7,10,8,0.5452,0.6227,0.7455,0.3221,0.0468
8,7,10,9,0.4450,0.6596,0.8734,0.1464,0.0397
8,7,10,10,0.2928,0.6559,0.8992,-0.0310,0.0421
8,7,10,11,0.5662,0.8015,0.9734,0.2040,0.0074
8,7,11,0,0.4392,0.5456,0.6812,0.2047,0.0637
8,7,11,1,0.4598,0.5469,0.6930,0.2287,0.0608
8,7,11,2,0.6089,0.6571,0.8540,0.3360,0.0157
8,7,11,3,0.4670,0.5460,0.6809,0.2381,0.0604
8,7,11,4,0.4979,0.5597,0.7112,0.2612,0.0519
8,7,11,5,0.5387,0.5875,0.7436,0.3120,0.0507
8,7,11,6,0.5033,0.6000,0.7660,0.2374,0.0415
8,7,11,7,0.4352,0.5433,0.6728,0.1982,0.0644
8,7,11,8,0.5863,0.6600,0.9323,0.3329,0.0243
8,7,11,9,0.6004,0.6955,0.9094,0.2984,0.0114
8,7,11,10,0.5071,0.6019,0.7730,0.2436,0.0369
8,7,11,11,0.4235,0.5255,0.6557,0.2011,0.0714
8,8,0,0,0.6496,0.7553,0.8614,0.3348,0.0387
8,8,0,1,0.4074,0.7304,0.9836,0.0578,0.0108
8,8,0,2,0.2581,0.6101,0.8920,-0.0221,0.0421
8,8,0,3,0.2987,0.5959,0.8895,0.0359,0.0427
8,8,0,4,0.6728,0.8250,0.9712,0.4483,0.0260
8,8,0,5,0.4015,0.7407,0.9779,0.0574,0.0087
8,8,0,6,0.5774,0.7408,0.9140,0.2210,0.0254
8,8,0,7,0.4078,0.7231,0.9801,0.0373,0.0148
8,8,0,8,0.4051,0.7397,0.9538,-0.0732,0.0190
8,8,0,9,0.3299,0.6413,0.9769,-0.0537,0.0118
8,8,0,10,0.3290,0.6069,0.8447,0.1085,0.0475
8,8,0,11,0.3578,0.6272,0.9346,0.0346,0.0108
8,8,1,0,0.2632,0.7302,0.9562,-0.0923,0.0286
8,8,1,1,0.2148,0.5630,0.8361,-0.0539,0.0452
8,8,1,2,0.2583,0.6132,0.9356,-0.0569,0.0196
8,8,1,3,0.2807,0.6666,0.9911,-0.1233,0.0115
8,8,1,4,0.1652,0.4907,0.7955,-0.0792,0.0575
8,8,1,5,0.3258,0.6806,0.9740,0.0028,0.0205
8,8,1,6,0.0580,0.4006,0.7563,-0.1604,0.0899
8,8,1,7,0.1673,0.5670,0.8882,-0.1144,0.0458
8,8,1,8,0.4172,0.7741,0.9993,0.0556,0.0120
8,8,1,9,0.3009,0.6632,0.9250,0.0050,0.0266
8,8,1,10,0.2413,0.5943,0.9592,-0.0992,0.0141
8,8,1,11,0.3886,0.6209,0.9235,0.0850,0.0211
8,8,2,0,0.1664,0.4883,0.7342,-0.0065,0.0977
8,8,2,1,0.2218,0.5473,0.8129,-0.0198,0.0562
8,8,2,2,0.1743,0.5451,0.8579,-0.0820,0.0522
8,8,2,3,0.2738,0.6697,0.9257,-0.0140,0.0337
8,8,2,4,0.3465,0.6840,0.9791,0.0246,0.0183
8,8,2,5,0.3237,0.6810,0.9954,-0.0589,0.0079
8,8,2,6,0.4088,0.6067,0.9013,0.1503,0.0275
8,8,2,7,0.2821,0.6381,0.9940,-0.0759,0.0126
8,8,2,8,0.3547,0.6968,0.9664,0.0426,0.0180
8,8,2,9,0.1756,0.4923,0.7361,0.0029,0.0958
8,8,2,10,0.2119,0.5218,0.8993,-0.0701,0.0441
8,8,2,11,0.2062,0.5907,0.9471,-0.1344,0.0145
8,8,3,0,0.5942,0.7839,0.8699,0.4529,0.0578
8,8,3,1,0.6265,0.8553,0.9963,0.4117,0.0070
8,8,3,2,0.6358,0.8514,0.9845,0.4492,0.0155
8,8,3,3,0.5933,0.7641,0.9865,0.3774,0.0236
8,8,3,4,0.5946,0.7647,0.9938,0.3634,0.0088
8,8,3,5,0.2035,0.5150,0.8137,-0.0244,0.0645
8,8,3,6,0.6449,0.8445,0.9945,0.4431,0.0224
8,8,3,7,0.5260,0.7909,0.9926,0.2713,0.0164
8,8,3,8,0.5510,0.7276,0.9683,0.3303,0.0157
8,8,3,9,0.1842,0.5133,0.8042,-0.0526,0.0601
8,8,3,10,0.5049,0.7169,0.8922,0.2961,0.0307
8,8,3,11,0.3693,0.6453,0.9323,0.0994,0.0253
8,8,4,0,0.7254,0.7972,0.8857,0.6504,0.0450
8,8,4,1,0.6930,0.8355,0.9854,0.5149,0.0077
8,8,4,2,0.6857,0.7920,0.9228,0.5710,0.0294
8,8,4,3,0.6697,0.6631,0.7712,0.6323,0.0865
8,8,4,4,0.8578,0.8526,0.9569,0.7939,0.0154
8,8,4,5,0.6586,0.7164,0.8358,0.5687,0.0499
8,8,4,6,0.7620,0.8565,0.8702,0.7043,0.0460
8,8,4,7,0.7694,0.7573,0.7951,0.7386,0.0663
8,8,4,8,0.7336,0.7471,0.8648,0.6642,0.0439
8,8,4,9,0.8277,0.8603,0.9290,0.7644,0.0262
8,8,4,10,0.8113,0.8474,0.8923,0.7584,0.0316
8,8,4,11,0.7001,0.7816,0.8398,0.6371,0.0619
8,8,5,0,0.7245,0.7535,0.8324,0.6650,0.0547
8,8,5,1,0.7085,0.6830,0.7686,0.6781,0.0828
8,8,5,2,0.8575,0.8710,0.9480,0.8115,0.0255
8,8,5,3,0.7974,0.8341,0.8896,0.7432,0.0356
8,8,5,4,0.7943,0.8477,0.9389,0.7206,0.0291
8,8,5,5,0.6996,0.6889,0.7851,0.6629,0.0809
8,8,5,6,0.7113,0.6958,0.7765,0.6728,0.0773
8,8,5,7,0.7406,0.7444,0.8008,0.7004,0.0608
8,8,5,8,0.7189,0.7667,0.9228,0.6187,0.0261
8,8,5,9,0.6050,0.7246,0.8378,0.5068,0.0597
8,8,5,10,0.8123,0.8319,0.8876,0.7603,0.0429
8,8,5,11,0.7123,0.7313,0.8475,0.6541,0.0566
8,8,6,0,0.6332,0.6969,0.7864,0.5692,0.0670
8,8,6,1,0.7418,0.7820,0.9039,0.6523,0.0249
8,8,6,2,0.6942,0.7201,0.8614,0.6074,0.0434
8,8,6,3,0.7397,0.7421,0.7962,0.7014,0.0681
8,8,6,4,0.7608,0.8090,0.8437,0.7066,0.0511
8,8,6,5,0.7326,0.7834,0.8334,0.6617,0.0448
8,8,6,6,0.7494,0.7818,0.8578,0.6821,0.0443
8,8,6,7,0.8682,0.8833,0.9512,0.8122,0.0162
8,8,6,8,0.7161,0.8051,0.8878,0.6236,0.0435
8,8,6,9,0.7496,0.7837,0.8584,0.6784,0.0433
8,8,6,10,0.7086,0.7865,0.8191,0.6495,0.0612
8,8,6,11,0.6466,0.7053,0.8177,0.5579,0.0625
8,8,7,0,0.8501,0.8710,0.9158,0.8064,0.0313
8,8,7,1,0.6725,0.7220,0.8635,0.5843,0.0447
8,8,7,2,0.7466,0.7895,0.8608,0.6881,0.0548
8,8,7,3,0.7042,0.6926,0.7875,0.6584,0.0723
8,8,7,4,0.7325,0.7758,0.8075,0.6836,0.0641
8,8,7,5,0.8624,0.8862,0.9614,0.8066,0.0161
8,8,7,6,0.6554,0.6539,0.7717,0.6059,0.0814
8,8,7,7,0.6076,0.6116,0.7735,0.5501,0.0871
8,8,7,8,0.6043,0.7332,0.8970,0.4618,0.0367
8,8,7,9,0.7532,0.7427,0.8231,0.7087,0.0617
8,8,7,10,0.6490,0.7219,0.8030,0.5773,0.0661
8,8,7,11,0.6417,0.6748,0.8046,0.5792,0.0747
8,8,8,0,0.7054,0.7704,0.8348,0.6361,0.0535
8,8,8,1,0.7673,0.7774,0.9029,0.6964,0.0445
8,8,8,2,0.6598,0.6415,0.7592,0.6233,0.0915
8,8,8,3,0.7815,0.7789,0.8765,0.7253,0.0435
8,8,8,4,0.7254,0.7625,0.8293,0.6727,0.0603
8,8,8,5,0.7043,0.7365,0.8066,0.6551,0.0673
8,8,8,6,0.6843,0.6825,0.7807,0.6409,0.0795
8,8,8,7,0.8584,0.8926,0.9919,0.7739,0.0090
8,8,8,8,1.0000,1.0000,1.0000,1.0000,0.0000
8,8,8,9,0.7857,0.7962,0.9123,0.7093,0.0264
8,8,8,10,0.7361,0.7717,0.8124,0.6904,0.0574
8,8,8,11,0.7591,0.8172,0.9202,0.6787,0.0292
8,8,9,0,0.7434,0.7981,0.8777,0.6662,0.0446
8,8,9,1,0.6571,0.8035,0.8945,0.5368,0.0406
8,8,9,2,0.6478,0.8090,0.9799,0.4747,0.0202
8,8,9,3,0.5739,0.7543,0.8852,0.4365,0.0454
8,8,9,4,0.6984,0.7521,0.8693,0.6188,0.0496
8,8,9,5,0.7428,0.8900,0.9978,0.6042,0.0132
8,8,9,6,0.6696,0.6998,0.7984,0.6093,0.0694
8,8,9,7,0.6656,0.7129,0.7864,0.6119,0.0745
8,8,9,8,0.5510,0.7649,0.9916,0.2731,0.0071
8,8,9,9,0.6429,0.6584,0.7717,0.5918,0.0856
8,8,9,10,0.6588,0.8115,0.9804,0.4679,0.0085
8,8,9,11,0.5181,0.8098,0.9479,0.2998,0.0290
8,8,10,0,0.6211,0.8090,0.9296,0.3373,0.0157
8,8,10,1,0.4624,0.7256,0.8819,0.2435,0.0413
8,8,10,2,0.5289,0.7901,0.9527,0.2382,0.0167
8,8,10,3,0.5095,0.6695,0.8272,0.2756,0.0337
8,8,10,4,0.4743,0.7569,0.9193,0.2266,0.0294
8,8,10,5,0.4933,0.7034,0.8810,0.2625,0.0312
8,8,10,6,0.4071,0.7370,0.8849,0.1442,0.0317
8,8,10,7,0.5590,0.7304,0.8919,0.2761,0.0187
8,8,10,8,0.6503,0.6856,0.7940,0.4971,0.0404
8,8,10,9,0.5442,0.7156,0.9036,0.3268,0.0343
8,8,10,10,0.3329,0.6622,0.9167,0.0623,0.0348
8,8,10,11,0.5650,0.7967,0.9757,0.2544,0.0125
8,8,11,0,0.5060,0.6058,0.7420,0.3214,0.0571
8,8,11,1,0.5120,0.6105,0.7544,0.3248,0.0533
8,8,11,2,0.6320,0.7155,0.8920,0.4085,0.0110
8,8,11,3,0.5332,0.6078,0.7432,0.3537,0.0525
8,8,11,4,0.5386,0.6198,0.7696,0.3434,0.0445
8,8,11,5,0.5864,0.6464,0.7992,0.4040,0.0436
8,8,11,6,0.5490,0.6707,0.8202,0.3339,0.0348
8,8,11,7,0.5133,0.6031,0.7315,0.3312,0.0571
8,8,11,8,0.6253,0.7083,0.9597,0.4225,0.0179
8,8,11,9,0.6212,0.7550,0.9342,0.3747,0.0101
8,8,11,10,0.5676,0.6538,0.8220,0.3617,0.0298
8,8,11,11,0.4923,0.5857,0.7175,0.3174,0.0638
8,9,0,0,0.5294,0.5738,0.5880,0.2561,0.0622
8,9,0,1,0.2787,0.5826,0.9186,-0.0324,0.0308
8,9,0,2,0.2539,0.4570,0.9912,0.0410,0.0208
8,9,0,3,0.1787,0.4609,0.9849,-0.0548,0.0204
8,9,0,4,0.5310,0.6164,0.8056,0.3107,0.0481
8,9,0,5,0.2923,0.6384,0.9329,-0.0053,0.0311
8,9,0,6,0.3952,0.5547,0.6811,0.0290,0.0509
8,9,0,7,0.4018,0.6057,0.9137,0.1346,0.0294
8,9,0,8,0.3822,0.6146,0.7656,0.0381,0.0441
8,9,0,9,0.2695,0.4892,0.9556,-0.0370,0.0249
8,9,0,10,0.4340,0.6020,0.9755,0.2911,0.0225
8,9,0,11,0.3678,0.5680,0.9802,0.1333,0.0205
8,9,1,0,0.2780,0.6145,0.9442,0.0195,0.0192
8,9,1,1,0.2699,0.4421,0.9768,0.0808,0.0211
8,9,1,2,0.2251,0.4535,0.9800,-0.0217,0.0139
8,9,1,3,0.2776,0.4879,0.9466,-0.0201,0.0273
8,9,1,4,0.1340,0.3472,0.9649,-0.0589,0.0324
8,9,1,5,0.3607,0.5101,0.9741,0.1336,0.0125
8,9,1,6,0.1042,0.2377,0.9540,-0.0509,0.0659
8,9,1,7,0.1983,0.3718,0.9921,-0.0064,0.0232
8,9,1,8,0.4510,0.5797,0.8991,0.2100,0.0281
8,9,1,9,0.3503,0.4694,0.9954,0.1439,0.0128
8,9,1,10,0.2428,0.4224,0.9835,-0.0108,0.0184
8,9,1,11,0.3444,0.4862,0.9775,0.1037,0.0151
8,9,2,0,0.2685,0.4569,0.9260,0.1542,0.0733
8,9,2,1,0.2635,0.4054,0.9773,0.0893,0.0310
8,9,2,2,0.2013,0.3479,0.9893,0.0136,0.0281
8,9,2,3,0.3272,0.4956,0.9941,0.1263,0.0137
8,9,2,4,0.3363,0.4972,0.9755,0.0945,0.0133
8,9,2,5,0.3216,0.4998,0.9428,0.0413,0.0282
8,9,2,6,0.3913,0.4735,0.9764,0.1916,0.0114
8,9,2,7,0.2544,0.4490,0.9481,-0.0211,0.0244
8,9,2,8,0.3605,0.5124,0.9729,0.1314,0.0174
8,9,2,9,0.2812,0.4632,0.9271,0.1677,0.0714
8,9,2,10,0.2146,0.3799,0.9888,0.0023,0.0251
8,9,2,11,0.2424,0.4062,0.9882,-0.0006,0.0163
8,9,3,0,0.6941,0.7361,0.9893,0.6091,0.0407
8,9,3,1,0.7222,0.7982,0.9413,0.6170,0.0258
8,9,3,2,0.5995,0.7044,0.9657,0.4514,0.0176
8,9,3,3,0.6934,0.7465,0.9583,0.5798,0.0204
8,9,3,4,0.5334,0.5987,0.9248,0.3448,0.0292
8,9,3,5,0.1482,0.3980,0.9697,-0.0388,0.0385
8,9,3,6,0.6912,0.7417,0.9288,0.5727,0.0243
8,9,3,7,0.5333,0.6101,0.9465,0.3529,0.0195
8,9,3,8,0.4853,0.6059,0.9664,0.2990,0.0155
8,9,3,9,0.2291,0.3970,0.9667,0.0590,0.0336
8,9,3,10,0.5876,0.6753,0.9713,0.4560,0.0143
8,9,3,11,0.3276,0.5108,0.9970,0.1114,0.0109
8,9,4,0,0.8075,0.8391,0.9922,0.7605,0.0205
8,9,4,1,0.6403,0.7720,0.9351,0.4975,0.0261
8,9,4,2,0.6852,0.7968,0.9958,0.5925,0.0169
8,9,4,3,0.7751,0.7839,0.9569,0.7496,0.0612
8,9,4,4,0.7303,0.7232,0.9648,0.6384,0.0180
8,9,4,5,0.8405,0.8643,0.9842,0.8057,0.0239
8,9,4,6,0.8260,0.8472,0.9900,0.7853,0.0209
8,9,4,7,0.8050,0.8003,0.9698,0.7717,0.0413
8,9,4,8,0.8688,0.8920,0.9926,0.8384,0.0200
8,9,4,9,0.8686,0.8911,0.9966,0.8280,0.0145
8,9,4,10,0.7408,0.7443,0.9933,0.6707,0.0093
8,9,4,11,0.7624,0.8019,0.9824,0.7146,0.0359
8,9,5,0,0.8393,0.8672,0.9822,0.8071,0.0291
8,9,5,1,0.8133,0.8148,0.9607,0.7929,0.0580
8,9,5,2,0.8305,0.8352,0.9895,0.7799,0.0161
8,9,5,3,0.7309,0.7680,0.9935,0.6604,0.0161
8,9,5,4,0.7876,0.8389,0.9829,0.7236,0.0159
8,9,5,5,0.8246,0.8346,0.9644,0.8045,0.0572
8,9,5,6,0.7923,0.8041,0.9652,0.7625,0.0516
8,9,5,7,0.8356,0.8632,0.9727,0.8092,0.0371
8,9,5,8,0.8359,0.8671,0.9983,0.7879,0.0091
8,9,5,9,0.7040,0.7560,0.9848,0.6412,0.0348
8,9,5,10,0.7378,0.7594,0.9976,0.6671,0.0215
8,9,5,11,0.8569,0.8608,0.9870,0.8313,0.0328
8,9,6,0,0.6478,0.7675,0.9667,0.5869,0.0460
8,9,6,1,0.7192,0.7893,0.9936,0.6378,0.0130
8,9,6,2,0.6017,0.7040,0.9896,0.5012,0.0189
8,9,6,3,0.7720,0.7974,0.9724,0.7327,0.0421
8,9,6,4,0.7878,0.8147,0.9858,0.7395,0.0259
8,9,6,5,0.7917,0.8994,0.9838,0.7411,0.0195
8,9,6,6,0.8550,0.8991,0.9927,0.8197,0.0201
8,9,6,7,0.8210,0.8537,0.9924,0.7619,0.0136
8,9,6,8,0.7928,0.8207,0.9941,0.7357,0.0212
8,9,6,9,0.6857,0.7700,0.9867,0.6039,0.0184
8,9,6,10,0.7621,0.8076,0.9788,0.7147,0.0353
8,9,6,11,0.6244,0.7134,0.9710,0.5398,0.0366
8,9,7,0,0.8075,0.8429,0.9814,0.7526,0.0089
8,9,7,1,0.8129,0.8442,0.9926,0.7698,0.0196
8,9,7,2,0.8237,0.8480,0.9883,0.7847,0.0283
8,9,7,3,0.8231,0.8286,0.9665,0.7971,0.0477
8,9,7,4,0.7724,0.8090,0.9733,0.7285,0.0381
8,9,7,5,0.8610,0.8686,0.9863,0.8162,0.0120
8,9,7,6,0.7929,0.8159,0.9607,0.7669,0.0577
8,9,7,7,0.6704,0.7387,0.9571,0.6233,0.0623
8,9,7,8,0.7625,0.8221,0.9161,0.6946,0.0164
8,9,7,9,0.7376,0.7898,0.9818,0.6842,0.0360
8,9,7,10,0.7090,0.8069,0.9716,0.6537,0.0409
8,9,7,11,0.6930,0.7836,0.9705,0.6410,0.0499
8,9,8,0,0.8693,0.8873,0.9842,0.8431,0.0281
8,9,8,1,0.8453,0.8684,0.9831,0.8034,0.0278
8,9,8,2,0.7949,0.7947,0.9548,0.7756,0.0678
8,9,8,3,0.8705,0.9012,0.9873,0.8388,0.0196
8,9,8,4,0.7266,0.7809,0.9807,0.6714,0.0361
8,9,8,5,0.8181,0.8314,0.9729,0.7893,0.0424
8,9,8,6,0.8284,0.8361,0.9632,0.8081,0.0552
8,9,8,7,0.6305,0.6985,0.8905,0.4791,0.0337
8,9,8,8,0.7857,0.7962,0.9123,0.7093,0.0264
8,9,8,9,1.0000,1.0000,1.0000,1.0000,0.0000
8,9,8,10,0.8741,0.8907,0.9760,0.8545,0.0337
8,9,8,11,0.8854,0.9165,0.9783,0.8528,0.0094
8,9,9,0,0.8396,0.9018,0.9949,0.7973,0.0211
8,9,9,1,0.7871,0.8026,0.9935,0.7267,0.0198
8,9,9,2,0.7316,0.7860,0.9411,0.6370,0.0162
8,9,9,3,0.7405,0.8289,0.9699,0.6734,0.0214
8,9,9,4,0.8019,0.8423,0.9823,0.7558,0.0255
8,9,9,5,0.8002,0.8659,0.9327,0.7298,0.0245
8,9,9,6,0.8131,0.8196,0.9667,0.7834,0.0459
8,9,9,7,0.8358,0.8612,0.9663,0.8150,0.0493
8,9,9,8,0.5963,0.7025,0.8940,0.4271,0.0313
8,9,9,9,0.7929,0.8012,0.9598,0.7680,0.0615
8,9,9,10,0.7227,0.8480,0.9671,0.6187,0.0252
8,9,9,11,0.5964,0.7358,0.9862,0.4601,0.0164
8,9,10,0,0.5721,0.6187,0.7102,0.3675,0.0418
8,9,10,1,0.4490,0.6958,0.8617,0.2785,0.0246
8,9,10,2,0.5447,0.6798,0.8479,0.3504,0.0284
8,9,10,3,0.5720,0.6491,0.7477,0.4215,0.0223
8,9,10,4,0.4963,0.6421,0.8806,0.3204,0.0183
8,9,10,5,0.4864,0.7058,0.8266,0.3117,0.0174
8,9,10,6,0.4232,0.6992,0.8519,0.2317,0.0169
8,9,10,7,0.5722,0.6667,0.7224,0.3867,0.0305
8,9,10,8,0.7311,0.7150,0.7154,0.6425,0.0277
8,9,10,9,0.5296,0.6908,0.8483,0.3637,0.0264
8,9,10,10,0.3902,0.5126,0.9974,0.2035,0.0167
8,9,10,11,0.4496,0.6396,0.8059,0.1758,0.0373
8,9,11,0,0.5726,0.6528,0.7087,0.4488,0.0394
8,9,11,1,0.5784,0.6411,0.7182,0.4536,0.0388
8,9,11,2,0.6185,0.6803,0.7487,0.4617,0.0254
8,9,11,3,0.6012,0.6469,0.7010,0.4826,0.0363
8,9,11,4,0.5987,0.6570,0.7141,0.4701,0.0302
8,9,11,5,0.6598,0.6609,0.7155,0.5471,0.0311
8,9,11,6,0.5783,0.6672,0.7422,0.4301,0.0244
8,9,11,7,0.5777,0.6421,0.6913,0.4551,0.0408
8,9,11,8,0.5916,0.6271,0.8989,0.4345,0.0214
8,9,11,9,0.5798,0.6815,0.7861,0.3961,0.0294
8,9,11,10,0.6057,0.6790,0.7459,0.4674,0.0208
8,9,11,11,0.5614,0.6409,0.6991,0.4429,0.0459
8,10,0,0,0.3918,0.4486,0.4066,0.1487,0.0930
8,10,0,1,0.2351,0.4606,0.8266,0.0042,0.0620
8,10,0,2,0.1474,0.3330,0.9747,-0.0290,0.0319
8,10,0,3,0.1228,0.3643,0.9630,-0.0582,0.0290
8,10,0,4,0.4237,0.4884,0.6651,0.2475,0.0782
8,10,0,5,0.2449,0.5185,0.8591,0.0227,0.0626
8,10,0,6,0.3035,0.4279,0.5137,0.0185,0.0817
8,10,0,7,0.3228,0.4900,0.8152,0.1162,0.0613
8,10,0,8,0.3079,0.4796,0.6147,0.0490,0.0754
8,10,0,9,0.1906,0.3982,0.8819,-0.0506,0.0546
8,10,0,10,0.3155,0.4719,0.9735,0.1892,0.0191
8,10,0,11,0.2141,0.4154,0.9359,0.0062,0.0522
8,10,1,0,0.2010,0.6065,0.8965,-0.0032,0.0475
8,10,1,1,0.1734,0.3539,0.9843,0.0173,0.0205
8,10,1,2,0.1451,0.3856,0.9379,-0.0514,0.0389
8,10,1,3,0.1908,0.3827,0.8592,-0.0463,0.0580
8,10,1,4,0.0912,0.2974,0.9858,-0.0571,0.0090
8,10,1,5,0.3149,0.4566,0.9199,0.1444,0.0430
8,10,1,6,0.0307,0.2127,0.9955,-0.0933,0.0321
8,10,1,7,0.1301,0.3280,0.9881,-0.0318,0.0192
8,10,1,8,0.4109,0.5404,0.7934,0.2419,0.0605
8,10,1,9,0.3215,0.4475,0.9715,0.1686,0.0351
8,10,1,10,0.1620,0.3362,0.9290,-0.0398,0.0435
8,10,1,11,0.2685,0.4183,0.9376,0.0791,0.0465
8,10,2,0,0.1502,0.3419,0.9610,0.0483,0.0395
8,10,2,1,0.1772,0.3477,0.9921,0.0345,0.0133
8,10,2,2,0.1293,0.3070,0.9961,-0.0206,0.0119
8,10,2,3,0.2995,0.4642,0.9715,0.1497,0.0303
8,10,2,4,0.2666,0.4301,0.9132,0.0780,0.0449
8,10,2,5,0.2679,0.4034,0.8541,0.0569,0.0584
8,10,2,6,0.3361,0.3845,0.9535,0.1825,0.0405
8,10,2,7,0.1773,0.3694,0.8637,-0.0400,0.0530
8,10,2,8,0.2907,0.4314,0.9125,0.1120,0.0501
8,10,2,9,0.1599,0.3459,0.9617,0.0579,0.0376
8,10,2,10,0.1291,0.3137,0.9771,-0.0422,0.0240
8,10,2,11,0.1634,0.3184,0.9458,-0.0299,0.0448
8,10,3,0,0.7114,0.7877,0.9927,0.6563,0.0422
8,10,3,1,0.6454,0.7241,0.8581,0.5703,0.0574
8,10,3,2,0.5568,0.6631,0.8944,0.4527,0.0503
8,10,3,3,0.6040,0.6496,0.8906,0.5140,0.0524
8,10,3,4,0.4658,0.5753,0.8263,0.3251,0.0599
8,10,3,5,0.1092,0.3379,0.9866,-0.0342,0.0158
8,10,3,6,0.6801,0.7302,0.8426,0.6172,0.0580
8,10,3,7,0.4967,0.5697,0.8709,0.3708,0.0533
8,10,3,8,0.4444,0.5672,0.9124,0.3085,0.0482
8,10,3,9,0.2122,0.3569,0.9886,0.0842,0.0099
8,10,3,10,0.5184,0.5709,0.9464,0.4134,0.0383
8,10,3,11,0.2952,0.4542,0.9631,0.1341,0.0413
8,10,4,0,0.8443,0.8852,0.9894,0.8169,0.0175
8,10,4,1,0.6960,0.7375,0.8437,0.6400,0.0567
8,10,4,2,0.7887,0.8444,0.9727,0.7496,0.0321
8,10,4,3,0.8931,0.9046,0.9951,0.8808,0.0282
8,10,4,4,0.5919,0.6131,0.9005,0.5014,0.0499
8,10,4,5,0.7924,0.7999,0.9896,0.7564,0.0159
8,10,4,6,0.8567,0.8962,0.9913,0.8318,0.0169
8,10,4,7,0.8337,0.8738,0.9941,0.8080,0.0119
8,10,4,8,0.8916,0.9209,0.9890,0.8732,0.0155
8,10,4,9,0.8877,0.9372,0.9687,0.8724,0.0327
8,10,4,10,0.8327,0.8161,0.9847,0.8029,0.0283
8,10,4,11,0.7865,0.8638,0.9978,0.7515,0.0130
8,10,5,0,0.8966,0.9213,0.9932,0.8793,0.0096
8,10,5,1,0.9061,0.9390,0.9967,0.8946,0.0245
8,10,5,2,0.8401,0.8791,0.9514,0.8126,0.0336
8,10,5,3,0.8473,0.8577,0.9866,0.8204,0.0229
8,10,5,4,0.8558,0.9008,0.9514,0.8321,0.0321
8,10,5,5,0.9184,0.9429,0.9975,0.9080,0.0230
8,10,5,6,0.8569,0.9036,0.9967,0.8367,0.0205
8,10,5,7,0.9085,0.9540,0.9988,0.8944,0.0059
8,10,5,8,0.8306,0.8311,0.9668,0.8008,0.0339
8,10,5,9,0.6789,0.7460,0.9959,0.6255,0.0166
8,10,5,10,0.7551,0.7688,0.9869,0.7095,0.0261
8,10,5,11,0.8719,0.8528,0.9979,0.8509,0.0047
8,10,6,0,0.7947,0.8498,0.9971,0.7654,0.0121
8,10,6,1,0.7850,0.7919,0.9732,0.7451,0.0335
8,10,6,2,0.7198,0.7513,0.9958,0.6690,0.0190
8,10,6,3,0.8330,0.8973,0.9977,0.8076,0.0138
8,10,6,4,0.8612,0.8803,0.9929,0.8373,0.0145
8,10,6,5,0.8304,0.9090,0.9926,0.8005,0.0202
8,10,6,6,0.8888,0.9210,0.9930,0.8699,0.0204
8,10,6,7,0.8310,0.8871,0.9433,0.8053,0.0417
8,10,6,8,0.8348,0.8737,0.9894,0.8055,0.0249
8,10,6,9,0.7051,0.7880,0.9870,0.6505,0.0236
8,10,6,10,0.8695,0.8994,0.9962,0.8482,0.0099
8,10,6,11,0.6550,0.6810,0.9878,0.5962,0.0217
8,10,7,0,0.8884,0.9013,0.9648,0.8707,0.0297
8,10,7,1,0.8108,0.8311,0.9931,0.7777,0.0157
8,10,7,2,0.8807,0.9202,0.9953,0.8604,0.0134
8,10,7,3,0.9277,0.9461,0.9972,0.9171,0.0181
8,10,7,4,0.7813,0.8389,0.9940,0.7461,0.0144
8,10,7,5,0.8266,0.8269,0.9377,0.7987,0.0413
8,10,7,6,0.9090,0.9275,0.9966,0.8974,0.0244
8,10,7,7,0.8042,0.8274,0.9955,0.7798,0.0293
8,10,7,8,0.6900,0.8045,0.8917,0.6298,0.0304
8,10,7,9,0.7837,0.8506,0.9985,0.7483,0.0128
8,10,7,10,0.8058,0.8352,0.9942,0.7755,0.0111
8,10,7,11,0.8224,0.8497,0.9990,0.7969,0.0184
8,10,8,0,0.9186,0.9386,0.9983,0.9050,0.0130
8,10,8,1,0.9096,0.9434,0.9674,0.8956,0.0262
8,10,8,2,0.9097,0.9236,0.9954,0.9004,0.0340
8,10,8,3,0.9003,0.9344,0.9775,0.8836,0.0182
8,10,8,4,0.8576,0.8744,0.9986,0.8345,0.0108
8,10,8,5,0.9256,0.9316,0.9998,0.9144,0.0110
8,10,8,6,0.9231,0.9467,0.9970,0.9131,0.0231
8,10,8,7,0.6419,0.6474,0.7781,0.5675,0.0659
8,10,8,8,0.7361,0.7717,0.8124,0.6904,0.0574
8,10,8,9,0.8741,0.8907,0.9760,0.8545,0.0337
8,10,8,10,1.0000,1.0000,1.0000,1.0000,0.0000
8,10,8,11,0.8650,0.8784,0.9588,0.8424,0.0331
8,10,9,0,0.8868,0.9213,0.9890,0.8678,0.0249
8,10,9,1,0.8068,0.8237,0.9864,0.7716,0.0290
8,10,9,2,0.6946,0.7732,0.8751,0.6329,0.0463
8,10,9,3,0.8160,0.8850,0.9648,0.7830,0.0207
8,10,9,4,0.9102,0.9357,0.9860,0.8951,0.0141
8,10,9,5,0.7994,0.8577,0.8426,0.7748,0.0513
8,10,9,6,0.9065,0.9302,0.9954,0.8924,0.0170
8,10,9,7,0.9070,0.9472,0.9988,0.8940,0.0165
8,10,9,8,0.5445,0.6431,0.7844,0.4304,0.0633
8,10,9,9,0.9048,0.9269,0.9966,0.8931,0.0290
8,10,9,10,0.7260,0.8299,0.8926,0.6787,0.0571
8,10,9,11,0.6615,0.8010,0.9515,0.5906,0.0421
8,10,10,0,0.4348,0.5108,0.5607,0.2571,0.0727
8,10,10,1,0.4129,0.6721,0.8265,0.2851,0.0411
8,10,10,2,0.4253,0.6430,0.7641,0.2624,0.0613
8,10,10,3,0.5864,0.6184,0.6914,0.4935,0.0498
8,10,10,4,0.4710,0.5907,0.8363,0.3462,0.0457
8,10,10,5,0.4214,0.6951,0.7796,0.2857,0.0406
8,10,10,6,0.3606,0.6662,0.8138,0.2117,0.0453
8,10,10,7,0.5588,0.6201,0.6190,0.4503,0.0645
8,10,10,8,0.7612,0.6948,0.6500,0.7166,0.0466
8,10,10,9,0.4736,0.6218,0.7909,0.3486,0.0528
8,10,10,10,0.2794,0.4442,0.9711,0.1216,0.0388
8,10,10,11,0.3575,0.5761,0.6729,0.1443,0.0697
8,10,11,0,0.5716,0.6484,0.6896,0.4851,0.0419
8,10,11,1,0.5945,0.6228,0.6938,0.5119,0.0426
8,10,11,2,0.5670,0.6158,0.6552,0.4622,0.0575
8,10,11,3,0.6066,0.6375,0.6762,0.5265,0.0427
8,10,11,4,0.6108,0.6315,0.6789,0.5283,0.0458
8,10,11,5,0.6765,0.6231,0.6640,0.6098,0.0489
8,10,11,6,0.5718,0.6346,0.6975,0.4748,0.0505
8,10,11,7,0.5753,0.6397,0.6677,0.4896,0.0412
8,10,11,8,0.5353,0.5344,0.8285,0.4220,0.0534
8,10,11,9,0.5000,0.5936,0.6847,0.3650,0.0626
8,10,11,10,0.5867,0.6435,0.6945,0.4940,0.0479
8,10,11,11,0.5675,0.6440,0.6878,0.4842,0.0419
8,11,0,0,0.4798,0.5792,0.6052,0.1702,0.0670
8,11,0,1,0.2428,0.5907,0.9047,-0.0689,0.0352
8,11,0,2,0.2456,0.4551,0.9653,0.0398,0.0198
8,11,0,3,0.2270,0.4829,0.9670,0.0169,0.0187
8,11,0,4,0.5207,0.6293,0.8028,0.3098,0.0531
8,11,0,5,0.2960,0.6732,0.9307,0.0147,0.0324
8,11,0,6,0.3659,0.5550,0.6907,-0.0010,0.0543
8,11,0,7,0.4174,0.6262,0.8891,0.1724,0.0313
8,11,0,8,0.3616,0.6140,0.7672,0.0239,0.0464
8,11,0,9,0.2603,0.4928,0.9358,-0.0351,0.0308
8,11,0,10,0.3474,0.5667,0.9438,0.1892,0.0207
8,11,0,11,0.2868,0.5327,0.9468,0.0340,0.0229
8,11,1,0,0.3339,0.6870,0.9654,0.1072,0.0208
8,11,1,1,0.2096,0.4257,0.9384,0.0136,0.0214
8,11,1,2,0.3014,0.4984,0.9532,0.0892,0.0157
8,11,1,3,0.2894,0.5067,0.9315,0.0113,0.0318
8,11,1,4,0.1675,0.3989,0.9214,-0.0097,0.0333
8,11,1,5,0.3855,0.5872,0.9822,0.1780,0.0142
8,11,1,6,0.1139,0.2781,0.9343,-0.0329,0.0657
8,11,1,7,0.2218,0.4333,0.9846,0.0318,0.0241
8,11,1,8,0.4714,0.6282,0.9095,0.2539,0.0291
8,11,1,9,0.3569,0.5191,0.9866,0.1619,0.0153
8,11,1,10,0.2579,0.4477,0.9640,0.0209,0.0221
8,11,1,11,0.3351,0.5009,0.9403,0.1026,0.0194
8,11,2,0,0.1658,0.4119,0.8720,0.0373,0.0733
8,11,2,1,0.2571,0.4305,0.9380,0.0888,0.0323
8,11,2,2,0.2140,0.3967,0.9721,0.0371,0.0295
8,11,2,3,0.3461,0.5443,0.9893,0.1596,0.0158
8,11,2,4,0.3404,0.5368,0.9716,0.1116,0.0188
8,11,2,5,0.3296,0.5317,0.9378,0.0667,0.0326
8,11,2,6,0.3632,0.4775,0.9486,0.1640,0.0102
8,11,2,7,0.2746,0.4761,0.9441,0.0195,0.0297
8,11,2,8,0.3495,0.5656,0.9500,0.1276,0.0178
8,11,2,9,0.1771,0.4161,0.8732,0.0489,0.0714
8,11,2,10,0.2436,0.4097,0.9764,0.0480,0.0273
8,11,2,11,0.2268,0.4390,0.9664,-0.0100,0.0203
8,11,3,0,0.6739,0.7420,0.9779,0.5869,0.0363
8,11,3,1,0.7325,0.8098,0.9486,0.6403,0.0290
8,11,3,2,0.5892,0.7297,0.9566,0.4458,0.0206
8,11,3,3,0.6373,0.7362,0.9701,0.5094,0.0222
8,11,3,4,0.4700,0.6009,0.9109,0.2653,0.0316
8,11,3,5,0.1978,0.4366,0.9342,0.0296,0.0400
8,11,3,6,0.6804,0.7662,0.9475,0.5662,0.0276
8,11,3,7,0.5286,0.6567,0.9597,0.3566,0.0234
8,11,3,8,0.5084,0.6470,0.9657,0.3401,0.0178
8,11,3,9,0.1819,0.3987,0.9306,0.0086,0.0340
8,11,3,10,0.5426,0.6544,0.9295,0.4035,0.0129
8,11,3,11,0.4125,0.5541,0.9861,0.2324,0.0108
8,11,4,0,0.8057,0.8406,0.9844,0.7593,0.0200
8,11,4,1,0.5826,0.7412,0.9128,0.4244,0.0305
8,11,4,2,0.6305,0.7920,0.9901,0.5266,0.0192
8,11,4,3,0.7382,0.7616,0.9485,0.7045,0.0617
8,11,4,4,0.6233,0.6828,0.9299,0.5007,0.0188
8,11,4,5,0.7367,0.8252,0.9591,0.6778,0.0242
8,11,4,6,0.8662,0.8703,0.9697,0.8359,0.0218
8,11,4,7,0.7323,0.7748,0.9329,0.6832,0.0418
8,11,4,8,0.7903,0.8573,0.9738,0.7411,0.0199
8,11,4,9,0.8264,0.8752,0.9890,0.7756,0.0191
8,11,4,10,0.7642,0.7667,0.9760,0.7028,0.0065
8,11,4,11,0.6250,0.7750,0.9667,0.5474,0.0355
8,11,5,0,0.7583,0.8452,0.9657,0.7077,0.0294
8,11,5,1,0.7709,0.7868,0.9381,0.7407,0.0579
8,11,5,2,0.7786,0.8446,0.9891,0.7158,0.0181
8,11,5,3,0.7302,0.7792,0.9771,0.6620,0.0163
8,11,5,4,0.7546,0.8486,0.9981,0.6841,0.0200
8,11,5,5,0.7840,0.8048,0.9525,0.7545,0.0571
8,11,5,6,0.7502,0.7737,0.9351,0.7110,0.0516
8,11,5,7,0.7542,0.8400,0.9536,0.7098,0.0367
8,11,5,8,0.7193,0.8181,0.9741,0.6409,0.0146
8,11,5,9,0.5635,0.7058,0.9572,0.4708,0.0358
8,11,5,10,0.7768,0.7846,0.9755,0.7188,0.0186
8,11,5,11,0.7862,0.8291,0.9728,0.7445,0.0317
8,11,6,0,0.5971,0.7406,0.9370,0.5269,0.0443
8,11,6,1,0.6567,0.7659,0.9627,0.5615,0.0120
8,11,6,2,0.6158,0.7250,0.9764,0.5226,0.0202
8,11,6,3,0.7482,0.8002,0.9416,0.7038,0.0429
8,11,6,4,0.7303,0.7807,0.9529,0.6694,0.0262
8,11,6,5,0.6893,0.8554,0.9475,0.6151,0.0173
8,11,6,6,0.7595,0.8490,0.9672,0.7012,0.0196
8,11,6,7,0.7273,0.8176,0.9686,0.6414,0.0163
8,11,6,8,0.7691,0.8258,0.9855,0.7078,0.0225
8,11,6,9,0.7520,0.7948,0.9759,0.6900,0.0183
8,11,6,10,0.7760,0.8159,0.9467,0.7322,0.0351
8,11,6,11,0.6307,0.7252,0.9368,0.5501,0.0366
8,11,7,0,0.8569,0.8772,0.9977,0.8178,0.0117
8,11,7,1,0.6847,0.7849,0.9700,0.6118,0.0195
8,11,7,2,0.7381,0.8188,0.9786,0.6795,0.0292
8,11,7,3,0.7922,0.8059,0.9517,0.7590,0.0473
8,11,7,4,0.7579,0.7994,0.9381,0.7111,0.0386
8,11,7,5,0.8051,0.8458,0.9759,0.7455,0.0132
8,11,7,6,0.7488,0.7852,0.9432,0.7129,0.0575
8,11,7,7,0.6371,0.7356,0.9477,0.5837,0.0625
8,11,7,8,0.7681,0.8681,0.9711,0.7046,0.0127
8,11,7,9,0.7541,0.8016,0.9618,0.7052,0.0359
8,11,7,10,0.6525,0.7774,0.9382,0.5860,0.0411
8,11,7,11,0.6729,0.7933,0.9581,0.6172,0.0501
8,11,8,0,0.8210,0.8644,0.9681,0.7833,0.0280
8,11,8,1,0.8198,0.8552,0.9959,0.7726,0.0307
8,11,8,2,0.7615,0.7663,0.9376,0.7342,0.0677
8,11,8,3,0.8397,0.8710,0.9802,0.8009,0.0213
8,11,8,4,0.6797,0.7605,0.9610,0.6152,0.0359
8,11,8,5,0.7728,0.8136,0.9576,0.7338,0.0426
8,11,8,6,0.8146,0.8177,0.9492,0.7901,0.0552
8,11,8,7,0.5849,0.6940,0.8794,0.4228,0.0372
8,11,8,8,0.7591,0.8172,0.9202,0.6787,0.0292
8,11,8,9,0.8854,0.9165,0.9783,0.8528,0.0094
8,11,8,10,0.8650,0.8784,0.9588,0.8424,0.0331
8,11,8,11,1.0000,1.0000,1.0000,1.0000,0.0000
8,11,9,0,0.7904,0.8734,0.9718,0.7366,0.0196
8,11,9,1,0.7415,0.8062,0.9861,0.6711,0.0182
8,11,9,2,0.7333,0.8480,0.9708,0.6455,0.0184
8,11,9,3,0.7844,0.8688,0.9959,0.7306,0.0230
8,11,9,4,0.7767,0.8348,0.9903,0.7254,0.0267
8,11,9,5,0.7628,0.8761,0.9419,0.6839,0.0287
8,11,9,6,0.7858,0.8058,0.9620,0.7498,0.0463
8,11,9,7,0.8211,0.8382,0.9461,0.7959,0.0495
8,11,9,8,0.5525,0.6983,0.8950,0.3740,0.0344
8,11,9,9,0.7650,0.7749,0.9445,0.7335,0.0614
8,11,9,10,0.6371,0.8316,0.9569,0.5053,0.0277
8,11,9,11,0.5666,0.7637,0.9950,0.4276,0.0184
8,11,10,0,0.5752,0.6590,0.7538,0.3897,0.0443
8,11,10,1,0.5039,0.7511,0.9213,0.3575,0.0221
8,11,10,2,0.5866,0.7493,0.8969,0.4247,0.0298
8,11,10,3,0.6069,0.7226,0.8442,0.4766,0.0236
8,11,10,4,0.5334,0.7043,0.9521,0.3790,0.0183
8,11,10,5,0.5159,0.7606,0.9018,0.3597,0.0162
8,11,10,6,0.4843,0.7499,0.9198,0.3215,0.0171
8,11,10,7,0.6216,0.7353,0.8096,0.4738,0.0323
8,11,10,8,0.7487,0.7522,0.8064,0.6706,0.0265
8,11,10,9,0.5466,0.7387,0.9097,0.3952,0.0252
8,11,10,10,0.3335,0.5323,0.9764,0.1387,0.0134
8,11,10,11,0.4532,0.6928,0.8318,0.1989,0.0400
8,11,11,0,0.6117,0.7209,0.8209,0.5041,0.0369
8,11,11,1,0.6241,0.7140,0.8284,0.5178,0.0368
8,11,11,2,0.6018,0.7226,0.8370,0.4481,0.0299
8,11,11,3,0.6377,0.7168,0.8152,0.5348,0.0348
8,11,11,4,0.6337,0.7164,0.8239,0.5222,0.0312
8,11,11,5,0.6811,0.7211,0.8247,0.5813,0.0296
8,11,11,6,0.6218,0.7415,0.8502,0.4967,0.0251
8,11,11,7,0.6315,0.7119,0.8031,0.5293,0.0381
8,11,11,8,0.5924,0.6761,0.9446,0.4451,0.0219
8,11,11,9,0.5688,0.7263,0.8556,0.3925,0.0336
8,11,11,10,0.6072,0.7287,0.8449,0.4770,0.0218
8,11,11,11,0.6086,0.7107,0.8107,0.5073,0.0435
9,0,0,0,0.4782,0.5280,0.5226,0.2084,0.0812
9,0,0,1,0.2887,0.5863,0.8962,0.0165,0.0496
9,0,0,2,0.1533,0.4804,0.9963,-0.0645,0.0083
9,0,0,3,0.1294,0.5121,0.9869,-0.0937,0.0075
9,0,0,4,0.4625,0.5915,0.7596,0.2382,0.0675
9,0,0,5,0.2868,0.5923,0.9174,0.0200,0.0483
9,0,0,6,0.4263,0.5400,0.6242,0.1393,0.0689
9,0,0,7,0.3655,0.5827,0.8886,0.1144,0.0462
9,0,0,8,0.3677,0.5948,0.7164,0.0605,0.0620
9,0,0,9,0.3144,0.5204,0.9383,0.0601,0.0438
9,0,0,10,0.3705,0.6328,0.9894,0.2263,0.0068
9,0,0,11,0.2683,0.5471,0.9758,0.0247,0.0366
9,0,1,0,0.1895,0.6367,0.9378,-0.0713,0.0254
9,0,1,1,0.1919,0.4693,0.9907,0.0028,0.0094
9,0,1,2,0.1680,0.4710,0.9772,-0.0703,0.0283
9,0,1,3,0.2023,0.4655,0.9184,-0.0931,0.0454
9,0,1,4,0.0695,0.3951,0.9840,-0.1181,0.0209
9,0,1,5,0.3015,0.5045,0.9557,0.0794,0.0270
9,0,1,6,0.0349,0.2620,0.9720,-0.1175,0.0545
9,0,1,7,0.1283,0.3892,0.9928,-0.0726,0.0159
9,0,1,8,0.4112,0.6150,0.8612,0.1830,0.0433
9,0,1,9,0.2974,0.5036,0.9884,0.0970,0.0223
9,0,1,10,0.1721,0.4309,0.9723,-0.0772,0.0331
9,0,1,11,0.4216,0.5445,0.9758,0.2339,0.0264
9,0,2,0,0.1837,0.4793,0.9558,0.0648,0.0625
9,0,2,1,0.1696,0.4581,0.9857,-0.0085,0.0165
9,0,2,2,0.1333,0.3715,0.9961,-0.0512,0.0232
9,0,2,3,0.2790,0.5125,0.9882,0.0853,0.0146
9,0,2,4,0.2751,0.5117,0.9567,0.0385,0.0298
9,0,2,5,0.2800,0.4934,0.9118,0.0142,0.0459
9,0,2,6,0.4867,0.5379,0.9829,0.3368,0.0224
9,0,2,7,0.1820,0.4573,0.9219,-0.0895,0.0424
9,0,2,8,0.2914,0.5175,0.9581,0.0639,0.0336
9,0,2,9,0.1895,0.4813,0.9566,0.0700,0.0606
9,0,2,10,0.1456,0.3911,0.9944,-0.0628,0.0181
9,0,2,11,0.1755,0.4001,0.9783,-0.0624,0.0345
9,0,3,0,0.7340,0.8049,0.9927,0.6671,0.0238
9,0,3,1,0.6444,0.7742,0.9134,0.5263,0.0426
9,0,3,2,0.6092,0.7269,0.9453,0.4840,0.0338
9,0,3,3,0.5897,0.7158,0.9371,0.4549,0.0326
9,0,3,4,0.5300,0.6175,0.8940,0.3651,0.0457
9,0,3,5,0.0994,0.4499,0.9884,-0.0796,0.0237
9,0,3,6,0.6775,0.7669,0.8956,0.5735,0.0370
9,0,3,7,0.4933,0.6365,0.9209,0.3208,0.0332
9,0,3,8,0.4831,0.6266,0.9559,0.3178,0.0315
9,0,3,9,0.2815,0.4881,0.9851,0.1380,0.0212
9,0,3,10,0.5082,0.6857,0.9767,0.3680,0.0178
9,0,3,11,0.2921,0.5653,0.9866,0.0878,0.0238
9,0,4,0,0.8284,0.8807,0.9941,0.7891,0.0095
9,0,4,1,0.7199,0.7715,0.9100,0.6333,0.0449
9,0,4,2,0.7848,0.8284,0.9926,0.7283,0.0246
9,0,4,3,0.8516,0.8511,0.9733,0.8370,0.0499
9,0,4,4,0.6012,0.6669,0.9519,0.4805,0.0343
9,0,4,5,0.7952,0.8589,0.9851,0.7513,0.0112
9,0,4,6,0.8159,0.8636,0.9962,0.7749,0.0145
9,0,4,7,0.8065,0.8323,0.9865,0.7731,0.0295
9,0,4,8,0.8478,0.8856,0.9929,0.8137,0.0178
9,0,4,9,0.8537,0.9078,0.9874,0.8146,0.0231
9,0,4,10,0.7389,0.7762,0.9931,0.6746,0.0171
9,0,4,11,0.8226,0.8590,0.9936,0.7888,0.0208
9,0,5,0,0.8751,0.8931,0.9854,0.8507,0.0183
9,0,5,1,0.8663,0.8662,0.9774,0.8523,0.0467
9,0,5,2,0.8080,0.8367,0.9813,0.7573,0.0248
9,0,5,3,0.7879,0.8240,0.9941,0.7371,0.0173
9,0,5,4,0.8373,0.8705,0.9726,0.7941,0.0216
9,0,5,5,0.8822,0.8811,0.9790,0.8697,0.0456
9,0,5,6,0.8208,0.8407,0.9819,0.7948,0.0384
9,0,5,7,0.8770,0.9033,0.9842,0.8574,0.0274
9,0,5,8,0.8201,0.8474,0.9931,0.7731,0.0249
9,0,5,9,0.6492,0.8057,0.9963,0.5785,0.0185
9,0,5,10,0.7224,0.8038,0.9994,0.6543,0.0057
9,0,5,11,0.8428,0.8736,0.9943,0.8135,0.0247
9,0,6,0,0.7983,0.8205,0.9838,0.7679,0.0372
9,0,6,1,0.7787,0.7917,0.9911,0.7213,0.0248
9,0,6,2,0.7246,0.7444,0.9967,0.6612,0.0139
9,0,6,3,0.8030,0.8494,0.9874,0.7698,0.0301
9,0,6,4,0.8522,0.8789,0.9954,0.8206,0.0114
9,0,6,5,0.8738,0.9155,0.9951,0.8453,0.0082
9,0,6,6,0.8516,0.9046,0.9978,0.8174,0.0095
9,0,6,7,0.8192,0.8679,0.9791,0.7689,0.0293
9,0,6,8,0.8032,0.8469,0.9955,0.7539,0.0097
9,0,6,9,0.6606,0.7896,0.9846,0.5799,0.0085
9,0,6,10,0.8107,0.8511,0.9906,0.7749,0.0222
9,0,6,11,0.6620,0.7356,0.9887,0.5916,0.0194
9,0,7,0,0.8112,0.8604,0.9737,0.7629,0.0157
9,0,7,1,0.7939,0.8257,0.9947,0.7486,0.0152
9,0,7,2,0.8727,0.8965,0.9962,0.8458,0.0135
9,0,7,3,0.8689,0.8857,0.9795,0.8500,0.0362
9,0,7,4,0.7450,0.8258,0.9890,0.6967,0.0225
9,0,7,5,0.8032,0.8306,0.9706,0.7483,0.0287
9,0,7,6,0.8668,0.8675,0.9764,0.8519,0.0462
9,0,7,7,0.8070,0.7969,0.9770,0.7842,0.0508
9,0,7,8,0.6721,0.8070,0.9133,0.5877,0.0108
9,0,7,9,0.7394,0.8065,0.9912,0.6887,0.0228
9,0,7,10,0.7850,0.8555,0.9891,0.7469,0.0270
9,0,7,11,0.8328,0.8437,0.9867,0.8084,0.0363
9,0,8,0,0.8598,0.9105,0.9916,0.8313,0.0179
9,0,8,1,0.8789,0.9021,0.9790,0.8489,0.0234
9,0,8,2,0.8500,0.8498,0.9724,0.8367,0.0562
9,0,8,3,0.8596,0.8781,0.9885,0.8269,0.0121
9,0,8,4,0.8238,0.8324,0.9911,0.7908,0.0263
9,0,8,5,0.8603,0.8762,0.9862,0.8385,0.0308
9,0,8,6,0.8683,0.8825,0.9772,0.8525,0.0441
9,0,8,7,0.6511,0.7017,0.8556,0.5338,0.0521
9,0,8,8,0.7434,0.7981,0.8777,0.6662,0.0446
9,0,8,9,0.8396,0.9018,0.9949,0.7973,0.0211
9,0,8,10,0.8868,0.9213,0.9890,0.8678,0.0249
9,0,8,11,0.7904,0.8734,0.9718,0.7366,0.0196
9,0,9,0,1.0000,1.0000,1.0000,1.0000,0.0000
9,0,9,1,0.7623,0.8235,0.9934,0.7015,0.0067
9,0,9,2,0.6358,0.7866,0.9200,0.5227,0.0269
9,0,9,3,0.8096,0.8625,0.9686,0.7644,0.0134
9,0,9,4,0.8624,0.8882,0.9833,0.8322,0.0164
9,0,9,5,0.8326,0.8836,0.9014,0.7895,0.0404
9,0,9,6,0.8401,0.8699,0.9783,0.8146,0.0342
9,0,9,7,0.9313,0.9274,0.9816,0.9256,0.0361
9,0,9,8,0.7499,0.7820,0.8615,0.6781,0.0482
9,0,9,9,0.8508,0.8553,0.9756,0.8339,0.0504
9,0,9,10,0.7397,0.8640,0.9387,0.6611,0.0422
9,0,9,11,0.6657,0.7940,0.9756,0.5672,0.0204
9,0,10,0,0.5361,0.6257,0.6566,0.3460,0.0589
9,0,10,1,0.4762,0.7347,0.8641,0.3310,0.0189
9,0,10,2,0.4802,0.7083,0.8288,0.2842,0.0428
9,0,10,3,0.5501,0.6311,0.7343,0.4106,0.0264
9,0,10,4,0.4851,0.6790,0.8668,0.3256,0.0243
9,0,10,5,0.4279,0.7330,0.8215,0.2543,0.0197
9,0,10,6,0.4210,0.7574,0.8509,0.2494,0.0224
9,0,10,7,0.5575,0.6517,0.6888,0.3937,0.0440
9,0,10,8,0.6995,0.6708,0.6971,0.6127,0.0231
9,0,10,9,0.5602,0.7142,0.8402,0.4239,0.0306
9,0,10,10,0.4533,0.6179,0.9954,0.3033,0.0174
9,0,10,11,0.3666,0.6540,0.7594,0.0830,0.0551
9,0,11,0,0.5471,0.6498,0.7102,0.4291,0.0238
9,0,11,1,0.5699,0.6195,0.7162,0.4556,0.0236
9,0,11,2,0.5878,0.6671,0.7166,0.4421,0.0429
9,0,11,3,0.5997,0.6400,0.6987,0.4929,0.0217
9,0,11,4,0.5922,0.6367,0.7079,0.4761,0.0235
9,0,11,5,0.6696,0.6461,0.7012,0.5736,0.0250
9,0,11,6,0.5521,0.6460,0.7313,0.4132,0.0269
9,0,11,7,0.5495,0.6317,0.6923,0.4319,0.0247
9,0,11,8,0.6256,0.6380,0.8803,0.5030,0.0371
9,0,11,9,0.5870,0.6804,0.7542,0.4364,0.0479
9,0,11,10,0.5721,0.6798,0.7350,0.4399,0.0248
9,0,11,11,0.5297,0.6329,0.7047,0.4146,0.0284
9,1,0,0,0.4810,0.5701,0.5440,0.1767,0.0761
9,1,0,1,0.2526,0.6021,0.8979,-0.0529,0.0455
9,1,0,2,0.3238,0.5117,0.9843,0.1403,0.0077
9,1,0,3,0.1606,0.4721,0.9721,-0.0663,0.0052
9,1,0,4,0.4599,0.6138,0.7713,0.2155,0.0625
9,1,0,5,0.3271,0.6263,0.9232,0.0609,0.0444
9,1,0,6,0.3554,0.5645,0.6391,-0.0176,0.0643
9,1,0,7,0.4362,0.6499,0.8872,0.2020,0.0415
9,1,0,8,0.2752,0.5926,0.7265,-0.1209,0.0570
9,1,0,9,0.4437,0.6229,0.9387,0.2286,0.0398
9,1,0,10,0.2438,0.5028,0.9680,0.0612,0.0114
9,1,0,11,0.3713,0.6071,0.9674,0.1508,0.0326
9,1,1,0,0.4842,0.7777,0.9466,0.3112,0.0196
9,1,1,1,0.3798,0.5899,0.9789,0.2269,0.0102
9,1,1,2,0.3662,0.6408,0.9690,0.1748,0.0271
9,1,1,3,0.4844,0.6686,0.9266,0.2896,0.0412
9,1,1,4,0.3210,0.5483,0.9683,0.1780,0.0256
9,1,1,5,0.5757,0.7364,0.9711,0.4352,0.0222
9,1,1,6,0.4225,0.5527,0.9677,0.3332,0.0599
9,1,1,7,0.4581,0.6723,0.9999,0.3269,0.0173
9,1,1,8,0.6519,0.7708,0.8800,0.5223,0.0383
9,1,1,9,0.6148,0.7313,0.9969,0.4993,0.0188
9,1,1,10,0.4522,0.6213,0.9687,0.2791,0.0300
9,1,1,11,0.3869,0.5163,0.9655,0.1746,0.0226
9,1,2,0,0.1149,0.4302,0.9314,-0.0221,0.0672
9,1,2,1,0.4218,0.5795,0.9803,0.2921,0.0217
9,1,2,2,0.4795,0.6292,0.9963,0.3641,0.0249
9,1,2,3,0.5716,0.7627,0.9971,0.4502,0.0115
9,1,2,4,0.5649,0.7142,0.9650,0.4177,0.0243
9,1,2,5,0.5084,0.6985,0.9248,0.3228,0.0417
9,1,2,6,0.4450,0.4973,0.9717,0.2726,0.0178
9,1,2,7,0.4454,0.6673,0.9305,0.2536,0.0408
9,1,2,8,0.5127,0.7005,0.9608,0.3492,0.0290
9,1,2,9,0.1243,0.4342,0.9325,-0.0128,0.0654
9,1,2,10,0.4320,0.5870,0.9913,0.2860,0.0188
9,1,2,11,0.4255,0.6525,0.9818,0.2510,0.0326
9,1,3,0,0.8760,0.9083,0.9985,0.8432,0.0240
9,1,3,1,0.7048,0.8617,0.9288,0.6016,0.0372
9,1,3,2,0.7112,0.7885,0.9516,0.6145,0.0294
9,1,3,3,0.7081,0.7814,0.9507,0.6088,0.0282
9,1,3,4,0.6082,0.6957,0.9016,0.4640,0.0414
9,1,3,5,0.2661,0.5229,0.9737,0.1135,0.0278
9,1,3,6,0.8655,0.8946,0.9176,0.8311,0.0315
9,1,3,7,0.7218,0.8156,0.9383,0.6276,0.0289
9,1,3,8,0.5720,0.7560,0.9617,0.4274,0.0273
9,1,3,9,0.4286,0.5897,0.9745,0.3097,0.0254
9,1,3,10,0.5825,0.6719,0.9642,0.4565,0.0125
9,1,3,11,0.4658,0.6599,0.9892,0.3032,0.0211
9,1,4,0,0.7867,0.8619,0.9998,0.7358,0.0131
9,1,4,1,0.6634,0.8047,0.9113,0.5417,0.0401
9,1,4,2,0.8150,0.8774,0.9946,0.7633,0.0225
9,1,4,3,0.8148,0.8029,0.9714,0.7953,0.0552
9,1,4,4,0.5965,0.7460,0.9467,0.4657,0.0316
9,1,4,5,0.7396,0.7546,0.9842,0.6815,0.0150
9,1,4,6,0.7517,0.8174,0.9961,0.6940,0.0154
9,1,4,7,0.7518,0.7610,0.9757,0.7068,0.0350
9,1,4,8,0.8599,0.8560,0.9903,0.8277,0.0190
9,1,4,9,0.8678,0.8727,0.9948,0.8296,0.0203
9,1,4,10,0.7743,0.7997,0.9983,0.7158,0.0156
9,1,4,11,0.7511,0.8449,0.9927,0.7015,0.0253
9,1,5,0,0.7984,0.8111,0.9866,0.7570,0.0230
9,1,5,1,0.8137,0.7969,0.9712,0.7916,0.0518
9,1,5,2,0.8371,0.8600,0.9847,0.7912,0.0243
9,1,5,3,0.7791,0.8412,0.9987,0.7236,0.0180
9,1,5,4,0.8307,0.8579,0.9844,0.7825,0.0196
9,1,5,5,0.8402,0.8216,0.9770,0.8215,0.0510
9,1,5,6,0.7684,0.7696,0.9726,0.7329,0.0431
9,1,5,7,0.8243,0.8437,0.9826,0.7946,0.0320
9,1,5,8,0.7924,0.8254,0.9880,0.7348,0.0247
9,1,5,9,0.5474,0.6709,0.9886,0.4515,0.0233
9,1,5,10,0.6694,0.7412,0.9947,0.5838,0.0064
9,1,5,11,0.8360,0.8237,0.9946,0.8052,0.0287
9,1,6,0,0.7382,0.8291,0.9768,0.6964,0.0415
9,1,6,1,0.7493,0.8261,0.9910,0.6802,0.0233
9,1,6,2,0.6509,0.7181,0.9966,0.5667,0.0151
9,1,6,3,0.7421,0.7711,0.9790,0.6965,0.0345
9,1,6,4,0.7931,0.8298,0.9885,0.7471,0.0156
9,1,6,5,0.7230,0.8308,0.9840,0.6572,0.0114
9,1,6,6,0.7805,0.8089,0.9909,0.7275,0.0120
9,1,6,7,0.7459,0.8168,0.9788,0.6667,0.0255
9,1,6,8,0.9444,0.9514,0.9996,0.9298,0.0082
9,1,6,9,0.5866,0.6971,0.9893,0.4832,0.0090
9,1,6,10,0.7511,0.8096,0.9851,0.7019,0.0270
9,1,6,11,0.5138,0.6500,0.9766,0.4070,0.0241
9,1,7,0,0.7338,0.8405,0.9911,0.6615,0.0154
9,1,7,1,0.7630,0.8054,0.9952,0.7089,0.0178
9,1,7,2,0.8186,0.8474,0.9957,0.7789,0.0196
9,1,7,3,0.8211,0.8173,0.9773,0.7937,0.0419
9,1,7,4,0.6681,0.7411,0.9793,0.6021,0.0271
9,1,7,5,0.7143,0.8146,0.9806,0.6265,0.0250
9,1,7,6,0.8154,0.8145,0.9723,0.7924,0.0515
9,1,7,7,0.7237,0.7526,0.9715,0.6866,0.0561
9,1,7,8,0.6905,0.7825,0.9259,0.6062,0.0096
9,1,7,9,0.6865,0.7311,0.9871,0.6229,0.0279
9,1,7,10,0.6758,0.7295,0.9775,0.6144,0.0313
9,1,7,11,0.7271,0.7946,0.9834,0.6824,0.0414
9,1,8,0,0.9160,0.9102,0.9912,0.9000,0.0207
9,1,8,1,0.8401,0.8450,0.9852,0.7984,0.0226
9,1,8,2,0.8074,0.7876,0.9682,0.7885,0.0617
9,1,8,3,0.8119,0.8110,0.9824,0.7663,0.0142
9,1,8,4,0.7950,0.8426,0.9909,0.7557,0.0300
9,1,8,5,0.8357,0.8484,0.9854,0.8098,0.0357
9,1,8,6,0.8140,0.8076,0.9757,0.7893,0.0493
9,1,8,7,0.5634,0.7523,0.8639,0.3925,0.0478
9,1,8,8,0.6571,0.8035,0.8945,0.5368,0.0406
9,1,8,9,0.7871,0.8026,0.9935,0.7267,0.0198
9,1,8,10,0.8068,0.8237,0.9864,0.7716,0.0290
9,1,8,11,0.7415,0.8062,0.9861,0.6711,0.0182
9,1,9,0,0.7623,0.8235,0.9934,0.7015,0.0067
9,1,9,1,1.0000,1.0000,1.0000,1.0000,0.0000
9,1,9,2,0.8005,0.8396,0.9374,0.7375,0.0223
9,1,9,3,0.7423,0.8210,0.9803,0.6782,0.0138
9,1,9,4,0.8411,0.8648,0.9929,0.8052,0.0192
9,1,9,5,0.7558,0.8534,0.9164,0.6749,0.0365
9,1,9,6,0.8443,0.8361,0.9794,0.8202,0.0397
9,1,9,7,0.8085,0.8158,0.9790,0.7807,0.0410
9,1,9,8,0.6542,0.7349,0.8663,0.5257,0.0440
9,1,9,9,0.8162,0.8022,0.9727,0.7944,0.0554
9,1,9,10,0.7244,0.8326,0.9496,0.6301,0.0376
9,1,9,11,0.7989,0.8866,0.9875,0.7370,0.0153
9,1,10,0,0.5851,0.6364,0.6812,0.4082,0.0540
9,1,10,1,0.3935,0.6635,0.8699,0.2153,0.0156
9,1,10,2,0.5655,0.7150,0.8431,0.3949,0.0387
9,1,10,3,0.6460,0.6655,0.7512,0.5300,0.0208
9,1,10,4,0.6454,0.7132,0.8932,0.5302,0.0190
9,1,10,5,0.4053,0.6733,0.8348,0.2135,0.0149
9,1,10,6,0.4875,0.7012,0.8624,0.3267,0.0171
9,1,10,7,0.6228,0.6893,0.7164,0.4771,0.0397
9,1,10,8,0.7044,0.6650,0.7066,0.6127,0.0190
9,1,10,9,0.4621,0.6204,0.8474,0.2824,0.0252
9,1,10,10,0.5254,0.6253,0.9896,0.3876,0.0145
9,1,10,11,0.3520,0.6706,0.7801,0.0387,0.0504
9,1,11,0,0.5543,0.6182,0.7281,0.4316,0.0248
9,1,11,1,0.5595,0.6055,0.7343,0.4356,0.0242
9,1,11,2,0.5210,0.6083,0.7439,0.3310,0.0384
9,1,11,3,0.5809,0.6007,0.7181,0.4625,0.0220
9,1,11,4,0.5727,0.6036,0.7269,0.4430,0.0210
9,1,11,5,0.6194,0.6150,0.7242,0.5004,0.0221
9,1,11,6,0.5672,0.6440,0.7579,0.4240,0.0228
9,1,11,7,0.5435,0.6034,0.7070,0.4175,0.0249
9,1,11,8,0.4428,0.5688,0.8937,0.2367,0.0321
9,1,11,9,0.4755,0.6130,0.7779,0.2522,0.0423
9,1,11,10,0.5578,0.6136,0.7528,0.4114,0.0195
9,1,11,11,0.5319,0.6006,0.7191,0.4113,0.0304
9,2,0,0,0.5264,0.6742,0.7717,0.0883,0.0547
9,2,0,1,0.3372,0.6695,0.9615,-0.0190,0.0264
9,2,0,2,0.3975,0.5384,0.9284,0.1897,0.0238
9,2,0,3,0.2283,0.5377,0.9327,-0.0391,0.0236
9,2,0,4,0.5149,0.6859,0.9127,0.2093,0.0430
9,2,0,5,0.3983,0.6806,0.9732,0.0834,0.0248
9,2,0,6,0.4156,0.6718,0.8381,-0.0500,0.0422
9,2,0,7,0.4006,0.6960,0.9484,0.0603,0.0207
9,2,0,8,0.3534,0.7091,0.8912,-0.1182,0.0349
9,2,0,9,0.3865,0.6195,0.9665,0.0667,0.0179
9,2,0,10,0.2822,0.5445,0.8929,0.0625,0.0323
9,2,0,11,0.3561,0.5867,0.9420,0.0597,0.0174
9,2,1,0,0.6210,0.8269,0.9853,0.4536,0.0119
9,2,1,1,0.3039,0.5100,0.8764,0.0863,0.0291
9,2,1,2,0.3869,0.6316,0.9490,0.1482,0.0138
9,2,1,3,0.5042,0.6510,0.9705,0.2510,0.0220
9,2,1,4,0.3395,0.5273,0.8436,0.1670,0.0450
9,2,1,5,0.5754,0.7345,0.9892,0.3891,0.0072
9,2,1,6,0.4056,0.4893,0.8298,0.2975,0.0781
9,2,1,7,0.4947,0.6378,0.9326,0.3437,0.0347
9,2,1,8,0.6566,0.8076,0.9751,0.4673,0.0173
9,2,1,9,0.6636,0.7315,0.9545,0.5343,0.0143
9,2,1,10,0.4689,0.6256,0.9682,0.2508,0.0169
9,2,1,11,0.3585,0.5572,0.9315,0.0669,0.0054
9,2,2,0,0.1180,0.4118,0.7863,-0.0547,0.0859
9,2,2,1,0.4408,0.5737,0.8556,0.2866,0.0425
9,2,2,2,0.5227,0.6230,0.9072,0.3957,0.0410
9,2,2,3,0.6037,0.7401,0.9583,0.4619,0.0168
9,2,2,4,0.5348,0.7129,0.9853,0.3250,0.0083
9,2,2,5,0.5208,0.7052,0.9783,0.2745,0.0215
9,2,2,6,0.4165,0.5528,0.9277,0.1818,0.0122
9,2,2,7,0.4842,0.6702,0.9837,0.2489,0.0221
9,2,2,8,0.5393,0.6904,0.9621,0.3353,0.0178
9,2,2,9,0.1243,0.4153,0.7878,-0.0492,0.0840
9,2,2,10,0.4179,0.5590,0.9406,0.2294,0.0316
9,2,2,11,0.3706,0.5855,0.9564,0.1236,0.0181
9,2,3,0,0.6697,0.7891,0.9170,0.5630,0.0383
9,2,3,1,0.6917,0.8381,0.9894,0.5320,0.0173
9,2,3,2,0.6258,0.7885,0.9813,0.4505,0.0143
9,2,3,3,0.6813,0.7259,0.9957,0.5272,0.0163
9,2,3,4,0.5180,0.6677,0.9654,0.2682,0.0215
9,2,3,5,0.2469,0.4901,0.8643,0.0496,0.0504
9,2,3,6,0.7693,0.8584,0.9897,0.6519,0.0140
9,2,3,7,0.7347,0.8105,0.9937,0.6052,0.0095
9,2,3,8,0.4745,0.7191,0.9813,0.2376,0.0128
9,2,3,9,0.2651,0.4942,0.8542,0.0711,0.0450
9,2,3,10,0.5380,0.6539,0.9071,0.3580,0.0141
9,2,3,11,0.4734,0.6570,0.9601,0.2665,0.0171
9,2,4,0,0.6481,0.8418,0.9316,0.5481,0.0304
9,2,4,1,0.6572,0.8041,0.9602,0.4776,0.0186
9,2,4,2,0.7033,0.8193,0.9603,0.6008,0.0220
9,2,4,3,0.6404,0.7089,0.8495,0.5903,0.0737
9,2,4,4,0.5627,0.7025,0.9462,0.3757,0.0171
9,2,4,5,0.6819,0.7306,0.8824,0.6012,0.0346
9,2,4,6,0.6101,0.8085,0.9129,0.5016,0.0320
9,2,4,7,0.6067,0.6727,0.8480,0.5228,0.0539
9,2,4,8,0.7589,0.8000,0.9113,0.6973,0.0324
9,2,4,9,0.7588,0.8178,0.9586,0.6702,0.0178
9,2,4,10,0.6573,0.7502,0.9273,0.5496,0.0204
9,2,4,11,0.6331,0.7378,0.8958,0.5483,0.0471
9,2,5,0,0.7019,0.7532,0.8868,0.6336,0.0422
9,2,5,1,0.6362,0.6923,0.8382,0.5806,0.0702
9,2,5,2,0.7134,0.8024,0.9779,0.6128,0.0167
9,2,5,3,0.6446,0.7737,0.9269,0.5369,0.0253
9,2,5,4,0.7317,0.8214,0.9792,0.6364,0.0185
9,2,5,5,0.6684,0.7188,0.8577,0.6182,0.0693
9,2,5,6,0.6001,0.6776,0.8396,0.5257,0.0653
9,2,5,7,0.7196,0.7594,0.8637,0.6689,0.0491
9,2,5,8,0.7254,0.7952,0.9471,0.6318,0.0152
9,2,5,9,0.5059,0.6421,0.8878,0.3799,0.0451
9,2,5,10,0.5770,0.7026,0.9267,0.4420,0.0265
9,2,5,11,0.7189,0.7568,0.9024,0.6606,0.0457
9,2,6,0,0.5788,0.7122,0.8461,0.4978,0.0573
9,2,6,1,0.7166,0.7905,0.9246,0.6210,0.0166
9,2,6,2,0.5292,0.6972,0.9137,0.3897,0.0321
9,2,6,3,0.5885,0.6880,0.8538,0.5017,0.0548
9,2,6,4,0.6058,0.7443,0.8862,0.4999,0.0365
9,2,6,5,0.6332,0.7636,0.8781,0.5297,0.0286
9,2,6,6,0.6751,0.7547,0.9038,0.5828,0.0285
9,2,6,7,0.6532,0.7591,0.9598,0.5094,0.0108
9,2,6,8,0.7599,0.8162,0.9336,0.6856,0.0265
9,2,6,9,0.4928,0.6486,0.9081,0.3352,0.0278
9,2,6,10,0.5905,0.7562,0.8679,0.4938,0.0483
9,2,6,11,0.4612,0.6701,0.8672,0.3164,0.0458
9,2,7,0,0.6601,0.8024,0.9620,0.5463,0.0183
9,2,7,1,0.6836,0.7492,0.9057,0.6006,0.0330
9,2,7,2,0.6702,0.7579,0.9166,0.5857,0.0392
9,2,7,3,0.6570,0.7137,0.8572,0.5940,0.0613
9,2,7,4,0.5530,0.7103,0.8584,0.4471,0.0494
9,2,7,5,0.6684,0.7990,0.9712,0.5352,0.0111
9,2,7,6,0.6423,0.7094,0.8437,0.5858,0.0706
9,2,7,7,0.5852,0.7100,0.8530,0.5195,0.0754
9,2,7,8,0.8098,0.8815,0.9663,0.7495,0.0217
9,2,7,9,0.5840,0.6745,0.8817,0.4846,0.0492
9,2,7,10,0.6143,0.7016,0.8578,0.5318,0.0531
9,2,7,11,0.6024,0.7631,0.8736,0.5270,0.0622
9,2,8,0,0.7914,0.8268,0.8914,0.7483,0.0404
9,2,8,1,0.7154,0.7943,0.9573,0.6270,0.0296
9,2,8,2,0.6277,0.6788,0.8340,0.5779,0.0805
9,2,8,3,0.7237,0.7804,0.9301,0.6467,0.0307
9,2,8,4,0.6312,0.7293,0.8839,0.5474,0.0498
9,2,8,5,0.6791,0.7470,0.8711,0.6192,0.0556
9,2,8,6,0.6439,0.7181,0.8521,0.5852,0.0693
9,2,8,7,0.5968,0.7883,0.9533,0.3749,0.0275
9,2,8,8,0.6478,0.8090,0.9799,0.4747,0.0202
9,2,8,9,0.7316,0.7860,0.9411,0.6370,0.0162
9,2,8,10,0.6946,0.7732,0.8751,0.6329,0.0463
9,2,8,11,0.7333,0.8480,0.9708,0.6455,0.0184
9,2,9,0,0.6358,0.7866,0.9200,0.5227,0.0269
9,2,9,1,0.8005,0.8396,0.9374,0.7375,0.0223
9,2,9,2,1.0000,1.0000,1.0000,1.0000,0.0000
9,2,9,3,0.6187,0.8415,0.9511,0.5036,0.0314
9,2,9,4,0.7307,0.8085,0.9298,0.6622,0.0376
9,2,9,5,0.7549,0.8771,0.9886,0.6352,0.0175
9,2,9,6,0.6837,0.7505,0.8720,0.6256,0.0592
9,2,9,7,0.6232,0.7299,0.8521,0.5547,0.0609
9,2,9,8,0.6087,0.7465,0.9679,0.3916,0.0222
9,2,9,9,0.6367,0.6976,0.8448,0.5808,0.0754
9,2,9,10,0.7226,0.8332,0.9736,0.5825,0.0177
9,2,9,11,0.7506,0.8754,0.9803,0.6470,0.0118
9,2,10,0,0.7081,0.7722,0.8863,0.5290,0.0318
9,2,10,1,0.5624,0.8025,0.9462,0.3983,0.0231
9,2,10,2,0.7289,0.8406,0.9692,0.5819,0.0186
9,2,10,3,0.7386,0.7954,0.8945,0.6241,0.0168
9,2,10,4,0.7502,0.8233,0.9744,0.6423,0.0153
9,2,10,5,0.5809,0.8072,0.9422,0.4053,0.0115
9,2,10,6,0.6687,0.8229,0.9488,0.5342,0.0173
9,2,10,7,0.7499,0.8342,0.9096,0.6118,0.0182
9,2,10,8,0.7242,0.7826,0.8582,0.6122,0.0231
9,2,10,9,0.5692,0.7766,0.9543,0.3804,0.0231
9,2,10,10,0.5490,0.6649,0.9467,0.3821,0.0196
9,2,10,11,0.4891,0.7983,0.9380,0.1591,0.0286
9,2,11,0,0.6714,0.7733,0.8417,0.5595,0.0368
9,2,11,1,0.6712,0.7619,0.8503,0.5559,0.0351
9,2,11,2,0.6469,0.7644,0.9204,0.4547,0.0173
9,2,11,3,0.6772,0.7606,0.8399,0.5634,0.0334
9,2,11,4,0.6783,0.7638,0.8573,0.5530,0.0260
9,2,11,5,0.7040,0.7677,0.8728,0.5836,0.0263
9,2,11,6,0.7036,0.7944,0.8942,0.5737,0.0184
9,2,11,7,0.6790,0.7627,0.8296,0.5696,0.0373
9,2,11,8,0.5531,0.6977,0.9892,0.3328,0.0145
9,2,11,9,0.6026,0.7627,0.9462,0.3712,0.0213
9,2,11,10,0.6890,0.7665,0.8928,0.5529,0.0131
9,2,11,11,0.6602,0.7546,0.8241,0.5547,0.0444
9,3,0,0,0.4569,0.5344,0.5460,0.1745,0.0776
9,3,0,1,0.2394,0.5160,0.8683,-0.0463,0.0487
9,3,0,2,0.1849,0.3702,0.9594,-0.0197,0.0177
9,3,0,3,0.1478,0.3998,0.9673,-0.0654,0.0148
9,3,0,4,0.3632,0.5568,0.7535,0.0917,0.0638
9,3,0,5,0.4150,0.5942,0.8988,0.2079,0.0495
9,3,0,6,0.3347,0.5233,0.6360,-0.0153,0.0687
9,3,0,7,0.4076,0.5638,0.8507,0.1834,0.0473
9,3,0,8,0.3490,0.5673,0.7176,0.0395,0.0619
9,3,0,9,0.2713,0.4643,0.9055,0.0063,0.0409
9,3,0,10,0.2765,0.4802,0.9452,0.1145,0.0111
9,3,0,11,0.2400,0.4740,0.9261,-0.0071,0.0384
9,3,1,0,0.3390,0.6870,0.9466,0.1336,0.0302
9,3,1,1,0.1939,0.3749,0.9335,0.0096,0.0116
9,3,1,2,0.2094,0.4784,0.9344,-0.0115,0.0267
9,3,1,3,0.2813,0.4512,0.8982,0.0248,0.0434
9,3,1,4,0.1310,0.3222,0.9218,-0.0400,0.0168
9,3,1,5,0.4145,0.5390,0.9617,0.2349,0.0290
9,3,1,6,0.0927,0.2445,0.9473,-0.0465,0.0488
9,3,1,7,0.2057,0.3917,0.9794,0.0268,0.0078
9,3,1,8,0.5183,0.6123,0.8731,0.3457,0.0456
9,3,1,9,0.3779,0.4863,0.9748,0.2052,0.0199
9,3,1,10,0.2508,0.4006,0.9446,0.0313,0.0312
9,3,1,11,0.3637,0.4510,0.9198,0.1615,0.0310
9,3,2,0,0.1491,0.3437,0.8742,0.0272,0.0565
9,3,2,1,0.2238,0.3734,0.9378,0.0612,0.0123
9,3,2,2,0.1882,0.3470,0.9707,0.0195,0.0136
9,3,2,3,0.3729,0.5117,0.9780,0.2086,0.0144
9,3,2,4,0.3200,0.4972,0.9490,0.1045,0.0293
9,3,2,5,0.3358,0.4827,0.9058,0.0995,0.0441
9,3,2,6,0.4145,0.4285,0.9347,0.2473,0.0253
9,3,2,7,0.2479,0.4416,0.9144,0.0056,0.0394
9,3,2,8,0.3644,0.5243,0.9225,0.1669,0.0353
9,3,2,9,0.1567,0.3480,0.8753,0.0345,0.0547
9,3,2,10,0.1798,0.3805,0.9687,-0.0155,0.0086
9,3,2,11,0.2303,0.3851,0.9453,0.0139,0.0343
9,3,3,0,0.7623,0.7838,0.9744,0.7041,0.0346
9,3,3,1,0.6699,0.7387,0.9187,0.5672,0.0435
9,3,3,2,0.6122,0.7242,0.9297,0.4924,0.0360
9,3,3,3,0.5175,0.6565,0.9468,0.3607,0.0373
9,3,3,4,0.5564,0.6236,0.8739,0.4077,0.0457
9,3,3,5,0.1388,0.3874,0.9342,-0.0282,0.0223
9,3,3,6,0.7357,0.7917,0.9191,0.6598,0.0422
9,3,3,7,0.5205,0.6268,0.9324,0.3635,0.0371
9,3,3,8,0.5284,0.6178,0.9425,0.3830,0.0335
9,3,3,9,0.2065,0.3708,0.9299,0.0513,0.0204
9,3,3,10,0.3940,0.5512,0.9115,0.2250,0.0216
9,3,3,11,0.4039,0.5222,0.9770,0.2368,0.0269
9,3,4,0,0.8106,0.8611,0.9799,0.7680,0.0099
9,3,4,1,0.6125,0.7827,0.8776,0.4857,0.0428
9,3,4,2,0.7783,0.8917,0.9824,0.7218,0.0178
9,3,4,3,0.8883,0.8929,0.9630,0.8792,0.0442
9,3,4,4,0.4404,0.6380,0.9012,0.2726,0.0365
9,3,4,5,0.5994,0.7381,0.9622,0.5145,0.0134
9,3,4,6,0.8143,0.8425,0.9642,0.7737,0.0098
9,3,4,7,0.7386,0.7942,0.9359,0.6922,0.0239
9,3,4,8,0.7957,0.8960,0.9756,0.7506,0.0093
9,3,4,9,0.8081,0.8919,0.9787,0.7581,0.0194
9,3,4,10,0.6816,0.7447,0.9669,0.6051,0.0188
9,3,4,11,0.7379,0.8459,0.9677,0.6875,0.0198
9,3,5,0,0.7184,0.8368,0.9709,0.6619,0.0133
9,3,5,1,0.8710,0.8790,0.9499,0.8571,0.0411
9,3,5,2,0.6988,0.8641,0.9774,0.6210,0.0213
9,3,5,3,0.7485,0.8157,0.9692,0.6897,0.0119
9,3,5,4,0.8039,0.9074,0.9905,0.7534,0.0172
9,3,5,5,0.8840,0.8988,0.9643,0.8711,0.0397
9,3,5,6,0.8284,0.8393,0.9442,0.8036,0.0336
9,3,5,7,0.7872,0.8827,0.9613,0.7502,0.0217
9,3,5,8,0.6927,0.8260,0.9636,0.6143,0.0217
9,3,5,9,0.5019,0.6787,0.9576,0.4026,0.0189
9,3,5,10,0.6302,0.7043,0.9714,0.5415,0.0152
9,3,5,11,0.7970,0.8574,0.9747,0.7586,0.0190
9,3,6,0,0.8192,0.8726,0.9425,0.7925,0.0318
9,3,6,1,0.6721,0.7788,0.9486,0.5890,0.0235
9,3,6,2,0.7944,0.8352,0.9760,0.7482,0.0081
9,3,6,3,0.7857,0.8330,0.9472,0.7494,0.0261
9,3,6,4,0.8036,0.8375,0.9500,0.7620,0.0111
9,3,6,5,0.7101,0.8460,0.9469,0.6455,0.0157
9,3,6,6,0.7376,0.8282,0.9679,0.6781,0.0146
9,3,6,7,0.6980,0.8386,0.9505,0.6129,0.0289
9,3,6,8,0.8191,0.8696,0.9817,0.7751,0.0082
9,3,6,9,0.6524,0.7388,0.9785,0.5716,0.0106
9,3,6,10,0.8301,0.8244,0.9471,0.7985,0.0176
9,3,6,11,0.6764,0.7164,0.9357,0.6103,0.0207
9,3,7,0,0.7685,0.8433,0.9917,0.7107,0.0164
9,3,7,1,0.7199,0.8121,0.9675,0.6593,0.0106
9,3,7,2,0.8065,0.8858,0.9796,0.7658,0.0121
9,3,7,3,0.8835,0.8888,0.9630,0.8669,0.0304
9,3,7,4,0.6958,0.7431,0.9392,0.6383,0.0215
9,3,7,5,0.6345,0.7533,0.9548,0.5319,0.0294
9,3,7,6,0.9023,0.8974,0.9558,0.8929,0.0402
9,3,7,7,0.9028,0.9128,0.9615,0.8958,0.0447
9,3,7,8,0.7152,0.8831,0.9730,0.6439,0.0171
9,3,7,9,0.7284,0.7940,0.9678,0.6762,0.0182
9,3,7,10,0.5719,0.7484,0.9412,0.4931,0.0228
9,3,7,11,0.8876,0.9148,0.9659,0.8729,0.0318
9,3,8,0,0.8436,0.9007,0.9721,0.8120,0.0124
9,3,8,1,0.8638,0.9094,0.9969,0.8310,0.0114
9,3,8,2,0.8884,0.8761,0.9513,0.8808,0.0504
9,3,8,3,0.8054,0.8758,0.9847,0.7611,0.0090
9,3,8,4,0.8199,0.8666,0.9624,0.7864,0.0191
9,3,8,5,0.8466,0.8904,0.9641,0.8220,0.0251
9,3,8,6,0.9076,0.9025,0.9609,0.8982,0.0380
9,3,8,7,0.4788,0.6845,0.8376,0.2896,0.0526
9,3,8,8,0.5739,0.7543,0.8852,0.4365,0.0454
9,3,8,9,0.7405,0.8289,0.9699,0.6734,0.0214
9,3,8,10,0.8160,0.8850,0.9648,0.7830,0.0207
9,3,8,11,0.7844,0.8688,0.9959,0.7306,0.0230
9,3,9,0,0.8096,0.8625,0.9686,0.7644,0.0134
9,3,9,1,0.7423,0.8210,0.9803,0.6782,0.0138
9,3,9,2,0.6187,0.8415,0.9511,0.5036,0.0314
9,3,9,3,1.0000,1.0000,1.0000,1.0000,0.0000
9,3,9,4,0.8710,0.9062,0.9933,0.8431,0.0082
9,3,9,5,0.7064,0.8505,0.9125,0.6190,0.0369
9,3,9,6,0.8923,0.9004,0.9739,0.8763,0.0281
9,3,9,7,0.8642,0.8844,0.9542,0.8455,0.0312
9,3,9,8,0.6405,0.7108,0.8607,0.5236,0.0492
9,3,9,9,0.9016,0.8876,0.9571,0.8929,0.0442
9,3,9,10,0.6350,0.8317,0.9321,0.5191,0.0424
9,3,9,11,0.7595,0.8405,0.9829,0.6932,0.0241
9,3,10,0,0.5133,0.5937,0.7105,0.3170,0.0585
9,3,10,1,0.5019,0.7590,0.9177,0.3675,0.0291
9,3,10,2,0.5340,0.7470,0.8719,0.3690,0.0469
9,3,10,3,0.6944,0.7624,0.8464,0.6060,0.0319
9,3,10,4,0.5367,0.6575,0.9446,0.3983,0.0290
9,3,10,5,0.5297,0.7929,0.8966,0.3923,0.0245
9,3,10,6,0.4646,0.7462,0.9153,0.3106,0.0288
9,3,10,7,0.6758,0.7590,0.7878,0.5753,0.0490
9,3,10,8,0.7869,0.7921,0.8139,0.7292,0.0310
9,3,10,9,0.5673,0.7198,0.9024,0.4376,0.0368
9,3,10,10,0.3835,0.4856,0.9676,0.2183,0.0249
9,3,10,11,0.3778,0.6833,0.7897,0.1097,0.0551
9,3,11,0,0.6788,0.7728,0.8356,0.5975,0.0347
9,3,11,1,0.7092,0.7569,0.8427,0.6343,0.0342
9,3,11,2,0.6014,0.7015,0.8215,0.4675,0.0425
9,3,11,3,0.7161,0.7601,0.8297,0.6428,0.0328
9,3,11,4,0.7065,0.7565,0.8347,0.6266,0.0301
9,3,11,5,0.7516,0.7474,0.8292,0.6833,0.0313
9,3,11,6,0.6783,0.7638,0.8512,0.5846,0.0333
9,3,11,7,0.6881,0.7701,0.8183,0.6090,0.0347
9,3,11,8,0.5661,0.6307,0.9288,0.4256,0.0389
9,3,11,9,0.5456,0.6760,0.8311,0.3809,0.0477
9,3,11,10,0.6550,0.7447,0.8474,0.5539,0.0302
9,3,11,11,0.6793,0.7724,0.8293,0.6027,0.0369
9,4,0,0,0.4709,0.4963,0.5036,0.2499,0.0839
9,4,0,1,0.3270,0.4962,0.8594,0.0968,0.0538
9,4,0,2,0.1787,0.3340,0.9695,-0.0147,0.0232
9,4,0,3,0.1384,0.3724,0.9681,-0.0638,0.0196
9,4,0,4,0.3564,0.4950,0.7303,0.1038,0.0688
9,4,0,5,0.3116,0.5333,0.8898,0.0802,0.0546
9,4,0,6,0.3466,0.4830,0.5986,0.0371,0.0735
9,4,0,7,0.3720,0.5188,0.8452,0.1504,0.0533
9,4,0,8,0.3265,0.5278,0.6872,0.0288,0.0671
9,4,0,9,0.2533,0.4307,0.9048,0.0000,0.0463
9,4,0,10,0.2451,0.4629,0.9566,0.0863,0.0117
9,4,0,11,0.2337,0.4384,0.9366,0.0011,0.0442
9,4,1,0,0.2747,0.6606,0.9304,0.0634,0.0378
9,4,1,1,0.1646,0.3595,0.9589,-0.0148,0.0148
9,4,1,2,0.1939,0.4222,0.9411,-0.0170,0.0310
9,4,1,3,0.2605,0.4331,0.8957,0.0141,0.0491
9,4,1,4,0.0977,0.3103,0.9514,-0.0693,0.0116
9,4,1,5,0.4036,0.5147,0.9571,0.2336,0.0349
9,4,1,6,0.0809,0.2387,0.9734,-0.0519,0.0410
9,4,1,7,0.1972,0.3753,0.9932,0.0274,0.0081
9,4,1,8,0.4875,0.6053,0.8553,0.3179,0.0519
9,4,1,9,0.3749,0.4972,0.9852,0.2131,0.0265
9,4,1,10,0.2178,0.3679,0.9460,0.0031,0.0358
9,4,1,11,0.3547,0.4426,0.9329,0.1639,0.0374
9,4,2,0,0.1165,0.3436,0.9088,-0.0033,0.0484
9,4,2,1,0.1888,0.3682,0.9698,0.0291,0.0077
9,4,2,2,0.1833,0.3379,0.9894,0.0238,0.0090
9,4,2,3,0.3711,0.5125,0.9863,0.2171,0.0208
9,4,2,4,0.3155,0.4822,0.9457,0.1135,0.0353
9,4,2,5,0.3341,0.4548,0.8992,0.1145,0.0497
9,4,2,6,0.4207,0.4303,0.9452,0.2669,0.0317
9,4,2,7,0.2465,0.4190,0.9053,0.0200,0.0440
9,4,2,8,0.3777,0.4956,0.9291,0.1983,0.0416
9,4,2,9,0.1218,0.3468,0.9099,0.0013,0.0465
9,4,2,10,0.1743,0.3470,0.9771,-0.0104,0.0116
9,4,2,11,0.2257,0.3595,0.9565,0.0219,0.0384
9,4,3,0,0.7750,0.8196,0.9920,0.7241,0.0377
9,4,3,1,0.6371,0.7181,0.9068,0.5339,0.0492
9,4,3,2,0.5926,0.6954,0.9262,0.4775,0.0421
9,4,3,3,0.5769,0.6359,0.9348,0.4543,0.0445
9,4,3,4,0.5933,0.6194,0.8672,0.4731,0.0516
9,4,3,5,0.1225,0.3564,0.9581,-0.0376,0.0175
9,4,3,6,0.7398,0.7981,0.9030,0.6767,0.0490
9,4,3,7,0.5615,0.6252,0.9200,0.4327,0.0445
9,4,3,8,0.5300,0.5931,0.9378,0.3969,0.0399
9,4,3,9,0.2109,0.3575,0.9582,0.0657,0.0153
9,4,3,10,0.4173,0.5345,0.9302,0.2661,0.0288
9,4,3,11,0.3483,0.4913,0.9819,0.1775,0.0331
9,4,4,0,0.8785,0.9081,0.9934,0.8529,0.0106
9,4,4,1,0.7229,0.7747,0.8743,0.6538,0.0489
9,4,4,2,0.8714,0.9020,0.9864,0.8426,0.0231
9,4,4,3,0.9511,0.9568,0.9821,0.9499,0.0368
9,4,4,4,0.5725,0.6026,0.9096,0.4568,0.0425
9,4,4,5,0.7142,0.7548,0.9848,0.6570,0.0125
9,4,4,6,0.8200,0.8526,0.9835,0.7829,0.0098
9,4,4,7,0.8456,0.8548,0.9652,0.8198,0.0168
9,4,4,8,0.9135,0.9261,0.9904,0.8955,0.0104
9,4,4,9,0.8934,0.9356,0.9864,0.8706,0.0244
9,4,4,10,0.7952,0.8134,0.9850,0.7497,0.0221
9,4,4,11,0.8508,0.8712,0.9868,0.8236,0.0154
9,4,5,0,0.8600,0.8966,0.9905,0.8334,0.0090
9,4,5,1,0.9466,0.9462,0.9753,0.9434,0.0338
9,4,5,2,0.8454,0.8742,0.9747,0.8102,0.0254
9,4,5,3,0.8576,0.8831,0.9868,0.8267,0.0154
9,4,5,4,0.8895,0.9288,0.9845,0.8654,0.0219
9,4,5,5,0.9598,0.9608,0.9845,0.9579,0.0320
9,4,5,6,0.8925,0.9050,0.9715,0.8781,0.0277
9,4,5,7,0.9204,0.9464,0.9848,0.9079,0.0146
9,4,5,8,0.8218,0.8433,0.9732,0.7809,0.0262
9,4,5,9,0.5990,0.6923,0.9791,0.5235,0.0154
9,4,5,10,0.7139,0.7381,0.9853,0.6500,0.0174
9,4,5,11,0.8990,0.8802,0.9924,0.8809,0.0119
9,4,6,0,0.8862,0.9084,0.9710,0.8705,0.0243
9,4,6,1,0.8124,0.8126,0.9694,0.7693,0.0263
9,4,6,2,0.7565,0.7734,0.9916,0.7051,0.0100
9,4,6,3,0.8685,0.8871,0.9741,0.8474,0.0202
9,4,6,4,0.8886,0.8898,0.9747,0.8662,0.0097
9,4,6,5,0.8138,0.8663,0.9714,0.7749,0.0171
9,4,6,6,0.8423,0.8805,0.9855,0.8089,0.0145
9,4,6,7,0.8142,0.8623,0.9584,0.7709,0.0335
9,4,6,8,0.8909,0.9089,0.9941,0.8669,0.0130
9,4,6,9,0.6585,0.7582,0.9937,0.5842,0.0148
9,4,6,10,0.8614,0.8781,0.9749,0.8365,0.0124
9,4,6,11,0.6034,0.6429,0.9604,0.5266,0.0186
9,4,7,0,0.8441,0.8871,0.9928,0.8090,0.0216
9,4,7,1,0.8320,0.8389,0.9883,0.7978,0.0107
9,4,7,2,0.9090,0.9220,0.9926,0.8908,0.0079
9,4,7,3,0.9639,0.9626,0.9843,0.9603,0.0230
9,4,7,4,0.7432,0.7879,0.9672,0.6970,0.0169
9,4,7,5,0.7461,0.7830,0.9609,0.6835,0.0342
9,4,7,6,0.9601,0.9534,0.9790,0.9584,0.0328
9,4,7,7,0.8807,0.8788,0.9790,0.8683,0.0375
9,4,7,8,0.6758,0.8291,0.9418,0.6004,0.0214
9,4,7,9,0.7923,0.8374,0.9878,0.7543,0.0123
9,4,7,10,0.7157,0.7747,0.9672,0.6665,0.0187
9,4,7,11,0.8694,0.8694,0.9846,0.8506,0.0250
9,4,8,0,0.9278,0.9512,0.9914,0.9138,0.0068
9,4,8,1,0.9433,0.9568,0.9928,0.9314,0.0132
9,4,8,2,0.9465,0.9427,0.9756,0.9457,0.0426
9,4,8,3,0.8944,0.9184,0.9873,0.8719,0.0097
9,4,8,4,0.9251,0.9258,0.9855,0.9121,0.0113
9,4,8,5,0.9450,0.9571,0.9860,0.9375,0.0182
9,4,8,6,0.9478,0.9534,0.9830,0.9434,0.0304
9,4,8,7,0.5985,0.6521,0.8257,0.4779,0.0573
9,4,8,8,0.6984,0.7521,0.8693,0.6188,0.0496
9,4,8,9,0.8019,0.8423,0.9823,0.7558,0.0255
9,4,8,10,0.9102,0.9357,0.9860,0.8951,0.0141
9,4,8,11,0.7767,0.8348,0.9903,0.7254,0.0267
9,4,9,0,0.8624,0.8882,0.9833,0.8322,0.0164
9,4,9,1,0.8411,0.8648,0.9929,0.8052,0.0192
9,4,9,2,0.7307,0.8085,0.9298,0.6622,0.0376
9,4,9,3,0.8710,0.9062,0.9933,0.8431,0.0082
9,4,9,4,1.0000,1.0000,1.0000,1.0000,0.0000
9,4,9,5,0.8543,0.8609,0.8970,0.8309,0.0421
9,4,9,6,0.9438,0.9604,0.9900,0.9362,0.0202
9,4,9,7,0.9084,0.9300,0.9796,0.8964,0.0249
9,4,9,8,0.6601,0.6951,0.8387,0.5663,0.0551
9,4,9,9,0.9580,0.9543,0.9800,0.9566,0.0368
9,4,9,10,0.7650,0.8466,0.9314,0.7108,0.0489
9,4,9,11,0.8006,0.8659,0.9806,0.7535,0.0317
9,4,10,0,0.4880,0.5565,0.6611,0.2986,0.0646
9,4,10,1,0.4840,0.7274,0.8759,0.3544,0.0335
9,4,10,2,0.4731,0.7057,0.8303,0.2976,0.0528
9,4,10,3,0.6949,0.6918,0.7800,0.6156,0.0398
9,4,10,4,0.5423,0.6429,0.9061,0.4165,0.0355
9,4,10,5,0.4878,0.7496,0.8458,0.3485,0.0320
9,4,10,6,0.4248,0.7154,0.8708,0.2705,0.0352
9,4,10,7,0.6406,0.7005,0.7228,0.5385,0.0556
9,4,10,8,0.7943,0.7574,0.7433,0.7453,0.0366
9,4,10,9,0.5576,0.6699,0.8542,0.4355,0.0433
9,4,10,10,0.3336,0.4625,0.9760,0.1665,0.0308
9,4,10,11,0.3881,0.6211,0.7548,0.1488,0.0610
9,4,11,0,0.6687,0.7147,0.7689,0.5909,0.0361
9,4,11,1,0.6960,0.6908,0.7761,0.6237,0.0361
9,4,11,2,0.6258,0.6561,0.7581,0.5171,0.0487
9,4,11,3,0.7024,0.7005,0.7610,0.6315,0.0348
9,4,11,4,0.6981,0.6942,0.7660,0.6229,0.0356
9,4,11,5,0.7543,0.6965,0.7595,0.6938,0.0379
9,4,11,6,0.6702,0.7023,0.7869,0.5832,0.0403
9,4,11,7,0.6625,0.7117,0.7484,0.5831,0.0368
9,4,11,8,0.5759,0.5885,0.8923,0.4518,0.0446
9,4,11,9,0.5612,0.6358,0.7765,0.4214,0.0533
9,4,11,10,0.6693,0.6947,0.7814,0.5819,0.0378
9,4,11,11,0.6581,0.7120,0.7627,0.5819,0.0375
9,5,0,0,0.6389,0.7279,0.8325,0.3093,0.0417
9,5,0,1,0.4311,0.6900,0.9802,0.0966,0.0194
9,5,0,2,0.1925,0.5200,0.9132,-0.1130,0.0380
9,5,0,3,0.1921,0.5567,0.9144,-0.1123,0.0367
9,5,0,4,0.4352,0.7271,0.9556,0.0361,0.0298
9,5,0,5,0.3828,0.7168,0.9779,0.0290,0.0207
9,5,0,6,0.4701,0.6948,0.8907,0.0056,0.0324
9,5,0,7,0.4668,0.7096,0.9754,0.1348,0.0207
9,5,0,8,0.4769,0.7144,0.9364,0.0631,0.0263
9,5,0,9,0.3320,0.6134,0.9794,-0.0492,0.0071
9,5,0,10,0.3443,0.5933,0.8704,0.1301,0.0431
9,5,0,11,0.3067,0.5995,0.9450,-0.0411,0.0180
9,5,1,0,0.3314,0.7258,0.9651,0.0100,0.0265
9,5,1,1,0.2292,0.5119,0.8584,-0.0333,0.0407
9,5,1,2,0.2590,0.5982,0.9470,-0.0550,0.0154
9,5,1,3,0.3010,0.6126,0.9917,-0.0903,0.0112
9,5,1,4,0.1279,0.4634,0.8214,-0.1286,0.0510
9,5,1,5,0.3845,0.6242,0.9842,0.0908,0.0183
9,5,1,6,0.0912,0.3349,0.7913,-0.1165,0.0823
9,5,1,7,0.2121,0.5014,0.9106,-0.0523,0.0384
9,5,1,8,0.4961,0.7301,0.9958,0.1850,0.0139
9,5,1,9,0.3660,0.6076,0.9428,0.0992,0.0183
9,5,1,10,0.2670,0.5528,0.9703,-0.0608,0.0128
9,5,1,11,0.4075,0.6027,0.9340,0.1141,0.0164
9,5,2,0,0.2020,0.4577,0.7603,0.0400,0.0898
9,5,2,1,0.1799,0.4960,0.8397,-0.0758,0.0487
9,5,2,2,0.1831,0.4754,0.8831,-0.0692,0.0448
9,5,2,3,0.3415,0.6188,0.9436,0.0825,0.0271
9,5,2,4,0.3390,0.6272,0.9878,0.0145,0.0142
9,5,2,5,0.3829,0.6155,0.9967,0.0350,0.0133
9,5,2,6,0.4383,0.5676,0.9161,0.1938,0.0245
9,5,2,7,0.2859,0.5947,0.9967,-0.0691,0.0113
9,5,2,8,0.3821,0.6388,0.9720,0.0843,0.0232
9,5,2,9,0.2122,0.4632,0.7620,0.0508,0.0880
9,5,2,10,0.2247,0.5207,0.9189,-0.0516,0.0361
9,5,2,11,0.2523,0.5256,0.9580,-0.0671,0.0154
9,5,3,0,0.6453,0.7729,0.8937,0.5244,0.0533
9,5,3,1,0.6779,0.8322,0.9986,0.4934,0.0130
9,5,3,2,0.5430,0.7870,0.9899,0.3095,0.0181
9,5,3,3,0.6616,0.7811,0.9937,0.4825,0.0261
9,5,3,4,0.6104,0.7459,0.9909,0.3889,0.0158
9,5,3,5,0.1375,0.4883,0.8391,-0.1119,0.0590
9,5,3,6,0.6551,0.8347,0.9976,0.4598,0.0244
9,5,3,7,0.5318,0.7456,0.9968,0.2810,0.0191
9,5,3,8,0.5102,0.7098,0.9757,0.2701,0.0184
9,5,3,9,0.2742,0.4882,0.8294,0.0686,0.0550
9,5,3,10,0.5114,0.7176,0.9045,0.3061,0.0276
9,5,3,11,0.3490,0.6129,0.9517,0.0709,0.0260
9,5,4,0,0.8016,0.8727,0.9086,0.7547,0.0406
9,5,4,1,0.6832,0.8660,0.9839,0.4999,0.0101
9,5,4,2,0.7140,0.8574,0.9428,0.6110,0.0219
9,5,4,3,0.7498,0.7598,0.8068,0.7367,0.0789
9,5,4,4,0.6507,0.8035,0.9613,0.4897,0.0228
9,5,4,5,0.7729,0.8284,0.8650,0.7237,0.0444
9,5,4,6,0.7332,0.8679,0.8925,0.6650,0.0393
9,5,4,7,0.7391,0.7601,0.8233,0.6981,0.0593
9,5,4,8,0.8346,0.8744,0.8925,0.8019,0.0370
9,5,4,9,0.8154,0.8964,0.9478,0.7468,0.0201
9,5,4,10,0.7109,0.8227,0.9123,0.6192,0.0309
9,5,4,11,0.7377,0.8248,0.8663,0.6873,0.0564
9,5,5,0,0.8094,0.8408,0.8626,0.7793,0.0477
9,5,5,1,0.7795,0.7645,0.8028,0.7710,0.0754
9,5,5,2,0.8134,0.8806,0.9645,0.7493,0.0183
9,5,5,3,0.7357,0.8427,0.9103,0.6580,0.0303
9,5,5,4,0.7767,0.8766,0.9583,0.6959,0.0219
9,5,5,5,0.7911,0.7912,0.8192,0.7829,0.0732
9,5,5,6,0.7471,0.7380,0.8090,0.7199,0.0702
9,5,5,7,0.8073,0.8459,0.8325,0.7889,0.0534
9,5,5,8,0.7798,0.8688,0.9413,0.7044,0.0203
9,5,5,9,0.6189,0.7230,0.8641,0.5256,0.0550
9,5,5,10,0.6899,0.7908,0.9108,0.5907,0.0411
9,5,5,11,0.8161,0.8480,0.8750,0.7931,0.0494
9,5,6,0,0.6646,0.7728,0.8163,0.6105,0.0600
9,5,6,1,0.7446,0.8628,0.9204,0.6564,0.0213
9,5,6,2,0.5949,0.7241,0.8871,0.4715,0.0361
9,5,6,3,0.7514,0.7796,0.8264,0.7168,0.0617
9,5,6,4,0.7393,0.8213,0.8679,0.6773,0.0453
9,5,6,5,0.7413,0.8614,0.8592,0.6735,0.0413
9,5,6,6,0.7895,0.8465,0.8846,0.7370,0.0409
9,5,6,7,0.7801,0.8832,0.9642,0.6836,0.0136
9,5,6,8,0.7485,0.8487,0.9112,0.6687,0.0357
9,5,6,9,0.5857,0.7349,0.8868,0.4528,0.0381
9,5,6,10,0.7073,0.8223,0.8458,0.6477,0.0547
9,5,6,11,0.5265,0.6937,0.8424,0.3958,0.0573
9,5,7,0,0.7648,0.8671,0.9369,0.6869,0.0269
9,5,7,1,0.7470,0.8253,0.8884,0.6856,0.0391
9,5,7,2,0.8075,0.8441,0.8872,0.7706,0.0490
9,5,7,3,0.7968,0.7874,0.8215,0.7808,0.0656
9,5,7,4,0.6884,0.7693,0.8344,0.6244,0.0580
9,5,7,5,0.8135,0.8848,0.9722,0.7358,0.0177
9,5,7,6,0.7670,0.7695,0.8064,0.7522,0.0741
9,5,7,7,0.6723,0.7234,0.8083,0.6345,0.0798
9,5,7,8,0.6568,0.8295,0.9191,0.5355,0.0344
9,5,7,9,0.7020,0.7433,0.8536,0.6399,0.0550
9,5,7,10,0.7128,0.7827,0.8309,0.6621,0.0594
9,5,7,11,0.7069,0.7880,0.8356,0.6652,0.0679
9,5,8,0,0.7914,0.8695,0.8640,0.7522,0.0466
9,5,8,1,0.8379,0.8535,0.9286,0.7943,0.0344
9,5,8,2,0.7595,0.7424,0.7946,0.7529,0.0843
9,5,8,3,0.8220,0.8427,0.9049,0.7807,0.0381
9,5,8,4,0.7345,0.8033,0.8565,0.6848,0.0526
9,5,8,5,0.7825,0.8181,0.8372,0.7587,0.0602
9,5,8,6,0.7727,0.7850,0.8149,0.7570,0.0722
9,5,8,7,0.6359,0.8321,0.9844,0.4144,0.0198
9,5,8,8,0.7428,0.8900,0.9978,0.6042,0.0132
9,5,8,9,0.8002,0.8659,0.9327,0.7298,0.0245
9,5,8,10,0.7994,0.8577,0.8426,0.7748,0.0513
9,5,8,11,0.7628,0.8761,0.9419,0.6839,0.0287
9,5,9,0,0.8326,0.8836,0.9014,0.7895,0.0404
9,5,9,1,0.7558,0.8534,0.9164,0.6749,0.0365
9,5,9,2,0.7549,0.8771,0.9886,0.6352,0.0175
9,5,9,3,0.7064,0.8505,0.9125,0.6190,0.0369
9,5,9,4,0.8543,0.8609,0.8970,0.8309,0.0421
9,5,9,5,1.0000,1.0000,1.0000,1.0000,0.0000
9,5,9,6,0.7679,0.7893,0.8324,0.7396,0.0620
9,5,9,7,0.8120,0.8335,0.8182,0.8049,0.0675
9,5,9,8,0.7602,0.8365,0.9887,0.6142,0.0147
9,5,9,9,0.7769,0.7630,0.8065,0.7672,0.0782
9,5,9,10,0.8276,0.9199,0.9881,0.7316,0.0161
9,5,9,11,0.6979,0.8511,0.9643,0.5630,0.0251
9,5,10,0,0.5770,0.7455,0.9144,0.2574,0.0229
9,5,10,1,0.5131,0.7541,0.8974,0.3163,0.0382
9,5,10,2,0.5634,0.7814,0.9532,0.2952,0.0219
9,5,10,3,0.6379,0.7027,0.8429,0.4662,0.0317
9,5,10,4,0.5222,0.7503,0.9337,0.2979,0.0296
9,5,10,5,0.5294,0.7713,0.8941,0.3159,0.0266
9,5,10,6,0.5045,0.7882,0.8994,0.2863,0.0315
9,5,10,7,0.6365,0.7618,0.8906,0.4053,0.0236
9,5,10,8,0.7181,0.7260,0.8129,0.5958,0.0393
9,5,10,9,0.5785,0.7261,0.9161,0.3781,0.0389
9,5,10,10,0.3785,0.6260,0.9362,0.1278,0.0330
9,5,10,11,0.5340,0.8000,0.9646,0.2012,0.0211
9,5,11,0,0.6066,0.6964,0.7652,0.4630,0.0500
9,5,11,1,0.5995,0.6778,0.7778,0.4485,0.0485
9,5,11,2,0.6365,0.7451,0.8961,0.4167,0.0158
9,5,11,3,0.6400,0.6947,0.7661,0.5048,0.0466
9,5,11,4,0.6236,0.6962,0.7903,0.4661,0.0395
9,5,11,5,0.6711,0.7152,0.8157,0.5275,0.0415
9,5,11,6,0.5994,0.7152,0.8351,0.4092,0.0329
9,5,11,7,0.6120,0.6746,0.7544,0.4701,0.0501
9,5,11,8,0.5744,0.7050,0.9687,0.3447,0.0186
9,5,11,9,0.5995,0.7395,0.9332,0.3394,0.0154
9,5,11,10,0.6316,0.7349,0.8379,0.4570,0.0288
9,5,11,11,0.5919,0.6734,0.7432,0.4558,0.0570
9,6,0,0,0.4052,0.4065,0.3875,0.2073,0.1004
9,6,0,1,0.2050,0.4252,0.7992,-0.0247,0.0731
9,6,0,2,0.1621,0.2934,0.9602,-0.0030,0.0414
9,6,0,3,0.0775,0.2963,0.9578,-0.1044,0.0404
9,6,0,4,0.3609,0.4365,0.6411,0.1671,0.0870
9,6,0,5,0.2390,0.4654,0.8342,0.0267,0.0746
9,6,0,6,0.2826,0.4045,0.4926,0.0020,0.0930
9,6,0,7,0.3588,0.4559,0.7857,0.1795,0.0732
9,6,0,8,0.2509,0.4418,0.5926,-0.0258,0.0868
9,6,0,9,0.2388,0.3755,0.8570,0.0272,0.0644
9,6,0,10,0.2179,0.3957,0.9597,0.0801,0.0296
9,6,0,11,0.2022,0.3954,0.9108,0.0014,0.0656
9,6,1,0,0.2754,0.6195,0.8833,0.1023,0.0582
9,6,1,1,0.1652,0.3192,0.9638,0.0149,0.0320
9,6,1,2,0.1750,0.3778,0.9146,-0.0049,0.0504
9,6,1,3,0.2512,0.3862,0.8393,0.0473,0.0680
9,6,1,4,0.1069,0.2662,0.9668,-0.0323,0.0161
9,6,1,5,0.4109,0.4652,0.9113,0.2764,0.0551
9,6,1,6,0.1157,0.2493,0.9948,0.0078,0.0211
9,6,1,7,0.2185,0.3601,0.9812,0.0801,0.0241
9,6,1,8,0.5225,0.5691,0.7806,0.4101,0.0730
9,6,1,9,0.4211,0.4775,0.9623,0.2999,0.0466
9,6,1,10,0.2079,0.3244,0.9118,0.0275,0.0553
9,6,1,11,0.3528,0.3749,0.9104,0.1982,0.0579
9,6,2,0,0.0938,0.2793,0.9351,-0.0103,0.0281
9,6,2,1,0.2054,0.3311,0.9807,0.0739,0.0187
9,6,2,2,0.2112,0.3279,0.9877,0.0816,0.0179
9,6,2,3,0.3952,0.4982,0.9627,0.2739,0.0420
9,6,2,4,0.3316,0.4375,0.9003,0.1718,0.0563
9,6,2,5,0.3114,0.4034,0.8390,0.1273,0.0680
9,6,2,6,0.3982,0.3613,0.9293,0.2684,0.0522
9,6,2,7,0.2208,0.3699,0.8479,0.0270,0.0621
9,6,2,8,0.3747,0.4393,0.8890,0.2291,0.0622
9,6,2,9,0.1027,0.2828,0.9358,-0.0017,0.0262
9,6,2,10,0.1754,0.3156,0.9629,0.0210,0.0291
9,6,2,11,0.2004,0.3179,0.9262,0.0253,0.0566
9,6,3,0,0.8423,0.8386,0.9853,0.8176,0.0482
9,6,3,1,0.6625,0.6876,0.8452,0.6022,0.0696
9,6,3,2,0.6444,0.6592,0.8771,0.5751,0.0630
9,6,3,3,0.5683,0.5994,0.8810,0.4751,0.0646
9,6,3,4,0.6000,0.5692,0.8041,0.5171,0.0713
9,6,3,5,0.1025,0.3064,0.9685,-0.0354,0.0171
9,6,3,6,0.7881,0.7758,0.8368,0.7717,0.0699
9,6,3,7,0.5598,0.5787,0.8604,0.4636,0.0652
9,6,3,8,0.4893,0.5461,0.8940,0.3750,0.0605
9,6,3,9,0.2007,0.3349,0.9703,0.0767,0.0167
9,6,3,10,0.4333,0.4892,0.9166,0.3145,0.0485
9,6,3,11,0.3382,0.4415,0.9581,0.1958,0.0534
9,6,4,0,0.8641,0.8820,0.9824,0.8426,0.0293
9,6,4,1,0.6598,0.7021,0.8182,0.5990,0.0684
9,6,4,2,0.8533,0.8783,0.9654,0.8319,0.0413
9,6,4,3,0.9806,0.9839,0.9987,0.9792,0.0174
9,6,4,4,0.5496,0.5607,0.8721,0.4546,0.0620
9,6,4,5,0.6914,0.7109,0.9887,0.6405,0.0274
9,6,4,6,0.8063,0.8208,0.9784,0.7746,0.0275
9,6,4,7,0.8381,0.8593,0.9807,0.8141,0.0070
9,6,4,8,0.9014,0.9121,0.9876,0.8866,0.0274
9,6,4,9,0.9035,0.9222,0.9626,0.8953,0.0432
9,6,4,10,0.7852,0.7677,0.9729,0.7490,0.0415
9,6,4,11,0.8309,0.8610,0.9892,0.8047,0.0190
9,6,5,0,0.8264,0.8660,0.9943,0.7990,0.0182
9,6,5,1,0.9714,0.9854,0.9950,0.9683,0.0144
9,6,5,2,0.8330,0.8568,0.9436,0.8075,0.0438
9,6,5,3,0.8427,0.8545,0.9755,0.8175,0.0345
9,6,5,4,0.9018,0.9175,0.9522,0.8919,0.0402
9,6,5,5,0.9780,0.9871,0.9989,0.9755,0.0115
9,6,5,6,0.9259,0.9475,0.9909,0.9159,0.0138
9,6,5,7,0.8958,0.9347,0.9967,0.8804,0.0154
9,6,5,8,0.7763,0.7819,0.9546,0.7384,0.0450
9,6,5,9,0.5938,0.6701,0.9843,0.5296,0.0196
9,6,5,10,0.6855,0.6848,0.9775,0.6298,0.0367
9,6,5,11,0.8885,0.8495,0.9931,0.8715,0.0163
9,6,6,0,0.8917,0.9238,0.9874,0.8768,0.0174
9,6,6,1,0.7392,0.7420,0.9551,0.6933,0.0443
9,6,6,2,0.7712,0.7928,0.9887,0.7329,0.0277
9,6,6,3,0.8549,0.8826,0.9892,0.8337,0.0112
9,6,6,4,0.8743,0.8853,0.9785,0.8545,0.0253
9,6,6,5,0.7635,0.8434,0.9787,0.7240,0.0327
9,6,6,6,0.8326,0.8677,0.9861,0.8054,0.0316
9,6,6,7,0.8129,0.8500,0.9285,0.7873,0.0531
9,6,6,8,0.9129,0.9016,0.9833,0.9022,0.0332
9,6,6,9,0.6907,0.7438,0.9897,0.6369,0.0343
9,6,6,10,0.8809,0.8791,0.9841,0.8626,0.0148
9,6,6,11,0.5958,0.6209,0.9695,0.5303,0.0250
9,6,7,0,0.8387,0.8707,0.9664,0.8136,0.0415
9,6,7,1,0.7838,0.7911,0.9858,0.7483,0.0288
9,6,7,2,0.9219,0.9267,0.9896,0.9103,0.0206
9,6,7,3,0.9746,0.9834,0.9987,0.9710,0.0056
9,6,7,4,0.7590,0.7794,0.9796,0.7221,0.0181
9,6,7,5,0.7223,0.7485,0.9240,0.6729,0.0537
9,6,7,6,0.9771,0.9881,0.9972,0.9746,0.0119
9,6,7,7,0.8935,0.9114,0.9957,0.8809,0.0180
9,6,7,8,0.6461,0.7996,0.9031,0.5810,0.0417
9,6,7,9,0.8200,0.8507,0.9956,0.7922,0.0137
9,6,7,10,0.6904,0.7407,0.9808,0.6443,0.0162
9,6,7,11,0.8473,0.8775,0.9950,0.8261,0.0110
9,6,8,0,0.9413,0.9429,0.9955,0.9327,0.0200
9,6,8,1,0.9622,0.9671,0.9729,0.9609,0.0283
9,6,8,2,0.9882,0.9886,0.9961,0.9882,0.0221
9,6,8,3,0.9166,0.9226,0.9796,0.9049,0.0293
9,6,8,4,0.9242,0.9262,0.9906,0.9127,0.0121
9,6,8,5,0.9600,0.9587,0.9960,0.9542,0.0097
9,6,8,6,0.9828,0.9871,0.9984,0.9808,0.0100
9,6,8,7,0.5565,0.5906,0.7538,0.4578,0.0770
9,6,8,8,0.6696,0.6998,0.7984,0.6093,0.0694
9,6,8,9,0.8131,0.8196,0.9667,0.7834,0.0459
9,6,8,10,0.9065,0.9302,0.9954,0.8924,0.0170
9,6,8,11,0.7858,0.8058,0.9620,0.7498,0.0463
9,6,9,0,0.8401,0.8699,0.9783,0.8146,0.0342
9,6,9,1,0.8443,0.8361,0.9794,0.8202,0.0397
9,6,9,2,0.6837,0.7505,0.8720,0.6256,0.0592
9,6,9,3,0.8923,0.9004,0.9739,0.8763,0.0281
9,6,9,4,0.9438,0.9604,0.9900,0.9362,0.0202
9,6,9,5,0.7679,0.7893,0.8324,0.7396,0.0620
9,6,9,6,1.0000,1.0000,1.0000,1.0000,0.0000
9,6,9,7,0.9074,0.9302,0.9947,0.8947,0.0141
9,6,9,8,0.6048,0.6183,0.7678,0.5255,0.0754
9,6,9,9,0.9880,0.9900,0.9977,0.9871,0.0165
9,6,9,10,0.6843,0.7686,0.8828,0.6304,0.0695
9,6,9,11,0.7898,0.8451,0.9468,0.7584,0.0522
9,6,10,0,0.4821,0.4734,0.5550,0.3479,0.0841
9,6,10,1,0.4019,0.6764,0.8288,0.2787,0.0518
9,6,10,2,0.4508,0.6431,0.7561,0.3098,0.0734
9,6,10,3,0.6525,0.6571,0.7154,0.5852,0.0606
9,6,10,4,0.5229,0.5778,0.8479,0.4203,0.0560
9,6,10,5,0.4266,0.6969,0.7874,0.3003,0.0524
9,6,10,6,0.3819,0.6514,0.8188,0.2467,0.0566
9,6,10,7,0.6116,0.6478,0.6297,0.5368,0.0761
9,6,10,8,0.8049,0.7235,0.6815,0.7765,0.0567
9,6,10,9,0.5082,0.6193,0.7961,0.4008,0.0644
9,6,10,10,0.3804,0.4233,0.9592,0.2534,0.0504
9,6,10,11,0.2952,0.5278,0.6614,0.0645,0.0812
9,6,11,0,0.6287,0.6780,0.7199,0.5596,0.0499
9,6,11,1,0.6572,0.6605,0.7257,0.5936,0.0515
9,6,11,2,0.5646,0.5819,0.6719,0.4691,0.0692
9,6,11,3,0.6627,0.6599,0.7091,0.6001,0.0520
9,6,11,4,0.6596,0.6529,0.7096,0.5948,0.0556
9,6,11,5,0.7109,0.6431,0.6934,0.6588,0.0579
9,6,11,6,0.6357,0.6643,0.7211,0.5638,0.0615
9,6,11,7,0.6206,0.6863,0.6986,0.5497,0.0488
9,6,11,8,0.5124,0.5000,0.8297,0.4005,0.0651
9,6,11,9,0.5075,0.5593,0.6888,0.3877,0.0735
9,6,11,10,0.6168,0.6373,0.7178,0.5396,0.0583
9,6,11,11,0.6213,0.6857,0.7194,0.5533,0.0459
9,7,0,0,0.4132,0.4061,0.3666,0.2529,0.1075
9,7,0,1,0.2157,0.4354,0.8014,0.0025,0.0792
9,7,0,2,0.1049,0.3034,0.9642,-0.0635,0.0426
9,7,0,3,0.0663,0.3422,0.9506,-0.1093,0.0413
9,7,0,4,0.3620,0.4444,0.6323,0.1829,0.0931
9,7,0,5,0.2258,0.4741,0.8358,0.0207,0.0792
9,7,0,6,0.2931,0.3917,0.4754,0.0403,0.0988
9,7,0,7,0.3507,0.4561,0.7902,0.1803,0.0773
9,7,0,8,0.2891,0.4310,0.5793,0.0532,0.0927
9,7,0,9,0.2127,0.3517,0.8611,0.0039,0.0702
9,7,0,10,0.2688,0.4710,0.9651,0.1465,0.0311
9,7,0,11,0.1945,0.3888,0.9213,0.0020,0.0690
9,7,1,0,0.1646,0.5508,0.8752,-0.0292,0.0601
9,7,1,1,0.1308,0.3422,0.9803,-0.0183,0.0333
9,7,1,2,0.1415,0.3544,0.9226,-0.0372,0.0546
9,7,1,3,0.1676,0.3437,0.8375,-0.0532,0.0742
9,7,1,4,0.0509,0.2569,0.9848,-0.0901,0.0174
9,7,1,5,0.2999,0.4101,0.9023,0.1439,0.0588
9,7,1,6,0.0263,0.1809,0.9984,-0.0872,0.0192
9,7,1,7,0.1158,0.2932,0.9813,-0.0338,0.0300
9,7,1,8,0.4163,0.5196,0.7666,0.2727,0.0768
9,7,1,9,0.2942,0.4075,0.9613,0.1510,0.0516
9,7,1,10,0.1495,0.2958,0.9117,-0.0360,0.0607
9,7,1,11,0.3475,0.3820,0.9239,0.2006,0.0606
9,7,2,0,0.1180,0.3459,0.9621,0.0213,0.0268
9,7,2,1,0.1336,0.3070,0.9925,-0.0031,0.0211
9,7,2,2,0.1139,0.2578,0.9917,-0.0248,0.0236
9,7,2,3,0.2788,0.4244,0.9608,0.1397,0.0444
9,7,2,4,0.2498,0.3907,0.8944,0.0764,0.0594
9,7,2,5,0.2410,0.3594,0.8318,0.0440,0.0743
9,7,2,6,0.3929,0.3538,0.9410,0.2695,0.0553
9,7,2,7,0.1607,0.3299,0.8408,-0.0399,0.0688
9,7,2,8,0.2823,0.3977,0.8954,0.1204,0.0660
9,7,2,9,0.1262,0.3495,0.9628,0.0293,0.0249
9,7,2,10,0.1254,0.2800,0.9666,-0.0308,0.0331
9,7,2,11,0.1471,0.2774,0.9324,-0.0315,0.0610
9,7,3,0,0.7623,0.7802,0.9878,0.7252,0.0494
9,7,3,1,0.6347,0.6902,0.8350,0.5733,0.0738
9,7,3,2,0.5725,0.6238,0.8742,0.4893,0.0666
9,7,3,3,0.5660,0.6245,0.8693,0.4805,0.0667
9,7,3,4,0.5311,0.5338,0.8020,0.4334,0.0771
9,7,3,5,0.0609,0.3135,0.9833,-0.0767,0.0161
9,7,3,6,0.6782,0.7146,0.8191,0.6313,0.0716
9,7,3,7,0.4766,0.5314,0.8486,0.3625,0.0679
9,7,3,8,0.4473,0.5175,0.8932,0.3294,0.0644
9,7,3,9,0.2135,0.3560,0.9873,0.0974,0.0165
9,7,3,10,0.4652,0.5397,0.9355,0.3610,0.0506
9,7,3,11,0.2860,0.4321,0.9508,0.1394,0.0571
9,7,4,0,0.8554,0.8587,0.9826,0.8348,0.0318
9,7,4,1,0.6427,0.7004,0.8205,0.5847,0.0736
9,7,4,2,0.7626,0.8130,0.9608,0.7259,0.0475
9,7,4,3,0.9090,0.9207,0.9961,0.8985,0.0142
9,7,4,4,0.5769,0.5761,0.8829,0.4964,0.0655
9,7,4,5,0.7649,0.8028,0.9877,0.7292,0.0267
9,7,4,6,0.8500,0.8475,0.9858,0.8282,0.0284
9,7,4,7,0.8111,0.8194,0.9942,0.7847,0.0110
9,7,4,8,0.8824,0.9061,0.9834,0.8663,0.0302
9,7,4,9,0.8652,0.9003,0.9578,0.8521,0.0491
9,7,4,10,0.7501,0.7392,0.9781,0.7106,0.0430
9,7,4,11,0.7878,0.8396,0.9944,0.7569,0.0182
9,7,5,0,0.8364,0.8771,0.9912,0.8125,0.0198
9,7,5,1,0.9145,0.9297,0.9987,0.9041,0.0112
9,7,5,2,0.8018,0.8214,0.9359,0.7735,0.0492
9,7,5,3,0.7855,0.7992,0.9801,0.7527,0.0385
9,7,5,4,0.8279,0.8623,0.9369,0.8055,0.0460
9,7,5,5,0.9366,0.9497,0.9980,0.9286,0.0120
9,7,5,6,0.8513,0.8701,0.9981,0.8318,0.0064
9,7,5,7,0.8704,0.9266,0.9990,0.8523,0.0143
9,7,5,8,0.8141,0.8326,0.9551,0.7879,0.0483
9,7,5,9,0.5646,0.7155,0.9923,0.4993,0.0207
9,7,5,10,0.7073,0.7225,0.9790,0.6597,0.0382
9,7,5,11,0.9048,0.8900,0.9942,0.8915,0.0180
9,7,6,0,0.8111,0.8564,0.9981,0.7861,0.0127
9,7,6,1,0.7441,0.7623,0.9652,0.7035,0.0495
9,7,6,2,0.6942,0.7089,0.9905,0.6455,0.0310
9,7,6,3,0.8358,0.8584,0.9979,0.8131,0.0094
9,7,6,4,0.8646,0.8565,0.9895,0.8451,0.0254
9,7,6,5,0.7960,0.8699,0.9894,0.7651,0.0332
9,7,6,6,0.8223,0.8670,0.9878,0.7960,0.0333
9,7,6,7,0.7834,0.8372,0.9290,0.7555,0.0579
9,7,6,8,0.8451,0.8542,0.9822,0.8240,0.0344
9,7,6,9,0.6526,0.7266,0.9828,0.5957,0.0347
9,7,6,10,0.8309,0.8351,0.9952,0.8065,0.0147
9,7,6,11,0.6029,0.6364,0.9848,0.5421,0.0260
9,7,7,0,0.8034,0.8337,0.9543,0.7747,0.0438
9,7,7,1,0.8115,0.8418,0.9890,0.7833,0.0297
9,7,7,2,0.8762,0.8939,0.9895,0.8587,0.0225
9,7,7,3,0.9243,0.9481,0.9978,0.9140,0.0091
9,7,7,4,0.7346,0.7638,0.9931,0.6962,0.0165
9,7,7,5,0.7591,0.7703,0.9231,0.7240,0.0578
9,7,7,6,0.9176,0.9381,0.9982,0.9073,0.0120
9,7,7,7,0.8241,0.8440,0.9955,0.8032,0.0155
9,7,7,8,0.6670,0.7801,0.8721,0.6109,0.0436
9,7,7,9,0.7498,0.7897,0.9965,0.7132,0.0145
9,7,7,10,0.7144,0.8058,0.9930,0.6741,0.0111
9,7,7,11,0.8316,0.8584,0.9976,0.8092,0.0081
9,7,8,0,0.9089,0.9422,0.9958,0.8965,0.0213
9,7,8,1,0.9022,0.9185,0.9559,0.8917,0.0343
9,7,8,2,0.9168,0.9320,0.9979,0.9077,0.0206
9,7,8,3,0.8709,0.8847,0.9680,0.8532,0.0309
9,7,8,4,0.8553,0.8669,0.9968,0.8346,0.0162
9,7,8,5,0.9122,0.9347,0.9993,0.9002,0.0091
9,7,8,6,0.9352,0.9548,0.9982,0.9269,0.0136
9,7,8,7,0.5366,0.5854,0.7507,0.4405,0.0832
9,7,8,8,0.6656,0.7129,0.7864,0.6119,0.0745
9,7,8,9,0.8358,0.8612,0.9663,0.8150,0.0493
9,7,8,10,0.9070,0.9472,0.9988,0.8940,0.0165
9,7,8,11,0.8211,0.8382,0.9461,0.7959,0.0495
9,7,9,0,0.9313,0.9274,0.9816,0.9256,0.0361
9,7,9,1,0.8085,0.8158,0.9790,0.7807,0.0410
9,7,9,2,0.6232,0.7299,0.8521,0.5547,0.0609
9,7,9,3,0.8642,0.8844,0.9542,0.8455,0.0312
9,7,9,4,0.9084,0.9300,0.9796,0.8964,0.0249
9,7,9,5,0.8120,0.8335,0.8182,0.8049,0.0675
9,7,9,6,0.9074,0.9302,0.9947,0.8947,0.0141
9,7,9,7,1.0000,1.0000,1.0000,1.0000,0.0000
9,7,9,8,0.6791,0.6761,0.7552,0.6394,0.0801
9,7,9,9,0.9238,0.9383,0.9982,0.9145,0.0170
9,7,9,10,0.6878,0.8330,0.8741,0.6432,0.0737
9,7,9,11,0.6796,0.7666,0.9370,0.6255,0.0547
9,7,10,0,0.4467,0.4674,0.5224,0.3069,0.0899
9,7,10,1,0.4292,0.6410,0.8014,0.3192,0.0526
9,7,10,2,0.4332,0.5906,0.7328,0.2965,0.0767
9,7,10,3,0.5664,0.5724,0.6611,0.4826,0.0616
9,7,10,4,0.4721,0.5622,0.8129,0.3634,0.0580
9,7,10,5,0.3959,0.6661,0.7517,0.2697,0.0547
9,7,10,6,0.3965,0.6610,0.7881,0.2728,0.0579
9,7,10,7,0.5321,0.5751,0.5827,0.4345,0.0792
9,7,10,8,0.6965,0.6296,0.6189,0.6464,0.0580
9,7,10,9,0.5006,0.5872,0.7622,0.3989,0.0662
9,7,10,10,0.3621,0.4299,0.9595,0.2382,0.0529
9,7,10,11,0.3058,0.5313,0.6391,0.0957,0.0863
9,7,11,0,0.5626,0.6156,0.6641,0.4850,0.0508
9,7,11,1,0.5770,0.5819,0.6680,0.5014,0.0531
9,7,11,2,0.5250,0.5722,0.6211,0.4243,0.0736
9,7,11,3,0.6044,0.6012,0.6500,0.5345,0.0534
9,7,11,4,0.5887,0.5960,0.6512,0.5131,0.0567
9,7,11,5,0.6588,0.5890,0.6342,0.5994,0.0592
9,7,11,6,0.5417,0.5942,0.6689,0.4511,0.0626
9,7,11,7,0.5570,0.6022,0.6409,0.4782,0.0495
9,7,11,8,0.5443,0.5068,0.8013,0.4516,0.0696
9,7,11,9,0.4793,0.5496,0.6502,0.3590,0.0784
9,7,11,10,0.5563,0.6152,0.6646,0.4698,0.0603
9,7,11,11,0.5485,0.6089,0.6634,0.4712,0.0457
9,8,0,0,0.6439,0.7512,0.8793,0.2045,0.0357
9,8,0,1,0.4465,0.7446,0.9870,0.0695,0.0103
9,8,0,2,0.3427,0.6462,0.8856,0.0645,0.0459
9,8,0,3,0.2461,0.6315,0.8901,-0.0769,0.0453
9,8,0,4,0.4320,0.7196,0.9798,-0.0395,0.0252
9,8,0,5,0.5073,0.7028,0.9749,0.1808,0.0079
9,8,0,6,0.5557,0.7500,0.9325,0.0948,0.0206
9,8,0,7,0.5259,0.7317,0.9856,0.1820,0.0117
9,8,0,8,0.4877,0.7756,0.9696,0.0052,0.0130
9,8,0,9,0.5602,0.7055,0.9737,0.2704,0.0137
9,8,0,10,0.3391,0.7149,0.8451,0.0961,0.0532
9,8,0,11,0.3943,0.6865,0.9298,0.0457,0.0120
9,8,1,0,0.4052,0.7052,0.9493,0.0783,0.0296
9,8,1,1,0.3443,0.6506,0.8192,0.0972,0.0504
9,8,1,2,0.3876,0.6546,0.9321,0.0946,0.0253
9,8,1,3,0.4798,0.6735,0.9821,0.1437,0.0107
9,8,1,4,0.2631,0.5390,0.7783,0.0258,0.0638
9,8,1,5,0.4645,0.6619,0.9533,0.1736,0.0226
9,8,1,6,0.2549,0.3956,0.7250,0.0788,0.0945
9,8,1,7,0.3498,0.5617,0.8586,0.1098,0.0512
9,8,1,8,0.5423,0.7470,0.9906,0.2132,0.0101
9,8,1,9,0.4420,0.6029,0.8985,0.1776,0.0283
9,8,1,10,0.3835,0.6226,0.9546,0.0701,0.0204
9,8,1,11,0.6579,0.7160,0.9187,0.4677,0.0223
9,8,2,0,0.1898,0.5889,0.7230,0.0036,0.1025
9,8,2,1,0.3070,0.5347,0.7836,0.0699,0.0610
9,8,2,2,0.3257,0.5047,0.8311,0.0989,0.0574
9,8,2,3,0.4226,0.6178,0.8999,0.1686,0.0365
9,8,2,4,0.4624,0.7032,0.9660,0.1612,0.0197
9,8,2,5,0.4714,0.6887,0.9835,0.1273,0.0087
9,8,2,6,0.6797,0.7285,0.8967,0.5303,0.0281
9,8,2,7,0.3806,0.6542,0.9875,0.0276,0.0154
9,8,2,8,0.4549,0.6843,0.9548,0.1554,0.0184
9,8,2,9,0.1947,0.5904,0.7245,0.0074,0.1006
9,8,2,10,0.3856,0.5657,0.8848,0.1446,0.0487
9,8,2,11,0.3657,0.6130,0.9290,0.0587,0.0203
9,8,3,0,0.6819,0.7258,0.8387,0.5711,0.0589
9,8,3,1,0.5990,0.7751,0.9844,0.3330,0.0076
9,8,3,2,0.6128,0.7750,0.9755,0.3879,0.0146
9,8,3,3,0.5802,0.7900,0.9738,0.3259,0.0211
9,8,3,4,0.5788,0.7282,0.9899,0.3022,0.0078
9,8,3,5,0.2476,0.6130,0.7993,0.0079,0.0707
9,8,3,6,0.6916,0.8051,0.9779,0.4902,0.0219
9,8,3,7,0.5584,0.7412,0.9776,0.2871,0.0170
9,8,3,8,0.5256,0.6988,0.9588,0.2611,0.0179
9,8,3,9,0.3486,0.6382,0.7828,0.1481,0.0645
9,8,3,10,0.4468,0.7343,0.8854,0.1829,0.0328
9,8,3,11,0.3926,0.6497,0.9149,0.0985,0.0258
9,8,4,0,0.6296,0.7340,0.8575,0.5153,0.0502
9,8,4,1,0.5921,0.7793,0.9852,0.3184,0.0091
9,8,4,2,0.6230,0.7306,0.9059,0.4714,0.0331
9,8,4,3,0.5999,0.6041,0.7410,0.5480,0.0919
9,8,4,4,0.4706,0.7221,0.9532,0.1913,0.0171
9,8,4,5,0.5445,0.7120,0.8066,0.4056,0.0553
9,8,4,6,0.5278,0.6772,0.8448,0.3740,0.0507
9,8,4,7,0.5230,0.6012,0.7720,0.4057,0.0720
9,8,4,8,0.6338,0.6935,0.8427,0.5248,0.0498
9,8,4,9,0.6362,0.7316,0.9049,0.4786,0.0324
9,8,4,10,0.4925,0.6159,0.8635,0.2984,0.0380
9,8,4,11,0.5869,0.7153,0.8130,0.4831,0.0677
9,8,5,0,0.5655,0.6557,0.8018,0.4457,0.0604
9,8,5,1,0.5800,0.5716,0.7401,0.5140,0.0879
9,8,5,2,0.5805,0.7152,0.9353,0.4050,0.0319
9,8,5,3,0.5199,0.6524,0.8611,0.3458,0.0411
9,8,5,4,0.6313,0.7189,0.9181,0.4780,0.0351
9,8,5,5,0.6087,0.6067,0.7552,0.5491,0.0863
9,8,5,6,0.5449,0.5629,0.7510,0.4528,0.0832
9,8,5,7,0.5892,0.6462,0.7700,0.4991,0.0657
9,8,5,8,0.6155,0.7508,0.9112,0.4617,0.0312
9,8,5,9,0.4213,0.6960,0.8171,0.2446,0.0658
9,8,5,10,0.5139,0.6886,0.8702,0.3305,0.0478
9,8,5,11,0.6321,0.7294,0.8201,0.5481,0.0627
9,8,6,0,0.5744,0.6272,0.7588,0.4933,0.0729
9,8,6,1,0.5896,0.7200,0.8808,0.4255,0.0309
9,8,6,2,0.5247,0.5887,0.8366,0.3628,0.0494
9,8,6,3,0.5491,0.6087,0.7711,0.4460,0.0740
9,8,6,4,0.5732,0.6780,0.8213,0.4453,0.0567
9,8,6,5,0.5875,0.7113,0.8150,0.4563,0.0493
9,8,6,6,0.5881,0.6912,0.8387,0.4532,0.0488
9,8,6,7,0.5617,0.7285,0.9384,0.3410,0.0223
9,8,6,8,0.6624,0.7058,0.8617,0.5436,0.0462
9,8,6,9,0.4587,0.5932,0.8280,0.2588,0.0482
9,8,6,10,0.5186,0.6261,0.7922,0.3878,0.0672
9,8,6,11,0.4734,0.6306,0.8003,0.3115,0.0676
9,8,7,0,0.5082,0.6556,0.8837,0.3088,0.0374
9,8,7,1,0.5947,0.7171,0.8355,0.4731,0.0512
9,8,7,2,0.6248,0.7023,0.8375,0.5208,0.0595
9,8,7,3,0.5983,0.6021,0.7575,0.5206,0.0781
9,8,7,4,0.4918,0.6271,0.7846,0.3528,0.0700
9,8,7,5,0.5655,0.7176,0.9397,0.3545,0.0223
9,8,7,6,0.5997,0.5892,0.7420,0.5380,0.0875
9,8,7,7,0.5915,0.5881,0.7484,0.5352,0.0931
9,8,7,8,0.5575,0.6992,0.8885,0.3813,0.0407
9,8,7,9,0.4991,0.5728,0.7977,0.3592,0.0674
9,8,7,10,0.4994,0.6682,0.7827,0.3712,0.0718
9,8,7,11,0.6032,0.6388,0.7783,0.5320,0.0806
9,8,8,0,0.6254,0.6944,0.8064,0.5268,0.0595
9,8,8,1,0.6534,0.6861,0.8837,0.5326,0.0471
9,8,8,2,0.5696,0.5528,0.7285,0.5112,0.0972
9,8,8,3,0.6170,0.6431,0.8649,0.4937,0.0498
9,8,8,4,0.5712,0.6443,0.7991,0.4632,0.0665
9,8,8,5,0.5844,0.6411,0.7762,0.4965,0.0730
9,8,8,6,0.5872,0.5917,0.7492,0.5167,0.0856
9,8,8,7,0.5091,0.7476,0.9929,0.1602,0.0084
9,8,8,8,0.5510,0.7649,0.9916,0.2731,0.0071
9,8,8,9,0.5963,0.7025,0.8940,0.4271,0.0313
9,8,8,10,0.5445,0.6431,0.7844,0.4304,0.0633
9,8,8,11,0.5525,0.6983,0.8950,0.3740,0.0344
9,8,9,0,0.7499,0.7820,0.8615,0.6781,0.0482
9,8,9,1,0.6542,0.7349,0.8663,0.5257,0.0440
9,8,9,2,0.6087,0.7465,0.9679,0.3916,0.0222
9,8,9,3,0.6405,0.7108,0.8607,0.5236,0.0492
9,8,9,4,0.6601,0.6951,0.8387,0.5663,0.0551
9,8,9,5,0.7602,0.8365,0.9887,0.6142,0.0147
9,8,9,6,0.6048,0.6183,0.7678,0.5255,0.0754
9,8,9,7,0.6791,0.6761,0.7552,0.6394,0.0801
9,8,9,8,1.0000,1.0000,1.0000,1.0000,0.0000
9,8,9,9,0.5944,0.5748,0.7409,0.5335,0.0918
9,8,9,10,0.6763,0.8169,0.9640,0.4687,0.0077
9,8,9,11,0.6685,0.7447,0.9260,0.5045,0.0303
9,8,10,0,0.7131,0.8053,0.9405,0.4571,0.0111
9,8,10,1,0.5769,0.7471,0.8900,0.3893,0.0430
9,8,10,2,0.6514,0.7926,0.9601,0.4016,0.0135
9,8,10,3,0.5518,0.6606,0.8392,0.3107,0.0338
9,8,10,4,0.6171,0.7596,0.9047,0.4161,0.0286
9,8,10,5,0.5008,0.7251,0.8881,0.2442,0.0321
9,8,10,6,0.6061,0.7900,0.8892,0.4144,0.0329
9,8,10,7,0.6011,0.7203,0.9008,0.3023,0.0163
9,8,10,8,0.6083,0.6384,0.8156,0.4170,0.0407
9,8,10,9,0.6984,0.7678,0.9162,0.5399,0.0338
9,8,10,10,0.6929,0.7576,0.9058,0.5667,0.0365
9,8,10,11,0.4784,0.7909,0.9795,0.0355,0.0084
9,8,11,0,0.5209,0.6177,0.7488,0.3237,0.0581
9,8,11,1,0.5238,0.5989,0.7609,0.3220,0.0555
9,8,11,2,0.6203,0.7438,0.8977,0.3522,0.0103
9,8,11,3,0.5630,0.6268,0.7499,0.3794,0.0545
9,8,11,4,0.5563,0.6298,0.7780,0.3477,0.0461
9,8,11,5,0.6045,0.6734,0.8063,0.4110,0.0440
9,8,11,6,0.5499,0.6534,0.8207,0.3076,0.0361
9,8,11,7,0.5195,0.5923,0.7438,0.3212,0.0587
9,8,11,8,0.6845,0.7731,0.9608,0.4901,0.0166
9,8,11,9,0.6772,0.7859,0.9408,0.4304,0.0075
9,8,11,10,0.5796,0.6932,0.8326,0.3544,0.0309
9,8,11,11,0.4971,0.5848,0.7266,0.3070,0.0658
9,9,0,0,0.3874,0.3590,0.3461,0.2282,0.1162
9,9,0,1,0.2003,0.3638,0.7811,-0.0035,0.0892
9,9,0,2,0.1038,0.2225,0.9565,-0.0548,0.0575
9,9,0,3,0.0565,0.2465,0.9492,-0.1106,0.0562
9,9,0,4,0.3106,0.3903,0.6113,0.1238,0.1024
9,9,0,5,0.2153,0.4071,0.8167,0.0210,0.0909
9,9,0,6,0.2577,0.3536,0.4551,0.0028,0.1086
9,9,0,7,0.3422,0.4022,0.7691,0.1832,0.0893
9,9,0,8,0.2459,0.3842,0.5596,0.0049,0.1033
9,9,0,9,0.1931,0.3114,0.8431,-0.0080,0.0807
9,9,0,10,0.2061,0.3461,0.9599,0.0810,0.0446
9,9,0,11,0.1706,0.3307,0.9055,-0.0160,0.0810
9,9,1,0,0.1971,0.5505,0.8633,0.0243,0.0748
9,9,1,1,0.1224,0.2525,0.9693,-0.0193,0.0483
9,9,1,2,0.1260,0.3073,0.9079,-0.0451,0.0665
9,9,1,3,0.1821,0.3091,0.8210,-0.0194,0.0846
9,9,1,4,0.0511,0.2001,0.9758,-0.0817,0.0312
9,9,1,5,0.3492,0.3880,0.8922,0.2172,0.0716
9,9,1,6,0.0365,0.1703,0.9994,-0.0694,0.0077
9,9,1,7,0.1360,0.2738,0.9751,-0.0013,0.0407
9,9,1,8,0.4539,0.4944,0.7521,0.3388,0.0890
9,9,1,9,0.3408,0.3944,0.9530,0.2177,0.0628
9,9,1,10,0.1499,0.2553,0.8998,-0.0239,0.0714
9,9,1,11,0.3111,0.3193,0.9073,0.1654,0.0742
9,9,2,0,0.0944,0.2343,0.9507,0.0007,0.0117
9,9,2,1,0.1495,0.2582,0.9864,0.0233,0.0349
9,9,2,2,0.1299,0.2388,0.9861,0.0017,0.0341
9,9,2,3,0.3226,0.4140,0.9526,0.2017,0.0582
9,9,2,4,0.2558,0.3567,0.8829,0.0959,0.0728
9,9,2,5,0.2567,0.3250,0.8174,0.0789,0.0841
9,9,2,6,0.3585,0.2955,0.9268,0.2364,0.0685
9,9,2,7,0.1695,0.2963,0.8268,-0.0158,0.0786
9,9,2,8,0.3194,0.3678,0.8782,0.1787,0.0785
9,9,2,9,0.1023,0.2378,0.9513,0.0084,0.0103
9,9,2,10,0.1164,0.2456,0.9574,-0.0321,0.0447
9,9,2,11,0.1538,0.2480,0.9180,-0.0122,0.0718
9,9,3,0,0.7964,0.7909,0.9817,0.7703,0.0643
9,9,3,1,0.6254,0.6352,0.8216,0.5716,0.0860
9,9,3,2,0.5926,0.6024,0.8600,0.5249,0.0793
9,9,3,3,0.5243,0.5425,0.8586,0.4364,0.0805
9,9,3,4,0.5835,0.5281,0.7839,0.5151,0.0878
9,9,3,5,0.0658,0.2461,0.9746,-0.0632,0.0303
9,9,3,6,0.7340,0.7211,0.8089,0.7161,0.0858
9,9,3,7,0.4966,0.5037,0.8365,0.3999,0.0813
9,9,3,8,0.4768,0.4926,0.8786,0.3772,0.0769
9,9,3,9,0.1694,0.2708,0.9778,0.0539,0.0311
9,9,3,10,0.3822,0.4315,0.9180,0.2678,0.0650
9,9,3,11,0.2974,0.3878,0.9461,0.1634,0.0693
9,9,4,0,0.8693,0.8542,0.9766,0.8542,0.0450
9,9,4,1,0.6609,0.6781,0.8016,0.6201,0.0847
9,9,4,2,0.8508,0.8587,0.9548,0.8370,0.0578
9,9,4,3,0.9867,0.9867,0.9993,0.9852,0.0075
9,9,4,4,0.5292,0.5201,0.8640,0.4451,0.0778
9,9,4,5,0.6849,0.6925,0.9872,0.6401,0.0418
9,9,4,6,0.8156,0.8017,0.9773,0.7913,0.0426
9,9,4,7,0.8448,0.8420,0.9879,0.8250,0.0211
9,9,4,8,0.9034,0.9075,0.9827,0.8935,0.0426
9,9,4,9,0.8876,0.9078,0.9515,0.8843,0.0598
9,9,4,10,0.7727,0.7538,0.9690,0.7420,0.0561
9,9,4,11,0.8416,0.8431,0.9890,0.8210,0.0326
9,9,5,0,0.8294,0.8599,0.9917,0.8070,0.0335
9,9,5,1,0.9826,0.9885,0.9993,0.9806,0.0065
9,9,5,2,0.8206,0.8270,0.9290,0.8011,0.0598
9,9,5,3,0.8414,0.8398,0.9716,0.8225,0.0504
9,9,5,4,0.8862,0.8980,0.9341,0.8808,0.0567
9,9,5,5,0.9886,0.9932,0.9997,0.9873,0.0057
9,9,5,6,0.9334,0.9390,0.9967,0.9253,0.0136
9,9,5,7,0.9003,0.9312,0.9983,0.8879,0.0268
9,9,5,8,0.7816,0.7800,0.9473,0.7538,0.0605
9,9,5,9,0.5795,0.6357,0.9863,0.5209,0.0344
9,9,5,10,0.6797,0.6580,0.9734,0.6322,0.0531
9,9,5,11,0.8928,0.8439,0.9910,0.8795,0.0297
9,9,6,0,0.9072,0.9205,0.9936,0.8958,0.0218
9,9,6,1,0.7495,0.7334,0.9530,0.7152,0.0602
9,9,6,2,0.7724,0.7674,0.9858,0.7412,0.0438
9,9,6,3,0.8686,0.8737,0.9943,0.8520,0.0215
9,9,6,4,0.8896,0.8732,0.9815,0.8768,0.0402
9,9,6,5,0.7732,0.8244,0.9825,0.7421,0.0475
9,9,6,6,0.8334,0.8496,0.9845,0.8124,0.0473
9,9,6,7,0.8041,0.8354,0.9183,0.7877,0.0692
9,9,6,8,0.8924,0.8805,0.9770,0.8840,0.0493
9,9,6,9,0.6730,0.7210,0.9834,0.6247,0.0502
9,9,6,10,0.8936,0.8642,0.9887,0.8805,0.0287
9,9,6,11,0.6053,0.5849,0.9754,0.5494,0.0402
9,9,7,0,0.8283,0.8446,0.9511,0.8089,0.0570
9,9,7,1,0.7978,0.7953,0.9840,0.7706,0.0427
9,9,7,2,0.9238,0.9150,0.9857,0.9163,0.0363
9,9,7,3,0.9836,0.9889,0.9995,0.9819,0.0143
9,9,7,4,0.7642,0.7515,0.9859,0.7329,0.0312
9,9,7,5,0.7102,0.7175,0.9110,0.6702,0.0695
9,9,7,6,0.9906,0.9937,0.9999,0.9895,0.0060
9,9,7,7,0.9090,0.9045,0.9971,0.8987,0.0058
9,9,7,8,0.6158,0.7675,0.8757,0.5555,0.0577
9,9,7,9,0.8158,0.8354,0.9955,0.7916,0.0288
9,9,7,10,0.6834,0.7236,0.9868,0.6417,0.0269
9,9,7,11,0.8697,0.8670,0.9959,0.8536,0.0153
9,9,8,0,0.9315,0.9336,0.9941,0.9247,0.0353
9,9,8,1,0.9569,0.9528,0.9574,0.9600,0.0445
9,9,8,2,0.9965,0.9976,0.9998,0.9962,0.0062
9,9,8,3,0.9077,0.9099,0.9700,0.8995,0.0443
9,9,8,4,0.9336,0.9229,0.9918,0.9261,0.0256
9,9,8,5,0.9643,0.9620,0.9973,0.9603,0.0200
9,9,8,6,0.9917,0.9936,0.9998,0.9908,0.0062
9,9,8,7,0.5382,0.5534,0.7308,0.4553,0.0934
9,9,8,8,0.6429,0.6584,0.7717,0.5918,0.0856
9,9,8,9,0.7929,0.8012,0.9598,0.7680,0.0615
9,9,8,10,0.9048,0.9269,0.9966,0.8931,0.0290
9,9,8,11,0.7650,0.7749,0.9445,0.7335,0.0614
9,9,9,0,0.8508,0.8553,0.9756,0.8339,0.0504
9,9,9,1,0.8162,0.8022,0.9727,0.7944,0.0554
9,9,9,2,0.6367,0.6976,0.8448,0.5808,0.0754
9,9,9,3,0.9016,0.8876,0.9571,0.8929,0.0442
9,9,9,4,0.9580,0.9543,0.9800,0.9566,0.0368
9,9,9,5,0.7769,0.7630,0.8065,0.7672,0.0782
9,9,9,6,0.9880,0.9900,0.9977,0.9871,0.0165
9,9,9,7,0.9238,0.9383,0.9982,0.9145,0.0170
9,9,9,8,0.5944,0.5748,0.7409,0.5335,0.0918
9,9,9,9,1.0000,1.0000,1.0000,1.0000,0.0000
9,9,9,10,0.6820,0.7538,0.8640,0.6454,0.0856
9,9,9,11,0.7672,0.7957,0.9305,0.7422,0.0682
9,9,10,0,0.4189,0.4048,0.5104,0.2817,0.1005
9,9,10,1,0.3647,0.6214,0.8000,0.2492,0.0684
9,9,10,2,0.3854,0.5769,0.7224,0.2440,0.0899
9,9,10,3,0.6300,0.6054,0.6710,0.5717,0.0764
9,9,10,4,0.4557,0.5044,0.8135,0.3524,0.0724
9,9,10,5,0.3928,0.6540,0.7522,0.2756,0.0691
9,9,10,6,0.3240,0.5965,0.7873,0.1926,0.0729
9,9,10,7,0.5717,0.5887,0.5812,0.5039,0.0926
9,9,10,8,0.7740,0.6793,0.6350,0.7494,0.0735
9,9,10,9,0.4654,0.5581,0.7620,0.3640,0.0807
9,9,10,10,0.3056,0.3448,0.9521,0.1786,0.0666
9,9,10,11,0.2717,0.4742,0.6244,0.0626,0.0971
9,9,11,0,0.6048,0.6353,0.6785,0.5421,0.0656
9,9,11,1,0.6366,0.6135,0.6834,0.5799,0.0682
9,9,11,2,0.5347,0.5302,0.6238,0.4504,0.0856
9,9,11,3,0.6431,0.6158,0.6658,0.5876,0.0683
9,9,11,4,0.6370,0.6079,0.6654,0.5797,0.0720
9,9,11,5,0.6926,0.5934,0.6465,0.6486,0.0742
9,9,11,6,0.6009,0.6114,0.6769,0.5350,0.0774
9,9,11,7,0.5975,0.6441,0.6563,0.5333,0.0642
9,9,11,8,0.4821,0.4433,0.7973,0.3808,0.0813
9,9,11,9,0.4627,0.5000,0.6453,0.3498,0.0901
9,9,11,10,0.5893,0.5923,0.6740,0.5204,0.0749
9,9,11,11,0.5990,0.6461,0.6795,0.5370,0.0607
9,10,0,0,0.5800,0.6786,0.7652,0.1217,0.0412
9,10,0,1,0.4431,0.6560,0.9642,0.1023,0.0114
9,10,0,2,0.2334,0.4827,0.9420,-0.0663,0.0392
9,10,0,3,0.1917,0.5080,0.9408,-0.1242,0.0385
9,10,0,4,0.4601,0.6791,0.9180,0.0622,0.0299
9,10,0,5,0.4100,0.6421,0.9622,0.0583,0.0088
9,10,0,6,0.5092,0.6450,0.8324,0.0618,0.0261
9,10,0,7,0.4229,0.6650,0.9635,0.0481,0.0094
9,10,0,8,0.4504,0.6679,0.8905,-0.0075,0.0194
9,10,0,9,0.4402,0.5822,0.9785,0.1081,0.0142
9,10,0,10,0.3792,0.6159,0.9042,0.1715,0.0468
9,10,0,11,0.3792,0.5890,0.9627,0.0560,0.0069
9,10,1,0,0.3455,0.6527,0.9492,0.0191,0.0244
9,10,1,1,0.3673,0.5150,0.9016,0.1495,0.0445
9,10,1,2,0.2963,0.5516,0.9608,-0.0123,0.0198
9,10,1,3,0.3689,0.5592,0.9911,0.0016,0.0126
9,10,1,4,0.2023,0.4113,0.8730,-0.0369,0.0574
9,10,1,5,0.4187,0.5818,0.9891,0.1312,0.0175
9,10,1,6,0.2148,0.2857,0.8519,0.0391,0.0896
9,10,1,7,0.2843,0.4473,0.9454,0.0384,0.0448
9,10,1,8,0.5354,0.6771,0.9760,0.2366,0.0123
9,10,1,9,0.4513,0.5478,0.9706,0.2137,0.0227
9,10,1,10,0.3308,0.5089,0.9819,0.0210,0.0161
9,10,1,11,0.4126,0.5475,0.9538,0.1108,0.0179
9,10,2,0,0.2469,0.5027,0.8133,0.0939,0.0970
9,10,2,1,0.2521,0.4462,0.8998,0.0140,0.0548
9,10,2,2,0.2820,0.4156,0.9254,0.0572,0.0513
9,10,2,3,0.4271,0.5603,0.9686,0.1961,0.0308
9,10,2,4,0.3985,0.5834,0.9931,0.0922,0.0150
9,10,2,5,0.4498,0.5793,0.9936,0.1272,0.0093
9,10,2,6,0.3867,0.5346,0.9346,0.1096,0.0225
9,10,2,7,0.3477,0.5464,0.9905,0.0113,0.0159
9,10,2,8,0.3912,0.6032,0.9823,0.0868,0.0118
9,10,2,9,0.2532,0.5064,0.8151,0.0997,0.0951
9,10,2,10,0.2941,0.4715,0.9419,0.0358,0.0427
9,10,2,11,0.3178,0.4986,0.9784,0.0166,0.0150
9,10,3,0,0.6125,0.7435,0.9336,0.4758,0.0538
9,10,3,1,0.6008,0.7896,0.9888,0.3624,0.0098
9,10,3,2,0.5105,0.7437,0.9910,0.2510,0.0088
9,10,3,3,0.5970,0.7486,0.9874,0.3757,0.0180
9,10,3,4,0.5271,0.7205,0.9820,0.2473,0.0085
9,10,3,5,0.1869,0.4344,0.8830,-0.0541,0.0646
9,10,3,6,0.6715,0.7926,0.9865,0.4778,0.0186
9,10,3,7,0.5624,0.6925,0.9877,0.3189,0.0131
9,10,3,8,0.4905,0.6580,0.9731,0.2316,0.0111
9,10,3,9,0.3438,0.4867,0.8778,0.1564,0.0587
9,10,3,10,0.5297,0.7108,0.9296,0.3261,0.0262
9,10,3,11,0.3518,0.5748,0.9788,0.0650,0.0194
9,10,4,0,0.6824,0.8522,0.9432,0.5911,0.0440
9,10,4,1,0.7036,0.8578,0.9786,0.5247,0.0097
9,10,4,2,0.7138,0.8315,0.9656,0.6091,0.0270
9,10,4,3,0.6743,0.7483,0.8611,0.6408,0.0857
9,10,4,4,0.5833,0.7328,0.9720,0.3841,0.0136
9,10,4,5,0.7176,0.8449,0.9214,0.6495,0.0494
9,10,4,6,0.6044,0.8337,0.9311,0.4878,0.0454
9,10,4,7,0.6081,0.7396,0.8785,0.5239,0.0657
9,10,4,8,0.7335,0.8584,0.9382,0.6647,0.0438
9,10,4,9,0.7292,0.8573,0.9757,0.6222,0.0262
9,10,4,10,0.6136,0.7705,0.9491,0.4819,0.0314
9,10,4,11,0.7276,0.8146,0.9089,0.6755,0.0615
9,10,5,0,0.7510,0.8419,0.9159,0.7025,0.0544
9,10,5,1,0.6668,0.7506,0.8624,0.6256,0.0821
9,10,5,2,0.6663,0.8156,0.9771,0.5390,0.0257
9,10,5,3,0.6597,0.8018,0.9473,0.5520,0.0351
9,10,5,4,0.6999,0.8263,0.9716,0.5850,0.0289
9,10,5,5,0.6979,0.7813,0.8732,0.6631,0.0802
9,10,5,6,0.6153,0.7285,0.8686,0.5469,0.0770
9,10,5,7,0.7830,0.8455,0.8880,0.7599,0.0606
9,10,5,8,0.7509,0.8883,0.9703,0.6632,0.0257
9,10,5,9,0.6482,0.7430,0.9097,0.5650,0.0594
9,10,5,10,0.5484,0.7310,0.9479,0.3909,0.0415
9,10,5,11,0.7235,0.8403,0.9194,0.6707,0.0562
9,10,6,0,0.6593,0.7560,0.8725,0.6051,0.0667
9,10,6,1,0.7486,0.8639,0.9570,0.6613,0.0251
9,10,6,2,0.5349,0.6680,0.9263,0.3861,0.0431
9,10,6,3,0.5981,0.7578,0.8825,0.5132,0.0682
9,10,6,4,0.6665,0.7951,0.9151,0.5782,0.0506
9,10,6,5,0.7431,0.8537,0.9081,0.6768,0.0434
9,10,6,6,0.7352,0.8373,0.9299,0.6631,0.0427
9,10,6,7,0.7085,0.8424,0.9869,0.5758,0.0159
9,10,6,8,0.7040,0.8292,0.9459,0.6058,0.0398
9,10,6,9,0.4506,0.6989,0.9346,0.2617,0.0423
9,10,6,10,0.6113,0.7742,0.8989,0.5187,0.0609
9,10,6,11,0.4735,0.6521,0.8864,0.3209,0.0612
9,10,7,0,0.6470,0.7992,0.9586,0.5197,0.0309
9,10,7,1,0.7383,0.8546,0.9353,0.6747,0.0448
9,10,7,2,0.7111,0.8213,0.9242,0.6407,0.0534
9,10,7,3,0.7171,0.7784,0.8774,0.6778,0.0722
9,10,7,4,0.5408,0.7308,0.8865,0.4255,0.0637
9,10,7,5,0.6836,0.8407,0.9892,0.5442,0.0158
9,10,7,6,0.6985,0.7644,0.8646,0.6651,0.0814
9,10,7,7,0.6364,0.7013,0.8578,0.5896,0.0868
9,10,7,8,0.6019,0.7851,0.9043,0.4554,0.0347
9,10,7,9,0.5478,0.7042,0.9047,0.4316,0.0611
9,10,7,10,0.6784,0.8079,0.8816,0.6177,0.0656
9,10,7,11,0.6627,0.7486,0.8823,0.6084,0.0743
9,10,8,0,0.7614,0.8597,0.9129,0.7136,0.0534
9,10,8,1,0.7127,0.8168,0.9509,0.6199,0.0410
9,10,8,2,0.6691,0.7355,0.8540,0.6380,0.0911
9,10,8,3,0.6672,0.7992,0.9380,0.5675,0.0437
9,10,8,4,0.6777,0.7825,0.9050,0.6095,0.0598
9,10,8,5,0.7372,0.8270,0.8881,0.7012,0.0669
9,10,8,6,0.6743,0.7749,0.8715,0.6297,0.0793
9,10,8,7,0.6306,0.7719,0.9650,0.3958,0.0127
9,10,8,8,0.6588,0.8115,0.9804,0.4679,0.0085
9,10,8,9,0.7227,0.8480,0.9671,0.6187,0.0252
9,10,8,10,0.7260,0.8299,0.8926,0.6787,0.0571
9,10,8,11,0.6371,0.8316,0.9569,0.5053,0.0277
9,10,9,0,0.7397,0.8640,0.9387,0.6611,0.0422
9,10,9,1,0.7244,0.8326,0.9496,0.6301,0.0376
9,10,9,2,0.7226,0.8332,0.9736,0.5825,0.0177
9,10,9,3,0.6350,0.8317,0.9321,0.5191,0.0424
9,10,9,4,0.7650,0.8466,0.9314,0.7108,0.0489
9,10,9,5,0.8276,0.9199,0.9881,0.7316,0.0161
9,10,9,6,0.6843,0.7686,0.8828,0.6304,0.0695
9,10,9,7,0.6878,0.8330,0.8741,0.6432,0.0737
9,10,9,8,0.6763,0.8169,0.9640,0.4687,0.0077
9,10,9,9,0.6820,0.7538,0.8640,0.6454,0.0856
9,10,9,10,1.0000,1.0000,1.0000,1.0000,0.0000
9,10,9,11,0.6858,0.7831,0.9774,0.5412,0.0253
9,10,10,0,0.5156,0.6909,0.8513,0.1257,0.0166
9,10,10,1,0.3931,0.6927,0.8587,0.1369,0.0369
9,10,10,2,0.5147,0.7146,0.9029,0.2034,0.0114
9,10,10,3,0.5582,0.6380,0.7857,0.3410,0.0301
9,10,10,4,0.5159,0.6836,0.9033,0.2806,0.0243
9,10,10,5,0.4222,0.7119,0.8452,0.1496,0.0273
9,10,10,6,0.4193,0.7292,0.8575,0.1536,0.0276
9,10,10,7,0.5652,0.6835,0.8189,0.2750,0.0150
9,10,10,8,0.5762,0.6678,0.7600,0.3839,0.0358
9,10,10,9,0.4481,0.6645,0.8714,0.1755,0.0301
9,10,10,10,0.4170,0.5806,0.9635,0.1746,0.0308
9,10,10,11,0.5032,0.7580,0.9195,0.1301,0.0134
9,10,11,0,0.4861,0.6262,0.7111,0.2881,0.0528
9,10,11,1,0.4947,0.5989,0.7259,0.2950,0.0503
9,10,11,2,0.6045,0.6948,0.8335,0.3546,0.0080
9,10,11,3,0.5244,0.6153,0.7114,0.3363,0.0494
9,10,11,4,0.5381,0.6220,0.7342,0.3370,0.0411
9,10,11,5,0.5877,0.6374,0.7560,0.4005,0.0398
9,10,11,6,0.5347,0.6366,0.7762,0.3056,0.0316
9,10,11,7,0.4813,0.6042,0.6971,0.2808,0.0535
9,10,11,8,0.5298,0.6529,0.9367,0.2662,0.0125
9,10,11,9,0.5673,0.6891,0.8726,0.2728,0.0119
9,10,11,10,0.5673,0.6719,0.7797,0.3548,0.0256
9,10,11,11,0.4705,0.5996,0.6911,0.2824,0.0605
9,11,0,0,0.5169,0.6281,0.6570,0.1272,0.0636
9,11,0,1,0.3255,0.6135,0.9396,-0.0084,0.0347
9,11,0,2,0.4032,0.5062,0.9736,0.2110,0.0174
9,11,0,3,0.2014,0.4594,0.9696,-0.0560,0.0170
9,11,0,4,0.3961,0.6235,0.8479,0.0423,0.0518
9,11,0,5,0.4185,0.6238,0.9584,0.1387,0.0320
9,11,0,6,0.3726,0.6185,0.7400,-0.0870,0.0496
9,11,0,7,0.4660,0.6489,0.9282,0.1899,0.0272
9,11,0,8,0.3441,0.6442,0.8131,-0.0929,0.0423
9,11,0,9,0.4531,0.6171,0.9653,0.1917,0.0269
9,11,0,10,0.2362,0.4658,0.9479,0.0174,0.0250
9,11,0,11,0.3705,0.5579,0.9700,0.1026,0.0238
9,11,1,0,0.5996,0.8333,0.9766,0.4361,0.0089
9,11,1,1,0.3353,0.4996,0.9465,0.1417,0.0242
9,11,1,2,0.4040,0.6332,0.9738,0.1884,0.0207
9,11,1,3,0.5245,0.6547,0.9618,0.3019,0.0299
9,11,1,4,0.3423,0.5126,0.9258,0.1809,0.0387
9,11,1,5,0.6649,0.7303,0.9949,0.5289,0.0118
9,11,1,6,0.4746,0.5517,0.9207,0.3874,0.0730
9,11,1,7,0.5593,0.6803,0.9853,0.4363,0.0281
9,11,1,8,0.7884,0.8290,0.9379,0.6897,0.0234
9,11,1,9,0.7228,0.7856,0.9938,0.6231,0.0168
9,11,1,10,0.5236,0.6108,0.9835,0.3419,0.0257
9,11,1,11,0.3803,0.5318,0.9640,0.1196,0.0110
9,11,2,0,0.1244,0.3497,0.8776,-0.0352,0.0802
9,11,2,1,0.4270,0.5635,0.9400,0.2776,0.0354
9,11,2,2,0.5718,0.6490,0.9715,0.4649,0.0363
9,11,2,3,0.6724,0.7859,0.9954,0.5627,0.0135
9,11,2,4,0.5828,0.7251,0.9897,0.4091,0.0139
9,11,2,5,0.5639,0.6971,0.9647,0.3591,0.0307
9,11,2,6,0.4325,0.5116,0.9648,0.2204,0.0107
9,11,2,7,0.5032,0.6495,0.9695,0.2939,0.0320
9,11,2,8,0.5818,0.6958,0.9761,0.4104,0.0178
9,11,2,9,0.1266,0.3537,0.8790,-0.0346,0.0784
9,11,2,10,0.4369,0.5573,0.9826,0.2663,0.0255
9,11,2,11,0.4285,0.5885,0.9856,0.2201,0.0249
9,11,3,0,0.8260,0.8858,0.9774,0.7747,0.0289
9,11,3,1,0.6987,0.8142,0.9712,0.5578,0.0251
9,11,3,2,0.6690,0.8076,0.9800,0.5265,0.0163
9,11,3,3,0.5850,0.7154,0.9860,0.4004,0.0139
9,11,3,4,0.6523,0.7260,0.9451,0.4894,0.0287
9,11,3,5,0.2572,0.4860,0.9378,0.0755,0.0430
9,11,3,6,0.8387,0.9073,0.9659,0.7675,0.0186
9,11,3,7,0.7277,0.8253,0.9784,0.6067,0.0161
9,11,3,8,0.5460,0.7065,0.9842,0.3568,0.0162
9,11,3,9,0.3473,0.5328,0.9339,0.1882,0.0390
9,11,3,10,0.4102,0.6298,0.9515,0.1958,0.0073
9,11,3,11,0.5017,0.6345,0.9928,0.3196,0.0165
9,11,4,0,0.6722,0.8535,0.9846,0.5833,0.0246
9,11,4,1,0.6087,0.7951,0.9476,0.4216,0.0282
9,11,4,2,0.7817,0.8761,0.9946,0.7108,0.0222
9,11,4,3,0.7588,0.8091,0.9318,0.7355,0.0683
9,11,4,4,0.3609,0.7029,0.9606,0.1074,0.0196
9,11,4,5,0.5238,0.6618,0.9556,0.3994,0.0293
9,11,4,6,0.5898,0.7787,0.9736,0.4798,0.0276
9,11,4,7,0.6753,0.7483,0.9327,0.6113,0.0478
9,11,4,8,0.7046,0.8125,0.9715,0.6273,0.0287
9,11,4,9,0.7632,0.8625,0.9950,0.6807,0.0170
9,11,4,10,0.6125,0.7653,0.9819,0.4956,0.0189
9,11,4,11,0.7156,0.8155,0.9639,0.6553,0.0400
9,11,5,0,0.6538,0.7621,0.9586,0.5725,0.0357
9,11,5,1,0.7558,0.7928,0.9266,0.7282,0.0651
9,11,5,2,0.6696,0.8538,0.9970,0.5592,0.0235
9,11,5,3,0.6698,0.8339,0.9820,0.5747,0.0237
9,11,5,4,0.7788,0.8828,0.9981,0.7046,0.0175
9,11,5,5,0.7498,0.7993,0.9388,0.7181,0.0640
9,11,5,6,0.7287,0.7715,0.9278,0.6876,0.0576
9,11,5,7,0.7334,0.8115,0.9448,0.6848,0.0454
9,11,5,8,0.6065,0.7444,0.9854,0.4773,0.0194
9,11,5,9,0.4660,0.6400,0.9580,0.3349,0.0381
9,11,5,10,0.5395,0.7005,0.9798,0.4000,0.0195
9,11,5,11,0.6652,0.7568,0.9687,0.5917,0.0414
9,11,6,0,0.7479,0.8279,0.9326,0.7111,0.0544
9,11,6,1,0.6353,0.7677,0.9766,0.5170,0.0207
9,11,6,2,0.6958,0.7849,0.9745,0.6137,0.0250
9,11,6,3,0.6932,0.7628,0.9377,0.6358,0.0474
9,11,6,4,0.6747,0.8096,0.9574,0.5930,0.0297
9,11,6,5,0.6485,0.7829,0.9512,0.5535,0.0231
9,11,6,6,0.6415,0.7643,0.9676,0.5422,0.0240
9,11,6,7,0.6657,0.8294,0.9863,0.5368,0.0163
9,11,6,8,0.8084,0.8738,0.9856,0.7519,0.0194
9,11,6,9,0.5541,0.6932,0.9700,0.4245,0.0215
9,11,6,10,0.6511,0.7953,0.9474,0.5740,0.0409
9,11,6,11,0.5041,0.6366,0.9408,0.3791,0.0394
9,11,7,0,0.6487,0.8465,0.9942,0.5369,0.0144
9,11,7,1,0.6217,0.7239,0.9712,0.5227,0.0282
9,11,7,2,0.7325,0.8308,0.9752,0.6682,0.0322
9,11,7,3,0.7557,0.8017,0.9390,0.7176,0.0544
9,11,7,4,0.5696,0.7037,0.9392,0.4721,0.0424
9,11,7,5,0.5435,0.7722,0.9923,0.3722,0.0163
9,11,7,6,0.7667,0.8020,0.9298,0.7399,0.0643
9,11,7,7,0.7601,0.7997,0.9326,0.7365,0.0688
9,11,7,8,0.6069,0.7970,0.9574,0.4811,0.0144
9,11,7,9,0.6519,0.7355,0.9555,0.5744,0.0416
9,11,7,10,0.5347,0.6747,0.9378,0.4327,0.0459
9,11,7,11,0.7167,0.8031,0.9486,0.6712,0.0552
9,11,8,0,0.7563,0.8494,0.9622,0.7015,0.0338
9,11,8,1,0.7819,0.8551,0.9888,0.7179,0.0277
9,11,8,2,0.7488,0.7792,0.9230,0.7260,0.0745
9,11,8,3,0.6941,0.7981,0.9750,0.6100,0.0241
9,11,8,4,0.7427,0.8380,0.9579,0.6910,0.0426
9,11,8,5,0.7154,0.8121,0.9491,0.6644,0.0489
9,11,8,6,0.7386,0.7934,0.9356,0.7027,0.0623
9,11,8,7,0.4643,0.7466,0.9181,0.1919,0.0358
9,11,8,8,0.5181,0.8098,0.9479,0.2998,0.0290
9,11,8,9,0.5964,0.7358,0.9862,0.4601,0.0164
9,11,8,10,0.6615,0.8010,0.9515,0.5906,0.0421
9,11,8,11,0.5666,0.7637,0.9950,0.4276,0.0184
9,11,9,0,0.6657,0.7940,0.9756,0.5672,0.0204
9,11,9,1,0.7989,0.8866,0.9875,0.7370,0.0153
9,11,9,2,0.7506,0.8754,0.9803,0.6470,0.0118
9,11,9,3,0.7595,0.8405,0.9829,0.6932,0.0241
9,11,9,4,0.8006,0.8659,0.9806,0.7535,0.0317
9,11,9,5,0.6979,0.8511,0.9643,0.5630,0.0251
9,11,9,6,0.7898,0.8451,0.9468,0.7584,0.0522
9,11,9,7,0.6796,0.7666,0.9370,0.6255,0.0547
9,11,9,8,0.6685,0.7447,0.9260,0.5045,0.0303
9,11,9,9,0.7672,0.7957,0.9305,0.7422,0.0682
9,11,9,10,0.6858,0.7831,0.9774,0.5412,0.0253
9,11,9,11,1.0000,1.0000,1.0000,1.0000,0.0000
9,11,10,0,0.6682,0.7003,0.7856,0.4853,0.0400
9,11,10,1,0.3984,0.7254,0.9144,0.1870,0.0168
9,11,10,2,0.5886,0.8042,0.9107,0.3817,0.0237
9,11,10,3,0.6834,0.7323,0.8261,0.5551,0.0123
9,11,10,4,0.7135,0.7592,0.9428,0.5986,0.0095
9,11,10,5,0.4419,0.7342,0.8933,0.2247,0.0080
9,11,10,6,0.5316,0.7511,0.9115,0.3542,0.0129
9,11,10,7,0.7349,0.7800,0.8139,0.6051,0.0256
9,11,10,8,0.6631,0.7273,0.7861,0.5353,0.0158
9,11,10,9,0.4677,0.6814,0.9064,0.2516,0.0210
9,11,10,10,0.5950,0.6563,0.9857,0.4549,0.0150
9,11,10,11,0.3457,0.7230,0.8645,-0.0494,0.0364
9,11,11,0,0.6119,0.6975,0.7880,0.4860,0.0287
9,11,11,1,0.6389,0.6883,0.7961,0.5189,0.0271
9,11,11,2,0.5726,0.6752,0.8350,0.3593,0.0245
9,11,11,3,0.6395,0.6890,0.7821,0.5190,0.0249
9,11,11,4,0.6408,0.6852,0.7952,0.5098,0.0194
9,11,11,5,0.6587,0.6949,0.8013,0.5291,0.0190
9,11,11,6,0.6600,0.7244,0.8292,0.5221,0.0154
9,11,11,7,0.5934,0.6924,0.7706,0.4610,0.0288
9,11,11,8,0.4739,0.6113,0.9499,0.2348,0.0169
9,11,11,9,0.5352,0.6693,0.8652,0.2871,0.0298
9,11,11,10,0.6091,0.6821,0.8259,0.4507,0.0121
9,11,11,11,0.5864,0.6867,0.7748,0.4623,0.0366
10,0,0,0,0.6581,0.8154,0.9687,0.0186,0.0263
10,0,0,1,0.4680,0.7624,0.8889,0.0087,0.0138
10,0,0,2,0.6200,0.7216,0.6866,0.4660,0.0561
10,0,0,3,0.4233,0.7073,0.7057,0.1379,0.0554
10,0,0,4,0.6304,0.7913,0.9659,0.2329,0.0225
10,0,0,5,0.5199,0.7349,0.8669,0.1207,0.0130
10,0,0,6,0.6374,0.8106,0.9809,0.1276,0.0120
10,0,0,7,0.5762,0.7454,0.8850,0.1866,0.0145
10,0,0,8,0.5107,0.8223,0.9771,-0.0987,0.0064
10,0,0,9,0.5954,0.7380,0.8459,0.2652,0.0202
10,0,0,10,0.3870,0.6502,0.6263,0.1232,0.0625
10,0,0,11,0.5635,0.6934,0.7534,0.2621,0.0217
10,0,1,0,0.6580,0.7501,0.8353,0.4477,0.0388
10,0,1,1,0.3939,0.5978,0.5872,0.1262,0.0615
10,0,1,2,0.5835,0.7184,0.7593,0.3636,0.0344
10,0,1,3,0.6539,0.7427,0.8782,0.3829,0.0169
10,0,1,4,0.4877,0.5901,0.5299,0.3333,0.0729
10,0,1,5,0.6160,0.7216,0.8345,0.3756,0.0325
10,0,1,6,0.4914,0.4703,0.4863,0.4141,0.1051
10,0,1,7,0.5948,0.6436,0.6708,0.4618,0.0616
10,0,1,8,0.7295,0.8049,0.9401,0.4893,0.0168
10,0,1,9,0.6722,0.6952,0.7292,0.5167,0.0386
10,0,1,10,0.6084,0.7197,0.8030,0.3869,0.0291
10,0,1,11,0.5575,0.6780,0.7341,0.2565,0.0322
10,0,2,0,0.2274,0.5092,0.4538,0.0205,0.1125
10,0,2,1,0.5513,0.6139,0.5488,0.4150,0.0713
10,0,2,2,0.6225,0.6385,0.6222,0.5330,0.0677
10,0,2,3,0.6370,0.6921,0.7328,0.4786,0.0468
10,0,2,4,0.6641,0.7443,0.8420,0.4509,0.0298
10,0,2,5,0.6225,0.7578,0.8929,0.3213,0.0163
10,0,2,6,0.6209,0.7135,0.7028,0.4163,0.0393
10,0,2,7,0.6146,0.7433,0.8901,0.3578,0.0232
10,0,2,8,0.6143,0.7145,0.8091,0.3688,0.0274
10,0,2,9,0.2281,0.5123,0.4559,0.0179,0.1107
10,0,2,10,0.5822,0.6382,0.6952,0.4216,0.0584
10,0,2,11,0.4762,0.6569,0.7647,0.1759,0.0296
10,0,3,0,0.6465,0.6466,0.6402,0.5178,0.0698
10,0,3,1,0.7125,0.7727,0.8992,0.4836,0.0178
10,0,3,2,0.7079,0.7806,0.8561,0.5156,0.0248
10,0,3,3,0.5803,0.7034,0.8734,0.2699,0.0287
10,0,3,4,0.5834,0.7331,0.9014,0.2439,0.0154
10,0,3,5,0.4006,0.6053,0.5608,0.1984,0.0797
10,0,3,6,0.7385,0.7732,0.9118,0.5368,0.0275
10,0,3,7,0.7020,0.7734,0.8899,0.4888,0.0272
10,0,3,8,0.6108,0.7377,0.8275,0.3558,0.0274
10,0,3,9,0.3023,0.5647,0.5408,0.0374,0.0757
10,0,3,10,0.4427,0.6728,0.6814,0.1195,0.0427
10,0,3,11,0.5918,0.7084,0.7529,0.3738,0.0352
10,0,4,0,0.5286,0.6567,0.6676,0.3539,0.0608
10,0,4,1,0.5072,0.7001,0.8774,0.0903,0.0161
10,0,4,2,0.4906,0.6019,0.7359,0.2368,0.0420
10,0,4,3,0.4248,0.4290,0.5160,0.3012,0.1017
10,0,4,4,0.4871,0.6901,0.7993,0.1578,0.0278
10,0,4,5,0.4270,0.5734,0.5961,0.2078,0.0658
10,0,4,6,0.4899,0.6356,0.6375,0.2991,0.0616
10,0,4,7,0.4841,0.5179,0.5279,0.3441,0.0817
10,0,4,8,0.4825,0.5327,0.6438,0.2838,0.0587
10,0,4,9,0.5964,0.6347,0.7409,0.3965,0.0410
10,0,4,10,0.4946,0.5980,0.6702,0.2727,0.0472
10,0,4,11,0.4457,0.5674,0.5974,0.2639,0.0773
10,0,5,0,0.4397,0.5335,0.5941,0.2436,0.0696
10,0,5,1,0.4377,0.4192,0.5023,0.3119,0.0983
10,0,5,2,0.5343,0.6468,0.7864,0.3057,0.0409
10,0,5,3,0.4703,0.5957,0.6670,0.2430,0.0510
10,0,5,4,0.5690,0.6355,0.7816,0.3602,0.0439
10,0,5,5,0.4348,0.4318,0.5306,0.3003,0.0961
10,0,5,6,0.4588,0.4533,0.5087,0.3272,0.0921
10,0,5,7,0.4480,0.4867,0.5445,0.2867,0.0764
10,0,5,8,0.4542,0.5977,0.7309,0.1777,0.0416
10,0,5,9,0.3752,0.6095,0.5926,0.1453,0.0752
10,0,5,10,0.5269,0.6809,0.6716,0.3275,0.0588
10,0,5,11,0.4527,0.5453,0.6110,0.2763,0.0716
10,0,6,0,0.3994,0.4548,0.5174,0.2323,0.0821
10,0,6,1,0.4778,0.6018,0.6853,0.2210,0.0401
10,0,6,2,0.4866,0.5463,0.6316,0.2841,0.0582
10,0,6,3,0.4625,0.5043,0.5328,0.3147,0.0832
10,0,6,4,0.4539,0.5733,0.5961,0.2493,0.0664
10,0,6,5,0.4520,0.5705,0.5844,0.2313,0.0600
10,0,6,6,0.4681,0.5824,0.6272,0.2515,0.0600
10,0,6,7,0.5163,0.6410,0.7785,0.2215,0.0309
10,0,6,8,0.5741,0.5985,0.6725,0.3988,0.0563
10,0,6,9,0.5249,0.5995,0.6365,0.3361,0.0593
10,0,6,10,0.4424,0.5518,0.5598,0.2607,0.0767
10,0,6,11,0.4802,0.6080,0.5637,0.3049,0.0775
10,0,7,0,0.5325,0.6439,0.7355,0.3186,0.0468
10,0,7,1,0.4285,0.5430,0.6288,0.2030,0.0604
10,0,7,2,0.4623,0.5780,0.6349,0.2652,0.0695
10,0,7,3,0.4346,0.4465,0.5327,0.2788,0.0875
10,0,7,4,0.4874,0.5907,0.5450,0.3371,0.0796
10,0,7,5,0.5556,0.6943,0.7951,0.3014,0.0314
10,0,7,6,0.4232,0.4111,0.5099,0.2842,0.0966
10,0,7,7,0.4121,0.4235,0.5199,0.2796,0.1021
10,0,7,8,0.5864,0.6416,0.7912,0.4084,0.0501
10,0,7,9,0.4762,0.5274,0.5781,0.3136,0.0772
10,0,7,10,0.3568,0.5434,0.5424,0.1391,0.0815
10,0,7,11,0.4250,0.4915,0.5545,0.2703,0.0901
10,0,8,0,0.5210,0.5482,0.5935,0.3685,0.0687
10,0,8,1,0.5354,0.5793,0.7284,0.3380,0.0563
10,0,8,2,0.4053,0.3878,0.4929,0.2782,0.1066
10,0,8,3,0.5237,0.5519,0.6818,0.3409,0.0589
10,0,8,4,0.4246,0.5085,0.5787,0.2335,0.0749
10,0,8,5,0.4106,0.4775,0.5525,0.2335,0.0826
10,0,8,6,0.4343,0.4298,0.5227,0.2958,0.0942
10,0,8,7,0.5562,0.7866,0.9267,0.1571,0.0106
10,0,8,8,0.6211,0.8090,0.9296,0.3373,0.0157
10,0,8,9,0.5721,0.6187,0.7102,0.3675,0.0418
10,0,8,10,0.4348,0.5108,0.5607,0.2571,0.0727
10,0,8,11,0.5752,0.6590,0.7538,0.3897,0.0443
10,0,9,0,0.5361,0.6257,0.6566,0.3460,0.0589
10,0,9,1,0.5851,0.6364,0.6812,0.4082,0.0540
10,0,9,2,0.7081,0.7722,0.8863,0.5290,0.0318
10,0,9,3,0.5133,0.5937,0.7105,0.3170,0.0585
10,0,9,4,0.4880,0.5565,0.6611,0.2986,0.0646
10,0,9,5,0.5770,0.7455,0.9144,0.2574,0.0229
10,0,9,6,0.4821,0.4734,0.5550,0.3479,0.0841
10,0,9,7,0.4467,0.4674,0.5224,0.3069,0.0899
10,0,9,8,0.7131,0.8053,0.9405,0.4571,0.0111
10,0,9,9,0.4189,0.4048,0.5104,0.2817,0.1005
10,0,9,10,0.5156,0.6909,0.8513,0.1257,0.0166
10,0,9,11,0.6682,0.7003,0.7856,0.4853,0.0400
10,0,10,0,1.0000,1.0000,1.0000,1.0000,0.0000
10,0,10,1,0.5586,0.7456,0.8116,0.3319,0.0537
10,0,10,2,0.7988,0.8370,0.9259,0.6253,0.0181
10,0,10,3,0.5335,0.6980,0.8432,0.2298,0.0423
10,0,10,4,0.8071,0.8325,0.8524,0.7185,0.0386
10,0,10,5,0.5790,0.7053,0.8450,0.3276,0.0409
10,0,10,6,0.7114,0.7788,0.8250,0.5688,0.0438
10,0,10,7,0.7121,0.7675,0.9505,0.4406,0.0185
10,0,10,8,0.5928,0.6656,0.8304,0.3615,0.0503
10,0,10,9,0.6534,0.7809,0.8658,0.4420,0.0438
10,0,10,10,0.7645,0.7864,0.7226,0.6869,0.0462
10,0,10,11,0.6014,0.8459,0.9873,0.1606,0.0056
10,0,11,0,0.5625,0.6210,0.7366,0.3637,0.0675
10,0,11,1,0.5622,0.6249,0.7514,0.3552,0.0644
10,0,11,2,0.6731,0.7949,0.9350,0.3863,0.0166
10,0,11,3,0.5807,0.6345,0.7479,0.3849,0.0630
10,0,11,4,0.5846,0.6430,0.7800,0.3619,0.0544
10,0,11,5,0.6005,0.6894,0.8253,0.3746,0.0514
10,0,11,6,0.6391,0.6927,0.8265,0.4168,0.0443
10,0,11,7,0.5429,0.6108,0.7381,0.3302,0.0670
10,0,11,8,0.6655,0.8186,0.9034,0.4187,0.0248
10,0,11,9,0.7237,0.8352,0.9594,0.4559,0.0119
10,0,11,10,0.6192,0.6965,0.8340,0.3820,0.0406
10,0,11,11,0.5192,0.5892,0.7068,0.3161,0.0755
10,1,0,0,0.4668,0.6098,0.6593,0.0796,0.0777
10,1,0,1,0.3632,0.6885,0.8849,0.0808,0.0464
10,1,0,2,0.2162,0.5347,0.8829,-0.0149,0.0133
10,1,0,3,0.1767,0.5889,0.8970,-0.0650,0.0150
10,1,0,4,0.3428,0.6303,0.8054,-0.0039,0.0638
10,1,0,5,0.5272,0.6789,0.9138,0.3264,0.0446
10,1,0,6,0.4228,0.6523,0.7353,0.0629,0.0636
10,1,0,7,0.2364,0.6186,0.8587,-0.1264,0.0408
10,1,0,8,0.3763,0.7061,0.7917,0.0124,0.0560
10,1,0,9,0.2786,0.5823,0.8855,-0.0349,0.0399
10,1,0,10,0.2687,0.6622,0.8699,0.0774,0.0244
10,1,0,11,0.1547,0.6051,0.8724,-0.1720,0.0357
10,1,1,0,0.5339,0.7853,0.9623,0.3623,0.0160
10,1,1,1,0.1594,0.5404,0.8251,-0.0658,0.0210
10,1,1,2,0.2273,0.5497,0.8910,-0.0269,0.0318
10,1,1,3,0.3001,0.5620,0.8628,0.0017,0.0419
10,1,1,4,0.0899,0.4678,0.7980,-0.1198,0.0379
10,1,1,5,0.3400,0.6112,0.9082,0.0971,0.0245
10,1,1,6,0.0474,0.3169,0.7853,-0.1243,0.0721
10,1,1,7,0.2062,0.4880,0.8652,-0.0029,0.0323
10,1,1,8,0.3403,0.6644,0.8721,0.0330,0.0379
10,1,1,9,0.2347,0.5202,0.8732,-0.0167,0.0278
10,1,1,10,0.1752,0.5013,0.8969,-0.1105,0.0364
10,1,1,11,0.4467,0.6373,0.8642,0.2370,0.0240
10,1,2,0,0.1210,0.5279,0.7630,-0.0259,0.0797
10,1,2,1,0.1121,0.4854,0.7741,-0.1058,0.0339
10,1,2,2,0.1268,0.4330,0.8467,-0.0857,0.0391
10,1,2,3,0.2377,0.5507,0.8843,0.0024,0.0218
10,1,2,4,0.3154,0.6209,0.9016,0.0569,0.0268
10,1,2,5,0.3155,0.5918,0.8701,0.0220,0.0426
10,1,2,6,0.5595,0.6625,0.8873,0.4101,0.0208
10,1,2,7,0.2206,0.5471,0.8938,-0.0776,0.0436
10,1,2,8,0.3186,0.6064,0.8715,0.0656,0.0298
10,1,2,9,0.1269,0.5291,0.7636,-0.0206,0.0778
10,1,2,10,0.1550,0.4600,0.8993,-0.0810,0.0341
10,1,2,11,0.2197,0.4636,0.8683,-0.0391,0.0366
10,1,3,0,0.3736,0.6792,0.8494,0.1933,0.0167
10,1,3,1,0.3978,0.7194,0.8999,0.1373,0.0376
10,1,3,2,0.3828,0.7624,0.8953,0.1415,0.0294
10,1,3,3,0.4490,0.6816,0.9232,0.2278,0.0251
10,1,3,4,0.3166,0.5996,0.8605,0.0212,0.0419
10,1,3,5,0.0879,0.5453,0.8292,-0.1193,0.0387
10,1,3,6,0.4391,0.7356,0.8933,0.2000,0.0264
10,1,3,7,0.4131,0.6910,0.9104,0.1745,0.0275
10,1,3,8,0.3108,0.6214,0.9243,0.0505,0.0281
10,1,3,9,0.1668,0.4843,0.8090,-0.0235,0.0370
10,1,3,10,0.3177,0.6082,0.8485,0.0922,0.0144
10,1,3,11,0.1868,0.5700,0.8808,-0.0837,0.0242
10,1,4,0,0.4480,0.7206,0.8680,0.3041,0.0251
10,1,4,1,0.4264,0.6873,0.8643,0.1767,0.0405
10,1,4,2,0.4126,0.7206,0.9024,0.2341,0.0346
10,1,4,3,0.3972,0.6642,0.8134,0.2935,0.0676
10,1,4,4,0.3766,0.6175,0.8588,0.1527,0.0321
10,1,4,5,0.3843,0.6432,0.7976,0.2327,0.0268
10,1,4,6,0.3932,0.6681,0.8507,0.2387,0.0297
10,1,4,7,0.3280,0.6597,0.7952,0.1841,0.0468
10,1,4,8,0.4161,0.6859,0.8405,0.2661,0.0320
10,1,4,9,0.4200,0.7355,0.8763,0.2344,0.0288
10,1,4,10,0.3569,0.6048,0.8495,0.1759,0.0231
10,1,4,11,0.3532,0.6998,0.8469,0.2060,0.0357
10,1,5,0,0.4039,0.6823,0.8134,0.2641,0.0357
10,1,5,1,0.3505,0.6344,0.7916,0.2323,0.0644
10,1,5,2,0.4314,0.7375,0.9202,0.2564,0.0333
10,1,5,3,0.3751,0.6463,0.8519,0.2043,0.0300
10,1,5,4,0.4571,0.7803,0.9210,0.2880,0.0291
10,1,5,5,0.3871,0.6555,0.8146,0.2734,0.0630
10,1,5,6,0.3244,0.6457,0.7894,0.1916,0.0550
10,1,5,7,0.3841,0.6657,0.8062,0.2534,0.0444
10,1,5,8,0.4164,0.6677,0.8739,0.2400,0.0304
10,1,5,9,0.3071,0.6999,0.8359,0.1462,0.0347
10,1,5,10,0.3445,0.6482,0.8631,0.1605,0.0171
10,1,5,11,0.4285,0.6820,0.8449,0.3002,0.0409
10,1,6,0,0.3353,0.6220,0.7953,0.2044,0.0531
10,1,6,1,0.3793,0.6104,0.8365,0.1934,0.0310
10,1,6,2,0.3922,0.6328,0.8605,0.2329,0.0298
10,1,6,3,0.3357,0.6668,0.8000,0.1962,0.0466
10,1,6,4,0.3720,0.6546,0.8228,0.2161,0.0279
10,1,6,5,0.3776,0.6723,0.8202,0.2162,0.0221
10,1,6,6,0.3778,0.7129,0.8415,0.2135,0.0221
10,1,6,7,0.3863,0.6952,0.8687,0.1717,0.0279
10,1,6,8,0.4145,0.6884,0.8704,0.2470,0.0217
10,1,6,9,0.3000,0.6528,0.8291,0.1100,0.0210
10,1,6,10,0.3572,0.6424,0.8039,0.2121,0.0393
10,1,6,11,0.3438,0.6363,0.8273,0.1872,0.0317
10,1,7,0,0.4345,0.7130,0.8958,0.2677,0.0237
10,1,7,1,0.3802,0.6146,0.8282,0.2242,0.0296
10,1,7,2,0.3901,0.7180,0.8706,0.2400,0.0316
10,1,7,3,0.3989,0.6561,0.8078,0.2779,0.0539
10,1,7,4,0.3162,0.6815,0.8054,0.1632,0.0371
10,1,7,5,0.4224,0.6554,0.8766,0.2256,0.0279
10,1,7,6,0.3806,0.6324,0.7981,0.2665,0.0639
10,1,7,7,0.4106,0.6498,0.8307,0.3090,0.0683
10,1,7,8,0.6878,0.8561,0.9804,0.5958,0.0145
10,1,7,9,0.3290,0.6712,0.8256,0.1764,0.0403
10,1,7,10,0.3637,0.6564,0.8139,0.2273,0.0421
10,1,7,11,0.4279,0.6549,0.8389,0.3165,0.0534
10,1,8,0,0.4076,0.6817,0.8309,0.2657,0.0342
10,1,8,1,0.4612,0.7440,0.9116,0.3087,0.0366
10,1,8,2,0.3501,0.6125,0.7917,0.2402,0.0735
10,1,8,3,0.4450,0.7316,0.8862,0.2980,0.0284
10,1,8,4,0.3639,0.6419,0.8247,0.2210,0.0438
10,1,8,5,0.3891,0.6528,0.8216,0.2626,0.0484
10,1,8,6,0.3777,0.6378,0.8038,0.2602,0.0619
10,1,8,7,0.3926,0.6680,0.8498,0.1145,0.0478
10,1,8,8,0.4624,0.7256,0.8819,0.2435,0.0413
10,1,8,9,0.4490,0.6958,0.8617,0.2785,0.0246
10,1,8,10,0.4129,0.6721,0.8265,0.2851,0.0411
10,1,8,11,0.5039,0.7511,0.9213,0.3575,0.0221
10,1,9,0,0.4762,0.7347,0.8641,0.3310,0.0189
10,1,9,1,0.3935,0.6635,0.8699,0.2153,0.0156
10,1,9,2,0.5624,0.8025,0.9462,0.3983,0.0231
10,1,9,3,0.5019,0.7590,0.9177,0.3675,0.0291
10,1,9,4,0.4840,0.7274,0.8759,0.3544,0.0335
10,1,9,5,0.5131,0.7541,0.8974,0.3163,0.0382
10,1,9,6,0.4019,0.6764,0.8288,0.2787,0.0518
10,1,9,7,0.4292,0.6410,0.8014,0.3192,0.0526
10,1,9,8,0.5769,0.7471,0.8900,0.3893,0.0430
10,1,9,9,0.3647,0.6214,0.8000,0.2492,0.0684
10,1,9,10,0.3931,0.6927,0.8587,0.1369,0.0369
10,1,9,11,0.3984,0.7254,0.9144,0.1870,0.0168
10,1,10,0,0.5586,0.7456,0.8116,0.3319,0.0537
10,1,10,1,1.0000,1.0000,1.0000,1.0000,0.0000
10,1,10,2,0.8003,0.9202,0.9669,0.7257,0.0359
10,1,10,3,0.7419,0.8746,0.9564,0.6487,0.0127
10,1,10,4,0.6472,0.8322,0.9741,0.5201,0.0163
10,1,10,5,0.8843,0.9432,0.9942,0.8445,0.0156
10,1,10,6,0.8371,0.9235,0.9986,0.7816,0.0108
10,1,10,7,0.7719,0.8854,0.9168,0.6836,0.0361
10,1,10,8,0.7318,0.8641,0.9159,0.6398,0.0095
10,1,10,9,0.9086,0.9513,0.9929,0.8773,0.0170
10,1,10,10,0.3500,0.6090,0.8845,0.1444,0.0140
10,1,10,11,0.6356,0.8013,0.8504,0.4666,0.0494
10,1,11,0,0.8343,0.8960,0.9446,0.7851,0.0172
10,1,11,1,0.8125,0.8775,0.9429,0.7553,0.0173
10,1,11,2,0.7930,0.8837,0.9263,0.7145,0.0379
10,1,11,3,0.8244,0.8906,0.9363,0.7706,0.0151
10,1,11,4,0.8215,0.8886,0.9431,0.7623,0.0150
10,1,11,5,0.8238,0.8927,0.9389,0.7635,0.0136
10,1,11,6,0.8101,0.8995,0.9577,0.7422,0.0128
10,1,11,7,0.8512,0.8932,0.9385,0.8070,0.0198
10,1,11,8,0.7900,0.8465,0.9739,0.7106,0.0301
10,1,11,9,0.8173,0.8902,0.9358,0.7544,0.0431
10,1,11,10,0.8409,0.9025,0.9606,0.7846,0.0147
10,1,11,11,0.8435,0.8860,0.9382,0.8012,0.0241
10,2,0,0,0.5856,0.7120,0.8243,0.0460,0.0431
10,2,0,1,0.3707,0.7302,0.9467,-0.0565,0.0176
10,2,0,2,0.4482,0.5965,0.8540,0.2213,0.0403
10,2,0,3,0.2722,0.6161,0.8608,-0.0373,0.0391
10,2,0,4,0.5168,0.7166,0.9225,0.1181,0.0363
10,2,0,5,0.5499,0.7389,0.9567,0.2528,0.0136
10,2,0,6,0.4775,0.7235,0.8794,-0.0700,0.0277
10,2,0,7,0.4009,0.7073,0.9290,-0.0320,0.0084
10,2,0,8,0.4222,0.7891,0.9150,-0.1223,0.0205
10,2,0,9,0.4755,0.6799,0.9287,0.1308,0.0192
10,2,0,10,0.3019,0.6452,0.8190,0.0431,0.0467
10,2,0,11,0.3794,0.6452,0.8830,0.0234,0.0136
10,2,1,0,0.7838,0.8762,0.9671,0.6726,0.0215
10,2,1,1,0.3539,0.5541,0.7845,0.1117,0.0456
10,2,1,2,0.4474,0.6532,0.8958,0.1860,0.0258
10,2,1,3,0.5548,0.6696,0.9238,0.2684,0.0206
10,2,1,4,0.3707,0.5114,0.7426,0.1787,0.0596
10,2,1,5,0.6050,0.7361,0.9297,0.3943,0.0195
10,2,1,6,0.3907,0.4302,0.7048,0.2659,0.0940
10,2,1,7,0.5239,0.6219,0.8361,0.3622,0.0503
10,2,1,8,0.6458,0.7786,0.9497,0.3921,0.0098
10,2,1,9,0.5759,0.6453,0.8658,0.3812,0.0275
10,2,1,10,0.4879,0.6239,0.9120,0.2315,0.0255
10,2,1,11,0.4780,0.6320,0.8717,0.1839,0.0174
10,2,2,0,0.1694,0.5006,0.6942,-0.0238,0.1016
10,2,2,1,0.3974,0.5259,0.7306,0.1996,0.0584
10,2,2,2,0.4895,0.5640,0.8048,0.3331,0.0560
10,2,2,3,0.5476,0.6742,0.8742,0.3557,0.0331
10,2,2,4,0.6047,0.7370,0.9296,0.3865,0.0175
10,2,2,5,0.5524,0.7083,0.9312,0.2622,0.0165
10,2,2,6,0.5758,0.6641,0.8720,0.3719,0.0233
10,2,2,7,0.4933,0.6579,0.9450,0.2070,0.0242
10,2,2,8,0.5638,0.7157,0.9055,0.3272,0.0155
10,2,2,9,0.1768,0.5022,0.6955,-0.0165,0.0998
10,2,2,10,0.4453,0.5602,0.8708,0.2325,0.0472
10,2,2,11,0.4092,0.5924,0.8836,0.1256,0.0224
10,2,3,0,0.5596,0.7180,0.8142,0.3914,0.0509
10,2,3,1,0.6038,0.7855,0.9520,0.3420,0.0128
10,2,3,2,0.6144,0.7937,0.9341,0.3912,0.0123
10,2,3,3,0.6043,0.7445,0.9542,0.3657,0.0115
10,2,3,4,0.4705,0.6981,0.9326,0.1235,0.0155
10,2,3,5,0.2722,0.5530,0.7740,0.0433,0.0657
10,2,3,6,0.6658,0.8247,0.9479,0.4482,0.0105
10,2,3,7,0.6564,0.7938,0.9539,0.4469,0.0108
10,2,3,8,0.4475,0.6885,0.9433,0.1388,0.0146
10,2,3,9,0.2819,0.5533,0.7550,0.0544,0.0612
10,2,3,10,0.4570,0.6725,0.8434,0.1992,0.0280
10,2,3,11,0.4201,0.6164,0.8737,0.1411,0.0215
10,2,4,0,0.4767,0.7184,0.8363,0.2944,0.0454
10,2,4,1,0.4485,0.7433,0.9272,0.0795,0.0166
10,2,4,2,0.4628,0.7465,0.8835,0.2337,0.0354
10,2,4,3,0.4101,0.6209,0.7313,0.2860,0.0896
10,2,4,4,0.4484,0.6727,0.8951,0.1577,0.0138
10,2,4,5,0.4412,0.6106,0.7556,0.2579,0.0506
10,2,4,6,0.4540,0.6703,0.8172,0.2681,0.0481
10,2,4,7,0.3981,0.6144,0.7366,0.2304,0.0692
10,2,4,8,0.4711,0.6589,0.8015,0.2903,0.0470
10,2,4,9,0.5361,0.7318,0.8690,0.3283,0.0314
10,2,4,10,0.4331,0.6454,0.8295,0.2120,0.0337
10,2,4,11,0.4056,0.6969,0.7954,0.2264,0.0628
10,2,5,0,0.4352,0.6455,0.7640,0.2605,0.0567
10,2,5,1,0.3815,0.5820,0.7153,0.2392,0.0859
10,2,5,2,0.5090,0.7692,0.9149,0.2989,0.0323
10,2,5,3,0.4167,0.6838,0.8290,0.1960,0.0398
10,2,5,4,0.5319,0.7757,0.9084,0.3298,0.0336
10,2,5,5,0.4125,0.6055,0.7395,0.2768,0.0849
10,2,5,6,0.3771,0.5885,0.7190,0.2193,0.0797
10,2,5,7,0.4319,0.6348,0.7426,0.2780,0.0648
10,2,5,8,0.4617,0.6661,0.8650,0.2337,0.0291
10,2,5,9,0.3442,0.6619,0.7869,0.1356,0.0600
10,2,5,10,0.4458,0.6667,0.8333,0.2314,0.0413
10,2,5,11,0.4685,0.6590,0.7962,0.3165,0.0601
10,2,6,0,0.3434,0.6176,0.7306,0.1714,0.0728
10,2,6,1,0.4247,0.6538,0.8306,0.1814,0.0314
10,2,6,2,0.4142,0.6609,0.8160,0.2035,0.0465
10,2,6,3,0.3945,0.6162,0.7379,0.2292,0.0695
10,2,6,4,0.4176,0.6574,0.7826,0.2225,0.0517
10,2,6,5,0.4009,0.6613,0.7745,0.1873,0.0436
10,2,6,6,0.4293,0.6704,0.7995,0.2235,0.0446
10,2,6,7,0.4553,0.7224,0.8833,0.1778,0.0215
10,2,6,8,0.5309,0.7121,0.8384,0.3506,0.0425
10,2,6,9,0.4066,0.6363,0.7899,0.1836,0.0439
10,2,6,10,0.3782,0.6402,0.7548,0.1893,0.0628
10,2,6,11,0.3860,0.6264,0.7751,0.1875,0.0626
10,2,7,0,0.4656,0.7382,0.8760,0.2464,0.0330
10,2,7,1,0.4249,0.6141,0.7943,0.2294,0.0470
10,2,7,2,0.4305,0.7083,0.8225,0.2426,0.0549
10,2,7,3,0.4119,0.6051,0.7357,0.2599,0.0759
10,2,7,4,0.3875,0.6320,0.7510,0.2058,0.0643
10,2,7,5,0.4779,0.6876,0.8972,0.2211,0.0214
10,2,7,6,0.3846,0.5829,0.7209,0.2397,0.0856
10,2,7,7,0.4008,0.6231,0.7460,0.2718,0.0903
10,2,7,8,0.7508,0.8431,0.9408,0.6672,0.0330
10,2,7,9,0.3965,0.6307,0.7679,0.2142,0.0644
10,2,7,10,0.3642,0.6263,0.7540,0.1813,0.0679
10,2,7,11,0.4140,0.6430,0.7691,0.2680,0.0776
10,2,8,0,0.4934,0.6633,0.7783,0.3385,0.0553
10,2,8,1,0.4893,0.7244,0.8763,0.2924,0.0459
10,2,8,2,0.3669,0.5609,0.7103,0.2321,0.0957
10,2,8,3,0.4927,0.6937,0.8411,0.3139,0.0456
10,2,8,4,0.3805,0.6474,0.7736,0.1936,0.0641
10,2,8,5,0.4071,0.6267,0.7576,0.2480,0.0704
10,2,8,6,0.4041,0.5905,0.7296,0.2623,0.0837
10,2,8,7,0.4236,0.7453,0.9370,0.0154,0.0198
10,2,8,8,0.5289,0.7901,0.9527,0.2382,0.0167
10,2,8,9,0.5447,0.6798,0.8479,0.3504,0.0284
10,2,8,10,0.4253,0.6430,0.7641,0.2624,0.0613
10,2,8,11,0.5866,0.7493,0.8969,0.4247,0.0298
10,2,9,0,0.4802,0.7083,0.8288,0.2842,0.0428
10,2,9,1,0.5655,0.7150,0.8431,0.3949,0.0387
10,2,9,2,0.7289,0.8406,0.9692,0.5819,0.0186
10,2,9,3,0.5340,0.7470,0.8719,0.3690,0.0469
10,2,9,4,0.4731,0.7057,0.8303,0.2976,0.0528
10,2,9,5,0.5634,0.7814,0.9532,0.2952,0.0219
10,2,9,6,0.4508,0.6431,0.7561,0.3098,0.0734
10,2,9,7,0.4332,0.5906,0.7328,0.2965,0.0767
10,2,9,8,0.6514,0.7926,0.9601,0.4016,0.0135
10,2,9,9,0.3854,0.5769,0.7224,0.2440,0.0899
10,2,9,10,0.5147,0.7146,0.9029,0.2034,0.0114
10,2,9,11,0.5886,0.8042,0.9107,0.3817,0.0237
10,2,10,0,0.7988,0.8370,0.9259,0.6253,0.0181
10,2,10,1,0.8003,0.9202,0.9669,0.7257,0.0359
10,2,10,2,1.0000,1.0000,1.0000,1.0000,0.0000
10,2,10,3,0.7356,0.8738,0.9327,0.5988,0.0249
10,2,10,4,0.8015,0.8587,0.9638,0.7039,0.0215
10,2,10,5,0.8135,0.8946,0.9726,0.7278,0.0240
10,2,10,6,0.8985,0.9224,0.9703,0.8629,0.0262
10,2,10,7,0.8503,0.9193,0.9625,0.7388,0.0066
10,2,10,8,0.7156,0.8432,0.8915,0.5821,0.0324
10,2,10,9,0.8081,0.9000,0.9801,0.7118,0.0263
10,2,10,10,0.5907,0.6918,0.8684,0.4136,0.0290
10,2,10,11,0.6689,0.8586,0.9516,0.3916,0.0158
10,2,11,0,0.7657,0.8411,0.8794,0.6868,0.0497
10,2,11,1,0.7451,0.8361,0.8825,0.6520,0.0470
10,2,11,2,0.7599,0.8668,0.9575,0.5910,0.0082
10,2,11,3,0.7799,0.8458,0.8762,0.7029,0.0451
10,2,11,4,0.7626,0.8429,0.8946,0.6616,0.0375
10,2,11,5,0.7476,0.8565,0.9114,0.6309,0.0346
10,2,11,6,0.7854,0.8726,0.9310,0.6765,0.0269
10,2,11,7,0.7797,0.8441,0.8741,0.7073,0.0496
10,2,11,8,0.6797,0.8146,0.9880,0.4829,0.0124
10,2,11,9,0.7737,0.8807,0.9836,0.6016,0.0115
10,2,11,10,0.7765,0.8535,0.9330,0.6628,0.0235
10,2,11,11,0.7569,0.8289,0.8616,0.6871,0.0578
10,3,0,0,0.5223,0.6010,0.6896,0.1031,0.0650
10,3,0,1,0.2931,0.5882,0.7891,-0.0751,0.0378
10,3,0,2,0.2019,0.4385,0.7529,-0.0681,0.0195
10,3,0,3,0.1265,0.4444,0.7963,-0.1685,0.0206
10,3,0,4,0.3923,0.5735,0.7669,0.0159,0.0560
10,3,0,5,0.4175,0.6409,0.8109,0.1227,0.0354
10,3,0,6,0.3684,0.6408,0.7395,-0.1236,0.0522
10,3,0,7,0.3096,0.6058,0.7608,-0.0712,0.0306
10,3,0,8,0.3644,0.7012,0.7713,-0.0813,0.0446
10,3,0,9,0.3208,0.5581,0.7765,-0.0224,0.0309
10,3,0,10,0.2066,0.4842,0.7324,-0.0311,0.0321
10,3,0,11,0.2443,0.5367,0.7362,-0.0931,0.0297
10,3,1,0,0.6858,0.8163,0.8718,0.5512,0.0086
10,3,1,1,0.2539,0.4567,0.6606,0.0261,0.0294
10,3,1,2,0.3158,0.5462,0.7593,0.0569,0.0281
10,3,1,3,0.4066,0.5716,0.7765,0.1127,0.0361
10,3,1,4,0.1761,0.4065,0.6276,-0.0397,0.0467
10,3,1,5,0.5816,0.6634,0.8257,0.4035,0.0194
10,3,1,6,0.2060,0.3667,0.6482,0.0490,0.0803
10,3,1,7,0.3624,0.5226,0.7445,0.1729,0.0368
10,3,1,8,0.5483,0.6761,0.8262,0.3054,0.0271
10,3,1,9,0.4476,0.5392,0.7612,0.2393,0.0244
10,3,1,10,0.2974,0.4996,0.7895,0.0170,0.0325
10,3,1,11,0.3462,0.5042,0.7195,0.0579,0.0169
10,3,2,0,0.1201,0.3431,0.5686,-0.0473,0.0880
10,3,2,1,0.2256,0.4334,0.6242,0.0100,0.0426
10,3,2,2,0.2758,0.4591,0.7135,0.0770,0.0444
10,3,2,3,0.4620,0.5870,0.7734,0.2725,0.0212
10,3,2,4,0.4182,0.6110,0.8133,0.1638,0.0206
10,3,2,5,0.4528,0.6126,0.7986,0.1804,0.0357
10,3,2,6,0.3696,0.4955,0.7398,0.1231,0.0179
10,3,2,7,0.3701,0.5627,0.8177,0.0915,0.0363
10,3,2,8,0.5150,0.6131,0.7527,0.3065,0.0238
10,3,2,9,0.1251,0.3476,0.5694,-0.0433,0.0861
10,3,2,10,0.2646,0.4830,0.7681,0.0300,0.0343
10,3,2,11,0.3731,0.4848,0.7439,0.1340,0.0321
10,3,3,0,0.6067,0.6461,0.7217,0.4805,0.0279
10,3,3,1,0.5447,0.6906,0.8322,0.3151,0.0297
10,3,3,2,0.5714,0.7008,0.8031,0.3768,0.0226
10,3,3,3,0.6228,0.6536,0.8514,0.4463,0.0158
10,3,3,4,0.5435,0.6060,0.7801,0.3152,0.0341
10,3,3,5,0.1600,0.4373,0.6656,-0.0572,0.0478
10,3,3,6,0.6868,0.7348,0.8478,0.5321,0.0155
10,3,3,7,0.6147,0.6787,0.8434,0.4324,0.0174
10,3,3,8,0.4630,0.5930,0.8187,0.2283,0.0221
10,3,3,9,0.2508,0.4610,0.6401,0.0578,0.0461
10,3,3,10,0.3713,0.5394,0.6861,0.1323,0.0140
10,3,3,11,0.3132,0.5115,0.7868,0.0504,0.0232
10,3,4,0,0.5504,0.6418,0.7465,0.4208,0.0327
10,3,4,1,0.6018,0.6629,0.7684,0.3999,0.0336
10,3,4,2,0.7128,0.7321,0.7962,0.6156,0.0315
10,3,4,3,0.6348,0.6317,0.6913,0.5824,0.0758
10,3,4,4,0.4222,0.5832,0.7308,0.1822,0.0257
10,3,4,5,0.4652,0.5494,0.6819,0.3189,0.0350
10,3,4,6,0.5162,0.5899,0.7101,0.3800,0.0343
10,3,4,7,0.5367,0.5756,0.6359,0.4338,0.0554
10,3,4,8,0.6544,0.6567,0.7317,0.5600,0.0363
10,3,4,9,0.6369,0.6828,0.7752,0.5047,0.0251
10,3,4,10,0.5264,0.5595,0.7181,0.3769,0.0262
10,3,4,11,0.5904,0.6427,0.7081,0.4938,0.0444
10,3,5,0,0.5590,0.6273,0.7006,0.4484,0.0437
10,3,5,1,0.6082,0.5996,0.6552,0.5446,0.0725
10,3,5,2,0.6419,0.7327,0.8261,0.5176,0.0301
10,3,5,3,0.5802,0.6121,0.7216,0.4534,0.0309
10,3,5,4,0.7020,0.7532,0.8456,0.5977,0.0264
10,3,5,5,0.6377,0.6218,0.6895,0.5786,0.0712
10,3,5,6,0.5750,0.5975,0.6449,0.4940,0.0637
10,3,5,7,0.6036,0.6126,0.6751,0.5195,0.0527
10,3,5,8,0.6007,0.6222,0.7590,0.4645,0.0266
10,3,5,9,0.4007,0.5681,0.6912,0.2462,0.0439
10,3,5,10,0.4407,0.5351,0.7396,0.2632,0.0248
10,3,5,11,0.6170,0.6067,0.7182,0.5288,0.0493
10,3,6,0,0.6270,0.6174,0.6417,0.5595,0.0622
10,3,6,1,0.5910,0.5631,0.6967,0.4530,0.0284
10,3,6,2,0.5885,0.6505,0.7320,0.4707,0.0332
10,3,6,3,0.5449,0.5933,0.6526,0.4467,0.0557
10,3,6,4,0.5893,0.6046,0.6725,0.4800,0.0363
10,3,6,5,0.5435,0.6111,0.6702,0.4132,0.0303
10,3,6,6,0.5593,0.6342,0.7158,0.4311,0.0300
10,3,6,7,0.6057,0.6609,0.7604,0.4467,0.0243
10,3,6,8,0.6898,0.6885,0.7523,0.5925,0.0267
10,3,6,9,0.4283,0.5906,0.7281,0.2534,0.0271
10,3,6,10,0.5694,0.5874,0.6524,0.4677,0.0479
10,3,6,11,0.4314,0.5386,0.6629,0.2807,0.0413
10,3,7,0,0.5911,0.6915,0.8101,0.4556,0.0217
10,3,7,1,0.6047,0.5733,0.7005,0.4980,0.0354
10,3,7,2,0.6279,0.6762,0.7458,0.5313,0.0398
10,3,7,3,0.6274,0.6236,0.6837,0.5560,0.0626
10,3,7,4,0.4643,0.5609,0.6462,0.3343,0.0459
10,3,7,5,0.4952,0.5899,0.7725,0.2972,0.0239
10,3,7,6,0.6357,0.6095,0.6683,0.5769,0.0723
10,3,7,7,0.6357,0.6484,0.7008,0.5829,0.0768
10,3,7,8,0.7960,0.8565,0.9422,0.7313,0.0217
10,3,7,9,0.5406,0.6238,0.6989,0.4300,0.0491
10,3,7,10,0.4556,0.5826,0.6566,0.3289,0.0511
10,3,7,11,0.6221,0.6340,0.7036,0.5523,0.0625
10,3,8,0,0.6469,0.6367,0.7064,0.5595,0.0419
10,3,8,1,0.6986,0.7230,0.8356,0.6057,0.0353
10,3,8,2,0.6187,0.5946,0.6592,0.5657,0.0824
10,3,8,3,0.6663,0.7160,0.7948,0.5715,0.0329
10,3,8,4,0.6469,0.6387,0.6844,0.5683,0.0510
10,3,8,5,0.6328,0.6312,0.6867,0.5598,0.0570
10,3,8,6,0.6175,0.6132,0.6776,0.5514,0.0701
10,3,8,7,0.4878,0.6159,0.7789,0.2134,0.0401
10,3,8,8,0.5095,0.6695,0.8272,0.2756,0.0337
10,3,8,9,0.5720,0.6491,0.7477,0.4215,0.0223
10,3,8,10,0.5864,0.6184,0.6914,0.4935,0.0498
10,3,8,11,0.6069,0.7226,0.8442,0.4766,0.0236
10,3,9,0,0.5501,0.6311,0.7343,0.4106,0.0264
10,3,9,1,0.6460,0.6655,0.7512,0.5300,0.0208
10,3,9,2,0.7386,0.7954,0.8945,0.6241,0.0168
10,3,9,3,0.6944,0.7624,0.8464,0.6060,0.0319
10,3,9,4,0.6949,0.6918,0.7800,0.6156,0.0398
10,3,9,5,0.6379,0.7027,0.8429,0.4662,0.0317
10,3,9,6,0.6525,0.6571,0.7154,0.5852,0.0606
10,3,9,7,0.5664,0.5724,0.6611,0.4826,0.0616
10,3,9,8,0.5518,0.6606,0.8392,0.3107,0.0338
10,3,9,9,0.6300,0.6054,0.6710,0.5717,0.0764
10,3,9,10,0.5582,0.6380,0.7857,0.3410,0.0301
10,3,9,11,0.6834,0.7323,0.8261,0.5551,0.0123
10,3,10,0,0.5335,0.6980,0.8432,0.2298,0.0423
10,3,10,1,0.7419,0.8746,0.9564,0.6487,0.0127
10,3,10,2,0.7356,0.8738,0.9327,0.5988,0.0249
10,3,10,3,1.0000,1.0000,1.0000,1.0000,0.0000
10,3,10,4,0.6312,0.7612,0.9565,0.4763,0.0132
10,3,10,5,0.7973,0.8923,0.9791,0.7149,0.0138
10,3,10,6,0.7052,0.8313,0.9656,0.5887,0.0114
10,3,10,7,0.9111,0.9517,0.9622,0.8754,0.0248
10,3,10,8,0.8432,0.9264,0.9879,0.7814,0.0112
10,3,10,9,0.7107,0.8509,0.9746,0.5877,0.0173
10,3,10,10,0.3223,0.5098,0.7672,0.0762,0.0203
10,3,10,11,0.5492,0.7468,0.8416,0.2736,0.0383
10,3,11,0,0.9039,0.9347,0.9832,0.8758,0.0255
10,3,11,1,0.9173,0.9492,0.9876,0.8923,0.0231
10,3,11,2,0.7466,0.8712,0.9761,0.6169,0.0266
10,3,11,3,0.9085,0.9389,0.9864,0.8800,0.0209
10,3,11,4,0.9011,0.9420,0.9934,0.8646,0.0146
10,3,11,5,0.8918,0.9350,0.9972,0.8493,0.0103
10,3,11,6,0.8905,0.9543,0.9934,0.8439,0.0065
10,3,11,7,0.9226,0.9486,0.9843,0.9009,0.0252
10,3,11,8,0.5892,0.7616,0.9452,0.3935,0.0205
10,3,11,9,0.6722,0.8386,0.9535,0.4923,0.0314
10,3,11,10,0.8523,0.9002,0.9994,0.7895,0.0086
10,3,11,11,0.9227,0.9386,0.9755,0.9062,0.0333
10,4,0,0,0.4630,0.6430,0.7024,-0.0368,0.0637
10,4,0,1,0.3649,0.7440,0.8868,0.0389,0.0333
10,4,0,2,0.5274,0.6396,0.8720,0.3716,0.0211
10,4,0,3,0.2633,0.6216,0.8873,0.0182,0.0202
10,4,0,4,0.4582,0.6781,0.8328,0.1308,0.0531
10,4,0,5,0.4917,0.7036,0.9142,0.2385,0.0302
10,4,0,6,0.4296,0.6780,0.7659,0.0025,0.0482
10,4,0,7,0.3885,0.6494,0.8617,0.0571,0.0266
10,4,0,8,0.3472,0.7114,0.8157,-0.1061,0.0401
10,4,0,9,0.4507,0.6418,0.8910,0.1777,0.0292
10,4,0,10,0.2654,0.6424,0.8413,0.0487,0.0285
10,4,0,11,0.3511,0.6277,0.8652,0.0650,0.0249
10,4,1,0,0.7297,0.7949,0.9598,0.6153,0.0090
10,4,1,1,0.3390,0.5814,0.8127,0.1406,0.0271
10,4,1,2,0.4809,0.6751,0.8805,0.2869,0.0263
10,4,1,3,0.6000,0.7124,0.8918,0.4059,0.0311
10,4,1,4,0.3785,0.5769,0.7813,0.2229,0.0425
10,4,1,5,0.5847,0.7196,0.9426,0.4100,0.0142
10,4,1,6,0.5122,0.5405,0.7959,0.4331,0.0761
10,4,1,7,0.6070,0.6970,0.8891,0.4959,0.0327
10,4,1,8,0.7112,0.7956,0.9147,0.5629,0.0245
10,4,1,9,0.7347,0.7308,0.9021,0.6365,0.0220
10,4,1,10,0.5164,0.6348,0.9017,0.3257,0.0305
10,4,1,11,0.3756,0.5775,0.8527,0.1036,0.0154
10,4,2,0,0.1142,0.5008,0.7225,-0.0530,0.0839
10,4,2,1,0.4871,0.6140,0.7901,0.3515,0.0392
10,4,2,2,0.6166,0.6626,0.8603,0.5207,0.0399
10,4,2,3,0.6443,0.7234,0.9105,0.5216,0.0172
10,4,2,4,0.6205,0.7719,0.9268,0.4566,0.0168
10,4,2,5,0.5398,0.7224,0.9082,0.3143,0.0311
10,4,2,6,0.4540,0.6052,0.8657,0.2430,0.0128
10,4,2,7,0.5218,0.7008,0.9187,0.3129,0.0346
10,4,2,8,0.5225,0.6890,0.8851,0.3197,0.0166
10,4,2,9,0.1173,0.5020,0.7239,-0.0513,0.0820
10,4,2,10,0.4978,0.6023,0.8949,0.3420,0.0318
10,4,2,11,0.3780,0.6102,0.8858,0.1436,0.0296
10,4,3,0,0.6251,0.6964,0.8721,0.5062,0.0304
10,4,3,1,0.5975,0.7858,0.9335,0.3980,0.0262
10,4,3,2,0.6078,0.7450,0.9153,0.4320,0.0162
10,4,3,3,0.5328,0.7296,0.9506,0.3165,0.0109
10,4,3,4,0.4509,0.6066,0.8855,0.1786,0.0284
10,4,3,5,0.2851,0.5618,0.8092,0.1058,0.0465
10,4,3,6,0.7540,0.8076,0.9425,0.6355,0.0182
10,4,3,7,0.7031,0.8185,0.9454,0.5650,0.0161
10,4,3,8,0.4262,0.6555,0.9300,0.1783,0.0170
10,4,3,9,0.2801,0.5437,0.7972,0.0974,0.0423
10,4,3,10,0.4188,0.6250,0.8291,0.2005,0.0090
10,4,3,11,0.4730,0.6383,0.9068,0.2739,0.0149
10,4,4,0,0.5103,0.7017,0.8888,0.3692,0.0282
10,4,4,1,0.4677,0.6707,0.8764,0.1992,0.0293
10,4,4,2,0.5327,0.6500,0.9161,0.3730,0.0278
10,4,4,3,0.4792,0.5511,0.8261,0.3873,0.0720
10,4,4,4,0.3452,0.6316,0.8594,0.0764,0.0203
10,4,4,5,0.4281,0.6172,0.8285,0.2719,0.0322
10,4,4,6,0.4612,0.6430,0.8605,0.3092,0.0300
10,4,4,7,0.4155,0.5199,0.7915,0.2796,0.0516
10,4,4,8,0.4957,0.6289,0.8624,0.3528,0.0317
10,4,4,9,0.5676,0.6753,0.9073,0.4113,0.0225
10,4,4,10,0.4725,0.5715,0.8718,0.3066,0.0195
10,4,4,11,0.4538,0.6257,0.8543,0.3186,0.0438
10,4,5,0,0.4516,0.5859,0.8429,0.3103,0.0397
10,4,5,1,0.4417,0.5002,0.8003,0.3352,0.0687
10,4,5,2,0.4808,0.6756,0.9342,0.3005,0.0281
10,4,5,3,0.4788,0.5995,0.8733,0.3202,0.0265
10,4,5,4,0.5616,0.6820,0.9509,0.4080,0.0238
10,4,5,5,0.4639,0.5363,0.8283,0.3594,0.0675
10,4,5,6,0.4187,0.4862,0.7932,0.2965,0.0611
10,4,5,7,0.4877,0.5812,0.8233,0.3718,0.0485
10,4,5,8,0.4853,0.6509,0.8837,0.3102,0.0251
10,4,5,9,0.3213,0.6047,0.8356,0.1452,0.0416
10,4,5,10,0.4221,0.6199,0.8721,0.2401,0.0222
10,4,5,11,0.4889,0.6343,0.8606,0.3644,0.0450
10,4,6,0,0.4494,0.5320,0.7978,0.3348,0.0581
10,4,6,1,0.5085,0.6349,0.8528,0.3430,0.0263
10,4,6,2,0.4431,0.5167,0.8716,0.2806,0.0289
10,4,6,3,0.4025,0.5301,0.8035,0.2658,0.0511
10,4,6,4,0.4516,0.5709,0.8258,0.3014,0.0330
10,4,6,5,0.4426,0.6121,0.8175,0.2819,0.0264
10,4,6,6,0.4447,0.6179,0.8507,0.2815,0.0265
10,4,6,7,0.4440,0.6242,0.8882,0.2222,0.0212
10,4,6,8,0.5897,0.6623,0.8904,0.4596,0.0232
10,4,6,9,0.3555,0.5493,0.8653,0.1589,0.0247
10,4,6,10,0.4347,0.5610,0.8112,0.2951,0.0443
10,4,6,11,0.3567,0.5623,0.8116,0.1853,0.0432
10,4,7,0,0.4871,0.6708,0.9357,0.3171,0.0189
10,4,7,1,0.4613,0.6173,0.8508,0.3115,0.0306
10,4,7,2,0.4559,0.6222,0.8792,0.3081,0.0364
10,4,7,3,0.4641,0.5328,0.8241,0.3486,0.0586
10,4,7,4,0.3747,0.5624,0.8017,0.2204,0.0460
10,4,7,5,0.4512,0.6891,0.9080,0.2383,0.0193
10,4,7,6,0.4604,0.5166,0.8104,0.3561,0.0682
10,4,7,7,0.4637,0.5371,0.8306,0.3669,0.0728
10,4,7,8,0.6491,0.7646,0.9877,0.5343,0.0156
10,4,7,9,0.3834,0.5129,0.8387,0.2285,0.0459
10,4,7,10,0.3648,0.5513,0.8052,0.2139,0.0494
10,4,7,11,0.4730,0.5855,0.8422,0.3634,0.0590
10,4,8,0,0.5793,0.6599,0.8494,0.4723,0.0371
10,4,8,1,0.5176,0.6496,0.9355,0.3653,0.0327
10,4,8,2,0.4379,0.4875,0.8027,0.3396,0.0784
10,4,8,3,0.4628,0.6050,0.8954,0.3043,0.0287
10,4,8,4,0.4541,0.5525,0.8382,0.3207,0.0469
10,4,8,5,0.4623,0.5566,0.8343,0.3427,0.0529
10,4,8,6,0.4589,0.5267,0.8203,0.3512,0.0661
10,4,8,7,0.4217,0.6986,0.8725,0.1144,0.0361
10,4,8,8,0.4743,0.7569,0.9193,0.2266,0.0294
10,4,8,9,0.4963,0.6421,0.8806,0.3204,0.0183
10,4,8,10,0.4710,0.5907,0.8363,0.3462,0.0457
10,4,8,11,0.5334,0.7043,0.9521,0.3790,0.0183
10,4,9,0,0.4851,0.6790,0.8668,0.3256,0.0243
10,4,9,1,0.6454,0.7132,0.8932,0.5302,0.0190
10,4,9,2,0.7502,0.8233,0.9744,0.6423,0.0153
10,4,9,3,0.5367,0.6575,0.9446,0.3983,0.0290
10,4,9,4,0.5423,0.6429,0.9061,0.4165,0.0355
10,4,9,5,0.5222,0.7503,0.9337,0.2979,0.0296
10,4,9,6,0.5229,0.5778,0.8479,0.4203,0.0560
10,4,9,7,0.4721,0.5622,0.8129,0.3634,0.0580
10,4,9,8,0.6171,0.7596,0.9047,0.4161,0.0286
10,4,9,9,0.4557,0.5044,0.8135,0.3524,0.0724
10,4,9,10,0.5159,0.6836,0.9033,0.2806,0.0243
10,4,9,11,0.7135,0.7592,0.9428,0.5986,0.0095
10,4,10,0,0.8071,0.8325,0.8524,0.7185,0.0386
10,4,10,1,0.6472,0.8322,0.9741,0.5201,0.0163
10,4,10,2,0.8015,0.8587,0.9638,0.7039,0.0215
10,4,10,3,0.6312,0.7612,0.9565,0.4763,0.0132
10,4,10,4,1.0000,1.0000,1.0000,1.0000,0.0000
10,4,10,5,0.6346,0.8069,0.9808,0.4875,0.0100
10,4,10,6,0.8301,0.9019,0.9820,0.7639,0.0091
10,4,10,7,0.7667,0.8074,0.9385,0.6478,0.0226
10,4,10,8,0.6056,0.7036,0.9182,0.4509,0.0132
10,4,10,9,0.6473,0.8294,0.9773,0.4990,0.0165
10,4,10,10,0.6561,0.7224,0.8889,0.5339,0.0119
10,4,10,11,0.5004,0.8157,0.8884,0.1956,0.0362
10,4,11,0,0.6825,0.7731,0.9339,0.5775,0.0308
10,4,11,1,0.6784,0.7541,0.9384,0.5690,0.0298
10,4,11,2,0.7101,0.8616,0.9539,0.5627,0.0232
10,4,11,3,0.6945,0.7702,0.9321,0.5902,0.0281
10,4,11,4,0.6985,0.7749,0.9411,0.5851,0.0207
10,4,11,5,0.6959,0.7888,0.9479,0.5765,0.0189
10,4,11,6,0.7272,0.8043,0.9660,0.6125,0.0146
10,4,11,7,0.6575,0.7375,0.9226,0.5436,0.0319
10,4,11,8,0.5905,0.7907,0.9846,0.3979,0.0137
10,4,11,9,0.6909,0.8483,0.9557,0.5254,0.0298
10,4,11,10,0.7427,0.8307,0.9583,0.6347,0.0128
10,4,11,11,0.6529,0.7327,0.9206,0.5474,0.0396
10,5,0,0,0.5083,0.6170,0.6961,0.1023,0.0649
10,5,0,1,0.3625,0.6340,0.8687,0.0460,0.0364
10,5,0,2,0.2430,0.4558,0.8406,-0.0027,0.0168
10,5,0,3,0.2033,0.5151,0.8612,-0.0545,0.0156
10,5,0,4,0.3716,0.5956,0.8139,-0.0001,0.0546
10,5,0,5,0.5173,0.6567,0.8953,0.2854,0.0339
10,5,0,6,0.4027,0.6311,0.7607,-0.0316,0.0508
10,5,0,7,0.2435,0.5874,0.8412,-0.1567,0.0280
10,5,0,8,0.3706,0.6951,0.8062,-0.0478,0.0431
10,5,0,9,0.2371,0.5420,0.8619,-0.1326,0.0289
10,5,0,10,0.3058,0.5735,0.8207,0.1072,0.0251
10,5,0,11,0.1810,0.5545,0.8342,-0.1694,0.0255
10,5,1,0,0.5822,0.7925,0.9448,0.4108,0.0094
10,5,1,1,0.1929,0.4654,0.7709,-0.0449,0.0222
10,5,1,2,0.2373,0.5239,0.8541,-0.0399,0.0224
10,5,1,3,0.3317,0.5391,0.8483,0.0146,0.0313
10,5,1,4,0.1088,0.4078,0.7389,-0.1171,0.0377
10,5,1,5,0.3670,0.6053,0.8927,0.1088,0.0130
10,5,1,6,0.0440,0.2982,0.7343,-0.1462,0.0729
10,5,1,7,0.2170,0.4763,0.8293,-0.0096,0.0287
10,5,1,8,0.3797,0.6570,0.8749,0.0571,0.0242
10,5,1,9,0.2536,0.5017,0.8427,-0.0171,0.0176
10,5,1,10,0.1913,0.4790,0.8686,-0.1184,0.0262
10,5,1,11,0.3715,0.5733,0.8228,0.1061,0.0128
10,5,2,0,0.1851,0.4064,0.6942,0.0390,0.0806
10,5,2,1,0.1321,0.4376,0.7226,-0.1021,0.0357
10,5,2,2,0.1278,0.4078,0.8037,-0.1058,0.0353
10,5,2,3,0.2572,0.5353,0.8544,0.0045,0.0129
10,5,2,4,0.3292,0.6026,0.8832,0.0481,0.0157
10,5,2,5,0.3438,0.5785,0.8611,0.0304,0.0326
10,5,2,6,0.4294,0.5628,0.8433,0.2154,0.0124
10,5,2,7,0.2465,0.5293,0.8821,-0.0730,0.0337
10,5,2,8,0.3662,0.5888,0.8436,0.1051,0.0208
10,5,2,9,0.1927,0.4092,0.6950,0.0463,0.0787
10,5,2,10,0.1537,0.4337,0.8599,-0.1069,0.0264
10,5,2,11,0.2192,0.4378,0.8362,-0.0668,0.0270
10,5,3,0,0.3777,0.6685,0.8101,0.1813,0.0287
10,5,3,1,0.4434,0.7082,0.8927,0.1743,0.0272
10,5,3,2,0.4568,0.7008,0.8768,0.2206,0.0191
10,5,3,3,0.4822,0.6898,0.9123,0.2501,0.0167
10,5,3,4,0.3650,0.5951,0.8495,0.0595,0.0300
10,5,3,5,0.1165,0.4656,0.7732,-0.1041,0.0426
10,5,3,6,0.4771,0.7285,0.8939,0.2275,0.0175
10,5,3,7,0.4430,0.6760,0.9032,0.1903,0.0168
10,5,3,8,0.3348,0.5911,0.9014,0.0562,0.0176
10,5,3,9,0.1327,0.4435,0.7521,-0.0857,0.0382
10,5,3,10,0.3001,0.5840,0.8002,0.0445,0.0085
10,5,3,11,0.2125,0.5263,0.8534,-0.0768,0.0174
10,5,4,0,0.4363,0.6916,0.8313,0.2761,0.0239
10,5,4,1,0.4221,0.6686,0.8464,0.1397,0.0297
10,5,4,2,0.4499,0.7187,0.8715,0.2662,0.0243
10,5,4,3,0.4158,0.6816,0.7677,0.3096,0.0680
10,5,4,4,0.3883,0.5968,0.8266,0.1446,0.0224
10,5,4,5,0.3759,0.6515,0.7567,0.2083,0.0287
10,5,4,6,0.4065,0.6615,0.8069,0.2420,0.0265
10,5,4,7,0.3745,0.6309,0.7394,0.2306,0.0477
10,5,4,8,0.4477,0.7119,0.8027,0.2937,0.0274
10,5,4,9,0.4598,0.7338,0.8482,0.2694,0.0175
10,5,4,10,0.3705,0.5886,0.8108,0.1764,0.0164
10,5,4,11,0.4103,0.6907,0.8014,0.2660,0.0399
10,5,5,0,0.4090,0.6925,0.7736,0.2589,0.0353
10,5,5,1,0.3834,0.6465,0.7408,0.2644,0.0649
10,5,5,2,0.4737,0.7422,0.8954,0.2958,0.0226
10,5,5,3,0.3900,0.6362,0.8130,0.2076,0.0214
10,5,5,4,0.5089,0.7678,0.9024,0.3410,0.0186
10,5,5,5,0.4121,0.6858,0.7687,0.2963,0.0639
10,5,5,6,0.3674,0.6198,0.7362,0.2346,0.0583
10,5,5,7,0.4116,0.6769,0.7595,0.2777,0.0440
10,5,5,8,0.4177,0.6942,0.8388,0.2244,0.0211
10,5,5,9,0.3547,0.6302,0.7868,0.1924,0.0379
10,5,5,10,0.3756,0.6026,0.8230,0.1836,0.0176
10,5,5,11,0.4480,0.7183,0.8027,0.3148,0.0403
10,5,6,0,0.3610,0.6201,0.7413,0.2259,0.0523
10,5,6,1,0.3891,0.6188,0.7955,0.1880,0.0209
10,5,6,2,0.4207,0.6254,0.8189,0.2553,0.0254
10,5,6,3,0.3878,0.6521,0.7475,0.2502,0.0479
10,5,6,4,0.3898,0.6470,0.7730,0.2251,0.0298
10,5,6,5,0.3736,0.6802,0.7687,0.1961,0.0217
10,5,6,6,0.4105,0.7196,0.7981,0.2409,0.0223
10,5,6,7,0.4314,0.6944,0.8393,0.2111,0.0180
10,5,6,8,0.4265,0.6969,0.8342,0.2468,0.0196
10,5,6,9,0.3429,0.6012,0.7949,0.1476,0.0208
10,5,6,10,0.3765,0.6335,0.7526,0.2240,0.0417
10,5,6,11,0.3911,0.5920,0.7720,0.2337,0.0386
10,5,7,0,0.4636,0.7041,0.8742,0.2903,0.0155
10,5,7,1,0.4040,0.6514,0.7866,0.2409,0.0267
10,5,7,2,0.4306,0.7324,0.8299,0.2789,0.0330
10,5,7,3,0.4156,0.6739,0.7620,0.2896,0.0548
10,5,7,4,0.3586,0.6131,0.7508,0.2035,0.0418
10,5,7,5,0.4088,0.6341,0.8523,0.1861,0.0178
10,5,7,6,0.3964,0.6589,0.7497,0.2779,0.0645
10,5,7,7,0.4367,0.6737,0.7826,0.3348,0.0691
10,5,7,8,0.7397,0.8873,0.9737,0.6575,0.0126
10,5,7,9,0.3744,0.6247,0.7806,0.2206,0.0422
10,5,7,10,0.3294,0.6573,0.7590,0.1725,0.0460
10,5,7,11,0.4496,0.6943,0.7916,0.3359,0.0554
10,5,8,0,0.4264,0.7066,0.7881,0.2777,0.0337
10,5,8,1,0.5002,0.7685,0.8883,0.3460,0.0271
10,5,8,2,0.3823,0.6425,0.7420,0.2721,0.0744
10,5,8,3,0.4857,0.7378,0.8534,0.3379,0.0246
10,5,8,4,0.3986,0.6536,0.7781,0.2529,0.0438
10,5,8,5,0.4081,0.6791,0.7749,0.2766,0.0490
10,5,8,6,0.4070,0.6709,0.7574,0.2880,0.0627
10,5,8,7,0.4161,0.6495,0.8442,0.1163,0.0376
10,5,8,8,0.4933,0.7034,0.8810,0.2625,0.0312
10,5,8,9,0.4864,0.7058,0.8266,0.3117,0.0174
10,5,8,10,0.4214,0.6951,0.7796,0.2857,0.0406
10,5,8,11,0.5159,0.7606,0.9018,0.3597,0.0162
10,5,9,0,0.4279,0.7330,0.8215,0.2543,0.0197
10,5,9,1,0.4053,0.6733,0.8348,0.2135,0.0149
10,5,9,2,0.5809,0.8072,0.9422,0.4053,0.0115
10,5,9,3,0.5297,0.7929,0.8966,0.3923,0.0245
10,5,9,4,0.4878,0.7496,0.8458,0.3485,0.0320
10,5,9,5,0.5294,0.7713,0.8941,0.3159,0.0266
10,5,9,6,0.4266,0.6969,0.7874,0.3003,0.0524
10,5,9,7,0.3959,0.6661,0.7517,0.2697,0.0547
10,5,9,8,0.5008,0.7251,0.8881,0.2442,0.0321
10,5,9,9,0.3928,0.6540,0.7522,0.2756,0.0691
10,5,9,10,0.4222,0.7119,0.8452,0.1496,0.0273
10,5,9,11,0.4419,0.7342,0.8933,0.2247,0.0080
10,5,10,0,0.5790,0.7053,0.8450,0.3276,0.0409
10,5,10,1,0.8843,0.9432,0.9942,0.8445,0.0156
10,5,10,2,0.8135,0.8946,0.9726,0.7278,0.0240
10,5,10,3,0.7973,0.8923,0.9791,0.7149,0.0138
10,5,10,4,0.6346,0.8069,0.9808,0.4875,0.0100
10,5,10,5,1.0000,1.0000,1.0000,1.0000,0.0000
10,5,10,6,0.8259,0.9326,0.9978,0.7598,0.0113
10,5,10,7,0.8205,0.9053,0.9504,0.7389,0.0254
10,5,10,8,0.7534,0.8694,0.9433,0.6594,0.0160
10,5,10,9,0.8750,0.9044,0.9964,0.8243,0.0188
10,5,10,10,0.2776,0.5520,0.8482,0.0255,0.0134
10,5,10,11,0.7348,0.8212,0.8688,0.6003,0.0369
10,5,11,0,0.9081,0.9404,0.9626,0.8808,0.0277
10,5,11,1,0.8673,0.9099,0.9626,0.8247,0.0266
10,5,11,2,0.8336,0.8957,0.9585,0.7587,0.0258
10,5,11,3,0.8978,0.9320,0.9581,0.8653,0.0249
10,5,11,4,0.8910,0.9245,0.9660,0.8515,0.0197
10,5,11,5,0.8712,0.9213,0.9671,0.8222,0.0180
10,5,11,6,0.8670,0.9217,0.9810,0.8130,0.0132
10,5,11,7,0.9095,0.9275,0.9581,0.8825,0.0278
10,5,11,8,0.7551,0.8197,0.9766,0.6456,0.0186
10,5,11,9,0.7893,0.8613,0.9598,0.6897,0.0310
10,5,11,10,0.9168,0.9441,0.9822,0.8831,0.0105
10,5,11,11,0.9117,0.9301,0.9537,0.8902,0.0354
10,6,0,0,0.4853,0.6252,0.6724,0.0673,0.0684
10,6,0,1,0.3953,0.7068,0.8794,0.1047,0.0375
10,6,0,2,0.3929,0.5579,0.8681,0.2015,0.0173
10,6,0,3,0.2027,0.6008,0.8832,-0.0486,0.0170
10,6,0,4,0.4115,0.6361,0.8088,0.0775,0.0549
10,6,0,5,0.5617,0.6931,0.9089,0.3588,0.0347
10,6,0,6,0.3946,0.6372,0.7437,-0.0312,0.0537
10,6,0,7,0.3402,0.6311,0.8521,0.0038,0.0312
10,6,0,8,0.3682,0.7019,0.7962,-0.0380,0.0459
10,6,0,9,0.3974,0.6027,0.8781,0.1158,0.0315
10,6,0,10,0.2717,0.6544,0.8508,0.0679,0.0283
10,6,0,11,0.2627,0.6044,0.8591,-0.0440,0.0268
10,6,1,0,0.7011,0.8039,0.9587,0.5822,0.0115
10,6,1,1,0.2676,0.5171,0.8074,0.0579,0.0249
10,6,1,2,0.3968,0.5880,0.8781,0.1835,0.0272
10,6,1,3,0.4890,0.6049,0.8600,0.2555,0.0336
10,6,1,4,0.2616,0.4681,0.7782,0.0819,0.0422
10,6,1,5,0.4710,0.6400,0.9075,0.2612,0.0177
10,6,1,6,0.3245,0.3848,0.7713,0.2037,0.0769
10,6,1,7,0.4391,0.5577,0.8576,0.2830,0.0330
10,6,1,8,0.5377,0.7108,0.8766,0.3094,0.0281
10,6,1,9,0.4895,0.5778,0.8672,0.3093,0.0227
10,6,1,10,0.3946,0.5503,0.8876,0.1690,0.0306
10,6,1,11,0.3923,0.5720,0.8496,0.1429,0.0171
10,6,2,0,0.1307,0.4894,0.7381,-0.0242,0.0845
10,6,2,1,0.3317,0.5110,0.7595,0.1586,0.0389
10,6,2,2,0.4139,0.5034,0.8355,0.2650,0.0403
10,6,2,3,0.4582,0.6058,0.8785,0.2791,0.0195
10,6,2,4,0.4960,0.6768,0.8981,0.2910,0.0190
10,6,2,5,0.4339,0.6182,0.8702,0.1726,0.0341
10,6,2,6,0.4583,0.5960,0.8717,0.2604,0.0135
10,6,2,7,0.4170,0.5959,0.8919,0.1770,0.0357
10,6,2,8,0.4381,0.6232,0.8638,0.2132,0.0196
10,6,2,9,0.1364,0.4925,0.7388,-0.0192,0.0827
10,6,2,10,0.4031,0.5155,0.8875,0.2256,0.0344
10,6,2,11,0.3165,0.4929,0.8601,0.0728,0.0291
10,6,3,0,0.4584,0.6868,0.8406,0.2921,0.0259
10,6,3,1,0.4818,0.7528,0.9010,0.2397,0.0288
10,6,3,2,0.4660,0.7203,0.8911,0.2407,0.0202
10,6,3,3,0.5254,0.7300,0.9230,0.3192,0.0150
10,6,3,4,0.3904,0.6109,0.8583,0.1061,0.0329
10,6,3,5,0.1796,0.5139,0.8103,-0.0187,0.0448
10,6,3,6,0.5581,0.7681,0.8984,0.3552,0.0177
10,6,3,7,0.5644,0.7373,0.9122,0.3737,0.0182
10,6,3,8,0.3469,0.6178,0.9187,0.0809,0.0189
10,6,3,9,0.2422,0.5185,0.7911,0.0584,0.0412
10,6,3,10,0.3915,0.6404,0.8315,0.1753,0.0118
10,6,3,11,0.3328,0.5727,0.8740,0.0943,0.0153
10,6,4,0,0.4085,0.7113,0.8598,0.2438,0.0278
10,6,4,1,0.3750,0.6844,0.8585,0.0779,0.0318
10,6,4,2,0.3888,0.6986,0.8944,0.1896,0.0290
10,6,4,3,0.3514,0.6371,0.8014,0.2319,0.0720
10,6,4,4,0.3284,0.6171,0.8478,0.0682,0.0222
10,6,4,5,0.3779,0.6799,0.7871,0.2146,0.0320
10,6,4,6,0.3600,0.6666,0.8390,0.1858,0.0299
10,6,4,7,0.2920,0.5889,0.7778,0.1300,0.0514
10,6,4,8,0.3802,0.6791,0.8301,0.2102,0.0318
10,6,4,9,0.4301,0.7163,0.8707,0.2343,0.0229
10,6,4,10,0.3459,0.5816,0.8406,0.1488,0.0188
10,6,4,11,0.3292,0.6809,0.8347,0.1664,0.0424
10,6,5,0,0.3570,0.6638,0.8038,0.1959,0.0392
10,6,5,1,0.3056,0.5914,0.7771,0.1703,0.0688
10,6,5,2,0.4031,0.7239,0.9140,0.2061,0.0288
10,6,5,3,0.3375,0.6291,0.8428,0.1437,0.0284
10,6,5,4,0.4418,0.7390,0.9190,0.2555,0.0248
10,6,5,5,0.3406,0.6300,0.8025,0.2098,0.0678
10,6,5,6,0.2832,0.5672,0.7734,0.1324,0.0615
10,6,5,7,0.3487,0.6486,0.7940,0.2013,0.0485
10,6,5,8,0.3854,0.6970,0.8629,0.1864,0.0252
10,6,5,9,0.2744,0.6662,0.8209,0.0941,0.0412
10,6,5,10,0.3229,0.6375,0.8511,0.1194,0.0204
10,6,5,11,0.4034,0.7087,0.8341,0.2609,0.0446
10,6,6,0,0.2865,0.5929,0.7796,0.1358,0.0569
10,6,6,1,0.3527,0.6407,0.8254,0.1448,0.0270
10,6,6,2,0.3451,0.5807,0.8495,0.1615,0.0293
10,6,6,3,0.2861,0.6013,0.7843,0.1255,0.0508
10,6,6,4,0.3338,0.6296,0.8078,0.1571,0.0333
10,6,6,5,0.3122,0.6722,0.8036,0.1211,0.0260
10,6,6,6,0.3322,0.6866,0.8283,0.1435,0.0246
10,6,6,7,0.3514,0.6834,0.8603,0.1069,0.0213
10,6,6,8,0.4385,0.6826,0.8619,0.2668,0.0237
10,6,6,9,0.2686,0.5861,0.8218,0.0558,0.0233
10,6,6,10,0.3044,0.6089,0.7891,0.1361,0.0446
10,6,6,11,0.2916,0.5975,0.8093,0.1105,0.0397
10,6,7,0,0.3876,0.6914,0.8947,0.1941,0.0210
10,6,7,1,0.3516,0.6518,0.8176,0.1772,0.0301
10,6,7,2,0.3543,0.7062,0.8597,0.1845,0.0358
10,6,7,3,0.3368,0.6222,0.7957,0.1936,0.0588
10,6,7,4,0.2732,0.6028,0.7885,0.0991,0.0434
10,6,7,5,0.3801,0.6708,0.8723,0.1527,0.0207
10,6,7,6,0.3212,0.6037,0.7849,0.1868,0.0687
10,6,7,7,0.3526,0.6242,0.8170,0.2326,0.0732
10,6,7,8,0.6787,0.8527,0.9813,0.5783,0.0146
10,6,7,9,0.2835,0.5725,0.8130,0.1089,0.0455
10,6,7,10,0.3088,0.6661,0.7964,0.1500,0.0485
10,6,7,11,0.3726,0.6599,0.8258,0.2418,0.0591
10,6,8,0,0.4280,0.6963,0.8198,0.2829,0.0374
10,6,8,1,0.4311,0.7350,0.9070,0.2590,0.0361
10,6,8,2,0.3069,0.5829,0.7781,0.1812,0.0782
10,6,8,3,0.3962,0.6853,0.8759,0.2252,0.0296
10,6,8,4,0.3166,0.6196,0.8126,0.1522,0.0471
10,6,8,5,0.3482,0.6400,0.8095,0.2040,0.0531
10,6,8,6,0.3306,0.6178,0.7918,0.1953,0.0668
10,6,8,7,0.3398,0.6792,0.8489,0.0092,0.0388
10,6,8,8,0.4071,0.7370,0.8849,0.1442,0.0317
10,6,8,9,0.4232,0.6992,0.8519,0.2317,0.0169
10,6,8,10,0.3606,0.6662,0.8138,0.2117,0.0453
10,6,8,11,0.4843,0.7499,0.9198,0.3215,0.0171
10,6,9,0,0.4210,0.7574,0.8509,0.2494,0.0224
10,6,9,1,0.4875,0.7012,0.8624,0.3267,0.0171
10,6,9,2,0.6687,0.8229,0.9488,0.5342,0.0173
10,6,9,3,0.4646,0.7462,0.9153,0.3106,0.0288
10,6,9,4,0.4248,0.7154,0.8708,0.2705,0.0352
10,6,9,5,0.5045,0.7882,0.8994,0.2863,0.0315
10,6,9,6,0.3819,0.6514,0.8188,0.2467,0.0566
10,6,9,7,0.3965,0.6610,0.7881,0.2728,0.0579
10,6,9,8,0.6061,0.7900,0.8892,0.4144,0.0329
10,6,9,9,0.3240,0.5965,0.7873,0.1926,0.0729
10,6,9,10,0.4193,0.7292,0.8575,0.1536,0.0276
10,6,9,11,0.5316,0.7511,0.9115,0.3542,0.0129
10,6,10,0,0.7114,0.7788,0.8250,0.5688,0.0438
10,6,10,1,0.8371,0.9235,0.9986,0.7816,0.0108
10,6,10,2,0.8985,0.9224,0.9703,0.8629,0.0262
10,6,10,3,0.7052,0.8313,0.9656,0.5887,0.0114
10,6,10,4,0.8301,0.9019,0.9820,0.7639,0.0091
10,6,10,5,0.8259,0.9326,0.9978,0.7598,0.0113
10,6,10,6,1.0000,1.0000,1.0000,1.0000,0.0000
10,6,10,7,0.7978,0.8711,0.9313,0.7086,0.0264
10,6,10,8,0.6464,0.7860,0.9246,0.5153,0.0124
10,6,10,9,0.8068,0.8962,0.9942,0.7306,0.0129
10,6,10,10,0.5312,0.6661,0.8729,0.3722,0.0102
10,6,10,11,0.5855,0.8345,0.8590,0.3598,0.0403
10,6,11,0,0.7921,0.8718,0.9532,0.7270,0.0264
10,6,11,1,0.7486,0.8387,0.9520,0.6671,0.0267
10,6,11,2,0.7272,0.8872,0.9406,0.6011,0.0284
10,6,11,3,0.7912,0.8681,0.9463,0.7235,0.0239
10,6,11,4,0.7688,0.8654,0.9532,0.6864,0.0198
10,6,11,5,0.7555,0.8639,0.9514,0.6647,0.0180
10,6,11,6,0.7701,0.8713,0.9698,0.6794,0.0133
10,6,11,7,0.7900,0.8498,0.9465,0.7240,0.0275
10,6,11,8,0.6396,0.8063,0.9769,0.4818,0.0200
10,6,11,9,0.7384,0.8660,0.9467,0.6152,0.0341
10,6,11,10,0.8068,0.9097,0.9698,0.7307,0.0124
10,6,11,11,0.7770,0.8476,0.9452,0.7135,0.0345
10,7,0,0,0.6020,0.7119,0.8512,0.0512,0.0433
10,7,0,1,0.4188,0.6618,0.8482,0.0066,0.0238
10,7,0,2,0.3503,0.4853,0.7138,0.0664,0.0409
10,7,0,3,0.2090,0.4956,0.7439,-0.1448,0.0407
10,7,0,4,0.5222,0.6642,0.8800,0.1083,0.0394
10,7,0,5,0.5162,0.7060,0.8532,0.1829,0.0185
10,7,0,6,0.4873,0.7177,0.8792,-0.0791,0.0291
10,7,0,7,0.4470,0.6794,0.8273,0.0290,0.0140
10,7,0,8,0.4714,0.7741,0.8892,-0.0509,0.0215
10,7,0,9,0.4225,0.6240,0.8155,0.0262,0.0212
10,7,0,10,0.2917,0.5235,0.6696,0.0184,0.0487
10,7,0,11,0.3446,0.5955,0.7413,-0.0480,0.0177
10,7,1,0,0.7676,0.8514,0.8741,0.6451,0.0228
10,7,1,1,0.3267,0.4817,0.6145,0.0631,0.0467
10,7,1,2,0.4274,0.6035,0.7585,0.1457,0.0276
10,7,1,3,0.5187,0.6418,0.8313,0.1958,0.0255
10,7,1,4,0.2559,0.4481,0.5655,0.0073,0.0623
10,7,1,5,0.6525,0.7187,0.8403,0.4630,0.0214
10,7,1,6,0.3172,0.4030,0.5564,0.1609,0.0967
10,7,1,7,0.4829,0.5855,0.7078,0.2983,0.0520
10,7,1,8,0.6843,0.7628,0.8974,0.4480,0.0114
10,7,1,9,0.5613,0.6120,0.7460,0.3530,0.0303
10,7,1,10,0.4224,0.5658,0.7958,0.1195,0.0262
10,7,1,11,0.4052,0.5643,0.7224,0.0550,0.0188
10,7,2,0,0.1780,0.3773,0.4961,-0.0191,0.1044
10,7,2,1,0.3334,0.4747,0.5710,0.1006,0.0600
10,7,2,2,0.4177,0.5219,0.6632,0.2255,0.0586
10,7,2,3,0.5555,0.6490,0.7560,0.3624,0.0359
10,7,2,4,0.5526,0.6792,0.8336,0.2952,0.0199
10,7,2,5,0.5521,0.6790,0.8525,0.2495,0.0201
10,7,2,6,0.4572,0.5502,0.7203,0.1809,0.0255
10,7,2,7,0.4942,0.6435,0.8617,0.1972,0.0269
10,7,2,8,0.5801,0.6808,0.7825,0.3447,0.0186
10,7,2,9,0.1806,0.3821,0.4977,-0.0185,0.1025
10,7,2,10,0.3895,0.5438,0.7334,0.1429,0.0486
10,7,2,11,0.4330,0.5498,0.7541,0.1518,0.0262
10,7,3,0,0.6329,0.6682,0.6791,0.4974,0.0515
10,7,3,1,0.6453,0.7475,0.8782,0.4015,0.0171
10,7,3,2,0.6255,0.7509,0.8353,0.4011,0.0164
10,7,3,3,0.6302,0.6965,0.8754,0.3991,0.0148
10,7,3,4,0.5878,0.6752,0.8468,0.3067,0.0203
10,7,3,5,0.2205,0.4720,0.6039,-0.0393,0.0674
10,7,3,6,0.7425,0.7915,0.8944,0.5689,0.0104
10,7,3,7,0.6848,0.7573,0.8810,0.4860,0.0121
10,7,3,8,0.5125,0.6510,0.8343,0.2307,0.0170
10,7,3,9,0.2976,0.4771,0.5811,0.0688,0.0626
10,7,3,10,0.4289,0.6024,0.6783,0.1465,0.0298
10,7,3,11,0.4027,0.5600,0.7668,0.1038,0.0233
10,7,4,0,0.5579,0.6608,0.7069,0.4092,0.0480
10,7,4,1,0.5889,0.7168,0.8262,0.3022,0.0194
10,7,4,2,0.6604,0.7457,0.7674,0.5255,0.0370
10,7,4,3,0.5799,0.6173,0.5966,0.5228,0.0923
10,7,4,4,0.4149,0.6501,0.7627,0.0933,0.0166
10,7,4,5,0.4614,0.5684,0.6252,0.2825,0.0530
10,7,4,6,0.5310,0.6136,0.6702,0.3760,0.0507
10,7,4,7,0.5257,0.5740,0.5690,0.4088,0.0720
10,7,4,8,0.5928,0.6630,0.6779,0.4644,0.0502
10,7,4,9,0.6430,0.7029,0.7576,0.4859,0.0343
10,7,4,10,0.5232,0.5899,0.6917,0.3392,0.0365
10,7,4,11,0.5497,0.6530,0.6491,0.4295,0.0647
10,7,5,0,0.5396,0.6201,0.6371,0.4074,0.0595
10,7,5,1,0.5623,0.5821,0.5668,0.4912,0.0889
10,7,5,2,0.6112,0.7547,0.8109,0.4477,0.0341
10,7,5,3,0.5700,0.6349,0.6918,0.4163,0.0433
10,7,5,4,0.6894,0.7728,0.8219,0.5637,0.0362
10,7,5,5,0.5778,0.6122,0.6022,0.5080,0.0877
10,7,5,6,0.5506,0.5762,0.5630,0.4616,0.0823
10,7,5,7,0.5720,0.6114,0.6001,0.4754,0.0677
10,7,5,8,0.5383,0.6399,0.7387,0.3421,0.0318
10,7,5,9,0.4123,0.5822,0.6332,0.2273,0.0630
10,7,5,10,0.4570,0.5630,0.6988,0.2413,0.0424
10,7,5,11,0.5514,0.6343,0.6594,0.4330,0.0628
10,7,6,0,0.5631,0.6069,0.5686,0.4786,0.0755
10,7,6,1,0.5536,0.6057,0.6846,0.3677,0.0344
10,7,6,2,0.5849,0.6465,0.6786,0.4484,0.0490
10,7,6,3,0.5267,0.5812,0.5803,0.4140,0.0718
10,7,6,4,0.5437,0.6122,0.6244,0.4010,0.0546
10,7,6,5,0.5243,0.6157,0.6151,0.3619,0.0461
10,7,6,6,0.5414,0.6355,0.6611,0.3826,0.0458
10,7,6,7,0.6027,0.6900,0.7651,0.3986,0.0242
10,7,6,8,0.6480,0.7029,0.7113,0.5213,0.0447
10,7,6,9,0.4629,0.5762,0.6745,0.2598,0.0450
10,7,6,10,0.5510,0.5949,0.5952,0.4329,0.0653
10,7,6,11,0.4475,0.5560,0.6050,0.2707,0.0635
10,7,7,0,0.6180,0.7051,0.7814,0.4689,0.0359
10,7,7,1,0.5246,0.5847,0.6563,0.3697,0.0501
10,7,7,2,0.5757,0.6835,0.6884,0.4493,0.0567
10,7,7,3,0.5784,0.6062,0.5987,0.4939,0.0788
10,7,7,4,0.4818,0.5633,0.5843,0.3364,0.0666
10,7,7,5,0.5473,0.6451,0.7866,0.3201,0.0247
10,7,7,6,0.5778,0.5920,0.5786,0.5095,0.0886
10,7,7,7,0.5836,0.6339,0.6047,0.5268,0.0934
10,7,7,8,0.7869,0.8651,0.8912,0.7228,0.0354
10,7,7,9,0.5344,0.5999,0.6288,0.4081,0.0667
10,7,7,10,0.4443,0.5820,0.5886,0.2908,0.0706
10,7,7,11,0.5647,0.6385,0.6244,0.4792,0.0802
10,7,8,0,0.6010,0.6485,0.6424,0.4918,0.0576
10,7,8,1,0.6557,0.7280,0.7860,0.5352,0.0480
10,7,8,2,0.5586,0.5748,0.5657,0.4983,0.0985
10,7,8,3,0.6302,0.7071,0.7329,0.5123,0.0484
10,7,8,4,0.5806,0.6331,0.6252,0.4766,0.0671
10,7,8,5,0.5644,0.6224,0.6132,0.4690,0.0737
10,7,8,6,0.5699,0.5979,0.5912,0.4943,0.0862
10,7,8,7,0.5212,0.6946,0.8618,0.1668,0.0218
10,7,8,8,0.5590,0.7304,0.8919,0.2761,0.0187
10,7,8,9,0.5722,0.6667,0.7224,0.3867,0.0305
10,7,8,10,0.5588,0.6201,0.6190,0.4503,0.0645
10,7,8,11,0.6216,0.7353,0.8096,0.4738,0.0323
10,7,9,0,0.5575,0.6517,0.6888,0.3937,0.0440
10,7,9,1,0.6228,0.6893,0.7164,0.4771,0.0397
10,7,9,2,0.7499,0.8342,0.9096,0.6118,0.0182
10,7,9,3,0.6758,0.7590,0.7878,0.5753,0.0490
10,7,9,4,0.6406,0.7005,0.7228,0.5385,0.0556
10,7,9,5,0.6365,0.7618,0.8906,0.4053,0.0236
10,7,9,6,0.6116,0.6478,0.6297,0.5368,0.0761
10,7,9,7,0.5321,0.5751,0.5827,0.4345,0.0792
10,7,9,8,0.6011,0.7203,0.9008,0.3023,0.0163
10,7,9,9,0.5717,0.5887,0.5812,0.5039,0.0926
10,7,9,10,0.5652,0.6835,0.8189,0.2750,0.0150
10,7,9,11,0.7349,0.7800,0.8139,0.6051,0.0256
10,7,10,0,0.7121,0.7675,0.9505,0.4406,0.0185
10,7,10,1,0.7719,0.8854,0.9168,0.6836,0.0361
10,7,10,2,0.8503,0.9193,0.9625,0.7388,0.0066
10,7,10,3,0.9111,0.9517,0.9622,0.8754,0.0248
10,7,10,4,0.7667,0.8074,0.9385,0.6478,0.0226
10,7,10,5,0.8205,0.9053,0.9504,0.7389,0.0254
10,7,10,6,0.7978,0.8711,0.9313,0.7086,0.0264
10,7,10,7,1.0000,1.0000,1.0000,1.0000,0.0000
10,7,10,8,0.8359,0.9141,0.9417,0.7677,0.0323
10,7,10,9,0.7562,0.8652,0.9522,0.6283,0.0263
10,7,10,10,0.4527,0.5697,0.7403,0.1979,0.0299
10,7,10,11,0.6576,0.8180,0.9368,0.3551,0.0181
10,7,11,0,0.8902,0.9205,0.9055,0.8764,0.0498
10,7,11,1,0.9106,0.9375,0.9129,0.9036,0.0476
10,7,11,2,0.8189,0.8865,0.9961,0.6863,0.0120
10,7,11,3,0.9012,0.9308,0.9123,0.8886,0.0461
10,7,11,4,0.9023,0.9338,0.9307,0.8774,0.0385
10,7,11,5,0.8850,0.9355,0.9557,0.8443,0.0339
10,7,11,6,0.9200,0.9533,0.9573,0.8895,0.0270
10,7,11,7,0.9026,0.9315,0.9061,0.8948,0.0500
10,7,11,8,0.6807,0.7860,0.9499,0.4773,0.0146
10,7,11,9,0.7783,0.8642,0.9940,0.6012,0.0142
10,7,11,10,0.8596,0.9014,0.9591,0.7934,0.0241
10,7,11,11,0.8898,0.9209,0.8855,0.8874,0.0583
10,8,0,0,0.5270,0.5824,0.6815,0.1688,0.0747
10,8,0,1,0.3268,0.5602,0.7471,0.0011,0.0456
10,8,0,2,0.2209,0.4052,0.7171,-0.0261,0.0163
10,8,0,3,0.1471,0.4202,0.7772,-0.1225,0.0181
10,8,0,4,0.4101,0.5605,0.7416,0.0742,0.0637
10,8,0,5,0.4291,0.6058,0.7592,0.1610,0.0423
10,8,0,6,0.3762,0.6120,0.7261,-0.0676,0.0597
10,8,0,7,0.3458,0.5805,0.7235,0.0115,0.0375
10,8,0,8,0.3919,0.6752,0.7536,0.0027,0.0519
10,8,0,9,0.2711,0.5140,0.7342,-0.0725,0.0379
10,8,0,10,0.3001,0.4654,0.7010,0.1042,0.0284
10,8,0,11,0.2269,0.5233,0.6927,-0.0954,0.0361
10,8,1,0,0.4957,0.7427,0.8196,0.2941,0.0138
10,8,1,1,0.2284,0.3920,0.6110,0.0067,0.0274
10,8,1,2,0.2344,0.4920,0.7155,-0.0371,0.0351
10,8,1,3,0.3375,0.5117,0.7416,0.0316,0.0422
10,8,1,4,0.1329,0.3637,0.5805,-0.0813,0.0433
10,8,1,5,0.4639,0.5733,0.7843,0.2509,0.0256
10,8,1,6,0.0708,0.2890,0.6102,-0.1086,0.0770
10,8,1,7,0.2314,0.4299,0.6988,0.0142,0.0342
10,8,1,8,0.4881,0.6149,0.7954,0.2326,0.0344
10,8,1,9,0.3632,0.4754,0.7182,0.1378,0.0316
10,8,1,10,0.2284,0.4503,0.7551,-0.0598,0.0394
10,8,1,11,0.3843,0.4877,0.6736,0.1309,0.0235
10,8,2,0,0.1584,0.3458,0.5150,0.0094,0.0847
10,8,2,1,0.2392,0.3760,0.5847,0.0402,0.0386
10,8,2,2,0.1796,0.3911,0.6694,-0.0341,0.0412
10,8,2,3,0.3610,0.5162,0.7289,0.1490,0.0246
10,8,2,4,0.3665,0.5490,0.7764,0.1079,0.0277
10,8,2,5,0.3817,0.5453,0.7660,0.0949,0.0426
10,8,2,6,0.4599,0.4792,0.6899,0.2622,0.0222
10,8,2,7,0.2702,0.5016,0.7841,-0.0313,0.0437
10,8,2,8,0.4299,0.5433,0.7074,0.2011,0.0283
10,8,2,9,0.1692,0.3503,0.5158,0.0206,0.0828
10,8,2,10,0.2089,0.4316,0.7204,-0.0285,0.0344
10,8,2,11,0.2714,0.4111,0.6978,0.0110,0.0394
10,8,3,0,0.6745,0.6429,0.6752,0.5758,0.0192
10,8,3,1,0.6217,0.6706,0.7951,0.4472,0.0365
10,8,3,2,0.6180,0.6966,0.7651,0.4572,0.0280
10,8,3,3,0.5915,0.6046,0.8132,0.4143,0.0212
10,8,3,4,0.5683,0.5954,0.7458,0.3693,0.0392
10,8,3,5,0.1399,0.4147,0.6177,-0.0694,0.0439
10,8,3,6,0.7064,0.7166,0.8163,0.5743,0.0238
10,8,3,7,0.5546,0.6240,0.8041,0.3590,0.0257
10,8,3,8,0.4785,0.5824,0.7694,0.2659,0.0274
10,8,3,9,0.2487,0.3828,0.5878,0.0662,0.0428
10,8,3,10,0.4678,0.5160,0.6336,0.2783,0.0169
10,8,3,11,0.3281,0.4865,0.7590,0.0872,0.0259
10,8,4,0,0.7065,0.6804,0.7012,0.6286,0.0304
10,8,4,1,0.6237,0.6859,0.7325,0.4489,0.0398
10,8,4,2,0.7378,0.7634,0.7588,0.6532,0.0382
10,8,4,3,0.7790,0.7046,0.6560,0.7592,0.0725
10,8,4,4,0.5094,0.5863,0.6882,0.3190,0.0302
10,8,4,5,0.5952,0.5863,0.6554,0.4926,0.0317
10,8,4,6,0.6647,0.6396,0.6615,0.5777,0.0314
10,8,4,7,0.6851,0.6682,0.5918,0.6237,0.0520
10,8,4,8,0.7509,0.7178,0.7059,0.6877,0.0349
10,8,4,9,0.7590,0.7374,0.7392,0.6764,0.0317
10,8,4,10,0.6743,0.6197,0.6705,0.5784,0.0281
10,8,4,11,0.6669,0.6736,0.6609,0.5937,0.0407
10,8,5,0,0.7083,0.6950,0.6713,0.6426,0.0403
10,8,5,1,0.7599,0.6840,0.6194,0.7323,0.0689
10,8,5,2,0.7588,0.7821,0.7905,0.6799,0.0372
10,8,5,3,0.7037,0.6649,0.6747,0.6201,0.0336
10,8,5,4,0.7980,0.7986,0.8117,0.7313,0.0329
10,8,5,5,0.7764,0.6973,0.6533,0.7502,0.0681
10,8,5,6,0.7391,0.6939,0.6083,0.6999,0.0603
10,8,5,7,0.7258,0.6906,0.6376,0.6750,0.0491
10,8,5,8,0.6535,0.6610,0.7276,0.5420,0.0337
10,8,5,9,0.5607,0.6175,0.6491,0.4571,0.0400
10,8,5,10,0.6085,0.5805,0.7047,0.4925,0.0219
10,8,5,11,0.7219,0.6381,0.6778,0.6639,0.0460
10,8,6,0,0.6909,0.6592,0.5969,0.6395,0.0589
10,8,6,1,0.6029,0.5860,0.6509,0.4761,0.0352
10,8,6,2,0.6908,0.6986,0.6891,0.6080,0.0331
10,8,6,3,0.7001,0.6748,0.6129,0.6445,0.0523
10,8,6,4,0.7046,0.6755,0.6282,0.6321,0.0333
10,8,6,5,0.6467,0.6659,0.6303,0.5524,0.0283
10,8,6,6,0.7300,0.7005,0.6841,0.6581,0.0283
10,8,6,7,0.7105,0.7146,0.7279,0.6012,0.0314
10,8,6,8,0.7673,0.7226,0.7105,0.6984,0.0238
10,8,6,9,0.6360,0.6540,0.7007,0.5330,0.0263
10,8,6,10,0.7219,0.6669,0.6079,0.6641,0.0446
10,8,6,11,0.5660,0.5761,0.6124,0.4597,0.0376
10,8,7,0,0.7495,0.7328,0.7686,0.6719,0.0271
10,8,7,1,0.6265,0.6023,0.6625,0.5301,0.0328
10,8,7,2,0.7695,0.7224,0.7037,0.7158,0.0365
10,8,7,3,0.7798,0.7020,0.6498,0.7472,0.0592
10,8,7,4,0.6517,0.6457,0.6001,0.5769,0.0422
10,8,7,5,0.6380,0.6118,0.7304,0.5049,0.0301
10,8,7,6,0.7681,0.6801,0.6335,0.7406,0.0690
10,8,7,7,0.7344,0.6960,0.6619,0.7037,0.0735
10,8,7,8,0.7559,0.8447,0.9101,0.6802,0.0185
10,8,7,9,0.7053,0.7201,0.6649,0.6426,0.0451
10,8,7,10,0.6374,0.6407,0.6120,0.5631,0.0473
10,8,7,11,0.7049,0.6670,0.6601,0.6560,0.0586
10,8,8,0,0.7544,0.6882,0.6696,0.6991,0.0383
10,8,8,1,0.8319,0.7841,0.8085,0.7840,0.0373
10,8,8,2,0.7731,0.6692,0.6229,0.7547,0.0787
10,8,8,3,0.8396,0.8027,0.7749,0.7994,0.0291
10,8,8,4,0.7406,0.6805,0.6386,0.6882,0.0474
10,8,8,5,0.7732,0.6943,0.6440,0.7366,0.0535
10,8,8,6,0.7721,0.6833,0.6419,0.7436,0.0672
10,8,8,7,0.5452,0.6227,0.7455,0.3221,0.0468
10,8,8,8,0.6503,0.6856,0.7940,0.4971,0.0404
10,8,8,9,0.7311,0.7150,0.7154,0.6425,0.0277
10,8,8,10,0.7612,0.6948,0.6500,0.7166,0.0466
10,8,8,11,0.7487,0.7522,0.8064,0.6706,0.0265
10,8,9,0,0.6995,0.6708,0.6971,0.6127,0.0231
10,8,9,1,0.7044,0.6650,0.7066,0.6127,0.0190
10,8,9,2,0.7242,0.7826,0.8582,0.6122,0.0231
10,8,9,3,0.7869,0.7921,0.8139,0.7292,0.0310
10,8,9,4,0.7943,0.7574,0.7433,0.7453,0.0366
10,8,9,5,0.7181,0.7260,0.8129,0.5958,0.0393
10,8,9,6,0.8049,0.7235,0.6815,0.7765,0.0567
10,8,9,7,0.6965,0.6296,0.6189,0.6464,0.0580
10,8,9,8,0.6083,0.6384,0.8156,0.4170,0.0407
10,8,9,9,0.7740,0.6793,0.6350,0.7494,0.0735
10,8,9,10,0.5762,0.6678,0.7600,0.3839,0.0358
10,8,9,11,0.6631,0.7273,0.7861,0.5353,0.0158
10,8,10,0,0.5928,0.6656,0.8304,0.3615,0.0503
10,8,10,1,0.7318,0.8641,0.9159,0.6398,0.0095
10,8,10,2,0.7156,0.8432,0.8915,0.5821,0.0324
10,8,10,3,0.8432,0.9264,0.9879,0.7814,0.0112
10,8,10,4,0.6056,0.7036,0.9182,0.4509,0.0132
10,8,10,5,0.7534,0.8694,0.9433,0.6594,0.0160
10,8,10,6,0.6464,0.7860,0.9246,0.5153,0.0124
10,8,10,7,0.8359,0.9141,0.9417,0.7677,0.0323
10,8,10,8,1.0000,1.0000,1.0000,1.0000,0.0000
10,8,10,9,0.7901,0.8541,0.9462,0.7071,0.0134
10,8,10,10,0.3565,0.4590,0.7335,0.1374,0.0192
10,8,10,11,0.5455,0.6927,0.8186,0.2926,0.0468
10,8,11,0,0.8522,0.9051,0.9632,0.8066,0.0194
10,8,11,1,0.8693,0.9219,0.9726,0.8278,0.0189
10,8,11,2,0.7613,0.8323,0.9616,0.6525,0.0347
10,8,11,3,0.8667,0.9083,0.9716,0.8240,0.0177
10,8,11,4,0.8645,0.9109,0.9800,0.8161,0.0118
10,8,11,5,0.8792,0.9081,0.9853,0.8342,0.0109
10,8,11,6,0.8542,0.9184,0.9663,0.7968,0.0112
10,8,11,7,0.8797,0.9329,0.9696,0.8429,0.0200
10,8,11,8,0.6697,0.7317,0.9153,0.5251,0.0259
10,8,11,9,0.7157,0.8010,0.9281,0.5788,0.0407
10,8,11,10,0.8276,0.8674,0.9827,0.7596,0.0114
10,8,11,11,0.8670,0.9184,0.9576,0.8311,0.0280
10,9,0,0,0.5603,0.6212,0.7268,0.1984,0.0690
10,9,0,1,0.4297,0.7049,0.8949,0.1338,0.0393
10,9,0,2,0.2763,0.5981,0.8622,0.0318,0.0248
10,9,0,3,0.2200,0.6161,0.8850,-0.0430,0.0254
10,9,0,4,0.3813,0.6573,0.8450,-0.0031,0.0564
10,9,0,5,0.5486,0.6978,0.9140,0.3210,0.0352
10,9,0,6,0.4861,0.6740,0.7924,0.1052,0.0539
10,9,0,7,0.3063,0.6203,0.8720,-0.0769,0.0322
10,9,0,8,0.4050,0.7342,0.8385,-0.0087,0.0454
10,9,0,9,0.3593,0.6114,0.8875,0.0355,0.0378
10,9,0,10,0.2823,0.6866,0.8428,0.0683,0.0362
10,9,0,11,0.1977,0.6448,0.8596,-0.1608,0.0296
10,9,1,0,0.4776,0.7349,0.9539,0.2536,0.0186
10,9,1,1,0.1729,0.5357,0.7889,-0.0813,0.0330
10,9,1,2,0.2279,0.5553,0.8775,-0.0649,0.0340
10,9,1,3,0.3444,0.5720,0.8756,0.0189,0.0398
10,9,1,4,0.1054,0.4735,0.7567,-0.1310,0.0501
10,9,1,5,0.3675,0.5953,0.9082,0.0980,0.0256
10,9,1,6,0.0442,0.3140,0.7441,-0.1540,0.0846
10,9,1,7,0.2088,0.4801,0.8412,-0.0298,0.0408
10,9,1,8,0.3877,0.6549,0.8978,0.0536,0.0300
10,9,1,9,0.2582,0.5109,0.8583,-0.0224,0.0313
10,9,1,10,0.1950,0.5283,0.8937,-0.1268,0.0368
10,9,1,11,0.5742,0.6842,0.8482,0.3863,0.0238
10,9,2,0,0.1330,0.5262,0.7110,-0.0314,0.0922
10,9,2,1,0.1456,0.5124,0.7413,-0.0945,0.0473
10,9,2,2,0.1419,0.4383,0.8172,-0.0973,0.0469
10,9,2,3,0.2526,0.5393,0.8685,-0.0125,0.0277
10,9,2,4,0.3462,0.6251,0.9042,0.0600,0.0272
10,9,2,5,0.3343,0.6016,0.8861,0.0015,0.0354
10,9,2,6,0.6633,0.7228,0.8631,0.5320,0.0207
10,9,2,7,0.2362,0.5594,0.9065,-0.1021,0.0391
10,9,2,8,0.3653,0.5963,0.8676,0.0923,0.0234
10,9,2,9,0.1397,0.5271,0.7118,-0.0253,0.0903
10,9,2,10,0.1700,0.4664,0.8744,-0.0963,0.0411
10,9,2,11,0.2200,0.4788,0.8574,-0.0780,0.0364
10,9,3,0,0.5026,0.6568,0.8218,0.3409,0.0298
10,9,3,1,0.4515,0.7191,0.9129,0.1734,0.0303
10,9,3,2,0.5235,0.7387,0.9002,0.3069,0.0240
10,9,3,3,0.4429,0.6773,0.9293,0.1812,0.0200
10,9,3,4,0.4328,0.5840,0.8778,0.1474,0.0349
10,9,3,5,0.1192,0.5515,0.7896,-0.1099,0.0526
10,9,3,6,0.5201,0.7110,0.9121,0.2801,0.0196
10,9,3,7,0.4428,0.6742,0.9203,0.1780,0.0223
10,9,3,8,0.3873,0.6246,0.9179,0.1192,0.0235
10,9,3,9,0.1574,0.4864,0.7667,-0.0628,0.0495
10,9,3,10,0.3242,0.6253,0.8232,0.0669,0.0199
10,9,3,11,0.2413,0.5791,0.8746,-0.0495,0.0225
10,9,4,0,0.5128,0.6772,0.8434,0.3712,0.0358
10,9,4,1,0.4612,0.6628,0.8761,0.1854,0.0354
10,9,4,2,0.4863,0.6831,0.8879,0.3085,0.0386
10,9,4,3,0.4995,0.6058,0.7757,0.4123,0.0800
10,9,4,4,0.4327,0.6094,0.8551,0.1969,0.0231
10,9,4,5,0.3954,0.6356,0.7757,0.2277,0.0401
10,9,4,6,0.4481,0.6340,0.8211,0.2906,0.0381
10,9,4,7,0.4208,0.6253,0.7555,0.2851,0.0598
10,9,4,8,0.4938,0.6395,0.8220,0.3489,0.0382
10,9,4,9,0.5130,0.6951,0.8658,0.3346,0.0332
10,9,4,10,0.4268,0.5710,0.8256,0.2439,0.0275
10,9,4,11,0.4380,0.6420,0.8125,0.2970,0.0501
10,9,5,0,0.4438,0.6449,0.7891,0.2989,0.0472
10,9,5,1,0.4513,0.5738,0.7528,0.3466,0.0770
10,9,5,2,0.5118,0.6999,0.9128,0.3406,0.0368
10,9,5,3,0.4433,0.6033,0.8276,0.2714,0.0352
10,9,5,4,0.5541,0.7270,0.9148,0.3960,0.0349
10,9,5,5,0.4880,0.5966,0.7783,0.3892,0.0761
10,9,5,6,0.4278,0.5913,0.7509,0.3071,0.0690
10,9,5,7,0.4553,0.6102,0.7717,0.3295,0.0562
10,9,5,8,0.4576,0.6444,0.8627,0.2707,0.0336
10,9,5,9,0.3641,0.6758,0.8030,0.1987,0.0493
10,9,5,10,0.4255,0.6331,0.8426,0.2427,0.0282
10,9,5,11,0.5044,0.6465,0.8156,0.3835,0.0516
10,9,6,0,0.4265,0.5692,0.7543,0.3048,0.0647
10,9,6,1,0.4161,0.5779,0.8160,0.2164,0.0343
10,9,6,2,0.4672,0.6141,0.8317,0.3106,0.0370
10,9,6,3,0.4395,0.6148,0.7627,0.3118,0.0586
10,9,6,4,0.4630,0.6267,0.7906,0.3149,0.0416
10,9,6,5,0.4163,0.6457,0.7880,0.2456,0.0341
10,9,6,6,0.4543,0.6741,0.8176,0.2925,0.0329
10,9,6,7,0.4762,0.6616,0.8650,0.2647,0.0299
10,9,6,8,0.5062,0.6453,0.8476,0.3466,0.0307
10,9,6,9,0.4076,0.6311,0.8107,0.2258,0.0318
10,9,6,10,0.4327,0.5998,0.7682,0.2913,0.0523
10,9,6,11,0.4079,0.6492,0.7874,0.2500,0.0479
10,9,7,0,0.4971,0.6793,0.8821,0.3288,0.0287
10,9,7,1,0.4336,0.5841,0.8036,0.2739,0.0379
10,9,7,2,0.4843,0.6675,0.8419,0.3438,0.0445
10,9,7,3,0.4887,0.5925,0.7732,0.3792,0.0665
10,9,7,4,0.4044,0.6598,0.7665,0.2571,0.0519
10,9,7,5,0.4607,0.6352,0.8719,0.2489,0.0288
10,9,7,6,0.4670,0.5688,0.7605,0.3638,0.0766
10,9,7,7,0.4878,0.6008,0.7903,0.3968,0.0812
10,9,7,8,0.6518,0.8108,0.9742,0.5369,0.0227
10,9,7,9,0.4296,0.6223,0.7954,0.2865,0.0536
10,9,7,10,0.3825,0.6283,0.7744,0.2351,0.0568
10,9,7,11,0.4899,0.6193,0.8007,0.3842,0.0674
10,9,8,0,0.4861,0.6350,0.8016,0.3503,0.0452
10,9,8,1,0.5594,0.6983,0.9006,0.4196,0.0438
10,9,8,2,0.4528,0.5487,0.7517,0.3576,0.0866
10,9,8,3,0.5588,0.6938,0.8720,0.4295,0.0366
10,9,8,4,0.4654,0.5903,0.7901,0.3342,0.0550
10,9,8,5,0.4779,0.5953,0.7850,0.3617,0.0613
10,9,8,6,0.4728,0.5800,0.7674,0.3680,0.0744
10,9,8,7,0.4450,0.6596,0.8734,0.1464,0.0397
10,9,8,8,0.5442,0.7156,0.9036,0.3268,0.0343
10,9,8,9,0.5296,0.6908,0.8483,0.3637,0.0264
10,9,8,10,0.4736,0.6218,0.7909,0.3486,0.0528
10,9,8,11,0.5466,0.7387,0.9097,0.3952,0.0252
10,9,9,0,0.5602,0.7142,0.8402,0.4239,0.0306
10,9,9,1,0.4621,0.6204,0.8474,0.2824,0.0252
10,9,9,2,0.5692,0.7766,0.9543,0.3804,0.0231
10,9,9,3,0.5673,0.7198,0.9024,0.4376,0.0368
10,9,9,4,0.5576,0.6699,0.8542,0.4355,0.0433
10,9,9,5,0.5785,0.7261,0.9161,0.3781,0.0389
10,9,9,6,0.5082,0.6193,0.7961,0.4008,0.0644
10,9,9,7,0.5006,0.5872,0.7622,0.3989,0.0662
10,9,9,8,0.6984,0.7678,0.9162,0.5399,0.0338
10,9,9,9,0.4654,0.5581,0.7620,0.3640,0.0807
10,9,9,10,0.4481,0.6645,0.8714,0.1755,0.0301
10,9,9,11,0.4677,0.6814,0.9064,0.2516,0.0210
10,9,10,0,0.6534,0.7809,0.8658,0.4420,0.0438
10,9,10,1,0.9086,0.9513,0.9929,0.8773,0.0170
10,9,10,2,0.8081,0.9000,0.9801,0.7118,0.0263
10,9,10,3,0.7107,0.8509,0.9746,0.5877,0.0173
10,9,10,4,0.6473,0.8294,0.9773,0.4990,0.0165
10,9,10,5,0.8750,0.9044,0.9964,0.8243,0.0188
10,9,10,6,0.8068,0.8962,0.9942,0.7306,0.0129
10,9,10,7,0.7562,0.8652,0.9522,0.6283,0.0263
10,9,10,8,0.7901,0.8541,0.9462,0.7071,0.0134
10,9,10,9,1.0000,1.0000,1.0000,1.0000,0.0000
10,9,10,10,0.4885,0.6605,0.8702,0.3034,0.0179
10,9,10,11,0.6130,0.7674,0.8915,0.3814,0.0412
10,9,11,0,0.8103,0.8512,0.9464,0.7493,0.0315
10,9,11,1,0.7935,0.8499,0.9488,0.7242,0.0318
10,9,11,2,0.7922,0.8717,0.9603,0.6875,0.0302
10,9,11,3,0.8175,0.8539,0.9430,0.7564,0.0305
10,9,11,4,0.8090,0.8588,0.9541,0.7371,0.0242
10,9,11,5,0.8188,0.8708,0.9578,0.7472,0.0216
10,9,11,6,0.8060,0.8764,0.9683,0.7235,0.0158
10,9,11,7,0.8297,0.8539,0.9436,0.7753,0.0331
10,9,11,8,0.8441,0.8829,0.9862,0.7711,0.0258
10,9,11,9,0.8487,0.9054,0.9662,0.7762,0.0350
10,9,11,10,0.8300,0.8722,0.9754,0.7578,0.0167
10,9,11,11,0.8131,0.8406,0.9370,0.7602,0.0400
10,10,0,0,0.4213,0.5945,0.6004,-0.0218,0.0718
10,10,0,1,0.1924,0.6353,0.9316,-0.1666,0.0405
10,10,0,2,0.4734,0.7621,0.9971,0.3201,0.0174
10,10,0,3,0.2414,0.6935,0.9910,0.0212,0.0154
10,10,0,4,0.3539,0.6250,0.8168,0.0188,0.0585
10,10,0,5,0.3572,0.5708,0.9460,0.0821,0.0369
10,10,0,6,0.4370,0.6603,0.6952,0.0956,0.0561
10,10,0,7,0.4100,0.6295,0.9257,0.1399,0.0347
10,10,0,8,0.2417,0.6854,0.7792,-0.2152,0.0487
10,10,0,9,0.6503,0.7698,0.9645,0.5088,0.0355
10,10,0,10,0.2195,0.6568,0.9844,0.0174,0.0229
10,10,0,11,0.3962,0.7154,0.9879,0.1672,0.0267
10,10,1,0,0.5396,0.6938,0.9574,0.3723,0.0183
10,10,1,1,0.3984,0.6866,0.9794,0.2398,0.0207
10,10,1,2,0.4330,0.6957,0.9893,0.2486,0.0260
10,10,1,3,0.5601,0.6899,0.9496,0.3804,0.0357
10,10,1,4,0.4744,0.6573,0.9664,0.3585,0.0359
10,10,1,5,0.5324,0.6918,0.9741,0.3633,0.0184
10,10,1,6,0.5964,0.6081,0.9461,0.5381,0.0710
10,10,1,7,0.5857,0.6930,0.9876,0.4793,0.0290
10,10,1,8,0.6323,0.7388,0.9028,0.4756,0.0318
10,10,1,9,0.6958,0.7497,0.9916,0.5972,0.0197
10,10,1,10,0.5570,0.7102,0.9898,0.4058,0.0290
10,10,1,11,0.6478,0.7552,0.9858,0.5178,0.0207
10,10,2,0,0.1154,0.5616,0.9325,-0.0310,0.0786
10,10,2,1,0.5558,0.7863,0.9691,0.4511,0.0333
10,10,2,2,0.6596,0.7317,0.9856,0.5817,0.0362
10,10,2,3,0.6163,0.7277,0.9915,0.4993,0.0162
10,10,2,4,0.5871,0.7450,0.9780,0.4348,0.0212
10,10,2,5,0.5081,0.7264,0.9441,0.3041,0.0358
10,10,2,6,0.6451,0.7914,0.9871,0.5264,0.0112
10,10,2,7,0.5089,0.7062,0.9533,0.3251,0.0377
10,10,2,8,0.4654,0.6977,0.9773,0.2700,0.0199
10,10,2,9,0.1190,0.5626,0.9335,-0.0286,0.0767
10,10,2,10,0.5388,0.6538,0.9940,0.4121,0.0305
10,10,2,11,0.3966,0.6562,0.9892,0.1989,0.0288
10,10,3,0,0.6553,0.7154,0.9839,0.5576,0.0269
10,10,3,1,0.5213,0.6597,0.9450,0.3205,0.0322
10,10,3,2,0.5658,0.7088,0.9705,0.4003,0.0221
10,10,3,3,0.3935,0.6619,0.9626,0.1523,0.0179
10,10,3,4,0.4584,0.6067,0.9307,0.2306,0.0344
10,10,3,5,0.3370,0.6600,0.9738,0.1907,0.0407
10,10,3,6,0.6181,0.6948,0.9288,0.4626,0.0240
10,10,3,7,0.5880,0.7299,0.9495,0.4257,0.0225
10,10,3,8,0.4174,0.7039,0.9752,0.2008,0.0198
10,10,3,9,0.3619,0.6979,0.9676,0.2200,0.0364
10,10,3,10,0.3783,0.7133,0.9801,0.1752,0.0125
10,10,3,11,0.5057,0.7013,0.9944,0.3433,0.0138
10,10,4,0,0.3101,0.5789,0.9885,0.1311,0.0218
10,10,4,1,0.2837,0.5688,0.9435,-0.0285,0.0355
10,10,4,2,0.3624,0.5100,0.9969,0.1708,0.0254
10,10,4,3,0.3127,0.3717,0.9500,0.1923,0.0662
10,10,4,4,0.2505,0.6142,0.9725,-0.0161,0.0230
10,10,4,5,0.2672,0.5463,0.9732,0.0875,0.0269
10,10,4,6,0.2706,0.5492,0.9881,0.0859,0.0262
10,10,4,7,0.2935,0.4908,0.9673,0.1432,0.0456
10,10,4,8,0.3105,0.4323,0.9864,0.1345,0.0276
10,10,4,9,0.4040,0.5158,0.9924,0.2155,0.0225
10,10,4,10,0.2818,0.5237,0.9890,0.0818,0.0145
10,10,4,11,0.3233,0.5334,0.9799,0.1704,0.0382
10,10,5,0,0.2811,0.4696,0.9721,0.1127,0.0332
10,10,5,1,0.3005,0.3707,0.9537,0.1729,0.0631
10,10,5,2,0.3161,0.5248,0.9929,0.1080,0.0249
10,10,5,3,0.2733,0.5143,0.9893,0.0765,0.0238
10,10,5,4,0.3835,0.5042,0.9819,0.1938,0.0226
10,10,5,5,0.3165,0.3772,0.9575,0.1886,0.0618
10,10,5,6,0.2905,0.4078,0.9597,0.1516,0.0560
10,10,5,7,0.3144,0.4324,0.9648,0.1690,0.0423
10,10,5,8,0.2861,0.4924,0.9993,0.0727,0.0235
10,10,5,9,0.2418,0.6146,0.9838,0.0668,0.0361
10,10,5,10,0.2938,0.6462,0.9966,0.0976,0.0159
10,10,5,11,0.3171,0.4932,0.9822,0.1634,0.0381
10,10,6,0,0.3026,0.4079,0.9622,0.1658,0.0510
10,10,6,1,0.2933,0.5037,0.9911,0.0839,0.0226
10,10,6,2,0.3317,0.4820,0.9871,0.1580,0.0250
10,10,6,3,0.2804,0.4481,0.9679,0.1297,0.0452
10,10,6,4,0.2946,0.5517,0.9838,0.1207,0.0281
10,10,6,5,0.3114,0.5382,0.9828,0.1343,0.0205
10,10,6,6,0.2979,0.5203,0.9897,0.1141,0.0193
10,10,6,7,0.3065,0.5213,0.9926,0.0666,0.0224
10,10,6,8,0.4860,0.5607,0.9907,0.3406,0.0207
10,10,6,9,0.3046,0.5211,0.9763,0.1179,0.0189
10,10,6,10,0.2572,0.4981,0.9742,0.0896,0.0392
10,10,6,11,0.2782,0.6135,0.9740,0.1069,0.0365
10,10,7,0,0.2728,0.5347,0.9758,0.0606,0.0170
10,10,7,1,0.2871,0.4433,0.9859,0.1088,0.0254
10,10,7,2,0.3286,0.5103,0.9869,0.1644,0.0303
10,10,7,3,0.3035,0.3836,0.9586,0.1623,0.0529
10,10,7,4,0.2496,0.5732,0.9715,0.0825,0.0401
10,10,7,5,0.3114,0.5592,0.9846,0.0794,0.0193
10,10,7,6,0.3082,0.3601,0.9531,0.1797,0.0625
10,10,7,7,0.3118,0.3701,0.9544,0.1905,0.0670
10,10,7,8,0.3729,0.5077,0.9258,0.1896,0.0116
10,10,7,9,0.2776,0.4364,0.9761,0.1142,0.0401
10,10,7,10,0.2472,0.5271,0.9713,0.0853,0.0438
10,10,7,11,0.3122,0.4669,0.9678,0.1763,0.0536
10,10,8,0,0.4198,0.5057,0.9777,0.2823,0.0317
10,10,8,1,0.3646,0.4662,0.9814,0.1865,0.0327
10,10,8,2,0.2925,0.3338,0.9472,0.1717,0.0725
10,10,8,3,0.3410,0.4312,0.9870,0.1676,0.0252
10,10,8,4,0.3081,0.4411,0.9754,0.1534,0.0414
10,10,8,5,0.2921,0.4092,0.9671,0.1449,0.0471
10,10,8,6,0.3015,0.3684,0.9549,0.1686,0.0604
10,10,8,7,0.2928,0.6559,0.8992,-0.0310,0.0421
10,10,8,8,0.3329,0.6622,0.9167,0.0623,0.0348
10,10,8,9,0.3902,0.5126,0.9974,0.2035,0.0167
10,10,8,10,0.2794,0.4442,0.9711,0.1216,0.0388
10,10,8,11,0.3335,0.5323,0.9764,0.1387,0.0134
10,10,9,0,0.4533,0.6179,0.9954,0.3033,0.0174
10,10,9,1,0.5254,0.6253,0.9896,0.3876,0.0145
10,10,9,2,0.5490,0.6649,0.9467,0.3821,0.0196
10,10,9,3,0.3835,0.4856,0.9676,0.2183,0.0249
10,10,9,4,0.3336,0.4625,0.9760,0.1665,0.0308
10,10,9,5,0.3785,0.6260,0.9362,0.1278,0.0330
10,10,9,6,0.3804,0.4233,0.9592,0.2534,0.0504
10,10,9,7,0.3621,0.4299,0.9595,0.2382,0.0529
10,10,9,8,0.6929,0.7576,0.9058,0.5667,0.0365
10,10,9,9,0.3056,0.3448,0.9521,0.1786,0.0666
10,10,9,10,0.4170,0.5806,0.9635,0.1746,0.0308
10,10,9,11,0.5950,0.6563,0.9857,0.4549,0.0150
10,10,10,0,0.7645,0.7864,0.7226,0.6869,0.0462
10,10,10,1,0.3500,0.6090,0.8845,0.1444,0.0140
10,10,10,2,0.5907,0.6918,0.8684,0.4136,0.0290
10,10,10,3,0.3223,0.5098,0.7672,0.0762,0.0203
10,10,10,4,0.6561,0.7224,0.8889,0.5339,0.0119
10,10,10,5,0.2776,0.5520,0.8482,0.0255,0.0134
10,10,10,6,0.5312,0.6661,0.8729,0.3722,0.0102
10,10,10,7,0.4527,0.5697,0.7403,0.1979,0.0299
10,10,10,8,0.3565,0.4590,0.7335,0.1374,0.0192
10,10,10,9,0.4885,0.6605,0.8702,0.3034,0.0179
10,10,10,10,1.0000,1.0000,1.0000,1.0000,0.0000
10,10,10,11,0.2565,0.6691,0.8157,-0.1466,0.0436
10,10,11,0,0.2622,0.4269,0.7290,0.0438,0.0293
10,10,11,1,0.2651,0.4179,0.7367,0.0429,0.0298
10,10,11,2,0.3452,0.5504,0.7633,0.0491,0.0315
10,10,11,3,0.2903,0.4283,0.7199,0.0747,0.0273
10,10,11,4,0.2892,0.4313,0.7331,0.0558,0.0272
10,10,11,5,0.3258,0.4728,0.7329,0.0960,0.0255
10,10,11,6,0.3369,0.4778,0.7597,0.0961,0.0219
10,10,11,7,0.2509,0.4016,0.7136,0.0288,0.0315
10,10,11,8,0.4693,0.6621,0.9123,0.2559,0.0223
10,10,11,9,0.4713,0.6295,0.8027,0.2224,0.0374
10,10,11,10,0.3154,0.4810,0.7661,0.0669,0.0200
10,10,11,11,0.2331,0.3921,0.7205,0.0208,0.0355
10,11,0,0,0.6109,0.8255,0.9443,-0.0454,0.0280
10,11,0,1,0.5007,0.7613,0.9477,0.1018,0.0108
10,11,0,2,0.3009,0.6188,0.7843,-0.0438,0.0521
10,11,0,3,0.3933,0.6422,0.7925,0.1057,0.0511
10,11,0,4,0.4979,0.7613,0.9887,0.0002,0.0216
10,11,0,5,0.4926,0.7475,0.9311,0.0990,0.0115
10,11,0,6,0.5926,0.8008,0.9737,0.0723,0.0137
10,11,0,7,0.4018,0.7417,0.9446,-0.1115,0.0109
10,11,0,8,0.5678,0.8093,0.9878,0.0759,0.0069
10,11,0,9,0.3607,0.6889,0.9183,-0.1363,0.0182
10,11,0,10,0.3877,0.6191,0.7281,0.1384,0.0588
10,11,0,11,0.3781,0.6635,0.8451,-0.0397,0.0180
10,11,1,0,0.4886,0.7959,0.8998,0.1675,0.0348
10,11,1,1,0.2935,0.5860,0.7028,-0.0172,0.0567
10,11,1,2,0.3229,0.6679,0.8484,-0.0562,0.0312
10,11,1,3,0.3855,0.7153,0.9426,-0.0815,0.0136
10,11,1,4,0.2755,0.5536,0.6511,0.0102,0.0695
10,11,1,5,0.3670,0.7358,0.9060,-0.0360,0.0282
10,11,1,6,0.1004,0.3971,0.6040,-0.1739,0.1015
10,11,1,7,0.2297,0.6000,0.7713,-0.1113,0.0574
10,11,1,8,0.4081,0.7816,0.9816,-0.0950,0.0132
10,11,1,9,0.2424,0.6366,0.8224,-0.1875,0.0344
10,11,1,10,0.3010,0.6356,0.8831,-0.1164,0.0258
10,11,1,11,0.3586,0.6655,0.8293,-0.0673,0.0290
10,11,2,0,0.2785,0.4884,0.5816,0.1083,0.1092
10,11,2,1,0.2162,0.5657,0.6681,-0.1041,0.0673
10,11,2,2,0.1767,0.5557,0.7298,-0.1621,0.0636
10,11,2,3,0.2732,0.6529,0.8247,-0.1082,0.0428
10,11,2,4,0.4016,0.7288,0.9138,0.0102,0.0264
10,11,2,5,0.4337,0.7390,0.9520,0.0011,0.0135
10,11,2,6,0.3654,0.6393,0.8003,-0.0002,0.0354
10,11,2,7,0.3514,0.6817,0.9498,-0.0813,0.0197
10,11,2,8,0.3826,0.7409,0.8915,-0.0140,0.0252
10,11,2,9,0.2817,0.4917,0.5836,0.1097,0.1074
10,11,2,10,0.2639,0.5729,0.7922,-0.0804,0.0544
10,11,2,11,0.3246,0.6159,0.8556,-0.0567,0.0264
10,11,3,0,0.2993,0.6470,0.7454,-0.0372,0.0655
10,11,3,1,0.4547,0.7632,0.9555,0.0299,0.0140
10,11,3,2,0.4157,0.7814,0.9257,0.0161,0.0216
10,11,3,3,0.5006,0.7358,0.9348,0.1488,0.0259
10,11,3,4,0.3823,0.7552,0.9583,-0.0959,0.0131
10,11,3,5,0.2850,0.5756,0.6769,0.0296,0.0765
10,11,3,6,0.4526,0.7805,0.9606,0.0321,0.0241
10,11,3,7,0.4520,0.7805,0.9476,0.0581,0.0235
10,11,3,8,0.4369,0.6983,0.9017,0.0708,0.0239
10,11,3,9,0.2587,0.5306,0.6611,-0.0140,0.0709
10,11,3,10,0.4122,0.6813,0.7852,0.0886,0.0396
10,11,3,11,0.3541,0.6535,0.8387,-0.0096,0.0329
10,11,4,0,0.4001,0.6816,0.7683,0.1565,0.0562
10,11,4,1,0.4593,0.7475,0.9412,0.0330,0.0131
10,11,4,2,0.3841,0.6673,0.8249,0.0772,0.0395
10,11,4,3,0.2802,0.4953,0.6269,0.0855,0.0980
10,11,4,4,0.4874,0.7146,0.8829,0.1782,0.0245
10,11,4,5,0.3719,0.5961,0.7035,0.1317,0.0615
10,11,4,6,0.3958,0.6753,0.7453,0.1582,0.0578
10,11,4,7,0.3532,0.5525,0.6484,0.1458,0.0783
10,11,4,8,0.3685,0.6051,0.7442,0.1124,0.0554
10,11,4,9,0.4264,0.6765,0.8304,0.1254,0.0377
10,11,4,10,0.4000,0.6330,0.7740,0.1316,0.0434
10,11,4,11,0.3461,0.6365,0.7073,0.1164,0.0733
10,11,5,0,0.3539,0.5861,0.7002,0.1183,0.0665
10,11,5,1,0.2787,0.4760,0.6190,0.0739,0.0943
10,11,5,2,0.4372,0.7009,0.8659,0.1581,0.0376
10,11,5,3,0.3772,0.6466,0.7707,0.1056,0.0479
10,11,5,4,0.4192,0.6874,0.8570,0.1245,0.0406
10,11,5,5,0.2898,0.5047,0.6420,0.0836,0.0928
10,11,5,6,0.2799,0.4750,0.6272,0.0578,0.0890
10,11,5,7,0.3276,0.5601,0.6579,0.1070,0.0722
10,11,5,8,0.3980,0.6501,0.8234,0.1019,0.0379
10,11,5,9,0.3634,0.6274,0.7045,0.1383,0.0719
10,11,5,10,0.4503,0.6485,0.7722,0.2125,0.0541
10,11,5,11,0.3963,0.6345,0.7179,0.1949,0.0683
10,11,6,0,0.2735,0.5174,0.6375,0.0470,0.0790
10,11,6,1,0.4098,0.6655,0.7896,0.1242,0.0370
10,11,6,2,0.3175,0.5802,0.7365,0.0262,0.0550
10,11,6,3,0.3650,0.5684,0.6506,0.1685,0.0799
10,11,6,4,0.3232,0.5961,0.7099,0.0539,0.0629
10,11,6,5,0.3816,0.6205,0.6984,0.1305,0.0559
10,11,6,6,0.3704,0.6243,0.7326,0.1069,0.0552
10,11,6,7,0.4001,0.6831,0.8646,0.0437,0.0280
10,11,6,8,0.3581,0.6474,0.7719,0.0586,0.0526
10,11,6,9,0.3784,0.5896,0.7361,0.1104,0.0546
10,11,6,10,0.3219,0.5829,0.6772,0.0814,0.0731
10,11,6,11,0.3507,0.5893,0.6804,0.1094,0.0738
10,11,7,0,0.4427,0.6801,0.8195,0.1826,0.0430
10,11,7,1,0.3703,0.6083,0.7360,0.1225,0.0566
10,11,7,2,0.3667,0.6352,0.7379,0.1236,0.0657
10,11,7,3,0.3105,0.5058,0.6443,0.0940,0.0843
10,11,7,4,0.3318,0.5588,0.6640,0.1008,0.0764
10,11,7,5,0.4784,0.7158,0.8785,0.1854,0.0277
10,11,7,6,0.2797,0.4824,0.6242,0.0705,0.0936
10,11,7,7,0.2746,0.5048,0.6309,0.0754,0.0993
10,11,7,8,0.5355,0.7337,0.8422,0.3307,0.0468
10,11,7,9,0.3444,0.5367,0.6876,0.1146,0.0732
10,11,7,10,0.3241,0.5736,0.6603,0.0995,0.0784
10,11,7,11,0.2984,0.5636,0.6657,0.0824,0.0869
10,11,8,0,0.3259,0.5971,0.7016,0.0685,0.0653
10,11,8,1,0.3823,0.6274,0.8089,0.1009,0.0531
10,11,8,2,0.2617,0.4549,0.6088,0.0652,0.1035
10,11,8,3,0.3561,0.5895,0.7709,0.0824,0.0557
10,11,8,4,0.3151,0.5764,0.6917,0.0724,0.0720
10,11,8,5,0.3043,0.5477,0.6654,0.0778,0.0797
10,11,8,6,0.2952,0.4965,0.6355,0.0880,0.0910
10,11,8,7,0.5662,0.8015,0.9734,0.2040,0.0074
10,11,8,8,0.5650,0.7967,0.9757,0.2544,0.0125
10,11,8,9,0.4496,0.6396,0.8059,0.1758,0.0373
10,11,8,10,0.3575,0.5761,0.6729,0.1443,0.0697
10,11,8,11,0.4532,0.6928,0.8318,0.1989,0.0400
10,11,9,0,0.3666,0.6540,0.7594,0.0830,0.0551
10,11,9,1,0.3520,0.6706,0.7801,0.0387,0.0504
10,11,9,2,0.4891,0.7983,0.9380,0.1591,0.0286
10,11,9,3,0.3778,0.6833,0.7897,0.1097,0.0551
10,11,9,4,0.3881,0.6211,0.7548,0.1488,0.0610
10,11,9,5,0.5340,0.8000,0.9646,0.2012,0.0211
10,11,9,6,0.2952,0.5278,0.6614,0.0645,0.0812
10,11,9,7,0.3058,0.5313,0.6391,0.0957,0.0863
10,11,9,8,0.4784,0.7909,0.9795,0.0355,0.0084
10,11,9,9,0.2717,0.4742,0.6244,0.0626,0.0971
10,11,9,10,0.5032,0.7580,0.9195,0.1301,0.0134
10,11,9,11,0.3457,0.7230,0.8645,-0.0494,0.0364
10,11,10,0,0.6014,0.8459,0.9873,0.1606,0.0056
10,11,10,1,0.6356,0.8013,0.8504,0.4666,0.0494
10,11,10,2,0.6689,0.8586,0.9516,0.3916,0.0158
10,11,10,3,0.5492,0.7468,0.8416,0.2736,0.0383
10,11,10,4,0.5004,0.8157,0.8884,0.1956,0.0362
10,11,10,5,0.7348,0.8212,0.8688,0.6003,0.0369
10,11,10,6,0.5855,0.8345,0.8590,0.3598,0.0403
10,11,10,7,0.6576,0.8180,0.9368,0.3551,0.0181
10,11,10,8,0.5455,0.6927,0.8186,0.2926,0.0468
10,11,10,9,0.6130,0.7674,0.8915,0.3814,0.0412
10,11,10,10,0.2565,0.6691,0.8157,-0.1466,0.0436
10,11,10,11,1.0000,1.0000,1.0000,1.0000,0.0000
10,11,11,0,0.6282,0.7199,0.7402,0.4756,0.0638
10,11,11,1,0.6050,0.6978,0.7539,0.4313,0.0601
10,11,11,2,0.7782,0.8371,0.9260,0.5985,0.0131
10,11,11,3,0.6324,0.7166,0.7469,0.4742,0.0590
10,11,11,4,0.6560,0.7268,0.7778,0.4881,0.0506
10,11,11,5,0.6312,0.7432,0.8178,0.4347,0.0480
10,11,11,6,0.6461,0.7545,0.8285,0.4377,0.0408
10,11,11,7,0.6038,0.6926,0.7366,0.4358,0.0632
10,11,11,8,0.6710,0.8059,0.9387,0.4408,0.0223
10,11,11,9,0.7340,0.8271,0.9613,0.4937,0.0081
10,11,11,10,0.6730,0.7737,0.8340,0.4838,0.0365
10,11,11,11,0.6068,0.6843,0.7117,0.4619,0.0716
11,0,0,0,0.4573,0.5224,0.5527,0.1072,0.0899
11,0,0,1,0.3837,0.5522,0.7076,0.1315,0.0619
11,0,0,2,0.2480,0.3457,0.7225,0.0404,0.0202
11,0,0,3,0.1654,0.3974,0.7650,-0.0642,0.0236
11,0,0,4,0.4011,0.5102,0.6522,0.1159,0.0789
11,0,0,5,0.4262,0.5921,0.7461,0.1980,0.0601
11,0,0,6,0.3398,0.5507,0.6110,-0.0558,0.0773
11,0,0,7,0.2963,0.5187,0.6712,-0.0117,0.0550
11,0,0,8,0.3788,0.6280,0.6519,0.0478,0.0700
11,0,0,9,0.2045,0.4552,0.7052,-0.1192,0.0536
11,0,0,10,0.3128,0.4698,0.7136,0.1442,0.0279
11,0,0,11,0.2045,0.4684,0.6830,-0.0822,0.0515
11,0,1,0,0.5950,0.7441,0.8336,0.4577,0.0293
11,0,1,1,0.1890,0.3594,0.6434,-0.0146,0.0306
11,0,1,2,0.2731,0.4703,0.7104,0.0495,0.0468
11,0,1,3,0.3463,0.4733,0.6936,0.0886,0.0562
11,0,1,4,0.0998,0.3278,0.6190,-0.0946,0.0400
11,0,1,5,0.4694,0.5534,0.7727,0.2886,0.0388
11,0,1,6,0.1046,0.2691,0.6582,-0.0457,0.0701
11,0,1,7,0.2913,0.4364,0.7234,0.1164,0.0382
11,0,1,8,0.4787,0.5953,0.7370,0.2613,0.0513
11,0,1,9,0.3378,0.4475,0.7248,0.1346,0.0402
11,0,1,10,0.2239,0.4082,0.7319,-0.0273,0.0508
11,0,1,11,0.2983,0.4303,0.6689,0.0493,0.0364
11,0,2,0,0.1860,0.3138,0.5706,0.0598,0.0775
11,0,2,1,0.1748,0.3563,0.6076,-0.0148,0.0349
11,0,2,2,0.1961,0.3636,0.6986,0.0130,0.0431
11,0,2,3,0.3659,0.4951,0.7397,0.1827,0.0331
11,0,2,4,0.3790,0.5336,0.7520,0.1612,0.0404
11,0,2,5,0.3972,0.5193,0.7167,0.1596,0.0584
11,0,2,6,0.3595,0.4267,0.7057,0.1565,0.0353
11,0,2,7,0.3010,0.4806,0.7412,0.0522,0.0584
11,0,2,8,0.4517,0.5288,0.6882,0.2632,0.0462
11,0,2,9,0.1865,0.3163,0.5711,0.0587,0.0756
11,0,2,10,0.1881,0.3972,0.7444,-0.0243,0.0389
11,0,2,11,0.2822,0.3726,0.6919,0.0597,0.0516
11,0,3,0,0.5443,0.5874,0.7048,0.4213,0.0141
11,0,3,1,0.5422,0.6423,0.7589,0.3645,0.0527
11,0,3,2,0.5265,0.6212,0.7347,0.3570,0.0448
11,0,3,3,0.5590,0.6121,0.7914,0.3978,0.0394
11,0,3,4,0.4568,0.5003,0.6905,0.2431,0.0567
11,0,3,5,0.1128,0.3707,0.6572,-0.0761,0.0355
11,0,3,6,0.6092,0.6740,0.7738,0.4618,0.0404
11,0,3,7,0.5676,0.6237,0.7771,0.4085,0.0415
11,0,3,8,0.4186,0.5155,0.7674,0.2152,0.0438
11,0,3,9,0.1799,0.3544,0.6338,0.0041,0.0382
11,0,3,10,0.3324,0.4754,0.6458,0.1262,0.0283
11,0,3,11,0.2779,0.4368,0.7433,0.0534,0.0406
11,0,4,0,0.5722,0.6450,0.7266,0.4674,0.0320
11,0,4,1,0.5292,0.6098,0.6830,0.3444,0.0547
11,0,4,2,0.6238,0.6948,0.7639,0.5167,0.0461
11,0,4,3,0.6175,0.6629,0.7023,0.5608,0.0653
11,0,4,4,0.3961,0.5093,0.6618,0.1940,0.0484
11,0,4,5,0.4630,0.5703,0.6612,0.3387,0.0311
11,0,4,6,0.5247,0.5781,0.6908,0.4112,0.0345
11,0,4,7,0.5197,0.5500,0.6298,0.4250,0.0450
11,0,4,8,0.6099,0.6826,0.7079,0.5161,0.0406
11,0,4,9,0.6057,0.6802,0.7360,0.4879,0.0397
11,0,4,10,0.4805,0.5092,0.6907,0.3434,0.0369
11,0,4,11,0.5636,0.6344,0.7008,0.4718,0.0333
11,0,5,0,0.5383,0.6393,0.6867,0.4371,0.0376
11,0,5,1,0.5867,0.6202,0.6605,0.5207,0.0622
11,0,5,2,0.5997,0.6982,0.7849,0.4844,0.0453
11,0,5,3,0.5330,0.5739,0.6958,0.4132,0.0413
11,0,5,4,0.6610,0.7435,0.8118,0.5622,0.0397
11,0,5,5,0.6109,0.6557,0.6954,0.5472,0.0608
11,0,5,6,0.5583,0.5889,0.6453,0.4802,0.0522
11,0,5,7,0.5709,0.6393,0.6731,0.4872,0.0456
11,0,5,8,0.5392,0.6246,0.7153,0.4088,0.0440
11,0,5,9,0.4110,0.5475,0.6782,0.2829,0.0337
11,0,5,10,0.4393,0.4841,0.7115,0.2917,0.0249
11,0,5,11,0.5937,0.6407,0.7070,0.5089,0.0417
11,0,6,0,0.5614,0.6010,0.6415,0.4835,0.0530
11,0,6,1,0.5131,0.5478,0.6574,0.3765,0.0439
11,0,6,2,0.5390,0.6066,0.7185,0.4257,0.0366
11,0,6,3,0.5346,0.5780,0.6482,0.4449,0.0449
11,0,6,4,0.5455,0.5686,0.6543,0.4401,0.0315
11,0,6,5,0.5050,0.6110,0.6532,0.3845,0.0301
11,0,6,6,0.5377,0.6450,0.6945,0.4232,0.0308
11,0,6,7,0.5566,0.6301,0.7029,0.4129,0.0426
11,0,6,8,0.5997,0.6472,0.7310,0.4922,0.0286
11,0,6,9,0.4277,0.5269,0.7076,0.2820,0.0299
11,0,6,10,0.5481,0.5641,0.6412,0.4534,0.0371
11,0,6,11,0.4309,0.5060,0.6541,0.3035,0.0271
11,0,7,0,0.5861,0.6626,0.7856,0.4717,0.0357
11,0,7,1,0.5374,0.5841,0.6780,0.4284,0.0374
11,0,7,2,0.6001,0.6676,0.7344,0.5083,0.0319
11,0,7,3,0.6061,0.6490,0.6866,0.5343,0.0514
11,0,7,4,0.4759,0.5267,0.6381,0.3669,0.0349
11,0,7,5,0.4869,0.5565,0.7178,0.3242,0.0439
11,0,7,6,0.6079,0.6443,0.6747,0.5443,0.0617
11,0,7,7,0.6083,0.6818,0.7136,0.5492,0.0664
11,0,7,8,0.7801,0.8799,0.9310,0.7192,0.0280
11,0,7,9,0.5189,0.5813,0.6906,0.4173,0.0401
11,0,7,10,0.4282,0.5745,0.6513,0.3131,0.0401
11,0,7,11,0.5889,0.6669,0.7076,0.5159,0.0511
11,0,8,0,0.6022,0.6592,0.6964,0.5135,0.0377
11,0,8,1,0.6801,0.7395,0.8134,0.5952,0.0401
11,0,8,2,0.5952,0.6257,0.6693,0.5369,0.0715
11,0,8,3,0.6401,0.7188,0.7726,0.5508,0.0333
11,0,8,4,0.5810,0.6055,0.6766,0.4941,0.0444
11,0,8,5,0.5938,0.6341,0.6871,0.5171,0.0463
11,0,8,6,0.6042,0.6462,0.6830,0.5379,0.0595
11,0,8,7,0.4392,0.5456,0.6812,0.2047,0.0637
11,0,8,8,0.5060,0.6058,0.7420,0.3214,0.0571
11,0,8,9,0.5726,0.6528,0.7087,0.4488,0.0394
11,0,8,10,0.5716,0.6484,0.6896,0.4851,0.0419
11,0,8,11,0.6117,0.7209,0.8209,0.5041,0.0369
11,0,9,0,0.5471,0.6498,0.7102,0.4291,0.0238
11,0,9,1,0.5543,0.6182,0.7281,0.4316,0.0248
11,0,9,2,0.6714,0.7733,0.8417,0.5595,0.0368
11,0,9,3,0.6788,0.7728,0.8356,0.5975,0.0347
11,0,9,4,0.6687,0.7147,0.7689,0.5909,0.0361
11,0,9,5,0.6066,0.6964,0.7652,0.4630,0.0500
11,0,9,6,0.6287,0.6780,0.7199,0.5596,0.0499
11,0,9,7,0.5626,0.6156,0.6641,0.4850,0.0508
11,0,9,8,0.5209,0.6177,0.7488,0.3237,0.0581
11,0,9,9,0.6048,0.6353,0.6785,0.5421,0.0656
11,0,9,10,0.4861,0.6262,0.7111,0.2881,0.0528
11,0,9,11,0.6119,0.6975,0.7880,0.4860,0.0287
11,0,10,0,0.5625,0.6210,0.7366,0.3637,0.0675
11,0,10,1,0.8343,0.8960,0.9446,0.7851,0.0172
11,0,10,2,0.7657,0.8411,0.8794,0.6868,0.0497
11,0,10,3,0.9039,0.9347,0.9832,0.8758,0.0255
11,0,10,4,0.6825,0.7731,0.9339,0.5775,0.0308
11,0,10,5,0.9081,0.9404,0.9626,0.8808,0.0277
11,0,10,6,0.7921,0.8718,0.9532,0.7270,0.0264
11,0,10,7,0.8902,0.9205,0.9055,0.8764,0.0498
11,0,10,8,0.8522,0.9051,0.9632,0.8066,0.0194
11,0,10,9,0.8103,0.8512,0.9464,0.7493,0.0315
11,0,10,10,0.2622,0.4269,0.7290,0.0438,0.0293
11,0,10,11,0.6282,0.7199,0.7402,0.4756,0.0638
11,0,11,0,1.0000,1.0000,1.0000,1.0000,0.0000
11,0,11,1,0.9833,0.9840,0.9990,0.9786,0.0081
11,0,11,2,0.8520,0.8943,0.9257,0.8136,0.0521
11,0,11,3,0.9819,0.9912,0.9989,0.9768,0.0076
11,0,11,4,0.9768,0.9865,0.9967,0.9708,0.0138
11,0,11,5,0.9558,0.9697,0.9869,0.9438,0.0162
11,0,11,6,0.9682,0.9757,0.9870,0.9627,0.0230
11,0,11,7,0.9793,0.9847,0.9988,0.9735,0.0048
11,0,11,8,0.7011,0.7378,0.8978,0.5954,0.0437
11,0,11,9,0.7835,0.8292,0.8918,0.7164,0.0567
11,0,11,10,0.9532,0.9634,0.9871,0.9423,0.0277
11,0,11,11,0.9863,0.9924,0.9988,0.9832,0.0095
11,1,0,0,0.4512,0.5349,0.5698,0.0763,0.0869
11,1,0,1,0.3656,0.5553,0.7151,0.0985,0.0585
11,1,0,2,0.2343,0.3436,0.7278,0.0183,0.0198
11,1,0,3,0.1583,0.3842,0.7734,-0.0782,0.0231
11,1,0,4,0.4005,0.5150,0.6659,0.1067,0.0760
11,1,0,5,0.3976,0.6219,0.7504,0.1506,0.0574
11,1,0,6,0.3510,0.5631,0.6265,-0.0467,0.0741
11,1,0,7,0.2870,0.5312,0.6804,-0.0333,0.0517
11,1,0,8,0.3747,0.6369,0.6665,0.0307,0.0670
11,1,0,9,0.2103,0.4608,0.7129,-0.1183,0.0504
11,1,0,10,0.2799,0.4512,0.7172,0.0995,0.0276
11,1,0,11,0.1941,0.4626,0.6887,-0.1031,0.0502
11,1,1,0,0.5863,0.7406,0.8355,0.4421,0.0274
11,1,1,1,0.1721,0.3530,0.6453,-0.0402,0.0295
11,1,1,2,0.2517,0.4631,0.7153,0.0163,0.0454
11,1,1,3,0.3308,0.4809,0.7056,0.0599,0.0551
11,1,1,4,0.0905,0.3267,0.6205,-0.1102,0.0387
11,1,1,5,0.4808,0.5607,0.7819,0.2996,0.0373
11,1,1,6,0.0933,0.2685,0.6623,-0.0623,0.0719
11,1,1,7,0.2775,0.4346,0.7294,0.0954,0.0374
11,1,1,8,0.4849,0.5948,0.7504,0.2641,0.0487
11,1,1,9,0.3446,0.4483,0.7328,0.1389,0.0400
11,1,1,10,0.2097,0.4078,0.7405,-0.0518,0.0504
11,1,1,11,0.2907,0.4329,0.6736,0.0331,0.0350
11,1,2,0,0.1477,0.3039,0.5677,0.0118,0.0793
11,1,2,1,0.1689,0.3471,0.6143,-0.0260,0.0332
11,1,2,2,0.1853,0.3649,0.7037,-0.0041,0.0434
11,1,2,3,0.3639,0.4961,0.7468,0.1762,0.0331
11,1,2,4,0.3596,0.5239,0.7620,0.1294,0.0384
11,1,2,5,0.3848,0.5218,0.7297,0.1358,0.0560
11,1,2,6,0.3684,0.4268,0.7075,0.1637,0.0351
11,1,2,7,0.2824,0.4816,0.7524,0.0210,0.0552
11,1,2,8,0.4435,0.5337,0.6961,0.2473,0.0448
11,1,2,9,0.1472,0.3084,0.5683,0.0095,0.0774
11,1,2,10,0.1677,0.4023,0.7474,-0.0548,0.0374
11,1,2,11,0.2723,0.3806,0.6993,0.0417,0.0506
11,1,3,0,0.5621,0.5748,0.7103,0.4415,0.0171
11,1,3,1,0.5316,0.6374,0.7697,0.3439,0.0501
11,1,3,2,0.5519,0.6309,0.7444,0.3877,0.0431
11,1,3,3,0.5385,0.5964,0.8007,0.3646,0.0372
11,1,3,4,0.4647,0.5085,0.7024,0.2488,0.0547
11,1,3,5,0.1049,0.3630,0.6581,-0.0897,0.0375
11,1,3,6,0.6368,0.6707,0.7869,0.4968,0.0375
11,1,3,7,0.5591,0.6170,0.7872,0.3920,0.0387
11,1,3,8,0.4200,0.5190,0.7723,0.2121,0.0420
11,1,3,9,0.1629,0.3506,0.6345,-0.0203,0.0387
11,1,3,10,0.3086,0.4689,0.6479,0.0903,0.0283
11,1,3,11,0.2797,0.4303,0.7544,0.0508,0.0402
11,1,4,0,0.5943,0.6207,0.7323,0.4932,0.0320
11,1,4,1,0.5693,0.6087,0.6933,0.3972,0.0525
11,1,4,2,0.6715,0.6995,0.7710,0.5760,0.0460
11,1,4,3,0.6496,0.6430,0.7068,0.5989,0.0673
11,1,4,4,0.3801,0.5243,0.6693,0.1677,0.0461
11,1,4,5,0.4536,0.5418,0.6718,0.3247,0.0310
11,1,4,6,0.5453,0.5643,0.6950,0.4348,0.0343
11,1,4,7,0.5478,0.5497,0.6329,0.4578,0.0469
11,1,4,8,0.6299,0.6641,0.7178,0.5396,0.0397
11,1,4,9,0.6327,0.6654,0.7457,0.5204,0.0387
11,1,4,10,0.4992,0.5105,0.6968,0.3644,0.0358
11,1,4,11,0.5868,0.6159,0.7041,0.4988,0.0347
11,1,5,0,0.5544,0.6121,0.6960,0.4553,0.0376
11,1,5,1,0.6209,0.6034,0.6653,0.5612,0.0640
11,1,5,2,0.6100,0.6968,0.7928,0.4952,0.0446
11,1,5,3,0.5709,0.5664,0.7019,0.4588,0.0401
11,1,5,4,0.6936,0.7380,0.8207,0.6024,0.0388
11,1,5,5,0.6400,0.6330,0.7003,0.5817,0.0629
11,1,5,6,0.5978,0.5860,0.6499,0.5270,0.0546
11,1,5,7,0.5988,0.6126,0.6789,0.5201,0.0453
11,1,5,8,0.5524,0.5989,0.7244,0.4230,0.0436
11,1,5,9,0.4062,0.5329,0.6824,0.2746,0.0336
11,1,5,10,0.4500,0.4835,0.7188,0.3022,0.0249
11,1,5,11,0.5989,0.6152,0.7126,0.5142,0.0424
11,1,6,0,0.6150,0.6020,0.6445,0.5474,0.0550
11,1,6,1,0.5454,0.5292,0.6643,0.4151,0.0441
11,1,6,2,0.5806,0.6225,0.7233,0.4758,0.0363
11,1,6,3,0.5644,0.5747,0.6526,0.4799,0.0474
11,1,6,4,0.5766,0.5615,0.6589,0.4769,0.0301
11,1,6,5,0.5366,0.5918,0.6579,0.4218,0.0293
11,1,6,6,0.5546,0.6205,0.7020,0.4423,0.0308
11,1,6,7,0.5797,0.6217,0.7136,0.4401,0.0409
11,1,6,8,0.6280,0.6409,0.7374,0.5261,0.0274
11,1,6,9,0.4566,0.5389,0.7182,0.3156,0.0301
11,1,6,10,0.5908,0.5632,0.6456,0.5044,0.0393
11,1,6,11,0.4437,0.5126,0.6549,0.3169,0.0284
11,1,7,0,0.6206,0.6585,0.7935,0.5135,0.0356
11,1,7,1,0.5552,0.5546,0.6858,0.4486,0.0369
11,1,7,2,0.6152,0.6527,0.7390,0.5257,0.0312
11,1,7,3,0.6377,0.6281,0.6924,0.5719,0.0537
11,1,7,4,0.5001,0.5309,0.6409,0.3947,0.0362
11,1,7,5,0.4999,0.5540,0.7272,0.3375,0.0420
11,1,7,6,0.6433,0.6215,0.6798,0.5864,0.0634
11,1,7,7,0.6416,0.6710,0.7160,0.5888,0.0681
11,1,7,8,0.7817,0.8639,0.9349,0.7200,0.0276
11,1,7,9,0.5557,0.5934,0.6970,0.4609,0.0390
11,1,7,10,0.4357,0.5522,0.6536,0.3203,0.0418
11,1,7,11,0.6121,0.6515,0.7103,0.5431,0.0529
11,1,8,0,0.6202,0.6322,0.7030,0.5344,0.0377
11,1,8,1,0.6983,0.7230,0.8223,0.6167,0.0400
11,1,8,2,0.6275,0.6050,0.6736,0.5751,0.0737
11,1,8,3,0.6634,0.7138,0.7819,0.5784,0.0318
11,1,8,4,0.6191,0.5999,0.6809,0.5396,0.0458
11,1,8,5,0.6156,0.6166,0.6912,0.5426,0.0481
11,1,8,6,0.6354,0.6242,0.6883,0.5750,0.0618
11,1,8,7,0.4598,0.5469,0.6930,0.2287,0.0608
11,1,8,8,0.5120,0.6105,0.7544,0.3248,0.0533
11,1,8,9,0.5784,0.6411,0.7182,0.4536,0.0388
11,1,8,10,0.5945,0.6228,0.6938,0.5119,0.0426
11,1,8,11,0.6241,0.7140,0.8284,0.5178,0.0368
11,1,9,0,0.5699,0.6195,0.7162,0.4556,0.0236
11,1,9,1,0.5595,0.6055,0.7343,0.4356,0.0242
11,1,9,2,0.6712,0.7619,0.8503,0.5559,0.0351
11,1,9,3,0.7092,0.7569,0.8427,0.6343,0.0342
11,1,9,4,0.6960,0.6908,0.7761,0.6237,0.0361
11,1,9,5,0.5995,0.6778,0.7778,0.4485,0.0485
11,1,9,6,0.6572,0.6605,0.7257,0.5936,0.0515
11,1,9,7,0.5770,0.5819,0.6680,0.5014,0.0531
11,1,9,8,0.5238,0.5989,0.7609,0.3220,0.0555
11,1,9,9,0.6366,0.6135,0.6834,0.5799,0.0682
11,1,9,10,0.4947,0.5989,0.7259,0.2950,0.0503
11,1,9,11,0.6389,0.6883,0.7961,0.5189,0.0271
11,1,10,0,0.5622,0.6249,0.7514,0.3552,0.0644
11,1,10,1,0.8125,0.8775,0.9429,0.7553,0.0173
11,1,10,2,0.7451,0.8361,0.8825,0.6520,0.0470
11,1,10,3,0.9173,0.9492,0.9876,0.8923,0.0231
11,1,10,4,0.6784,0.7541,0.9384,0.5690,0.0298
11,1,10,5,0.8673,0.9099,0.9626,0.8247,0.0266
11,1,10,6,0.7486,0.8387,0.9520,0.6671,0.0267
11,1,10,7,0.9106,0.9375,0.9129,0.9036,0.0476
11,1,10,8,0.8693,0.9219,0.9726,0.8278,0.0189
11,1,10,9,0.7935,0.8499,0.9488,0.7242,0.0318
11,1,10,10,0.2651,0.4179,0.7367,0.0429,0.0298
11,1,10,11,0.6050,0.6978,0.7539,0.4313,0.0601
11,1,11,0,0.9833,0.9840,0.9990,0.9786,0.0081
11,1,11,1,1.0000,1.0000,1.0000,1.0000,0.0000
11,1,11,2,0.8558,0.8851,0.9347,0.8157,0.0483
11,1,11,3,0.9813,0.9870,0.9997,0.9758,0.0037
11,1,11,4,0.9836,0.9885,0.9987,0.9792,0.0107
11,1,11,5,0.9648,0.9724,0.9912,0.9550,0.0138
11,1,11,6,0.9788,0.9883,0.9884,0.9757,0.0213
11,1,11,7,0.9791,0.9873,0.9983,0.9732,0.0093
11,1,11,8,0.7052,0.7420,0.9047,0.5974,0.0412
11,1,11,9,0.7936,0.8326,0.8996,0.7273,0.0533
11,1,11,10,0.9368,0.9409,0.9901,0.9188,0.0255
11,1,11,11,0.9825,0.9881,0.9970,0.9786,0.0119
11,2,0,0,0.5863,0.6816,0.8209,0.0610,0.0405
11,2,0,1,0.4899,0.6900,0.8420,0.1487,0.0146
11,2,0,2,0.3139,0.5128,0.7367,0.0266,0.0401
11,2,0,3,0.2851,0.5642,0.7723,-0.0145,0.0396
11,2,0,4,0.5273,0.6493,0.8633,0.1436,0.0327
11,2,0,5,0.4806,0.7095,0.8497,0.1425,0.0130
11,2,0,6,0.5490,0.6942,0.8538,0.0917,0.0258
11,2,0,7,0.3444,0.6280,0.8206,-0.1223,0.0092
11,2,0,8,0.5263,0.7499,0.8701,0.0915,0.0187
11,2,0,9,0.3193,0.5691,0.8173,-0.1219,0.0124
11,2,0,10,0.4559,0.6252,0.6959,0.2672,0.0467
11,2,0,11,0.3097,0.5754,0.7515,-0.0819,0.0121
11,2,1,0,0.5372,0.7427,0.8800,0.2893,0.0232
11,2,1,1,0.2783,0.4982,0.6382,0.0057,0.0452
11,2,1,2,0.2812,0.5516,0.7689,-0.0610,0.0211
11,2,1,3,0.3773,0.5883,0.8345,-0.0184,0.0164
11,2,1,4,0.1638,0.4355,0.5935,-0.1103,0.0569
11,2,1,5,0.4336,0.6243,0.8546,0.1301,0.0169
11,2,1,6,0.0935,0.3027,0.5989,-0.1395,0.0899
11,2,1,7,0.2579,0.4868,0.7358,-0.0187,0.0458
11,2,1,8,0.4871,0.6739,0.8967,0.1251,0.0098
11,2,1,9,0.3287,0.4971,0.7694,0.0111,0.0233
11,2,1,10,0.2599,0.5207,0.8086,-0.1134,0.0202
11,2,1,11,0.3524,0.5565,0.7321,-0.0096,0.0161
11,2,2,0,0.2817,0.4619,0.5207,0.1311,0.0976
11,2,2,1,0.2006,0.4555,0.6052,-0.0778,0.0557
11,2,2,2,0.1870,0.4255,0.6937,-0.0946,0.0519
11,2,2,3,0.3305,0.5339,0.7788,0.0356,0.0309
11,2,2,4,0.4069,0.6256,0.8454,0.0790,0.0140
11,2,2,5,0.4304,0.6179,0.8576,0.0659,0.0114
11,2,2,6,0.4787,0.5682,0.7329,0.2266,0.0233
11,2,2,7,0.3087,0.5671,0.8664,-0.0796,0.0177
11,2,2,8,0.4412,0.5919,0.7892,0.1388,0.0167
11,2,2,9,0.2838,0.4661,0.5223,0.1313,0.0957
11,2,2,10,0.1961,0.4710,0.7540,-0.1270,0.0430
11,2,2,11,0.2923,0.4874,0.7676,-0.0472,0.0194
11,2,3,0,0.5001,0.5816,0.7087,0.3058,0.0538
11,2,3,1,0.5600,0.7257,0.8829,0.2732,0.0103
11,2,3,2,0.5927,0.7052,0.8425,0.3594,0.0106
11,2,3,3,0.5908,0.7018,0.8850,0.3470,0.0142
11,2,3,4,0.4403,0.6204,0.8451,0.0788,0.0121
11,2,3,5,0.1690,0.4888,0.6303,-0.0988,0.0642
11,2,3,6,0.6273,0.7112,0.9024,0.3877,0.0143
11,2,3,7,0.5612,0.6840,0.8880,0.2961,0.0118
11,2,3,8,0.3987,0.5919,0.8408,0.0663,0.0132
11,2,3,9,0.2205,0.4477,0.6082,-0.0293,0.0593
11,2,3,10,0.4036,0.5906,0.6887,0.1216,0.0270
11,2,3,11,0.3207,0.5462,0.7929,-0.0055,0.0215
11,2,4,0,0.5922,0.6643,0.7351,0.4618,0.0443
11,2,4,1,0.6221,0.6785,0.8247,0.3730,0.0116
11,2,4,2,0.6269,0.6631,0.7915,0.4785,0.0304
11,2,4,3,0.5590,0.5629,0.6399,0.4906,0.0857
11,2,4,4,0.5180,0.6048,0.7667,0.2687,0.0148
11,2,4,5,0.5339,0.6320,0.6646,0.3914,0.0489
11,2,4,6,0.5154,0.6194,0.6964,0.3576,0.0451
11,2,4,7,0.5268,0.5409,0.6015,0.4115,0.0654
11,2,4,8,0.6186,0.6467,0.7139,0.5032,0.0435
11,2,4,9,0.6475,0.6821,0.7829,0.4970,0.0272
11,2,4,10,0.4806,0.5429,0.7169,0.2833,0.0312
11,2,4,11,0.5945,0.6305,0.6800,0.4939,0.0616
11,2,5,0,0.5680,0.6329,0.6771,0.4498,0.0542
11,2,5,1,0.5407,0.5286,0.6084,0.4592,0.0818
11,2,5,2,0.5980,0.6937,0.8307,0.4328,0.0267
11,2,5,3,0.5375,0.5745,0.7178,0.3731,0.0360
11,2,5,4,0.6675,0.7088,0.8469,0.5332,0.0290
11,2,5,5,0.5553,0.5610,0.6439,0.4744,0.0802
11,2,5,6,0.5274,0.5213,0.6021,0.4286,0.0766
11,2,5,7,0.5874,0.5935,0.6395,0.4963,0.0606
11,2,5,8,0.6063,0.6612,0.7616,0.4495,0.0254
11,2,5,9,0.5128,0.6343,0.6636,0.3756,0.0590
11,2,5,10,0.4970,0.5836,0.7270,0.3079,0.0427
11,2,5,11,0.5903,0.6316,0.6932,0.4889,0.0563
11,2,6,0,0.5435,0.5361,0.6037,0.4500,0.0684
11,2,6,1,0.5963,0.5945,0.7054,0.4369,0.0277
11,2,6,2,0.5233,0.5642,0.7092,0.3624,0.0426
11,2,6,3,0.5393,0.5642,0.6162,0.4324,0.0676
11,2,6,4,0.5216,0.5602,0.6529,0.3726,0.0500
11,2,6,5,0.5833,0.6309,0.6450,0.4510,0.0438
11,2,6,6,0.5934,0.6641,0.6941,0.4617,0.0435
11,2,6,7,0.6096,0.6523,0.7827,0.4173,0.0172
11,2,6,8,0.5680,0.6080,0.7402,0.4063,0.0400
11,2,6,9,0.4736,0.5849,0.7130,0.2828,0.0430
11,2,6,10,0.5157,0.5552,0.6272,0.3845,0.0605
11,2,6,11,0.4476,0.5655,0.6308,0.2766,0.0616
11,2,7,0,0.5965,0.6623,0.8093,0.4408,0.0306
11,2,7,1,0.5881,0.6178,0.6884,0.4642,0.0442
11,2,7,2,0.5992,0.6449,0.7194,0.4844,0.0534
11,2,7,3,0.5748,0.5692,0.6409,0.4875,0.0720
11,2,7,4,0.4828,0.5703,0.6150,0.3412,0.0632
11,2,7,5,0.5833,0.6499,0.8019,0.3844,0.0182
11,2,7,6,0.5584,0.5424,0.6212,0.4801,0.0812
11,2,7,7,0.5533,0.5690,0.6449,0.4817,0.0867
11,2,7,8,0.7166,0.7994,0.9146,0.6168,0.0352
11,2,7,9,0.5292,0.5636,0.6664,0.4025,0.0610
11,2,7,10,0.4852,0.5981,0.6199,0.3522,0.0654
11,2,7,11,0.5423,0.5899,0.6603,0.4469,0.0741
11,2,8,0,0.5736,0.6176,0.6789,0.4533,0.0528
11,2,8,1,0.6320,0.6839,0.8183,0.5020,0.0415
11,2,8,2,0.5287,0.5176,0.6088,0.4542,0.0911
11,2,8,3,0.5998,0.6650,0.7678,0.4696,0.0427
11,2,8,4,0.5415,0.5556,0.6582,0.4216,0.0599
11,2,8,5,0.5429,0.5740,0.6501,0.4383,0.0668
11,2,8,6,0.5485,0.5551,0.6335,0.4626,0.0793
11,2,8,7,0.6089,0.6571,0.8540,0.3360,0.0157
11,2,8,8,0.6320,0.7155,0.8920,0.4085,0.0110
11,2,8,9,0.6185,0.6803,0.7487,0.4617,0.0254
11,2,8,10,0.5670,0.6158,0.6552,0.4622,0.0575
11,2,8,11,0.6018,0.7226,0.8370,0.4481,0.0299
11,2,9,0,0.5878,0.6671,0.7166,0.4421,0.0429
11,2,9,1,0.5210,0.6083,0.7439,0.3310,0.0384
11,2,9,2,0.6469,0.7644,0.9204,0.4547,0.0173
11,2,9,3,0.6014,0.7015,0.8215,0.4675,0.0425
11,2,9,4,0.6258,0.6561,0.7581,0.5171,0.0487
11,2,9,5,0.6365,0.7451,0.8961,0.4167,0.0158
11,2,9,6,0.5646,0.5819,0.6719,0.4691,0.0692
11,2,9,7,0.5250,0.5722,0.6211,0.4243,0.0736
11,2,9,8,0.6203,0.7438,0.8977,0.3522,0.0103
11,2,9,9,0.5347,0.5302,0.6238,0.4504,0.0856
11,2,9,10,0.6045,0.6948,0.8335,0.3546,0.0080
11,2,9,11,0.5726,0.6752,0.8350,0.3593,0.0245
11,2,10,0,0.6731,0.7949,0.9350,0.3863,0.0166
11,2,10,1,0.7930,0.8837,0.9263,0.7145,0.0379
11,2,10,2,0.7599,0.8668,0.9575,0.5910,0.0082
11,2,10,3,0.7466,0.8712,0.9761,0.6169,0.0266
11,2,10,4,0.7101,0.8616,0.9539,0.5627,0.0232
11,2,10,5,0.8336,0.8957,0.9585,0.7587,0.0258
11,2,10,6,0.7272,0.8872,0.9406,0.6011,0.0284
11,2,10,7,0.8189,0.8865,0.9961,0.6863,0.0120
11,2,10,8,0.7613,0.8323,0.9616,0.6525,0.0347
11,2,10,9,0.7922,0.8717,0.9603,0.6875,0.0302
11,2,10,10,0.3452,0.5504,0.7633,0.0491,0.0315
11,2,10,11,0.7782,0.8371,0.9260,0.5985,0.0131
11,2,11,0,0.8520,0.8943,0.9257,0.8136,0.0521
11,2,11,1,0.8558,0.8851,0.9347,0.8157,0.0483
11,2,11,2,1.0000,1.0000,1.0000,1.0000,0.0000
11,2,11,3,0.8764,0.9096,0.9334,0.8455,0.0472
11,2,11,4,0.9033,0.9193,0.9497,0.8741,0.0382
11,2,11,5,0.8658,0.9227,0.9714,0.8118,0.0367
11,2,11,6,0.8780,0.9130,0.9699,0.8209,0.0282
11,2,11,7,0.8341,0.8681,0.9256,0.7870,0.0514
11,2,11,8,0.8080,0.8632,0.9583,0.6926,0.0118
11,2,11,9,0.9228,0.9557,0.9908,0.8661,0.0075
11,2,11,10,0.9068,0.9517,0.9724,0.8659,0.0245
11,2,11,11,0.8343,0.8650,0.9078,0.7989,0.0600
11,3,0,0,0.4720,0.5339,0.5666,0.1232,0.0857
11,3,0,1,0.3320,0.5391,0.7021,0.0481,0.0581
11,3,0,2,0.2161,0.3464,0.7105,-0.0059,0.0172
11,3,0,3,0.1399,0.4047,0.7571,-0.1028,0.0213
11,3,0,4,0.3748,0.5059,0.6567,0.0640,0.0749
11,3,0,5,0.3989,0.5984,0.7378,0.1513,0.0558
11,3,0,6,0.3480,0.5571,0.6210,-0.0548,0.0725
11,3,0,7,0.2651,0.5188,0.6666,-0.0677,0.0508
11,3,0,8,0.3563,0.6369,0.6585,-0.0029,0.0660
11,3,0,9,0.2218,0.4599,0.6982,-0.1033,0.0498
11,3,0,10,0.2901,0.4780,0.6994,0.1116,0.0259
11,3,0,11,0.1767,0.4641,0.6717,-0.1284,0.0486
11,3,1,0,0.5882,0.7421,0.8242,0.4440,0.0258
11,3,1,1,0.1737,0.3650,0.6265,-0.0391,0.0277
11,3,1,2,0.2339,0.4626,0.6989,-0.0082,0.0438
11,3,1,3,0.3107,0.4718,0.6914,0.0298,0.0531
11,3,1,4,0.0843,0.3283,0.6010,-0.1186,0.0394
11,3,1,5,0.4465,0.5567,0.7685,0.2521,0.0359
11,3,1,6,0.0674,0.2639,0.6443,-0.0939,0.0726
11,3,1,7,0.2471,0.4280,0.7131,0.0564,0.0357
11,3,1,8,0.4658,0.5916,0.7397,0.2344,0.0474
11,3,1,9,0.3296,0.4372,0.7168,0.1182,0.0385
11,3,1,10,0.1971,0.4113,0.7248,-0.0698,0.0488
11,3,1,11,0.2931,0.4433,0.6562,0.0352,0.0332
11,3,2,0,0.1616,0.3197,0.5478,0.0278,0.0801
11,3,2,1,0.1519,0.3542,0.5948,-0.0479,0.0331
11,3,2,2,0.1657,0.3547,0.6863,-0.0292,0.0420
11,3,2,3,0.3376,0.4861,0.7312,0.1413,0.0313
11,3,2,4,0.3441,0.5292,0.7478,0.1071,0.0371
11,3,2,5,0.3570,0.5126,0.7165,0.0946,0.0546
11,3,2,6,0.3833,0.4352,0.6906,0.1826,0.0329
11,3,2,7,0.2595,0.4725,0.7393,-0.0118,0.0547
11,3,2,8,0.4138,0.5199,0.6803,0.2059,0.0427
11,3,2,9,0.1652,0.3240,0.5484,0.0304,0.0783
11,3,2,10,0.1618,0.3973,0.7313,-0.0633,0.0374
11,3,2,11,0.2358,0.3683,0.6829,-0.0075,0.0484
11,3,3,0,0.5591,0.5735,0.6934,0.4371,0.0166
11,3,3,1,0.5291,0.6365,0.7576,0.3391,0.0488
11,3,3,2,0.5664,0.6298,0.7302,0.4069,0.0414
11,3,3,3,0.5452,0.6141,0.7883,0.3731,0.0356
11,3,3,4,0.4739,0.5082,0.6891,0.2608,0.0533
11,3,3,5,0.0860,0.3784,0.6394,-0.1137,0.0382
11,3,3,6,0.6345,0.6681,0.7759,0.4926,0.0359
11,3,3,7,0.5421,0.6163,0.7753,0.3671,0.0378
11,3,3,8,0.4000,0.5135,0.7586,0.1837,0.0405
11,3,3,9,0.1579,0.3606,0.6156,-0.0273,0.0388
11,3,3,10,0.3220,0.4791,0.6299,0.1069,0.0260
11,3,3,11,0.2566,0.4355,0.7384,0.0193,0.0381
11,3,4,0,0.6101,0.6287,0.7159,0.5126,0.0296
11,3,4,1,0.5665,0.6031,0.6791,0.3920,0.0514
11,3,4,2,0.6710,0.6896,0.7554,0.5749,0.0443
11,3,4,3,0.6573,0.6446,0.6898,0.6082,0.0679
11,3,4,4,0.4056,0.5132,0.6528,0.2011,0.0444
11,3,4,5,0.4859,0.5646,0.6535,0.3644,0.0293
11,3,4,6,0.5564,0.5724,0.6775,0.4483,0.0324
11,3,4,7,0.5584,0.5480,0.6137,0.4705,0.0476
11,3,4,8,0.6469,0.6702,0.7004,0.5605,0.0381
11,3,4,9,0.6477,0.6692,0.7298,0.5396,0.0367
11,3,4,10,0.5068,0.5013,0.6797,0.3734,0.0335
11,3,4,11,0.6168,0.6249,0.6868,0.5354,0.0354
11,3,5,0,0.5775,0.6284,0.6784,0.4835,0.0362
11,3,5,1,0.6286,0.6042,0.6471,0.5704,0.0647
11,3,5,2,0.6266,0.6992,0.7782,0.5161,0.0427
11,3,5,3,0.5710,0.5621,0.6848,0.4586,0.0381
11,3,5,4,0.7107,0.7377,0.8073,0.6242,0.0377
11,3,5,5,0.6512,0.6379,0.6830,0.5951,0.0636
11,3,5,6,0.5964,0.5774,0.6311,0.5252,0.0549
11,3,5,7,0.6178,0.6233,0.6610,0.5431,0.0455
11,3,5,8,0.5793,0.6150,0.7073,0.4571,0.0409
11,3,5,9,0.4353,0.5452,0.6641,0.3101,0.0345
11,3,5,10,0.4712,0.4930,0.7014,0.3285,0.0222
11,3,5,11,0.6269,0.6316,0.6954,0.5484,0.0426
11,3,6,0,0.6187,0.5879,0.6258,0.5518,0.0551
11,3,6,1,0.5623,0.5370,0.6463,0.4362,0.0421
11,3,6,2,0.5717,0.5976,0.7064,0.4642,0.0343
11,3,6,3,0.5771,0.5748,0.6338,0.4951,0.0479
11,3,6,4,0.5900,0.5593,0.6402,0.4933,0.0295
11,3,6,5,0.5544,0.6035,0.6390,0.4438,0.0275
11,3,6,6,0.5782,0.6369,0.6841,0.4716,0.0284
11,3,6,7,0.5934,0.6259,0.6970,0.4578,0.0391
11,3,6,8,0.6377,0.6331,0.7209,0.5382,0.0261
11,3,6,9,0.4561,0.5308,0.7013,0.3144,0.0277
11,3,6,10,0.5797,0.5603,0.6268,0.4905,0.0398
11,3,6,11,0.4537,0.5087,0.6363,0.3288,0.0289
11,3,7,0,0.6175,0.6529,0.7796,0.5091,0.0335
11,3,7,1,0.5812,0.5727,0.6679,0.4806,0.0351
11,3,7,2,0.6412,0.6628,0.7223,0.5577,0.0318
11,3,7,3,0.6455,0.6323,0.6749,0.5812,0.0540
11,3,7,4,0.5037,0.5289,0.6220,0.3988,0.0370
11,3,7,5,0.5105,0.5499,0.7118,0.3508,0.0402
11,3,7,6,0.6469,0.6227,0.6620,0.5907,0.0641
11,3,7,7,0.6475,0.6631,0.6992,0.5958,0.0686
11,3,7,8,0.7952,0.8712,0.9263,0.7371,0.0248
11,3,7,9,0.5531,0.5808,0.6792,0.4574,0.0400
11,3,7,10,0.4594,0.5702,0.6349,0.3488,0.0425
11,3,7,11,0.6274,0.6510,0.6931,0.5615,0.0534
11,3,8,0,0.6360,0.6405,0.6855,0.5537,0.0364
11,3,8,1,0.7093,0.7310,0.8083,0.6304,0.0391
11,3,8,2,0.6335,0.6062,0.6559,0.5823,0.0743
11,3,8,3,0.6742,0.7110,0.7660,0.5918,0.0302
11,3,8,4,0.6266,0.5926,0.6631,0.5486,0.0456
11,3,8,5,0.6267,0.6188,0.6737,0.5561,0.0487
11,3,8,6,0.6420,0.6282,0.6708,0.5829,0.0621
11,3,8,7,0.4670,0.5460,0.6809,0.2381,0.0604
11,3,8,8,0.5332,0.6078,0.7432,0.3537,0.0525
11,3,8,9,0.6012,0.6469,0.7010,0.4826,0.0363
11,3,8,10,0.6066,0.6375,0.6762,0.5265,0.0427
11,3,8,11,0.6377,0.7168,0.8152,0.5348,0.0348
11,3,9,0,0.5997,0.6400,0.6987,0.4929,0.0217
11,3,9,1,0.5809,0.6007,0.7181,0.4625,0.0220
11,3,9,2,0.6772,0.7606,0.8399,0.5634,0.0334
11,3,9,3,0.7161,0.7601,0.8297,0.6428,0.0328
11,3,9,4,0.7024,0.7005,0.7610,0.6315,0.0348
11,3,9,5,0.6400,0.6947,0.7661,0.5048,0.0466
11,3,9,6,0.6627,0.6599,0.7091,0.6001,0.0520
11,3,9,7,0.6044,0.6012,0.6500,0.5345,0.0534
11,3,9,8,0.5630,0.6268,0.7499,0.3794,0.0545
11,3,9,9,0.6431,0.6158,0.6658,0.5876,0.0683
11,3,9,10,0.5244,0.6153,0.7114,0.3363,0.0494
11,3,9,11,0.6395,0.6890,0.7821,0.5190,0.0249
11,3,10,0,0.5807,0.6345,0.7479,0.3849,0.0630
11,3,10,1,0.8244,0.8906,0.9363,0.7706,0.0151
11,3,10,2,0.7799,0.8458,0.8762,0.7029,0.0451
11,3,10,3,0.9085,0.9389,0.9864,0.8800,0.0209
11,3,10,4,0.6945,0.7702,0.9321,0.5902,0.0281
11,3,10,5,0.8978,0.9320,0.9581,0.8653,0.0249
11,3,10,6,0.7912,0.8681,0.9463,0.7235,0.0239
11,3,10,7,0.9012,0.9308,0.9123,0.8886,0.0461
11,3,10,8,0.8667,0.9083,0.9716,0.8240,0.0177
11,3,10,9,0.8175,0.8539,0.9430,0.7564,0.0305
11,3,10,10,0.2903,0.4283,0.7199,0.0747,0.0273
11,3,10,11,0.6324,0.7166,0.7469,0.4742,0.0590
11,3,11,0,0.9819,0.9912,0.9989,0.9768,0.0076
11,3,11,1,0.9813,0.9870,0.9997,0.9758,0.0037
11,3,11,2,0.8764,0.9096,0.9334,0.8455,0.0472
11,3,11,3,1.0000,1.0000,1.0000,1.0000,0.0000
11,3,11,4,0.9881,0.9931,0.9987,0.9850,0.0095
11,3,11,5,0.9644,0.9805,0.9914,0.9542,0.0123
11,3,11,6,0.9585,0.9759,0.9879,0.9479,0.0199
11,3,11,7,0.9795,0.9828,0.9986,0.9737,0.0096
11,3,11,8,0.7061,0.7536,0.8967,0.5979,0.0398
11,3,11,9,0.8068,0.8455,0.8963,0.7465,0.0520
11,3,11,10,0.9466,0.9666,0.9890,0.9318,0.0243
11,3,11,11,0.9823,0.9884,0.9969,0.9785,0.0131
11,4,0,0,0.4732,0.5573,0.6070,0.0656,0.0763
11,4,0,1,0.3562,0.5613,0.7283,0.0579,0.0496
11,4,0,2,0.2300,0.3550,0.7218,-0.0054,0.0172
11,4,0,3,0.1631,0.4080,0.7681,-0.0919,0.0204
11,4,0,4,0.4023,0.5235,0.6915,0.0768,0.0663
11,4,0,5,0.4151,0.6259,0.7595,0.1516,0.0478
11,4,0,6,0.3692,0.5804,0.6594,-0.0593,0.0640
11,4,0,7,0.2697,0.5395,0.6949,-0.0908,0.0424
11,4,0,8,0.3816,0.6506,0.6946,0.0031,0.0576
11,4,0,9,0.2343,0.4721,0.7213,-0.1131,0.0408
11,4,0,10,0.3062,0.4869,0.7075,0.1185,0.0281
11,4,0,11,0.1877,0.4771,0.6897,-0.1385,0.0406
11,4,1,0,0.5820,0.7388,0.8384,0.4217,0.0184
11,4,1,1,0.1874,0.3747,0.6343,-0.0383,0.0288
11,4,1,2,0.2307,0.4738,0.7158,-0.0322,0.0366
11,4,1,3,0.3254,0.4855,0.7173,0.0261,0.0451
11,4,1,4,0.1006,0.3346,0.6062,-0.1143,0.0423
11,4,1,5,0.4582,0.5565,0.7859,0.2511,0.0285
11,4,1,6,0.0771,0.2611,0.6433,-0.0946,0.0764
11,4,1,7,0.2532,0.4289,0.7213,0.0496,0.0338
11,4,1,8,0.4810,0.5955,0.7671,0.2334,0.0389
11,4,1,9,0.3377,0.4398,0.7293,0.1118,0.0323
11,4,1,10,0.2064,0.4161,0.7437,-0.0792,0.0419
11,4,1,11,0.2968,0.4502,0.6736,0.0182,0.0252
11,4,2,0,0.1682,0.3316,0.5504,0.0262,0.0834
11,4,2,1,0.1647,0.3540,0.6014,-0.0473,0.0371
11,4,2,2,0.1685,0.3601,0.6928,-0.0408,0.0404
11,4,2,3,0.3448,0.4883,0.7431,0.1351,0.0259
11,4,2,4,0.3578,0.5335,0.7675,0.1056,0.0301
11,4,2,5,0.3764,0.5202,0.7418,0.0988,0.0459
11,4,2,6,0.3870,0.4422,0.7036,0.1708,0.0288
11,4,2,7,0.2674,0.4838,0.7633,-0.0239,0.0461
11,4,2,8,0.4202,0.5315,0.7013,0.1965,0.0353
11,4,2,9,0.1712,0.3364,0.5511,0.0279,0.0816
11,4,2,10,0.1615,0.4062,0.7409,-0.0815,0.0332
11,4,2,11,0.2546,0.3807,0.7002,-0.0021,0.0419
11,4,3,0,0.5555,0.5701,0.7005,0.4236,0.0220
11,4,3,1,0.5353,0.6497,0.7807,0.3283,0.0395
11,4,3,2,0.5729,0.6417,0.7521,0.4002,0.0334
11,4,3,3,0.5475,0.6224,0.8078,0.3590,0.0282
11,4,3,4,0.4667,0.5161,0.7169,0.2291,0.0444
11,4,3,5,0.1056,0.3788,0.6447,-0.1050,0.0421
11,4,3,6,0.6486,0.6741,0.7988,0.4966,0.0282
11,4,3,7,0.5502,0.6175,0.7965,0.3611,0.0293
11,4,3,8,0.3990,0.5221,0.7762,0.1633,0.0333
11,4,3,9,0.1704,0.3618,0.6203,-0.0259,0.0422
11,4,3,10,0.3303,0.4924,0.6446,0.1004,0.0206
11,4,3,11,0.2701,0.4366,0.7526,0.0180,0.0323
11,4,4,0,0.6029,0.6330,0.7238,0.4975,0.0311
11,4,4,1,0.5896,0.6181,0.7059,0.4070,0.0423
11,4,4,2,0.6839,0.6941,0.7670,0.5847,0.0394
11,4,4,3,0.6531,0.6379,0.6885,0.6034,0.0713
11,4,4,4,0.4027,0.5320,0.6753,0.1795,0.0376
11,4,4,5,0.4874,0.5695,0.6607,0.3584,0.0321
11,4,4,6,0.5465,0.5744,0.6855,0.4288,0.0312
11,4,4,7,0.5533,0.5450,0.6179,0.4600,0.0507
11,4,4,8,0.6429,0.6691,0.7088,0.5505,0.0352
11,4,4,9,0.6503,0.6699,0.7429,0.5342,0.0332
11,4,4,10,0.5037,0.5027,0.6898,0.3598,0.0313
11,4,4,11,0.6108,0.6217,0.6913,0.5243,0.0390
11,4,5,0,0.5772,0.6245,0.6838,0.4781,0.0393
11,4,5,1,0.6230,0.5962,0.6474,0.5629,0.0682
11,4,5,2,0.6226,0.7001,0.7923,0.5023,0.0374
11,4,5,3,0.5722,0.5597,0.6944,0.4525,0.0343
11,4,5,4,0.7095,0.7371,0.8189,0.6159,0.0330
11,4,5,5,0.6431,0.6300,0.6832,0.5848,0.0670
11,4,5,6,0.5951,0.5727,0.6330,0.5214,0.0587
11,4,5,7,0.6162,0.6166,0.6634,0.5383,0.0491
11,4,5,8,0.5834,0.6194,0.7219,0.4531,0.0345
11,4,5,9,0.4455,0.5587,0.6703,0.3147,0.0382
11,4,5,10,0.4700,0.4918,0.7116,0.3165,0.0238
11,4,5,11,0.6172,0.6312,0.7007,0.5328,0.0455
11,4,6,0,0.6224,0.5883,0.6282,0.5546,0.0581
11,4,6,1,0.5703,0.5404,0.6599,0.4372,0.0373
11,4,6,2,0.5756,0.6007,0.7125,0.4623,0.0330
11,4,6,3,0.5703,0.5726,0.6372,0.4831,0.0516
11,4,6,4,0.5802,0.5582,0.6478,0.4753,0.0327
11,4,6,5,0.5609,0.6029,0.6462,0.4449,0.0307
11,4,6,6,0.5797,0.6345,0.6921,0.4667,0.0297
11,4,6,7,0.5952,0.6287,0.7155,0.4481,0.0342
11,4,6,8,0.6331,0.6326,0.7292,0.5253,0.0248
11,4,6,9,0.4657,0.5346,0.7085,0.3164,0.0268
11,4,6,10,0.5825,0.5558,0.6322,0.4896,0.0433
11,4,6,11,0.4566,0.5115,0.6417,0.3243,0.0337
11,4,7,0,0.6251,0.6531,0.7886,0.5111,0.0277
11,4,7,1,0.5810,0.5729,0.6762,0.4744,0.0333
11,4,7,2,0.6350,0.6559,0.7279,0.5455,0.0354
11,4,7,3,0.6454,0.6259,0.6758,0.5795,0.0576
11,4,7,4,0.5031,0.5298,0.6268,0.3920,0.0404
11,4,7,5,0.5184,0.5635,0.7297,0.3478,0.0337
11,4,7,6,0.6450,0.6157,0.6620,0.5880,0.0675
11,4,7,7,0.6448,0.6585,0.6977,0.5926,0.0721
11,4,7,8,0.7861,0.8643,0.9320,0.7216,0.0249
11,4,7,9,0.5586,0.5791,0.6835,0.4591,0.0439
11,4,7,10,0.4704,0.5694,0.6389,0.3560,0.0460
11,4,7,11,0.6191,0.6449,0.6943,0.5497,0.0569
11,4,8,0,0.6350,0.6367,0.6902,0.5484,0.0376
11,4,8,1,0.7051,0.7270,0.8164,0.6200,0.0356
11,4,8,2,0.6291,0.5982,0.6548,0.5772,0.0774
11,4,8,3,0.6643,0.7116,0.7741,0.5744,0.0291
11,4,8,4,0.6240,0.5915,0.6676,0.5421,0.0467
11,4,8,5,0.6245,0.6143,0.6757,0.5510,0.0521
11,4,8,6,0.6388,0.6204,0.6711,0.5781,0.0656
11,4,8,7,0.4979,0.5597,0.7112,0.2612,0.0519
11,4,8,8,0.5386,0.6198,0.7696,0.3434,0.0445
11,4,8,9,0.5987,0.6570,0.7141,0.4701,0.0302
11,4,8,10,0.6108,0.6315,0.6789,0.5283,0.0458
11,4,8,11,0.6337,0.7164,0.8239,0.5222,0.0312
11,4,9,0,0.5922,0.6367,0.7079,0.4761,0.0235
11,4,9,1,0.5727,0.6036,0.7269,0.4430,0.0210
11,4,9,2,0.6783,0.7638,0.8573,0.5530,0.0260
11,4,9,3,0.7065,0.7565,0.8347,0.6266,0.0301
11,4,9,4,0.6981,0.6942,0.7660,0.6229,0.0356
11,4,9,5,0.6236,0.6962,0.7903,0.4661,0.0395
11,4,9,6,0.6596,0.6529,0.7096,0.5948,0.0556
11,4,9,7,0.5887,0.5960,0.6512,0.5131,0.0567
11,4,9,8,0.5563,0.6298,0.7780,0.3477,0.0461
11,4,9,9,0.6370,0.6079,0.6654,0.5797,0.0720
11,4,9,10,0.5381,0.6220,0.7342,0.3370,0.0411
11,4,9,11,0.6408,0.6852,0.7952,0.5098,0.0194
11,4,10,0,0.5846,0.6430,0.7800,0.3619,0.0544
11,4,10,1,0.8215,0.8886,0.9431,0.7623,0.0150
11,4,10,2,0.7626,0.8429,0.8946,0.6616,0.0375
11,4,10,3,0.9011,0.9420,0.9934,0.8646,0.0146
11,4,10,4,0.6985,0.7749,0.9411,0.5851,0.0207
11,4,10,5,0.8910,0.9245,0.9660,0.8515,0.0197
11,4,10,6,0.7688,0.8654,0.9532,0.6864,0.0198
11,4,10,7,0.9023,0.9338,0.9307,0.8774,0.0385
11,4,10,8,0.8645,0.9109,0.9800,0.8161,0.0118
11,4,10,9,0.8090,0.8588,0.9541,0.7371,0.0242
11,4,10,10,0.2892,0.4313,0.7331,0.0558,0.0272
11,4,10,11,0.6560,0.7268,0.7778,0.4881,0.0506
11,4,11,0,0.9768,0.9865,0.9967,0.9708,0.0138
11,4,11,1,0.9836,0.9885,0.9987,0.9792,0.0107
11,4,11,2,0.9033,0.9193,0.9497,0.8741,0.0382
11,4,11,3,0.9881,0.9931,0.9987,0.9850,0.0095
11,4,11,4,1.0000,1.0000,1.0000,1.0000,0.0000
11,4,11,5,0.9737,0.9823,0.9964,0.9644,0.0071
11,4,11,6,0.9696,0.9813,0.9923,0.9595,0.0119
11,4,11,7,0.9732,0.9819,0.9970,0.9661,0.0138
11,4,11,8,0.7380,0.7645,0.9128,0.6304,0.0325
11,4,11,9,0.8331,0.8602,0.9163,0.7715,0.0437
11,4,11,10,0.9597,0.9681,0.9950,0.9457,0.0161
11,4,11,11,0.9772,0.9832,0.9928,0.9737,0.0214
11,5,0,0,0.4948,0.5927,0.6660,0.0882,0.0742
11,5,0,1,0.3586,0.5851,0.7510,0.0484,0.0475
11,5,0,2,0.2305,0.4047,0.7162,-0.0137,0.0179
11,5,0,3,0.1620,0.4591,0.7622,-0.1032,0.0212
11,5,0,4,0.4212,0.5610,0.7339,0.0920,0.0662
11,5,0,5,0.4318,0.6372,0.7763,0.1647,0.0456
11,5,0,6,0.3978,0.6127,0.7111,-0.0269,0.0609
11,5,0,7,0.3002,0.5715,0.7201,-0.0591,0.0406
11,5,0,8,0.3923,0.6909,0.7393,0.0030,0.0537
11,5,0,9,0.2567,0.5074,0.7385,-0.0942,0.0412
11,5,0,10,0.3220,0.5176,0.6940,0.1323,0.0299
11,5,0,11,0.2058,0.5202,0.6954,-0.1258,0.0402
11,5,1,0,0.5362,0.7405,0.8447,0.3505,0.0174
11,5,1,1,0.2047,0.4063,0.6229,-0.0242,0.0298
11,5,1,2,0.2454,0.5046,0.7198,-0.0225,0.0374
11,5,1,3,0.3249,0.5157,0.7422,0.0127,0.0461
11,5,1,4,0.0951,0.3730,0.5899,-0.1293,0.0448
11,5,1,5,0.4443,0.5893,0.7998,0.2231,0.0283
11,5,1,6,0.0789,0.2831,0.6229,-0.0988,0.0782
11,5,1,7,0.2520,0.4544,0.7179,0.0406,0.0354
11,5,1,8,0.4864,0.6265,0.7993,0.2297,0.0370
11,5,1,9,0.3592,0.4709,0.7331,0.1322,0.0333
11,5,1,10,0.2149,0.4558,0.7531,-0.0787,0.0424
11,5,1,11,0.3562,0.4977,0.6776,0.0909,0.0270
11,5,2,0,0.1718,0.3608,0.5271,0.0257,0.0860
11,5,2,1,0.1729,0.3897,0.5916,-0.0448,0.0402
11,5,2,2,0.1770,0.3874,0.6844,-0.0377,0.0427
11,5,2,3,0.3570,0.5152,0.7459,0.1435,0.0267
11,5,2,4,0.3619,0.5625,0.7827,0.1011,0.0299
11,5,2,5,0.3699,0.5576,0.7680,0.0772,0.0455
11,5,2,6,0.4444,0.4994,0.7002,0.2409,0.0271
11,5,2,7,0.2660,0.5184,0.7857,-0.0376,0.0458
11,5,2,8,0.4197,0.5627,0.7158,0.1866,0.0342
11,5,2,9,0.1756,0.3645,0.5280,0.0283,0.0841
11,5,2,10,0.1728,0.4313,0.7356,-0.0759,0.0343
11,5,2,11,0.2519,0.4161,0.7093,-0.0157,0.0428
11,5,3,0,0.6007,0.5854,0.6948,0.4787,0.0208
11,5,3,1,0.5696,0.6627,0.8042,0.3695,0.0401
11,5,3,2,0.5929,0.6729,0.7698,0.4212,0.0330
11,5,3,3,0.5722,0.6423,0.8247,0.3861,0.0247
11,5,3,4,0.4856,0.5455,0.7449,0.2462,0.0448
11,5,3,5,0.1039,0.4247,0.6287,-0.1151,0.0442
11,5,3,6,0.6818,0.6928,0.8250,0.5376,0.0249
11,5,3,7,0.5545,0.6451,0.8175,0.3586,0.0270
11,5,3,8,0.4395,0.5598,0.7865,0.2106,0.0319
11,5,3,9,0.1789,0.3891,0.6046,-0.0223,0.0452
11,5,3,10,0.3632,0.5133,0.6433,0.1361,0.0198
11,5,3,11,0.2745,0.4801,0.7575,0.0141,0.0309
11,5,4,0,0.6448,0.6433,0.7195,0.5489,0.0328
11,5,4,1,0.6244,0.6315,0.7298,0.4497,0.0431
11,5,4,2,0.7215,0.6959,0.7670,0.6316,0.0402
11,5,4,3,0.7053,0.6259,0.6686,0.6683,0.0738
11,5,4,4,0.4460,0.5604,0.6892,0.2306,0.0357
11,5,4,5,0.5409,0.5775,0.6543,0.4230,0.0342
11,5,4,6,0.6172,0.5811,0.6789,0.5165,0.0333
11,5,4,7,0.5998,0.5554,0.6019,0.5165,0.0533
11,5,4,8,0.6878,0.6650,0.7032,0.6063,0.0362
11,5,4,9,0.6917,0.6745,0.7475,0.5857,0.0336
11,5,4,10,0.5650,0.5156,0.6884,0.4352,0.0304
11,5,4,11,0.6565,0.6287,0.6794,0.5806,0.0410
11,5,5,0,0.6301,0.6219,0.6753,0.5431,0.0418
11,5,5,1,0.6759,0.5851,0.6282,0.6283,0.0706
11,5,5,2,0.6592,0.7027,0.7969,0.5470,0.0388
11,5,5,3,0.6257,0.5695,0.6921,0.5185,0.0351
11,5,5,4,0.7461,0.7370,0.8232,0.6618,0.0333
11,5,5,5,0.7028,0.6195,0.6653,0.6589,0.0696
11,5,5,6,0.6407,0.5677,0.6148,0.5774,0.0610
11,5,5,7,0.6695,0.6127,0.6488,0.6042,0.0510
11,5,5,8,0.6356,0.6263,0.7242,0.5181,0.0364
11,5,5,9,0.4782,0.5606,0.6583,0.3523,0.0409
11,5,5,10,0.5239,0.5232,0.7072,0.3818,0.0245
11,5,5,11,0.6747,0.6400,0.6908,0.6041,0.0484
11,5,6,0,0.6690,0.5816,0.6110,0.6123,0.0610
11,5,6,1,0.6205,0.5564,0.6618,0.4992,0.0374
11,5,6,2,0.6174,0.5909,0.7035,0.5131,0.0329
11,5,6,3,0.6115,0.5764,0.6214,0.5332,0.0535
11,5,6,4,0.6483,0.5707,0.6383,0.5598,0.0347
11,5,6,5,0.6156,0.6094,0.6349,0.5122,0.0311
11,5,6,6,0.6448,0.6379,0.6840,0.5477,0.0312
11,5,6,7,0.6381,0.6383,0.7255,0.5013,0.0340
11,5,6,8,0.6780,0.6360,0.7249,0.5810,0.0260
11,5,6,9,0.5010,0.5485,0.7040,0.3574,0.0282
11,5,6,10,0.6557,0.5632,0.6202,0.5803,0.0459
11,5,6,11,0.5176,0.5253,0.6267,0.3980,0.0366
11,5,7,0,0.6746,0.6555,0.7906,0.5728,0.0283
11,5,7,1,0.6369,0.5794,0.6710,0.5433,0.0353
11,5,7,2,0.6814,0.6577,0.7179,0.6030,0.0380
11,5,7,3,0.6996,0.6139,0.6590,0.6469,0.0601
11,5,7,4,0.5599,0.5479,0.6121,0.4609,0.0432
11,5,7,5,0.5792,0.5708,0.7421,0.4243,0.0341
11,5,7,6,0.7023,0.6022,0.6431,0.6591,0.0700
11,5,7,7,0.6899,0.6365,0.6759,0.6487,0.0745
11,5,7,8,0.8048,0.8519,0.9286,0.7448,0.0238
11,5,7,9,0.5906,0.5820,0.6708,0.4973,0.0458
11,5,7,10,0.5227,0.5661,0.6225,0.4187,0.0488
11,5,7,11,0.6806,0.6345,0.6768,0.6257,0.0595
11,5,8,0,0.6965,0.6382,0.6795,0.6252,0.0403
11,5,8,1,0.7560,0.7199,0.8138,0.6846,0.0373
11,5,8,2,0.6840,0.5812,0.6344,0.6451,0.0800
11,5,8,3,0.7203,0.7038,0.7671,0.6448,0.0316
11,5,8,4,0.6774,0.5936,0.6559,0.6082,0.0495
11,5,8,5,0.6896,0.6076,0.6604,0.6319,0.0548
11,5,8,6,0.6970,0.6075,0.6535,0.6503,0.0680
11,5,8,7,0.5387,0.5875,0.7436,0.3120,0.0507
11,5,8,8,0.5864,0.6464,0.7992,0.4040,0.0436
11,5,8,9,0.6598,0.6609,0.7155,0.5471,0.0311
11,5,8,10,0.6765,0.6231,0.6640,0.6098,0.0489
11,5,8,11,0.6811,0.7211,0.8247,0.5813,0.0296
11,5,9,0,0.6696,0.6461,0.7012,0.5736,0.0250
11,5,9,1,0.6194,0.6150,0.7242,0.5004,0.0221
11,5,9,2,0.7040,0.7677,0.8728,0.5836,0.0263
11,5,9,3,0.7516,0.7474,0.8292,0.6833,0.0313
11,5,9,4,0.7543,0.6965,0.7595,0.6938,0.0379
11,5,9,5,0.6711,0.7152,0.8157,0.5275,0.0415
11,5,9,6,0.7109,0.6431,0.6934,0.6588,0.0579
11,5,9,7,0.6588,0.5890,0.6342,0.5994,0.0592
11,5,9,8,0.6045,0.6734,0.8063,0.4110,0.0440
11,5,9,9,0.6926,0.5934,0.6465,0.6486,0.0742
11,5,9,10,0.5877,0.6374,0.7560,0.4005,0.0398
11,5,9,11,0.6587,0.6949,0.8013,0.5291,0.0190
11,5,10,0,0.6005,0.6894,0.8253,0.3746,0.0514
11,5,10,1,0.8238,0.8927,0.9389,0.7635,0.0136
11,5,10,2,0.7476,0.8565,0.9114,0.6309,0.0346
11,5,10,3,0.8918,0.9350,0.9972,0.8493,0.0103
11,5,10,4,0.6959,0.7888,0.9479,0.5765,0.0189
11,5,10,5,0.8712,0.9213,0.9671,0.8222,0.0180
11,5,10,6,0.7555,0.8639,0.9514,0.6647,0.0180
11,5,10,7,0.8850,0.9355,0.9557,0.8443,0.0339
11,5,10,8,0.8792,0.9081,0.9853,0.8342,0.0109
11,5,10,9,0.8188,0.8708,0.9578,0.7472,0.0216
11,5,10,10,0.3258,0.4728,0.7329,0.0960,0.0255
11,5,10,11,0.6312,0.7432,0.8178,0.4347,0.0480
11,5,11,0,0.9558,0.9697,0.9869,0.9438,0.0162
11,5,11,1,0.9648,0.9724,0.9912,0.9550,0.0138
11,5,11,2,0.8658,0.9227,0.9714,0.8118,0.0367
11,5,11,3,0.9644,0.9805,0.9914,0.9542,0.0123
11,5,11,4,0.9737,0.9823,0.9964,0.9644,0.0071
11,5,11,5,1.0000,1.0000,1.0000,1.0000,0.0000
11,5,11,6,0.9489,0.9681,0.9950,0.9291,0.0096
11,5,11,7,0.9556,0.9638,0.9874,0.9435,0.0161
11,5,11,8,0.7739,0.8048,0.9257,0.6766,0.0303
11,5,11,9,0.8109,0.8787,0.9410,0.7289,0.0418
11,5,11,10,0.9589,0.9698,0.9972,0.9432,0.0153
11,5,11,11,0.9566,0.9627,0.9792,0.9482,0.0241
11,6,0,0,0.5001,0.5951,0.6658,0.0465,0.0664
11,6,0,1,0.4383,0.6259,0.7791,0.1471,0.0392
11,6,0,2,0.3210,0.4102,0.7447,0.0921,0.0205
11,6,0,3,0.2174,0.4337,0.7789,-0.0463,0.0210
11,6,0,4,0.4761,0.5756,0.7489,0.1559,0.0576
11,6,0,5,0.4615,0.6795,0.8099,0.1891,0.0376
11,6,0,6,0.4265,0.6127,0.7155,-0.0108,0.0542
11,6,0,7,0.3488,0.5800,0.7464,-0.0099,0.0322
11,6,0,8,0.4231,0.6801,0.7482,0.0243,0.0472
11,6,0,9,0.2934,0.5118,0.7686,-0.0642,0.0325
11,6,0,10,0.3324,0.4914,0.7201,0.1344,0.0331
11,6,0,11,0.2669,0.5107,0.7287,-0.0606,0.0314
11,6,1,0,0.6393,0.7809,0.8766,0.4847,0.0110
11,6,1,1,0.2414,0.4025,0.6625,0.0094,0.0294
11,6,1,2,0.3325,0.5130,0.7524,0.0797,0.0301
11,6,1,3,0.4294,0.5480,0.7675,0.1468,0.0378
11,6,1,4,0.1588,0.3717,0.6288,-0.0620,0.0471
11,6,1,5,0.5475,0.6155,0.8280,0.3547,0.0214
11,6,1,6,0.1922,0.3114,0.6551,0.0317,0.0816
11,6,1,7,0.3755,0.4921,0.7524,0.1900,0.0376
11,6,1,8,0.5635,0.6592,0.8185,0.3290,0.0289
11,6,1,9,0.4320,0.5097,0.7655,0.2176,0.0265
11,6,1,10,0.2926,0.4593,0.7790,0.0101,0.0340
11,6,1,11,0.3549,0.4741,0.7129,0.0703,0.0189
11,6,2,0,0.1876,0.3443,0.5708,0.0367,0.0890
11,6,2,1,0.2443,0.3959,0.6266,0.0342,0.0433
11,6,2,2,0.2847,0.4198,0.7190,0.0885,0.0447
11,6,2,3,0.4478,0.5534,0.7787,0.2532,0.0212
11,6,2,4,0.4553,0.5853,0.8089,0.2170,0.0234
11,6,2,5,0.4703,0.5831,0.7909,0.2065,0.0364
11,6,2,6,0.4037,0.4745,0.7370,0.1704,0.0216
11,6,2,7,0.3699,0.5360,0.8087,0.0910,0.0372
11,6,2,8,0.5180,0.5898,0.7492,0.3108,0.0256
11,6,2,9,0.1859,0.3485,0.5718,0.0324,0.0871
11,6,2,10,0.2536,0.4473,0.7704,0.0152,0.0350
11,6,2,11,0.3397,0.4426,0.7440,0.0877,0.0340
11,6,3,0,0.5879,0.6163,0.7306,0.4552,0.0264
11,6,3,1,0.5863,0.6948,0.8285,0.3780,0.0308
11,6,3,2,0.5937,0.6765,0.7967,0.4092,0.0247
11,6,3,3,0.5698,0.6431,0.8495,0.3682,0.0185
11,6,3,4,0.4915,0.5631,0.7689,0.2363,0.0354
11,6,3,5,0.1695,0.4068,0.6669,-0.0450,0.0484
11,6,3,6,0.6808,0.7189,0.8449,0.5229,0.0174
11,6,3,7,0.6262,0.6740,0.8429,0.4493,0.0197
11,6,3,8,0.4672,0.5651,0.8195,0.2341,0.0243
11,6,3,9,0.2194,0.3976,0.6462,0.0172,0.0458
11,6,3,10,0.3611,0.5197,0.6835,0.1181,0.0149
11,6,3,11,0.3445,0.4808,0.7800,0.0936,0.0244
11,6,4,0,0.5765,0.6568,0.7537,0.4552,0.0327
11,6,4,1,0.5732,0.6458,0.7557,0.3562,0.0337
11,6,4,2,0.6608,0.7130,0.7948,0.5450,0.0343
11,6,4,3,0.6165,0.6410,0.6977,0.5594,0.0772
11,6,4,4,0.4091,0.5668,0.7215,0.1635,0.0271
11,6,4,5,0.4514,0.5726,0.6795,0.3009,0.0360
11,6,4,6,0.5218,0.5973,0.7165,0.3874,0.0352
11,6,4,7,0.5284,0.5614,0.6389,0.4230,0.0565
11,6,4,8,0.6076,0.6714,0.7265,0.4986,0.0368
11,6,4,9,0.6319,0.6930,0.7752,0.4978,0.0282
11,6,4,10,0.4953,0.5442,0.7251,0.3353,0.0267
11,6,4,11,0.5730,0.6383,0.7159,0.4713,0.0452
11,6,5,0,0.5401,0.6308,0.7013,0.4239,0.0446
11,6,5,1,0.5880,0.6018,0.6591,0.5190,0.0740
11,6,5,2,0.6047,0.7151,0.8224,0.4669,0.0320
11,6,5,3,0.5573,0.5952,0.7283,0.4229,0.0309
11,6,5,4,0.6854,0.7570,0.8466,0.5751,0.0287
11,6,5,5,0.6060,0.6317,0.6952,0.5385,0.0725
11,6,5,6,0.5707,0.5890,0.6468,0.4886,0.0647
11,6,5,7,0.5829,0.6240,0.6803,0.4930,0.0540
11,6,5,8,0.5375,0.6190,0.7500,0.3790,0.0288
11,6,5,9,0.4244,0.5693,0.6926,0.2768,0.0447
11,6,5,10,0.4520,0.5219,0.7358,0.2781,0.0252
11,6,5,11,0.5756,0.6330,0.7230,0.4753,0.0498
11,6,6,0,0.5833,0.6081,0.6481,0.5040,0.0626
11,6,6,1,0.5409,0.5614,0.6984,0.3851,0.0309
11,6,6,2,0.5715,0.6334,0.7368,0.4482,0.0341
11,6,6,3,0.5398,0.5851,0.6552,0.4401,0.0560
11,6,6,4,0.5436,0.5796,0.6746,0.4202,0.0378
11,6,6,5,0.5287,0.6111,0.6686,0.3937,0.0313
11,6,6,6,0.5502,0.6382,0.7114,0.4191,0.0293
11,6,6,7,0.5877,0.6485,0.7517,0.4212,0.0271
11,6,6,8,0.6231,0.6674,0.7570,0.5032,0.0278
11,6,6,9,0.4633,0.5639,0.7281,0.2997,0.0273
11,6,6,10,0.5593,0.5782,0.6571,0.4547,0.0491
11,6,6,11,0.4441,0.5387,0.6665,0.2972,0.0419
11,6,7,0,0.6165,0.6921,0.8197,0.4898,0.0238
11,6,7,1,0.5362,0.5768,0.7027,0.4082,0.0353
11,6,7,2,0.5968,0.6704,0.7502,0.4907,0.0409
11,6,7,3,0.6082,0.6300,0.6879,0.5315,0.0636
11,6,7,4,0.4875,0.5569,0.6500,0.3642,0.0471
11,6,7,5,0.5146,0.6093,0.7733,0.3242,0.0265
11,6,7,6,0.6098,0.6200,0.6730,0.5443,0.0735
11,6,7,7,0.6127,0.6652,0.7068,0.5539,0.0781
11,6,7,8,0.7748,0.8704,0.9448,0.7028,0.0223
11,6,7,9,0.5453,0.6054,0.6998,0.4360,0.0498
11,6,7,10,0.4372,0.5752,0.6591,0.3053,0.0522
11,6,7,11,0.5846,0.6544,0.7109,0.5046,0.0634
11,6,8,0,0.6075,0.6497,0.7099,0.5082,0.0424
11,6,8,1,0.6819,0.7326,0.8335,0.5834,0.0370
11,6,8,2,0.5929,0.6013,0.6653,0.5334,0.0832
11,6,8,3,0.6443,0.7173,0.7843,0.5425,0.0340
11,6,8,4,0.5897,0.6160,0.6924,0.4945,0.0521
11,6,8,5,0.5869,0.6272,0.6947,0.5011,0.0581
11,6,8,6,0.6010,0.6238,0.6836,0.5304,0.0713
11,6,8,7,0.5033,0.6000,0.7660,0.2374,0.0415
11,6,8,8,0.5490,0.6707,0.8202,0.3339,0.0348
11,6,8,9,0.5783,0.6672,0.7422,0.4301,0.0244
11,6,8,10,0.5718,0.6346,0.6975,0.4748,0.0505
11,6,8,11,0.6218,0.7415,0.8502,0.4967,0.0251
11,6,9,0,0.5521,0.6460,0.7313,0.4132,0.0269
11,6,9,1,0.5672,0.6440,0.7579,0.4240,0.0228
11,6,9,2,0.7036,0.7944,0.8942,0.5737,0.0184
11,6,9,3,0.6783,0.7638,0.8512,0.5846,0.0333
11,6,9,4,0.6702,0.7023,0.7869,0.5832,0.0403
11,6,9,5,0.5994,0.7152,0.8351,0.4092,0.0329
11,6,9,6,0.6357,0.6643,0.7211,0.5638,0.0615
11,6,9,7,0.5417,0.5942,0.6689,0.4511,0.0626
11,6,9,8,0.5499,0.6534,0.8207,0.3076,0.0361
11,6,9,9,0.6009,0.6114,0.6769,0.5350,0.0774
11,6,9,10,0.5347,0.6366,0.7762,0.3056,0.0316
11,6,9,11,0.6600,0.7244,0.8292,0.5221,0.0154
11,6,10,0,0.6391,0.6927,0.8265,0.4168,0.0443
11,6,10,1,0.8101,0.8995,0.9577,0.7422,0.0128
11,6,10,2,0.7854,0.8726,0.9310,0.6765,0.0269
11,6,10,3,0.8905,0.9543,0.9934,0.8439,0.0065
11,6,10,4,0.7272,0.8043,0.9660,0.6125,0.0146
11,6,10,5,0.8670,0.9217,0.9810,0.8130,0.0132
11,6,10,6,0.7701,0.8713,0.9698,0.6794,0.0133
11,6,10,7,0.9200,0.9533,0.9573,0.8895,0.0270
11,6,10,8,0.8542,0.9184,0.9663,0.7968,0.0112
11,6,10,9,0.8060,0.8764,0.9683,0.7235,0.0158
11,6,10,10,0.3369,0.4778,0.7597,0.0961,0.0219
11,6,10,11,0.6461,0.7545,0.8285,0.4377,0.0408
11,6,11,0,0.9682,0.9757,0.9870,0.9627,0.0230
11,6,11,1,0.9788,0.9883,0.9884,0.9757,0.0213
11,6,11,2,0.8780,0.9130,0.9699,0.8209,0.0282
11,6,11,3,0.9585,0.9759,0.9879,0.9479,0.0199
11,6,11,4,0.9696,0.9813,0.9923,0.9595,0.0119
11,6,11,5,0.9489,0.9681,0.9950,0.9291,0.0096
11,6,11,6,1.0000,1.0000,1.0000,1.0000,0.0000
11,6,11,7,0.9555,0.9751,0.9837,0.9454,0.0229
11,6,11,8,0.7459,0.7851,0.9399,0.6256,0.0237
11,6,11,9,0.8423,0.8755,0.9481,0.7659,0.0334
11,6,11,10,0.9345,0.9464,0.9960,0.9067,0.0097
11,6,11,11,0.9558,0.9730,0.9779,0.9503,0.0307
11,7,0,0,0.4676,0.5241,0.5574,0.1305,0.0895
11,7,0,1,0.3294,0.5318,0.6981,0.0521,0.0623
11,7,0,2,0.1954,0.3240,0.7076,-0.0272,0.0210
11,7,0,3,0.1270,0.3660,0.7543,-0.1135,0.0244
11,7,0,4,0.3602,0.4989,0.6487,0.0502,0.0800
11,7,0,5,0.4497,0.5880,0.7336,0.2313,0.0608
11,7,0,6,0.3232,0.5491,0.6137,-0.0875,0.0772
11,7,0,7,0.2476,0.5173,0.6625,-0.0848,0.0544
11,7,0,8,0.3473,0.6142,0.6519,-0.0071,0.0698
11,7,0,9,0.1969,0.4512,0.6927,-0.1307,0.0534
11,7,0,10,0.2584,0.4317,0.7004,0.0760,0.0277
11,7,0,11,0.1486,0.4490,0.6683,-0.1594,0.0528
11,7,1,0,0.5906,0.7444,0.8203,0.4514,0.0297
11,7,1,1,0.1552,0.3333,0.6231,-0.0573,0.0305
11,7,1,2,0.2169,0.4464,0.6963,-0.0246,0.0479
11,7,1,3,0.3029,0.4602,0.6810,0.0261,0.0572
11,7,1,4,0.0703,0.2997,0.5985,-0.1311,0.0388
11,7,1,5,0.4383,0.5378,0.7561,0.2462,0.0394
11,7,1,6,0.0536,0.2526,0.6353,-0.1065,0.0684
11,7,1,7,0.2345,0.4125,0.7018,0.0450,0.0386
11,7,1,8,0.4435,0.5834,0.7270,0.2084,0.0514
11,7,1,9,0.3100,0.4310,0.7047,0.0977,0.0406
11,7,1,10,0.1772,0.3862,0.7191,-0.0897,0.0521
11,7,1,11,0.2789,0.4208,0.6537,0.0224,0.0374
11,7,2,0,0.1294,0.2861,0.5504,-0.0074,0.0761
11,7,2,1,0.1323,0.3264,0.5848,-0.0676,0.0346
11,7,2,2,0.1442,0.3463,0.6771,-0.0513,0.0428
11,7,2,3,0.3151,0.4767,0.7198,0.1170,0.0337
11,7,2,4,0.3200,0.5045,0.7376,0.0803,0.0407
11,7,2,5,0.3375,0.4913,0.7041,0.0738,0.0592
11,7,2,6,0.3565,0.4081,0.6901,0.1522,0.0355
11,7,2,7,0.2414,0.4591,0.7298,-0.0297,0.0587
11,7,2,8,0.3966,0.5066,0.6725,0.1881,0.0473
11,7,2,9,0.1352,0.2902,0.5509,-0.0023,0.0742
11,7,2,10,0.1442,0.3864,0.7266,-0.0802,0.0385
11,7,2,11,0.2299,0.3489,0.6737,-0.0092,0.0529
11,7,3,0,0.5132,0.5852,0.6822,0.3816,0.0156
11,7,3,1,0.5075,0.6285,0.7462,0.3142,0.0530
11,7,3,2,0.5180,0.6260,0.7214,0.3449,0.0456
11,7,3,3,0.5293,0.5802,0.7780,0.3559,0.0398
11,7,3,4,0.4466,0.5051,0.6799,0.2281,0.0571
11,7,3,5,0.0733,0.3475,0.6377,-0.1246,0.0344
11,7,3,6,0.5920,0.6722,0.7612,0.4369,0.0401
11,7,3,7,0.5058,0.5940,0.7634,0.3215,0.0416
11,7,3,8,0.3772,0.5044,0.7527,0.1583,0.0451
11,7,3,9,0.1455,0.3367,0.6118,-0.0382,0.0377
11,7,3,10,0.3205,0.4524,0.6288,0.1102,0.0297
11,7,3,11,0.2277,0.4132,0.7274,-0.0129,0.0424
11,7,4,0,0.5676,0.6263,0.7053,0.4614,0.0319
11,7,4,1,0.5281,0.6049,0.6726,0.3423,0.0553
11,7,4,2,0.6217,0.7029,0.7470,0.5138,0.0473
11,7,4,3,0.6106,0.6725,0.6806,0.5525,0.0637
11,7,4,4,0.3906,0.5046,0.6481,0.1863,0.0493
11,7,4,5,0.4650,0.5411,0.6406,0.3410,0.0312
11,7,4,6,0.5260,0.5660,0.6692,0.4126,0.0348
11,7,4,7,0.5168,0.5674,0.6081,0.4213,0.0441
11,7,4,8,0.6062,0.6738,0.6897,0.5114,0.0406
11,7,4,9,0.6034,0.6776,0.7175,0.4847,0.0390
11,7,4,10,0.4831,0.5135,0.6687,0.3464,0.0378
11,7,4,11,0.5478,0.6231,0.6789,0.4522,0.0325
11,7,5,0,0.5411,0.6288,0.6657,0.4404,0.0369
11,7,5,1,0.5806,0.6324,0.6386,0.5134,0.0607
11,7,5,2,0.6000,0.7057,0.7701,0.4846,0.0459
11,7,5,3,0.5331,0.5773,0.6740,0.4132,0.0411
11,7,5,4,0.6594,0.7491,0.7956,0.5600,0.0401
11,7,5,5,0.6058,0.6608,0.6736,0.5411,0.0597
11,7,5,6,0.5545,0.6120,0.6238,0.4756,0.0509
11,7,5,7,0.5701,0.6310,0.6507,0.4861,0.0450
11,7,5,8,0.5388,0.6073,0.6999,0.4080,0.0454
11,7,5,9,0.4026,0.5377,0.6580,0.2724,0.0326
11,7,5,10,0.4427,0.4751,0.6937,0.2957,0.0251
11,7,5,11,0.5870,0.6194,0.6857,0.5007,0.0413
11,7,6,0,0.5540,0.6094,0.6187,0.4746,0.0519
11,7,6,1,0.5110,0.5297,0.6369,0.3735,0.0458
11,7,6,2,0.5497,0.6235,0.6978,0.4389,0.0367
11,7,6,3,0.5325,0.5907,0.6267,0.4422,0.0434
11,7,6,4,0.5430,0.5773,0.6333,0.4369,0.0304
11,7,6,5,0.5037,0.5945,0.6335,0.3827,0.0300
11,7,6,6,0.5369,0.6315,0.6761,0.4221,0.0317
11,7,6,7,0.5594,0.6365,0.6877,0.4162,0.0428
11,7,6,8,0.5962,0.6519,0.7106,0.4876,0.0288
11,7,6,9,0.4345,0.5431,0.6873,0.2903,0.0310
11,7,6,10,0.5441,0.5740,0.6188,0.4485,0.0363
11,7,6,11,0.4451,0.5007,0.6336,0.3207,0.0261
11,7,7,0,0.5955,0.6657,0.7652,0.4834,0.0371
11,7,7,1,0.5312,0.5621,0.6568,0.4205,0.0378
11,7,7,2,0.5885,0.6724,0.7144,0.4939,0.0317
11,7,7,3,0.6024,0.6549,0.6649,0.5298,0.0501
11,7,7,4,0.4798,0.5349,0.6164,0.3714,0.0338
11,7,7,5,0.4908,0.5481,0.6998,0.3289,0.0447
11,7,7,6,0.5977,0.6482,0.6528,0.5321,0.0598
11,7,7,7,0.6119,0.6870,0.6928,0.5535,0.0646
11,7,7,8,0.8056,0.8772,0.9204,0.7517,0.0284
11,7,7,9,0.5257,0.6067,0.6701,0.4254,0.0397
11,7,7,10,0.4400,0.5661,0.6305,0.3273,0.0384
11,7,7,11,0.5955,0.6570,0.6860,0.5237,0.0496
11,7,8,0,0.5939,0.6440,0.6752,0.5031,0.0373
11,7,8,1,0.6712,0.7476,0.7977,0.5838,0.0402
11,7,8,2,0.5878,0.6366,0.6469,0.5281,0.0702
11,7,8,3,0.6513,0.7322,0.7586,0.5647,0.0323
11,7,8,4,0.5755,0.6180,0.6538,0.4873,0.0443
11,7,8,5,0.5884,0.6404,0.6644,0.5105,0.0447
11,7,8,6,0.5990,0.6506,0.6607,0.5316,0.0580
11,7,8,7,0.4352,0.5433,0.6728,0.1982,0.0644
11,7,8,8,0.5133,0.6031,0.7315,0.3312,0.0571
11,7,8,9,0.5777,0.6421,0.6913,0.4551,0.0408
11,7,8,10,0.5753,0.6397,0.6677,0.4896,0.0412
11,7,8,11,0.6315,0.7119,0.8031,0.5293,0.0381
11,7,9,0,0.5495,0.6317,0.6923,0.4319,0.0247
11,7,9,1,0.5435,0.6034,0.7070,0.4175,0.0249
11,7,9,2,0.6790,0.7627,0.8296,0.5696,0.0373
11,7,9,3,0.6881,0.7701,0.8183,0.6090,0.0347
11,7,9,4,0.6625,0.7117,0.7484,0.5831,0.0368
11,7,9,5,0.6120,0.6746,0.7544,0.4701,0.0501
11,7,9,6,0.6206,0.6863,0.6986,0.5497,0.0488
11,7,9,7,0.5570,0.6022,0.6409,0.4782,0.0495
11,7,9,8,0.5195,0.5923,0.7438,0.3212,0.0587
11,7,9,9,0.5975,0.6441,0.6563,0.5333,0.0642
11,7,9,10,0.4813,0.6042,0.6971,0.2808,0.0535
11,7,9,11,0.5934,0.6924,0.7706,0.4610,0.0288
11,7,10,0,0.5429,0.6108,0.7381,0.3302,0.0670
11,7,10,1,0.8512,0.8932,0.9385,0.8070,0.0198
11,7,10,2,0.7797,0.8441,0.8741,0.7073,0.0496
11,7,10,3,0.9226,0.9486,0.9843,0.9009,0.0252
11,7,10,4,0.6575,0.7375,0.9226,0.5436,0.0319
11,7,10,5,0.9095,0.9275,0.9581,0.8825,0.0278
11,7,10,6,0.7900,0.8498,0.9465,0.7240,0.0275
11,7,10,7,0.9026,0.9315,0.9061,0.8948,0.0500
11,7,10,8,0.8797,0.9329,0.9696,0.8429,0.0200
11,7,10,9,0.8297,0.8539,0.9436,0.7753,0.0331
11,7,10,10,0.2509,0.4016,0.7136,0.0288,0.0315
11,7,10,11,0.6038,0.6926,0.7366,0.4358,0.0632
11,7,11,0,0.9793,0.9847,0.9988,0.9735,0.0048
11,7,11,1,0.9791,0.9873,0.9983,0.9732,0.0093
11,7,11,2,0.8341,0.8681,0.9256,0.7870,0.0514
11,7,11,3,0.9795,0.9828,0.9986,0.9737,0.0096
11,7,11,4,0.9732,0.9819,0.9970,0.9661,0.0138
11,7,11,5,0.9556,0.9638,0.9874,0.9435,0.0161
11,7,11,6,0.9555,0.9751,0.9837,0.9454,0.0229
11,7,11,7,1.0000,1.0000,1.0000,1.0000,0.0000
11,7,11,8,0.6898,0.7214,0.8910,0.5791,0.0440
11,7,11,9,0.7711,0.8115,0.8899,0.6972,0.0564
11,7,11,10,0.9371,0.9409,0.9874,0.9205,0.0277
11,7,11,11,0.9931,0.9951,0.9983,0.9918,0.0088
11,8,0,0,0.5639,0.6731,0.7818,0.1084,0.0503
11,8,0,1,0.4676,0.6878,0.9424,0.1532,0.0214
11,8,0,2,0.3387,0.6052,0.8966,0.0904,0.0345
11,8,0,3,0.3162,0.6862,0.9119,0.0600,0.0329
11,8,0,4,0.5058,0.6728,0.9031,0.1569,0.0417
11,8,0,5,0.4732,0.7077,0.9546,0.1699,0.0185
11,8,0,6,0.5772,0.7106,0.8446,0.2199,0.0347
11,8,0,7,0.3908,0.6182,0.9256,0.0090,0.0149
11,8,0,8,0.4852,0.7451,0.8910,0.0762,0.0267
11,8,0,9,0.3614,0.6067,0.9384,-0.0046,0.0168
11,8,0,10,0.4083,0.6992,0.8660,0.2168,0.0410
11,8,0,11,0.2999,0.6319,0.9065,-0.0530,0.0147
11,8,1,0,0.3830,0.6624,0.9764,0.0853,0.0154
11,8,1,1,0.2225,0.5823,0.8292,-0.0436,0.0394
11,8,1,2,0.2646,0.5671,0.9185,-0.0483,0.0208
11,8,1,3,0.3580,0.5803,0.9382,-0.0031,0.0199
11,8,1,4,0.1611,0.5209,0.7943,-0.0851,0.0531
11,8,1,5,0.3615,0.6003,0.9586,0.0554,0.0130
11,8,1,6,0.0772,0.2911,0.7797,-0.1356,0.0852
11,8,1,7,0.2236,0.4684,0.8877,-0.0377,0.0410
11,8,1,8,0.4135,0.6471,0.9557,0.0490,0.0148
11,8,1,9,0.2658,0.4956,0.9109,-0.0459,0.0180
11,8,1,10,0.2328,0.5351,0.9395,-0.1120,0.0217
11,8,1,11,0.6209,0.7396,0.8944,0.4329,0.0130
11,8,2,0,0.2213,0.5709,0.7389,0.0644,0.0930
11,8,2,1,0.2064,0.4995,0.7956,-0.0410,0.0510
11,8,2,2,0.1738,0.4205,0.8606,-0.0830,0.0471
11,8,2,3,0.2826,0.5178,0.9175,-0.0020,0.0259
11,8,2,4,0.3887,0.6099,0.9557,0.0873,0.0114
11,8,2,5,0.3793,0.6090,0.9482,0.0277,0.0191
11,8,2,6,0.6658,0.7458,0.8967,0.5223,0.0149
11,8,2,7,0.2776,0.5631,0.9597,-0.0831,0.0234
11,8,2,8,0.3976,0.6187,0.9243,0.1061,0.0103
11,8,2,9,0.2208,0.5752,0.7402,0.0613,0.0912
11,8,2,10,0.1894,0.4712,0.9080,-0.1016,0.0393
11,8,2,11,0.2711,0.4955,0.9135,-0.0413,0.0181
11,8,3,0,0.5250,0.5856,0.8689,0.3564,0.0446
11,8,3,1,0.5455,0.6724,0.9660,0.2835,0.0165
11,8,3,2,0.5547,0.7253,0.9527,0.3262,0.0076
11,8,3,3,0.4849,0.6686,0.9745,0.2110,0.0081
11,8,3,4,0.3990,0.6107,0.9384,0.0554,0.0167
11,8,3,5,0.1922,0.6065,0.8217,-0.0397,0.0592
11,8,3,6,0.5454,0.6643,0.9674,0.2864,0.0151
11,8,3,7,0.4851,0.6457,0.9707,0.2081,0.0109
11,8,3,8,0.4196,0.6458,0.9576,0.1335,0.0089
11,8,3,9,0.1851,0.4704,0.8046,-0.0516,0.0542
11,8,3,10,0.3709,0.6240,0.8666,0.1032,0.0205
11,8,3,11,0.3134,0.5827,0.9239,0.0185,0.0143
11,8,4,0,0.5208,0.6273,0.8880,0.3701,0.0383
11,8,4,1,0.5300,0.6325,0.9330,0.2561,0.0173
11,8,4,2,0.5219,0.5941,0.9279,0.3400,0.0251
11,8,4,3,0.5076,0.4843,0.8063,0.4203,0.0814
11,8,4,4,0.4844,0.6187,0.9100,0.2442,0.0115
11,8,4,5,0.4715,0.5949,0.8292,0.3146,0.0441
11,8,4,6,0.5122,0.6133,0.8659,0.3635,0.0409
11,8,4,7,0.4841,0.5705,0.7962,0.3586,0.0617
11,8,4,8,0.5270,0.5548,0.8680,0.3818,0.0392
11,8,4,9,0.5773,0.6206,0.9177,0.4071,0.0216
11,8,4,10,0.4630,0.5437,0.8777,0.2750,0.0262
11,8,4,11,0.4887,0.5771,0.8508,0.3532,0.0561
11,8,5,0,0.5085,0.5556,0.8371,0.3737,0.0497
11,8,5,1,0.4910,0.4576,0.7891,0.3929,0.0774
11,8,5,2,0.5301,0.6211,0.9518,0.3487,0.0257
11,8,5,3,0.4804,0.5491,0.8782,0.3055,0.0316
11,8,5,4,0.5789,0.6320,0.9534,0.4154,0.0254
11,8,5,5,0.5127,0.4815,0.8125,0.4171,0.0763
11,8,5,6,0.4744,0.4769,0.7893,0.3600,0.0726
11,8,5,7,0.5160,0.5113,0.8134,0.4011,0.0561
11,8,5,8,0.5203,0.5915,0.9099,0.3390,0.0224
11,8,5,9,0.4298,0.6387,0.8424,0.2710,0.0545
11,8,5,10,0.5043,0.6615,0.8861,0.3331,0.0356
11,8,5,11,0.5286,0.6184,0.8570,0.4076,0.0522
11,8,6,0,0.4688,0.4775,0.7940,0.3520,0.0636
11,8,6,1,0.5003,0.5532,0.8732,0.3129,0.0233
11,8,6,2,0.4955,0.5378,0.8712,0.3349,0.0386
11,8,6,3,0.4991,0.5788,0.8031,0.3814,0.0627
11,8,6,4,0.4825,0.5560,0.8361,0.3283,0.0459
11,8,6,5,0.5425,0.5919,0.8303,0.4016,0.0377
11,8,6,6,0.5330,0.6092,0.8604,0.3850,0.0379
11,8,6,7,0.5387,0.5864,0.9208,0.3308,0.0137
11,8,6,8,0.5158,0.5652,0.8914,0.3447,0.0357
11,8,6,9,0.5035,0.6039,0.8608,0.3392,0.0376
11,8,6,10,0.4925,0.5407,0.8143,0.3596,0.0563
11,8,6,11,0.4937,0.6431,0.8222,0.3513,0.0564
11,8,7,0,0.5633,0.6181,0.9262,0.4046,0.0262
11,8,7,1,0.5036,0.5437,0.8548,0.3542,0.0399
11,8,7,2,0.5130,0.5913,0.8776,0.3710,0.0486
11,8,7,3,0.5267,0.4893,0.8103,0.4232,0.0678
11,8,7,4,0.4784,0.6202,0.8074,0.3432,0.0588
11,8,7,5,0.5662,0.6202,0.9302,0.3771,0.0141
11,8,7,6,0.5074,0.4558,0.7960,0.4114,0.0775
11,8,7,7,0.4946,0.4877,0.8145,0.4023,0.0829
11,8,7,8,0.6225,0.6956,0.9748,0.4872,0.0274
11,8,7,9,0.4882,0.5508,0.8357,0.3531,0.0565
11,8,7,10,0.4478,0.5521,0.8106,0.3090,0.0618
11,8,7,11,0.5009,0.5453,0.8316,0.3930,0.0703
11,8,8,0,0.5219,0.5442,0.8443,0.3879,0.0488
11,8,8,1,0.5712,0.5871,0.9327,0.4238,0.0383
11,8,8,2,0.4751,0.4291,0.7859,0.3825,0.0872
11,8,8,3,0.5660,0.5760,0.9032,0.4292,0.0391
11,8,8,4,0.4894,0.5151,0.8335,0.3563,0.0561
11,8,8,5,0.4988,0.5003,0.8232,0.3819,0.0634
11,8,8,6,0.5164,0.4716,0.8042,0.4198,0.0750
11,8,8,7,0.5863,0.6600,0.9323,0.3329,0.0243
11,8,8,8,0.6253,0.7083,0.9597,0.4225,0.0179
11,8,8,9,0.5916,0.6271,0.8989,0.4345,0.0214
11,8,8,10,0.5353,0.5344,0.8285,0.4220,0.0534
11,8,8,11,0.5924,0.6761,0.9446,0.4451,0.0219
11,8,9,0,0.6256,0.6380,0.8803,0.5030,0.0371
11,8,9,1,0.4428,0.5688,0.8937,0.2367,0.0321
11,8,9,2,0.5531,0.6977,0.9892,0.3328,0.0145
11,8,9,3,0.5661,0.6307,0.9288,0.4256,0.0389
11,8,9,4,0.5759,0.5885,0.8923,0.4518,0.0446
11,8,9,5,0.5744,0.7050,0.9687,0.3447,0.0186
11,8,9,6,0.5124,0.5000,0.8297,0.4005,0.0651
11,8,9,7,0.5443,0.5068,0.8013,0.4516,0.0696
11,8,9,8,0.6845,0.7731,0.9608,0.4901,0.0166
11,8,9,9,0.4821,0.4433,0.7973,0.3808,0.0813
11,8,9,10,0.5298,0.6529,0.9367,0.2662,0.0125
11,8,9,11,0.4739,0.6113,0.9499,0.2348,0.0169
11,8,10,0,0.6655,0.8186,0.9034,0.4187,0.0248
11,8,10,1,0.7900,0.8465,0.9739,0.7106,0.0301
11,8,10,2,0.6797,0.8146,0.9880,0.4829,0.0124
11,8,10,3,0.5892,0.7616,0.9452,0.3935,0.0205
11,8,10,4,0.5905,0.7907,0.9846,0.3979,0.0137
11,8,10,5,0.7551,0.8197,0.9766,0.6456,0.0186
11,8,10,6,0.6396,0.8063,0.9769,0.4818,0.0200
11,8,10,7,0.6807,0.7860,0.9499,0.4773,0.0146
11,8,10,8,0.6697,0.7317,0.9153,0.5251,0.0259
11,8,10,9,0.8441,0.8829,0.9862,0.7711,0.0258
11,8,10,10,0.4693,0.6621,0.9123,0.2559,0.0223
11,8,10,11,0.6710,0.8059,0.9387,0.4408,0.0223
11,8,11,0,0.7011,0.7378,0.8978,0.5954,0.0437
11,8,11,1,0.7052,0.7420,0.9047,0.5974,0.0412
11,8,11,2,0.8080,0.8632,0.9583,0.6926,0.0118
11,8,11,3,0.7061,0.7536,0.8967,0.5979,0.0398
11,8,11,4,0.7380,0.7645,0.9128,0.6304,0.0325
11,8,11,5,0.7739,0.8048,0.9257,0.6766,0.0303
11,8,11,6,0.7459,0.7851,0.9399,0.6256,0.0237
11,8,11,7,0.6898,0.7214,0.8910,0.5791,0.0440
11,8,11,8,1.0000,1.0000,1.0000,1.0000,0.0000
11,8,11,9,0.8412,0.8913,0.9744,0.7427,0.0177
11,8,11,10,0.7678,0.8032,0.9436,0.6582,0.0191
11,8,11,11,0.6849,0.7133,0.8828,0.5843,0.0523
11,9,0,0,0.6000,0.7102,0.8626,0.0252,0.0338
11,9,0,1,0.5322,0.7505,0.9003,0.1938,0.0124
11,9,0,2,0.3829,0.5995,0.7782,0.1107,0.0451
11,9,0,3,0.3250,0.6266,0.8004,0.0242,0.0446
11,9,0,4,0.5513,0.7069,0.9163,0.1535,0.0259
11,9,0,5,0.5030,0.7499,0.9043,0.1535,0.0121
11,9,0,6,0.6009,0.7305,0.8997,0.1557,0.0210
11,9,0,7,0.3880,0.6743,0.8825,-0.0849,0.0092
11,9,0,8,0.5198,0.7931,0.9189,0.0346,0.0142
11,9,0,9,0.4436,0.6384,0.8737,0.0537,0.0124
11,9,0,10,0.4152,0.6914,0.7346,0.1970,0.0514
11,9,0,11,0.3492,0.6417,0.8083,-0.0486,0.0140
11,9,1,0,0.5261,0.7420,0.9173,0.2545,0.0281
11,9,1,1,0.2658,0.5496,0.6885,-0.0324,0.0491
11,9,1,2,0.3266,0.5734,0.8225,-0.0166,0.0242
11,9,1,3,0.4232,0.6170,0.8860,0.0272,0.0122
11,9,1,4,0.1928,0.4691,0.6413,-0.0890,0.0618
11,9,1,5,0.4547,0.6512,0.8905,0.1417,0.0217
11,9,1,6,0.1470,0.3053,0.6227,-0.0821,0.0950
11,9,1,7,0.3047,0.5010,0.7698,0.0309,0.0501
11,9,1,8,0.4983,0.6949,0.9373,0.1143,0.0082
11,9,1,9,0.3493,0.5271,0.8070,0.0196,0.0279
11,9,1,10,0.2985,0.5579,0.8550,-0.0820,0.0216
11,9,1,11,0.5097,0.6511,0.7915,0.2179,0.0212
11,9,2,0,0.2319,0.5326,0.5755,0.0532,0.1026
11,9,2,1,0.2420,0.5025,0.6459,-0.0377,0.0598
11,9,2,2,0.2362,0.4495,0.7290,-0.0436,0.0563
11,9,2,3,0.3514,0.5533,0.8153,0.0465,0.0356
11,9,2,4,0.4394,0.6495,0.8868,0.1068,0.0183
11,9,2,5,0.4413,0.6459,0.9027,0.0549,0.0098
11,9,2,6,0.5966,0.6891,0.7867,0.3952,0.0288
11,9,2,7,0.3375,0.5963,0.9112,-0.0637,0.0153
11,9,2,8,0.4428,0.6337,0.8452,0.1190,0.0200
11,9,2,9,0.2319,0.5343,0.5770,0.0502,0.1007
11,9,2,10,0.2586,0.4961,0.7951,-0.0581,0.0474
11,9,2,11,0.3196,0.5411,0.8189,-0.0305,0.0219
11,9,3,0,0.5031,0.6065,0.7433,0.3002,0.0589
11,9,3,1,0.5476,0.7461,0.9239,0.2292,0.0085
11,9,3,2,0.5748,0.7482,0.8896,0.3141,0.0166
11,9,3,3,0.5388,0.7119,0.9210,0.2432,0.0210
11,9,3,4,0.4764,0.6409,0.8986,0.1110,0.0114
11,9,3,5,0.2160,0.5371,0.6761,-0.0509,0.0687
11,9,3,6,0.6183,0.7219,0.9343,0.3542,0.0184
11,9,3,7,0.5494,0.6994,0.9256,0.2567,0.0165
11,9,3,8,0.4453,0.6520,0.8876,0.1166,0.0183
11,9,3,9,0.2458,0.4925,0.6553,-0.0104,0.0633
11,9,3,10,0.3957,0.6500,0.7511,0.0895,0.0326
11,9,3,11,0.3393,0.5915,0.8244,-0.0009,0.0271
11,9,4,0,0.5573,0.6830,0.7688,0.4072,0.0490
11,9,4,1,0.5973,0.6897,0.8823,0.3109,0.0095
11,9,4,2,0.5615,0.6603,0.8248,0.3733,0.0344
11,9,4,3,0.4901,0.5371,0.6574,0.3967,0.0909
11,9,4,4,0.4914,0.6389,0.8284,0.2095,0.0190
11,9,4,5,0.4664,0.6255,0.6916,0.2877,0.0539
11,9,4,6,0.4687,0.6378,0.7378,0.2823,0.0501
11,9,4,7,0.4767,0.5618,0.6427,0.3377,0.0704
11,9,4,8,0.5279,0.6119,0.7404,0.3677,0.0473
11,9,4,9,0.5761,0.6750,0.8163,0.3809,0.0314
11,9,4,10,0.4391,0.5730,0.7581,0.2103,0.0361
11,9,4,11,0.5121,0.6324,0.7148,0.3744,0.0659
11,9,5,0,0.4997,0.6110,0.7006,0.3483,0.0581
11,9,5,1,0.4726,0.5090,0.6337,0.3645,0.0870
11,9,5,2,0.5430,0.6804,0.8641,0.3413,0.0315
11,9,5,3,0.4881,0.5895,0.7577,0.2923,0.0410
11,9,5,4,0.5990,0.7018,0.8692,0.4242,0.0335
11,9,5,5,0.4839,0.5355,0.6648,0.3751,0.0857
11,9,5,6,0.4733,0.5260,0.6330,0.3514,0.0811
11,9,5,7,0.5047,0.5692,0.6663,0.3784,0.0654
11,9,5,8,0.5184,0.6390,0.8020,0.3091,0.0302
11,9,5,9,0.4573,0.6607,0.7023,0.2906,0.0640
11,9,5,10,0.4699,0.6343,0.7635,0.2577,0.0471
11,9,5,11,0.5077,0.6276,0.7235,0.3691,0.0606
11,9,6,0,0.4686,0.5336,0.6400,0.3438,0.0732
11,9,6,1,0.5168,0.5984,0.7552,0.3092,0.0316
11,9,6,2,0.4832,0.5730,0.7422,0.2964,0.0473
11,9,6,3,0.4742,0.5619,0.6510,0.3380,0.0722
11,9,6,4,0.4779,0.5894,0.6963,0.3030,0.0549
11,9,6,5,0.5120,0.6244,0.6871,0.3421,0.0484
11,9,6,6,0.5037,0.6510,0.7272,0.3251,0.0476
11,9,6,7,0.5520,0.6459,0.8276,0.3154,0.0208
11,9,6,8,0.5221,0.6091,0.7727,0.3305,0.0448
11,9,6,9,0.4506,0.6061,0.7349,0.2385,0.0469
11,9,6,10,0.4662,0.5697,0.6675,0.3093,0.0651
11,9,6,11,0.4300,0.6237,0.6775,0.2429,0.0664
11,9,7,0,0.5564,0.6684,0.8317,0.3740,0.0353
11,9,7,1,0.4835,0.5903,0.7235,0.3076,0.0491
11,9,7,2,0.5176,0.6331,0.7501,0.3633,0.0584
11,9,7,3,0.5012,0.5438,0.6622,0.3835,0.0761
11,9,7,4,0.4545,0.6260,0.6576,0.2956,0.0684
11,9,7,5,0.5620,0.6691,0.8459,0.3396,0.0229
11,9,7,6,0.4830,0.5123,0.6433,0.3754,0.0862
11,9,7,7,0.4797,0.5393,0.6659,0.3807,0.0915
11,9,7,8,0.6426,0.7609,0.9163,0.5046,0.0401
11,9,7,9,0.4788,0.5741,0.6940,0.3266,0.0652
11,9,7,10,0.4378,0.5957,0.6605,0.2799,0.0705
11,9,7,11,0.4787,0.5774,0.6880,0.3564,0.0791
11,9,8,0,0.5074,0.6017,0.7069,0.3545,0.0571
11,9,8,1,0.5798,0.6549,0.8337,0.4204,0.0454
11,9,8,2,0.4550,0.4878,0.6306,0.3529,0.0963
11,9,8,3,0.5498,0.6418,0.7873,0.3923,0.0475
11,9,8,4,0.4753,0.5570,0.6930,0.3236,0.0646
11,9,8,5,0.4699,0.5556,0.6786,0.3331,0.0721
11,9,8,6,0.4763,0.5270,0.6548,0.3614,0.0839
11,9,8,7,0.6004,0.6955,0.9094,0.2984,0.0114
11,9,8,8,0.6212,0.7550,0.9342,0.3747,0.0101
11,9,8,9,0.5798,0.6815,0.7861,0.3961,0.0294
11,9,8,10,0.5000,0.5936,0.6847,0.3650,0.0626
11,9,8,11,0.5688,0.7263,0.8556,0.3925,0.0336
11,9,9,0,0.5870,0.6804,0.7542,0.4364,0.0479
11,9,9,1,0.4755,0.6130,0.7779,0.2522,0.0423
11,9,9,2,0.6026,0.7627,0.9462,0.3712,0.0213
11,9,9,3,0.5456,0.6760,0.8311,0.3809,0.0477
11,9,9,4,0.5612,0.6358,0.7765,0.4214,0.0533
11,9,9,5,0.5995,0.7395,0.9332,0.3394,0.0154
11,9,9,6,0.5075,0.5593,0.6888,0.3877,0.0735
11,9,9,7,0.4793,0.5496,0.6502,0.3590,0.0784
11,9,9,8,0.6772,0.7859,0.9408,0.4304,0.0075
11,9,9,9,0.4627,0.5000,0.6453,0.3498,0.0901
11,9,9,10,0.5673,0.6891,0.8726,0.2728,0.0119
11,9,9,11,0.5352,0.6693,0.8652,0.2871,0.0298
11,9,10,0,0.7237,0.8352,0.9594,0.4559,0.0119
11,9,10,1,0.8173,0.8902,0.9358,0.7544,0.0431
11,9,10,2,0.7737,0.8807,0.9836,0.6016,0.0115
11,9,10,3,0.6722,0.8386,0.9535,0.4923,0.0314
11,9,10,4,0.6909,0.8483,0.9557,0.5254,0.0298
11,9,10,5,0.7893,0.8613,0.9598,0.6897,0.0310
11,9,10,6,0.7384,0.8660,0.9467,0.6152,0.0341
11,9,10,7,0.7783,0.8642,0.9940,0.6012,0.0142
11,9,10,8,0.7157,0.8010,0.9281,0.5788,0.0407
11,9,10,9,0.8487,0.9054,0.9662,0.7762,0.0350
11,9,10,10,0.4713,0.6295,0.8027,0.2224,0.0374
11,9,10,11,0.7340,0.8271,0.9613,0.4937,0.0081
11,9,11,0,0.7835,0.8292,0.8918,0.7164,0.0567
11,9,11,1,0.7936,0.8326,0.8996,0.7273,0.0533
11,9,11,2,0.9228,0.9557,0.9908,0.8661,0.0075
11,9,11,3,0.8068,0.8455,0.8963,0.7465,0.0520
11,9,11,4,0.8331,0.8602,0.9163,0.7715,0.0437
11,9,11,5,0.8109,0.8787,0.9410,0.7289,0.0418
11,9,11,6,0.8423,0.8755,0.9481,0.7659,0.0334
11,9,11,7,0.7711,0.8115,0.8899,0.6972,0.0564
11,9,11,8,0.8412,0.8913,0.9744,0.7427,0.0177
11,9,11,9,1.0000,1.0000,1.0000,1.0000,0.0000
11,9,11,10,0.8244,0.8903,0.9505,0.7374,0.0294
11,9,11,11,0.7615,0.8004,0.8713,0.6975,0.0645
11,10,0,0,0.5307,0.5922,0.6773,0.1250,0.0638
11,10,0,1,0.3987,0.6161,0.7862,0.0868,0.0351
11,10,0,2,0.2659,0.4166,0.7531,0.0181,0.0187
11,10,0,3,0.1914,0.4779,0.7938,-0.0810,0.0191
11,10,0,4,0.4198,0.5689,0.7585,0.0620,0.0529
11,10,0,5,0.4891,0.6449,0.8110,0.2314,0.0325
11,10,0,6,0.4254,0.6137,0.7285,-0.0122,0.0503
11,10,0,7,0.2899,0.5631,0.7564,-0.1020,0.0275
11,10,0,8,0.4181,0.6751,0.7616,0.0157,0.0426
11,10,0,9,0.2572,0.5016,0.7743,-0.1185,0.0273
11,10,0,10,0.3567,0.5529,0.7333,0.1666,0.0299
11,10,0,11,0.2187,0.5149,0.7356,-0.1300,0.0253
11,10,1,0,0.5585,0.7289,0.8745,0.3695,0.0055
11,10,1,1,0.2276,0.4237,0.6640,-0.0085,0.0275
11,10,1,2,0.2512,0.4978,0.7593,-0.0323,0.0250
11,10,1,3,0.3533,0.5169,0.7716,0.0329,0.0319
11,10,1,4,0.1204,0.3668,0.6314,-0.1113,0.0450
11,10,1,5,0.4122,0.5597,0.8243,0.1620,0.0165
11,10,1,6,0.0926,0.2715,0.6517,-0.0931,0.0793
11,10,1,7,0.2619,0.4430,0.7464,0.0405,0.0352
11,10,1,8,0.4711,0.6211,0.8202,0.1847,0.0241
11,10,1,9,0.3554,0.4550,0.7613,0.1121,0.0221
11,10,1,10,0.2281,0.4522,0.7871,-0.0800,0.0291
11,10,1,11,0.3329,0.4901,0.7196,0.0389,0.0127
11,10,2,0,0.2055,0.3808,0.5748,0.0592,0.0871
11,10,2,1,0.1833,0.3898,0.6254,-0.0450,0.0408
11,10,2,2,0.1869,0.3769,0.7158,-0.0385,0.0420
11,10,2,3,0.3428,0.4947,0.7741,0.1107,0.0190
11,10,2,4,0.3738,0.5659,0.8106,0.1001,0.0175
11,10,2,5,0.3834,0.5393,0.7933,0.0760,0.0312
11,10,2,6,0.4108,0.4846,0.7422,0.1806,0.0177
11,10,2,7,0.2796,0.5059,0.8134,-0.0388,0.0330
11,10,2,8,0.4117,0.5331,0.7512,0.1590,0.0213
11,10,2,9,0.2109,0.3851,0.5757,0.0638,0.0852
11,10,2,10,0.1779,0.4209,0.7708,-0.0854,0.0303
11,10,2,11,0.2487,0.3999,0.7434,-0.0379,0.0294
11,10,3,0,0.5178,0.5786,0.7241,0.3614,0.0295
11,10,3,1,0.5459,0.6834,0.8286,0.3171,0.0255
11,10,3,2,0.5419,0.6543,0.8001,0.3340,0.0190
11,10,3,3,0.5642,0.6639,0.8492,0.3601,0.0163
11,10,3,4,0.4457,0.5432,0.7747,0.1674,0.0291
11,10,3,5,0.1107,0.4199,0.6697,-0.1204,0.0467
11,10,3,6,0.6247,0.6868,0.8431,0.4385,0.0150
11,10,3,7,0.5437,0.6353,0.8408,0.3275,0.0153
11,10,3,8,0.3906,0.5356,0.8193,0.1243,0.0171
11,10,3,9,0.1706,0.3980,0.6449,-0.0455,0.0435
11,10,3,10,0.3529,0.5354,0.6883,0.1071,0.0121
11,10,3,11,0.2733,0.4716,0.7839,-0.0048,0.0215
11,10,4,0,0.5779,0.6527,0.7485,0.4571,0.0304
11,10,4,1,0.5596,0.6432,0.7639,0.3358,0.0286
11,10,4,2,0.6292,0.6760,0.7962,0.5023,0.0304
11,10,4,3,0.6074,0.6245,0.6945,0.5480,0.0747
11,10,4,4,0.4491,0.5576,0.7287,0.2204,0.0210
11,10,4,5,0.5074,0.6295,0.6804,0.3741,0.0337
11,10,4,6,0.5343,0.5940,0.7129,0.4038,0.0327
11,10,4,7,0.5179,0.5450,0.6392,0.4097,0.0541
11,10,4,8,0.6184,0.6843,0.7302,0.5128,0.0341
11,10,4,9,0.6267,0.6832,0.7739,0.4908,0.0242
11,10,4,10,0.4931,0.5075,0.7198,0.3325,0.0246
11,10,4,11,0.5783,0.6302,0.7117,0.4783,0.0436
11,10,5,0,0.5666,0.6465,0.7002,0.4582,0.0414
11,10,5,1,0.5737,0.5815,0.6579,0.5011,0.0713
11,10,5,2,0.6011,0.6999,0.8252,0.4621,0.0271
11,10,5,3,0.5419,0.5633,0.7233,0.4025,0.0290
11,10,5,4,0.6621,0.7243,0.8447,0.5435,0.0240
11,10,5,5,0.6010,0.6226,0.6923,0.5321,0.0701
11,10,5,6,0.5449,0.5538,0.6474,0.4559,0.0627
11,10,5,7,0.5934,0.6297,0.6773,0.5065,0.0510
11,10,5,8,0.5844,0.6653,0.7569,0.4426,0.0239
11,10,5,9,0.4605,0.5894,0.6936,0.3236,0.0430
11,10,5,10,0.4683,0.5254,0.7394,0.3000,0.0226
11,10,5,11,0.6056,0.6565,0.7202,0.5141,0.0471
11,10,6,0,0.5599,0.5647,0.6455,0.4744,0.0605
11,10,6,1,0.5552,0.5840,0.6971,0.4047,0.0257
11,10,6,2,0.5330,0.5683,0.7344,0.3976,0.0315
11,10,6,3,0.5306,0.5702,0.6552,0.4285,0.0537
11,10,6,4,0.5512,0.5648,0.6747,0.4302,0.0352
11,10,6,5,0.5463,0.6360,0.6719,0.4169,0.0293
11,10,6,6,0.5836,0.6695,0.7156,0.4632,0.0278
11,10,6,7,0.5772,0.6443,0.7572,0.4067,0.0207
11,10,6,8,0.5935,0.6246,0.7537,0.4637,0.0249
11,10,6,9,0.4382,0.5403,0.7269,0.2665,0.0261
11,10,6,10,0.5510,0.5609,0.6551,0.4440,0.0461
11,10,6,11,0.4516,0.5341,0.6672,0.3069,0.0408
11,10,7,0,0.5908,0.6516,0.8110,0.4552,0.0217
11,10,7,1,0.5747,0.6188,0.7010,0.4587,0.0333
11,10,7,2,0.6051,0.6634,0.7483,0.5016,0.0380
11,10,7,3,0.6078,0.6161,0.6858,0.5310,0.0604
11,10,7,4,0.4834,0.5466,0.6496,0.3590,0.0453
11,10,7,5,0.5245,0.6008,0.7710,0.3382,0.0202
11,10,7,6,0.5977,0.6042,0.6710,0.5289,0.0708
11,10,7,7,0.5964,0.6342,0.7051,0.5334,0.0754
11,10,7,8,0.7632,0.8532,0.9441,0.6872,0.0197
11,10,7,9,0.5138,0.5610,0.7001,0.3954,0.0474
11,10,7,10,0.4689,0.6024,0.6602,0.3460,0.0504
11,10,7,11,0.5896,0.6424,0.7077,0.5109,0.0611
11,10,8,0,0.6183,0.6528,0.7078,0.5223,0.0392
11,10,8,1,0.6759,0.7235,0.8348,0.5754,0.0319
11,10,8,2,0.5800,0.5813,0.6624,0.5171,0.0810
11,10,8,3,0.6367,0.7009,0.7929,0.5324,0.0312
11,10,8,4,0.5764,0.5808,0.6876,0.4774,0.0493
11,10,8,5,0.5992,0.6133,0.6902,0.5169,0.0555
11,10,8,6,0.5944,0.6113,0.6803,0.5221,0.0686
11,10,8,7,0.5071,0.6019,0.7730,0.2436,0.0369
11,10,8,8,0.5676,0.6538,0.8220,0.3617,0.0298
11,10,8,9,0.6057,0.6790,0.7459,0.4674,0.0208
11,10,8,10,0.5867,0.6435,0.6945,0.4940,0.0479
11,10,8,11,0.6072,0.7287,0.8449,0.4770,0.0218
11,10,9,0,0.5721,0.6798,0.7350,0.4399,0.0248
11,10,9,1,0.5578,0.6136,0.7528,0.4114,0.0195
11,10,9,2,0.6890,0.7665,0.8928,0.5529,0.0131
11,10,9,3,0.6550,0.7447,0.8474,0.5539,0.0302
11,10,9,4,0.6693,0.6947,0.7814,0.5819,0.0378
11,10,9,5,0.6316,0.7349,0.8379,0.4570,0.0288
11,10,9,6,0.6168,0.6373,0.7178,0.5396,0.0583
11,10,9,7,0.5563,0.6152,0.6646,0.4698,0.0603
11,10,9,8,0.5796,0.6932,0.8326,0.3544,0.0309
11,10,9,9,0.5893,0.5923,0.6740,0.5204,0.0749
11,10,9,10,0.5673,0.6719,0.7797,0.3548,0.0256
11,10,9,11,0.6091,0.6821,0.8259,0.4507,0.0121
11,10,10,0,0.6192,0.6965,0.8340,0.3820,0.0406
11,10,10,1,0.8409,0.9025,0.9606,0.7846,0.0147
11,10,10,2,0.7765,0.8535,0.9330,0.6628,0.0235
11,10,10,3,0.8523,0.9002,0.9994,0.7895,0.0086
11,10,10,4,0.7427,0.8307,0.9583,0.6347,0.0128
11,10,10,5,0.9168,0.9441,0.9822,0.8831,0.0105
11,10,10,6,0.8068,0.9097,0.9698,0.7307,0.0124
11,10,10,7,0.8596,0.9014,0.9591,0.7934,0.0241
11,10,10,8,0.8276,0.8674,0.9827,0.7596,0.0114
11,10,10,9,0.8300,0.8722,0.9754,0.7578,0.0167
11,10,10,10,0.3154,0.4810,0.7661,0.0669,0.0200
11,10,10,11,0.6730,0.7737,0.8340,0.4838,0.0365
11,10,11,0,0.9532,0.9634,0.9871,0.9423,0.0277
11,10,11,1,0.9368,0.9409,0.9901,0.9188,0.0255
11,10,11,2,0.9068,0.9517,0.9724,0.8659,0.0245
11,10,11,3,0.9466,0.9666,0.9890,0.9318,0.0243
11,10,11,4,0.9597,0.9681,0.9950,0.9457,0.0161
11,10,11,5,0.9589,0.9698,0.9972,0.9432,0.0153
11,10,11,6,0.9345,0.9464,0.9960,0.9067,0.0097
11,10,11,7,0.9371,0.9409,0.9874,0.9205,0.0277
11,10,11,8,0.7678,0.8032,0.9436,0.6582,0.0191
11,10,11,9,0.8244,0.8903,0.9505,0.7374,0.0294
11,10,11,10,1.0000,1.0000,1.0000,1.0000,0.0000
11,10,11,11,0.9462,0.9453,0.9798,0.9374,0.0357
11,11,0,0,0.4403,0.5012,0.5171,0.1151,0.0976
11,11,0,1,0.3010,0.5127,0.6866,0.0326,0.0696
11,11,0,2,0.1739,0.3040,0.7169,-0.0396,0.0257
11,11,0,3,0.1102,0.3549,0.7614,-0.1190,0.0289
11,11,0,4,0.3280,0.4771,0.6227,0.0260,0.0854
11,11,0,5,0.4211,0.5756,0.7269,0.2089,0.0670
11,11,0,6,0.3041,0.5294,0.5784,-0.0858,0.0853
11,11,0,7,0.2233,0.4951,0.6495,-0.0961,0.0626
11,11,0,8,0.3229,0.5985,0.6223,-0.0172,0.0781
11,11,0,9,0.1737,0.4322,0.6868,-0.1405,0.0609
11,11,0,10,0.2440,0.4269,0.7131,0.0698,0.0301
11,11,0,11,0.1259,0.4334,0.6707,-0.1692,0.0592
11,11,1,0,0.5788,0.7349,0.8197,0.4472,0.0376
11,11,1,1,0.1428,0.3235,0.6394,-0.0590,0.0323
11,11,1,2,0.1974,0.4346,0.6990,-0.0336,0.0531
11,11,1,3,0.2831,0.4427,0.6715,0.0188,0.0638
11,11,1,4,0.0575,0.2925,0.6182,-0.1335,0.0385
11,11,1,5,0.4175,0.5255,0.7552,0.2327,0.0462
11,11,1,6,0.0369,0.2441,0.6598,-0.1159,0.0642
11,11,1,7,0.2163,0.4026,0.7147,0.0348,0.0401
11,11,1,8,0.4238,0.5679,0.7114,0.1998,0.0591
11,11,1,9,0.2966,0.4187,0.7126,0.0949,0.0460
11,11,1,10,0.1576,0.3727,0.7183,-0.0974,0.0571
11,11,1,11,0.2666,0.4090,0.6573,0.0238,0.0441
11,11,2,0,0.1282,0.2790,0.5735,-0.0004,0.0721
11,11,2,1,0.1163,0.3205,0.6034,-0.0742,0.0334
11,11,2,2,0.1253,0.3327,0.6930,-0.0617,0.0450
11,11,2,3,0.2996,0.4663,0.7277,0.1105,0.0388
11,11,2,4,0.2991,0.4934,0.7346,0.0695,0.0480
11,11,2,5,0.3174,0.4794,0.6939,0.0654,0.0654
11,11,2,6,0.3406,0.3959,0.6978,0.1457,0.0421
11,11,2,7,0.2204,0.4440,0.7206,-0.0391,0.0645
11,11,2,8,0.3801,0.4970,0.6707,0.1814,0.0532
11,11,2,9,0.1344,0.2832,0.5739,0.0051,0.0702
11,11,2,10,0.1246,0.3725,0.7372,-0.0900,0.0408
11,11,2,11,0.2071,0.3324,0.6769,-0.0227,0.0587
11,11,3,0,0.5010,0.5768,0.6973,0.3749,0.0137
11,11,3,1,0.4850,0.6159,0.7371,0.2992,0.0600
11,11,3,2,0.4998,0.6064,0.7161,0.3343,0.0522
11,11,3,3,0.5115,0.5773,0.7729,0.3462,0.0477
11,11,3,4,0.4319,0.4876,0.6671,0.2253,0.0642
11,11,3,5,0.0585,0.3383,0.6561,-0.1296,0.0308
11,11,3,6,0.5800,0.6584,0.7509,0.4349,0.0482
11,11,3,7,0.4902,0.5859,0.7562,0.3153,0.0495
11,11,3,8,0.3575,0.4912,0.7516,0.1480,0.0510
11,11,3,9,0.1232,0.3252,0.6318,-0.0534,0.0356
11,11,3,10,0.2907,0.4458,0.6365,0.0861,0.0360
11,11,3,11,0.2112,0.4029,0.7322,-0.0181,0.0479
11,11,4,0,0.5565,0.6252,0.7185,0.4540,0.0351
11,11,4,1,0.5111,0.5927,0.6618,0.3350,0.0621
11,11,4,2,0.6162,0.6946,0.7545,0.5143,0.0507
11,11,4,3,0.6113,0.6729,0.7038,0.5546,0.0599
11,11,4,4,0.3752,0.4940,0.6452,0.1807,0.0554
11,11,4,5,0.4456,0.5469,0.6562,0.3245,0.0351
11,11,4,6,0.5132,0.5647,0.6838,0.4035,0.0393
11,11,4,7,0.5097,0.5581,0.6288,0.4175,0.0428
11,11,4,8,0.5987,0.6776,0.7026,0.5075,0.0443
11,11,4,9,0.5918,0.6733,0.7241,0.4784,0.0418
11,11,4,10,0.4724,0.5047,0.6809,0.3418,0.0434
11,11,4,11,0.5474,0.6200,0.6969,0.4566,0.0306
11,11,5,0,0.5282,0.6302,0.6825,0.4301,0.0384
11,11,5,1,0.5797,0.6324,0.6618,0.5144,0.0565
11,11,5,2,0.5886,0.6974,0.7733,0.4781,0.0504
11,11,5,3,0.5275,0.5710,0.6865,0.4137,0.0450
11,11,5,4,0.6530,0.7440,0.8001,0.5591,0.0440
11,11,5,5,0.6038,0.6636,0.6957,0.5406,0.0557
11,11,5,6,0.5520,0.6051,0.6460,0.4758,0.0473
11,11,5,7,0.5632,0.6336,0.6715,0.4817,0.0441
11,11,5,8,0.5259,0.6065,0.7056,0.4005,0.0510
11,11,5,9,0.3973,0.5274,0.6751,0.2736,0.0292
11,11,5,10,0.4260,0.4688,0.7049,0.2844,0.0275
11,11,5,11,0.5813,0.6274,0.7025,0.4980,0.0428
11,11,6,0,0.5584,0.6080,0.6408,0.4830,0.0494
11,11,6,1,0.5004,0.5282,0.6462,0.3694,0.0513
11,11,6,2,0.5410,0.6183,0.7133,0.4347,0.0407
11,11,6,3,0.5261,0.5855,0.6474,0.4388,0.0407
11,11,6,4,0.5367,0.5694,0.6496,0.4351,0.0331
11,11,6,5,0.4877,0.5970,0.6501,0.3704,0.0331
11,11,6,6,0.5255,0.6324,0.6902,0.4149,0.0360
11,11,6,7,0.5436,0.6258,0.6889,0.4066,0.0484
11,11,6,8,0.5880,0.6457,0.7232,0.4843,0.0303
11,11,6,9,0.4202,0.5302,0.7012,0.2817,0.0346
11,11,6,10,0.5430,0.5685,0.6377,0.4520,0.0352
11,11,6,11,0.4277,0.4972,0.6521,0.3067,0.0225
11,11,7,0,0.5837,0.6588,0.7740,0.4761,0.0422
11,11,7,1,0.5241,0.5640,0.6713,0.4182,0.0414
11,11,7,2,0.5861,0.6674,0.7299,0.4961,0.0317
11,11,7,3,0.6019,0.6564,0.6865,0.5320,0.0465
11,11,7,4,0.4678,0.5253,0.6361,0.3629,0.0299
11,11,7,5,0.4683,0.5375,0.7011,0.3114,0.0509
11,11,7,6,0.5982,0.6516,0.6758,0.5347,0.0562
11,11,7,7,0.6081,0.6925,0.7160,0.5503,0.0608
11,11,7,8,0.7852,0.8790,0.9241,0.7297,0.0331
11,11,7,9,0.5172,0.5963,0.6884,0.4204,0.0373
11,11,7,10,0.4221,0.5632,0.6505,0.3119,0.0381
11,11,7,11,0.5873,0.6666,0.7071,0.5166,0.0462
11,11,8,0,0.5873,0.6476,0.6928,0.4998,0.0392
11,11,8,1,0.6680,0.7429,0.8063,0.5853,0.0413
11,11,8,2,0.5903,0.6382,0.6710,0.5323,0.0661
11,11,8,3,0.6390,0.7268,0.7690,0.5545,0.0371
11,11,8,4,0.5781,0.6125,0.6726,0.4947,0.0450
11,11,8,5,0.5877,0.6385,0.6853,0.5129,0.0432
11,11,8,6,0.5986,0.6539,0.6831,0.5333,0.0544
11,11,8,7,0.4235,0.5255,0.6557,0.2011,0.0714
11,11,8,8,0.4923,0.5857,0.7175,0.3174,0.0638
11,11,8,9,0.5614,0.6409,0.6991,0.4429,0.0459
11,11,8,10,0.5675,0.6440,0.6878,0.4842,0.0419
11,11,8,11,0.6086,0.7107,0.8107,0.5073,0.0435
11,11,9,0,0.5297,0.6329,0.7047,0.4146,0.0284
11,11,9,1,0.5319,0.6006,0.7191,0.4113,0.0304
11,11,9,2,0.6602,0.7546,0.8241,0.5547,0.0444
11,11,9,3,0.6793,0.7724,0.8293,0.6027,0.0369
11,11,9,4,0.6581,0.7120,0.7627,0.5819,0.0375
11,11,9,5,0.5919,0.6734,0.7432,0.4558,0.0570
11,11,9,6,0.6213,0.6857,0.7194,0.5533,0.0459
11,11,9,7,0.5485,0.6089,0.6634,0.4712,0.0457
11,11,9,8,0.4971,0.5848,0.7266,0.3070,0.0658
11,11,9,9,0.5990,0.6461,0.6795,0.5370,0.0607
11,11,9,10,0.4705,0.5996,0.6911,0.2824,0.0605
11,11,9,11,0.5864,0.6867,0.7748,0.4623,0.0366
11,11,10,0,0.5192,0.5892,0.7068,0.3161,0.0755
11,11,10,1,0.8435,0.8860,0.9382,0.8012,0.0241
11,11,10,2,0.7569,0.8289,0.8616,0.6871,0.0578
11,11,10,3,0.9227,0.9386,0.9755,0.9062,0.0333
11,11,10,4,0.6529,0.7327,0.9206,0.5474,0.0396
11,11,10,5,0.9117,0.9301,0.9537,0.8902,0.0354
11,11,10,6,0.7770,0.8476,0.9452,0.7135,0.0345
11,11,10,7,0.8898,0.9209,0.8855,0.8874,0.0583
11,11,10,8,0.8670,0.9184,0.9576,0.8311,0.0280
11,11,10,9,0.8131,0.8406,0.9370,0.7602,0.0400
11,11,10,10,0.2331,0.3921,0.7205,0.0208,0.0355
11,11,10,11,0.6068,0.6843,0.7117,0.4619,0.0716
11,11,11,0,0.9863,0.9924,0.9988,0.9832,0.0095
11,11,11,1,0.9825,0.9881,0.9970,0.9786,0.0119
11,11,11,2,0.8343,0.8650,0.9078,0.7989,0.0600
11,11,11,3,0.9823,0.9884,0.9969,0.9785,0.0131
11,11,11,4,0.9772,0.9832,0.9928,0.9737,0.0214
11,11,11,5,0.9566,0.9627,0.9792,0.9482,0.0241
11,11,11,6,0.9558,0.9730,0.9779,0.9503,0.0307
11,11,11,7,0.9931,0.9951,0.9983,0.9918,0.0088
11,11,11,8,0.6849,0.7133,0.8828,0.5843,0.0523
11,11,11,9,0.7615,0.8004,0.8713,0.6975,0.0645
11,11,11,10,0.9462,0.9453,0.9798,0.9374,0.0357
11,11,11,11,1.0000,1.0000,1.0000,1.0000,0.0000
