li,hi,lj,hj,cosine,wavelet,energy_profile,pearson,emd
0,0,0,0,1.0000,1.0000,1.0000,1.0000,0.0000
0,0,0,1,0.4475,0.5761,0.7942,0.0466,0.0285
0,0,0,2,0.3186,0.5556,0.7901,0.1023,0.0914
0,0,0,3,0.3760,0.5072,0.9545,0.0722,0.0633
0,0,0,4,0.6369,0.7756,0.9862,0.3030,0.0181
0,0,0,5,0.6047,0.6591,0.8770,0.3360,0.0322
0,0,0,6,0.6372,0.7721,0.9395,0.2448,0.0190
0,0,0,7,0.7165,0.7540,0.8418,0.6151,0.0408
0,0,0,8,0.4679,0.5909,0.9862,0.0808,0.0397
0,0,0,9,0.6135,0.6531,0.9380,0.4855,0.0536
0,0,0,10,0.3632,0.5313,0.7614,0.1315,0.0775
0,0,0,11,0.6603,0.7167,0.9821,0.4073,0.0277
0,0,1,0,0.2488,0.4903,0.7264,0.0420,0.1088
0,0,1,1,0.5759,0.6820,0.9469,0.3704,0.0549
0,0,1,2,0.6557,0.7285,0.9969,0.4613,0.0448
0,0,1,3,0.6045,0.7452,0.9993,0.2815,0.0236
0,0,1,4,0.6073,0.6948,0.9785,0.4303,0.0437
0,0,1,5,0.6093,0.7310,0.9930,0.3354,0.0345
0,0,1,6,0.3403,0.5015,0.8646,0.0325,0.0578
0,0,1,7,0.6545,0.7336,0.9989,0.3552,0.0182
0,0,1,8,0.5481,0.6942,0.9351,0.3337,0.0410
0,0,1,9,0.2551,0.4861,0.7228,0.0478,0.1069
0,0,1,10,0.5769,0.6485,0.9518,0.3422,0.0388
0,0,1,11,0.5697,0.6872,0.9782,0.2928,0.0391
0,0,2,0,0.4034,0.4860,0.9603,0.1179,0.0593
0,0,2,1,0.5388,0.7170,0.9927,-0.0061,0.0119
0,0,2,2,0.4660,0.5717,0.9926,0.1409,0.0405
0,0,2,3,0.3063,0.4073,0.9738,0.0883,0.0911
0,0,2,4,0.4916,0.6016,0.9912,0.1668,0.0354
0,0,2,5,0.3993,0.5228,0.9111,0.1804,0.0684
0,0,2,6,0.4237,0.4935,0.9861,0.1906,0.0629
0,0,2,7,0.3333,0.4851,0.9541,0.0776,0.0811
0,0,2,8,0.3945,0.4695,0.9786,0.1152,0.0566
0,0,2,9,0.5019,0.5570,0.9962,0.2316,0.0455
0,0,2,10,0.4805,0.5989,0.9751,0.1939,0.0454
0,0,2,11,0.3999,0.5075,0.8939,0.1555,0.0713
0,0,3,0,0.4128,0.5083,0.9923,0.1437,0.0563
0,0,3,1,0.3413,0.4444,0.9549,0.0701,0.0684
0,0,3,2,0.3465,0.4489,0.9384,0.1164,0.0812
0,0,3,3,0.3272,0.4173,0.9770,0.1073,0.0896
0,0,3,4,0.3186,0.5134,0.9162,0.0626,0.0808
0,0,3,5,0.5025,0.5651,0.9727,0.1549,0.0323
0,0,3,6,0.2840,0.3649,0.9777,0.0766,0.1020
0,0,3,7,0.2951,0.3886,0.9843,0.0810,0.0966
0,0,3,8,0.4355,0.5087,0.9999,0.1417,0.0492
0,0,3,9,0.4165,0.4993,0.9839,0.1795,0.0648
0,0,3,10,0.3259,0.4596,0.8815,0.0648,0.0784
0,0,3,11,0.3214,0.4225,0.9817,0.0855,0.0852
0,0,4,0,0.3445,0.4141,0.9694,0.0814,0.0740
0,0,4,1,0.3601,0.4396,0.9697,0.1089,0.0746
0,0,4,2,0.5154,0.6207,0.9973,0.1597,0.0336
0,0,4,3,0.3696,0.4684,0.9888,0.0996,0.0682
0,0,4,4,0.3162,0.3963,0.9796,0.0634,0.0849
0,0,4,5,0.5042,0.5759,0.9293,0.0850,0.0249
0,0,4,6,0.3242,0.4152,0.9874,0.1069,0.0898
0,0,4,7,0.3630,0.4313,0.9717,0.1147,0.0699
0,0,4,8,0.4584,0.5400,0.9717,0.0546,0.0364
0,0,4,9,0.2946,0.3906,0.9799,0.0665,0.0948
0,0,4,10,0.4819,0.5559,0.9933,0.0704,0.0309
0,0,4,11,0.4477,0.5317,0.9998,0.0529,0.0387
0,0,5,0,0.3220,0.4415,0.9717,-0.0133,0.0698
0,0,5,1,0.3890,0.5078,0.9814,-0.0159,0.0468
0,0,5,2,0.4855,0.5622,0.9977,0.0329,0.0323
0,0,5,3,0.3838,0.4791,0.9805,-0.0037,0.0499
0,0,5,4,0.2950,0.4348,0.9170,-0.0367,0.0702
0,0,5,5,0.4085,0.4953,0.9962,-0.0179,0.0445
0,0,5,6,0.4302,0.5095,0.9996,-0.0002,0.0448
0,0,5,7,0.3563,0.4620,0.9559,0.0099,0.0589
0,0,5,8,0.4837,0.5436,0.9923,0.0662,0.0361
0,0,5,9,0.4924,0.5849,0.9983,-0.0237,0.0243
0,0,5,10,0.3932,0.4926,0.9720,-0.0074,0.0455
0,0,5,11,0.3377,0.4494,0.9482,-0.0032,0.0619
0,1,0,0,0.4475,0.5761,0.7942,0.0466,0.0285
0,1,0,1,1.0000,1.0000,1.0000,1.0000,0.0000
0,1,0,2,0.2636,0.6052,1.0000,0.1137,0.0638
0,1,0,3,0.2918,0.5951,0.9393,0.0897,0.0379
0,1,0,4,0.3891,0.6269,0.8838,0.0934,0.0231
0,1,0,5,0.3906,0.6215,0.9885,0.1438,0.0134
0,1,0,6,0.3865,0.6432,0.9543,0.0597,0.0192
0,1,0,7,0.2957,0.6385,0.9966,0.0457,0.0164
0,1,0,8,0.4414,0.5828,0.8837,0.2215,0.0202
0,1,0,9,0.2179,0.4911,0.9556,-0.0197,0.0272
0,1,0,10,0.2647,0.5935,0.9986,0.0923,0.0504
0,1,0,11,0.3828,0.6853,0.8946,0.1125,0.0090
0,1,1,0,0.2564,0.6005,0.9945,0.1323,0.0810
0,1,1,1,0.2925,0.5845,0.9474,0.0546,0.0322
0,1,1,2,0.3390,0.4800,0.8396,0.0844,0.0248
0,1,1,3,0.3777,0.5505,0.8167,0.0994,0.0129
0,1,1,4,0.3392,0.5545,0.9025,0.1174,0.0188
0,1,1,5,0.2773,0.4457,0.8605,-0.0209,0.0154
0,1,1,6,0.2323,0.4831,0.9920,0.0245,0.0307
0,1,1,7,0.4350,0.5903,0.7650,0.1691,0.0124
0,1,1,8,0.3603,0.5478,0.9581,0.1529,0.0148
0,1,1,9,0.2228,0.5893,0.9940,0.0888,0.0789
0,1,1,10,0.4671,0.6250,0.9424,0.2762,0.0162
0,1,1,11,0.3717,0.5372,0.9032,0.1296,0.0166
0,1,2,0,0.3026,0.4941,0.9323,0.1016,0.0327
0,1,2,1,0.3694,0.6260,0.8618,0.0179,0.0222
0,1,2,2,0.3382,0.5359,0.8623,0.1063,0.0166
0,1,2,3,0.1942,0.3932,0.9116,0.0309,0.0630
0,1,2,4,0.3005,0.5160,0.8677,0.0442,0.0137
0,1,2,5,0.2099,0.4661,0.9741,0.0154,0.0412
0,1,2,6,0.2077,0.4047,0.8841,-0.0041,0.0354
0,1,2,7,0.2101,0.4356,0.9397,0.0232,0.0538
0,1,2,8,0.2454,0.4619,0.9022,0.0337,0.0292
0,1,2,9,0.2674,0.4707,0.8443,0.0218,0.0220
0,1,2,10,0.2388,0.5107,0.9093,-0.0151,0.0197
0,1,2,11,0.2655,0.5178,0.9824,0.0739,0.0455
0,1,3,0,0.2552,0.4456,0.8633,0.0439,0.0287
0,1,3,1,0.2451,0.4766,0.9388,0.0574,0.0406
0,1,3,2,0.2202,0.4553,0.9553,0.0430,0.0535
0,1,3,3,0.2150,0.3905,0.9056,0.0483,0.0615
0,1,3,4,0.1873,0.5193,0.9712,-0.0003,0.0542
0,1,3,5,0.3271,0.5462,0.9135,0.0650,0.0169
0,1,3,6,0.2044,0.3584,0.9042,0.0563,0.0742
0,1,3,7,0.2139,0.3744,0.8891,0.0611,0.0687
0,1,3,8,0.2230,0.4196,0.8038,-0.0196,0.0228
0,1,3,9,0.2183,0.4251,0.8901,0.0103,0.0380
0,1,3,10,0.2480,0.5090,0.9870,0.0713,0.0515
0,1,3,11,0.2334,0.4171,0.8955,0.0661,0.0574
0,1,4,0,0.2261,0.4291,0.9190,0.0358,0.0479
0,1,4,1,0.2389,0.4272,0.9186,0.0517,0.0466
0,1,4,2,0.3010,0.4728,0.8365,0.0185,0.0168
0,1,4,3,0.2194,0.4346,0.8761,0.0143,0.0400
0,1,4,4,0.2308,0.3749,0.9001,0.0567,0.0572
0,1,4,5,0.3387,0.5975,0.9625,0.0471,0.0166
0,1,4,6,0.2118,0.3892,0.8804,0.0467,0.0619
0,1,4,7,0.2477,0.4382,0.9153,0.0633,0.0422
0,1,4,8,0.3523,0.5331,0.9153,0.0941,0.0177
0,1,4,9,0.2025,0.3706,0.8995,0.0406,0.0670
0,1,4,10,0.3217,0.5050,0.8592,0.0371,0.0186
0,1,4,11,0.3120,0.4449,0.8073,0.0467,0.0253
0,1,5,0,0.2290,0.4458,0.9154,0.0144,0.0450
0,1,5,1,0.2926,0.4990,0.8961,0.0404,0.0246
0,1,5,2,0.3166,0.5053,0.8336,0.0087,0.0234
0,1,5,3,0.2582,0.4852,0.8983,0.0041,0.0274
0,1,5,4,0.1515,0.4285,0.9707,-0.0732,0.0428
0,1,5,5,0.2937,0.4685,0.8444,0.0240,0.0270
0,1,5,6,0.3344,0.4765,0.8115,0.0696,0.0335
0,1,5,7,0.2833,0.4900,0.9377,0.0670,0.0322
0,1,5,8,0.3518,0.5237,0.8634,0.0763,0.0204
0,1,5,9,0.3452,0.5443,0.8286,0.0185,0.0179
0,1,5,10,0.2966,0.5106,0.9148,0.0460,0.0227
0,1,5,11,0.2464,0.4704,0.9461,0.0284,0.0354
0,2,0,0,0.3186,0.5556,0.7901,0.1023,0.0914
0,2,0,1,0.2636,0.6052,1.0000,0.1137,0.0638
0,2,0,2,1.0000,1.0000,1.0000,1.0000,0.0000
0,2,0,3,0.6431,0.8033,0.9369,0.5900,0.0330
0,2,0,4,0.3899,0.6903,0.8807,0.2539,0.0798
0,2,0,5,0.4040,0.5766,0.9874,0.2859,0.0635
0,2,0,6,0.2961,0.5916,0.9522,0.1150,0.0822
0,2,0,7,0.4022,0.7293,0.9960,0.2934,0.0514
0,2,0,8,0.1742,0.4451,0.8806,0.0006,0.0566
0,2,0,9,0.3652,0.6376,0.9536,0.2615,0.0423
0,2,0,10,0.1962,0.6243,0.9990,0.0889,0.0166
0,2,0,11,0.5516,0.7478,0.8915,0.4710,0.0651
0,2,1,0,0.0851,0.5732,0.9952,-0.0070,0.0224
0,2,1,1,0.6461,0.7715,0.9452,0.5907,0.0479
0,2,1,2,0.4595,0.6213,0.8359,0.3585,0.0565
0,2,1,3,0.4024,0.5010,0.8128,0.2765,0.0686
0,2,1,4,0.5049,0.7086,0.8995,0.4209,0.0483
0,2,1,5,0.3938,0.5178,0.8571,0.2715,0.0628
0,2,1,6,0.0863,0.6011,0.9911,-0.0519,0.0333
0,2,1,7,0.4336,0.5842,0.7606,0.3142,0.0753
0,2,1,8,0.4222,0.6500,0.9561,0.3239,0.0509
0,2,1,9,0.0683,0.5662,0.9947,-0.0268,0.0204
0,2,1,10,0.4023,0.5206,0.9401,0.2927,0.0528
0,2,1,11,0.3033,0.4585,0.9003,0.1644,0.0592
0,2,2,0,0.1229,0.3335,0.9298,-0.0178,0.0338
0,2,2,1,0.1676,0.5550,0.8584,-0.0757,0.0858
0,2,2,2,0.1872,0.4182,0.8588,0.0335,0.0513
0,2,2,3,0.0431,0.2671,0.9088,-0.0682,0.0069
0,2,2,4,0.1205,0.3652,0.8643,-0.0544,0.0564
0,2,2,5,0.1090,0.3957,0.9725,-0.0145,0.0245
0,2,2,6,0.1087,0.3186,0.8809,-0.0243,0.0289
0,2,2,7,0.3081,0.4194,0.9374,0.2158,0.0174
0,2,2,8,0.0862,0.2861,0.8993,-0.0566,0.0370
0,2,2,9,0.1397,0.3641,0.8407,-0.0178,0.0467
0,2,2,10,0.2484,0.5034,0.9065,0.1134,0.0517
0,2,2,11,0.0758,0.4025,0.9811,-0.0598,0.0299
0,2,3,0,0.0994,0.3191,0.8598,-0.0427,0.0366
0,2,3,1,0.0671,0.2767,0.9365,-0.0639,0.0236
0,2,3,2,0.0649,0.2844,0.9533,-0.0559,0.0115
0,2,3,3,0.0689,0.2328,0.9027,-0.0443,0.0091
0,2,3,4,0.4945,0.6013,0.9695,0.4288,0.0159
0,2,3,5,0.1330,0.3741,0.9107,-0.0491,0.0601
0,2,3,6,0.0414,0.1909,0.9013,-0.0625,0.0158
0,2,3,7,0.0922,0.2327,0.8860,-0.0101,0.0100
0,2,3,8,0.0968,0.3081,0.7998,-0.0586,0.0436
0,2,3,9,0.2443,0.3849,0.8870,0.1325,0.0276
0,2,3,10,0.0531,0.3283,0.9859,-0.0735,0.0142
0,2,3,11,0.1197,0.2700,0.8924,0.0096,0.0075
0,2,4,0,0.0714,0.2912,0.9163,-0.0574,0.0180
0,2,4,1,0.0706,0.2605,0.9159,-0.0585,0.0187
0,2,4,2,0.1345,0.3611,0.8328,-0.0536,0.0580
0,2,4,3,0.1269,0.3090,0.8728,-0.0013,0.0240
0,2,4,4,0.0625,0.2144,0.8971,-0.0584,0.0162
0,2,4,5,0.1312,0.4266,0.9607,-0.0739,0.0690
0,2,4,6,0.0684,0.2556,0.8772,-0.0436,0.0096
0,2,4,7,0.0739,0.2695,0.9126,-0.0545,0.0221
0,2,4,8,0.1825,0.4742,0.9125,0.0090,0.0557
0,2,4,9,0.0732,0.2151,0.8965,-0.0349,0.0118
0,2,4,10,0.1272,0.3128,0.8557,-0.0696,0.0615
0,2,4,11,0.1456,0.2856,0.8033,-0.0317,0.0561
0,2,5,0,0.1228,0.2599,0.9126,-0.0129,0.0282
0,2,5,1,0.2165,0.3529,0.8930,0.0669,0.0501
0,2,5,2,0.2076,0.3551,0.8299,0.0217,0.0641
0,2,5,3,0.1444,0.3244,0.8953,-0.0151,0.0470
0,2,5,4,0.1084,0.2529,0.9690,-0.0228,0.0241
0,2,5,5,0.1620,0.2974,0.8407,-0.0098,0.0531
0,2,5,6,0.1882,0.3212,0.8075,0.0164,0.0577
0,2,5,7,0.1445,0.3212,0.9353,0.0020,0.0367
0,2,5,8,0.2373,0.4669,0.8600,0.0689,0.0659
0,2,5,9,0.2141,0.3938,0.8248,0.0127,0.0713
0,2,5,10,0.1794,0.3720,0.9120,0.0218,0.0507
0,2,5,11,0.1558,0.3079,0.9439,0.0206,0.0314
0,3,0,0,0.3760,0.5072,0.9545,0.0722,0.0633
0,3,0,1,0.2918,0.5951,0.9393,0.0897,0.0379
0,3,0,2,0.6431,0.8033,0.9369,0.5900,0.0330
0,3,0,3,1.0000,1.0000,1.0000,1.0000,0.0000
0,3,0,4,0.4926,0.6152,0.9907,0.3263,0.0563
0,3,0,5,0.2659,0.5228,0.9804,0.0485,0.0337
0,3,0,6,0.3035,0.5441,0.9989,0.0390,0.0533
0,3,0,7,0.3041,0.6265,0.9645,0.1216,0.0233
0,3,0,8,0.1799,0.3692,0.9907,-0.0581,0.0258
0,3,0,9,0.2556,0.4848,0.9987,0.0865,0.0150
0,3,0,10,0.1774,0.5067,0.9201,0.0296,0.0184
0,3,0,11,0.5453,0.6741,0.9936,0.4086,0.0373
0,3,1,0,0.0992,0.4963,0.8983,-0.0217,0.0549
0,3,1,1,0.5653,0.6871,0.9997,0.4577,0.0158
0,3,1,2,0.3363,0.4801,0.9750,0.1494,0.0252
0,3,1,3,0.3151,0.4133,0.9651,0.0941,0.0401
0,3,1,4,0.5231,0.6213,0.9955,0.4049,0.0246
0,3,1,5,0.2934,0.4060,0.9831,0.0810,0.0327
0,3,1,6,0.1339,0.5378,0.9751,-0.0429,0.0155
0,3,1,7,0.4578,0.5641,0.9395,0.2810,0.0485
0,3,1,8,0.3985,0.5279,0.9982,0.2532,0.0252
0,3,1,9,0.0840,0.4885,0.8960,-0.0410,0.0529
0,3,1,10,0.2833,0.3957,1.0000,0.0934,0.0259
0,3,1,11,0.2411,0.3789,0.9956,0.0260,0.0283
0,3,2,0,0.2585,0.3009,0.9998,0.0974,0.0087
0,3,2,1,0.3993,0.5056,0.9835,0.1716,0.0603
0,3,2,2,0.3389,0.3968,0.9837,0.1677,0.0272
0,3,2,3,0.1609,0.2481,0.9973,0.0306,0.0367
0,3,2,4,0.3021,0.3510,0.9856,0.1138,0.0330
0,3,2,5,0.2325,0.3806,0.9926,0.0895,0.0136
0,3,2,6,0.3234,0.3464,0.9908,0.1872,0.0150
0,3,2,7,0.4317,0.4372,1.0000,0.3304,0.0187
0,3,2,8,0.2081,0.2686,0.9954,0.0409,0.0196
0,3,2,9,0.3198,0.3693,0.9769,0.1505,0.0223
0,3,2,10,0.5615,0.5792,0.9969,0.4536,0.0234
0,3,2,11,0.2011,0.3683,0.9869,0.0431,0.0129
0,3,3,0,0.2754,0.3089,0.9840,0.1207,0.0187
0,3,3,1,0.2020,0.2633,1.0000,0.0512,0.0156
0,3,3,2,0.1747,0.2775,0.9987,0.0317,0.0217
0,3,3,3,0.2107,0.2419,0.9962,0.0824,0.0352
0,3,3,4,0.6832,0.6904,0.9940,0.6296,0.0186
0,3,3,5,0.3350,0.3775,0.9976,0.1459,0.0362
0,3,3,6,0.1514,0.1861,0.9959,0.0290,0.0481
0,3,3,7,0.2136,0.2357,0.9922,0.0959,0.0422
0,3,3,8,0.2282,0.2810,0.9592,0.0483,0.0156
0,3,3,9,0.4571,0.4584,0.9924,0.3484,0.0086
0,3,3,10,0.1901,0.2972,0.9822,0.0447,0.0194
0,3,3,11,0.2508,0.2698,0.9938,0.1257,0.0292
0,3,4,0,0.2139,0.2900,0.9985,0.0673,0.0190
0,3,4,1,0.2011,0.2507,0.9984,0.0519,0.0197
0,3,4,2,0.3141,0.3494,0.9738,0.1122,0.0324
0,3,4,3,0.2700,0.3468,0.9883,0.1254,0.0142
0,3,4,4,0.1582,0.2117,0.9949,0.0126,0.0312
0,3,4,5,0.2314,0.4171,0.9971,-0.0160,0.0452
0,3,4,6,0.1753,0.2397,0.9897,0.0428,0.0357
0,3,4,7,0.2405,0.2899,0.9979,0.0989,0.0176
0,3,4,8,0.2038,0.4421,0.9979,-0.0297,0.0271
0,3,4,9,0.1820,0.2221,0.9948,0.0547,0.0406
0,3,4,10,0.2289,0.3065,0.9826,-0.0080,0.0353
0,3,4,11,0.1869,0.2651,0.9608,-0.0445,0.0328
0,3,5,0,0.0993,0.2385,0.9979,-0.0893,0.0150
0,3,5,1,0.1801,0.3361,0.9940,-0.0365,0.0187
0,3,5,2,0.1970,0.3316,0.9725,-0.0679,0.0344
0,3,5,3,0.1645,0.2788,0.9945,-0.0482,0.0162
0,3,5,4,0.1046,0.2314,0.9942,-0.0734,0.0153
0,3,5,5,0.1763,0.2822,0.9769,-0.0559,0.0214
0,3,5,6,0.1737,0.2926,0.9627,-0.0687,0.0259
0,3,5,7,0.1072,0.2960,1.0000,-0.0949,0.0116
0,3,5,8,0.2349,0.4355,0.9841,-0.0029,0.0352
0,3,5,9,0.2161,0.3727,0.9704,-0.0689,0.0411
0,3,5,10,0.1442,0.3288,0.9978,-0.0819,0.0197
0,3,5,11,0.1061,0.2840,0.9998,-0.0881,0.0124
0,4,0,0,0.6369,0.7756,0.9862,0.3030,0.0181
0,4,0,1,0.3891,0.6269,0.8838,0.0934,0.0231
0,4,0,2,0.3899,0.6903,0.8807,0.2539,0.0798
0,4,0,3,0.4926,0.6152,0.9907,0.3263,0.0563
0,4,0,4,1.0000,1.0000,1.0000,1.0000,0.0000
0,4,0,5,0.3669,0.7335,0.9444,0.0468,0.0262
0,4,0,6,0.4232,0.6452,0.9833,0.0288,0.0233
0,4,0,7,0.3931,0.8201,0.9195,0.1283,0.0351
0,4,0,8,0.4105,0.6169,1.0000,0.1220,0.0342
0,4,0,9,0.4197,0.6763,0.9824,0.2098,0.0467
0,4,0,10,0.3859,0.6086,0.8582,0.2215,0.0683
0,4,0,11,0.5749,0.8006,0.9997,0.3414,0.0252
0,4,1,0,0.1982,0.5035,0.8301,0.0331,0.0937
0,4,1,1,0.4616,0.6449,0.9871,0.2429,0.0505
0,4,1,2,0.5753,0.7286,0.9962,0.3750,0.0411
0,4,1,3,0.6021,0.6992,0.9918,0.3783,0.0218
0,4,1,4,0.8852,0.8872,0.9991,0.8549,0.0327
0,4,1,5,0.7140,0.7607,0.9989,0.5691,0.0300
0,4,1,6,0.2109,0.5161,0.9358,-0.0525,0.0497
0,4,1,7,0.5895,0.7047,0.9774,0.3442,0.0145
0,4,1,8,0.8585,0.8645,0.9808,0.8211,0.0338
0,4,1,9,0.1785,0.5136,0.8272,0.0040,0.0924
0,4,1,10,0.3996,0.5352,0.9894,0.1347,0.0304
0,4,1,11,0.5673,0.6524,0.9991,0.3631,0.0359
0,4,2,0,0.4211,0.5386,0.9932,0.2237,0.0503
0,4,2,1,0.6860,0.8043,0.9990,0.4633,0.0135
0,4,2,2,0.5962,0.6881,0.9990,0.4281,0.0294
0,4,2,3,0.3036,0.4580,0.9980,0.1423,0.0791
0,4,2,4,0.5242,0.6378,0.9994,0.3119,0.0239
0,4,2,5,0.4801,0.5872,0.9667,0.3419,0.0595
0,4,2,6,0.4083,0.5081,1.0000,0.2251,0.0526
0,4,2,7,0.3514,0.5073,0.9905,0.1743,0.0708
0,4,2,8,0.4272,0.5415,0.9992,0.2394,0.0431
0,4,2,9,0.5230,0.6197,0.9969,0.3323,0.0335
0,4,2,10,0.5190,0.6529,0.9983,0.3280,0.0403
0,4,2,11,0.4087,0.5595,0.9557,0.2300,0.0636
0,4,3,0,0.4293,0.5604,0.9991,0.2396,0.0442
0,4,3,1,0.3716,0.5051,0.9909,0.1899,0.0582
0,4,3,2,0.3339,0.4857,0.9826,0.1590,0.0709
0,4,3,3,0.3102,0.4388,0.9988,0.1410,0.0757
0,4,3,4,0.3442,0.5573,0.9699,0.1707,0.0727
0,4,3,5,0.5616,0.6438,0.9977,0.3518,0.0205
0,4,3,6,0.2817,0.4046,0.9990,0.1286,0.0873
0,4,3,7,0.2920,0.4274,0.9999,0.1337,0.0832
0,4,3,8,0.4605,0.5554,0.9887,0.2606,0.0416
0,4,3,9,0.3892,0.5169,0.9999,0.1996,0.0565
0,4,3,10,0.3510,0.5176,0.9475,0.1739,0.0691
0,4,3,11,0.3284,0.4703,0.9997,0.1591,0.0733
0,4,4,0,0.3356,0.4709,0.9967,0.1437,0.0653
0,4,4,1,0.3561,0.4893,0.9968,0.1715,0.0616
0,4,4,2,0.4892,0.6275,0.9957,0.2328,0.0267
0,4,4,3,0.3039,0.5059,0.9999,0.0846,0.0566
0,4,4,4,0.2732,0.4244,0.9994,0.0770,0.0708
0,4,4,5,0.4005,0.7015,0.9776,0.0681,0.0126
0,4,4,6,0.3132,0.4603,1.0000,0.1479,0.0760
0,4,4,7,0.3530,0.4810,0.9974,0.1676,0.0591
0,4,4,8,0.2840,0.5899,0.9974,-0.0729,0.0326
0,4,4,9,0.2760,0.4219,0.9994,0.1046,0.0802
0,4,4,10,0.4190,0.5632,0.9987,0.1140,0.0235
0,4,4,11,0.3488,0.5264,0.9896,0.0363,0.0280
0,4,5,0,0.2887,0.4664,0.9974,0.0485,0.0634
0,4,5,1,0.3223,0.5670,0.9996,0.0233,0.0409
0,4,5,2,0.4055,0.5777,0.9952,0.0680,0.0303
0,4,5,3,0.3595,0.5157,0.9995,0.0899,0.0453
0,4,5,4,0.2792,0.4526,0.9704,0.0499,0.0580
0,4,5,5,0.3768,0.5120,0.9969,0.0815,0.0407
0,4,5,6,0.3918,0.5436,0.9906,0.0903,0.0416
0,4,5,7,0.2964,0.5245,0.9913,0.0364,0.0511
0,4,5,8,0.3892,0.6199,0.9991,0.0637,0.0331
0,4,5,9,0.4436,0.6218,0.9942,0.0904,0.0223
0,4,5,10,0.3384,0.5748,0.9975,0.0470,0.0386
0,4,5,11,0.2794,0.5106,0.9877,0.0247,0.0535
0,5,0,0,0.6047,0.6591,0.8770,0.3360,0.0322
0,5,0,1,0.3906,0.6215,0.9885,0.1438,0.0134
0,5,0,2,0.4040,0.5766,0.9874,0.2859,0.0635
0,5,0,3,0.2659,0.5228,0.9804,0.0485,0.0337
0,5,0,4,0.3669,0.7335,0.9444,0.0468,0.0262
0,5,0,5,1.0000,1.0000,1.0000,1.0000,0.0000
0,5,0,6,0.3652,0.5590,0.9885,0.0111,0.0234
0,5,0,7,0.7237,0.7505,0.9976,0.6232,0.0133
0,5,0,8,0.3886,0.5751,0.9444,0.1383,0.0109
0,5,0,9,0.4684,0.4918,0.9892,0.3039,0.0243
0,5,0,10,0.2626,0.5644,0.9792,0.0838,0.0474
0,5,0,11,0.5477,0.6663,0.9519,0.3417,0.0109
0,5,1,0,0.1761,0.4868,0.9673,0.0289,0.0820
0,5,1,1,0.4596,0.5799,0.9849,0.2721,0.0251
0,5,1,2,0.5266,0.6498,0.9121,0.3372,0.0169
0,5,1,3,0.4170,0.5820,0.8946,0.1455,0.0092
0,5,1,4,0.3836,0.6464,0.9572,0.1693,0.0166
0,5,1,5,0.4623,0.6390,0.9277,0.2315,0.0057
0,5,1,6,0.2449,0.4916,0.9997,0.0333,0.0289
0,5,1,7,0.4617,0.5381,0.8536,0.1975,0.0161
0,5,1,8,0.3451,0.7201,0.9904,0.1250,0.0143
0,5,1,9,0.1814,0.4947,0.9660,0.0331,0.0799
0,5,1,10,0.5255,0.5452,0.9821,0.3494,0.0130
0,5,1,11,0.3995,0.5653,0.9577,0.1592,0.0127
0,5,2,0,0.3407,0.6448,0.9763,0.1446,0.0298
0,5,2,1,0.3458,0.7042,0.9286,-0.0365,0.0278
0,5,2,2,0.3868,0.6728,0.9289,0.1641,0.0140
0,5,2,3,0.2372,0.6109,0.9633,0.0793,0.0637
0,5,2,4,0.3344,0.6734,0.9329,0.0812,0.0131
0,5,2,5,0.2470,0.6687,0.9971,0.0560,0.0398
0,5,2,6,0.2490,0.6515,0.9446,0.0418,0.0352
0,5,2,7,0.2621,0.6796,0.9806,0.0830,0.0518
0,5,2,8,0.2773,0.5911,0.9571,0.0678,0.0300
0,5,2,9,0.3248,0.6956,0.9156,0.0902,0.0186
0,5,2,10,0.2818,0.7010,0.9618,0.0333,0.0145
0,5,2,11,0.2987,0.6689,0.9993,0.1102,0.0393
0,5,3,0,0.3004,0.6454,0.9297,0.0956,0.0295
0,5,3,1,0.2604,0.5490,0.9801,0.0705,0.0404
0,5,3,2,0.2662,0.6170,0.9890,0.0954,0.0526
0,5,3,3,0.2540,0.5786,0.9593,0.0919,0.0621
0,5,3,4,0.2103,0.6845,0.9960,0.0223,0.0503
0,5,3,5,0.3543,0.7345,0.9645,0.0928,0.0138
0,5,3,6,0.2423,0.5371,0.9584,0.0986,0.0755
0,5,3,7,0.2705,0.5503,0.9481,0.1269,0.0696
0,5,3,8,0.3100,0.6301,0.8846,0.0873,0.0194
0,5,3,9,0.2703,0.6544,0.9488,0.0704,0.0355
0,5,3,10,0.2541,0.6182,1.0000,0.0730,0.0498
0,5,3,11,0.3266,0.5566,0.9525,0.1785,0.0578
0,5,4,0,0.2647,0.6130,0.9681,0.0787,0.0453
0,5,4,1,0.2817,0.6141,0.9678,0.1002,0.0465
0,5,4,2,0.3402,0.6921,0.9098,0.0629,0.0148
0,5,4,3,0.2928,0.6266,0.9389,0.1022,0.0404
0,5,4,4,0.2765,0.5409,0.9556,0.1090,0.0578
0,5,4,5,0.3744,0.7107,0.9925,0.0873,0.0182
0,5,4,6,0.2691,0.5716,0.9420,0.1133,0.0627
0,5,4,7,0.2602,0.6204,0.9657,0.0729,0.0418
0,5,4,8,0.4683,0.6046,0.9657,0.2479,0.0114
0,5,4,9,0.2477,0.5710,0.9552,0.0919,0.0677
0,5,4,10,0.3814,0.6078,0.9267,0.1113,0.0160
0,5,4,11,0.4078,0.5593,0.8872,0.1704,0.0209
0,5,5,0,0.4186,0.5918,0.9657,0.2546,0.0385
0,5,5,1,0.5305,0.6990,0.9529,0.3574,0.0175
0,5,5,2,0.5560,0.6895,0.9076,0.3483,0.0111
0,5,5,3,0.3856,0.5876,0.9544,0.1676,0.0199
0,5,5,4,0.3671,0.5432,0.9959,0.1980,0.0425
0,5,5,5,0.4715,0.6114,0.9157,0.2620,0.0173
0,5,5,6,0.4920,0.6398,0.8905,0.2818,0.0211
0,5,5,7,0.5073,0.6804,0.9795,0.3563,0.0281
0,5,5,8,0.6046,0.7503,0.9298,0.4298,0.0095
0,5,5,9,0.5206,0.6983,0.9037,0.2732,0.0101
0,5,5,10,0.5026,0.6860,0.9653,0.3193,0.0145
0,5,5,11,0.4915,0.6614,0.9842,0.3431,0.0320
0,6,0,0,0.6372,0.7721,0.9395,0.2448,0.0190
0,6,0,1,0.3865,0.6432,0.9543,0.0597,0.0192
0,6,0,2,0.2961,0.5916,0.9522,0.1150,0.0822
0,6,0,3,0.3035,0.5441,0.9989,0.0390,0.0533
0,6,0,4,0.4232,0.6452,0.9833,0.0288,0.0233
0,6,0,5,0.3652,0.5590,0.9885,0.0111,0.0234
0,6,0,6,1.0000,1.0000,1.0000,1.0000,0.0000
0,6,0,7,0.3339,0.6817,0.9758,0.0127,0.0301
0,6,0,8,0.4461,0.5831,0.9832,0.1492,0.0287
0,6,0,9,0.4627,0.6814,1.0000,0.2562,0.0443
0,6,0,10,0.3437,0.5870,0.9374,0.1503,0.0679
0,6,0,11,0.4332,0.6855,0.9873,0.0885,0.0194
0,6,1,0,0.2772,0.5900,0.9178,0.1280,0.0995
0,6,1,1,0.4865,0.6927,0.9998,0.2621,0.0420
0,6,1,2,0.4271,0.5964,0.9636,0.1272,0.0327
0,6,1,3,0.6010,0.7017,0.9518,0.3545,0.0171
0,6,1,4,0.3625,0.5714,0.9900,0.0752,0.0352
0,6,1,5,0.5104,0.6084,0.9734,0.2346,0.0223
0,6,1,6,0.4608,0.6615,0.9844,0.2839,0.0480
0,6,1,7,0.6211,0.7073,0.9225,0.3710,0.0113
0,6,1,8,0.3526,0.5666,0.9999,0.0716,0.0313
0,6,1,9,0.2704,0.5778,0.9158,0.1154,0.0976
0,6,1,10,0.5678,0.7137,0.9993,0.3672,0.0311
0,6,1,11,0.5421,0.6334,0.9902,0.3067,0.0253
0,6,2,0,0.2675,0.4039,0.9978,-0.0169,0.0499
0,6,2,1,0.3559,0.6494,0.9740,-0.1610,0.0137
0,6,2,2,0.3019,0.4603,0.9742,-0.0315,0.0314
0,6,2,3,0.1799,0.3353,0.9928,-0.0430,0.0816
0,6,2,4,0.3252,0.5138,0.9766,-0.0123,0.0284
0,6,2,5,0.2134,0.4061,0.9972,-0.0465,0.0588
0,6,2,6,0.2479,0.3720,0.9834,-0.0206,0.0533
0,6,2,7,0.2300,0.4059,0.9990,-0.0119,0.0716
0,6,2,8,0.2248,0.3879,0.9899,-0.0698,0.0473
0,6,2,9,0.2611,0.4215,0.9659,-0.0770,0.0366
0,6,2,10,0.2707,0.4713,0.9921,-0.0605,0.0340
0,6,2,11,0.2112,0.4741,0.9933,-0.0681,0.0613
0,6,3,0,0.2166,0.3893,0.9747,-0.0854,0.0469
0,6,3,1,0.2138,0.3892,0.9988,-0.0499,0.0589
0,6,3,2,0.1841,0.3857,1.0000,-0.0667,0.0715
0,6,3,3,0.1982,0.3158,0.9910,-0.0295,0.0806
0,6,3,4,0.2286,0.4768,0.9980,-0.0064,0.0710
0,6,3,5,0.3286,0.4797,0.9933,-0.0309,0.0274
0,6,3,6,0.1607,0.2758,0.9905,-0.0512,0.0929
0,6,3,7,0.1719,0.2917,0.9853,-0.0458,0.0871
0,6,3,8,0.2538,0.3928,0.9449,-0.0622,0.0398
0,6,3,9,0.2520,0.3824,0.9856,-0.0134,0.0553
0,6,3,10,0.1762,0.4054,0.9899,-0.0884,0.0691
0,6,3,11,0.1886,0.3378,0.9876,-0.0509,0.0762
0,6,4,0,0.2580,0.3568,0.9948,0.0173,0.0644
0,6,4,1,0.1895,0.3391,0.9947,-0.0813,0.0648
0,6,4,2,0.3144,0.4869,0.9621,-0.0684,0.0276
0,6,4,3,0.2441,0.3697,0.9801,-0.0212,0.0591
0,6,4,4,0.1915,0.3092,0.9892,-0.0557,0.0750
0,6,4,5,0.3671,0.5203,0.9996,-0.0216,0.0213
0,6,4,6,0.1796,0.3212,0.9819,-0.0524,0.0806
0,6,4,7,0.2197,0.3379,0.9939,-0.0376,0.0606
0,6,4,8,0.3885,0.5063,0.9938,0.0540,0.0284
0,6,4,9,0.1823,0.2975,0.9890,-0.0404,0.0855
0,6,4,10,0.3383,0.4895,0.9729,-0.0466,0.0285
0,6,4,11,0.3126,0.4153,0.9468,-0.0520,0.0363
0,6,5,0,0.2012,0.3445,0.9939,-0.1013,0.0584
0,6,5,1,0.2700,0.3950,0.9878,-0.0867,0.0370
0,6,5,2,0.3455,0.4430,0.9606,-0.0664,0.0289
0,6,5,3,0.2802,0.3959,0.9886,-0.0561,0.0385
0,6,5,4,0.1884,0.3555,0.9982,-0.1023,0.0601
0,6,5,5,0.3010,0.3941,0.9659,-0.0660,0.0365
0,6,5,6,0.3179,0.4038,0.9491,-0.0565,0.0396
0,6,5,7,0.2328,0.3612,0.9987,-0.0823,0.0484
0,6,5,8,0.4187,0.4813,0.9747,0.0771,0.0245
0,6,5,9,0.3412,0.4891,0.9580,-0.1242,0.0212
0,6,5,10,0.2813,0.3967,0.9937,-0.0690,0.0362
0,6,5,11,0.2142,0.3493,0.9997,-0.0952,0.0520
0,7,0,0,0.7165,0.7540,0.8418,0.6151,0.0408
0,7,0,1,0.2957,0.6385,0.9966,0.0457,0.0164
0,7,0,2,0.4022,0.7293,0.9960,0.2934,0.0514
0,7,0,3,0.3041,0.6265,0.9645,0.1216,0.0233
0,7,0,4,0.3931,0.8201,0.9195,0.1283,0.0351
0,7,0,5,0.7237,0.7505,0.9976,0.6232,0.0133
0,7,0,6,0.3339,0.6817,0.9758,0.0127,0.0301
0,7,0,7,1.0000,1.0000,1.0000,1.0000,0.0000
0,7,0,8,0.2944,0.5308,0.9194,0.0414,0.0123
0,7,0,9,0.7855,0.8043,0.9767,0.7277,0.0152
0,7,0,10,0.2536,0.5816,0.9909,0.0919,0.0368
0,7,0,11,0.7384,0.8476,0.9285,0.6383,0.0139
0,7,1,0,0.1560,0.4881,0.9825,0.0204,0.0706
0,7,1,1,0.5567,0.7516,0.9707,0.4205,0.0222
0,7,1,2,0.7267,0.7794,0.8817,0.6312,0.0154
0,7,1,3,0.5314,0.7444,0.8617,0.3436,0.0188
0,7,1,4,0.5391,0.8405,0.9350,0.3976,0.0120
0,7,1,5,0.4937,0.7869,0.8997,0.3046,0.0126
0,7,1,6,0.2136,0.4775,0.9990,0.0179,0.0184
0,7,1,7,0.5854,0.7289,0.8157,0.4131,0.0262
0,7,1,8,0.4005,0.8302,0.9785,0.2224,0.0072
0,7,1,9,0.1492,0.4835,0.9815,0.0102,0.0686
0,7,1,10,0.5749,0.6547,0.9668,0.4357,0.0092
0,7,1,11,0.4895,0.7024,0.9356,0.3106,0.0142
0,7,2,0,0.2316,0.4451,0.9590,0.0276,0.0185
0,7,2,1,0.2264,0.6183,0.9008,-0.1694,0.0377
0,7,2,2,0.2983,0.5667,0.9012,0.0735,0.0110
0,7,2,3,0.1867,0.4101,0.9425,0.0344,0.0524
0,7,2,4,0.2781,0.5374,0.9058,0.0366,0.0145
0,7,2,5,0.2307,0.5020,0.9895,0.0568,0.0287
0,7,2,6,0.2502,0.4775,0.9197,0.0666,0.0239
0,7,2,7,0.2080,0.4864,0.9648,0.0356,0.0404
0,7,2,8,0.2279,0.4455,0.9348,0.0289,0.0190
0,7,2,9,0.3138,0.5426,0.8858,0.1033,0.0142
0,7,2,10,0.2846,0.6051,0.9406,0.0664,0.0130
0,7,2,11,0.2094,0.5009,0.9945,0.0189,0.0313
0,7,3,0,0.2258,0.4909,0.9021,0.0240,0.0185
0,7,3,1,0.1773,0.4104,0.9641,-0.0120,0.0287
0,7,3,2,0.1974,0.4337,0.9765,0.0289,0.0412
0,7,3,3,0.1901,0.3863,0.9376,0.0308,0.0506
0,7,3,4,0.1847,0.5455,0.9876,0.0116,0.0404
0,7,3,5,0.2592,0.5145,0.9441,-0.0038,0.0166
0,7,3,6,0.1801,0.3493,0.9365,0.0381,0.0635
0,7,3,7,0.1989,0.3731,0.9239,0.0545,0.0578
0,7,3,8,0.2487,0.4659,0.8503,0.0340,0.0102
0,7,3,9,0.2528,0.4918,0.9248,0.0706,0.0245
0,7,3,10,0.1440,0.4296,0.9969,-0.0433,0.0379
0,7,3,11,0.2368,0.4116,0.9292,0.0831,0.0463
0,7,4,0,0.1957,0.3990,0.9485,0.0133,0.0341
0,7,4,1,0.2144,0.4172,0.9481,0.0363,0.0349
0,7,4,2,0.2687,0.5371,0.8790,-0.0003,0.0148
0,7,4,3,0.2417,0.4618,0.9130,0.0590,0.0288
0,7,4,4,0.2024,0.3647,0.9331,0.0354,0.0464
0,7,4,5,0.2995,0.5476,0.9817,0.0190,0.0239
0,7,4,6,0.2188,0.4182,0.9166,0.0679,0.0513
0,7,4,7,0.1860,0.4041,0.9455,0.0012,0.0304
0,7,4,8,0.3440,0.4933,0.9455,0.1060,0.0092
0,7,4,9,0.1936,0.3737,0.9326,0.0423,0.0562
0,7,4,10,0.2941,0.4644,0.8986,0.0247,0.0144
0,7,4,11,0.3226,0.4305,0.8534,0.0846,0.0191
0,7,5,0,0.2236,0.3755,0.9456,0.0253,0.0294
0,7,5,1,0.3086,0.4680,0.9297,0.0834,0.0143
0,7,5,2,0.3614,0.4726,0.8765,0.1010,0.0160
0,7,5,3,0.2376,0.4028,0.9316,-0.0013,0.0135
0,7,5,4,0.1964,0.3629,0.9872,0.0018,0.0303
0,7,5,5,0.2765,0.3947,0.8858,0.0246,0.0161
0,7,5,6,0.3055,0.4432,0.8571,0.0538,0.0224
0,7,5,7,0.2630,0.4337,0.9632,0.0589,0.0208
0,7,5,8,0.3814,0.5159,0.9022,0.1429,0.0170
0,7,5,9,0.3253,0.4722,0.8721,0.0207,0.0195
0,7,5,10,0.2852,0.4634,0.9451,0.0526,0.0119
0,7,5,11,0.2629,0.4201,0.9696,0.0674,0.0226
0,8,0,0,0.4679,0.5909,0.9862,0.0808,0.0397
0,8,0,1,0.4414,0.5828,0.8837,0.2215,0.0202
0,8,0,2,0.1742,0.4451,0.8806,0.0006,0.0566
0,8,0,3,0.1799,0.3692,0.9907,-0.0581,0.0258
0,8,0,4,0.4105,0.6169,1.0000,0.1220,0.0342
0,8,0,5,0.3886,0.5751,0.9444,0.1383,0.0109
0,8,0,6,0.4461,0.5831,0.9832,0.1492,0.0287
0,8,0,7,0.2944,0.5308,0.9194,0.0414,0.0123
0,8,0,8,1.0000,1.0000,1.0000,1.0000,0.0000
0,8,0,9,0.2365,0.4064,0.9824,0.0024,0.0175
0,8,0,10,0.5846,0.7933,0.8581,0.4965,0.0414
0,8,0,11,0.4709,0.5755,0.9997,0.2368,0.0141
0,8,1,0,0.4935,0.7704,0.8300,0.4234,0.0772
0,8,1,1,0.3785,0.4938,0.9870,0.1677,0.0171
0,8,1,2,0.3872,0.4945,0.9962,0.1486,0.0100
0,8,1,3,0.5071,0.5492,0.9918,0.2848,0.0172
0,8,1,4,0.3191,0.5095,0.9991,0.0881,0.0135
0,8,1,5,0.4236,0.4920,0.9989,0.1833,0.0083
0,8,1,6,0.2031,0.4492,0.9357,-0.0152,0.0265
0,8,1,7,0.4822,0.5232,0.9774,0.2361,0.0243
0,8,1,8,0.3500,0.5359,0.9808,0.1372,0.0157
0,8,1,9,0.4900,0.7773,0.8271,0.4172,0.0751
0,8,1,10,0.4607,0.5092,0.9894,0.2655,0.0130
0,8,1,11,0.6838,0.6871,0.9991,0.5608,0.0120
0,8,2,0,0.4165,0.6152,0.9932,0.2484,0.0233
0,8,2,1,0.3664,0.6543,0.9990,0.0087,0.0365
0,8,2,2,0.3522,0.5607,0.9990,0.1230,0.0139
0,8,2,3,0.3112,0.5004,0.9980,0.1753,0.0590
0,8,2,4,0.3761,0.6266,0.9994,0.1452,0.0166
0,8,2,5,0.6100,0.7534,0.9667,0.5235,0.0351
0,8,2,6,0.3181,0.4515,1.0000,0.1361,0.0303
0,8,2,7,0.2873,0.5156,0.9905,0.1194,0.0441
0,8,2,8,0.4104,0.6120,0.9992,0.2460,0.0269
0,8,2,9,0.3885,0.5763,0.9969,0.1819,0.0162
0,8,2,10,0.2339,0.4636,0.9983,-0.0243,0.0126
0,8,2,11,0.5245,0.7398,0.9557,0.4050,0.0327
0,8,3,0,0.2813,0.4875,0.9991,0.0758,0.0269
0,8,3,1,0.3625,0.5812,0.9908,0.2055,0.0352
0,8,3,2,0.4228,0.5966,0.9826,0.2973,0.0463
0,8,3,3,0.3067,0.4379,0.9988,0.1618,0.0581
0,8,3,4,0.2201,0.4583,0.9698,0.0394,0.0429
0,8,3,5,0.4183,0.5949,0.9977,0.1894,0.0166
0,8,3,6,0.3120,0.4452,0.9990,0.1882,0.0707
0,8,3,7,0.2934,0.4531,0.9999,0.1586,0.0651
0,8,3,8,0.4828,0.6455,0.9888,0.3217,0.0159
0,8,3,9,0.2975,0.4588,0.9999,0.1103,0.0298
0,8,3,10,0.4643,0.7016,0.9474,0.3440,0.0430
0,8,3,11,0.3090,0.4891,0.9997,0.1597,0.0529
0,8,4,0,0.3766,0.5083,0.9967,0.2258,0.0408
0,8,4,1,0.3823,0.5642,0.9967,0.2329,0.0415
0,8,4,2,0.3704,0.5423,0.9957,0.1132,0.0151
0,8,4,3,0.3399,0.4556,0.9999,0.1673,0.0350
0,8,4,4,0.3474,0.4670,0.9993,0.2024,0.0532
0,8,4,5,0.5227,0.6612,0.9775,0.3105,0.0229
0,8,4,6,0.2869,0.4788,1.0000,0.1392,0.0585
0,8,4,7,0.3844,0.5059,0.9974,0.2358,0.0375
0,8,4,8,0.4435,0.5472,0.9974,0.2193,0.0078
0,8,4,9,0.3125,0.4510,0.9994,0.1765,0.0633
0,8,4,10,0.4922,0.6469,0.9987,0.2769,0.0168
0,8,4,11,0.4393,0.5634,0.9896,0.2208,0.0206
0,8,5,0,0.2869,0.5099,0.9974,0.0875,0.0309
0,8,5,1,0.3240,0.5446,0.9996,0.0806,0.0084
0,8,5,2,0.3716,0.5734,0.9952,0.0856,0.0107
0,8,5,3,0.3170,0.5872,0.9995,0.0808,0.0127
0,8,5,4,0.3033,0.5103,0.9703,0.1198,0.0358
0,8,5,5,0.3935,0.5630,0.9969,0.1595,0.0082
0,8,5,6,0.3909,0.5667,0.9906,0.1459,0.0127
0,8,5,7,0.2967,0.5229,0.9913,0.0826,0.0215
0,8,5,8,0.3210,0.5454,0.9991,0.0292,0.0114
0,8,5,9,0.3651,0.5875,0.9943,0.0450,0.0163
0,8,5,10,0.3186,0.5912,0.9975,0.0735,0.0091
0,8,5,11,0.2879,0.5256,0.9877,0.0804,0.0261
0,9,0,0,0.6135,0.6531,0.9380,0.4855,0.0536
0,9,0,1,0.2179,0.4911,0.9556,-0.0197,0.0272
0,9,0,2,0.3652,0.6376,0.9536,0.2615,0.0423
0,9,0,3,0.2556,0.4848,0.9987,0.0865,0.0150
0,9,0,4,0.4197,0.6763,0.9824,0.2098,0.0467
0,9,0,5,0.4684,0.4918,0.9892,0.3039,0.0243
0,9,0,6,0.4627,0.6814,1.0000,0.2562,0.0443
0,9,0,7,0.7855,0.8043,0.9767,0.7277,0.0152
0,9,0,8,0.2365,0.4064,0.9824,0.0024,0.0175
0,9,0,9,1.0000,1.0000,1.0000,1.0000,0.0000
0,9,0,10,0.2548,0.5400,0.9389,0.1141,0.0278
0,9,0,11,0.7549,0.8235,0.9866,0.6832,0.0274
0,9,1,0,0.1277,0.4736,0.9195,0.0049,0.0633
0,9,1,1,0.6077,0.7634,0.9996,0.5045,0.0180
0,9,1,2,0.7935,0.7913,0.9624,0.7361,0.0184
0,9,1,3,0.6501,0.7974,0.9505,0.5393,0.0302
0,9,1,4,0.6092,0.7921,0.9893,0.5065,0.0189
0,9,1,5,0.6122,0.7869,0.9724,0.4933,0.0239
0,9,1,6,0.4286,0.5721,0.9851,0.3059,0.0144
0,9,1,7,0.6774,0.7875,0.9208,0.5752,0.0380
0,9,1,8,0.4967,0.7530,1.0000,0.3680,0.0165
0,9,1,9,0.1041,0.4467,0.9175,-0.0243,0.0612
0,9,1,10,0.6628,0.7531,0.9991,0.5697,0.0189
0,9,1,11,0.6024,0.7615,0.9896,0.4859,0.0194
0,9,2,0,0.1840,0.2501,0.9975,-0.0031,0.0133
0,9,2,1,0.2261,0.4573,0.9730,-0.1081,0.0491
0,9,2,2,0.3060,0.4098,0.9732,0.1154,0.0223
0,9,2,3,0.1806,0.2508,0.9923,0.0469,0.0451
0,9,2,4,0.2307,0.3142,0.9756,0.0102,0.0238
0,9,2,5,0.1915,0.3188,0.9975,0.0326,0.0220
0,9,2,6,0.1779,0.2496,0.9826,0.0033,0.0178
0,9,2,7,0.1594,0.2894,0.9988,0.0001,0.0269
0,9,2,8,0.2104,0.2648,0.9893,0.0345,0.0205
0,9,2,9,0.2747,0.3368,0.9647,0.0836,0.0214
0,9,2,10,0.2487,0.3839,0.9916,0.0517,0.0147
0,9,2,11,0.1741,0.3680,0.9938,0.0017,0.0201
0,9,3,0,0.2113,0.3153,0.9737,0.0336,0.0198
0,9,3,1,0.1662,0.2520,0.9986,0.0000,0.0210
0,9,3,2,0.1680,0.2788,1.0000,0.0161,0.0314
0,9,3,3,0.1544,0.2125,0.9904,0.0093,0.0444
0,9,3,4,0.1159,0.3120,0.9983,-0.0475,0.0296
0,9,3,5,0.2164,0.2977,0.9928,-0.0216,0.0274
0,9,3,6,0.1476,0.1900,0.9899,0.0182,0.0565
0,9,3,7,0.1585,0.2070,0.9845,0.0254,0.0509
0,9,3,8,0.2024,0.2772,0.9434,0.0060,0.0118
0,9,3,9,0.1841,0.2593,0.9849,0.0114,0.0166
0,9,3,10,0.1382,0.2943,0.9905,-0.0252,0.0286
0,9,3,11,0.1862,0.2555,0.9869,0.0427,0.0387
0,9,4,0,0.1998,0.2352,0.9944,0.0425,0.0306
0,9,4,1,0.2043,0.2547,0.9943,0.0477,0.0281
0,9,4,2,0.2434,0.3834,0.9608,0.0057,0.0269
0,9,4,3,0.1766,0.2458,0.9793,0.0045,0.0218
0,9,4,4,0.1614,0.2217,0.9885,0.0085,0.0394
0,9,4,5,0.2630,0.3436,0.9997,0.0119,0.0353
0,9,4,6,0.1999,0.2576,0.9811,0.0648,0.0448
0,9,4,7,0.1621,0.2155,0.9934,-0.0028,0.0242
0,9,4,8,0.3295,0.4375,0.9933,0.1225,0.0204
0,9,4,9,0.1518,0.2089,0.9883,0.0126,0.0497
0,9,4,10,0.2703,0.3436,0.9718,0.0332,0.0276
0,9,4,11,0.2935,0.3355,0.9453,0.0815,0.0302
0,9,5,0,0.1144,0.2037,0.9934,-0.0813,0.0261
0,9,5,1,0.1447,0.2479,0.9871,-0.0945,0.0153
0,9,5,2,0.2498,0.3110,0.9594,-0.0113,0.0266
0,9,5,3,0.1732,0.2686,0.9879,-0.0493,0.0151
0,9,5,4,0.0766,0.2093,0.9984,-0.1171,0.0240
0,9,5,5,0.1786,0.2365,0.9648,-0.0665,0.0183
0,9,5,6,0.2122,0.2732,0.9477,-0.0321,0.0209
0,9,5,7,0.1342,0.2084,0.9984,-0.0727,0.0162
0,9,5,8,0.2981,0.3131,0.9737,0.0678,0.0267
0,9,5,9,0.2331,0.2991,0.9568,-0.0624,0.0317
0,9,5,10,0.1625,0.2532,0.9932,-0.0714,0.0146
0,9,5,11,0.1175,0.1999,0.9995,-0.0849,0.0184
0,10,0,0,0.3632,0.5313,0.7614,0.1315,0.0775
0,10,0,1,0.2647,0.5935,0.9986,0.0923,0.0504
0,10,0,2,0.1962,0.6243,0.9990,0.0889,0.0166
0,10,0,3,0.1774,0.5067,0.9201,0.0296,0.0184
0,10,0,4,0.3859,0.6086,0.8582,0.2215,0.0683
0,10,0,5,0.2626,0.5644,0.9792,0.0838,0.0474
0,10,0,6,0.3437,0.5870,0.9374,0.1503,0.0679
0,10,0,7,0.2536,0.5816,0.9909,0.0919,0.0368
0,10,0,8,0.5846,0.7933,0.8581,0.4965,0.0414
0,10,0,9,0.2548,0.5400,0.9389,0.1141,0.0278
0,10,0,10,1.0000,1.0000,1.0000,1.0000,0.0000
0,10,0,11,0.4600,0.6196,0.8700,0.3302,0.0514
0,10,1,0,0.8978,0.9306,0.9986,0.8898,0.0364
0,10,1,1,0.4311,0.5945,0.9294,0.3159,0.0328
0,10,1,2,0.3756,0.5071,0.8101,0.2339,0.0402
0,10,1,3,0.4658,0.5277,0.7854,0.3362,0.0540
0,10,1,4,0.3749,0.5617,0.8787,0.2473,0.0355
0,10,1,5,0.4295,0.4855,0.8327,0.2956,0.0467
0,10,1,6,0.1148,0.6259,0.9841,-0.0364,0.0205
0,10,1,7,0.4644,0.5310,0.7303,0.3305,0.0617
0,10,1,8,0.3757,0.5628,0.9418,0.2518,0.0367
0,10,1,9,0.8984,0.9338,0.9983,0.8900,0.0344
0,10,1,10,0.4223,0.5562,0.9236,0.2993,0.0394
0,10,1,11,0.5233,0.6028,0.8795,0.4200,0.0436
0,10,2,0,0.2735,0.5568,0.9121,0.1421,0.0204
0,10,2,1,0.2429,0.6148,0.8341,-0.0029,0.0727
0,10,2,2,0.2337,0.4966,0.8346,0.0693,0.0387
0,10,2,3,0.1626,0.4105,0.8889,0.0530,0.0182
0,10,2,4,0.2161,0.5192,0.8405,0.0407,0.0440
0,10,2,5,0.4686,0.7284,0.9609,0.3856,0.0124
0,10,2,6,0.2120,0.3956,0.8585,0.0793,0.0166
0,10,2,7,0.1846,0.4908,0.9206,0.0616,0.0103
0,10,2,8,0.1965,0.4721,0.8785,0.0548,0.0251
0,10,2,9,0.2600,0.4958,0.8152,0.1077,0.0341
0,10,2,10,0.1755,0.4680,0.8863,0.0055,0.0354
0,10,2,11,0.5565,0.7285,0.9712,0.4834,0.0147
0,10,3,0,0.1730,0.4267,0.8357,0.0256,0.0238
0,10,3,1,0.1839,0.4554,0.9196,0.0546,0.0131
0,10,3,2,0.3183,0.5554,0.9386,0.2190,0.0082
0,10,3,3,0.1769,0.3534,0.8822,0.0641,0.0172
0,10,3,4,0.1703,0.5361,0.9574,0.0483,0.0087
0,10,3,5,0.3367,0.5479,0.8910,0.1835,0.0474
0,10,3,6,0.1726,0.3420,0.8807,0.0719,0.0296
0,10,3,7,0.1537,0.3531,0.8639,0.0464,0.0237
0,10,3,8,0.2541,0.5162,0.7717,0.1098,0.0275
0,10,3,9,0.2142,0.4341,0.8651,0.0824,0.0126
0,10,3,10,0.3611,0.6794,0.9773,0.2648,0.0065
0,10,3,11,0.1630,0.3967,0.8710,0.0450,0.0120
0,10,4,0,0.2412,0.4516,0.8972,0.1225,0.0075
0,10,4,1,0.2315,0.4604,0.8967,0.1111,0.0118
0,10,4,2,0.2314,0.4605,0.8068,0.0443,0.0448
0,10,4,3,0.2198,0.3912,0.8497,0.0904,0.0129
0,10,4,4,0.1927,0.3630,0.8761,0.0753,0.0185
0,10,4,5,0.4227,0.6218,0.9470,0.2806,0.0564
0,10,4,6,0.1453,0.3839,0.8544,0.0296,0.0178
0,10,4,7,0.2403,0.4327,0.8930,0.1214,0.0124
0,10,4,8,0.3179,0.5478,0.8930,0.1566,0.0412
0,10,4,9,0.1636,0.3491,0.8755,0.0537,0.0226
0,10,4,10,0.3299,0.5366,0.8313,0.1653,0.0482
0,10,4,11,0.2656,0.4452,0.7753,0.0950,0.0451
0,10,5,0,0.1368,0.3938,0.8931,-0.0142,0.0148
0,10,5,1,0.1494,0.4570,0.8717,-0.0375,0.0344
0,10,5,2,0.2505,0.4867,0.8036,0.0505,0.0479
0,10,5,3,0.2135,0.4841,0.8741,0.0478,0.0303
0,10,5,4,0.1764,0.3959,0.9568,0.0395,0.0155
0,10,5,5,0.2397,0.4579,0.8152,0.0639,0.0378
0,10,5,6,0.2009,0.4553,0.7799,0.0080,0.0426
0,10,5,7,0.1235,0.4513,0.9183,-0.0420,0.0207
0,10,5,8,0.2049,0.5533,0.8359,0.0012,0.0496
0,10,5,9,0.2468,0.5139,0.7982,0.0263,0.0551
0,10,5,10,0.1625,0.5065,0.8924,-0.0211,0.0345
0,10,5,11,0.1270,0.4348,0.9279,-0.0314,0.0178
0,11,0,0,0.6603,0.7167,0.9821,0.4073,0.0277
0,11,0,1,0.3828,0.6853,0.8946,0.1125,0.0090
0,11,0,2,0.5516,0.7478,0.8915,0.4710,0.0651
0,11,0,3,0.5453,0.6741,0.9936,0.4086,0.0373
0,11,0,4,0.5749,0.8006,0.9997,0.3414,0.0252
0,11,0,5,0.5477,0.6663,0.9519,0.3417,0.0109
0,11,0,6,0.4332,0.6855,0.9873,0.0885,0.0194
0,11,0,7,0.7384,0.8476,0.9285,0.6383,0.0139
0,11,0,8,0.4709,0.5755,0.9997,0.2368,0.0141
0,11,0,9,0.7549,0.8235,0.9866,0.6832,0.0274
0,11,0,10,0.4600,0.6196,0.8700,0.3302,0.0514
0,11,0,11,1.0000,1.0000,1.0000,1.0000,0.0000
0,11,1,0,0.3468,0.5457,0.8430,0.2360,0.0833
0,11,1,1,0.7370,0.8343,0.9906,0.6441,0.0289
0,11,1,2,0.7770,0.8119,0.9938,0.6821,0.0198
0,11,1,3,0.7255,0.7938,0.9885,0.5865,0.0090
0,11,1,4,0.7039,0.8684,0.9998,0.5982,0.0181
0,11,1,5,0.6178,0.7420,0.9975,0.4402,0.0094
0,11,1,6,0.2213,0.5097,0.9438,-0.0142,0.0309
0,11,1,7,0.7795,0.8463,0.9722,0.6621,0.0138
0,11,1,8,0.5671,0.7812,0.9851,0.4146,0.0169
0,11,1,9,0.3255,0.5250,0.8402,0.2065,0.0812
0,11,1,10,0.6627,0.7052,0.9926,0.5300,0.0145
0,11,1,11,0.6380,0.7280,0.9998,0.4824,0.0135
0,11,2,0,0.3415,0.4329,0.9957,0.1315,0.0329
0,11,2,1,0.3734,0.6001,0.9976,-0.0266,0.0242
0,11,2,2,0.4199,0.5633,0.9977,0.1932,0.0146
0,11,2,3,0.2816,0.3912,0.9992,0.1258,0.0651
0,11,2,4,0.3595,0.4851,0.9984,0.0965,0.0139
0,11,2,5,0.3356,0.4710,0.9725,0.1590,0.0421
0,11,2,6,0.3489,0.4257,0.9997,0.1594,0.0367
0,11,2,7,0.3681,0.4520,0.9935,0.2095,0.0546
0,11,2,8,0.3334,0.4233,0.9998,0.1275,0.0313
0,11,2,9,0.4248,0.5155,0.9948,0.2109,0.0202
0,11,2,10,0.4182,0.5843,0.9994,0.2030,0.0199
0,11,2,11,0.3496,0.5057,0.9624,0.1645,0.0456
0,11,3,0,0.3294,0.4604,0.9978,0.1196,0.0313
0,11,3,1,0.2817,0.4037,0.9938,0.0849,0.0418
0,11,3,2,0.3071,0.4122,0.9867,0.1370,0.0550
0,11,3,3,0.2916,0.3619,0.9997,0.1295,0.0639
0,11,3,4,0.3871,0.5184,0.9753,0.2396,0.0549
0,11,3,5,0.3895,0.4911,0.9990,0.1222,0.0142
0,11,3,6,0.2675,0.3292,0.9998,0.1215,0.0766
0,11,3,7,0.2858,0.3526,0.9999,0.1374,0.0709
0,11,3,8,0.3628,0.4469,0.9849,0.1426,0.0238
0,11,3,9,0.3688,0.4444,1.0000,0.1869,0.0392
0,11,3,10,0.2736,0.4205,0.9547,0.0856,0.0523
0,11,3,11,0.3184,0.4004,1.0000,0.1586,0.0599
0,11,4,0,0.3055,0.3905,0.9983,0.1191,0.0481
0,11,4,1,0.3182,0.4039,0.9984,0.1355,0.0482
0,11,4,2,0.3900,0.5233,0.9932,0.1125,0.0122
0,11,4,3,0.3432,0.4119,0.9992,0.1555,0.0424
0,11,4,4,0.2949,0.3628,0.9999,0.1216,0.0591
0,11,4,5,0.4296,0.5220,0.9823,0.1452,0.0158
0,11,4,6,0.2996,0.3943,0.9995,0.1424,0.0644
0,11,4,7,0.3057,0.3900,0.9988,0.1194,0.0433
0,11,4,8,0.3870,0.4937,0.9988,0.1120,0.0113
0,11,4,9,0.2919,0.3533,0.9999,0.1384,0.0687
0,11,4,10,0.4160,0.4925,0.9973,0.1395,0.0140
0,11,4,11,0.4053,0.4651,0.9859,0.1476,0.0203
0,11,5,0,0.1774,0.3538,0.9988,-0.0797,0.0432
0,11,5,1,0.2423,0.4274,1.0000,-0.0611,0.0210
0,11,5,2,0.3344,0.4659,0.9926,-0.0050,0.0156
0,11,5,3,0.2577,0.4104,1.0000,-0.0275,0.0239
0,11,5,4,0.1645,0.3463,0.9758,-0.0827,0.0441
0,11,5,5,0.2696,0.3923,0.9948,-0.0441,0.0203
0,11,5,6,0.3034,0.4352,0.9871,-0.0087,0.0241
0,11,5,7,0.1758,0.3778,0.9941,-0.1042,0.0328
0,11,5,8,0.3152,0.4874,0.9979,-0.0135,0.0154
0,11,5,9,0.3284,0.4587,0.9914,-0.0529,0.0124
0,11,5,10,0.2289,0.4379,0.9989,-0.0798,0.0198
0,11,5,11,0.1716,0.3738,0.9911,-0.0980,0.0360
1,0,0,0,0.2488,0.4903,0.7264,0.0420,0.1088
1,0,0,1,0.2564,0.6005,0.9945,0.1323,0.0810
1,0,0,2,0.0851,0.5732,0.9952,-0.0070,0.0224
1,0,0,3,0.0992,0.4963,0.8983,-0.0217,0.0549
1,0,0,4,0.1982,0.5035,0.8301,0.0331,0.0937
1,0,0,5,0.1761,0.4868,0.9673,0.0289,0.0820
1,0,0,6,0.2772,0.5900,0.9178,0.1280,0.0995
1,0,0,7,0.1560,0.4881,0.9825,0.0204,0.0706
1,0,0,8,0.4935,0.7704,0.8300,0.4234,0.0772
1,0,0,9,0.1277,0.4736,0.9195,0.0049,0.0633
1,0,0,10,0.8978,0.9306,0.9986,0.8898,0.0364
1,0,0,11,0.3468,0.5457,0.8430,0.2360,0.0833
1,0,1,0,1.0000,1.0000,1.0000,1.0000,0.0000
1,0,1,1,0.3119,0.5508,0.9088,0.2113,0.0690
1,0,1,2,0.1937,0.4086,0.7782,0.0566,0.0765
1,0,1,3,0.3455,0.4661,0.7519,0.2330,0.0873
1,0,1,4,0.1963,0.4478,0.8525,0.0744,0.0659
1,0,1,5,0.2325,0.3816,0.8025,0.0970,0.0823
1,0,1,6,0.0709,0.6590,0.9734,-0.0480,0.0520
1,0,1,7,0.3552,0.4780,0.6934,0.2424,0.0918
1,0,1,8,0.2067,0.4718,0.9228,0.0902,0.0675
1,0,1,9,0.9941,0.9957,1.0000,0.9936,0.0023
1,0,1,10,0.3686,0.5418,0.9022,0.2748,0.0706
1,0,1,11,0.3965,0.5494,0.8534,0.3049,0.0790
1,0,2,0,0.1650,0.5212,0.8893,0.0528,0.0554
1,0,2,1,0.1613,0.5524,0.8041,-0.0406,0.1019
1,0,2,2,0.1180,0.4368,0.8046,-0.0235,0.0690
1,0,2,3,0.0756,0.3965,0.8636,-0.0156,0.0182
1,0,2,4,0.1393,0.4847,0.8109,-0.0034,0.0736
1,0,2,5,0.2938,0.6403,0.9451,0.2122,0.0429
1,0,2,6,0.1099,0.3630,0.8304,-0.0022,0.0470
1,0,2,7,0.0890,0.4791,0.8988,-0.0142,0.0397
1,0,2,8,0.1042,0.4620,0.8522,-0.0138,0.0524
1,0,2,9,0.1469,0.4522,0.7837,0.0162,0.0633
1,0,2,10,0.0618,0.4313,0.8608,-0.0837,0.0714
1,0,2,11,0.4451,0.6879,0.9574,0.3793,0.0508
1,0,3,0,0.0740,0.3863,0.8057,-0.0497,0.0528
1,0,3,1,0.1086,0.4520,0.8977,0.0028,0.0430
1,0,3,2,0.2157,0.5246,0.9192,0.1303,0.0329
1,0,3,3,0.0909,0.3359,0.8563,-0.0029,0.0197
1,0,3,4,0.0847,0.5322,0.9409,-0.0164,0.0372
1,0,3,5,0.2086,0.5020,0.8660,0.0736,0.0765
1,0,3,6,0.0939,0.3282,0.8546,0.0105,0.0074
1,0,3,7,0.0760,0.3388,0.8363,-0.0125,0.0125
1,0,3,8,0.1593,0.4938,0.7372,0.0387,0.0629
1,0,3,9,0.1063,0.4119,0.8376,-0.0059,0.0478
1,0,3,10,0.2465,0.6367,0.9648,0.1619,0.0354
1,0,3,11,0.0806,0.3889,0.8440,-0.0168,0.0270
1,0,4,0,0.1413,0.4413,0.8728,0.0409,0.0363
1,0,4,1,0.1350,0.4334,0.8722,0.0337,0.0362
1,0,4,2,0.1259,0.4146,0.7746,-0.0332,0.0750
1,0,4,3,0.1313,0.3668,0.8209,0.0237,0.0431
1,0,4,4,0.1123,0.3555,0.8496,0.0154,0.0242
1,0,4,5,0.2844,0.5734,0.9289,0.1560,0.0842
1,0,4,6,0.0638,0.3634,0.8260,-0.0316,0.0187
1,0,4,7,0.1417,0.4202,0.8682,0.0413,0.0400
1,0,4,8,0.2217,0.5423,0.8681,0.0872,0.0757
1,0,4,9,0.0824,0.3366,0.8489,-0.0084,0.0142
1,0,4,10,0.2404,0.5251,0.8010,0.1050,0.0783
1,0,4,11,0.1632,0.4248,0.7411,0.0191,0.0702
1,0,5,0,0.1108,0.3879,0.8683,-0.0053,0.0487
1,0,5,1,0.1086,0.4239,0.8447,-0.0369,0.0703
1,0,5,2,0.1846,0.4580,0.7713,0.0256,0.0827
1,0,5,3,0.1730,0.4700,0.8474,0.0448,0.0661
1,0,5,4,0.1545,0.3998,0.9402,0.0498,0.0425
1,0,5,5,0.1918,0.4488,0.7837,0.0554,0.0741
1,0,5,6,0.1471,0.4300,0.7459,-0.0048,0.0785
1,0,5,7,0.0844,0.4259,0.8962,-0.0448,0.0568
1,0,5,8,0.1387,0.5390,0.8059,-0.0245,0.0858
1,0,5,9,0.1833,0.4895,0.7655,0.0089,0.0899
1,0,5,10,0.1240,0.4786,0.8675,-0.0184,0.0701
1,0,5,11,0.0971,0.4116,0.9070,-0.0252,0.0513
1,1,0,0,0.5759,0.6820,0.9469,0.3704,0.0549
1,1,0,1,0.2925,0.5845,0.9474,0.0546,0.0322
1,1,0,2,0.6461,0.7715,0.9452,0.5907,0.0479
1,1,0,3,0.5653,0.6871,0.9997,0.4577,0.0158
1,1,0,4,0.4616,0.6449,0.9871,0.2429,0.0505
1,1,0,5,0.4596,0.5799,0.9849,0.2721,0.0251
1,1,0,6,0.4865,0.6927,0.9998,0.2621,0.0420
1,1,0,7,0.5567,0.7516,0.9707,0.4205,0.0222
1,1,0,8,0.3785,0.4938,0.9870,0.1677,0.0171
1,1,0,9,0.6077,0.7634,0.9996,0.5045,0.0180
1,1,0,10,0.4311,0.5945,0.9294,0.3159,0.0328
1,1,0,11,0.7370,0.8343,0.9906,0.6441,0.0289
1,1,1,0,0.3119,0.5508,0.9088,0.2113,0.0690
1,1,1,1,1.0000,1.0000,1.0000,1.0000,0.0000
1,1,1,2,0.6895,0.7730,0.9693,0.5874,0.0111
1,1,1,3,0.6766,0.7498,0.9584,0.5587,0.0318
1,1,1,4,0.5920,0.7080,0.9929,0.4730,0.0246
1,1,1,5,0.5664,0.6627,0.9783,0.4144,0.0217
1,1,1,6,0.1704,0.5405,0.9802,-0.0263,0.0215
1,1,1,7,0.7322,0.8077,0.9308,0.6346,0.0400
1,1,1,8,0.4649,0.6585,0.9994,0.3137,0.0255
1,1,1,9,0.2986,0.5254,0.9066,0.1937,0.0670
1,1,1,10,0.6947,0.7126,0.9999,0.6001,0.0252
1,1,1,11,0.5651,0.6629,0.9931,0.4213,0.0191
1,1,2,0,0.3709,0.4239,0.9990,0.2125,0.0176
1,1,2,1,0.3686,0.5134,0.9788,0.0724,0.0524
1,1,2,2,0.4160,0.5072,0.9790,0.2385,0.0221
1,1,2,3,0.2976,0.3918,0.9952,0.1745,0.0509
1,1,2,4,0.3646,0.4468,0.9811,0.1631,0.0310
1,1,2,5,0.2861,0.4137,0.9952,0.1329,0.0276
1,1,2,6,0.4062,0.4667,0.9871,0.2687,0.0260
1,1,2,7,0.4568,0.5267,0.9997,0.3470,0.0336
1,1,2,8,0.3253,0.3820,0.9928,0.1603,0.0282
1,1,2,9,0.4185,0.4960,0.9714,0.2492,0.0217
1,1,2,10,0.5054,0.5834,0.9946,0.3621,0.0153
1,1,2,11,0.3553,0.4995,0.9905,0.2084,0.0201
1,1,3,0,0.3469,0.4465,0.9794,0.1854,0.0270
1,1,3,1,0.2918,0.3635,0.9997,0.1377,0.0283
1,1,3,2,0.3265,0.4120,0.9997,0.1936,0.0368
1,1,3,3,0.3227,0.3852,0.9937,0.1981,0.0499
1,1,3,4,0.5053,0.6152,0.9964,0.4095,0.0335
1,1,3,5,0.3743,0.4499,0.9957,0.1642,0.0323
1,1,3,6,0.2891,0.3261,0.9933,0.1744,0.0627
1,1,3,7,0.3297,0.3633,0.9888,0.2174,0.0569
1,1,3,8,0.3538,0.4146,0.9519,0.1784,0.0203
1,1,3,9,0.4721,0.5073,0.9891,0.3508,0.0210
1,1,3,10,0.2777,0.4009,0.9865,0.1287,0.0344
1,1,3,11,0.3499,0.3945,0.9908,0.2269,0.0434
1,1,4,0,0.3182,0.3935,0.9968,0.1722,0.0326
1,1,4,1,0.3257,0.3826,0.9968,0.1811,0.0343
1,1,4,2,0.3923,0.5092,0.9679,0.1813,0.0261
1,1,4,3,0.3967,0.4436,0.9843,0.2594,0.0281
1,1,4,4,0.3063,0.3583,0.9922,0.1694,0.0458
1,1,4,5,0.3703,0.4584,0.9987,0.1329,0.0399
1,1,4,6,0.3264,0.3896,0.9859,0.2044,0.0499
1,1,4,7,0.3129,0.3753,0.9961,0.1657,0.0301
1,1,4,8,0.4099,0.5246,0.9961,0.2076,0.0190
1,1,4,9,0.3144,0.3597,0.9920,0.1943,0.0551
1,1,4,10,0.3824,0.4546,0.9778,0.1602,0.0301
1,1,4,11,0.3853,0.4353,0.9537,0.1809,0.0298
1,1,5,0,0.1681,0.3309,0.9961,-0.0342,0.0224
1,1,5,1,0.2502,0.3867,0.9910,0.0185,0.0130
1,1,5,2,0.3135,0.4393,0.9665,0.0485,0.0241
1,1,5,3,0.2450,0.3834,0.9917,0.0205,0.0136
1,1,5,4,0.1338,0.3315,0.9966,-0.0662,0.0291
1,1,5,5,0.2432,0.3702,0.9714,-0.0066,0.0134
1,1,5,6,0.2710,0.3917,0.9558,0.0207,0.0190
1,1,5,7,0.1683,0.3380,0.9996,-0.0509,0.0186
1,1,5,8,0.3123,0.4608,0.9795,0.0611,0.0228
1,1,5,9,0.2974,0.4251,0.9642,-0.0025,0.0315
1,1,5,10,0.2212,0.3820,0.9959,-0.0192,0.0178
1,1,5,11,0.1658,0.3348,1.0000,-0.0451,0.0235
1,2,0,0,0.6557,0.7285,0.9969,0.4613,0.0448
1,2,0,1,0.3390,0.4800,0.8396,0.0844,0.0248
1,2,0,2,0.4595,0.6213,0.8359,0.3585,0.0565
1,2,0,3,0.3363,0.4801,0.9750,0.1494,0.0252
1,2,0,4,0.5753,0.7286,0.9962,0.3750,0.0411
1,2,0,5,0.5266,0.6498,0.9121,0.3372,0.0169
1,2,0,6,0.4271,0.5964,0.9636,0.1272,0.0327
1,2,0,7,0.7267,0.7794,0.8817,0.6312,0.0154
1,2,0,8,0.3872,0.4945,0.9962,0.1486,0.0100
1,2,0,9,0.7935,0.7913,0.9624,0.7361,0.0184
1,2,0,10,0.3756,0.5071,0.8101,0.2339,0.0402
1,2,0,11,0.7770,0.8119,0.9938,0.6821,0.0198
1,2,1,0,0.1937,0.4086,0.7782,0.0566,0.0765
1,2,1,1,0.6895,0.7730,0.9693,0.5874,0.0111
1,2,1,2,1.0000,1.0000,1.0000,1.0000,0.0000
1,2,1,3,0.8086,0.8691,0.9992,0.7265,0.0229
1,2,1,4,0.6947,0.7907,0.9917,0.5945,0.0207
1,2,1,5,0.7549,0.8499,0.9992,0.6554,0.0138
1,2,1,6,0.2549,0.4282,0.9014,0.0557,0.0256
1,2,1,7,0.7516,0.8181,0.9921,0.6401,0.0303
1,2,1,8,0.6276,0.7679,0.9601,0.5096,0.0202
1,2,1,9,0.1890,0.3958,0.7750,0.0485,0.0745
1,2,1,10,0.6158,0.6385,0.9730,0.4798,0.0208
1,2,1,11,0.6539,0.7141,0.9915,0.5221,0.0111
1,2,2,0,0.4716,0.5437,0.9792,0.3229,0.0230
1,2,2,1,0.3922,0.6361,0.9991,0.0587,0.0424
1,2,2,2,0.5715,0.6819,0.9991,0.4234,0.0185
1,2,2,3,0.4951,0.5766,0.9887,0.4057,0.0583
1,2,2,4,0.4771,0.5854,0.9985,0.2877,0.0236
1,2,2,5,0.4062,0.4978,0.9407,0.2660,0.0346
1,2,2,6,0.5112,0.6016,0.9961,0.3868,0.0296
1,2,2,7,0.4831,0.6117,0.9747,0.3693,0.0433
1,2,2,8,0.5081,0.5679,0.9918,0.3750,0.0278
1,2,2,9,0.5951,0.6679,1.0000,0.4618,0.0209
1,2,2,10,0.5267,0.6609,0.9895,0.3714,0.0101
1,2,2,11,0.4602,0.5656,0.9264,0.3246,0.0296
1,2,3,0,0.5360,0.6559,0.9990,0.4093,0.0271
1,2,3,1,0.4588,0.5387,0.9753,0.3304,0.0346
1,2,3,2,0.4856,0.5640,0.9627,0.3779,0.0467
1,2,3,3,0.4965,0.5627,0.9907,0.4008,0.0571
1,2,3,4,0.3662,0.5307,0.9449,0.2264,0.0424
1,2,3,5,0.4795,0.5656,0.9880,0.2791,0.0237
1,2,3,6,0.4900,0.5395,0.9912,0.4095,0.0702
1,2,3,7,0.4949,0.5596,0.9951,0.4100,0.0644
1,2,3,8,0.5036,0.5974,0.9980,0.3520,0.0176
1,2,3,9,0.5097,0.5944,0.9949,0.3855,0.0295
1,2,3,10,0.4064,0.5165,0.9159,0.2726,0.0432
1,2,3,11,0.4983,0.5750,0.9936,0.3988,0.0525
1,2,4,0,0.4932,0.5448,0.9857,0.3761,0.0400
1,2,4,1,0.5312,0.5868,0.9859,0.4241,0.0413
1,2,4,2,0.5449,0.6970,1.0000,0.3632,0.0198
1,2,4,3,0.5381,0.6119,0.9975,0.4238,0.0345
1,2,4,4,0.5036,0.5668,0.9924,0.4008,0.0526
1,2,4,5,0.5160,0.5811,0.9554,0.3059,0.0303
1,2,4,6,0.5339,0.6003,0.9968,0.4491,0.0581
1,2,4,7,0.4757,0.5410,0.9873,0.3539,0.0369
1,2,4,8,0.5665,0.6349,0.9873,0.3957,0.0122
1,2,4,9,0.5060,0.5697,0.9926,0.4187,0.0626
1,2,4,10,0.5312,0.6074,0.9993,0.3371,0.0229
1,2,4,11,0.5917,0.6495,0.9984,0.4359,0.0255
1,2,5,0,0.3502,0.5171,0.9872,0.1729,0.0286
1,2,5,1,0.3934,0.5582,0.9935,0.1796,0.0111
1,2,5,2,0.4768,0.6240,0.9999,0.2448,0.0155
1,2,5,3,0.3970,0.5479,0.9929,0.1928,0.0129
1,2,5,4,0.2415,0.4923,0.9456,0.0442,0.0361
1,2,5,5,0.4088,0.5487,1.0000,0.1856,0.0104
1,2,5,6,0.4834,0.5830,0.9988,0.2801,0.0143
1,2,5,7,0.3515,0.5163,0.9760,0.1584,0.0211
1,2,5,8,0.4495,0.5769,0.9990,0.2185,0.0125
1,2,5,9,0.4173,0.5720,0.9998,0.1313,0.0224
1,2,5,10,0.3852,0.5481,0.9875,0.1686,0.0127
1,2,5,11,0.3330,0.5047,0.9703,0.1430,0.0264
1,3,0,0,0.6045,0.7452,0.9993,0.2815,0.0236
1,3,0,1,0.3777,0.5505,0.8167,0.0994,0.0129
1,3,0,2,0.4024,0.5010,0.8128,0.2765,0.0686
1,3,0,3,0.3151,0.4133,0.9651,0.0941,0.0401
1,3,0,4,0.6021,0.6992,0.9918,0.3783,0.0218
1,3,0,5,0.4170,0.5820,0.8946,0.1455,0.0092
1,3,0,6,0.6010,0.7017,0.9518,0.3545,0.0171
1,3,0,7,0.5314,0.7444,0.8617,0.3436,0.0188
1,3,0,8,0.5071,0.5492,0.9918,0.2848,0.0172
1,3,0,9,0.6501,0.7974,0.9505,0.5393,0.0302
1,3,0,10,0.4658,0.5277,0.7854,0.3362,0.0540
1,3,0,11,0.7255,0.7938,0.9885,0.5865,0.0090
1,3,1,0,0.3455,0.4661,0.7519,0.2330,0.0873
1,3,1,1,0.6766,0.7498,0.9584,0.5587,0.0318
1,3,1,2,0.8086,0.8691,0.9992,0.7265,0.0229
1,3,1,3,1.0000,1.0000,1.0000,1.0000,0.0000
1,3,1,4,0.6335,0.7228,0.9856,0.4984,0.0222
1,3,1,5,0.8327,0.8525,0.9968,0.7541,0.0117
1,3,1,6,0.1992,0.4024,0.8830,-0.0486,0.0349
1,3,1,7,0.9024,0.9105,0.9964,0.8495,0.0088
1,3,1,8,0.6228,0.7095,0.9478,0.4897,0.0207
1,3,1,9,0.3165,0.4428,0.7485,0.1932,0.0853
1,3,1,10,0.6934,0.7264,0.9627,0.5715,0.0167
1,3,1,11,0.8045,0.8060,0.9853,0.7206,0.0167
1,3,2,0,0.3943,0.5000,0.9701,0.1994,0.0358
1,3,2,1,0.4071,0.6392,0.9965,0.0199,0.0197
1,3,2,2,0.5307,0.6518,0.9965,0.3455,0.0182
1,3,2,3,0.3992,0.5115,0.9817,0.2761,0.0690
1,3,2,4,0.4258,0.5814,0.9955,0.1857,0.0149
1,3,2,5,0.2968,0.4292,0.9261,0.1043,0.0449
1,3,2,6,0.4329,0.5170,0.9917,0.2689,0.0403
1,3,2,7,0.3949,0.5164,0.9648,0.2423,0.0576
1,3,2,8,0.4362,0.5508,0.9857,0.2628,0.0360
1,3,2,9,0.4941,0.6216,0.9988,0.3037,0.0236
1,3,2,10,0.4202,0.5707,0.9828,0.2016,0.0221
1,3,2,11,0.3600,0.5483,0.9102,0.1751,0.0477
1,3,3,0,0.4346,0.5915,0.9963,0.2582,0.0350
1,3,3,1,0.3906,0.5204,0.9655,0.2261,0.0457
1,3,3,2,0.3856,0.5388,0.9508,0.2375,0.0577
1,3,3,3,0.4134,0.4893,0.9844,0.2860,0.0675
1,3,3,4,0.2856,0.4327,0.9307,0.1037,0.0571
1,3,3,5,0.4191,0.5362,0.9808,0.1596,0.0142
1,3,3,6,0.4144,0.4835,0.9849,0.3089,0.0808
1,3,3,7,0.4160,0.4971,0.9903,0.3037,0.0751
1,3,3,8,0.4515,0.5760,0.9998,0.2608,0.0256
1,3,3,9,0.4091,0.5150,0.9900,0.2379,0.0413
1,3,3,10,0.3163,0.5005,0.8988,0.1386,0.0552
1,3,3,11,0.4280,0.5273,0.9882,0.2997,0.0631
1,3,4,0,0.4083,0.4843,0.9780,0.2523,0.0508
1,3,4,1,0.4256,0.5303,0.9783,0.2751,0.0515
1,3,4,2,0.4774,0.6403,0.9994,0.2347,0.0159
1,3,4,3,0.4624,0.5320,0.9937,0.3118,0.0455
1,3,4,4,0.4311,0.5094,0.9865,0.2977,0.0625
1,3,4,5,0.4619,0.5717,0.9426,0.1877,0.0137
1,3,4,6,0.4418,0.5444,0.9927,0.3253,0.0679
1,3,4,7,0.3938,0.4809,0.9799,0.2330,0.0475
1,3,4,8,0.4819,0.5768,0.9800,0.2448,0.0153
1,3,4,9,0.4307,0.5011,0.9868,0.3165,0.0730
1,3,4,10,0.4889,0.6044,0.9970,0.2417,0.0161
1,3,4,11,0.5469,0.6302,0.9999,0.3474,0.0231
1,3,5,0,0.3651,0.4846,0.9799,0.1687,0.0462
1,3,5,1,0.3998,0.5210,0.9880,0.1560,0.0238
1,3,5,2,0.4726,0.5958,0.9996,0.1976,0.0157
1,3,5,3,0.4159,0.5352,0.9872,0.1889,0.0270
1,3,5,4,0.2942,0.4623,0.9315,0.0860,0.0479
1,3,5,5,0.4260,0.5198,0.9988,0.1751,0.0245
1,3,5,6,0.4954,0.5719,1.0000,0.2650,0.0265
1,3,5,7,0.3590,0.4756,0.9663,0.1410,0.0354
1,3,5,8,0.4090,0.5212,0.9963,0.1192,0.0144
1,3,5,9,0.4297,0.5569,0.9998,0.0987,0.0089
1,3,5,10,0.3924,0.5109,0.9802,0.1457,0.0217
1,3,5,11,0.3429,0.4654,0.9596,0.1294,0.0385
1,4,0,0,0.6073,0.6948,0.9785,0.4303,0.0437
1,4,0,1,0.3392,0.5545,0.9025,0.1174,0.0188
1,4,0,2,0.5049,0.7086,0.8995,0.4209,0.0483
1,4,0,3,0.5231,0.6213,0.9955,0.4049,0.0246
1,4,0,4,0.8852,0.8872,0.9991,0.8549,0.0327
1,4,0,5,0.3836,0.6464,0.9572,0.1693,0.0166
1,4,0,6,0.3625,0.5714,0.9900,0.0752,0.0352
1,4,0,7,0.5391,0.8405,0.9350,0.3976,0.0120
1,4,0,8,0.3191,0.5095,0.9991,0.0881,0.0135
1,4,0,9,0.6092,0.7921,0.9893,0.5065,0.0189
1,4,0,10,0.3749,0.5617,0.8787,0.2473,0.0355
1,4,0,11,0.7039,0.8684,0.9998,0.5982,0.0181
1,4,1,0,0.1963,0.4478,0.8525,0.0744,0.0659
1,4,1,1,0.5920,0.7080,0.9929,0.4730,0.0246
1,4,1,2,0.6947,0.7907,0.9917,0.5945,0.0207
1,4,1,3,0.6335,0.7228,0.9856,0.4984,0.0222
1,4,1,4,1.0000,1.0000,1.0000,1.0000,0.0000
1,4,1,5,0.7210,0.7718,0.9960,0.6252,0.0173
1,4,1,6,0.1971,0.4528,0.9496,0.0070,0.0201
1,4,1,7,0.6699,0.7685,0.9678,0.5456,0.0272
1,4,1,8,0.8773,0.8629,0.9881,0.8428,0.0112
1,4,1,9,0.1624,0.4430,0.8498,0.0323,0.0639
1,4,1,10,0.5181,0.5793,0.9946,0.3686,0.0074
1,4,1,11,0.6133,0.6955,1.0000,0.4857,0.0202
1,4,2,0,0.2932,0.3832,0.9972,0.1150,0.0187
1,4,2,1,0.4870,0.6400,0.9963,0.2554,0.0379
1,4,2,2,0.4907,0.5718,0.9963,0.3360,0.0072
1,4,2,3,0.1974,0.3428,0.9998,0.0544,0.0483
1,4,2,4,0.3794,0.4728,0.9972,0.1828,0.0092
1,4,2,5,0.3951,0.4869,0.9765,0.2665,0.0273
1,4,2,6,0.3018,0.4046,0.9992,0.1394,0.0207
1,4,2,7,0.2638,0.4040,0.9954,0.1118,0.0388
1,4,2,8,0.3008,0.4034,1.0000,0.1298,0.0142
1,4,2,9,0.4164,0.5002,0.9928,0.2466,0.0067
1,4,2,10,0.4524,0.5892,0.9999,0.2938,0.0158
1,4,2,11,0.3028,0.4503,0.9671,0.1437,0.0318
1,4,3,0,0.3144,0.4525,0.9965,0.1449,0.0150
1,4,3,1,0.2484,0.3798,0.9956,0.0845,0.0260
1,4,3,2,0.2318,0.3686,0.9895,0.0788,0.0392
1,4,3,3,0.2064,0.3283,1.0000,0.0580,0.0462
1,4,3,4,0.2827,0.4635,0.9791,0.1390,0.0404
1,4,3,5,0.4137,0.4819,0.9997,0.2172,0.0122
1,4,3,6,0.1775,0.2882,1.0000,0.0416,0.0587
1,4,3,7,0.1929,0.3091,0.9995,0.0539,0.0527
1,4,3,8,0.3191,0.4226,0.9817,0.1343,0.0121
1,4,3,9,0.3040,0.4074,0.9996,0.1428,0.0246
1,4,3,10,0.2381,0.3865,0.9599,0.0805,0.0369
1,4,3,11,0.2361,0.3608,0.9999,0.0893,0.0421
1,4,4,0,0.2268,0.3462,0.9992,0.0602,0.0331
1,4,4,1,0.2470,0.3672,0.9992,0.0848,0.0315
1,4,4,2,0.3482,0.5197,0.9910,0.1217,0.0115
1,4,4,3,0.2012,0.3827,0.9983,0.0177,0.0252
1,4,4,4,0.1645,0.3131,1.0000,-0.0026,0.0427
1,4,4,5,0.2769,0.5357,0.9855,0.0030,0.0213
1,4,4,6,0.2191,0.3505,0.9988,0.0753,0.0469
1,4,4,7,0.2391,0.3573,0.9995,0.0753,0.0272
1,4,4,8,0.1986,0.4739,0.9995,-0.0771,0.0115
1,4,4,9,0.1733,0.3113,1.0000,0.0250,0.0518
1,4,4,10,0.2990,0.4317,0.9958,0.0461,0.0136
1,4,4,11,0.2504,0.4056,0.9828,0.0008,0.0133
1,4,5,0,0.1768,0.3132,0.9995,-0.0233,0.0321
1,4,5,1,0.2050,0.4127,0.9999,-0.0405,0.0130
1,4,5,2,0.2947,0.4306,0.9902,0.0223,0.0180
1,4,5,3,0.2491,0.3703,1.0000,0.0260,0.0168
1,4,5,4,0.1690,0.3037,0.9796,-0.0226,0.0273
1,4,5,5,0.2446,0.3565,0.9928,-0.0045,0.0158
1,4,5,6,0.2746,0.3953,0.9841,0.0257,0.0228
1,4,5,7,0.1754,0.3611,0.9959,-0.0417,0.0198
1,4,5,8,0.2868,0.4670,0.9965,0.0262,0.0219
1,4,5,9,0.3012,0.4384,0.9889,0.0033,0.0248
1,4,5,10,0.2175,0.4188,0.9996,-0.0240,0.0105
1,4,5,11,0.1699,0.3525,0.9933,-0.0397,0.0215
1,5,0,0,0.6093,0.7310,0.9930,0.3354,0.0345
1,5,0,1,0.2773,0.4457,0.8605,-0.0209,0.0154
1,5,0,2,0.3938,0.5178,0.8571,0.2715,0.0628
1,5,0,3,0.2934,0.4060,0.9831,0.0810,0.0327
1,5,0,4,0.7140,0.7607,0.9989,0.5691,0.0300
1,5,0,5,0.4623,0.6390,0.9277,0.2315,0.0057
1,5,0,6,0.5104,0.6084,0.9734,0.2346,0.0223
1,5,0,7,0.4937,0.7869,0.8997,0.3046,0.0126
1,5,0,8,0.4236,0.4920,0.9989,0.1833,0.0083
1,5,0,9,0.6122,0.7869,0.9724,0.4933,0.0239
1,5,0,10,0.4295,0.4855,0.8327,0.2956,0.0467
1,5,0,11,0.6178,0.7420,0.9975,0.4402,0.0094
1,5,1,0,0.2325,0.3816,0.8025,0.0970,0.0823
1,5,1,1,0.5664,0.6627,0.9783,0.4144,0.0217
1,5,1,2,0.7549,0.8499,0.9992,0.6554,0.0138
1,5,1,3,0.8327,0.8525,0.9968,0.7541,0.0117
1,5,1,4,0.7210,0.7718,0.9960,0.6252,0.0173
1,5,1,5,1.0000,1.0000,1.0000,1.0000,0.0000
1,5,1,6,0.2400,0.4175,0.9179,0.0232,0.0304
1,5,1,7,0.7347,0.7680,0.9864,0.6035,0.0179
1,5,1,8,0.7925,0.8389,0.9704,0.7264,0.0159
1,5,1,9,0.2193,0.3814,0.7995,0.0780,0.0802
1,5,1,10,0.5506,0.6168,0.9814,0.3811,0.0141
1,5,1,11,0.7858,0.7965,0.9959,0.6989,0.0085
1,5,2,0,0.3957,0.5153,0.9865,0.2141,0.0290
1,5,2,1,0.4684,0.6585,1.0000,0.1549,0.0306
1,5,2,2,0.5735,0.6851,1.0000,0.4168,0.0143
1,5,2,3,0.3687,0.5147,0.9939,0.2432,0.0640
1,5,2,4,0.4288,0.5761,0.9999,0.2077,0.0161
1,5,2,5,0.3946,0.4808,0.9534,0.2436,0.0394
1,5,2,6,0.4027,0.5388,0.9988,0.2391,0.0351
1,5,2,7,0.3711,0.5290,0.9829,0.2204,0.0507
1,5,2,8,0.4152,0.5219,0.9961,0.2458,0.0311
1,5,2,9,0.5048,0.6366,0.9995,0.3311,0.0194
1,5,2,10,0.4308,0.5918,0.9945,0.2315,0.0123
1,5,2,11,0.3874,0.5446,0.9406,0.2228,0.0393
1,5,3,0,0.4322,0.6035,1.0000,0.2660,0.0306
1,5,3,1,0.3700,0.5027,0.9833,0.2093,0.0401
1,5,3,2,0.3786,0.5298,0.9727,0.2366,0.0522
1,5,3,3,0.3654,0.5016,0.9954,0.2310,0.0631
1,5,3,4,0.2874,0.4677,0.9572,0.1179,0.0494
1,5,3,5,0.4661,0.5706,0.9933,0.2460,0.0159
1,5,3,6,0.3642,0.4871,0.9957,0.2496,0.0758
1,5,3,7,0.3728,0.5067,0.9983,0.2539,0.0701
1,5,3,8,0.4614,0.5661,0.9947,0.2866,0.0197
1,5,3,9,0.4011,0.5328,0.9981,0.2379,0.0353
1,5,3,10,0.3395,0.5005,0.9312,0.1798,0.0491
1,5,3,11,0.3899,0.5313,0.9973,0.2571,0.0584
1,5,4,0,0.3811,0.4911,0.9916,0.2261,0.0460
1,5,4,1,0.3952,0.5390,0.9918,0.2440,0.0474
1,5,4,2,0.4614,0.6599,0.9990,0.2307,0.0166
1,5,4,3,0.4045,0.5514,0.9995,0.2446,0.0407
1,5,4,4,0.3739,0.5069,0.9965,0.2310,0.0586
1,5,4,5,0.4706,0.5959,0.9664,0.2230,0.0216
1,5,4,6,0.3978,0.5487,0.9992,0.2743,0.0634
1,5,4,7,0.3742,0.4949,0.9928,0.2172,0.0421
1,5,4,8,0.4411,0.5757,0.9928,0.2051,0.0092
1,5,4,9,0.3683,0.5020,0.9966,0.2422,0.0683
1,5,4,10,0.4515,0.5843,1.0000,0.2074,0.0176
1,5,4,11,0.5111,0.6251,0.9953,0.3117,0.0232
1,5,5,0,0.4084,0.4930,0.9928,0.2386,0.0367
1,5,5,1,0.4381,0.5399,0.9972,0.2268,0.0151
1,5,5,2,0.5529,0.6080,0.9987,0.3395,0.0135
1,5,5,3,0.4697,0.5292,0.9968,0.2789,0.0179
1,5,5,4,0.3606,0.4811,0.9578,0.1868,0.0420
1,5,5,5,0.4580,0.5151,0.9995,0.2391,0.0153
1,5,5,6,0.5177,0.5707,0.9960,0.3144,0.0204
1,5,5,7,0.4234,0.5093,0.9839,0.2421,0.0277
1,5,5,8,0.4964,0.5611,1.0000,0.2693,0.0083
1,5,5,9,0.5264,0.5832,0.9982,0.2767,0.0132
1,5,5,10,0.4230,0.5080,0.9930,0.2061,0.0141
1,5,5,11,0.4008,0.4940,0.9791,0.2209,0.0317
1,6,0,0,0.3403,0.5015,0.8646,0.0325,0.0578
1,6,0,1,0.2323,0.4831,0.9920,0.0245,0.0307
1,6,0,2,0.0863,0.6011,0.9911,-0.0519,0.0333
1,6,0,3,0.1339,0.5378,0.9751,-0.0429,0.0155
1,6,0,4,0.2109,0.5161,0.9358,-0.0525,0.0497
1,6,0,5,0.2449,0.4916,0.9997,0.0333,0.0289
1,6,0,6,0.4608,0.6615,0.9844,0.2839,0.0480
1,6,0,7,0.2136,0.4775,0.9990,0.0179,0.0184
1,6,0,8,0.2031,0.4492,0.9357,-0.0152,0.0265
1,6,0,9,0.4286,0.5721,0.9851,0.3059,0.0144
1,6,0,10,0.1148,0.6259,0.9841,-0.0364,0.0205
1,6,0,11,0.2213,0.5097,0.9438,-0.0142,0.0309
1,6,1,0,0.0709,0.6590,0.9734,-0.0480,0.0520
1,6,1,1,0.1704,0.5405,0.9802,-0.0263,0.0215
1,6,1,2,0.2549,0.4282,0.9014,0.0557,0.0256
1,6,1,3,0.1992,0.4024,0.8830,-0.0486,0.0349
1,6,1,4,0.1971,0.4528,0.9496,0.0070,0.0201
1,6,1,5,0.2400,0.4175,0.9179,0.0232,0.0304
1,6,1,6,1.0000,1.0000,1.0000,1.0000,0.0000
1,6,1,7,0.2265,0.4202,0.8401,-0.0243,0.0413
1,6,1,8,0.2462,0.5032,0.9866,0.0735,0.0182
1,6,1,9,0.0760,0.6595,0.9722,-0.0440,0.0500
1,6,1,10,0.2683,0.5481,0.9771,0.0849,0.0216
1,6,1,11,0.2053,0.4024,0.9501,-0.0080,0.0274
1,6,2,0,0.2189,0.4011,0.9705,0.0580,0.0130
1,6,2,1,0.3185,0.5455,0.9189,0.0682,0.0528
1,6,2,2,0.2513,0.3908,0.9193,0.0674,0.0215
1,6,2,3,0.2736,0.3577,0.9562,0.1668,0.0338
1,6,2,4,0.2413,0.4144,0.9235,0.0472,0.0275
1,6,2,5,0.1665,0.4020,0.9948,0.0188,0.0123
1,6,2,6,0.2162,0.3494,0.9360,0.0663,0.0126
1,6,2,7,0.1925,0.4429,0.9754,0.0546,0.0240
1,6,2,8,0.2147,0.3524,0.9494,0.0573,0.0127
1,6,2,9,0.2477,0.3805,0.9052,0.0702,0.0186
1,6,2,10,0.2206,0.4408,0.9545,0.0376,0.0205
1,6,2,11,0.1795,0.4926,0.9981,0.0253,0.0196
1,6,3,0,0.2200,0.3518,0.9201,0.0621,0.0122
1,6,3,1,0.1772,0.3496,0.9748,0.0295,0.0105
1,6,3,2,0.1724,0.3730,0.9850,0.0360,0.0239
1,6,3,3,0.1872,0.3083,0.9519,0.0614,0.0331
1,6,3,4,0.1641,0.5421,0.9935,0.0250,0.0258
1,6,3,5,0.2456,0.4381,0.9576,0.0416,0.0305
1,6,3,6,0.1737,0.2672,0.9509,0.0605,0.0450
1,6,3,7,0.1758,0.2873,0.9397,0.0580,0.0396
1,6,3,8,0.2386,0.3631,0.8725,0.0705,0.0127
1,6,3,9,0.2120,0.3904,0.9405,0.0619,0.0112
1,6,3,10,0.1638,0.4113,0.9994,0.0211,0.0211
1,6,3,11,0.1912,0.3333,0.9445,0.0624,0.0284
1,6,4,0,0.3416,0.4085,0.9614,0.2250,0.0224
1,6,4,1,0.2039,0.3281,0.9611,0.0627,0.0185
1,6,4,2,0.2737,0.4044,0.8990,0.0712,0.0275
1,6,4,3,0.2162,0.3491,0.9299,0.0687,0.0156
1,6,4,4,0.1939,0.2937,0.9479,0.0614,0.0285
1,6,4,5,0.3262,0.4994,0.9891,0.1250,0.0387
1,6,4,6,0.2024,0.3054,0.9332,0.0806,0.0336
1,6,4,7,0.2517,0.3507,0.9588,0.1192,0.0123
1,6,4,8,0.4901,0.6585,0.9588,0.3543,0.0238
1,6,4,9,0.1871,0.2900,0.9475,0.0667,0.0381
1,6,4,10,0.2861,0.4000,0.9169,0.0806,0.0306
1,6,4,11,0.2253,0.3297,0.8753,0.0174,0.0296
1,6,5,0,0.1629,0.3327,0.9589,-0.0034,0.0245
1,6,5,1,0.2028,0.3793,0.9449,0.0035,0.0218
1,6,5,2,0.3036,0.4276,0.8967,0.0907,0.0310
1,6,5,3,0.2137,0.3926,0.9466,0.0243,0.0170
1,6,5,4,0.1500,0.3453,0.9933,-0.0104,0.0189
1,6,5,5,0.2678,0.4034,0.9052,0.0738,0.0235
1,6,5,6,0.2251,0.3662,0.8788,0.0110,0.0325
1,6,5,7,0.2115,0.3664,0.9740,0.0424,0.0189
1,6,5,8,0.5333,0.5706,0.9202,0.4051,0.0334
1,6,5,9,0.3553,0.4813,0.8926,0.1433,0.0369
1,6,5,10,0.2323,0.3947,0.9584,0.0408,0.0203
1,6,5,11,0.1848,0.3491,0.9794,0.0167,0.0184
1,7,0,0,0.6545,0.7336,0.9989,0.3552,0.0182
1,7,0,1,0.4350,0.5903,0.7650,0.1691,0.0124
1,7,0,2,0.4336,0.5842,0.7606,0.3142,0.0753
1,7,0,3,0.4578,0.5641,0.9395,0.2810,0.0485
1,7,0,4,0.5895,0.7047,0.9774,0.3442,0.0145
1,7,0,5,0.4617,0.5381,0.8536,0.1975,0.0161
1,7,0,6,0.6211,0.7073,0.9225,0.3710,0.0113
1,7,0,7,0.5854,0.7289,0.8157,0.4131,0.0262
1,7,0,8,0.4822,0.5232,0.9774,0.2361,0.0243
1,7,0,9,0.6774,0.7875,0.9208,0.5752,0.0380
1,7,0,10,0.4644,0.5310,0.7303,0.3305,0.0617
1,7,0,11,0.7795,0.8463,0.9722,0.6621,0.0138
1,7,1,0,0.3552,0.4780,0.6934,0.2424,0.0918
1,7,1,1,0.7322,0.8077,0.9308,0.6346,0.0400
1,7,1,2,0.7516,0.8181,0.9921,0.6401,0.0303
1,7,1,3,0.9024,0.9105,0.9964,0.8495,0.0088
1,7,1,4,0.6699,0.7685,0.9678,0.5456,0.0272
1,7,1,5,0.7347,0.7680,0.9864,0.6035,0.0179
1,7,1,6,0.2265,0.4202,0.8401,-0.0243,0.0413
1,7,1,7,1.0000,1.0000,1.0000,1.0000,0.0000
1,7,1,8,0.5587,0.6598,0.9175,0.3942,0.0248
1,7,1,9,0.3236,0.4488,0.6897,0.1983,0.0899
1,7,1,10,0.7108,0.7369,0.9364,0.5927,0.0229
1,7,1,11,0.7724,0.7723,0.9674,0.6709,0.0226
1,7,2,0,0.3218,0.4137,0.9462,0.0898,0.0434
1,7,2,1,0.4006,0.5982,0.9859,-0.0162,0.0124
1,7,2,2,0.4571,0.5751,0.9858,0.2307,0.0242
1,7,2,3,0.2921,0.3932,0.9621,0.1302,0.0746
1,7,2,4,0.3594,0.4871,0.9839,0.0765,0.0188
1,7,2,5,0.3158,0.4007,0.8908,0.1211,0.0524
1,7,2,6,0.3571,0.4381,0.9773,0.1585,0.0467
1,7,2,7,0.3151,0.4368,0.9391,0.1289,0.0652
1,7,2,8,0.3321,0.4311,0.9679,0.1119,0.0394
1,7,2,9,0.4381,0.5294,0.9910,0.2150,0.0289
1,7,2,10,0.4346,0.5602,0.9636,0.2115,0.0287
1,7,2,11,0.3258,0.4746,0.8719,0.1201,0.0559
1,7,3,0,0.3856,0.4951,0.9855,0.1830,0.0394
1,7,3,1,0.3018,0.4151,0.9400,0.0988,0.0520
1,7,3,2,0.3122,0.4189,0.9212,0.1333,0.0651
1,7,3,3,0.3201,0.3958,0.9659,0.1576,0.0726
1,7,3,4,0.2926,0.4313,0.8965,0.1047,0.0649
1,7,3,5,0.3838,0.4703,0.9608,0.0932,0.0172
1,7,3,6,0.2912,0.3661,0.9668,0.1441,0.0851
1,7,3,7,0.3065,0.3898,0.9749,0.1561,0.0796
1,7,3,8,0.3582,0.4576,0.9980,0.1208,0.0335
1,7,3,9,0.3678,0.4484,0.9744,0.1742,0.0491
1,7,3,10,0.2853,0.4131,0.8585,0.0889,0.0628
1,7,3,11,0.3321,0.4302,0.9717,0.1675,0.0690
1,7,4,0,0.3051,0.3828,0.9569,0.1064,0.0584
1,7,4,1,0.3430,0.4317,0.9572,0.1575,0.0575
1,7,4,2,0.4436,0.5561,0.9928,0.1709,0.0189
1,7,4,3,0.3706,0.4426,0.9807,0.1808,0.0512
1,7,4,4,0.3186,0.3989,0.9692,0.1423,0.0676
1,7,4,5,0.4142,0.5043,0.9110,0.0983,0.0127
1,7,4,6,0.3280,0.4279,0.9789,0.1708,0.0731
1,7,4,7,0.3154,0.3868,0.9596,0.1204,0.0532
1,7,4,8,0.4154,0.5137,0.9596,0.1329,0.0228
1,7,4,9,0.3014,0.3879,0.9695,0.1419,0.0779
1,7,4,10,0.4170,0.5114,0.9868,0.1191,0.0189
1,7,4,11,0.4567,0.5315,0.9977,0.2040,0.0265
1,7,5,0,0.2994,0.3955,0.9595,0.0690,0.0547
1,7,5,1,0.3520,0.4375,0.9714,0.0741,0.0317
1,7,5,2,0.4079,0.5037,0.9934,0.0812,0.0231
1,7,5,3,0.3541,0.4569,0.9702,0.0889,0.0346
1,7,5,4,0.2495,0.3862,0.8974,0.0147,0.0536
1,7,5,5,0.3652,0.4364,0.9910,0.0720,0.0320
1,7,5,6,0.4201,0.4752,0.9971,0.1405,0.0346
1,7,5,7,0.3041,0.3861,0.9411,0.0536,0.0434
1,7,5,8,0.3775,0.4507,0.9854,0.0547,0.0210
1,7,5,9,0.3842,0.4791,0.9944,0.0048,0.0150
1,7,5,10,0.3446,0.4376,0.9600,0.0635,0.0297
1,7,5,11,0.2921,0.3827,0.9324,0.0486,0.0460
1,8,0,0,0.5481,0.6942,0.9351,0.3337,0.0410
1,8,0,1,0.3603,0.5478,0.9581,0.1529,0.0148
1,8,0,2,0.4222,0.6500,0.9561,0.3239,0.0509
1,8,0,3,0.3985,0.5279,0.9982,0.2532,0.0252
1,8,0,4,0.8585,0.8645,0.9808,0.8211,0.0338
1,8,0,5,0.3451,0.7201,0.9904,0.1250,0.0143
1,8,0,6,0.3526,0.5666,0.9999,0.0716,0.0313
1,8,0,7,0.4005,0.8302,0.9785,0.2224,0.0072
1,8,0,8,0.3500,0.5359,0.9808,0.1372,0.0157
1,8,0,9,0.4967,0.7530,1.0000,0.3680,0.0165
1,8,0,10,0.3757,0.5628,0.9418,0.2518,0.0367
1,8,0,11,0.5671,0.7812,0.9851,0.4146,0.0169
1,8,1,0,0.2067,0.4718,0.9228,0.0902,0.0675
1,8,1,1,0.4649,0.6585,0.9994,0.3137,0.0255
1,8,1,2,0.6276,0.7679,0.9601,0.5096,0.0202
1,8,1,3,0.6228,0.7095,0.9478,0.4897,0.0207
1,8,1,4,0.8773,0.8629,0.9881,0.8428,0.0112
1,8,1,5,0.7925,0.8389,0.9704,0.7264,0.0159
1,8,1,6,0.2462,0.5032,0.9866,0.0735,0.0182
1,8,1,7,0.5587,0.6598,0.9175,0.3942,0.0248
1,8,1,8,1.0000,1.0000,1.0000,1.0000,0.0000
1,8,1,9,0.1778,0.4772,0.9209,0.0542,0.0655
1,8,1,10,0.4518,0.5492,0.9987,0.2875,0.0109
1,8,1,11,0.5938,0.6891,0.9883,0.4647,0.0169
1,8,2,0,0.2799,0.4849,0.9968,0.1040,0.0201
1,8,2,1,0.5082,0.6542,0.9710,0.2985,0.0364
1,8,2,2,0.4953,0.6365,0.9712,0.3472,0.0120
1,8,2,3,0.2047,0.4576,0.9912,0.0673,0.0497
1,8,2,4,0.3820,0.5468,0.9738,0.1928,0.0133
1,8,2,5,0.3466,0.5275,0.9980,0.2111,0.0270
1,8,2,6,0.2845,0.5028,0.9809,0.1230,0.0213
1,8,2,7,0.2452,0.4984,0.9983,0.0937,0.0399
1,8,2,8,0.3060,0.4998,0.9880,0.1415,0.0161
1,8,2,9,0.3946,0.5778,0.9625,0.2241,0.0137
1,8,2,10,0.3941,0.6208,0.9904,0.2243,0.0138
1,8,2,11,0.3070,0.5435,0.9947,0.1535,0.0314
1,8,3,0,0.3121,0.5349,0.9717,0.1471,0.0171
1,8,3,1,0.2399,0.4709,0.9981,0.0791,0.0277
1,8,3,2,0.2268,0.4873,1.0000,0.0773,0.0411
1,8,3,3,0.1935,0.4227,0.9892,0.0469,0.0490
1,8,3,4,0.2413,0.5135,0.9988,0.0932,0.0400
1,8,3,5,0.4064,0.5535,0.9918,0.2144,0.0164
1,8,3,6,0.1735,0.3966,0.9887,0.0408,0.0613
1,8,3,7,0.1843,0.4133,0.9830,0.0477,0.0555
1,8,3,8,0.3536,0.5029,0.9406,0.1838,0.0114
1,8,3,9,0.2657,0.4928,0.9834,0.1006,0.0253
1,8,3,10,0.2220,0.4912,0.9916,0.0658,0.0374
1,8,3,11,0.2139,0.4575,0.9855,0.0670,0.0447
1,8,4,0,0.2222,0.4482,0.9935,0.0596,0.0347
1,8,4,1,0.2336,0.4770,0.9933,0.0733,0.0342
1,8,4,2,0.3465,0.5862,0.9585,0.1273,0.0165
1,8,4,3,0.1906,0.4864,0.9775,0.0103,0.0280
1,8,4,4,0.1636,0.4198,0.9872,0.0013,0.0456
1,8,4,5,0.2799,0.6143,0.9999,0.0167,0.0236
1,8,4,6,0.2109,0.4657,0.9794,0.0696,0.0497
1,8,4,7,0.2255,0.4577,0.9923,0.0637,0.0292
1,8,4,8,0.2201,0.5776,0.9923,-0.0391,0.0133
1,8,4,9,0.1687,0.4197,0.9870,0.0239,0.0546
1,8,4,10,0.2919,0.5072,0.9698,0.0452,0.0184
1,8,4,11,0.2479,0.4861,0.9425,0.0059,0.0216
1,8,5,0,0.2627,0.4203,0.9924,0.0893,0.0335
1,8,5,1,0.2834,0.5036,0.9857,0.0695,0.0174
1,8,5,2,0.3637,0.5304,0.9570,0.1280,0.0199
1,8,5,3,0.3121,0.4556,0.9865,0.1143,0.0188
1,8,5,4,0.2553,0.4323,0.9989,0.0895,0.0306
1,8,5,5,0.3258,0.4653,0.9625,0.1111,0.0201
1,8,5,6,0.3501,0.4965,0.9449,0.1352,0.0275
1,8,5,7,0.2830,0.4806,0.9979,0.1003,0.0225
1,8,5,8,0.3606,0.5609,0.9718,0.1360,0.0195
1,8,5,9,0.3669,0.5295,0.9543,0.1096,0.0230
1,8,5,10,0.2906,0.4953,0.9922,0.0789,0.0152
1,8,5,11,0.2597,0.4544,0.9992,0.0788,0.0229
1,9,0,0,0.2551,0.4861,0.7228,0.0478,0.1069
1,9,0,1,0.2228,0.5893,0.9940,0.0888,0.0789
1,9,0,2,0.0683,0.5662,0.9947,-0.0268,0.0204
1,9,0,3,0.0840,0.4885,0.8960,-0.0410,0.0529
1,9,0,4,0.1785,0.5136,0.8272,0.0040,0.0924
1,9,0,5,0.1814,0.4947,0.9660,0.0331,0.0799
1,9,0,6,0.2704,0.5778,0.9158,0.1154,0.0976
1,9,0,7,0.1492,0.4835,0.9815,0.0102,0.0686
1,9,0,8,0.4900,0.7773,0.8271,0.4172,0.0751
1,9,0,9,0.1041,0.4467,0.9175,-0.0243,0.0612
1,9,0,10,0.8984,0.9338,0.9983,0.8900,0.0344
1,9,0,11,0.3255,0.5250,0.8402,0.2065,0.0812
1,9,1,0,0.9941,0.9957,1.0000,0.9936,0.0023
1,9,1,1,0.2986,0.5254,0.9066,0.1937,0.0670
1,9,1,2,0.1890,0.3958,0.7750,0.0485,0.0745
1,9,1,3,0.3165,0.4428,0.7485,0.1932,0.0853
1,9,1,4,0.1624,0.4430,0.8498,0.0323,0.0639
1,9,1,5,0.2193,0.3814,0.7995,0.0780,0.0802
1,9,1,6,0.0760,0.6595,0.9722,-0.0440,0.0500
1,9,1,7,0.3236,0.4488,0.6897,0.1983,0.0899
1,9,1,8,0.1778,0.4772,0.9209,0.0542,0.0655
1,9,1,9,1.0000,1.0000,1.0000,1.0000,0.0000
1,9,1,10,0.3353,0.5146,0.9000,0.2328,0.0686
1,9,1,11,0.3718,0.5299,0.8507,0.2726,0.0769
1,9,2,0,0.1865,0.5389,0.8870,0.0758,0.0533
1,9,2,1,0.1628,0.5721,0.8010,-0.0420,0.1004
1,9,2,2,0.1184,0.4488,0.8015,-0.0252,0.0670
1,9,2,3,0.1039,0.4058,0.8610,0.0142,0.0162
1,9,2,4,0.1527,0.5046,0.8079,0.0104,0.0716
1,9,2,5,0.3289,0.6556,0.9434,0.2503,0.0409
1,9,2,6,0.1408,0.3756,0.8275,0.0313,0.0449
1,9,2,7,0.1167,0.4908,0.8965,0.0154,0.0377
1,9,2,8,0.1261,0.4771,0.8495,0.0095,0.0507
1,9,2,9,0.1729,0.4671,0.7805,0.0450,0.0614
1,9,2,10,0.0858,0.4445,0.8582,-0.0574,0.0693
1,9,2,11,0.4734,0.7001,0.9559,0.4103,0.0487
1,9,3,0,0.1008,0.4001,0.8027,-0.0208,0.0509
1,9,3,1,0.1267,0.4668,0.8954,0.0217,0.0410
1,9,3,2,0.2464,0.5370,0.9171,0.1632,0.0308
1,9,3,3,0.1177,0.3463,0.8536,0.0254,0.0177
1,9,3,4,0.1162,0.5448,0.9392,0.0172,0.0351
1,9,3,5,0.2301,0.5192,0.8634,0.0979,0.0748
1,9,3,6,0.1169,0.3384,0.8519,0.0345,0.0076
1,9,3,7,0.0973,0.3484,0.8335,0.0097,0.0106
1,9,3,8,0.1866,0.5071,0.7338,0.0687,0.0609
1,9,3,9,0.1379,0.4236,0.8348,0.0284,0.0457
1,9,3,10,0.2742,0.6500,0.9635,0.1917,0.0333
1,9,3,11,0.0957,0.3979,0.8412,-0.0015,0.0250
1,9,4,0,0.1698,0.4534,0.8703,0.0714,0.0342
1,9,4,1,0.1618,0.4459,0.8697,0.0623,0.0341
1,9,4,2,0.1538,0.4258,0.7714,-0.0010,0.0730
1,9,4,3,0.1653,0.3812,0.8179,0.0606,0.0410
1,9,4,4,0.1389,0.3640,0.8469,0.0437,0.0229
1,9,4,5,0.3204,0.5964,0.9270,0.1994,0.0827
1,9,4,6,0.0873,0.3743,0.8231,-0.0070,0.0170
1,9,4,7,0.1734,0.4325,0.8656,0.0755,0.0379
1,9,4,8,0.2511,0.5485,0.8656,0.1213,0.0736
1,9,4,9,0.1095,0.3463,0.8462,0.0201,0.0132
1,9,4,10,0.2597,0.5353,0.7980,0.1269,0.0765
1,9,4,11,0.1802,0.4307,0.7377,0.0376,0.0685
1,9,5,0,0.1239,0.3964,0.8657,0.0079,0.0466
1,9,5,1,0.1225,0.4363,0.8420,-0.0225,0.0683
1,9,5,2,0.2017,0.4670,0.7681,0.0450,0.0806
1,9,5,3,0.1845,0.4761,0.8447,0.0565,0.0641
1,9,5,4,0.1663,0.4104,0.9385,0.0616,0.0404
1,9,5,5,0.2090,0.4596,0.7805,0.0740,0.0720
1,9,5,6,0.1549,0.4380,0.7425,0.0025,0.0765
1,9,5,7,0.0953,0.4418,0.8939,-0.0341,0.0548
1,9,5,8,0.1542,0.5563,0.8029,-0.0076,0.0837
1,9,5,9,0.1967,0.5039,0.7622,0.0238,0.0878
1,9,5,10,0.1361,0.4916,0.8649,-0.0059,0.0680
1,9,5,11,0.1091,0.4253,0.9048,-0.0133,0.0492
1,10,0,0,0.5769,0.6485,0.9518,0.3422,0.0388
1,10,0,1,0.4671,0.6250,0.9424,0.2762,0.0162
1,10,0,2,0.4023,0.5206,0.9401,0.2927,0.0528
1,10,0,3,0.2833,0.3957,1.0000,0.0934,0.0259
1,10,0,4,0.3996,0.5352,0.9894,0.1347,0.0304
1,10,0,5,0.5255,0.5452,0.9821,0.3494,0.0130
1,10,0,6,0.5678,0.7137,0.9993,0.3672,0.0311
1,10,0,7,0.5749,0.6547,0.9668,0.4357,0.0092
1,10,0,8,0.4607,0.5092,0.9894,0.2655,0.0130
1,10,0,9,0.6628,0.7531,0.9991,0.5697,0.0189
1,10,0,10,0.4223,0.5562,0.9236,0.2993,0.0394
1,10,0,11,0.6627,0.7052,0.9926,0.5300,0.0145
1,10,1,0,0.3686,0.5418,0.9022,0.2748,0.0706
1,10,1,1,0.6947,0.7126,0.9999,0.6001,0.0252
1,10,1,2,0.6158,0.6385,0.9730,0.4798,0.0208
1,10,1,3,0.6934,0.7264,0.9627,0.5715,0.0167
1,10,1,4,0.5181,0.5793,0.9946,0.3686,0.0074
1,10,1,5,0.5506,0.6168,0.9814,0.3811,0.0141
1,10,1,6,0.2683,0.5481,0.9771,0.0849,0.0216
1,10,1,7,0.7108,0.7369,0.9364,0.5927,0.0229
1,10,1,8,0.4518,0.5492,0.9987,0.2875,0.0109
1,10,1,9,0.3353,0.5146,0.9000,0.2328,0.0686
1,10,1,10,1.0000,1.0000,1.0000,1.0000,0.0000
1,10,1,11,0.6989,0.7326,0.9948,0.5925,0.0187
1,10,2,0,0.2614,0.3211,0.9996,0.0636,0.0215
1,10,2,1,0.3069,0.5041,0.9819,-0.0478,0.0348
1,10,2,2,0.2685,0.3511,0.9820,0.0318,0.0084
1,10,2,3,0.1288,0.2435,0.9966,-0.0374,0.0524
1,10,2,4,0.2410,0.3335,0.9840,-0.0155,0.0078
1,10,2,5,0.2152,0.3896,0.9936,0.0360,0.0305
1,10,2,6,0.1822,0.2453,0.9895,-0.0207,0.0248
1,10,2,7,0.2072,0.2991,1.0000,0.0330,0.0424
1,10,2,8,0.2001,0.2744,0.9945,-0.0082,0.0194
1,10,2,9,0.2328,0.3078,0.9749,-0.0050,0.0102
1,10,2,10,0.2392,0.3252,0.9961,0.0047,0.0172
1,10,2,11,0.2400,0.4348,0.9883,0.0555,0.0344
1,10,3,0,0.1843,0.2961,0.9824,-0.0307,0.0190
1,10,3,1,0.1537,0.2606,0.9999,-0.0433,0.0302
1,10,3,2,0.1664,0.2926,0.9992,-0.0108,0.0423
1,10,3,3,0.1369,0.2246,0.9953,-0.0358,0.0516
1,10,3,4,0.2037,0.3181,0.9950,0.0334,0.0434
1,10,3,5,0.2576,0.3445,0.9970,-0.0087,0.0113
1,10,3,6,0.1216,0.2020,0.9950,-0.0339,0.0648
1,10,3,7,0.1292,0.2138,0.9910,-0.0315,0.0590
1,10,3,8,0.2005,0.2759,0.9565,-0.0304,0.0124
1,10,3,9,0.1969,0.2573,0.9913,-0.0014,0.0270
1,10,3,10,0.1838,0.3829,0.9839,0.0041,0.0403
1,10,3,11,0.1615,0.2512,0.9928,-0.0108,0.0472
1,10,4,0,0.1702,0.2462,0.9980,-0.0201,0.0367
1,10,4,1,0.1898,0.3010,0.9979,0.0039,0.0360
1,10,4,2,0.2407,0.3672,0.9716,-0.0417,0.0115
1,10,4,3,0.1738,0.2529,0.9869,-0.0280,0.0298
1,10,4,4,0.1404,0.2260,0.9940,-0.0424,0.0470
1,10,4,5,0.2844,0.3820,0.9978,-0.0054,0.0196
1,10,4,6,0.1530,0.2417,0.9883,-0.0139,0.0519
1,10,4,7,0.1666,0.2293,0.9973,-0.0246,0.0313
1,10,4,8,0.3566,0.4617,0.9973,0.1206,0.0106
1,10,4,9,0.1306,0.2186,0.9938,-0.0358,0.0566
1,10,4,10,0.2811,0.3599,0.9809,0.0037,0.0104
1,10,4,11,0.2465,0.3233,0.9582,-0.0212,0.0130
1,10,5,0,0.1533,0.2812,0.9973,-0.0656,0.0334
1,10,5,1,0.1773,0.3006,0.9930,-0.0933,0.0152
1,10,5,2,0.2666,0.3650,0.9704,-0.0369,0.0160
1,10,5,3,0.2086,0.3324,0.9935,-0.0419,0.0167
1,10,5,4,0.1328,0.2942,0.9952,-0.0799,0.0313
1,10,5,5,0.2077,0.3037,0.9750,-0.0711,0.0182
1,10,5,6,0.2211,0.3102,0.9602,-0.0643,0.0230
1,10,5,7,0.1686,0.2912,0.9999,-0.0643,0.0211
1,10,5,8,0.2518,0.3461,0.9824,-0.0407,0.0192
1,10,5,9,0.2530,0.3670,0.9681,-0.0900,0.0192
1,10,5,10,0.1850,0.3114,0.9972,-0.0828,0.0110
1,10,5,11,0.1516,0.2741,0.9999,-0.0763,0.0244
1,11,0,0,0.5697,0.6872,0.9782,0.2928,0.0391
1,11,0,1,0.3717,0.5372,0.9032,0.1296,0.0166
1,11,0,2,0.3033,0.4585,0.9003,0.1644,0.0592
1,11,0,3,0.2411,0.3789,0.9956,0.0260,0.0283
1,11,0,4,0.5673,0.6524,0.9991,0.3631,0.0359
1,11,0,5,0.3995,0.5653,0.9577,0.1592,0.0127
1,11,0,6,0.5421,0.6334,0.9902,0.3067,0.0253
1,11,0,7,0.4895,0.7024,0.9356,0.3106,0.0142
1,11,0,8,0.6838,0.6871,0.9991,0.5608,0.0120
1,11,0,9,0.6024,0.7615,0.9896,0.4859,0.0194
1,11,0,10,0.5233,0.6028,0.8795,0.4200,0.0436
1,11,0,11,0.6380,0.7280,0.9998,0.4824,0.0135
1,11,1,0,0.3965,0.5494,0.8534,0.3049,0.0790
1,11,1,1,0.5651,0.6629,0.9931,0.4213,0.0191
1,11,1,2,0.6539,0.7141,0.9915,0.5221,0.0111
1,11,1,3,0.8045,0.8060,0.9853,0.7206,0.0167
1,11,1,4,0.6133,0.6955,1.0000,0.4857,0.0202
1,11,1,5,0.7858,0.7965,0.9959,0.6989,0.0085
1,11,1,6,0.2053,0.4024,0.9501,-0.0080,0.0274
1,11,1,7,0.7724,0.7723,0.9674,0.6709,0.0226
1,11,1,8,0.5938,0.6891,0.9883,0.4647,0.0169
1,11,1,9,0.3718,0.5299,0.8507,0.2726,0.0769
1,11,1,10,0.6989,0.7326,0.9948,0.5925,0.0187
1,11,1,11,1.0000,1.0000,1.0000,1.0000,0.0000
1,11,2,0,0.3609,0.4279,0.9973,0.1793,0.0255
1,11,2,1,0.3428,0.5432,0.9961,-0.0200,0.0353
1,11,2,2,0.4185,0.5040,0.9962,0.2171,0.0174
1,11,2,3,0.2795,0.3758,0.9998,0.1383,0.0607
1,11,2,4,0.3543,0.4713,0.9971,0.1204,0.0217
1,11,2,5,0.5689,0.6219,0.9769,0.4721,0.0365
1,11,2,6,0.2921,0.3640,0.9991,0.1062,0.0319
1,11,2,7,0.2820,0.3949,0.9955,0.1157,0.0462
1,11,2,8,0.3827,0.4503,1.0000,0.2132,0.0286
1,11,2,9,0.4150,0.4877,0.9926,0.2214,0.0210
1,11,2,10,0.3243,0.4371,0.9999,0.1017,0.0096
1,11,2,11,0.4264,0.5556,0.9675,0.2813,0.0356
1,11,3,0,0.3157,0.4165,0.9964,0.1244,0.0282
1,11,3,1,0.3371,0.4273,0.9958,0.1760,0.0367
1,11,3,2,0.3734,0.4524,0.9897,0.2371,0.0487
1,11,3,3,0.2772,0.3356,1.0000,0.1275,0.0599
1,11,3,4,0.2125,0.3648,0.9795,0.0332,0.0460
1,11,3,5,0.3755,0.4444,0.9997,0.1350,0.0216
1,11,3,6,0.2844,0.3361,1.0000,0.1562,0.0726
1,11,3,7,0.2722,0.3457,0.9995,0.1346,0.0670
1,11,3,8,0.3928,0.4667,0.9814,0.2063,0.0182
1,11,3,9,0.3037,0.3681,0.9996,0.1218,0.0317
1,11,3,10,0.4246,0.5327,0.9604,0.2956,0.0456
1,11,3,11,0.2860,0.3784,0.9998,0.1334,0.0547
1,11,4,0,0.3117,0.3565,0.9993,0.1462,0.0425
1,11,4,1,0.3783,0.4501,0.9993,0.2303,0.0434
1,11,4,2,0.3587,0.4986,0.9907,0.1026,0.0227
1,11,4,3,0.3174,0.3718,0.9982,0.1418,0.0370
1,11,4,4,0.3049,0.3633,1.0000,0.1514,0.0551
1,11,4,5,0.4392,0.4947,0.9857,0.1954,0.0266
1,11,4,6,0.3063,0.3906,0.9987,0.1658,0.0603
1,11,4,7,0.3363,0.3779,0.9996,0.1773,0.0391
1,11,4,8,0.4078,0.4793,0.9996,0.1745,0.0138
1,11,4,9,0.2800,0.3516,1.0000,0.1383,0.0651
1,11,4,10,0.4340,0.5153,0.9956,0.1994,0.0230
1,11,4,11,0.4316,0.4845,0.9825,0.2148,0.0279
1,11,5,0,0.2580,0.3649,0.9996,0.0541,0.0342
1,11,5,1,0.2733,0.3996,0.9999,0.0170,0.0159
1,11,5,2,0.3668,0.4503,0.9900,0.0852,0.0193
1,11,5,3,0.3083,0.4071,0.9999,0.0740,0.0165
1,11,5,4,0.2119,0.3608,0.9799,0.0064,0.0384
1,11,5,5,0.3277,0.3970,0.9926,0.0739,0.0168
1,11,5,6,0.3564,0.4318,0.9838,0.1032,0.0229
1,11,5,7,0.2659,0.3691,0.9961,0.0466,0.0238
1,11,5,8,0.3117,0.3957,0.9964,0.0225,0.0123
1,11,5,9,0.3436,0.4307,0.9887,0.0200,0.0198
1,11,5,10,0.2746,0.3962,0.9996,0.0191,0.0142
1,11,5,11,0.2485,0.3631,0.9935,0.0334,0.0288
2,0,0,0,0.4034,0.4860,0.9603,0.1179,0.0593
2,0,0,1,0.3026,0.4941,0.9323,0.1016,0.0327
2,0,0,2,0.1229,0.3335,0.9298,-0.0178,0.0338
2,0,0,3,0.2585,0.3009,0.9998,0.0974,0.0087
2,0,0,4,0.4211,0.5386,0.9932,0.2237,0.0503
2,0,0,5,0.3407,0.6448,0.9763,0.1446,0.0298
2,0,0,6,0.2675,0.4039,0.9978,-0.0169,0.0499
2,0,0,7,0.2316,0.4451,0.9590,0.0276,0.0185
2,0,0,8,0.4165,0.6152,0.9932,0.2484,0.0233
2,0,0,9,0.1840,0.2501,0.9975,-0.0031,0.0133
2,0,0,10,0.2735,0.5568,0.9121,0.1421,0.0204
2,0,0,11,0.3415,0.4329,0.9957,0.1315,0.0329
2,0,1,0,0.1650,0.5212,0.8893,0.0528,0.0554
2,0,1,1,0.3709,0.4239,0.9990,0.2125,0.0176
2,0,1,2,0.4716,0.5437,0.9792,0.3229,0.0230
2,0,1,3,0.3943,0.5000,0.9701,0.1994,0.0358
2,0,1,4,0.2932,0.3832,0.9972,0.1150,0.0187
2,0,1,5,0.3957,0.5153,0.9865,0.2141,0.0290
2,0,1,6,0.2189,0.4011,0.9705,0.0580,0.0130
2,0,1,7,0.3218,0.4137,0.9462,0.0898,0.0434
2,0,1,8,0.2799,0.4849,0.9968,0.1040,0.0201
2,0,1,9,0.1865,0.5389,0.8870,0.0758,0.0533
2,0,1,10,0.2614,0.3211,0.9996,0.0636,0.0215
2,0,1,11,0.3609,0.4279,0.9973,0.1793,0.0255
2,0,2,0,1.0000,1.0000,1.0000,1.0000,0.0000
2,0,2,1,0.7172,0.7070,0.9869,0.6453,0.0542
2,0,2,2,0.8874,0.8765,0.9871,0.8609,0.0217
2,0,2,3,0.9043,0.9257,0.9986,0.8959,0.0372
2,0,2,4,0.8983,0.8972,0.9887,0.8753,0.0272
2,0,2,5,0.6175,0.7063,0.9899,0.5464,0.0158
2,0,2,6,0.8374,0.8553,0.9933,0.8048,0.0118
2,0,2,7,0.8814,0.8963,0.9998,0.8621,0.0220
2,0,2,8,0.8972,0.8946,0.9971,0.8754,0.0147
2,0,2,9,0.9112,0.9228,0.9810,0.8905,0.0186
2,0,2,10,0.7474,0.7513,0.9983,0.6854,0.0197
2,0,2,11,0.7985,0.8958,0.9835,0.7588,0.0161
2,0,3,0,0.8502,0.8806,0.9874,0.8180,0.0141
2,0,3,1,0.9128,0.9081,0.9998,0.8976,0.0147
2,0,3,2,0.9075,0.9386,0.9975,0.8946,0.0237
2,0,3,3,0.8659,0.8983,0.9977,0.8486,0.0365
2,0,3,4,0.6208,0.6861,0.9916,0.5556,0.0226
2,0,3,5,0.9056,0.9362,0.9988,0.8865,0.0297
2,0,3,6,0.9052,0.9109,0.9975,0.9005,0.0490
2,0,3,7,0.9081,0.9158,0.9945,0.9018,0.0429
2,0,3,8,0.8764,0.8773,0.9646,0.8477,0.0120
2,0,3,9,0.8453,0.8581,0.9947,0.8144,0.0101
2,0,3,10,0.8478,0.8976,0.9783,0.8224,0.0205
2,0,3,11,0.9035,0.9103,0.9958,0.8913,0.0299
2,0,4,0,0.9224,0.9347,0.9994,0.9094,0.0200
2,0,4,1,0.8902,0.9263,0.9993,0.8710,0.0203
2,0,4,2,0.8455,0.8670,0.9781,0.8090,0.0277
2,0,4,3,0.8441,0.8815,0.9912,0.8135,0.0132
2,0,4,4,0.9017,0.9156,0.9967,0.8879,0.0328
2,0,4,5,0.8413,0.9023,0.9954,0.8067,0.0392
2,0,4,6,0.8986,0.9110,0.9923,0.8875,0.0372
2,0,4,7,0.8978,0.9149,0.9990,0.8801,0.0179
2,0,4,8,0.7810,0.7822,0.9990,0.7241,0.0233
2,0,4,9,0.8954,0.9102,0.9966,0.8852,0.0420
2,0,4,10,0.8810,0.9120,0.9861,0.8574,0.0305
2,0,4,11,0.8732,0.9026,0.9661,0.8441,0.0282
2,0,5,0,0.3364,0.8854,0.9990,0.1962,0.0164
2,0,5,1,0.4019,0.8950,0.9960,0.2434,0.0174
2,0,5,2,0.4817,0.8931,0.9770,0.3175,0.0305
2,0,5,3,0.4021,0.8935,0.9964,0.2492,0.0145
2,0,5,4,0.2186,0.8722,0.9919,0.0619,0.0146
2,0,5,5,0.4594,0.8921,0.9810,0.3082,0.0211
2,0,5,6,0.5073,0.8803,0.9679,0.3658,0.0257
2,0,5,7,0.3321,0.8792,0.9999,0.1795,0.0132
2,0,5,8,0.4449,0.8221,0.9874,0.2753,0.0323
2,0,5,9,0.4814,0.8732,0.9750,0.3049,0.0379
2,0,5,10,0.3860,0.8953,0.9990,0.2233,0.0168
2,0,5,11,0.2863,0.8875,0.9992,0.1298,0.0116
2,1,0,0,0.5388,0.7170,0.9927,-0.0061,0.0119
2,1,0,1,0.3694,0.6260,0.8618,0.0179,0.0222
2,1,0,2,0.1676,0.5550,0.8584,-0.0757,0.0858
2,1,0,3,0.3993,0.5056,0.9835,0.1716,0.0603
2,1,0,4,0.6860,0.8043,0.9990,0.4633,0.0135
2,1,0,5,0.3458,0.7042,0.9286,-0.0365,0.0278
2,1,0,6,0.3559,0.6494,0.9740,-0.1610,0.0137
2,1,0,7,0.2264,0.6183,0.9008,-0.1694,0.0377
2,1,0,8,0.3664,0.6543,0.9990,0.0087,0.0365
2,1,0,9,0.2261,0.4573,0.9730,-0.1081,0.0491
2,1,0,10,0.2429,0.6148,0.8341,-0.0029,0.0727
2,1,0,11,0.3734,0.6001,0.9976,-0.0266,0.0242
2,1,1,0,0.1613,0.5524,0.8041,-0.0406,0.1019
2,1,1,1,0.3686,0.5134,0.9788,0.0724,0.0524
2,1,1,2,0.3922,0.6361,0.9991,0.0587,0.0424
2,1,1,3,0.4071,0.6392,0.9965,0.0199,0.0197
2,1,1,4,0.4870,0.6400,0.9963,0.2554,0.0379
2,1,1,5,0.4684,0.6585,1.0000,0.1549,0.0306
2,1,1,6,0.3185,0.5455,0.9189,0.0682,0.0528
2,1,1,7,0.4006,0.5982,0.9859,-0.0162,0.0124
2,1,1,8,0.5082,0.6542,0.9710,0.2985,0.0364
2,1,1,9,0.1628,0.5721,0.8010,-0.0420,0.1004
2,1,1,10,0.3069,0.5041,0.9819,-0.0478,0.0348
2,1,1,11,0.3428,0.5432,0.9961,-0.0200,0.0353
2,1,2,0,0.7172,0.7070,0.9869,0.6453,0.0542
2,1,2,1,1.0000,1.0000,1.0000,1.0000,0.0000
2,1,2,2,0.7926,0.8008,1.0000,0.7181,0.0348
2,1,2,3,0.6073,0.6090,0.9941,0.5602,0.0855
2,1,2,4,0.8107,0.8061,0.9999,0.7372,0.0293
2,1,2,5,0.4414,0.5851,0.9542,0.2761,0.0635
2,1,2,6,0.5955,0.6059,0.9990,0.4826,0.0576
2,1,2,7,0.6021,0.6343,0.9833,0.5202,0.0760
2,1,2,8,0.7086,0.7038,0.9963,0.6390,0.0500
2,1,2,9,0.7354,0.7236,0.9994,0.6393,0.0392
2,1,2,10,0.6571,0.6745,0.9947,0.5199,0.0406
2,1,2,11,0.6023,0.6602,0.9415,0.4972,0.0672
2,1,3,0,0.6730,0.6795,1.0000,0.5833,0.0492
2,1,3,1,0.6837,0.6822,0.9838,0.6279,0.0631
2,1,3,2,0.6145,0.6406,0.9732,0.5465,0.0760
2,1,3,3,0.5571,0.5875,0.9956,0.4778,0.0831
2,1,3,4,0.4554,0.5825,0.9579,0.3133,0.0760
2,1,3,5,0.7774,0.7740,0.9936,0.6710,0.0255
2,1,3,6,0.5745,0.5825,0.9959,0.5289,0.0953
2,1,3,7,0.5897,0.6025,0.9984,0.5419,0.0903
2,1,3,8,0.7331,0.7204,0.9945,0.6523,0.0450
2,1,3,9,0.6016,0.6114,0.9983,0.4927,0.0606
2,1,3,10,0.5883,0.6480,0.9321,0.5003,0.0736
2,1,3,11,0.6087,0.6308,0.9975,0.5457,0.0794
2,1,4,0,0.6174,0.6376,0.9920,0.5337,0.0698
2,1,4,1,0.6092,0.6305,0.9921,0.5213,0.0681
2,1,4,2,0.7239,0.7288,0.9989,0.5763,0.0293
2,1,4,3,0.5375,0.6376,0.9996,0.4009,0.0623
2,1,4,4,0.5734,0.5944,0.9967,0.4874,0.0778
2,1,4,5,0.6097,0.8413,0.9671,0.3637,0.0173
2,1,4,6,0.6011,0.6203,0.9993,0.5439,0.0829
2,1,4,7,0.5953,0.6132,0.9931,0.5013,0.0642
2,1,4,8,0.5473,0.7439,0.9931,0.2950,0.0344
2,1,4,9,0.5548,0.5895,0.9968,0.4843,0.0877
2,1,4,10,0.7138,0.7242,1.0000,0.5500,0.0267
2,1,4,11,0.6258,0.7043,0.9951,0.4313,0.0340
2,1,5,0,0.4772,0.6709,0.9931,0.2963,0.0665
2,1,5,1,0.5238,0.7424,0.9974,0.2941,0.0434
2,1,5,2,0.5948,0.7676,0.9986,0.3318,0.0323
2,1,5,3,0.5442,0.7211,0.9970,0.3380,0.0469
2,1,5,4,0.4354,0.6395,0.9585,0.2496,0.0643
2,1,5,5,0.5830,0.7171,0.9994,0.3660,0.0423
2,1,5,6,0.6012,0.7448,0.9958,0.3824,0.0439
2,1,5,7,0.4638,0.7226,0.9844,0.2525,0.0544
2,1,5,8,0.5515,0.7711,1.0000,0.2799,0.0330
2,1,5,9,0.6589,0.8189,0.9981,0.4076,0.0235
2,1,5,10,0.5381,0.7611,0.9933,0.3166,0.0415
2,1,5,11,0.4438,0.7021,0.9797,0.2352,0.0574
2,2,0,0,0.4660,0.5717,0.9926,0.1409,0.0405
2,2,0,1,0.3382,0.5359,0.8623,0.1063,0.0166
2,2,0,2,0.1872,0.4182,0.8588,0.0335,0.0513
2,2,0,3,0.3389,0.3968,0.9837,0.1677,0.0272
2,2,0,4,0.5962,0.6881,0.9990,0.4281,0.0294
2,2,0,5,0.3868,0.6728,0.9289,0.1641,0.0140
2,2,0,6,0.3019,0.4603,0.9742,-0.0315,0.0314
2,2,0,7,0.2983,0.5667,0.9012,0.0735,0.0110
2,2,0,8,0.3522,0.5607,0.9990,0.1230,0.0139
2,2,0,9,0.3060,0.4098,0.9732,0.1154,0.0223
2,2,0,10,0.2337,0.4966,0.8346,0.0693,0.0387
2,2,0,11,0.4199,0.5633,0.9977,0.1932,0.0146
2,2,1,0,0.1180,0.4368,0.8046,-0.0235,0.0690
2,2,1,1,0.4160,0.5072,0.9790,0.2385,0.0221
2,2,1,2,0.5715,0.6819,0.9991,0.4234,0.0185
2,2,1,3,0.5307,0.6518,0.9965,0.3455,0.0182
2,2,1,4,0.4907,0.5718,0.9963,0.3360,0.0072
2,2,1,5,0.5735,0.6851,1.0000,0.4168,0.0143
2,2,1,6,0.2513,0.3908,0.9193,0.0674,0.0215
2,2,1,7,0.4571,0.5751,0.9858,0.2307,0.0242
2,2,1,8,0.4953,0.6365,0.9712,0.3472,0.0120
2,2,1,9,0.1184,0.4488,0.8015,-0.0252,0.0670
2,2,1,10,0.2685,0.3511,0.9820,0.0318,0.0084
2,2,1,11,0.4185,0.5040,0.9962,0.2171,0.0174
2,2,2,0,0.8874,0.8765,0.9871,0.8609,0.0217
2,2,2,1,0.7926,0.8008,1.0000,0.7181,0.0348
2,2,2,2,1.0000,1.0000,1.0000,1.0000,0.0000
2,2,2,3,0.8685,0.8747,0.9942,0.8618,0.0514
2,2,2,4,0.9002,0.9056,0.9999,0.8675,0.0098
2,2,2,5,0.5048,0.5815,0.9545,0.3978,0.0300
2,2,2,6,0.7893,0.8100,0.9990,0.7430,0.0241
2,2,2,7,0.8102,0.8335,0.9835,0.7788,0.0419
2,2,2,8,0.8754,0.8820,0.9964,0.8475,0.0178
2,2,2,9,0.9083,0.9205,0.9994,0.8807,0.0078
2,2,2,10,0.7639,0.8011,0.9948,0.6929,0.0164
2,2,2,11,0.7373,0.7794,0.9418,0.6796,0.0344
2,2,3,0,0.8747,0.8967,1.0000,0.8459,0.0177
2,2,3,1,0.8854,0.8901,0.9839,0.8676,0.0292
2,2,3,2,0.8319,0.8509,0.9734,0.8084,0.0422
2,2,3,3,0.8390,0.8540,0.9957,0.8222,0.0503
2,2,3,4,0.5566,0.6545,0.9582,0.4698,0.0433
2,2,3,5,0.8829,0.8896,0.9937,0.8430,0.0110
2,2,3,6,0.8746,0.8683,0.9960,0.8750,0.0627
2,2,3,7,0.8876,0.8839,0.9985,0.8875,0.0567
2,2,3,8,0.8553,0.8618,0.9944,0.8156,0.0139
2,2,3,9,0.7922,0.8154,0.9983,0.7470,0.0275
2,2,3,10,0.7495,0.7657,0.9324,0.7041,0.0401
2,2,3,11,0.9025,0.9009,0.9976,0.8974,0.0455
2,2,4,0,0.8620,0.8699,0.9921,0.8396,0.0363
2,2,4,1,0.8554,0.8668,0.9922,0.8314,0.0346
2,2,4,2,0.8569,0.8820,0.9988,0.8070,0.0089
2,2,4,3,0.8070,0.8727,0.9996,0.7665,0.0285
2,2,4,4,0.8614,0.8701,0.9968,0.8447,0.0466
2,2,4,5,0.7523,0.8941,0.9673,0.6594,0.0187
2,2,4,6,0.8802,0.8899,0.9993,0.8733,0.0510
2,2,4,7,0.8333,0.8427,0.9932,0.8042,0.0308
2,2,4,8,0.7167,0.7893,0.9932,0.6165,0.0086
2,2,4,9,0.8553,0.8708,0.9969,0.8455,0.0558
2,2,4,10,0.8562,0.8758,1.0000,0.8056,0.0125
2,2,4,11,0.8711,0.9153,0.9950,0.8273,0.0130
2,2,5,0,0.4011,0.8534,0.9932,0.2511,0.0343
2,2,5,1,0.4598,0.8761,0.9975,0.2861,0.0141
2,2,5,2,0.5518,0.8859,0.9985,0.3743,0.0171
2,2,5,3,0.4566,0.8620,0.9971,0.2885,0.0166
2,2,5,4,0.2879,0.8006,0.9587,0.1183,0.0307
2,2,5,5,0.5012,0.8451,0.9994,0.3300,0.0150
2,2,5,6,0.5871,0.8786,0.9957,0.4402,0.0249
2,2,5,7,0.3998,0.8462,0.9845,0.2359,0.0219
2,2,5,8,0.5041,0.8217,1.0000,0.3165,0.0200
2,2,5,9,0.5369,0.8657,0.9980,0.3372,0.0211
2,2,5,10,0.4459,0.8644,0.9934,0.2679,0.0135
2,2,5,11,0.3532,0.8502,0.9798,0.1840,0.0247
2,3,0,0,0.3063,0.4073,0.9738,0.0883,0.0911
2,3,0,1,0.1942,0.3932,0.9116,0.0309,0.0630
2,3,0,2,0.0431,0.2671,0.9088,-0.0682,0.0069
2,3,0,3,0.1609,0.2481,0.9973,0.0306,0.0367
2,3,0,4,0.3036,0.4580,0.9980,0.1423,0.0791
2,3,0,5,0.2372,0.6109,0.9633,0.0793,0.0637
2,3,0,6,0.1799,0.3353,0.9928,-0.0430,0.0816
2,3,0,7,0.1867,0.4101,0.9425,0.0344,0.0524
2,3,0,8,0.3112,0.5004,0.9980,0.1753,0.0590
2,3,0,9,0.1806,0.2508,0.9923,0.0469,0.0451
2,3,0,10,0.1626,0.4105,0.8889,0.0530,0.0182
2,3,0,11,0.2816,0.3912,0.9992,0.1258,0.0651
2,3,1,0,0.0756,0.3965,0.8636,-0.0156,0.0182
2,3,1,1,0.2976,0.3918,0.9952,0.1745,0.0509
2,3,1,2,0.4951,0.5766,0.9887,0.4057,0.0583
2,3,1,3,0.3992,0.5115,0.9817,0.2761,0.0690
2,3,1,4,0.1974,0.3428,0.9998,0.0544,0.0483
2,3,1,5,0.3687,0.5147,0.9939,0.2432,0.0640
2,3,1,6,0.2736,0.3577,0.9562,0.1668,0.0338
2,3,1,7,0.2921,0.3932,0.9621,0.1302,0.0746
2,3,1,8,0.2047,0.4576,0.9912,0.0673,0.0497
2,3,1,9,0.1039,0.4058,0.8610,0.0142,0.0162
2,3,1,10,0.1288,0.2435,0.9966,-0.0374,0.0524
2,3,1,11,0.2795,0.3758,0.9998,0.1383,0.0607
2,3,2,0,0.9043,0.9257,0.9986,0.8959,0.0372
2,3,2,1,0.6073,0.6090,0.9941,0.5602,0.0855
2,3,2,2,0.8685,0.8747,0.9942,0.8618,0.0514
2,3,2,3,1.0000,1.0000,1.0000,1.0000,0.0000
2,3,2,4,0.8574,0.8584,0.9953,0.8511,0.0561
2,3,2,5,0.4964,0.5890,0.9809,0.4288,0.0246
2,3,2,6,0.8575,0.8918,0.9980,0.8401,0.0289
2,3,2,7,0.8803,0.9257,0.9972,0.8656,0.0216
2,3,2,8,0.9266,0.9212,0.9998,0.9208,0.0369
2,3,2,9,0.9286,0.9366,0.9900,0.9314,0.0462
2,3,2,10,0.7286,0.7524,1.0000,0.6915,0.0531
2,3,2,11,0.7709,0.8223,0.9724,0.7405,0.0326
2,3,3,0,0.8955,0.9050,0.9944,0.8851,0.0362
2,3,3,1,0.9216,0.9193,0.9974,0.9128,0.0250
2,3,3,2,0.9201,0.9382,0.9924,0.9105,0.0146
2,3,3,3,0.9281,0.9477,0.9999,0.9196,0.0084
2,3,3,4,0.5878,0.6705,0.9833,0.5355,0.0191
2,3,3,5,0.8360,0.8742,1.0000,0.8293,0.0597
2,3,3,6,0.9800,0.9814,0.9998,0.9782,0.0117
2,3,3,7,0.9762,0.9820,0.9987,0.9736,0.0067
2,3,3,8,0.8981,0.8987,0.9773,0.8913,0.0447
2,3,3,9,0.8616,0.8900,0.9988,0.8447,0.0296
2,3,3,10,0.7774,0.8068,0.9658,0.7491,0.0172
2,3,3,11,0.9449,0.9606,0.9993,0.9384,0.0095
2,3,4,0,0.9673,0.9738,0.9998,0.9646,0.0180
2,3,4,1,0.9304,0.9421,0.9998,0.9227,0.0198
2,3,4,2,0.8621,0.8766,0.9878,0.8654,0.0575
2,3,4,3,0.9155,0.9299,0.9968,0.9065,0.0258
2,3,4,4,0.9745,0.9790,0.9996,0.9718,0.0141
2,3,4,5,0.8106,0.8328,0.9889,0.8092,0.0685
2,3,4,6,0.9827,0.9786,0.9975,0.9808,0.0087
2,3,4,7,0.9146,0.9389,1.0000,0.9047,0.0219
2,3,4,8,0.8015,0.7840,1.0000,0.7881,0.0575
2,3,4,9,0.9724,0.9846,0.9996,0.9692,0.0089
2,3,4,10,0.8831,0.8986,0.9936,0.8962,0.0610
2,3,4,11,0.9038,0.9222,0.9785,0.9127,0.0555
2,3,5,0,0.3399,0.9155,1.0000,0.2412,0.0303
2,3,5,1,0.3876,0.9067,0.9993,0.2781,0.0521
2,3,5,2,0.4625,0.9025,0.9870,0.3582,0.0644
2,3,5,3,0.3886,0.8902,0.9995,0.2823,0.0479
2,3,5,4,0.1950,0.8842,0.9837,0.0792,0.0268
2,3,5,5,0.4423,0.8995,0.9900,0.3407,0.0559
2,3,5,6,0.5119,0.9024,0.9800,0.4255,0.0602
2,3,5,7,0.3108,0.8852,0.9976,0.2002,0.0385
2,3,5,8,0.4342,0.8273,0.9945,0.3245,0.0675
2,3,5,9,0.4396,0.8388,0.9855,0.3236,0.0717
2,3,5,10,0.3743,0.8921,1.0000,0.2620,0.0516
2,3,5,11,0.2773,0.9030,0.9956,0.1651,0.0330
2,4,0,0,0.4916,0.6016,0.9912,0.1668,0.0354
2,4,0,1,0.3005,0.5160,0.8677,0.0442,0.0137
2,4,0,2,0.1205,0.3652,0.8643,-0.0544,0.0564
2,4,0,3,0.3021,0.3510,0.9856,0.1138,0.0330
2,4,0,4,0.5242,0.6378,0.9994,0.3119,0.0239
2,4,0,5,0.3344,0.6734,0.9329,0.0812,0.0131
2,4,0,6,0.3252,0.5138,0.9766,-0.0123,0.0284
2,4,0,7,0.2781,0.5374,0.9058,0.0366,0.0145
2,4,0,8,0.3761,0.6266,0.9994,0.1452,0.0166
2,4,0,9,0.2307,0.3142,0.9756,0.0102,0.0238
2,4,0,10,0.2161,0.5192,0.8405,0.0407,0.0440
2,4,0,11,0.3595,0.4851,0.9984,0.0965,0.0139
2,4,1,0,0.1393,0.4847,0.8109,-0.0034,0.0736
2,4,1,1,0.3646,0.4468,0.9811,0.1631,0.0310
2,4,1,2,0.4771,0.5854,0.9985,0.2877,0.0236
2,4,1,3,0.4258,0.5814,0.9955,0.1857,0.0149
2,4,1,4,0.3794,0.4728,0.9972,0.1828,0.0092
2,4,1,5,0.4288,0.5761,0.9999,0.2077,0.0161
2,4,1,6,0.2413,0.4144,0.9235,0.0472,0.0275
2,4,1,7,0.3594,0.4871,0.9839,0.0765,0.0188
2,4,1,8,0.3820,0.5468,0.9738,0.1928,0.0133
2,4,1,9,0.1527,0.5046,0.8079,0.0104,0.0716
2,4,1,10,0.2410,0.3335,0.9840,-0.0155,0.0078
2,4,1,11,0.3543,0.4713,0.9971,0.1204,0.0217
2,4,2,0,0.8983,0.8972,0.9887,0.8753,0.0272
2,4,2,1,0.8107,0.8061,0.9999,0.7372,0.0293
2,4,2,2,0.9002,0.9056,0.9999,0.8675,0.0098
2,4,2,3,0.8574,0.8584,0.9953,0.8511,0.0561
2,4,2,4,1.0000,1.0000,1.0000,1.0000,0.0000
2,4,2,5,0.5129,0.6102,0.9576,0.4047,0.0357
2,4,2,6,0.7440,0.7762,0.9994,0.6856,0.0288
2,4,2,7,0.8193,0.8306,0.9854,0.7911,0.0470
2,4,2,8,0.9082,0.9103,0.9972,0.8899,0.0220
2,4,2,9,0.8878,0.8956,0.9990,0.8531,0.0136
2,4,2,10,0.7140,0.7288,0.9959,0.6247,0.0196
2,4,2,11,0.7325,0.7821,0.9453,0.6730,0.0400
2,4,3,0,0.8056,0.8221,1.0000,0.7582,0.0222
2,4,3,1,0.8919,0.8960,0.9858,0.8775,0.0344
2,4,3,2,0.8342,0.8528,0.9759,0.8130,0.0474
2,4,3,3,0.7853,0.8083,0.9966,0.7584,0.0547
2,4,3,4,0.5648,0.6477,0.9612,0.4779,0.0489
2,4,3,5,0.8950,0.8953,0.9949,0.8570,0.0055
2,4,3,6,0.8358,0.8291,0.9969,0.8314,0.0670
2,4,3,7,0.8493,0.8436,0.9990,0.8441,0.0611
2,4,3,8,0.9041,0.8981,0.9932,0.8782,0.0188
2,4,3,9,0.7787,0.7936,0.9989,0.7299,0.0333
2,4,3,10,0.7195,0.7554,0.9363,0.6671,0.0453
2,4,3,11,0.8412,0.8443,0.9983,0.8246,0.0505
2,4,4,0,0.8429,0.8495,0.9934,0.8172,0.0420
2,4,4,1,0.7983,0.8123,0.9935,0.7613,0.0398
2,4,4,2,0.8243,0.8409,0.9982,0.7585,0.0100
2,4,4,3,0.7564,0.8253,0.9999,0.7029,0.0344
2,4,4,4,0.8169,0.8286,0.9976,0.7917,0.0510
2,4,4,5,0.7700,0.8891,0.9700,0.6783,0.0131
2,4,4,6,0.8471,0.8507,0.9997,0.8356,0.0555
2,4,4,7,0.7845,0.8065,0.9944,0.7442,0.0357
2,4,4,8,0.6968,0.7495,0.9944,0.5837,0.0138
2,4,4,9,0.8186,0.8327,0.9977,0.8034,0.0600
2,4,4,10,0.8731,0.8935,0.9999,0.8253,0.0090
2,4,4,11,0.8159,0.8622,0.9938,0.7494,0.0130
2,4,5,0,0.3802,0.8132,0.9944,0.2186,0.0406
2,4,5,1,0.4305,0.8468,0.9982,0.2393,0.0190
2,4,5,2,0.5220,0.8402,0.9979,0.3220,0.0177
2,4,5,3,0.4301,0.8182,0.9979,0.2461,0.0241
2,4,5,4,0.2875,0.7751,0.9617,0.1110,0.0358
2,4,5,5,0.4837,0.8122,0.9990,0.2984,0.0221
2,4,5,6,0.5470,0.8445,0.9946,0.3779,0.0256
2,4,5,7,0.3604,0.8127,0.9864,0.1785,0.0279
2,4,5,8,0.4588,0.7836,1.0000,0.2435,0.0200
2,4,5,9,0.5238,0.8381,0.9973,0.3062,0.0168
2,4,5,10,0.4292,0.8552,0.9946,0.2377,0.0166
2,4,5,11,0.3308,0.8260,0.9819,0.1485,0.0303
2,5,0,0,0.3993,0.5228,0.9111,0.1804,0.0684
2,5,0,1,0.2099,0.4661,0.9741,0.0154,0.0412
2,5,0,2,0.1090,0.3957,0.9725,-0.0145,0.0245
2,5,0,3,0.2325,0.3806,0.9926,0.0895,0.0136
2,5,0,4,0.4801,0.5872,0.9667,0.3419,0.0595
2,5,0,5,0.2470,0.6687,0.9971,0.0560,0.0398
2,5,0,6,0.2134,0.4061,0.9972,-0.0465,0.0588
2,5,0,7,0.2307,0.5020,0.9895,0.0568,0.0287
2,5,0,8,0.6100,0.7534,0.9667,0.5235,0.0351
2,5,0,9,0.1915,0.3188,0.9975,0.0326,0.0220
2,5,0,10,0.4686,0.7284,0.9609,0.3856,0.0124
2,5,0,11,0.3356,0.4710,0.9725,0.1590,0.0421
2,5,1,0,0.2938,0.6403,0.9451,0.2122,0.0429
2,5,1,1,0.2861,0.4137,0.9952,0.1329,0.0276
2,5,1,2,0.4062,0.4978,0.9407,0.2660,0.0346
2,5,1,3,0.2968,0.4292,0.9261,0.1043,0.0449
2,5,1,4,0.3951,0.4869,0.9765,0.2665,0.0273
2,5,1,5,0.3946,0.4808,0.9534,0.2436,0.0394
2,5,1,6,0.1665,0.4020,0.9948,0.0188,0.0123
2,5,1,7,0.3158,0.4007,0.8908,0.1211,0.0524
2,5,1,8,0.3466,0.5275,0.9980,0.2111,0.0270
2,5,1,9,0.3289,0.6556,0.9434,0.2503,0.0409
2,5,1,10,0.2152,0.3896,0.9936,0.0360,0.0305
2,5,1,11,0.5689,0.6219,0.9769,0.4721,0.0365
2,5,2,0,0.6175,0.7063,0.9899,0.5464,0.0158
2,5,2,1,0.4414,0.5851,0.9542,0.2761,0.0635
2,5,2,2,0.5048,0.5815,0.9545,0.3978,0.0300
2,5,2,3,0.4964,0.5890,0.9809,0.4288,0.0246
2,5,2,4,0.5129,0.6102,0.9576,0.4047,0.0357
2,5,2,5,1.0000,1.0000,1.0000,1.0000,0.0000
2,5,2,6,0.5293,0.5913,0.9669,0.4472,0.0104
2,5,2,7,0.4999,0.6348,0.9927,0.4217,0.0154
2,5,2,8,0.5519,0.6212,0.9764,0.4704,0.0183
2,5,2,9,0.6163,0.6589,0.9436,0.5377,0.0260
2,5,2,10,0.5304,0.5697,0.9799,0.4328,0.0288
2,5,2,11,0.7512,0.8156,0.9992,0.7086,0.0147
2,5,3,0,0.5426,0.5744,0.9550,0.4586,0.0187
2,5,3,1,0.5151,0.5889,0.9924,0.4354,0.0076
2,5,3,2,0.6736,0.7085,0.9974,0.6245,0.0158
2,5,3,3,0.4973,0.5470,0.9781,0.4263,0.0251
2,5,3,4,0.4528,0.6014,0.9999,0.3694,0.0153
2,5,3,5,0.6366,0.6899,0.9819,0.5576,0.0391
2,5,3,6,0.4764,0.5320,0.9774,0.4117,0.0362
2,5,3,7,0.4505,0.5373,0.9696,0.3791,0.0304
2,5,3,8,0.5740,0.6445,0.9175,0.4901,0.0208
2,5,3,9,0.5505,0.5996,0.9701,0.4723,0.0079
2,5,3,10,0.8096,0.8523,0.9978,0.7799,0.0132
2,5,3,11,0.4421,0.5459,0.9729,0.3608,0.0194
2,5,4,0,0.5610,0.6049,0.9844,0.4897,0.0151
2,5,4,1,0.6224,0.6789,0.9842,0.5611,0.0132
2,5,4,2,0.5514,0.6133,0.9388,0.4474,0.0355
2,5,4,3,0.5124,0.5660,0.9624,0.4285,0.0115
2,5,4,4,0.4891,0.5433,0.9753,0.4122,0.0235
2,5,4,5,0.6469,0.7046,0.9989,0.5693,0.0480
2,5,4,6,0.4705,0.5460,0.9648,0.3966,0.0258
2,5,4,7,0.6158,0.6363,0.9827,0.5534,0.0093
2,5,4,8,0.5001,0.5756,0.9827,0.3825,0.0335
2,5,4,9,0.4643,0.5514,0.9750,0.3920,0.0301
2,5,4,10,0.5406,0.6430,0.9527,0.4314,0.0396
2,5,4,11,0.4872,0.5676,0.9198,0.3685,0.0364
2,5,5,0,0.2106,0.5661,0.9827,0.0673,0.0187
2,5,5,1,0.2292,0.6348,0.9733,0.0542,0.0284
2,5,5,2,0.3336,0.6183,0.9370,0.1523,0.0404
2,5,5,3,0.2754,0.5860,0.9744,0.1172,0.0242
2,5,5,4,0.1715,0.5538,0.9999,0.0285,0.0156
2,5,5,5,0.3240,0.6164,0.9437,0.1631,0.0319
2,5,5,6,0.2802,0.6011,0.9226,0.1014,0.0366
2,5,5,7,0.2139,0.6189,0.9920,0.0601,0.0163
2,5,5,8,0.2855,0.6212,0.9551,0.0979,0.0427
2,5,5,9,0.3311,0.6094,0.9337,0.1332,0.0479
2,5,5,10,0.2176,0.6397,0.9824,0.0401,0.0273
2,5,5,11,0.1832,0.6077,0.9948,0.0294,0.0150
2,6,0,0,0.4237,0.4935,0.9861,0.1906,0.0629
2,6,0,1,0.2077,0.4047,0.8841,-0.0041,0.0354
2,6,0,2,0.1087,0.3186,0.8809,-0.0243,0.0289
2,6,0,3,0.3234,0.3464,0.9908,0.1872,0.0150
2,6,0,4,0.4083,0.5081,1.0000,0.2251,0.0526
2,6,0,5,0.2490,0.6515,0.9446,0.0418,0.0352
2,6,0,6,0.2479,0.3720,0.9834,-0.0206,0.0533
2,6,0,7,0.2502,0.4775,0.9197,0.0666,0.0239
2,6,0,8,0.3181,0.4515,1.0000,0.1361,0.0303
2,6,0,9,0.1779,0.2496,0.9826,0.0033,0.0178
2,6,0,10,0.2120,0.3956,0.8585,0.0793,0.0166
2,6,0,11,0.3489,0.4257,0.9997,0.1594,0.0367
2,6,1,0,0.1099,0.3630,0.8304,-0.0022,0.0470
2,6,1,1,0.4062,0.4667,0.9871,0.2687,0.0260
2,6,1,2,0.5112,0.6016,0.9961,0.3868,0.0296
2,6,1,3,0.4329,0.5170,0.9917,0.2689,0.0403
2,6,1,4,0.3018,0.4046,0.9992,0.1394,0.0207
2,6,1,5,0.4027,0.5388,0.9988,0.2391,0.0351
2,6,1,6,0.2162,0.3494,0.9360,0.0663,0.0126
2,6,1,7,0.3571,0.4381,0.9773,0.1585,0.0467
2,6,1,8,0.2845,0.5028,0.9809,0.1230,0.0213
2,6,1,9,0.1408,0.3756,0.8275,0.0313,0.0449
2,6,1,10,0.1822,0.2453,0.9895,-0.0207,0.0248
2,6,1,11,0.2921,0.3640,0.9991,0.1062,0.0319
2,6,2,0,0.8374,0.8553,0.9933,0.8048,0.0118
2,6,2,1,0.5955,0.6059,0.9990,0.4826,0.0576
2,6,2,2,0.7893,0.8100,0.9990,0.7430,0.0241
2,6,2,3,0.8575,0.8918,0.9980,0.8401,0.0289
2,6,2,4,0.7440,0.7762,0.9994,0.6856,0.0288
2,6,2,5,0.5293,0.5913,0.9669,0.4472,0.0104
2,6,2,6,1.0000,1.0000,1.0000,1.0000,0.0000
2,6,2,7,0.8467,0.9038,0.9906,0.8216,0.0186
2,6,2,8,0.7702,0.7936,0.9992,0.7249,0.0122
2,6,2,9,0.8981,0.9237,0.9969,0.8782,0.0193
2,6,2,10,0.8676,0.8777,0.9984,0.8404,0.0246
2,6,2,11,0.7008,0.7636,0.9559,0.6454,0.0174
2,6,3,0,0.9015,0.9304,0.9991,0.8820,0.0132
2,6,3,1,0.7724,0.7896,0.9909,0.7323,0.0086
2,6,3,2,0.8059,0.8529,0.9827,0.7755,0.0191
2,6,3,3,0.9278,0.9433,0.9988,0.9193,0.0279
2,6,3,4,0.6893,0.7636,0.9700,0.6391,0.0220
2,6,3,5,0.8265,0.8649,0.9977,0.7912,0.0326
2,6,3,6,0.8611,0.8804,0.9990,0.8475,0.0404
2,6,3,7,0.8595,0.8850,0.9999,0.8438,0.0345
2,6,3,8,0.7851,0.8205,0.9886,0.7396,0.0162
2,6,3,9,0.9104,0.9433,0.9999,0.8936,0.0089
2,6,3,10,0.7061,0.7448,0.9477,0.6572,0.0169
2,6,3,11,0.8491,0.8660,0.9997,0.8272,0.0235
2,6,4,0,0.8884,0.9065,0.9967,0.8693,0.0178
2,6,4,1,0.8591,0.8788,0.9968,0.8347,0.0133
2,6,4,2,0.8958,0.9158,0.9956,0.8823,0.0294
2,6,4,3,0.9420,0.9578,0.9999,0.9313,0.0097
2,6,4,4,0.8682,0.8938,0.9994,0.8482,0.0247
2,6,4,5,0.7518,0.8049,0.9777,0.6968,0.0412
2,6,4,6,0.8605,0.8817,1.0000,0.8421,0.0289
2,6,4,7,0.9012,0.9259,0.9974,0.8843,0.0108
2,6,4,8,0.7346,0.7374,0.9974,0.6729,0.0287
2,6,4,9,0.8855,0.9063,0.9994,0.8722,0.0336
2,6,4,10,0.7580,0.8071,0.9987,0.7039,0.0334
2,6,4,11,0.7730,0.8221,0.9895,0.7223,0.0292
2,6,5,0,0.3505,0.7939,0.9974,0.2232,0.0193
2,6,5,1,0.4285,0.8387,0.9997,0.2897,0.0236
2,6,5,2,0.4650,0.8427,0.9951,0.3114,0.0358
2,6,5,3,0.4156,0.7726,0.9995,0.2782,0.0192
2,6,5,4,0.2406,0.7640,0.9705,0.0993,0.0127
2,6,5,5,0.4660,0.8228,0.9969,0.3299,0.0271
2,6,5,6,0.4859,0.8051,0.9905,0.3513,0.0319
2,6,5,7,0.3222,0.8156,0.9914,0.1790,0.0130
2,6,5,8,0.4427,0.8267,0.9991,0.2880,0.0385
2,6,5,9,0.4341,0.8026,0.9942,0.2573,0.0433
2,6,5,10,0.3770,0.7927,0.9975,0.2252,0.0227
2,6,5,11,0.2948,0.8047,0.9878,0.1515,0.0100
2,7,0,0,0.3333,0.4851,0.9541,0.0776,0.0811
2,7,0,1,0.2101,0.4356,0.9397,0.0232,0.0538
2,7,0,2,0.3081,0.4194,0.9374,0.2158,0.0174
2,7,0,3,0.4317,0.4372,1.0000,0.3304,0.0187
2,7,0,4,0.3514,0.5073,0.9905,0.1743,0.0708
2,7,0,5,0.2621,0.6796,0.9806,0.0830,0.0518
2,7,0,6,0.2300,0.4059,0.9990,-0.0119,0.0716
2,7,0,7,0.2080,0.4864,0.9648,0.0356,0.0404
2,7,0,8,0.2873,0.5156,0.9905,0.1194,0.0441
2,7,0,9,0.1594,0.2894,0.9988,0.0001,0.0269
2,7,0,10,0.1846,0.4908,0.9206,0.0616,0.0103
2,7,0,11,0.3681,0.4520,0.9935,0.2095,0.0546
2,7,1,0,0.0890,0.4791,0.8988,-0.0142,0.0397
2,7,1,1,0.4568,0.5267,0.9997,0.3470,0.0336
2,7,1,2,0.4831,0.6117,0.9747,0.3693,0.0433
2,7,1,3,0.3949,0.5164,0.9648,0.2423,0.0576
2,7,1,4,0.2638,0.4040,0.9954,0.1118,0.0388
2,7,1,5,0.3711,0.5290,0.9829,0.2204,0.0507
2,7,1,6,0.1925,0.4429,0.9754,0.0546,0.0240
2,7,1,7,0.3151,0.4368,0.9391,0.1289,0.0652
2,7,1,8,0.2452,0.4984,0.9983,0.0937,0.0399
2,7,1,9,0.1167,0.4908,0.8965,0.0154,0.0377
2,7,1,10,0.2072,0.2991,1.0000,0.0330,0.0424
2,7,1,11,0.2820,0.3949,0.9955,0.1157,0.0462
2,7,2,0,0.8814,0.8963,0.9998,0.8621,0.0220
2,7,2,1,0.6021,0.6343,0.9833,0.5202,0.0760
2,7,2,2,0.8102,0.8335,0.9835,0.7788,0.0419
2,7,2,3,0.8803,0.9257,0.9972,0.8656,0.0216
2,7,2,4,0.8193,0.8306,0.9854,0.7911,0.0470
2,7,2,5,0.4999,0.6348,0.9927,0.4217,0.0154
2,7,2,6,0.8467,0.9038,0.9906,0.8216,0.0186
2,7,2,7,1.0000,1.0000,1.0000,1.0000,0.0000
2,7,2,8,0.8192,0.8407,0.9953,0.7887,0.0285
2,7,2,9,0.8810,0.9223,0.9767,0.8643,0.0374
2,7,2,10,0.8039,0.8510,0.9968,0.7702,0.0397
2,7,2,11,0.6898,0.8375,0.9871,0.6388,0.0150
2,7,3,0,0.8387,0.8920,0.9838,0.8116,0.0280
2,7,3,1,0.8140,0.8319,1.0000,0.7846,0.0155
2,7,3,2,0.8267,0.8982,0.9988,0.8015,0.0094
2,7,3,3,0.8491,0.9025,0.9960,0.8289,0.0207
2,7,3,4,0.8425,0.8605,0.9941,0.8193,0.0103
2,7,3,5,0.8140,0.8685,0.9976,0.7869,0.0507
2,7,3,6,0.8667,0.8900,0.9958,0.8525,0.0331
2,7,3,7,0.8967,0.9107,0.9920,0.8851,0.0271
2,7,3,8,0.8373,0.8549,0.9588,0.8101,0.0318
2,7,3,9,0.9238,0.9448,0.9923,0.9118,0.0165
2,7,3,10,0.7100,0.7896,0.9824,0.6662,0.0074
2,7,3,11,0.8753,0.8929,0.9937,0.8579,0.0142
2,7,4,0,0.8757,0.9232,0.9984,0.8564,0.0154
2,7,4,1,0.8396,0.8873,0.9984,0.8145,0.0141
2,7,4,2,0.8174,0.8655,0.9735,0.7931,0.0480
2,7,4,3,0.8749,0.9160,0.9882,0.8546,0.0155
2,7,4,4,0.8639,0.8959,0.9948,0.8442,0.0216
2,7,4,5,0.7614,0.8257,0.9972,0.7258,0.0597
2,7,4,6,0.8771,0.9048,0.9895,0.8610,0.0213
2,7,4,7,0.8445,0.9026,0.9979,0.8202,0.0161
2,7,4,8,0.7530,0.7820,0.9978,0.7104,0.0450
2,7,4,9,0.8910,0.9162,0.9947,0.8777,0.0262
2,7,4,10,0.7901,0.8420,0.9824,0.7603,0.0516
2,7,4,11,0.8056,0.8462,0.9604,0.7758,0.0472
2,7,5,0,0.3141,0.8286,0.9979,0.1943,0.0188
2,7,5,1,0.3841,0.8501,0.9939,0.2525,0.0373
2,7,5,2,0.4482,0.8650,0.9723,0.3123,0.0521
2,7,5,3,0.3738,0.8206,0.9944,0.2440,0.0350
2,7,5,4,0.1982,0.8028,0.9944,0.0648,0.0178
2,7,5,5,0.4181,0.8332,0.9767,0.2882,0.0401
2,7,5,6,0.4614,0.8227,0.9624,0.3393,0.0431
2,7,5,7,0.2834,0.8305,1.0000,0.1487,0.0244
2,7,5,8,0.4140,0.8450,0.9839,0.2726,0.0532
2,7,5,9,0.4157,0.8202,0.9701,0.2593,0.0596
2,7,5,10,0.3464,0.8309,0.9978,0.2059,0.0376
2,7,5,11,0.2588,0.8362,0.9998,0.1246,0.0203
2,8,0,0,0.3945,0.4695,0.9786,0.1152,0.0566
2,8,0,1,0.2454,0.4619,0.9022,0.0337,0.0292
2,8,0,2,0.0862,0.2861,0.8993,-0.0566,0.0370
2,8,0,3,0.2081,0.2686,0.9954,0.0409,0.0196
2,8,0,4,0.4272,0.5415,0.9992,0.2394,0.0431
2,8,0,5,0.2773,0.5911,0.9571,0.0678,0.0300
2,8,0,6,0.2248,0.3879,0.9899,-0.0698,0.0473
2,8,0,7,0.2279,0.4455,0.9348,0.0289,0.0190
2,8,0,8,0.4104,0.6120,0.9992,0.2460,0.0269
2,8,0,9,0.2104,0.2648,0.9893,0.0345,0.0205
2,8,0,10,0.1965,0.4721,0.8785,0.0548,0.0251
2,8,0,11,0.3334,0.4233,0.9998,0.1275,0.0313
2,8,1,0,0.1042,0.4620,0.8522,-0.0138,0.0524
2,8,1,1,0.3253,0.3820,0.9928,0.1603,0.0282
2,8,1,2,0.5081,0.5679,0.9918,0.3750,0.0278
2,8,1,3,0.4362,0.5508,0.9857,0.2628,0.0360
2,8,1,4,0.3008,0.4034,1.0000,0.1298,0.0142
2,8,1,5,0.4152,0.5219,0.9961,0.2458,0.0311
2,8,1,6,0.2147,0.3524,0.9494,0.0573,0.0127
2,8,1,7,0.3321,0.4311,0.9679,0.1119,0.0394
2,8,1,8,0.3060,0.4998,0.9880,0.1415,0.0161
2,8,1,9,0.1261,0.4771,0.8495,0.0095,0.0507
2,8,1,10,0.2001,0.2744,0.9945,-0.0082,0.0194
2,8,1,11,0.3827,0.4503,1.0000,0.2132,0.0286
2,8,2,0,0.8972,0.8946,0.9971,0.8754,0.0147
2,8,2,1,0.7086,0.7038,0.9963,0.6390,0.0500
2,8,2,2,0.8754,0.8820,0.9964,0.8475,0.0178
2,8,2,3,0.9266,0.9212,0.9998,0.9208,0.0369
2,8,2,4,0.9082,0.9103,0.9972,0.8899,0.0220
2,8,2,5,0.5519,0.6212,0.9764,0.4704,0.0183
2,8,2,6,0.7702,0.7936,0.9992,0.7249,0.0122
2,8,2,7,0.8192,0.8407,0.9953,0.7887,0.0285
2,8,2,8,1.0000,1.0000,1.0000,1.0000,0.0000
2,8,2,9,0.9145,0.9130,0.9929,0.8961,0.0124
2,8,2,10,0.7009,0.7029,0.9999,0.6298,0.0230
2,8,2,11,0.7803,0.8078,0.9670,0.7379,0.0236
2,8,3,0,0.8399,0.8456,0.9965,0.8063,0.0059
2,8,3,1,0.9676,0.9668,0.9956,0.9625,0.0155
2,8,3,2,0.9016,0.9081,0.9894,0.8873,0.0285
2,8,3,3,0.8487,0.8538,1.0000,0.8281,0.0337
2,8,3,4,0.5326,0.6076,0.9790,0.4534,0.0309
2,8,3,5,0.8380,0.8529,0.9996,0.8012,0.0247
2,8,3,6,0.9126,0.9042,1.0000,0.9080,0.0456
2,8,3,7,0.9053,0.9058,0.9996,0.8977,0.0407
2,8,3,8,0.9409,0.9388,0.9818,0.9282,0.0126
2,8,3,9,0.7799,0.8042,0.9996,0.7368,0.0154
2,8,3,10,0.7914,0.8056,0.9598,0.7560,0.0265
2,8,3,11,0.8930,0.9158,0.9999,0.8785,0.0305
2,8,4,0,0.8988,0.9032,0.9992,0.8813,0.0244
2,8,4,1,0.8949,0.8927,0.9992,0.8765,0.0196
2,8,4,2,0.8303,0.8397,0.9910,0.7921,0.0232
2,8,4,3,0.8056,0.8518,0.9984,0.7681,0.0146
2,8,4,4,0.9061,0.9054,1.0000,0.8927,0.0298
2,8,4,5,0.7604,0.8674,0.9854,0.7013,0.0323
2,8,4,6,0.9232,0.9137,0.9988,0.9155,0.0339
2,8,4,7,0.8667,0.8726,0.9995,0.8433,0.0162
2,8,4,8,0.7132,0.7756,0.9995,0.6390,0.0244
2,8,4,9,0.8932,0.9014,1.0000,0.8820,0.0387
2,8,4,10,0.9140,0.9298,0.9958,0.9042,0.0259
2,8,4,11,0.8751,0.9083,0.9829,0.8489,0.0205
2,8,5,0,0.3869,0.8770,0.9995,0.2609,0.0267
2,8,5,1,0.4074,0.8876,0.9999,0.2553,0.0201
2,8,5,2,0.4984,0.8599,0.9903,0.3464,0.0310
2,8,5,3,0.4190,0.8637,1.0000,0.2750,0.0180
2,8,5,4,0.2528,0.8332,0.9794,0.1071,0.0166
2,8,5,5,0.4832,0.8839,0.9929,0.3438,0.0236
2,8,5,6,0.5521,0.8911,0.9842,0.4291,0.0311
2,8,5,7,0.3635,0.8472,0.9959,0.2223,0.0179
2,8,5,8,0.4397,0.7922,0.9966,0.2743,0.0343
2,8,5,9,0.4852,0.8267,0.9890,0.3175,0.0384
2,8,5,10,0.4067,0.8932,0.9996,0.2545,0.0194
2,8,5,11,0.3275,0.8648,0.9933,0.1841,0.0172
2,9,0,0,0.5019,0.5570,0.9962,0.2316,0.0455
2,9,0,1,0.2674,0.4707,0.8443,0.0218,0.0220
2,9,0,2,0.1397,0.3641,0.8407,-0.0178,0.0467
2,9,0,3,0.3198,0.3693,0.9769,0.1505,0.0223
2,9,0,4,0.5230,0.6197,0.9969,0.3323,0.0335
2,9,0,5,0.3248,0.6956,0.9156,0.0902,0.0186
2,9,0,6,0.2611,0.4215,0.9659,-0.0770,0.0366
2,9,0,7,0.3138,0.5426,0.8858,0.1033,0.0142
2,9,0,8,0.3885,0.5763,0.9969,0.1819,0.0162
2,9,0,9,0.2747,0.3368,0.9647,0.0836,0.0214
2,9,0,10,0.2600,0.4958,0.8152,0.1077,0.0341
2,9,0,11,0.4248,0.5155,0.9948,0.2109,0.0202
2,9,1,0,0.1469,0.4522,0.7837,0.0162,0.0633
2,9,1,1,0.4185,0.4960,0.9714,0.2492,0.0217
2,9,1,2,0.5951,0.6679,1.0000,0.4618,0.0209
2,9,1,3,0.4941,0.6216,0.9988,0.3037,0.0236
2,9,1,4,0.4164,0.5002,0.9928,0.2466,0.0067
2,9,1,5,0.5048,0.6366,0.9995,0.3311,0.0194
2,9,1,6,0.2477,0.3805,0.9052,0.0702,0.0186
2,9,1,7,0.4381,0.5294,0.9910,0.2150,0.0289
2,9,1,8,0.3946,0.5778,0.9625,0.2241,0.0137
2,9,1,9,0.1729,0.4671,0.7805,0.0450,0.0614
2,9,1,10,0.2328,0.3078,0.9749,-0.0050,0.0102
2,9,1,11,0.4150,0.4877,0.9926,0.2214,0.0210
2,9,2,0,0.9112,0.9228,0.9810,0.8905,0.0186
2,9,2,1,0.7354,0.7236,0.9994,0.6393,0.0392
2,9,2,2,0.9083,0.9205,0.9994,0.8807,0.0078
2,9,2,3,0.9286,0.9366,0.9900,0.9314,0.0462
2,9,2,4,0.8878,0.8956,0.9990,0.8531,0.0136
2,9,2,5,0.6163,0.6589,0.9436,0.5377,0.0260
2,9,2,6,0.8981,0.9237,0.9969,0.8782,0.0193
2,9,2,7,0.8810,0.9223,0.9767,0.8643,0.0374
2,9,2,8,0.9145,0.9130,0.9929,0.8961,0.0124
2,9,2,9,1.0000,1.0000,1.0000,1.0000,0.0000
2,9,2,10,0.8412,0.8507,0.9907,0.7954,0.0186
2,9,2,11,0.8020,0.8353,0.9296,0.7606,0.0299
2,9,3,0,0.9415,0.9497,0.9993,0.9294,0.0127
2,9,3,1,0.8974,0.8973,0.9772,0.8811,0.0243
2,9,3,2,0.9033,0.9191,0.9650,0.8937,0.0372
2,9,3,3,0.9173,0.9332,0.9919,0.9147,0.0438
2,9,3,4,0.6639,0.7478,0.9477,0.6023,0.0391
2,9,3,5,0.9173,0.9250,0.9893,0.8920,0.0144
2,9,3,6,0.9106,0.9176,0.9923,0.9148,0.0565
2,9,3,7,0.9160,0.9301,0.9959,0.9185,0.0511
2,9,3,8,0.9187,0.9241,0.9974,0.8972,0.0125
2,9,3,9,0.9012,0.9252,0.9957,0.8822,0.0224
2,9,3,10,0.8133,0.8217,0.9194,0.7818,0.0356
2,9,3,11,0.9022,0.9246,0.9946,0.8947,0.0398
2,9,4,0,0.9211,0.9377,0.9872,0.9110,0.0318
2,9,4,1,0.9252,0.9289,0.9874,0.9158,0.0292
2,9,4,2,0.9295,0.9421,0.9999,0.9090,0.0112
2,9,4,3,0.9038,0.9399,0.9981,0.8862,0.0229
2,9,4,4,0.9130,0.9279,0.9934,0.9057,0.0401
2,9,4,5,0.8369,0.8916,0.9580,0.7833,0.0220
2,9,4,6,0.9242,0.9336,0.9975,0.9238,0.0441
2,9,4,7,0.9218,0.9437,0.9886,0.9118,0.0254
2,9,4,8,0.7734,0.7858,0.9886,0.6983,0.0139
2,9,4,9,0.9068,0.9320,0.9936,0.9050,0.0490
2,9,4,10,0.8959,0.9154,0.9996,0.8641,0.0151
2,9,4,11,0.8856,0.9209,0.9978,0.8496,0.0118
2,9,5,0,0.4088,0.8629,0.9886,0.2663,0.0292
2,9,5,1,0.4639,0.8991,0.9944,0.2989,0.0141
2,9,5,2,0.5402,0.9096,0.9998,0.3673,0.0198
2,9,5,3,0.4672,0.8672,0.9939,0.3092,0.0147
2,9,5,4,0.2913,0.8150,0.9484,0.1291,0.0251
2,9,5,5,0.5200,0.8830,1.0000,0.3629,0.0157
2,9,5,6,0.5724,0.8834,0.9983,0.4275,0.0238
2,9,5,7,0.3845,0.8584,0.9779,0.2231,0.0172
2,9,5,8,0.4967,0.8630,0.9993,0.3155,0.0225
2,9,5,9,0.5341,0.8811,0.9996,0.3445,0.0267
2,9,5,10,0.4421,0.8775,0.9888,0.2705,0.0130
2,9,5,11,0.3516,0.8656,0.9724,0.1887,0.0199
2,10,0,0,0.4805,0.5989,0.9751,0.1939,0.0454
2,10,0,1,0.2388,0.5107,0.9093,-0.0151,0.0197
2,10,0,2,0.2484,0.5034,0.9065,0.1134,0.0517
2,10,0,3,0.5615,0.5792,0.9969,0.4536,0.0234
2,10,0,4,0.5190,0.6529,0.9983,0.3280,0.0403
2,10,0,5,0.2818,0.7010,0.9618,0.0333,0.0145
2,10,0,6,0.2707,0.4713,0.9921,-0.0605,0.0340
2,10,0,7,0.2846,0.6051,0.9406,0.0664,0.0130
2,10,0,8,0.2339,0.4636,0.9983,-0.0243,0.0126
2,10,0,9,0.2487,0.3839,0.9916,0.0517,0.0147
2,10,0,10,0.1755,0.4680,0.8863,0.0055,0.0354
2,10,0,11,0.4182,0.5843,0.9994,0.2030,0.0199
2,10,1,0,0.0618,0.4313,0.8608,-0.0837,0.0714
2,10,1,1,0.5054,0.5834,0.9946,0.3621,0.0153
2,10,1,2,0.5267,0.6609,0.9895,0.3714,0.0101
2,10,1,3,0.4202,0.5707,0.9828,0.2016,0.0221
2,10,1,4,0.4524,0.5892,0.9999,0.2938,0.0158
2,10,1,5,0.4308,0.5918,0.9945,0.2315,0.0123
2,10,1,6,0.2206,0.4408,0.9545,0.0376,0.0205
2,10,1,7,0.4346,0.5602,0.9636,0.2115,0.0287
2,10,1,8,0.3941,0.6208,0.9904,0.2243,0.0138
2,10,1,9,0.0858,0.4445,0.8582,-0.0574,0.0693
2,10,1,10,0.2392,0.3252,0.9961,0.0047,0.0172
2,10,1,11,0.3243,0.4371,0.9999,0.1017,0.0096
2,10,2,0,0.7474,0.7513,0.9983,0.6854,0.0197
2,10,2,1,0.6571,0.6745,0.9947,0.5199,0.0406
2,10,2,2,0.7639,0.8011,0.9948,0.6929,0.0164
2,10,2,3,0.7286,0.7524,1.0000,0.6915,0.0531
2,10,2,4,0.7140,0.7288,0.9959,0.6247,0.0196
2,10,2,5,0.5304,0.5697,0.9799,0.4328,0.0288
2,10,2,6,0.8676,0.8777,0.9984,0.8404,0.0246
2,10,2,7,0.8039,0.8510,0.9968,0.7702,0.0397
2,10,2,8,0.7009,0.7029,0.9999,0.6298,0.0230
2,10,2,9,0.8412,0.8507,0.9907,0.7954,0.0186
2,10,2,10,1.0000,1.0000,1.0000,1.0000,0.0000
2,10,2,11,0.6431,0.6878,0.9711,0.5646,0.0275
2,10,3,0,0.8674,0.8800,0.9950,0.8367,0.0226
2,10,3,1,0.7074,0.7213,0.9970,0.6482,0.0290
2,10,3,2,0.7103,0.7266,0.9917,0.6596,0.0423
2,10,3,3,0.7752,0.7975,1.0000,0.7435,0.0521
2,10,3,4,0.7645,0.8478,0.9823,0.7245,0.0380
2,10,3,5,0.7767,0.7858,0.9999,0.7043,0.0212
2,10,3,6,0.7166,0.7299,0.9999,0.6838,0.0646
2,10,3,7,0.7317,0.7507,0.9989,0.6981,0.0588
2,10,3,8,0.7022,0.7030,0.9785,0.6223,0.0130
2,10,3,9,0.8847,0.8910,0.9990,0.8618,0.0247
2,10,3,10,0.6669,0.6657,0.9643,0.6036,0.0383
2,10,3,11,0.7458,0.7679,0.9995,0.7056,0.0470
2,10,4,0,0.7493,0.7740,0.9997,0.7006,0.0350
2,10,4,1,0.7794,0.7830,0.9997,0.7373,0.0362
2,10,4,2,0.8503,0.8566,0.9887,0.8023,0.0225
2,10,4,3,0.7934,0.8627,0.9973,0.7499,0.0301
2,10,4,4,0.7275,0.7549,0.9998,0.6807,0.0484
2,10,4,5,0.6520,0.7964,0.9881,0.5268,0.0293
2,10,4,6,0.7454,0.7717,0.9979,0.7087,0.0528
2,10,4,7,0.8006,0.8116,0.9999,0.7633,0.0311
2,10,4,8,0.6297,0.7269,0.9999,0.5054,0.0145
2,10,4,9,0.7349,0.7677,0.9997,0.6988,0.0577
2,10,4,10,0.6846,0.7188,0.9942,0.5755,0.0238
2,10,4,11,0.6692,0.7361,0.9797,0.5613,0.0273
2,10,5,0,0.3022,0.6655,0.9999,0.1343,0.0285
2,10,5,1,0.3891,0.7358,0.9995,0.2020,0.0136
2,10,5,2,0.4286,0.7526,0.9879,0.2122,0.0183
2,10,5,3,0.3690,0.6705,0.9997,0.1830,0.0137
2,10,5,4,0.1873,0.6499,0.9827,0.0015,0.0323
2,10,5,5,0.4123,0.7099,0.9907,0.2204,0.0164
2,10,5,6,0.4259,0.6875,0.9811,0.2313,0.0219
2,10,5,7,0.2923,0.7093,0.9972,0.1075,0.0196
2,10,5,8,0.4282,0.7908,0.9950,0.2225,0.0161
2,10,5,9,0.4167,0.7401,0.9864,0.1745,0.0233
2,10,5,10,0.3414,0.6945,0.9999,0.1399,0.0116
2,10,5,11,0.2653,0.6879,0.9951,0.0813,0.0232
2,11,0,0,0.3999,0.5075,0.8939,0.1555,0.0713
2,11,0,1,0.2655,0.5178,0.9824,0.0739,0.0455
2,11,0,2,0.0758,0.4025,0.9811,-0.0598,0.0299
2,11,0,3,0.2011,0.3683,0.9869,0.0431,0.0129
2,11,0,4,0.4087,0.5595,0.9557,0.2300,0.0636
2,11,0,5,0.2987,0.6689,0.9993,0.1102,0.0393
2,11,0,6,0.2112,0.4741,0.9933,-0.0681,0.0613
2,11,0,7,0.2094,0.5009,0.9945,0.0189,0.0313
2,11,0,8,0.5245,0.7398,0.9557,0.4050,0.0327
2,11,0,9,0.1741,0.3680,0.9938,0.0017,0.0201
2,11,0,10,0.5565,0.7285,0.9712,0.4834,0.0147
2,11,0,11,0.3496,0.5057,0.9624,0.1645,0.0456
2,11,1,0,0.4451,0.6879,0.9574,0.3793,0.0508
2,11,1,1,0.3553,0.4995,0.9905,0.2084,0.0201
2,11,1,2,0.4602,0.5656,0.9264,0.3246,0.0296
2,11,1,3,0.3600,0.5483,0.9102,0.1751,0.0477
2,11,1,4,0.3028,0.4503,0.9671,0.1437,0.0318
2,11,1,5,0.3874,0.5446,0.9406,0.2228,0.0393
2,11,1,6,0.1795,0.4926,0.9981,0.0253,0.0196
2,11,1,7,0.3258,0.4746,0.8719,0.1201,0.0559
2,11,1,8,0.3070,0.5435,0.9947,0.1535,0.0314
2,11,1,9,0.4734,0.7001,0.9559,0.4103,0.0487
2,11,1,10,0.2400,0.4348,0.9883,0.0555,0.0344
2,11,1,11,0.4264,0.5556,0.9675,0.2813,0.0356
2,11,2,0,0.7985,0.8958,0.9835,0.7588,0.0161
2,11,2,1,0.6023,0.6602,0.9415,0.4972,0.0672
2,11,2,2,0.7373,0.7794,0.9418,0.6796,0.0344
2,11,2,3,0.7709,0.8223,0.9724,0.7405,0.0326
2,11,2,4,0.7325,0.7821,0.9453,0.6730,0.0400
2,11,2,5,0.7512,0.8156,0.9992,0.7086,0.0147
2,11,2,6,0.7008,0.7636,0.9559,0.6454,0.0174
2,11,2,7,0.6898,0.8375,0.9871,0.6388,0.0150
2,11,2,8,0.7803,0.8078,0.9670,0.7379,0.0236
2,11,2,9,0.8020,0.8353,0.9296,0.7606,0.0299
2,11,2,10,0.6431,0.6878,0.9711,0.5646,0.0275
2,11,2,11,1.0000,1.0000,1.0000,1.0000,0.0000
2,11,3,0,0.7834,0.7908,0.9424,0.7412,0.0222
2,11,3,1,0.7819,0.8081,0.9867,0.7440,0.0155
2,11,3,2,0.8990,0.9133,0.9937,0.8838,0.0193
2,11,3,3,0.7538,0.7823,0.9689,0.7184,0.0322
2,11,3,4,0.5112,0.6949,0.9986,0.4327,0.0154
2,11,3,5,0.8322,0.8629,0.9735,0.8002,0.0433
2,11,3,6,0.7732,0.7836,0.9681,0.7470,0.0445
2,11,3,7,0.7487,0.7830,0.9590,0.7169,0.0385
2,11,3,8,0.7715,0.8139,0.9009,0.7243,0.0219
2,11,3,9,0.7254,0.7743,0.9596,0.6747,0.0111
2,11,3,10,0.9128,0.9438,0.9996,0.8989,0.0164
2,11,3,11,0.7342,0.7972,0.9629,0.6943,0.0266
2,11,4,0,0.8077,0.8402,0.9765,0.7748,0.0163
2,11,4,1,0.8468,0.8695,0.9763,0.8205,0.0211
2,11,4,2,0.7659,0.7854,0.9242,0.7157,0.0395
2,11,4,3,0.7289,0.7719,0.9508,0.6794,0.0160
2,11,4,4,0.7788,0.7947,0.9657,0.7444,0.0315
2,11,4,5,0.7855,0.8627,0.9963,0.7443,0.0518
2,11,4,6,0.7602,0.7872,0.9535,0.7265,0.0328
2,11,4,7,0.8101,0.8295,0.9745,0.7776,0.0173
2,11,4,8,0.6778,0.7450,0.9745,0.6019,0.0350
2,11,4,9,0.7328,0.7915,0.9653,0.6966,0.0376
2,11,4,10,0.8128,0.8506,0.9397,0.7780,0.0438
2,11,4,11,0.7486,0.7982,0.9034,0.6930,0.0410
2,11,5,0,0.2786,0.7680,0.9745,0.1397,0.0144
2,11,5,1,0.3223,0.7979,0.9633,0.1596,0.0253
2,11,5,2,0.4172,0.8068,0.9222,0.2509,0.0395
2,11,5,3,0.3518,0.7963,0.9646,0.2017,0.0218
2,11,5,4,0.1821,0.7540,0.9985,0.0325,0.0194
2,11,5,5,0.3982,0.7977,0.9296,0.2464,0.0278
2,11,5,6,0.4277,0.7800,0.9064,0.2794,0.0280
2,11,5,7,0.2747,0.7863,0.9861,0.1241,0.0152
2,11,5,8,0.3779,0.7732,0.9425,0.2063,0.0406
2,11,5,9,0.4161,0.7832,0.9187,0.2366,0.0477
2,11,5,10,0.3206,0.8073,0.9742,0.1576,0.0261
2,11,5,11,0.2415,0.7833,0.9900,0.0901,0.0179
3,0,0,0,0.4128,0.5083,0.9923,0.1437,0.0563
3,0,0,1,0.2552,0.4456,0.8633,0.0439,0.0287
3,0,0,2,0.0994,0.3191,0.8598,-0.0427,0.0366
3,0,0,3,0.2754,0.3089,0.9840,0.1207,0.0187
3,0,0,4,0.4293,0.5604,0.9991,0.2396,0.0442
3,0,0,5,0.3004,0.6454,0.9297,0.0956,0.0295
3,0,0,6,0.2166,0.3893,0.9747,-0.0854,0.0469
3,0,0,7,0.2258,0.4909,0.9021,0.0240,0.0185
3,0,0,8,0.2813,0.4875,0.9991,0.0758,0.0269
3,0,0,9,0.2113,0.3153,0.9737,0.0336,0.0198
3,0,0,10,0.1730,0.4267,0.8357,0.0256,0.0238
3,0,0,11,0.3294,0.4604,0.9978,0.1196,0.0313
3,0,1,0,0.0740,0.3863,0.8057,-0.0497,0.0528
3,0,1,1,0.3469,0.4465,0.9794,0.1854,0.0270
3,0,1,2,0.5360,0.6559,0.9990,0.4093,0.0271
3,0,1,3,0.4346,0.5915,0.9963,0.2582,0.0350
3,0,1,4,0.3144,0.4525,0.9965,0.1449,0.0150
3,0,1,5,0.4322,0.6035,1.0000,0.2660,0.0306
3,0,1,6,0.2200,0.3518,0.9201,0.0621,0.0122
3,0,1,7,0.3856,0.4951,0.9855,0.1830,0.0394
3,0,1,8,0.3121,0.5349,0.9717,0.1471,0.0171
3,0,1,9,0.1008,0.4001,0.8027,-0.0208,0.0509
3,0,1,10,0.1843,0.2961,0.9824,-0.0307,0.0190
3,0,1,11,0.3157,0.4165,0.9964,0.1244,0.0282
3,0,2,0,0.8502,0.8806,0.9874,0.8180,0.0141
3,0,2,1,0.6730,0.6795,1.0000,0.5833,0.0492
3,0,2,2,0.8747,0.8967,1.0000,0.8459,0.0177
3,0,2,3,0.8955,0.9050,0.9944,0.8851,0.0362
3,0,2,4,0.8056,0.8221,1.0000,0.7582,0.0222
3,0,2,5,0.5426,0.5744,0.9550,0.4586,0.0187
3,0,2,6,0.9015,0.9304,0.9991,0.8820,0.0132
3,0,2,7,0.8387,0.8920,0.9838,0.8116,0.0280
3,0,2,8,0.8399,0.8456,0.9965,0.8063,0.0059
3,0,2,9,0.9415,0.9497,0.9993,0.9294,0.0127
3,0,2,10,0.8674,0.8800,0.9950,0.8367,0.0226
3,0,2,11,0.7834,0.7908,0.9424,0.7412,0.0222
3,0,3,0,1.0000,1.0000,1.0000,1.0000,0.0000
3,0,3,1,0.8568,0.8635,0.9843,0.8309,0.0146
3,0,3,2,0.8706,0.8701,0.9739,0.8510,0.0271
3,0,3,3,0.9362,0.9466,0.9959,0.9304,0.0334
3,0,3,4,0.6451,0.7085,0.9587,0.5850,0.0294
3,0,3,5,0.8804,0.8827,0.9939,0.8552,0.0248
3,0,3,6,0.8962,0.9033,0.9961,0.8895,0.0458
3,0,3,7,0.8958,0.9108,0.9986,0.8870,0.0404
3,0,3,8,0.8302,0.8481,0.9942,0.7915,0.0122
3,0,3,9,0.8838,0.9031,0.9984,0.8609,0.0149
3,0,3,10,0.8113,0.7927,0.9331,0.7794,0.0251
3,0,3,11,0.8893,0.9109,0.9977,0.8743,0.0302
3,0,4,0,0.8973,0.9094,0.9923,0.8795,0.0217
3,0,4,1,0.9370,0.9336,0.9925,0.9266,0.0192
3,0,4,2,0.9625,0.9597,0.9987,0.9643,0.0220
3,0,4,3,0.9123,0.9521,0.9997,0.8954,0.0132
3,0,4,4,0.9070,0.9199,0.9969,0.8938,0.0291
3,0,4,5,0.7801,0.8587,0.9678,0.7264,0.0327
3,0,4,6,0.9046,0.9175,0.9994,0.8941,0.0333
3,0,4,7,0.9331,0.9352,0.9934,0.9219,0.0153
3,0,4,8,0.7527,0.7852,0.9935,0.6893,0.0249
3,0,4,9,0.8901,0.9232,0.9970,0.8786,0.0381
3,0,4,10,0.8502,0.8652,1.0000,0.8184,0.0261
3,0,4,11,0.8536,0.8966,0.9948,0.8202,0.0222
3,0,5,0,0.3987,0.8213,0.9934,0.2739,0.0232
3,0,5,1,0.4654,0.8491,0.9976,0.3271,0.0201
3,0,5,2,0.5096,0.8768,0.9984,0.3593,0.0316
3,0,5,3,0.4441,0.8304,0.9973,0.3048,0.0171
3,0,5,4,0.2575,0.7778,0.9593,0.1111,0.0157
3,0,5,5,0.4953,0.8448,0.9993,0.3576,0.0238
3,0,5,6,0.5520,0.8239,0.9955,0.4273,0.0314
3,0,5,7,0.3863,0.8261,0.9849,0.2486,0.0160
3,0,5,8,0.4849,0.8355,1.0000,0.3322,0.0340
3,0,5,9,0.4927,0.8490,0.9979,0.3253,0.0380
3,0,5,10,0.4347,0.8181,0.9936,0.2882,0.0192
3,0,5,11,0.3484,0.8126,0.9802,0.2080,0.0171
3,1,0,0,0.3413,0.4444,0.9549,0.0701,0.0684
3,1,0,1,0.2451,0.4766,0.9388,0.0574,0.0406
3,1,0,2,0.0671,0.2767,0.9365,-0.0639,0.0236
3,1,0,3,0.2020,0.2633,1.0000,0.0512,0.0156
3,1,0,4,0.3716,0.5051,0.9909,0.1899,0.0582
3,1,0,5,0.2604,0.5490,0.9801,0.0705,0.0404
3,1,0,6,0.2138,0.3892,0.9988,-0.0499,0.0589
3,1,0,7,0.1773,0.4104,0.9641,-0.0120,0.0287
3,1,0,8,0.3625,0.5812,0.9908,0.2055,0.0352
3,1,0,9,0.1662,0.2520,0.9986,0.0000,0.0210
3,1,0,10,0.1839,0.4554,0.9196,0.0546,0.0131
3,1,0,11,0.2817,0.4037,0.9938,0.0849,0.0418
3,1,1,0,0.1086,0.4520,0.8977,0.0028,0.0430
3,1,1,1,0.2918,0.3635,0.9997,0.1377,0.0283
3,1,1,2,0.4588,0.5387,0.9753,0.3304,0.0346
3,1,1,3,0.3906,0.5204,0.9655,0.2261,0.0457
3,1,1,4,0.2484,0.3798,0.9956,0.0845,0.0260
3,1,1,5,0.3700,0.5027,0.9833,0.2093,0.0401
3,1,1,6,0.1772,0.3496,0.9748,0.0295,0.0105
3,1,1,7,0.3018,0.4151,0.9400,0.0988,0.0520
3,1,1,8,0.2399,0.4709,0.9981,0.0791,0.0277
3,1,1,9,0.1267,0.4668,0.8954,0.0217,0.0410
3,1,1,10,0.1537,0.2606,0.9999,-0.0433,0.0302
3,1,1,11,0.3371,0.4273,0.9958,0.1760,0.0367
3,1,2,0,0.9128,0.9081,0.9998,0.8976,0.0147
3,1,2,1,0.6837,0.6822,0.9838,0.6279,0.0631
3,1,2,2,0.8854,0.8901,0.9839,0.8676,0.0292
3,1,2,3,0.9216,0.9193,0.9974,0.9128,0.0250
3,1,2,4,0.8919,0.8960,0.9858,0.8775,0.0344
3,1,2,5,0.5151,0.5889,0.9924,0.4354,0.0076
3,1,2,6,0.7724,0.7896,0.9909,0.7323,0.0086
3,1,2,7,0.8140,0.8319,1.0000,0.7846,0.0155
3,1,2,8,0.9676,0.9668,0.9956,0.9625,0.0155
3,1,2,9,0.8974,0.8973,0.9772,0.8811,0.0243
3,1,2,10,0.7074,0.7213,0.9970,0.6482,0.0290
3,1,2,11,0.7819,0.8081,0.9867,0.7440,0.0155
3,1,3,0,0.8568,0.8635,0.9843,0.8309,0.0146
3,1,3,1,1.0000,1.0000,1.0000,1.0000,0.0000
3,1,3,2,0.9091,0.9149,0.9987,0.8956,0.0145
3,1,3,3,0.8665,0.8684,0.9963,0.8484,0.0244
3,1,3,4,0.5152,0.5919,0.9939,0.4405,0.0180
3,1,3,5,0.8362,0.8494,0.9977,0.8100,0.0379
3,1,3,6,0.9302,0.9184,0.9960,0.9248,0.0360
3,1,3,7,0.9251,0.9173,0.9923,0.9178,0.0303
3,1,3,8,0.8908,0.8826,0.9595,0.8717,0.0211
3,1,3,9,0.7858,0.8056,0.9926,0.7482,0.0082
3,1,3,10,0.8187,0.8248,0.9820,0.7901,0.0124
3,1,3,11,0.9144,0.9220,0.9940,0.9026,0.0181
3,1,4,0,0.9067,0.9079,0.9986,0.8913,0.0159
3,1,4,1,0.9152,0.9120,0.9985,0.9012,0.0093
3,1,4,2,0.8412,0.8449,0.9740,0.8182,0.0349
3,1,4,3,0.8143,0.8596,0.9885,0.7821,0.0076
3,1,4,4,0.9266,0.9246,0.9951,0.9158,0.0214
3,1,4,5,0.7519,0.8684,0.9970,0.7061,0.0466
3,1,4,6,0.9307,0.9224,0.9899,0.9223,0.0250
3,1,4,7,0.8875,0.8884,0.9980,0.8690,0.0042
3,1,4,8,0.7177,0.7758,0.9980,0.6591,0.0330
3,1,4,9,0.9032,0.9091,0.9949,0.8917,0.0296
3,1,4,10,0.9202,0.9256,0.9828,0.9233,0.0385
3,1,4,11,0.8937,0.9200,0.9611,0.8825,0.0346
3,1,5,0,0.3367,0.8768,0.9980,0.2148,0.0189
3,1,5,1,0.3772,0.8748,0.9941,0.2360,0.0275
3,1,5,2,0.4496,0.8576,0.9728,0.3040,0.0411
3,1,5,3,0.3803,0.8756,0.9947,0.2443,0.0241
3,1,5,4,0.1907,0.8497,0.9941,0.0492,0.0119
3,1,5,5,0.4369,0.8810,0.9772,0.3036,0.0318
3,1,5,6,0.5206,0.8708,0.9631,0.4067,0.0363
3,1,5,7,0.3241,0.8426,1.0000,0.1904,0.0156
3,1,5,8,0.4090,0.7679,0.9843,0.2564,0.0432
3,1,5,9,0.4456,0.8323,0.9707,0.2889,0.0482
3,1,5,10,0.3725,0.8726,0.9979,0.2302,0.0283
3,1,5,11,0.2809,0.8580,0.9998,0.1439,0.0153
3,2,0,0,0.3465,0.4489,0.9384,0.1164,0.0812
3,2,0,1,0.2202,0.4553,0.9553,0.0430,0.0535
3,2,0,2,0.0649,0.2844,0.9533,-0.0559,0.0115
3,2,0,3,0.1747,0.2775,0.9987,0.0317,0.0217
3,2,0,4,0.3339,0.4857,0.9826,0.1590,0.0709
3,2,0,5,0.2662,0.6170,0.9890,0.0954,0.0526
3,2,0,6,0.1841,0.3857,1.0000,-0.0667,0.0715
3,2,0,7,0.1974,0.4337,0.9765,0.0289,0.0412
3,2,0,8,0.4228,0.5966,0.9826,0.2973,0.0463
3,2,0,9,0.1680,0.2788,1.0000,0.0161,0.0314
3,2,0,10,0.3183,0.5554,0.9386,0.2190,0.0082
3,2,0,11,0.3071,0.4122,0.9867,0.1370,0.0550
3,2,1,0,0.2157,0.5246,0.9192,0.1303,0.0329
3,2,1,1,0.3265,0.4120,0.9997,0.1936,0.0368
3,2,1,2,0.4856,0.5640,0.9627,0.3779,0.0467
3,2,1,3,0.3856,0.5388,0.9508,0.2375,0.0577
3,2,1,4,0.2318,0.3686,0.9895,0.0788,0.0392
3,2,1,5,0.3786,0.5298,0.9727,0.2366,0.0522
3,2,1,6,0.1724,0.3730,0.9850,0.0360,0.0239
3,2,1,7,0.3122,0.4189,0.9212,0.1333,0.0651
3,2,1,8,0.2268,0.4873,1.0000,0.0773,0.0411
3,2,1,9,0.2464,0.5370,0.9171,0.1632,0.0308
3,2,1,10,0.1664,0.2926,0.9992,-0.0108,0.0423
3,2,1,11,0.3734,0.4524,0.9897,0.2371,0.0487
3,2,2,0,0.9075,0.9386,0.9975,0.8946,0.0237
3,2,2,1,0.6145,0.6406,0.9732,0.5465,0.0760
3,2,2,2,0.8319,0.8509,0.9734,0.8084,0.0422
3,2,2,3,0.9201,0.9382,0.9924,0.9105,0.0146
3,2,2,4,0.8342,0.8528,0.9759,0.8130,0.0474
3,2,2,5,0.6736,0.7085,0.9974,0.6245,0.0158
3,2,2,6,0.8059,0.8529,0.9827,0.7755,0.0191
3,2,2,7,0.8267,0.8982,0.9988,0.8015,0.0094
3,2,2,8,0.9016,0.9081,0.9894,0.8873,0.0285
3,2,2,9,0.9033,0.9191,0.9650,0.8937,0.0372
3,2,2,10,0.7103,0.7266,0.9917,0.6596,0.0423
3,2,2,11,0.8990,0.9133,0.9937,0.8838,0.0193
3,2,3,0,0.8706,0.8701,0.9739,0.8510,0.0271
3,2,3,1,0.9091,0.9149,0.9987,0.8956,0.0145
3,2,3,2,1.0000,1.0000,1.0000,1.0000,0.0000
3,2,3,3,0.8682,0.8904,0.9905,0.8509,0.0136
3,2,3,4,0.5770,0.6761,0.9982,0.5169,0.0117
3,2,3,5,0.8665,0.8947,0.9929,0.8568,0.0510
3,2,3,6,0.9172,0.9189,0.9901,0.9089,0.0260
3,2,3,7,0.9076,0.9164,0.9847,0.8972,0.0200
3,2,3,8,0.8762,0.8935,0.9438,0.8589,0.0334
3,2,3,9,0.8413,0.8632,0.9850,0.8167,0.0172
3,2,3,10,0.9147,0.9081,0.9904,0.9023,0.0067
3,2,3,11,0.8708,0.9066,0.9870,0.8533,0.0091
3,2,4,0,0.9217,0.9353,0.9945,0.9102,0.0136
3,2,4,1,0.9139,0.9181,0.9944,0.9012,0.0107
3,2,4,2,0.8391,0.8480,0.9611,0.8247,0.0484
3,2,4,3,0.8519,0.8738,0.9795,0.8292,0.0147
3,2,4,4,0.9193,0.9236,0.9887,0.9079,0.0162
3,2,4,5,0.8499,0.8736,0.9997,0.8466,0.0596
3,2,4,6,0.9125,0.9151,0.9812,0.9014,0.0143
3,2,4,7,0.9054,0.9154,0.9935,0.8915,0.0128
3,2,4,8,0.7594,0.7653,0.9934,0.7228,0.0457
3,2,4,9,0.8865,0.9179,0.9885,0.8726,0.0189
3,2,4,10,0.8822,0.9164,0.9721,0.8832,0.0515
3,2,4,11,0.8754,0.8984,0.9457,0.8673,0.0477
3,2,5,0,0.3255,0.8672,0.9935,0.2121,0.0197
3,2,5,1,0.3744,0.8820,0.9873,0.2462,0.0396
3,2,5,2,0.4543,0.8872,0.9597,0.3274,0.0538
3,2,5,3,0.3757,0.8741,0.9880,0.2516,0.0364
3,2,5,4,0.1953,0.8453,0.9984,0.0662,0.0157
3,2,5,5,0.4333,0.8818,0.9650,0.3130,0.0431
3,2,5,6,0.4875,0.8711,0.9480,0.3783,0.0466
3,2,5,7,0.3065,0.8563,0.9985,0.1813,0.0264
3,2,5,8,0.3989,0.7928,0.9740,0.2598,0.0560
3,2,5,9,0.4336,0.8355,0.9571,0.2922,0.0605
3,2,5,10,0.3535,0.8676,0.9933,0.2204,0.0402
3,2,5,11,0.2682,0.8649,0.9996,0.1406,0.0218
3,3,0,0,0.3272,0.4173,0.9770,0.1073,0.0896
3,3,0,1,0.2150,0.3905,0.9056,0.0483,0.0615
3,3,0,2,0.0689,0.2328,0.9027,-0.0443,0.0091
3,3,0,3,0.2107,0.2419,0.9962,0.0824,0.0352
3,3,0,4,0.3102,0.4388,0.9988,0.1410,0.0757
3,3,0,5,0.2540,0.5786,0.9593,0.0919,0.0621
3,3,0,6,0.1982,0.3158,0.9910,-0.0295,0.0806
3,3,0,7,0.1901,0.3863,0.9376,0.0308,0.0506
3,3,0,8,0.3067,0.4379,0.9988,0.1618,0.0581
3,3,0,9,0.1544,0.2125,0.9904,0.0093,0.0444
3,3,0,10,0.1769,0.3534,0.8822,0.0641,0.0172
3,3,0,11,0.2916,0.3619,0.9997,0.1295,0.0639
3,3,1,0,0.0909,0.3359,0.8563,-0.0029,0.0197
3,3,1,1,0.3227,0.3852,0.9937,0.1981,0.0499
3,3,1,2,0.4965,0.5627,0.9907,0.4008,0.0571
3,3,1,3,0.4134,0.4893,0.9844,0.2860,0.0675
3,3,1,4,0.2064,0.3283,1.0000,0.0580,0.0462
3,3,1,5,0.3654,0.5016,0.9954,0.2310,0.0631
3,3,1,6,0.1872,0.3083,0.9519,0.0614,0.0331
3,3,1,7,0.3201,0.3958,0.9659,0.1576,0.0726
3,3,1,8,0.1935,0.4227,0.9892,0.0469,0.0490
3,3,1,9,0.1177,0.3463,0.8536,0.0254,0.0177
3,3,1,10,0.1369,0.2246,0.9953,-0.0358,0.0516
3,3,1,11,0.2772,0.3356,1.0000,0.1275,0.0599
3,3,2,0,0.8659,0.8983,0.9977,0.8486,0.0365
3,3,2,1,0.5571,0.5875,0.9956,0.4778,0.0831
3,3,2,2,0.8390,0.8540,0.9957,0.8222,0.0503
3,3,2,3,0.9281,0.9477,0.9999,0.9196,0.0084
3,3,2,4,0.7853,0.8083,0.9966,0.7584,0.0547
3,3,2,5,0.4973,0.5470,0.9781,0.4263,0.0251
3,3,2,6,0.9278,0.9433,0.9988,0.9193,0.0279
3,3,2,7,0.8491,0.9025,0.9960,0.8289,0.0207
3,3,2,8,0.8487,0.8538,1.0000,0.8281,0.0337
3,3,2,9,0.9173,0.9332,0.9919,0.9147,0.0438
3,3,2,10,0.7752,0.7975,1.0000,0.7435,0.0521
3,3,2,11,0.7538,0.7823,0.9689,0.7184,0.0322
3,3,3,0,0.9362,0.9466,0.9959,0.9304,0.0334
3,3,3,1,0.8665,0.8684,0.9963,0.8484,0.0244
3,3,3,2,0.8682,0.8904,0.9905,0.8509,0.0136
3,3,3,3,1.0000,1.0000,1.0000,1.0000,0.0000
3,3,3,4,0.6130,0.6761,0.9806,0.5614,0.0221
3,3,3,5,0.8514,0.8836,0.9998,0.8439,0.0580
3,3,3,6,0.9473,0.9568,1.0000,0.9421,0.0131
3,3,3,7,0.9413,0.9559,0.9993,0.9348,0.0079
3,3,3,8,0.8186,0.8431,0.9803,0.7941,0.0434
3,3,3,9,0.8640,0.8971,0.9994,0.8456,0.0286
3,3,3,10,0.7702,0.7798,0.9620,0.7391,0.0168
3,3,3,11,0.9356,0.9396,0.9997,0.9274,0.0091
3,3,4,0,0.9440,0.9524,0.9995,0.9371,0.0177
3,3,4,1,0.9330,0.9356,0.9995,0.9245,0.0161
3,3,4,2,0.9069,0.9141,0.9900,0.9171,0.0557
3,3,4,3,0.9657,0.9654,0.9979,0.9629,0.0234
3,3,4,4,0.9499,0.9618,0.9999,0.9435,0.0079
3,3,4,5,0.7771,0.8102,0.9867,0.7598,0.0655
3,3,4,6,0.9367,0.9444,0.9984,0.9289,0.0022
3,3,4,7,0.9420,0.9584,0.9997,0.9348,0.0213
3,3,4,8,0.7740,0.7590,0.9997,0.7484,0.0561
3,3,4,9,0.9547,0.9685,0.9999,0.9494,0.0059
3,3,4,10,0.8453,0.8683,0.9951,0.8429,0.0590
3,3,4,11,0.8754,0.8983,0.9814,0.8731,0.0523
3,3,5,0,0.3317,0.8778,0.9997,0.2265,0.0289
3,3,5,1,0.4066,0.8720,0.9998,0.2947,0.0509
3,3,5,2,0.4515,0.8828,0.9892,0.3354,0.0633
3,3,5,3,0.3837,0.8526,0.9999,0.2701,0.0465
3,3,5,4,0.1933,0.8416,0.9810,0.0717,0.0225
3,3,5,5,0.4368,0.8715,0.9919,0.3270,0.0542
3,3,5,6,0.5029,0.8487,0.9827,0.4073,0.0589
3,3,5,7,0.3180,0.8477,0.9965,0.2030,0.0372
3,3,5,8,0.4222,0.8120,0.9959,0.3010,0.0664
3,3,5,9,0.4244,0.8437,0.9878,0.2932,0.0700
3,3,5,10,0.3714,0.8388,0.9998,0.2519,0.0500
3,3,5,11,0.2810,0.8560,0.9942,0.1637,0.0313
3,4,0,0,0.3186,0.5134,0.9162,0.0626,0.0808
3,4,0,1,0.1873,0.5193,0.9712,-0.0003,0.0542
3,4,0,2,0.4945,0.6013,0.9695,0.4288,0.0159
3,4,0,3,0.6832,0.6904,0.9940,0.6296,0.0186
3,4,0,4,0.3442,0.5573,0.9699,0.1707,0.0727
3,4,0,5,0.2103,0.6845,0.9960,0.0223,0.0503
3,4,0,6,0.2286,0.4768,0.9980,-0.0064,0.0710
3,4,0,7,0.1847,0.5455,0.9876,0.0116,0.0404
3,4,0,8,0.2201,0.4583,0.9698,0.0394,0.0429
3,4,0,9,0.1159,0.3120,0.9983,-0.0475,0.0296
3,4,0,10,0.1703,0.5361,0.9574,0.0483,0.0087
3,4,0,11,0.3871,0.5184,0.9753,0.2396,0.0549
3,4,1,0,0.0847,0.5322,0.9409,-0.0164,0.0372
3,4,1,1,0.5053,0.6152,0.9964,0.4095,0.0335
3,4,1,2,0.3662,0.5307,0.9449,0.2264,0.0424
3,4,1,3,0.2856,0.4327,0.9307,0.1037,0.0571
3,4,1,4,0.2827,0.4635,0.9791,0.1390,0.0404
3,4,1,5,0.2874,0.4677,0.9572,0.1179,0.0494
3,4,1,6,0.1641,0.5421,0.9935,0.0250,0.0258
3,4,1,7,0.2926,0.4313,0.8965,0.1047,0.0649
3,4,1,8,0.2413,0.5135,0.9988,0.0932,0.0400
3,4,1,9,0.1162,0.5448,0.9392,0.0172,0.0351
3,4,1,10,0.2037,0.3181,0.9950,0.0334,0.0434
3,4,1,11,0.2125,0.3648,0.9795,0.0332,0.0460
3,4,2,0,0.6208,0.6861,0.9916,0.5556,0.0226
3,4,2,1,0.4554,0.5825,0.9579,0.3133,0.0760
3,4,2,2,0.5566,0.6545,0.9582,0.4698,0.0433
3,4,2,3,0.5878,0.6705,0.9833,0.5355,0.0191
3,4,2,4,0.5648,0.6477,0.9612,0.4779,0.0489
3,4,2,5,0.4528,0.6014,0.9999,0.3694,0.0153
3,4,2,6,0.6893,0.7636,0.9700,0.6391,0.0220
3,4,2,7,0.8425,0.8605,0.9941,0.8193,0.0103
3,4,2,8,0.5326,0.6076,0.9790,0.4534,0.0309
3,4,2,9,0.6639,0.7478,0.9477,0.6023,0.0391
3,4,2,10,0.7645,0.8478,0.9823,0.7245,0.0380
3,4,2,11,0.5112,0.6949,0.9986,0.4327,0.0154
3,4,3,0,0.6451,0.7085,0.9587,0.5850,0.0294
3,4,3,1,0.5152,0.5919,0.9939,0.4405,0.0180
3,4,3,2,0.5770,0.6761,0.9982,0.5169,0.0117
3,4,3,3,0.6130,0.6761,0.9806,0.5614,0.0221
3,4,3,4,1.0000,1.0000,1.0000,1.0000,0.0000
3,4,3,5,0.6423,0.7303,0.9842,0.5733,0.0523
3,4,3,6,0.5596,0.6061,0.9800,0.5082,0.0304
3,4,3,7,0.6102,0.6495,0.9726,0.5627,0.0244
3,4,3,8,0.5888,0.6537,0.9225,0.5142,0.0311
3,4,3,9,0.8282,0.8540,0.9731,0.8011,0.0165
3,4,3,10,0.5219,0.6280,0.9968,0.4516,0.0084
3,4,3,11,0.6030,0.6545,0.9758,0.5484,0.0141
3,4,4,0,0.6245,0.7006,0.9865,0.5674,0.0140
3,4,4,1,0.5926,0.6540,0.9863,0.5304,0.0174
3,4,4,2,0.6498,0.7072,0.9430,0.5826,0.0488
3,4,4,3,0.6849,0.7451,0.9658,0.6345,0.0174
3,4,4,4,0.5722,0.6225,0.9780,0.5115,0.0249
3,4,4,5,0.6047,0.6983,0.9994,0.5242,0.0615
3,4,4,6,0.5727,0.6368,0.9681,0.5164,0.0223
3,4,4,7,0.6474,0.7156,0.9849,0.5937,0.0182
3,4,4,8,0.5529,0.6346,0.9849,0.4597,0.0446
3,4,4,9,0.6035,0.6490,0.9777,0.5530,0.0246
3,4,4,10,0.5345,0.6324,0.9564,0.4340,0.0529
3,4,4,11,0.5202,0.5873,0.9247,0.4198,0.0499
3,4,5,0,0.2197,0.5721,0.9850,0.0868,0.0156
3,4,5,1,0.2993,0.6547,0.9761,0.1520,0.0360
3,4,5,2,0.3380,0.6626,0.9413,0.1720,0.0505
3,4,5,3,0.2832,0.5831,0.9771,0.1373,0.0334
3,4,5,4,0.1779,0.5452,1.0000,0.0447,0.0194
3,4,5,5,0.3196,0.6115,0.9477,0.1689,0.0391
3,4,5,6,0.3014,0.5875,0.9274,0.1408,0.0434
3,4,5,7,0.1943,0.6247,0.9935,0.0464,0.0237
3,4,5,8,0.3378,0.7594,0.9588,0.1789,0.0520
3,4,5,9,0.3317,0.6701,0.9382,0.1498,0.0577
3,4,5,10,0.2387,0.6164,0.9847,0.0775,0.0365
3,4,5,11,0.1824,0.6127,0.9960,0.0380,0.0214
3,5,0,0,0.5025,0.5651,0.9727,0.1549,0.0323
3,5,0,1,0.3271,0.5462,0.9135,0.0650,0.0169
3,5,0,2,0.1330,0.3741,0.9107,-0.0491,0.0601
3,5,0,3,0.3350,0.3775,0.9976,0.1459,0.0362
3,5,0,4,0.5616,0.6438,0.9977,0.3518,0.0205
3,5,0,5,0.3543,0.7345,0.9645,0.0928,0.0138
3,5,0,6,0.3286,0.4797,0.9933,-0.0309,0.0274
3,5,0,7,0.2592,0.5145,0.9441,-0.0038,0.0166
3,5,0,8,0.4183,0.5949,0.9977,0.1894,0.0166
3,5,0,9,0.2164,0.2977,0.9928,-0.0216,0.0274
3,5,0,10,0.3367,0.5479,0.8910,0.1835,0.0474
3,5,0,11,0.3895,0.4911,0.9990,0.1222,0.0142
3,5,1,0,0.2086,0.5020,0.8660,0.0736,0.0765
3,5,1,1,0.3743,0.4499,0.9957,0.1642,0.0323
3,5,1,2,0.4795,0.5656,0.9880,0.2791,0.0237
3,5,1,3,0.4191,0.5362,0.9808,0.1596,0.0142
3,5,1,4,0.4137,0.4819,0.9997,0.2172,0.0122
3,5,1,5,0.4661,0.5706,0.9933,0.2460,0.0159
3,5,1,6,0.2456,0.4381,0.9576,0.0416,0.0305
3,5,1,7,0.3838,0.4703,0.9608,0.0932,0.0172
3,5,1,8,0.4064,0.5535,0.9918,0.2144,0.0164
3,5,1,9,0.2301,0.5192,0.8634,0.0979,0.0748
3,5,1,10,0.2576,0.3445,0.9970,-0.0087,0.0113
3,5,1,11,0.3755,0.4444,0.9997,0.1350,0.0216
3,5,2,0,0.9056,0.9362,0.9988,0.8865,0.0297
3,5,2,1,0.7774,0.7740,0.9936,0.6710,0.0255
3,5,2,2,0.8829,0.8896,0.9937,0.8430,0.0110
3,5,2,3,0.8360,0.8742,1.0000,0.8293,0.0597
3,5,2,4,0.8950,0.8953,0.9949,0.8570,0.0055
3,5,2,5,0.6366,0.6899,0.9819,0.5576,0.0391
3,5,2,6,0.8265,0.8649,0.9977,0.7912,0.0326
3,5,2,7,0.8140,0.8685,0.9976,0.7869,0.0507
3,5,2,8,0.8380,0.8529,0.9996,0.8012,0.0247
3,5,2,9,0.9173,0.9250,0.9893,0.8920,0.0144
3,5,2,10,0.7767,0.7858,0.9999,0.7043,0.0212
3,5,2,11,0.8322,0.8629,0.9735,0.8002,0.0433
3,5,3,0,0.8804,0.8827,0.9939,0.8552,0.0248
3,5,3,1,0.8362,0.8494,0.9977,0.8100,0.0379
3,5,3,2,0.8665,0.8947,0.9929,0.8568,0.0510
3,5,3,3,0.8514,0.8836,0.9998,0.8439,0.0580
3,5,3,4,0.6423,0.7303,0.9842,0.5733,0.0523
3,5,3,5,1.0000,1.0000,1.0000,1.0000,0.0000
3,5,3,6,0.8231,0.8472,0.9998,0.8208,0.0698
3,5,3,7,0.8298,0.8560,0.9984,0.8249,0.0641
3,5,3,8,0.8526,0.8674,0.9763,0.8110,0.0222
3,5,3,9,0.8362,0.8608,0.9985,0.8040,0.0363
3,5,3,10,0.8264,0.8436,0.9670,0.8027,0.0488
3,5,3,11,0.8326,0.8550,0.9991,0.8175,0.0540
3,5,4,0,0.8794,0.9059,0.9999,0.8661,0.0452
3,5,4,1,0.8475,0.8697,0.9999,0.8254,0.0432
3,5,4,2,0.8921,0.8975,0.9871,0.8486,0.0103
3,5,4,3,0.8134,0.8650,0.9965,0.7759,0.0371
3,5,4,4,0.8241,0.8549,0.9995,0.8035,0.0538
3,5,4,5,0.8758,0.9337,0.9896,0.8230,0.0101
3,5,4,6,0.8142,0.8394,0.9972,0.7987,0.0582
3,5,4,7,0.8738,0.8990,1.0000,0.8590,0.0391
3,5,4,8,0.7296,0.7500,1.0000,0.6219,0.0143
3,5,4,9,0.8062,0.8546,0.9994,0.7919,0.0629
3,5,4,10,0.8779,0.9043,0.9930,0.8273,0.0054
3,5,4,11,0.8196,0.8653,0.9775,0.7500,0.0112
3,5,5,0,0.3255,0.8388,1.0000,0.1393,0.0432
3,5,5,1,0.3991,0.8897,0.9992,0.1850,0.0211
3,5,5,2,0.4933,0.8915,0.9862,0.2659,0.0159
3,5,5,3,0.4049,0.8507,0.9994,0.2014,0.0255
3,5,5,4,0.2581,0.7996,0.9845,0.0636,0.0392
3,5,5,5,0.4620,0.8614,0.9893,0.2567,0.0226
3,5,5,6,0.4957,0.8480,0.9790,0.2950,0.0234
3,5,5,7,0.3239,0.8534,0.9979,0.1203,0.0310
3,5,5,8,0.4517,0.8543,0.9940,0.2188,0.0202
3,5,5,9,0.5228,0.9047,0.9847,0.2878,0.0148
3,5,5,10,0.3799,0.8752,1.0000,0.1592,0.0188
3,5,5,11,0.2821,0.8608,0.9960,0.0749,0.0335
3,6,0,0,0.2840,0.3649,0.9777,0.0766,0.1020
3,6,0,1,0.2044,0.3584,0.9042,0.0563,0.0742
3,6,0,2,0.0414,0.1909,0.9013,-0.0625,0.0158
3,6,0,3,0.1514,0.1861,0.9959,0.0290,0.0481
3,6,0,4,0.2817,0.4046,0.9990,0.1286,0.0873
3,6,0,5,0.2423,0.5371,0.9584,0.0986,0.0755
3,6,0,6,0.1607,0.2758,0.9905,-0.0512,0.0929
3,6,0,7,0.1801,0.3493,0.9365,0.0381,0.0635
3,6,0,8,0.3120,0.4452,0.9990,0.1882,0.0707
3,6,0,9,0.1476,0.1900,0.9899,0.0182,0.0565
3,6,0,10,0.1726,0.3420,0.8807,0.0719,0.0296
3,6,0,11,0.2675,0.3292,0.9998,0.1215,0.0766
3,6,1,0,0.0939,0.3282,0.8546,0.0105,0.0074
3,6,1,1,0.2891,0.3261,0.9933,0.1744,0.0627
3,6,1,2,0.4900,0.5395,0.9912,0.4095,0.0702
3,6,1,3,0.4144,0.4835,0.9849,0.3089,0.0808
3,6,1,4,0.1775,0.2882,1.0000,0.0416,0.0587
3,6,1,5,0.3642,0.4871,0.9957,0.2496,0.0758
3,6,1,6,0.1737,0.2672,0.9509,0.0605,0.0450
3,6,1,7,0.2912,0.3661,0.9668,0.1441,0.0851
3,6,1,8,0.1735,0.3966,0.9887,0.0408,0.0613
3,6,1,9,0.1169,0.3384,0.8519,0.0345,0.0076
3,6,1,10,0.1216,0.2020,0.9950,-0.0339,0.0648
3,6,1,11,0.2844,0.3361,1.0000,0.1562,0.0726
3,6,2,0,0.9052,0.9109,0.9975,0.9005,0.0490
3,6,2,1,0.5745,0.5825,0.9959,0.5289,0.0953
3,6,2,2,0.8746,0.8683,0.9960,0.8750,0.0627
3,6,2,3,0.9800,0.9814,0.9998,0.9782,0.0117
3,6,2,4,0.8358,0.8291,0.9969,0.8314,0.0670
3,6,2,5,0.4764,0.5320,0.9774,0.4117,0.0362
3,6,2,6,0.8611,0.8804,0.9990,0.8475,0.0404
3,6,2,7,0.8667,0.8900,0.9958,0.8525,0.0331
3,6,2,8,0.9126,0.9042,1.0000,0.9080,0.0456
3,6,2,9,0.9106,0.9176,0.9923,0.9148,0.0565
3,6,2,10,0.7166,0.7299,0.9999,0.6838,0.0646
3,6,2,11,0.7732,0.7836,0.9681,0.7470,0.0445
3,6,3,0,0.8962,0.9033,0.9961,0.8895,0.0458
3,6,3,1,0.9302,0.9184,0.9960,0.9248,0.0360
3,6,3,2,0.9172,0.9189,0.9901,0.9089,0.0260
3,6,3,3,0.9473,0.9568,1.0000,0.9421,0.0131
3,6,3,4,0.5596,0.6061,0.9800,0.5082,0.0304
3,6,3,5,0.8231,0.8472,0.9998,0.8208,0.0698
3,6,3,6,1.0000,1.0000,1.0000,1.0000,0.0000
3,6,3,7,0.9922,0.9929,0.9994,0.9915,0.0061
3,6,3,8,0.8639,0.8633,0.9809,0.8555,0.0567
3,6,3,9,0.8480,0.8660,0.9995,0.8325,0.0413
3,6,3,10,0.7847,0.7842,0.9611,0.7603,0.0288
3,6,3,11,0.9705,0.9692,0.9998,0.9681,0.0201
3,6,4,0,0.9629,0.9665,0.9993,0.9615,0.0297
3,6,4,1,0.9438,0.9479,0.9994,0.9400,0.0291
3,6,4,2,0.8521,0.8601,0.9904,0.8605,0.0682
3,6,4,3,0.9275,0.9334,0.9981,0.9230,0.0362
3,6,4,4,0.9923,0.9941,1.0000,0.9930,0.0170
3,6,4,5,0.7882,0.8092,0.9862,0.7897,0.0772
3,6,4,6,0.9895,0.9860,0.9986,0.9889,0.0122
3,6,4,7,0.9250,0.9389,0.9996,0.9187,0.0333
3,6,4,8,0.7846,0.7674,0.9996,0.7751,0.0688
3,6,4,9,0.9902,0.9945,0.9999,0.9894,0.0071
3,6,4,10,0.8807,0.8829,0.9954,0.9012,0.0715
3,6,4,11,0.9200,0.9287,0.9820,0.9393,0.0637
3,6,5,0,0.3345,0.9305,0.9996,0.2427,0.0418
3,6,5,1,0.3877,0.9005,0.9998,0.2883,0.0636
3,6,5,2,0.4479,0.8967,0.9897,0.3520,0.0765
3,6,5,3,0.3798,0.8927,0.9999,0.2814,0.0595
3,6,5,4,0.1809,0.9023,0.9804,0.0716,0.0358
3,6,5,5,0.4344,0.9039,0.9923,0.3414,0.0672
3,6,5,6,0.5181,0.8999,0.9833,0.4436,0.0722
3,6,5,7,0.3138,0.8889,0.9963,0.2126,0.0502
3,6,5,8,0.4106,0.7986,0.9962,0.3065,0.0790
3,6,5,9,0.4153,0.8284,0.9883,0.3056,0.0835
3,6,5,10,0.3706,0.8824,0.9997,0.2678,0.0637
3,6,5,11,0.2754,0.9068,0.9938,0.1715,0.0445
3,7,0,0,0.2951,0.3886,0.9843,0.0810,0.0966
3,7,0,1,0.2139,0.3744,0.8891,0.0611,0.0687
3,7,0,2,0.0922,0.2327,0.8860,-0.0101,0.0100
3,7,0,3,0.2136,0.2357,0.9922,0.0959,0.0422
3,7,0,4,0.2920,0.4274,0.9999,0.1337,0.0832
3,7,0,5,0.2705,0.5503,0.9481,0.1269,0.0696
3,7,0,6,0.1719,0.2917,0.9853,-0.0458,0.0871
3,7,0,7,0.1989,0.3731,0.9239,0.0545,0.0578
3,7,0,8,0.2934,0.4531,0.9999,0.1586,0.0651
3,7,0,9,0.1585,0.2070,0.9845,0.0254,0.0509
3,7,0,10,0.1537,0.3531,0.8639,0.0464,0.0237
3,7,0,11,0.2858,0.3526,0.9999,0.1374,0.0709
3,7,1,0,0.0760,0.3388,0.8363,-0.0125,0.0125
3,7,1,1,0.3297,0.3633,0.9888,0.2174,0.0569
3,7,1,2,0.4949,0.5596,0.9951,0.4100,0.0644
3,7,1,3,0.4160,0.4971,0.9903,0.3037,0.0751
3,7,1,4,0.1929,0.3091,0.9995,0.0539,0.0527
3,7,1,5,0.3728,0.5067,0.9983,0.2539,0.0701
3,7,1,6,0.1758,0.2873,0.9397,0.0580,0.0396
3,7,1,7,0.3065,0.3898,0.9749,0.1561,0.0796
3,7,1,8,0.1843,0.4133,0.9830,0.0477,0.0555
3,7,1,9,0.0973,0.3484,0.8335,0.0097,0.0106
3,7,1,10,0.1292,0.2138,0.9910,-0.0315,0.0590
3,7,1,11,0.2722,0.3457,0.9995,0.1346,0.0670
3,7,2,0,0.9081,0.9158,0.9945,0.9018,0.0429
3,7,2,1,0.5897,0.6025,0.9984,0.5419,0.0903
3,7,2,2,0.8876,0.8839,0.9985,0.8875,0.0567
3,7,2,3,0.9762,0.9820,0.9987,0.9736,0.0067
3,7,2,4,0.8493,0.8436,0.9990,0.8441,0.0611
3,7,2,5,0.4505,0.5373,0.9696,0.3791,0.0304
3,7,2,6,0.8595,0.8850,0.9999,0.8438,0.0345
3,7,2,7,0.8967,0.9107,0.9920,0.8851,0.0271
3,7,2,8,0.9053,0.9058,0.9996,0.8977,0.0407
3,7,2,9,0.9160,0.9301,0.9959,0.9185,0.0511
3,7,2,10,0.7317,0.7507,0.9989,0.6981,0.0588
3,7,2,11,0.7487,0.7830,0.9590,0.7169,0.0385
3,7,3,0,0.8958,0.9108,0.9986,0.8870,0.0404
3,7,3,1,0.9251,0.9173,0.9923,0.9178,0.0303
3,7,3,2,0.9076,0.9164,0.9847,0.8972,0.0200
3,7,3,3,0.9413,0.9559,0.9993,0.9348,0.0079
3,7,3,4,0.6102,0.6495,0.9726,0.5627,0.0244
3,7,3,5,0.8298,0.8560,0.9984,0.8249,0.0641
3,7,3,6,0.9922,0.9929,0.9994,0.9915,0.0061
3,7,3,7,1.0000,1.0000,1.0000,1.0000,0.0000
3,7,3,8,0.8673,0.8745,0.9870,0.8568,0.0511
3,7,3,9,0.8759,0.8907,1.0000,0.8626,0.0355
3,7,3,10,0.7641,0.7845,0.9510,0.7354,0.0229
3,7,3,11,0.9775,0.9776,0.9999,0.9754,0.0143
3,7,4,0,0.9560,0.9631,0.9975,0.9526,0.0239
3,7,4,1,0.9295,0.9451,0.9976,0.9226,0.0236
3,7,4,2,0.8534,0.8705,0.9946,0.8578,0.0624
3,7,4,3,0.9286,0.9389,0.9996,0.9227,0.0304
3,7,4,4,0.9846,0.9890,0.9997,0.9837,0.0150
3,7,4,5,0.7902,0.8132,0.9799,0.7871,0.0726
3,7,4,6,0.9845,0.9862,0.9998,0.9830,0.0075
3,7,4,7,0.9159,0.9375,0.9981,0.9071,0.0276
3,7,4,8,0.7896,0.7752,0.9981,0.7768,0.0631
3,7,4,9,0.9848,0.9906,0.9997,0.9832,0.0053
3,7,4,10,0.8773,0.8848,0.9981,0.8925,0.0659
3,7,4,11,0.9230,0.9346,0.9879,0.9393,0.0592
3,7,5,0,0.3416,0.9303,0.9981,0.2466,0.0361
3,7,5,1,0.4031,0.9036,0.9999,0.3015,0.0581
3,7,5,2,0.4634,0.9053,0.9940,0.3650,0.0707
3,7,5,3,0.3856,0.9030,0.9998,0.2831,0.0535
3,7,5,4,0.1927,0.8973,0.9731,0.0803,0.0303
3,7,5,5,0.4399,0.9064,0.9960,0.3424,0.0616
3,7,5,6,0.5250,0.9016,0.9890,0.4465,0.0665
3,7,5,7,0.3241,0.8868,0.9927,0.2197,0.0444
3,7,5,8,0.4314,0.8054,0.9986,0.3262,0.0731
3,7,5,9,0.4325,0.8420,0.9930,0.3206,0.0776
3,7,5,10,0.3800,0.8836,0.9982,0.2734,0.0580
3,7,5,11,0.2856,0.9054,0.9894,0.1786,0.0389
3,8,0,0,0.4355,0.5087,0.9999,0.1417,0.0492
3,8,0,1,0.2230,0.4196,0.8038,-0.0196,0.0228
3,8,0,2,0.0968,0.3081,0.7998,-0.0586,0.0436
3,8,0,3,0.2282,0.2810,0.9592,0.0483,0.0156
3,8,0,4,0.4605,0.5554,0.9887,0.2606,0.0416
3,8,0,5,0.3100,0.6301,0.8846,0.0873,0.0194
3,8,0,6,0.2538,0.3928,0.9449,-0.0622,0.0398
3,8,0,7,0.2487,0.4659,0.8503,0.0340,0.0102
3,8,0,8,0.4828,0.6455,0.9888,0.3217,0.0159
3,8,0,9,0.2024,0.2772,0.9434,0.0060,0.0118
3,8,0,10,0.2541,0.5162,0.7717,0.1098,0.0275
3,8,0,11,0.3628,0.4469,0.9849,0.1426,0.0238
3,8,1,0,0.1593,0.4938,0.7372,0.0387,0.0629
3,8,1,1,0.3538,0.4146,0.9519,0.1784,0.0203
3,8,1,2,0.5036,0.5974,0.9980,0.3520,0.0176
3,8,1,3,0.4515,0.5760,0.9998,0.2608,0.0256
3,8,1,4,0.3191,0.4226,0.9817,0.1343,0.0121
3,8,1,5,0.4614,0.5661,0.9947,0.2866,0.0197
3,8,1,6,0.2386,0.3631,0.8725,0.0705,0.0127
3,8,1,7,0.3582,0.4576,0.9980,0.1208,0.0335
3,8,1,8,0.3536,0.5029,0.9406,0.1838,0.0114
3,8,1,9,0.1866,0.5071,0.7338,0.0687,0.0609
3,8,1,10,0.2005,0.2759,0.9565,-0.0304,0.0124
3,8,1,11,0.3928,0.4667,0.9814,0.2063,0.0182
3,8,2,0,0.8764,0.8773,0.9646,0.8477,0.0120
3,8,2,1,0.7331,0.7204,0.9945,0.6523,0.0450
3,8,2,2,0.8553,0.8618,0.9944,0.8156,0.0139
3,8,2,3,0.8981,0.8987,0.9773,0.8913,0.0447
3,8,2,4,0.9041,0.8981,0.9932,0.8782,0.0188
3,8,2,5,0.5740,0.6445,0.9175,0.4901,0.0208
3,8,2,6,0.7851,0.8205,0.9886,0.7396,0.0162
3,8,2,7,0.8373,0.8549,0.9588,0.8101,0.0318
3,8,2,8,0.9409,0.9388,0.9818,0.9282,0.0126
3,8,2,9,0.9187,0.9241,0.9974,0.8972,0.0125
3,8,2,10,0.7022,0.7030,0.9785,0.6223,0.0130
3,8,2,11,0.7715,0.8139,0.9009,0.7243,0.0219
3,8,3,0,0.8302,0.8481,0.9942,0.7915,0.0122
3,8,3,1,0.8908,0.8826,0.9595,0.8717,0.0211
3,8,3,2,0.8762,0.8935,0.9438,0.8589,0.0334
3,8,3,3,0.8186,0.8431,0.9803,0.7941,0.0434
3,8,3,4,0.5888,0.6537,0.9225,0.5142,0.0311
3,8,3,5,0.8526,0.8674,0.9763,0.8110,0.0222
3,8,3,6,0.8639,0.8633,0.9809,0.8555,0.0567
3,8,3,7,0.8673,0.8745,0.9870,0.8568,0.0511
3,8,3,8,1.0000,1.0000,1.0000,1.0000,0.0000
3,8,3,9,0.8045,0.8254,0.9866,0.7636,0.0158
3,8,3,10,0.7561,0.7790,0.8889,0.7126,0.0300
3,8,3,11,0.8500,0.8802,0.9846,0.8295,0.0387
3,8,4,0,0.8763,0.8866,0.9732,0.8548,0.0267
3,8,4,1,0.8454,0.8507,0.9735,0.8174,0.0278
3,8,4,2,0.8401,0.8615,0.9984,0.7946,0.0194
3,8,4,3,0.8069,0.8409,0.9910,0.7672,0.0211
3,8,4,4,0.8612,0.8673,0.9827,0.8410,0.0398
3,8,4,5,0.7964,0.8376,0.9350,0.7362,0.0300
3,8,4,6,0.8795,0.8758,0.9898,0.8671,0.0441
3,8,4,7,0.8372,0.8563,0.9753,0.8077,0.0228
3,8,4,8,0.7262,0.7394,0.9754,0.6433,0.0156
3,8,4,9,0.8556,0.8696,0.9829,0.8408,0.0490
3,8,4,10,0.8920,0.9091,0.9950,0.8651,0.0223
3,8,4,11,0.8533,0.8866,1.0000,0.8120,0.0215
3,8,5,0,0.5087,0.8323,0.9753,0.3978,0.0236
3,8,5,1,0.5254,0.8672,0.9844,0.3899,0.0100
3,8,5,2,0.6043,0.8688,0.9987,0.4710,0.0215
3,8,5,3,0.5330,0.8448,0.9835,0.4043,0.0095
3,8,5,4,0.4176,0.7684,0.9233,0.2930,0.0237
3,8,5,5,0.5928,0.8578,0.9974,0.4702,0.0144
3,8,5,6,0.6420,0.8825,0.9999,0.5316,0.0214
3,8,5,7,0.4711,0.8181,0.9604,0.3414,0.0119
3,8,5,8,0.5197,0.8123,0.9941,0.3612,0.0225
3,8,5,9,0.5787,0.8342,0.9991,0.4264,0.0267
3,8,5,10,0.5129,0.8703,0.9756,0.3739,0.0085
3,8,5,11,0.4468,0.8303,0.9532,0.3167,0.0136
3,9,0,0,0.4165,0.4993,0.9839,0.1795,0.0648
3,9,0,1,0.2183,0.4251,0.8901,0.0103,0.0380
3,9,0,2,0.2443,0.3849,0.8870,0.1325,0.0276
3,9,0,3,0.4571,0.4584,0.9924,0.3484,0.0086
3,9,0,4,0.3892,0.5169,0.9999,0.1996,0.0565
3,9,0,5,0.2703,0.6544,0.9488,0.0704,0.0355
3,9,0,6,0.2520,0.3824,0.9856,-0.0134,0.0553
3,9,0,7,0.2528,0.4918,0.9248,0.0706,0.0245
3,9,0,8,0.2975,0.4588,0.9999,0.1103,0.0298
3,9,0,9,0.1841,0.2593,0.9849,0.0114,0.0166
3,9,0,10,0.2142,0.4341,0.8651,0.0824,0.0126
3,9,0,11,0.3688,0.4444,1.0000,0.1869,0.0392
3,9,1,0,0.1063,0.4119,0.8376,-0.0059,0.0478
3,9,1,1,0.4721,0.5073,0.9891,0.3508,0.0210
3,9,1,2,0.5097,0.5944,0.9949,0.3855,0.0295
3,9,1,3,0.4091,0.5150,0.9900,0.2379,0.0413
3,9,1,4,0.3040,0.4074,0.9996,0.1428,0.0246
3,9,1,5,0.4011,0.5328,0.9981,0.2379,0.0353
3,9,1,6,0.2120,0.3904,0.9405,0.0619,0.0112
3,9,1,7,0.3678,0.4484,0.9744,0.1742,0.0491
3,9,1,8,0.2657,0.4928,0.9834,0.1006,0.0253
3,9,1,9,0.1379,0.4236,0.8348,0.0284,0.0457
3,9,1,10,0.1969,0.2573,0.9913,-0.0014,0.0270
3,9,1,11,0.3037,0.3681,0.9996,0.1218,0.0317
3,9,2,0,0.8453,0.8581,0.9947,0.8144,0.0101
3,9,2,1,0.6016,0.6114,0.9983,0.4927,0.0606
3,9,2,2,0.7922,0.8154,0.9983,0.7470,0.0275
3,9,2,3,0.8616,0.8900,0.9988,0.8447,0.0296
3,9,2,4,0.7787,0.7936,0.9989,0.7299,0.0333
3,9,2,5,0.5505,0.5996,0.9701,0.4723,0.0079
3,9,2,6,0.9104,0.9433,0.9999,0.8936,0.0089
3,9,2,7,0.9238,0.9448,0.9923,0.9118,0.0165
3,9,2,8,0.7799,0.8042,0.9996,0.7368,0.0154
3,9,2,9,0.9012,0.9252,0.9957,0.8822,0.0224
3,9,2,10,0.8847,0.8910,0.9990,0.8618,0.0247
3,9,2,11,0.7254,0.7743,0.9596,0.6747,0.0111
3,9,3,0,0.8838,0.9031,0.9984,0.8609,0.0149
3,9,3,1,0.7858,0.8056,0.9926,0.7482,0.0082
3,9,3,2,0.8413,0.8632,0.9850,0.8167,0.0172
3,9,3,3,0.8640,0.8971,0.9994,0.8456,0.0286
3,9,3,4,0.8282,0.8540,0.9731,0.8011,0.0165
3,9,3,5,0.8362,0.8608,0.9985,0.8040,0.0363
3,9,3,6,0.8480,0.8660,0.9995,0.8325,0.0413
3,9,3,7,0.8759,0.8907,1.0000,0.8626,0.0355
3,9,3,8,0.8045,0.8254,0.9866,0.7636,0.0158
3,9,3,9,1.0000,1.0000,1.0000,1.0000,0.0000
3,9,3,10,0.7410,0.7548,0.9517,0.6981,0.0140
3,9,3,11,0.8370,0.8593,0.9999,0.8132,0.0231
3,9,4,0,0.8769,0.8992,0.9977,0.8558,0.0145
3,9,4,1,0.8500,0.8703,0.9978,0.8241,0.0143
3,9,4,2,0.8707,0.8830,0.9943,0.8500,0.0329
3,9,4,3,0.9054,0.9340,0.9996,0.8879,0.0082
3,9,4,4,0.8553,0.8772,0.9997,0.8331,0.0252
3,9,4,5,0.7984,0.8147,0.9803,0.7596,0.0453
3,9,4,6,0.8551,0.8785,0.9998,0.8358,0.0288
3,9,4,7,0.8854,0.9068,0.9983,0.8657,0.0098
3,9,4,8,0.7617,0.7512,0.9983,0.7085,0.0291
3,9,4,9,0.8578,0.8887,0.9998,0.8402,0.0340
3,9,4,10,0.7772,0.8113,0.9980,0.7296,0.0365
3,9,4,11,0.7929,0.8235,0.9875,0.7482,0.0338
3,9,5,0,0.3337,0.7933,0.9983,0.2037,0.0148
3,9,5,1,0.4180,0.8385,0.9999,0.2772,0.0227
3,9,5,2,0.4663,0.8486,0.9937,0.3140,0.0361
3,9,5,3,0.3999,0.7923,0.9998,0.2593,0.0188
3,9,5,4,0.2277,0.7649,0.9736,0.0845,0.0118
3,9,5,5,0.4447,0.8163,0.9958,0.3034,0.0261
3,9,5,6,0.4741,0.7950,0.9886,0.3368,0.0309
3,9,5,7,0.3107,0.8104,0.9930,0.1656,0.0108
3,9,5,8,0.4486,0.8312,0.9985,0.2966,0.0387
3,9,5,9,0.4489,0.8125,0.9927,0.2791,0.0430
3,9,5,10,0.3606,0.7938,0.9984,0.2053,0.0225
3,9,5,11,0.2806,0.8074,0.9897,0.1350,0.0119
3,10,0,0,0.3259,0.4596,0.8815,0.0648,0.0784
3,10,0,1,0.2480,0.5090,0.9870,0.0713,0.0515
3,10,0,2,0.0531,0.3283,0.9859,-0.0735,0.0142
3,10,0,3,0.1901,0.2972,0.9822,0.0447,0.0194
3,10,0,4,0.3510,0.5176,0.9475,0.1739,0.0691
3,10,0,5,0.2541,0.6182,1.0000,0.0730,0.0498
3,10,0,6,0.1762,0.4054,0.9899,-0.0884,0.0691
3,10,0,7,0.1440,0.4296,0.9969,-0.0433,0.0379
3,10,0,8,0.4643,0.7016,0.9474,0.3440,0.0430
3,10,0,9,0.1382,0.2943,0.9905,-0.0252,0.0286
3,10,0,10,0.3611,0.6794,0.9773,0.2648,0.0065
3,10,0,11,0.2736,0.4205,0.9547,0.0856,0.0523
3,10,1,0,0.2465,0.6367,0.9648,0.1619,0.0354
3,10,1,1,0.2777,0.4009,0.9865,0.1287,0.0344
3,10,1,2,0.4064,0.5165,0.9159,0.2726,0.0432
3,10,1,3,0.3163,0.5005,0.8988,0.1386,0.0552
3,10,1,4,0.2381,0.3865,0.9599,0.0805,0.0369
3,10,1,5,0.3395,0.5005,0.9312,0.1798,0.0491
3,10,1,6,0.1638,0.4113,0.9994,0.0211,0.0211
3,10,1,7,0.2853,0.4131,0.8585,0.0889,0.0628
3,10,1,8,0.2220,0.4912,0.9916,0.0658,0.0374
3,10,1,9,0.2742,0.6500,0.9635,0.1917,0.0333
3,10,1,10,0.1838,0.3829,0.9839,0.0041,0.0403
3,10,1,11,0.4246,0.5327,0.9604,0.2956,0.0456
3,10,2,0,0.8478,0.8976,0.9783,0.8224,0.0205
3,10,2,1,0.5883,0.6480,0.9321,0.5003,0.0736
3,10,2,2,0.7495,0.7657,0.9324,0.7041,0.0401
3,10,2,3,0.7774,0.8068,0.9658,0.7491,0.0172
3,10,2,4,0.7195,0.7554,0.9363,0.6671,0.0453
3,10,2,5,0.8096,0.8523,0.9978,0.7799,0.0132
3,10,2,6,0.7061,0.7448,0.9477,0.6572,0.0169
3,10,2,7,0.7100,0.7896,0.9824,0.6662,0.0074
3,10,2,8,0.7914,0.8056,0.9598,0.7560,0.0265
3,10,2,9,0.8133,0.8217,0.9194,0.7818,0.0356
3,10,2,10,0.6669,0.6657,0.9643,0.6036,0.0383
3,10,2,11,0.9128,0.9438,0.9996,0.8989,0.0164
3,10,3,0,0.8113,0.7927,0.9331,0.7794,0.0251
3,10,3,1,0.8187,0.8248,0.9820,0.7901,0.0124
3,10,3,2,0.9147,0.9081,0.9904,0.9023,0.0067
3,10,3,3,0.7702,0.7798,0.9620,0.7391,0.0168
3,10,3,4,0.5219,0.6280,0.9968,0.4516,0.0084
3,10,3,5,0.8264,0.8436,0.9670,0.8027,0.0488
3,10,3,6,0.7847,0.7842,0.9611,0.7603,0.0288
3,10,3,7,0.7641,0.7845,0.9510,0.7354,0.0229
3,10,3,8,0.7561,0.7790,0.8889,0.7126,0.0300
3,10,3,9,0.7410,0.7548,0.9517,0.6981,0.0140
3,10,3,10,1.0000,1.0000,1.0000,1.0000,0.0000
3,10,3,11,0.7489,0.7920,0.9553,0.7137,0.0106
3,10,4,0,0.8194,0.8233,0.9704,0.7912,0.0096
3,10,4,1,0.8842,0.8929,0.9701,0.8661,0.0109
3,10,4,2,0.7784,0.7781,0.9137,0.7434,0.0459
3,10,4,3,0.7389,0.7653,0.9421,0.6961,0.0127
3,10,4,4,0.7982,0.7987,0.9584,0.7689,0.0177
3,10,4,5,0.7936,0.8605,0.9936,0.7683,0.0577
3,10,4,6,0.7707,0.7824,0.9451,0.7402,0.0175
3,10,4,7,0.8623,0.8448,0.9681,0.8408,0.0120
3,10,4,8,0.6849,0.7363,0.9681,0.6238,0.0425
3,10,4,9,0.7464,0.7868,0.9580,0.7139,0.0221
3,10,4,10,0.8127,0.8453,0.9302,0.7895,0.0493
3,10,4,11,0.7764,0.8077,0.8916,0.7391,0.0454
3,10,5,0,0.2778,0.7778,0.9682,0.1517,0.0163
3,10,5,1,0.3195,0.7988,0.9557,0.1727,0.0361
3,10,5,2,0.4054,0.8105,0.9115,0.2557,0.0503
3,10,5,3,0.3418,0.8138,0.9572,0.2048,0.0334
3,10,5,4,0.1651,0.7657,0.9967,0.0263,0.0148
3,10,5,5,0.3880,0.8129,0.9194,0.2504,0.0397
3,10,5,6,0.4163,0.7712,0.8948,0.2820,0.0440
3,10,5,7,0.2835,0.7824,0.9813,0.1490,0.0231
3,10,5,8,0.3635,0.7348,0.9332,0.2072,0.0523
3,10,5,9,0.4137,0.7929,0.9077,0.2567,0.0577
3,10,5,10,0.3037,0.8008,0.9678,0.1533,0.0369
3,10,5,11,0.2341,0.7811,0.9858,0.0955,0.0181
3,11,0,0,0.3214,0.4225,0.9817,0.0855,0.0852
3,11,0,1,0.2334,0.4171,0.8955,0.0661,0.0574
3,11,0,2,0.1197,0.2700,0.8924,0.0096,0.0075
3,11,0,3,0.2508,0.2698,0.9938,0.1257,0.0292
3,11,0,4,0.3284,0.4703,0.9997,0.1591,0.0733
3,11,0,5,0.3266,0.5566,0.9525,0.1785,0.0578
3,11,0,6,0.1886,0.3378,0.9876,-0.0509,0.0762
3,11,0,7,0.2368,0.4116,0.9292,0.0831,0.0463
3,11,0,8,0.3090,0.4891,0.9997,0.1597,0.0529
3,11,0,9,0.1862,0.2555,0.9869,0.0427,0.0387
3,11,0,10,0.1630,0.3967,0.8710,0.0450,0.0120
3,11,0,11,0.3184,0.4004,1.0000,0.1586,0.0599
3,11,1,0,0.0806,0.3889,0.8440,-0.0168,0.0270
3,11,1,1,0.3499,0.3945,0.9908,0.2269,0.0434
3,11,1,2,0.4983,0.5750,0.9936,0.3988,0.0525
3,11,1,3,0.4280,0.5273,0.9882,0.2997,0.0631
3,11,1,4,0.2361,0.3608,0.9999,0.0893,0.0421
3,11,1,5,0.3899,0.5313,0.9973,0.2571,0.0584
3,11,1,6,0.1912,0.3333,0.9445,0.0624,0.0284
3,11,1,7,0.3321,0.4302,0.9717,0.1675,0.0690
3,11,1,8,0.2139,0.4575,0.9855,0.0670,0.0447
3,11,1,9,0.0957,0.3979,0.8412,-0.0015,0.0250
3,11,1,10,0.1615,0.2512,0.9928,-0.0108,0.0472
3,11,1,11,0.2860,0.3784,0.9998,0.1334,0.0547
3,11,2,0,0.9035,0.9103,0.9958,0.8913,0.0299
3,11,2,1,0.6087,0.6308,0.9975,0.5457,0.0794
3,11,2,2,0.9025,0.9009,0.9976,0.8974,0.0455
3,11,2,3,0.9449,0.9606,0.9993,0.9384,0.0095
3,11,2,4,0.8412,0.8443,0.9983,0.8246,0.0505
3,11,2,5,0.4421,0.5459,0.9729,0.3608,0.0194
3,11,2,6,0.8491,0.8660,0.9997,0.8272,0.0235
3,11,2,7,0.8753,0.8929,0.9937,0.8579,0.0142
3,11,2,8,0.8930,0.9158,0.9999,0.8785,0.0305
3,11,2,9,0.9022,0.9246,0.9946,0.8947,0.0398
3,11,2,10,0.7458,0.7679,0.9995,0.7056,0.0470
3,11,2,11,0.7342,0.7972,0.9629,0.6943,0.0266
3,11,3,0,0.8893,0.9109,0.9977,0.8743,0.0302
3,11,3,1,0.9144,0.9220,0.9940,0.9026,0.0181
3,11,3,2,0.8708,0.9066,0.9870,0.8533,0.0091
3,11,3,3,0.9356,0.9396,0.9997,0.9274,0.0091
3,11,3,4,0.6030,0.6545,0.9758,0.5484,0.0141
3,11,3,5,0.8326,0.8550,0.9991,0.8175,0.0540
3,11,3,6,0.9705,0.9692,0.9998,0.9681,0.0201
3,11,3,7,0.9775,0.9776,0.9999,0.9754,0.0143
3,11,3,8,0.8500,0.8802,0.9846,0.8295,0.0387
3,11,3,9,0.8370,0.8593,0.9999,0.8132,0.0231
3,11,3,10,0.7489,0.7920,0.9553,0.7137,0.0106
3,11,3,11,1.0000,1.0000,1.0000,1.0000,0.0000
3,11,4,0,0.9406,0.9481,0.9984,0.9326,0.0137
3,11,4,1,0.9193,0.9367,0.9985,0.9081,0.0130
3,11,4,2,0.8488,0.8723,0.9930,0.8407,0.0517
3,11,4,3,0.9014,0.9211,0.9991,0.8877,0.0181
3,11,4,4,0.9625,0.9704,0.9999,0.9575,0.0128
3,11,4,5,0.7582,0.8286,0.9826,0.7313,0.0624
3,11,4,6,0.9582,0.9674,0.9995,0.9529,0.0099
3,11,4,7,0.9058,0.9302,0.9989,0.8926,0.0166
3,11,4,8,0.7647,0.7857,0.9989,0.7334,0.0513
3,11,4,9,0.9657,0.9684,1.0000,0.9617,0.0132
3,11,4,10,0.8760,0.8968,0.9971,0.8790,0.0551
3,11,4,11,0.9139,0.9349,0.9856,0.9186,0.0499
3,11,5,0,0.3451,0.9185,0.9989,0.2390,0.0236
3,11,5,1,0.4129,0.8970,1.0000,0.2984,0.0457
3,11,5,2,0.4830,0.8943,0.9923,0.3714,0.0588
3,11,5,3,0.3900,0.8959,1.0000,0.2737,0.0417
3,11,5,4,0.2071,0.8802,0.9762,0.0840,0.0185
3,11,5,5,0.4454,0.9121,0.9946,0.3333,0.0491
3,11,5,6,0.5274,0.8986,0.9868,0.4339,0.0534
3,11,5,7,0.3470,0.8667,0.9943,0.2336,0.0321
3,11,5,8,0.4620,0.8093,0.9977,0.3472,0.0618
3,11,5,9,0.4506,0.8437,0.9912,0.3228,0.0654
3,11,5,10,0.3917,0.8805,0.9990,0.2724,0.0454
3,11,5,11,0.3052,0.8839,0.9914,0.1885,0.0264
4,0,0,0,0.3445,0.4141,0.9694,0.0814,0.0740
4,0,0,1,0.2261,0.4291,0.9190,0.0358,0.0479
4,0,0,2,0.0714,0.2912,0.9163,-0.0574,0.0180
4,0,0,3,0.2139,0.2900,0.9985,0.0673,0.0190
4,0,0,4,0.3356,0.4709,0.9967,0.1437,0.0653
4,0,0,5,0.2647,0.6130,0.9681,0.0787,0.0453
4,0,0,6,0.2580,0.3568,0.9948,0.0173,0.0644
4,0,0,7,0.1957,0.3990,0.9485,0.0133,0.0341
4,0,0,8,0.3766,0.5083,0.9967,0.2258,0.0408
4,0,0,9,0.1998,0.2352,0.9944,0.0425,0.0306
4,0,0,10,0.2412,0.4516,0.8972,0.1225,0.0075
4,0,0,11,0.3055,0.3905,0.9983,0.1191,0.0481
4,0,1,0,0.1413,0.4413,0.8728,0.0409,0.0363
4,0,1,1,0.3182,0.3935,0.9968,0.1722,0.0326
4,0,1,2,0.4932,0.5448,0.9857,0.3761,0.0400
4,0,1,3,0.4083,0.4843,0.9780,0.2523,0.0508
4,0,1,4,0.2268,0.3462,0.9992,0.0602,0.0331
4,0,1,5,0.3811,0.4911,0.9916,0.2261,0.0460
4,0,1,6,0.3416,0.4085,0.9614,0.2250,0.0224
4,0,1,7,0.3051,0.3828,0.9569,0.1064,0.0584
4,0,1,8,0.2222,0.4482,0.9935,0.0596,0.0347
4,0,1,9,0.1698,0.4534,0.8703,0.0714,0.0342
4,0,1,10,0.1702,0.2462,0.9980,-0.0201,0.0367
4,0,1,11,0.3117,0.3565,0.9993,0.1462,0.0425
4,0,2,0,0.9224,0.9347,0.9994,0.9094,0.0200
4,0,2,1,0.6174,0.6376,0.9920,0.5337,0.0698
4,0,2,2,0.8620,0.8699,0.9921,0.8396,0.0363
4,0,2,3,0.9673,0.9738,0.9998,0.9646,0.0180
4,0,2,4,0.8429,0.8495,0.9934,0.8172,0.0420
4,0,2,5,0.5610,0.6049,0.9844,0.4897,0.0151
4,0,2,6,0.8884,0.9065,0.9967,0.8693,0.0178
4,0,2,7,0.8757,0.9232,0.9984,0.8564,0.0154
4,0,2,8,0.8988,0.9032,0.9992,0.8813,0.0244
4,0,2,9,0.9211,0.9377,0.9872,0.9110,0.0318
4,0,2,10,0.7493,0.7740,0.9997,0.7006,0.0350
4,0,2,11,0.8077,0.8402,0.9765,0.7748,0.0163
4,0,3,0,0.8973,0.9094,0.9923,0.8795,0.0217
4,0,3,1,0.9067,0.9079,0.9986,0.8913,0.0159
4,0,3,2,0.9217,0.9353,0.9945,0.9102,0.0136
4,0,3,3,0.9440,0.9524,0.9995,0.9371,0.0177
4,0,3,4,0.6245,0.7006,0.9865,0.5674,0.0140
4,0,3,5,0.8794,0.9059,0.9999,0.8661,0.0452
4,0,3,6,0.9629,0.9665,0.9993,0.9615,0.0297
4,0,3,7,0.9560,0.9631,0.9975,0.9526,0.0239
4,0,3,8,0.8763,0.8866,0.9732,0.8548,0.0267
4,0,3,9,0.8769,0.8992,0.9977,0.8558,0.0145
4,0,3,10,0.8194,0.8233,0.9704,0.7912,0.0096
4,0,3,11,0.9406,0.9481,0.9984,0.9326,0.0137
4,0,4,0,1.0000,1.0000,1.0000,1.0000,0.0000
4,0,4,1,0.9362,0.9398,1.0000,0.9258,0.0144
4,0,4,2,0.8814,0.8864,0.9848,0.8712,0.0421
4,0,4,3,0.9273,0.9320,0.9952,0.9150,0.0136
4,0,4,4,0.9629,0.9694,0.9990,0.9576,0.0175
4,0,4,5,0.8565,0.8644,0.9915,0.8461,0.0539
4,0,4,6,0.9523,0.9536,0.9960,0.9468,0.0182
4,0,4,7,0.9562,0.9643,1.0000,0.9491,0.0147
4,0,4,8,0.8401,0.8089,1.0000,0.8173,0.0394
4,0,4,9,0.9598,0.9683,0.9989,0.9561,0.0230
4,0,4,10,0.8990,0.9082,0.9913,0.8971,0.0455
4,0,4,11,0.8958,0.9074,0.9745,0.8862,0.0424
4,0,5,0,0.3350,0.9078,1.0000,0.2144,0.0136
4,0,5,1,0.3961,0.9128,0.9985,0.2614,0.0336
4,0,5,2,0.4778,0.9090,0.9838,0.3441,0.0461
4,0,5,3,0.4011,0.8868,0.9988,0.2718,0.0292
4,0,5,4,0.2154,0.8759,0.9868,0.0799,0.0148
4,0,5,5,0.4672,0.9091,0.9872,0.3440,0.0375
4,0,5,6,0.5138,0.8919,0.9761,0.4000,0.0422
4,0,5,7,0.3208,0.8881,0.9987,0.1882,0.0204
4,0,5,8,0.4824,0.8647,0.9924,0.3547,0.0492
4,0,5,9,0.4621,0.8643,0.9822,0.3148,0.0533
4,0,5,10,0.3785,0.8982,0.9999,0.2397,0.0332
4,0,5,11,0.2807,0.9057,0.9972,0.1454,0.0158
4,1,0,0,0.3601,0.4396,0.9697,0.1089,0.0746
4,1,0,1,0.2389,0.4272,0.9186,0.0517,0.0466
4,1,0,2,0.0706,0.2605,0.9159,-0.0585,0.0187
4,1,0,3,0.2011,0.2507,0.9984,0.0519,0.0197
4,1,0,4,0.3561,0.4893,0.9968,0.1715,0.0616
4,1,0,5,0.2817,0.6141,0.9678,0.1002,0.0465
4,1,0,6,0.1895,0.3391,0.9947,-0.0813,0.0648
4,1,0,7,0.2144,0.4172,0.9481,0.0363,0.0349
4,1,0,8,0.3823,0.5642,0.9967,0.2329,0.0415
4,1,0,9,0.2043,0.2547,0.9943,0.0477,0.0281
4,1,0,10,0.2315,0.4604,0.8967,0.1111,0.0118
4,1,0,11,0.3182,0.4039,0.9984,0.1355,0.0482
4,1,1,0,0.1350,0.4334,0.8722,0.0337,0.0362
4,1,1,1,0.3257,0.3826,0.9968,0.1811,0.0343
4,1,1,2,0.5312,0.5868,0.9859,0.4241,0.0413
4,1,1,3,0.4256,0.5303,0.9783,0.2751,0.0515
4,1,1,4,0.2470,0.3672,0.9992,0.0848,0.0315
4,1,1,5,0.3952,0.5390,0.9918,0.2440,0.0474
4,1,1,6,0.2039,0.3281,0.9611,0.0627,0.0185
4,1,1,7,0.3430,0.4317,0.9572,0.1575,0.0575
4,1,1,8,0.2336,0.4770,0.9933,0.0733,0.0342
4,1,1,9,0.1618,0.4459,0.8697,0.0623,0.0341
4,1,1,10,0.1898,0.3010,0.9979,0.0039,0.0360
4,1,1,11,0.3783,0.4501,0.9993,0.2303,0.0434
4,1,2,0,0.8902,0.9263,0.9993,0.8710,0.0203
4,1,2,1,0.6092,0.6305,0.9921,0.5213,0.0681
4,1,2,2,0.8554,0.8668,0.9922,0.8314,0.0346
4,1,2,3,0.9304,0.9421,0.9998,0.9227,0.0198
4,1,2,4,0.7983,0.8123,0.9935,0.7613,0.0398
4,1,2,5,0.6224,0.6789,0.9842,0.5611,0.0132
4,1,2,6,0.8591,0.8788,0.9968,0.8347,0.0133
4,1,2,7,0.8396,0.8873,0.9984,0.8145,0.0141
4,1,2,8,0.8949,0.8927,0.9992,0.8765,0.0196
4,1,2,9,0.9252,0.9289,0.9874,0.9158,0.0292
4,1,2,10,0.7794,0.7830,0.9997,0.7373,0.0362
4,1,2,11,0.8468,0.8695,0.9763,0.8205,0.0211
4,1,3,0,0.9370,0.9336,0.9925,0.9266,0.0192
4,1,3,1,0.9152,0.9120,0.9985,0.9012,0.0093
4,1,3,2,0.9139,0.9181,0.9944,0.9012,0.0107
4,1,3,3,0.9330,0.9356,0.9995,0.9245,0.0161
4,1,3,4,0.5926,0.6540,0.9863,0.5304,0.0174
4,1,3,5,0.8475,0.8697,0.9999,0.8254,0.0432
4,1,3,6,0.9438,0.9479,0.9994,0.9400,0.0291
4,1,3,7,0.9295,0.9451,0.9976,0.9226,0.0236
4,1,3,8,0.8454,0.8507,0.9735,0.8174,0.0278
4,1,3,9,0.8500,0.8703,0.9978,0.8241,0.0143
4,1,3,10,0.8842,0.8929,0.9701,0.8661,0.0109
4,1,3,11,0.9193,0.9367,0.9985,0.9081,0.0130
4,1,4,0,0.9362,0.9398,1.0000,0.9258,0.0144
4,1,4,1,1.0000,1.0000,1.0000,1.0000,0.0000
4,1,4,2,0.8976,0.8971,0.9850,0.8919,0.0400
4,1,4,3,0.9046,0.9245,0.9953,0.8884,0.0076
4,1,4,4,0.9532,0.9570,0.9990,0.9464,0.0117
4,1,4,5,0.7963,0.8599,0.9913,0.7665,0.0507
4,1,4,6,0.9421,0.9490,0.9961,0.9352,0.0168
4,1,4,7,0.9527,0.9519,1.0000,0.9450,0.0087
4,1,4,8,0.7836,0.7990,1.0000,0.7448,0.0397
4,1,4,9,0.9300,0.9533,0.9989,0.9221,0.0220
4,1,4,10,0.8910,0.8964,0.9915,0.8866,0.0439
4,1,4,11,0.8971,0.9230,0.9748,0.8878,0.0375
4,1,5,0,0.3467,0.8962,1.0000,0.2281,0.0176
4,1,5,1,0.3973,0.8900,0.9986,0.2627,0.0347
4,1,5,2,0.4636,0.8964,0.9841,0.3249,0.0473
4,1,5,3,0.4033,0.8872,0.9988,0.2743,0.0307
4,1,5,4,0.1917,0.8721,0.9867,0.0519,0.0080
4,1,5,5,0.4546,0.8980,0.9874,0.3278,0.0380
4,1,5,6,0.5143,0.8719,0.9764,0.4004,0.0424
4,1,5,7,0.3364,0.8774,0.9987,0.2067,0.0209
4,1,5,8,0.4397,0.8198,0.9925,0.2987,0.0499
4,1,5,9,0.4485,0.8491,0.9824,0.2956,0.0543
4,1,5,10,0.3825,0.8748,1.0000,0.2444,0.0341
4,1,5,11,0.2939,0.8820,0.9971,0.1610,0.0162
4,2,0,0,0.5154,0.6207,0.9973,0.1597,0.0336
4,2,0,1,0.3010,0.4728,0.8365,0.0185,0.0168
4,2,0,2,0.1345,0.3611,0.8328,-0.0536,0.0580
4,2,0,3,0.3141,0.3494,0.9738,0.1122,0.0324
4,2,0,4,0.4892,0.6275,0.9957,0.2328,0.0267
4,2,0,5,0.3402,0.6921,0.9098,0.0629,0.0148
4,2,0,6,0.3144,0.4869,0.9621,-0.0684,0.0276
4,2,0,7,0.2687,0.5371,0.8790,-0.0003,0.0148
4,2,0,8,0.3704,0.5423,0.9957,0.1132,0.0151
4,2,0,9,0.2434,0.3834,0.9608,0.0057,0.0269
4,2,0,10,0.2314,0.4605,0.8068,0.0443,0.0448
4,2,0,11,0.3900,0.5233,0.9932,0.1125,0.0122
4,2,1,0,0.1259,0.4146,0.7746,-0.0332,0.0750
4,2,1,1,0.3923,0.5092,0.9679,0.1813,0.0261
4,2,1,2,0.5449,0.6970,1.0000,0.3632,0.0198
4,2,1,3,0.4774,0.6403,0.9994,0.2347,0.0159
4,2,1,4,0.3482,0.5197,0.9910,0.1217,0.0115
4,2,1,5,0.4614,0.6599,0.9990,0.2307,0.0166
4,2,1,6,0.2737,0.4044,0.8990,0.0712,0.0275
4,2,1,7,0.4436,0.5561,0.9928,0.1709,0.0189
4,2,1,8,0.3465,0.5862,0.9585,0.1273,0.0165
4,2,1,9,0.1538,0.4258,0.7714,-0.0010,0.0730
4,2,1,10,0.2407,0.3672,0.9716,-0.0417,0.0115
4,2,1,11,0.3587,0.4986,0.9907,0.1026,0.0227
4,2,2,0,0.8455,0.8670,0.9781,0.8090,0.0277
4,2,2,1,0.7239,0.7288,0.9989,0.5763,0.0293
4,2,2,2,0.8569,0.8820,0.9988,0.8070,0.0089
4,2,2,3,0.8621,0.8766,0.9878,0.8654,0.0575
4,2,2,4,0.8243,0.8409,0.9982,0.7585,0.0100
4,2,2,5,0.5514,0.6133,0.9388,0.4474,0.0355
4,2,2,6,0.8958,0.9158,0.9956,0.8823,0.0294
4,2,2,7,0.8174,0.8655,0.9735,0.7931,0.0480
4,2,2,8,0.8303,0.8397,0.9910,0.7921,0.0232
4,2,2,9,0.9295,0.9421,0.9999,0.9090,0.0112
4,2,2,10,0.8503,0.8566,0.9887,0.8023,0.0225
4,2,2,11,0.7659,0.7854,0.9242,0.7157,0.0395
4,2,3,0,0.9625,0.9597,0.9987,0.9643,0.0220
4,2,3,1,0.8412,0.8449,0.9740,0.8182,0.0349
4,2,3,2,0.8391,0.8480,0.9611,0.8247,0.0484
4,2,3,3,0.9069,0.9141,0.9900,0.9171,0.0557
4,2,3,4,0.6498,0.7072,0.9430,0.5826,0.0488
4,2,3,5,0.8921,0.8975,0.9871,0.8486,0.0103
4,2,3,6,0.8521,0.8601,0.9904,0.8605,0.0682
4,2,3,7,0.8534,0.8705,0.9946,0.8578,0.0624
4,2,3,8,0.8401,0.8615,0.9984,0.7946,0.0194
4,2,3,9,0.8707,0.8830,0.9943,0.8500,0.0329
4,2,3,10,0.7784,0.7781,0.9137,0.7434,0.0459
4,2,3,11,0.8488,0.8723,0.9930,0.8407,0.0517
4,2,4,0,0.8814,0.8864,0.9848,0.8712,0.0421
4,2,4,1,0.8976,0.8971,0.9850,0.8919,0.0400
4,2,4,2,1.0000,1.0000,1.0000,1.0000,0.0000
4,2,4,3,0.8953,0.9125,0.9971,0.8832,0.0346
4,2,4,4,0.8740,0.8840,0.9917,0.8693,0.0507
4,2,4,5,0.8237,0.8556,0.9538,0.7439,0.0150
4,2,4,6,0.8596,0.8715,0.9963,0.8587,0.0557
4,2,4,7,0.9124,0.9124,0.9864,0.9110,0.0362
4,2,4,8,0.7693,0.7738,0.9864,0.6739,0.0104
4,2,4,9,0.8547,0.8813,0.9919,0.8557,0.0605
4,2,4,10,0.8736,0.8865,0.9991,0.8187,0.0073
4,2,4,11,0.8519,0.8864,0.9987,0.7930,0.0109
4,2,5,0,0.4188,0.7977,0.9863,0.2551,0.0386
4,2,5,1,0.4932,0.8467,0.9928,0.3066,0.0161
4,2,5,2,0.5388,0.8724,1.0000,0.3235,0.0140
4,2,5,3,0.4638,0.8137,0.9922,0.2745,0.0208
4,2,5,4,0.3131,0.7499,0.9437,0.1283,0.0368
4,2,5,5,0.5215,0.8331,0.9999,0.3323,0.0162
4,2,5,6,0.5776,0.8214,0.9990,0.4032,0.0216
4,2,5,7,0.3997,0.7982,0.9748,0.2139,0.0272
4,2,5,8,0.5128,0.8285,0.9987,0.2979,0.0194
4,2,5,9,0.5320,0.8537,0.9999,0.2914,0.0152
4,2,5,10,0.4592,0.8153,0.9866,0.2601,0.0175
4,2,5,11,0.3672,0.7933,0.9689,0.1798,0.0301
4,3,0,0,0.3696,0.4684,0.9888,0.0996,0.0682
4,3,0,1,0.2194,0.4346,0.8761,0.0143,0.0400
4,3,0,2,0.1269,0.3090,0.8728,-0.0013,0.0240
4,3,0,3,0.2700,0.3468,0.9883,0.1254,0.0142
4,3,0,4,0.3039,0.5059,0.9999,0.0846,0.0566
4,3,0,5,0.2928,0.6266,0.9389,0.1022,0.0404
4,3,0,6,0.2441,0.3697,0.9801,-0.0212,0.0591
4,3,0,7,0.2417,0.4618,0.9130,0.0590,0.0288
4,3,0,8,0.3399,0.4556,0.9999,0.1673,0.0350
4,3,0,9,0.1766,0.2458,0.9793,0.0045,0.0218
4,3,0,10,0.2198,0.3912,0.8497,0.0904,0.0129
4,3,0,11,0.3432,0.4119,0.9992,0.1555,0.0424
4,3,1,0,0.1313,0.3668,0.8209,0.0237,0.0431
4,3,1,1,0.3967,0.4436,0.9843,0.2594,0.0281
4,3,1,2,0.5381,0.6119,0.9975,0.4238,0.0345
4,3,1,3,0.4624,0.5320,0.9937,0.3118,0.0455
4,3,1,4,0.2012,0.3827,0.9983,0.0177,0.0252
4,3,1,5,0.4045,0.5514,0.9995,0.2446,0.0407
4,3,1,6,0.2162,0.3491,0.9299,0.0687,0.0156
4,3,1,7,0.3706,0.4426,0.9807,0.1808,0.0512
4,3,1,8,0.1906,0.4864,0.9775,0.0103,0.0280
4,3,1,9,0.1653,0.3812,0.8179,0.0606,0.0410
4,3,1,10,0.1738,0.2529,0.9869,-0.0280,0.0298
4,3,1,11,0.3174,0.3718,0.9982,0.1418,0.0370
4,3,2,0,0.8441,0.8815,0.9912,0.8135,0.0132
4,3,2,1,0.5375,0.6376,0.9996,0.4009,0.0623
4,3,2,2,0.8070,0.8727,0.9996,0.7665,0.0285
4,3,2,3,0.9155,0.9299,0.9968,0.9065,0.0258
4,3,2,4,0.7564,0.8253,0.9999,0.7029,0.0344
4,3,2,5,0.5124,0.5660,0.9624,0.4285,0.0115
4,3,2,6,0.9420,0.9578,0.9999,0.9313,0.0097
4,3,2,7,0.8749,0.9160,0.9882,0.8546,0.0155
4,3,2,8,0.8056,0.8518,0.9984,0.7681,0.0146
4,3,2,9,0.9038,0.9399,0.9981,0.8862,0.0229
4,3,2,10,0.7934,0.8627,0.9973,0.7499,0.0301
4,3,2,11,0.7289,0.7719,0.9508,0.6794,0.0160
4,3,3,0,0.9123,0.9521,0.9997,0.8954,0.0132
4,3,3,1,0.8143,0.8596,0.9885,0.7821,0.0076
4,3,3,2,0.8519,0.8738,0.9795,0.8292,0.0147
4,3,3,3,0.9657,0.9654,0.9979,0.9629,0.0234
4,3,3,4,0.6849,0.7451,0.9658,0.6345,0.0174
4,3,3,5,0.8134,0.8650,0.9965,0.7759,0.0371
4,3,3,6,0.9275,0.9334,0.9981,0.9230,0.0362
4,3,3,7,0.9286,0.9389,0.9996,0.9227,0.0304
4,3,3,8,0.8069,0.8409,0.9910,0.7672,0.0211
4,3,3,9,0.9054,0.9340,0.9996,0.8879,0.0082
4,3,3,10,0.7389,0.7653,0.9421,0.6961,0.0127
4,3,3,11,0.9014,0.9211,0.9991,0.8877,0.0181
4,3,4,0,0.9273,0.9320,0.9952,0.9150,0.0136
4,3,4,1,0.9046,0.9245,0.9953,0.8884,0.0076
4,3,4,2,0.8953,0.9125,0.9971,0.8832,0.0346
4,3,4,3,1.0000,1.0000,1.0000,1.0000,0.0000
4,3,4,4,0.9390,0.9386,0.9986,0.9304,0.0192
4,3,4,5,0.8140,0.8361,0.9740,0.7820,0.0452
4,3,4,6,0.9218,0.9446,1.0000,0.9126,0.0242
4,3,4,7,0.9237,0.9332,0.9961,0.9108,0.0083
4,3,4,8,0.8273,0.7943,0.9961,0.7945,0.0335
4,3,4,9,0.9511,0.9530,0.9987,0.9473,0.0289
4,3,4,10,0.8191,0.8420,0.9994,0.7860,0.0379
4,3,4,11,0.8686,0.8802,0.9918,0.8463,0.0330
4,3,5,0,0.3761,0.8534,0.9961,0.2557,0.0145
4,3,5,1,0.4548,0.8641,0.9991,0.3253,0.0279
4,3,5,2,0.4967,0.8735,0.9966,0.3573,0.0414
4,3,5,3,0.4235,0.8204,0.9988,0.2905,0.0244
4,3,5,4,0.2477,0.8233,0.9663,0.1098,0.0055
4,3,5,5,0.4813,0.8510,0.9981,0.3520,0.0313
4,3,5,6,0.5341,0.8443,0.9927,0.4162,0.0357
4,3,5,7,0.3498,0.8543,0.9890,0.2146,0.0148
4,3,5,8,0.4671,0.8434,0.9997,0.3233,0.0440
4,3,5,9,0.4560,0.8300,0.9959,0.2919,0.0480
4,3,5,10,0.4054,0.8255,0.9962,0.2635,0.0277
4,3,5,11,0.3214,0.8464,0.9850,0.1857,0.0118
4,4,0,0,0.3162,0.3963,0.9796,0.0634,0.0849
4,4,0,1,0.2308,0.3749,0.9001,0.0567,0.0572
4,4,0,2,0.0625,0.2144,0.8971,-0.0584,0.0162
4,4,0,3,0.1582,0.2117,0.9949,0.0126,0.0312
4,4,0,4,0.2732,0.4244,0.9994,0.0770,0.0708
4,4,0,5,0.2765,0.5409,0.9556,0.1090,0.0578
4,4,0,6,0.1915,0.3092,0.9892,-0.0557,0.0750
4,4,0,7,0.2024,0.3647,0.9331,0.0354,0.0464
4,4,0,8,0.3474,0.4670,0.9993,0.2024,0.0532
4,4,0,9,0.1614,0.2217,0.9885,0.0085,0.0394
4,4,0,10,0.1927,0.3630,0.8761,0.0753,0.0185
4,4,0,11,0.2949,0.3628,0.9999,0.1216,0.0591
4,4,1,0,0.1123,0.3555,0.8496,0.0154,0.0242
4,4,1,1,0.3063,0.3583,0.9922,0.1694,0.0458
4,4,1,2,0.5036,0.5668,0.9924,0.4008,0.0526
4,4,1,3,0.4311,0.5094,0.9865,0.2977,0.0625
4,4,1,4,0.1645,0.3131,1.0000,-0.0026,0.0427
4,4,1,5,0.3739,0.5069,0.9965,0.2310,0.0586
4,4,1,6,0.1939,0.2937,0.9479,0.0614,0.0285
4,4,1,7,0.3186,0.3989,0.9692,0.1423,0.0676
4,4,1,8,0.1636,0.4198,0.9872,0.0013,0.0456
4,4,1,9,0.1389,0.3640,0.8469,0.0437,0.0229
4,4,1,10,0.1404,0.2260,0.9940,-0.0424,0.0470
4,4,1,11,0.3049,0.3633,1.0000,0.1514,0.0551
4,4,2,0,0.9017,0.9156,0.9967,0.8879,0.0328
4,4,2,1,0.5734,0.5944,0.9967,0.4874,0.0778
4,4,2,2,0.8614,0.8701,0.9968,0.8447,0.0466
4,4,2,3,0.9745,0.9790,0.9996,0.9718,0.0141
4,4,2,4,0.8169,0.8286,0.9976,0.7917,0.0510
4,4,2,5,0.4891,0.5433,0.9753,0.4122,0.0235
4,4,2,6,0.8682,0.8938,0.9994,0.8482,0.0247
4,4,2,7,0.8639,0.8959,0.9948,0.8442,0.0216
4,4,2,8,0.9061,0.9054,1.0000,0.8927,0.0298
4,4,2,9,0.9130,0.9279,0.9934,0.9057,0.0401
4,4,2,10,0.7275,0.7549,0.9998,0.6807,0.0484
4,4,2,11,0.7788,0.7947,0.9657,0.7444,0.0315
4,4,3,0,0.9070,0.9199,0.9969,0.8938,0.0291
4,4,3,1,0.9266,0.9246,0.9951,0.9158,0.0214
4,4,3,2,0.9193,0.9236,0.9887,0.9079,0.0162
4,4,3,3,0.9499,0.9618,0.9999,0.9435,0.0079
4,4,3,4,0.5722,0.6225,0.9780,0.5115,0.0249
4,4,3,5,0.8241,0.8549,0.9995,0.8035,0.0538
4,4,3,6,0.9923,0.9941,1.0000,0.9930,0.0170
4,4,3,7,0.9846,0.9890,0.9997,0.9837,0.0150
4,4,3,8,0.8612,0.8673,0.9827,0.8410,0.0398
4,4,3,9,0.8553,0.8772,0.9997,0.8331,0.0252
4,4,3,10,0.7982,0.7987,0.9584,0.7689,0.0177
4,4,3,11,0.9625,0.9704,0.9999,0.9575,0.0128
4,4,4,0,0.9629,0.9694,0.9990,0.9576,0.0175
4,4,4,1,0.9532,0.9570,0.9990,0.9464,0.0117
4,4,4,2,0.8740,0.8840,0.9917,0.8693,0.0507
4,4,4,3,0.9390,0.9386,0.9986,0.9304,0.0192
4,4,4,4,1.0000,1.0000,1.0000,1.0000,0.0000
4,4,4,5,0.8186,0.8181,0.9845,0.8059,0.0604
4,4,4,6,0.9826,0.9841,0.9991,0.9806,0.0088
4,4,4,7,0.9403,0.9534,0.9993,0.9316,0.0188
4,4,4,8,0.8146,0.7817,0.9993,0.7930,0.0515
4,4,4,9,0.9869,0.9919,1.0000,0.9857,0.0105
4,4,4,10,0.9010,0.9042,0.9963,0.9077,0.0543
4,4,4,11,0.9410,0.9422,0.9838,0.9498,0.0460
4,4,5,0,0.3518,0.9186,0.9993,0.2431,0.0252
4,4,5,1,0.4155,0.8922,1.0000,0.2970,0.0460
4,4,5,2,0.4706,0.9002,0.9910,0.3493,0.0581
4,4,5,3,0.3967,0.8934,1.0000,0.2774,0.0420
4,4,5,4,0.1987,0.8956,0.9784,0.0703,0.0174
4,4,5,5,0.4586,0.9082,0.9934,0.3449,0.0499
4,4,5,6,0.5383,0.8931,0.9850,0.4430,0.0542
4,4,5,7,0.3343,0.8732,0.9954,0.2145,0.0326
4,4,5,8,0.4379,0.8022,0.9970,0.3106,0.0613
4,4,5,9,0.4453,0.8358,0.9897,0.3087,0.0655
4,4,5,10,0.3927,0.8734,0.9994,0.2690,0.0455
4,4,5,11,0.2959,0.8901,0.9927,0.1735,0.0268
4,5,0,0,0.5042,0.5759,0.9293,0.0850,0.0249
4,5,0,1,0.3387,0.5975,0.9625,0.0471,0.0166
4,5,0,2,0.1312,0.4266,0.9607,-0.0739,0.0690
4,5,0,3,0.2314,0.4171,0.9971,-0.0160,0.0452
4,5,0,4,0.4005,0.7015,0.9776,0.0681,0.0126
4,5,0,5,0.3744,0.7107,0.9925,0.0873,0.0182
4,5,0,6,0.3671,0.5203,0.9996,-0.0216,0.0213
4,5,0,7,0.2995,0.5476,0.9817,0.0190,0.0239
4,5,0,8,0.5227,0.6612,0.9775,0.3105,0.0229
4,5,0,9,0.2630,0.3436,0.9997,0.0119,0.0353
4,5,0,10,0.4227,0.6218,0.9470,0.2806,0.0564
4,5,0,11,0.4296,0.5220,0.9823,0.1452,0.0158
4,5,1,0,0.2844,0.5734,0.9289,0.1560,0.0842
4,5,1,1,0.3703,0.4584,0.9987,0.1329,0.0399
4,5,1,2,0.5160,0.5811,0.9554,0.3059,0.0303
4,5,1,3,0.4619,0.5717,0.9426,0.1877,0.0137
4,5,1,4,0.2769,0.5357,0.9855,0.0030,0.0213
4,5,1,5,0.4706,0.5959,0.9664,0.2230,0.0216
4,5,1,6,0.3262,0.4994,0.9891,0.1250,0.0387
4,5,1,7,0.4142,0.5043,0.9110,0.0983,0.0127
4,5,1,8,0.2799,0.6143,0.9999,0.0167,0.0236
4,5,1,9,0.3204,0.5964,0.9270,0.1994,0.0827
4,5,1,10,0.2844,0.3820,0.9978,-0.0054,0.0196
4,5,1,11,0.4392,0.4947,0.9857,0.1954,0.0266
4,5,2,0,0.8413,0.9023,0.9954,0.8067,0.0392
4,5,2,1,0.6097,0.8413,0.9671,0.3637,0.0173
4,5,2,2,0.7523,0.8941,0.9673,0.6594,0.0187
4,5,2,3,0.8106,0.8328,0.9889,0.8092,0.0685
4,5,2,4,0.7700,0.8891,0.9700,0.6783,0.0131
4,5,2,5,0.6469,0.7046,0.9989,0.5693,0.0480
4,5,2,6,0.7518,0.8049,0.9777,0.6968,0.0412
4,5,2,7,0.7614,0.8257,0.9972,0.7258,0.0597
4,5,2,8,0.7604,0.8674,0.9854,0.7013,0.0323
4,5,2,9,0.8369,0.8916,0.9580,0.7833,0.0220
4,5,2,10,0.6520,0.7964,0.9881,0.5268,0.0293
4,5,2,11,0.7855,0.8627,0.9963,0.7443,0.0518
4,5,3,0,0.7801,0.8587,0.9678,0.7264,0.0327
4,5,3,1,0.7519,0.8684,0.9970,0.7061,0.0466
4,5,3,2,0.8499,0.8736,0.9997,0.8466,0.0596
4,5,3,3,0.7771,0.8102,0.9867,0.7598,0.0655
4,5,3,4,0.6047,0.6983,0.9994,0.5242,0.0615
4,5,3,5,0.8758,0.9337,0.9896,0.8230,0.0101
4,5,3,6,0.7882,0.8092,0.9862,0.7897,0.0772
4,5,3,7,0.7902,0.8132,0.9799,0.7871,0.0726
4,5,3,8,0.7964,0.8376,0.9350,0.7362,0.0300
4,5,3,9,0.7984,0.8147,0.9803,0.7596,0.0453
4,5,3,10,0.7936,0.8605,0.9936,0.7683,0.0577
4,5,3,11,0.7582,0.8286,0.9826,0.7313,0.0624
4,5,4,0,0.8565,0.8644,0.9915,0.8461,0.0539
4,5,4,1,0.7963,0.8599,0.9913,0.7665,0.0507
4,5,4,2,0.8237,0.8556,0.9538,0.7439,0.0150
4,5,4,3,0.8140,0.8361,0.9740,0.7820,0.0452
4,5,4,4,0.8186,0.8181,0.9845,0.8059,0.0604
4,5,4,5,1.0000,1.0000,1.0000,1.0000,0.0000
4,5,4,6,0.7715,0.8227,0.9760,0.7542,0.0654
4,5,4,7,0.8424,0.8480,0.9902,0.8276,0.0474
4,5,4,8,0.8372,0.8201,0.9902,0.7649,0.0213
4,5,4,9,0.7871,0.8152,0.9843,0.7784,0.0699
4,5,4,10,0.8691,0.8786,0.9658,0.8070,0.0130
4,5,4,11,0.8497,0.8438,0.9371,0.7864,0.0189
4,5,5,0,0.3299,0.8182,0.9903,0.1238,0.0520
4,5,5,1,0.3983,0.8657,0.9829,0.1572,0.0299
4,5,5,2,0.5111,0.8735,0.9522,0.2602,0.0195
4,5,5,3,0.3958,0.8421,0.9838,0.1639,0.0337
4,5,5,4,0.2721,0.8027,0.9995,0.0593,0.0478
4,5,5,5,0.4675,0.8489,0.9580,0.2382,0.0297
4,5,5,6,0.4904,0.8392,0.9396,0.2610,0.0305
4,5,5,7,0.3214,0.8507,0.9968,0.0927,0.0393
4,5,5,8,0.4693,0.8534,0.9679,0.2130,0.0259
4,5,5,9,0.5224,0.8789,0.9494,0.2503,0.0136
4,5,5,10,0.3730,0.8716,0.9900,0.1217,0.0268
4,5,5,11,0.2837,0.8460,0.9985,0.0521,0.0418
4,6,0,0,0.3242,0.4152,0.9874,0.1069,0.0898
4,6,0,1,0.2118,0.3892,0.8804,0.0467,0.0619
4,6,0,2,0.0684,0.2556,0.8772,-0.0436,0.0096
4,6,0,3,0.1753,0.2397,0.9897,0.0428,0.0357
4,6,0,4,0.3132,0.4603,1.0000,0.1479,0.0760
4,6,0,5,0.2691,0.5716,0.9420,0.1133,0.0627
4,6,0,6,0.1796,0.3212,0.9819,-0.0524,0.0806
4,6,0,7,0.2188,0.4182,0.9166,0.0679,0.0513
4,6,0,8,0.2869,0.4788,1.0000,0.1392,0.0585
4,6,0,9,0.1999,0.2576,0.9811,0.0648,0.0448
4,6,0,10,0.1453,0.3839,0.8544,0.0296,0.0178
4,6,0,11,0.2996,0.3943,0.9995,0.1424,0.0644
4,6,1,0,0.0638,0.3634,0.8260,-0.0316,0.0187
4,6,1,1,0.3264,0.3896,0.9859,0.2044,0.0499
4,6,1,2,0.5339,0.6003,0.9968,0.4491,0.0581
4,6,1,3,0.4418,0.5444,0.9927,0.3253,0.0679
4,6,1,4,0.2191,0.3505,0.9988,0.0753,0.0469
4,6,1,5,0.3978,0.5487,0.9992,0.2743,0.0634
4,6,1,6,0.2024,0.3054,0.9332,0.0806,0.0336
4,6,1,7,0.3280,0.4279,0.9789,0.1708,0.0731
4,6,1,8,0.2109,0.4657,0.9794,0.0696,0.0497
4,6,1,9,0.0873,0.3743,0.8231,-0.0070,0.0170
4,6,1,10,0.1530,0.2417,0.9883,-0.0139,0.0519
4,6,1,11,0.3063,0.3906,0.9987,0.1658,0.0603
4,6,2,0,0.8986,0.9110,0.9923,0.8875,0.0372
4,6,2,1,0.6011,0.6203,0.9993,0.5439,0.0829
4,6,2,2,0.8802,0.8899,0.9993,0.8733,0.0510
4,6,2,3,0.9827,0.9786,0.9975,0.9808,0.0087
4,6,2,4,0.8471,0.8507,0.9997,0.8356,0.0555
4,6,2,5,0.4705,0.5460,0.9648,0.3966,0.0258
4,6,2,6,0.8605,0.8817,1.0000,0.8421,0.0289
4,6,2,7,0.8771,0.9048,0.9895,0.8610,0.0213
4,6,2,8,0.9232,0.9137,0.9988,0.9155,0.0339
4,6,2,9,0.9242,0.9336,0.9975,0.9238,0.0441
4,6,2,10,0.7454,0.7717,0.9979,0.7087,0.0528
4,6,2,11,0.7602,0.7872,0.9535,0.7265,0.0328
4,6,3,0,0.9046,0.9175,0.9994,0.8941,0.0333
4,6,3,1,0.9307,0.9224,0.9899,0.9223,0.0250
4,6,3,2,0.9125,0.9151,0.9812,0.9014,0.0143
4,6,3,3,0.9367,0.9444,0.9984,0.9289,0.0022
4,6,3,4,0.5727,0.6368,0.9681,0.5164,0.0223
4,6,3,5,0.8142,0.8394,0.9972,0.7987,0.0582
4,6,3,6,0.9895,0.9860,0.9986,0.9889,0.0122
4,6,3,7,0.9845,0.9862,0.9998,0.9830,0.0075
4,6,3,8,0.8795,0.8758,0.9898,0.8671,0.0441
4,6,3,9,0.8551,0.8785,0.9998,0.8358,0.0288
4,6,3,10,0.7707,0.7824,0.9451,0.7402,0.0175
4,6,3,11,0.9582,0.9674,0.9995,0.9529,0.0099
4,6,4,0,0.9523,0.9536,0.9960,0.9468,0.0182
4,6,4,1,0.9421,0.9490,0.9961,0.9352,0.0168
4,6,4,2,0.8596,0.8715,0.9963,0.8587,0.0557
4,6,4,3,0.9218,0.9446,1.0000,0.9126,0.0242
4,6,4,4,0.9826,0.9841,0.9991,0.9806,0.0088
4,6,4,5,0.7715,0.8227,0.9760,0.7542,0.0654
4,6,4,6,1.0000,1.0000,1.0000,1.0000,0.0000
4,6,4,7,0.9110,0.9236,0.9968,0.8996,0.0221
4,6,4,8,0.7922,0.7979,0.9968,0.7727,0.0569
4,6,4,9,0.9816,0.9874,0.9991,0.9794,0.0048
4,6,4,10,0.8767,0.8821,0.9991,0.8844,0.0593
4,6,4,11,0.9177,0.9392,0.9906,0.9269,0.0517
4,6,5,0,0.3696,0.9150,0.9968,0.2720,0.0297
4,6,5,1,0.4221,0.8918,0.9994,0.3154,0.0515
4,6,5,2,0.4808,0.8972,0.9959,0.3761,0.0643
4,6,5,3,0.4140,0.8868,0.9992,0.3084,0.0469
4,6,5,4,0.1994,0.8956,0.9686,0.0802,0.0231
4,6,5,5,0.4649,0.8921,0.9975,0.3638,0.0553
4,6,5,6,0.5477,0.9024,0.9916,0.4654,0.0596
4,6,5,7,0.3478,0.8831,0.9903,0.2396,0.0380
4,6,5,8,0.4520,0.8107,0.9994,0.3414,0.0669
4,6,5,9,0.4466,0.8281,0.9950,0.3261,0.0708
4,6,5,10,0.4095,0.8750,0.9969,0.3001,0.0510
4,6,5,11,0.3120,0.8936,0.9866,0.2014,0.0321
4,7,0,0,0.3630,0.4313,0.9717,0.1147,0.0699
4,7,0,1,0.2477,0.4382,0.9153,0.0633,0.0422
4,7,0,2,0.0739,0.2695,0.9126,-0.0545,0.0221
4,7,0,3,0.2405,0.2899,0.9979,0.0989,0.0176
4,7,0,4,0.3530,0.4810,0.9974,0.1676,0.0591
4,7,0,5,0.2602,0.6204,0.9657,0.0729,0.0418
4,7,0,6,0.2197,0.3379,0.9939,-0.0376,0.0606
4,7,0,7,0.1860,0.4041,0.9455,0.0012,0.0304
4,7,0,8,0.3844,0.5059,0.9974,0.2358,0.0375
4,7,0,9,0.1621,0.2155,0.9934,-0.0028,0.0242
4,7,0,10,0.2403,0.4327,0.8930,0.1214,0.0124
4,7,0,11,0.3057,0.3900,0.9988,0.1194,0.0433
4,7,1,0,0.1417,0.4202,0.8682,0.0413,0.0400
4,7,1,1,0.3129,0.3753,0.9961,0.1657,0.0301
4,7,1,2,0.4757,0.5410,0.9873,0.3539,0.0369
4,7,1,3,0.3938,0.4809,0.9799,0.2330,0.0475
4,7,1,4,0.2391,0.3573,0.9995,0.0753,0.0272
4,7,1,5,0.3742,0.4949,0.9928,0.2172,0.0421
4,7,1,6,0.2517,0.3507,0.9588,0.1192,0.0123
4,7,1,7,0.3154,0.3868,0.9596,0.1204,0.0532
4,7,1,8,0.2255,0.4577,0.9923,0.0637,0.0292
4,7,1,9,0.1734,0.4325,0.8656,0.0755,0.0379
4,7,1,10,0.1666,0.2293,0.9973,-0.0246,0.0313
4,7,1,11,0.3363,0.3779,0.9996,0.1773,0.0391
4,7,2,0,0.8978,0.9149,0.9990,0.8801,0.0179
4,7,2,1,0.5953,0.6132,0.9931,0.5013,0.0642
4,7,2,2,0.8333,0.8427,0.9932,0.8042,0.0308
4,7,2,3,0.9146,0.9389,1.0000,0.9047,0.0219
4,7,2,4,0.7845,0.8065,0.9944,0.7442,0.0357
4,7,2,5,0.6158,0.6363,0.9827,0.5534,0.0093
4,7,2,6,0.9012,0.9259,0.9974,0.8843,0.0108
4,7,2,7,0.8445,0.9026,0.9979,0.8202,0.0161
4,7,2,8,0.8667,0.8726,0.9995,0.8433,0.0162
4,7,2,9,0.9218,0.9437,0.9886,0.9118,0.0254
4,7,2,10,0.8006,0.8116,0.9999,0.7633,0.0311
4,7,2,11,0.8101,0.8295,0.9745,0.7776,0.0173
4,7,3,0,0.9331,0.9352,0.9934,0.9219,0.0153
4,7,3,1,0.8875,0.8884,0.9980,0.8690,0.0042
4,7,3,2,0.9054,0.9154,0.9935,0.8915,0.0128
4,7,3,3,0.9420,0.9584,0.9997,0.9348,0.0213
4,7,3,4,0.6474,0.7156,0.9849,0.5937,0.0182
4,7,3,5,0.8738,0.8990,1.0000,0.8590,0.0391
4,7,3,6,0.9250,0.9389,0.9996,0.9187,0.0333
4,7,3,7,0.9159,0.9375,0.9981,0.9071,0.0276
4,7,3,8,0.8372,0.8563,0.9753,0.8077,0.0228
4,7,3,9,0.8854,0.9068,0.9983,0.8657,0.0098
4,7,3,10,0.8623,0.8448,0.9681,0.8408,0.0120
4,7,3,11,0.9058,0.9302,0.9989,0.8926,0.0166
4,7,4,0,0.9562,0.9643,1.0000,0.9491,0.0147
4,7,4,1,0.9527,0.9519,1.0000,0.9450,0.0087
4,7,4,2,0.9124,0.9124,0.9864,0.9110,0.0362
4,7,4,3,0.9237,0.9332,0.9961,0.9108,0.0083
4,7,4,4,0.9403,0.9534,0.9993,0.9316,0.0188
4,7,4,5,0.8424,0.8480,0.9902,0.8276,0.0474
4,7,4,6,0.9110,0.9236,0.9968,0.8996,0.0221
4,7,4,7,1.0000,1.0000,1.0000,1.0000,0.0000
4,7,4,8,0.7850,0.7622,1.0000,0.7468,0.0352
4,7,4,9,0.9221,0.9479,0.9993,0.9131,0.0266
4,7,4,10,0.8835,0.8981,0.9925,0.8770,0.0395
4,7,4,11,0.8662,0.8874,0.9766,0.8488,0.0352
4,7,5,0,0.3309,0.8670,1.0000,0.2095,0.0199
4,7,5,1,0.3889,0.8846,0.9990,0.2525,0.0300
4,7,5,2,0.4576,0.8882,0.9855,0.3173,0.0423
4,7,5,3,0.3900,0.8548,0.9992,0.2582,0.0259
4,7,5,4,0.2077,0.8267,0.9853,0.0710,0.0123
4,7,5,5,0.4590,0.8951,0.9886,0.3336,0.0341
4,7,5,6,0.4907,0.8467,0.9781,0.3704,0.0384
4,7,5,7,0.3212,0.8506,0.9982,0.1887,0.0178
4,7,5,8,0.4617,0.8532,0.9935,0.3277,0.0452
4,7,5,9,0.4559,0.8664,0.9839,0.3062,0.0497
4,7,5,10,0.3588,0.8563,1.0000,0.2153,0.0301
4,7,5,11,0.2755,0.8593,0.9964,0.1393,0.0174
4,8,0,0,0.4584,0.5400,0.9717,0.0546,0.0364
4,8,0,1,0.3523,0.5331,0.9153,0.0941,0.0177
4,8,0,2,0.1825,0.4742,0.9125,0.0090,0.0557
4,8,0,3,0.2038,0.4421,0.9979,-0.0297,0.0271
4,8,0,4,0.2840,0.5899,0.9974,-0.0729,0.0326
4,8,0,5,0.4683,0.6046,0.9657,0.2479,0.0114
4,8,0,6,0.3885,0.5063,0.9938,0.0540,0.0284
4,8,0,7,0.3440,0.4933,0.9455,0.1060,0.0092
4,8,0,8,0.4435,0.5472,0.9974,0.2193,0.0078
4,8,0,9,0.3295,0.4375,0.9933,0.1225,0.0204
4,8,0,10,0.3179,0.5478,0.8930,0.1566,0.0412
4,8,0,11,0.3870,0.4937,0.9988,0.1120,0.0113
4,8,1,0,0.2217,0.5423,0.8681,0.0872,0.0757
4,8,1,1,0.4099,0.5246,0.9961,0.2076,0.0190
4,8,1,2,0.5665,0.6349,0.9873,0.3957,0.0122
4,8,1,3,0.4819,0.5768,0.9800,0.2448,0.0153
4,8,1,4,0.1986,0.4739,0.9995,-0.0771,0.0115
4,8,1,5,0.4411,0.5757,0.9928,0.2051,0.0092
4,8,1,6,0.4901,0.6585,0.9588,0.3543,0.0238
4,8,1,7,0.4154,0.5137,0.9596,0.1329,0.0228
4,8,1,8,0.2201,0.5776,0.9923,-0.0391,0.0133
4,8,1,9,0.2511,0.5485,0.8656,0.1213,0.0736
4,8,1,10,0.3566,0.4617,0.9973,0.1206,0.0106
4,8,1,11,0.4078,0.4793,0.9996,0.1745,0.0138
4,8,2,0,0.7810,0.7822,0.9990,0.7241,0.0233
4,8,2,1,0.5473,0.7439,0.9931,0.2950,0.0344
4,8,2,2,0.7167,0.7893,0.9932,0.6165,0.0086
4,8,2,3,0.8015,0.7840,1.0000,0.7881,0.0575
4,8,2,4,0.6968,0.7495,0.9944,0.5837,0.0138
4,8,2,5,0.5001,0.5756,0.9827,0.3825,0.0335
4,8,2,6,0.7346,0.7374,0.9974,0.6729,0.0287
4,8,2,7,0.7530,0.7820,0.9978,0.7104,0.0450
4,8,2,8,0.7132,0.7756,0.9995,0.6390,0.0244
4,8,2,9,0.7734,0.7858,0.9886,0.6983,0.0139
4,8,2,10,0.6297,0.7269,0.9999,0.5054,0.0145
4,8,2,11,0.6778,0.7450,0.9745,0.6019,0.0350
4,8,3,0,0.7527,0.7852,0.9935,0.6893,0.0249
4,8,3,1,0.7177,0.7758,0.9980,0.6591,0.0330
4,8,3,2,0.7594,0.7653,0.9934,0.7228,0.0457
4,8,3,3,0.7740,0.7590,0.9997,0.7484,0.0561
4,8,3,4,0.5529,0.6346,0.9849,0.4597,0.0446
4,8,3,5,0.7296,0.7500,1.0000,0.6219,0.0143
4,8,3,6,0.7846,0.7674,0.9996,0.7751,0.0688
4,8,3,7,0.7896,0.7752,0.9981,0.7768,0.0631
4,8,3,8,0.7262,0.7394,0.9754,0.6433,0.0156
4,8,3,9,0.7617,0.7512,0.9983,0.7085,0.0291
4,8,3,10,0.6849,0.7363,0.9681,0.6238,0.0425
4,8,3,11,0.7647,0.7857,0.9989,0.7334,0.0513
4,8,4,0,0.8401,0.8089,1.0000,0.8173,0.0394
4,8,4,1,0.7836,0.7990,1.0000,0.7448,0.0397
4,8,4,2,0.7693,0.7738,0.9864,0.6739,0.0104
4,8,4,3,0.8273,0.7943,0.9961,0.7945,0.0335
4,8,4,4,0.8146,0.7817,0.9993,0.7930,0.0515
4,8,4,5,0.8372,0.8201,0.9902,0.7649,0.0213
4,8,4,6,0.7922,0.7979,0.9968,0.7727,0.0569
4,8,4,7,0.7850,0.7622,1.0000,0.7468,0.0352
4,8,4,8,1.0000,1.0000,1.0000,1.0000,0.0000
4,8,4,9,0.8033,0.7805,0.9993,0.7901,0.0617
4,8,4,10,0.7834,0.7657,0.9925,0.6907,0.0131
4,8,4,11,0.8369,0.7824,0.9766,0.7726,0.0151
4,8,5,0,0.4229,0.7888,1.0000,0.2623,0.0333
4,8,5,1,0.5077,0.7932,0.9990,0.3287,0.0117
4,8,5,2,0.5755,0.8336,0.9855,0.3804,0.0109
4,8,5,3,0.4701,0.8114,0.9992,0.2853,0.0148
4,8,5,4,0.3046,0.7892,0.9853,0.1195,0.0357
4,8,5,5,0.5475,0.8143,0.9886,0.3708,0.0105
4,8,5,6,0.5767,0.7949,0.9781,0.4042,0.0175
4,8,5,7,0.4349,0.7872,0.9982,0.2626,0.0233
4,8,5,8,0.5901,0.8107,0.9935,0.4119,0.0148
4,8,5,9,0.5648,0.8021,0.9839,0.3453,0.0157
4,8,5,10,0.4785,0.7935,1.0000,0.2890,0.0116
4,8,5,11,0.3943,0.7775,0.9964,0.2175,0.0261
4,9,0,0,0.2946,0.3906,0.9799,0.0665,0.0948
4,9,0,1,0.2025,0.3706,0.8995,0.0406,0.0670
4,9,0,2,0.0732,0.2151,0.8965,-0.0349,0.0118
4,9,0,3,0.1820,0.2221,0.9948,0.0547,0.0406
4,9,0,4,0.2760,0.4219,0.9994,0.1046,0.0802
4,9,0,5,0.2477,0.5710,0.9552,0.0919,0.0677
4,9,0,6,0.1823,0.2975,0.9890,-0.0404,0.0855
4,9,0,7,0.1936,0.3737,0.9326,0.0423,0.0562
4,9,0,8,0.3125,0.4510,0.9994,0.1765,0.0633
4,9,0,9,0.1518,0.2089,0.9883,0.0126,0.0497
4,9,0,10,0.1636,0.3491,0.8755,0.0537,0.0226
4,9,0,11,0.2919,0.3533,0.9999,0.1384,0.0687
4,9,1,0,0.0824,0.3366,0.8489,-0.0084,0.0142
4,9,1,1,0.3144,0.3597,0.9920,0.1943,0.0551
4,9,1,2,0.5060,0.5697,0.9926,0.4187,0.0626
4,9,1,3,0.4307,0.5011,0.9868,0.3165,0.0730
4,9,1,4,0.1733,0.3113,1.0000,0.0250,0.0518
4,9,1,5,0.3683,0.5020,0.9966,0.2422,0.0683
4,9,1,6,0.1871,0.2900,0.9475,0.0667,0.0381
4,9,1,7,0.3014,0.3879,0.9695,0.1419,0.0779
4,9,1,8,0.1687,0.4197,0.9870,0.0239,0.0546
4,9,1,9,0.1095,0.3463,0.8462,0.0201,0.0132
4,9,1,10,0.1306,0.2186,0.9938,-0.0358,0.0566
4,9,1,11,0.2800,0.3516,1.0000,0.1383,0.0651
4,9,2,0,0.8954,0.9102,0.9966,0.8852,0.0420
4,9,2,1,0.5548,0.5895,0.9968,0.4843,0.0877
4,9,2,2,0.8553,0.8708,0.9969,0.8455,0.0558
4,9,2,3,0.9724,0.9846,0.9996,0.9692,0.0089
4,9,2,4,0.8186,0.8327,0.9977,0.8034,0.0600
4,9,2,5,0.4643,0.5514,0.9750,0.3920,0.0301
4,9,2,6,0.8855,0.9063,0.9994,0.8722,0.0336
4,9,2,7,0.8910,0.9162,0.9947,0.8777,0.0262
4,9,2,8,0.8932,0.9014,1.0000,0.8820,0.0387
4,9,2,9,0.9068,0.9320,0.9936,0.9050,0.0490
4,9,2,10,0.7349,0.7677,0.9997,0.6988,0.0577
4,9,2,11,0.7328,0.7915,0.9653,0.6966,0.0376
4,9,3,0,0.8901,0.9232,0.9970,0.8786,0.0381
4,9,3,1,0.9032,0.9091,0.9949,0.8917,0.0296
4,9,3,2,0.8865,0.9179,0.9885,0.8726,0.0189
4,9,3,3,0.9547,0.9685,0.9999,0.9494,0.0059
4,9,3,4,0.6035,0.6490,0.9777,0.5530,0.0246
4,9,3,5,0.8062,0.8546,0.9994,0.7919,0.0629
4,9,3,6,0.9902,0.9945,0.9999,0.9894,0.0071
4,9,3,7,0.9848,0.9906,0.9997,0.9832,0.0053
4,9,3,8,0.8556,0.8696,0.9829,0.8408,0.0490
4,9,3,9,0.8578,0.8887,0.9998,0.8402,0.0340
4,9,3,10,0.7464,0.7868,0.9580,0.7139,0.0221
4,9,3,11,0.9657,0.9684,1.0000,0.9617,0.0132
4,9,4,0,0.9598,0.9683,0.9989,0.9561,0.0230
4,9,4,1,0.9300,0.9533,0.9989,0.9221,0.0220
4,9,4,2,0.8547,0.8813,0.9919,0.8557,0.0605
4,9,4,3,0.9511,0.9530,0.9987,0.9473,0.0289
4,9,4,4,0.9869,0.9919,1.0000,0.9857,0.0105
4,9,4,5,0.7871,0.8152,0.9843,0.7784,0.0699
4,9,4,6,0.9816,0.9874,0.9991,0.9794,0.0048
4,9,4,7,0.9221,0.9479,0.9993,0.9131,0.0266
4,9,4,8,0.8033,0.7805,0.9993,0.7901,0.0617
4,9,4,9,1.0000,1.0000,1.0000,1.0000,0.0000
4,9,4,10,0.8616,0.8816,0.9964,0.8685,0.0641
4,9,4,11,0.9112,0.9252,0.9840,0.9216,0.0566
4,9,5,0,0.3436,0.9195,0.9993,0.2451,0.0345
4,9,5,1,0.4017,0.8967,1.0000,0.2949,0.0561
4,9,5,2,0.4592,0.8980,0.9912,0.3532,0.0688
4,9,5,3,0.3893,0.8802,1.0000,0.2828,0.0519
4,9,5,4,0.1949,0.8888,0.9782,0.0787,0.0279
4,9,5,5,0.4470,0.8986,0.9936,0.3461,0.0600
4,9,5,6,0.5231,0.8932,0.9853,0.4390,0.0647
4,9,5,7,0.3178,0.8853,0.9953,0.2080,0.0429
4,9,5,8,0.4192,0.8145,0.9971,0.3047,0.0715
4,9,5,9,0.4169,0.8303,0.9899,0.2921,0.0758
4,9,5,10,0.3774,0.8763,0.9993,0.2653,0.0559
4,9,5,11,0.2832,0.8983,0.9925,0.1715,0.0373
4,10,0,0,0.4819,0.5559,0.9933,0.0704,0.0309
4,10,0,1,0.3217,0.5050,0.8592,0.0371,0.0186
4,10,0,2,0.1272,0.3128,0.8557,-0.0696,0.0615
4,10,0,3,0.2289,0.3065,0.9826,-0.0080,0.0353
4,10,0,4,0.4190,0.5632,0.9987,0.1140,0.0235
4,10,0,5,0.3814,0.6078,0.9267,0.1113,0.0160
4,10,0,6,0.3383,0.4895,0.9729,-0.0466,0.0285
4,10,0,7,0.2941,0.4644,0.8986,0.0247,0.0144
4,10,0,8,0.4922,0.6469,0.9987,0.2769,0.0168
4,10,0,9,0.2703,0.3436,0.9718,0.0332,0.0276
4,10,0,10,0.3299,0.5366,0.8313,0.1653,0.0482
4,10,0,11,0.4160,0.4925,0.9973,0.1395,0.0140
4,10,1,0,0.2404,0.5251,0.8010,0.1050,0.0783
4,10,1,1,0.3824,0.4546,0.9778,0.1602,0.0301
4,10,1,2,0.5312,0.6074,0.9993,0.3371,0.0229
4,10,1,3,0.4889,0.6044,0.9970,0.2417,0.0161
4,10,1,4,0.2990,0.4317,0.9958,0.0461,0.0136
4,10,1,5,0.4515,0.5843,1.0000,0.2074,0.0176
4,10,1,6,0.2861,0.4000,0.9169,0.0806,0.0306
4,10,1,7,0.4170,0.5114,0.9868,0.1191,0.0189
4,10,1,8,0.2919,0.5072,0.9698,0.0452,0.0184
4,10,1,9,0.2597,0.5353,0.7980,0.1269,0.0765
4,10,1,10,0.2811,0.3599,0.9809,0.0037,0.0104
4,10,1,11,0.4340,0.5153,0.9956,0.1994,0.0230
4,10,2,0,0.8810,0.9120,0.9861,0.8574,0.0305
4,10,2,1,0.7138,0.7242,1.0000,0.5500,0.0267
4,10,2,2,0.8562,0.8758,1.0000,0.8056,0.0125
4,10,2,3,0.8831,0.8986,0.9936,0.8962,0.0610
4,10,2,4,0.8731,0.8935,0.9999,0.8253,0.0090
4,10,2,5,0.5406,0.6430,0.9527,0.4314,0.0396
4,10,2,6,0.7580,0.8071,0.9987,0.7039,0.0334
4,10,2,7,0.7901,0.8420,0.9824,0.7603,0.0516
4,10,2,8,0.9140,0.9298,0.9958,0.9042,0.0259
4,10,2,9,0.8959,0.9154,0.9996,0.8641,0.0151
4,10,2,10,0.6846,0.7188,0.9942,0.5755,0.0238
4,10,2,11,0.8128,0.8506,0.9397,0.7780,0.0438
4,10,3,0,0.8502,0.8652,1.0000,0.8184,0.0261
4,10,3,1,0.9202,0.9256,0.9828,0.9233,0.0385
4,10,3,2,0.8822,0.9164,0.9721,0.8832,0.0515
4,10,3,3,0.8453,0.8683,0.9951,0.8429,0.0590
4,10,3,4,0.5345,0.6324,0.9564,0.4340,0.0529
4,10,3,5,0.8779,0.9043,0.9930,0.8273,0.0054
4,10,3,6,0.8807,0.8829,0.9954,0.9012,0.0715
4,10,3,7,0.8773,0.8848,0.9981,0.8925,0.0659
4,10,3,8,0.8920,0.9091,0.9950,0.8651,0.0223
4,10,3,9,0.7772,0.8113,0.9980,0.7296,0.0365
4,10,3,10,0.8127,0.8453,0.9302,0.7895,0.0493
4,10,3,11,0.8760,0.8968,0.9971,0.8790,0.0551
4,10,4,0,0.8990,0.9082,0.9913,0.8971,0.0455
4,10,4,1,0.8910,0.8964,0.9915,0.8866,0.0439
4,10,4,2,0.8736,0.8865,0.9991,0.8187,0.0073
4,10,4,3,0.8191,0.8420,0.9994,0.7860,0.0379
4,10,4,4,0.9010,0.9042,0.9963,0.9077,0.0543
4,10,4,5,0.8691,0.8786,0.9658,0.8070,0.0130
4,10,4,6,0.8767,0.8821,0.9991,0.8844,0.0593
4,10,4,7,0.8835,0.8981,0.9925,0.8770,0.0395
4,10,4,8,0.7834,0.7657,0.9925,0.6907,0.0131
4,10,4,9,0.8616,0.8816,0.9964,0.8685,0.0641
4,10,4,10,1.0000,1.0000,1.0000,1.0000,0.0000
4,10,4,11,0.9239,0.9370,0.9956,0.8933,0.0080
4,10,5,0,0.3926,0.8502,0.9925,0.2154,0.0416
4,10,5,1,0.4512,0.8642,0.9970,0.2416,0.0200
4,10,5,2,0.5422,0.8827,0.9988,0.3194,0.0139
4,10,5,3,0.4452,0.8694,0.9966,0.2422,0.0233
4,10,5,4,0.2901,0.8160,0.9570,0.0920,0.0391
4,10,5,5,0.5121,0.8839,0.9996,0.3119,0.0208
4,10,5,6,0.5818,0.8671,0.9962,0.4025,0.0221
4,10,5,7,0.3844,0.8099,0.9835,0.1872,0.0298
4,10,5,8,0.5114,0.7936,1.0000,0.2871,0.0210
4,10,5,9,0.5486,0.8668,0.9984,0.3060,0.0136
4,10,5,10,0.4487,0.8658,0.9927,0.2384,0.0175
4,10,5,11,0.3506,0.8302,0.9786,0.1514,0.0329
4,11,0,0,0.4477,0.5317,0.9998,0.0529,0.0387
4,11,0,1,0.3120,0.4449,0.8073,0.0467,0.0253
4,11,0,2,0.1456,0.2856,0.8033,-0.0317,0.0561
4,11,0,3,0.1869,0.2651,0.9608,-0.0445,0.0328
4,11,0,4,0.3488,0.5264,0.9896,0.0363,0.0280
4,11,0,5,0.4078,0.5593,0.8872,0.1704,0.0209
4,11,0,6,0.3126,0.4153,0.9468,-0.0520,0.0363
4,11,0,7,0.3226,0.4305,0.8534,0.0846,0.0191
4,11,0,8,0.4393,0.5634,0.9896,0.2208,0.0206
4,11,0,9,0.2935,0.3355,0.9453,0.0815,0.0302
4,11,0,10,0.2656,0.4452,0.7753,0.0950,0.0451
4,11,0,11,0.4053,0.4651,0.9859,0.1476,0.0203
4,11,1,0,0.1632,0.4248,0.7411,0.0191,0.0702
4,11,1,1,0.3853,0.4353,0.9537,0.1809,0.0298
4,11,1,2,0.5917,0.6495,0.9984,0.4359,0.0255
4,11,1,3,0.5469,0.6302,0.9999,0.3474,0.0231
4,11,1,4,0.2504,0.4056,0.9828,0.0008,0.0133
4,11,1,5,0.5111,0.6251,0.9953,0.3117,0.0232
4,11,1,6,0.2253,0.3297,0.8753,0.0174,0.0296
4,11,1,7,0.4567,0.5315,0.9977,0.2040,0.0265
4,11,1,8,0.2479,0.4861,0.9425,0.0059,0.0216
4,11,1,9,0.1802,0.4307,0.7377,0.0376,0.0685
4,11,1,10,0.2465,0.3233,0.9582,-0.0212,0.0130
4,11,1,11,0.4316,0.4845,0.9825,0.2148,0.0279
4,11,2,0,0.8732,0.9026,0.9661,0.8441,0.0282
4,11,2,1,0.6258,0.7043,0.9951,0.4313,0.0340
4,11,2,2,0.8711,0.9153,0.9950,0.8273,0.0130
4,11,2,3,0.9038,0.9222,0.9785,0.9127,0.0555
4,11,2,4,0.8159,0.8622,0.9938,0.7494,0.0130
4,11,2,5,0.4872,0.5676,0.9198,0.3685,0.0364
4,11,2,6,0.7730,0.8221,0.9895,0.7223,0.0292
4,11,2,7,0.8056,0.8462,0.9604,0.7758,0.0472
4,11,2,8,0.8751,0.9083,0.9829,0.8489,0.0205
4,11,2,9,0.8856,0.9209,0.9978,0.8496,0.0118
4,11,2,10,0.6692,0.7361,0.9797,0.5613,0.0273
4,11,2,11,0.7486,0.7982,0.9034,0.6930,0.0410
4,11,3,0,0.8536,0.8966,0.9948,0.8202,0.0222
4,11,3,1,0.8937,0.9200,0.9611,0.8825,0.0346
4,11,3,2,0.8754,0.8984,0.9457,0.8673,0.0477
4,11,3,3,0.8754,0.8983,0.9814,0.8731,0.0523
4,11,3,4,0.5202,0.5873,0.9247,0.4198,0.0499
4,11,3,5,0.8196,0.8653,0.9775,0.7500,0.0112
4,11,3,6,0.9200,0.9287,0.9820,0.9393,0.0637
4,11,3,7,0.9230,0.9346,0.9879,0.9393,0.0592
4,11,3,8,0.8533,0.8866,1.0000,0.8120,0.0215
4,11,3,9,0.7929,0.8235,0.9875,0.7482,0.0338
4,11,3,10,0.7764,0.8077,0.8916,0.7391,0.0454
4,11,3,11,0.9139,0.9349,0.9856,0.9186,0.0499
4,11,4,0,0.8958,0.9074,0.9745,0.8862,0.0424
4,11,4,1,0.8971,0.9230,0.9748,0.8878,0.0375
4,11,4,2,0.8519,0.8864,0.9987,0.7930,0.0109
4,11,4,3,0.8686,0.8802,0.9918,0.8463,0.0330
4,11,4,4,0.9410,0.9422,0.9838,0.9498,0.0460
4,11,4,5,0.8497,0.8438,0.9371,0.7864,0.0189
4,11,4,6,0.9177,0.9392,0.9906,0.9269,0.0517
4,11,4,7,0.8662,0.8874,0.9766,0.8488,0.0352
4,11,4,8,0.8369,0.7824,0.9766,0.7726,0.0151
4,11,4,9,0.9112,0.9252,0.9840,0.9216,0.0566
4,11,4,10,0.9239,0.9370,0.9956,0.8933,0.0080
4,11,4,11,1.0000,1.0000,1.0000,1.0000,0.0000
4,11,5,0,0.4431,0.9035,0.9766,0.2925,0.0391
4,11,5,1,0.5160,0.8844,0.9854,0.3454,0.0211
4,11,5,2,0.5839,0.9170,0.9989,0.4000,0.0173
4,11,5,3,0.4884,0.9157,0.9845,0.3153,0.0219
4,11,5,4,0.3055,0.8729,0.9255,0.1259,0.0330
4,11,5,5,0.5472,0.9052,0.9978,0.3761,0.0214
4,11,5,6,0.6408,0.9149,1.0000,0.4993,0.0244
4,11,5,7,0.4360,0.8506,0.9620,0.2688,0.0281
4,11,5,8,0.5218,0.7861,0.9948,0.3211,0.0264
4,11,5,9,0.5752,0.8743,0.9993,0.3698,0.0205
4,11,5,10,0.4940,0.8740,0.9769,0.3158,0.0202
4,11,5,11,0.3950,0.8672,0.9549,0.2234,0.0302
5,0,0,0,0.3220,0.4415,0.9717,-0.0133,0.0698
5,0,0,1,0.2290,0.4458,0.9154,0.0144,0.0450
5,0,0,2,0.1228,0.2599,0.9126,-0.0129,0.0282
5,0,0,3,0.0993,0.2385,0.9979,-0.0893,0.0150
5,0,0,4,0.2887,0.4664,0.9974,0.0485,0.0634
5,0,0,5,0.4186,0.5918,0.9657,0.2546,0.0385
5,0,0,6,0.2012,0.3445,0.9939,-0.1013,0.0584
5,0,0,7,0.2236,0.3755,0.9456,0.0253,0.0294
5,0,0,8,0.2869,0.5099,0.9974,0.0875,0.0309
5,0,0,9,0.1144,0.2037,0.9934,-0.0813,0.0261
5,0,0,10,0.1368,0.3938,0.8931,-0.0142,0.0148
5,0,0,11,0.1774,0.3538,0.9988,-0.0797,0.0432
5,0,1,0,0.1108,0.3879,0.8683,-0.0053,0.0487
5,0,1,1,0.1681,0.3309,0.9961,-0.0342,0.0224
5,0,1,2,0.3502,0.5171,0.9872,0.1729,0.0286
5,0,1,3,0.3651,0.4846,0.9799,0.1687,0.0462
5,0,1,4,0.1768,0.3132,0.9995,-0.0233,0.0321
5,0,1,5,0.4084,0.4930,0.9928,0.2386,0.0367
5,0,1,6,0.1629,0.3327,0.9589,-0.0034,0.0245
5,0,1,7,0.2994,0.3955,0.9595,0.0690,0.0547
5,0,1,8,0.2627,0.4203,0.9924,0.0893,0.0335
5,0,1,9,0.1239,0.3964,0.8657,0.0079,0.0466
5,0,1,10,0.1533,0.2812,0.9973,-0.0656,0.0334
5,0,1,11,0.2580,0.3649,0.9996,0.0541,0.0342
5,0,2,0,0.3364,0.8854,0.9990,0.1962,0.0164
5,0,2,1,0.4772,0.6709,0.9931,0.2963,0.0665
5,0,2,2,0.4011,0.8534,0.9932,0.2511,0.0343
5,0,2,3,0.3399,0.9155,1.0000,0.2412,0.0303
5,0,2,4,0.3802,0.8132,0.9944,0.2186,0.0406
5,0,2,5,0.2106,0.5661,0.9827,0.0673,0.0187
5,0,2,6,0.3505,0.7939,0.9974,0.2232,0.0193
5,0,2,7,0.3141,0.8286,0.9979,0.1943,0.0188
5,0,2,8,0.3869,0.8770,0.9995,0.2609,0.0267
5,0,2,9,0.4088,0.8629,0.9886,0.2663,0.0292
5,0,2,10,0.3022,0.6655,0.9999,0.1343,0.0285
5,0,2,11,0.2786,0.7680,0.9745,0.1397,0.0144
5,0,3,0,0.3987,0.8213,0.9934,0.2739,0.0232
5,0,3,1,0.3367,0.8768,0.9980,0.2148,0.0189
5,0,3,2,0.3255,0.8672,0.9935,0.2121,0.0197
5,0,3,3,0.3317,0.8778,0.9997,0.2265,0.0289
5,0,3,4,0.2197,0.5721,0.9850,0.0868,0.0156
5,0,3,5,0.3255,0.8388,1.0000,0.1393,0.0432
5,0,3,6,0.3345,0.9305,0.9996,0.2427,0.0418
5,0,3,7,0.3416,0.9303,0.9981,0.2466,0.0361
5,0,3,8,0.5087,0.8323,0.9753,0.3978,0.0236
5,0,3,9,0.3337,0.7933,0.9983,0.2037,0.0148
5,0,3,10,0.2778,0.7778,0.9682,0.1517,0.0163
5,0,3,11,0.3451,0.9185,0.9989,0.2390,0.0236
5,0,4,0,0.3350,0.9078,1.0000,0.2144,0.0136
5,0,4,1,0.3467,0.8962,1.0000,0.2281,0.0176
5,0,4,2,0.4188,0.7977,0.9863,0.2551,0.0386
5,0,4,3,0.3761,0.8534,0.9961,0.2557,0.0145
5,0,4,4,0.3518,0.9186,0.9993,0.2431,0.0252
5,0,4,5,0.3299,0.8182,0.9903,0.1238,0.0520
5,0,4,6,0.3696,0.9150,0.9968,0.2720,0.0297
5,0,4,7,0.3309,0.8670,1.0000,0.2095,0.0199
5,0,4,8,0.4229,0.7888,1.0000,0.2623,0.0333
5,0,4,9,0.3436,0.9195,0.9993,0.2451,0.0345
5,0,4,10,0.3926,0.8502,0.9925,0.2154,0.0416
5,0,4,11,0.4431,0.9035,0.9766,0.2925,0.0391
5,0,5,0,1.0000,1.0000,1.0000,1.0000,0.0000
5,0,5,1,0.9548,0.9635,0.9990,0.9486,0.0231
5,0,5,2,0.9213,0.9510,0.9855,0.9213,0.0380
5,0,5,3,0.9519,0.9637,0.9992,0.9437,0.0195
5,0,5,4,0.9453,0.9680,0.9853,0.9349,0.0161
5,0,5,5,0.9426,0.9616,0.9886,0.9362,0.0265
5,0,5,6,0.9433,0.9637,0.9781,0.9396,0.0300
5,0,5,7,0.9558,0.9587,0.9982,0.9466,0.0145
5,0,5,8,0.7708,0.8446,0.9935,0.7158,0.0379
5,0,5,9,0.8460,0.9017,0.9839,0.8287,0.0461
5,0,5,10,0.9502,0.9582,1.0000,0.9428,0.0246
5,0,5,11,0.9779,0.9798,0.9964,0.9734,0.0135
5,1,0,0,0.3890,0.5078,0.9814,-0.0159,0.0468
5,1,0,1,0.2926,0.4990,0.8961,0.0404,0.0246
5,1,0,2,0.2165,0.3529,0.8930,0.0669,0.0501
5,1,0,3,0.1801,0.3361,0.9940,-0.0365,0.0187
5,1,0,4,0.3223,0.5670,0.9996,0.0233,0.0409
5,1,0,5,0.5305,0.6990,0.9529,0.3574,0.0175
5,1,0,6,0.2700,0.3950,0.9878,-0.0867,0.0370
5,1,0,7,0.3086,0.4680,0.9297,0.0834,0.0143
5,1,0,8,0.3240,0.5446,0.9996,0.0806,0.0084
5,1,0,9,0.1447,0.2479,0.9871,-0.0945,0.0153
5,1,0,10,0.1494,0.4570,0.8717,-0.0375,0.0344
5,1,0,11,0.2423,0.4274,1.0000,-0.0611,0.0210
5,1,1,0,0.1086,0.4239,0.8447,-0.0369,0.0703
5,1,1,1,0.2502,0.3867,0.9910,0.0185,0.0130
5,1,1,2,0.3934,0.5582,0.9935,0.1796,0.0111
5,1,1,3,0.3998,0.5210,0.9880,0.1560,0.0238
5,1,1,4,0.2050,0.4127,0.9999,-0.0405,0.0130
5,1,1,5,0.4381,0.5399,0.9972,0.2268,0.0151
5,1,1,6,0.2028,0.3793,0.9449,0.0035,0.0218
5,1,1,7,0.3520,0.4375,0.9714,0.0741,0.0317
5,1,1,8,0.2834,0.5036,0.9857,0.0695,0.0174
5,1,1,9,0.1225,0.4363,0.8420,-0.0225,0.0683
5,1,1,10,0.1773,0.3006,0.9930,-0.0933,0.0152
5,1,1,11,0.2733,0.3996,0.9999,0.0170,0.0159
5,1,2,0,0.4019,0.8950,0.9960,0.2434,0.0174
5,1,2,1,0.5238,0.7424,0.9974,0.2941,0.0434
5,1,2,2,0.4598,0.8761,0.9975,0.2861,0.0141
5,1,2,3,0.3876,0.9067,0.9993,0.2781,0.0521
5,1,2,4,0.4305,0.8468,0.9982,0.2393,0.0190
5,1,2,5,0.2292,0.6348,0.9733,0.0542,0.0284
5,1,2,6,0.4285,0.8387,0.9997,0.2897,0.0236
5,1,2,7,0.3841,0.8501,0.9939,0.2525,0.0373
5,1,2,8,0.4074,0.8876,0.9999,0.2553,0.0201
5,1,2,9,0.4639,0.8991,0.9944,0.2989,0.0141
5,1,2,10,0.3891,0.7358,0.9995,0.2020,0.0136
5,1,2,11,0.3223,0.7979,0.9633,0.1596,0.0253
5,1,3,0,0.4654,0.8491,0.9976,0.3271,0.0201
5,1,3,1,0.3772,0.8748,0.9941,0.2360,0.0275
5,1,3,2,0.3744,0.8820,0.9873,0.2462,0.0396
5,1,3,3,0.4066,0.8720,0.9998,0.2947,0.0509
5,1,3,4,0.2993,0.6547,0.9761,0.1520,0.0360
5,1,3,5,0.3991,0.8897,0.9992,0.1850,0.0211
5,1,3,6,0.3877,0.9005,0.9998,0.2883,0.0636
5,1,3,7,0.4031,0.9036,0.9999,0.3015,0.0581
5,1,3,8,0.5254,0.8672,0.9844,0.3899,0.0100
5,1,3,9,0.4180,0.8385,0.9999,0.2772,0.0227
5,1,3,10,0.3195,0.7988,0.9557,0.1727,0.0361
5,1,3,11,0.4129,0.8970,1.0000,0.2984,0.0457
5,1,4,0,0.3961,0.9128,0.9985,0.2614,0.0336
5,1,4,1,0.3973,0.8900,0.9986,0.2627,0.0347
5,1,4,2,0.4932,0.8467,0.9928,0.3066,0.0161
5,1,4,3,0.4548,0.8641,0.9991,0.3253,0.0279
5,1,4,4,0.4155,0.8922,1.0000,0.2970,0.0460
5,1,4,5,0.3983,0.8657,0.9829,0.1572,0.0299
5,1,4,6,0.4221,0.8918,0.9994,0.3154,0.0515
5,1,4,7,0.3889,0.8846,0.9990,0.2525,0.0300
5,1,4,8,0.5077,0.7932,0.9990,0.3287,0.0117
5,1,4,9,0.4017,0.8967,1.0000,0.2949,0.0561
5,1,4,10,0.4512,0.8642,0.9970,0.2416,0.0200
5,1,4,11,0.5160,0.8844,0.9854,0.3454,0.0211
5,1,5,0,0.9548,0.9635,0.9990,0.9486,0.0231
5,1,5,1,1.0000,1.0000,1.0000,1.0000,0.0000
5,1,5,2,0.9386,0.9606,0.9922,0.9209,0.0161
5,1,5,3,0.9357,0.9460,1.0000,0.9157,0.0082
5,1,5,4,0.8871,0.9121,0.9765,0.8667,0.0292
5,1,5,5,0.9437,0.9605,0.9944,0.9246,0.0051
5,1,5,6,0.9528,0.9676,0.9866,0.9371,0.0129
5,1,5,7,0.9535,0.9674,0.9945,0.9431,0.0138
5,1,5,8,0.8321,0.9013,0.9976,0.7703,0.0170
5,1,5,9,0.8885,0.9339,0.9910,0.8539,0.0229
5,1,5,10,0.9696,0.9793,0.9990,0.9597,0.0057
5,1,5,11,0.9671,0.9786,0.9916,0.9624,0.0191
5,2,0,0,0.4855,0.5622,0.9977,0.0329,0.0323
5,2,0,1,0.3166,0.5053,0.8336,0.0087,0.0234
5,2,0,2,0.2076,0.3551,0.8299,0.0217,0.0641
5,2,0,3,0.1970,0.3316,0.9725,-0.0679,0.0344
5,2,0,4,0.4055,0.5777,0.9952,0.0680,0.0303
5,2,0,5,0.5560,0.6895,0.9076,0.3483,0.0111
5,2,0,6,0.3455,0.4430,0.9606,-0.0664,0.0289
5,2,0,7,0.3614,0.4726,0.8765,0.1010,0.0160
5,2,0,8,0.3716,0.5734,0.9952,0.0856,0.0107
5,2,0,9,0.2498,0.3110,0.9594,-0.0113,0.0266
5,2,0,10,0.2505,0.4867,0.8036,0.0505,0.0479
5,2,0,11,0.3344,0.4659,0.9926,-0.0050,0.0156
5,2,1,0,0.1846,0.4580,0.7713,0.0256,0.0827
5,2,1,1,0.3135,0.4393,0.9665,0.0485,0.0241
5,2,1,2,0.4768,0.6240,0.9999,0.2448,0.0155
5,2,1,3,0.4726,0.5958,0.9996,0.1976,0.0157
5,2,1,4,0.2947,0.4306,0.9902,0.0223,0.0180
5,2,1,5,0.5529,0.6080,0.9987,0.3395,0.0135
5,2,1,6,0.3036,0.4276,0.8967,0.0907,0.0310
5,2,1,7,0.4079,0.5037,0.9934,0.0812,0.0231
5,2,1,8,0.3637,0.5304,0.9570,0.1280,0.0199
5,2,1,9,0.2017,0.4670,0.7681,0.0450,0.0806
5,2,1,10,0.2666,0.3650,0.9704,-0.0369,0.0160
5,2,1,11,0.3668,0.4503,0.9900,0.0852,0.0193
5,2,2,0,0.4817,0.8931,0.9770,0.3175,0.0305
5,2,2,1,0.5948,0.7676,0.9986,0.3318,0.0323
5,2,2,2,0.5518,0.8859,0.9985,0.3743,0.0171
5,2,2,3,0.4625,0.9025,0.9870,0.3582,0.0644
5,2,2,4,0.5220,0.8402,0.9979,0.3220,0.0177
5,2,2,5,0.3336,0.6183,0.9370,0.1523,0.0404
5,2,2,6,0.4650,0.8427,0.9951,0.3114,0.0358
5,2,2,7,0.4482,0.8650,0.9723,0.3123,0.0521
5,2,2,8,0.4984,0.8599,0.9903,0.3464,0.0310
5,2,2,9,0.5402,0.9096,0.9998,0.3673,0.0198
5,2,2,10,0.4286,0.7526,0.9879,0.2122,0.0183
5,2,2,11,0.4172,0.8068,0.9222,0.2509,0.0395
5,2,3,0,0.5096,0.8768,0.9984,0.3593,0.0316
5,2,3,1,0.4496,0.8576,0.9728,0.3040,0.0411
5,2,3,2,0.4543,0.8872,0.9597,0.3274,0.0538
5,2,3,3,0.4515,0.8828,0.9892,0.3354,0.0633
5,2,3,4,0.3380,0.6626,0.9413,0.1720,0.0505
5,2,3,5,0.4933,0.8915,0.9862,0.2659,0.0159
5,2,3,6,0.4479,0.8967,0.9897,0.3520,0.0765
5,2,3,7,0.4634,0.9053,0.9940,0.3650,0.0707
5,2,3,8,0.6043,0.8688,0.9987,0.4710,0.0215
5,2,3,9,0.4663,0.8486,0.9937,0.3140,0.0361
5,2,3,10,0.4054,0.8105,0.9115,0.2557,0.0503
5,2,3,11,0.4830,0.8943,0.9923,0.3714,0.0588
5,2,4,0,0.4778,0.9090,0.9838,0.3441,0.0461
5,2,4,1,0.4636,0.8964,0.9841,0.3249,0.0473
5,2,4,2,0.5388,0.8724,1.0000,0.3235,0.0140
5,2,4,3,0.4967,0.8735,0.9966,0.3573,0.0414
5,2,4,4,0.4706,0.9002,0.9910,0.3493,0.0581
5,2,4,5,0.5111,0.8735,0.9522,0.2602,0.0195
5,2,4,6,0.4808,0.8972,0.9959,0.3761,0.0643
5,2,4,7,0.4576,0.8882,0.9855,0.3173,0.0423
5,2,4,8,0.5755,0.8336,0.9855,0.3804,0.0109
5,2,4,9,0.4592,0.8980,0.9912,0.3532,0.0688
5,2,4,10,0.5422,0.8827,0.9988,0.3194,0.0139
5,2,4,11,0.5839,0.9170,0.9989,0.4000,0.0173
5,2,5,0,0.9213,0.9510,0.9855,0.9213,0.0380
5,2,5,1,0.9386,0.9606,0.9922,0.9209,0.0161
5,2,5,2,1.0000,1.0000,1.0000,1.0000,0.0000
5,2,5,3,0.9482,0.9663,0.9915,0.9379,0.0190
5,2,5,4,0.8671,0.9166,0.9420,0.8544,0.0434
5,2,5,5,0.9267,0.9620,0.9998,0.8982,0.0134
5,2,5,6,0.9244,0.9544,0.9992,0.8919,0.0132
5,2,5,7,0.9167,0.9390,0.9736,0.9061,0.0286
5,2,5,8,0.8685,0.9019,0.9984,0.8041,0.0147
5,2,5,9,0.9429,0.9644,1.0000,0.9115,0.0092
5,2,5,10,0.9229,0.9450,0.9857,0.8986,0.0149
5,2,5,11,0.9232,0.9465,0.9676,0.9195,0.0325
5,3,0,0,0.3838,0.4791,0.9805,-0.0037,0.0499
5,3,0,1,0.2582,0.4852,0.8983,0.0041,0.0274
5,3,0,2,0.1444,0.3244,0.8953,-0.0151,0.0470
5,3,0,3,0.1645,0.2788,0.9945,-0.0482,0.0162
5,3,0,4,0.3595,0.5157,0.9995,0.0899,0.0453
5,3,0,5,0.3856,0.5876,0.9544,0.1676,0.0199
5,3,0,6,0.2802,0.3959,0.9886,-0.0561,0.0385
5,3,0,7,0.2376,0.4028,0.9316,-0.0013,0.0135
5,3,0,8,0.3170,0.5872,0.9995,0.0808,0.0127
5,3,0,9,0.1732,0.2686,0.9879,-0.0493,0.0151
5,3,0,10,0.2135,0.4841,0.8741,0.0478,0.0303
5,3,0,11,0.2577,0.4104,1.0000,-0.0275,0.0239
5,3,1,0,0.1730,0.4700,0.8474,0.0448,0.0661
5,3,1,1,0.2450,0.3834,0.9917,0.0205,0.0136
5,3,1,2,0.3970,0.5479,0.9929,0.1928,0.0129
5,3,1,3,0.4159,0.5352,0.9872,0.1889,0.0270
5,3,1,4,0.2491,0.3703,1.0000,0.0260,0.0168
5,3,1,5,0.4697,0.5292,0.9968,0.2789,0.0179
5,3,1,6,0.2137,0.3926,0.9466,0.0243,0.0170
5,3,1,7,0.3541,0.4569,0.9702,0.0889,0.0346
5,3,1,8,0.3121,0.4556,0.9865,0.1143,0.0188
5,3,1,9,0.1845,0.4761,0.8447,0.0565,0.0641
5,3,1,10,0.2086,0.3324,0.9935,-0.0419,0.0167
5,3,1,11,0.3083,0.4071,0.9999,0.0740,0.0165
5,3,2,0,0.4021,0.8935,0.9964,0.2492,0.0145
5,3,2,1,0.5442,0.7211,0.9970,0.3380,0.0469
5,3,2,2,0.4566,0.8620,0.9971,0.2885,0.0166
5,3,2,3,0.3886,0.8902,0.9995,0.2823,0.0479
5,3,2,4,0.4301,0.8182,0.9979,0.2461,0.0241
5,3,2,5,0.2754,0.5860,0.9744,0.1172,0.0242
5,3,2,6,0.4156,0.7726,0.9995,0.2782,0.0192
5,3,2,7,0.3738,0.8206,0.9944,0.2440,0.0350
5,3,2,8,0.4190,0.8637,1.0000,0.2750,0.0180
5,3,2,9,0.4672,0.8672,0.9939,0.3092,0.0147
5,3,2,10,0.3690,0.6705,0.9997,0.1830,0.0137
5,3,2,11,0.3518,0.7963,0.9646,0.2017,0.0218
5,3,3,0,0.4441,0.8304,0.9973,0.3048,0.0171
5,3,3,1,0.3803,0.8756,0.9947,0.2443,0.0241
5,3,3,2,0.3757,0.8741,0.9880,0.2516,0.0364
5,3,3,3,0.3837,0.8526,0.9999,0.2701,0.0465
5,3,3,4,0.2832,0.5831,0.9771,0.1373,0.0334
5,3,3,5,0.4049,0.8507,0.9994,0.2014,0.0255
5,3,3,6,0.3798,0.8927,0.9999,0.2814,0.0595
5,3,3,7,0.3856,0.9030,0.9998,0.2831,0.0535
5,3,3,8,0.5330,0.8448,0.9835,0.4043,0.0095
5,3,3,9,0.3999,0.7923,0.9998,0.2593,0.0188
5,3,3,10,0.3418,0.8138,0.9572,0.2048,0.0334
5,3,3,11,0.3900,0.8959,1.0000,0.2737,0.0417
5,3,4,0,0.4011,0.8868,0.9988,0.2718,0.0292
5,3,4,1,0.4033,0.8872,0.9988,0.2743,0.0307
5,3,4,2,0.4638,0.8137,0.9922,0.2745,0.0208
5,3,4,3,0.4235,0.8204,0.9988,0.2905,0.0244
5,3,4,4,0.3967,0.8934,1.0000,0.2774,0.0420
5,3,4,5,0.3958,0.8421,0.9838,0.1639,0.0337
5,3,4,6,0.4140,0.8868,0.9992,0.3084,0.0469
5,3,4,7,0.3900,0.8548,0.9992,0.2582,0.0259
5,3,4,8,0.4701,0.8114,0.9992,0.2853,0.0148
5,3,4,9,0.3893,0.8802,1.0000,0.2828,0.0519
5,3,4,10,0.4452,0.8694,0.9966,0.2422,0.0233
5,3,4,11,0.4884,0.9157,0.9845,0.3153,0.0219
5,3,5,0,0.9519,0.9637,0.9992,0.9437,0.0195
5,3,5,1,0.9357,0.9460,1.0000,0.9157,0.0082
5,3,5,2,0.9482,0.9663,0.9915,0.9379,0.0190
5,3,5,3,1.0000,1.0000,1.0000,1.0000,0.0000
5,3,5,4,0.9046,0.9405,0.9776,0.8876,0.0263
5,3,5,5,0.9298,0.9580,0.9939,0.9075,0.0097
5,3,5,6,0.9283,0.9476,0.9857,0.9057,0.0158
5,3,5,7,0.9103,0.9232,0.9950,0.8876,0.0118
5,3,5,8,0.7791,0.8340,0.9973,0.7012,0.0199
5,3,5,9,0.8991,0.9314,0.9903,0.8749,0.0266
5,3,5,10,0.9395,0.9499,0.9992,0.9206,0.0083
5,3,5,11,0.9325,0.9445,0.9922,0.9175,0.0161
5,4,0,0,0.2950,0.4348,0.9170,-0.0367,0.0702
5,4,0,1,0.1515,0.4285,0.9707,-0.0732,0.0428
5,4,0,2,0.1084,0.2529,0.9690,-0.0228,0.0241
5,4,0,3,0.1046,0.2314,0.9942,-0.0734,0.0153
5,4,0,4,0.2792,0.4526,0.9704,0.0499,0.0580
5,4,0,5,0.3671,0.5432,0.9959,0.1980,0.0425
5,4,0,6,0.1884,0.3555,0.9982,-0.1023,0.0601
5,4,0,7,0.1964,0.3629,0.9872,0.0018,0.0303
5,4,0,8,0.3033,0.5103,0.9703,0.1198,0.0358
5,4,0,9,0.0766,0.2093,0.9984,-0.1171,0.0240
5,4,0,10,0.1764,0.3959,0.9568,0.0395,0.0155
5,4,0,11,0.1645,0.3463,0.9758,-0.0827,0.0441
5,4,1,0,0.1545,0.3998,0.9402,0.0498,0.0425
5,4,1,1,0.1338,0.3315,0.9966,-0.0662,0.0291
5,4,1,2,0.2415,0.4923,0.9456,0.0442,0.0361
5,4,1,3,0.2942,0.4623,0.9315,0.0860,0.0479
5,4,1,4,0.1690,0.3037,0.9796,-0.0226,0.0273
5,4,1,5,0.3606,0.4811,0.9578,0.1868,0.0420
5,4,1,6,0.1500,0.3453,0.9933,-0.0104,0.0189
5,4,1,7,0.2495,0.3862,0.8974,0.0147,0.0536
5,4,1,8,0.2553,0.4323,0.9989,0.0895,0.0306
5,4,1,9,0.1663,0.4104,0.9385,0.0616,0.0404
5,4,1,10,0.1328,0.2942,0.9952,-0.0799,0.0313
5,4,1,11,0.2119,0.3608,0.9799,0.0064,0.0384
5,4,2,0,0.2186,0.8722,0.9919,0.0619,0.0146
5,4,2,1,0.4354,0.6395,0.9585,0.2496,0.0643
5,4,2,2,0.2879,0.8006,0.9587,0.1183,0.0307
5,4,2,3,0.1950,0.8842,0.9837,0.0792,0.0268
5,4,2,4,0.2875,0.7751,0.9617,0.1110,0.0358
5,4,2,5,0.1715,0.5538,0.9999,0.0285,0.0156
5,4,2,6,0.2406,0.7640,0.9705,0.0993,0.0127
5,4,2,7,0.1982,0.8028,0.9944,0.0648,0.0178
5,4,2,8,0.2528,0.8332,0.9794,0.1071,0.0166
5,4,2,9,0.2913,0.8150,0.9484,0.1291,0.0251
5,4,2,10,0.1873,0.6499,0.9827,0.0015,0.0323
5,4,2,11,0.1821,0.7540,0.9985,0.0325,0.0194
5,4,3,0,0.2575,0.7778,0.9593,0.1111,0.0157
5,4,3,1,0.1907,0.8497,0.9941,0.0492,0.0119
5,4,3,2,0.1953,0.8453,0.9984,0.0662,0.0157
5,4,3,3,0.1933,0.8416,0.9810,0.0717,0.0225
5,4,3,4,0.1779,0.5452,1.0000,0.0447,0.0194
5,4,3,5,0.2581,0.7996,0.9845,0.0636,0.0392
5,4,3,6,0.1809,0.9023,0.9804,0.0716,0.0358
5,4,3,7,0.1927,0.8973,0.9731,0.0803,0.0303
5,4,3,8,0.4176,0.7684,0.9233,0.2930,0.0237
5,4,3,9,0.2277,0.7649,0.9736,0.0845,0.0118
5,4,3,10,0.1651,0.7657,0.9967,0.0263,0.0148
5,4,3,11,0.2071,0.8802,0.9762,0.0840,0.0185
5,4,4,0,0.2154,0.8759,0.9868,0.0799,0.0148
5,4,4,1,0.1917,0.8721,0.9867,0.0519,0.0080
5,4,4,2,0.3131,0.7499,0.9437,0.1283,0.0368
5,4,4,3,0.2477,0.8233,0.9663,0.1098,0.0055
5,4,4,4,0.1987,0.8956,0.9784,0.0703,0.0174
5,4,4,5,0.2721,0.8027,0.9995,0.0593,0.0478
5,4,4,6,0.1994,0.8956,0.9686,0.0802,0.0231
5,4,4,7,0.2077,0.8267,0.9853,0.0710,0.0123
5,4,4,8,0.3046,0.7892,0.9853,0.1195,0.0357
5,4,4,9,0.1949,0.8888,0.9782,0.0787,0.0279
5,4,4,10,0.2901,0.8160,0.9570,0.0920,0.0391
5,4,4,11,0.3055,0.8729,0.9255,0.1259,0.0330
5,4,5,0,0.9453,0.9680,0.9853,0.9349,0.0161
5,4,5,1,0.8871,0.9121,0.9765,0.8667,0.0292
5,4,5,2,0.8671,0.9166,0.9420,0.8544,0.0434
5,4,5,3,0.9046,0.9405,0.9776,0.8876,0.0263
5,4,5,4,1.0000,1.0000,1.0000,1.0000,0.0000
5,4,5,5,0.8917,0.9307,0.9484,0.8751,0.0320
5,4,5,6,0.8718,0.9256,0.9282,0.8516,0.0369
5,4,5,7,0.8968,0.9276,0.9937,0.8766,0.0170
5,4,5,8,0.6888,0.7934,0.9594,0.6148,0.0454
5,4,5,9,0.7908,0.8598,0.9389,0.7600,0.0501
5,4,5,10,0.8779,0.9140,0.9851,0.8551,0.0300
5,4,5,11,0.9265,0.9457,0.9962,0.9123,0.0133
5,5,0,0,0.4085,0.4953,0.9962,-0.0179,0.0445
5,5,0,1,0.2937,0.4685,0.8444,0.0240,0.0270
5,5,0,2,0.1620,0.2974,0.8407,-0.0098,0.0531
5,5,0,3,0.1763,0.2822,0.9769,-0.0559,0.0214
5,5,0,4,0.3768,0.5120,0.9969,0.0815,0.0407
5,5,0,5,0.4715,0.6114,0.9157,0.2620,0.0173
5,5,0,6,0.3010,0.3941,0.9659,-0.0660,0.0365
5,5,0,7,0.2765,0.3947,0.8858,0.0246,0.0161
5,5,0,8,0.3935,0.5630,0.9969,0.1595,0.0082
5,5,0,9,0.1786,0.2365,0.9648,-0.0665,0.0183
5,5,0,10,0.2397,0.4579,0.8152,0.0639,0.0378
5,5,0,11,0.2696,0.3923,0.9948,-0.0441,0.0203
5,5,1,0,0.1918,0.4488,0.7837,0.0554,0.0741
5,5,1,1,0.2432,0.3702,0.9714,-0.0066,0.0134
5,5,1,2,0.4088,0.5487,1.0000,0.1856,0.0104
5,5,1,3,0.4260,0.5198,0.9988,0.1751,0.0245
5,5,1,4,0.2446,0.3565,0.9928,-0.0045,0.0158
5,5,1,5,0.4580,0.5151,0.9995,0.2391,0.0153
5,5,1,6,0.2678,0.4034,0.9052,0.0738,0.0235
5,5,1,7,0.3652,0.4364,0.9910,0.0720,0.0320
5,5,1,8,0.3258,0.4653,0.9625,0.1111,0.0201
5,5,1,9,0.2090,0.4596,0.7805,0.0740,0.0720
5,5,1,10,0.2077,0.3037,0.9750,-0.0711,0.0182
5,5,1,11,0.3277,0.3970,0.9926,0.0739,0.0168
5,5,2,0,0.4594,0.8921,0.9810,0.3082,0.0211
5,5,2,1,0.5830,0.7171,0.9994,0.3660,0.0423
5,5,2,2,0.5012,0.8451,0.9994,0.3300,0.0150
5,5,2,3,0.4423,0.8995,0.9900,0.3407,0.0559
5,5,2,4,0.4837,0.8122,0.9990,0.2984,0.0221
5,5,2,5,0.3240,0.6164,0.9437,0.1631,0.0319
5,5,2,6,0.4660,0.8228,0.9969,0.3299,0.0271
5,5,2,7,0.4181,0.8332,0.9767,0.2882,0.0401
5,5,2,8,0.4832,0.8839,0.9929,0.3438,0.0236
5,5,2,9,0.5200,0.8830,1.0000,0.3629,0.0157
5,5,2,10,0.4123,0.7099,0.9907,0.2204,0.0164
5,5,2,11,0.3982,0.7977,0.9296,0.2464,0.0278
5,5,3,0,0.4953,0.8448,0.9993,0.3576,0.0238
5,5,3,1,0.4369,0.8810,0.9772,0.3036,0.0318
5,5,3,2,0.4333,0.8818,0.9650,0.3130,0.0431
5,5,3,3,0.4368,0.8715,0.9919,0.3270,0.0542
5,5,3,4,0.3196,0.6115,0.9477,0.1689,0.0391
5,5,3,5,0.4620,0.8614,0.9893,0.2567,0.0226
5,5,3,6,0.4344,0.9039,0.9923,0.3414,0.0672
5,5,3,7,0.4399,0.9064,0.9960,0.3424,0.0616
5,5,3,8,0.5928,0.8578,0.9974,0.4702,0.0144
5,5,3,9,0.4447,0.8163,0.9958,0.3034,0.0261
5,5,3,10,0.3880,0.8129,0.9194,0.2504,0.0397
5,5,3,11,0.4454,0.9121,0.9946,0.3333,0.0491
5,5,4,0,0.4672,0.9091,0.9872,0.3440,0.0375
5,5,4,1,0.4546,0.8980,0.9874,0.3278,0.0380
5,5,4,2,0.5215,0.8331,0.9999,0.3323,0.0162
5,5,4,3,0.4813,0.8510,0.9981,0.3520,0.0313
5,5,4,4,0.4586,0.9082,0.9934,0.3449,0.0499
5,5,4,5,0.4675,0.8489,0.9580,0.2382,0.0297
5,5,4,6,0.4649,0.8921,0.9975,0.3638,0.0553
5,5,4,7,0.4590,0.8951,0.9886,0.3336,0.0341
5,5,4,8,0.5475,0.8143,0.9886,0.3708,0.0105
5,5,4,9,0.4470,0.8986,0.9936,0.3461,0.0600
5,5,4,10,0.5121,0.8839,0.9996,0.3119,0.0208
5,5,4,11,0.5472,0.9052,0.9978,0.3761,0.0214
5,5,5,0,0.9426,0.9616,0.9886,0.9362,0.0265
5,5,5,1,0.9437,0.9605,0.9944,0.9246,0.0051
5,5,5,2,0.9267,0.9620,0.9998,0.8982,0.0134
5,5,5,3,0.9298,0.9580,0.9939,0.9075,0.0097
5,5,5,4,0.8917,0.9307,0.9484,0.8751,0.0320
5,5,5,5,1.0000,1.0000,1.0000,1.0000,0.0000
5,5,5,6,0.9422,0.9590,0.9983,0.9199,0.0108
5,5,5,7,0.9201,0.9351,0.9779,0.9017,0.0165
5,5,5,8,0.8315,0.8780,0.9993,0.7627,0.0157
5,5,5,9,0.8960,0.9364,0.9996,0.8562,0.0209
5,5,5,10,0.9432,0.9557,0.9888,0.9239,0.0088
5,5,5,11,0.9250,0.9423,0.9724,0.9108,0.0222
5,6,0,0,0.4302,0.5095,0.9996,-0.0002,0.0448
5,6,0,1,0.3344,0.4765,0.8115,0.0696,0.0335
5,6,0,2,0.1882,0.3212,0.8075,0.0164,0.0577
5,6,0,3,0.1737,0.2926,0.9627,-0.0687,0.0259
5,6,0,4,0.3918,0.5436,0.9906,0.0903,0.0416
5,6,0,5,0.4920,0.6398,0.8905,0.2818,0.0211
5,6,0,6,0.3179,0.4038,0.9491,-0.0565,0.0396
5,6,0,7,0.3055,0.4432,0.8571,0.0538,0.0224
5,6,0,8,0.3909,0.5667,0.9906,0.1459,0.0127
5,6,0,9,0.2122,0.2732,0.9477,-0.0321,0.0209
5,6,0,10,0.2009,0.4553,0.7799,0.0080,0.0426
5,6,0,11,0.3034,0.4352,0.9871,-0.0087,0.0241
5,6,1,0,0.1471,0.4300,0.7459,-0.0048,0.0785
5,6,1,1,0.2710,0.3917,0.9558,0.0207,0.0190
5,6,1,2,0.4834,0.5830,0.9988,0.2801,0.0143
5,6,1,3,0.4954,0.5719,1.0000,0.2650,0.0265
5,6,1,4,0.2746,0.3953,0.9841,0.0257,0.0228
5,6,1,5,0.5177,0.5707,0.9960,0.3144,0.0204
5,6,1,6,0.2251,0.3662,0.8788,0.0110,0.0325
5,6,1,7,0.4201,0.4752,0.9971,0.1405,0.0346
5,6,1,8,0.3501,0.4965,0.9449,0.1352,0.0275
5,6,1,9,0.1549,0.4380,0.7425,0.0025,0.0765
5,6,1,10,0.2211,0.3102,0.9602,-0.0643,0.0230
5,6,1,11,0.3564,0.4318,0.9838,0.1032,0.0229
5,6,2,0,0.5073,0.8803,0.9679,0.3658,0.0257
5,6,2,1,0.6012,0.7448,0.9958,0.3824,0.0439
5,6,2,2,0.5871,0.8786,0.9957,0.4402,0.0249
5,6,2,3,0.5119,0.9024,0.9800,0.4255,0.0602
5,6,2,4,0.5470,0.8445,0.9946,0.3779,0.0256
5,6,2,5,0.2802,0.6011,0.9226,0.1014,0.0366
5,6,2,6,0.4859,0.8051,0.9905,0.3513,0.0319
5,6,2,7,0.4614,0.8227,0.9624,0.3393,0.0431
5,6,2,8,0.5521,0.8911,0.9842,0.4291,0.0311
5,6,2,9,0.5724,0.8834,0.9983,0.4275,0.0238
5,6,2,10,0.4259,0.6875,0.9811,0.2313,0.0219
5,6,2,11,0.4277,0.7800,0.9064,0.2794,0.0280
5,6,3,0,0.5520,0.8239,0.9955,0.4273,0.0314
5,6,3,1,0.5206,0.8708,0.9631,0.4067,0.0363
5,6,3,2,0.4875,0.8711,0.9480,0.3783,0.0466
5,6,3,3,0.5029,0.8487,0.9827,0.4073,0.0589
5,6,3,4,0.3014,0.5875,0.9274,0.1408,0.0434
5,6,3,5,0.4957,0.8480,0.9790,0.2950,0.0234
5,6,3,6,0.5181,0.8999,0.9833,0.4436,0.0722
5,6,3,7,0.5250,0.9016,0.9890,0.4465,0.0665
5,6,3,8,0.6420,0.8825,0.9999,0.5316,0.0214
5,6,3,9,0.4741,0.7950,0.9886,0.3368,0.0309
5,6,3,10,0.4163,0.7712,0.8948,0.2820,0.0440
5,6,3,11,0.5274,0.8986,0.9868,0.4339,0.0534
5,6,4,0,0.5138,0.8919,0.9761,0.4000,0.0422
5,6,4,1,0.5143,0.8719,0.9764,0.4004,0.0424
5,6,4,2,0.5776,0.8214,0.9990,0.4032,0.0216
5,6,4,3,0.5341,0.8443,0.9927,0.4162,0.0357
5,6,4,4,0.5383,0.8931,0.9850,0.4430,0.0542
5,6,4,5,0.4904,0.8392,0.9396,0.2610,0.0305
5,6,4,6,0.5477,0.9024,0.9916,0.4654,0.0596
5,6,4,7,0.4907,0.8467,0.9781,0.3704,0.0384
5,6,4,8,0.5767,0.7949,0.9781,0.4042,0.0175
5,6,4,9,0.5231,0.8932,0.9853,0.4390,0.0647
5,6,4,10,0.5818,0.8671,0.9962,0.4025,0.0221
5,6,4,11,0.6408,0.9149,1.0000,0.4993,0.0244
5,6,5,0,0.9433,0.9637,0.9781,0.9396,0.0300
5,6,5,1,0.9528,0.9676,0.9866,0.9371,0.0129
5,6,5,2,0.9244,0.9544,0.9992,0.8919,0.0132
5,6,5,3,0.9283,0.9476,0.9857,0.9057,0.0158
5,6,5,4,0.8718,0.9256,0.9282,0.8516,0.0369
5,6,5,5,0.9422,0.9590,0.9983,0.9199,0.0108
5,6,5,6,1.0000,1.0000,1.0000,1.0000,0.0000
5,6,5,7,0.9253,0.9481,0.9640,0.9099,0.0222
5,6,5,8,0.8037,0.8655,0.9955,0.7190,0.0185
5,6,5,9,0.8631,0.9084,0.9996,0.8007,0.0214
5,6,5,10,0.9519,0.9629,0.9784,0.9359,0.0138
5,6,5,11,0.9316,0.9558,0.9570,0.9215,0.0275
5,7,0,0,0.3563,0.4620,0.9559,0.0099,0.0589
5,7,0,1,0.2833,0.4900,0.9377,0.0670,0.0322
5,7,0,2,0.1445,0.3212,0.9353,0.0020,0.0367
5,7,0,3,0.1072,0.2960,1.0000,-0.0949,0.0116
5,7,0,4,0.2964,0.5245,0.9913,0.0364,0.0511
5,7,0,5,0.5073,0.6804,0.9795,0.3563,0.0281
5,7,0,6,0.2328,0.3612,0.9987,-0.0823,0.0484
5,7,0,7,0.2630,0.4337,0.9632,0.0589,0.0208
5,7,0,8,0.2967,0.5229,0.9913,0.0826,0.0215
5,7,0,9,0.1342,0.2084,0.9984,-0.0727,0.0162
5,7,0,10,0.1235,0.4513,0.9183,-0.0420,0.0207
5,7,0,11,0.1758,0.3778,0.9941,-0.1042,0.0328
5,7,1,0,0.0844,0.4259,0.8962,-0.0448,0.0568
5,7,1,1,0.1683,0.3380,0.9996,-0.0509,0.0186
5,7,1,2,0.3515,0.5163,0.9760,0.1584,0.0211
5,7,1,3,0.3590,0.4756,0.9663,0.1410,0.0354
5,7,1,4,0.1754,0.3611,0.9959,-0.0417,0.0198
5,7,1,5,0.4234,0.5093,0.9839,0.2421,0.0277
5,7,1,6,0.2115,0.3664,0.9740,0.0424,0.0189
5,7,1,7,0.3041,0.3861,0.9411,0.0536,0.0434
5,7,1,8,0.2830,0.4806,0.9979,0.1003,0.0225
5,7,1,9,0.0953,0.4418,0.8939,-0.0341,0.0548
5,7,1,10,0.1686,0.2912,0.9999,-0.0643,0.0211
5,7,1,11,0.2659,0.3691,0.9961,0.0466,0.0238
5,7,2,0,0.3321,0.8792,0.9999,0.1795,0.0132
5,7,2,1,0.4638,0.7226,0.9844,0.2525,0.0544
5,7,2,2,0.3998,0.8462,0.9845,0.2359,0.0219
5,7,2,3,0.3108,0.8852,0.9976,0.2002,0.0385
5,7,2,4,0.3604,0.8127,0.9864,0.1785,0.0279
5,7,2,5,0.2139,0.6189,0.9920,0.0601,0.0163
5,7,2,6,0.3222,0.8156,0.9914,0.1790,0.0130
5,7,2,7,0.2834,0.8305,1.0000,0.1487,0.0244
5,7,2,8,0.3635,0.8472,0.9959,0.2223,0.0179
5,7,2,9,0.3845,0.8584,0.9779,0.2231,0.0172
5,7,2,10,0.2923,0.7093,0.9972,0.1075,0.0196
5,7,2,11,0.2747,0.7863,0.9861,0.1241,0.0152
5,7,3,0,0.3863,0.8261,0.9849,0.2486,0.0160
5,7,3,1,0.3241,0.8426,1.0000,0.1904,0.0156
5,7,3,2,0.3065,0.8563,0.9985,0.1813,0.0264
5,7,3,3,0.3180,0.8477,0.9965,0.2030,0.0372
5,7,3,4,0.1943,0.6247,0.9935,0.0464,0.0237
5,7,3,5,0.3239,0.8534,0.9979,0.1203,0.0310
5,7,3,6,0.3138,0.8889,0.9963,0.2126,0.0502
5,7,3,7,0.3241,0.8868,0.9927,0.2197,0.0444
5,7,3,8,0.4711,0.8181,0.9604,0.3414,0.0119
5,7,3,9,0.3107,0.8104,0.9930,0.1656,0.0108
5,7,3,10,0.2835,0.7824,0.9813,0.1490,0.0231
5,7,3,11,0.3470,0.8667,0.9943,0.2336,0.0321
5,7,4,0,0.3208,0.8881,0.9987,0.1882,0.0204
5,7,4,1,0.3364,0.8774,0.9987,0.2067,0.0209
5,7,4,2,0.3997,0.7982,0.9748,0.2139,0.0272
5,7,4,3,0.3498,0.8543,0.9890,0.2146,0.0148
5,7,4,4,0.3343,0.8732,0.9954,0.2145,0.0326
5,7,4,5,0.3214,0.8507,0.9968,0.0927,0.0393
5,7,4,6,0.3478,0.8831,0.9903,0.2396,0.0380
5,7,4,7,0.3212,0.8506,0.9982,0.1887,0.0178
5,7,4,8,0.4349,0.7872,0.9982,0.2626,0.0233
5,7,4,9,0.3178,0.8853,0.9953,0.2080,0.0429
5,7,4,10,0.3844,0.8099,0.9835,0.1872,0.0298
5,7,4,11,0.4360,0.8506,0.9620,0.2688,0.0281
5,7,5,0,0.9558,0.9587,0.9982,0.9466,0.0145
5,7,5,1,0.9535,0.9674,0.9945,0.9431,0.0138
5,7,5,2,0.9167,0.9390,0.9736,0.9061,0.0286
5,7,5,3,0.9103,0.9232,0.9950,0.8876,0.0118
5,7,5,4,0.8968,0.9276,0.9937,0.8766,0.0170
5,7,5,5,0.9201,0.9351,0.9779,0.9017,0.0165
5,7,5,6,0.9253,0.9481,0.9640,0.9099,0.0222
5,7,5,7,1.0000,1.0000,1.0000,1.0000,0.0000
5,7,5,8,0.8152,0.8964,0.9849,0.7652,0.0300
5,7,5,9,0.8496,0.9052,0.9715,0.8213,0.0358
5,7,5,10,0.9391,0.9586,0.9981,0.9247,0.0147
5,7,5,11,0.9817,0.9852,0.9997,0.9777,0.0084
5,8,0,0,0.4837,0.5436,0.9923,0.0662,0.0361
5,8,0,1,0.3518,0.5237,0.8634,0.0763,0.0204
5,8,0,2,0.2373,0.4669,0.8600,0.0689,0.0659
5,8,0,3,0.2349,0.4355,0.9841,-0.0029,0.0352
5,8,0,4,0.3892,0.6199,0.9991,0.0637,0.0331
5,8,0,5,0.6046,0.7503,0.9298,0.4298,0.0095
5,8,0,6,0.4187,0.4813,0.9747,0.0771,0.0245
5,8,0,7,0.3814,0.5159,0.9022,0.1429,0.0170
5,8,0,8,0.3210,0.5454,0.9991,0.0292,0.0114
5,8,0,9,0.2981,0.3131,0.9737,0.0678,0.0267
5,8,0,10,0.2049,0.5533,0.8359,0.0012,0.0496
5,8,0,11,0.3152,0.4874,0.9979,-0.0135,0.0154
5,8,1,0,0.1387,0.5390,0.8059,-0.0245,0.0858
5,8,1,1,0.3123,0.4608,0.9795,0.0611,0.0228
5,8,1,2,0.4495,0.5769,0.9990,0.2185,0.0125
5,8,1,3,0.4090,0.5212,0.9963,0.1192,0.0144
5,8,1,4,0.2868,0.4670,0.9965,0.0262,0.0219
5,8,1,5,0.4964,0.5611,1.0000,0.2693,0.0083
5,8,1,6,0.5333,0.5706,0.9202,0.4051,0.0334
5,8,1,7,0.3775,0.4507,0.9854,0.0547,0.0210
5,8,1,8,0.3606,0.5609,0.9718,0.1360,0.0195
5,8,1,9,0.1542,0.5563,0.8029,-0.0076,0.0837
5,8,1,10,0.2518,0.3461,0.9824,-0.0407,0.0192
5,8,1,11,0.3117,0.3957,0.9964,0.0225,0.0123
5,8,2,0,0.4449,0.8221,0.9874,0.2753,0.0323
5,8,2,1,0.5515,0.7711,1.0000,0.2799,0.0330
5,8,2,2,0.5041,0.8217,1.0000,0.3165,0.0200
5,8,2,3,0.4342,0.8273,0.9945,0.3245,0.0675
5,8,2,4,0.4588,0.7836,1.0000,0.2435,0.0200
5,8,2,5,0.2855,0.6212,0.9551,0.0979,0.0427
5,8,2,6,0.4427,0.8267,0.9991,0.2880,0.0385
5,8,2,7,0.4140,0.8450,0.9839,0.2726,0.0532
5,8,2,8,0.4397,0.7922,0.9966,0.2743,0.0343
5,8,2,9,0.4967,0.8630,0.9993,0.3155,0.0225
5,8,2,10,0.4282,0.7908,0.9950,0.2225,0.0161
5,8,2,11,0.3779,0.7732,0.9425,0.2063,0.0406
5,8,3,0,0.4849,0.8355,1.0000,0.3322,0.0340
5,8,3,1,0.4090,0.7679,0.9843,0.2564,0.0432
5,8,3,2,0.3989,0.7928,0.9740,0.2598,0.0560
5,8,3,3,0.4222,0.8120,0.9959,0.3010,0.0664
5,8,3,4,0.3378,0.7594,0.9588,0.1789,0.0520
5,8,3,5,0.4517,0.8543,0.9940,0.2188,0.0202
5,8,3,6,0.4106,0.7986,0.9962,0.3065,0.0790
5,8,3,7,0.4314,0.8054,0.9986,0.3262,0.0731
5,8,3,8,0.5197,0.8123,0.9941,0.3612,0.0225
5,8,3,9,0.4486,0.8312,0.9985,0.2966,0.0387
5,8,3,10,0.3635,0.7348,0.9332,0.2072,0.0523
5,8,3,11,0.4620,0.8093,0.9977,0.3472,0.0618
5,8,4,0,0.4824,0.8647,0.9924,0.3547,0.0492
5,8,4,1,0.4397,0.8198,0.9925,0.2987,0.0499
5,8,4,2,0.5128,0.8285,0.9987,0.2979,0.0194
5,8,4,3,0.4671,0.8434,0.9997,0.3233,0.0440
5,8,4,4,0.4379,0.8022,0.9970,0.3106,0.0613
5,8,4,5,0.4693,0.8534,0.9679,0.2130,0.0259
5,8,4,6,0.4520,0.8107,0.9994,0.3414,0.0669
5,8,4,7,0.4617,0.8532,0.9935,0.3277,0.0452
5,8,4,8,0.5901,0.8107,0.9935,0.4119,0.0148
5,8,4,9,0.4192,0.8145,0.9971,0.3047,0.0715
5,8,4,10,0.5114,0.7936,1.0000,0.2871,0.0210
5,8,4,11,0.5218,0.7861,0.9948,0.3211,0.0264
5,8,5,0,0.7708,0.8446,0.9935,0.7158,0.0379
5,8,5,1,0.8321,0.9013,0.9976,0.7703,0.0170
5,8,5,2,0.8685,0.9019,0.9984,0.8041,0.0147
5,8,5,3,0.7791,0.8340,0.9973,0.7012,0.0199
5,8,5,4,0.6888,0.7934,0.9594,0.6148,0.0454
5,8,5,5,0.8315,0.8780,0.9993,0.7627,0.0157
5,8,5,6,0.8037,0.8655,0.9955,0.7190,0.0185
5,8,5,7,0.8152,0.8964,0.9849,0.7652,0.0300
5,8,5,8,1.0000,1.0000,1.0000,1.0000,0.0000
5,8,5,9,0.8596,0.9111,0.9979,0.7866,0.0156
5,8,5,10,0.8225,0.8912,0.9936,0.7569,0.0160
5,8,5,11,0.8040,0.8802,0.9803,0.7552,0.0352
5,9,0,0,0.4924,0.5849,0.9983,-0.0237,0.0243
5,9,0,1,0.3452,0.5443,0.8286,0.0185,0.0179
5,9,0,2,0.2141,0.3938,0.8248,0.0127,0.0713
5,9,0,3,0.2161,0.3727,0.9704,-0.0689,0.0411
5,9,0,4,0.4436,0.6218,0.9942,0.0904,0.0223
5,9,0,5,0.5206,0.6983,0.9037,0.2732,0.0101
5,9,0,6,0.3412,0.4891,0.9580,-0.1242,0.0212
5,9,0,7,0.3253,0.4722,0.8721,0.0207,0.0195
5,9,0,8,0.3651,0.5875,0.9943,0.0450,0.0163
5,9,0,9,0.2331,0.2991,0.9568,-0.0624,0.0317
5,9,0,10,0.2468,0.5139,0.7982,0.0263,0.0551
5,9,0,11,0.3284,0.4587,0.9914,-0.0529,0.0124
5,9,1,0,0.1833,0.4895,0.7655,0.0089,0.0899
5,9,1,1,0.2974,0.4251,0.9642,-0.0025,0.0315
5,9,1,2,0.4173,0.5720,0.9998,0.1313,0.0224
5,9,1,3,0.4297,0.5569,0.9998,0.0987,0.0089
5,9,1,4,0.3012,0.4384,0.9889,0.0033,0.0248
5,9,1,5,0.5264,0.5832,0.9982,0.2767,0.0132
5,9,1,6,0.3553,0.4813,0.8926,0.1433,0.0369
5,9,1,7,0.3842,0.4791,0.9944,0.0048,0.0150
5,9,1,8,0.3669,0.5295,0.9543,0.1096,0.0230
5,9,1,9,0.1967,0.5039,0.7622,0.0238,0.0878
5,9,1,10,0.2530,0.3670,0.9681,-0.0900,0.0192
5,9,1,11,0.3436,0.4307,0.9887,0.0200,0.0198
5,9,2,0,0.4814,0.8732,0.9750,0.3049,0.0379
5,9,2,1,0.6589,0.8189,0.9981,0.4076,0.0235
5,9,2,2,0.5369,0.8657,0.9980,0.3372,0.0211
5,9,2,3,0.4396,0.8388,0.9855,0.3236,0.0717
5,9,2,4,0.5238,0.8381,0.9973,0.3062,0.0168
5,9,2,5,0.3311,0.6094,0.9337,0.1332,0.0479
5,9,2,6,0.4341,0.8026,0.9942,0.2573,0.0433
5,9,2,7,0.4157,0.8202,0.9701,0.2593,0.0596
5,9,2,8,0.4852,0.8267,0.9890,0.3175,0.0384
5,9,2,9,0.5341,0.8811,0.9996,0.3445,0.0267
5,9,2,10,0.4167,0.7401,0.9864,0.1745,0.0233
5,9,2,11,0.4161,0.7832,0.9187,0.2366,0.0477
5,9,3,0,0.4927,0.8490,0.9979,0.3253,0.0380
5,9,3,1,0.4456,0.8323,0.9707,0.2889,0.0482
5,9,3,2,0.4336,0.8355,0.9571,0.2922,0.0605
5,9,3,3,0.4244,0.8437,0.9878,0.2932,0.0700
5,9,3,4,0.3317,0.6701,0.9382,0.1498,0.0577
5,9,3,5,0.5228,0.9047,0.9847,0.2878,0.0148
5,9,3,6,0.4153,0.8284,0.9883,0.3056,0.0835
5,9,3,7,0.4325,0.8420,0.9930,0.3206,0.0776
5,9,3,8,0.5787,0.8342,0.9991,0.4264,0.0267
5,9,3,9,0.4489,0.8125,0.9927,0.2791,0.0430
5,9,3,10,0.4137,0.7929,0.9077,0.2567,0.0577
5,9,3,11,0.4506,0.8437,0.9912,0.3228,0.0654
5,9,4,0,0.4621,0.8643,0.9822,0.3148,0.0533
5,9,4,1,0.4485,0.8491,0.9824,0.2956,0.0543
5,9,4,2,0.5320,0.8537,0.9999,0.2914,0.0152
5,9,4,3,0.4560,0.8300,0.9959,0.2919,0.0480
5,9,4,4,0.4453,0.8358,0.9897,0.3087,0.0655
5,9,4,5,0.5224,0.8789,0.9494,0.2503,0.0136
5,9,4,6,0.4466,0.8281,0.9950,0.3261,0.0708
5,9,4,7,0.4559,0.8664,0.9839,0.3062,0.0497
5,9,4,8,0.5648,0.8021,0.9839,0.3453,0.0157
5,9,4,9,0.4169,0.8303,0.9899,0.2921,0.0758
5,9,4,10,0.5486,0.8668,0.9984,0.3060,0.0136
5,9,4,11,0.5752,0.8743,0.9993,0.3698,0.0205
5,9,5,0,0.8460,0.9017,0.9839,0.8287,0.0461
5,9,5,1,0.8885,0.9339,0.9910,0.8539,0.0229
5,9,5,2,0.9429,0.9644,1.0000,0.9115,0.0092
5,9,5,3,0.8991,0.9314,0.9903,0.8749,0.0266
5,9,5,4,0.7908,0.8598,0.9389,0.7600,0.0501
5,9,5,5,0.8960,0.9364,0.9996,0.8562,0.0209
5,9,5,6,0.8631,0.9084,0.9996,0.8007,0.0214
5,9,5,7,0.8496,0.9052,0.9715,0.8213,0.0358
5,9,5,8,0.8596,0.9111,0.9979,0.7866,0.0156
5,9,5,9,1.0000,1.0000,1.0000,1.0000,0.0000
5,9,5,10,0.8787,0.9183,0.9841,0.8395,0.0212
5,9,5,11,0.8521,0.9052,0.9653,0.8313,0.0394
5,10,0,0,0.3932,0.4926,0.9720,-0.0074,0.0455
5,10,0,1,0.2966,0.5106,0.9148,0.0460,0.0227
5,10,0,2,0.1794,0.3720,0.9120,0.0218,0.0507
5,10,0,3,0.1442,0.3288,0.9978,-0.0819,0.0197
5,10,0,4,0.3384,0.5748,0.9975,0.0470,0.0386
5,10,0,5,0.5026,0.6860,0.9653,0.3193,0.0145
5,10,0,6,0.2813,0.3967,0.9937,-0.0690,0.0362
5,10,0,7,0.2852,0.4634,0.9451,0.0526,0.0119
5,10,0,8,0.3186,0.5912,0.9975,0.0735,0.0091
5,10,0,9,0.1625,0.2532,0.9932,-0.0714,0.0146
5,10,0,10,0.1625,0.5065,0.8924,-0.0211,0.0345
5,10,0,11,0.2289,0.4379,0.9989,-0.0798,0.0198
5,10,1,0,0.1240,0.4786,0.8675,-0.0184,0.0701
5,10,1,1,0.2212,0.3820,0.9959,-0.0192,0.0178
5,10,1,2,0.3852,0.5481,0.9875,0.1686,0.0127
5,10,1,3,0.3924,0.5109,0.9802,0.1457,0.0217
5,10,1,4,0.2175,0.4188,0.9996,-0.0240,0.0105
5,10,1,5,0.4230,0.5080,0.9930,0.2061,0.0141
5,10,1,6,0.2323,0.3947,0.9584,0.0408,0.0203
5,10,1,7,0.3446,0.4376,0.9600,0.0635,0.0297
5,10,1,8,0.2906,0.4953,0.9922,0.0789,0.0152
5,10,1,9,0.1361,0.4916,0.8649,-0.0059,0.0680
5,10,1,10,0.1850,0.3114,0.9972,-0.0828,0.0110
5,10,1,11,0.2746,0.3962,0.9996,0.0191,0.0142
5,10,2,0,0.3860,0.8953,0.9990,0.2233,0.0168
5,10,2,1,0.5381,0.7611,0.9933,0.3166,0.0415
5,10,2,2,0.4459,0.8644,0.9934,0.2679,0.0135
5,10,2,3,0.3743,0.8921,1.0000,0.2620,0.0516
5,10,2,4,0.4292,0.8552,0.9946,0.2377,0.0166
5,10,2,5,0.2176,0.6397,0.9824,0.0401,0.0273
5,10,2,6,0.3770,0.7927,0.9975,0.2252,0.0227
5,10,2,7,0.3464,0.8309,0.9978,0.2059,0.0376
5,10,2,8,0.4067,0.8932,0.9996,0.2545,0.0194
5,10,2,9,0.4421,0.8775,0.9888,0.2705,0.0130
5,10,2,10,0.3414,0.6945,0.9999,0.1399,0.0116
5,10,2,11,0.3206,0.8073,0.9742,0.1576,0.0261
5,10,3,0,0.4347,0.8181,0.9936,0.2882,0.0192
5,10,3,1,0.3725,0.8726,0.9979,0.2302,0.0283
5,10,3,2,0.3535,0.8676,0.9933,0.2204,0.0402
5,10,3,3,0.3714,0.8388,0.9998,0.2519,0.0500
5,10,3,4,0.2387,0.6164,0.9847,0.0775,0.0365
5,10,3,5,0.3799,0.8752,1.0000,0.1592,0.0188
5,10,3,6,0.3706,0.8824,0.9997,0.2678,0.0637
5,10,3,7,0.3800,0.8836,0.9982,0.2734,0.0580
5,10,3,8,0.5129,0.8703,0.9756,0.3739,0.0085
5,10,3,9,0.3606,0.7938,0.9984,0.2053,0.0225
5,10,3,10,0.3037,0.8008,0.9678,0.1533,0.0369
5,10,3,11,0.3917,0.8805,0.9990,0.2724,0.0454
5,10,4,0,0.3785,0.8982,0.9999,0.2397,0.0332
5,10,4,1,0.3825,0.8748,1.0000,0.2444,0.0341
5,10,4,2,0.4592,0.8153,0.9866,0.2601,0.0175
5,10,4,3,0.4054,0.8255,0.9962,0.2635,0.0277
5,10,4,4,0.3927,0.8734,0.9994,0.2690,0.0455
5,10,4,5,0.3730,0.8716,0.9900,0.1217,0.0268
5,10,4,6,0.4095,0.8750,0.9969,0.3001,0.0510
5,10,4,7,0.3588,0.8563,1.0000,0.2153,0.0301
5,10,4,8,0.4785,0.7935,1.0000,0.2890,0.0116
5,10,4,9,0.3774,0.8763,0.9993,0.2653,0.0559
5,10,4,10,0.4487,0.8658,0.9927,0.2384,0.0175
5,10,4,11,0.4940,0.8740,0.9769,0.3158,0.0202
5,10,5,0,0.9502,0.9582,1.0000,0.9428,0.0246
5,10,5,1,0.9696,0.9793,0.9990,0.9597,0.0057
5,10,5,2,0.9229,0.9450,0.9857,0.8986,0.0149
5,10,5,3,0.9395,0.9499,0.9992,0.9206,0.0083
5,10,5,4,0.8779,0.9140,0.9851,0.8551,0.0300
5,10,5,5,0.9432,0.9557,0.9888,0.9239,0.0088
5,10,5,6,0.9519,0.9629,0.9784,0.9359,0.0138
5,10,5,7,0.9391,0.9586,0.9981,0.9247,0.0147
5,10,5,8,0.8225,0.8912,0.9936,0.7569,0.0160
5,10,5,9,0.8787,0.9183,0.9841,0.8395,0.0212
5,10,5,10,1.0000,1.0000,1.0000,1.0000,0.0000
5,10,5,11,0.9648,0.9742,0.9963,0.9594,0.0196
5,11,0,0,0.3377,0.4494,0.9482,-0.0032,0.0619
5,11,0,1,0.2464,0.4704,0.9461,0.0284,0.0354
5,11,0,2,0.1558,0.3079,0.9439,0.0206,0.0314
5,11,0,3,0.1061,0.2840,0.9998,-0.0881,0.0124
5,11,0,4,0.2794,0.5106,0.9877,0.0247,0.0535
5,11,0,5,0.4915,0.6614,0.9842,0.3431,0.0320
5,11,0,6,0.2142,0.3493,0.9997,-0.0952,0.0520
5,11,0,7,0.2629,0.4201,0.9696,0.0674,0.0226
5,11,0,8,0.2879,0.5256,0.9877,0.0804,0.0261
5,11,0,9,0.1175,0.1999,0.9995,-0.0849,0.0184
5,11,0,10,0.1270,0.4348,0.9279,-0.0314,0.0178
5,11,0,11,0.1716,0.3738,0.9911,-0.0980,0.0360
5,11,1,0,0.0971,0.4116,0.9070,-0.0252,0.0513
5,11,1,1,0.1658,0.3348,1.0000,-0.0451,0.0235
5,11,1,2,0.3330,0.5047,0.9703,0.1430,0.0264
5,11,1,3,0.3429,0.4654,0.9596,0.1294,0.0385
5,11,1,4,0.1699,0.3525,0.9933,-0.0397,0.0215
5,11,1,5,0.4008,0.4940,0.9791,0.2209,0.0317
5,11,1,6,0.1848,0.3491,0.9794,0.0167,0.0184
5,11,1,7,0.2921,0.3827,0.9324,0.0486,0.0460
5,11,1,8,0.2597,0.4544,0.9992,0.0788,0.0229
5,11,1,9,0.1091,0.4253,0.9048,-0.0133,0.0492
5,11,1,10,0.1516,0.2741,0.9999,-0.0763,0.0244
5,11,1,11,0.2485,0.3631,0.9935,0.0334,0.0288
5,11,2,0,0.2863,0.8875,0.9992,0.1298,0.0116
5,11,2,1,0.4438,0.7021,0.9797,0.2352,0.0574
5,11,2,2,0.3532,0.8502,0.9798,0.1840,0.0247
5,11,2,3,0.2773,0.9030,0.9956,0.1651,0.0330
5,11,2,4,0.3308,0.8260,0.9819,0.1485,0.0303
5,11,2,5,0.1832,0.6077,0.9948,0.0294,0.0150
5,11,2,6,0.2948,0.8047,0.9878,0.1515,0.0100
5,11,2,7,0.2588,0.8362,0.9998,0.1246,0.0203
5,11,2,8,0.3275,0.8648,0.9933,0.1841,0.0172
5,11,2,9,0.3516,0.8656,0.9724,0.1887,0.0199
5,11,2,10,0.2653,0.6879,0.9951,0.0813,0.0232
5,11,2,11,0.2415,0.7833,0.9900,0.0901,0.0179
5,11,3,0,0.3484,0.8126,0.9802,0.2080,0.0171
5,11,3,1,0.2809,0.8580,0.9998,0.1439,0.0153
5,11,3,2,0.2682,0.8649,0.9996,0.1406,0.0218
5,11,3,3,0.2810,0.8560,0.9942,0.1637,0.0313
5,11,3,4,0.1824,0.6127,0.9960,0.0380,0.0214
5,11,3,5,0.2821,0.8608,0.9960,0.0749,0.0335
5,11,3,6,0.2754,0.9068,0.9938,0.1715,0.0445
5,11,3,7,0.2856,0.9054,0.9894,0.1786,0.0389
5,11,3,8,0.4468,0.8303,0.9532,0.3167,0.0136
5,11,3,9,0.2806,0.8074,0.9897,0.1350,0.0119
5,11,3,10,0.2341,0.7811,0.9858,0.0955,0.0181
5,11,3,11,0.3052,0.8839,0.9914,0.1885,0.0264
5,11,4,0,0.2807,0.9057,0.9972,0.1454,0.0158
5,11,4,1,0.2939,0.8820,0.9971,0.1610,0.0162
5,11,4,2,0.3672,0.7933,0.9689,0.1798,0.0301
5,11,4,3,0.3214,0.8464,0.9850,0.1857,0.0118
5,11,4,4,0.2959,0.8901,0.9927,0.1735,0.0268
5,11,4,5,0.2837,0.8460,0.9985,0.0521,0.0418
5,11,4,6,0.3120,0.8936,0.9866,0.2014,0.0321
5,11,4,7,0.2755,0.8593,0.9964,0.1393,0.0174
5,11,4,8,0.3943,0.7775,0.9964,0.2175,0.0261
5,11,4,9,0.2832,0.8983,0.9925,0.1715,0.0373
5,11,4,10,0.3506,0.8302,0.9786,0.1514,0.0329
5,11,4,11,0.3950,0.8672,0.9549,0.2234,0.0302
5,11,5,0,0.9779,0.9798,0.9964,0.9734,0.0135
5,11,5,1,0.9671,0.9786,0.9916,0.9624,0.0191
5,11,5,2,0.9232,0.9465,0.9676,0.9195,0.0325
5,11,5,3,0.9325,0.9445,0.9922,0.9175,0.0161
5,11,5,4,0.9265,0.9457,0.9962,0.9123,0.0133
5,11,5,5,0.9250,0.9423,0.9724,0.9108,0.0222
5,11,5,6,0.9316,0.9558,0.9570,0.9215,0.0275
5,11,5,7,0.9817,0.9852,0.9997,0.9777,0.0084
5,11,5,8,0.8040,0.8802,0.9803,0.7552,0.0352
5,11,5,9,0.8521,0.9052,0.9653,0.8313,0.0394
5,11,5,10,0.9648,0.9742,0.9963,0.9594,0.0196
5,11,5,11,1.0000,1.0000,1.0000,1.0000,0.0000
